sbn,size,category,symmetry,size_profile,sizes
BB1W1O5Kb021234oDG98I68eYH8b1GC1Uz3ajw144,11,distinct,none,distinct,1 3 5 6 7 9 10 11 17 20 32
BB1W3Ko5EW94lXo3G8S249148W9ofZ4iPHmdXJm0O,11,plain,none,mixed,1 1 1 9 9 12 16 16 17 18 21
BB1W51I8gbWAo70gWr1aXA470aU5GE0Jf2Z69Y3W1,11,plain,none,mixed,1 1 4 5 5 7 12 13 13 30 30
BB1W50C1mYQ8aqpf8n2W81OWY2uH22WBWIIoBzIa2,11,plain,none,mixed,1 1 3 7 8 12 12 15 17 20 25
BB1W50N0H30i090y6aBWMXXIKe2WY4aWf44BAmgIb,11,plain,none,mixed,1 4 6 7 8 8 13 14 16 20 24
BB1W98OXo34Z84Y1844GC0YA98CZ51K3GHZ74G50A,11,plain,none,mixed,1 1 2 5 8 11 15 15 20 20 23
BB1W0e3TD2m7CKnpAJ40G1X1a28GI0mWoXQ4GYG48,11,plain,none,mixed,1 1 2 4 6 7 16 19 20 21 24
BB1W0e8c2KEGt0YCGb87GH08cIHg4OI1O52m2WsAq,11,plain,none,mixed,2 2 3 4 7 8 13 14 15 20 33
BB1W1a79X2Kas63uNWoA8nWmYGHqmcmgHGKWs0O0W,11,plain,none,mixed,1 2 2 2 6 12 13 18 19 22 24
BB1W01a2K8ID18OS1o2q54939Ic6GMWR0X2I9KKva,11,plain,none,mixed,1 2 4 6 7 8 8 13 15 25 32
BB1W128IXE79GAmKYGBHA3H2148I90d3mPHIcCaXa,11,plain,none,mixed,4 5 6 6 8 10 10 13 15 21 23
BB1W9I4cgO82JaY9A4eZ22QO5GM0oNB2YE1W26528,11,plain,none,mixed,1 1 4 5 7 11 13 18 19 19 23
BB1W0Y4Haa9Cuo4aIG5182534CD1GCJGOX1No4uHX,11,plain,none,mixed,1 2 2 8 10 10 12 15 18 20 23
BB1W1G38Mv245C8RHeP1KYWK29BKjSIIUaC5mHK2e,11,plain,none,mixed,3 4 4 6 8 9 12 13 14 20 28
BB1W10c3KSYstTIAYc1O90Q8KSCmr94PWA1N10oKO,11,plain,none,mixed,4 4 5 5 6 9 11 11 13 23 30
BB1W254IFInJqiYvE8Wf2i5023EE2a44XC382WCS8,11,distinct,none,distinct,1 2 3 4 6 12 14 15 20 21 23
BB1W209HDJcu60GpL4eG6WH4LGBncdM8w4eI54oaW,11,plain,none,mixed,1 1 4 4 8 9 9 13 18 27 27
BB1W48GZ25G809eI8WN1N5HK388Wx1e7Wf0k1e8GY,11,plain,none,mixed,1 3 5 5 5 12 15 16 16 17 26
BB1W00WI9bYYoeHGA2878124N7OLkbf3i8n0-2eAG,11,plain,none,mixed,1 4 5 5 6 6 7 10 18 27 32
BB1W6aBpZ5uBI0WH6aIGd4Wa4Wk0G2BIId3J344W3,11,plain,none,mixed,1 1 5 6 7 7 10 11 13 21 39
BB1W2Aen0O4OLYma2GJDI514hHq84WL0a2ayw9aH1,11,plain,none,mixed,2 3 4 7 8 9 9 12 15 17 35
BB1W8LIK5dMSh3pJIKK284X4CW9mDo8umMXO2HB08,11,plain,none,mixed,2 3 6 9 9 10 13 14 17 17 21
BB1W30y2eEO9WzuK8R0w52Y2HKvOcMf1WW0X1OB0P,11,plain,none,mixed,1 4 4 5 7 7 8 11 11 25 38
BB1W5W2u5YOYWX42KAI0w44WZalYA0Zs6OcbXKWY3,11,plain,none,mixed,1 2 2 5 9 11 12 14 21 21 23
BB1W1YBhK-3WZY1uQ2c9Y984KK6Zds49U352K8GK1,11,plain,none,mixed,2 3 6 7 8 9 9 9 14 27 27
BB1W0G2DYEK68aYFX0IEG58XHAGaOn4sHdcGKZ4O9,11,plain,none,mixed,1 2 5 8 9 10 13 14 19 19 21
BB1W4G8P3aWaLHP2Nef12GHX7yo49n2CYpD49U490,11,plain,none,mixed,1 2 5 7 8 14 15 15 16 18 20
BB1W0AB50I22Ld65nIwcCG228Ew6N9QJo90L4gp0q,11,plain,none,mixed,1 6 7 7 7 8 8 10 20 21 26
BB1W2YGeXqHUkuQ0Y16mm4GX2au8oYRiQGqbQGGaK,11,plain,none,mixed,1 4 5 6 7 8 11 11 19 23 26
BB1W32a8uCiaY9ePG2mCW0EX49Swp0gLbMMnM4KH8,11,plain,none,mixed,1 1 1 7 8 9 15 15 17 20 27
BB1W0L1GDHIaLoB4KoY4mn081V60RY2G4GXuuJH2a,11,plain,none,mixed,1 2 2 5 5 12 14 15 21 22 22
BB1W4LH4uK5GLDaXg4e0WOW10COr0Y2Q4aIGY2C0a,11,plain,none,mixed,1 2 2 4 5 9 14 15 16 25 28
BB1W509JHU3JXSPiWoHW90mGaGg1uDEmQLfeFyUq8,11,plain,none,mixed,1 5 6 6 9 9 9 9 10 13 44
BB1W2HA3W2hafIN9dx8Q0K0m4f8vLr2eWX144Wf9A,11,plain,none,mixed,1 5 5 8 9 10 10 12 16 22 23
BB1W005aIHn2WA8uKHo89Wg68AWI0d8J2w2C80WP2,11,plain,none,mixed,1 1 3 3 3 6 7 19 21 28 29
BB1W64a4-COHY7oPHv9aamGWDnPd0I1GG94enZAW2,11,distinct,none,distinct,1 3 4 5 7 8 13 14 15 23 28
BB1W3GI9G53o914No8Y2040I0iYG9zc4gKfKcna58,11,plain,none,mixed,1 5 7 8 10 10 11 11 17 19 22
BB1W02063eEXP2eC1ASeAc931o48GX548Qan5d040,11,plain,none,mixed,1 3 3 3 4 6 9 14 19 26 33
BB1W82Wj2225ek6ak9BOG1WMLMCWP0e18Gwqgh3W8,11,plain,none,mixed,1 1 4 5 7 8 13 13 19 20 30
BB1W3Wbmaj8yX5agJf2MWI1GAWY9mGXZPYemI0X26,11,plain,none,mixed,1 2 4 4 11 12 13 17 18 19 20
BB1W2Iw7qI5GboB4Idu_D48b89Dn8ICuO1XP8AXGe,11,plain,none,mixed,5 5 6 7 7 7 8 11 12 20 33
BB1W02090KCWWKIZXL4DueX15k2aCGI1a9YaEXy54,11,plain,none,mixed,3 4 4 4 6 8 10 13 14 16 39
BB1W5el0qCG8Gj8mJ0yq9GPKA8aOr1IM24WJ48HH1,11,plain,none,mixed,2 3 3 4 5 10 14 15 16 21 28
BB1W0q1aIXC4eX4da2i1K2m60Q1894FnI4mokZ448,11,distinct,none,distinct,1 2 3 4 5 10 12 13 22 23 26
BB1W0O1eFWa1q4Tn95aYHD84WA1m4G8L0m4W831z0,11,plain,none,mixed,1 2 3 6 6 7 7 9 14 30 36
BB1W0A1040PaKM4KXWf6Xm4KGy2O8Hn7Ib9yY88Y0,11,plain,none,mixed,1 2 2 3 6 9 17 17 18 18 28
BB1W48WayNsDwaXKIH0a8WDiA14n71aIXK0p9SW81,11,plain,none,mixed,1 1 3 4 6 11 14 17 18 21 25
BB1W20208UI5540oEKf8nbmm227A-AL18c2P98oab,11,plain,none,mixed,1 1 3 4 9 10 14 15 15 21 28
BB1W2YIB8JwGh2XeJY182154IajWM2GCGYGL1Dm11,11,plain,none,mixed,1 1 6 7 7 9 9 15 19 21 26
BB1W54JTX5ZVjUrAOYY1A5e0W441gk1H6G8AefW8G,11,plain,none,mixed,2 4 4 5 8 9 16 17 17 19 20
BB1W30X2GGl1ngYH3GmaO8GaOHY87UVtC5I7AuM4O,11,plain,none,mixed,1 5 5 8 8 10 10 12 14 24 24
BB1W08nGkQio2W604M6W80LXemKWg2aGIWb7ekZS4,11,plain,none,mixed,1 2 4 7 7 7 7 8 14 29 35
BB1W1A5oACj1q76L9WwD81525BP1WY5KE5a9e4WGu,11,plain,none,mixed,1 1 3 7 8 8 10 16 17 22 28
BB1W5G8eYIxITe20G2WY494GX4XoS1m82GP1Y9X0b,11,plain,none,mixed,1 2 2 8 8 9 10 10 13 15 43
BB1WCaHH0bZ2KW34p3F0a2E0W84eSYgWX2aCN4CIm,11,plain,none,mixed,1 1 2 5 7 10 11 12 16 21 35
BB1W2CaGf2O9YIdck2G2eK4IDss-C4790CAJ0i8mY,11,distinct,none,distinct,1 4 5 7 8 9 10 13 16 20 28
BB1W0IHI94NUYC28mg4K9KA2Es3WG1XT4Dn4aGYHE,11,plain,none,mixed,1 1 3 6 10 12 13 14 16 19 26
BB1W0MaQ4OHM9hgOBXI50IDK98XoA5FHAHfWL0GK0,11,plain,none,mixed,1 2 2 2 6 9 10 10 23 25 31
BB1W0m390mp6n31ueY410A16qLAKg3JQeT0G6389W,11,plain,none,mixed,2 2 3 3 4 5 13 13 17 29 30
BB1W0HIun0C0nEYgoBeY28oA8YHmWc2x1eA9IY0G1,11,plain,none,mixed,1 1 5 6 7 7 9 10 22 24 29
BB1W4GXonHaGGY1mX0GWY4KYACEnN1N8nbAaGL1I4,11,plain,none,mixed,2 4 5 6 10 13 14 14 14 17 22
BB1W10N18042aZ2rBeeWYXAWw208C4mz4r38B0kZ2,11,plain,none,mixed,1 1 4 4 6 9 10 16 17 19 34
BB1W88uuLXOM9ug2Gv2Ia4K84uafOGH49Gh8CQ3e9,11,plain,none,mixed,1 4 5 6 8 11 13 14 14 17 28
BB1W142H5OI5KJHXIVd94HHH650e3fLKK8WKCWH70,11,plain,none,mixed,1 3 4 5 8 10 10 14 15 19 32
BB1W0H7KYKqAHOan0N124I0Z2E6DeAGOasLPhIX0O,11,plain,none,mixed,1 1 6 7 9 9 11 13 17 20 27
BB1W12SIaaAGdP52nvJaA90b4egD8eSYpfS8Z9OK1,11,plain,none,mixed,4 5 8 8 8 9 10 11 16 18 24
BB1W0WwQEwGYc59oQ0KAa4G8u9GMphJImub2d2wC8,11,plain,none,mixed,1 3 6 6 10 10 10 12 15 23 25
BB1W15SGH0Y5yaHRmGYIK86388GoE3040ImzDCAv4,11,plain,none,mixed,1 1 5 5 8 10 11 13 17 23 27
BB1W1Y65KRHC5GM12KH96CfIc9Aa60CG0G114gI0a,11,plain,none,mixed,3 3 3 4 6 9 9 13 15 17 39
BB1W81b7vZHOcGei1ex5VW4A2XKCPOqwuuIGHreWX,11,plain,none,mixed,1 2 3 6 9 9 12 18 19 20 22
BB1W7W5FMKe3WCq10G1GQK0Y48b4KJHa4iaJHcAYM,11,plain,none,mixed,1 1 2 8 8 10 12 13 15 16 35
BB1W319Za8GY1E3OHT42K5CY4eP82OGb1AeAWM2G4,11,plain,none,mixed,1 1 2 5 7 7 11 12 21 22 32
BB1W0I2OPWeV4Ya7TEuNWe0Q1l30I6XeIw8O9091I,11,plain,none,mixed,1 2 3 5 5 5 6 22 22 24 26
BB1W6HYH2OUT5xeg2esLiGa2FGa851XsPn2WrFfn0,11,plain,none,mixed,1 1 2 11 11 11 12 12 19 19 22
BB1W0YE2R2MCXq1n8GaO4GGQ7hTgI28H1xaE4IXAQ,11,plain,none,mixed,1 2 4 8 9 10 14 14 15 22 22
BB1W297aAH44OPHg4RHVH550K4G70ceW10YQ589YG,11,plain,none,mixed,2 3 5 6 7 7 8 10 15 28 30
BB1W40EGCCe31fr0D18CIH88JYWnD8e9vy4mY24eo,11,plain,none,mixed,1 1 3 4 6 10 13 14 18 24 27
BB1W1C2080Wg1Pcl54Wg444mZXCalQ43mC8e0iDGX,11,plain,none,mixed,1 1 4 5 5 9 12 14 14 24 32
BB1WC8GX2081SKio1K0Y224agA1e6Gf30R0i4GBH1,11,plain,none,mixed,1 1 2 5 5 8 9 10 19 28 33
BB1W1A848J4HmDa7GU1q8J090c73y6m14GOYh2WWG,11,plain,none,mixed,1 1 1 2 5 9 15 15 17 25 30
BB1W6Q7aIH2O6mYY90l48W440nb8PAKOeX030MxGD,11,plain,none,mixed,1 1 3 6 7 7 11 12 17 21 35
BB1W0EIN1SOF285HYbAAa2BGezMD8bQZ2o260M12G,11,distinct,none,distinct,1 2 4 8 10 11 13 14 15 16 27
BB1W1W200gX64SW-Nn0K2WGGI18WoAKR1f6mQKBYC,11,plain,none,mixed,1 1 1 4 6 6 9 19 22 24 28
BB1W0KFWY22E893A5eaaL222O9WfD98Hb7gIB48mX,11,plain,none,mixed,1 3 8 8 9 10 10 14 15 19 24
BB1W1WB0l2m4X4UXIHdWC0e4WA2YTXM5APE4Ws2eY,11,plain,none,mixed,1 4 5 6 7 7 8 9 20 21 33
BB1W85WagXH38dK5JZ8SX80YMCP48JXGnbAi8Hv29,11,plain,none,mixed,1 4 4 5 5 5 7 18 18 25 29
BB1W24G92SABoCQ8k5v4SaGa1rd04WP6CC4Bsnx1G,11,plain,none,mixed,1 1 4 5 7 8 8 14 20 24 29
BB1W0nD1C9GkJWYYY52OAGWK2VIYKEm4GH1124Aea,11,plain,none,mixed,1 2 5 7 7 10 10 11 22 22 24
BB1W997b90l6cWQ83uF128A2GXQ5gJge9Y0oNXjW6,11,plain,none,mixed,1 1 3 4 8 15 17 17 17 18 20
BB1W0H28B8iAFE4kY1W2020aXk6G1G5bWQ4eN2I1e,11,plain,none,mixed,1 3 5 6 7 8 9 9 12 29 32
BB1W8W3qN1493v5aOi80HAA50a2GMKXWyx9eWY1KA,11,plain,none,mixed,1 2 3 4 5 9 17 19 20 20 21
BB1W8GqGH1akHJEa9E1aEHWK4kYIM2832FOk24B0a,11,plain,none,mixed,1 1 4 7 9 12 13 14 17 20 23
BB1W6G8_2H9H5dIQ84OKLJ0W40z8vWa2EIeYH62Go,11,plain,none,mixed,1 1 1 6 8 8 10 20 20 23 23
BB1W4GY0W4cHOSHaWYzeFGXYA52LesDcCLnPBGiI2,11,plain,none,mixed,2 3 5 5 6 7 9 18 20 22 24
BB1W8GXU9mT142ta84HtGY0aWJ0e5GAPkkfA9I8XO,11,plain,none,mixed,2 3 3 6 7 10 10 14 14 17 35
BB1W0mD0q594d2pOayrMYG4q3y9w0GpZ0hWY2W5oO,11,plain,none,mixed,1 1 2 3 5 10 11 21 22 22 23
BB1W88BWVBXL0eSwc04060cHAGlXA14dGcaB8WanY,11,plain,none,mixed,1 1 3 8 9 11 12 12 19 20 25
BB1W0eG0C3v9X81GZ1hzWA26eLILWbPt29228GWZ4,11,plain,none,mixed,1 2 2 4 4 5 16 18 19 25 25
BB1W0eEIXI6uBgHi7IGeDYb5309284o0S2un6OWam,11,plain,none,mixed,1 2 3 5 8 10 11 11 18 25 27
BB1W080J2Lg2laX40G4j88Ga4Z50SIw5eREF9Oeb2,11,plain,none,mixed,1 4 5 7 10 11 11 11 11 25 25
BB1W0CWmnHr1GWrb2f2nZ3YY68PuhbrQ98mg38AL4,11,plain,none,mixed,1 2 4 7 11 11 14 16 17 19 19
BB1W44I0bah1eOH23CS10GGO1W-6OPS-A2AeIazH9,11,plain,none,mixed,1 3 5 6 6 7 9 9 23 23 29
BB1W2W4GSX38OoaIb780u5020A1IP4Pfx4yWK0I2C,11,plain,none,mixed,1 1 3 7 7 9 12 16 17 23 25
BB1W4L9GM0K185Wm4H4oG7030CWf2IC9KA6e7G4eK,11,plain,none,mixed,1 1 1 9 9 10 11 12 16 19 32
BB1W1WIAQ3jG-ZJ2444GYm0AMOlcGLLXU4UHo4MY2,11,distinct,none,distinct,1 2 3 4 7 8 11 14 15 22 34
BB1W1G2WKmd4K2n8uo4Y64G20E0O2VmJ3jYgALK0W,11,plain,none,mixed,1 2 4 4 5 9 9 15 17 21 34
BB1W4IFG5o0a140h9Qg6KY8H0ZX5sQvRS70AeLa28,11,plain,none,mixed,1 4 4 6 7 8 10 14 14 22 31
BB1W124GaWY285TAg9MaMX810H0nZ2IBvcMNgHi60,11,plain,none,mixed,2 6 7 8 8 10 11 11 12 15 31
BB1W0W0WOBHGX3ajXM30XG4OZe8aIM9vBNXW68KY5,11,plain,none,mixed,1 1 2 6 9 9 17 18 18 20 20
BB1WAGgbL2Y58KY9I4C0w6G1448Xq11yo7KM9S5CG,11,plain,none,mixed,1 1 6 7 8 9 13 14 17 20 25
BB1W4a604X00cAVcAJvX0Y08mCXA57BU1O4GmgbB4,11,plain,none,mixed,1 3 4 4 8 8 10 11 17 26 29
BB1W0e2aAPAuaYIGnH3WWQ0Z0a4iGY2087X848nAK,11,plain,none,mixed,1 1 2 4 10 11 12 15 17 19 29
BB1W20GmI-APhWb1RMWc2A8K2cq5-Hf6GA88GGi4a,11,plain,none,mixed,2 3 4 4 5 8 11 11 20 25 28
BB1WA0T0Ha1DXM0kSaO2u4GA8eVIcv8br3b5Dnn68,11,plain,none,mixed,1 2 3 11 12 13 14 14 15 15 21
BB1W092OIGeJKr5C8eG0WY08GW7WJ7cmJL54Wp13a,11,plain,none,mixed,1 1 4 6 6 7 15 18 19 21 23
BB1W1GOX1a2WA5EyBGY2F5125GmY4GG1IAKsA50a1,11,plain,none,mixed,1 2 3 6 7 7 10 14 17 21 33
BB1W64M1M15XBZE0B0Ya1G0G08Agb5KbZj8oE8X17,11,plain,none,mixed,1 1 1 2 5 6 13 21 23 24 24
BB1W2o8Wi090a4sX4oKaEGiZ2A992a0fXheXYu621,11,plain,none,mixed,1 1 3 5 8 9 10 12 13 18 41
BB1W0c4jg5Gpwa2G9CGmT18K0WI0XF6YQef12DI91,11,plain,none,mixed,2 3 3 4 6 8 15 15 16 24 25
BB1W2eY9eLXJ6D8u3ofX62938Ym8X175018OYdB8C,11,plain,none,mixed,2 4 4 5 6 12 12 14 17 21 24
BB1W1Y9GD8W40Gn59b6RQemG228JYd9ua0G8f4eYK,11,plain,none,mixed,1 2 4 5 6 8 12 13 13 23 34
BB1W5KMGGo3i4CGg5OIn81XGKX24mGeo17KSH0Ka4,11,plain,none,mixed,1 2 4 5 8 9 13 14 17 24 24
BB1W4HKWpgGVW4d1C1824KGY18JSePKZAmaYA94iA,11,plain,none,mixed,1 2 6 7 9 10 11 11 15 23 26
BB1W4CGYP4eHd4JQiM8mB3G8cS9mW4K5CAsGXs4P8,11,plain,none,mixed,1 2 3 6 6 8 10 16 19 20 30
BB1W8a4aHJCIT4yV7048GI06e9aYY946aIEGYYG28,11,plain,none,mixed,1 3 4 5 9 12 13 13 17 19 25
BB1W2YEG_3qJ4i4Z4iXf8KC2W9721X82X62NbCKGa,11,distinct,none,distinct,1 3 5 8 9 11 12 14 16 19 23
BB1W18KW-lwug440AeZ2ACK42GpYc1PHKPK8Gy90b,11,plain,none,mixed,1 3 7 9 10 11 14 14 14 14 24
BB1W84Ff1eAWaeiS8eKX31o4Aep178RJk96npaGWX,11,plain,none,mixed,1 1 4 10 11 11 11 12 16 22 22
BB1W40rG209mOMmo5eJII36954YI9qzII6jW2OLIY,11,plain,none,mixed,3 4 5 5 6 8 12 14 15 22 27
BB1W8YxGDrHicwL9f34DeYWGKOjLYLIE2Af0i1G0e,11,plain,none,mixed,1 2 6 7 7 9 13 15 16 18 27
BB1W08CefGX91218ma1WY2mn3CFYM50KD8u6uKX58,11,plain,none,mixed,1 2 2 6 8 8 8 10 16 26 34
BB1W92Qu4tG204628EWXW8GIfCPJGs2kF4uJH8b4O,11,plain,none,mixed,3 4 5 5 6 8 9 12 14 21 34
BB1W2f58KacaEKWf4HfaAP8410CMmW-kWMPAemM8W,11,plain,none,mixed,1 1 4 6 10 11 13 15 16 21 23
BB1W28ZHb4KbIK6Te9vacY90TTeH4b4a62OH2mA0m,11,plain,none,mixed,1 4 6 9 9 9 13 16 16 17 21
BB1W0W2CL2lA1Jb8n0Dmd1W10C20e68MqwXZLIeLa,11,plain,none,mixed,1 4 5 6 8 8 10 14 16 24 25
BB1W4449rCaL2Jeh9LG1381I6emwYryQmI1Wnm9mm,11,plain,none,mixed,1 3 5 5 5 7 12 15 18 22 28
BB1W6HqmBoH4KHH4mKb4eI61480wo704AnX7fN5H8,11,plain,none,mixed,2 3 7 7 7 8 9 11 15 25 27
BB1W0eYWCa8k2q1GB41Wk974HH94p2aEjnY58H1K8,11,plain,none,mixed,1 3 5 6 6 8 10 11 18 26 27
BB1W005EXa5WVHwe6UfGo2fH3ABf98OWX2qQKIcc2,11,plain,none,mixed,3 3 4 5 8 9 12 13 14 21 29
BB1W0O1G4CG9yxaZL8bKZ48S2m6S4Gj2PICO4uAHK,11,plain,none,mixed,3 4 4 4 6 11 13 14 15 20 27
BB1W2I_5zo4nXLZL58M14CX890B0wPGD08X7Ioa28,11,plain,none,mixed,1 3 4 6 7 13 13 16 18 19 21
BB1W484WCXaHH1087mC2Ga25OKaIHtBC5A0q9X64O,11,plain,none,mixed,1 1 2 5 9 11 12 16 17 21 26
BB1W2a80W50BCj101mHMVG8a2GD8mHVa-5eP2OH0b,11,plain,none,mixed,2 2 3 5 6 8 9 10 17 25 34
BB1W1W4CauZ3a2iAGI8KqGGJ2M890i2QKHXk62A1E,11,plain,none,mixed,1 1 3 5 5 6 11 12 19 22 36
BB1W0L0a80Hd7ce6OIvxXY82HS6WKGqT3C8G0e9M0,11,plain,none,mixed,1 1 2 2 4 8 11 14 22 28 28
BB1W62fsK5HfOSBWSX74S9G9BS17P80ZXBOaK383W,11,plain,none,mixed,1 1 2 4 7 7 9 17 19 25 29
BB1W0Z1aCgfgb4be88I1eX84In9aDGgp4eEzxqW4W,11,plain,none,mixed,1 2 5 6 8 8 9 13 21 24 24
BB1W1DGf4b4Awss4OHY51I8C0GaIOYJF9GWqi04OY,11,plain,none,mixed,1 1 3 6 10 12 14 15 17 18 24
BB1W09p1HRWJ9h9f978I131GhS8uUsZWpQL1F4aS4,11,plain,none,mixed,1 4 7 9 9 9 10 10 14 24 24
BB1W020633A75KWbEW-IOXXi0n04o1I2GL4QOByYC,11,plain,none,mixed,1 1 2 3 6 6 8 9 11 19 55
BB1W8Gd0mqQCoGyWDWk5EOW04eVecRUS8Y0X69CIX,11,plain,none,mixed,1 3 5 6 6 9 9 10 20 22 30
BB1W15-7niZq8RdGY2q1XAB10gX8ZJYnx4CW91GI2,11,plain,none,mixed,1 3 3 5 8 9 10 12 18 21 31
BB1W1I5ID3PYTH4a5PrKGGb0ZYCm2du4WGp2aW923,11,plain,none,mixed,1 4 7 8 11 12 12 14 14 16 22
BB1W0I1Lm63SL2S9HS-A81iaY9GKer5KEI9aKZXKW,11,plain,none,mixed,1 3 5 7 7 8 15 15 18 19 23
BB1W2284cI2ioqWW3XJ0o2C4X24Gb3sELMYqFAm11,11,plain,none,mixed,1 5 6 6 8 10 12 14 16 19 24
BB1W1W5tk2n1zl6ys3RCi8L62HI0IL3gC2x4SXg89,11,plain,none,mixed,1 2 4 5 7 13 15 15 18 20 21
BB1W1IihJ5C4_7_ruW2iXM8XOYqGK0f3A2WSHGGmO,11,plain,none,mixed,1 1 3 9 11 11 13 14 17 19 22
BB1W4aXLbYe50GI1GCgDj54Wk1GuL16i4OIbAPAe4,11,plain,none,mixed,3 5 6 6 8 9 9 13 15 21 26
BB1W1W9WaIbrIE2tAahoiEe81G32OPWC2Y6mKrKc0,11,plain,none,mixed,1 1 1 7 12 14 16 16 17 18 18
BB1W0454A1NIwti8eUWKXJ8g22FWqkob7e989GIU0,11,plain,none,mixed,1 1 2 3 6 10 17 17 18 19 27
BB1W4Ho5qdJh9E0I0nA264X59q290n2nH34tJaWb2,11,plain,none,mixed,2 3 6 8 9 10 12 14 17 17 23
BB1W4axJY2JsdANg6mSS99I4J2aaK0YK2XzG5qXHI,11,plain,none,mixed,2 4 4 4 4 9 9 12 13 15 45
BB1W4X6uY0P2uZMXX8HGZ3YZA891A8kLnaP0HQUI4,11,plain,none,mixed,1 1 2 8 9 10 10 14 20 21 25
BB1W8WJXT94f0Y23IHrag86CAG1iJ4A8UOLI9mcI8,11,plain,none,mixed,1 1 6 6 8 12 13 14 15 17 28
BB1W0a2mG8-AEY52P2K0l6WfXG4GF6ZaAY5whcGeX,11,plain,none,mixed,1 1 3 4 6 9 17 17 20 20 23
BB1W0o5GQPayRmh4WhYY84KWWI4G2S8KWI73pfG31,11,plain,none,mixed,1 3 6 6 7 8 10 17 19 21 23
BB1W08P2I92i8bYm4Ci7Gf0O51a934lJN62OAW50O,11,plain,none,mixed,1 3 3 6 7 13 14 15 18 19 22
BB1W0a8YIF88YS514SIYYIP81mAdIfWbAOe40a30G,11,plain,none,mixed,1 1 3 6 8 10 10 10 13 16 43
BB1W3I784cKmG0W3eKADG1MHOgeaHL7a4WY4Aa6G4,11,plain,none,mixed,1 2 3 3 7 9 10 14 16 18 38
BB1W92pHQ582WM29AGgaQm8GL0mB4ZYWfEK4Wm2WI,11,plain,none,mixed,1 1 4 4 6 6 11 15 18 25 30
BB1WCHmMY54bbHK6GN12B8W13YL8q0W22GFYGP7H3,11,plain,none,mixed,1 5 6 6 6 7 9 13 17 20 31
BB1W1Q24X8qR147pvBAX5WWo036bjUk92H13GB40B,11,plain,none,mixed,1 1 1 1 8 11 11 16 17 26 28
BB1W01064rqQ4OWXCaa304H82W40QIUCP148Sa-O5,11,plain,none,mixed,1 1 3 4 5 5 10 19 22 23 28
BB1W1HAeIYCGnK97WeI0_2G40K6JfCAGhEIy8Q4GA,11,plain,none,mixed,2 2 4 5 8 13 15 16 18 18 20
BB1WAIohB1GYWg4VJ3KMHOa13Yd0GZ4XYrICHG30I,11,plain,none,mixed,2 4 5 6 9 10 10 11 17 22 25
BB1WA43GE0a4WCXN8jIgHJ230F0Y3vv0Ygl8109Wn,11,plain,none,mixed,1 3 4 5 5 10 11 14 16 22 30
BB1W2I194aOXm0W92C91a6MO90m1042GWA2mFGM15,11,plain,none,mixed,1 1 2 3 7 9 11 11 13 16 47
BB1W50K2fCCfHr5ML9S4JXL04XDXA02OHo48G55aM,11,plain,none,mixed,2 3 3 4 4 10 10 14 14 26 31
BB1W6C2GmKXeY886A6lbYeW51hgXGt1ZgF1RKrN4G,11,plain,none,mixed,1 4 6 6 7 10 10 11 13 18 35
BB1W1G4GCGIaYec5EIqT870H0H0eCbPEJOzW7GX4Q,11,plain,none,mixed,1 1 5 7 7 8 10 15 15 25 27
BB1W8e4WX224Pf5SKaVtxOW184YBSOi1a542CmAGa,11,plain,none,mixed,2 4 4 6 8 8 9 14 15 21 30
BB1W0qOX6YI58M1xJ8s3KgA0O08pICLmaY8k2r448,11,plain,none,mixed,1 1 5 7 8 10 12 13 17 18 29
BB1W0810vOHCnILf2KAHS6me1W4Xg1IS6mZCI98bG,11,plain,none,mixed,1 2 3 8 9 10 12 14 16 23 23
BB1W089vNWMYFGXkI2G0H81KaKAZgOtaio5GaWG0Z,11,plain,none,mixed,1 2 3 3 9 12 12 14 16 18 31
BB1W114mJyfVcS0OOYg5EY4Koa2iGIJ4GF81eB0HW,11,plain,none,mixed,1 1 1 4 7 9 11 15 19 23 30
BB1W2K84Xi8EtuiKIUeLWaWM2dCW7XC5cGQWrIw62,11,plain,none,mixed,1 2 4 6 8 10 10 12 15 24 29
BB1W8PM242LIXwA2X6iHCGmWkGj6BqSqeWhGfEYn1,11,plain,none,mixed,3 3 4 6 10 10 14 15 16 17 23
BB1W01ZeCl5bOQnE30988118w2aAWeQBAttsGYu8G,11,plain,none,mixed,1 1 4 7 8 10 12 15 19 21 23
BB1W20gN4c54XI2aamTjYOY1IANYwQHOmZZJmMWb2,11,plain,none,mixed,3 5 6 6 7 9 10 11 14 17 33
BB1WDGrwdY-HW4d8WY4Cm34eWfL8IbIP0H8m7248H,11,plain,none,mixed,1 3 4 9 9 9 11 15 16 22 22
BB1WAGa1A6u8WSOBWuuNn141iIb4jEXzPD0K1W30W,11,plain,none,mixed,1 2 3 7 10 10 11 14 15 19 29
BB1W2IB4mkWw0E54EnV3yGq8203-4UOP4f2O83W21,11,plain,none,mixed,1 4 4 5 6 9 10 12 13 26 31
BB1WC2mGWg2IfsWu5OInL5KW50L080O70JWMnf140,11,plain,none,mixed,2 3 4 4 5 5 7 10 19 27 35
BB1W1A58HWWeXI4CmGX3a1CA1C6GOJI1745OC5G51,11,plain,none,mixed,1 1 1 4 6 6 14 18 21 24 25
BB1W2G8WxrluJ52Y7mJ238G41GC0Uam7II2AHaIaB,11,plain,none,mixed,1 2 2 4 12 12 13 14 15 22 24
BB1WC833pqSch-S97opCa8HGQCMSqKhbJg12KWg40,11,plain,none,mixed,1 4 6 9 10 10 12 13 13 21 22
BB1W828WmgHX4ar4dfef3G0W9ldbFoYAW5COnWemH,11,plain,none,mixed,1 2 7 9 9 9 11 11 13 21 28
BB1W44X1HaIg6GA0WaT-KeG2D6CKlqhKsZA0OHGae,11,distinct,none,distinct,1 3 4 5 8 9 10 13 14 18 36
BB1W54ZnF2OG90u44Ho7iG8mFOCmIPACc2JF5440W,11,plain,none,mixed,1 3 5 8 9 10 12 16 16 17 24
BB1WA58g9blbco0490F4JKA47WI97cF4aAkS4A0IY,11,plain,none,mixed,1 2 3 6 9 10 10 10 15 27 28
BB1W282GAOaB1TbbbXf420GfHf6I8ec8mqFS2CC6e,11,plain,none,mixed,1 3 4 4 5 9 13 15 19 20 28
BB1W0A0e8VG63jHO5KgIE4WK2W50fnITHD0g1L5ce,11,plain,none,mixed,1 4 6 7 8 9 9 9 22 23 23
BB1W0G239mK65GI2j6uew0naIOIXCbeiqGX1K4t44,11,plain,none,mixed,1 1 1 7 8 10 12 15 17 19 30
BB1W0HE9YW5m6GYiPCyWq2b658AJEeCnb4295gw05,11,plain,none,mixed,1 1 6 8 9 10 12 12 13 16 33
BB1W0d5a9HZIuUeYa5m10Y04mM7GSk9I24D0A2214,11,plain,none,mixed,1 1 4 4 5 9 12 13 14 24 34
BB1W105GA0aXH5hQMIPQm14L0f1K3aGDdYgIIn94Z,11,plain,none,mixed,1 7 8 8 8 10 11 12 14 14 28
BB1W0Ind6MteSs9eLGc5Y14q8e6SbIY7cWYk8A8H1,11,plain,none,mixed,1 2 5 6 9 11 15 16 18 18 20
BB1W22T0s8uAYmDW9CJWmKY8B8T67It6oAyCmf244,11,plain,none,mixed,2 4 4 9 11 11 11 12 13 18 26
BB1W28AwqRXPmMGao1e8W251HA2A1jsE1450dXU29,11,plain,none,mixed,1 2 4 8 8 9 9 11 12 25 32
BB1W8X7eT2u2W6WGWX838aG2O4WAmH2cP7gXo0C8m,11,plain,none,mixed,1 1 2 3 7 8 8 9 19 24 39
BB1W02082OP8GFkjr3I1maWaH250U1o5afr8M0K58,11,distinct,none,distinct,1 2 4 6 8 9 10 12 15 24 30
BB1W0G12e9caX9485uHK6GGa4mHecXuOWX3u8CJXA,11,plain,none,mixed,1 3 4 5 11 14 15 15 16 18 19
BB1W48XIbs0IQLhZ7iaOKA0AE3IC_JXBM68KCT4o1,11,plain,none,mixed,1 2 2 6 9 9 12 13 15 24 28
BB1W28XM9UcMUH1BOc5O1W4KAagWR0qHI4eE3Wi90,11,plain,none,mixed,3 4 5 6 9 9 10 12 16 17 30
BB1W188Audlf48GXCW4GG1nA3eAYH48EWZf3e8GYC,11,plain,none,mixed,1 3 4 4 9 9 10 16 16 24 25
BB1W29OayGH1tPR69W96GH124Wn8XKj9zCXU10618,11,plain,none,mixed,1 4 4 5 5 9 10 18 18 19 28
BB1W8W0W5ZPkfYn5A0U64eMGWZ10dWeaBH2IGb-K8,11,plain,none,mixed,1 1 2 3 7 10 13 14 17 26 27
BB1W2CYGuX3MMeYDJqk2W148SHtrmYYbcKn1JKvGG,11,plain,none,mixed,1 1 4 8 9 12 15 15 16 16 24
BB1W0K0e2RKOg4YJA8YI4GKe1m34Y184of3Yk9ZWH,11,plain,none,mixed,1 2 3 7 9 13 14 15 15 17 25
BB1W1A5GEG60hOMKkcYQGm440f0a44iB3Ap1vbkGY,11,plain,none,mixed,1 1 6 6 6 7 7 10 22 22 33
BB1W8KN4mZS2mCOHB4UYbWmaA9OaJg8Ta8o4YRf27,11,plain,none,mixed,1 6 6 7 8 10 11 12 15 20 25
BB1W4KIWf0a1CaUPn89B4489GsIeaIIbG6C84q818,11,plain,none,mixed,1 2 3 6 6 9 14 14 15 21 30
BB1W8Yw98Kv8aveYYE64y8G4a2aDCaY4KWGc1HA14,11,plain,none,mixed,1 3 5 6 6 7 9 11 21 25 27
BB1WC8n6aGS8KOaICh4Wa4m1A2PmS1j5-IQ4YQC3G,11,plain,none,mixed,1 3 3 3 6 10 12 14 15 20 34
BB1W6eccOo284t2mv0H4LaGXeB0If2J0i94qI0u83,11,plain,none,mixed,1 1 3 4 4 8 12 16 21 24 27
BB1W2KK6i7Y531W9sWw3qmX92PsKeT8m4uZpk244O,11,plain,none,mixed,1 1 4 8 8 8 9 10 19 22 31
BB1W1284J6Y1qVT1yiPE4B8XYHCRI7YLLH2SKdn2W,11,plain,none,mixed,1 1 3 5 13 13 13 15 18 18 21
BB1W1I39k52kGK8e9GMG408S0eMWXBIAf4cUVKD0o,11,plain,none,mixed,1 4 6 8 8 8 13 14 17 17 25
BB1W5IIbsoUI0W103WGuAq880ZC9CglSUIo44J0Y4,11,plain,none,mixed,1 4 5 6 8 8 9 11 13 25 31
BB1W0Q2md4GQen5pp0JIEX5245R4KXit19J4d42WL,11,plain,none,mixed,1 3 3 4 9 13 14 14 19 19 22
BB1W4G8aYa8507ieKh32WGC30IiSHGf3AOeeXxesY,11,plain,none,mixed,1 2 4 6 6 12 13 15 17 19 26
BB1W2185WYXJgDg82OX9SGL2anD07WTD4mYv9Ho09,11,distinct,none,distinct,1 2 3 7 8 9 10 14 18 20 29
BB1W8I0i8WX38YWa6GP48eW2eBWkEeuqB8WI11m90,11,plain,none,mixed,2 3 3 4 5 8 11 14 19 21 31
BB1W1K6JEf2aXK68D05Y220I4e9WXsRffF34SO0G1,11,plain,none,mixed,1 1 3 5 8 11 13 14 14 19 32
BB1W0EDKwIHn74WEd0KHST0H0O4c224OYcaH0g8Xa,11,plain,none,mixed,1 1 5 5 7 10 14 15 18 21 24
BB1W0KLLhcUWc2e8X186Wa0X35W7GX3SHI1mZ3O10,11,plain,none,mixed,2 3 5 5 6 6 7 8 17 31 31
BB1W1GYg9YXa1wsRuWnZ8T02Bak651WX02Scg833a,11,plain,none,mixed,1 1 3 3 11 11 12 15 16 17 31
BB1W905ue_3fz3H2TTAuPXY8227XTAaoAJ4OaGCa9,11,plain,none,mixed,1 3 5 8 11 13 13 14 16 16 21
BB1W2KHK2aKJIboG3HmN2GPa6WYGAGi4Ho18vM9aG,11,plain,none,mixed,1 4 5 5 8 8 12 18 18 21 21
BB1W8I91C4a5e8geCW80u2a68Gr0H1eKqhZG5288X,11,plain,none,mixed,1 1 2 3 5 10 14 18 20 23 24
BB1W006WC0ZoH_98yZe-O4o99HYY4KabRvJJC8X12,11,plain,none,mixed,1 5 5 7 8 8 9 16 19 21 22
BB1W1YoYedSP2D9CP9OQJ9A8IAo2ZnPEyaD8w0BWf,11,plain,none,mixed,3 3 4 7 7 8 9 11 20 24 25
BB1W12iHmedI26oZXc0OW114xemWa2G7iLXgwfKcW,11,plain,none,mixed,1 3 5 7 7 8 10 15 17 18 30
BB1W09P9iN80a0t1RMQeC28IHCX0L2QHMdJuFVn1G,11,plain,none,mixed,2 4 4 8 9 9 10 13 18 19 25
BB1W0G0a8XgH4Pg64WTYD80I1G70UYYLJSYzAHIff,11,plain,none,mixed,1 5 7 8 9 10 13 14 16 16 22
BB1W2Gn3HegI8gDeAf6GS1k438Zu4cAKOG2YID3a9,11,plain,none,mixed,1 3 5 7 8 9 16 16 18 19 19
BB1W00fB6qNOXZ4adkImeEJ222Kg6uIXGM7fGYGi8,11,plain,none,mixed,1 1 4 5 11 13 15 15 17 19 20
BB1W1W548SX4fXoKfJ8e409MMIUPuY2qGK0m1SOCG,11,plain,none,mixed,1 3 5 7 7 8 9 14 20 23 24
BB1W4WA0Q33A2KCK8jYaib88WhZnaXZA0cKGGjo44,11,plain,none,mixed,1 3 7 7 7 8 10 14 15 18 31
BB1W24jWBGX20M1PSP1ePD188ZYb9SeYX8g9GD2nO,11,plain,none,mixed,1 1 4 4 7 10 11 17 17 23 26
BB1W219ugkh384l9BO3GEnGa1990n3SJ2NK8W4df0,11,plain,none,mixed,1 1 2 6 6 10 14 17 18 18 28
BB1W308aa45KU10aA4eKI3G4GXCAJ0i3DiAmcc2cW,11,plain,none,mixed,1 1 1 2 2 11 14 18 22 24 25
BB1W98KnP3IImR2KFwo778e0O7EGSK8TH49BCO2W9,11,plain,none,mixed,3 3 6 6 8 8 11 14 17 22 23
BB1W4YL8n28Q2ewImJ2HCKWGXWIiWu0b1M6T19AaS,11,plain,none,mixed,2 3 4 6 6 8 10 11 12 25 34
BB1W0WP20k144YnGBb34G92WT1eL-68uHcckQWc24,11,plain,none,mixed,1 3 3 8 10 11 13 15 16 20 21
BB1W1IKWm2g67u6Z2AC1v4Y58YGeOkIq5Hg5eKKGg,11,plain,none,mixed,2 5 5 6 9 11 11 15 15 18 24
BB1W08WXS6GC1W2g5ac4DWt44H68l5GCX0WM1G70I,11,plain,none,mixed,1 2 2 5 5 9 11 14 17 18 37
BB1W0G0Y4abbOXwGTapmM2X4ZgAOWZeAdLXR8nsqX,11,plain,none,mixed,4 5 6 6 6 10 15 16 17 18 18
BB1W82Gw9ggILRg-I8ab2JW9Fy8uK1ZHP2RW8WOG1,11,plain,none,mixed,1 5 6 7 7 9 12 14 19 20 21
BB1W98b2C8QWYVJV3Cu20a00mI183Kg92v2CBGP14,11,plain,none,mixed,1 1 4 6 6 6 11 16 18 26 26
BB1W4uAX125dyl8FGbmP4aH0Lwl9954XGH484eCY4,11,plain,none,mixed,1 1 5 7 7 9 14 15 17 18 27
BB1W48EB8dz5eMDu1420AWWYKGaXYAGCW1AjkqJY2,11,plain,none,mixed,1 1 3 6 6 10 11 15 18 22 28
BB1W3Gb180PAIEOEH1W7GJ0mFes99GcTSg1m0W43W,11,plain,none,mixed,1 1 4 5 6 6 13 15 16 26 28
BB1W091149HJ8VIE3RC1mO10t5A8knf1AAGH2KKQX,11,plain,none,mixed,1 2 6 6 7 8 9 18 21 21 22
BB1W018L3PXcc6WO1WraNHYa80u8XWaEGn4HfIeGY,11,plain,none,mixed,1 3 4 5 5 7 10 11 18 22 35
BB1W8G11F8dbIgWb3e1Bm724Z1K5SaIMGYa-OHU6W,11,plain,none,mixed,1 2 4 6 11 11 11 13 16 18 28
BB1W143949oOJK9G925w650CJSKnO-Aah8SXKIWQ7,11,plain,none,mixed,1 1 4 6 6 7 9 15 20 20 32
BB1W0f2890IWfDhQmgeiac8H0q2yDGi9WO9qyU000,11,plain,none,mixed,3 3 5 6 6 7 8 12 20 23 28
BB1W4a6ifL5ua4m823i8HWOf32YJmY20mETXI24OI,11,plain,none,mixed,3 3 3 5 5 6 9 12 14 23 38
BB1W2W5mled1S50T0i1yq4mGJ2C7GH1q8cOKGWeXG,11,plain,none,mixed,1 2 4 5 10 10 11 11 13 14 40
BB1W1Kg58PGyWnt476QKHIH2AkrG7A28cHeWYc6Ia,11,plain,none,mixed,1 2 5 5 6 10 12 13 16 22 29
BB1W2HcaGX2UHD84o0O1k5NK145YE9SI74GI4f2G8,11,plain,none,mixed,1 3 3 4 5 5 15 15 17 23 30
BB1W0M0q348AIubfh2G8WWaeYO50B0Y4MIJG32449,11,distinct,none,distinct,1 2 3 4 5 7 10 16 18 27 28
BB1W8CYIAJIHH4O4HY4R1W4W2VEC8JYcAs5S6Gf4m,11,distinct,none,distinct,1 2 3 6 8 12 13 16 19 20 21
BB1W4KWnH6H8lH-r1850D0o2CW4W-58L3mYX1uIY1,11,plain,none,mixed,1 2 4 5 10 10 13 13 16 18 29
BB1W3YJMILAPDQ62eiE04122E42oV4i1hVORHZf18,11,plain,none,mixed,1 3 5 7 7 13 13 15 18 18 21
BB1W90NEf15K938J8WI0e5WGFOAXfA3GE6eW_1Y9G,11,plain,none,mixed,2 3 3 5 7 8 9 10 21 21 32
BB1W14X1B-FEYLrGHKWqeaWeDHe-An2Q6bSs5fB1I,11,plain,none,mixed,3 6 8 9 10 10 10 11 14 19 21
BB1W1G8SY64u7WoTCe9J61GGWICA1OEWY4UDLMQa4,11,plain,none,mixed,1 2 2 5 6 7 14 16 16 20 32
BB1W142AnvJ1824CSWIRI0mKKIGOYV2C8eoGmaQai,11,plain,none,mixed,2 4 6 7 11 11 12 12 12 14 30
BB1W0Du8eXOCWhasXe2WKnA149X1m6W8WNgW8k80W,11,plain,none,mixed,1 1 1 2 8 12 13 15 18 21 29
BB1W2G8dDmq1GCHKo_1wq0f0M8GO1GTMRJH0Jaiu9,11,plain,none,mixed,1 2 2 5 6 7 12 13 15 21 37
BB1W40GYVZoG5GhqXm80WA016GF0QL95H2E4f3SCG,11,plain,none,mixed,1 2 2 3 5 7 14 20 21 21 25
BB1W422G5APar24KCGae94aY2hekHOiImSZGoH8d0,11,plain,none,mixed,1 5 6 8 11 12 13 15 15 16 19
BB1W0A23LwfB4A7BGTF8cSWOKYR522HoJuiTf91Gn,11,plain,none,mixed,1 2 5 6 8 10 12 16 19 19 23
BB1W10423bCUWPJYDZk182XGZ4A8q57Hf51uOX44W,11,plain,none,mixed,1 3 3 6 6 14 15 16 16 19 22
BB1W85JXG2mf5nM348IH75WG9WCW-50e18Od1O2P4,11,plain,none,mixed,1 1 1 4 7 8 9 13 21 28 28
BB1W4YCCmqGg0lX8CaarOD0810eDMh4DG8mS2mceO,11,plain,none,mixed,1 3 4 4 4 5 8 11 25 25 31
BB1W29MG8dIB871eAYYG90eeYcsPY9GAGD8GI08Oa,11,plain,none,mixed,1 1 2 4 5 12 15 19 20 21 21
BB1W298We2G52I3S8NAX08994IHGLGEOnF0I0u2O5,11,plain,none,mixed,1 1 2 6 8 9 11 13 19 20 31
BB1W88OPXI2IA5qNIH8eH0KGPo92K9GZg8uZgP2YX,11,plain,none,mixed,1 6 7 8 9 10 10 11 16 20 23
BB1W1K5GK1178c199BiYqmG1030KF2aC4E0mJ9M70,11,plain,none,mixed,1 1 1 6 6 6 12 17 19 21 31
BB1W18eIIKfXRcoRvI9745H0RRYP0Q2aIGVfC0Y5W,11,plain,none,mixed,2 2 3 5 7 10 14 15 15 19 29
BB1W8OsWTXIGeW60JQ954GW54Mc6IIAWHI4fQOIXA,11,plain,none,mixed,1 4 5 5 7 7 8 12 14 27 31
BB1W234cT2saPmA3cNYXC1X03oDIEZDGKHD1ovb2G,11,plain,none,mixed,1 1 3 4 7 11 14 14 16 21 29
BB1W0Y3af1XK6eAG68M196GA0W61o5XHo0a5ONYGg,11,plain,none,mixed,1 2 3 4 8 8 9 16 19 20 31
BB1W4IGc3YP90CAKIH4MnYG4M88aCWo1sq2GGMXL2,11,plain,none,mixed,1 1 3 4 10 12 13 16 18 21 22
BB1W19TY6uJ_sZ0eLGg4AWKa4XavE1K2gHYVC90OW,11,distinct,none,distinct,1 3 4 7 8 10 12 16 19 20 21
BB1W44bZej8B_n1O84Wg0418fHI4sUmb1AFOSWBXY,11,plain,none,mixed,1 3 5 7 9 11 13 14 14 14 30
BB1W246mMnq25ga5e90H1I0BGX2w6XPyY26uE1V2H,11,plain,none,mixed,1 1 2 5 7 9 10 15 19 22 30
BB1W1Hm1J70S1454P5a25WA0a3fEE4mJ37gUmV1a9,11,plain,none,mixed,4 4 4 4 5 6 7 15 17 23 32
BB1WC4eMY4mD0y1Y58NXW9242Gb0aJe1iX42WQ44G,11,plain,none,mixed,1 1 2 4 8 10 10 18 19 19 29
BB1W0I2CSJe10IXyJ2Y99H0ZI88KHqid1xK8H282Z,11,plain,none,mixed,1 2 4 5 9 10 13 16 17 22 22
BB1W0L4QOLs6XF8SXU9v8Kv0YH60O8YnHu6A6deWe,11,plain,none,mixed,1 3 8 9 11 12 13 13 14 15 22
BB1W4M98I2M_YP93t5G8WY0112YXg1M2XZ7irmX2G,11,plain,none,mixed,1 2 5 9 12 12 12 14 15 17 22
BB1W0a9L9Hb4hj3HB98J7SI88GwSW2wqGO1WXAVGu,11,plain,none,mixed,1 1 8 8 8 11 11 11 15 23 24
BB1W2KXXo1Fv4KYu5W7GY4CeF0g1U0L0vMA24GjWH,11,plain,none,mixed,1 1 3 4 6 7 13 16 21 22 27
BB1W129MQWZ54598NAPKJ24E6kQ6eLpNc9-_8dHYW,11,plain,none,mixed,1 2 2 6 6 10 15 15 18 22 24
BB1W10oh4IcX181W6244G0A8JdjM5ODULG90e1GN1,11,plain,none,mixed,1 1 2 6 6 9 11 11 13 18 43
BB1W2M8mIH45GOXHafIvuM00GE0b2Gm3AIJ2o9722,11,plain,none,mixed,1 1 2 6 10 11 12 14 16 18 30
BB1W32qAWeXK1WA7je50e1459Gn1f380i30B1KaJ8,11,plain,none,mixed,1 1 2 3 6 10 10 11 11 23 43
BB1W1mZ2d9xalsGY1O3Gb0u4EGw2a2WNi5q08aD21,11,plain,none,mixed,1 2 2 7 8 9 9 9 19 22 33
BB1W0m50I578P1danG1G308n3CB0o8G0X164P9WL4,11,plain,none,mixed,1 2 3 4 5 10 10 13 14 27 32
BB1W0H49XHr5KuiKULg1o8bA4mA9cT6xb0a77FGGi,11,plain,none,mixed,1 3 6 8 11 11 13 15 15 16 22
BB1W4cKcKWJ32CJR1228a2WfMG90cAGC93eJ13I2W,11,plain,none,mixed,1 2 5 5 6 8 8 15 20 22 29
BB1W006aea2eYz1u1s54XX2bBJb3e28YE15yKfIf5,11,plain,none,mixed,1 4 4 4 5 6 12 12 17 26 30
BB1W010I4OOcWD6HZ0A1B2X91850M0x61b6ofAaMA,11,plain,none,mixed,1 3 5 7 8 11 12 12 14 19 29
BB1W3eAI2e7aS996HiQ42G8D4SHA4XyKvGhAJ8928,11,plain,none,mixed,1 3 8 9 9 11 12 14 15 15 24
BB1W082Hd4WeX1cB7GH0d4GAXAN8YYByJIAm1WAmm,11,plain,none,mixed,1 3 4 6 9 9 12 16 19 20 22
BB1W284W20K0o3piOWCO9209mK1Y1CSmFno9244Ga,11,plain,none,mixed,1 1 3 4 5 6 8 16 17 19 41
BB1W0mo8eZ2PIN8aG50e4H2A4ZaZAFu624OXcfBaY,11,plain,none,mixed,2 6 6 7 7 8 9 12 15 17 32
BB1W8e30P16QXAgH5qN0a4M20G50A5Z9Bad840i2b,11,plain,none,mixed,1 1 4 6 9 9 11 13 19 24 24
BB1W2aKXLIoaOHQMKLcgCG0E1JjaXhQ5fnB1GP_14,11,plain,none,mixed,1 6 6 9 9 11 11 12 17 19 20
BB1W60a0mM20A22Y9aWOnmaODITEYK9Hf5KeIXc2H,11,plain,none,mixed,1 1 5 5 6 8 12 13 16 25 29
BB1W215JRES8H1qW8UZwV0WX51AcYO9v4KaKXc8GS,11,plain,none,mixed,1 2 3 8 10 10 12 15 16 22 22
BB1W54SSHnX25m1z9XY0W10KXIMINYk1S4W89240u,11,plain,none,mixed,1 3 4 6 9 9 10 12 13 21 33
BB1W080GCOo8L1IYaKnL0a0Z197eN1GGXID858saI,11,plain,none,mixed,1 4 4 5 6 9 9 14 21 24 24
BB1W126mbGPI-HA8PGa28Z0HHi21kMfkZPpSa0840,11,plain,none,mixed,1 2 5 6 10 11 11 11 16 20 28
BB1W28ISPzanGe1JZC78C6HI6dcSLqEdU9GXWGa84,11,plain,none,mixed,2 3 5 8 11 11 12 12 14 17 26
BB1W8Gmk711AJL1i4aIX1q042Xv3yD8p0iEYifpg1,11,plain,none,mixed,1 1 5 6 8 12 13 14 20 20 21
BB1W1HFI50HOLAYAWr4HAAmY4CLg8yX11LbaeceWe,11,plain,none,mixed,1 2 6 7 8 9 10 13 13 23 29
BB1W0a3mIH4oBqfbxAa4GH01X81OA5GJo46GKX52C,11,plain,none,mixed,1 1 5 7 7 7 11 14 19 21 28
BB1W84F17eKXBOi0m912Cm81AXpDCOHI70Q2KKc2O,11,plain,none,mixed,1 2 8 8 9 9 10 11 11 16 36
BB1W4GWGYy2GAX4YaYo7O1WGkwQ450V0U1E8BX86W,11,plain,none,mixed,1 2 5 5 7 8 10 10 11 21 41
BB1W8W8X4LuSX21owcIH0Y0Gv8rGE2NahqW80W66I,11,plain,none,mixed,1 1 1 4 8 11 11 15 16 19 34
BB1W040A38BnTreg9c9K58581U2qC0G0uMaMy4YGX,11,plain,none,mixed,1 1 3 4 7 9 10 11 13 25 37
BB1W0v388a_Om5WME3434aGX232SIX48nOk2qYO2W,11,plain,none,mixed,3 4 4 5 6 6 8 13 19 26 27
BB1W4eF0yWP78nB8CbJre8WA0mZKX91EAWXI6Hma8,11,plain,none,mixed,1 4 4 5 10 11 12 15 17 19 23
BB1W24G4HCeo8eqUGroif00WXXx9f2Y54IJGqJRXH,11,plain,none,mixed,1 3 6 7 10 11 12 12 17 19 23
BB1W14OHKbHo4DXb9CyB024GGYmB2HL7f144Ima0b,11,plain,none,mixed,1 1 1 7 7 10 11 13 22 24 24
BB1W20Y0b2KP15dL64T05WI4KGKYC8oJeJ1CI5CKc,11,plain,none,mixed,1 4 4 4 6 11 14 15 16 18 28
BB1WDArOPHn6fx4KnByy5f00482K4e4n8qRn4fP0X,11,plain,none,mixed,1 2 5 8 8 9 12 13 17 19 27
BB1W20GCOo8IFiQH5OfX0I0QH1n1_ZpIH278SAA38,11,plain,none,mixed,2 2 2 3 7 8 16 18 19 22 22
BB1W20404SfiuhYEr0l2SG882iE6p6aL8sH40aGL1,11,plain,none,mixed,1 2 2 3 8 10 14 17 17 22 25
BB1WCe1WwK9mn6KB7CS0KH08P18X222uWkWI74PKH,11,plain,none,mixed,1 1 2 5 6 7 15 17 20 22 25
BB1W0eGLKL6GMBNWN-82W0Y8ONIjC1abdrVefIM34,11,plain,none,mixed,2 5 6 8 9 12 12 15 16 17 19
BB1W0A0GiKmm3CCn4uZ48G4IWI8f348E12C9mT2oI,11,plain,none,mixed,1 2 3 4 6 6 7 8 22 23 39
BB1W2248d9Ko9Gaj8ja0d12GhYepWXo4j3YIKa5W9,11,plain,none,mixed,1 3 8 9 10 11 12 15 17 17 18
BB1W2Gdegbo6WO5m1S6m40OYE8z1KA8JWue6WWGn9,11,plain,none,mixed,1 2 4 5 7 7 9 12 17 27 30
BB1W300W20HIpj8oJpOXW10H1g1288bbEfZg9uWX2,11,plain,none,mixed,1 1 2 6 7 7 11 16 20 23 27
BB1W0K5W60A0J4KI974To484Ga0q2SAmaf9a4GdYe,11,plain,none,mixed,2 3 4 6 6 8 10 13 13 16 40
BB1W0W18ILWSWKKe0k8Ul70X217eMK8zTzYP9hbOe,11,plain,none,mixed,1 1 6 7 9 11 12 12 17 17 28
BB1W4Ga3qJIXH4fpSCJXr4X4BuKGoCHmfGr4I5nnG,11,distinct,none,distinct,1 3 4 8 9 12 14 15 16 18 21
BB1W408lACaJue204OPXfq9011s0M1KI5GQYaZ9ua,11,plain,none,mixed,1 1 5 5 7 7 12 12 19 25 27
BB1W0d2O5WfkObM8K8X15WaHGb34JmWU0K391uyeG,11,plain,none,mixed,1 1 5 8 9 9 10 10 16 24 28
BB1W1273A0LXYE8eKaOef35Go8GH14AgJbP2e8X1A,11,distinct,none,distinct,1 2 3 6 7 9 10 16 18 24 25
BB1W22O5vOunX5KOHH27G35A68a4mb1809YyH342X,11,plain,none,mixed,1 4 4 5 5 12 12 12 19 21 26
BB1W0Ht3m50fWY2cI6GEIbGW9bIewOkJ8K0G0a6eM,11,plain,none,mixed,1 3 4 5 5 7 12 12 16 20 36
BB1W0K1K98SqGk1XX6128KWWWe4aUmAQeTYsH14C4,11,plain,none,mixed,1 1 2 5 7 8 13 15 17 21 31
BB1W4eI9uc4Gna4J9X6IyqG80X6z42H188Piev5a8,11,plain,none,mixed,1 1 6 9 9 10 12 13 16 20 24
BB1W41XH74yeB020G4_wE604jX3qHH2CM0z4a690g,11,plain,none,mixed,1 2 2 5 7 9 11 11 12 22 39
BB1W551aIK9OHIAZ_0a37aG8GqiYkK6Hg49m182HI,11,plain,none,mixed,1 2 4 5 6 6 14 19 20 20 24
BB1W4AWX619oZ60G1KHN48GGiIC4mn42HcA8e8WX8,11,plain,none,mixed,1 1 2 5 8 11 11 15 20 21 26
BB1W1W4GA0lIX91A4ZoC80mGH51G4aGd2SE9NXe5W,11,plain,none,mixed,1 2 2 6 9 9 11 15 20 22 24
BB1W0kX5GfYbG4BS7GgJ5cQ46f2aD6BqGA8s43WI4,11,plain,none,mixed,1 1 4 5 7 12 13 18 18 19 23
BB1W0JHaOOKGr9XA6GLHIAIW90H14IKQrQ8miyx0A,11,plain,none,mixed,4 4 6 7 7 11 11 12 16 19 24
BB1W4nKeH1CWW0MH4rFOAWmE1QKnL8S1g17eIU902,11,plain,none,mixed,1 2 5 5 6 7 11 13 16 17 38
BB1W0mH21JC588X4O9XI4CWmb2aYW8vYbIM9DuaaK,11,plain,none,mixed,1 3 7 8 8 8 8 12 12 19 35
BB1W8K0cp1K-hwgDY52141J13499IWP4sp0ArZE0a,11,plain,none,mixed,1 2 4 10 12 12 12 13 15 19 21
BB1W9GRvs4u9YeYEL4ub1Wo90LbepD3BKEOGGcBuW,11,plain,none,mixed,1 6 8 9 10 10 11 13 16 17 20
BB1W0W1K608h2I2CLatLB4W4H14uU13YCwKKWg2S2,11,plain,none,mixed,1 3 5 7 8 9 9 13 15 24 27
BB1W1c4OH0WE3e9Xqon8y188GY1uIAo0a2W58XYMH,11,plain,none,mixed,1 2 4 5 5 10 10 13 14 22 35
BB1W2n4aHzslQuQMb9md4W85214IAOK8IC4m4jE28,11,plain,none,mixed,2 2 3 8 9 9 15 15 17 17 24
BB1W0uWU21m70fSKmIU2Op20YH9Gfo3XGgSiH244m,11,plain,none,mixed,1 1 1 5 6 12 16 17 17 19 26
BB1W708ZYqDeIX6a6GOXg5GY5Oi068GX64HJ8T010,11,plain,none,mixed,1 2 2 7 7 7 12 16 21 22 24
BB1W51C58SIZnU38CMmd898X2Yr4GLW90GGh4SX0C,11,plain,none,mixed,1 3 6 7 8 11 12 13 18 21 21
BB1W984f4J1MErGY1I74QH250YU1430FXH95dj0XI,11,distinct,none,distinct,1 2 3 5 8 9 12 14 15 23 29
BB1W1184WY7Bz46ef0a2eCW30832LXN2mMWW818A0,11,plain,none,mixed,1 1 3 5 5 8 8 12 20 26 32
BB1W330C1G2aI67CYaEGq24D1852I0u3G8GpSaYI2,11,plain,none,mixed,1 1 3 4 7 9 11 12 14 20 39
BB1W2W5H8pjEaYZgp0w0S282W6OhZ0ouKZXZw728e,11,plain,none,mixed,1 5 6 9 9 10 13 14 14 18 22
BB1W94GnCOZ8Y81W6nDev7m5BdML1SGs3v2AODHH6,11,plain,none,mixed,4 5 6 7 8 8 10 10 10 23 30
BB1W2aGf9b33040fdAaM48WGHFemYH5x7sp3y8JYG,11,plain,none,mixed,1 4 6 8 8 9 11 14 16 21 23
BB1W4Y999KJi1zhe94H2u8W21mn0HXE-K7WKQOLcQ,11,plain,none,mixed,1 4 7 7 9 9 13 13 15 16 27
BB1W60O1O3H38aOoJL8KvQA48881SLnA81G60eUo4,11,plain,none,mixed,2 2 4 4 5 7 8 9 13 29 38
BB1W4e8cIPXs48Gk34T12HX00Wc5OGaeAZGL0i694,11,plain,none,mixed,1 2 2 3 5 12 12 12 14 28 30
BB1W4DYHr9YI4gKN8Wo1e6GIkAFfL0Iw2E0990I90,11,plain,none,mixed,1 2 6 6 9 10 11 18 18 19 21
BB1W12A48X14m49mdAH51S124IH24Rm6GI0e4xoZ9,11,plain,none,mixed,1 1 5 6 6 7 12 16 21 22 24
BB1W0K1IXA6IOYbHiLA9O0b6JMAnL57I4EWj8a6G4,11,plain,none,mixed,3 4 4 8 10 11 14 14 17 17 19
BB1W0AYKaWT1-1D61AHY6aWfUAvA4uCmpA69jN820,11,plain,none,mixed,1 2 5 7 7 8 11 13 16 18 33
BB1W0m9fggL4eGT1EA8OH14oIKGoH9eU8e90i0h11,11,plain,none,mixed,1 1 6 9 9 10 10 13 15 16 31
BB1W1GBKjO2WGWeLYI1e8A062fAcc2Ofq1G6lA5AC,11,plain,none,mixed,1 2 2 6 6 6 12 12 19 20 35
BB1W2WAZc9848JnA5iE1B4We5WE0O26uA21X549mP,11,plain,none,mixed,1 4 4 5 8 8 11 13 21 21 25
BB1W62NH4av3mWI29WQmrYWKHGX294YeKAZ1-8V29,11,plain,none,mixed,1 1 4 7 7 8 10 14 18 19 32
BB1W050q5gKf2q48EwKPnJ04I49q9GQ1nM94OX101,11,plain,none,mixed,1 4 4 5 5 7 8 13 16 26 32
BB1W1WbOXaBgW9Q9II4ZHMB41kAjM5QoS8YwYOOo8,11,plain,none,mixed,1 3 3 8 9 11 11 13 13 22 27
BB1W18_Bj9YU94oaXAA93ZAG28bWe63ZuWw5vqaYX,11,plain,none,mixed,3 3 3 5 9 9 9 17 17 21 25
BB1W44WMgbH1692eB870u58iAG51n45AeeazWlXWc,11,plain,none,mixed,1 3 4 4 7 8 12 19 20 21 22
BB1W744W9WIE21aG0Y8UXA830vY8O50EGlEmH0OHb,11,plain,none,mixed,1 1 2 2 6 10 11 11 24 25 28
BB1W22X663vm6XrmPWL448mn8KckbvDfKMqMI34A0,11,distinct,none,distinct,2 3 4 5 6 9 10 12 22 23 25
BB1W24182aYWl9H86XGA388aJY1Q58QkPvWoY88HI,11,distinct,none,distinct,2 3 4 5 8 10 12 14 16 19 28
BB1W0e1qskAukX249aIYkI0aI1253Y8eeZaXWhBH1,11,plain,none,mixed,1 2 3 4 9 11 11 17 18 20 25
BB1W2aIZ4XX0G2O24GMnRA1428uXYL6CTGTqHmWHq,11,plain,none,mixed,1 2 4 5 6 10 10 12 16 21 34
BB1W092AqgA8mZACHzRuW0X1nS592YCu-Wuma8282,11,plain,none,mixed,1 1 1 8 10 11 14 15 18 20 22
BB1W0GH2eA8GakaMHIT0K2Ymi4N040MQ4e0H1m914,11,plain,none,mixed,1 1 1 3 8 10 11 14 23 24 25
BB1W4HYI5OKXGG28GHa2W809e60m4Gnp8b2CoJ96a,11,distinct,none,distinct,1 2 4 6 7 8 9 15 18 19 32
BB1W0b94SGN8ZwB2IjHCeAaIHY5d8AUI2O9U9WH09,11,plain,none,mixed,1 4 6 7 8 12 13 13 16 17 24
BB1W1KG0W4WGSOqSWd4Ow8Oc2Ltk-ZA7cRfn4W6X4,11,plain,none,mixed,2 5 6 8 11 11 11 12 12 13 30
BB1W0YGCAXAKeygX20D0u10K1OpZ4EWHL9H643408,11,plain,none,mixed,1 2 2 3 5 9 12 15 19 25 28
BB1W188uWGiXUHTWY1G5Ce2H8LWgYoa70K6Jg1m1G,11,plain,none,mixed,1 2 4 4 4 5 12 15 17 21 36
BB1W28y2G3mX6NgTgnYv0IO2B7S9aBZgw1WW0qEX4,11,plain,none,mixed,1 1 4 5 6 8 12 15 17 18 34
BB1W6G70d1Q9L3OIWcCGb6b0aGo1u8XIGNaZD061G,11,plain,none,mixed,1 1 2 6 6 9 10 15 16 21 34
BB1WCW1W91YiEemf0G1164OG8m30G3Ymg2aQ98G0e,11,plain,none,mixed,1 1 2 2 2 8 15 16 19 21 34
BB1W0b2C2GW40KjI8WYBeHW4GB186HoR5Y28eXe4W,11,plain,none,mixed,2 2 2 3 7 10 10 14 20 20 31
BB1W2Y5H94ecZ0g5mLgO9WKn22NhP14o88Y5XGD0m,11,plain,none,mixed,2 4 4 5 8 9 10 13 13 15 38
BB1W01J91829kbZ4eJ8Y0425Bg6m3mMn0K1mSICXI,11,plain,none,mixed,1 3 3 3 6 9 9 11 11 28 37
BB1W4CAP3Y1IXhONYg5Xo4C4WG-0a2Iytq2SY8iH8,11,plain,none,mixed,1 3 5 6 8 8 12 14 15 21 28
BB1W8WHXT6q8LpcYWCW2o0I4OT6KY4ucE84G249XE,11,plain,none,mixed,1 1 1 5 6 9 11 13 17 18 39
BB1W86mgiRWk58bHD5ueUWG58sGm8YGPP0O205D38,11,plain,none,mixed,1 4 4 5 5 7 8 16 16 19 36
BB1W1SPoZ8efyY080SDemaWCaGX2m314H9Ii48A14,11,plain,none,mixed,2 2 3 5 9 12 12 13 14 15 34
BB1W4GINuiHM6eA8GHXwGX5G0g8n8J1j64eAGHWeb,11,plain,none,mixed,1 2 5 7 8 9 11 11 16 21 30
BB1W0a4WHA89D4anYaaJCA8a1S6GX8718Jl14CSX2,11,plain,none,mixed,1 5 6 6 7 9 12 14 15 18 28
BB1W6XObM3SS4JZuiAGH42WGXCAnK49n2I2X58Rae,11,plain,none,mixed,2 2 5 8 10 10 12 14 16 17 25
BB1W24bY8gyoGLCHI4Z1NX0CP8dGjk5cbWj4PK5W9,11,plain,none,mixed,1 6 6 7 8 9 14 15 15 19 21
BB1W2G64u30n3w5gWnDpH28Q0S5B8JAcK90G1e5SG,11,plain,none,mixed,1 1 3 5 9 10 14 14 15 17 32
BB1W0GEIafEOkOgHwU36K5X0Xg0UyLWbpnjXAXD50,11,distinct,none,distinct,1 3 5 6 8 10 12 16 18 20 22
BB1W2Wi1oUmEYPfQA8eI-4RY1WI0IQH3ewKII13Y8,11,plain,none,mixed,1 6 7 8 8 8 8 15 20 20 20
BB1W0JKKYX8Sv1N8DYOaqI820Eqwia4GV2Cq4Ve2G,11,plain,none,mixed,1 1 4 5 7 8 11 15 18 25 26
BB1W0W47K8AmfDYvf81GJ1GQ54BGeCWGWjml1eZUG,11,plain,none,mixed,1 1 2 7 8 11 11 13 16 22 29
BB1W0953d2B4TLA48GI2E6Z4A8pYPrGL6uKcC48g2,11,plain,none,mixed,1 2 7 9 9 12 13 14 15 17 22
BB1W82G4HDHCJPKcZiy5mG0LAeL9D1X4ao34Gp63a,11,plain,none,mixed,1 3 4 4 7 11 12 16 17 22 24
BB1W81G622uZG9IXA8JWO48PV5CKKHM88eLbHD64W,11,plain,none,mixed,1 2 3 4 7 13 13 15 19 19 25
BB1W083en31v8XXP44GV0C18r1I8K5Gb1A4m93qD2,11,plain,none,mixed,1 2 4 7 8 9 10 15 15 19 31
BB1W1860J5bWf02Bf0nq7G8Z3W58Gd4eIZ5q34N29,11,plain,none,mixed,1 1 1 4 4 11 14 17 17 20 31
BB1W06X890M2Gi0A15e10279Wc2850NTJECmL0Y25,11,plain,none,mixed,1 1 2 4 8 9 11 13 17 24 31
BB1W4nIgAf6YAH8mUXA8KgW44B0K23q0U72N6I184,11,plain,none,mixed,1 2 6 7 8 9 11 11 20 20 26
BB1WCeCWKEI5G8Xt4eWo328Wf2e9nOn2Xa2SEG509,11,plain,none,mixed,1 4 4 5 8 9 12 13 21 22 22
BB1W0i2G8IG4Ya6owLeWk4GA0K08w299aQOAGL72G,11,plain,none,mixed,1 1 4 5 7 10 10 11 16 27 29
BB1W1YXL4oWFXCY44F94KaGWk5hAAXFfiM0uoHc8K,11,plain,none,mixed,1 4 4 7 7 9 10 13 19 22 25
BB1W83Ob149mK2Gy2bgXI4eGeYGI0e2XA2_efWd60,11,plain,none,mixed,2 5 5 7 8 9 9 9 10 13 44
BB1W14fP63e5OX14cPaYBEX284u8TA9iG9baMY0O2,11,plain,none,mixed,1 1 4 9 11 11 11 13 15 22 23
BB1W0GLv9XO3Y03Wj3Y894Y2erhEfLmCXPA1G6WQ2,11,plain,none,mixed,1 2 4 5 5 7 7 13 17 20 40
BB1W1KnGEL-FqkaiXGxo1G644SjMX0YGw6i4R9H2W,11,plain,none,mixed,2 5 6 6 7 11 14 15 15 18 22
BB1WA0X98besr1K9YG9o92OJ4W8YYuhqeIZn8g3P4,11,plain,none,mixed,1 1 4 7 7 7 12 17 17 22 26
BB1W0AN4E58HA2Xrx6CaeYAWgxLHMA093SX35k34O,11,plain,none,mixed,1 3 3 9 9 10 11 12 14 20 29
BB1W1Gf0O108Zk9138CkC0Z2KYH7GZQMGMWA0i2mJ,11,plain,none,mixed,1 3 5 5 6 6 6 13 14 23 39
BB1W8W414Ye6GPYYMG5GN0p2488GNCmOH1N5Pe8Ga,11,plain,none,mixed,1 1 1 4 6 10 15 18 18 23 24
BB1W8DZlVDZP0e1SaImX35WGaA2eN40d0YKHeLGY1,11,plain,none,mixed,1 3 4 5 5 9 9 13 17 26 29
BB1WEC9SZqEmv90aDGX2ID4C9G8020D2t8WY2A0I0,11,plain,none,mixed,1 2 2 3 6 7 9 11 18 21 41
BB1W0c8JkAqfwNX5u3m2uY0M438cR92G04t0aW60G,11,plain,none,mixed,1 1 2 4 7 8 11 14 16 17 40
BB1W282OFH5CBGJ0H366OWX4abJdGkAGeXS0a181G,11,plain,none,mixed,2 4 7 8 8 8 8 9 13 13 41
BB1W2XYoK63OC8imJ1oXE2WAAma8f4dWBbcIf6X8a,11,plain,none,mixed,1 5 6 9 9 10 10 14 15 17 25
BB1W50lR7OXWmYvHL7WX44L1AwJI4a4iHM38Yf71X,11,plain,none,mixed,1 3 5 7 10 10 10 13 15 23 24
BB1W0I24GP1yOnDWkWR1GAWC2aDmYKHXe6GI4I93a,11,plain,none,mixed,1 2 4 7 7 8 14 15 16 17 30
BB1W4498IOXa_T103KMXaAGW0GY18NkHY8l4zuk4S,11,distinct,none,distinct,1 3 7 8 9 10 11 14 16 17 25
BB1W81IDH91G0O6azAKma2WKgOMHU4gW22eBvZaXK,11,plain,none,mixed,1 3 4 6 6 6 12 13 14 15 41
BB1W0H142Ga10M9eQXGf1LW60B0W30aF1eI4CGmf1,11,plain,none,mixed,1 1 1 5 5 7 8 11 22 23 37
BB1W8WtnUWYG8GHCkeOHH49X28cYP3HXyd88HWFGe,11,plain,none,mixed,2 2 4 6 7 9 14 16 17 21 23
BB1W0iPAG9QfmNW_8X4AWO28iXIQQSPGgX08cXY6G,11,plain,none,mixed,2 3 5 5 6 8 13 14 17 24 24
BB1W030KXnKIHC2mX4MX829B4WL0o0D5GfYZmCX48,11,plain,none,mixed,1 1 2 4 6 9 9 9 24 24 32
BB1WE0Y288WwCPIw90dZ8KS0CWM7CCY0e50D3eHGK,11,plain,none,mixed,1 1 1 5 8 9 11 12 12 23 38
BB1W1WI1TC8GeU1WE0a4HGHG60oBA24AHaqZA8mZ3,11,plain,none,mixed,1 3 5 6 7 8 14 16 16 21 24
BB1W2040CY5fic4O4bd5Ke08115sZs9Gbn72KLfK9,11,plain,none,mixed,2 3 6 7 11 11 15 16 16 16 18
BB1W1928CfKZgG50cA440C0X0Q144Ra2XRjEyu8eY,11,plain,none,mixed,1 1 1 5 6 6 11 12 24 24 30
BB1W089ePK21WFWaGQOY8H0XY04tJhAsO5za_WWa2,11,plain,none,mixed,1 1 2 4 8 8 12 14 16 27 28
BB1W0X149hfYYIUaKYI4u8GXHF54Y1wm40ZPL1q2W,11,plain,none,mixed,3 3 4 4 6 8 11 15 19 19 29
BB1W9eWX18KAAc5e9I4GZ188dK5m4887igM94K9WX,11,plain,none,mixed,1 3 3 3 7 10 10 16 19 21 28
BB1W9Wc1O34C22FXXAGP82e8KmAWK0jBmi2J5CNXK,11,plain,none,mixed,2 3 5 7 9 9 10 18 18 19 21
BB1W0017HEK5YQrWA2GF0a10HsIrwWC33aFWc2KDW,11,plain,none,mixed,1 1 5 5 5 5 6 10 17 30 36
BB1W74mW1842GA2uv88R5WIX5A4QKHI2mCCe2e9WZ,11,plain,none,mixed,1 1 3 3 5 11 14 16 16 22 29
BB1W24a9Cv08Q888Ww4OKIWaFXc2G70N4z3biefaY,11,plain,none,mixed,5 6 6 6 7 9 9 11 13 15 34
BB1W4Gf0a1Ha212DH82222J9XMbeoHf6WB0o0i33K,11,plain,none,mixed,1 1 3 6 8 12 12 13 14 20 31
BB1W141wFWdKGI1u60q8e15eGY48Hf2nSYeXW5GM0,11,plain,none,mixed,1 1 3 5 6 6 10 18 18 21 32
BB1W0Z2863VApAE8Ou0YOHW40e2KaXIL94aaOYGY2,11,plain,none,mixed,1 2 2 6 7 8 8 10 18 25 34
BB1W144Oo3628g4W6028MHaOXX7X21C1G5cXUAGP0,11,plain,none,mixed,1 1 3 4 4 8 12 14 21 25 28
BB1W0H1OXaI4JKi-GP1y49eIHY8b25uM0gImkc0W4,11,plain,none,mixed,1 2 4 5 7 7 8 17 17 26 27
BB1W166624COnY6GreG1c6H2240WI56qJKAC2w8KX,11,plain,none,mixed,2 2 3 4 5 10 13 15 16 22 29
BB1W0K0e2X3QJ86KJTACK2G8WH5GB3iBkj0obGM2K,11,plain,none,mixed,4 5 7 8 8 8 10 13 14 15 29
BB1W93eLHckLIDQJEWvZ0I044e8dq1v88oY6bB30a,11,plain,none,mixed,1 4 7 9 9 12 12 15 16 17 19
BB1W1GYHf7aYYbPqcupKMXY055GOSgm4IRfX2W9mn,11,plain,none,mixed,1 8 8 9 10 11 11 14 15 16 18
BB1W2J4eac5hHKnZ493h8a8W3Z1NTX833u3b6Cu88,11,plain,none,mixed,1 2 4 5 10 11 13 15 15 17 28
BB1W62IHak9CRnetbzEXX0mWXcHBGiTH0WX9mKnmK,11,plain,none,mixed,1 2 4 6 7 12 14 14 19 19 23
BB1W2I6g38wMOWe8X1o1W4La1K3A9b0gCRunz0W21,11,plain,none,mixed,1 1 1 4 6 7 9 12 25 27 28
BB1W08q8X2ZvvGE0q1GWXAICb6Y3cQZc2890w4Xp4,11,distinct,none,distinct,1 2 4 5 6 8 9 11 16 20 39
BB1W20rZNWa2EfF2WEvpg38WgiZI2IK820I2NGmYe,11,plain,none,mixed,2 3 5 5 6 6 8 12 19 21 34
BB1W0K2025G6WaeDeKWo418I1S9miHHp5qGfZU8em,11,plain,none,mixed,2 3 3 4 7 8 10 13 21 22 28
BB1W0E0uw6a4aA5tB1GY0O0WY25r5ZeGH53KKmKXg,11,plain,none,mixed,1 1 2 7 9 10 12 13 19 22 25
BB1W284G947PI3aCHQ0mQ2eGXqE2e6W24Rf45Wf1Y,11,plain,none,mixed,1 3 5 5 6 8 8 12 14 20 39
BB1W2G6GMxXo3W20ujXg82G52BD6OPXO30EF8f21C,11,plain,none,mixed,1 3 4 4 6 9 10 12 12 15 45
BB1W587YAA1K6QIQAev25Wp49X44r62ZX8258OaY1,11,plain,none,mixed,1 2 5 5 5 11 12 12 18 20 30
BB1W14CYwCbZ5eMIIL9KhH0W7WGYg4e34IRA086I2,11,plain,none,mixed,1 2 7 8 8 12 13 13 13 14 30
BB1W22QLIH1wYQMHe4H1m4a11Oh1x4QacK-YAIf1X,11,plain,none,mixed,1 3 4 5 11 13 14 15 17 19 19
BB1W9HAGOLCJ0f1AQ0S1X16YI92N7HLeqwXovBYW8,11,plain,none,mixed,1 2 6 10 10 12 13 15 17 17 18
BB1W0bYgasHPHaWmr229ufY1281H1KAH55eG72m50,11,plain,none,mixed,2 2 3 4 4 5 14 16 16 27 28
BB1W020uQGoDYS9Gb078gC0nZbEKX5H68ef5KCmL1,11,plain,none,mixed,3 3 3 4 6 9 12 16 16 24 25
BB1W1IgQcGSoNpMc2GAWYa8aP0WWeAHVITE6CPs08,11,plain,none,mixed,1 2 7 7 11 11 11 12 14 20 25
BB1W28G50CIWb4ah18K4G0GLJrWy3m914_A4eMQKn,11,plain,none,mixed,1 3 3 3 5 6 8 14 16 21 41
BB1W294uP3GCDeaq8G2WAee80X1cZ4i8mr7GbH8D0,11,plain,none,mixed,1 2 6 7 10 10 13 13 15 18 26
BB1W0H284SYI8n24Gh34Z1WX322aCGXuD0a9I_eGY,11,plain,none,mixed,1 1 5 8 8 8 9 12 12 23 34
BB1W2eHA58Fmi454HA8mYCWGbaX04GPXmi9Hqaf22,11,plain,none,mixed,1 1 2 7 7 8 10 15 18 18 34
BB1W289XbX23mCYH9bIaXqGWI0GGa1N1Jo2YMC5mO,11,plain,none,mixed,1 1 1 7 8 13 13 13 19 19 26
BB1W0I8mI1g2Tq4WK9F4GCE88WYL51jBEX12oHgN8,11,plain,none,mixed,1 3 5 8 8 11 13 14 17 17 24
BB1W0f1bzPA6Pq78X3c1x4WI2AIGYb2k4N7124eeX,11,plain,none,mixed,1 5 6 6 9 11 11 14 16 18 24
BB1W10P9SWLYQBeLKbT20O0mYAWF0YANo8eUi1474,11,plain,none,mixed,1 1 5 7 8 10 10 12 13 27 27
BB1W4KjosRYsIET9ggA0R748ee5270b9eg85MLgWG,11,plain,none,mixed,1 4 4 6 10 11 13 16 17 19 20
BB1W1IA8JGm6Hi40Y9o5Ca480j1hF7SXWw5j8vWY3,11,plain,none,mixed,1 3 4 5 5 6 10 17 19 21 30
BB1W16uOISe9WX67e51bOIXKASKJO3Z28GKYWn4Y6,11,plain,none,mixed,1 4 5 6 9 9 9 10 17 18 33
BB1W11xekb6O6WH1HX43m11XAqHgsOA8k1284YI88,11,plain,none,mixed,1 1 6 9 9 9 11 12 13 19 31
BB1W0mSb2S6WfX3a2GJX2C8i1GY12OK0I13YAOWA0,11,plain,none,mixed,1 1 2 2 3 11 11 13 19 21 37
BB1W2WwhMhfAbC3W4yOGH24M8OQX41APyh88WGY2W,11,plain,none,mixed,2 4 5 7 7 9 12 13 16 20 26
BB1W0uzG8QG1040K34I8mIXWf3KAWc4ue5uGHX62K,11,plain,none,mixed,1 3 3 4 8 9 9 11 19 23 31
BB1W95GX15bFWWb2YAH2eKW58Q5iEAFY2G5YgIa1G,11,plain,none,mixed,2 2 3 6 8 11 13 13 15 21 27
BB1W21LQIP3A8o1Wa1G0XD88bkcY6LgH74AWQ3GH2,11,plain,none,mixed,1 3 5 6 10 10 10 11 15 16 34
BB1W0C1SIW30C1CA99NKhm0Z2L8mX42GF2MKBA9M2,11,plain,none,mixed,1 3 4 5 5 7 10 11 17 18 40
BB1W0Ww0aHx2W8f4gmA-G4o4K6WKYnQO1GsfRHGZ4,11,plain,none,mixed,1 1 5 6 11 12 12 13 15 21 24
BB1W6W4H19o8CWg1PIG8eX4K2CmJI2Ea-Xg58akJ1,11,plain,none,mixed,1 1 3 6 6 9 12 15 18 25 25
BB1W2WxT8KWYCA5X24G0G0vC9GOWY2UHA4OWI6G2q,11,plain,none,mixed,1 1 2 5 6 7 10 14 21 24 30
BB1W1HuP6oN4hYmSg90A0j14eifhP45GcKF81Z51a,11,plain,none,mixed,2 2 5 5 5 6 10 12 13 30 31
BB1W0H0a40ac5qf9Gf3aG94GWw1aA10A3ac4K9U19,11,plain,none,mixed,1 4 4 5 7 8 10 14 17 23 28
BB1W10N678G3CTm91KL1XBee5Wc2OLKXPEIeHPHy0,11,plain,none,mixed,1 1 5 7 7 9 12 13 15 23 28
BB1W50H0I589ZBOTH94um3OeYPMDGx3l1e0824AWK,11,plain,none,mixed,1 4 4 6 6 9 10 10 21 23 27
BB1W44WH1a8Emb2KeYIA4YL2C44GHmX60I3g81041,11,plain,none,mixed,1 1 3 4 6 7 9 15 22 25 28
BB1W1e24OIXCACYnx8vaCX994PHPefa281u4WEN14,11,plain,none,mixed,1 6 7 7 7 7 10 11 13 19 33
BB1W5WGY3g28E48GCSnod2OH6iAmAOZY2A2eI0Q11,11,plain,none,mixed,1 1 4 5 6 10 11 15 18 24 26
BB1W58eT2q5D44niJ9qvSY80C2KgB1L5mQVoAc4Wa,11,plain,none,mixed,1 4 5 8 9 9 11 12 14 20 28
BB1W408MCFGWY4418GkNQ10WbIubH678LSaLXc6iK,11,plain,none,mixed,1 3 6 6 9 9 11 12 15 21 28
BB1W2aI8KX8dXE3oHKLIReGGGWnn5ofS4H2Nfe4GO,11,plain,none,mixed,1 7 7 7 8 8 13 14 17 19 20
BB1W2YsWe0WZ0bfEDEQAY8XOOSHpioXKH68FYS10C,11,plain,none,mixed,1 1 5 6 6 10 12 12 15 22 31
BB1W28A0RXL88oZDGq7W0G02G90nJ3acIeaoMed14,11,plain,none,mixed,2 3 3 4 7 9 11 12 17 23 30
BB1W44myEVkHWWcnadoZ102aLRAKII8L0g9YQALZ3,11,plain,none,mixed,1 3 4 6 8 8 11 13 20 23 24
BB1W0Xn1745i4D2Q4QeMo2H39gYcL8yXeeKv6KTgG,11,plain,none,mixed,1 4 6 8 10 10 12 15 15 16 24
BB1W0AQLaooB4I2WIW8o94GZ2CW0EmgvZU57qUmGa,11,plain,none,mixed,2 3 5 5 6 7 7 14 20 22 30
BB1W1m4eAXKPnWf2JB4GBWG3GI4WME80oef1g45WH,11,plain,none,mixed,1 1 1 4 6 7 8 17 22 22 32
BB1W1W1uNUmUX9I043e0y2GGY41OlDKuAGIYX142m,11,plain,none,mixed,1 1 1 5 5 11 13 13 16 21 34
BB1W0WuWY1m4EtDKo0aCWH68a5Xeh2Ca-u1G6WI0f,11,plain,none,mixed,1 3 3 7 10 10 11 15 17 20 24
BB1W0X4aEWbfGKLH4WIHI14SWI0eQj3CD2g0c3umC,11,plain,none,mixed,1 2 4 7 9 10 10 10 13 27 28
BB1W4eKKK6aT1te4LCErWn144P8O5hP1rqla2m4iO,11,plain,none,mixed,1 1 4 6 6 14 15 16 17 19 22
BB1WAHGaUOIGQ2Kzo68GP0GZ9sm90Y2HAonn0agG8,11,plain,none,mixed,1 1 2 6 7 9 10 15 15 19 36
BB1W88XXoFWkPaYCAiaYIKuW5W9504XOsk0r4m50O,11,plain,none,mixed,1 3 4 5 6 7 8 12 12 18 45
BB1W2Cr6e0W8382rAHKW90M4cYfJP1cHA3WDXI5aC,11,plain,none,mixed,4 4 4 4 5 6 8 9 17 26 34
BB1W248P7HT70HHAG0G30o10K0OqZWX6181u6ZU98,11,plain,none,mixed,1 1 4 4 4 6 8 10 19 28 36
BB1W1I2fI4G90CDAv5I4aGX14KCahSt2Id4JH0204,11,plain,none,mixed,2 5 6 6 7 11 11 14 16 17 26
BB1W88erGbrf1nXa4GI18Wm0DXX5KHgB8icrk3K2G,11,plain,none,mixed,1 5 5 9 9 10 10 10 18 18 26
BB1W0Y20O9X2P9Yg40G1mb0YH87WQ4X5eM181YIA8,11,plain,none,mixed,1 2 2 3 7 8 13 15 17 23 30
BB1W9KbXSco54YPrHsS0e5414Q5Oza95KvlPSK1H0,11,plain,none,mixed,2 3 6 6 7 9 13 15 19 19 22
BB1W1e0yFmqmmZ2yAGIfa4mAn86WH90HSpuI8I0Y2,11,plain,none,mixed,1 1 4 6 7 8 13 14 19 23 25
BB1W1H2P4OA8iXBmeDgcqo1475K52CG1pb-n8Bg1a,11,plain,none,mixed,1 1 1 7 7 9 9 15 15 25 31
BB1W1W4ZJjnPGMII99fGP1mH4428U58ux42ZKGq2b,11,plain,none,mixed,1 2 4 9 12 13 13 15 15 18 19
BB1W4IHIOIH8aZk1tXf0Y48X4G0eZ49OWJ0SohE90,11,plain,none,mixed,1 2 3 5 5 13 15 16 18 20 23
BB1WB8WTveW14H160aMIu20I68GYYqbMPGTCEoT4Q,11,plain,none,mixed,1 2 4 5 5 7 13 14 17 20 33
BB1W20uE1wc1PX659Wc2WE0Q9eK0e2X68AWiJI52C,11,distinct,none,distinct,1 2 3 4 6 7 10 16 19 22 31
BB1W4Av4aIOYXZfMC4f5YAA0bwciCWb42M28AQZ28,11,plain,none,mixed,3 4 4 5 8 8 11 15 18 18 27
BB1W2GSUX2490O2mwmgYnIIGFCC5C80Z6If8GM0q2,11,plain,none,mixed,1 4 4 6 6 6 7 10 20 28 29
BB1W80WKkemGYY643BH1o18v5IMmn35Gen4KXxaQH,11,distinct,none,distinct,1 2 3 5 9 10 12 14 17 20 28
BB1W12AWSYf6GA1J3uFlm4WGH247mWvW7azun8a38,11,plain,none,mixed,1 3 6 7 8 11 14 14 15 16 26
BB1W0X1y201HwahIf5DqeD0H1a24705W9GwYSIsaG,11,plain,none,mixed,1 2 4 5 7 7 11 13 14 15 42
BB1W2G0ocSF1G3r8b2E0AoB0f9f144KHE_L0f2OiI,11,plain,none,mixed,1 3 4 6 6 8 8 14 21 23 27
BB1W19GKKgbmDHJ3aCm90C08IE_x9IWE1ODWF1X14,11,plain,none,mixed,1 4 5 6 7 7 11 11 13 21 35
BB1W3K2CFSzLeYWGy0G_uaGH2A2MEXvZf0GJrA51I,11,plain,none,mixed,1 5 5 6 8 9 9 14 16 21 27
BB1W26aOGGuJQ8cXZIOVeW340f5AIJC2KYHAIPLZA,11,plain,none,mixed,1 2 5 5 9 10 15 17 17 18 22
BB1W1843WGX2FkuXHA2Lq8WW4k95eUYnd9qLHPJWO,11,plain,none,mixed,1 3 5 5 10 10 11 15 19 20 22
BB1W2045HCYHoSMCL1K9mWKH2sP3c2X58MGXVXE89,11,plain,none,mixed,1 2 4 8 10 10 11 13 16 23 23
BB1W212AG5mXGg8WWW68aHL1ZnB2aDGBiF0Y43G51,11,plain,none,mixed,1 2 3 3 6 9 10 11 24 26 26
BB1W44GpY3e2WD4nG8WWYqX42HGmIYB2W8CX146WI,11,plain,none,mixed,1 1 2 5 5 6 15 19 20 21 26
BB1W6Gb2K2m32H0C2KMai00eQH9EKxbWeB0z0y2G5,11,plain,none,mixed,1 3 3 4 7 8 9 11 14 29 32
BB1W0G1O5mHXTU5WgY99K3WIGa2m80B2gE8bC38C0,11,plain,none,mixed,1 2 3 3 7 7 8 12 18 29 31
BB1W1W208mWcE4biIdb0ii4H0p2aBfN305W91rpGW,11,plain,none,mixed,1 1 2 6 7 8 13 14 15 22 32
BB1W32b3i4GY0u2G6XyqZL2G3WIIgcH5g3O5WK1G4,11,plain,none,mixed,1 2 3 4 7 9 9 12 18 18 38
BB1W42Yab44iOP2CHG2a9H4XlcQWq2mv27KG2IGb1,11,plain,none,mixed,1 1 3 4 6 12 13 14 19 24 24
BB1W204o7PMEOYcGem28FWX1ZCDIa4mL0c8j48aKI,11,plain,none,mixed,1 2 3 6 7 11 15 15 17 18 26
BB1W20IpJR6QIuWD3BpJ14H11ofI8_K9Wd827yYqK,11,plain,none,mixed,1 5 5 9 9 10 11 14 18 19 20
BB1W10204KPhl8g4H6Gc1H4GGVEmbwLSKg0e30Hae,11,plain,none,mixed,2 2 3 5 8 8 11 14 20 22 26
BB1W0816KQkgYEChoj5YW4034GG9emZAQa3448aC4,11,plain,none,mixed,1 1 1 2 5 11 13 18 21 24 24
BB1W1GAh14A8MHOd4HA9430hK6KI90_o18RduWM0G,11,plain,none,mixed,1 2 3 7 8 11 16 16 17 18 22
BB1W0XW1m8WNLGaJfBSC884YD1i_Hgo3GHX56KIOm,11,plain,none,mixed,1 2 5 6 11 12 13 13 13 14 31
BB1W48Go3LrcWwOkWIW10a0Gtq3G4Y04WY985GN4i,11,plain,none,mixed,1 3 4 7 7 9 10 10 11 23 36
BB1W4w4mYbo2K98CHWQ1I8Wa28aJnI2bGcoAy8GGX,11,plain,none,mixed,1 5 7 9 10 10 11 12 14 18 24
BB1W2qCA7b8WZM3Wbn5sHf887TIeCF4ToTC8e81G2,11,plain,none,mixed,1 2 3 3 10 11 11 12 14 22 32
BB1W3mG97Agf0NIb4uHT1C48I2e4U949pNCWu8JXX,11,plain,none,mixed,1 1 4 6 9 12 13 15 16 21 23
BB1W18KHD8GXW809Gt39CbGB28WA0a1R4iR84GH1G,11,plain,none,mixed,1 2 3 5 9 9 10 11 15 16 40
BB1W148doP44O9kG8YWU180L499h28eXY62KjIX41,11,plain,none,mixed,1 2 4 6 7 10 10 18 18 19 26
BB1W8W8b2O9X2N91q6o4XGeWg8mR1CYI5KOcXQ5r4,11,plain,none,mixed,2 4 6 6 7 7 9 11 20 24 25
BB1W14vIF8nYW9W810c6US6944WP0C1b5N3X58OJW,11,plain,none,mixed,1 2 4 5 7 7 9 10 14 24 38
BB1W8aP1KuF2GuYAPDWI164oA80B8QHD3tC4QGH48,11,plain,none,mixed,1 1 4 5 8 10 11 11 16 27 27
BB1W8aXI0Mfa77AKHf6YG5W13i3euI0a1OsOQXeWY,11,plain,none,mixed,1 3 5 5 9 9 10 10 13 24 32
BB1W25eOTWgQD4wej2o1W8QK52J9IJ0JiZnHD6410,11,plain,none,mixed,1 4 5 9 10 11 12 12 15 19 23
BB1W12S5STimaWZ8wdPa8188o9YX51AGWYHtBEf18,11,plain,none,mixed,3 4 4 9 10 10 11 11 18 19 22
BB1W7GI8f1H5RgjYF0_2a8G20WHYiY4g4opzHYGA0,11,plain,none,mixed,1 4 8 8 8 12 12 14 14 18 22
BB1W144S4uIHP3XWO2qUWC0o1D186aVGG8WIKA4gK,11,plain,none,mixed,1 1 2 3 4 8 8 12 16 17 49
BB1WA07Mo6ed1wMjQW8HC2A974I2HANH6SSMW-3am,11,plain,none,mixed,1 1 5 10 11 12 12 15 17 17 20
BB1W0G6AKGXH4iqJ64KGp4Ho183WAAZzq0W20FAO8,11,plain,none,mixed,1 2 3 6 7 7 7 10 17 23 38
BB1W00mO1MSb3g4J9maYUQ04TX8WS1G74gHMXt2AG,11,plain,none,mixed,1 2 3 4 6 6 13 15 17 20 34
BB1W2W_GIloqDM6G2W9WD0f8A0KYc2eMBceaI4Hna,11,plain,none,mixed,1 5 5 6 7 9 13 14 14 17 30
BB1W194CGX246F9iOJ2CY2W9GP1O6Wo1WA8dYEO40,11,plain,none,mixed,2 2 3 3 4 6 8 19 24 25 25
BB1W0a4S4GOH56NKVWQ5eeGOHW0S4i9GGo0vI283G,11,plain,none,mixed,1 1 2 2 3 6 12 16 21 23 34
BB1W98arE9IAQudXf48fG308tU4O8d9GuG70g25iI,11,plain,none,mixed,1 1 4 5 8 11 12 13 16 17 33
BB1W1eBXh6iQ2o8jZm33aWWH1nH68WH6RQX5H1448,11,plain,none,mixed,1 5 5 7 10 11 11 15 15 19 22
BB1W0KIJ0A15GbcLZ6H0C0oKiO8WQ0EmPIb95GP2m,11,plain,none,mixed,1 4 4 5 5 6 11 11 13 21 40
BB1W44953SDAgCWY3a30H5GK2Ws080X5NQi24KROY,11,plain,none,mixed,2 3 4 5 5 8 11 14 16 21 32
BB1W8W20EJO3GeWs0G10996KHH54e1WEX4JIB0Y4A,11,plain,none,mixed,1 1 2 3 9 9 12 14 16 19 35
BB1W8A9cd5MeMD1AQVX080Z5324Yve-Y8qXAPJI0a,11,plain,none,mixed,1 5 8 9 9 12 12 15 15 17 18
BB1W90SXa9WI04sAAOFXE4EQ2eb1p4EQ9589WY8OG,11,plain,none,mixed,1 1 2 7 9 10 10 12 17 25 27
BB1W2HHb4aTMCuaKGKJaWb144HYS5n21FIYCD9928,11,plain,none,mixed,1 3 5 5 7 10 11 11 15 24 29
BB1W883WA0KACP54Aep52AIC0m2iQXDj142Q6yG0W,11,plain,none,mixed,1 3 3 4 6 12 13 16 17 20 26
BB1W2XI8SnG4Gvfa5mqZYA020Gn19IYGeH182IaKH,11,plain,none,mixed,2 3 4 6 6 11 14 14 17 21 23
BB1W2GY3a2GYSfK4COdoJXX0BXta60SqmJHA4W8HK,11,plain,none,mixed,1 2 4 5 10 12 12 12 20 21 22
BB1W050KAWeGm4Xca8LHv4Wg2aCGn3IHbB7EBH20D,11,plain,none,mixed,2 6 7 7 7 10 11 13 15 21 22
BB1W4a9BHRAgWI1L3W64IX88a3e183eeHa6Qn9q1O,11,plain,none,mixed,1 3 6 8 10 10 11 12 13 14 33
BB1W12XIo0iaJmHy1H0a1m2G2HAHbFCrGI6GgGfYL,11,plain,none,mixed,1 1 3 7 9 11 12 12 19 19 27
BB1W2eYoEWh4X8X71muE48GeeXX851wSmI8aJ8IYI,11,plain,none,mixed,1 5 5 6 7 10 12 13 17 22 23
BB1W18o2m0X5a529N0B153242GvpX7hYANmj3WE2J,11,plain,none,mixed,1 1 5 6 6 6 7 16 20 26 27
BB1W0G54gY991251i8a4Wf11K8JiaEKnTS2G91d94,11,plain,none,mixed,1 2 4 9 11 12 12 14 14 15 27
BB1W0O2aC44AodiGnf146a0P11D4mJ0o1b381qCio,11,plain,none,mixed,1 2 3 3 3 10 12 14 18 19 36
BB1W4OCbIJfia8GX2KA1R90G0Ww28IY6gQWD040e5,11,plain,none,mixed,1 4 5 5 5 7 7 12 12 28 35
BB1WA2a78w3RzP7aeWb122W2741ohcD4G8XF0lA0e,11,plain,none,mixed,1 1 3 6 10 12 13 13 14 14 34
BB1W4JIbQ82CqlXuYBalAmW03CKnMIYYQ2d8PZOH1,11,plain,none,mixed,1 3 6 8 8 10 12 15 15 21 22
BB1W0YupDWrXWBCGB0KI42IA3GaXHr5dZ8Xom8WX6,11,plain,none,mixed,1 1 6 8 10 11 12 13 16 17 26
BB1W0J248hIhD4YKiXn9QI0gW538g1fga4WT1FG0W,11,plain,none,mixed,1 2 3 3 7 7 11 13 21 22 31
BB1W2WE238Y0S8nO4YWswOWH42G21aQVbybb8KL0Y,11,plain,none,mixed,2 2 3 5 7 7 8 13 18 20 36
BB1W4ab145B8I-KCXJWL221OfSHbRwTAo6Be9GLoX,11,plain,none,mixed,3 5 7 8 8 10 10 10 16 20 24
BB1W132CGX9a34wJvGLDGX011A7KOTa6GLYM9We58,11,plain,none,mixed,2 2 5 5 7 10 15 17 18 19 21
BB1W20O1u0p2nc8e8TJmM1AD8i9ehaeB0KWi4CY12,11,plain,none,mixed,1 4 5 6 6 6 9 16 16 24 28
BB1W2GJ4ae4GJ0a4WTDaef28BTOBW-38GWo23XXgA,11,plain,none,mixed,3 3 5 6 6 7 9 9 11 24 38
BB1W8JI6GM26W-2888H0SaGCUm70r53XC8HA4oY08,11,plain,none,mixed,1 1 3 5 11 11 12 17 18 19 23
BB1W9mXJ90X28_7hf4vWc2eX28H18iCH2B85BGp1G,11,plain,none,mixed,1 3 4 6 8 10 12 17 17 21 22
BB1W146kybKe9XA2IGY2Ae4YLmOnII9WNHH6leGT0,11,plain,none,mixed,1 1 8 9 9 9 11 13 17 18 25
BB1W08J148m2m8KuGh2gB22HA19CaIHqcKHe4WGHo,11,plain,none,mixed,1 1 1 5 7 13 15 18 19 20 21
BB1W102mWJ4CFaDG2YD8aaGf28A1aCvZQ2CCSXg18,11,plain,none,mixed,1 1 3 5 8 12 13 13 15 21 29
BB1W6KOpaHY7oocaEGeHA8D02mAWYmKBBKaX7KXa1,11,plain,none,mixed,1 3 3 3 5 12 15 16 16 18 29
BB1W0mJEAfCYW9WuQY0e50KOKaYY9Ba8Xa1q9Q84Y,11,plain,none,mixed,1 2 4 9 9 11 12 14 16 16 27
BB1W105WNqIMN1y3GL0cOQW20W88W3W86GZ2Lue54,11,plain,none,mixed,1 2 3 4 6 6 10 14 17 18 40
BB1W8G6BeQKiXJv45k98Y487Cne78H5iG21KAxbAe,11,plain,none,mixed,1 3 6 6 8 9 11 12 13 22 30
BB1W8YYw2YawgBOibYEEW26431A8GHDSXmeWSWA0P,11,plain,none,mixed,1 1 7 8 8 10 12 13 16 21 24
BB1WA0I58JX2uAGH0fz8O28Gv2CIGh41C7172KI9W,11,plain,none,mixed,1 1 3 7 8 9 12 12 13 27 28
BB1W0I0a50g2UXoODmp1Gb08mI18A0a8J4dOSB4X2,11,plain,none,mixed,1 2 6 9 9 10 10 12 14 17 31
BB1W06d4WuKuakYP20O5Eb12ghiZ64SYBo-0SFS28,11,distinct,none,distinct,1 3 4 5 6 8 10 14 15 21 34
BB1W4CAB5IAGc2K9cJI9G8H4Iyy80m8mIXnDy0m4O,11,plain,none,mixed,1 5 5 6 7 7 7 9 11 24 39
BB1W44Hf-7252f08E48eaA4AWPLb94e9YU3miDHL9,11,distinct,none,distinct,1 2 4 5 6 11 13 15 16 19 29
BB1W4mb0dH4W90b1C8D0O4H1TbLrqO50CX47CGc4O,11,distinct,none,distinct,1 3 4 6 7 8 12 13 14 15 38
BB1W4Q9bQ4QICHT384W20HWC0uuaY4WS0GI0B2254,11,plain,none,mixed,1 1 3 4 5 9 11 12 14 15 46
BB1W22Rvk8mNH3eH7SjZUG64BOCaJ0dWayf1HW9Gn,11,plain,none,mixed,1 4 5 6 9 13 15 15 17 18 18
BB1W05385WP1ar9yX27B48o1eHX68e9HcKwiG2W0W,11,plain,none,mixed,1 1 4 4 5 7 8 9 22 29 31
BB1WE0CeiW20HvSLr1Y0fB8XAGAA5qh9X3O8c0OHA,11,plain,none,mixed,1 2 3 5 8 9 9 12 18 19 35
BB1W0K2WK1WKGi2z6fALIM4O1W4GV4J-5Qfm0W3mG,11,distinct,none,distinct,1 2 4 7 8 9 10 14 18 19 29
BB1W1fAe3G8HG5mfR182gEG80W4hH555GI1JRAeK9,11,plain,none,mixed,1 1 3 5 5 7 7 16 22 27 27
BB1W1W2182W0YEeXI9ueA0jeMA88H9268SWW20E0X,11,plain,none,mixed,1 1 1 2 7 10 14 14 20 23 28
BB1W14gg2RmEX5f6mIH224GHeGZpdqmf2u8WXDA2e,11,plain,none,mixed,1 4 6 6 7 9 12 14 15 21 26
BB1W0I74iM2blql28GY3OfWG19A5JOM9OH0a2Ye1W,11,plain,none,mixed,1 2 5 7 7 8 14 15 17 19 26
BB1W46Q8OXKALGymoH2g8A41GIIAGDm9KpJ9gK4n2,11,plain,none,mixed,1 2 5 5 5 11 12 15 21 21 23
BB1W1153I1G6IJof1430uWCe6nB4gHP6BxP7X68G4,11,plain,none,mixed,1 1 1 5 8 9 11 13 20 22 30
BB1W4Gw1B7WPYsU4O91YA2k24mGQePHn1G2oIn8KG,11,plain,none,mixed,1 3 5 5 9 12 12 13 13 22 26
BB1W91zKa_3na7mG0aHa2m8W4Xe9Gh4iIJ8KI8L0O,11,plain,none,mixed,1 5 6 6 7 8 10 12 15 18 33
BB1W444SdHC4iH7IA083Wm0209X7bYD8X42mT2g98,11,plain,none,mixed,1 3 3 4 6 9 13 14 14 23 31
BB1W0WXBCgAbA2e2G918dWZ03gM1e70iCumI1M2eB,11,plain,none,mixed,1 1 5 6 7 8 11 12 12 19 39
BB1W1X7DCn82Hq4S4GLeLmOG13UfsZqHIgPnW0Xu4,11,plain,none,mixed,1 1 5 5 8 9 13 14 14 20 31
BB1W08v040eAXCed4gOGd3334IY9GbCQ6aGz2O3GO,11,plain,none,mixed,1 1 1 10 10 11 12 16 16 18 25
BB1W34aoYPHb9bBIX67mJ390emY3Y0m34b8IJHI01,11,plain,none,mixed,1 1 4 8 8 12 13 15 15 18 26
BB1W38aGa6GqDAob5cLOeKXH8Xf1I9Zch8CU10G0A,11,plain,none,mixed,2 3 4 4 10 10 12 13 17 19 27
BB1WDGK9GNX7cEKFUb2Xn441es6Wf2A1MHeOWX5X0,11,plain,none,mixed,1 1 2 7 8 9 16 16 17 17 27
BB1W14aZla24921x5w4aI9oWW6NLz28H0XAfIKa28,11,plain,none,mixed,1 2 5 8 10 10 10 12 15 23 25
BB1W2WK283X90aPG3mX1G8GA6mh0bzT54HnF40G2m,11,plain,none,mixed,1 1 4 5 7 9 10 12 18 24 30
BB1W2AA94aQGj828aYIuMH0B0XH124ApgU2284f32,11,plain,none,mixed,1 3 4 6 6 10 12 16 20 20 23
BB1W0I0iS136KOeaCM9f6G83GL1G64VC7GL1N6X4e,11,plain,none,mixed,2 2 3 5 7 7 12 15 16 21 31
BB1WC4IHGI5SfuG41420W52KHH94mKGZEFfSOHv0S,11,plain,none,mixed,1 1 4 4 10 11 11 15 16 18 30
BB1W4HAuGH124XCBJHCoWX0409XlA9emb3eUIhD0g,11,plain,none,mixed,2 4 6 6 7 8 9 13 14 22 30
BB1W8GI110ZAxWZo3DenL70CeIAGoZHoPC5mBCGI8,11,plain,none,mixed,1 1 1 9 11 11 14 15 17 20 21
BB1W2484J6CXIX90yUL84Wm81eAH-1o78L4LnZ50O,11,plain,none,mixed,1 6 6 6 9 11 13 14 16 19 20
BB1W21L6AgO48eoZ2GDE83GOKYo5owhuGGq3GXm3e,11,plain,none,mixed,2 2 4 6 6 7 16 16 17 18 27
BB1W0I1YODDADWb1d6LJ9X58Hg88yMaKWG-2qHD6G,11,plain,none,mixed,1 1 4 5 6 9 16 17 18 20 24
BB1W0a3JgGf43C8GS8HgA8Keqe9H6bmo121BKnGn2,11,plain,none,mixed,1 1 3 5 8 11 12 14 15 25 26
BB1W0G14xd2VZr3XL7dIO9490I8XH2WLWGNa594e9,11,plain,none,mixed,1 1 2 10 11 13 13 15 16 18 21
BB1W5G9OeYIZa5d9Qfgmt1GC1GaAK18Q5CbGcAUO4,11,plain,none,mixed,2 5 6 7 9 11 12 12 14 21 22
BB1W4CGYAxdi0s5OC4mI54GG4W3Wan8GX8A84j2n1,11,plain,none,mixed,1 2 3 3 4 6 12 19 19 23 29
BB1W50S0m408CrJ1FKQWK0GH14SIY0Y2e5GN2WJWc,11,plain,none,mixed,2 2 3 3 5 9 10 12 15 19 41
BB1W12G89T8fZ5A4OnbXNWGYY3_dWt0405IvOGWM2,11,plain,none,mixed,1 4 5 6 6 7 10 11 20 21 30
BB1W85oCWY84yWBWKNYnq1034QXJxkH8eY0kcLmof,11,plain,none,mixed,1 3 3 4 4 7 13 17 19 24 26
BB1W02WF24yI8fAZY4KWegI16H3420ECGGc1N23aI,11,plain,none,mixed,1 1 2 3 4 7 11 14 18 27 33
BB1W3ACmr4WQ14r5KOY82Hm90dCeB2m31aIMXCB0K,11,plain,none,mixed,1 3 5 6 7 8 8 13 13 25 32
BB1W28w7iGu1UcB8GX20CQ4WegA628O5bQUYy7eJ0,11,plain,none,mixed,1 4 5 6 6 7 7 11 22 25 27
BB1WC8MWc6DgKLGOcYY4aKAA12O19eRNGp1I84W0m,11,plain,none,mixed,1 1 6 6 9 10 12 13 15 23 25
BB1W02AKHH7iNo4YEbQPO44KGY1pI8IG90KufYI0Z,11,plain,none,mixed,1 2 5 6 7 9 10 11 18 26 26
BB1W72YoB0Q2GC4O7hn070mZ8AXG4eOEGK85kKAWf,11,plain,none,mixed,1 1 4 4 7 10 12 13 18 24 27
BB1W41MDpsfWIz028Y448Q0A1U5r8EG64LrSDoH14,11,plain,none,mixed,1 1 4 6 8 9 12 15 15 22 28
BB1W0aqhz1f8GXI54B92eK0YeC8jIv6G4WT2SwoeY,11,plain,none,mixed,2 5 6 7 8 10 13 13 13 16 28
BB1W22uNQKCGH1D4w8K1mH0c84P4dK68aZ5CeGYC8,11,plain,none,mixed,1 1 5 6 8 10 14 15 17 20 24
BB1W34H84GK14bk1lvO5W3I9OnIp2C1mW5GPkH-0e,11,plain,none,mixed,1 2 3 6 7 7 10 10 19 20 36
BB1W90X2Zs4OAIXs1y8aaGs42W498iAnL2IqM8X49,11,plain,none,mixed,1 1 7 8 8 11 12 13 14 22 24
BB1W6GV2n6q1K6WKrBSjb4b221KWYA1KHXct1m8X0,11,plain,none,mixed,2 6 6 7 7 8 10 12 13 20 30
BB1W124WYn6uJ0S05WMHaImK0865mKAGX0gDYvRZO,11,plain,none,mixed,1 1 2 3 4 8 11 12 14 18 47
BB1W4GK8eXNOYbXcnF9Se0W6GbKasT1jwAf8gOGZ8,11,plain,none,mixed,1 2 3 8 9 10 10 14 17 18 29
BB1WA4G50Lpf5aW45O1N42Q4Xoe4qXT9mK1GaElWO,11,plain,none,mixed,1 1 2 7 8 8 9 11 14 25 35
BB1W0Yw48IjBIZ4E4KA184XE88H2WAE2WQ2C8Yc1K,11,plain,none,mixed,1 3 5 5 7 9 12 14 17 18 30
BB1W4HX1BAiB4rpDw08WY4GHUD8K8GeI4KK964L8C,11,plain,none,mixed,1 1 4 6 7 10 13 16 18 22 23
BB1W4WI4G105g72A51C1431A4O1u3ah2qMX2742S9,11,plain,none,mixed,1 1 2 4 4 5 10 15 18 27 34
BB1W0IQu3i8HH9AYPWcGP2cHASHY0e2IlI90f020C,11,plain,none,mixed,2 2 3 3 5 8 9 15 20 22 32
BB1W8e9WwUQ2fY1cAs2u4X8OAabHA2myGHGx2KccG,11,plain,none,mixed,1 3 6 8 9 11 12 12 15 21 23
BB1W54pe2lmH0y3UDiAX68AG7060XPYPIa2Ifa108,11,plain,none,mixed,1 1 3 6 7 9 10 14 17 25 28
BB1W541ELAK98Go2_87CG2WH4BmJk0a2d1S2aHA8O,11,plain,none,mixed,1 2 2 3 4 13 15 17 19 22 23
BB1W11A30YBAD8b3Y4m3O4GX4CQoAOrKbIc9OWCA4,11,plain,none,mixed,1 5 5 6 8 10 12 15 16 21 22
BB1W0K1eB1M8QbH4Ip48WI0T134eEZYMucCKQ288G,11,plain,none,mixed,1 2 4 5 7 7 10 12 15 27 31
BB1W8KjH0K4CqXEGw68GRP20aGKM954KeKGoQ9eHe,11,plain,none,mixed,1 1 1 9 10 12 13 16 17 20 21
BB1W154HR6AOnq8W0X1GcOH14S4icohJX24ai6GX4,11,plain,none,mixed,1 2 4 6 8 9 9 9 11 30 32
BB1W8pa7kksuKWo4P09OG0W0mWGn1C44R3QCdf2XS,11,plain,none,mixed,1 1 2 3 7 10 12 13 13 26 33
BB1W8Ye920G13i2OAWT2K2SecIIA5OJ2qa4KH24OG,11,plain,none,mixed,1 2 4 6 7 8 10 16 16 21 30
BB1W0G168YI6bB1K90Q8eCH0Y3BCVWHTH35vM1eB0,11,plain,none,mixed,1 3 4 5 8 9 11 13 21 23 23
BB1W4KYHeZmDhTaKXXA6Gf0eETI0WXIcGoYeP0G10,11,plain,none,mixed,3 5 5 8 9 9 10 11 16 20 25
BB1W11a281O7WT2KeYWc94gJ32C4qKGC0Y0k2O8OY,11,plain,none,mixed,1 1 3 6 6 7 15 16 17 22 27
BB1W34iWg2kPgycn94i408B20u4D54a4e890804GL,11,plain,none,mixed,1 2 2 2 7 10 12 15 16 18 36
BB1W06Wa4XMKzv52C4m2WeIIL8H1A6IQ5uQ113A1a,11,plain,none,mixed,1 1 6 6 8 9 14 14 14 15 33
BB1WC2NGTS5mF20o3uI2G8mW8GP1aeK8o6uutL0GX,11,plain,none,mixed,1 1 3 4 8 10 11 11 23 24 25
BB1W898IXK48o91871K0m08XCq_84WQ3KEPHG50Q1,11,plain,none,mixed,1 2 4 4 4 5 7 16 18 30 30
BB1W24tXGZ1-3243eAT928H4P8gW9P0IQ8CGHSa1O,11,plain,none,mixed,1 1 4 7 9 10 11 11 12 23 32
BB1W31DGWa94CWJGHoEBEG80G6CiwUIvHWb9qQf0q,11,plain,none,mixed,1 2 4 8 8 10 11 12 12 25 28
BB1W5LIK9I388soG4Ya2m4e102mBdMXY8BGG904HX,11,plain,none,mixed,2 2 4 4 5 8 10 13 23 23 27
BB1WA4WI1EWA34fqXEF2L2n0fWf0CmhBGYoC1W90h,11,plain,none,mixed,1 2 2 4 6 6 13 15 22 24 26
BB1W50aWHH36DvIq0q2e4094uG20698Z2A4YRz644,11,plain,none,mixed,1 3 4 6 8 8 9 11 16 20 35
BB1W44S90d53mq3WI2e4BIi0W4azePfZAGeWe0WZ0,11,plain,none,mixed,1 2 3 3 6 7 7 14 20 23 35
BB1W0YOLeH4oX2H54KE02WA8P0B2i9aSPn7MXA42a,11,plain,none,mixed,1 1 3 4 7 12 12 15 15 17 34
BB1W0I28b2KfHc94GkMQb3WA1L6bcc4uOKH_Gm201,11,plain,none,mixed,1 2 3 3 5 10 11 17 18 23 28
BB1W2jJAAhQZGf8G1244QE8J5od4W1197SGoaA000,11,plain,none,mixed,1 2 5 6 6 6 7 10 17 28 33
BB1W0facQAG2nBaKWo2j34A0HA64eSYF8kX01G8KY,11,plain,none,mixed,2 2 3 5 7 11 13 17 19 21 21
BB1W9GYGbII4YI_D3AeIW4W9aCHGJOCGMIO8PXP3A,11,plain,none,mixed,1 4 6 7 8 9 9 17 18 19 23
BB1W3m2HGoZJX24A4e92OuGG11SZ2c62QHOBGnK1G,11,plain,none,mixed,1 1 2 6 8 10 14 14 20 21 24
BB1W5KWn95KSUH54CO5mK2g84GgYn34KNW2144AXC,11,plain,none,mixed,2 2 3 3 8 13 13 14 16 23 24
BB1W0XKY6EGaW4Y8CBmOZ2K8r4eAMDotAmWw3i388,11,plain,none,mixed,1 1 4 5 7 10 11 12 18 24 28
BB1W8XYGM687uUZ4ReOE040I5BOHKoUSGc4abo88W,11,plain,none,mixed,1 1 1 9 10 12 13 14 15 16 29
BB1W030D0ppKKjqNoW5wG0X247FCi1GAmHnA6H2WK,11,plain,none,mixed,2 2 3 6 6 10 11 13 13 26 29
BB1W0a0W288nIe8labjX-40YH52C5mPYIGPM2aDWg,11,plain,none,mixed,3 3 4 4 7 7 11 12 18 21 31
BB1W4cOOCWT2sq50SAvK3X00WrIR6CoDH9M5YChGe,11,plain,none,mixed,1 4 5 5 8 9 9 13 17 23 27
BB1W8GI0HeASKGGI3GbILCXmD020HdNjio29MWC15,11,plain,none,mixed,1 2 3 4 4 9 15 16 19 21 27
BB1W9G4yZqGDEB89Gg2YRIIO1kADG0W16yZ1d4seX,11,plain,none,mixed,1 4 4 9 10 10 10 12 13 20 28
BB1W0KQ0c4BH4KY8CaJ1Xo5249gWF0HnBqf04OjWO,11,plain,none,mixed,1 1 1 2 6 11 15 15 19 24 26
BB1W08q3IVGQIlT68Kumz2989e10YjKo7qXX1S66X,11,distinct,none,distinct,1 3 4 5 6 8 9 17 18 24 26
BB1W88HdA1aADm30E2B9AGb5AH24HIgGA0Y448OT0,11,plain,none,mixed,1 1 4 4 6 6 8 14 15 23 39
BB1W0JOpp98jAK8mX1244m90I4WGv4KGpH32a680W,11,plain,none,mixed,1 1 1 5 11 11 13 14 18 19 27
BB1W4bZaGg88WIBWJqI1G2GnCSHHh09HI6-bQmB4e,11,plain,none,mixed,1 2 2 4 12 13 13 14 15 20 25
BB1W0W62KOn68LBeXWI194HG3KDGpBGNW10J28Ga3,11,plain,none,mixed,1 2 3 4 4 6 12 18 19 23 29
BB1W90B3GZNSI42DKCIB9OeYCxzOBT0a1i6iPGMI6,11,plain,none,mixed,3 3 5 8 9 10 10 12 13 15 33
BB1W2eJ040r4G90iKZW7WI12aCWW3HkPIL18C0m10,11,plain,none,mixed,2 3 3 5 5 5 8 9 17 30 34
BB1W34tDQo0Z1I54ITWqaHLG9Wie3Yka582GeSYO2,11,plain,none,mixed,2 4 4 5 6 6 7 11 13 22 41
BB1W4W9mYaDGWd3Qmmb3530HXAgu4GBWf9OfT4IIA,11,plain,none,mixed,4 6 8 8 9 10 11 12 14 14 25
BB1W0G6Bm91QMedYX5QWa28g5KAfMeKKhHj0sCJ2e,11,plain,none,mixed,1 2 6 6 6 8 13 14 16 24 25
BB1WA8F2a6GegG9194G2Z8YH7CGn8eEGsIGe2WInK,11,plain,none,mixed,1 1 2 6 6 6 8 20 21 24 26
BB1W954KP12GGSWINAg4A4I60U7CTIOIP0a5EG2qB,11,plain,none,mixed,1 2 2 9 9 11 12 12 16 21 26
BB1W083jnCO-sM2jmZX244OA2IJmsM8l1W2aLcM4W,11,plain,none,mixed,1 2 6 6 10 10 11 12 18 20 25
BB1W187Qa2FI6efY242IIWSY4XM54aAaPn-1K2gg1,11,plain,none,mixed,1 5 6 8 9 9 10 11 14 21 27
BB1W115aO0GP1C8AOXlSX4C4WP6W8gZvI4aIHH3G8,11,plain,none,mixed,1 1 3 6 9 10 10 13 16 26 26
BB1W148H1GFJiW3O8Xv4OPGmZ2IMCWi4eC27K1e0W,11,plain,none,mixed,1 2 3 4 9 9 9 13 13 26 32
BB1W9ao041AGj2YC45mbnA084WbMJZ1S8GI9fcZxW,11,plain,none,mixed,1 1 3 4 5 7 16 17 18 19 30
BB1W6O4GIB5zo2PLbeeI98KW34gG8eMX8Pkv60R21,11,plain,none,mixed,1 1 1 3 9 10 13 14 15 21 33
BB1W4Hb2Y98AHn99AXBa1GmY9G6PsfYWX21J1K4u8,11,plain,none,mixed,1 1 3 4 7 12 13 14 18 24 24
BB1W0m_z_WPTpKb6oR4040n4egC28384I4epEIu4W,11,distinct,none,distinct,1 2 5 6 7 8 9 10 18 27 28
BB1W1A4s0PqG9o1q8WIpCaWGb3LDRY05WW6u-DXO3,11,plain,none,mixed,1 3 4 4 4 4 10 16 19 26 30
BB1W28yHH343WE0eHy_mO15288OGmf4YgKH9WE2O2,11,distinct,none,distinct,1 2 4 5 6 7 9 17 18 25 27
BB1W0KK8W208iZNaIYb0vBA2eCHHIvJaGGGUY1GKI,11,plain,none,mixed,2 3 3 5 8 10 10 16 17 19 28
BB1W2083W2KXeHOw9mGY4KGYLnF0Fmy2Gq2aFuq3W,11,plain,none,mixed,2 3 4 4 8 10 12 14 16 16 32
BB1W2S89MyxuXY2uEWQ1l2Cb0qKGI71H2I41m8Ga0,11,plain,none,mixed,1 2 4 7 8 10 12 14 17 17 29
BB1W84G8pB684G0q7HT781Wn94K58ZPCCqLIv0K0m,11,plain,none,mixed,1 1 5 8 11 11 11 17 17 19 20
BB1WCb2dCI188nYu0W32_I10A0O5AaQ8f4OK24SWn,11,plain,none,mixed,1 2 3 5 6 6 10 10 14 30 34
BB1W130e4k1KIupH0ug90Q0aXXA0JubXBcYOFGw8W,11,plain,none,mixed,1 2 3 4 5 6 9 10 24 24 33
BB1W0Y870jcMXQ1ojQ54eGbG4AHc5Q10e61Q9JI19,11,plain,none,mixed,1 2 4 7 8 11 11 12 16 17 32
BB1W0a4o98A1O9XH2CCIYH8KqJH94SPx7tYUCu402,11,plain,none,mixed,2 3 7 7 7 11 14 15 16 18 21
BB1W54uGe2Gw0cP4AH2Ym8XGewLo4WQVL9qM1O40W,11,plain,none,mixed,2 3 3 6 8 8 11 17 18 19 26
BB1W0akGiYYq4NomgWe2YGJL0u5c05G8TBqJI8KmJ,11,plain,none,mixed,1 2 4 7 7 10 12 15 17 20 26
BB1W1G2uVY8k1m14TECji4SO0b1eniai5Iu89g6OK,11,plain,none,mixed,1 1 2 4 7 8 10 18 19 19 32
BB1W0230k0eQpOY1G6W6048j2ICrCKWX3a8md0KH5,11,plain,none,mixed,1 1 2 7 7 10 11 12 16 17 37
BB1W18SxskR22IjKqW9PJW991IWOnbjGiK4yY8KYL,11,plain,none,mixed,2 3 3 8 10 10 11 11 17 22 24
BB1W0OMWMZ1ASPnC8IXIA8H9aWY2Y9Wn0a4BK8ao5,11,distinct,none,distinct,1 3 4 5 8 10 12 13 20 22 23
BB1WA8eL1OHHxK4GfAQ3G1163cHu4Ga2Omga6GQ8e,11,plain,none,mixed,1 2 5 5 10 13 13 14 16 16 26
BB1W0YXX4ccKXIcWA6USyC6X610irYHa5nBHb98af,11,plain,none,mixed,1 3 5 5 9 10 10 13 15 23 27
BB1W1C2GGR0k129L2G4yO0WC2BBWMDW2mCOIGv32I,11,plain,none,mixed,1 1 1 5 7 9 9 9 16 31 32
BB1W62hO9X66sYhXLh8SX142SaIa8IrabH4ufWV01,11,plain,none,mixed,1 2 3 5 8 8 10 16 19 21 28
BB1W0XX0e3ZCjpH46C7mG4J80W11e55qqImT28Y8I,11,plain,none,mixed,1 1 2 3 4 11 11 15 20 26 27
BB1W02081Sa4R-60bZ5C4Y8e1OAShpJ68U1aSCeaY,11,plain,none,mixed,1 5 5 6 6 7 9 11 13 28 30
BB1W0924aIFIG384GU264KWD0k49GL0s2u2N8mH08,11,plain,none,mixed,1 3 3 5 5 7 12 13 15 20 37
BB1W2CGm2GovF7gScCGmZ1J1D0Z0I1ACKZ0aHreH8,11,distinct,none,distinct,1 2 3 6 9 10 12 14 16 22 26
BB1W1244UNuiL0o2GWj3WA0m3W9m813GGGbEIp53K,11,plain,none,mixed,1 2 2 4 6 10 14 15 16 17 34
BB1WCWe2GCWy0XZkX954OOS08iCZaRf3aCWh1GAGe,11,plain,none,mixed,1 1 4 6 8 10 11 11 15 19 35
BB1W06N1O6W30iYHvsHGY0w2e4CWf8YL61O90ACeW,11,plain,none,mixed,1 1 2 2 2 9 13 16 18 22 35
BB1W1YmeYnAWHI1wAA4aYQ645ssIwGHXQ23m91GJ0,11,plain,none,mixed,2 3 5 5 8 11 12 14 18 19 24
BB1W245FY4WC6WT1O890Z58f4CD3F55O7WC0GQ2L2,11,plain,none,mixed,2 3 4 7 7 8 9 9 9 17 46
BB1W087c9ANaIWL7C06DA44Y4RGXzBEavZA9t7gn2,11,plain,none,mixed,1 3 5 10 10 10 13 15 16 18 20
BB1W020G3aMl0AGK2GaDO3Ge3340PX53Wfars0e2G,11,plain,none,mixed,1 1 2 3 3 7 11 13 21 29 30
BB1W0G6ebKfn0bO4KXLB2K4G0x9XAua-GKkUYB8Pm,11,plain,none,mixed,1 1 4 8 11 13 14 15 15 16 23
BB1W2e70QBEG8NR2g46WQ14534AIS2O9ph1PBa50f,11,distinct,none,distinct,1 2 4 5 6 11 12 16 20 21 23
BB1W2GeX96beEZecab1O0W2256OIL9On344i4OBY8,11,plain,none,mixed,2 3 5 5 6 8 9 12 15 21 35
BB1W40aqwn0gYL0K0y2S80IG4pp2q5m90g9fKGoD2,11,plain,none,mixed,1 1 4 5 6 10 12 13 16 17 36
BB1W2C8m60O2XY48uWQILIO2043b9aYKKXa2G10K4,11,distinct,none,distinct,1 2 4 5 6 8 9 11 17 28 30
BB1W0e5YDpB3g94CoISXi1n8YO8GHF15kl46AP0X2,11,plain,none,mixed,2 5 6 6 9 11 14 14 15 16 23
BB1W08ekI2KCOkHv4noOf9WX87WDz1Y4aeA4YXQ95,11,distinct,none,distinct,1 2 5 6 8 11 14 15 17 19 23
BB1W6f6mO1W9WMo9HOI22X84GGXoTnH14J4MXgB0a,11,plain,none,mixed,1 1 4 4 5 6 9 17 21 22 31
BB1W2C5Rfj6OaGWK78SH8XWGq22BuWvREi3IWeVWu,11,distinct,none,distinct,1 2 6 9 10 11 13 14 15 16 24
BB1W4I94KGm2H28CdoOguAW4GGY18Ye8KJXm0I0c2,11,plain,none,mixed,1 1 3 3 4 6 9 15 21 27 31
BB1W0mOrJXD2brFaQuWGY8238KA3YvhXoB1aWZXmX,11,distinct,none,distinct,1 2 3 6 8 13 14 15 18 19 22
BB1W3GXI48G204HAAGocaGAG000E2GV7I58AGz64e,11,plain,none,mixed,1 1 3 3 5 8 8 10 13 24 45
BB1W1e2pRFpvCeZ-BqV7Wo100XO95P828a22f2Y8a,11,plain,none,mixed,1 1 6 7 8 9 14 16 16 21 22
BB1W4aqWm03LSAGg2q8iHBA8KYK4mCWHDS942WdoW,11,plain,none,mixed,1 2 3 4 6 6 9 10 17 29 34
BB1W144pACfHeCb4AXKek2P8HYJnC4k5CDSU1GG20,11,plain,none,mixed,1 4 4 7 10 11 12 15 18 18 21
BB1W01vGQjIvCGdu_Gr0a2YYacf9vamARa89G0C9G,11,plain,none,mixed,1 1 3 6 6 8 10 14 14 24 34
BB1W24YGGk2mbcKYG8YGK13860MJaiI1eAHVLm516,11,plain,none,mixed,1 1 5 6 7 7 11 16 17 23 27
BB1W4AGOX1e48Z9WYJ4480C0mLH8eXwAughP7L54L,11,plain,none,mixed,1 1 3 4 8 13 14 15 17 21 24
BB1W0f3089819p1K4BGiYOGeHa54OIBOYy0W2aO9W,11,plain,none,mixed,1 1 2 3 4 15 16 18 18 21 22
BB1W54ZWA0YDJA0A0s35SGD98I24GOYd94QeCKN1H,11,plain,none,mixed,1 3 5 5 10 11 11 12 13 22 28
BB1W4C6XEvAFOwI92OvE12SWH2y7dPBB1K9e0TAY0,11,plain,none,mixed,1 1 4 6 8 9 13 14 20 21 24
BB1W0824Amt2haKCbA46GK040g1WAmdmV_1K9nD94,11,plain,none,mixed,3 3 4 7 9 10 11 13 15 17 29
BB1W8HAOZ1e4X4IY48YiCI09uaZOh2CrLPI1W94CW,11,plain,none,mixed,1 1 6 9 10 10 12 13 15 16 28
BB1W1YgBWI2G6GXi8eshWYA82INBEKE1G4W81Xun3,11,plain,none,mixed,2 3 7 7 7 9 10 11 13 16 36
BB1W58K8GGXEOibB0meW20c38CHHKYg1mF8faLIGO,11,distinct,none,distinct,1 2 3 4 6 11 13 14 20 23 24
BB1W4e64aJeOIq3CY5OGH28IX-XZe1UvkABmeYYI0,11,plain,none,mixed,1 2 3 6 6 8 15 19 19 19 23
BB1W9HypaYPnD8POHB2A9Z083SaP1GT2paPDKqeOI,11,plain,none,mixed,1 6 6 7 8 9 9 12 14 24 25
BB1W0GqGXf2OLInA5e90a4kq4Ga3u1D4gHfZAHKKW,11,plain,none,mixed,1 1 5 6 9 11 12 13 14 24 25
BB1W09Z4CFGGIOPpe9WL1YJO2DAWQYHYYS1m143Ka,11,plain,none,mixed,1 2 4 5 8 9 9 12 18 26 27
BB1W20G0Xeq1CKg1eH12YmaKI4uSaYo74WI0KfsMW,11,plain,none,mixed,1 2 2 5 7 8 9 13 18 23 33
BB1W2AH94uWK2m769b-Q8mG83IYq4XC8g10914YM3,11,distinct,none,distinct,1 3 4 5 6 10 11 12 13 19 37
BB1W122Ku2H8h4kg5P8AuGW8m82zFAqgsTeCGJGA0,11,distinct,none,distinct,1 2 4 7 8 9 11 12 21 22 24
BB1W4YA58L1I9BBAJHI080cH9SGg4hS0W30W3oP0b,11,plain,none,mixed,1 2 6 7 7 8 10 15 16 20 29
BB1W025aMH1hn6bLDBeP182895ck9JoDIm9GYY51B,11,plain,none,mixed,1 2 5 8 8 10 13 15 15 18 26
BB1W42Yc1c674HEAWYoE490aCHSf552YAOrxGZK4m,11,distinct,none,distinct,1 3 4 5 8 9 11 14 18 22 26
BB1W0S4oK8eH79bWI9H94mH43Y94aQCk1u4W1GA18,11,plain,none,mixed,2 2 5 6 9 11 11 12 13 20 30
BB1W1aLvE8qeIWehYfPI8P0224WUL5IaG1QIpG50A,11,plain,none,mixed,1 1 4 5 8 11 12 16 19 22 22
BB1W4GmXG5mF9L5EHL4eK950e37444eOZ6G92ON1H,11,plain,none,mixed,1 3 4 7 7 8 12 16 16 18 29
BB1W0528HLA4GIB5FN6GL18J1I9Ga4aop8Fs47WGK,11,plain,none,mixed,1 2 4 6 10 11 11 16 19 19 22
BB1W0850Kc3R-GrYTn70WY0eIG2efgwiAA122XY4O,11,plain,none,mixed,1 1 4 5 5 10 16 17 20 20 22
BB1W0G0Y288H2PoaW620C0DWnv5aMHf76KKMIr74X,11,plain,none,mixed,1 1 3 7 9 9 10 14 17 25 25
BB1W08xZHr7iPXgLGwdeWD2Y9rWbHadYLEam2961G,11,plain,none,mixed,2 2 5 6 8 10 13 13 17 22 23
BB1W4fCCnP7lRZI9dY2050QWgOAYI8a4W98Iu0OGA,11,plain,none,mixed,2 3 7 8 8 9 9 12 18 19 26
BB1W4LTAWeq78f4GWY1248GWNBDES4GP2A8aFACWo,11,plain,none,mixed,2 3 3 5 6 9 10 15 17 24 27
BB1W0C48RXOmYWY28wy8eOG4H46KGz5iIXcfgG208,11,plain,none,mixed,1 1 3 8 9 9 11 15 19 21 24
BB1W2mACs2wOva3G50oD4CGKXH083MGb190Y63W20,11,plain,none,mixed,1 1 1 1 4 7 15 17 20 25 29
BB1W762O94a8imOCOcJLWc0a2Fa87ew7WU02LmF12,11,plain,none,mixed,1 2 2 5 7 7 11 18 21 21 26
BB1W324Ir1Y6GYE4xI24hG4X4IGMfGbAf9aniK1W5,11,plain,none,mixed,1 1 5 9 9 11 12 13 17 20 23
BB1W41Q574NHyU2AL1CEG9W8WXGY6ecHHAJ0I1c0u,11,plain,none,mixed,1 2 4 7 8 9 10 10 15 27 28
BB1W0G1CBGwnRrEqYjQDuX88X54mP1HH9Y31Qc128,11,plain,none,mixed,2 3 6 9 10 11 11 12 14 20 23
BB1W10GCvP2qeXeJ0sTD10CZGor6uL4C8t3qSg4o4,11,plain,none,mixed,1 2 6 7 8 8 11 13 19 20 26
BB1W01mv5A4IX6MIv8cWo2p1B81GmZ2A55P2WF44W,11,plain,none,mixed,1 2 2 3 5 11 11 12 14 22 38
BB1W0WXY1Le5Y7ZIbOFwmE0LRgYgCQ44752IIX0c4,11,plain,none,mixed,1 1 1 5 7 9 13 15 18 18 33
BB1W4YFtwIcA0e449WPnE0eXK5fs2ICHw4cTaGWe4,11,plain,none,mixed,4 5 5 6 7 8 11 11 15 19 30
BB1W0aKHY8CWkYZAB4KH91IW8G91DChITAY1K1I5X,11,plain,none,mixed,1 5 5 6 8 8 8 14 21 22 23
BB1W0C4eQGAGwMuW41CWuC2QP1YU9YRHH8GId9b4a,11,plain,none,mixed,1 2 3 5 6 11 11 15 21 22 24
BB1W04fBhe8BvVwdR242T8M1BUs8j24L2ISRi020Y,11,plain,none,mixed,1 2 2 3 7 11 13 18 20 20 24
BB1W4W5_wNo8RH84X0A49WyY4bbRDX6mHp98H6i0o,11,plain,none,mixed,1 2 7 9 9 10 12 13 14 17 27
BB1W44JSUOKH952G3cAOeL0n11L1I39a87sGM202A,11,plain,none,mixed,1 1 2 4 4 6 14 15 20 22 32
BB1W121GXnh1KGgAsG84mW43WJ1rXVvtOLJDo5IGe,11,plain,none,mixed,1 1 2 3 8 9 10 12 14 24 37
BB1W41AABFWCZaAGLoH3gH425kvCgX1qBPw8m90y2,11,plain,none,mixed,1 2 3 5 7 8 8 14 18 23 32
BB1W91Sfb188HZ1oXE4kqCmA8XPAK69P94RWnA204,11,plain,none,mixed,1 4 4 7 9 9 13 17 17 19 21
BB1W14f2THK8X0Y8A9eaH2W1E4xEmq38goxoJ922B,11,plain,none,mixed,1 2 2 6 9 11 11 12 22 22 23
BB1WAWbYBZYEGLn-h10400mf0e2sZKLoM4I9KWC0G,11,plain,none,mixed,1 1 3 3 4 11 13 14 21 21 29
BB1W8GWAMcE90q45Z114GX0HF9vp7AigHMXQDI58C,11,plain,none,mixed,1 5 5 9 9 10 12 13 17 18 22
BB1W19385TEf42Ww5G64aAW8YY64GACPUwHEGcuK1,11,plain,none,mixed,2 3 3 4 5 9 10 14 18 19 34
BB1W24vogDuaW90wWg22940A8ASeIIfKcaKk1u0W3,11,plain,none,mixed,1 2 4 8 9 10 11 13 17 17 29
BB1W8G43e5GIIg0e2u8n2GAa4m75qSIj040a4WGX6,11,plain,none,mixed,1 1 2 4 6 9 13 15 21 21 28
BB1W8eebP6maW8GUWT4h924A5787mfXP5poqIXDe9,11,plain,none,mixed,1 4 7 8 9 10 10 11 12 17 32
BB1W4Xa2JgOHGn04AI54H8X1966KcCeIHXr6890i1,11,plain,none,mixed,1 2 3 6 8 11 11 13 15 23 28
BB1W12870K1H4wL9f6Wi4mXW09NAM1W50F0r3QC14,11,plain,none,mixed,1 1 3 4 5 7 7 16 21 24 32
BB1W84N1y4Oaa1SACP4L11YAPnImg97CUW8v0K5H6,11,plain,none,mixed,1 1 5 6 7 8 10 12 13 25 33
BB1W11C959eYQEX118M0GX14N0K2G6UHuiZqHII1G,11,plain,none,mixed,1 1 2 5 7 13 13 14 14 17 34
BB1W0GK9gZC8gY55eQXY68S80wgBME0m100mEI28H,11,plain,none,mixed,1 3 3 3 8 8 11 15 16 16 37
BB1W0IcFDw1Hv0vYqXHn1G691uSDGvGiXA5CAer8W,11,plain,none,mixed,4 4 5 6 9 9 11 12 15 23 23
BB1W2O8Z3JXE_8G1Oab1eGH5IbPWCYH4AHYhKnB0e,11,plain,none,mixed,1 2 2 5 7 11 12 13 16 23 29
BB1W2G314AK1mObH4qbePX4Y1ATB5CWZ0Zpe28D0Y,11,plain,none,mixed,1 1 2 3 11 12 14 16 19 21 21
BB1W44AHcAO2iEn0107b80emY2m4GHQsgaj4485H5,11,plain,none,mixed,1 2 4 4 7 9 12 14 16 21 31
BB1W4XD1Rak9fYReLG4XAYe2GG-mX8JqeOa84H8CG,11,plain,none,mixed,1 1 1 5 6 7 15 16 20 22 27
BB1W8e1uGar6Wg0C0XX1Y56WY2CGycGuCGbUe8Wn2,11,plain,none,mixed,1 1 3 6 8 9 10 11 14 20 38
BB1W0g8b48G8mGIcKAO9m0WuIaIYU9L4fIGe52H5q,11,plain,none,mixed,1 1 2 3 10 11 16 16 18 20 23
BB1W8gOeZ2AGciX2ejoHAY468bKEFOY1C8qeAXHqe,11,plain,none,mixed,4 5 5 7 9 10 11 12 12 17 29
BB1W93Y688mE0OmcAXE8110OGY2GI8ObQbQReiesG,11,plain,none,mixed,1 2 4 5 5 13 16 17 17 20 21
BB1W44denrBEAW0W20MIjKA44W-6KerKQH61m8Oqa,11,plain,none,mixed,4 4 6 7 8 9 10 10 10 21 32
BB1W0240inh499A4RQMK43G8G_2Hk9-mkX96cX152,11,distinct,none,distinct,1 2 3 6 8 10 13 17 18 19 24
BB1W1G2RAnJ4WIXa-NCWaeWYK28WXO99IqiZZOH58,11,distinct,none,distinct,1 2 7 8 9 10 11 14 17 20 22
BB1W8Gc8orFs2H328eMI1A0G4mT0Ju5sHOXe9ZHA1,11,plain,none,mixed,2 2 3 6 8 11 12 17 18 20 22
BB1W9051rKPCi1G3044-H62GX1K8eP0a4H2aJHJa1,11,plain,none,mixed,1 1 4 6 7 8 10 12 13 15 44
BB1W4WS0mJ4XGmqxV1beFXA892L2Afs686mHBGYKY,11,plain,none,mixed,1 2 3 4 5 9 9 15 18 19 36
BB1W289BbeH9BIXOZe8Zi8G75WF0CWP179K28BsCO,11,plain,none,mixed,1 2 2 7 7 8 10 13 21 24 26
BB1W0J2a41dSnL9a8W972XW60H48BIFz5OSiu9GI1,11,plain,none,mixed,1 1 4 5 6 7 12 18 20 21 26
BB1W2GQ0sBAI3B0g2XoK2GO83GuGGd4eX21k5yZ2A,11,plain,none,mixed,1 1 3 5 7 7 12 19 19 21 26
BB1W0G2YEndWY84GcWGJ20v4JTCKnX9lLRR0a70f4,11,plain,none,mixed,1 4 5 7 8 8 9 10 16 19 34
BB1W1AI549SAmIoxI0f2Oq0K2HfozGarAII22I34q,11,plain,none,mixed,1 1 3 9 10 11 14 14 18 19 21
BB1W59GmKMXfB2a46306H144X4QrZk6ygA4OX2O4Y,11,plain,none,mixed,2 2 3 4 4 11 12 12 17 25 29
BB1W298O_JCGIWf8Kst44GG9We6OKa48H0fOBJX48,11,plain,none,mixed,1 3 6 8 10 10 14 14 15 16 24
BB1W12KPCRo8AGU0JWXnsH0QIHWokb94P2a6W5f2I,11,plain,none,mixed,2 2 5 5 9 10 10 11 15 15 37
BB1W186WwqVHU3ACOoXES0mGXz990I1e68b5O0840,11,plain,none,mixed,1 3 5 6 7 10 10 11 13 23 32
BB1W0f0bIEe88d7YGd1g40Gb1HPj22GbYQ0K2CNLH,11,plain,none,mixed,1 2 2 3 7 8 8 14 20 27 29
BB1W8a8Z83W93AiIO1u4HA92AWw6gfiNj48W206GQ,11,plain,none,mixed,2 3 4 4 5 9 11 11 16 28 28
BB1W2KGbI0aySmeHHH248Wum2vr143m32B2iacE50,11,plain,none,mixed,1 2 4 7 10 10 13 13 18 18 25
BB1W2QEgMHfi5GJayB1C28GWLeLb98GyWI081z40m,11,plain,none,mixed,1 4 6 6 6 7 7 13 17 25 29
BB1W2452q4nGWI9OQPgYw64K78MAwH08cKvC4WII8,11,plain,none,mixed,1 7 7 10 11 11 12 13 14 17 18
BB1W1WK0X2A7H70aEGg1Hf648HI5Qua58K2cU98aW,11,plain,none,mixed,1 2 5 6 8 8 14 15 17 22 23
BB1W84uWcAeivmkH98foaAKi48Y041G9HW8W4G6WL,11,plain,none,mixed,1 1 2 4 7 12 13 15 19 20 27
BB1W454gfMAHP4iiX510aIG46CmEmt35WLFC3xZa2,11,plain,none,mixed,3 3 6 6 6 9 11 14 16 16 31
BB1W0m2SX4CWnCZLKb1A0gW8XW9v14OobCMSY94e6,11,plain,none,mixed,1 2 2 3 9 13 13 15 16 22 25
BB1W8Wr4ef2iGp288XO8IT0W4ZYJnIInO5Gn45Wg2,11,plain,none,mixed,1 1 3 7 9 10 11 12 16 25 26
BB1W8ZYYCAwBnC8nGKNQIn481w6SXY02XBAAk08um,11,distinct,none,distinct,1 2 3 6 7 9 11 14 17 24 27
BB1W8eZ4EQ5SKqZeGI2e40bWH42Wo2G0Yk4lO9j8L,11,plain,none,mixed,1 2 3 6 8 9 13 16 16 20 27
BB1W2198jTv48P0iA180uE0GY24GoHuH6Kg9o6GS1,11,plain,none,mixed,1 1 1 6 7 12 13 14 18 19 29
BB1W2aH95IGH5K8SoDGM18820Sk48WKXX24GeXXJe,11,plain,none,mixed,1 1 5 6 8 8 13 15 19 21 24
BB1W414P2F8714iCGv2OInWK2Bs3e0W40KaHXNBae,11,plain,none,mixed,1 3 6 7 9 9 9 9 17 22 29
BB1W5D1K4mY1Wo3OPIm6WQ0A0kY240kEoM08GGH34,11,plain,none,mixed,1 2 3 6 7 7 9 11 21 25 29
BB1W2IFYGl2BwfWw19EcAHWC5GPOHP5IiKCyqm0G1,11,plain,none,mixed,1 4 5 5 8 10 13 14 17 22 22
BB1W48g99o20equH166eiWmpFGL2eAGHD8T4iOb4W,11,distinct,none,distinct,3 4 5 6 7 8 11 12 16 22 27
BB1W0O2WCiI9GafCOZc2XC8H2Q5820Hf954AN9Ws2,11,plain,none,mixed,2 3 4 7 8 11 11 12 13 18 32
BB1W11o2f3ABAiYW61q4S70i80GKIx19GmH2S54SH,11,plain,none,mixed,1 1 1 5 6 9 12 15 17 27 27
BB1W0YQ5KZXZSN29A2K2892C9MDRafqPmInW53i28,11,plain,none,mixed,5 5 7 8 8 9 9 12 13 21 24
BB1W0HD9CeoT59Sc2RA8P1eIISKA8j2gG9WW0IKGI,11,plain,none,mixed,1 2 3 3 9 12 14 14 20 21 22
BB1W0WWA0PW9vm108GmSa8WefXbERAY648HX2xJh8,11,plain,none,mixed,1 3 4 4 5 7 8 11 14 30 34
BB1W12AIA8O4eGqfH_8aW80ebaN6SP1DmK5acW5WY,11,plain,none,mixed,2 5 5 6 8 9 11 11 16 22 26
BB1W0GCAH74ru2YAZcML4IYnCguYK8rZWMWZK2282,11,plain,none,mixed,2 4 5 6 8 9 16 16 16 18 21
BB1W8GX04D8s0Ts2QIaHA4fa0s88c0g5QveaXY8uL,11,plain,none,mixed,2 2 3 5 6 12 14 14 18 22 23
BB1W0aO9JaYGFe0W1WH0IPA48WD7u9cAuh4ag8O10,11,plain,none,mixed,1 1 1 8 9 9 10 13 16 24 29
BB1W648eYjyvdLUiXGM010G9Y2aeyX49mAeKk4OGI,11,plain,none,mixed,1 3 4 4 4 12 12 12 16 21 32
BB1W4O8XtiMFYEEuw09GY88e14r0fL5GoZ14G8GX6,11,plain,none,mixed,1 1 4 8 10 11 13 15 18 18 22
BB1W48kGB21O0WgUKYn_091G9TZ9ZA98aaEK8ef1Y,11,plain,none,mixed,1 3 5 7 11 11 11 12 14 21 25
BB1W0g3GB0Z9iAYCuoXQ3n840P1GSHnA7m44f8WGa,11,plain,none,mixed,1 4 4 5 8 9 10 13 14 25 28
BB1W0q20u81IqPa4GcnnqnGGZ5BHCYL4QH8e6GSYO,11,plain,none,mixed,1 2 2 4 9 11 12 15 17 17 31
BB1W18eGKWOv7a0O4WHmdWAG4HK74IV9nLF4S4H0b,11,plain,none,mixed,2 4 4 4 6 10 14 15 19 19 24
BB1W2OE524YJWb2in8Y0i44A0iIY9adjmYDrqxWg3,11,plain,none,mixed,1 1 4 4 6 12 14 18 19 19 23
BB1W14eMX66Kg1DS6X7HE1YWIf3UTm40m4ni848ia,11,plain,none,mixed,1 1 2 4 9 11 12 13 16 18 34
BB1W8G0OEXKUSO0829_m102H142OGYKNglCYiGAXD,11,plain,none,mixed,1 1 2 3 5 8 13 18 20 24 26
BB1W78GXL0aKFYSa4WCWs8qO18A2iLTOG1q-6GGHG,11,plain,none,mixed,1 2 3 4 6 6 14 15 16 23 31
BB1W0W--KIXydby24OHbWE0Y90Hkgf2S9SeIIY0aI,11,distinct,none,distinct,2 3 4 6 8 10 13 14 16 22 23
BB1W08iR9Y5emOhuWW3iYJA9JIL2g6G2iCfIZGe1W,11,plain,none,mixed,1 3 6 7 8 9 9 10 17 24 27
BB1W4XPQbgmv0XX2iDDJ1K100iKkN968I8eYBI209,11,plain,none,mixed,1 1 3 4 8 9 15 17 19 21 23
BB1W8080Gk13yuzYGXAqn54aP9f9uXB2uJ0Y49p4O,11,plain,none,mixed,3 4 5 7 7 9 11 11 13 19 32
BB1W8Pf0S10Y1Ro2VA24H0GIKlJI9DOgGAuVYw4WZ,11,plain,none,mixed,1 3 5 7 7 7 9 13 19 22 28
BB1W3CNneWF2GfZ5D3C22O8102eLfYsi9o08Q0KYA,11,plain,none,mixed,1 4 4 4 7 8 9 9 21 25 29
BB1W85NoII4e8ZdoScHU48GDFHCOXeGGY62aV1Y82,11,plain,none,mixed,1 1 6 7 8 8 15 17 17 18 23
BB1W124IB3hLWg4iW80HK59b0O70W4YMf21GjiLoH,11,plain,none,mixed,1 2 3 4 9 9 9 9 12 23 40
BB1W0mh2_bAFlf8a584GH0ma8ejWY4aCmeK0Ab1LX,11,plain,none,mixed,1 3 3 6 10 11 12 12 15 24 24
BB1W10-3c7D45AsmZ040D0Cf8e4Z4AmRH8XH9CeWI,11,plain,none,mixed,1 2 2 3 5 9 14 17 19 21 28
BB1W18rGfX44GzIIYRqOmW10OCGff2IIs2889H54c,11,plain,none,mixed,1 1 5 7 7 8 10 13 20 21 28
BB1W21P99C9MmeKGX46Wa1mf1eZ1850PEWebyQn0u,11,plain,none,mixed,1 1 3 6 6 8 9 10 10 29 38
BB1W0Y4eHD4K973ne5aWI14Y3438D8CXo8aI795K1,11,plain,none,mixed,1 1 1 4 7 11 16 17 18 22 23
BB1W0LG85Is8QMCIC4w4GW82GnohfEQzm9mHp4gCa,11,plain,none,mixed,1 1 1 5 8 8 9 15 22 22 29
BB1W246myIH5PsTm6790I0H54AIIr4Geh4KXKT91O,11,plain,none,mixed,3 7 8 8 9 9 9 14 14 20 20
BB1W9080WY3t7g1H5OY1G62a3093PaHK5TbKLWb1i,11,plain,none,mixed,1 1 1 8 8 9 10 13 16 18 36
BB1W0n2428GvpwZEC8GT2KWWGI489WGo1e19343a8,11,plain,none,mixed,1 2 3 3 4 4 9 16 25 26 28
BB1W0IL281rm8K1WAA8WE0aOd4kIw4GL8uZY66IA9,11,plain,none,mixed,1 1 2 2 10 13 15 16 17 21 23
BB1W0KQbWW1u49WerBs1Y46GeeCgB8fJBE4knxeGX,11,plain,none,mixed,1 3 5 7 8 10 11 14 14 17 31
BB1W4G10AEWySGp34GGmY46Z8i8mD13S1m102mLGA,11,plain,none,mixed,2 2 2 4 5 5 11 13 20 24 33
BB1W58Z0K08Gw24mN1K2225H9q0e2-592aXY28GH1,11,plain,none,mixed,1 1 3 4 6 7 10 15 19 23 32
BB1W5WA89Gvaw4XqASa248pGCGH261m7mWYZLJ294,11,plain,none,mixed,1 1 2 4 5 14 15 15 18 21 25
BB1W04Cf5aIi8GKdH2204691baJ2K4HHXLDICdCC8,11,plain,none,mixed,1 1 2 5 6 8 14 14 18 23 29
BB1W4YpcT24SXn8iK5D0a8A0YQS9anFDIKbg4UHbA,11,distinct,none,distinct,3 4 5 6 8 10 14 15 17 19 20
BB1W0Y08n94KL2aB_ZufEZ0m388920ZYc9OYq4R0S,11,plain,none,mixed,1 1 1 4 10 10 11 14 19 21 29
BB1WA2OGWZI9CaAKaAG-3490iH18Io88WK1GqW8Ha,11,distinct,none,distinct,1 3 4 6 9 10 11 15 18 21 23
BB1W20M0TA64O51eFHj0A1Cn24u9o8qA96KQ48eIW,11,plain,none,mixed,1 1 2 4 5 9 15 17 21 22 24
BB1W0A0W10ITDGov7aG4WWWKXJ30I0s2KiUaYGr28,11,plain,none,mixed,2 2 3 4 5 6 13 15 20 20 31
BB1W88BWG10c2OLAXqKoQX2G8TWr3bGX16W50q4mf,11,plain,none,mixed,1 2 4 6 6 6 9 13 18 19 37
BB1W0K2GYMK5SNqeqWn88581W9DLat8j0uL794q4W,11,distinct,none,distinct,1 2 3 5 7 9 10 11 21 22 30
BB1W4eaYfCGhF2Sd2S90Y0n298A1GD0B4SLGCSj30,11,plain,none,mixed,2 3 5 8 9 11 11 12 14 14 32
BB1WA8KY21G-pqX95621479GAMSRbYKFKl122440K,11,plain,none,mixed,1 2 4 5 5 9 14 16 20 21 24
BB1W2iH180m32AO9igsVe0KeIIX460Hv8D8H1070Z,11,plain,none,mixed,1 1 4 5 5 7 14 15 17 23 29
BB1W91GWOdAJ4ZRLFGGc1Iq2eIR1Lv9wJq2X8nIi0,11,plain,none,mixed,1 1 2 4 13 13 14 14 16 21 22
BB1W0WFLvYY6mObC9228G2D4KK8oIAGL6NeeF10O0,11,plain,none,mixed,1 2 6 7 7 9 10 10 15 22 32
BB1W0GRXEb8KGI9GCZ2C772COiGs1QG9663Y85Wc1,11,plain,none,mixed,1 2 6 6 8 9 11 12 17 23 26
BB1W2mH142ut5f9GaYHPGBO8XHg4S0He0kXs4KH0Y,11,plain,none,mixed,1 1 4 6 11 13 15 15 17 18 20
BB1W0G1e4nq96ac5GNwU35e90H0mGp4894uMi8y61,11,plain,none,mixed,1 1 1 7 8 9 10 11 21 24 28
BB1W5BaHH4AHA2XqTerZE2H6Ce0G2IH8WyeD9c80W,11,plain,none,mixed,1 3 3 4 7 11 13 13 14 24 28
BB1W5G5KYXCy0yc2C8GH71oA9831n0P2b6JOvg9KW,11,plain,none,mixed,1 1 2 6 10 10 12 15 17 18 29
BB1W0I1D1B0EWaJa6G813O9278CaaGs4HT4qA1egH,11,plain,none,mixed,1 2 2 3 3 10 12 13 16 28 31
BB1W040G2GQHgXYGC2Hq_30M1k2q8Gh2Wibn6GaKK,11,plain,none,mixed,2 2 3 5 7 10 11 11 15 22 33
BB1W20W3m8W4LDqs108H2KWYD8k5OJY6mH150q9XK,11,plain,none,mixed,2 2 2 5 6 7 9 13 16 23 36
BB1W50T6Xec2aB3WQ1U128OGa2WXdMHIE9PJoAO4W,11,plain,none,mixed,1 3 5 6 6 10 10 11 19 24 26
BB1W0M8H1AHKeqbmd222aIWI3AREO84XCvo286qOH,11,plain,none,mixed,2 2 4 7 7 7 12 12 19 23 26
BB1WA2eGGH44ZKsJYT4m43X4ekWX6080qAXBuneWG,11,plain,none,mixed,1 1 2 2 4 6 16 18 20 22 29
BB1W2e6uGXYFOuDW56G2uGC50A1EGd22aHb5YKX29,11,plain,none,mixed,1 1 3 6 9 10 12 16 19 22 22
BB1W8XXdVjjRji5GZ0I8YA0HaD1KH4UeIH0YM8WKX,11,plain,none,mixed,2 4 4 9 9 10 12 13 16 16 26
BB1W212984WopNWD3iy489Wa3GIF9CI3W5n00ZD4e,11,plain,none,mixed,1 2 3 3 4 10 11 11 19 24 33
BB1W8WD0W75EWHC2G91Y98OYAGbAC6Wy0m3Z5GGp1,11,plain,none,mixed,1 2 5 5 6 8 10 11 14 24 35
BB1WA2K5mWqV8ABuWC5WWX0HPGB3I2mAib2iEhI14,11,plain,none,mixed,1 2 5 8 8 11 11 13 16 17 29
BB1W1X5uaYWWb2Z6dPlcE302Hj5f5G9iAIKSW4eh2,11,plain,none,mixed,1 5 5 6 9 9 10 11 20 20 25
BB1W8a8H24ol54uYyZRIW42GWoMYHuf9Gf6gAmL12,11,plain,none,mixed,1 6 8 10 10 12 13 13 14 17 17
BB1W0W8WALMGqe18qZI4WHOY2A23CFYdEiZ86ag58,11,plain,none,mixed,1 2 5 6 8 11 12 14 18 22 22
BB1W48mW2CGJKLy6HfsHSG6I6G7CTHX44c0H4iRmO,11,plain,none,mixed,3 3 3 4 7 8 11 12 23 23 24
BB1W00W4YnOhOzJB9da8OAA855KCg1e1abb9Jam9a,11,plain,none,mixed,2 3 5 5 7 9 11 14 17 19 29
BB1W080a3U88aYIEeg4eX24gHaAG1040O1agB8efG,11,plain,none,mixed,2 3 5 6 8 9 10 10 12 14 42
BB1W0KEkMYSIZ20hOva2GGWc4eLEc8OsYBP88I448,11,plain,none,mixed,2 6 8 9 9 10 10 15 16 18 18
BB1W1Y049eHHacIX8XY040Wb1K3898aRnN4B8ZY2G,11,distinct,none,distinct,1 2 3 5 6 7 9 16 18 21 33
BB1W12O8b3C9240806121OY58YIFG60O0q39Gy3mC,11,plain,none,mixed,1 1 1 4 5 6 8 12 13 24 46
BB1W0Y2W9o2OAuaCG8-ZgA0S103GaYb185C9fb164,11,plain,none,mixed,1 1 2 3 7 12 13 17 19 19 27
BB1W4YI2K3GY0fbeD188W0e4NoVnL0CLK6GH2648G,11,plain,none,mixed,2 2 3 4 4 8 12 14 17 24 31
BB1W4184H987CSX2s95eAmeH2BeHX181GHZ4K9O10,11,plain,none,mixed,1 1 5 6 9 10 13 16 18 18 24
BB1W1QOgaqGH04mf1vCKzKCP7aW0WA1fn4GM1afK8,11,plain,none,mixed,1 2 2 5 6 8 10 11 17 23 36
BB1W2188H0bOP125AHqE890GX17H62U58LnKGoR2q,11,plain,none,mixed,1 3 4 6 10 10 13 14 14 20 26
BB1W82XMAnNCSYWqJ8mlW30IJACKaHsUMCEWHZ0XY,11,plain,none,mixed,1 1 5 7 7 10 12 14 16 21 27
BB1WF0ELPL9QnG1mD53KEWO48HKGB3eX21AXaIHX8,11,plain,none,mixed,1 1 4 6 8 8 12 13 15 20 33
BB1W14R0ny4aAI28fYz58Cb662i6qa4WB2CdM4eKW,11,plain,none,mixed,3 6 7 7 7 7 9 10 17 20 28
BB1W2CmI74fN1HQ4YJI1GY20cLaCMmj85OfaD0q0m,11,plain,none,mixed,1 1 4 4 6 11 12 17 21 21 23
BB1W1CCDGYYJ1a4W20I74306WQS6CgrXMH12a7GH1,11,plain,none,mixed,1 1 2 3 8 8 12 16 19 22 29
BB1W0q8106z_mOUBGGXE43GIGoOsCP196CA86WS28,11,plain,none,mixed,1 2 6 6 8 9 11 13 13 24 28
BB1W4IGUdsZRj112U94Kn8XX04PaDGfARGQW3210b,11,distinct,none,distinct,1 2 5 6 7 9 11 13 18 19 30
BB1W122i60e8GY2FeFWb86G8mf2mGf1O1W9hX9484,11,plain,none,mixed,1 1 3 5 7 7 8 11 21 23 34
BB1W0QDsOHY7mEKI0W12Wg0YqAHA40mL8Iasb0Y8u,11,plain,none,mixed,1 1 2 3 5 12 15 16 19 23 24
BB1W40O2aC04ifWG1JKnJ6HL4IjGv2W9525eLL0La,11,plain,none,mixed,1 2 3 4 5 11 11 11 20 20 33
BB1W5aJnCCeNE8KH2PyHa48Z1y48H8X3gn544iBX0,11,plain,none,mixed,1 6 7 9 11 11 12 13 16 17 18
BB1W1n0KfTYX638XO2G4GX462F4HpCALBCCW90q0f,11,plain,none,mixed,1 1 1 6 6 8 12 15 20 21 30
BB1W1H8eCGXqzOZsBeP49o88111B3bWDFHmg5JGGY,11,plain,none,mixed,1 3 6 7 8 11 13 16 16 17 23
BB1W4KN6Gb5K5GYaaIL64YWI7B3W8uRG8105jJv14,11,plain,none,mixed,2 5 7 7 7 9 9 10 14 15 36
BB1W11DbfYCKXWc0Y4WK5GH348DAB5CS2m4WEDKnO,11,plain,none,mixed,1 2 6 7 8 10 11 11 12 12 41
BB1W10uWe66I8ZoXOJo244o142wWPPYzhsZl9080O,11,plain,none,mixed,1 1 1 4 9 10 16 17 20 20 22
BB1WCa8X239nL628F1A4oGG890TMYP54e7vZ288I1,11,plain,none,mixed,1 3 6 7 7 13 14 15 16 18 21
BB1W22bWE1E9Q62OXIz4u0DCO_ZoGc486Oehe48GW,11,plain,none,mixed,1 1 4 6 7 9 15 16 17 21 24
BB1W2e6I21B2K5gJo34AM5H4I88gaLG7mKiI68YGn,11,plain,none,mixed,3 4 4 4 6 8 15 18 18 20 21
BB1W1042m8G5fcOCcYa99aGm5GM0zZODG9X950S13,11,plain,none,mixed,1 1 5 6 7 10 11 11 21 21 27
BB1W1eJ2Koc60q2X4G5Gc19268eYw6SBUW204r3YG,11,plain,none,mixed,3 3 5 5 6 7 9 14 14 21 34
BB1W143mJWY3GACnM6HQDGm2GM0i2E6GwTZ4Q0O1n,11,plain,none,mixed,1 4 4 5 6 7 10 14 15 22 33
BB1W4CBHIDfX0Y988P0Y14GEY2qOUKWk1eD84KJoC,11,plain,none,mixed,1 1 2 6 7 9 13 13 17 22 30
BB1W094O3GUO9WL8CJjA8K4GH45iKT4qBX1VX7iGm,11,plain,none,mixed,1 2 2 5 8 9 12 15 17 24 26
BB1W2qDGWK0eJN0u4s8iG6WL0HE88iVGg8OKKXJZ2,11,plain,none,mixed,1 2 2 3 7 12 14 14 16 20 30
BB1W2GAAOIMA4aQAWn72qaGaKCGgmz2A6L92eXq1W,11,plain,none,mixed,1 1 7 9 10 10 14 15 16 18 20
BB1W5WCumoYLbcSnvra3m325e24AEJQWYG4SX1K24,11,plain,none,mixed,1 2 2 7 9 9 10 12 19 24 26
BB1W4O8X2B948HB8CZoVC682JKr5aa0G70HH68Go5,11,plain,none,mixed,1 2 3 7 8 8 9 15 18 18 32
BB1W0WE145OCXmKC1F64OG12qDMY66eQWQIS9Gc2a,11,plain,none,mixed,1 2 3 5 9 9 10 11 18 20 33
BB1W02080XbwHwXN6W9DeAGeZ198uo63W80VEXq48,11,plain,none,mixed,2 3 4 6 7 7 9 14 15 18 36
BB1W0CiW2mY1W53bn8kX4813O5Wb5uCjgf9Y4j2IH,11,plain,none,mixed,1 1 3 8 9 10 12 13 15 15 34
BB1W4eTHqrNhnO9GaWS4fQ011m8EOX4Z4BvXO4GK2,11,plain,none,mixed,1 1 6 7 9 10 11 12 13 22 29
BB1W0b2C66Gx0O1iCHGbJ4GJ0i8aPH1IaYqJmP0K2,11,plain,none,mixed,2 3 4 7 7 8 8 12 16 23 31
BB1W0H1G2Oir8COGe1WI18GiH52CA1eDXm10y7eGK,11,plain,none,mixed,2 2 3 3 5 7 10 11 14 25 39
BB1WA02040ZS2P2G9GaZ24oG1m32GvIU8U1v4Kn24,11,plain,none,mixed,1 1 1 1 7 13 16 19 19 20 23
BB1W6KckHeQB4lrCYoJ6iGeKeO0AKNFf0KFa66450,11,plain,none,mixed,3 4 4 4 5 9 9 11 17 20 35
BB1W2GbV6oOH13tF9cIAAP0Z89z35e8WWPKYWeeO5,11,plain,none,mixed,3 4 5 7 10 11 13 13 14 19 22
BB1W0PDdg8MXYM1o54eIvOb04G9654mAraXG90I50,11,plain,none,mixed,1 2 2 3 12 14 15 16 17 19 20
BB1W4fHU5qCILM5mn182WA01cA2880Ocoq2WY0e10,11,distinct,none,distinct,1 2 3 5 6 9 10 14 15 23 33
BB1W8Gb0I32y0e4WD0pYwAEG4WLXWeeWf1I488HH4,11,plain,none,mixed,1 1 5 8 8 9 9 10 16 19 35
BB1W34a8b5K2eHGnY4WZe1WYU5yKHcrSe4noo8H1e,11,plain,none,mixed,1 2 7 7 9 9 11 13 20 20 22
BB1W61IWdZY8yYM4CSoJA9O40GGYYP0u20RLpI6X8,11,plain,none,mixed,2 3 6 6 7 7 8 14 15 17 36
BB1W98IH3x86CKXC6WN444W4BG5Cau9MLSyrAXM2u,11,plain,none,mixed,3 3 6 6 9 10 11 15 15 18 25
BB1W11m04ZiuHwBc9X5OAW9A9InJY5WOWWXz9D2iC,11,plain,none,mixed,1 4 5 5 7 9 14 14 19 20 23
BB1W184mZ2mG0f1Yu48QH4OAma6XdoE68eSX90YI4,11,plain,none,mixed,1 1 4 7 8 10 11 13 16 24 26
BB1W21K4ic5BMeSoH8b42Y6eA9LQe6W5besZGTa0H,11,plain,none,mixed,1 1 6 7 7 8 10 14 21 23 23
BB1W2W9NI9aQfiWf4b2KYIH0Z2HGH68q9Sc4aM5i8,11,plain,none,mixed,1 4 7 7 8 10 12 14 17 19 22
BB1W30B6A0O8WCf8ac4ud50X4HH5STyjzAGr3O0S8,11,plain,none,mixed,1 3 6 6 7 9 9 9 17 20 34
BB1W0eOuF3m8bGX6GKWvEf2Hf4NocvWI1OIYZL25Y,11,plain,none,mixed,1 2 6 8 8 9 11 12 17 19 28
BB1W12cg2JWCJg1O38KYa8I42WB04cybEINnP8c6O,11,plain,none,mixed,1 1 7 8 8 9 10 12 13 20 32
BB1W31IHc2diymP2K5Gcm0WGHvl9GSZE9Oo2oBd5G,11,plain,none,mixed,2 2 4 5 9 10 11 11 14 24 29
BB1W0n2LUgHF0O1O5ZjcmH0WX4SH8J5J2bC4G8X54,11,plain,none,mixed,2 2 5 5 8 9 14 14 15 21 26
BB1W228X2GyXnaE8Ca4HX68c3eM0H1A8eNAWa0GN8,11,plain,none,mixed,1 1 2 2 5 8 12 14 22 25 29
BB1W0C0u3jaQ44184yO10o0O2X80u0tBGb48iGI0a,11,plain,none,mixed,1 1 2 2 3 6 11 20 21 25 29
BB1W8W61oF2hj5eG32888XYY1qGG99aKvGoW90K0m,11,plain,none,mixed,1 1 1 3 5 12 15 15 19 22 27
BB1W0OXv2I9EKCHI5143GXZW21OT9bLGK8LWY1E28,11,plain,none,mixed,1 1 5 6 6 8 9 13 20 26 26
BB1W0W24Vj2B8Z2491hD538WX1CGqbHBPMpjM08SY,11,plain,none,mixed,1 2 3 9 9 9 15 16 17 19 21
BB1W3000c6KPYL3CHW6WS1f54aOYC0O1X57kGL0a2,11,plain,none,mixed,1 3 3 4 7 7 8 10 23 23 32
BB1W1ocgcoKHA4upI0C0q54a8eaJ105Ho0Y244YMW,11,plain,none,mixed,1 1 4 5 6 6 11 14 17 24 32
BB1W44m90Me7GO99A8IeH0P4u84WX3E5eEpjinonG,11,plain,none,mixed,1 3 5 7 7 8 10 13 20 21 26
BB1W0m1m1Qda9181Yo34284YXw4aY3eYnB8Y7ecL0,11,plain,none,mixed,1 2 2 2 5 5 12 16 22 24 30
BB1W295CfsiP8yGc1U976IW1W0ABKHZHoGA1r8jG9,11,plain,none,mixed,1 2 4 5 5 8 10 13 13 22 38
BB1W0K5YP7eL0h2RoMXK829Y226yWPXnqPUl14602,11,plain,none,mixed,1 1 4 4 9 13 13 14 16 21 25
BB1W5GWI74Wj32N51d1UmX8IAS6aCfAid9g-288m5,11,plain,none,mixed,2 2 4 9 9 9 10 13 18 19 26
BB1W14HHGueEI8WKwmKtpI157icgHMYHs1B8RH0I4,11,plain,none,mixed,1 5 6 7 7 10 15 15 17 18 20
BB1W2GGWJCggb1YA4KaOeX08I2t9BYc6MPqyA0Q02,11,plain,none,mixed,1 2 5 6 9 13 14 16 16 18 21
BB1W48X3oZoEX12I96COnKabCHB190b83qKmH0I12,11,plain,none,mixed,2 3 4 4 9 13 16 16 16 18 20
BB1W4XCGz2G32yiP7KiHyOG40uY4LxeL4XYTXA8Wm,11,plain,none,mixed,1 1 2 9 9 10 12 12 18 23 24
BB1WAGYXZ9NL0CgPMPEKG9027O3tjCu1gX4U58hXm,11,plain,none,mixed,2 5 9 9 11 12 13 14 14 15 17
BB1W088o74K9udmq2HKgQH2GV2qS50I0vGgH4K40m,11,distinct,none,distinct,1 2 4 5 6 9 12 16 18 21 27
BB1W1B8WGcim2W63KJK158CL0IABIp48GXb6SkKX8,11,plain,none,mixed,1 2 3 5 8 11 12 12 13 23 31
BB1W10Y2G4IOHIa44F18J9M3293yVlYE8e2GFyWYC,11,plain,none,mixed,1 2 3 5 10 10 13 16 16 20 25
BB1W14mYc984eOXF8uKXO6I114qIp0b3Li8718I1G,11,plain,none,mixed,1 1 4 5 10 12 12 17 18 18 23
BB1W8mXv4XpJ6GPK8HX122Oecg4mGYfYY44GXCKY2,11,plain,none,mixed,1 1 4 4 7 10 11 12 20 21 30
BB1W3GD3X0833BaOE8p444Sc4eACAKYLvRce1mCGm,11,plain,none,mixed,1 2 3 4 4 8 15 17 21 23 23
BB1W8a1897DGqJLWIXH855AK1JAiQo4vWcGLu0WGo,11,plain,none,mixed,1 1 3 8 10 11 12 15 18 18 24
BB1W840GASVGiM3HFXmWZEIH2468SHASH85yBqEK2,11,plain,none,mixed,1 1 3 4 12 13 14 14 15 19 25
BB1W10IGmeJGf2v05WE4umW43Puh2cMf6M9WM1K6W,11,plain,none,mixed,1 2 3 4 11 11 13 13 14 19 30
BB1W11Q64P0I0m8cLH-WJ1141Op89BwOG2mD1K2IA,11,plain,none,mixed,1 3 3 5 6 7 7 8 19 19 43
BB1W22HAFe-4abH2MA1WIm0IaDWYE9CmGTqN748XI,11,plain,none,mixed,1 1 2 3 7 8 13 15 21 23 27
BB1W58qWdHS4WY4uYcAGb330W8H0i5GLX4H3G50I8,11,plain,none,mixed,1 1 6 8 9 9 9 11 21 21 25
BB1W2uA285lnzOQ4GX3e9GWO6xKWK2W72C2S2OWWH,11,plain,none,mixed,1 1 1 8 9 10 10 10 19 25 27
BB1W0eSQfY9GGGYo6yiWt16Wk2EAFC09KYh62cXf8,11,plain,none,mixed,2 3 5 5 7 8 8 9 17 19 38
BB1W0a2a90aY_iTmA0y3aeGGH860N111m8j2I1GCG,11,plain,none,mixed,1 1 1 6 9 11 13 14 17 20 28
BB1W18aB0fYQica8Y21v6AJ03BJDGY12mF94a4L0o,11,plain,none,mixed,1 1 3 5 6 8 11 15 17 25 29
BB1W4oJWXIw2oIW9Ab1CY48CW1GOIXxPGLEKd8i4a,11,plain,none,mixed,1 2 4 6 6 8 13 13 17 18 33
BB1W0a90QVGS9ALIb94WH2WGYE93CAaHNqBXE4isG,11,plain,none,mixed,1 7 8 9 10 11 11 11 15 18 20
BB1W25m8lYWIL6eijml090o2aMqP244Jee4niASWH,11,plain,none,mixed,1 2 4 4 9 12 14 14 19 20 22
BB1W1Jw3YAu147WN8s5W8O8Ge68UIXAufNWn0EB1G,11,plain,none,mixed,1 1 1 4 9 9 11 15 15 27 28
BB1W91O44082GCs2In9EaWa082HF6aQMKrHO3a4KW,11,plain,none,mixed,1 2 4 6 7 9 9 10 13 26 34
BB1W11W4qIBtY-0asI5H8CW4j8oILNASO5YK88Ge4,11,plain,none,mixed,1 1 2 6 8 11 14 14 16 21 27
BB1W2mJ0oZAKIn690mo2m502Gvsa54JH54XK4X24G,11,plain,none,mixed,2 2 3 7 10 14 14 14 16 18 21
BB1W0a2W2WCp0yA4N8W4044K0u5yPHOKHM9O9X54L,11,plain,none,mixed,1 2 5 5 8 10 11 12 15 25 27
BB1W0I4zIJb6b39aAXG8W40WoQInwANZGDB8M0O90,11,plain,none,mixed,1 1 3 9 9 10 12 13 15 17 31
BB1WC08SXY2eGXI894KGAi4G8XY658JXE7uSDo7qW,11,plain,none,mixed,1 2 4 9 10 10 12 12 12 23 26
BB1W30C1W0w2JOTG0m20G0mY2WOX20WB0QoZEuhYU,11,plain,none,mixed,1 1 2 3 6 6 8 8 15 32 39
BB1W8XsA3Y9cO2eDHDanA0WC78iQGaX44IrXBcI2I,11,plain,none,mixed,1 3 6 7 7 8 10 11 16 23 29
BB1W1WM2lIBha2GCegwKa4IAFACb8ubC58H3Tf5Y0,11,plain,none,mixed,1 4 7 8 8 8 11 15 15 17 27
BB1W52KfKob47mi1B64aA0G9GFAmMB8WpWY144z4G,11,plain,none,mixed,1 3 5 5 5 8 9 12 16 20 37
BB1W2488yWXKYOfYk080W1W40a6Gx5WG4WJWk0o38,11,plain,none,mixed,1 1 1 2 7 8 8 15 18 21 39
BB1W4IKMHCdaP8B3g5IKa9O85q8CbhwWq30AYca52,11,plain,none,mixed,1 3 6 7 8 10 11 11 14 15 35
BB1W0A0w40G20O189Hb6LXHZ0D0a20u5X488GA0e1,11,plain,none,mixed,1 1 2 3 5 5 5 11 14 36 38
BB1W7Wi9HfIHAWOV5GP4yH14BuHiEvn7GaY9H2A88,11,plain,none,mixed,1 3 9 10 11 12 13 13 16 16 17
BB1W81q8oL6my3W8kwWJOWGI4ZuE2XD4aId5HYnCY,11,plain,none,mixed,1 1 4 6 8 8 9 13 20 22 29
BB1W5aH9I6vyM1K570A2OOG31S2KfjAu8JN9u0W0O,11,plain,none,mixed,1 1 1 8 10 11 12 12 13 25 27
BB1W40EWH99eLQY4G4saWb0W0XXzTSY145lmXYBgY,11,plain,none,mixed,1 1 2 3 6 8 14 15 16 26 29
BB1W0G1QiSUX1rW62Af72Wn01d9L94N9cMQOsTWK1,11,plain,none,mixed,1 3 3 7 8 9 14 15 16 22 23
BB1W528492KX87G422e2W2G9X4aJWM18Wc2eM78KH,11,plain,none,mixed,1 2 3 3 6 9 10 14 15 26 32
BB1W2W20A7eeIjerfIf1IH2mg2aCcnOIP0X21WAmp,11,plain,none,mixed,2 3 4 5 6 13 14 14 15 21 24
BB1W8CGm50HE4mH0a8Kmh5L7CGH1G4dKGGr0C4p0O,11,distinct,none,distinct,1 2 3 4 5 6 12 17 19 22 30
BB1W842S5I67Q4Qg59HY5WW8uAWotwnTaJHKR6Co2,11,plain,none,mixed,1 2 6 8 8 8 11 14 18 18 27
BB1W0i4JH58pesHH8aIGkoWm4X60N8Y406B244OX8,11,plain,none,mixed,1 1 4 4 9 13 14 16 16 19 24
BB1W4JXnn1ORL5ZC9M1848H1C5DLS0e4XdB41oB10,11,distinct,none,distinct,1 2 3 5 8 9 16 17 18 19 23
BB1W1XAGQWX8JG2OGX21n6860e1hSZIH56Y0-2uGY,11,plain,none,mixed,1 2 3 4 4 10 10 12 14 22 39
BB1W2eAarFL6K5cQfm30B1GO2i7G84W611OOuleY1,11,plain,none,mixed,3 4 6 7 8 9 11 11 13 14 35
BB1W8mXo2a9E1K4WH2wNb2OK3M34L0HdnH82G0WJ4,11,plain,none,mixed,1 1 3 4 5 8 11 12 14 28 34
BB1W0HXmWdXkWE1830Y4NPIG5WQC92S21Ff0K8mP2,11,plain,none,mixed,1 1 1 3 5 6 11 16 24 26 27
BB1W1X9OIahXX1q1eAoaQ9G2Xg8dWY4aJ9jX56Q20,11,plain,none,mixed,2 2 3 5 6 10 10 14 17 18 34
BB1W0A0I2qXI9P36e9WCWGX3Y11G4Wg9acSOJ2nC4,11,distinct,none,distinct,1 2 3 5 6 9 11 14 15 26 29
BB1W093aAbH6aQKMYGWG4eWN1H8aZYUafqWJ0vda8,11,plain,none,mixed,1 2 2 7 7 11 12 18 19 20 22
BB1W022ZM518a9188HbGJ0TWa24OQ7mi3HQzeeY0i,11,plain,none,mixed,1 1 3 4 6 7 12 17 18 20 32
BB1W13Gk5B94OgmmQX4BmY20j24ejOMYNl1WU0a5W,11,plain,none,mixed,1 2 2 5 6 7 7 15 23 25 28
BB1W90o144G0u9CVoEQ4GYXK1JWI182JaQnK6mK14,11,plain,none,mixed,1 2 2 5 6 8 8 15 20 23 31
BB1W181u7cIAOOHXw041u8WI148WPPEaKmZ0Y0e2e,11,plain,none,mixed,2 4 4 5 6 6 10 15 16 21 32
BB1W2mgGq3C6eRGg23K0h0j182WGn4M4Nm-87W4WW,11,plain,none,mixed,1 2 4 4 5 6 11 15 20 26 27
BB1W92Nw_M3C9GOIau4G40KLlIA9GYUXuY848jTm2,11,plain,none,mixed,2 2 4 6 6 7 13 14 17 24 26
BB1WA2uN8zAiiPCGucAHb284Gldj5sK20E2ou48R8,11,plain,none,mixed,1 2 5 7 7 8 11 17 20 21 22
BB1W8W10K1y455CMHKI494w4082S9rWw0H256GVHI,11,plain,none,mixed,1 1 3 3 7 11 13 14 20 23 25
BB1W44eCbn68QqoOK8MXB8H98KXWyIA8fD4vXY8II,11,distinct,none,distinct,1 3 5 6 7 9 10 14 16 21 29
BB1W58L5GW0W242W10348WWQWR9Wa0G1Z94cIGfEa,11,plain,none,mixed,1 1 1 3 4 6 10 11 16 26 42
BB1W2d9gAcCSgeZRBkIxAXG56YO8HGvuKa8XE6402,11,plain,none,mixed,1 3 6 7 8 8 12 14 15 16 31
BB1W8GLb24S41aA8enbd5A01OHdIG5ZMAbhAW61q4,11,plain,none,mixed,1 1 3 5 6 7 8 12 13 32 33
BB1W1Wm30H2C5B0W2A_jPGKn91lAb8p0410n0Ooae,11,plain,none,mixed,1 1 1 4 4 6 6 10 11 19 58
BB1W01EQvk44IHZe25g-O618XH9IIoAX64eTgs6mL,11,plain,none,mixed,2 6 7 7 7 11 13 14 14 18 22
BB1W64OQa1i608114iMEO5WWa109WqyOmY18OZXEG,11,plain,none,mixed,2 4 5 5 6 6 7 16 16 24 30
BB1W0W1a42AOW1Gc2IP2K8mmp5AK1W2X9aOmWYqFW,11,plain,none,mixed,1 2 3 4 6 7 7 12 15 17 47
BB1W48946I52Ws0U2n2gH8H8KYoOrJb8d8t9HH2f9,11,plain,none,mixed,3 5 5 5 7 8 10 12 16 23 27
BB1W129910KX-YI71164eo8b35K3UDuted39J4I0W,11,plain,none,mixed,1 3 5 7 7 9 11 12 18 22 26
BB1W9cffHL3IGogSUXC5m1W0KP3B5XfYXDOOV1010,11,plain,none,mixed,1 1 4 6 7 8 13 13 18 21 29
BB1W0KWf2aCJHCMnS549G5Y0K25OGXC0oGJ0g1844,11,plain,none,mixed,1 1 2 5 6 7 11 16 17 25 30
BB1W2IP42GQQ28BW9uI0h56H9iImK1F4nWH94MoZ8,11,plain,none,mixed,2 4 4 5 7 9 11 12 17 22 28
BB1W82sHyeO1i4mJCmeag2nGQ1G8Y8C8f2ccwyG08,11,plain,none,mixed,2 3 4 4 7 11 12 13 15 16 34
BB1W11oOaXH71Y8f2a4ne4X68GI0a8pKvAa4mIWXG,11,plain,none,mixed,1 1 1 5 6 9 14 16 21 23 24
BB1W342OCieSI1q7eX892YGH2w4o8938HX78ea8mB,11,plain,none,mixed,1 2 3 4 6 7 8 18 18 20 34
BB1W284bEiWf5YP7rD8I0G0aWcLdEWkMWf2K9n192,11,distinct,none,distinct,1 4 5 8 9 10 11 13 17 19 24
BB1W9I5mP2I8IWkBOfAK0828G91CXa689GfGl030I,11,plain,none,mixed,1 3 4 4 5 8 11 16 20 24 25
BB1W2224dfK90N2wyEe4W28uGh2JyjE51I3WH3XI9,11,plain,none,mixed,1 2 3 5 10 11 12 17 17 17 26
BB1W20butYXz8MYgoGWX188IDaoYNoCD2828WmuoY,11,plain,none,mixed,1 3 3 9 10 11 12 14 16 18 24
BB1W127GzFtXM0vIHX21G4CI284f2XHX4BWecWYGO,11,plain,none,mixed,1 1 3 6 12 12 13 13 16 19 25
BB1W2W8WYKePZgmS4WY2G8OC0GD050OlYWmf3446W,11,plain,none,mixed,1 1 1 2 3 14 18 19 19 21 22
BB1W0X1GWdqYIC4e6HW11a8WpI4nZd4qGj2iw28GY,11,plain,none,mixed,1 1 3 8 11 12 12 13 14 15 31
BB1W2IXI6eNpLS40G0ZmgWKAO9bKKnZ31025s89I2,11,plain,none,mixed,1 1 4 5 5 7 8 10 10 24 46
BB1W50H1Aao8miYHv514X9820C4K88WrCvb6M0qJ6,11,plain,none,mixed,1 2 3 5 7 8 17 17 18 20 23
BB1W1m832PaFKzL4a5W60Y1119TJnKXv1m10AWg5K,11,plain,none,mixed,1 2 6 6 6 7 11 11 12 22 37
BB1W4IH8GY0GT2gC4hm101G2WKLPYc5OKX2aDqCHH,11,plain,none,mixed,1 3 3 6 8 8 11 11 16 21 33
BB1W0H0a28OHIew4tBXC888eHO3C70K3Yj1t2q44W,11,plain,none,mixed,2 3 5 5 5 6 9 17 19 19 31
BB1W0aE8aIMHgKY-IG4GX2A18qdXA8OHOA1GeJ3QC,11,plain,none,mixed,3 3 4 5 6 11 13 17 18 19 22
BB1W3Gy2DzGuWWb6uuGmW6128aP0tE7WHH4eBH1Y2,11,plain,none,mixed,1 1 2 2 5 9 12 17 18 19 35
BB1W1eAMLKMXI19emCee501aH68xZ0KHeEeoa6Yo5,11,plain,none,mixed,1 2 4 5 6 6 11 14 20 25 27
BB1W0ICWi18bI98OHGU4592OeAWSXkYZHmvVa4GH2,11,plain,none,mixed,1 5 6 8 9 9 10 12 15 19 27
BB1W0eMw6KOAmu404n01RGDI78b-BqIK80Kka9G32,11,plain,none,mixed,1 2 3 8 8 8 9 11 12 14 45
BB1W10V58TmMc4hS4GI5060GIfefaebeHR5MK9SgI,11,plain,none,mixed,1 2 6 7 10 11 14 16 16 17 21
BB1W82WH2XI354sK4X8f2859Kc9WYHE2Wa4SnGPGK,11,distinct,none,distinct,1 2 3 5 8 11 12 17 18 21 23
BB1W042W8P4a8XQ0E2uCQ0Cb0f2eAY8uBWQ2F8qLW,11,plain,none,mixed,1 2 2 4 4 7 7 12 19 24 39
BB1W1450IGa2mX2mpnGr770I144aOJa57LRv0O0M4,11,plain,none,mixed,1 1 1 8 9 12 12 13 16 17 31
BB1W0H28GuviqIRHQd4Gu9mX2wB8pr7eWN2ZCAGaG,11,distinct,none,distinct,1 4 8 9 10 11 12 13 15 18 20
BB1W6WI6GVH2WAEm51K5JGG458fKJN890Kn348GO3,11,plain,none,mixed,1 1 4 6 6 10 12 13 20 21 27
BB1W00U82zj2aCT4B9Wm2a1LMCbfKAPKLUHP9c4k4,11,plain,none,mixed,1 1 5 8 9 10 12 13 14 21 27
BB1W08-X-nqumYK4bSqOYg989FBUGe84fGBGgJAgG,11,plain,none,mixed,2 3 4 7 8 10 11 12 14 14 36
BB1W8G8WA9McOwYhKgAWi468YaAZYETq5WOWeE2OO,11,plain,none,mixed,1 1 6 8 9 9 9 15 15 17 31
BB1W1Wg3G4GCg5AEas5252g0YaMI7_pF851n5CAWb,11,plain,none,mixed,1 2 4 7 7 8 11 11 19 20 31
BB1W48WW48GR5Tai0WE1X4HY984080I4rEmf20C1J,11,plain,none,mixed,1 3 3 3 4 5 7 21 22 25 27
BB1W8Ch2YUEaykL2OaVWG0W9X69gPeQIp6w02Os44,11,plain,none,mixed,1 1 5 5 8 11 12 13 14 24 27
BB1W0I1DSX2ue-ZvOnIbAfXA59A4v49A42114qMD0,11,plain,none,mixed,1 2 7 7 8 12 15 15 15 16 23
BB1W0mb2Q8I71dt6GLQmm3QH1468IgqT1qXa4KgYG,11,plain,none,mixed,1 2 3 4 13 14 15 16 17 17 19
BB1W14SGL2gCMYWIYGGo04164aoHjnK9n57a8mOX4,11,plain,none,mixed,1 7 9 11 11 12 12 12 12 13 21
BB1W1G1Dmv6JA0aEmX218H0I2qKCmz1o6GPKemn94,11,plain,none,mixed,2 4 4 7 9 10 11 13 13 14 34
BB1W0GH0bf2MGE0fYWGWO4WnJ9wcgPEX8eIcKOG1O,11,plain,none,mixed,1 1 4 5 11 11 14 16 17 17 24
BB1W0930I9MAQNgI6Hn5eD0g184qEbcWduHI8W88W,11,plain,none,mixed,1 2 3 4 9 12 16 16 18 19 21
BB1W2OH0a564Wko6oNmqa282GByGUZUE2K109SQ1I,11,plain,none,mixed,1 2 4 5 6 9 9 12 20 24 29
BB1W4iB3oCDHBemV2W2091L81Go0a4G3pHPH8Wu0A,11,plain,none,mixed,1 2 2 5 6 7 13 16 18 18 33
BB1W0Y26A0XE3m25YIN3C90a4gHfGqs1e7MPOZY3G,11,plain,none,mixed,1 1 7 7 7 11 12 14 15 15 31
BB1W0K1Q53G9174ScJX24X142RAKH288n3Kbu8WY2,11,plain,none,mixed,1 4 5 8 8 9 9 16 17 18 26
BB1W8aE96kT6fgOO2W50K1AY1GQ2K5m5n014eKvGL,11,plain,none,mixed,1 1 2 6 11 11 11 15 16 18 29
BB1WAag0jYqgHv0X14R7g40G4WHC80KocPPXHSb24,11,plain,none,mixed,1 3 4 5 11 11 12 14 15 15 30
BB1W4e6KK1DoOGr2dGd8HXAG8k5OK9aKWmg4IfKwW,11,plain,none,mixed,2 4 6 6 8 12 14 16 16 18 19
BB1WA1KI4UL50V1v0Hg0mX0HT48AH4iGaeYyr3K48,11,plain,none,mixed,1 1 2 4 5 13 14 17 17 20 27
BB1W0a1H53s920408UV6I1WX2oQbHc2qH9KY6efIf,11,plain,none,mixed,1 5 6 7 8 10 11 13 13 16 31
BB1W8GK48144h99OZI0a2618CI34CUfXK4HvFKaEG,11,plain,none,mixed,1 1 2 3 6 8 10 17 21 25 27
BB1W22W1WCQtemKfOrbYGaW8-2p0cJOB0bGe2AXAa,11,plain,none,mixed,1 2 3 8 9 11 11 14 15 19 28
BB1W0qzZY989WzqGn58QWLCI879AuKGoKI8e1WAGI,11,plain,none,mixed,1 1 4 6 11 12 14 15 17 19 21
BB1W0IXI6O9GroXN21W70e2115149mC0Wa5GcWS48,11,plain,none,mixed,1 2 2 4 5 6 6 11 19 32 33
BB1W0aqjE4WB98b4H1AE0K90e1MX2yIIGp9A5h2mB,11,distinct,none,distinct,1 2 3 7 8 9 13 15 17 21 25
BB1W8CQmIWI8mPAuSKoWcGOfAyR6uzR70g9UK01G9,11,plain,none,mixed,1 2 5 5 9 11 11 13 17 21 26
BB1W0q0G10M9ua2G-0K0mo0n39CGY2Aeq810A0O1W,11,plain,none,mixed,1 1 2 2 4 11 11 15 15 26 33
BB1W131a8GKxIJqfX1Rw1W689VY6GfqyfBeaf8f28,11,plain,none,mixed,3 4 6 6 8 9 13 14 19 19 20
BB1WD44FdGMfJ4S8nGPkvWKmC6A5Gb4KL6Y9s8feK,11,distinct,none,distinct,1 4 7 8 9 10 11 12 15 17 27
BB1WA2X2u2Y5GH1e24X850aZGE0xIAGyGf2zEwRfW,11,plain,none,mixed,2 3 3 4 5 6 13 16 19 25 25
BB1W12HW5GQ5uL4S9T5yG21Gr1boK8GX4gFGY8Y42,11,plain,none,mixed,1 2 4 6 8 11 15 16 18 20 20
BB1W28I07HEPZ811nJ4S-GL8Kua48Jv-gAKA4mZsG,11,plain,none,mixed,1 1 5 5 8 8 10 18 20 22 23
BB1W8G72NOa5DkSQmI34Y4741664SQnM8YaaMf4J1,11,plain,none,mixed,1 1 2 9 10 11 12 12 12 19 32
BB1W0YFLIItMoRCWHnHA8GG8GgT6KYaKonCR92K3G,11,plain,none,mixed,1 4 6 6 7 7 14 15 15 22 24
BB1W0f2Q9kWa3e4C7ET5i3911IAaMHo8WYwH8s204,11,plain,none,mixed,3 5 5 7 7 8 9 9 15 17 36
BB1W4C8aGo9PoY0Wz0K2uKWH1uXLgmY3aScW-2O2W,11,distinct,none,distinct,1 2 4 5 6 9 11 15 19 21 28
BB1W40I0G32aKMan0mFeW40WpY_hEih3G6We4e_34,11,plain,none,mixed,1 2 3 5 8 8 8 12 18 24 32
BB1W298mB4934JfOEY50aYW4mCCno7a0uSCb90e90,11,plain,none,mixed,1 1 1 5 9 10 10 15 22 22 25
BB1W3G3451411IDGH69b6I430M228BhUmT14G5189,11,plain,none,mixed,1 1 3 3 5 5 15 17 17 27 27
BB1W1GCYb52oZuZ9We30q19HYQAh2ZYB7CX4SLE4W,11,plain,none,mixed,1 5 6 7 9 11 13 15 18 18 18
BB1W139eoK2Gd248cWI2uGmC0S8MXaAGM1Z1C1m8W,11,plain,none,mixed,1 1 1 5 7 8 12 14 15 26 31
BB1W103ZE6GGP2IY15eXY0Gmb2LHYkBHoK3WA4_3G,11,plain,none,mixed,1 3 3 4 8 10 10 16 17 17 32
BB1WCHn44ml4mqgDmqgO90e1KI1u91K98CY4714H4,11,plain,none,mixed,2 4 4 7 7 9 12 12 15 19 30
BB1W8PXgKFLS8ynD80m9D2WOGY887aHI0K5AP6uOA,11,plain,none,mixed,1 1 4 5 6 8 16 16 16 19 29
BB1W0O12U7VTqKb4oDmn2oH62L28X4D8340m8aSYO,11,plain,none,mixed,1 1 3 4 7 12 14 16 17 18 28
BB1W56CKn3ar8f78D43mK20I1ed092G64Bmv6o2a4,11,plain,none,mixed,1 3 6 7 7 8 11 11 18 19 30
BB1W21KJ929Hc6BcgaKSXA9GJcWMq7E5892uZ2AQ8,11,plain,none,mixed,1 4 5 6 8 8 12 17 18 19 23
BB1W2WdWHGOn4aJwCmWYE6X890Y21MHOYK6EGr430,11,plain,none,mixed,1 1 3 4 6 12 16 16 18 20 24
BB1W4W90HCc95CYI1W2O810OoWb1U3uWXJLA4eiZK,11,plain,none,mixed,1 1 3 7 9 10 12 13 15 20 30
BB1W14GX2LDbrHD8q0eEAg0a3caMG3CCigwI288K1,11,plain,none,mixed,3 4 7 8 8 8 11 14 16 17 25
BB1W04ff50bQHl2GOHK88WH58MyeXY29ABaTy1m50,11,plain,none,mixed,2 3 4 4 5 7 11 13 18 27 27
BB1W11K-IC49X92C4kXGKGp0v5VHdeIYAGNqWX302,11,plain,none,mixed,1 2 6 6 8 11 13 15 18 19 22
BB1W148WXU74pr7K8o8W40aeXKAoO080uBj38OGa3,11,plain,none,mixed,1 2 6 7 7 10 10 11 17 25 25
BB1W182W60K38f502C90XA860O108OvqA8YY7GMHM,11,plain,none,mixed,2 2 3 3 5 8 13 15 19 22 29
BB1W4haWL4G8yY98KWQ080958SDGbC2GGn7126GGX,11,plain,none,mixed,1 2 3 3 5 7 17 18 21 22 22
BB1W90-283WaapJ84WIHX6uG6Wg1o9048GWb1G5H2,11,plain,none,mixed,1 1 3 5 7 11 11 12 17 23 30
BB1W0A0m4WK27OnY9xCCeqW40a1G60X4n1e8yHQ4O,11,plain,none,mixed,2 3 3 5 6 7 11 13 16 21 34
BB1W2GYah8NuJ0M1D081HA86F8x0HHAi-G30Q1OQA,11,plain,none,mixed,3 4 4 5 6 7 9 10 15 18 40
BB1WC840c8B5fnaOqZg2mGWY926Lqg-hdOoGA0K2G,11,plain,none,mixed,1 1 5 7 8 9 12 15 19 22 22
BB1W1436ONXHOgH44BHC898aKKRDOfmH2SPJYsO0m,11,plain,none,mixed,1 3 5 5 8 11 12 14 19 21 22
BB1W40m92k6D0o0X2bBp0A2X54884HJ5WU72KI0eO,11,plain,none,mixed,1 2 3 3 4 5 8 20 22 25 28
BB1W2I9Wc2dgCGfWA1M0-5eKWg2m20tCGHB1e8C2G,11,plain,none,mixed,3 3 4 5 6 8 12 14 14 21 31
BB1W4Gf2cfYgm8q0ZWA186A1AeB2KAIibHIfEb64e,11,plain,none,mixed,2 4 6 7 8 8 11 12 14 15 34
BB1WB0mho_8IZ1y5Y9C2e1G81Ca90P1YwAufX0h64,11,plain,none,mixed,1 1 2 5 8 10 16 16 17 19 26
BB1W5HJ1a1eqRTpDEa9ks4f4b1991UP68qGC4458W,11,plain,none,mixed,1 4 4 6 6 9 9 13 17 22 30
BB1W1e59WP1OI90LLq2N0G0D3aGfwGcXR2a4LJL8I,11,distinct,none,distinct,1 2 3 4 7 10 13 15 19 20 27
BB1W1140G30zZr4rmN4J2H4aZ89CG0J0iL0q1G5u8,11,plain,none,mixed,1 3 4 5 6 7 7 13 13 22 40
BB1W8iK0gpBAoZ9CIGAGY6838aIWEFXGf2eK4X2XC,11,plain,none,mixed,1 1 5 6 7 11 11 14 14 20 31
BB1W1aA98KYJA2e20aK3P84H1iGo3mA6eBGUXvnX8,11,plain,none,mixed,1 1 8 9 9 10 11 12 13 21 26
BB1W0I1490eiYjQ2GM1745091E4a8XWH08IXJZA4S,11,plain,none,mixed,1 3 4 4 6 8 12 13 16 24 30
BB1W0A162QHMWyN1nC9H50r234B0Q1B1tuH14II1W,11,distinct,none,distinct,1 2 4 5 6 7 10 13 22 25 26
BB1W22B5CR0C0GXWSX8ALGeWH2Sif24XudIG9EegX,11,plain,none,mixed,2 2 2 4 4 10 12 18 19 23 25
BB1W2445IraHA2WKeH28wYK60cKJI384eSN4r6mn2,11,plain,none,mixed,1 2 3 4 5 10 14 18 18 20 26
BB1W080KDWA0Mf8KWJCXY018aoJP9ab993FC2nQS9,11,plain,none,mixed,1 2 4 4 7 11 11 16 16 22 27
BB1W44WG2AJ5X7Yoa4WK1GHPAe9eL0u3Wg5O6aYH1,11,plain,none,mixed,1 3 3 5 6 10 12 13 15 26 27
BB1W1aWHM5ZGYaWOMHf11m624vHD9vgAX27uV9Gc0,11,plain,none,mixed,1 1 3 5 6 9 17 19 20 20 20
BB1W2aImI38W8Wf1K8KXJ8i51isXcH4KHGT04060I,11,distinct,none,distinct,1 2 3 5 7 8 11 13 18 19 34
BB1W56HqX8K2GF1J6B7WM1WH22OGXAOiHQfz0c448,11,distinct,none,distinct,1 3 4 5 8 11 13 14 18 20 24
BB1W8aSXmY2J8gsLQIKvEaWWg4d0b8G5m8iIGq6Wa,11,plain,none,mixed,2 5 6 6 8 11 12 13 14 15 29
BB1W1O890qeHX2eAXCaBmZ08WqOIWo242AAmh1128,11,plain,none,mixed,1 1 2 2 7 13 14 14 18 21 28
BB1W28288GfAAbAVTXc0a4C40e2AH99Aej9YcbK09,11,plain,none,mixed,1 2 6 6 9 9 15 16 16 19 22
BB1W0GC56LuX1CI680eY4O9G4WL6KEGtOLaMGr4gY,11,plain,none,mixed,1 1 2 8 9 9 13 13 17 17 31
BB1W5090I1v9GgaIGn0w2mGOXWdD49Gg1U146qH32,11,plain,none,mixed,1 2 3 6 8 10 11 12 19 19 30
BB1W411V8OY45hWc40CCyCAOUYH585jII8OIIcy0G,11,plain,none,mixed,1 2 2 4 8 8 12 17 19 23 25
BB1W1KGAWKM5OCTYMnBp7I4YKHyQHGp1AWg8Ybb2W,11,plain,none,mixed,2 2 6 6 7 11 11 13 18 20 25
BB1W431S9AA29luS0A0h294N2Hg6KfH-4o2WfX4GW,11,plain,none,mixed,1 2 4 5 9 11 11 11 12 18 37
BB1W142Yr2S5aHWn0D4GWY11o681mCGGeFES6mU0A,11,plain,none,mixed,1 1 2 2 5 10 11 16 17 17 39
BB1W9460C5eMXX8hZj11oCA80qA8aqoaNoisH914G,11,plain,none,mixed,1 1 5 9 12 13 13 14 17 18 18
BB1W4A7Ga4K9OARNLJbCOGG3GOjBB4qWJiM3Z0I1W,11,plain,none,mixed,2 4 5 6 6 13 14 16 17 17 21
BB1W2KY8WS14WEWyo95XA21HA8i9GaZYO31ddlGP1,11,plain,none,mixed,2 3 4 4 10 11 11 12 15 23 26
BB1W0H4KGZ2XYU97Ca4IeIW91C4qnfYb09XOqZ442,11,plain,none,mixed,1 2 2 5 5 13 16 16 18 19 24
BB1W0Weu3e9mf4a85HaR122XbbGk387WQE2OXGn25,11,plain,none,mixed,1 2 4 7 10 10 11 12 12 18 34
BB1W1M6KnIiD8ql4b3OQW900GI0n1t1iKc1O12G36,11,plain,none,mixed,1 3 3 4 7 10 11 13 16 25 28
BB1W0YHo2489n2n8L3K4WH21k47WM12aDQ90I34CW,11,plain,none,mixed,1 1 2 5 8 11 13 15 16 20 29
BB1W0GC6Gh8o94SdL8WK2GmA4GKQX98ZW33DDLhgG,11,plain,none,mixed,1 3 4 7 9 10 10 12 13 21 31
BB1W0W22W1e4Ox289acIaGPW40G5eLHA8h1Q2aI12,11,plain,none,mixed,1 1 1 8 10 10 11 11 15 26 27
BB1W0gWM108X6H9Yxc2jCGGo89WQ2en2KQQY3AF5G,11,plain,none,mixed,3 3 4 5 7 9 11 14 15 15 35
BB1W14C74SgYa55H1s0uZ61D1HGc2KGR89YgfQqHa,11,distinct,none,distinct,1 3 6 7 9 10 11 12 18 20 24
BB1W0m0a5mO19A3iYUCRGGWAGZ182GIYpAJmMHY82,11,plain,none,mixed,1 1 2 3 4 10 14 15 18 19 34
BB1W096a90a2ua8e0Z6wXO54KCGjEOvE8z6Y4894W,11,plain,none,mixed,1 2 2 4 5 14 14 16 19 21 23
BB1W34a8HGm82WK18af3IcH88HXaJZC4iY24uSX6W,11,plain,none,mixed,1 4 4 5 7 11 13 13 14 18 31
BB1W82Yr7a_aIXCGGOuboGGA5G9SeJ4qM7XUWFI38,11,distinct,none,distinct,1 2 6 7 8 9 10 11 20 21 26
BB1W1149MzWlKi-j444L3C9A6GCiWWiDH4YAFBGI2,11,plain,none,mixed,2 3 3 4 4 8 10 17 18 19 33
BB1W1YGgGKIe6qGa2dBrC0uOdKX6KNY_Z288XrsW4,11,plain,none,mixed,1 1 4 7 7 9 13 17 17 19 26
BB1W6I288OGq8e9M10AW60ba4eqXU4WfOLXN4nDIq,11,plain,none,mixed,1 2 5 5 6 9 10 10 19 23 31
BB1W46AiRN4_iTf2K8GK32YH8y9FCvH90m8XT4neX,11,plain,none,mixed,2 2 5 5 6 9 10 16 16 22 28
BB1W18509md0Gh76i0WA080CWz2K94m53K5m8XK2G,11,plain,none,mixed,1 2 4 4 6 8 9 11 11 28 37
BB1W0m6JbeFGHbLIKm204W8GL0AH584GIh9c9bK6W,11,plain,none,mixed,1 3 5 6 7 7 9 12 15 25 31
BB1W88XXLHDXiAWO7OVV0H08r0S9mH97EZ52KX50o,11,distinct,none,distinct,1 2 4 5 7 9 11 14 18 20 30
BB1W4G8WLHeQ8b90o2mD0KH84vrPK1SB3W30N54IH,11,plain,none,mixed,3 4 5 5 10 10 11 11 11 12 39
BB1W182Gr3Hx8XE2M4ueX24AHI2P39AI088WB0pZ4,11,plain,none,mixed,1 2 4 7 8 8 10 10 15 22 34
BB1W2OGY87Wo0QwZKXMZ44GS6ee8MIYHh70c2G2WY,11,plain,none,mixed,1 1 8 8 9 9 12 13 14 16 30
BB1W0H18H5bYa710ZWo2eO8g344KH6QJKAHHQ6e30,11,plain,none,mixed,1 1 3 6 6 9 9 16 18 25 27
BB1W20ZSonI4AGnpPHr4eC06CeoiebFbLWq2WWY8W,11,plain,none,mixed,2 4 4 6 8 9 12 16 17 19 24
BB1W30S0IehJ8GKS2b4K8GIg9eHH52q3mHaHGWQ2Q,11,plain,none,mixed,2 2 3 4 4 15 15 15 19 19 23
BB1W14PXcusqWn3uGWaE88K8J2cso3G4Y5hn41021,11,plain,none,mixed,1 4 4 6 10 11 11 12 14 19 29
BB1W98aYq2IXI3uO2Wf090aZ34CHWW20XC0M58eYH,11,plain,none,mixed,1 1 3 6 6 7 8 13 19 23 34
BB1W0C8T09WaB0q79m5ZOIWb24Qseg1a6I16rA34a,11,plain,none,mixed,1 3 4 4 6 7 10 12 12 26 36
BB1W0GX050u6W4Xo8GiKA8R8aYI5AbIUmCYJHv94Y,11,plain,none,mixed,1 1 3 5 8 11 14 15 15 19 29
BB1W6H1aQK1HH368x4CHE2a204f0X47OYwXY54KmO,11,distinct,none,distinct,1 2 3 4 5 7 10 14 17 24 34
BB1W1mJ2G1uK0oZ6oO3084522C-Zm29KKXHq68PXd,11,plain,none,mixed,1 1 2 6 7 9 11 13 19 26 26
BB1W0Y0G1GJH0M0W32g58H0HX42O90tYcjQ0u1G20,11,plain,none,mixed,1 1 3 4 6 6 6 8 16 31 39
BB1W48WgQJf8X22Yi912x28YC4JPXH9H94I28RafH,11,plain,none,mixed,3 4 4 7 8 9 11 13 16 17 29
BB1W0epm90CHXk283X9s28EH54X6AegfHo14WA183,11,plain,none,mixed,1 3 4 6 7 9 10 16 16 22 27
BB1W22Q0u5OD08mj35wPmD11a5iC944hcbf8b0O1Y,11,plain,none,mixed,4 4 4 4 5 7 11 12 18 22 30
BB1W2K8XQ0WD0x5K4P0a2W42G9PGr5GE2k08Yo8OW,11,plain,none,mixed,1 1 2 3 3 10 11 13 22 24 31
BB1W4KoOb4ZGW_bz209iG624KIAb6KX-SJ0aefV6a,11,plain,none,mixed,1 3 5 5 5 14 14 16 19 19 20
BB1W20eDGXicH14G8a6mH8US4GAXfIb8KcXI8E148,11,plain,none,mixed,1 1 2 4 7 11 12 20 20 21 22
BB1W0OQI0e6XoUc8WW4118vH4uYXCKYX8H8HV08GY,11,plain,none,mixed,1 1 2 3 4 5 10 14 26 26 29
BB1W0i2M4nG9177DIDo84mX023AmqWSnYY2dOmZ8G,11,plain,none,mixed,1 1 2 5 6 7 13 18 21 22 25
BB1W2e74NH31m529uWZ1IG43040c4pHT6ebS8eIQG,11,plain,none,mixed,1 2 3 5 10 11 12 12 17 17 31
BB1W91IPDH4bGHHC4Wc1O6WeB040Hgm35r78Y382G,11,plain,none,mixed,2 4 4 5 7 10 12 14 16 21 26
BB1W0AymJ1Y58AeJ8IJ9c5X3OOHY51mCCkYDea4WA,11,plain,none,mixed,2 4 5 6 8 12 13 15 16 20 20
BB1W10XP5mOJYC3eIWIn6GZn3qHb4SCqWU23W4X42,11,plain,none,mixed,1 1 4 7 8 11 14 14 15 18 28
BB1W2GACg2GOYaBaFHEA88a2GY4Ob2Ge8_4OGI145,11,distinct,none,distinct,1 2 5 7 11 12 13 14 15 16 25
BB1W0a4KGCmCXoh4II8aKGCQ2s5e8hA88GGHHT8OW,11,plain,none,mixed,1 3 5 5 9 9 11 14 18 20 26
BB1W0W0WTAoO90aY8PAYYn8X153ibaMad24EO9e6W,11,plain,none,mixed,1 3 4 6 6 10 12 13 17 21 28
BB1W0X7GHAWgLJ2I73CWm20X0Y3Gt9ew4kYArhH4a,11,plain,none,mixed,1 4 4 9 12 13 14 15 15 17 17
BB1W1HA95KGWWuaa648WAfGC1nId64qm9GqWBdhWY,11,distinct,none,distinct,1 2 4 5 7 8 10 12 15 22 35
BB1W20C4XoGAc2yBaao5CCm10m2lB0W40m2IH0g94,11,plain,none,mixed,1 2 2 4 4 12 13 15 18 25 25
BB1W3qH57Oi74SXA1o20E0WHZ0a0G8e9WH4IjszWM,11,plain,none,mixed,1 1 5 7 8 8 11 13 14 15 38
BB1W95aKvJPnu-HbXMFOH128L8IWM4W9uH2o40811,11,plain,none,mixed,1 1 4 8 8 11 12 17 17 20 22
BB1W90y0J8iOfGYJHE218p0Wb7XfSZn309KWE0X2O,11,plain,none,mixed,1 1 4 5 8 9 11 14 17 25 26
BB1WD0O1G8YII30G8BPm50c4Za4BJZC2eCWZ5GcYS,11,plain,none,mixed,1 3 3 6 8 9 9 15 17 21 29
BB1WCYnAw4A8OGnQwG50C3W128KGg4OvKYbPJ0c2e,11,plain,none,mixed,1 3 5 8 8 9 11 15 18 21 22
BB1W071m6mR5CJ4CWmeiYDG4WT1S4114MP546N00W,11,distinct,none,distinct,1 2 3 4 6 7 10 12 19 22 35
BB1W0954OWvnOf128hHgA2m8Ha287w1t2a1U3bn24,11,plain,none,mixed,1 3 4 6 6 7 8 10 14 16 46
BB1W42uNTXXA87AKIHHCW56IJIbb8HcIaa2We9ueZ,11,plain,none,mixed,1 4 5 5 6 7 11 16 20 23 23
BB1WCWA180a1mYd2X2Q1O90egex0YIS5eDX1A4YI9,11,plain,none,mixed,1 6 6 6 7 8 10 16 18 21 22
BB1W7040KEWPIeYG6X3qCK4K2WYGZ49VKJH42C5mK,11,plain,none,mixed,1 1 4 5 8 13 14 14 15 16 30
BB1W12_8yWO1D84iKZKpYGA8aaWSX29Z8TYoAeJ0g,11,plain,none,mixed,5 6 7 7 8 9 10 14 14 14 27
BB1W1a99ab9sbA0M2Y4KYI8D1IG2W0Wbun0OX0YWk,11,distinct,none,distinct,1 3 4 5 8 9 11 12 17 21 30
BB1W52XGD13SH0WqrG9PGD11e95KDAQnGaYIlGn22,11,plain,none,mixed,1 3 4 8 9 11 12 13 13 18 29
BB1W0O2EeR932eCRqp0Y144GaWJOHJCpnLE4uoaZ8,11,distinct,none,distinct,1 4 5 6 8 10 12 16 18 20 21
BB1W2GnAQA8Z0aXXOMLaXa28c7uXT3hHeN4SHA9en,11,plain,none,mixed,3 4 4 5 8 10 10 14 18 22 23
BB1W208b4IA0Ob6OJGJ9C10PnbV62OCWpfHv20WC0,11,plain,none,mixed,1 1 1 7 7 11 11 12 18 26 26
BB1WAXQ9nP9eMawCWo58eH00g98bGK10CD3ZJ74GH,11,plain,none,mixed,3 4 4 4 7 8 10 11 13 14 43
BB1W4HGX3e080mWg21G30e0a3H5S9GK0Y22OHWiAm,11,plain,none,mixed,1 2 2 2 3 6 7 11 17 30 40
BB1W4Wk1bb7BnMYO80U1C8CKDGA2TMcS935129KsI,11,plain,none,mixed,1 1 3 7 7 11 11 14 19 20 27
BB1WA820Otq4X0KKGX35aGGXA4c8eb1eAMXsBXE28,11,plain,none,mixed,1 2 2 6 11 12 13 15 15 17 27
BB1W158H185IGI22K6WM2r0GJ6IYFGm50KHnf6cXG,11,distinct,none,distinct,1 2 6 7 8 9 10 11 15 25 27
BB1W48I8g0g14ur7YKXGY1GhYgR810ijEiboMcugG,11,plain,none,mixed,1 4 5 6 7 8 8 10 12 24 36
BB1W1G4uZH9dMf0G1Hc1H20KWI1HeeXd663UW90WZ,11,plain,none,mixed,1 1 2 2 10 12 13 16 20 21 23
BB1W00eC9H9ibYY7zo2W6B1ahuiHgMb2GAIpIMA3G,11,plain,none,mixed,1 2 4 7 8 9 9 15 16 21 29
BB1W01GTZGaKH8oEDZ84WI2Gf4P0b3y8mX4GkXq1W,11,distinct,none,distinct,1 2 3 4 5 6 14 19 20 21 26
BB1W944H12yD8ggQHrOo1GE20GPz912BGf180mIn0,11,plain,none,mixed,1 1 3 4 10 11 13 18 19 20 21
BB1W03D496Y9b9eWa2O1W4WI1IABOXiL6CPG-1S4G,11,plain,none,mixed,1 2 5 7 8 9 10 13 13 23 30
BB1W1H8Ye6GF225WQnvte158IH4Y8HSRVDWP1C5OI,11,plain,none,mixed,1 1 6 9 10 10 11 13 13 19 28
BB1W2HGGWtLIYj98l54UN8m8WbwOM24DY8PuOf2P8,11,plain,none,mixed,1 5 6 7 7 9 12 13 14 21 26
BB1W12eH1K4mWe3a9LX228NG0WIQ4083WD1KeiYK4,11,plain,none,mixed,1 1 2 5 7 8 11 18 18 20 30
BB1W28cYGE69uCaYWcWv2X4WPCfGCgnPbo3a8GIn4,11,plain,none,mixed,1 1 4 5 7 10 14 15 18 22 24
BB1W52VhwPh2eAD88iXs04W2LHCgIOHW50O4W9g1Y,11,plain,none,mixed,3 3 4 5 6 6 6 9 22 22 35
BB1W2m53p3YE8eYaZzVpB0f224GAYGie9Y4098AGa,11,plain,none,mixed,1 3 4 6 8 9 9 17 19 21 24
BB1W2COcwbCai6GT168Oa6W971e50KWAKWG9jBSWG,11,plain,none,mixed,1 2 3 6 9 10 10 11 13 23 33
BB1W0X4PuNHnHB4mAv4qYmA891moH44w_ESL4dG06,11,plain,none,mixed,1 1 3 9 10 11 13 14 17 18 24
BB1W0WImL6K8OM2LYOm50e0IH4uVkOio2I5udI784,11,plain,none,mixed,1 1 3 6 7 8 13 16 18 18 30
BB1W1MGY18OHDALHP6AHC2m25EXA7WV2Yb7Wc8GX8,11,plain,none,mixed,1 3 7 8 8 10 12 14 15 17 26
BB1W20CdHUiv9e-na9GNYmK84L0fYOAk6cLPDWZwW,11,plain,none,mixed,1 2 7 8 8 10 12 14 15 17 27
BB1W38EPvhc2GH122L21K61H64G8Geg0S1e65c2O5,11,plain,none,mixed,3 3 4 6 7 8 9 10 15 27 29
BB1W80GGaZYW50YY4-K20462fiLndrIOeZ28uIQ85,11,plain,none,mixed,1 1 4 5 7 10 13 14 19 21 26
BB1WCKaI50I0eY4NGd1YoGGf0YZ64aIH6MutAa708,11,plain,none,mixed,1 2 3 8 8 8 9 15 19 22 26
BB1W186199IP7KL14G9145483GOXw2Mv3WM18mJ15,11,plain,none,mixed,1 3 6 7 7 8 10 14 15 20 30
BB1W50X9ya48HP2AXL0Xa65O9iLeiiYf2784liRHX,11,plain,none,mixed,1 2 3 3 5 11 13 14 16 26 27
BB1W0Q4kT4ACHSY8urYa645128FCXRKsHr06Ua7SO,11,plain,none,mixed,1 5 5 6 9 13 13 14 16 18 21
BB1W202GBiIOqZY6f1a0aeWY352EGf2C4oqRyY890,11,plain,none,mixed,1 1 2 6 11 12 13 13 18 22 22
BB1W0J0WICDhAKcYJW28C0HXqKSXi0W7II21CAYXA,11,plain,none,mixed,1 1 1 6 7 8 11 13 21 23 29
BB1W4K8oKJ4AJaMGJ1BiXA94IYf52182Zb2IJHCoX,11,plain,none,mixed,2 4 7 8 9 12 13 13 15 17 21
BB1W11Y02080W3Eu7GL1h5128OX2285H94oe98aQI,11,plain,none,mixed,1 1 4 5 5 11 12 13 16 17 36
BB1W4eAYH28Fe9Ww21O0aaG1M4u8eb54WC787eIXA,11,plain,none,mixed,1 1 6 6 8 9 11 14 15 20 30
BB1W3a3mM181JaXu7aI8aqW8WG264NJCIC5h2W60K,11,plain,none,mixed,1 2 2 7 7 8 13 14 19 19 29
BB1W1mG2m1XY9A5818PMY2G6dwj7KYSYm80e2yH26,11,plain,none,mixed,1 1 2 7 8 10 13 13 15 18 33
BB1W70i2m30CPU9LBrhQr4W3ANA520H2mAmm448Gq,11,plain,none,mixed,1 2 2 5 7 13 13 13 14 16 35
BB1W0W63OOgX2cYA8NWk28WX4nBGY88CWs1X6qa4S,11,plain,none,mixed,1 2 2 7 11 11 12 12 19 19 25
BB1W08pI61GuWNaGA0LXi16CBGRXz4HXyvyK2K4mI,11,plain,none,mixed,2 5 5 7 8 9 13 15 15 19 23
BB1W42HJf8x3CL34K8WmI38K6GHmXYoHEe9WiW922,11,plain,none,mixed,1 1 5 6 10 11 13 15 17 19 23
BB1W4aXY410cocP2ab2bm8Wmec2C4YrjPPvO3WBWI,11,plain,none,mixed,4 4 5 6 7 9 9 14 14 24 25
BB1W0HX1FCyE98GWA2G9W4YaLM6OIWkG4GK040O9G,11,plain,none,mixed,1 3 4 4 5 6 7 14 17 18 42
BB1W0mL0a2JKX96GsWc7840HXAqMMKsmuM1n64eHX,11,plain,none,mixed,1 5 5 6 7 12 13 15 18 19 20
BB1W84WI2H52KTWcMOiU90WaII9qc1a189caGX90b,11,plain,none,mixed,2 3 6 9 9 9 12 13 14 16 28
BB1W68IYc029WN-7H9Wa0m122HOgzB4SH63eD09WE,11,plain,none,mixed,1 2 4 6 6 7 8 16 21 22 28
BB1W0O4dgmm8WOAG581dX1CcKH99UT6pTwaAGmWu0,11,plain,none,mixed,1 1 4 8 8 9 12 13 15 20 30
BB1W90C0m2WRWXo9OicWb0GH94YZ1Y62KGmp14AmK,11,plain,none,mixed,1 2 3 6 7 10 10 11 17 20 34
BB1W0H10yAIXC0u2xmEWa50D288HI39K8AGh2mmgI,11,distinct,none,distinct,1 2 4 5 7 9 11 17 18 20 27
BB1W080nv24YICe9brHXA4nK4489GZ8JX5CA2C5W2,11,plain,none,mixed,1 1 2 3 5 12 13 16 21 22 25
BB1W2I6HEQKIYGk1qAfAHg023mOps3aaD0ZYoP6c1,11,plain,none,mixed,1 4 5 7 8 9 9 10 14 25 29
BB1W82H8K7KIf2avmCWd32CHfAOrIX933wE0q06W4,11,plain,none,mixed,2 3 5 5 7 8 10 13 18 18 32
BB1W4XiuJc870Bn32W43G30ekYMAevPYIPAOAY20W,11,plain,none,mixed,1 2 5 7 8 9 10 17 17 21 24
BB1W84F12B4Sf4YUHG50L2Q93aJYW4WY7ABG4WAGg,11,plain,none,mixed,1 3 4 7 7 9 10 16 17 17 30
BB1WA8tGQi0m1049PXk1W6mWaYu9Ye88pWYPvY68G,11,plain,none,mixed,1 3 3 7 8 8 8 9 10 21 43
BB1W46LIG2MYv9LMg1Y4GZ04NyCCIRHlnfd0eWC0G,11,plain,none,mixed,1 1 4 5 11 11 12 13 16 19 28
BB1W3In8g554NmmISY4888H88L-cL2OHW7cHJ42IP,11,plain,none,mixed,1 3 3 4 10 12 15 16 16 20 21
BB1W4YpGInR921Gx_22m7094eeIHI24PZR8on4J4X,11,distinct,none,distinct,1 3 4 5 7 10 13 14 16 22 26
BB1WC8s4-uRPWe1HBE5K610ANlip52CpI8q3GKIeG,11,plain,none,mixed,2 4 6 7 10 10 10 14 15 17 26
BB1W9W640e4I0y3y4NbmM12eXa08B4C6GIXI8b3O3,11,plain,none,mixed,1 2 2 3 3 4 7 9 16 23 51
BB1W2040GGSD8eb1gtLUE80I195IFZOEGHY9C4qb4,11,plain,none,mixed,4 4 4 6 6 8 9 18 19 21 22
BB1W868bfSuBW50I6b021u4W91mOv3eInXEe1Y226,11,plain,none,mixed,1 2 2 4 5 7 9 13 20 27 31
BB1W09i1oKnX88KaKKCWKWWCTGaGnDCxBbGL1eVC8,11,plain,none,mixed,1 1 7 8 8 9 10 15 16 21 25
BB1W184XA3r5nH68MXI0e45u7WK9cbd2Wg1J8CWn2,11,distinct,none,distinct,2 5 7 8 10 11 12 13 16 17 20
BB1W0mB4Y5uRT8qbSbKI1uGG11AgnAAI8X58J5GO2,11,plain,none,mixed,1 2 3 4 10 13 15 15 15 17 26
BB1W198uLHa4a8cQ98u4GQ02WA170YaDTI4md1PA4,11,plain,none,mixed,1 1 4 7 8 9 9 13 14 22 33
BB1WE28IPD72QcCfIarWs2H29WBHWb6BKX2WYKX1G,11,plain,none,mixed,1 2 3 9 9 11 13 14 18 20 21
BB1W54eOOX1418Ie7e5eGEX4eH37A2bH16K4W8Y1u,11,plain,none,mixed,1 1 3 4 6 8 10 16 18 24 30
BB1W12YEIuaHHUcr2K4WYPY258I5EA8MT62f9M82q,11,plain,none,mixed,1 2 4 9 11 12 13 14 14 17 24
BB1WAAm30JOHL8o3qLZsWI092ej4d1G68Wh4geXb0,11,plain,none,mixed,1 2 4 7 8 8 10 12 18 25 26
BB1W4KGH1gK8mV8bX0e0WQ0534aMegIgmK10OW20O,11,plain,none,mixed,1 1 1 2 4 9 12 18 19 25 29
BB1W010m40vbLquI0a1SQ20AHI64KHXA5AhdQ5cyX,11,plain,none,mixed,1 3 6 6 7 7 7 11 13 28 32
BB1W0u0sKKvt8KHf314CG4WmKYSLnGifXYLGb2C18,11,plain,none,mixed,1 5 5 6 8 10 12 13 19 20 22
BB1W1GD1L134n8A1R83WeX010TQ6jHr4fnsaC8IYQ,11,distinct,none,distinct,1 2 3 4 7 10 12 14 20 22 26
BB1W0KYYTbDad43e5WnQ2a2536BOgqGeXj94G8WGd,11,plain,none,mixed,1 5 5 5 6 13 14 14 15 20 23
BB1W18BXDP0a5GdYI2A1KHKeWaP6YIIWvZ2AGX831,11,plain,none,mixed,1 2 6 6 7 9 11 15 18 20 26
BB1W0G286OHGHY2BA488Y44Xn43G80XoXw3e8Zav6,11,plain,none,mixed,1 1 1 3 4 11 12 15 22 23 28
BB1W20G2WEn8v8fJJ50daIP41Ox8aIA7Gu2WCCZ3G,11,plain,none,mixed,1 1 5 8 8 9 9 10 12 26 32
BB1W0M2GIawcppZ2q8kXQAeJ0KEmqqaeCH4Gc1040,11,plain,none,mixed,1 1 4 7 9 10 11 13 19 22 24
BB1W1CgGh4wvpf36DqaaBeIG4HSEH1Gg2Ab5D03G2,11,plain,none,mixed,2 3 6 8 8 8 10 13 16 23 24
BB1W48X0a308sju8WY3pu4OeEIP8OIY96CXJ2K4X4,11,plain,none,mixed,1 3 6 6 8 8 11 13 14 22 29
BB1W1KffcY9GMzhcYQ58MIGaEfaY8082KaBG8QeO1,11,plain,none,mixed,4 4 6 7 7 8 9 14 17 19 26
BB1W0K184GCnhoHHeCOdHDG5H91eB0m3Op2SbrDo4,11,plain,none,mixed,4 6 6 6 8 9 10 10 13 17 32
BB1W016lc6e53A5K8mIX98Xa4W7XDPeRXO8RWT0m2,11,plain,none,mixed,1 3 3 5 5 5 14 17 19 20 29
BB1W9WL1X0d4m70ZCKmJ0mW2898bY3fZ54L09mL2I,11,plain,none,mixed,1 3 3 6 8 8 10 15 15 25 27
BB1W0DQK8X1YSuqZaWk0O21K4yZH1d-YM8GeKWa48,11,plain,none,mixed,1 2 2 4 10 11 14 18 19 19 21
BB1W53IGndsJie1G6OYbIGmW20MD5T29u9n4mc8X2,11,plain,none,mixed,1 5 5 7 7 8 9 16 16 22 25
BB1W41fC2m4GHQ3ZD1H84WIGL2nQ1eWXX72iCYq18,11,plain,none,mixed,1 2 2 4 6 12 13 13 15 22 31
BB1W0Y14AWq595d455cxeW02WA3GAHMvSYMCMJaYS,11,distinct,none,distinct,1 2 5 8 9 10 11 12 13 21 29
BB1W22K97L5Ijp12Yug144oYA4HJ8Zg890ZRJGO40,11,plain,none,mixed,1 1 4 5 7 11 12 17 20 21 22
BB1W28D10W724GQnWbWH430YYMHJ6Wf53IL5SOXYW,11,plain,none,mixed,1 1 2 3 8 10 11 12 21 21 31
BB1W0e4egJaI9A68IoSJDo02GE4DMUS0C1MgMN1Q2,11,plain,none,mixed,1 3 3 6 7 8 14 15 20 21 23
BB1W2438APA4CWYSR142G1WmG10kDAKXn4H8b1m4W,11,plain,none,mixed,1 1 1 4 5 5 13 14 18 26 33
BB1W10U53y3GjNDY64LnYGG438X54SXJP4ZYLKA8Y,11,plain,none,mixed,1 1 4 7 9 11 15 16 17 18 22
BB1W08Mee2vD4o3280m8WA20e3GDJ8Y60eDGr1I6e,11,plain,none,mixed,2 2 3 4 6 7 7 11 21 23 35
BB1WD1uGa1mqgeiGGWb8SXC2527Qv247HQb5a640H,11,plain,none,mixed,1 2 2 4 11 13 15 15 18 18 22
BB1W32KNHX88WHM3uebX21D22CX0UX94aJYYhH8O8,11,plain,none,mixed,1 1 5 6 10 13 16 16 16 18 19
BB1W21yhd6eIImf2-UA-7WOW8s5aPjgu2036IY40P,11,plain,none,mixed,3 5 5 6 7 7 8 12 15 16 37
BB1W62bNAgLukCBenQzeIN1091QpCWjQAUk2CZ8IX,11,plain,none,mixed,1 2 3 8 8 10 10 10 20 22 27
BB1W0H818LoXAHrJQ1u5W4X8LH8ZYjig4EGu0WeC8,11,plain,none,mixed,1 3 5 5 7 8 9 13 13 27 30
BB1W1060PKgCmKWgYH8bAY06GKD4iPoIT5sj4af6a,11,plain,none,mixed,1 1 6 7 10 12 13 14 18 18 21
BB1W08GbzML19r0A204aI96agI65C2WInM583WHO5,11,plain,none,mixed,1 1 4 4 4 5 15 15 18 26 28
BB1W8WbHfPYcCemoAWmX55f8Y2G8kCTH628D8umKI,11,plain,none,mixed,2 2 3 5 11 13 13 14 17 20 21
BB1W1388LXr8b44aon92eyG1093BK6HKGj3RG0W8W,11,plain,none,mixed,1 1 3 7 8 10 12 13 16 23 27
BB1W62A0Y0aEHCMos0a23KG204Z4pIeqpOhYYCEW9,11,distinct,none,distinct,1 2 4 5 6 12 14 15 19 21 22
BB1W2H2G93m9CCOnM94QYb460A0ggPa8-eAWI1Jy0,11,plain,none,mixed,1 1 5 6 7 7 9 10 20 25 30
BB1W5YWqaXvGCe488mx0co04CHNWmg47DSxfUB8I1,11,plain,none,mixed,1 1 5 5 7 9 15 18 18 20 22
BB1W0agWPTKv9b0OaWo4eF1AA4XVG8BeY6S0N142G,11,plain,none,mixed,1 1 3 6 8 9 9 10 12 29 33
BB1W28J1K5SXKgJ28Y11Q84K1sdOMqIYAGI-1e4H1,11,plain,none,mixed,1 1 4 9 11 11 12 13 14 22 23
BB1W1I9Jb0H080icL50X1aGYKG8R1a8HWN1SzLYr4,11,plain,none,mixed,1 3 4 5 5 9 11 12 18 19 34
BB1W88cHLIVeSr0L1K5CK6G8r0CCiuYICGA08G94K,11,plain,none,mixed,1 1 2 5 8 9 11 12 17 25 30
BB1W8Y285erWmfJuKXfHi0282WAeX2NMeSWLMCumL,11,plain,none,mixed,1 1 3 4 9 11 12 16 17 18 29
BB1W18GWY1O84u4WBGPWbeE4OGmYrHZ4Go184KHWa,11,plain,none,mixed,1 1 4 4 4 14 14 16 17 22 24
BB1W8W80W34G89WCX6qN162A0Y46nA5BGkYY5eIX9,11,plain,none,mixed,1 1 1 3 7 10 12 14 15 25 32
BB1W50Kin0at6B0w5fmH3W44X3ILep80WTD8ZX9v0,11,plain,none,mixed,1 1 2 4 6 11 16 16 18 22 24
BB1W48mYT4w9H2ZY4iHU50a0Q2N5IZOHWU65EG50O,11,plain,none,mixed,1 3 4 7 7 11 12 14 18 20 24
BB1W1GAfWf10aq8m3AF0G2mJYGH2e9GqDP8ZYHg4e,11,plain,none,mixed,1 1 2 4 9 10 14 16 19 20 25
BB1WA8mWa1GAOgQeWb62B85GbMbHZbEGPGXf4aAWq,11,plain,none,mixed,1 2 3 9 10 10 11 12 20 21 22
BB1W0elgXfEf122e4cdR2WY0Gc3QpKA1BT634M1e8,11,plain,none,mixed,1 1 2 8 8 9 15 15 16 22 24
BB1W1m4SA0GZ3gIFemk8WA0J0R2i4CGCIei4HY24W,11,plain,none,mixed,1 1 1 6 7 7 9 20 21 22 26
BB1W21u2y2285G165GZoXIGa8GI59YEGmX229KIui,11,plain,none,mixed,1 2 5 5 5 6 11 13 18 24 31
BB1W15HA4Wo2aH1C6ujD81WWa1WE1mf8FHCoGZH4a,11,plain,none,mixed,2 3 5 5 7 7 11 12 13 17 39
BB1W0a4A90Y0Et3IbLJMXGbe0y3e8S74KPHI-WM0m,11,plain,none,mixed,1 2 6 6 9 11 11 11 15 15 34
BB1W834H9InXAuDc6bC20718DOjQ9K86iZ28n1Q8a,11,plain,none,mixed,1 1 1 3 6 8 16 18 19 21 27
BB1W91gg92a314KHC0mJ58Wu5WKYWQAIfOfZo68GC,11,plain,none,mixed,3 5 6 8 8 9 9 16 16 18 23
BB1W6GU0u3q3EJUIf5aKXn48GCH0KeYeCC0WF0Y3G,11,plain,none,mixed,1 2 2 6 8 11 12 14 21 22 22
BB1W50C0eCbHD5Nk7O60hGmG30eb4K558N13EOaI2,11,plain,none,mixed,1 1 3 6 7 8 9 16 20 23 27
BB1W4YpeI08CCcY94g4f38n88bILJIYQAb5XM4MGY,11,plain,none,mixed,1 3 4 7 9 10 13 15 19 19 21
BB1W0K1GJ0h1C47WI2e5W912KFHH2oQ55G10C0e0W,11,plain,none,mixed,1 2 4 5 6 7 7 11 17 24 37
BB1W8G8nVE1WA0aAAZSAGH00gLqyX42OYZ8GP1w4e,11,plain,none,mixed,1 3 3 4 6 8 12 13 15 21 35
BB1W2Ga07Wa4kqJ9nF01B494eeYeAjYw97ZbQKIW5,11,plain,none,mixed,1 2 3 4 7 8 10 18 22 22 24
BB1W85Ki4GI8GH0q3UQ7Y45HD2a68aLGGKDMKQoH4,11,plain,none,mixed,2 3 4 5 8 8 11 16 18 21 25
BB1W4SXHn1l5SGbWc186SCHWQDH8a55PEyGo30W0W,11,plain,none,mixed,1 3 4 5 11 11 12 12 13 20 29
BB1W3I2G5Cr3eiJIDGKWeG8uHXA6XIJo0CXHXqSY2,11,plain,none,mixed,1 1 2 11 11 12 14 16 16 18 19
BB1W68f144ODaZmgGaIIA2a8CWMmFnP4Yg0G206nW,11,plain,none,mixed,1 2 3 8 8 10 14 14 16 22 23
BB1W82WKYWgFU8f2hvGK180SL5KChZK4W95emHH8X,11,plain,none,mixed,1 3 4 6 6 9 11 15 19 23 24
BB1W22API307aOLA3qIXX54K1GSX23Mxdr8YIuE16,11,plain,none,mixed,2 2 3 5 11 11 12 13 17 22 23
BB1W0K1Hg2t1OqG8WioY4uGY25GGT12O84c2I9g5K,11,plain,none,mixed,1 1 4 6 7 9 9 11 18 23 32
BB1W0CWo54A8Unb6KXe24GICY25aB080vZbA8WI0e,11,plain,none,mixed,1 2 3 5 7 8 12 15 16 16 36
BB1W1E9LbAa3mC7466aJH8OL2IGgLHQ8QKGn0Y2K2,11,plain,none,mixed,3 3 5 7 7 9 10 11 14 23 29
BB1W0894E0qcvJIA0G23G0uEHv4dKj1Y6OsCPbyB0,11,plain,none,mixed,1 2 5 6 7 8 8 15 20 21 28
BB1W0nK4kJf8KnY88f9u90o0O2mIj5Kf94XE1aCmK,11,plain,none,mixed,1 1 5 5 7 7 11 16 20 23 25
BB1W8m61eul1y3mc4aAKOGGGA0mBWYEbGDo91124I,11,plain,none,mixed,1 1 4 7 8 8 9 12 14 21 36
BB1W444FH54cn0Yw5II2NIab5onF2Gh58LGkoa0i0,11,plain,none,mixed,1 3 3 6 6 7 12 15 20 21 27
BB1W1KCWZH78V9EdXS1WAf618XWby2m8YXS690CK4,11,plain,none,mixed,2 2 5 7 9 9 10 11 18 20 28
BB1W42NkPC3ME04HYe4eP90HcvXc63uXH2i5eLAwG,11,plain,none,mixed,1 3 4 6 7 8 10 12 12 18 40
BB1W59aMHkd94S0W0r4KHLGH948082H7a3844bYGY,11,plain,none,mixed,1 2 4 5 6 6 7 12 15 30 33
BB1W0C1H6OCmYWKkXyQ0mX11tQ284WK0sYdmAGj48,11,plain,none,mixed,1 1 4 4 8 9 11 12 15 17 39
BB1W2HUbCH545pyG50Gg2G8aIAYD4geAZjAKcIK0W,11,plain,none,mixed,4 4 5 7 7 9 12 17 18 18 20
BB1W0DFmaj2WaYHar1D8uJ0Y1lA247Cj1MGQGOHeM,11,plain,none,mixed,1 1 3 6 8 9 11 16 18 21 27
BB1W4OXKCrWA1u1PKWKe94fA8hDSfn0H0ZgLPKae9,11,plain,none,mixed,2 3 6 7 8 9 10 11 21 21 23
BB1W52XWo3u8WfT54aboK4XA8m2X7PGk1POeYK8mH,11,plain,none,mixed,1 3 6 6 7 8 15 16 19 19 21
BB1W0e64OGjXgJMWOuw0CS8H0K0a4gb7iEw6dcL0a,11,plain,none,mixed,1 2 6 6 10 11 12 14 15 17 27
BB1W182uF0Wp224fAV8kI4G91H2mAuhDDC28WL24K,11,plain,none,mixed,2 3 6 8 8 8 11 12 16 23 24
BB1W0G2jdQvCOKX24a81Z8fG70K0eJMr4OOiymne9,11,plain,none,mixed,3 3 3 3 5 12 12 12 15 26 27
BB1W2WEXDoK9n4CQGM2hE34A0rR74WHf3IGsHaX49,11,plain,none,mixed,1 1 3 3 10 11 14 16 16 22 24
BB1W1140S2Lj1Gf8C8K0m40o2u8WP27GKfIz7qOQX,11,plain,none,mixed,1 1 3 4 7 8 11 16 18 21 31
BB1W0X60C6_GIACeCueHXAG30q8mHzCI0O2a4aXP4,11,plain,none,mixed,1 1 4 5 5 10 15 18 19 21 22
BB1W164KH3aHY48G1W53I1460W40Wp0C0g340A0q2,11,plain,none,mixed,1 1 1 3 3 4 10 12 18 30 38
BB1W22a5WSaPm4GM7I0Yj4FO2cGRvpg2qKGo9MYWu,11,plain,none,mixed,1 1 1 3 8 8 9 17 18 26 29
BB1W82S8G2Ys9XK9GGYs4Q0OeYLIe30248G_2HecC,11,plain,none,mixed,1 4 4 5 6 9 11 12 12 28 29
BB1W88GW18DXQ5aRMCd2K21aCG0m2G50aL6A1qKIL,11,plain,none,mixed,2 3 3 5 7 8 9 14 15 15 40
BB1W34EG6xCtfv1Lyf4G90eAY6DX9AWT0BaWEX1IP,11,plain,none,mixed,1 2 2 3 12 12 13 15 17 19 25
BB1W0Cab1K98hLYjWs4oA0H4uhrlC0W3WBcnXIGuH,11,plain,none,mixed,3 3 4 5 6 10 12 12 13 26 27
BB1W248W_iStG60G32g2hCG9Y42He31IX59XG4WY1,11,plain,none,mixed,1 1 4 5 8 9 10 11 19 25 28
BB1W28KnS3uKGn152P1IqGMG90AUTKD49WP1G93aH,11,plain,none,mixed,1 1 7 7 8 9 9 9 21 21 28
BB1W285CLGyC0J1XDZH2WOG8mb2QI3A5kbnlHY62G,11,distinct,none,distinct,2 5 6 7 9 10 12 13 17 19 21
BB1W02WA0xaD2eB0IOIaAGIA1G5uXYy6GH158b0I1,11,plain,none,mixed,2 3 3 5 5 8 8 12 14 30 31
BB1W222OHHy5eN2SYc8e8mW1090Y6D8886Y4cnJZ2,11,plain,none,mixed,1 1 3 5 6 8 11 17 19 22 28
BB1W1YVOwiGCHUOY242WH6n27GY0m0HRIP_m947mY,11,plain,none,mixed,1 1 1 4 6 8 8 17 21 23 31
BB1W0C5iIX1C6GIY9QGVeGI48bYQKMLOwXW5WXb86,11,plain,none,mixed,1 4 4 9 9 10 10 14 15 16 29
BB1W1E24YX2ADF8Gl2aFe0W1GI25oD7HX8gGA3G1W,11,plain,none,mixed,1 1 1 2 7 11 15 16 16 23 28
BB1W0I24XyUHHYC2m90P1e0H2I59utWk0O2mH2n13,11,plain,none,mixed,1 3 5 5 6 6 7 14 15 19 40
BB1W214b42IC4NWa11e30C01W6OJ99scpa6WOX-AO,11,distinct,none,distinct,1 2 4 5 6 7 10 11 14 30 31
BB1W38YYdnXcAOiG5mV1a10GA8fXcE19L0YAG4yKn,11,plain,none,mixed,2 2 4 7 8 9 10 11 16 21 31
BB1W61IAG_0i088haXAqb84C748M9Ci144GF0oaaC,11,plain,none,mixed,1 3 4 6 7 9 9 10 15 17 40
BB1W4aaY5M8uIEC2Hn41I952BG28e-WR0AFq1W2sA,11,plain,none,mixed,1 1 3 3 6 12 13 16 17 22 27
BB1W0s2YI54FP5bKEerY94b228E0YKo5w2YCa86WO,11,plain,none,mixed,1 5 6 8 9 10 10 13 17 19 23
BB1W60I6OYeL875YeXGY54HYW6Npjv8L1C7iVz0O2,11,plain,none,mixed,1 1 3 4 9 9 9 13 22 25 25
BB1W22QmJ52eA-fagQe8GWL852e9s4WXA8QHfG209,11,plain,none,mixed,1 2 5 6 8 8 13 18 18 20 22
BB1WAHOcyfYA4tA84Kq1Q2KLCC0moap9B9GV29OGC,11,plain,none,mixed,1 4 5 5 6 9 12 16 16 22 25
BB1W1Y2IB8ceLHH6fvaM0452Gb18Uv2G9224e0L13,11,plain,none,mixed,1 1 5 5 7 8 10 12 21 25 26
BB1W2II4mNWbvn0GYXw0IGXk7KoCLM3aiEHI2AGJ1,11,plain,none,mixed,3 4 5 5 8 10 11 12 20 21 22
BB1W4XM1MLm1020I2YnT6KGGH4WQ0b48XE2C8aaiK,11,plain,none,mixed,1 4 4 5 6 8 9 14 17 19 34
BB1W4WC1gIgAmx0O1Ys2eCGX22m8bEZH910H40W60,11,plain,none,mixed,1 4 5 6 7 7 7 10 20 27 27
BB1W346Wg74GXoWobaqbIMKY249RO2OW65Be2a309,11,plain,none,mixed,1 1 6 7 8 8 10 12 20 22 26
BB1W8nVHaG-BrBgGZ0C2HfWXQG22sdQ2GC21n7uGY,11,plain,none,mixed,1 5 5 6 7 8 8 16 19 21 25
BB1W0aYW52hQaf91a90MI0lH1K3KXYIO8WVW70lX1,11,plain,none,mixed,1 1 4 7 7 11 12 13 14 19 32
BB1W1274Qn85ZmOX1ib6a386WY1492qZvKKzJcj08,11,plain,none,mixed,1 3 7 8 11 12 12 13 16 16 22
BB1W4IWGK24WH5cM8Wp3a8TGDWLXX010BgkaYW4GG,11,plain,none,mixed,1 1 2 3 3 7 11 17 18 18 40
BB1W1W8f88WB0i0M1cgmO1CH32KAL9KM91OAX93K2,11,plain,none,mixed,1 1 1 4 6 9 10 15 19 24 31
BB1W2X8I48WQ0bqyaou8QGGQ4bLmEWqgh4S6ID4iY,11,plain,none,mixed,1 4 5 5 8 8 10 16 20 22 22
BB1W091041bJ68h6SPUYIHuK1e4SK22FIL1J8Oe80,11,plain,none,mixed,1 1 1 3 6 10 12 12 22 23 30
BB1W0W4Af84WM0cC2mBIt94I4OGXakIXc6e8p48X4,11,plain,none,mixed,2 3 4 5 5 9 11 12 16 20 34
BB1WA82eYYI4ZxfFeY649GQ80I23NDK6Gef9c02GQ,11,plain,none,mixed,1 1 3 8 10 11 13 14 19 19 22
BB1W20eIH9iQWLLm6G486A2YX935S0a94lnVYA8On,11,distinct,none,distinct,1 2 4 7 8 9 12 15 17 21 25
BB1W49H14FGC0m3MDBn0i1eGY448Y164U7WS14184,11,plain,none,mixed,1 2 3 4 7 7 12 14 15 16 40
BB1W0X8uE3L5GOHz9l0a0G0HX44JYCGBX1AGwYeX6,11,plain,none,mixed,1 1 1 5 8 9 10 16 17 21 32
BB1W0XS9-75HCMz8GX5f2C8AGoWeIxWM0bcYMJ460,11,plain,none,mixed,1 3 6 6 8 9 12 14 16 21 25
BB1W0BCvJY0l29OnQXA6GZ0mI9GYfp7CWkemA2808,11,plain,none,mixed,1 1 4 5 8 9 9 18 19 23 24
BB1W50C2a18ICKaQHI9nEoX22Fl8yb3IGY1I5a91Y,11,plain,none,mixed,1 1 7 8 10 11 12 13 17 17 24
BB1W072HmhSsi4181GwqIKmG2WKCHKwdwauiU6912,11,distinct,none,distinct,1 2 4 6 7 8 11 14 18 23 27
BB1W4uGJHE8Q0I0X5e1eJ0T0n0I1m1ycGQxN5GM12,11,plain,none,mixed,1 1 2 4 5 6 12 14 17 18 41
BB1W40i2eWXOeC0S2aDmqqA86Xy284X7aT0m2roa8,11,plain,none,mixed,1 1 2 4 5 8 13 14 16 27 30
BB1W2GI04mK0bo18NL6Y2q184XnfAKKnXsc4KmoKb,11,plain,none,mixed,1 4 5 6 6 8 12 17 17 22 23
BB1W0a0gCJf8K9X4gfKLK29o1444hHumNXXAXj9aW,11,plain,none,mixed,1 3 5 6 6 13 15 16 18 18 20
BB1W2YIP85nKZZP28XIQ4O4B0NY0FYObYcBIU4-GE,11,plain,none,mixed,1 2 5 5 12 12 12 12 18 19 23
BB1W03QX20-IYo90evFX0u0f2nbPQrIhISf8e8I98,11,plain,none,mixed,1 1 3 3 8 12 14 15 16 22 26
BB1W804dnBSCDKnb4mlJYA8WF0d35XX7mYj2X2GaS,11,plain,none,mixed,1 1 3 5 5 9 10 18 21 23 25
BB1W122BfHEVua8L3AXE28D92vTeZAi4mA28JOc41,11,plain,none,mixed,1 1 1 6 8 12 13 17 17 22 23
BB1W89GdQT4NCb5R8qHI63WHD43m5qfCWaG5FWmmn,11,plain,none,mixed,1 2 5 5 7 10 12 14 17 23 25
BB1W4GV9idIM4CWc8ZJ2I4a102cHBx9M44mS0gOO0,11,plain,none,mixed,3 3 3 6 6 7 10 14 21 23 25
BB1W12Gn4DHM0c4g6Ry0m10GY6hoYWY7L888GJ4FG,11,plain,none,mixed,1 1 2 2 9 12 12 14 20 23 25
BB1W84IL13I88XXGiGd2H28B8eQXLM1e6N9QE04SI,11,plain,none,mixed,1 1 3 8 10 11 13 13 14 21 26
BB1W29RbfkMsH9-LqZ0218u8YGWeK0yjn149518GA,11,plain,none,mixed,1 3 7 8 9 9 9 12 13 17 33
BB1W0WQ0eL4unGA0IF5HA8Z9DQeG_JE4OGWX8SY4A,11,plain,none,mixed,2 2 7 7 7 9 9 10 12 22 34
BB1W51YU9uSXH4aFWwbaYaX08l0G0e388L29ZCaG9,11,plain,none,mixed,3 3 4 7 7 8 10 12 14 15 38
BB1W8aOYTEKXa0O2mgCGI9GC-94NXA4G89D8KbLa2,11,plain,none,mixed,3 3 5 6 7 9 11 13 13 14 37
BB1W3G91nbQAWjYXXhUi3G90494on72QmKYuIWKn8,11,plain,none,mixed,1 1 6 6 9 10 14 16 18 19 21
BB1W0H28CImg0m101uGPI80GmW20iIkav1K9GN2oD,11,plain,none,mixed,1 1 3 4 4 10 10 12 21 24 31
BB1W8uuZW25KauOi1z5q9AGY2GdLHKLon9XH98c21,11,plain,none,mixed,1 2 3 11 11 11 12 12 13 20 25
BB1W0X10525GQ1bYXAAajI04Ww4WY2OenX6198me1,11,plain,none,mixed,1 1 2 4 4 4 12 15 23 25 30
BB1W228J19Q1ABoF4mYk015eZHL8JI9BaM2Yeu809,11,plain,none,mixed,1 1 5 7 8 9 12 14 17 21 26
BB1W40E34sKbn8YMmYDmt0ao5YbvrgsQKMGrAb120,11,plain,none,mixed,2 3 5 5 6 11 12 14 18 22 23
BB1W91aTX7hXWf8nLBn70440by3LKYOF0X2afPMY3,11,plain,none,mixed,1 2 7 7 8 13 14 16 16 17 20
BB1W0C1I9Xc4IH4YZbSq2G9b0u3GD2IKAI14LG2W8,11,plain,none,mixed,1 2 3 3 6 9 14 18 19 20 26
BB1W1AOa1M2K561a5PqPna648IOQGWo3a84mAov20,11,plain,none,mixed,1 1 4 5 6 6 7 15 20 21 35
BB1W0D1K104meJLEgGM4u4WA1C3yDmA0t25C2WK5W,11,plain,none,mixed,2 2 3 5 7 7 11 11 14 18 41
BB1W04I1R848hgzpAfIaJJA8B8EOca4g6kj0a28e9,11,plain,none,mixed,1 3 3 7 10 13 14 15 17 18 20
BB1W0f4S928mO41mc4aQdSGBX160fEn2uABeafAGY,11,distinct,none,distinct,1 3 4 5 8 12 13 17 18 19 21
BB1W9Gn16KHj3g283G50A0549WX2M0u0mgaBG50n2,11,plain,none,mixed,1 2 3 3 3 4 7 13 25 28 32
BB1W2GMBXH9A3IBPAufSZ592IYXDwOGNdOECm93LG,11,plain,none,mixed,1 2 5 6 7 7 10 11 22 23 27
BB1W81G8mYiaeIGeZ1q0G1WQe6GHGYKCGoGWE288G,11,plain,none,mixed,1 1 1 2 3 10 12 15 24 26 26
BB1W88IXD2gE84WEYY1O6W92C48G914oYc5KCaGn5,11,plain,none,mixed,2 3 3 4 6 11 13 14 15 24 26
BB1W29WQ1O58HX2Fx245CN909AdG1070e2OIGd418,11,plain,none,mixed,1 1 4 4 4 5 11 12 17 21 41
BB1W22q9I5859c3l1e2H10fqBGA2Y0p3iHreN01GS,11,distinct,none,distinct,1 2 3 4 7 8 12 14 19 22 29
BB1W402GuwDa549GcwWf54GeHoaB1hqFWw1awg8C3,11,plain,none,mixed,1 2 3 6 7 12 13 17 17 20 23
BB1W50I34IYC9MyBs3K474W462ACOuOTmQXZ64YaX,11,plain,none,mixed,1 1 5 7 9 12 12 16 18 19 21
BB1W0IYcHfAav9KOWWo8W20WukWQ1DY5AIcmC3O1G,11,plain,none,mixed,1 3 3 7 7 7 10 10 17 27 29
BB1WD8HXxXM48GId6WZ68P6000897AGuGnHAHGB0b,11,plain,none,mixed,1 1 2 6 8 8 11 14 17 21 32
BB1W4KX58eWI1HPHyd4JoGm1FI2a9WbGQ7OGY7eYa,11,plain,none,mixed,2 3 6 6 7 8 12 12 17 19 29
BB1W8m0GOC4H-ATYAifnbI8GAef6c-8Q3mESBaqo8,11,plain,none,mixed,1 4 5 5 8 10 14 15 19 19 21
BB1W9H16G8GHQQq5mAXR6GH0fvYI8MIQ88Wo4q6aa,11,plain,none,mixed,2 3 3 5 6 7 9 15 22 24 25
BB1W8ef64KA6QK1f9mGnYbW8IG53NCcNsq152aZ8I,11,plain,none,mixed,1 3 5 6 7 12 15 17 18 18 19
BB1W0biHI8Aumf3L8uB0W111AayGj8y2aE6IC0J9K,11,plain,none,mixed,1 2 3 4 8 9 11 16 16 21 30
BB1W0m90Go4B6D2B8Gv8AY8GHo7Bmf41DOrwP8Y5m,11,plain,none,mixed,1 1 6 11 11 12 13 14 15 16 21
BB1W4aGjq142YYIX7HW40B040mBT314ZdjB4WX28e,11,plain,none,mixed,1 1 2 2 3 4 14 17 24 25 28
BB1W4WLOWHWxq9YLY8kJ4A8C1SJnmA3bhBDAa5V2A,11,plain,none,mixed,2 3 5 7 9 9 13 13 18 21 21
BB1W000Ea4ivaOIsCb1C428maXOK-JD3LpMjN6Q4K,11,plain,none,mixed,4 4 4 5 6 11 11 12 13 18 33
BB1W0GC0H260m193U84WX2WJ1K5ZbC8mP15b5KYoO,11,plain,none,mixed,1 1 1 6 9 9 10 16 16 18 34
BB1W0a1NHILGXaASnm8Y7WX1IHUr1Y6eHP5H8OWP2,11,distinct,none,distinct,1 3 5 6 7 10 12 17 18 20 22
BB1W04090sKqGmZ1a45W9mXH4f4Wg34CGWY2gH4c5,11,plain,none,mixed,1 1 2 5 5 8 11 13 22 25 28
BB1W112KGn03RS68lWa314a5Gf34AlLCajoYyA8YW,11,plain,none,mixed,3 3 4 5 9 10 14 14 14 21 24
BB1W22B4iMiOSY87HHM8Y0aGHRB4GH7WGYX_DEg1H,11,plain,none,mixed,1 2 3 7 8 11 11 13 14 21 30
BB1W08GGXP4Sjq_4CGGeSAIaf9K4X0I1C8P2DOn4K,11,plain,none,mixed,4 4 6 6 8 8 9 12 18 19 27
BB1W85Y4WfWb0KAW14AGk38E68OXa50joXQ1890e8,11,plain,none,mixed,1 1 4 5 6 7 11 12 14 27 33
BB1W05CX9CqEXJafoYFH082WfCo2GKo4GmlI2G58A,11,plain,none,mixed,1 1 2 6 10 10 15 18 18 20 20
BB1W4G8g8Ud9Gz5KCY8esY00b4vmA0iLd8Wk8NHC4,11,plain,none,mixed,2 2 3 3 12 13 13 16 18 19 20
BB1W8i96PCYC784XIGZ7G34Gio-KWbXmo3WAuZI0n,11,plain,none,mixed,1 1 2 4 6 8 10 16 21 23 29
BB1W1W657hwnImIXC74KI1e522ULGIzMKGK0E18iG,11,plain,none,mixed,1 1 7 8 8 9 12 13 14 17 31
BB1W0e1Xo6Wr0WYPrQ4YIYm81hISx60y4i0v3K2WI,11,plain,none,mixed,1 1 4 5 5 6 11 14 17 28 29
BB1W4IWg4xhJf90I30K4Gf04hJ8CGY47Zg083XO0W,11,plain,none,mixed,1 2 2 3 8 9 10 18 19 24 25
BB1W1cHj0ut3H8wG50e2G8WQInf6Z20bPeQWA0K8W,11,plain,none,mixed,3 3 4 4 5 8 9 12 16 26 31
BB1W4OX952wXH6A8aXT2fY0YFr5CYY04ILYbKEWw2,11,plain,none,mixed,1 5 5 7 7 10 10 10 20 21 25
BB1W9agpkIuGzoGe8G6IK8n020L2BWU4P0vEI9GYK,11,plain,none,mixed,2 3 6 7 7 7 7 11 15 26 30
BB1W49H0O1aPYO0m30AGon544XK181GNM9X48GXw0,11,plain,none,mixed,1 1 2 3 4 10 11 15 18 27 29
BB1W2a8aXWY4NBjrIvm88q020Z10bZlW-5qeiJU08,11,plain,none,mixed,1 1 5 6 7 8 12 14 21 22 24
BB1W414QmiidIMAefHmYXaf0H4eB5J63qGIeuIWo0,11,plain,none,mixed,1 1 5 6 8 9 14 15 20 20 22
BB1W1IqAcOrHpGSnA890K10A9GGWXEqt8IMfKmI4m,11,plain,none,mixed,1 2 2 9 10 12 14 16 16 18 21
BB1W4bJ5DNASgeMa949Ce2W8GJ2eXWcBYDAMGXg0q,11,plain,none,mixed,1 1 5 7 8 12 13 15 16 18 25
BB1W1a8z0J8iKII6z5uaa0e9HfUAKY8esWLmGk7Z2,11,plain,none,mixed,2 4 5 5 6 7 11 13 13 25 30
BB1W55LKGMCRLTcWU6Bej50WI4GHlAHi1aLKC4zmO,11,plain,none,mixed,1 4 6 9 11 11 12 13 14 15 25
BB1W1YsY48Wf4hP0K1G3C4GC98K9CKmE188JY88XI,11,plain,none,mixed,1 2 2 2 6 10 12 13 19 22 32
BB1W929WwHg4aEKOkYq74aY08BX4cCqcXPeZY0u4G,11,plain,none,mixed,1 5 5 6 6 11 11 13 14 23 26
BB1W09S8mkWH1Aoe3WOXXI2IA8Lc2QCcI20a2JacX,11,plain,none,mixed,2 3 5 7 8 8 13 14 15 16 30
BB1W1129-YT48b3a2Ce9Wc10K289RgKH0O4WUYX38,11,plain,none,mixed,1 1 4 5 6 11 11 12 17 25 28
BB1W54HOKnJ80VAgQgfGq1050EG9S9WcD4KbX8Ja8,11,plain,none,mixed,1 3 6 7 7 10 10 11 19 23 24
BB1W588I_4GGWY0h3oAgH94X41w6aaI8HIgO1G2WH,11,plain,none,mixed,1 2 5 6 9 9 11 11 17 25 25
BB1W050i1WY35gKuiWAKGK060K2u5WVC4kk4WIH4I,11,plain,none,mixed,1 2 2 4 5 7 10 15 15 23 37
BB1WA0THfpe68IH2RGjG164H94CYWahGY0hoFn52Y,11,distinct,none,distinct,1 2 4 5 7 8 10 15 19 23 27
BB1W8fCcKYX5261Enesq48oX4uJUz8QDf8W919WX4,11,plain,none,mixed,1 1 5 6 7 8 9 16 16 23 29
BB1W8QYOceK9IPZaM54080n0ZoFn34WnGCknAW60K,11,plain,none,mixed,1 2 2 5 5 9 14 18 20 21 24
BB1W4A9L8r5K8kqW8cXQ62K1G0tWIIfIY68a-04ve,11,plain,none,mixed,2 2 3 5 7 10 13 16 17 18 28
BB1W4I1451D42y4uIY9A7G480LX68gIg8cX6O7WX1,11,plain,none,mixed,1 1 4 7 7 9 10 13 14 24 31
BB1W28Y8g5qK64WRWBcmb8G6CYuGXndcIYcKLUROH,11,plain,none,mixed,3 3 5 11 11 11 12 12 13 13 27
BB1W1ej0InKUImh86WY1C4f28Wa13ee4JX4QRb228,11,plain,none,mixed,1 3 6 10 10 11 13 13 17 17 20
BB1WC1GiYn42YJYLdIWRWYQ80OHWbHw5GLBaY4a0E,11,plain,none,mixed,1 1 1 5 5 8 16 17 18 23 26
BB1WA0Rd6SvI5Xm90K2GC1mOCWX1C4mf0KOSYA4e8,11,plain,none,mixed,1 2 4 5 6 8 11 13 13 21 37
BB1W02ZdXmMNA18408O2XJ16AWq6mgaS6OTXmafOc,11,plain,none,mixed,1 1 6 6 6 6 11 12 13 13 46
BB1WA080HH2TGCZBB4qWIZGC8nb58nT70E0WU5B2m,11,distinct,none,distinct,1 2 3 4 7 9 12 15 17 23 28
BB1WD26GGa28HGpgMRHXn0a98YDWiCb38CGes84Wm,11,plain,none,mixed,1 1 1 8 8 11 13 17 18 18 25
BB1W2mMWK5GTHf0c288HI6CW20n3K0oI7GX21e1W1,11,plain,none,mixed,1 1 2 3 3 7 9 13 20 29 33
BB1WAGg0G0ci8m2mCWa0dEX81041HtQj0pZ3848WX,11,plain,none,mixed,1 2 3 5 5 5 12 14 22 23 29
BB1WD03aEX1bL8n5KB5CY8O8P47aUAKAUGJ1Fvm8O,11,plain,none,mixed,1 1 5 6 13 13 14 14 14 18 22
BB1W1YCw5dW60a1SYTf0f0WId6KAjCiQ52OI8W10B,11,plain,none,mixed,1 1 3 9 9 10 12 14 14 17 31
BB1W02iQnqcfOA8261NaQ0GWRvduleukoYQyXi96a,11,plain,none,mixed,1 2 2 7 9 13 15 17 18 18 19
BB1WCK3GM0e4AY5FTOpXm8Y8mJWUEF1C8Jrm6840O,11,plain,none,mixed,1 1 3 7 7 8 11 18 18 23 24
BB1W40TWE0K10F8aS9G0K2K4WAGJ24AAEK3WAifoc,11,plain,none,mixed,1 2 4 4 5 8 9 14 21 22 31
BB1W1oz98N7SiCpHKLlLn0g8KXYXbYnnGBHA814GG,11,plain,none,mixed,1 6 6 7 8 9 10 15 16 21 22
BB1W80J6r5a2Jak9A4YJXGeeE8E5GM2Yydo4IH5SG,11,plain,none,mixed,1 3 4 6 6 10 11 15 20 21 24
BB1W0b36CGJeXZQ65G943G1o0m28IX6CIoAOAeUGA,11,plain,none,mixed,1 3 4 5 7 11 15 15 16 22 22
BB1W254KeL4jJE0o0WAGZ2e41GE3G3WKr3KwBeeGa,11,plain,none,mixed,2 3 4 4 8 9 13 14 14 19 31
BB1W2eXOb0K0zBtn94hVUa0eEYua4W8ZOOOKH6Kf2,11,plain,none,mixed,2 5 5 5 7 10 10 13 16 20 28
BB1W0Y24L6n0modCQ8CGa20c2O4Ge684zIL1RhZZ8,11,plain,none,mixed,1 1 2 6 12 12 14 15 15 21 22
BB1W46Gdu4H71I0O4WI1I5H82WD1K2uTXeg28EWb2,11,plain,none,mixed,3 5 5 5 6 9 11 13 15 24 25
BB1W2WApcG30Ww0e3aFieO58MYA04GXGeYB5SDHI8,11,distinct,none,distinct,1 2 3 5 7 9 11 13 17 24 29
BB1W0KB4qIbr8J0I5EKLb8O91c4M1FP1guhIZ2PGe,11,plain,none,mixed,1 2 5 5 6 6 8 13 14 21 40
BB1W6KIYcCoOaa0e18A0e90K6GZ1mN1nuPxSDmK0m,11,plain,none,mixed,1 2 5 6 6 8 12 13 14 19 35
BB1W6IHH8eaBmH5GeYJv_4G1J8b0F0XM8MGquG0G4,11,plain,none,mixed,1 1 2 7 7 13 14 16 16 17 27
BB1W0H6vKW921K2mL0pY3C164OBmeuOMZn22uIWH2,11,plain,none,mixed,1 1 3 6 7 8 11 14 20 22 28
BB1W11zMXg2g4mHN4J73020GeaIAKLtHQ38A91I8W,11,plain,none,mixed,1 3 6 7 7 8 9 11 18 23 28
BB1W0A1A79-yX27K9588Wa180Y4mF254Ia6GKWY24,11,plain,none,mixed,1 1 3 6 8 10 11 15 17 24 25
BB1W1248Gx4KHA1hHm-48mWG21FuF0Y0u10a8Z4A8,11,plain,none,mixed,1 1 2 3 9 12 15 16 16 18 28
BB1WA4uWYIwI8eGPMxRYmH5142ca6WO9aKi8G9g0X,11,plain,none,mixed,1 2 3 6 8 10 12 17 20 21 21
BB1W8KGmMam8GZQNYC8WI4mZAGL1I390lK3XOa40a,11,plain,none,mixed,1 1 3 5 9 9 10 17 20 21 25
BB1W0H2eEWAmLHKrdN850A0OXC2aA0Nf1194b2414,11,plain,none,mixed,1 4 6 6 6 7 7 10 11 25 38
BB1W44I69rB8H0haKTgbH8GaMPd2JwGWw3RBJOI87,11,plain,none,mixed,1 5 6 7 7 9 10 12 16 16 32
BB1W1CI98ADQ4IGqokJt3a0WXDggAGTk6-H3frc4X,11,plain,none,mixed,1 4 5 7 10 10 11 14 14 15 30
BB1W0u1K5ee2ea0G10q1m6WKYI98f2agO8QWA1G90,11,plain,none,mixed,1 3 4 7 9 9 9 12 18 18 31
BB1WCm4WHU5X-8Za28912I0YQP5Wa8B22G4WDuYKf,11,distinct,none,distinct,1 2 3 6 7 8 11 13 18 25 27
BB1W34v8ChPL8n5294g1o4XWB0RYIY8GsOgdhSJI1,11,plain,none,mixed,1 4 5 7 7 12 13 14 15 21 22
BB1W0mHHA6a90GI22eCN0Y2081S9EKhs8H78WY58c,11,plain,none,mixed,1 1 1 5 5 8 9 12 19 30 30
BB1W0c0u92Is6aQHLHr5ae82112ix21-F0K1OaI0G,11,plain,none,mixed,2 2 3 4 9 11 12 12 15 25 26
BB1W2A8nMd11d8nN2Jmb2180mrK8X5TMaq0momc0G,11,plain,none,mixed,1 1 3 8 9 10 10 12 17 18 32
BB1W10f-OIXNWL128W3KIK8fecaRoWpLE45wbnHi0,11,plain,none,mixed,1 3 4 6 6 10 13 15 16 21 26
BB1W4XXI2MM8m4218WZ4K9WGh28CCGnZ7uejOXIBG,11,distinct,none,distinct,1 3 4 5 6 9 10 15 19 21 28
BB1WE860H146GVjwqn51L8e18G0Q1nImh9K91W8GY,11,distinct,none,distinct,1 2 3 5 6 10 11 14 20 21 28
BB1W0I1IN8YKevY6aPWuY290XF2a5thHWc5uiG20E,11,plain,none,mixed,1 5 6 6 7 13 13 14 16 18 22
BB1W4AIqfYEswJc0KAWaG3081Mo6Vv3ACeaIe968O,11,plain,none,mixed,1 3 5 9 11 13 13 13 13 14 26
BB1W182aKIqqYHk9Oae2GA0Y3GEGiFW6T99mg2a24,11,plain,none,mixed,4 6 6 6 8 11 12 12 13 19 24
BB1W8Hm881C7ePGO2a4CKC84KIn74EXbqDYo4784S,11,plain,none,mixed,1 3 3 4 4 6 7 19 22 24 28
BB1W2G5AXcA4LE2o31g9DK8O7ZJRR0E2137v7gOv0,11,plain,none,mixed,1 2 6 7 7 10 11 15 15 20 27
BB1W0X6v4CIihBe5EGA184aY1OIXH8gH1KCKI2a29,11,plain,none,mixed,1 1 4 7 8 12 14 17 17 17 23
BB1W0HYAHK995OWUXXg48E2328FqcahZmI2HGd8HX,11,plain,none,mixed,1 1 1 5 13 14 15 16 16 17 22
BB1W60Y0e2QEMP8a88XJi0C4SvJcsQACa2JA8qHGY,11,plain,none,mixed,1 4 6 7 9 10 11 13 13 14 33
BB1WAYA4euZE8wJy8m4d442H248SG0A2eD081VCHH,11,plain,none,mixed,1 1 3 5 5 9 11 15 21 25 25
BB1W0Ha43Qg18J93eDwhcOBa1740ZEXsHP4IB4X2G,11,plain,none,mixed,1 3 7 7 8 9 12 13 19 20 22
BB1W14qMhMX0a48WiEmQXX8KB1G5IXALbQ28WY1Ke,11,plain,none,mixed,2 3 4 5 5 7 10 13 19 26 27
BB1W0G2yKqFnGYxoY3m1010D12AGYaLma-E86YO2G,11,distinct,none,distinct,1 2 3 5 8 12 13 14 17 18 28
BB1W348qaI41m7cmInB7IWe0011eKvHalmsOYA42G,11,plain,none,mixed,1 1 5 5 7 7 10 14 15 22 34
BB1W4CTGMH91m6GfZ6CMm900m9Gg2H95Io50I1852,11,plain,none,mixed,2 4 4 5 5 6 12 13 13 25 32
BB1W24vISaiXQHQA2e2O9ee2hHP4Y4u7Ir8Gy2DO4,11,plain,none,mixed,2 2 3 4 11 12 15 15 15 18 24
BB1W8W2ZxUb6MYYEH4CWJ42K4W6nP2bWE22mGXBH3,11,plain,none,mixed,1 1 4 7 9 9 13 14 18 22 23
BB1W1A2g8bc28544YZ0b12H4oT4eIg92G54SUK0m1,11,plain,none,mixed,1 3 3 4 4 7 15 18 20 23 23
BB1W45o7Hz99Gf9G5edCX0-21JD0fbod64xOGyWX0,11,plain,none,mixed,1 1 4 5 5 10 11 17 20 23 24
BB1W2aH6184GY5Wy58NIOG6Gjo1E4eOX1ALLYk5qK,11,plain,none,mixed,2 4 4 5 6 7 8 16 16 22 31
BB1W0X0e60K2fLgw2ea91M0AWn20FWjb3RcIMA1W5,11,plain,none,mixed,1 3 3 6 7 8 11 17 18 18 29
BB1W1010O43IWXABOeYq445648UTmV1o48Hp50YXL,11,plain,none,mixed,1 1 1 4 9 10 11 14 16 26 28
BB1WBGn0C0m43StK4SQHnAW44WWW4PKo8InC5GQ1H,11,plain,none,mixed,2 3 3 4 8 9 12 16 19 20 25
BB1W68gUmJ1y6GP6QIL5O3WWPF2b1K9WI0e2HY410,11,plain,none,mixed,1 2 4 5 6 6 8 17 17 18 37
BB1W54AGigWQoX11A8o2XGaW1mX56i4AjArEHucY9,11,plain,none,mixed,1 4 7 8 8 8 13 14 18 19 21
BB1W24I4Y6e2GEW12HpBm12WQ2KJWU69agdUxpd24,11,plain,none,mixed,1 6 6 7 8 8 10 13 13 14 35
BB1W44sI90C0GE2K7QHGL16Z4AWg4aOgIYfw0a1G2,11,plain,none,mixed,2 2 3 5 6 7 7 12 20 25 32
BB1W294OYdaDAaa688X6814SX29d8I1444UJCt4KG,11,plain,none,mixed,1 3 4 6 8 9 12 12 15 24 27
BB1W464OdHHrZeWn5OPienW412X3e2AArM2w3X4XA,11,plain,none,mixed,2 3 6 6 8 8 10 14 16 18 30
BB1W4eUX74ISSHuWj2WCOHG20HJAM4qImubX9041W,11,plain,none,mixed,1 3 5 5 5 6 11 14 15 16 40
BB1WA8OX819EZbAeA8OWj2228WP0n2YL9OYv8eWX3,11,plain,none,mixed,1 1 3 10 11 11 13 14 18 19 20
BB1W428WYw7vWQAYM128W8WY0pbaE0K2SH_Gv1I18,11,plain,none,mixed,2 2 3 8 8 10 11 11 15 24 27
BB1W50q3ECAXQ3sm14SGn2M51K0m54M8fSIHC040e,11,plain,none,mixed,1 4 4 5 5 5 11 14 22 24 26
BB1W2a992e9Cb98ma98BG84q2NI4GWjZDE4OoWf15,11,plain,none,mixed,1 1 6 8 8 8 11 11 18 24 25
BB1W44IeK7GY0m9L48WH2v0o2nN1fneqY4KHmb3aK,11,plain,none,mixed,1 3 5 5 7 8 9 15 17 22 29
BB1W24mAOJi3oHJiCPniJ0g8YHvHKae50CoAXX42Z,11,distinct,none,distinct,1 3 6 7 8 9 10 11 15 23 28
BB1W1084XpxGYcAGFY28T2W2Ga6If1eAKUY2G4GS2,11,plain,none,mixed,1 1 3 6 7 8 9 17 18 23 28
BB1W4GaXImK2pSYIbyXqB98vFOEi_98XYvIA21Y01,11,plain,none,mixed,1 5 5 7 9 10 11 15 16 17 25
BB1W85_E8uWSGJXDrIobAK025AYHHe8KYJ9XYKaG9,11,plain,none,mixed,1 4 6 7 8 10 10 15 17 21 22
BB1W14D0ZtNQcgIGE4vbjYa40X8BY111ZqC24L1mO,11,plain,none,mixed,1 3 4 5 8 11 14 15 16 16 28
BB1W4OXLYsMbxB2K48H49WW6jR3fOa8JXm8IOme8Z,11,plain,none,mixed,1 3 3 6 7 9 9 15 20 23 25
BB1W8GL1gCGsRsRfIf8b5K82AGAX2D2lHX0W4CQ13,11,distinct,none,distinct,1 3 4 8 9 10 11 12 14 22 27
BB1W90YfIUMN5KIYY48YD44H68DW6_AB8Gh1W9tYG,11,plain,none,mixed,1 4 5 5 7 9 12 16 17 17 28
BB1W88wYbsG90X489RfYo0en92Po0O1GPAqw8X0I1,11,plain,none,mixed,2 3 5 5 7 9 10 13 13 26 28
BB1W10a19eU96eKnHE4Wc0N8dKLX248BCWH1G8IGK,11,plain,none,mixed,1 2 3 6 6 7 8 16 23 24 25
BB1W14IGeHA5OAWe2hrSW0o0O5GGWgaWkRQfSvaWK,11,plain,none,mixed,1 2 4 4 9 11 13 14 15 17 31
BB1W0AYfF2JAOKem304Hf9A24G90CGokNComL0WH4,11,plain,none,mixed,3 4 4 4 4 5 14 15 19 24 25
BB1W24A5Xw8UXmAWU00G24mH3SGG31Lo78V0K4mj4,11,plain,none,mixed,1 1 3 6 6 7 8 9 9 23 48
BB1W0u2Wc2aepyRu4AE49GWJ0g1X44aChP2S3mC0J,11,plain,none,mixed,1 1 3 3 5 15 17 18 19 19 20
BB1WA4K8n249nI94I9PEqWW4e9J6qZiE4mYpmm208,11,plain,none,mixed,2 5 5 6 6 11 12 14 16 21 23
BB1W8my8eXZ4GT2KFY-C4HW0K4WOcDI2Y4uRa0G30,11,plain,none,mixed,1 1 4 5 6 9 10 14 21 24 26
BB1W8a1LfbYA28BWlXn0M8o80aM8bHBmS2G4e7GX2,11,plain,none,mixed,1 2 3 4 5 8 9 15 15 20 39
BB1W444XYO44iYMKpWKIX4147SiZUmT181BSCGv4H,11,plain,none,mixed,1 1 6 7 8 10 11 14 16 17 30
BB1W288GYHA9Ox1KiH78fW4IX64Gc1a5SQSS68mb0,11,plain,none,mixed,1 2 3 3 10 12 15 16 16 21 22
BB1W0faKKkUXs18Wo1rBoWH1ABa6X8519DUL4PHHb,11,plain,none,mixed,1 5 5 6 6 8 10 11 13 20 36
BB1W0a38JGQ4K828y9Z2WE010C084NyDxNg8-u8d2,11,plain,none,mixed,1 1 1 4 8 8 11 12 18 22 35
BB1W258C8jCn42I957g182Wb0o9HZd34OQY4iGn64,11,plain,none,mixed,2 5 5 7 8 11 12 13 17 18 23
BB1W38Ie51BKio14yWg0aK8HH9oH6k78HX0QO78E0,11,plain,none,mixed,2 2 3 4 5 10 11 11 16 23 34
BB1W38aYlYAF137SXC2X21I128B3g3JJCpYWGaJ18,11,plain,none,mixed,1 1 7 8 8 9 13 13 14 22 25
BB1W0G2mIt52hhCAGv24GGmIXYA0q4Ga2GoP-IKCG,11,plain,none,mixed,1 1 4 6 6 8 10 17 17 22 29
BB1W2WaYGKfX27ako1E1634X9OeAWY3jgZTZqZOvY,11,plain,none,mixed,3 5 6 6 6 12 12 13 14 22 22
BB1W108mcX47ep_7B1C0y604WA1Ie39A9IRQM4YIX,11,distinct,none,distinct,1 3 6 7 8 10 11 16 18 19 22
BB1W408ESbz694LsEmYRi3H2Y9d5UG6J0II45A-iC,11,plain,none,mixed,1 7 7 9 10 10 10 11 12 14 30
BB1W6D2Eu6m3Yo0S0q4m73182Gb182mf6BnJarI11,11,plain,none,mixed,1 1 3 6 6 9 13 14 15 19 34
BB1W11B8M4kHkABHAbISIHCGHg8pa4El8AbmR2CX1,11,plain,none,mixed,1 3 3 10 11 11 13 13 15 18 23
BB1W2H9BHD2C8lQo2e7M841418Kk8DXqKQnMUA5WW,11,plain,none,mixed,1 1 3 8 8 10 11 16 17 20 26
BB1W15QH4aGuXKmSfX501084X-aX9CKHGyYkR84uW,11,plain,none,mixed,1 1 4 4 10 14 15 15 15 17 25
BB1W04ma8LXXB0ag20OYYYWGDHAagXkN14C9GbP8a,11,plain,none,mixed,1 1 5 6 6 8 8 17 22 22 25
BB1W0fLXb2O4OOH9I4aWXOY68O9LKeAZyUNX24HvW,11,plain,none,mixed,1 1 6 8 10 10 15 15 16 16 23
BB1W4WDx488WpH4XXP5RWe182Uo08inIgebYXX746,11,plain,none,mixed,1 1 3 6 8 11 13 18 19 20 21
BB1W4mW658Q8SsoahfkYG0a2f64GGHncD6NoPfG8H,11,plain,none,mixed,1 1 3 5 8 11 11 16 19 19 27
BB1W4KdAY78K1M11K5WY80m4gI8XpPHL4OKJn85WA,11,plain,none,mixed,1 1 3 7 10 10 13 13 13 23 27
BB1W0qXgSn0WIQMiQWGY0K0n8KWc5zWCIH5ynGaaY,11,plain,none,mixed,1 2 4 6 6 7 10 10 19 25 31
BB1W0LIqBGa5m2YXWdnH52b4aSXg59nJZM256GL30,11,plain,none,mixed,3 4 5 7 9 10 10 11 18 19 25
BB1W0YJfd4yfG2mu2mJ0e4ee3Wc3uFd3221xH480G,11,plain,none,mixed,2 2 2 3 7 9 11 16 16 17 36
BB1W124qC0G12C4kIEMAi30f2H8qZc8AT589HB5aQ,11,plain,none,mixed,1 3 3 10 11 11 13 14 14 19 22
BB1W0WbwCj4qOeMGQeqqhGAK0mAOXEY9s5qOhWLHY,11,plain,none,mixed,2 3 3 6 11 11 14 15 18 18 20
BB1WA54b1X-58WOs2eJ0a2V24GP3i2M4WiDw2HCGW,11,plain,none,mixed,1 1 6 8 11 13 13 14 15 16 23
BB1WCe88XK6-PyaXDa6JaG8H8aCs6f51uA8Yo4a46,11,plain,none,mixed,1 1 8 9 9 10 13 13 13 19 25
BB1W22H22rWAMQ4YWA148GWuLRfW-0OC3m9oZHg18,11,plain,none,mixed,1 2 3 6 7 7 8 13 18 22 34
BB1W0ICmY1vBRRCKT1o9q5I6eXWDwOHeAl5AY0G20,11,plain,none,mixed,1 3 4 5 6 7 11 11 13 24 36
BB1W0obAaWq34FGa9KIWm0p0I185ZQB8W5mbCWJWQ,11,plain,none,mixed,1 1 3 6 9 10 11 12 14 21 33
BB1W4088YvpYIB1A8hMCqGW92Lf8dXI84n5ZH2HC4,11,plain,none,mixed,2 4 4 10 10 11 11 16 16 17 20
BB1W048OcTWS14aJ4T240GEY98iHf5eQWe4cYf1oI,11,plain,none,mixed,1 3 4 6 7 7 7 14 19 21 32
BB1W4WiGIkGkXCAHaeCGu2WDEWL2w1CXYxU289ZcG,11,plain,none,mixed,1 2 2 7 10 11 11 12 18 22 25
BB1W22C7eGX3G95yIXq28GWW409U44E2eLXK4oJ4C,11,plain,none,mixed,1 3 5 5 6 8 11 13 15 23 31
BB1W2950OD8sbIKPXz4eXc8Y0k82W0nTAq040W1v0,11,plain,none,mixed,1 1 5 5 6 9 11 13 15 26 29
BB1W192I2a1enEfXb8X21MH43i3qU9bMnKAWUS-uW,11,plain,none,mixed,1 1 5 6 8 9 10 12 12 26 31
BB1W10vZY4WHd1Qn4v0mrK4YOX9R7aJSgkHr4eJ1W,11,plain,none,mixed,1 2 7 8 8 10 10 15 16 19 25
BB1W4CWh4oZ7H518uGb4bHO2E4BeV0aCT40Oa0GL2,11,plain,none,mixed,1 2 3 7 9 10 14 18 18 19 20
BB1W8ms30RXWg3D2vebK82W4I5fAM68aaImK3OHa4,11,plain,none,mixed,1 2 2 6 7 10 11 12 16 24 30
BB1W8WJ_K3G5MtDSUU3zH78YCbBeHa0Gs9a8a9ISW,11,plain,none,mixed,1 1 4 9 10 13 14 15 15 17 22
BB1W0G810y6Er24PYQC8qGmWX9M2890YaDnUB1V2a,11,plain,none,mixed,3 3 3 4 6 8 10 12 15 27 30
BB1W98aibqOKZ4B1K5D0e4H8WABXA1L5P9678I12G,11,distinct,none,distinct,1 2 6 8 9 11 12 14 15 16 27
BB1W4m9p9E8J2Ckpgq4WA14H4eb1n74XHIw40mCGb,11,plain,none,mixed,1 1 4 7 7 11 12 12 16 22 28
BB1W0I1KWk2q4SP1goD5qCGK2c8LI4QI658OH3K88,11,plain,none,mixed,2 2 5 8 8 9 10 13 16 23 25
BB1W49GgIAqJ0iB8Ws8nXA8CbWI1oHI8GL78GI0u8,11,plain,none,mixed,1 3 3 5 5 8 11 14 17 26 28
BB1W2KILHR42P72sn0X184GX1ClmQbeX090NZYG30,11,plain,none,mixed,1 1 5 8 9 9 11 12 17 23 25
BB1W1448iXvafkd44d2291aH0Y0vjnJICKY8fWo26,11,plain,none,mixed,2 5 7 8 9 10 11 13 16 20 20
BB1W8KdAUpc3E794O4Wo2884IfAKQ8m30q7WmXB32,11,plain,none,mixed,3 4 5 6 6 9 9 15 16 18 30
BB1WCY4YqLHKn854AWyJ4H04EGGaXPy49Huhb8KaK,11,plain,none,mixed,1 2 9 9 11 11 13 13 15 16 21
BB1W2mbIBEK0C0KTXw8Z4i8KQQa8WE28Hq14bEF94,11,plain,none,mixed,1 5 5 6 7 9 10 10 10 18 40
BB1W31I7l2B1KCGW0W2ZAf1021m4Gf1ldQQaqJWGH,11,plain,none,mixed,1 2 4 6 6 7 9 11 12 21 42
BB1W0m953oKfWB0a25HwaC6O83uS90dY1e1GIqgwW,11,plain,none,mixed,1 1 2 2 5 9 13 14 19 24 31
BB1W0fCLHJAa0aa88GMfmOG8XXVY5On389Rx7On94,11,distinct,none,distinct,1 3 4 6 9 10 11 14 16 18 29
BB1W0GDegZgEQ1m3G913aoGc2fAAWKYO0W90XI28e,11,plain,none,mixed,1 2 5 7 8 8 10 11 12 14 43
BB1W8bOYZNI6oI4ITCHnHAG8EG5IcOmb6nXszF2I0,11,distinct,none,distinct,1 2 8 9 11 12 13 14 15 17 19
BB1W244dAeQH92gdt1a2m2G15G9gZM51OkR9j320G,11,plain,none,mixed,2 3 4 5 5 10 13 13 18 20 28
BB1W20K8QJaeHIgAGiYG90XQaIova9Wo38AagHY43,11,plain,none,mixed,1 1 5 6 10 11 12 12 13 20 30
BB1W8AT8IYCXoEOj4G8ez0Y2P2KAWeEZ7GWeBSCGA,11,plain,none,mixed,1 1 4 7 9 9 12 13 14 19 32
BB1W1II8JYfaiqy3aDWc0404XktddNGX0850C04Y6,11,plain,none,mixed,4 4 5 5 5 6 6 12 18 18 38
BB1W48L5WQ2hl3KO4L0uFGa63B6HHD8oYK0Q2qo8H,11,plain,none,mixed,1 2 5 6 8 9 10 10 21 24 25
BB1W41YAqHgJWu28Wcn1m501AAEfL0XzASg6eRnXA,11,plain,none,mixed,1 3 4 6 10 10 10 18 18 20 21
BB1W1GX24DT44Y16Zg8b1J1292e2i9BaaX1uBWeY1,11,plain,none,mixed,1 1 2 5 6 13 13 16 18 18 28
BB1W11F4aY9KvCDAqmwGf4m10G4IGbpaGz162jqmK,11,distinct,none,distinct,4 5 7 8 9 10 11 14 16 18 19
BB1W04GL2I99Jn0a3z0B052C8Z9KfYL8Kw4a4mH98,11,plain,none,mixed,1 1 2 3 10 11 13 16 19 20 25
BB1W0A1QA9Gs2fYC4yH1S6H40W40Q30L6ai5JGA0a,11,plain,none,mixed,1 3 4 4 6 7 10 18 21 23 24
BB1W0O1jbYL8KgsnT268O68X25P41G824Tbn16e48,11,plain,none,mixed,1 1 5 6 6 7 13 14 18 20 30
BB1W0H4aBSSoIrLafGAAmKQ4QEZUA49FsGY4I582G,11,distinct,none,distinct,1 3 4 5 8 9 12 14 20 22 23
BB1W2A0mz0O2rex1SAWQeX2eAygH1IHM88t0Y071Y,11,plain,none,mixed,1 3 3 4 5 8 11 15 17 20 34
BB1W8O4WBKn9ig242eIP9D0Wg1a6A4i72aJOKX925,11,plain,none,mixed,1 2 4 10 10 11 13 13 16 17 24
BB1WCKkQYQCOdXH56b2nNEG81GWQ5qCm50WiSQmS8,11,plain,none,mixed,1 1 4 5 7 7 7 7 23 27 32
BB1W185O2Nb-J18D0eN2G50I0G90CsqPJbEAWH21G,11,plain,none,mixed,2 2 3 5 7 8 15 17 17 21 24
BB1W92A4mIdKXCJHYYGAOCa0O8bYGlz0qBXeAYQ0H,11,distinct,none,distinct,1 2 3 4 5 8 11 18 20 23 26
BB1W102GZAa2aJ0i35oNZ2WmW20LGTsiIoD76yR11,11,plain,none,mixed,1 2 4 8 8 8 9 10 16 18 37
BB1W8WX1KPJfJKI245WBW5Y0MI2GVK2m4CGm50c5a,11,plain,none,mixed,1 1 2 3 4 7 8 17 18 20 40
BB1W2045e6u4oa4G4WU0A3ma2WNZA524KgXY2C8CW,11,plain,none,mixed,1 1 1 2 3 9 11 16 23 26 28
BB1W0HOIWa24cbEOKWeb1WOe49jQRe3WMBPHM0Pv4,11,plain,none,mixed,1 3 5 6 9 9 10 11 12 23 32
BB1W1145b38CWc3erXBZEI9244OiK6dRm221GH0a2,11,plain,none,mixed,1 2 4 7 8 10 12 12 15 23 27
BB1W0WOXWY3490WKl02nHCa1G9hdTCQHP3yAnAb9G,11,plain,none,mixed,2 3 5 5 7 8 10 13 15 26 27
BB1W2qCenP248Ca84B118C8H229udum2244Rfre2W,11,plain,none,mixed,1 4 4 6 6 8 10 17 19 21 25
BB1W0BXM6eh6j1s4qGQH0G221C74QH2AI95cc9aW4,11,plain,none,mixed,1 2 3 7 9 11 14 17 17 19 21
BB1W0a54PZeII4fmRvWHn9G2WY4WYvHIR2F4Qb5OI,11,plain,none,mixed,1 4 4 7 7 9 12 18 19 20 20
BB1W0JohIjk6aKYIIB7AMK20H4Wk4U12s92Y6MGWY,11,plain,none,mixed,1 2 5 8 8 11 12 14 17 18 25
BB1W0mr1q2onmB0i1e20M1r89WC10A07W5n04eXI4,11,plain,none,mixed,1 1 3 3 6 7 9 13 15 21 42
BB1W2If0baKKCavWy1Wq84X18Khi1Hm7X24AKgdBA,11,plain,none,mixed,2 2 4 6 8 9 10 14 20 23 23
BB1W5aLoa4OaXOdGTC5Wd4037i1HXBXDAX4a246GM,11,plain,none,mixed,1 2 2 4 9 12 13 17 19 20 22
BB1W88fAdKOKWX1Y1KAeE128YXC6SO9XyKysuqb4O,11,distinct,none,distinct,1 3 4 6 7 8 11 15 19 21 26
BB1W0g1m4dAgg28N9Sao8P0GXA8i83We0brKr08Wm,11,plain,none,mixed,1 3 4 5 8 9 9 11 17 22 32
BB1W2GK0B0pG1m92I8Z18BX448rHPzCaKX448OqXI,11,plain,none,mixed,1 1 5 5 7 9 10 13 19 21 30
BB1W0a4Yc6mF2awI5fAXSA4O7OHuJyWOTY8108A0P,11,plain,none,mixed,1 1 2 3 6 8 15 16 18 18 33
BB1W108usod5WACWcY98O8W10H0co4iTfER6K2GC0,11,plain,none,mixed,1 4 4 5 5 6 8 13 17 27 31
BB1W8OHY2eHX1r2oHL9aHo4WSW1W80G0zw1e59pa8,11,plain,none,mixed,1 2 4 5 8 13 14 14 14 17 29
BB1W0144YSvCaCHC4WO1Wo2GA1i381nAGz4GHX688,11,plain,none,mixed,1 1 1 4 8 8 9 13 23 24 29
BB1W1g55O1W7TC1E5Hb12mWX25J9D0BnkIHH3EM4u,11,plain,none,mixed,1 2 2 3 10 10 13 17 20 21 22
BB1W20MGIRgL5BHs4Io69I0H22_7D22slKuamZs8B,11,plain,none,mixed,1 2 5 8 10 13 14 16 17 17 18
BB1W0513K5Wb0u2I5pp2l5113YQHZGMFM1O80a4eH,11,plain,none,mixed,1 2 5 5 9 9 10 11 15 21 33
BB1W8deXa0m3mAnG2XA7f8GX64G6WgP49Ef1264GY,11,plain,none,mixed,1 4 4 6 7 8 9 11 20 21 30
BB1W1Y58EP3wZuYYA9Xu404YGQ4u87GeJ1BakD1H2,11,plain,none,mixed,1 4 4 5 6 6 8 18 21 21 27
BB1W0a2GoYXrIidZ62foG50H1I6f1poLP124U8p2I,11,plain,none,mixed,3 4 4 5 7 8 8 8 14 18 42
BB1W90e6BKk8Xf1JDB92t049MZLVE4a5KGaY5KYeI,11,distinct,none,distinct,2 4 5 6 7 9 10 14 19 21 24
BB1WCWqGakenJXIEA18LNY1421PGQDhQeoJHug4Oa,11,plain,none,mixed,2 8 8 10 11 11 11 13 14 15 18
BB1W0Y24O6W185jOx8Y94KCaY550cc84GC0-1sG51,11,plain,none,mixed,1 1 2 3 3 13 15 18 19 21 25
BB1W02I793Sf37Yn67484GH53JkI7BG4miXIQ3i2a,11,plain,none,mixed,1 3 4 4 6 6 10 20 21 23 23
BB1W0A0O1eCBfWh1C7GTnnWh1m4GC0n58CAHj44G4,11,plain,none,mixed,2 2 3 3 6 10 11 13 15 24 32
BB1W2838SAiG9fAKe68PNB0GIGE2XS6F6QggkbYc1,11,plain,none,mixed,1 5 6 6 8 10 10 13 14 15 33
BB1W0GaW9YAnC60u49rKE8oG5WKLWgCvJoYWIOAnD,11,plain,none,mixed,1 3 4 4 8 9 12 12 17 19 32
BB1W8M9PQDW5YDA0A28Lo08gP7mK6KwC5qWoI88Wc,11,plain,none,mixed,1 2 2 3 4 7 8 13 22 28 31
BB1W84Xm4Gd8KhHWY2845G9A0g2WU1mAA8iIO5GGI,11,plain,none,mixed,1 2 2 3 6 7 10 15 22 26 27
BB1W5CqyVWeU0G10N220C0cGb42WI2aGmX11CAGb3,11,plain,none,mixed,1 1 3 6 6 8 10 14 16 22 34
BB1W9WI8g8GH5K189NgwOAWGR4P8dAa2Ct58KIGee,11,plain,none,mixed,1 6 7 7 8 12 13 14 14 16 23
BB1W1G6080ooAXFm76Ac8ZG41F3GBqpf4H1378b2O,11,plain,none,mixed,1 3 4 7 10 10 10 11 20 22 23
BB1W0X2u92aZmp8Gh64P5I8a3fEW50tJfGiIG60G9,11,plain,none,mixed,1 2 3 6 8 8 9 14 14 22 34
BB1W1K2I4Wc2GEW8OGHGQ49Y288mXA3vC80RRSH12,11,plain,none,mixed,1 1 2 2 6 10 14 14 16 17 38
BB1W64OCMXLGKefY294Rm714a96zVXc4H020Y1h8A,11,plain,none,mixed,2 3 4 4 6 6 9 13 18 21 35
BB1W0e-WP0g8eUXCAXOa3f12O8GsP3QA0iL5Dq2W9,11,plain,none,mixed,1 1 6 7 9 9 9 12 20 22 25
BB1W2Q8b48WaQ7A2KGt3C48a2eIGEHoBB50X5Y8KX,11,plain,none,mixed,1 2 3 3 8 11 13 15 18 23 24
BB1W84kf88SJb4JAI-7061HGd4JY84ujI8sPr8LG9,11,plain,none,mixed,2 2 3 4 9 10 12 12 14 23 30
BB1W8G1OLfLLYIFOsWP1I5hW5aH120Y2WCn6W8W30,11,plain,none,mixed,1 1 1 5 7 10 15 16 17 21 27
BB1W288iZj5Gd4Xn89EKuGGf1K8GZ1K4aP6X62_4Y,11,plain,none,mixed,1 4 5 6 6 10 10 14 19 20 26
BB1WB2qHj6ui78LHQGd8T1D5H6g921mHmJ29We2n0,11,distinct,none,distinct,1 2 4 5 7 8 9 11 18 27 29
BB1W4284vpKWyMHb2q7GGo021fcWQ489KP1QIAmX2,11,plain,none,mixed,1 2 5 6 9 11 12 12 20 21 22
BB1W4G9D1aEqZK4GH4R1I54K10qGH0I1H9c24Q1qA,11,distinct,none,distinct,2 3 4 6 7 9 11 13 18 23 25
BB1W38M10C28GL8K4akI348G2OrXFKCWgD0w48Wo8,11,distinct,none,distinct,1 2 3 4 5 6 8 14 17 23 38
BB1W0CnJ45087GaaaLmr318bOf6mQYP8d2481G8H8,11,plain,none,mixed,3 4 5 5 8 8 9 10 17 19 33
BB1W44Ic2qAHcZ8Hp44G90W96qXYA8eIHKiWn2K2n,11,plain,none,mixed,3 4 5 7 8 9 10 12 20 20 23
BB1W0Z3hXjAFUKyWYAZAw20GKmMWZGzLA8VaWQ6H9,11,plain,none,mixed,1 3 5 7 9 10 10 10 14 24 28
BB1W2F4n2PA_8rJYnAtRU0WeGeSJYGq4mKGKINiWa,11,plain,none,mixed,1 2 8 9 10 12 14 16 16 16 17
BB1W4WH2a76GMf0I84GGf9H4InL5B7g_iOXX90I1X,11,plain,none,mixed,1 3 4 6 7 7 11 12 22 23 25
BB1W1K24X134xk7ZQWT2WI040W0Lh-HgGaZEwZK38,11,distinct,none,distinct,1 2 3 6 8 12 13 14 17 21 24
BB1W50IGwUIYY64uSYA1a6S52IKPYgCF0Y52a2WS0,11,plain,none,mixed,1 1 6 9 11 11 12 12 13 17 28
BB1W60qcv6cWs57N4PqF88m0hHGoqT8WY9b52GyE8,11,plain,none,mixed,1 1 3 4 6 9 15 17 18 20 27
BB1W0aiPHY0D3ol0E021f0aolYafff14uBWOfWg2g,11,plain,none,mixed,2 2 3 7 7 7 9 13 16 27 28
BB1W58CGg3MqRO8aXIE8WJ00X1X0K7W4qWk4B0S1m,11,plain,none,mixed,1 2 2 3 6 11 13 18 20 22 23
BB1W9Gc12OWbX39COGd5HGA16yGP2Xnx5r4gH94oG,11,plain,none,mixed,1 2 6 7 10 12 12 14 14 18 25
BB1W2B8YX4oPeqfJ8WImK0n62GB0R1288Ar1CA30I,11,plain,none,mixed,1 1 1 7 8 8 15 17 18 21 24
BB1W0C0o2aa8m5D2391Wca12IG4uRX_FGp1iPaX24,11,plain,none,mixed,1 1 5 7 8 12 13 15 16 20 23
BB1W249mYWGYX5Ai8mOX1Y0nIy8m50J7ppAmOG0W1,11,plain,none,mixed,1 1 3 6 7 7 9 12 18 28 29
BB1W161e7EaTX54ORYjDubWW1588A9AiM0BsO0W20,11,plain,none,mixed,2 3 4 4 7 9 12 14 17 20 29
BB1W4Wg0k15MAGmo2LJI8aX5Oaa8mmqD1I3C48QYG,11,plain,none,mixed,1 3 4 8 12 13 14 14 16 17 19
BB1W0GAZiZ69I2OCX9k7e5WWacA6ffaE7wZa5n44W,11,distinct,none,distinct,2 4 5 7 8 12 13 14 15 18 23
BB1W02mwaKH3UAEa8WH72P0e8eV8VHu418OzKS94a,11,plain,none,mixed,2 2 3 5 10 10 12 15 16 22 24
BB1W0H0K2WDX5pAGoX8aOE8H0u1a80H1kUEN6Tu80,11,plain,none,mixed,1 1 2 5 6 8 10 11 15 25 37
BB1W2082G8XepGYnEldZbWL90J2LUZ558J0Y6GMY4,11,plain,none,mixed,3 5 5 6 8 8 10 12 16 19 29
BB1W0a8WGI8E8C0La8s6eGWIX64RePBZg9FaVni0e,11,plain,none,mixed,1 3 4 4 9 14 15 15 16 19 21
BB1W0I8eYUG6XsAeX4GcY24P2u4kO9MYms88WX3M0,11,plain,none,mixed,1 1 4 4 5 8 14 17 18 21 28
BB1W10B2ZjeCXOKI0aRv4GgIi9_14EbbDIoXIKkYG,11,plain,none,mixed,2 3 5 6 10 10 10 12 15 22 26
BB1W1AH5aGEnrCaaVoN9Q608H4uIY20AMs0n9ES3G,11,plain,none,mixed,1 3 4 7 9 9 10 11 14 20 33
BB1W4KW1o232iAf1Q7KI0K05CA8bnrOHJ4h2C8aYe,11,plain,none,mixed,1 2 2 2 4 5 9 13 19 22 42
BB1W83L2QocKSX44QWf4XHGHF4Fee90mb22C4F8p1,11,plain,none,mixed,1 3 4 7 7 8 9 12 16 23 31
BB1W4Wg08XY50x561O5m80I2C8H28Ae5WSXZ4H6aS,11,plain,none,mixed,2 2 3 5 5 9 10 14 20 21 30
BB1W2iJ2B2FGYXQ24No1GWWf4BcqYo2W90ya5WY1q,11,plain,none,mixed,1 1 6 7 8 8 12 15 15 18 30
BB1W4IH4MqiWkeGkZ28F0C1A5H98eaYUGQ4GSYC3G,11,plain,none,mixed,2 2 4 4 7 13 14 15 15 17 28
BB1W0PDmYO4Wd4D0d0SQU308Yj8M1aIHc8J2y7mWa,11,plain,none,mixed,1 1 2 7 9 9 9 11 16 28 28
BB1W0acZK1HnO9WiAIfAY4XGQaqJIM8AbIPG18GI1,11,plain,none,mixed,4 7 7 7 8 8 9 15 16 18 22
BB1W85Gro18aH0KUCBWe890K8rAjB080W4TB3CEK9,11,plain,none,mixed,1 1 2 3 5 8 11 13 18 23 36
BB1W4GHmLqOAWc4OfT3I9aG2G4TveGW61HAB8H223,11,plain,none,mixed,1 1 4 7 9 9 11 16 20 20 23
BB1W284Wj2D4f34CSe6eIY88WW2Jw24GLWWgMfG60,11,plain,none,mixed,2 2 4 5 7 9 13 17 17 22 23
BB1W4WA1uE086IAOD4XqCGHI6Wc9E240G40h2qAn5,11,plain,none,mixed,1 3 3 5 6 6 7 10 15 23 42
BB1W49XHymjamG1mj60I44miFQLerLC9JW4XeB0X8,11,plain,none,mixed,1 3 5 5 7 8 8 11 12 14 47
BB1WC1GGXA4nW40G6CIWo1K8AWS0m3ACqfZ2WE2G4,11,plain,none,mixed,1 2 3 5 5 6 6 8 19 31 35
BB1W11G7D1zM20XYEY249AX32wjcrGnGGH39KbOIY,11,plain,none,mixed,1 2 5 6 7 7 13 15 18 22 25
BB1W0c2a5GK1b9euDX2D8aW8Wv0m10AJ8HjmB2e10,11,plain,none,mixed,1 2 6 6 6 9 9 10 13 23 36
BB1W4KJBIWpEfXWYK4a8Wn142J2uM6yXTq0mX0Y34,11,plain,none,mixed,1 1 5 7 8 13 13 13 13 21 26
BB1W4284WX6NXIYGnW9Y49WH18XmbWc4GEHL9JOXY,11,plain,none,mixed,1 7 7 8 8 11 12 12 13 16 26
BB1W9GHM4b2C8Ge4WYA0g40GlIbACY38M1OAnAGL1,11,plain,none,mixed,3 4 6 6 6 9 9 10 14 17 37
BB1W12891N86mOB1qWsF4HG1GQTIYGL4KGYgKXI3G,11,distinct,none,distinct,1 3 5 6 7 8 10 15 21 22 23
BB1W2OnJ9w1N74c4OALae8EC36n5r6oL49ubBjC0H,11,plain,none,mixed,1 1 5 7 12 13 14 14 16 19 19
BB1W6IGQfkW6GeeZa34fbWWG5Kf9OaDKRGj3A43mS,11,plain,none,mixed,1 1 5 6 7 12 13 13 19 21 23
BB1W14XG8uSKXIIvJMi408RX121y0fIy8a18OL12a,11,plain,none,mixed,1 1 3 6 7 10 11 12 16 24 30
BB1W2GSW10q1441G5N2C2H23O8Go34GT3XM74iI0i,11,plain,none,mixed,1 1 2 4 6 8 13 16 18 20 32
BB1W5uM2h2SOICOWw8V1J2486aEX103AILKJJLEaA,11,plain,none,mixed,1 1 2 6 9 9 10 14 17 22 30
BB1W41Q97l81ObKa102CWGeYHAL2e9WNifrXCcA8O,11,plain,none,mixed,1 2 3 6 7 12 12 13 15 22 28
BB1W080J225GKE4jJOen4K8iKnEG8WY1W9Ei5CMYa,11,plain,none,mixed,2 2 5 6 6 11 13 13 13 17 33
BB1W4GGeiXb8K8eYb8D29J4K14KKfnlGZWw2YQWfW,11,plain,none,mixed,1 3 5 5 7 8 12 12 15 20 33
BB1W28KiKxUSGDsH70C0m0ciBmOZE0q0bOIW52829,11,plain,none,mixed,1 3 3 5 8 9 10 13 21 23 25
BB1W2GXEpwMOQ9gAlXW1p0Ge9aY96YLAfPpxGg0I3,11,plain,none,mixed,1 3 5 6 6 9 11 18 18 18 26
BB1W10GN1E4CHHaiWc22GaH2HAggIGO104mHoZ64K,11,plain,none,mixed,1 2 5 6 8 8 10 11 16 21 33
BB1W0D148WHM5Gj5cKKae80D0e4CGWeSU1u619j24,11,plain,none,mixed,1 2 2 3 4 6 7 18 20 27 31
BB1W09SHawHE524aHB26704GY6Y48j2thjcsgt8XW,11,plain,none,mixed,1 1 6 7 9 10 14 16 18 19 20
BB1W1C8tPAes0m285Wep4iG8K0E3h1oLHM240O0i4,11,plain,none,mixed,1 1 1 7 7 11 12 12 13 22 34
BB1W8G1emWIWb5pwd5ec282m2i9b5c2P1R8KYHQKL,11,plain,none,mixed,1 4 6 6 8 11 14 14 16 20 21
BB1W48GWQcQ4uHU3P122860Y2GKPcLfEa9LWH0Q1G,11,plain,none,mixed,1 1 3 8 9 12 12 12 16 17 30
BB1W2YD58UhA0nH934eEG14WH2O654iquI2GA2O15,11,plain,none,mixed,1 1 4 5 9 9 12 16 18 22 24
BB1W1X8f3iAU2YA2ija3GZ0GYdGEGWjcoQ2KHIH98,11,plain,none,mixed,1 4 5 6 8 8 10 16 19 20 24
BB1W0m4eOIGIXP9yGi7HBH4MH11mt9dS_L0X1_6AG,11,plain,none,mixed,1 2 3 7 8 8 12 12 21 23 24
BB1W0X8HYqyd3aEd9Ur3ODL15A6AnAW5Wm53f312H,11,plain,none,mixed,1 1 3 7 8 13 13 14 15 20 26
BB1W14888h2AcPJcGeZ0K8KX3qFp8tB4CGXeamq21,11,plain,none,mixed,1 2 6 7 10 10 12 16 17 19 21
BB1W1OGY2Kq60aXb1e40aaGWM0a2S8PheId6HnC2e,11,plain,none,mixed,1 1 2 3 7 7 9 16 21 21 33
BB1W11-ubX2492hOC0cmD1224GZ0icMfRYoqZU4OK,11,plain,none,mixed,1 2 5 10 10 10 11 16 17 18 21
BB1WAnq60W5jI9IowhceqY0e1Or98906w4uPghD34,11,plain,none,mixed,1 3 4 4 6 8 10 12 14 25 34
BB1W060K73auoI4BYTcAWX041F3Cj148z2ZqXY14G,11,plain,none,mixed,1 1 2 3 6 10 11 17 18 22 30
BB1W88iV61PB0A148MYY2q00Y5OIwSnq78PNKkJ68,11,plain,none,mixed,1 4 6 8 9 9 12 12 15 22 23
BB1W2WI0J1DDLRXDGmYg84mGX1tr6KG20O454GSYA,11,plain,none,mixed,1 5 5 5 7 9 10 16 16 21 26
BB1WCY2mCTnp0OIC0WW0ZG0Yeg8ibndBH588n14nW,11,plain,none,mixed,1 1 2 7 7 7 14 15 17 20 30
BB1W16uIM154jIgGg0x2qWWeOrGN4a4Gaad5a0C2G,11,plain,none,mixed,1 1 4 7 10 10 12 12 18 18 28
BB1WC0mEycnSAWKiT9jGf2a42mG8-4S4924IHoz51,11,plain,none,mixed,1 1 4 8 8 10 10 13 19 20 27
BB1W0I0e9WvJv8dYH4yf5Y0G120u6WLOh92aKUYP6,11,plain,none,mixed,1 2 5 7 7 10 12 13 15 19 30
BB1W0a91AX6g348KAafHv7OG1OUZmi0EZqlVG0GHA,11,plain,none,mixed,2 3 3 3 8 9 12 14 17 24 26
BB1W90BZY6J6JaUfOO0W316Y4W4IV8SMIjGj4KYXe,11,plain,none,mixed,1 2 2 5 6 9 12 12 21 23 28
BB1W4GX058KYEj2nAaYWc2nWeI1890a69Eap4491G,11,distinct,none,distinct,1 2 3 5 6 9 12 17 18 22 26
BB1W1CBaeP182CAEWA1488Of1g6cy2mY140BXI4HH,11,plain,none,mixed,2 3 4 6 6 6 8 12 13 30 31
BB1W428yA7kU82MY6FWZaB0CWqefDMU60OPHP8EC4,11,plain,none,mixed,1 1 3 7 8 10 11 16 16 17 31
BB1W94Z9K2J94J0a3GAk80CGL2C48kogWf2JgTO61,11,distinct,none,distinct,1 3 5 7 8 10 13 15 17 18 24
BB1W46GT128ckePkGUq0e6W21kE8D1F2mBYqI2L48,11,distinct,none,distinct,1 2 3 4 6 12 13 14 15 24 27
BB1W0Y8WChWco3828GIU820WX94lX-X45mQMjfmd4,11,plain,none,mixed,1 2 2 6 9 11 12 14 15 17 32
BB1W0W348pCv5ZfYMA0Wx48eZSC0K25f9yLIU8GQY,11,distinct,none,distinct,2 3 4 6 7 8 12 14 15 16 34
BB1W8WHb61K2ID1K9eDmr3c48mB0l1ab28AjWA348,11,plain,none,mixed,1 5 6 7 8 10 12 14 14 22 22
BB1W2WHDDusubKKKXX4Am70e3Fa4OXJn0P18H2K2G,11,plain,none,mixed,1 2 6 7 8 12 13 15 15 20 22
BB1W1040M3cAHcA851oCW948Wv0qYZ0ADdYm90K1H,11,plain,none,mixed,1 1 1 4 7 8 11 21 22 22 23
BB1W1WTZAIgF0A48G61y48mWK6f5C1Go2O194mYc4,11,plain,none,mixed,1 1 4 6 8 8 10 15 16 19 33
BB1W14GiaeO0Wu4cWWzK328KITvU8uLYhR24fv181,11,plain,none,mixed,1 4 5 5 8 10 10 12 14 24 28
BB1W98IYK9Gd2u7u1S810454CG0WAD23n40O1G60L,11,plain,none,mixed,1 1 2 3 4 6 10 18 23 24 29
BB1W6W40B8A4eIR8E9uh0iOY1IbGGCI9Wc688a8WI,11,plain,none,mixed,1 1 1 5 5 9 15 15 21 23 25
BB1W0C0W5C8U0RQ8KXL2h40LYU30MmK5TqSc98aIY,11,plain,none,mixed,1 2 3 8 10 11 13 14 14 16 29
BB1W109FBfHNSfoQ4eL4IP08bYA7YCYl9B2mKQaK1,11,plain,none,mixed,1 1 4 4 12 14 15 16 16 17 21
BB1W1H4GegIcjeY6yMPK1K0G3gDHA13RNTSLGCAv1,11,plain,none,mixed,1 2 7 8 12 12 13 13 17 18 18
BB1W248EOWYDpoX88eTWJ91aIX95p4Y6GGmVdb0O2,11,plain,none,mixed,1 3 4 6 6 9 13 14 19 22 24
BB1W0mqX4AfIY44IDHN53O32Bu4mWU8QZ8Y48eaHJ,11,plain,none,mixed,1 1 4 9 9 9 13 18 18 19 20
BB1W41eG8aS3aHMLHOg92YJ106jPp7_3WX1cyUp24,11,plain,none,mixed,1 5 6 8 8 9 9 10 15 23 27
BB1W0Ca8o82KERZQiaiGH12H7uTWneYXI36Wv0I1X,11,plain,none,mixed,1 5 7 7 8 8 11 11 18 19 26
BB1WD0K4X8CWn53aEScWB3Y8YYP94041K8Y4GH2O6,11,plain,none,mixed,1 1 4 4 8 9 11 11 18 18 36
BB1W10OaXGn58P4KEGBmV0R3CC1oc34FeWU4Y2P0b,11,plain,none,mixed,1 2 2 3 4 8 12 21 22 23 23
BB1W4Ho32HYA0d9o8AmJWD22YK9Gp0Iwba4mH1n92,11,plain,none,mixed,1 1 3 3 4 8 13 13 22 26 27
BB1W1W0qJ10A1453Kuj03AWGX26uITLpB52PXU2KI,11,distinct,none,distinct,1 2 5 7 8 9 10 12 19 21 27
BB1W0Ho98bQ5tMBO5KPeW41YQY58MYHXGW182BP4e,11,plain,none,mixed,1 3 3 5 10 12 12 13 15 22 25
BB1W48GH8JauoQg2KGeoX8eG1eCGU2aLDKy2QvWK5,11,plain,none,mixed,1 2 2 7 7 9 14 15 16 22 26
BB1W6824uPqZcB7mIwGKGGO32QfH31MZAYRLYc932,11,plain,none,mixed,1 1 5 5 6 13 15 17 18 19 21
BB1W1840C6W9R24WH1mJ184K1WA8HT4zoC0W6080a,11,plain,none,mixed,1 1 2 3 3 5 13 16 17 26 34
BB1W149H18Gmfs12KHjo2G8AZAHdB4aIArAa2eLXG,11,plain,none,mixed,1 4 7 8 8 11 11 16 17 18 20
BB1WA43G820LYg0BBK3H5GGcAeiazIMYfPaS146G1,11,plain,none,mixed,1 1 2 3 6 8 11 17 17 18 37
BB1WC8n0mIYbfZ0C2ILXD2LaZqUG57nRosY1AOWa0,11,distinct,none,distinct,1 2 4 5 6 12 15 16 18 20 22
BB1W2Asc0O28ACuaO80bx414fgsLAOgH5CWn2cqXX,11,plain,none,mixed,3 4 6 6 6 8 9 10 12 26 31
BB1W0XY0MYHE1IELUw5Wm5128MYQsi7Mal4GG8Y9G,11,plain,none,mixed,1 2 5 6 9 13 13 15 17 20 20
BB1W51aQf2KuGHXW20AWPSme90258499SL1GY55yK,11,plain,none,mixed,1 1 4 6 6 12 12 15 17 19 28
BB1W98KWKyOM51OHuGN4IGKGAKKfHYYE9_Ix810pA,11,plain,none,mixed,1 3 3 5 8 10 12 13 16 22 28
BB1W128GEWu3183mv08S88S1GA3NC4eBPGc3e90q4,11,plain,none,mixed,1 2 2 4 4 7 7 11 22 29 32
BB1W09CWb5cYVHX050K1ComG1HA287fOX0i2f2810,11,plain,none,mixed,1 1 2 3 3 9 11 11 18 24 38
BB1W4AX98H893Y268uYGi1c4iY98mY2O6u0Q0T4oK,11,plain,none,mixed,2 4 5 5 8 10 11 12 13 25 26
BB1W0Yy8mXMAqLfG7CLT04D6e1GAuf42WuY25GAH2,11,plain,none,mixed,1 1 2 7 7 7 11 19 19 20 27
BB1W60qyf4a61DD64SWo28AK58F3z2GH188WaHM9I,11,plain,none,mixed,3 4 6 7 7 8 9 14 16 19 28
BB1W0GmGuY0CvRMeaYA4eYJ88lIHN3CM3OCHK0e2G,11,plain,none,mixed,1 6 7 9 10 10 11 13 14 18 22
BB1W60QaiaCmcagOlIA95If251A0X2BWJe2VD5OP2,11,plain,none,mixed,2 3 4 5 6 10 16 18 18 18 21
BB1W28Rf79GKLUW1A3Af6a4X12fHc4wYGr9Yy4z2D,11,plain,none,mixed,1 1 3 8 9 11 12 13 14 16 33
BB1W784G9XeAWWoow9nACfG10AWWI6E38Aw8Gmi2W,11,plain,none,mixed,1 1 5 6 9 10 12 14 14 23 26
BB1W5GgXt6qDJP0a1W6mi2g84Gc18FGIgW09GD142,11,plain,none,mixed,2 4 4 5 6 6 6 9 23 26 30
BB1W1Hf46S6GOXAGJG90OH2NM5IY2080PaII8WA2e,11,plain,none,mixed,1 1 2 3 6 10 15 15 16 18 34
BB1W182KIXC6oaHB5DagZ4O4GY2GDSm5CQUHB19OI,11,plain,none,mixed,3 5 5 7 8 10 13 13 13 22 22
BB1W188Yrd4S7Wm50G3E99GaaXPA840G1WI5L8uY9,11,plain,none,mixed,2 3 5 7 7 7 8 10 10 12 50
BB1W94OGY3OYG5HWY09mQ2Y998KYY1G7CW533KCWa,11,distinct,none,distinct,1 2 3 4 7 9 15 16 17 21 26
BB1W2Y58CHM308eG31i2e0a5WU1o6NPeGyZm71m11,11,plain,none,mixed,1 2 2 5 7 10 12 13 14 26 29
BB1WCXcGi3HX8ef2CXP9q0n0XxdtKIKAL1aFWYG20,11,plain,none,mixed,1 2 4 7 9 9 9 12 20 20 28
BB1W2iH0Y0JUm4WY2pT0n4GeYay88X5ZfpOf6eWZ1,11,plain,none,mixed,1 1 3 5 8 10 11 15 18 21 28
BB1W4CQOkUA4WQ2HEa9r4iGGY3K6L8AhJB1GLIai4,11,distinct,none,distinct,2 3 4 6 8 9 12 13 19 21 24
BB1W0O8GnF4aADpY974iI0ab314J48eYY4OG60BGH,11,plain,none,mixed,1 1 1 3 8 13 16 18 19 20 21
BB1W2IgYP9yeYa5qZCaaYI690O1fJ4KaeeD0XW4GS,11,plain,none,mixed,1 4 4 5 9 10 10 12 13 15 38
BB1W0g1m60O4GapnE8uYIae1050K8nGaeOLWY0E0G,11,plain,none,mixed,1 3 3 5 7 9 9 11 17 20 36
BB1W00W3TYiM6SOYKA2aa1Y4IlK5mKTISbXHH8aZY,11,plain,none,mixed,1 5 6 6 7 7 10 16 16 20 27
BB1W19z7KMWYPdqZ6Gw4G120JXafl2s9A8WK4W828,11,plain,none,mixed,1 3 4 7 7 11 11 12 18 19 28
BB1W3W9ua3WI0e314GQGI1GGX26AIYKe90e4Gc2eM,11,plain,none,mixed,1 1 5 7 8 8 12 12 13 16 38
BB1W21Y0Jbkfqh9Gh3K4eKGWlopJM9FR5mmHG0G8W,11,plain,none,mixed,1 4 4 6 8 9 9 12 14 22 32
BB1W0G104tODbBB46H41So8a297unYrAWZIUA5830,11,plain,none,mixed,1 1 4 9 9 9 14 14 19 20 21
BB1W0YONT2j178b15eWv76X4YXWdpvPMWX19ufkO4,11,plain,none,mixed,1 4 5 7 8 13 13 15 16 19 20
BB1W44GaJId59i4OX0W0Wq050PI1rWtEGiCe6Ww8e,11,plain,none,mixed,1 1 3 5 7 9 9 18 19 22 27
BB1W0OHJS1WJZ386eKXI4mZ8AL4KI48AWI8PIHF4o,11,plain,none,mixed,1 3 4 6 7 9 10 20 20 20 21
BB1W32bMbCAJnkX5Gg2oD8A016Bh60G62a8PUF60D,11,plain,none,mixed,1 1 1 2 7 9 14 16 20 24 26
BB1W09GGH2YI5AbpOJ4Ys82H96KXZYM1q4eYAqI8m,11,plain,none,mixed,1 1 1 8 9 10 12 13 15 20 31
BB1W8GagQqs8knfzm4GY42O1YoFuhyHaWa9eeCD70,11,plain,none,mixed,1 1 2 8 9 11 11 12 17 20 29
BB1W21G61uKfXA6PLggX48WOaaZ0Jn478XZ9GeY0O,11,plain,none,mixed,1 1 7 7 7 11 12 13 14 18 30
BB1W3Y58b2gChpXXHmm2Ww248XXn71EfGc0aPW20O,11,plain,none,mixed,1 1 3 5 9 10 14 15 16 23 24
BB1W952a9L5C8OWH1KQK12ICWoFCawbH93i84K5H2,11,plain,none,mixed,1 4 4 6 7 7 16 17 18 19 22
BB1W2H9HCAmT0Q2HF4huq3GYHAQf55O26De0GH0iG,11,plain,none,mixed,1 1 7 7 10 10 11 11 12 16 35
BB1W8a2YMv4Z0C0SXwPIZ0gA42G90n5HKqT4P97IO,11,plain,none,mixed,1 3 6 6 7 8 11 12 16 22 29
BB1W96egXM7Oo545GV1A2XK32u3ACGn348D08jH0H,11,plain,none,mixed,1 3 5 6 9 10 10 10 16 22 29
BB1W08GWf34850BC3CT41AI4eAJjKsDG934K4iHne,11,plain,none,mixed,1 2 3 5 11 12 12 14 14 15 32
BB1W28WWY28CWgJf9c70a2D0i4mGC1e6eOW20K10X,11,plain,none,mixed,1 3 3 4 6 7 10 19 19 19 30
BB1W07AGL1IE0aKWIFund4AH92b9922_68OXAAQ1H,11,plain,none,mixed,1 5 7 10 10 11 12 12 14 15 24
BB1W0YK76OW5KLAmj12N96LI2KX61jOS4bKHK3G2a,11,plain,none,mixed,2 3 3 4 8 10 11 14 21 22 23
BB1W1K74aO8AafJ98eYHa4987WU02aJa8mXuakJZ0,11,distinct,none,distinct,1 3 5 7 8 11 13 14 16 20 23
BB1W51H042mhx90K0i2iZ49GKI24WQ1bAAfCYIIX5,11,plain,none,mixed,3 4 4 5 6 7 11 11 18 19 33
BB1W680W2D4AeQvBHCz3D4qa18emwJ498c324O8W4,11,plain,none,mixed,1 2 4 8 8 13 13 13 18 20 21
BB1W8GWN8kiemDWL4KGJ1288b288eIfLZOE02HbQG,11,plain,none,mixed,2 3 5 5 6 7 8 15 21 23 26
BB1WB4SHK2kGZ4iY_0H0L1K884SGo3619h5C8eOXX,11,plain,none,mixed,1 2 3 4 4 13 13 14 20 21 26
BB1W1X4XUzArGi2GqY5WA24WWiGHFCGA5RucaJ0I0,11,plain,none,mixed,1 1 2 8 9 9 12 12 18 24 25
BB1W228CXGT1naZ8TH4Zw20aYIAu1GQ1aWWvNKGP1,11,plain,none,mixed,1 3 7 7 8 8 9 9 15 16 38
BB1W92Y56oSGGfHK9WKOO4W4qIF8FeZHCH6ALAqXa,11,plain,none,mixed,1 5 9 9 9 9 11 12 13 16 27
BB1W18CIC2aIiQ1e6BeeXp20E4-C9K9P1aVf2aGnW,11,plain,none,mixed,1 1 3 7 7 9 16 16 17 19 25
BB1W9WnXQ9e4b35eWW4mY1GH68o381OuCX8KYM992,11,plain,none,mixed,1 4 5 6 7 9 9 13 14 16 37
BB1W21qIMew8Xel2Ac62i9Gq8EIRGJP6vAH2q2A0i,11,plain,none,mixed,1 1 3 4 7 8 13 14 18 18 34
BB1W1IeiXI22bf9XfGr2nAX18GY2M1M0o0LXVkEp8,11,plain,none,mixed,4 5 5 5 5 8 9 11 15 19 35
BB1W2Z6DUoGIWb0O20K8Q148GYUB4YKNmmquGWYmA,11,plain,none,mixed,1 3 3 4 9 12 13 14 19 21 22
BB1W081aAR2WK8kecSI0aIG1IrAmT2wGJ12UFW9B8,11,plain,none,mixed,1 2 2 6 8 10 12 12 14 25 29
BB1W308yCWe2W8mjyeHq45010C0j1y8Z3iKLXcesD,11,distinct,none,distinct,1 3 5 6 8 9 10 11 17 18 33
BB1W4oIDebOZXC8G9DI1Ma82HuGuWX4fGBo98g148,11,plain,none,mixed,1 1 3 11 12 12 12 13 14 20 22
BB1W2GDJv6e2WL2fHWb7oGKX444h5IcJs1Qr184G8,11,distinct,none,distinct,1 5 6 7 8 9 13 14 15 20 23
BB1W4O8aaIN4Z18aGWoYXYG20XZqV0Q0lInjCGGe1,11,plain,none,mixed,1 1 3 7 8 10 14 14 17 20 26
BB1W1CKI9050OH9QZ0K0i9Gj4WY28KV90YwQBWm00,11,plain,none,mixed,1 2 2 3 3 7 10 10 23 27 33
BB1WD871W1-F0f0e1O3WD5WaAGH1m8XOcP2v4iWI2,11,plain,none,mixed,1 2 2 4 5 9 11 11 21 22 33
BB1WCG1850i5Js54ITDnaIG4OX188XP9GuWoGY0e8,11,plain,none,mixed,1 2 6 7 10 10 10 13 14 20 28
BB1W8WPm1WC6Af8Y8M90_G99CQXjBrFq5Gg1NmXY9,11,plain,none,mixed,3 3 7 7 8 9 12 13 14 22 23
BB1W4HfIWY3My8dYI2uD886a0Ld8BHK49GaXq6AI9,11,plain,none,mixed,1 2 6 6 8 8 11 12 18 22 27
BB1W2010JtuWA35pcHee8XYGfUf2Lj2v0MLgFP26G,11,plain,none,mixed,1 1 2 3 7 12 13 18 19 20 25
BB1W2G64u2OyHA0C0YZC9oG41q2RG3Wb4aHi5CKzG,11,plain,none,mixed,1 1 4 5 7 7 8 14 17 24 33
BB1W04WH25vVP9P658GHNHY24O4aAIK2GYbB24TZ1,11,plain,none,mixed,1 3 5 9 9 10 12 14 14 19 25
BB1W4eaYiRHY2BOg2S8HueWY9145GQ2L44aeHH61Y,11,plain,none,mixed,2 4 4 4 5 6 10 10 20 26 30
BB1W0X2G2WXR0C6unEWM1G8I163aJ1C-Ja88GWXP8,11,plain,none,mixed,1 1 1 5 6 9 11 14 23 25 25
BB1W2G8b0e8WyqnaWQ2BO8GU2HH48W916CcrSHM8O,11,plain,none,mixed,1 2 6 7 8 8 9 10 13 25 32
BB1W88WQ8Yw290O0W4H0ia8IJKEGP1ZK5WT2aKf2O,11,plain,none,mixed,1 5 6 6 8 8 8 9 13 19 38
BB1W0a80W8mfdgc98WWWC2GYGP2cmx3B8KWLXQ89O,11,plain,none,mixed,1 2 3 3 5 5 16 18 18 21 29
BB1W8W9XZXw186GYt2g1EA92C2evYL7v0NCvhh4CW,11,plain,none,mixed,2 5 5 7 7 9 13 13 15 17 28
BB1W4PH584GmtGbaeK2GF2WO0S2GA0GOcIGj78GKe,11,plain,none,mixed,1 1 2 2 6 8 10 14 20 28 29
BB1W2W7G6mIRBGo4kA8eN1W9GO4YT58YA0-29b4YX,11,distinct,none,distinct,1 2 3 6 7 8 9 12 18 24 31
BB1W20G2YgKG66uAgHY080j63aw8Q1e6Gb6iMWqJ0,11,plain,none,mixed,1 1 4 5 5 7 14 17 18 23 26
BB1WCK4mDWWspduvJ6C8ymM01CX6CLHF3IH291845,11,plain,none,mixed,1 1 4 4 7 8 11 18 20 21 26
BB1W8GHA4aaj96K5GD12a0G9l628GGXE94aoUs9O9,11,plain,none,mixed,2 3 6 7 7 8 10 11 14 26 27
BB1W0APIr5YK99aichH28KCY4AeKXbfOM1OIAo4OG,11,plain,none,mixed,1 2 3 9 11 14 14 14 14 19 20
BB1W8mY0I1Iv8G8SaaGo140D58MXImupXg0y2mYY1,11,plain,none,mixed,1 1 1 2 4 11 14 18 21 22 26
BB1W54eMR6eQvawj96GQ0OWZ8H83nX0JX52jbM9K3,11,plain,none,mixed,4 4 4 4 9 11 13 14 14 16 28
BB1W8GaH6A8eumoPo4Qua1HAM68eekqxaA4sbI4eW,11,plain,none,mixed,2 4 7 11 11 12 12 13 15 16 18
BB1W909Z2E2jXqKK4O6X78U8406ZcNESwf165WqZW,11,plain,none,mixed,1 2 2 5 9 10 10 14 16 25 27
BB1W18o4X2L4iLHiPXr840H0u2GXGiC1mygM-ZY1O,11,plain,none,mixed,1 2 5 6 8 8 9 14 19 22 27
BB1W4WX22KIHGMXobGCWA1GIB42G90CX9amm5qf6a,11,plain,none,mixed,1 4 6 7 7 7 12 13 19 20 25
BB1W0G44FmRKV54YGs8J0208WM48GSZhnN5OBH38Y,11,plain,none,mixed,2 4 4 6 6 8 10 13 19 19 30
BB1W020H25AbeImx26Pta4X4bq3SD31D0k4HXGYYW,11,plain,none,mixed,1 1 4 6 9 10 12 15 18 18 27
BB1W0X41_0W9maF8IfBYro0o3HKCYCGDb6ZaG52y8,11,plain,none,mixed,1 1 1 5 9 12 14 14 14 22 28
BB1W18H34A8ZAG4oAF47m2H10ogsPXr4wiHn70D0u,11,plain,none,mixed,3 4 6 8 9 9 10 13 18 20 21
BB1W40e2M1PI1BtuC8K2D15Y88b1HnH6bDXj5uOYH,11,plain,none,mixed,1 1 3 3 8 11 15 15 17 19 28
BB1W2K6QPX2454K9F1a2H690Y2AogI5WaE0WA2OOA,11,plain,none,mixed,1 3 5 5 8 8 9 10 18 25 29
BB1W0M59ng40qG0GmX24eHGHYAGGn9qdTRaXi0G0W,11,plain,none,mixed,1 3 4 4 6 10 12 12 14 26 29
BB1W4IXArhKXGOW5J9C3m95A9e698XH6X144Bm409,11,plain,none,mixed,1 3 3 7 7 8 10 15 17 18 32
BB1W2GI0ZY4BWI8euZWMHY0KX9q6QfQoDG34GGX23,11,plain,none,mixed,1 3 3 5 7 11 13 14 14 21 29
BB1W24_Wo28OGJgDamUX62998mL0k85GA11YXsA8m,11,plain,none,mixed,3 4 5 6 7 9 10 10 18 24 25
BB1W2BaH5g6IJ50QzkE8860EFPYKwVawE2OGH2H18,11,plain,none,mixed,1 1 7 10 10 11 14 15 16 17 19
BB1W9A1m50E1O20G-0q44O8188WU2W20wyaoh440G,11,plain,none,mixed,1 2 2 3 3 6 8 12 16 21 47
BB1W1428K0ujdqie6eeLJJ8G18685FR91WaspO2Hi,11,plain,none,mixed,1 4 4 5 6 8 10 18 20 20 25
BB1W1128eOiR1a50CTN4CGHGM1SnCCo98n214ZH3C,11,plain,none,mixed,1 2 4 4 6 9 10 18 19 21 27
BB1W4G3X4WYIvLammZo15YGmp8mh3CvP2A52H4WI2,11,plain,none,mixed,1 4 5 8 9 11 11 14 17 17 24
BB1W0Y20m3OP02UFJagY6m0I1H3L2584OwWI0c5eY,11,plain,none,mixed,1 1 2 3 5 8 10 17 20 22 32
BB1W085G5n1eAWJo9I220W2IeTXsIcIOh5iK9nT0a,11,plain,none,mixed,2 4 5 5 6 9 12 14 18 22 24
BB1W42ORcjfT114lCyYK1m1011aefXA99SYmuGa11,11,plain,none,mixed,1 1 5 6 7 9 16 17 17 18 24
BB1W88ZBP3JWP-O3C88JHGY33qTLAXTkj6CvzaRIG,11,plain,none,mixed,1 4 5 9 9 10 13 13 17 20 20
BB1W0m6gOA3AAGQ4NaVv2CP0Xf6KtBe0A24AHsk92,11,plain,none,mixed,1 2 4 7 9 9 9 14 14 17 35
BB1W0WACFzSO9OeYeA2GQ40mYK1JUEfG4Gq4CI5oH,11,plain,none,mixed,1 1 2 7 7 8 9 12 15 18 41
BB1W2SHmacK4aA0v2An38aOGX5uKGWa0WK4BSmIGn,11,plain,none,mixed,2 2 4 6 10 11 12 16 17 19 22
BB1W2Y5e80WHXILOOL8II90G104wGTfM-LKDG40Wu,11,plain,none,mixed,1 1 2 3 6 8 9 16 17 20 38
BB1W21X2P7mPYEEl8mb1YA44AeZ0Yr8BBnE8XA2GH,11,plain,none,mixed,1 1 2 10 10 12 12 14 15 20 24
BB1W1XH0y8yYGbaELQG080GGYaxZ26AYeNYL1G88W,11,plain,none,mixed,1 1 2 3 9 10 13 17 20 22 23
BB1W21K6GRi50cBo4G3mN0PY5Gb2g0KCmfnH9Wb0L,11,distinct,none,distinct,1 2 4 5 7 8 10 12 17 27 28
BB1W202OZ2IGLkc-XdXWkeG2GA6JIzB68XariXRL1,11,plain,none,mixed,1 5 6 7 9 10 10 16 17 20 20
BB1W06N9WE0P1O9Xe5ceCXYGAM89Qf2Mg3O9Wf34G,11,plain,none,mixed,1 1 4 5 10 11 11 12 12 18 36
BB1W0Y0iM2c79WY340v4GmWaIGA8R72sIvncA1YAG,11,plain,none,mixed,1 1 3 4 7 9 13 14 16 19 34
BB1W0qI29uangc5OHrmZ2GG4bIYM4OC4oH8eMKW4C,11,plain,none,mixed,1 2 4 6 6 11 11 17 19 20 24
BB1W818H18qQkdQ88S82WK0Y9Wy4bYNF0a3OYII8K,11,plain,none,mixed,1 1 4 5 5 9 14 15 18 20 29
BB1W09NgIW514oaoAf6h44IeyW3u0QoRQ-320AeY2,11,plain,none,mixed,1 3 3 5 5 6 10 12 16 22 38
BB1W82CHH2cBObK5n860O712C4v282X406GSYGg2m,11,plain,none,mixed,1 1 4 4 7 9 10 14 16 23 32
BB1W54JAGngeQAXA5i8iX54ab1488j_OcX9WY0Ya4,11,plain,none,mixed,2 5 5 5 6 8 10 12 20 21 27
BB1WA0P384Gf0I1b1q8GH0iaDmJ2S9OyuAGK0W2GG,11,plain,none,mixed,1 1 3 4 5 8 10 12 14 28 35
BB1W6i9mP-HSKIfVeMjAq80K21Y5oKHfHIHn8XC14,11,plain,none,mixed,1 3 5 7 9 12 12 16 17 19 20
BB1W3IDrOaI9YH521y6mOP0I1uM4828OY8LerH0e8,11,plain,none,mixed,1 4 4 5 6 9 10 14 16 24 28
BB1W03WHX8aYG41hBCOYH2Y8M1O4ZYG3yCGeWW4e5,11,plain,none,mixed,1 1 1 2 5 5 12 17 22 27 28
BB1W0W4SQ0g8GH9XPZc2aA4bIB8KwDGKfGaAbbcQ0,11,plain,none,mixed,3 4 4 5 8 11 11 13 17 21 24
BB1W4HeOX021ucH218AAmMXegZg84GO1oHvGR250a,11,plain,none,mixed,3 3 4 5 5 5 5 14 21 23 33
BB1W1G3O5iiAEGoY4WH1P8aK2m702OwO9WLEaWm2I,11,plain,none,mixed,2 3 3 5 6 7 11 17 18 23 26
BB1W02040w4beMFY5m2WG30g2G8Ws249qoYoFx82W,11,plain,none,mixed,1 1 2 4 6 9 11 14 21 24 28
BB1W0K2l4CyM68eO48Pn28eI4W208HjviG-QroP42,11,plain,none,mixed,1 2 4 4 5 6 9 20 22 24 24
BB1W080G1l9dmHo7IH8fMG8eY34Wc0x54ChI6Lw48,11,plain,none,mixed,2 2 3 6 8 11 11 15 16 18 29
BB1W42UAPCu0G1q4iJC2E8XK1QOIYe6CGHZ5J88GH,11,plain,none,mixed,1 1 2 5 9 9 14 15 15 16 34
BB1WAKmIAJKHAb7qH8YOA3eeGIsvY7G4cXC4EmXa0,11,plain,none,mixed,1 2 3 7 9 10 13 15 19 21 21
BB1W8OGWKKP957a4oX54KoW189U1m104tM2j90e4W,11,plain,none,mixed,1 1 3 6 8 9 13 16 17 19 28
BB1W18ef3KKNXWg4aI4aCCp40IK6QH42GmfWxuY48,11,plain,none,mixed,1 1 5 8 8 11 13 14 17 21 22
BB1WE89Wf4mp05WG0u5WC0mmAWA080WI2dcL2W4WI,11,plain,none,mixed,1 1 3 3 6 8 8 11 15 25 40
BB1W146Zm10KHQ15-p2W80L62IKWnCa1W6CpKvI5H,11,plain,none,mixed,1 1 7 9 9 10 10 11 12 25 26
BB1W25WGD3yrCc8OHA4IIC1KOlaCi1HH4fHj2qGea,11,plain,none,mixed,1 3 4 5 7 7 10 16 18 25 25
BB1WA0uB5YI5Wn5OeEGn9880g8PWPGg2f4bvCc0u9,11,plain,none,mixed,2 2 3 3 9 12 12 17 18 19 24
BB1W64eDDBaT5qGG1Ja6G204lKH5X4KDL34CaHH8q,11,distinct,none,distinct,1 2 3 4 10 12 14 16 18 20 21
BB1W0808Frvc2e68gXhgg881XV8ag18H4KS2eIWD0,11,plain,none,mixed,2 2 3 4 4 5 8 13 15 32 33
BB1W4O9OCmK18228Q42GH4a50KXn2498tBqWk1028,11,plain,none,mixed,1 1 3 4 5 8 9 9 19 29 33
BB1W5WQ09J61Hw8WuW9mb8IH9KMYbJbNX64a4KWq4,11,plain,none,mixed,2 3 3 5 11 12 13 14 15 21 22
BB1W8XYGEWI1Ik2JF0888H14WX2050OBP0omz324O,11,plain,none,mixed,1 1 2 3 4 5 11 12 24 28 30
BB1W24CCekHFWFDN0a3IJ80IYI4gA5G906nZaqrj1,11,distinct,none,distinct,1 5 6 7 8 9 11 12 13 20 29
BB1W246XZ84veWOC2O4OIJ92cnD78SX2mIAmNHEaC,11,plain,none,mixed,1 3 3 5 8 8 9 13 16 24 31
BB1W5Af5K1Q4GuG94KCGX68aEGH380T3gV2aEYAK2,11,plain,none,mixed,1 3 3 4 5 13 13 15 17 21 26
BB1W18okb2F2CacHP52R64ma8JGLOjWI1X17KIbqX,11,plain,none,mixed,1 5 7 7 9 9 10 12 16 22 23
BB1W20yVHCqKug2m50C0JWWGO0E3o1a8eKHXa58eX,11,plain,none,mixed,1 1 1 5 7 9 9 10 22 24 32
BB1W0mX020HXHB8qP9a4D87GWw0C208YXjWL4uGZ0,11,plain,none,mixed,1 1 1 3 5 5 8 19 20 21 37
BB1W31N7UGKoGMXG3W40G2nG3WY082eaNBAHZ242G,11,plain,none,mixed,1 1 1 3 6 8 13 15 17 25 31
BB1W3GI2aAGA15L83GKuWI3Ge1IYY2U_860O2G9WI,11,plain,none,mixed,1 1 2 3 6 10 11 11 17 29 30
BB1WCDbKcSQGPz144iGGdB1G20f38OJY2KLT2OYG2,11,plain,none,mixed,2 2 5 5 7 8 10 17 19 20 26
BB1W4IKb2Tf47XY7WGXW914eXUYwA68KZIHA6IQWH,11,plain,none,mixed,1 7 7 8 9 9 9 12 17 17 25
BB1W228EY2m67u0qiTA0a30eaUIWL1CCWqLNKYH4e,11,plain,none,mixed,1 3 7 11 11 12 13 14 15 16 18
BB1W4YAI48W60K164i9XAWae5Xs4OGMRH14En12K5,11,plain,none,mixed,1 5 5 5 6 7 9 12 17 22 32
BB1W48MAlExAH248n57562P2H5Q1083I8RC2-OP2e,11,plain,none,mixed,2 4 5 7 8 8 10 11 13 21 32
BB1W0X0XI5dGXoAc34HGoKm8GvHXA1Vi2pnU94Ig2,11,plain,none,mixed,1 2 2 3 5 11 14 17 19 22 25
BB1W4aU9WkIcCh2a64eDXQ8WGY62RqW50a2WeWAHc,11,plain,none,mixed,1 3 3 7 10 10 10 16 18 19 24
BB1W91e4WYU4mVmGV060HAA144GYHHP6Kb22598mI,11,distinct,none,distinct,1 2 3 5 6 9 11 17 18 23 26
BB1W2IG8Gb8Ke4SSXA53C2Wa2Qo98H34AQAJfmU18,11,plain,none,mixed,1 1 3 6 11 11 12 13 17 18 28
BB1W4WIQOLdBZYC-Jc1G4512YaK1K0H6KC1CvCIq3,11,plain,none,mixed,1 1 2 3 5 6 9 16 16 21 41
BB1W8W61Amo3GmZCDOL0f2QX24GH88AIXoXH7f3oC,11,plain,none,mixed,1 2 4 7 9 9 10 11 17 18 33
BB1W14g5Gf5J15j04bI0qOG4lAZND5Ya64eQkhMYM,11,plain,none,mixed,1 6 6 7 8 9 10 13 16 21 24
BB1W0bYOX54hlnSb48GK1GhG0eDDarv24GGWMYHG8,11,plain,none,mixed,1 2 3 5 5 11 12 17 18 18 29
BB1W4GI58YYKEGMaQOYaw2G5GbD8L1KWO1G41bD94,11,plain,none,mixed,4 6 7 7 7 9 9 12 12 13 35
BB1W0ui1_5_CcH1fAh8GX9G5iWcOYyJ4N14q4KYGq,11,plain,none,mixed,1 1 3 5 6 14 15 15 16 20 25
BB1W8P0e5b2B8gHa490Y4CWWA0aQTQei184H9gi2G,11,plain,none,mixed,1 3 5 5 5 6 14 15 17 24 26
BB1W4GY12Afen5K9V1uWMD1WCW88gIYsXVXM5KK2e,11,plain,none,mixed,1 2 3 3 6 6 15 18 19 19 29
BB1W20e3u3WZ2qQUOXI0B0n0hAq8Pam5020Q0i4GY,11,plain,none,mixed,1 3 3 3 4 4 12 12 13 25 41
BB1W8H5cjYYCAXU431y0D0beeAXJAXCG8Yk9YB8WH,11,plain,none,mixed,1 1 5 7 9 11 12 16 16 17 26
BB1W62OeITCnDNsX8ZdkT048I4Gc7DitJ4HfDncXW,11,plain,none,mixed,1 2 4 10 11 12 12 12 13 21 23
BB1W1e40e2v9eyW40Bv13G8GX44D5KYbIj0q2uKII,11,plain,none,mixed,2 2 3 5 8 9 12 14 15 24 27
BB1W0ImS60G6Z3f1e48V1919e9JfFb7I6uCmI1481,11,plain,none,mixed,1 3 3 4 4 5 8 14 20 23 36
BB1W0Y4WJqN6B8t05Wa28OGa2W4aLAuCWJh1m1K2W,11,plain,none,mixed,1 1 2 4 8 11 12 14 16 18 34
BB1W0208HHCChKoOIWGCG918qIJrH0M1u92GL146W,11,plain,none,mixed,1 1 4 4 8 9 9 12 17 26 30
BB1W9ecI18aI4UeqZGc44885182iB4S8Wigc74O0W,11,plain,none,mixed,1 2 2 7 10 12 14 14 16 17 26
BB1W0HWKXIFp3q24GW3GY32G4GMmD0a4ULgQCGHq1,11,plain,none,mixed,1 1 1 2 9 9 11 13 24 25 25
BB1W18GIgWaegdWAmhaUZA4579iJK5G98fDWT05mG,11,plain,none,mixed,1 3 3 7 7 12 13 16 16 18 25
BB1W0A46GHaDc5xHDoKPaGXe0j2mS91eAo3b1-Bp1,11,plain,none,mixed,1 1 4 4 9 9 10 19 21 21 22
BB1WC2iGzZjEeQXcU5AGG0WGb2qY904GOXmGqWY1A,11,plain,none,mixed,2 2 3 4 8 8 9 16 17 25 27
BB1W0Ce10KnBXLQWn32G44J0uJsaCGW9WH9Y58Kaq,11,plain,none,mixed,1 1 1 4 6 7 8 14 17 27 35
BB1W28K9H145ebkfX1GZg0h0yN8sfX15iBvKsG408,11,plain,none,mixed,2 2 5 6 7 8 15 17 18 18 23
BB1WCYXA38LWXD0a6BKXuO010YXM5OQYLqXnOaWn3,11,plain,none,mixed,1 3 4 8 9 10 10 15 16 17 28
BB1WD080W1EB-n29yu5GE0W68a2Yn1u5WFY19aFXK,11,plain,none,mixed,1 3 4 6 6 7 8 14 17 25 30
BB1WAWRa9my4mE27_3W6040282Ga5HuMIc4uGWaA8,11,plain,none,mixed,2 3 3 5 7 8 8 11 13 30 31
BB1W161v91d64XLBA0tG51430CPniiConAuzKWa0C,11,plain,none,mixed,2 3 3 5 5 12 13 16 17 20 25
BB1W0570dDMOqbYK9kS7WX0P2Z49nO4GUuCC1GwA4,11,plain,none,mixed,1 1 3 4 8 11 14 15 19 19 26
BB1W2IvBnW6JGjXE4e6sgGemP1A8aKLKS4G8I0GX4,11,plain,none,mixed,2 5 6 7 7 8 10 11 12 23 30
BB1W0O2aaKO5BKcaKoS4m90CWaDDMaaZbZ14508AW,11,plain,none,mixed,1 2 6 7 9 11 11 12 17 22 23
BB1W1411ugH2PKSfm910Q14KY6I1OBmnZwlvRyS29,11,plain,none,mixed,1 4 4 5 6 12 13 14 15 15 32
BB1W0ez98WJ0me33gb9Bb3A247eLegvQ2OOjaWKIE,11,plain,none,mixed,1 3 7 8 9 10 11 11 12 24 25
BB1W4HH976q2H554WGsYCE0A0a4mZ2J7D5IIGU0O1,11,plain,none,mixed,1 1 7 7 8 8 10 14 19 21 25
BB1W0O1uA0I6aonA7KaOWn040J18918USA78iHB5I,11,distinct,none,distinct,1 2 5 7 8 9 12 14 16 17 30
BB1WD0K0IbiP9paeIaegX44Wg1HLH2r6GH4eTX3a4,11,plain,none,mixed,1 4 4 9 11 11 14 15 15 18 19
BB1W2148GO69QM2KiNoa8G8m1w7o8YS9mn3p2Ve0i,11,plain,none,mixed,1 1 3 8 8 11 13 16 17 20 23
BB1W8XE8C4mMdKN8S8GGI8o48WeHaR32DSKOHc5X2,11,plain,none,mixed,1 4 5 5 9 9 13 14 20 20 21
BB1W0259Q6fo8Y4FH4x3nmX9557GWO4s6RiroiKoC,11,plain,none,mixed,1 1 5 7 8 9 14 15 16 19 26
BB1W020Z2QjQYziz4aYM9g025n9eB0G8aiR8g0a51,11,plain,none,mixed,1 2 3 6 6 9 11 15 18 18 32
BB1WA26X68lSXnC89ebXc0YK28KZ4f1O8Yg_amWH1,11,plain,none,mixed,1 2 3 6 9 9 12 16 19 21 23
BB1W0d8G91Y1MB_kP8bZYY89GC134VA6W8WAEIG0G,11,plain,none,mixed,1 1 1 4 11 12 13 13 17 19 29
BB1W0IWk5tcX622GGI1AW424pM5eWH1CBUXAGIH2a,11,plain,none,mixed,1 4 5 6 6 6 10 16 18 19 30
BB1W0A6dTKw8XrC80H12894d4CE8a8W61KIwGZo19,11,plain,none,mixed,1 1 6 8 8 9 12 14 15 18 29
BB1W80G4Mk81G4Ye08UYyOGLAKLLZYC95n3PBfYA8,11,plain,none,mixed,1 1 3 9 9 10 10 13 19 22 24
BB1WA41YGebaIikYP6m90H12ALeWeb5QsaEGR0Y1C,11,plain,none,mixed,1 2 5 7 9 10 10 15 16 18 28
BB1W48QHCKpQvZ77cb4U48W0WDGcGfMFfFD12eab4,11,plain,none,mixed,1 2 4 8 9 10 11 17 17 18 24
BB1W4COTeRpS6mBnuTX54Wa13f2Z0k9b6YI9OYH0n,11,plain,none,mixed,1 4 6 8 10 10 12 12 14 21 23
BB1W5AaeSWC2YYCuAK41D3M8C8HX92dLPoHA8G10A,11,plain,none,mixed,2 2 3 5 7 8 12 18 20 21 23
BB1W2188v2a8dk3Wp3f18OG4We1iZKM6WL17O2W3W,11,plain,none,mixed,1 1 5 6 6 10 11 12 17 20 32
BB1W50Y5xBg65CIH8mZ9GuWaFJ69CPI68Iq28WICG,11,plain,none,mixed,1 1 5 6 9 11 15 16 16 18 23
BB1W2HC0cA9ciY4OH240AE08Y490SSmr5on1448g2,11,plain,none,mixed,1 1 1 7 8 11 12 13 19 24 24
BB1W2X94haaaYM4e9Gn52aG4HH8eX3Kvme588D040,11,distinct,none,distinct,1 2 6 7 9 10 12 13 15 18 28
BB1W94JpEZ8A142GZ3g1H54YC2BGIgAEgH42G8WY1,11,plain,none,mixed,1 4 4 7 8 10 11 11 14 19 32
BB1W284WaP2MAb4sdcIWg9CWXu43yJRAH2G830Z45,11,plain,none,mixed,1 5 6 8 10 10 11 11 13 21 25
BB1W2G5IX0I244gHAiS724X22O9lX62UmXYBekT90,11,plain,none,mixed,1 2 5 8 9 9 12 14 18 18 25
BB1W1C3BGjEz6KH043GD3I85412GPCHH2G20a0mYH,11,plain,none,mixed,1 3 4 4 4 7 7 16 17 18 40
BB1W0G4ybACQmj4eAH8YJPGmH13v184bBu0uWL0e1,11,plain,none,mixed,1 2 3 4 9 11 16 16 16 19 24
BB1W1GF1K78L0quqZXgscKY18GtGWOHHGn0B1490I,11,plain,none,mixed,2 3 4 7 8 8 10 12 14 22 31
BB1W3e2SEE8D0vJu8lsX1K4X128MGmCBHIeOIY9aO,11,distinct,none,distinct,1 2 5 6 7 8 10 15 18 24 25
BB1W98cY-6AA62Xv68K168842m714I2lRQ208CVWc,11,plain,none,mixed,1 3 4 5 5 9 9 15 19 19 32
BB1W040W6H447GZ4lobCY604Ge1i4I58f1E8L9SMH,11,plain,none,mixed,1 1 7 7 9 9 9 11 13 22 32
BB1W0L1QRSW28heGmZCKY4H0XO94eKXPIdic9Vn12,11,plain,none,mixed,2 4 5 8 9 9 15 16 17 18 18
BB1W8W24Ps2Hn10G4WXSbKI40J88nbBCW-2qKGX81,11,plain,none,mixed,1 1 1 5 7 9 15 15 19 21 27
BB1W48GYf8nE4w2O2W4WZ89G30S1IKP5uY6a2G8J2,11,distinct,none,distinct,1 2 3 5 6 8 14 15 16 23 28
BB1W2H50U198X40Y864TWA09GY1EVazBP82080c9I,11,plain,none,mixed,1 2 4 4 4 6 9 14 16 22 39
BB1W90K1Q4e9aN5gA0d5EK9CCm6e92ELP1093u91a,11,plain,none,mixed,1 3 7 7 7 8 10 12 16 21 29
BB1W40802OMevAaIX9EYYa0Y0jYDOLXLHaZa4GWK1,11,distinct,none,distinct,1 3 6 7 8 10 14 15 17 19 21
BB1W54a4n1YIosZ58KKGcb44CXM4xII345XM-74m4,11,plain,none,mixed,2 3 4 6 6 12 13 16 18 20 21
BB1W01eGH176SL8X142G70eACmp0C5mIX54JZAaGY,11,plain,none,mixed,1 2 3 3 5 8 11 13 15 28 32
BB1W2av98HE4WC2O4eKCG250e1OCcpvqaT28aXZ0D,11,distinct,none,distinct,1 2 5 6 7 8 10 15 17 22 28
BB1W8m76g5mXA1UrD0-ZYGGWF8n6WL95HgWi0KOjA,11,plain,none,mixed,1 4 5 5 5 5 9 13 17 24 33
BB1W8W1jL0Y5pe2W4WE0e4Ia2WH1A3bifBj1g1O9W,11,plain,none,mixed,1 1 6 8 8 8 10 13 14 22 30
BB1W1n0mg1J93QBn4MN8C0n2KaHGxAAIBl68eIH2G,11,plain,none,mixed,1 5 9 9 9 11 12 14 15 17 19
BB1W0YwZ9QAyJxB8GX3omoG291Pg2PHE8u-5r9b0I,11,plain,none,mixed,1 4 6 9 10 12 12 15 15 17 20
BB1W24EHP214qnA9mu40I2O404OYyAm34D18BKkWA,11,plain,none,mixed,1 1 2 3 4 9 14 15 21 23 28
BB1W34YH9oXzHhof50DkCB18j1f829aWkQv19H8XA,11,plain,none,mixed,1 4 4 5 8 9 9 17 18 22 24
BB1W0fN1TEu1PgCaJbD1268q18YAqXG6F2Nr2iI94,11,plain,none,mixed,1 1 4 5 10 13 14 16 16 19 22
BB1W01DazWvlbZ8SpBCQ114oImAgMIvHEA6WGXX0X,11,distinct,none,distinct,1 3 4 5 6 9 10 17 18 22 26
BB1W0A182W7CoCa2xS61W20H1u6mH0d1h8ZaAWH28,11,plain,none,mixed,1 1 1 7 7 7 10 17 18 20 32
BB1W10S1MGs68RnCFn14Qn0W21WH23K8XHZX5Ce4m,11,plain,none,mixed,1 1 2 3 5 9 13 18 20 21 28
BB1WCa4XY187G90qMG9GX1aYA8GHX8e54QPe080W4,11,plain,none,mixed,1 1 2 3 6 10 14 15 19 21 29
BB1W0G0Wu1G8GAOmYSn2PH14a6GTu2cQBUHQ3GE0d,11,plain,none,mixed,1 1 5 5 8 10 11 12 14 23 31
BB1W82MWa4WKoPvHr6Yut0uGPeOG1j2F5Pv2X0909,11,plain,none,mixed,1 3 3 4 7 8 13 14 17 23 28
BB1W020K30AI4XsINaCfo48CWn4KRHg64U4qgIN50,11,plain,none,mixed,3 5 7 7 9 9 11 11 13 13 33
BB1W0Y24qc4_04UYaaYC2m8KWi9PB3CRGH1A8hc2a,11,plain,none,mixed,2 4 4 5 7 11 13 18 18 19 20
BB1W0Wy3aI954p1KU8PHGH292aYqsV8Sei1W4uGaa,11,plain,none,mixed,1 3 7 8 9 11 11 12 18 20 21
BB1W11aH0mIL8f8a5YJeE4730JVDmoiBm50PoImL0,11,distinct,none,distinct,1 2 3 4 5 6 15 17 19 23 26
BB1WB1eb28Gp2e3GriL488952eMSJfGZ2XW90y2a6,11,plain,none,mixed,2 2 4 6 8 9 10 10 17 17 36
BB1W4166v4GIwOf-AO6Gf2mY4Ww2hAa5Oo2qK51K4,11,plain,none,mixed,2 2 4 5 8 8 10 17 17 23 25
BB1W10K2WE06ZJD84uMW60f25WiZI0Y48H0d1e50K,11,plain,none,mixed,1 3 3 5 6 6 8 12 13 26 38
BB1W389Wfk0A0q3G4Wy5f94G204Ep3XII3q88X24A,11,plain,none,mixed,1 2 4 8 9 9 9 11 16 22 30
BB1W4aeHE4JH12PacGIGf361iIOAWgIHGzLG4GX1m,11,distinct,none,distinct,1 2 5 8 10 11 12 14 16 18 24
BB1W32I5H5XM31MgdAf0K4T8aQX83CX9Cd2KQJiHG,11,plain,none,mixed,1 5 5 6 7 7 7 12 12 16 43
BB1W51ma9y4GWFHD49u114AWb2AGegso3458I0hI6,11,plain,none,mixed,1 3 3 3 9 10 14 14 15 19 30
BB1W1016aX4uI0faJWe49X9079UuoAGeeZo831aQI,11,plain,none,mixed,1 1 2 3 3 13 16 16 20 22 24
BB1W48a8I0a0lqSG4GI30w224XnZAYL5GREgsOHXM,11,plain,none,mixed,1 2 3 5 13 13 13 15 16 18 22
BB1WAIL54aYHaLHiR1Y0910288IhA0GDGJGm1ZM0h,11,plain,none,mixed,1 2 4 4 6 8 17 18 18 19 24
BB1W0Z2nD1oh8BM8KXD2uJWO0WRDs4K25986h048W,11,plain,none,mixed,1 1 1 4 9 11 11 13 18 22 30
BB1WB0K2G2YI14YaR83G1I0IF8DMXI5BGY2E90R1f,11,plain,none,mixed,1 1 3 4 7 7 8 13 17 23 37
BB1W3GD3KBJKifJJ5CH4e9H010UDAWw0aL0t2Ga04,11,plain,none,mixed,2 3 5 6 9 10 10 12 16 23 25
BB1W49X0xZE24Cb8Wnm50e04CTGeJLSApd1OHmR8C,11,plain,none,mixed,1 3 4 5 7 8 14 14 21 21 23
BB1W0O9AP2ZqzeaZC4GI0e18J09Zvf8w0eB0w0A2I,11,distinct,none,distinct,1 3 5 6 7 8 11 12 14 17 37
BB1W0Y0m6mH3NDfH4p4BeY020c1O5GIa7NpOwH50i,11,plain,none,mixed,1 4 7 7 8 8 11 11 14 16 34
BB1W2K9OoAmQaj288Gp3PG4W1024XM2J8qLya9GaW,11,plain,none,mixed,1 2 5 7 11 12 12 14 18 19 20
BB1WB2aA4ehxB3AC0yH1g0a2eAbe8adOGv0I2OII4,11,plain,none,mixed,1 2 5 7 7 7 11 19 19 19 24
BB1W21D148G60B1030q1550WZ2KAH4zKM2ewWc2OA,11,plain,none,mixed,1 1 2 8 9 9 11 12 12 22 34
BB1W30w081G3e9CY61IK9X02CH0v3l49GDHG70I1D,11,plain,none,mixed,1 2 2 3 7 8 10 13 21 25 29
BB1W4MX2W8W55F1q9X1478559K6Lw6mKW90SY48XW,11,plain,none,mixed,1 1 3 4 7 8 10 16 19 24 28
BB1W0H4ScGCE0XGQzBoHHK1Gr9K8sEnz5Lb8hXf4H,11,plain,none,mixed,2 2 5 8 9 10 12 13 18 19 23
BB1W0WF-K8KXeWo46ES2GeGWqaII3YAOI8L1jXXAu,11,plain,none,mixed,1 1 2 8 9 9 10 11 12 13 45
BB1W1I2YI8aau2LIg8aNQH1908186VY2wChHZ4HXo,11,plain,none,mixed,1 3 3 7 8 11 11 13 13 14 37
BB1W144WXDJXzA4e0e9f29nWaXSaI6BQrpV42CY0e,11,plain,none,mixed,1 4 5 7 9 9 14 15 16 17 24
BB1W2eCB8Wo3V95K8GH1d8qa4W9XbUA9a8OWa4OX0,11,plain,none,mixed,1 3 3 5 10 10 16 17 17 17 22
BB1W1a6XWf13K2eXXv8FW2WKY5G9WH2ppL9f0rlK5,11,distinct,none,distinct,1 2 3 4 5 8 9 11 15 31 32
BB1W2G2XHx5SI18AAK2J0C1I6eCY9k68gYcS8H71I,11,plain,none,mixed,2 3 4 6 9 12 12 13 17 19 24
BB1W48Gov1HA4m2u0G6X956YE88XO0oSf5OE88XXa,11,distinct,none,distinct,1 2 3 4 6 7 11 14 17 26 30
BB1W808xI8HExecA74IHCXm4TWiXg197Kl92I2IB2,11,plain,none,mixed,1 1 2 8 8 8 14 14 20 20 25
BB1W0Y54cONWb3dKX45NW24HIf8f4OAWfL2a5ggW3,11,plain,none,mixed,1 6 7 8 9 12 13 13 13 15 24
BB1W24u8Wb2abM32wJGh18AWNeXOYGS1081GbmGnY,11,distinct,none,distinct,1 3 4 5 7 9 12 13 14 26 27
BB1W0GKc4KY9WKIa68OIpmIKVGb6Ea4T7GuZZgzH1,11,plain,none,mixed,1 5 6 7 9 9 9 15 18 19 23
BB1W1agI104JqHiKoOIO88Ga87dTTj4InL4n5mP02,11,plain,none,mixed,1 1 3 6 8 10 14 15 15 21 27
BB1W1WBWA24IKnCagWMD348HHI3dvNmGI0YA184Ho,11,plain,none,mixed,1 3 3 5 7 10 12 18 18 21 23
BB1W2GK0KIIABi44WP74G9b44yX4aAGk154NGbfGa,11,plain,none,mixed,1 1 3 5 7 10 12 17 19 21 25
BB1W30Tnn172O9fJ8qyrfeE4898eYPSWb5uO1man0,11,plain,none,mixed,1 3 4 5 10 10 15 15 18 19 21
BB1W4Xa0WRjgXI678H0XtAX2Ae9PSw0288IH5OISI,11,plain,none,mixed,1 3 3 6 6 8 12 13 15 26 28
BB1W1Wi0W2ZAGL0Nv220J298eeYHgAO3a3W870gXn,11,plain,none,mixed,1 3 4 4 6 6 11 13 19 21 33
BB1W4W3YW51i46oIOmLu74T23hYVryoJA74WIX564,11,plain,none,mixed,3 3 3 9 11 11 11 13 15 19 23
BB1W1930K1AWgYf4PGr0K9031a6WKzF4-mJHD0080,11,plain,none,mixed,1 2 2 3 4 9 11 13 20 20 36
BB1W2OvXg0MeaoIqae2020bH8iAmP1OSW6379yL15,11,plain,none,mixed,1 6 6 7 8 9 11 14 14 19 26
BB1W8WY0P7aI0LLL1890KGma6GMbgLX6SIH8IHA4G,11,distinct,none,distinct,2 4 5 7 8 10 12 13 17 18 25
BB1W8GgYn9gA020G2XZw8euP2cA2HE46YU74KDX62,11,plain,none,mixed,1 4 4 5 9 9 9 14 17 23 26
BB1W0EO54iA0m3tG5bIBGHWr1NWf4K4GGbv85ZA0K,11,plain,none,mixed,1 1 1 5 10 10 11 12 16 25 29
BB1W1G51w8e14MXXXIagB88HICOmY4W7XKWX2qEH2,11,distinct,none,distinct,1 2 3 7 8 10 12 14 20 21 23
BB1W51301G92I978ZifIZGE98O1438SKcHQPq_I48,11,plain,none,mixed,2 4 4 5 7 10 11 12 13 15 38
BB1W34Wg2fbG8WQ4C8Y1E58I8OdWIg4iInH5juS30,11,distinct,none,distinct,1 2 4 6 9 10 11 14 17 22 25
BB1W0e509WWY2jWXI5KAG2mM0h244iKIN44HA1a6C,11,plain,none,mixed,1 1 2 2 4 10 14 15 20 25 27
BB1W41B4ja893KV0C1GPoXG80gkmC0Hf8K2GH5aYa,11,plain,none,mixed,2 2 3 4 6 9 13 13 14 27 28
BB1W0a6GGYKlG1G2m8n4anG9194OfF2A4O1WPG40W,11,plain,none,mixed,1 1 2 5 7 8 13 14 16 17 37
BB1W0m30A1LAHTKYCWf8i9820B2iO3S9DOZj7WOIH,11,plain,none,mixed,2 3 5 6 6 10 13 15 16 19 26
BB1W0oufZGC3GDeae7fOO816858E3OD4E4HIHmB6Y,11,plain,none,mixed,1 1 6 7 7 8 8 13 14 16 40
BB1W41LYPkvYAGuaICK6Gc056D4OXymfLKBGqYb9e,11,plain,none,mixed,1 3 4 7 7 8 13 15 15 24 24
BB1W4WKObwGPLg28f3H64eWWXDHWnl4VGd2ba0m4W,11,plain,none,mixed,3 4 7 8 10 11 12 13 13 15 25
BB1W3WG0GKDKgXhIX634Mf010Zy5w8G105YqEKpa2,11,plain,none,mixed,1 2 2 3 4 8 10 13 16 26 36
BB1W942W8XD2CLKXGwXmC121021u6BeBWcTMUaIo5,11,plain,none,mixed,1 5 6 6 7 9 9 11 11 24 32
BB1W83IXK54wA91If8ZkXX4M866KI5GXFXg2dG8eW,11,plain,none,mixed,1 1 2 7 10 11 15 15 17 20 22
BB1W04W91PZE8xPMHGHWu42bbUDegY53O8GIwGUaA,11,plain,none,mixed,3 4 7 7 7 8 8 13 13 20 31
BB1W11SHGX1GOY24Q2M881WbIKdXH164eJHuq2e3W,11,plain,none,mixed,1 1 2 5 6 9 12 17 17 23 28
BB1W1K38ZfYnGaaL0u78iamYWe71mE149B6Wt0704,11,distinct,none,distinct,1 2 5 6 7 9 12 14 16 17 32
BB1W18-0opLonIafYqopY2s85CaH0RqOfIg9gJ4v0,11,plain,none,mixed,1 4 6 9 9 11 13 14 15 16 23
BB1W422AJBKAIE0B1WI39WP5XdcUXT41Gw5fGW4GA,11,plain,none,mixed,3 3 4 5 6 12 13 14 20 20 21
BB1W1Zb538WH0eZCMpC144A172InB0wj1jYcJ740G,11,plain,none,mixed,1 2 3 7 9 13 15 15 16 18 22
BB1W0akBWXKgiB1I64Kaa2gmaYAEGsHEuE1PgeNGn,11,plain,none,mixed,2 2 7 7 9 10 10 13 14 22 25
BB1W4G4AXY54catYJH2452XeGHX7QGH1o997meeWH,11,plain,none,mixed,1 1 5 6 9 11 12 15 17 18 26
BB1W5WM1e4PTKu9w2B5844K20LJCmsABOo1G3G925,11,plain,none,mixed,1 1 2 6 8 10 14 15 20 21 23
BB1W0mUX0v4e8gGX0G20G1oCAGP2u4W3YEaTTGj4C,11,plain,none,mixed,1 2 6 7 8 8 8 10 13 24 34
BB1W42eE8o32nCVCuv410G6D2WfDptK1G9XI6QAXR,11,distinct,none,distinct,1 2 5 7 8 9 12 14 16 21 26
BB1W289128r2mG6Hf2K88aHK6PP4XIo5BoWf8WY1O,11,plain,none,mixed,1 3 3 6 6 13 16 17 17 18 21
BB1W4554HE95aTE0u1G30AOa14fAL2HB3mEW94a4m,11,plain,none,mixed,1 1 2 7 9 10 11 12 12 18 38
BB1W3mv5qHNS-r8CMLJw81X8OhC44i8GGTGA8898A,11,plain,none,mixed,1 1 2 6 7 9 14 15 17 21 28
BB1W0W2duZHL4f2O6GP1IZ0mL0A1Q317eaEOwAeL1,11,plain,none,mixed,1 2 6 6 11 12 13 15 15 16 24
BB1W182kC0W20g0r8ONGi0neGX247ORA9F8PW93eG,11,plain,none,mixed,1 1 2 5 6 10 10 12 20 25 29
BB1W3OdWU1erXYvGmh4G90r89IWWE88CWFWf2W50a,11,plain,none,mixed,1 3 4 4 6 10 11 11 21 21 29
BB1W0MMeAXfwc7DGfA8Oj2Y0v4JnKA82o62Qga9I2,11,plain,none,mixed,1 1 6 6 13 13 14 14 17 18 18
BB1W081G90cvBAHAb8X284aJ0O4WRHmI2R9EOXD45,11,plain,none,mixed,1 1 7 9 10 11 12 13 13 19 25
BB1W0XI2I54KA0H2C8WXw8gcEu3WDq2G50Y248C8G,11,plain,none,mixed,1 3 4 5 5 6 10 13 15 21 38
BB1W42M48oVLW8ZqWX2a21WZ2CUbCPfD4A2B5Ff1a,11,plain,none,mixed,1 1 5 8 10 11 14 14 15 21 21
BB1W24yYI3uFemXScmeRYXH0AEOwEGc8aC945K1W4,11,plain,none,mixed,1 5 6 6 7 8 14 14 15 20 25
BB1W2GmG73LTbcYKH3S70G2Hb0XeWGa2B6B89Wk0u,11,distinct,none,distinct,1 2 3 4 5 9 13 14 16 26 28
BB1WA84KYaGo2qC0imLXIGQ110BdfIPFaZE88D184,11,plain,none,mixed,1 1 6 7 8 9 12 12 15 16 34
BB1W4Y0814PHaciGHiy10Q0M10hMWg588J2KHGA2a,11,plain,none,mixed,1 1 1 2 3 12 15 19 20 21 26
BB1W8G92d653G0O4JLJO0W0aEAqH146MeZa8B8iXA,11,distinct,none,distinct,1 2 3 4 5 7 8 13 15 25 38
BB1W6AesiHOTQJv0u0e9WQ0W8d4eho4G087Gj2q1W,11,plain,none,mixed,2 3 3 4 4 5 8 8 20 22 42
BB1W0K1891GRWH1Ogb4OXWaIH66GI3mJynImm2088,11,plain,none,mixed,1 1 3 4 4 8 11 14 18 21 36
BB1W3489X8faQPpw5z484WW82IHIZ3W8WaX7vWr1e,11,plain,none,mixed,1 3 4 9 10 12 12 13 16 20 21
BB1W0ACieab2C8nOuWYff54In48Y0aQIbCGaEHaf0,11,plain,none,mixed,1 3 3 4 4 9 12 15 18 20 32
BB1W0YcWi2nWKXMshGi0sc119fd70u2L1HP5YeCI1,11,plain,none,mixed,2 3 3 6 6 11 13 16 17 17 27
BB1W118aAIY9036Wf1HkW64CWz2hbMIDWj8KYAv1b,11,plain,none,mixed,1 5 6 6 7 12 13 15 16 18 22
BB1W08CiKu3WX11CY0L8F8X3cfPcc4EGfZBsiaIe9,11,plain,none,mixed,1 4 5 6 7 13 13 13 14 20 25
BB1W2GN86GHVH2I4Heb8aaG0G2rv995IPA2qDpq8m,11,plain,none,mixed,1 1 6 7 10 10 10 11 14 18 33
BB1W0O080KOGXeLLSqGHXGGY285KQHo56YQbh5iGI,11,distinct,none,distinct,1 3 4 5 7 8 13 15 16 20 29
BB1W2G8dYI1O40GTYQgcP1mo72I41040g4IC94cuW,11,plain,none,mixed,1 1 4 5 7 7 9 10 11 15 51
BB1WAGF0u0WP0KZ8SL3XD4EC0m5evf0K040T1C90g,11,plain,none,mixed,1 2 2 6 6 7 9 15 17 26 30
BB1W8IA8sHP7cog5Gd60L8I18gY0cL9Yb30Q15CGM,11,plain,none,mixed,1 2 4 8 8 9 11 12 20 23 23
BB1WA288Xq48aO0w2OC0uJY4GHD0C0W2WDXSL1n0a,11,plain,none,mixed,1 1 2 2 7 10 14 16 17 24 27
BB1W2QmeCme4W96IeiHt9c2149Xg5Pmn5YGc18Y41,11,plain,none,mixed,1 3 4 4 5 10 11 15 15 24 29
BB1W0aGkJM9OHaLGO9m1mI5GJ1nBZ8H18ARfIc9JK,11,distinct,none,distinct,1 2 3 6 8 10 11 13 18 22 27
BB1W2GL0e19wdoYN84GHj8l4D0H3rGYS4sIA94g0G,11,plain,none,mixed,2 3 5 5 5 10 11 13 19 21 27
BB1W3mN0X-WX2n8OWw0IOA882Ir984GD5kctGiXa4,11,plain,none,mixed,1 2 3 5 7 10 11 11 21 23 27
BB1W2K890fyFXmK9JaDOAW8eJYKO5YM3gb9dg58a0,11,plain,none,mixed,1 2 2 5 8 12 14 16 17 20 24
BB1W060npX87S93YrBkHvYH2K28X5Wn4mOOajL9L0,11,plain,none,mixed,1 1 6 6 11 11 13 14 14 21 23
BB1W48X1OZRzMKY0J73K88m1DIRrX2KHYX15694cu,11,plain,none,mixed,1 2 2 6 7 10 11 15 17 21 29
BB1W8IAmUWI1yS1CoJaj0WG08CWL0ohn-gHnoG8X2,11,plain,none,mixed,1 1 3 3 8 9 10 11 17 18 40
BB1WA1K5nGI249EYBCd0XA0aA8HYXm74WWY4RPvW9,11,plain,none,mixed,1 2 2 5 5 5 12 15 16 19 39
BB1W0I2GAHG20hBauXY8408aIE88i1ej0a6geCWc2,11,plain,none,mixed,1 1 3 5 5 8 8 16 18 27 29
BB1W28HJ2SIbgOO2GGJ94244q8aGH0J2BefaMrjI4,11,plain,none,mixed,1 2 7 8 9 9 10 10 15 20 30
BB1W0XoAn6j285IEC1MCKHWGh1GGM7MBOa1FQI_8C,11,plain,none,mixed,1 2 3 11 11 11 11 14 15 18 24
BB1W88WGYKCCoDIM3XXKmY04KnVGIWg1K8kEIHF6A,11,plain,none,mixed,1 1 7 8 8 9 11 12 13 25 26
BB1W4CWgdB89WyWq2YA2eH0HC2GCC3WEL3Iep1040,11,plain,none,mixed,1 4 4 4 5 5 6 10 18 31 33
BB1W0kE54SYC8BZGRLHIcSOgHfMA55hPG68e12mX8,11,plain,none,mixed,1 2 4 6 6 8 12 16 16 24 26
BB1W2GCRHOd8W2WK1d5y9Z18HaU4mP1e2bxC9BP8f,11,plain,none,mixed,1 3 5 6 6 9 9 11 14 19 38
BB1W4G6Uh3DyH58eX254YXWe5Jo30AWJl39LOEWL1,11,plain,none,mixed,4 5 7 7 7 7 9 9 13 22 31
BB1W25ebM8WGar3KNL2YK0x134Ie4MbMavu42iB50,11,plain,none,mixed,1 1 2 5 7 12 12 15 18 22 26
BB1W44K68g9Ib4IQfqLGL2WH48bYn726CK2bgZE31,11,distinct,none,distinct,1 6 7 8 9 10 12 15 16 17 20
BB1WAeI98XH4Ga1qYFW3W26GXCie_HMCWC8maWn29,11,plain,none,mixed,1 1 6 8 10 10 10 13 13 22 27
BB1W042CDt698bZGD0N0Z80u3WA0XJJr2uhaHA0I3,11,distinct,none,distinct,1 2 4 5 6 9 11 18 19 21 25
BB1W4Xk1qAsdd4Ye8WT288WYEO3YRY8JOC1680S9G,11,plain,none,mixed,1 1 3 5 6 11 13 17 17 21 26
BB1W4cINf385N5YmHOy3m3122uGmKIq2WM2O4IU4O,11,plain,none,mixed,1 3 5 9 9 11 14 15 17 18 19
BB1W20oZaL2Jd98PWfMH180a8q2BezabJgZGF0_43,11,plain,none,mixed,1 1 7 8 11 11 11 14 16 17 24
BB1W15SCsZ5DM8I2CHeIX210aoZGEoNA1G30Ynj11,11,plain,none,mixed,2 3 3 5 9 9 10 11 17 19 33
BB1W55XI4eeIpAk8HHw0aYW2PW0878Ugm82lU0K9G,11,plain,none,mixed,1 1 1 5 9 12 13 15 16 20 28
BB1WAGd6Dmy7G10C0iHNGC0mH14AG4dYSH2GGuYe4,11,plain,none,mixed,2 3 3 4 4 4 13 15 16 20 37
BB1W12PGB6Gf2I0K2W60B1XK50e18CmxmutPa4GX1,11,plain,none,mixed,1 1 2 5 8 9 9 13 14 23 36
BB1W4528mab4KOHpqHz5iGW1G9iJGkX6mSXnfWa88,11,plain,none,mixed,1 2 5 8 10 10 11 14 14 18 28
BB1W418A74K65oZfIXGJ1I0KNHof2LLM0u5CGoF91,11,distinct,none,distinct,1 2 3 7 8 10 14 15 17 18 26
BB1W1G2WGskQZR38C3e0G10CWa989kUGh2AWb34AG,11,distinct,none,distinct,1 2 4 5 6 9 11 13 20 22 28
BB1W50A2Ahai4I2m78aGy34e4Wo0tf690aaXU8RX9,11,plain,none,mixed,1 1 2 6 7 11 13 17 18 20 25
BB1W48j98aTYDCeC18WLX1X2DmHE5KMUMMQGbWn0X,11,plain,none,mixed,1 3 8 8 9 10 10 10 15 22 25
BB1WC8HOsgx388H2XeboH86I24OGGNPIcI44W8j11,11,plain,none,mixed,1 1 4 7 10 10 12 13 15 21 27
BB1WAqRIA9mRSmG1m6fb0A90f8ISK2ZIKfKb4C9X2,11,plain,none,mixed,2 3 4 4 6 8 8 12 15 18 41
BB1W0KIH65AKXBaf7A9BaEI1O22eAYau23EKA0N14,11,plain,none,mixed,2 2 2 5 7 12 12 16 17 22 24
BB1W4GXWDaIeA0aMGr1YSI18PnA8mJ1K66aL8H7aI,11,plain,none,mixed,2 3 3 5 7 8 10 11 13 17 42
BB1W4KQIZ2850N2dDWXona006187MSLWuMMj0i5GO,11,plain,none,mixed,1 1 2 3 4 7 14 16 21 23 29
BB1W8A0a91QCbO2M5pG70428Wa34MZ4NHf4C92I4e,11,plain,none,mixed,1 1 3 3 8 10 11 13 21 25 25
BB1W123aa4maMIOvnac82G8C1N9v6D8f2GbYIB894,11,plain,none,mixed,1 2 4 8 8 13 14 15 16 17 23
BB1W1A2qwYB4Zo2KeVWE6Oe8GS2XSAG1020PmRI24,11,plain,none,mixed,1 2 3 4 5 6 8 20 21 21 30
BB1W8OP14eMX4u14Y242C8WHAgYf64WJoMXR81G4W,11,plain,none,mixed,1 1 5 6 7 8 9 14 16 22 32
BB1W4HKYQ9c9Kf1KP940K1GGa2WYN44FIXI52uug2,11,plain,none,mixed,1 2 6 6 9 12 13 15 17 18 22
BB1W4WPHZnKr9mn11GMB6OKe333AeOi2pWe6KecKW,11,plain,none,mixed,1 3 3 6 8 11 12 12 21 22 22
BB1W204NWHPa6WbPIf7f8YHGIIGZk0B0uq05mBE48,11,plain,none,mixed,1 1 2 6 8 9 10 12 13 14 45
BB1W8WBWfA4eS5W85WKm80c8Y28AeggIg54M1OGWb,11,plain,none,mixed,1 1 4 4 8 12 12 16 17 20 26
BB1W0e9242Y4fp081K5q6GWq5GMBal2SAJ0L2qZ22,11,plain,none,mixed,2 2 5 7 8 9 9 13 15 21 30
BB1W22WL0e2JZ3YM8WK2fKGOlIZC90Z60FXXqX88Z,11,plain,none,mixed,1 1 3 4 5 7 11 15 20 22 32
BB1W1W4a-aIXA7I8N2q1M6e61U99328mMcWZ19CC0,11,plain,none,mixed,1 3 4 6 6 7 12 15 20 21 26
BB1W0II91R9QI618444AJbWC3YYAWPKpH47fGb2XD,11,plain,none,mixed,1 1 5 5 6 7 13 16 19 19 29
BB1W01WGiHW2mGSNo58YWf214HHDabYAbi7GgYjc2,11,plain,none,mixed,1 2 3 5 8 8 16 18 18 19 23
BB1W196o4UHfLKbras4G9Ab0Xe808SjJG2a4t3K0W,11,plain,none,mixed,1 2 3 4 7 9 9 18 20 21 27
BB1W8K18H71mb0e1G57fU4A8HR8KHL6KOGGaw4j2W,11,plain,none,mixed,1 2 4 7 8 9 9 10 18 19 34
BB1W12D0B0SCXLw9aBqSA2420P2pKbSDtEvGo17qX,11,plain,none,mixed,1 1 5 7 9 10 13 15 16 20 24
BB1W98OqM30xnlgXmmGOYX88PMGxXb2Hao4KcoNb0,11,plain,none,mixed,1 4 6 8 9 9 10 14 16 19 25
BB1W0a1A2CGkXAdLoJ0WGP122Y4aC18bHtaEnQ88u,11,plain,none,mixed,1 1 3 4 6 9 13 19 19 22 24
BB1W0fjKXO5ieed2S8O2GD14AmgHHyqIA89040H04,11,plain,none,mixed,1 4 5 6 7 9 12 12 14 19 32
BB1W8MqMeyIn5YMH96K9X80B89Q41S1eAC8GH2q07,11,plain,none,mixed,1 2 4 5 5 9 10 11 18 26 30
BB1W2iBHMMP2_H3KbH1Y8IO50iLia4a4MKKo4K8a2,11,plain,none,mixed,1 5 5 7 7 10 10 14 15 21 26
BB1W54aIecGamNI8WM4KYWa8RB8XK1GTD9LCH0aou,11,plain,none,mixed,1 1 5 7 7 8 13 15 19 19 26
BB1W8YAG5GO10LAQ9Ukyr4W589Wf44XIKSIkX40s8,11,distinct,none,distinct,1 2 3 6 7 9 10 13 19 23 28
BB1W4vZXE8W30F4Q98vA24uGU21e5GI4GZ8bZA90a,11,plain,none,mixed,1 3 3 6 6 7 10 13 14 25 33
BB1W0c487G8o34IXRcPSYK8M1D183i9NWp44e9W0Y,11,plain,none,mixed,1 1 2 4 6 8 10 11 13 31 34
BB1W0LMGz2Mk144WgGGKXK051uqg9Z7tW208iIH11,11,distinct,none,distinct,1 2 3 5 8 9 10 12 19 21 31
BB1W3CGCa-VXS507X2o7L4eB22q51C0m2NoOZCAeH,11,distinct,none,distinct,1 3 4 5 7 8 9 11 15 16 42
BB1W20a7tyn3mEGfOgIUHGB2HCGAZo9954Z0I0hP8,11,plain,none,mixed,1 3 3 4 6 9 12 13 18 24 28
BB1W9G4WK0e26O9GJ1CSo568W90m32j53m1040Gna,11,plain,none,mixed,1 1 3 4 7 8 9 11 18 27 32
BB1W52A9NqYe9Wb4AJ5a9ID15YomKF88L0o2HGWq0,11,plain,none,mixed,1 5 5 5 8 11 12 13 17 17 27
BB1W230aNC4M6lDn8HW90emWXgDI-z0mYeAHtnV04,11,plain,none,mixed,1 2 5 5 6 6 12 16 16 16 36
BB1W52i6b0I18JZ9Ir648GY020en54iIG8WOQp708,11,plain,none,mixed,2 3 4 4 6 9 13 14 14 20 32
BB1W8OXYB8S8pIen3otBGWY21a5GCGqR0QKI3W60O,11,plain,none,mixed,1 1 5 5 9 10 15 16 17 19 23
BB1W10Y5o7214rse4XK3H5Y5KL4jOCOX2LVH-7aJ2,11,plain,none,mixed,1 2 5 5 9 10 11 12 16 20 30
BB1W20n3K4aAN8hoSqHY54Gq9u2IK_8n0Y242WFXH,11,plain,none,mixed,1 3 4 6 8 9 16 16 17 18 23
BB1W8KXBB8O2W5OgYSK1e90K24GH1K6FNHwyI2D88,11,plain,none,mixed,2 4 4 4 7 9 13 14 17 20 27
BB1W1A8KjRBEDc328w1I9GGe1c5UB3KJGf9RD290Z,11,plain,none,mixed,1 5 5 6 8 12 14 16 17 18 19
BB1W22KEGu5eIH0i5c9fId25D04282U8aXYM8WZP1,11,plain,none,mixed,1 3 3 4 6 8 13 16 16 24 27
BB1W24G9W90HWfIbf6OfI6LGM8sWr0G2yI0eY594H,11,plain,none,mixed,1 3 5 5 7 8 9 12 15 18 38
BB1W3CA0K080uts4J1MOFGm2WB11AAUP8h8O484Gq,11,plain,none,mixed,1 1 3 4 5 6 10 16 18 26 31
BB1W0b2G8Gj4iU1qrY4nZ3010E0O1XX8ie2SKH8Q4,11,plain,none,mixed,1 1 1 6 7 10 10 14 18 18 35
BB1W0Y4GB5GX0H0n7oWmB8Wn2Y68P-ROTDouYG9Gv,11,plain,none,mixed,1 2 4 9 11 13 14 15 16 16 20
BB1W1GQX98JH8u9EYgAeX2D8NmX18COBAac890enW,11,plain,none,mixed,1 3 5 7 7 8 13 14 21 21 21
BB1W228d4WA09GcYmJU1mB0Wc8I8EmC1HafKbZe2W,11,plain,none,mixed,1 3 4 4 5 7 8 9 16 21 43
BB1W2YWdZ1CY7iM5X850A4e5Bes0s0PccKqG5wK4O,11,plain,none,mixed,1 3 3 4 11 11 12 15 15 22 24
BB1W2CGWY94NX1WTD8WHH24y0mq0oWd4SCBe2W50A,11,plain,none,mixed,1 1 2 2 2 6 13 19 21 21 33
BB1WCW2KLI1q7bmHB58KKGe4901O-aQHWfocXU9Z0,11,plain,none,mixed,1 1 4 5 10 11 13 15 17 21 23
BB1W3QMb4I94sqaHGX12Cum80Hf8S40W1g1622C0e,11,plain,none,mixed,1 1 2 3 3 6 12 14 16 21 42
BB1W48GeZ4GH9eY354Che8G0W1P4EWz2WuZZMB3CG,11,plain,none,mixed,2 2 3 4 7 11 11 13 17 23 28
BB1W2GGGY0b3AX9EP7G2GD090go8l2d8UwFm9Ww0a,11,plain,none,mixed,1 2 5 7 11 12 13 15 15 18 22
BB1W49euw45GFmkgHHq1W0j28Wef92HGj3QKLY8I0,11,plain,none,mixed,1 3 4 4 10 11 11 11 18 23 25
BB1WCS1rh5qrBQWJ1S2Km4GGeIG4WGHN8hmPbI442,11,plain,none,mixed,1 4 5 5 6 6 10 15 15 23 31
BB1W42GGa0g-3e9YM4eI48WH1SI0r2e49mb3a0s3I,11,plain,none,mixed,2 2 4 4 5 12 12 14 15 18 33
BB1W2IX4TIv9X2QXO48Jw194O9ZKZaD58CYXI78X4,11,plain,none,mixed,4 4 5 5 8 11 12 12 13 22 25
BB1WCWIQLuC3mJ21BO8Y220OEWA0jqdKWf2KXWcK9,11,plain,none,mixed,1 3 5 6 9 13 14 14 15 18 23
BB1W8AWe2YY1S61G3OBj041GH348WYQD0j0Y4Y8f2,11,plain,none,mixed,1 1 2 2 6 7 12 18 21 22 29
BB1W1GeZ2ACG90Hc2loF4WA131PIKHC5IL2Q4aD0u,11,plain,none,mixed,1 3 3 5 7 12 15 17 18 20 20
BB1W0G3D12DhomOOIHbA080GmQPH94qrm8YQJYE78,11,plain,none,mixed,1 1 1 6 7 9 14 15 20 22 25
BB1W0CycLHqSnzLvqwG4080Ye4KE4Y861ICqWY32a,11,plain,none,mixed,1 2 4 5 5 9 14 16 17 18 30
BB1W5XCuhY9X4g3LA0bY0Gm41md4ZcMYgV2DX8b8i,11,plain,none,mixed,1 1 5 6 12 13 14 15 16 18 20
BB1W0O0W2WQXc6QTcq9e0G0HW90W60K1wXXI49154,11,plain,none,mixed,1 3 4 4 4 5 6 12 15 29 38
BB1W0XDwV2Cn558I_0o2YZI8FLyaWiA8MH42dDQC8,11,plain,none,mixed,1 1 6 8 9 10 11 13 13 24 25
BB1W2G916mGQXTuSX7qWq0Wa2MKI8eMaKyaBI8b4e,11,plain,none,mixed,1 3 3 8 10 12 13 16 17 18 20
BB1W09CWg4O8WcYe9bMY1G0XY6CE3a89WuWO1WBeX,11,plain,none,mixed,1 1 2 5 5 10 16 16 18 21 26
BB1W4m80HyaAGeHw50C0GX0GI0a146Kufa68IWi4m,11,plain,none,mixed,1 1 1 4 4 8 14 17 17 23 31
BB1W0YDHC-YWa3X5XcA0e9WAY0K2WUPjmMG8o1S24,11,plain,none,mixed,1 2 3 5 6 8 8 12 18 21 37
BB1W196KVNYJbYR4gHaGX241WIAOICOBPLA410q14,11,plain,none,mixed,1 1 3 5 7 8 12 15 21 22 26
BB1W2eC6E3e1GDzI74YY5GL42895LEKEX1B2f2hcG,11,distinct,none,distinct,3 4 5 8 9 11 13 15 16 17 20
BB1W1GsoB4U68an0WaL2G08GxFKzVaOlWJu34Kb2u,11,plain,none,mixed,1 3 3 5 10 11 13 16 17 20 22
BB1W5eEKA124WE8u5Go3OGW408Wb3Ie90fz8aIX64,11,plain,none,mixed,1 2 3 5 7 13 13 15 16 17 29
BB1W4I9J9jI0i316A4dIRu561PnW53SLGaJ4seMGm,11,plain,none,mixed,1 5 6 6 7 10 10 11 16 17 32
BB1W4G5edOO8SWO11IwEG1WJ3HjBXI38KIvCwWo6G,11,plain,none,mixed,1 1 7 8 9 9 10 10 12 17 37
BB1W14O6WeZGeUI4-hCX228uaecAzZR2851OaZO2G,11,plain,none,mixed,1 4 7 7 9 10 11 14 14 16 28
BB1W2H8b5aIXDO0G12L9K2G51nI48GL3Nn74K1810,11,plain,none,mixed,2 4 4 7 7 7 7 13 20 21 29
BB1W3aI8jOvDWw1A38OXX8OG30y04PS2L2MHn10n2,11,plain,none,mixed,1 3 7 7 9 10 12 12 15 19 26
BB1W30DaMAeYeQX651K8s5GH2dA5uHJ8224OGfGT1,11,plain,none,mixed,1 2 4 7 7 11 13 16 19 19 22
BB1W4HHn6JvIWA15T6Z9IOW8GaCaHoG60RuPGT19G,11,plain,none,mixed,1 1 2 8 11 11 12 14 18 18 25
BB1WA2HJ8Z2-Z48HA8Qac154B8Bk5wnraOGdoGQHn,11,plain,none,mixed,1 4 7 7 7 9 13 16 17 18 22
BB1W8WAT3Y49Wc1OPImaZOG8eawi50EGrOJ9WHWQ2,11,plain,none,mixed,1 1 3 7 9 11 12 13 17 23 24
BB1W0K76i6WB95WAHT924HH6IP690u3AKM1GdY148,11,plain,none,mixed,1 2 4 5 8 11 11 14 15 25 25
BB1W37CX22CCPGj29H8eaJ84WBQHA184mGQ12wGH1,11,plain,none,mixed,1 2 2 3 10 13 14 17 17 17 25
BB1W8BojKanBde8uiZGNmeW04hbo2k16fKGa2Gf4Y,11,plain,none,mixed,1 2 3 6 6 6 12 14 17 17 37
BB1W48X1C4fCemT4Y2K2e454SB5C4HFGIWWX3aUJ8,11,plain,none,mixed,1 3 4 6 6 10 11 11 18 19 32
BB1W1H3oed6Se90YCZn0o18OdaG8AAgIE85Chh0a2,11,plain,none,mixed,1 2 3 4 5 14 16 16 18 19 23
BB1W0U1KYcA8aAmz2584Wf0X25498qZH720WJYI44,11,plain,none,mixed,1 3 3 5 5 11 13 15 16 23 26
BB1W284np4Lw234YAGwLc1OC1GIkmH474i8M7WOYc,11,plain,none,mixed,1 1 4 12 12 13 13 14 16 17 18
BB1W4ZSjUeJoo9180Y248CG72gKcI3Hn6KInC1G20,11,distinct,none,distinct,2 4 5 6 8 9 11 13 15 22 26
BB1W8GH5GGQ288RXH6Z1Gn02eT9GYaHKanY28GfC8,11,plain,none,mixed,1 1 1 3 7 11 11 13 14 21 38
BB1W0eKXIMxBeCN8RP2e80BGT250f8y80F258aQaQ,11,plain,none,mixed,2 4 4 5 9 10 12 14 14 18 29
BB1W48H0a2agW9eTY2GvQePC50K0eIc1gaJg2C50A,11,plain,none,mixed,1 4 4 5 5 7 9 17 21 24 24
BB1W0g3eOeq378RD9OS1a4WI2W90Z4HYHYcJSGp24,11,plain,none,mixed,3 4 6 7 7 8 15 15 16 18 22
BB1W8GKEp578iOYW42W4XO10g4KO_yBo1830K2a4p,11,plain,none,mixed,1 4 4 6 7 7 8 12 14 18 40
BB1W2JX4eZZY8eZ4H020K0n3DisWK2OGW3mA13W10,11,distinct,none,distinct,1 2 3 4 5 7 11 13 23 25 27
BB1WC25nYgH8GH1M3Ci288YG20m29akI2-bvn4XH9,11,plain,none,mixed,1 2 2 4 8 10 14 15 16 21 28
BB1W4SH4jGr249194H8bOeWW21OO1mKH9KTQIvA8G,11,plain,none,mixed,1 4 4 7 8 9 10 12 14 14 38
BB1W082WJ0G0J1AJqA8I28440c1u16CuhqbI98ZoK,11,plain,none,mixed,2 3 3 4 4 9 11 13 13 17 42
BB1WAGK14A4aaSN9Id8G94A922f0oEPwCip44GHH4,11,plain,none,mixed,1 4 4 8 9 9 13 15 19 19 20
BB1W98A0eB7DoMaTIAoEmD4PAHeQ82NXYGWCBGQ2n,11,plain,none,mixed,1 3 5 6 8 8 9 16 17 19 29
BB1W8WH290GWMCvAfBgTc38mS4G52qOgnqNF2uD12,11,plain,none,mixed,1 4 4 6 7 7 11 13 13 21 34
BB1W0GGabWeDZ34CHI0e28CC0LocoBeYZp4aAH8OW,11,plain,none,mixed,1 1 4 9 9 12 12 13 14 20 26
BB1W187HvqKOJXfcPPDfAaK8WOH8tXMiX0i3I0WK1,11,plain,none,mixed,1 2 7 8 8 12 12 14 16 18 23
BB1WC0e0WZg7hMZVDCNWW1140WX0n0YC4YWq2f0aM,11,plain,none,mixed,1 2 2 3 5 6 12 18 21 22 29
BB1W2O58YXBr2g39CeKIWe04H023Xmn29PC4mGJ3I,11,plain,none,mixed,1 1 4 4 9 12 14 18 18 18 22
BB1WA0Bw9KW5E6SXIPC90C246hN4S0od998qBps90,11,plain,none,mixed,1 1 4 6 9 10 13 13 17 23 24
BB1W149ef5Y684GW-1X9A60H1B8cYmdJA0a1uSf2q,11,plain,none,mixed,1 1 4 5 8 8 12 13 14 19 36
BB1W20U0hX428abHO-1-8HW0W5nPkPXA4c4MLWaYG,11,plain,none,mixed,1 3 3 5 7 8 13 15 19 22 25
BB1W4IH58IQUW6XoGH2f4C8OXZAiIWmSWe0M1kv1a,11,plain,none,mixed,2 4 4 6 7 9 10 15 19 20 25
BB1W99eIWXEIXMEb559SY6GaW96M_HC303ASKCGfG,11,plain,none,mixed,1 3 5 7 7 8 10 11 16 17 36
BB1W0N4i4GZ3Wq0eqBY644G90g2a7Suy0iFESmm00,11,distinct,none,distinct,1 2 3 4 5 7 9 11 23 27 29
BB1W20cA9Cc-HyIYI8ga28Q8Y21-GCG188WaMMiA0,11,plain,none,mixed,1 1 4 5 6 12 14 16 17 22 23
BB1W0S2yIJfXSeX1890ICu8G1X6OscIc80X1IENYW,11,plain,none,mixed,1 1 2 6 8 10 10 12 18 18 35
BB1W1H39KXH8uWa-j6a5G1WaYOGjLSQG8KGe52Y34,11,plain,none,mixed,1 1 3 4 5 11 14 16 20 22 24
BB1W20O2W8KcShnCac8kC9AECHX8eJLEC8W59yt2W,11,plain,none,mixed,2 3 3 5 6 7 12 13 14 22 34
BB1W2548MorvPdsGTvub20e8100EYI34LAIKgYK4W,11,distinct,none,distinct,2 4 5 6 7 13 14 15 17 18 20
BB1W2Gr24HH_AEepYYxm4231B2QBn0Y546GZ2GIaK,11,distinct,none,distinct,1 2 5 7 10 11 12 14 17 20 22
BB1W40AWy6gdA9W80W1904CaZ1a5GIYXByW-2WcIO,11,plain,none,mixed,1 4 4 5 5 6 9 9 20 26 32
BB1W0Wu1J6M0eESA0m0Y44bYgI4hYQ8BWI758ySH0,11,plain,none,mixed,1 1 3 3 7 9 10 14 24 24 25
BB1W54NZe1K509640W2GB0eY489Xa4me1O9g88WI5,11,plain,none,mixed,1 2 2 4 5 5 6 16 16 22 42
BB1W18Ir9KPUMCXCGf52GYYE892iIupE8DNWZw0WY,11,plain,none,mixed,1 4 5 8 9 12 13 16 17 17 19
BB1W28A1498IDwICHjKu80i4JIOmf3IuAZXa7mKme,11,plain,none,mixed,1 1 6 7 10 12 13 15 16 20 20
BB1W0YS9Ocw3qHW818EWa2564OrWcCe2qYmr4OU0P,11,plain,none,mixed,1 1 6 11 11 11 12 13 16 18 21
BB1W4AfmF1IipoA9d3218W6GaHoSNo4GYH2fiaIHG,11,plain,none,mixed,2 4 4 5 6 10 10 12 18 21 29
BB1W2AM6aIn92a6HHaGGY38j44X3I1Eus2040I1XG,11,plain,none,mixed,1 1 5 6 7 10 10 14 16 19 32
BB1WCIKGqIg24923C8MGy42104GGsBJc5v4XnDrmf,11,plain,none,mixed,1 2 7 7 9 9 11 14 15 21 25
BB1W105CuuaaGIIycE84G4aO2E8rbLOHA2OWhWj89,11,plain,none,mixed,1 1 1 5 11 12 12 13 18 23 24
BB1W50eKWY4Meq6084GHo864CGMY5HH78OmZ-E0q8,11,plain,none,mixed,2 2 3 3 4 5 8 13 16 29 36
BB1W8XIA6ul2H184mmPWH2CLCO2G90YSSHaAOIGq0,11,plain,none,mixed,1 2 4 5 5 9 12 16 19 23 25
BB1W08A9mj2qFg0P28OYKC8m0GO3CeLIjCiAmiAXI,11,plain,none,mixed,1 1 5 5 5 7 9 11 19 27 31
BB1W8W8H7DWRAn1w84W1X68e9mn0IYogZKB87WIHE,11,plain,none,mixed,1 2 3 3 7 7 10 19 20 23 26
BB1W2Oq5I4MnQYqRZWCWY45I8Khmd8TX8fCauJ2KW,11,plain,none,mixed,4 5 6 7 8 8 13 14 15 17 24
BB1W14y70i2Gs_4aYrC1a9oe1SY94mW2K5nAaJ11e,11,plain,none,mixed,1 1 2 5 8 8 13 13 18 20 32
BB1W4aZW208EI8Oy288P0416eX24OH2GY4987WT1I,11,plain,none,mixed,1 1 3 4 4 5 6 15 22 24 36
BB1W6u5YW6mGuAX2444aBW0AchmXI9KBHSWX44BGZ,11,plain,none,mixed,1 1 2 2 3 8 13 18 19 25 29
BB1W6GA0eLeh2h22X6X961G4HigmmX1Z4N2i9eYK5,11,plain,none,mixed,1 4 4 8 8 9 11 12 18 19 27
BB1W0nOc3aMUaGXI4mB18AX060o2GPM36wK24nR0C,11,plain,none,mixed,1 2 3 7 9 11 11 12 17 18 30
BB1W000pqwYM9RajJHYKXK10509PqWZ8P2eaGnF2X,11,plain,none,mixed,1 1 5 5 7 8 15 15 16 20 28
BB1WCJoC6QMj2d1S5e1X45046080C17qSPdcGamn3,11,plain,none,mixed,2 2 3 5 8 9 9 10 21 22 30
BB1W20O2FY8YiGmI2G20I2gmEWA1O5mRr9p4KWaZ2,11,plain,none,mixed,1 2 3 4 7 7 13 15 16 19 34
BB1W147W4ySu30AO42wKOX8A273GIb4q9c958L126,11,plain,none,mixed,1 1 1 2 6 9 12 12 14 21 42
BB1W42IQa4ae9YD7zaKoKAj13mOGsZ2uEYAzMu4G2,11,plain,none,mixed,1 5 6 8 8 9 11 13 14 21 25
BB1W880W48ICG5qkAP2PSOIaXH4u8nX7LbY9COPXG,11,distinct,none,distinct,1 3 6 7 9 10 11 12 15 22 25
BB1W081XhZWZIAs9eMA4WA0nIRH4L2KKA8YyL0u34,11,plain,none,mixed,3 3 5 8 11 12 12 13 14 18 22
BB1W0K1GAe8hH84J9FeeYXG82aAen34JLGH1I4i2i,11,plain,none,mixed,1 2 8 9 11 11 12 12 13 19 23
BB1W01O325e3dKQsrB2S3G4WMWbnL6uI1T0I0e5P0,11,plain,none,mixed,1 1 1 4 8 9 9 11 15 25 37
BB1W1G63qEGeagf2WdAX1G08aKLCemwnmN0I18B17,11,plain,none,mixed,1 2 6 7 10 10 12 14 14 19 26
BB1W0qj24OC1p49HZSu0W10LeYZ9D8g26nAa8WX4O,11,plain,none,mixed,1 2 2 2 9 12 12 12 20 23 26
BB1W2G3C7STfGcHH60M9dM48Y142484Gvb1YI68X8,11,plain,none,mixed,1 3 4 4 4 10 10 13 20 23 29
BB1W21A0E08rW7GHaIac4GHH5gIcB98CX9WM2mAeY,11,plain,none,mixed,1 1 5 6 6 7 9 16 18 25 27
BB1W219efYIWIWamb1Y6G102Hz6E58OuWrlIZAGf2,11,plain,none,mixed,1 1 5 6 9 10 11 15 16 22 25
BB1W18sEsxGI11AG9OmX44SW9OGWKbKdJDAqeeXO4,11,plain,none,mixed,1 4 6 7 7 10 10 14 16 20 26
BB1W34CB8YOc022y38XYB8Hq2mJ0x6CFGR2Nem0G2,11,plain,none,mixed,1 2 4 7 7 11 14 14 15 17 29
BB1W080ePbpMWEFaa9sW66aa2K2eD4B78f7J4ZWT0,11,plain,none,mixed,1 1 2 3 6 12 14 17 19 20 26
BB1W0K1awIA4LAU8esMeaIG4W921T2oGA15Ymxo2K,11,plain,none,mixed,3 3 4 5 5 7 10 16 18 24 26
BB1W0I2mApQnabOOXeK0eHWC1K7KXH7iG2uqmGI6O,11,plain,none,mixed,1 1 4 8 10 12 13 16 16 18 22
BB1W92lf5eP1eB8p4COYX98M60G20aCYaaF0d0XnG,11,plain,none,mixed,1 5 5 5 6 7 7 9 13 23 40
BB1W84WRkXa8uwOJWO18m4W9YnJ4qHXH8crAg0V14,11,plain,none,mixed,1 4 5 5 6 11 11 14 19 20 25
BB1W22amZoG31C50MWf4i1J0G12_QPrXgYo5e1020,11,plain,none,mixed,1 2 5 6 7 7 8 8 12 28 37
BB1W0G436APb0N1D1hDkLG19418KHikon4Hb4aIoH,11,plain,none,mixed,3 4 4 6 7 10 13 14 19 19 22
BB1WE8A10yGGnAZH0aC0sC4W90H12KPYo_J1A94IK,11,plain,none,mixed,1 1 2 4 6 8 9 11 20 28 31
BB1W08WXodqTA2p2Y9XKAYN04zHf92S54iK3SO9GI,11,plain,none,mixed,1 3 3 4 5 6 16 16 17 18 32
BB1W2Y64f2w4WiYuHY5eG940W50dO1W6WY1qVBH15,11,plain,none,mixed,1 2 4 7 8 8 14 15 15 21 26
BB1W0H1852OySf0aIG0W1C8M0u5GbJqC0W30IoIue,11,plain,none,mixed,1 1 5 6 7 8 8 9 11 22 43
BB1W44H5Y28AWM4KEY70J280W4PmT1e2N2gS88WU2,11,plain,none,mixed,1 1 2 3 8 10 11 17 22 23 23
BB1W2n8ej98aG5IG4H910i08Y38S7Ysp2Y78HA4Wo,11,plain,none,mixed,1 1 2 3 6 6 11 15 21 24 31
BB1W21P1K9u2WGg1LCI284Y1BS51MncCQZeeYY58G,11,plain,none,mixed,1 1 3 7 9 13 15 17 17 18 20
BB1WE4IH5OL2aIXI2M1I68YGY60Q18yL06198Ghq9,11,plain,none,mixed,1 4 6 6 7 7 8 12 17 21 32
BB1W1KI6GJ0d22u9H0nKCXPG39yRW4caOBmKXM92A,11,plain,none,mixed,1 4 5 5 7 7 9 10 11 30 32
BB1W84GIWcHpeYXCfn38wCWIkdG4V1r3OsJ0T8WH1,11,plain,none,mixed,3 4 4 5 6 7 9 13 19 23 28
BB1W8XoB8aOXor8a0W2uW8GYfZ2C4WYBiApB8g30A,11,plain,none,mixed,3 4 6 7 7 9 10 15 18 20 22
BB1W3WJ0j242GA0opoQGaX40m8mIH12gCjYeGz5qG,11,plain,none,mixed,1 1 2 6 10 11 13 14 14 17 32
BB1W8OSngcGkX4KbCf31CGW09WYyOyilGH2gxsCO9,11,plain,none,mixed,1 3 5 5 7 10 12 12 21 22 23
BB1W3EA8m308yup3i5CMH2G2040K8zNMLOT1I0I01,11,plain,none,mixed,1 3 3 4 7 8 10 10 23 25 27
BB1W329raHfb0K2W914aCGae30KGs98fXme1GB115,11,plain,none,mixed,1 5 6 8 8 8 8 8 17 19 33
BB1W44M58IXDGh2G4W8Gc39040O1A9a5KFGHaAGX4,11,plain,none,mixed,1 4 4 4 5 6 7 8 23 26 33
BB1W204XA92YYK1994Ama19O6GH377a8ClhGjE5e8,11,plain,none,mixed,1 1 3 7 7 13 13 15 17 20 24
BB1W1O8085YDMmr2a4Z428GQ1S9Vmbc2QHX02SxYI,11,plain,none,mixed,1 3 4 5 7 7 9 11 15 28 31
BB1W2YBHEbQP84TI4mAWa4GC0eL0S2bY0Y52azCKH,11,plain,none,mixed,3 7 7 7 9 9 10 12 14 21 22
BB1W0H81qC8O8GsNZo2qXCGeXgL6gCPnOYX85K2ua,11,plain,none,mixed,1 3 5 5 7 12 12 13 16 21 26
BB1W24y23Z20eoYRY58k340qfTLnfzMrZIAGH07GI,11,plain,none,mixed,1 5 6 6 7 8 9 15 19 20 25
BB1W1Xh2hYer3A142GQ4u58a90bE4nzLASC5f744G,11,plain,none,mixed,3 4 4 6 6 9 11 12 16 21 29
BB1W41G9n2U48ZEK8KY488O40O8jOJXE4kHCQc284,11,plain,none,mixed,1 1 1 4 10 12 16 17 17 21 21
BB1W04WI42jDAWJGIzJb44AA2O94EHiA1s6I5aTYA,11,plain,none,mixed,1 3 4 7 10 10 11 12 13 23 27
BB1W2H68eQNqOXHKPWG1m1WE2OFJE1Diu5GO83O0m,11,plain,none,mixed,1 1 3 5 6 7 11 12 20 27 28
BB1W4Xg144XIG514AIn298A142o8AWqVWI1B54KQI,11,plain,none,mixed,1 3 4 7 7 12 12 15 17 21 22
BB1W218A0e1W69bGdIKXGA1GaOG00GO2KEWw1Qf8a,11,plain,none,mixed,1 2 5 6 6 6 6 7 10 13 59
BB1W5OIWi8G2G8N5KP-4I0mGI1PGYgKq91G67SU10,11,plain,none,mixed,2 3 3 4 5 7 8 13 16 25 35
BB1W482GGWm20G2X516iCGn0a1mJ7EmKXWk4OOX2S,11,plain,none,mixed,1 3 4 6 7 8 8 9 18 28 29
BB1W8a4GGj6qOt1Gb0Ggena9AAYk68c2K80IO890b,11,distinct,none,distinct,1 3 4 6 9 10 12 15 16 21 24
BB1W246KcbH90atthkHo144oZ813puGGGq5SaBu21,11,plain,none,mixed,1 2 2 6 8 9 13 15 18 20 27
BB1W48g2G1a68ajJ0mD62OGY8GWfE70YQ204CyZ2K,11,plain,none,mixed,1 1 2 4 4 7 8 8 19 31 36
BB1WCWn2yFmptGr0emJ294GX0OP0NqXa48H92S5n4,11,plain,none,mixed,3 4 5 6 7 7 8 11 15 25 30
BB1W228NbBYXQ2BaSXOZZ682488OqHG8nR5SwJ003,11,plain,none,mixed,1 1 2 5 7 11 12 12 15 27 28
BB1W4GuCZb9XABil57T2I8g2bKOgYf2cmIKW8wL60,11,plain,none,mixed,3 5 7 8 8 9 14 14 16 17 20
BB1W0G209L14gIL9NGqW90ag2O5GKY4mX2b8CGuaO,11,plain,none,mixed,1 3 5 5 9 11 13 15 18 19 22
BB1W2Gfmb0u90u441W5mb4f288X0y3H39MATWA1O1,11,plain,none,mixed,1 2 4 4 5 6 9 14 18 27 31
BB1W94RX48aaSX24Ik4BWH08g5Gd8b1ezYA42mI1a,11,plain,none,mixed,1 3 4 5 7 7 8 16 19 21 30
BB1W0IlCaqYY6890YreYYAI15aQQ84ueW2040cJ2a,11,distinct,none,distinct,1 4 5 7 8 9 10 12 15 17 33
BB1W54FmVSbQHOvnJ4q28CWW1OiHemCX0aeG30854,11,plain,none,mixed,1 2 3 10 10 11 14 15 16 17 22
BB1W2C8mcIQKm54CSaqOZc8G127OE1p7910mKXYY1,11,plain,none,mixed,1 3 7 8 9 12 14 16 16 17 18
BB1W040a2fIeHnM5fkaT16483fC8eXJ58s9K5n58W,11,distinct,none,distinct,1 3 6 9 10 11 12 13 14 16 26
BB1W3Yd1v0O0W41m9C4aWCCXk6mKY0H9hOE0e0Yo6,11,plain,none,mixed,1 1 3 5 5 6 9 10 14 30 37
BB1W4D8CXIYC6G8WAHb5Sb820XYIogOaIGX1yWIIf,11,plain,none,mixed,2 3 5 6 8 9 13 16 16 16 27
BB1W4WeY98T5MMwIbHK48aG8PCajKqOfYabX2m12K,11,distinct,none,distinct,1 3 4 8 10 11 13 14 15 19 23
BB1W0Z182WXD7624GQ28GR0C0L3WKGnl1eYK8YX0a,11,plain,none,mixed,1 1 2 5 7 9 9 15 18 25 29
BB1W20PAzQJeWS0a3Bj2Y4E9C2GH8IHIgT8KuuGK0,11,distinct,none,distinct,1 2 4 5 7 9 10 11 17 25 30
BB1W18vm6mD1R77OmuBXE4H78WGo58EWWu8HSWOKX,11,plain,none,mixed,1 4 5 6 6 7 10 17 17 17 31
BB1W1818HWP0czAONYGYYB020c2e6EgvGSQruKWGX,11,plain,none,mixed,1 2 5 5 9 10 11 13 13 21 31
BB1W8Y192LH14a88GK1W432XITL5OMXw1aK9Ge34e,11,plain,none,mixed,1 3 3 5 7 7 11 12 16 24 32
BB1W88X09d4XnB4HmaZqC1eA5iPTKMHA7s68Pq6W8,11,plain,none,mixed,1 1 4 8 8 11 12 14 19 21 22
BB1W0XB0g1G2e4Ui2msYjK2488X4Z3BZNuvIasBmS,11,plain,none,mixed,3 5 5 6 7 9 11 14 18 19 24
BB1W0i1f6LPUOKr4R6KGm4944M68JY7kW4HHZbM1Y,11,plain,none,mixed,1 3 6 7 9 10 11 14 17 17 26
BB1W28WaMoI5SG4146OgXY0WU5vrtaKH0C6mT0jf1,11,plain,none,mixed,1 2 5 5 7 8 8 16 19 21 29
BB1W091K30O4487GUAWg2C84mK104Ha5ZYB8KXG4W,11,plain,none,mixed,1 1 2 3 5 5 8 9 23 26 38
BB1W880W60Z40A1PMWq4GL22080u21tAjD2G90q28,11,plain,none,mixed,1 1 2 5 5 9 9 12 18 22 37
BB1W4W02m_6NLO0C0m423GfG20b74fY58D0n8LHYb,11,plain,none,mixed,1 2 2 3 3 4 6 16 19 31 34
BB1W4MaY66eaSbBAOKdgXgK1hyB0GDuxg31QZ4JmW,11,plain,none,mixed,1 2 2 10 11 13 14 14 15 18 21
BB1W9G11w68Keoum3uBWe1a68Gp3G2GGL60I1WOXJ,11,plain,none,mixed,1 1 3 3 6 9 12 15 19 22 30
BB1W3Kb69tbGH0iKCWc110Gd8CeGIc54LMrHpcYHA,11,distinct,none,distinct,1 4 5 6 7 10 11 15 16 20 26
BB1W12iL1D8D1m3q0a10K2OeDWj1o0m2aKYUWM148,11,plain,none,mixed,1 2 3 3 5 5 9 9 22 28 34
BB1W2kAbA4WY4OY9eveN44GAX6G44WW9ObWAWIF52,11,plain,none,mixed,1 3 3 6 7 7 11 12 19 25 27
BB1W0aa8f1mqW8mS0411Y6AK5mL0qDo90I0mxudYY,11,plain,none,mixed,1 2 4 8 8 8 8 9 11 21 41
BB1W384HnGW8154e4HCqImKe2XGox1iB8bQTI19IY,11,plain,none,mixed,1 1 4 7 8 10 13 13 18 19 27
BB1W140mO6Xg0e4YgHv20G0eZE9aWi6nZ64O182ZA,11,plain,none,mixed,1 1 3 5 8 10 11 13 15 23 31
BB1W2CY70I78WIPcY48a24Ci8awT9qUX241GeYN2X,11,plain,none,mixed,1 1 5 5 9 10 11 13 15 24 27
BB1W2JH0Y4AHpaZUXD8A0O090VwW2WI1HM0e52f2e,11,plain,none,mixed,1 1 5 5 6 10 13 13 16 24 27
BB1W1C6GC2mr1e98I9D52a98LPH1u6QdJ4aA0u104,11,distinct,none,distinct,1 4 6 7 8 9 10 11 12 20 33
BB1W48SYO0EE1MI4EP98a8Wb4NI6LJ9U5qQXdYjA4,11,plain,none,mixed,4 4 5 6 10 11 11 16 16 17 21
BB1W6a5GJ2qYp92pDJrEY2W8Hqb4Wg8Wfq0n1i408,11,plain,none,mixed,1 1 9 11 12 13 13 13 13 16 19
BB1WB4AGYRelnIaA0m15726YGf18Cg1I1G4KNbGZ0,11,plain,none,mixed,1 3 6 7 7 7 10 12 14 16 38
BB1W1e50HG38AFYxCGH48mWO1H589YeeZe6g90I5G,11,plain,none,mixed,1 2 2 5 7 10 12 14 18 20 30
BB1W62LAesWK154c4Rz88W886a4h39gxGeYZ95X24,11,plain,none,mixed,1 5 6 9 11 12 12 13 15 17 20
BB1W83DG8Wk1i88iYJpYGGW582WL1e4smBpGqA914,11,plain,none,mixed,1 1 1 2 7 9 11 16 18 19 36
BB1W2KHLX948HhoLFM5Hz6093Yb9naAJK8WHn3841,11,plain,none,mixed,2 2 4 9 9 11 12 15 15 16 26
BB1W0YZ2AsIceINm2GAWz2Eg1890I1GAB-SCmSe4I,11,plain,none,mixed,2 2 6 7 8 8 11 11 21 22 23
BB1W0Y248GqJKgZIWf0g1m0G1E2i60GA0k24EImWZ,11,plain,none,mixed,1 1 2 3 8 10 11 13 14 25 33
BB1W8aOO11qSGP1e0H11G64H94MAGge4aYYQ134CH,11,plain,none,mixed,1 1 2 2 5 10 12 16 20 24 28
BB1W0YZY22I99KFCEM43uCI42EBOAG6GscgHeG90e,11,distinct,none,distinct,1 3 5 6 8 11 12 14 16 17 28
BB1W2LKOnLJ8eY0ioxIP1O4009y94vKb0q2o2RZX8,11,plain,none,mixed,5 5 5 5 6 10 11 11 12 20 31
BB1W0436EWu9wa28WXAqgWJa8jYYG90GN5OZaFf2Y,11,plain,none,mixed,1 2 4 6 6 9 11 13 18 20 31
BB1W6KdHH2BAWcOcY040F1IX6Gf0m90JG8pI4eaHY,11,plain,none,mixed,1 3 3 5 9 11 11 12 15 19 32
BB1W03cTAaqC8n128JX18iY0a5KD6f040m52lXI18,11,plain,none,mixed,2 2 5 7 7 7 9 14 18 20 30
BB1W2H8ZHMcfiX2S61u4K0Geb2OKItBKlCXAI1m8W,11,distinct,none,distinct,1 2 4 5 7 11 12 16 17 20 26
BB1W4Ko952aGX63PnO8Ya6168KDW2mIzGP1SnS6G1,11,plain,none,mixed,3 3 4 4 4 10 11 13 19 23 27
BB1W144Wi8jIEGr2a8efYH5Gd_OP0abC5GA0405I4,11,plain,none,mixed,3 4 5 7 7 8 8 9 18 20 32
BB1W2YAD224KHJg9KIa2K4a2WKSW7n2qBHxkX5COe,11,plain,none,mixed,3 3 4 5 6 11 16 16 16 18 23
BB1W448Gcmu1UerYyFW10A060oYWbo961G10I1n2O,11,plain,none,mixed,1 2 2 4 5 5 7 11 23 24 37
BB1W1c8gIOc1GAYI5SHp1q0G41G76YKcIE28c9Y21,11,plain,none,mixed,1 1 3 5 7 9 9 12 20 21 33
BB1W18xOgoea0aEy28D2WIA25mcaWhYZB35Kaumr3,11,plain,none,mixed,2 3 5 7 8 9 9 12 14 26 26
BB1W14qmu2W5qg1e59QPdYf186G1SA1sp85F2m8X5,11,plain,none,mixed,2 3 4 4 5 7 12 14 18 21 31
BB1W54Iap04SklW50H0zG215KcK4iTI6CKAWLHKei,11,plain,none,mixed,3 4 4 6 6 6 7 8 8 27 42
BB1W287bSePL2bY2C89huQ053dGRA37a9qHI6Hme2,11,plain,none,mixed,1 1 3 7 12 12 13 13 19 19 21
BB1W4g8aY94bWV-84G90X2Ga0eZ0k0KYAKZQ264KY,11,plain,none,mixed,2 2 3 4 7 12 14 18 18 20 21
BB1W2GDX2e41C2yNNwAWP4aJYGGG1C9mUU74H0oZ0,11,plain,none,mixed,1 2 3 7 9 9 10 11 13 18 38
BB1WC4GI15IqKCWo0K23CKmGEW84WXW4Ww3iE8IWc,11,plain,none,mixed,1 3 3 6 6 7 7 12 14 21 41
BB1W0Gn0ICfrFopGkGL1OOHX8OQbXJ84HEJRD0W1G,11,plain,none,mixed,1 2 8 8 8 10 12 13 15 21 23
BB1W88IC1GH46OYC_243B6H8CQ1O5HgrVcMRHA8H2,11,plain,none,mixed,1 3 3 6 7 8 11 14 17 21 30
BB1W6WARh4WKog9uH58qmCme48g441fHL2Z3Y994g,11,plain,none,mixed,1 1 2 7 11 12 12 14 18 21 22
BB1W2WI4T0ouAHGcJGKX870514oXQ3S4b1q4Am4iY,11,plain,none,mixed,1 1 6 7 8 11 12 15 17 20 23
BB1W0gGOc1ZPALA4YXLfGq010dq2-8TD51ECQ8H34,11,plain,none,mixed,1 1 3 4 9 13 16 17 17 19 21
BB1W98HXJZEaAXP9Mfo36G4498CSSS8mH11MIK2WZ,11,plain,none,mixed,1 1 4 9 10 10 10 12 18 23 23
BB1W0i54KGn4LObzexIH12820A2GBBZCg4WGcINGX,11,plain,none,mixed,1 2 6 7 7 9 10 13 15 25 26
BB1W84KGf4I9GMB8WYoL5IYC8g-gD498Wc2Z44WI4,11,plain,none,mixed,1 6 6 6 7 10 14 15 16 18 22
BB1W0YI53u891J1FmyKakAXK6SYEGfiMvJ4Y8N424,11,plain,none,mixed,1 3 4 7 7 10 11 11 19 24 24
BB1W1WYW8GMS9oQIoq618Gn28Kac4PYkwT59OHF2G,11,plain,none,mixed,1 1 5 5 9 11 14 15 16 22 22
BB1W1G4XE0rP9Y5OXX96AP584iC0akAqmSRcYAGQ0,11,plain,none,mixed,2 2 6 11 11 11 12 13 14 18 21
BB1W8gHP4KJV4HZ0K280GC01u52aK0baCO9WL1u0W,11,plain,none,mixed,1 1 3 3 5 7 11 14 18 19 39
BB1W688VqdO3G20G2MFO-8OX41a40L1IW7RuP24aO,11,plain,none,mixed,1 2 5 5 6 6 8 11 12 14 51
BB1W6WI189baGS0m303-8348YXY88IH6GPHa88X13,11,plain,none,mixed,1 1 3 6 7 8 10 14 22 22 27
BB1W0f4f7fC2m57OX2a2A14GYCPHYRHB5gmGG2Wo2,11,plain,none,mixed,1 3 5 5 9 11 11 12 15 19 30
BB1W2mYr8Pw7IBfXeN0C0eOOE0eKY0mXYk58XMz1e,11,plain,none,mixed,1 1 3 6 7 10 11 11 19 20 32
BB1W24JefeEDPI0O7Z0Xm40X32_O5XAiTyic6Q0e2,11,plain,none,mixed,1 1 7 7 8 9 10 13 20 22 23
BB1W18H170ZsAKaKNZpDa40L11hIiZA2MYKF9WY18,11,plain,none,mixed,1 2 8 8 9 10 11 14 15 18 25
BB1W4GN2yX8CHmuH8z1rq0fA2uPqGOI956tMRa4Wm,11,plain,none,mixed,1 3 4 6 7 10 15 17 18 20 20
BB1W6Cc8IaXRf2dgmK8Go25284CYi0exVr0SX0smI,11,plain,none,mixed,1 3 3 4 9 12 13 17 17 17 25
BB1W05XwAYL5HabJa1Wb42Y42SA4zo9GYa4HBAZ3K,11,plain,none,mixed,1 5 8 9 9 11 12 12 13 18 23
BB1W18HJcDKMggf1Y7ZY865812oIaGe5MrKakAbA5,11,plain,none,mixed,1 4 7 8 9 11 12 12 13 21 23
BB1W0r8n4MnN4Y4YcQPvOf860KRoNOm8B80JHb0ea,11,plain,none,mixed,1 4 5 8 8 9 10 12 17 23 24
BB1W4Y48WC4MX0K0Cg4f9I4GI4etZRY8CXpe2X8am,11,plain,none,mixed,1 1 1 3 4 6 10 12 13 24 46
BB1W0WA4d8KUfAqpYI4l29IGA9i98L3Gyqa2Kz8C8,11,plain,none,mixed,1 3 7 7 7 10 12 12 16 19 27
BB1W8G3of88Wc3HW64LgXW6I4QHecIJXP5AK289XO,11,plain,none,mixed,1 2 4 5 6 12 14 14 18 20 25
BB1W8euDHOY3aFYIhJWX351I22WJ6gP4K89G-oGIY,11,plain,none,mixed,2 2 6 6 6 8 11 14 17 23 26
BB1WA9OHIpGJGI3CuigXn44188EHDXC2aojuGWXi8,11,plain,none,mixed,1 1 5 7 8 12 15 17 17 19 19
BB1W1Gvo7OSA2onhA6KI148BfOLYBmI6ug988WeK8,11,plain,none,mixed,1 3 5 5 6 12 13 13 17 23 23
BB1W4WH1CKIqGY224aBWsq0G0X40Q0bwGvpvDmXK9,11,plain,none,mixed,1 1 3 5 9 12 13 15 18 18 26
BB1W0QaegIeB0k3OBGk589H080WF28RmdGXj61O3W,11,plain,none,mixed,1 5 7 7 8 9 10 11 12 22 29
BB1W1b0K0a1eHmU46yQ144WY3m4WE88080WBNH-0a,11,plain,none,mixed,1 1 4 4 6 6 8 9 13 17 52
BB1W3O19eJK2i91wq0eNA18XYAGMGZNOiqgfbb8Z4,11,plain,none,mixed,1 5 5 6 7 9 10 13 16 23 26
BB1W0S50kuoZ5rNOIIZS3aI8A4gV2KW2n9Aw9DKI4,11,distinct,none,distinct,1 5 6 7 9 10 11 12 15 21 24
BB1WD814AI29wcAegHWqu4G88K1CXw6v4mjBoRX42,11,plain,none,mixed,1 5 5 8 8 9 11 14 18 20 22
BB1W0W2FGc8f1AT8g8foOr0X5nGXgMu88uIA8o0aq,11,plain,none,mixed,1 1 8 9 10 11 11 12 16 20 22
BB1W0GJ3MKI9L8QIgud0n42fCmd20k3BqA6YSX537,11,plain,none,mixed,1 3 4 6 6 9 16 17 17 18 24
BB1W0X4W918GAWcCGeb2A0IigIkwmK1e6XtL5i98a,11,plain,none,mixed,1 1 4 7 7 9 11 11 11 18 41
BB1W2a54qI-2y1G6xGxdSJ0I144h0I4ci921WoiZ2,11,plain,none,mixed,1 3 5 7 7 9 9 13 13 19 35
BB1W8aUYG90I0bnn4aCH82GKSHN6GPNIn7eH20C02,11,plain,none,mixed,1 4 5 5 5 5 7 12 19 24 34
BB1W2H9-v8me1bY8N2X41GWGaaHep584HlAbXD8uX,11,plain,none,mixed,1 4 6 8 8 9 10 12 17 19 27
BB1W09EPTPEc4oKaHICFG3W4IsJM1YrsguHGWHn8K,11,plain,none,mixed,1 1 5 6 7 8 16 18 18 19 22
BB1W15M6gYf0a3GboGDgKH81MAeVHX6nJ48W0jZ0a,11,plain,none,mixed,4 4 6 6 7 7 8 9 14 19 37
BB1W1KSYpXS6Y54YT8H0Z3516qgGg0c5oePXHSWY0,11,plain,none,mixed,2 3 5 8 11 11 14 14 15 18 20
BB1W0W1mXE55rn42GNcIQZ1HM2MGKGXY1P8b5aGYe,11,plain,none,mixed,1 1 2 5 9 11 13 14 15 25 25
BB1W8bYk9aKGp2RBWO0C02892B1W408ecIK9oLi28,11,plain,none,mixed,1 3 3 4 4 5 9 10 14 29 39
BB1W6WAie9BetozaO5Y0S2CW08Y8sYgJDCA5lv7w2,11,plain,none,mixed,1 1 4 5 6 9 12 15 19 21 28
BB1W8AKLI48GGPQYL8wYA8e28GZoA2QAmfFW92W6m,11,plain,none,mixed,1 3 3 8 13 13 13 16 16 16 19
BB1W8mZR4eZI0tt4SeHegiO4ZGIH4KYA54KlYWK2W,11,distinct,none,distinct,1 2 6 9 11 12 13 14 16 17 20
BB1W1a08WXT5aTXnALLXWGX0a2GKZOY0ygGej8P3G,11,plain,none,mixed,1 1 2 6 6 8 9 12 19 24 33
BB1W0GLqpFu9T6HQ6fAj5qeH26t24168XOB3I1Lu4,11,plain,none,mixed,2 2 4 5 8 13 15 15 16 20 21
BB1W14b6Gf26R6gAMfPD0C4GefX625eIQ5eYaJ80X,11,plain,none,mixed,1 1 4 6 7 10 10 10 18 24 30
BB1W2KDm9mt4og28OWA0c0m40W2n5Dqe5GOZG4Ga2,11,plain,none,mixed,1 1 3 4 5 8 9 19 23 24 24
BB1W2M9g5KavI3eGBH54eYGG6fMm104CeDC7XXA2e,11,plain,none,mixed,1 1 5 7 10 11 11 12 13 20 30
BB1W080WI9SKhKHKr880b98fHP0K14GHL-2O4i9WL,11,plain,none,mixed,1 2 3 4 4 10 12 16 18 18 33
BB1W090m2WC8pA548n95WA0L1a6q8Gw0m31quB0a2,11,plain,none,mixed,1 3 4 4 6 7 7 14 15 21 39
BB1W02WAoGj4sudY90KHWD262eB19J8Aig68IW846,11,plain,none,mixed,1 1 4 7 10 10 11 13 15 22 27
BB1W893Y60e92nf5zByGf6eCEIvZul582QWe10FOW,11,plain,none,mixed,1 1 1 8 9 12 14 15 17 21 22
BB1W4A76BqZqa60K1hZ5230H6YmN1vb2J4JxMUg0e,11,plain,none,mixed,3 4 6 8 8 10 10 12 13 17 30
BB1W58YIEfg-7v20ABYK2W4WgLC8aeI8v3f8NWzoI,11,plain,none,mixed,3 4 4 6 7 9 11 13 13 23 28
BB1WA8J1KQTYI68TX4gIZ8m4B4aGXa6c6HIk5SL41,11,plain,none,mixed,2 2 6 7 8 11 11 12 14 16 32
BB1WAGo1tMHY4vZa9QgeoGK953a9868kr8YaHb8K0,11,distinct,none,distinct,2 3 4 7 8 11 13 14 15 21 23
BB1W4mY856HJY20P1GuaAef5ed8KGX4IQSe8umY1G,11,plain,none,mixed,1 2 3 3 10 11 11 13 22 22 23
BB1W38F0A0Ktak2pK6eF00491X2v8PEA3c384WK0b,11,plain,none,mixed,1 1 2 4 6 10 11 12 17 22 35
BB1W0a3o68myWWq29X655AX30i5a917OQo4h2W80J,11,plain,none,mixed,1 2 5 7 8 9 11 17 20 20 21
BB1W4vYeAscwR13A9K7GH9549090DGjWq12Q33220,11,plain,none,mixed,1 3 3 4 4 9 14 15 20 23 25
BB1W8KWhYYLAWT5onYj8CI86YHGG8WA6MWpkfaW30,11,plain,none,mixed,1 2 3 5 6 7 12 15 23 23 24
BB1W24YKoKbePaQTBfHI22I4bgPoH_50W96q4iB9I,11,plain,none,mixed,3 4 6 9 10 10 11 13 14 14 27
BB1W8OwAY28Wbw_e1WJ298G67ek0YYaunYCbo84X1,11,plain,none,mixed,1 3 5 7 10 12 13 16 16 18 20
BB1W0G3mApSDmZ1KQL9f1842m80OcoYgfCg2GWZa2,11,plain,none,mixed,1 2 4 5 10 10 11 13 16 19 30
BB1W0HGXE4eGmX4X24K944I6uP24CGqMIuj2n3444,11,plain,none,mixed,1 2 3 4 4 5 10 16 23 26 27
BB1W0c1u5WM2OHrq8Yc44K040M1q4mgbg34A844GX,11,distinct,none,distinct,1 2 3 4 9 10 11 15 16 18 32
BB1W1aIIe6j8Q4eEYWQCaoX4YasQ1W44WU2pGXG70,11,plain,none,mixed,1 2 6 7 7 8 9 9 21 22 29
BB1W207rIrfAbKPdSJEi68nWMS6cH8aPgh2BvM220,11,plain,none,mixed,1 2 5 11 12 14 14 15 15 15 17
BB1WA4fnq1pWaK7O2ICZJ0i35gF9QIB4tCL84GW0Y,11,plain,none,mixed,1 2 3 5 11 11 12 12 17 20 27
BB1WAWc0c248ItC5LcBqJf08KEH780SHff2Q2G8Gq,11,plain,none,mixed,1 1 2 5 9 11 14 15 19 22 22
BB1W35AE8uYY82HotCEfSa0Aa4GW28N34D01W9E24,11,plain,none,mixed,2 2 3 3 5 9 9 14 15 27 32
BB1WBIcXC5GZ0I1e8WKHKA88D0q1JJmWbBe2WC0W6,11,distinct,none,distinct,1 2 4 5 6 7 8 11 14 26 37
BB1W2WKeI8Wc149WM9ceY1DeKwY89BGBSX82W9249,11,plain,none,mixed,1 2 5 7 8 8 11 14 15 15 35
BB1W05ACi8meX0Uo2XuG418hILAkLPJH4o2agTlcA,11,plain,none,mixed,2 2 3 5 6 10 12 13 22 23 23
BB1W4XMA870Wy3my2p48mL097588Gl35GI0K4J554,11,plain,none,mixed,1 2 3 4 7 8 10 10 18 26 32
BB1W0AoTP3e2yq4u408DWC18eXBiIazWYEB021O8W,11,plain,none,mixed,1 1 3 3 4 13 13 14 16 17 36
BB1WA0M0OAi5eP5aH0A0j2MH24v1q986GB2f488WX,11,plain,none,mixed,1 1 4 4 4 7 9 14 20 27 30
BB1W4mL1KA8FKL0gCg0qq4mP2c2KYPLYutn250GWa,11,plain,none,mixed,1 3 4 5 7 7 10 12 20 25 27
BB1W4CM9NQlh4OK30i9Wo20Y0eB0i8mwIHqFaba0a,11,plain,none,mixed,1 3 6 7 8 8 9 10 12 16 41
BB1W44mXq7KUKKIXLabOr191872j7H17feAi4aIG9,11,plain,none,mixed,2 3 3 5 7 13 14 18 18 19 19
BB1W082mzJBO694X81830a2IfxYVB9kE1OAWf2KCe,11,plain,none,mixed,3 4 4 5 6 7 10 12 15 19 36
BB1W0J8o54OGGI8IS70GY3mAcqJgDeQXZKImb6IX2,11,plain,none,mixed,1 1 5 5 7 9 11 11 14 24 33
BB1W2I9IG89I6KES8OR9e3WGbfJ49MIVKp0ImH26e,11,plain,none,mixed,1 2 5 5 7 8 13 15 15 20 30
BB1W8Y4g51WAgAmJ1282GY0bSYoBGM1zVq30K020e,11,plain,none,mixed,1 2 4 6 7 8 8 13 17 26 29
BB1W1i7GgBG0O80GeYV81G0IY98XH22BJwba488WZ,11,plain,none,mixed,1 2 3 3 5 5 12 17 19 25 29
BB1W12M8e-aYa4H5qW208OY9A8KL18G70S1O9Wc50,11,plain,none,mixed,1 2 2 5 6 8 11 16 19 23 28
BB1W5aWYBLKIH48GCcIWk2X0gS4mHAAMXg8ZG11I9,11,plain,none,mixed,1 1 3 5 10 12 13 14 17 17 28
BB1W8HcRWh4fgcKOT0g4G0q5Q5nAY54aA3v0S68Gm,11,plain,none,mixed,1 2 5 6 6 10 11 14 20 21 25
BB1W18aWH1O7WO4IfC50m9F244Hn4H138ec20G5GO,11,plain,none,mixed,1 1 2 3 4 7 13 13 20 24 33
BB1W4B60eWKeAmdSLbXCe2GGmHWZvZ6iIa2F5ZY64,11,plain,none,mixed,1 1 2 8 9 12 13 13 18 20 24
BB1W25mjiNHf07uPHWE88GXC9hYP1d64P2CWH2818,11,plain,none,mixed,1 4 4 4 6 11 13 17 19 21 21
BB1W104NI18sZvXbWnr4YGS7701G8WC6yRM1gAaM8,11,plain,none,mixed,1 1 1 2 6 12 12 20 20 21 25
BB1W28IYI52JOaDGYY0e90d0UGEYsD82GJ36AO1W5,11,plain,none,mixed,1 2 2 3 6 9 10 14 16 26 32
BB1W81O2HaaJm2hK5W50ea8AUmX16252OKW_J4WA0,11,plain,none,mixed,1 1 1 2 5 7 8 20 23 25 28
BB1W1A6A8rVZ244I9r4o7X04NHGz278YYXnB8GMLG,11,distinct,none,distinct,1 2 4 6 10 13 14 15 17 19 20
BB1W28TWk5e4Wy2MH4223GWX24qbufIo8hW9142WD,11,plain,none,mixed,1 1 5 5 7 7 10 14 21 21 29
BB1W134aogiJXL1H44WI2CHq4GL05Ie0WGAWj5KX4,11,plain,none,mixed,1 1 6 6 7 9 10 16 17 18 30
BB1W0XT4o4j8aYSoCbKA82648BTs4cSqKNtGP1Y0L,11,plain,none,mixed,1 1 8 8 9 11 14 14 17 18 20
BB1W2aK81oQAH8L9ME2kQAW20DoPnFGRrVcWa0ZKX,11,distinct,none,distinct,1 3 4 6 7 8 9 16 17 24 26
BB1W0aCH0S1G1068LID8s0OX35H62K5m72COHH5XM,11,distinct,none,distinct,1 3 4 5 7 8 9 11 14 16 43
BB1W148Wn0ZNHZc74I0Y5K0J1A2EY5bSLfUL6SYnI,11,plain,none,mixed,1 2 6 6 7 8 8 9 18 21 35
BB1W36aGI0aeLUbXAaiXc9f29ea0Qp22C56faeV08,11,plain,none,mixed,1 3 4 4 7 10 13 16 18 19 26
BB1W0ain8br8amf181G4GGb2CGjHd9oN9iRGH0i29,11,plain,none,mixed,1 5 7 8 9 11 11 12 12 16 29
BB1W0ABGHIAM5aG9S8AHB8GI181JwOkMpN67uPJI2,11,plain,none,mixed,4 4 6 6 10 10 11 15 15 19 21
BB1W31amXGb8REIL9GP2OA548WX1zhmYU8KIYYQ49,11,plain,none,mixed,1 4 6 7 9 9 13 15 17 19 21
BB1W18n2G0W5c2kK64MO9WGf8EnR3deIoKe5XoB95,11,plain,none,mixed,2 4 6 6 7 7 7 9 16 24 33
BB1W12q4F2oIPFKHBM2q2WI0a7aoX64HWv5I8-A4A,11,plain,none,mixed,2 3 3 5 7 8 14 16 21 21 21
BB1W08X34KfX144SbGM0x94ZDWWY2O7iIZ1L4KHb4,11,distinct,none,distinct,1 2 3 6 7 8 9 16 19 23 27
BB1W18C54XY7R6ibCd4II2830YOwXKfT45Ova74WI,11,plain,none,mixed,3 4 4 6 7 9 13 13 15 19 28
BB1W2A493IjLA8Q0uof2A488WaUZiRnYUHq849O1G,11,plain,none,mixed,3 4 4 4 6 7 10 11 14 20 38
BB1W19Gd2SgjA2mC2KCWe4X410a28118mwWw2uc0a,11,plain,none,mixed,1 4 6 6 7 8 8 12 14 17 38
BB1WC1e9cLG6040iEmwY9Gn040i4o0Y7X22O9NamH,11,plain,none,mixed,1 2 2 3 4 7 9 15 23 23 32
BB1W1W8WT1uyIL24X2TOJ184HC2pL6YcJM3OGP145,11,plain,none,mixed,1 2 5 7 7 11 13 13 15 18 29
BB1W15Npi9BcMK8OeX3IYYJ4A50TYeQFYy4Y4KXeW,11,plain,none,mixed,1 3 4 6 7 8 9 18 19 23 23
BB1WBWYI32I8hn8b4Ho8qWK82g9oAWQm7mecR1449,11,plain,none,mixed,1 1 6 9 9 10 11 11 14 14 35
BB1W2qHIk9I5OAY1H8oGHX8IM8eH6cyXmDcGF07G8,11,plain,none,mixed,1 1 1 6 7 12 15 17 19 20 22
BB1W0IfANHy4Ki1KbHo5248ZO1WHCXa9GS4s2983W,11,plain,none,mixed,1 1 5 6 7 8 14 15 17 19 28
BB1W24ImJIIC5YY98Wf3C2G80Wn1eNYkU9o580y4O,11,plain,none,mixed,1 3 4 4 6 8 10 15 16 22 32
BB1W30xOT7IZG4Wd3K402OX890O5G90Bo1e7lD24K,11,plain,none,mixed,1 1 2 5 7 9 11 12 14 17 42
BB1W321e844GQc1GR3K1G4GaYs1Y90yR2aMnN0K1G,11,plain,none,mixed,1 1 1 5 6 11 11 12 14 23 36
BB1W0fGWHE3mLVg184m0S5eWYwqhb8Z1C84IE4i84,11,plain,none,mixed,1 2 2 3 3 11 11 12 16 29 31
BB1W4SKGdH51OHjUDBeG4GG2mLmgX5eMwaaAG9PWY,11,plain,none,mixed,1 2 6 6 7 10 10 16 19 19 25
