sbn,size,category,symmetry,size_profile,sizes
661W9pTY0bGYLd,6,shape-zigzag,none,mixed,2 3 3 7 10 11
661W9i4TOP9EPC,6,shape-heart,none,distinct,2 3 4 6 7 14
661W3i4LCP9APC,6,shape-heart,none,distinct,1 2 5 6 8 14
661W0OvpldEGCG,6,shape-T,none,mixed,2 4 4 6 9 11
661W1i4LAP9APS,6,shape-heart,none,mixed,1 2 5 5 9 14
661W0OtZEbIOCO,6,shape-T,none,mixed,1 2 6 8 8 11
661WrQqf00d9On,6,shape-L,none,mixed,2 3 4 8 8 11
661WZIch00K_Sf,6,shape-L,none,mixed,3 3 4 7 8 11
661W1TnhMXgm8O,6,shape-T,none,distinct,1 3 4 8 9 11
661W1i4LmPFEPD,6,shape-heart,none,mixed,2 2 4 6 8 14
661WbFD900TxwX,6,shape-L,none,distinct,2 3 4 7 9 11
661W0vndFfIG8H,6,shape-T,none,mixed,1 2 4 9 9 11
661WbBSyW0LxqX,6,shape-L,none,mixed,2 4 5 7 7 11
661W1Qndkf2G8o,6,shape-T,none,mixed,2 2 3 7 11 11
661WnosA00rTSv,6,shape-L,none,mixed,2 3 4 5 11 11
661W1y4L4T9EPC,6,shape-heart,none,mixed,1 1 5 6 9 14
661WnJdh00cQMj,6,shape-L,none,mixed,4 4 5 5 7 11
661W9y4LZP9APC,6,shape-heart,none,mixed,2 3 5 5 7 14
661WhM5S00bRtZ,6,shape-L,none,mixed,2 4 4 4 11 11
661W0Qnh6xAG9I,6,shape-T,none,distinct,1 4 5 6 9 11
661Wb6jOW0bAzb,6,shape-L,none,mixed,2 4 4 7 8 11
661WjAbA00CUKf,6,shape-L,none,mixed,1 2 4 9 9 11
661WfILPW0bBob,6,shape-L,none,mixed,2 3 4 8 8 11
661WbcCj00cSwn,6,shape-L,none,mixed,2 2 4 6 11 11
661WjQjPW0Keqf,6,shape-L,none,distinct,3 4 5 6 7 11
661W9y4L8T9APC,6,shape-heart,none,mixed,1 4 5 5 7 14
661W0vnh6ZAmAK,6,shape-T,none,distinct,2 4 5 6 8 11
661W1i4L4PBEPj,6,shape-heart,none,mixed,2 3 3 6 8 14
661W0OnhEb68CO,6,shape-T,none,mixed,1 2 3 8 11 11
661WXtk801EDQr,6,shape-L,none,mixed,2 3 4 5 11 11
661W9i4LCP9EPC,6,shape-heart,none,mixed,1 4 5 6 6 14
661W0OrhEj609I,6,shape-T,none,mixed,1 3 4 6 11 11
661WZdNf01DgqX,6,shape-L,none,mixed,3 3 4 7 8 11
661W0PnpMX7eAI,6,shape-T,none,mixed,1 2 5 5 11 12
661W1i4LWRFEPD,6,shape-heart,none,mixed,2 2 3 7 8 14
661W9i4L2PBAPE,6,shape-heart,none,mixed,1 4 4 6 7 14
661W1Qxd6f2eEG,6,shape-T,none,mixed,1 2 2 9 11 11
661Wf6TvW0Kiyb,6,shape-L,none,mixed,2 3 5 5 10 11
661W0OndEZ6GAK,6,shape-T,none,mixed,2 2 4 6 11 11
661W8vHg2b4gPp,6,shape-zigzag,none,distinct,2 4 5 6 9 10
661WHi4L6P9APC,6,shape-heart,none,distinct,1 3 5 6 7 14
661WXoSSW0dQpf,6,shape-L,none,mixed,1 3 3 8 10 11
661W0OpdEjQ09I,6,shape-T,none,mixed,2 4 4 6 9 11
661WX7KS00bxtr,6,shape-L,none,distinct,2 3 5 6 9 11
661WpRMj00dCOX,6,shape-L,none,mixed,3 3 3 7 9 11
661W0OnZMdAGAK,6,shape-T,none,distinct,1 4 5 6 9 11
661WfMjO01Mgrn,6,shape-L,none,mixed,2 4 4 5 10 11
661WncTQ00DRIp,6,shape-L,none,distinct,2 3 5 7 8 11
661W0v_pcfAW8u,6,shape-T,none,mixed,2 5 5 5 8 11
661W1Ozt6xE0DG,6,shape-T,none,mixed,1 2 3 8 11 11
661W1i4LePBEPD,6,shape-heart,none,mixed,2 2 5 5 8 14
661WbBbf00DxIb,6,shape-L,none,mixed,1 4 4 7 9 11
661W0OnhMb68AK,6,shape-T,none,mixed,2 2 4 6 11 11
661W1i4TKPBEPC,6,shape-heart,none,mixed,2 3 3 6 8 14
661W0OnZthIW9G,6,shape-T,none,mixed,1 2 6 8 8 11
661WnZTw005hHh,6,shape-L,none,mixed,2 2 4 7 10 11
661W0Ond6bAOAK,6,shape-T,none,distinct,1 4 5 6 9 11
661WZ6zQW0b9MX,6,shape-L,none,distinct,1 4 5 6 9 11
661W0-xd6d-0AG,6,shape-T,none,mixed,2 2 5 8 8 11
661W0OrpEl60AI,6,shape-T,none,mixed,1 2 5 5 11 12
661W1y4L1RDEPi,6,shape-heart,none,distinct,1 3 4 5 9 14
661WbYCf00sjQv,6,shape-L,none,distinct,2 4 5 6 8 11
661W0Onh6lIWCO,6,shape-T,none,mixed,1 2 6 8 8 11
661WXi4L2RDAPC,6,shape-heart,none,distinct,2 3 4 5 8 14
661WXYzP01DRLb,6,shape-L,none,distinct,1 3 5 6 10 11
661W1i4TIPBEPC,6,shape-heart,none,distinct,2 3 4 5 8 14
661W1PnZ6bgmCO,6,shape-T,none,mixed,2 3 6 6 8 11
661WpV58W0NizX,6,shape-L,none,mixed,1 3 4 6 11 11
661W1i4T2PFEPC,6,shape-heart,none,distinct,1 2 5 6 8 14
661Wjliu00MFHp,6,shape-L,none,mixed,1 3 4 6 11 11
661WXi4LAP9APC,6,shape-heart,none,mixed,2 2 5 5 8 14
661WbQye00Szof,6,shape-L,none,distinct,2 3 5 7 8 11
661W8zTo0jGYPZ,6,shape-zigzag,none,distinct,1 3 4 7 10 11
661WfBME005UQr,6,shape-L,none,distinct,1 3 4 8 9 11
661W1y4L6PBAPC,6,shape-heart,none,mixed,1 1 5 6 9 14
661WnMMj016hKn,6,shape-L,none,mixed,1 4 6 7 7 11
661WbBsC00LBIb,6,shape-L,none,distinct,1 2 6 7 9 11
661W8nHYGpWYJd,6,shape-zigzag,none,mixed,1 2 2 8 10 13
661W0Orl7bMm8H,6,shape-T,none,progressive,1 3 5 7 9 11
661WXYr901DRob,6,shape-L,none,mixed,1 3 5 5 11 11
661WXhs801FDSv,6,shape-L,none,mixed,2 3 3 5 11 12
661W8nTg8fCoNZ,6,shape-zigzag,none,mixed,1 4 6 6 9 10
661W9i4L2P9EPE,6,shape-heart,none,mixed,1 4 4 6 7 14
661W0Ont6Z6OAI,6,shape-T,none,mixed,1 3 5 5 11 11
661WbAKA01UzKf,6,shape-L,none,distinct,2 3 4 6 10 11
661Wn3Mv01DQnb,6,shape-L,none,mixed,1 3 3 4 11 14
661WCrRo8X0wPZ,6,shape-zigzag,none,mixed,1 4 5 5 10 11
661WXAlR00jfVn,6,shape-L,none,mixed,3 3 3 6 10 11
661WAnHg1Z8sPZ,6,shape-zigzag,none,mixed,1 2 7 8 8 10
661WnMNiW06grp,6,shape-L,none,distinct,1 4 5 6 9 11
661W1i4L2xDAPC,6,shape-heart,none,distinct,1 3 4 5 9 14
661W1RpZ7f3G8H,6,shape-T,none,mixed,1 2 2 9 11 11
661WXi4LIPDAPC,6,shape-heart,none,distinct,2 3 4 5 8 14
661W8rVw0h0sPZ,6,shape-zigzag,none,distinct,1 2 4 6 10 13
661W0QnhEjd0CO,6,shape-T,none,mixed,2 3 4 8 8 11
661W8nTY8j0gLd,6,shape-zigzag,none,distinct,1 3 4 7 10 11
661WbxiOW0cfMb,6,shape-L,none,mixed,2 2 5 7 9 11
661W9i4LYP9EPD,6,shape-heart,none,distinct,2 3 4 6 7 14
661W0PxhMpg0AO,6,shape-T,none,progressive,1 3 5 7 9 11
661WhISvW0CQqn,6,shape-L,none,mixed,1 3 3 8 10 11
661W8xLc8XesHZ,6,shape-zigzag,none,distinct,1 3 5 8 9 10
661W0Ppt_X708K,6,shape-T,none,distinct,1 3 4 7 10 11
661W9i4L8RDEPC,6,shape-heart,none,distinct,2 3 4 6 7 14
661WrhKu00LAHd,6,shape-L,none,distinct,1 3 4 7 10 11
661W1Ord7vA88m,6,shape-T,none,mixed,1 1 6 8 9 11
661WXZy901E--v,6,shape-L,none,mixed,1 3 5 5 11 11
661WpJif00ckUb,6,shape-L,none,mixed,3 4 4 5 9 11
661WrA6O01jxpZ,6,shape-L,none,mixed,1 3 5 5 11 11
661W8pVo0beYHh,6,shape-zigzag,none,mixed,2 2 4 8 10 10
661WrpMAW05zKh,6,shape-L,none,distinct,1 3 6 7 8 11
661W0znhMXAm8O,6,shape-T,none,mixed,1 2 4 9 9 11
661WXMk801UjQb,6,shape-L,none,mixed,1 4 4 7 9 11
661WvALQW14DIb,6,shape-L,none,mixed,1 2 4 7 11 11
661W1i4T2vDAPC,6,shape-heart,none,mixed,1 1 5 6 9 14
661WfJK8W0qhKh,6,shape-L,none,mixed,1 1 6 6 11 11
661WfJMD00ahLh,6,shape-L,none,mixed,2 3 6 6 8 11
661Wrgs800FjIb,6,shape-L,none,distinct,2 3 5 6 9 11
661W8rHY8dCoLp,6,shape-zigzag,none,mixed,2 5 5 7 7 10
661Wf2rg00bEwr,6,shape-L,none,distinct,2 3 5 6 9 11
661W0OphEjMG9I,6,shape-T,none,distinct,3 4 5 6 7 11
661WfJzO01NApf,6,shape-L,none,mixed,2 3 3 7 10 11
661W5i4LeP9APi,6,shape-heart,none,distinct,1 3 5 6 7 14
661WDvHY1n0YHZ,6,shape-zigzag,none,mixed,1 1 2 8 10 14
661WAtTY0rGYHd,6,shape-zigzag,none,mixed,2 3 3 7 10 11
661W8nTg8XSoLd,6,shape-zigzag,none,distinct,2 3 6 7 8 10
661WbIqA00S-Qr,6,shape-L,none,mixed,2 2 5 7 9 11
661WXMLOW0rj_n,6,shape-L,none,mixed,2 5 5 6 7 11
661WX6reW0rerv,6,shape-L,none,mixed,1 2 5 6 11 11
661WZB5gW0bhPn,6,shape-L,none,progressive,1 3 5 7 9 11
661WfJl901F9of,6,shape-L,none,distinct,2 4 5 6 8 11
661WhNKO01NAMZ,6,shape-L,none,mixed,2 3 4 5 11 11
661WX7Lf00ivMr,6,shape-L,none,mixed,3 3 4 4 11 11
661W8vLg8bKcHZ,6,shape-zigzag,none,distinct,1 3 5 8 9 10
661W0Ovt6fIu9O,6,shape-T,none,mixed,1 4 6 6 8 11
661W8rVY0fOYHt,6,shape-zigzag,none,distinct,1 2 4 8 10 11
661W0Qpd6fp8CO,6,shape-T,none,mixed,2 4 4 7 8 11
661WjQig0169sf,6,shape-L,none,mixed,2 4 4 6 9 11
661W1Qnp6fIWAI,6,shape-T,none,mixed,2 4 5 5 9 11
661WfIKfW0KhKh,6,shape-L,none,mixed,1 5 6 6 7 11
661W0wnZdfoW8I,6,shape-T,none,mixed,2 3 3 8 9 11
661Wh6M800Czzh,6,shape-L,none,mixed,2 2 5 6 10 11
661W0QnZEhd0CO,6,shape-T,none,mixed,2 2 4 8 9 11
661W8nJY2X0oLh,6,shape-zigzag,none,distinct,1 2 4 6 10 13
661W0vpt6Z6WAI,6,shape-T,none,mixed,2 5 5 5 8 11
661WvIqf006BIb,6,shape-L,none,mixed,1 1 4 8 11 11
661WBtTo0bGYHZ,6,shape-zigzag,none,distinct,2 3 4 6 10 11
661W0OphMXAmCO,6,shape-T,none,distinct,1 2 4 8 10 11
661W9y4T8R9APC,6,shape-heart,none,mixed,2 3 5 5 7 14
661W9i4T8R9EPC,6,shape-heart,none,distinct,2 3 4 6 7 14
661W0Onxtb68AG,6,shape-T,none,mixed,2 2 3 7 11 11
661W0OrZ6jIWCO,6,shape-T,none,mixed,1 2 6 8 8 11
661W8rRo2X0oHp,6,shape-zigzag,none,distinct,1 2 3 7 10 13
661Wn3z900NE-r,6,shape-L,none,mixed,1 4 6 6 8 11
661WdojA015ESb,6,shape-L,none,distinct,1 4 5 7 8 11
661W0Onh6bEOAK,6,shape-T,none,mixed,2 4 4 6 9 11
661WrMcSW06uvj,6,shape-L,none,mixed,2 3 3 7 10 11
661WXx6A01EUKf,6,shape-L,none,distinct,1 2 3 7 11 12
661Wb7TQW0afSn,6,shape-L,none,mixed,2 4 5 5 9 11
661WfAyx00S-Hf,6,shape-L,none,mixed,2 4 5 7 7 11
661WpALh00MjOX,6,shape-L,none,distinct,2 3 4 7 9 11
661W1y4LIPDEPC,6,shape-heart,none,distinct,1 3 4 5 9 14
661WAtVY0feYJZ,6,shape-zigzag,none,mixed,2 3 5 5 10 11
661WnYjQW0DQKf,6,shape-L,none,mixed,2 3 6 6 8 11
661WArPc0Z4wHd,6,shape-zigzag,none,distinct,1 3 6 7 9 10
661WXIji00K--r,6,shape-L,none,mixed,3 3 4 6 9 11
661W8nPwKb0YLZ,6,shape-zigzag,none,mixed,2 2 3 8 10 11
661W9i4L8RFAPC,6,shape-heart,none,distinct,2 3 4 6 7 14
661W1QntcdUW8L,6,shape-T,none,mixed,2 2 4 8 9 11
661W0vnZ6Z6eAK,6,shape-T,none,distinct,2 3 4 6 10 11
661W9nRg0p8YLd,6,shape-zigzag,none,distinct,1 3 6 7 9 10
661WZBTA00afUb,6,shape-L,none,distinct,1 4 5 6 9 11
661W0OpZEbAeAK,6,shape-T,none,mixed,1 4 6 6 8 11
661W0OpdEhM0CO,6,shape-T,none,mixed,2 2 4 8 9 11
661W1y4LAP9EPC,6,shape-heart,none,mixed,1 2 5 5 9 14
661W0OrhEh60AK,6,shape-T,none,mixed,2 2 4 6 11 11
661WAvJc8X0oPZ,6,shape-zigzag,none,mixed,1 3 5 7 10 10
661W0unl7nk08H,6,shape-T,none,mixed,1 1 2 9 11 12
661W8nHc8Z4oJd,6,shape-zigzag,none,mixed,2 2 5 8 9 10
661WArHgOb0gHh,6,shape-zigzag,none,mixed,2 2 4 8 10 10
661W1i4LKPFEPC,6,shape-heart,none,mixed,2 2 4 6 8 14
661WZMzA01EQIn,6,shape-L,none,distinct,1 2 6 7 9 11
661Wtgqi005Por,6,shape-L,none,mixed,1 5 5 6 8 11
661WpobC007TQb,6,shape-L,none,mixed,1 3 7 7 7 11
661WXBbSW1c-Or,6,shape-L,none,mixed,2 4 4 5 10 11
661WZ66B00rQqf,6,shape-L,none,mixed,1 2 3 8 11 11
661W0vnZ7fIW8m,6,shape-T,none,mixed,1 2 4 9 9 11
661WZgrC015RSf,6,shape-L,none,mixed,1 3 6 6 9 11
661W1QnpcfIWAH,6,shape-T,none,mixed,2 4 4 6 9 11
661WBtHc8XGoHh,6,shape-zigzag,none,mixed,2 2 5 8 9 10
661W0QzpMdZ09O,6,shape-T,none,distinct,1 4 5 6 9 11
661WXlLA016jKv,6,shape-L,none,mixed,1 4 6 6 8 11
661WXJV9017Tyz,6,shape-L,none,mixed,1 5 6 6 7 11
661WXgjh017FIf,6,shape-L,none,mixed,2 2 5 7 9 11
661W0OnZEfIeCO,6,shape-T,none,mixed,1 2 6 8 8 11
661W9i4LOPDEPC,6,shape-heart,none,mixed,1 4 4 6 7 14
661WbATw00bBLb,6,shape-L,none,mixed,2 5 5 6 7 11
661W0wnZMZoWCO,6,shape-T,none,mixed,1 2 3 8 11 11
661WbBte00bPLh,6,shape-L,none,mixed,2 4 4 7 8 11
661W1QnZ7fIW8m,6,shape-T,none,mixed,1 2 4 9 9 11
661WfIMx00rQIZ,6,shape-L,none,mixed,3 3 4 6 9 11
661WfZKw00NAod,6,shape-L,none,mixed,1 4 4 7 9 11
661W0PthlXNG9G,6,shape-T,none,mixed,2 2 4 8 9 11
661WfRKQ00TzIZ,6,shape-L,none,distinct,2 3 5 7 8 11
661WnYcA00bwrh,6,shape-L,none,distinct,2 3 5 7 8 11
661WXN_i01cOqr,6,shape-L,none,distinct,2 3 4 7 9 11
661WbAsU00bfpb,6,shape-L,none,mixed,4 4 4 6 7 11
661WpUKg00lSLZ,6,shape-L,none,distinct,2 3 4 6 10 11
661WXISOW1thIf,6,shape-L,none,mixed,2 3 3 8 9 11
661W8nHw8bCoJZ,6,shape-zigzag,none,distinct,1 3 6 7 9 10
661WXgsO01FjId,6,shape-L,none,distinct,1 3 4 8 9 11
661WCvJY2X0oHZ,6,shape-zigzag,none,mixed,1 2 2 8 10 13
661WXdVeW1CPLr,6,shape-L,none,mixed,2 3 4 5 11 11
661W0SndEZ6G8O,6,shape-T,none,mixed,1 2 2 9 11 11
661W0xtd6Xg8CO,6,shape-T,none,mixed,2 2 4 8 9 11
661W8vHg8bCsHZ,6,shape-zigzag,none,distinct,1 3 6 7 9 10
661W0unZ7voW8H,6,shape-T,none,mixed,1 2 4 9 9 11
661WnlsC007DOv,6,shape-L,none,distinct,1 3 4 5 11 12
661WpMceW0EhLZ,6,shape-L,none,mixed,1 5 6 6 7 11
661WboLw00cFoZ,6,shape-L,none,mixed,1 4 4 8 8 11
661WXIVT016xLb,6,shape-L,none,progressive,1 3 5 7 9 11
661WpMdPW0MQqb,6,shape-L,none,distinct,2 4 5 6 8 11
661W0OpZEfIOCO,6,shape-T,none,mixed,1 2 7 7 8 11
661WfQafW0KjKh,6,shape-L,none,mixed,1 5 6 6 7 11
661W0QnhsjZ09m,6,shape-T,none,mixed,1 2 4 9 9 11
661WX6yv00bBKp,6,shape-L,none,distinct,1 3 4 8 9 11
661WZJbgW0ajPn,6,shape-L,none,progressive,1 3 5 7 9 11
661WCrTY2bGYPd,6,shape-zigzag,none,distinct,2 4 5 6 9 10
661W0Ovxcd68Cm,6,shape-T,none,mixed,1 3 3 7 11 11
661W1i4LIvDAPC,6,shape-heart,none,distinct,1 3 4 5 9 14
661W1Ontkn2G8q,6,shape-T,none,distinct,1 2 4 6 11 12
661WfB5800Lkzx,6,shape-L,none,mixed,2 3 6 7 7 11
661W0OnhNfQm8H,6,shape-T,none,distinct,1 4 5 6 9 11
661W0PppsZ3G8q,6,shape-T,none,distinct,1 2 4 6 11 12
661WrgC8W1DQrb,6,shape-L,none,mixed,1 4 4 5 11 11
661WfRyf00biIf,6,shape-L,none,distinct,1 4 5 6 9 11
661WrZqO00NDMh,6,shape-L,none,mixed,2 3 3 7 10 11
661W8nHY1b8sPp,6,shape-zigzag,none,mixed,1 3 7 7 8 10
661WArHg8b4gHh,6,shape-zigzag,none,distinct,2 3 4 8 9 10
661WrlF8W04Ptp,6,shape-L,none,mixed,1 3 5 8 8 11
661W8rJgGfOYHx,6,shape-zigzag,none,mixed,1 4 4 8 9 10
661W0OxdUZ2W8S,6,shape-T,none,mixed,1 1 3 9 11 11
661WbpaOW0MjIb,6,shape-L,none,mixed,2 2 5 8 8 11
661WZBbQ00LAvr,6,shape-L,none,distinct,1 4 5 7 8 11
661W1Txh6XkO8K,6,shape-T,none,mixed,2 2 4 8 9 11
661WCnHYGhGYPp,6,shape-zigzag,none,distinct,1 2 4 8 10 11
661WbgjQ01aArf,6,shape-L,none,mixed,1 4 4 5 11 11
661W8rHkHX8gLp,6,shape-zigzag,none,mixed,1 5 5 5 10 10
661WpIif006FUb,6,shape-L,none,mixed,2 3 4 5 11 11
661Wf3U-005Ezv,6,shape-L,none,mixed,2 3 5 5 10 11
661W1i4LCPBEPC,6,shape-heart,none,distinct,1 2 5 6 8 14
661W1y4LmPFAPD,6,shape-heart,none,distinct,1 2 4 6 9 14
661WfZ6g01EfnZ,6,shape-L,none,mixed,2 3 3 4 11 13
661WnMCh00lSQn,6,shape-L,none,distinct,2 3 4 6 10 11
661WfBa8W0alMl,6,shape-L,none,distinct,1 3 5 6 10 11
661W1QrxkZ608q,6,shape-T,none,mixed,2 4 4 6 9 11
661WfFSf00qCOr,6,shape-L,none,distinct,1 2 3 6 11 13
661W8nPw0lGYLZ,6,shape-zigzag,none,distinct,1 2 4 8 10 11
661W0wnpcnoW8q,6,shape-T,none,distinct,2 3 4 6 10 11
661WbhU800kjIf,6,shape-L,none,mixed,2 4 4 5 10 11
661W1QvtEf2GCI,6,shape-T,none,mixed,2 2 4 6 11 11
661WCvJY4X0oHZ,6,shape-zigzag,none,distinct,1 2 3 8 10 12
661Wv2NC00tRKf,6,shape-L,none,mixed,1 2 4 9 9 11
661WbIkj00KVqb,6,shape-L,none,mixed,2 2 6 6 9 11
661W0SvtUZ2G9G,6,shape-T,none,distinct,1 2 3 7 11 12
661W0vtpcbQ08q,6,shape-T,none,distinct,1 4 5 6 9 11
661W0RrZ6r3W9I,6,shape-T,none,distinct,1 2 4 6 11 12
661WrdKf00afSf,6,shape-L,none,mixed,2 3 6 7 7 11
661W0PvpcnZWCm,6,shape-T,none,mixed,1 3 3 7 11 11
661W0OrhNfAG8H,6,shape-T,none,distinct,1 3 4 8 9 11
661WXhMj015Qun,6,shape-L,none,mixed,2 4 4 7 8 11
661WZAKO00jQxr,6,shape-L,none,mixed,1 4 6 7 7 11
661W0UtdEr2W8O,6,shape-T,none,distinct,1 2 3 9 10 11
661WXEig00bBwr,6,shape-L,none,distinct,2 3 5 7 8 11
661W0OplMb2eCO,6,shape-T,none,mixed,2 2 2 8 11 11
661W0PpZ6fJGCO,6,shape-T,none,mixed,2 2 5 8 8 11
661W8rTY0jGcPd,6,shape-zigzag,none,mixed,1 4 5 5 10 11
661WbIKf00bEMj,6,shape-L,none,mixed,2 4 5 5 9 11
661W1i4LCP9APS,6,shape-heart,none,mixed,1 1 5 6 9 14
661WrQz800UwIf,6,shape-L,none,mixed,2 3 5 5 10 11
661WnhDAW06jtb,6,shape-L,none,mixed,2 4 5 7 7 11
661WdZ6f00MSwb,6,shape-L,none,mixed,1 4 4 5 11 11
661WXtEOW1FOnn,6,shape-L,none,mixed,1 3 4 4 11 13
661WhNETW0b8HX,6,shape-L,none,distinct,1 3 4 5 11 12
661WbRNQ00bTIZ,6,shape-L,none,mixed,4 4 5 5 7 11
661WApLY0beoHp,6,shape-zigzag,none,mixed,1 3 4 9 9 10
661WZIkP00CkTj,6,shape-L,none,distinct,1 3 4 8 9 11
661WfQbA00CQSv,6,shape-L,none,mixed,2 2 4 8 9 11
661W0Szxkh608H,6,shape-T,none,mixed,2 2 4 6 11 11
661W0PrZ6roWCO,6,shape-T,none,mixed,2 3 4 8 8 11
661Wj3yvW0akIf,6,shape-L,none,mixed,1 2 3 8 11 11
661WAnHY8dCsPZ,6,shape-zigzag,none,mixed,2 2 7 7 8 10
661WCnJY0b8oPp,6,shape-zigzag,none,distinct,1 2 6 8 9 10
661W0vnZ7fIW8H,6,shape-T,none,mixed,1 2 4 9 9 11
661WhgsOW0FhQX,6,shape-L,none,mixed,1 4 6 7 7 11
661Wb2zQW0b9Sv,6,shape-L,none,distinct,2 3 5 6 9 11
661W8rTgGZGYHt,6,shape-zigzag,none,distinct,1 2 6 8 9 10
661W0vnZUX6WCO,6,shape-T,none,mixed,1 2 2 8 11 12
661W0vnZ6bAmCO,6,shape-T,none,mixed,2 2 6 7 8 11
661W0wrxsbY0Am,6,shape-T,none,mixed,2 2 4 8 9 11
661WAtTY0rWYHd,6,shape-zigzag,none,mixed,2 2 3 7 10 12
661W0vnd6bAeAK,6,shape-T,none,distinct,2 4 5 6 8 11
661WX6bA01lUSf,6,shape-L,none,mixed,2 4 4 6 9 11
661W9i4LeP9EPi,6,shape-heart,none,mixed,1 4 5 6 6 14
661W1Utd6XAe8O,6,shape-T,none,distinct,1 2 5 8 9 11
661Wx_aO014jMZ,6,shape-L,none,mixed,1 3 3 7 11 11
661W9nRY0beYJh,6,shape-zigzag,none,mixed,1 3 5 7 10 10
661WhAcj00KlOX,6,shape-L,none,mixed,2 2 4 7 10 11
661WnYreW0DQpb,6,shape-L,none,distinct,2 3 4 6 10 11
661WfQSwW0CQyn,6,shape-L,none,mixed,2 4 4 5 10 11
661WbFSf00rAGr,6,shape-L,none,mixed,1 2 6 8 8 11
661W8nHgGZ8sPp,6,shape-zigzag,none,mixed,1 3 7 7 8 10
661W8rHg8b4gHx,6,shape-zigzag,none,mixed,1 3 4 9 9 10
661WrhqeW0KBLf,6,shape-L,none,distinct,1 3 4 5 11 12
661Wb64y016Sxh,6,shape-L,none,mixed,1 3 3 4 11 14
661WdMieW1MiJf,6,shape-L,none,mixed,2 3 4 4 11 12
661W8vHgIb0YPp,6,shape-zigzag,none,mixed,2 2 4 6 10 12
661W0RrZ6bZWCO,6,shape-T,none,distinct,1 2 5 8 9 11
661WbADR00Kerf,6,shape-L,none,mixed,1 4 4 4 11 12
661WfAiSW04Vtf,6,shape-L,none,mixed,2 3 3 5 11 12
661W1Qvp6fIW8Q,6,shape-T,none,mixed,2 2 4 8 9 11
661Wjp6O00EQzz,6,shape-L,none,distinct,2 4 5 6 8 11
661WbEdTW04gqr,6,shape-L,none,mixed,2 3 3 7 10 11
661W0PpZtbF88I,6,shape-T,none,mixed,2 2 6 7 8 11
661W1y4L4RDEPC,6,shape-heart,none,mixed,1 3 3 6 9 14
661W8nHY1nWYJd,6,shape-zigzag,none,mixed,1 2 2 8 10 13
661W0xrp6bYW8M,6,shape-T,none,mixed,1 2 4 9 9 11
661Wb7EC00aOvt,6,shape-L,none,mixed,2 2 3 4 11 14
661W0unp6voWAI,6,shape-T,none,mixed,2 4 5 5 9 11
661W0QpZ6vIGAK,6,shape-T,none,mixed,1 4 6 6 8 11
661W9y4L3P9APi,6,shape-heart,none,mixed,1 4 5 5 7 14
661W0PtlNXN08H,6,shape-T,none,distinct,1 2 5 8 9 11
661Wd6jO01lTpX,6,shape-L,none,distinct,2 3 4 7 9 11
661W0Ovh6dAGCK,6,shape-T,none,progressive,1 3 5 7 9 11
661WhFcf00DFKf,6,shape-L,none,mixed,2 3 6 7 7 11
661WvgjQ00DSrb,6,shape-L,none,mixed,2 4 6 6 7 11
661W8vHkGb0wPp,6,shape-zigzag,none,distinct,1 2 4 6 10 13
661Wb6DzW0KvOn,6,shape-L,none,mixed,2 3 3 4 11 13
661W1QtZcbQ08o,6,shape-T,none,mixed,1 3 3 7 11 11
661W8nJg8XCoLh,6,shape-zigzag,none,mixed,1 4 6 6 9 10
661WvISTW14Qof,6,shape-L,none,distinct,1 2 3 7 11 12
661W0vphsXE88J,6,shape-T,none,distinct,1 2 5 8 9 11
661WbETuW0Sunn,6,shape-L,none,mixed,2 4 4 5 10 11
661W0v_Z6bQ0AO,6,shape-T,none,progressive,1 3 5 7 9 11
661W0znZ6jQG8O,6,shape-T,none,distinct,1 4 5 6 9 11
661W8rHcGZ4sPh,6,shape-zigzag,none,mixed,1 4 6 6 9 10
661WArPYGhGYHd,6,shape-zigzag,none,distinct,1 3 4 7 10 11
661WbBEC00LhIj,6,shape-L,none,mixed,1 2 7 7 8 11
661W0wrhsbY08J,6,shape-T,none,mixed,1 2 4 9 9 11
661W0OnpMdAGAI,6,shape-T,none,mixed,1 5 5 5 9 11
661WdBDOW0TwSX,6,shape-L,none,distinct,1 2 6 7 9 11
661WbAie00KhNd,6,shape-L,none,mixed,2 2 5 8 8 11
661W0Snh6bEO8O,6,shape-T,none,mixed,1 2 4 9 9 11
661WXAkE00bwSr,6,shape-L,none,distinct,1 3 4 8 9 11
661WZcLA015BMj,6,shape-L,none,mixed,2 2 6 7 8 11
661W0OnZMbEOAK,6,shape-T,none,mixed,2 4 4 6 9 11
661WX7ri00awNt,6,shape-L,none,distinct,2 3 4 6 10 11
661WrIzA00ETKb,6,shape-L,none,mixed,2 2 7 7 7 11
661WbYrP00dDtf,6,shape-L,none,mixed,2 4 5 7 7 11
661W0PnZdfJW9G,6,shape-T,none,distinct,1 2 5 8 9 11
661W0QnZ7fpW8H,6,shape-T,none,mixed,1 2 4 9 9 11
661WbA_V004gJf,6,shape-L,none,mixed,2 4 4 5 10 11
661W1Orh7pIW8m,6,shape-T,none,mixed,1 1 7 7 9 11
661WbBFA00DhMb,6,shape-L,none,mixed,3 3 5 6 8 11
661WnYquW0rgHb,6,shape-L,none,mixed,2 2 2 8 11 11
661WbBLA00TRKf,6,shape-L,none,mixed,2 4 4 7 8 11
661W1QrZ6bIWCO,6,shape-T,none,mixed,2 3 4 8 8 11
661Wf6qeW0KlVb,6,shape-L,none,distinct,1 3 6 7 8 11
661W8nHYGd8oLh,6,shape-zigzag,none,distinct,1 4 6 7 8 10
661W0OnpEdEGAI,6,shape-T,none,mixed,2 4 5 5 9 11
661WdILP00Klop,6,shape-L,none,distinct,1 4 5 7 8 11
661W0Pnp6nZWAI,6,shape-T,none,mixed,1 3 5 5 11 11
661WZ6rh00bAMb,6,shape-L,none,mixed,3 4 4 6 8 11
661W0Orh7dIW8H,6,shape-T,none,mixed,1 1 7 7 9 11
661W0Uzd6nAOAG,6,shape-T,none,mixed,1 2 7 7 8 11
661W8nPgKb0YHl,6,shape-zigzag,none,distinct,1 2 3 9 10 11
661WfZ4QW0s8nb,6,shape-L,none,mixed,1 2 2 3 11 17
661W0O_l6bMGAO,6,shape-T,none,distinct,2 3 5 7 8 11
661WnIbSW0dPIb,6,shape-L,none,mixed,2 3 5 5 10 11
661WCvHgCb4YHZ,6,shape-zigzag,none,mixed,2 3 3 8 10 10
661WvIjPW149of,6,shape-L,none,mixed,1 3 3 8 10 11
661WbQbe01Mgsj,6,shape-L,none,mixed,4 4 4 4 9 11
661W9i4LOPFAPC,6,shape-heart,none,mixed,1 4 4 6 7 14
661W1Oppcn2mAH,6,shape-T,none,mixed,1 1 4 6 11 13
661WAnJk0b4gHp,6,shape-zigzag,none,mixed,1 2 7 7 9 10
661WXBTR01cjLZ,6,shape-L,none,mixed,2 4 5 5 9 11
661WArJY4X0oLZ,6,shape-zigzag,none,distinct,1 3 4 6 10 12
661WbNES01NOvb,6,shape-L,none,mixed,2 3 4 5 11 11
661W1Opd7vI88H,6,shape-T,none,mixed,1 1 7 7 9 11
661WrI4QW06Erj,6,shape-L,none,mixed,2 2 2 5 11 14
661WZQLh01MhOX,6,shape-L,none,mixed,2 4 5 5 9 11
661WbpkyW06FLf,6,shape-L,none,mixed,3 3 5 7 7 11
661WAnLgGXOoHp,6,shape-zigzag,none,mixed,1 2 7 7 9 10
661Whtci00M9Hh,6,shape-L,none,mixed,2 2 4 8 9 11
661WBpLgGX8oHp,6,shape-zigzag,none,distinct,1 4 5 7 9 10
661Wb6ER01MSHr,6,shape-L,none,mixed,2 3 3 3 11 14
661W0QrZ6rIWCO,6,shape-T,none,mixed,2 2 5 8 8 11
661W0Orhlh609G,6,shape-T,none,mixed,2 2 2 8 11 11
661Wv-K800yxvh,6,shape-L,none,mixed,2 5 5 5 8 11
661W0vtp6fAGBG,6,shape-T,none,progressive,1 3 5 7 9 11
661WpgaOW0qhQZ,6,shape-L,none,mixed,1 2 7 7 8 11
661Wb6kQ01M-Kp,6,shape-L,none,mixed,3 3 3 8 8 11
661WfxKg01LCnZ,6,shape-L,none,mixed,2 3 3 8 9 11
661W1QxZ6nIG8S,6,shape-T,none,mixed,1 1 5 9 9 11
661W0vvp6nYWCI,6,shape-T,none,mixed,2 2 4 6 11 11
661WbU_w00CiPZ,6,shape-L,none,mixed,3 3 5 6 8 11
661W1y4TKP9EPC,6,shape-heart,none,mixed,1 3 3 6 9 14
661Wb6ifW0bBTb,6,shape-L,none,distinct,1 4 5 7 8 11
661WfMzA00CQIr,6,shape-L,none,mixed,2 2 6 7 8 11
661W1i4L0RFEPE,6,shape-heart,none,mixed,1 2 3 8 8 14
661WbRCC00LSrl,6,shape-L,none,mixed,1 4 4 6 10 11
661W1QphlZQ89G,6,shape-T,none,distinct,1 2 5 8 9 11
661W0OrdEhE09I,6,shape-T,none,distinct,2 3 4 6 10 11
661WXi4T2PDAPC,6,shape-heart,none,distinct,1 2 5 6 8 14
661WbBbh00LAob,6,shape-L,none,distinct,1 4 5 7 8 11
661W0Qrh7pAG8H,6,shape-T,none,progressive,1 3 5 7 9 11
661WZQah01d9yf,6,shape-L,none,distinct,1 2 3 7 11 12
661W1RrhFX7W8m,6,shape-T,none,mixed,1 1 6 8 9 11
661WrdDP00Keuh,6,shape-L,none,mixed,2 3 3 5 11 12
661W8rHY1fGcPh,6,shape-zigzag,none,mixed,1 4 4 6 10 11
661WAnJc0Z4gHp,6,shape-zigzag,none,distinct,1 2 6 8 9 10
661W0OvhMZAGAO,6,shape-T,none,distinct,1 3 4 7 10 11
661WApNY0r0sPZ,6,shape-zigzag,none,mixed,1 2 2 8 10 13
661WdhMh01KOGn,6,shape-L,none,distinct,1 2 3 9 10 11
661WpEcj00MlKX,6,shape-L,none,mixed,2 4 4 6 9 11
661W8nLsAf8YHd,6,shape-zigzag,none,mixed,1 2 5 9 9 10
661WbArC00KxIb,6,shape-L,none,distinct,1 3 6 7 8 11
661WZBj900Lgyb,6,shape-L,none,distinct,1 4 5 7 8 11
661W0OrZMXUuCO,6,shape-T,none,mixed,2 2 2 8 11 11
661W0OrZ7bQm8m,6,shape-T,none,distinct,1 2 6 7 9 11
661W8pTY0rGYJh,6,shape-zigzag,none,mixed,2 3 3 7 10 11
661WbA6A01MSrh,6,shape-L,none,mixed,3 3 3 4 11 12
661Wn6rw00dEul,6,shape-L,none,mixed,1 2 5 6 11 11
661WCvHg0d8oHZ,6,shape-zigzag,none,mixed,1 2 7 8 8 10
661WrdCO00MjQZ,6,shape-L,none,distinct,2 3 5 6 9 11
661W8rJc8X0oLp,6,shape-zigzag,none,mixed,1 5 5 5 10 10
661W0SnhMb688O,6,shape-T,none,mixed,1 2 2 9 11 11
661WhtyOW0MfKX,6,shape-L,none,mixed,2 4 5 5 9 11
661W8nHY1fGcPp,6,shape-zigzag,none,distinct,1 3 4 7 10 11
661WxlEC005EKb,6,shape-L,none,mixed,3 3 3 5 11 11
661W0Qrx6v68AI,6,shape-T,none,mixed,1 5 5 5 9 11
661W0OvZMdAGCK,6,shape-T,none,progressive,1 3 5 7 9 11
661WZ7yv00ahIZ,6,shape-L,none,distinct,1 3 4 7 10 11
661WdNDQW05lMX,6,shape-L,none,mixed,3 3 4 5 10 11
661Wxsqv0059Lb,6,shape-L,none,mixed,2 3 5 5 10 11
661W0vtpcfAW8L,6,shape-T,none,mixed,2 2 5 8 8 11
661W8tPs0v0wHp,6,shape-zigzag,none,mixed,1 1 3 7 10 14
661WjU_i00Keub,6,shape-L,none,mixed,2 4 4 6 9 11
661W0OrZUfEGCO,6,shape-T,none,mixed,1 2 6 8 8 11
661WrADA00ETMb,6,shape-L,none,mixed,2 2 5 6 10 11
661W1unplXY88K,6,shape-T,none,mixed,1 1 3 7 11 13
661WjQaOW0KhIb,6,shape-L,none,mixed,2 2 6 7 8 11
661W0vpxcZAW8q,6,shape-T,none,mixed,2 4 6 6 7 11
661WZBTwW0LgTX,6,shape-L,none,distinct,2 4 5 6 8 11
661WrpDi00Lyof,6,shape-L,none,mixed,3 3 3 7 9 11
661W0O_ZEdMGAO,6,shape-T,none,distinct,2 3 5 7 8 11
661WbIjA01dEKb,6,shape-L,none,mixed,2 3 6 6 8 11
661WnpMg00MQob,6,shape-L,none,mixed,3 3 5 5 9 11
661WCvHkGb4oHZ,6,shape-zigzag,none,mixed,2 2 6 8 8 10
661Wd7d8W1kUrX,6,shape-L,none,distinct,2 3 4 7 9 11
661W0vpl7b6G8m,6,shape-T,none,progressive,1 3 5 7 9 11
661WbBDAW0af_n,6,shape-L,none,mixed,2 2 5 7 9 11
661WfhK901KjJd,6,shape-L,none,mixed,2 2 6 7 8 11
661WjRMS00LfIZ,6,shape-L,none,mixed,2 4 5 7 7 11
661WZ6rf016Eyf,6,shape-L,none,mixed,2 2 4 6 11 11
661WvMb8W06Arp,6,shape-L,none,mixed,1 1 5 7 11 11
661WXQKj016Uqf,6,shape-L,none,distinct,1 2 6 7 9 11
661WbBTuW0afnf,6,shape-L,none,distinct,1 3 6 7 8 11
661WfIiOW0KhMZ,6,shape-L,none,mixed,1 2 6 8 8 11
661WAnLg8fKYHp,6,shape-zigzag,none,mixed,1 4 4 8 9 10
661W0vptsZ608L,6,shape-T,none,mixed,1 2 6 8 8 11
661WtUaf00ERqX,6,shape-L,none,mixed,2 3 3 8 9 11
661WbAUf00SfKb,6,shape-L,none,mixed,1 5 5 5 9 11
661WbBLf00qeun,6,shape-L,none,distinct,1 2 5 8 9 11
661WhMcg016xqX,6,shape-L,none,mixed,2 2 4 7 10 11
661WZF4OW0bhUb,6,shape-L,none,distinct,1 2 6 7 9 11
661WfATh00KiKj,6,shape-L,none,mixed,1 4 5 5 10 11
661WbQ5h01MkIb,6,shape-L,none,mixed,1 3 4 4 11 13
661W0Onl6b6OAK,6,shape-T,none,mixed,1 4 4 6 10 11
661W8xLcGbasHZ,6,shape-zigzag,none,mixed,1 4 6 6 9 10
661WrdFP00CPRb,6,shape-L,none,mixed,3 4 4 5 9 11
661W0QrdknA88o,6,shape-T,none,distinct,1 3 6 7 8 11
661WnBrQW0NFGb,6,shape-L,none,mixed,1 2 5 5 11 12
661WbATg00bBof,6,shape-L,none,mixed,1 5 6 6 7 11
661WXBMT00LARp,6,shape-L,none,mixed,2 2 5 7 9 11
661Wf2My01tQoZ,6,shape-L,none,mixed,2 2 5 5 11 11
661WdFFD00aeqb,6,shape-L,none,mixed,2 3 3 3 11 14
661WXYTQ01Lhrb,6,shape-L,none,mixed,3 4 4 4 10 11
661W1Qnp6fIW9K,6,shape-T,none,mixed,2 4 5 5 9 11
661WfFTP00ajqp,6,shape-L,none,distinct,3 4 5 6 7 11
661W8nLY2XOoLh,6,shape-zigzag,none,mixed,2 2 4 6 10 12
661W0Qnp6fpW9K,6,shape-T,none,mixed,2 4 5 5 9 11
661W0SpZ6jQW8O,6,shape-T,none,distinct,1 2 6 7 9 11
661W1RtZ7bB08m,6,shape-T,none,distinct,1 3 4 8 9 11
661WnN4O00NlUp,6,shape-L,none,mixed,2 4 4 6 9 11
661W0OnpEbAOAI,6,shape-T,none,mixed,1 5 5 5 9 11
661WxwkQW05wSX,6,shape-L,none,mixed,2 3 6 7 7 11
661W0SnlEZAG8O,6,shape-T,none,distinct,1 2 3 9 10 11
661WArHg2b4gLZ,6,shape-zigzag,none,distinct,2 4 5 6 9 10
661WXAlQ00SAzp,6,shape-L,none,mixed,1 3 4 4 11 13
661WbwcE015yKf,6,shape-L,none,mixed,1 4 4 5 11 11
661Wf6rh01d8Kv,6,shape-L,none,mixed,1 2 6 6 10 11
661WnNCQ01Ljxb,6,shape-L,none,distinct,1 4 5 6 9 11
661W0OrZ6fQmCO,6,shape-T,none,mixed,2 2 6 7 8 11
661W8nTw0dGYLZ,6,shape-zigzag,none,mixed,1 2 5 8 10 10
661WXYCA01zxMb,6,shape-L,none,distinct,1 2 4 8 10 11
661W0Orldh2O9G,6,shape-T,none,mixed,1 2 2 8 11 12
661W0vnZMX6e9I,6,shape-T,none,mixed,2 2 4 6 11 11
661W8nLwGf8oJZ,6,shape-zigzag,none,distinct,1 3 6 7 9 10
661W0Sxh6dAWAG,6,shape-T,none,mixed,1 2 6 8 8 11
661W1y4L2RDEPC,6,shape-heart,none,distinct,1 3 4 5 9 14
661W9pRY0j8YJh,6,shape-zigzag,none,mixed,2 3 4 7 10 10
661W9pRo0bOYHh,6,shape-zigzag,none,mixed,2 2 4 8 10 10
661W0OntcbAOAH,6,shape-T,none,distinct,1 4 5 6 9 11
661W8rPo1b8sPZ,6,shape-zigzag,none,distinct,1 4 6 7 8 10
661W0Onx6ZEOAI,6,shape-T,none,mixed,2 3 5 5 10 11
661W8nHc0nWwLh,6,shape-zigzag,none,distinct,1 2 4 6 10 13
661WrpbA00LEKf,6,shape-L,none,mixed,3 3 5 5 9 11
661WhYKeW0NlTf,6,shape-L,none,mixed,2 5 5 6 7 11
661W1y4L8PBAPE,6,shape-heart,none,mixed,1 1 5 6 9 14
661W1QnZdfIW8I,6,shape-T,none,mixed,2 2 4 8 9 11
661WpMqQ006Fxf,6,shape-L,none,mixed,1 2 3 8 11 11
661W9nHkGXegJd,6,shape-zigzag,none,distinct,1 2 6 8 9 10
661WXBDA01sjMb,6,shape-L,none,mixed,1 4 6 6 8 11
661WnJVA00dRKb,6,shape-L,none,mixed,3 3 4 7 8 11
661W0OnlMbA8AK,6,shape-T,none,distinct,2 3 4 6 10 11
661WldDQW06fQX,6,shape-L,none,distinct,1 4 5 7 8 11
661W1y4L9P9EPi,6,shape-heart,none,distinct,1 3 4 5 9 14
661WBrTo0bmYHZ,6,shape-zigzag,none,mixed,1 4 4 6 10 11
661W1y4LGPFAPE,6,shape-heart,none,mixed,1 1 4 7 9 14
661W8nPYGd8oLd,6,shape-zigzag,none,mixed,1 3 7 7 8 10
661W8zJc8X0oPh,6,shape-zigzag,none,mixed,1 5 5 5 10 10
661WnQ-yW06iLf,6,shape-L,none,mixed,2 3 6 7 7 11
661WfI-C00bgMf,6,shape-L,none,mixed,1 4 4 6 10 11
661W1i4LaPBEPD,6,shape-heart,none,mixed,2 2 4 6 8 14
661W8nJcGZ4YJd,6,shape-zigzag,none,mixed,1 2 7 8 8 10
661W1Qr_MXE0AI,6,shape-T,none,mixed,1 5 5 5 9 11
661Wh34j00azwb,6,shape-L,none,mixed,2 2 4 5 11 12
661W1OnZ-n608J,6,shape-T,none,mixed,1 1 1 9 11 13
661WZ7KQ00bhtZ,6,shape-L,none,distinct,2 3 5 7 8 11
661WZYjwW17E-X,6,shape-L,none,mixed,3 3 4 7 8 11
661W1i4L4TBEPC,6,shape-heart,none,distinct,1 2 5 6 8 14
661W8nTY0jGYLd,6,shape-zigzag,none,distinct,1 3 4 7 10 11
661W0OrtchE88q,6,shape-T,none,mixed,3 3 4 6 9 11
661WZB5CW0bwSh,6,shape-L,none,distinct,1 3 4 7 10 11
661W8nHcGZ4oJd,6,shape-zigzag,none,distinct,1 2 6 8 9 10
661WbtbO01SSvj,6,shape-L,none,mixed,2 3 6 7 7 11
661WdMyR00CVJX,6,shape-L,none,distinct,1 2 4 6 11 12
661WhACP00bETb,6,shape-L,none,mixed,2 3 4 5 11 11
661W0Opd6jQ8CO,6,shape-T,none,mixed,2 2 5 8 8 11
661W0Orhch688o,6,shape-T,none,mixed,2 3 3 7 10 11
661WZdMOW1COtf,6,shape-L,none,mixed,2 3 4 4 11 12
661WApHY4nGYHp,6,shape-zigzag,none,mixed,1 3 3 9 10 10
661WZds901DRqX,6,shape-L,none,mixed,1 3 3 7 11 11
661Wf36k01c8pd,6,shape-L,none,mixed,2 2 3 3 11 15
661W0Opp-fMGAH,6,shape-T,none,mixed,1 4 6 7 7 11
661W0PpdUpY0CO,6,shape-T,none,mixed,1 2 7 7 8 11
661W0OrZUj60AK,6,shape-T,none,mixed,1 1 4 6 11 13
661WhUrf00CSqX,6,shape-L,none,mixed,3 3 3 8 8 11
661W1i4L1TBEPi,6,shape-heart,none,distinct,1 2 4 7 8 14
661W0QpZ7rQG8m,6,shape-T,none,mixed,1 3 6 6 9 11
661Wvgb800jVIb,6,shape-L,none,mixed,2 3 4 8 8 11
661WCvHkGb8gHZ,6,shape-zigzag,none,mixed,2 2 6 8 8 10
661W0OttdfQ88K,6,shape-T,none,distinct,1 3 6 7 8 11
661W0OnZshIW9H,6,shape-T,none,distinct,1 3 6 7 8 11
661WArHY4nWYHh,6,shape-zigzag,none,mixed,2 2 3 8 10 11
661W8nHw4b4gJZ,6,shape-zigzag,none,mixed,1 3 4 9 9 10
661W8nTY0jGYJh,6,shape-zigzag,none,distinct,1 3 4 7 10 11
661W0OnpcvpWAH,6,shape-T,none,mixed,3 3 4 6 9 11
661WXJFC017xMb,6,shape-L,none,progressive,1 3 5 7 9 11
661W0SvZMpZ08K,6,shape-T,none,mixed,1 2 3 8 11 11
661W0vpZ6bAWAK,6,shape-T,none,mixed,2 4 6 6 7 11
661W0Qvp6fpWCI,6,shape-T,none,mixed,2 4 4 6 9 11
661WCvHg4d0YHZ,6,shape-zigzag,none,distinct,1 2 3 8 10 12
661WXBi8W1Fyzr,6,shape-L,none,distinct,1 3 4 5 11 12
661W0PpZ7rgW8m,6,shape-T,none,mixed,1 4 4 7 9 11
661WXZVV014fLf,6,shape-L,none,mixed,2 4 4 4 11 11
661WbJKu00zUnb,6,shape-L,none,mixed,1 5 5 6 8 11
661W8nTg8f4gNZ,6,shape-zigzag,none,mixed,1 4 4 8 9 10
661Wb6if00bBUn,6,shape-L,none,mixed,2 2 6 7 8 11
661WrhiOW0ahMX,6,shape-L,none,mixed,2 2 5 7 9 11
661W0vnh6b6e9I,6,shape-T,none,mixed,2 4 4 6 9 11
661WXYqg01Lhob,6,shape-L,none,mixed,1 3 5 5 11 11
661W1i4L2TBEPC,6,shape-heart,none,distinct,1 2 5 6 8 14
661WX7FU01ciOp,6,shape-L,none,mixed,2 3 3 5 11 12
661W1y4L8P9EPj,6,shape-heart,none,distinct,1 3 4 5 9 14
661WvobSW0aPIb,6,shape-L,none,mixed,2 2 5 7 9 11
661W0QrtkbZGAH,6,shape-T,none,distinct,2 4 5 6 8 11
661W0vvp6fIWCI,6,shape-T,none,mixed,2 4 4 6 9 11
661W0TvpcnZW8m,6,shape-T,none,mixed,1 3 4 6 11 11
661W0PxdMX7WAO,6,shape-T,none,distinct,1 3 4 7 10 11
661W0SvdMZ6G8K,6,shape-T,none,mixed,1 2 3 8 11 11
661W0QpZ7rQG8H,6,shape-T,none,mixed,1 3 6 6 9 11
661Wv7LAW07hrn,6,shape-L,none,mixed,1 2 2 7 11 13
661WfR6CW0bCKh,6,shape-L,none,distinct,1 3 4 5 11 12
661W8zJY4X0oPh,6,shape-zigzag,none,mixed,1 3 5 5 10 12
661W0Oph6lIGCO,6,shape-T,none,mixed,1 2 7 7 8 11
661WZdU-0148sZ,6,shape-L,none,mixed,1 4 4 4 11 12
661WXdig014hsr,6,shape-L,none,mixed,2 2 5 7 9 11
661W1QpdFbQ08m,6,shape-T,none,mixed,1 4 4 7 9 11
661WjRKOW0bfIZ,6,shape-L,none,mixed,1 4 4 7 9 11
661Wn2TvW1rgmf,6,shape-L,none,distinct,1 3 4 5 11 12
661W8nPcGZ4oJh,6,shape-zigzag,none,distinct,1 3 6 7 9 10
661W0xvp6nIWCI,6,shape-T,none,distinct,2 3 4 6 10 11
661W8nLwKf0YHd,6,shape-zigzag,none,mixed,1 3 3 9 10 10
661WfwjT015STn,6,shape-L,none,mixed,3 3 6 6 7 11
661W0xrhMn2W9I,6,shape-T,none,mixed,2 4 4 6 9 11
661WjgCO00kOzp,6,shape-L,none,mixed,2 3 4 5 11 11
661WBtLg0ZGYHh,6,shape-zigzag,none,mixed,2 2 4 8 10 10
661WzBKg00s8ob,6,shape-L,none,mixed,1 1 5 6 11 12
661W0vphNXAW8H,6,shape-T,none,distinct,1 2 5 8 9 11
661WfFjQ00LFpn,6,shape-L,none,mixed,2 5 6 6 6 11
661W0vpZ7bAW8m,6,shape-T,none,distinct,1 2 6 7 9 11
661W8nHgGZ8oLh,6,shape-zigzag,none,distinct,1 4 6 7 8 10
661W0PplNb708H,6,shape-T,none,distinct,1 2 5 8 9 11
661WApLY0v8oHp,6,shape-zigzag,none,mixed,1 1 5 9 10 10
661W0OntEZ6GAI,6,shape-T,none,mixed,2 2 5 5 11 11
661W1QxZ6nIGCK,6,shape-T,none,progressive,1 3 5 7 9 11
661WZ6Sw00bAsZ,6,shape-L,none,mixed,1 4 4 8 8 11
661W8vNk8ZGcHZ,6,shape-zigzag,none,mixed,1 4 6 6 9 10
661W0OrhtZIW8I,6,shape-T,none,mixed,1 2 6 8 8 11
661WfpKg00sAob,6,shape-L,none,mixed,1 3 5 8 8 11
661WCnJcGZ4YPp,6,shape-zigzag,none,mixed,1 2 7 8 8 10
661W0OplVb2W8m,6,shape-T,none,distinct,1 2 3 9 10 11
661WZ3D8W1Nkzd,6,shape-L,none,mixed,1 4 6 6 8 11
661W1Qrd7bA88H,6,shape-T,none,progressive,1 3 5 7 9 11
661WrhMwW0KOHb,6,shape-L,none,mixed,2 3 3 7 10 11
661W0Onh6d68AK,6,shape-T,none,mixed,1 3 4 6 11 11
661W0vrZ6bIWAK,6,shape-T,none,distinct,2 4 5 6 8 11
661WZ7EP00bQrZ,6,shape-L,none,distinct,2 4 5 6 8 11
661W0_vp6fYW9G,6,shape-T,none,mixed,2 3 3 7 10 11
661WCvHgIb0YHZ,6,shape-zigzag,none,mixed,2 2 2 8 10 12
661W8vHkGb4sHZ,6,shape-zigzag,none,distinct,1 2 6 8 9 10
661W8nP-2Z8gHh,6,shape-zigzag,none,mixed,2 2 5 8 9 10
661WfhdQ00MVIZ,6,shape-L,none,mixed,3 4 4 5 9 11
661WbBaf00bhKf,6,shape-L,none,mixed,1 4 6 7 7 11
661WpASwW06Cyb,6,shape-L,none,mixed,2 3 4 4 11 12
661W8nHcOZ0oLh,6,shape-zigzag,none,mixed,1 4 5 6 10 10
661WrwrOW0iSMf,6,shape-L,none,mixed,2 4 4 7 8 11
661W0Qnp6zAG9K,6,shape-T,none,mixed,1 5 5 6 8 11
661WbgLg00cDnZ,6,shape-L,none,distinct,1 3 4 8 9 11
661WfhDQ007krf,6,shape-L,none,mixed,2 5 5 5 8 11
661WpFEP00lEPX,6,shape-L,none,distinct,2 3 4 6 10 11
661WfJlTW0aQLX,6,shape-L,none,mixed,1 3 6 6 9 11
661WbJtv00DEnb,6,shape-L,none,distinct,2 3 5 7 8 11
661WArTY8hCoJZ,6,shape-zigzag,none,mixed,2 5 5 6 8 10
661WhQsOW0CfQb,6,shape-L,none,mixed,2 4 5 7 7 11
661WZMcS01MhMZ,6,shape-L,none,mixed,2 4 6 6 7 11
661W1y4TIP9EPC,6,shape-heart,none,distinct,1 3 4 5 9 14
661W8nHc0fG-Pp,6,shape-zigzag,none,distinct,1 3 4 7 10 11
661Wfpcx006vHb,6,shape-L,none,mixed,2 3 3 7 10 11
661W0Snd6dE88O,6,shape-T,none,distinct,1 2 3 9 10 11
661W8pTgHn0YJh,6,shape-zigzag,none,distinct,1 3 4 7 10 11
661W9y4L2P9APj,6,shape-heart,none,mixed,2 3 5 5 7 14
661W0TzpEXRO8I,6,shape-T,none,mixed,1 3 3 7 11 11
661WXt_A014TSr,6,shape-L,none,distinct,2 3 5 7 8 11
661WbBDQW05grf,6,shape-L,none,mixed,2 3 4 5 11 11
661WAnJg8ZCYHp,6,shape-zigzag,none,mixed,1 2 7 7 9 10
661WXgKeW1kSpb,6,shape-L,none,distinct,1 3 4 8 9 11
661WfRCR00ah-p,6,shape-L,none,mixed,1 4 4 7 9 11
661W0Pnd6pcmCO,6,shape-T,none,mixed,2 4 4 7 8 11
661WvAcSW1bjMf,6,shape-L,none,distinct,1 4 5 6 9 11
661WhIkh00KVSb,6,shape-L,none,distinct,2 3 5 6 9 11
661W0wnd6hcGCO,6,shape-T,none,mixed,2 3 4 8 8 11
661W8vHgKb0cHZ,6,shape-zigzag,none,distinct,1 2 3 9 10 11
661W0vvp6fIW9O,6,shape-T,none,mixed,2 4 4 6 9 11
661W1QrhEZ28CO,6,shape-T,none,distinct,1 2 4 8 10 11
661WjdMj00c8Sf,6,shape-L,none,mixed,3 3 3 6 10 11
661W8rRo8X0wHp,6,shape-zigzag,none,distinct,1 3 4 7 10 11
661WfJMi00axqf,6,shape-L,none,mixed,2 3 6 6 8 11
661W0TpZ6fJG8O,6,shape-T,none,distinct,1 2 5 8 9 11
661W0wnZEhc0CO,6,shape-T,none,mixed,2 2 3 8 10 11
661WjQLAW16BnX,6,shape-L,none,mixed,2 2 2 9 10 11
661W0vndMX6mCO,6,shape-T,none,mixed,2 2 3 8 10 11
661WZZDB00sDwf,6,shape-L,none,mixed,1 1 5 6 11 12
661WXIUw01UAnh,6,shape-L,none,distinct,1 2 3 9 10 11
661WfJ_e00iOsf,6,shape-L,none,mixed,1 2 6 8 8 11
661Wxx-C0059Qf,6,shape-L,none,mixed,2 4 4 5 10 11
661W8rPc2b8kRZ,6,shape-zigzag,none,distinct,2 3 6 7 8 10
661WvcTQ00aDSp,6,shape-L,none,mixed,2 3 3 6 11 11
661WbxNO00kRIZ,6,shape-L,none,mixed,2 4 5 7 7 11
661WDtLg0XagPh,6,shape-zigzag,none,mixed,1 3 5 7 10 10
661WX7Sf00LhIr,6,shape-L,none,mixed,2 2 4 6 11 11
661WArTcGj4oJZ,6,shape-zigzag,none,mixed,1 5 5 6 9 10
661WnczO00qgpp,6,shape-L,none,mixed,2 3 3 7 10 11
661W0QnZ6x689I,6,shape-T,none,mixed,1 3 4 6 11 11
661W8nLwGbGYJZ,6,shape-zigzag,none,mixed,1 2 5 9 9 10
661W8nTo0rmYHh,6,shape-zigzag,none,mixed,2 2 3 8 10 11
661WAtLc8XegHh,6,shape-zigzag,none,mixed,2 4 4 8 8 10
661W8nRsOZ0YLZ,6,shape-zigzag,none,distinct,1 2 6 8 9 10
661W1Qxh6dIGCK,6,shape-T,none,progressive,1 3 5 7 9 11
661WnZKOW0LAMj,6,shape-L,none,mixed,2 2 3 8 10 11
661WArTo0rmYHZ,6,shape-zigzag,none,distinct,2 3 4 6 10 11
661W8nPcKX4oHl,6,shape-zigzag,none,mixed,1 3 3 9 10 10
661WdEjwW16FmX,6,shape-L,none,progressive,1 3 5 7 9 11
661WnJEQ00FQrf,6,shape-L,none,mixed,2 5 5 6 7 11
661W0Qnp6fpW8M,6,shape-T,none,mixed,1 2 4 9 9 11
661WfIqfW0KfKh,6,shape-L,none,mixed,1 5 6 6 7 11
661WArHYGd8oLZ,6,shape-zigzag,none,distinct,1 4 6 7 8 10
661WdALOW0jRIn,6,shape-L,none,mixed,1 5 6 6 7 11
661W8rPcCX0oHt,6,shape-zigzag,none,mixed,2 2 3 8 10 11
661W1PtZ6fgGCO,6,shape-T,none,mixed,2 4 4 7 8 11
661WtlMi005Qmf,6,shape-L,none,mixed,2 4 4 5 10 11
661WbBaR00agrj,6,shape-L,none,distinct,1 3 4 7 10 11
661WbUzSW0KyIn,6,shape-L,none,mixed,3 4 4 7 7 11
661W0OnddnZO9G,6,shape-T,none,mixed,1 2 3 8 11 11
661WfRsiW0aDLf,6,shape-L,none,mixed,2 3 5 5 10 11
661WhADg00Ki-f,6,shape-L,none,distinct,2 3 4 6 10 11
661WAnNY8hCYHp,6,shape-zigzag,none,mixed,1 2 5 9 9 10
661WrhKOW0EzpX,6,shape-L,none,mixed,2 4 4 7 8 11
661W0OplUXAWCO,6,shape-T,none,mixed,2 2 3 8 10 11
661WAnJcGX4oHp,6,shape-zigzag,none,mixed,1 1 6 9 9 10
661WvhCvW0blKX,6,shape-L,none,distinct,2 3 5 7 8 11
661WhpMiW14hHn,6,shape-L,none,mixed,1 4 5 5 10 11
661W1QxZ6jAWEG,6,shape-T,none,distinct,1 2 6 7 9 11
661WbQbA00KkKf,6,shape-L,none,mixed,1 4 4 7 9 11
661WfIig00Swsb,6,shape-L,none,mixed,2 5 5 6 7 11
661WdkzA0158pp,6,shape-L,none,mixed,1 3 3 7 11 11
661W0OnZMdAGCO,6,shape-T,none,distinct,1 2 5 8 9 11
661WnI_l00MAIf,6,shape-L,none,distinct,2 3 5 7 8 11
661WbAcA01M_Ib,6,shape-L,none,mixed,3 3 5 7 7 11
661WZJs8W0ikQd,6,shape-L,none,distinct,1 2 6 7 9 11
661WfIbP0169pb,6,shape-L,none,mixed,2 2 3 9 9 11
661W8pHwGbmYJZ,6,shape-zigzag,none,mixed,1 1 2 9 10 13
661WdAMA00KvQb,6,shape-L,none,progressive,1 3 5 7 9 11
661W0Trh6hJ08O,6,shape-T,none,distinct,1 2 5 8 9 11
661Wn6CPW1KfJn,6,shape-L,none,mixed,1 1 4 7 11 12
661WvdEu00CSxf,6,shape-L,none,mixed,1 4 4 7 9 11
661WfN4f00LEUj,6,shape-L,none,mixed,2 4 4 5 10 11
661W0Orl6bMmCO,6,shape-T,none,distinct,2 3 5 7 8 11
661W8nHc8Z4oLh,6,shape-zigzag,none,distinct,2 4 5 6 9 10
661WZdDO01SvIZ,6,shape-L,none,mixed,2 2 4 7 10 11
661W0Orpcl688L,6,shape-T,none,mixed,1 2 3 8 11 11
661WjYSg00dEqb,6,shape-L,none,distinct,1 3 6 7 8 11
661WrJbg00s8wr,6,shape-L,none,distinct,1 2 5 8 9 11
661WZAzQW0b9SZ,6,shape-L,none,mixed,1 5 5 6 8 11
661WCrHc0Z4wPh,6,shape-zigzag,none,distinct,1 3 6 7 9 10
661WnZ_j005QIf,6,shape-L,none,mixed,2 4 5 5 9 11
661W0vvt6bAe8Q,6,shape-T,none,mixed,2 2 5 8 8 11
661W0xnZ7nIW8m,6,shape-T,none,distinct,1 2 3 9 10 11
661WnpUg00cQof,6,shape-L,none,distinct,2 4 5 6 8 11
661WfZ-v00F9Lb,6,shape-L,none,distinct,2 3 5 6 9 11
661W0SxxUfU08I,6,shape-T,none,distinct,1 3 4 7 10 11
661WfISv00KhLf,6,shape-L,none,mixed,2 4 6 6 7 11
661WAnHk0hOgHp,6,shape-zigzag,none,distinct,1 4 5 7 9 10
661Wd35f00jxSf,6,shape-L,none,distinct,1 3 4 8 9 11
661W8nRYGZ0oJh,6,shape-zigzag,none,mixed,1 1 3 7 10 14
661W0vnZcZ6e9H,6,shape-T,none,mixed,2 3 3 7 10 11
661W1UvZEf28AG,6,shape-T,none,mixed,1 2 2 8 11 12
661W0_zhMn2W8K,6,shape-T,none,mixed,2 2 4 8 9 11
661WbIEDW0rELb,6,shape-L,none,mixed,1 2 5 6 11 11
661W0zvp6fIW8I,6,shape-T,none,distinct,2 3 4 7 9 11
661WpMKj006Qqn,6,shape-L,none,distinct,1 2 5 7 10 11
661W0zxpUbE09G,6,shape-T,none,distinct,1 3 6 7 8 11
661W0PtZcvgW9H,6,shape-T,none,mixed,3 3 4 7 8 11
661W8nHgIb0YLh,6,shape-zigzag,none,mixed,2 2 4 6 10 12
661W0Svt6nZO9G,6,shape-T,none,mixed,1 3 3 7 11 11
661W9i4LZP9EPC,6,shape-heart,none,distinct,2 3 4 6 7 14
661WjRSf00LfMX,6,shape-L,none,distinct,1 4 5 6 9 11
661WhJbg00aeor,6,shape-L,none,mixed,1 5 5 5 9 11
661WnYSC00Lxtd,6,shape-L,none,distinct,1 4 5 6 9 11
661W1Rpt6Xo8AI,6,shape-T,none,mixed,1 5 5 5 9 11
661WArRo8X0wHZ,6,shape-zigzag,none,mixed,1 4 4 6 10 11
661Whdb8W0sgrX,6,shape-L,none,mixed,1 3 6 6 9 11
661W8rHgAb4cTZ,6,shape-zigzag,none,mixed,2 2 3 8 10 11
661WbAqg00bBnZ,6,shape-L,none,distinct,1 3 6 7 8 11
661W0vnhlb6W9G,6,shape-T,none,mixed,2 2 3 8 10 11
661W0OrZEhEG9I,6,shape-T,none,distinct,2 4 5 6 8 11
661W0vrZ7bIW8H,6,shape-T,none,distinct,1 2 5 8 9 11
661WbAKh01ESIb,6,shape-L,none,distinct,2 3 4 6 10 11
661WCvHg2b4gHZ,6,shape-zigzag,none,mixed,2 2 5 8 9 10
661WZNMk01cEyX,6,shape-L,none,distinct,2 3 4 7 9 11
661W1OvpMZZ0CI,6,shape-T,none,distinct,1 2 4 6 11 12
661W0vvpcZ6eCm,6,shape-T,none,mixed,2 3 3 7 10 11
661W0xnpcfYW8q,6,shape-T,none,distinct,2 3 4 6 10 11
661W0QtdFr2W8H,6,shape-T,none,distinct,1 2 3 9 10 11
661WbojA015ESr,6,shape-L,none,mixed,2 4 4 7 8 11
661W0OnxMb68AI,6,shape-T,none,mixed,2 2 5 5 11 11
661W1i4LXRFEPC,6,shape-heart,none,mixed,2 3 3 6 8 14
661Wrk-C005fOr,6,shape-L,none,mixed,2 2 5 6 10 11
661WfdKe00cjTp,6,shape-L,none,mixed,3 3 5 5 9 11
661W8rHc8Z4sPh,6,shape-zigzag,none,distinct,2 4 5 6 9 10
661Whl4CW0MSrf,6,shape-L,none,mixed,2 3 3 4 11 13
661W1PpZkXYO9H,6,shape-T,none,distinct,1 3 4 7 10 11
661WXJafW0qjOp,6,shape-L,none,mixed,1 1 6 8 9 11
661WZdMeW1DQnf,6,shape-L,none,mixed,2 3 4 4 11 12
661WjUbj004RKn,6,shape-L,none,mixed,2 3 3 8 9 11
661WjANA00KTIb,6,shape-L,none,mixed,1 3 6 6 9 11
661W1Pph6hw0CO,6,shape-T,none,mixed,2 3 3 8 9 11
661WXNC901NCPt,6,shape-L,none,mixed,2 2 3 5 11 13
661W0OnZMhIWCO,6,shape-T,none,mixed,1 2 6 8 8 11
661W1Onx6pAG8M,6,shape-T,none,mixed,1 1 5 9 9 11
661WZAbSW1dUOb,6,shape-L,none,mixed,2 3 4 5 11 11
661W0Opl_XAW8I,6,shape-T,none,mixed,2 2 3 8 10 11
661WfIqk004Rob,6,shape-L,none,mixed,1 1 5 8 10 11
661WAtHg0ZuoLZ,6,shape-zigzag,none,distinct,1 4 6 7 8 10
661W1Qrhkb608o,6,shape-T,none,mixed,3 3 3 7 9 11
661WfJKOW0TxpX,6,shape-L,none,mixed,2 4 4 5 10 11
661W8rLc1f8gLp,6,shape-zigzag,none,mixed,1 5 5 7 8 10
661WfMyOW0KkQf,6,shape-L,none,mixed,3 3 4 6 9 11
661WXNEQ00jSOp,6,shape-L,none,mixed,2 2 3 7 11 11
661W0PpZ7jR08m,6,shape-T,none,distinct,1 2 5 8 9 11
661WnYUCW05hMd,6,shape-L,none,mixed,1 1 7 7 9 11
661W0Opd-Z2W8o,6,shape-T,none,mixed,1 3 3 7 11 11
661WArLY4XOoLZ,6,shape-zigzag,none,distinct,2 3 4 6 10 11
661W0RrplbYeAG,6,shape-T,none,distinct,1 3 6 7 8 11
661W0O_l6fM8CK,6,shape-T,none,distinct,2 3 5 7 8 11
661WndLh00LgKn,6,shape-L,none,mixed,3 4 4 7 7 11
661WrAKh00ESKf,6,shape-L,none,mixed,2 2 4 6 11 11
661W0vnZ6bAmAK,6,shape-T,none,mixed,2 4 6 6 7 11
661WzxqP014eJb,6,shape-L,none,mixed,1 3 3 6 11 12
661W0vrZ7fAm8H,6,shape-T,none,distinct,1 2 6 7 9 11
661W8nHg0peoJd,6,shape-zigzag,none,mixed,2 2 6 8 8 10
661W8nJYGd8YJd,6,shape-zigzag,none,distinct,1 2 6 8 9 10
661WXwsQW1LTOr,6,shape-L,none,mixed,2 2 3 6 11 12
661WbJMi017ARt,6,shape-L,none,mixed,2 2 5 8 8 11
661WrUcO00EhQh,6,shape-L,none,mixed,3 3 5 6 8 11
661W8vHgKb0YPp,6,shape-zigzag,none,distinct,2 3 4 6 10 11
661W0OnhEb68AK,6,shape-T,none,mixed,1 3 4 6 11 11
661WXIVzW1Mgmf,6,shape-L,none,mixed,2 3 3 6 11 11
661WAnJcOX4YHp,6,shape-zigzag,none,mixed,1 1 6 9 9 10
661W0Qrh-n288o,6,shape-T,none,distinct,1 3 4 7 10 11
661WrlTOW1CvGn,6,shape-L,none,mixed,1 4 4 6 10 11
661W0SxpMhIG8I,6,shape-T,none,mixed,1 3 7 7 7 11
661WbAFj00rgof,6,shape-L,none,distinct,2 3 5 6 9 11
661Wb2jP00bAzv,6,shape-L,none,mixed,2 4 4 7 8 11
661W8nLwGfGYJZ,6,shape-zigzag,none,mixed,1 3 4 9 9 10
661W0wrZ6fgGCO,6,shape-T,none,distinct,2 3 5 7 8 11
661WApLY8r0gHp,6,shape-zigzag,none,mixed,1 2 4 9 10 10
661W8rLY2XOoLp,6,shape-zigzag,none,mixed,2 2 5 5 10 12
661WfQsj004gSv,6,shape-L,none,distinct,2 4 5 6 8 11
661WCnLY0bOoPp,6,shape-zigzag,none,mixed,2 2 5 8 9 10
661WZArA00bBQb,6,shape-L,none,mixed,1 5 6 6 7 11
661WzBD900seqb,6,shape-L,none,mixed,1 1 5 5 11 13
661W0PnpMX7e9K,6,shape-T,none,mixed,1 2 5 5 11 12
661WfQtO00KTMh,6,shape-L,none,distinct,2 3 5 7 8 11
661WdEbA01MkGf,6,shape-L,none,mixed,2 3 4 5 11 11
661W8nH-8d0oJZ,6,shape-zigzag,none,mixed,1 1 5 9 10 10
661WCvHg4b4gHZ,6,shape-zigzag,none,distinct,2 3 4 8 9 10
661WZZSvW0NESf,6,shape-L,none,mixed,3 3 5 6 8 11
661W0Ovxsb68Cm,6,shape-T,none,mixed,2 2 3 7 11 11
661WbBM800jxnZ,6,shape-L,none,mixed,2 2 5 6 10 11
661W8nTs8j0oHh,6,shape-zigzag,none,mixed,1 2 5 8 10 10
661WbNlA00iiGr,6,shape-L,none,mixed,2 2 3 6 11 12
661WfB6R00bUnb,6,shape-L,none,distinct,1 3 4 5 11 12
661WXIrz00bSUx,6,shape-L,none,mixed,3 3 5 7 7 11
661WrAbC01bQnZ,6,shape-L,none,mixed,1 4 5 5 10 11
661Wjsbh01a8Qj,6,shape-L,none,distinct,1 3 4 8 9 11
661W8vJc8b8cHZ,6,shape-zigzag,none,mixed,1 4 6 6 9 10
661WbYKg01qfyv,6,shape-L,none,distinct,1 2 5 7 10 11
661Wl-Li015PHh,6,shape-L,none,distinct,2 3 5 6 9 11
661WnI-PW06--n,6,shape-L,none,distinct,1 4 5 6 9 11
661W8nJs8Z4YHd,6,shape-zigzag,none,distinct,1 2 6 8 9 10
661WZArg00b8vp,6,shape-L,none,mixed,1 3 6 6 9 11
661Wxhr900LDmn,6,shape-L,none,mixed,1 3 4 6 11 11
661W0S_lEZIGAG,6,shape-T,none,mixed,2 2 4 8 9 11
661WArLg0dGYHh,6,shape-zigzag,none,mixed,1 2 5 8 10 10
661WCvJc8X0oHZ,6,shape-zigzag,none,mixed,1 2 5 8 10 10
661W0RnlMnR8CO,6,shape-T,none,mixed,2 3 4 8 8 11
661W1OtZcrIG9m,6,shape-T,none,mixed,1 1 7 7 9 11
661WvptiW04RHX,6,shape-L,none,mixed,1 4 4 5 11 11
661WXQrA00Kjrh,6,shape-L,none,mixed,2 3 4 5 11 11
661WArPc2b8gHd,6,shape-zigzag,none,distinct,2 3 6 7 8 10
661W8nLk0ZG-Pp,6,shape-zigzag,none,distinct,1 3 6 7 9 10
661Wb65801Uyvh,6,shape-L,none,mixed,2 3 3 5 11 12
661W0OpZ6bAmCO,6,shape-T,none,mixed,1 2 6 8 8 11
661WbEVQW0KPvX,6,shape-L,none,distinct,2 3 4 6 10 11
661W0vpZ7jQ08m,6,shape-T,none,mixed,1 2 4 9 9 11
661W9nRY0XWoLd,6,shape-zigzag,none,mixed,1 1 3 7 10 14
661WZgql017TOX,6,shape-L,none,distinct,1 3 4 8 9 11
661W8nHkGb0wJd,6,shape-zigzag,none,mixed,1 2 2 8 10 13
661W0OnhMZAGAK,6,shape-T,none,mixed,1 4 4 6 10 11
661W0Svxlb688G,6,shape-T,none,mixed,1 3 5 5 11 11
661WCvHgGb4gHZ,6,shape-zigzag,none,mixed,2 2 5 8 9 10
661WdEsP00CwtX,6,shape-L,none,distinct,2 3 4 7 9 11
661WrcKeW0LhTn,6,shape-L,none,mixed,2 5 5 6 7 11
661W8rNg0h8YHx,6,shape-zigzag,none,mixed,1 2 5 9 9 10
661Wfd4y016zvj,6,shape-L,none,distinct,2 4 5 6 8 11
661WvZMU006frj,6,shape-L,none,distinct,1 4 5 6 9 11
661WvkCfW0aCNn,6,shape-L,none,distinct,1 2 4 5 11 13
661W0wr_tXYOAG,6,shape-T,none,distinct,1 3 6 7 8 11
661W1Qpt6XIOBG,6,shape-T,none,mixed,1 1 5 9 9 11
661W9tPY4XGcPd,6,shape-zigzag,none,mixed,2 3 5 5 10 11
661W0PthtXR09G,6,shape-T,none,mixed,1 2 6 8 8 11
661WjQj9016Aqb,6,shape-L,none,mixed,2 2 5 7 9 11
661W8nHoGd8oHd,6,shape-zigzag,none,mixed,1 1 7 8 9 10
661W8nRs8X0oHh,6,shape-zigzag,none,mixed,1 2 5 8 10 10
661WfQL9016Bwr,6,shape-L,none,mixed,2 4 4 5 10 11
661W0vnpcfIWAH,6,shape-T,none,mixed,2 4 4 6 9 11
661WvAqO00MkId,6,shape-L,none,mixed,1 1 6 7 10 11
661W1QvpcfIW8P,6,shape-T,none,distinct,2 3 4 7 9 11
661W8nJwGb8YJZ,6,shape-zigzag,none,distinct,1 2 6 8 9 10
661WApLg0nagHp,6,shape-zigzag,none,mixed,1 2 5 9 9 10
661W0QndFrQW8H,6,shape-T,none,distinct,1 4 5 6 9 11
661WjASg00CSof,6,shape-L,none,mixed,1 2 5 6 11 11
661WbZMw007Uod,6,shape-L,none,mixed,1 4 4 8 8 11
661W8nPsOZ0oHh,6,shape-zigzag,none,mixed,1 2 5 8 10 10
661WhxjgW06eVf,6,shape-L,none,mixed,2 3 4 8 8 11
661WjILA00KlKf,6,shape-L,none,distinct,1 4 5 7 8 11
661WCrJkGb0gPh,6,shape-zigzag,none,mixed,2 2 3 7 10 12
661W0vpZ6fIGCO,6,shape-T,none,mixed,2 3 4 8 8 11
661Wxxcf004P-j,6,shape-L,none,distinct,3 4 5 6 7 11
661W8rRY1b8cPd,6,shape-zigzag,none,mixed,1 5 5 6 9 10
661WXIyv01MgLf,6,shape-L,none,mixed,2 4 4 7 8 11
661Wtt5A00DyGf,6,shape-L,none,mixed,2 2 3 5 11 13
661WnYdyW15eob,6,shape-L,none,mixed,1 2 5 5 11 12
661WrlzA004gIr,6,shape-L,none,mixed,2 4 5 7 7 11
661W0UvhMvAG8K,6,shape-T,none,distinct,1 2 4 8 10 11
661WttMQW0LSMX,6,shape-L,none,mixed,3 3 3 6 10 11
661W0QpdEfp0CO,6,shape-T,none,distinct,2 4 5 6 8 11
661WxlUh00aSIX,6,shape-L,none,mixed,2 4 4 7 8 11
661WCvJk0d0gHZ,6,shape-zigzag,none,mixed,1 2 2 8 10 13
661W0SvpkdEG8H,6,shape-T,none,mixed,2 4 4 6 9 11
661W0Opd6Z6mCO,6,shape-T,none,distinct,1 2 4 8 10 11
661WbozR015DrX,6,shape-L,none,distinct,1 3 4 7 10 11
661WZM59W0rivf,6,shape-L,none,mixed,1 2 5 6 11 11
661WjMkzW0KfOX,6,shape-L,none,mixed,2 4 6 6 7 11
661WfN5AW0LiOh,6,shape-L,none,mixed,1 4 4 5 11 11
661W0RrhMXZWCO,6,shape-T,none,mixed,1 2 7 7 8 11
661WvoSe00iQsf,6,shape-L,none,mixed,1 2 6 8 8 11
661W0unZ7voW8m,6,shape-T,none,mixed,1 2 4 9 9 11
661W0__Z6bg0AG,6,shape-T,none,mixed,2 2 4 8 9 11
661WhIaf00KfIr,6,shape-L,none,mixed,1 4 6 6 8 11
661WAnHY0pagHp,6,shape-zigzag,none,distinct,1 2 6 8 9 10
661W0RpZ7rR08H,6,shape-T,none,distinct,1 3 4 8 9 11
661W0OvpMdAGCI,6,shape-T,none,distinct,1 4 5 6 9 11
661W0vpdMZ28CO,6,shape-T,none,distinct,1 2 4 8 10 11
661WbBUyW0avmf,6,shape-L,none,mixed,2 3 3 8 9 11
661WArHkGb4oHh,6,shape-zigzag,none,mixed,2 2 6 8 8 10
661WZgsh01LwOX,6,shape-L,none,mixed,3 3 4 6 9 11
661W0OrdlbIm9G,6,shape-T,none,mixed,2 2 6 7 8 11
661Whgi900NhRh,6,shape-L,none,mixed,2 4 5 5 9 11
661WbAsQW0KxGb,6,shape-L,none,mixed,1 2 3 8 11 11
661W1i4LnPFEPC,6,shape-heart,none,distinct,2 3 4 5 8 14
661WXArAW0b9Qt,6,shape-L,none,distinct,1 4 5 6 9 11
661WjQsg00KPnZ,6,shape-L,none,mixed,3 3 3 8 8 11
661WrJDA00NiGj,6,shape-L,none,mixed,1 2 4 4 11 14
661WfpyQ014frd,6,shape-L,none,distinct,1 3 4 8 9 11
661W0OrZsfEO8o,6,shape-T,none,distinct,2 3 5 7 8 11
661W1Pp_lbc08K,6,shape-T,none,mixed,3 3 6 6 7 11
661WxtDP005enb,6,shape-L,none,mixed,2 3 3 8 9 11
661WXcKh01DQKv,6,shape-L,none,mixed,1 2 6 8 8 11
661W0vnZdfIW8I,6,shape-T,none,mixed,2 2 4 8 9 11
661W1QnZ6jAGCO,6,shape-T,none,mixed,2 2 6 7 8 11
661Wj_yO00M9Ip,6,shape-L,none,mixed,3 3 4 4 11 11
661W0OrZkfAO8J,6,shape-T,none,mixed,1 1 6 8 9 11
661W0Ond6Z6OCO,6,shape-T,none,mixed,1 2 3 8 11 11
661WrgCOW0LhMZ,6,shape-L,none,mixed,1 4 6 6 8 11
661W8nHwKb0YHd,6,shape-zigzag,none,distinct,1 2 3 9 10 11
661W0OtlEhI0AK,6,shape-T,none,mixed,2 4 4 6 9 11
661WfIUwW0rQmf,6,shape-L,none,mixed,3 3 4 5 10 11
661Wv7MA00czSf,6,shape-L,none,mixed,1 4 4 7 9 11
661W1TvpcfoW8m,6,shape-T,none,mixed,3 3 4 6 9 11
661W0OnZMbEOCO,6,shape-T,none,mixed,2 2 4 8 9 11
661WpALA00ETQb,6,shape-L,none,distinct,2 3 5 6 9 11
661WvIsEW06frf,6,shape-L,none,mixed,1 2 7 7 8 11
661W0OpZlhMG9G,6,shape-T,none,mixed,2 2 6 7 8 11
661W8nJgGZ8YJd,6,shape-zigzag,none,mixed,1 2 7 8 8 10
661WXALv00bBvr,6,shape-L,none,mixed,1 3 5 8 8 11
661W0OrZ7jIW8H,6,shape-T,none,mixed,1 1 6 8 9 11
661W0Opp6vpG8M,6,shape-T,none,distinct,1 3 4 8 9 11
661Wjd6DW0c8Pf,6,shape-L,none,mixed,1 3 3 3 11 15
661W8nPw8b4gLZ,6,shape-zigzag,none,distinct,2 3 4 8 9 10
661W0UrZ6bpW8O,6,shape-T,none,distinct,1 2 5 8 9 11
661W0PpZ7rh08H,6,shape-T,none,distinct,1 3 4 8 9 11
661WbAkO00Kwrd,6,shape-L,none,mixed,1 5 5 6 8 11
661WfMkS004jQp,6,shape-L,none,mixed,3 3 4 7 8 11
661W0vpx6ZAWBG,6,shape-T,none,distinct,1 2 6 7 9 11
661WpdrA00ahKX,6,shape-L,none,distinct,1 2 5 7 10 11
661W0OtdddMG9G,6,shape-T,none,mixed,2 3 4 8 8 11
661W0OrdEjA09I,6,shape-T,none,mixed,1 4 4 6 10 11
661W0xrpcnAmAH,6,shape-T,none,distinct,2 4 5 6 8 11
661WbZDwW14ewv,6,shape-L,none,mixed,2 3 3 6 11 11
661W0Ond6dEGAK,6,shape-T,none,mixed,2 4 4 6 9 11
661WAnHY4nWYHp,6,shape-zigzag,none,distinct,1 2 3 9 10 11
661WfJUwW05vLf,6,shape-L,none,mixed,2 3 4 8 8 11
661W1Pxp6rg0CI,6,shape-T,none,mixed,1 4 4 6 10 11
661W8rJg0d8YHx,6,shape-zigzag,none,mixed,1 1 6 9 9 10
661W0Qpt6vI89K,6,shape-T,none,mixed,1 5 5 7 7 11
661W1Oxd6vI8EG,6,shape-T,none,mixed,1 1 7 7 9 11
661WXYTP01qfqh,6,shape-L,none,mixed,1 2 5 5 11 12
661WpATB006DRh,6,shape-L,none,mixed,2 3 4 5 11 11
661W0OrhkXMe8J,6,shape-T,none,mixed,1 1 4 9 10 11
661WfhNC015VIb,6,shape-L,none,mixed,3 4 4 7 7 11
661W8nJcOZ0YJd,6,shape-zigzag,none,distinct,1 2 6 8 9 10
661W0OrpthAGAG,6,shape-T,none,distinct,1 3 6 7 8 11
661WZd6h00cSQj,6,shape-L,none,mixed,2 4 4 5 10 11
661W0wnZMZoWAK,6,shape-T,none,mixed,1 3 4 6 11 11
661W8_To2r0YPZ,6,shape-zigzag,none,mixed,2 2 3 7 10 12
661WfITh00Kgof,6,shape-L,none,distinct,1 4 5 7 8 11
661WrYMxW0LQQn,6,shape-L,none,mixed,2 2 3 8 10 11
661W8tLc8pCYLp,6,shape-zigzag,none,mixed,2 4 5 5 10 10
661WbMiOW0KjQn,6,shape-L,none,mixed,2 4 4 7 8 11
661W8vJY2X0sHZ,6,shape-zigzag,none,mixed,1 1 2 9 10 13
661WZIjf00bDwf,6,shape-L,none,mixed,1 5 6 6 7 11
661W0TrZ6bJW8O,6,shape-T,none,mixed,1 1 6 8 9 11
661W0OnhEZEGCO,6,shape-T,none,mixed,2 2 3 8 10 11
661WArLkGf4oHh,6,shape-zigzag,none,distinct,2 3 6 7 8 10
661W0OrhNfAG8m,6,shape-T,none,distinct,1 3 4 8 9 11
661W0SvxEb688I,6,shape-T,none,mixed,1 3 3 7 11 11
661WfAEiW0KjNf,6,shape-L,none,mixed,2 4 5 5 9 11
661W0OpZ6jQGCO,6,shape-T,none,mixed,2 2 6 7 8 11
661WhILf00rkuX,6,shape-L,none,mixed,2 4 4 5 10 11
661W0QnZspIW8o,6,shape-T,none,progressive,1 3 5 7 9 11
661WrAiO01KhIh,6,shape-L,none,distinct,1 2 6 7 9 11
661W0T_Z6fR08K,6,shape-T,none,distinct,1 2 5 8 9 11
661W0OvpcvpWCH,6,shape-T,none,mixed,3 3 5 5 9 11
661WdBr800TPvZ,6,shape-L,none,mixed,1 3 5 8 8 11
661WpMkPW1MumX,6,shape-L,none,mixed,1 4 4 5 11 11
661WXpb9W1LCup,6,shape-L,none,mixed,1 2 6 6 10 11
661W8nRY4X0oJh,6,shape-zigzag,none,mixed,1 3 3 7 10 12
661WhMEA00rQKb,6,shape-L,none,mixed,3 3 4 4 11 11
661W0OrhlZIe8I,6,shape-T,none,mixed,1 2 6 8 8 11
661W0Opd7bAe8H,6,shape-T,none,distinct,1 2 5 8 9 11
661W0vr_cXMmAH,6,shape-T,none,distinct,2 3 4 6 10 11
661W8nTo0rmYLZ,6,shape-zigzag,none,mixed,2 2 3 8 10 11
661W1QxhMfAWAO,6,shape-T,none,distinct,2 3 5 7 8 11
661W8nPc4b8gHl,6,shape-zigzag,none,distinct,1 3 5 8 9 10
661W0Ovd6dE8AO,6,shape-T,none,mixed,2 3 3 7 10 11
661W8vNc8bGcHZ,6,shape-zigzag,none,mixed,1 5 5 6 9 10
661W8nJc8X0oLh,6,shape-zigzag,none,mixed,1 4 5 6 10 10
661W1PxdMZc0AO,6,shape-T,none,mixed,1 3 7 7 7 11
661W9tRg0h8cPd,6,shape-zigzag,none,mixed,2 5 5 5 9 10
661WZFli005QxZ,6,shape-L,none,mixed,2 4 4 5 10 11
661WnIzgW0MfLb,6,shape-L,none,mixed,3 4 4 5 9 11
661WBtTY0bGYJZ,6,shape-zigzag,none,mixed,2 3 5 5 10 11
661W0Onh6dAGAK,6,shape-T,none,distinct,1 4 5 6 9 11
661W_ETuW0EPmX,6,shape-L,none,mixed,1 1 5 8 10 11
661WvgLAW0aDKh,6,shape-L,none,distinct,1 2 5 7 10 11
661W0vxh6ZAWAO,6,shape-T,none,mixed,2 3 6 7 7 11
661W8nPwGrWYLZ,6,shape-zigzag,none,mixed,2 2 2 8 10 12
661W0Ord6fAOCO,6,shape-T,none,mixed,1 2 6 8 8 11
661W0OpZMX6uCO,6,shape-T,none,mixed,1 2 2 8 11 12
661W0PnZMhJ0CO,6,shape-T,none,distinct,1 2 5 8 9 11
661Wzp4eW0KENj,6,shape-L,none,mixed,1 3 3 5 11 13
661W1QrZ7fAG8m,6,shape-T,none,distinct,1 2 6 7 9 11
661Wt_jS00MOKZ,6,shape-L,none,mixed,2 3 4 5 11 11
661W8nRc8X0oJh,6,shape-zigzag,none,mixed,1 3 5 7 10 10
661W0PppcvoGAH,6,shape-T,none,distinct,2 4 5 6 8 11
661WfQ-k00Kiqb,6,shape-L,none,mixed,2 5 6 6 6 11
661W0R_p6bh08Q,6,shape-T,none,mixed,2 2 5 8 8 11
661W9nRY0r8YLd,6,shape-zigzag,none,mixed,1 3 5 7 10 10
661WbBTwW0aeuv,6,shape-L,none,distinct,2 3 5 6 9 11
661W0PnpcbBm8L,6,shape-T,none,mixed,1 2 6 8 8 11
661WAnJg0Z8oHp,6,shape-zigzag,none,mixed,1 1 7 8 9 10
661WZRiOW0iyzf,6,shape-L,none,mixed,3 3 4 7 8 11
661W1QphUXQ8CO,6,shape-T,none,mixed,1 2 6 8 8 11
661WbNb900aivh,6,shape-L,none,mixed,2 3 6 6 8 11
661WbIVD00Klqb,6,shape-L,none,mixed,2 3 6 6 8 11
661W0OvpEbAOCI,6,shape-T,none,distinct,1 4 5 6 9 11
661W8pLYGp8oLh,6,shape-zigzag,none,mixed,1 4 5 6 10 10
661W8nP-2Z8gLZ,6,shape-zigzag,none,mixed,2 2 5 8 9 10
661W0PnZdfJW8I,6,shape-T,none,distinct,1 2 5 8 9 11
661WbBrgW0agmZ,6,shape-L,none,distinct,1 2 5 7 10 11
661WbBd8W0LQrf,6,shape-L,none,mixed,2 4 5 7 7 11
661WbBdSW0agnb,6,shape-L,none,distinct,2 3 4 7 9 11
661WZ7z800TQMb,6,shape-L,none,mixed,1 3 3 9 9 11
661WdFiO01ckKZ,6,shape-L,none,mixed,2 3 4 4 11 12
661W8nHgAb4YLh,6,shape-zigzag,none,distinct,2 3 4 6 10 11
661W0QnpczAGAH,6,shape-T,none,mixed,1 4 6 6 8 11
661WAnHY0jOoHp,6,shape-zigzag,none,mixed,1 3 4 9 9 10
661W8rLY0fOoHx,6,shape-zigzag,none,mixed,1 2 4 9 10 10
661WjRchW05RGZ,6,shape-L,none,distinct,1 2 4 8 10 11
661WXAq900rfRt,6,shape-L,none,mixed,2 2 4 8 9 11
661W0S_psdIG8m,6,shape-T,none,mixed,1 4 6 6 8 11
661W0xzh6ZYWAO,6,shape-T,none,distinct,2 3 5 7 8 11
661WpZrSW0c-QX,6,shape-L,none,distinct,2 3 4 6 10 11
661W1Qvp6nIW8Q,6,shape-T,none,distinct,1 2 4 8 10 11
661W1Qntkf2G8L,6,shape-T,none,mixed,2 2 2 8 11 11
661W8nVY0fOYLd,6,shape-zigzag,none,distinct,1 3 4 7 10 11
661WbAkT004hRv,6,shape-L,none,mixed,2 4 4 5 10 11
661W1PrZ6boWCO,6,shape-T,none,mixed,2 3 4 8 8 11
661WXAsRW0bwRn,6,shape-L,none,mixed,1 5 5 6 8 11
661W0OphsZAW9m,6,shape-T,none,mixed,1 1 5 9 9 11
661W8nVc0dKYNZ,6,shape-zigzag,none,distinct,1 3 5 8 9 10
661W1RtZ7XBG8m,6,shape-T,none,mixed,1 2 4 9 9 11
661WXlVA016yQb,6,shape-L,none,distinct,1 2 5 7 10 11
661WArLg4f4gHh,6,shape-zigzag,none,mixed,2 3 5 8 8 10
661W1OvZEXZ8CK,6,shape-T,none,distinct,1 2 3 7 11 12
661W1y4LaPBAPD,6,shape-heart,none,distinct,1 2 4 6 9 14
661W0Ppd6Z7W9I,6,shape-T,none,distinct,1 4 5 6 9 11
661WXobi00cTvp,6,shape-L,none,mixed,1 4 6 6 8 11
661WbhTA016jIf,6,shape-L,none,distinct,3 4 5 6 7 11
661W0OrxsfAG8L,6,shape-T,none,mixed,2 3 4 8 8 11
661WfNaOW0bhMn,6,shape-L,none,distinct,1 4 5 6 9 11
661WvJb900NAqf,6,shape-L,none,mixed,1 4 6 6 8 11
661WArTY0rmYJZ,6,shape-zigzag,none,mixed,2 3 5 5 10 11
661W0vrh7ZQG8m,6,shape-T,none,distinct,1 4 5 6 9 11
661W8vHY0jOsHZ,6,shape-zigzag,none,mixed,1 3 4 9 9 10
661W0vrhMXIWAK,6,shape-T,none,mixed,2 4 6 6 7 11
661WrsN800qVMr,6,shape-L,none,distinct,2 3 4 7 9 11
661W1OnZ7rAG8m,6,shape-T,none,mixed,1 1 6 8 9 11
661W0OtpdbQG8K,6,shape-T,none,distinct,1 3 6 7 8 11
661WvIaf01KfIb,6,shape-L,none,distinct,1 4 5 6 9 11
661W0QrhEfd0CO,6,shape-T,none,mixed,2 4 4 7 8 11
661W0SrZ6fQm8O,6,shape-T,none,distinct,1 2 6 7 9 11
661WfEUf01MSub,6,shape-L,none,distinct,2 4 5 6 8 11
661W0PphMpg0AK,6,shape-T,none,distinct,1 4 5 6 9 11
661W1Und6h6G8O,6,shape-T,none,mixed,1 2 4 9 9 11
661W0RtZcfh09H,6,shape-T,none,distinct,2 3 4 7 9 11
661WbBaf00LhIb,6,shape-L,none,mixed,1 4 6 7 7 11
661WAnHg0hOoHp,6,shape-zigzag,none,mixed,1 4 4 8 9 10
661WfICP00bCPx,6,shape-L,none,mixed,2 2 3 4 11 14
661WXZLhW0ciTv,6,shape-L,none,mixed,1 5 5 6 8 11
661WlIsA00CxOX,6,shape-L,none,mixed,1 1 2 7 11 14
661WhVkO00DiKZ,6,shape-L,none,mixed,1 3 4 6 11 11
661WnRr900cjun,6,shape-L,none,mixed,2 4 4 6 9 11
661W1UrZ6fAG8O,6,shape-T,none,distinct,1 2 6 7 9 11
661WZQMj01MhOX,6,shape-L,none,mixed,2 4 5 5 9 11
661WrBC901LALd,6,shape-L,none,mixed,1 2 5 6 11 11
661WvIaw0149nd,6,shape-L,none,mixed,1 1 3 10 10 11
661WnhkU007TMZ,6,shape-L,none,distinct,1 4 5 7 8 11
661WndDx014eIp,6,shape-L,none,mixed,1 3 3 6 11 12
661WArHY8nWgHh,6,shape-zigzag,none,mixed,2 2 4 8 10 10
661W0Opt-X6W8L,6,shape-T,none,mixed,1 2 3 8 11 11
661WXoCx01NhqZ,6,shape-L,none,mixed,1 1 5 8 10 11
661WjRjj00LQIf,6,shape-L,none,mixed,2 4 5 5 9 11
661WhIL800SxIr,6,shape-L,none,mixed,1 2 7 7 8 11
661Wntk800EjQb,6,shape-L,none,mixed,2 4 4 6 9 11
661W0QrZMpAGAK,6,shape-T,none,mixed,1 4 6 7 7 11
661W0Pnp6fJW9K,6,shape-T,none,mixed,1 5 5 5 9 11
661W0Snd6bAO8O,6,shape-T,none,mixed,1 1 5 9 9 11
661W0Tnh6rce8O,6,shape-T,none,mixed,1 4 4 7 9 11
661WvZDOW0Menf,6,shape-L,none,mixed,1 3 3 6 11 12
661W1Qnh7hAG8H,6,shape-T,none,distinct,1 2 5 8 9 11
661W0Onxcd68AH,6,shape-T,none,mixed,1 3 4 6 11 11
661WfxKe01TSqf,6,shape-L,none,distinct,2 3 5 6 9 11
661WhR6SW05Qvb,6,shape-L,none,mixed,2 3 3 7 10 11
661W8pLg8ZaYJd,6,shape-zigzag,none,mixed,2 2 5 8 9 10
661WbgTA015BKj,6,shape-L,none,distinct,1 4 5 7 8 11
661WXxtD00cDob,6,shape-L,none,mixed,2 3 5 5 10 11
661W0OnpEhMWBG,6,shape-T,none,distinct,1 2 6 7 9 11
661WAnNc0f8gHp,6,shape-zigzag,none,mixed,1 2 5 9 9 10
661WnhMg00LQun,6,shape-L,none,mixed,3 3 4 6 9 11
661WnJtj007QKf,6,shape-L,none,mixed,2 4 6 6 7 11
661W8pTY4n8oHl,6,shape-zigzag,none,distinct,1 3 5 8 9 10
661WX6cO01M-zt,6,shape-L,none,mixed,1 5 6 6 7 11
661W8rRY8X0wJp,6,shape-zigzag,none,mixed,1 4 4 6 10 11
661WZcSe01lUub,6,shape-L,none,mixed,1 3 4 6 11 11
661WbMyf00KkKr,6,shape-L,none,mixed,2 4 5 7 7 11
661W8nLg0pmYJd,6,shape-zigzag,none,mixed,2 2 4 8 10 10
661W1vppdrA0AG,6,shape-T,none,progressive,1 3 5 7 9 11
661WnYiO00LhMh,6,shape-L,none,mixed,2 2 4 8 9 11
661Wjcj800d9xh,6,shape-L,none,mixed,3 3 4 6 9 11
661WCtToGdWYPZ,6,shape-zigzag,none,mixed,1 4 5 5 10 11
661WArPs8Z4oHZ,6,shape-zigzag,none,distinct,2 4 5 6 9 10
661WfJEf00jfGj,6,shape-L,none,distinct,1 2 4 5 11 13
661W0Qvp6fpWDG,6,shape-T,none,mixed,2 2 4 8 9 11
661WfBUOW0DEUn,6,shape-L,none,progressive,1 3 5 7 9 11
661W1y4LePBAPD,6,shape-heart,none,mixed,1 2 5 5 9 14
661W8pTo0rGYHh,6,shape-zigzag,none,mixed,2 2 3 8 10 11
661WXcSf01DQqr,6,shape-L,none,distinct,2 3 5 7 8 11
661W0UnZUnMW8O,6,shape-T,none,mixed,1 1 5 9 9 11
661W0OxpshIGCm,6,shape-T,none,mixed,1 3 7 7 7 11
661WbM-k00Kiyb,6,shape-L,none,mixed,2 4 6 6 7 11
661W0SvlEZAG8K,6,shape-T,none,mixed,2 2 3 8 10 11
661WbUTf00zyQX,6,shape-L,none,mixed,2 2 5 8 8 11
661Wvt4R00CxNr,6,shape-L,none,distinct,2 3 5 7 8 11
661WbBLh00LBIb,6,shape-L,none,mixed,2 4 6 6 7 11
661WrYDQ00sinf,6,shape-L,none,mixed,2 2 4 5 11 12
661W0SvdEZ6G8K,6,shape-T,none,mixed,2 2 2 8 11 11
661W1RphsfB09H,6,shape-T,none,mixed,2 3 6 7 7 11
661WhMrf00KiyX,6,shape-L,none,distinct,2 4 5 6 8 11
661WfhTA00cjGj,6,shape-L,none,distinct,1 3 4 5 11 12
661W8pHY8haYJd,6,shape-zigzag,none,mixed,2 2 3 8 10 11
661W0OrZEfAOCO,6,shape-T,none,mixed,1 2 6 8 8 11
661W0OtZcbQG9H,6,shape-T,none,distinct,1 3 6 7 8 11
661WnUjR006APp,6,shape-L,none,distinct,2 3 5 6 9 11
661WArHc8Z4oLZ,6,shape-zigzag,none,distinct,2 4 5 6 9 10
661W0wnhMfgGCO,6,shape-T,none,mixed,2 3 4 8 8 11
661WfBtA01FEIb,6,shape-L,none,mixed,2 4 5 7 7 11
661W0OxpkbAeCH,6,shape-T,none,mixed,1 5 5 6 8 11
661WrhMh00aOIb,6,shape-L,none,mixed,2 4 4 6 9 11
661WX7cOW1FjQj,6,shape-L,none,distinct,1 2 6 7 9 11
661WbgbA00lSKf,6,shape-L,none,mixed,2 4 4 4 11 11
661W0vzZ6bIWCK,6,shape-T,none,distinct,2 3 5 7 8 11
661W0zvp6bAm9G,6,shape-T,none,mixed,2 3 6 7 7 11
661WXFlQ00jAvn,6,shape-L,none,distinct,2 4 5 6 8 11
661W1OvdErA0CK,6,shape-T,none,distinct,1 3 4 7 10 11
661WX6Ce00jQtx,6,shape-L,none,progressive,1 3 5 7 9 11
661W1QvZEf28CK,6,shape-T,none,distinct,1 2 3 7 11 12
661WbZrA016lKf,6,shape-L,none,distinct,1 3 6 7 8 11
661WdViOW0biKX,6,shape-L,none,mixed,1 2 5 5 11 12
661W1QnZEh60CO,6,shape-T,none,mixed,2 2 2 8 11 11
661WZMkC01MiOb,6,shape-L,none,mixed,2 3 4 4 11 12
661WfEUS00KjQZ,6,shape-L,none,mixed,2 2 6 7 8 11
661WfxCg01LCsf,6,shape-L,none,distinct,2 3 5 6 9 11
661W8nHY8dCoLh,6,shape-zigzag,none,mixed,2 4 6 7 7 10
661W0zzZ6bIW8K,6,shape-T,none,mixed,2 2 5 8 8 11
661Wr6Kf01KfUb,6,shape-L,none,distinct,1 4 5 6 9 11
661Wpcsh00DwKX,6,shape-L,none,distinct,2 4 5 6 8 11
661W9pRgGf8YLd,6,shape-zigzag,none,distinct,2 3 6 7 8 10
661WXYFgW1DhNf,6,shape-L,none,mixed,3 3 4 6 9 11
661Wrhif00KhMX,6,shape-L,none,distinct,2 3 5 6 9 11
661W0zrZ6bIW8O,6,shape-T,none,distinct,1 2 5 8 9 11
661W0Ond7fIu8m,6,shape-T,none,mixed,1 1 6 8 9 11
661W1OnZdvIW9G,6,shape-T,none,distinct,1 2 5 8 9 11
661WCnNkGXGgPp,6,shape-zigzag,none,mixed,2 2 7 7 8 10
661W0SzZMhAG8K,6,shape-T,none,mixed,1 2 6 8 8 11
661W0vrZcjI09m,6,shape-T,none,mixed,1 1 4 9 10 11
661WbNDPW0biuf,6,shape-L,none,mixed,3 3 5 6 8 11
661WAtTY0rGYJZ,6,shape-zigzag,none,mixed,2 3 5 5 10 11
661W1xpZ7bQ08H,6,shape-T,none,mixed,1 2 4 9 9 11
661W0QnZ7fpW8m,6,shape-T,none,mixed,1 2 4 9 9 11
661WpFDf007kwb,6,shape-L,none,mixed,3 3 4 5 10 11
661W0OnpMbEOAI,6,shape-T,none,mixed,2 4 5 5 9 11
661W8vHgCb4YPp,6,shape-zigzag,none,mixed,3 3 4 6 10 10
661WrRSg00NCmj,6,shape-L,none,distinct,1 2 4 8 10 11
661Wh_VU0079OZ,6,shape-L,none,mixed,1 4 6 7 7 11
661WXwTw01LiTp,6,shape-L,none,mixed,2 4 4 6 9 11
661WXBNA01NVKf,6,shape-L,none,mixed,3 3 4 7 8 11
661WfQsvW0Kymb,6,shape-L,none,mixed,2 4 4 6 9 11
661WlQqe00CPnp,6,shape-L,none,progressive,1 3 5 7 9 11
661W8rHc0b8-Ph,6,shape-zigzag,none,distinct,1 4 6 7 8 10
661W0uvp6voW9O,6,shape-T,none,mixed,2 4 4 6 9 11
661Wb6zi00bQwf,6,shape-L,none,distinct,2 3 5 7 8 11
661WrYKOW0cCMj,6,shape-L,none,mixed,2 2 2 2 11 17
661W8nHgGZ8oJd,6,shape-zigzag,none,mixed,1 2 7 8 8 10
661WXojh017CQv,6,shape-L,none,mixed,1 5 5 7 7 11
661WfIi8W0KhMh,6,shape-L,none,mixed,1 2 6 6 10 11
661W1QrZMZAGAK,6,shape-T,none,mixed,1 4 6 6 8 11
661W0Ovl6dA8AO,6,shape-T,none,distinct,1 3 4 7 10 11
661WtYavW0LfOb,6,shape-L,none,distinct,1 2 4 6 11 12
661Whd5A00Menh,6,shape-L,none,mixed,2 3 4 4 11 12
661W0QrlsnA88o,6,shape-T,none,mixed,3 3 4 7 8 11
661WbBLQW0afIZ,6,shape-L,none,distinct,1 4 5 7 8 11
661WnMbP006Cvz,6,shape-L,none,distinct,1 3 4 7 10 11
661WXAqSW0rwxn,6,shape-L,none,mixed,2 3 6 6 8 11
661WXB6E00bxQr,6,shape-L,none,distinct,1 3 6 7 8 11
661WbAED01MCLd,6,shape-L,none,mixed,2 2 3 5 11 13
661WbgSwW17EqX,6,shape-L,none,distinct,2 3 4 7 9 11
661W0OnhEZEGAK,6,shape-T,none,distinct,2 3 4 6 10 11
661W9xJY0f0sHZ,6,shape-zigzag,none,mixed,1 1 2 9 10 13
661W0Qnh7jd88m,6,shape-T,none,mixed,1 4 4 7 9 11
661W0wnp6noW9K,6,shape-T,none,mixed,2 3 5 5 10 11
661W0R_Z6ngW8S,6,shape-T,none,mixed,1 2 4 9 9 11
661W0Tvp6fJW8I,6,shape-T,none,progressive,1 3 5 7 9 11
661W0vpd6dE0CO,6,shape-T,none,mixed,2 2 6 7 8 11
661WrdlC006UKr,6,shape-L,none,mixed,2 2 5 7 9 11
661WnI-OW0EhKf,6,shape-L,none,distinct,1 3 6 7 8 11
661W0P_Z6bR0AO,6,shape-T,none,distinct,1 3 6 7 8 11
661W0OpZ7bAm8H,6,shape-T,none,mixed,1 1 6 8 9 11
661WvEDgW14DNn,6,shape-L,none,distinct,1 3 4 5 11 12
661W8rHgIb0YLp,6,shape-zigzag,none,mixed,2 2 5 5 10 12
661WZMk900Kyvd,6,shape-L,none,mixed,2 3 4 8 8 11
661WXIdEW16grf,6,shape-L,none,mixed,2 2 6 7 8 11
661W8rHk4b4sPh,6,shape-zigzag,none,distinct,3 4 5 6 8 10
661WbBiR00agrb,6,shape-L,none,progressive,1 3 5 7 9 11
661W8nLs2f8gJZ,6,shape-zigzag,none,mixed,1 2 7 7 9 10
661WhQk800jgSb,6,shape-L,none,mixed,3 3 4 4 11 11
661W0zxh6dA0AG,6,shape-T,none,mixed,1 2 6 8 8 11
661WjwjA015AKb,6,shape-L,none,distinct,2 3 5 7 8 11
661W8vJY8X0wPp,6,shape-zigzag,none,mixed,1 4 4 6 10 11
661WZR58W1Fwvn,6,shape-L,none,mixed,1 4 5 5 10 11
661WXQSyW0bUqf,6,shape-L,none,progressive,1 3 5 7 9 11
661W0Uvp6npW8I,6,shape-T,none,mixed,2 3 3 7 10 11
661WXgjA00dErd,6,shape-L,none,distinct,2 3 5 6 9 11
661W0vpZ7rg08H,6,shape-T,none,mixed,1 2 4 9 9 11
661W8nRY2X0oJh,6,shape-zigzag,none,distinct,1 2 3 7 10 13
661W9nPY8n0gHl,6,shape-zigzag,none,mixed,1 1 4 9 10 11
661W1xpZ6f2GCO,6,shape-T,none,mixed,2 2 3 8 10 11
661Wlljh00MAIb,6,shape-L,none,mixed,3 4 4 6 8 11
661W0wztEXgG9O,6,shape-T,none,distinct,2 4 5 6 8 11
661WArHk0raoHh,6,shape-zigzag,none,mixed,2 2 6 8 8 10
661WApLg8ZaYHp,6,shape-zigzag,none,mixed,1 2 5 9 9 10
661W8pTo0rGYLZ,6,shape-zigzag,none,mixed,2 2 3 8 10 11
661WrgqeW0b9Pn,6,shape-L,none,mixed,2 2 5 7 9 11
661Wfdrf01N8qn,6,shape-L,none,mixed,2 2 6 7 8 11
661WbNaf00LDPh,6,shape-L,none,mixed,2 3 6 7 7 11
661WXF5i00bw-r,6,shape-L,none,mixed,1 4 6 6 8 11
661W8pTw0hWYLZ,6,shape-zigzag,none,mixed,2 2 3 8 10 11
661W1y4TmP9EPi,6,shape-heart,none,mixed,1 1 3 8 9 14
661W0Onx6d68AI,6,shape-T,none,mixed,1 3 5 5 11 11
661WxAET00M8TZ,6,shape-L,none,mixed,1 2 2 5 11 15
661W1QzxEb608Q,6,shape-T,none,mixed,2 3 3 8 9 11
661WrcFQ00ievf,6,shape-L,none,mixed,2 3 3 5 11 12
661WCvHgAb4YHZ,6,shape-zigzag,none,mixed,2 2 3 8 10 11
661WXtUA01LUQb,6,shape-L,none,mixed,2 3 3 8 9 11
661W0RtddZl08I,6,shape-T,none,mixed,2 2 6 7 8 11
661W1OpZ7rAW8H,6,shape-T,none,mixed,1 1 7 7 9 11
661WfhqQW1S-IX,6,shape-L,none,mixed,2 2 5 7 9 11
661WtsjQ00bCGZ,6,shape-L,none,distinct,2 3 4 6 10 11
661WCnHc8Z4oPp,6,shape-zigzag,none,mixed,2 2 5 8 9 10
661WfcrA01bDSf,6,shape-L,none,mixed,1 4 6 6 8 11
661W0zpZ6bAW8O,6,shape-T,none,distinct,1 2 6 7 9 11
661WXV5A017hQz,6,shape-L,none,mixed,1 5 6 6 7 11
661WrhcS005eKl,6,shape-L,none,mixed,1 1 4 5 11 14
661Wpczf00DOsX,6,shape-L,none,distinct,1 3 6 7 8 11
661Wh2KPW0bEVf,6,shape-L,none,distinct,1 2 4 8 10 11
661W0PnxdtYWAG,6,shape-T,none,distinct,1 3 4 7 10 11
661W0Ovh6d68CK,6,shape-T,none,mixed,1 3 3 7 11 11
661Wn-D900Llwn,6,shape-L,none,mixed,1 5 5 7 7 11
661W8pVs0XegHh,6,shape-zigzag,none,mixed,2 2 2 8 10 12
661W1Qvp6nIWDG,6,shape-T,none,distinct,1 2 4 8 10 11
661WnMCk00dSRp,6,shape-L,none,mixed,1 3 4 4 11 13
661WvQrP014DoZ,6,shape-L,none,distinct,1 2 4 8 10 11
661WjUbA00KgKn,6,shape-L,none,distinct,2 3 4 6 10 11
661WbRMC00bjIb,6,shape-L,none,mixed,3 3 5 6 8 11
661W8nTY8hCoJh,6,shape-zigzag,none,distinct,2 3 6 7 8 10
661W0OrptdIW8K,6,shape-T,none,mixed,1 3 7 7 7 11
661W0Opd7fIO8H,6,shape-T,none,mixed,1 1 7 7 9 11
661WArPsGZ4oHZ,6,shape-zigzag,none,mixed,1 4 6 6 9 10
661W0Ond6dE8CO,6,shape-T,none,mixed,2 2 3 8 10 11
661W8vHgGb4kHZ,6,shape-zigzag,none,mixed,1 2 5 9 9 10
661W0OrxEh60AI,6,shape-T,none,mixed,2 2 5 5 11 11
661W1Ond7ZdG8H,6,shape-T,none,mixed,1 2 4 9 9 11
661WXJEk01dAsf,6,shape-L,none,mixed,2 3 6 6 8 11
661WdVDi017wof,6,shape-L,none,mixed,2 4 6 6 7 11
661W8nHYGd8sPp,6,shape-zigzag,none,mixed,1 3 7 7 8 10
661W0StZEbIO8O,6,shape-T,none,mixed,1 1 6 8 9 11
661W0OrtlhE0AG,6,shape-T,none,mixed,2 3 3 7 10 11
661WhBtg01FAPZ,6,shape-L,none,mixed,2 4 5 7 7 11
661W0PnZ6jRGCO,6,shape-T,none,distinct,2 4 5 6 8 11
661W1SxZ6rAWAG,6,shape-T,none,mixed,1 2 7 7 8 11
661W0xpd6v28CO,6,shape-T,none,distinct,1 2 4 8 10 11
661W8rNY0f8sTZ,6,shape-zigzag,none,mixed,1 2 5 8 10 10
661W0vrhMf2WAK,6,shape-T,none,distinct,2 3 4 6 10 11
661WnQbSW06Ttf,6,shape-L,none,mixed,2 3 6 6 8 11
661W0Snh6ZEO8O,6,shape-T,none,distinct,1 2 3 9 10 11
661W0vtZdfQ08I,6,shape-T,none,distinct,1 2 4 8 10 11
661WjdEj006jQX,6,shape-L,none,mixed,1 4 6 6 8 11
661W8rLgKXGYHx,6,shape-zigzag,none,distinct,1 3 6 7 9 10
661WBrRg0p8YJZ,6,shape-zigzag,none,mixed,1 5 5 6 9 10
661Whd7i016PHh,6,shape-L,none,mixed,2 2 4 5 11 12
661WArPoGd8oHZ,6,shape-zigzag,none,distinct,1 4 6 7 8 10
661WnZdVW058mb,6,shape-L,none,distinct,1 2 3 5 11 14
661WjMjP00b9xX,6,shape-L,none,mixed,2 4 5 7 7 11
661Wb2KOW0jQxr,6,shape-L,none,mixed,2 2 4 7 10 11
661W8rJY4X0oLp,6,shape-zigzag,none,mixed,1 3 5 5 10 12
661W8tLYGp8oLp,6,shape-zigzag,none,mixed,1 5 5 5 10 10
661WfYVO01VRnf,6,shape-L,none,distinct,1 2 5 7 10 11
661Wf2MiW16vrf,6,shape-L,none,mixed,2 2 3 5 11 13
661W8nHYGhGYJd,6,shape-zigzag,none,distinct,1 2 4 8 10 11
661WbMke00Kznt,6,shape-L,none,mixed,2 2 6 7 8 11
661W0Orhsf688o,6,shape-T,none,mixed,2 3 3 7 10 11
661WfJcB00bPJd,6,shape-L,none,mixed,2 4 4 6 9 11
661WZBKf00TQwb,6,shape-L,none,mixed,3 4 5 5 8 11
661W1QnldfE09G,6,shape-T,none,mixed,1 2 2 8 11 12
661WjJdE00aEKf,6,shape-L,none,progressive,1 3 5 7 9 11
661Wb6C8W0jQzj,6,shape-L,none,distinct,1 3 4 7 10 11
661Wfoa8W0sfId,6,shape-L,none,mixed,1 3 3 9 9 11
661WXh5h015hPp,6,shape-L,none,mixed,2 2 6 7 8 11
661WfBj900Lkqb,6,shape-L,none,mixed,1 5 6 6 7 11
661WbNCeW0bjRb,6,shape-L,none,mixed,3 4 5 5 8 11
661WfJl900bQqb,6,shape-L,none,mixed,2 4 5 7 7 11
661W8nPw0d8oLZ,6,shape-zigzag,none,mixed,1 2 7 8 8 10
661W0vnh7lI08m,6,shape-T,none,mixed,1 1 4 9 10 11
661W9nRs0n0gHh,6,shape-zigzag,none,mixed,1 2 2 8 10 13
661WrwqOW0yypX,6,shape-L,none,distinct,2 4 5 6 8 11
661W0Vtd6pF08O,6,shape-T,none,distinct,1 4 5 6 9 11
661WXodCW1LEzv,6,shape-L,none,mixed,2 3 6 7 7 11
661WbQrSW04Stf,6,shape-L,none,mixed,3 4 4 4 10 11
661W0SvxUb288I,6,shape-T,none,distinct,1 2 3 7 11 12
661W0Qrl7p6G8m,6,shape-T,none,distinct,1 3 4 8 9 11
661Wb6kSW0bfQf,6,shape-L,none,mixed,3 3 4 6 9 11
661W1Qt_MXM0BG,6,shape-T,none,distinct,1 2 5 8 9 11
661WAnNk0ZGgHp,6,shape-zigzag,none,distinct,1 2 6 8 9 10
661Wpcj8W0Lfpn,6,shape-L,none,mixed,1 4 6 6 8 11
661W1QnxMfAGBG,6,shape-T,none,mixed,1 2 4 9 9 11
661W1QndFXIm8H,6,shape-T,none,mixed,1 2 4 9 9 11
661W0OthNfIG8m,6,shape-T,none,progressive,1 3 5 7 9 11
661WdIig00bDwf,6,shape-L,none,mixed,1 5 6 6 7 11
661WpMiPW06DRX,6,shape-L,none,distinct,1 3 4 5 11 12
661W0OpZ7nZm8m,6,shape-T,none,mixed,1 1 3 9 11 11
661WjYKfW1bEGZ,6,shape-L,none,mixed,1 1 1 9 11 13
661WZ6zv00KgnZ,6,shape-L,none,mixed,2 2 4 5 11 12
661WbBaOW0LBQr,6,shape-L,none,mixed,2 2 5 7 9 11
661Wrh6O00LQnd,6,shape-L,none,mixed,1 3 4 6 11 11
661WbobA01DTIb,6,shape-L,none,distinct,2 4 5 6 8 11
661WfAqeW0bFLf,6,shape-L,none,mixed,1 5 5 5 9 11
661W0vvpEZ6W9O,6,shape-T,none,mixed,2 2 4 6 11 11
661WfMbP016Cvj,6,shape-L,none,distinct,2 3 4 7 9 11
661WAnHYOfKYHp,6,shape-zigzag,none,mixed,1 1 4 9 10 11
661WpMkT00diPX,6,shape-L,none,mixed,3 3 4 6 9 11
661WhAif01dBSb,6,shape-L,none,distinct,2 4 5 6 8 11
661W0vnZ6Z6eCO,6,shape-T,none,mixed,2 2 3 8 10 11
661WAvHg2b4gPZ,6,shape-zigzag,none,distinct,2 3 5 7 9 10
661WdNEv00DSpX,6,shape-L,none,distinct,1 3 6 7 8 11
661W0PrZ7bJW8m,6,shape-T,none,mixed,1 1 6 8 9 11
661WfRlzW0aTKX,6,shape-L,none,mixed,3 3 5 6 8 11
661W0OtZ7jAW8m,6,shape-T,none,mixed,1 1 7 7 9 11
661WfQEDW04lNb,6,shape-L,none,mixed,1 1 6 7 10 11
661WnpMQ00MQMh,6,shape-L,none,mixed,3 3 3 7 9 11
661W0OvhMb68AO,6,shape-T,none,mixed,2 2 3 7 11 11
661W1QndEjA0CO,6,shape-T,none,mixed,2 2 4 8 9 11
661W0QpdEvI09I,6,shape-T,none,mixed,1 4 6 6 8 11
661WbByOW0LfIf,6,shape-L,none,mixed,1 3 5 8 8 11
661WjxrC014wIb,6,shape-L,none,distinct,2 4 5 6 8 11
661W8nJY8X0wLh,6,shape-zigzag,none,mixed,1 4 4 6 10 11
661W0Ont6bAOAI,6,shape-T,none,mixed,1 5 5 5 9 11
661WrQSg00dCof,6,shape-L,none,distinct,2 3 5 6 9 11
661W8nVY0veYNZ,6,shape-zigzag,none,distinct,1 2 3 9 10 11
661W8vJY4X0sHZ,6,shape-zigzag,none,mixed,1 1 3 9 10 12
661WbQry016QPr,6,shape-L,none,mixed,2 4 5 7 7 11
661WbATQ00Kfnj,6,shape-L,none,mixed,1 4 4 7 9 11
661WXIiv016FTr,6,shape-L,none,mixed,3 3 4 5 10 11
661WpMMzW0MAMX,6,shape-L,none,mixed,2 2 5 6 10 11
661WXZjfW1LAsZ,6,shape-L,none,distinct,1 2 3 6 11 13
661WpRMSW0NCQX,6,shape-L,none,distinct,2 3 4 7 9 11
661WnUSyW06Qwf,6,shape-L,none,distinct,2 3 4 6 10 11
661WfAqf01dDKf,6,shape-L,none,distinct,2 4 5 6 8 11
661WhMrfW0KeqZ,6,shape-L,none,mixed,1 5 6 6 7 11
661W1UzpEd609G,6,shape-T,none,mixed,2 3 3 7 10 11
661WbgTA01bBKb,6,shape-L,none,mixed,1 5 5 7 7 11
661WbpNQ014VpZ,6,shape-L,none,distinct,2 3 5 7 8 11
661W0TnlUfR08O,6,shape-T,none,distinct,1 2 5 8 9 11
661WfNMg00DCyv,6,shape-L,none,distinct,1 3 6 7 8 11
661W0SvxMb689G,6,shape-T,none,mixed,2 2 3 7 11 11
661W8nRYGbCgNZ,6,shape-zigzag,none,mixed,1 5 5 6 9 10
661W8nNYGh8YJd,6,shape-zigzag,none,mixed,1 2 5 8 10 10
661WrpCeW0MlNX,6,shape-L,none,distinct,2 3 4 7 9 11
661W1TpZ6bgW8O,6,shape-T,none,progressive,1 3 5 7 9 11
661W1Tzx6ho08I,6,shape-T,none,mixed,2 3 3 7 10 11
661W8rPw2b4gHp,6,shape-zigzag,none,distinct,2 3 5 7 9 10
661WhMLQW0b9Mf,6,shape-L,none,mixed,2 4 4 4 11 11
661WXpTw016gnh,6,shape-L,none,distinct,2 3 4 6 10 11
661Wb7aE01NTQj,6,shape-L,none,mixed,1 3 3 8 10 11
661WfQa800S-rh,6,shape-L,none,mixed,1 5 5 6 8 11
661W0vnp6fIWBG,6,shape-T,none,mixed,1 2 4 9 9 11
661W0O_p6bQG8Q,6,shape-T,none,mixed,1 2 6 8 8 11
661WArHY8dCoLZ,6,shape-zigzag,none,mixed,2 4 6 7 7 10
661W0w_Z6fgWAO,6,shape-T,none,mixed,3 3 4 7 8 11
661WjMT900Sxub,6,shape-L,none,distinct,2 3 4 7 9 11
661W0OpZ7fIm8m,6,shape-T,none,mixed,1 1 6 8 9 11
661W0UnZ6x688O,6,shape-T,none,mixed,1 1 3 9 11 11
661W0Ovl6d6GAO,6,shape-T,none,distinct,1 3 4 7 10 11
661WrAby01bQoZ,6,shape-L,none,mixed,1 5 5 5 9 11
661WhZKf00cjSf,6,shape-L,none,mixed,2 3 6 7 7 11
661WbRqeW0ajLf,6,shape-L,none,distinct,2 4 5 6 8 11
661WrhM8W0cSpb,6,shape-L,none,mixed,2 2 6 6 9 11
661W1Qtl7XM88H,6,shape-T,none,distinct,1 2 6 7 9 11
661W1Txh6pg08K,6,shape-T,none,distinct,1 2 5 8 9 11
661WtZKOW0KfSj,6,shape-L,none,distinct,1 2 3 9 10 11
661W0OtZdfQW8I,6,shape-T,none,mixed,1 2 6 8 8 11
661WZQqeW0KkTf,6,shape-L,none,mixed,1 3 5 8 8 11
661W1vxZ6n2G8S,6,shape-T,none,mixed,1 1 3 9 11 11
661WfJK8W1VQpb,6,shape-L,none,mixed,2 3 4 8 8 11
661W0Ppd6hN0CO,6,shape-T,none,distinct,2 4 5 6 8 11
661WrkLC00aPvh,6,shape-L,none,distinct,2 3 4 6 10 11
661WbAriW0bQnX,6,shape-L,none,distinct,2 3 5 6 9 11
661W0Onl6dA8AK,6,shape-T,none,mixed,1 4 4 6 10 11
661W1Ovh6dZ0CK,6,shape-T,none,distinct,1 2 3 7 11 12
661W0OzdMfE88S,6,shape-T,none,mixed,1 2 4 9 9 11
661WArHgGb8oHh,6,shape-zigzag,none,mixed,2 2 7 7 8 10
661Wvodi005epd,6,shape-L,none,mixed,2 2 5 6 10 11
661WhRqf00LBOX,6,shape-L,none,progressive,1 3 5 7 9 11
661WXUtg00jiPh,6,shape-L,none,mixed,3 3 5 6 8 11
661WCpLcGXigPp,6,shape-zigzag,none,distinct,2 4 5 7 8 10
661W0OrZMdIWCO,6,shape-T,none,mixed,1 2 7 7 8 11
661W8vJY8X0-HZ,6,shape-zigzag,none,mixed,1 1 4 9 10 11
661WnYjj00bPIf,6,shape-L,none,mixed,2 3 5 5 10 11
661W8xLY0r8sHZ,6,shape-zigzag,none,mixed,1 2 5 9 9 10
661W0wnp6noW8M,6,shape-T,none,distinct,1 2 3 9 10 11
661W0UndEjh08O,6,shape-T,none,mixed,1 4 4 7 9 11
661W8vHg4b4gPp,6,shape-zigzag,none,mixed,3 4 4 6 9 10
661W0Svxsb688H,6,shape-T,none,mixed,2 2 4 6 11 11
661W8rLg0hGcTZ,6,shape-zigzag,none,mixed,2 2 4 8 10 10
661W0QnZEnIeCO,6,shape-T,none,distinct,1 2 5 8 9 11
661W8vLY4XOsHZ,6,shape-zigzag,none,distinct,1 2 3 9 10 11
661WBtHY8XGgHh,6,shape-zigzag,none,mixed,2 2 4 8 10 10
661W0OnZ7vpW8m,6,shape-T,none,mixed,1 3 3 9 9 11
661W9xLY0b8sHZ,6,shape-zigzag,none,mixed,1 3 4 9 9 10
661WZkjQ00FUOZ,6,shape-L,none,mixed,2 2 4 8 9 11
661WfcK900-zyf,6,shape-L,none,mixed,3 3 4 6 9 11
661Wb6Sf00Svyb,6,shape-L,none,mixed,3 3 4 5 10 11
661W1PrZcXxG8J,6,shape-T,none,distinct,1 2 3 9 10 11
661WfIsgW0bwHZ,6,shape-L,none,mixed,1 4 5 5 10 11
661WBpHgGf8oHp,6,shape-zigzag,none,mixed,1 2 7 7 9 10
661Wv2rg00Mgqf,6,shape-L,none,mixed,1 2 4 7 11 11
661W9nRY0beYNZ,6,shape-zigzag,none,mixed,1 1 5 9 10 10
661WZ7L900bhrZ,6,shape-L,none,mixed,2 2 6 7 8 11
661W8nJ-Ob0YJZ,6,shape-zigzag,none,distinct,1 2 6 8 9 10
661Wf7D901dkyb,6,shape-L,none,distinct,2 4 5 6 8 11
661W0Svl6dA88K,6,shape-T,none,distinct,1 2 4 8 10 11
661W8rHg4Z8oHx,6,shape-zigzag,none,distinct,1 3 5 8 9 10
661W0SxtkhM08H,6,shape-T,none,mixed,2 4 4 6 9 11
661W0QthNnIG8m,6,shape-T,none,distinct,1 4 5 6 9 11
661WbcyO00dDSp,6,shape-L,none,mixed,2 3 4 4 11 12
661WrhUC004fMb,6,shape-L,none,mixed,1 5 5 6 8 11
661WfcLOW1T-Qj,6,shape-L,none,mixed,2 2 4 7 10 11
661W8nLY2j0YLh,6,shape-zigzag,none,distinct,1 2 4 6 10 13
661W0OvZMpZ0AO,6,shape-T,none,mixed,1 3 3 7 11 11
661W1PvpcnYW8u,6,shape-T,none,mixed,1 3 5 5 11 11
661W1y4LKPDEPC,6,shape-heart,none,distinct,1 2 4 6 9 14
661WbFjA00agOr,6,shape-L,none,mixed,2 2 5 7 9 11
661W0OnhUb28AK,6,shape-T,none,distinct,1 2 4 6 11 12
661WnRMl007Cob,6,shape-L,none,mixed,1 4 6 6 8 11
661W0Orx6fEOBG,6,shape-T,none,distinct,1 2 5 8 9 11
661W_cie00LjHd,6,shape-L,none,distinct,1 3 4 8 9 11
661WfJdh00i8ob,6,shape-L,none,distinct,1 2 4 8 10 11
661W0OtlUfI09I,6,shape-T,none,mixed,3 3 4 6 9 11
661WjcNUW0s9UX,6,shape-L,none,distinct,2 3 4 7 9 11
661WZ6qg00KhrZ,6,shape-L,none,distinct,1 3 5 6 10 11
661W0Uxd6vI88K,6,shape-T,none,mixed,1 2 7 7 8 11
661WnZLg00Lgob,6,shape-L,none,mixed,3 3 4 5 10 11
661W0Svd6dE88K,6,shape-T,none,mixed,2 2 3 8 10 11
661W8nLw8bKYJZ,6,shape-zigzag,none,distinct,1 3 5 8 9 10
661WfIqg00rfqf,6,shape-L,none,mixed,2 4 5 7 7 11
661Wh6l901Egqb,6,shape-L,none,distinct,2 3 4 7 9 11
661WCnHc0Z4wPp,6,shape-zigzag,none,distinct,1 2 6 8 9 10
661W1Opdcp6W8o,6,shape-T,none,progressive,1 3 5 7 9 11
661WXBDP00Lgzp,6,shape-L,none,mixed,2 4 5 5 9 11
661WfNCx00TSQZ,6,shape-L,none,distinct,2 3 5 6 9 11
661WrcCj00aOwb,6,shape-L,none,mixed,2 2 4 4 11 13
661WX7EeW0iOpr,6,shape-L,none,mixed,2 2 3 4 11 14
661Wrd5800afxl,6,shape-L,none,mixed,2 3 3 8 9 11
661WArHgCb4YHh,6,shape-zigzag,none,mixed,2 3 3 8 10 10
661WbIjCW0bUKd,6,shape-L,none,mixed,1 5 5 6 8 11
661WArRc8X0oHd,6,shape-zigzag,none,mixed,1 3 5 7 10 10
661W1Pp_6Zk09K,6,shape-T,none,mixed,1 5 5 6 8 11
661W9tLc0b8gHx,6,shape-zigzag,none,distinct,1 3 5 8 9 10
661WX7jf00LAtp,6,shape-L,none,distinct,2 3 4 6 10 11
661Wnsqf00sfKn,6,shape-L,none,mixed,2 3 6 7 7 11
661W1Otp6vAW8M,6,shape-T,none,mixed,1 1 6 8 9 11
661WfNkzW0aBKn,6,shape-L,none,mixed,3 4 4 5 9 11
661WpAMCW06jSh,6,shape-L,none,mixed,1 3 3 9 9 11
661W1PpZ7foG8m,6,shape-T,none,distinct,1 3 4 8 9 11
661WbZ7T014PRr,6,shape-L,none,mixed,2 3 4 4 11 12
661WdBKg00LAvZ,6,shape-L,none,mixed,1 3 7 7 7 11
661WnQKf00MlKf,6,shape-L,none,mixed,1 6 6 6 6 11
661WXJKf00LlPp,6,shape-L,none,mixed,2 2 6 7 8 11
661WfICP016ALh,6,shape-L,none,mixed,2 2 2 6 11 13
661Wb2KOW0rhQr,6,shape-L,none,mixed,2 2 3 8 10 11
661W9xLkOX8cHZ,6,shape-zigzag,none,mixed,1 2 5 9 9 10
661W8nHg8ZCoLh,6,shape-zigzag,none,mixed,2 4 6 6 8 10
661WfJ-yW0agLX,6,shape-L,none,distinct,2 3 5 6 9 11
661WAnJY0fGoHp,6,shape-zigzag,none,mixed,1 1 4 9 10 11
661W0vnp6nYWAI,6,shape-T,none,mixed,2 2 5 5 11 11
661WfIqk00Kwob,6,shape-L,none,mixed,1 5 5 6 8 11
661WXBU-01cCrf,6,shape-L,none,distinct,2 3 5 7 8 11
661WzYKf00LlKf,6,shape-L,none,mixed,1 5 6 6 7 11
661WbEC8W0jQvr,6,shape-L,none,mixed,2 2 4 6 11 11
661WZMqf01MgKn,6,shape-L,none,mixed,1 4 6 7 7 11
661W8nPcCX0oHl,6,shape-zigzag,none,distinct,1 2 3 9 10 11
661W0OndEbA8AK,6,shape-T,none,mixed,1 4 4 6 10 11
661WdBKh00TQOX,6,shape-L,none,distinct,1 2 6 7 9 11
661W0vnZdfIW9G,6,shape-T,none,mixed,2 2 4 8 9 11
661W0UpZ6rQW8O,6,shape-T,none,progressive,1 3 5 7 9 11
661Wrcr900FTqn,6,shape-L,none,mixed,2 3 6 6 8 11
661WnIbzW06RKj,6,shape-L,none,distinct,2 3 5 7 8 11
661WfYce00lvob,6,shape-L,none,mixed,2 3 3 7 10 11
661WAnJcGnaYHp,6,shape-zigzag,none,mixed,1 2 7 7 9 10
661W8pTo0r8oHh,6,shape-zigzag,none,mixed,2 2 5 8 9 10
661W8vHc4b8kHZ,6,shape-zigzag,none,distinct,1 3 5 8 9 10
661W8nHwGZ8oHd,6,shape-zigzag,none,mixed,1 1 7 8 9 10
661WXMaP01ERtr,6,shape-L,none,mixed,3 3 4 7 8 11
661WZ7Kh00afqf,6,shape-L,none,mixed,1 2 6 6 10 11
661W0wrZdboW8I,6,shape-T,none,mixed,2 3 4 8 8 11
661Wfpkk014fof,6,shape-L,none,mixed,3 4 4 6 8 11
661W0OpdtZ6W8I,6,shape-T,none,distinct,1 2 4 8 10 11
661W0RrZ7fgm8H,6,shape-T,none,progressive,1 3 5 7 9 11
661W0vtl7f6G8H,6,shape-T,none,mixed,1 3 6 6 9 11
661WlIbSW04PQb,6,shape-L,none,distinct,1 2 5 8 9 11
661W0zxZMZ2GAG,6,shape-T,none,mixed,1 2 3 8 11 11
661W0zvp6fIW9G,6,shape-T,none,distinct,2 3 4 7 9 11
661WvAKf01KjKf,6,shape-L,none,mixed,1 5 6 6 7 11
661W0RpdEvY09I,6,shape-T,none,mixed,1 4 6 7 7 11
661WfQruW0CSwn,6,shape-L,none,mixed,3 3 5 6 8 11
661WbIduW0KVLj,6,shape-L,none,distinct,2 4 5 6 8 11
661W0P_p6bR09O,6,shape-T,none,mixed,1 4 6 6 8 11
661W0QrhUXZ8CO,6,shape-T,none,mixed,1 2 7 7 8 11
661W0OxZMZ2mAO,6,shape-T,none,mixed,1 1 3 7 11 13
661WAvHg4d0YPZ,6,shape-zigzag,none,mixed,1 3 3 7 10 12
661W0SvpsbEO8m,6,shape-T,none,mixed,2 4 4 6 9 11
661W0uvh6nkOAO,6,shape-T,none,mixed,2 2 3 7 11 11
661WXYKh01jQKf,6,shape-L,none,distinct,1 2 6 7 9 11
661W1Pnpcn3W8q,6,shape-T,none,mixed,1 1 4 6 11 13
661WbpESW07Snf,6,shape-L,none,mixed,1 3 3 7 11 11
661WX6zh00bAKr,6,shape-L,none,distinct,2 3 5 6 9 11
661WntLQW0MBIv,6,shape-L,none,distinct,1 3 4 7 10 11
661Wrgyg005Bqb,6,shape-L,none,distinct,1 4 5 6 9 11
661WXkCuW0kStn,6,shape-L,none,mixed,1 4 4 7 9 11
661W0PxZ6bBWCK,6,shape-T,none,mixed,1 3 7 7 7 11
661W0Qpp6fpG8M,6,shape-T,none,distinct,1 3 4 8 9 11
661W0S_xMXQW8I,6,shape-T,none,progressive,1 3 5 7 9 11
661W8nTY0rmYLd,6,shape-zigzag,none,mixed,2 3 3 7 10 11
661W1Qrd7fA88H,6,shape-T,none,distinct,1 2 6 7 9 11
661WXIsw00K-vr,6,shape-L,none,mixed,3 3 4 6 9 11
661WndCf00MCRp,6,shape-L,none,mixed,2 3 4 4 11 12
661Wh6bA00KkSf,6,shape-L,none,mixed,2 2 4 8 9 11
661WZNDT00LyPf,6,shape-L,none,distinct,2 3 4 7 9 11
661W0Qrh7ZhG8m,6,shape-T,none,distinct,1 4 5 6 9 11
661WnN-P00FBLn,6,shape-L,none,mixed,1 5 5 6 8 11
661WbdivW0VTuX,6,shape-L,none,distinct,3 4 5 6 7 11
661WvgKh00iSIb,6,shape-L,none,mixed,2 2 4 7 10 11
661W0Orhdj688I,6,shape-T,none,distinct,1 2 4 8 10 11
661WfpKe01TQob,6,shape-L,none,distinct,2 3 5 7 8 11
661W1S_hMnIG8K,6,shape-T,none,distinct,1 2 5 8 9 11
661WpgrA00aAxd,6,shape-L,none,mixed,2 3 4 5 11 11
661WAtTo0rGYHZ,6,shape-zigzag,none,distinct,2 3 4 6 10 11
661WbFUuW0DQun,6,shape-L,none,mixed,2 4 4 7 8 11
661WhIdE004fIr,6,shape-L,none,mixed,1 2 6 8 8 11
661WfNLAW0LBKp,6,shape-L,none,mixed,1 5 5 6 8 11
661Wdl4g01afsb,6,shape-L,none,mixed,1 2 5 6 11 11
661WpgdA00NUGn,6,shape-L,none,distinct,1 2 3 5 11 14
661WZ3Sj00LQqr,6,shape-L,none,mixed,1 2 5 6 11 11
661WjwCw015Aoh,6,shape-L,none,mixed,2 2 3 4 11 14
661WfkSg00cCwn,6,shape-L,none,mixed,2 3 3 7 10 11
661W1PppkXYO8L,6,shape-T,none,distinct,1 2 4 8 10 11
661WfIsCW16fKh,6,shape-L,none,distinct,1 2 6 7 9 11
661WnMLe00ERLx,6,shape-L,none,mixed,1 4 6 6 8 11
661WbArQW0KgIb,6,shape-L,none,distinct,2 4 5 6 8 11
661W0TnZ6rgm8O,6,shape-T,none,distinct,1 4 5 6 9 11
661WnAkzW16lKX,6,shape-L,none,mixed,1 4 4 7 9 11
661WjAbC004Urh,6,shape-L,none,mixed,1 4 4 6 10 11
661W0Ppl7ZB88m,6,shape-T,none,distinct,1 3 4 8 9 11
661WhESeW0bENX,6,shape-L,none,distinct,1 3 5 6 10 11
661W8vHgAb4YPp,6,shape-zigzag,none,distinct,2 3 4 6 10 11
661W0OtxcZQW8q,6,shape-T,none,mixed,1 4 6 6 8 11
661W8tTY0jWYHt,6,shape-zigzag,none,distinct,1 2 3 8 10 12
661WjcCe00kSor,6,shape-L,none,distinct,1 2 3 7 11 12
661W0OnZEbAOCO,6,shape-T,none,distinct,1 2 5 8 9 11
661Wf-Kf00kQuf,6,shape-L,none,mixed,3 3 5 7 7 11
661WXsrj015SUj,6,shape-L,none,mixed,2 4 6 6 7 11
661W0OtZcbQG8o,6,shape-T,none,distinct,1 3 6 7 8 11
661WnZTE00LRKb,6,shape-L,none,progressive,1 3 5 7 9 11
661W1Pp_MXg8BG,6,shape-T,none,progressive,1 3 5 7 9 11
661WfIbSW04TQr,6,shape-L,none,distinct,2 3 5 6 9 11
661W1y4L1RFAPi,6,shape-heart,none,distinct,1 3 4 5 9 14
661W8pTY0jWYJh,6,shape-zigzag,none,mixed,1 3 3 7 10 12
661W0PpdtX7G8I,6,shape-T,none,mixed,2 2 3 8 10 11
661WvtCO00LfIp,6,shape-L,none,mixed,2 3 3 8 9 11
661W1Pnp6foWAI,6,shape-T,none,mixed,3 3 5 5 9 11
661WArPgIX8oHd,6,shape-zigzag,none,distinct,2 3 5 7 9 10
661Wb6VA00KPSr,6,shape-L,none,mixed,2 2 3 7 11 11
661WvIse00EgLh,6,shape-L,none,mixed,1 4 6 6 8 11
661WbQs801EjIb,6,shape-L,none,distinct,2 3 5 6 9 11
661WbptE015DKf,6,shape-L,none,mixed,3 4 4 6 8 11
661WpMif00tfIX,6,shape-L,none,mixed,2 3 6 7 7 11
661W1QrZ6fAGCO,6,shape-T,none,mixed,2 2 6 7 8 11
661W0PvhMXBmAO,6,shape-T,none,distinct,1 3 4 7 10 11
661WfIKg00jQob,6,shape-L,none,distinct,2 4 5 6 8 11
661W1y4LWT9EPi,6,shape-heart,none,mixed,1 1 1 9 10 14
661WfNMhW0LOLn,6,shape-L,none,distinct,1 3 5 6 10 11
661WrMDQ00tinn,6,shape-L,none,distinct,2 3 4 6 10 11
661W0Sv_Mb2O8I,6,shape-T,none,distinct,1 2 3 7 11 12
661W8vHgGb8sHZ,6,shape-zigzag,none,mixed,1 2 7 7 9 10
661WvZDO00Eunh,6,shape-L,none,mixed,1 2 5 5 11 12
661WZMqeW1MgLZ,6,shape-L,none,mixed,1 4 6 6 8 11
661WCvHgGb8oHZ,6,shape-zigzag,none,mixed,2 2 7 7 8 10
661W8nRsOX4YLZ,6,shape-zigzag,none,distinct,1 2 6 8 9 10
661W8xLY0fesHZ,6,shape-zigzag,none,mixed,1 3 3 9 10 10
661WXMzS00K-Qp,6,shape-L,none,mixed,3 3 3 7 9 11
661WjQiOW0b9Mf,6,shape-L,none,mixed,3 4 4 4 10 11
661WXArw00b9wp,6,shape-L,none,distinct,1 4 5 6 9 11
661Wb2Ek01tEsf,6,shape-L,none,mixed,2 3 6 7 7 11
661WrdDf00aewf,6,shape-L,none,distinct,2 3 5 6 9 11
661W0PphFb7G8m,6,shape-T,none,distinct,1 2 3 9 10 11
661WbskzW1LDGn,6,shape-L,none,mixed,2 4 4 7 8 11
661W8nLw0hGYJZ,6,shape-zigzag,none,mixed,1 2 4 9 10 10
661WrQbA006BMj,6,shape-L,none,mixed,3 3 4 6 9 11
661W0Pvp6fJW9O,6,shape-T,none,distinct,1 4 5 6 9 11
661W0TnZUfN08O,6,shape-T,none,mixed,1 1 5 9 9 11
661WbodQW0kjIX,6,shape-L,none,mixed,3 4 4 4 10 11
661W8nHg8ZCoJd,6,shape-zigzag,none,mixed,2 2 6 8 8 10
661Wb3MO01lEId,6,shape-L,none,distinct,1 2 3 9 10 11
661WhtqPW1SusX,6,shape-L,none,distinct,2 3 4 6 10 11
661W0vttsXU08q,6,shape-T,none,mixed,1 4 6 6 8 11
661WnYrA00bApd,6,shape-L,none,distinct,2 3 4 6 10 11
661WfpLg01Kgqf,6,shape-L,none,mixed,2 4 6 6 7 11
661W0Onh7fUu8H,6,shape-T,none,distinct,1 2 6 7 9 11
661W0SvpEbAO9G,6,shape-T,none,progressive,1 3 5 7 9 11
661WbJDA00qlMf,6,shape-L,none,distinct,1 4 5 7 8 11
661W0OthchIG8J,6,shape-T,none,distinct,1 2 6 7 9 11
661W0vpl7b6G8H,6,shape-T,none,progressive,1 3 5 7 9 11
661WbIDB00KlNh,6,shape-L,none,mixed,2 4 5 5 9 11
661W0Ppl7b7G8H,6,shape-T,none,distinct,1 2 5 8 9 11
661W9nHo8XWgHd,6,shape-zigzag,none,mixed,1 1 4 9 10 11
661WfsjP01DOHv,6,shape-L,none,distinct,1 3 4 5 11 12
661W0OrZchEO8o,6,shape-T,none,mixed,3 3 4 7 8 11
661W0vph7b6O8m,6,shape-T,none,distinct,1 3 4 8 9 11
661W0Oph7bEe8m,6,shape-T,none,distinct,1 3 4 8 9 11
661W0vthMf2GCO,6,shape-T,none,mixed,2 3 3 8 9 11
661W8nVgGXOYJh,6,shape-zigzag,none,mixed,1 3 7 7 8 10
661WXASu00jQzr,6,shape-L,none,mixed,2 3 6 6 8 11
661WvpMwW0KQmb,6,shape-L,none,mixed,2 3 3 6 11 11
661W0v_xEXU08Q,6,shape-T,none,mixed,1 2 6 8 8 11
661WAnNY0f8oHp,6,shape-zigzag,none,mixed,1 1 5 9 10 10
661WjYkOW1DjIf,6,shape-L,none,distinct,1 3 4 7 10 11
661W1PpZ6bgWCO,6,shape-T,none,distinct,2 3 5 7 8 11
661WbAiw00SxLb,6,shape-L,none,distinct,2 3 5 7 8 11
661WZU_800SSQb,6,shape-L,none,distinct,1 2 3 9 10 11
661WXNDA01FvIr,6,shape-L,none,mixed,2 2 5 6 10 11
661WrdDA014fQb,6,shape-L,none,mixed,1 4 6 6 8 11
661WnIk800UhMf,6,shape-L,none,distinct,1 2 5 7 10 11
661W0Opd7bAe8m,6,shape-T,none,distinct,1 2 5 8 9 11
661WbIch00byQr,6,shape-L,none,mixed,2 4 5 5 9 11
661WjgCP00cCLb,6,shape-L,none,mixed,1 3 3 5 11 13
661WfYDj01L_Sr,6,shape-L,none,mixed,3 3 3 7 9 11
661WbINQW0rVGb,6,shape-L,none,mixed,2 3 4 5 11 11
661W0xrZ7bYW8H,6,shape-T,none,mixed,1 2 4 9 9 11
661W0OnhFjMW8H,6,shape-T,none,mixed,1 3 6 6 9 11
661WCvJY8X0wHZ,6,shape-zigzag,none,distinct,1 2 4 8 10 11
661W0Qrx_XZ88K,6,shape-T,none,mixed,1 3 7 7 7 11
661WbY6SW17lMh,6,shape-L,none,mixed,1 3 6 6 9 11
661WArRcOZ0YHd,6,shape-zigzag,none,distinct,1 3 6 7 9 10
661W0OrlEh2GCO,6,shape-T,none,mixed,2 2 2 8 11 11
661WXMjy016Opr,6,shape-L,none,distinct,1 2 5 7 10 11
661WxpdCW05CvX,6,shape-L,none,mixed,2 2 5 5 11 11
661WvhD800CzMj,6,shape-L,none,mixed,1 5 5 6 8 11
661WbhKw00MCsh,6,shape-L,none,mixed,3 4 4 5 9 11
661WhQzuW0reuf,6,shape-L,none,mixed,2 3 4 5 11 11
661W0PnZ7fJW8m,6,shape-T,none,mixed,1 1 5 9 9 11
661WbhLA00siIb,6,shape-L,none,mixed,1 4 4 6 10 11
661W1Pvp6foWDG,6,shape-T,none,mixed,2 3 3 8 9 11
661W0vtpcfAWAH,6,shape-T,none,distinct,2 4 5 6 8 11
661WpNEQ007UzX,6,shape-L,none,mixed,2 3 6 7 7 11
661Wp6Lu01rgsZ,6,shape-L,none,distinct,1 4 5 7 8 11
661W0Onh6ZEOCO,6,shape-T,none,mixed,2 2 3 8 10 11
661W0QnZ6zAG9I,6,shape-T,none,mixed,1 4 6 6 8 11
661W0Ord7fAO8m,6,shape-T,none,mixed,1 1 6 8 9 11
661WhQMj00rAOX,6,shape-L,none,distinct,2 3 4 7 9 11
661W0vptcZ6WAH,6,shape-T,none,distinct,2 4 5 6 8 11
661W8nLwGZGYHd,6,shape-zigzag,none,mixed,1 1 6 9 9 10
661WfBj900D-qb,6,shape-L,none,distinct,1 3 6 7 8 11
661W0OphtZAW8I,6,shape-T,none,distinct,1 2 5 8 9 11
661WfJ7D00ahsj,6,shape-L,none,mixed,3 3 5 6 8 11
661WfINgW0ClPn,6,shape-L,none,mixed,3 3 3 8 8 11
661W0OrhNbIW8m,6,shape-T,none,distinct,1 2 6 7 9 11
661WrhiO00MFIh,6,shape-L,none,mixed,2 2 3 6 11 12
661WXx4fW16lPn,6,shape-L,none,mixed,1 1 5 8 10 11
661WrIKOW0dEIb,6,shape-L,none,mixed,2 2 3 7 11 11
661WfAKf00KjSv,6,shape-L,none,mixed,2 3 6 6 8 11
661W0Op__XAW8K,6,shape-T,none,mixed,2 3 3 7 10 11
661W0OpZ7jQG8H,6,shape-T,none,distinct,1 2 6 7 9 11
661WjQq900b9Lh,6,shape-L,none,mixed,2 3 4 4 11 12
661WbIay00rzoZ,6,shape-L,none,mixed,2 4 5 5 9 11
661WfItiW0KRHX,6,shape-L,none,mixed,1 2 4 7 11 11
661WZQDA00jTUb,6,shape-L,none,mixed,2 4 6 6 7 11
661W1QrxMXAG8M,6,shape-T,none,distinct,1 4 5 6 9 11
661W8nJwGZ8YHd,6,shape-zigzag,none,mixed,1 1 7 8 9 10
661WlRKeW0LAHn,6,shape-L,none,distinct,1 2 5 8 9 11
661Wjgav017BHb,6,shape-L,none,mixed,2 3 3 8 9 11
661WXcluW1LQsn,6,shape-L,none,mixed,3 4 4 6 8 11
661W0OnZEbAOAK,6,shape-T,none,distinct,1 4 5 6 9 11
661WjASf00bEKb,6,shape-L,none,mixed,1 5 5 5 9 11
661W8nPoOfKYLZ,6,shape-zigzag,none,distinct,1 2 4 8 10 11
661W0OrZ7bQm8H,6,shape-T,none,distinct,1 2 6 7 9 11
661W8nJ-Gb4YJZ,6,shape-zigzag,none,mixed,1 2 7 7 9 10
661W9_Po2XGYPZ,6,shape-zigzag,none,mixed,2 2 3 7 10 12
661WXUtgW0rSLn,6,shape-L,none,mixed,3 3 5 6 8 11
661W0wrlVXg08H,6,shape-T,none,distinct,1 2 6 7 9 11
661WrZaP00L9Rr,6,shape-L,none,mixed,2 3 3 8 9 11
661Wd6KOW1MjMZ,6,shape-L,none,mixed,1 3 5 8 8 11
661WAnJcGX4gHp,6,shape-zigzag,none,mixed,1 2 5 9 9 10
661W0wrhtXoW8I,6,shape-T,none,mixed,2 3 6 6 8 11
661WbBbB00LBob,6,shape-L,none,mixed,1 5 5 7 7 11
661W0OndEbA8CO,6,shape-T,none,distinct,1 2 4 8 10 11
661W0OpZ7fIm8H,6,shape-T,none,mixed,1 1 6 8 9 11
661Wh-si015ymf,6,shape-L,none,mixed,2 3 4 5 11 11
661W0OtZcfQG9H,6,shape-T,none,mixed,1 3 7 7 7 11
661WZBa900qhRd,6,shape-L,none,mixed,1 2 6 8 8 11
661WZgTP00kTyZ,6,shape-L,none,mixed,3 5 5 5 7 11
661Wj_rf014euf,6,shape-L,none,mixed,3 4 4 7 7 11
661WzASiW06Orb,6,shape-L,none,distinct,1 3 4 5 11 12
661WnNkC00N9Ir,6,shape-L,none,mixed,2 2 4 8 9 11
661WtdcgW07THf,6,shape-L,none,mixed,2 2 5 6 10 11
661W0Qnhkz609H,6,shape-T,none,mixed,1 3 3 7 11 11
661Wp6KRW0Mj-X,6,shape-L,none,distinct,1 3 6 7 8 11
661Wf6Uv00CjTZ,6,shape-L,none,mixed,2 2 5 6 10 11
661WZRNgW0bTPX,6,shape-L,none,mixed,3 4 4 6 8 11
661W0Vvp6nJW9G,6,shape-T,none,distinct,1 3 4 7 10 11
661WzQKg014Aob,6,shape-L,none,mixed,1 2 5 6 11 11
661W0UtZ6rAW8O,6,shape-T,none,distinct,1 2 6 7 9 11
661WbBTAW0q9Ih,6,shape-L,none,mixed,1 1 5 6 11 12
661WpZjA00L9Iv,6,shape-L,none,progressive,1 3 5 7 9 11
661WvI_j014eqb,6,shape-L,none,progressive,1 3 5 7 9 11
661WfIrgW0Keqh,6,shape-L,none,mixed,1 4 6 6 8 11
661W0vrhMf2WCO,6,shape-T,none,mixed,2 2 3 8 10 11
661W0PphNXBG8m,6,shape-T,none,mixed,1 2 4 9 9 11
661Wn-zO00kTOZ,6,shape-L,none,mixed,2 2 5 7 9 11
661WfJU800jhIf,6,shape-L,none,mixed,2 2 4 7 10 11
661WCtLgGZWYPh,6,shape-zigzag,none,mixed,1 3 5 7 10 10
661W0OnpsdAGAH,6,shape-T,none,distinct,1 4 5 6 9 11
661WZ6yw00KhoZ,6,shape-L,none,mixed,1 4 4 5 11 11
661WArVY0j8YHd,6,shape-zigzag,none,mixed,1 3 5 7 10 10
661WAnHg8jKYHp,6,shape-zigzag,none,mixed,1 3 4 9 9 10
661W1QpdFXIG8H,6,shape-T,none,distinct,1 2 5 8 9 11
661WrZCS00KOvx,6,shape-L,none,mixed,2 2 3 4 11 14
661WZRMg01FSuX,6,shape-L,none,mixed,2 4 4 5 10 11
661W0Qnh6jd8CO,6,shape-T,none,mixed,2 4 4 7 8 11
661W0OrZUfEG9I,6,shape-T,none,mixed,1 4 6 6 8 11
661WXMcQW1EzQf,6,shape-L,none,mixed,2 5 5 6 7 11
661W0Orh7dIW8m,6,shape-T,none,mixed,1 1 7 7 9 11
661WvILf00ERHZ,6,shape-L,none,distinct,1 2 4 8 10 11
661WbIsOW0ClQn,6,shape-L,none,mixed,1 2 7 7 8 11
661WvhMA00LUIb,6,shape-L,none,mixed,3 3 3 7 9 11
661W0RpZ6hcOCO,6,shape-T,none,mixed,2 3 6 6 8 11
661WXZ5Q016ivt,6,shape-L,none,distinct,1 3 5 6 10 11
661W8rTo0rmYHp,6,shape-zigzag,none,mixed,2 3 3 7 10 11
661W0OvtcbAOCH,6,shape-T,none,mixed,1 5 5 5 9 11
661WZAqOW1MlQX,6,shape-L,none,distinct,1 4 5 7 8 11
661WbN6900LUyf,6,shape-L,none,distinct,2 3 4 6 10 11
661W0PrZ6j3W9I,6,shape-T,none,mixed,1 1 4 6 11 13
661WjwDA01LgKb,6,shape-L,none,mixed,2 3 4 5 11 11
661WDpHY0j8oPp,6,shape-zigzag,none,mixed,2 2 5 8 9 10
661W0OrZEbIeCO,6,shape-T,none,mixed,1 2 7 7 8 11
661W0PnpMfN8BG,6,shape-T,none,distinct,1 2 5 8 9 11
661W0Qnp6npW9K,6,shape-T,none,mixed,2 3 5 5 10 11
661WZ6avW0bBMf,6,shape-L,none,mixed,2 2 5 8 8 11
661W0Pnd7fJO8H,6,shape-T,none,mixed,1 1 5 9 9 11
661WfFT900ajur,6,shape-L,none,mixed,2 3 6 7 7 11
661WhIjy004RLr,6,shape-L,none,mixed,1 3 6 6 9 11
661WXNdE01cAKv,6,shape-L,none,progressive,1 3 5 7 9 11
661W0vrZ6bIWCO,6,shape-T,none,mixed,2 2 5 8 8 11
661WdBMg00avPZ,6,shape-L,none,distinct,1 4 5 7 8 11
661W1Qnp6nIWAI,6,shape-T,none,mixed,1 4 5 5 10 11
661WXlsS015Pzr,6,shape-L,none,distinct,1 4 5 7 8 11
661WbIDPW0rjof,6,shape-L,none,mixed,3 3 5 5 9 11
661W8nPgAb4YJh,6,shape-zigzag,none,mixed,2 3 3 7 10 11
661WbAdh00CgMj,6,shape-L,none,mixed,3 4 4 5 9 11
661WArJg0hOYHh,6,shape-zigzag,none,distinct,2 3 4 8 9 10
661WArHk0d4oHh,6,shape-zigzag,none,mixed,1 2 7 8 8 10
661W9nHg0bagJd,6,shape-zigzag,none,mixed,1 2 7 8 8 10
661WfILg00bBqf,6,shape-L,none,mixed,1 4 6 7 7 11
661W0OxZMhIGCK,6,shape-T,none,mixed,1 3 7 7 7 11
661W1TnlUXgW8O,6,shape-T,none,distinct,1 2 3 9 10 11
661W1T_d6fg8AG,6,shape-T,none,distinct,2 4 5 6 8 11
661WApJY0v0sPZ,6,shape-zigzag,none,mixed,1 1 2 8 10 14
661WxpdC0058np,6,shape-L,none,mixed,1 2 5 6 11 11
661W0vthFf6G8H,6,shape-T,none,distinct,1 3 4 8 9 11
661W0OrhEh609I,6,shape-T,none,mixed,2 2 4 6 11 11
661W0Ovp6vpW9O,6,shape-T,none,mixed,3 3 4 6 9 11
661WboDA00cFMj,6,shape-L,none,distinct,1 4 5 6 9 11
661WCnJc0nWgPp,6,shape-zigzag,none,mixed,2 2 2 8 10 12
661WfBMeW0DENj,6,shape-L,none,distinct,2 3 5 7 8 11
661W0PphddB09G,6,shape-T,none,mixed,1 2 7 7 8 11
661Wv7bA00NCvh,6,shape-L,none,distinct,1 3 4 5 11 12
661W0wpZ6foGCO,6,shape-T,none,mixed,2 3 4 8 8 11
661W8pTY0rWYJh,6,shape-zigzag,none,mixed,2 2 3 7 10 12
661WbIMPW0ClNf,6,shape-L,none,distinct,1 4 5 6 9 11
661WfAbC004Uzx,6,shape-L,none,distinct,2 3 4 6 10 11
661W8nHY1nWcPp,6,shape-zigzag,none,distinct,1 2 3 7 10 13
661WXIrA01MhKf,6,shape-L,none,mixed,1 4 4 8 8 11
661WXctC015frx,6,shape-L,none,mixed,1 5 5 5 9 11
661WrYbu00DPRp,6,shape-L,none,mixed,1 2 6 6 10 11
661WnECf01MjMn,6,shape-L,none,mixed,1 5 6 6 7 11
661W8nTo2XOoHh,6,shape-zigzag,none,mixed,2 2 2 8 10 12
661WZBdS00bAvd,6,shape-L,none,distinct,1 3 6 7 8 11
661W0QnpcfpWAm,6,shape-T,none,mixed,2 2 4 8 9 11
661WfZDAW0cfIh,6,shape-L,none,distinct,1 3 5 6 10 11
661WrEKOW1KfMn,6,shape-L,none,mixed,1 3 5 8 8 11
661WdArl004QOX,6,shape-L,none,mixed,1 1 3 9 11 11
661Wn7DOW0kyvb,6,shape-L,none,distinct,2 3 4 6 10 11
661W8nLYGdGYJd,6,shape-zigzag,none,mixed,1 2 5 8 10 10
661Wf6NiW1MPLn,6,shape-L,none,mixed,2 2 4 6 11 11
661WfMsj004iSv,6,shape-L,none,distinct,1 3 6 7 8 11
661W0vnhdZAm8I,6,shape-T,none,mixed,2 2 5 8 8 11
661WbgTf01DRGj,6,shape-L,none,distinct,1 4 5 6 9 11
661W8rTY0jGYHt,6,shape-zigzag,none,distinct,1 2 4 8 10 11
661WfZ6D017Qqf,6,shape-L,none,mixed,2 2 4 7 10 11
661WZcaf01FTuf,6,shape-L,none,distinct,2 3 4 6 10 11
661WbADg00KfNh,6,shape-L,none,mixed,3 4 4 4 10 11
661WbZ6h01MSIb,6,shape-L,none,mixed,2 3 3 4 11 13
661WApHc0nG-PZ,6,shape-zigzag,none,distinct,1 2 3 8 10 12
661W8nTo8XOwLZ,6,shape-zigzag,none,mixed,2 2 4 8 10 10
661WfIjB00Kgqb,6,shape-L,none,mixed,1 4 6 7 7 11
661WZxtC014TQb,6,shape-L,none,mixed,2 4 5 7 7 11
661WCrHc0regPh,6,shape-zigzag,none,distinct,2 3 6 7 8 10
661W0Oxd6dEW8S,6,shape-T,none,distinct,1 2 5 8 9 11
661W0Txd6nYOAG,6,shape-T,none,distinct,1 2 5 8 9 11
661Wbsj800kTQf,6,shape-L,none,mixed,3 4 4 5 9 11
661Wtp6C005jQb,6,shape-L,none,mixed,1 3 5 8 8 11
661WXBUB01czqb,6,shape-L,none,distinct,1 4 5 7 8 11
661W8vHgGZ8oPp,6,shape-zigzag,none,distinct,1 4 6 7 8 10
661WBxLc9X8YPZ,6,shape-zigzag,none,mixed,1 3 7 7 8 10
661WAvHgCb4YPZ,6,shape-zigzag,none,mixed,3 3 3 7 10 10
661WXEESW0rhQn,6,shape-L,none,distinct,2 4 5 6 8 11
661W1QpdkXI89H,6,shape-T,none,distinct,1 3 6 7 8 11
661WZ7af00LBLh,6,shape-L,none,mixed,2 2 5 7 9 11
661W0SnhEb688O,6,shape-T,none,mixed,1 1 3 9 11 11
661WXoTT017RLf,6,shape-L,none,distinct,1 4 5 7 8 11
661W8nJg8ZCYJd,6,shape-zigzag,none,mixed,2 2 7 7 8 10
661W1QvpcfIW8u,6,shape-T,none,mixed,2 4 5 5 9 11
661WZhLx014fQZ,6,shape-L,none,mixed,2 3 6 6 8 11
661WnZtf00LQIb,6,shape-L,none,distinct,2 3 4 6 10 11
661WfRri00LUHZ,6,shape-L,none,distinct,1 4 5 6 9 11
661WhtNEW06BKZ,6,shape-L,none,distinct,1 4 5 6 9 11
661W1unZsXc89H,6,shape-T,none,distinct,1 2 3 7 11 12
661WArRo4X0oHZ,6,shape-zigzag,none,distinct,1 3 4 6 10 12
661WfBUx00iSKZ,6,shape-L,none,mixed,2 2 4 7 10 11
661WfIKvW0rhIX,6,shape-L,none,distinct,2 3 4 6 10 11
661W0PnZEpcWCO,6,shape-T,none,mixed,2 2 4 8 9 11
661W8nTY0zWYJh,6,shape-zigzag,none,distinct,1 2 3 7 10 13
661W0vnhMXAmAK,6,shape-T,none,mixed,2 4 4 6 9 11
661W0OphNbAW8H,6,shape-T,none,distinct,1 2 5 8 9 11
661WpdLf005gqf,6,shape-L,none,mixed,2 3 6 6 8 11
661W0Prh6hJ0CO,6,shape-T,none,mixed,2 2 5 8 8 11
661WdVtl005CGf,6,shape-L,none,mixed,2 3 4 8 8 11
661WfdLg015kyf,6,shape-L,none,distinct,3 4 5 6 7 11
661W0QrdcrA88o,6,shape-T,none,distinct,2 3 5 7 8 11
661WfMriW04QJz,6,shape-L,none,progressive,1 3 5 7 9 11
661WbA6T00rALj,6,shape-L,none,distinct,2 3 4 6 10 11
661WZFUuW0iOyX,6,shape-L,none,mixed,1 2 5 6 11 11
661W1QvtEf2GDG,6,shape-T,none,mixed,2 2 2 8 11 11
661WZctTW15fqb,6,shape-L,none,distinct,2 3 5 7 8 11
661WXZiP01agLj,6,shape-L,none,mixed,1 1 3 10 10 11
661WdArQ00b9Ip,6,shape-L,none,mixed,1 5 6 6 7 11
661W0SnZEbAO8O,6,shape-T,none,mixed,1 1 5 9 9 11
661WnIaSW1Munb,6,shape-L,none,distinct,1 2 3 4 11 15
661W8nTwGZGYLZ,6,shape-zigzag,none,distinct,1 2 6 8 9 10
661W0OxZMbEeEG,6,shape-T,none,distinct,1 2 5 8 9 11
661W0xnZdfYW8I,6,shape-T,none,mixed,2 2 3 8 10 11
661WxZLS004zSl,6,shape-L,none,mixed,1 2 6 8 8 11
661WhMjP00b9pX,6,shape-L,none,mixed,2 4 6 6 7 11
661W0Szxlj608G,6,shape-T,none,mixed,1 3 5 5 11 11
661WAnJc0b8gHp,6,shape-zigzag,none,distinct,1 2 6 8 9 10
661WjRLA017gIb,6,shape-L,none,mixed,2 2 6 7 8 11
661W1QxZEXIO8S,6,shape-T,none,mixed,1 1 5 9 9 11
661WnIrg00dAob,6,shape-L,none,distinct,2 3 5 6 9 11
661W0wrZ7boW8m,6,shape-T,none,distinct,1 3 4 8 9 11
661WfdED0168Ht,6,shape-L,none,mixed,2 2 2 4 11 15
661W8xHY0jesHZ,6,shape-zigzag,none,mixed,1 3 4 9 9 10
661WXYSf01bAIj,6,shape-L,none,mixed,1 1 4 9 10 11
661WAnHY8nWgHp,6,shape-zigzag,none,mixed,1 2 4 9 10 10
661W0vnpcnYW8q,6,shape-T,none,mixed,2 2 4 6 11 11
661WfVt800iPOv,6,shape-L,none,mixed,1 2 5 6 11 11
661WrMbB006ELp,6,shape-L,none,mixed,2 2 4 8 9 11
661WplLiW0cyLX,6,shape-L,none,mixed,2 4 4 7 8 11
661WjAUi004zof,6,shape-L,none,distinct,1 2 5 7 10 11
661W1y4LHPDEPi,6,shape-heart,none,mixed,1 4 4 4 9 14
661WCnJY0fGoPp,6,shape-zigzag,none,distinct,1 2 4 8 10 11
661Wf2Mg01tQob,6,shape-L,none,mixed,2 3 5 5 10 11
661W0vnp6fIWAI,6,shape-T,none,mixed,2 4 5 5 9 11
661WhUSv00CUnX,6,shape-L,none,distinct,1 3 5 6 10 11
661WfQMOW0jjOr,6,shape-L,none,mixed,2 3 4 5 11 11
661Whcyw0079rb,6,shape-L,none,distinct,2 3 4 6 10 11
661WZcbS017TQh,6,shape-L,none,mixed,2 4 6 6 7 11
661WXgqSW0tyxn,6,shape-L,none,mixed,2 3 6 6 8 11
661W1RpZ7bR08H,6,shape-T,none,distinct,1 3 4 8 9 11
661WZ6jh00KgMb,6,shape-L,none,mixed,3 4 4 4 10 11
661WZgMSW1LAQn,6,shape-L,none,mixed,1 2 6 6 10 11
661W0SxZMZ2mAG,6,shape-T,none,mixed,1 1 2 8 11 13
661W8nHs1b8gJZ,6,shape-zigzag,none,mixed,1 1 7 8 9 10
661WXBruW0TQwn,6,shape-L,none,distinct,2 3 5 6 9 11
661WfIkj004wsb,6,shape-L,none,mixed,2 4 4 7 8 11
661WhQrj00KwOX,6,shape-L,none,mixed,3 3 4 6 9 11
661W0QnhdtIW8I,6,shape-T,none,distinct,1 2 5 8 9 11
661WbpagW1MDnX,6,shape-L,none,mixed,2 2 3 7 11 11
661W9pTY0bGYJh,6,shape-zigzag,none,mixed,2 3 3 7 10 11
661W1Qrhkn609m,6,shape-T,none,mixed,1 1 5 9 9 11
661WvQcgW14zLf,6,shape-L,none,distinct,1 4 5 7 8 11
661W0Otpdnx08K,6,shape-T,none,mixed,1 3 3 7 11 11
661W0Svxcd688H,6,shape-T,none,mixed,1 3 4 6 11 11
661WDrPo8p4YPZ,6,shape-zigzag,none,mixed,1 2 5 5 10 13
661WbADA00bBMj,6,shape-L,none,mixed,1 4 6 6 8 11
661WfIrOW0Kgpb,6,shape-L,none,mixed,2 3 6 6 8 11
661W1PrZ7bp08H,6,shape-T,none,mixed,1 2 4 9 9 11
661WfdaOW0MhMp,6,shape-L,none,distinct,1 4 5 7 8 11
661WXcKfW1bALn,6,shape-L,none,mixed,1 1 6 8 9 11
661WnIryW0MuLj,6,shape-L,none,mixed,2 3 3 5 11 12
661WbAivW0CRuv,6,shape-L,none,mixed,2 3 3 6 11 11
661W0RtZMZg0AK,6,shape-T,none,distinct,1 2 4 6 11 12
661WAnLg8bKYHp,6,shape-zigzag,none,distinct,1 3 5 8 9 10
661WnoLOW0DVvr,6,shape-L,none,mixed,2 4 5 7 7 11
661WXoCg01cAsj,6,shape-L,none,mixed,1 1 5 8 10 11
661Wfd6g00MzPh,6,shape-L,none,mixed,3 4 4 5 9 11
661WhMdQ00CgKd,6,shape-L,none,distinct,1 3 4 7 10 11
661WhEyf00KkIf,6,shape-L,none,mixed,2 4 5 7 7 11
661W1QndkXIm8J,6,shape-T,none,mixed,1 2 4 9 9 11
661WbArQW0b9IZ,6,shape-L,none,mixed,1 4 6 7 7 11
661W0SrhMXQm8O,6,shape-T,none,mixed,1 2 4 9 9 11
661W1Qpd7fI88m,6,shape-T,none,distinct,1 2 6 7 9 11
661WbFEf00DQwf,6,shape-L,none,mixed,3 3 5 6 8 11
661W1OrZ7bpW8H,6,shape-T,none,distinct,1 2 5 8 9 11
661W0OnpshIW8L,6,shape-T,none,mixed,1 2 6 8 8 11
661WArVo0fOYHZ,6,shape-zigzag,none,mixed,1 4 4 6 10 11
661W0OvdEbA8AO,6,shape-T,none,distinct,1 3 4 7 10 11
661WXZKy015xsh,6,shape-L,none,distinct,2 3 5 6 9 11
661Wf6Mv00jlPj,6,shape-L,none,mixed,3 4 4 5 9 11
661WXoUi01LUyr,6,shape-L,none,mixed,2 4 6 6 7 11
661W0vphFbE08m,6,shape-T,none,mixed,1 3 6 6 9 11
661WArTo0jGYHZ,6,shape-zigzag,none,mixed,1 4 4 6 10 11
661W8nHc1b8gJd,6,shape-zigzag,none,mixed,1 2 7 8 8 10
661WXkLQW1cDMn,6,shape-L,none,distinct,1 4 5 6 9 11
661W9tRY0j8YJp,6,shape-zigzag,none,mixed,2 4 4 6 10 10
661WhVKf00LCOf,6,shape-L,none,mixed,2 2 5 7 9 11
661WfQtP00CjpX,6,shape-L,none,mixed,2 2 4 7 10 11
661WbISB00bEsb,6,shape-L,none,mixed,1 1 5 6 11 12
661Wnhyh00E-Kb,6,shape-L,none,distinct,2 3 5 7 8 11
661WfR4wW05jsj,6,shape-L,none,mixed,2 3 5 5 10 11
661WAnLYGh8sPZ,6,shape-zigzag,none,distinct,1 2 6 8 9 10
661W8tLg0pGYHx,6,shape-zigzag,none,mixed,1 3 3 9 10 10
661W0xth6Zg0CO,6,shape-T,none,mixed,2 2 5 8 8 11
661W1Txh6pB0AG,6,shape-T,none,mixed,1 2 7 7 8 11
661W0OrZ7jAG8m,6,shape-T,none,mixed,1 1 6 8 9 11
661W8nHwCb4YJZ,6,shape-zigzag,none,mixed,1 3 3 9 10 10
661WXITh01MhIf,6,shape-L,none,mixed,2 4 5 5 9 11
661WfJMf00LQnZ,6,shape-L,none,mixed,2 4 4 5 10 11
661WZosh01L-OX,6,shape-L,none,mixed,3 3 4 5 10 11
661WfprC006wpd,6,shape-L,none,mixed,2 4 4 7 8 11
661W0Ond6bAOCO,6,shape-T,none,distinct,1 2 5 8 9 11
661W0OtlcZM88o,6,shape-T,none,mixed,2 3 3 7 10 11
661Wb7FE00afQn,6,shape-L,none,mixed,2 2 3 8 10 11
661WrgjOW0qgrX,6,shape-L,none,mixed,2 4 6 6 7 11
661W0PpdtZ709G,6,shape-T,none,distinct,1 2 5 8 9 11
661Wb3DP00rgzn,6,shape-L,none,mixed,1 2 5 5 11 12
661WvBsk007Dqf,6,shape-L,none,distinct,1 4 5 7 8 11
661Wj_Se01L8Jp,6,shape-L,none,mixed,2 3 4 4 11 12
661WvgrC00bUIb,6,shape-L,none,distinct,2 3 5 7 8 11
661Wf3rQ01chIZ,6,shape-L,none,mixed,1 2 5 5 11 12
661WZ6TA00bBrd,6,shape-L,none,mixed,3 3 4 7 8 11
661WfZ4CW0svpb,6,shape-L,none,mixed,1 3 3 7 11 11
661WfN7S005Rtr,6,shape-L,none,mixed,2 5 5 6 7 11
661W1Rpd6f38CO,6,shape-T,none,mixed,2 2 3 8 10 11
661W1UpZ6fIG8O,6,shape-T,none,distinct,1 2 5 8 9 11
661W0PzZ6bJWCK,6,shape-T,none,distinct,1 3 6 7 8 11
661W0OnlEZAGAK,6,shape-T,none,distinct,2 3 4 6 10 11
661W0OnhEd28AK,6,shape-T,none,mixed,1 1 4 6 11 13
661W8vJc8fGcHZ,6,shape-zigzag,none,mixed,1 4 6 6 9 10
661WbMUz00rCKp,6,shape-L,none,mixed,2 3 4 5 11 11
661W8tLcCXecPh,6,shape-zigzag,none,distinct,3 4 5 6 8 10
661W1PvpcfoWCH,6,shape-T,none,mixed,3 3 5 5 9 11
661WCvHg8b4gHZ,6,shape-zigzag,none,distinct,2 3 4 8 9 10
661Wl6bf00CVMb,6,shape-L,none,mixed,1 4 4 5 11 11
661W1QpdNXMG8H,6,shape-T,none,progressive,1 3 5 7 9 11
661WbQKg00bEnZ,6,shape-L,none,mixed,1 3 5 8 8 11
661WfZCg015l-v,6,shape-L,none,mixed,3 3 6 6 7 11
661W1PnZdfoW9G,6,shape-T,none,mixed,2 3 3 8 9 11
661WjAbg01dAob,6,shape-L,none,distinct,2 4 5 6 8 11
661W0OpZMhIGAK,6,shape-T,none,mixed,1 4 6 7 7 11
661Wjwiv00c9Tn,6,shape-L,none,distinct,2 3 5 6 9 11
661WnBlE00cErd,6,shape-L,none,mixed,3 3 5 7 7 11
661W0vtlFZI08H,6,shape-T,none,distinct,1 4 5 6 9 11
661WtlMQW05QIf,6,shape-L,none,mixed,2 4 6 6 7 11
661WfILA00jRKf,6,shape-L,none,distinct,2 4 5 6 8 11
661W8nRYObCYJh,6,shape-zigzag,none,distinct,1 3 6 7 9 10
661WrQSv00dCGh,6,shape-L,none,mixed,2 2 3 8 10 11
661W0QnhNXxm8H,6,shape-T,none,mixed,1 2 4 9 9 11
661Wj65A00KjQj,6,shape-L,none,mixed,1 3 4 6 11 11
661W0wnh6hgGCO,6,shape-T,none,distinct,2 3 5 7 8 11
661W0PnxEb7WAI,6,shape-T,none,mixed,1 3 5 5 11 11
661W0OvdUZ2GCK,6,shape-T,none,distinct,1 2 3 7 11 12
661WbAkvW0KwsX,6,shape-L,none,mixed,2 4 4 7 8 11
661WfACg01dEtZ,6,shape-L,none,mixed,2 3 3 8 9 11
661W8nLgGZGYJd,6,shape-zigzag,none,distinct,1 2 6 8 9 10
661WdpdA014Snp,6,shape-L,none,distinct,1 3 5 6 10 11
661WZ6Se00jQsf,6,shape-L,none,mixed,1 2 6 8 8 11
661WhUif00KiMf,6,shape-L,none,distinct,2 3 5 6 9 11
661WZZDE015wKr,6,shape-L,none,mixed,1 1 5 9 9 11
661WZpav00cjPb,6,shape-L,none,distinct,2 3 5 7 8 11
661W8vHgOb0kHZ,6,shape-zigzag,none,mixed,1 2 4 9 10 10
661WfENe00Citt,6,shape-L,none,distinct,2 3 4 6 10 11
661Wb36e01kzob,6,shape-L,none,mixed,2 2 3 7 11 11
661W1Qrp6bAGBG,6,shape-T,none,mixed,1 3 6 6 9 11
661WbBbA00qgOn,6,shape-L,none,mixed,1 2 4 7 11 11
661W1Vvp6fYW8I,6,shape-T,none,mixed,2 3 3 7 10 11
661W8vJc8X0oPp,6,shape-zigzag,none,mixed,1 4 5 6 10 10
661W0wpd6XoeAK,6,shape-T,none,distinct,2 3 4 6 10 11
661WXAt-W0KAwn,6,shape-L,none,mixed,2 2 3 6 11 12
661W0OntUZ2GAI,6,shape-T,none,mixed,1 2 5 5 11 12
661WArRY2b8YHd,6,shape-zigzag,none,distinct,2 3 6 7 8 10
661WhBM9W1kfPX,6,shape-L,none,mixed,1 2 2 7 11 13
661WXBESW1NEKf,6,shape-L,none,distinct,2 3 4 7 9 11
661W0Orh_XIe8I,6,shape-T,none,distinct,1 2 5 8 9 11
661WfJ6k005Qsj,6,shape-L,none,mixed,1 5 6 6 7 11
661WbBMe00ivob,6,shape-L,none,mixed,2 2 6 7 8 11
661WrAFeW1Cetf,6,shape-L,none,mixed,1 4 4 5 11 11
661WCpLY0r8oPp,6,shape-zigzag,none,mixed,2 2 5 8 9 10
661WbAiOW0bBMf,6,shape-L,none,distinct,2 3 4 6 10 11
661W0zzxcXUO8m,6,shape-T,none,mixed,2 4 4 6 9 11
661W0OphddAW9G,6,shape-T,none,mixed,1 2 6 8 8 11
661W8nHcOZ0sPp,6,shape-zigzag,none,mixed,1 3 5 7 10 10
661WZ74g00bhsr,6,shape-L,none,mixed,1 5 5 6 8 11
661WnpEOW0FAKf,6,shape-L,none,distinct,1 3 4 7 10 11
661WbAqQW0SwIb,6,shape-L,none,mixed,2 2 6 7 8 11
661W0vpl7ZA88H,6,shape-T,none,mixed,1 4 4 7 9 11
661W0vntcbAe8L,6,shape-T,none,mixed,2 2 5 8 8 11
661WrIyf01KkIf,6,shape-L,none,mixed,1 5 6 6 7 11
661WZR6EW0bCrv,6,shape-L,none,mixed,1 2 3 8 11 11
661W8tNY0r0oLp,6,shape-zigzag,none,mixed,1 2 5 5 10 13
661WndKO00Svrz,6,shape-L,none,mixed,1 3 6 6 9 11
661W0Qrtkr2G8L,6,shape-T,none,mixed,2 2 2 8 11 11
661Wf6yP00KkRp,6,shape-L,none,mixed,2 3 3 8 9 11
661W0OrlUfA09I,6,shape-T,none,distinct,2 3 4 6 10 11
661WbF6AW0bQnv,6,shape-L,none,distinct,1 2 4 6 11 12
661WnAKQ01dEpb,6,shape-L,none,distinct,1 3 4 8 9 11
661WdAig00bBov,6,shape-L,none,mixed,1 5 6 6 7 11
661W8nHcGZ4oLh,6,shape-zigzag,none,mixed,1 4 6 6 9 10
661WjYLe00kPTx,6,shape-L,none,distinct,2 3 4 6 10 11
661WhIcz004fIp,6,shape-L,none,distinct,1 3 4 8 9 11
661W0QpdFnIG8m,6,shape-T,none,distinct,1 2 6 7 9 11
661W1PpdUZY0AK,6,shape-T,none,mixed,1 4 6 6 8 11
661WbESi00Kvwf,6,shape-L,none,distinct,2 3 4 7 9 11
661W1QvpcfIWCm,6,shape-T,none,distinct,2 3 4 7 9 11
661W8vHc0dCkHZ,6,shape-zigzag,none,distinct,1 2 6 8 9 10
661W0wrZ7rY08H,6,shape-T,none,mixed,1 2 2 9 11 11
661W0xvp6fYWCI,6,shape-T,none,distinct,2 3 4 6 10 11
661WfEDf00Sysn,6,shape-L,none,distinct,2 3 4 6 10 11
661WrQyP01MeJf,6,shape-L,none,mixed,1 4 4 5 11 11
661W0OrdlfA89G,6,shape-T,none,distinct,1 2 5 8 9 11
661WnMrh006ALp,6,shape-L,none,distinct,2 3 5 6 9 11
661W1QxZ6fIGEG,6,shape-T,none,distinct,1 2 5 8 9 11
661W0OndFfIm8H,6,shape-T,none,distinct,1 2 6 7 9 11
661WZMMf01MQqn,6,shape-L,none,mixed,1 4 6 7 7 11
661WhELj004TOf,6,shape-L,none,mixed,2 2 3 7 11 11
661W0OphsXEe8o,6,shape-T,none,mixed,2 3 3 7 10 11
661WAnJY0b8oHp,6,shape-zigzag,none,mixed,1 1 6 9 9 10
661W0OzZEj28AO,6,shape-T,none,mixed,1 1 3 7 11 13
661Wf3sg01l9qf,6,shape-L,none,mixed,2 2 5 7 9 11
661WfAMC00rlKf,6,shape-L,none,mixed,2 3 5 5 10 11
661WfscAW15wKp,6,shape-L,none,distinct,1 3 5 6 10 11
661WbpbAW1MCGZ,6,shape-L,none,distinct,1 2 3 6 11 13
661W8nJY4X0oLh,6,shape-zigzag,none,distinct,1 3 4 6 10 12
661Wrgyf005BIf,6,shape-L,none,mixed,1 4 5 5 10 11
661WApHY0pKgHp,6,shape-zigzag,none,distinct,1 3 6 7 9 10
661Wn6DvW0Miwf,6,shape-L,none,mixed,2 3 5 5 10 11
661W1QpdFbQ08H,6,shape-T,none,mixed,1 4 4 7 9 11
661W0PrZ6bJWAK,6,shape-T,none,mixed,1 4 6 6 8 11
661WhorQ00cExX,6,shape-L,none,mixed,2 3 3 7 10 11
661WfJaP00bfJb,6,shape-L,none,distinct,1 3 4 8 9 11
661W0QnZ6zAGCO,6,shape-T,none,mixed,1 2 6 8 8 11
661WFnHY4n0YPZ,6,shape-zigzag,none,mixed,1 1 3 9 10 12
661W0OvZMbEOCK,6,shape-T,none,distinct,2 3 4 7 9 11
661WAnHg0ragHp,6,shape-zigzag,none,mixed,1 2 7 7 9 10
661WpcDA00siOb,6,shape-L,none,mixed,2 3 3 4 11 13
661WjQKuW0KhHb,6,shape-L,none,mixed,2 2 7 7 7 11
661W0Onh6bEOCO,6,shape-T,none,mixed,2 2 4 8 9 11
661WhBMe00TEHp,6,shape-L,none,mixed,1 1 6 8 9 11
661WpczQ00b9rX,6,shape-L,none,mixed,2 3 6 7 7 11
661W0Pvp6fJW8Q,6,shape-T,none,distinct,1 2 5 8 9 11
661WfoKv015ALj,6,shape-L,none,mixed,3 3 3 6 10 11
661WAvHgIb0YPZ,6,shape-zigzag,none,mixed,2 2 3 7 10 12
661W0xpdEv20CO,6,shape-T,none,distinct,1 2 5 8 9 11
661Wp7LiW1avLX,6,shape-L,none,mixed,1 4 4 7 9 11
661W8rHc8Z4oLp,6,shape-zigzag,none,mixed,2 5 5 5 9 10
661WCnHY0jOoPp,6,shape-zigzag,none,distinct,2 3 4 8 9 10
661W0xnp6nIW9K,6,shape-T,none,mixed,2 3 5 5 10 11
661WfJlB00DAqb,6,shape-L,none,mixed,1 4 6 7 7 11
661WjN4e00LhTp,6,shape-L,none,distinct,2 3 5 7 8 11
661W8vJY0b8sHZ,6,shape-zigzag,none,mixed,1 1 6 9 9 10
661WbQsSW16hIX,6,shape-L,none,mixed,1 4 6 6 8 11
661W0vpdsX6W9H,6,shape-T,none,distinct,2 3 4 7 9 11
661Wp6NB00MTyX,6,shape-L,none,mixed,1 3 3 9 9 11
661Wb658W1Uyvf,6,shape-L,none,mixed,2 3 3 4 11 13
661W0vrZMdI0CO,6,shape-T,none,distinct,1 2 5 8 9 11
661WfpNA01EBKf,6,shape-L,none,mixed,2 3 6 6 8 11
661W1QntMjE0AI,6,shape-T,none,mixed,2 3 5 5 10 11
661WnZSE00czSr,6,shape-L,none,mixed,1 2 4 7 11 11
661Wn6yv00MkPp,6,shape-L,none,distinct,2 3 4 7 9 11
661WXAjuW1EVLb,6,shape-L,none,distinct,2 3 5 7 8 11
661WDrTY0bmYPd,6,shape-zigzag,none,mixed,1 4 4 6 10 11
661W0SrlUfA08O,6,shape-T,none,distinct,1 2 3 9 10 11
661W8nRY4b8YHl,6,shape-zigzag,none,distinct,1 3 6 7 9 10
661W0xnp6nIW8M,6,shape-T,none,distinct,1 2 3 9 10 11
661W0QrZ6vAG9I,6,shape-T,none,mixed,1 4 6 7 7 11
661WptiOW0MgKX,6,shape-L,none,mixed,2 3 5 5 10 11
661W8nHY8dCsPp,6,shape-zigzag,none,mixed,2 3 7 7 7 10
661Wb35g01cjJd,6,shape-L,none,mixed,2 3 4 5 11 11
661W0PptsZ388L,6,shape-T,none,mixed,1 2 3 8 11 11
661W0OtdcdMG9m,6,shape-T,none,distinct,1 3 4 8 9 11
661WbsSi00cUwb,6,shape-L,none,mixed,3 4 4 6 8 11
661WjRjA00ahIf,6,shape-L,none,mixed,2 5 5 6 7 11
661W9tNgGX0oHx,6,shape-zigzag,none,mixed,1 1 5 9 10 10
661WfhM801EjIb,6,shape-L,none,distinct,2 3 4 7 9 11
661WhI5A00CRMz,6,shape-L,none,mixed,1 2 5 6 11 11
661WboLA01DVIb,6,shape-L,none,mixed,2 4 6 6 7 11
661WArHgGb4gHh,6,shape-zigzag,none,mixed,2 2 5 8 9 10
661WpN4gW0Nfnf,6,shape-L,none,mixed,2 2 4 5 11 12
661W0vnl6b6m9I,6,shape-T,none,distinct,2 4 5 6 8 11
661WhAMkW0KCvX,6,shape-L,none,mixed,2 2 2 8 11 11
661W0OpZ6jQWCO,6,shape-T,none,mixed,2 2 6 7 8 11
661WZNL901NhqX,6,shape-L,none,distinct,2 3 5 6 9 11
661WXZMiW15Qpb,6,shape-L,none,mixed,3 3 4 4 11 11
661W0PtZdfBW9G,6,shape-T,none,mixed,1 2 6 8 8 11
661W0QvZ6x68CK,6,shape-T,none,mixed,1 3 3 7 11 11
661WXJzA01chKb,6,shape-L,none,progressive,1 3 5 7 9 11
661W0PtdEvg09I,6,shape-T,none,distinct,3 4 5 6 7 11
661WXlsk0159yn,6,shape-L,none,mixed,1 4 4 8 8 11
661WAvJk0d0gPZ,6,shape-zigzag,none,distinct,1 2 3 7 10 13
661WbpLBW15lHX,6,shape-L,none,distinct,1 2 4 6 11 12
661WbtEj007jIn,6,shape-L,none,mixed,1 4 6 7 7 11
661W1Qxh6hAWEG,6,shape-T,none,distinct,1 2 6 7 9 11
661W0QpdFnIG8H,6,shape-T,none,distinct,1 2 6 7 9 11
661W0OxdEhM0CK,6,shape-T,none,distinct,2 3 4 7 9 11
661Wv35QW0NhMf,6,shape-L,none,mixed,1 4 4 6 10 11
661Wph4e00bhRd,6,shape-L,none,mixed,2 2 5 7 9 11
661WfJD9W1cgqd,6,shape-L,none,distinct,1 2 6 7 9 11
661WjQbA00KiKf,6,shape-L,none,mixed,1 4 4 6 10 11
661WpEaf00MlOf,6,shape-L,none,mixed,2 3 6 6 8 11
661W9pLg9X4cPp,6,shape-zigzag,none,distinct,1 3 6 7 9 10
661W8nJcGZ0gJd,6,shape-zigzag,none,mixed,1 2 2 8 10 13
661W1xrhNX2W8H,6,shape-T,none,distinct,1 2 5 8 9 11
661WZMig016Brd,6,shape-L,none,mixed,3 3 4 6 9 11
661W0OpdFbAW8m,6,shape-T,none,distinct,1 3 4 8 9 11
661WdYCe00kSxh,6,shape-L,none,distinct,1 3 4 5 11 12
661W8nPcAX0oHl,6,shape-zigzag,none,distinct,1 2 3 9 10 11
661WZJUf00DESj,6,shape-L,none,distinct,1 4 5 7 8 11
661W1Uvp6fIW8I,6,shape-T,none,distinct,2 3 4 7 9 11
661WfQ78W0jyrf,6,shape-L,none,mixed,1 4 4 5 11 11
661W8rVw8XKoHp,6,shape-zigzag,none,mixed,1 3 7 7 8 10
661W0QpZcvIG9H,6,shape-T,none,distinct,1 3 6 7 8 11
661W8nTY0j8oJh,6,shape-zigzag,none,distinct,1 3 6 7 9 10
661W9pLwGXGYJZ,6,shape-zigzag,none,mixed,1 2 5 9 9 10
661WfUKE00rzOf,6,shape-L,none,mixed,1 4 4 4 11 12
661WX6t800jftt,6,shape-L,none,mixed,3 3 3 6 10 11
661W0vxZ6bAWCK,6,shape-T,none,mixed,2 3 6 7 7 11
661WrZLA00LBQr,6,shape-L,none,mixed,2 3 6 6 8 11
661WCvLY4XOoHZ,6,shape-zigzag,none,mixed,2 2 3 8 10 11
661WfQsf00ChOn,6,shape-L,none,distinct,1 4 5 7 8 11
661WZhEQW1cSSX,6,shape-L,none,mixed,1 4 4 6 10 11
661WfNTA00TPKr,6,shape-L,none,mixed,2 2 5 7 9 11
661WCpHY8pKYPp,6,shape-zigzag,none,mixed,2 2 3 8 10 11
661Wttlh005SIX,6,shape-L,none,mixed,2 3 6 7 7 11
661W0wndMfcGCO,6,shape-T,none,mixed,2 3 3 8 9 11
661W0OtlEh2WCO,6,shape-T,none,mixed,2 2 3 8 10 11
661WbIrgW0bEnX,6,shape-L,none,mixed,2 2 5 6 10 11
661WfArg01MkHZ,6,shape-L,none,mixed,2 4 5 5 9 11
661WnhLA00cjOn,6,shape-L,none,mixed,2 4 4 5 10 11
661WZZCS01LQrv,6,shape-L,none,mixed,1 2 6 8 8 11
661WnYrB00b9qf,6,shape-L,none,distinct,1 2 6 7 9 11
661W0vrp6fAm9K,6,shape-T,none,mixed,2 5 5 6 7 11
661Wvgiv00aFHh,6,shape-L,none,mixed,2 2 2 8 11 11
661WArLgGbGYHh,6,shape-zigzag,none,mixed,2 2 5 8 9 10
661W0RnZspJ09H,6,shape-T,none,distinct,1 3 4 7 10 11
661W0RrZ7fgm8m,6,shape-T,none,progressive,1 3 5 7 9 11
661WAvHk1Z8gPZ,6,shape-zigzag,none,distinct,1 3 6 7 9 10
661W0wvp6foWDG,6,shape-T,none,mixed,2 3 3 8 9 11
661W9nHY1n0YJd,6,shape-zigzag,none,mixed,1 1 2 8 10 14
661WbAkj004hMb,6,shape-L,none,mixed,2 4 4 5 10 11
661WdkLC015RMb,6,shape-L,none,mixed,2 4 5 7 7 11
661W0QrZ6fhGCO,6,shape-T,none,mixed,2 4 4 7 8 11
661WjMauW0KfPj,6,shape-L,none,mixed,2 3 6 7 7 11
661W0Qrl-XZG8o,6,shape-T,none,mixed,2 3 6 7 7 11
661WXRMj00bjOn,6,shape-L,none,mixed,3 3 4 7 8 11
661WbIUv00ClKh,6,shape-L,none,mixed,2 4 5 5 9 11
661Wp64gW1bAtb,6,shape-L,none,distinct,1 2 3 7 11 12
661WjQKOW0KhIb,6,shape-L,none,mixed,2 2 6 7 8 11
661W0Urh6nEO8O,6,shape-T,none,distinct,1 2 6 7 9 11
661WpdUy005hHb,6,shape-L,none,distinct,2 3 5 7 8 11
661WrhKC014vrh,6,shape-L,none,mixed,1 4 4 6 10 11
661W0O_lUfI0CK,6,shape-T,none,mixed,3 3 3 7 9 11
661Wrkj800DRQn,6,shape-L,none,distinct,2 3 4 6 10 11
661Wbgbg00cEwr,6,shape-L,none,distinct,2 4 5 6 8 11
661WhRdD00L8yf,6,shape-L,none,mixed,2 3 4 5 11 11
661W0upxMngW8M,6,shape-T,none,distinct,1 2 5 8 9 11
661W0Opt6hMWBG,6,shape-T,none,distinct,1 4 5 6 9 11
661WbB4900bhNl,6,shape-L,none,mixed,2 4 4 6 9 11
661W8nPwGZ8oHh,6,shape-zigzag,none,mixed,1 2 7 8 8 10
661W0OnZEdEGAK,6,shape-T,none,mixed,2 4 4 6 9 11
661Wv2cf00lfHZ,6,shape-L,none,distinct,1 2 3 5 11 14
661W0vrtEfAWAI,6,shape-T,none,mixed,2 5 5 5 8 11
661WpczQW05ApX,6,shape-L,none,distinct,2 3 5 7 8 11
661WboaP01TzpX,6,shape-L,none,mixed,3 3 4 4 11 11
661WXAEA00rQzt,6,shape-L,none,mixed,3 3 3 8 8 11
661WfVSOW0LhQX,6,shape-L,none,mixed,2 2 5 8 8 11
661W8nHc1b8gLh,6,shape-zigzag,none,distinct,1 4 6 7 8 10
661WbAt8W0Chrf,6,shape-L,none,distinct,1 4 5 6 9 11
661WXoLQW1sgIb,6,shape-L,none,distinct,1 2 4 8 10 11
661W0Ovh6dAGAO,6,shape-T,none,progressive,1 3 5 7 9 11
661W0Onx6dAGAI,6,shape-T,none,mixed,1 5 5 5 9 11
661WbAr8W0Swpb,6,shape-L,none,distinct,2 4 5 6 8 11
661WXJUzW1chKX,6,shape-L,none,mixed,3 3 4 4 11 11
661W1Qrd7ZEG8H,6,shape-T,none,distinct,1 4 5 6 9 11
661W0Svt6nZO8I,6,shape-T,none,mixed,1 3 3 7 11 11
661W0zvZ6bAm8K,6,shape-T,none,mixed,2 2 6 7 8 11
661WZ6qf00KhKf,6,shape-L,none,mixed,1 2 6 6 10 11
661WrJES007Ovx,6,shape-L,none,mixed,2 2 4 6 11 11
661W0_zZ6bYW8K,6,shape-T,none,mixed,2 2 4 8 9 11
661WZZ58W1kyvX,6,shape-L,none,mixed,1 3 4 4 11 13
661Wf2FE01tBMb,6,shape-L,none,mixed,2 2 6 6 9 11
661Wb2yg01dDsf,6,shape-L,none,distinct,1 3 6 7 8 11
661WpwCP00FSzX,6,shape-L,none,mixed,1 3 3 7 11 11
661WXYsPW15wsj,6,shape-L,none,mixed,2 2 5 7 9 11
661W0Prl7ZR88H,6,shape-T,none,mixed,1 4 4 7 9 11
661WZUzS00KyMZ,6,shape-L,none,distinct,1 3 4 8 9 11
661WbMkU004yvb,6,shape-L,none,mixed,1 4 4 7 9 11
661W0UpZ6fZm8O,6,shape-T,none,mixed,1 1 4 9 10 11
661W0vpZEbA8AK,6,shape-T,none,mixed,1 4 6 6 8 11
661WfISv016AKh,6,shape-L,none,mixed,2 2 4 6 11 11
661W0zvpcfIW8m,6,shape-T,none,mixed,2 4 4 6 9 11
661WrZbgW0NDHX,6,shape-L,none,mixed,2 3 3 5 11 12
661WfYMSW1ajUv,6,shape-L,none,mixed,1 3 4 6 11 11
661Wh6Kf01dALZ,6,shape-L,none,mixed,2 2 6 6 9 11
661W8vHY8hKcHZ,6,shape-zigzag,none,mixed,1 2 4 9 10 10
661W0TxtMX789G,6,shape-T,none,mixed,2 3 3 7 10 11
661WdMau00KlLd,6,shape-L,none,distinct,1 3 6 7 8 11
661W0RpZ6vYGAK,6,shape-T,none,distinct,1 4 5 6 9 11
661W9pHs0j8gHd,6,shape-zigzag,none,distinct,1 2 6 8 9 10
661W0QrdNr6G8m,6,shape-T,none,distinct,1 2 3 9 10 11
661WbAre00CRLh,6,shape-L,none,mixed,1 4 4 6 10 11
661W0OrhNbIW8H,6,shape-T,none,distinct,1 2 6 7 9 11
661W9pTY0XOoLd,6,shape-zigzag,none,mixed,2 2 3 7 10 12
661WphL900bhuX,6,shape-L,none,mixed,2 2 5 6 10 11
661W8pTY0rGYLd,6,shape-zigzag,none,mixed,2 3 3 7 10 11
661WbNkf00DjIn,6,shape-L,none,mixed,1 5 6 6 7 11
661W8tNY0r0sPh,6,shape-zigzag,none,distinct,1 2 4 6 10 13
661WpQsz006gOd,6,shape-L,none,distinct,1 4 5 7 8 11
661Wb6iQ00b9xr,6,shape-L,none,mixed,2 2 4 8 9 11
661WApHY1nGcPZ,6,shape-zigzag,none,distinct,1 2 3 8 10 12
661WfJc900ivob,6,shape-L,none,distinct,2 3 5 6 9 11
661WhADj004TUf,6,shape-L,none,mixed,2 3 3 5 11 12
661WntLA00LFSf,6,shape-L,none,mixed,2 3 6 6 8 11
661WXFEA01NUOj,6,shape-L,none,mixed,1 3 4 6 11 11
661W0QpddnIO9G,6,shape-T,none,mixed,1 2 6 8 8 11
661WfRKfW0LCKh,6,shape-L,none,mixed,1 5 5 5 9 11
661W0OtZlfAe8I,6,shape-T,none,mixed,1 2 7 7 8 11
661WnAb901bAvp,6,shape-L,none,mixed,1 2 7 7 8 11
661W8nPc0nWwLd,6,shape-zigzag,none,distinct,1 2 3 7 10 13
661Wb6bA00CRUj,6,shape-L,none,mixed,2 3 3 6 11 11
661W0__p6fg09G,6,shape-T,none,mixed,2 3 3 7 10 11
661Wrkaf005BQj,6,shape-L,none,mixed,3 4 4 4 10 11
661WrNkC00d9Qf,6,shape-L,none,mixed,3 3 3 6 10 11
661WnMlyW0MTPX,6,shape-L,none,distinct,2 4 5 6 8 11
661W0wrhNXoW8H,6,shape-T,none,mixed,1 3 6 6 9 11
661W8rJY0b8oHx,6,shape-zigzag,none,mixed,1 1 6 9 9 10
661Wfoa8W1LfId,6,shape-L,none,mixed,1 3 3 9 9 11
661Wf2Lf01tgnZ,6,shape-L,none,mixed,2 2 4 5 11 12
661WpEbvW0EVMX,6,shape-L,none,mixed,2 4 4 7 8 11
661WfpaP00MfJb,6,shape-L,none,distinct,2 3 4 7 9 11
661W0Pnp6fJWAI,6,shape-T,none,mixed,1 5 5 5 9 11
661WDrPoGZWYPZ,6,shape-zigzag,none,mixed,1 1 5 5 10 14
661W1OvdEn2GAO,6,shape-T,none,distinct,1 2 3 7 11 12
661WfJDh00LfIf,6,shape-L,none,mixed,2 4 5 5 9 11
661W1QnZtZIW9G,6,shape-T,none,distinct,1 2 4 8 10 11
661Wpd7QW05RMb,6,shape-L,none,mixed,2 4 6 6 7 11
661W0OthsXQG9H,6,shape-T,none,distinct,1 3 4 7 10 11
661W0vvpcnYW8u,6,shape-T,none,mixed,2 2 5 5 11 11
661W1OnZln289G,6,shape-T,none,mixed,1 1 2 8 11 13
661WXAtA01ljOn,6,shape-L,none,mixed,3 3 4 5 10 11
661WnZrj004wqf,6,shape-L,none,mixed,2 2 6 6 9 11
661W8pHo8haYHd,6,shape-zigzag,none,distinct,1 2 3 9 10 11
661WZcUiW1LALb,6,shape-L,none,distinct,2 3 4 7 9 11
661WndEP00DALv,6,shape-L,none,mixed,1 4 4 7 9 11
661W8nPcGZ4oLd,6,shape-zigzag,none,distinct,1 3 6 7 9 10
661WdUsA016zGf,6,shape-L,none,mixed,2 2 3 7 11 11
661W0OpdNfMG8m,6,shape-T,none,progressive,1 3 5 7 9 11
661W8nJo8dCYHd,6,shape-zigzag,none,distinct,1 2 6 8 9 10
661WrdlQW0D8On,6,shape-L,none,mixed,2 4 4 4 11 11
661WfMce00CjPx,6,shape-L,none,mixed,1 3 7 7 7 11
661WCpLg0ZeoPp,6,shape-zigzag,none,mixed,2 3 5 8 8 10
661WbQL900bDpd,6,shape-L,none,distinct,2 3 5 6 9 11
661W0Pvd6bBeAO,6,shape-T,none,progressive,1 3 5 7 9 11
661WblD9015hsn,6,shape-L,none,mixed,3 3 5 7 7 11
661W0vrZ6j2WAK,6,shape-T,none,distinct,1 2 4 6 11 12
661WbkbP015Arr,6,shape-L,none,mixed,3 3 5 6 8 11
661WXQ_w01MOvv,6,shape-L,none,mixed,3 4 5 5 8 11
661W8tTo0jWYHp,6,shape-zigzag,none,mixed,1 3 3 7 10 12
661W0vnZ6jQGCO,6,shape-T,none,distinct,2 4 5 6 8 11
661WhcUz00s8KZ,6,shape-L,none,mixed,2 3 4 4 11 12
661WrkDA00LgOr,6,shape-L,none,mixed,2 2 4 4 11 13
661W0OrlUfA0AK,6,shape-T,none,distinct,2 3 4 6 10 11
661W9rRY0beYJp,6,shape-zigzag,none,mixed,1 4 5 6 10 10
661WnAMh016zKf,6,shape-L,none,mixed,1 3 6 6 9 11
661WtlEC005AKb,6,shape-L,none,mixed,2 3 4 5 11 11
661WbQrwW1EOmb,6,shape-L,none,mixed,2 2 6 6 9 11
661W1y4LmPDEPi,6,shape-heart,none,mixed,1 1 4 7 9 14
661W8nPYGd8oJh,6,shape-zigzag,none,mixed,1 3 7 7 8 10
661W1RndFXJG8H,6,shape-T,none,distinct,1 2 3 9 10 11
661WnoyOW0kPrb,6,shape-L,none,mixed,2 2 4 8 9 11
661W0OzdEjA0CK,6,shape-T,none,distinct,1 3 4 7 10 11
661W0SzhUf28AG,6,shape-T,none,mixed,1 2 3 8 11 11
661WpMrf00EQqX,6,shape-L,none,distinct,2 3 5 7 8 11
661W8nHsOZ0oHd,6,shape-zigzag,none,mixed,1 1 5 9 10 10
661WZIlf01Eeov,6,shape-L,none,mixed,1 4 5 5 10 11
661WZEUS00KOxZ,6,shape-L,none,mixed,2 2 4 4 11 13
661WtFTA00cjIX,6,shape-L,none,distinct,2 3 5 6 9 11
661Wl6D800Kjpd,6,shape-L,none,mixed,1 3 3 7 11 11
661WbIci004_rh,6,shape-L,none,mixed,2 4 5 5 9 11
661WjJ6f00ilKf,6,shape-L,none,mixed,1 2 5 5 11 12
661W1OnZsXd88o,6,shape-T,none,mixed,2 2 3 7 11 11
661W1und7bg88m,6,shape-T,none,mixed,1 1 5 9 9 11
661WdUSg00jSmb,6,shape-L,none,distinct,2 3 5 7 8 11
661WApNgGXWoHp,6,shape-zigzag,none,mixed,1 1 6 9 9 10
661W1Pvp6foW9O,6,shape-T,none,mixed,3 3 4 6 9 11
661W0zzt6fAe8I,6,shape-T,none,mixed,2 3 6 7 7 11
661WhMTC00bRIf,6,shape-L,none,distinct,2 4 5 6 8 11
661WCnHc9b8cHZ,6,shape-zigzag,none,mixed,1 1 4 9 10 11
661W0QrpcrAG8L,6,shape-T,none,mixed,2 2 6 7 8 11
661WtkjA005AKb,6,shape-L,none,mixed,2 3 4 8 8 11
661WnJqf00NfKf,6,shape-L,none,mixed,1 4 6 6 8 11
661WjQtQ00CeId,6,shape-L,none,distinct,1 3 6 7 8 11
661WrALB01bBHZ,6,shape-L,none,distinct,1 2 5 7 10 11
661W1PnZdn3W9G,6,shape-T,none,mixed,1 1 2 8 11 13
661WXlSg01afur,6,shape-L,none,distinct,1 2 6 7 9 11
661Wn2D900Uzwv,6,shape-L,none,distinct,2 3 4 6 10 11
661W1QndMf6GCO,6,shape-T,none,mixed,2 2 3 8 10 11
661Wf7dA00jDQj,6,shape-L,none,mixed,2 4 4 6 9 11
661W1PnZdfoW8I,6,shape-T,none,mixed,2 3 3 8 9 11
661WApLY0r8oHp,6,shape-zigzag,none,mixed,1 2 5 9 9 10
661Wbp4fW1LjHX,6,shape-L,none,distinct,1 2 4 6 11 12
661WbYrOW0lUIZ,6,shape-L,none,mixed,1 4 4 7 9 11
661W0__h6p2GAG,6,shape-T,none,mixed,2 3 3 8 9 11
661WfBLh00aiob,6,shape-L,none,distinct,1 4 5 7 8 11
661W0QtdkXhW9H,6,shape-T,none,mixed,3 3 3 7 9 11
661WjQru01MeoZ,6,shape-L,none,mixed,2 4 4 7 8 11
661WnoDu00riwx,6,shape-L,none,mixed,2 2 5 8 8 11
661WnwbiW0cQRr,6,shape-L,none,distinct,2 3 5 6 9 11
661WbBdD00aBsj,6,shape-L,none,mixed,3 3 4 5 10 11
661WnILQW0MkQp,6,shape-L,none,mixed,1 4 4 6 10 11
661W0OrpcjAG8L,6,shape-T,none,mixed,1 2 6 8 8 11
661W0OnZ7vpW8H,6,shape-T,none,mixed,1 3 3 9 9 11
661Wnp6QW0LSOr,6,shape-L,none,mixed,2 3 3 5 11 12
661WCnNY0bGoPp,6,shape-zigzag,none,mixed,1 2 5 8 10 10
661Wrpd8W0CinZ,6,shape-L,none,mixed,1 4 4 5 11 11
661WbIjf00bDof,6,shape-L,none,mixed,1 5 5 7 7 11
661W0vxZ6bAWAO,6,shape-T,none,mixed,2 3 6 7 7 11
661WpYjC00dUSb,6,shape-L,none,distinct,2 3 5 6 9 11
661W1UvpcfIW8m,6,shape-T,none,mixed,2 4 4 6 9 11
661WXdlQW14Qrn,6,shape-L,none,mixed,2 4 4 5 10 11
661W0OppMdAWBG,6,shape-T,none,mixed,1 1 6 8 9 11
661WArLg4h0YHh,6,shape-zigzag,none,mixed,2 2 3 8 10 11
661WZRMf00LSvZ,6,shape-L,none,mixed,2 4 5 7 7 11
661W0QrZlr288I,6,shape-T,none,mixed,1 2 2 8 11 12
661WjBjA00akKb,6,shape-L,none,mixed,1 5 5 6 8 11
661WbJzA00ajMb,6,shape-L,none,mixed,1 5 6 6 7 11
661WfUCvW0bCMn,6,shape-L,none,mixed,2 4 4 4 11 11
661WXIkQ00Cjxx,6,shape-L,none,mixed,2 3 5 5 10 11
661W9nHo2n0YJZ,6,shape-zigzag,none,mixed,1 1 2 9 10 13
661W0wnZ6hc8CO,6,shape-T,none,mixed,2 3 3 8 9 11
661Wp2Mg00MzTh,6,shape-L,none,mixed,3 3 4 5 10 11
661W1Uxd6fI8AG,6,shape-T,none,mixed,2 2 6 7 8 11
661W0Ovd6Z6OCK,6,shape-T,none,mixed,1 3 3 7 11 11
661W0PrZ7bJW8H,6,shape-T,none,mixed,1 1 6 8 9 11
661W0PnpcfJWAH,6,shape-T,none,distinct,1 4 5 6 9 11
661WXYSf01bAMf,6,shape-L,none,mixed,1 1 5 9 9 11
661W0vrp6j2WAI,6,shape-T,none,mixed,1 2 5 5 11 12
661WbQqw00Kknb,6,shape-L,none,mixed,1 4 6 7 7 11
661W9pTY0bGYNZ,6,shape-zigzag,none,distinct,1 2 3 9 10 11
661W8tNc8n8YHx,6,shape-zigzag,none,mixed,1 4 6 6 9 10
661WrIiOW0dDIf,6,shape-L,none,mixed,2 3 3 7 10 11
661W8rLg4h0cPh,6,shape-zigzag,none,distinct,2 3 4 6 10 11
661W0SvtcbAO8H,6,shape-T,none,distinct,1 4 5 6 9 11
661W1Onp6vIW9K,6,shape-T,none,mixed,1 5 5 5 9 11
661W0_rZ6r2W8O,6,shape-T,none,mixed,1 2 2 9 11 11
661W8pTwGbWYLZ,6,shape-zigzag,none,mixed,2 2 4 8 10 10
661W0SvdMbE88K,6,shape-T,none,mixed,2 2 3 8 10 11
661W0vrx-XI88q,6,shape-T,none,mixed,1 4 6 7 7 11
661W0Rth7p3G8m,6,shape-T,none,distinct,1 2 3 9 10 11
661WZhrh01LAOX,6,shape-L,none,distinct,2 3 5 6 9 11
661WhgqQ00-wQZ,6,shape-L,none,mixed,2 3 6 6 8 11
661WjhLAW0MDnX,6,shape-L,none,distinct,1 2 4 8 10 11
661WZNLf01ckuf,6,shape-L,none,distinct,2 4 5 6 8 11
661W0QrpcbpW8q,6,shape-T,none,distinct,2 4 5 6 8 11
661Wb6FO01Ejpp,6,shape-L,none,mixed,2 3 3 6 11 11
661WbcCi01N_sn,6,shape-L,none,mixed,3 4 5 5 8 11
661W1Qnd7jA88m,6,shape-T,none,distinct,1 2 5 8 9 11
661W0OpdEhM0AK,6,shape-T,none,mixed,2 4 4 6 9 11
661W8zJY2X0oPh,6,shape-zigzag,none,mixed,1 2 5 5 10 13
661WrhMSW05hIX,6,shape-L,none,distinct,2 4 5 6 8 11
661W9pLsAX8YJZ,6,shape-zigzag,none,mixed,1 2 7 7 9 10
661W0OplsXAe8o,6,shape-T,none,mixed,2 3 3 7 10 11
661W8pTY0r8oJh,6,shape-zigzag,none,distinct,2 3 5 7 9 10
661W0vnhdlI08I,6,shape-T,none,distinct,1 2 4 8 10 11
661WhIci00KjPZ,6,shape-L,none,mixed,2 2 6 6 9 11
661WpN7C007TQj,6,shape-L,none,mixed,2 3 6 7 7 11
661WAnJc8Z4YHp,6,shape-zigzag,none,distinct,1 2 6 8 9 10
661WbQaf00bDLh,6,shape-L,none,distinct,2 4 5 6 8 11
661W9xLk8Z8cHZ,6,shape-zigzag,none,mixed,1 3 4 9 9 10
661W1PpZ6foGCO,6,shape-T,none,mixed,2 3 4 8 8 11
661Wbsig015Dwn,6,shape-L,none,mixed,2 4 4 7 8 11
661W8nPgAb4YHl,6,shape-zigzag,none,distinct,1 2 3 9 10 11
661W1Urd6fA88O,6,shape-T,none,distinct,1 2 6 7 9 11
661Wfds801FDSf,6,shape-L,none,mixed,2 3 4 4 11 12
661WfQig00Kg-v,6,shape-L,none,mixed,2 4 6 6 7 11
661WAvHc8Z4oPZ,6,shape-zigzag,none,distinct,2 3 5 7 9 10
661Wb3afW1clKh,6,shape-L,none,distinct,1 3 6 7 8 11
661W9rRY0beYHt,6,shape-zigzag,none,mixed,1 2 5 8 10 10
661Wd6E800jhUb,6,shape-L,none,progressive,1 3 5 7 9 11
661WfNMfW1F8Ln,6,shape-L,none,distinct,1 2 4 6 11 12
661W1Qnp6nIW9K,6,shape-T,none,mixed,1 4 5 5 10 11
661W0Pnl6zsG9I,6,shape-T,none,distinct,2 4 5 6 8 11
661WZAT8W1tk_X,6,shape-L,none,mixed,1 3 4 6 11 11
661WfobAW159Id,6,shape-L,none,progressive,1 3 5 7 9 11
661W1Qrhkf608o,6,shape-T,none,distinct,2 3 4 7 9 11
661WhQb900SwuX,6,shape-L,none,mixed,2 3 3 6 11 11
661W0QpZ6vIGCO,6,shape-T,none,mixed,1 2 6 8 8 11
661WrZ5SW0KPQr,6,shape-L,none,mixed,2 2 3 5 11 13
661WnI-SW0dfKb,6,shape-L,none,distinct,2 3 4 7 9 11
661WfpFV015BNX,6,shape-L,none,mixed,3 3 4 5 10 11
661WfF68W1FEKp,6,shape-L,none,distinct,1 2 4 5 11 13
661Wb7KeW0LhRj,6,shape-L,none,mixed,2 3 3 7 10 11
661WhwMf00sQuX,6,shape-L,none,mixed,3 3 4 6 9 11
661WxxMj0058On,6,shape-L,none,distinct,1 2 5 8 9 11
661W0OrdkfAG8J,6,shape-T,none,distinct,1 2 5 8 9 11
661WrhMC005hKf,6,shape-L,none,mixed,2 4 4 5 10 11
661Wd2LC00KvUj,6,shape-L,none,distinct,1 2 3 7 11 12
661WfJMA00jhnZ,6,shape-L,none,mixed,2 2 3 4 11 14
661WCpNc0r0kHZ,6,shape-zigzag,none,mixed,1 2 2 9 10 12
661W9zTs0fegPZ,6,shape-zigzag,none,distinct,1 3 6 7 9 10
661WXMC900rjRl,6,shape-L,none,mixed,1 2 6 8 8 11
661WbIcy00bznb,6,shape-L,none,mixed,2 4 5 5 9 11
661WfIaOW0rfIZ,6,shape-L,none,distinct,1 2 4 8 10 11
661W0S_ZUfEWAG,6,shape-T,none,mixed,1 2 7 7 8 11
661W9pHo2XGYJZ,6,shape-zigzag,none,mixed,1 2 2 9 10 12
661Wb7T8W0TRxb,6,shape-L,none,mixed,4 4 4 4 9 11
661W0QrdkvA09H,6,shape-T,none,progressive,1 3 5 7 9 11
661W1UrZ6bIW8O,6,shape-T,none,distinct,1 3 4 8 9 11
661WphLf00LguX,6,shape-L,none,mixed,3 3 5 5 9 11
661Wp76A00kSOf,6,shape-L,none,mixed,2 2 2 3 11 16
661WdAbA00bAnp,6,shape-L,none,mixed,1 3 6 6 9 11
661WhBKf00blOX,6,shape-L,none,mixed,2 2 5 7 9 11
661W1QtZcfAW9m,6,shape-T,none,distinct,1 2 5 8 9 11
661WvpDA00CxMb,6,shape-L,none,mixed,2 5 5 6 7 11
661W0PnZ6rgmCO,6,shape-T,none,distinct,2 4 5 6 8 11
661W1PxhMZg0CK,6,shape-T,none,distinct,1 3 6 7 8 11
661W0PzhMXJWCK,6,shape-T,none,distinct,1 3 6 7 8 11
661W1Qnl6j6GCO,6,shape-T,none,mixed,2 2 5 8 8 11
661Wb7Se00TQwr,6,shape-L,none,mixed,2 2 5 7 9 11
661W0xpdEfY0CO,6,shape-T,none,distinct,2 3 5 7 8 11
661WfoMC01LhKf,6,shape-L,none,distinct,2 3 4 6 10 11
661WpRMu00VAPb,6,shape-L,none,mixed,1 4 4 6 10 11
661WbIcw00rTJZ,6,shape-L,none,progressive,1 3 5 7 9 11
661W0QpZ6vIG9I,6,shape-T,none,mixed,1 4 6 6 8 11
661WjZEA01DUKb,6,shape-L,none,distinct,1 2 3 9 10 11
661WXZlC015RMf,6,shape-L,none,mixed,2 2 4 8 9 11
661WBtLcCX8YHh,6,shape-zigzag,none,distinct,2 3 6 7 8 10
661WbQcU004jtj,6,shape-L,none,mixed,4 4 4 4 9 11
661WbZyg00NDqj,6,shape-L,none,mixed,1 5 6 6 7 11
661WbBMf00DQun,6,shape-L,none,mixed,2 3 4 8 8 11
661WpEcU00Mkrb,6,shape-L,none,mixed,2 4 4 6 9 11
661W0Qtt6nAeBG,6,shape-T,none,distinct,1 2 6 7 9 11
661WAtTgGZWYHd,6,shape-zigzag,none,mixed,1 3 5 7 10 10
661WZFUjW1cCJX,6,shape-L,none,mixed,1 3 6 6 9 11
661W0SvhEb688K,6,shape-T,none,mixed,1 2 3 8 11 11
661WfAUi00KSph,6,shape-L,none,distinct,2 3 4 6 10 11
661W0vptsX688q,6,shape-T,none,mixed,2 4 4 6 9 11
661W1OpZdn2m8I,6,shape-T,none,mixed,1 1 2 8 11 13
661W0UpZ6vIG8O,6,shape-T,none,mixed,1 1 6 8 9 11
661WdAKg00bAwb,6,shape-L,none,mixed,1 5 5 6 8 11
661W1QrlNXE08m,6,shape-T,none,mixed,1 1 5 9 9 11
661WfptD00cAob,6,shape-L,none,mixed,3 3 5 6 8 11
661WftdE014AKv,6,shape-L,none,distinct,1 4 5 6 9 11
661WfxLA00chOn,6,shape-L,none,mixed,3 3 4 5 10 11
661W1PpxlbcG8K,6,shape-T,none,mixed,3 3 4 7 8 11
661WfIag00rfob,6,shape-L,none,mixed,2 4 5 5 9 11
661W0vnh6ZAmCO,6,shape-T,none,mixed,2 2 5 8 8 11
661WtUC900lOqb,6,shape-L,none,mixed,2 3 3 3 11 14
661WZAMkW0rAvX,6,shape-L,none,mixed,2 2 6 7 8 11
661W8_TsAXeYPZ,6,shape-zigzag,none,distinct,2 3 6 7 8 10
661W0vvp6bAm8Q,6,shape-T,none,mixed,2 2 6 7 8 11
661W_Uc8W0MurX,6,shape-L,none,mixed,1 2 5 5 11 12
661W8vHk0d4sHZ,6,shape-zigzag,none,mixed,1 1 7 8 9 10
661WXUkS01Mwvn,6,shape-L,none,mixed,2 4 6 6 7 11
661WbIKvW0jUoX,6,shape-L,none,distinct,2 3 5 6 9 11
661WZQtk016guX,6,shape-L,none,mixed,2 2 5 6 10 11
661WjYt8W0khvn,6,shape-L,none,distinct,1 2 3 5 11 14
661W0QndFnIm8H,6,shape-T,none,distinct,1 2 5 8 9 11
661WrIbA00EUKf,6,shape-L,none,mixed,2 2 5 7 9 11
661Wl-rg0158mf,6,shape-L,none,distinct,2 3 4 7 9 11
661W0OnxMZAGAI,6,shape-T,none,mixed,1 4 5 5 10 11
661WdMyP00KkJZ,6,shape-L,none,mixed,2 4 4 7 8 11
661W8xHcGfasHZ,6,shape-zigzag,none,distinct,1 3 6 7 9 10
661WjMlU00K8Oh,6,shape-L,none,mixed,2 2 3 8 10 11
661W0vpd6Z6WAK,6,shape-T,none,distinct,2 4 5 6 8 11
661Wf7qP01VPqt,6,shape-L,none,distinct,1 2 3 9 10 11
661W0vnp6Z6e9K,6,shape-T,none,mixed,2 3 5 5 10 11
661W1PxZ6nYGAO,6,shape-T,none,distinct,1 3 4 7 10 11
661WCnJc0Z4oPp,6,shape-zigzag,none,mixed,1 2 7 8 8 10
661W0QpdsZt08o,6,shape-T,none,distinct,1 3 6 7 8 11
661W1Tvp6nYW9G,6,shape-T,none,mixed,1 3 3 7 11 11
661WnckQ00LvIp,6,shape-L,none,mixed,3 3 4 6 9 11
661W1Rnp6f3W9K,6,shape-T,none,mixed,1 2 5 5 11 12
661WbcSAW15Axr,6,shape-L,none,mixed,2 2 2 7 11 12
661WfQN800zipd,6,shape-L,none,mixed,1 4 6 7 7 11
661WhMaf00KfHh,6,shape-L,none,mixed,2 2 6 6 9 11
661WhMsz00K9Lb,6,shape-L,none,mixed,2 3 5 5 10 11
661WZ7Tv00LgqZ,6,shape-L,none,mixed,3 4 4 5 9 11
661WZBjPW0LAzX,6,shape-L,none,mixed,1 4 6 6 8 11
661WpYCf00LhMv,6,shape-L,none,mixed,1 5 6 6 7 11
661WbATw00KfLb,6,shape-L,none,mixed,2 4 5 5 9 11
661W1UnZ6h688O,6,shape-T,none,distinct,1 2 3 9 10 11
661W1OrZcbpW8J,6,shape-T,none,distinct,1 2 5 8 9 11
661WntMk006Uuf,6,shape-L,none,mixed,1 5 5 5 9 11
661W9pHs0ZKoJZ,6,shape-zigzag,none,mixed,1 2 7 7 9 10
661WbkSw015Auh,6,shape-L,none,distinct,2 3 5 6 9 11
661WZQsS00bjQZ,6,shape-L,none,mixed,2 4 6 6 7 11
661Wb6FD00Keuj,6,shape-L,none,mixed,1 2 3 3 11 16
661WAnHg8ZCsPZ,6,shape-zigzag,none,mixed,2 2 6 8 8 10
661WfEL9W0SzLn,6,shape-L,none,distinct,1 2 4 8 10 11
661WlUyO00KfIZ,6,shape-L,none,mixed,3 3 4 6 9 11
661W0R_tcr388u,6,shape-T,none,mixed,2 3 5 5 10 11
661WnYrh00DQKf,6,shape-L,none,mixed,2 3 6 6 8 11
661W1QnplXIe8K,6,shape-T,none,distinct,1 3 4 7 10 11
661W0Rnp6nJWAI,6,shape-T,none,mixed,1 4 5 5 10 11
661WZASh00Kfyb,6,shape-L,none,mixed,1 4 5 5 10 11
661WAnJY1b8cPZ,6,shape-zigzag,none,distinct,1 2 6 8 9 10
661W0OnpthIW8K,6,shape-T,none,distinct,1 3 6 7 8 11
661W0PrpdvwGAG,6,shape-T,none,mixed,2 3 6 7 7 11
661W0OvZEdEGAO,6,shape-T,none,distinct,2 3 4 7 9 11
661WXdtUW14BMn,6,shape-L,none,mixed,1 4 4 5 11 11
661W1TxtEXY88I,6,shape-T,none,progressive,1 3 5 7 9 11
661W0OvdEZ6GAO,6,shape-T,none,mixed,2 2 3 7 11 11
661W0SrlUXQW8O,6,shape-T,none,mixed,1 2 4 9 9 11
661WfBMwW0iCob,6,shape-L,none,mixed,2 2 3 7 11 11
661WnIif01MfIf,6,shape-L,none,distinct,1 4 5 6 9 11
661W0vph6ZAWAK,6,shape-T,none,mixed,2 4 6 6 7 11
661WXAav016FTz,6,shape-L,none,mixed,2 3 4 5 11 11
661W0OrxEh609K,6,shape-T,none,mixed,2 2 5 5 11 11
661WdBqe00qgHp,6,shape-L,none,mixed,1 1 7 7 9 11
661WfQTA00CVIf,6,shape-L,none,distinct,1 2 6 7 9 11
661WnMjR00EPJn,6,shape-L,none,distinct,2 3 5 7 8 11
661WX37PW1cTwr,6,shape-L,none,mixed,2 3 5 5 10 11
661WhAqfW0KkOZ,6,shape-L,none,mixed,1 2 7 7 8 11
661W9pLw0ZGYJZ,6,shape-zigzag,none,mixed,1 2 4 9 10 10
661W8nPc8Z4oJh,6,shape-zigzag,none,distinct,2 3 5 7 9 10
661WZMju00CTRb,6,shape-L,none,distinct,1 3 4 7 10 11
661W0PtZdj3G9G,6,shape-T,none,mixed,1 2 2 8 11 12
661WrgKyW05Qnb,6,shape-L,none,distinct,2 3 4 7 9 11
661W8rJY2X0oLp,6,shape-zigzag,none,mixed,1 2 5 5 10 13
661WbFUA00avIr,6,shape-L,none,mixed,2 4 4 7 8 11
661Wp35PW0cjwb,6,shape-L,none,mixed,2 3 3 6 11 11
661W0RrZcbZW9m,6,shape-T,none,mixed,1 1 5 9 9 11
661W0Ond7pdG8H,6,shape-T,none,distinct,1 3 4 8 9 11
661Wd-LQW1LiMX,6,shape-L,none,mixed,2 4 4 6 9 11
661Wr3LQ00dlIZ,6,shape-L,none,mixed,2 2 5 5 11 11
661WrIcP00Eynb,6,shape-L,none,mixed,2 3 3 6 11 11
661W0Q_Z6nhWAO,6,shape-T,none,mixed,3 3 3 7 9 11
661WCrJc8X0oTZ,6,shape-zigzag,none,mixed,1 3 5 7 10 10
661W0SvtkbA88H,6,shape-T,none,mixed,1 4 4 6 10 11
661W1QrZ7XQm8m,6,shape-T,none,mixed,1 2 4 9 9 11
661WnMjA016AKr,6,shape-L,none,mixed,1 2 6 8 8 11
661WngCP00cCLj,6,shape-L,none,distinct,1 2 3 6 11 13
661W1Rvp6fYW8Q,6,shape-T,none,mixed,2 2 3 8 10 11
661WjVUe00bOvd,6,shape-L,none,mixed,4 4 4 6 7 11
661W1PnpcfoWAH,6,shape-T,none,mixed,3 3 4 6 9 11
661WjMrP00Ke-d,6,shape-L,none,mixed,1 5 5 6 8 11
661W0QtZ7nAm8H,6,shape-T,none,mixed,1 1 6 8 9 11
661WrQbe00ERPp,6,shape-L,none,mixed,2 3 6 7 7 11
661WfhEf00ECMj,6,shape-L,none,mixed,1 4 5 5 10 11
661WbBMS005Qxp,6,shape-L,none,mixed,2 4 5 5 9 11
661Wb-rh00cAGv,6,shape-L,none,progressive,1 3 5 7 9 11
661WhRKg00TQPZ,6,shape-L,none,distinct,2 3 5 7 8 11
661W0TxpcvoG8H,6,shape-T,none,distinct,2 4 5 6 8 11
661WngsT007jJZ,6,shape-L,none,distinct,2 3 5 6 9 11
661W1UxZ6nIGAG,6,shape-T,none,distinct,1 2 5 8 9 11
661W0vzlEXMGCK,6,shape-T,none,distinct,2 3 5 7 8 11
661WnhSi006zqj,6,shape-L,none,mixed,1 4 6 7 7 11
661W0OndNfMm8m,6,shape-T,none,mixed,1 3 6 6 9 11
661W9pRY0bOYHl,6,shape-zigzag,none,mixed,1 2 4 9 10 10
661WvYbD007Qqf,6,shape-L,none,mixed,1 2 7 7 8 11
661WXdNA00sTSn,6,shape-L,none,mixed,1 3 6 6 9 11
661W0xxxcZw0CH,6,shape-T,none,mixed,1 5 5 6 8 11
661Whtsi00cPqX,6,shape-L,none,mixed,3 3 4 5 10 11
661W0RrZ7bgm8m,6,shape-T,none,mixed,1 3 6 6 9 11
661WfQLO00CRxr,6,shape-L,none,mixed,2 4 4 6 9 11
661WbErA00CROf,6,shape-L,none,distinct,1 2 3 9 10 11
661WfhM801EjKf,6,shape-L,none,mixed,2 3 4 5 11 11
661W0OvZEdEGCK,6,shape-T,none,distinct,2 3 4 7 9 11
661WbAV900Sfof,6,shape-L,none,distinct,1 4 5 6 9 11
661WXtkQ01EPIp,6,shape-L,none,mixed,2 3 3 8 9 11
661W0SzlEZImAG,6,shape-T,none,mixed,2 2 5 8 8 11
661WbF4e01NlLp,6,shape-L,none,mixed,3 3 4 7 8 11
661WhNlf00qOoX,6,shape-L,none,mixed,1 4 6 7 7 11
661WfMyu00KfLr,6,shape-L,none,mixed,2 2 6 6 9 11
661WfArOW0CVnb,6,shape-L,none,mixed,1 2 4 9 9 11
661Wfobe00sgsj,6,shape-L,none,mixed,3 3 4 6 9 11
661WbYDA00sjIj,6,shape-L,none,mixed,1 4 4 6 10 11
661W0PrhMvYWCO,6,shape-T,none,mixed,2 3 4 8 8 11
661Wpc6uW0LQtn,6,shape-L,none,mixed,1 1 5 6 11 12
661WrMTA00dBQf,6,shape-L,none,mixed,3 3 5 7 7 11
661Wnckz00NDPn,6,shape-L,none,distinct,2 4 5 6 8 11
661WrIaO00MkKl,6,shape-L,none,mixed,1 2 5 5 11 12
661WhN5Q00LDQh,6,shape-L,none,mixed,2 2 5 5 11 11
661W0vrh7dI08m,6,shape-T,none,mixed,1 1 5 9 9 11
661W0RrhMnYWCO,6,shape-T,none,mixed,2 4 4 7 8 11
661Wvg-v00DiKh,6,shape-L,none,mixed,2 4 5 5 9 11
661W8pLY8pCoJd,6,shape-zigzag,none,mixed,2 2 5 8 9 10
661W8nHwGb8oJZ,6,shape-zigzag,none,mixed,1 2 7 7 9 10
661Wn2Uw014vqh,6,shape-L,none,mixed,1 2 2 5 11 15
661Wbsiv015DPf,6,shape-L,none,mixed,3 4 4 5 9 11
661WbQjyW04TLb,6,shape-L,none,mixed,2 4 4 5 10 11
661WXAbjW0bROp,6,shape-L,none,mixed,1 3 5 8 8 11
661W0QpZEnIOCO,6,shape-T,none,mixed,1 2 6 8 8 11
661WbYiP00dDJh,6,shape-L,none,mixed,2 2 4 8 9 11
661WbkSe01DQqr,6,shape-L,none,distinct,2 3 5 7 8 11
661W9nRwGn8YLZ,6,shape-zigzag,none,mixed,1 2 7 8 8 10
661Wdtky015TmZ,6,shape-L,none,mixed,3 4 4 4 10 11
661W0QrhNnAG8H,6,shape-T,none,mixed,1 4 4 7 9 11
661WjISg00bEqb,6,shape-L,none,mixed,1 4 6 6 8 11
661W0S_Z6bQW8K,6,shape-T,none,mixed,1 2 7 7 8 11
661WX6KeW0jQtr,6,shape-L,none,mixed,3 3 4 6 9 11
661W0OztEXQm9O,6,shape-T,none,mixed,2 2 4 6 11 11
661W0OrZEl60CO,6,shape-T,none,mixed,1 2 2 8 11 12
661Wxgz800FPQf,6,shape-L,none,distinct,1 4 5 6 9 11
661WArRY8X0wHd,6,shape-zigzag,none,distinct,1 3 4 7 10 11
661WX7DRW0bgLn,6,shape-L,none,distinct,1 4 5 6 9 11
661W0Onxsb68AH,6,shape-T,none,mixed,2 2 4 6 11 11
661W8rHg8bCoHx,6,shape-zigzag,none,distinct,1 3 6 7 9 10
661Wncjz005PIp,6,shape-L,none,mixed,3 3 3 7 9 11
661W0vpZsbE88o,6,shape-T,none,mixed,2 3 6 7 7 11
661Wrwrh00c8On,6,shape-L,none,mixed,2 2 6 7 8 11
661WfhLC015_Kf,6,shape-L,none,mixed,2 4 5 5 9 11
661W8pNY8pCYJd,6,shape-zigzag,none,mixed,2 2 4 8 10 10
661Wh6rD00bTyX,6,shape-L,none,mixed,2 2 5 7 9 11
661W0QnxsjZ0Am,6,shape-T,none,mixed,2 2 4 8 9 11
661Wnpae00MhLh,6,shape-L,none,distinct,2 3 5 7 8 11
661Wfgb800lVIb,6,shape-L,none,mixed,2 3 4 8 8 11
661WvYcw00LTvr,6,shape-L,none,mixed,3 3 4 6 9 11
661WXQKf00bEQr,6,shape-L,none,mixed,1 4 4 7 9 11
661Wnpkv00EhKZ,6,shape-L,none,mixed,2 4 5 5 9 11
661WpMsS00MfMZ,6,shape-L,none,mixed,2 5 5 6 7 11
661WfwLj00cROn,6,shape-L,none,mixed,3 3 4 7 8 11
661WfNDQ00benv,6,shape-L,none,mixed,1 4 5 5 10 11
661WXlE900Mz-n,6,shape-L,none,distinct,1 4 5 7 8 11
661Wnwqu00kTnb,6,shape-L,none,mixed,2 2 6 6 9 11
661WfQbA00KkOn,6,shape-L,none,mixed,1 3 4 6 11 11
661WfBSf00ajMf,6,shape-L,none,mixed,1 5 5 7 7 11
661W0OxZMX6uEG,6,shape-T,none,mixed,1 1 2 9 11 12
661W0OnhMb68CO,6,shape-T,none,mixed,2 2 2 8 11 11
661WX6D8W1ETxr,6,shape-L,none,mixed,2 4 4 5 10 11
661WZRsDW179Rb,6,shape-L,none,mixed,1 5 5 6 8 11
661W0Otx6hAWBG,6,shape-T,none,distinct,1 2 6 7 9 11
661WjIj900bCmj,6,shape-L,none,mixed,1 1 4 7 11 12
661WjN58W0Lgzn,6,shape-L,none,distinct,2 3 5 6 9 11
661WpoKwW0aEwb,6,shape-L,none,mixed,2 2 3 6 11 12
661WjJtk00aCqf,6,shape-L,none,mixed,1 3 7 7 7 11
661W8nPw4b4gLZ,6,shape-zigzag,none,distinct,2 3 4 8 9 10
661WpYceW0tTvX,6,shape-L,none,mixed,2 3 4 5 11 11
661WbxrgW1LCHX,6,shape-L,none,mixed,2 4 5 5 9 11
661W0vxxEXEG8Q,6,shape-T,none,mixed,2 3 3 8 9 11
661WncKf00sjSf,6,shape-L,none,mixed,2 5 6 6 6 11
661WjhdOW16xIX,6,shape-L,none,mixed,1 2 4 9 9 11
661WnhCu00MCVr,6,shape-L,none,mixed,1 3 3 4 11 14
661WnUbD006Quv,6,shape-L,none,distinct,1 2 5 8 9 11
661WbJcw00iToZ,6,shape-L,none,mixed,2 2 4 8 9 11
661WfRS8W0LfQx,6,shape-L,none,distinct,1 3 5 6 10 11
661W9nHY8XWgJd,6,shape-zigzag,none,distinct,1 2 4 8 10 11
661W0OvhEb68AO,6,shape-T,none,mixed,1 3 3 7 11 11
661WXdCP01KfJr,6,shape-L,none,mixed,2 2 3 7 11 11
661W9nRY0n0oJh,6,shape-zigzag,none,mixed,1 1 3 7 10 14
661WnMjg006Cwr,6,shape-L,none,mixed,2 4 5 5 9 11
661Wh3MO00rUxZ,6,shape-L,none,mixed,1 2 5 6 11 11
661W0Op_EjM09K,6,shape-T,none,mixed,3 3 5 5 9 11
661W0QndMfdGCO,6,shape-T,none,mixed,2 3 4 8 8 11
661WrgL9W0bBmZ,6,shape-L,none,distinct,1 2 4 8 10 11
661WZBKi00rQyf,6,shape-L,none,distinct,1 3 6 7 8 11
661WrMKg006Erp,6,shape-L,none,mixed,2 3 4 5 11 11
661W0OvpkbAOCm,6,shape-T,none,progressive,1 3 5 7 9 11
661W8rLg0h8oHx,6,shape-zigzag,none,distinct,1 2 6 8 9 10
661Wp6CC01bQrd,6,shape-L,none,distinct,1 3 4 7 10 11
661W9pTc9X8YJh,6,shape-zigzag,none,mixed,1 3 7 7 8 10
661WbZEP00FELh,6,shape-L,none,mixed,2 2 6 6 9 11
661WnAif00MlOz,6,shape-L,none,mixed,1 4 6 6 8 11
661W0vzhEXM8CK,6,shape-T,none,distinct,1 3 6 7 8 11
661W8pTY8bWgNZ,6,shape-zigzag,none,mixed,1 4 4 8 9 10
661WbpLg014lob,6,shape-L,none,mixed,1 5 6 6 7 11
661W0vphdZAW8I,6,shape-T,none,mixed,2 2 6 7 8 11
661Wf6DA01MjQf,6,shape-L,none,mixed,2 4 4 7 8 11
661WZBL800ivQr,6,shape-L,none,distinct,1 3 4 8 9 11
661WZ2a-00bPop,6,shape-L,none,mixed,1 1 4 6 11 13
661WbACA00bArl,6,shape-L,none,mixed,1 3 4 6 11 11
661W8rTY0jGcRZ,6,shape-zigzag,none,distinct,1 3 4 7 10 11
661WApLkGXegHp,6,shape-zigzag,none,mixed,1 4 6 6 9 10
661WxpLP00Kgop,6,shape-L,none,mixed,1 3 5 8 8 11
661WnJrA00chKf,6,shape-L,none,distinct,1 4 5 7 8 11
661W1QrdEfA0CO,6,shape-T,none,mixed,2 2 5 8 8 11
661W9pRY0j8YLd,6,shape-zigzag,none,mixed,2 3 4 7 10 10
661W1QxZ6rQ08S,6,shape-T,none,mixed,1 1 3 9 11 11
661WvIdPW1Cemb,6,shape-L,none,distinct,1 2 4 6 11 12
661W1Ovp6vIW8Q,6,shape-T,none,distinct,1 2 5 8 9 11
661WbAcA01M-Kf,6,shape-L,none,mixed,3 3 4 5 10 11
661WbIbeW1UzHX,6,shape-L,none,mixed,2 3 4 5 11 11
661WfQjD004Qyr,6,shape-L,none,distinct,2 3 4 7 9 11
661WArJc8X0oLZ,6,shape-zigzag,none,mixed,1 4 5 6 10 10
661WvALS006TId,6,shape-L,none,mixed,1 1 6 7 10 11
661Wp6UvW1CfKX,6,shape-L,none,mixed,1 3 5 5 11 11
661WArLgGfGYHh,6,shape-zigzag,none,distinct,2 3 4 8 9 10
661WhZ7E006fIr,6,shape-L,none,mixed,1 2 6 6 10 11
661WZdSf015hIf,6,shape-L,none,mixed,2 2 5 8 8 11
661W8vJY8dCcHZ,6,shape-zigzag,none,distinct,1 2 6 8 9 10
661W1xpdNf608m,6,shape-T,none,distinct,1 2 6 7 9 11
661WjACQ00bErb,6,shape-L,none,mixed,1 4 5 5 10 11
661WXZUP01DAJh,6,shape-L,none,mixed,2 2 3 8 10 11
661WbECU00bQKp,6,shape-L,none,mixed,1 3 3 6 11 12
661WCpLYGdWYPp,6,shape-zigzag,none,distinct,1 2 4 8 10 11
661WbAzg00CQqb,6,shape-L,none,mixed,2 2 5 6 10 11
661Wbhd8W1DQnX,6,shape-L,none,mixed,2 3 4 5 11 11
661WxtMA00axKX,6,shape-L,none,mixed,2 4 4 4 11 11
661WAnJkGX8gHp,6,shape-zigzag,none,distinct,1 2 6 8 9 10
661WjIL900Klqf,6,shape-L,none,mixed,1 5 5 7 7 11
661W0OnZdvpW9G,6,shape-T,none,mixed,2 3 3 8 9 11
661WhIcj00rDOX,6,shape-L,none,mixed,2 2 4 6 11 11
661W0Tx_MXF08I,6,shape-T,none,progressive,1 3 5 7 9 11
661W8nHY8hKYJd,6,shape-zigzag,none,mixed,2 2 4 8 10 10
661WXIMg01tQqf,6,shape-L,none,distinct,2 3 5 7 8 11
661WnEjg00EURd,6,shape-L,none,mixed,2 2 6 7 8 11
661W0OvdEbA8CK,6,shape-T,none,distinct,1 3 4 7 10 11
661WArPs0nWwHZ,6,shape-zigzag,none,distinct,1 2 4 6 10 13
661W8nPsAb8YLZ,6,shape-zigzag,none,mixed,2 2 4 8 10 10
661W8rHgGZ8oLp,6,shape-zigzag,none,mixed,1 5 5 7 8 10
661WjhLe00senZ,6,shape-L,none,distinct,1 3 6 7 8 11
661WdUjA016BIb,6,shape-L,none,mixed,3 4 4 6 8 11
661WbYUF015hyr,6,shape-L,none,mixed,1 2 6 8 8 11
661WXAMv01UCPr,6,shape-L,none,mixed,1 3 5 5 11 11
661W0OphkjU09H,6,shape-T,none,mixed,2 3 3 7 10 11
661WbhEi00cjNZ,6,shape-L,none,distinct,3 4 5 6 7 11
661W0SvZEbAO8K,6,shape-T,none,distinct,1 2 5 8 9 11
661WhtsC014gMb,6,shape-L,none,mixed,4 4 4 4 9 11
661WfBlA00jDMf,6,shape-L,none,mixed,2 4 5 7 7 11
661W0vrh6ZIWAK,6,shape-T,none,mixed,2 4 6 6 7 11
661W1Pvp6nYW8Q,6,shape-T,none,mixed,1 2 3 8 11 11
661WlESj004Smb,6,shape-L,none,distinct,1 2 3 7 11 12
661WfAreW0CUvn,6,shape-L,none,distinct,2 3 4 7 9 11
661WrR6i00cxnZ,6,shape-L,none,mixed,2 3 3 4 11 13
661WZpcwW0cTwX,6,shape-L,none,mixed,3 4 4 5 9 11
661W0S_h6ZQW8K,6,shape-T,none,mixed,1 2 6 8 8 11
661WXQT901Mlof,6,shape-L,none,mixed,1 5 5 6 8 11
661W8nPc8X0wHl,6,shape-zigzag,none,mixed,1 1 4 9 10 11
661W0Qrp6vAGAI,6,shape-T,none,mixed,1 5 5 7 7 11
661WfAUz004jHh,6,shape-L,none,mixed,2 2 4 7 10 11
661W0Ovd6bAOCK,6,shape-T,none,progressive,1 3 5 7 9 11
661W0PndErgWCO,6,shape-T,none,mixed,2 4 4 7 8 11
661Wnx6A00EUOn,6,shape-L,none,mixed,1 2 4 4 11 14
661W8vJY4X0oPp,6,shape-zigzag,none,distinct,1 3 4 6 10 12
661Wjkrf0178uf,6,shape-L,none,distinct,2 3 5 7 8 11
661WZYMC00sjUj,6,shape-L,none,mixed,2 2 5 8 8 11
661W8rJg4Z8YHx,6,shape-zigzag,none,distinct,1 3 6 7 9 10
661WpM4OW1MhMb,6,shape-L,none,distinct,1 2 5 8 9 11
661Wngqf017DIb,6,shape-L,none,distinct,1 3 4 8 9 11
661W0Ov_EZAGCI,6,shape-T,none,distinct,2 3 4 6 10 11
661WbMaeW1MjPf,6,shape-L,none,mixed,3 3 4 7 8 11
661Wjgif00dBIf,6,shape-L,none,mixed,3 3 5 6 8 11
661WfRUC00bjIf,6,shape-L,none,mixed,3 3 4 6 9 11
661W1Pnp6foW9K,6,shape-T,none,mixed,3 3 5 5 9 11
661W8nVk0ZKYHl,6,shape-zigzag,none,distinct,1 2 6 8 9 10
661W0wrxsXoW8q,6,shape-T,none,mixed,3 4 6 6 6 11
661W8nPwGb4gLZ,6,shape-zigzag,none,mixed,2 2 5 8 9 10
661W1UvdEjA0AG,6,shape-T,none,mixed,2 2 4 8 9 11
661WjsFA01DgSb,6,shape-L,none,mixed,3 3 3 4 11 12
661W0OnZspZ08J,6,shape-T,none,mixed,1 1 3 9 11 11
661WbAjR00CQLb,6,shape-L,none,mixed,2 3 5 5 10 11
661W0OndMbE8AK,6,shape-T,none,distinct,2 3 4 6 10 11
661WbQKu00jUoZ,6,shape-L,none,mixed,1 5 6 6 7 11
661W0vnp6fIW9K,6,shape-T,none,mixed,2 4 5 5 9 11
661Whdjh006kUX,6,shape-L,none,mixed,2 4 4 7 8 11
661W9nRY0r8YJh,6,shape-zigzag,none,mixed,1 3 5 7 10 10
661W1Pnp6nYW9K,6,shape-T,none,mixed,1 3 5 5 11 11
661WfB_f00DEqb,6,shape-L,none,mixed,2 5 5 6 7 11
661W0SvtsZ6G8H,6,shape-T,none,mixed,1 3 4 6 11 11
661W8nRo8X0wHh,6,shape-zigzag,none,distinct,1 2 4 8 10 11
661Wpdc900LwqX,6,shape-L,none,mixed,1 3 4 6 11 11
661WrwL8W0LjnZ,6,shape-L,none,mixed,1 3 6 6 9 11
661W1Qvp6fIW9O,6,shape-T,none,mixed,2 4 4 6 9 11
661WXZlC015Qrd,6,shape-L,none,mixed,2 4 4 5 10 11
661WbNUg00DEwn,6,shape-L,none,mixed,2 3 6 7 7 11
661WrcqeW0b9Tf,6,shape-L,none,distinct,2 3 5 6 9 11
661WbRMj00LCIb,6,shape-L,none,mixed,2 4 6 6 7 11
661W0v_xch2G8u,6,shape-T,none,mixed,2 3 5 5 10 11
661WbBVA00DhIf,6,shape-L,none,distinct,2 3 5 7 8 11
661W1QptdXIO8K,6,shape-T,none,progressive,1 3 5 7 9 11
661W8nLw8f4gJZ,6,shape-zigzag,none,mixed,1 4 4 8 9 10
661WZ26E00rArx,6,shape-L,none,distinct,1 2 3 9 10 11
661WpQyvW06DSX,6,shape-L,none,mixed,2 3 3 6 11 11
661WjwVR01LPHf,6,shape-L,none,mixed,3 3 4 7 8 11
661WbodA01LUKf,6,shape-L,none,mixed,3 4 4 5 9 11
661WZEaf01MlOf,6,shape-L,none,distinct,2 4 5 6 8 11
661WfRTwW05iqb,6,shape-L,none,mixed,2 4 4 6 9 11
661Wbcrj015QTZ,6,shape-L,none,mixed,2 4 6 6 7 11
661Wnt_gW0CEPr,6,shape-L,none,mixed,2 4 4 6 9 11
661W8rVo0fOYHp,6,shape-zigzag,none,distinct,1 3 4 7 10 11
661Wdsif015FKb,6,shape-L,none,mixed,3 3 4 6 9 11
661W8rPcAX0sPd,6,shape-zigzag,none,mixed,2 3 5 5 10 11
661W0PrxkZJ88L,6,shape-T,none,mixed,1 2 7 7 8 11
661WrZs-004gwp,6,shape-L,none,mixed,2 4 4 5 10 11
661WpMbA00EQKn,6,shape-L,none,distinct,1 2 5 7 10 11
661WbMCCW0bUzb,6,shape-L,none,mixed,2 3 4 5 11 11
661WfQiv00KjKd,6,shape-L,none,mixed,1 6 6 6 6 11
661WbRMA00LUIb,6,shape-L,none,mixed,1 3 6 6 9 11
661W1Rvp6fYWCI,6,shape-T,none,distinct,2 3 4 6 10 11
661W8_Hg0ZuoPh,6,shape-zigzag,none,mixed,1 5 5 7 8 10
661WbAEgW0rQpf,6,shape-L,none,distinct,2 3 4 6 10 11
661Wnhlf00DQQv,6,shape-L,none,distinct,2 4 5 6 8 11
661WjArvW0bCmb,6,shape-L,none,mixed,1 2 7 7 8 11
661W0OrhUf60AK,6,shape-T,none,mixed,1 3 4 6 11 11
661W1OvZEp60AO,6,shape-T,none,distinct,1 2 3 7 11 12
661W0OrZ7fQm8H,6,shape-T,none,distinct,1 2 6 7 9 11
661W0OtZEdMGAK,6,shape-T,none,distinct,2 4 5 6 8 11
661WdA6g00rQRd,6,shape-L,none,distinct,1 2 3 6 11 13
661W8vLc8bOcHZ,6,shape-zigzag,none,distinct,1 4 5 7 9 10
661WnIyf00ERof,6,shape-L,none,mixed,1 3 5 8 8 11
661WxhLA006fSf,6,shape-L,none,distinct,1 3 6 7 8 11
661W0Rnp6rRGBG,6,shape-T,none,distinct,1 4 5 6 9 11
661W9pPY8f0gNZ,6,shape-zigzag,none,mixed,1 2 4 9 10 10
661W9pLo2X8oJZ,6,shape-zigzag,none,mixed,1 2 4 9 10 10
661WAtHgGnOoHh,6,shape-zigzag,none,distinct,2 3 6 7 8 10
661WbAyO00Swpj,6,shape-L,none,mixed,1 5 5 6 8 11
661W0Ozd6jA88S,6,shape-T,none,mixed,1 1 5 9 9 11
661WhBMj00bEOX,6,shape-L,none,distinct,2 3 5 6 9 11
661W8vHYGd8oPp,6,shape-zigzag,none,distinct,1 4 6 7 8 10
661W8rHg2b4gLp,6,shape-zigzag,none,mixed,2 5 5 5 9 10
661WfJDQ00LgKd,6,shape-L,none,distinct,1 4 5 7 8 11
661W0PnpcfJW8q,6,shape-T,none,distinct,1 4 5 6 9 11
661WZg-S015xvf,6,shape-L,none,mixed,1 5 6 6 7 11
661W0SnZEfIe8O,6,shape-T,none,mixed,1 1 6 8 9 11
661WBpLY0f8oHp,6,shape-zigzag,none,mixed,1 2 4 9 10 10
661W0Qpd6vI8AK,6,shape-T,none,mixed,1 4 6 7 7 11
661W9xNkOX0cHZ,6,shape-zigzag,none,mixed,1 5 5 6 9 10
661WbByf00bfKb,6,shape-L,none,mixed,1 5 5 7 7 11
661WXdCf00MjRh,6,shape-L,none,mixed,2 3 6 6 8 11
661WX7bg00LBLx,6,shape-L,none,mixed,1 4 5 5 10 11
661WfI4uW0jSwr,6,shape-L,none,mixed,2 3 4 5 11 11
661W0QrZsdZ09H,6,shape-T,none,progressive,1 3 5 7 9 11
661WrMSOW0dAUX,6,shape-L,none,mixed,1 3 4 6 11 11
661WnYkSW15fIf,6,shape-L,none,distinct,1 3 5 6 10 11
661W0T_h6h3GAG,6,shape-T,none,mixed,2 2 2 8 11 11
661W0Sxt-fM08H,6,shape-T,none,distinct,1 4 5 6 9 11
661W0Ovxkb68Cm,6,shape-T,none,mixed,1 3 3 7 11 11
661WZMbA01MiOf,6,shape-L,none,mixed,2 4 4 4 11 11
661Wvhbe00KlnZ,6,shape-L,none,distinct,1 3 4 7 10 11
661W0PztMXVWCI,6,shape-T,none,distinct,1 4 5 6 9 11
661Wpoaf00DTun,6,shape-L,none,distinct,1 3 4 7 10 11
661WjQz800SwIf,6,shape-L,none,mixed,2 2 5 6 10 11
661WrQiwW14DrX,6,shape-L,none,mixed,1 2 4 7 11 11
661WhtK901TvqX,6,shape-L,none,mixed,2 3 3 6 11 11
661W1Qrhkn608J,6,shape-T,none,mixed,1 1 5 9 9 11
661WnpqOW0cgIb,6,shape-L,none,mixed,2 2 2 9 10 11
661WfIje00CQth,6,shape-L,none,mixed,3 3 5 6 8 11
661Wpcrf01DQKX,6,shape-L,none,mixed,1 5 5 6 8 11
661WbQMeW0zjHX,6,shape-L,none,distinct,1 4 5 6 9 11
661WfhMiW06CNj,6,shape-L,none,distinct,2 3 5 6 9 11
661W1PpdMZc0AK,6,shape-T,none,mixed,1 4 6 7 7 11
661WXcr9015Att,6,shape-L,none,mixed,2 3 4 8 8 11
661W0vnZkZ6W9H,6,shape-T,none,mixed,2 2 3 7 11 11
661WAtVo0feYHZ,6,shape-zigzag,none,distinct,2 3 4 6 10 11
661WvIbC014RMj,6,shape-L,none,distinct,1 3 6 7 8 11
661W8zRsOZ0YPZ,6,shape-zigzag,none,distinct,1 3 6 7 9 10
661WfJay00qvnb,6,shape-L,none,mixed,1 4 5 5 10 11
661W0vzpcfAmCm,6,shape-T,none,mixed,2 3 6 7 7 11
661WfJMeW0DQqh,6,shape-L,none,mixed,1 4 6 6 8 11
661WhJ6A00LUSf,6,shape-L,none,mixed,2 3 4 5 11 11
661WZ6Uz00KfKZ,6,shape-L,none,mixed,2 4 4 4 11 11
661W0Ond7pdG8m,6,shape-T,none,distinct,1 3 4 8 9 11
661WfIk800SgKj,6,shape-L,none,mixed,1 1 6 6 11 11
661W1Tvp6n3W9G,6,shape-T,none,mixed,1 1 3 7 11 13
661Wn6CR01bAqp,6,shape-L,none,mixed,1 1 3 8 11 12
661W1Ovp6vIW9O,6,shape-T,none,distinct,1 4 5 6 9 11
661W0QnZMv68AK,6,shape-T,none,distinct,1 2 4 6 11 12
661W1QnpcfIW8q,6,shape-T,none,mixed,2 4 4 6 9 11
661WbAqeW1dDJb,6,shape-L,none,mixed,3 3 4 6 9 11
661WxdCP00KCPb,6,shape-L,none,mixed,2 3 3 3 11 14
661W0UvtlzA08G,6,shape-T,none,mixed,1 4 5 5 10 11
661WnAUP00Ezux,6,shape-L,none,mixed,2 3 4 8 8 11
661WXAqvW1EVmb,6,shape-L,none,mixed,1 2 3 8 11 11
661WpNk800kgKb,6,shape-L,none,mixed,2 3 4 5 11 11
661WArPcCX0oHd,6,shape-zigzag,none,mixed,2 3 3 7 10 11
661WXwCf00slMf,6,shape-L,none,mixed,1 5 5 6 8 11
661WXMV901Ehpp,6,shape-L,none,distinct,2 4 5 6 8 11
661W8nHcGZ4sPp,6,shape-zigzag,none,distinct,1 3 6 7 9 10
661WfMlO00KTxZ,6,shape-L,none,mixed,2 4 6 6 7 11
661W0vrtEfAW9K,6,shape-T,none,mixed,2 5 5 5 8 11
661WrgDQW0a9Mb,6,shape-L,none,mixed,2 2 4 5 11 12
661WZd4f00cjQj,6,shape-L,none,mixed,2 4 5 7 7 11
661Wzdaf00LDGv,6,shape-L,none,mixed,1 1 3 7 11 13
661WCtLgGXmYPh,6,shape-zigzag,none,distinct,1 3 6 7 9 10
661W0vpZcbAW9m,6,shape-T,none,distinct,1 2 6 7 9 11
661WrBSO01afKh,6,shape-L,none,mixed,1 2 4 7 11 11
661W1Rpd6XJ8CO,6,shape-T,none,mixed,2 3 3 8 9 11
661W1Prl7X-88m,6,shape-T,none,mixed,1 1 6 8 9 11
661W8vNkOXGcHZ,6,shape-zigzag,none,distinct,1 3 6 7 9 10
661Wb2jOW0jPQv,6,shape-L,none,distinct,2 3 4 6 10 11
661W0vnp6nYW9K,6,shape-T,none,mixed,2 2 5 5 11 11
661WXpMhW16QKh,6,shape-L,none,mixed,1 5 5 6 8 11
661WvdCv00MfGp,6,shape-L,none,mixed,1 3 3 6 11 12
661WfpUz006QrX,6,shape-L,none,mixed,2 2 5 6 10 11
661WnoSuW0cEPv,6,shape-L,none,mixed,2 3 4 5 11 11
661W0PthcZR08J,6,shape-T,none,mixed,1 1 7 7 9 11
661Wnhdl007DKf,6,shape-L,none,distinct,2 3 5 6 9 11
661W0vvZ6bAmCK,6,shape-T,none,mixed,2 3 6 7 7 11
661WXpj901Ewqb,6,shape-L,none,distinct,2 3 4 7 9 11
661WnJKiW0NQqh,6,shape-L,none,mixed,1 4 6 7 7 11
661W8nPw2b4gHh,6,shape-zigzag,none,mixed,2 2 5 8 9 10
661WbAMiW1MjHX,6,shape-L,none,distinct,2 3 5 6 9 11
661WvYSw005Ezr,6,shape-L,none,distinct,2 3 4 6 10 11
661W0Sph6dAW8O,6,shape-T,none,mixed,1 1 6 8 9 11
661W8pHs0nGwJZ,6,shape-zigzag,none,mixed,1 1 3 9 10 12
661WdMzh00KiMX,6,shape-L,none,mixed,1 4 6 7 7 11
661W8nPc1b8gLd,6,shape-zigzag,none,mixed,1 3 7 7 8 10
661W0vrhMXIWCO,6,shape-T,none,mixed,2 2 6 7 8 11
661WtlMO00CfIh,6,shape-L,none,distinct,2 4 5 6 8 11
661WhssS015eMp,6,shape-L,none,distinct,1 3 4 5 11 12
661Wbx5g00clHZ,6,shape-L,none,mixed,1 4 4 5 11 11
661WZBjg00ahRh,6,shape-L,none,mixed,3 4 5 5 8 11
661Wdkrf015AqX,6,shape-L,none,mixed,2 2 5 8 8 11
661WfItE00KBKf,6,shape-L,none,mixed,1 2 6 8 8 11
661Wn7ceW0FFTh,6,shape-L,none,mixed,1 5 5 7 7 11
661WfkLC00szOf,6,shape-L,none,mixed,3 3 4 5 10 11
661W0OvZMhIWEG,6,shape-T,none,mixed,1 1 6 8 9 11
661W1QnZ7fIW8H,6,shape-T,none,mixed,1 2 4 9 9 11
661Wb3KOW1cjMh,6,shape-L,none,mixed,1 3 3 9 9 11
661WpgbA00DQOn,6,shape-L,none,mixed,1 2 5 6 11 11
661WfEa8W0KlMt,6,shape-L,none,mixed,1 4 4 7 9 11
661W1RnZdfYW8I,6,shape-T,none,mixed,2 2 3 8 10 11
661W0QrdFr2G8m,6,shape-T,none,mixed,1 2 2 9 11 11
661WbMCh00rjwX,6,shape-L,none,mixed,1 5 5 6 8 11
661W0QrhNnAG8m,6,shape-T,none,mixed,1 4 4 7 9 11
661W1TxZ6nYGAG,6,shape-T,none,distinct,1 2 4 8 10 11
661Wbp6k015Sob,6,shape-L,none,mixed,1 4 4 5 11 11
661W0Sv_6ZAO8I,6,shape-T,none,distinct,1 3 4 7 10 11
661WbgbQW1LgGb,6,shape-L,none,mixed,2 3 4 5 11 11
661WXZNeW1DRJb,6,shape-L,none,mixed,3 3 3 5 11 11
661W0xvp6nIWDG,6,shape-T,none,mixed,2 2 3 8 10 11
661W0OrdUfE09I,6,shape-T,none,mixed,1 4 4 6 10 11
661W0vrxtf2WAG,6,shape-T,none,mixed,2 3 3 7 10 11
661W0OvZMdAGAO,6,shape-T,none,progressive,1 3 5 7 9 11
661Wb7i800iwzt,6,shape-L,none,mixed,2 2 5 8 8 11
661WjBDA00ajMb,6,shape-L,none,mixed,1 5 5 6 8 11
661WdMSOW0rjSX,6,shape-L,none,mixed,1 5 5 5 9 11
661WZFUC00LhOb,6,shape-L,none,mixed,2 2 3 8 10 11
661WXZqe01Swpd,6,shape-L,none,mixed,2 2 4 5 11 12
661Wr35A00kzIb,6,shape-L,none,mixed,2 2 3 6 11 12
661WfZ7AI0QHI4,6,progressive,none,distinct,1 4 5 6 8 12
661W4f512fPJgK,6,progressive,none,distinct,2 4 6 7 8 9
661W4BFCGncL64,6,plain,none,mixed,3 4 4 5 8 12
661WHIr625QgI4,6,plain,none,mixed,3 4 5 6 9 9
661W8Yf3bfY2L6,6,plain,none,mixed,2 3 3 3 6 19
661WGJuc5Cgfa5,6,progressive,none,distinct,1 5 6 7 8 9
661WMJU4g4ZXCc,6,progressive,none,distinct,1 3 6 7 9 10
661WB110Y7kzQc,6,progressive,none,distinct,2 3 4 8 9 10
661WKvrbA0QI0X,6,progressive,none,distinct,2 3 4 6 10 11
661WbJr8m1YYhL,6,progressive,none,distinct,2 3 5 6 8 12
661WGWvfM4DQ44,6,plain,none,mixed,2 2 6 7 9 10
661WmcnQbDaA6G,6,plain,none,mixed,1 4 4 6 7 14
661WGfpP029Xgp,6,progressive,none,distinct,1 4 5 7 9 10
661W40Q2WIbxlP,6,distinct,none,distinct,1 2 6 8 9 10
661WCKWsS20HfC,6,plain,none,mixed,1 2 3 7 7 16
661W8Jf22SPHI8,6,plain,none,mixed,1 4 7 7 8 9
661WGYzA0IX1Mf,6,distinct,none,distinct,1 3 4 7 9 12
661WGJLi0ZwgnZ,6,progressive,none,distinct,1 2 6 7 9 11
661W5AdpfW8hH4,6,progressive,none,distinct,2 3 4 8 9 10
661WOvtYW88anX,6,plain,none,mixed,2 3 3 7 10 11
661W8eZ52Z7s12,6,distinct,none,distinct,1 2 3 4 9 17
661W5ZLi4Yoya8,6,progressive,none,distinct,1 4 5 6 9 11
661WLPnafHWr10,6,progressive,none,distinct,2 3 5 7 9 10
661WGBJdAO37I4,6,plain,none,mixed,1 2 6 6 8 13
661W4jIM5X1AdH,6,plain,none,mixed,1 3 6 6 9 11
661WTRsYWLWmHX,6,progressive,none,distinct,2 3 4 7 9 11
661W0Hcj4A5DQK,6,distinct,none,distinct,2 3 5 6 7 13
661WnX16LG4nIa,6,plain,none,mixed,2 2 3 7 10 12
661W4-jOm0kQOi,6,progressive,none,progressive,1 3 5 7 9 11
661WAfNRC8E1w2,6,progressive,none,distinct,1 4 6 7 8 10
661W0PnWmQmafH,6,distinct,none,distinct,1 2 3 7 10 13
661WXfL7CGw5uG,6,progressive,none,distinct,1 2 6 7 8 12
661WKXZb2251gK,6,progressive,none,distinct,1 2 6 8 9 10
661WeGg0K5Ef2C,6,plain,none,mixed,1 2 2 8 9 14
661W9PIf6WiUY4,6,plain,none,mixed,1 4 6 7 9 9
661W5DALCWX2PI,6,progressive,none,distinct,2 3 5 7 9 10
661WaAmifibHX0,6,progressive,none,distinct,1 3 6 7 9 10
661W2bRwAXDYnG,6,progressive,none,distinct,1 3 5 8 9 10
661W0Yj5AXfHYC,6,plain,none,mixed,1 4 4 7 8 12
661WWSHbA5AJe8,6,plain,none,mixed,1 4 4 7 9 11
661WGAm92KU_uG,6,distinct,none,distinct,1 3 4 5 8 15
661WIeHbA8HxO0,6,progressive,none,distinct,2 3 5 7 8 11
661W4eKhaf5AmY,6,progressive,none,distinct,1 4 5 6 9 11
661W1Gnc4NE95A,6,progressive,none,distinct,2 3 4 7 9 11
661WGgIy92uX9L,6,progressive,none,distinct,1 3 5 8 9 10
661WK8qP0ZKhJ4,6,progressive,none,distinct,1 2 6 7 9 11
661W9H26mmbGnX,6,distinct,none,distinct,1 2 5 6 7 15
661W4IqaACXTq8,6,progressive,none,distinct,1 2 6 8 9 10
661W26pY2KvYL2,6,progressive,none,distinct,2 3 6 7 8 10
661WKfPZ0IaeKC,6,plain,none,mixed,1 4 4 8 8 11
661WfZ9LICUWX8,6,plain,none,mixed,3 3 4 6 8 12
661WeEGPImOrfC,6,progressive,none,distinct,1 4 5 6 9 11
661WGAH8nOQrb8,6,progressive,none,distinct,1 5 6 7 8 9
661WafU207KOd6,6,progressive,none,distinct,1 4 5 6 9 11
661WWXnZ59GZ4e,6,progressive,none,distinct,1 4 5 7 9 10
661WX5heh2egtG,6,progressive,none,distinct,2 3 6 7 8 10
661W8HLOf8Dnd8,6,progressive,none,distinct,2 4 5 7 8 10
661WKvFWX4HL71,6,progressive,none,distinct,1 3 5 7 8 12
661Wifc485Gc48,6,plain,none,mixed,1 4 5 5 6 15
661W9n3qmWcBqi,6,progressive,none,distinct,1 4 6 7 8 10
661W24Qb448fMX,6,distinct,none,distinct,1 3 4 5 7 16
661WGjfLAfIMD0,6,progressive,none,distinct,1 2 4 8 10 11
661WGGqQG86BbE,6,plain,none,mixed,1 1 3 7 8 16
661WW1Ij5Y9A5g,6,plain,none,mixed,1 3 4 4 8 16
661WMrIX18HMWe,6,distinct,none,distinct,2 3 4 6 10 11
661W2jMh48MSq0,6,progressive,none,distinct,1 3 5 6 10 11
661WfHZ6iG1127,6,progressive,none,distinct,1 2 4 8 9 12
661W5MZ12aOMi8,6,progressive,none,distinct,2 3 4 8 9 10
661W3HAsIZYAsI,6,plain,none,mixed,1 1 6 8 10 10
661WKKjzX86L1m,6,progressive,none,distinct,1 2 5 7 10 11
661WImJjeKadeY,6,progressive,none,distinct,1 3 4 8 9 11
661WbX2Kb5gj20,6,distinct,none,distinct,1 3 5 6 8 13
661W3EuHYbxraW,6,progressive,none,distinct,2 4 6 7 8 9
661WOgyK26bLbZ,6,progressive,none,distinct,2 4 6 7 8 9
661WXF6F81cbsK,6,distinct,none,distinct,1 3 6 7 8 11
661W4DhKYIb2Xu,6,progressive,none,distinct,1 5 6 7 8 9
661WAiRumXBYg1,6,plain,none,mixed,2 3 4 5 11 11
661WW8Hq8qfJ9K,6,progressive,none,distinct,1 4 5 7 9 10
661W12jafF6MFO,6,progressive,none,distinct,1 2 5 8 9 11
661W8XZas23P3a,6,plain,none,mixed,1 2 5 5 10 13
661WWKd64cKafA,6,distinct,none,distinct,1 3 5 6 8 13
661W3Q2p5XIpPa,6,progressive,none,distinct,2 3 4 6 10 11
661W0Wo72OpViO,6,plain,none,mixed,1 1 4 8 9 13
661WGg4214fISv,6,plain,none,mixed,1 2 6 6 8 13
661Wroje84LaY8,6,plain,none,mixed,3 3 4 4 8 14
661WFMU285A_20,6,plain,none,mixed,1 4 5 6 6 14
661Wm0f6gHXHIB,6,plain,none,mixed,1 1 3 8 10 13
661WGKnY5GZ0ro,6,plain,none,mixed,2 4 5 5 8 12
661W2CQbP8KGea,6,plain,none,mixed,1 3 5 5 7 15
661WPNPZ41mYJI,6,progressive,none,distinct,1 4 5 6 7 13
661WGaKWgADIdq,6,progressive,none,distinct,2 3 5 7 8 11
661W9ig41J7lIm,6,progressive,none,distinct,2 4 5 6 8 11
661W48yK28OhIA,6,progressive,none,distinct,1 2 5 7 10 11
661W4Iba2G8VNE,6,progressive,none,distinct,2 3 5 7 8 11
661W4XBhQ4Aj28,6,plain,none,mixed,2 4 4 7 9 10
661W6CPI0IbBZ2,6,progressive,none,distinct,2 3 4 8 9 10
661WCf2d8GZIo4,6,progressive,none,distinct,1 3 5 8 9 10
661WCOMTQKn032,6,distinct,none,distinct,2 3 4 6 7 14
661W8SvKaIbKIo,6,progressive,none,distinct,3 4 5 6 8 10
661W6vp28fGSA4,6,plain,none,mixed,1 4 5 7 7 12
661WBThcKYWAB2,6,progressive,none,distinct,1 3 5 8 9 10
661W8J6bK4bfI4,6,progressive,none,distinct,2 4 5 7 8 10
661WKYX28AdE48,6,plain,none,mixed,2 2 5 6 8 13
661WrnWWuG4b9H,6,plain,none,mixed,1 2 2 4 9 18
661W68aK8CGph2,6,plain,none,mixed,1 1 7 8 8 11
661WqaiPIWHXB2,6,progressive,none,distinct,1 4 5 7 9 10
661W4KioWOfLPn,6,progressive,none,distinct,2 4 5 7 8 10
661WZ64qY2jIdY,6,progressive,none,distinct,1 3 6 7 8 11
661WIatSY2LJ6W,6,progressive,none,distinct,1 2 6 8 9 10
661WIWaC8A936S,6,plain,none,mixed,1 2 3 3 7 20
661WJKfkWJh931,6,progressive,none,distinct,2 3 6 7 8 10
661WYz2q035KdC,6,progressive,none,distinct,1 2 6 7 9 11
661WfP5Pm0usai,6,progressive,none,distinct,1 2 5 7 10 11
661W44Era4GfQ9,6,plain,none,mixed,3 3 4 5 6 15
661W8Zy494ggMe,6,distinct,none,distinct,1 3 4 7 8 13
661WW4Mf6orQaG,6,progressive,none,distinct,1 3 5 8 9 10
661WR9H4fHYnf0,6,progressive,none,distinct,1 3 6 7 9 10
661W4BaOnGWZAH,6,distinct,none,distinct,1 2 4 7 9 13
661WeGX1YmX1Z5,6,progressive,none,distinct,1 3 4 5 9 14
661W4nWPIngrZ0,6,plain,none,mixed,2 2 4 6 9 13
661WESoab48f50,6,distinct,none,distinct,2 3 5 7 8 11
661WARDQm2fmSY,6,progressive,none,distinct,1 3 5 8 9 10
661WS9HSYKcvGa,6,distinct,none,distinct,1 4 5 6 9 11
661WQbE44C8C84,6,distinct,none,distinct,1 2 3 5 7 18
661WLhQpDYKG1e,6,progressive,none,distinct,2 4 5 6 8 11
661W2rqaW4QfLn,6,plain,none,mixed,1 2 6 6 8 13
661WKnn484As24,6,plain,none,mixed,2 2 4 7 9 12
661WnJIZ4CB2o4,6,progressive,none,distinct,1 3 6 7 9 10
661WBL25CWWZNd,6,progressive,none,distinct,2 3 4 7 9 11
661WPYjMCW96jO,6,progressive,none,distinct,3 4 5 7 8 9
661W5ICwG16ElO,6,progressive,none,distinct,1 2 3 9 10 11
661WAI368CfcSf,6,plain,none,mixed,2 4 4 6 7 13
661WWX8sf9HQc8,6,distinct,none,distinct,1 4 5 6 9 11
661WJI3MY3rbQY,6,progressive,none,distinct,3 4 5 6 8 10
661WeHpb4mX8af,6,progressive,none,distinct,1 5 6 7 8 9
661WXHQOo5gZ2e,6,progressive,none,distinct,2 4 5 6 9 10
661W4yTAOGoh8C,6,progressive,none,distinct,1 3 5 7 8 12
661WAKPm86CN92,6,plain,none,mixed,2 2 4 4 11 13
661W2gIaGfbZ9I,6,progressive,none,distinct,1 3 6 7 8 11
661W0B3AOCnRAK,6,progressive,none,distinct,1 2 5 7 10 11
661W8CkRm88suY,6,progressive,none,distinct,1 3 6 7 8 11
661WKgoqnXr130,6,distinct,none,distinct,1 2 5 8 9 11
661WL7hq81HJD2,6,progressive,none,distinct,2 3 5 7 9 10
661W2RKabGPED8,6,progressive,none,distinct,1 3 6 7 9 10
661WHWCM4P9Qb4,6,progressive,none,distinct,1 3 6 7 9 10
661WWXoAKLYsAK,6,progressive,none,distinct,2 3 5 7 8 11
661WISz448AT28,6,plain,none,mixed,2 2 5 6 10 11
661W4ghbC4wEYf,6,progressive,none,distinct,1 4 5 7 9 10
661WAnQmGbCALp,6,distinct,none,distinct,1 2 5 6 7 15
661W8tbGG6o2bK,6,plain,none,mixed,1 1 5 6 7 16
661WT8gaGHdX72,6,progressive,none,distinct,1 3 6 7 8 11
661WGTxOX2BKZG,6,progressive,none,distinct,2 4 5 6 9 10
661WGNc284Yx6S,6,progressive,none,distinct,1 3 6 7 8 11
661WADAfIGeb68,6,progressive,none,distinct,2 3 6 7 8 10
661WGGRJ6X2p58,6,distinct,none,distinct,1 2 5 6 7 15
661WKgsKG8jY22,6,plain,none,mixed,3 4 4 5 7 13
661WnAf3a9Z4ac,6,progressive,none,progressive,1 3 5 7 9 11
661Wn8YKn4lb6A,6,distinct,none,distinct,2 3 6 7 8 10
661WGXOT1APhL9,6,progressive,none,distinct,1 2 6 8 9 10
661WDBa42aekK8,6,distinct,none,distinct,1 3 4 6 7 15
661WOGsc48AecC,6,progressive,none,distinct,1 2 6 8 9 10
661WaMj087d2j6,6,plain,none,mixed,2 4 5 5 6 14
661WYCfX2PpcY4,6,plain,none,mixed,3 3 5 6 8 11
661W1rJabH3gbG,6,progressive,none,distinct,1 3 6 7 9 10
661W88P5I4CDoC,6,plain,none,mixed,1 3 3 6 7 16
661WOmlX24HH3A,6,progressive,none,distinct,2 3 4 8 9 10
661W51YbpWbHfG,6,plain,none,mixed,2 2 3 5 8 16
661WKcreg0b9z1,6,progressive,none,distinct,1 2 6 8 9 10
661WrqKn44oZPC,6,progressive,none,distinct,2 3 6 7 8 10
661W2bJdLX4Wae,6,progressive,none,distinct,2 3 4 7 9 11
661W5E8oXaOn-W,6,progressive,none,distinct,1 3 6 7 8 11
661W9vqKZ5vDI0,6,distinct,none,distinct,1 2 6 8 9 10
661W0XYRAbD9Z4,6,plain,none,mixed,3 3 5 6 6 13
661W3GWX0TxreX,6,progressive,none,distinct,2 3 4 6 10 11
661W89J6KKiD48,6,plain,none,mixed,2 3 4 5 11 11
661WJAHu0ZOmg6,6,progressive,none,distinct,1 2 5 6 10 12
661WX9Gc42aviO,6,plain,none,mixed,1 2 3 10 10 10
661WmOj345Iaq4,6,plain,none,mixed,1 1 7 8 8 11
661WbGXKGH6KX6,6,progressive,none,distinct,1 2 3 9 10 11
661WCH4PJ0PKXa,6,plain,none,mixed,1 1 4 6 11 13
661WOpmI48WZZ2,6,progressive,none,distinct,1 3 5 6 9 12
661WNhH4g90n0o,6,distinct,none,distinct,1 3 4 6 9 13
661WAKiSAKrmXX,6,progressive,none,distinct,2 3 4 6 10 11
661Whsrb44g8q0,6,progressive,none,distinct,3 4 5 6 7 11
661W7tUWX99632,6,distinct,none,distinct,2 3 4 5 7 15
661W88wKYZ6d2e,6,progressive,none,distinct,1 3 5 6 10 11
661WXKEIKAfrhG,6,progressive,none,distinct,1 3 6 7 9 10
661WGKB3AOpvYG,6,progressive,none,progressive,1 3 5 7 9 11
661WCSh288GObM,6,plain,none,mixed,2 3 7 7 7 10
661W8HBAr09Z6A,6,progressive,none,distinct,2 3 5 6 8 12
661WGiX39IbAee,6,plain,none,mixed,2 4 4 7 9 10
661W48snn8SgI2,6,progressive,none,distinct,1 2 6 7 9 11
661W0mJeZbDkyQ,6,progressive,none,distinct,2 3 5 7 9 10
661W8GqT62OwZ4,6,plain,none,mixed,3 4 5 5 8 11
661W2Qo1enIvvH,6,plain,none,mixed,1 5 5 7 9 9
661W0WgmqKk--u,6,progressive,none,distinct,2 4 6 7 8 9
661W48kvG8OZ4Z,6,progressive,none,distinct,1 3 5 6 10 11
661WA4OqYIbMga,6,progressive,none,distinct,2 3 4 8 9 10
661W8MGnIGKhNG,6,progressive,none,distinct,1 3 5 8 9 10
661W3QGf4pQpu0,6,plain,none,mixed,1 5 6 6 6 12
661WJHp6AmY5S8,6,progressive,none,distinct,1 3 5 8 9 10
661W3ZaeZ5clT8,6,progressive,none,distinct,1 5 6 7 8 9
661WajrIm5LAA9,6,plain,none,mixed,3 5 5 6 7 10
661WGWqY28Poob,6,progressive,none,distinct,2 4 5 7 8 10
661W9WSSacwfKe,6,plain,none,mixed,1 4 4 6 8 13
661W871A2xhoKG,6,distinct,none,distinct,1 3 5 6 8 13
661WARd5GGj2eX,6,progressive,none,distinct,2 3 5 6 9 11
661WIfrMq4S3A1,6,plain,none,mixed,1 3 7 7 7 11
661WHf1Y1YbggL,6,progressive,none,distinct,1 3 6 7 9 10
661WCQ58OXlH6C,6,progressive,none,distinct,1 3 4 7 9 12
661W1PMg3ejCfo,6,progressive,none,distinct,1 4 6 7 8 10
661W8sGX2CgIaO,6,plain,none,mixed,1 5 6 8 8 8
661WAKJZLAGJ4W,6,plain,none,mixed,1 4 4 7 9 11
661W0IqiiG4L--,6,plain,none,mixed,2 4 4 5 6 15
661W11201ivIbB,6,plain,none,mixed,1 2 3 8 11 11
661WGag8K0Dh6K,6,plain,none,mixed,2 2 2 7 11 12
661W19Bc4Lgj56,6,progressive,none,distinct,2 4 5 7 8 10
661WjAACWLMGb5,6,plain,none,mixed,2 2 4 5 10 13
661WfSn2gGX98g,6,progressive,none,distinct,2 3 4 6 10 11
661WPIcyuH0X31,6,progressive,none,distinct,1 3 4 8 9 11
661WW5YaKeLB5I,6,distinct,none,distinct,1 2 5 6 10 12
661WGenU447MZ2,6,progressive,none,distinct,2 3 5 6 9 11
661WfIaz20C9IZ,6,progressive,none,distinct,1 2 3 9 10 11
661WIWni829IYK,6,progressive,none,distinct,1 2 3 9 10 11
661WJL152hsJc4,6,distinct,none,distinct,2 3 5 6 7 13
661WARK3aGPnP3,6,progressive,none,distinct,1 4 5 7 8 11
661WOAa48Kh56C,6,progressive,none,distinct,1 2 4 5 9 15
661WLBK26Hen4f,6,distinct,none,distinct,2 3 4 7 8 12
661WrIMir1GUX0,6,progressive,none,distinct,1 4 5 6 9 11
661WAHDA42HZdI,6,progressive,none,distinct,1 3 6 7 9 10
661WWUB12HItB6,6,plain,none,mixed,1 1 4 7 9 14
661WWgG-0DdUX4,6,progressive,none,distinct,1 2 4 8 10 11
661W4Z0iKXwzX2,6,progressive,none,distinct,1 3 4 7 9 12
661WGGfwK2AL9O,6,plain,none,mixed,1 4 4 6 9 12
661WYtQX29oIY0,6,progressive,none,distinct,1 4 5 7 9 10
661W88reiA8UHY,6,progressive,none,distinct,1 2 4 8 9 12
661WAhNR62oH94,6,progressive,none,distinct,1 5 6 7 8 9
661WDOoK0YbX26,6,distinct,none,distinct,1 3 5 6 8 13
661WGNk822h12v,6,plain,none,mixed,1 2 2 8 8 15
661WJdeGYeGY4Y,6,plain,none,mixed,2 3 4 4 7 16
661W94nYXYbDiA,6,distinct,none,distinct,1 2 4 8 10 11
661WWKjBk9613L,6,progressive,none,distinct,2 3 4 6 9 12
661WGWSs4C9Ab2,6,progressive,none,distinct,1 2 5 6 10 12
661Wj0bBAAXEa8,6,distinct,none,distinct,1 2 3 9 10 11
661W86Ox4CjUQ2,6,plain,none,mixed,2 4 6 6 8 10
661WZ6UPE2Gvb0,6,progressive,none,distinct,1 4 5 7 8 11
661WAXmnZ8IcA1,6,progressive,none,distinct,1 2 3 7 10 13
661WGUKfGfbCLI,6,progressive,none,distinct,2 3 5 7 9 10
661WLAJJe1GPgn,6,progressive,none,distinct,2 3 5 6 9 11
661WYZo9W3uoYs,6,plain,none,mixed,1 1 6 7 10 11
661WBJ4499R481,6,plain,none,mixed,1 2 3 5 5 20
661W8e9YufLcVn,6,progressive,none,distinct,1 3 5 6 10 11
661WGpLANG2Z2a,6,progressive,none,distinct,1 3 4 8 9 11
661W8JaQQ8n9p0,6,distinct,none,distinct,1 2 3 7 8 15
661WSpWKe8WrZ1,6,plain,none,mixed,1 3 5 7 10 10
661W49VU88L3nf,6,progressive,none,distinct,2 4 5 7 8 10
661WbD5Kf0vpE0,6,progressive,none,distinct,1 2 6 8 9 10
661WHCOprH48ee,6,plain,none,mixed,2 3 3 4 4 20
661WKWtA48LQAK,6,plain,none,mixed,2 3 5 8 8 10
661WKwZE24qEK8,6,distinct,none,distinct,1 4 5 7 8 11
661WQrYfO08hM4,6,progressive,none,distinct,3 4 5 6 8 10
661WBTobImaa08,6,progressive,none,distinct,1 2 6 7 9 11
661WaSzqfD2KWG,6,plain,none,mixed,1 3 3 5 11 13
661WeoxPG1yRJ8,6,progressive,none,distinct,1 5 6 7 8 9
661W8CWWy8KdNq,6,plain,none,mixed,1 4 4 6 10 11
661WWxZ4feYIfG,6,progressive,none,distinct,1 3 6 7 9 10
661WOn1dC48hK8,6,distinct,none,distinct,1 2 4 6 10 13
661W8gIYeOoSW3,6,plain,none,mixed,1 1 5 7 7 15
661W5YCKWahESn,6,progressive,none,distinct,2 3 5 7 8 11
661WPxIan95b10,6,progressive,none,distinct,2 3 4 7 9 11
661WagnM0Lvg22,6,plain,none,mixed,2 3 5 5 7 14
661W4Ah248nJAO,6,progressive,none,distinct,2 3 4 8 9 10
661WGWZ32IbuX2,6,plain,none,mixed,1 4 4 5 8 14
661W6NIPmKPKcX,6,plain,none,mixed,2 3 6 8 8 9
661W0JaIkGPTAq,6,progressive,none,distinct,1 4 6 7 8 10
661WKuk24Kuq44,6,progressive,none,distinct,1 4 5 6 7 13
661WACafAA4748,6,plain,none,mixed,2 2 2 3 9 18
661WMLCv0IpX8Z,6,plain,none,mixed,1 4 4 5 10 12
661WGWOXHd9IYe,6,distinct,none,distinct,1 2 6 8 9 10
661WKOPKGOtpX8,6,distinct,none,distinct,3 4 5 6 7 11
661WX9KLAKmnhG,6,progressive,none,distinct,2 3 4 8 9 10
661W3tlPXX6QLW,6,progressive,none,distinct,1 3 6 7 9 10
661W8GrfI8Oo12,6,progressive,none,distinct,2 3 4 8 9 10
661WKjAIY25Qfe,6,distinct,none,distinct,3 4 5 6 7 11
661WHILWXaQsfG,6,progressive,none,distinct,2 3 4 8 9 10
661W8GWaqKjB59,6,plain,none,mixed,2 3 6 6 6 13
661WWHINY37EwH,6,progressive,none,distinct,1 4 5 7 9 10
661W5wKZ2H9KmX,6,progressive,none,distinct,1 2 6 8 9 10
661W2wkaf4YcF2,6,progressive,none,distinct,1 2 6 8 9 10
661WJ4f9c5b9Z9,6,distinct,none,distinct,2 3 4 5 9 13
661W8vq9AfKX9I,6,plain,none,mixed,4 4 4 5 5 14
661We0PIh9If4e,6,distinct,none,distinct,1 2 4 7 8 14
661WTAL245IX24,6,progressive,none,distinct,1 5 6 7 8 9
661W68IUo8O8x1,6,plain,none,mixed,1 4 4 4 7 16
661W6BrNeGP1JH,6,progressive,none,distinct,1 3 6 7 9 10
661WWrh5910Lgn,6,progressive,none,distinct,1 4 5 7 8 11
661W4YTB0pgLL6,6,progressive,none,distinct,2 3 4 5 10 12
661W0AN24r2rAK,6,distinct,none,distinct,1 2 4 6 9 14
661W2HcZ8CHTQ4,6,progressive,none,distinct,1 4 6 7 8 10
661WGWv5ICTXab,6,progressive,none,distinct,2 3 6 7 8 10
661WWbLB23GXLQ,6,progressive,none,distinct,1 4 6 7 8 10
661W4Rob7Cei0W,6,progressive,none,progressive,1 3 5 7 9 11
661W8njIeC2i8P,6,plain,none,mixed,1 2 3 3 13 14
661W4obQi2kL21,6,progressive,none,distinct,2 3 5 7 9 10
661WdHvpX2aj4m,6,progressive,none,distinct,1 3 6 7 9 10
661WGGXgA46BLA,6,distinct,none,distinct,2 3 5 6 7 13
661WJf121TOHUi,6,plain,none,mixed,3 3 3 7 8 12
661WWer48Lws24,6,progressive,none,distinct,2 3 4 6 9 12
661W2Y3Qq8htE9,6,progressive,none,distinct,1 4 5 7 8 11
661WQ-qQm0aDd1,6,progressive,none,distinct,2 3 6 7 8 10
661Wc5BZZHYLJ0,6,plain,none,mixed,2 2 3 7 11 11
661W7EHM9WGnra,6,progressive,none,distinct,2 4 5 6 9 10
661WBYHUWBBBIn,6,progressive,none,distinct,1 4 5 7 9 10
661W1roQ4N2Ll2,6,progressive,none,distinct,1 3 5 6 10 11
661WKA3aefnJ35,6,progressive,none,distinct,2 3 6 7 8 10
661WGWl2689nI8,6,plain,none,mixed,1 1 7 8 9 10
661WHPbBI1sCaf,6,distinct,none,distinct,2 4 6 7 8 9
661WQMq104hHcb,6,progressive,none,distinct,1 4 5 7 9 10
661W0rDKWdNLA9,6,progressive,none,progressive,1 3 5 7 9 11
661W8j1X0IcjsK,6,progressive,none,distinct,1 4 5 7 9 10
661WIdEQ46WnZ0,6,distinct,none,distinct,1 3 6 7 9 10
661W0ISfgn6AKc,6,distinct,none,distinct,2 3 4 5 10 12
661W7MsoaHAX-W,6,progressive,none,distinct,1 3 5 8 9 10
661W48AenAOGd8,6,distinct,none,distinct,1 3 4 5 8 15
661WGZD16GenJA,6,plain,none,mixed,1 3 4 4 11 13
661W8XHe0IgnbA,6,distinct,none,distinct,1 4 5 6 9 11
661W48PdC48HI8,6,plain,none,mixed,2 2 4 5 8 15
661WHxz5CaHKJA,6,progressive,none,distinct,3 4 5 7 8 9
661WIbLamKqn51,6,progressive,none,distinct,3 4 5 7 8 9
661WHGhPmYhYaX,6,progressive,none,distinct,1 4 5 7 9 10
661WASka24Gys8,6,distinct,none,distinct,2 3 5 7 9 10
661WmXWcfeGpLe,6,progressive,none,distinct,1 4 5 7 9 10
661WKCifGXKgJQ,6,distinct,none,distinct,1 2 3 7 11 12
661WWns1a9AJoc,6,progressive,none,distinct,1 4 6 7 8 10
661WGYXI4SeI4E,6,plain,none,mixed,1 1 4 6 11 13
661WLMHWWDAJf9,6,distinct,none,distinct,1 3 4 8 9 11
661W0EFV8GbhRG,6,progressive,none,distinct,2 3 5 7 9 10
661W8IrAGGOoIb,6,plain,none,mixed,2 4 7 7 8 8
661WZ4Ah0JArR2,6,progressive,none,distinct,2 3 4 5 10 12
661WIKA8GZApd2,6,progressive,none,distinct,1 2 5 7 10 11
661WDLgrZo5He0,6,progressive,none,distinct,1 3 6 7 8 11
661W8eCv5hLl4Y,6,distinct,none,distinct,2 3 5 7 8 11
661W6eKg4h12YK,6,distinct,none,distinct,1 2 5 6 8 14
661W8Qu68KOkZA,6,progressive,none,distinct,1 4 6 7 8 10
661W4Oqa6OviH2,6,distinct,none,distinct,1 3 6 7 8 11
661WOnDaf4Go79,6,plain,none,mixed,1 4 6 6 7 12
661W0ZQMA8ZMUI,6,progressive,none,distinct,1 3 6 7 9 10
661WHlo015OZ89,6,plain,none,mixed,1 1 2 6 8 18
661WLPnb0Jar0X,6,progressive,none,distinct,2 3 5 7 9 10
661WOM21AIMIbI,6,distinct,none,distinct,1 2 4 5 9 15
661WGpbP22Wafr,6,distinct,none,distinct,2 3 6 7 8 10
661W2GkZAC8_C4,6,plain,none,mixed,1 5 5 5 8 12
661W4unY0Z7CX2,6,progressive,none,distinct,1 3 4 8 9 11
661WHYL22eunK8,6,plain,none,mixed,2 2 3 8 10 11
661WGoCQ88dAb2,6,progressive,none,distinct,1 4 5 7 9 10
661W1TJb9WXqam,6,plain,none,mixed,1 4 5 8 9 9
661WJIZOYYQH2q,6,progressive,none,distinct,1 4 5 7 9 10
661WWQLf2YnafI,6,progressive,none,distinct,1 4 5 6 9 11
661WjQR24GGJ28,6,plain,none,mixed,2 2 5 8 9 10
661W6Sbg1f6Cc5,6,progressive,none,distinct,1 2 4 7 10 12
661WJpH44Wm-h6,6,progressive,none,distinct,1 3 6 7 9 10
661WE4GP5AOrsY,6,progressive,none,distinct,1 2 5 6 9 13
661W4HoBMGecZ6,6,progressive,none,distinct,2 4 6 7 8 9
661WBRsiYmaePW,6,progressive,none,distinct,1 3 6 7 9 10
661W8A964AbNMf,6,progressive,none,distinct,3 4 5 7 8 9
661WQmogG0Deqv,6,progressive,none,distinct,1 2 5 7 10 11
661W4DoJ2GXHwA,6,progressive,none,distinct,1 3 4 8 9 11
661WHAHI4XnZAI,6,progressive,none,distinct,2 3 5 7 8 11
661W11aH2anY5j,6,distinct,none,distinct,1 2 3 4 11 15
661W8JYa8AbHX2,6,progressive,none,distinct,2 3 5 7 8 11
661WAI-D6G4f5M,6,progressive,none,distinct,1 4 6 7 8 10
661WCfCuobIX5W,6,progressive,none,distinct,2 3 5 7 9 10
661WDPJeXo9WeI,6,plain,none,mixed,1 2 2 5 10 16
661Wb9fR24agaA,6,progressive,none,distinct,2 4 6 7 8 9
661WJKHX4m23s4,6,plain,none,mixed,1 1 4 5 7 18
661WIcJWXGnJb0,6,plain,none,mixed,1 4 4 6 8 13
661WW5wn25BbDG,6,progressive,none,distinct,1 2 5 7 10 11
661WH0fXe5fRMc,6,progressive,none,distinct,2 3 5 7 9 10
661W3aqZ4csky0,6,progressive,none,distinct,1 3 6 7 8 11
661WGZFOq0qPIe,6,progressive,none,distinct,1 2 6 7 8 12
661WOsoa02sqk4,6,progressive,none,distinct,1 3 5 6 9 12
661W98mafuGsaA,6,plain,none,mixed,1 2 5 9 9 10
661W4PnY8GWicC,6,progressive,none,distinct,2 3 4 8 9 10
661WGGU2O8Epph,6,progressive,none,distinct,1 3 5 8 9 10
661WnZMx621I32,6,progressive,none,distinct,1 4 5 6 9 11
661W4fRMa6ED09,6,plain,none,mixed,2 3 3 6 10 12
661WG9zAgGsE6c,6,progressive,none,distinct,1 3 6 7 8 11
661W2qfQ0rcCf4,6,progressive,none,distinct,2 3 5 6 9 11
661WLAX5GLSoWX,6,plain,none,mixed,3 3 4 7 7 12
661WeHPL9iP3aY,6,progressive,none,distinct,1 4 6 7 8 10
661W4HOoKIXbb4,6,plain,none,mixed,1 2 7 7 8 11
661WXPLC82mtAK,6,progressive,none,distinct,1 4 5 6 9 11
661WKfQcm048sg,6,progressive,none,distinct,1 4 5 6 9 11
661WGene22BL5h,6,progressive,none,distinct,2 3 4 6 10 11
661WajSV13PAYo,6,plain,none,mixed,3 4 5 7 7 10
661WOGZ4qX4WnZ,6,plain,none,mixed,1 2 3 6 12 12
661WZ11L12avoo,6,plain,none,mixed,1 2 5 5 9 14
661W5gCIX7bAjG,6,progressive,none,distinct,1 2 6 7 9 11
661WCeS56Og8JA,6,plain,none,mixed,1 4 5 5 6 15
661W5InL5WG-Yc,6,distinct,none,distinct,1 4 6 7 8 10
661W8JYqXIqHX4,6,progressive,none,distinct,1 3 5 8 9 10
661WmfzR2YJ5H8,6,progressive,none,distinct,1 3 6 7 9 10
661WLQegCi65c0,6,plain,none,mixed,2 2 3 3 13 13
661W4fH4KbEy24,6,distinct,none,distinct,2 3 4 6 7 14
661WpdLwy04Wa5,6,progressive,none,distinct,1 2 6 8 9 10
661WrRFfi0NP4c,6,progressive,none,distinct,1 4 5 7 9 10
661WjWOuY6gKaa,6,plain,none,mixed,1 1 3 4 10 17
661W0WPJ8fHhr2,6,plain,none,mixed,1 3 6 6 8 12
661W4PoMbIaaZ2,6,progressive,none,distinct,2 4 6 7 8 9
661WhdDo40An32,6,progressive,none,distinct,1 4 6 7 8 10
661W91PoZHZcPO,6,plain,none,mixed,3 4 4 6 7 12
661WenXrE10v22,6,plain,none,mixed,1 4 4 5 10 12
661WGZTQu8Wf45,6,distinct,none,distinct,2 3 5 6 9 11
661WffYcfGYNHW,6,distinct,none,distinct,2 3 4 7 8 12
661WGeoXY4Bb8o,6,plain,none,mixed,3 3 4 7 9 10
661WENApY8XnOW,6,plain,none,mixed,1 3 7 7 8 10
661W6jPc0b8uJZ,6,progressive,none,distinct,1 3 5 7 8 12
661W18nY0LhLob,6,progressive,none,distinct,1 4 5 6 9 11
661W9lIcB92Gu9,6,distinct,none,distinct,1 3 5 8 9 10
661WX3auo0Pocg,6,progressive,none,distinct,1 3 6 7 8 11
661W4IA4CGnECK,6,plain,none,mixed,1 2 4 7 7 15
661WGuXYaGY39J,6,distinct,none,distinct,1 4 5 6 7 13
661WGnc0Wf9LhL,6,plain,none,mixed,2 5 5 6 6 12
661W8UT2X4nbOc,6,progressive,none,distinct,2 4 5 7 8 10
661WEfI40AMGZM,6,progressive,none,distinct,1 4 5 7 9 10
661WYayLI9TY3G,6,progressive,none,distinct,1 4 6 7 8 10
661W9eIXXagb5e,6,progressive,none,distinct,1 4 5 6 9 11
661WAAK50ISjTA,6,progressive,none,distinct,2 3 4 8 9 10
661WOLHZAfHeaG,6,plain,none,mixed,2 3 6 8 8 9
661W9GKQjP6AZ0,6,plain,none,mixed,1 4 4 4 11 12
661W4GfpPGbF5W,6,plain,none,mixed,1 3 5 7 10 10
661WZMwX07UBH6,6,progressive,none,distinct,1 3 5 8 9 10
661W6bATKbACH0,6,distinct,none,distinct,2 3 4 6 9 12
661WX89CgabJlm,6,progressive,none,distinct,1 3 5 8 9 10
661W7BMq4aWOYI,6,distinct,none,distinct,1 3 6 7 8 11
661W0KiKehUqf1,6,progressive,none,distinct,2 3 6 7 8 10
661WKxsACG4r24,6,progressive,none,distinct,2 4 5 6 9 10
661Wb8fB34b9ce,6,progressive,none,distinct,1 4 6 7 8 10
661WnYbrm0jGYa,6,plain,none,mixed,2 2 4 7 9 12
661WmWh5CeHHo8,6,progressive,none,distinct,1 3 6 7 9 10
661WCG9A268NM8,6,plain,none,mixed,1 1 5 6 9 14
661WWalc6D1eYn,6,plain,none,mixed,1 2 2 8 11 12
661Wef6XX9BZ8o,6,plain,none,mixed,2 2 5 6 9 12
661WKOrOu8EH21,6,plain,none,mixed,1 3 4 8 10 10
661WX4Xyf0jJ5K,6,progressive,none,progressive,1 3 5 7 9 11
661WWdLSfP4n6G,6,progressive,none,distinct,1 4 6 7 8 10
661WXmx90PV9qb,6,progressive,none,distinct,1 2 6 8 9 10
661WFEGo4P20XC,6,distinct,none,distinct,1 2 4 5 7 17
661W4ISrgXh64X,6,progressive,none,distinct,2 3 4 8 9 10
661WL8mYa9pbX1,6,progressive,none,distinct,2 4 5 6 9 10
661W6cjb46dKQX,6,progressive,none,distinct,1 3 6 7 8 11
661W8mXnW6FQMg,6,progressive,none,distinct,1 2 6 7 9 11
661WbIKgR0XEYa,6,progressive,none,distinct,1 5 6 7 8 9
661WQ8A2YKhpQg,6,plain,none,mixed,1 3 7 7 8 10
661WSfcip0GFJ4,6,progressive,none,distinct,1 4 5 7 9 10
661W89Z3XALUH2,6,plain,none,mixed,2 2 5 6 9 12
661Wqr5Kg5Gt6m,6,plain,none,mixed,1 4 6 6 7 12
661WCnHPIX8t34,6,progressive,none,distinct,1 5 6 7 8 9
661W4234fpML26,6,plain,none,mixed,2 2 4 5 9 14
661WQbLA42QH48,6,progressive,none,distinct,1 2 5 8 9 11
661WOb0Z448rQS,6,distinct,none,distinct,1 3 6 7 8 11
661WAZLa8KBo1I,6,progressive,none,distinct,1 2 4 8 10 11
661WJbZ5IH4oa0,6,distinct,none,distinct,1 3 5 7 8 12
661WX3B24C9p64,6,plain,none,mixed,1 3 3 6 9 14
661WGGvPH4AHbe,6,progressive,none,distinct,2 3 5 7 8 11
661WbGD2YLIcKc,6,plain,none,mixed,2 3 3 6 9 13
661WJOpeXJAYf0,6,progressive,none,distinct,2 3 4 8 9 10
661W1J646WPSfp,6,progressive,none,distinct,1 2 5 8 9 11
661WbAk444Gg8S,6,distinct,none,distinct,1 2 4 6 8 15
661W4BfDQ8eoa4,6,progressive,none,distinct,2 4 5 6 9 10
661W58gK8unX62,6,plain,none,mixed,1 3 6 6 9 11
661WGyXZ4GY4sK,6,distinct,none,distinct,1 4 5 6 7 13
661W0WqK8CRshK,6,progressive,none,distinct,1 4 5 6 9 11
661WmWTX1aHZaa,6,plain,none,mixed,1 1 6 8 9 11
661W4AsgKGbuX2,6,progressive,none,distinct,2 4 5 6 8 11
661WASoQGXEffC,6,progressive,none,distinct,2 3 4 8 9 10
661WKfLfb84en2,6,progressive,none,distinct,2 3 5 7 8 11
661W4aZALX9XAD,6,distinct,none,distinct,1 3 5 8 9 10
661WIew10b9ogf,6,progressive,none,distinct,2 4 5 7 8 10
661W8X-Bq8JHL5,6,progressive,none,distinct,3 4 5 7 8 9
661WDvLLZT8go0,6,progressive,none,distinct,1 2 6 7 9 11
661WKcSWWCfIf5,6,progressive,none,distinct,1 4 5 6 9 11
661W8oVIW4hZKX,6,progressive,none,distinct,1 4 5 7 9 10
661WIaXjK49RK0,6,plain,none,mixed,2 3 3 6 10 12
661WbKkH05pqeZ,6,distinct,none,distinct,2 3 5 6 9 11
661WCmcOaZHHxn,6,progressive,none,distinct,2 3 4 8 9 10
661W0YYvZheZ6C,6,plain,none,mixed,3 3 3 3 9 15
661WMGT4X6Mpj4,6,progressive,none,distinct,1 4 6 7 8 10
661WKgAME0nZZf,6,progressive,none,distinct,2 4 5 6 8 11
661W8Z8KgAsGXe,6,plain,none,mixed,1 2 5 5 6 17
661WYbN8H1UTSW,6,plain,none,mixed,1 4 4 6 8 13
661WkjgveWEBGY,6,progressive,none,distinct,1 4 5 6 9 11
661W34yOeYngMe,6,progressive,none,distinct,1 2 6 7 9 11
661WW0HLbeGvqC,6,distinct,none,distinct,1 2 3 7 8 15
661W4gs48KZb48,6,distinct,none,distinct,2 3 4 6 7 14
661WQmq8WIqgIs,6,plain,none,mixed,1 4 7 7 7 10
661WInYMu20LQb,6,progressive,none,distinct,1 2 5 7 10 11
661W36FJ43UifX,6,progressive,none,distinct,1 3 4 6 10 12
661WEMa88IKa08,6,plain,none,mixed,1 2 2 3 8 20
661W1QJb4XIko4,6,progressive,none,distinct,1 3 6 7 9 10
661WYn9mYb8ske,6,progressive,none,distinct,1 4 5 7 9 10
661W84iy28KtjZ,6,progressive,none,distinct,2 3 4 6 10 11
661WIGqh62Qo4O,6,plain,none,mixed,1 5 6 6 8 10
661W39KgWPdlf1,6,progressive,none,distinct,2 3 6 7 8 10
661WKvmG28IY2Z,6,plain,none,mixed,2 2 3 6 7 16
661W8D_XZ89L2I,6,plain,none,mixed,2 2 5 6 10 11
661WdComO4jX1C,6,plain,none,mixed,1 2 5 7 7 14
661WZr4a4ewQc4,6,progressive,none,distinct,1 3 6 7 9 10
661WfnNAC8k348,6,progressive,none,distinct,3 4 5 6 7 11
661W49JM6IbYI2,6,progressive,none,distinct,1 5 6 7 8 9
661WIeuQ22DPQA,6,plain,none,mixed,2 2 4 4 6 18
661WeeKkT91MmW,6,plain,none,mixed,2 2 3 4 12 13
661WIqoNZ27ik0,6,progressive,none,progressive,1 3 5 7 9 11
661WmzIb55AA8e,6,progressive,none,distinct,1 5 6 7 8 9
661W5nI6aJ4dZ7,6,plain,none,mixed,1 5 7 7 8 8
661W3eX6jn1If0,6,plain,none,mixed,1 2 4 7 11 11
661WIdLQ82nB62,6,progressive,none,distinct,1 5 6 7 8 9
661WCLtZ1C9GSW,6,progressive,none,distinct,1 2 6 8 9 10
661WbAUh420nL6,6,plain,none,mixed,3 3 5 5 5 15
661WAbjQs0QI4e,6,progressive,none,distinct,2 4 5 7 8 10
661WOWYchGZXn0,6,distinct,none,distinct,1 3 4 5 9 14
661Wbc3488oq88,6,plain,none,mixed,1 3 3 4 6 19
661W9gMeX3Pd12,6,plain,none,mixed,1 2 4 9 9 11
661W8nZU26A8n4,6,progressive,none,distinct,1 4 5 6 9 11
661WCbMZ5f8bam,6,progressive,none,distinct,1 3 5 8 9 10
661W4kvuoffGWq,6,progressive,none,distinct,2 3 4 7 8 12
661WGab4q6HwKo,6,progressive,none,distinct,1 4 6 7 8 10
661W9Vxp0ieGOZ,6,progressive,none,distinct,2 3 5 7 9 10
661WKbKg84LZyX,6,progressive,none,distinct,2 3 5 7 9 10
661W36Z6YYKoKY,6,progressive,none,distinct,1 3 5 6 10 11
661WI432m4Eivf,6,plain,none,mixed,2 2 3 5 5 19
661WHIcjn1Q9J4,6,progressive,none,distinct,1 4 6 7 8 10
661WeGXdDW0GYa,6,distinct,none,distinct,1 2 3 5 10 15
661WGZ6c4GefY4,6,distinct,none,distinct,2 3 4 7 8 12
661WGMpX0OIman,6,plain,none,mixed,1 1 7 7 8 12
661WCOiU44Kub4,6,progressive,none,distinct,1 4 5 7 9 10
661WaYKe03fIjQ,6,plain,none,mixed,2 4 6 6 7 11
661W1nDZdao378,6,distinct,none,distinct,2 3 4 5 10 12
661W8rB22KhXIG,6,plain,none,mixed,1 4 5 8 8 10
661WLlIhM980e8,6,distinct,none,distinct,2 3 4 6 9 12
661WGPp144BLq8,6,plain,none,mixed,2 2 6 7 9 10
661W2KvH0dERJ8,6,progressive,none,distinct,1 2 6 8 9 10
661WCI2Z4KOIUS,6,distinct,none,distinct,2 3 4 6 7 14
661WGZgaXIKY7A,6,plain,none,mixed,2 3 5 5 9 12
661WGg6Z0CorLA,6,progressive,none,distinct,1 3 5 6 9 12
661WaWY5337rYa,6,progressive,none,distinct,1 3 6 7 9 10
661WAIjHAICGXO,6,progressive,none,distinct,1 2 6 8 9 10
661W8WCK0xlIb4,6,plain,none,mixed,2 3 3 8 9 11
661Wb9qOd8qgI0,6,progressive,none,distinct,1 4 5 7 9 10
661WWbh699H92H,6,progressive,none,distinct,1 3 5 6 10 11
661W8gev0CdFPO,6,progressive,none,distinct,2 3 5 6 9 11
661WHZ9Me91x61,6,progressive,none,distinct,1 3 4 8 9 11
661WG0h4jfGYra,6,plain,none,mixed,2 2 5 6 7 14
661WpainH6nX0Y,6,progressive,none,distinct,1 2 4 6 11 12
661WZ4paeCvH51,6,distinct,none,distinct,2 4 6 7 8 9
661WCGfYe48SZ9,6,distinct,none,distinct,1 4 5 6 8 12
661WXDhO64igfn,6,progressive,none,distinct,2 4 5 6 9 10
661WX9nZM8r98G,6,progressive,none,distinct,2 3 4 8 9 10
661WKSLE4A6J4G,6,plain,none,mixed,2 3 3 4 12 12
661WOzyI44GadG,6,progressive,none,distinct,1 3 4 7 9 12
661W25gK8KfY42,6,plain,none,mixed,1 4 4 4 10 13
661WI4GYanX2b3,6,distinct,none,distinct,1 2 5 6 8 14
661W8Z0Y8AsfY4,6,distinct,none,distinct,1 2 6 7 9 11
661WGVEQ8G7UfG,6,progressive,none,distinct,1 4 5 7 9 10
661WGoJaj0oR34,6,progressive,none,distinct,1 4 5 6 9 11
661WD9YKmWasX5,6,plain,none,mixed,1 2 7 8 8 10
661W9pZIc91G0c,6,distinct,none,distinct,1 2 3 6 10 14
661WfkoHY0oscH,6,plain,none,mixed,3 4 4 5 7 13
661W38EZ2LQrU0,6,progressive,none,distinct,1 3 6 7 9 10
661WGaGre25Icn,6,plain,none,mixed,2 2 5 6 7 14
661WIKwBA2Ava4,6,plain,none,mixed,3 3 4 6 9 11
661W90X9WYfLgt,6,progressive,none,distinct,1 3 4 8 9 11
661W0CLh8fELHQ,6,progressive,none,distinct,1 2 4 8 10 11
661WpLnH04goYh,6,progressive,none,distinct,2 4 5 7 8 10
661W4mtKeOgs21,6,plain,none,mixed,1 5 5 6 9 10
661WGWSZf89QL6,6,distinct,none,distinct,2 3 4 6 9 12
661WYWapc9BLAY,6,progressive,none,distinct,2 3 4 7 9 11
661W4AwIj8Xv44,6,progressive,none,distinct,1 3 5 8 9 10
661W0GneXEOsDO,6,plain,none,mixed,1 3 3 6 11 12
661W0WgrQX5X2A,6,distinct,none,distinct,1 2 5 6 10 12
661WOocAYAmHIc,6,progressive,none,distinct,2 3 5 7 9 10
661WWHWZc9J5fH,6,distinct,none,distinct,2 3 5 6 9 11
661W8FsY44WsaO,6,plain,none,mixed,1 3 4 8 10 10
661WGnZ7M05a9I,6,plain,none,mixed,1 4 4 5 11 11
661WrggK48Hg42,6,plain,none,mixed,3 4 4 6 7 12
661WWf3en1BN5A,6,plain,none,mixed,2 2 7 7 9 9
661WX4LgK2nZ5I,6,progressive,none,distinct,1 5 6 7 8 9
661Wa2C49LQb29,6,plain,none,mixed,1 2 3 4 13 13
661WZ5J2fKefb0,6,progressive,none,distinct,2 4 5 6 9 10
661WAqel2Ih9W4,6,progressive,none,distinct,1 3 5 6 9 12
661W7Nh51mHCma,6,progressive,none,distinct,1 3 4 7 10 11
661WWcKaA1fIYz,6,progressive,none,distinct,1 2 6 8 9 10
661WKSiX34IZ2m,6,progressive,none,progressive,1 3 5 7 9 11
661WPIII8LOx22,6,plain,none,mixed,3 3 5 6 9 10
661WG8qY94IkcD,6,progressive,none,distinct,1 2 6 8 9 10
661W4JXKeGHSnb,6,progressive,none,distinct,2 3 4 8 9 10
661W12POHWzxpe,6,progressive,none,distinct,2 3 4 7 8 12
661WG9sKh4J52a,6,progressive,none,distinct,1 3 5 8 9 10
661WKbTm14HYg3,6,distinct,none,distinct,1 3 5 6 7 14
661WwKZGW58Zd1,6,progressive,none,distinct,1 2 4 7 10 12
661Wfcio82VvXG,6,progressive,none,distinct,2 3 5 7 9 10
661WKhH80EWXfI,6,distinct,none,distinct,1 2 5 6 7 15
661WGWae1QfHY5,6,distinct,none,distinct,1 2 4 6 11 12
661W0dIe0AgKlM,6,progressive,none,distinct,2 3 4 7 9 11
661WDLga4WWugC,6,distinct,none,distinct,1 3 6 7 9 10
661Wjewa8GZma4,6,progressive,none,distinct,2 3 5 6 9 11
661WIYaLW6qwqy,6,progressive,none,distinct,1 2 6 8 9 10
661WX2PKeWGn69,6,plain,none,mixed,1 1 3 9 9 13
661WfPoY4WWLX2,6,progressive,none,distinct,1 2 6 7 9 11
661WbZB804Mzph,6,progressive,none,distinct,1 4 5 7 9 10
661WALb24OuI4G,6,distinct,none,distinct,1 2 4 7 9 13
661WXIKfD1MZHY,6,plain,none,mixed,2 3 5 7 7 12
661WeJal4aanI4,6,progressive,none,distinct,1 5 6 7 8 9
661WX0fz14jJ5e,6,progressive,none,distinct,1 3 5 8 9 10
661WaYn245xs24,6,progressive,none,distinct,2 3 6 7 8 10
661W1niQAPMXp8,6,distinct,none,distinct,2 3 4 7 8 12
661W08ii82OpkK,6,plain,none,mixed,2 3 3 3 10 15
661Wp6CHa98GmX,6,plain,none,mixed,1 3 3 5 8 16
661W0mgKaZ7cSo,6,progressive,none,distinct,1 4 5 6 9 11
661W5LhIjciK80,6,progressive,none,distinct,2 4 5 7 8 10
661WL54D2Ju8PA,6,plain,none,mixed,3 3 4 4 5 17
661WWHW44oazhM,6,progressive,none,distinct,1 3 6 7 9 10
661WKgjL2OeQH8,6,progressive,none,distinct,1 4 6 7 8 10
661W8SvW26CSoK,6,progressive,none,distinct,2 3 4 5 10 12
661WJAZye5KQwY,6,progressive,none,distinct,3 4 5 7 8 9
661WQesGWQikQa,6,progressive,none,distinct,2 4 5 7 8 10
661W8tH94EYZqG,6,progressive,none,distinct,1 3 5 6 10 11
661WOYfn08oYcZ,6,plain,none,mixed,1 3 3 5 11 13
661W8S8d6IbQAG,6,distinct,none,distinct,1 3 4 6 8 14
661WGfZ902BMaf,6,plain,none,mixed,2 2 6 8 9 9
661WX1mLrCyYJ4,6,plain,none,mixed,3 3 3 4 10 13
661W1nECbgYxd8,6,progressive,none,distinct,2 4 5 7 8 10
661W8jzvr0RKS0,6,progressive,none,distinct,1 3 5 8 9 10
661W38sL8infP4,6,progressive,none,distinct,1 4 5 7 9 10
661W8GoJS8KoJ4,6,distinct,none,distinct,1 5 6 7 8 9
661WHd4u0B9pbK,6,distinct,none,distinct,2 4 5 6 7 12
661WYlFEHH2DMX,6,progressive,none,distinct,1 4 5 7 9 10
661W6bbAY2MkbX,6,progressive,none,distinct,2 4 5 6 9 10
661W8KCc4C8Ek4,6,plain,none,mixed,1 2 5 5 8 15
661W34lAKmnI44,6,progressive,none,progressive,1 3 5 7 9 11
661WKLggA2B9w8,6,progressive,none,distinct,2 3 6 7 8 10
661WOrgPI08bB4,6,plain,none,mixed,3 4 5 5 9 10
661WKJgZ1OYHQu,6,progressive,none,distinct,1 2 6 7 9 11
661W9IKy21EQnb,6,progressive,none,distinct,1 2 5 8 9 11
661WXhZYnDCh9G,6,progressive,none,distinct,3 4 5 7 8 9
661W2AKb9Kf28X,6,plain,none,mixed,1 2 4 9 9 11
661W0f9U4dAib4,6,plain,none,mixed,1 4 7 7 8 9
661W4BsS8IXX22,6,progressive,none,progressive,1 3 5 7 9 11
661WYerK8BTWh4,6,progressive,none,distinct,2 3 5 6 9 11
661WC50k0CLM-j,6,progressive,none,distinct,1 3 5 8 9 10
661W4Cf94IfIqK,6,progressive,none,distinct,2 3 6 7 8 10
661W1l229f2SbJ,6,progressive,none,distinct,1 2 6 7 9 11
661W10uM8afBZA,6,progressive,none,distinct,1 2 4 7 10 12
661W19Hd2DwDaf,6,progressive,none,distinct,1 2 6 7 9 11
661W0ciciXvYso,6,progressive,none,distinct,2 4 6 7 8 9
661WPIbo4b0278,6,distinct,none,distinct,1 2 3 6 11 13
661WhrbA2Ao0G8,6,plain,none,mixed,2 2 3 4 10 15
661W8OpWf8GPvm,6,progressive,none,distinct,1 3 5 8 9 10
661WMqfvYIeL0m,6,progressive,none,distinct,1 4 6 7 8 10
661W1MJq69IRLK,6,progressive,none,distinct,1 4 6 7 8 10
661W8ufq8X3GkI,6,progressive,none,distinct,1 3 4 7 9 12
661WeHoWXa9Hb8,6,progressive,none,distinct,1 3 6 7 9 10
661W9pp8WB97fH,6,distinct,none,distinct,1 3 5 6 9 12
661W5IgfHfAd4a,6,progressive,none,distinct,2 4 6 7 8 9
661WjfAPWIk8L1,6,plain,none,mixed,2 3 5 7 7 12
661WX5hh02eoMn,6,distinct,none,distinct,1 4 6 7 8 10
661WHgXK0B7N26,6,distinct,none,distinct,1 2 4 8 9 12
661WAgs48GgZC8,6,progressive,none,distinct,1 3 5 6 7 14
661W13HAsefp0Y,6,plain,none,mixed,2 2 3 4 6 19
661WAXUZW4JIIw,6,progressive,none,distinct,1 4 5 7 8 11
661W2dgIKhWob0,6,progressive,none,distinct,1 3 5 8 9 10
661Wj3t640fE24,6,progressive,none,distinct,1 2 3 9 10 11
661WA6Ka0ddId6,6,progressive,none,distinct,2 3 4 8 9 10
661WLBYan9bZ10,6,progressive,none,distinct,1 4 5 6 9 11
661WL9sK4Deg22,6,plain,none,mixed,1 5 6 6 7 11
661WH2KC0JKndE,6,plain,none,mixed,2 3 3 6 10 12
661WAbYZ64BH0f,6,plain,none,mixed,2 2 5 6 9 12
661WGnvTW46naf,6,progressive,none,distinct,2 3 4 8 9 10
661WW8Zd8DQcQK,6,progressive,none,distinct,2 4 5 7 8 10
661WObg4o04Nlc,6,progressive,none,distinct,2 3 5 6 9 11
661WamXI4HX526,6,plain,none,mixed,1 3 4 8 8 12
661WaaQAKX9Zh6,6,progressive,none,distinct,1 4 6 7 8 10
661W4GnMg48EZa,6,plain,none,mixed,3 4 4 4 7 14
661W8JqaXGegJc,6,plain,none,mixed,2 2 7 8 8 9
661WWWqY55Pna9,6,progressive,none,distinct,1 3 6 7 9 10
661WG7ASpCpES0,6,progressive,none,distinct,1 2 6 8 9 10
661W0eBAWMhdQw,6,progressive,none,distinct,1 2 6 8 9 10
661WHPMzs9ZC21,6,progressive,none,distinct,2 3 4 8 9 10
661WYXb125PIaO,6,plain,none,mixed,1 3 6 8 8 10
661W1J9o4XJYcA,6,distinct,none,distinct,2 3 4 7 9 11
661W16eGYenY4n,6,plain,none,mixed,2 2 2 4 10 16
661W48RQhAOfK0,6,progressive,none,distinct,2 3 5 6 8 12
661WGRJb9nHaem,6,progressive,none,distinct,2 4 6 7 8 9
661WDOmZ5qfH0W,6,progressive,none,distinct,1 3 5 6 10 11
661WWwKT43gEN8,6,progressive,none,distinct,1 4 6 7 8 10
661WKgIo8OmOY2,6,plain,none,mixed,1 4 7 7 8 9
661WZ5SZ40vIM4,6,progressive,none,distinct,1 3 6 7 8 11
661WbKeXXYbDR0,6,distinct,none,distinct,1 4 5 6 8 12
661WKnr_d2OC4C,6,progressive,none,distinct,3 4 5 7 8 9
661W8MxD4KKYoO,6,progressive,none,distinct,1 4 6 7 8 10
661WAbIeoGgX5m,6,progressive,none,distinct,1 5 6 7 8 9
661WXaZAO2hkC8,6,progressive,none,distinct,1 3 4 7 8 13
661WIjw2G4D9h6,6,plain,none,mixed,2 3 6 8 8 9
661WYbgYaX0p71,6,progressive,none,distinct,1 2 6 7 8 12
661W0XBL2dCXZ8,6,plain,none,mixed,2 2 6 6 7 13
661W0T3_YKbDE9,6,progressive,none,distinct,1 4 5 7 9 10
661WObAbGGcCQ4,6,progressive,none,distinct,1 4 5 7 9 10
661W88QMe8GSZ9,6,plain,none,mixed,1 3 6 6 6 14
661WocOGY9mX4Y,6,plain,none,mixed,1 3 4 4 9 15
661WacDhw1meQ3,6,progressive,none,distinct,1 2 5 7 9 12
661WLfLG2cyuI2,6,plain,none,mixed,2 3 4 4 7 16
661W0WhEhd1Xp8,6,progressive,none,distinct,1 3 4 6 10 12
661W5Gn1WLAIhs,6,progressive,none,distinct,1 2 4 8 10 11
661WfMIZ48GMS8,6,progressive,none,distinct,2 3 4 8 9 10
661WanAI29JISI,6,progressive,none,distinct,1 2 5 8 9 11
661WHYJ6G9LgZ6,6,progressive,none,distinct,2 4 5 7 8 10
661W4f3MEX1ZI2,6,progressive,none,distinct,1 3 6 7 9 10
661W3O8JHXdAja,6,plain,none,mixed,2 4 4 5 6 15
661W2Xr1Y4J5lD,6,progressive,none,distinct,2 3 4 6 10 11
661WBcOj0D7Qo4,6,progressive,none,distinct,2 3 5 6 9 11
661W4AraeGOp11,6,progressive,none,distinct,1 2 6 8 9 10
661WW4LbK5Mqyn,6,plain,none,mixed,3 4 5 5 7 12
661W8WfJdGZ138,6,plain,none,mixed,2 4 4 5 9 12
661WGX9A469p68,6,progressive,none,distinct,1 3 5 8 9 10
661WHpXLfWIHYX,6,progressive,none,distinct,1 3 4 5 11 12
661WjNAKe8H083,6,plain,none,mixed,1 3 5 5 6 16
661WGkAI4fnIfG,6,plain,none,mixed,2 3 6 8 8 9
661WAJPR0CbhHO,6,progressive,none,distinct,1 2 6 7 9 11
661W1bMfKPCfKG,6,distinct,none,distinct,2 3 4 5 10 12
661WHY2b3YLIcD,6,plain,none,mixed,1 5 6 6 8 10
661WHTB10qBYer,6,progressive,none,distinct,1 2 5 8 9 11
661WGGeNiCQnYe,6,progressive,none,distinct,2 4 6 7 8 9
661W1I1eerMgsk,6,progressive,none,distinct,1 3 5 8 9 10
661W8KPbKAG-u4,6,distinct,none,distinct,1 2 5 7 10 11
661WG88Y5fIbc9,6,progressive,none,distinct,1 2 6 8 9 10
661W8XY5LGdPYa,6,distinct,none,distinct,2 4 5 7 8 10
661W4Y2KoGsSna,6,plain,none,mixed,3 3 4 6 6 14
661W8OYbY8GVn1,6,plain,none,mixed,1 2 3 8 11 11
661WXf3f16gaci,6,progressive,none,distinct,1 5 6 7 8 9
661W1VAI2eXKSI,6,progressive,none,distinct,1 2 3 8 10 12
661WOfIrA48432,6,plain,none,mixed,1 4 4 8 8 11
661W2Ird34fECe,6,progressive,none,distinct,1 4 5 7 9 10
661WQlTX24eq2X,6,distinct,none,distinct,2 3 4 6 7 14
661W8I4r2GvfJ4,6,plain,none,mixed,1 5 5 6 8 11
661W2GI22bAppM,6,progressive,none,distinct,1 4 5 7 9 10
661W3IciNW8yga,6,progressive,none,distinct,1 3 5 8 9 10
661W4KIa0Onzyn,6,plain,none,mixed,2 2 6 7 9 10
661W4hKZbXenKA,6,progressive,none,distinct,2 4 5 7 8 10
661W2gKa06dMjA,6,progressive,none,distinct,2 3 4 8 9 10
661WGYqGX8fJZ4,6,distinct,none,distinct,1 3 5 6 10 11
661WYOb2W5IcvY,6,distinct,none,distinct,1 2 4 8 9 12
661WKcbI24X0vE,6,progressive,none,distinct,1 3 5 6 10 11
661W49Ia1fJlHY,6,progressive,none,distinct,2 4 6 7 8 9
661WaPf24eH4Kb,6,progressive,none,distinct,1 3 5 8 9 10
661W1QaGG5MlQp,6,progressive,none,distinct,1 4 5 6 9 11
661Waaji0B5Hg4,6,progressive,none,distinct,1 2 4 8 9 12
661WDdUy9Y2Gi3,6,plain,none,mixed,1 4 5 8 9 9
661W5AzWaWfITq,6,plain,none,mixed,2 3 4 7 7 13
661W4nIaiX1Kti,6,progressive,none,distinct,2 4 5 6 9 10
661W4lOXOnM4AX,6,distinct,none,distinct,1 2 3 4 8 18
661W9Ybja97HH3,6,progressive,none,distinct,1 4 5 6 8 12
661W9gXr8j9Eo2,6,progressive,none,distinct,2 4 5 7 8 10
661WKgon4GHHp2,6,plain,none,mixed,1 5 5 7 8 10
661WGKew44EPYI,6,distinct,none,distinct,2 3 4 7 8 12
661WH1ROm1ivKZ,6,plain,none,mixed,1 1 5 7 9 13
661W1GF8mPQJd9,6,progressive,none,distinct,1 3 5 8 9 10
661W8aJ4DvoHKm,6,plain,none,mixed,2 2 3 6 11 12
661WPdpd19GESW,6,progressive,none,distinct,2 3 4 7 9 11
661WEGb24C8GOX,6,plain,none,mixed,1 1 3 6 11 14
661W1PrVTWuaBm,6,progressive,none,distinct,2 4 6 7 8 9
661WGWf246DP2C,6,plain,none,mixed,1 3 3 9 10 10
661W1EJ6agbZOg,6,progressive,none,distinct,2 4 5 7 8 10
661WGJCuOGFpb2,6,plain,none,mixed,1 4 4 9 9 9
661WCOoYKAGmX2,6,progressive,none,distinct,1 5 6 7 8 9
661WeqlJG7HKP2,6,progressive,none,distinct,1 3 6 7 8 11
661WI5WY5fH3c5,6,distinct,none,distinct,1 2 5 7 10 11
661Wq9dfHHnI2a,6,plain,none,mixed,1 2 5 5 7 16
661WAr9P2d0Yb4,6,distinct,none,distinct,1 3 4 5 9 14
661WbOH6YYbLGY,6,plain,none,mixed,1 3 5 5 11 11
661W2bkPA8F7F0,6,progressive,none,distinct,2 3 4 8 9 10
661WLgajmX5JWY,6,progressive,none,distinct,2 4 5 7 8 10
661WGWYz545h4k,6,progressive,none,distinct,1 4 6 7 8 10
661W3npY8LA8bQ,6,progressive,none,distinct,1 4 5 7 8 11
661WHGnZbH20LA,6,plain,none,mixed,2 3 3 4 10 14
661W88m96KjVa8,6,plain,none,mixed,1 4 4 5 7 15
661WIvYX24AXDA,6,progressive,none,distinct,2 3 4 8 9 10
661WWqfy839Kh4,6,progressive,none,distinct,1 3 5 8 9 10
661W8ZDAq8YX2B,6,progressive,none,distinct,1 3 6 7 9 10
661W6b2YKIYr1A,6,progressive,none,distinct,1 2 6 8 9 10
661W47PqmOami5,6,distinct,none,distinct,1 2 4 7 10 12
661W3gCRa3fIie,6,progressive,none,progressive,1 3 5 7 9 11
661WGGmY48IdfI,6,progressive,none,distinct,1 4 6 7 8 10
661W8728bGTUjO,6,progressive,none,distinct,1 3 6 7 9 10
661WGP2Q42BMfK,6,progressive,none,distinct,1 4 5 7 9 10
661WHQgb63MaM8,6,progressive,none,distinct,1 4 6 7 8 10
661WQXd244GsC8,6,plain,none,mixed,1 2 7 7 7 12
661WHXK4WcrIdD,6,progressive,none,distinct,2 3 4 8 9 10
661W0IXFoGviPH,6,progressive,none,distinct,2 3 4 7 9 11
661W324e8YSnYK,6,distinct,none,distinct,1 2 3 4 11 15
661W14nZmajQ5n,6,progressive,none,distinct,1 4 6 7 8 10
661WJ6bZ6P8I64,6,progressive,none,distinct,1 3 6 7 8 11
661WW2f1amGYr7,6,plain,none,mixed,1 1 4 5 11 14
661WWfiwq3J5c1,6,progressive,none,distinct,1 4 6 7 8 10
661W4J6P1IfKXa,6,progressive,none,distinct,2 3 4 7 8 12
661WX68R1ZQrRe,6,progressive,none,distinct,1 5 6 7 8 9
661W4SgHa8Gsua,6,progressive,none,distinct,1 4 5 7 9 10
661WJUcl616ja0,6,progressive,none,distinct,2 3 4 6 9 12
661W6bYqo4Esce,6,progressive,none,distinct,2 3 5 7 9 10
661WWiHh9qcD4m,6,plain,none,mixed,1 3 5 8 8 11
661WZQ1c41IxDA,6,progressive,none,progressive,1 3 5 7 9 11
661W5IAKmPM649,6,plain,none,mixed,1 3 5 5 5 17
661W0oX3aGoYah,6,progressive,none,distinct,1 3 4 7 10 11
661W8GHXIMfJ12,6,progressive,none,distinct,1 4 6 7 8 10
661WWrpM9123Mo,6,plain,none,mixed,1 4 6 7 7 11
661WcjIZ49GGIC,6,distinct,none,distinct,2 4 5 7 8 10
661WfB9KgCeq4a,6,plain,none,mixed,3 4 4 4 6 15
661WjOR50I4ZYf,6,plain,none,mixed,2 2 5 6 9 12
661Wirg7m349gc,6,progressive,none,distinct,1 4 5 7 9 10
661WXDkR0IqwPG,6,progressive,none,distinct,2 3 4 7 9 11
661W8YrpIIBIH4,6,progressive,none,distinct,1 3 5 8 9 10
661WncgG46zPZG,6,plain,none,mixed,2 3 5 5 9 12
661WmX3K811JdC,6,progressive,none,distinct,1 2 5 8 9 11
661W94h20afsSb,6,progressive,none,distinct,1 5 6 7 8 9
661WbGp4a2bspa,6,progressive,none,distinct,1 5 6 7 8 9
661W9gI5CeoXPI,6,distinct,none,distinct,2 4 5 6 8 11
661W8PoanKib10,6,progressive,none,distinct,2 3 4 7 9 11
661W8fro48AofK,6,plain,none,mixed,2 5 6 7 7 9
661W2IhcCGGbg8,6,progressive,none,distinct,1 3 6 7 9 10
661W2rTh4XMgM0,6,progressive,none,distinct,1 4 5 7 9 10
661W3j2JHYYKLi,6,progressive,none,distinct,1 2 4 7 10 12
661W4uH1IQoYZ6,6,progressive,none,distinct,1 4 6 7 8 10
661W28ZAvOzAf0,6,progressive,none,distinct,1 4 5 6 9 11
661WH2DY89vwc4,6,progressive,none,distinct,2 4 5 6 9 10
661WH0sgB9boqe,6,progressive,none,distinct,1 3 4 8 9 11
661W1H1IuYXifL,6,progressive,none,distinct,1 2 6 8 9 10
661W0OKKkfAAAo,6,plain,none,mixed,1 3 5 5 7 15
661W4KnCK44UE4,6,plain,none,mixed,2 2 2 5 11 14
661WnIB5g0Ioac,6,progressive,none,distinct,1 3 4 8 9 11
661W24VNh4Gfa0,6,plain,none,mixed,2 3 5 5 6 15
661WXEIra0GfPD,6,plain,none,mixed,2 4 4 4 10 12
661W8H391Ieobg,6,distinct,none,distinct,1 3 5 6 8 13
661Wpc8o88mfY2,6,progressive,none,distinct,2 3 4 8 9 10
661WLHaGWaob25,6,plain,none,mixed,2 2 4 5 8 15
661WbLTI8KHkZG,6,progressive,none,distinct,2 4 5 7 8 10
661W6GTgef6BTa,6,progressive,none,distinct,1 3 4 8 9 11
661W2GsNA4GrTC,6,plain,none,mixed,3 5 5 5 6 12
661W9pDJd9Aoa0,6,progressive,none,distinct,2 4 5 7 8 10
661WGobOG4X5hI,6,plain,none,mixed,2 2 5 6 7 14
661W09pseGXAgH,6,distinct,none,distinct,2 3 6 7 8 10
661WFYIaG5VZ92,6,progressive,none,distinct,1 3 4 7 10 11
661WHZ8s2ZKnn8,6,plain,none,mixed,2 2 5 7 8 12
661WGivb26FKWK,6,plain,none,mixed,2 2 4 6 10 12
661WAqiiOnmmZI,6,progressive,none,distinct,1 2 4 8 10 11
661WAKszS4GWM2,6,plain,none,mixed,2 3 5 6 10 10
661W8HQOm0DAMf,6,progressive,none,distinct,1 3 5 6 9 12
661WKmn32GX5LA,6,plain,none,mixed,3 4 4 6 6 13
661WbhHX29GWa8,6,plain,none,mixed,2 3 4 8 8 11
661W35of8ajX4X,6,progressive,none,distinct,1 3 5 8 9 10
661W928q0qvlTp,6,progressive,none,distinct,1 3 5 8 9 10
661WCxmafKQX10,6,distinct,none,distinct,2 3 4 6 10 11
661W0Wfw4Z9J5A,6,distinct,none,distinct,2 3 5 7 9 10
661WHWQSiWjZKa,6,progressive,none,distinct,1 3 5 8 9 10
661W0nf258J6Sq,6,plain,none,mixed,1 2 4 9 10 10
661Wh9WYG0alyf,6,distinct,none,distinct,2 3 5 6 8 12
661W0CCPvGrhRG,6,progressive,none,distinct,1 4 5 7 9 10
661W4ASc1GOfwu,6,progressive,none,distinct,2 3 4 7 9 11
661WQASbAGh2C4,6,progressive,none,distinct,1 4 6 7 8 10
661W4fI8u0EjIc,6,distinct,none,distinct,1 4 5 6 8 12
661WGXsXG6Kwo4,6,progressive,none,progressive,1 3 5 7 9 11
661WAcC4MGk4O4,6,plain,none,mixed,1 2 3 5 5 20
661WngnI8918hI,6,progressive,none,progressive,1 3 5 7 9 11
661WJL2OaoFf29,6,distinct,none,distinct,1 2 3 9 10 11
661WB4d2aDpIKY,6,progressive,none,distinct,1 4 6 7 8 10
661WaOIKsX6h2W,6,distinct,none,distinct,1 2 4 7 10 12
661WW9ANagLAeu,6,progressive,none,distinct,1 3 4 7 10 11
661WAGoc448uaO,6,plain,none,mixed,1 1 5 8 10 11
661WKeIgG8TQ9I,6,plain,none,mixed,2 2 4 4 6 18
661WNdLZ9aIi4W,6,progressive,none,distinct,2 3 4 7 9 11
661WIKnAA46DCX,6,plain,none,mixed,2 3 3 3 12 13
661WpdrA1GL9KW,6,progressive,none,distinct,2 3 5 7 8 11
661WOrgx228mJG,6,progressive,none,distinct,1 3 6 7 9 10
661WN6L285GfE4,6,progressive,none,distinct,1 4 5 7 9 10
661WOTec9KgZwW,6,progressive,none,distinct,1 3 4 6 10 12
661W0udDOGoSrA,6,progressive,none,distinct,2 3 6 7 8 10
661WJoKS2X5Ux2,6,progressive,none,distinct,2 4 6 7 8 9
661WO8ES42Qj62,6,plain,none,mixed,1 1 4 7 10 13
661WbaQvrH9ZO8,6,progressive,none,distinct,2 3 4 7 9 11
661WZEasq1l5c3,6,progressive,none,distinct,1 5 6 7 8 9
661WaI9IZendM0,6,progressive,none,distinct,1 4 5 7 9 10
661W8AKfAAb624,6,plain,none,mixed,2 2 6 7 8 11
661W9H2IWDxGna,6,plain,none,mixed,2 2 2 6 11 13
661W6KoJMAGqd0,6,plain,none,mixed,1 2 7 7 9 10
661WX9Ql64bIEG,6,progressive,none,distinct,1 5 6 7 8 9
661W04qfqZIcSg,6,progressive,none,distinct,1 4 5 7 9 10
661WL4xd2Pn8U0,6,progressive,none,distinct,1 3 5 8 9 10
661WGPKeE8VKn2,6,progressive,none,distinct,1 4 6 7 8 10
661W0lAc48oCdI,6,progressive,none,distinct,1 4 6 7 8 10
661W4NgJ28mqHK,6,plain,none,mixed,1 2 5 9 9 10
661WXSHr8WXL9j,6,progressive,none,distinct,1 3 4 7 8 13
661WY6nYcmGYaY,6,progressive,none,distinct,1 2 3 9 10 11
661Wa4ApYeGnQW,6,distinct,none,distinct,1 2 3 8 9 13
661WKGXXK8Mfen,6,plain,none,mixed,1 2 2 8 11 12
661WOHW5CjP1J6,6,progressive,none,distinct,2 4 5 6 9 10
661W07fQfKL9Im,6,plain,none,mixed,3 3 4 5 7 14
661W2a2SKSplE2,6,progressive,none,distinct,2 3 5 7 9 10
661WBNtOGWeI2A,6,plain,none,mixed,2 2 5 7 7 13
661WZJ5an8Dr92,6,progressive,none,distinct,2 3 4 8 9 10
661Wcakc1PfewW,6,progressive,none,distinct,1 3 4 8 9 11
661W2gXo28Z5-A,6,plain,none,mixed,1 3 6 6 8 12
661W3imXQWd588,6,distinct,none,distinct,1 2 3 6 9 15
661W1cEGeZThMm,6,progressive,none,distinct,1 2 5 8 9 11
661WX4NAq8fZKo,6,progressive,none,distinct,3 4 5 7 8 9
661WYBnMjqP2A0,6,plain,none,mixed,1 4 7 7 8 9
661WanA6835MKb,6,progressive,none,distinct,2 4 5 6 9 10
661WIMnZaGIWKg,6,progressive,none,distinct,2 4 5 7 8 10
661W0WKhof5Aag,6,plain,none,mixed,3 3 4 5 10 11
661W19R4uWb3jL,6,progressive,none,distinct,1 3 5 8 9 10
661WIURr2AdaZ0,6,progressive,none,distinct,1 5 6 7 8 9
661W4N2a0hdb1Q,6,plain,none,mixed,1 4 4 5 10 12
661WAEHECAfN08,6,plain,none,mixed,2 2 3 7 8 14
661W1v16BH2oSu,6,distinct,none,distinct,1 2 3 8 10 12
661Wb9NrG8ien4,6,progressive,none,distinct,3 4 5 7 8 9
661Wa9Z_aa53Ga,6,progressive,none,distinct,1 2 5 7 9 12
661W2QQKvInbC0,6,progressive,none,distinct,1 4 6 7 8 10
661WncKXi0eOqo,6,distinct,none,distinct,1 2 4 6 10 13
661WAHIa8GXX5Q,6,progressive,none,distinct,1 4 6 7 8 10
661W8pFK84gJ62,6,progressive,none,distinct,2 4 5 7 8 10
661WQnba14GvHo,6,progressive,none,distinct,1 3 6 7 9 10
661WgjXvm18t6X,6,progressive,none,distinct,2 3 5 7 9 10
661W8JJ488WJdE,6,distinct,none,distinct,2 3 6 7 8 10
661WPPpqH1aKX5,6,progressive,none,distinct,1 3 5 8 9 10
661WIeng8d18f2,6,plain,none,mixed,1 2 7 7 7 12
661WL23cK1Kn9I,6,distinct,none,distinct,1 2 3 7 9 14
661WIOcZ48QpO0,6,distinct,none,distinct,1 3 4 7 8 13
661W9Agn2aOc6Z,6,progressive,none,distinct,2 3 4 7 8 12
661W9Ld21amoKm,6,progressive,none,distinct,1 4 5 6 9 11
661WGWH0nAHZdC,6,plain,none,mixed,1 2 5 8 8 12
661W8hTb0IUWkn,6,progressive,none,distinct,1 4 6 7 8 10
661W5I4fgaKd59,6,plain,none,mixed,3 3 3 5 8 14
661WInYQOCGyf4,6,plain,none,mixed,2 5 5 6 8 10
661WnPKUeIRCZ1,6,progressive,none,distinct,2 3 6 7 8 10
661WZ59XZOmWY2,6,plain,none,mixed,2 2 2 7 11 12
661WOrfH2SuGXG,6,progressive,none,distinct,2 4 6 7 8 9
661Wa8a4baOg4A,6,distinct,none,distinct,1 2 4 5 11 13
661WPFWd0JLNKn,6,progressive,none,distinct,3 4 5 7 8 9
661W8GqYoCKgXY,6,progressive,none,distinct,1 3 5 8 9 10
661W04J9HGfpbo,6,progressive,none,distinct,1 3 6 7 8 11
661W8Pgp249NH8,6,progressive,none,distinct,1 4 6 7 8 10
661WGAIK0QMbAI,6,plain,none,mixed,1 4 4 5 9 13
661W49fa88HQNd,6,progressive,none,distinct,2 4 5 7 8 10
661W3KkLAu8bB0,6,progressive,none,distinct,1 4 5 7 8 11
661W4RAfA8j6AO,6,progressive,none,distinct,1 2 6 7 8 12
661WIWh9Q09foO,6,distinct,none,distinct,1 2 5 8 9 11
661WeOxo8eGP9O,6,progressive,none,distinct,1 4 5 7 9 10
661WOXI4GGcfKf,6,distinct,none,distinct,1 4 5 7 9 10
661WBp628L1v2K,6,progressive,none,distinct,1 2 5 8 9 11
661WfBEa54WSc9,6,progressive,none,distinct,1 4 5 7 9 10
661WYfB5A58Wib,6,plain,none,mixed,2 4 4 5 7 14
661WGH13HOteHY,6,distinct,none,distinct,2 3 4 5 7 15
661WagL2C5eP8G,6,plain,none,mixed,1 2 5 5 10 13
661W48Iai8Gf59,6,progressive,none,distinct,1 4 5 6 8 12
661W8Kk9I8OX3I,6,progressive,none,distinct,1 3 4 7 9 12
661W4J5B6IXaX2,6,progressive,none,distinct,2 3 4 7 8 12
661WYzQmY59b1e,6,progressive,none,distinct,2 3 5 7 8 11
661W4GtYb4OM12,6,plain,none,mixed,1 2 6 6 9 12
661W3BEXGYDQ-4,6,progressive,none,distinct,1 4 5 7 9 10
661WYg72CpDZA4,6,progressive,none,distinct,1 2 6 7 9 11
661WAaaY48Rp76,6,plain,none,mixed,2 5 5 7 8 9
661WIqhfKXBWo0,6,progressive,none,distinct,1 2 6 8 9 10
661W4CyK0COgQZ,6,progressive,none,distinct,1 2 5 8 9 11
661W76hfIBAcc0,6,progressive,none,distinct,1 3 6 7 9 10
661W2ao44X1hIj,6,progressive,none,distinct,1 2 3 8 10 12
661WGIKc9GhAX3,6,plain,none,mixed,1 5 6 6 7 11
661WQfoMq04cZH,6,progressive,none,distinct,1 4 5 7 8 11
661W0n3e2bERrA,6,progressive,none,distinct,1 5 6 7 8 9
661WGZ6b24mfI4,6,plain,none,mixed,1 4 6 6 7 12
661WrMoLA0IYF8,6,progressive,none,distinct,3 4 5 7 8 9
661WIJ8nZbvre8,6,progressive,none,distinct,1 2 4 8 10 11
661W4oX2XQcCX2,6,distinct,none,distinct,1 2 6 7 9 11
661WfHYPU0f934,6,plain,none,mixed,1 4 5 8 9 9
661W11IzdabA68,6,progressive,none,distinct,3 4 5 6 7 11
661WJ5jb2Dv8o0,6,plain,none,mixed,1 5 5 6 9 10
661WWf3149IL-S,6,plain,none,mixed,2 5 5 7 8 9
661WYCX2GBIcKf,6,distinct,none,distinct,1 2 5 8 9 11
661WWXcbA98Y6j,6,distinct,none,distinct,2 4 5 6 9 10
661W1hzsC52s9O,6,progressive,none,distinct,2 3 4 8 9 10
661W8men88JhL4,6,plain,none,mixed,1 3 7 7 8 10
661WaKfeq5AIVY,6,progressive,none,distinct,2 4 5 6 9 10
661WZ5oN03csRC,6,progressive,none,distinct,2 4 5 7 8 10
661WGGWXZ8IbBK,6,plain,none,mixed,2 4 4 6 8 12
661WHJGg2bNAq8,6,progressive,none,distinct,2 3 5 7 9 10
661W8ZSwgK6fae,6,distinct,none,distinct,2 3 5 6 9 11
661WmCvJ8PnfPG,6,progressive,none,distinct,1 3 5 8 9 10
661W0LoJXfJHtG,6,progressive,none,distinct,1 4 5 6 9 11
661WKcF922wae4,6,distinct,none,distinct,1 2 4 7 8 14
661WppdWu28TPY,6,progressive,none,distinct,1 4 5 6 9 11
661WWbIcXDOfbG,6,progressive,none,distinct,2 3 5 7 9 10
661W6BGWG8qfHp,6,plain,none,mixed,1 1 5 7 11 11
661WHm-c8aoga4,6,progressive,none,distinct,3 4 5 6 8 10
661WCvoX04AX4f,6,progressive,none,distinct,2 3 4 6 9 12
661WPMKi8X4IXQ,6,progressive,none,distinct,1 2 6 8 9 10
661WaQos0JteY2,6,progressive,none,distinct,2 4 5 7 8 10
661W15if6eahKK,6,progressive,none,distinct,1 2 5 8 9 11
661W88SPA8KjL4,6,progressive,none,distinct,2 4 5 6 8 11
661W10AoserQce,6,progressive,none,distinct,2 4 5 6 8 11
661WnJ9q0EFp52,6,progressive,none,distinct,2 3 4 7 9 11
661WaAWY5eX3X3,6,plain,none,mixed,1 1 5 8 9 12
661WnYKj6W5QY4,6,progressive,none,distinct,1 3 6 7 9 10
661WLAfIGPKgb0,6,plain,none,mixed,1 3 4 7 7 14
661W19Z5jJ76uI,6,plain,none,mixed,2 2 5 7 9 11
661W9qpKbPJ8dG,6,progressive,none,distinct,1 4 6 7 8 10
661WY9mfYqagOY,6,progressive,none,distinct,1 3 5 8 9 10
661W9JC69WfnIf,6,progressive,none,distinct,1 4 5 7 9 10
661W9LpKeWWI6J,6,distinct,none,distinct,1 4 5 7 9 10
661W8DWZHGaleu,6,progressive,none,distinct,1 3 5 8 9 10
661WK8ZAmb8YnX,6,plain,none,mixed,2 2 2 8 11 11
661WAdFNeK2PYW,6,progressive,none,distinct,1 2 3 9 10 11
661WYbCZ0LuGIf,6,plain,none,mixed,2 3 3 5 9 14
661WWHiGW5JbAP,6,plain,none,mixed,1 3 5 5 7 15
661W8HtiW2HArg,6,progressive,none,distinct,2 4 5 6 9 10
661W92hK1BMIb9,6,plain,none,mixed,1 4 4 5 11 11
661WmGgeo1AZ7e,6,distinct,none,distinct,1 2 6 7 9 11
661W24TR2ObBq2,6,progressive,none,distinct,1 4 6 7 8 10
661W3PoOmbgaA1,6,plain,none,mixed,2 3 5 5 7 14
661WmJLC2adwI4,6,progressive,none,distinct,1 4 5 6 9 11
661WGXbBI8L8H2,6,plain,none,mixed,3 3 4 5 6 15
661WHeH4bahFZ4,6,plain,none,mixed,2 3 5 5 8 13
661WAb8gKARIc0,6,progressive,none,distinct,1 4 5 7 8 11
661W54660LIzQj,6,progressive,none,progressive,1 3 5 7 9 11
661W8TOai8HKos,6,progressive,none,distinct,2 4 5 6 8 11
661WLAGfLP8GmW,6,distinct,none,distinct,1 2 3 5 11 14
661W10f6Aaf1pE,6,distinct,none,distinct,1 3 4 5 10 13
661W5bMZXPAKTG,6,progressive,none,distinct,2 4 5 7 8 10
661WrgKg005Apd,6,progressive,none,distinct,2 3 4 6 10 11
661W25aX5Mrg6a,6,plain,none,mixed,1 3 3 5 10 14
661W4ficb6Ms72,6,progressive,none,distinct,2 3 4 7 9 11
661WO9D12Kobc8,6,progressive,none,distinct,1 3 5 8 9 10
661W4h1268YarA,6,progressive,none,distinct,1 4 5 7 9 10
661WWZM239enK9,6,distinct,none,distinct,1 2 4 8 10 11
661WbH5g88i-cC,6,progressive,none,distinct,2 4 5 6 9 10
661WOpbQWG4gbD,6,progressive,none,distinct,2 3 5 6 9 11
661W4ZmeeSUsX1,6,progressive,none,distinct,1 3 5 7 8 12
661WOgbf58iVGW,6,plain,none,mixed,2 4 5 5 7 13
661W8GfR2b6A5f,6,progressive,none,distinct,2 3 4 6 10 11
661WCRJHG4z9nb,6,progressive,none,distinct,1 3 5 8 9 10
661WX2WGY8GZ6j,6,plain,none,mixed,2 2 3 3 12 14
661WGfX9AKbYeG,6,progressive,none,distinct,1 3 4 6 10 12
661WPGc25T0n25,6,plain,none,mixed,1 1 3 9 9 13
661WG6Z40KQ-Sf,6,progressive,none,distinct,1 3 5 8 9 10
661W2MpIwKSaU1,6,progressive,none,distinct,1 3 6 7 9 10
661WQFVP2GcPu2,6,distinct,none,distinct,1 4 5 7 8 11
661W2jQLmd8fP1,6,progressive,none,distinct,1 5 6 7 8 9
661WKpbbjG8ao6,6,progressive,none,distinct,2 4 5 6 9 10
661WGHvIaGYcAP,6,plain,none,mixed,3 4 4 6 8 11
661WA8GX4COrnI,6,progressive,none,distinct,1 4 5 7 8 11
661W89AxKKWKN2,6,progressive,none,distinct,1 2 5 7 8 13
661WG0bPIpnWX4,6,plain,none,mixed,1 2 5 5 8 15
661WmO1CfiMofG,6,distinct,none,distinct,1 3 4 5 6 17
661WIqGZ9GYAaX,6,plain,none,mixed,1 4 4 5 8 14
661WWavrW35QLH,6,plain,none,mixed,2 4 4 7 8 11
661W48le1KrQoi,6,progressive,none,distinct,1 5 6 7 8 9
661WfNI360HnaO,6,progressive,none,distinct,1 2 5 7 10 11
661W8JlLnGT0We,6,distinct,none,distinct,1 4 5 7 8 11
661W8HirjSWpq0,6,progressive,none,distinct,1 3 6 7 9 10
661Wnnd02QEPI4,6,distinct,none,distinct,2 3 4 5 10 12
661WiwjKf1eH64,6,progressive,none,distinct,3 4 5 7 8 9
661WaepNO9L8J2,6,distinct,none,distinct,1 5 6 7 8 9
661W84jZ16Kk-W,6,plain,none,mixed,1 3 5 5 10 12
661WZ98wC4aXl8,6,plain,none,mixed,1 3 3 8 10 11
661WLgANGWLIr2,6,progressive,none,distinct,1 4 6 7 8 10
661W4pfMsv4s4W,6,progressive,none,distinct,1 3 6 7 9 10
661WX71z64rw6I,6,progressive,none,distinct,1 4 5 7 9 10
661Wfcw0WCwoZH,6,plain,none,mixed,2 3 3 8 9 11
661W3RqZ69RHO0,6,progressive,none,progressive,1 3 5 7 9 11
661WBjcfAnKNa0,6,progressive,none,distinct,1 3 6 7 8 11
661W5qmoWp5Dk1,6,progressive,none,progressive,1 3 5 7 9 11
661WGY5vIXumY2,6,plain,none,mixed,2 2 5 6 6 15
661WfIa244OsCO,6,plain,none,mixed,3 3 4 6 6 14
661WGIOnbOIdSG,6,progressive,none,distinct,1 4 5 7 8 11
661WKyfImGc8SY,6,progressive,none,distinct,1 4 5 6 9 11
661WARIj62vC0G,6,plain,none,mixed,1 1 4 8 10 12
661WFNM48a1b64,6,progressive,none,distinct,1 3 4 5 11 12
661W2URgK8fasX,6,progressive,none,distinct,1 3 5 8 9 10
661W48UP8ACfL8,6,plain,none,mixed,2 2 4 7 8 13
661W8mLdCfPYGX,6,plain,none,mixed,3 4 4 5 8 12
661WOwqn24ma3X,6,progressive,none,distinct,1 2 4 6 10 13
661WGjAk229QRI,6,progressive,none,distinct,1 4 5 6 9 11
661Wa8dIAe8hI2,6,plain,none,mixed,1 2 7 7 8 11
661WJ5ocL1aoLY,6,distinct,none,distinct,2 3 6 7 8 10
661WCOpw4AOWW6,6,distinct,none,distinct,1 3 4 6 9 13
661WirhbW34OR3,6,progressive,none,distinct,1 5 6 7 8 9
661W8pDKfGhYb0,6,plain,none,mixed,1 5 5 6 9 10
661WKgPs0KueXA,6,progressive,none,distinct,2 4 5 6 8 11
661W93T7X3VgYg,6,progressive,none,distinct,2 3 6 7 8 10
661WdqOXm0cEIc,6,plain,none,mixed,3 3 4 4 6 16
661W2TD0Xrwph0,6,progressive,none,distinct,2 3 6 7 8 10
661W8GGj6MfA24,6,plain,none,mixed,1 4 6 6 8 11
661W8Kis8889ZI,6,plain,none,mixed,1 3 5 7 7 13
661W9goaGnN512,6,plain,none,mixed,1 3 3 6 9 14
661W2Ymz0hwkR4,6,progressive,none,distinct,1 3 5 8 9 10
661W5L9AKLYZE8,6,progressive,none,distinct,2 3 5 7 9 10
661WW7ee8B_Lg4,6,progressive,none,distinct,1 2 6 7 9 11
661W2bPr6X1x12,6,plain,none,mixed,2 4 4 4 10 12
661WX1Ig12fIob,6,plain,none,mixed,1 4 5 7 7 12
661WnBr8f8N5b8,6,plain,none,mixed,3 4 6 6 7 10
661W6vrH28QHXK,6,progressive,none,distinct,1 4 5 7 9 10
661W07VZ5O934q,6,distinct,none,distinct,1 2 4 6 10 13
661WGxySy0Wrpe,6,progressive,none,distinct,2 4 6 7 8 9
661WPIX5AP0I5A,6,progressive,none,distinct,1 3 4 6 10 12
661W3NR48mHNA0,6,plain,none,mixed,1 3 3 7 8 14
661W0RUp2GfKL8,6,plain,none,mixed,2 2 6 6 9 11
661WfQrcG0CE5A,6,progressive,none,distinct,1 4 5 7 9 10
661WXTQrhLB480,6,progressive,none,distinct,2 4 5 6 9 10
661WHHj96etAa4,6,distinct,none,distinct,3 4 5 7 8 9
661WCggIb2tP62,6,progressive,none,distinct,2 3 5 6 9 11
661WGoao2CoXo2,6,progressive,none,distinct,1 3 5 6 10 11
661W8Gnae24J59,6,progressive,none,distinct,1 2 5 6 8 14
661WOnN1089Jaf,6,plain,none,mixed,2 3 6 7 7 11
661WZ5wX44fYI4,6,progressive,none,distinct,1 3 6 7 9 10
661W4ChHKEOIu2,6,distinct,none,distinct,1 2 5 6 10 12
661WC6Kf68bEC8,6,progressive,none,distinct,1 3 5 8 9 10
661WmfL39aGfem,6,progressive,none,distinct,1 4 6 7 8 10
661WAH4wK0PIcQ,6,progressive,none,distinct,1 4 5 7 8 11
661W28ogKCGog4,6,distinct,none,distinct,2 3 5 6 8 12
661WZ4XfH0fJ6q,6,plain,none,mixed,1 4 5 8 8 10
661WHZH2YWHZKg,6,progressive,none,distinct,2 3 4 7 8 12
661Wn_gvY2P5C1,6,progressive,none,distinct,1 3 6 7 9 10
661W2GSs8fAAbI,6,progressive,none,distinct,1 2 5 7 10 11
661Wa8frAW0J62,6,plain,none,mixed,1 2 5 5 6 17
661W8JJAGjkB48,6,plain,none,mixed,2 3 3 6 9 13
661WXYY619JTQq,6,progressive,none,progressive,1 3 5 7 9 11
661WhfAGWCwGj1,6,progressive,none,distinct,2 3 4 6 10 11
661WEOnZm4COWo,6,plain,none,mixed,1 4 4 7 8 12
661WOgK8e0qjSw,6,progressive,none,distinct,2 3 5 6 9 11
661W56BH8bQyv0,6,plain,none,mixed,1 4 4 6 10 11
661WL480eVSnh9,6,plain,none,mixed,2 3 3 8 9 11
661WrdCgb2K8g2,6,plain,none,mixed,2 3 3 5 10 13
661W2wvoe8YCg9,6,plain,none,mixed,3 3 4 7 8 11
661WjIP42C8RQO,6,plain,none,mixed,2 3 5 6 10 10
661W8GWgPjIfmW,6,plain,none,mixed,2 3 3 6 7 15
661WCLnv2QvGD4,6,plain,none,mixed,2 5 5 6 6 12
661WJo4iO1mtjA,6,progressive,none,distinct,1 4 5 7 8 11
661W8zYA0AQoOf,6,progressive,none,distinct,2 3 5 7 8 11
661WafhBG39GL6,6,progressive,none,distinct,1 2 5 8 9 11
661W3YqSw1Jqlf,6,progressive,none,distinct,2 3 4 5 10 12
661WmHWHAJcX34,6,plain,none,mixed,1 2 5 5 10 13
661W4DsVG85nR8,6,plain,none,mixed,1 3 3 4 12 13
661WTQMY25GIuG,6,plain,none,mixed,2 2 5 8 8 11
661WW91DSePYvI,6,progressive,none,distinct,1 2 5 8 9 11
661WEnnIe8IAQa,6,plain,none,mixed,1 5 6 7 7 10
661W09BREIjYDG,6,progressive,none,distinct,2 4 5 7 8 10
661WAd9u0IQnX4,6,progressive,none,distinct,1 3 5 6 9 12
661W9s3X0j9bef,6,plain,none,mixed,1 2 4 4 11 14
661WGIbMZGQeGa,6,plain,none,mixed,1 3 3 7 8 14
661WKsIX64w6KG,6,distinct,none,distinct,1 2 4 7 9 13
661WmyaXeaHjKo,6,progressive,none,distinct,1 5 6 7 8 9
661WX2P1i4vxYg,6,progressive,none,distinct,1 3 5 6 10 11
661W1a9YAxLYsG,6,plain,none,mixed,1 2 7 8 9 9
661WCJk6C4Wr28,6,progressive,none,distinct,1 2 6 7 9 11
661W0mPF3IgBai,6,plain,none,mixed,1 1 6 7 10 11
661WKgUy8GaX52,6,progressive,none,distinct,2 4 5 6 9 10
661WIcAKC8mvZ0,6,progressive,none,distinct,1 3 5 6 10 11
661WbIVs24GFL8,6,progressive,none,distinct,2 4 5 7 8 10
661W4Gd6gbIKn1,6,plain,none,mixed,3 4 4 5 8 12
661WaAIK0orIZ2,6,plain,none,mixed,1 5 6 7 7 10
661W6DUja85ZGc,6,progressive,none,distinct,2 3 4 6 9 12
661WfH9s90WpsY,6,distinct,none,distinct,1 4 5 7 8 11
661W1AM34HQrLA,6,progressive,none,distinct,1 5 6 7 8 9
661WZ4DjA2rp60,6,plain,none,mixed,2 3 5 8 9 9
661WXE1NG1MzNI,6,progressive,none,distinct,1 3 6 7 9 10
661W2LPenXBp54,6,progressive,none,distinct,2 3 5 7 9 10
661WGLYwa2B3so,6,distinct,none,distinct,3 4 5 6 8 10
661WBB7K077JhK,6,progressive,none,distinct,1 2 6 7 9 11
661WJ4nWXLfJ50,6,progressive,none,distinct,1 3 6 7 8 11
661WeMX34mGaPA,6,distinct,none,distinct,1 4 5 7 9 10
661W86ob0IrjU4,6,progressive,none,distinct,2 4 5 6 9 10
661W8XHa0AMLkS,6,progressive,none,distinct,1 2 3 7 11 12
661W8GfhA8SnI8,6,progressive,none,distinct,2 4 6 7 8 9
661WnDrb80wUKO,6,progressive,none,distinct,1 4 5 7 9 10
661WWXNem1PJ59,6,progressive,none,distinct,1 3 5 8 9 10
661W8nauGXQHZ2,6,plain,none,mixed,1 3 5 7 10 10
661WX74X2GvIcK,6,progressive,none,distinct,1 2 6 8 9 10
661WL6HaG1rpj2,6,progressive,none,distinct,1 3 6 7 9 10
661W2m0g5pfKg5,6,distinct,none,distinct,1 2 5 6 7 15
661WWGrR83MgJ4,6,plain,none,mixed,2 4 4 7 9 10
661Wqni215OsKa,6,plain,none,mixed,1 4 6 6 8 11
661WPIae4YEPX2,6,progressive,none,distinct,1 3 4 8 9 11
661W8Opa98GKX3,6,progressive,none,distinct,1 3 6 7 9 10
661W0HqIWfRJMf,6,progressive,none,distinct,1 4 5 7 9 10
661WGoS26CY2pA,6,plain,none,mixed,1 1 5 5 8 16
661WGTn2a8J5Og,6,progressive,none,distinct,2 4 5 7 8 10
661W5efq0J7Mc2,6,progressive,none,distinct,2 3 5 6 9 11
661WpMbD246IaG,6,progressive,none,distinct,1 4 5 7 8 11
661W8G9d8OnqQS,6,progressive,none,distinct,1 3 6 7 9 10
661W1CgIaXZsf5,6,progressive,none,distinct,2 3 5 6 8 12
661WAIfI2OGaOA,6,plain,none,mixed,1 2 2 8 10 13
661W9GeP4cb9J8,6,distinct,none,distinct,1 3 5 7 8 12
661WOIAqmbzIc1,6,plain,none,mixed,2 3 6 7 9 9
661WWjIY037UbI,6,progressive,none,distinct,2 4 5 6 9 10
661W0Ois8fADd4,6,progressive,none,distinct,1 3 5 8 9 10
661W4P1h1ZFx1Y,6,progressive,none,distinct,2 3 5 7 9 10
661WL8gc4Pn9c8,6,plain,none,mixed,3 4 6 7 7 9
661WAbKg12Mfb3,6,progressive,none,distinct,1 5 6 7 8 9
661W0CKqgfAKey,6,progressive,none,distinct,1 4 5 6 9 11
661W1o62Cb9jhM,6,progressive,none,distinct,1 3 6 7 9 10
661W8DP3GIajP6,6,progressive,none,distinct,1 5 6 7 8 9
661WIPI4K4Fj80,6,plain,none,mixed,2 3 3 3 9 16
661WLEkSO10wnr,6,progressive,none,distinct,2 4 5 7 8 10
661W8LX15ALiee,6,distinct,none,distinct,1 3 4 8 9 11
661W0Ahg4IOogO,6,plain,none,mixed,1 4 5 5 9 12
661WfA9C1YOzMe,6,plain,none,mixed,1 5 6 6 9 9
661Wb6fJ8WGgT8,6,progressive,none,distinct,1 3 5 8 9 10
661W1rAPHahX3m,6,distinct,none,distinct,1 2 5 6 10 12
661WhQc4848aC8,6,plain,none,mixed,2 3 4 4 7 16
661WIH1aGnbrf2,6,progressive,none,distinct,1 2 6 8 9 10
661WdTYY18mNme,6,progressive,none,distinct,1 2 4 8 10 11
661W8Kni428ObQ,6,plain,none,mixed,1 4 4 7 7 13
661WajXKWJapE1,6,progressive,none,distinct,1 3 6 7 8 11
661WKCL8G8Qr88,6,plain,none,mixed,2 2 3 3 10 16
661WHAKZX98Guo,6,distinct,none,distinct,1 2 4 7 9 13
661W4GjxH88KIg,6,progressive,none,distinct,2 3 4 6 9 12
661W4C96I4C9MK,6,plain,none,mixed,2 3 3 3 8 17
661WCMw4g8Xmla,6,progressive,none,distinct,1 4 5 7 8 11
661WOGauYdGX1a,6,distinct,none,distinct,1 2 4 8 10 11
661WvmbM18eOna,6,progressive,none,distinct,1 2 5 8 9 11
661WWZQb63qf44,6,distinct,none,distinct,1 3 5 7 8 12
661WHZ6Yb5GGZ4,6,plain,none,mixed,2 4 4 5 7 14
661WWnpLC362o6,6,progressive,none,distinct,1 2 6 8 9 10
661W3gXifJup90,6,plain,none,mixed,1 3 5 7 10 10
661WIQKZe4ZAuY,6,progressive,none,distinct,1 4 5 7 8 11
661WYnb923H4fI,6,progressive,none,distinct,1 4 5 7 9 10
661Wn9IY24hMJ6,6,progressive,none,distinct,2 4 6 7 8 9
661W4RUMX4Xjb4,6,plain,none,mixed,3 3 5 5 9 11
661W4chMJGND2o,6,progressive,none,distinct,1 3 6 7 9 10
661WZMriv04KD8,6,plain,none,mixed,1 2 6 6 10 11
661WJIJ5XD8_R4,6,progressive,none,distinct,1 4 6 7 8 10
661WPIijQ30Ja4,6,distinct,none,distinct,1 4 6 7 8 10
661W3cEWY5JMle,6,progressive,none,distinct,2 3 6 7 8 10
661W2CGaWbASvf,6,distinct,none,distinct,2 3 5 6 8 12
661WCNSqGKLIg2,6,progressive,none,distinct,2 4 5 7 8 10
661Wj2jQ12GcKg,6,progressive,none,distinct,1 2 5 8 9 11
661WCgjH44Z0rb,6,plain,none,mixed,3 3 5 7 7 11
661WGfb214JaSu,6,progressive,none,distinct,1 2 4 7 10 12
661W2owSHCYkUY,6,progressive,none,distinct,1 2 6 8 9 10
661WBOoh2abve0,6,distinct,none,distinct,2 4 5 6 8 11
661WCMr48GfHC8,6,plain,none,mixed,3 4 4 6 6 13
661WSro18b8eV6,6,plain,none,mixed,2 3 5 6 6 14
661W8fHo28IbN8,6,progressive,none,distinct,1 4 5 7 9 10
661W9sVa859cg4,6,progressive,none,distinct,3 4 5 6 7 11
661W4PrRMf3W34,6,distinct,none,distinct,1 3 5 6 10 11
661W3oZ48JLaf2,6,progressive,none,distinct,2 3 5 7 9 10
661WWR4hO1hzaf,6,progressive,none,distinct,3 4 5 7 8 9
661WHx528L2hAK,6,progressive,none,distinct,2 3 5 7 9 10
661W2QnkXMOif0,6,progressive,none,distinct,1 3 5 8 9 10
661W4ALs84fR14,6,progressive,none,distinct,1 4 5 7 9 10
661WNAGee5KfHo,6,progressive,none,distinct,1 3 5 7 8 12
661Wh6Jb50Giie,6,plain,none,mixed,2 2 5 7 10 10
661W4IbMa4fT21,6,progressive,none,distinct,1 4 5 7 9 10
661W4cSsgn9Aie,6,plain,none,mixed,3 5 6 6 7 9
661WGnd50AEPo4,6,plain,none,mixed,2 3 3 7 10 11
661W4ECfr8bAQ2,6,plain,none,mixed,2 2 3 9 9 11
661WLH6SaLLj21,6,progressive,none,distinct,2 3 4 7 9 11
661WaKYhH1ApSm,6,distinct,none,distinct,2 3 5 6 9 11
661WoavIW359b1,6,distinct,none,distinct,1 3 5 7 8 12
661WArJ9IX8Za8,6,progressive,none,distinct,2 4 6 7 8 9
661W6CISK48f62,6,plain,none,mixed,2 2 3 5 10 14
661WgensX59Cua,6,progressive,none,distinct,2 3 6 7 8 10
661WIXJd48HgGG,6,distinct,none,distinct,1 2 4 6 7 16
661WrjIbi0W0SY,6,progressive,none,distinct,1 2 4 8 10 11
661W2XZ9E8UMTA,6,progressive,none,distinct,1 4 5 7 9 10
661WCHZGW6Devq,6,distinct,none,distinct,1 2 6 8 9 10
661WIHf2aGYcSc,6,distinct,none,distinct,3 4 5 6 7 11
661W8BqYgAi_1W,6,progressive,none,distinct,1 2 4 8 9 12
661W9C81GcfMar,6,distinct,none,distinct,1 2 4 6 9 14
661WOqvI8GWB2I,6,distinct,none,distinct,1 3 4 6 9 13
661WIbKKf4OX68,6,progressive,none,distinct,2 4 5 7 8 10
661WXPhcf1YC7A,6,progressive,none,distinct,2 3 5 7 9 10
661WHCPZ8PnhO4,6,progressive,none,distinct,2 3 4 8 9 10
661WeHZAAHl1I4,6,progressive,none,distinct,2 4 6 7 8 9
661W8XsTO4IgJ4,6,progressive,none,distinct,2 3 6 7 8 10
661W9L26eYbKOg,6,progressive,none,distinct,2 4 5 6 7 12
661WZByg42XYg8,6,progressive,none,distinct,1 4 5 7 9 10
661WGXgKgGXW0f,6,distinct,none,distinct,1 2 3 4 8 18
661WEDeO2Ki-nX,6,progressive,none,distinct,1 2 5 8 9 11
661WAKfIYCOmGm,6,progressive,none,distinct,1 3 6 7 9 10
661W0wni4Zvya8,6,progressive,none,distinct,2 3 4 7 9 11
661WGWHeK4DRa8,6,plain,none,mixed,1 2 2 8 11 12
661W49Le5OafnY,6,plain,none,mixed,1 2 5 8 10 10
661WeGH2IBIZK8,6,progressive,none,distinct,1 2 6 8 9 10
661WEHb2GKqfA4,6,progressive,none,distinct,1 3 6 7 8 11
661W48rka2KomY,6,plain,none,mixed,2 3 4 4 10 13
661WSnHgmKWcHX,6,progressive,none,distinct,1 2 4 7 10 12
661W3EPYKYGX96,6,progressive,none,distinct,1 3 4 7 10 11
661WLBdZI792I4,6,progressive,none,distinct,1 5 6 7 8 9
661WL6SPI3GXD4,6,progressive,none,distinct,1 4 5 6 9 11
661W0ObC1bM-Ke,6,progressive,none,distinct,1 3 6 7 8 11
661W1G6n8bxQsA,6,progressive,none,distinct,1 2 6 7 9 11
661WKesKO8DY22,6,plain,none,mixed,1 4 4 7 8 12
661W0B1zeIPpAn,6,progressive,none,distinct,2 3 5 7 8 11
661WZ5HoG2bgXC,6,progressive,none,distinct,1 2 3 9 10 11
661WEaQp94BlXW,6,plain,none,mixed,1 4 6 7 7 11
661WGavIC6DH4I,6,progressive,none,distinct,2 3 4 8 9 10
661W69I4LGaXQa,6,progressive,none,distinct,1 2 5 7 10 11
661WCPKsZ6LOm4,6,plain,none,mixed,1 3 4 9 9 10
661WH7qkC3moaG,6,progressive,none,distinct,1 2 6 7 9 11
661W1ef64clD68,6,progressive,none,distinct,2 3 4 8 9 10
661WIg9H4CgLV8,6,plain,none,mixed,3 3 5 7 9 9
661W2JaA8IPzA4,6,distinct,none,distinct,1 3 4 7 9 12
661WhMS-728AXW,6,progressive,none,distinct,1 4 5 6 9 11
661W5OpLAiv4Y2,6,progressive,none,distinct,2 4 6 7 8 9
661WfHR64G1f68,6,plain,none,mixed,1 2 2 8 10 13
661W2TRK8OnL42,6,plain,none,mixed,2 4 4 6 9 11
661WAfn19AMZeW,6,progressive,none,distinct,1 2 5 7 10 11
661W25HYmGbgbH,6,distinct,none,distinct,1 3 6 7 9 10
661WX12QIGeGn6,6,plain,none,mixed,1 2 5 5 6 17
661W8lMGXfeKdG,6,progressive,none,distinct,2 3 4 6 10 11
661W58eP0qjPt4,6,progressive,none,distinct,1 3 5 8 9 10
661WYDwtl5BL00,6,progressive,none,distinct,2 4 5 6 9 10
661WGaGc8KfQaG,6,plain,none,mixed,1 4 4 7 8 12
661WDAHqGeKqY2,6,plain,none,mixed,1 2 6 7 10 10
661WGcdWv4iYdK,6,plain,none,mixed,1 4 5 6 10 10
661WCPHw469mX4,6,plain,none,mixed,1 5 5 7 7 11
661W45gOgIj1AY,6,plain,none,mixed,2 3 5 5 10 11
661W0T0aZjRlP8,6,progressive,none,distinct,1 5 6 7 8 9
661WGab9AIsci8,6,progressive,none,distinct,2 4 5 7 8 10
661WPh5AO10jES,6,plain,none,mixed,2 3 7 7 7 10
661W097i8ObogK,6,plain,none,mixed,1 4 4 7 10 10
661WIH4r04ROpI,6,plain,none,mixed,1 1 2 8 10 14
661W26Zb88nZaX,6,progressive,none,distinct,1 2 6 7 9 11
661W8fx2n4EE6A,6,progressive,none,distinct,1 2 5 8 9 11
661WJIojO9fiS8,6,progressive,none,distinct,2 4 5 6 9 10
661W5_d4952I4H,6,plain,none,mixed,1 3 3 7 8 14
661WWiYb9mYdAi,6,progressive,none,distinct,1 4 5 7 8 11
661WGnKam0VGdD,6,distinct,none,distinct,1 2 3 8 10 12
661W0-Do4AkR9A,6,progressive,none,distinct,2 3 4 7 9 11
661WZ6jb60fOYG,6,progressive,none,distinct,1 3 4 8 9 11
661WCLLm24Habr,6,progressive,none,distinct,1 2 4 7 9 13
661WSsVen0ecZG,6,progressive,none,distinct,1 5 6 7 8 9
661WGWJX1Kfp4e,6,progressive,none,distinct,1 4 6 7 8 10
661WCNHbACeYiG,6,progressive,none,distinct,2 3 4 8 9 10
661WuoiZ45eHI8,6,plain,none,mixed,1 5 6 8 8 8
661W8GyOfCKY28,6,distinct,none,distinct,1 3 4 7 9 12
661W24MbA4OGa8,6,plain,none,mixed,1 2 4 4 8 17
661W7Mb6WoSaGg,6,progressive,none,distinct,1 2 4 8 10 11
661W4YnZ6GJaaf,6,plain,none,mixed,2 2 6 8 8 10
661WGQsfsGAaGY,6,progressive,none,distinct,1 3 4 8 9 11
661WOobAkGa0XX,6,progressive,none,distinct,2 3 4 5 9 13
661W0bqf6pr94G,6,progressive,none,distinct,2 3 4 8 9 10
661WOvJ6024BjQ,6,distinct,none,distinct,2 4 5 6 9 10
661W9eGX4mY4Ib,6,plain,none,mixed,1 3 4 4 7 17
661W4fca6bGhH2,6,progressive,none,distinct,1 5 6 7 8 9
661W4mWg4IkTY4,6,plain,none,mixed,2 3 6 8 8 9
661W7skzG15iJ4,6,progressive,none,distinct,1 3 5 8 9 10
661WKeHb8b9J0X,6,plain,none,mixed,2 4 4 7 9 10
661W4jBsHGcD5H,6,progressive,none,distinct,1 3 6 7 8 11
661W0GovBXEoXa,6,progressive,none,distinct,1 3 4 5 11 12
661W8hJCOKIL48,6,plain,none,mixed,2 5 5 5 6 13
661W8YIofIsOc8,6,plain,none,mixed,2 5 5 6 6 12
661WeJYe89lHX2,6,progressive,none,distinct,2 3 5 6 9 11
661W5MXenefN5G,6,progressive,none,distinct,2 4 6 7 8 9
661W11Z9AajIa8,6,plain,none,mixed,2 3 5 5 10 11
661WKfbZ44IcI4,6,plain,none,mixed,2 3 7 7 8 9
661WGH92YIdf2k,6,progressive,none,distinct,1 3 5 8 9 10
661W0bgJ2GYsz8,6,progressive,none,distinct,1 4 5 6 9 11
661WAqfK0IcKf4,6,distinct,none,distinct,2 3 5 6 9 11
661W8HQZI6DAY8,6,plain,none,mixed,1 4 7 7 7 10
661WIzQvC0E2P8,6,distinct,none,distinct,2 3 4 7 9 11
661WA8KqA8OjHK,6,progressive,none,distinct,1 2 5 7 10 11
661W48TlEA8144,6,plain,none,mixed,2 3 3 5 7 16
661WB1YqKHd91K,6,plain,none,mixed,1 2 4 7 11 11
661WIhAo8ILx98,6,plain,none,mixed,2 5 5 6 7 11
661W4rN41bIFvg,6,progressive,none,distinct,3 4 5 7 8 9
661WGhnJfGJCo4,6,progressive,none,distinct,1 3 5 8 9 10
661W4n16CZ5r24,6,plain,none,mixed,2 2 5 9 9 9
661WHfIb2H2jOG,6,plain,none,mixed,3 4 4 4 10 11
661WY4nfKmfIq0,6,progressive,none,distinct,1 2 5 8 9 11
661WH2CwO9nhb8,6,plain,none,mixed,3 4 5 6 9 9
661WG8GuGjIb5C,6,plain,none,mixed,2 2 3 6 8 15
661WMaLeoOgL5W,6,progressive,none,distinct,2 3 4 8 9 10
661W9pa8HHGY49,6,plain,none,mixed,1 2 4 6 6 17
661WmKuGZ9GbCm,6,plain,none,mixed,1 1 3 5 11 15
661WA5I8MGerz2,6,progressive,none,distinct,1 2 6 8 9 10
661W8nXbGZ4vH2,6,progressive,none,progressive,1 3 5 7 9 11
661WGna3aXPLRL,6,progressive,none,distinct,2 4 5 6 8 11
661W4mLh1ZJcIa,6,progressive,none,distinct,1 4 5 7 9 10
661WHBHX4eYanZ,6,plain,none,mixed,2 2 3 8 10 11
661W5MhNMeKa1G,6,progressive,none,distinct,2 4 5 7 8 10
661W0NBMCAbafG,6,progressive,none,distinct,2 3 5 7 9 10
661W8qGOXMY26I,6,plain,none,mixed,1 2 4 5 5 19
661WerRN034oJI,6,plain,none,mixed,1 3 6 8 9 9
661W9oYmAD9vn4,6,plain,none,mixed,2 2 5 6 10 11
661W9I8-4crnX8,6,progressive,none,distinct,1 4 5 7 8 11
661WGnf2iAM1Ig,6,plain,none,mixed,2 4 6 6 9 9
661W2mdnYKoqg1,6,progressive,none,distinct,1 4 5 7 9 10
661WfpZbQ0M0Y4,6,progressive,none,distinct,1 4 6 7 8 10
661W09JgZpkD9m,6,progressive,none,distinct,1 5 6 7 8 9
661WIYmf5KLg2q,6,progressive,none,distinct,1 4 5 6 9 11
661WDhMhwW6GGY,6,progressive,none,distinct,1 3 5 8 9 10
661W4Ofpe8GiN1,6,plain,none,mixed,1 5 5 7 8 10
661WK46zHf4X9i,6,plain,none,mixed,2 3 3 4 8 16
661W5posGWMkY2,6,progressive,none,distinct,2 4 6 7 8 9
661WHlMc4WPAe8,6,progressive,none,distinct,1 4 5 7 8 11
661WWb3a834n1Q,6,plain,none,mixed,1 1 2 9 9 14
661W55Z7ZWWQiA,6,progressive,none,distinct,1 2 3 8 10 12
661WZ5IK40Xxd2,6,progressive,none,distinct,2 3 5 7 8 11
661WEOJf4IfWoK,6,plain,none,mixed,1 5 6 7 7 10
661WQkNkm0o999,6,progressive,none,distinct,1 2 6 8 9 10
661W29bKG4LofK,6,plain,none,mixed,1 1 5 7 10 12
661W83EH2bh25C,6,distinct,none,distinct,1 2 3 5 11 14
661W0acSuf5Z6H,6,progressive,none,distinct,1 3 6 7 9 10
661WGX1of4AygI,6,distinct,none,distinct,2 4 5 6 9 10
661W2n5Kb4RVE8,6,progressive,none,distinct,1 4 5 7 9 10
661WHHL21LJYMi,6,progressive,none,distinct,2 3 5 7 9 10
661W-zhI4W0I02,6,plain,none,mixed,1 2 4 4 12 13
661W4YXeiGVzJa,6,progressive,none,distinct,1 5 6 7 8 9
661WHMs22DInKG,6,plain,none,mixed,1 4 4 7 8 12
661W0TQKeX3jQX,6,progressive,none,distinct,2 3 4 6 10 11
661W2Ho348HLjh,6,progressive,none,distinct,2 4 5 7 8 10
661W2JIKgGH6Ac,6,progressive,none,distinct,1 3 6 7 9 10
661W4AUKbKfh08,6,plain,none,mixed,2 4 4 5 8 13
661WhfgeXIBHj4,6,progressive,none,distinct,2 3 4 8 9 10
661W11bI2LJ6zz,6,progressive,none,distinct,2 4 5 7 8 10
661W5QEH09hpdX,6,progressive,none,distinct,2 3 5 7 8 11
661W0fAZmX6zcc,6,progressive,none,distinct,2 3 5 7 9 10
661WmGIIq9Mx21,6,plain,none,mixed,1 2 6 8 8 11
661W4mb48j9KX2,6,progressive,none,distinct,1 4 5 7 8 11
661WAEhNW4vUWX,6,progressive,none,distinct,1 3 5 8 9 10
661WXEIa82rZ9A,6,progressive,none,distinct,2 3 5 7 9 10
661WHllX851QwG,6,progressive,none,distinct,2 4 5 6 9 10
661W78DH0qOmbn,6,plain,none,mixed,1 1 2 7 10 15
661WAMwK4GGh22,6,plain,none,mixed,1 4 5 8 8 10
661W4hWI4OIdZ2,6,progressive,none,distinct,1 3 6 7 8 11
661Wa98nfeHhM0,6,progressive,none,distinct,1 3 5 8 9 10
661W8GwZ548n4b,6,plain,none,mixed,1 5 5 6 8 11
661W39ROeaavQe,6,progressive,none,distinct,1 3 4 7 10 11
661W8UodE8Xn88,6,progressive,none,distinct,2 4 6 7 8 9
661WfGHOe2fRIZ,6,plain,none,mixed,1 4 4 8 9 10
661WmGnZE36224,6,distinct,none,distinct,1 2 4 6 9 14
661W0meHeX3DRP,6,plain,none,mixed,1 3 5 5 6 16
661W8N3cGGLDfA,6,progressive,none,distinct,1 4 6 7 8 10
661WHJQbG9N8M4,6,distinct,none,distinct,1 3 4 5 9 14
661WGY31YbumWY,6,distinct,none,distinct,1 2 3 5 8 17
661W5WonaqBcH5,6,plain,none,mixed,1 2 4 9 10 10
661WH2DhA3XBM8,6,plain,none,mixed,2 2 6 7 9 10
661W0Ibd2fh9I4,6,progressive,none,distinct,2 4 5 6 7 12
661W4An83Ivo2a,6,distinct,none,distinct,1 2 5 6 8 14
661WPHpgIHg2H2,6,progressive,none,distinct,1 3 6 7 9 10
661W1X1r15gzPq,6,distinct,none,distinct,1 3 4 7 9 12
661WCf9n2GYXb2,6,distinct,none,distinct,1 4 5 6 7 13
661W2nbMZXOjQG,6,progressive,none,progressive,1 3 5 7 9 11
661W1GZ6iJ6YKg,6,progressive,none,distinct,2 3 4 8 9 10
661W4YIBIKtU36,6,progressive,none,distinct,2 4 5 6 8 11
661WQodU40af2I,6,progressive,none,distinct,1 2 6 8 9 10
661W4HB44OnV68,6,plain,none,mixed,2 4 5 7 7 11
661W4awfXZDgOc,6,progressive,none,distinct,2 4 5 6 8 11
661Wp68X19GX3Y,6,plain,none,mixed,1 3 3 5 11 13
661WWENeemrJ99,6,plain,none,mixed,1 4 5 6 10 10
661WbMPO8GStA2,6,progressive,none,distinct,2 3 5 7 8 11
661WLCvZ6H2684,6,plain,none,mixed,2 3 4 4 8 15
661W1B2rjWHZQI,6,progressive,none,distinct,2 4 5 7 8 10
661W4LuZGnchgX,6,progressive,none,distinct,1 4 6 7 8 10
661WBd292FBIa0,6,plain,none,mixed,1 4 5 5 7 14
661W4Ffh4CqgIG,6,distinct,none,distinct,1 4 5 7 9 10
661W4iCjLf5QgW,6,progressive,none,distinct,2 3 4 6 9 12
661WG8E6C8ArMf,6,distinct,none,distinct,2 3 5 6 8 12
661WK5f28GYkj6,6,progressive,none,distinct,2 4 5 7 8 10
661WOGIH2Idxo2,6,progressive,none,distinct,1 4 5 7 9 10
661W0gKgCZkKeG,6,progressive,none,distinct,2 3 5 6 8 12
661WWfLj53OP8n,6,progressive,none,distinct,1 4 5 7 8 11
661WjH2Y48mMcC,6,plain,none,mixed,1 4 5 8 8 10
661WGZXI4OH24E,6,plain,none,mixed,1 1 5 8 10 11
661W0QGb2jhEK8,6,plain,none,mixed,1 4 6 8 8 9
661WGYXaWAbHZ5,6,progressive,none,progressive,1 3 5 7 9 11
661WGXYyP09HY3,6,progressive,none,distinct,1 2 3 8 10 12
661WG1AP6AR6TK,6,distinct,none,distinct,1 3 4 5 11 12
661W11dMbTZDAG,6,progressive,none,distinct,1 3 6 7 8 11
661WWbF24eArA4,6,plain,none,mixed,1 1 6 7 9 12
661WK9nIafH1Z1,6,plain,none,mixed,2 2 5 8 9 10
661WHYip8a1Br2,6,plain,none,mixed,1 3 3 6 10 13
661WH0-d25ngc4,6,progressive,none,distinct,1 4 6 7 8 10
661WhLEp44nGJ0,6,progressive,none,distinct,1 4 5 7 9 10
661WdGvKa2bLSX,6,progressive,none,distinct,1 3 5 8 9 10
661W9Il1AWOPo8,6,plain,none,mixed,1 2 8 8 8 9
661WZALa25IynI,6,progressive,none,distinct,1 4 6 7 8 10
661W06kibIbg7G,6,plain,none,mixed,3 3 4 6 9 11
661WhHIse0WEwX,6,progressive,none,distinct,2 3 4 8 9 10
661WCIcOjI8i04,6,plain,none,mixed,1 1 3 3 9 19
661W8rocHX4qym,6,plain,none,mixed,3 5 5 5 9 9
661WIILdmnSkeY,6,progressive,none,distinct,2 3 5 7 9 10
661W6HA1Y49rZP,6,progressive,none,distinct,1 3 6 7 8 11
661Wr_Le80MYe8,6,plain,none,mixed,3 3 3 4 7 16
661W7D9JIYXYH4,6,progressive,none,distinct,1 3 5 7 8 12
661WGC9paGZ7MH,6,plain,none,mixed,2 4 5 5 6 14
661W88NHY8Obai,6,plain,none,mixed,1 4 5 5 10 11
661Wen3125Aoa8,6,progressive,none,distinct,1 2 6 7 8 12
661WnGYKGG6pdA,6,progressive,none,distinct,2 3 4 7 9 11
661W6rc448Al64,6,progressive,none,distinct,2 3 5 6 9 11
661WOc8G8Ab6CI,6,plain,none,mixed,2 3 3 4 5 19
661WDhJLAWo1Y2,6,progressive,none,distinct,1 4 6 7 8 10
661WeifEILeEO4,6,plain,none,mixed,2 3 4 5 11 11
661W1x93aBLiL5,6,progressive,none,distinct,2 3 4 6 9 12
661WqenJbW10J4,6,plain,none,mixed,1 3 3 6 8 15
661W0XohGX9nLA,6,progressive,none,distinct,1 3 4 8 9 11
661WHwCMAW9Sjn,6,progressive,none,distinct,1 2 5 7 9 12
661WCAB2eGGTd5,6,distinct,none,distinct,1 4 5 6 8 12
661WfkSa819MYK,6,progressive,none,distinct,2 4 5 7 8 10
661W8bxkX2BAZG,6,distinct,none,distinct,2 3 6 7 8 10
661WPIgK8HGZ62,6,progressive,none,distinct,2 3 5 7 8 11
661WHx4X8L2hQK,6,progressive,none,distinct,2 3 5 7 8 11
661WWHeoc9J3q5,6,progressive,none,distinct,1 2 6 7 9 11
661W10H3genhL9,6,progressive,none,distinct,2 3 5 7 8 11
661WLfb4qHSgX1,6,progressive,none,distinct,2 3 5 7 8 11
661WHFpwk1T0iq,6,progressive,none,distinct,1 4 5 7 9 10
661W88QaGAKb3A,6,plain,none,mixed,1 3 4 6 11 11
661WOPIM4nXCZ2,6,progressive,none,distinct,2 4 6 7 8 9
661W990ZKcftI4,6,progressive,none,distinct,1 5 6 7 8 9
661WZOaZI4rjaO,6,progressive,none,distinct,1 4 6 7 8 10
661WbbIbe0YriY,6,progressive,none,distinct,2 4 5 7 8 10
661W1bTB0JRNv6,6,progressive,none,distinct,1 4 5 7 9 10
661WOCRfCGlcmK,6,progressive,none,distinct,1 2 5 6 10 12
661WbYX0OHLWfI,6,plain,none,mixed,1 2 2 3 13 15
661WCfJIA6E1p2,6,plain,none,mixed,2 2 5 7 9 11
661WYxnJ69Wa7O,6,progressive,none,distinct,1 4 6 7 8 10
661WW0YOkoff2Y,6,plain,none,mixed,1 1 3 6 10 15
661W59hHKWaQq6,6,plain,none,mixed,1 2 5 9 9 10
661WbHYq60Wj1d,6,progressive,none,distinct,1 2 6 7 9 11
661WL9QI4eorb0,6,progressive,none,distinct,2 3 4 7 8 12
661W21nIbfJ7A4,6,progressive,none,distinct,1 3 5 6 10 11
661WHlKOoWWXAu,6,distinct,none,distinct,1 3 5 7 8 12
661WGh09YMJd35,6,distinct,none,distinct,1 2 3 5 10 15
661WefgA4FGt28,6,plain,none,mixed,1 5 5 7 7 11
661W8KwIi48-A1,6,progressive,none,progressive,1 3 5 7 9 11
661W9Hrh0uL94f,6,plain,none,mixed,1 5 6 7 7 10
661WGZTLIXin58,6,progressive,none,distinct,2 3 6 7 8 10
661WSfJLb8I9o0,6,progressive,none,distinct,1 5 6 7 8 9
661W8KfKGGbIbK,6,progressive,none,distinct,2 4 5 6 9 10
661WACjce88F55,6,plain,none,mixed,3 3 5 5 7 13
661W04h4CvpTA4,6,progressive,none,distinct,1 4 6 7 8 10
661W1DpceWWg9B,6,progressive,none,distinct,1 2 5 8 9 11
661W5HZbjHY5n0,6,progressive,none,distinct,1 3 5 7 8 12
661W49wo8GXR1A,6,progressive,none,distinct,1 2 6 8 9 10
661WWnpcI16Aq8,6,progressive,none,distinct,2 3 4 8 9 10
661WhWbe02xn1I,6,progressive,none,distinct,1 2 3 7 11 12
661We4Jd85Af4n,6,plain,none,mixed,2 2 4 6 7 15
661W9mLICcsZ22,6,distinct,none,distinct,2 4 6 7 8 9
661WPAx5HB4cYe,6,progressive,none,distinct,1 4 6 7 8 10
661WXY2qb1HQdC,6,progressive,none,distinct,1 3 5 8 9 10
661WGXnY48H35A,6,progressive,none,distinct,1 4 6 7 8 10
661W86Hp4GndU2,6,progressive,none,distinct,2 3 6 7 8 10
661W44FsC4GWgA,6,plain,none,mixed,2 3 3 5 7 16
661WWXEBCB0vJA,6,distinct,none,distinct,1 2 5 6 10 12
661Wb9JIcemH2W,6,progressive,none,distinct,1 3 5 8 9 10
661WKzR6025DXM,6,progressive,none,distinct,2 3 5 7 9 10
661WOW8n2OoX1A,6,plain,none,mixed,1 2 4 4 12 13
661WAIbv42nWoI,6,progressive,none,distinct,1 2 6 8 9 10
661WH-IZCYrK8f,6,progressive,none,distinct,2 3 6 7 8 10
661WGXb_0CLHI2,6,distinct,none,distinct,1 2 4 6 11 12
661Wf7sZA4fDi0,6,progressive,none,distinct,2 3 4 7 8 12
661WbAeoC0GhaA,6,progressive,none,distinct,1 2 4 8 9 12
661W0d13AfXgaO,6,plain,none,mixed,1 3 3 9 9 11
661WL6jA2Bb8O4,6,plain,none,mixed,2 4 4 4 6 16
661WGn3S445LQt,6,progressive,none,distinct,1 3 5 8 9 10
661W55AOa7kjA1,6,progressive,none,distinct,1 3 6 7 9 10
661WGmcRuOgfYY,6,progressive,none,distinct,3 4 5 6 7 11
661W9Ms5jW8XLI,6,progressive,none,distinct,2 3 6 7 8 10
661W8AKa2GOjTQ,6,distinct,none,distinct,2 3 4 8 9 10
661WIhZ2CGGQ8G,6,plain,none,mixed,1 1 5 7 8 14
661WX2oJ54OoZa,6,plain,none,mixed,3 4 4 5 6 14
661W9nIgWJBGLf,6,progressive,none,distinct,1 4 5 6 8 12
661WP64I45IbhC,6,progressive,none,distinct,1 4 5 7 9 10
661W2Af0XSOph8,6,distinct,none,distinct,1 3 5 6 10 11
661WYbmo4fGYc2,6,progressive,none,distinct,1 4 5 7 8 11
661WW_IKWnIAQf,6,progressive,none,progressive,1 3 5 7 9 11
661Weo5SG1kJ6A,6,progressive,none,distinct,1 2 6 7 9 11
661WY4kGWqnob1,6,plain,none,mixed,1 4 5 5 9 12
661WGPSw42J4jK,6,progressive,none,distinct,2 3 4 7 9 11
661W54TBWoOnT5,6,distinct,none,distinct,1 2 4 6 9 14
661WqeJ51a9hmW,6,progressive,none,distinct,1 3 4 7 9 12
661W2Mge2AfrgX,6,plain,none,mixed,2 2 4 5 9 14
661WCQECu2XhIg,6,progressive,none,distinct,1 2 5 8 9 11
661WGYd62EbYK8,6,plain,none,mixed,1 5 5 6 8 11
661W4Jccr4bL12,6,progressive,none,distinct,2 3 5 7 9 10
661W4PIJrAHK3W,6,plain,none,mixed,1 1 7 9 9 9
661W4oa84Ksj24,6,progressive,none,distinct,2 3 4 6 8 13
661W85xTwCH5i1,6,plain,none,mixed,2 4 6 6 7 11
661WXQYbA2r748,6,plain,none,mixed,1 2 7 8 9 9
661W8WjQC8FHZ8,6,progressive,none,distinct,2 3 4 8 9 10
661WeIoL6HIRY2,6,distinct,none,distinct,1 2 3 8 9 13
661WSQhP2IQGa2,6,progressive,none,distinct,1 4 6 7 8 10
661WPoX32ieGH2,6,plain,none,mixed,2 3 4 7 7 13
661WCPV516LWYf,6,progressive,none,distinct,1 3 5 8 9 10
661WXQgc21Iks8,6,progressive,none,distinct,1 4 5 7 8 11
661WaWenj375I8,6,plain,none,mixed,2 3 4 4 8 15
661W8J1XECfv24,6,distinct,none,distinct,1 4 6 7 8 10
661WYPoPa3B3P5,6,distinct,none,distinct,1 2 4 5 9 15
661WHIIKmeMQpa,6,progressive,none,distinct,2 3 5 7 9 10
661WeXrOn1RJ20,6,progressive,none,distinct,1 2 3 8 10 12
661WY9HX4mXYw4,6,progressive,none,distinct,1 3 5 7 8 12
661WBAma0BdLf2,6,progressive,none,distinct,2 4 5 7 8 10
661W89MX88PUn2,6,plain,none,mixed,1 4 6 7 9 9
661W4Eef2Avoh2,6,progressive,none,distinct,2 4 6 7 8 9
661W24U-j84Xc0,6,plain,none,mixed,1 4 4 5 6 16
661WCTAgX2DAZO,6,progressive,none,distinct,1 2 5 7 10 11
661W1FJ6iWHYhD,6,plain,none,mixed,3 3 5 6 8 11
661WXMmQ0Dd9dI,6,progressive,none,distinct,2 3 4 8 9 10
661W2HL59CPbie,6,progressive,none,distinct,1 4 6 7 8 10
661WOfz71fOEYe,6,progressive,none,distinct,2 4 6 7 8 9
661W57IgHWP2_c,6,progressive,none,distinct,2 4 5 6 9 10
661W8PMc6E54Yb,6,progressive,none,distinct,1 2 6 7 9 11
661W8nPo0Z7eaA,6,progressive,none,distinct,1 2 3 9 10 11
661W8GXLA48QLC,6,distinct,none,distinct,2 4 5 6 7 12
661W5HJKX9pVIW,6,progressive,none,distinct,2 3 5 7 9 10
661W8nQAI0ApKC,6,progressive,none,distinct,1 3 5 6 10 11
661WX5oLC0XYNI,6,progressive,none,distinct,1 4 5 7 9 10
661WaAfJ2enYH8,6,progressive,none,distinct,1 2 6 8 9 10
661W08sEXInhhK,6,progressive,none,distinct,1 4 5 7 9 10
661WHZ54IXCvI4,6,distinct,none,distinct,2 3 4 6 9 12
661W4LqY58PLaH,6,progressive,none,distinct,1 4 5 7 9 10
661WZCuHS1d5L4,6,distinct,none,distinct,1 3 4 5 6 17
661WOwmnX8ma2a,6,distinct,none,distinct,2 3 4 5 7 15
661W8JN4XGPBpa,6,progressive,none,distinct,1 5 6 7 8 9
661W8GkzC8K3L4,6,progressive,none,distinct,2 3 4 6 7 14
661WAH8V2APAbI,6,progressive,none,distinct,1 4 6 7 8 10
661WGIZroGMWYa,6,plain,none,mixed,2 4 6 6 7 11
661W8RKxh2nCY0,6,plain,none,mixed,1 3 3 9 10 10
661W0P7KAOfTMA,6,progressive,none,distinct,2 3 5 7 8 11
661Wgr25e11GXg,6,distinct,none,distinct,1 2 3 7 11 12
661WKonLGCiN3X,6,progressive,none,distinct,1 3 5 8 9 10
661WFEhLA3Mo10,6,progressive,none,distinct,1 2 6 8 9 10
661WIbF902LRs4,6,plain,none,mixed,3 4 4 6 8 11
661W0gQr2XojK6,6,progressive,none,distinct,1 4 5 6 9 11
661WX4tIKAfX6I,6,progressive,none,distinct,1 4 6 7 8 10
661W82KfZpIX4A,6,plain,none,mixed,2 3 3 6 10 12
661W8GpxY4CgWa,6,progressive,none,distinct,2 3 4 6 10 11
661W8K20cOnIro,6,progressive,none,distinct,1 3 5 6 10 11
661W4SYY88G_9A,6,progressive,none,distinct,1 3 6 7 9 10
661WCfJ3mX6uYc,6,progressive,none,distinct,1 3 6 7 9 10
661W8AgpXOnNKW,6,progressive,none,distinct,1 4 5 7 9 10
661W4bFGWbOWf5,6,plain,none,mixed,1 2 4 5 12 12
661WHUX18oMaan,6,progressive,none,distinct,1 2 5 6 10 12
661W9ZI4EWIGtE,6,distinct,none,distinct,1 2 5 7 8 13
661WHg9A1B9JUu,6,progressive,none,distinct,2 4 6 7 8 9
661WCIaQnGSy04,6,distinct,none,distinct,1 2 3 4 8 18
661WZAJ6c2Kn8Y,6,progressive,none,distinct,1 3 4 7 10 11
661W54ha8grWg4,6,plain,none,mixed,2 4 4 4 11 11
661W0Y3QgIwi8r,6,plain,none,mixed,2 2 4 5 8 15
661WGIn2qAZ1Kg,6,progressive,none,distinct,1 4 6 7 8 10
661W9Ef4aWG_h9,6,progressive,none,distinct,3 4 5 6 8 10
661W95hLAWWtF0,6,progressive,none,distinct,1 2 6 8 9 10
661WP8n4KWdT24,6,plain,none,mixed,1 2 6 7 10 10
661WfHXb43cnI4,6,plain,none,mixed,2 3 6 7 9 9
661WCTgLa25YP1,6,progressive,none,distinct,1 2 4 6 11 12
661W1BfUcBhiCm,6,progressive,none,distinct,1 4 6 7 8 10
661W8d0MfIMrQe,6,plain,none,mixed,2 4 4 6 10 10
661W8KqMC4OYZQ,6,progressive,none,distinct,1 4 6 7 8 10
661WC9oK8nYZ22,6,progressive,none,distinct,1 3 6 7 8 11
661WfL9p80XfGp,6,plain,none,mixed,2 3 4 4 11 12
661WGmn5eGZIYc,6,progressive,none,distinct,1 4 5 7 9 10
661WlLP380WlWb,6,progressive,none,distinct,1 3 5 6 9 12
661Wp6I251GnKe,6,plain,none,mixed,1 2 2 10 10 11
661WJkw6C91nA0,6,plain,none,mixed,2 2 4 6 9 13
661WHgrf2YHXeG,6,progressive,none,distinct,1 4 5 7 9 10
661WKfKgP0ICX3,6,progressive,none,distinct,1 2 6 8 9 10
661WJIlC8H4rA8,6,progressive,none,distinct,1 3 5 6 9 12
661WBbEUegZIKW,6,progressive,none,distinct,2 4 5 7 8 10
661W5nHY6H1caf,6,progressive,none,distinct,2 3 5 6 8 12
661Wbgpti1H21a,6,progressive,none,distinct,1 5 6 7 8 9
661WGLKen0Jd9A,6,plain,none,mixed,2 2 5 6 10 11
661W1o6MC5BbhK,6,progressive,none,distinct,1 4 5 7 9 10
661W4qoKgIcaEa,6,progressive,none,distinct,2 4 5 6 8 11
661WiaycGaVYwX,6,progressive,none,distinct,1 3 5 8 9 10
661W4fWn1fHZ1a,6,plain,none,mixed,1 4 4 6 8 13
661WGGfoa4AHX9,6,progressive,none,distinct,1 3 5 6 10 11
661W5fYsgXWhYW,6,progressive,none,progressive,1 3 5 7 9 11
661W0Kix9AGigg,6,plain,none,mixed,2 2 4 4 11 13
661WnaPkXI9B3H,6,progressive,none,distinct,1 2 5 8 9 11
661WGMr204paUr,6,progressive,none,distinct,2 3 4 7 9 11
661WJcGZ4912an,6,plain,none,mixed,1 4 4 6 7 14
661Wufg46W0k4b,6,distinct,none,distinct,1 2 4 6 11 12
661WmXAJ29GGHf,6,distinct,none,distinct,1 2 4 5 9 15
661WvAHKe90L69,6,distinct,none,distinct,1 3 4 5 9 14
661WW124bobA4A,6,distinct,none,distinct,1 2 3 6 11 13
661W4eq48XPpbA,6,progressive,none,distinct,1 4 6 7 8 10
661WHPYX0clFI4,6,distinct,none,distinct,1 4 5 7 9 10
661WPJVKmacJ41,6,progressive,none,progressive,1 3 5 7 9 11
661W48PMe8GnKf,6,plain,none,mixed,3 4 5 5 7 12
661WWXrva3GYn5,6,plain,none,mixed,2 2 4 7 8 13
661WCP2fH09b5g,6,distinct,none,distinct,1 3 4 7 9 12
661W0GTMffAB64,6,plain,none,mixed,1 3 5 7 10 10
661W152cfWXhbO,6,progressive,none,distinct,1 3 5 8 9 10
661WGgMw32oKLi,6,plain,none,mixed,1 3 6 7 7 12
661W9RMdDL30em,6,progressive,none,distinct,2 3 4 8 9 10
661W86PH2SOri2,6,progressive,none,distinct,1 3 6 7 8 11
661W4HPIqAH745,6,progressive,none,distinct,1 2 6 8 9 10
661WafxbGX58o8,6,progressive,none,distinct,1 4 5 7 9 10
661W4CRMC8GH2I,6,progressive,none,distinct,2 3 4 6 8 13
661W8c4mX4obBA,6,progressive,none,distinct,1 2 4 7 9 13
661WBAj48HQpA8,6,distinct,none,distinct,2 4 5 6 7 12
661Wa9OOWTsjKY,6,progressive,none,distinct,2 3 6 7 8 10
661WXF6OY2f28j,6,plain,none,mixed,2 2 2 5 9 16
661WPoXIm95DAH,6,progressive,none,distinct,2 3 4 8 9 10
661WGZ5cfG8fmY,6,progressive,none,distinct,1 2 3 6 8 16
661W8xHI2nHcI2,6,progressive,none,distinct,1 3 4 8 9 11
661W4CSSfAOXA0,6,plain,none,mixed,2 2 3 7 10 12
661WKg8X1Gob6X,6,distinct,none,distinct,1 2 4 6 9 14
661WgQA115xIia,6,progressive,none,distinct,2 3 4 7 9 11
661W4Dh84KaRhI,6,progressive,none,distinct,2 3 4 5 10 12
661Web3g4a7R5I,6,progressive,none,distinct,1 4 6 7 8 10
661W4P262IbSK8,6,plain,none,mixed,1 4 4 6 7 14
661W0niX1bIY7g,6,plain,none,mixed,2 3 3 5 9 14
661WQhIY2O0Ky8,6,distinct,none,distinct,1 2 3 7 9 14
661WifIab5BA10,6,progressive,none,distinct,2 3 5 7 9 10
661WGBhX4ChMM8,6,progressive,none,distinct,2 3 6 7 8 10
661WaGLY89ARDQ,6,plain,none,mixed,2 4 6 6 8 10
661WnDJj54cy4m,6,progressive,none,distinct,1 4 5 7 8 11
661WfIqOfWKY24,6,plain,none,mixed,1 3 6 6 8 12
661W2VRcCGHag0,6,distinct,none,distinct,2 3 4 7 9 11
661W0XDZ4bHZKb,6,progressive,none,distinct,2 3 5 7 8 11
661WGGJKE8IJMA,6,progressive,none,distinct,1 3 6 7 9 10
661WefLCB94rXY,6,progressive,none,distinct,1 4 6 7 8 10
661W4GZ3dKfaW2,6,plain,none,mixed,2 2 5 7 7 13
661WG6_2SnEcA4,6,progressive,none,distinct,1 2 6 8 9 10
661W4H54Yrxin1,6,plain,none,mixed,3 3 4 6 7 13
661WAbDd66UH20,6,progressive,none,distinct,2 3 4 8 9 10
661WuGHQ4DKh22,6,plain,none,mixed,1 4 5 8 9 9
661W29RMcGWfO9,6,progressive,none,distinct,1 2 3 9 10 11
661WWfA5H17Mab,6,distinct,none,distinct,1 2 6 8 9 10
661WAWbYC4Jf1I,6,plain,none,mixed,1 1 7 7 9 11
661W99UUX3oSIe,6,progressive,none,distinct,1 4 6 7 8 10
661W8Hw1bCP1L6,6,plain,none,mixed,2 2 3 8 8 13
661W888upGfMca,6,progressive,none,distinct,1 3 6 7 8 11
661WhHIsC0X2YI,6,progressive,none,distinct,1 4 6 7 8 10
661W4LHXK8LjqG,6,progressive,none,distinct,1 2 6 8 9 10
661W5ZBKeWJsb1,6,progressive,none,distinct,1 5 6 7 8 9
661W2jg54X1BR6,6,plain,none,mixed,3 3 5 7 7 11
661W1RIskWHbYX,6,plain,none,mixed,2 3 4 4 8 15
661Wa9YYmeLR35,6,progressive,none,distinct,1 3 6 7 9 10
661W1RDp4WfrL8,6,progressive,none,distinct,2 3 5 7 9 10
661WCPY5a25ZJ5,6,progressive,none,distinct,1 2 4 7 10 12
661WIeii8ZHok4,6,progressive,none,distinct,2 4 5 7 8 10
661W04DqqfUbwe,6,progressive,none,distinct,1 4 6 7 8 10
661WKyobjGWaKI,6,progressive,none,distinct,2 3 4 7 8 12
661WunxYWY4QJe,6,plain,none,mixed,1 4 4 7 10 10
661W55en8mXfQ2,6,plain,none,mixed,1 1 5 7 10 12
661W48en8GXBLA,6,distinct,none,distinct,2 3 4 6 8 13
661W89J2149NIb,6,progressive,none,distinct,1 3 6 7 8 11
661W4hpWnMR4X0,6,progressive,none,distinct,1 3 4 7 10 11
661W97dy03Jiwh,6,progressive,none,distinct,1 4 6 7 8 10
661W2YgHm6xsiX,6,progressive,none,distinct,1 2 6 8 9 10
661W8f51u8Voeo,6,progressive,none,distinct,1 2 5 7 10 11
661Wb7AcC0m0hA,6,plain,none,mixed,1 3 3 6 9 14
661W4Op60QrLGX,6,plain,none,mixed,2 4 4 7 7 12
661W9ZEdA768Y8,6,distinct,none,distinct,2 3 5 6 7 13
661W3eL8mekTOZ,6,progressive,none,distinct,1 3 5 6 9 12
661WMqPH2GY7X4,6,distinct,none,distinct,2 3 4 5 6 16
661WG8o14SxbJ6,6,progressive,none,distinct,2 3 5 7 8 11
661W0YoZ4Gosfp,6,progressive,none,distinct,2 3 4 8 9 10
661W2MBKq8rrQW,6,progressive,none,distinct,1 5 6 7 8 9
661WHYMX4aHpn2,6,progressive,none,distinct,2 3 5 6 8 12
661WaDfZ4un0MG,6,progressive,none,distinct,1 2 3 9 10 11
661WYGAp65Ap6I,6,distinct,none,distinct,1 4 5 6 9 11
661WvoMC845Z48,6,distinct,none,distinct,2 3 4 6 7 14
661W8XOqYAMKiv,6,plain,none,mixed,2 3 3 7 9 12
661Wj2Q44KOj44,6,distinct,none,distinct,1 2 3 5 12 13
661WWfZ44b8RAK,6,plain,none,mixed,1 5 5 6 9 10
661W164ymWfQsr,6,progressive,none,distinct,2 4 5 6 9 10
661WmHf22HYXpA,6,plain,none,mixed,1 4 5 5 9 12
661WfIw724Ofc8,6,plain,none,mixed,1 5 6 7 7 10
661W8nPIefIB61,6,progressive,none,distinct,1 3 4 8 9 11
661WmfMkIWICq8,6,progressive,none,distinct,1 5 6 7 8 9
661WCf6524JQn2,6,progressive,none,distinct,2 3 4 7 8 12
661WNoLy8W5N94,6,progressive,none,distinct,1 3 6 7 9 10
661W8XgK4GYh6A,6,plain,none,mixed,2 2 5 8 9 10
661W1AIfdmSf9G,6,progressive,none,distinct,1 2 6 7 8 12
661WKiuOC4592I,6,plain,none,mixed,1 3 3 4 5 20
661W995gKWmakS,6,plain,none,mixed,2 3 6 6 8 11
661W7ELYH7IaHg,6,progressive,none,distinct,1 2 6 7 9 11
661WnY8bE4Ph68,6,progressive,none,distinct,1 4 6 7 8 10
661W8GOr2COhLX,6,plain,none,mixed,2 2 6 6 10 10
661WCRBLKGLmL8,6,plain,none,mixed,1 4 6 7 7 11
661Weqj21PgHIm,6,plain,none,mixed,2 3 6 7 9 9
661WKHMeGOgd12,6,plain,none,mixed,2 3 3 7 9 12
661W1GRvYJAoY9,6,progressive,none,distinct,1 3 4 7 10 11
661W8blp68B4h0,6,progressive,none,distinct,1 2 6 8 9 10
661W1H9bMZYx68,6,progressive,none,distinct,1 4 5 7 9 10
661WG9xYZ4B6La,6,progressive,none,distinct,1 4 5 7 9 10
661WZUKbA5A608,6,plain,none,mixed,1 2 4 4 12 13
661WX9QbM5kC44,6,progressive,none,distinct,2 3 6 7 8 10
661W0dLYan8n5P,6,plain,none,mixed,1 5 5 6 8 11
661W4OnS428TZ2,6,plain,none,mixed,2 2 4 7 7 14
661WGANA4IAr48,6,progressive,none,distinct,1 3 5 6 10 11
661WX2rX24nXa8,6,distinct,none,distinct,1 2 4 8 10 11
661WAbsZ08RHKX,6,progressive,none,distinct,1 4 6 7 8 10
661WGGfn24AJ56,6,progressive,none,distinct,1 3 4 8 9 11
661W28n94MX1wK,6,plain,none,mixed,1 1 4 8 10 12
661WbET424OepM,6,plain,none,mixed,2 4 4 6 8 12
661WKH50q6JYzu,6,progressive,none,distinct,1 2 5 8 9 11
661W87bo44n7Tb,6,progressive,none,distinct,1 3 5 8 9 10
661Wgbiv41LDP2,6,progressive,none,distinct,2 4 5 7 8 10
661W6Ic9WGKzpL,6,progressive,none,distinct,1 4 5 7 9 10
661W4Eb68CfA88,6,distinct,none,distinct,1 3 4 5 9 14
661W0I2n2GnMlS,6,progressive,none,progressive,1 3 5 7 9 11
661WGbA3o06SfD,6,distinct,none,distinct,1 3 4 5 11 12
661WIHKX28RIYK,6,progressive,none,distinct,1 5 6 7 8 9
661W8xnIeIMC23,6,progressive,none,distinct,1 2 6 8 9 10
661WJB8MWTefl1,6,progressive,none,distinct,1 3 6 7 9 10
661WOrbh8ZGCQC,6,progressive,none,distinct,2 4 6 7 8 9
661WH37o15mHJa,6,plain,none,mixed,1 1 5 6 9 14
661Wan52nLri02,6,plain,none,mixed,2 3 3 4 6 18
661W0PR1ApcNY8,6,progressive,none,distinct,1 2 6 8 9 10
661WWIIy2JQQo6,6,progressive,none,distinct,1 4 5 7 9 10
661W1LpjE5cKSG,6,progressive,none,distinct,1 3 4 7 9 12
661WefRIfHYP8O,6,distinct,none,distinct,2 3 4 8 9 10
661WeFhH3eWMXm,6,plain,none,mixed,1 1 6 8 9 11
661W8GbAoOb8GY,6,plain,none,mixed,3 3 3 6 7 14
661WfEpX2C8s88,6,plain,none,mixed,1 3 4 9 9 10
661WGIWZ5Q6Dem,6,plain,none,mixed,1 3 3 4 11 14
661W3PZMGmaCjC,6,progressive,none,distinct,1 3 6 7 9 10
661W8Gyh1A49ca,6,distinct,none,distinct,1 2 5 6 8 14
661WfZF214gXIe,6,progressive,none,distinct,2 3 4 8 9 10
661We6YBCLMoan,6,progressive,none,distinct,2 3 4 6 10 11
661W1wgSGaokKZ,6,progressive,none,distinct,1 2 3 9 10 11
661WYIc6kHAqfW,6,distinct,none,distinct,2 3 4 6 7 14
661Wb9Y25Keo01,6,distinct,none,distinct,1 2 4 6 7 16
661WG9XIrhH3AG,6,progressive,none,distinct,1 2 6 8 9 10
661WGULCo2ZTOg,6,progressive,none,distinct,1 3 5 8 9 10
661WXvIbhWY28I,6,plain,none,mixed,1 2 7 8 9 9
661WGZV12KGna4,6,progressive,none,distinct,1 2 5 8 9 11
661WX8NQb8rR8K,6,plain,none,mixed,3 3 5 7 8 10
661W5ravmWs9QD,6,progressive,none,distinct,2 3 6 7 8 10
661WeYUf23ebCS,6,progressive,none,distinct,1 3 6 7 9 10
661WCPSMWKv8d1,6,progressive,none,distinct,1 3 6 7 9 10
661WrPMf1AoIWW,6,progressive,none,distinct,2 3 4 7 9 11
661WPAMT23GCJ6,6,plain,none,mixed,1 4 6 6 7 12
661W8PpOX29KZ4,6,progressive,none,distinct,2 3 4 7 9 11
661W9ROmWqPKY9,6,plain,none,mixed,1 3 6 6 8 12
661W9IbPQ129p4,6,plain,none,mixed,2 2 5 8 9 10
661WWICO8LUpd2,6,progressive,none,distinct,2 3 4 8 9 10
661WfQofH4Oa1Y,6,progressive,none,distinct,2 3 5 6 9 11
661W5GOnuJ2EH9,6,plain,none,mixed,1 3 5 5 7 15
661WacLfp3mWi2,6,progressive,none,distinct,1 2 6 8 9 10
661W89DIgKv-4W,6,progressive,none,distinct,2 3 5 7 9 10
661W5wrKg9fK2W,6,progressive,none,distinct,1 4 5 7 9 10
661WAGYIH04wry,6,plain,none,mixed,1 4 5 5 6 15
661Wefocj10cY6,6,plain,none,mixed,2 5 5 6 7 11
661WGHIro4F22Y,6,plain,none,mixed,2 3 3 9 9 10
661WeGn11a8JYa,6,plain,none,mixed,1 1 6 8 9 11
661W8JjTAAeWX8,6,progressive,none,distinct,2 3 6 7 8 10
661W1f7b2WwisC,6,progressive,none,distinct,1 3 6 7 9 10
661WGYmc4Sf9a8,6,distinct,none,distinct,1 4 5 7 9 10
661W8ELanK4Lf8,6,plain,none,mixed,1 2 4 7 7 15
661W8KUGZ88tjW,6,progressive,none,distinct,1 2 4 8 10 11
661WenQsu30Ab1,6,progressive,none,distinct,1 2 6 8 9 10
661W8eXfm4BJeo,6,progressive,none,distinct,1 2 5 8 9 11
661W5X1tDL8Wgo,6,plain,none,mixed,2 3 4 4 8 15
661WJnbh0JKDOX,6,progressive,none,distinct,2 3 5 6 9 11
661WCL8uXEPGg4,6,plain,none,mixed,1 3 4 8 10 10
661W1cefGYRrgn,6,progressive,none,distinct,1 5 6 7 8 9
661WAMg4vAXX22,6,plain,none,mixed,1 2 6 7 7 13
661WOitX14JL8e,6,progressive,none,distinct,1 3 4 8 9 11
661WWGjjA3Mn28,6,progressive,none,distinct,2 3 5 7 9 10
661W4J-qaGeTqY,6,progressive,none,distinct,2 4 5 7 8 10
661WGpSf52sA4a,6,progressive,none,distinct,1 3 6 7 8 11
661WbEVdi08Wec,6,plain,none,mixed,3 4 5 5 8 11
661WAdjAI8p0G4,6,plain,none,mixed,1 3 3 6 8 15
661W06DYaKGXJo,6,plain,none,mixed,2 3 4 4 8 15
661W8mQ9ISw23A,6,plain,none,mixed,2 2 4 5 7 16
661W09ZQrXB6Ki,6,progressive,none,distinct,2 3 6 7 8 10
661WJJ27WJLCfY,6,distinct,none,distinct,1 3 5 6 8 13
661W8ARX4OnNI8,6,progressive,none,distinct,1 4 6 7 8 10
661WH9X62LgkK8,6,plain,none,mixed,3 4 6 6 6 11
661WGnHd026-PI,6,progressive,none,distinct,1 4 5 7 8 11
661WOfl9G0SEr6,6,progressive,none,distinct,1 5 6 7 8 9
661WWOefK523VI,6,plain,none,mixed,2 2 5 5 6 16
661WJ6JGZhKPM0,6,plain,none,mixed,2 2 4 7 10 11
661WGaXiY2DGZy,6,plain,none,mixed,1 1 5 7 11 11
661WGKf4a6ECfD,6,distinct,none,distinct,1 2 3 5 8 17
661WrLJsK0d1j4,6,progressive,none,distinct,1 3 6 7 9 10
661W58Ih0oCvGX,6,distinct,none,distinct,1 2 3 6 10 14
661WJZ5O5Y8nIo,6,distinct,none,distinct,1 2 4 6 11 12
661W8nIYIEQ2q8,6,progressive,none,distinct,1 2 6 7 9 11
661WcSgcKX6ZW4,6,progressive,none,distinct,1 3 4 5 11 12
661WGGZtr8M2MA,6,progressive,none,distinct,2 4 5 6 7 12
661W3QitD3E5iY,6,progressive,none,distinct,2 3 5 7 9 10
661WOwYe02ud5A,6,plain,none,mixed,1 4 5 5 8 13
661W5IJy8j6cX4,6,progressive,none,distinct,2 3 4 8 9 10
661WGXxmG692YA,6,plain,none,mixed,1 2 2 8 9 14
661WGXk274HJ6a,6,plain,none,mixed,1 2 7 7 9 10
661W2ErZbbZ4P8,6,progressive,none,distinct,2 3 5 7 9 10
661WeeMf2BHMeG,6,progressive,none,distinct,2 3 4 8 9 10
661W8j5Oi8UHUX,6,plain,none,mixed,1 3 4 7 7 14
661WWOrBY969vH,6,progressive,none,distinct,1 3 6 7 8 11
661W9GLAGPMhGX,6,plain,none,mixed,3 4 4 5 6 14
661Wb55wA0rY_2,6,progressive,none,distinct,1 5 6 7 8 9
661WECiIc8Os0Y,6,progressive,none,distinct,1 3 4 7 10 11
661W8IZIaGGn23,6,plain,none,mixed,1 1 7 8 9 10
661W8XF22KonI8,6,progressive,none,distinct,1 3 5 8 9 10
661WmLAq0Y7Mk2,6,progressive,none,distinct,1 2 5 7 10 11
661W8Hp84GjDjQ,6,progressive,none,distinct,3 4 5 6 8 10
661WMnL224H7Q4,6,progressive,none,distinct,1 3 6 7 8 11
661WHUwbi1I1Os,6,progressive,none,distinct,2 4 5 6 9 10
661WHeo4Y5ffOo,6,progressive,none,distinct,1 3 6 7 8 11
661W49AwaGifc3,6,plain,none,mixed,1 4 6 6 8 11
661WZ6AY4COGYG,6,distinct,none,distinct,1 2 3 6 10 14
661WGkKHW4fIkb,6,progressive,none,distinct,1 2 6 8 9 10
661WDb9J4H2WPA,6,distinct,none,distinct,2 3 4 5 10 12
661WbOJgsCnL1W,6,progressive,none,distinct,2 4 5 6 8 11
661WOHhuqGgWoe,6,plain,none,mixed,1 6 6 6 8 9
661WGsiI44obh4,6,plain,none,mixed,3 4 6 6 7 10
661W8HIv14DAMB,6,progressive,none,distinct,1 3 6 7 9 10
661W0cj8YnjPIo,6,progressive,none,distinct,2 3 4 7 9 11
661W2PJMXIbDAG,6,progressive,none,distinct,1 5 6 7 8 9
661W15x42YaZZp,6,progressive,none,distinct,1 2 5 7 9 12
661W0WgNEb9Yb8,6,plain,none,mixed,2 4 6 7 7 10
661W56t22LhbKG,6,progressive,none,distinct,2 3 5 7 8 11
661W9X751qIfoa,6,progressive,none,distinct,1 3 6 7 8 11
661Wa2dBIHAcq8,6,distinct,none,distinct,1 3 4 6 10 12
661WA7mX4fYZL2,6,progressive,none,distinct,1 3 5 6 9 12
661W8n2S446Qrj,6,progressive,none,distinct,3 4 5 6 8 10
661WffVC0IIDph,6,progressive,none,distinct,2 4 6 7 8 9
661WWXL3h99wJ4,6,plain,none,mixed,2 2 6 7 8 11
661WIAcOe4lc85,6,plain,none,mixed,2 3 3 3 8 17
661WrMf580Imej,6,progressive,none,distinct,1 3 5 6 10 11
661W2fo8KX93Qb,6,distinct,none,distinct,1 3 5 7 8 12
661WaTmL037ocp,6,plain,none,mixed,1 3 4 4 8 16
661We4n8MHhLU4,6,progressive,none,distinct,1 2 6 7 8 12
661WIoOY98YEg9,6,plain,none,mixed,1 3 5 5 9 13
661W2vcY2bGNy8,6,progressive,none,distinct,1 3 5 8 9 10
661WGaebGZ5HYn,6,distinct,none,distinct,1 2 6 7 9 11
661W8LgL4Z7mnG,6,progressive,none,distinct,1 3 5 8 9 10
661W2rk48Og5A4,6,plain,none,mixed,3 3 4 5 7 14
661W5FQt0XoCWp,6,distinct,none,distinct,1 3 4 7 8 13
661W5eXd5bfB0W,6,progressive,none,distinct,1 4 5 6 8 12
661W8OqLCCOaJ2,6,plain,none,mixed,1 4 5 8 9 9
661WCgcF6K7ma8,6,plain,none,mixed,2 2 4 5 9 14
661WH1mO1DslQo,6,progressive,none,distinct,1 4 5 6 9 11
661W8OZ1148sae,6,plain,none,mixed,1 1 5 9 9 11
661WL7HaGXLok4,6,progressive,none,distinct,2 3 5 7 8 11
661WMLBYYdDiZW,6,progressive,none,distinct,2 4 6 7 8 9
661WrfA2Y0WGrc,6,plain,none,mixed,2 2 3 5 11 13
661We9593YHdYa,6,plain,none,mixed,1 1 6 9 9 10
661W0jYA4ZAs8O,6,progressive,none,distinct,1 3 5 6 7 14
661WZQAcnXMIVW,6,plain,none,mixed,1 5 5 7 8 10
661W4Yha1INM7B,6,progressive,none,distinct,1 3 5 6 9 12
661WGIsvmGIHaj,6,plain,none,mixed,2 4 4 8 9 9
661W4KacnfE9gE,6,progressive,none,distinct,2 3 4 8 9 10
661W1WAW2LfZ7h,6,distinct,none,distinct,1 2 3 7 11 12
661Wbdb2A0A_6r,6,progressive,none,distinct,2 4 6 7 8 9
661WAOtLK8SWw2,6,progressive,none,distinct,1 4 5 6 9 11
661W19IPmmengo,6,progressive,none,distinct,1 4 5 6 9 11
661WIifh245AgX,6,progressive,none,distinct,2 4 5 6 7 12
661WGIdn4ChWo2,6,plain,none,mixed,1 3 6 6 8 12
661WPMAO0JOZ6I,6,plain,none,mixed,3 3 4 5 7 14
661WCbQgO0AjaK,6,progressive,none,distinct,1 2 5 7 10 11
661WWAaabafBPm,6,distinct,none,distinct,1 2 5 8 9 11
661WnPqhO0o9un,6,progressive,none,distinct,1 4 6 7 8 10
661W5Occ4ankY4,6,plain,none,mixed,1 5 6 6 8 10
661WYYIp23rQHK,6,progressive,none,distinct,1 4 5 6 9 11
661W5Psb8amb0X,6,progressive,none,distinct,2 4 5 7 8 10
661WWGozx1AY0a,6,progressive,none,distinct,1 2 3 7 11 12
661WYCfvfbEN0W,6,progressive,none,distinct,1 3 6 7 9 10
661WfANeX28r34,6,progressive,none,distinct,1 4 5 7 9 10
661W91S10FtAJE,6,plain,none,mixed,1 1 6 8 9 11
661WewLif5bL10,6,plain,none,mixed,3 3 5 7 7 11
661W8ZWY8AsgcC,6,distinct,none,distinct,1 2 6 8 9 10
661Wf8QZ2OGKIC,6,plain,none,mixed,1 2 6 6 9 12
661W1LYb4LBgMK,6,progressive,none,distinct,1 5 6 7 8 9
661WbWWnX8pb2a,6,progressive,none,distinct,2 3 4 5 9 13
661W9HZAHai925,6,plain,none,mixed,1 2 5 9 9 10
661W0SYYaGXtPf,6,progressive,none,distinct,1 3 4 7 10 11
661WfGLSfAnp20,6,progressive,none,distinct,2 4 5 6 8 11
661WGXAWd48np8,6,progressive,none,distinct,1 2 5 8 9 11
661WPIXtf1GnI4,6,progressive,none,distinct,2 3 5 6 9 11
661W8J6PI0Xpdf,6,progressive,none,distinct,2 3 6 7 8 10
661W9eHQXL7BhG,6,progressive,none,distinct,2 4 5 7 8 10
661WWZCLm7bpca,6,progressive,none,distinct,1 3 5 8 9 10
661W0mEp8KoxLC,6,progressive,none,distinct,1 3 6 7 8 11
661WQrin288nX4,6,plain,none,mixed,3 3 5 7 9 9
661WPEcenX8d98,6,progressive,none,distinct,2 4 5 7 8 10
661WemKhW3LhXY,6,progressive,none,distinct,1 3 5 8 9 10
661W2Osv9Gza9a,6,progressive,none,distinct,1 4 6 7 8 10
661W0PojSKW5QK,6,plain,none,mixed,2 2 4 6 7 15
661W8HYd88HHmX,6,progressive,none,distinct,1 3 5 6 8 13
661W2Ivoe8XEg9,6,progressive,none,distinct,2 3 5 7 9 10
661WJCvuWqdCna,6,progressive,none,distinct,1 3 6 7 9 10
661W34H3rgnZL0,6,progressive,none,distinct,1 3 5 8 9 10
661WWDK22PgrzA,6,progressive,none,distinct,1 5 6 7 8 9
661W4vAQIGgInA,6,plain,none,mixed,2 5 5 6 7 11
661WGndcI4KLuG,6,plain,none,mixed,1 4 4 7 7 13
661WpGiLWKQkT1,6,plain,none,mixed,2 3 7 7 8 9
661WpMHb22MoaG,6,progressive,none,distinct,1 5 6 7 8 9
661WXIbrIGCL8M,6,plain,none,mixed,1 2 5 6 11 11
661W4MKgu0XEyg,6,progressive,none,distinct,2 3 5 6 9 11
661WIKuHY8IZ51,6,plain,none,mixed,1 3 5 5 8 14
661W6pLZW4gsP1,6,progressive,none,distinct,1 3 5 8 9 10
661WgfHRW55kgX,6,progressive,none,distinct,2 4 5 7 8 10
661WpLAb2GZfI0,6,progressive,none,distinct,2 3 4 8 9 10
661WH1L289uvKf,6,progressive,none,distinct,2 4 5 6 8 11
661W2Pf14nYZ_2,6,progressive,none,distinct,2 4 5 6 7 12
661W4I36KGrr24,6,distinct,none,distinct,1 3 6 7 9 10
661WHXHC2TKvK8,6,plain,none,mixed,3 3 4 5 10 11
661WGfM2A6LpOG,6,plain,none,mixed,2 2 6 6 7 13
661WXDAb1IaXEm,6,distinct,none,distinct,1 2 6 7 9 11
661WPCYaGZbb5I,6,distinct,none,distinct,1 2 4 8 10 11
661Wb_BIZaQYGG,6,progressive,none,distinct,1 4 5 6 8 12
661W4JZJ2CeKn4,6,plain,none,mixed,1 3 5 7 10 10
661W0aaq8hDJcI,6,plain,none,mixed,2 3 5 8 9 9
661WKOQO0AQZ4A,6,plain,none,mixed,2 3 3 4 9 15
661W2KhcoX6gdW,6,progressive,none,distinct,2 3 5 7 8 11
661W0ugb4GYhUO,6,plain,none,mixed,2 2 4 8 9 11
661WHHjXGL-PI8,6,plain,none,mixed,3 3 5 6 9 10
661W8AZMKGKsX4,6,progressive,none,distinct,1 3 6 7 9 10
661WLgKc9W9AX3,6,progressive,none,distinct,1 4 6 7 8 10
661W2LX5mIayP9,6,progressive,none,distinct,1 2 6 7 9 11
661WHpRM1eYBKY,6,progressive,none,distinct,2 3 5 7 9 10
661W4f1X1b9p4f,6,progressive,none,distinct,1 4 6 7 8 10
661WigAFWatIL5,6,progressive,none,distinct,1 3 5 8 9 10
661WaKjIp7IWO4,6,plain,none,mixed,1 3 4 8 8 12
661WmfKKAeAjI2,6,distinct,none,distinct,1 2 4 5 9 15
661W8IZWYKOmZa,6,progressive,none,distinct,1 3 5 8 9 10
661WIqiRHGuqvW,6,progressive,none,distinct,1 4 6 7 8 10
661WAbIv42B2LK,6,plain,none,mixed,1 4 5 6 10 10
661W4vvegfUH1i,6,progressive,none,distinct,1 4 6 7 8 10
661WCPXM1KegX5,6,progressive,none,distinct,1 2 6 7 9 11
661WIKwfKGhYIG,6,progressive,none,distinct,1 5 6 7 8 9
661W48hKv8KI48,6,plain,none,mixed,1 4 4 5 10 12
661W8peI8pKgb4,6,distinct,none,distinct,2 3 5 7 8 11
661W6Cna8GXHb2,6,distinct,none,distinct,1 2 6 8 9 10
661WGLLcg8Beqo,6,progressive,none,distinct,2 3 5 7 9 10
661WWXKfJXOGae,6,plain,none,mixed,1 1 6 7 7 14
661W9MCBAW4Ej6,6,distinct,none,distinct,2 3 4 5 6 16
661WXJFo18f5Pw,6,plain,none,mixed,2 2 3 5 7 17
661WLN35I97Yi8,6,plain,none,mixed,3 4 4 6 8 11
661Wa9Ci8eLIc4,6,progressive,none,distinct,1 4 5 7 9 10
661WKPb22KoYK8,6,plain,none,mixed,3 3 4 6 9 11
661WYuiOq1JXUY,6,progressive,none,distinct,1 4 5 7 9 10
661WAfJ0WbAmh5,6,progressive,none,distinct,1 3 5 6 10 11
661WIbo1Y8Gpb1,6,progressive,none,distinct,1 3 6 7 9 10
661W27w388WwNA,6,progressive,none,distinct,1 2 6 7 8 12
661WXHvmX4eqjO,6,distinct,none,distinct,2 4 5 7 8 10
661WH0nKAHXJ2Z,6,distinct,none,distinct,1 2 3 8 10 12
661WeKcK89AbAA,6,progressive,none,distinct,2 4 5 6 8 11
661W6nAY28IMsK,6,progressive,none,distinct,1 5 6 7 8 9
661W0WE9IOgrgv,6,progressive,none,distinct,2 3 6 7 8 10
661W0AfogGGhuP,6,plain,none,mixed,1 2 3 9 9 12
661W48rG2SfH2Z,6,distinct,none,distinct,1 2 5 7 9 12
661W3H6AKJJI4O,6,plain,none,mixed,1 1 5 6 9 14
661WAINkIG4ZHI,6,distinct,none,distinct,1 4 5 6 9 11
661WnQsL03Cqhn,6,progressive,none,distinct,1 5 6 7 8 9
661W0WxHYb9Xb9,6,plain,none,mixed,3 3 3 7 9 11
661WGM3H8KQxNK,6,progressive,none,distinct,1 3 6 7 8 11
661WpLou02gJc2,6,plain,none,mixed,1 5 5 6 7 12
661W24Z61QrIrY,6,plain,none,mixed,4 4 4 6 8 10
661W49YdA8HBWX,6,progressive,none,distinct,2 3 4 6 10 11
661W5cjMXoFDA0,6,progressive,none,distinct,1 4 5 7 9 10
661W5ALq8W8HfK,6,progressive,none,distinct,1 2 5 7 9 12
661WQoxL94u1ao,6,progressive,none,distinct,1 4 6 7 8 10
661Wb9Z2C6iI8G,6,plain,none,mixed,2 2 4 6 8 14
661WGhXK4S8xAI,6,progressive,none,distinct,1 5 6 7 8 9
661W8XPZ4nYXK4,6,plain,none,mixed,2 2 3 8 10 11
661WLHXMiHWr21,6,progressive,none,distinct,2 3 5 7 9 10
661WKfHZ_8KW02,6,progressive,none,distinct,1 2 6 8 9 10
661W8GrebCCOaA,6,progressive,none,distinct,1 2 4 8 10 11
661WANEbe4nX0c,6,progressive,none,distinct,1 3 5 8 9 10
661WLH2n15fb3a,6,plain,none,mixed,1 4 4 7 9 11
661W5HA1WbgIjs,6,progressive,none,distinct,1 2 5 8 9 11
661WKfIHp22rY0,6,distinct,none,distinct,1 2 4 5 9 15
661WB578GfgH2C,6,plain,none,mixed,2 3 3 4 11 13
661WD8V48TIH28,6,plain,none,mixed,1 4 5 5 9 12
661WH0HXIRnYa8,6,progressive,none,distinct,1 3 5 8 9 10
661WXBtY45ZKa8,6,progressive,none,distinct,2 4 5 7 8 10
661WDfB4XYdYb4,6,progressive,none,distinct,3 4 5 7 8 9
661WndQn2GGGbG,6,plain,none,mixed,2 2 3 7 11 11
661W49MZb89IH2,6,distinct,none,distinct,2 3 5 7 8 11
661W0amJGfLgtI,6,progressive,none,distinct,1 4 5 7 9 10
661Wnv5D04rqaf,6,progressive,none,distinct,2 3 5 7 9 10
661WQK-E486n44,6,progressive,none,distinct,1 3 5 6 10 11
661W4wAue8_b51,6,plain,none,mixed,1 5 6 7 7 10
661W8X526bIWXZ,6,distinct,none,distinct,2 3 4 5 8 14
661WImZY2b9bP2,6,progressive,none,distinct,2 4 6 7 8 9
661W48Q498GfMa,6,progressive,none,distinct,1 3 5 6 9 12
661WHYr9q113qg,6,progressive,none,distinct,1 4 6 7 8 10
661W3HbSKeuTA2,6,plain,none,mixed,3 3 3 8 9 10
661W4gli82csY8,6,progressive,none,distinct,1 2 6 7 9 11
661WeILYWHhHLf,6,plain,none,mixed,2 3 4 5 11 11
661WGaMYe6LpLn,6,progressive,none,distinct,2 4 6 7 8 9
661WbWgWmLFkNa,6,progressive,none,distinct,2 3 6 7 8 10
661WCPLYu8Dv11,6,progressive,none,distinct,1 4 5 7 9 10
661W5O9PoTIZYe,6,progressive,none,distinct,2 3 5 6 9 11
661W0JYGeCfyvq,6,progressive,none,distinct,1 3 6 7 9 10
661WLeEI4amGjI,6,distinct,none,distinct,2 3 4 6 7 14
661WGfpl244QeG,6,progressive,none,distinct,1 2 6 8 9 10
661W2qfb2Z7KA4,6,progressive,none,distinct,1 3 5 6 10 11
661W2Xn9HCJ5jg,6,distinct,none,distinct,2 3 5 6 9 11
661W8LKk2bV8qG,6,progressive,none,distinct,1 3 5 6 10 11
661W1G0OoJhIbi,6,distinct,none,distinct,1 2 4 7 10 12
661W05IdAIaGMK,6,plain,none,mixed,2 3 3 6 6 16
661W251OACLgrC,6,plain,none,mixed,2 2 3 6 11 12
661WB4GEYRQfbf,6,plain,none,mixed,2 2 4 7 10 11
661Wf5JUk4a5U1,6,progressive,none,distinct,1 3 6 7 8 11
661WjaGfQ0lIi0,6,distinct,none,distinct,1 3 4 5 11 12
661W0JqKfKfcAG,6,progressive,none,distinct,1 2 4 8 9 12
661W97c10LZoan,6,progressive,none,distinct,1 2 4 7 10 12
661W4OeH2AKkL8,6,plain,none,mixed,1 4 4 6 10 11
661W24BTxSnYa0,6,progressive,none,distinct,2 4 5 6 9 10
661W4avMYKhE2o,6,plain,none,mixed,3 3 6 6 7 11
661WB6oabHIg5G,6,plain,none,mixed,1 4 7 8 8 8
661WCqX0aQsef9,6,plain,none,mixed,3 3 4 5 10 11
661W0Wb8YOlSvo,6,progressive,none,distinct,3 4 5 6 8 10
661W8PunmIWb2e,6,plain,none,mixed,1 2 2 6 7 18
661WW40ICNlMjK,6,distinct,none,distinct,2 4 5 6 7 12
661WeIncIebIH2,6,progressive,none,distinct,1 4 6 7 8 10
661WBAIa0Yrd92,6,plain,none,mixed,2 3 6 6 7 12
661W4H25G8LETQ,6,progressive,none,distinct,2 3 5 7 9 10
661WXHDA89sh68,6,plain,none,mixed,4 4 4 5 8 11
661WJ6uJg9XBaW,6,plain,none,mixed,1 3 4 7 7 14
661WGbYwK0BLBA,6,progressive,none,distinct,1 4 5 7 9 10
661WGnbu88MWZ2,6,distinct,none,distinct,1 2 4 6 11 12
661WDzAenHAZB0,6,progressive,none,distinct,2 4 5 7 8 10
661WLnHbeJ4sWY,6,progressive,none,distinct,2 3 6 7 8 10
661W9Ybd2mh8I4,6,progressive,none,distinct,1 4 5 6 8 12
661W6KRKGGbdZ2,6,plain,none,mixed,2 4 4 7 9 10
661W0LreYfNEz1,6,plain,none,mixed,2 2 5 6 9 12
661W1kIn2HJMdG,6,plain,none,mixed,1 2 6 8 8 11
661W8WGbWpcOqg,6,plain,none,mixed,2 2 3 5 7 17
661WCLmP1Ieohi,6,progressive,none,distinct,3 4 5 7 8 9
661W4eZBxX9gW2,6,progressive,none,distinct,2 3 4 6 9 12
661W4YeX48odMb,6,progressive,none,distinct,2 3 4 7 9 11
661W8IaXCGOvo4,6,plain,none,mixed,1 3 7 8 8 9
661WZ7HYK8afa0,6,progressive,none,distinct,1 2 3 8 10 12
661WCOf498Gn65,6,progressive,none,distinct,1 4 5 7 9 10
661WYrMiy1I6Pe,6,progressive,none,distinct,2 3 4 8 9 10
661W9Jb9WaDun1,6,plain,none,mixed,1 3 3 8 8 13
661WGYY49nHX25,6,plain,none,mixed,1 2 4 7 11 11
661W6GG9YCKlJL,6,progressive,none,distinct,1 3 5 6 10 11
661W45Zl2b77T2,6,plain,none,mixed,2 4 4 8 8 10
661WCXoK8GZc22,6,plain,none,mixed,1 1 5 8 9 12
661WHYb54eeQLA,6,progressive,none,distinct,2 3 5 6 8 12
661WGngaX26od8,6,progressive,none,distinct,2 4 5 7 8 10
661W0AWYOAnhfI,6,plain,none,mixed,1 2 7 7 8 11
661WbJIc5C9Ca9,6,progressive,none,distinct,1 3 5 8 9 10
661W8ISbA4XMgO,6,plain,none,mixed,3 4 4 7 8 10
661WqeXbAW1H6C,6,progressive,none,distinct,1 4 5 6 7 13
661WALrQr0HY28,6,progressive,none,distinct,1 2 6 7 9 11
661WGWYXGSzPo4,6,plain,none,mixed,2 4 5 5 9 11
661WCH3A0APYSv,6,progressive,none,distinct,2 3 4 8 9 10
661WGZQ92nSfL6,6,plain,none,mixed,2 3 4 8 8 11
661WKHJ11KgJgq,6,progressive,none,distinct,2 4 6 7 8 9
661WWf2UA56CrC,6,progressive,none,distinct,2 3 6 7 8 10
661WGn9m5CRJLa,6,distinct,none,distinct,1 2 6 7 8 12
661Wa9P48oan44,6,progressive,none,distinct,1 2 5 7 9 12
661WAQD144nYz6,6,progressive,none,distinct,3 4 5 7 8 9
661WDPgM9WXWrY,6,progressive,none,distinct,1 4 5 6 9 11
661WGXfS229wr4,6,distinct,none,distinct,1 4 5 7 9 10
661WCaarYp-ZE1,6,progressive,none,distinct,2 3 4 8 9 10
661W9GaGbanaOq,6,plain,none,mixed,2 3 3 5 5 18
661W8gCgCAc4c4,6,plain,none,mixed,2 2 6 6 8 12
661WGWXgr09IdC,6,plain,none,mixed,4 4 4 4 8 12
661WH7hOof9H2m,6,plain,none,mixed,2 2 2 6 9 15
661WGGbEQGpmn2,6,plain,none,mixed,3 4 5 5 6 13
661W6KKYfC8UX8,6,plain,none,mixed,1 2 5 5 9 14
661WfGgcAG0fo8,6,plain,none,mixed,2 2 3 8 8 13
661W48b8mInYfH,6,progressive,none,distinct,1 2 5 8 9 11
661W5QdA8XMQ8G,6,plain,none,mixed,2 3 5 5 6 15
661W0oDKGX_ob8,6,progressive,none,distinct,1 2 6 7 9 11
661WCegH48Jmrb,6,plain,none,mixed,3 3 5 8 8 9
661WXLH8WJBpbH,6,plain,none,mixed,2 2 7 7 8 10
661WWWpMq9L369,6,progressive,none,distinct,1 4 5 7 9 10
661WXpDo21ApLf,6,progressive,none,distinct,2 4 5 6 8 11
661Wa8c4eaGZ27,6,plain,none,mixed,1 1 5 7 11 11
661W0HbBOOXiPI,6,progressive,none,distinct,1 3 6 7 9 10
661WCYnfK8hMK8,6,plain,none,mixed,1 6 6 7 7 9
661W5AZwhWSYo4,6,progressive,none,distinct,3 4 5 7 8 9
661WGZ1Z4OGXH2,6,plain,none,mixed,1 2 5 5 9 14
661WOeXAk4568o,6,plain,none,mixed,3 3 3 3 11 13
661WDgjQYJ796W,6,progressive,none,distinct,3 4 5 7 8 9
661WOJLK0IlYZ4,6,plain,none,mixed,1 4 4 5 8 14
661W7DHT6qau70,6,distinct,none,distinct,1 2 4 6 9 14
661W89bY84HENl,6,progressive,none,distinct,2 4 5 7 8 10
661W8w-eGGBa56,6,distinct,none,distinct,1 3 4 6 8 14
661WhH6Z04nKw4,6,distinct,none,distinct,1 2 4 5 10 14
661W99Y68HY_24,6,plain,none,mixed,1 4 4 8 8 11
661W0_5AKGMg8O,6,plain,none,mixed,1 2 4 4 10 15
661WE5c24Knq08,6,plain,none,mixed,1 1 2 3 7 22
661WX8JK8enYhI,6,progressive,none,distinct,1 5 6 7 8 9
661W2Orag8Oq9Y,6,progressive,none,distinct,2 3 5 7 8 11
661WOHl5GOk9o8,6,progressive,none,distinct,1 3 4 8 9 11
661W4Ib4eOOqX1,6,distinct,none,distinct,1 2 5 7 9 12
661Wd7M481gb64,6,progressive,none,distinct,2 3 4 7 8 12
661W48S2bKnZZA,6,plain,none,mixed,2 4 5 5 8 12
661WP9d9G9nMWX,6,distinct,none,distinct,2 3 4 5 9 13
661W8JW1aOH1J7,6,plain,none,mixed,1 1 4 7 9 14
661WLACvH9GX5X,6,plain,none,mixed,1 3 4 8 10 10
661WKghHhGHuq0,6,progressive,none,distinct,1 2 6 8 9 10
661WIKqKbAE962,6,plain,none,mixed,2 3 3 5 6 17
661WHgXYff1B9G,6,plain,none,mixed,2 2 6 6 9 11
661WWIqY25xoq8,6,distinct,none,distinct,2 4 6 7 8 9
661WhAI9K0ObTA,6,progressive,none,distinct,2 3 5 7 8 11
661WHWLWYVDRH1,6,progressive,none,distinct,1 3 4 7 8 13
661WIa4ObKrh61,6,plain,none,mixed,1 4 4 6 10 11
661WIzz644IS24,6,progressive,none,progressive,1 3 5 7 9 11
661W8fJpKX4yI2,6,progressive,none,distinct,1 2 6 8 9 10
661W0QIXAnIUo4,6,progressive,none,distinct,1 2 6 8 9 10
661WXApZ48nHOG,6,plain,none,mixed,2 3 3 8 9 11
661WH9XfI1epES,6,progressive,none,distinct,2 3 6 7 8 10
661WCOgf268na4,6,progressive,none,distinct,1 2 5 7 10 11
661WYsGae9ZQqY,6,progressive,none,distinct,1 4 5 6 9 11
661W5ZnK0gct22,6,progressive,none,distinct,1 2 5 6 10 12
661W8Cfb48G-cn,6,progressive,none,distinct,3 4 5 6 8 10
661WZBSTX0ifT4,6,progressive,none,distinct,1 3 4 8 9 11
661W8LJDAMXHaG,6,progressive,none,distinct,1 4 6 7 8 10
661WJM_-C16Y18,6,progressive,none,distinct,2 3 6 7 8 10
661W4c0nbv12UC,6,plain,none,mixed,1 3 3 4 7 18
661WZ9KQrGn2h0,6,progressive,none,distinct,2 4 5 7 8 10
661WGBqOa2tDMe,6,progressive,none,distinct,1 3 6 7 9 10
661WXXiX2LPJa4,6,plain,none,mixed,2 4 4 8 8 10
661W4A9H8CfRpA,6,plain,none,mixed,2 2 6 6 9 11
661WHEf8G1__In,6,progressive,none,distinct,2 3 5 7 9 10
661WIifdA25QA0,6,distinct,none,distinct,1 2 5 7 9 12
661WZIiQ03MgbO,6,progressive,none,distinct,1 4 5 7 8 11
661W5KTwaJIYub,6,distinct,none,distinct,2 3 4 7 9 11
661WGeZy2CLQRG,6,distinct,none,distinct,1 3 5 6 8 13
661W0PmQYKbihn,6,progressive,none,distinct,1 2 6 7 9 11
661WpDQpC0YSI2,6,progressive,none,distinct,1 4 5 6 9 11
661W8Ppd1IaKI5,6,progressive,none,distinct,1 4 6 7 8 10
661W4aOI2fHZxI,6,distinct,none,distinct,2 3 5 6 8 12
661W91gMGHcoKd,6,progressive,none,distinct,1 4 6 7 8 10
661WGcjn0EjPHG,6,plain,none,mixed,1 4 5 5 10 11
661WCfj184J8yr,6,progressive,none,distinct,2 3 4 8 9 10
661WfBW160HdJ6,6,plain,none,mixed,1 1 4 6 8 16
661WWfJf59TBem,6,progressive,none,distinct,1 5 6 7 8 9
661W49kennx570,6,progressive,none,distinct,1 4 5 6 9 11
661WWjxK035HfK,6,plain,none,mixed,2 2 4 8 9 11
661WX0bMC8f36E,6,progressive,none,distinct,1 3 5 8 9 10
661W0fIPqX8nvL,6,progressive,none,distinct,2 4 5 7 8 10
661W4GMUu0Gld9,6,plain,none,mixed,3 4 4 5 6 14
661WOssr80eiV8,6,progressive,none,distinct,1 4 5 7 9 10
661WaQQYOHtOY8,6,progressive,none,distinct,1 4 5 7 9 10
661W4B90XSPpZ8,6,progressive,none,distinct,1 3 6 7 9 10
661WrhZLe80oWa,6,progressive,none,distinct,1 3 5 8 9 10
661WQepwY29aua,6,progressive,none,distinct,2 4 5 7 8 10
661WX32b64vA6C,6,plain,none,mixed,1 5 5 6 9 10
661WIafpG05BL8,6,plain,none,mixed,2 2 3 6 9 14
661WAKMZA8OQa0,6,progressive,none,distinct,1 3 4 6 10 12
661WLDhLB1WIe3,6,progressive,none,distinct,1 4 5 7 8 11
661WnRaI08RJQp,6,progressive,none,distinct,3 4 5 6 8 10
661W2fR48GYLE4,6,distinct,none,distinct,1 4 5 7 8 11
661W49Uiw8923e,6,progressive,none,distinct,2 3 5 6 9 11
661W8HIbICT212,6,progressive,none,distinct,2 3 4 8 9 10
661W0Eb5gGOoeg,6,distinct,none,distinct,2 3 4 6 8 13
661W4TM514HjPg,6,plain,none,mixed,3 3 3 8 9 10
661WpLJNHKFWNW,6,progressive,none,distinct,2 3 6 7 8 10
661WXAb2g6Kg8o,6,distinct,none,distinct,2 3 4 5 10 12
661WZ6j124nYa4,6,progressive,none,distinct,2 3 4 8 9 10
661W11W59oboae,6,plain,none,mixed,1 1 2 5 11 16
661W25Q8iGj2Mc,6,distinct,none,distinct,1 3 4 7 10 11
661WAQNanGSJ90,6,progressive,none,distinct,1 3 5 8 9 10
661W8JJ582r3af,6,progressive,none,distinct,1 2 6 7 9 11
661WGWbCrXHuX2,6,plain,none,mixed,2 2 5 5 8 14
661WFjAT2oBAH0,6,progressive,none,distinct,1 3 5 8 9 10
661W2rEn2fAId0,6,progressive,none,distinct,1 5 6 7 8 9
661W8mf8GGgHZE,6,progressive,none,distinct,1 3 5 8 9 10
661WKKYS22AhU6,6,progressive,none,distinct,1 4 5 6 9 11
661WBIjiY3A8pP,6,distinct,none,distinct,1 4 5 7 8 11
661W4fb4fXOoX1,6,progressive,none,distinct,1 2 6 7 9 11
661W05JvMGeHMI,6,plain,none,mixed,1 4 5 6 6 14
661WQs5224mYrA,6,progressive,none,distinct,2 4 5 6 9 10
661WI8rg4IxqWG,6,plain,none,mixed,1 2 5 5 8 15
661WWZ1I45vp6A,6,progressive,none,distinct,1 5 6 7 8 9
661W12AN8eG8Xj,6,distinct,none,distinct,1 2 3 5 6 19
661W8hfIg8ok0e,6,distinct,none,distinct,1 3 5 6 8 13
661W04okmCKgbH,6,distinct,none,distinct,2 3 4 6 7 14
661WqmMeXeLUnW,6,progressive,none,progressive,1 3 5 7 9 11
661WbJIPK4Hrt8,6,progressive,none,distinct,2 3 6 7 8 10
661WX1wIi2bH69,6,progressive,none,distinct,1 2 3 9 10 11
661W36qhCWKYs4,6,plain,none,mixed,1 4 6 7 7 11
661WCMLe4flPD2,6,progressive,none,distinct,3 4 5 7 8 9
661W23r3AKWgYK,6,plain,none,mixed,1 2 3 8 8 14
661WCHa4H8T1AL,6,distinct,none,distinct,1 2 4 7 8 14
661WYbCA9ZGfpY,6,progressive,none,distinct,1 3 4 6 10 12
661WnlSrA09Z8I,6,progressive,none,distinct,2 3 6 7 8 10
661W0Uhq8OGL5I,6,distinct,none,distinct,1 3 4 6 9 13
661W57fHYeHYi1,6,distinct,none,distinct,1 2 6 7 9 11
661WHAUIePAz41,6,distinct,none,distinct,1 3 6 7 9 10
661W4fpZcX1I11,6,progressive,none,distinct,2 3 4 6 9 12
661W4Ij64OOj28,6,progressive,none,distinct,1 3 6 7 9 10
661W5owC8Ywb44,6,plain,none,mixed,3 3 5 5 7 13
661WjggL52NWLY,6,distinct,none,distinct,2 3 5 6 7 13
661W0bbJ6f8o5r,6,progressive,none,distinct,2 3 6 7 8 10
661W0OnLcbAS35,6,progressive,none,distinct,2 3 5 7 9 10
661WPGwC4L4f68,6,distinct,none,distinct,1 3 4 7 9 12
661W8PAUC29Kb8,6,progressive,none,distinct,2 3 5 7 8 11
661W0Sh4eX2ph9,6,distinct,none,distinct,1 3 5 7 8 12
661WKOoO8CUX22,6,progressive,none,distinct,2 3 4 7 8 12
661WXZWk5KMNiP,6,progressive,none,distinct,1 2 5 7 10 11
661W9ar24LPrCG,6,distinct,none,distinct,2 3 5 6 8 12
661WYfRGY59ZjW,6,progressive,none,distinct,2 3 6 7 8 10
661WKQ12ffpgX0,6,distinct,none,distinct,2 3 4 5 8 14
661W8fcyZIoFJ0,6,progressive,none,distinct,1 4 5 6 9 11
661WCPIH06DhJ2,6,plain,none,mixed,2 2 7 7 8 10
661WGfBw8IgD74,6,progressive,none,distinct,1 4 5 7 9 10
661WOHpMjGY168,6,progressive,none,distinct,1 5 6 7 8 9
661WeIiPAmKX38,6,progressive,none,distinct,1 5 6 7 8 9
661W4AqGfMKZ20,6,plain,none,mixed,1 2 2 9 10 12
661WXBB68HJF64,6,progressive,none,distinct,2 4 5 7 8 10
661WAKg0a8Gnpg,6,distinct,none,distinct,2 4 5 6 9 10
661WYfrfA5LWe0,6,progressive,none,distinct,1 3 6 7 8 11
661W4eT2aOgLMY,6,progressive,none,distinct,1 4 6 7 8 10
661W15HMKYbo6I,6,plain,none,mixed,1 3 4 8 10 10
661WANsKZ4WfKa,6,progressive,none,distinct,1 3 5 8 9 10
661WAT5k08LLLh,6,progressive,none,distinct,2 3 4 8 9 10
661W48nAK48IAK,6,plain,none,mixed,2 2 4 4 10 14
661WePAJea9Saa,6,progressive,none,distinct,1 5 6 7 8 9
661W1up5gagXeo,6,progressive,none,distinct,3 4 5 7 8 9
661WIbKNn8Sfaa,6,progressive,none,distinct,3 4 5 6 8 10
661W2WWc8IdVi8,6,progressive,none,distinct,1 2 5 7 9 12
661WWv3M811jdA,6,plain,none,mixed,2 2 6 7 8 11
661WedLefHKbj0,6,progressive,none,distinct,1 4 5 7 9 10
661W4bCHgf8vwY,6,distinct,none,distinct,2 3 5 7 9 10
661W4Idk4G4jHZ,6,progressive,none,distinct,2 3 4 6 10 11
661Waenak11Q1Y,6,progressive,none,distinct,1 3 5 6 8 13
661W45AvuGeOw9,6,plain,none,mixed,3 3 4 6 6 14
661WHArsn3CA9K,6,progressive,none,distinct,1 3 5 7 8 12
661WGWgna49ZL9,6,plain,none,mixed,3 3 4 8 9 9
661WKoZGmOLTIY,6,progressive,none,distinct,1 3 6 7 9 10
661W8Gda44GR7E,6,plain,none,mixed,2 3 6 6 8 11
661WLX159agqWW,6,distinct,none,distinct,2 3 4 5 6 16
661W0J61OnFpcj,6,progressive,none,distinct,1 4 5 6 9 11
661W89TgKGuqa4,6,distinct,none,distinct,2 4 5 6 9 10
661WX5J4G9salE,6,progressive,none,distinct,2 4 5 6 9 10
661WGZoPACboY2,6,plain,none,mixed,1 3 5 8 8 11
661WMiPD0b5JYX,6,progressive,none,distinct,2 3 4 8 9 10
661W46h5HGKYii,6,progressive,none,distinct,1 3 6 7 8 11
661WX5CZ40vIcv,6,progressive,none,distinct,1 4 5 6 9 11
661WuJTXZ5WYa6,6,progressive,none,distinct,1 2 5 7 10 11
661W8MI7kGGZao,6,progressive,none,distinct,2 3 5 7 9 10
661WH2qWa7Kh59,6,plain,none,mixed,1 3 5 5 11 11
661WWHPI29J3rA,6,distinct,none,distinct,2 3 5 6 8 12
661WTIHafHGsX0,6,progressive,none,distinct,1 3 6 7 8 11
661WGKlL44IPoI,6,progressive,none,distinct,2 3 6 7 8 10
661W7GXL9H2Kfa,6,plain,none,mixed,1 4 5 5 9 12
661WGfIGX49phG,6,progressive,none,distinct,2 3 6 7 8 10
661WZAnIG8b9A6,6,progressive,none,distinct,1 3 5 8 9 10
661WWqYK8JbbAA,6,plain,none,mixed,2 3 6 7 7 11
661W0yKvah9Kmy,6,progressive,none,distinct,1 2 5 6 10 12
661W8J15AAbnY4,6,plain,none,mixed,2 4 6 7 7 10
661WGZ2b78Wf2a,6,plain,none,mixed,1 5 5 5 8 12
661WcnWiO52ng4,6,plain,none,mixed,1 2 2 10 10 11
661WXB0XZ9Zd9G,6,plain,none,mixed,2 3 3 5 10 13
661W1Gv81TMfrk,6,progressive,none,distinct,1 4 5 6 9 11
661W0HetYIarOy,6,progressive,none,distinct,1 4 5 7 9 10
661WOmL6eOfBX1,6,distinct,none,distinct,2 4 5 6 7 12
661W2WLj2QcLCf,6,plain,none,mixed,2 2 6 7 7 12
661Wb4vd8WXIQ4,6,progressive,none,distinct,1 3 4 8 9 11
661WKrii80LLYO,6,progressive,none,distinct,1 3 5 6 10 11
661WbAQpc0GnK1,6,progressive,none,progressive,1 3 5 7 9 11
661WH3DAE5aX2f,6,progressive,none,distinct,2 3 5 6 8 12
661WOndt24G932,6,progressive,none,distinct,1 4 5 7 9 10
661WX5IbC0X2Mr,6,plain,none,mixed,3 3 4 7 9 10
661W4Y2rZIsb0a,6,progressive,none,distinct,1 3 5 6 8 13
661W0KNdWSnFP9,6,plain,none,mixed,1 2 6 7 10 10
661WHYbh2D58I4,6,progressive,none,distinct,1 4 5 6 7 13
661WKpyO0IWb4A,6,plain,none,mixed,2 3 4 4 6 17
661W4CzyI4Gwu2,6,plain,none,mixed,2 2 5 6 9 12
661WrQb124IYa8,6,plain,none,mixed,3 4 4 5 10 10
661WWeKYGfDQgK,6,progressive,none,distinct,1 4 5 7 9 10
661W0CaP6ptj7O,6,progressive,none,distinct,1 3 5 7 8 12
661W8geA4ClT64,6,plain,none,mixed,2 4 4 6 6 14
661W2IfK9GGsj3,6,progressive,none,distinct,1 4 6 7 8 10
661W3SgbHH6rcW,6,progressive,none,distinct,2 3 6 7 8 10
661W8Yei8SdHY8,6,progressive,none,progressive,1 3 5 7 9 11
661W49ITzCH2J0,6,progressive,none,distinct,2 3 4 8 9 10
661W6nZm24AKgZ,6,progressive,none,distinct,1 2 3 9 10 11
661W8wsX04onen,6,progressive,none,distinct,2 3 5 7 8 11
661WKqbM889D2Q,6,progressive,none,distinct,1 3 5 8 9 10
661W8WYRH0Bqus,6,plain,none,mixed,1 1 3 6 12 13
661W04CNgOfILm,6,distinct,none,distinct,1 3 5 6 10 11
661WLJY3991yWX,6,plain,none,mixed,1 1 4 4 12 14
661WaOdmafAYoX,6,progressive,none,distinct,1 3 4 7 10 11
661WegAg45ySc8,6,progressive,none,distinct,2 4 5 6 9 10
661W3bIY4WZMgC,6,distinct,none,distinct,2 4 5 6 8 11
661WXGfIWbhIKX,6,progressive,none,distinct,1 2 6 7 9 11
661WbcZU41T9AA,6,progressive,none,distinct,1 3 5 8 9 10
661WCHKcXKulX0,6,progressive,none,distinct,1 3 4 8 9 11
661WKtgobGJHe0,6,progressive,none,progressive,1 3 5 7 9 11
661W0ervQf50fK,6,plain,none,mixed,1 3 5 5 10 12
661W9XIYamZp11,6,distinct,none,distinct,1 2 4 7 10 12
661WoqvZIW5E84,6,progressive,none,distinct,1 3 4 6 9 13
661W28pQK8OIAI,6,plain,none,mixed,1 4 4 5 9 13
661W0nhIsZ2I4a,6,progressive,none,distinct,1 3 4 7 10 11
661WXwji035N56,6,progressive,none,distinct,1 4 5 6 9 11
661W3Nlg9XcGoX,6,progressive,none,distinct,1 4 6 7 8 10
661W1sDPwHLaee,6,distinct,none,distinct,1 4 5 7 9 10
661WTOpa0ZbWX2,6,plain,none,mixed,2 3 4 8 8 11
661W44uGmIX3A5,6,plain,none,mixed,1 1 2 4 10 18
661W8r26gZ4Eje,6,plain,none,mixed,2 2 4 4 8 16
661WAMyQs0fJ2W,6,progressive,none,distinct,1 4 5 7 9 10
661WtVE880l044,6,plain,none,mixed,2 2 3 3 7 19
661WGGf2c8IYKc,6,plain,none,mixed,1 3 7 8 8 9
661WnHgO02hob2,6,progressive,none,progressive,1 3 5 7 9 11
661WG0iSXfSgKe,6,progressive,none,distinct,1 2 4 7 9 13
661WW2hMZmGAKe,6,plain,none,mixed,1 1 4 6 9 15
661W57MXa9BdKJ,6,progressive,none,distinct,1 2 6 8 9 10
661W8KfL8COfpG,6,plain,none,mixed,2 4 5 7 9 9
661WKfMim86b11,6,progressive,none,distinct,2 3 4 8 9 10
661WGOo2I6AoQK,6,plain,none,mixed,1 4 5 6 10 10
661WH4gbIH4pcG,6,plain,none,mixed,2 2 3 5 8 16
661W8HbnY8PGY5,6,progressive,none,distinct,2 3 4 8 9 10
661WmKf4WodSOc,6,progressive,none,distinct,1 4 6 7 8 10
661WPggfKXP7I8,6,progressive,none,distinct,2 3 6 7 8 10
661WGKTQe6IlC1,6,distinct,none,distinct,1 2 6 8 9 10
661WGjq028PJfh,6,progressive,none,distinct,1 2 6 7 9 11
661W2Dws4Kfee2,6,plain,none,mixed,1 4 4 5 9 13
661W8obDG8cGXZ,6,plain,none,mixed,2 3 6 6 7 12
661WXrIGW5gMh9,6,plain,none,mixed,1 6 6 6 6 11
661WOmaZ4OgHH2,6,progressive,none,distinct,1 4 5 7 8 11
661WX58jeEnIco,6,progressive,none,distinct,1 4 5 7 9 10
661W6LjX8Knio0,6,progressive,none,distinct,1 3 6 7 8 11
661WH23s1RbZLi,6,progressive,none,distinct,1 3 6 7 9 10
661WKA0WX8pd36,6,plain,none,mixed,2 2 2 7 9 14
661W9ULDL12Rgi,6,progressive,none,distinct,3 4 5 6 8 10
661W4OgH48GsrX,6,progressive,none,distinct,1 3 5 8 9 10
661W48jK8SfI42,6,distinct,none,distinct,1 4 5 6 8 12
661WT8J4XJ4bX2,6,plain,none,mixed,1 2 3 9 9 12
661WaOs485ILbA,6,distinct,none,distinct,2 3 4 5 8 14
661WWGzKYDIvKa,6,progressive,none,distinct,1 4 6 7 8 10
661WDmTSaJH_41,6,progressive,none,distinct,1 5 6 7 8 9
661Wb9ZXW4eJ9n,6,plain,none,mixed,1 2 6 8 8 11
661WG523MIYrBE,6,progressive,none,distinct,1 4 5 6 9 11
661WKagX4OnHw8,6,progressive,none,distinct,3 4 5 7 8 9
661WpYAMK2JEj2,6,progressive,none,distinct,1 3 6 7 9 10
661W4xuqbKRPa0,6,progressive,none,distinct,1 5 6 7 8 9
661W0c3rAXoLfC,6,progressive,none,distinct,1 4 5 7 9 10
661Wxsae02HZ52,6,plain,none,mixed,2 4 4 5 7 14
661WXBaif0rJfG,6,progressive,none,distinct,1 5 6 7 8 9
661WHZ235eHIae,6,plain,none,mixed,2 3 4 8 8 11
661W9pYn8DB9I2,6,progressive,none,distinct,1 4 5 7 9 10
661WImE1G8TlV6,6,progressive,none,distinct,1 4 5 7 9 10
661Wf2I3gHIv59,6,plain,none,mixed,2 2 3 8 10 11
661W8XpeY4EVPH,6,progressive,none,progressive,1 3 5 7 9 11
661WXdtj406-Aj,6,progressive,none,distinct,1 4 6 7 8 10
661W5oLjq1o-GY,6,progressive,none,distinct,1 4 5 7 9 10
661W8fUTW86jLe,6,progressive,none,distinct,1 4 5 6 9 11
661WmW9q8W1JcA,6,plain,none,mixed,1 1 2 8 9 15
661WjfIveGFIWa,6,progressive,none,distinct,2 3 4 8 9 10
661W49ma4Kfva8,6,distinct,none,distinct,1 4 5 6 9 11
661WGWz9E8LXq4,6,progressive,none,distinct,1 4 6 7 8 10
661W4BYZf8WxKA,6,progressive,none,distinct,2 3 4 8 9 10
661W3vY4KLCiC8,6,plain,none,mixed,2 3 3 5 8 15
661WWMxK1HIfrq,6,progressive,none,distinct,2 3 6 7 8 10
661WGaZQp0BaOi,6,progressive,none,distinct,1 3 5 6 10 11
661WWbA7q14nJP,6,progressive,none,distinct,1 3 4 7 10 11
661W8HJAK29J24,6,progressive,none,distinct,1 3 4 8 9 11
661W5DfPIYeo94,6,distinct,none,distinct,1 4 5 7 8 11
661WWn9QYb5kSm,6,progressive,none,distinct,1 5 6 7 8 9
661WHIn28YMh24,6,distinct,none,distinct,1 2 6 8 9 10
661W4EZMgGGYSa,6,plain,none,mixed,1 4 4 7 10 10
661WxMSb6GAA04,6,progressive,none,distinct,1 2 3 7 11 12
661WGfAnYbAb43,6,distinct,none,distinct,1 2 6 8 9 10
661WbAt8o08Ydi,6,progressive,none,distinct,2 4 6 7 8 9
661WGHKx64VQ14,6,progressive,none,distinct,2 4 5 7 8 10
661WnSv24G25ZI,6,plain,none,mixed,2 2 5 6 6 15
661Wb6gJs2GoD1,6,progressive,none,distinct,1 3 6 7 9 10
661W2H9afGXqhO,6,progressive,none,distinct,1 5 6 7 8 9
661WYMrMXpEA60,6,progressive,none,distinct,1 4 6 7 8 10
661WKkjA02aAKr,6,progressive,none,distinct,2 3 6 7 8 10
661W8X3LvIYWWa,6,distinct,none,distinct,1 3 5 6 7 14
661WGPQuu0BARu,6,progressive,none,progressive,1 3 5 7 9 11
661WM4JQ62AbM2,6,distinct,none,distinct,1 2 5 6 7 15
661W4B5a8GPZfI,6,progressive,none,distinct,1 2 6 8 9 10
661Wb00J6K8GPK,6,plain,none,mixed,1 2 2 5 6 20
661W5X2p6n2K32,6,plain,none,mixed,1 1 4 4 11 15
661WbwQM61HCZf,6,progressive,none,distinct,2 4 5 6 9 10
661W4mgKqX5dMY,6,progressive,none,distinct,2 4 5 7 8 10
661WAQcXWKGJeo,6,distinct,none,distinct,1 2 3 8 10 12
661W4af4K07UCK,6,plain,none,mixed,2 2 2 3 12 15
661W8A36AGGjMC,6,plain,none,mixed,2 2 5 7 8 12
661W44AbMQnAE4,6,plain,none,mixed,1 4 6 6 9 10
661W8Iqa44vyiO,6,progressive,none,distinct,2 3 5 7 8 11
661WH3Kh23qfa8,6,plain,none,mixed,1 5 5 6 8 11
661WHQifO1nkUG,6,progressive,none,distinct,1 2 6 7 9 11
661WZAqY24X1wK,6,plain,none,mixed,1 4 4 7 8 12
661W0TcfmGrTqo,6,progressive,none,distinct,3 4 5 6 8 10
661WWnhO039MjI,6,distinct,none,distinct,2 4 5 6 8 11
661W8JEbBK1265,6,distinct,none,distinct,1 2 5 7 9 12
661W4A4tKGzZYZ,6,distinct,none,distinct,3 4 5 6 8 10
661WG_2q80oQwh,6,progressive,none,distinct,1 4 5 6 9 11
661W0WEwGfHIsh,6,progressive,none,distinct,2 3 4 8 9 10
661WKxM88GEZ24,6,plain,none,mixed,3 3 5 6 6 13
661W13FE237tUO,6,progressive,none,distinct,1 3 5 8 9 10
661WG4HjK4ATCn,6,distinct,none,distinct,2 3 4 6 7 14
661W24I6C8GXdE,6,plain,none,mixed,2 2 6 6 6 14
661W0XsgI8QcyO,6,progressive,none,distinct,1 3 5 8 9 10
661W3bPH4L9pLG,6,progressive,none,distinct,1 2 6 8 9 10
661W6DBc0IbB56,6,progressive,none,distinct,2 3 6 7 8 10
661WKdDPD0qWvW,6,progressive,none,distinct,1 2 6 8 9 10
661W49ga0IbJc4,6,distinct,none,distinct,2 3 5 6 8 12
661WZLLX25wp40,6,progressive,none,distinct,2 4 5 6 9 10
661Wi8Q2KBIn44,6,distinct,none,distinct,1 2 5 7 10 11
661W8mXQ2IhHI2,6,plain,none,mixed,1 5 6 7 7 10
661W49hQhKaoG8,6,progressive,none,distinct,1 3 4 8 9 11
661WYendM15H8G,6,plain,none,mixed,1 3 3 7 10 12
661WbPoKb2bi20,6,progressive,none,distinct,1 3 5 8 9 10
661WAz9J6GYY92,6,plain,none,mixed,3 4 4 5 9 11
661WnHabaKR9H1,6,plain,none,mixed,2 4 5 6 6 13
661WbHJaa0XkfH,6,progressive,none,distinct,2 3 5 7 8 11
661WDavIcH32Aa,6,plain,none,mixed,4 4 4 5 6 13
661W56Le8WKXjI,6,plain,none,mixed,1 2 5 6 11 11
661WAKnbO8Ko4X,6,plain,none,mixed,1 4 6 8 8 9
661WGdCi42qvYG,6,progressive,none,distinct,1 3 4 7 10 11
661W1YN1q5kjiw,6,progressive,none,distinct,1 2 6 8 9 10
661WLGXn4PGawI,6,progressive,none,distinct,2 3 6 7 8 10
661W3AJ48WGvQb,6,progressive,none,distinct,1 4 5 7 8 11
661W4643nbtltK,6,progressive,none,distinct,1 4 5 6 9 11
661W2AbLeICIeb,6,plain,none,mixed,2 2 4 6 9 13
661WMrshA2GTC0,6,progressive,none,distinct,1 3 5 8 9 10
661W58H12q8HZ6,6,distinct,none,distinct,1 3 4 6 8 14
661WXD1Kf0Xpl8,6,progressive,none,distinct,1 2 6 7 9 11
661WGQIKXMU2AI,6,plain,none,mixed,2 2 3 5 5 19
661W2JLaeKet91,6,progressive,none,distinct,2 3 4 8 9 10
661W23Qa88XAJx,6,progressive,none,distinct,1 3 4 7 8 13
661W8Gob26CZ48,6,plain,none,mixed,1 2 6 8 8 11
661WYzfI49Gc42,6,progressive,none,distinct,1 4 5 7 9 10
661W8NJZ2GHLS8,6,progressive,none,distinct,2 4 5 7 8 10
661WG4UX8CAjSb,6,progressive,none,distinct,1 4 5 6 8 12
661WxlSb2GOCI0,6,progressive,none,distinct,2 3 4 8 9 10
661W8AJH8vIPvK,6,progressive,none,distinct,1 3 6 7 8 11
661W1HwXAZcHc8,6,progressive,none,distinct,1 2 5 7 10 11
661W95IFIWejiO,6,progressive,none,progressive,1 3 5 7 9 11
661W99ILWYazoX,6,progressive,none,distinct,2 4 6 7 8 9
661W5QlH476yr0,6,progressive,none,progressive,1 3 5 7 9 11
661WXFOqu2HIf5,6,progressive,none,distinct,1 2 3 7 11 12
661W9GdAmWvWnX,6,progressive,none,distinct,1 2 5 7 8 13
661WZD92AGWfU0,6,plain,none,mixed,1 2 2 10 10 11
661W8PMws0HK3Y,6,plain,none,mixed,1 3 5 8 8 11
661WIajL989H3m,6,progressive,none,distinct,1 5 6 7 8 9
661WDGXanH6HBK,6,plain,none,mixed,2 4 4 7 8 11
661WGYenZ8X368,6,distinct,none,distinct,2 3 4 5 8 14
661WKfba84IsY4,6,distinct,none,distinct,2 3 6 7 8 10
661W1pCBmWchck,6,progressive,none,distinct,1 4 5 7 9 10
661WIG-y8QZY1O,6,distinct,none,distinct,1 2 5 7 8 13
661WbhLM09OeIZ,6,plain,none,mixed,2 3 3 7 9 12
661WavjO03PM42,6,distinct,none,distinct,1 3 4 6 7 15
661W1lKM6HAjbr,6,progressive,none,distinct,2 4 5 7 8 10
661WmnX5GW4qfp,6,distinct,none,distinct,1 2 6 7 9 11
661WXLa-O0nTPj,6,progressive,none,distinct,1 4 6 7 8 10
661WAuIIm8NxA1,6,progressive,none,distinct,1 3 6 7 9 10
661WKYEKn0jZEO,6,progressive,none,distinct,2 4 5 6 9 10
661W5D9MsJ7s0m,6,progressive,none,distinct,1 3 5 6 10 11
661WPIKY0N4AcC,6,plain,none,mixed,2 2 3 6 11 12
661WAvqa80QqYK,6,progressive,none,distinct,1 2 5 6 10 12
661WGU5AGGMlAC,6,plain,none,mixed,1 4 4 5 11 11
661WaQ4ob9hIZ0,6,plain,none,mixed,1 4 4 5 7 15
661WKO-8L0Qmpg,6,progressive,none,distinct,1 2 5 8 9 11
661Wb9Ra80WmZA,6,progressive,none,distinct,1 3 5 8 9 10
661W98nZeYbC8p,6,progressive,none,distinct,1 2 3 7 10 13
661W788XbenZJO,6,progressive,none,progressive,1 3 5 7 9 11
661W2AuKeIKoh9,6,progressive,none,distinct,2 3 4 7 9 11
661W48F9AOjZYC,6,progressive,none,distinct,1 4 6 7 8 10
661Wa9Kb6ePA0X,6,progressive,none,distinct,1 2 6 8 9 10
661WbH9L8H3yHC,6,distinct,none,distinct,1 2 3 7 11 12
661WT9GYbHWbX0,6,progressive,none,distinct,1 3 4 6 10 12
661WPPqKY3-DI1,6,progressive,none,distinct,1 2 4 8 9 12
661WiX19478ro4,6,plain,none,mixed,1 1 6 8 8 12
661W9CyqgWvqXq,6,progressive,none,distinct,2 4 5 6 9 10
661W3CY3KYXoPA,6,distinct,none,distinct,1 2 5 8 9 11
661WPLJ8G3eNE4,6,plain,none,mixed,1 2 6 6 8 13
661W48j42GvwKC,6,distinct,none,distinct,1 2 4 8 10 11
661WnGYAWe_PZ5,6,progressive,none,distinct,1 2 3 9 10 11
661W28en2nZ7D2,6,plain,none,mixed,3 4 4 5 5 15
661WZDcC19dFIi,6,progressive,none,distinct,2 3 6 7 8 10
661Wb9U488eX4C,6,plain,none,mixed,1 4 5 5 8 13
661W59HYZemWn1,6,plain,none,mixed,1 3 3 9 10 10
661W9fJebJiiX0,6,progressive,none,progressive,1 3 5 7 9 11
661W48mKsKjB0a,6,distinct,none,distinct,1 2 3 4 8 18
661WJY4DWaqnYs,6,plain,none,mixed,1 3 3 7 10 12
661WWYHZ1HpcQq,6,plain,none,mixed,3 5 5 5 6 12
661W8H15b8HwLA,6,plain,none,mixed,2 3 6 8 8 9
661W2Xxae8Ich9,6,progressive,none,distinct,2 4 6 7 8 9
661W4m1AGGlTZ6,6,distinct,none,distinct,1 2 3 6 8 16
661W5EAM1YKnUY,6,plain,none,mixed,1 5 6 6 7 11
661WZIpMC4Oal8,6,progressive,none,distinct,3 4 5 7 8 9
661WOILNebf3J1,6,progressive,none,distinct,2 3 4 6 10 11
661W591ZLYXYYa,6,progressive,none,progressive,1 3 5 7 9 11
661WZIRP64S_D0,6,progressive,none,distinct,1 4 5 7 9 10
661W6rzh62QK60,6,progressive,none,distinct,1 4 5 7 9 10
661WLfpYe1WQHY,6,progressive,none,distinct,1 4 5 6 8 12
661W0nX5ebAZck,6,plain,none,mixed,2 3 4 4 9 14
661W2dtjAp1H40,6,progressive,none,distinct,2 3 5 7 9 10
661WHKXY4H25gC,6,plain,none,mixed,1 3 5 5 8 14
661WrRMZa0hGGY,6,progressive,none,distinct,2 3 4 8 9 10
661WbcOXCFDIw0,6,progressive,none,distinct,2 3 5 7 8 11
661Wbg6cD19ZnY,6,plain,none,mixed,2 4 4 5 8 13
661W4gcbf4YlI6,6,progressive,none,distinct,2 4 6 7 8 9
661WadEXY5eGg3,6,progressive,none,distinct,1 2 5 8 9 11
661WKfJQw2892Y,6,progressive,none,distinct,1 3 6 7 9 10
661WWOs605IyMj,6,plain,none,mixed,1 2 7 8 9 9
661W9DlAOefE84,6,plain,none,mixed,3 4 5 5 6 13
661WLRpafeZ0X0,6,progressive,none,distinct,2 4 5 7 8 10
661W4EGTZCjIg8,6,progressive,none,distinct,1 3 6 7 9 10
661W8G-X2fAX4C,6,plain,none,mixed,1 3 7 7 7 11
661WaH8X1BNEM9,6,progressive,none,distinct,1 3 5 6 10 11
661W44Xk4KbJTZ,6,progressive,none,distinct,3 4 5 7 8 9
661WZlBn2KQL42,6,progressive,none,distinct,2 3 4 7 9 11
661W1mZDQPP5gK,6,progressive,none,distinct,2 4 6 7 8 9
661WG9VIa8B7Kf,6,plain,none,mixed,3 3 5 6 9 10
661W8XBX2bAn28,6,progressive,none,distinct,1 3 6 7 9 10
661WCvYA0b4yKf,6,progressive,none,distinct,1 4 5 7 8 11
661WKWIyGGld14,6,progressive,none,distinct,1 2 4 8 9 12
661W4TneYAPq9e,6,progressive,none,distinct,1 3 4 8 9 11
661W9BcKbHBF21,6,progressive,none,distinct,1 4 5 7 9 10
661W9H8KYaehMc,6,progressive,none,distinct,1 3 6 7 8 11
661WGvZeWAQ5b9,6,plain,none,mixed,1 3 6 6 7 13
661W44gsb8GgkG,6,plain,none,mixed,2 5 5 5 7 12
661WCg8eoKsfNW,6,progressive,none,distinct,2 3 5 7 9 10
661W0Aa8IbtkOG,6,plain,none,mixed,2 2 3 6 6 17
661W88HoGGbFgI,6,progressive,none,progressive,1 3 5 7 9 11
661WJ162b9uGXG,6,plain,none,mixed,1 1 4 5 7 18
661WGTriY2NKbm,6,progressive,none,distinct,3 4 5 7 8 9
661Wb9YrxG5304,6,distinct,none,distinct,1 2 3 7 10 13
661WPmYb8WXX2b,6,progressive,none,distinct,2 3 4 8 9 10
661WZ9A94JB6T6,6,plain,none,mixed,2 4 4 5 8 13
661WaxfJ29WcH8,6,progressive,none,distinct,1 4 5 6 9 11
661W6vZ288IRA4,6,progressive,none,distinct,1 3 6 7 9 10
661WAdNE4GcDC0,6,progressive,none,distinct,2 3 5 6 7 13
661W5A18YgfJdi,6,progressive,none,distinct,2 4 6 7 8 9
661W9Mp8HWOH6L,6,plain,none,mixed,1 3 6 6 8 12
661W0yLqnbLqk2,6,progressive,none,distinct,1 2 5 8 9 11
661W5pb5G5Ejo4,6,progressive,none,distinct,2 3 6 7 8 10
661W88KLh88CRG,6,plain,none,mixed,2 2 3 5 7 17
661WG2XAIvfHI4,6,progressive,none,distinct,1 2 5 7 8 13
661WmWlPI3HGX8,6,plain,none,mixed,1 1 6 7 9 12
661WOHWbgjP10Y,6,progressive,none,distinct,2 3 4 6 9 12
661W4gJ44fnR8G,6,distinct,none,distinct,2 3 4 6 7 14
661WAKPX848Ro4,6,progressive,none,distinct,1 3 5 6 8 13
661W89Cun0Hd78,6,progressive,none,distinct,1 3 4 5 11 12
661WKfZ5n04Ibe,6,plain,none,mixed,1 4 6 6 8 11
661WaHnf6qaia8,6,plain,none,mixed,1 4 7 7 8 9
661WGEYn6GINrK,6,plain,none,mixed,1 5 5 5 10 10
661W8mbjHOg9mW,6,plain,none,mixed,1 3 5 5 8 14
661WOH92nnbgb4,6,progressive,none,distinct,2 4 6 7 8 9
661W8a9oZOoaw2,6,progressive,none,distinct,2 4 5 6 9 10
661W4foa8fGZ12,6,progressive,none,distinct,1 4 6 7 8 10
661WCQTRMGb950,6,progressive,none,distinct,2 4 5 6 9 10
661WGXgfI09Jc8,6,distinct,none,distinct,2 3 6 7 8 10
661W2OmOcCKjAY,6,distinct,none,distinct,2 3 4 6 10 11
661WJcVKG1TJX2,6,plain,none,mixed,1 4 5 8 9 9
661WHMZEq5M4Og,6,progressive,none,distinct,2 4 5 7 8 10
661W1qKZXgkUOg,6,progressive,none,distinct,2 4 5 7 8 10
661W4siU8XkDZG,6,progressive,none,distinct,1 4 6 7 8 10
661W855DQbJJ7M,6,progressive,none,distinct,2 3 4 7 9 11
661WWYQMi1nZb9,6,plain,none,mixed,3 3 5 6 9 10
661W8XaHZ8RHZ4,6,progressive,none,distinct,2 3 5 7 9 10
661WbD2i86XIcK,6,progressive,none,distinct,1 3 6 7 9 10
661W8SoKm68gQi,6,progressive,none,progressive,1 3 5 7 9 11
661WIX05Q21pcS,6,plain,none,mixed,1 1 4 4 7 19
661W8HIYXIbQX1,6,plain,none,mixed,1 4 6 7 7 11
661WnYzA4234lI,6,progressive,none,distinct,1 4 5 6 9 11
661W8KqO0ZQndI,6,plain,none,mixed,3 4 4 6 8 11
661W4KeqC48Tg2,6,plain,none,mixed,1 4 4 5 8 14
661WDQBH0eXm5b,6,plain,none,mixed,1 2 3 5 5 20
661Wb16WY4uGhq,6,plain,none,mixed,1 2 5 5 9 14
661W4vFde4IgYg,6,progressive,none,distinct,2 4 5 6 9 10
661WWC912fIbdI,6,progressive,none,distinct,1 4 5 6 9 11
661W2ZZLgGJ4f5,6,progressive,none,distinct,2 3 6 7 8 10
661W35clegXJKY,6,progressive,none,distinct,2 4 6 7 8 9
661WWrzLA1QXaI,6,progressive,none,distinct,2 3 6 7 8 10
661W8YOiOGxpY8,6,progressive,none,distinct,2 3 5 7 8 11
661WIgq184nfR6,6,plain,none,mixed,2 5 6 6 6 11
661WKPh12Kgma4,6,progressive,none,distinct,1 4 5 6 8 12
661WDRn4eiP1X1,6,progressive,none,distinct,2 3 4 6 10 11
661W84XnYKfMEo,6,plain,none,mixed,2 3 3 6 8 14
661W12BH8grRN8,6,plain,none,mixed,2 2 5 8 8 11
661W0eHMYfHwUu,6,progressive,none,distinct,1 2 6 8 9 10
661W1fRoWJ4vDH,6,progressive,none,distinct,1 2 5 8 9 11
661Wref2e0WASs,6,plain,none,mixed,2 2 3 5 7 17
661WpNA60YNGGb,6,distinct,none,distinct,1 3 4 6 7 15
661WogMd1YinOW,6,progressive,none,distinct,1 3 6 7 9 10
661W4fHMHZ6qpW,6,progressive,none,distinct,1 4 5 6 9 11
661W8GfOf2CIb8,6,plain,none,mixed,2 4 4 6 7 13
661W5g2MCXHhZ4,6,progressive,none,distinct,1 4 6 7 8 10
661W5pziO1IKaC,6,progressive,none,distinct,1 2 6 7 9 11
661WGv011CPMbg,6,progressive,none,distinct,1 3 6 7 9 10
661WGQc524ZyrA,6,progressive,none,distinct,2 4 6 7 8 9
661W0uP92b7BwO,6,progressive,none,distinct,1 3 5 7 8 12
661WWsA00JtSvd,6,progressive,none,distinct,1 3 6 7 9 10
661WGvX1049qiv,6,plain,none,mixed,1 2 5 9 9 10
661WKZ9A2EYbI8,6,plain,none,mixed,1 2 5 9 9 10
661WAGYDA28oaO,6,distinct,none,distinct,1 3 4 5 11 12
661W66np6fZ570,6,progressive,none,distinct,1 3 4 8 9 11
661W4qkSaZJfA1,6,progressive,none,distinct,1 5 6 7 8 9
661W2hYd6hap80,6,plain,none,mixed,3 4 4 5 8 12
661WPAX0XT8NZ4,6,progressive,none,distinct,1 3 5 8 9 10
661WGf3I226TtC,6,plain,none,mixed,2 4 6 6 7 11
661W49CTqZJUaX,6,progressive,none,distinct,1 4 5 7 8 11
661W6NVPgGD5am,6,progressive,none,distinct,1 4 5 6 9 11
661WPGXk2JA9H2,6,progressive,none,distinct,1 3 5 6 10 11
661WIHxH24B5i6,6,progressive,none,distinct,1 3 6 7 9 10
661WOemgI09No4,6,plain,none,mixed,1 3 5 7 7 13
661W3hIeoegb9W,6,progressive,none,distinct,2 4 5 6 9 10
661WnUB6A0IhQG,6,plain,none,mixed,2 2 5 8 9 10
661W0RDReIXiab,6,plain,none,mixed,2 3 5 7 7 12
661WGhgcAO27r6,6,progressive,none,distinct,1 4 5 7 8 11
661WOfSgw4GCYg,6,plain,none,mixed,2 3 6 7 7 11
661W4FMD1ncriW,6,progressive,none,distinct,1 3 4 6 10 12
661WOCleI0IJgn,6,plain,none,mixed,1 1 2 3 13 16
661WfNmYC8WfaG,6,distinct,none,distinct,1 3 5 6 10 11
661WWR911Jsh-m,6,progressive,none,distinct,1 5 6 7 8 9
661W9ef3mH5ETL,6,plain,none,mixed,3 3 6 6 7 11
661W64A1a48nx5,6,distinct,none,distinct,1 3 4 5 7 16
661WKnJk028V9I,6,progressive,none,distinct,1 2 6 7 9 11
661W54fS4YfOvf,6,plain,none,mixed,3 3 4 6 8 12
661WKLgf82BfQ8,6,progressive,none,distinct,1 3 6 7 9 10
661WPTwpoWcP8H,6,progressive,none,distinct,1 4 5 6 9 11
661WuPPJ69Hb18,6,progressive,none,distinct,1 3 6 7 9 10
661W8AnvK8jTI2,6,progressive,none,distinct,2 4 6 7 8 9
661WOsaiv0WJbH,6,progressive,none,distinct,1 5 6 7 8 9
661W4AAXHMvZ2e,6,plain,none,mixed,1 3 6 8 8 10
661W4fobqZ19H1,6,progressive,none,distinct,1 4 5 7 9 10
661WKuf4GKkH68,6,plain,none,mixed,3 4 4 5 7 13
661WnGXEjIA126,6,plain,none,mixed,2 2 3 7 10 12
661WCqU1af9ZR5,6,plain,none,mixed,4 4 4 4 7 13
661Wv0ZAr8x0GY,6,plain,none,mixed,1 2 2 4 10 17
661W4I3OGGvbhK,6,plain,none,mixed,2 2 5 7 8 12
661W5fIf0YhMWX,6,distinct,none,distinct,2 4 5 6 9 10
661WKKzqg0Qmie,6,distinct,none,distinct,2 3 5 6 7 13
661WGj5B18Lgie,6,progressive,none,distinct,1 4 6 7 8 10
661W8Ceg4MfNe4,6,plain,none,mixed,1 5 5 7 7 11
661W8PQbD494I9,6,progressive,none,distinct,1 4 6 7 8 10
661W3QWb2DABPI,6,progressive,none,distinct,1 4 6 7 8 10
661W8AKf32fMY5,6,plain,none,mixed,1 5 6 7 7 10
661WGmYrhX1bAG,6,progressive,none,distinct,2 3 5 6 9 11
661WOnXKn24n22,6,distinct,none,distinct,1 2 3 9 10 11
661WG8HLdb8PBG,6,plain,none,mixed,2 2 5 5 7 15
661W2KfySb2P12,6,progressive,none,distinct,1 2 4 8 10 11
661WWwKA0HT_Ib,6,progressive,none,distinct,1 2 6 8 9 10
661WXAew8KKhfO,6,progressive,none,distinct,2 3 5 7 9 10
661WKncoA88yYZ,6,plain,none,mixed,2 4 6 6 7 11
661WWGKa0dUpX2,6,progressive,none,distinct,1 2 3 8 10 12
661WIB24kGJ6OY,6,plain,none,mixed,1 3 3 7 7 15
661WGmHpQQog14,6,progressive,none,distinct,1 4 5 7 9 10
661WOZIKeGJZ21,6,progressive,none,distinct,1 2 5 7 10 11
661WnDMcC4oKWO,6,plain,none,mixed,1 2 5 5 8 15
661WeGWaeiOnX1,6,plain,none,mixed,1 4 4 7 8 12
661WW2XJ2eX2rC,6,plain,none,mixed,1 1 5 5 12 12
661WX9HKi4evAH,6,progressive,none,distinct,1 4 6 7 8 10
661WOvMmA89APK,6,plain,none,mixed,2 2 4 5 7 16
661W4CoAIIfnKG,6,distinct,none,distinct,1 3 5 6 9 12
661W85_9AAD5i4,6,plain,none,mixed,2 2 5 7 8 12
661WCuoaafHf11,6,progressive,none,distinct,3 4 5 7 8 9
661W8IzI84XDCQ,6,progressive,none,distinct,2 3 4 8 9 10
661WGWaX4SfHo4,6,plain,none,mixed,1 4 6 7 7 11
661WGGFaeOxH1D,6,plain,none,mixed,1 1 5 5 8 16
661W2roNnX4ika,6,progressive,none,distinct,3 4 5 7 8 9
661WcmK4APud0n,6,distinct,none,distinct,1 2 3 5 8 17
661WKkT62G9BQ8,6,progressive,none,distinct,2 3 4 8 9 10
661W8TJRG29aRA,6,plain,none,mixed,1 4 4 6 10 11
661WGWvZ449Iab,6,distinct,none,distinct,2 4 5 6 9 10
661W0GKcBfAIqe,6,progressive,none,distinct,1 3 5 8 9 10
661WAOttXACWw0,6,progressive,none,distinct,1 3 5 8 9 10
661W8Xg60Z7Bd6,6,plain,none,mixed,2 3 6 8 8 9
661WWFAqeeXZ9H,6,progressive,none,distinct,1 4 5 7 9 10
661WavYfJ1A32a,6,progressive,none,distinct,1 4 5 7 9 10
661WmSp519I9wi,6,progressive,none,distinct,1 3 6 7 9 10
661W4CfcXCOwJm,6,distinct,none,distinct,1 3 6 7 8 11
661WqgLQbWa922,6,progressive,none,distinct,1 2 6 7 9 11
661W4LaXGKrlKG,6,distinct,none,distinct,1 3 4 7 8 13
661W4Hb25jJ4GW,6,distinct,none,distinct,1 2 4 5 9 15
661W8I3bIGKp5A,6,plain,none,mixed,1 4 6 6 6 13
661WX5gqA0XPoI,6,plain,none,mixed,2 3 3 7 10 11
661WYbqtY99gc1,6,progressive,none,distinct,1 4 6 7 8 10
661WfEVA8WCj84,6,progressive,none,distinct,1 3 5 6 9 12
661W9YyB4WNgpA,6,progressive,none,distinct,1 5 6 7 8 9
661WC1R24Kfd28,6,progressive,none,distinct,1 2 4 7 10 12
661W46faXAbHh8,6,progressive,none,distinct,1 3 5 7 8 12
661WWGXgh72DPG,6,distinct,none,distinct,1 2 4 5 10 14
661WGf3cK065kS,6,progressive,none,distinct,1 2 4 8 10 11
661WgunIm158Qo,6,progressive,none,distinct,1 3 5 6 8 13
661WiPIrfmX8I0,6,plain,none,mixed,1 5 5 8 8 9
661WOLpAOX994O,6,progressive,none,distinct,1 2 5 6 10 12
661WIeb0bdLgf0,6,distinct,none,distinct,2 3 5 6 9 11
661WiAIYHHMOa9,6,plain,none,mixed,1 2 4 7 11 11
661WX32XHCifHY,6,plain,none,mixed,3 3 3 4 7 16
661W8e1GYKgL6j,6,plain,none,mixed,2 2 5 5 11 11
661WGiIvi4Dh8i,6,plain,none,mixed,1 3 5 7 10 10
661WX23Yo0rx5g,6,progressive,none,distinct,1 3 6 7 9 10
661W18WrxYXJgG,6,progressive,none,distinct,1 3 4 8 9 11
661WIeoYCALJe0,6,distinct,none,distinct,1 2 5 6 9 13
661WMkXCOCXH64,6,plain,none,mixed,2 2 5 7 9 11
661W98qaeefDHZ,6,progressive,none,distinct,1 4 5 7 9 10
661WXQ7uWGjzLi,6,progressive,none,distinct,1 2 5 8 9 11
661WGsb926oYaG,6,plain,none,mixed,1 3 6 6 9 11
661WJHpcjWYY1G,6,progressive,none,distinct,1 3 5 6 9 12
661W1mnnYagIX5,6,plain,none,mixed,2 2 3 8 8 13
661W45YKfGX3E9,6,distinct,none,distinct,1 3 5 8 9 10
661WgnwY49GHaK,6,progressive,none,distinct,1 5 6 7 8 9
661WGfMHZ8RMY0,6,distinct,none,distinct,1 2 6 7 9 11
661WAEMiqGGC59,6,plain,none,mixed,2 3 4 4 5 18
661WKnpXC48Sq8,6,progressive,none,distinct,1 5 6 7 8 9
661W54TI8ingE2,6,plain,none,mixed,1 1 5 7 8 14
661W253K88HobC,6,plain,none,mixed,1 2 6 6 9 12
661WfJ9X2GHXY8,6,distinct,none,distinct,1 2 5 7 9 12
661Wejhb234cgG,6,progressive,none,distinct,3 4 5 7 8 9
661WKavo549I95,6,progressive,none,distinct,1 4 6 7 8 10
661WAQIa2OnCP2,6,progressive,none,distinct,1 2 6 7 8 12
661W33CuY3RMkf,6,plain,none,mixed,2 3 6 7 9 9
661W8HxHaCP2s1,6,plain,none,mixed,1 2 7 8 9 9
661WIvMY888Ui8,6,progressive,none,distinct,1 3 6 7 8 11
661WB8pK8enL2I,6,plain,none,mixed,1 5 6 7 7 10
661Wbsfa52snPc,6,progressive,none,distinct,2 3 4 8 9 10
661WNFT245WX84,6,progressive,none,progressive,1 3 5 7 9 11
661WDAavq3IZI1,6,progressive,none,distinct,1 5 6 7 8 9
661WGoay4GcPZ4,6,progressive,none,distinct,1 4 6 7 8 10
661WCevZ8GZ9I8,6,plain,none,mixed,2 4 5 5 9 11
661WXAZ5H96sae,6,progressive,none,distinct,1 3 6 7 9 10
661WHEqg8YIkiG,6,plain,none,mixed,1 4 4 7 8 12
661W8On3m8KkJ5,6,plain,none,mixed,1 6 6 7 7 9
661W8PqYfOeyX2,6,plain,none,mixed,2 5 6 7 7 9
661Wfl76A0hYO8,6,distinct,none,distinct,2 3 4 6 8 13
661WX31YX4voNi,6,progressive,none,distinct,1 4 6 7 8 10
661WGZfcjGHGYA,6,plain,none,mixed,2 2 5 7 9 11
661WAO_sA4GIP8,6,plain,none,mixed,3 3 5 5 9 11
661W6mQIZOopS8,6,progressive,none,distinct,1 4 5 7 9 10
661WbBZAJ8eIG1,6,plain,none,mixed,1 3 5 5 8 14
661WCIWn2Gnb14,6,progressive,none,distinct,1 2 5 6 9 13
661WbdqcA19Y-4,6,progressive,none,distinct,1 5 6 7 8 9
661W2Ib52IjKeX,6,plain,none,mixed,2 4 4 6 8 12
661WmHtZXPgGL8,6,plain,none,mixed,1 3 6 6 10 10
661WATJ5q21Dag,6,distinct,none,distinct,1 2 3 6 10 14
661WGBT2f4pFZ8,6,progressive,none,distinct,1 5 6 7 8 9
661WeiwvGWFgOI,6,progressive,none,distinct,1 3 5 6 10 11
661W4nD7n0UlcY,6,progressive,none,distinct,2 3 4 5 10 12
661WnHQaGGdIa4,6,distinct,none,distinct,2 3 4 7 8 12
661WCfLgC2M1X2,6,progressive,none,distinct,1 2 6 8 9 10
661WKPrYa0RL11,6,plain,none,mixed,2 2 3 6 9 14
661WAOp5abAfeY,6,progressive,none,distinct,3 4 5 7 8 9
661W8YLC9GNp25,6,progressive,none,distinct,1 3 5 8 9 10
661WeGnOIeSwI2,6,progressive,none,distinct,1 3 5 8 9 10
661WueYC239lI4,6,progressive,none,distinct,1 3 5 8 9 10
661WemXGhHY8n4,6,plain,none,mixed,2 2 3 3 11 15
661WHZj20aOoKb,6,distinct,none,distinct,2 3 4 8 9 10
661W0PZ0nhJKb8,6,progressive,none,distinct,1 2 5 8 9 11
661WnIqu02AJcA,6,distinct,none,distinct,1 3 5 7 8 12
661W5GkHpRAsa0,6,progressive,none,distinct,1 5 6 7 8 9
661Wq9I24JbQ24,6,plain,none,mixed,1 3 6 7 7 12
661WYfMfH1TAOW,6,progressive,none,distinct,1 4 6 7 8 10
661W9727Yh7AbH,6,plain,none,mixed,2 3 3 5 11 12
661W58OumWjQwu,6,progressive,none,distinct,2 3 5 7 8 11
661WOjPLECOT90,6,progressive,none,distinct,1 4 6 7 8 10
661W5GYbAmXa36,6,distinct,none,distinct,1 2 4 6 9 14
661WJs29K3PKu8,6,distinct,none,distinct,1 2 4 5 7 17
661WbQIZ59II8m,6,progressive,none,distinct,2 3 4 8 9 10
661WjIJXeAKN0Y,6,progressive,none,distinct,1 2 3 8 10 12
661W48kTeAGoaY,6,plain,none,mixed,2 4 6 6 7 11
661WGbo2449n6K,6,plain,none,mixed,1 3 6 8 8 10
661W0ZHn5GIazy,6,distinct,none,distinct,2 3 4 7 9 11
661WeJBI4mHH2A,6,progressive,none,distinct,1 2 6 8 9 10
661WOfJA428r8G,6,plain,none,mixed,1 3 5 5 9 13
661WWaGkC71IYS,6,plain,none,mixed,1 1 2 8 10 14
661WCMiof4X9g2,6,plain,none,mixed,2 5 5 6 8 10
661W1ua50RFLcj,6,progressive,none,distinct,1 3 4 8 9 11
661WhMQb40nAI8,6,distinct,none,distinct,2 4 5 7 8 10
661WfHEeoGmIcc,6,progressive,none,distinct,2 3 5 7 9 10
661WXeYaf4gd5A,6,plain,none,mixed,2 4 5 8 8 9
661WBH159WXn3s,6,progressive,none,distinct,1 3 5 8 9 10
661W49A248HIbE,6,progressive,none,distinct,1 4 6 7 8 10
661W0JH8SGPVhM,6,progressive,none,distinct,1 3 5 8 9 10
661WCfE0c8AGrc,6,progressive,none,distinct,1 3 5 8 9 10
661WGneo98IBc3,6,progressive,none,distinct,1 2 6 7 9 11
661WrYj9I0X2iK,6,plain,none,mixed,2 2 6 7 9 10
661W11BICemP2A,6,distinct,none,distinct,1 2 3 7 8 15
661W48irr8SZI8,6,plain,none,mixed,4 4 4 6 7 11
661W8p6L2bf8H4,6,plain,none,mixed,2 4 4 5 6 15
661WHfPxIL0WPO,6,progressive,none,distinct,2 3 4 6 10 11
661WZ9RdE0WWQ8,6,progressive,none,distinct,1 3 4 7 10 11
661W5JPsXaul18,6,progressive,none,distinct,1 4 6 7 8 10
661WeHnY2mWYo4,6,progressive,none,distinct,1 2 6 7 8 12
661WLp_K498T42,6,progressive,none,distinct,3 4 5 6 8 10
661WbbhA4JB484,6,distinct,none,distinct,2 3 4 6 7 14
661WCO6Aq8GIb9,6,plain,none,mixed,2 3 4 5 5 17
661WAQKuXIX2B0,6,plain,none,mixed,1 3 3 6 8 15
661WD9UmGBhIa2,6,plain,none,mixed,1 4 4 6 7 14
661W9DIQ0Yijl2,6,progressive,none,distinct,1 5 6 7 8 9
661WGWnI68HYZb,6,progressive,none,distinct,2 3 5 7 9 10
661W0X2LqZ6bRH,6,progressive,none,distinct,1 4 6 7 8 10
661W8i9IcOoa4o,6,plain,none,mixed,3 3 4 5 9 12
661Wnkxen0RK3I,6,distinct,none,distinct,2 4 5 6 7 12
661W8OKxXObCo2,6,progressive,none,distinct,1 2 6 8 9 10
661WOMUIbKAt80,6,progressive,none,distinct,1 2 6 8 9 10
661W8jj1Y4J2es,6,progressive,none,distinct,2 3 5 7 8 11
661W5EUp4WOnO2,6,progressive,none,distinct,1 3 5 8 9 10
661WOfCvW2GbDn,6,progressive,none,distinct,1 3 5 7 8 12
661W95nd0YbqSn,6,plain,none,mixed,1 3 7 7 8 10
661W0jX1Kd8pRE,6,progressive,none,distinct,1 4 5 7 9 10
661WfGi3GPEPJA,6,plain,none,mixed,2 2 5 7 8 12
661WGnMl02MImX,6,progressive,none,distinct,1 2 5 7 8 13
661W4gb80ZhN24,6,plain,none,mixed,2 4 4 5 7 14
661WKJWo0AckcE,6,progressive,none,distinct,1 2 5 7 10 11
661WAKU488OIZA,6,plain,none,mixed,1 2 5 5 8 15
661WHALb1BSmem,6,progressive,none,distinct,2 3 4 7 9 11
661WOpzC8G4o2C,6,progressive,none,distinct,1 3 5 7 8 12
661WGbF24fAbA8,6,plain,none,mixed,2 5 5 6 8 10
661WKjc104Hoef,6,distinct,none,distinct,1 3 4 7 10 11
661WKlHp4GGWQA,6,progressive,none,distinct,3 4 5 6 8 10
661WKnHM824_22,6,progressive,none,distinct,1 2 5 8 9 11
661W8OZC544y49,6,plain,none,mixed,1 1 4 5 12 13
661W8TU2g4HSIo,6,progressive,none,distinct,2 3 5 6 9 11
661W07Y4fILobG,6,distinct,none,distinct,1 2 5 6 10 12
661W04gM88Gx6I,6,distinct,none,distinct,1 2 3 6 10 14
661WOmJ6DOmJ01,6,distinct,none,distinct,1 2 4 6 7 16
661W09Ycb8HBfH,6,plain,none,mixed,1 4 4 7 8 12
661WCvAY8bAAc4,6,progressive,none,distinct,2 3 5 6 9 11
661W6ODGWKvqj1,6,progressive,none,distinct,1 2 6 7 9 11
661W1K9H2unbh8,6,progressive,none,distinct,1 2 6 7 9 11
661WGOrif0MqX2,6,plain,none,mixed,2 3 3 6 10 12
661WIM9vEAxv10,6,progressive,none,distinct,1 4 6 7 8 10
661W4ALbXIjBn0,6,distinct,none,distinct,1 4 6 7 8 10
661WCRjPAGaXd0,6,progressive,none,distinct,2 4 5 7 8 10
661WbYgrE0JD2A,6,progressive,none,distinct,1 2 5 8 9 11
661W5skSL11jA3,6,progressive,none,distinct,1 4 5 7 9 10
661WGXPvY29p4a,6,progressive,none,distinct,2 3 4 8 9 10
661W8HbgYAH0oc,6,progressive,none,distinct,2 3 4 8 9 10
661WZdMjAG6Ki0,6,progressive,none,distinct,2 4 5 7 8 10
661WCfnKeGYs21,6,progressive,none,distinct,1 3 5 8 9 10
661WNbB6GWae84,6,plain,none,mixed,1 2 3 3 8 19
661WfUbzM00S6Q,6,progressive,none,distinct,1 4 5 6 9 11
661W4ncaO8ELY4,6,plain,none,mixed,1 4 4 8 9 10
661WH9nH0jwMYZ,6,progressive,none,distinct,2 3 5 7 9 10
661W9EnKf9ZKAC,6,plain,none,mixed,3 3 4 5 9 12
661WFYav2H79Q2,6,progressive,none,distinct,1 4 5 7 9 10
661WvrX802eqfA,6,plain,none,mixed,2 3 4 8 8 11
661WGHJum0BJ5D,6,plain,none,mixed,2 3 3 7 10 11
661WI8HaJ8MqfY,6,distinct,none,distinct,1 3 6 7 8 11
661W0AGd7pMr2a,6,progressive,none,distinct,1 4 5 7 9 10
661WWWnIC7DIZ4,6,progressive,none,distinct,2 3 4 7 9 11
661WnonPWAgGcf,6,progressive,none,distinct,2 3 4 7 9 11
661WKdbH1G8pkg,6,distinct,none,distinct,3 4 5 6 7 11
661W8XZI54BX23,6,plain,none,mixed,1 1 7 7 9 11
661W5P26eXYQb9,6,progressive,none,distinct,1 4 5 6 9 11
661WKjJ18COPy0,6,plain,none,mixed,1 2 6 6 7 14
661WDfbS2JQQG6,6,plain,none,mixed,1 4 5 5 6 15
661W18Lj6ubR8G,6,progressive,none,distinct,1 4 5 7 9 10
661WTQHAG9jPX2,6,progressive,none,distinct,2 3 4 8 9 10
661WarpM034FAA,6,progressive,none,progressive,1 3 5 7 9 11
661WL8cCvHnoX0,6,plain,none,mixed,3 3 5 6 6 13
661WGIZqfGIWZ2,6,plain,none,mixed,1 2 7 7 7 12
661W3eIHeywSw1,6,plain,none,mixed,1 2 6 6 7 14
661W4Ow6C48aZE,6,distinct,none,distinct,1 4 5 6 8 12
661W29fXIAH2k8,6,plain,none,mixed,1 3 3 7 11 11
661WGbioY4GZqn,6,distinct,none,distinct,2 4 5 7 8 10
661W6924AOn28X,6,plain,none,mixed,1 2 2 6 8 17
661WAB4fQ8WjS8,6,plain,none,mixed,2 2 3 3 8 18
661WKf9Y06CucC,6,distinct,none,distinct,1 3 4 8 9 11
661W8MKX24fMi8,6,plain,none,mixed,2 4 6 8 8 8
661Wb9Ax64bQ70,6,progressive,none,distinct,1 4 6 7 8 10
661W0r9H28JafI,6,progressive,none,distinct,1 3 4 7 10 11
661W3AcZ2WvJQ4,6,plain,none,mixed,1 5 6 6 8 10
661W9ANMfaGj20,6,progressive,none,distinct,2 3 5 7 9 10
661Wfx29AD5IeG,6,plain,none,mixed,3 3 3 4 9 14
661WMslVa0aiWY,6,progressive,none,distinct,2 4 5 7 8 10
661WZ7rY44PG5I,6,distinct,none,distinct,1 3 4 5 6 17
661WCRYQG8igX6,6,plain,none,mixed,1 2 5 8 8 12
661WGBdfK8ZNH2,6,progressive,none,distinct,2 3 5 7 8 11
661W48fQPCGgKY,6,plain,none,mixed,2 3 6 6 8 11
661W5usInW-v68,6,progressive,none,distinct,1 4 5 7 9 10
661WGOZ228IqSO,6,distinct,none,distinct,1 2 4 8 9 12
661WLQi8G1AJd6,6,distinct,none,distinct,2 3 5 7 9 10
661W0vML88BARI,6,plain,none,mixed,1 5 5 6 7 12
661WKgt24GeZGX,6,progressive,none,distinct,1 3 4 7 9 12
661W29JbaGWev3,6,progressive,none,distinct,1 3 4 7 9 12
661W6Dg14GWoqb,6,plain,none,mixed,2 3 3 8 9 11
661WDEzY8aXCYG,6,progressive,none,distinct,1 3 4 8 9 11
661WGJaj22tJa8,6,progressive,none,distinct,1 5 6 7 8 9
661WiZkIWL8sKa,6,progressive,none,distinct,1 2 5 7 10 11
661W4mx69X1rKa,6,progressive,none,distinct,1 4 5 7 8 11
661WIaYIc8Ho4c,6,progressive,none,distinct,1 3 6 7 8 11
661W5PCa8bpnc4,6,progressive,none,distinct,2 4 5 7 8 10
661W13gA4JRrAO,6,progressive,none,distinct,1 4 5 7 8 11
661WHHz18Dofq4,6,progressive,none,distinct,1 3 5 8 9 10
661W9HHvIYep22,6,plain,none,mixed,1 5 7 7 7 9
661WHNAO89VKf4,6,progressive,none,distinct,3 4 5 6 8 10
661WMgpl14r8eW,6,progressive,none,distinct,1 4 6 7 8 10
661W4MCN98fKPX,6,distinct,none,distinct,1 4 5 7 8 11
661WpELYb0AL51,6,progressive,none,distinct,1 4 5 7 9 10
661WZdT6119hIa,6,progressive,none,distinct,2 3 5 7 8 11
661W0XDuXhGXY8,6,plain,none,mixed,1 2 4 4 12 13
661WcjgLJ1533W,6,progressive,none,distinct,1 4 5 7 9 10
661WAP9H28Haj2,6,distinct,none,distinct,2 4 5 6 8 11
661W0an52b9PqO,6,progressive,none,distinct,1 2 6 8 9 10
661WeOWn1a8Lbi,6,plain,none,mixed,1 4 5 5 9 12
661W8rhGWdDQKm,6,progressive,none,distinct,2 4 5 6 9 10
661WPGgN0Zben8,6,progressive,none,distinct,1 2 3 8 10 12
661WI97XWdLRQc,6,progressive,none,distinct,2 3 6 7 8 10
661Wp6DZI54928,6,distinct,none,distinct,1 2 4 5 7 17
661W49Z2Y8HIKg,6,distinct,none,distinct,2 3 4 8 9 10
661W8Gbd888LPI,6,progressive,none,distinct,2 3 5 7 8 11
661WY92JaeHIua,6,plain,none,mixed,1 1 5 8 10 11
661W9cCJgX9Uie,6,progressive,none,distinct,3 4 5 6 8 10
661W9YSwa17Aqb,6,progressive,none,distinct,2 3 4 8 9 10
661W8Hb5g8PGX1,6,plain,none,mixed,3 3 4 5 8 13
661W8An18GGktE,6,progressive,none,distinct,2 4 5 6 9 10
661WWGob47EYIb,6,progressive,none,distinct,2 3 4 8 9 10
661W3H2YCcjKg4,6,progressive,none,distinct,2 4 5 7 8 10
661WarAbAX14AX,6,progressive,none,distinct,1 2 4 8 10 11
661WhLWZ6aen08,6,progressive,none,distinct,1 2 5 6 9 13
661W8bAK8nYX2I,6,plain,none,mixed,2 3 3 8 9 11
661W49ZZQCT2I4,6,distinct,none,distinct,1 2 6 8 9 10
661WWfKPm3Ongn,6,progressive,none,distinct,1 5 6 7 8 9
661W8bJM8nY96I,6,distinct,none,distinct,2 3 4 8 9 10
661WPpSPo58paW,6,progressive,none,distinct,2 4 5 6 8 11
661W0taio0ghLn,6,plain,none,mixed,2 2 4 7 7 14
661W2KJVdKbbF0,6,progressive,none,distinct,2 4 6 7 8 9
661WC6JagnIXjW,6,progressive,none,distinct,1 3 6 7 9 10
661WGbfZ6fH0YG,6,plain,none,mixed,2 2 4 8 10 10
661W4vpX3GYL0W,6,distinct,none,distinct,1 2 3 6 11 13
661WPoaM4Wf9Z2,6,progressive,none,distinct,2 3 6 7 8 10
661W2L2CGjNIb2,6,distinct,none,distinct,2 3 5 7 9 10
661W8nkma4QXHe,6,progressive,none,distinct,1 2 6 8 9 10
661WZBSbAGP2A8,6,progressive,none,distinct,2 4 6 7 8 9
661W482DsSnA59,6,distinct,none,distinct,2 3 4 5 8 14
661W29IIaGWnQo,6,plain,none,mixed,1 4 5 5 10 11
661WGvigX8MFZ8,6,progressive,none,distinct,1 5 6 7 8 9
661W8Dvb78HT85,6,progressive,none,distinct,1 4 5 7 9 10
661WjarS4O7QAA,6,progressive,none,distinct,2 3 5 7 9 10
661WPgQp4WHML8,6,progressive,none,distinct,2 3 5 7 9 10
661WX2iHE4ng54,6,distinct,none,distinct,1 2 4 5 11 13
661W45IGnIXIhC,6,plain,none,mixed,1 3 3 5 11 13
661WMvgr64A95G,6,progressive,none,distinct,1 5 6 7 8 9
661WKejhAA5864,6,plain,none,mixed,2 2 5 6 10 11
661W8OEA4Mnr68,6,plain,none,mixed,1 5 6 6 7 11
661WB9XLAaecXK,6,progressive,none,distinct,1 4 5 7 9 10
661W0cnY9fX95J,6,plain,none,mixed,1 3 5 7 10 10
661W8S-90KzPv6,6,progressive,none,distinct,1 3 6 7 9 10
661WGQA3n8dzko,6,progressive,none,distinct,2 4 5 6 8 11
661WGX34AGWun2,6,distinct,none,distinct,1 2 4 6 8 15
661WH7CY05unon,6,progressive,none,progressive,1 3 5 7 9 11
661W4MfK0pMnAI,6,progressive,none,distinct,2 3 5 6 8 12
661WfLh248mH2O,6,progressive,none,distinct,1 4 6 7 8 10
661WAnbA1AI0no,6,plain,none,mixed,1 2 4 7 11 11
661WZqfabKh8Z0,6,progressive,none,distinct,1 2 5 7 10 11
661W4Z57EnAaX2,6,plain,none,mixed,2 4 4 6 7 13
661W8QjK08fCzp,6,progressive,none,distinct,3 4 5 7 8 9
661WAcjS8GFH22,6,progressive,none,distinct,1 4 5 7 9 10
661W8En82KKlvA,6,progressive,none,distinct,1 4 5 6 9 11
661WGRH34GJbXZ,6,distinct,none,distinct,2 3 4 6 10 11
661W4mYQXjTTIW,6,plain,none,mixed,2 2 5 6 10 11
661W4HcI4C9bZ4,6,plain,none,mixed,1 1 7 8 9 10
661WOGiOm0Qob5,6,progressive,none,distinct,1 2 6 7 9 11
661WjRGrq4TOWa,6,progressive,none,distinct,2 3 5 7 8 11
661W6DIX9GWvme,6,plain,none,mixed,2 2 3 9 10 10
661W1Z4hOX2jvI,6,plain,none,mixed,1 5 6 6 8 10
661W11pTXabgs8,6,progressive,none,distinct,1 3 5 6 10 11
661WfQjb264K6f,6,plain,none,mixed,2 4 5 5 10 10
661W4TusKIaqe2,6,progressive,none,distinct,1 3 5 8 9 10
661WAPNc989HuW,6,progressive,none,distinct,1 4 5 6 9 11
661W5JDH0bZcaZ,6,plain,none,mixed,2 3 4 7 7 13
661W4f2Y5GYKcD,6,progressive,none,distinct,1 4 6 7 8 10
661WKkKXI6eGe8,6,progressive,none,distinct,1 3 6 7 9 10
661WKgOUOCWOZ8,6,plain,none,mixed,1 2 5 5 9 14
661WlGWdAK81u0,6,plain,none,mixed,1 1 2 4 14 14
661W8HU1Y6LQog,6,progressive,none,distinct,3 4 5 7 8 9
661WQfoX049LeX,6,progressive,none,distinct,2 3 4 8 9 10
661WbGXh94bDGW,6,plain,none,mixed,2 3 3 5 10 13
661WbMjKGWCLA2,6,progressive,none,distinct,1 4 5 6 9 11
661WKH16Z8JuOI,6,plain,none,mixed,1 2 2 7 9 15
661WbFcP12nHco,6,progressive,none,progressive,1 3 5 7 9 11
661Wnaj688f92O,6,progressive,none,distinct,1 2 5 8 9 11
661WX25Aq0bBMk,6,distinct,none,distinct,2 4 5 6 9 10
661WJ6sMC18ZtX,6,progressive,none,distinct,1 3 5 8 9 10
661W8IqqGGSpX4,6,progressive,none,distinct,1 3 5 8 9 10
661WKvMg487OX2,6,progressive,none,distinct,1 5 6 7 8 9
661WKLij24VHg0,6,progressive,none,distinct,1 4 6 7 8 10
661WIn1Heb9zR1,6,progressive,none,distinct,2 4 5 7 8 10
661W4mA8KbDl68,6,plain,none,mixed,2 2 5 5 9 13
661WAbROGGgH62,6,progressive,none,distinct,1 4 5 6 8 12
661WIdKd9G8Xqe,6,progressive,none,distinct,1 2 6 7 8 12
661WCeHK2OpxI2,6,progressive,none,distinct,3 4 5 7 8 9
661W70OHWVUzqu,6,progressive,none,distinct,1 4 5 7 9 10
661WCh5qGGFoY6,6,progressive,none,distinct,1 3 5 8 9 10
661W9DwPb3hqw0,6,progressive,none,distinct,1 2 6 8 9 10
661W4QN888zL24,6,progressive,none,distinct,1 4 5 6 8 12
661WDLhQYpB0O1,6,progressive,none,distinct,1 3 6 7 8 11
661W7DLQgebYI9,6,progressive,none,distinct,2 4 6 7 8 9
661W8ecgnfHNHY,6,progressive,none,distinct,2 3 5 7 9 10
661W0TnlGGiiLI,6,progressive,none,distinct,1 4 5 7 8 11
661WQbCbg0QX31,6,progressive,none,distinct,1 3 6 7 8 11
661W4A3dCGnJ2b,6,progressive,none,distinct,2 4 5 7 8 10
661W5cAr13sCIo,6,distinct,none,distinct,1 3 4 5 10 13
661WGYW_9CbHHa,6,plain,none,mixed,3 4 4 5 8 12
661WbZfZ5GJc6W,6,progressive,none,distinct,1 2 5 6 10 12
661W5chfAbLHAX,6,progressive,none,distinct,2 3 4 8 9 10
661WYXZ9G19HYr,6,distinct,none,distinct,1 2 5 8 9 11
661WHfQfImA4CK,6,distinct,none,distinct,1 3 4 7 9 12
661W1ElNka0Yem,6,plain,none,mixed,2 3 3 6 6 16
661W2SnH4KfKwA,6,progressive,none,distinct,2 4 6 7 8 9
661WAHJfIGeJWG,6,plain,none,mixed,1 1 6 6 9 13
661WBqKi8P5IYC,6,progressive,none,distinct,2 4 5 6 9 10
661WJ8nX4HZ4w4,6,plain,none,mixed,3 3 5 5 7 13
661W4M4lW2vlig,6,progressive,none,distinct,2 3 4 8 9 10
661W4JAH2fYMbb,6,progressive,none,distinct,2 3 4 6 10 11
661WLcPX4D9JQG,6,progressive,none,distinct,2 4 6 7 8 9
661WAGcH8C8fJK,6,plain,none,mixed,1 1 7 8 9 10
661WXp_8gGE4lm,6,progressive,none,distinct,1 2 5 8 9 11
661W8M2d52rbgi,6,progressive,none,distinct,3 4 5 6 7 11
661W0GCi3Orrhw,6,progressive,none,distinct,1 3 4 8 9 11
661W4Onr48Gz1b,6,distinct,none,distinct,2 3 6 7 8 10
661WCghU44t246,6,progressive,none,distinct,1 3 5 8 9 10
661WbJrkK05qa8,6,progressive,none,distinct,1 3 6 7 9 10
661WGYkj02bpab,6,progressive,none,distinct,2 4 6 7 8 9
661WL4KR1PSvja,6,progressive,none,distinct,2 3 4 8 9 10
661W8nosCX2YX4,6,progressive,none,distinct,2 3 5 7 9 10
661W2YHY4GobjA,6,progressive,none,distinct,1 4 6 7 8 10
661WBnPPAHDp5G,6,progressive,none,distinct,1 2 5 8 9 11
661W4Xk9G4M-r6,6,progressive,none,distinct,2 4 6 7 8 9
661WYk8Yb9X2hG,6,plain,none,mixed,1 4 4 6 6 15
661W4YYqfGp534,6,progressive,none,distinct,1 3 6 7 9 10
661WPdIjWg8CSg,6,progressive,none,distinct,2 4 5 7 8 10
661WBbIN8WYGt2,6,progressive,none,distinct,1 4 5 7 9 10
661WMjd9X2GIXe,6,distinct,none,distinct,1 2 6 8 9 10
661W4XfoZ8J7L8,6,plain,none,mixed,3 4 4 6 8 11
661W4xsKk4Y92Y,6,progressive,none,distinct,1 3 6 7 9 10
661WA8gKg48cCY,6,distinct,none,distinct,2 3 4 5 10 12
661WOIMaYGhhH1,6,progressive,none,distinct,1 4 5 7 8 11
661W8HgiQ41Jab,6,plain,none,mixed,2 2 3 7 10 12
661WMnIn8GWUoI,6,plain,none,mixed,1 4 7 7 7 10
661WGn9f1AQJ6f,6,progressive,none,distinct,1 5 6 7 8 9
661WAbSf0ZQGcX,6,distinct,none,distinct,1 3 6 7 9 10
661WS8G34KhIJ6,6,plain,none,mixed,1 5 6 6 7 11
661W6sbDQ8g4W8,6,plain,none,mixed,2 2 3 7 9 13
661WX1n0XSPJb8,6,distinct,none,distinct,1 2 4 7 10 12
661WeGYGZeGmXa,6,plain,none,mixed,1 1 3 8 11 12
661Wien48HZHX2,6,progressive,none,distinct,2 3 4 8 9 10
661W9mQKXJ5Z62,6,progressive,none,distinct,1 2 5 8 9 11
661WGpkiK4YPY8,6,progressive,none,distinct,2 4 5 6 9 10
661W2Jb26KH4fZ,6,plain,none,mixed,2 2 4 9 9 10
661WPR7f61iggK,6,progressive,none,distinct,2 4 5 6 9 10
661WH1gwI1ihbf,6,progressive,none,distinct,2 3 4 8 9 10
661W8X1oaX3Zc9,6,plain,none,mixed,1 3 6 6 7 13
661WpWoX04fX4v,6,progressive,none,distinct,1 2 6 7 8 12
661WGKXQb6AI4K,6,distinct,none,distinct,1 3 5 6 10 11
661WIQsOGGQmh2,6,distinct,none,distinct,1 4 6 7 8 10
661WHiLvYYoaeD,6,progressive,none,distinct,2 3 5 7 9 10
661W5xEH9YFIbW,6,progressive,none,distinct,1 2 6 8 9 10
661WXII7h1IpJ4,6,progressive,none,distinct,2 3 5 7 9 10
661WAHDgKOWck8,6,progressive,none,distinct,2 3 4 8 9 10
661Wrgb6CW92X2,6,progressive,none,distinct,1 4 6 7 8 10
661W89Abh496EI,6,progressive,none,distinct,2 3 4 7 9 11
661W4IWvp8fLX4,6,plain,none,mixed,2 3 6 8 8 9
661W8AXq0AbUNf,6,progressive,none,distinct,1 5 6 7 8 9
661WCHI568HABM,6,progressive,none,distinct,2 4 6 7 8 9
661WHtgL23M13O,6,plain,none,mixed,1 2 6 8 8 11
661W4vh1A4ABoC,6,progressive,none,distinct,1 2 6 7 9 11
661WbGarg0vb25,6,progressive,none,distinct,2 4 5 7 8 10
661W8ExuW2zCpq,6,distinct,none,distinct,1 2 5 7 8 13
661WbB9HaGmXsW,6,progressive,none,distinct,1 2 3 9 10 11
661W4anOiZDIUY,6,progressive,none,distinct,2 4 6 7 8 9
661W76X32ZMkaX,6,progressive,none,distinct,2 4 5 7 8 10
661W0YeHnMRrgu,6,progressive,none,distinct,1 4 6 7 8 10
661W8PtX44HKq8,6,plain,none,mixed,2 3 5 8 9 9
661W8E9z2AjN98,6,progressive,none,distinct,1 4 6 7 8 10
661WCM5I2GfHQE,6,progressive,none,distinct,1 3 6 7 9 10
661WIbWe5Kiwsa,6,plain,none,mixed,2 4 4 7 8 11
661WHAz5O3h5ab,6,progressive,none,distinct,1 4 6 7 8 10
661W8GoO0EGoZ6,6,plain,none,mixed,1 1 4 8 9 13
661WiwnIa9Y1Ga,6,distinct,none,distinct,2 3 4 5 10 12
661WHZ8nZeGX18,6,plain,none,mixed,2 2 4 4 12 12
661W4Mz932fMYm,6,progressive,none,distinct,1 4 5 7 9 10
661WbGbm4MKjX4,6,plain,none,mixed,1 2 3 9 9 12
661WPIIMaXnAZ1,6,progressive,none,distinct,2 3 5 7 9 10
661W1QIO2XU_p2,6,progressive,none,progressive,1 3 5 7 9 11
661WZDT444mvA4,6,progressive,none,distinct,2 3 5 7 9 10
661WPAD3Q5bFc0,6,distinct,none,distinct,1 3 4 5 10 13
661WIKjym0Mn31,6,progressive,none,progressive,1 3 5 7 9 11
661W8JJZ48XJH2,6,distinct,none,distinct,2 3 5 7 9 10
661W8HqYaGuoZ5,6,progressive,none,distinct,3 4 5 7 8 9
661WAWY30OpquX,6,distinct,none,distinct,1 2 3 5 11 14
661W1g4rcJThAH,6,plain,none,mixed,3 4 4 6 9 10
661W8bsK48Ah6I,6,progressive,none,distinct,1 4 6 7 8 10
661W8Z9a9GImZB,6,distinct,none,distinct,1 3 6 7 8 11
661W0ILRmGncxH,6,progressive,none,distinct,1 4 5 7 9 10
661WW9Wq8iPHjS,6,distinct,none,distinct,1 2 4 5 9 15
661WjQx6K2K128,6,plain,none,mixed,1 3 5 7 10 10
661WYQCfEH6AEG,6,plain,none,mixed,1 1 5 5 9 15
661WBAcyu12hPb,6,progressive,none,distinct,2 4 5 7 8 10
661W0od7A4oCPI,6,plain,none,mixed,2 4 5 5 10 10
661WKeYxICHJH4,6,progressive,none,distinct,2 4 5 7 8 10
661WLAKnfa2CJ0,6,distinct,none,distinct,1 2 3 4 9 17
661WXbi4mAxDQo,6,progressive,none,distinct,1 4 5 6 9 11
661WQefgv49S7G,6,progressive,none,distinct,1 2 3 9 10 11
661W6Draf8P1b0,6,progressive,none,distinct,1 2 5 8 9 11
661WXI6Z4HhnI4,6,plain,none,mixed,2 2 3 7 8 14
661WagIg85qOob,6,progressive,none,distinct,3 4 5 6 8 10
661WfJbne4Heo1,6,progressive,none,distinct,1 4 5 6 8 12
661WCqfK0IcGf6,6,progressive,none,distinct,1 4 5 7 9 10
661WAM9Ic8nX2a,6,progressive,none,distinct,3 4 5 7 8 9
661WQsrAC2a340,6,distinct,none,distinct,1 2 4 7 9 13
661WLAY5A90oaf,6,plain,none,mixed,2 4 4 4 9 13
661WaXN105HJgr,6,progressive,none,distinct,2 3 5 6 9 11
661WGiLA4ABN4G,6,plain,none,mixed,2 2 5 5 10 12
661W8whb4XmSUO,6,progressive,none,distinct,2 3 6 7 8 10
661WCnLfO0Iko4,6,progressive,none,distinct,1 4 6 7 8 10
661WIaQn16DhHm,6,plain,none,mixed,1 5 6 6 8 10
661W0WXIafHYKk,6,progressive,none,distinct,1 4 5 7 9 10
661W89Yb48HFHZ,6,progressive,none,distinct,2 3 5 7 9 10
661W4wzi02cL3A,6,progressive,none,distinct,2 3 5 6 9 11
661WKKwfA2AgQ8,6,progressive,none,distinct,2 3 5 7 8 11
661Wx6Wa88IxqX,6,progressive,none,distinct,1 3 4 8 9 11
661WG4fpAGZDf8,6,progressive,none,distinct,1 3 5 6 10 11
661WOopM02qP6A,6,progressive,none,progressive,1 3 5 7 9 11
661W4jaSW4Mtl1,6,progressive,none,distinct,1 3 5 8 9 10
661WYfWYaHWZuo,6,progressive,none,distinct,1 3 4 7 9 12
661W4jQY4GYKaK,6,plain,none,mixed,2 3 6 6 9 10
661WanWHA11jJ2,6,plain,none,mixed,1 2 4 4 9 16
661WYfLIZ5GWxG,6,progressive,none,distinct,1 3 6 7 9 10
661WBenI2J79fb,6,progressive,none,distinct,2 4 5 7 8 10
661W8GL2KdIZ24,6,plain,none,mixed,1 3 7 8 8 9
661WXWEf88-bAv,6,progressive,none,distinct,1 4 5 6 9 11
661WhGrZ0EbAGG,6,plain,none,mixed,1 1 3 4 10 17
661WIaHE6Z9BK0,6,distinct,none,distinct,1 2 4 6 11 12
661W4HaKeKvb21,6,progressive,none,distinct,1 3 4 7 10 11
661WerhLK14avG,6,progressive,none,distinct,3 4 5 6 8 10
661W2GZgCKjb92,6,progressive,none,distinct,3 4 5 7 8 9
661WONIb9nHGam,6,plain,none,mixed,2 5 5 7 8 9
661W4Hoa4nYRfI,6,progressive,none,distinct,1 2 6 7 9 11
661W88UfAACb28,6,plain,none,mixed,2 2 6 7 7 12
661WfXvY4OJ2Y8,6,plain,none,mixed,2 2 5 8 9 10
661WcLKLeaPKcY,6,progressive,none,distinct,1 4 5 7 9 10
661WGMjeG0hHYK,6,progressive,none,distinct,1 2 4 8 9 12
661WK6GXCGIjS8,6,distinct,none,distinct,1 2 3 9 10 11
661WOX3p6GWLAI,6,plain,none,mixed,3 3 4 5 10 11
661WIgCI58eGj3,6,plain,none,mixed,1 5 5 5 7 13
661WMif28GXBZ2,6,plain,none,mixed,4 4 4 6 7 11
661W0HI_829MQp,6,plain,none,mixed,3 3 5 5 6 14
661WOWggK0BZc8,6,progressive,none,distinct,1 2 6 7 9 11
661WbIZ0XHIL26,6,plain,none,mixed,2 2 3 5 8 16
661W0KOdAKfUA8,6,progressive,none,distinct,1 3 4 7 10 11
661W5OcIWLppIX,6,progressive,none,distinct,2 4 5 6 9 10
661WreHHa8nZma,6,progressive,none,distinct,2 4 5 6 9 10
661WgP20i5BQf1,6,distinct,none,distinct,1 2 3 8 10 12
661WhsfZ98382e,6,progressive,none,distinct,1 2 3 6 11 13
661W0C9KYQrofn,6,progressive,none,distinct,2 4 5 7 8 10
661W0tlCan6bxe,6,progressive,none,distinct,2 4 5 7 8 10
661W8Arg4IfM12,6,progressive,none,distinct,3 4 5 7 8 9
661W8JGLWhdpYX,6,progressive,none,distinct,2 3 4 8 9 10
661W26f84KKhtZ,6,progressive,none,distinct,2 3 4 6 9 12
661WHWX34aeJNE,6,plain,none,mixed,3 3 4 5 6 15
661WGbLZ089oKv,6,progressive,none,distinct,1 4 6 7 8 10
661WashIY3qSOY,6,progressive,none,distinct,3 4 5 7 8 9
661WarIsX35Eg8,6,distinct,none,distinct,3 4 5 7 8 9
661Wc58u4Lcj38,6,distinct,none,distinct,1 2 3 4 10 16
661Wjdo5AA7Hi0,6,distinct,none,distinct,2 3 4 5 8 14
661WajY8o19Jhi,6,progressive,none,distinct,3 4 5 7 8 9
661WWqBK459-jG,6,distinct,none,distinct,1 2 5 6 10 12
661WX3B2YCeHIB,6,plain,none,mixed,1 3 3 7 8 14
661WGmnIaGY26B,6,distinct,none,distinct,1 3 4 7 8 13
661WDAJEW3QfZ5,6,progressive,none,distinct,2 4 6 7 8 9
661WDOUA4YnGd6,6,plain,none,mixed,1 5 5 6 6 13
661W5_Yb692F4G,6,progressive,none,distinct,1 3 6 7 9 10
661WAKfH8AKWXn,6,distinct,none,distinct,1 2 5 8 9 11
661W4fob4nXB0X,6,progressive,none,distinct,1 2 6 8 9 10
661WGKifGXMjQ8,6,progressive,none,distinct,2 4 5 6 9 10
661W0SDL4fQkfb,6,distinct,none,distinct,1 3 6 7 8 11
661W8D0w4KajcQ,6,plain,none,mixed,1 4 4 7 8 12
661WBOIbMajXO0,6,progressive,none,distinct,1 3 5 6 10 11
661WYbIq411ANZ,6,progressive,none,distinct,1 3 5 7 8 12
661WCYGPWCsjLD,6,progressive,none,distinct,1 2 6 8 9 10
661WH2SX8L8OqC,6,distinct,none,distinct,1 2 3 6 9 15
661WPoIYKYHIX2,6,progressive,none,distinct,1 2 6 8 9 10
661WdlM480Ab64,6,plain,none,mixed,2 4 4 6 8 12
661W0BGt4hcrJ4,6,progressive,none,distinct,1 4 6 7 8 10
661W8KHcK4CJ5I,6,plain,none,mixed,3 3 5 5 7 13
661WmBY4eeZDMk,6,progressive,none,distinct,1 5 6 7 8 9
661W8XLen4IWb9,6,plain,none,mixed,1 2 5 8 10 10
661WCgtgjXrK10,6,progressive,none,distinct,1 3 4 7 10 11
661W1oLQmWdDCT,6,progressive,none,distinct,1 2 5 7 10 11
661WMfJ6K04XA4,6,progressive,none,distinct,1 4 5 6 9 11
661W32W45aOhMy,6,distinct,none,distinct,1 2 3 5 12 13
661W5rhIn5kC84,6,progressive,none,distinct,1 3 4 7 9 12
661W3IVg4JAYaK,6,progressive,none,distinct,1 3 6 7 9 10
661WepjGW5eo49,6,plain,none,mixed,3 3 4 5 6 15
661W3DGPKWen_2,6,plain,none,mixed,1 5 5 5 10 10
661WAIWb88nnWn,6,progressive,none,distinct,1 2 6 7 8 12
661WQ91H28JYfb,6,progressive,none,distinct,1 2 3 9 10 11
661Wa8Xnea8RIX,6,distinct,none,distinct,1 2 4 7 9 13
661W06i4YGOhMw,6,progressive,none,distinct,1 2 3 8 9 13
661We9XYqBJ39H,6,progressive,none,distinct,1 2 6 8 9 10
661W5tfQGDWaOZ,6,progressive,none,distinct,1 2 5 8 9 11
661WCeCvI8RpX8,6,plain,none,mixed,3 3 3 6 6 15
661WAbN72AEfa0,6,progressive,none,distinct,2 3 5 7 8 11
661WLXJ60Yb3Qr,6,progressive,none,distinct,2 3 6 7 8 10
661WSvyIZ2TPK0,6,progressive,none,distinct,2 3 4 8 9 10
661WCef4iGYMKc,6,plain,none,mixed,1 4 5 5 9 12
661WbcvA42RsA8,6,progressive,none,distinct,3 4 5 6 7 11
661W0wYb88olK8,6,plain,none,mixed,1 3 4 6 11 11
661W0jJ4HGcL6L,6,progressive,none,progressive,1 3 5 7 9 11
661W4aS4IfDAQK,6,plain,none,mixed,2 2 3 4 8 17
661WCgX35OoY1Y,6,plain,none,mixed,1 3 5 5 9 13
661W2bUd4j1AYX,6,distinct,none,distinct,1 4 5 7 9 10
661W5ApYYqOIH1,6,progressive,none,distinct,1 3 6 7 9 10
661W7IKf1ebEGm,6,progressive,none,distinct,1 2 6 7 9 11
661W5QK4W3UlKg,6,progressive,none,distinct,1 4 5 7 9 10
661WOgw25nHLIe,6,plain,none,mixed,2 2 4 6 9 13
661W13XNCaP3NA,6,plain,none,mixed,3 4 4 5 8 12
661WL8nIoH4B2Y,6,plain,none,mixed,1 3 3 7 7 15
661WuGYSG54obC,6,plain,none,mixed,1 2 6 6 10 11
661W450LCKenxC,6,plain,none,mixed,3 3 4 6 7 13
661WW8lXKDMV4b,6,progressive,none,distinct,1 2 6 8 9 10
661WO8LKa4Qz21,6,distinct,none,distinct,1 2 5 8 9 11
661WvjpemG94j1,6,progressive,none,distinct,1 2 5 8 9 11
661WqgL8g1a1bg,6,distinct,none,distinct,1 3 4 5 8 15
661W58ne5abAoa,6,plain,none,mixed,2 2 4 6 7 15
661WLEb109Ooan,6,progressive,none,distinct,2 3 4 7 9 11
661WDL4qaWvOgD,6,progressive,none,distinct,2 3 5 7 9 10
661W2V2cXAbCdK,6,progressive,none,distinct,1 4 5 7 9 10
661WP8qf2Ypb48,6,plain,none,mixed,1 5 6 6 8 10
661WnmbQh2oeG4,6,plain,none,mixed,2 2 3 6 8 15
661W26nX38nYaW,6,plain,none,mixed,1 2 2 9 11 11
661WWYGn29Z6EQ,6,plain,none,mixed,3 4 4 5 5 15
661W4gnYGGNjX2,6,plain,none,mixed,1 3 8 8 8 8
661WbOhHCOGSr0,6,progressive,none,distinct,1 2 5 8 9 11
661WAL2Z4GXnIC,6,progressive,none,distinct,2 3 6 7 8 10
661WbLZb90WL1w,6,progressive,none,distinct,1 3 6 7 9 10
661W8OwY68GqYf,6,distinct,none,distinct,2 4 6 7 8 9
661WnRp402sCpd,6,progressive,none,distinct,1 5 6 7 8 9
661W2aIPoX9paq,6,progressive,none,distinct,1 4 6 7 8 10
661W8Kjf5Qb8Ym,6,progressive,none,distinct,2 3 6 7 8 10
661WWfoMCX2cd8,6,progressive,none,distinct,1 3 6 7 9 10
661W8fIWXb8b9I,6,plain,none,mixed,2 3 6 6 7 12
661WLd4fi1K0RD,6,plain,none,mixed,2 3 3 4 8 16
661WIUSdmbbKN1,6,progressive,none,distinct,1 2 6 7 9 11
661WGWicg4PpLa,6,progressive,none,distinct,3 4 5 7 8 9
661W2vRX2GYJi4,6,plain,none,mixed,1 4 4 7 8 12
661WGZiS4Gqwb4,6,progressive,none,distinct,1 4 6 7 8 10
661W8HErH6HfHe,6,progressive,none,distinct,1 4 5 7 9 10
661WncnY40HYbI,6,distinct,none,distinct,2 4 5 6 7 12
661W8SWqC48ReE,6,plain,none,mixed,1 1 4 5 12 13
661WW2A4egbpd9,6,progressive,none,distinct,1 2 6 7 8 12
661W5L98XYfqfC,6,progressive,none,distinct,1 3 6 7 9 10
661WHGtPIWpo34,6,progressive,none,distinct,1 4 5 7 9 10
661WvAM284Az48,6,plain,none,mixed,1 4 5 5 8 13
661WYrQrA12Z30,6,progressive,none,distinct,1 3 6 7 8 11
661WGept4AN4J4,6,progressive,none,distinct,1 4 5 6 8 12
661Wr8wb29n9I8,6,progressive,none,distinct,1 5 6 7 8 9
661WG8Sr88AKYh,6,progressive,none,distinct,2 3 5 6 7 13
661WCLeo8GWfgA,6,progressive,none,distinct,2 3 5 7 8 11
661W0gQJKZorJ8,6,progressive,none,distinct,1 4 5 7 9 10
661W0VH51ArLbo,6,progressive,none,distinct,1 3 6 7 8 11
661Wefw22aAsI8,6,progressive,none,distinct,1 3 6 7 8 11
661W991A4DtBhM,6,plain,none,mixed,3 4 6 6 6 11
661WafEem1HIhP,6,progressive,none,distinct,2 4 5 7 8 10
661WGX78CGqnIb,6,progressive,none,distinct,1 3 4 6 10 12
661WAGfg0CKh5M,6,progressive,none,distinct,1 4 5 6 9 11
661W8CIZ68Gr8O,6,distinct,none,distinct,1 3 4 8 9 11
661W8WGHd4BMwK,6,plain,none,mixed,1 3 3 6 7 16
661Wn8nYe1ZCLf,6,progressive,none,distinct,1 4 5 6 7 13
661WCB64AG9EK8,6,distinct,none,distinct,1 2 4 6 9 14
661WAfc198Axw5,6,progressive,none,distinct,1 5 6 7 8 9
661WKwLC0ZcJX2,6,progressive,none,distinct,2 3 5 7 9 10
661W0BIhoKHIPm,6,progressive,none,distinct,1 2 5 8 9 11
661W6On1AfIew4,6,distinct,none,distinct,1 2 5 6 9 13
661W8BqOWIfrZ1,6,progressive,none,distinct,1 3 5 8 9 10
661W2EQ0ZCfpfa,6,progressive,none,distinct,1 3 5 8 9 10
661W14mZ4ob9an,6,progressive,none,distinct,1 3 4 7 10 11
661WX6Z8iGSoKo,6,progressive,none,distinct,1 2 4 6 11 12
661W4PAqmX7pb1,6,progressive,none,distinct,2 4 5 7 8 10
661WG93X9GYysi,6,progressive,none,distinct,1 3 5 6 10 11
661WCAAZ18nMMe,6,progressive,none,distinct,1 4 6 7 8 10
661WAVzgs0n43W,6,progressive,none,distinct,1 4 6 7 8 10
661WYffX29H2kG,6,progressive,none,distinct,1 3 5 6 9 12
661WGHYd48J9XZ,6,plain,none,mixed,2 4 4 7 7 12
661W3fGY8agzaO,6,progressive,none,distinct,1 4 5 7 8 11
661WbAcMi08ZZ3,6,plain,none,mixed,1 5 5 8 8 9
661W99Ct6gir62,6,progressive,none,distinct,3 4 5 7 8 9
661WAKoId8GoM0,6,plain,none,mixed,1 4 7 7 8 9
661WGSmo48IZgA,6,progressive,none,distinct,1 4 6 7 8 10
661WWPIMYeHCxH,6,progressive,none,distinct,1 4 6 7 8 10
661W45QMhGWnU0,6,progressive,none,distinct,1 3 6 7 8 11
661W0Htj6f7ea8,6,progressive,none,distinct,1 4 5 7 8 11
661W3H264cjrA4,6,distinct,none,distinct,2 4 5 7 8 10
661WAeLY44JZB6,6,progressive,none,distinct,2 4 5 7 8 10
661WAYyR4n5Dz8,6,progressive,none,distinct,1 2 6 7 9 11
661W72So25Z6rK,6,plain,none,mixed,1 2 6 7 7 13
661W76p92Yv1k4,6,progressive,none,distinct,1 4 5 7 9 10
661Wjfgr0IcBH8,6,progressive,none,distinct,2 3 6 7 8 10
661W1DJKiXYapw,6,progressive,none,distinct,1 4 5 7 9 10
661WQMKa04hALZ,6,progressive,none,distinct,1 4 6 7 8 10
661W4BZ498XQnY,6,progressive,none,distinct,2 3 5 7 9 10
661W4H9YaGXctX,6,progressive,none,distinct,2 3 4 7 9 11
661W4QpZenIR0Y,6,progressive,none,distinct,1 5 6 7 8 9
661W4OXL424Tdf,6,distinct,none,distinct,2 3 4 5 7 15
661W0fd5CAE6vI,6,progressive,none,distinct,2 3 5 7 8 11
661WJRGXZHJ290,6,plain,none,mixed,2 3 3 4 9 15
661WfboSWK7BKq,6,progressive,none,distinct,1 2 6 8 9 10
661WYGL2H9ERKu,6,progressive,none,distinct,1 4 5 7 9 10
661WGKbCO8ImXQ,6,plain,none,mixed,1 3 4 8 8 12
661WmXYR655P34,6,distinct,none,distinct,1 4 5 6 9 11
661W45GYCETIk4,6,progressive,none,distinct,2 4 5 6 8 11
661Wo8GOYFGXAY,6,plain,none,mixed,1 1 3 6 12 13
661W5nAIbJ6QCO,6,plain,none,mixed,2 3 4 8 8 11
661WOPs244JHAK,6,progressive,none,distinct,1 4 5 7 8 11
661W8nrOY2QI2c,6,progressive,none,distinct,1 3 4 8 9 11
661WH4DBKHIaub,6,plain,none,mixed,1 3 3 6 6 17
661W0jJ6eX0ffB,6,plain,none,mixed,1 2 6 6 10 11
661W9WY86ohXI4,6,plain,none,mixed,1 1 4 6 10 14
661WCvn32AM8cC,6,progressive,none,distinct,2 4 5 7 8 10
661WGgJh2hgaK8,6,progressive,none,distinct,2 3 6 7 8 10
661WYfGn2fH2A2,6,plain,none,mixed,1 4 5 6 6 14
661Wb6IAH0OnSf,6,progressive,none,distinct,1 3 6 7 9 10
661W4IfZ6QKi28,6,progressive,none,distinct,1 3 6 7 9 10
661W8ew6AX3cpA,6,distinct,none,distinct,2 3 5 6 9 11
661WJd5C8Y5o4G,6,distinct,none,distinct,1 2 4 6 7 16
661WYszKWccHb1,6,progressive,none,progressive,1 3 5 7 9 11
661W8fLA386jI5,6,plain,none,mixed,1 4 6 7 7 11
661W24kFeAGoL5,6,progressive,none,distinct,2 3 4 6 8 13
661W8IV6C4nH64,6,progressive,none,distinct,1 2 5 8 9 11
661WKonX1S9M4e,6,progressive,none,progressive,1 3 5 7 9 11
661Wf92AmWerMk,6,progressive,none,distinct,1 5 6 7 8 9
661WBTh4WYaIf5,6,plain,none,mixed,3 3 7 7 7 9
661WaeXuY39J1c,6,progressive,none,distinct,1 3 5 8 9 10
661WGemZ8Ib9en,6,progressive,none,distinct,2 4 5 7 8 10
661W4mX42IdKXZ,6,plain,none,mixed,1 2 6 8 8 11
661WaJYBGmPLJ6,6,progressive,none,distinct,1 5 6 7 8 9
661W8njZ2OgmI8,6,progressive,none,distinct,2 4 5 7 8 10
661W4DJ8YIeXXw,6,progressive,none,distinct,1 3 5 8 9 10
661W4Eg0nAnJh4,6,progressive,none,distinct,1 3 4 8 9 11
661W11XI4emZdC,6,plain,none,mixed,2 3 3 7 9 12
661WeenIWRql21,6,progressive,none,distinct,1 3 6 7 9 10
661WGhmLgGJqZ1,6,distinct,none,distinct,1 3 4 5 10 13
661WGZhMCO10XA,6,distinct,none,distinct,1 2 4 6 11 12
661WD8J2sRIHXW,6,distinct,none,distinct,1 3 4 7 9 12
661WAbI8K0Fh64,6,plain,none,mixed,2 2 4 5 11 12
661WYMNI4HhYZC,6,progressive,none,distinct,2 4 6 7 8 9
661W9Iw6g92hZe,6,progressive,none,distinct,1 4 5 7 9 10
661Wn8JfWIAabg,6,progressive,none,distinct,1 2 4 6 11 12
661W8ICyw0XIcc,6,progressive,none,distinct,1 3 6 7 9 10
661W8AZ5CGGcnZ,6,distinct,none,distinct,2 3 4 7 9 11
661WIKvGm4ERKe,6,progressive,none,distinct,1 2 5 8 9 11
661W0Bggz8j1lG,6,distinct,none,distinct,1 4 5 6 7 13
661WLGHUrexk20,6,progressive,none,distinct,2 3 4 6 10 11
661WfQ8G8Ab2CI,6,plain,none,mixed,2 3 4 4 4 19
661W8J132GHYrA,6,plain,none,mixed,1 4 6 7 7 11
661W2bhZ2b9XI0,6,progressive,none,distinct,1 2 6 8 9 10
661W0Irc8G8Czx,6,plain,none,mixed,3 4 4 5 6 14
661WA1hdW49DQg,6,plain,none,mixed,2 2 3 4 9 16
661WWBY4CDgk48,6,plain,none,mixed,1 3 4 7 7 14
661WAYycCGwYYO,6,plain,none,mixed,1 5 6 6 9 9
661W0XSy48MzjI,6,progressive,none,distinct,2 4 5 7 8 10
661WHLif47qiQG,6,progressive,none,distinct,1 3 6 7 9 10
661W49BxA4DB62,6,plain,none,mixed,3 4 5 6 6 12
661WXDBL61YybG,6,progressive,none,distinct,1 3 6 7 8 11
661W8Mc344XqPQ,6,distinct,none,distinct,1 3 5 8 9 10
661WhN5X18fp4W,6,plain,none,mixed,3 3 4 4 11 11
661W0LgKkGWbQm,6,progressive,none,distinct,1 4 6 7 8 10
661W59BQCHFcXC,6,progressive,none,distinct,1 4 5 7 9 10
661WHIYq2c_9H4,6,plain,none,mixed,2 4 4 4 11 11
661W4YR48GoLCS,6,distinct,none,distinct,1 2 6 7 8 12
661WLojU8WaU42,6,progressive,none,distinct,1 3 6 7 8 11
661W4nbfX2MDn2,6,plain,none,mixed,1 2 6 7 10 10
661W9GMKfavIZ0,6,progressive,none,distinct,1 4 5 6 9 11
661W8LDUA4LqO2,6,plain,none,mixed,3 3 3 6 9 12
661W2Ktb6bIQ4G,6,progressive,none,distinct,1 5 6 7 8 9
661WGLf2227gKK,6,distinct,none,distinct,1 2 4 6 10 13
661W54sY8gjwD2,6,distinct,none,distinct,2 4 5 7 8 10
661W1iHf6okT4G,6,progressive,none,distinct,1 3 5 8 9 10
661WGZob68n948,6,progressive,none,distinct,1 5 6 7 8 9
661WIwP0ZAripO,6,progressive,none,distinct,1 4 5 7 9 10
661WbMmo80GjkI,6,distinct,none,distinct,2 3 4 7 8 12
661WLIfX09Gagv,6,plain,none,mixed,2 4 5 6 6 13
661W15AnYLBdCq,6,progressive,none,distinct,2 4 5 7 8 10
661WpQnfiAEGO3,6,progressive,none,distinct,1 2 3 9 10 11
661WeMHb1oKoam,6,progressive,none,distinct,1 5 6 7 8 9
661WHaqacef95u,6,progressive,none,distinct,1 3 6 7 8 11
661W5_qfKWIaGO,6,progressive,none,distinct,1 2 5 6 10 12
661WGjZ5026sef,6,progressive,none,distinct,1 3 5 8 9 10
661Wa8d88aKp24,6,plain,none,mixed,1 1 3 7 11 13
661WCahI54BYC3,6,progressive,none,distinct,1 4 5 7 9 10
661W29J4fGWnA6,6,progressive,none,distinct,1 2 5 8 9 11
661W5wMiO5HKY4,6,progressive,none,distinct,2 3 6 7 8 10
661W4dMoA6cKrK,6,progressive,none,distinct,2 4 6 7 8 9
661WigAv03ySs2,6,progressive,none,distinct,1 3 6 7 9 10
661WIhM24Ggr80,6,plain,none,mixed,2 3 4 4 8 15
661WDeH51RNpWW,6,plain,none,mixed,3 4 5 5 7 12
661W4Kj14OfKuC,6,distinct,none,distinct,1 3 5 7 8 12
661W2gHC4AhVC8,6,progressive,none,distinct,2 3 4 7 8 12
661WIFnoaGJ4d1,6,progressive,none,distinct,1 4 5 6 9 11
661Wb225iHIC1W,6,plain,none,mixed,1 1 2 3 7 22
661WGsjK04gDxZ,6,progressive,none,distinct,2 4 6 7 8 9
661W4PcjW85DLf,6,progressive,none,distinct,1 4 5 7 8 11
661WXM8nY8ndCm,6,plain,none,mixed,2 3 6 6 7 12
661WCT2I449IbK,6,progressive,none,distinct,2 3 6 7 8 10
661W4ZlLXGhEqW,6,progressive,none,distinct,2 4 5 6 9 10
661WTHAOnH9XAO,6,progressive,none,distinct,2 3 4 7 9 11
661W2RiKfIjaC0,6,distinct,none,distinct,1 2 4 7 8 14
661W3IL5Eef7u0,6,distinct,none,distinct,1 2 5 7 8 13
661WfAjj604V2C,6,progressive,none,distinct,1 4 6 7 8 10
661W4h41HIRtYa,6,plain,none,mixed,1 2 7 8 8 10
661W0MpdCGn6ef,6,progressive,none,distinct,2 4 5 7 8 10
661WIGgT42AfJO,6,progressive,none,distinct,1 4 5 7 8 11
661Wd9LMg8eXIH,6,progressive,none,distinct,1 5 6 7 8 9
661W2qTh8IpiS4,6,progressive,none,distinct,1 3 6 7 9 10
661W8fqgK83XgK,6,distinct,none,distinct,1 3 4 6 8 14
661W4QnXEO0CY4,6,plain,none,mixed,1 1 3 6 6 19
661W1f988rEr64,6,progressive,none,distinct,1 3 5 6 9 12
661WH0krYBjX2e,6,progressive,none,distinct,2 3 5 7 8 11
661W9AN6CbI524,6,plain,none,mixed,3 3 5 7 9 9
661W3ncnqNGLw1,6,progressive,none,distinct,1 4 5 7 9 10
661WOmySG0Lod2,6,progressive,none,distinct,1 2 6 8 9 10
661WGWoIbKeoZ4,6,plain,none,mixed,3 4 4 4 6 15
661WmOb64eAD6C,6,plain,none,mixed,1 4 6 6 9 10
661W0Hp74Z7Xaf,6,progressive,none,distinct,1 4 5 7 9 10
661WefInY58b31,6,progressive,none,distinct,1 3 6 7 9 10
661W07M-gGL2qq,6,progressive,none,distinct,2 4 5 6 7 12
661WDHXIKYWW8M,6,plain,none,mixed,1 1 2 6 11 15
661W0X1iufPp59,6,progressive,none,distinct,2 4 5 7 8 10
661WPAIKcP0j2a,6,plain,none,mixed,1 3 4 7 7 14
661W2BMLiGP2R1,6,progressive,none,distinct,1 4 6 7 8 10
661WGXE7489Ar6,6,progressive,none,distinct,1 5 6 7 8 9
661WnYgb48mgM8,6,progressive,none,distinct,2 3 6 7 8 10
661WZL2aC1Yh5A,6,progressive,none,distinct,1 2 6 8 9 10
661WQZH3IGLFi8,6,progressive,none,distinct,2 4 5 6 9 10
661W4HQg84DUY8,6,distinct,none,distinct,2 3 4 6 10 11
661W5b9ICJaW8A,6,plain,none,mixed,1 2 2 3 9 19
661W1VV4u7ZaZH,6,progressive,none,distinct,1 2 5 8 9 11
661WGEYoaGIt7H,6,progressive,none,distinct,1 5 6 7 8 9
661WGTr20Ko5Mr,6,plain,none,mixed,2 3 3 5 6 17
661W1DwqaWWgPn,6,plain,none,mixed,3 3 4 6 10 10
661W0DCPfGrAPm,6,progressive,none,distinct,1 3 5 6 10 11
661WOaQMX8HUQY,6,progressive,none,distinct,1 2 5 6 9 13
661W27bh8GLYMb,6,progressive,none,distinct,1 4 5 7 8 11
661WWhWPInPJhG,6,progressive,none,distinct,1 3 6 7 9 10
661WFurWWP9H91,6,distinct,none,distinct,1 3 5 6 8 13
661W4NvY8GHED6,6,progressive,none,distinct,2 3 4 8 9 10
661WHTKggHVKP9,6,progressive,none,distinct,3 4 5 6 8 10
661WnIk8YWMPpg,6,progressive,none,distinct,1 3 5 8 9 10
661WfDQo24eKpG,6,progressive,none,distinct,1 5 6 7 8 9
661WZ9p540X9vI,6,progressive,none,distinct,1 4 5 7 8 11
661WGvgfK0A5N6,6,progressive,none,distinct,2 3 5 7 9 10
661Wbh7bu0EL4g,6,progressive,none,distinct,1 4 6 7 8 10
661W09cio0HhTP,6,distinct,none,distinct,1 2 5 6 7 15
661W8HX23CPHIa,6,plain,none,mixed,1 4 7 7 8 9
661W8JZMj8W924,6,distinct,none,distinct,1 3 6 7 9 10
661W8Oofo48c0Y,6,distinct,none,distinct,1 2 3 9 10 11
661W2X7M8j0f2I,6,plain,none,mixed,1 1 2 9 9 14
661WKfduaA4RHa,6,progressive,none,distinct,2 3 5 6 8 12
661WZ5t48CX1bI,6,plain,none,mixed,1 1 6 9 9 10
661W5xKea5Lj11,6,progressive,none,distinct,2 3 4 8 9 10
661W0vrk0IwAfI,6,progressive,none,distinct,2 4 5 6 9 10
661WGm92KMgJ64,6,plain,none,mixed,1 4 5 8 9 9
661WEhMX28gGWG,6,distinct,none,distinct,1 2 6 7 9 11
661WeGXt4cC0J4,6,plain,none,mixed,1 1 2 6 11 15
661W4JBdY8XFKc,6,plain,none,mixed,2 3 6 8 8 9
661WbIcSgW4c4i,6,progressive,none,distinct,1 4 5 6 9 11
661WW99hZ3BsM6,6,progressive,none,distinct,2 4 5 6 8 11
661WZEb5i1A6qZ,6,progressive,none,distinct,1 3 5 8 9 10
661WfIYe02OZ7E,6,plain,none,mixed,2 3 6 6 6 13
661W8ApY2nINH2,6,progressive,none,distinct,1 3 6 7 9 10
661WWBy92bckJA,6,progressive,none,distinct,1 4 5 7 8 11
661WGemMAKfHvK,6,plain,none,mixed,3 4 4 6 7 12
661WX8IKvG4XAI,6,plain,none,mixed,1 2 2 5 9 17
661Wa8mb1BMtWW,6,progressive,none,distinct,1 3 6 7 8 11
661W2Il2KAfbA8,6,progressive,none,distinct,1 3 6 7 9 10
661W8IrK8G8HdA,6,distinct,none,distinct,2 3 6 7 8 10
661WHiv5AL91g8,6,plain,none,mixed,2 3 4 8 8 11
661WX5u842jwZM,6,progressive,none,distinct,1 2 3 8 10 12
661WCb9I8nYef4,6,distinct,none,distinct,2 3 4 8 9 10
661WBeAq1PHlPf,6,progressive,none,distinct,1 2 6 8 9 10
661WbhMpAWAS22,6,progressive,none,distinct,1 5 6 7 8 9
661WbDZLg0WYia,6,progressive,none,distinct,1 4 5 7 9 10
661WfQTte08F4e,6,progressive,none,distinct,1 3 5 8 9 10
661WSvIH28GpX4,6,distinct,none,distinct,2 4 5 6 9 10
661W0HYbKX7Raf,6,progressive,none,distinct,2 3 5 7 9 10
661W2NAa4nJQc8,6,progressive,none,distinct,2 4 5 7 8 10
661WiLHGO5Fml4,6,progressive,none,distinct,1 2 5 7 9 12
661WFVTPAWL1Y2,6,plain,none,mixed,3 4 6 6 6 11
661W4RnP2AeqY6,6,progressive,none,distinct,1 5 6 7 8 9
661WObh7n04ETa,6,distinct,none,distinct,1 4 5 7 8 11
661W4X9Zo8Mj2g,6,progressive,none,distinct,3 4 5 7 8 9
661WWeo4g11ZAs,6,progressive,none,distinct,1 3 4 7 9 12
661W8GQqmAKIb1,6,progressive,none,distinct,1 2 4 8 9 12
661W4r2H66EEDK,6,plain,none,mixed,2 2 3 5 10 14
661WGnrGi4I9ri,6,distinct,none,distinct,1 4 5 7 8 11
661W8jwHY4Ac3m,6,progressive,none,distinct,1 3 5 6 9 12
661W0wXaIGsqcj,6,progressive,none,distinct,2 3 5 7 9 10
661WCf3umAQWc9,6,progressive,none,distinct,1 3 4 7 10 11
661W4fIJ0bBMJ2,6,plain,none,mixed,2 4 6 6 7 11
661W3HJ8nmf7f1,6,plain,none,mixed,1 1 6 7 10 11
661W2JIL18W__e,6,progressive,none,distinct,2 3 4 6 10 11
661WKKp306EeVM,6,progressive,none,distinct,2 3 4 8 9 10
661WYmWX49JbP2,6,distinct,none,distinct,1 4 5 6 9 11
661WGc5w22oaxC,6,progressive,none,distinct,1 5 6 7 8 9
661Wa5AK2eHhU2,6,progressive,none,distinct,1 3 5 8 9 10
661W8YXZ48oZ6j,6,plain,none,mixed,3 4 5 6 9 9
661WAMJRM0vY74,6,plain,none,mixed,4 4 5 5 7 11
661WP4QsoWdliW,6,progressive,none,distinct,1 3 6 7 9 10
661W9ETYcaGa9q,6,plain,none,mixed,2 3 3 7 8 13
661W49d24ADh24,6,progressive,none,progressive,1 3 5 7 9 11
661WfOgAKG8q4C,6,distinct,none,distinct,1 2 4 5 11 13
661W6BM5aG9AJL,6,progressive,none,distinct,1 4 5 7 9 10
661WaaIIYjPIUW,6,progressive,none,distinct,1 2 6 7 9 11
661WKoasB4WLo3,6,progressive,none,distinct,1 3 5 6 9 12
661We60nZDhIcK,6,plain,none,mixed,2 3 3 8 10 10
661WgwqX29umeG,6,progressive,none,distinct,1 4 5 7 9 10
661W6A3KA8nJ2p,6,progressive,none,distinct,1 2 6 8 9 10
661WGGR8s4AZp9,6,progressive,none,distinct,1 2 5 8 9 11
661W89jOH0PMb3,6,distinct,none,distinct,1 3 4 7 9 12
661WIjcQ487T66,6,progressive,none,distinct,1 4 5 7 9 10
661W8AoIkAbs2Y,6,plain,none,mixed,2 3 7 8 8 8
661W1HZd4Zc2cj,6,plain,none,mixed,4 4 4 7 8 9
661W4DV2a89YIp,6,progressive,none,distinct,1 3 4 8 9 11
661W8oaU8IYPZ4,6,progressive,none,distinct,1 3 5 8 9 10
661W8UTMX4fTXG,6,progressive,none,distinct,1 5 6 7 8 9
661W1TsXGgiiLI,6,progressive,none,distinct,1 4 5 7 9 10
661WZAlU8G4YzX,6,progressive,none,distinct,2 4 5 6 8 11
661WXC8a3KfQwH,6,progressive,none,distinct,1 2 6 8 9 10
661W8q8L24BSv4,6,plain,none,mixed,1 2 5 5 6 17
661W0xte08cQvp,6,progressive,none,distinct,2 3 6 7 8 10
661WUbL214GbMa,6,plain,none,mixed,1 4 7 7 7 10
661W28HcI8Km-C,6,distinct,none,distinct,2 3 4 6 7 14
661WKWWqv21HgK,6,distinct,none,distinct,1 2 3 7 9 14
661W9PAw0Yilb8,6,progressive,none,distinct,1 4 5 6 9 11
661WGJJ2aGJH6F,6,progressive,none,distinct,1 2 6 8 9 10
661W8Y8ICQd2b4,6,distinct,none,distinct,1 2 5 7 8 13
661WvJIK883Z22,6,progressive,none,distinct,1 2 3 9 10 11
661WJPnOZZiyQ0,6,progressive,none,distinct,2 4 6 7 8 9
661W0Kb9IXQoaO,6,progressive,none,distinct,1 2 6 8 9 10
661WArA0WCRnZ1,6,plain,none,mixed,1 2 7 7 8 11
661W1agq0PHPpr,6,progressive,none,distinct,1 2 5 6 10 12
661W06DPfIKXYm,6,plain,none,mixed,2 3 3 5 8 15
661WGGiyGXMod8,6,progressive,none,distinct,1 2 6 7 9 11
661WGeHT0fTYgp,6,progressive,none,distinct,1 2 5 6 10 12
661WKOL8mGpXfJ,6,progressive,none,distinct,1 2 5 7 10 11
661WGIr324Z5yO,6,plain,none,mixed,1 4 4 7 9 11
661WGHdk32JD9o,6,progressive,none,distinct,1 3 4 8 9 11
661WYCgeqeOYRX,6,plain,none,mixed,1 3 4 6 11 11
661WDvoZ1YcuWW,6,progressive,none,distinct,2 4 5 6 8 11
661WGjMJ488GxA,6,plain,none,mixed,1 4 5 7 7 12
661WKHNA48NT48,6,progressive,none,distinct,2 3 5 7 8 11
661W5gAZ4WoKsX,6,progressive,none,distinct,1 3 5 8 9 10
661WYs7245oJ6K,6,progressive,none,distinct,1 5 6 7 8 9
661Wf9124OH7dE,6,progressive,none,distinct,2 3 5 6 7 13
661W4aQZ2hLxQ0,6,progressive,none,distinct,3 4 5 6 8 10
661W0EX04SfIvh,6,progressive,none,progressive,1 3 5 7 9 11
661W8d2Z48oKQC,6,progressive,none,distinct,1 4 6 7 8 10
661WWiYb237b4v,6,progressive,none,distinct,1 2 6 8 9 10
661W27DJh8ev30,6,plain,none,mixed,2 3 5 6 6 14
661W8OHeoGfN3a,6,progressive,none,distinct,1 5 6 7 8 9
661W1IJMi9IF8L,6,distinct,none,distinct,1 2 6 7 8 12
661WGIJ21KxoIa,6,progressive,none,distinct,1 3 5 8 9 10
661WZYFXG8kiwC,6,progressive,none,progressive,1 3 5 7 9 11
661WbDPGYCun8a,6,plain,none,mixed,3 4 4 4 8 13
661WAH8Ze8HEkg,6,plain,none,mixed,2 4 4 6 8 12
661WbGn4GH6NX2,6,progressive,none,distinct,1 2 3 9 10 11
661W8YrQ42kQZ4,6,plain,none,mixed,2 3 3 7 8 13
661WeGabAeOX12,6,distinct,none,distinct,1 4 5 7 8 11
661W6kVIg4wj0W,6,progressive,none,distinct,1 5 6 7 8 9
661W39ZDeYeYeZ,6,progressive,none,distinct,1 3 6 7 9 10
661W8MCb88fEUG,6,progressive,none,distinct,2 3 5 7 9 10
661WZffJ4PGYT0,6,progressive,none,distinct,2 3 5 7 9 10
661WXDzg11sETc,6,progressive,none,distinct,1 3 6 7 8 11
661WOrPvH08sfm,6,progressive,none,distinct,3 4 5 6 7 11
661WGWg7OIXgab,6,plain,none,mixed,1 4 5 8 9 9
661W06hLaGnQqH,6,plain,none,mixed,2 3 4 8 8 11
661W1JbAqWWavn,6,distinct,none,distinct,2 3 5 7 9 10
661WAeqP9IscBW,6,plain,none,mixed,2 2 5 7 9 11
661WeXBG4cEeXA,6,distinct,none,distinct,1 2 3 8 10 12
661Wb9Iau2XAHY,6,distinct,none,distinct,1 5 6 7 8 9
661WY_E0YLHKba,6,progressive,none,distinct,2 3 4 6 10 11
661WArkH4bO1J8,6,distinct,none,distinct,1 2 5 6 7 15
661WenoaX3515A,6,progressive,none,distinct,2 3 4 7 9 11
661WeJWPAiaZ78,6,progressive,none,distinct,1 3 6 7 8 11
661WpjQK0KACIZ,6,distinct,none,distinct,2 4 5 6 8 11
661WYeXOC79Q86,6,plain,none,mixed,1 1 1 6 9 18
661WJKkb2wEmY0,6,plain,none,mixed,1 3 6 8 9 9
661W48tMCSn222,6,distinct,none,distinct,1 5 6 7 8 9
661W4JXldCar10,6,plain,none,mixed,2 3 5 5 9 12
661Wyrh4034Wf6,6,distinct,none,distinct,1 3 4 8 9 11
661WfHrP16uGde,6,progressive,none,distinct,1 5 6 7 8 9
661WGbYQZ2CwKK,6,progressive,none,distinct,2 3 4 8 9 10
661WGsR6KGN32K,6,progressive,none,distinct,1 2 6 7 9 11
661WC9Y92Iesa8,6,progressive,none,distinct,1 4 5 7 8 11
661W09G358HZgr,6,distinct,none,distinct,1 2 3 4 12 14
661WPIjj2X4OIf,6,plain,none,mixed,2 2 5 8 8 11
661W9U-XAYjX84,6,progressive,none,distinct,2 3 5 7 8 11
661WGWpM425gZ4,6,plain,none,mixed,2 3 3 7 10 11
661Wfhse02IsY4,6,plain,none,mixed,3 3 4 5 7 14
661Wx9JWm8sPPX,6,plain,none,mixed,1 4 5 8 9 9
661WGWX348JavI,6,progressive,none,distinct,1 4 5 7 9 10
661WIgL1IIeHi8,6,plain,none,mixed,1 3 4 9 9 10
661W8P2d125Awq,6,plain,none,mixed,1 4 5 5 9 12
661W8xob9nH18m,6,progressive,none,distinct,3 4 5 7 8 9
661W8IGtYAbIIY,6,progressive,none,distinct,2 3 5 7 9 10
661W80SWWKndFP,6,progressive,none,distinct,1 3 4 5 9 14
661WOmAxM8Pp50,6,plain,none,mixed,2 4 4 4 10 12
661WH3X28XHBdE,6,plain,none,mixed,2 3 3 7 10 11
661WCbriI0NGkb,6,progressive,none,distinct,2 4 5 6 9 10
661WXvC54PPCL6,6,progressive,none,distinct,2 3 5 6 9 11
661W8f8X88JAVM,6,progressive,none,distinct,2 3 5 6 7 13
661W48ge42Ch7A,6,plain,none,mixed,2 3 3 4 10 14
661W80iv2IncFI,6,progressive,none,distinct,1 3 4 5 11 12
661WWjv329J4on,6,progressive,none,distinct,1 2 5 7 10 11
661Wev9ImX5iKY,6,progressive,none,distinct,1 3 6 7 8 11
661W9-rfWWcAv9,6,progressive,none,distinct,2 4 5 6 8 11
661Wqf0Ka9Gvd9,6,plain,none,mixed,1 4 5 6 10 10
661W8qf1YnY1ZH,6,plain,none,mixed,2 3 3 6 7 15
661WKZEy4IYj18,6,progressive,none,distinct,2 3 4 6 10 11
661W5dk24f8oC4,6,progressive,none,distinct,2 3 4 7 8 12
661WXYKyp19AN8,6,progressive,none,distinct,1 4 5 6 9 11
661W8Kn8e44Brn,6,distinct,none,distinct,1 3 4 5 7 16
661WIaqfB8DHa1,6,distinct,none,distinct,1 4 5 7 9 10
661W48-5A4GogO,6,distinct,none,distinct,2 3 4 5 10 12
661W3EfQ4aKgC2,6,plain,none,mixed,1 4 4 7 10 10
661W8YfJ28Z2LA,6,distinct,none,distinct,2 4 5 6 7 12
661W8I57AGvfY4,6,plain,none,mixed,3 3 6 6 7 11
661WOnJnZ48J0a,6,progressive,none,distinct,1 3 5 8 9 10
661WOf2XZ48b7C,6,progressive,none,distinct,2 4 5 7 8 10
661W5DPV6Yfh90,6,progressive,none,distinct,2 4 6 7 8 9
661WTQpYaDO411,6,distinct,none,distinct,1 2 4 8 9 12
661WgkRYW7yDmc,6,progressive,none,distinct,1 3 6 7 8 11
661WiL2z2a5X9C,6,progressive,none,distinct,1 3 5 8 9 10
661WALfX5CPHI1,6,plain,none,mixed,1 4 6 8 8 9
661WG72c2fYjwC,6,progressive,none,distinct,2 3 5 7 9 10
661W8BP24Qaj44,6,distinct,none,distinct,1 3 6 7 9 10
661WAwHb8GpmeX,6,progressive,none,distinct,1 5 6 7 8 9
661W0KwLZZ6sh0,6,progressive,none,distinct,2 3 4 6 10 11
661W6CU488OX2G,6,plain,none,mixed,1 1 3 5 12 14
661WKkmn4O11OE,6,plain,none,mixed,1 1 3 5 9 17
661WnWn2aG13Kg,6,distinct,none,distinct,1 2 4 7 8 14
661W1feb4yQkUG,6,progressive,none,distinct,1 3 5 8 9 10
661W8H5fA8LZa8,6,progressive,none,distinct,1 4 6 7 8 10
661WbH2r50Xj3Y,6,distinct,none,distinct,1 3 5 6 10 11
661WAOXWv8KYh4,6,progressive,none,distinct,1 3 4 7 9 12
661Wb5pNW2b8V3,6,progressive,none,distinct,1 3 6 7 8 11
661WGXJgO49gY4,6,distinct,none,distinct,2 3 4 8 9 10
661Wd7B9A8T3k0,6,progressive,none,distinct,1 3 5 8 9 10
661WCZMSc2pAAm,6,progressive,none,distinct,1 2 5 8 9 11
661WHAn40JKpfI,6,progressive,none,distinct,1 3 6 7 9 10
661WvHWn45eno2,6,progressive,none,distinct,1 4 6 7 8 10
661WcigQOWBkX2,6,progressive,none,distinct,1 2 4 7 10 12
661W8ab5C4Joqn,6,plain,none,mixed,3 3 6 6 9 9
661Wb9H361YbH2,6,distinct,none,distinct,1 3 4 5 10 13
661WENscC4Waa8,6,progressive,none,distinct,1 2 6 8 9 10
661W1J5AHWLifJ,6,progressive,none,distinct,1 4 5 7 9 10
661W0GbA8QfTAK,6,progressive,none,distinct,2 4 5 6 9 10
661WI5nbBfHGa1,6,distinct,none,distinct,1 2 4 8 9 12
661W5DA4EWXppI,6,plain,none,mixed,1 6 6 7 7 9
661W2IYeeAzLf1,6,progressive,none,distinct,2 3 4 8 9 10
661W5NfZAqPSA0,6,plain,none,mixed,1 5 5 7 8 10
661W1oTS897NCI,6,progressive,none,distinct,1 4 5 7 8 11
661WX5KWXavIbG,6,progressive,none,distinct,1 4 5 7 9 10
661WDEx22HpHIG,6,plain,none,mixed,3 4 4 5 10 10
661WBqzI0DW2IZ,6,plain,none,mixed,1 1 4 5 6 19
661WehMb9L0KWX,6,progressive,none,distinct,1 2 5 8 9 11
661W06AMKj_6j8,6,distinct,none,distinct,2 3 6 7 8 10
661W4XIZHAJMHY,6,progressive,none,distinct,1 3 5 8 9 10
661WIrZ52X0CvA,6,plain,none,mixed,2 2 4 8 8 12
661WHVERMH3K5G,6,progressive,none,distinct,3 4 5 7 8 9
661W5DDOmYmWbH,6,distinct,none,distinct,1 3 4 5 11 12
661WYYa6WYlFlD,6,progressive,none,distinct,1 3 5 8 9 10
661W8PHm28HaYd,6,progressive,none,distinct,1 2 4 7 8 14
661W2suG28obCZ,6,plain,none,mixed,2 3 3 4 8 16
661WAHILA4927O,6,progressive,none,distinct,1 4 5 7 9 10
661WundI2e8Gn4,6,plain,none,mixed,1 4 6 6 8 11
661WCN13G8bgin,6,progressive,none,distinct,2 3 6 7 8 10
661W49Ns44HR14,6,progressive,none,distinct,1 3 6 7 8 11
661W5djPAXCoDG,6,progressive,none,distinct,2 4 6 7 8 9
661WGXhJKIWIL8,6,progressive,none,distinct,1 4 5 7 9 10
661W8bQen0AKl8,6,progressive,none,distinct,1 4 5 7 8 11
661Wr6K1W5fIkc,6,progressive,none,distinct,1 4 5 6 9 11
661WWrgL4HYeHO,6,distinct,none,distinct,1 2 3 7 9 14
661W5fJZ6H0n12,6,progressive,none,distinct,1 3 4 8 9 11
661W8LJAb29bCI,6,progressive,none,distinct,2 3 4 6 10 11
661W4pH24SQN48,6,plain,none,mixed,1 5 6 6 7 11
661WD59Y2HYXwX,6,progressive,none,distinct,1 2 4 8 9 12
661WGZ4p14enJY,6,progressive,none,distinct,1 3 5 6 8 13
661WOrkkS809YG,6,progressive,none,distinct,1 3 6 7 9 10
661WWbIY0aBMyn,6,progressive,none,distinct,1 3 4 8 9 11
661WWMfRDmSq9e,6,progressive,none,progressive,1 3 5 7 9 11
661WSOGIanX0pa,6,plain,none,mixed,2 2 4 5 6 17
661W6TfY8GWic4,6,progressive,none,distinct,2 3 4 8 9 10
661W6Wot0IdqLS,6,progressive,none,distinct,1 3 6 7 9 10
661W8cKZ44Z2sK,6,plain,none,mixed,1 3 6 7 7 12
661WKexH049Xjn,6,progressive,none,distinct,2 3 5 6 9 11
661WE48Xf8GjJ8,6,progressive,none,distinct,1 2 4 5 10 14
661WC9IauZ3AHY,6,distinct,none,distinct,1 3 5 7 8 12
661W8Is-K0bYZ4,6,progressive,none,distinct,1 4 6 7 8 10
661W1SeHEPIg9C,6,plain,none,mixed,1 1 5 5 9 15
661WI7IIefWv63,6,progressive,none,distinct,1 2 5 8 9 11
661WLAGX4f00Ib,6,plain,none,mixed,2 2 3 4 6 19
661W3NBgI1Rqw0,6,progressive,none,distinct,1 3 5 6 10 11
661W0HMJ0fBpNf,6,distinct,none,distinct,2 4 5 6 9 10
661WfADvY2GacY,6,progressive,none,distinct,2 3 5 7 9 10
661WaefdE11J28,6,progressive,none,distinct,2 3 5 6 7 13
661W8F5A8GrF6K,6,progressive,none,distinct,1 4 5 7 9 10
661WRnpcKm40aO,6,plain,none,mixed,1 1 7 7 10 10
661WBZw845V94K,6,distinct,none,distinct,1 2 4 7 8 14
661W8XYOWdAZ69,6,progressive,none,distinct,1 3 5 6 8 13
661W2b4X1bPpam,6,progressive,none,distinct,1 3 5 8 9 10
661Wf5XOn0fqfC,6,progressive,none,distinct,1 3 4 8 9 11
661WXHoI87kgZ4,6,progressive,none,distinct,2 3 6 7 8 10
661W9vqGfcs520,6,plain,none,mixed,2 2 4 4 10 14
661W6AOmaCfIou,6,plain,none,mixed,1 4 6 7 9 9
661WCKoQ0CKul6,6,progressive,none,distinct,1 4 5 7 9 10
661WfIpab8GeaA,6,progressive,none,distinct,2 3 6 7 8 10
661WX7YdE8XJ4G,6,progressive,none,distinct,2 3 5 7 9 10
661W9gI60osCZ6,6,progressive,none,distinct,1 4 5 7 9 10
661WIcfo80ngc2,6,distinct,none,distinct,2 3 4 6 8 13
661W89HAHKaj25,6,plain,none,mixed,1 2 7 7 9 10
661WCKXAC2CICG,6,symmetric-rot180,rot180,mixed,2 2 3 3 13 13
661WZ4sOWInnd1,6,progressive,none,distinct,2 3 5 6 9 11
661W190_1JB_bi,6,progressive,none,distinct,1 4 5 7 9 10
661WCKcGa4Omvi,6,progressive,none,distinct,1 3 5 8 9 10
661WC9GabGX_X0,6,distinct,none,distinct,1 2 5 7 10 11
661W9NZ6CeW24O,6,progressive,none,distinct,1 2 5 7 9 12
661WpTZ5o0c4b9,6,progressive,none,distinct,2 3 4 8 9 10
661WKOqfO0IhGX,6,progressive,none,distinct,1 3 4 7 10 11
661WfA3dA0Gj6C,6,progressive,none,distinct,2 4 5 6 9 10
661WajQc4352ub,6,progressive,none,distinct,3 4 5 7 8 9
661Wf2xaa0GUhP,6,progressive,none,distinct,2 3 4 6 10 11
661W8GHQa68J69,6,distinct,none,distinct,1 4 5 6 7 13
661WGNsX04gX4v,6,distinct,none,distinct,1 2 6 7 8 12
661WKn26849z24,6,distinct,none,distinct,1 3 4 8 9 11
661WphKX54I4OW,6,plain,none,mixed,2 3 3 4 10 14
661WfMgKGWKY4I,6,distinct,none,distinct,1 3 5 6 7 14
661W95b84BwIrp,6,progressive,none,distinct,2 3 6 7 8 10
661W5afMAH1QjX,6,progressive,none,distinct,1 2 4 8 10 11
661WfAof8GSc8n,6,distinct,none,distinct,2 3 6 7 8 10
661WABkKffh1E0,6,progressive,none,distinct,2 3 5 7 9 10
661WHpEb69Ah44,6,progressive,none,distinct,3 4 5 6 8 10
661W4bFI88QTA2,6,progressive,none,distinct,1 5 6 7 8 9
661W4oapAXfT0d,6,progressive,none,distinct,1 2 5 8 9 11
661WOvHEQ08ZSO,6,plain,none,mixed,2 2 4 4 10 14
661WXIJYC3MJY4,6,progressive,none,distinct,1 2 6 8 9 10
661W812RIpg0n4,6,plain,none,mixed,1 1 3 5 5 21
661WfJARM892b2,6,progressive,none,distinct,2 3 4 8 9 10
661W4PLPm8H5gn,6,plain,none,mixed,2 3 3 6 9 13
661W0b2V4b5IrK,6,progressive,none,distinct,1 5 6 7 8 9
661WCh3y02xRHb,6,progressive,none,distinct,1 3 6 7 9 10
661WAxsI1bYmQY,6,progressive,none,distinct,2 3 4 6 10 11
661WeagqeHZnWH,6,plain,none,mixed,2 2 3 4 9 16
661WG_klaG55dm,6,progressive,none,distinct,1 3 6 7 9 10
661W48pd248gK8,6,distinct,none,distinct,2 3 4 6 8 13
661WGYjKY0fQKf,6,progressive,none,distinct,2 3 4 7 8 12
661W4IMD12btiu,6,progressive,none,distinct,2 3 5 7 9 10
661WKWGc2KfAvI,6,progressive,none,distinct,2 4 5 6 9 10
661W0-ok4Ccguf,6,plain,none,mixed,3 4 4 6 8 11
661WKPwdL071Ye,6,plain,none,mixed,3 4 5 6 6 12
661WWWv9ILgMgO,6,progressive,none,distinct,2 3 5 6 9 11
661WXEMEy0GnOg,6,progressive,none,distinct,2 3 4 6 9 12
661WIfUsbE40i1,6,plain,none,mixed,1 1 6 6 9 13
661W7EIc4WnAc4,6,progressive,none,distinct,2 4 6 7 8 9
661W4OrI84GjAI,6,plain,none,mixed,2 2 5 7 9 11
661W5WXIqalT21,6,plain,none,mixed,2 4 5 7 7 11
661W0XTxhh1g44,6,progressive,none,distinct,2 3 4 6 10 11
661W96Gf0DEOrQ,6,distinct,none,distinct,1 3 4 5 9 14
661W0MjIe4XDhH,6,plain,none,mixed,2 4 4 6 9 11
661WX2Asb0nhc2,6,progressive,none,distinct,2 3 4 5 10 12
661WYma8O9LbA4,6,distinct,none,distinct,1 3 5 6 7 14
661W88fbIGbL6f,6,plain,none,mixed,2 5 5 6 9 9
661WGqgaWSviRX,6,progressive,none,distinct,2 3 4 8 9 10
661WDcjIXPBGOW,6,progressive,none,distinct,1 4 5 7 9 10
661WR9Y8W3fNZL,6,progressive,none,distinct,1 4 6 7 8 10
661WLUgO0YQmj2,6,plain,none,mixed,1 5 5 6 8 11
661WWabECB936K,6,progressive,none,distinct,2 3 4 8 9 10
661W4r3KgX1LAi,6,plain,none,mixed,3 4 5 7 7 10
661Wag5sG1zgZ4,6,progressive,none,distinct,1 3 5 8 9 10
661WL1088DqfQr,6,plain,none,mixed,2 3 4 5 11 11
661WYTGM85Bz62,6,plain,none,mixed,1 3 4 5 5 18
661WYhXn29mYg2,6,progressive,none,distinct,1 4 5 7 8 11
661W5f3IcH1p2a,6,progressive,none,distinct,1 4 5 7 8 11
661WfWYY2LBXn2,6,plain,none,mixed,2 2 5 6 9 12
661WbGjACOb528,6,progressive,none,distinct,2 4 5 7 8 10
661WIjtSf0L0h8,6,plain,none,mixed,2 2 6 8 8 10
661WKc4yM8aGwA,6,plain,none,mixed,1 3 3 5 9 15
661WnXUw4IHI52,6,plain,none,mixed,2 2 6 6 10 10
661Wf9Csk8ebcY,6,progressive,none,distinct,3 4 5 7 8 9
661WOf60a88Krh,6,progressive,none,progressive,1 3 5 7 9 11
661WGGf144AKuz,6,distinct,none,distinct,1 3 4 7 10 11
661W0QYYWKOtuo,6,progressive,none,distinct,1 2 3 9 10 11
661WCdAL5GIOfX,6,progressive,none,distinct,1 4 6 7 8 10
661WCPHn26DyH4,6,progressive,none,distinct,1 4 5 7 8 11
661W8CA2C6Cr6K,6,plain,none,mixed,2 2 4 4 10 14
661W4G918KfVVM,6,progressive,none,distinct,2 4 6 7 8 9
661W9IZKYYKn2Y,6,progressive,none,distinct,1 3 6 7 9 10
661W5ewIaXXn61,6,plain,none,mixed,1 1 7 7 8 12
661WAGn5A24Ne0,6,plain,none,mixed,1 2 2 4 13 14
661WbImne80DMf,6,plain,none,mixed,2 3 4 4 6 17
661W8al244JMCK,6,plain,none,mixed,2 3 3 7 10 11
661W5PIZI9sU48,6,progressive,none,distinct,1 4 6 7 8 10
661WAIqf22nY4O,6,distinct,none,distinct,1 2 5 8 9 11
661WLSw84qEfA0,6,plain,none,mixed,1 2 4 4 9 16
661WhE9a12KyNg,6,plain,none,mixed,2 3 3 5 8 15
661W0AD44GvxQv,6,progressive,none,distinct,2 3 6 7 8 10
661W0MDxX6bDQG,6,progressive,none,distinct,1 2 5 7 10 11
661WAbZ8mXBGX9,6,plain,none,mixed,2 2 3 8 9 12
661WGfZs48IV14,6,progressive,none,distinct,1 4 6 7 8 10
661WnIp218pHKe,6,plain,none,mixed,3 3 3 8 9 10
661W5KfYKXdCYG,6,plain,none,mixed,2 2 4 7 10 11
661WYHJbHJYkuW,6,progressive,none,distinct,1 3 4 7 10 11
661WOGHI4nX3Z4,6,plain,none,mixed,2 2 4 7 8 13
661W4H9a0IbqgS,6,plain,none,mixed,1 2 7 7 7 12
661W8o2S8G-Z6A,6,plain,none,mixed,1 5 6 6 7 11
661WOpmvWEWY0b,6,distinct,none,distinct,1 2 3 5 10 15
661W8GYSnCGiOq,6,plain,none,mixed,2 3 3 7 9 12
661WGwXp6GmcAI,6,progressive,none,distinct,1 4 5 7 9 10
661WIrjZ1KoWIW,6,progressive,none,distinct,2 3 4 8 9 10
661W11w36obP56,6,progressive,none,distinct,1 3 4 7 8 13
661W0Ng4XAbLhK,6,progressive,none,distinct,2 4 5 7 8 10
661WgKR5HaCZYW,6,progressive,none,progressive,1 3 5 7 9 11
661WcXRA45DBC4,6,distinct,none,distinct,1 4 5 7 9 10
661WGKPI5GZ5UY,6,progressive,none,distinct,1 2 5 6 7 15
661WHCGLeH2Kdn,6,plain,none,mixed,1 3 5 5 6 16
661WCKiZ4QjPQ0,6,progressive,none,distinct,3 4 5 6 7 11
661WGX2x0IfINC,6,progressive,none,distinct,1 4 5 7 8 11
661WKeXJ6GX21b,6,plain,none,mixed,2 3 4 4 11 12
661WWXYgK58p5A,6,distinct,none,distinct,2 4 5 7 8 10
661WCLl2g899Ac,6,progressive,none,distinct,3 4 5 7 8 9
661W48kbD4GZKa,6,plain,none,mixed,2 5 5 5 7 12
661W8CoY28GsoS,6,progressive,none,distinct,1 3 6 7 9 10
661W0WQLafHQp9,6,progressive,none,distinct,2 3 4 7 9 11
661W4uCj5bLrs1,6,progressive,none,distinct,1 4 5 6 9 11
661W9qexIHBHHG,6,progressive,none,distinct,1 4 5 7 8 11
661WTQ--o10uH9,6,progressive,none,distinct,1 3 6 7 9 10
661WIoa204vrQb,6,progressive,none,distinct,2 4 6 7 8 9
661WZhQqGCEb98,6,plain,none,mixed,3 3 4 5 8 13
661W4BXamOLJ13,6,plain,none,mixed,1 1 7 9 9 9
661WW4oLYgK37H,6,plain,none,mixed,1 1 3 4 5 22
661W08kAobIsr5,6,progressive,none,distinct,2 4 6 7 8 9
661WenIeoX8Iag,6,progressive,none,distinct,1 3 6 7 8 11
661Wd1B344f3Fh,6,progressive,none,distinct,1 2 6 8 9 10
661WjRs480f148,6,plain,none,mixed,2 3 4 4 8 15
661W2fMgY4MSfX,6,progressive,none,distinct,2 3 6 7 8 10
661WGCh1Y8Isf5,6,progressive,none,distinct,1 3 6 7 9 10
661W17HeaLtkf9,6,progressive,none,distinct,1 3 4 8 9 11
661W8WjZ64Rn28,6,plain,none,mixed,2 3 6 7 9 9
661WKGo124AohM,6,progressive,none,distinct,2 4 5 7 8 10
661WhLiGe6q5A1,6,plain,none,mixed,2 2 4 5 5 18
661WRCfQaJ8MGm,6,progressive,none,progressive,1 3 5 7 9 11
661We5NIWgDFSi,6,progressive,none,distinct,1 4 6 7 8 10
661WjeI34KgnH2,6,progressive,none,distinct,2 3 5 6 9 11
661W8PnZIGagCO,6,progressive,none,distinct,2 4 6 7 8 9
661WPAAO1BEjMY,6,progressive,none,distinct,1 4 5 7 9 10
661W9Hse1eawpc,6,progressive,none,distinct,2 3 6 7 8 10
661WSvbIa4GYGa,6,distinct,none,distinct,2 3 5 7 8 11
661WCOgM448ib8,6,progressive,none,distinct,1 4 5 7 8 11
661WPOfKcH0T6e,6,plain,none,mixed,3 3 5 5 6 14
661W4EfI88XAbK,6,progressive,none,distinct,2 3 4 8 9 10
661W6bbEA8MsK0,6,plain,none,mixed,3 3 4 5 8 13
661WAHIJ249IJI,6,progressive,none,distinct,1 4 6 7 8 10
661W1UTn19AN9m,6,progressive,none,distinct,1 3 6 7 8 11
661WYOpL4eGiw2,6,progressive,none,distinct,1 3 6 7 9 10
661WrenI4G1306,6,plain,none,mixed,1 1 2 4 14 14
661Wnen802fIhM,6,plain,none,mixed,2 4 4 6 9 11
661W4eoMadDmIa,6,progressive,none,distinct,2 4 5 6 7 12
661W2LxMk8H4EW,6,progressive,none,distinct,1 4 6 7 8 10
661W3hlHZX8YiW,6,distinct,none,distinct,1 3 5 7 8 12
661WQfCr12UXDe,6,progressive,none,distinct,1 3 5 8 9 10
661W2B9I3GHZU3,6,progressive,none,distinct,1 3 5 6 10 11
661WJpZ281GSfI,6,progressive,none,distinct,1 2 6 7 9 11
661WG8OI9fGfjL,6,distinct,none,distinct,1 2 3 7 11 12
661W2GWZHpdDeW,6,plain,none,mixed,1 3 5 5 10 12
661WfUwob0Gq91,6,progressive,none,distinct,1 3 6 7 8 11
661W2eGo6nY4v4,6,plain,none,mixed,1 2 5 6 6 16
661W9Z522nAmn2,6,progressive,none,distinct,1 3 4 5 9 14
661WqjAJ4a9IHG,6,progressive,none,distinct,1 4 6 7 8 10
661WGGn354AJae,6,progressive,none,distinct,1 3 6 7 8 11
661WfcQaoWNMhW,6,progressive,none,distinct,1 4 6 7 8 10
661W7Dh6EWX0K4,6,distinct,none,distinct,1 2 3 4 9 17
661WLAemXD8Jb4,6,plain,none,mixed,3 3 4 5 10 11
661WZARna0GmyY,6,progressive,none,distinct,1 3 4 5 11 12
661WGJCYbGRKgQ,6,progressive,none,distinct,2 4 6 7 8 9
661WCfb3A4IgWX,6,distinct,none,distinct,2 3 4 7 8 12
661W1OHKBenrbi,6,progressive,none,distinct,1 4 6 7 8 10
661W4XRygMYaae,6,progressive,none,distinct,1 5 6 7 8 9
661WKODX2QlRI8,6,distinct,none,distinct,3 4 5 6 7 11
661W4ZLgAKcaq8,6,plain,none,mixed,2 3 6 7 9 9
661WQxYI1GIHUg,6,progressive,none,progressive,1 3 5 7 9 11
661W0n3WuhHTPo,6,progressive,none,distinct,1 4 5 7 9 10
661WZQ6pa1ApP5,6,progressive,none,distinct,2 3 4 5 10 12
661We0ofJHhY2a,6,distinct,none,distinct,1 2 5 7 9 12
661WG5aemXRNj9,6,distinct,none,distinct,2 4 5 6 9 10
661WdEg24aOo04,6,progressive,none,distinct,1 3 4 6 8 14
661WgMUs4an8a2,6,progressive,none,distinct,1 4 6 7 8 10
661W2C-qr8Cg90,6,distinct,none,distinct,2 3 4 6 8 13
661WJAMI552rf5,6,distinct,none,distinct,1 3 5 6 8 13
661W88NZI8Cja8,6,progressive,none,distinct,1 4 5 6 8 12
661WKO6cCbIIY4,6,plain,none,mixed,2 2 3 5 8 16
661WXYBE4bLB64,6,progressive,none,distinct,1 4 5 7 9 10
661WCAXAArMYGX,6,plain,none,mixed,2 3 3 7 8 13
661WIavLI05J54,6,progressive,none,distinct,1 3 5 6 8 13
661WeuZ4X35qb8,6,progressive,none,distinct,1 3 5 8 9 10
661WGsjYYGBINm,6,progressive,none,distinct,1 5 6 7 8 9
661WAMpbMIGP40,6,progressive,none,distinct,1 4 5 7 9 10
661W4YSchGgKq6,6,plain,none,mixed,2 3 6 6 6 13
661WV4QX2Lfd20,6,progressive,none,distinct,1 3 6 7 9 10
661W12tTdYXgc8,6,plain,none,mixed,4 4 5 5 7 11
661W4mXYAGZCo4,6,distinct,none,distinct,1 2 6 7 9 11
661We1HYCJcWcC,6,plain,none,mixed,2 2 2 8 9 13
661WHYyEWYPfrb,6,progressive,none,distinct,2 4 5 7 8 10
661WbGfa0IbL3A,6,distinct,none,distinct,2 3 5 7 8 11
661W354eGJpdD2,6,plain,none,mixed,1 4 4 6 8 13
661Wgv3gW7CBPY,6,plain,none,mixed,1 3 3 7 7 15
661Wafr61bP9GW,6,distinct,none,distinct,1 4 5 6 7 13
661W81gqKAHD9Q,6,distinct,none,distinct,1 2 3 6 10 14
661W91iKgHR7Eu,6,progressive,none,distinct,2 3 4 5 10 12
661WGNkh4I3mIK,6,distinct,none,distinct,1 2 3 7 11 12
661WYLA-Y1Ffme,6,progressive,none,distinct,1 2 3 5 12 13
661WTRjf13n0cW,6,progressive,none,distinct,1 3 5 6 10 11
661W99YoI5kkch,6,progressive,none,distinct,2 4 5 7 8 10
661WOXQb28I8KC,6,plain,none,mixed,1 1 6 7 8 13
661WXmw8mHFgIg,6,progressive,none,distinct,1 2 6 8 9 10
661W1Ycf4ZDfI4,6,plain,none,mixed,3 4 4 5 7 13
661WPJFE215nIf,6,progressive,none,distinct,1 2 6 7 9 11
661WWwmo29Z1wI,6,progressive,none,distinct,1 4 5 6 7 13
661WBqvY0YcAY4,6,plain,none,mixed,2 3 4 5 11 11
661WKTjR02NCLG,6,progressive,none,distinct,2 3 5 6 9 11
661W2Mi21bxqOa,6,plain,none,mixed,2 3 5 5 8 13
661WfH1aeWXmY7,6,plain,none,mixed,1 1 4 9 10 11
661W2JbOrGPLQW,6,progressive,none,distinct,2 3 4 8 9 10
661WGnZWW4AbfH,6,progressive,none,distinct,1 2 4 8 9 12
661WBMh8Xg8nZ0,6,progressive,none,distinct,1 2 6 8 9 10
661Wvgys409DqZ,6,progressive,none,distinct,3 4 5 7 8 9
661WArKX4j1ZK0,6,plain,none,mixed,1 2 4 4 11 14
661WCGECfAGIjK,6,plain,none,mixed,2 2 4 5 6 17
661WmE9b29nxQG,6,progressive,none,distinct,1 3 5 8 9 10
661WXcXo891AdI,6,progressive,none,distinct,1 3 6 7 8 11
661WP664A5ICO8,6,plain,none,mixed,1 2 4 5 5 19
661Wa922boaOb8,6,plain,none,mixed,1 3 4 4 7 17
661WGchK32tKfm,6,progressive,none,distinct,1 3 4 7 9 12
661WCPEIg89ObX,6,progressive,none,distinct,2 4 6 7 8 9
661W2mWa0Qtrf2,6,progressive,none,distinct,1 3 6 7 9 10
661W8QiL6KfD70,6,progressive,none,distinct,2 3 5 6 9 11
661WKeKL2OvhJ0,6,plain,none,mixed,4 4 4 6 7 11
661WlX714OAWv2,6,distinct,none,distinct,1 2 5 6 9 13
661WfHb8n2n1Z4,6,progressive,none,distinct,1 4 5 6 9 11
661WKf9rfb8n4W,6,progressive,none,distinct,2 4 6 7 8 9
661WG8P88CMbbE,6,distinct,none,distinct,1 3 4 6 10 12
661WKsiqf0eLg2,6,progressive,none,distinct,2 4 5 7 8 10
661WD9Hd4Lgf0X,6,plain,none,mixed,4 5 5 6 6 10
661W08IZtQnI9G,6,plain,none,mixed,1 2 7 8 8 10
661WH1gdIH5JM4,6,plain,none,mixed,2 3 4 4 6 17
661W4RX8mKLEnX,6,distinct,none,distinct,1 2 5 8 9 11
661W4N37XGHkT8,6,plain,none,mixed,2 2 3 8 10 11
661WL24KAaQjI2,6,plain,none,mixed,2 2 3 4 10 15
661WXHugK0friK,6,progressive,none,distinct,1 4 5 7 9 10
661WOhYX1GmNYa,6,progressive,none,distinct,1 4 5 6 8 12
661W28KXqfESuY,6,progressive,none,distinct,2 4 5 6 8 11
661Warxs4HWCj0,6,progressive,none,distinct,2 3 4 7 9 11
661WWGj7m9EAbc,6,progressive,none,distinct,1 4 5 7 9 10
661W8Bkn1ITFHe,6,plain,none,mixed,1 5 5 8 8 9
661W8ojMW8gPIe,6,progressive,none,distinct,1 4 5 6 8 12
661W4AjP8IKYbX,6,progressive,none,distinct,2 3 4 8 9 10
661W9Q1IbWnZAH,6,progressive,none,distinct,1 4 5 6 9 11
661W2K9dAbAB6G,6,plain,none,mixed,1 4 4 7 8 12
661WQc3Y88mT9A,6,plain,none,mixed,2 2 5 7 8 12
661W2bE8cIoKv5,6,progressive,none,distinct,1 3 4 7 10 11
661Wf8PMm0bVKX,6,plain,none,mixed,1 5 5 5 8 12
661Wf9Icg0WKre,6,progressive,none,distinct,2 3 5 7 9 10
661WaAVMim8X41,6,progressive,none,distinct,1 3 6 7 8 11
661WL9C01bmX69,6,plain,none,mixed,1 2 4 4 8 17
661W48gxa4ChWf,6,plain,none,mixed,3 4 4 4 8 13
661WSdAY2GIGw8,6,progressive,none,distinct,1 3 5 8 9 10
661W8WSu32RpYg,6,plain,none,mixed,1 2 3 8 11 11
661WMlQpAAaO02,6,progressive,none,distinct,2 4 5 6 8 11
661WGpCS22wQr2,6,progressive,none,distinct,1 5 6 7 8 9
661W2oLEXXiFQc,6,progressive,none,distinct,1 2 5 6 10 12
661WLX28iHCXQs,6,distinct,none,distinct,2 3 4 8 9 10
661WWHgunXBHX8,6,progressive,none,distinct,1 3 4 8 9 11
661WOnk9O0OgL6,6,progressive,none,distinct,1 3 6 7 9 10
661W4AH3G8bBLh,6,progressive,none,distinct,2 4 5 6 9 10
661WjLhPh4i0eG,6,progressive,none,distinct,2 3 5 6 9 11
661WOY1ZAGmjeG,6,plain,none,mixed,1 3 3 4 9 16
661W3coeXhBbD0,6,distinct,none,distinct,2 4 5 6 8 11
661WeXaiqWNHoc,6,progressive,none,distinct,1 4 5 7 9 10
661W75B4eWWXh5,6,progressive,none,distinct,1 3 4 8 9 11
661W8jSigXKKhe,6,progressive,none,distinct,2 4 5 6 8 11
661WH7IYA9WvqG,6,plain,none,mixed,2 2 4 8 10 10
661W4AHi8AfJY4,6,distinct,none,distinct,1 3 6 7 9 10
661W2-jj06oyMX,6,progressive,none,distinct,1 3 6 7 9 10
661WAxsOoXeYAW,6,progressive,none,distinct,2 3 5 6 9 11
661W8mnY4fHZ12,6,distinct,none,distinct,1 4 5 7 9 10
661WeIjK2mOgr8,6,progressive,none,distinct,1 4 6 7 8 10
661W8KkXIA8mYK,6,progressive,none,distinct,1 2 6 8 9 10
661WrRD9i07Wr7,6,progressive,none,distinct,1 4 5 7 9 10
661WGPLvn0JaYa,6,progressive,none,distinct,2 3 4 8 9 10
661W1Gb5eifSPH,6,distinct,none,distinct,1 4 5 6 8 12
661WLAE8G1OndA,6,progressive,none,distinct,1 4 5 7 9 10
661WHUAJ29IMLG,6,progressive,none,distinct,1 4 5 7 9 10
661W9YPY4933ZA,6,distinct,none,distinct,1 3 5 6 8 13
661Wexn2bHGX8I,6,plain,none,mixed,2 4 4 5 10 11
661WCPXAKGeo48,6,plain,none,mixed,2 4 4 7 7 12
661WifPn19GabW,6,progressive,none,distinct,1 2 5 7 9 12
661WWBZ78PZEH2,6,distinct,none,distinct,1 3 5 6 7 14
661WGckzPGHHXm,6,progressive,none,distinct,3 4 5 6 8 10
661WWJ1J2ifqPK,6,progressive,none,distinct,1 4 5 7 9 10
661WWHoc47F9a8,6,distinct,none,distinct,2 3 4 8 9 10
661W98uqoH6Neu,6,progressive,none,distinct,1 3 4 5 10 13
661WekpYZ9mMHO,6,progressive,none,distinct,1 4 5 7 9 10
661W27cfJGeZ4W,6,progressive,none,distinct,1 2 4 8 10 11
661W4HR18OnVq4,6,progressive,none,distinct,2 3 6 7 8 10
661W19L7DanJem,6,progressive,none,distinct,2 3 4 8 9 10
661W5OHq8fpqY2,6,plain,none,mixed,2 4 7 7 7 9
661W9IbXA529n2,6,progressive,none,distinct,1 2 4 6 11 12
661W0VMb6fgE88,6,progressive,none,distinct,1 2 6 7 9 11
661W6Dfd0CPgYX,6,progressive,none,distinct,1 4 5 7 9 10
661WAKoc4AKfa0,6,plain,none,mixed,3 3 4 5 9 12
661WWXh5I352b6,6,distinct,none,distinct,1 4 5 7 9 10
661W49nHe8H9si,6,progressive,none,distinct,2 3 4 6 10 11
661W11Ac4gq8ZA,6,plain,none,mixed,3 3 3 4 6 17
661W4HkS4AHk42,6,progressive,none,distinct,1 2 5 7 9 12
661W8XrP22RIYZ,6,progressive,none,distinct,2 3 5 7 9 10
661WG5thGXHILI,6,plain,none,mixed,2 2 3 5 10 14
661WBLZeGXgH1A,6,progressive,none,distinct,2 3 4 7 9 11
661WCPAAH09pMe,6,progressive,none,distinct,2 3 4 6 9 12
661WGY019juvoa,6,plain,none,mixed,2 3 3 6 9 13
661WIoHbCGm_8X,6,progressive,none,distinct,1 4 6 7 8 10
661WQgII28nMQ2,6,distinct,none,distinct,2 3 5 6 9 11
661W8JZa88WJcC,6,progressive,none,distinct,1 3 6 7 9 10
661WKieGYGX32o,6,plain,none,mixed,3 3 4 4 5 17
661WaLE215RKOa,6,distinct,none,distinct,1 3 4 7 8 13
661WGb628KmOXQ,6,distinct,none,distinct,1 3 4 6 7 15
661WjgogH9BmHY,6,progressive,none,distinct,2 3 6 7 8 10
661WYanea39ILo,6,progressive,none,distinct,1 4 5 7 9 10
661WPIaeaJ4935,6,plain,none,mixed,3 3 3 3 9 15
661W1WRTabbZoe,6,progressive,none,distinct,1 3 6 7 8 11
661W28b6afAEvY,6,progressive,none,distinct,2 4 5 6 9 10
661WrcSb609AS4,6,progressive,none,distinct,1 4 5 7 9 10
661WbJRq80Hcb4,6,plain,none,mixed,2 3 6 6 9 10
661WrKgKa0ZhE1,6,progressive,none,distinct,2 3 4 6 9 12
661W8InJh0ngY2,6,plain,none,mixed,2 2 3 5 9 15
661W8f24cX1lIc,6,progressive,none,progressive,1 3 5 7 9 11
661WCOCmafAIsa,6,plain,none,mixed,2 3 5 5 10 11
661W1Pwb1nY9Sq,6,progressive,none,distinct,1 3 6 7 8 11
661WOW8a8KgGYC,6,plain,none,mixed,1 1 4 4 10 16
661WZ4jbZAzWZ0,6,progressive,none,distinct,2 3 5 7 8 11
661W0XHU2d5op4,6,progressive,none,distinct,1 4 5 6 8 12
661WAPgmX49bD0,6,progressive,none,distinct,1 2 4 7 10 12
661WIKkCO4IX28,6,plain,none,mixed,2 2 3 7 9 13
661W9GcLCPAno2,6,progressive,none,distinct,3 4 5 6 8 10
661W8a96KZ5NE4,6,progressive,none,distinct,1 3 5 6 9 12
661W3AfPGaSwz0,6,distinct,none,distinct,2 3 4 5 10 12
661WGGrhH0IXKf,6,plain,none,mixed,1 2 6 8 8 11
661WX2Mka2K8aB,6,distinct,none,distinct,1 2 3 5 9 16
661WKnL0WC9sZ5,6,distinct,none,distinct,1 3 6 7 8 11
661WJB3B21y9-C,6,plain,none,mixed,1 1 3 7 11 13
661WX-PkS9Pa96,6,progressive,none,distinct,2 3 4 7 8 12
661WY8ZX1a8pAa,6,plain,none,mixed,1 1 5 6 10 13
661W8JZcf8W9HY,6,plain,none,mixed,2 3 3 7 10 11
661W3MN1eXAhpi,6,progressive,none,distinct,1 2 6 8 9 10
661WBzYfIH8Z88,6,progressive,none,distinct,2 3 6 7 8 10
661WfGnYg0XB1Y,6,distinct,none,distinct,1 3 4 5 10 13
661Wczrh1XM8Ge,6,progressive,none,distinct,1 2 6 7 9 11
661W899p48HdL2,6,plain,none,mixed,2 4 5 7 9 9
661W0xId58ZAem,6,progressive,none,distinct,1 3 5 8 9 10
661WmKqXO7IgKG,6,plain,none,mixed,1 1 6 8 9 11
661W0X1U4b5wbC,6,progressive,none,distinct,1 4 6 7 8 10
661WAJX288XeXI,6,plain,none,mixed,1 1 7 7 9 11
661W8LFT8A9WXn,6,progressive,none,distinct,2 3 5 7 9 10
661WHF5BK13cLp,6,progressive,none,distinct,2 3 5 7 9 10
661WGZfyGCXvHf,6,progressive,none,distinct,1 2 5 7 10 11
661WWfZ5a11Quo,6,plain,none,mixed,2 2 4 7 9 12
661W88do0AClgI,6,progressive,none,distinct,1 3 5 6 10 11
661W36bgLWX2c5,6,progressive,none,distinct,1 5 6 7 8 9
661WB52A1pBpMa,6,progressive,none,distinct,1 3 6 7 8 11
661WTvMhL9WI0W,6,progressive,none,distinct,1 2 3 9 10 11
661WaPZQZJg1t8,6,progressive,none,distinct,2 3 4 5 10 12
661WgQHeIefH9Z,6,distinct,none,distinct,1 2 6 7 9 11
661W8MKYGbdEfA,6,progressive,none,distinct,3 4 5 6 8 10
661WPfD0mR8qb5,6,progressive,none,distinct,1 3 5 6 10 11
661Wbfq802xLbA,6,plain,none,mixed,3 4 4 6 8 11
661W8AqZ54vsWW,6,progressive,none,distinct,2 3 4 6 9 12
661WIfIaW26rf1,6,progressive,none,distinct,2 3 4 8 9 10
661WCv2Go4EhIa,6,plain,none,mixed,2 3 4 9 9 9
661W18gF0qboTM,6,progressive,none,distinct,1 3 6 7 9 10
661WetkIZmAmGG,6,distinct,none,distinct,1 2 5 6 9 13
661WGY3IeKufIY,6,plain,none,mixed,3 4 4 5 6 14
661WWWgz157b9w,6,progressive,none,distinct,2 3 5 7 9 10
661WX1MIYO9IMB,6,distinct,none,distinct,1 2 3 8 9 13
661WGPH13GZba9,6,distinct,none,distinct,1 3 5 6 8 13
661W9wK0aJTvfJ,6,progressive,none,distinct,1 3 5 8 9 10
661W9AII4nIKZ4,6,plain,none,mixed,1 3 7 7 9 9
661W0Ab24OfJAK,6,progressive,none,distinct,1 4 5 7 9 10
661WQDQKrIYf80,6,plain,none,mixed,1 1 6 8 10 10
661W4AQ55GGfLc,6,progressive,none,distinct,2 3 5 7 8 11
661W48339Kfgbg,6,plain,none,mixed,3 4 4 6 8 11
661WjQQLC8GZH8,6,plain,none,mixed,2 3 6 7 7 11
661W4KfrvZ2H8e,6,progressive,none,distinct,1 3 4 6 10 12
661W0mHF6b7J5A,6,progressive,none,distinct,1 4 5 7 9 10
661WeH39KePXo4,6,progressive,none,distinct,1 4 6 7 8 10
661WGIYrI8t378,6,progressive,none,distinct,1 5 6 7 8 9
661W1gBNCXJcaZ,6,progressive,none,distinct,2 3 4 8 9 10
661WKoIVu4mEoa,6,progressive,none,distinct,1 2 6 7 9 11
661W36yPaYjPae,6,progressive,none,distinct,2 3 4 8 9 10
661WffJH24gbZ0,6,distinct,none,distinct,2 3 4 6 9 12
661W2wPo2Gocz0,6,progressive,none,distinct,1 2 5 7 10 11
661W0iF5CMsbsG,6,progressive,none,distinct,2 3 4 8 9 10
661W4zeocfIZWm,6,progressive,none,distinct,2 4 5 6 9 10
661W4V0XnGLlLG,6,progressive,none,distinct,1 3 5 8 9 10
661WGH2H0tlOn4,6,plain,none,mixed,2 3 4 4 9 14
661WOjQ026CjIO,6,plain,none,mixed,1 4 5 5 8 13
661W0WfQbd5928,6,distinct,none,distinct,1 3 4 6 10 12
661WGvocK06qeG,6,plain,none,mixed,2 3 4 4 11 12
661W24n8GIfI6C,6,plain,none,mixed,1 2 2 7 10 14
661WenaX35H125,6,distinct,none,distinct,1 3 5 6 9 12
661W49MkK2HAX2,6,distinct,none,distinct,1 4 5 6 8 12
661W1Idv8HMOoZ,6,plain,none,mixed,3 4 4 5 5 15
661WeafKm35Sva,6,progressive,none,progressive,1 3 5 7 9 11
661WCHod2IaqK8,6,distinct,none,distinct,1 5 6 7 8 9
661WZA9ZQ8rYU0,6,progressive,none,distinct,1 3 6 7 9 10
661WQLLimGsJ51,6,progressive,none,distinct,1 4 5 7 9 10
661WaiAc4Pm8cK,6,plain,none,mixed,2 3 3 7 8 13
661WOnDX04Hckn,6,distinct,none,distinct,2 3 4 7 8 12
661W8maY2jHXo4,6,distinct,none,distinct,1 4 5 7 9 10
661WGA2sCGIjbC,6,plain,none,mixed,1 3 6 7 7 12
661W7tK44aQE64,6,plain,none,mixed,3 3 4 5 6 15
661W0epc9X1fPo,6,progressive,none,distinct,2 3 5 6 9 11
661W04bX2SfJ6K,6,distinct,none,distinct,1 4 5 6 9 11
661WGI4JEIlGX4,6,plain,none,mixed,2 2 5 5 6 16
661WGOwKW4AjIf,6,progressive,none,distinct,2 3 6 7 8 10
661WD5Ib4XYOy8,6,plain,none,mixed,2 3 3 9 9 10
661WY6gPDmSYLW,6,progressive,none,distinct,1 2 6 7 9 11
661W88ShI88Ko8,6,progressive,none,distinct,1 3 5 6 7 14
661WG8bZ9j8R8m,6,plain,none,mixed,1 2 5 5 10 13
661W4Waq0MstkQ,6,progressive,none,distinct,2 4 5 6 8 11
661W4OtM04GSMh,6,distinct,none,distinct,1 3 4 7 9 12
661Wm9rZaHws0Y,6,progressive,none,distinct,1 2 6 7 9 11
661WKgILA8nZ30,6,distinct,none,distinct,3 4 5 6 7 11
661WGcQZ2XnIMG,6,distinct,none,distinct,1 2 6 7 8 12
661WGnhLw22Ia1,6,progressive,none,distinct,1 3 4 7 10 11
661W24kKfSnX20,6,progressive,none,distinct,1 3 5 6 9 12
661WOHkabf991C,6,distinct,none,distinct,1 2 6 7 8 12
661WaeZUQ9P3I2,6,progressive,none,distinct,2 4 5 7 8 10
661WKuo0aKeaId,6,distinct,none,distinct,1 3 4 6 8 14
661WIwGr0jgAP4,6,distinct,none,distinct,2 3 4 6 10 11
661WfG96C4fH2C,6,plain,none,mixed,1 2 4 4 9 16
661WBc9n2eoWZ0,6,progressive,none,distinct,1 2 4 8 10 11
661W8OqXQ8SqY4,6,progressive,none,distinct,1 5 6 7 8 9
661WefJUl5452W,6,progressive,none,distinct,1 3 5 8 9 10
661WMgKf40bAP2,6,progressive,none,distinct,1 4 5 7 9 10
661WD49x0JAHPA,6,plain,none,mixed,2 2 3 4 10 15
661W5YAMIJHAzK,6,progressive,none,distinct,1 2 6 8 9 10
661WbMf48DALA0,6,plain,none,mixed,3 3 4 4 7 15
661W5ZBawWMaYg,6,progressive,none,distinct,1 3 6 7 9 10
661WifIq812GZ4,6,progressive,none,distinct,1 2 6 7 9 11
661WYQwj2HUeQ8,6,progressive,none,distinct,1 4 6 7 8 10
661WcGJqA9Igw2,6,progressive,none,distinct,1 2 6 8 9 10
661WYlYK29ZFM2,6,progressive,none,distinct,2 4 5 6 9 10
661WXJDr51gklm,6,progressive,none,distinct,1 5 6 7 8 9
661WJL4ZaDgpKY,6,progressive,none,distinct,1 4 5 6 9 11
661WCKWOe449Qj,6,plain,none,mixed,2 3 3 4 6 18
661WSxLSZ2fuI0,6,progressive,none,distinct,2 3 5 7 9 10
661W41ir4OegVO,6,progressive,none,distinct,1 2 6 7 9 11
661W48fA4ZEU44,6,plain,none,mixed,2 3 4 5 11 11
661W48TG84OvrZ,6,distinct,none,distinct,2 3 4 6 8 13
661WX12b3IaGY5,6,plain,none,mixed,1 2 5 6 6 16
661W5MVOoW0tfX,6,plain,none,mixed,1 2 5 5 6 17
661WBMZAI5Q1IC,6,plain,none,mixed,2 2 7 7 8 10
661WGKnjA2AIaG,6,distinct,none,distinct,2 3 4 6 9 12
661W4Gi8C4KdMb,6,plain,none,mixed,2 3 3 6 11 11
661W6GYI648rII,6,plain,none,mixed,1 1 6 8 8 12
661WKfZO429JIZ,6,progressive,none,distinct,2 3 4 8 9 10
661WJZpO4WSQ6Q,6,progressive,none,distinct,1 3 4 8 9 11
661W9GCr8ifAM2,6,distinct,none,distinct,1 4 5 7 8 11
661WKh9HaOGWqe,6,plain,none,mixed,1 4 5 6 10 10
661WYnZALHeKOW,6,distinct,none,distinct,2 3 4 6 7 14
661WKfH4mZ4mZ5,6,progressive,none,distinct,1 2 6 8 9 10
661WAd8nZ8Yb90,6,plain,none,mixed,2 2 6 6 7 13
661W2HQq48HEDI,6,progressive,none,distinct,1 2 5 7 10 11
661W4B6jf6XZ0Y,6,distinct,none,distinct,1 2 5 7 10 11
661W4Q12XArl26,6,progressive,none,distinct,1 2 6 8 9 10
661WIoJBGGyFPI,6,progressive,none,distinct,1 4 5 7 9 10
661W0MKZBnAUEa,6,progressive,none,distinct,1 2 5 7 9 12
661WKeZo2OmIwI,6,progressive,none,distinct,2 4 6 7 8 9
661W4Pd2HMmKKe,6,distinct,none,distinct,1 3 4 8 9 11
661WeHYo8HZPY2,6,progressive,none,distinct,2 3 4 8 9 10
661W14n2YenZrH,6,plain,none,mixed,1 4 4 7 10 10
661W93A6AfJpM0,6,plain,none,mixed,2 3 3 3 6 19
661W8GXYf48QdC,6,plain,none,mixed,4 4 5 5 6 12
661WleoIe0ZvGq,6,progressive,none,distinct,1 3 4 6 10 12
661WW8v5pHdLb4,6,plain,none,mixed,2 5 6 6 8 9
661W0aX3JfLgaH,6,progressive,none,distinct,1 4 5 7 9 10
661WGvQhO09SM8,6,progressive,none,distinct,1 3 6 7 9 10
661WImL2489NAK,6,progressive,none,distinct,1 4 5 7 9 10
661WY7r12aWYd6,6,plain,none,mixed,1 4 4 4 11 12
661Wb1SB88inVM,6,progressive,none,distinct,1 2 4 8 10 11
661WWWXaX59Qti,6,plain,none,mixed,3 4 4 7 9 9
661WnP3eHGBYgL,6,progressive,none,distinct,1 2 5 7 9 12
661WK99X2GYbc4,6,distinct,none,distinct,1 2 5 6 9 13
661W9cA-YbLElW,6,progressive,none,distinct,1 5 6 7 8 9
661WbZFL666an8,6,plain,none,mixed,1 4 6 6 8 11
661W0rKgO8IArp,6,plain,none,mixed,3 3 4 5 9 12
661WGX52bKmWX2,6,plain,none,mixed,2 3 4 4 8 15
661WrQnK48Iv22,6,progressive,none,distinct,3 4 5 7 8 9
661WIKux42AHL4,6,plain,none,mixed,2 3 5 6 6 14
661W0nopaX2oai,6,progressive,none,distinct,2 3 4 6 9 12
661W4T7n14HN9i,6,progressive,none,distinct,1 3 4 7 10 11
661WvGAaGOMIc4,6,progressive,none,distinct,1 2 5 7 10 11
661W04bQ8C4AbS,6,plain,none,mixed,1 1 3 5 8 18
661WGYooI4zBn4,6,progressive,none,distinct,1 3 6 7 8 11
661W0ZAR1AwKPu,6,progressive,none,progressive,1 3 5 7 9 11
661W2GIInGb_xW,6,progressive,none,distinct,2 3 4 8 9 10
661WKJYan8sLX0,6,progressive,none,distinct,1 2 5 7 9 12
661WGGgf26Ab8S,6,plain,none,mixed,1 1 4 9 10 11
661W0nZI8X2Rtf,6,progressive,none,distinct,2 3 4 7 9 11
661WeHZb2eH8o4,6,progressive,none,distinct,1 4 6 7 8 10
661WGnfWWMi-Vu,6,progressive,none,distinct,3 4 5 6 8 10
661WHcWhMeup4G,6,progressive,none,distinct,2 3 4 8 9 10
661WaBPf4RBsI8,6,progressive,none,distinct,1 3 5 8 9 10
661W0KsM8XQilK,6,progressive,none,distinct,1 3 6 7 8 11
661WGXP6YESXKc,6,plain,none,mixed,2 3 6 6 8 11
661WAbEGYKoGXm,6,progressive,none,distinct,1 3 5 6 10 11
661W1HeBIXgps4,6,distinct,none,distinct,1 2 3 5 10 15
661WKbOnX8Ib4m,6,distinct,none,distinct,2 3 5 6 7 13
661WX53GWafJ6L,6,distinct,none,distinct,1 2 5 6 9 13
661WNcjPK110v2,6,progressive,none,distinct,1 4 5 7 9 10
661W59XA9aah25,6,plain,none,mixed,1 3 7 8 8 9
661WXTaY45wNaG,6,plain,none,mixed,1 5 6 6 6 12
661WKjVR44S9P0,6,progressive,none,distinct,1 4 5 7 9 10
661WW9nXIJYceG,6,distinct,none,distinct,1 2 5 6 10 12
661WewY5CBaYPI,6,plain,none,mixed,2 4 4 5 9 12
661W6Klgv2GS34,6,plain,none,mixed,1 3 4 4 11 13
661W0F5M8GvBQh,6,progressive,none,distinct,1 4 5 6 9 11
661W4DEQIKmGS2,6,distinct,none,distinct,1 2 3 5 6 19
661W52LL6XQz78,6,distinct,none,distinct,2 4 5 7 8 10
661W4Qr24OOq24,6,progressive,none,distinct,1 2 6 7 9 11
661W8GYJ4X2oLj,6,plain,none,mixed,3 3 3 6 7 14
661WmMj325X5wG,6,plain,none,mixed,1 1 4 9 10 11
661WP6DaI1CTx2,6,progressive,none,distinct,1 3 6 7 8 11
661WJPIOe1kIh5,6,progressive,none,distinct,2 4 5 7 8 10
661W06cAK8nobI,6,distinct,none,distinct,2 3 5 6 8 12
661WJgnZ9B5A8W,6,progressive,none,distinct,2 4 5 6 9 10
661W49qfa8LgH1,6,progressive,none,distinct,1 4 5 7 9 10
661W0QKfL4nbOH,6,distinct,none,distinct,1 2 4 8 10 11
661W2PZ40KeUOn,6,plain,none,mixed,1 1 4 8 10 12
661WbmcQZPLTI0,6,progressive,none,distinct,2 3 4 6 10 11
661WGGxN16Ef5Y,6,plain,none,mixed,2 2 3 9 10 10
661WTAnH89Z9o2,6,distinct,none,distinct,1 4 5 7 8 11
661WhLIeW2fGbH,6,progressive,none,distinct,1 4 6 7 8 10
661WAEisa6bVW1,6,progressive,none,progressive,1 3 5 7 9 11
661W8Gb1iACIr9,6,plain,none,mixed,2 4 6 6 7 11
661W3XHZcH2aj9,6,progressive,none,distinct,2 3 5 6 8 12
661WCPD9IOXWiK,6,plain,none,mixed,2 3 3 6 10 12
661W2NkX2bgX2G,6,progressive,none,distinct,1 2 6 8 9 10
661WWfOK47EzZ8,6,progressive,none,distinct,2 3 4 8 9 10
661W6iinXvfHaW,6,plain,none,mixed,2 2 6 6 10 10
661WCaHhh47BC2,6,plain,none,mixed,2 3 4 4 9 14
661WovKcCWP4f2,6,progressive,none,distinct,1 4 6 7 8 10
661W0bhp44AcUI,6,plain,none,mixed,3 4 4 6 7 12
661WMa_GWMrPSW,6,progressive,none,distinct,1 4 5 6 9 11
661WeGb259AGX3,6,distinct,none,distinct,1 2 5 7 9 12
661WpkfZI8LgA0,6,progressive,none,distinct,3 4 5 7 8 9
661WHYrBuW19r9,6,plain,none,mixed,1 5 5 6 9 10
661WdH34q0bLIs,6,plain,none,mixed,1 4 5 8 9 9
661WYci_2J1P18,6,distinct,none,distinct,1 2 3 6 10 14
661W9A448DAKbA,6,plain,none,mixed,1 4 5 5 8 13
661WGZMf46Wnq8,6,progressive,none,distinct,1 2 6 8 9 10
661W8HbPOImen4,6,plain,none,mixed,1 4 6 7 7 11
661W12f4heGwr4,6,plain,none,mixed,2 2 4 7 7 14
661W2X1CcARVEk,6,progressive,none,distinct,3 4 5 7 8 9
661WBaOY4agGc4,6,distinct,none,distinct,1 3 4 6 8 14
661WGHDb86NmYf,6,progressive,none,distinct,2 4 5 6 8 11
661Wb2D5AHQbY8,6,plain,none,mixed,2 3 6 6 8 11
661W9X9O8mFp6A,6,progressive,none,distinct,1 2 3 7 11 12
661WAPHh645ge0,6,plain,none,mixed,2 3 3 4 11 13
661W1mn6Aag3Kf,6,progressive,none,distinct,1 2 4 8 10 11
661WOmaemOmX13,6,distinct,none,distinct,1 3 4 5 11 12
661W4oat8bXLQI,6,progressive,none,distinct,2 4 5 7 8 10
661WYfOX2hK8Q8,6,plain,none,mixed,1 4 4 4 7 16
661WXZ6j534Go5,6,plain,none,mixed,1 4 5 5 6 15
661W2nY128IsjA,6,plain,none,mixed,2 4 4 7 9 10
661WeLIj8Y98LI,6,distinct,none,distinct,1 3 5 6 10 11
661WJvMl4P6IO0,6,plain,none,mixed,3 4 5 6 6 12
661WrpcLc09D3W,6,progressive,none,distinct,1 3 4 7 9 12
661WeI9IYqvoKW,6,progressive,none,distinct,1 4 5 7 8 11
661W9dBve9EPIm,6,progressive,none,distinct,2 4 5 7 8 10
661WZ9nhI0fnO0,6,progressive,none,distinct,1 2 5 8 9 11
661WO4jHntnaeW,6,progressive,none,distinct,1 2 4 8 10 11
661WGn9IXAMBd2,6,plain,none,mixed,2 2 6 7 9 10
661W5IbRo1IaH5,6,progressive,none,distinct,2 3 4 7 9 11
661W2t2P8KNQr4,6,progressive,none,distinct,1 3 6 7 9 10
661WW8j9Q9EMa4,6,progressive,none,distinct,1 3 5 8 9 10
661WabER63PID0,6,progressive,none,distinct,1 5 6 7 8 9
661WGOpUa46qIX,6,progressive,none,distinct,1 3 5 6 10 11
661W5NYYaWmqRi,6,progressive,none,distinct,1 3 6 7 9 10
661WNtjwN10b1W,6,progressive,none,distinct,1 4 6 7 8 10
661W2EJmYjhcYi,6,progressive,none,distinct,2 4 5 6 8 11
661WBcr2a53267,6,distinct,none,distinct,1 4 5 6 9 11
661WCN1b8CfXef,6,progressive,none,distinct,1 3 4 7 10 11
661W0WmK4dDB6A,6,plain,none,mixed,1 2 3 3 10 17
661WbIZ246Sk48,6,plain,none,mixed,3 4 5 5 7 12
661WnYeaCGHvY8,6,plain,none,mixed,1 2 4 9 10 10
661WJwoi0D5qeG,6,plain,none,mixed,1 4 4 4 6 17
661W2CLcK8C99A,6,plain,none,mixed,2 2 4 5 7 16
661WCfl4G8V0b6,6,progressive,none,distinct,1 4 5 7 8 11
661WQr1y044wsh,6,progressive,none,distinct,2 4 5 7 8 10
661WX8fZg0XAVH,6,distinct,none,distinct,2 3 4 6 8 13
661WGZ3siO0WoX,6,plain,none,mixed,1 3 3 3 11 15
661WCAj194XEqa,6,progressive,none,distinct,1 3 5 8 9 10
661WOerMn4TapW,6,progressive,none,distinct,2 3 6 7 8 10
661W8fpYbb9L10,6,plain,none,mixed,2 5 6 6 6 11
661WW8Ph6DMiK4,6,progressive,none,distinct,1 4 5 7 8 11
661W28J6C8GXAK,6,distinct,none,distinct,1 3 4 6 9 13
661W71w25afHC5,6,plain,none,mixed,1 1 5 6 11 12
661WA5oe0phW5A,6,distinct,none,distinct,1 2 3 4 5 21
661W5DgU0aahZI,6,progressive,none,distinct,3 4 5 6 8 10
661W9INAK9AZGX,6,plain,none,mixed,3 3 5 5 6 14
661WOqyoc4HZWm,6,progressive,none,distinct,1 2 6 8 9 10
661WnJNdE43Wa8,6,progressive,none,distinct,2 3 4 8 9 10
661WX8Yba2bZSw,6,progressive,none,distinct,2 4 6 7 8 9
661W0WMlHXLhae,6,progressive,none,distinct,2 3 5 7 9 10
661WQwKgw0WAfm,6,progressive,none,distinct,1 3 4 8 9 11
661WGnP9G8VRJA,6,plain,none,mixed,1 6 7 7 7 8
661W8IalD2XHIa,6,plain,none,mixed,2 2 5 9 9 9
661WJJJAK9PbC8,6,plain,none,mixed,4 4 5 6 6 11
661W9pNkHXWgHY,6,progressive,none,distinct,1 2 5 7 10 11
661WYaqb599Pq1,6,progressive,none,distinct,1 2 6 8 9 10
661W8Gfv84CPHC,6,progressive,none,distinct,1 3 4 7 9 12
661WncIri0H2NH,6,progressive,none,distinct,1 4 5 7 9 10
661W8PJ4u05TKg,6,plain,none,mixed,1 4 5 5 8 13
661WGXpY4GWJ5A,6,plain,none,mixed,1 4 4 7 10 10
661WIfM158AKoq,6,plain,none,mixed,1 2 7 7 8 11
661W0GqL4fQgJb,6,plain,none,mixed,3 3 6 6 7 11
661WbfKw04sCX6,6,progressive,none,distinct,1 4 5 7 9 10
661WGo5KGKNp6A,6,progressive,none,distinct,1 2 5 7 10 11
661WKH9n24Br38,6,progressive,none,distinct,1 2 6 8 9 10
661WKxDg26Xas0,6,progressive,none,distinct,1 3 5 6 9 12
661WJITX8JjTS4,6,progressive,none,distinct,2 3 5 7 9 10
661W2s9PG8_wL4,6,progressive,none,distinct,1 3 5 8 9 10
661W4ifV0b5Obn,6,progressive,none,distinct,1 3 5 8 9 10
661W4fzPYZH1Wg,6,progressive,none,distinct,2 3 6 7 8 10
661Wj5MC89cXE4,6,distinct,none,distinct,2 4 5 6 7 12
661W9w2wWBDhgJ,6,plain,none,mixed,1 4 4 6 9 12
661WLAT9138Hai,6,progressive,none,distinct,1 4 6 7 8 10
661WAnY0O4EX2K,6,plain,none,mixed,1 1 2 8 9 15
661W8Ah6C8nE44,6,plain,none,mixed,1 4 6 6 8 11
661W89MgI85UXZ,6,progressive,none,distinct,2 3 4 6 9 12
661WGJHIaGJXbD,6,progressive,none,distinct,2 4 5 6 9 10
661W2PSwO8PSj0,6,plain,none,mixed,2 3 3 6 10 12
661WAa9ZAKgPI0,6,plain,none,mixed,2 2 5 5 9 13
661W49qY84PRX2,6,distinct,none,distinct,1 4 5 7 8 11
661W0dXOnvAtE8,6,progressive,none,distinct,1 4 6 7 8 10
661WG5FgYOcTx1,6,progressive,none,distinct,1 4 5 6 9 11
661W54X5HWbRVc,6,progressive,none,distinct,3 4 5 6 8 10
661WGWXcA49JLA,6,distinct,none,distinct,3 4 5 6 8 10
661WHYjZ919RKa,6,progressive,none,distinct,2 3 5 7 9 10
661W04fMCIbH2I,6,plain,none,mixed,2 2 3 8 8 13
661WGnYyA2A13Z,6,distinct,none,distinct,1 2 3 9 10 11
661WY7Ac0JNEk8,6,distinct,none,distinct,2 4 5 6 7 12
661W25QZfGXQN0,6,progressive,none,distinct,1 4 5 7 9 10
661WXgLREGc5BG,6,progressive,none,distinct,2 4 5 6 9 10
661W2afH2GZ6j4,6,plain,none,mixed,3 3 4 5 7 14
661W4IJ4f8Xlpa,6,progressive,none,distinct,3 4 5 7 8 9
661W4Qwb4GGiN2,6,progressive,none,distinct,1 5 6 7 8 9
661WINmWf8YfLe,6,plain,none,mixed,2 3 6 6 7 12
661WP6DuW3Qr91,6,progressive,none,distinct,1 2 6 7 9 11
661W8XCf64MfI8,6,progressive,none,distinct,1 4 6 7 8 10
661WALqlH0LJKW,6,distinct,none,distinct,1 4 5 6 9 11
661WG6uAArUsQ4,6,progressive,none,distinct,2 3 4 6 8 13
661WYGYkAY8bv2,6,plain,none,mixed,1 3 5 5 9 13
661WeJpKfmH0d8,6,progressive,none,distinct,1 5 6 7 8 9
661WBAra8HAJ92,6,plain,none,mixed,1 4 6 7 9 9
661WXPGbCSPKuG,6,progressive,none,distinct,2 3 4 7 9 11
661WHJkOfWl128,6,plain,none,mixed,2 4 4 6 9 11
661WGd52b4Yaf9,6,progressive,none,distinct,1 4 5 6 9 11
661WeGg6mmbfZ9,6,plain,none,mixed,1 5 7 7 8 8
661W4OXKWZ6Qvq,6,distinct,none,distinct,2 3 5 7 8 11
661W9HqPWRgoYY,6,progressive,none,distinct,2 3 4 8 9 10
661W3N8Z2DwpK4,6,progressive,none,progressive,1 3 5 7 9 11
661W0CJb2dEbaG,6,plain,none,mixed,1 2 7 7 9 10
661WhHIamGaAHn,6,progressive,none,distinct,1 2 5 7 10 11
661W6HWg3IerHo,6,plain,none,mixed,1 1 6 8 9 11
661W4WYS8KdbAI,6,plain,none,mixed,2 3 6 6 8 11
661W8GkSiA8mne,6,distinct,none,distinct,2 3 4 6 10 11
661W30f64YbIKr,6,progressive,none,distinct,1 3 4 8 9 11
661W5MeLCDA9R8,6,progressive,none,distinct,1 3 4 7 10 11
661W15bJ8anArK,6,progressive,none,distinct,1 4 6 7 8 10
661WOfH23X0bK9,6,plain,none,mixed,1 2 5 5 9 14
661Wf5yOaAqkA1,6,progressive,none,distinct,2 3 4 7 8 12
661WELMac89C5e,6,progressive,none,distinct,1 2 6 7 9 11
661WILaQO0Jhd8,6,progressive,none,distinct,1 2 5 7 10 11
661WGbIe32AKki,6,distinct,none,distinct,1 2 5 7 9 12
661WB6DiG9QfoX,6,progressive,none,distinct,1 3 5 6 10 11
661W9oYN4XHPJ2,6,progressive,none,distinct,1 4 5 7 9 10
661W4jk21bGoOi,6,progressive,none,progressive,1 3 5 7 9 11
661W4KH6KKjF4G,6,progressive,none,distinct,2 3 4 7 8 12
661WZ9AZ40XpQO,6,distinct,none,distinct,1 3 5 7 8 12
661WQieqAGYJeZ,6,plain,none,mixed,1 2 4 4 10 15
661W3jPQEL4X8Z,6,progressive,none,distinct,2 3 4 8 9 10
661W0OWXIZ27AK,6,plain,none,mixed,1 1 5 6 6 17
661W2DJYcGXo9e,6,progressive,none,distinct,1 2 6 8 9 10
661W4H2T2MfCH4,6,plain,none,mixed,1 4 5 5 7 14
661WGnjGc4I2rY,6,progressive,none,distinct,1 3 4 7 9 12
661WNADO03GXl2,6,progressive,none,distinct,1 2 5 6 9 13
661WmXgY4eGoc8,6,plain,none,mixed,1 4 5 8 9 9
661WWG_1Y9AYYk,6,progressive,none,distinct,1 3 5 8 9 10
661W1-Nrm55iso,6,progressive,none,distinct,2 3 4 6 10 11
661Wb8by4AfR14,6,progressive,none,distinct,2 4 6 7 8 9
661W4JLHg6adYY,6,plain,none,mixed,2 3 3 8 9 11
661W0X8cfjPAcA,6,plain,none,mixed,2 4 4 8 8 10
661WLI9fK9AJUO,6,progressive,none,distinct,2 4 5 6 8 11
661WMfWWO8L392,6,plain,none,mixed,1 1 4 6 8 16
661W6d9ciKQD31,6,plain,none,mixed,1 4 6 6 7 12
661W4ZLrhGBs21,6,distinct,none,distinct,1 3 6 7 9 10
661WKnZgC4CCY4,6,plain,none,mixed,1 3 7 8 8 9
661WaFUZ4aeGIG,6,distinct,none,distinct,1 2 4 6 9 14
661WCUbj2G4QIS,6,progressive,none,distinct,1 2 6 7 9 11
661W4FEGWGPZA3,6,plain,none,mixed,1 1 4 5 9 16
661WOewqw05a5a,6,distinct,none,distinct,1 2 4 6 11 12
661WQwyyG0bHf8,6,progressive,none,distinct,2 4 5 6 8 11
661WWRA24LRM44,6,progressive,none,distinct,1 3 5 6 8 13
661WGgeqWjhDLY,6,plain,none,mixed,2 3 5 8 9 9
661WGWY5hKfY58,6,plain,none,mixed,2 4 4 5 8 13
661W8Zoj1pQgGW,6,plain,none,mixed,3 3 4 5 6 15
661W0I5cAGfDwK,6,progressive,none,distinct,1 2 6 7 9 11
661WaaiveZLX8Y,6,progressive,none,distinct,1 2 5 7 10 11
661WD5IYO9sGyf,6,progressive,none,distinct,1 3 6 7 9 10
661WOocY4bmHY4,6,progressive,none,distinct,2 4 6 7 8 9
661WHiofAezY88,6,progressive,none,distinct,3 4 5 7 8 9
661W86nH2AbD_G,6,progressive,none,distinct,2 3 4 8 9 10
661WbQp734ODWW,6,distinct,none,distinct,1 2 5 7 9 12
661WZTKaGHVXD2,6,progressive,none,distinct,1 2 6 7 8 12
661WKPqf22J324,6,plain,none,mixed,1 3 6 6 9 11
661WBKuo8n29a2,6,progressive,none,distinct,1 3 4 5 9 14
661W4OhMXfIOKY,6,progressive,none,distinct,1 2 6 7 9 11
661W19AYcmXIFq,6,progressive,none,distinct,1 3 5 8 9 10
661WIbR288GP64,6,progressive,none,distinct,1 3 6 7 9 10
661WGhKR0IWXwI,6,distinct,none,distinct,1 3 4 5 8 15
661WDPMAmWmpKg,6,progressive,none,distinct,2 4 6 7 8 9
661W3KOmXvId90,6,plain,none,mixed,1 4 5 6 6 14
661W19-J0TBLJf,6,progressive,none,distinct,1 4 5 7 9 10
661WgnobAHWY0G,6,progressive,none,distinct,1 3 4 7 8 13
661W49Saa8PANY,6,progressive,none,distinct,1 4 6 7 8 10
661WGGEyfKtIc0,6,progressive,none,distinct,2 3 5 7 8 11
661WGeyX14JbAu,6,plain,none,mixed,3 3 4 6 8 12
661W4lfXbnGYw2,6,progressive,none,distinct,2 3 4 7 9 11
661WCKcD284gTI,6,progressive,none,distinct,2 3 4 6 10 11
661WWQHKmebLfL,6,progressive,none,distinct,1 2 6 8 9 10
661W16bAOXpkC8,6,plain,none,mixed,2 4 5 5 7 13
661W1FKhHWuGSm,6,plain,none,mixed,1 1 5 6 8 15
661WIfMT584f9q,6,progressive,none,distinct,1 4 5 7 8 11
661W8Y1d7INo6D,6,distinct,none,distinct,1 4 5 6 7 13
661WGGbl886JLA,6,plain,none,mixed,2 4 5 7 7 11
661WnYH2bCeHb8,6,distinct,none,distinct,2 3 4 6 7 14
661WGo0B6CdAa8,6,distinct,none,distinct,1 2 4 5 7 17
661WKYXJ6Goc5C,6,progressive,none,distinct,2 4 5 7 8 10
661WGkMeE0sKsK,6,progressive,none,progressive,1 3 5 7 9 11
661WSunAG45924,6,plain,none,mixed,2 2 3 6 11 12
661W8Rp58fZ1en,6,progressive,none,distinct,3 4 5 7 8 9
661WHGMj8u6d8n,6,plain,none,mixed,1 4 4 8 9 10
661WYcfH29X1ZG,6,progressive,none,distinct,1 2 4 7 9 13
661W54oiWcbfTX,6,progressive,none,distinct,1 5 6 7 8 9
661WeGpL2cCYY2,6,plain,none,mixed,1 2 7 7 9 10
661WKfhMI20gn8,6,distinct,none,distinct,1 2 5 7 8 13
661WGen24GZ5bA,6,plain,none,mixed,3 4 5 6 6 12
661WGbMTY86bFm,6,progressive,none,distinct,1 4 5 7 8 11
661W88I2bGXtZ6,6,plain,none,mixed,2 4 4 7 7 12
661WnHIr54gA3a,6,progressive,none,distinct,1 4 5 6 9 11
661WGZ6g32eGoa,6,plain,none,mixed,1 2 6 6 7 14
661WGoHre8YRIa,6,progressive,none,distinct,2 3 5 6 9 11
661WAKng58Sua1,6,progressive,none,distinct,1 2 6 7 9 11
661WAgiz62ZPj2,6,progressive,none,distinct,3 4 5 7 8 9
661W6AQY4GGni4,6,plain,none,mixed,1 2 4 9 9 11
661WCEgeWGSlHr,6,progressive,none,distinct,1 2 6 8 9 10
661WKO__iAI01e,6,progressive,none,distinct,1 2 4 6 11 12
661W5ipuYoBage,6,progressive,none,distinct,1 3 4 7 10 11
661WbAip6WOp50,6,progressive,none,distinct,1 3 5 8 9 10
661WGAJESGQb48,6,progressive,none,distinct,2 3 5 6 9 11
661WANnfHOPGaW,6,plain,none,mixed,1 6 6 7 7 9
661WWrQRE55t9G,6,progressive,none,distinct,2 3 6 7 8 10
661WGOnZa8Ib8o,6,progressive,none,distinct,2 4 6 7 8 9
661Wo5Hu0Jfoc2,6,progressive,none,distinct,1 3 5 6 9 12
661W15Gf8irAKn,6,plain,none,mixed,3 3 4 7 9 10
661WYCg4OJZc44,6,plain,none,mixed,1 3 5 5 8 14
661WH0oZ85fhaf,6,distinct,none,distinct,1 5 6 7 8 9
661WCfOHY8Ib51,6,plain,none,mixed,1 3 4 7 7 14
661WmnJ3Xa8NRK,6,progressive,none,distinct,1 5 6 7 8 9
661WGrwAK0AsA4,6,progressive,none,distinct,2 3 4 6 10 11
661WfoL6Q0k3K8,6,progressive,none,distinct,1 3 6 7 9 10
661WhYi044JcSb,6,distinct,none,distinct,2 3 4 5 6 16
661Whob6C0B4f2,6,progressive,none,distinct,1 2 6 8 9 10
661W7T-nb5wYG0,6,progressive,none,distinct,1 3 6 7 9 10
661WWkIYIFgbqG,6,progressive,none,distinct,1 4 6 7 8 10
661WGY2r2QaX2Z,6,distinct,none,distinct,1 2 3 4 8 18
661W8IAAn0zllI,6,progressive,none,distinct,2 3 4 6 10 11
661W8IpM8GGB6A,6,progressive,none,distinct,1 3 6 7 9 10
661W6BFOGGWHl2,6,plain,none,mixed,1 2 4 5 12 12
661WKnWmYGXb3W,6,plain,none,mixed,1 1 3 4 12 15
661W1mX5a5eTgs,6,plain,none,mixed,1 4 5 6 6 14
661W8vS24bPK68,6,plain,none,mixed,1 4 5 5 6 15
661W69obCGX1Q4,6,progressive,none,distinct,1 5 6 7 8 9
661WaoNS8HLN22,6,distinct,none,distinct,2 4 5 7 8 10
661WGYX4gfXGXY,6,plain,none,mixed,2 3 3 5 9 14
661W6Csea8Ch51,6,distinct,none,distinct,1 2 5 7 9 12
661W0Lc11zYNki,6,progressive,none,distinct,1 2 3 7 11 12
661W1uTj2ecVI8,6,progressive,none,distinct,1 3 6 7 9 10
661Wnt1644Qg4O,6,progressive,none,distinct,1 3 5 6 7 14
661WGNGY4AtfaG,6,progressive,none,distinct,1 3 6 7 8 11
661W9LikHHV5ua,6,progressive,none,distinct,1 4 5 7 9 10
661WCGi88AKc44,6,plain,none,mixed,1 2 2 6 9 16
661W0X3hGXDhMC,6,progressive,none,distinct,2 3 4 8 9 10
661W0Svj0b6UKK,6,progressive,none,distinct,1 2 4 7 10 12
661W53QfKWP2UK,6,progressive,none,distinct,1 2 6 7 9 11
661W8mAGWSxIb1,6,progressive,none,distinct,1 2 5 8 9 11
661W1afKGn7LAI,6,progressive,none,distinct,1 3 5 6 10 11
661W0D1IXGXZUo,6,progressive,none,distinct,1 2 4 6 10 13
661W5xsYfWgPX0,6,progressive,none,distinct,2 4 5 7 8 10
661WGcd6C4gcC8,6,plain,none,mixed,3 4 5 6 6 12
661W9IQgqaGIXD,6,plain,none,mixed,1 2 5 8 10 10
661WKfhLm05XcX,6,progressive,none,distinct,1 3 6 7 8 11
661W4wt4nfkXX0,6,plain,none,mixed,3 4 4 6 8 11
661W2uX53pcIeW,6,plain,none,mixed,1 2 6 6 9 12
661WfQaX488Nq8,6,progressive,none,distinct,1 3 5 8 9 10
661WCPMK8C9X22,6,plain,none,mixed,1 4 4 7 9 11
661WYCbHZ5Icb4,6,progressive,none,distinct,2 3 5 7 9 10
661WnDTc04wiXM,6,progressive,none,distinct,2 3 5 7 8 11
661W4bMr1f9APD,6,progressive,none,distinct,1 3 5 6 10 11
661W3IaoqYfLg1,6,distinct,none,distinct,1 5 6 7 8 9
661WD8gGWbhob1,6,distinct,none,distinct,3 4 5 6 7 11
661WgbfOm18sj1,6,progressive,none,distinct,2 4 5 6 9 10
661W0kH2bnJdbG,6,progressive,none,distinct,2 4 5 7 8 10
661WCgjhE0cB28,6,progressive,none,distinct,1 3 6 7 9 10
661WnpYOo0QX2X,6,plain,none,mixed,2 2 3 7 10 12
661W4fQ6IX5IM4,6,progressive,none,distinct,1 4 5 6 9 11
661WGR19mKNkmY,6,plain,none,mixed,1 2 6 6 7 14
661W9GgcGH6hc4,6,plain,none,mixed,2 3 4 7 10 10
661WCOysi4OWoe,6,progressive,none,distinct,3 4 5 6 8 10
661W5fTAOWoDEG,6,progressive,none,distinct,1 2 5 6 9 13
661W9Gn2ImbAI4,6,distinct,none,distinct,1 3 5 8 9 10
661W0nCDmGxETL,6,progressive,none,distinct,1 4 5 7 8 11
661W25gYK8LPZ2,6,plain,none,mixed,2 3 5 6 6 14
661WIbjY24HWo8,6,plain,none,mixed,1 2 7 8 9 9
661WGai94InXJp,6,distinct,none,distinct,2 3 4 5 9 13
661WAQol22veu0,6,progressive,none,distinct,1 2 5 7 10 11
661WCXqXH6IYCu,6,distinct,none,distinct,1 2 6 7 8 12
661WGhLu8OEqX4,6,progressive,none,distinct,1 4 5 7 9 10
661Wawq44agPbA,6,progressive,none,distinct,1 4 5 7 9 10
661WZ7t244eZ40,6,distinct,none,distinct,1 2 4 7 9 13
661WKbC444OfAC,6,distinct,none,distinct,1 3 5 7 8 12
661WnY2bE0HZLA,6,plain,none,mixed,1 4 5 8 9 9
661WIt1Y4GHb9A,6,progressive,none,distinct,2 4 5 7 8 10
661WB9nI4fo386,6,plain,none,mixed,1 1 3 3 13 15
661W8vxrI06K4A,6,progressive,none,distinct,2 3 5 6 8 12
661WaQvbGHMuM4,6,progressive,none,distinct,1 5 6 7 8 9
661W4HY4Oncc48,6,plain,none,mixed,1 4 4 5 7 15
661WWcmnZ9X36G,6,progressive,none,distinct,1 3 4 6 8 14
661WHIbSp96PI0,6,plain,none,mixed,3 3 4 6 7 13
661Wqfoa434g12,6,progressive,none,distinct,1 3 5 8 9 10
661WIbIOn08nd2,6,plain,none,mixed,2 3 5 8 8 10
661WA9LKg4HsAa,6,progressive,none,distinct,2 4 5 6 9 10
661W26ceYIfZ5Y,6,plain,none,mixed,3 3 3 7 10 10
661WHBI8W7PIhL,6,progressive,none,distinct,1 4 6 7 8 10
661WZ5Cen0nZ71,6,progressive,none,distinct,1 3 6 7 8 11
661WGbhOm0BKf9,6,progressive,none,distinct,2 3 5 7 9 10
661WavZ69115Mi,6,plain,none,mixed,4 4 4 6 7 11
661WKhHY4nG1a8,6,distinct,none,distinct,1 2 3 4 10 16
661WCp0XAGIAUS,6,plain,none,mixed,2 2 4 6 6 16
661W5GXM8J6LIZ,6,plain,none,mixed,2 5 5 5 9 10
661WdMFA98jbIW,6,progressive,none,distinct,3 4 5 6 8 10
661W8vOa0AMMZA,6,distinct,none,distinct,1 3 6 7 9 10
661W1oYYe5vDws,6,progressive,none,distinct,1 4 5 6 9 11
661WnkfK82LofG,6,progressive,none,distinct,2 4 5 6 8 11
661WKhjJ54m25e,6,distinct,none,distinct,1 4 5 6 7 13
661W13mq8LRsgI,6,plain,none,mixed,1 4 6 7 9 9
661WW0a8eYSpdD,6,distinct,none,distinct,1 2 3 6 8 16
661WNin2GWb9b2,6,progressive,none,distinct,2 3 5 7 8 11
661W43jP18agzP,6,progressive,none,distinct,1 2 4 6 11 12
661WSNNcgGBWTW,6,progressive,none,distinct,1 4 6 7 8 10
661WWGh5I36YaC,6,plain,none,mixed,1 1 6 8 9 11
661WfHSjAIHna4,6,progressive,none,distinct,2 4 6 7 8 9
661WnH8XZOJ26A,6,plain,none,mixed,2 2 5 5 7 15
661WGfHl6EO98G,6,progressive,none,distinct,1 3 4 6 10 12
661WQsfdt8aG22,6,progressive,none,distinct,2 3 5 7 9 10
661W53jC85csCK,6,plain,none,mixed,2 3 4 7 7 13
661WOnd9OGmOmX,6,plain,none,mixed,4 4 4 5 5 14
661W1pFSe33LAP,6,progressive,none,distinct,1 3 6 7 9 10
661WavcjH90FKe,6,progressive,none,distinct,1 3 4 8 9 11
661WHGfbCHZIM4,6,progressive,none,distinct,2 3 6 7 8 10
661WKOh426Eft2,6,progressive,none,distinct,2 4 5 7 8 10
661WH2511PfJci,6,progressive,none,distinct,1 3 6 7 9 10
661W14nACJlMAC,6,progressive,none,distinct,2 3 6 7 8 10
661WGPKhI0NEa8,6,progressive,none,distinct,1 4 6 7 8 10
661Wh9AH2K9MbG,6,progressive,none,distinct,1 2 6 8 9 10
661WGGTSo86RKa,6,plain,none,mixed,3 3 4 6 8 12
661WZ5pX44fWq8,6,progressive,none,distinct,1 2 6 8 9 10
661WIfod224he0,6,distinct,none,distinct,1 3 5 6 10 11
661W5g9q4WoykI,6,progressive,none,distinct,2 4 5 7 8 10
661WafXKc58gXc,6,progressive,none,distinct,1 3 5 6 9 12
661WK1Ih1QxMGW,6,plain,none,mixed,2 2 3 5 7 17
661W8TiGX4PqbG,6,progressive,none,distinct,1 4 5 7 9 10
661W8cYY4Adze8,6,distinct,none,distinct,2 3 4 6 7 14
661WIbKgG0K8rp,6,plain,none,mixed,1 3 5 5 9 13
661W8GrgK8GXa8,6,progressive,none,distinct,1 3 6 7 9 10
661Wa572OBBV6K,6,progressive,none,distinct,1 3 5 6 10 11
661WZOgKa0XiSb,6,distinct,none,distinct,2 3 4 6 9 12
661W4sjuG0hKYI,6,progressive,none,distinct,1 3 4 7 10 11
661W21b2AQioKO,6,distinct,none,distinct,1 2 4 6 11 12
661WZEHZ59Ia4e,6,progressive,none,distinct,2 3 5 7 9 10
661WGli6C2ipAG,6,plain,none,mixed,2 2 3 7 8 14
661W2eGwmIgKwY,6,progressive,none,distinct,1 3 6 7 8 11
661WenQor782a2,6,progressive,none,distinct,1 2 6 7 8 12
661WGmYH28HqfM,6,progressive,none,distinct,1 4 5 7 9 10
661WJ5hQmLWIKX,6,progressive,none,distinct,2 3 5 6 9 11
661WrIZWX9GL34,6,distinct,none,distinct,1 3 4 7 8 13
661W1kKe8JDIfA,6,progressive,none,distinct,2 3 5 7 9 10
661W8JMZ54XI2b,6,plain,none,mixed,1 4 7 8 8 8
661Wn2W25DOo49,6,plain,none,mixed,1 1 3 6 11 14
661WL13Q43kT22,6,plain,none,mixed,2 2 3 8 8 13
661WnemPI8xrY2,6,progressive,none,distinct,2 3 5 6 9 11
661WaHvMYiPD4e,6,plain,none,mixed,1 5 5 6 8 11
661WD9JYWrBYHX,6,progressive,none,distinct,1 3 5 8 9 10
661WSrB2G04RUn,6,progressive,none,distinct,2 3 5 6 8 12
661WWAOYnDlUYA,6,progressive,none,distinct,2 4 6 7 8 9
661WPGIaePIZ11,6,plain,none,mixed,1 3 6 6 9 11
661WenEu0B9Z52,6,distinct,none,distinct,2 3 4 6 8 13
661WC4IsOhI8k2,6,distinct,none,distinct,1 3 5 6 8 13
661W4kH2KIob4G,6,distinct,none,distinct,1 3 5 6 9 12
661WBKqgKefHa0,6,plain,none,mixed,3 4 5 5 7 12
661W9qvQ0acBXI,6,plain,none,mixed,1 3 4 8 10 10
661W3fR7AH0fg8,6,progressive,none,distinct,2 3 4 8 9 10
661WDAgYC9IRY8,6,progressive,none,distinct,1 5 6 7 8 9
661WIaXLiKeAqa,6,plain,none,mixed,1 4 4 5 8 14
661WI4XEWhOwKY,6,progressive,none,distinct,1 2 4 8 10 11
661W5KMSrPIE6G,6,plain,none,mixed,3 4 4 5 6 14
661W4RGieSLKX1,6,plain,none,mixed,1 3 7 8 8 9
661WWWTH6BDRb4,6,plain,none,mixed,3 3 5 6 9 10
661WnLkzIWo9HG,6,progressive,none,distinct,1 5 6 7 8 9
661WkjQq812GX4,6,distinct,none,distinct,2 3 4 7 9 11
661WhcnA2AhGM4,6,plain,none,mixed,3 3 4 6 6 14
661W4EDWWKfJBH,6,plain,none,mixed,2 2 5 7 8 12
661W8GnAKCGYZ6,6,distinct,none,distinct,2 4 6 7 8 9
661W0XKEh8NMQM,6,distinct,none,distinct,2 3 4 6 10 11
661W0okmY4Zqgy,6,plain,none,mixed,1 1 4 7 10 13
661W0Hh238HLQu,6,progressive,none,distinct,1 2 5 8 9 11
661W5IcYOabyY4,6,distinct,none,distinct,1 3 6 7 9 10
661WX9MenGmGgM,6,plain,none,mixed,2 2 4 5 11 12
661W0USxAnEQe2,6,progressive,none,distinct,2 3 5 7 9 10
661WSLIgv0BAf8,6,progressive,none,progressive,1 3 5 7 9 11
661WpMgb6WI924,6,progressive,none,distinct,1 3 6 7 9 10
661W2eXMAZ5Iv4,6,progressive,none,distinct,2 3 6 7 8 10
661WhMIJq2Gpaa,6,progressive,none,distinct,1 4 6 7 8 10
661WXHYC1RR9Ia,6,distinct,none,distinct,2 3 4 6 10 11
661W2Jch9fsLOW,6,progressive,none,distinct,1 4 5 6 8 12
661W4UPOYxAJfW,6,plain,none,mixed,1 4 5 8 8 10
661WP5xf81iMCr,6,progressive,none,distinct,2 3 5 7 9 10
661WOfZPf2CNYW,6,progressive,none,distinct,2 3 5 6 9 11
661WCLg80EHmf6,6,plain,none,mixed,1 1 4 8 9 13
661W8nMj82MAH2,6,plain,none,mixed,2 2 6 7 9 10
661WILZ9Y2B1ZD,6,progressive,none,distinct,2 3 4 8 9 10
661W4XR42X2TMf,6,distinct,none,distinct,1 2 4 8 9 12
661W4gqj5ZfB0W,6,progressive,none,distinct,1 4 5 6 9 11
661WgDEb8aHd2X,6,progressive,none,distinct,1 5 6 7 8 9
661W8YPZ68Z34b,6,distinct,none,distinct,2 3 5 6 8 12
661WeWGn5HY0Li,6,plain,none,mixed,2 2 3 3 4 22
661WZXxCa4d5zi,6,progressive,none,distinct,1 5 6 7 8 9
661W88T2h88Tp8,6,plain,none,mixed,2 3 6 6 6 13
661W8RtsI4j0PK,6,progressive,none,distinct,2 3 5 6 8 12
661W2AoYf8nwf0,6,progressive,none,distinct,2 3 5 7 9 10
661WSnYX548bGW,6,distinct,none,distinct,1 2 3 8 9 13
661WXXAf4JCfI8,6,distinct,none,distinct,2 3 5 6 8 12
661W94pEAYfbz2,6,progressive,none,distinct,3 4 5 7 8 9
661W4Rw48ILa28,6,plain,none,mixed,1 2 5 5 8 15
661Wv9JK03bN22,6,plain,none,mixed,1 3 4 8 8 12
661W4HQ6AGXMM4,6,distinct,none,distinct,1 3 6 7 8 11
661W5H8WYyPMda,6,progressive,none,distinct,1 5 6 7 8 9
661WYgHf0FmXeX,6,plain,none,mixed,1 1 4 9 9 12
661WGckO8Glqf4,6,progressive,none,distinct,3 4 5 6 8 10
661WGZj32Aiwa4,6,plain,none,mixed,3 4 5 5 9 10
661W0CwrrAGgOG,6,plain,none,mixed,1 5 5 6 6 13
661W8QI680nrpd,6,plain,none,mixed,3 4 4 5 7 13
661WCNcCq0WhE7,6,progressive,none,distinct,1 3 5 6 10 11
661W4CynKAOou2,6,progressive,none,distinct,1 4 5 7 8 11
661WnXwY4OHHa4,6,progressive,none,distinct,2 3 4 8 9 10
661W1KZ2HLEgro,6,plain,none,mixed,4 4 5 7 7 9
661W9IOa3DAQo9,6,progressive,none,distinct,1 5 6 7 8 9
661WahKI4mQr22,6,distinct,none,distinct,1 4 6 7 8 10
661WUjQ4848b04,6,distinct,none,distinct,1 3 4 5 8 15
661W4Z6rJGEKY3,6,plain,none,mixed,1 4 5 5 8 13
661WHMIZ19ntOe,6,plain,none,mixed,3 3 4 7 9 10
661W8nuu4AUva2,6,progressive,none,distinct,2 3 5 7 9 10
661WAKo258Gn65,6,plain,none,mixed,1 4 5 8 9 9
661WKpX2CGGDZ6,6,distinct,none,distinct,1 3 5 6 8 13
661WG9Lp48RNI2,6,progressive,none,distinct,2 4 6 7 8 9
661W3BWcbauhf0,6,progressive,none,distinct,1 4 5 7 9 10
661W4uGLWKhQoX,6,plain,none,mixed,1 2 7 8 8 10
661WJdmXZ91X50,6,progressive,none,distinct,1 2 4 7 8 14
661W4WnJ24BMNC,6,distinct,none,distinct,2 4 5 6 7 12
661WARKPG2fngZ,6,progressive,none,distinct,1 5 6 7 8 9
661W8Jqxm0r9ai,6,progressive,none,distinct,1 4 6 7 8 10
661W5Abb1YCJ4f,6,progressive,none,distinct,1 4 5 7 8 11
661WEWX58GZOuX,6,distinct,none,distinct,1 2 4 5 10 14
661WKnCX04PKgv,6,progressive,none,distinct,2 3 5 7 9 10
661WnQYYf92x9G,6,progressive,none,progressive,1 3 5 7 9 11
661WnaoYaG1p5H,6,plain,none,mixed,1 2 6 7 7 13
661WCuWDHO-oWW,6,distinct,none,distinct,1 2 4 5 6 18
661WZhrtE0Q6B0,6,progressive,none,distinct,1 4 6 7 8 10
661W4JXQaCrD21,6,progressive,none,distinct,1 4 6 7 8 10
661WbZb8b2FyX0,6,distinct,none,distinct,1 3 5 6 7 14
661WmHpa2mZAn2,6,progressive,none,distinct,1 2 4 8 10 11
661WGvmcWCQffH,6,plain,none,mixed,2 5 6 6 7 10
661WjhT9116fmi,6,progressive,none,distinct,1 2 5 7 10 11
661WKen5uX5PH1,6,plain,none,mixed,1 2 5 5 11 12
661W54VWfLITNm,6,progressive,none,distinct,1 3 5 6 9 12
661W88DB14Kjse,6,distinct,none,distinct,1 4 5 6 7 13
661WhAaf13Z38X,6,plain,none,mixed,1 2 5 5 10 13
661WmHd0Y5JGXX,6,plain,none,mixed,1 2 2 7 10 14
661WACVKg88r0Y,6,progressive,none,distinct,1 3 4 5 11 12
661WKczWY4gMBa,6,progressive,none,distinct,2 4 5 6 8 11
661Wb8rgbAnY10,6,plain,none,mixed,2 5 6 6 7 10
661WHZ3W0gauob,6,progressive,none,distinct,1 2 3 6 11 13
661WKuowm0Feoa,6,progressive,none,distinct,1 3 6 7 8 11
661W0rIAAb5tSG,6,plain,none,mixed,2 2 3 7 10 12
661W38oKOerXA2,6,progressive,none,distinct,1 4 5 6 9 11
661W4J7niK9TGa,6,progressive,none,distinct,1 2 5 7 9 12
661WZQDAF0b5Em,6,plain,none,mixed,1 1 6 7 10 11
661WZLYKaWWiOi,6,progressive,none,distinct,1 2 5 7 10 11
661W8BR648nF44,6,progressive,none,distinct,1 4 6 7 8 10
661WKbX39GYkam,6,plain,none,mixed,2 4 4 6 10 10
661WhIV1288di4,6,plain,none,mixed,2 3 5 8 8 10
661WW1P79HYziq,6,progressive,none,distinct,1 4 5 7 9 10
661WGhsESG1XfI,6,progressive,none,distinct,1 4 6 7 8 10
661WGbqg84SwaG,6,progressive,none,distinct,2 3 4 7 8 12
661WbHGza6elI1,6,progressive,none,distinct,1 4 5 7 9 10
661WOfhTm45aaa,6,progressive,none,distinct,1 2 6 8 9 10
661WAfpYvIYQ90,6,progressive,none,distinct,1 5 6 7 8 9
661W1Onh8ajS4f,6,progressive,none,distinct,2 3 6 7 8 10
661WARKL26z8R0,6,progressive,none,distinct,1 2 4 8 10 11
661W8GfbC48P2f,6,distinct,none,distinct,1 4 5 6 8 12
661W93AWOfdIc4,6,distinct,none,distinct,1 2 3 5 9 16
661W4Isa8K8d12,6,plain,none,mixed,1 2 4 9 10 10
661WRoIZeWmQHH,6,progressive,none,distinct,1 3 5 8 9 10
661WB6M48aGbC8,6,plain,none,mixed,2 2 3 5 10 14
661WGYuneOmgKe,6,progressive,none,distinct,1 3 4 7 10 11
661W4PafYnsBKg,6,progressive,none,distinct,3 4 5 6 8 10
661W4fpc4Z4ImX,6,plain,none,mixed,2 3 4 8 8 11
661WZiGSrCwj60,6,progressive,none,distinct,2 3 6 7 8 10
661W8yGC8Ih8Qj,6,plain,none,mixed,1 3 3 4 5 20
661W2cSe0ZfIZI,6,progressive,none,distinct,1 4 5 6 9 11
661W4LAnE49j98,6,plain,none,mixed,1 3 6 6 9 11
661WDQKfGXAIWX,6,plain,none,mixed,2 3 5 8 8 10
661WCPYa849mcC,6,plain,none,mixed,1 4 4 7 10 10
661W9Gk21TIoKa,6,progressive,none,distinct,1 4 5 7 9 10
661W6fqfaZH1HH,6,progressive,none,distinct,1 4 6 7 8 10
661W93Yen1xHZ4,6,progressive,none,distinct,1 3 4 8 9 11
661Wo8HAeLbBOY,6,progressive,none,distinct,1 3 5 8 9 10
661W4fC4YhCfMc,6,plain,none,mixed,3 3 4 5 9 12
661WKsZ428nSO8,6,plain,none,mixed,3 3 3 5 8 14
661W9JX8meiunY,6,plain,none,mixed,2 4 6 6 6 12
661WBciYGWFRc4,6,progressive,none,distinct,2 3 5 7 9 10
661W0ThgOGfScG,6,progressive,none,distinct,2 3 4 6 10 11
661W4mZ52ANaWX,6,distinct,none,distinct,1 2 4 7 9 13
661WWfrQmXKgQm,6,progressive,none,distinct,1 4 5 7 8 11
661WKPIp44BGRG,6,progressive,none,distinct,1 2 6 8 9 10
661WbIHo88XF9K,6,progressive,none,distinct,2 3 5 6 9 11
661WCHYGh499QK,6,plain,none,mixed,2 2 3 7 10 12
661W25oavGbY50,6,plain,none,mixed,1 1 7 8 9 10
661W4GzKXOvzKW,6,progressive,none,distinct,2 3 6 7 8 10
661W9IMjnWGAIc,6,distinct,none,distinct,2 3 5 6 8 12
661WX2goH0KxrY,6,plain,none,mixed,2 3 4 4 9 14
661W12FMja8X28,6,plain,none,mixed,3 3 4 4 6 16
661W2JLefGjs91,6,progressive,none,distinct,1 3 5 8 9 10
661W0GeYbbAJd8,6,distinct,none,distinct,2 4 5 6 9 10
661WDTBY4aeYg8,6,progressive,none,distinct,2 3 5 7 9 10
661W0Anaj8XQ9I,6,progressive,none,distinct,1 2 6 7 9 11
661WqKmY4eIYfA,6,progressive,none,distinct,1 3 6 7 8 11
661W4TdB0ZJIPA,6,progressive,none,distinct,2 3 5 7 8 11
661WWgpd09mQen,6,progressive,none,distinct,1 2 4 8 10 11
661W5d3s29HBz4,6,progressive,none,distinct,1 2 6 8 9 10
661WL9CWeNLZ39,6,distinct,none,distinct,2 3 4 7 8 12
661W8ZQJG8cvr4,6,progressive,none,distinct,1 4 6 7 8 10
661WXFRnm4yeuH,6,progressive,none,distinct,1 4 5 6 9 11
661WI-LjL0YV0e,6,progressive,none,distinct,1 2 5 8 9 11
661W0nbUZ8UCOK,6,progressive,none,distinct,1 3 5 6 10 11
661WL6EcC5G0gC,6,plain,none,mixed,1 3 5 5 8 14
661WWGjJ1DAHJe,6,progressive,none,distinct,1 3 5 8 9 10
661W1caZ2X9Jqn,6,progressive,none,distinct,1 2 6 8 9 10
661W898HaQrE5Y,6,plain,none,mixed,1 2 3 7 7 16
661WXO7244vLES,6,distinct,none,distinct,1 2 6 7 9 11
661W0evp6X354A,6,plain,none,mixed,2 3 3 6 8 14
661WZAjC8WbI8C,6,plain,none,mixed,1 1 5 6 7 16
661WOef6K25M44,6,plain,none,mixed,1 3 3 6 11 12
661W0YCTeZunYf,6,plain,none,mixed,3 3 5 5 6 14
661WIchGWhqQrW,6,progressive,none,distinct,2 3 4 7 9 11
661W9G96KYbJ68,6,progressive,none,distinct,1 3 5 6 10 11
661WAMPXG8rgo4,6,progressive,none,distinct,3 4 5 7 8 9
661WAo2K08oUzj,6,progressive,none,distinct,2 4 5 6 9 10
661Wb7zPe0L2gq,6,plain,none,mixed,2 2 4 7 9 12
661WKkLB64a99A,6,plain,none,mixed,3 4 4 6 8 11
661W3eT64aozC4,6,progressive,none,distinct,1 4 6 7 8 10
661WZ4QtuAnAaW,6,progressive,none,distinct,1 3 5 8 9 10
661WCRmI0QL9Z2,6,plain,none,mixed,1 3 7 7 9 9
661WK4yA4fCR84,6,plain,none,mixed,1 2 2 4 5 22
661WAH21A8HQqO,6,plain,none,mixed,1 2 5 8 8 12
661WYaob6BLf40,6,distinct,none,distinct,3 4 5 6 8 10
661WWGigf969pe,6,distinct,none,distinct,2 3 4 5 10 12
661WCQyO4GKf2A,6,progressive,none,distinct,2 3 5 6 8 12
661WXTZq80XSsp,6,progressive,none,distinct,2 4 5 7 8 10
661W9LHbnHdyT0,6,progressive,none,distinct,2 4 5 7 8 10
661WIfRX48GHV2,6,plain,none,mixed,1 5 6 6 8 10
661W2fX2a8IcCB,6,plain,none,mixed,1 3 3 9 9 11
661W3jZ68H1BAC,6,progressive,none,distinct,2 3 4 8 9 10
661WAYEXX4gbBe,6,progressive,none,distinct,1 2 5 7 10 11
661W1ELibWKveA,6,progressive,none,distinct,1 2 3 7 10 13
661W71gnaLh7S1,6,progressive,none,distinct,1 4 5 7 9 10
661WAqnq8X3Gc2,6,progressive,none,distinct,1 3 5 6 9 12
661W1P2g2cfKsC,6,plain,none,mixed,1 5 6 7 7 10
661W9YLfCaFJH2,6,plain,none,mixed,3 3 5 5 9 11
661WJahI2ivGn0,6,progressive,none,distinct,2 3 5 7 9 10
661WK9nY8GYkY4,6,plain,none,mixed,2 2 6 7 9 10
661W3OUYXPQIRe,6,progressive,none,distinct,1 4 5 7 9 10
661WCOCZCQjGs0,6,progressive,none,distinct,1 2 5 6 10 12
661WJkrQb158h8,6,progressive,none,distinct,2 4 6 7 8 9
661WIIiOuGIgKo,6,progressive,none,distinct,1 4 5 7 8 11
661WKenY8GX95A,6,plain,none,mixed,4 4 4 5 8 11
661WYnZAI18MSO,6,progressive,none,progressive,1 3 5 7 9 11
661WKgT13G9Ja5,6,progressive,none,distinct,1 4 5 7 9 10
661WKfRwI08HL8,6,progressive,none,distinct,2 4 5 7 8 10
661W4OoanCSb10,6,plain,none,mixed,2 2 3 9 10 10
661W5aqIOcokdI,6,progressive,none,distinct,1 4 5 7 9 10
661WibFn2aIH92,6,progressive,none,distinct,1 4 5 7 9 10
661W8QSf88bEI8,6,plain,none,mixed,1 4 6 7 9 9
661WGbGfJCGX4H,6,distinct,none,distinct,1 2 6 8 9 10
661WGhQY4OYKa4,6,plain,none,mixed,1 4 6 7 9 9
661W4huYInL9Yf,6,progressive,none,distinct,2 3 5 7 9 10
661W48e3QGbBgO,6,distinct,none,distinct,1 2 3 4 8 18
661WHZHYfXGf58,6,plain,none,mixed,2 2 6 6 10 10
661WHRDOmHcgvu,6,progressive,none,distinct,3 4 5 7 8 9
661WmGQLAW2hL8,6,plain,none,mixed,1 2 6 6 7 14
661WGYbqcG9P3Y,6,distinct,none,distinct,1 3 5 7 8 12
661WGHd11Ogoae,6,progressive,none,distinct,1 3 6 7 9 10
661WamJBe1DlWZ,6,distinct,none,distinct,1 3 4 5 11 12
661WfIIa49Ih12,6,distinct,none,distinct,2 3 5 7 9 10
661WnX5I5KGX23,6,distinct,none,distinct,1 2 5 7 8 13
661W5XH6KLEj48,6,progressive,none,distinct,2 3 5 7 8 11
661WYnlT296af8,6,progressive,none,distinct,2 4 6 7 8 9
661WfJGJ4WH2p4,6,plain,none,mixed,1 1 5 6 8 15
661W8HAto8Lha1,6,progressive,none,distinct,3 4 5 7 8 9
661WZ4rQW2nXMn,6,progressive,none,distinct,1 4 5 7 9 10
661WXM5Y19hLPg,6,progressive,none,distinct,2 3 5 6 9 11
661WKPoQW2BnIY,6,progressive,none,distinct,1 4 5 7 9 10
661W8PLLA8P5Y6,6,progressive,none,distinct,1 5 6 7 8 9
661WGpo32GIJJ6,6,progressive,none,distinct,1 4 5 7 9 10
661WKtaYYGOLnP,6,progressive,none,distinct,1 4 5 7 9 10
661WJLgemXf5B1,6,distinct,none,distinct,2 4 5 6 7 12
661W8WXQn47AKi,6,plain,none,mixed,2 3 4 7 7 13
661WeGEg4eKQc4,6,distinct,none,distinct,1 3 5 7 8 12
661WH1Z7EHWYa8,6,plain,none,mixed,2 3 3 8 10 10
661WIseSX8k360,6,plain,none,mixed,1 2 5 5 6 17
661W0n0hmhPrPH,6,progressive,none,distinct,1 4 6 7 8 10
661WQaXGaKgJMX,6,progressive,none,distinct,1 3 4 7 10 11
661W6CfHGIbAn2,6,progressive,none,distinct,1 4 6 7 8 10
661W8kCcX2kCdO,6,progressive,none,distinct,1 4 5 7 9 10
661W4dDEWp8fQZ,6,progressive,none,distinct,1 3 6 7 9 10
661W9PnIamWb21,6,distinct,none,distinct,1 2 6 7 9 11
661WGXAIj48v28,6,distinct,none,distinct,1 4 5 7 8 11
661WKMer0ChDHI,6,progressive,none,distinct,2 3 6 7 8 10
661WB4GbDaf6S1,6,distinct,none,distinct,1 2 4 7 10 12
661WX24sY2jQci,6,progressive,none,distinct,1 4 6 7 8 10
661W4opcZ8oCNC,6,progressive,none,distinct,2 4 5 7 8 10
661WLMhxyWQ9OW,6,progressive,none,distinct,1 2 6 8 9 10
661Weoh6A1mgK4,6,plain,none,mixed,2 2 5 7 10 10
661W4HY6a8HDpc,6,progressive,none,distinct,2 4 6 7 8 9
661WGhLdEOAa24,6,progressive,none,distinct,1 5 6 7 8 9
661W7jRR6J8n10,6,progressive,none,distinct,1 5 6 7 8 9
661W0cd5G8ksif,6,progressive,none,distinct,1 4 6 7 8 10
661W8ncXeCA9J5,6,progressive,none,distinct,1 3 5 8 9 10
661WG29H2fX3dA,6,plain,none,mixed,2 2 2 4 11 15
661W4eeraGZVaX,6,progressive,none,distinct,2 4 5 6 7 12
661WQtgw0QC9Y2,6,progressive,none,distinct,1 4 6 7 8 10
661WfELA40CT4O,6,progressive,none,distinct,1 2 4 8 10 11
661W9XoX0ahX4f,6,distinct,none,distinct,1 4 5 6 8 12
661W3BAMDeWXl1,6,progressive,none,distinct,1 2 5 7 10 11
661W4hd38OAEHZ,6,progressive,none,distinct,1 2 4 8 10 11
661W8JbX2OPGY4,6,progressive,none,distinct,1 3 6 7 9 10
661Wbqf-46gD1G,6,plain,none,mixed,1 4 4 7 10 10
661W2BKqf8fpg0,6,progressive,none,distinct,2 4 5 7 8 10
661W0JfIYSPKOu,6,progressive,none,distinct,1 4 5 7 9 10
661WIXgvG0FDR8,6,progressive,none,distinct,1 3 6 7 9 10
661WYXlPn1HIam,6,plain,none,mixed,1 2 5 8 8 12
661W75gr2Jd51G,6,progressive,none,distinct,1 5 6 7 8 9
661W0ZTZ6t4e56,6,plain,none,mixed,2 3 3 4 8 16
661WX1av0erBLC,6,progressive,none,distinct,1 3 4 7 10 11
661WCMDHeIjPRW,6,progressive,none,distinct,1 2 6 8 9 10
661W5AZ1GiSQn2,6,plain,none,mixed,2 2 5 7 10 10
661WbAT48HAL28,6,progressive,none,distinct,2 3 5 6 8 12
661W8JcaYIDHXX,6,progressive,none,distinct,2 3 4 7 8 12
661W4H2cKIbbX2,6,plain,none,mixed,1 5 6 6 7 11
661WBwpfIWwK80,6,plain,none,mixed,2 4 4 6 9 11
661WIjcOo8B76W,6,progressive,none,distinct,2 3 4 7 9 11
661W0bBgnXAaRu,6,progressive,none,distinct,1 5 6 7 8 9
661WGJ0fOGVvo4,6,progressive,none,distinct,1 3 6 7 8 11
661WET8n0IbhI2,6,distinct,none,distinct,2 4 5 6 9 10
661W11HNLWbp5i,6,progressive,none,distinct,2 3 4 7 9 11
661WBCibCHQdM0,6,progressive,none,distinct,2 3 4 6 10 11
661WGGrX28AIcC,6,plain,none,mixed,2 2 6 7 9 10
661WChKlXIUGH0,6,progressive,none,distinct,1 3 6 7 9 10
661WOSmoe8IegB,6,plain,none,mixed,1 1 4 7 8 15
661WW9IqCHYKpb,6,plain,none,mixed,1 3 6 8 9 9
661WIdaRI4agb4,6,progressive,none,distinct,2 4 5 6 7 12
661W83Ka8ITd9I,6,plain,none,mixed,2 2 3 4 11 14
661WH6d84BCgbI,6,progressive,none,distinct,2 3 4 7 9 11
661W32JXAJMqi8,6,progressive,none,distinct,1 2 6 8 9 10
661W4Gfa28G_NA,6,progressive,none,distinct,2 3 5 7 9 10
661WJkS6CWg4ZA,6,distinct,none,distinct,2 3 5 6 7 13
661WHGZK2J6vI2,6,progressive,none,distinct,1 3 4 8 9 11
661WbHvrH0aqba,6,plain,none,mixed,2 4 6 6 8 10
661W8J5PlG5fY4,6,progressive,none,distinct,1 3 4 5 10 13
661WnLII1GYprq,6,plain,none,mixed,2 5 5 6 6 12
661WGRY60hcDdE,6,progressive,none,distinct,2 4 5 6 9 10
661WJAZ5I9rYe0,6,plain,none,mixed,2 4 5 6 6 13
661WWnY4AX0yvI,6,plain,none,mixed,1 2 6 7 10 10
661W1wxb9WoSKa,6,progressive,none,distinct,3 4 5 6 8 10
661W8OvoG4CSa6,6,progressive,none,distinct,1 3 4 6 10 12
661W5hTj1XKmaa,6,progressive,none,distinct,2 3 5 6 9 11
661W14lI4ifX2I,6,distinct,none,distinct,1 3 5 7 8 12
661WeII64HIx48,6,distinct,none,distinct,1 2 6 7 8 12
661WAKtI4Gv22A,6,distinct,none,distinct,1 2 6 7 9 11
661W8YH78Gpop6,6,progressive,none,distinct,1 5 6 7 8 9
661Wa8G0keGf2c,6,plain,none,mixed,1 1 3 6 11 14
661W9BrACaL624,6,plain,none,mixed,3 3 6 7 7 10
661WAbGYClSKi0,6,plain,none,mixed,2 2 4 4 12 12
661WaOwob5Amc0,6,progressive,none,distinct,1 5 6 7 8 9
661WGHjC2QguGC,6,distinct,none,distinct,1 2 4 5 6 18
661WGWdb64HQ6j,6,progressive,none,distinct,2 4 6 7 8 9
661W99Ob8WWzoC,6,plain,none,mixed,1 2 6 8 8 11
661W88qIb8OsAH,6,distinct,none,distinct,1 3 6 7 9 10
661W4vj0WbIab5,6,plain,none,mixed,2 4 5 5 7 13
661W8njD4fKno8,6,progressive,none,distinct,3 4 5 7 8 9
661WYvpb336I81,6,progressive,none,distinct,1 3 5 8 9 10
661WeHq5IH_15A,6,plain,none,mixed,2 4 4 6 7 13
661WAgKPK0obR4,6,plain,none,mixed,2 5 5 6 9 9
661WJ64Um3bIra,6,progressive,none,distinct,1 2 6 7 8 12
661W0PoZ8Om-I4,6,distinct,none,distinct,1 2 4 7 8 14
661WevPb434pQO,6,progressive,none,distinct,3 4 5 6 8 10
661Wn51443cyfA,6,progressive,none,progressive,1 3 5 7 9 11
661W5HcaeDgb11,6,progressive,none,distinct,1 3 4 8 9 11
661W27hgAAfAs0,6,progressive,none,distinct,2 3 4 6 10 11
661WenDQf9Cwb0,6,progressive,none,distinct,2 4 5 7 8 10
661WH3etGHNNUI,6,progressive,none,distinct,2 3 4 8 9 10
661WeGa2n9UuGY,6,plain,none,mixed,2 2 4 5 7 16
661W6bSX4GwKs8,6,progressive,none,distinct,1 2 6 8 9 10
661W4995fGWvVK,6,progressive,none,distinct,2 3 4 7 9 11
661WautMp9FWI0,6,progressive,none,distinct,1 4 5 7 9 10
661WOfEKYOgCKW,6,distinct,none,distinct,1 3 4 7 10 11
661WHGXY5HZ0oa,6,plain,none,mixed,2 2 3 6 11 12
661WKWP68GZV28,6,plain,none,mixed,1 2 4 7 11 11
661Wb9LbK2uP8n,6,progressive,none,distinct,1 2 6 8 9 10
661WYfLHY5GXeq,6,progressive,none,distinct,1 4 6 7 8 10
661W8Hjn84HAs6,6,plain,none,mixed,1 3 7 7 9 9
661W4IenKAX7L2,6,distinct,none,distinct,1 3 5 7 8 12
661WX1IKa4ef6B,6,distinct,none,distinct,1 3 5 6 9 12
661WQjQdu20KGc,6,progressive,none,distinct,1 3 6 7 8 11
661W9W181w-unY,6,plain,none,mixed,1 4 4 5 6 16
661W8IdB4GCeXZ,6,progressive,none,distinct,2 3 4 6 9 12
661W9sjQrH1481,6,progressive,none,distinct,1 4 5 7 9 10
661W6bbcg4QFLW,6,progressive,none,distinct,2 3 4 8 9 10
661WWWZYI5Dhq8,6,progressive,none,distinct,1 3 5 8 9 10
661WIeXMK05JAI,6,distinct,none,distinct,1 3 5 6 8 13
661W6RIMmGLCZH,6,plain,none,mixed,1 6 7 7 7 8
661W4EeX88XBNI,6,distinct,none,distinct,2 3 4 6 9 12
661W4HbJ8CHCXb,6,progressive,none,distinct,1 3 5 8 9 10
661W0NmT4KLq_f,6,progressive,none,distinct,1 3 5 6 10 11
661WiQa14oSuaf,6,progressive,none,distinct,1 3 4 7 9 12
661WHZKg45Kfa8,6,plain,none,mixed,2 4 5 5 10 10
661WGYSp9G9Qbe,6,progressive,none,distinct,2 4 5 7 8 10
661W8ZIe2hh21Z,6,plain,none,mixed,2 3 3 4 11 13
661WDggOWgBX69,6,distinct,none,distinct,2 3 4 5 9 13
661WQtzrAG8Wb0,6,plain,none,mixed,2 3 6 6 8 11
661WGvpmW4AIgH,6,distinct,none,distinct,2 3 5 6 8 12
661W4YX54zBCn2,6,plain,none,mixed,1 4 5 5 9 12
661WAf0J0CQrVf,6,plain,none,mixed,2 3 6 7 9 9
661W4un8WIlPnX,6,progressive,none,distinct,1 4 6 7 8 10
661W6CaX4SnZG8,6,progressive,none,distinct,1 2 3 8 10 12
661WafIcH16CY5,6,progressive,none,distinct,1 3 6 7 9 10
661W8G6KefQZ69,6,progressive,none,distinct,1 3 5 6 10 11
661W4ADMCG8Hd2,6,plain,none,mixed,2 2 6 6 6 14
661WYGnY8mXEg4,6,progressive,none,distinct,1 2 6 7 9 11
661WJdXYf9Gh50,6,progressive,none,distinct,2 4 6 7 8 9
661WA1xrK05LT2,6,plain,none,mixed,2 2 2 5 5 20
661WKsJ1X6yFug,6,progressive,none,distinct,2 3 5 7 8 11
661W0IgRO8vTRO,6,progressive,none,distinct,3 4 5 6 8 10
661WHOIZ9fnSem,6,progressive,none,distinct,2 4 6 7 8 9
661W5nXweL6iY1,6,progressive,none,distinct,2 3 5 7 8 11
661WJEOoWWIbwX,6,plain,none,mixed,2 3 3 5 8 15
661WH6iom5dDh1,6,progressive,none,distinct,1 5 6 7 8 9
661W0fp5AZ4ZeG,6,progressive,none,distinct,1 2 5 8 9 11
661W2cKqB4ZMkY,6,progressive,none,distinct,1 3 5 8 9 10
661W93u1ecTNgw,6,progressive,none,distinct,1 2 3 9 10 11
661WIPpI3GYHxW,6,progressive,none,distinct,1 2 5 7 10 11
661WOmo5AGXX5A,6,plain,none,mixed,2 4 4 7 9 10
661W0X2H4rg4Pr,6,plain,none,mixed,2 3 3 4 6 18
661WD6511aGbgi,6,plain,none,mixed,1 3 3 6 11 12
661WHMnLqDSa-H,6,progressive,none,distinct,3 4 5 7 8 9
661W89MH389MZa,6,progressive,none,distinct,1 4 5 7 9 10
661WAvoYWb9mRa,6,progressive,none,distinct,1 4 5 6 8 12
661WOcZZI4zDe8,6,plain,none,mixed,1 4 4 7 7 13
661WGMd104pMif,6,progressive,none,distinct,2 3 5 7 8 11
661W7EG4mYKnZD,6,progressive,none,distinct,1 2 4 8 10 11
661W2HCai8PjB9,6,progressive,none,distinct,1 4 5 7 9 10
661Wb9oKn8qZ20,6,progressive,none,distinct,1 4 5 7 9 10
661W8Bk54Aito8,6,progressive,none,distinct,2 3 5 7 9 10
661WGbbPp0H2aq,6,plain,none,mixed,1 3 7 7 9 9
661WKfqbo0TX11,6,progressive,none,distinct,1 3 5 8 9 10
661WG90Z4Idlo4,6,progressive,none,distinct,1 3 6 7 9 10
661WGkmogOX9ge,6,progressive,none,distinct,1 4 5 7 8 11
661W0wf72z9CL6,6,progressive,none,distinct,1 4 6 7 8 10
661W5pVNWmAFL1,6,progressive,none,distinct,1 4 5 7 8 11
661Wp2A84AEjAC,6,plain,none,mixed,1 3 3 3 12 14
661WOp24B8X48m,6,distinct,none,distinct,1 2 3 5 7 18
661W4BaG9KHhIY,6,distinct,none,distinct,1 2 3 8 9 13
661WqArbGHjGWX,6,progressive,none,distinct,1 4 5 7 9 10
661WZ59Z6enY60,6,plain,none,mixed,1 3 6 8 9 9
661W2AX1ZSfIe2,6,progressive,none,distinct,1 2 5 8 9 11
661WmL4IG5VSfC,6,progressive,none,distinct,1 4 5 7 9 10
661W4oZ28CwT24,6,progressive,none,distinct,2 4 5 7 8 10
661WbAaveWKhI1,6,plain,none,mixed,1 6 6 6 8 9
661W8ejZ28BIUn,6,progressive,none,distinct,2 4 5 7 8 10
661W0QMK0tMZAI,6,progressive,none,distinct,2 3 5 6 7 13
661WmHwunWB158,6,distinct,none,distinct,1 2 4 8 10 11
661W4iAHYjPIaH,6,distinct,none,distinct,2 3 4 6 8 13
661WGHY3YGZHp5,6,progressive,none,distinct,1 3 5 6 10 11
661W0bfb3Z4p4q,6,plain,none,mixed,1 2 7 7 9 10
661W5w29bowIn0,6,plain,none,mixed,1 3 4 6 6 16
661WHYaq8c5HY6,6,distinct,none,distinct,1 2 3 9 10 11
661WQqnX2GY0c4,6,plain,none,mixed,1 4 4 6 6 15
661WaY5en3mWhK,6,distinct,none,distinct,1 2 4 6 10 13
661W5JM31W9Mpc,6,progressive,none,distinct,1 3 6 7 8 11
661W5ITM676NXf,6,progressive,none,distinct,2 4 6 7 8 9
661WGZaY1bfnHY,6,plain,none,mixed,1 2 4 8 8 13
661WYdWX2Dupa0,6,plain,none,mixed,1 4 4 8 8 11
661W25PJnIafaW,6,progressive,none,distinct,1 4 5 6 8 12
661WbKR6C8n76G,6,progressive,none,distinct,1 4 5 6 9 11
661W5tWZ5LOr8e,6,progressive,none,distinct,2 3 6 7 8 10
661WhIKYf8fQ1G,6,plain,none,mixed,1 3 4 6 11 11
661W9lR2192nQm,6,progressive,none,distinct,1 2 5 7 9 12
661WlJN62899S8,6,progressive,none,distinct,1 3 6 7 9 10
661WKepby8L0n1,6,progressive,none,distinct,1 4 5 6 9 11
661WGojQg2Y92f,6,plain,none,mixed,2 3 6 7 9 9
661WYfPYKJWWg8,6,plain,none,mixed,1 3 4 9 9 10
661WIDALYGYSr1,6,progressive,none,distinct,2 3 4 5 10 12
661WdEvqA0GwH4,6,progressive,none,distinct,2 3 4 8 9 10
661W1mcnAPBfI2,6,plain,none,mixed,1 2 5 5 9 14
661W0PJ69X3DAL,6,progressive,none,distinct,1 4 5 6 9 11
661W0gMhP4YzOH,6,progressive,none,distinct,1 2 3 9 10 11
661WGmnhHKY0qe,6,distinct,none,distinct,1 2 4 7 9 13
661WOfqgP0Gka9,6,progressive,none,distinct,1 4 5 7 9 10
661WIfZ228IMS8,6,plain,none,mixed,3 3 4 6 9 11
661WCGge0AOngO,6,plain,none,mixed,2 2 3 6 9 14
661WGWbD4ObGnZ,6,progressive,none,distinct,2 3 4 6 7 14
661WDeqYbLHbX0,6,progressive,none,distinct,1 4 5 7 9 10
661W0xCb6GRCEK,6,progressive,none,distinct,1 3 6 7 9 10
661W4nN6I6M7I4,6,plain,none,mixed,1 3 7 8 8 9
661WYKjD196Jce,6,plain,none,mixed,2 2 6 7 9 10
661W2HZ4fGWrh4,6,progressive,none,distinct,1 5 6 7 8 9
661WGYbRO4X8H6,6,plain,none,mixed,1 2 6 6 7 14
661WAce_MCdH10,6,plain,none,mixed,2 3 6 8 8 9
661W08i1GSrhRQ,6,progressive,none,distinct,1 3 4 7 10 11
661WXe9565gTc4,6,distinct,none,distinct,1 3 5 7 8 12
661W39ZNqWaYua,6,plain,none,mixed,1 4 5 8 9 9
661W1t2MHP5Cvi,6,progressive,none,distinct,1 4 5 7 9 10
661WAt9K88Yob4,6,plain,none,mixed,3 4 6 6 8 9
661WKjwt225eWI,6,progressive,none,distinct,1 3 5 8 9 10
661W0BIQ4hwr22,6,progressive,none,progressive,1 3 5 7 9 11
661WIeI81IkjIq,6,progressive,none,distinct,1 4 5 7 9 10
661Wr124iGYKnX,6,plain,none,mixed,2 2 3 4 8 17
661WH2AI4fGn2A,6,plain,none,mixed,2 2 2 8 9 13
661WeGcLa7Mno1,6,progressive,none,distinct,2 3 5 7 8 11
661WejGXb9I4KI,6,plain,none,mixed,2 2 4 5 8 15
661WI8Jl1CMiOW,6,plain,none,mixed,2 3 3 6 10 12
661W5GYaiH2bPo,6,progressive,none,distinct,2 4 5 6 8 11
661W4EmIaKOoUX,6,progressive,none,distinct,1 3 6 7 9 10
661W0fIwSbACY2,6,progressive,none,distinct,1 2 6 7 9 11
661W7AmXDWGh0m,6,plain,none,mixed,1 1 1 9 10 14
661WD8nY8XZAX2,6,distinct,none,distinct,2 3 4 7 8 12
661W4O_A9GrKMa,6,progressive,none,distinct,1 5 6 7 8 9
661WKjdGW88IfD,6,plain,none,mixed,2 3 6 6 7 12
661WCMHIZ8nXU4,6,plain,none,mixed,3 5 5 6 7 10
661W5S_QoHIHGu,6,progressive,none,distinct,1 5 6 7 8 9
661WHaua9eosg9,6,progressive,none,distinct,1 3 5 8 9 10
661WefGoK78rY2,6,progressive,none,distinct,1 5 6 7 8 9
661WaT9p4HYZPX,6,progressive,none,distinct,2 3 4 7 9 11
661WWQXYZmGaNE,6,plain,none,mixed,1 2 2 8 11 12
661W27mbAGHnaG,6,plain,none,mixed,1 1 4 9 9 12
661WvndG48eHIZ,6,distinct,none,distinct,2 3 4 5 10 12
661W2hyC8IgcA8,6,plain,none,mixed,3 3 3 4 7 16
661WQ5J5KGcXqX,6,progressive,none,progressive,1 3 5 7 9 11
661W8H9gKCHXY8,6,plain,none,mixed,1 2 7 8 9 9
661WOlIMC8W4dO,6,progressive,none,distinct,1 4 5 7 9 10
661WYp65A5Y25Q,6,distinct,none,distinct,1 4 5 6 7 13
661WYwhNiHH4y1,6,progressive,none,distinct,1 5 6 7 8 9
661WHZDDK91wL6,6,progressive,none,distinct,3 4 5 7 8 9
661W7MKXXHAMaY,6,progressive,none,distinct,2 3 5 7 8 11
661W8haO0IYZEQ,6,distinct,none,distinct,2 3 4 5 6 16
661W48VXb4GnL4,6,plain,none,mixed,1 3 5 5 9 13
661W28XhdMX390,6,distinct,none,distinct,1 2 3 9 10 11
661W67ma0pNNb2,6,progressive,none,distinct,1 4 6 7 8 10
661WOOvY4GZ0iK,6,progressive,none,distinct,1 3 5 6 9 12
661WbYxen0wM78,6,progressive,none,distinct,1 4 5 7 9 10
661WZCb21CfIOe,6,plain,none,mixed,1 2 7 7 8 11
661WKhMp4G9IJ0,6,distinct,none,distinct,1 4 5 6 8 12
661W4pFA8XcREK,6,progressive,none,distinct,2 4 5 7 8 10
661W9IfHKcOoq2,6,progressive,none,distinct,1 5 6 7 8 9
661WIijJa89IPW,6,progressive,none,distinct,1 5 6 7 8 9
661WGKHsC4AN9C,6,plain,none,mixed,2 4 5 5 8 12
661WfFLIZ4WbIO,6,progressive,none,distinct,1 4 5 7 9 10
661W53Y48LRb24,6,progressive,none,distinct,1 3 4 5 11 12
661WbITY25IYwO,6,progressive,none,distinct,2 4 6 7 8 9
661W2vY3KAIJgb,6,progressive,none,distinct,1 4 6 7 8 10
661WaOYba36ZKg,6,plain,none,mixed,4 4 4 6 7 11
661W0ANDQGGXfI,6,plain,none,mixed,3 4 4 5 7 13
661WtELCG14HXA,6,progressive,none,distinct,1 2 6 7 9 11
661W848j544Sgq,6,plain,none,mixed,2 3 4 4 5 18
661WAwlh1IgWUW,6,progressive,none,distinct,3 4 5 7 8 9
661WY62q8HpMl2,6,progressive,none,distinct,1 4 6 7 8 10
661W1CKfAorZ88,6,progressive,none,distinct,1 2 6 8 9 10
661W1IQokHIQYe,6,distinct,none,distinct,1 4 5 7 8 11
661W29VweOaHTX,6,progressive,none,distinct,2 3 4 6 9 12
661W9nYIgJ4JMi,6,progressive,none,distinct,2 3 4 6 10 11
661W86C88rMbA4,6,plain,none,mixed,2 3 3 5 9 14
661W20oIbvpNA4,6,progressive,none,distinct,1 3 5 8 9 10
661WW9DgG1NkcC,6,plain,none,mixed,1 4 4 7 10 10
661W1X2tIYYjfK,6,progressive,none,progressive,1 3 5 7 9 11
661We1ASQHg8GA,6,plain,none,mixed,2 2 2 2 6 22
661Wb8bbWCfRGY,6,progressive,none,distinct,1 3 6 7 9 10
661W4GbAMOX4n2,6,progressive,none,progressive,1 3 5 7 9 11
661W46QMAGGnU2,6,distinct,none,distinct,1 3 5 7 8 12
661W8fE1Ih8KaC,6,plain,none,mixed,1 1 5 5 8 16
661W8GrKb88P6C,6,plain,none,mixed,2 3 6 7 7 11
661W2CIXpdAb42,6,progressive,none,distinct,1 2 6 8 9 10
661Waeoq8LfmX4,6,progressive,none,distinct,3 4 5 7 8 9
661WGgLIa4pd21,6,progressive,none,distinct,2 3 6 7 8 10
661WifME496n48,6,distinct,none,distinct,2 4 5 6 7 12
661W5ooK09HkQp,6,progressive,none,distinct,2 3 6 7 8 10
661W3KWK0Rtob6,6,distinct,none,distinct,1 2 3 8 10 12
661WAn9I8b8wbK,6,progressive,none,distinct,1 5 6 7 8 9
661WCHE42OfASK,6,progressive,none,distinct,2 3 5 6 7 13
661W5NRIbWHN8G,6,progressive,none,distinct,2 3 5 7 9 10
661WZ5QY2aeGs0,6,plain,none,mixed,1 1 5 7 10 12
661Wawn40BcLX2,6,progressive,none,distinct,2 3 4 8 9 10
661W9n25eH3nYc,6,distinct,none,distinct,1 4 5 7 9 10
661W8HIH249Z7A,6,progressive,none,distinct,2 3 4 6 10 11
661WH9yn15mZCo,6,progressive,none,distinct,1 4 5 6 8 12
661WNK-Q43nqd0,6,progressive,none,distinct,1 4 6 7 8 10
661WGPmfECN98G,6,progressive,none,distinct,1 3 6 7 9 10
661W2Haj4APDP2,6,distinct,none,distinct,2 4 5 6 9 10
661W8BLPeAWjo5,6,plain,none,mixed,2 2 7 7 8 10
661WfKHY4K8J1Q,6,progressive,none,distinct,1 2 6 7 9 11
661WDnGo8WYhgI,6,progressive,none,distinct,2 3 4 7 8 12
661W49F7689hc0,6,plain,none,mixed,2 2 3 6 11 12
661WBIImmeKQoo,6,progressive,none,distinct,1 2 6 8 9 10
661WIJca84h592,6,progressive,none,distinct,2 3 4 7 9 11
661W25R68GWfKb,6,distinct,none,distinct,2 3 4 7 8 12
661W8JsieGL311,6,progressive,none,distinct,1 2 5 7 10 11
661W24aM9OfJte,6,progressive,none,distinct,2 4 5 7 8 10
661WHYye4bDPa4,6,progressive,none,distinct,2 3 4 6 10 11
661WKdGo0EyOj4,6,progressive,none,distinct,1 3 5 6 10 11
661W84k0mMnNl5,6,progressive,none,distinct,1 2 5 8 9 11
661W8XWSSCJHpb,6,progressive,none,distinct,2 3 6 7 8 10
661WaeemY9HZ5Y,6,plain,none,mixed,3 3 5 6 6 13
661W04fdmGbQco,6,progressive,none,progressive,1 3 5 7 9 11
661WAWmLI8NoZK,6,plain,none,mixed,1 5 5 8 8 9
661WfShPhGCai0,6,progressive,none,distinct,1 2 6 7 8 12
661WPUhL6HGAj0,6,progressive,none,distinct,1 3 4 8 9 11
661WEgf56GJvF2,6,progressive,none,distinct,1 4 5 7 9 10
661WGJn418YxKf,6,plain,none,mixed,1 1 7 7 9 11
661W8HHm28HYbj,6,plain,none,mixed,2 3 3 6 8 14
661WGJ2KhGJX2a,6,distinct,none,distinct,1 3 6 7 8 11
661WGXAze61Ica,6,progressive,none,distinct,1 2 5 8 9 11
661WeszQY5aA2q,6,progressive,none,distinct,2 4 5 6 9 10
661WGpSZOIQQK4,6,progressive,none,distinct,1 5 6 7 8 9
661WajgQ478oXG,6,progressive,none,distinct,1 5 6 7 8 9
661Wuc2V4aqKPC,6,distinct,none,distinct,1 4 5 6 7 13
661W8mnvKXBIH4,6,progressive,none,distinct,1 3 6 7 9 10
661W4LiYYGurPb,6,progressive,none,distinct,2 4 5 7 8 10
661WCTDA42HZ2K,6,plain,none,mixed,2 2 6 7 9 10
661WGGYgGXAmpd,6,plain,none,mixed,2 2 3 7 10 12
661WGl-K80gcA2,6,plain,none,mixed,2 2 3 7 10 12
661W5Qp-GWOCZ2,6,progressive,none,distinct,1 3 6 7 9 10
661WLHWgmWgrmZ,6,distinct,none,distinct,1 2 5 7 9 12
661Wcz9X411at2,6,plain,none,mixed,2 4 5 5 5 15
661W4srem0gLj1,6,progressive,none,distinct,1 3 5 8 9 10
661WbA6O81Ub6A,6,progressive,none,distinct,1 3 4 7 9 12
661W00nJYhMkBL,6,plain,none,mixed,2 3 6 6 8 11
661W49JMbGWf24,6,plain,none,mixed,2 3 6 6 9 10
661WoCKgWYMjqY,6,progressive,none,distinct,1 4 5 7 8 11
661WYQgvi1_DS1,6,progressive,none,distinct,1 4 6 7 8 10
661WOanIe6DMUX,6,progressive,none,distinct,2 4 5 7 8 10
661WmZPI49WX4A,6,plain,none,mixed,1 2 4 9 10 10
661WWXKnYbH24i,6,plain,none,mixed,1 4 4 5 9 13
661WPHLHYffoY1,6,progressive,none,distinct,2 3 5 7 9 10
661WKnISXb5MZ0,6,progressive,none,distinct,2 3 5 7 9 10
661W4rSq4fRA92,6,progressive,none,distinct,1 4 5 6 8 12
661W1ASjAY4GiK,6,plain,none,mixed,2 3 4 4 7 16
661W0SojoCKa5m,6,progressive,none,distinct,1 2 3 8 9 13
661W1SnpnXdCAe,6,plain,none,mixed,2 2 6 7 8 11
661Wqj9H2eGWbG,6,progressive,none,progressive,1 3 5 7 9 11
661WGJWaHGsvoa,6,progressive,none,distinct,1 4 6 7 8 10
661WXb6TAAYKfC,6,progressive,none,distinct,2 4 5 7 8 10
661W2QsifGr590,6,plain,none,mixed,2 2 5 8 9 10
661W8pEQZGdQK0,6,progressive,none,distinct,1 4 5 7 9 10
661WAfIcb4AS90,6,plain,none,mixed,1 2 5 9 9 10
661WGZLg3ZWWq9,6,progressive,none,distinct,1 2 5 8 9 11
661WDe-nWgleM1,6,progressive,none,distinct,1 4 5 7 8 11
661WAV-rA4Wa0Z,6,progressive,none,distinct,2 4 6 7 8 9
661WaBlHYPB6aW,6,progressive,none,progressive,1 3 5 7 9 11
661W29CbDGuXUa,6,distinct,none,distinct,2 4 5 6 7 12
661WIcX36GHX3E,6,progressive,none,distinct,2 4 5 6 9 10
661WIGXDWCMoaw,6,progressive,none,distinct,1 4 6 7 8 10
661WG9CKeCRd61,6,progressive,none,distinct,1 3 4 8 9 11
661W88oW86Cd9I,6,plain,none,mixed,1 2 3 6 12 12
661W4ArL1G8Qp3,6,progressive,none,distinct,1 2 3 7 11 12
661WJDTuG9oae2,6,plain,none,mixed,3 3 4 5 6 15
661W6bA4iGYbIZ,6,progressive,none,distinct,1 3 6 7 8 11
661W9ugOnYgb60,6,progressive,none,distinct,1 3 4 8 9 11
661WH6XZA5Ow7M,6,progressive,none,distinct,2 4 5 7 8 10
661WDDRQY3gXGn,6,progressive,none,distinct,2 4 6 7 8 9
661WAcgfrGR1J4,6,plain,none,mixed,3 3 4 5 7 14
661W4BnOXMPHX4,6,progressive,none,distinct,1 3 5 8 9 10
661WPEafI9Gd88,6,plain,none,mixed,3 4 4 6 9 10
661WCkSLC8g0JK,6,plain,none,mixed,2 4 5 6 6 13
661WAGpd848cQ4,6,distinct,none,distinct,2 3 4 6 10 11
661WWbgJP15R7m,6,plain,none,mixed,1 2 6 8 8 11
661W1KWgCabDgC,6,progressive,none,distinct,1 3 5 8 9 10
661W9YQGWqx229,6,plain,none,mixed,1 3 3 4 8 17
661WZGXZZK8LO2,6,plain,none,mixed,2 2 2 7 11 12
661WIKpkpCM2L0,6,plain,none,mixed,2 3 5 5 8 13
661W8WrhU83948,6,plain,none,mixed,1 3 3 8 8 13
661WhLAx2I9GJ0,6,progressive,none,distinct,1 2 6 8 9 10
661WInxE9286Qf,6,progressive,none,distinct,1 3 5 8 9 10
661W7KKaGmzzqX,6,progressive,none,distinct,1 3 5 6 10 11
661WJLrhM3o240,6,progressive,none,distinct,1 4 5 7 9 10
661W1KxAKnAcA4,6,progressive,none,distinct,1 3 5 8 9 10
661WGpCrG8lZ4Z,6,progressive,none,distinct,1 4 5 6 9 11
661WKIBfGfvN6X,6,progressive,none,distinct,2 4 5 6 9 10
661WAKbECA8248,6,plain,none,mixed,2 2 3 4 12 13
661WYiWoK5FTc2,6,progressive,none,distinct,2 4 5 7 8 10
661W4G9YKKjTY8,6,progressive,none,distinct,1 2 4 7 9 13
661WAOKjPObGeW,6,progressive,none,distinct,1 3 5 6 10 11
661WIp0c4GHUkC,6,plain,none,mixed,1 4 4 5 8 14
661WGYN36K9Za8,6,plain,none,mixed,2 2 7 8 8 9
661WGqfR0ZBGHn,6,progressive,none,distinct,1 2 5 8 9 11
661WWnYcC5AJ5A,6,progressive,none,distinct,2 4 5 7 8 10
661WKiw4m05fIs,6,progressive,none,distinct,2 4 5 6 7 12
661W24hMgGXoK1,6,progressive,none,distinct,1 3 5 8 9 10
661W4gjeH0hMY9,6,progressive,none,distinct,1 2 4 7 10 12
661WGpoeIGQW5h,6,plain,none,mixed,2 2 4 5 5 18
661WXAmh6Cb9eG,6,progressive,none,distinct,2 3 4 8 9 10
661WYhNJAn9gB0,6,progressive,none,distinct,1 4 6 7 8 10
661WOXIam8NZ11,6,progressive,none,distinct,1 2 5 6 10 12
661WZ9o690XHUi,6,progressive,none,distinct,2 3 4 8 9 10
661WGGnbC8IoIb,6,progressive,none,distinct,3 4 5 7 8 9
661Wf9omW4fc15,6,distinct,none,distinct,1 2 5 6 8 14
661W1Iwb1mniSq,6,progressive,none,distinct,1 2 6 8 9 10
661W3LpdKeqKCX,6,plain,none,mixed,3 3 5 8 8 9
661W5AHL2eXRo2,6,plain,none,mixed,2 2 6 7 7 12
661W8Mia4r2Vi4,6,plain,none,mixed,2 2 3 5 11 13
661W6NuL3KPDLW,6,progressive,none,distinct,1 4 6 7 8 10
661WFOoa0YbmYK,6,plain,none,mixed,1 5 5 5 8 12
661WbkD8t19Jx0,6,progressive,none,distinct,1 5 6 7 8 9
661WIHL2GG-RKv,6,progressive,none,distinct,1 5 6 7 8 9
661WfeHZK8sf8n,6,progressive,none,distinct,2 3 5 7 8 11
661WKvcJ28AJRG,6,progressive,none,distinct,2 3 6 7 8 10
661WWEHf2RhN4G,6,progressive,none,distinct,1 5 6 7 8 9
661W8gSof4YCb8,6,plain,none,mixed,2 4 5 5 7 13
661WKOgys46XLW,6,progressive,none,distinct,1 2 6 7 9 11
661We9MXY5R611,6,distinct,none,distinct,1 2 3 8 10 12
661Wrmwc80Wkc8,6,distinct,none,distinct,1 2 4 5 10 14
661W3Ybri1BLOb,6,progressive,none,distinct,2 3 4 5 10 12
661Wb4KWWCfIj9,6,progressive,none,progressive,1 3 5 7 9 11
661W8up8mXBaZ5,6,progressive,none,distinct,1 3 6 7 9 10
661WjfrA2IMAI4,6,progressive,none,distinct,2 4 6 7 8 9
661WfIMOe0zZ21,6,progressive,none,distinct,1 3 4 7 10 11
661W5gcHX5oNce,6,progressive,none,distinct,1 4 6 7 8 10
661WGoFdA4YZM4,6,plain,none,mixed,2 4 6 6 8 10
661WX1BtCWWXH8,6,distinct,none,distinct,1 2 3 7 9 14
661WenkJ45Goq2,6,progressive,none,distinct,1 4 6 7 8 10
661Wbv2gC2ghY4,6,progressive,none,distinct,1 5 6 7 8 9
661WX9Z119pMae,6,progressive,none,distinct,2 3 4 7 9 11
661WGOv6D4A5Ka,6,plain,none,mixed,2 2 4 7 8 13
661W80Q6r8KKlG,6,plain,none,mixed,1 3 3 4 5 20
661W2YF2Z8gbxC,6,progressive,none,distinct,1 3 5 8 9 10
661WGvgNX26iaa,6,progressive,none,distinct,2 3 6 7 8 10
661W8Yag8ONXob,6,progressive,none,distinct,1 4 5 7 9 10
661WL8f2HRGYKa,6,progressive,none,distinct,1 3 5 8 9 10
661WGBtiKGZSa8,6,progressive,none,distinct,2 4 5 6 8 11
661W3AHhDDMa8m,6,progressive,none,distinct,1 3 6 7 9 10
661WGWd92f5wq8,6,progressive,none,distinct,1 2 6 8 9 10
661WGJQrAO324A,6,distinct,none,distinct,1 2 6 7 8 12
661WWnV_e96YKe,6,progressive,none,distinct,3 4 5 7 8 9
661W5APLeWGney,6,progressive,none,distinct,1 2 6 8 9 10
661WAQrcX8vef0,6,progressive,none,distinct,2 3 5 7 9 10
661W3AwriWGYSa,6,progressive,none,distinct,3 4 5 6 8 10
661W2Gw4948kQi,6,distinct,none,distinct,1 3 4 5 10 13
661WpLTlC0so2X,6,progressive,none,distinct,2 3 6 7 8 10
661WOHD108Bpcb,6,progressive,none,progressive,1 3 5 7 9 11
661WXI-CD1M3Ie,6,plain,none,mixed,1 2 2 7 9 15
661W1IACYbMpdi,6,progressive,none,distinct,1 5 6 7 8 9
661W914wqfYXoY,6,plain,none,mixed,3 3 3 4 10 13
661WanYb910b2b,6,progressive,none,distinct,1 4 5 7 8 11
661W25B0nGbwra,6,plain,none,mixed,1 3 4 8 10 10
661W0paenXrDPm,6,progressive,none,distinct,1 4 6 7 8 10
661WK19bAKgaYf,6,plain,none,mixed,2 2 4 5 9 14
661W4CfMK24I8I,6,plain,none,mixed,1 2 3 3 11 16
661WJC8fWRQrcY,6,progressive,none,distinct,3 4 5 6 8 10
661WGa1oHOsj9D,6,progressive,none,distinct,1 4 5 7 9 10
661WHQWH0R6BRI,6,progressive,none,distinct,1 3 5 6 8 13
661W2uGbPpYIeW,6,distinct,none,distinct,1 2 5 6 10 12
661Wijen2eIZ82,6,progressive,none,distinct,1 4 5 6 8 12
661WJgz59192gf,6,progressive,none,distinct,1 4 5 7 9 10
661W9oMEH17hnY,6,plain,none,mixed,1 4 4 6 8 13
661W48R6D8GXIe,6,distinct,none,distinct,2 3 5 6 8 12
661W8oRM24whn8,6,progressive,none,distinct,2 4 6 7 8 9
661W08bNESf29K,6,progressive,none,distinct,1 4 5 7 9 10
661WmP0bG5FhOn,6,plain,none,mixed,1 3 5 5 10 12
661WAKabACGnW8,6,progressive,none,distinct,1 2 4 7 9 13
661WGOY6426-48,6,plain,none,mixed,1 1 3 6 12 13
661W2gKeoGob9m,6,progressive,none,distinct,1 4 5 7 9 10
661W1wTL2XBBvO,6,progressive,none,distinct,1 5 6 7 8 9
661W4BLWX4fp34,6,distinct,none,distinct,2 3 4 6 10 11
661W4OcvO88iNC,6,progressive,none,distinct,1 3 4 7 10 11
661WnY92A8ngK4,6,plain,none,mixed,2 2 3 8 9 12
661W4AEf6ArQY8,6,distinct,none,distinct,2 3 5 7 9 10
661WX8Wn4GX3QM,6,distinct,none,distinct,1 2 5 6 8 14
661W9XwZ0J7vK4,6,progressive,none,distinct,1 3 4 8 9 11
661WKu8vWQxnaX,6,progressive,none,distinct,1 4 5 7 9 10
661WGZhOoO9H2e,6,plain,none,mixed,1 2 5 9 9 10
661W9AKuYWCSte,6,progressive,none,distinct,1 4 5 6 8 12
661W2mupcKhLC1,6,progressive,none,distinct,1 5 6 7 8 9
661W49P3BGXgY9,6,progressive,none,distinct,1 3 5 8 9 10
661W9Jgn4aPXH8,6,plain,none,mixed,1 4 6 7 9 9
661WYnKSG1MpZI,6,progressive,none,distinct,1 3 5 8 9 10
661WbGZMBG0ana,6,distinct,none,distinct,1 2 4 5 10 14
661WfQb6064MKf,6,progressive,none,distinct,1 4 5 7 9 10
661W5GHZ1JdFWW,6,progressive,none,distinct,1 2 5 6 10 12
661WX1Kn2KPIZ2,6,distinct,none,distinct,1 2 4 5 8 16
661WeWeR1JhHJe,6,progressive,none,distinct,2 3 5 7 9 10
661WAb6Za4JIM7,6,progressive,none,distinct,1 5 6 7 8 9
661W8WodWZ5-PH,6,distinct,none,distinct,1 3 4 7 9 12
661WX1QzI0j254,6,progressive,none,distinct,1 2 5 8 9 11
661WNGXiXTKr90,6,progressive,none,distinct,1 3 4 7 10 11
661WOnHb8GXn4f,6,progressive,none,distinct,2 4 6 7 8 9
661W4QlQqGGq41,6,progressive,none,distinct,1 4 5 7 9 10
661WZ5QeG0fIZ6,6,progressive,none,distinct,2 3 4 8 9 10
661W8BsD38bLae,6,progressive,none,distinct,1 3 5 8 9 10
661WIKZYrAIJ50,6,plain,none,mixed,1 5 5 7 9 9
661W4wHYqhna11,6,progressive,none,distinct,1 3 5 8 9 10
661WX6AcL1MKgH,6,progressive,none,distinct,1 3 5 8 9 10
661WdUh5e0GCqc,6,progressive,none,distinct,2 3 5 7 9 10
661W5Onq9WXKY3,6,progressive,none,distinct,1 3 6 7 8 11
661WjlnX28J0e8,6,plain,none,mixed,3 3 4 5 9 12
661WhNYb12qHWe,6,plain,none,mixed,1 2 7 7 7 12
661WbHYa90XLY5,6,progressive,none,distinct,1 3 5 8 9 10
661W4Gq4a4OlIc,6,distinct,none,distinct,1 4 5 7 8 11
661WfkX28D9U88,6,plain,none,mixed,3 4 4 5 6 14
661WOPQw02FCaA,6,progressive,none,distinct,1 2 5 7 10 11
661W2X2i4McSg4,6,progressive,none,progressive,1 3 5 7 9 11
661W96B21fInIm,6,progressive,none,distinct,1 2 3 9 10 11
661W4EPKrIGv8G,6,progressive,none,distinct,1 2 5 8 9 11
661WnOcb0OQBPI,6,progressive,none,distinct,1 2 5 7 10 11
661WmG14XaARMk,6,plain,none,mixed,1 2 6 7 7 13
661WIL8Ko8NKfX,6,distinct,none,distinct,2 3 5 6 7 13
661WDLQYOYWQf6,6,plain,none,mixed,1 4 6 7 9 9
661WIdLg0IWWqn,6,progressive,none,distinct,1 3 4 8 9 11
661WDeWieL5NX1,6,progressive,none,distinct,1 3 6 7 9 10
661WK8MhLvnI0W,6,progressive,none,distinct,2 3 5 6 9 11
661WH4UaXfvAJm,6,progressive,none,distinct,1 2 6 8 9 10
661WCDiJAKmkf0,6,plain,none,mixed,1 3 3 8 9 12
661WffMIfP8SZ0,6,progressive,none,distinct,2 4 5 6 9 10
661W86rNenAFia,6,progressive,none,distinct,1 3 6 7 9 10
661W8P0A4APIjQ,6,progressive,none,distinct,2 4 5 6 8 11
661WoMen2mIX22,6,progressive,none,distinct,1 4 5 6 7 13
661WafbJ65H216,6,progressive,none,distinct,1 4 5 6 9 11
661W48AaGCSGkK,6,plain,none,mixed,2 2 3 3 11 15
661WCHjX1KuIEu,6,progressive,none,distinct,2 3 4 6 9 12
661W0i80bfJdQo,6,plain,none,mixed,2 2 2 6 8 16
661W9QtY0e8qHZ,6,progressive,none,distinct,1 2 6 8 9 10
661WT8HKfPGqZ0,6,progressive,none,distinct,1 3 6 7 9 10
661W9MWXQXMZ4G,6,distinct,none,distinct,1 3 4 5 10 13
661WGw2xo0vKMg,6,progressive,none,distinct,2 3 5 7 9 10
661W6CH9I8Onc4,6,distinct,none,distinct,2 4 5 6 7 12
661WKef28GWAbE,6,plain,none,mixed,1 4 4 5 7 15
661WCRk224XoK4,6,progressive,none,distinct,1 2 5 8 9 11
661W9Iku8mCX1A,6,distinct,none,distinct,1 2 5 8 9 11
661WHZr23a1YIa,6,plain,none,mixed,1 1 3 8 10 13
661WJ7p22DfHK0,6,progressive,none,distinct,2 3 4 7 8 12
661WWMKbAnAAKG,6,distinct,none,distinct,1 2 6 7 9 11
661W4LPw269qrG,6,progressive,none,distinct,1 2 6 7 8 12
661WbIxcG0rCc8,6,progressive,none,distinct,1 4 5 7 8 11
661WZuQmZAsUy0,6,progressive,none,distinct,1 4 5 7 9 10
661WxsEb809X2f,6,plain,none,mixed,2 2 5 8 8 11
661W4CibZ6Kpg2,6,progressive,none,distinct,2 3 5 6 8 12
661WZ5Lha8afL1,6,progressive,none,distinct,2 4 5 7 8 10
661W422mWKOnfL,6,plain,none,mixed,2 2 2 3 11 16
661WLg1LWYLpgo,6,progressive,none,distinct,2 3 4 7 9 11
661WEWa9gOd1B5,6,distinct,none,distinct,1 3 4 5 9 14
661WKKhx8AU8Q2,6,progressive,none,distinct,2 3 5 7 8 11
661WInYKi48DQa,6,progressive,none,distinct,1 4 5 7 8 11
661WPGfd0J6IM4,6,progressive,none,distinct,1 3 4 7 10 11
661W3eog2pBbu0,6,distinct,none,distinct,1 3 5 7 8 12
661WMif9H411cX,6,plain,none,mixed,1 2 2 6 8 17
661W1ERKeWGHjH,6,distinct,none,distinct,1 3 4 7 8 13
661WJgCwY312-e,6,plain,none,mixed,3 3 5 5 6 14
661WawKsWYkAmb,6,progressive,none,distinct,1 2 6 8 9 10
661WIeGqH05Qwc,6,plain,none,mixed,1 4 5 5 6 15
661WOoS842rh44,6,plain,none,mixed,2 3 3 7 7 14
661WmOquYYIX9q,6,progressive,none,distinct,1 4 5 6 9 11
661W8Ke8JCGbAa,6,distinct,none,distinct,1 2 4 5 9 15
661W4KoIoZ2qMo,6,plain,none,mixed,1 3 4 4 10 14
661WJorYb19KDO,6,progressive,none,distinct,1 4 5 6 9 11
661W8MUX2nAZ1M,6,distinct,none,distinct,2 3 4 7 8 12
661W9IWjOHQnWX,6,plain,none,mixed,2 4 4 6 7 13
661WMmIjO41d8X,6,distinct,none,distinct,1 2 3 8 10 12
661W8n115ANgae,6,progressive,none,distinct,1 3 6 7 9 10
661WHYKJWJDQZX,6,progressive,none,distinct,1 3 5 7 8 12
661WKXA2g25ISs,6,plain,none,mixed,2 2 3 7 9 13
661W86pM4EjbE2,6,progressive,none,distinct,2 4 5 7 8 10
661WGGfA42AHIj,6,progressive,none,distinct,1 3 5 6 9 12
661WfXxf44dOq4,6,progressive,none,distinct,2 3 4 8 9 10
661W0WJZ8SwiTQ,6,plain,none,mixed,2 4 6 6 8 10
661WMsjQoGW4Gm,6,plain,none,mixed,1 4 4 6 9 12
661WWbCL41QSud,6,progressive,none,distinct,1 2 3 7 11 12
661WIskg40svY0,6,plain,none,mixed,2 3 3 7 10 11
661WXYjZa5X0Ig,6,plain,none,mixed,1 4 4 4 10 13
661W4vhc026F3A,6,progressive,none,distinct,1 3 4 6 10 12
661WHZSgO91hY8,6,distinct,none,distinct,2 3 4 8 9 10
661WhLQeX2fZ14,6,progressive,none,distinct,2 3 4 7 9 11
661W0jV6H8F7Mm,6,progressive,none,distinct,1 2 4 8 9 12
661WOnIqY8GhJ1,6,progressive,none,distinct,1 4 6 7 8 10
661W712ofemOg2,6,distinct,none,distinct,1 2 3 6 7 17
661WAhBHXGoHkW,6,progressive,none,distinct,1 3 5 7 8 12
661W828OYKKjQy,6,progressive,none,distinct,1 3 4 5 10 13
661WCgkaaGBh1D,6,plain,none,mixed,1 3 7 8 8 9
661W4YifAAd528,6,plain,none,mixed,2 2 7 7 8 10
661WeeYb1gNJem,6,progressive,none,distinct,1 4 5 7 9 10
661W99ISubYb21,6,progressive,none,distinct,2 3 5 7 9 10
661WGgAHQ8rIjG,6,progressive,none,distinct,1 5 6 7 8 9
661Wj6ANe0GSHH,6,plain,none,mixed,1 1 4 5 9 16
661WZ9Lh84rB8X,6,plain,none,mixed,3 5 6 6 7 9
661WexMmWL8IgH,6,distinct,none,distinct,2 4 5 6 7 12
661WfYTQ4233bC,6,plain,none,mixed,1 3 5 7 7 13
661WHYaSgY5HZa,6,plain,none,mixed,2 4 4 5 10 11
661WG8PL68IzYA,6,progressive,none,distinct,2 3 6 7 8 10
661WHX168L9oKf,6,progressive,none,distinct,3 4 5 6 8 10
661WfHGy8CqIZ2,6,progressive,none,distinct,1 3 4 8 9 11
661WGH9J6GZY5C,6,plain,none,mixed,1 5 5 7 7 11
661WeOZ35a8Yem,6,distinct,none,distinct,1 3 4 7 10 11
661WAMZKGIKJ62,6,distinct,none,distinct,1 4 5 6 9 11
661WaQHa0JMp9I,6,plain,none,mixed,2 4 6 6 7 11
661WIcOybQfA10,6,plain,none,mixed,1 4 4 6 8 13
661WGGI6J8MpK9,6,progressive,none,distinct,1 4 5 7 9 10
661WESqQC2KWd4,6,plain,none,mixed,2 2 4 7 10 11
661W3HE40ufESb,6,progressive,none,progressive,1 3 5 7 9 11
661W2bS4eXOvtY,6,progressive,none,distinct,1 3 5 8 9 10
661WWXjKaBT8X9,6,plain,none,mixed,3 3 3 5 9 13
661W0YZVQ8haPK,6,progressive,none,distinct,2 4 5 6 9 10
661WAJAL48XALO,6,plain,none,mixed,1 5 7 7 8 8
661W9WDE8ghB64,6,progressive,none,distinct,2 3 4 8 9 10
661WKcGGWQbAUY,6,distinct,none,distinct,1 4 5 6 7 13
661Wnenfo0fI8J,6,progressive,none,distinct,1 2 6 8 9 10
661W2sX12fY2af,6,plain,none,mixed,2 2 3 7 8 14
661W4x4wa2wIY5,6,distinct,none,distinct,1 2 5 6 10 12
661WppZX84Q8oK,6,progressive,none,distinct,1 3 5 8 9 10
661WLOn4GHbLX2,6,plain,none,mixed,2 3 4 9 9 9
661WH8Ld4LQiWX,6,plain,none,mixed,3 3 4 5 9 12
661Wdad10CpKWf,6,progressive,none,distinct,1 2 4 6 11 12
661W5QpOq9AqIX,6,plain,none,mixed,1 3 6 8 8 10
661WKAgfO0xFM8,6,plain,none,mixed,2 2 4 8 9 11
661WGZtWcdaQ3a,6,progressive,none,distinct,2 3 4 5 10 12
661W0g0n8ChUsE,6,progressive,none,distinct,1 2 6 7 9 11
661WWXnWYHWYZc,6,plain,none,mixed,2 2 3 3 12 14
661WWfSI-1Ur4Y,6,progressive,none,distinct,1 3 4 8 9 11
661W4HZR8IiiH4,6,distinct,none,distinct,2 3 5 7 8 11
661WPfnXYWWcX1,6,plain,none,mixed,2 3 3 4 10 14
661WKhen8GHhL0,6,progressive,none,distinct,1 3 4 5 11 12
661WXHWye4azur,6,progressive,none,distinct,2 3 4 8 9 10
661WGXL9GGq9tE,6,distinct,none,distinct,2 3 4 5 7 15
661WjRUgD0D0Y9,6,progressive,none,distinct,1 5 6 7 8 9
661WQ9gbAGZ1E4,6,progressive,none,distinct,1 4 6 7 8 10
661W0K9dGxtqQ4,6,progressive,none,distinct,1 3 5 8 9 10
661W8GMi1A4pa9,6,plain,none,mixed,1 2 2 6 12 13
661WjxpNi820o1,6,progressive,none,distinct,1 3 5 8 9 10
661WfoTd50Rg4a,6,progressive,none,distinct,1 3 6 7 9 10
661WGAPsCSA552,6,distinct,none,distinct,1 2 4 7 8 14
661WlJb484HHA4,6,distinct,none,distinct,1 4 5 7 8 11
661WLJgfJ1P529,6,progressive,none,distinct,1 5 6 7 8 9
661WL5gu03hLg2,6,distinct,none,distinct,2 3 5 6 8 12
661WKOlGY4QGbe,6,progressive,none,distinct,1 4 5 7 9 10
661W8X68vOdIb8,6,plain,none,mixed,1 3 5 7 10 10
661WCOj4488RIf,6,plain,none,mixed,2 3 6 6 8 11
661WnYch621o7E,6,progressive,none,distinct,2 4 5 7 8 10
661WWlmaHHMsaH,6,distinct,none,distinct,1 3 4 6 9 13
661WHwmjHWukKe,6,progressive,none,progressive,1 3 5 7 9 11
661W12UbWanhJ9,6,plain,none,mixed,3 3 4 4 10 12
661WZAb1g6KYeY,6,progressive,none,distinct,2 3 4 8 9 10
661W1mEy8etZ52,6,progressive,none,distinct,1 2 4 7 10 12
661W8B684IjE48,6,plain,none,mixed,2 3 3 5 7 16
661WfBWsC0mtX4,6,progressive,none,distinct,1 2 6 7 9 11
661WKnY5425ro4,6,progressive,none,distinct,1 3 5 8 9 10
661W0bocaX0wqo,6,progressive,none,distinct,1 3 4 7 10 11
661WJSk229hoO4,6,progressive,none,distinct,2 3 4 7 8 12
661W4QsIA4XyI6,6,progressive,none,distinct,1 2 6 8 9 10
661WXfYfp0h74A,6,plain,none,mixed,2 2 7 8 8 9
661WfIna8WGoX2,6,distinct,none,distinct,1 2 6 8 9 10
661W8voaqZ0iHY,6,progressive,none,distinct,1 4 5 7 9 10
661W4Hb0aCH5pb,6,distinct,none,distinct,1 3 4 8 9 11
661WDRsF233fa8,6,progressive,none,distinct,1 3 4 7 10 11
661W56Xo89ZFDK,6,progressive,none,distinct,2 4 5 6 9 10
661WOoQKCGmh0A,6,distinct,none,distinct,1 2 4 5 7 17
661WX6Cf9H64Bg,6,plain,none,mixed,2 3 3 5 6 17
661WhEpK48GU2A,6,progressive,none,distinct,2 3 6 7 8 10
661WALZ51IaYae,6,progressive,none,distinct,2 4 6 7 8 9
661W2ahqa8JixW,6,progressive,none,distinct,1 4 6 7 8 10
661WXvob42cqo4,6,progressive,none,distinct,2 4 5 7 8 10
661W8pMu8nDZ14,6,plain,none,mixed,2 4 4 5 9 12
661WGf6nI6IKcA,6,progressive,none,distinct,1 5 6 7 8 9
661WYdCY41fpcG,6,distinct,none,distinct,1 3 4 7 10 11
661WHIxI0cU9bA,6,progressive,none,distinct,2 3 4 8 9 10
661WAcjt18hP1W,6,progressive,none,distinct,1 4 6 7 8 10
661WHWXw0N9HHb,6,progressive,none,distinct,1 3 5 7 8 12
661W6rA45b8EKa,6,plain,none,mixed,2 3 3 5 6 17
661W2rocQX6ay0,6,progressive,none,distinct,1 2 5 8 9 11
661WKmnZ1GY4Lg,6,plain,none,mixed,2 3 4 4 8 15
661W4FRtXILJO0,6,progressive,none,distinct,2 3 5 7 9 10
661W8Z2kAKMXn2,6,plain,none,mixed,3 4 5 5 6 13
661W1ArI8XhSZ6,6,progressive,none,distinct,1 4 6 7 8 10
661WSfZ4X8HCre,6,progressive,none,distinct,1 4 5 6 9 11
661WAvbAG0NBA4,6,progressive,none,distinct,1 3 5 6 10 11
661W05J42IbJ6r,6,plain,none,mixed,2 3 3 6 11 11
661WIbf2W49nIc,6,progressive,none,distinct,1 3 5 8 9 10
661WGrAIoAHKOa,6,progressive,none,distinct,1 4 6 7 8 10
661W8jB114BZgq,6,progressive,none,distinct,2 4 5 6 9 10
661WfcYj4AFZKG,6,progressive,none,distinct,1 3 6 7 8 11
661WGa19KKfJNM,6,progressive,none,distinct,2 4 5 7 8 10
661WPpAb4WHh6X,6,progressive,none,distinct,2 3 4 7 9 11
661W0vIgZZB4qA,6,plain,none,mixed,1 2 7 7 8 11
661W5Qqrg9A30a,6,progressive,none,distinct,1 4 5 7 8 11
661WOnIM46CAZ4,6,plain,none,mixed,2 3 7 8 8 8
661WJAL4H5SfvY,6,progressive,none,distinct,3 4 5 7 8 9
661Waid2499o4G,6,plain,none,mixed,1 3 5 7 7 13
661W10s7Garnqf,6,progressive,none,distinct,1 4 5 6 8 12
661W4Qz0X4fLZ8,6,progressive,none,distinct,2 4 5 6 9 10
661WX6orf0nX4q,6,progressive,none,distinct,2 3 5 7 9 10
661W8GQJ68GpZ8,6,progressive,none,distinct,2 3 6 7 8 10
661WKjT4888n2K,6,distinct,none,distinct,2 4 5 6 8 11
661W0bD2AMsav6,6,progressive,none,distinct,2 3 5 7 9 10
661W4Ptb34HSGW,6,progressive,none,distinct,1 2 5 7 10 11
661W9AL6CLA548,6,plain,none,mixed,2 4 4 5 10 11
661W3PJh4YfbO0,6,plain,none,mixed,2 3 6 6 7 12
661W2SocbGXif8,6,progressive,none,distinct,2 4 5 7 8 10
661W07b8fKiobG,6,plain,none,mixed,2 3 3 7 9 12
661WbfDcKHS1c8,6,distinct,none,distinct,1 2 4 7 9 13
661WHZCUeY5pMY,6,progressive,none,distinct,2 3 4 6 10 11
661WI9YIeGY_ZH,6,progressive,none,distinct,1 3 6 7 9 10
661W47RssIL39W,6,progressive,none,distinct,1 4 5 6 8 12
661WGMbU4GEJ6I,6,progressive,none,distinct,1 5 6 7 8 9
661W0JER22jCvO,6,distinct,none,distinct,1 2 4 6 11 12
661W85CPCAL6T2,6,plain,none,mixed,2 2 5 6 10 11
661WaGXYAeGjH2,6,distinct,none,distinct,1 2 6 8 9 10
661WGoIA06vrSv,6,progressive,none,distinct,1 5 6 7 8 9
661WNNKLq1T6J9,6,progressive,none,distinct,2 4 5 7 8 10
661WnoPmaCBJHe,6,plain,none,mixed,1 3 6 8 9 9
661WOgGcCCeCY4,6,progressive,none,distinct,1 4 5 7 8 11
661W08navpZL34,6,progressive,none,distinct,1 4 5 7 9 10
661WCMaXWICPvB,6,progressive,none,distinct,1 3 6 7 8 11
661W1Gp7mRp9L9,6,progressive,none,distinct,1 2 5 7 10 11
661W9QsSGH6XAI,6,plain,none,mixed,4 4 5 5 6 12
661WGwzM0G9TKZ,6,progressive,none,distinct,1 2 6 8 9 10
661WGh6SI0ojMA,6,progressive,none,distinct,1 5 6 7 8 9
661WAsraeGBPLW,6,progressive,none,distinct,1 4 5 6 9 11
661WAgbhAAYBO0,6,plain,none,mixed,2 2 2 6 12 12
661WKjCMm0TAf3,6,distinct,none,distinct,1 4 5 7 9 10
661WWQX9ATMaa8,6,progressive,none,distinct,1 3 6 7 8 11
661W49QF1Iefce,6,progressive,none,distinct,1 4 5 7 9 10
661W4Y0mYKwrZa,6,progressive,none,distinct,1 4 5 6 9 11
661W4132btkiX0,6,plain,none,mixed,3 4 4 4 4 17
661WA3U91GbUwi,6,progressive,none,distinct,1 2 5 8 9 11
661Wb5DQjGq1A4,6,plain,none,mixed,2 3 4 6 6 15
661WJ5AgbJ9I71,6,progressive,none,distinct,1 3 5 6 9 12
661W84EbCSn6UG,6,distinct,none,distinct,1 3 5 8 9 10
661W89GSYhRlI1,6,progressive,none,distinct,2 3 5 6 9 11
661W8KTP8CCRLG,6,progressive,none,distinct,1 3 5 6 9 12
661WHefpAWZC6A,6,progressive,none,distinct,2 3 5 6 8 12
661W8IYsgGGHJa,6,progressive,none,distinct,1 3 4 7 9 12
661W6SYKmAGjMX,6,progressive,none,distinct,1 2 6 8 9 10
661WmYGZ8LPxH2,6,plain,none,mixed,1 5 6 6 6 12
661W8hH468ZwQK,6,progressive,none,distinct,1 4 5 6 9 11
661W4Rka4KHi72,6,progressive,none,distinct,1 2 6 7 8 12
661WRMlN41O8H2,6,progressive,none,distinct,1 4 5 7 9 10
661W196xAfcScA,6,progressive,none,distinct,3 4 5 6 8 10
661W3KDfAPMZc0,6,plain,none,mixed,1 4 7 7 8 9
661WGb8nY4ArgY,6,progressive,none,distinct,2 3 6 7 8 10
661WIOLfCIpgeX,6,progressive,none,distinct,1 4 5 7 9 10
661WGFoI48ZNAA,6,progressive,none,distinct,1 4 5 7 9 10
661WO8H2g8IjGY,6,distinct,none,distinct,1 2 3 8 10 12
661W4HEKG8TKXA,6,plain,none,mixed,1 2 4 9 9 11
661W1onO8fDMhK,6,progressive,none,distinct,2 3 5 7 9 10
661WY9pMjW11A2,6,plain,none,mixed,1 2 4 6 6 17
661W3XYQCHD3dQ,6,progressive,none,distinct,1 4 6 7 8 10
661WflPNA90z1G,6,progressive,none,distinct,1 3 6 7 9 10
661WaGIck12dXY,6,plain,none,mixed,3 3 3 4 9 14
661WIvnYa8H591,6,plain,none,mixed,2 4 6 6 8 10
661Wrc9ZY2qegY,6,progressive,none,distinct,2 3 5 7 9 10
661W10Yc8enoNl,6,progressive,none,distinct,2 4 5 6 8 11
661WGGn2K4EQ6C,6,plain,none,mixed,2 2 4 7 10 11
661WPJYn2HmHX4,6,progressive,none,distinct,1 3 5 6 10 11
661W311NZ5h-iC,6,progressive,none,distinct,1 3 6 7 8 11
661W0cRd6ZrJ2G,6,plain,none,mixed,3 4 4 7 8 10
661WWTfZA9JAB6,6,progressive,none,distinct,2 4 6 7 8 9
661W88GwcIfMYY,6,progressive,none,distinct,3 4 5 7 8 9
661WHgcSaZ1hAH,6,progressive,none,distinct,2 4 6 7 8 9
661WW8fIoHdE4c,6,progressive,none,distinct,1 3 5 8 9 10
661WG8UK2rnhSI,6,progressive,none,distinct,2 4 5 7 8 10
661W14mbXivhLG,6,progressive,none,distinct,1 4 6 7 8 10
661W0WzZ6OhMEG,6,progressive,none,distinct,1 4 5 7 8 11
661WaKp20a8cUb,6,progressive,none,distinct,1 2 5 7 10 11
661WGGkR62QXZ8,6,progressive,none,distinct,1 2 6 8 9 10
661WirZMW34OOi,6,progressive,none,distinct,1 3 5 8 9 10
661Wf6JtK0KbEZ,6,progressive,none,distinct,3 4 5 7 8 9
661WGQgI4GIqb6,6,plain,none,mixed,1 6 6 7 7 9
661W9mbWAigOo4,6,distinct,none,distinct,1 2 4 7 10 12
661W32OXIBIbD6,6,progressive,none,distinct,1 3 4 7 10 11
661W1YSLKXDQZf,6,progressive,none,distinct,2 4 5 6 8 11
661WY4kuYeKxqW,6,progressive,none,distinct,1 2 6 7 8 12
661WGWPRC4DJL8,6,plain,none,mixed,3 3 4 7 8 11
661WASW8p8Orda,6,progressive,none,distinct,1 3 6 7 9 10
661Wn1AQg5bIKe,6,progressive,none,distinct,1 3 5 8 9 10
661W2NJd2GHFAC,6,plain,none,mixed,2 4 4 6 9 11
661WGaXA9KjGGu,6,distinct,none,distinct,1 3 4 5 6 17
661W8rDHW4JYan,6,progressive,none,distinct,1 4 5 6 8 12
661WYpP91LMBou,6,progressive,none,distinct,1 4 6 7 8 10
661WOlErb6abS0,6,progressive,none,distinct,1 4 6 7 8 10
661WGbI5848vsK,6,distinct,none,distinct,2 3 4 8 9 10
661WChAg9IQ8c5,6,distinct,none,distinct,1 4 5 6 8 12
661W4GlIf88jZ8,6,plain,none,mixed,2 4 5 7 7 11
661W8Xh9a2AYrD,6,progressive,none,distinct,1 4 6 7 8 10
661W58Um8NMKb2,6,plain,none,mixed,2 2 5 6 10 11
661W4CTPp4GXeG,6,plain,none,mixed,2 2 5 6 8 13
661WIm9T4b5NV2,6,progressive,none,distinct,2 4 5 6 8 11
661W8GWrYKf9I5,6,plain,none,mixed,2 4 6 6 9 9
661WOjZ1W8GMew,6,distinct,none,distinct,1 3 5 6 8 13
661W3e4kWJPhhL,6,progressive,none,distinct,1 3 4 8 9 11
661W55B64nYDA4,6,plain,none,mixed,1 4 4 9 9 9
661WX2pb80nIaf,6,plain,none,mixed,2 3 6 6 9 10
661W1IMaXNMZ11,6,distinct,none,distinct,1 2 3 5 10 15
661WIvZaW26Zf1,6,plain,none,mixed,1 2 4 9 10 10
661W4HiIX4PNMa,6,progressive,none,distinct,2 3 6 7 8 10
661WGGp0a4AYtj,6,progressive,none,distinct,2 3 5 7 9 10
661WKMr9AG65i8,6,plain,none,mixed,2 3 3 5 9 14
661W8WX5MGdSeG,6,plain,none,mixed,2 3 3 5 9 14
661WZ9HgAGimuG,6,progressive,none,distinct,1 2 4 8 10 11
661WGXSTWA8fN9,6,progressive,none,distinct,1 2 3 8 10 12
661W8GQgK8ShY8,6,plain,none,mixed,2 4 4 7 9 10
661WW9TA8mr3Sr,6,progressive,none,distinct,1 3 6 7 9 10
661W1O-iuLIa39,6,distinct,none,distinct,2 3 4 6 10 11
661WOcFHY4hci1,6,progressive,none,distinct,1 3 6 7 9 10
661W36fP2cOob0,6,progressive,none,distinct,1 4 5 7 8 11
661WnZ8Y5GGXY9,6,plain,none,mixed,1 2 3 8 11 11
661WJ4oCA3fZ4X,6,distinct,none,distinct,1 2 3 7 9 14
661WGWTif85JZ8,6,progressive,none,distinct,1 4 5 6 9 11
661WIMKJ8fxvL4,6,progressive,none,distinct,2 4 6 7 8 9
661W9GXGWtEPIY,6,plain,none,mixed,1 3 7 7 8 10
661W8KGaHGbIcL,6,distinct,none,distinct,1 3 5 6 10 11
661WGXFIb89ob0,6,plain,none,mixed,1 4 5 7 7 12
661W4OnM424S6A,6,plain,none,mixed,1 3 3 4 10 15
661WKWd104Hngr,6,progressive,none,distinct,1 2 5 8 9 11
661WndOc4aPAYG,6,progressive,none,distinct,1 3 5 8 9 10
661W8Wja2AVuo8,6,progressive,none,distinct,2 3 4 8 9 10
661W4AU488vZ28,6,plain,none,mixed,1 3 5 5 9 13
661W8Gl486KXZA,6,progressive,none,distinct,2 3 4 8 9 10
661W2Mf5CzA4u4,6,distinct,none,distinct,1 3 4 5 11 12
661W4Fd2YG9Iv9,6,progressive,none,distinct,2 3 4 8 9 10
661WAOWOmCKgOb,6,plain,none,mixed,2 2 3 5 9 15
661WHTH1Z9nbaI,6,progressive,none,distinct,2 3 5 7 8 11
661WGiyIW8RrQX,6,progressive,none,distinct,2 3 6 7 8 10
661WeeenD59TcY,6,progressive,none,distinct,1 4 6 7 8 10
661WWGnA43AJZ6,6,progressive,none,distinct,1 3 5 6 10 11
661W8GojpCKY10,6,plain,none,mixed,2 2 3 8 9 12
661W4Xjpu2RT0g,6,progressive,none,distinct,1 2 3 7 10 13
661WYasECB9Xb2,6,progressive,none,distinct,2 3 6 7 8 10
661Wmff2C10gCK,6,plain,none,mixed,1 1 3 7 11 13
661WZefY8GYEgC,6,progressive,none,distinct,1 2 5 6 9 13
661W6ChtA8GJH0,6,progressive,none,distinct,2 3 5 6 8 12
661Wb9hq90X8ta,6,progressive,none,distinct,1 3 5 8 9 10
661W1cnhAj5A4G,6,plain,none,mixed,2 3 5 8 9 9
661WOafj069TQX,6,progressive,none,distinct,1 3 6 7 9 10
661WH2kbe58pac,6,plain,none,mixed,2 4 5 5 7 13
661W8nGYe8JAnX,6,plain,none,mixed,1 2 4 7 11 11
661W8Gz6i88I2B,6,distinct,none,distinct,1 2 5 7 10 11
661W0mw8XKlgIg,6,progressive,none,distinct,1 2 5 6 10 12
661W2WqbCf91LQ,6,plain,none,mixed,1 4 5 5 10 11
661WGrmZp06gbG,6,plain,none,mixed,2 2 4 6 7 15
661WGXPIh48vK8,6,progressive,none,distinct,2 4 5 6 9 10
661W8HgI4GWorb,6,plain,none,mixed,3 4 5 7 7 10
661W0NN9AKbLi8,6,progressive,none,distinct,2 3 5 7 9 10
661WD4X0XPIcbI,6,distinct,none,distinct,1 2 4 7 9 13
661WACer2AK-p0,6,progressive,none,distinct,1 2 4 8 10 11
661WIOrwO0IgB2,6,progressive,none,distinct,1 4 5 6 9 11
661WY8d34aOYP2,6,plain,none,mixed,1 1 5 7 10 12
661W8IIbB8n225,6,distinct,none,distinct,1 5 6 7 8 9
661WIJL156dgYq,6,plain,none,mixed,1 3 7 8 8 9
661W25ILbGXAN8,6,progressive,none,distinct,2 3 5 7 9 10
661W98pc4enk12,6,progressive,none,distinct,2 4 6 7 8 9
661W9enK0YdLZ2,6,progressive,none,distinct,2 3 4 8 9 10
661WAH2O0IfnZI,6,distinct,none,distinct,1 3 5 6 10 11
661WiYDQ03qiXA,6,distinct,none,distinct,1 2 4 6 9 14
661WAKYJC48wL4,6,progressive,none,distinct,1 4 5 6 9 11
661WfXYcCKB1Y4,6,progressive,none,distinct,2 4 5 7 8 10
661W58PGaq8HKb,6,distinct,none,distinct,1 2 3 5 11 14
661W4hZIGOcV22,6,progressive,none,distinct,1 4 6 7 8 10
661Wb9KPG8yOp4,6,plain,none,mixed,3 3 4 6 8 12
661WLLeW4JaiBI,6,plain,none,mixed,2 3 3 4 5 19
661WndDqn4Mr90,6,progressive,none,distinct,3 4 5 7 8 9
661WCHAIpIWpUG,6,progressive,none,distinct,1 2 6 8 9 10
661WLnYfWLCDHX,6,progressive,none,progressive,1 3 5 7 9 11
661WX94pY4vIQq,6,progressive,none,distinct,2 4 5 7 8 10
661W8-SZ4beMIG,6,progressive,none,distinct,1 4 5 6 9 11
661WnX334I4PJ6,6,distinct,none,distinct,2 3 4 5 9 13
661WHIIEbgQAZ4,6,plain,none,mixed,2 3 4 4 9 14
661W2IYsACv5v4,6,progressive,none,distinct,2 4 6 7 8 9
661W8OpYKAGKX2,6,progressive,none,distinct,1 3 6 7 9 10
661W4kIYZnmnP8,6,distinct,none,distinct,2 3 5 7 9 10
661WL8nvCWlKH6,6,progressive,none,distinct,1 2 5 7 10 11
661WHsWoGecBbK,6,progressive,none,distinct,2 3 5 6 9 11
661W1UzRMH255G,6,progressive,none,distinct,2 4 5 7 8 10
661WjfJKeGYH21,6,plain,none,mixed,2 3 6 8 8 9
661W5xrY15GcHY,6,progressive,none,distinct,1 2 6 8 9 10
661WGOxIZ8IKM8,6,plain,none,mixed,1 4 6 7 9 9
661WIY044AbQbQ,6,plain,none,mixed,1 3 5 7 7 13
661WJAbgaZ8IRa,6,progressive,none,distinct,2 4 5 6 9 10
661WOren048ocp,6,plain,none,mixed,3 3 3 5 10 12
661WtKfOIGAK0Z,6,plain,none,mixed,2 2 2 4 11 15
661WYdganHL131,6,plain,none,mixed,1 4 6 6 9 10
661W0Z1Z1CgrOn,6,progressive,none,distinct,1 2 4 8 9 12
661WGXDRs4GWWe,6,plain,none,mixed,2 2 5 6 7 14
661W25mhbIeoLG,6,progressive,none,progressive,1 3 5 7 9 11
661WOwSrr0j4K4,6,progressive,none,distinct,2 3 5 6 9 11
661W4SQ9IGfrg4,6,progressive,none,distinct,2 4 6 7 8 9
661W1c1Z4XHZMS,6,progressive,none,distinct,1 2 6 7 9 11
661WR5RQXLDFC0,6,progressive,none,distinct,2 3 5 6 9 11
661WXQ6XC5AhQK,6,progressive,none,distinct,1 4 6 7 8 10
661W10IcWobpqg,6,plain,none,mixed,1 2 6 8 8 11
661W89HcaMiqJa,6,distinct,none,distinct,2 4 5 6 7 12
661WBPIYGHdOg4,6,progressive,none,distinct,2 4 5 7 8 10
661W5C9HeWXBsq,6,plain,none,mixed,2 3 3 6 7 15
661W0eQ1WhNUt5,6,progressive,none,distinct,1 2 6 7 9 11
661WKkb62O9AKG,6,progressive,none,distinct,1 3 4 7 9 12
661W5AjGaafIKa,6,plain,none,mixed,3 4 5 5 7 12
661WGbD8o4KenL,6,plain,none,mixed,2 2 3 7 8 14
661WdDRdP0aWIW,6,distinct,none,distinct,1 3 5 8 9 10
661W7cMSP13d63,6,progressive,none,distinct,1 4 5 7 9 10
661W9GXQ2pAHI2,6,progressive,none,distinct,1 3 6 7 9 10
661WfHKv22n226,6,progressive,none,distinct,1 4 5 6 8 12
661W8Caf22OtaO,6,progressive,none,distinct,1 3 4 7 9 12
661WXSn12H21hE,6,plain,none,mixed,2 3 3 4 8 16
661W8Gb214OoKf,6,progressive,none,distinct,1 2 6 8 9 10
661W4AJeWISeqh,6,plain,none,mixed,1 4 4 6 9 12
661Wn9NAK0or8G,6,progressive,none,distinct,1 4 5 6 7 13
661W45Jt0IaHUZ,6,plain,none,mixed,2 3 6 6 7 12
661W39IX1ivIeW,6,progressive,none,distinct,2 3 4 8 9 10
661W0tk48KZ5A4,6,progressive,none,distinct,1 2 4 6 10 13
661W39DrY5oy-1,6,progressive,none,distinct,2 4 6 7 8 9
661W3AYMCWGhh4,6,progressive,none,distinct,1 4 6 7 8 10
661W8Kbuo8GWYy,6,plain,none,mixed,1 3 4 9 9 10
661W4nJ6SZ1L48,6,progressive,none,distinct,1 2 5 8 9 11
661WGnEMH4MAb3,6,plain,none,mixed,1 4 7 7 8 9
661W8GbaIfEPH2,6,plain,none,mixed,3 3 4 7 8 11
661W8PAHYGXKab,6,plain,none,mixed,2 2 6 6 8 12
661WWXYWf7CodC,6,distinct,none,distinct,2 4 5 7 8 10
661W4O-n44Gqr4,6,progressive,none,distinct,2 4 5 6 8 11
661WGcCH1KZ6DY,6,plain,none,mixed,2 3 3 4 7 17
661W8JcCe2WfId,6,progressive,none,distinct,1 4 5 7 9 10
661WGrAQ80FAbI,6,progressive,none,distinct,1 3 6 7 8 11
661WGZTLZO8fq8,6,progressive,none,distinct,1 4 5 7 9 10
661WX1ecIeqos8,6,progressive,none,distinct,1 3 4 8 9 11
661WAQNcIOCYu0,6,distinct,none,distinct,1 3 4 5 11 12
661WXsX563Lye8,6,plain,none,mixed,3 3 3 7 8 12
661WOJqeunWgHX,6,plain,none,mixed,2 4 4 5 10 11
661W02X1efZDxN,6,progressive,none,distinct,1 3 5 6 10 11
661WiOobga8W11,6,plain,none,mixed,1 3 4 9 9 10
661WWZ6145YKvp,6,plain,none,mixed,2 3 5 5 9 12
661W1gafOXJlI4,6,progressive,none,distinct,2 3 5 7 8 11
661W2xpfIIQH80,6,distinct,none,distinct,1 3 4 7 10 11
661W5lDgr1IaF0,6,progressive,none,distinct,1 2 6 8 9 10
661WqEiS83XJZI,6,progressive,none,distinct,1 3 5 8 9 10
661WaHene9JjGe,6,progressive,none,distinct,1 3 6 7 9 10
661W8XHYa8JYHZ,6,progressive,none,progressive,1 3 5 7 9 11
661W8bRZI4Fg6G,6,progressive,none,distinct,1 5 6 7 8 9
661W6DA348HIab,6,progressive,none,distinct,2 3 4 8 9 10
661W2EKZ4O8Gy0,6,plain,none,mixed,1 1 1 7 11 15
661WDuvLCWZGJ8,6,progressive,none,distinct,1 4 5 7 8 11
661W8slOmbqPIm,6,plain,none,mixed,2 4 7 7 7 9
661W14fMfYbP2G,6,progressive,none,distinct,1 2 5 7 9 12
661WQrQPK8O2J8,6,distinct,none,distinct,2 4 5 6 7 12
661W8BMcZG9Um2,6,progressive,none,distinct,1 2 4 8 9 12
661W38QYXPIK-Y,6,progressive,none,distinct,1 2 6 8 9 10
661WG7qf8IpDS8,6,progressive,none,distinct,1 3 5 8 9 10
661WHHbMqW-2Kj,6,plain,none,mixed,2 3 7 7 7 10
661WaYD641fREK,6,progressive,none,distinct,1 2 6 8 9 10
661WCOUC8QnX44,6,plain,none,mixed,2 4 5 6 6 13
661W4GHLAIbNY2,6,progressive,none,distinct,2 4 6 7 8 9
661W44PsH8Km-Y,6,plain,none,mixed,1 5 5 5 6 14
661W492CCb7l24,6,progressive,none,distinct,1 3 4 8 9 11
661WAqDbgbPWYY,6,plain,none,mixed,3 4 4 6 6 13
661WGoaeE0kJsC,6,progressive,none,distinct,1 3 6 7 9 10
661WGIfH28Z4fS,6,distinct,none,distinct,1 4 5 6 7 13
661W8OSaf4GpgQ,6,progressive,none,distinct,2 3 4 7 9 11
661W8GXXG4CTwK,6,progressive,none,distinct,1 3 5 6 9 12
661WfRJ448WV48,6,progressive,none,distinct,1 3 5 7 8 12
661WWXp-Y39A3a,6,progressive,none,distinct,1 3 4 8 9 11
661W15WfIWepav,6,distinct,none,distinct,1 2 6 7 9 11
661Wpro104gJaX,6,progressive,none,distinct,1 2 5 6 10 12
661WAxs84GF9A4,6,distinct,none,distinct,1 4 5 6 7 13
661W8J5fLGXWo5,6,plain,none,mixed,1 4 6 6 8 11
661WKmuHY49Laf,6,plain,none,mixed,2 3 3 6 8 14
661W9Hgc9emBa5,6,progressive,none,distinct,1 3 6 7 9 10
661WgCfpGHdCM2,6,progressive,none,distinct,2 3 4 8 9 10
661WJ6vYC1GgY4,6,progressive,none,distinct,1 2 3 8 10 12
661WYfbH2aJ6f4,6,progressive,none,distinct,1 2 5 8 9 11
661W2eWHIZ13FA,6,plain,none,mixed,1 3 4 4 7 17
661W8PjCvGmIjK,6,progressive,none,distinct,3 4 5 6 7 11
661W5ABaWengtX,6,progressive,none,distinct,2 4 5 7 8 10
661WAkGk2CcKq8,6,plain,none,mixed,2 3 6 6 9 10
661W4oaK4nwj22,6,progressive,none,distinct,2 3 4 7 9 11
661WGdMacKWOao,6,progressive,none,distinct,2 3 4 7 9 11
661WIano4X11c2,6,plain,none,mixed,1 2 5 7 7 14
661WGbZfI0BNC8,6,progressive,none,distinct,2 3 5 7 9 10
661W3fIe6LCfP2,6,progressive,none,distinct,1 4 5 7 9 10
661WbGcC9GriGW,6,plain,none,mixed,2 2 3 5 7 17
661WKfDY8KoD72,6,distinct,none,distinct,2 3 4 7 8 12
661WAMgjHCXeJY,6,progressive,none,distinct,2 3 5 7 9 10
661WIPPX4GZYy4,6,plain,none,mixed,3 4 4 5 8 12
661W2anQuIgUE1,6,progressive,none,distinct,1 3 6 7 9 10
661WaBZQI1x6G6,6,plain,none,mixed,1 1 3 7 10 14
661WWejLA9Rqa2,6,progressive,none,distinct,2 4 5 6 9 10
661WuAzPq1X5qX,6,progressive,none,distinct,1 3 4 8 9 11
661W8HcO18DBMk,6,progressive,none,distinct,1 3 6 7 9 10
661WH2KZ0L8GMj,6,plain,none,mixed,2 2 3 4 9 16
661W2MKbg8f699,6,progressive,none,distinct,2 3 5 7 9 10
661WeKnKeHZLE1,6,progressive,none,distinct,2 3 4 8 9 10
661Wo7Y5H9agLY,6,plain,none,mixed,1 3 4 6 11 11
661WPPw105eqcb,6,progressive,none,distinct,1 4 6 7 8 10
661W8QmbHnMrWW,6,distinct,none,distinct,2 3 5 6 8 12
661W933ap1NgsE,6,progressive,none,distinct,2 3 5 7 9 10
661W4Z5bhGQaY6,6,plain,none,mixed,2 4 6 6 7 11
661WGKsX38AbCe,6,progressive,none,progressive,1 3 5 7 9 11
661W9i8hQTHlYG,6,progressive,none,distinct,2 3 6 7 8 10
661WIMn34GIY7d,6,progressive,none,distinct,2 4 5 7 8 10
661W0d4PGG-SvC,6,progressive,none,distinct,1 3 4 8 9 11
661WCj3X28ImcK,6,progressive,none,distinct,1 3 6 7 9 10
661WSqqnZC11E0,6,distinct,none,distinct,1 2 3 4 8 18
661WL8QMjH0XZ8,6,plain,none,mixed,3 4 4 5 5 15
661WTUYg9DKHqm,6,plain,none,mixed,3 3 4 7 7 12
661W4HZ5LGaiXY,6,progressive,none,distinct,2 3 5 7 8 11
661W4ogbiXoF4c,6,progressive,none,distinct,1 4 5 6 9 11
661WWjAk039hgK,6,distinct,none,distinct,2 3 4 7 8 12
661W48vjn44QL4,6,plain,none,mixed,2 4 5 5 5 15
661W9pIY490pqf,6,progressive,none,distinct,2 3 6 7 8 10
661WXlXK3B4ofi,6,progressive,none,distinct,1 3 6 7 9 10
661W88R568Gza4,6,progressive,none,distinct,1 3 6 7 8 11
661WnsDen1Hah4,6,progressive,none,distinct,1 4 6 7 8 10
661WO8U4O6Ib44,6,plain,none,mixed,1 1 4 6 11 13
661WWnL0X5OtjO,6,progressive,none,distinct,2 3 6 7 8 10
661WGgX49GJ-Om,6,distinct,none,distinct,2 3 4 6 8 13
661WK8pYbX0o58,6,plain,none,mixed,1 2 4 6 6 17
661WOcog42vqiG,6,progressive,none,distinct,2 3 5 7 8 11
661WGGpZc4AX59,6,plain,none,mixed,3 3 5 7 8 10
661W7GHkfRQcPW,6,progressive,none,distinct,1 3 5 8 9 10
661WJxc70WQBgb,6,plain,none,mixed,1 4 4 6 9 12
661WGHYbf8J12c,6,progressive,none,distinct,2 3 6 7 8 10
661WLKh11PIKea,6,progressive,none,distinct,2 3 4 6 10 11
661WCKkZ94OfgW,6,progressive,none,distinct,1 4 5 7 9 10
661WESvK224PI2,6,plain,none,mixed,3 3 4 4 8 14
661W3xKA05chh6,6,progressive,none,distinct,1 3 5 8 9 10
661W8KcEG8GuGv,6,plain,none,mixed,1 1 3 7 9 15
661Wbc6v81LpkZ,6,progressive,none,distinct,2 3 6 7 8 10
661WT9Iq13aKX5,6,plain,none,mixed,1 1 7 8 9 10
661W1cZ9OmRTwC,6,progressive,none,distinct,1 4 5 6 9 11
661WG4AneCQjQ9,6,progressive,none,distinct,2 3 5 6 8 12
661WOOr628QiI4,6,plain,none,mixed,1 3 7 7 8 10
661W9AMcCDI4Y4,6,plain,none,mixed,1 5 5 7 8 10
661WbIZM02KEjS,6,progressive,none,distinct,2 3 5 7 9 10
661WaH0XmBNjH1,6,plain,none,mixed,1 3 6 6 8 12
661WPKb92JOoaG,6,progressive,none,distinct,2 3 5 7 8 11
661WGJ23bfZGm2,6,plain,none,mixed,1 2 2 4 9 18
661W4AnIGfdF22,6,progressive,none,distinct,1 4 5 7 9 10
661W8obIYCoWGa,6,progressive,none,distinct,1 3 4 6 9 13
661WH8b80NKgvp,6,progressive,none,distinct,1 3 6 7 8 11
661W16959XIrgn,6,distinct,none,distinct,1 5 6 7 8 9
661W5Men29Ib1I,6,plain,none,mixed,3 4 4 6 7 12
661W25owIKXHr4,6,progressive,none,distinct,2 3 5 6 9 11
661W6KOgG44EZ6,6,plain,none,mixed,2 2 3 4 8 17
661WCfJacGY9XY,6,progressive,none,distinct,1 3 5 8 9 10
661Wb8924WX3Mb,6,plain,none,mixed,1 3 5 6 6 15
661WCPLV92Hu3a,6,plain,none,mixed,1 4 5 6 10 10
661WenItl122Y0,6,plain,none,mixed,2 2 3 7 11 11
661WH2t20b8YMj,6,plain,none,mixed,2 2 3 7 10 12
661W4mZ24Swb24,6,progressive,none,distinct,2 4 6 7 8 9
661WWNCxqH7juW,6,progressive,none,distinct,1 2 4 7 10 12
661WGpQY2GoIo8,6,plain,none,mixed,1 4 5 8 8 10
661WIX0a6GWvXp,6,distinct,none,distinct,1 2 4 5 11 13
661WbLh791Y2Tc,6,progressive,none,distinct,3 4 5 6 8 10
661WOXAq8GZZ52,6,plain,none,mixed,1 4 4 8 9 10
661W0nOrAbAZ52,6,plain,none,mixed,2 3 4 4 11 12
661W8X6Q2hAGn4,6,plain,none,mixed,2 3 5 6 6 14
661W2Ysjv0ZcAc,6,progressive,none,distinct,2 3 5 7 8 11
661W8X6qn4M4BK,6,plain,none,mixed,1 3 3 4 8 17
661WeKzf4YGWqK,6,plain,none,mixed,1 2 7 8 8 10
661WPHgY0NiBc4,6,progressive,none,distinct,2 3 4 7 9 11
661W2YZc4KRj92,6,progressive,none,distinct,2 3 5 7 9 10
661WYUX61TACKe,6,distinct,none,distinct,1 2 5 7 10 11
661W4HmIefJkZ1,6,progressive,none,distinct,1 4 5 6 9 11
661WWIgEGLMgb6,6,progressive,none,distinct,2 4 6 7 8 9
661WbbZ69H2cKm,6,progressive,none,distinct,2 3 5 6 9 11
661WAL24a8HQb3,6,progressive,none,distinct,1 4 6 7 8 10
661W9nIf5NA2GW,6,distinct,none,distinct,1 2 4 5 11 13
661WGnAmo8NQs1,6,progressive,none,distinct,1 3 5 6 10 11
661WaeYXc59ZGY,6,progressive,none,distinct,1 3 5 8 9 10
661WXjh24GYNAG,6,distinct,none,distinct,2 3 4 6 10 11
661WGLYj02BjOf,6,progressive,none,distinct,1 4 5 7 9 10
661WHAGgKLGXun,6,plain,none,mixed,2 3 3 9 9 10
661WCL9Y08HWxd,6,progressive,none,distinct,2 3 4 7 8 12
661W5QCfGWfMcX,6,progressive,none,distinct,1 5 6 7 8 9
661W9Y6qfaoX30,6,distinct,none,distinct,1 3 4 5 8 15
661WbAoKo8rX2W,6,progressive,none,distinct,2 3 5 7 9 10
661WhLX244eo48,6,distinct,none,distinct,2 4 5 6 7 12
661W52J6BHpcI5,6,progressive,none,distinct,1 4 5 7 9 10
661WCKe-X44Pf8,6,distinct,none,distinct,1 3 4 6 8 14
661W0jP4OhGnA4,6,distinct,none,distinct,1 2 4 6 11 12
661WDRmYf9J9W2,6,plain,none,mixed,2 3 3 5 10 13
661WKgYg32zBYa,6,progressive,none,distinct,1 4 6 7 8 10
661W8Q245GnOjR,6,plain,none,mixed,1 2 6 6 8 13
661W8RKQ04rAhI,6,plain,none,mixed,1 4 5 8 8 10
661WGcBXI6vo6G,6,plain,none,mixed,1 1 7 7 8 12
661WCKyh62Omi4,6,plain,none,mixed,2 4 5 7 7 11
661WKenaGGdL12,6,progressive,none,distinct,2 3 4 8 9 10
661W0B5aeKPp9H,6,plain,none,mixed,2 2 4 8 9 11
661WarIp658M7G,6,progressive,none,distinct,1 4 6 7 8 10
661WIfRan04mh8,6,progressive,none,distinct,1 4 5 7 8 11
661W9AT823AL4j,6,progressive,none,distinct,1 2 5 7 8 13
661WWxZNM1s45C,6,progressive,none,distinct,1 5 6 7 8 9
661WJIB13WINk9,6,distinct,none,distinct,1 3 4 7 9 12
661WGrrPq0J0sq,6,progressive,none,distinct,1 3 5 8 9 10
661W8BTs9Geaqc,6,plain,none,mixed,1 6 6 6 7 10
661WmKqHZaIX7G,6,progressive,none,distinct,1 2 6 7 8 12
661W9HrfI5o2a8,6,plain,none,mixed,2 2 6 7 8 11
661W8Gvf4GjPM8,6,progressive,none,distinct,1 4 6 7 8 10
661WaDf4eeHJZH,6,progressive,none,distinct,1 5 6 7 8 9
661WanD781ONNd,6,progressive,none,distinct,2 4 5 6 9 10
661W3dDl2Z8fY0,6,progressive,none,distinct,1 4 5 6 9 11
661W0XYlab75uo,6,progressive,none,distinct,1 4 6 7 8 10
661W0nYH4Kgmn6,6,distinct,none,distinct,1 2 4 5 7 17
661W05AkCIeXon,6,plain,none,mixed,3 3 4 5 7 14
661WBNmXZWn142,6,plain,none,mixed,1 2 5 5 8 15
661WGBYp68YsMA,6,progressive,none,distinct,1 5 6 7 8 9
661W2raf0bMBMC,6,progressive,none,distinct,2 3 5 7 8 11
661WKgLfA2ePH2,6,progressive,none,distinct,2 4 6 7 8 9
661WOnXvnCI0YW,6,plain,none,mixed,1 2 2 6 12 13
661W2GOisfQh3u,6,progressive,none,distinct,1 3 6 7 9 10
661WYA-QcJZr4m,6,progressive,none,distinct,1 3 6 7 8 11
661W8mM8GZPZ24,6,plain,none,mixed,1 1 4 8 8 14
661WNGpYWPGMPX,6,progressive,none,distinct,1 3 4 8 9 11
661W0Mb9AvMae8,6,plain,none,mixed,1 4 5 7 7 12
661WWnfo8iQP38,6,plain,none,mixed,1 1 5 5 10 14
661WQkzTg0bK3W,6,progressive,none,distinct,1 4 5 7 9 10
661W9GWM4Lh9Z4,6,plain,none,mixed,2 4 5 7 9 9
661W4JsPbI1sp0,6,plain,none,mixed,1 3 3 4 10 15
661Wbocf10sRyu,6,progressive,none,distinct,2 4 5 7 8 10
661W4_IX4Cg2HQ,6,distinct,none,distinct,1 3 5 7 8 12
661W8HPYGGbgYC,6,distinct,none,distinct,1 3 6 7 9 10
661W0iwtyZ1mem,6,progressive,none,distinct,1 2 4 8 10 11
661WX0fY4OnXY8,6,plain,none,mixed,1 2 3 9 9 12
661Wgnp2158bSe,6,plain,none,mixed,2 4 5 7 9 9
661WbdCye3HQ-W,6,progressive,none,distinct,2 4 5 6 9 10
661WeGc14eOmn2,6,plain,none,mixed,1 1 5 8 8 13
661WfVNfE0LP88,6,progressive,none,distinct,1 5 6 7 8 9
661Wf9YGcMDF2a,6,distinct,none,distinct,2 3 4 8 9 10
661WGY7f0IeXYb,6,plain,none,mixed,1 3 4 4 10 14
661WAPKvv0POw4,6,plain,none,mixed,3 4 5 5 8 11
661W1AYqWh6dBH,6,progressive,none,distinct,1 2 6 7 9 11
661W8YQdDGJIaa,6,progressive,none,distinct,2 3 6 7 8 10
661WIgL3cGeHf1,6,progressive,none,distinct,2 3 4 8 9 10
661W8CegP40Fou,6,distinct,none,distinct,1 2 3 6 7 17
661W8JApY8XIMY,6,progressive,none,distinct,2 3 6 7 8 10
661WKar912Jbie,6,progressive,none,distinct,2 3 4 8 9 10
661WTPX8X7eoX0,6,distinct,none,distinct,1 2 4 8 9 12
661WGwry92YKX5,6,plain,none,mixed,1 3 7 8 8 9
661WYgDjA1bRQ8,6,progressive,none,distinct,2 3 6 7 8 10
661W0nhn2bAJ46,6,progressive,none,distinct,1 3 6 7 9 10
661WmGrI1aIYIc,6,plain,none,mixed,1 1 7 8 9 10
661WbAre12fGa9,6,plain,none,mixed,1 4 4 5 8 14
661WIfxsn04Af8,6,progressive,none,distinct,2 4 5 6 8 11
661WKgj5AK90iK,6,plain,none,mixed,2 2 3 4 12 13
661WbHKgC4qEY4,6,progressive,none,distinct,1 3 5 7 8 12
661WY8MqGqrIg2,6,progressive,none,distinct,1 4 6 7 8 10
661W0GjPKObCvO,6,plain,none,mixed,2 3 7 7 8 9
661W04nYKIX2aO,6,plain,none,mixed,1 1 2 10 11 11
661WOjKkXZOCf8,6,progressive,none,distinct,2 4 6 7 8 9
661WHj9YaWXYgJ,6,distinct,none,distinct,1 3 5 6 9 12
661WbmbK8HPaX6,6,plain,none,mixed,1 2 4 9 10 10
661W4manoQgLY1,6,progressive,none,distinct,1 4 6 7 8 10
661WH30I4Denpb,6,plain,none,mixed,3 4 4 6 6 13
661WIWX7125Qau,6,plain,none,mixed,1 1 6 7 9 12
661WAOZ6e8GAfH,6,plain,none,mixed,1 3 6 6 9 11
661W4IYd4Ar5XZ,6,plain,none,mixed,2 4 4 8 8 10
661WKmi11Kwsaa,6,progressive,none,distinct,2 4 5 6 9 10
661WXPnIX3cj22,6,plain,none,mixed,2 2 3 9 10 10
661W2BlqgID2ge,6,progressive,none,distinct,2 4 5 6 8 11
661WcjQJe7CGJ1,6,progressive,none,distinct,2 3 5 7 8 11
661WW-TT1H5Tqo,6,progressive,none,distinct,2 3 6 7 8 10
661WH3IIWhbQMe,6,plain,none,mixed,2 2 6 7 9 10
661WAMac24vfm8,6,plain,none,mixed,2 2 4 6 8 14
661WGPIbq8N4GZ,6,progressive,none,progressive,1 3 5 7 9 11
661W4ApKOGrWZ2,6,progressive,none,distinct,1 2 6 7 9 11
661WGAofaGUl4g,6,progressive,none,distinct,1 5 6 7 8 9
661WLfbS8JHJ22,6,progressive,none,distinct,3 4 5 6 8 10
661WIbnanfKo50,6,progressive,none,distinct,2 4 6 7 8 9
661WWnQaseMA3e,6,progressive,none,distinct,1 2 5 6 9 13
661WH0O18RMjTM,6,progressive,none,distinct,2 3 4 6 10 11
661W8npUE462I2,6,progressive,none,distinct,1 3 5 8 9 10
661WCbKWWKoXD9,6,plain,none,mixed,3 3 5 5 6 14
661WHWXBGJ9ILA,6,plain,none,mixed,1 3 7 8 8 9
661WYoIW8BsIXI,6,progressive,none,distinct,1 2 4 6 11 12
661WGoIfe4-Z0Z,6,distinct,none,distinct,1 3 4 7 9 12
661WbKf280XCfE,6,plain,none,mixed,1 3 5 7 7 13
661W6CNDG4KHWf,6,plain,none,mixed,2 2 2 7 9 14
661W8IDM2G8Rt4,6,progressive,none,distinct,1 2 6 7 8 12
661W48Q4GAKX2C,6,plain,none,mixed,1 1 4 5 12 13
661W5Z4rdHAj0a,6,progressive,none,distinct,1 3 5 7 8 12
661WGvnp48I4H6,6,progressive,none,distinct,1 4 5 6 9 11
661WKraX04H5Aj,6,plain,none,mixed,3 3 4 5 7 14
661WHF66C51IjA,6,distinct,none,distinct,1 2 5 6 8 14
661WA6oXCjhfK0,6,progressive,none,distinct,1 3 4 8 9 11
661W0vHYbX3YfG,6,progressive,none,distinct,1 3 4 7 8 13
661WOoIZDIqI2a,6,progressive,none,distinct,2 4 5 7 8 10
661WbFSma4mXPW,6,progressive,none,distinct,1 3 4 8 9 11
661W13i1ifg-is,6,progressive,none,distinct,1 2 6 7 9 11
661W51aP9HtbBm,6,progressive,none,distinct,1 2 5 6 10 12
661W86cb4nQg6r,6,progressive,none,distinct,1 3 4 7 10 11
661WAEzE2GKsI8,6,progressive,none,distinct,2 3 4 8 9 10
661WYbgdD59H2W,6,progressive,none,distinct,2 4 6 7 8 9
661W29rafOep90,6,progressive,none,distinct,1 4 5 7 9 10
661WX2VIb4fY64,6,progressive,none,distinct,1 3 4 7 10 11
661WIetMbKmQA0,6,progressive,none,distinct,1 4 6 7 8 10
661WW9HH2mXYhI,6,plain,none,mixed,1 4 4 5 9 13
661W8nQa94AIY9,6,progressive,none,distinct,1 4 5 7 9 10
661W09r1LfVTem,6,progressive,none,distinct,2 3 6 7 8 10
661W8fF8G8Qab6,6,progressive,none,distinct,1 3 6 7 8 11
661WABLAOGWjC8,6,distinct,none,distinct,2 3 4 6 9 12
661WCIza4G8U3A,6,progressive,none,distinct,1 3 6 7 9 10
661WPAKmY58KZY,6,progressive,none,distinct,1 3 5 8 9 10
661W12nhKWvoK8,6,distinct,none,distinct,2 3 4 7 9 11
661WGRfQ0QgqKZ,6,plain,none,mixed,1 5 6 8 8 8
661W2QUJ04frz4,6,plain,none,mixed,1 4 4 5 10 12
661WOgkAC0dnEO,6,progressive,none,distinct,1 2 6 7 9 11
661WZgqjK1f98X,6,progressive,none,distinct,1 3 6 7 9 10
661WGg2vj0_6MC,6,progressive,none,distinct,2 3 4 6 10 11
661Wf6FZ908jQe,6,progressive,none,distinct,2 3 4 6 10 11
661Wb6HZ8aOuU4,6,plain,none,mixed,1 5 5 5 8 12
661W1Cn5ZafBv8,6,progressive,none,distinct,1 2 6 8 9 10
661WXMK0W5Qtl5,6,progressive,none,distinct,2 4 5 6 8 11
661W9LUX2qHKi4,6,progressive,none,distinct,1 5 6 7 8 9
661WLAKvv508IW,6,plain,none,mixed,2 2 3 5 9 15
661W2fLO1ZPoA3,6,plain,none,mixed,1 2 6 6 7 14
661W6Tr8nGmad4,6,progressive,none,distinct,2 4 5 7 8 10
661W5IKbmmStWY,6,progressive,none,distinct,1 3 5 8 9 10
661W59ZY8XYVY4,6,progressive,none,distinct,1 4 5 7 9 10
661WGx-Sr0YD44,6,progressive,none,distinct,2 3 5 7 8 11
661W2fdK8j1JA2,6,plain,none,mixed,1 2 7 7 9 10
661W41AI6GWnQQ,6,plain,none,mixed,1 2 2 8 10 13
661W24JQ88Sf6A,6,plain,none,mixed,2 3 3 5 9 14
661WnLgg23eqRA,6,progressive,none,distinct,1 3 6 7 8 11
661W48eUjAOo48,6,plain,none,mixed,2 3 4 4 11 12
661WFpAK891ASZ,6,progressive,none,distinct,1 4 6 7 8 10
661WD8fTX5lGim,6,progressive,none,distinct,1 2 6 8 9 10
661W32YIYHItUD,6,progressive,none,distinct,2 3 6 7 8 10
661W68GRGCGXoI,6,plain,none,mixed,1 1 2 6 12 14
661W5KjO8ijK0I,6,plain,none,mixed,1 3 3 6 6 17
661W4Ah36GGo56,6,progressive,none,distinct,1 4 5 7 9 10
661W59Rq8WWHiI,6,plain,none,mixed,1 2 4 9 10 10
661Wn2X21D8IKf,6,plain,none,mixed,1 1 3 8 9 14
661WGTEF18NEea,6,progressive,none,distinct,1 2 6 7 8 12
661W8Ha0qfFvZ5,6,progressive,none,distinct,1 2 3 9 10 11
661W3pbLGWVCv4,6,progressive,none,distinct,1 5 6 7 8 9
661W2urnzOkGw0,6,progressive,none,distinct,1 4 6 7 8 10
661W1Opa0J6r9I,6,progressive,none,distinct,1 2 6 7 9 11
661W4aAV4b5Z_4,6,progressive,none,distinct,1 4 6 7 8 10
661WJ64gm9KfX9,6,distinct,none,distinct,2 3 4 5 7 15
661WX134e1YrhL,6,progressive,none,distinct,1 4 5 7 9 10
661WYvocq16aXH,6,progressive,none,distinct,1 2 5 7 10 11
661WIhBdDGG9EW,6,progressive,none,distinct,1 4 5 7 9 10
661WGcfdIObGIG,6,plain,none,mixed,1 4 4 8 8 11
661WK8Avf8UCM4,6,plain,none,mixed,2 3 5 5 5 16
661W6LLhCCL54X,6,progressive,none,distinct,1 3 5 8 9 10
661W0td724YCuf,6,progressive,none,distinct,1 2 4 8 10 11
661WX5ALC0XALI,6,progressive,none,distinct,1 3 5 8 9 10
661WHHxtu3YA4a,6,progressive,none,distinct,1 3 5 8 9 10
661WSXGo848zcA,6,progressive,none,distinct,1 3 5 8 9 10
661WZ5Kf2IrAK0,6,plain,none,mixed,2 4 4 8 8 10
661W4wcma4hZHa,6,progressive,none,distinct,1 3 5 8 9 10
661WH7Ca35PQsH,6,plain,none,mixed,1 5 6 6 9 9
661WJBIfIegb80,6,progressive,none,distinct,2 3 5 7 8 11
661WjfK8O0-nX2,6,progressive,none,progressive,1 3 5 7 9 11
661Wf9grE0X5SI,6,progressive,none,distinct,1 3 4 6 10 12
661WbBd2aGeI03,6,plain,none,mixed,1 2 2 8 8 15
661WOCTf82Iiv6,6,progressive,none,distinct,1 4 5 6 7 13
661WAh1H2fZYf4,6,plain,none,mixed,3 3 4 5 9 12
661WfbMY2OgKT2,6,plain,none,mixed,2 3 3 8 8 12
661WXFQIY8mnOe,6,progressive,none,progressive,1 3 5 7 9 11
661WgukjaPaeUY,6,progressive,none,distinct,3 4 5 7 8 9
661WuhGr4qOCI2,6,distinct,none,distinct,1 4 5 6 8 12
661W8Ob258Oo8H,6,distinct,none,distinct,1 2 4 7 9 13
661WhKgKYH2eGa,6,plain,none,mixed,2 2 3 4 12 13
661WYc9bC9mvI0,6,progressive,none,distinct,1 3 4 7 10 11
661WauH647DL24,6,plain,none,mixed,2 4 4 6 9 11
661WESac8AC9b2,6,plain,none,mixed,2 2 3 7 9 13
661WLsScCWB2gG,6,progressive,none,distinct,1 2 5 7 10 11
661Wb9Sr40ufL8,6,progressive,none,distinct,2 4 5 7 8 10
661W4m8KAKgMbf,6,progressive,none,distinct,2 4 5 6 8 11
661W8d0Kj8Ynpu,6,distinct,none,distinct,1 2 4 6 10 13
661WIu8hIfPrU0,6,progressive,none,distinct,2 4 5 7 8 10
661WAHXKOGan2I,6,plain,none,mixed,1 1 7 8 9 10
661WsL8X19Hb3Y,6,distinct,none,distinct,1 3 5 6 8 13
661W8H5PIKnXY2,6,plain,none,mixed,2 3 6 6 8 11
661WPhgA43Os44,6,distinct,none,distinct,2 4 5 6 7 12
661WanCwa3Gdc3,6,plain,none,mixed,1 6 7 7 7 8
661WeH2re13Ooa,6,plain,none,mixed,2 2 2 6 12 12
661WCeGN8rgGJ4,6,distinct,none,distinct,2 3 4 6 8 13
661W4ns0fEELb8,6,progressive,none,distinct,1 2 6 8 9 10
661WA84L2ACKjC,6,plain,none,mixed,2 3 3 5 6 17
661WahOo8HHhX8,6,progressive,none,distinct,2 4 5 6 9 10
661WgnHI29HcQ2,6,progressive,none,distinct,2 3 5 7 9 10
661W4z25j8I2LI,6,plain,none,mixed,2 3 3 6 9 13
661W4GZObIjz20,6,progressive,none,distinct,1 3 6 7 8 11
661W8apZHQoIKm,6,progressive,none,distinct,1 3 5 8 9 10
661W8dMfmGAGap,6,progressive,none,distinct,1 4 6 7 8 10
661W1HILeXZpai,6,plain,none,mixed,2 2 6 8 9 9
661W2m962KgVU4,6,progressive,none,distinct,1 5 6 7 8 9
661W8PIpH69KHa,6,progressive,none,distinct,1 4 6 7 8 10
661WChfZ5GJ1MW,6,plain,none,mixed,2 2 5 6 10 11
661W2fK88bL2AK,6,distinct,none,distinct,1 3 4 5 7 16
661W43qo4bYdcA,6,progressive,none,distinct,1 3 4 7 10 11
661WGGYaI4Eqgr,6,progressive,none,distinct,2 3 4 8 9 10
661W6fqX1rn10m,6,distinct,none,distinct,1 2 3 7 10 13
661WAP1LA49oDC,6,plain,none,mixed,3 3 4 5 10 11
661W4IAN2fpAjO,6,progressive,none,distinct,2 4 6 7 8 9
661W9Jd2aa90nY,6,progressive,none,distinct,2 3 4 7 8 12
661WCJZ48CeaX2,6,progressive,none,distinct,1 3 4 8 9 11
661W48ss8ACgX4,6,progressive,none,distinct,2 3 4 7 8 12
661WjdMN80AG_2,6,progressive,none,distinct,1 5 6 7 8 9
661WOBsimGN511,6,progressive,none,distinct,1 2 4 8 10 11
661WJ7o40BbJb2,6,progressive,none,distinct,1 4 5 7 9 10
661WaJ2b8PYZCv,6,progressive,none,distinct,1 2 6 7 8 12
661W4R0vnjZZ2W,6,plain,none,mixed,2 2 4 5 11 12
661W3JyK8DJLj4,6,progressive,none,distinct,1 3 6 7 9 10
661WC6C8XIfMj4,6,progressive,none,distinct,1 3 4 8 9 11
661Wf0OX8G0CTt,6,plain,none,mixed,2 2 3 3 4 22
661W8IIse8XhZ1,6,distinct,none,distinct,1 3 6 7 9 10
661W5yuWYL9LZm,6,progressive,none,distinct,2 4 6 7 8 9
661WYgnYb9X390,6,progressive,none,distinct,1 4 5 6 9 11
661WCOLggC43H1,6,distinct,none,distinct,1 2 3 5 9 16
661W1CKMfPACdI,6,plain,none,mixed,2 4 5 5 8 12
661WJVQWeaRCRW,6,progressive,none,distinct,2 3 4 5 10 12
661WKjjS12Pgnm,6,progressive,none,distinct,1 4 6 7 8 10
661W0OfM4bAD66,6,progressive,none,distinct,1 3 5 8 9 10
661WVQoX2D8X80,6,progressive,none,distinct,1 3 4 7 10 11
661WXMrA53226L,6,progressive,none,progressive,1 3 5 7 9 11
661WYaodK15oaX,6,plain,none,mixed,3 3 4 7 8 11
661WGB1GOONcfK,6,plain,none,mixed,1 1 4 7 8 15
661WJoaY4a35g4,6,plain,none,mixed,1 3 3 7 8 14
661WGgj12GBMb6,6,progressive,none,distinct,2 4 5 7 8 10
661W2uHs4jPj1K,6,progressive,none,distinct,1 4 5 7 8 11
661W8GtZc8OY0Y,6,progressive,none,distinct,1 3 4 8 9 11
661W8XPZ28JYM4,6,progressive,none,distinct,1 4 6 7 8 10
661WPobgH1HXHY,6,progressive,none,distinct,2 3 5 7 8 11
661W4afZ6X352K,6,progressive,none,distinct,2 3 4 6 7 14
661W9AHeneOr11,6,plain,none,mixed,1 2 5 9 9 10
661WW4AY4a8n3M,6,plain,none,mixed,1 2 2 6 8 17
661W1jenYeo79H,6,plain,none,mixed,3 3 4 4 7 15
661WLQby0J6J14,6,plain,none,mixed,3 3 3 7 8 12
661WeX3V2a6f34,6,progressive,none,distinct,1 2 5 8 9 11
661W4RCI5GPKb5,6,plain,none,mixed,1 5 6 8 8 8
661WehEh41qSM8,6,progressive,none,distinct,1 3 5 8 9 10
661W72BaZWnRT6,6,progressive,none,distinct,1 2 5 7 10 11
661WEJbAf8ae82,6,distinct,none,distinct,1 2 4 5 8 16
661WbDIemGeX5H,6,plain,none,mixed,2 3 6 6 8 11
661WZgh522tCqK,6,progressive,none,distinct,1 4 5 7 8 11
661W48Pp98GfHe,6,distinct,none,distinct,2 3 5 6 8 12
661WG8kh2QZrM4,6,progressive,none,distinct,2 3 6 7 8 10
661WIMfI2OIaO2,6,progressive,none,distinct,1 3 4 7 10 11
661WbDPIm0aepq,6,plain,none,mixed,2 2 4 7 10 11
661W4aep0b9Hw6,6,plain,none,mixed,1 1 4 9 9 12
661WHkmEG99PhE,6,progressive,none,distinct,1 3 4 8 9 11
661WLKgIaHZnQW,6,progressive,none,distinct,2 3 5 6 9 11
661WQfgH28IJk2,6,distinct,none,distinct,1 2 5 6 10 12
661W8YkWWMluog,6,progressive,none,distinct,2 3 5 7 8 11
661Wjqfx2Kc982,6,progressive,none,distinct,2 3 5 7 9 10
661W8fHo4GYXgI,6,plain,none,mixed,1 5 5 7 7 11
661W4WXL2bBDo6,6,plain,none,mixed,1 4 6 6 9 10
661W21ZM2Ib8nK,6,plain,none,mixed,1 3 4 6 6 16
661W11y2aWvHtf,6,progressive,none,distinct,1 2 3 8 10 12
661W3x0YbDBrD8,6,progressive,none,distinct,1 3 6 7 9 10
661WBHIY4enGaO,6,progressive,none,distinct,1 3 5 8 9 10
661W4HMsZ89Eo2,6,progressive,none,distinct,2 4 5 7 8 10
661WCGZGWKfXhH,6,plain,none,mixed,2 2 5 6 9 12
661WGGrJ68AH7C,6,progressive,none,distinct,2 4 5 7 8 10
661W6KYp648s6I,6,progressive,none,distinct,1 3 5 6 9 12
661W8HrI2C9oI2,6,plain,none,mixed,1 1 7 8 9 10
661Wiccu03fb9C,6,plain,none,mixed,1 3 3 6 9 14
661WSfIMp04rI0,6,progressive,none,distinct,1 4 5 6 9 11
661WGZ9YhfWeJ8,6,plain,none,mixed,2 2 3 5 9 15
661WZ9muA6ewv4,6,progressive,none,distinct,1 2 6 8 9 10
661W12AcYgKXog,6,distinct,none,distinct,2 3 4 5 7 15
661WWId61nAgKe,6,progressive,none,distinct,1 2 6 8 9 10
661Wb8qcj0vXaA,6,progressive,none,distinct,2 4 5 7 8 10
661WbfIIbOIK68,6,progressive,none,distinct,2 4 5 6 8 11
661W0er70f9Qgr,6,progressive,none,distinct,1 4 6 7 8 10
661WYGIQb3E_A0,6,distinct,none,distinct,2 3 4 7 9 11
661W4DTc1Oeeoq,6,progressive,none,distinct,2 4 5 6 8 11
661W5KefYo8Lf5,6,plain,none,mixed,1 3 4 7 7 14
661W1nwk4acfa4,6,progressive,none,distinct,2 3 4 6 9 12
661W4QzC8K4K2C,6,distinct,none,distinct,1 2 3 5 12 13
661W8LzWe4H8rs,6,progressive,none,distinct,2 3 5 7 9 10
661WH3jX4LXWo8,6,distinct,none,distinct,1 2 3 8 10 12
661Wuaym1aHcD1,6,plain,none,mixed,1 1 2 4 7 21
661W80LX6ACTiO,6,plain,none,mixed,1 3 3 6 8 15
661WZOqe02vrf2,6,plain,none,mixed,2 3 6 7 7 11
661WAKXGe6CRMa,6,progressive,none,distinct,2 4 5 6 7 12
661WpJJ802RJ2K,6,distinct,none,distinct,1 3 4 6 8 14
661W7EQY1PIKma,6,progressive,none,distinct,1 3 5 8 9 10
661W4wKqiXhKma,6,progressive,none,distinct,1 4 5 7 8 11
661WPLYGWbeZ6H,6,plain,none,mixed,2 4 5 5 6 14
661WHOrZ89vz0X,6,plain,none,mixed,2 2 6 6 6 14
661W8Gv1nCSwoA,6,progressive,none,distinct,2 3 5 7 9 10
661W0SRR1IfrPm,6,progressive,none,distinct,1 5 6 7 8 9
661WGLob4GYBKn,6,progressive,none,distinct,1 3 6 7 9 10
661WGSiQG0MhhO,6,progressive,none,distinct,1 3 5 6 10 11
661WG0BJXhKuH8,6,distinct,none,distinct,1 2 4 5 6 18
661W4Ibn4fhLJ0,6,plain,none,mixed,1 4 4 4 9 14
661WXsj281BS8K,6,plain,none,mixed,1 2 5 5 9 14
661W5QpN9HI6JW,6,progressive,none,distinct,1 4 5 7 9 10
661W8kIa08pEPh,6,progressive,none,distinct,2 4 5 6 9 10
661Wb5TY44nYF2,6,progressive,none,distinct,1 5 6 7 8 9
661WHXfJbWWYL4,6,plain,none,mixed,3 3 3 5 10 12
661W4Pn6H8LKIb,6,progressive,none,distinct,1 5 6 7 8 9
661W4QtgqGCi11,6,progressive,none,distinct,2 3 4 8 9 10
661WCep9m2BXWZ,6,plain,none,mixed,1 1 4 9 10 11
661W8iOaK4FQeK,6,plain,none,mixed,2 2 3 5 11 13
661WGW0aqbDIti,6,distinct,none,distinct,2 3 5 6 8 12
661W3XMb2ewCS8,6,progressive,none,distinct,1 3 6 7 8 11
661WhHoK40WwZK,6,progressive,none,distinct,1 4 5 7 8 11
661W2bpI1b9YIg,6,progressive,none,distinct,1 2 6 7 9 11
661WZ6pZ6COI40,6,progressive,none,distinct,2 3 4 6 10 11
661W6ig4BX1oXc,6,progressive,none,distinct,1 3 6 7 8 11
661WIwIY4GHrXI,6,distinct,none,distinct,1 2 6 8 9 10
661Wd9H3a4emR5,6,distinct,none,distinct,1 4 5 6 7 13
661WvGX34G20XZ,6,plain,none,mixed,1 2 2 4 12 15
661WGhnX2GJ4cC,6,plain,none,mixed,2 4 5 6 6 13
661W19JBnevJPG,6,plain,none,mixed,3 3 4 7 9 10
661W1E0h2HUzEK,6,progressive,none,distinct,1 2 6 7 9 11
661W1dM4m7AjSo,6,progressive,none,distinct,1 3 5 8 9 10
661WWOZVO1AYvK,6,progressive,none,distinct,1 2 6 7 9 11
661W8IcP3I8mXa,6,distinct,none,distinct,1 3 4 7 9 12
661W8mseWZTgJa,6,plain,none,mixed,1 4 7 7 8 9
661W8c8OaMsf2H,6,distinct,none,distinct,1 3 4 5 10 13
661W1PJ2WafrOo,6,progressive,none,distinct,1 3 5 8 9 10
661W5MUzxX2pe0,6,progressive,none,distinct,2 4 5 7 8 10
661W5PX32XYYLA,6,plain,none,mixed,3 4 4 5 7 13
661W0fBhn8UDVG,6,progressive,none,distinct,2 4 5 7 8 10
661WGyV24OgZA4,6,progressive,none,distinct,2 4 6 7 8 9
661WDRAGWifGb1,6,distinct,none,distinct,2 3 5 7 8 11
661WpLojP0geK1,6,progressive,none,distinct,1 2 4 8 10 11
661WOmH6aKfBX1,6,plain,none,mixed,2 4 5 5 8 12
661W8KId98GAau,6,distinct,none,distinct,1 4 5 6 7 13
661W5PA24ivK44,6,plain,none,mixed,2 3 5 6 6 14
661W7_AvZWVhG0,6,progressive,none,distinct,1 5 6 7 8 9
661WeQr91Hd9um,6,progressive,none,distinct,2 4 5 7 8 10
661W24qP0OjPtf,6,progressive,none,distinct,2 3 5 7 8 11
661W0QtZMI8a9I,6,progressive,none,distinct,1 4 5 6 8 12
661W08q9IOvnen,6,plain,none,mixed,2 3 3 6 11 11
661WKbHIgAKWUm,6,plain,none,mixed,2 2 6 7 8 11
661WAsbw04cB56,6,plain,none,mixed,1 4 6 7 7 11
661WeLR4YY5JZm,6,progressive,none,distinct,1 3 6 7 8 11
661W5AS68WOnMf,6,progressive,none,distinct,1 4 5 7 9 10
661WCh214AdQq8,6,plain,none,mixed,3 3 4 6 7 13
661W88R4k48bpe,6,progressive,none,distinct,1 4 5 6 7 13
661W5iRMXagj84,6,distinct,none,distinct,2 3 4 5 9 13
661W1bBsWYcrPa,6,plain,none,mixed,1 3 7 7 9 9
661W8c0o0AtljC,6,plain,none,mixed,3 4 6 6 7 10
661W4IYMGGKynb,6,distinct,none,distinct,1 4 5 6 9 11
661WKgif08bBN2,6,progressive,none,distinct,2 4 5 7 8 10
661W1KHAYL6Bbw,6,progressive,none,progressive,1 3 5 7 9 11
661WPh2MC904jS,6,distinct,none,distinct,2 3 4 7 8 12
661W1Id21JEifJ,6,progressive,none,distinct,1 5 6 7 8 9
661WL7oAGBD9l6,6,progressive,none,distinct,1 4 5 7 8 11
661W8HQb2GWQs4,6,plain,none,mixed,1 2 6 7 10 10
661WZ6Ra90GetY,6,progressive,none,distinct,1 3 5 6 9 12
661WaJXcImLLH2,6,progressive,none,distinct,1 4 6 7 8 10
661WGGPOn4AJZ8,6,plain,none,mixed,2 2 4 8 8 12
661WGX9Qn29oKe,6,progressive,none,distinct,1 4 6 7 8 10
661WDQzl816GKC,6,progressive,none,distinct,1 4 5 7 9 10
661WS8OePGhQqa,6,plain,none,mixed,1 3 5 7 10 10
661WAKKI58Op63,6,progressive,none,distinct,1 4 5 7 9 10
661WGZ5abK0uZ5,6,distinct,none,distinct,1 2 3 5 12 13
661WhFJ228WLIC,6,plain,none,mixed,2 3 5 8 8 10
661W8jrCs0JPOg,6,progressive,none,distinct,1 3 6 7 9 10
661WOXh6fGYAb4,6,progressive,none,distinct,1 4 5 7 8 11
661W5etC8R9WZ6,6,progressive,none,distinct,2 3 5 6 9 11
661WAD15M8L-a0,6,plain,none,mixed,2 3 3 6 9 13
661WmKY19aAiPg,6,plain,none,mixed,1 3 3 5 9 15
661W5xi8G1Ard6,6,progressive,none,distinct,2 3 5 7 9 10
661W48KM6OfAp2,6,progressive,none,distinct,1 5 6 7 8 9
661WJfX2aPG2f3,6,plain,none,mixed,1 3 3 5 9 15
661WIdaX0KHZ4X,6,distinct,none,distinct,1 2 5 6 9 13
661WZEQo25Q4w2,6,plain,none,mixed,2 4 4 5 6 15
661W4egCqb1g47,6,distinct,none,distinct,1 2 5 6 10 12
661WGIWo8OIjfK,6,plain,none,mixed,1 4 7 7 8 9
661W4NQH2OHMYI,6,distinct,none,distinct,1 3 5 8 9 10
661W2UZL9GnCra,6,progressive,none,distinct,3 4 5 7 8 9
661WEkqf4ZoYG8,6,plain,none,mixed,2 3 5 5 10 11
661W8mOg2IhIo8,6,progressive,none,distinct,1 5 6 7 8 9
661W0ZUXmfjAJ9,6,distinct,none,distinct,2 3 4 6 10 11
661WXCEp07t_9Z,6,progressive,none,distinct,2 3 4 8 9 10
661WHfPIm1bhOu,6,progressive,none,distinct,1 2 6 7 8 12
661WobUP49DAJ0,6,progressive,none,distinct,1 5 6 7 8 9
661W593KaqfR21,6,progressive,none,distinct,1 4 5 7 8 11
661WKfD6j4Gn62,6,plain,none,mixed,2 2 6 7 7 12
661WB5ZeW3hJ5H,6,progressive,none,distinct,1 2 6 7 9 11
661WA8Z948SVoK,6,progressive,none,distinct,1 3 6 7 8 11
661WifTwA1NYH8,6,plain,none,mixed,2 3 6 6 9 10
661WSxMKG4aZ22,6,distinct,none,distinct,2 4 5 6 7 12
661WB8LO1JIXh5,6,progressive,none,distinct,1 2 4 5 11 13
661WPEINB1GKNm,6,progressive,none,distinct,1 3 4 7 10 11
661WmaXfI5BL88,6,progressive,none,distinct,1 2 5 7 9 12
661WbWWamAssdD,6,progressive,none,distinct,1 3 4 8 9 11
661W0ESpKIfIPG,6,plain,none,mixed,1 3 7 7 8 10
661WRQSqXZCIe8,6,distinct,none,distinct,2 3 4 5 9 13
661W6srq8OgK54,6,plain,none,mixed,1 5 5 5 6 14
661WGX0o86EzfK,6,progressive,none,distinct,2 3 4 8 9 10
661WCPmM1ALnIY,6,progressive,none,distinct,1 3 6 7 8 11
661WCbIb126b6q,6,progressive,none,progressive,1 3 5 7 9 11
661W8H4P8CLALC,6,progressive,none,distinct,1 3 6 7 8 11
661WILU88OlX44,6,plain,none,mixed,3 3 4 5 7 14
661W07bJ5KHY5q,6,progressive,none,distinct,1 2 4 8 9 12
661W1BlChZZ4ba,6,progressive,none,distinct,1 4 5 7 9 10
661WenYqf10JbC,6,plain,none,mixed,3 4 6 6 6 11
661WDDhJqNB2eW,6,progressive,none,distinct,1 4 6 7 8 10
661W8WsKeSZY25,6,distinct,none,distinct,1 2 5 8 9 11
661Wa8cK8BEd22,6,plain,none,mixed,2 3 3 8 9 11
661Wqeo9HW9nae,6,progressive,none,distinct,1 4 5 7 9 10
661W980o6uGbbj,6,plain,none,mixed,1 2 5 5 10 13
661WHL97OJ3nJI,6,progressive,none,distinct,1 3 6 7 9 10
661WfMMY44GMiG,6,progressive,none,distinct,2 3 4 7 9 11
661WObi424PFUG,6,distinct,none,distinct,2 3 4 6 7 14
661WSX4Z08PMMj,6,progressive,none,distinct,1 4 6 7 8 10
661W8D2B0IiSav,6,distinct,none,distinct,1 2 4 5 7 17
661WnOqX4CpaK8,6,distinct,none,distinct,1 3 5 6 9 12
661WegEqiWgbLY,6,progressive,none,distinct,1 4 6 7 8 10
661WbWBI8LBkb4,6,progressive,none,distinct,2 3 6 7 8 10
661W4GnobnZ4aC,6,plain,none,mixed,3 3 4 7 7 12
661W2WuaWZ7Ll9,6,progressive,none,distinct,1 4 5 6 9 11
661WIfHIG04fxb,6,plain,none,mixed,2 4 5 5 7 13
661WaXT681P3xx,6,progressive,none,distinct,2 3 4 8 9 10
661WZAobC0neP2,6,progressive,none,distinct,1 2 5 7 9 12
661W4HI4s8LdGY,6,distinct,none,distinct,1 2 3 5 9 16
661WIGYiOKZX1I,6,distinct,none,distinct,1 2 5 7 10 11
661WGXBU844Xpf,6,progressive,none,distinct,2 3 5 6 9 11
661WCuXK0IcGbE,6,progressive,none,distinct,1 4 5 7 9 10
661WYcoc91n3oi,6,progressive,none,distinct,1 2 6 8 9 10
661WCKhNB8Ge91,6,progressive,none,distinct,1 2 6 8 9 10
661WNDzPg1rXW1,6,progressive,none,distinct,1 5 6 7 8 9
661W0sIK88pMhC,6,plain,none,mixed,1 4 6 6 9 10
661W0NZ6COX5AC,6,progressive,none,distinct,1 4 5 7 9 10
661W8GX4424RdE,6,plain,none,mixed,3 3 3 6 7 14
661W08p56bAlY4,6,progressive,none,distinct,1 4 5 7 9 10
661WfnAOqH82Kf,6,plain,none,mixed,2 3 3 6 7 15
661WIhHIXGn3QW,6,plain,none,mixed,1 4 4 5 8 14
661WAIqf0IX14v,6,plain,none,mixed,1 3 6 6 6 14
661W34YvZo8Z64,6,plain,none,mixed,1 3 3 5 9 15
661W8J_w92f8a3,6,progressive,none,distinct,1 2 6 8 9 10
661WIgjR0IeIv8,6,progressive,none,distinct,1 3 4 7 9 12
661WAdK01KJ265,6,distinct,none,distinct,1 2 4 5 6 18
661W5IKaaWO_oc,6,progressive,none,distinct,3 4 5 7 8 9
661W16Rh8arRIG,6,distinct,none,distinct,2 3 4 6 10 11
661WOorTi0aIJ5,6,progressive,none,distinct,2 4 6 7 8 9
661WYhMkv1WOf0,6,distinct,none,distinct,1 4 5 7 9 10
661WQ8GYb8IXf1,6,plain,none,mixed,1 1 4 8 10 12
661W8nIY926poa,6,plain,none,mixed,2 2 3 6 8 15
661W8oStUXi2a2,6,progressive,none,distinct,1 2 6 7 8 12
661W1LHYCafyDI,6,plain,none,mixed,1 5 5 6 8 11
661W58ZuOezIY2,6,progressive,none,distinct,1 4 5 7 9 10
661W32WYYJMljf,6,plain,none,mixed,2 6 6 6 8 8
661Wcpc245WrA4,6,plain,none,mixed,1 5 5 7 8 10
661Wn8ofm1hb4g,6,progressive,none,distinct,1 4 5 6 9 11
661WGM4668hArI,6,plain,none,mixed,1 5 6 6 6 12
661W6Av92AfHi4,6,progressive,none,distinct,1 4 6 7 8 10
661WETAvo09Z1W,6,progressive,none,distinct,1 2 6 7 8 12
661W8IIHK8rvdf,6,progressive,none,distinct,2 3 5 7 9 10
661WeI4Z6evn24,6,plain,none,mixed,1 5 6 6 7 11
661W3f2Q4ZfI86,6,plain,none,mixed,1 1 5 6 7 16
661W2KpiK48ii8,6,plain,none,mixed,2 2 3 4 12 13
661WOsra84WKkK,6,plain,none,mixed,3 3 4 6 10 10
661W4nIZp4EEb8,6,progressive,none,distinct,2 4 5 6 9 10
661W4AnIA8XAI6,6,progressive,none,distinct,1 2 6 8 9 10
661WKbhHm69GeX,6,progressive,none,distinct,1 2 6 8 9 10
661WWvZSS51CbC,6,progressive,none,distinct,1 2 6 8 9 10
661WPAQL2B4raA,6,progressive,none,distinct,2 4 5 6 8 11
661WKXY224BsK8,6,progressive,none,distinct,1 2 6 7 8 12
661WGHrLA4RI32,6,plain,none,mixed,3 4 4 7 8 10
661WLPiw89sec2,6,progressive,none,distinct,3 4 5 6 8 10
661WbqniA0kI9h,6,progressive,none,distinct,1 2 3 8 10 12
661WOoX54Cg9o4,6,plain,none,mixed,1 5 5 8 8 9
661W9184mVwfIg,6,progressive,none,distinct,1 2 4 8 10 11
661WbHaA82vz24,6,progressive,none,distinct,1 4 5 6 8 12
661WCL9wLOvH91,6,progressive,none,distinct,1 2 4 6 11 12
661WrRr6K0FY24,6,progressive,none,distinct,1 3 6 7 9 10
661WbAgeo4OY7e,6,progressive,none,distinct,2 4 5 6 8 11
661W1hKCWb5phL,6,progressive,none,distinct,2 3 4 8 9 10
661WBOM25inn81,6,plain,none,mixed,1 1 5 7 8 14
661W1Io7XYKrzO,6,progressive,none,distinct,1 4 6 7 8 10
661WnHKf8Gsd8n,6,progressive,none,distinct,2 4 5 6 9 10
661W4YS364wrc4,6,progressive,none,distinct,1 2 6 8 9 10
661W1aVmoLTgqm,6,progressive,none,distinct,1 3 6 7 9 10
661W4bDHZ4QqWm,6,progressive,none,distinct,1 2 5 8 9 11
661W8PUbAj3444,6,progressive,none,distinct,1 3 6 7 9 10
661W8T2a449l9A,6,progressive,none,distinct,1 4 5 7 9 10
661W8Gd85hAWnY,6,plain,none,mixed,2 2 3 7 10 12
661W4aooKhHnD4,6,progressive,none,distinct,1 5 6 7 8 9
661WMdDc0GBkNZ,6,progressive,none,distinct,2 4 5 7 8 10
661W2XLTKGxkw2,6,progressive,none,distinct,3 4 5 7 8 9
661W8YHPYAgHcg,6,plain,none,mixed,3 3 3 6 7 14
661W4OrK288Tn6,6,progressive,none,distinct,1 2 6 7 8 12
661W4iI5WZ5hLo,6,progressive,none,distinct,1 3 6 7 9 10
661W45DtXATJU0,6,progressive,none,distinct,2 3 5 7 8 11
661W402XYMjhTP,6,progressive,none,distinct,2 3 4 6 10 11
661W2r4Kf4RZ68,6,distinct,none,distinct,1 2 4 7 10 12
661WGJg4GIJBMb,6,progressive,none,distinct,1 2 6 8 9 10
661WMTB484BH64,6,distinct,none,distinct,2 3 4 7 9 11
661WflS5418zgf,6,progressive,none,distinct,2 4 5 6 9 10
661W1vGa1RLKcD,6,progressive,none,distinct,1 2 3 9 10 11
661W69xMZGX9S0,6,progressive,none,distinct,1 3 6 7 9 10
661WafpMf11921,6,progressive,none,distinct,1 3 6 7 8 11
661WGOkMj8Aab4,6,progressive,none,distinct,3 4 5 7 8 9
661WDGKG0NMlIZ,6,progressive,none,distinct,1 4 6 7 8 10
661WGEjQCIMc82,6,progressive,none,distinct,2 3 5 7 8 11
661W85kdX89Dgo,6,distinct,none,distinct,2 3 4 5 9 13
661W5HA78HYMr6,6,progressive,none,distinct,1 5 6 7 8 9
661WAb9bHX4rAa,6,progressive,none,distinct,2 3 5 7 9 10
661W8QGb1jhOum,6,progressive,none,distinct,2 3 4 7 9 11
661WAfLjAAAm92,6,progressive,none,distinct,2 3 4 7 9 11
661W8IaakGOf1Y,6,progressive,none,distinct,1 3 6 7 8 11
661WHllA930wOa,6,progressive,none,distinct,1 3 6 7 9 10
661WGGewKKhHX8,6,progressive,none,distinct,2 4 5 7 8 10
661W8GXqAKfGYZ,6,plain,none,mixed,2 4 6 6 7 11
661WKJ6JOIBCn4,6,plain,none,mixed,1 1 2 7 7 18
661WBd9obeI130,6,plain,none,mixed,1 2 5 5 6 17
661WIWYrcGXuYH,6,plain,none,mixed,1 3 4 4 10 14
661WZWZ78AtKP2,6,progressive,none,distinct,2 4 5 6 7 12
661W6ahP0KdymZ,6,progressive,none,distinct,1 4 6 7 8 10
661WnHQepGB23e,6,progressive,none,distinct,1 2 5 8 9 11
661WMep7225XP2,6,progressive,none,distinct,1 4 5 6 9 11
661WOfD2889-4C,6,distinct,none,distinct,1 3 5 6 8 13
661W8YpZ5GoIae,6,progressive,none,distinct,2 3 5 7 9 10
661W5wYb3XHDKe,6,progressive,none,distinct,1 4 5 7 9 10
661WjRIqO2HGY2,6,progressive,none,distinct,1 5 6 7 8 9
661WYXRML177f9,6,progressive,none,distinct,1 4 6 7 8 10
661WeUAcfHIAg6,6,plain,none,mixed,2 2 6 7 7 12
661W4PN124HreG,6,progressive,none,distinct,1 2 3 9 10 11
661WGGfQn4EQ44,6,plain,none,mixed,2 2 3 8 10 11
661WGQMb64pE48,6,plain,none,mixed,1 6 6 7 8 8
661WG3v4brPAZC,6,progressive,none,distinct,1 2 5 6 10 12
661WYNsgC5cmc4,6,progressive,none,distinct,3 4 5 7 8 9
661W9BIkaD72gN,6,progressive,none,distinct,1 4 5 7 9 10
661WGWoaOIXX5A,6,plain,none,mixed,1 4 4 8 9 10
661W5HfoCemj18,6,plain,none,mixed,1 3 7 8 8 9
661W5ZTL5XgjaY,6,progressive,none,distinct,1 4 6 7 8 10
661W94QKWJ6jSq,6,progressive,none,distinct,2 3 4 7 8 12
661W4Ob24Kvq48,6,plain,none,mixed,2 4 4 6 7 13
661WarQX19GMYq,6,plain,none,mixed,2 5 5 5 8 11
661W3IGLee0Uwb,6,plain,none,mixed,2 2 2 4 6 20
661WhnY39H0uWm,6,plain,none,mixed,1 2 4 4 10 15
661WkzL125GZW8,6,plain,none,mixed,2 2 5 6 10 11
661WnGi8G2xnZA,6,progressive,none,distinct,1 3 6 7 9 10
661WpILnI0ERHK,6,progressive,none,distinct,1 3 5 8 9 10
661WAPL124Hbg4,6,distinct,none,distinct,2 3 5 7 9 10
661WKIW8WIQsbB,6,progressive,none,distinct,1 2 5 7 10 11
661W3AWN5YKpha,6,plain,none,mixed,3 4 4 6 9 10
661WZOnHI6fKh0,6,progressive,none,distinct,1 4 6 7 8 10
661WOnCvg0KZ4g,6,progressive,none,distinct,2 3 6 7 8 10
661W6fMn0hCfII,6,progressive,none,distinct,1 5 6 7 8 9
661W8GZY2Onmo4,6,progressive,none,distinct,1 3 6 7 9 10
661WCvoSYb5eI1,6,progressive,none,distinct,1 4 5 7 8 11
661W4EU6XMCfh0,6,plain,none,mixed,2 2 2 7 11 12
661W5gIoGa-CY6,6,progressive,none,distinct,1 4 5 6 9 11
661WXGYX3Kfb8m,6,distinct,none,distinct,1 2 5 7 10 11
661W3N6wi97Isa,6,progressive,none,distinct,3 4 5 7 8 9
661WACTPA2Gip2,6,plain,none,mixed,2 4 4 4 7 15
661W97Kg4JoXaG,6,progressive,none,distinct,1 3 4 8 9 11
661Wcbv2I30YQ4,6,plain,none,mixed,1 1 3 8 9 14
661W8IjabK0P3A,6,plain,none,mixed,2 2 3 6 8 15
661WIBY2a8YsvY,6,progressive,none,distinct,2 3 4 8 9 10
661WKH3842FgjQ,6,progressive,none,distinct,2 3 5 7 9 10
661WChZ1KAYJo4,6,progressive,none,distinct,1 5 6 7 8 9
661WgKZ5AeGWW8,6,distinct,none,distinct,1 2 5 6 8 14
661W8wISGCYlIZ,6,progressive,none,distinct,1 2 6 7 8 12
661WOpQ2AAapK4,6,progressive,none,distinct,2 4 5 7 8 10
661WGnh10Kh1Yf,6,plain,none,mixed,1 4 4 6 9 12
661WGHpX4GYMwK,6,plain,none,mixed,2 4 5 7 7 11
661WeHIIaa9p21,6,progressive,none,distinct,1 2 6 8 9 10
661WO8tnYKpL21,6,progressive,none,distinct,1 4 5 7 9 10
661W0D8kQGfpwG,6,progressive,none,distinct,2 3 4 8 9 10
661W0SdEOXIcKn,6,progressive,none,distinct,1 3 6 7 9 10
661WGWpZM4Dg24,6,progressive,none,distinct,2 4 5 6 9 10
661W39HJXmXYR2,6,distinct,none,distinct,1 2 5 6 8 14
661WROY8m5fof1,6,plain,none,mixed,2 3 3 8 9 11
661WeGWnZHZ114,6,plain,none,mixed,2 2 3 4 10 15
661W3Qcle9MBeY,6,progressive,none,distinct,2 4 6 7 8 9
661W0DYKKIWhAQ,6,plain,none,mixed,1 1 5 8 10 11
661WALipK4TP1X,6,progressive,none,distinct,2 4 6 7 8 9
661WGhGXb8obH0,6,distinct,none,distinct,1 3 4 5 11 12
661WH8i44g_k44,6,plain,none,mixed,3 3 4 5 7 14
661WWYaqA1vvo2,6,plain,none,mixed,2 2 3 7 9 13
661WGFaK4GRDUh,6,progressive,none,progressive,1 3 5 7 9 11
661WWnAN25AQb4,6,plain,none,mixed,1 5 7 7 7 9
661W1CfIYJdE8n,6,progressive,none,distinct,2 3 4 7 9 11
661W2Kpk5jMGa1,6,progressive,none,progressive,1 3 5 7 9 11
661W0MDAgGbDQo,6,progressive,none,distinct,2 3 5 7 9 10
661WWXGGiZ5ZKi,6,plain,none,mixed,1 2 2 5 9 17
661W83AR1pwGHe,6,distinct,none,distinct,1 3 4 5 7 16
661W15L5eamvLo,6,distinct,none,distinct,1 4 5 6 8 12
661W2kmjWrLniY,6,progressive,none,distinct,1 4 6 7 8 10
661W4fj22bGYKC,6,distinct,none,distinct,1 4 5 7 9 10
661WKXCiK8Aj3A,6,plain,none,mixed,2 3 3 3 9 16
661W4vRK4fGV42,6,progressive,none,distinct,1 4 6 7 8 10
661W8QnHoIGXeq,6,distinct,none,distinct,1 4 5 7 8 11
661W8HXPIKafo2,6,progressive,none,distinct,2 3 6 7 8 10
661W28pb6GXw92,6,progressive,none,distinct,1 4 5 7 9 10
661WWjyan5Loe6,6,progressive,none,distinct,1 2 6 7 9 11
661WOc1o28mbRC,6,progressive,none,distinct,1 4 5 7 9 10
661W4AJ1GGKPtE,6,distinct,none,distinct,2 3 4 7 8 12
661W5HEX0efKgv,6,progressive,none,distinct,2 4 5 6 8 11
661Wha9I4OoX22,6,progressive,none,distinct,2 3 4 8 9 10
661WG13Z4b9ZKf,6,plain,none,mixed,2 2 3 7 8 14
661W8Os2f88yIc,6,progressive,none,distinct,2 3 6 7 8 10
661WeIjMYafAK1,6,progressive,none,distinct,1 5 6 7 8 9
661W8JIai8WhHY,6,progressive,none,distinct,1 4 5 7 9 10
661WXJAm20Hrgx,6,plain,none,mixed,2 2 2 6 8 16
661W2gNl4bbZO0,6,distinct,none,distinct,2 4 5 6 7 12
661W6ayi8f5Hi4,6,progressive,none,distinct,1 3 4 8 9 11
661W18yo5anXfP,6,progressive,none,distinct,1 4 5 7 9 10
661WMGtE8IpAA4,6,progressive,none,distinct,1 4 5 7 8 11
661WDNWaeWmnf9,6,progressive,none,distinct,1 3 6 7 9 10
661W1WZKaPHR6D,6,distinct,none,distinct,2 3 5 7 8 11
661Wf9enW4fraf,6,progressive,none,distinct,1 3 5 8 9 10
661W14sN2efvNG,6,progressive,none,distinct,1 4 5 7 8 11
661W4HRL1ALLbe,6,progressive,none,distinct,3 4 5 7 8 9
661W4RKi82nKfI,6,progressive,none,distinct,1 2 6 8 9 10
661WhHIjI4WAIK,6,plain,none,mixed,1 2 6 7 10 10
661WOGknW4QX0f,6,plain,none,mixed,1 1 3 9 10 12
661W1E8un9hMh8,6,progressive,none,distinct,1 3 4 8 9 11
661W4Ona98GqY5,6,progressive,none,distinct,1 3 6 7 9 10
661W4B5A8Obg8G,6,distinct,none,distinct,1 2 4 5 8 16
661Wf9ahLGPN4e,6,progressive,none,distinct,2 4 5 7 8 10
661W4X201b9IjR,6,plain,none,mixed,1 2 6 8 8 11
661W4GoYcGXs5f,6,plain,none,mixed,2 5 5 6 7 11
661W0fOpWhMCqe,6,progressive,none,distinct,1 3 4 8 9 11
661W9Ml56c4XoG,6,progressive,none,distinct,1 3 6 7 9 10
661WGT1R247jdK,6,plain,none,mixed,2 5 5 6 6 12
661W56iWvmjHh0,6,plain,none,mixed,1 1 5 8 10 11
661W5Z24aJKOfH,6,plain,none,mixed,2 2 3 5 6 18
661WHR4g19LCsj,6,progressive,none,distinct,1 4 5 7 9 10
661W8nWvMb0XH4,6,plain,none,mixed,1 2 5 5 10 13
661Wn6Bgf0UigI,6,progressive,none,distinct,2 3 4 8 9 10
661Wa8PHl5ATa0,6,distinct,none,distinct,1 3 5 7 8 12
661W6LBM825T22,6,distinct,none,distinct,1 2 4 7 9 13
661W4BH2g8WfKg,6,distinct,none,distinct,2 3 4 7 9 11
661WKgKr42k4H6,6,distinct,none,distinct,1 2 5 7 8 13
661W8G_wI8Ceq2,6,plain,none,mixed,3 3 3 7 10 10
661W48T40ASn4C,6,distinct,none,distinct,1 2 3 4 12 14
661W9IYAumOfZ5,6,progressive,none,distinct,1 5 6 7 8 9
661WYenPW3BLeb,6,distinct,none,distinct,2 3 4 8 9 10
661W8MiaXGviRe,6,progressive,none,distinct,2 4 5 6 9 10
661WHYWmfB535C,6,plain,none,mixed,2 3 4 4 8 15
661W1QgJ4HIqL6,6,progressive,none,distinct,1 4 5 7 9 10
661W0bELCOgCPG,6,plain,none,mixed,1 3 5 8 8 11
661WgaiOiaNXIW,6,plain,none,mixed,1 3 7 8 8 9
661W1KpdIJ6YKG,6,plain,none,mixed,1 3 5 9 9 9
661WGIb69GAPIa,6,progressive,none,distinct,1 3 6 7 9 10
661W1mjB8ggQab,6,plain,none,mixed,2 4 5 7 7 11
661W6wh24GoJ2O,6,progressive,none,distinct,1 4 5 7 9 10
661WA9IQ14DEh5,6,progressive,none,distinct,1 2 5 7 10 11
661W0XmaeZ5ob9,6,progressive,none,distinct,1 2 5 7 10 11
661W28WKiGXJxo,6,plain,none,mixed,1 4 4 6 9 12
661W2AJaOAnYf2,6,progressive,none,distinct,1 4 5 7 9 10
661W1bRMcH1g2u,6,progressive,none,distinct,1 2 5 7 10 11
661WXjIrbWYCMG,6,progressive,none,distinct,1 4 6 7 8 10
661W34HZIPMiy0,6,progressive,none,distinct,1 3 6 7 9 10
661WmfRO45CPfO,6,distinct,none,distinct,1 4 5 7 9 10
661W1-AaXfHENm,6,progressive,none,distinct,1 2 6 8 9 10
661WKeaK4Ovh22,6,plain,none,mixed,3 4 4 6 8 11
661W2Jh28CfUC4,6,plain,none,mixed,2 3 5 5 9 12
661W8P4T42LMvK,6,progressive,none,distinct,1 3 5 6 10 11
661W8mWr1Kh9Ha,6,distinct,none,distinct,1 4 5 7 9 10
661W0BZ7C8X2vI,6,progressive,none,distinct,1 4 5 7 8 11
661W2QPLKCjTT0,6,progressive,none,distinct,2 3 5 7 9 10
661W8opt02sB1b,6,progressive,none,distinct,1 3 5 8 9 10
661WGGIrAOp234,6,plain,none,mixed,1 5 5 6 9 10
661WfESf12X64q,6,plain,none,mixed,2 4 5 5 6 14
661W4oDhO0kNL6,6,progressive,none,distinct,1 2 6 8 9 10
661W4D9L5GXwfY,6,progressive,none,distinct,3 4 5 6 8 10
661W5hDH6b0Wr2,6,plain,none,mixed,1 3 4 6 11 11
661WX9WcjGWogM,6,plain,none,mixed,2 2 2 6 9 15
661W4hoenIR510,6,progressive,none,distinct,1 3 4 7 10 11
661WP1h48HZ2b6,6,progressive,none,distinct,1 3 5 8 9 10
661W0enc4Z7LX2,6,progressive,none,distinct,1 3 4 6 10 12
661WmXLY199ooa,6,progressive,none,distinct,1 3 6 7 9 10
661W0KQtmfMpIm,6,progressive,none,distinct,2 3 5 7 9 10
661W9IacqWSXnX,6,plain,none,mixed,2 3 6 6 7 12
661WfJzvA0r0a2,6,progressive,none,distinct,1 4 6 7 8 10
661WbJn04ILDbA,6,plain,none,mixed,2 3 5 6 6 14
661WgfAbh132AA,6,plain,none,mixed,2 2 4 5 11 12
661W4dM808sS_d,6,progressive,none,distinct,1 5 6 7 8 9
661WAKi04CGaOb,6,plain,none,mixed,1 2 3 3 9 18
661W0XX9CbDoq8,6,progressive,none,distinct,1 3 4 7 10 11
661W2Anc4Kvg92,6,plain,none,mixed,2 5 5 7 8 9
661W52jR4Z26L6,6,plain,none,mixed,1 4 4 5 5 17
661W8KndG4C9Kn,6,progressive,none,distinct,2 3 5 6 7 13
661WH1J489mvKf,6,progressive,none,distinct,1 4 5 6 9 11
661WBBnv4ZRIR0,6,progressive,none,distinct,1 3 6 7 8 11
661W0AGZPGKfgq,6,plain,none,mixed,1 4 4 5 9 13
661W9AXqKeK-Y2,6,plain,none,mixed,2 2 6 8 8 10
661WzdgKo84c4m,6,progressive,none,distinct,1 3 6 7 8 11
661Wb8LenGGXX2,6,plain,none,mixed,1 2 2 8 10 13
661WSfPcK04qa4,6,distinct,none,distinct,1 3 5 6 9 12
661WHs18AF9TQC,6,progressive,none,distinct,1 2 4 6 11 12
661W8tk8Gn8Y4K,6,plain,none,mixed,2 4 4 5 5 16
661W4ERd48nBGK,6,plain,none,mixed,2 2 5 7 9 11
661WEUr2WICOd5,6,progressive,none,distinct,2 4 5 7 8 10
661W8XwfAXE356,6,plain,none,mixed,1 3 3 4 9 16
661W8Ogq448j72,6,progressive,none,progressive,1 3 5 7 9 11
661W7gKDIX5Ig4,6,plain,none,mixed,1 5 5 5 6 14
661W8HLPKOnWt8,6,progressive,none,distinct,2 3 6 7 8 10
661WHZOX6eH2I8,6,distinct,none,distinct,1 2 4 7 9 13
661WTQKbeXf8H1,6,progressive,none,distinct,2 3 5 7 9 10
661W2CQY88Gvg4,6,plain,none,mixed,2 2 3 7 9 13
661W8GtN24GgJ4,6,progressive,none,distinct,2 4 5 7 8 10
661W9DHoqWaiYP,6,distinct,none,distinct,1 2 6 8 9 10
661W6bSag0Qrba,6,plain,none,mixed,3 3 5 6 6 13
661WGz2BK0AMPA,6,plain,none,mixed,1 4 5 5 10 11
661WX3hL0Ab2ad,6,distinct,none,distinct,1 3 5 6 10 11
661W091Nmrkiak,6,progressive,none,distinct,1 3 6 7 8 11
661WAEJ28GGTbA,6,progressive,none,distinct,2 3 5 7 8 11
661W9EiPKWnaLK,6,plain,none,mixed,2 2 4 5 6 17
661W12ALoWKfJ9,6,plain,none,mixed,3 3 3 5 7 15
661Wb9Y44af96C,6,plain,none,mixed,1 4 5 5 9 12
661WjfQIe2cvGe,6,progressive,none,distinct,2 3 5 7 9 10
661WWXYwf1DP34,6,progressive,none,distinct,1 2 3 8 10 12
661WCH2248HIjQ,6,plain,none,mixed,2 4 6 8 8 8
661WA62Z8GGzAj,6,plain,none,mixed,2 2 4 7 8 13
661WhFCf22H668,6,progressive,none,distinct,2 3 5 6 7 13
661W9xdA4WEE8G,6,distinct,none,distinct,1 3 5 6 7 14
661WIbHcs4Cf5W,6,progressive,none,distinct,2 3 4 8 9 10
661WrSv8XIAH86,6,plain,none,mixed,2 2 4 4 10 14
661W8RGsEKP4YZ,6,progressive,none,distinct,2 4 5 7 8 10
661WY4AggWCnJY,6,plain,none,mixed,1 3 4 4 5 19
661W4E4J48fIPE,6,progressive,none,progressive,1 3 5 7 9 11
661W5IZMEWGL2Z,6,plain,none,mixed,2 2 6 8 9 9
661WDQQqWWnAHf,6,distinct,none,distinct,2 3 5 6 8 12
661W2n234IdSP2,6,plain,none,mixed,1 3 5 7 7 13
661Wo59P8Lin3X,6,progressive,none,distinct,1 3 5 6 9 12
661W4ocjy0YbOo,6,progressive,none,distinct,2 4 5 6 9 10
661WbPfNH1cmL3,6,progressive,none,distinct,1 3 6 7 9 10
661WqbIb4a88S8,6,progressive,none,progressive,1 3 5 7 9 11
661Wecsk4m7faG,6,progressive,none,distinct,1 3 6 7 8 11
661WYrSY45IZYG,6,progressive,none,distinct,1 3 6 7 9 10
661WYAIrWmGfQX,6,plain,none,mixed,1 2 4 7 11 11
661W0Po24nYrKf,6,progressive,none,distinct,2 3 4 8 9 10
661WjOMsban8Y0,6,progressive,none,distinct,1 4 5 6 9 11
661WTKfTaL4Gum,6,progressive,none,distinct,2 3 6 7 8 10
661WCHGo4SuMY2,6,progressive,none,distinct,1 2 6 7 8 12
661W099OoZBsba,6,progressive,none,distinct,1 4 5 7 9 10
661WH1g245epMf,6,progressive,none,distinct,2 3 6 7 8 10
661W60iZ6OfJE4,6,progressive,none,distinct,1 2 6 7 8 12
661W15neOWiobI,6,distinct,none,distinct,1 2 5 8 9 11
661W5AhMCWn0bC,6,progressive,none,distinct,1 4 5 7 8 11
661W43B488WnhQ,6,distinct,none,distinct,1 2 4 7 8 14
661WJJB90JPcib,6,progressive,none,distinct,3 4 5 6 8 10
661W9-OuXaNhPW,6,progressive,none,distinct,1 3 6 7 9 10
661W5XhA2bcUK4,6,progressive,none,distinct,1 4 5 7 9 10
661WCvr9I0IXa8,6,progressive,none,distinct,2 3 4 8 9 10
661WGLgbGCV58b,6,progressive,none,distinct,2 3 6 7 8 10
661W2OW59KfNga,6,progressive,none,distinct,1 4 5 6 8 12
661W2BaSKXxFA2,6,progressive,none,distinct,1 3 5 7 8 12
661W2Yr6Y8gEUk,6,progressive,none,distinct,2 3 6 7 8 10
661WALof2IeY48,6,progressive,none,distinct,2 4 5 7 8 10
661W4EjAW4bAKs,6,progressive,none,distinct,2 3 6 7 8 10
661WBrGeGHApXA,6,progressive,none,distinct,2 3 4 8 9 10
661W26Qb88nAM4,6,progressive,none,distinct,1 3 6 7 8 11
661W54nX2LAN4n,6,progressive,none,distinct,1 2 5 7 9 12
661W91025PoXpc,6,plain,none,mixed,2 2 4 4 12 12
661WIIxb0IMOqK,6,progressive,none,distinct,1 2 5 8 9 11
661W4GsTK0KbNA,6,distinct,none,distinct,2 3 5 6 7 13
661WPHJKGesJ22,6,progressive,none,progressive,1 3 5 7 9 11
661Weif20JcEOb,6,progressive,none,distinct,2 3 5 6 9 11
661WCIDPOGKcaZ,6,plain,none,mixed,1 1 4 7 9 14
661W4rGXfX2lS2,6,plain,none,mixed,2 2 3 4 11 14
661WL6jSKH4QC2,6,plain,none,mixed,2 3 4 5 11 11
661WGljY88g-YG,6,plain,none,mixed,3 3 5 6 8 11
661WYErX4XhKKX,6,distinct,none,distinct,1 3 4 5 8 15
661WCc4B98dAiX,6,plain,none,mixed,1 4 4 4 6 17
661WjPoOY2fmZW,6,progressive,none,distinct,1 4 6 7 8 10
661WXd8oa1GXon,6,plain,none,mixed,2 3 3 4 11 13
661WGXZig0CYck,6,progressive,none,distinct,1 3 4 8 9 11
661W87jRGGHbRX,6,progressive,none,distinct,1 3 4 8 9 11
661W5VSOWYn4A1,6,plain,none,mixed,1 2 4 6 6 17
661WX36I24eGn6,6,distinct,none,distinct,1 2 4 5 7 17
661Wpen98GDJeX,6,distinct,none,distinct,1 2 5 7 10 11
661W0MQ26npIIK,6,plain,none,mixed,1 2 3 9 9 12
661WKEZu8nSJ9C,6,progressive,none,distinct,2 3 5 6 9 11
661WbGl248fb2C,6,progressive,none,distinct,1 5 6 7 8 9
661WGAoZaItTH1,6,progressive,none,distinct,3 4 5 6 7 11
661WALEKf8P240,6,progressive,none,distinct,1 4 5 6 8 12
661WeDOX4HYbJI,6,plain,none,mixed,2 4 5 5 7 13
661WL8ag4R4BY4,6,plain,none,mixed,2 3 3 7 8 13
661WYAJ48enJA4,6,progressive,none,distinct,1 4 5 6 9 11
661W4OvkWhQeXD,6,progressive,none,distinct,1 5 6 7 8 9
661WGoK62IVZp6,6,progressive,none,distinct,1 4 5 7 9 10
661W0S1aiOnsss,6,progressive,none,distinct,1 4 6 7 8 10
661W4sVhu0gkGs,6,progressive,none,distinct,2 4 5 7 8 10
661WSfP2224jK4,6,plain,none,mixed,1 4 5 5 9 12
661W48qf2QnX8G,6,plain,none,mixed,2 2 3 9 10 10
661WKBMg1ZaOX3,6,plain,none,mixed,1 2 4 8 8 13
661W8d940IMqfE,6,plain,none,mixed,1 4 6 6 9 10
661Wf4fAG2jTA4,6,progressive,none,distinct,1 2 5 8 9 11
661W4bQcK076k4,6,distinct,none,distinct,1 3 4 7 8 13
661WWGfvXDMfo8,6,progressive,none,distinct,1 4 6 7 8 10
661WGmcMAC9avK,6,progressive,none,distinct,1 4 5 6 8 12
661WbQxe02OKYC,6,progressive,none,distinct,1 3 5 6 8 13
661WG8hZ68IMM4,6,distinct,none,distinct,1 4 6 7 8 10
661WqMX4eHImf9,6,progressive,none,distinct,1 3 6 7 8 11
661W9C9pIerlP0,6,progressive,none,distinct,2 3 6 7 8 10
661WeY1IWJLkjT,6,progressive,none,distinct,2 3 6 7 8 10
661WLBMI0bHIIZ,6,progressive,none,distinct,2 3 6 7 8 10
661WKeOam4DIXD,6,plain,none,mixed,1 3 4 8 8 12
661WenJIaaAJ21,6,progressive,none,distinct,1 4 6 7 8 10
661W8Geo6COpr0,6,progressive,none,distinct,1 3 4 6 9 13
661WGOI80IhtZ6,6,distinct,none,distinct,1 4 5 7 8 11
661W0XcS1f5hMg,6,progressive,none,distinct,1 4 6 7 8 10
661W9JHImiTR21,6,progressive,none,distinct,2 4 5 6 9 10
661WGPgn24BXDK,6,progressive,none,distinct,1 3 5 8 9 10
661WIbDl2A8fG4,6,plain,none,mixed,2 2 3 5 9 15
661WfBGb9DgX8m,6,progressive,none,distinct,2 3 4 8 9 10
661WGX3G4KenIZ,6,plain,none,mixed,1 3 4 4 11 13
661WCfR4GGcH4C,6,progressive,none,distinct,1 4 5 6 7 13
661WGSkDQ2Ioe4,6,distinct,none,distinct,1 3 4 7 10 11
661W8kDt6GBFA2,6,distinct,none,distinct,2 3 5 6 7 13
661W4_YKGGMqbK,6,progressive,none,distinct,2 3 6 7 8 10
661WGnH12AMBp6,6,plain,none,mixed,3 4 4 6 9 10
661W0vFYbvfL54,6,progressive,none,distinct,2 3 5 7 9 10
661W4YPOmGwr69,6,plain,none,mixed,1 3 6 6 9 11
661WGmf1IMgIa4,6,plain,none,mixed,1 4 7 7 8 9
661WKnQva2A6Ke,6,progressive,none,distinct,2 3 5 6 9 11
661W1YlGeZDvIe,6,progressive,none,distinct,1 2 4 7 10 12
661W8HBMg8HeGe,6,plain,none,mixed,2 2 5 6 8 13
661WYHAA43BIbM,6,progressive,none,distinct,1 5 6 7 8 9
661Wm-zv43gKO2,6,progressive,none,distinct,1 5 6 7 8 9
661WZJ0o5CPr95,6,progressive,none,distinct,1 3 6 7 9 10
661W8GCmpfUxr0,6,plain,none,mixed,3 3 3 8 9 10
661WAbd9o0IoaY,6,progressive,none,distinct,1 3 6 7 9 10
661W22et8AbJLK,6,progressive,none,distinct,1 2 3 8 9 13
661W4IrrYICM0c,6,progressive,none,distinct,1 3 4 8 9 11
661WKgkSY2aZ6Y,6,progressive,none,distinct,2 3 6 7 8 10
661WWjR4D12qQa,6,plain,none,mixed,1 2 2 7 11 13
661WKhDSy0WmrX,6,progressive,none,distinct,3 4 5 7 8 9
661W0UJaKGryaG,6,progressive,none,distinct,1 2 5 6 10 12
661W4GOqZSvlL0,6,progressive,none,distinct,2 4 6 7 8 9
661W8HZLGIaGXb,6,distinct,none,distinct,1 3 6 7 8 11
661WxsuoG8a9a2,6,progressive,none,distinct,2 3 4 5 10 12
661WOzC1GAOIer,6,distinct,none,distinct,1 2 4 6 10 13
661WhANg22GLHI,6,progressive,none,distinct,1 5 6 7 8 9
661WAvrCG86nf2,6,progressive,none,distinct,2 3 4 8 9 10
661WGmZ0XKgob8,6,progressive,none,distinct,1 4 6 7 8 10
661WIT9pq23YQ1,6,plain,none,mixed,1 4 5 5 6 15
661Wobgw0YCgc2,6,progressive,none,distinct,1 4 6 7 8 10
661W49YKnGb3AH,6,plain,none,mixed,1 2 7 7 8 11
661W8fTqg4ILeu,6,progressive,none,distinct,1 3 5 8 9 10
661WKxNY08ecHZ,6,progressive,none,distinct,1 2 5 8 9 11
661WCKT44bIxA4,6,plain,none,mixed,3 4 4 7 8 10
661WvI9YX9GYNe,6,progressive,none,distinct,1 3 5 6 10 11
661W4YIra8ZlI5,6,progressive,none,distinct,2 4 5 7 8 10
661W4KigKf6DYG,6,distinct,none,distinct,2 3 4 6 10 11
661W06YbgGn34w,6,progressive,none,distinct,1 3 6 7 8 11
661WKgsI6G9nn4,6,progressive,none,distinct,1 5 6 7 8 9
661W8CSI0EKjh2,6,progressive,none,distinct,1 2 6 7 9 11
661WWWPaADPYbd,6,progressive,none,distinct,2 3 4 8 9 10
661Wb9RN90WXLY,6,progressive,none,distinct,3 4 5 6 8 10
661WnZGemGOnb9,6,progressive,none,distinct,2 3 5 7 9 10
661W05hLoIWQqH,6,distinct,none,distinct,1 2 4 7 9 13
661WwLJl239eK0,6,plain,none,mixed,1 2 5 8 10 10
661W04fs8GXRLn,6,progressive,none,distinct,1 3 4 7 10 11
661W9Z534aIWn2,6,plain,none,mixed,1 3 5 5 8 14
661WBunq91WGg3,6,plain,none,mixed,1 1 5 6 8 15
661WGnnTX46nai,6,plain,none,mixed,2 3 5 8 8 10
661W88nsoCSco1,6,progressive,none,distinct,2 3 5 7 9 10
661W2E-b6bZl20,6,progressive,none,distinct,1 5 6 7 8 9
661WGOfQv2AS48,6,progressive,none,distinct,1 3 4 6 10 12
661WApcf6XbPWG,6,progressive,none,distinct,1 3 4 6 8 14
661W2eo4AbBiIK,6,distinct,none,distinct,1 2 4 7 9 13
661W8Gvsg48B1e,6,plain,none,mixed,1 4 5 5 8 13
661W74lCO5pL28,6,plain,none,mixed,2 2 3 7 10 12
661WALJ2449XKn,6,distinct,none,distinct,1 3 6 7 9 10
661WY7Ien9gbD8,6,progressive,none,distinct,2 4 5 6 9 10
661W48qWe88Rrg,6,plain,none,mixed,1 4 4 5 8 14
661WelL2S5ab88,6,progressive,none,distinct,1 4 5 6 8 12
661WX1Z6H8r2Kf,6,progressive,none,distinct,1 4 5 7 9 10
661WI8aYejGhf1,6,progressive,none,distinct,1 2 6 8 9 10
661W4NrM80vDbK,6,plain,none,mixed,1 4 5 5 8 13
661WhP2-0YeAg6,6,plain,none,mixed,1 1 3 6 11 14
661WWn034b9rRM,6,plain,none,mixed,1 5 6 6 7 11
661WX5ciO8XocK,6,distinct,none,distinct,1 3 6 7 9 10
661W5qiQX3qif2,6,progressive,none,distinct,1 2 5 7 10 11
661WOKKg02Mlj2,6,progressive,none,distinct,1 2 5 8 9 11
661WHZmiAYPHaf,6,progressive,none,distinct,2 3 4 8 9 10
661WA8G-144SwY,6,plain,none,mixed,1 2 5 6 6 16
661W46ct28fffC,6,plain,none,mixed,3 3 3 5 8 14
661WrYZ6H0LOOm,6,distinct,none,distinct,1 2 4 5 8 16
661WmBki83YNb6,6,progressive,none,distinct,1 4 5 7 8 11
661W80pcjfI334,6,distinct,none,distinct,1 3 4 5 6 17
661WaWbO0B9HAM,6,plain,none,mixed,1 2 2 8 10 13
661WDNB5HP7XgW,6,progressive,none,distinct,1 4 6 7 8 10
661Wvhcz90473a,6,distinct,none,distinct,1 4 5 7 8 11
661WAgA128oKib,6,plain,none,mixed,2 2 4 6 10 12
661WGZ2Kb8WfIa,6,progressive,none,distinct,2 3 5 6 8 12
661WofLRW94fgX,6,plain,none,mixed,1 3 7 7 9 9
661WGnP2Z8IYM6,6,progressive,none,distinct,1 2 6 8 9 10
661Wb6bXO0CQ-K,6,distinct,none,distinct,1 2 5 8 9 11
661WGhd8OG4pAK,6,plain,none,mixed,1 1 4 5 7 18
661WHySyGHLri2,6,progressive,none,distinct,1 3 4 8 9 11
661W8Hp12OnHa8,6,plain,none,mixed,2 2 6 7 9 10
661WOerp6C1622,6,distinct,none,distinct,1 3 4 5 8 15
661WIbauq0OJsb,6,progressive,none,distinct,2 3 5 7 9 10
661WXmfXY4gHZ9,6,progressive,none,distinct,1 3 4 8 9 11
661W2WENDOgrBe,6,plain,none,mixed,2 5 5 6 7 11
661Wftg421Gyv6,6,progressive,none,distinct,2 4 5 6 8 11
661WAET5fG8LZW,6,progressive,none,distinct,1 4 5 6 8 12
661WILdCf4N0X8,6,plain,none,mixed,2 2 3 8 8 13
661W4nZ29X0zIa,6,progressive,none,distinct,1 3 6 7 8 11
661W8X7C82RJ6C,6,progressive,none,progressive,1 3 5 7 9 11
661W8NuZK8agoG,6,progressive,none,distinct,1 2 6 8 9 10
661WalfI4HGYfG,6,progressive,none,distinct,2 4 5 6 9 10
661W39Ij9YeX8X,6,progressive,none,distinct,1 3 6 7 9 10
661W92KwKWX6lO,6,progressive,none,distinct,1 3 5 8 9 10
661W454g0hNEkC,6,progressive,none,distinct,2 3 4 7 9 11
661W0OXmYbALDy,6,progressive,none,distinct,2 4 5 6 9 10
661W5obKYZiTI1,6,progressive,none,distinct,1 4 5 7 9 10
661W12XHYavoai,6,progressive,none,distinct,2 4 5 6 8 11
661WIYc244mp6S,6,progressive,none,distinct,1 3 6 7 9 10
661WefKva7KCI1,6,progressive,none,distinct,1 3 5 6 9 12
661WAK85GbEIab,6,plain,none,mixed,3 3 3 4 7 16
661WSscC22WyvA,6,progressive,none,distinct,1 3 6 7 9 10
661WGfo9I08pgK,6,progressive,none,distinct,1 4 6 7 8 10
661WCjj8G0RJA4,6,plain,none,mixed,3 3 3 4 10 13
661W0nafKbOruG,6,plain,none,mixed,2 3 5 5 8 13
661WPcj2851CfE,6,progressive,none,distinct,1 4 5 7 9 10
661W5voiqHAi11,6,progressive,none,distinct,2 3 5 7 9 10
661W15qCW5_DUs,6,progressive,none,distinct,1 3 5 8 9 10
661W4X2bp27d58,6,distinct,none,distinct,1 2 6 7 8 12
661W88OfmKX63f,6,distinct,none,distinct,1 2 4 6 7 16
661WFNAOWYTSnW,6,progressive,none,distinct,1 4 5 6 9 11
661WhIhZ18GGIu,6,progressive,none,distinct,1 3 6 7 9 10
661WCviH14IX7a,6,plain,none,mixed,2 4 4 5 8 13
661WZAWWyGKZPY,6,distinct,none,distinct,1 2 4 8 9 12
661W2Id9pGfaf0,6,distinct,none,distinct,2 3 4 7 8 12
661WG50kmnjpLn,6,progressive,none,distinct,1 2 6 8 9 10
661WnY2HY8mGWb,6,plain,none,mixed,2 2 2 3 10 17
661W6ET21GfJOa,6,progressive,none,distinct,1 3 5 8 9 10
661WIEceWGMVvf,6,progressive,none,distinct,2 3 5 7 9 10
661WCR9o88XgYA,6,plain,none,mixed,2 2 7 8 8 9
661W3HB80Bxcj6,6,progressive,none,distinct,2 3 5 6 8 12
661WOGna88Ip12,6,plain,none,mixed,1 1 7 8 9 10
661WCNWYb8n1f8,6,progressive,none,distinct,1 3 4 7 10 11
661WWKZLY9ICvD,6,progressive,none,distinct,2 3 6 7 8 10
661WAC1I7Oncba,6,progressive,none,distinct,1 3 6 7 9 10
661WHFMW4NDQe8,6,plain,none,mixed,2 3 3 4 10 14
661W1f3T4acTsA,6,progressive,none,distinct,2 4 6 7 8 9
661W8L2f12DSwD,6,progressive,none,distinct,1 3 4 8 9 11
661W788P5YfIyY,6,distinct,none,distinct,1 2 5 6 7 15
661WDeIKoH5d2Y,6,progressive,none,distinct,1 3 6 7 9 10
661WCepaiX3mHY,6,progressive,none,distinct,1 3 4 8 9 11
661W2hyoG4tDi2,6,progressive,none,distinct,1 3 5 8 9 10
661W8KkZ64GocG,6,progressive,none,distinct,2 4 5 7 8 10
661W2HdhCA5KQ4,6,plain,none,mixed,2 2 2 7 9 14
661WbPrcXeuCHW,6,progressive,none,distinct,1 3 5 8 9 10
661W4If1qIGbp9,6,progressive,none,distinct,1 4 5 7 9 10
661W4mz20f9MQv,6,progressive,none,distinct,2 4 5 7 8 10
661W6z9K2bAwnG,6,progressive,none,distinct,1 5 6 7 8 9
661WH8nKGBtr22,6,progressive,none,distinct,1 4 5 6 9 11
661WY6JbBeXYaW,6,plain,none,mixed,1 1 5 9 10 10
661W4Ga0aKnbId,6,distinct,none,distinct,1 3 4 7 8 13
661WW0dnYe8Zai,6,plain,none,mixed,1 1 4 5 10 15
661WH1hKYZao4e,6,progressive,none,distinct,1 2 5 7 10 11
661W2DRJ8GWuR2,6,distinct,none,distinct,1 2 4 6 9 14
661WeHAbGmb8JA,6,plain,none,mixed,1 3 5 7 7 13
