sbn,size,category,symmetry,size_profile,sizes
881WATDhbs52aYWb4d3A008,8,plain,none,mixed,1 4 5 8 8 8 11 19
881W2XCM88B5nW842h2b4bY,8,plain,none,mixed,1 5 5 7 7 8 14 17
881W31GO5W5a20CA5BBagPS,8,plain,none,mixed,1 4 4 4 8 11 16 16
881W1YDMJ2B18WKAkL4ceL3,8,progressive,none,distinct,1 6 7 8 9 10 11 12
881W10YHSc853P0C65IGySE,8,progressive,none,distinct,1 3 4 8 9 11 13 15
881WD2XY6KE94GHB9fLB1m8,8,plain,none,mixed,1 4 4 5 6 11 16 17
881W18yICU52Ga8461U2A2G,8,plain,none,mixed,1 1 3 4 10 10 16 19
881W1A94rQvbI444gqIGAg1,8,progressive,none,distinct,1 2 5 7 9 11 13 16
881W0W94esRVmXGf94Jb444,8,progressive,none,distinct,1 3 4 7 8 9 15 17
881W0UcIQ9LAZA3KQh8aKW0,8,progressive,none,distinct,1 5 6 7 8 10 12 15
881W9AKOmMIO00ZMLEj3HeI,8,plain,none,mixed,5 5 5 6 6 8 10 19
881W5QcB54u4204i63D6XG4,8,plain,none,mixed,2 4 4 5 5 11 12 21
881W6LGfQ2XTWXJJ92ZD0G2,8,progressive,none,distinct,1 3 6 7 8 12 13 14
881W11211TCfrP0gKHnGeGG,8,plain,none,mixed,2 3 5 7 7 8 9 23
881W870K4520YG0WWuV-wrQ,8,plain,none,mixed,2 3 5 6 6 7 8 27
881W31WeI7t90e831ZKHWgP,8,plain,none,mixed,2 3 4 6 9 11 11 18
881W2B88JH4oX98as422EaE,8,plain,none,mixed,1 1 4 5 5 9 17 22
881W10HeA3aMGaaIGbRWmsK,8,progressive,none,distinct,1 3 4 6 11 12 13 14
881W0SsRMc98Z22M9ceqaY1,8,progressive,none,distinct,1 5 6 7 8 11 12 14
881W10HaMD_LeqcLH4B3GG2,8,progressive,none,distinct,2 3 6 7 9 10 13 14
881WD6muS699W0IhMbKK631,8,plain,none,mixed,2 5 5 8 8 9 9 18
881W4CMB9PD6ZIIHiMA2HG0,8,progressive,none,distinct,2 3 4 7 9 10 14 15
881W040M4BC60YOiKhNZHGO,8,plain,none,mixed,2 2 5 5 8 10 16 16
881W9arOe8f4A00W633YfL7,8,progressive,none,distinct,1 3 5 7 9 10 14 15
881W0KD74XH54H1xbIfTHn8,8,progressive,none,distinct,1 3 6 7 8 12 13 14
881W040LBLWy86YgIfLgqcG,8,progressive,none,distinct,2 3 4 5 8 10 15 17
881W1A54yLCQ94IAcL31X80,8,distinct,none,distinct,1 3 5 6 10 12 13 14
881W1pLd3pI8WA3KCI1sMGG,8,plain,none,mixed,1 4 4 6 8 12 13 16
881W1KfAG42ag64Y8YKxPaG,8,plain,none,mixed,2 2 4 4 5 7 17 23
881W8X54X2Wy8eZIqwT6Jc8,8,plain,none,mixed,4 4 5 5 6 7 12 21
881W0GHZ1HcY954wB9aK8Ka,8,plain,none,mixed,1 3 5 6 8 8 12 21
881W2AscLJLdi48tl8uF2K0,8,progressive,none,distinct,1 2 4 8 10 11 12 16
881W4JBb6XA2O12LpbYGeA6,8,progressive,none,distinct,1 2 5 8 10 11 12 15
881W4Z4rPTC50Gm8Gvw91v4,8,progressive,none,distinct,1 3 4 6 9 11 13 17
881W252T5H8KD28T8iKAagC,8,plain,none,mixed,2 5 5 5 7 8 13 19
881W18abJgeti8OL99Gmr6G,8,progressive,none,distinct,1 5 6 7 8 11 12 14
881W008SuQ6JnX8aOCbn656,8,progressive,none,distinct,1 2 4 7 8 11 15 16
881WC0X6K9a10o84wQX9X8u,8,plain,none,mixed,1 1 1 5 11 13 16 16
881W2WmuibE10W8C9P3YHGe,8,progressive,none,distinct,1 4 6 7 8 11 13 14
881W4yH4XXH8YW5f421AwqI,8,plain,none,mixed,1 3 6 7 7 9 15 16
881W2f9C254r9G42ObpMkA4,8,plain,none,mixed,2 5 5 5 6 8 9 24
881W9005YP4R94JQZIX8bAW,8,plain,none,mixed,1 3 5 5 6 9 10 25
881W252KOC951EW02iMp96Y,8,plain,none,mixed,1 2 2 7 8 10 13 21
881WA9732XJ9Id0LQ52XOY0,8,plain,none,mixed,1 6 6 7 8 10 13 13
881WDZmsSC6JAg00Gm1312K,8,distinct,none,distinct,1 3 4 5 7 8 16 20
881W0WUgE4wg018L9iaJgu4,8,plain,none,mixed,1 3 3 8 9 11 12 17
881W02H89ggYJ2J5B6ZaYRH,8,progressive,none,distinct,2 4 6 7 9 10 12 14
881W6ZmOSLIPKHWqS488aC4,8,progressive,none,distinct,2 4 6 7 8 10 13 14
881W4KWnK9IOfGfjMZBKW83,8,progressive,none,distinct,1 4 5 8 9 10 11 16
881W7CgKZP8b1WXG4n2nQGG,8,progressive,none,distinct,1 4 6 7 8 11 13 14
881WC10aqK4pf2aIZ3XP98X,8,plain,none,mixed,1 1 6 7 9 10 14 16
881W28fMxCbXOmG8OOXmdC3,8,progressive,none,distinct,1 4 6 8 9 10 11 15
881W1GODUNiX8maQD5eW4M4,8,progressive,none,distinct,2 4 5 7 8 9 13 16
881W4OamaImM210cwrgqeKe,8,progressive,none,distinct,2 4 6 7 9 11 12 13
881W4YGhHj58Ym4NR20fGmW,8,progressive,none,distinct,1 3 4 8 9 12 13 14
881W5Kfr2YqK0WHo9jIXWG2,8,plain,none,mixed,1 6 6 6 8 10 11 16
881W14io82GbW28cIbPqtMR,8,progressive,none,distinct,1 5 6 8 9 10 12 13
881W020EA5cRA297J8soP4P,8,progressive,none,distinct,1 3 5 6 7 11 15 16
881W8a4YLIen0GGeL6ZCoL2,8,plain,none,mixed,2 3 3 5 8 13 14 16
881W04YB2ofegY17aoL9Gyb,8,progressive,none,distinct,2 3 4 7 9 10 14 15
881W2gqgOiQ0W44AsH6I52G,8,plain,none,mixed,3 3 3 4 6 13 14 18
881W9YfJHBEaY8LI34WqjG0,8,progressive,none,distinct,1 3 4 6 7 13 14 16
881W8dHLXH4XXH1OgCq28u4,8,progressive,none,distinct,1 2 3 6 8 11 16 17
881W100OwHUhGQ74fJM90WG,8,plain,none,mixed,1 1 2 4 8 10 13 25
881W8412ITAKX0CcCb3HagZ,8,distinct,none,distinct,2 4 5 6 8 9 11 19
881WCTKczOn4OH27e32diI6,8,progressive,none,distinct,2 4 5 6 9 10 13 15
881W0b6ZYb7FKeD2ipf0uX0,8,progressive,none,distinct,1 2 5 7 9 12 13 15
881W0ocJGqAj0m4baqRfoqA,8,progressive,none,distinct,1 5 6 7 8 9 13 15
881W52XoI3QX08eIIF1eaaY,8,progressive,none,distinct,1 4 6 7 9 10 13 14
881W0XICA5fooGeaJnAW5Ke,8,plain,none,mixed,2 4 7 7 8 9 13 14
881WC51047YnGnmOq21X4qO,8,plain,none,mixed,1 2 2 5 7 9 16 22
881W12HObI8gIA13B5SeaQL,8,progressive,none,distinct,2 4 6 7 9 11 12 13
881W10WCBACvGmaJAcs2q4S,8,progressive,none,distinct,1 4 5 6 9 11 13 15
881W2XGcpBec4W01E1mof8K,8,distinct,none,distinct,1 2 3 7 9 11 12 19
881W0X8fagNAYgZGaaocaG8,8,plain,none,mixed,2 4 5 9 10 11 11 12
881W8H0JBa4aXG9Gfj2XQva,8,plain,none,mixed,1 2 8 8 8 10 13 14
881W518e9M10mKeKiI2YwRK,8,progressive,none,distinct,2 3 4 6 8 9 15 17
881W10Lv73dYG8KIH5SR59m,8,progressive,none,distinct,1 5 6 7 8 9 13 15
881W021GKbIX06HEVFYOi62,8,plain,none,mixed,2 3 3 5 6 7 13 25
881W0X8eI2P7YGaK8ofVWG8,8,progressive,none,distinct,1 4 5 8 10 11 12 13
881W41S9YnpbMWWJY94jD98,8,plain,none,mixed,1 3 6 8 9 9 9 19
881W14AXSj4I8g842CUcmIE,8,plain,none,mixed,1 3 3 4 10 14 14 15
881W2rQXPq2212K652Y30WO,8,distinct,none,distinct,1 2 3 6 7 10 14 21
881W62GeZBfWG9aoUG81eY5,8,plain,none,mixed,2 2 3 4 6 7 13 27
881W20WG9UfPamK85Jb210o,8,distinct,none,distinct,1 2 3 7 9 10 15 17
881W1HAWHALCA1CH9P4YeKH,8,progressive,none,distinct,1 3 5 8 9 10 13 15
881W0X24s2WfYGKvKSEQuO4,8,distinct,none,distinct,1 2 3 7 8 11 13 19
881W4scJHeuJHA40JCeOE06,8,plain,none,mixed,1 2 4 5 5 6 17 24
881W4AD4gIp0W044YHBLNQ5,8,progressive,none,distinct,1 4 5 6 7 11 14 16
881W810CAx5YYmHCYgN114Y,8,progressive,none,distinct,1 2 7 8 9 10 13 14
881W10PsRH2nH98aCASaGGc,8,plain,none,mixed,1 2 7 7 8 9 10 20
881W8aE6DX72n0ILAb1LTJ1,8,progressive,none,distinct,1 3 4 7 8 10 15 16
881W8YHHKhZqw89G1bseW89,8,plain,none,mixed,3 4 4 4 7 7 14 21
881W21s422XU10YYHeeIfL4,8,plain,none,mixed,1 4 4 6 7 8 11 23
881W1dNcqQ51Wafa4GW76YW,8,progressive,none,distinct,1 3 4 5 9 12 14 16
881W2aIIfEMiI0JSd2b0G2f,8,plain,none,mixed,2 2 5 5 7 11 13 19
881W0GG-FM94nemOAf4CX4Q,8,progressive,none,distinct,1 4 7 8 9 10 11 14
881WA0bmoH8c0Y84GwxLgGe,8,progressive,none,distinct,1 4 6 8 9 11 12 13
881W4grF4Xs2006LIeeYmmK,8,plain,none,mixed,3 5 5 5 5 9 14 18
881WACIEeaKgRC4P0HAXH5G,8,plain,none,mixed,1 2 3 7 9 9 13 20
881W0bYdxvQXWW92e3EFAHm,8,progressive,none,distinct,1 3 6 7 8 12 13 14
881W214JAIiH8XqgKBXWWn1,8,plain,none,mixed,1 4 6 7 7 12 13 14
881W5gmqSY2In48CM1XNNEW,8,progressive,none,distinct,2 4 5 6 10 11 12 14
881W0CX49aqU21JYer4YHfY,8,plain,none,mixed,1 3 3 5 12 12 13 15
881W6IfOIOpP8W24CH2ZOS9,8,progressive,none,distinct,2 3 6 8 9 11 12 13
881W2LAuwhbWmWf8i8XR488,8,progressive,none,distinct,1 5 6 7 9 10 12 14
881W8InIb91GWGvSgN7a0OY,8,plain,none,mixed,2 4 5 5 6 6 15 21
881W457IfD6WoOp9q8WG0HG,8,plain,none,mixed,2 2 4 5 6 9 14 22
881W8Wmgbi96X6A9F99WaIW,8,progressive,none,distinct,1 4 6 7 9 10 13 14
881W10eSDQX1m1KgJAkCeo5,8,progressive,none,distinct,1 5 7 8 9 10 11 13
881W2WOaKWmgOE99agbLeO6,8,plain,none,mixed,2 3 4 6 11 11 13 14
881W212GqU31eX8K2C39CcI,8,plain,none,mixed,2 3 5 5 9 11 14 15
881W1krOB5bKiB11950XKYW,8,progressive,none,distinct,1 2 6 7 8 10 13 17
881W2InL888KC0SNYJ2dH8X,8,distinct,none,distinct,2 3 5 6 8 10 13 17
881W0anOYkv109JZcnJLIR5,8,progressive,none,distinct,2 3 7 8 9 10 12 13
881W2XmwjF9GeaKAA38AX8O,8,plain,none,mixed,1 1 7 8 9 11 11 16
881W0KAqgronm64uQ54A82A,8,plain,none,mixed,2 2 4 6 9 12 13 16
881W20Wn4JXMH4aQAvYmOM8,8,plain,none,mixed,3 5 5 7 8 9 10 17
881W07WAuPSYXASefCB6l9K,8,progressive,none,distinct,1 3 7 8 9 10 12 14
881W10We44-HGm823D7256f,8,distinct,none,distinct,1 2 3 4 8 10 15 21
881W931gtbIX08588I1B5ag,8,plain,none,mixed,2 2 5 5 9 11 13 17
881W9731WC8imGL9NIWmK84,8,plain,none,mixed,3 4 4 6 6 7 9 25
881W0WG7TDEX0WiE5513XK2,8,plain,none,mixed,2 2 3 5 9 12 12 19
881W847eKH7uXG4HMaogn5a,8,progressive,none,distinct,1 2 4 7 8 9 16 17
881W0F4KL8gyWI4XYF5J9eY,8,progressive,none,distinct,2 4 5 7 8 11 12 15
881W2qRbfC52b0L3ri5Wao9,8,progressive,none,distinct,2 4 6 7 8 10 13 14
881W0eG44KI9KWOC421J8ZH,8,distinct,none,distinct,1 2 3 6 7 11 13 21
881W1GGCmK8C40aH46AdGeK,8,plain,none,mixed,1 2 2 7 7 9 15 21
881W0oPEWNmoYY16Dc3eeqe,8,progressive,none,distinct,1 2 5 9 10 11 12 14
881W8IvWI920GM94A98sSYG,8,plain,none,mixed,1 1 2 8 10 11 15 16
881W0bWeLIP1GXD0bGi9iqI,8,plain,none,mixed,1 2 6 6 7 10 13 19
881W020kgMo3PI54O4ZwOwY,8,progressive,none,distinct,1 3 5 6 9 10 13 17
881W0916fu9qA088JoxT_Qa,8,progressive,none,distinct,1 4 6 7 8 10 13 15
881W2X10r6vCY8KDOI8Xam4,8,plain,none,mixed,2 2 2 3 10 10 16 19
881W8qQAS8XQJW4H8ZYubKO,8,progressive,none,distinct,1 3 5 7 8 11 13 16
881W62cX8dQQ4iGa1SmWWBY,8,plain,none,mixed,1 1 4 6 6 12 13 21
881W4p9TM4Y984a9S-TG8K4,8,progressive,none,distinct,2 3 4 8 9 11 12 15
881W0C95KcB92YKrPAb3A42,8,progressive,none,distinct,3 4 6 7 8 10 12 14
881W1bA9qf0H82CsNMZEaA1,8,progressive,none,distinct,2 3 4 6 9 12 13 15
881W52Y54AeoZ80e7X4ZSeQ,8,progressive,none,distinct,1 2 5 6 9 10 15 16
881W2ALCfPEvW8IAX32CFw3,8,progressive,none,distinct,2 4 5 8 9 10 12 14
881W3106Da8ec0WUCkTlVZ9,8,progressive,none,distinct,1 4 6 8 9 11 12 13
881WCENEh6ZGWWGO840Tp82,8,plain,none,mixed,3 3 4 5 6 9 15 19
881W20W88aE7BLGaGv690WI,8,plain,none,mixed,1 2 4 7 7 12 14 17
881W8CgKhbyPW4II73eiU6G,8,progressive,none,distinct,1 3 7 8 9 10 12 14
881W2AayI8Y3aW01mpZAfKc,8,plain,none,mixed,2 4 5 7 7 8 9 22
881W0W9LiA8fG4YRJgoDK85,8,plain,none,mixed,1 1 3 9 11 11 13 15
881W84OWm4wJ98aqLAr4XIe,8,progressive,none,distinct,1 5 6 7 9 11 12 13
881W4GfiQTIX8DqygP2A440,8,progressive,none,distinct,2 3 4 7 10 11 13 14
881W8HGOI9CLJGPCaiYD4C4,8,plain,none,mixed,1 6 6 8 8 11 12 12
881W2SKQr2XH0XH8eIFKG82,8,progressive,none,distinct,1 3 4 6 9 10 12 19
881W62XGq2Xi82L9DIZGGC9,8,distinct,none,distinct,1 2 4 6 7 11 15 18
881WDcgM452H8WaY10Z4WeZ,8,plain,none,mixed,1 2 3 6 8 12 12 20
881W18qG4A8iL5KgMfAYH20,8,plain,none,mixed,2 3 5 5 8 11 12 18
881W639KLI4WWWaIlC28QfC,8,distinct,none,distinct,1 3 5 6 8 9 15 17
881W6CUkD5q8K0XaILeruA5,8,progressive,none,distinct,2 4 5 7 9 10 13 14
881W2Po94ANQ20IiMmaaA44,8,progressive,none,distinct,1 4 5 6 8 12 13 15
881W0WWmGqOQ30mHFFCYH8Y,8,progressive,none,distinct,1 2 5 7 8 12 14 15
881W2X8LATDaaWm9590i8G8,8,progressive,none,distinct,1 2 7 8 9 11 12 14
881WA2mPCYXeaA8IvCfKE98,8,progressive,none,distinct,1 3 7 8 9 10 12 14
881W2XMusOu4114K2c510Ha,8,plain,none,mixed,1 3 5 6 6 10 11 22
881W9KMZCnOaG06P8CD3ZZ1,8,plain,none,mixed,2 4 4 5 6 9 11 23
881W0WXmqfqsAaGAGaQ0WK8,8,plain,none,mixed,2 2 4 6 7 14 14 15
881W0ePbIjJ2GnWcBBqWU00,8,plain,none,mixed,1 3 5 6 10 11 11 17
881W0uMcZ843GeWWSALMeK2,8,plain,none,mixed,1 4 4 5 7 11 15 17
881W1GeYBAe810SF6k10Hu4,8,distinct,none,distinct,1 2 3 4 7 12 15 20
881W2rLV2IeMT81vY9Yogo2,8,progressive,none,distinct,3 4 5 6 8 11 13 14
881W0KQh3E6YIo0OCg5Tv29,8,progressive,none,distinct,1 3 6 7 10 11 12 14
881W0aILIHI94o8C656918a,8,distinct,none,distinct,1 3 5 6 8 9 14 18
881W82GgNuOiLuH8on8emWe,8,plain,none,mixed,1 2 4 5 10 10 13 19
881WB2AAiHD440Xnn9FafCM,8,progressive,none,distinct,1 2 4 7 9 12 14 15
881W73GfK6su81oqA2eWG49,8,distinct,none,distinct,1 3 4 5 8 9 16 18
881W5LR58XmaYY0QqQ7DeG4,8,progressive,none,distinct,2 4 5 8 9 10 11 15
881W8YnOgPKiE414139XmaI,8,progressive,none,distinct,2 3 4 6 9 12 13 15
881W10aIj9KYo444EcI8iJ0,8,distinct,none,distinct,1 2 5 7 9 10 12 18
881W1CMH8ZIouY0I94zq6Of,8,progressive,none,distinct,2 3 4 8 10 11 12 14
881W6IolBdp2XW4a2TWFX88,8,progressive,none,distinct,1 3 7 8 9 11 12 13
881W2fCVKbCuQaW71F2EaeG,8,progressive,none,distinct,3 4 5 6 7 9 14 16
881WAYG88uILHgGAoh6G844,8,plain,none,mixed,1 4 5 5 7 7 14 21
881W2XGu4Y862OG42jYmiKA,8,plain,none,mixed,1 1 5 7 10 10 12 18
881W8tg2CY4S84rDNIcNPi0,8,progressive,none,distinct,1 3 5 7 9 12 13 14
881W82PbI4fHWWPKvQjaaI3,8,progressive,none,distinct,1 3 6 7 8 10 14 15
881W4Y8CI0WmPDYn8c36WO8,8,plain,none,mixed,3 3 4 4 4 9 12 25
881W11bZ9JDaG23PoCfKIJ9,8,progressive,none,distinct,3 4 5 6 9 11 12 14
881W4WGO4HOLf2ZNCcLGaA4,8,progressive,none,distinct,1 2 3 8 11 12 13 14
881W92QzEYnGS0BwDAfGAJ1,8,progressive,none,distinct,1 4 6 8 9 10 12 14
881W20TEHC8ei50YBMgnN6e,8,progressive,none,distinct,1 2 7 8 10 11 12 13
881W198bSLJfM8YC4oIXg00,8,progressive,none,distinct,1 4 5 7 9 10 12 16
881W0hj6pa3Qa29AfAzEmO2,8,progressive,none,distinct,2 5 6 7 8 10 12 14
881W0998aU4YHWWGIJ9EM63,8,distinct,none,distinct,1 2 4 8 10 12 13 14
881W5QIhPqE6G92LSXAIB08,8,progressive,none,distinct,1 3 6 7 8 10 12 17
881W88OjLaqR8YX9avjA6YG,8,progressive,none,distinct,1 5 7 8 9 10 11 13
881W4sRq6B62Y2WG8gNuGG8,8,progressive,none,distinct,2 4 5 6 7 8 15 17
881W435LH85B38KPaEHGnx5,8,progressive,none,distinct,2 3 5 7 9 10 12 16
881W0mKA9Cb50GI952Yz2W4,8,distinct,none,distinct,1 3 4 6 7 8 16 19
881W2nGkaIH8nW458e4D54I,8,plain,none,mixed,1 4 4 6 7 11 14 17
881W2172fLE6eGeaSd0mGH3,8,distinct,none,distinct,1 2 4 5 7 12 14 19
881W6JfuK73008aI9MWIGI9,8,plain,none,mixed,2 2 3 6 10 11 11 19
881W2N8aIP4aOpGeZYH0a41,8,plain,none,mixed,1 4 4 8 11 11 12 13
881W0WMT684Y2WGWGhJcJLA,8,plain,none,mixed,2 2 3 5 9 12 13 18
881W8qRTyEaUaWGg0b4f848,8,plain,none,mixed,2 2 3 3 4 9 20 21
881W5IwT5nSbX8amEcXSCm0,8,progressive,none,distinct,1 3 5 6 7 11 15 16
881W6pfZ3a20Wee08CBPbW8,8,plain,none,mixed,2 2 3 3 6 7 14 27
881W2XSKBASK08441gLCLPM,8,plain,none,mixed,1 4 4 4 9 9 14 19
881W12WJO8mK0ILUUgLAXGI,8,plain,none,mixed,2 4 6 7 8 9 9 19
881W49PZHQn91WATmh5q304,8,plain,none,mixed,2 2 3 6 7 10 12 22
881W4ImPPa9a90W4GkCbOa9,8,plain,none,mixed,1 1 1 6 9 9 11 26
881W0D69O4491XJIfBt2XG8,8,progressive,none,distinct,1 2 6 7 9 10 12 17
881W00YYKDKagb8I9A8jwfc,8,plain,none,mixed,2 5 6 7 9 9 12 14
881W0aJ7AYJUGA0HPCrejaa,8,progressive,none,distinct,1 4 5 8 10 11 12 13
881W4KCIA9B2aGRjNgaYGX0,8,progressive,none,progressive,1 3 5 7 9 11 13 15
881W45QPG8Gf80J6ZDYjNdn,8,progressive,none,distinct,2 4 5 8 9 11 12 13
881WA2H4cRCXfm524HuZD2Y,8,progressive,none,distinct,1 4 7 8 9 10 11 14
881W3WH8Yj6IfL8e4I0nO44,8,distinct,none,distinct,1 3 4 5 6 11 16 18
881W4c9yjQM10X54eQib0W8,8,plain,none,mixed,3 3 5 6 8 8 14 17
881W0KcNeSEAX0J2iKAL7YH,8,progressive,none,distinct,1 4 5 7 9 11 12 15
881W0GhuCr2QN1KKKcf6WE1,8,progressive,none,distinct,1 2 4 7 10 12 13 15
881W0Ko0DuYH8X9OgN7bGeH,8,progressive,none,distinct,1 4 6 7 8 10 13 15
881W0HfYmT4KGX8aLvP4XEH,8,progressive,none,distinct,1 2 5 6 9 10 14 17
881W5CerM3EeG1bB6ewiKH8,8,progressive,none,distinct,1 3 6 8 9 10 12 15
881W8553Y8NCaGefLJ9qYWW,8,progressive,none,distinct,1 3 5 7 8 10 13 17
881W31WoIeIA3GG733p9WWW,8,plain,none,mixed,2 3 3 5 6 11 14 20
881WC5IYvAYng0WGirPAP81,8,progressive,none,distinct,1 3 5 6 9 11 14 15
881W2A5YuXm6X88EoZZnqo5,8,progressive,none,distinct,2 5 6 7 8 10 12 14
881W1a92dD31XJ0W41Pb1OK,8,plain,none,mixed,1 1 3 4 6 12 18 19
881W5GgawfIGmgbuKB2P0C0,8,progressive,none,distinct,2 3 4 7 8 11 14 15
881W2GuuAD8OC18cIN8ZG81,8,plain,none,mixed,1 4 4 6 8 10 13 18
881W0KgIjf4hEQCO4YgCXM0,8,progressive,none,distinct,2 4 5 7 8 11 13 14
881W00QeKWqKAXmMBB5iLAe,8,progressive,none,distinct,1 2 4 6 7 11 16 17
881W8d0HfXi0i0csbRgnKo6,8,progressive,none,distinct,1 4 5 8 9 10 13 14
881W04gbD94owI0OCifLbWj,8,progressive,none,distinct,2 3 5 6 9 10 14 15
881WCFBZnPIrf0K60nOSBG5,8,progressive,none,distinct,1 2 4 5 7 14 15 16
881W52H9iI9Yn8GG52A0qKA,8,progressive,none,distinct,2 4 5 7 10 11 12 13
881W00C4S55Ab1IgLD53sAb,8,progressive,none,distinct,1 4 6 8 9 10 11 15
881W28eLjwHY0mGI3IuTgOK,8,progressive,none,distinct,1 4 5 7 9 10 13 15
881W222OK4oLGn8oecMGiK8,8,plain,none,mixed,1 3 5 7 7 8 13 20
881W40GIAE72HIH8417Lk1m,8,plain,none,mixed,1 2 2 2 6 12 19 20
881W149IfBhPXY0ZMf9SPK4,8,progressive,none,distinct,1 3 6 7 8 9 14 16
881W0bGwLDS8GB34X9ZmuGW,8,progressive,none,distinct,1 2 4 8 10 12 13 14
881W18qigL2oy8UE98oCB81,8,progressive,none,distinct,1 2 4 9 10 11 13 14
881W020U9AE0WY94HAZx8ag,8,progressive,none,distinct,1 2 3 7 10 11 14 16
881W0X2cDeYGGWeeKLBPjKY,8,progressive,none,distinct,1 3 4 6 9 11 14 16
881W25PSsFC8WIIgBEWqGWG,8,plain,none,mixed,1 4 5 7 7 9 15 16
881W0WgKfqwLP9CO4Y8C4a1,8,distinct,none,distinct,1 3 4 7 9 11 14 15
881WCkZHofOKaG0BJCgH092,8,progressive,none,distinct,1 4 5 6 7 9 15 17
881W0CGGCH8YG1fKjMUAbDc,8,progressive,none,distinct,1 2 6 8 9 11 12 15
881W4XfKAd3190eOq2T69Cb,8,progressive,none,distinct,2 5 6 7 9 10 11 14
881W214cJHI8mO24694oP9C,8,distinct,none,distinct,2 3 4 8 9 10 12 16
881W26XGiQco00HeYIoeK6B,8,plain,none,mixed,1 2 4 7 7 8 16 19
881W42IJ8y1x418cbHyo98I,8,progressive,none,distinct,1 3 4 8 10 11 13 14
881W4jMJbr5kq8D6ej7W4G0,8,progressive,none,distinct,2 5 6 7 9 10 12 13
881W4405AdDH91n411pHH8X,8,plain,none,mixed,1 3 3 3 8 10 10 26
881W211mLIXmuG84SA30K8H,8,plain,none,mixed,1 2 3 4 5 13 18 18
881W2fYHeF610GKoT69CIG8,8,plain,none,mixed,2 2 6 7 8 11 14 14
881W826dZYRLWIIhgPCEoOY,8,progressive,none,distinct,1 4 6 8 9 10 12 14
881W27r09F7H0XH8CCgJfze,8,progressive,none,distinct,1 3 5 8 9 11 13 14
881W10YQPiCemPQIA1YoP08,8,distinct,none,distinct,1 2 3 9 10 11 13 15
881W14ZXN18dGOPKnwXP8W8,8,progressive,none,distinct,1 3 4 7 9 10 14 16
881W42WKoA8uODIggK21n8a,8,plain,none,mixed,3 3 4 7 7 8 12 20
881W0eMAcn931XGK942Hmm8,8,progressive,none,distinct,1 4 5 6 9 12 13 14
881W10GL2cTd108IAaTomaI,8,progressive,none,distinct,1 2 6 7 9 10 14 15
881W4YOeQaZn10O0G2Ib9Sa,8,plain,none,mixed,1 1 5 6 7 9 11 24
881W2mWG9C3YqGeLAsWaG2P,8,plain,none,mixed,1 1 5 7 7 9 11 23
881W2H4d9sfKeGg92D522W3,8,progressive,none,distinct,1 2 5 7 8 12 14 15
881W8LpHC6Q20SKKJHsCGA4,8,plain,none,mixed,1 2 4 9 9 11 13 15
881W10WIaIL2I9iqIf2X8WW,8,distinct,none,distinct,1 4 7 8 9 10 11 14
881WCXanAaI7aI0Jf4PKYWm,8,progressive,none,distinct,1 4 5 6 9 10 13 16
881W196TGu1T00AcKzIo9bK,8,progressive,none,distinct,1 3 6 8 9 10 13 14
881W0WGMIfMbmasPD54892G,8,distinct,none,distinct,2 3 4 6 7 10 14 18
881W23ZHhfT4I0aWcOXGuY9,8,progressive,none,distinct,1 3 6 8 9 10 11 16
881W113WH62X8b8KIJ1meSK,8,plain,none,mixed,1 4 6 6 8 9 12 18
881W29mu42-aG0eIAewiM8C,8,progressive,none,distinct,1 2 5 7 9 12 13 15
881WCTHG4Nq10H86z7dCGH4,8,progressive,none,distinct,1 2 4 8 10 12 13 14
881W05qswKWOW3B6fIeoKx3,8,progressive,none,distinct,1 3 6 8 9 11 12 14
881W0GHyY9r28X4aE9IcAT9,8,progressive,none,distinct,1 2 7 8 9 10 13 14
881W0CIHLQDXmI4A24cCsKI,8,plain,none,mixed,2 5 6 7 7 10 10 17
881W32GOR8XWWXWme5Dfue4,8,progressive,none,distinct,1 3 5 6 8 9 12 20
881W2X8BeA52J0GG4vFc92H,8,progressive,none,distinct,1 2 3 6 10 12 14 16
881W48WG99429P0WmR8aMQM,8,plain,none,mixed,1 3 3 5 6 11 15 20
881W461CKA92XE8aB4YI4WH,8,progressive,none,distinct,1 3 5 7 8 9 14 17
881W1Gqp3d35WGCI8iJ7JW8,8,progressive,none,distinct,1 2 5 6 10 12 13 15
881W21Wmv2iWmKeK7GXGuQG,8,progressive,none,distinct,1 2 3 7 10 12 13 16
881W34Yf6c31X09eq6M9mOC,8,progressive,none,distinct,1 3 6 7 9 11 13 14
881W5aAacB4X0GboL5Az8G8,8,progressive,none,distinct,1 4 7 8 9 10 11 14
881W1JaS94DGI10WZeKfFbC,8,distinct,none,distinct,1 2 4 6 7 9 10 25
881W6JWXGZnmmG4GOA94KGA,8,plain,none,mixed,2 2 2 4 7 10 17 20
881W0XZn4FE0G4agEGhHugK,8,progressive,none,distinct,1 5 6 8 9 10 11 14
881W4rfGe218H4bnagTAC20,8,plain,none,mixed,3 4 4 4 5 6 17 21
881W1H8eC5KYRGA31L96a22,8,plain,none,mixed,2 2 4 5 6 10 15 20
881W0ZmSE8lG054YYAfY9Kb,8,progressive,none,distinct,1 3 5 6 8 9 14 18
881WAbLedIYGO80W673qgWn,8,plain,none,mixed,3 4 4 6 6 8 9 24
881W0K-le874K8H9fQgaOfK,8,progressive,none,distinct,2 4 6 7 9 10 12 14
881W009aoSCToX2Y4frIc54,8,progressive,none,distinct,2 3 4 7 8 9 15 16
881W434ZSaJ9cWWHOIAacIP,8,progressive,none,distinct,1 5 6 7 9 11 12 13
881W9YKAK9Gz08fLRAj8a5K,8,plain,none,mixed,1 2 6 6 10 10 13 16
881W1XHIbASiH12cMmcIvI1,8,progressive,none,distinct,1 4 5 7 9 10 13 15
881W1H8YSE82Ge843LOb1aY,8,plain,none,mixed,2 2 4 4 9 9 16 18
881W5YoMjgpbnX0QKh4J48W,8,progressive,none,distinct,2 4 6 8 9 10 12 13
881W4KQ8C665CY0HfL8f5Yp,8,plain,none,mixed,1 4 4 6 8 12 13 16
881W04YaKNMS12HTf_6IuiI,8,distinct,none,distinct,1 5 6 7 9 10 12 14
881W194GeM9AL632fS0WeIe,8,plain,none,mixed,1 2 4 4 9 14 14 16
881W40wf0Wl0WH4cpL6MH8e,8,plain,none,mixed,1 1 5 8 9 10 11 19
881W2SkaSOTGWGf2aSXHGeo,8,progressive,none,distinct,2 4 5 8 9 11 12 13
881W110n2ab2gn8mOv3feK5,8,plain,none,mixed,1 5 5 6 7 7 16 17
881W211HQI5JM8eDU8HG8qS,8,distinct,none,distinct,1 2 3 5 9 10 13 21
881W21KWIfST5WG51HOoPbK,8,progressive,none,distinct,1 2 4 7 9 12 14 15
881W84PCs13n0Y4YD4Yag92,8,plain,none,mixed,1 1 3 8 9 10 14 18
881W8KJoPCbIfCWm8A4c500,8,progressive,none,distinct,1 2 3 8 10 11 14 15
881W2AAD2oeqOaAni63AsJ0,8,progressive,none,distinct,1 3 4 8 10 11 12 15
881W8KP1BrRD6D0GKA6TLGn,8,progressive,none,distinct,1 2 4 5 10 11 15 16
881W0LGWS251IhJ9aBcb8WG,8,plain,none,mixed,1 2 6 8 8 11 13 15
881W0HKY9aX18QJ5YjKyIAI,8,progressive,none,distinct,3 4 5 8 9 10 12 13
881W4YOdW82XA5GmCfKaIbY,8,plain,none,mixed,2 3 3 4 10 10 14 18
881W0WaB5ZpDb8W62XS0aB9,8,plain,none,mixed,2 3 3 5 5 8 11 27
881W42XCSC5HWaWGeGdoCcK,8,progressive,none,distinct,1 4 5 6 9 10 12 17
881W1H8YfZu18qaS9KX8HG6,8,distinct,none,distinct,1 2 4 7 9 10 13 18
881W150XtnOam1dHaoH9CGG,8,plain,none,mixed,1 3 5 5 6 12 15 17
881WE30YbOKO4YWLIcpGeKa,8,progressive,none,distinct,1 2 3 7 10 11 14 16
881W20IIhUdJqP0H6mi8WcX,8,progressive,none,distinct,1 2 5 6 7 12 15 16
881W13YdWOb1139iAIrImua,8,progressive,none,distinct,2 4 6 8 9 10 12 13
881W21EJAk98eS2kKP8abX2,8,progressive,none,distinct,1 2 6 7 9 12 13 14
881W94fes9eYI9G8Jg97298,8,progressive,none,distinct,2 4 6 7 8 10 12 15
881W2PIO2Kf1Wn4ICE2rIO4,8,plain,none,mixed,1 2 6 9 9 10 13 14
881W410GG1E50IRDdD4gHGe,8,progressive,none,distinct,1 2 4 8 10 11 13 15
881W8YWmKC5bm410HbxeeQC,8,plain,none,mixed,2 3 3 5 5 7 14 25
881W25111DGfXGJycBLIfGm,8,progressive,none,distinct,1 3 5 7 10 11 13 14
881W18qP0nwWmOGIE77KY8e,8,progressive,none,distinct,1 2 4 7 8 13 14 15
881W92fq-cLi2038L1B4f8a,8,distinct,none,distinct,1 2 5 6 8 10 15 17
881W0Gn9M0a30XeiU8OLgL6,8,plain,none,mixed,1 2 4 8 9 10 10 20
881W0jAOqS2iA24H7UhYI41,8,progressive,none,distinct,1 2 3 6 11 12 13 16
881W8muI42sB1W34YGcYH8O,8,plain,none,mixed,2 2 5 5 7 8 13 22
881W52H0eNgvM8228aOYXKe,8,progressive,none,distinct,1 2 6 7 9 10 13 16
881W64sQn5bUg45H5NIiIG1,8,progressive,none,distinct,1 3 4 8 10 11 13 14
881W18mPKgCcH0GKAYB4I21,8,plain,none,mixed,2 2 3 4 8 13 15 17
881W2GePALAIIGW81medLim,8,plain,none,mixed,3 3 4 7 9 10 10 18
881W10KIT5L4L8uRDbE0uH0,8,plain,none,mixed,2 3 4 7 11 12 12 13
881W1ZHWeJZn8a84YL1ATIe,8,plain,none,mixed,1 3 4 6 12 12 13 13
881WDB8bGq00GoW4ML39cKA,8,plain,none,mixed,1 1 3 5 9 9 12 24
881W822tx5obCDLLN9aA44a,8,plain,none,mixed,2 3 6 6 7 8 12 20
881W2PFK22COiKicACWGmem,8,plain,none,mixed,2 2 2 4 8 9 9 28
881W0nWHcb71efWqMIg0sZI,8,progressive,none,distinct,2 3 5 8 9 10 13 14
881W4Iwo6Ac92HWJPABgXm4,8,progressive,none,distinct,1 5 6 7 8 9 13 15
881WC7ppP9IHGGK4gJ8gHU1,8,progressive,none,distinct,2 3 4 8 9 10 12 16
881W0IljYaC4bA3aqtlKb10,8,progressive,none,distinct,1 3 4 6 8 11 12 19
881W1DBSmC6B0IaX4ybBYG8,8,progressive,none,distinct,1 2 6 7 9 11 13 15
881W2XJLHOaX40ObEiqI8e8,8,progressive,none,distinct,1 4 5 8 9 10 13 14
881W2A4aKsVYQ0GAnd2HH23,8,progressive,none,distinct,1 2 4 7 11 12 13 14
881W2CTNAbV4826nIOiWQb1,8,progressive,none,distinct,1 2 6 7 10 11 12 15
881W250GjRAbHBeK2g2eaGG,8,progressive,none,distinct,1 4 5 7 9 10 12 16
881W10IuAH520XcJFgyHG84,8,progressive,none,distinct,1 3 4 9 10 11 12 14
881W1QfCY4CcG4I9Yn5XoYG,8,plain,none,mixed,1 2 5 5 10 11 13 17
881W462vKbKaII1IP7aGiG8,8,plain,none,mixed,2 3 7 7 8 9 9 19
881W0WH6XAb31L0WSEdPH85,8,progressive,none,distinct,1 3 4 8 9 10 13 16
881W5AabW53inXYg8i3PrG8,8,plain,none,mixed,2 3 4 4 8 9 10 24
881W8H0WWN280IYJBnvyOKA,8,plain,none,mixed,1 1 5 6 9 10 11 21
881W4qh8c5Mgb8fGKB9J442,8,progressive,none,distinct,3 4 6 7 9 10 12 13
881W526RwanKgK8oaK4X0n1,8,plain,none,mixed,1 2 5 7 7 12 15 15
881W4YnPmK8XWXGmHEgeO84,8,progressive,none,distinct,2 3 4 5 9 10 13 18
881W5IfaofHBG42AL9KoO20,8,plain,none,mixed,2 4 4 7 9 11 11 16
881W2ELCa9CXGnLA7Ge1b10,8,plain,none,mixed,1 1 5 5 7 8 15 22
881W0IA5mtOX8WKmZNgreC5,8,progressive,none,distinct,2 3 5 7 10 11 12 14
881W0mWmaoPVg0288egCaID,8,plain,none,mixed,1 2 5 7 7 12 13 17
881W4210GIB4ILWmE10GiMA,8,plain,none,mixed,2 2 3 4 6 9 11 27
881W6WeSnWH220aScrYsGeC,8,progressive,none,distinct,1 4 5 8 9 11 12 14
881W59bQQlAXH8K6u1NGOW0,8,plain,none,mixed,1 3 3 5 7 11 13 21
881W2XJbcaqKX84qFZXJ4G2,8,progressive,none,distinct,1 4 6 7 10 11 12 13
881W67L8YcH5Kg0hK20rg2X,8,plain,none,mixed,2 2 3 4 10 12 15 16
881W2XmgY44e00IA9HbHeis,8,plain,none,mixed,1 2 3 8 9 11 15 15
881W632bA344oOGWXD5Y9Ab,8,plain,none,mixed,1 2 2 6 6 10 18 19
881WBMReiHAeC0mAr6eWn4X,8,plain,none,mixed,3 3 4 6 6 13 14 15
881W4ZH89ASI8WeIoAN1Ge9,8,progressive,none,distinct,1 5 6 8 9 10 11 14
881W1Ci6hL7IfEWmI8g5M88,8,progressive,none,distinct,3 4 5 7 8 10 13 14
881WAYWqAH9KeWnOuaP8n0b,8,plain,none,mixed,2 2 5 6 10 11 14 14
881W1QoYQ9Ib9eWcor54YcW,8,progressive,none,distinct,1 3 6 7 10 11 12 14
881W4KHH8H8cQ01uOibKeMA,8,progressive,none,distinct,1 2 4 8 10 12 13 14
881W0GIXHPAsR0WeG9qiKIL,8,plain,none,mixed,2 5 5 5 9 9 12 17
881W4A56TRNar0YNC2of1I1,8,progressive,none,distinct,1 4 6 8 9 10 11 15
881W4CtX1bAaWW1iCgPQfSM,8,progressive,none,distinct,2 3 4 7 8 11 14 15
881W196mKgMK01cfLP2GOCY,8,plain,none,mixed,1 2 6 7 7 8 15 18
881W0gguQ45oK90Hup8ZAOE,8,progressive,none,distinct,1 4 5 8 9 10 12 15
881W214KCkMCGAJ9b8Yn910,8,plain,none,mixed,2 3 3 5 10 11 13 17
881W41IKnU72fH0GYU8oeq9,8,distinct,none,distinct,1 5 6 7 9 10 12 14
881W0C5CAbOg0YLZhrQ6342,8,plain,none,mixed,2 2 5 7 9 10 11 18
881W4gIKw3WOWWYo54bQOL8,8,plain,none,mixed,1 5 5 8 9 9 10 17
881W05mBa8cXI9LIbgPZHei,8,progressive,none,distinct,1 2 6 7 8 12 13 15
881W4XGaSAuo0C44Z2oRyqH,8,progressive,none,distinct,1 3 7 8 9 10 11 15
881W2f6ZOCb241094WZrgqc,8,plain,none,mixed,2 2 6 6 10 12 12 14
881W29SWK20oZ8631MB2V44,8,plain,none,mixed,1 2 2 4 5 6 16 28
881W0GFBf4o60GOY5YoQA4E,8,plain,none,mixed,1 1 5 8 8 9 13 19
881W17WG965WnQ4Yn9GemGG,8,plain,none,mixed,1 2 3 6 10 10 16 16
881W8I8MHG2Y1anOQFXOjwC,8,progressive,none,distinct,1 3 6 7 9 11 12 15
881W03Wm8mKwGA59MseKA96,8,plain,none,mixed,1 2 5 5 9 10 11 21
881W4YHmLbCaGGYTL171aqA,8,progressive,none,distinct,2 4 5 6 9 11 13 14
881W410HHAGeLQbCcDGemGG,8,plain,none,mixed,2 2 2 5 9 10 13 21
881W5YoG4U52Y8meYo6WK84,8,plain,none,mixed,2 2 5 8 9 10 12 16
881W0W84sgTEWaID84ICX0X,8,distinct,none,distinct,1 2 3 5 8 9 16 20
881WB1XnGH9XGYGOJ7XeiG8,8,plain,none,mixed,1 3 5 8 8 10 12 17
881W2ZGYX7k540WH-gqYX84,8,progressive,none,distinct,1 3 4 8 9 11 12 16
881WCMJZ10t4XWCiFh5SmOW,8,progressive,none,distinct,1 2 5 7 8 12 13 16
881W05BcDaW-10pMpb112DY,8,plain,none,mixed,1 1 3 4 4 8 17 26
881W0XYNJgAOS40cHNj2mke,8,progressive,none,distinct,1 2 5 7 8 10 15 16
881W5412aJ8o0WHe31ObIry,8,plain,none,mixed,1 3 4 4 7 11 14 20
881W210WeoAeiLOYQ51m886,8,plain,none,mixed,1 2 5 6 6 10 10 24
881W4PGufJo8c004gfJzGn4,8,progressive,none,distinct,1 4 6 7 8 9 14 15
881W411IOB6XmC42vAagfGP,8,progressive,none,distinct,1 3 4 7 10 11 12 16
881W0H8fKoaH0IfKiBbgWG2,8,progressive,none,distinct,2 3 4 6 9 12 13 15
881W59KeM7ScIW44XZ8f48a,8,progressive,none,distinct,1 2 5 8 9 10 12 17
881W0YXmXZO10e4CrMf0mQL,8,plain,none,mixed,1 2 3 3 9 13 16 17
881W8GGGHEd7Ze94ZMC4qOG,8,plain,none,mixed,2 2 4 5 7 10 16 18
881WEdIYL8a52WWW1Cc2XG4,8,plain,none,mixed,2 3 4 4 6 9 17 19
881WAJHQLQCg14ZIKCGCK6g,8,distinct,none,distinct,2 3 4 5 7 10 14 19
881W3XWmCvp40GG64dQOuK6,8,distinct,none,distinct,1 3 4 5 9 13 14 15
881WENxwqMR1W8e22N0C50G,8,progressive,none,distinct,2 3 5 6 8 10 13 17
881W21XGaMq0WA54wLZmaG4,8,plain,none,mixed,1 3 3 5 10 12 13 17
881W9iEEHOCa40GP95AcGaA,8,plain,none,mixed,1 4 4 7 8 12 12 16
881W0DP4A4G70HbMongRALA,8,progressive,none,distinct,1 4 6 7 8 9 14 15
881W047AqB6ZAaXGyuCbIqO,8,progressive,none,distinct,1 4 6 8 9 11 12 13
881W18gnKY8iD18cGYF6I41,8,plain,none,mixed,2 3 3 3 4 11 16 22
881W8XmCYLGI23WsTs7Ym82,8,progressive,none,distinct,1 2 5 6 8 10 13 19
881W1XnOyPAn0AXGz3X8a44,8,progressive,none,distinct,1 3 4 5 8 12 15 16
881W1eePFn4Hn4W462oEel8,8,progressive,none,distinct,1 4 5 7 9 10 12 16
881W0Y9LRhG8461KA256Gm9,8,plain,none,mixed,1 1 4 5 8 9 12 24
881W20WK8g5rWeA95I7JL4a,8,plain,none,mixed,2 3 7 7 9 10 10 16
881W2B6T8bP4YXGYY92AHmO,8,progressive,none,distinct,2 4 5 6 9 11 12 15
881W8An48aSE10H5gL4cIfK,8,progressive,none,distinct,1 2 5 7 8 12 14 15
881W1WqiqAY2I0WG4fWofpL,8,plain,none,mixed,3 5 5 8 8 9 12 14
881W071WoTDaq911WEcpL8a,8,progressive,none,distinct,2 3 5 6 9 12 13 14
881W2qMYXHKiMDXKf94WIG1,8,plain,none,mixed,1 1 4 7 8 11 12 20
881W14YGLoXGmQeeMD2W04K,8,plain,none,mixed,2 2 5 5 7 7 16 20
881W9Kn56nHOy0GqMB9d4C1,8,progressive,none,distinct,2 4 5 6 8 10 13 16
881W0GaIXIed94YHE7vqgO2,8,progressive,none,distinct,1 2 3 8 10 11 14 15
881W4YG9eqeKI8WKQD6004A,8,plain,none,mixed,2 2 4 4 6 8 9 29
881WAC-V6XNI20821n2KmeY,8,plain,none,mixed,2 3 5 6 6 8 14 20
881W0mov4A2XI4GeKjOYJ3W,8,progressive,none,distinct,1 2 4 9 10 11 13 14
881W1iJjtFeL80Z9pIWgKZG,8,progressive,none,distinct,1 3 6 7 10 11 12 14
881W284ghK8TAQL9h9c90I4,8,plain,none,mixed,3 3 4 5 5 6 19 19
881W10OZHX94YKWK8AD4nOD,8,plain,none,mixed,1 2 8 8 8 9 12 16
881W0I1eqz62Q9Ibmo8sv4X,8,progressive,none,distinct,2 3 5 8 9 10 13 14
881W4XMKA4cH98WWm9q21J8,8,plain,none,mixed,1 5 5 5 5 6 16 21
881W0eaOa2KeG8QEB4C0mKg,8,plain,none,mixed,2 2 2 4 5 11 15 23
881W0KuB5aeJf2WaJ9TGbIa,8,progressive,none,distinct,1 3 4 8 10 11 13 14
881W1WwT8I8gKLGA10LDH2W,8,plain,none,mixed,2 2 2 5 6 6 15 26
881W4IOK6CWnhHEdJAtaOG1,8,progressive,none,distinct,2 4 5 7 10 11 12 13
881W152XDqfH8a98XKZn8aG,8,progressive,none,distinct,1 5 6 7 8 11 12 14
881W0CWKYpDXXJK695uaZ4Y,8,plain,none,mixed,1 3 5 7 8 8 15 17
881W5gnxL94n0WGGG4WIfP2,8,progressive,none,distinct,1 4 5 7 9 10 11 17
881W39qI1HR3Wm447BR3nW8,8,plain,none,mixed,2 3 4 4 5 7 8 31
881W18KP8iD6YmWC41SZ1Wm,8,plain,none,mixed,2 3 5 5 6 8 17 18
881W2YGoWSIXaG45wcKoP4I,8,plain,none,mixed,2 5 6 6 7 9 13 16
881WD2n8vg4Y0W9844T1mqI,8,plain,none,mixed,1 1 6 8 10 11 12 15
881W31ZLfa1GWH8eK24YGeA,8,plain,none,mixed,2 3 6 6 8 10 11 18
881W9WHYvuBi0XRYezLGmKY,8,plain,none,mixed,1 3 5 8 8 11 13 15
881W0GH9jkKbP9WY4XoCqII,8,plain,none,mixed,3 3 7 7 8 9 10 17
881W004P4iM8YX0zUDZQ952,8,progressive,none,distinct,1 2 5 7 8 10 15 16
881W952uX62hGg2J5sb1mmG,8,plain,none,mixed,1 2 5 7 10 13 13 13
881WD3WMCvT3X20AGIIHr2H,8,distinct,none,distinct,1 2 3 6 7 11 12 22
881W0aJH8A2LuQKQKfL4QD1,8,plain,none,mixed,2 3 3 3 9 10 16 18
881W21OksPDG80aI64YKmeX,8,plain,none,mixed,1 3 6 7 7 10 12 18
881W0WABMQV3WXKC15IEWWW,8,plain,none,mixed,2 2 3 6 8 8 16 19
881W1KbwiI5q930WJb1YB8H,8,progressive,none,distinct,1 4 6 7 8 11 13 14
881W2nfas32M90KAOgfX081,8,distinct,none,distinct,1 3 5 8 10 11 12 14
881W3Hn2XK210i84KA8cHAC,8,plain,none,mixed,1 2 2 7 11 12 14 15
881W0K9YqMI0X3cNHgap4YX,8,progressive,none,distinct,1 3 5 7 10 11 13 14
881W1WeKRQjKO8G84anSaKH,8,progressive,none,distinct,3 4 5 7 8 10 12 15
881W2qeqb9eoI2WmVs91W6H,8,distinct,none,distinct,2 4 5 7 8 10 12 16
881W2LIPAH8I05bAbAID4A2,8,progressive,none,distinct,1 4 5 6 8 10 13 17
881W48ePRiaJ0eY5Ys0pQUH,8,progressive,none,distinct,1 2 7 8 9 10 13 14
881W4K1ZRXXg0WJsR3IXAXa,8,plain,none,mixed,1 2 3 6 6 10 16 20
881W2InMyYJZ004AbKNa9e4,8,plain,none,mixed,1 1 4 5 9 11 15 18
881W86ASOiv4YWLGQ82hQDA,8,progressive,none,distinct,1 2 4 7 11 12 13 14
881WCW8A9bY8bWL52X2-HG4,8,plain,none,mixed,1 2 2 7 8 10 12 22
881W8AqegM4YA1JfADOhr61,8,progressive,none,distinct,2 3 4 6 7 13 14 15
881W21CtGB6ZIGGG8uQbbn8,8,progressive,none,distinct,1 5 6 8 9 10 12 13
881W821GaE94H8H8Fcbp9Wm,8,plain,none,mixed,1 4 7 7 7 10 13 15
881W52fAXCgfL402F6sWJB1,8,progressive,none,distinct,1 3 5 7 8 9 15 16
881WB2HXfYmqP8XAWiF1Gg4,8,plain,none,mixed,2 2 4 5 6 8 14 23
881W0sbrv4Yn8XHm48887k1,8,plain,none,mixed,1 1 3 4 9 10 17 19
881W2YIuCfwz45GKuhK8a69,8,progressive,none,distinct,1 4 5 7 8 12 13 14
881W4bIbXmAO1WZcQHOI8aC,8,plain,none,mixed,1 4 4 5 5 9 17 19
881W0MIbKUgZOj39HZ0dGC8,8,progressive,none,distinct,1 2 5 6 9 12 13 16
881WBTXyYBC104OiD1YgcA4,8,progressive,none,distinct,1 4 5 6 10 11 13 14
881W4KwKfZjEaWHM6YPAWe4,8,progressive,none,distinct,2 4 5 7 8 11 13 14
881W1nfKaOWGGG84SLAWqyI,8,progressive,none,distinct,1 3 5 6 7 10 13 19
881W24YGSAjaaGBLfGXH8eO,8,progressive,none,distinct,1 4 6 7 9 11 12 14
881W0HOODorRCLGeMITQ00G,8,plain,none,mixed,2 4 5 6 9 10 10 18
881W213Q5LB3K5AKLAJATI8,8,progressive,none,distinct,1 5 7 8 9 10 11 13
881W4sULxefGf85EODHgYYW,8,progressive,none,distinct,2 3 5 8 9 10 13 14
881W0894bHnt0HKk0WWPoaC,8,plain,none,mixed,1 3 4 4 6 8 9 29
881W210XGFcv0XoYH20meK2,8,distinct,none,distinct,1 2 3 6 8 9 12 23
881W4HWWfLiAbGA6eDfKW8G,8,plain,none,mixed,1 3 4 5 9 12 15 15
881W20HAJ96rB71WfKQYHi8,8,progressive,none,distinct,1 3 6 8 9 10 12 15
881W422WmJAjWr4nG21WiQC,8,plain,none,mixed,2 2 4 5 6 8 15 22
881W2o2boOOy0W2iwfKcGKC,8,progressive,none,distinct,1 2 3 6 11 12 14 15
881W9XIZHDH08QKaII0YTM2,8,plain,none,mixed,1 1 3 8 8 13 13 17
881W10LIXbgneX0iD6iiUI4,8,progressive,none,distinct,3 4 5 6 8 11 12 15
881W10giGNe18fGOBBaXZBg,8,progressive,none,distinct,2 3 6 7 10 11 12 13
881W17ZuLp9W82GKjGcGWKH,8,plain,none,mixed,1 2 6 6 6 10 13 20
881W10ZX8H8eGKYg8C52bQi,8,plain,none,mixed,2 2 5 6 8 9 10 22
881W64G9A0YOj1jC6JQP0mJ,8,distinct,none,distinct,1 2 3 4 10 11 13 20
881W4HZ3IY9IeK8av2TEfqC,8,progressive,none,distinct,3 4 5 8 9 10 12 13
881W11KgLXJaH80A5uaqoOK,8,plain,none,mixed,1 3 6 6 8 8 12 20
881W2SgaqDIiI6AM6Q0He30,8,progressive,none,distinct,1 2 3 7 9 13 14 15
881W1GoIfOaKw14I3ZGkPEG,8,progressive,none,distinct,1 4 6 7 8 11 13 14
881W0G8CbO5f50eMD6pIGaA,8,distinct,none,distinct,3 4 5 6 7 10 12 17
881W8jK64n5d0WAfJGORqc3,8,plain,none,mixed,4 5 5 5 6 6 10 23
881W1aQCAX5QA8jDcoYKGIC,8,progressive,none,distinct,3 4 5 6 9 11 12 14
881W6BbGRDWWWWG8C98iQac,8,progressive,none,distinct,2 4 5 6 7 9 13 18
881W0bH4NF52L930u2Wp8OK,8,plain,none,mixed,1 3 3 6 9 9 15 18
881W2bbA5gGeWYuvKXSeuH0,8,progressive,none,distinct,1 3 5 6 10 11 13 15
881W4b98aCfvGoIgo20-qK2,8,plain,none,mixed,1 3 4 5 5 11 13 22
881W08WWNuqQSj0iICQ4Ya8,8,plain,none,mixed,1 2 4 7 11 11 12 16
881W4CB1qgV7WG54MiMp2WG,8,progressive,none,distinct,1 2 6 7 9 10 14 15
881W64GiKhj1WXH4XOiAWeO,8,progressive,none,distinct,1 3 5 9 10 11 12 13
881W49C4An_8aG88X97JoGa,8,plain,none,mixed,2 2 3 6 8 10 11 22
881WAL8KMfOaA0KYID2Wm41,8,plain,none,mixed,2 4 4 5 9 12 13 15
881W4A4fi4I2n4eAT2ZID20,8,plain,none,mixed,1 1 6 7 8 8 14 19
881W40deYB8K971GMkB6pfG,8,progressive,none,distinct,1 2 5 7 9 11 13 16
881W0IOGGGO24IjLTiKC10W,8,plain,none,mixed,1 4 4 5 5 6 9 30
881W05d2EXaemOrbgivTAmK,8,progressive,none,distinct,2 3 6 7 8 11 13 14
881W00IWuME2fGaYOB7r6ZI,8,progressive,none,distinct,1 4 5 8 9 10 13 14
881W94Wb6YfP21XNeyIGHOY,8,plain,none,mixed,2 3 6 6 7 12 14 14
881W0a9eWHYQTI4WI5YdKqP,8,progressive,none,distinct,2 3 4 8 9 11 12 15
881W8cH9YKgHGnaAaI99WM1,8,progressive,none,distinct,1 2 5 8 10 11 12 15
881W1fPKMiH8C69C-I7Wg40,8,progressive,none,distinct,2 3 4 6 7 9 16 17
881W37kEVIM8WGZ4M4bn2GO,8,progressive,none,distinct,1 3 5 6 9 11 14 15
881W0C4lDPAbHsWeIl42am1,8,progressive,none,distinct,1 3 5 8 10 11 12 14
881W0GumPS52YGoPA8OgG8S,8,progressive,none,distinct,1 2 4 7 9 11 14 16
881W49emYmLgIK09gn6ZEOD,8,progressive,none,distinct,1 5 6 7 8 9 13 15
881W10WQiPEZXmmO960gv0G,8,progressive,none,distinct,1 2 3 4 10 12 15 17
881W21HKJ9nOQ0iJHTeoOY1,8,progressive,none,distinct,1 3 5 8 10 11 12 14
881W2994IFaoOaWGO1HecWO,8,plain,none,mixed,1 4 5 7 8 8 15 16
881W4XS-YHG94005gfIoQLQ,8,plain,none,mixed,2 4 4 6 10 11 12 15
881W2fIgCI95A0WWKcHI95H,8,plain,none,mixed,1 6 7 7 8 9 12 14
881W10GDCsPReWY252wY4YK,8,progressive,none,distinct,1 2 4 6 9 11 12 19
881WCMD7APIZ11GU97H0Wb2,8,plain,none,mixed,2 4 5 8 8 9 14 14
881W4YXWebK5294iBDeeKG8,8,plain,none,mixed,4 5 6 6 6 6 13 18
881W82Pr99hrYG1OM57DnCm,8,progressive,none,distinct,1 3 6 7 9 10 13 15
881W652lKYX1W498484Raoa,8,plain,none,mixed,1 1 5 6 7 9 11 24
881W5I67KyOiGW0XMiVdIYH,8,progressive,none,distinct,1 2 4 8 10 11 13 15
881W8A5-qQA4w494492oCa2,8,progressive,none,distinct,1 2 5 6 9 12 14 15
881W1GaN3bS10K4K95bAcAS,8,progressive,none,distinct,1 2 4 9 10 11 12 15
881W1mwN652Y8GKYH8pAWaX,8,plain,none,mixed,2 5 5 8 8 10 11 15
881W223CP9XWoRZ1e32Y0q6,8,plain,none,mixed,1 2 3 3 4 10 19 22
881W6112dSMmOB5cH31H8QW,8,plain,none,mixed,1 2 2 4 7 13 13 22
881W0428L92n8g8qQB52XUm,8,progressive,none,distinct,1 5 6 7 8 10 12 15
881W0IY95nk10XAfXnyam8G,8,progressive,none,distinct,1 3 4 7 8 12 14 15
881W2Y9LCA8XKcJOt8X5GYG,8,progressive,none,distinct,1 3 5 7 9 11 12 16
881W42XGZIZ78O84Zn29ecM,8,progressive,none,distinct,1 2 3 6 10 12 14 16
881W10Kh6YKkE0GMAeC1Gr9,8,plain,none,mixed,2 3 4 4 7 8 13 23
881W8AGi21gIOi52IDssQG1,8,plain,none,mixed,1 2 5 6 9 9 11 21
881W34WT518eqPXAc33YOoH,8,plain,none,mixed,2 2 4 7 11 12 12 14
881W153P4I0ZWIAjQraeeSE,8,plain,none,mixed,2 5 6 6 6 9 13 17
881W18ieeAcoHGG8C8hc78A,8,distinct,none,distinct,1 2 3 6 9 12 13 18
881W5Ac2EL4f2WqfYHc2Xa2,8,distinct,none,distinct,2 3 5 6 9 10 14 15
881W2XGkPSYf9aK92X2H98Y,8,progressive,none,distinct,2 4 7 8 9 10 11 13
881WAbPIjIef300Z4AMMPC2,8,progressive,none,distinct,1 4 7 8 9 10 12 13
881W1230ImXoXnCQhJ1eeuI,8,plain,none,mixed,1 4 6 7 7 9 11 19
881W0XGOkdJR2619ein9CE4,8,progressive,none,distinct,1 4 5 8 9 10 13 14
881W8YDGI8I90G34A56V9Lg,8,progressive,none,distinct,1 4 6 7 10 11 12 13
881W4MB833Z1GWfK210ZfAn,8,plain,none,mixed,2 4 4 5 7 8 12 22
881W1H8aavJ59iG68t3Hu60,8,progressive,none,distinct,1 4 5 7 8 10 13 16
881W0WGAiM758eeKBao296G,8,progressive,none,distinct,2 4 5 7 8 9 14 15
881W0WmPg2DeO4IQA4fH8QE,8,progressive,none,distinct,1 2 3 8 11 12 13 14
881W4IOiFc61OWK6J50q8MI,8,plain,none,mixed,1 4 7 7 9 11 11 14
881W27In1ngo00R5LslXma4,8,progressive,none,distinct,1 3 5 6 7 12 14 16
881W214pWMfW88aAA973f_G,8,plain,none,mixed,2 3 3 5 9 10 15 17
881W2KBuPngq20HqjAXZma2,8,progressive,none,distinct,1 2 6 7 9 10 14 15
881W0YhqQD5GG98KwHeKO82,8,distinct,none,distinct,1 5 6 7 8 10 12 15
881W2NaIKwH6XfH6Lb8j4X0,8,progressive,none,distinct,1 2 5 7 8 12 13 16
881W3021eNlyI92AAKXW8G2,8,plain,none,mixed,1 1 3 5 6 7 10 31
881W9KQ8iMs1108I72Q3GeS,8,progressive,none,progressive,1 3 5 7 9 11 13 15
881W7BCdCa61e08KQ4fD9a1,8,progressive,none,distinct,1 2 4 7 8 9 16 17
881W4XWfCcLRTC0Ge9UH0aK,8,plain,none,mixed,2 3 4 5 10 13 13 14
881W55hLfqD1O494n13vcLO,8,progressive,none,distinct,1 5 6 7 8 10 11 16
881WARKAH8aHHY94I4oC442,8,plain,none,mixed,1 1 3 6 6 10 18 19
881W1GfmXzNDYWG9J60OHGm,8,plain,none,mixed,1 4 4 5 6 13 13 18
881W92XHGbMHH24IXNH0WUB,8,progressive,none,distinct,1 2 3 8 10 11 12 17
881W48aCeA9IraI8hM79HE4,8,progressive,none,distinct,1 4 6 8 9 11 12 13
881W10G2btOa91qqQjF2HK1,8,progressive,none,distinct,2 3 5 6 9 10 14 15
881WA66ofZ1WY18OuaLAHL2,8,plain,none,mixed,2 4 5 7 7 10 11 18
881WAb1WOA0aX0YnHLvumKA,8,plain,none,mixed,2 3 4 4 5 6 17 23
881W4bmqgX4Y438Dkp1Ym42,8,progressive,none,distinct,1 4 5 7 8 10 14 15
881W2YGbYLyI1GSGz3GgGG2,8,progressive,none,distinct,1 2 3 9 10 12 13 14
881W1Xm-2Mj0GW845N2gima,8,plain,none,mixed,2 3 3 4 7 11 14 20
881W02k2ArTEJH2ukN4YUWG,8,progressive,none,distinct,2 3 5 7 8 12 13 14
881W1XCdAd8OK88IAL2bYi4,8,progressive,none,distinct,2 3 5 7 9 10 12 16
881W212X8k9on8WaJ60WaOE,8,plain,none,mixed,1 5 5 7 7 9 10 20
881W00qeSM2610aIFfgaI8a,8,progressive,none,distinct,1 2 5 6 9 11 14 16
881W2X887GA94W026B5N9Kw,8,plain,none,mixed,1 4 5 5 8 8 11 22
881W8YHgvvQ184L0H3Z8aQc,8,plain,none,mixed,2 2 4 5 10 10 11 20
881W290WqASD24QC82X9KhK,8,plain,none,mixed,1 2 4 6 11 12 12 16
881W2HR9ZHf10YHWnGeJGOG,8,progressive,none,distinct,1 3 4 5 8 13 14 16
881W2IfCHEc_9KaHXN78Ga0,8,progressive,none,distinct,1 4 5 7 8 11 13 15
881WAnOeaZHP02498aIGHOg,8,progressive,none,distinct,1 3 4 6 9 12 14 15
881W898c8bQI40H3YjbIhiI,8,progressive,none,distinct,1 4 5 8 9 10 12 15
881W2JXHLos50WKOZ-Pb0W4,8,progressive,none,distinct,1 2 3 8 9 11 14 16
881W8bW8YWmTX2mvLIz9eK4,8,progressive,none,distinct,1 2 6 8 9 11 13 14
881W0JffJKYYWH8yYJqBAv0,8,progressive,none,distinct,1 2 5 6 10 12 13 15
881W4KMAwLAFWm3I2dYqGX0,8,progressive,none,distinct,1 2 3 6 10 11 15 16
881W5ocLuC22a4Wf8bYL530,8,plain,none,mixed,1 2 5 8 8 8 13 19
881W8a8yc734gGYnL6b4OC5,8,progressive,none,distinct,2 4 5 8 9 11 12 13
881W0W8KQR8aQ5muOfHiaM8,8,progressive,none,distinct,1 5 6 7 8 9 13 15
881W1GeMJY8Fa0K52dXefKA,8,plain,none,mixed,2 2 4 6 9 11 11 19
881W8LQJpr8kdG44AVgJ8GW,8,progressive,none,distinct,2 3 4 9 10 11 12 13
881W90eJMd31A28G8cL3QbX,8,progressive,none,distinct,1 2 6 7 9 11 13 15
881W4P12LC4YH884w6YmwGe,8,progressive,none,distinct,1 2 4 6 9 12 13 17
881W8WG8mXGsYo8A96J2f8Y,8,distinct,none,distinct,1 3 5 6 7 11 14 17
881W2GeR6hH0G0GQDLgsOYX,8,plain,none,mixed,3 3 6 6 8 10 12 16
881W1JIpGaQ0u44YZNcN5aG,8,progressive,none,distinct,2 3 5 6 9 10 13 16
881W24eb5EIHGciiMUAaGk8,8,progressive,none,distinct,1 4 6 8 9 10 12 14
881W81iOPKjaK611bDAcAAm,8,progressive,none,distinct,1 3 4 7 9 11 12 17
881W22LV7ZMgG8WHmfYcYH0,8,progressive,none,distinct,1 2 4 7 9 11 14 16
881W8e9518q4YP9wjLgnM8G,8,progressive,none,distinct,1 4 5 6 8 12 13 15
881W1L4YUC47G552WnQLgo8,8,progressive,none,distinct,1 2 5 6 10 11 14 15
881WE0bYIfriH8pGHu00On4,8,plain,none,mixed,1 1 3 5 7 8 12 27
881W4KHGqgN4X60gryka420,8,plain,none,mixed,3 4 4 5 6 8 12 22
881W8pfvSQ8K8c5QWZQYG80,8,progressive,none,distinct,1 3 4 6 7 9 16 18
881W6NBWeAD0nGf456H892X,8,plain,none,mixed,2 4 4 4 5 8 14 23
881W39ScbYUr2G4C95AAIaC,8,plain,none,mixed,2 4 4 5 6 12 13 18
881W14drMoLAJJ0HM820jH8,8,progressive,none,distinct,1 5 7 8 9 10 11 13
881W28WO828gD0861GbJPbn,8,plain,none,mixed,1 3 4 4 8 9 11 24
881W04I9XZ4b169KdpPnem9,8,progressive,none,distinct,1 4 5 6 8 12 13 15
881W80Ceq74X8cmO8Bb2o4W,8,plain,none,mixed,1 1 2 4 10 13 16 17
881W1GReHOi408me9fShLea,8,progressive,none,distinct,3 4 5 6 10 11 12 13
881W10WPBrKYQ0c753K94KH,8,progressive,none,distinct,2 3 4 6 10 11 12 16
881W4Go9YD94J2XeUFQDS21,8,distinct,none,distinct,1 2 5 6 9 10 14 17
881W0WHuFaIqH9GYPeX0WiA,8,plain,none,mixed,1 1 4 7 11 12 13 15
881W94Wv7qf4y10rS67Waa5,8,progressive,none,distinct,1 2 5 7 9 10 14 16
881W2HeMNY92XG8C5CA51G8,8,plain,none,mixed,2 4 4 6 8 13 13 14
881W0cWmaIeK8u9aAfQWaI4,8,plain,none,mixed,1 1 4 7 8 13 15 15
881W2429KJfpn4H8b4II5Ig,8,plain,none,mixed,2 5 5 6 9 9 10 18
881W114PCEPaoGCSET22594,8,progressive,none,distinct,1 4 5 7 9 11 12 15
881W4YIPjiQAZ8GZVC1H4W8,8,plain,none,mixed,3 5 6 7 8 10 10 15
881W0G8QJxb-YWI644KBe4Y,8,plain,none,mixed,2 3 4 7 9 9 10 20
881W32L8AQ0HGmqQZ2h1Kzu,8,progressive,none,distinct,1 2 7 8 9 11 12 14
881W0D6ZaEZYnHHGi1X10gD,8,plain,none,mixed,1 2 4 4 6 13 14 20
881W542GuRIX8GbKYL5gX4X,8,progressive,none,distinct,2 3 4 5 9 12 13 16
881W294bgb2gWGcL6dXWv00,8,progressive,none,distinct,1 2 4 8 9 11 13 16
881W4fScbKHuyG04iA5baQ1,8,progressive,none,distinct,2 3 5 6 7 12 14 15
881W3KA8e4539XDMd2As841,8,distinct,none,distinct,2 3 4 6 7 11 12 19
881W8267qoL2v24ghJ9b74H,8,progressive,none,distinct,1 3 4 6 10 12 13 15
881W2LHGTUP8WA3ci94b4W8,8,progressive,none,distinct,1 3 5 6 10 12 13 14
881W0mObYHjB5WWQA8aGGG4,8,progressive,none,distinct,1 2 5 7 9 12 13 15
881W0ceqfR2QE1ZIJdeaWu1,8,plain,none,mixed,1 3 7 9 9 9 12 14
881WA2A8qQH8YG9rCJ9c210,8,plain,none,mixed,1 2 4 5 8 12 12 20
881W1OaqI85I2H0WGaI9RS8,8,distinct,none,distinct,1 2 3 6 7 9 17 19
881W20YWD7X2W8aYHSIfiiI,8,progressive,none,distinct,2 3 5 6 8 9 14 17
881W00aKAC6RCIHBbn18bZK,8,progressive,none,distinct,2 3 5 6 8 12 13 15
881W20zHaoKJe0aIJOMMLB1,8,progressive,none,distinct,1 3 4 7 9 12 13 15
881W8QD5WKCBk0HIGfLIboQ,8,progressive,none,distinct,2 4 6 7 8 9 12 16
881W2398iSS63482iD52211,8,plain,none,mixed,1 3 4 5 5 8 12 26
881W9LerIY9aK5WbHMXGm20,8,plain,none,mixed,2 2 5 7 9 11 12 16
881W2MQTIT8I2308pj34X8Y,8,plain,none,mixed,1 4 6 7 7 10 11 18
881W26IeSCA0C0h4nLfI94X,8,progressive,none,distinct,1 2 5 6 8 11 15 16
881W5An55IQY208Q2XadoKQ,8,plain,none,mixed,1 4 5 8 8 10 13 15
881W4KGgAwjPKeHcM6ZK0qW,8,progressive,none,distinct,1 4 5 7 9 10 11 17
881W0J8YYbAfHP2ku8L2bm8,8,plain,none,mixed,1 1 7 8 8 9 11 19
881WAMhLHeoYWO6PabeKCe0,8,progressive,none,distinct,1 4 6 7 8 9 14 15
881W896D5WsaA11AbBbGfy5,8,progressive,none,distinct,1 3 6 8 10 11 12 13
881W1716hD4Zo110C-agSKY,8,progressive,none,distinct,1 2 5 6 9 11 14 16
881W8b6pIYqSAG17YAZL--0,8,progressive,none,distinct,1 2 4 9 10 11 13 14
881W0HYHe4XIg8WeOquyGAA,8,plain,none,mixed,2 2 3 5 8 10 17 17
881W0XJGOKRDB39HyGSeC62,8,plain,none,mixed,4 4 4 5 6 8 12 21
881W0I4kSGsB0I91MZ2gouq,8,progressive,none,distinct,1 3 5 6 9 11 14 15
881W4K6KAB4dbfHPD45IV00,8,plain,none,mixed,3 3 3 5 9 12 13 16
881W0WXGE3JbQ58Y8aPX8M8,8,progressive,none,distinct,1 3 5 6 8 11 14 16
881W1Go41JaI30uiIf4cWe2,8,progressive,none,distinct,1 2 3 8 9 10 15 16
881W4iQFMOC4109S9Y12Z0G,8,plain,none,mixed,2 3 4 4 7 7 13 24
881W2TCaHABbYo0WI21W8ei,8,plain,none,mixed,2 3 5 5 8 8 16 17
881W6AwreC210GKoLLgB200,8,plain,none,mixed,3 4 5 5 6 8 9 24
881WD5puuH5A00bXYZ3agD6,8,progressive,none,distinct,1 3 5 6 10 11 12 16
881W0MeCHTYXI5H8IkR7Wo4,8,progressive,none,distinct,1 4 6 8 9 11 12 13
881W0W8a9aX8C8mMB9ct8cM,8,progressive,none,distinct,2 3 7 8 9 10 11 14
881W0R9Mca6d22HCZ8JWp4I,8,progressive,none,distinct,1 4 6 8 9 11 12 13
881W4LqdaA79q1XADP8F83H,8,progressive,none,distinct,1 2 3 9 10 11 12 16
881W1HFykOi20WWW9ML0XH4,8,progressive,none,distinct,2 3 4 6 8 9 14 18
881W2L2WmGune95Kb0W8E99,8,plain,none,mixed,2 3 4 5 5 6 11 28
881W41WYHdYn0W88aA8qgLY,8,distinct,none,distinct,2 3 4 7 8 12 13 15
881W0OaDZz-Od0WA9cEqT6H,8,progressive,none,distinct,1 2 5 6 9 12 13 16
881W8CAaXADQH88tKc31wy4,8,progressive,none,distinct,2 5 6 7 9 10 11 14
881W0WXuU6L1GeaMJ3i1eWG,8,plain,none,mixed,1 2 8 9 9 10 12 13
881W3Mh4oN9ZHbX0vA0mW20,8,progressive,none,distinct,1 3 4 7 8 12 14 15
881W5B1wwwnGW0482P5X4pZ,8,plain,none,mixed,1 4 5 6 10 10 10 18
881W2YmCofHWOK48uTAYCWI,8,plain,none,mixed,2 2 2 8 8 9 15 18
881W25Kh4n5YgHXKiZ1aAST,8,plain,none,mixed,2 3 4 5 5 7 16 22
881W15YtMv10mW94a71f5ic,8,progressive,none,distinct,1 5 6 7 8 10 12 15
881W1m7qILIGW94KK6DId8Y,8,progressive,none,distinct,1 3 5 7 8 10 14 16
881W51GgdnoLHKCAgX8emcW,8,progressive,none,distinct,1 5 7 8 9 10 11 13
881W28G9x4ZOG0YA9IgbAoB,8,progressive,none,distinct,1 2 4 8 9 11 14 15
881W1NhX6I2H8Y9S8G4ZWWL,8,plain,none,mixed,1 2 2 4 5 6 15 29
881W32X9aoZMI0aMWWaW86D,8,distinct,none,distinct,1 2 3 4 7 10 18 19
881W4aoaaA5LII1GDeOJ54c,8,progressive,none,distinct,1 2 5 6 8 13 14 15
881W4413GAcrJGXeTBLAnIJ,8,progressive,none,distinct,2 4 5 7 9 11 12 14
881W20JYiLfTOf4HIrOJnaf,8,plain,none,mixed,3 3 5 5 8 8 11 21
881W0WInPCOcI14C7e4aI3P,8,plain,none,mixed,1 1 3 5 6 14 16 18
881W5QXE4e71eemK22bX72I,8,distinct,none,distinct,1 3 4 6 9 12 14 15
881W0WACoA5Mor0G54IEWMC,8,distinct,none,distinct,1 3 4 8 9 10 13 16
881W1YGIGO9aofGemT0kJ5I,8,plain,none,mixed,3 4 4 4 6 8 16 19
881W1OOC9KQi00ID52gWGbA,8,plain,none,mixed,1 2 4 4 6 13 16 18
881W8IG4s6YWmPHe862tGI5,8,plain,none,mixed,2 3 3 4 7 10 16 19
881WAGeaQqYqKIGD5SXWq0A,8,plain,none,mixed,1 1 2 10 10 11 12 17
881W0YWGHqqsTY9BMEQXGY1,8,progressive,none,distinct,1 4 6 7 9 10 12 15
881W32fqcQc92W41k8gaWG4,8,distinct,none,distinct,1 3 4 5 7 11 14 19
881W4HX7JMcHen0ugAeqb2H,8,plain,none,mixed,2 3 4 5 5 9 16 20
881W5Yx9maHAg0WX4cco632,8,progressive,none,distinct,2 4 5 6 8 9 11 19
881W2A9O12fMiN9bf4KBYm0,8,plain,none,mixed,2 3 5 5 8 10 11 20
881W4QAAT96KeK2n9bHwHP0,8,progressive,none,distinct,1 4 5 7 8 10 13 16
881WANB9AEg300KIhEL3m88,8,plain,none,mixed,4 4 4 6 6 8 11 21
881W02186395ao11RDcnGG8,8,plain,none,mixed,2 2 3 3 5 11 19 19
881W0ouwIA5420WGvMfHHOS,8,progressive,none,distinct,3 4 5 6 8 10 13 15
881W21GeCXIbYmmI8K9eu84,8,plain,none,mixed,1 3 5 6 8 9 16 16
881W0iN2Q-ZHGg8OQ961eaC,8,progressive,none,distinct,1 5 7 8 9 10 11 13
881W6290OFbemG229HBbLmq,8,progressive,none,distinct,1 2 6 7 8 11 13 16
881W3HeqMo7TZ4G771I0CMC,8,progressive,none,distinct,1 4 5 7 8 12 13 14
881W52H8ioOxReG194f0G45,8,plain,none,mixed,2 2 3 5 9 13 13 17
881W1XGb6JC6B12vQHGh4A6,8,progressive,none,distinct,2 3 6 7 10 11 12 13
881W4GWKIA8uSC02YMD6maK,8,progressive,none,distinct,2 3 4 5 6 8 16 20
881W0GIb2M6LC50PFkMbn8X,8,progressive,none,distinct,1 5 6 8 9 10 12 13
881W1GbAY31688G8Tk71QcG,8,distinct,none,distinct,1 3 4 5 7 10 12 22
881W0H4I6USc22PAag2XIKQ,8,plain,none,mixed,3 3 4 5 6 13 15 15
881W42fCaGiP4W87Ieu6WmQ,8,plain,none,mixed,2 3 4 4 4 10 12 25
881W15G948ZHP1X8aBTWuQ9,8,plain,none,mixed,3 3 4 7 8 11 13 15
881W89JAKME6YG1maj7s30G,8,plain,none,mixed,1 1 5 6 6 8 18 19
881W2NHaoOfAWZ32H1GkGuG,8,progressive,none,distinct,1 4 6 7 8 10 13 15
881W4XCLCfa42WW4ZA1DcQb,8,plain,none,mixed,1 4 4 7 9 9 14 16
881W8qagL5L1WSAZHdUmoI0,8,progressive,none,distinct,1 4 6 7 8 9 14 15
881W1708-951YHLAvyLHGG8,8,progressive,none,distinct,1 4 5 7 9 11 13 14
881W2B94YN8OC042s310I91,8,plain,none,mixed,1 1 2 2 10 13 16 19
881W6gjSSA8aXG42Ao45PWG,8,plain,none,mixed,3 4 5 5 6 13 14 14
881W210nQq9dI8W458InOKA,8,plain,none,mixed,1 4 7 8 8 8 12 16
881W1GPj4bLOg82IHbRDnAW,8,plain,none,mixed,2 2 4 8 10 10 11 17
881W1f6WO846H8aYGq14YKg,8,plain,none,mixed,2 2 4 5 8 12 14 17
881W1KLCOo8XG28eD2h9NB5,8,progressive,none,distinct,2 4 5 7 9 10 12 15
881W8XJOqUrHeCbaaDb8aG0,8,plain,none,mixed,4 4 6 6 7 8 13 16
881W94XSmJfqeG2X8632asH,8,progressive,none,distinct,2 3 4 8 9 11 12 15
881W9OSMuXM52IWQ83jemm8,8,plain,none,mixed,1 1 3 8 12 13 13 13
881WA296TAbHg0108oxL52X,8,plain,none,mixed,1 4 5 7 7 9 11 20
881W58iKAfF402J5132HJG8,8,plain,none,mixed,1 2 5 6 6 7 17 20
881W4WmwDICL2X0WrN0vCcj,8,progressive,none,distinct,2 4 5 7 8 10 13 15
881W11Wt1oef5WGNDoZHP8W,8,progressive,none,distinct,2 4 5 7 10 11 12 13
881W49CaB8Gb0W46YkLIgei,8,distinct,none,distinct,2 4 5 6 8 10 13 16
881W8aE94SE5WmI922XM20W,8,plain,none,mixed,2 2 4 4 6 7 18 21
881W1GeH5a4HumWKA5ZH9Yi,8,progressive,none,distinct,2 4 6 7 9 11 12 13
881W0KBEcHGO9BGTIf4WnAG,8,progressive,none,distinct,1 3 5 7 9 10 14 15
881W8K68N9knOe4oR942ZY4,8,plain,none,mixed,1 4 4 9 9 11 11 15
881W831F4s2iA0j5jEcXH4H,8,progressive,none,distinct,2 3 4 7 10 11 13 14
881W233a97Kf18ebgbXOTmW,8,progressive,none,distinct,2 4 5 6 8 9 13 17
881W130eJo9a139eKw51eeC,8,plain,none,mixed,2 5 5 5 7 8 13 19
881WB9emGG5dZI4260MJIaI,8,plain,none,mixed,1 3 4 5 7 7 18 19
881W1aW8B54oHHXGeLE14aC,8,distinct,none,distinct,1 4 5 6 8 11 12 17
881WCcJ7RHOA0W2CB7IZHW8,8,plain,none,mixed,1 1 7 8 8 10 11 18
881W0f4ZeCA72WKI6sgXGe4,8,plain,none,mixed,3 4 4 6 10 11 12 14
881W0mOAXKYdH8iMDcJ0XO0,8,progressive,none,distinct,1 4 5 7 9 10 13 15
881W52Xh5JAaCG0PP8aY5UK,8,progressive,none,distinct,1 3 4 6 9 11 14 16
881W2128fMKP8j2K4Bd1GgC,8,progressive,none,distinct,1 3 6 7 10 11 12 14
881W8KH8Kh6ZPiOW842c1Gg,8,progressive,none,distinct,1 2 5 6 7 12 13 18
881W18G54SE510gD0Yv30XG,8,plain,none,mixed,1 2 3 3 4 8 20 23
881W8tLirRYH8L942H8AImW,8,progressive,none,distinct,2 3 4 7 8 10 13 17
881WALHfqQQaH84y0X0MR1W,8,distinct,none,distinct,1 2 3 6 8 13 15 16
881W9X9L9YfM32WSKQWKWmI,8,plain,none,mixed,1 3 5 7 8 8 14 18
881W10Wac77bfWI9Dh0n56W,8,progressive,none,distinct,1 3 4 5 9 13 14 15
881W2IPHmwSE10GHX54cYH8,8,progressive,none,distinct,1 2 4 7 8 11 13 18
881W0WNVDanYo50Y9aKgmp4,8,progressive,none,distinct,3 4 6 7 9 10 12 13
881W0OAKane42XOmG829cgP,8,plain,none,mixed,1 1 4 4 5 10 14 25
881W0bBawSkQaoCKHGQL0G2,8,progressive,none,distinct,2 4 6 7 8 11 12 14
881W1MdH2oXKO6CsaoJ9EKW,8,progressive,none,distinct,1 3 4 5 10 12 14 15
881W4AITIf6310GaICKdIWG,8,plain,none,mixed,1 6 6 7 8 9 10 17
881W20Ij60WXGqmWGKAIieP,8,plain,none,mixed,1 1 2 3 7 10 11 29
881W20Jn8A5bof0eDODIL8a,8,progressive,none,distinct,2 3 6 8 9 11 12 13
881W1H4xvX9Z1GGK5IaPQm8,8,progressive,none,distinct,1 3 5 9 10 11 12 13
881W1GNKd9f2110GN8kMpW4,8,plain,none,mixed,2 2 3 7 10 11 14 15
881W2fgKCg7JIWyYHZ81A65,8,progressive,none,distinct,1 3 4 5 7 13 15 16
881W0C64gLD3f2aI63IHL22,8,plain,none,mixed,2 2 6 7 7 7 13 20
881W3bpKdIaIfA0GI1Yo4o1,8,progressive,none,distinct,1 2 5 6 10 12 13 15
881W54YXYrWmOI8KiQ0WKoG,8,plain,none,mixed,2 2 3 4 7 8 19 19
881WCWI9LgsnGL1214Yu8AI,8,plain,none,mixed,1 3 4 4 5 13 15 19
881W9JLiMKgK0031DIXcIOY,8,plain,none,mixed,3 4 5 5 8 8 14 17
881W92AN7gaIGefeqPQaX40,8,progressive,none,distinct,2 3 4 7 9 12 13 14
881WA3NiiMM70W9o2qOX1XG,8,progressive,none,distinct,1 3 6 7 8 10 11 18
881W3KeOqIGD09bLl5WgK84,8,progressive,none,distinct,1 4 5 8 9 10 13 14
881W14AomfC60WHyorScHGO,8,progressive,none,distinct,2 5 6 7 8 9 11 16
881W291GbDY1me84MA39ef8,8,plain,none,mixed,1 3 3 5 12 13 13 14
881W8A13egPD0GBH6YJP0XW,8,plain,none,mixed,1 2 5 5 7 7 18 19
881W514ZgCoOS0GKcNALAIH,8,progressive,none,distinct,1 2 6 7 9 11 13 15
881W8XaCG4o22ajGegfFcIa,8,plain,none,mixed,1 1 3 4 5 15 15 20
881W0WOaE4CKA58aHD7bGO8,8,progressive,none,distinct,1 4 6 8 9 10 12 14
881W0YI9aJnXoe4ieqQGaG4,8,plain,none,mixed,2 3 3 7 8 12 13 16
881W8IAwhD6Zfb1GKC2B948,8,progressive,none,distinct,1 5 6 7 9 10 11 15
881W90WKWen21IGEB7JffKc,8,progressive,none,distinct,1 2 7 8 10 11 12 13
881W132cJ6WmOWWWmI0erYY,8,plain,none,mixed,1 1 4 5 5 7 16 25
881W80WYoKbIOmXGcOrwfoK,8,progressive,none,distinct,1 3 6 8 9 11 12 14
881W4nagJ9r4Ga82XXSXQg8,8,plain,none,mixed,2 5 6 7 7 9 12 16
881W9IfSaqka10H41X7H8eO,8,plain,none,mixed,1 5 6 8 8 8 13 15
881W2GnJ9Q9HQ54w0pKsfIa,8,plain,none,mixed,3 4 5 7 7 8 8 22
881W0n53KC5AamGIPHvr0X0,8,distinct,none,distinct,1 2 3 5 10 11 14 18
881W2dIbIYWmOO98q212qG1,8,plain,none,mixed,1 1 5 6 7 10 13 21
881W20XGP95gfKaHGy10mKO,8,distinct,none,distinct,1 4 5 6 9 10 13 16
881W94X8SkMnf0GY94sGSA2,8,plain,none,mixed,3 3 4 7 9 9 11 18
881W0WYXHPEZHaGeJ98G8IG,8,plain,none,mixed,1 3 5 5 8 10 11 21
881W2H4YdKIPYG258439AL6,8,plain,none,mixed,1 2 2 6 12 12 14 15
881W4ZHAK2X5b001fQz9Gee,8,plain,none,mixed,2 3 4 6 6 8 12 23
881W1Lc0XAZH911GaBHGgKn,8,plain,none,mixed,3 3 4 4 6 8 17 19
881W01G44ZZ8GHMaIPCpTGa,8,plain,none,mixed,1 1 2 7 9 14 15 15
881W0KIIXQL8iY2KC4aUbII,8,progressive,none,distinct,1 5 6 8 9 10 12 13
881W0YpG9uy8a3HIKAkH4Y5,8,progressive,none,distinct,1 3 4 7 9 12 13 15
881W0YH8cKDB5WWIWH9p1mu,8,plain,none,mixed,2 3 4 6 8 9 16 16
881W11JbAD4214uaAM8YGG9,8,plain,none,mixed,1 1 7 9 9 9 11 17
881W0NWGfcj2YnZTHHPaG8G,8,progressive,none,distinct,1 2 5 8 10 11 12 15
881W0G62eLgYfr0G52JHYqa,8,distinct,none,distinct,1 3 5 6 7 8 13 21
881W2HSf7ZgHA8GK9muYWhW,8,progressive,none,distinct,1 2 4 9 10 11 13 14
881W2ZPCbUQag086YA4KKc9,8,progressive,none,distinct,1 4 5 8 10 11 12 13
881W0a6fKbF6YI0C4h5sZ84,8,progressive,none,distinct,1 4 5 6 10 11 12 15
881W021ehhHeWAH1KjNgDmm,8,progressive,none,distinct,1 2 5 7 9 10 14 16
881W3HXmQ90YX58aQ0XGcdI,8,plain,none,mixed,1 2 6 6 6 8 12 23
881W52J8Y9631bGOC5AXG01,8,plain,none,mixed,1 3 3 5 7 8 12 25
881W00_piIBaI908MdOxMX0,8,progressive,none,distinct,1 3 4 7 9 10 14 16
881W11gvAKgL1B18akAF4G2,8,progressive,none,distinct,1 3 5 8 9 11 13 14
881W52Ynv3QXK96CP2XeaGG,8,progressive,none,distinct,1 5 6 7 9 10 11 15
881W4X9GL99aw8eKo466qII,8,plain,none,mixed,2 3 6 6 7 11 14 15
881W4MQ524aWOc4ALB5iqI6,8,progressive,none,distinct,2 3 6 7 9 10 13 14
881W5AZ9XWD2X1GC11KfGfC,8,plain,none,mixed,1 2 4 6 9 11 11 20
881W1W3GN6XGP98KQBQeia1,8,plain,none,mixed,1 3 3 5 5 8 14 25
881WB3WHObXIC8fPSYWmGI4,8,plain,none,mixed,2 2 3 4 10 12 12 19
881W21nIKJ1X0m84SIBILMR,8,progressive,none,distinct,3 4 5 6 8 9 13 16
881W420XGDocXHGsQXX0eCA,8,plain,none,mixed,3 4 4 4 6 8 11 24
881W0415oKEtAgGm8Z1WnEW,8,plain,none,mixed,1 4 4 5 7 9 12 22
881W299rD1YIIGm8SgYWsq4,8,plain,none,mixed,1 1 6 7 10 11 12 16
881W0aMbIKIrQU0U8A5ip82,8,progressive,none,distinct,2 3 5 8 10 11 12 13
881W4gPLHeoMGe4M2aqYIj0,8,progressive,none,distinct,1 3 6 8 9 11 12 14
881W9KofaH96ao0988qKm84,8,plain,none,mixed,1 3 3 9 9 10 13 16
881W210LfM90uGGG5AaoiqH,8,progressive,none,distinct,1 4 5 6 8 12 13 15
881W0Jn8riI50WWQqjR50W8,8,progressive,none,distinct,1 3 5 7 9 10 11 18
881W00I94iIPAf0PC53aIB6,8,progressive,none,distinct,1 3 5 7 8 10 13 17
881W0GWO2fKhcmePCai58WG,8,plain,none,mixed,1 3 3 6 9 12 14 16
881W0OFByaM4090c6aoQjKQ,8,progressive,none,distinct,2 3 5 7 9 10 12 16
881W2YoPKYa210WykKaGOCA,8,progressive,none,distinct,2 3 5 6 10 11 13 14
881W2eCGhIB1WGaI2HDEWme,8,plain,none,mixed,1 2 2 6 10 11 12 20
881W10bAwbInWo58qS418jG,8,progressive,none,distinct,1 2 4 9 10 11 12 15
881W8H5GqH9QB813y4cIpR8,8,progressive,none,distinct,1 2 6 8 9 11 12 15
881W825IaW7wGaLDMh3PKd4,8,progressive,none,distinct,3 4 5 6 7 10 14 15
881W20K892QuYG451GhqgPo,8,plain,none,mixed,1 3 5 7 7 8 8 25
881W20WII9QYaGmVCrYH8WW,8,progressive,none,distinct,1 3 6 8 10 11 12 13
881W11vWOdRB2H8jDq4SX8a,8,progressive,none,distinct,3 4 6 7 8 10 11 15
881W0HBZfFEbGOoXMKfCHG0,8,progressive,none,distinct,1 5 6 8 9 10 11 14
881WA4bgt21324MhHILP4p0,8,progressive,none,distinct,1 2 6 8 9 10 13 15
881W41miKcLJ0m4Cc9PI4YN,8,distinct,none,distinct,1 3 4 8 9 12 13 14
881W42XrPgfHfO8GpGr25YY,8,progressive,none,distinct,1 3 5 8 10 11 12 14
881W2GAIf1oJfL8I5ISkPK0,8,distinct,none,distinct,2 3 4 5 7 10 14 19
881W0QcJgKkQaCGZer9Kiq1,8,progressive,none,distinct,1 6 7 8 9 10 11 12
881W4aoeICcKgD5I9A8H4I0,8,progressive,none,distinct,1 3 4 8 9 10 14 15
881W2YGaHO20WAjMz5YJ4W8,8,plain,none,mixed,3 5 5 5 8 9 11 18
881W0Y14aq3D9aAAgrBX94Y,8,plain,none,mixed,2 4 5 7 9 12 12 13
881W00KGaGqP51epJfMqwSe,8,progressive,none,distinct,2 3 6 7 9 11 12 14
881W52D7JLKiCG0T9394cNG,8,progressive,none,distinct,2 3 4 7 9 12 13 14
881W0ChqwHD3YcmeHZ8qM20,8,progressive,none,distinct,2 3 4 5 9 12 13 16
881W2WG4YrJ18CiO6J8ASK8,8,plain,none,mixed,1 2 2 3 7 10 14 25
881W82mEhE7AX0ZIL9gYaIX,8,progressive,none,distinct,1 4 5 8 9 11 12 14
881W02H83yZLg29CD5ZDsh4,8,progressive,none,distinct,1 4 6 8 9 10 12 14
881W04m52Oal09ZAYoTQiOC,8,plain,none,mixed,1 1 7 8 8 8 15 16
881W2XHGAqmIYWuQJXKeOyG,8,progressive,none,distinct,1 2 6 8 9 11 12 15
881W2YH98mAUg84Tf4JuqO9,8,progressive,none,distinct,1 3 5 7 8 12 13 15
881W8InEclqwYI89ao4a9GI,8,distinct,none,distinct,1 4 5 6 8 9 13 18
881W32XJgA5YgOW8aYWGegc,8,plain,none,mixed,3 5 5 7 7 8 12 17
881W4I9GT198s8868YMAwHO,8,distinct,none,distinct,1 2 4 5 8 9 11 24
881W41Ggn3X8a2bGaQD1agX,8,plain,none,mixed,2 2 2 7 7 10 11 23
881W06GoA61QP2YofOvwbaL,8,progressive,none,distinct,1 2 5 6 10 12 13 15
881W210cKT4ZC0I92cInv4H,8,progressive,none,distinct,1 4 5 8 9 10 13 14
881W4DmaYv4Xm5DAFGaEAA4,8,progressive,none,distinct,1 3 4 5 10 12 14 15
881W2YHB8fQ52W8Me71Xmme,8,progressive,none,distinct,1 3 5 8 9 11 13 14
881W1H94YBppYmWMNp10WK8,8,progressive,none,distinct,2 5 6 8 9 10 11 13
881W9ImiYW40G5Dg9DYtOQC,8,progressive,none,distinct,1 3 5 8 9 11 13 14
881WAODp94P4Y8PMo54Y408,8,distinct,none,distinct,1 2 4 5 8 10 14 20
881WCbAqwNEYK00HXZqka21,8,progressive,none,distinct,1 5 6 7 8 9 13 15
881W1ishQUP5L8XFYOImeW0,8,progressive,none,distinct,1 5 6 7 8 9 13 15
881W96qykAomO192T5fWHJ1,8,plain,none,mixed,2 3 4 6 8 12 12 17
881W1I9DGegYo80KxuanKA9,8,distinct,none,distinct,2 3 4 5 6 7 17 20
881W10MisQofD90qG3P4JsL,8,progressive,none,distinct,2 3 7 8 9 10 12 13
881W1LKA5Yc32CHaoWeeMA8,8,plain,none,mixed,1 2 5 5 9 10 10 22
881W4YNY8a2b0Giw4kMvOX0,8,plain,none,mixed,1 2 5 7 9 9 12 19
881W1WiQ1O21P8mOA7J6YKP,8,progressive,none,distinct,1 3 4 5 11 12 13 15
881W0G844wL52G4A22XPIfK,8,plain,none,mixed,2 4 4 4 6 8 10 26
881W610WGNiHaYJ81BbAPKa,8,progressive,none,distinct,1 2 7 8 10 11 12 13
881W0D9qoQDe221ZX6bIIqQ,8,progressive,none,distinct,2 4 5 6 10 11 12 14
881W94AGiIE50W2H53Ed3Xm,8,plain,none,mixed,2 4 4 5 7 11 13 18
881W1K-ncJ90WYGmH4gQHXG,8,plain,none,mixed,3 3 3 8 8 11 14 14
881W5JHgqb2XX0888IGFfmO,8,progressive,none,distinct,2 3 4 6 9 12 13 15
881W0Ysf46bbKeGXnL7I19e,8,progressive,none,distinct,1 4 5 7 8 10 13 16
881W2ABCIQBLo90Gi52Ac46,8,progressive,none,distinct,1 4 6 8 9 11 12 13
881W0G8WcAYTiPWoKjMoaYO,8,progressive,none,distinct,1 5 6 8 9 10 12 13
881W36WaG5OGO7QBsjJ9bSe,8,progressive,none,distinct,1 3 5 8 10 11 12 14
881W64GD2D5KP1XOjbZKx3a,8,progressive,none,distinct,1 3 4 9 10 11 12 14
881W08L2iOsInGWMHBcLcq4,8,progressive,none,distinct,1 4 6 7 9 11 12 14
881W28jRIZ4aI08GHVBdGYX,8,progressive,none,distinct,2 3 4 7 9 11 13 15
881W9KbImCAcHG2X66WWM8q,8,plain,none,mixed,1 3 7 7 7 9 13 17
881W0WJAGKG11XKURBqXGea,8,progressive,none,distinct,1 3 6 7 8 11 13 15
881W0Ge5lIYj1GMI2XF-e8G,8,plain,none,mixed,1 1 2 4 11 11 11 23
881W6K8ujRGO822cxBYp8y1,8,distinct,none,distinct,1 3 4 9 10 11 12 14
881WA2XeXnMD2G59BOafGm8,8,plain,none,mixed,3 4 5 5 9 12 13 13
881W0n0cMD4gE650Wj770aW,8,plain,none,mixed,1 2 3 3 9 13 15 18
881W14W3YoLg56GmI8aIvWX,8,plain,none,mixed,1 1 4 7 8 8 17 18
881WAJGmqMk440XHQAcaG88,8,plain,none,mixed,3 4 4 5 6 9 14 19
881W2H8CiqYHH1GaO4HBbKe,8,progressive,none,distinct,1 4 5 6 8 9 15 16
881W01WYLE4cJ252Wt62nIX,8,plain,none,mixed,1 1 4 7 9 12 14 16
881WAbOqSA22IWGeKbbvE10,8,plain,none,mixed,3 4 5 5 7 8 12 20
881W2WmKB677bmG95J330GG,8,plain,none,mixed,3 3 4 5 9 10 15 15
881WCaWmYH91YHG8fuwHGWG,8,progressive,none,distinct,2 3 4 9 10 11 12 13
881W4IEkv2E4YGWm68dnA4Q,8,plain,none,mixed,1 4 5 6 7 12 12 17
881W10HBDQI9Y9efEbPmaGW,8,progressive,none,distinct,1 4 5 7 9 11 13 14
881W0Gmugp4ZWWO4A8vDO84,8,plain,none,mixed,1 1 5 9 10 10 12 16
881W1HBYm8IPIJ9HqH0854K,8,plain,none,mixed,2 4 4 4 5 6 15 24
881W818IoDbYX8H8eU8aDwX,8,plain,none,mixed,1 2 8 9 9 10 12 13
881W4aWGK46BI9HhLDR8442,8,plain,none,mixed,2 3 4 6 6 7 12 24
881W20Z5pB4XWT29OwrIGcA,8,progressive,none,distinct,1 5 6 8 9 10 12 13
881W2HI48J910WaYKIBNn8a,8,progressive,none,distinct,1 3 5 7 8 11 14 15
881WA4IYbBeagW0mNLgwnC5,8,progressive,none,distinct,1 3 5 7 10 11 13 14
881W5AX4gbfHA04E8aKwKpI,8,progressive,none,distinct,1 4 6 7 9 11 12 14
881W0Wf5Gi6B6WGMReP4WmO,8,progressive,none,distinct,2 3 4 6 7 12 14 16
881W6DAeyjNYme5OC0oAo00,8,progressive,none,distinct,1 4 5 6 8 11 12 17
881W4aJhHa8q24fGI72YH4D,8,progressive,none,distinct,1 2 4 8 10 11 12 16
881W2XGbq8p18f8wH3XJGAA,8,plain,none,mixed,1 3 6 9 9 9 11 16
881W40XWgPCn5062oUnGeaK,8,progressive,none,distinct,1 4 5 6 7 10 14 17
881W220ZorRLV86Gu2GGOeX,8,plain,none,mixed,1 5 5 6 7 8 11 21
881W4YYHOd1Ge48qQB904QC,8,plain,none,mixed,2 3 4 5 5 7 18 20
881W20sILL5bJD0GFIMqoGH,8,plain,none,mixed,1 6 7 7 8 8 13 14
881W0WX6KQDOG8YITA91PAJ,8,plain,none,mixed,2 2 4 8 8 11 14 15
881W3DGZ2McNA0Hu_2OYXn1,8,progressive,none,distinct,1 2 4 8 9 12 13 15
881W00Y78iGYC8alNfQjN5H,8,progressive,none,distinct,2 3 4 5 11 12 13 14
881W2GQ4a5JKA5CoTUkXeC0,8,progressive,none,distinct,1 4 7 8 9 10 11 14
881WA56JIbHfAeHHeE2n0d0,8,plain,none,mixed,2 4 5 5 11 11 12 14
881W532XGaoPwO8n8I0O049,8,plain,none,mixed,1 3 3 4 5 7 14 27
881W4WmSDi6LJ08Cdn1A4aC,8,progressive,none,distinct,1 2 6 7 9 11 12 16
881WCcAOgaoGyG2QH8YN8I9,8,progressive,none,distinct,1 3 4 8 9 10 13 16
881W4KIPBIACIe596ZKreW8,8,progressive,none,distinct,2 3 6 8 9 10 12 14
881W1HGbiKCi00q19L1dJ5Y,8,distinct,none,distinct,1 2 3 5 8 11 16 18
881W8SMANLhDKe0JCaJb880,8,progressive,none,distinct,1 3 5 7 8 12 13 15
881W8WGeO99HWoWGBAd1mWM,8,plain,none,mixed,1 1 3 8 9 12 14 16
881WAcH8TD63014Yf0IWmGO,8,plain,none,mixed,1 2 3 3 11 11 12 21
881W4mg5IXA494Yruw1qv4W,8,distinct,none,distinct,1 3 4 6 7 12 13 18
881W18m85WuhWXIhMhniQ8G,8,progressive,none,distinct,1 3 4 7 8 11 14 16
881W11YGA95h0X4nO-1GmaI,8,progressive,none,distinct,1 3 6 7 9 11 13 14
881W0IbYXg50WAH4E8iMdGe,8,plain,none,mixed,2 3 3 8 9 11 13 15
881W6Io9CJ9WO84gIP3a8M8,8,plain,none,mixed,1 1 3 7 10 13 14 15
881W0j6obZGy80Z9fSgKQO1,8,progressive,none,distinct,1 2 7 8 9 10 13 14
881W2HKf1jQ10Y5Kh2X5Yei,8,plain,none,mixed,3 3 3 6 9 9 14 17
881W80XH8bDPIG1NpP5Qv6b,8,progressive,none,distinct,1 3 5 8 10 11 12 14
881W51WaQ8oCcW85Z4bwmeO,8,progressive,none,distinct,1 3 5 8 10 11 12 14
881W8DFdIB9O10OtHneqWe2,8,progressive,none,distinct,1 4 6 8 9 10 11 15
881W1HKeCgLGmOmI9N8WICa,8,progressive,none,distinct,3 4 5 7 8 10 13 14
881WCTN2qao52WWAuQD5Wm4,8,progressive,none,distinct,2 3 4 7 10 11 12 15
881W5fWyQfM400YRj2YcJ0W,8,plain,none,mixed,2 4 5 7 7 7 8 24
881W218qSxU51W481u9bo94,8,progressive,none,distinct,1 5 6 7 8 9 12 16
881W2WGRm8MW8A9QX4cXGcY,8,plain,none,mixed,1 1 3 3 8 14 16 18
881W20WW9CgHYWMB6T8SA5G,8,plain,none,mixed,1 2 5 5 8 10 15 18
881W22YPCMhKPa0eZnaeiG1,8,progressive,none,distinct,1 2 3 6 8 10 16 18
881WB1YG9EdLXAeaJY1840I,8,plain,none,mixed,1 3 3 6 7 8 12 24
881W0K92kL4YKI0XEc2Wrea,8,progressive,none,distinct,2 3 4 5 7 12 14 17
881W864Y8S6GefD6L50uGBI,8,plain,none,mixed,2 2 3 4 7 10 11 25
881W0mKJD9M6JaeA426u-G9,8,plain,none,mixed,1 5 5 8 8 9 11 17
881W8Y99P81ghG5P45ZsmKP,8,progressive,none,distinct,1 3 4 6 9 11 13 17
881WALB6fYgZHO0yT63f180,8,progressive,none,distinct,1 2 4 9 10 11 13 14
881W0374MH53W0YnkhLpL31,8,progressive,none,progressive,1 3 5 7 9 11 13 15
881W11XG6YhHf0mKHGoeaoK,8,progressive,none,distinct,2 3 6 7 9 10 13 14
881W4KInuOA6R0XeO3aK861,8,distinct,none,distinct,1 3 4 6 8 9 10 23
881W15GcuH84A3849IZNhDL,8,progressive,none,distinct,1 4 6 7 10 11 12 13
881W0mMYHwB3e4eiH9KWcII,8,distinct,none,distinct,1 2 4 9 10 11 13 14
881W10-L3YiaH40qPj4ap2q,8,progressive,none,distinct,1 2 3 6 10 11 13 18
881W20GAAAC54XCdIQk1mea,8,plain,none,mixed,2 3 6 6 8 10 12 17
881WCI96mC-8W4JC54ZHbIK,8,progressive,none,distinct,1 5 6 7 9 11 12 13
881W92GneaJBg4n9Oai8G86,8,plain,none,mixed,1 2 5 7 7 10 11 21
881WB196bQB94I86K18TWGe,8,progressive,none,distinct,1 2 4 9 10 11 13 14
881W1WKXGA5YY0W84gTAHD6,8,plain,none,mixed,1 2 5 6 10 12 14 14
881WDEbqAB5510Wm9gHGX84,8,distinct,none,distinct,2 4 5 6 8 10 13 16
881W035A9f4pF0ePiEcQDJ4,8,progressive,none,distinct,1 4 5 8 9 10 11 16
881W2CcIi94bQM0G5IY9amA,8,progressive,none,distinct,2 5 6 7 9 10 11 14
881W05WEXENmWIeoLIaXrMb,8,progressive,none,distinct,2 3 5 6 7 12 14 15
881W0427PfapWmBHeoBLl3Z,8,progressive,none,distinct,2 3 4 9 10 11 12 13
881W3WumaBXmWGG8CR3YY58,8,plain,none,mixed,1 2 4 4 10 12 13 18
881W0Y999E4aYaaQbJAAwHH,8,plain,none,mixed,1 1 4 7 9 12 13 17
881W0WIQOd4E4XGNB3KXWea,8,progressive,none,distinct,1 4 6 7 8 9 14 15
881W2HIb6AgSC0GpR6ZcWG1,8,progressive,none,distinct,1 2 4 8 9 11 12 17
881W0n0MC5uTOY91Z9YCbi9,8,plain,none,mixed,1 1 3 5 8 10 17 19
881W4XqpKRM9500Se4udpm8,8,progressive,none,distinct,1 2 5 8 9 10 14 15
881W52WWPFAmuP4Y2C1GKOH,8,plain,none,mixed,1 4 4 4 5 14 15 17
881W05AgiYCYJAAT9L9cH0G,8,plain,none,mixed,2 5 6 6 7 9 14 15
881W410-KQAc8GG8WbqgGir,8,progressive,none,progressive,1 3 5 7 9 11 13 15
881W4gr2ncnA10A8eIimmO0,8,plain,none,mixed,1 2 2 3 9 13 16 18
881W0xgrIJ96310eW6hHIG8,8,progressive,none,distinct,1 4 5 7 9 10 13 15
881WBAzQsb6HmAWSY6fAAi0,8,plain,none,mixed,1 4 4 6 10 10 12 17
881W22WmqRF20wbIKHIma84,8,plain,none,mixed,1 1 6 6 9 10 13 18
881W24iI9F8g02apQ-aoh4A,8,progressive,none,distinct,1 5 6 8 9 10 11 14
881W0WS8m31ugWaH463EAOf,8,plain,none,mixed,1 3 4 4 7 11 16 18
881W4IryiMD0G042H5gHB2X,8,progressive,none,distinct,2 3 4 6 10 12 13 14
881W4Xeij6YB00IAfCSKPig,8,progressive,none,distinct,3 4 5 7 9 10 12 14
881W1IfiIbPOaIH68ACb082,8,distinct,none,distinct,1 2 3 4 7 11 15 21
881W1XGmgLHeaJ1auK6X8G8,8,plain,none,mixed,3 4 4 5 10 10 12 16
881W5GeC4nGYG8I7bo51WYH,8,plain,none,mixed,2 2 5 5 6 9 17 18
881W54YGu9emWIbI6410eK2,8,plain,none,mixed,2 2 2 6 7 9 18 18
881W0HgK96Z2v10mOKn8Si5,8,plain,none,mixed,1 4 4 4 6 8 18 19
881W6W8CfYmn0WK8e43MPae,8,distinct,none,distinct,1 2 3 5 7 10 17 19
881W010bYg98eGiJEnOid3Y,8,plain,none,mixed,2 4 5 6 7 12 14 14
881W0Y90fD750A31D6WSNHm,8,plain,none,mixed,2 2 2 3 8 12 14 21
881WCAHOiTBLPW522Y4aw24,8,progressive,none,distinct,1 4 5 6 9 11 13 15
881W2aH1GW1nY9HKwhLumMD,8,plain,none,mixed,1 2 4 9 9 10 12 17
881W0I4JfA5y16JILebIJ4D,8,progressive,none,distinct,1 4 5 8 10 11 12 13
881W4273yQ5BeuSb2aX10Z2,8,plain,none,mixed,3 4 5 6 6 7 14 19
881W2cmqQCf1Z952ImHoqO4,8,progressive,none,distinct,1 3 4 7 8 11 12 18
881W17GASeOAH93eNKfI92H,8,plain,none,mixed,1 2 6 6 8 8 14 19
881W08ArUD0GGKOiM162cE2,8,plain,none,mixed,2 3 3 3 4 10 18 21
881W3IugQD2H1084o1MaHuA,8,plain,none,mixed,3 3 7 7 7 11 12 14
881W532IqQk10W4o6SYXGee,8,progressive,none,distinct,1 5 6 7 9 11 12 13
881W1GKfLa6WG8CI9BCJhuC,8,progressive,none,distinct,2 4 6 7 8 10 13 14
881W4Ze65sK0W848sBerL8C,8,distinct,none,distinct,1 2 4 6 7 10 14 20
881W0YAmSAbKQKWWnIE6iK2,8,progressive,none,distinct,2 3 4 6 8 12 14 15
881W8bmYhsr0W548APhJ5I4,8,progressive,none,distinct,1 2 3 9 10 11 13 15
881W2WIe56eaIBHOkF6X0e8,8,plain,none,mixed,2 3 7 7 9 10 10 16
881W4WuK6K06mYJ9ZHNCeYH,8,plain,none,mixed,2 4 4 5 5 7 15 22
881W0H4iKCXGY694YYHhdIY,8,progressive,none,distinct,1 3 5 7 9 12 13 14
881W0rPushPVa20f2mkB0eI,8,progressive,none,distinct,1 2 5 7 9 12 13 15
881W08CUAai56WGD63a12GK,8,plain,none,mixed,1 3 3 5 5 6 19 22
881W0aGoQE3XXI8aI1M1eui,8,progressive,none,distinct,3 4 7 8 9 10 11 12
881W5Z1TeAZHmeW8KPD154e,8,progressive,none,distinct,1 3 6 7 9 10 12 16
881W92XAeag51GBD2X79Wma,8,plain,none,mixed,3 4 6 6 8 10 13 14
881W2RPCaK412GG8Yvz9200,8,plain,none,mixed,1 2 3 5 9 9 11 24
881W22IaCM53X4eacVy34YG,8,progressive,none,distinct,1 2 6 9 10 11 12 13
881W16bYLpI4YXnMCCAyIGW,8,progressive,none,distinct,3 4 5 6 8 10 13 15
881W414CUcBLL8mLegM0f16,8,progressive,none,distinct,1 2 6 8 10 11 12 14
881W0qvW29290YIgD9egMZH,8,plain,none,mixed,2 2 4 7 8 9 12 20
881WB5ZHgmB2W88mL2of4G8,8,distinct,none,distinct,1 3 4 5 6 13 14 18
881W06H9ir5WG1jIhL8ag31,8,progressive,none,distinct,2 3 4 5 9 10 15 16
881W0KPAbPBuyH1YaH8mn2D,8,progressive,none,distinct,1 2 5 6 10 11 13 16
881WAD9SMC6Y9A0W88ZYoE4,8,progressive,none,distinct,1 2 5 8 9 10 11 18
881W91WbI9Cc8MJHg8KA0C4,8,plain,none,mixed,1 4 4 7 7 9 14 18
881W0ZXGu8i0WALARKfGaG4,8,plain,none,mixed,1 3 6 6 6 11 15 16
881W34W8iQ5IePXGY2M8WID,8,plain,none,mixed,2 2 4 7 8 12 14 15
881W6DKgYHJ4ID9694YaQW1,8,progressive,none,distinct,1 3 5 8 9 10 13 15
881W10Z86aaZX5GKI9r9CQ4,8,progressive,none,distinct,1 4 6 8 9 10 12 14
881W33XGPAoOqZ1aQ23v4a4,8,progressive,none,distinct,2 4 5 7 9 11 12 14
881W56JBmg2X8a9G47B2H4m,8,progressive,none,distinct,1 2 6 7 9 10 14 15
881W4HGHY4XJee0OW8traI4,8,plain,none,mixed,1 1 3 4 6 7 12 30
881WA4XKiVIbY80c6mI1TIf,8,progressive,none,distinct,1 2 6 7 9 11 13 15
881W0WGmO1dOAiaJ9B5Oq88,8,plain,none,mixed,2 2 3 4 12 13 13 15
881W31OiLYL31GK42I9T0W8,8,plain,none,mixed,1 2 2 6 8 9 15 21
881W2NBL9KfLeX3PX8Wm4Y4,8,plain,none,mixed,2 4 6 7 8 8 11 18
881W10G89ieba80D5XwDEfO,8,distinct,none,distinct,1 2 4 5 6 8 13 25
881W5BArPC4X02Pa2HagMcB,8,progressive,none,distinct,2 4 6 7 9 10 11 15
881W8av3IfCagX0q80iS9a3,8,plain,none,mixed,1 1 2 6 10 10 12 22
881W0P5H8a2cPKAHPKj6bOE,8,progressive,none,distinct,2 4 5 7 10 11 12 13
881W1HPYfMfJGd1WXCToHE0,8,progressive,none,distinct,1 3 6 7 9 11 12 15
881W110ZQicbH0gH9KJ1Wgf,8,plain,none,mixed,2 2 5 8 9 10 13 15
881W10jBaM99a4KGLAag72G,8,progressive,none,distinct,1 2 6 7 8 11 14 15
881W4AKRiXc10WGKsQfXmf8,8,progressive,none,distinct,1 5 6 7 9 11 12 13
881W0123AD6GvX4gLIQzQZa,8,progressive,none,distinct,1 4 7 8 9 10 11 14
881WC4wLImseeG22dL4KC-I,8,progressive,none,distinct,2 4 5 7 10 11 12 13
881W4PQKYH42X8Wmw54aSLA,8,progressive,none,distinct,1 5 6 7 9 11 12 13
881W4A4akt33X8G4O4o8b84,8,progressive,none,distinct,1 3 4 8 9 10 14 15
881W2H90XY4358ICM2X8rOq,8,plain,none,mixed,1 4 4 4 9 10 15 17
881W2Heu8HOP8u245MZBWgG,8,distinct,none,distinct,1 2 6 7 8 10 13 17
881W52YmxQ94DX2GIZ0eicA,8,progressive,none,distinct,1 5 6 7 8 9 11 17
881W05s211Z9aIGxTstjoeG,8,progressive,none,distinct,2 3 4 9 10 11 12 13
881W8L6XKsB9XaA74sA462W,8,plain,none,mixed,3 3 3 5 8 8 12 22
881W1acKHLQiKQ0qSkOSBm0,8,progressive,none,distinct,1 3 6 7 9 10 13 15
881W211a22QA14gIQ5YXX0X,8,plain,none,mixed,1 1 2 7 8 12 13 20
881W0YX6Ko8WqYJ4TCgPL4I,8,progressive,none,distinct,1 6 7 8 9 10 11 12
881WA5k1HGYW84GOAR5IgSo,8,plain,none,mixed,1 2 4 4 8 9 16 20
881W0KWC4aHMZYmoPCh-8aK,8,progressive,none,distinct,2 3 6 8 9 10 12 14
881W029QLB1cWsB5B6L2AHX,8,progressive,none,distinct,1 3 5 8 10 11 12 14
881W59LMv9AP8822s5DAaw1,8,progressive,none,distinct,2 5 6 7 8 10 11 15
881W411EgHGaIA96rAcI90G,8,plain,none,mixed,2 5 5 8 9 11 12 12
881W009G1YE3Y1Ga9bMpsxL,8,plain,none,mixed,2 4 6 7 7 8 14 16
881W82IHORq52WH-uRiYX8e,8,progressive,none,distinct,3 4 5 7 9 10 11 15
881W110Ga5ogWXenKwoOiI5,8,plain,none,mixed,2 4 6 6 7 11 11 17
881W0NGiceq90X1fikt60G4,8,progressive,none,distinct,1 2 3 7 9 10 13 19
881W16XGeL95351WYHGmGG9,8,plain,none,mixed,1 1 5 6 8 12 13 18
881W2XKgaMJX2044CcIcB8K,8,progressive,none,distinct,2 4 5 6 9 11 13 14
881W0GGamLgYI1WmLWXMewP,8,plain,none,mixed,1 4 4 5 7 9 11 23
881WBjroA52XGaGeC64WGY0,8,progressive,none,distinct,2 3 5 7 8 11 12 16
881W10aJ3cPQ08W51WxzsOI,8,distinct,none,distinct,1 3 5 6 7 9 10 23
881W8XfC20Wp5YWHGmiHAP2,8,plain,none,mixed,1 2 2 6 8 9 9 27
881W24XMfKP2v556nO2X54e,8,progressive,none,distinct,1 2 4 6 10 11 14 16
881W812Xn411eYKgPIfigLH,8,progressive,none,distinct,1 3 6 8 9 11 12 14
881W4YGa5422gOWGOaZN2ZA,8,plain,none,mixed,3 3 5 6 7 9 13 18
881W0994JQshT084SGuqgAI,8,progressive,none,distinct,1 3 5 7 8 10 13 17
881W1Gn9CPv3u88QJAoKqC9,8,progressive,none,distinct,1 3 6 7 10 11 12 14
881W4KGmIA9fP62YoMTGodG,8,plain,none,mixed,1 2 7 7 9 11 13 14
881W8KJ35B51WWGOK8aFHmm,8,plain,none,mixed,1 3 4 5 10 13 14 14
881W00IY9Y94f5GK9irUJ9E,8,progressive,none,distinct,2 3 5 8 9 10 12 15
881W10I2fibnm8eeSCkh5i2,8,progressive,none,distinct,1 4 6 8 9 10 11 15
881W1GUdB2Qo1CKaHCjmeR2,8,progressive,none,distinct,1 5 7 8 9 10 11 13
881W08kMMCdQ014H8ahKneA,8,progressive,none,distinct,1 2 4 5 9 12 15 16
881W6AnGIqvi20WPCM6bAO4,8,plain,none,mixed,3 5 5 6 7 8 11 19
881W82qgH2XImc52HAPD2ca,8,plain,none,mixed,1 3 4 4 7 10 15 20
881W0eQKS4g4cH8L92anoO8,8,progressive,none,distinct,1 5 6 8 9 10 11 14
881W0Y83B9bb35GmfMPKni3,8,progressive,none,distinct,1 2 7 8 9 10 13 14
881W2X8G4p9mmGO818cM5Ki,8,plain,none,mixed,1 3 5 5 6 10 13 21
881W0GQ002EH8mqgMAbcbIi,8,progressive,none,distinct,1 4 5 8 9 10 12 15
881W6AqKAK221H8a4InEZWG,8,plain,none,mixed,2 2 4 4 9 12 13 18
881W498OYigjAuI6kC53cU0,8,progressive,none,distinct,1 3 4 8 9 12 13 14
881W2YJ9afDOKa0cb218yE4,8,progressive,none,distinct,2 3 4 5 11 12 13 14
881W52YGZHCeoG0pA4YH4cB,8,progressive,none,distinct,2 3 5 7 8 12 13 14
881W2cpy6UGd8Y4MqrZ0n4X,8,progressive,none,distinct,3 4 5 7 8 10 12 15
881W11LdJgL8I8WNJG82en0,8,distinct,none,distinct,1 2 5 6 7 9 13 21
881WA72me2118auig91m842,8,plain,none,mixed,2 3 3 5 6 8 13 24
881W0Y1UJXeo8ymSbKyHDGW,8,progressive,none,distinct,1 2 6 8 9 10 13 15
881WBGgeaK7w0X3Ih8nIGC4,8,distinct,none,distinct,1 2 6 8 9 11 12 15
881W0WOn8K3oWmOKCAqMH4a,8,plain,none,mixed,1 3 5 6 8 13 14 14
881W18nO7aBM11Ga8adKoeA,8,progressive,none,distinct,1 4 7 8 9 10 12 13
881W0JHDA8l8u6JQMIgd4K4,8,progressive,none,distinct,1 5 6 7 8 10 13 14
881W1WgZPE8aWGIXIA6dvmG,8,progressive,none,distinct,3 4 5 6 10 11 12 13
881W3YHAcaHA1028a2fmmui,8,plain,none,mixed,1 3 4 9 10 12 12 13
881WCbYfapA4WW04gXSnSsR,8,progressive,none,distinct,3 4 6 7 9 10 12 13
881W80mwgOE0aH3WzJ8L2Hu,8,plain,none,mixed,1 1 2 7 7 8 19 19
881WBMMGfI4Z4G0HwiFPQag,8,progressive,none,distinct,3 4 6 7 8 9 13 14
881W1GmSMRYHQ0G82cHsOAA,8,distinct,none,distinct,2 3 4 6 9 10 14 16
881W2H1f2q1pA08KKcYx7Vi,8,plain,none,mixed,1 2 5 9 10 10 12 15
881W0X1WiGuP0WgIHKfHeqK,8,progressive,none,distinct,2 4 5 7 9 10 13 14
881W0f0POfD111acHSTHmfK,8,progressive,none,distinct,1 4 7 8 9 10 12 13
881W4ofvJfro10aGGCeJG4G,8,progressive,none,distinct,1 3 5 6 10 12 13 14
881W556icJm8201N5UdGPT6,8,progressive,none,distinct,1 2 6 9 10 11 12 13
881W19Anew0W8LAH6sLAJ4W,8,plain,none,mixed,1 3 3 5 7 11 15 19
881W0He78UYWmGm82Q2Hqmq,8,plain,none,mixed,1 1 1 5 9 9 17 21
881W4YJW86YHGGWW8C5OyOA,8,plain,none,mixed,2 2 2 5 7 9 15 22
881W4KBLe152P09SMB5YegM,8,progressive,none,distinct,1 4 6 8 9 10 11 15
881W1WXmxn52Gn8eM8P0yW8,8,plain,none,mixed,1 2 5 8 11 11 12 14
881W2HZPyGa3W0agRASKaI5,8,progressive,none,distinct,2 3 4 6 7 12 13 17
881W0WIH2PCG8r4QC4cP8iI,8,progressive,none,distinct,1 2 5 6 10 12 13 15
881W0GgCnec20J9OaK-kGeG,8,plain,none,mixed,2 4 6 6 9 10 13 14
881W2CbIFGXWWYGeAL1feiI,8,progressive,none,distinct,1 3 4 7 8 11 14 16
881W2HXnKWWZK0ILIphiqI5,8,progressive,none,distinct,1 3 4 8 9 12 13 14
881W0C98z5Yon20WC4nQc4I,8,distinct,none,distinct,1 2 3 5 7 10 16 20
881W4h5ZO43Yy8WPCqe0K2I,8,plain,none,mixed,2 2 3 3 5 6 14 29
881W5SiK8A10K9B4223184Y,8,distinct,none,distinct,1 2 3 4 6 14 16 18
881W0mW318oArGe841ioNDY,8,plain,none,mixed,2 3 4 5 5 8 11 26
881W040rCO5H0cWuQAZHH8Z,8,plain,none,mixed,1 1 4 5 9 13 14 17
881W40WYA63amW42WyLQreK,8,plain,none,mixed,2 2 5 6 6 8 11 24
881W0WGPB8AcJGW863aHCuC,8,plain,none,mixed,1 4 5 7 10 10 10 17
881WCaOCUE59IWLfKCaWg31,8,progressive,none,distinct,1 3 6 7 10 11 12 14
881W2YI9wM96ALWef2Ife40,8,distinct,none,distinct,1 3 4 5 9 11 12 19
881W91Z4IH51HF0GUGqIP2W,8,plain,none,mixed,1 1 5 7 8 12 14 16
881W1f5Z17XkG14xCwasZA1,8,progressive,none,distinct,1 2 5 8 9 12 13 14
881W65YKeKMAi4XqM2SUAbG,8,progressive,none,distinct,3 4 5 6 7 11 12 16
881W6YUFHGAK20GWc52qQiC,8,plain,none,mixed,1 2 3 6 6 12 15 19
881W0XGmyn-IugnIY2suuG1,8,progressive,none,distinct,2 3 4 7 9 10 13 16
881W11B4eOE4XIfanhEN0WG,8,plain,none,mixed,4 5 6 7 7 8 8 19
881W20mKaoCo1GG49LOhH4c,8,plain,none,mixed,1 2 8 9 9 10 11 14
881W2XcrrfK919WH4ag8bv4,8,progressive,none,distinct,1 4 6 7 9 10 11 16
881W13WK1d4YX1AfqhIffGm,8,progressive,none,distinct,1 3 6 7 9 10 13 15
881W0WGuYRLPCWYKC8YHm81,8,plain,none,mixed,1 1 6 9 9 9 14 15
881W5WmeSEIOA445YP2mOC0,8,plain,none,mixed,2 2 3 3 6 14 16 18
881W2ISEA2Pf10YKvSzHmb2,8,progressive,none,distinct,3 4 5 7 9 10 12 14
881W8I6QBYLYa8Hp9b5XMMZ,8,progressive,none,distinct,2 3 4 6 9 10 14 16
881W4JfiaJAanP0W8m4nWI9,8,plain,none,mixed,2 4 5 6 9 9 13 16
881WAbH5410uc8KuKYHBi82,8,plain,none,mixed,2 4 4 5 6 12 14 17
881W2HA09I18W8gsTMhL5We,8,progressive,none,distinct,3 4 6 7 9 10 11 14
881W00YGed6YIB9SgqWWWA5,8,plain,none,mixed,2 4 4 6 7 8 10 23
881W0raGC6gcfP31Y9g0QEe,8,plain,none,mixed,3 3 6 6 7 8 13 18
881W23242erfo8mpv6Z9n8e,8,progressive,none,distinct,1 5 6 7 9 10 11 15
881W14YWOonb8Kt5bSXO8C8,8,plain,none,mixed,2 5 5 6 7 9 10 20
881W040yJ9apHI8aI8YA5aY,8,plain,none,mixed,3 3 5 5 9 10 13 16
881W824yIx2QKqD8I5qXbD1,8,progressive,none,distinct,1 2 6 8 10 11 12 14
881W0Auf4-2gH9AwlPf2I00,8,distinct,none,distinct,1 5 6 7 8 9 10 18
881W6J9KA220a8WHOiHui42,8,plain,none,mixed,2 2 5 5 6 10 15 19
881W80CoY2AcXIPCgvgbvX0,8,progressive,none,distinct,1 3 6 7 8 10 14 15
881W25YnLPg8G6I24H2nugK,8,plain,none,mixed,2 3 3 7 7 13 14 15
881W20uWmGG884gK8QD4XGg,8,plain,none,mixed,1 2 2 4 7 10 11 27
881W8XW8Pr8cKI99aikmSGG,8,progressive,none,distinct,1 5 6 7 8 10 12 15
881W4IOb9A5H8mm8qKfM4YC,8,plain,none,mixed,1 1 4 5 7 14 14 18
881W32QoxS2310isZ8U51G8,8,plain,none,mixed,4 5 6 6 8 8 8 19
881W0i45DjF58bRHgMg0vq0,8,progressive,none,distinct,1 2 6 7 9 10 12 17
881W0oOqD8mS8236IdMgqw8,8,progressive,none,distinct,2 4 5 7 9 11 12 14
881W10KDU32N3WiE65fX192,8,plain,none,mixed,2 4 6 7 7 8 13 17
881W45eL6ZfGeEWan8gLKG8,8,plain,none,mixed,2 4 4 4 6 13 15 16
881W03BPZCw4GJDCcfJQgZ5,8,progressive,none,distinct,1 4 5 8 9 10 12 15
881W1ffKA939KGWIHJgfAA5,8,plain,none,mixed,1 6 6 7 9 9 10 16
881W2H8apytXIG4C8WnGqOG,8,progressive,none,distinct,1 4 6 7 9 10 13 14
881W8WX8IAaaaJWn94kHu88,8,progressive,none,distinct,1 2 7 8 9 11 12 14
881W08A5uaP31X4M542n3Wm,8,plain,none,mixed,1 2 3 4 6 10 19 19
881W00cKYMBOaGWYSE9KpPA,8,progressive,none,distinct,2 4 5 8 9 11 12 13
881W3XZuOJHWW8aaC2A2bKg,8,plain,none,mixed,1 4 4 7 7 8 8 25
881W2HkYXG21H90GAHKoQ8i,8,plain,none,mixed,2 3 5 5 8 8 16 17
881W118b1H8qx0GO8GOCEnD,8,distinct,none,distinct,1 2 4 5 8 9 11 24
881W4GW8A4XLYm84ZHkj0GA,8,plain,none,mixed,1 2 4 4 10 11 13 19
881W2218gLnvC044o96vKM1,8,plain,none,mixed,2 2 4 4 7 12 14 19
881W2DY841oXGYaaIH48aL6,8,distinct,none,distinct,1 2 3 5 6 11 15 21
881WCKQAHf2eB4KLgp9Hfq0,8,progressive,none,distinct,1 3 5 7 8 12 13 15
881W2Wm1GN6Y2WYPAILKQLA,8,plain,none,mixed,2 3 3 3 4 11 14 24
881W2BBOeA0K0WCscwR6I82,8,plain,none,mixed,1 4 4 5 6 11 14 19
881W0a4KKYGis2HfrUfLN21,8,progressive,none,distinct,1 4 5 8 9 10 11 16
881W1aZria94A60SI59X94W,8,plain,none,mixed,1 1 6 9 10 10 13 14
881WANWG42wA0bZKP4waG89,8,progressive,none,distinct,1 2 3 7 9 13 14 15
881W0WL6Yh610XOWC4YZX9K,8,plain,none,mixed,1 2 5 5 7 13 14 17
881W4WeM8LKI94KCYH35X8m,8,progressive,none,distinct,1 3 5 7 8 10 14 16
881W4QaNaI18H8a9QjCd8X0,8,progressive,none,distinct,1 4 5 6 8 9 15 16
881W2H8MLrAeK4G65CZ1Z38,8,distinct,none,distinct,2 4 5 6 8 10 14 15
881W8a7JypH0804a8276hCL,8,plain,none,mixed,1 3 5 5 6 8 13 23
881W02OGK8aImgXGuQRAgLC,8,progressive,none,distinct,1 3 5 8 9 10 12 16
881W2I88bgirZHora2n2O4G,8,plain,none,mixed,2 5 5 8 8 9 12 15
881WCKckoJA1H80mnIrnRGO,8,plain,none,mixed,3 4 5 8 8 10 10 16
881W418uOA2o8OYHefZoE95,8,progressive,none,distinct,1 2 4 8 10 12 13 14
881W75eeQH4aA1J93B2ZI51,8,plain,none,mixed,2 2 3 7 9 12 14 15
881WA5oOfYR4a0bDgD9H4Y9,8,progressive,none,distinct,2 3 4 7 9 12 13 14
881W53bILgH0W94iUI30aH0,8,distinct,none,distinct,2 3 4 5 7 12 14 17
881W0GJf494-GH8lEALCa82,8,progressive,none,distinct,1 5 6 7 9 10 12 14
881W2fOSAHag10IA38XHhGa,8,plain,none,mixed,3 4 5 5 6 7 13 21
881W14jIqObnWY8a82dIM6R,8,progressive,none,distinct,2 4 5 7 8 11 13 14
881WCI5aIep52WXQC94IJO4,8,plain,none,mixed,1 5 8 9 9 10 11 11
881W295cYImmf0aKQ1GefOH,8,plain,none,mixed,1 3 5 6 8 8 15 18
881WAchDgrbPga26ZX-4K28,8,progressive,none,distinct,2 4 5 6 9 11 13 14
881W54lCM6g2H8fq924oAGa,8,progressive,none,distinct,1 4 6 7 8 11 12 15
881W8210iIJPfn9b6Z20aIC,8,plain,none,mixed,3 5 5 6 7 7 7 24
881W0G87KYIOLeGI92nnP8I,8,plain,none,mixed,1 4 5 7 8 9 9 21
881W0CgJPJkCeKL1bL5oJO2,8,progressive,none,distinct,1 2 5 7 10 12 13 14
881WALYhMDMc84O20oj4WaW,8,plain,none,mixed,2 3 4 5 9 9 14 18
881W14cKw56XGQWGC3Y9110,8,plain,none,mixed,1 1 2 9 9 11 13 18
881W41mA952Z0eI9aggQDOa,8,progressive,none,distinct,2 4 5 8 9 10 11 15
881WA854C6D1mj9af5X9901,8,progressive,none,distinct,1 2 3 4 10 11 16 17
881W951YoD0mGX8aMH18aiW,8,plain,none,mixed,1 2 2 5 7 12 17 18
881W4B6AHafNIa8yigaX8d0,8,progressive,none,distinct,1 3 6 8 9 11 12 14
881W62YPCbcZ2S0i6o1AXEg,8,progressive,none,distinct,1 3 7 8 9 10 11 15
881W0CUpBaaW88DIfP9cnkW,8,progressive,none,distinct,1 2 4 8 10 11 12 16
881W8onJbQi62GX80YB6LAH,8,plain,none,mixed,1 3 6 6 8 9 14 17
881W4XXsvB5YH90Wa6gHXGG,8,plain,none,mixed,1 5 7 8 8 9 10 16
881W10mOjHCMA8WG62PAbAu,8,progressive,none,distinct,1 3 6 7 10 11 12 14
881W10HWwiI1058kJDj8aYG,8,progressive,none,distinct,2 3 4 5 9 12 14 15
881W8P9vwSI104LKm54B6I8,8,progressive,none,distinct,1 2 4 7 8 9 16 17
881W4JIH4f9JaGAqfFNqW82,8,plain,none,mixed,1 4 6 7 10 10 11 15
881W40iFkZ4XOGWKcIkCMb1,8,progressive,none,distinct,2 4 5 6 9 11 13 14
881W1IbjCYjJ221K1jXhlM3,8,progressive,none,distinct,1 4 6 7 8 10 13 15
881W1GvhLtJ4250s4A8GPKJ,8,progressive,none,distinct,1 5 6 7 8 9 12 16
881W96XnJAEWe5PKH52Hqc8,8,progressive,none,distinct,2 4 6 7 8 9 13 15
881W31acqrsfiq08A2a3efA,8,progressive,none,distinct,2 4 6 7 8 9 13 15
881W36yySLDeC702r18bf50,8,progressive,none,distinct,1 2 5 6 8 12 14 16
881W420W94MPr1aqQ0pHaqK,8,plain,none,mixed,2 3 3 4 7 9 9 27
881W2SswzGmgaf1KeAvKC80,8,plain,none,mixed,2 3 4 4 8 8 12 23
881W1GwCvTfIOq4oIDxGyW1,8,progressive,none,distinct,1 2 4 7 10 12 13 15
881W0WOAqMN8G8gM36Ya90G,8,plain,none,mixed,2 2 3 4 6 12 16 19
881W41WmKWmieABAbmoOaS9,8,plain,none,mixed,2 2 3 4 7 10 17 19
881W00L52fSiYP4nIAbKl10,8,progressive,none,distinct,1 3 5 6 7 13 14 15
881W1qsf6qmW8Y4OA91hNN4,8,progressive,none,distinct,2 3 5 7 9 10 11 17
881W2YB96LAAr94Of43NC84,8,progressive,none,distinct,1 2 6 9 10 11 12 13
881W00e5KKD52WGO93jtA52,8,plain,none,mixed,2 2 4 5 8 8 14 21
881W13kccReea0WZifKhAHK,8,plain,none,mixed,2 5 6 8 8 11 11 13
881W4111eIa1WHOqw5XeOCA,8,plain,none,mixed,3 3 5 5 6 7 12 23
881W62XGnU7118WG2KpHGgD,8,plain,none,mixed,2 2 6 7 9 10 14 14
881W5XuwTAq21082XJ0a10a,8,plain,none,mixed,2 3 3 5 6 7 16 22
881W6XIeM4CSK18MfZH8aaK,8,progressive,none,distinct,1 4 7 8 9 10 11 14
881W2b9UfMgrIA0W0eN5G8Y,8,progressive,none,distinct,1 4 5 6 9 11 13 15
881W414fGiD2Wqe4X6IY953,8,distinct,none,distinct,1 2 5 6 9 12 13 16
881W0IeKCA9OKI12oR2XT8Y,8,progressive,none,distinct,2 3 4 7 9 10 12 17
881W2IQrA52HAHG0maLEW81,8,distinct,none,distinct,1 2 3 4 7 11 12 24
881W01GIfMLQu635ezOgjGK,8,progressive,none,distinct,1 3 4 8 9 12 13 14
881W21GIjX4UemqL7Rwon89,8,progressive,none,distinct,3 5 6 8 9 10 11 12
881W1KcYm9CWG2uS58WGAIP,8,plain,none,mixed,2 2 4 4 6 10 16 20
881W810cY21PD9Ley2HGnAH,8,plain,none,mixed,2 2 4 5 8 8 15 20
881W2B5iITAYH8qQYAa1110,8,plain,none,mixed,1 4 6 7 9 9 13 15
881W0gKIGq1YGrGaaMywH2G,8,distinct,none,distinct,1 3 4 6 7 11 15 17
881W0WK6gA2H9KWGC5HkIOS,8,plain,none,mixed,2 3 4 5 5 8 16 21
881W112WmUB2HD0GDHX0eG9,8,plain,none,mixed,1 1 3 8 9 9 13 20
881W5XG41s2D2GK5bQagWmG,8,plain,none,mixed,2 3 3 5 8 8 15 20
881W0WFvAM2E1WKfB9n7o8a,8,plain,none,mixed,1 4 5 7 7 9 14 17
881W1YHoaZC62WOCePMYX8K,8,progressive,none,distinct,1 5 6 7 8 10 12 15
881W412d4QOg4WOgp6J1H4I,8,plain,none,mixed,3 3 5 7 7 9 15 15
881W0KAQj511HAWG42KomSc,8,plain,none,mixed,2 4 4 4 8 8 16 18
881W2bJcnOaG0IAr8aoR942,8,plain,none,mixed,1 5 6 6 7 10 13 16
881W80H5Yr78KfDpZmv2uWG,8,distinct,none,distinct,2 3 4 5 10 11 12 17
881W108EBfoaGGGA4ZQUF98,8,plain,none,mixed,3 4 4 8 8 9 9 19
881W251P8avCiY0r086f8aT,8,plain,none,mixed,1 1 2 6 8 11 13 22
881W00OX8Ug291WeLD5KvSh,8,progressive,none,distinct,1 2 6 7 10 11 12 15
881W4JLOwUH4YG06YD350He,8,progressive,none,distinct,1 2 5 7 9 11 14 15
881W2KeG86b4IH10XH52iKE,8,plain,none,mixed,1 4 5 5 5 10 12 22
881WBLhJKY0Vm8aVN5GnLi0,8,progressive,none,distinct,1 3 5 6 9 11 13 16
881W1GOZXKvuYGeDDAimP40,8,progressive,none,distinct,1 3 4 5 8 13 14 16
881W2SreH8mH81vwb9elLg2,8,progressive,none,distinct,2 3 4 8 10 11 12 14
881W92H52a83B0fO7ZfAaIA,8,progressive,none,distinct,1 2 5 7 10 11 13 15
881W598aKGmzm426aoHHcU8,8,progressive,none,distinct,1 2 5 8 9 11 13 15
881W0G8OiSqQD9aqK9HA428,8,plain,none,mixed,2 3 5 5 7 7 14 21
881W10cOqP9fCn0I458sd73,8,distinct,none,distinct,1 3 4 9 10 11 12 14
881WA28IaY194WrLMxRqXGO,8,progressive,none,distinct,2 3 6 8 9 10 12 14
881W17iCAT2fHfD5KnM220W,8,progressive,none,distinct,1 4 6 7 8 11 13 14
881W0AZ9Kj59Wp3EV9f6p0W,8,plain,none,mixed,2 5 6 7 7 9 11 17
881W410OVACgn043YibHKOK,8,distinct,none,distinct,2 3 4 5 7 11 15 17
881W51KakOYH9G84g3Q7cIY,8,progressive,none,distinct,1 4 5 8 10 11 12 13
881W31YaWBdJX10GC25gawJ,8,progressive,none,distinct,1 2 6 8 9 10 13 15
881W0f53WeAbHXIrSrAXGY1,8,plain,none,mixed,3 3 5 8 8 8 11 18
881W4hA3QC762X29LSTIoea,8,distinct,none,distinct,2 3 4 5 8 10 15 17
881W0ZHP9qS6121IqpCXGeC,8,progressive,none,distinct,1 4 5 8 9 10 12 15
881W208JHM33p8KQBtCEfGW,8,progressive,none,distinct,1 4 5 7 10 11 12 14
881W8c8aJ6n8CH14I735yk2,8,plain,none,mixed,2 3 3 4 11 12 14 15
881W0aX0XUs8aQ8aKAfGK8G,8,distinct,none,distinct,1 2 3 7 8 11 12 20
881W10mQanIbB44AA5Q1Wam,8,plain,none,mixed,1 2 4 7 9 9 16 16
881W859suTF1Ga5YW8Z1xh4,8,progressive,none,distinct,1 4 6 8 9 10 12 14
881W0462bF7JYo1GisA5giC,8,plain,none,mixed,3 4 5 7 7 11 12 15
881WCWKI5eIXGe58437aoKA,8,plain,none,mixed,1 4 6 6 7 7 13 20
881W8210b52XGcLA94Z0WIH,8,plain,none,mixed,1 1 6 7 8 9 11 21
881W52PD6rA4XG8OGeDH39a,8,plain,none,mixed,2 5 6 6 8 8 13 16
881W0mQSaODEG12I8d5Wfov,8,progressive,none,distinct,2 4 6 7 8 10 13 14
881W0o8qv9qgZGS9uHDYuW4,8,progressive,none,distinct,1 3 7 8 9 10 12 14
881W230RSQDQpH0xuA2254K,8,progressive,none,distinct,1 5 6 7 9 11 12 13
881W61044EJ12HKisWHPH8a,8,distinct,none,distinct,1 2 3 4 5 8 10 31
881W8126eEd4S51HjisRbMK,8,progressive,none,distinct,1 4 6 8 9 11 12 13
881W6iqsTFAwk60Yommh8O8,8,progressive,none,distinct,1 4 5 7 8 12 13 14
881W1BDrGbgTaA1M0wR5jCe,8,progressive,none,distinct,2 4 5 7 9 10 12 15
881W8CH1yaD3YO0qLj6SoQD,8,progressive,none,distinct,1 2 6 7 10 11 13 14
881W0XGuiKO2e14aRPR8eK9,8,plain,none,mixed,1 3 5 8 8 12 13 14
881WED6gFauN04HIAbYAbY2,8,progressive,none,distinct,1 3 5 6 10 11 12 16
881W0WKE5okP8eI6731X130,8,plain,none,mixed,1 3 4 6 8 8 13 21
881W94RFKiHOm00X8ZPj96L,8,progressive,none,distinct,1 2 3 7 10 12 13 16
881W1aqUFv4Ge998YIYKdA8,8,progressive,none,distinct,3 4 5 6 8 10 13 15
881W1H91CIa80WIINQ7AMBD,8,plain,none,mixed,1 1 2 4 5 10 19 22
881W4Wh1seHOWp1HKjQafaq,8,progressive,none,distinct,2 5 7 8 9 10 11 12
881WEXYG822nB0neKYPWG45,8,plain,none,mixed,1 1 2 6 10 10 15 19
881W430cQB9ZGX4Yp8NR50G,8,progressive,none,distinct,1 4 6 7 10 11 12 13
881W0AyoonOX86nIL4kD56G,8,progressive,none,distinct,1 3 4 6 11 12 13 14
881W10PfaYD2m4YDHbAaD6Y,8,progressive,none,distinct,1 3 6 7 9 11 13 14
881W5Ih8c-4Y81q652Kh4UC,8,progressive,none,distinct,1 4 5 8 9 11 12 14
881W8aoeHOB650WXK9iX8aA,8,progressive,none,distinct,1 3 6 7 10 11 12 14
881WAbLQLbI10W4eCE2Xmn0,8,progressive,none,distinct,2 4 5 6 7 9 14 17
881W0GLJAnOxg5Wf94LSge2,8,progressive,none,distinct,1 2 6 7 9 12 13 14
881W5IvKww60m0K692imc52,8,progressive,none,distinct,1 2 6 7 9 10 14 15
881W3Xm-KaI8YG89423I0Wm,8,plain,none,mixed,1 3 4 5 7 13 13 18
881WBcJ9K10mf0GGe2P8e83,8,plain,none,mixed,1 1 4 4 8 9 15 22
881W18WKPsO210K4544Ynva,8,plain,none,mixed,1 2 6 6 7 7 16 19
881W8a6uyH552G0G7hK-pG8,8,progressive,none,distinct,2 3 4 6 10 12 13 14
881W110GXvw50m8AC_LAX8m,8,progressive,none,distinct,1 2 5 7 9 10 14 16
881W0CW8AYM29XH2XH7vidH,8,progressive,none,distinct,1 2 4 6 8 10 15 18
881W971GYHj4XWHeXv2fGG4,8,plain,none,mixed,1 3 6 6 9 11 12 16
881W09N1t-L7KG8dOo8xDGG,8,progressive,none,distinct,2 3 4 5 8 13 14 15
881W4SEH85XWWYHG845gfG4,8,plain,none,mixed,2 2 3 3 10 11 12 21
881W2WeYX8bpeeI9Cu8KL4H,8,distinct,none,distinct,2 3 4 5 6 9 12 23
881W4P8yKYiMIm8Ca5KX6aO,8,progressive,none,distinct,1 5 6 7 9 11 12 13
881W2DAhXWf0WY8S90WRIea,8,distinct,none,distinct,1 3 4 5 7 10 11 23
881W53MesPDAoW2oWY9AzXG,8,progressive,none,distinct,1 5 6 8 9 10 12 13
881W9XetOGZYmqX8c1naauf,8,progressive,none,distinct,1 4 6 7 9 10 13 14
881W64ILMaoXGG79acLF2R1,8,progressive,none,distinct,1 4 5 7 10 11 12 14
881W91X0XJDAnG32o8WGWUN,8,plain,none,mixed,2 3 4 4 6 8 13 24
881W93bKgboXW8bSo18CFG4,8,progressive,none,distinct,1 4 5 8 10 11 12 13
881W094cX4b20WOCALxLpu8,8,progressive,none,distinct,1 4 5 7 9 10 13 15
881W4X4ulfPB6008hYLMRbg,8,progressive,none,distinct,1 2 3 6 10 12 14 16
881W2GmQU56YA4WG8pX50am,8,plain,none,mixed,1 1 6 7 8 12 14 15
881W89XHaH4HKQHHwawCYC4,8,plain,none,mixed,1 4 5 6 9 11 14 14
881W441DWsNf1eXXMgaXfQj,8,progressive,none,distinct,2 3 4 7 9 12 13 14
881W8X4YfKjaH031h5IjEg1,8,progressive,none,distinct,1 4 5 7 9 11 12 15
881WAiXGeQBz2C6W4nHKI64,8,plain,none,mixed,1 1 2 5 11 12 13 19
881W2viv4WeK208K98gIeKY,8,distinct,none,distinct,2 3 4 6 10 11 12 16
881W8iP5InQeA5WfTCcXI40,8,progressive,none,distinct,2 4 6 7 8 9 13 15
881W8nOrMP4I98X8Y670WgG,8,progressive,none,distinct,2 5 6 7 8 10 12 14
881W0ZIfYHirYGGegGeP0K8,8,distinct,none,distinct,1 2 4 6 8 9 11 23
881W41Q8qdWo00gfuwiqvGY,8,progressive,none,distinct,1 2 6 8 9 10 13 15
881WCMEgfRVCam8GLaJoGH0,8,progressive,none,distinct,1 2 3 9 10 12 13 14
881W14-Ncjip2Y04Db7KAb8,8,progressive,none,distinct,2 4 5 6 10 11 12 14
881W2GdaWE5a30WWDw9aBeK,8,plain,none,mixed,1 1 3 5 9 13 16 16
881W8CYwnLJnOW4qG6AEVGL,8,progressive,none,distinct,1 2 7 8 9 10 11 16
881W4WaZKD3WGAjE7AeXuX0,8,plain,none,mixed,1 2 4 5 12 13 13 14
881W2Yqhh94q40GHrEgLAO2,8,progressive,none,distinct,3 4 5 8 9 10 11 14
881W1GfhQIf4K4m9SC328oa,8,plain,none,mixed,1 1 4 6 7 12 16 17
881W10Od7Zz10WGIACkII9a,8,plain,none,mixed,3 5 5 5 11 11 11 13
881W4C8jg51ZH8bgP4ooI00,8,plain,none,mixed,1 5 6 6 7 12 12 15
881W11SSQD680232XTAIACc,8,progressive,none,distinct,2 3 4 6 7 9 16 17
881W40qGIOnNg4KCZLOwHvG,8,progressive,none,distinct,1 3 6 8 9 10 13 14
881WAI28KgwU21HPUwjaWG2,8,plain,none,mixed,3 4 4 5 5 9 16 18
881W0S8r9aQ4YYWcG44Q6Y9,8,plain,none,mixed,1 1 4 6 7 12 16 17
881W1XwTAOe450YeIo212H4,8,plain,none,mixed,1 3 5 7 8 8 9 23
881WCbIHD32H90G0W8Lf4wD,8,plain,none,mixed,2 2 4 5 5 9 12 25
881W5apSaLA110XW10pXn8a,8,plain,none,mixed,2 3 4 7 7 13 14 14
881W8458afJ9bG8eK9KYfD6,8,progressive,none,distinct,3 4 6 7 9 10 12 13
881W0KYHD5OoTEK53XA4WGK,8,plain,none,mixed,2 3 3 5 6 12 13 20
881W211OyNA0KH6YOA4mSG8,8,plain,none,mixed,1 3 3 6 8 11 15 17
881W4J9fg3YK94W8rcZYGmG,8,progressive,none,distinct,1 3 6 7 9 10 13 15
881W8XKOqLUWW6bKXF2Kc6Y,8,progressive,none,distinct,1 4 5 7 10 11 12 14
881W11Sk4yp12258YcRKIeS,8,progressive,none,distinct,1 2 6 8 9 11 13 14
881W494eOAXWWW42X5ZwbU7,8,progressive,none,distinct,2 3 4 6 9 10 11 19
881W0maAPA4aw0WG94lHMaf,8,progressive,none,distinct,2 3 6 7 9 10 13 14
881W5KcZI9f6g09C5fGeQq5,8,progressive,none,distinct,1 5 6 7 8 9 13 15
881W5BAbLAcPoGce4mmn64G,8,progressive,none,distinct,1 4 5 7 8 12 13 14
881W9ImmRhH21058K3bqGmG,8,plain,none,mixed,1 2 3 7 11 12 12 16
881W0086Q3D6YYfKgMPCP4I,8,progressive,none,distinct,1 4 6 7 8 11 12 15
881W0KeeC7c152BaoKqYIH4,8,progressive,none,distinct,1 2 7 8 9 10 13 14
881W2I_M75QWWH4MXGd4eH0,8,plain,none,mixed,1 4 4 5 6 13 14 17
881W52bYC6110Xmu4E0n8bY,8,progressive,none,distinct,1 2 4 8 9 10 13 17
881W31Kn74BWG8OK98lKwWe,8,progressive,none,distinct,1 3 5 8 10 11 12 14
881W8IB53Jlc91188boPiEG,8,progressive,none,distinct,1 2 4 8 10 11 13 15
881W0Jo8oZH92HWfeEBTIH8,8,progressive,none,distinct,1 2 4 8 9 12 13 15
881W0dnuI2GeA5bLYF9Xm40,8,plain,none,mixed,1 3 3 5 7 11 16 18
881W8K53W83HWGWeC52fMgJ,8,plain,none,mixed,2 3 4 5 5 12 16 17
881W2YgKjYZ1u4K-ZHZD4a4,8,progressive,none,distinct,1 5 6 8 9 10 12 13
881W424IgQB9HGcIOFH0ib2,8,progressive,none,distinct,1 5 6 7 8 10 11 16
881W0CeKKAjsWnB5XKODI48,8,progressive,none,distinct,1 4 5 8 9 11 12 14
881W1978iQKeWf8LSqnQL42,8,progressive,none,distinct,2 5 6 7 8 11 12 13
881W1I96IXGua8WQbKgLD0M,8,progressive,none,distinct,1 2 5 8 9 11 13 15
881W0IeHmN34YTGmdNaYWA4,8,progressive,none,distinct,1 2 7 8 9 10 11 16
881W4YJOp52WmOGu464H8W8,8,plain,none,mixed,1 2 7 8 9 9 10 18
881W429vDUH0G14yK552gJH,8,distinct,none,distinct,2 4 5 6 7 9 11 20
881W0Ws57D212GWeKfPF2ua,8,plain,none,mixed,1 3 4 7 10 11 14 14
881W5Abo72XGOCaIP8YH8G0,8,progressive,none,distinct,1 4 6 7 8 10 12 16
881W42A59-JeeK2eYIALuqG,8,progressive,none,distinct,1 4 5 8 9 10 13 14
881W08WI8Clp5WaJAcALIae,8,progressive,none,distinct,2 4 5 8 9 10 11 15
881W851CIi2Sg1I6QtQU6JC,8,progressive,none,distinct,1 2 3 8 9 12 13 16
881W2XGPfCkyIGqH68WXKe2,8,progressive,none,distinct,1 3 6 7 10 11 12 14
881W00IfKigqAH842A5KEF8,8,plain,none,mixed,1 3 4 6 6 11 14 19
881W52ZW214YgGWWOj2XOK9,8,plain,none,mixed,1 4 5 5 5 8 15 21
881W4qbKLb9KmHRXA3BW7y4,8,progressive,none,distinct,1 3 6 8 10 11 12 13
881W25EK4270RAaI9j2HA2Y,8,distinct,none,distinct,1 2 3 8 11 12 13 14
881W8YH894bso01095IfGgJ,8,plain,none,mixed,3 3 4 6 9 9 10 20
881W8HH8Z843CGXHyaYD6JI,8,distinct,none,distinct,2 4 5 6 7 10 12 18
881W34-OgHGaj0X7e4LFf51,8,progressive,none,distinct,1 3 5 6 7 11 15 16
881W0h5aUBAr2WeKYMAWX44,8,plain,none,mixed,1 6 8 9 9 9 10 12
881W52XKkAue20C36211HKc,8,plain,none,mixed,1 3 5 5 8 11 12 19
881W010mJ5IYHA92XAZXmWO,8,distinct,none,distinct,1 2 4 7 8 9 16 17
881W1KgAZuSE4IGO0YTDXW8,8,plain,none,mixed,2 4 4 4 6 7 18 19
881WA111SI0WG2aQV3YnOYH,8,progressive,none,distinct,1 2 4 7 9 10 14 17
881W2XavApvWmG4ICI556Oe,8,progressive,none,distinct,1 4 6 7 8 10 12 16
881W4X0W6YaIX4G4YLgmaoJ,8,distinct,none,distinct,1 3 4 6 9 10 14 17
881W0mMKcQbI8f8K62tO7I0,8,progressive,none,distinct,1 2 4 5 10 12 14 16
881W8X8eLCYIC895YXXMeMH,8,progressive,none,distinct,2 4 6 8 9 10 12 13
881W81nGaJt0WK92pH6KMR8,8,plain,none,mixed,1 2 8 8 10 11 12 12
881W1GXob8biu4K9H7FcDC4,8,progressive,none,distinct,1 2 4 9 10 11 13 14
881WA9axhOqseIIN8o41CQ0,8,plain,none,mixed,1 3 6 8 9 10 10 17
881W12snNmB420GioN5LIOq,8,progressive,none,distinct,1 3 6 7 8 9 13 17
881W0I9Oq8cbHY735b4AaO8,8,progressive,none,distinct,2 3 4 9 10 11 12 13
881W4HGuoPPimKeLYD4b020,8,progressive,none,distinct,1 2 4 6 10 11 13 17
881WEWmnQT5211XeII6X8C6,8,progressive,none,distinct,1 3 6 7 8 12 13 14
881W872A226aaCX1n94nyWX,8,plain,none,mixed,1 1 2 3 9 12 14 22
881W73fGA93Y10mO4BaYAfK,8,plain,none,mixed,2 4 6 6 8 12 13 13
881W11g5aq6D5W8sImb3YH8,8,progressive,none,distinct,2 3 6 7 8 10 12 16
881W2018eIP9HNPffaZAD0X,8,progressive,none,distinct,1 3 4 5 8 10 16 17
881W00E2bOj7X1OyGgLRIf0,8,progressive,none,distinct,1 2 3 7 9 13 14 15
881W2IJA25BLGf8KeaJKuWc,8,distinct,none,distinct,1 3 4 6 8 9 11 22
881W5Ab4HmuaoK8AD0aI1g8,8,plain,none,mixed,2 5 5 6 6 6 10 24
881W11YepCEAZH4J6I5HWGG,8,plain,none,mixed,3 4 6 6 8 10 12 15
881WA49KhMlNi80X2GSUaW9,8,progressive,none,distinct,1 3 6 7 9 10 13 15
881W20oG860ZH9YXGuaisH8,8,distinct,none,distinct,1 3 4 6 7 9 12 22
881W22A4BTM4210sjMeaGGO,8,distinct,none,distinct,1 2 3 5 10 12 13 18
881W062Rnpap0c1KQBJo9KH,8,plain,none,mixed,1 2 2 4 10 14 15 16
881W11KI9Kg841IgJHiaI84,8,progressive,none,distinct,1 2 5 7 8 11 12 18
881W416F88bXemKYnB6oGbD,8,progressive,none,distinct,1 2 6 7 10 11 13 14
881W1DGeIA9QYpaHBIH5g44,8,progressive,none,distinct,1 3 7 8 9 10 12 14
881W6YfOmOZAJ8C58HYsO88,8,distinct,none,distinct,1 3 5 6 8 9 10 22
881W8KHCHA9KS90XA6368YE,8,distinct,none,distinct,1 2 3 8 11 12 13 14
881W194LDEd210eC6Q2GHea,8,plain,none,mixed,2 3 4 4 9 13 14 15
881W4A6OcP650Xg5PF32XeK,8,plain,none,mixed,1 4 6 7 9 11 11 15
881W40Hw8LI189IlfuvHeks,8,progressive,none,distinct,1 3 6 7 9 11 12 15
881W8d1PKerOA14JfOkGmO1,8,progressive,none,distinct,1 2 3 6 10 11 14 17
881W0WeoYHTmWX8YQ4iQJba,8,progressive,none,distinct,2 5 6 8 9 10 11 13
881W32odIu4I20Waav8YGug,8,progressive,none,distinct,1 3 6 7 8 11 13 15
881W5XaWOIF0W842c4jYbJ9,8,plain,none,mixed,1 2 5 6 9 13 13 15
881W22dnSoP8H88pau72910,8,plain,none,mixed,1 1 5 7 8 8 16 18
881W004v4Mwf4GWD5kmw998,8,plain,none,mixed,1 4 4 4 6 10 11 24
881W0CeUZDaHGXXGaIcfNK2,8,progressive,none,distinct,1 2 6 7 8 11 13 16
881W9KASgauKK95voP410K2,8,distinct,none,distinct,2 3 4 5 8 10 12 20
881W20YH9MA3o1083nIfeoP,8,progressive,none,distinct,1 3 4 7 10 11 13 15
881W49fisS531X0WYGTr2G8,8,distinct,none,distinct,1 3 5 7 8 9 15 16
881W1WGWa0qfeCICACkAjSa,8,progressive,none,distinct,1 3 4 6 9 11 14 16
881W6Ib8WG52fmWG2H4f6Yo,8,distinct,none,distinct,1 3 4 5 6 9 13 23
881W29ALGf6QiD8J9j0G6uO,8,plain,none,mixed,2 3 5 5 8 9 9 23
881W4H4SHWsWWa4CcSgkPf5,8,progressive,none,distinct,1 4 5 7 8 12 13 14
881W006eaIE31HaIA8agH94,8,progressive,none,distinct,1 3 6 7 9 10 11 17
881W20eG75wb28862H7Acb6,8,distinct,none,distinct,1 4 5 7 8 9 10 20
881WB18coP4ImgeK20OC9CG,8,plain,none,mixed,1 3 4 7 10 10 10 19
881W20meaAqpyaiHCuOGK48,8,progressive,none,distinct,1 3 4 5 10 11 13 17
881W0WI8cONjb90qHgLXSOC,8,distinct,none,distinct,1 5 7 8 9 10 11 13
881W221YYbL8aOGAr72XKWW,8,distinct,none,distinct,1 4 5 7 9 10 13 15
881W52YbcD4gX86gDA1XT0W,8,progressive,none,distinct,1 3 5 7 9 12 13 14
881W2iRhraYYX8Hak9r8F80,8,progressive,none,distinct,1 3 6 7 9 11 13 14
881W10WOaQeoGeWGD5qmeS4,8,plain,none,mixed,1 5 5 6 7 12 13 15
881W2fSmQKE8802262dLfaH,8,plain,none,mixed,2 3 3 6 7 11 15 17
881W0a0Z4a2dGBBPjQTB5ea,8,progressive,none,distinct,1 5 6 7 8 10 12 15
881W424qITUK20S8KAYH9D2,8,progressive,none,distinct,1 2 7 8 9 10 13 14
881W210LI8obHaeA4j4I8wH,8,plain,none,mixed,1 5 6 7 10 11 12 12
881W2XL6RCQLq887Q22B8L4,8,progressive,none,distinct,1 4 5 7 9 11 13 14
881W171fNeqK82eoXwL8aY2,8,progressive,none,distinct,2 3 4 5 8 12 14 16
881W2KI9aA5RoG1RbYXC444,8,progressive,none,distinct,1 2 4 5 6 14 15 17
881W3amKiOr2W2bqoAIBmO8,8,plain,none,mixed,3 4 4 5 8 9 11 20
881W0MdIfDCXGof451e46Gm,8,plain,none,mixed,1 2 3 8 10 10 13 17
881W8aHWe7C22C4YElbGOMA,8,progressive,none,distinct,1 2 6 8 9 10 12 16
881W6JOaTA54aG01H51d0W8,8,plain,none,mixed,1 2 3 7 9 9 14 19
881W2OePXEhQf4GJErb34Z0,8,progressive,none,distinct,1 4 5 8 10 11 12 13
881W0W19YffT8eIMMeKLIJ4,8,plain,none,mixed,3 3 4 4 5 8 15 22
881W42XGbgbviKC9amo0O8G,8,plain,none,mixed,1 2 5 5 8 9 16 18
881W0vfKKQL2WQ56z0Q9410,8,plain,none,mixed,1 1 3 5 8 11 16 19
881WA19Ok70aG2I9LAWogZH,8,progressive,none,distinct,1 4 6 8 9 11 12 13
881W08ZmXbIgjCWeK6h5kq2,8,progressive,none,distinct,2 3 6 7 9 10 13 14
881W8qf88A8w5WGgF6V2G44,8,progressive,none,distinct,1 3 4 7 8 10 15 16
881W9Ld6J9snmW8IPH4I64C,8,progressive,none,distinct,1 5 6 8 9 10 11 14
881W136cG9emKGgaZOaICr8,8,plain,none,mixed,1 2 7 7 9 9 12 17
881W2912NRb1WWG8QCc3LBH,8,progressive,none,distinct,1 2 7 8 10 11 12 13
881W00JbHCxryiKbAgKEIX0,8,plain,none,mixed,3 4 4 5 7 10 15 16
881W10WmUV0uI9KfI12X0C4,8,distinct,none,distinct,1 2 3 5 7 11 16 19
881W0KWkxOI90AZqoJ697H8,8,plain,none,mixed,2 2 6 6 6 12 13 17
881WCYn9KC5Ii6GHOg9W424,8,plain,none,mixed,1 3 5 6 6 11 12 20
881W11GOqQ2XYWYH6V98O42,8,plain,none,mixed,1 2 5 5 7 12 14 18
881W5J4YHa2H0HOaIJ1OgK4,8,progressive,none,distinct,1 3 4 8 9 12 13 14
881WAJ8O2RIeeGJCK37p462,8,plain,none,mixed,1 2 3 4 4 13 13 24
881W2WoJ4j30uWWaIQ2RraJ,8,progressive,none,distinct,1 5 6 7 8 9 12 16
881W810K69KgfmP9ag39D6W,8,progressive,none,distinct,1 2 5 7 10 12 13 14
881W1LGG8GGs8196aglLeyP,8,progressive,none,distinct,1 2 4 7 9 12 14 15
881W1anuQLJOO2WrCgOPKC1,8,progressive,none,distinct,1 2 3 7 8 12 15 16
881W10OwPKqH8b4cLBh4XG0,8,progressive,none,distinct,2 4 6 8 9 10 12 13
881W0G0APEe540WHBXpANBL,8,plain,none,mixed,2 2 2 7 7 11 11 22
881W6H8bbIb10Y9SA0WP42L,8,plain,none,mixed,1 2 2 4 10 11 17 17
881W0uG9YamcYmaI52GXQO8,8,plain,none,mixed,1 3 3 4 9 10 12 22
881WCD4Am73HHGGeyEMHay8,8,progressive,none,distinct,1 3 7 8 9 10 11 15
881W8KA2Id8YH8iE562XnW0,8,distinct,none,distinct,1 2 3 4 6 13 15 20
881W0KLgcZADboGkGa2qGX0,8,plain,none,mixed,2 3 5 5 8 12 13 16
881W10HHI87oo4GOKkjWqaL,8,plain,none,mixed,1 2 4 9 11 11 12 14
881W0252YYX0eYP84218qhQ,8,plain,none,mixed,1 2 4 5 6 6 18 22
881W8TEpfJMAcmH4ef5wGG0,8,progressive,none,distinct,1 4 5 8 9 10 11 16
881WBJ9C2bq6209AClF5W88,8,plain,none,mixed,2 5 5 6 6 9 12 19
881W4AHG69IhHm85Add56G8,8,plain,none,mixed,2 5 5 9 9 10 10 14
881W10MK2cIaH7LMhrb4p30,8,progressive,none,distinct,2 3 4 5 11 12 13 14
881W10m43bI5p88A42TguGG,8,distinct,none,distinct,1 2 4 5 9 10 12 21
881W1ag9SpvH8e5YqU2MHIW,8,progressive,none,distinct,1 3 5 8 9 11 12 15
881W29bJ7cOyI82GIH73HO6,8,progressive,none,distinct,1 4 5 7 8 12 13 14
881W10WMK43k8CIA4cdIGka,8,progressive,none,distinct,1 2 4 9 10 11 12 15
881W02GaM7JGuI92nMgYCiH,8,progressive,none,distinct,1 3 4 6 10 12 13 15
881W112XAkgL8GGiMqGWaoP,8,plain,none,mixed,2 2 3 3 9 10 17 18
881W0HWegCdJ12H8i0UbALC,8,progressive,none,distinct,1 2 7 8 9 11 12 14
881W0aRLk5Gva2Gk73bD882,8,distinct,none,distinct,2 3 4 7 9 12 13 14
881W41aZjJAKSCGHYL7of98,8,progressive,none,distinct,1 3 6 8 9 11 12 14
881W8YH6L9C18W52A4YJfCF,8,progressive,none,distinct,1 5 7 8 9 10 11 13
881W4YHP4IeZ9WW8B5ao9Cf,8,progressive,none,distinct,2 4 6 7 8 11 12 14
881W006JyA4na8YeOBYfSf2,8,distinct,none,distinct,1 3 4 5 6 9 17 19
881WAZG84S0mH4B5Mg5WGA2,8,plain,none,mixed,1 3 3 4 4 15 17 17
881W62XGOn0uQAL5CI10WA2,8,plain,none,mixed,2 2 3 3 6 8 20 20
881W0mKIfJOhWGQ99aLGwG0,8,progressive,none,distinct,1 2 5 6 9 10 15 16
881W5J4C6eWW08M7JwzTDP8,8,progressive,none,distinct,2 3 5 6 7 12 13 16
881W4jOqS64An1B6Z3aHMC6,8,distinct,none,distinct,3 4 5 7 9 11 12 13
881W4gXeqSI10G442DF8WH8,8,plain,none,mixed,1 2 3 8 11 12 12 15
881W4YSiDUZXeCuSS5286iW,8,progressive,none,distinct,2 4 5 7 8 9 14 15
881W0GWPGOh2YecRC5w6L8e,8,plain,none,mixed,2 2 5 7 8 9 14 17
881W1XH9aUYX14W8IIGuyM6,8,plain,none,mixed,2 4 4 5 10 11 13 15
881W0IH92J6pyAX9EcJr426,8,progressive,none,distinct,1 3 5 6 10 12 13 14
881W411XG1Z6IfWur2nWu88,8,plain,none,mixed,2 3 3 5 6 8 15 22
881W2IbmbYYGWI98e8AqeLm,8,distinct,none,distinct,1 3 5 6 7 9 11 22
881W8AGHetJ9uOXHIfL4oC5,8,progressive,none,distinct,1 3 6 8 9 11 12 14
881W20krEpPiDJ1GigA4E7W,8,progressive,none,distinct,1 3 6 7 9 11 13 14
881W0064qN8yI14H862XnB3,8,plain,none,mixed,1 3 3 3 8 9 17 20
881W9GP58IGi51XyrwdLO42,8,plain,none,mixed,2 3 6 8 8 11 11 15
881W10ZX9jHgjK0iEDWmGKG,8,plain,none,mixed,2 4 5 5 7 8 15 18
881W122dJqquYWGhpJ18fCW,8,progressive,none,distinct,1 3 5 6 8 11 14 16
881W9Av6veMYA0H25abapq9,8,progressive,none,distinct,1 4 5 7 10 11 12 14
881W1HGo5IL1WY54c6lCWGe,8,plain,none,mixed,2 2 6 7 10 10 13 14
881W9HaeSKhwJ053aWcIpI3,8,progressive,none,distinct,1 3 5 8 9 11 13 14
881W2A8q6LSIP0OAp5NA6C1,8,progressive,none,distinct,1 3 6 7 9 11 12 15
881W2ICLCIDCG65PvD1XhI8,8,progressive,none,distinct,1 3 7 8 9 10 12 14
881W42vGY9LCg4GDFaOAQbH,8,plain,none,mixed,1 3 7 7 8 8 11 19
881WAaeYhXWWeG8eOS35fK5,8,plain,none,mixed,2 4 5 5 8 8 9 23
881W3LB9CX0Qm2CHOqZIaC2,8,plain,none,mixed,1 1 4 6 8 13 13 18
881W49YGeMG40f4MWePaIB5,8,plain,none,mixed,1 1 2 6 6 6 15 27
881W1A4mfQ6ZMWI8wp4IvIH,8,progressive,none,distinct,1 4 6 8 9 11 12 13
881W047Orkthek0vGkK25DG,8,progressive,none,distinct,1 3 6 8 9 11 12 14
881W00AB4MDCA0ceMAapBb1,8,progressive,none,distinct,1 2 4 8 9 12 13 15
881W5aZqP4cIf9HOK5CI4Y0,8,progressive,none,distinct,1 3 5 6 7 13 14 15
881W96ZWWOgWmOb2iP0mG88,8,plain,none,mixed,3 3 3 4 7 8 13 23
881W4IXIbocasGO1B4er0gX,8,plain,none,mixed,1 1 6 7 8 10 15 16
881W5Yn8cXEW944EMAvfK60,8,plain,none,mixed,1 4 4 7 7 11 13 17
881W2fKagaA5m82D9Cb8fXG,8,plain,none,mixed,1 3 4 7 9 9 15 16
881W8ZJNgx2aI09a3QgZX2H,8,progressive,none,distinct,3 4 6 7 9 10 12 13
881W8KGeuFR50GasKXJSW84,8,distinct,none,distinct,1 2 6 7 10 11 13 14
881W4BQf8Y58I4GdJKhK93W,8,progressive,none,distinct,1 4 6 7 8 10 11 17
881W93XUOC54IG10POYoCaY,8,distinct,none,distinct,1 4 5 6 7 10 13 18
881W004oY9h3ZGaIFeIXGn4,8,plain,none,mixed,1 4 5 5 7 10 11 21
881W0G55AQZ48aWOJht3gKi,8,progressive,none,distinct,1 2 3 7 8 11 13 19
881W4KQD2I2XnHHuQDM4u21,8,plain,none,mixed,2 3 4 4 8 13 15 15
881W452WXI2HHQ0mo5IXqyC,8,plain,none,mixed,1 3 4 5 7 10 17 17
881W18cLCD1Gf8eiMBI9nA0,8,progressive,none,distinct,1 4 6 7 8 9 13 16
881W52CuB610L9WnOaCbf1O,8,plain,none,mixed,1 2 3 4 4 5 22 23
881W2P2X8rH2YD0A3bWmMG9,8,plain,none,mixed,1 1 5 6 9 9 13 20
881W4L3TYLB9KaHIqQA6P2W,8,progressive,none,distinct,3 4 5 7 8 10 12 15
881W08C6vSGWWWaK262fQeC,8,distinct,none,distinct,1 2 4 5 7 9 15 21
881W9KAicDY1HG1GiPL15Cg,8,plain,none,mixed,3 4 5 5 6 10 12 19
881W31Ge4A4Wi1AaIMhGS22,8,plain,none,mixed,1 1 4 5 6 11 16 20
881W2XAb66ZK99085cZL0I6,8,progressive,none,distinct,1 2 3 8 10 12 13 15
881W0mb2qMC6D8WHQFAX2Y2,8,plain,none,mixed,3 3 3 4 9 9 11 22
881W0WaAOKQ92WQ85a-211G,8,plain,none,mixed,2 2 2 5 6 8 17 22
881W85aTcYrdJWWoKJ3wLH4,8,progressive,none,distinct,3 4 6 7 9 10 12 13
881W0bGGPK4233B5aD5WmOK,8,progressive,none,distinct,1 2 5 7 10 11 13 15
881W41eWGeN91WI2XGyc94Y,8,distinct,none,distinct,1 2 3 6 8 9 15 20
881W0s96fKXWWG9aYHAXKEZ,8,progressive,none,distinct,1 3 4 5 11 12 13 15
881WBbmwkdvCa109AnG8Gee,8,progressive,none,distinct,1 2 4 9 10 11 13 14
881W4LoLIO8eX8n3aj8cSOC,8,progressive,none,distinct,1 4 5 7 9 11 12 15
881W44AHOtuTn25XMDLIML4,8,progressive,none,distinct,2 3 5 8 9 11 12 14
881W13YfpuAHnGCYeHKHCKK,8,progressive,none,distinct,1 3 6 7 9 11 12 15
881W25OwvS51G1nOYCYiD29,8,progressive,none,distinct,1 2 4 6 7 12 15 17
881W0eGOKyI75WGB3658431,8,plain,none,mixed,1 3 3 4 5 7 18 23
881W804MYHS4H6bKgrisQYW,8,progressive,none,distinct,1 5 6 8 9 10 12 13
881W8G8HaIcJHIeCA56AKC8,8,progressive,none,distinct,1 3 4 7 9 11 13 16
881W02MA9qmMHAB_D62aID0,8,progressive,none,distinct,1 3 4 8 9 10 14 15
881W2IGp5YH2KG4Jva66D4g,8,plain,none,mixed,2 4 5 5 7 11 11 19
881W2HGuO8a40231XAZKeKE,8,distinct,none,distinct,1 2 3 6 9 12 14 17
881W10WUEQl410G85YXYOyY,8,distinct,none,distinct,2 3 4 7 9 11 12 16
881W10WKAKRFamGD10LYWWG,8,plain,none,mixed,2 3 4 4 5 10 15 21
881W0ecpKeeGeb8438gPeq1,8,progressive,none,distinct,1 3 5 8 9 11 12 15
881W31N5q61501KISYOtA4Y,8,progressive,none,distinct,1 2 5 7 10 12 13 14
881W8XGKH5wJ08D2ZFGgLmY,8,progressive,none,distinct,1 3 5 6 9 10 14 16
881W0oD8H8Wn8g94A52tQgW,8,plain,none,mixed,1 3 6 8 10 10 12 14
881W4WurPi420Gi2XPOA2X8,8,plain,none,mixed,2 3 3 4 5 8 16 23
881W0WGuSMIkYGaLDea0uG8,8,progressive,none,distinct,1 3 6 8 10 11 12 13
881WA6Xmee1WOX8CgR0eC87,8,distinct,none,distinct,1 2 3 5 7 8 15 23
881W4Q1IeC4Y9OG8GA2XMcY,8,plain,none,mixed,1 1 3 8 10 11 14 16
881W0XH2ZV8PGCaHLnvALcC,8,progressive,none,distinct,1 4 7 8 9 10 12 13
881W6JfqwSQ1O08213gD4K9,8,progressive,none,distinct,1 4 6 7 8 11 13 14
881W0C8Obr5YnJG4C74ZcmG,8,plain,none,mixed,1 2 6 6 8 10 12 19
881W5AmuInAakKG5M54L240,8,progressive,none,distinct,1 4 5 6 8 11 14 15
881W4HHuiHggOa23ueXiqK4,8,progressive,none,distinct,1 4 5 8 9 11 12 14
881W2aoI94nW0g8I9KWwTCA,8,progressive,none,distinct,1 2 3 8 9 12 14 15
881W8aMw9P4qa88LDAYKEK6,8,progressive,none,distinct,1 5 7 8 9 10 11 13
881W1BUidGPWe8eYk39WsKn,8,progressive,none,distinct,2 4 5 6 8 10 14 15
881WAE6i9PKTA12Kz7YgLo4,8,progressive,none,distinct,2 5 6 7 9 10 11 14
881W2X0G7qRbYG480uRWuaA,8,plain,none,mixed,1 2 5 6 6 7 14 23
881W2aA42DJeqMX4Y30KGYG,8,distinct,none,distinct,1 2 3 4 7 9 11 27
881W440aU4wKWY5aGkLR1GY,8,distinct,none,distinct,1 2 4 6 7 13 14 17
881W5J9bskQg842JcqZ0m40,8,progressive,none,distinct,2 3 4 7 9 10 14 15
881W14Z8bb-WGA8wA4d0W8K,8,distinct,none,distinct,1 2 5 6 8 10 14 18
881W531Xf2Y216X88KneKAK,8,plain,none,mixed,2 2 4 4 5 10 18 19
881W1WmUCH8YGa8452oMgZW,8,plain,none,mixed,3 3 4 6 9 9 12 18
881W31Ebo3Kfo8mrM2fCQ0W,8,progressive,none,distinct,1 3 5 7 10 11 13 14
881W8aGGlLCYI9WG1X62XqY,8,distinct,none,distinct,1 2 4 6 10 11 13 17
881W52bAkYGg0029SkbGOrA,8,plain,none,mixed,2 4 4 4 11 11 13 15
881W2XGuQHH8KGeKC261S84,8,distinct,none,distinct,1 3 5 6 8 9 13 19
881W423gaJbAWOaXIaIAHIL,8,distinct,none,distinct,2 5 6 7 8 10 11 15
881WA31YZEh4o810653HKyY,8,progressive,none,distinct,1 2 4 7 9 11 14 16
881W0HXeqe2rXHSg4nCCeOA,8,progressive,none,distinct,1 4 5 7 10 11 12 14
881W0OGuuyE3G1mqH8ID4bI,8,progressive,none,distinct,1 3 5 6 7 12 14 16
881W8a8OiACbHeWmNgX6G84,8,progressive,none,distinct,1 3 6 8 9 11 12 14
881W028KYHdOYg72xzOKLGY,8,progressive,none,distinct,1 2 6 8 9 10 13 15
881W2X9AWm9220G4TcZNnuS,8,plain,none,mixed,2 6 6 8 8 9 11 14
881W0WfX8K49H0cPIjgD5ao,8,progressive,none,distinct,1 3 5 6 7 11 15 16
881W0gLJUrv4KA5HaKEWeee,8,progressive,none,distinct,2 4 5 7 8 11 12 15
881W3B24ZD8204shgkktQaB,8,progressive,none,distinct,1 3 6 8 10 11 12 13
881W2nCV4Gf410GGDkZMmv4,8,progressive,none,distinct,1 4 6 7 8 11 13 14
881W3ZfSDuXXGWeOo35y4e4,8,progressive,none,distinct,1 2 7 8 9 10 13 14
881W0WHHKwYoQ98qMicWmI0,8,plain,none,mixed,1 4 4 5 9 10 13 18
881W1eoWA4XfqrGQDEYd3QW,8,progressive,none,distinct,2 4 5 6 9 10 13 15
881WC5nKk8cJ20GeqgQYmO2,8,plain,none,mixed,3 4 4 6 7 11 13 16
881W0WIJEKXferEC215n0yW,8,distinct,none,distinct,1 2 4 8 9 10 12 18
881W00g0IBbKMJ1HfI52UjO,8,progressive,none,distinct,1 2 3 7 10 11 13 17
881W0kMKhAb2IH1GKeL8Tu4,8,progressive,none,distinct,1 3 6 8 9 10 13 14
881W49O524XX0Yn0W85qguK,8,distinct,none,distinct,1 2 3 4 5 7 10 32
881W460WHJJeIf95MZHG8GG,8,plain,none,mixed,2 3 4 4 9 9 10 23
881WAIPKpHDe211Zb54a8KI,8,progressive,none,distinct,2 3 5 7 9 11 12 15
881W413Weu5o95e8o6WGO84,8,plain,none,mixed,1 1 3 4 9 9 10 27
881W04CKWJb5GgYnNA7Jg8i,8,progressive,none,distinct,1 2 4 8 9 11 14 15
881W81IfawIIq15DineILCa,8,progressive,none,distinct,1 4 7 8 9 10 12 13
881W0G8AWE6f1WcJDc32H4I,8,distinct,none,distinct,1 3 5 6 8 11 13 17
881W0eKBo4A6X0eC9cIP8qA,8,progressive,none,distinct,1 5 6 7 8 10 11 16
881W4IHPbYiI00iAMBJj4Y3,8,progressive,none,distinct,2 5 6 7 8 11 12 13
881W0WGKn49720uS9cagCcB,8,progressive,none,distinct,1 2 6 7 9 12 13 14
881W0bN3aYwYXG50tB5rAfO,8,progressive,none,distinct,2 3 6 7 9 10 12 15
881W1WH31CaI8eGOKASgLA2,8,progressive,none,distinct,1 2 3 9 10 12 13 14
881W4YU9yuC2108mbK932Wm,8,distinct,none,distinct,2 3 4 5 7 9 10 24
881W08IOCcLXWH4UF6aiA84,8,progressive,none,distinct,2 3 6 7 8 9 14 15
881W25ONW800Y1p9ijKiOic,8,progressive,none,distinct,1 2 4 7 9 10 15 16
881W08A9DLw91X8F4Y22Y8K,8,distinct,none,distinct,1 2 4 5 8 9 15 20
881W10ea8qQmWGGA4EEtH4a,8,plain,none,mixed,2 2 3 6 9 11 15 16
881W0469AQE6RI0843IxfJA,8,plain,none,mixed,2 4 4 6 8 8 11 21
881W0aYp9aYH22WiMdS210I,8,plain,none,mixed,2 3 3 5 8 9 12 22
881W0nOaeKCA10M8DJA30WG,8,distinct,none,distinct,1 2 3 6 7 9 13 23
881W20WnAc0nM8GLAvJHOOA,8,plain,none,mixed,1 5 6 6 7 11 13 15
881W18eL2XH6GWMNB5IXQ21,8,plain,none,mixed,2 2 5 7 10 11 13 14
881W0mbHO2aII5Ko9Z9aYMW,8,plain,none,mixed,1 3 3 5 10 12 14 16
881W8aRYLA73f40m894D9ae,8,progressive,none,distinct,1 2 5 8 9 10 11 18
881W2JHCrOnS0025f9asgr2,8,progressive,none,distinct,2 3 5 7 8 12 13 14
881W4aIPHXD51C1C6aaPKuD,8,plain,none,mixed,1 2 6 8 10 12 12 13
881W5G824nP52GGAbIXPnWW,8,plain,none,mixed,2 2 4 5 6 7 16 22
881W0g74YL6cbaebZGf8f01,8,progressive,none,distinct,1 3 5 6 7 8 16 18
881W10WEFJkKH0426Ysg5CI,8,plain,none,mixed,3 3 5 5 7 9 11 21
881W1PCvXX924GYC9KsQGGm,8,plain,none,mixed,1 1 2 6 11 11 14 18
881WA5H8mu2XmWGaQ52aU52,8,distinct,none,distinct,1 2 4 7 9 10 13 18
881WBaE3MW4W10EB5r2anrA,8,plain,none,mixed,1 3 4 4 5 14 16 17
881W1aMKQzB2X49OhGac6Ba,8,progressive,none,distinct,1 3 7 8 9 11 12 13
881W9IPiyk0Qi0PAH5OfOC1,8,progressive,none,distinct,1 2 4 7 10 11 14 15
881W110H4ofGWW4MCU7AD6h,8,plain,none,mixed,2 3 4 5 9 11 15 15
881W2GaoGB5eqeGA5U18o0G,8,plain,none,mixed,1 1 4 4 8 11 13 22
881W92neoLbOgq533B8f088,8,progressive,none,distinct,1 3 4 8 9 12 13 14
881W0H31eC3XmqGeKHAb4eL,8,progressive,none,distinct,1 2 3 6 10 11 15 16
881W9ZnWQI91e052DMb8aYI,8,progressive,none,distinct,1 2 5 7 10 12 13 14
881W0WfaQ2g31WeKJF9aGO4,8,plain,none,mixed,1 4 8 9 9 10 11 12
881W31b8PamaX9GgSg2YT9G,8,progressive,none,distinct,2 5 6 7 9 10 11 14
881W4Wofao1Gf98auOO8K81,8,plain,none,mixed,3 3 3 4 6 6 17 22
881W5DaeOGiWG1525J6XGgv,8,progressive,none,distinct,2 3 4 5 9 10 14 17
881W4YJmO9aYWn8qI4L0e88,8,plain,none,mixed,1 4 7 8 9 10 10 15
881W0gaYEGZ1GsH8ID9nK-2,8,progressive,none,distinct,1 2 3 7 10 12 14 15
881WCY5SeKB6XA21G8Z6suy,8,progressive,none,distinct,1 4 5 8 10 11 12 13
881W0jQdCk4I8L14Y7IBIeW,8,progressive,none,distinct,1 3 4 9 10 11 12 14
881W3XaoNGG0eG446J3bQSD,8,distinct,none,distinct,1 4 5 6 7 8 15 18
881W350W8g1YGAIjMsXG884,8,distinct,none,distinct,1 2 5 6 8 9 11 22
881WCIfeb6A94I026FAl0WO,8,plain,none,mixed,1 1 4 7 9 11 15 16
881W0ZW0Zy3Gmn8egEERLSq,8,progressive,none,distinct,1 3 6 7 8 11 13 15
881W56W0a4CgWnREQDJXOWG,8,plain,none,mixed,3 3 4 6 7 7 15 19
881W12jGmS589487ds8a95W,8,plain,none,mixed,1 1 5 5 7 12 13 20
881W02Dy8h62n698C8phgEc,8,progressive,none,progressive,1 3 5 7 9 11 13 15
881W0LIecB30Wg0mKLATa84,8,plain,none,mixed,1 2 4 8 8 9 12 20
881W8KQFBKA30IAD1WIC1GG,8,plain,none,mixed,1 2 5 5 5 5 20 21
881W1XmuCH96XW425s18m84,8,plain,none,mixed,1 2 4 5 10 10 14 18
881W0XCAcP2YAXAbOthE6sA,8,progressive,none,distinct,2 4 5 7 8 11 12 15
881W41boJHuyOb2cigR5Y20,8,progressive,none,distinct,1 4 5 6 9 10 14 15
881W2Heu4H31y0wSA9AEq41,8,progressive,none,distinct,1 2 3 4 9 12 16 17
881W01K2OrScXHGgKtA39n8,8,progressive,none,distinct,1 2 4 7 10 12 13 15
881W1MfTIL1KA7OKjIYoG80,8,progressive,none,distinct,1 4 5 8 10 11 12 13
881W4XCWOeS0W4qKfIgL5ZG,8,progressive,none,distinct,2 3 4 6 8 10 13 18
881W1CsRA4cOf64B5Z8H4o1,8,progressive,none,distinct,1 4 7 8 9 10 12 13
881WD6guxj1Wm88OK587KGG,8,plain,none,mixed,2 2 5 5 6 9 10 25
881W1KmpHKf29AXenM0cPEa,8,plain,none,mixed,3 4 4 5 6 11 13 18
881W8H8Yveof1GD9eh6B1i2,8,progressive,none,distinct,1 4 5 8 9 10 11 16
881W1n4z4c2nw08G8qTHN83,8,plain,none,mixed,1 1 4 7 9 12 12 18
881W0oE7JNhvwmGxeI90WB0,8,progressive,none,distinct,2 4 6 7 9 11 12 13
881W2WfH8K960WcRGursWG8,8,plain,none,mixed,2 4 4 5 9 11 13 16
881W0ZnWixcJ4WI5at62HGY,8,progressive,none,distinct,1 4 5 6 8 12 13 15
881WB5Gfu2Q2GeegV1Rn8WG,8,progressive,none,distinct,1 4 6 7 8 10 13 15
881W40bAoWX-8PKbdLUjAUI,8,progressive,none,distinct,1 3 7 8 9 10 12 14
881W10XQFcBEGrIc8aq1CGX,8,progressive,none,distinct,1 4 5 8 10 11 12 13
881W0GGeinuuM9GYOaHCa8A,8,plain,none,mixed,2 4 4 5 7 12 14 16
881W1KY8325CYIaXH94XYX8,8,plain,none,mixed,2 2 3 7 8 10 13 19
881W16WGmKfLHPHees2v0aO,8,progressive,none,distinct,1 5 6 8 9 10 12 13
881W9KQjYnE0O05cvL2L8A6,8,progressive,none,distinct,2 3 4 7 8 10 14 16
881W5KoOaKAU94DL8abaG80,8,plain,none,mixed,3 3 4 8 8 9 11 18
881W1XRACgLImeaeSSLC14K,8,progressive,none,distinct,3 4 5 6 8 11 13 14
881W328cIeYHeK88q5AT0mY,8,progressive,none,distinct,1 2 5 7 8 12 14 15
881WB31WHH6I111WEH0mOKS,8,plain,none,mixed,1 1 3 4 5 12 16 22
881W8G8qgOi220bIiwC61Ga,8,plain,none,mixed,3 4 5 5 6 7 10 24
881W18aTk98eG04R2YL952X,8,plain,none,mixed,1 2 2 7 9 10 13 20
881W210nKP5LI8W838YOqSA,8,plain,none,mixed,3 4 4 6 8 10 12 17
881W5YneqitpGOM90e1e8C8,8,progressive,none,distinct,1 2 4 6 8 13 14 16
881W92nOfNeg943284Yrgj1,8,progressive,none,distinct,1 5 6 7 8 11 12 14
881W0I8cRSaWmgD6L41eu8m,8,progressive,none,distinct,1 3 4 8 9 10 14 15
881W494G4T80OI52aB3XKqv,8,plain,none,mixed,1 2 2 4 5 13 16 21
881W21Cfaa31P8WCAHPceJg,8,progressive,none,distinct,1 3 6 8 10 11 12 13
881W0eiWvGeqA4G89AgL9i8,8,progressive,none,distinct,1 3 4 8 10 11 13 14
881W32vUwfui40G1k2240ig,8,plain,none,mixed,1 3 4 4 6 9 13 24
881W2SsSXYmWG64OCM74no4,8,plain,none,mixed,1 4 6 6 7 9 9 22
881W9aGKDA11Q98aIgPJ0a9,8,progressive,none,distinct,1 2 3 9 10 11 13 15
881W22KoYyf4Y088w66b6pb,8,progressive,none,distinct,1 4 5 7 9 11 13 14
881W06QJ4XmmeO54oPEazIO,8,progressive,none,distinct,1 3 4 5 7 13 15 16
881W413ruKBUemGZb8o1H8b,8,progressive,none,distinct,1 2 6 7 9 12 13 14
881W0n98eR4HOieKKHhYWC4,8,progressive,none,distinct,2 3 4 9 10 11 12 13
881W40aMHR21OG84aL2frr1,8,plain,none,mixed,1 1 4 6 11 12 14 15
881W081ggN3XG8eKK62AjXW,8,distinct,none,distinct,1 2 3 4 8 11 16 19
881W0gdLoAIfawHiYK8Wj84,8,distinct,none,distinct,1 2 4 5 7 11 13 21
881W464A7DC90Y2Y22XoPjE,8,plain,none,mixed,3 3 3 5 6 8 8 28
881W0WHeJLoQ94YLKcZ0We2,8,plain,none,mixed,2 2 3 7 8 13 14 15
881W8ICsU85X2W10Gar3OHO,8,plain,none,mixed,1 2 2 3 6 10 19 21
881W2294i29H61Ojh5XfE75,8,progressive,none,distinct,1 4 5 7 8 12 13 14
881W0XMbaI8eC3H2fCcLR4X,8,progressive,none,distinct,2 4 5 7 10 11 12 13
881W083bJgzSn8Ya9e42abG,8,plain,none,mixed,1 4 5 6 6 7 16 19
881W10uymYN9C1WwL77S4YI,8,plain,none,mixed,1 4 6 7 9 9 12 16
881W091Wao1DXeQ6Jrgb6WG,8,progressive,none,distinct,1 3 4 7 9 11 14 15
881W0Y1QcI9GH8aIfKyOqiY,8,progressive,none,distinct,3 4 6 7 9 10 11 14
881W5giwQo30G0K6L2fZg2H,8,progressive,none,distinct,1 3 6 7 8 11 13 15
881W0XWH426pWXmWGHQ8uOE,8,plain,none,mixed,1 1 2 3 8 8 14 27
881W21daaY2F08ifHSIfbH8,8,progressive,none,distinct,1 4 6 7 8 11 13 14
881W28xPYh8aA58WEM97I40,8,progressive,none,distinct,1 3 4 7 9 10 14 16
881W19erBK52W8Y92r9aaHG,8,progressive,none,distinct,1 2 6 8 9 10 13 15
881W52zSI96ID42080gXI8a,8,plain,none,mixed,1 2 3 7 7 11 13 20
881W8YjOeanOR619G8RgkGe,8,distinct,none,distinct,1 4 6 7 8 10 11 17
881W13ZLnQKWG3P6XD4YmoH,8,plain,none,mixed,2 5 6 7 8 8 10 18
881W80XHWIZW91rYtRpPCgQ,8,progressive,none,distinct,1 4 5 6 9 11 13 15
881W5HKgT9n14045YrPmo84,8,plain,none,mixed,2 4 5 6 9 9 14 15
881W210aU6L6eeSA4bI8X2Y,8,plain,none,mixed,1 3 6 6 8 12 14 14
881W0GMARK7IA10GEaZKouX,8,progressive,none,distinct,1 3 4 6 9 12 14 15
881W118xAbOgA61HhbD7X4m,8,progressive,none,distinct,1 3 6 8 9 10 12 15
881W2WpUhMfamWYX2H89b8a,8,progressive,none,distinct,2 3 6 7 8 9 14 15
881W2KuIOC94uR212K4aHCL,8,distinct,none,distinct,1 3 4 5 6 12 13 20
881W51v4b9Y1i8WHqZLLaAM,8,progressive,none,distinct,2 3 6 7 9 11 12 14
881W60462n4ZIGI5cYX8b1G,8,plain,none,mixed,1 2 2 4 7 9 12 27
881W0YHc2BSf9AHFEgr2H6G,8,progressive,none,distinct,1 4 7 8 9 10 11 14
881W56oOCMR0e2aa52eGaIA,8,distinct,none,distinct,2 3 4 5 8 13 14 15
881W3GmgGGXHv0846TIr4af,8,plain,none,mixed,1 3 5 7 7 12 14 15
881W0HB8uwA694YjPHBt8aG,8,progressive,none,distinct,1 4 7 8 9 10 12 13
881W28vyiMIfGL2a8O3DI20,8,plain,none,mixed,1 2 6 7 8 8 16 16
881W9CdLAg10mOGqIA00v84,8,plain,none,mixed,1 2 4 6 7 7 9 28
881W8OquKEo8813cpGZMvS5,8,progressive,none,distinct,2 3 6 7 9 11 12 14
881W4QzKoC2n00I98bTYm4a,8,progressive,none,distinct,1 2 6 8 9 11 12 15
881W85SePDAb002XIqR2YSs,8,progressive,none,distinct,2 3 4 6 7 11 15 16
881W18aaK-K62GKA2AKh110,8,plain,none,mixed,1 2 4 6 6 7 15 23
881W84n4eEF9r80YUCuAaqQ,8,plain,none,mixed,3 4 4 6 7 12 13 15
881W3GfKb554G4I9HP3XegC,8,progressive,none,distinct,1 4 6 7 8 11 13 14
881WA2X68AbKQ8XG1J7Z94P,8,plain,none,mixed,2 3 3 5 9 10 10 22
881W42gm89q3IWaqQg9KfAf,8,progressive,none,distinct,2 5 6 7 9 10 11 14
881W4Bz4MItA4005ijEKOSg,8,progressive,none,distinct,1 2 4 9 10 11 13 14
881WCITcTmq0W858EAcLcG4,8,progressive,none,distinct,1 4 5 6 8 10 14 16
881W42XHKJ3nmeWOcL28W86,8,plain,none,mixed,1 5 5 6 6 7 15 19
881W0X2aalE0a9ASDH9HLGe,8,progressive,none,distinct,1 3 4 6 10 12 13 15
881W45ZBIbGpn812vIahP6L,8,progressive,none,distinct,2 3 5 7 9 11 13 14
881W0ZnIa96u8A32LGcZnk4,8,progressive,none,distinct,1 3 4 7 10 12 13 14
881WD2KcOCdX4053HWRdguK,8,progressive,none,distinct,1 3 4 5 6 14 15 16
881W232n3i25Z0ScY6LIbYf,8,progressive,none,distinct,1 4 6 7 8 11 12 15
881W1G852AoOS8mC618qfGX,8,distinct,none,distinct,1 2 4 6 7 8 13 23
881W52GeiweaKOePIcQ8mG4,8,progressive,none,distinct,3 4 6 7 8 10 12 14
881W08F365EWm6LYgKhKjc2,8,progressive,none,distinct,1 3 4 8 9 12 13 14
881W00bIYU8XOZDcZJZ1mZ2,8,progressive,none,distinct,1 2 6 8 10 11 12 14
881W88jxT6fSGAYQMZOEE40,8,progressive,none,distinct,1 3 7 8 9 10 12 14
881W6HIWmO9a3X0Ge9KaO84,8,plain,none,mixed,1 1 1 5 7 11 18 20
881W4ACY73808A52ID6ZIQ6,8,plain,none,mixed,2 2 3 6 6 9 17 19
881W1YB3Sb1GG8eWeI2bfiI,8,plain,none,mixed,2 4 5 6 6 7 11 23
881WAHDqQDALB2WGI8GeLB0,8,progressive,none,distinct,1 3 6 7 8 12 13 14
881W8KAEAjE2XG0SD6YI18K,8,plain,none,mixed,2 3 4 5 5 14 15 16
881W0W8ADp9vKfOYLAcK1KC,8,plain,none,mixed,1 3 5 6 7 7 14 21
881W1NWiDg630Y8eaEOcWmO,8,plain,none,mixed,1 2 3 6 10 12 15 15
881W4XQ5JM91GGWuvAaiiGO,8,progressive,none,distinct,1 5 6 8 9 10 11 14
881W2PCgviD4G0GC8mw-D29,8,progressive,none,distinct,2 3 4 8 9 11 13 14
881W11334ZBX2G4cPysZjg5,8,progressive,none,distinct,2 3 5 6 10 11 12 15
881W3XbH5AnsSWGNI2pLIZX,8,progressive,none,distinct,1 3 6 8 9 10 12 15
881W3J9bngmGmI5U32fKKi0,8,progressive,none,distinct,1 2 7 8 9 10 13 14
881W0GaAbF7IfOG8C6EKMO1,8,plain,none,mixed,1 5 6 6 8 9 12 17
881W2PAeLr2XHHGKCAL34n0,8,progressive,none,distinct,1 4 5 6 8 10 14 16
881W3LglMB59WGJ2X0a8J1G,8,progressive,none,distinct,2 3 6 7 8 11 13 14
881W20aVIHEYnOiE6K2oGX0,8,plain,none,mixed,2 3 4 7 10 12 13 13
881W8KB5IPCBH4IYC1mWGcI,8,distinct,none,distinct,1 3 4 6 7 8 15 20
881W212XQcgsWX460Yo9uaQ,8,plain,none,mixed,2 5 5 6 7 7 16 16
881W23Ch2WcYCmGLwbIIEwY,8,progressive,none,distinct,1 3 4 8 9 11 12 16
881W1DgaD7aIA0X0WjAbY8H,8,distinct,none,distinct,2 3 4 5 7 8 15 20
881W8q2tgLCY0W0899GiLcJ,8,plain,none,mixed,1 1 4 6 6 8 15 23
881W62muSLgoSC43KmgHemG,8,progressive,none,distinct,2 4 5 7 8 11 13 14
881W0IgG395I0ameaGsJOiB,8,progressive,none,distinct,1 2 4 8 9 11 13 16
881W112GLAb2YHKQDv2X0WC,8,plain,none,mixed,1 4 5 6 7 13 14 14
881W06mMiK972AWmXGPpHgL,8,progressive,none,distinct,1 2 4 7 10 12 13 15
881W00WCnOCouYbIeLsoKcC,8,progressive,none,distinct,1 4 6 8 9 10 11 15
881W1JMnQYH30G8YX6UTYGe,8,progressive,none,distinct,1 2 3 8 9 12 13 16
881W42wZHPHX0GKaaPCwBH8,8,progressive,none,distinct,1 4 6 7 9 11 12 14
881W12GkSGfmOM52L4fHT4O,8,progressive,none,distinct,1 3 4 9 10 11 12 14
881W0aGCr4WtO5LAeoffLea,8,progressive,none,distinct,3 4 5 6 7 12 13 14
881W4IHWH8jgKb4YA9Ka8AG,8,plain,none,mixed,2 4 6 7 8 8 10 19
881W0aPKnr2gOMKb4cb0cnI,8,progressive,none,distinct,2 4 6 8 9 10 12 13
881W4HLZ94bAGGKHmj4aU8O,8,progressive,none,distinct,1 4 6 8 9 11 12 13
881W1AXke1HeKIHCA97Xj3H,8,progressive,none,distinct,1 3 6 7 9 11 13 14
881W6AI92SYHGOeioA5DYK0,8,progressive,none,distinct,1 3 5 7 9 10 14 15
881W0WOirQ4X8b8aO1WqumA,8,distinct,none,distinct,2 3 4 7 8 11 13 16
881W1X8TQ3TYwKOIAw550M8,8,progressive,none,distinct,1 5 6 7 8 9 13 15
881W362qM640Y4X0mxsx4I8,8,plain,none,mixed,1 2 4 5 5 13 14 20
881W1WkWA18a4GebGiHCXbo,8,plain,none,mixed,1 4 4 5 6 9 10 25
881W4IXoo0O9aaeK5EfKaYW,8,distinct,none,distinct,1 3 4 6 7 8 12 23
881W18G8x34Q14aH4bBb2eB,8,plain,none,mixed,1 3 4 4 8 13 15 16
881W1GqN3v7210GKC4esIG8,8,plain,none,mixed,1 2 4 5 11 13 13 15
881W233GeKDnOmWmX9WGK85,8,distinct,none,distinct,1 2 4 5 6 8 14 24
881W1oGMdGc319WmgK6gt94,8,progressive,none,distinct,2 3 6 7 8 10 13 15
881W1XGS-H1WuWG8AR1g8MA,8,progressive,none,distinct,1 4 5 6 8 10 14 16
881W4XKKK74A1822XFGhr94,8,plain,none,mixed,1 3 5 5 8 10 12 20
881W1IDITJgcCg11C2-cYEW,8,progressive,none,distinct,2 3 7 8 9 10 11 14
881W0eGijaa809AhPbHAan4,8,plain,none,mixed,1 3 6 6 9 9 13 17
881W418OSPJf0W24aT9cPKg,8,progressive,none,distinct,1 4 5 8 9 10 11 16
881W4IAMjUn0GWaqIB19D04,8,plain,none,mixed,1 5 5 6 7 11 14 15
881W8WYOp53j42WoKkSHGKI,8,progressive,none,distinct,1 4 5 7 9 11 13 14
881W00aKgIfIefYnHefSZYS,8,progressive,none,distinct,1 4 6 7 9 10 12 15
881W63bMdIAg2003GekcoaA,8,progressive,none,distinct,2 3 4 6 9 12 13 15
881W2H8qInIX8CqKEF18a40,8,progressive,none,distinct,1 2 4 9 10 11 13 14
881W210A5I21HKuSCENueIW,8,plain,none,mixed,2 2 4 5 11 12 14 14
881W51GaDgN4eGI3X78JGeF,8,distinct,none,distinct,1 4 5 8 9 10 11 16
881W59cfG184GWOamcN9ais,8,plain,none,mixed,2 5 6 7 7 8 9 20
881W1H4YfI5IGW84AKnOcL6,8,progressive,none,distinct,1 2 6 7 10 11 13 14
881W20ZPkW5O0Cab6orQrep,8,progressive,none,distinct,1 2 4 7 9 12 14 15
881W1fPKo94kH52YCz0YI20,8,progressive,none,distinct,1 3 4 9 10 11 12 14
881W8YO8QrKA11Je640bHmu,8,plain,none,mixed,2 3 3 4 5 8 19 20
881W4A4hLInb11Y_Q3Ho980,8,progressive,none,distinct,3 4 5 6 7 9 14 16
881W9HObgR5H8OX8kSj88E0,8,progressive,none,distinct,1 2 3 8 10 11 14 15
881W28X4XCoOf5OjEs6J4Z0,8,progressive,none,distinct,1 3 4 5 11 12 13 15
881W4ABXHixLgb42AA4Y62G,8,plain,none,mixed,4 4 5 5 7 10 10 19
881WCEAT2MAPaGGY4278wC2,8,plain,none,mixed,1 2 4 5 6 11 11 24
881W1YPKYH0GOFHegL4WID0,8,plain,none,mixed,2 2 4 4 6 11 14 21
881W20GD8U94j0mHCrR952Y,8,progressive,none,distinct,1 2 6 8 9 11 13 14
881W11OZ4oq10G4OALglYna,8,progressive,none,distinct,1 4 5 7 8 12 13 14
881W0hCUJH2AW2D5qiqjOKA,8,progressive,none,distinct,1 4 5 8 9 11 12 14
881W8lGequoLYmIZg310858,8,plain,none,mixed,1 2 2 4 8 11 16 20
881W4o5074kcmeA585JKcem,8,distinct,none,distinct,1 3 4 5 7 8 15 21
881W81TPDRO0889QoA34HRM,8,plain,none,mixed,1 3 3 6 8 10 11 22
881W4gXITcf4g888E3A0SDX,8,progressive,none,distinct,1 4 7 8 9 10 12 13
881W441885EYK4DdPj6I9Ie,8,progressive,none,distinct,2 3 4 7 10 11 13 14
881WEF9eKMQJ0X44D8L2I82,8,progressive,none,distinct,2 3 7 8 9 10 12 13
881W4rL4H8a8q20YfEdJdKM,8,progressive,none,distinct,2 3 5 8 9 10 13 14
881W2J8ec6qXH54clBq1HIa,8,progressive,none,distinct,2 4 5 7 8 11 12 15
881W1CGebkxQg8Xx_o0K62G,8,progressive,none,distinct,2 3 6 7 8 9 14 15
881W121aM0uRD4KCjSs2XGW,8,plain,none,mixed,1 2 4 5 8 11 11 22
881W020M59febI12IBJfXCc,8,plain,none,mixed,2 2 3 4 9 10 16 18
881W9bHK9amg952gDU4YGi0,8,progressive,none,distinct,2 3 5 7 8 9 14 16
881W2IYEGLoXGI5qyEAE4ue,8,progressive,none,distinct,1 3 5 8 9 11 13 14
881W09k64sg508eeKwOjama,8,progressive,none,distinct,1 2 5 6 11 12 13 14
881W2GqoDLeHGGmO9OciqLG,8,progressive,none,distinct,2 3 4 8 9 10 13 15
881W0eC7f94dHaGG5Y2L8oG,8,distinct,none,distinct,1 3 4 5 8 11 12 20
881W40knkJ94YIHWuK53ACc,8,progressive,none,distinct,2 5 6 7 9 10 11 14
881W0aNiH8oOag8HGbIKFaI,8,plain,none,mixed,3 3 3 5 6 12 14 18
881W4XWmdIxQ3881f0gWecJ,8,progressive,none,distinct,2 3 4 5 9 12 13 16
881W94ICGaHwB4WRD2en98Y,8,plain,none,mixed,2 3 3 7 8 8 9 24
881W1efe_C4oW0I9GaLkufA,8,progressive,none,distinct,1 3 6 7 9 11 12 15
881W92XaIAM94416R84gb2X,8,plain,none,mixed,1 1 2 5 8 14 15 18
881W221WYtKWe0K6z7YnaE4,8,distinct,none,distinct,1 2 4 5 6 10 16 20
881W1e44I0b8a0SE74gHLQ9,8,distinct,none,distinct,1 2 3 6 7 11 12 22
881W2oGZI6CeG0SLvhLCqea,8,progressive,none,distinct,1 5 6 7 9 11 12 13
881W1AfJXgHmDYb5Ec18FAA,8,plain,none,mixed,2 3 5 5 7 8 16 18
881W2J9Pif4I00m4cAIAbAZ,8,progressive,none,distinct,1 4 5 7 9 10 13 15
881W65gpOA5IeGX8a8PCH8H,8,progressive,none,distinct,1 4 6 7 8 9 14 15
881W6ZBrbKYHGnO4a6764a0,8,progressive,none,distinct,1 2 5 6 8 13 14 15
881WA110sRD10Y42P10nGOC,8,plain,none,mixed,1 2 2 3 10 11 13 22
881W2YZ5MzG0804cjLlJ8C5,8,progressive,none,distinct,2 3 4 6 9 12 13 15
881W2218fmwXCaGBcZII9Cm,8,plain,none,mixed,2 3 6 6 9 9 13 16
881WCan8gCaH84HeiLb9aI0,8,progressive,none,distinct,1 3 4 6 8 10 15 17
881W43HiaIAOL0029GulNDY,8,progressive,none,distinct,1 3 7 8 9 10 12 14
881WB2WnOM950A8SwZHOaG8,8,plain,none,mixed,1 4 5 6 10 10 12 16
881W4GhPfqH2Gf0cnOMX9We,8,progressive,none,distinct,1 3 4 6 10 11 14 15
881W294uHLre8WO92gowLMM,8,progressive,none,distinct,2 3 5 6 9 11 12 16
881W2HeiLEdKf0G85YiL42I,8,plain,none,mixed,2 3 3 9 10 11 12 14
881W02OWK632JH6ZnMh2kH8,8,plain,none,mixed,2 2 4 7 11 11 13 14
881WA5OeIZHf2X094A5NWaI,8,progressive,none,distinct,1 2 5 6 10 12 13 15
881W4KAPXGYa0eLIBbqJ8g9,8,progressive,none,distinct,2 5 6 7 8 11 12 13
881W1anKg3AQ0E2YNBHwCE4,8,progressive,none,distinct,1 4 7 8 9 10 12 13
881W2f9aoPLQ410b0b2bOD2,8,progressive,none,distinct,1 2 6 8 9 11 13 14
881W4B5AkKDNp4WGW9MOmk4,8,progressive,none,distinct,1 4 6 7 10 11 12 13
881W4HDLo72ri8aBmkH0S9X,8,progressive,none,distinct,1 3 5 8 9 11 13 14
881W8BIWmtKx9mJmYA4qkU8,8,progressive,none,distinct,1 3 4 7 8 12 14 15
881W5AFMhPifLGWYGAu4688,8,plain,none,mixed,3 4 4 5 8 9 11 20
881W421Wgb2CWGiPH4YH4QD,8,plain,none,mixed,2 3 3 6 9 11 11 19
881W2P8OKH8uGWA64C4Ac86,8,plain,none,mixed,1 1 3 6 7 11 15 20
881W0Ac4VH0KI4eabKjNgUm,8,progressive,none,distinct,1 2 6 7 9 10 13 16
881W10JLjeoYn58YLBBJ4g0,8,progressive,none,distinct,1 3 4 7 9 11 13 16
881W089PCKfK41ahB5aogK8,8,plain,none,mixed,3 3 5 7 7 9 15 15
881WALISoL6GO44I7UeJAB0,8,progressive,none,distinct,1 2 3 8 10 12 13 15
881W00LmKA44IXCcAfsqgIf,8,progressive,none,distinct,2 4 5 8 9 10 11 15
881W04mgIxAH12SYK9OZXeY,8,plain,none,mixed,1 2 6 8 10 10 13 14
881W4qKMg55101J98bqSN2H,8,plain,none,mixed,1 3 4 8 10 12 13 13
881W10rMiE538L2X4YWlAbG,8,progressive,none,distinct,2 3 6 8 9 11 12 13
881W2OWH8SFQbGWA4GWmI82,8,plain,none,mixed,1 1 4 6 7 8 16 21
881W2X0C62oJWG8639qsAL8,8,plain,none,mixed,1 3 3 7 8 10 11 21
881W52XKYI00q8YHIfMheG8,8,plain,none,mixed,1 2 4 6 6 9 12 24
881W0L8GIe6S3IGdJNTUeaK,8,progressive,none,distinct,1 2 7 8 10 11 12 13
881W17E11IAbJ65AGGOanJH,8,plain,none,mixed,1 4 5 5 7 8 8 26
881W4213I31ZIYXOCYXOaWW,8,plain,none,mixed,2 2 3 4 4 13 16 20
881W0WKu6C90WWaIBBZTIOi,8,progressive,none,distinct,1 4 7 8 9 10 11 14
881W0d4kMiqQe2GXWnfN7IK,8,progressive,none,distinct,1 4 5 6 9 10 14 15
881W1AbFAL6IYWGOgqaB8iW,8,progressive,none,distinct,1 2 6 7 9 10 13 16
881W630WSE5hga60GXY8mK8,8,plain,none,mixed,1 2 3 5 6 7 20 20
881W0gGf6Y52YY9GOb2jYWG,8,plain,none,mixed,1 2 6 7 7 10 15 16
881W291JAE5ZHaWOK82nmZW,8,progressive,none,distinct,1 3 6 8 10 11 12 13
881W2X9HF75IXWWOK34F3Po,8,progressive,none,distinct,2 3 4 8 10 11 12 14
881W2HI8ekIJOLMnKXZCGE0,8,plain,none,mixed,1 2 6 6 8 11 12 18
881W0GIOII5AGfKRBcL5eG8,8,plain,none,mixed,2 4 5 5 10 10 14 14
881W0IHfqwKC04ILfuSCKA4,8,distinct,none,distinct,2 3 4 5 7 11 14 18
881W1X5WJC4KO0YHHMYrQwg,8,progressive,none,distinct,1 4 6 8 9 11 12 13
881W951H6hGwM0WgDz2XGA3,8,plain,none,mixed,2 3 3 5 7 10 16 18
881W2gvIHBn0WG44gM50Z8C,8,progressive,none,distinct,1 3 4 5 10 11 14 16
881W4HfEcKihEG02mnLmzUG,8,progressive,none,distinct,3 4 5 6 8 10 13 15
881W8KR8HO21K0JugLAA44Q,8,plain,none,mixed,1 1 1 6 7 7 19 22
881W4nHOY8410m84s2d5aYH,8,plain,none,mixed,1 1 3 8 11 11 12 17
881W212HEbD4H9041fXnOOC,8,plain,none,mixed,2 2 3 7 7 10 16 17
881W2289M4WGIOeCsjNB3Le,8,distinct,none,distinct,2 3 5 6 7 9 12 20
881W8L8-SA9a4111Z6aHH4I,8,progressive,none,distinct,1 2 5 7 9 10 14 16
881W5BHX8rQf8G2QW48gHLf,8,distinct,none,distinct,1 2 5 6 8 10 15 17
881W10bhMB9A30GJQ8aI1fK,8,progressive,none,distinct,1 2 4 7 10 11 12 17
881W5JInOqoP8W2a4ID2ZHX,8,progressive,none,distinct,2 4 5 8 9 11 12 13
881W250ZUN4H8AmeIBcBLAG,8,progressive,none,distinct,1 2 5 8 9 11 13 15
881W094YoH5fmuIAFGeKIW0,8,progressive,none,distinct,1 2 3 6 7 13 15 17
881W98eSoiORO13exSrfsC1,8,progressive,none,distinct,1 3 5 6 9 12 13 15
881W15WOJL2YGXB5akiD6HO,8,progressive,none,distinct,1 4 6 8 9 10 11 15
881W0aaKdI5X11XGYGsMp4w,8,progressive,none,distinct,1 3 4 8 9 10 14 15
881W8aH8sQjPA00Z84YPaoH,8,progressive,none,distinct,1 5 6 7 9 11 12 13
881W0PjqSC6CcAXIm0fL5WG,8,plain,none,mixed,2 2 4 5 5 11 16 19
881W0G4CMiMB10K94aJ33G8,8,distinct,none,distinct,1 2 4 5 6 7 18 21
881WCWWaY9B5XHXmUeSYG84,8,progressive,none,distinct,1 3 4 8 9 12 13 14
881WAMBKrBHinuY6ca6A0m0,8,progressive,none,distinct,1 3 4 8 10 11 12 15
881W8LAQrACmWG9KjC22O4i,8,plain,none,mixed,1 2 5 7 9 9 12 19
881W3YgLIcbOSGAYX70ai49,8,progressive,none,distinct,1 3 4 8 9 11 13 15
881W766IPB592I0JPS5QHH8,8,progressive,none,distinct,1 3 6 7 10 11 12 14
881W14WgA55uAQ2YHbKh9cK,8,progressive,none,distinct,2 3 4 5 9 11 14 16
881W0eaD4I0YGWeC21ynvQD,8,plain,none,mixed,3 3 4 6 7 7 13 21
881W8LnaaLhwI00Z8mbdgJ3,8,plain,none,mixed,2 3 4 9 10 10 13 13
881W2nIGeAbJo10GCiLKaK8,8,progressive,none,distinct,1 4 5 7 9 11 13 14
881W0WJGeKfgWv8NHeLWaS2,8,progressive,none,distinct,1 2 5 7 9 11 12 17
881WB0WmIoL3YWL0ceYPWG8,8,plain,none,mixed,1 2 2 3 9 13 14 20
881W2b8aI31LIA0WHYnKWiK,8,plain,none,mixed,2 4 5 5 7 9 11 21
881W0iDw6oUzWYGf992Uua4,8,progressive,none,distinct,1 3 6 8 9 10 12 15
881W1WZ4fKa084CsPDYrRjW,8,progressive,none,distinct,1 3 6 7 9 11 13 14
881W08WncwhKOH2rOdRTAI1,8,progressive,none,distinct,2 3 5 6 9 12 13 14
881W94uLmK54I1GG764c8cJ,8,plain,none,mixed,1 2 2 9 10 12 14 14
881WCKIHBbJ6H0XI8arCyW8,8,progressive,none,distinct,1 3 6 8 10 11 12 13
881W82HgbK8uX032aUVgvOI,8,progressive,none,distinct,2 4 6 7 9 11 12 13
881W51P8HH9218mOr4gMIJH,8,plain,none,mixed,1 2 4 7 10 10 14 16
881W0enSRCI4Z1CY81OP1Hm,8,plain,none,mixed,1 1 3 4 6 13 15 21
881W0IDc5AB9W2ZIQ739I8C,8,plain,none,mixed,1 4 4 5 7 11 13 19
881W18DJ1jf20XWaB6ScRK6,8,progressive,none,distinct,1 3 4 5 11 12 13 15
881W0Gnicgotm0GASfeEuM1,8,plain,none,mixed,1 2 3 6 11 13 14 14
881W10WfK9SXP8eA6AnI9Ig,8,plain,none,mixed,3 5 5 5 9 12 12 13
881W2X8cI8rs20820eaMIra,8,plain,none,mixed,3 3 4 5 5 13 13 18
881WAIfMH2X18cH8CM3H84a,8,plain,none,mixed,1 3 6 6 7 7 16 18
881W0X1Yk8UE94O9ItBGeaW,8,progressive,none,distinct,1 2 5 8 9 12 13 14
881W22FHkfKWGG8gnA20daI,8,plain,none,mixed,1 2 5 6 8 8 15 19
881W0iteq41mX2ui2BPgH44,8,plain,none,mixed,2 3 4 5 10 13 13 14
881W294HDsugG0W55g4ZHgP,8,plain,none,mixed,1 3 4 5 8 8 14 21
881W12YTCENEMg9g40o38WG,8,progressive,none,distinct,1 2 3 8 11 12 13 14
881W1WOCMK94YW8446AieKA,8,plain,none,mixed,1 3 6 7 9 9 10 19
881W1GbZAA3BI9ahDj18kWG,8,progressive,none,distinct,2 3 4 9 10 11 12 13
881W25HroDgWGGLocU8ICG4,8,progressive,none,distinct,1 4 6 7 8 11 13 14
881W4GI8i54IUJ3GCd24aE0,8,plain,none,mixed,1 1 2 2 13 13 14 18
881W3XeIMGIw0D2bKaYansi,8,progressive,none,distinct,1 3 5 6 7 13 14 15
881W8ogCcKmt4G9p2XzmSM9,8,progressive,none,distinct,1 3 4 8 9 10 14 15
881W2XBHAj4WmP8uK1asGWG,8,distinct,none,distinct,1 3 5 6 10 11 13 15
881W6J1f2JgbK8GP0C6fc98,8,plain,none,mixed,2 2 5 7 7 7 14 20
881W29aKCX4oOa8C6QKBbeG,8,progressive,none,distinct,1 4 5 7 8 10 14 15
881W10qbDAoL0WeA4lT1Hf2,8,progressive,none,distinct,1 4 6 7 9 10 13 14
881W21G8fAIYC0WNFzFIP4v,8,progressive,none,distinct,1 2 6 8 10 11 12 14
881W80WBfJIa4GXVXGdojQ5,8,plain,none,mixed,1 3 3 5 7 12 15 18
881W2ZDOec2X96984AJ6I5W,8,progressive,none,distinct,1 3 6 7 8 10 14 15
881WA4WaRJY-Z46WNLb2SAI,8,progressive,none,distinct,1 2 3 5 11 12 13 17
881W0YGmvHD3AAXGHZLmuMH,8,plain,none,mixed,2 3 7 7 10 11 11 13
881W8K94f9bKYW0W53YvGmA,8,plain,none,mixed,2 2 5 6 7 10 16 16
881W4W85T8jKY8m0ZL9b4WI,8,plain,none,mixed,1 1 3 3 7 9 14 26
881W4630IEM10YeI90X0muS,8,plain,none,mixed,2 2 3 4 8 9 13 23
881W94xdma2D1WCHLad5XGO,8,progressive,none,distinct,2 3 4 5 8 11 15 16
881W00XmvJAP18YIK4PiMHM,8,plain,none,mixed,1 2 3 7 12 12 12 15
881W20G7w9GiL4OM6sA30YW,8,plain,none,mixed,1 3 3 4 9 10 16 18
881W24iaO9bYeY3XmeBDrFA,8,plain,none,mixed,3 3 3 5 8 9 16 17
881W4H4D-9SPAWOJkCb0Z81,8,progressive,none,distinct,1 4 5 6 10 11 12 15
881W6dIH2zAZ1W9e3A71W42,8,progressive,none,distinct,1 4 5 6 9 11 12 16
881W8YcIqy62eX9u64v98b1,8,progressive,none,distinct,1 3 4 6 10 11 13 16
881W14W0K92reEaoOjQ5kZK,8,progressive,none,distinct,1 3 4 7 8 12 13 16
881W14e8CP27IR8453U4bCc,8,plain,none,mixed,1 1 4 6 10 10 14 18
881W4473AMDQX03g85HemfI,8,plain,none,mixed,1 2 4 6 10 10 12 19
881W2aA9IUDEfK5Pe30deaG,8,progressive,none,distinct,1 4 6 8 9 10 11 15
881W0ARNhfv8GK2YcJCaV05,8,progressive,none,distinct,1 5 6 7 8 10 13 14
881W4GnG42b360eLovMqWG4,8,progressive,none,distinct,1 3 5 7 8 12 13 15
881W01PWooL9lH0f6Iv2cZI,8,plain,none,mixed,1 4 7 8 8 10 12 14
881W28gLEqB4X9CA0m1nc00,8,plain,none,mixed,1 1 3 3 5 9 19 23
881W2HRCRq510X8OU0ZqWWO,8,progressive,none,distinct,1 4 5 6 7 12 13 16
881WCLQaIJH484c7aMB3O40,8,plain,none,mixed,2 3 4 5 5 11 15 19
881W110CbJcnfLWmIOqn1Km,8,progressive,none,distinct,2 3 5 7 10 11 12 14
881W94WqK9rspWCYG06AqaO,8,progressive,none,distinct,1 2 4 7 8 10 15 17
881W20QEI94zGX4H9qwC4aa,8,progressive,none,distinct,2 5 6 7 8 11 12 13
881W15H8K3R0WQ8YQJ9GKOC,8,plain,none,mixed,1 2 6 7 8 13 13 14
881W4XG9C0u4I8iCcB6WmSA,8,plain,none,mixed,1 4 5 5 9 12 13 15
881W8MmfAD6PCCfkNCeD480,8,progressive,none,distinct,1 4 5 7 8 10 14 15
881W18g8vPAp10mePBU72q4,8,plain,none,mixed,2 3 5 7 9 10 10 18
881W4I5DA-952W0S412oZmO,8,plain,none,mixed,1 2 4 5 8 14 14 16
881W2Y1186c3r8QKg51CQ98,8,plain,none,mixed,1 3 6 7 8 8 11 20
881W192xeC62K0GXSqiNBYH,8,progressive,none,distinct,2 3 4 8 9 10 13 15
881WEXGOiIGmGG548C50K46,8,plain,none,mixed,1 1 2 4 5 14 16 21
881WAb9abaeaKu0jA11D0iA,8,distinct,none,distinct,1 3 4 5 8 12 14 17
881W0JS8CF7XX2H8KGwAg8a,8,progressive,none,distinct,2 3 4 8 9 10 13 15
881WAKWIQbIqXXXQia8S8eY,8,plain,none,mixed,2 2 6 8 10 10 11 15
881W94kLiqIAA5058aXHB50,8,plain,none,mixed,1 2 7 9 9 9 11 16
881W16Ksmpq91XP1QdjYGn4,8,progressive,none,distinct,1 4 5 7 9 11 13 14
881W412aAD5p18WWm7IHH6b,8,plain,none,mixed,1 2 6 7 7 9 14 18
881W0068aSdVieWoMf5Y538,8,progressive,none,distinct,1 4 5 6 8 10 14 16
881W2GvQZ9YGOH8a6H2rTYW,8,progressive,none,distinct,3 4 5 6 7 8 15 16
881W2MIrHurB2W51s4KMGe4,8,progressive,none,distinct,1 3 7 8 9 11 12 13
881W410OUB9qkKA4YC1314a,8,progressive,none,distinct,1 3 5 7 8 12 13 15
881W5AhKiM8aGnm84YGXMWG,8,progressive,none,distinct,1 5 7 8 9 10 11 13
881W18YX0B9LQ10OEA9SkQ9,8,plain,none,mixed,2 3 4 4 10 11 13 17
881WCSsKXmm410KMeq651W4,8,plain,none,mixed,2 5 5 5 6 6 7 28
881W452D6P8kWo49b9KguWG,8,progressive,none,distinct,1 2 6 7 8 12 13 15
881W23IjNtemO7DY4I8Y0YG,8,distinct,none,distinct,2 3 4 5 7 10 11 22
881W2XI4ZA58bWCsN2HAWGG,8,progressive,none,distinct,1 2 3 9 10 12 13 14
881W0rQKI85m84b2XD6b8OA,8,progressive,none,distinct,1 2 3 8 9 10 14 17
881W8HqoPAaqQaD6ZmL4I20,8,progressive,none,distinct,2 3 4 6 9 12 13 15
881W0844YhhKPGoL4Z1GTIW,8,plain,none,mixed,2 3 3 4 5 10 12 25
881W2WaK959GKG622H8WTvA,8,plain,none,mixed,1 2 3 4 7 13 13 21
881WEtcaiAEK8e8q5kuXJA0,8,progressive,none,distinct,2 3 6 8 9 10 11 15
881W8qsSL9dMgO5Ierm8pY0,8,progressive,none,distinct,1 3 4 6 11 12 13 14
881W3XfEI23I94G8S2brmeW,8,progressive,none,distinct,1 4 6 8 9 10 11 15
881W1GQ9f51mX14A94wwAPI,8,progressive,none,distinct,2 3 4 8 9 11 13 14
881W8WI94YgoPN4610WYL0e,8,plain,none,mixed,1 4 5 6 6 7 12 23
881W1Gn93G0uO8SLKgPDagC,8,plain,none,mixed,2 2 4 7 9 11 11 18
881W68mM_JWG40A4eI66I8Y,8,plain,none,mixed,1 1 4 4 5 7 15 27
881W2bIne4ZXWmHeu050uO4,8,plain,none,mixed,1 2 3 6 6 8 15 23
881W6NBL8Or4WY6THAYPG88,8,distinct,none,distinct,2 4 6 7 8 10 11 16
881W2GQCdCa2e9YH4n92Cq5,8,plain,none,mixed,1 1 4 4 8 11 16 19
881W914YA510WMWG8K1Wmf5,8,plain,none,mixed,1 1 2 6 8 9 14 23
881WAD4H4A692XaB58YWWGe,8,plain,none,mixed,2 2 3 5 7 15 15 15
881W598C6TWI8m84c9zqSN8,8,plain,none,mixed,1 1 5 6 9 9 15 18
881W298I4Y7J21GaIfIGB4M,8,distinct,none,distinct,1 2 4 6 9 10 14 18
881W0qbt3IpHI20-Haygk2B,8,progressive,none,distinct,2 3 5 6 9 12 13 14
881W2eaIXI62n0G8AKK-hIH,8,progressive,none,distinct,2 3 5 6 10 11 13 14
881W110Z-XmmGGaG4K956nc,8,plain,none,mixed,1 3 4 4 7 10 11 24
881W1K60WA6I94XGaGeqwSe,8,plain,none,mixed,2 3 3 6 6 8 14 22
881WCWGaaI9bPGbI8i6PH2Y,8,progressive,none,distinct,1 5 6 7 9 11 12 13
881W2TD6LAa20Z4YP1GXWG4,8,plain,none,mixed,1 5 5 5 7 11 14 16
881W2ZnPA4w0G0KKv4fHeI5,8,progressive,none,distinct,1 4 5 8 9 10 12 15
881W0EgO81fq1XHOUlRcg48,8,progressive,none,distinct,1 3 4 5 10 12 14 15
881W84Y3MfgYn81KfLsQXuG,8,progressive,none,distinct,1 2 6 9 10 11 12 13
881W4aL929251WXu5XWZHHe,8,plain,none,mixed,1 3 5 5 5 13 14 18
881WAXWKKi4Xn38eK4xfP2X,8,progressive,none,distinct,1 5 6 7 9 11 12 13
881W2fSQjPIPHWWL4h0EaSW,8,progressive,none,distinct,1 2 7 8 9 11 12 14
881W5o997mf6Wm8O9aQ2me8,8,plain,none,mixed,1 1 8 9 9 10 10 16
881W42889BC63W84IAN2IHO,8,plain,none,mixed,1 1 3 6 9 10 16 18
881W41aX4631nGW8aMV6F52,8,plain,none,mixed,1 3 5 5 6 12 16 16
881WBD98aOgc002X2wbYoS6,8,progressive,none,distinct,1 2 6 7 10 11 12 15
881WCMInG42H8S08KE4iK82,8,plain,none,mixed,1 1 2 6 7 7 19 21
881W2kNA0Hf20YqQX0mHGu4,8,distinct,none,distinct,1 2 4 5 6 7 12 27
881W1n8rOYH1Wg5IfAh14WG,8,progressive,none,distinct,1 2 6 8 9 10 13 15
881WA5JfXZYXGa8mK63bYZ4,8,plain,none,mixed,1 4 5 8 8 9 12 17
881W2XYG8AL0G1ecJA90OA5,8,distinct,none,distinct,1 2 3 5 6 10 18 19
881W10nC64aGq4aJPjR8fMX,8,progressive,none,distinct,1 4 7 8 9 10 12 13
881W9D0Zn631H9GG4IGWeLY,8,distinct,none,distinct,1 2 4 6 8 10 16 17
881W10a8e4IAX8eH4YsP4Xm,8,distinct,none,distinct,1 2 3 5 10 11 15 17
881W8iCN5W1oX8akNB3aqy4,8,progressive,none,distinct,1 4 6 7 10 11 12 13
881W28OAmqQ0WGGA8MALBaY,8,plain,none,mixed,2 3 3 4 6 14 15 17
881W40a9e-QkM0WGgsd2H31,8,plain,none,mixed,3 4 5 5 9 11 12 15
881W04ecOIv92IAYLivSWma,8,progressive,none,distinct,2 3 5 7 10 11 12 14
881W2XGn4c6Ge08KAKlHKgI,8,progressive,none,distinct,2 3 6 7 8 10 11 17
881W2X8gb3PaICaKD2XM1IG,8,distinct,none,distinct,1 5 6 8 9 10 11 14
881W3HaTGAq54XOpO5YYYmq,8,progressive,none,distinct,3 4 6 7 8 9 12 15
881W1YnbIU0mG8WOgR0Ym82,8,plain,none,mixed,1 3 3 5 8 9 14 21
881W0M8AJKe0G1bITAbpugb,8,progressive,none,distinct,3 4 6 7 9 10 11 14
881W40W3X9Khf4QIbI5QXKW,8,distinct,none,distinct,1 2 5 6 8 10 13 19
881W32PKao94IXOWZ1kyCWG,8,distinct,none,distinct,1 3 5 6 8 11 12 18
881W0WIW94eHuraYID6H8YG,8,distinct,none,distinct,1 2 3 5 10 11 12 20
881W00XXnohgp8WFGAviA9G,8,progressive,none,distinct,1 3 4 7 8 10 15 16
881W1Wo9578YA1AD5Y4XWaP,8,plain,none,mixed,1 2 2 5 7 9 17 21
881W4GeQX43Ji8WHaod9nwY,8,progressive,none,distinct,1 3 4 8 9 10 14 15
881W2cj8O2445153fZFWJ84,8,plain,none,mixed,1 2 3 4 8 14 16 16
881W94cahJ0WGG8K8C52LZ9,8,plain,none,mixed,3 4 6 7 7 7 8 22
881W2Ggkme1J616U3zIo8aa,8,progressive,none,distinct,1 4 5 7 10 11 12 14
881W2HPHOz2WWGm4S54K9Ge,8,progressive,none,distinct,1 2 4 7 10 11 13 16
881W10X2453I8yWGOCxLMni,8,plain,none,mixed,1 3 4 7 9 10 10 20
881W8IvRPs7240f5ip2KXGW,8,plain,none,mixed,2 4 5 7 8 8 9 21
881W50XEmLfeme22uQ5hX8O,8,progressive,none,distinct,1 2 6 7 9 10 14 15
881W2H8iccdX1WCEB8r08O8,8,progressive,none,distinct,1 3 7 8 9 11 12 13
881W4XHheI4eI3Hp3LBYH2H,8,progressive,none,distinct,2 3 4 7 9 12 13 14
881W6RALKaZ0WGee4E1HI88,8,plain,none,mixed,1 2 5 7 10 10 12 17
881W41GG7bLqg8K0XPBYjwW,8,plain,none,mixed,1 2 3 3 9 9 14 23
881W2YGGvia230Q9u9610WK,8,plain,none,mixed,1 2 2 5 10 10 13 21
881W18PCO4qv4X0aA3gYIaQ,8,progressive,none,distinct,2 4 5 8 9 11 12 13
881W0n9DaqADan0sGmPI0WG,8,plain,none,mixed,2 2 4 6 8 8 16 18
881W016WS8KjGnIVEIg4cOi,8,progressive,none,distinct,1 4 5 7 8 12 13 14
881W0eGX962G88OKAD4sxUm,8,progressive,none,distinct,2 3 4 7 8 9 14 17
881W7aPSiRAKK81X3IabXCW,8,progressive,none,distinct,1 2 5 6 11 12 13 14
881W10GORWcXH0iUF1TXmo5,8,plain,none,mixed,1 3 3 4 8 9 12 24
881W0bmqLcgd5bH5XI2IOe9,8,progressive,none,distinct,1 3 6 7 9 10 13 15
881W00v8aICfY98dKBfyL4Y,8,progressive,none,distinct,1 5 6 7 8 11 12 14
881W2HJHkKePO52QI95TCG0,8,plain,none,mixed,1 2 5 6 7 7 16 20
881W0WP8Se33958eC5nYB5W,8,distinct,none,distinct,1 2 4 6 8 12 14 17
881W2d6BHv3H18H4K5IMJQJ,8,progressive,none,distinct,2 4 5 7 9 10 13 14
881W0GXHOQEcB0GOOgfaG41,8,plain,none,mixed,1 3 3 5 8 11 13 20
881W2PQYq9cYI10G4muhrn4,8,progressive,none,distinct,1 4 5 8 9 11 12 14
881W2WIiO4YmY8WWGoRPbSY,8,distinct,none,distinct,1 2 4 7 8 10 12 20
881W218fCNNJBWaC2i4IY91,8,progressive,none,distinct,1 4 5 7 8 10 12 17
881WA5AryiHCG40J4vPjCYG,8,progressive,none,distinct,1 3 6 7 9 11 13 14
881W00X8MH57b3HfhIrBH8a,8,progressive,none,distinct,1 3 7 8 9 11 12 13
881W2XGPV725g0GG9AafOa9,8,plain,none,mixed,2 3 4 9 10 10 12 14
881W3IPb5YCK20eKn5AYmu2,8,distinct,none,distinct,2 3 6 7 9 10 11 16
881W10Xe5aaLA9KcR9b94W1,8,plain,none,mixed,1 4 4 6 8 12 14 15
881W2DA4CMBGm2uyPCaJ644,8,plain,none,mixed,2 2 5 7 8 8 14 18
881W54Gh8OU31GbiJ6AfGea,8,progressive,none,distinct,1 4 7 8 9 10 11 14
881WE5MVdffngK04jzyWX50,8,progressive,none,distinct,1 2 4 7 9 12 13 16
881W29OeM5QHA4KC5mv32OC,8,progressive,none,distinct,2 3 5 7 8 12 13 14
881W8G88KPUZ1IOA152AWC6,8,distinct,none,distinct,1 2 3 4 7 12 14 21
881W04vWmLEWm55YoIbKjIe,8,progressive,none,distinct,1 4 5 7 8 12 13 14
881W1XOGYN9ai1IfQL73E32,8,progressive,none,distinct,1 4 6 7 8 9 14 15
881W2WqmY14XOHOiQLcjI2Y,8,progressive,none,distinct,3 4 5 8 9 10 12 13
881W8a8bAFAbm0YfM52DuA5,8,distinct,none,distinct,1 4 6 8 9 11 12 13
881W24ZHebLG845ioPWmGO8,8,plain,none,mixed,2 2 3 5 7 8 18 19
881WA6nYfGxk0W4baUvYfO8,8,progressive,none,distinct,2 3 5 8 9 10 13 14
881W4ZGYYN9A5002yIeoXeK,8,progressive,none,distinct,1 3 4 7 9 11 14 15
881W2HKwTdvaK8496LC0QG4,8,progressive,none,distinct,1 3 6 7 8 10 14 15
881W0GGH879LEbmXJ9bKW80,8,plain,none,mixed,1 1 4 4 9 11 16 18
881W1DhK5blGB8rcgiZ0wc0,8,progressive,none,distinct,1 3 4 7 10 11 12 16
881W4Y0PI5c4I1GmPF2NBBf,8,progressive,none,distinct,3 4 5 6 10 11 12 13
881W29Daob4WGHCg9B42784,8,plain,none,mixed,1 5 7 7 7 7 8 22
881WAA118jM54u9J9M94c84,8,plain,none,mixed,1 4 4 7 7 7 13 21
881W2LMqAB3IOY8KA7qCjF0,8,progressive,none,distinct,1 3 6 7 9 11 13 14
881W0K9CwImmfc8c92oQu88,8,progressive,none,distinct,1 4 6 7 9 10 12 15
881WB5cmPE31G8f4Y14AjHG,8,progressive,none,distinct,2 3 5 7 10 11 12 14
881W8KIfgOe100KIBEcD4I5,8,plain,none,mixed,2 3 4 5 11 11 12 16
881W4H8GHLk18mG8XFbYqAI,8,progressive,none,distinct,1 2 4 7 10 12 13 15
881WA09CDKwhHXHjvi596f0,8,progressive,none,distinct,2 3 4 7 9 12 13 14
881W1YA91Ab2YaagboH7Kg4,8,plain,none,mixed,2 5 7 7 7 9 10 17
881W4C6Ga2D2uWbIF6NA541,8,distinct,none,distinct,1 3 4 5 7 13 14 17
881W10jMx6AwH52Y65f4Gx2,8,progressive,none,distinct,1 4 6 7 10 11 12 13
881W4IMeQHIP00YbKgMdJ82,8,progressive,none,distinct,2 3 5 7 9 11 12 15
881W4WuT4F43I0GGesafsLA,8,progressive,none,distinct,1 4 5 7 9 10 11 17
881W1Kn8iHCb9o0W9b5yu41,8,plain,none,mixed,1 3 6 6 7 11 14 16
881W2OeLGeKCAGY01KaIEcI,8,plain,none,mixed,1 4 4 5 5 8 17 20
881W2XYMlCaIOWWmK1wGf6A,8,progressive,none,distinct,1 2 7 8 9 10 12 15
881W518cIRMjK405bXOaXYW,8,distinct,none,distinct,1 3 4 6 10 11 13 16
881WB5cmqRiH10GO90s2nH2,8,distinct,none,distinct,1 3 5 6 7 10 11 21
881W0eOaSsLW81KaMAcnI41,8,plain,none,mixed,2 2 4 7 7 10 14 18
881W1EdLUuuL84b8AYIGfKW,8,progressive,none,distinct,2 3 5 8 9 11 12 14
881W8213YqAZCaX55YHmuaW,8,distinct,none,distinct,2 3 5 6 7 8 11 22
881W12XRWmI8GYZ631cQD2H,8,plain,none,mixed,1 3 4 4 6 9 9 28
881W1ean8eC5G8CUCgmKA0W,8,plain,none,mixed,2 2 2 4 5 10 13 26
881W2cPCKK9aCH11iI9XEF4,8,progressive,none,distinct,2 4 5 6 8 12 13 14
881W2IG9LiI10XWkdKh50W8,8,distinct,none,distinct,2 3 5 6 9 10 11 18
881W4C69YenwL49GC7ZoncO,8,progressive,none,distinct,3 5 6 7 8 9 11 15
881WA31YodggsK5E0YX0OwW,8,progressive,none,distinct,1 2 3 8 9 10 13 18
881W40WjEEdJi4W9az2A9KX,8,progressive,none,distinct,1 4 6 7 10 11 12 13
881W9149OkH8IAGPCP72952,8,plain,none,mixed,1 2 4 5 8 14 14 16
881W0faqsREarCWH1HQPH01,8,progressive,none,distinct,1 2 6 7 9 12 13 14
881W0WiGZRaOHGIAB7PiLbG,8,plain,none,mixed,2 2 4 6 8 13 14 15
881W24Z2Kr4WIAILUQWnuaY,8,distinct,none,distinct,2 4 5 6 7 8 14 18
881W0WcIk9dUq90I4YfXKbe,8,progressive,none,distinct,1 5 6 7 9 10 12 14
881W8gDAfMlNz011213E862,8,progressive,none,distinct,1 3 4 6 9 12 14 15
881W432WodD5YW8uZ3W8meK,8,plain,none,mixed,1 1 4 4 8 10 13 23
881W4B4C42464WC7IPSj72X,8,distinct,none,distinct,2 3 4 5 6 7 18 19
881W1CPIJ9H31Y8Y95CoJWe,8,progressive,none,distinct,2 3 4 7 9 10 14 15
881W8TU2bT94aY0nKH9hWu4,8,progressive,none,distinct,1 2 6 8 10 11 12 14
881W5ah41g92HD9uN8WKeo0,8,plain,none,mixed,1 1 3 5 6 10 17 21
881WA31GZQ75XeD63g3XaW8,8,progressive,none,distinct,3 4 5 6 9 10 12 15
881W4aYWv2qHR09I5jxvCY8,8,progressive,none,distinct,1 2 7 8 9 10 13 14
881W0Z5AaQ8WGAfKdOiKQ0G,8,plain,none,mixed,1 4 4 5 5 13 14 18
881W34WG885A8c4XGxIX8aH,8,plain,none,mixed,1 1 5 6 9 12 13 17
881W49aoeG9f0G22jIYPOeK,8,distinct,none,distinct,1 3 4 8 9 11 13 15
881W22dKID5YoTWGWt0W111,8,plain,none,mixed,1 1 1 6 7 12 18 18
881W020bOlr6oIX2GAMhj8e,8,progressive,none,distinct,1 4 5 7 8 10 14 15
881W0aHEeKCMAA0W21IgLgI,8,progressive,none,distinct,1 3 6 7 8 10 13 16
881W40o90Qw4WYTeIgPrMhP,8,progressive,none,distinct,1 2 6 8 9 11 12 15
881W5MR9dKS0WGP221fIWm8,8,distinct,none,distinct,1 3 5 6 9 12 13 15
881W400CrSB54WG9fLhcAbA,8,distinct,none,distinct,3 4 5 6 7 9 10 20
881W0AgqgcZhsKegvmv42Q0,8,progressive,none,distinct,1 3 5 6 10 12 13 14
881W010mnaA51I9CfcrAXGm,8,plain,none,mixed,2 2 6 7 8 9 14 16
881W2LOg554a022XHLBanK2,8,plain,none,mixed,2 3 4 5 5 10 17 18
881W8YIL5YKA611a2X6XXmm,8,plain,none,mixed,2 2 3 5 6 8 18 20
881W4Y9Z2LdnGeGOQ0X4vm2,8,plain,none,mixed,1 1 6 7 7 10 13 19
881W0GOD75M9z0eC62niOII,8,plain,none,mixed,3 5 6 7 7 7 9 20
881W42vSkYc2408D6ZAKwDA,8,progressive,none,distinct,2 3 7 8 9 10 12 13
881W9CrctKmGWW4aM99B8K8,8,plain,none,mixed,2 4 6 7 8 9 9 19
881W0mI8C274C10H95ZYB5X,8,plain,none,mixed,1 1 2 4 13 13 14 16
881W30WmkK4uK4869P30WkI,8,plain,none,mixed,1 1 1 3 10 13 14 21
881W4IhZac0WD18b6lB4H4H,8,plain,none,mixed,2 3 4 5 5 10 15 20
881W2XH93YXHAeILI10nmg8,8,distinct,none,distinct,2 3 5 7 9 10 12 16
881W0WO44KD5R48462n_650,8,plain,none,mixed,1 3 4 4 5 6 18 23
881WDbED8eqS9801XgkLA6e,8,plain,none,mixed,1 4 5 6 8 10 15 15
881W0YKaAJ4OfIL9IbXoGfn,8,progressive,none,distinct,1 4 6 7 9 11 12 14
881W10WaZoP3YHEfP8KIWW8,8,progressive,none,distinct,1 2 6 8 9 11 13 14
881W0GdAD6188LCLIfUiA49,8,progressive,none,distinct,1 2 5 6 11 12 13 14
881W8aoNAKa3Y4082XRJaoa,8,progressive,none,distinct,2 3 4 6 7 13 14 15
881W8410MAkWG98a94YXGuO,8,plain,none,mixed,2 2 3 5 7 9 16 20
881W7grMfE58I803b1WIemG,8,progressive,none,distinct,1 3 5 8 9 10 11 17
881W2DH8oQ3WGIGeQH8Hq94,8,plain,none,mixed,1 2 5 5 7 11 15 18
881W653Xetn59m12JbXGqAA,8,progressive,none,distinct,1 3 4 5 8 11 12 20
881W8Y9J9g51CaJK22aMXGY,8,distinct,none,distinct,1 2 5 6 10 11 14 15
881W2GaYb2OI8WuU9SI0I8f,8,plain,none,mixed,1 2 2 3 8 10 17 21
881W4InecJ490C22hPWiKmP,8,progressive,none,distinct,1 2 3 9 10 12 13 14
881W8g4sK72w4051GcadYaa,8,plain,none,mixed,2 2 2 5 7 11 16 19
881W4gL8K672GauSE2GI930,8,progressive,none,distinct,1 3 4 6 10 11 13 16
881W4A95Y6Bfm9YhAbJ1s00,8,progressive,none,distinct,2 3 4 5 9 12 13 16
881W1EaeQQfaaHH9I8718Oe,8,plain,none,mixed,2 5 7 7 8 9 11 15
881W4NJFojIQ9411Cvj5X8G,8,progressive,none,distinct,1 2 7 8 10 11 12 13
881W4J6aOH9GGH4I-33XlOA,8,progressive,none,distinct,1 3 6 8 9 11 12 14
881W8iI9KgMb880I8boCsK9,8,progressive,none,distinct,1 2 6 8 10 11 12 14
881W1312GfIgA1GXurYH8qf,8,plain,none,mixed,1 5 5 6 10 11 12 14
881W0WP4I8cwR52ZP8acGI0,8,progressive,none,distinct,1 2 3 9 10 12 13 14
881W222g23OY94ecp5Ypf4G,8,progressive,none,distinct,1 5 6 7 8 10 13 14
881W2H8fLMyaI8aC13WIOAH,8,plain,none,mixed,2 4 5 6 8 11 14 14
881W294eJav9KeGC52XZvOG,8,progressive,none,distinct,3 4 6 7 9 10 12 13
881W1OK8IC20aWgKA29TWWm,8,plain,none,mixed,1 2 2 6 6 13 17 17
881W2WaohM6H20WGAuv0mfA,8,progressive,none,distinct,2 3 5 6 10 11 13 14
881W0YJFQD5n0YHW85YGHaa,8,distinct,none,distinct,1 2 4 6 10 11 13 17
881W1WoeaWt21XGUB90OqQ9,8,progressive,none,distinct,2 3 4 8 10 11 12 14
881W021eAZYGWAfOK63pLGc,8,plain,none,mixed,1 3 4 6 6 9 16 19
881W6hXWXp9IgKG45kB1Wf8,8,progressive,none,distinct,1 3 7 8 9 11 12 13
881W62beme2WG0GC2T6I9Bb,8,plain,none,mixed,1 2 4 7 8 8 15 19
881W04GXIPJOKYegJ9aSUbK,8,plain,none,mixed,3 6 6 7 7 8 12 15
881W920aYH72qAWHwn0GT2X,8,plain,none,mixed,1 1 2 8 8 11 11 22
881W86bJcbIbB1WAfKv52b1,8,progressive,none,distinct,2 3 4 7 9 11 13 15
881W1308956bI7DcYusH8o0,8,plain,none,mixed,2 4 4 5 7 7 15 20
881W47MCA94WWGvCsIgI910,8,progressive,none,distinct,1 3 4 8 9 11 13 15
881W8C6Z2c52SK8LAf52ja2,8,progressive,none,distinct,2 3 5 7 10 11 12 14
881W9ZLfuI8I98JH5o32HB0,8,plain,none,mixed,3 5 6 6 6 8 15 15
881W4f4bYY19YWi9eKAHb21,8,plain,none,mixed,2 3 3 5 9 9 15 18
881W2neqSp19WGK54mRHGG8,8,progressive,none,distinct,1 2 5 7 10 11 13 15
881W43OQaHIWW18cxDaKb6J,8,progressive,none,distinct,1 3 4 8 10 11 13 14
881W020eqhLNBo1AO42QfCX,8,distinct,none,distinct,1 3 6 7 8 10 13 16
881W5GBaIe1HH9OGmJHmeKC,8,plain,none,mixed,1 2 5 5 7 8 17 19
881W08P41Cbff1anGgqiQi1,8,plain,none,mixed,1 2 4 4 7 10 12 24
881W20Xm8gKn8P4eSQX8K45,8,plain,none,mixed,1 1 2 7 9 10 13 21
881W1635428cGIPCjsJ9L0W,8,distinct,none,distinct,1 3 4 6 9 12 14 15
881W2d6Jr6Aeq21gARAKsIH,8,progressive,none,distinct,1 2 5 8 9 12 13 14
881W0P6CgKP1e6fonOlif4W,8,progressive,none,distinct,2 4 5 6 8 12 13 14
881W70ZG840mGG8qY11WqOE,8,plain,none,mixed,1 1 1 4 6 16 17 18
881W8IH4KEArGm31QA4dKC4,8,progressive,none,distinct,1 5 6 7 8 9 13 15
881W4WYGO66fKJ5I9398qG8,8,plain,none,mixed,2 2 5 8 10 11 11 15
881W1W-H8T2XGaGeM952Y2W,8,progressive,none,distinct,1 2 5 7 9 10 14 16
881W40WIE56ZeK21WnY8eqe,8,plain,none,mixed,1 3 4 6 6 6 14 24
881W42PQfCbemK22bIEaHA8,8,progressive,none,distinct,1 4 6 7 9 10 12 15
881W0WGTO83aICWOD3aX9Aa,8,distinct,none,distinct,1 2 5 7 9 12 13 15
881W2RbBeBo10GeAXBlDGma,8,progressive,none,distinct,2 4 6 7 8 10 13 14
881W0CEIwARLPY4K4b52xg2,8,progressive,none,distinct,1 3 5 6 9 11 13 16
881W8Y9mOAB9KebIA85c90W,8,plain,none,mixed,2 5 5 5 8 9 12 18
881W1D39kgI4YI0Y4R6mmfK,8,progressive,none,distinct,1 3 5 9 10 11 12 13
881W2233SYQ528eYg32f4YX,8,plain,none,mixed,2 2 5 6 8 9 15 17
881W14pq3ID9E6KQIbuYeKG,8,plain,none,mixed,2 4 5 9 9 10 10 15
881W18vLB5ap20OKIfSGBWY,8,progressive,none,distinct,1 3 5 8 9 11 13 14
881W0WXGO8cJAKWGOhOeG88,8,plain,none,mixed,2 3 3 4 8 11 14 19
881W2nfLC5GeeGIKI9A1eGB,8,plain,none,mixed,1 3 5 9 9 9 11 17
881W2nOkcqbuaWG69539Hq4,8,progressive,none,distinct,1 3 6 8 9 11 12 14
881W21PY13z48b6bAmuIZ96,8,distinct,none,distinct,2 3 4 5 6 7 13 24
881W098fCM5efGMPAngMI41,8,progressive,none,distinct,1 3 4 6 10 11 14 15
881W0216TcB3b6JCD4H152e,8,plain,none,mixed,1 2 7 7 7 8 13 19
881WAirSgb4Gm08e4JYI5EX,8,plain,none,mixed,2 4 4 7 9 9 10 19
881WAaoO94qX8ee21HY42FI,8,plain,none,mixed,3 3 3 4 4 9 18 20
881W4aIAOSGO88ZKiHAYHAI,8,plain,none,mixed,3 3 4 7 7 10 11 19
881W8YY5gbYYH49e84jIeA9,8,distinct,none,distinct,1 4 5 6 7 12 14 15
881W0XXFZGF0OKaAIGiXDKI,8,plain,none,mixed,2 2 3 5 9 11 13 19
881W4aIWIe3YbGBOCDcXGKA,8,progressive,none,distinct,1 5 7 8 9 10 11 13
881WAsQKnI5B205HI-PIWmG,8,plain,none,mixed,2 2 3 6 11 11 12 17
881WAbGYK29mGAOiL4YIH4K,8,plain,none,mixed,1 4 5 7 7 10 15 15
881W00663E2IaH8LAdYXvDC,8,distinct,none,distinct,1 3 5 7 8 9 11 20
881W6I91wjMa20e25Kg514Y,8,plain,none,mixed,2 3 3 4 5 11 18 18
881W4295K0Z1WfKwD4YXsP0,8,plain,none,mixed,2 3 4 4 8 13 14 16
881W40W8CPKYn9CaqQcGa84,8,plain,none,mixed,1 5 6 6 8 9 11 18
881W10WQAD7uHG231YaZD8I,8,plain,none,mixed,2 3 6 6 7 8 9 23
881W95FaMgH8A8mLII11g6W,8,plain,none,mixed,1 3 5 6 6 13 14 16
881W210qvw1IC8mL6abIGgC,8,progressive,none,distinct,1 3 4 8 10 11 13 14
881W6YoOaQ6IWe8q4GoeSC4,8,progressive,none,distinct,2 4 5 6 9 11 12 15
881W8T6aKPLiI8mD5H8bv00,8,progressive,none,distinct,1 3 4 6 10 12 13 15
881W1WmSe850WWYH4YoRGeK,8,progressive,none,distinct,1 3 4 8 10 11 13 14
881W630WG554WMJ9L30WGG9,8,plain,none,mixed,1 2 2 8 9 10 10 22
881WA4WCeL2eG9B6fKcH9Ge,8,plain,none,mixed,2 2 8 9 10 10 11 12
881W010k5LhuecJAZ5ZgeWW,8,progressive,none,distinct,2 3 5 6 9 10 13 16
881W0mL8PG4YP10WE3IhNaB,8,plain,none,mixed,1 3 6 6 7 11 14 16
881W86RdVI52ne18AA6ChH8,8,progressive,none,distinct,2 3 4 6 10 11 13 15
881W4hIP9wfK90ee2w918b1,8,progressive,none,distinct,1 2 5 8 10 11 12 15
881W4cWGJg92WnJ5JiQ1WW8,8,progressive,none,distinct,3 4 5 6 10 11 12 13
881W62jjeIAJ9WeC9O7XI8X,8,progressive,none,distinct,3 4 7 8 9 10 11 12
881W94vYw95KA90W5D9cfk0,8,progressive,none,distinct,1 2 6 7 8 11 14 15
881W4G8GOC1n8IZH8ZKoCA5,8,plain,none,mixed,1 2 2 3 9 15 15 17
881W84GYWhDAXHJ6kUF1Wea,8,progressive,none,distinct,2 4 6 8 9 10 11 14
881W12J9gB9L9cXeQkCHW84,8,plain,none,mixed,2 3 3 7 9 13 13 14
881W9fesOs728K98c0pDAaW,8,progressive,none,distinct,2 4 5 8 9 11 12 13
881W4YZGDd5W81mKI9fH8q1,8,plain,none,mixed,1 3 4 5 5 9 18 19
881W4KcBuKf4Y8XeuQ7WcGK,8,plain,none,mixed,3 4 4 6 9 11 13 14
881W20aHBdEWXGY53mWmeXe,8,plain,none,mixed,1 1 3 3 11 11 16 18
881W1WKKMA6o20WG8bEGv56,8,plain,none,mixed,1 1 6 8 9 12 13 14
881W412H9AbXmf08aAb2rGq,8,plain,none,mixed,2 2 7 7 8 11 11 16
881W0TM249IHe5PQjDcDik4,8,progressive,none,distinct,2 3 6 8 9 11 12 13
881W10XWIH44aP0XFC63Dis,8,plain,none,mixed,1 4 5 5 8 9 13 19
881W1PjQqI0mG98aKK23Ga4,8,plain,none,mixed,4 4 5 5 6 7 10 23
881W1Q9bTs92X98unI2Wcm0,8,distinct,none,distinct,1 2 4 6 9 12 13 17
881W7boOFJ6YGYZ16gWf4GG,8,plain,none,mixed,2 2 2 8 10 11 11 18
881W0WaoKwfameCA2eQ0K9O,8,plain,none,mixed,2 2 3 6 7 13 14 17
881W8aoTeIBP4GH2eK5h8aK,8,progressive,none,distinct,1 4 5 8 9 10 13 14
881W14IKU2X4GmbIeoU0j4k,8,plain,none,mixed,1 5 6 6 8 9 10 19
881W214aFYfwSCWVCogLZ8m,8,progressive,none,distinct,1 3 5 6 9 10 14 16
881W1213953Nn0IHfKHGqCi,8,plain,none,mixed,2 3 3 4 9 9 14 20
881WAL9SsHEG844YPF5GeC0,8,progressive,none,distinct,2 3 4 8 9 10 13 15
881W0aII4A630gGOC6LXGgr,8,progressive,none,distinct,1 2 4 6 10 12 13 16
881W4YHC-88424OCA220XWn,8,plain,none,mixed,1 2 4 6 8 8 10 25
881W2XIneKfoXf0890LWiOA,8,progressive,none,distinct,1 2 4 6 9 12 14 16
881W10GIHLAXGG8456iA5Oi,8,plain,none,mixed,2 2 4 7 7 11 13 18
881W10aodMCKC401DBBbIOG,8,distinct,none,distinct,1 3 4 6 7 8 15 20
881W02pHa1GX314EhrwovGe,8,progressive,none,distinct,1 4 5 6 8 12 13 15
881W2452v92WWIGe8L9KgPa,8,plain,none,mixed,1 4 5 5 6 8 17 18
881W4I9ALkcp88O4A0nAL41,8,plain,none,mixed,1 1 7 8 9 11 12 15
881W9ALSH22HQ410esTfLi8,8,plain,none,mixed,3 5 5 5 6 6 11 23
881W6InGqbA60W2D1sw2Z9a,8,progressive,none,distinct,1 2 4 6 10 11 13 17
881W120hoq94iLeXyO5XWWY,8,plain,none,mixed,1 2 2 6 10 12 14 17
881W8TSYKEB8eWAcJGfB4Y3,8,progressive,none,distinct,1 3 4 8 10 11 13 14
881W0dIGg2AL2WZnMJEXm82,8,progressive,none,distinct,1 2 6 7 8 11 13 16
881W0meaOC5IkGYG8eBXeKD,8,progressive,none,distinct,1 2 5 6 10 12 13 15
881W0ONINBcfKWWY954jKG4,8,progressive,none,distinct,2 4 5 7 9 11 12 14
881W498eHWmWWe4Cc73gxQn,8,progressive,none,distinct,2 3 6 7 9 10 13 14
881W211b4gsLSC0JH63fLCe,8,progressive,none,distinct,2 4 5 7 9 10 13 14
881W10OenBcaK0WH58ibZpb,8,progressive,none,distinct,2 4 5 6 9 11 13 14
881W111InmqY24G6LrKgLEQ,8,progressive,none,distinct,1 3 5 7 9 12 13 14
881W228aOkRAH828t23HAbI,8,plain,none,mixed,2 4 4 8 9 10 13 14
881W2Hi-nSqA3081AH71YG4,8,plain,none,mixed,1 2 4 6 6 9 18 18
881W20Y4gQgHgD4I8tLoaG8,8,progressive,none,distinct,2 4 5 7 8 11 13 14
881W014W961QXIB6ZD52vTK,8,progressive,none,distinct,2 4 5 7 9 11 12 14
881W51jGak75Yc98LG317YG,8,progressive,none,distinct,1 2 6 9 10 11 12 13
881W210nch5B0KY6F8IOWeL,8,progressive,none,distinct,1 4 6 7 9 10 12 15
881W0meSaGufIeQ994i1WO8,8,plain,none,mixed,2 2 4 7 8 9 15 17
881W2cnjNZqgJJ0PaP4Y4W4,8,progressive,none,distinct,1 3 5 9 10 11 12 13
881W2eghInKXGm8YNOa57WG,8,progressive,none,distinct,2 4 6 7 9 10 11 15
881W2Ai_8lKMB40IuQ4XYOO,8,progressive,none,distinct,2 3 5 7 8 10 14 15
881W1HGgPCU630460Ke12Xe,8,plain,none,mixed,1 2 2 3 4 7 20 25
881W8CH4Qh5pQO8eCa1UY45,8,progressive,none,distinct,2 3 5 8 9 10 11 16
881W10lbIL4IX10OIAOiRCY,8,progressive,none,distinct,1 5 7 8 9 10 11 13
881W41WWJCr0WKC2XP1Wao4,8,plain,none,mixed,1 1 1 2 10 12 16 21
881W1YcO52WZM4YWWmYEN3K,8,distinct,none,distinct,1 2 3 5 6 7 13 27
881W4X5dBgyeGW2Kn61Ct8C,8,progressive,none,distinct,1 4 6 7 8 11 12 15
881W7DcgZHH1WGbK804PGO4,8,plain,none,mixed,1 4 5 5 6 9 9 25
881WD11a4bI0XGdPK-7oGmO,8,plain,none,mixed,1 3 8 8 8 11 12 13
881W1WaoQHX8e4C54gIDQKS,8,progressive,none,distinct,1 2 5 6 9 10 15 16
881W198iLwbJgKG44n0w2W4,8,progressive,none,distinct,1 3 6 7 10 11 12 14
881W010mEfHn9M58aFIueeG,8,progressive,none,distinct,1 2 5 6 7 12 13 18
881W825a2SJ9B8vPI6JXf72,8,progressive,none,distinct,3 4 5 7 8 10 12 15
881W6AI58cD5BH0aY1p7E61,8,plain,none,mixed,1 3 4 4 8 9 17 18
881W0AAbuesHGP0AvLBDYK6,8,progressive,none,distinct,1 4 5 7 10 11 12 14
881W6KhCgLp910Z4GOUKG8C,8,progressive,none,distinct,1 3 4 8 9 11 12 16
881W2I6ZPD4n91KIv1o12q5,8,plain,none,mixed,2 2 7 7 8 8 14 16
881W4HOmpZH0X848e6LCLmm,8,progressive,none,distinct,1 3 4 7 9 11 12 17
881W290ZMeS2m84IAALB9ne,8,progressive,none,distinct,1 3 5 6 9 11 12 17
881W1H8L46CJeeaA6RJHKA2,8,plain,none,mixed,3 3 7 7 8 8 13 15
881W3GKo9Kb18KgLCxqSG92,8,progressive,none,distinct,1 2 5 7 9 12 13 15
881W2Wa3WgD2KaWL5orMB2G,8,plain,none,mixed,3 4 4 5 5 6 8 29
881W630Hna9vAH8tLEYf8e9,8,progressive,none,distinct,2 4 5 6 7 11 14 15
881W0bGmTvabqnDBY2cHWY5,8,plain,none,mixed,2 3 7 9 10 10 11 12
881W513OaE0oGeaYzTL0G44,8,plain,none,mixed,2 2 5 5 6 7 18 19
881W2f1GqMBXGH0WTAYCE84,8,distinct,none,distinct,1 2 4 6 7 8 17 19
881W2111-4Z1XCW8OIQacpK,8,plain,none,mixed,1 3 5 5 9 11 13 17
881W03h4OovOK98QiCB594e,8,distinct,none,distinct,2 3 5 6 7 10 14 17
881W0mODDDBf94YQE4IWeaO,8,progressive,none,distinct,1 4 6 7 8 11 12 15
881W845X5414XAKo8i7ZDbA,8,plain,none,mixed,1 4 5 5 7 9 14 19
881W1XHMof4WG1GiIMbGfYH,8,plain,none,mixed,1 4 6 7 8 8 12 18
881W0IDo9CvPmQ34BAag642,8,progressive,none,distinct,1 4 5 7 9 11 13 14
881W22fOK0i18g52AMXIhNc,8,plain,none,mixed,2 3 5 7 7 9 10 21
881WC6Z9DMhMw808eqi5EXH,8,progressive,none,distinct,1 4 6 7 9 11 12 14
881W994wi32YA2G88uXo9KP,8,progressive,none,distinct,1 3 5 8 9 10 11 17
881W8YH8YQHWGe54IA59SKA,8,progressive,none,distinct,1 2 4 7 10 11 13 16
881W42iKKgA50GKEMiSl110,8,plain,none,mixed,2 2 3 7 9 10 11 20
881W5F7zoqwQemB01QII5I1,8,progressive,none,distinct,2 3 6 8 9 11 12 13
881W4GOaYoB3HgH4B9K4u84,8,progressive,none,distinct,1 2 3 7 9 11 15 16
881W0HPCIGZXmfmuMLAiGG4,8,plain,none,mixed,2 2 4 8 9 9 14 16
881W0BAKZTi9594oa9p9c8G,8,plain,none,mixed,2 3 7 7 7 9 14 15
881W24I853c0W59KgKgobAq,8,plain,none,mixed,2 4 6 8 8 9 12 15
881W6J1cmTM8aGWK48bIYfa,8,progressive,none,distinct,2 4 6 7 9 11 12 13
881W4d0bL4YRCIKm8Iv91WX,8,distinct,none,distinct,1 2 3 6 9 13 14 16
881W009WisROdX4e9ecBIfI,8,progressive,none,distinct,1 2 6 7 9 11 13 15
881W2XhwSN4KA4WWF196n8G,8,progressive,none,distinct,1 4 6 7 8 10 13 15
881W21rTWJ4B0Ga9MoZCtgL,8,progressive,none,distinct,1 3 7 8 9 10 12 14
881W22ACm8YP4WanqjMHA58,8,plain,none,mixed,2 3 5 6 10 10 12 16
881W0MGH99H8aPHKQE54mQL,8,progressive,none,distinct,2 3 6 7 9 10 12 15
881W0am8aWBeQ1xpsR5GmIA,8,progressive,none,distinct,1 2 3 7 8 12 15 16
881W0aZmAb2L36SQK6Q94A2,8,plain,none,mixed,1 4 4 7 10 10 12 16
881W36YHQCHD4AGrhGYv4G8,8,progressive,none,distinct,1 3 4 7 8 12 14 15
881W8MIqQLfAa21IT4KkG88,8,progressive,none,distinct,1 3 6 8 9 10 11 16
881W1998in8piKG5LoYAgC0,8,distinct,none,distinct,1 4 5 7 10 11 12 14
881W0WYEgEDEX94HF5E2b0G,8,progressive,none,distinct,1 3 5 8 9 11 13 14
881WCG84aOc20WfKC7pXG88,8,plain,none,mixed,1 1 3 4 11 13 14 17
881W2WX4ibIfD008OSRH9Kf,8,progressive,none,distinct,1 2 5 8 9 11 13 15
881W6jCOIGcP0XB65D2N8KY,8,plain,none,mixed,2 3 6 8 8 10 12 15
881W044T8g6222obIh5HPD6,8,progressive,none,distinct,1 2 6 7 10 11 12 15
881W31GkhPEv20229YQZGai,8,progressive,none,distinct,1 2 4 8 9 11 13 16
881W43LW5BPf112ahEtKAGm,8,progressive,none,distinct,2 4 5 7 9 11 12 14
881W4X5Z9AqUgH8vbbXqcI0,8,progressive,none,distinct,1 4 5 8 9 11 12 14
881W0X1mIuA9EGmMKvQP8K9,8,plain,none,mixed,3 5 5 6 7 10 14 14
881W1XGwHH9IeaA55u2AHOe,8,plain,none,mixed,2 4 5 5 6 7 15 20
881W42CI5HjC20IAJ8cIo8e,8,distinct,none,distinct,1 2 3 5 7 11 16 19
881W22DSQb2oPK88y8c26Gi,8,progressive,none,distinct,1 3 5 6 10 11 12 16
881W35AMc98T2I2I78gCY9o,8,distinct,none,distinct,1 3 4 5 7 8 10 26
881W54YWB9aoYIXWGk2188I,8,plain,none,mixed,2 2 3 5 7 13 15 17
881W20gixCb2410H4vcHIPK,8,progressive,none,distinct,2 4 5 7 8 10 13 15
881W00eeA5L8Xo57ZzCDHGe,8,progressive,none,distinct,1 2 4 7 10 11 13 16
881W9gKRKP8oW8X8JCQ8i8I,8,progressive,none,distinct,1 3 6 7 10 11 12 14
881W6hLIhaIHWK8AH0c98K5,8,plain,none,mixed,1 2 6 8 9 10 14 14
881WA4Y6C55YnG8KAK5ZiaY,8,progressive,none,distinct,1 3 5 8 9 10 11 17
881W2ZIfAjfiM94aY60X888,8,plain,none,mixed,2 5 7 7 8 11 12 12
881W88arAgrxEG1Gew4QnqH,8,progressive,none,distinct,3 4 5 7 9 11 12 13
881W8L2bKAJ5AGOE6H8j94X,8,progressive,none,distinct,3 4 5 7 8 11 12 14
881W422F4YoEW23f52nwHee,8,plain,none,mixed,1 2 2 7 7 8 17 20
881W86KewKE8aA0YvJAL6Ge,8,progressive,none,distinct,1 4 6 7 9 10 12 15
881W8aH4ksr508Oc8bmx4G4,8,progressive,none,distinct,1 2 7 8 9 11 12 14
881W8MG3c732X0HmSEsEXeK,8,progressive,none,distinct,1 4 6 7 8 11 12 15
881WF4wSs8YH410HabKKeK2,8,progressive,none,distinct,1 2 3 9 10 11 13 15
881W52H8kp2tL0I552Qf444,8,progressive,none,distinct,1 3 6 8 9 10 12 15
881W2X0XGKB98aYA4I8mOC4,8,plain,none,mixed,1 2 5 6 6 11 11 22
881W5KGDPKM0W9bC64eL5We,8,plain,none,mixed,2 3 3 4 4 6 13 29
881WA10c4OC08ZEdKcpH94H,8,progressive,none,distinct,1 2 4 5 10 13 14 15
881W4cgbgYfKfc0yGi98IP0,8,progressive,none,distinct,1 3 5 7 10 11 12 15
881W0HcmXIC2098K9LMhdmO,8,progressive,none,distinct,1 2 5 7 9 11 14 15
881W41H6YPU6AWC0rGugKYY,8,progressive,none,distinct,1 2 3 5 10 13 14 16
881W4YmmceAP10I6UAVXGOA,8,plain,none,mixed,1 4 4 5 11 12 12 15
881W4GeSJ4rQGGICcLHhiGI,8,progressive,none,distinct,1 3 5 7 9 10 13 16
881W4YHCHeeMgWG491mxKg4,8,progressive,none,distinct,1 2 3 6 7 10 17 18
881W028vSCgHOIbAM82AYN9,8,progressive,none,distinct,1 3 6 7 8 12 13 14
881W1WaBvHL2X8KKE57asG0,8,progressive,none,distinct,1 4 5 7 8 9 14 16
881W00xCAACdWHYHQEQK-31,8,progressive,none,distinct,1 3 4 8 10 11 13 14
881W4fWgjSkIO8E7ek9I911,8,progressive,none,distinct,1 2 4 7 11 12 13 14
881WAYbO44AuQ8XJ2HBI9B4,8,plain,none,mixed,2 2 4 5 7 11 13 20
881W9KtBLD4a200OT9fGAH8,8,plain,none,mixed,2 2 3 7 7 13 14 16
881W66XOfc64I0Hi3Ganeo9,8,progressive,none,distinct,1 5 7 8 9 10 11 13
881W2BUiMQ4XGfmeY4Y4n00,8,progressive,none,progressive,1 3 5 7 9 11 13 15
881W448gLQUF0W5bK6JY318,8,plain,none,mixed,2 2 4 4 8 12 13 19
881W22fWmaCn8qG4bReKDAa,8,distinct,none,distinct,2 3 4 5 7 11 13 19
881W35H8bIg8y7GAI18n4aK,8,progressive,none,distinct,1 2 6 9 10 11 12 13
881W4WG4GgM50WoNhGeYWmO,8,distinct,none,distinct,2 3 4 5 6 8 15 21
881WCdB2Y2oaa0GVMJ9Kzg9,8,progressive,none,distinct,3 4 5 6 10 11 12 13
881W10RioZ1GeH8OK8C5aA2,8,plain,none,mixed,2 2 4 4 5 10 13 24
881W0euicBqw8a81CfumQ88,8,plain,none,mixed,3 4 6 6 8 8 8 21
881W8a58G6I98eAW862shMf,8,plain,none,mixed,2 2 4 5 8 9 13 21
881W00WLqHD4A0GG6dvztJg,8,progressive,none,distinct,2 4 5 7 8 9 11 18
881W18qaY271n0OCA8yadaI,8,plain,none,mixed,1 3 4 9 9 10 13 15
881W220b1sneOS8PwfLAPiW,8,progressive,none,distinct,1 2 7 8 10 11 12 13
881W4YeOgD4YGXKgD5P3Y31,8,progressive,none,distinct,3 4 6 7 8 11 12 13
881W4IgDliiM940airbI8q0,8,progressive,none,distinct,1 3 6 8 9 11 12 14
881W2n2OHBfOqH0IAE55aiG,8,progressive,none,distinct,1 4 6 8 9 11 12 13
881WD0YWkg30W99uKF2GaWG,8,plain,none,mixed,1 4 4 4 7 13 14 17
881W10C859sqwe82139VgWX,8,plain,none,mixed,3 5 5 5 6 7 8 25
881W84GeC24J1YGeKF5qQD4,8,progressive,none,distinct,1 3 6 8 9 11 12 14
881W818-SY2XWG98aIDjB9K,8,progressive,none,distinct,2 3 6 7 8 10 11 17
881W771BcL8I0ZW85QLWGeY,8,plain,none,mixed,1 1 6 6 8 12 14 16
881W004KA4fQT14YJ94Y9pH,8,distinct,none,distinct,2 3 4 5 10 11 14 15
881W250ZApOWWA4qV7XmiWW,8,plain,none,mixed,3 4 5 5 7 12 12 16
881W8aMHi320YI29845rYeq,8,distinct,none,distinct,1 2 4 5 7 11 12 22
881W5B5WqYmWG848eU72nG4,8,plain,none,mixed,2 2 2 7 8 10 11 22
881W39ejbI5110GGA0qIAbA,8,plain,none,mixed,1 5 5 9 9 10 12 13
881W2Q58nP2XGKeKa52B3oG,8,progressive,none,distinct,1 4 5 7 8 12 13 14
881W5GAeYL9I41aZuubpeC4,8,distinct,none,distinct,1 2 4 8 10 11 13 15
881W2ID4imgKX888cZ2Hcmo,8,plain,none,mixed,3 3 5 8 8 10 13 14
881W1GOA4gJ240K94XeJ9aY,8,plain,none,mixed,2 2 3 4 9 10 12 22
881W1IeYZKv4WJBZQ91WXW4,8,progressive,none,distinct,2 3 6 7 8 11 13 14
881W842XDKgL2O0eI52eqOI,8,plain,none,mixed,1 3 4 7 7 9 12 21
881W4MGG8e4SgAAgLAaK424,8,plain,none,mixed,3 3 4 6 7 7 10 24
881W0WLRb4bI2GW8Oj5WSF3,8,plain,none,mixed,2 2 3 5 10 12 13 17
881WCcHqdL94XHWG8e7YGW8,8,progressive,none,distinct,2 4 5 7 9 11 12 14
881W842Gbh92He0yL9IWuOK,8,plain,none,mixed,1 1 3 7 8 10 14 20
881W1Gm5j452O9YfOj2cfoo,8,progressive,none,distinct,2 3 5 8 10 11 12 13
881W6R8mcGMeG52aA4cYmdI,8,progressive,none,distinct,1 3 4 7 8 11 14 16
881W2WnGA3XX210W8qNHOmK,8,plain,none,mixed,1 3 3 3 9 10 13 22
881W2HKiHOcYA4844b2MAia,8,progressive,none,distinct,3 4 6 7 9 10 11 14
881W4I0HKasIvGaGOB2GkJ2,8,distinct,none,distinct,1 2 3 4 5 13 17 19
881W410eSaZLX8CAaaHgD4e,8,progressive,none,distinct,2 3 5 7 10 11 12 14
881WALHGtIL5W14aNaML4IH,8,progressive,none,distinct,2 4 7 8 9 10 11 13
881W4muA82LQX885Ym72D4K,8,plain,none,mixed,2 4 4 5 5 6 11 27
881W1LYYoD0G0g8K6P9CaeY,8,plain,none,mixed,1 2 2 6 7 9 14 23
881W1HWWHI9cRKG84GiMrKm,8,plain,none,mixed,2 3 6 6 8 8 13 18
881W8GiiaIqcL817ePangSY,8,progressive,none,distinct,3 4 5 6 8 9 13 16
881W5HcKMJV0GB5qz33GB84,8,progressive,none,distinct,2 3 5 7 8 9 14 16
881W45E4e6Z1G8fqsJADkGa,8,progressive,none,distinct,2 4 6 7 9 10 12 14
881W220aq63In8G8u2n9Peo,8,plain,none,mixed,2 4 4 6 7 10 15 16
881W4qf5AMD6003vGfgHmuS,8,plain,none,mixed,2 3 5 6 6 12 14 16
881W2aGmSBb4WE2XHGlGKG5,8,plain,none,mixed,1 1 2 8 9 13 15 15
881W73XXPmHDe0WBFDXeaII,8,progressive,none,distinct,1 2 3 6 8 13 15 16
881W5nPeauaI00I5ms32WGA,8,plain,none,mixed,2 2 2 5 10 10 12 21
881W24lcbM8gX0dWjA8bT39,8,progressive,none,distinct,1 3 5 9 10 11 12 13
881W116SY3E4aP4JEUbnH31,8,progressive,none,distinct,2 3 6 8 9 10 11 15
881W0Km88y3142urSjQMH8a,8,distinct,none,distinct,1 5 6 7 9 10 12 14
881WCc2WmMAaAa0GGYHKwPE,8,plain,none,mixed,2 2 3 3 3 13 19 19
881W6LALMAaqQEaAaCYGOG0,8,progressive,none,distinct,1 2 4 7 9 12 14 15
881W2MB54IlBae5Af5I1aG4,8,plain,none,mixed,2 2 5 10 10 10 11 14
881W1EK5Yo4I228qwzcrh44,8,progressive,none,distinct,2 5 6 7 8 11 12 13
881W010ymgtAXYnHab4vXGa,8,progressive,none,distinct,1 4 6 7 8 11 12 15
881W0mTETBk4W58a8anvaR0,8,progressive,none,distinct,1 3 4 6 11 12 13 14
881W5IepHR5YIGW8IbWmrG0,8,progressive,none,distinct,1 2 5 7 10 11 13 15
881WA536P4kRGGANPZ2954W,8,progressive,none,distinct,2 3 5 7 9 11 12 15
881WElFWfZNYIGa80bXaDGG,8,plain,none,mixed,1 3 3 7 7 10 16 17
881W0ZWO95aoPHWmuDD1aY8,8,progressive,none,distinct,1 4 6 7 8 10 11 17
881W5HgJHaARXG6an6H0hLC,8,progressive,none,distinct,1 2 4 7 10 11 14 15
881W22fL6YF2Q0ILXnAK8M9,8,progressive,none,distinct,1 2 6 8 10 11 12 14
881W0UCCAHJ1W154MB7AqYn,8,progressive,none,distinct,2 3 4 6 10 11 13 15
881W2Y2WQD8IACWWpnB1WA4,8,plain,none,mixed,1 2 2 3 6 15 15 20
881W8bDKLQF181LAv92Cls1,8,progressive,none,distinct,1 2 4 9 10 11 13 14
881W24Xk8CH1Gp8cBQcYCYX,8,progressive,none,distinct,1 3 7 8 9 10 11 15
881WA50mb0JSYHO99CYWmOI,8,progressive,none,distinct,1 2 4 7 8 9 16 17
881W18Kt2XSWOGGIACiICYY,8,progressive,none,distinct,1 2 4 6 8 13 14 16
881W0lCYWIiOK9HAv94cWKK,8,plain,none,mixed,1 3 5 6 6 9 16 18
881WAB5Gme3XGQ88aD4wH00,8,plain,none,mixed,1 1 4 4 8 9 15 22
881W1dIOGMca20faNSZ0GCA,8,plain,none,mixed,1 3 4 7 7 8 15 19
881W9H8KQioGWH5eqT2H0G2,8,progressive,none,distinct,2 3 4 7 9 10 14 15
881W0jB9asGrOO75pHfAIA4,8,progressive,none,distinct,2 4 5 7 10 11 12 13
881W0WHTiaCEq4GMKh12CcI,8,distinct,none,distinct,1 3 4 5 6 8 15 22
881W19Lep8Z8aH0Y5HeJHOm,8,progressive,none,distinct,2 4 5 8 9 11 12 13
881W0ZHCcey088aQoIfGfMa,8,progressive,none,distinct,1 4 5 8 9 11 12 14
881W4ANB9c4Y90GqA534I49,8,plain,none,mixed,1 4 6 6 10 11 13 13
881W2yVbgg918P1CpFaee6W,8,progressive,none,distinct,2 4 5 7 8 9 14 15
881W4Y6AI54I22HuSh4bIuA,8,progressive,none,distinct,2 3 6 7 9 10 12 15
881W85GVXA9621GmNwhHXG8,8,progressive,none,distinct,1 2 3 5 10 11 15 17
881W10H5IlKY0e4GO9zIuYH,8,plain,none,mixed,1 2 4 8 9 13 13 14
881W8XGGJ6be4012XFbInas,8,plain,none,mixed,2 3 5 6 6 7 15 20
881W0WnLC7Y4GGIHPCinj8e,8,progressive,none,distinct,1 2 6 9 10 11 12 13
881W4IR39Iff680geqPM9E3,8,plain,none,mixed,1 2 4 8 9 12 14 14
881W0WGaQu25CWO55BcJ8K9,8,progressive,none,distinct,1 4 5 7 8 10 12 17
881W8YL8iEBJ3410Fa1SMAY,8,progressive,none,distinct,1 2 4 7 10 11 12 17
881W5IfLEaJA1G2GWGnfe42,8,plain,none,mixed,1 2 2 7 9 10 15 18
881W3YejxD52faW8u16CGmA,8,progressive,none,distinct,1 2 7 8 9 10 13 14
881WE10fHmqX2WHMDZHpvuW,8,progressive,none,distinct,1 2 3 7 9 11 15 16
881W2TEhOm4K8g14dZIZGgW,8,progressive,none,distinct,2 3 4 7 9 11 13 15
881W528aA62ea8K8K68qqiM,8,plain,none,mixed,2 2 5 7 8 11 12 17
881W194bCSAsY4W82snvL64,8,progressive,none,distinct,2 4 5 7 9 11 12 14
881W2M4ZH85If2Gmu10WE7C,8,plain,none,mixed,2 2 3 4 5 11 14 23
881W219Kp9L1XGkHKqy6GW8,8,progressive,none,distinct,1 3 6 8 10 11 12 13
881W020DD67JIgHGOj4ACaS,8,progressive,none,distinct,1 2 4 5 8 13 15 16
881W10aMmrPUaGGA8cboWf2,8,plain,none,mixed,2 4 7 7 8 10 12 14
881W41oN7L31GaOaqAAZv28,8,progressive,none,distinct,1 3 6 7 10 11 12 14
881W18iC592eGW431ZzL9oH,8,plain,none,mixed,3 4 4 5 7 7 9 25
881W8C6Sa64nWGaID7aPP44,8,plain,none,mixed,1 3 7 8 9 9 11 16
881W1eLA-GogIf0b44vYnu0,8,progressive,none,distinct,1 3 4 7 10 12 13 14
881W14W-J884P74YIeIA5K8,8,plain,none,mixed,1 2 5 5 7 11 11 22
881W8KA0gTB3XC0mTDL2qWH,8,progressive,none,distinct,1 3 4 7 10 11 13 15
881W576aSkZ142ef4nI1fL6,8,progressive,none,distinct,2 3 5 7 9 11 13 14
881W5HfJ-N1I98OKqKWn1g0,8,progressive,none,distinct,2 3 4 8 9 11 13 14
881W14ffERR1Go8w4FC5Deq,8,progressive,none,distinct,4 5 6 7 9 10 11 12
881W4iYLabDKY814D79XjDY,8,progressive,none,distinct,1 4 5 8 9 11 12 14
881WCgb4lMXY8M84OCwuXCG,8,progressive,none,distinct,1 2 5 6 9 10 14 17
881W90W8SyaoPEG44560WO4,8,plain,none,mixed,1 2 3 3 11 13 15 16
881W5AcAsL2eG8gc92b2XX0,8,progressive,none,distinct,1 3 5 6 8 12 14 15
881W0GX5wAQOHeeDPjv4nCY,8,progressive,none,distinct,1 4 5 7 8 12 13 14
881W31Hhrx2X11Wi41OIPGW,8,progressive,none,distinct,1 3 5 7 8 11 14 15
881W492WJBjK00YXp6318j2,8,plain,none,mixed,1 1 2 6 6 12 18 18
881W2H5CA42HvGG8S6J2hIE,8,progressive,none,distinct,1 3 5 7 10 11 12 15
881W4IfeKRAfKeKA99e6GG8,8,progressive,none,distinct,2 4 6 7 8 11 12 14
881W10X1-gLAYWOHKCLB1Ge,8,progressive,none,distinct,1 4 7 8 9 10 11 14
881W39WegSCO40WIC4bnuTA,8,progressive,none,distinct,1 5 6 7 8 9 12 16
881W22PGeOa94A12BMjEcH4,8,plain,none,mixed,1 3 5 8 8 11 13 15
881W0A1H8Yg72GWKnufioO8,8,plain,none,mixed,1 2 4 8 11 11 12 15
881W2rNIbYbr4YWDJ86K892,8,progressive,none,distinct,1 2 4 5 9 12 15 16
881W215DKi-F6HWiC8LfH98,8,progressive,none,distinct,3 4 5 7 9 10 12 14
881W8YnP94WG0av4gL4fKg2,8,plain,none,mixed,1 3 4 5 7 12 12 20
881W3I98ib1wrg9A1G2gWKC,8,plain,none,mixed,1 3 4 5 7 7 10 27
881W4cI848aY0YmeKBLWGCA,8,plain,none,mixed,2 3 3 6 9 12 13 16
881W4Ae8gMR7ZeaKOCg7c00,8,plain,none,mixed,2 5 5 7 7 8 11 19
881W4oOgTk52GeG4I6GW90e,8,progressive,none,distinct,1 2 4 8 10 11 12 16
881W299aob21OnOe0210cC7,8,plain,none,mixed,1 1 4 4 9 9 13 23
881W2ejgOK1G41AaCQ6a94K,8,plain,none,mixed,1 3 3 3 7 8 16 23
881W3Lg2Inf51YGKCe0GPak,8,plain,none,mixed,1 2 4 6 7 8 8 28
881W8iGrCuBf4G0sSB1FU21,8,plain,none,mixed,1 2 3 5 10 11 11 21
881W4XGna95Z94W8i0sHmaI,8,progressive,none,distinct,1 2 7 8 9 10 13 14
881W20aH4K2IL8YOALbJ9bK,8,plain,none,mixed,1 5 6 8 10 11 11 12
881W2Gh9LQAg98cePP0IuMI,8,progressive,none,distinct,1 3 6 8 9 10 13 14
881W20eQLGaZ24WGEtHowPX,8,progressive,none,distinct,1 4 5 6 10 11 13 14
881W8YYWe94dnaLwKk9Ga20,8,plain,none,mixed,4 4 5 6 6 7 9 23
881W52HG55E50WA595lWmGG,8,distinct,none,distinct,1 2 4 6 7 13 15 16
881W1GGeYGeJ9a429Ck50mG,8,plain,none,mixed,2 2 2 6 6 8 18 20
881W0W86Ic37X8ID75JDb0G,8,plain,none,mixed,3 3 4 6 6 8 14 20
881W8A4WebCwXm5DPjL2f82,8,progressive,none,distinct,1 4 6 7 8 11 13 14
881W72fKq90Y85Cc7KI9c70,8,progressive,none,distinct,1 4 6 7 8 10 13 15
881W118mWmOMS0qH8qaIB7a,8,plain,none,mixed,1 2 2 7 8 10 12 22
881W0G8ERCKgL88214IgLG8,8,plain,none,mixed,2 3 3 4 6 8 13 25
881W8meOjoA420H4fKbaXGm,8,plain,none,mixed,1 2 4 7 7 11 12 20
881W2GaYT2KI9H8cJR2WcIa,8,plain,none,mixed,2 3 5 7 7 12 13 15
881W75GKfOYH8IfqKB8A0WH,8,plain,none,mixed,2 3 4 4 7 9 14 21
881W04KIPiH6YcmoOfrqcI8,8,progressive,none,distinct,2 5 6 7 8 10 11 15
881W1Gufr42I8aOK69nsuSG,8,progressive,none,distinct,1 3 7 8 9 11 12 13
881W0WGOBOD6fOI9434X0IQ,8,plain,none,mixed,1 3 6 6 6 10 14 18
881W0pXKjoea9298We95Hab,8,plain,none,mixed,1 4 6 7 7 8 9 22
881W93XGLCbX0YH8SGZm8CI,8,plain,none,mixed,1 4 4 7 8 8 14 18
881W5PkrOK20212Pk12H84Y,8,plain,none,mixed,2 2 2 6 7 7 16 22
881W51tKSkLK80moefuRLB1,8,progressive,none,distinct,1 3 6 7 10 11 12 14
881W835WoQXH8gH8YH8qYom,8,progressive,none,distinct,1 4 6 7 8 9 14 15
881W3JfLQB8K00Y9-231G82,8,distinct,none,distinct,1 3 5 6 8 9 11 21
881W8WK8ALOX8gqSB5WJ970,8,plain,none,mixed,1 3 5 5 6 9 13 22
881W0714vODhD112eAMJHah,8,progressive,none,distinct,1 3 6 7 9 11 13 14
881W4SE69AU4H1DKAcYneI1,8,progressive,none,distinct,1 3 6 8 9 10 13 14
881W10qgsMbjAeA68BeKI-1,8,progressive,none,distinct,2 3 6 7 8 11 12 15
881W07OG9yoPaAGbahKKD4m,8,progressive,none,distinct,1 4 6 7 8 11 13 14
881W0OKc9R31898aKD5UKoA,8,plain,none,mixed,3 4 4 7 8 11 12 15
881W422WfKQga8eaP4ofSW8,8,plain,none,mixed,3 4 5 6 6 8 14 18
881W32EGe6F4Y0GuZ0jMbJ9,8,plain,none,mixed,1 2 5 8 9 9 9 21
881W32fONaI42048j4hcIv4,8,plain,none,mixed,1 3 4 5 11 12 12 16
881W10eKo9JZOGeMF5GOI32,8,progressive,none,distinct,1 4 5 7 9 11 12 15
881W2YO6295IfWG8q94iH8L,8,plain,none,mixed,2 5 5 5 6 8 12 21
881W014eD8b2YoD6ZcH2nPG,8,progressive,none,distinct,2 3 5 6 9 11 13 15
881W0ZHL3YP0GA5IIPAZemG,8,progressive,none,distinct,1 4 6 7 8 11 12 15
881W1MSRSXQee13IQBAIcMP,8,progressive,none,distinct,3 4 5 6 9 10 13 14
881W11GWG4XvHecH8o8oH4e,8,plain,none,mixed,1 3 5 6 7 10 16 16
881W08QqgLE7H92H894yU42,8,progressive,none,distinct,2 4 5 7 9 10 13 14
881W19ZbZ8C51WGWFob2WX8,8,plain,none,mixed,1 1 3 8 10 10 12 19
881W2YX9CUjeGHoYi6imK88,8,progressive,none,distinct,1 3 5 8 9 10 13 15
881W921JWK442GbAZnNBXm8,8,plain,none,mixed,3 3 3 4 6 6 18 21
881W0G7L9g92nHGaB642lq2,8,progressive,none,distinct,1 2 5 6 9 12 14 15
881W94n8oRHA002bIklHW84,8,progressive,none,distinct,1 3 5 6 8 10 14 17
881W41uqZHA8aG02gL2tIX8,8,progressive,none,distinct,1 2 5 8 9 10 13 16
881W5H8clQTOA0WLXMYGGOf,8,plain,none,mixed,2 2 5 6 8 12 14 15
881W0402L695R2eqQFMIHEi,8,progressive,none,distinct,1 2 6 7 9 11 13 15
881W21ALOgKKA14A5D3XI91,8,plain,none,mixed,3 4 4 4 10 11 13 15
881W32aM7Xer0ZZzi65J892,8,progressive,none,distinct,2 3 5 7 9 10 12 16
881W8RGmh9L8aW94UIiSIW8,8,progressive,none,distinct,1 3 5 6 9 11 13 16
881W062YcQiXXI5IL4o9OuW,8,plain,none,mixed,2 2 3 7 8 12 12 18
881W1GoN828g11IYI9bsOea,8,progressive,none,distinct,2 3 6 8 9 10 12 14
881W72XH8K9er8WAi6Ge484,8,progressive,none,distinct,1 3 5 6 7 9 11 22
881W2IAvDQ94WGGm-gHB0W8,8,plain,none,mixed,1 2 7 8 8 9 14 15
881W1ElKP9wpm0b493PSaeY,8,progressive,none,distinct,1 2 6 8 9 11 12 15
881W2aRw91XbH4bYeiJKn24,8,plain,none,mixed,1 5 5 7 8 8 12 18
881W9CafnYwXq8IoM779OeW,8,progressive,none,distinct,1 2 6 7 8 9 14 17
881W1HD79djAW0AIQKQjej2,8,progressive,none,distinct,2 4 5 7 8 11 13 14
881W4YCA4bIP50G0G8LNejY,8,plain,none,mixed,1 4 5 6 7 7 9 25
881W0eZbYC2100IXCjR9bZn,8,progressive,none,distinct,1 2 5 8 9 12 13 14
881WDMMB5A9bKaGX229GoIG,8,plain,none,mixed,2 4 4 6 8 9 10 21
881W5WH8aQM0I14akqoeaKA,8,distinct,none,distinct,1 2 6 7 8 11 12 17
881W8qKeKMeQ5GKeH2GeI8g,8,plain,none,mixed,2 2 2 3 8 11 13 23
881W110ZpHcLI8aAFmGeKaW,8,plain,none,mixed,1 4 4 6 7 8 11 23
881W48TvHY51mnWagQh5DaA,8,progressive,none,distinct,1 5 6 7 9 11 12 13
881W9YXK6LGO8H1bEdR8bAW,8,progressive,none,distinct,1 2 3 7 10 11 14 16
881W80p4XcAICLblqwvAGe8,8,progressive,none,distinct,1 4 5 6 9 10 13 16
881W4cXaaoKA0W5fAfSZWG8,8,plain,none,mixed,1 5 5 6 9 9 12 17
881W21WqbYugK00C9GMBLAv,8,progressive,none,distinct,1 2 5 6 9 10 15 16
881W8nKeePHKGe56gZIWQSe,8,progressive,none,distinct,2 3 6 7 10 11 12 13
881W442W4Q1n8aXWM42H8iK,8,plain,none,mixed,1 1 3 4 6 7 18 24
881W18aQ5A4rG0YH96lCM8A,8,plain,none,mixed,1 3 4 7 11 12 13 13
881W851WLqgWeKfuX2XnOeI,8,plain,none,mixed,2 2 4 5 8 11 13 19
881WALICI92Wu0m84D6M4IB,8,plain,none,mixed,1 3 5 5 9 10 11 20
881W6obMJKO21082j68WJOK,8,distinct,none,distinct,1 2 4 6 7 12 14 18
881WA1mYcL752YG8BH55QbY,8,progressive,none,distinct,1 5 6 8 9 10 12 13
881W4OapAIdi62HQB99KGy2,8,plain,none,mixed,2 2 7 8 8 11 12 14
881W00PEqPDZ210WPgLKmao,8,progressive,none,distinct,1 3 5 6 9 11 13 16
881W8a4WG9ET6W8cH314Y9Y,8,distinct,none,distinct,1 2 3 4 5 12 14 23
881W0gNBIc8A0XIchJOXWW0,8,plain,none,mixed,2 4 6 6 6 7 10 23
881W8b9Yo9PCGOAX7IfKzW0,8,progressive,none,distinct,1 2 6 8 9 10 11 17
881W0G47gi_V888L4WYPNOH,8,plain,none,mixed,2 4 5 6 6 7 9 25
881W2Woi8Wqy852PDRAYGiO,8,progressive,none,distinct,1 2 4 8 9 11 14 15
881W2WmLAYEtWWYL9LHAOKC,8,plain,none,mixed,2 5 6 8 10 11 11 11
881W81ue4c4IHOH4YLNCHCa,8,plain,none,mixed,2 3 5 9 10 10 10 15
881W0dZm452IGf5I9Ox0WC4,8,distinct,none,distinct,1 2 5 7 8 10 15 16
881W612YC731X2XWG4H1agr,8,plain,none,mixed,1 2 5 5 7 8 15 21
881W0aI8YE6Wmc0mKAavuI8,8,plain,none,mixed,2 2 4 8 9 9 11 19
881W31SZAR8qI8W82692oX6,8,plain,none,mixed,1 1 5 9 10 11 13 14
881W198CL6cZ2WQD6UM0Ii6,8,plain,none,mixed,2 2 6 7 8 11 13 15
881W080GABOaI9SiMA10GXG,8,plain,none,mixed,1 1 3 5 8 10 14 22
881WA4YDGO8I2WO47qsI8aK,8,progressive,none,distinct,1 2 4 7 10 11 13 16
881W0GWLKMJQB4WT8cg594a,8,progressive,none,distinct,1 3 7 8 9 10 12 14
881W6ZrdgmimeCe815Dc-GG,8,progressive,none,distinct,1 2 5 7 8 9 15 17
881W296B2Y1FGHCfLgb9iW0,8,progressive,none,distinct,1 3 6 7 9 10 12 16
881WA611IaIPYH2Ifco98KC,8,progressive,none,distinct,2 3 5 7 8 9 11 19
881W16AKjAH8cI9LMA950W8,8,progressive,none,distinct,1 3 6 7 9 11 13 14
881WCGIGIM6K2XHOFat5m82,8,progressive,none,distinct,1 2 4 6 9 13 14 15
881WCYHwM85A0YYI99IWeaY,8,progressive,none,distinct,1 5 6 8 9 10 11 14
881W0eC6x8qZ1eiG441Sie4,8,distinct,none,distinct,1 2 4 5 8 11 13 20
881W631chc72pKGC2a2Hf28,8,progressive,none,distinct,1 3 4 8 9 11 13 15
881W8GmAaHw5W892eqMrqeu,8,plain,none,mixed,1 4 6 7 10 10 11 15
881W6114QbZ0GB9eS42HPOW,8,distinct,none,distinct,1 2 4 5 6 12 14 20
881WCMAo-LJ7H46LL8J0vY0,8,progressive,none,distinct,1 4 5 8 9 10 12 15
881W9AbAXGB3HOXGhL6e808,8,plain,none,mixed,3 4 4 5 5 5 12 26
881W59amCX8pWGeSj2MIXD2,8,plain,none,mixed,1 1 6 8 9 11 11 17
881W233aYg2ieCggqbIPr4W,8,progressive,none,distinct,1 4 6 7 10 11 12 13
881W0YnKS61mf50WuQKhG44,8,plain,none,mixed,2 3 3 4 7 8 15 22
881W1eidILCuX0cQ8BmS8e2,8,progressive,none,distinct,1 4 5 8 9 11 12 14
881W6LAL6devXW553fZe8K8,8,progressive,none,distinct,1 2 4 8 9 12 13 15
881W1ZA6B9sOYH8pvN0qH02,8,progressive,none,distinct,1 4 6 8 9 10 12 14
881W6314LAf5S211QWGHHEq,8,plain,none,mixed,1 2 2 2 6 13 15 23
881W61GOCCaKgR9aJAWqoR0,8,progressive,none,distinct,2 4 6 7 8 11 12 14
881W2fAPAeoXcn831BW78P4,8,plain,none,mixed,1 1 3 8 8 10 16 17
881W4Lf4Qz4S40HdjCCcG82,8,progressive,none,distinct,1 2 5 7 9 10 11 19
881W54NbqgL4fODW5fCX132,8,progressive,none,distinct,1 3 6 7 8 11 13 15
881W0CHC_HZn962X6bHdA8G,8,progressive,none,distinct,1 3 5 7 8 9 15 16
881W73HauL9aaG0144AZPGe,8,progressive,none,distinct,1 4 6 7 8 10 13 15
881W213XIa94j4GrA3HeeaG,8,plain,none,mixed,1 5 6 6 8 9 11 18
881W0GI88O5YGbGOA6oTKeL,8,progressive,none,distinct,1 4 6 7 8 11 12 15
881W0eOKqb9bWmgTD4bXAG8,8,progressive,none,distinct,1 3 4 6 10 11 14 15
881W0O9DOuaW8G8KKCdHkUA,8,progressive,none,distinct,1 3 4 6 8 9 16 17
881W1XmrAA2gX4KPCpmAu85,8,plain,none,mixed,1 4 5 9 9 11 12 13
881W0WX31JiO5XGwH9OWWOY,8,plain,none,mixed,1 1 3 4 6 9 18 22
881W84DJXQC208YfBdLgcGW,8,progressive,none,distinct,1 2 5 6 8 10 15 17
881W3XdJ9c10Xb8KI1H462O,8,plain,none,mixed,1 1 3 5 7 10 17 20
881W18aApz5IYGG48YKh1OA,8,plain,none,mixed,3 3 3 4 5 6 11 29
881W8WYXGC318bPaoQ8W841,8,plain,none,mixed,1 2 4 5 7 7 13 25
881W245wycL2UCXxnZ418X2,8,progressive,none,distinct,1 2 6 7 8 12 13 15
881W4IRFW8Z18X08C52aOiv,8,plain,none,mixed,1 5 5 6 8 10 12 17
881W0AOeOD6r012XXuVIgPA,8,progressive,none,distinct,1 3 4 7 9 10 13 17
881W4cGr6emK95f6Id5ZGO0,8,progressive,none,distinct,2 3 5 6 7 12 14 15
881W8eaIJJX0XA8446R9GA9,8,plain,none,mixed,1 2 4 4 10 10 16 17
881W0AsKVDggGs3ogGs4dAG,8,progressive,none,distinct,2 5 6 7 8 9 12 15
881W5bopPemqB012W5LgrM4,8,plain,none,mixed,2 4 6 6 7 9 11 19
881W02Z2W4aYvGWWaJ5YvQs,8,plain,none,mixed,1 3 3 5 7 14 15 16
881W0e1F0TGH8qWUL9bbtAI,8,plain,none,mixed,2 2 2 2 11 12 15 18
881W1GeY9KZzmOA64kKIG4a,8,plain,none,mixed,3 3 4 5 7 9 16 17
881W15X0921fKw5WuC1OmGG,8,plain,none,mixed,1 2 2 4 5 10 17 23
881W22CcJ53H0HWmuI8SOLC,8,plain,none,mixed,3 3 4 5 8 8 13 20
881W96B5fiwjAK1XcH292j0,8,progressive,none,distinct,1 3 6 7 9 10 13 15
881W6toLSz1WG2G4KL0Zg31,8,plain,none,mixed,2 2 2 3 9 10 15 21
881W10I8qPv70XAJB4QGmG4,8,progressive,none,distinct,2 3 5 6 9 12 13 14
881W10WKG854XGI95bcp0WG,8,plain,none,mixed,2 2 3 5 8 10 15 19
881W5062pkYmG1CQjHX0mZ3,8,plain,none,mixed,1 2 4 5 6 6 17 23
881W6JgLHHeqA8WeKM10Ws0,8,plain,none,mixed,2 2 5 6 9 11 12 17
881W2IAP21agICSboe230A8,8,distinct,none,distinct,1 3 5 6 7 8 10 24
881W32H4gTV2YW86iaegGWG,8,progressive,none,distinct,1 4 5 8 9 11 12 14
881W114A94qSGWcLBzM94b0,8,progressive,none,distinct,1 3 4 9 10 11 12 14
881W4XX8aHfOSGWIq2D0yO9,8,progressive,none,distinct,1 3 6 7 8 10 13 16
881W8ap4YhAL9b8OMf8YW80,8,progressive,none,distinct,2 4 5 8 9 10 11 15
881W13A94IG4127lIv4Z2XG,8,plain,none,mixed,2 3 5 5 7 7 11 24
881W631g5bAb70I494p21KY,8,plain,none,mixed,1 3 3 6 6 12 16 17
881W50B2U9AbWB9q8bPDDWW,8,progressive,none,distinct,1 2 6 8 10 11 12 14
881W0aWQDB5cwZCcIAS04IY,8,progressive,none,distinct,1 4 6 7 8 11 13 14
881WD0YWwQ10W8T-JAYHaWG,8,progressive,none,distinct,1 2 4 9 10 11 13 14
881W1Ij8Jej0WGmKfGaJHPG,8,distinct,none,distinct,3 4 5 6 8 11 13 14
881W54Y8b5G61A9M7ZLeKGG,8,progressive,none,distinct,1 2 3 6 8 12 15 17
881W10n8-P4IGO84KCP8aiI,8,plain,none,mixed,1 4 5 6 11 11 12 14
881W10YOKFD6958K9c4WeC4,8,plain,none,mixed,1 4 6 7 8 11 11 16
881W1HeqEaw0WWGA6N0vmO4,8,progressive,none,distinct,1 2 4 9 10 11 13 14
881W0GF4MI90OWicC219FK9,8,distinct,none,distinct,1 2 5 6 7 8 16 19
881W1G843XaJD4G52XuaGGG,8,plain,none,mixed,1 2 2 5 7 8 12 27
881W2fKqQie0e8K62161DM6,8,plain,none,mixed,2 3 3 6 7 7 14 22
881W20OFgr6IGuW4AKx4bCG,8,progressive,none,distinct,1 4 5 8 9 10 12 15
881W92I4EAbgr83o96934O8,8,progressive,none,distinct,1 4 5 7 9 11 12 15
881W0eKP2XDcK8WL9ban80W,8,plain,none,mixed,1 2 2 7 8 13 14 17
881W0WOuaA62H4G8C92sPAa,8,progressive,none,distinct,1 5 6 7 8 9 12 16
881W1nM84IQD1WwgGm0WYGe,8,plain,none,mixed,2 3 3 4 8 9 15 20
881W1YQBeu6Ien0aiKRmpPP,8,progressive,none,distinct,1 3 6 8 9 10 13 14
881W29OKq2BQ50WI6DcMIeI,8,plain,none,mixed,1 5 6 6 9 11 12 14
881WA515KGcoC18TKrgbpLX,8,progressive,none,distinct,1 2 5 8 9 11 13 15
881W1Wgk8K6No58KDBIM4ca,8,progressive,none,distinct,2 4 6 7 9 10 12 14
881W4QEhKAQ10WKaH9aX1WG,8,plain,none,mixed,2 3 6 6 9 10 10 18
881W7WpPDbIg012nWWaGeGG,8,plain,none,mixed,1 1 2 5 6 11 18 20
881W8Xejo6421KX8eBCbb2W,8,plain,none,mixed,2 3 5 5 6 8 15 20
881W4YYtg1OaH0ugAf9Wn2H,8,progressive,none,distinct,1 5 6 8 9 10 12 13
881W0WAyKc510WmaI7aNYH8,8,progressive,none,distinct,1 3 6 7 8 12 13 14
881W90aQgB2GWAOCA74Hqf2,8,plain,none,mixed,1 1 5 7 9 13 13 15
881W2If3YqA7H0Y5nOLQiWW,8,plain,none,mixed,2 2 4 5 6 9 18 18
881W21GuqUUf8a2688Z4ID4,8,progressive,none,distinct,1 4 5 8 9 10 12 15
881W252GsB52Yg8K6iI0qWG,8,progressive,none,distinct,1 2 7 8 9 10 12 15
881W83DeyTH10O542K9-ZAb,8,plain,none,mixed,1 2 6 8 10 10 12 15
881W40YekSk6B50Ge-4GeqK,8,progressive,none,distinct,1 3 5 8 10 11 12 14
881W1GmeD5QfGaYK9CXK8IH,8,progressive,none,distinct,1 5 6 7 8 11 12 14
881W4WfIoM82950WZNWqfqQ,8,plain,none,mixed,2 2 6 8 9 11 12 14
881W9Gh2KP4I0ZGOIEJ1XeI,8,distinct,none,distinct,1 2 5 6 8 12 14 16
881W2Z949I92mM31zc350cA,8,plain,none,mixed,1 3 3 8 9 12 13 15
881W20XWkKcbA8eKPT194U8,8,plain,none,mixed,1 4 6 7 9 9 11 17
881W9494MSA5oWGe85BLCI9,8,progressive,none,distinct,1 3 5 8 10 11 12 14
881W8nOgIX1iI8LDd5YmHa2,8,progressive,none,distinct,3 4 7 8 9 10 11 12
881W31aggHaoW8mOA0N8ibe,8,distinct,none,distinct,1 2 5 7 9 11 14 15
881WA61Mn4Z4I9Gef6aIOeW,8,plain,none,mixed,2 3 4 8 10 10 13 14
881WB1WI97ZKg810X8X0KOX,8,plain,none,mixed,1 2 2 5 6 9 15 24
881W2f1WvQH8WG24K51aoOK,8,plain,none,mixed,2 2 3 4 9 14 14 16
881W5CGeKA10v4XmO1OikK8,8,distinct,none,distinct,1 3 5 6 8 10 12 19
881W10eLKqdJ50OHEaBiCcP,8,progressive,none,distinct,1 2 7 8 10 11 12 13
881W2HOn8cAS40a514d7GeI,8,plain,none,mixed,1 2 5 6 8 8 17 17
881W8Y9ayK6YXG10M32LeOC,8,plain,none,mixed,2 2 5 7 8 10 12 18
881W1Y9f4o73HaeOoKYc820,8,plain,none,mixed,2 2 6 7 8 9 10 20
881W3159CZlMC80LOr1IXB9,8,progressive,none,distinct,1 2 3 8 10 12 13 15
881W86QEsgJ9H05POfKCj2H,8,progressive,none,distinct,3 4 5 7 9 11 12 13
881W81GKfRMC8835fUfoOs9,8,progressive,none,distinct,2 3 6 7 8 11 13 14
881W5CgLAMEaA01862WWobH,8,progressive,none,distinct,1 3 4 8 10 11 13 14
881W4I8aJ9HeXW85IY18yIH,8,progressive,none,distinct,1 4 5 7 8 12 13 14
881W6bHaDGsQOr3cD7IIim0,8,progressive,none,distinct,3 4 5 6 9 10 13 14
881W2HHek33Hefeq6F55481,8,progressive,none,distinct,2 3 5 8 9 11 12 14
881W0LRgbAgbPHXWkW0i5AA,8,plain,none,mixed,1 3 4 4 6 11 13 22
881W94YmFAF1iWAK9B2GaYA,8,progressive,none,distinct,1 4 6 8 9 10 12 14
881W11GeN4bKXG843p9XWWA,8,distinct,none,distinct,1 2 6 7 8 11 12 17
881W21oO012gI0aZHWgbIpP,8,plain,none,mixed,2 2 3 6 6 7 11 27
881W4WnLCMsRx18vYGWROA9,8,progressive,none,distinct,1 3 4 7 10 12 13 14
881W8WPa-1a10ZKg9B6mwL6,8,progressive,none,distinct,1 4 7 8 9 10 11 14
881W2CdQYIL0C0dag4iLg4H,8,progressive,none,distinct,1 3 5 6 9 10 14 16
881W21KgSJoYI8444qfaYOK,8,progressive,none,distinct,1 5 6 7 8 10 12 15
881W214bIPF9WecA44YXL10,8,progressive,none,distinct,1 4 5 7 9 11 12 15
881W0G894CfSg8YA621YbIY,8,plain,none,mixed,3 3 4 7 7 8 11 21
881W2XMnGeuSIW2WIA79aro,8,progressive,none,distinct,1 4 6 8 9 10 11 15
881W2YHuoOA8K0KAn5aH8I9,8,distinct,none,distinct,2 4 5 6 9 11 12 15
881W90ujCIDa20X8XT9b8eK,8,distinct,none,distinct,2 3 4 7 8 9 15 16
881W1GniI8KA0WiHGiI70G8,8,plain,none,mixed,1 1 5 5 9 10 11 22
881W0CgSM962220G8dDqwC6,8,plain,none,mixed,3 3 4 4 9 12 13 16
881W0yI6YIIK1g4qHeagt8I,8,plain,none,mixed,1 2 6 7 7 9 12 20
881W1KPEwj11I68e8XQmPYG,8,progressive,none,distinct,1 5 6 7 8 10 13 14
881WA31GeSsZGA544AGeK88,8,plain,none,mixed,1 3 4 7 7 9 12 21
881W53TYYWh0W8GCf8iYMv4,8,plain,none,mixed,2 4 5 5 8 8 15 17
881W0WH0K1EeWWgMRB5R9mu,8,progressive,none,distinct,1 3 6 8 9 11 12 14
881W2119e5YnF4W9OCMWGK8,8,plain,none,mixed,1 2 3 4 9 9 17 19
881W2J335OeOG25hAkNAdLO,8,progressive,none,distinct,1 2 6 8 9 11 13 14
881W1GaRCbC0WWWC53aOgCs,8,progressive,none,distinct,1 3 4 7 9 12 13 15
881W4YHax9cPAW03rIAZG8H,8,plain,none,mixed,2 3 4 7 10 10 11 17
881W0GfDMHLA429Tyx9c8C6,8,progressive,none,distinct,2 3 6 7 9 10 13 14
881W5XiviA7210GGi30MI9a,8,progressive,none,distinct,1 3 6 8 9 10 13 14
881W4WX39qc52APGVEA94Wa,8,progressive,none,distinct,1 2 3 9 10 11 12 16
881W0G5LqA9RIaGJMCoHB64,8,progressive,none,distinct,1 3 4 5 9 11 13 18
881W90Xa5A2IX2WGGFdJKgB,8,progressive,none,distinct,1 3 6 7 8 9 11 19
881W252G4Q12G9BLkkZH8WG,8,progressive,none,distinct,1 4 5 8 9 10 13 14
881W0WgL3XiqYX0KA5eyGKI,8,progressive,none,distinct,2 3 6 8 9 10 12 14
881W1bdeIAbGOA4IHH4bw8f,8,progressive,none,distinct,3 4 5 7 8 11 12 14
881W2Gw5A1j1WGKYIOdFm88,8,plain,none,mixed,1 2 4 9 9 10 10 19
881W8X1r6GeeJ0rJqMTB4O4,8,progressive,none,distinct,1 3 4 6 9 11 14 16
881W4sMxJO4Y228iGh3Woq2,8,progressive,none,distinct,1 3 5 7 9 12 13 14
881W86WSCM7oiaGfYmbAGiG,8,progressive,none,distinct,1 2 6 7 9 10 14 15
881W495Z9jAYcH8nhc2H8m0,8,progressive,none,distinct,1 4 6 7 8 11 13 14
881W4H4acXINR0GAi2XfNE4,8,progressive,none,distinct,1 5 6 8 9 10 11 14
881W0J8K231aA2nOzEbI8K9,8,progressive,none,distinct,1 5 6 8 9 10 11 14
881W310eecIWm8GADMZIL0W,8,plain,none,mixed,1 2 4 6 11 11 13 16
881W0G4dK42mePWeKA5JAl0,8,plain,none,mixed,1 2 3 5 5 14 15 19
881W0AI8KKIPQeariI94245,8,plain,none,mixed,2 3 3 6 9 10 10 21
881W04HGZIjHOIWm95aikZI,8,plain,none,mixed,3 3 4 4 6 14 15 15
881W2fGaOOC4X0G86gsV200,8,plain,none,mixed,1 2 4 4 4 9 12 28
881W8Z18bFAaoe106QCum8S,8,plain,none,mixed,1 1 5 6 8 12 15 16
881W1H7VarSICb2IIPJ2Ye0,8,plain,none,mixed,1 3 7 8 8 11 13 13
881W21nWG8K914eLImy210X,8,plain,none,mixed,1 1 5 5 7 8 8 29
881W62ZCHaA2H1IT5s6J8Y9,8,progressive,none,distinct,1 3 5 6 10 12 13 14
881WCb1W-I0bG5CcaoQGuYG,8,progressive,none,distinct,2 3 5 6 10 11 12 15
881W0eOWe992cGMAFi52oG8,8,distinct,none,distinct,1 3 4 5 11 12 13 15
881W0GObbrRcY0aG8eb5K-7,8,progressive,none,distinct,2 3 4 7 9 12 13 14
881W497aOCHl852Lp9NJnL8,8,progressive,none,distinct,1 5 6 7 9 10 12 14
881W56ZXn12aGIIX58aoTGm,8,plain,none,mixed,2 3 3 6 8 9 10 23
881W0WMYDbJ1vH4OCAMaoM8,8,progressive,none,distinct,1 3 4 6 10 12 13 15
881W4cnLQJ9KYHHGiI12G82,8,progressive,none,distinct,3 4 5 8 9 10 12 13
881W53WGOeX18Y98KL3neqL,8,distinct,none,distinct,2 3 5 7 9 11 12 15
881W1WmKA9Gu00A4231YnKi,8,plain,none,mixed,2 3 3 4 6 6 19 21
881W4XGHO62aJGGGfArOS84,8,plain,none,mixed,2 3 5 5 7 11 14 17
881W2qgR9Oq90YAC2IY6104,8,plain,none,mixed,1 2 5 5 7 9 13 22
881W4aHYuK55a8HfJ2Yx5WG,8,plain,none,mixed,1 6 7 7 7 8 12 16
881W5310eL1WGAH8IH2X8uS,8,plain,none,mixed,2 2 3 6 6 7 19 19
881W252l1D8YOc087MQkNr8,8,progressive,none,distinct,1 4 5 6 8 9 15 16
881W8gfrAfCI10TII6A1282,8,plain,none,mixed,1 6 6 7 7 8 10 19
881W0o948542P9WmWHhnuA6,8,plain,none,mixed,2 2 3 6 6 7 12 26
881W4IH6oP2n8e84452NAhW,8,progressive,none,distinct,2 4 6 8 9 10 12 13
881WC6kMoQHYmq0MP9QbYBK,8,progressive,none,distinct,2 4 5 8 9 10 11 15
881WAII7CYHC8W3n9KfRdJQ,8,progressive,none,distinct,2 4 5 7 8 11 12 15
881W424kh7xoG0aKLENOD52,8,plain,none,mixed,2 2 4 5 9 12 14 16
881W1N9aG6Yo428bgpXWGaO,8,plain,none,mixed,1 2 5 6 8 10 16 16
881W6pPJfnN9W8aHMYqWLG0,8,distinct,none,distinct,2 3 6 7 8 9 13 16
881W1GWI4MB530G821N3BbI,8,distinct,none,distinct,2 3 5 7 8 9 11 19
881W5pGhPUZ10GW8II2QZH4,8,plain,none,mixed,2 3 6 7 7 10 12 17
881W62nKA6a614C6Ar8YWG5,8,plain,none,mixed,1 4 5 5 6 13 14 16
881W2I10OaXXHCeScLOq8A8,8,distinct,none,distinct,1 3 4 5 6 7 12 26
881W63IPCIf8aa0g4Q99GeP,8,progressive,none,distinct,1 4 5 8 10 11 12 13
881W21YL-D4GeHGeOOXnH8X,8,progressive,none,distinct,1 2 3 6 8 12 15 17
881W2HHeLogLF18f92nb0W1,8,progressive,none,distinct,1 3 6 7 9 11 12 15
881W20xuyEGeI4mj6S8YI30,8,progressive,none,distinct,1 3 4 6 7 10 16 17
881WDMkfa-7Y8K8aCAGQI4W,8,progressive,none,distinct,2 3 5 8 9 11 12 14
881W21GeIx4NImCA2Iv1KaK,8,progressive,none,distinct,1 4 6 7 8 11 13 14
881W9D0WiQOQCPWK3MI9GhG,8,plain,none,mixed,1 2 7 7 10 11 13 13
881W319ObI60WH4Y3P2oZHm,8,plain,none,mixed,1 2 5 8 9 11 14 14
881W1cpOWGuS10f5Kg31WmI,8,distinct,none,distinct,2 3 5 6 8 9 10 21
881W11WbBxcZ8cX4a6LYGCH,8,progressive,none,distinct,1 4 5 8 10 11 12 13
881W0Z0R8CaaIAX8LHkH8ei,8,plain,none,mixed,1 1 6 6 8 11 11 20
881W8ALDgp6imOj1B5Zq300,8,progressive,none,distinct,1 2 5 9 10 11 12 14
881W8H4KI92Ym9FdplHOd00,8,plain,none,mixed,3 4 6 6 6 10 14 15
881W1EJHeIb4W0JXhqLCoO8,8,progressive,none,distinct,1 2 7 8 9 10 12 15
881W4m84Q84450KBbs90WG8,8,plain,none,mixed,1 2 3 3 6 8 20 21
881W00WMLLBWp252bqtAmoX,8,progressive,none,distinct,1 4 6 7 8 10 13 15
881WD4cCC6jOO0ZIA4anfJ4,8,progressive,none,distinct,1 3 5 7 8 11 13 16
881W8ZWOaXgkN8DCOKiWmG4,8,distinct,none,distinct,2 4 5 7 8 11 13 14
881W15eq6242IB000r2WoTE,8,distinct,none,distinct,1 2 3 4 6 9 12 27
881W9SXGeYI9KX0e841mA63,8,plain,none,mixed,1 2 2 6 8 8 15 22
881W3grLIq-sB00Ia70I9OX,8,progressive,none,distinct,2 4 5 7 9 11 12 14
881W90g4KC4SWcanP919AbL,8,plain,none,mixed,1 1 4 7 8 10 14 19
881W54QBGUg4XHH82cAnZn4,8,progressive,none,distinct,2 3 7 8 9 10 12 13
881W0WKJ4A5Ko8aQD655Ea4,8,progressive,none,distinct,1 4 5 7 9 11 13 14
881W8hDA5O0um0hMbBbsKCC,8,progressive,none,distinct,1 4 5 7 9 11 12 15
881W0ZMXMG5YX21e6LQgvbI,8,progressive,none,distinct,1 4 5 8 9 10 12 15
881WCgPOkeo8XA094Z5J6G4,8,progressive,none,distinct,1 2 3 9 10 12 13 14
881W0G86T63ZKGcI92IPG2f,8,distinct,none,distinct,1 2 3 6 7 12 14 19
881W0WXAgGuOmP2a94lGaqY,8,progressive,none,distinct,1 4 5 8 10 11 12 13
881W93XagsZMIiH4X4r28M8,8,progressive,none,distinct,1 3 5 7 8 12 13 15
881WB50fgeC52H8G6MXRf4Y,8,progressive,none,distinct,1 2 6 7 9 11 13 15
881W21WsQKI2vG865G4I4qh,8,progressive,none,distinct,1 3 4 7 10 12 13 14
881W4mQYH8fI8ZbIB9KW941,8,progressive,none,distinct,1 2 7 8 9 10 11 16
881W2agGB42XIA0G8qScGq2,8,plain,none,mixed,1 2 2 4 8 9 18 20
881W443MO92JHXbY935AaiY,8,plain,none,mixed,1 3 6 6 8 10 13 17
881W18uzcNe294GG3D34IG6,8,progressive,none,distinct,1 2 4 5 8 11 16 17
881W10fQT8aQ914Z9aD6101,8,plain,none,mixed,2 2 2 4 10 11 11 22
881W6Dkx2gNg00994r4Jo4I,8,plain,none,mixed,2 3 6 6 6 10 14 17
881W08b35MDAcGeUIf952W8,8,plain,none,mixed,3 4 4 4 8 13 14 14
881W2I94TAwp9G86g3YPOW1,8,progressive,none,distinct,1 3 5 9 10 11 12 13
881W53Xu4BGaI0GEkaIAr2X,8,distinct,none,distinct,1 2 4 6 8 9 12 22
881W0GA5HcjQAH0N97IfeKH,8,plain,none,mixed,4 4 5 6 8 9 11 17
881W97292H1GOK8iaAD5-PC,8,distinct,none,distinct,2 3 4 5 6 10 14 20
881W2Q95XE2X94GGi5JHOb8,8,progressive,none,distinct,1 3 6 7 8 11 13 15
881W9AbCKB78XG3290qhX84,8,distinct,none,distinct,1 2 6 8 9 10 13 15
881W0HIfMjQjMW4eMI95021,8,progressive,none,distinct,2 4 5 6 7 11 13 16
881W0mTGWB7ZH10WC5KWfJ9,8,plain,none,mixed,2 2 3 6 8 12 15 16
881W0GIf1Oo7Qn0kL5IbKi5,8,progressive,none,distinct,3 4 5 8 9 10 12 13
881W2CYGKn7numf8c4gac26,8,progressive,none,distinct,1 3 4 5 9 12 14 16
881W4AYXOaQuu0YyDCeK6A2,8,plain,none,mixed,2 2 4 5 6 9 14 22
881W3Pph1xmaXGGcCX4befW,8,progressive,none,distinct,1 3 6 7 9 11 12 15
881W9CGKoQ94Z1WG24SAmfK,8,progressive,none,distinct,1 2 5 8 10 11 13 14
881W8aB4QJ8YYW0GTi5Ew94,8,progressive,none,distinct,1 3 6 8 9 10 12 15
881W008aIT7YGhHeoMQrG84,8,progressive,none,distinct,1 5 6 7 8 9 12 16
881W6JA8y4ZHOSWmK42weG0,8,distinct,none,distinct,1 2 3 5 8 11 14 20
881W031GOHQJ8654j8LovSf,8,progressive,none,distinct,1 3 4 8 10 11 13 14
881W08PL6Z5M854sIecKPDW,8,progressive,none,distinct,1 2 5 8 9 12 13 14
881W422muiC2mq8y59K292X,8,plain,none,mixed,1 3 3 3 8 9 15 22
881W12HYwhBqnM1C8hFH0gY,8,progressive,none,distinct,3 4 6 7 8 10 12 14
881W94IEYL9Kn00G4YPfbCo,8,plain,none,mixed,1 5 6 7 8 8 14 15
881W0H24iiILKGCvLv-6aqS,8,progressive,none,distinct,1 2 6 8 9 11 13 14
881W1fm4222fogD5Y90AuXG,8,plain,none,mixed,1 3 3 5 7 9 11 25
881W40n44J1aWnqwovGdQH8,8,plain,none,mixed,1 2 6 6 9 10 11 19
881W4H8c8uC210O4bE421WG,8,plain,none,mixed,1 1 2 5 7 8 13 27
881W4I9O4LIOdGaKCc5IW82,8,progressive,none,distinct,1 2 6 9 10 11 12 13
881W0GIO2yTWv9GIC5rzmYI,8,progressive,none,distinct,2 3 5 8 9 11 12 14
881W46IDYaRS10L1Ul7Kp9Y,8,progressive,none,distinct,2 4 5 8 9 10 11 15
881W10U99OC4gX0842hShLH,8,progressive,none,distinct,1 4 6 7 8 10 12 16
881W05fAA8cJ1k1WeFAN9MK,8,progressive,none,distinct,1 3 5 7 8 9 12 19
881W4231Bn3YneWaE7Y9KW8,8,plain,none,mixed,2 2 5 5 9 10 12 19
881W4gLuC3H0GH4aQ91Wi8a,8,progressive,none,distinct,1 2 4 8 9 12 13 15
881W2aGOELE8a9Hgp8XH484,8,progressive,none,distinct,1 4 6 8 9 11 12 13
881W421Afn4Wmi88MAcQ9GH,8,plain,none,mixed,1 3 5 8 9 12 13 13
881W0bXaCyMbHWrsbqCBaOC,8,plain,none,mixed,2 3 5 8 8 12 13 13
881W0dfaKCI315bMZ9fD420,8,plain,none,mixed,3 3 5 6 7 8 9 23
881W8GYLKIOiA6IaMDAbH4W,8,progressive,none,distinct,1 4 5 8 9 11 12 14
881W05I2cD6hGY4nKmPJfYX,8,progressive,none,distinct,1 4 5 6 9 12 13 14
881W019aqsHAIYH7vIOb8YH,8,progressive,none,distinct,1 4 5 8 9 11 12 14
881W2420gI3XqYfLeaHWaeK,8,plain,none,mixed,2 3 3 4 7 10 14 21
881W6IbKkhLUua091oI0dC2,8,progressive,none,distinct,1 2 4 9 10 11 12 15
881W020aoNTMGcjGGhL2ekG,8,progressive,none,distinct,1 3 6 8 9 10 11 16
881W2GZ3820bY1KIPSbAR5I,8,plain,none,mixed,2 2 4 8 8 11 14 15
881W4CAG4LDLPfb24ZdYg81,8,plain,none,mixed,1 3 5 6 6 7 14 22
881W2YGye8XmWW84-JEgGaO,8,plain,none,mixed,1 2 6 8 10 10 13 14
881WA2iO51YXGXHeaI3YoAn,8,progressive,none,distinct,2 3 6 7 8 9 11 18
881W9MAfeistBq02yH2gG48,8,progressive,none,distinct,1 3 4 7 10 11 13 15
881W0cegTCdfGH53HaTcD8W,8,progressive,none,distinct,2 5 6 8 9 10 11 13
881W2GmOAZ13K0894opFDOi,8,plain,none,mixed,1 2 5 5 5 15 15 16
881W211WniwmOGOAJ2WWKAG,8,distinct,none,distinct,1 2 3 5 7 10 14 22
881W533HeA242b0ebPXeaI8,8,plain,none,mixed,2 2 3 4 7 13 16 17
881W431VKl310WW4g93IXeK,8,plain,none,mixed,1 2 6 6 10 12 13 14
881W0OaIPaw9b0GD5ceiOC2,8,progressive,none,distinct,1 2 4 5 10 12 13 17
881W0G9B955D6WKGH97mvKI,8,plain,none,mixed,2 2 5 6 6 8 15 20
881W2AHah22IH4KAnKfYWNK,8,distinct,none,distinct,1 4 6 8 9 10 12 14
881W2XfCMDg5AG84R0jeMBA,8,progressive,none,distinct,4 5 6 7 8 9 11 14
881W2XGy722494421qimfKm,8,plain,none,mixed,2 3 3 5 8 9 10 24
881W0HHmOEK22H8YPnTCG84,8,progressive,none,distinct,1 3 5 6 9 10 14 16
881W09r2ah1IKAH5sgfJPmE,8,plain,none,mixed,1 7 8 8 9 9 10 12
881W73ImkI99a10JGaTPGOC,8,plain,none,mixed,1 2 4 4 9 13 14 17
881W4622gB6a862HLAcpfaH,8,plain,none,mixed,1 3 5 7 11 12 12 13
881W41Y7PSnO11GTgy6Z942,8,progressive,none,distinct,1 2 3 7 9 10 14 18
881W915QGA60f052vLKvitA,8,progressive,none,distinct,2 3 6 7 9 10 12 15
881W212JVLaJI90OAgYeqqW,8,progressive,none,distinct,1 3 5 8 10 11 12 14
881W5LlOhScI8af4q0q11n0,8,progressive,none,distinct,1 3 4 7 9 11 13 16
881W08GDjD452WKI4Zo6YeC,8,distinct,none,distinct,1 2 4 5 7 9 16 20
881W8CGkNHwMAW8YKYnyV6W,8,progressive,none,distinct,2 4 5 6 9 11 13 14
881W2WR90A3WeCKY9NharKe,8,plain,none,mixed,2 2 4 5 7 12 13 19
881W0X2WYHrB0n4L8rAvGmK,8,progressive,none,distinct,1 3 6 8 10 11 12 13
881W0IBTAdDQjZ16854BaA4,8,progressive,none,distinct,1 5 6 7 9 10 12 14
881W0H9kurOiH7JWYZ32ZZ0,8,progressive,none,distinct,1 2 3 7 10 12 14 15
881W8K9agYnUXC8fH4XGaI2,8,progressive,none,distinct,1 5 6 7 8 10 12 15
881W0oPbqY4oI61K6h5XGE4,8,progressive,none,distinct,1 4 5 7 10 11 12 14
881W52XWHKhL2HWmK66h9aa,8,plain,none,mixed,2 4 8 9 9 9 11 12
881W1Wo8YBmM40etNgXHOC8,8,progressive,none,distinct,1 4 5 8 9 11 12 14
881WAWm9HOC514HOea-10W9,8,plain,none,mixed,1 1 2 6 9 10 13 22
881W2J9ciiE4Y5Gaa4XH52m,8,progressive,none,distinct,1 4 5 6 7 10 15 16
881W113Xua10nH8e4KGeKC6,8,plain,none,mixed,2 2 3 4 5 9 17 22
881W2TY8bMc2220mQal4I8K,8,progressive,none,distinct,1 2 5 6 8 12 14 16
881W0XXGvYnDGIHBv2h9Ca6,8,progressive,none,distinct,1 5 7 8 9 10 11 13
881W4c01UumLYgWgYqPHCK4,8,plain,none,mixed,2 3 3 3 6 7 15 25
881W0GCgb3Hh8X8ZTYHI8L9,8,progressive,none,distinct,2 3 5 6 7 9 15 17
881W53XHU31WWGGGOI31884,8,plain,none,mixed,1 3 3 4 7 8 16 22
881W09W3Af1Web8uSVDkZaG,8,progressive,none,distinct,1 3 6 8 9 10 11 16
881W0gProvLh86Z4ICKGI40,8,progressive,none,distinct,1 3 4 6 8 13 14 15
881WAJeKgB4YGGXGKQH8GYH,8,progressive,none,distinct,1 3 6 8 9 10 11 16
881W51mcbOqH8G44g2bF73a,8,plain,none,mixed,3 3 5 5 10 11 13 14
881W8AICxLCI8aXW97I53ee,8,plain,none,mixed,1 3 4 4 5 6 15 26
881W10ZeKb42HKGq2B12bEc,8,plain,none,mixed,1 2 3 8 10 12 12 16
881W0Sk9HK54bY4B7aFjXm8,8,plain,none,mixed,2 2 3 8 8 12 14 15
881W4ZKGsOagC4aHIsD52ym,8,plain,none,mixed,2 4 4 7 8 9 12 18
881W0H1QgD8Xc10XNvuF9OS,8,distinct,none,distinct,1 2 4 5 9 11 14 18
881W0WY48aNXA1KI9bUNI53,8,plain,none,mixed,1 2 3 7 10 10 14 17
881W0mJ8Lc0Kq8gfD2Wr4aC,8,plain,none,mixed,1 1 5 5 8 9 17 18
881W3X25On_UW86mSfFJqGA,8,plain,none,mixed,1 1 2 8 10 13 14 15
881W2gcS84H4GWicYXSX931,8,plain,none,mixed,1 1 6 6 6 12 15 17
881W0G1OCPMAXGaLKh4moH8,8,plain,none,mixed,2 4 5 5 5 9 12 22
881W0WCsXuxl4W48AgZbgOK,8,plain,none,mixed,2 2 5 7 8 9 11 20
881W8nBbW4H5uaPYisQn441,8,plain,none,mixed,1 4 5 7 7 7 12 21
881W0dDKaCaa22WmbAYrwOe,8,plain,none,mixed,3 4 4 6 9 11 12 15
881W2pP-v2J_cI9050LXH4C,8,plain,none,mixed,3 3 6 6 6 8 9 23
881W430aLYmuKe49qiM2Ga4,8,distinct,none,distinct,1 2 3 5 8 12 15 18
881W28b97nud8X4u8qcAbd4,8,plain,none,mixed,1 5 7 7 9 9 10 16
881W1aI4YA3UqQAM6WeYWaK,8,plain,none,mixed,1 1 5 7 8 8 9 25
881W2acICSgYqIa35n2KcOm,8,plain,none,mixed,1 2 4 4 7 9 18 19
881W92Q94IB8aW9k31ef3Xm,8,plain,none,mixed,2 2 4 7 8 8 16 17
881W0eY3n2z5WH8EAYzEZG4,8,plain,none,mixed,1 2 3 8 8 11 11 20
881W0v098u-ai0aP9VEGEAA,8,plain,none,mixed,1 3 5 5 5 12 13 20
881W21n8kLLGEG45IOgnaQ8,8,plain,none,mixed,1 1 1 7 10 13 13 18
881W45K44AQjHX91YgLdI2X,8,distinct,none,distinct,1 3 5 6 8 9 14 18
881W2XeiEF7QO0M84MKScD1,8,plain,none,mixed,1 3 6 6 8 10 13 17
881W6Yt0W85ceGaY4maIP51,8,plain,none,mixed,1 3 5 5 5 9 10 26
881W6KMOOWc59OHKBoVgpQ2,8,plain,none,mixed,1 2 3 5 9 9 16 19
881W0A4KeKH8H2NEPCovD10,8,plain,none,mixed,1 1 3 8 8 8 14 21
881W27c8tgOeG53QQA97JIO,8,distinct,none,distinct,1 4 5 6 9 10 11 18
881W90WQ51b4WMA530cGqAW,8,plain,none,mixed,1 1 2 5 8 10 13 24
881W0WGb98egL5mYJE420k6,8,plain,none,mixed,1 2 3 4 10 10 13 21
881W0C8aTIcAr2KeI71nMCI,8,plain,none,mixed,1 2 7 9 9 10 10 16
881W5XH56bOaAc9IInH30aG,8,plain,none,mixed,2 2 5 8 8 9 15 15
881W92LuBY7xGGBEFAOXiPo,8,plain,none,mixed,1 4 6 6 10 10 11 16
881W8WG4I9BP22eN8XGYPCY,8,plain,none,mixed,1 2 5 6 7 11 11 21
881W6IyYGOI910ICIRP2YGO,8,plain,none,mixed,3 4 4 4 9 11 11 18
881W28GWuhK32W488zjWm94,8,plain,none,mixed,1 1 3 3 10 13 15 18
881WA0XuaNrEHA81JL50OI5,8,plain,none,mixed,1 2 6 6 7 9 16 17
881W0mC65IEB90QE621j62A,8,distinct,none,distinct,1 2 3 5 6 11 14 22
881W2PuCI9EGGGSE5DAmU44,8,plain,none,mixed,1 2 4 6 12 12 12 15
881W8ht0WGCQ4OXYIGqQ965,8,plain,none,mixed,2 4 4 6 7 7 9 25
881W8WSNrx4YGQ8G26N9IGW,8,distinct,none,distinct,1 2 5 7 9 10 13 17
881W3H8SCCI5HHIlM8SLiG8,8,plain,none,mixed,2 4 5 6 6 9 15 17
881W0b6J4IeZCa19ZvkYXTO,8,plain,none,mixed,2 4 5 6 7 12 12 16
881W2K9j1QnOG1BygA518YB,8,plain,none,mixed,2 2 4 5 7 10 15 19
881W110UwP9qwGmOAQ22GYa,8,plain,none,mixed,2 2 7 7 8 11 12 15
881W1GgZGsIgA14LCeX0H4n,8,plain,none,mixed,1 3 3 4 4 10 13 26
881W2IHcGNPua0eIq20ccdb,8,plain,none,mixed,2 3 4 6 7 7 16 19
881W4aCWo9T2OWLiP0mKPdI,8,plain,none,mixed,1 4 6 7 8 8 8 22
881W0mlg5Zai9ayX99OYYC8,8,plain,none,mixed,1 1 5 5 6 11 16 19
881W16B8GBiwPGZ2gK22sH9,8,plain,none,mixed,1 3 6 6 6 11 11 20
881W8yIXSWy3XWWE6A6GcI5,8,plain,none,mixed,1 1 3 5 10 12 15 17
881W2H0f8CDQMGGIAgcmE54,8,plain,none,mixed,2 3 4 6 6 10 12 21
881W2GyGOJmfq0444K5SHJ5,8,distinct,none,distinct,1 2 3 4 5 12 17 20
881W2WeKZKAjX822CsHayeC,8,plain,none,mixed,4 5 6 6 7 8 10 18
881W0pYmEaf2I1akbc9XAJ5,8,plain,none,mixed,1 2 5 9 9 10 13 15
881W20Wg7lCZ19euVH5QTW8,8,plain,none,mixed,1 3 4 8 10 11 11 16
881W6Ig31j5OmGYc3I4YGUb,8,plain,none,mixed,3 4 5 5 6 6 12 23
881W53-3f8lSWOafgEeYE4G,8,distinct,none,distinct,1 3 5 7 8 9 11 20
881W8KEArDCA18AM643YII9,8,distinct,none,distinct,2 3 5 6 7 8 15 18
881W530MSdIf9I38KSGfX4H,8,plain,none,mixed,2 2 3 9 9 12 13 14
881W60qHUj10G4e4YK5bAAb,8,plain,none,mixed,1 1 2 7 8 11 14 20
881W6XmYI9UiKO81YGaWKWW,8,plain,none,mixed,1 1 3 3 11 11 16 18
881W21zeXqD6GCG4Of9Zgoe,8,plain,none,mixed,1 1 5 8 10 11 12 16
881W9LkGKcD2HOHSj9J8910,8,distinct,none,distinct,2 3 4 6 7 9 11 22
881W552XISXnUE09YsIn0O8,8,plain,none,mixed,1 2 3 4 9 13 16 16
881W2172MlNWc9GRL4Z0CXW,8,plain,none,mixed,1 1 4 4 7 12 14 21
881W2LHOScAnWA5ky80iS82,8,plain,none,mixed,2 3 3 6 8 9 15 18
881W213GVbWmO8miEB2WmY4,8,plain,none,mixed,3 3 4 4 4 10 17 19
881W9MA8SAn2HCWcZM22eI4,8,plain,none,mixed,1 1 3 4 8 11 13 23
881W108maYHDWmO998gD3Xm,8,plain,none,mixed,1 1 2 4 8 14 15 19
881W4GhDU2iYa1KZgoN8u88,8,plain,none,mixed,1 2 5 8 10 10 13 15
881W0bhvo9cJHh08GGIcGiO,8,plain,none,mixed,1 1 3 6 7 12 16 18
881W8QL281sxvD9X8b3Ffm0,8,plain,none,mixed,3 3 4 5 6 11 13 19
881W8qOMOgOX114874rGOao,8,distinct,none,distinct,1 2 5 7 9 10 13 17
881W8a4XLr4Go4eaKdoSYUq,8,plain,none,mixed,2 3 4 4 8 12 14 17
881W4CA8454nHAn843n2Y46,8,plain,none,mixed,1 2 2 4 10 12 14 19
881W41OjOA4HEGOLgKf9I95,8,distinct,none,distinct,1 2 5 8 9 11 13 15
881W1WTn1WwJ1GeII5iS95G,8,distinct,none,distinct,1 2 3 4 9 10 12 23
881W32urGuQie48Pu1AJEB6,8,plain,none,mixed,2 3 3 4 5 10 17 20
881W1aAHFKzceKL4cocsWiG,8,plain,none,mixed,2 4 6 7 10 10 10 15
881WAAbYHI4b1H3XFw1OuGG,8,plain,none,mixed,3 3 3 5 10 12 13 15
881W6H8J5WhPo04NeiIWbKK,8,plain,none,mixed,1 2 3 5 11 11 13 18
881W0CjEJO8E6IGgB4UC2GG,8,plain,none,mixed,2 3 3 4 6 7 13 26
881W1HWd2F4eI8YB5M6ZYXW,8,plain,none,mixed,2 2 4 7 8 11 14 16
881W2I53IK5pPH0uc4JnsYK,8,plain,none,mixed,4 5 5 5 8 8 14 15
881W2KP8eJ2Y9afqWGxYm40,8,plain,none,mixed,1 1 4 4 6 9 17 22
881W51OicqwH2WI3fGfGg58,8,plain,none,mixed,2 2 7 8 10 11 12 12
881W1Dm8uCbPmXJAfCAu458,8,plain,none,mixed,1 1 6 8 8 10 11 19
881W5BaJHf4U8eo6Iq084Q8,8,plain,none,mixed,1 2 3 4 6 6 13 29
881W0W9M8SK2Q8iKKf252bX,8,plain,none,mixed,1 3 3 3 8 9 15 22
881W33Wbeo2oQYX4OadxS24,8,plain,none,mixed,2 4 5 5 6 7 16 19
881W4IuWOBMV1G81HBBh0uQ,8,distinct,none,distinct,2 3 4 6 7 11 15 16
881W0G42OON7aGYNC2JXYnO,8,plain,none,mixed,1 2 2 4 8 10 16 21
881WBInK_GeZAc84fY2Me8I,8,plain,none,mixed,1 2 6 6 7 10 10 22
881W0E7eF631WaXGmKAEZW9,8,plain,none,mixed,1 2 4 7 7 9 13 21
881W4230M8gHH18KB5oWmkP,8,distinct,none,distinct,2 4 5 7 8 9 10 19
881W2KQur4d0T0BKc8plCa5,8,plain,none,mixed,1 1 6 9 9 11 12 15
881W1A6PyIH1GGKieI6QD42,8,distinct,none,distinct,1 2 3 5 8 13 14 18
881W810G-S11AgB5e91n0oQ,8,plain,none,mixed,1 2 2 3 13 13 13 17
881W8q7G9EI908YMJAakdGG,8,plain,none,mixed,1 3 4 9 11 11 11 14
881W31TaA116CaYHH4P2x50,8,plain,none,mixed,1 1 4 5 8 8 12 25
881W1X12Kk9ih0KDSHP9GaX,8,plain,none,mixed,1 3 4 8 10 10 12 16
881W00Ad5uCz1WKbKcZHB9A,8,plain,none,mixed,4 4 4 5 7 9 12 19
881W435eK6ehD8WJYhaeaTX,8,plain,none,mixed,1 2 4 5 6 13 13 20
881W299YkKCE24YIGb113m9,8,plain,none,mixed,1 3 6 7 7 8 12 20
881W14NYagXGOkWiAAD9in8,8,plain,none,mixed,2 2 4 5 6 9 15 21
881W1Gd6fCH4MGYc626ZF0O,8,plain,none,mixed,1 1 4 5 10 12 15 16
881W1WaPi67B-aGI5ZA2550,8,distinct,none,distinct,1 3 4 7 8 10 15 16
881W1Of9eABA4WYAQFoIYG8,8,plain,none,mixed,1 1 7 7 9 11 13 15
881W0m9vHmqQh9mXE827Ca1,8,plain,none,mixed,1 1 4 5 10 11 13 19
881W0Q8LKYCbqAZDKDYf894,8,plain,none,mixed,1 1 6 6 8 12 15 15
881W18WSbqb72GSAAa3w0X4,8,plain,none,mixed,1 1 4 5 11 12 14 16
881W25HOdr48efD9oepyIZA,8,plain,none,mixed,3 4 5 7 8 8 10 19
881W4IH3YEIkYmIM62m6vWm,8,plain,none,mixed,1 3 5 6 7 7 13 22
881W4IPPCPCZeWGOHAINacG,8,plain,none,mixed,1 7 7 7 8 10 11 13
881W2HASjE6uaX0I591QIbC,8,plain,none,mixed,2 5 7 8 8 11 11 12
881W2WIaoGILH5CG7vy20MC,8,plain,none,mixed,1 2 2 4 10 11 13 21
881W2faoIv13eGA92cf8ui5,8,plain,none,mixed,4 4 5 6 7 11 13 14
881W8I9SU4S4YGD4A3bI0G8,8,plain,none,mixed,1 2 5 7 8 12 12 17
881WEHGq42ca8a943bKtuK4,8,plain,none,mixed,1 2 6 6 9 9 11 20
881W0ady6J7I0GHuoKmkR4a,8,plain,none,mixed,1 3 4 4 8 10 13 21
881W0jKL9ZfBw1X7WuhBfAI,8,plain,none,mixed,4 4 6 7 7 8 9 19
881WALAIwpDXGWf8fB0mXYH,8,plain,none,mixed,2 3 5 8 8 9 13 16
881W17ayjQraII4aj413D9G,8,plain,none,mixed,1 7 7 8 9 9 10 13
881W4PGOEThOKG22a91LUG2,8,plain,none,mixed,1 1 4 8 8 11 12 19
881W4ZoFRTC20K4wiAQeH09,8,plain,none,mixed,1 2 4 7 10 10 13 17
881W7andT5mG88Ly6P23WAX,8,distinct,none,distinct,1 2 5 6 7 10 11 22
881W52OGWMdPHK87Vk8kfIY,8,plain,none,mixed,1 5 6 7 7 8 12 18
881W1IMSq51c2I1m56yvx84,8,plain,none,mixed,1 4 5 5 10 10 11 18
881W3E50yJHWeDD48I20aKe,8,plain,none,mixed,1 1 2 5 6 7 20 22
881W5qWbUB828fbA7AI4H2Y,8,plain,none,mixed,1 3 3 6 7 10 13 21
881W0R9Kb3T1Y8OEYfoX4v4,8,plain,none,mixed,1 1 7 8 8 11 11 17
881W1L642w34XEmaLnWWd30,8,plain,none,mixed,1 2 2 6 7 11 15 20
881W48iaIrIqHGK8ZxX0d44,8,plain,none,mixed,1 2 6 9 9 10 13 14
881W2gGIfEH4YGC6-C0cZGG,8,plain,none,mixed,1 2 4 5 12 13 13 14
881W9361ODBWo0XeNqme4Pi,8,plain,none,mixed,1 2 4 4 4 10 14 25
881W33GOA8iP610YZgw10GA,8,plain,none,mixed,1 2 4 4 5 12 16 20
881W2YoLEcnKKHGdYH13CG2,8,plain,none,mixed,2 5 5 6 10 11 12 13
881W4928iA58GGIwr232T9a,8,plain,none,mixed,1 1 7 8 8 9 14 16
881W8o0rsX2muGHKM56Mb2a,8,plain,none,mixed,1 3 5 8 8 11 13 15
881W11En2oYW1X8KCIVtePe,8,plain,none,mixed,1 1 3 4 9 10 11 25
881W4H6J7Y941COaneYGYY8,8,plain,none,mixed,1 1 5 7 7 12 14 17
881W0eZaEoH5Gf8UGaTJ8H8,8,plain,none,mixed,1 1 4 7 10 11 14 16
881W8YPOU4MWC474QAacmaG,8,plain,none,mixed,1 1 3 7 9 12 14 17
881WD2WnXoNNv20IQb08eIL,8,plain,none,mixed,1 2 5 5 7 8 14 22
881W2MRZ6b2o10P4ATlYHa4,8,plain,none,mixed,1 4 7 9 10 10 10 13
881W2WTEbZ8Aeb8l4ofPIGY,8,plain,none,mixed,2 2 5 5 6 9 14 21
881W4XC-GC28GOA6Z6aLEWW,8,distinct,none,distinct,1 2 4 6 8 10 14 19
881W0pOUeII9SPGieC3f0aX,8,plain,none,mixed,3 3 5 5 7 10 15 16
881W898I53EaZ30WIOwiRKA,8,plain,none,mixed,1 4 5 7 8 9 9 21
881W293oaWnF6Wae9KSNpuG,8,plain,none,mixed,2 3 4 5 8 8 15 19
881W2tLHm7e719HGMdb8MGa,8,plain,none,mixed,3 4 4 5 7 12 14 15
881W44s0bJMNm8P-Gf8lhfA,8,plain,none,mixed,2 2 5 6 9 9 12 19
881W4AAZgr8hj18AO4WeRaH,8,plain,none,mixed,3 4 5 7 7 8 13 17
881WA0W54I8HGbnenOaBKE4,8,distinct,none,distinct,1 2 3 4 5 12 17 20
881W1GmMAg8gH4M43216no8,8,plain,none,mixed,1 1 7 8 8 8 13 18
881W18KoQbj6aGIC4fS8Gf8,8,plain,none,mixed,1 1 5 7 9 10 15 16
881WCXTWOAbmmLboX412I6e,8,plain,none,mixed,1 2 4 5 5 14 15 18
881W8HIZBdJ4WH33WiKSWei,8,distinct,none,distinct,2 3 5 6 7 10 13 18
881W11GTIH3c4Y1PhFxax1W,8,plain,none,mixed,1 4 4 6 7 7 17 18
881W22WUNwI114C8oSIYGOb,8,plain,none,mixed,1 1 2 7 12 12 14 15
881W28dLvaH1XKaW4KKo1W9,8,plain,none,mixed,1 3 3 5 7 11 17 17
881W4NeCMqH0SX78IN6eiaH,8,plain,none,mixed,1 3 5 6 9 12 14 14
881W4ATHKACegC4RE2dKL50,8,distinct,none,distinct,1 2 3 8 9 12 13 16
881W02V8OX8oeBnCD4JCjB4,8,plain,none,mixed,1 3 4 6 11 12 12 15
881W0fwe6Q3a11eKDnaIAuS,8,plain,none,mixed,1 2 3 10 11 11 13 13
881W94Y2kt0mGOHKeK4Z5aa,8,plain,none,mixed,1 3 5 6 6 8 11 24
881W0CHJCIKMag8_A4L5Uim,8,plain,none,mixed,1 4 6 6 8 12 13 14
881W2GWI9j2Q18I63IqQFT8,8,distinct,none,distinct,2 3 5 7 9 10 11 17
881W18WXPs6R8KEOAAMBnvW,8,plain,none,mixed,1 1 6 7 11 12 13 13
881W0YACMCefaI3oRAbkOG4,8,plain,none,mixed,1 6 6 7 9 10 12 13
881W0na8G4k4E8852UkmQEe,8,plain,none,mixed,1 1 3 5 8 10 15 21
881W11HISIQXHG82UTPJTa2,8,plain,none,mixed,2 4 5 6 6 10 15 16
881W0o8aXm-J9KM1vn8C0WG,8,distinct,none,distinct,1 2 3 4 5 6 17 26
881W0G2yWAmef0gaU8M9xHd,8,plain,none,mixed,1 1 2 2 7 11 16 24
881W0WCaILosR2D2cPj6X38,8,plain,none,mixed,1 4 4 5 8 8 15 19
881W0OBmu8lRi0YYM2LYcI1,8,plain,none,mixed,1 1 2 9 10 12 14 15
881W4iZYSIeh20NOLaTNRe8,8,plain,none,mixed,1 2 8 8 9 11 12 13
881W1n8cCk31YGO84rOX0WW,8,plain,none,mixed,1 1 5 5 9 12 15 16
881W3XSgA4wcWWC40qYBAOK,8,plain,none,mixed,1 1 5 6 6 9 16 20
881W1GGY198JM0oOFeiC4So,8,plain,none,mixed,1 1 2 4 9 9 12 26
881WCIDAIn9F0WD9D0GJIGO,8,plain,none,mixed,1 4 4 5 6 9 13 22
881W14-N75Ya0IK21WtSg88,8,plain,none,mixed,3 4 4 4 7 8 12 22
881W51ixKf8K2OOGg422c8I,8,plain,none,mixed,1 1 4 9 9 9 10 21
881W2GX4Zb4Y0mmKMRqQAX8,8,plain,none,mixed,1 2 5 9 10 11 13 13
881W0WF7JGWWWXGeE31iyJ5,8,plain,none,mixed,2 3 4 4 6 10 17 18
881W95GPSE2oOXGG8PwWGA4,8,plain,none,mixed,2 2 2 3 11 12 16 16
881W0eA5j8ifY18FDanD8f4,8,distinct,none,distinct,1 3 5 6 8 11 12 18
881W4ZWJAA4YrPYeKG90uWW,8,plain,none,mixed,1 2 4 4 12 12 12 17
881WB3XnHoeZX01K56X8uSI,8,distinct,none,distinct,2 3 4 7 8 9 15 16
881W8AA9a62WnunmC6IIJ0W,8,plain,none,mixed,1 1 3 4 8 14 15 18
881W0SEFJOePfYGRAY1JaI0,8,plain,none,mixed,1 3 3 4 8 12 15 18
881W1GsHu72IHbG882ekbF0,8,plain,none,mixed,2 2 3 4 8 13 15 17
881WA04i2wH0I8lPgE72f10,8,plain,none,mixed,1 2 2 2 9 15 16 17
881W7085K4Y2F8GHe2f5WoM,8,plain,none,mixed,1 1 3 4 8 14 15 18
881W0eXemCAcRWG8IE-WG32,8,plain,none,mixed,1 1 2 5 10 11 13 21
881W21Ggio0WWS8CAHBXOYW,8,plain,none,mixed,1 1 1 9 10 12 14 16
881W0Wn46Zm211mo10SBLAf,8,plain,none,mixed,1 2 2 5 5 6 8 35
881W0X3SJ42R8KgcBVQYKwG,8,plain,none,mixed,1 2 6 8 11 11 12 13
881W4WD8Yna10pHa62XFX98,8,distinct,none,distinct,1 2 4 5 7 12 16 17
881W0uaJR58KMGIGA3A54i8,8,plain,none,mixed,1 1 4 7 9 11 15 16
881W10aWScH7YG8A5CHn0Xm,8,plain,none,mixed,1 1 5 5 9 13 15 15
881W3LcHBMBCcI480eGOYWe,8,plain,none,mixed,2 2 3 3 9 13 14 18
881W4XmgTKaLIW84bL5G86f,8,plain,none,mixed,2 4 4 4 6 10 13 21
881W0GKYtWX8eCkO8A55MOA,8,distinct,none,distinct,1 2 3 5 7 9 14 23
881W42zw8wT4qKK99AB2A2G,8,plain,none,mixed,2 2 3 5 11 12 13 16
881W2oPugYnXOX4ee81HnAg,8,plain,none,mixed,4 4 5 6 8 9 9 19
881W0aIPMXw20I8cGEnjoH4,8,plain,none,mixed,1 1 3 4 9 12 13 21
881W445KbAAeC0PkE54JPXB,8,plain,none,mixed,1 3 4 4 7 9 14 22
881W8YbWeN32WY102DuSoGe,8,plain,none,mixed,1 1 2 4 11 12 14 19
881W5YSgcz5jaGG6SYuafX0,8,plain,none,mixed,1 4 4 9 9 10 13 14
881W26BOubCqyGXD4ryV4oS,8,plain,none,mixed,4 4 5 8 10 10 11 12
881W836SCC31GOfaYB1g8Xm,8,plain,none,mixed,1 1 4 4 11 13 15 15
881W10W8mu3WG4qM95kaAB5,8,plain,none,mixed,1 3 4 4 7 13 14 18
881W1gLD3HsKE46SZGWXH8G,8,plain,none,mixed,1 5 5 5 6 12 13 17
881W0GKuXe211WeSABJ4YGu,8,plain,none,mixed,1 1 3 3 11 13 15 17
881W0j3CkeC52I8SPMfA0H8,8,plain,none,mixed,1 5 5 5 6 8 15 19
881W4C0DIHcwWHZA75IQ0L2,8,plain,none,mixed,1 2 3 3 7 7 16 25
881W9guA31nbiX9ZG80HNE8,8,plain,none,mixed,3 3 4 5 5 7 9 28
881W8I_VU2MD2WPX938WYm8,8,plain,none,mixed,2 4 5 5 6 13 14 15
881W0E6fY24ho8N0ShLp5PC,8,plain,none,mixed,1 1 5 6 6 14 15 16
881W0HA4XGeYXZ9KX8KA9ee,8,distinct,none,distinct,1 3 4 5 8 9 10 24
881W8JaLa53OO0ZATMXnBQf,8,plain,none,mixed,1 3 4 9 10 10 13 14
881W0fD6Zi7gH0AAHIPSqL2,8,plain,none,mixed,1 5 5 6 7 10 13 17
881W1GXjLD0OAWqHG1DjLQm,8,distinct,none,distinct,1 2 3 6 7 9 15 21
881W2H4OSi111CGC6EHo330,8,plain,none,mixed,1 1 2 2 9 13 14 22
881W2JfqC7oGeIjG8G0nGG5,8,plain,none,mixed,1 2 4 5 9 9 11 23
881W5G5eodC21W8CnJGZZeK,8,plain,none,mixed,1 2 4 6 6 8 15 22
881W2PCYeYH9Da8884HG94G,8,plain,none,mixed,1 2 3 3 6 12 15 22
881W4gD4S75Z8WG8C5HLX4X,8,plain,none,mixed,2 3 4 9 9 10 12 15
881W9GnGaYuYHE4CH864mI4,8,plain,none,mixed,1 1 3 7 7 13 13 19
881W0GpJTif1k12a9XwMrQY,8,plain,none,mixed,1 5 6 8 8 10 12 14
881W1GG8z615ammP5aub0W8,8,plain,none,mixed,2 2 2 3 9 14 15 17
881W15amKY0rH1fOjegCsKi,8,plain,none,mixed,4 4 5 5 6 10 10 20
881W1ADAQYDDWE5DCbvdcY0,8,plain,none,mixed,1 3 3 8 10 11 13 15
881W4DI8vLH0OA5qOIAbAu7,8,plain,none,mixed,1 2 7 7 7 10 11 19
881W0IKe8A5WWL4YnMB3BeL,8,distinct,none,distinct,1 5 6 7 8 10 13 14
881W55Cg48H2X8DaINht4X0,8,plain,none,mixed,1 4 5 5 7 10 14 18
881WA610J9v0O98Yg210uiH,8,plain,none,mixed,2 2 3 3 6 9 19 20
881W0YoVF8b3OnGWWIQGzA2,8,plain,none,mixed,2 2 3 4 7 10 15 21
881W250EDP4Wf7G82AsPXKI,8,plain,none,mixed,1 2 3 5 12 13 13 15
881W8iH5w20OKGKmKC50rDY,8,plain,none,mixed,1 2 5 5 8 8 12 23
881W114nO2AAoKONApaYfJe,8,plain,none,mixed,1 3 4 5 10 11 15 15
881WB6WjP4YXK8GnugIA5eW,8,plain,none,mixed,3 3 5 6 10 11 11 15
881W20U98cLAYp5Xm9M5XnO,8,plain,none,mixed,3 3 4 5 10 11 12 16
881W0J8j1M6gzXaec62xmo2,8,plain,none,mixed,1 2 6 8 10 11 13 13
881W4RkA12YMXH2HPKcYfK2,8,plain,none,mixed,2 4 6 6 7 9 9 21
881WF1HIf9a0qe30KAfQf88,8,plain,none,mixed,1 1 3 4 9 10 13 23
881W6YYIo8eSHKKv2MTAXsW,8,plain,none,mixed,2 2 6 7 7 8 13 19
881W2GB6Z1XBW2phXWGGLA9,8,plain,none,mixed,2 3 3 3 6 7 9 31
881W0SIfqO32II0O2hri831,8,plain,none,mixed,1 1 3 4 7 14 14 20
881W7Y8aeeigYG2ESo35fOa,8,plain,none,mixed,1 5 7 7 8 11 12 13
881W2729VEGeWinLQiKXSGH,8,plain,none,mixed,1 1 6 7 11 11 13 14
881W0f3eaI6fCeaWAOiWG72,8,distinct,none,distinct,1 2 3 7 9 10 14 18
881W072INE5awIWmfA2XGIZ,8,plain,none,mixed,1 2 5 7 9 9 13 18
881W458GSnYYmAKctLTVeWS,8,plain,none,mixed,1 4 7 7 10 10 12 13
881W2Z0G62p4q98ZX8YbEH4,8,distinct,none,distinct,1 3 4 5 9 10 14 18
881W0eLSIQM-p0YKT92mb92,8,plain,none,mixed,1 2 6 7 11 12 12 13
881W31WfCfQ10am22F2Yn0X,8,plain,none,mixed,1 1 2 4 10 12 15 19
881W1ZYW47R6K4caWih0uI8,8,plain,none,mixed,1 1 1 8 8 14 15 16
881WAAy_uBYGeQGGqJ3KGo4,8,plain,none,mixed,1 4 4 8 9 9 11 18
881WA10w4TBDG0LBY659yaY,8,distinct,none,distinct,1 2 4 5 9 13 14 16
881W40WZLbRDKOW4W-MAzGG,8,plain,none,mixed,1 5 6 6 7 10 11 18
881W9AXmmIPjGe91K61GG94,8,plain,none,mixed,1 2 5 6 6 11 14 19
881W24YhwYN8P30L6uteiYY,8,plain,none,mixed,1 6 8 8 9 9 10 13
881W2dpu4fvWi0b9FewOmC9,8,distinct,none,distinct,2 3 4 7 9 10 13 16
881W632GG1YYGXYX0kneqGC,8,plain,none,mixed,1 1 4 4 5 9 19 21
881W37iLYA5X95rAP6HGw4W,8,plain,none,mixed,1 1 5 7 8 11 12 19
881W10K75J9D24KP84AVMIX,8,plain,none,mixed,1 3 5 5 6 11 16 17
881W0DG8ODKYF593XD74YC4,8,plain,none,mixed,1 2 4 6 10 13 13 15
881W412GEkY9O9CPijIXGS9,8,plain,none,mixed,2 3 3 7 8 9 15 17
881W1RD84XHBWmmHmmWIm8a,8,plain,none,mixed,1 2 2 8 8 9 10 24
881W4IBgD52GWnWGG41QWOY,8,plain,none,mixed,1 1 5 5 8 11 11 22
881W8bao1J9d3HmO8KeOWL2,8,plain,none,mixed,2 2 3 7 8 9 9 24
881W1888gB8Sa4aH62B7SF4,8,distinct,none,distinct,1 2 3 5 8 12 16 17
881W4QI9e6X-fGKn522agO1,8,plain,none,mixed,1 3 5 6 6 13 15 15
881W3KaYG86JAP1Wmf0eIAK,8,plain,none,mixed,4 4 4 4 5 7 17 19
881W211GIJ5Om4M8UCYHaU8,8,plain,none,mixed,1 2 4 6 8 11 16 16
881W2DCaC6I5132725InA4Y,8,plain,none,mixed,1 2 2 8 9 10 13 19
881W0828-922HXm885XxT9a,8,plain,none,mixed,1 1 4 5 7 10 14 22
881W48WQA9AED041YJYoPr9,8,plain,none,mixed,1 2 5 7 7 9 13 20
881W10WiHHX4oK845EdHvgW,8,distinct,none,distinct,2 3 5 6 9 10 13 16
881W6H8byYH844GIb2YGGeL,8,plain,none,mixed,1 1 4 6 10 10 16 16
881W0GAMnIKaGfKS7cL2GWe,8,plain,none,mixed,2 3 3 5 8 12 15 16
881W16GK43o94X90mOApOS6,8,plain,none,mixed,1 3 4 5 5 8 14 24
881W0888i62Cb8aICc1IM94,8,plain,none,mixed,1 2 2 3 10 11 16 19
881W4Q5SS4C64G21A3L93WG,8,plain,none,mixed,1 1 2 4 6 13 17 20
881W8Xmh88819IKQEIMID6I,8,plain,none,mixed,1 4 5 5 6 7 12 24
881W1WvCw5X0aGI8KC4XI98,8,distinct,none,distinct,1 2 5 7 8 10 12 19
881W29SZiYG8v0AI56oUOAM,8,plain,none,mixed,1 2 3 7 7 13 14 17
881W10GOQoe41mGC4aDDIP4,8,plain,none,mixed,1 1 4 5 8 9 16 20
881W40dVoup10W4aaL2Y9r6,8,distinct,none,distinct,1 3 5 9 10 11 12 13
881W2K458sCM8Xf8WXJXJ85,8,plain,none,mixed,1 2 2 4 9 12 12 22
881W2WfJA8qQ8WIKIQQ51GJ,8,plain,none,mixed,1 2 6 8 9 10 10 18
881W2HCC3XA64mG529qfHn0,8,plain,none,mixed,1 1 3 6 6 7 18 22
881W11GfAD94c4YOEL95s30,8,plain,none,mixed,1 4 4 6 9 10 13 17
881W009LvH2X1DGmE3KIAp8,8,plain,none,mixed,1 1 3 5 11 12 14 17
881W0meQ44SF1WC121h31WG,8,plain,none,mixed,1 2 2 4 5 6 20 24
881W82ngwESWGE54LC8XmYW,8,plain,none,mixed,1 1 2 6 11 11 14 18
881W4XbOi6oE12P9HGacJ8C,8,plain,none,mixed,1 2 3 6 12 13 13 14
881WCX4o8MH2aWRB3rDA11G,8,plain,none,mixed,1 1 2 4 8 12 16 20
881W4XTScd8ZWG8Cx5LGo4Y,8,plain,none,mixed,1 7 7 7 9 10 11 12
881W0mG5aOE2YGaQ4Z1J31W,8,distinct,none,distinct,1 2 4 5 6 7 19 20
881W4A98IzEdM8A88Y1Bd0W,8,plain,none,mixed,1 3 6 6 7 13 13 15
881W2P6JM8n8yLGKAC20sy0,8,distinct,none,distinct,1 2 3 8 9 11 12 18
881W0WYGG4nr2XuA56eaA9A,8,plain,none,mixed,1 2 3 4 5 15 17 17
881W8rms7eSEGOmnQIpUf08,8,plain,none,mixed,1 4 5 7 10 10 11 16
881W5a-IgCb4iI0HbJ0Y6o6,8,plain,none,mixed,1 2 4 9 9 10 13 16
881W10PZHfB0uP8u78iaPKX,8,distinct,none,distinct,2 3 4 6 8 12 14 15
881W4mqUSd0S10E8bqWsej4,8,plain,none,mixed,1 1 5 7 8 12 14 16
881WCWPXx5352WX8HAcLHGm,8,plain,none,mixed,1 4 5 5 8 12 14 15
881W0JaKHvOZ2AH2KrawVmO,8,plain,none,mixed,1 5 5 9 10 10 12 12
881W8IdnyB5JMP19G2UUZC0,8,plain,none,mixed,1 3 5 6 6 9 17 17
881W9C12aMf55G0X21PTYmq,8,distinct,none,distinct,1 2 3 4 8 12 13 21
881W4YGeRM8YE420LY3XGSK,8,plain,none,mixed,1 1 4 6 9 10 15 18
881W5K8-U29inw4XoJKWmWW,8,distinct,none,distinct,1 2 3 5 11 12 13 17
881W221OeAIP4uO8q93ITCY,8,plain,none,mixed,1 3 7 9 9 11 12 12
881W4PbALK1E9841_JiqWII,8,plain,none,mixed,2 3 3 4 5 8 18 21
881W08HHxC4E1nYg8X6D2HG,8,plain,none,mixed,1 1 3 4 8 10 16 21
881W6WK49nSn1W48b3odIKq,8,plain,none,mixed,1 1 4 4 9 12 12 21
881W1N0WQ6vC02AXYJB58KE,8,plain,none,mixed,1 2 2 5 7 14 15 18
881W2GRfXaI9cO8WCwT3iq2,8,plain,none,mixed,1 3 4 5 7 12 12 20
881W2J52939D0861w51uMGO,8,plain,none,mixed,1 1 1 4 11 11 16 19
881WE5AG8S4-C0mAYw8aH4b,8,plain,none,mixed,1 2 3 7 8 11 16 16
881W1AH4PkAaM089lIZ7IY9,8,plain,none,mixed,1 3 7 7 10 11 12 13
881W199H0OP1WKOQSL4w30X,8,plain,none,mixed,1 1 3 3 8 10 14 24
881WD2XOmAeAT8HA3632HCf,8,distinct,none,distinct,1 3 4 7 9 10 14 16
881W73DfGqMIfW4O6M2Q20b,8,plain,none,mixed,1 2 5 6 9 9 10 22
881W25CqeY11WL9eu83P20X,8,plain,none,mixed,1 1 2 4 6 11 18 21
881W8KG6oSIYA154enfMfCL,8,plain,none,mixed,2 3 5 6 9 10 10 19
881W0aWe9QBg23224jlX8eS,8,plain,none,mixed,1 1 2 7 7 10 14 22
881W18C71H50Y4kF30eKKoW,8,plain,none,mixed,2 2 3 3 5 10 11 28
881W7WmX8aAqyG8LeC0oL0b,8,distinct,none,distinct,1 2 3 5 6 12 15 20
881W2B6Fn6eXGW4gkB5HPA9,8,plain,none,mixed,1 4 5 6 9 13 13 13
881W5CWI675EmH320XJ8KbY,8,plain,none,mixed,1 3 5 5 6 9 12 23
881W18X5e1B9WWIQI97JqJ9,8,plain,none,mixed,1 1 5 8 9 11 13 16
881W8OKZiH5X2YIH6EbLma2,8,distinct,none,distinct,1 2 6 8 9 10 12 16
881W3o6B4W8Z4WAan8SHguC,8,plain,none,mixed,1 1 7 8 8 9 10 20
881WA6tHeuib248Ga2eQDB9,8,distinct,none,distinct,1 4 5 7 8 9 13 17
881W5WegIwoOa8G8YO0taoZ,8,plain,none,mixed,2 2 4 5 7 8 13 23
881W8Q8SB5c4WmB5J8YQ28G,8,plain,none,mixed,1 1 5 7 7 10 16 17
881W298ckJQSSe048aJnB8H,8,distinct,none,distinct,1 4 5 7 8 10 13 16
881W0WV4JBk90W-iD312IWa,8,plain,none,mixed,1 4 4 5 5 10 16 19
881W2MbhBYDUC19M8vdn2G5,8,plain,none,mixed,2 2 4 5 7 9 11 24
881W1MwE83FRwH5JQCPX9QO,8,plain,none,mixed,3 4 5 7 8 8 14 15
881W2gY4KHGWW0qyk1CZyJ9,8,plain,none,mixed,1 3 3 6 7 11 15 18
881W511WfSXHPJ1WAMGmC2K,8,plain,none,mixed,2 2 3 4 5 6 19 23
881W0BWDcb2YX08Gq2zTBWm,8,plain,none,mixed,1 2 2 5 6 14 14 20
881W1aANobG00X5CgN4E5g5,8,plain,none,mixed,1 4 4 4 5 10 10 26
881W13GbgMAA22HJKsfYWWG,8,plain,none,mixed,1 5 6 7 8 8 9 20
881W0X2aI7T9eWgaHRDISE4,8,plain,none,mixed,2 2 7 9 9 10 11 14
881W8KDEC269s8OlF62g8XG,8,distinct,none,distinct,1 2 4 5 8 13 15 16
881W10OIT6Y4aGoPD4kGJ9W,8,distinct,none,distinct,1 2 3 7 11 12 13 15
881WD4GI8eih1H0FaoiQ98O,8,plain,none,mixed,2 2 3 5 8 10 14 20
881W1GejMigQWOa53f1IEL0,8,distinct,none,distinct,1 2 6 8 9 10 13 15
881W2IfLs51GuIX88M1XOA4,8,plain,none,mixed,3 3 5 6 7 9 10 21
881WBJPPF8r9WGJLIYy2me8,8,plain,none,mixed,3 3 5 6 9 10 13 15
881W1II6aaAQJA5zXmX714K,8,distinct,none,distinct,1 3 4 5 6 10 17 18
881W8N4vLKQA2WehaKz52We,8,plain,none,mixed,3 4 4 6 8 9 11 19
881W0cJn9IE6XP188f5o50u,8,plain,none,mixed,1 1 5 6 10 11 11 19
881W294O891kJ8IA5BbpXWG,8,distinct,none,distinct,2 3 5 8 9 10 13 14
881W2510QB5XXB0WO2p9G63,8,plain,none,mixed,1 2 3 5 5 7 18 23
881W54aC888KY5522YMBD74,8,plain,none,mixed,1 3 4 5 5 7 19 20
881W0KEYgA4-KgWI4k6Bs4K,8,plain,none,mixed,2 2 4 5 11 11 14 15
881W28d27e54H1QPLRHfCL2,8,plain,none,mixed,1 1 7 7 8 9 12 19
881WA218pOC3HG10Z63QfYv,8,plain,none,mixed,1 1 2 5 6 16 16 17
881W8WmX0X7axC9GfPOQHKe,8,plain,none,mixed,2 4 5 5 6 6 10 26
881W2qg29ow412Luvifm946,8,plain,none,mixed,2 3 5 7 7 11 11 18
881W6JQD64YJ1WKYX85Ke48,8,plain,none,mixed,1 3 5 6 6 10 14 19
881W2A8uKLN5IWKCp2d2w21,8,distinct,none,distinct,1 3 4 6 9 11 14 16
881W3bJ2E5UCGg2KHXQIfuC,8,plain,none,mixed,1 2 6 6 7 9 11 22
881WCaf9ltPDXGWXqQIsGW8,8,distinct,none,distinct,2 3 4 8 10 11 12 14
881W2Av4YbQGa0K3cpKS8jI,8,distinct,none,distinct,1 2 5 8 9 10 13 16
881W4gaXJAgB28KHRiAfaWa,8,plain,none,mixed,2 3 5 8 9 12 12 13
881W8VIfYaI5P88geWH5YaH,8,distinct,none,distinct,1 3 4 5 6 7 16 22
881W6B6u64eKE4YmA5531G2,8,plain,none,mixed,1 2 4 5 9 9 15 19
881W328PC94X8em8qAg6XEa,8,plain,none,mixed,1 5 6 6 8 12 12 14
881W824Y62aLJ6D6I5oX0t8,8,plain,none,mixed,1 4 4 5 6 13 15 16
881W2WWWTq6u_GG65zAmmIK,8,plain,none,mixed,1 2 8 8 8 9 14 14
881W0YMILS0Y0c9qE6rrQW9,8,plain,none,mixed,1 1 6 7 8 11 14 16
881W0bYoo559126I5JxHmWW,8,plain,none,mixed,1 4 5 6 10 10 11 17
881W6aHBAMpI1D1-9Ke1ece,8,plain,none,mixed,1 2 3 7 8 8 12 23
881W2IFr48DNmYPaegZ9GFX,8,distinct,none,distinct,1 3 4 7 9 10 11 19
881W4H5cov4L15GafeKIAiH,8,distinct,none,distinct,1 4 5 6 9 11 13 15
881W0GYHjOiOa5GI96fL4Y6,8,plain,none,mixed,1 2 4 7 10 13 13 14
881W0HKOHYUFAG896UPbqxc,8,plain,none,mixed,1 4 4 7 8 11 12 17
881W4BWA6A7Y2GMBLGqeefa,8,plain,none,mixed,1 2 6 6 7 11 13 18
881W2H11m3YB08cAP2HecP8,8,plain,none,mixed,1 1 2 8 9 12 12 19
881W64Ga9DTWo0FbHMAZ4qA,8,distinct,none,distinct,1 2 4 7 8 11 14 17
881W8IHI962oOXXmG8qMvM4,8,plain,none,mixed,1 2 3 8 9 9 11 21
881W8aKI8Nmr4nHFWGCyg4O,8,distinct,none,distinct,1 2 4 5 6 9 12 25
881W8Lbgtb9C10CfBpaGoWO,8,plain,none,mixed,1 4 4 7 7 10 14 17
881W8EegIDGb10QhbTpowWW,8,distinct,none,distinct,2 3 5 8 9 10 11 16
881W0b5eg310KH3WaE57lOC,8,plain,none,mixed,1 2 4 5 9 9 10 24
881W3281n4BIePYfhZ9qXIq,8,distinct,none,distinct,1 4 5 6 9 10 11 18
881W72YBoC82f0WeBLdGaYZ,8,plain,none,mixed,1 1 5 7 8 13 14 15
881W0Y1v9iSc1Q3JAA4bMbA,8,distinct,none,distinct,1 3 5 7 9 10 13 16
881W0mb4IJ9650qROAfGpWG,8,plain,none,mixed,1 3 4 5 11 11 12 17
881W4qI98aG8Y8552136jKg,8,plain,none,mixed,1 3 5 5 7 7 17 19
881W4ocn1GYYp1G8IbeG68u,8,plain,none,mixed,1 1 2 3 6 11 12 28
881W00_fmUCsh2HWYV34T3a,8,plain,none,mixed,1 1 3 9 10 12 13 15
881WA4YWeFYI8oCM7Sn8GG9,8,plain,none,mixed,1 1 3 7 7 12 14 19
881W4YbOaI5H8WG8A4iIH9X,8,plain,none,mixed,1 6 7 8 9 9 11 13
881W2H6GHK6c00KwUccpReC,8,plain,none,mixed,2 3 6 8 8 10 10 17
881W1WaH8frjOWa11YSIHJ6,8,distinct,none,distinct,1 3 4 5 6 8 17 20
881W2X5c4K8IWHaoD2nzJ8I,8,plain,none,mixed,2 2 5 7 8 9 13 18
881W8aBIMDJa3W4MICNNH4I,8,plain,none,mixed,1 4 4 6 9 10 12 18
881W105b7cA4b88TKcAqdm8,8,distinct,none,distinct,1 2 5 6 8 11 12 19
881W0O9LFurAYeYPIAI0qf0,8,distinct,none,distinct,1 2 4 6 7 12 15 17
881W4HHJQEqhP08Pqaaiayn,8,distinct,none,distinct,1 5 6 7 9 10 11 15
881W3AjQZ9bYuWWGq9Qd4A2,8,plain,none,mixed,3 3 7 8 8 9 11 15
881W1F4aAY3301J5IrnGXmO,8,distinct,none,distinct,1 2 4 6 8 12 13 18
881WA0SEG2FW9YOC5NRHI4J,8,plain,none,mixed,1 1 1 7 9 12 15 18
881W3EAbL-6aGa98pWv5GZ8,8,plain,none,mixed,1 6 7 8 10 10 10 12
881W28XYIOqQ710bCP0WGvY,8,plain,none,mixed,1 1 5 6 8 10 14 19
881W452W8KA4GDJPg50mO85,8,plain,none,mixed,1 3 4 6 7 7 12 24
881W92GA2hO005LYIAD1Geb,8,distinct,none,distinct,1 2 3 5 6 9 15 23
881W50gDI215w0GmvQb9k32,8,plain,none,mixed,1 2 7 7 8 9 13 17
881W16KQKH4MZ51WNDCa-EG,8,distinct,none,distinct,1 2 6 7 8 10 14 16
881W22J7JVZ2IhX8AoeQi8W,8,plain,none,mixed,1 2 5 6 11 11 13 15
881W1mZGiDS0f4aa51oSaA6,8,distinct,none,distinct,1 2 4 8 9 10 14 16
881W8Y1AZlpj4G59bHfB98G,8,plain,none,mixed,2 4 4 6 6 9 13 20
881W4265acE6eGAn6Z0n53Y,8,plain,none,mixed,1 2 4 7 8 8 14 20
881W2o4kaOIw4W46z3ncGb4,8,plain,none,mixed,1 2 4 5 12 12 13 15
881W5EZGaM4Goef44ZoGKD4,8,distinct,none,distinct,1 2 4 5 6 14 15 17
881WCb0GPA-r5145XSPmO4G,8,plain,none,mixed,2 2 3 4 8 12 15 18
881W0oPF88GoPoHUNA684eX,8,plain,none,mixed,1 5 5 5 6 8 10 24
881W31SFcRKw20IK4fCX2aa,8,plain,none,mixed,2 3 5 6 7 7 17 17
881W08HL4d9OW9As2175d9Y,8,plain,none,mixed,1 3 4 5 8 8 14 21
881W93P42GnfWKpT2vKqCwG,8,distinct,none,distinct,2 4 5 6 7 9 10 21
881W01na92AS10cGIz5MwzI,8,plain,none,mixed,1 1 5 5 6 13 14 19
881W4WG8FIqN8c547YY1GOG,8,distinct,none,distinct,1 2 3 5 9 10 14 20
881W0KN5DXXtQI8GPCLLLnH,8,plain,none,mixed,3 4 4 6 7 9 11 20
881W4b2JQrIWmGDGEP8mKWm,8,plain,none,mixed,1 1 3 6 11 11 15 16
881W49f3T0gaaGq3wJ6IgOe,8,plain,none,mixed,1 2 3 7 9 9 12 21
881W12I53bYYHGeWWGvAaWC,8,plain,none,mixed,1 2 2 7 7 9 10 26
881W18WbYG4310WOA8qI8LA,8,plain,none,mixed,1 1 1 9 11 11 12 18
881W4T4cIIH8OA3aMH8af4H,8,plain,none,mixed,2 3 3 6 10 11 14 15
881W4XaOK3If8WO9aiOkdM9,8,plain,none,mixed,4 4 5 6 6 10 12 17
881W4YfAK220YG6392jt1WG,8,plain,none,mixed,2 2 2 6 8 10 16 18
881W2an44_0Weh88QU2hf6Y,8,distinct,none,distinct,1 3 4 6 7 9 16 18
881W8a94C6H3104cB5mr31W,8,distinct,none,distinct,1 2 3 4 6 13 15 20
881WA8BSE8r4X13NoBqucI5,8,plain,none,mixed,2 2 5 8 8 12 13 14
881W8I4oL9nEeE55J8I8-CW,8,plain,none,mixed,1 3 3 8 8 12 13 16
881W422WZ42319GuG4p1WIP,8,plain,none,mixed,1 1 2 3 4 15 18 20
881W8HOMiefT60L4ijLr8ae,8,plain,none,mixed,2 4 5 5 7 12 12 17
881W1Cpu8KI4MI0NK6AGC52,8,plain,none,mixed,1 1 2 5 9 12 13 21
881WAB10vL8ai453K40WSNG,8,plain,none,mixed,1 2 3 3 7 11 16 21
881W62c7912YR9Y9KQYXHL1,8,plain,none,mixed,1 2 3 3 8 8 19 20
881W2XGHCL5IQGqA3f60y81,8,plain,none,mixed,1 4 5 5 6 11 15 17
881W4CmWe210uOHeyU54A41,8,plain,none,mixed,2 2 3 3 6 8 20 20
881W0YA4zLkXWc5o64X5CoC,8,plain,none,mixed,1 4 7 8 9 9 10 16
881W0s98W8AAR1D5L9aN8YI,8,plain,none,mixed,1 3 5 7 9 10 10 19
881W0WLAY84E2X2YCaI21ne,8,plain,none,mixed,1 2 3 3 5 12 13 25
881W8adaM6OZm8CKJ3Spr10,8,plain,none,mixed,1 1 6 6 11 11 14 14
881W2E82nN8MWcYnf2mmlV0,8,plain,none,mixed,1 4 5 5 8 9 11 21
881W4aemCC4A1G5XGdP93Xm,8,plain,none,mixed,1 2 2 4 7 10 18 20
881W2HbmisM3204AJaOb2Wm,8,plain,none,mixed,3 3 5 5 7 9 12 20
881W18M2E2RLeHqC4YQYbY6,8,plain,none,mixed,1 1 4 5 10 11 12 20
881W1XSu1nILHmGA3ra36ya,8,plain,none,mixed,3 4 4 5 6 7 7 28
881W2PWG8H4ag0OC3ePCeL9,8,distinct,none,distinct,1 2 4 5 7 8 13 24
881W0qUGGeA6AYm415qI951,8,plain,none,mixed,2 2 3 3 7 8 19 20
881W251-3JYyIB4XF7b1H48,8,plain,none,mixed,1 3 4 6 6 13 14 17
881W0nadDjA31G8GBUOfp08,8,plain,none,mixed,1 2 4 5 10 13 13 16
881W54OZaHpd0XZF98SbfeC,8,plain,none,mixed,1 3 5 6 10 11 11 17
881W4DwD5UaXXG9CaAuXQX4,8,plain,none,mixed,1 6 7 7 8 11 12 12
881W1OGfCGgH20W87lyHgqI,8,plain,none,mixed,1 2 5 9 10 11 11 15
881W0uIOkPIL21CI2YKWoeI,8,plain,none,mixed,1 1 4 5 9 13 15 16
881W59ZGNATF8T2KuaW9CLG,8,plain,none,mixed,1 1 5 6 8 10 11 22
881W01bmrAA2c8I8Ju6pbnG,8,plain,none,mixed,1 1 2 5 11 13 13 18
881W9D2knlJ110CS2QKHX9C,8,plain,none,mixed,1 1 6 10 11 11 11 13
881W6I70XI5XI58KYWmGoIm,8,plain,none,mixed,1 3 5 5 8 9 9 24
881W0ikAkkfSn26T41UAca8,8,plain,none,mixed,1 4 4 8 9 10 13 15
881W496E4KC910suv5p3Wm8,8,plain,none,mixed,1 1 6 6 8 10 14 18
881W8X8qgxIS5218hZacX8Y,8,plain,none,mixed,1 5 6 7 7 11 12 15
881W1A4YfDUL30aKsKmmOL4,8,distinct,none,distinct,1 4 5 6 8 10 13 17
881W0PSWm3n0X8kHCo92a8e,8,plain,none,mixed,1 1 2 3 10 13 15 19
881W0G886acYA0O42XXI9yn,8,plain,none,mixed,1 1 4 6 8 9 10 25
881W2MaJkgrZ0XDGKQOL0TI,8,plain,none,mixed,1 2 3 6 9 12 12 19
881W9KdoLvCA20CPHY30Y8S,8,plain,none,mixed,1 3 4 5 10 10 12 19
881W0OCAbgOn0WeQ72X2oK4,8,plain,none,mixed,1 3 3 5 8 9 15 20
881W3X10HpuW95IZSY90GKK,8,plain,none,mixed,1 2 3 5 6 7 20 20
881W54SBHeaGW9f846hIcGI,8,plain,none,mixed,2 3 3 7 7 13 13 16
881W38G58bikWea52HJ7kO4,8,plain,none,mixed,1 1 5 7 7 9 11 23
881W1b94lcgj1Z4jGm24ma6,8,distinct,none,distinct,1 4 5 6 8 9 12 19
881W1KYWaNWeG2EK4EAamA9,8,plain,none,mixed,1 1 2 5 6 13 15 21
881W9HefUsWnGmb6bSWZ4O2,8,plain,none,mixed,1 3 6 8 8 10 11 17
881W0ADAi0eUWg7163posOI,8,plain,none,mixed,1 1 3 4 8 15 16 16
881W08HIleaPyHCe42cCgYm,8,plain,none,mixed,1 2 5 8 8 12 12 16
881W0A7JkXWanBDAGe11Ce8,8,distinct,none,distinct,1 3 4 5 6 7 16 22
881W2f8KH2YbAG211UjgIa5,8,plain,none,mixed,2 2 5 5 7 8 11 24
881W9CoP0eMoHW4A50YiM54,8,plain,none,mixed,1 4 5 6 6 6 7 29
881W52G84S0KXPKg2Y9aQF5,8,plain,none,mixed,2 4 4 5 5 13 15 16
881W2Cc7DcD91MW71n6RWm1,8,plain,none,mixed,1 2 2 8 8 9 16 18
881W38K71ubXGKa65GeQGgG,8,plain,none,mixed,1 3 5 6 6 7 9 27
881W11CkbI9EPaK98mWQ6b8,8,plain,none,mixed,2 3 4 4 5 12 15 19
881W811OpK3o8h1WYFrXegO,8,plain,none,mixed,1 1 4 8 8 10 15 17
881W1GHoQCDCM5Ca98DaeYW,8,plain,none,mixed,2 2 4 9 10 10 13 14
881W03T_52ddGoLIGrCO6f0,8,distinct,none,distinct,1 2 3 5 8 11 16 18
881W53UuH96nA0WWWqqbHr5,8,plain,none,mixed,2 2 5 8 9 9 11 18
881W4Hr0MMg4YOaIqCBMLvG,8,plain,none,mixed,1 4 4 5 7 12 13 18
881W15PDfy2Wf2ea2QMyHaf,8,plain,none,mixed,2 3 5 8 9 12 12 13
881W820G2I6hGML9If2fqYG,8,distinct,none,distinct,1 2 4 7 8 10 15 17
881W0GxP2YDjP14rA4u3egM,8,plain,none,mixed,1 3 6 6 7 7 13 21
881W4176WpAOSD8QqA5oefG,8,plain,none,mixed,2 4 5 6 6 11 15 15
881W0WO4CMa460I8312dXGa,8,plain,none,mixed,1 1 2 5 6 8 19 22
881W104F9Szo90aC32AcAe9,8,plain,none,mixed,1 3 4 7 7 8 13 21
881W22Ofq3YfI8IIrmuYY9C,8,plain,none,mixed,1 5 6 6 9 9 10 18
881W0enxODSK10KKHZ91WfY,8,plain,none,mixed,1 1 6 7 8 10 14 17
881W49ade11CSWWAfutJuYI,8,plain,none,mixed,1 3 4 9 9 9 10 19
881W47Q6a4ZkN60oaAabhRG,8,plain,none,mixed,2 3 3 8 8 10 14 16
881W0uW9QteeC0Y665D1IC9,8,plain,none,mixed,1 1 3 4 5 12 18 20
881W1H48H8eMX4I96ScJFcY,8,plain,none,mixed,3 4 6 6 6 7 15 17
881W89H8oB6I0WfK-0mbYeI,8,plain,none,mixed,1 5 5 6 7 10 13 17
881W0G42ik4qaWaV322fQaa,8,plain,none,mixed,2 3 3 6 8 8 10 24
881W1f4WG4H7gOOA4oee02Y,8,distinct,none,distinct,1 2 3 4 5 10 13 26
881W4Hmv3WoKI86LhDe12LG,8,plain,none,mixed,1 2 2 5 7 11 12 24
881W1A59nnFWmG8GpUdWeIn,8,plain,none,mixed,1 2 4 7 10 10 15 15
881W8WXWLKpOKd0bEfPHOg2,8,distinct,none,distinct,1 3 5 6 9 10 11 19
881W18vT05QkmLAyCcZ5g20,8,plain,none,mixed,2 2 3 5 10 10 13 19
881W298EbY9348YT1eaR708,8,plain,none,mixed,1 1 5 6 7 8 15 21
881W1B4iON4e8IF4MGYoicn,8,distinct,none,distinct,1 2 3 5 10 11 14 18
881W10HQf4231WoPGeg10We,8,plain,none,mixed,2 2 2 3 9 12 15 19
881W20Yj9e421OWqQM624WO,8,plain,none,mixed,1 1 2 5 10 11 11 23
881W34W9l4KU2Xf9f5L10GM,8,plain,none,mixed,1 3 4 4 10 11 12 19
881W4yGzIq5DGXZ66gpWh2X,8,plain,none,mixed,1 3 5 8 10 10 13 14
881W0LXb8c20kH9HmCBr52Y,8,plain,none,mixed,1 1 4 6 8 9 15 20
881W14MGS845gl0G94DJ5XI,8,plain,none,mixed,1 2 3 6 6 11 14 21
881W8I4va2jhKGnAQ8MIN88,8,plain,none,mixed,1 1 7 8 10 10 11 16
881W3111ImvZHa8ITG0GGwH,8,plain,none,mixed,1 1 4 6 7 7 10 28
881W19XFOPBCC0a9SH7IubX,8,distinct,none,distinct,1 2 6 8 9 11 12 15
881W0P8WMDk3KA53YfLJ898,8,plain,none,mixed,1 2 5 7 9 12 14 14
881W0G-YWLr30LaKA8PwY8P,8,plain,none,mixed,1 1 4 5 10 12 13 18
881W460WV20gXoIgL2I0um8,8,plain,none,mixed,1 1 3 5 7 11 16 20
881W0LAdByDKr715a4nuW6i,8,distinct,none,distinct,1 2 4 7 8 11 14 17
881W28s8a11fI4KvGuOHmou,8,plain,none,mixed,2 3 3 7 8 9 10 22
881W0aGIA72XXHH8aISmmaY,8,plain,none,mixed,1 3 6 7 8 12 12 15
881W8CWENA0G8vWG83DkIQY,8,plain,none,mixed,1 2 2 3 7 8 16 25
881W90IWa9d2v32HCikWqC9,8,distinct,none,distinct,1 3 6 7 9 10 12 16
881W2XKSA9X34G431xhuX98,8,distinct,none,distinct,2 3 4 5 6 8 14 22
881W0N3YICeqZ24IYYHewnY,8,plain,none,mixed,1 2 4 5 8 12 12 20
881W24YNebYhiJ06FNKI0qb,8,plain,none,mixed,1 2 4 7 10 10 13 17
881W4RWOyyA4rO89On1I34Y,8,distinct,none,distinct,1 2 4 6 9 12 14 16
881W2A0neRGOuWeDuhHeOR8,8,plain,none,mixed,1 2 3 6 9 9 15 19
881W9IfUWmK8qGH420YI5aY,8,plain,none,mixed,1 4 4 5 5 8 10 27
881W1I9NtCn1Y4aCoyJmb25,8,plain,none,mixed,1 6 7 8 9 9 11 13
881W08AOnYISGvGP54axwy8,8,plain,none,mixed,1 3 3 7 8 12 13 17
881W4AaXWmIaomWIwP4wH21,8,plain,none,mixed,1 2 6 7 7 8 10 23
881W8C8YGOx2S4QgI9qAVCO,8,distinct,none,distinct,1 3 4 6 9 11 13 17
881W2g8Lo6LdG4OIqlXSaB4,8,plain,none,mixed,1 3 5 8 11 11 11 14
881W211rEYn94PWm881PLOW,8,distinct,none,distinct,1 2 3 5 7 13 14 19
881W089YYEqq0XKiJkMZoqa,8,plain,none,mixed,3 4 4 7 8 10 13 15
881W10HGM61GcX0X86Eh1Gk,8,plain,none,mixed,1 1 3 6 7 11 13 22
881W8QCvWq7oQ8X4Uk2IG2a,8,plain,none,mixed,1 2 4 8 10 10 11 18
881W0cIhMA5Y12GGuH8Z9uC,8,plain,none,mixed,2 3 5 8 9 9 14 14
881W2rULIXmqXI8gKa40958,8,distinct,none,distinct,3 4 5 6 7 8 9 22
881W9GeiK9b2A2421eaHmG7,8,plain,none,mixed,1 1 5 5 9 10 14 19
881WCLIafAnJ88Y7laHMWoK,8,distinct,none,distinct,2 3 4 7 9 12 13 14
881W10ugNx6220eOAfe4Hu4,8,plain,none,mixed,1 1 5 5 9 10 11 22
881W5cegD8d4YJ00H75MG8e,8,plain,none,mixed,1 2 3 7 7 10 14 20
881W49mDfOf3AOmGbhAw0Z6,8,plain,none,mixed,1 1 3 8 10 13 13 15
881W0MXGadZoPXfO42wKW2C,8,plain,none,mixed,1 1 3 3 11 13 16 16
881W28O9oz6VC29IYc2D7gn,8,plain,none,mixed,3 3 4 6 8 11 11 18
881W4aFMQ9Aqn0ZHQ9HSWl1,8,distinct,none,distinct,1 4 5 8 9 10 13 14
881W31qW8BU6WiaK8d5SIQi,8,plain,none,mixed,1 2 6 9 10 10 12 14
881W0WkLcYnOgXW984A9YGX,8,plain,none,mixed,1 1 6 8 8 10 13 17
881W9EOdauD4EW8nXUF9Uka,8,plain,none,mixed,1 4 4 7 7 8 15 18
881W39Kfik62X8OGC58m40W,8,distinct,none,distinct,1 2 3 6 7 10 12 23
881W2Wmh8wDr8aAHCSZH8em,8,plain,none,mixed,1 5 7 8 8 11 12 12
881W2Bs9Cu41I6HqCkv31cI,8,plain,none,mixed,3 4 4 5 7 10 11 20
881W3NR7I512oeH0OYewO0m,8,plain,none,mixed,1 3 3 4 7 12 16 18
881W0pPO9XOC24mTaA230u5,8,plain,none,mixed,1 2 2 5 7 10 12 25
881W4A9LO5U30WeAUAIXIH8,8,plain,none,mixed,1 3 8 8 9 10 11 14
881W28_8mBZZ10me8Nt49H4,8,plain,none,mixed,1 1 3 6 11 13 14 15
881W4YU3MHaHOI9i64YQggC,8,distinct,none,distinct,1 2 6 7 9 11 12 16
881W9AaHGRDKaXXf350eW8Y,8,plain,none,mixed,1 2 3 8 8 10 12 20
881W2cWtL291MXn1JJhX929,8,plain,none,mixed,1 1 2 9 9 11 11 20
881W2B28Ymz5SGGpY8aPOxI,8,plain,none,mixed,1 5 6 7 7 10 12 16
881W2Ye8doN424mMn98NWW9,8,plain,none,mixed,1 1 3 4 6 9 19 21
881WE2XCgQ2GmQ844H7mX4c,8,plain,none,mixed,1 1 4 9 10 12 12 15
881W4AY60nogbWmeYHyEAma,8,plain,none,mixed,1 4 5 5 6 8 10 25
881W05eZKQ67mBaA2n4hBZH,8,distinct,none,distinct,1 2 3 7 9 11 13 18
881W1Isbm52egILf8A0M1rP,8,plain,none,mixed,3 3 4 4 5 9 16 20
881W2J5TL24214aAjD4X3W9,8,plain,none,mixed,1 3 6 6 8 9 12 19
881W2A3OlnQA60mWbYaWmfC,8,plain,none,mixed,1 3 4 6 8 8 15 19
881W0E4ymsPE11ZQIdaHXmO,8,plain,none,mixed,2 4 4 5 7 11 15 16
881WBafI97YH10nua2GaX8A,8,plain,none,mixed,2 2 4 7 10 11 13 15
881W41KasY6A10cScKgYX1W,8,plain,none,mixed,1 1 6 7 8 9 11 21
881W4H9cGu13gneyYXWW8aX,8,plain,none,mixed,1 2 3 5 5 11 12 25
881W4IqoM8uX9W82J4w3ZSH,8,plain,none,mixed,1 1 4 8 9 10 14 17
881W18z68r6WgIP8wyrSWa1,8,distinct,none,distinct,1 3 4 6 9 11 13 17
881W4Y801zaIA98e2YWqPMq,8,plain,none,mixed,2 4 4 5 6 8 9 26
881W1enIKy4YQ8G4Sg3cJ2I,8,distinct,none,distinct,2 3 4 5 10 11 14 15
881W1XGZKeCA2GWF5IPB1WG,8,plain,none,mixed,1 3 5 7 7 8 12 21
881W9F4YKG26954YcpX1WmA,8,plain,none,mixed,2 2 4 5 6 13 14 18
881W2XLR8SMs00OMKZ4H8fI,8,distinct,none,distinct,1 2 4 7 9 11 12 18
881W51v7J2321WGGu2rqWWe,8,plain,none,mixed,1 1 2 8 8 11 16 17
881W8bECoRBY0qGO7TUGc6Y,8,plain,none,mixed,1 2 5 9 11 11 11 14
881W18aPab2CH8CHDcYYn52,8,plain,none,mixed,1 4 4 5 7 9 14 20
881WEIn8c31aSM015IbKKWI,8,plain,none,mixed,1 2 4 9 9 9 10 20
881W0JwS551SiAXYGmJiMv1,8,plain,none,mixed,2 3 6 6 6 9 9 23
881W0WaJsZD2b8IK55AWaf4,8,plain,none,mixed,1 6 7 8 8 9 10 15
881W2D1OIIR1Gc8cS44XeJ8,8,plain,none,mixed,1 1 5 6 8 9 16 18
881WCBefZ0WgHKZAPG436QG,8,plain,none,mixed,1 2 5 7 7 7 8 27
881W21qQbd-XGe4AEUa4o04,8,plain,none,mixed,1 1 5 9 10 11 13 14
881W2HLH8a2IHW8GO4aSE6b,8,plain,none,mixed,3 3 4 4 7 10 16 17
881W2HYGeKcd85IvJ0OaGC9,8,plain,none,mixed,1 3 4 6 7 13 13 17
881W1A4eAf8S40K5oU631eI,8,plain,none,mixed,2 2 4 5 5 8 15 23
881WACbGOUB6r80XCHb254Y,8,plain,none,mixed,2 4 6 7 7 9 14 15
881W2nRGeYHUmGef5AHA654,8,plain,none,mixed,2 2 4 6 8 11 11 20
881W2qceGZiwmWndmlRgFG2,8,plain,none,mixed,1 5 5 6 8 8 12 19
881W1GS86p64cG89318oIWm,8,plain,none,mixed,1 3 3 6 7 7 14 23
881W28MjY862X8IXSrAH5H8,8,plain,none,mixed,1 3 5 6 7 12 12 18
881W9IyqI616Y831H2Qhc0W,8,plain,none,mixed,2 3 3 3 5 10 16 22
881W0aWG9752B7000XCYvKm,8,plain,none,mixed,1 1 1 7 8 8 10 28
881W52WgsQH088aKIA13vEK,8,distinct,none,distinct,1 4 5 6 7 9 13 19
881W14WHu4XGWBeCA70WC4A,8,plain,none,mixed,1 1 2 5 6 12 16 21
881W19K44CK8Z0A10Qr_oOi,8,plain,none,mixed,2 2 2 4 5 7 14 28
881W0A64SkMk8IHn95IPPaH,8,plain,none,mixed,2 4 4 8 9 9 11 17
881W0GgAQ8gP51e625T5XGQ,8,distinct,none,distinct,1 2 4 5 6 7 17 22
881W1WeRgk9o8WgH7X3kigW,8,distinct,none,distinct,1 2 4 8 9 12 13 15
881W2WaWKKHM4G874St-B4c,8,plain,none,mixed,1 4 4 5 8 13 14 15
881W2sCg5WZ6X55EM_lIKB0,8,plain,none,mixed,2 2 5 6 9 11 14 15
881W88HMQf50WGfOyOlHn1G,8,plain,none,mixed,1 2 4 8 8 12 14 15
881W07WGMN5g9JD5KtYH4M8,8,distinct,none,distinct,1 4 5 7 8 9 11 19
881W2E0afrWX1YGauCKoOn4,8,plain,none,mixed,1 1 4 7 8 11 14 18
881W218Bk9CXGWaAFCbHBZ1,8,plain,none,mixed,1 6 6 8 9 10 11 13
881W0InGeKQTWo91cJ4aQD0,8,plain,none,mixed,2 2 5 6 7 10 10 22
881W68OHObiG529L9pCYIO2,8,plain,none,mixed,1 2 2 5 6 13 15 20
881W8gOgLBa24XHf4eK0JGK,8,plain,none,mixed,2 3 3 4 8 10 13 21
881W0eDt6KNXL0YUH5LNGIP,8,plain,none,mixed,1 3 6 8 10 11 11 14
881W9J8YJAJP519a2HGGXWE,8,plain,none,mixed,1 3 3 6 8 13 15 15
881W1baID44WI973X91bIWO,8,distinct,none,distinct,1 2 5 6 8 12 13 17
881W94hIYkrKA0COHA2Xhb9,8,plain,none,mixed,1 3 6 7 9 9 14 15
881W10HNTJ9uPL4x8YE1DO8,8,plain,none,mixed,4 4 5 5 7 11 12 16
881W23quLysPB1GbaGp420n,8,plain,none,mixed,4 5 5 6 7 8 8 21
881W21mMRtBAbGeQ9A9IGGW,8,plain,none,mixed,2 4 5 6 11 11 12 13
881W4nLIPA2gWK22v5r8-IG,8,plain,none,mixed,2 4 7 7 7 9 10 18
881W4aWtAIaI899yO9PerOH,8,plain,none,mixed,2 3 6 6 6 10 12 19
881W6D7Mx6T70Wb4qbaIWW8,8,plain,none,mixed,1 4 4 7 8 12 13 15
881W2ICwGaT3z0I2oAYgA2o,8,plain,none,mixed,1 1 3 8 8 8 17 18
881WEXCGUEOUWG342jWr9LC,8,distinct,none,distinct,1 2 4 7 9 10 14 17
881W1IegSBmH62B6Jar0JHI,8,distinct,none,distinct,1 2 3 6 9 11 12 20
881W2V0FW8iPH1RMT4oA6ae,8,plain,none,mixed,1 3 5 5 6 9 17 18
881W0WGfFiDCKD4rPA6WeY8,8,plain,none,mixed,1 2 8 8 10 11 12 12
881W1GPifDLCqO84NaQf8u4,8,plain,none,mixed,2 3 4 7 9 9 12 18
881W32GbLXK30XGwz1OpuKI,8,plain,none,mixed,2 4 5 8 9 9 11 16
881W1E6R4aO8IA43oP70WKQ,8,plain,none,mixed,1 3 3 4 5 13 16 19
881W2WaZHLOVXWe93ReCASW,8,plain,none,mixed,2 2 4 5 6 12 14 19
881W5PmagY14YGCAeC16GPC,8,plain,none,mixed,1 3 4 8 9 11 11 17
881W8KCeeMEmu9G8996obP9,8,distinct,none,distinct,2 3 4 7 8 9 15 16
881W2n3bpyeH8PG4J1XCXYW,8,distinct,none,distinct,1 2 3 8 9 12 13 16
881W6DBZnFHY487CI1nOFGe,8,plain,none,mixed,1 2 3 5 11 11 13 18
881W2W4J6LDCeec81nVERs8,8,distinct,none,distinct,1 2 4 7 8 10 11 21
881W27F9Cx5WJ8X4ikaIg0W,8,plain,none,mixed,1 2 5 6 9 9 15 17
881W5oXL2kQwC48P7Y2rf8W,8,plain,none,mixed,1 3 5 8 9 12 12 14
881W08QFCF4aA1GOD51aWbX,8,plain,none,mixed,1 1 2 4 10 11 15 20
881W43jmGzo29048ALf4Z9B,8,plain,none,mixed,1 1 2 8 10 12 14 16
881W4358446Rw0YInX1B9ZL,8,plain,none,mixed,1 2 4 4 6 9 12 26
881W0W8I5ebP2WO7337sB5W,8,distinct,none,distinct,1 2 3 6 7 11 12 22
881W0mhEJX0YW8igD4U9DG8,8,plain,none,mixed,2 4 5 6 9 9 13 16
881W0DXI45avIcanGHZ1WpY,8,plain,none,mixed,1 3 3 5 6 10 16 20
881W82Lyo4Bb311W6BIKJLg,8,plain,none,mixed,1 3 4 5 10 13 14 14
881W0OX9ace-oXab42zqM48,8,plain,none,mixed,1 1 3 5 10 14 14 16
881W3PdOiS2nsX0HI21I782,8,plain,none,mixed,1 1 7 7 7 8 16 17
881W4MJ0X9AZP0b271G61Ip,8,plain,none,mixed,1 3 4 5 6 6 9 30
881W0A7LR43XGUHW864QHGH,8,plain,none,mixed,1 1 4 4 5 14 15 20
881W6Ge631MRX085YmKgP4C,8,plain,none,mixed,1 4 5 5 6 8 9 26
881W4YT5m03qw5Oq75Y3M0a,8,plain,none,mixed,2 3 3 4 5 8 11 28
881W4CAD8waC20J6532YYnK,8,distinct,none,distinct,1 3 4 5 6 8 18 19
881W0hYD4a1Z4WChbgfo8fK,8,plain,none,mixed,1 4 4 8 9 10 11 17
881WCXHMAQ9u96GBwc50f8H,8,plain,none,mixed,1 1 7 8 9 11 11 16
881W59WKCrU31GG2cAejp0W,8,plain,none,mixed,3 3 3 3 9 10 15 18
881W2JCG2iLD1239L2tpp84,8,plain,none,mixed,1 3 4 5 5 12 13 21
881W6KOyeO634WHfQxA10WG,8,plain,none,mixed,4 5 5 6 6 8 9 21
881WCH8DYTZHWmX8gE68GGA,8,plain,none,mixed,1 1 2 8 9 10 16 17
881W0WLLIaE8j08IIEtvn97,8,plain,none,mixed,1 3 7 7 9 11 12 14
881W1gLb9rf1m48OjQdheAm,8,plain,none,mixed,2 5 6 6 10 10 10 15
881W0r3SAkmiOY2QKvQAsD9,8,plain,none,mixed,2 4 5 5 8 12 13 15
881W20XBEMA2y4OLLw2obqe,8,plain,none,mixed,2 3 3 6 10 10 13 17
881W2AqF3LyYOt9wSVQ24C0,8,plain,none,mixed,2 3 5 9 9 10 11 15
881W294KIKE0eOuS9F1GX32,8,plain,none,mixed,1 2 3 6 10 13 13 16
881W417YH64aQ9WWf30WmJI,8,distinct,none,distinct,1 2 3 6 7 11 15 19
881W8gPCTk4654DBC40X2W9,8,distinct,none,distinct,1 3 4 6 8 9 12 21
881W24XGO672Yc0WOx1OG85,8,distinct,none,distinct,1 2 3 5 6 9 18 20
881W9CckePVCqW8H4CZgqb2,8,plain,none,mixed,1 3 6 9 9 9 13 14
881W1YXKq44884A6dND30WI,8,plain,none,mixed,1 2 4 4 5 9 14 25
881W113g4QCuQ8mhDP4Y1AI,8,plain,none,mixed,2 2 3 7 9 10 10 21
881W00kesLD90X6I4BiLnXG,8,plain,none,mixed,1 1 6 7 8 10 15 16
881W0JfgAYHAaUH29GNBWYW,8,plain,none,mixed,1 2 4 6 6 10 14 21
881W0b10GGevWJ2YSI9OeS8,8,plain,none,mixed,1 1 1 7 8 10 17 19
881W3HbGME49KH0Y9EWvEGe,8,plain,none,mixed,2 2 3 7 8 13 14 15
881W2gfOrG283W87d5w2YGO,8,plain,none,mixed,1 1 5 7 7 8 11 24
881W220sG7SpyGgIw6MpaYa,8,distinct,none,distinct,1 2 5 8 10 11 13 14
881WCHT7AXAMD0XLOKfYm9H,8,distinct,none,distinct,1 2 7 8 10 11 12 13
881W0XX4HXo7KG8BTGSoTqc,8,plain,none,mixed,4 4 5 5 7 7 14 18
881W093X9fKgV2HXeMOC6II,8,plain,none,mixed,1 4 6 6 6 7 11 23
881W0WARbUZgHf49AcaUL04,8,distinct,none,distinct,2 4 5 7 8 11 12 15
881W6H8GWgCx884FiiKIuQA,8,distinct,none,distinct,1 3 4 5 6 11 14 20
881W0WHG93GwA9AW8abKQRO,8,distinct,none,distinct,1 2 3 6 9 11 12 20
881W0YTCggnpWM5E32JIIKX,8,distinct,none,distinct,1 5 6 7 8 9 13 15
881W2I4KryOaA0I3uD1XJb9,8,plain,none,mixed,2 2 4 4 9 13 13 17
881W2I4LT4e440KJwB2WpuK,8,distinct,none,distinct,2 3 4 5 8 11 12 19
881W32m9Ja6AIHiXWd7KkX8,8,plain,none,mixed,2 3 5 5 7 10 14 18
881W0GpOK5U0WD4q93Asr0X,8,plain,none,mixed,1 1 2 5 10 13 16 16
881W1IGbgoIYFG4H-JY7rEa,8,plain,none,mixed,1 5 6 7 10 10 12 13
881W20S8CRZ1M0I82pQafB9,8,plain,none,mixed,1 3 6 7 9 9 11 18
881W14nV8A8A4I4v7XRf1WG,8,plain,none,mixed,1 2 2 4 9 11 14 21
881W19Q83Th1GmqgII81Vee,8,plain,none,mixed,2 3 4 8 8 9 11 19
881W91Kbm59hf8PNagik2su,8,plain,none,mixed,4 5 5 6 7 9 11 17
881W8IGENCaK419b34ZqvCA,8,distinct,none,distinct,2 3 5 6 7 9 13 19
881W5Yn84HZY8WmOI9uWeG7,8,plain,none,mixed,1 1 4 6 12 13 13 14
881WA38XNMJHG85SSA4BEHM,8,distinct,none,distinct,1 2 3 8 10 11 14 15
881W232Y8MH8qIXaKE5YD0G,8,plain,none,mixed,1 1 3 4 11 11 14 19
881W93HQiDFt8831cOOei2q,8,plain,none,mixed,1 3 4 7 8 8 14 19
881W6JGOC2GoH98YX8HCK44,8,plain,none,mixed,1 3 4 5 7 7 15 22
881W2OaeQj5e4GO63S2YFYH,8,plain,none,mixed,1 1 3 5 8 10 15 21
881W3163DdRC0WIaHmp08T6,8,plain,none,mixed,1 1 3 5 6 8 12 28
881W1ABa2IZj0RJQAfSMk88,8,plain,none,mixed,1 3 3 9 9 10 14 15
881WABXGG9b1wD1W8juaMK4,8,plain,none,mixed,2 3 5 5 7 7 17 18
881W4cIPBeD3HoG4HBWXCm8,8,distinct,none,distinct,1 2 3 5 9 10 12 22
881W18XH8NNKM8YUH90Ge92,8,plain,none,mixed,1 1 7 7 9 9 10 20
881W2gg4IK5H0WeacLlJo82,8,distinct,none,distinct,2 4 5 6 10 11 12 14
881W8BsWmMCin4JwWhvQH2W,8,plain,none,mixed,2 4 5 6 9 9 10 19
881W15p6WeqYWmb8qGKEAfe,8,distinct,none,distinct,1 4 5 6 7 9 11 21
881W34WmaXfd8b5kwfYWeG6,8,plain,none,mixed,2 4 4 7 8 10 13 16
881W2RAT9HHP0IBiK24POr4,8,distinct,none,distinct,1 2 4 6 8 10 13 20
881W0WOEQT7YC4I92a2KGia,8,distinct,none,distinct,1 4 5 6 7 8 14 19
881W1JcZNCcCc2HYWenP2H4,8,plain,none,mixed,2 2 4 4 5 14 16 17
881W51GVvCTD2GgCe8jvXGG,8,plain,none,mixed,2 4 4 5 9 11 14 15
881W8AdIPkT10LHIYLXOWG1,8,distinct,none,distinct,1 2 3 4 11 12 15 16
881W25o8fOodC4X7fFQXGiH,8,plain,none,mixed,1 5 5 7 7 12 12 15
881W4221A8boH9In8cYHGK8,8,distinct,none,distinct,2 3 4 6 7 9 12 21
881W1W12YB2hKbWo51OmeYW,8,plain,none,mixed,1 2 3 5 5 10 12 26
881W44ff_Kc4gAWedS0Ikd6,8,distinct,none,distinct,2 3 4 7 8 10 11 19
881W4NJf8DgWcI0Pd4Z4eGC,8,plain,none,mixed,1 1 4 8 8 9 12 21
881W021GF699WIdIJ9Y8WmG,8,plain,none,mixed,1 1 4 6 8 12 13 19
881W8II8IlHJPmno953S8gI,8,plain,none,mixed,1 4 5 6 8 12 12 16
881W0mWG9vylaG0C0YfCeGK,8,plain,none,mixed,1 1 2 7 7 9 13 24
881W2XVQEU8OqeWYCD1Awj0,8,plain,none,mixed,3 4 4 6 9 12 12 14
881W29vCQbIemeICUPAQ200,8,plain,none,mixed,1 3 5 8 10 11 11 15
881W20cLY8gamHIHEL0G5Pa,8,plain,none,mixed,1 2 5 7 8 10 10 21
881W3PWe5Xp3K8oI90KYx8m,8,plain,none,mixed,1 1 6 7 9 9 13 18
881W70HGeKgKb90Xa2SuK8A,8,distinct,none,distinct,1 2 3 8 9 11 12 18
881W4ZWIC6Yob020GGg1yop,8,plain,none,mixed,1 1 4 5 6 10 11 26
881W21ykG5MVs8043QOH6ye,8,distinct,none,distinct,1 2 4 6 7 8 15 21
881W4cWoo631IbXGKcOWeYW,8,plain,none,mixed,2 3 5 6 6 12 14 16
881W2XfKX4935X0XFlCo2X8,8,plain,none,mixed,2 3 5 5 5 8 14 22
881W5WKgD6Z2X90WmKXGK9G,8,plain,none,mixed,2 2 2 5 10 11 11 21
881W2fCW9Kp9ZG2546GKH8m,8,plain,none,mixed,2 2 3 3 9 11 17 17
881W2XXG8LL9MmWLS7fWi84,8,plain,none,mixed,1 5 5 8 9 9 10 17
881WCj6N8z9A2G83b9JDx4I,8,plain,none,mixed,2 3 5 5 9 10 14 16
881W928Z4aTuWOJKP19bBh3,8,plain,none,mixed,2 3 4 5 7 12 12 19
881W8gPG1qSdWX5e8b7n_wb,8,plain,none,mixed,3 3 5 5 9 12 12 15
881WA13WaD2PA2YYLbp0W85,8,plain,none,mixed,1 2 5 5 6 11 14 20
881W112WbIxEHX8HEJn9SeG,8,plain,none,mixed,1 4 7 7 8 9 11 17
881WCMB48A4nI8X08doXmGE,8,plain,none,mixed,1 1 3 8 9 12 12 18
881W9giJ7Hfv91pY42NNG41,8,plain,none,mixed,1 3 3 7 9 9 14 18
881W4PJtMTKA600jeb7aH1G,8,plain,none,mixed,1 1 3 7 8 10 13 21
881W122YQ48qGHuCqqHeqiY,8,plain,none,mixed,1 1 5 8 9 11 13 16
881W2IWeC5o81WA2n4-6X8i,8,plain,none,mixed,1 1 2 6 7 7 19 21
881W24rae3XLWIqw0yJVIGY,8,distinct,none,distinct,1 2 3 7 9 10 11 21
881W82QA8aBYKGnb1WoTJZX,8,plain,none,mixed,2 3 4 4 7 7 14 23
881WA31XEOiYnQ8SX620euG,8,plain,none,mixed,1 2 7 8 9 9 12 16
881W2Ht1WAXGYn08KfOYZGc,8,distinct,none,distinct,1 2 3 6 8 10 16 18
881WA3tOn3n9Yn9J5Ce1Wfm,8,plain,none,mixed,1 4 4 5 6 11 12 21
881W191YN89fm9YoBIX9GPa,8,distinct,none,distinct,1 2 6 8 9 11 12 15
881W4QHGuEeWCe43EXL4GF8,8,plain,none,mixed,1 1 3 6 11 13 14 15
881W0EGGLaDB8fP7GlbbAd8,8,plain,none,mixed,1 1 7 8 10 11 12 14
881W2od5g218Xf2AvCvGdWG,8,distinct,none,distinct,1 4 5 7 9 10 13 15
881W908G9Oio1W52aJTcmKO,8,plain,none,mixed,1 1 3 5 8 13 14 19
881W81N6Y56Z4X5JrZ0MB1G,8,plain,none,mixed,2 2 4 5 5 10 15 21
881W2HGq2AeWia622E3FOyG,8,plain,none,mixed,1 1 5 7 7 7 14 22
881W0YmujVTAR0OByH20OII,8,distinct,none,distinct,3 4 5 6 7 12 13 14
881W0K9C2O5o1YeqC4oJGKC,8,plain,none,mixed,1 1 3 8 10 11 14 16
881W50oZX8e2XLGGlOeI524,8,plain,none,mixed,2 2 2 4 8 10 12 24
881W8IH7YNc3HGX8A4JNTe8,8,plain,none,mixed,1 4 6 9 9 11 12 12
881W2aXHGmGqIKXsk58WKA2,8,plain,none,mixed,2 3 4 6 7 7 12 23
881W61UKioT_v4GnoGTH68X,8,plain,none,mixed,1 1 7 8 10 11 13 13
881W6KNqIBAlXe5HIQlXV00,8,plain,none,mixed,2 5 5 6 7 9 14 16
881WAaf8vDHqZWGkAq6l0q4,8,distinct,none,distinct,1 4 6 8 9 10 12 14
881W0QNMHHqa0Y9oFYN5XCY,8,plain,none,mixed,1 2 5 5 7 10 17 17
881W49GXdoC52m8Gg9aj2HG,8,plain,none,mixed,1 1 5 7 8 10 15 17
881W1OWaKLihC0434j7xUI6,8,distinct,none,distinct,1 2 3 6 7 12 15 18
881W4108CNnWf9CaqAMeWE8,8,distinct,none,distinct,1 2 5 6 7 11 14 18
881W1Eq7Jl1P0XFGO99IWOI,8,plain,none,mixed,1 3 4 7 7 11 14 17
881W611AAQ9CAa41yjLXeaW,8,plain,none,mixed,1 2 3 5 11 12 12 18
881W4kCO8-U8Q9H3K8Z6HC5,8,plain,none,mixed,3 3 3 5 8 12 13 17
881W2HMF4W462CWiN2HE4ZG,8,plain,none,mixed,1 2 5 5 7 9 13 22
881W1W1Fw98844aAQAE20eb,8,plain,none,mixed,1 1 2 4 5 7 19 25
881W814af3oDH8P9faXujfG,8,plain,none,mixed,2 3 5 5 9 11 11 18
881W4BaHeR5Y30GGIp4YfGe,8,plain,none,mixed,1 2 2 9 10 11 13 16
881W1HIpQ2gUWWIgMpby8qW,8,distinct,none,distinct,3 4 6 7 8 9 12 15
881WAGeGFA46B2001I63GON,8,plain,none,mixed,1 1 2 5 5 9 17 24
881W086shhMF60WiV2KYWu4,8,plain,none,mixed,1 2 4 6 8 8 16 19
881W2nGWR9uHiWA22A6H6BH,8,plain,none,mixed,1 2 4 4 5 12 16 20
881W18ymaXQb4WKD98can42,8,plain,none,mixed,2 4 5 5 10 11 13 14
881W1deq20uiI68bY54cGQ8,8,distinct,none,distinct,2 3 4 6 7 9 13 20
881W11xL9YI51e4Y8y5a0YP,8,plain,none,mixed,1 1 2 5 9 13 14 19
881W0W8BP8A56GYOE32E10e,8,plain,none,mixed,1 2 2 5 7 9 17 21
881W10aJkzTcnK6H421XGZ0,8,plain,none,mixed,3 4 5 6 7 11 11 17
881W0KWeeeOKZI5gwo62B5a,8,plain,none,mixed,1 2 4 7 8 10 10 22
881W86-aIiXWWGe8qJ4a9zI,8,plain,none,mixed,1 3 3 5 6 13 16 17
881W894u889aeGhLeF2YH43,8,plain,none,mixed,1 1 4 6 7 11 16 18
881W0f094Q2WeGm82RDHObH,8,plain,none,mixed,1 1 4 5 9 10 16 18
881W1LfWHEtOoGfne8X054q,8,plain,none,mixed,2 3 4 4 6 8 17 20
881W25217bfPoZ0dG01n4kH,8,plain,none,mixed,1 2 5 5 5 6 8 32
881W08mHCOHf2WYD23EqYSE,8,plain,none,mixed,1 2 2 5 9 11 15 19
881W19AbaoTLmXG2AnmX654,8,distinct,none,distinct,1 2 3 8 10 12 13 15
881W256Y8hAWGWHSj7YfanO,8,plain,none,mixed,2 4 4 6 9 10 13 16
881W4QWe954IZG63HDC58z8,8,plain,none,mixed,1 2 4 6 9 9 15 18
881W2qgbi63H8MGG4U0TG82,8,plain,none,mixed,1 2 3 7 10 10 13 18
881W2Jr-221ITCWHWaeHx8G,8,plain,none,mixed,2 4 4 6 7 8 9 24
881W5LY97I2114H8Y9KX2HH,8,plain,none,mixed,1 2 3 5 10 13 13 17
881W4K58i94tX8bo4Yo2l44,8,plain,none,mixed,1 5 5 6 9 11 12 15
881W8Ctg497Z4W2HOgfY9GO,8,plain,none,mixed,1 1 3 4 10 12 13 20
881W0B-Sw98eIIP_IK34b10,8,plain,none,mixed,1 4 5 5 8 11 14 16
881W910AmGqf12YK6UtGeOu,8,plain,none,mixed,1 1 6 8 8 12 12 16
881W2fGXWW5GG8aEB8aKQ86,8,distinct,none,distinct,1 2 4 5 6 10 12 24
881W52nUOEL4aG07gHeHXGu,8,distinct,none,distinct,1 2 6 8 9 10 12 16
881W12Ym8BIZWH4MxMHmOG8,8,plain,none,mixed,2 3 6 8 9 9 10 17
881W8YjefNGYOG37BfF4LJI,8,plain,none,mixed,4 4 6 6 7 10 13 14
881W4IK8KaIYGHCe46piI2X,8,plain,none,mixed,1 2 3 4 8 14 16 16
881WC950ILPLCE45y20uKem,8,plain,none,mixed,1 2 4 6 7 12 12 20
881W8IfCPB2GW91W83Eriy4,8,plain,none,mixed,3 3 4 5 6 9 11 23
881W2XpxGKrfam8i8JY2P8O,8,distinct,none,distinct,1 3 4 7 9 11 13 16
881W4P8KKCY90mA6ZEaBWH4,8,plain,none,mixed,1 1 6 7 7 9 15 18
881W1ZdmiwP08iagW70jEam,8,plain,none,mixed,2 2 4 5 9 11 11 20
881W421WiMPT0W81J5YX8aM,8,plain,none,mixed,1 2 5 8 8 11 12 17
881W17W42IH6GELkWeaIeYG,8,plain,none,mixed,1 1 3 5 10 11 11 22
881W06MnCNbIKYDFnrE8SHY,8,plain,none,mixed,1 4 4 5 9 10 11 20
881W81GwQBA5s030YQ9feAr,8,plain,none,mixed,1 1 2 5 8 13 16 18
881W1ZYSiRoHOWaqWBAIOoK,8,plain,none,mixed,1 5 6 8 8 8 10 18
881W4CVeP20Sk0HQKeNDRi9,8,plain,none,mixed,1 2 7 8 8 8 10 20
881W39fCr27FX94X5D69cGG,8,plain,none,mixed,2 5 5 6 7 10 12 17
881WDfqMCAMUfQ81XB0JGg0,8,plain,none,mixed,1 3 5 5 6 13 13 18
881W0XWofw4cKGmL9QP8qGW,8,plain,none,mixed,1 3 5 8 11 11 12 13
881WCMIQTOnOf84LSfHkHA2,8,plain,none,mixed,3 4 7 9 9 9 9 14
881W3IeIHf2n0nOWW58iHK4,8,plain,none,mixed,1 1 2 5 9 10 12 24
881W0OOL2X7638OG95KSKH8,8,plain,none,mixed,1 1 2 3 7 13 16 21
881WCIM98HR0GI4ibIhW-8a,8,plain,none,mixed,1 3 6 8 8 10 13 15
881WAd8II6iKIH0WYFWqjmA,8,plain,none,mixed,2 2 3 8 8 11 12 18
881W0Gv3IXKaA4aIPB9Ymam,8,plain,none,mixed,1 3 4 8 9 13 13 13
881W060m35ka8n3XIarIjcq,8,plain,none,mixed,1 2 4 4 7 8 16 22
881W430a8G0Nq4A5rEKI5cq,8,plain,none,mixed,1 1 2 4 8 11 13 24
881W5SeKH8o3155635G84Z4,8,plain,none,mixed,1 3 4 4 6 7 16 23
881W0Way4GO7gm824kj19bH,8,plain,none,mixed,1 3 3 5 5 7 19 21
881W6JGK32mYHmeIPS8EqW4,8,distinct,none,distinct,1 2 3 7 8 9 10 24
881W0cVLr5ay50L2Ll45Y4m,8,plain,none,mixed,2 3 3 4 7 10 11 24
881W0uU9Kc4qK10TF720HA3,8,plain,none,mixed,2 2 3 3 9 14 14 17
881W15dKOQGIvWnEx4J9PB1,8,plain,none,mixed,1 5 7 9 9 9 12 12
881W8Zf2WB2V9851r3T2JJS,8,plain,none,mixed,1 3 4 5 5 13 16 17
881W2I8ePGjqcX0Xs2YQI5G,8,distinct,none,distinct,1 2 5 6 10 11 13 16
881W1A1OwGK2E445sy97Z0Y,8,plain,none,mixed,1 2 3 3 6 10 13 26
881W1AYbm8cJQWWeun4I8ZO,8,plain,none,mixed,1 3 4 7 9 9 13 18
881W1WoKD52aI9Y110eZmGG,8,plain,none,mixed,1 1 2 6 9 10 10 25
881WAF0WGFNQWa8XWWnWaB2,8,plain,none,mixed,1 1 3 6 6 7 16 24
881W81DRSw52AaHKyYK1Bb0,8,plain,none,mixed,1 2 3 7 10 13 13 15
881W2nF9KP271WIfRH8Yo0W,8,plain,none,mixed,2 3 4 4 8 10 12 21
881W1LqYA-2XegGaKL6Dwc0,8,plain,none,mixed,3 4 6 6 7 10 14 14
881WAL70RFHOf0YKQ1I9YOn,8,plain,none,mixed,3 3 5 5 8 10 14 16
881WA31AnsKJr0786DNGqSe,8,plain,none,mixed,1 2 7 7 8 9 12 18
881W5ICdX9DAb8GIM4A5LP4,8,plain,none,mixed,2 3 5 5 8 8 9 24
881WA5DYm-HcKmWx2AroM0G,8,plain,none,mixed,1 4 5 7 7 10 10 20
881W81GqPLYYHEH8cHi20o4,8,plain,none,mixed,1 1 6 6 9 12 14 15
881W1Y90Wab968G6dpmSN9e,8,plain,none,mixed,2 3 4 4 6 10 13 22
881WCXWeb4EdKEG9g4VWmIG,8,plain,none,mixed,1 1 6 9 10 11 12 14
881W0Gtq6SF54WYXS8hIJOC,8,plain,none,mixed,1 1 7 7 9 11 13 15
881W22Xeog20WC88mL6naoO,8,distinct,none,distinct,1 2 4 5 10 11 12 19
881W01fWGQKPIPmzIIbAoT8,8,plain,none,mixed,2 5 6 8 8 9 13 13
881W4Mt78TWMeWTMSjfQYe9,8,distinct,none,distinct,2 3 5 6 8 9 14 17
881W9F5x7bY6H9DI0qbH884,8,plain,none,mixed,2 5 5 5 6 11 12 18
881W0C6DkgrLII06EanIDmI,8,plain,none,mixed,4 4 4 5 6 9 11 21
881W30GD2XWyoeAI8KAA8mI,8,plain,none,mixed,1 3 3 4 6 9 15 23
881W4nLHf863DKY8m3692Wg,8,plain,none,mixed,1 2 3 4 8 8 17 21
881W4YA82YBqeaIr94YljAW,8,plain,none,mixed,3 3 5 5 8 11 12 17
881W40YGSuDrWPAPiKX9KaK,8,plain,none,mixed,1 5 5 7 9 9 13 15
881W004tIIA6YfmWN5Kob1G,8,distinct,none,distinct,1 2 3 6 8 13 15 16
881W2KA3GBNXWWLKg1W8X4o,8,plain,none,mixed,1 1 4 6 6 9 10 27
881W1Xev4sNAwG8JFIoE822,8,plain,none,mixed,3 4 4 5 5 12 13 18
881W0WC2mIH24WcK46pLXne,8,plain,none,mixed,1 1 4 5 6 13 15 19
881W230YVGJ2HX4as5XfCKY,8,plain,none,mixed,1 5 5 6 9 9 13 16
881W21bnKKGr2aGMS8BqQ4b,8,plain,none,mixed,1 1 7 8 9 9 14 15
881W4EdCaEQ4XI8IcoCr300,8,plain,none,mixed,4 4 5 6 8 8 9 20
881W4bXHm4cZg4XeKt888C9,8,plain,none,mixed,1 4 4 5 6 9 13 22
881W2U94F8Q72Y4af7I0WHG,8,distinct,none,distinct,1 3 4 5 6 12 14 19
881W22XJsQA54En13KYeaWX,8,plain,none,mixed,1 1 6 7 9 12 13 15
881W8aa8BcrDH5G111_4gYq,8,plain,none,mixed,2 2 4 8 8 9 9 22
881W608aL2LAyaO8aPSd4aO,8,plain,none,mixed,1 1 3 8 9 11 14 17
881W8XKfGS1GmXXeo62e87b,8,distinct,none,distinct,1 3 4 5 6 8 18 19
881W0GGIZHK9KWYKA4cD4Ck,8,plain,none,mixed,1 2 6 6 8 11 15 15
881W918aaawYOn1gw9zlmI6,8,plain,none,mixed,1 4 6 6 9 10 12 16
881W1GhZXFqQ4aOYDAGWX83,8,distinct,none,distinct,1 3 5 7 8 11 14 15
881W4GeUE8MFW845ZIKmt9K,8,plain,none,mixed,2 3 3 8 9 9 12 18
881W11eZEgemf8iIAQQCPw2,8,distinct,none,distinct,1 2 3 6 10 11 15 16
881W20kKiH0a0bWGBrpnw0X,8,plain,none,mixed,1 1 1 6 10 10 16 19
881W2c10nfAvPH3Fen884OH,8,plain,none,mixed,2 3 4 5 5 9 10 26
881W24X8541mqGZmmO5YbOo,8,plain,none,mixed,1 3 5 6 6 8 9 26
881W5CeKAaWmHg9eKAHWo48,8,distinct,none,distinct,1 2 5 6 9 10 11 20
881W4WWtuaAMJ88GcPaMAba,8,plain,none,mixed,3 4 5 6 8 12 12 14
881W00EGQM4XOnGOE1cZs3Y,8,plain,none,mixed,1 3 4 4 6 13 13 20
881W2XCYaC62XKWGCTFI20H,8,distinct,none,distinct,1 2 4 5 8 9 14 21
881W0mWnGK1NGHAzPcOmE54,8,plain,none,mixed,1 2 6 6 7 10 12 20
881W00ABJ93e21ONB5YYRX8,8,distinct,none,distinct,1 2 4 5 7 8 18 19
881WA34eXOee0G53VuyTAee,8,plain,none,mixed,1 3 6 6 8 12 13 15
881W91WGA598HE97Yf21OG9,8,plain,none,mixed,1 1 4 6 8 14 15 15
881W8IrjQZ5i9GJU7i91F2Y,8,plain,none,mixed,3 4 4 5 6 7 13 22
881W0mA3ojnNGbWA8XXSrs0,8,plain,none,mixed,1 1 3 5 10 10 12 22
881WB5XP9821WbGGGB4HCcA,8,plain,none,mixed,2 2 4 4 7 12 13 20
881W4A95g520e8GO422nN2Y,8,plain,none,mixed,1 3 3 4 7 12 15 19
881W00Gjn97Pf14vGeqd6x8,8,plain,none,mixed,1 1 4 6 11 13 14 14
881W0W3G45HNK0uhTEIqoF5,8,plain,none,mixed,2 3 3 4 8 9 12 23
881W456ZtbI92Y29e2110Pa,8,distinct,none,distinct,1 2 4 6 7 12 15 17
881W2FeC8Cr2WXT8KHMf20C,8,plain,none,mixed,1 1 4 5 7 12 12 22
881WA210H8zueAICj10WS8H,8,plain,none,mixed,1 1 4 5 6 9 13 25
881W08Y_HAb1CaGXGf-bhK4,8,plain,none,mixed,1 3 7 8 8 9 13 15
881W8KGdh8TeX1IK5EqUHKA,8,plain,none,mixed,2 2 7 7 8 9 14 15
881W16HGYKZHPX10E7UbAJ2,8,plain,none,mixed,1 2 4 8 10 10 11 18
881W0WcKyf45gX8O568HbhM,8,distinct,none,distinct,1 3 4 5 6 9 13 23
881W1te3FQFXWgKoiEeXDO4,8,plain,none,mixed,1 4 6 7 7 10 11 18
881W3XGYKb1NA0O852OpneH,8,plain,none,mixed,1 1 7 7 11 12 12 13
881W0iaK8D4I33000ZB1X86,8,plain,none,mixed,1 1 1 1 7 10 16 27
881W4K511UBpwmfy3Y00oIq,8,plain,none,mixed,3 3 5 6 6 7 7 27
881W10ZGLgtBOfGHGiIW82M,8,distinct,none,distinct,2 3 5 6 7 9 12 20
881W18W93dAD50eM8aN1GHG,8,plain,none,mixed,1 2 3 4 11 13 13 17
881W19LCY9YH0mG8SL2yRK4,8,plain,none,mixed,1 4 7 8 8 10 11 15
881W085DQJIA31ejC4ZYH84,8,plain,none,mixed,3 4 4 4 8 10 14 17
881W4IGoggR5b0aPU9HEXm8,8,plain,none,mixed,4 6 6 7 7 8 12 14
881W4K7RLSJ9w8XjgKDCmT5,8,plain,none,mixed,3 4 4 4 7 9 14 19
881W0aW3vS3n13GG25UJPeA,8,plain,none,mixed,1 1 2 9 9 10 14 18
881W2OvBafxqiW4HNuuXdc8,8,distinct,none,distinct,1 3 6 7 9 11 12 15
881W6I92K2YKfH0WfYXXfq3,8,plain,none,mixed,1 1 4 5 10 10 14 19
881W211maGee8f4Z8iI0WUC,8,plain,none,mixed,1 1 5 5 7 8 17 20
881W8YIORiM90W7uS8b1WGG,8,distinct,none,distinct,1 3 6 7 9 10 11 17
881W4hpvKOb2L528AGYGuR0,8,plain,none,mixed,1 1 7 7 8 10 12 18
881W2micIHT8ya845P0iKb0,8,plain,none,mixed,1 3 4 4 10 12 15 15
881W8KbJCabCYW7qZGezouG,8,plain,none,mixed,1 4 5 5 10 12 13 14
881W2X0g9CY9GKsOCLAA166,8,distinct,none,distinct,1 2 3 5 9 13 15 16
881W4IJL592WmLWOC56MWw4,8,plain,none,mixed,1 4 5 5 9 10 12 18
881W5YdLoF6crX09159OH31,8,distinct,none,distinct,1 3 4 6 8 11 13 18
881W567Was51Wmn4K7gCA4Y,8,plain,none,mixed,1 4 5 5 6 8 14 21
881W2XL7aD6E70WAK0X3Wfa,8,plain,none,mixed,1 2 6 6 9 11 13 16
881W0WX8Ke5JaemLIjkWiKC,8,plain,none,mixed,4 5 6 8 8 9 11 13
881W529gNu6YA08CCeicmqX,8,plain,none,mixed,1 1 7 9 9 10 12 15
881W0WHOeoMh0fGXMgJWG63,8,distinct,none,distinct,2 4 5 7 8 9 11 18
881W918cY0EAN0HBg8S-SOy,8,plain,none,mixed,1 1 4 6 9 9 11 23
881W9J8yEU90OD5Y4L528K8,8,plain,none,mixed,2 2 3 6 8 10 16 17
881W0jKXGGJ2YHHMlj6n0Wm,8,plain,none,mixed,1 2 6 8 8 9 10 20
881W8J30XGNcH93NIH8KO0O,8,plain,none,mixed,1 1 4 6 6 7 8 31
881WCH8gaC2o9oWGa5ZR8eX,8,plain,none,mixed,1 1 6 9 9 11 12 15
881W31KgNYH1Q8484YPT6MG,8,plain,none,mixed,1 4 5 6 7 13 14 14
881W4H5Yw5pAqf8Wa4meQe8,8,plain,none,mixed,3 3 3 7 7 8 16 17
881W0YBWePaaIIfaJE56aG4,8,distinct,none,distinct,3 4 5 7 8 9 13 15
881W0GOYmDKao0OA9BaK7HO,8,plain,none,mixed,1 2 3 5 6 15 16 16
881W0ZLoYe42q4YTgcLCgYW,8,distinct,none,distinct,1 2 4 7 9 11 12 18
881W8pf4aauOOC3AIP91WK8,8,distinct,none,distinct,1 2 4 5 9 10 14 19
881WA0Yaq6TSmX3LbR0f54a,8,plain,none,mixed,2 2 7 8 9 10 11 15
881W23HvF10Ic4GHWabKkl8,8,plain,none,mixed,1 2 7 8 8 8 8 22
881W2XN9CZG4o18QK220SHe,8,plain,none,mixed,1 1 3 5 7 10 12 25
881W8YK0i4I518RFQj68aHe,8,plain,none,mixed,1 3 3 6 7 8 15 21
881W5XaG96a15043Xfn4I8u,8,distinct,none,distinct,1 2 3 4 5 13 16 20
881W3Hf2JGqg8b8XEiM30SY,8,plain,none,mixed,2 2 4 5 6 11 16 18
881W4XnC4a14gYjQKI5f10Z,8,distinct,none,distinct,1 2 4 7 9 10 13 18
881W50yZAE1GiAZ84D8YcoC,8,plain,none,mixed,1 2 4 7 9 9 13 19
881W1YGKIQ93eW84rTGob2Z,8,plain,none,mixed,1 5 5 6 9 11 12 15
881W54z526d49Gnu5Z4KsAg,8,plain,none,mixed,1 4 5 6 7 12 12 17
881W0SA8D427aA2H94JIcGG,8,plain,none,mixed,1 1 1 7 8 14 15 17
881W55IWmDcX0MKwnACO8G5,8,plain,none,mixed,1 4 4 4 9 9 11 22
881W10vaHG4ic4aGV94aTYe,8,plain,none,mixed,1 2 3 7 10 10 11 20
881W0GCEAMf4c801632Yan4,8,plain,none,mixed,1 2 4 4 5 10 10 28
881W0aaILaXaaJCB44BWmT2,8,plain,none,mixed,1 3 3 6 7 11 16 17
881W51ZGKFpce8mk-WZ1CsK,8,plain,none,mixed,2 4 6 6 6 12 12 16
881W272X1AbHP8r2H6p1em9,8,plain,none,mixed,1 3 6 7 7 9 15 16
881WAX8E655p2Y000fbKmaa,8,plain,none,mixed,1 3 4 6 6 7 10 27
881W8gGST8ib8K73ICXQ8j0,8,distinct,none,distinct,1 2 5 8 9 11 13 15
881W4mQR5v3XID0KirSGn09,8,plain,none,mixed,1 3 6 7 10 10 13 14
881W5GaaL9jcqO01ZOG9p8G,8,plain,none,mixed,1 2 3 5 8 8 17 20
881W2M9YhLAe422Yo50G9We,8,plain,none,mixed,1 2 4 4 5 10 17 21
881W4g5a14I40WC2Pap5Zm8,8,plain,none,mixed,1 1 2 5 6 11 18 20
881W0GBB4MX16X0fA53pWma,8,plain,none,mixed,1 1 5 6 7 13 15 16
881W2Gbqa9KSG0Q9LLWnx2d,8,plain,none,mixed,1 2 3 6 12 12 13 15
881W2Wy9q3Mx60WDAILaXLC,8,plain,none,mixed,1 3 3 4 8 12 15 18
881W51HF9-Qjo4m1y5A9vI8,8,plain,none,mixed,1 5 7 8 8 10 11 14
881WB1KKKOjaaQ015D8ZjP0,8,plain,none,mixed,1 1 2 6 9 12 14 19
881W42SSQSZlfGK9JCMa2SX,8,plain,none,mixed,1 4 5 9 10 10 12 13
881W1Y0i9e42CoB8KEU24YA,8,plain,none,mixed,1 1 2 4 10 11 16 19
881W2N518aHei19HOaGeACb,8,plain,none,mixed,3 3 3 5 5 9 14 22
881W18tHm93e418EJFfYv42,8,distinct,none,distinct,1 3 5 6 8 10 15 16
881W1SZ5EbJV2Y0X94L3R4a,8,plain,none,mixed,1 3 7 8 8 12 12 13
881W2H0GHNHGeaqS8U8iWOH,8,plain,none,mixed,1 3 3 5 8 10 16 18
881W1OWwCT1HyaoOAA0odCG,8,plain,none,mixed,1 1 5 6 10 11 15 15
881W4GX1HPaJAgX8QfeaGIK,8,plain,none,mixed,2 2 3 4 10 11 13 19
881W95AAaKM72G8I3v5B2XW,8,plain,none,mixed,1 4 5 5 7 9 14 19
881W311252wa20C2QL2HOea,8,plain,none,mixed,1 1 3 4 4 14 16 21
881W91XW8BfqI8XGpUXGWG2,8,plain,none,mixed,1 3 5 6 6 10 14 19
881W6I54XM5GGWKAZ118_u6,8,plain,none,mixed,1 1 5 8 8 9 13 19
881W14YGKu4me8f8YMhKE95,8,plain,none,mixed,2 2 4 5 6 11 15 19
881W54WoH54HkY1XG7aA9S9,8,plain,none,mixed,1 2 4 6 6 10 14 21
881W28fXmFVeC0eAIOX0h8d,8,plain,none,mixed,1 2 3 3 7 10 18 20
881W2qLcaSDQimXoWENc4Z4,8,plain,none,mixed,1 5 5 6 6 8 16 17
881W94T2qUe08mKg25BBMgA,8,plain,none,mixed,1 3 4 4 6 12 15 19
881W0cLPKD2F4XXASjX4Y8a,8,plain,none,mixed,2 4 5 5 10 11 13 14
881W4QAKmrKA0WOrGlIXIG8,8,plain,none,mixed,1 1 6 8 10 10 12 16
881W0WQC47s2o1a42WHTKqM,8,plain,none,mixed,1 2 5 7 7 7 8 27
881WBKM8aKvn2G8I4oPmM6f,8,plain,none,mixed,1 3 3 8 10 12 13 14
881W8qT86NK81C8dDd2X1B4,8,distinct,none,distinct,1 3 4 5 10 11 12 18
881W4QByjF7OY8aXK4a1CTG,8,plain,none,mixed,1 3 5 5 9 10 10 21
881W18nYeK4wY96W6k8YT5K,8,plain,none,mixed,1 1 6 7 11 11 13 14
881W4XuZe51GMGW9eK4aTOQ,8,distinct,none,distinct,1 3 4 6 7 9 12 22
881W4XLHG883X0GO_4KO85Y,8,plain,none,mixed,1 1 2 7 8 8 11 26
881W6Dao9K10WPH82L4Y129,8,plain,none,mixed,2 2 3 4 7 12 17 17
881W1X4GeH0caWE68yfSgGe,8,plain,none,mixed,1 1 4 7 11 12 13 15
881W510GPIneiW24aU188CH,8,plain,none,mixed,1 1 2 5 6 14 16 19
881W02K6552GaJ3WG85NgDC,8,plain,none,mixed,1 2 3 5 7 7 11 28
881W8t8SE20df44YWufBOK8,8,plain,none,mixed,1 5 5 6 7 8 8 24
881W30dYr6T48GkX6QWn4ZA,8,plain,none,mixed,1 1 3 4 10 12 14 19
881WD2TOe15H18H8G9xg-4a,8,plain,none,mixed,1 3 6 6 7 9 12 20
881W52DIfqY910KD8aU70X4,8,plain,none,mixed,1 4 4 8 8 8 12 19
881W2Xk8JGK9Yn8HEAfNYGm,8,plain,none,mixed,2 3 4 4 5 13 15 18
881W5D8aSk2HunH4Y1AbA24,8,plain,none,mixed,2 3 3 6 10 10 13 17
881W2IPran4QWWa5wbKbyE1,8,plain,none,mixed,1 5 7 7 9 10 10 15
881W0WdQgPPE9Pe1JAQAPd0,8,distinct,none,distinct,1 2 5 6 7 12 15 16
881W892CPM68b81p_g7mbnW,8,plain,none,mixed,1 1 2 5 10 15 15 15
881W4X8WQvS19eG2aAs71Ac,8,distinct,none,distinct,1 3 5 6 10 11 13 15
881W3YDGOz72aW89gn4UIGe,8,plain,none,mixed,1 4 6 8 9 12 12 12
881W1ID5xDfqaWY9gK0eAWY,8,plain,none,mixed,1 3 6 9 9 10 11 15
881W9TX9K11BG5a9SmaO-I8,8,plain,none,mixed,1 2 2 8 9 9 13 20
881W4I4YyV2HmWG8Q41HMqE,8,plain,none,mixed,1 2 7 7 8 9 14 16
881W423Gk29LGeuiGeHHmS8,8,plain,none,mixed,1 3 5 6 8 8 14 19
881W2AOrgMMteGQJo4KKoKD,8,distinct,none,distinct,2 3 4 7 8 12 13 15
881W4AO3JMLw60OSOh54heA,8,distinct,none,distinct,2 3 5 6 8 9 15 16
881W2g210jknH18ib2GKAI3,8,plain,none,mixed,2 3 3 4 5 7 11 29
881W8aU943oHH0O210mkMKY,8,plain,none,mixed,1 4 4 6 7 8 10 24
881W242enHEWmHXGb94J9sZ,8,plain,none,mixed,1 2 4 4 8 13 15 17
881W4CD3X61WuYWeyUElmoA,8,plain,none,mixed,4 4 6 6 7 7 11 19
881W28TFGv2LF92q5Nx1Yg0,8,plain,none,mixed,1 2 3 6 12 12 14 14
881W11CIKg8e92R3YkD7GbX,8,plain,none,mixed,1 1 3 7 10 10 15 17
881W2J2eSET11GaaX5IQ31W,8,plain,none,mixed,2 2 2 6 10 11 12 19
881W0MHErAJ12X54EXGLXG8,8,plain,none,mixed,1 2 3 8 9 9 14 18
881W3AImYE98yGYY-2Ebg22,8,plain,none,mixed,1 3 5 6 10 10 12 17
881WA14wRIBAYI0365rP0n0,8,plain,none,mixed,1 1 2 5 7 12 18 18
881W021Wd91WOF1WS31Xea8,8,plain,none,mixed,1 1 2 2 4 7 23 24
881W2GdoLIwDR18HKGMoB2c,8,plain,none,mixed,3 3 4 6 8 9 12 19
881W0C28aU54aI2nJB510XG,8,plain,none,mixed,1 1 1 8 10 11 15 17
881W1I91EMH3XGmEfKIn1Ge,8,distinct,none,distinct,1 2 3 4 9 13 14 18
881W1I4K934qaWI9rR1eRv2,8,distinct,none,distinct,1 2 7 8 9 10 13 14
881W2H7JnepVGH45NCGWE69,8,plain,none,mixed,3 3 4 4 5 10 10 25
881W2ay2hCMb3Y4aVy2JAP4,8,plain,none,mixed,1 4 6 6 7 10 11 19
881W0K56ZOqcGgMj32H0Z90,8,plain,none,mixed,2 3 4 5 5 10 14 21
881W0J5qK8uIA0iKZe21ZmL,8,distinct,none,distinct,1 2 4 5 6 8 16 22
881W1XFOfKeJL0YW7RWF5b2,8,plain,none,mixed,1 2 4 7 8 12 12 18
881W1Ht8eOKqPMjabg2468W,8,plain,none,mixed,1 3 4 5 5 8 12 26
881W32at2t23vXWaq6fKN4H,8,plain,none,mixed,2 4 5 6 6 12 14 15
881W02DF9Pe442bBQF5XoH4,8,plain,none,mixed,3 3 4 5 8 8 13 20
881W1117wH4cjCaBQI21D4m,8,plain,none,mixed,1 3 3 9 9 10 14 15
881W2HeSF4eeXD8dIn42i8H,8,plain,none,mixed,1 2 5 6 6 8 13 23
881W0SC42BBaXB842Z1Gi0W,8,plain,none,mixed,1 2 2 3 7 8 15 26
881WA20WKf8J0YG4p4o1WeM,8,plain,none,mixed,1 1 1 5 10 12 16 18
881W0WeO9CWA50KA51AZJfa,8,plain,none,mixed,2 2 4 5 6 6 18 21
881W14dbhYgXWo4EGC1effG,8,plain,none,mixed,1 3 6 6 9 10 12 17
881W2aYueOA64cGP8Rw210X,8,plain,none,mixed,1 2 4 7 8 8 10 24
881W2gCAGGKDA98XdaoM96G,8,plain,none,mixed,2 3 3 4 5 7 19 21
881W4YToaLfd4G0198NwQGK,8,plain,none,mixed,1 5 6 7 10 10 10 15
881W0eaI55P8I84721FYPG8,8,distinct,none,distinct,1 3 4 5 7 9 12 23
881W26oC95rLI0XMQSevLsZ,8,plain,none,mixed,2 5 5 7 9 10 11 15
881W4NuBV5P20YegcDvJGOa,8,plain,none,mixed,3 4 6 7 7 11 12 14
881W58mGAk98GeOFanKagWG,8,plain,none,mixed,1 2 4 7 11 12 12 15
881W16l4H58q90X0Qh9anr5,8,plain,none,mixed,2 2 5 7 8 10 14 16
881W0GL2C34eL2D6xTzzkW0,8,distinct,none,distinct,2 3 4 6 7 8 16 18
881W10KD5OyEWme942vI1XK,8,plain,none,mixed,2 3 3 5 6 9 18 18
881W0GC7xA4xY8eFB4HGsaC,8,plain,none,mixed,2 5 5 5 6 7 13 21
881W83f0XnIPCGH4W8C-QLL,8,plain,none,mixed,2 2 4 6 6 8 8 28
881W1fJHeQEXGaMZKmrWG30,8,plain,none,mixed,1 4 6 6 7 9 10 21
881W4b8-cCBaHJ21kc4Kr4I,8,distinct,none,distinct,1 3 5 6 9 10 14 16
881W31YH6QCf952gL0oHOGA,8,plain,none,mixed,2 2 6 6 7 13 14 14
881W2WmGV9WfqWC52qLH4eG,8,plain,none,mixed,2 2 3 3 11 11 15 17
881W2BbOe210-QH9G8B6341,8,plain,none,mixed,1 3 4 4 5 6 18 23
881W0069gOq40nGM9cIB1nK,8,distinct,none,distinct,1 2 3 4 5 10 19 20
881W0WB4aOg95GWZ4Z1DXGi,8,plain,none,mixed,1 2 5 5 8 9 15 19
881W5Ib2IBPX0G82R9WegqA,8,plain,none,mixed,2 4 4 6 10 10 13 15
881W4WWYPhMXWmOAbS9W8Gm,8,plain,none,mixed,1 1 3 4 11 12 13 19
881W0UB4gFS20GvAA7GeW94,8,plain,none,mixed,1 1 4 6 9 10 14 19
881W2P98IX7YaWA9Sf4RG52,8,plain,none,mixed,1 1 6 6 8 12 12 18
881W68uGeHcCg060hL9IcQA,8,plain,none,mixed,1 1 1 5 11 12 13 20
881W2GVsiMF781WGGrD9C7H,8,plain,none,mixed,1 2 5 7 7 10 14 18
881W8F8rHB2o30Ine5aYYbC,8,plain,none,mixed,1 2 5 7 11 11 13 14
881W422GQ6b118aYHFJPKO8,8,plain,none,mixed,1 3 4 5 10 10 13 18
881W2OmLoKz-KWOG4rbUqH2,8,plain,none,mixed,1 3 4 9 10 12 12 13
881W5X8gG8YD0i41XJXdmwe,8,plain,none,mixed,1 2 4 7 7 12 12 19
881W0XKAKBy51YB3Yic4IGK,8,plain,none,mixed,3 3 4 5 7 9 15 18
881WCqgB68b37009aITImee,8,plain,none,mixed,1 3 3 7 10 12 13 15
881W0a6qqLQIuYEH9g7UBwO,8,plain,none,mixed,1 3 6 9 10 11 11 13
881W2KmeC63Ag951WieaE51,8,plain,none,mixed,2 3 4 4 5 7 16 23
881W24X2aDo96MWqMvH14wW,8,distinct,none,distinct,1 2 3 6 7 8 18 19
881W2IXOV9pZ2486hYUaeW5,8,plain,none,mixed,1 1 6 8 9 12 13 14
881W0qOIY9D4A6AbTC23PaW,8,plain,none,mixed,2 2 4 4 10 11 12 19
881W3LAS6rGD0Sf9ZPZA0A4,8,plain,none,mixed,1 1 5 6 9 10 13 19
881W0YaavaiKQHGiiTYLF2K,8,plain,none,mixed,1 2 5 7 7 12 13 17
881W2I0HNCACHea9sz9TCGG,8,plain,none,mixed,2 3 4 7 7 11 14 16
881W06G4b49v60Xo6ZHtorC,8,distinct,none,distinct,1 2 5 6 7 10 12 21
881W2cd8YK12dGn92HbtZWG,8,plain,none,mixed,1 4 4 5 7 12 15 16
881W73HagKv1GW82468wSyI,8,plain,none,mixed,2 5 6 6 9 11 11 14
881W6If4eIHxB4071GVN8eG,8,plain,none,mixed,2 3 3 6 8 11 14 17
881W424LpHmbaWmNLCY999G,8,plain,none,mixed,1 5 5 7 9 11 13 13
881W561Ee34Ww1H8erpwWYZ,8,plain,none,mixed,1 2 3 5 11 11 14 17
881W3A54A95q1021ft3Xf44,8,distinct,none,distinct,1 2 3 4 9 12 14 19
881W10HOsqa44XIa9ZV10mK,8,plain,none,mixed,1 1 3 5 10 12 13 19
881W3XGnKs518WGKC3l8C61,8,plain,none,mixed,1 3 4 6 6 10 14 20
881W4PASfL3K310GZfYIGv2,8,plain,none,mixed,1 1 7 8 9 12 13 13
881W52JBM95288IX8ZfnO6m,8,plain,none,mixed,1 2 4 6 10 10 12 19
881W49LGOmaYGO8C-2KE788,8,plain,none,mixed,1 1 2 7 10 11 11 21
881W0KEJZNIuY26CCcMxY4C,8,plain,none,mixed,1 5 5 6 8 11 13 15
881W02puHOgIAHGOpre14YO,8,plain,none,mixed,1 2 3 6 6 9 17 20
881W31FEaUu40WaaIoOcWn4,8,plain,none,mixed,1 6 6 7 7 7 11 19
881W39aFaq52K8CJ3f5Z8W0,8,distinct,none,distinct,1 2 4 5 7 10 17 18
881W432Wi1eKAP8Ky620a89,8,plain,none,mixed,1 1 2 3 6 6 20 25
881W1WI2XiqYYeKuGgCgT8G,8,plain,none,mixed,1 2 2 7 8 9 12 23
881W08SeZZAF1GaTB94jX8S,8,plain,none,mixed,1 5 5 6 9 10 12 16
881W60W8ByLqXY583p6e8u2,8,plain,none,mixed,1 1 2 6 8 8 17 21
881W42Pj2c9KYGW48C7bg54,8,plain,none,mixed,1 2 2 7 8 10 11 23
881W30ofe_70WXG4COh8eC6,8,plain,none,mixed,1 2 4 7 7 11 16 16
881W51he465gKaaWeDpII30,8,plain,none,mixed,2 3 3 7 7 8 16 18
881W4LfL08ACWO5vUL4ICaI,8,distinct,none,distinct,1 3 5 6 8 11 12 18
881WA34kHGawIn5X6eK1592,8,plain,none,mixed,2 3 3 5 6 10 16 19
881W19IacLvCuL8HAH9Z4D8,8,plain,none,mixed,1 3 7 9 10 10 11 13
881W4ZmM9cIaIWG2nmt1H29,8,plain,none,mixed,1 2 4 6 10 11 11 19
881W3ImU31SgP1AYY025169,8,distinct,none,distinct,1 2 4 5 6 7 8 31
881WAI5F4Hep10HOf4o2Yae,8,distinct,none,distinct,1 2 3 6 7 10 12 23
881W6I5bLSCfi8WAf8bhwMm,8,plain,none,mixed,1 3 7 10 10 10 10 13
881W4Peq4HDl8WIAWbOro41,8,plain,none,mixed,1 3 5 5 6 8 13 23
881W2563o4X0uIWeOI8aMz5,8,plain,none,mixed,2 4 5 5 5 5 17 21
881W804q63DYPYaIB829D51,8,plain,none,mixed,1 1 3 5 6 10 19 19
881W2wGnagKfO8AIz0c8M41,8,distinct,none,distinct,1 2 3 5 9 10 16 18
881W10GcKBaA10YJ9gD1HGq,8,plain,none,mixed,1 2 3 6 10 12 12 18
881W8YmGsCYfAfLf81F10U4,8,plain,none,mixed,1 3 3 5 11 13 13 15
881WA3HIcYM51f5i3uEeaWW,8,plain,none,mixed,2 2 3 6 7 12 16 16
881W4P8nNag2HW8Kf66wyf4,8,plain,none,mixed,1 6 8 8 10 10 10 11
881W50W8PAs78KA3Ws7v8a4,8,distinct,none,distinct,1 2 3 5 9 11 13 20
881W0GL9O48kQ14v7b2cJ2Y,8,plain,none,mixed,1 2 3 3 11 14 14 16
881WD2b4ch1O22G772bJ196,8,plain,none,mixed,1 1 7 7 9 11 11 17
881WB9amJA92Y2423WoPWWe,8,plain,none,mixed,1 2 2 5 11 11 16 16
881W2WW09W81KmAC5Ik35aw,8,plain,none,mixed,1 1 2 5 7 9 19 20
881W6bYmGOLSmKnD14eKQB2,8,plain,none,mixed,3 3 4 4 5 12 12 21
881W2aWsGOA1mX52aPA9D4I,8,distinct,none,distinct,1 2 4 6 10 11 13 17
881W2niog6RAgWID98u0bZ2,8,plain,none,mixed,2 3 3 5 11 11 12 17
881W65O4eoO-HfH19CN5I92,8,plain,none,mixed,1 3 5 7 7 12 14 15
881W2rfuLHXWW8nuY3BYqCI,8,plain,none,mixed,4 4 6 6 6 10 10 18
881W1Ba68hd241OfafdJGGK,8,plain,none,mixed,1 1 3 7 9 13 14 16
881W3X0GDEn5GGSA4fQGS8K,8,plain,none,mixed,1 1 2 8 9 11 15 17
881W4AgJZ1WPWf49OiQLFC4,8,plain,none,mixed,3 5 6 6 7 7 8 22
881W2IJ7xKSKfH8AabWsIPX,8,plain,none,mixed,2 5 5 6 7 9 9 21
881W0aYXS62g33494CgWGC6,8,plain,none,mixed,1 2 2 3 12 12 14 18
881WA159asF4m49OoWnA572,8,distinct,none,distinct,1 2 3 6 8 12 14 18
881W4PWeOQIQZe85a1_aUC0,8,plain,none,mixed,1 1 4 7 7 10 13 21
881W2E308HGfWo4LicHGe94,8,plain,none,mixed,1 2 5 5 8 9 12 22
881W2WeOa4UDCeGDAKj2232,8,plain,none,mixed,2 2 3 5 6 12 13 21
881W2L52tdmd1JGAOYWvAW4,8,distinct,none,distinct,1 3 6 7 9 11 12 15
881W14bYUQT3HI8YCA2Oed3,8,plain,none,mixed,2 5 8 8 9 9 10 13
881W80A9BhOTAH91ZJglWe9,8,plain,none,mixed,3 4 4 5 5 12 13 18
881W06WKcY4ImJ98ODQil5a,8,plain,none,mixed,1 1 6 7 8 10 13 18
881W18IH3edYWnW422_Xej2,8,plain,none,mixed,1 1 4 6 7 12 14 19
881W8cZXf4bWIWIXaVeOKCI,8,plain,none,mixed,2 4 4 5 5 6 18 20
881W2f8HI8fyh1YgM4MFGL1,8,distinct,none,distinct,1 3 6 7 8 11 13 15
881W4K4YhkV14WJYU4WGYWO,8,plain,none,mixed,1 1 4 4 10 11 15 18
881W8GuiOQEPr096cOprKC0,8,plain,none,mixed,1 2 4 4 6 12 13 22
881W10x5ZU9811Od5XbKXWe,8,distinct,none,distinct,2 3 4 5 6 7 18 19
881W4a5CaOK59554LeaEdoQ,8,plain,none,mixed,2 3 4 6 6 8 16 19
881W28WH8eJ8YGm73JaY11W,8,plain,none,mixed,1 1 3 5 8 8 16 22
881W91XFJabYneX4w3LXb8G,8,plain,none,mixed,1 6 7 8 10 10 11 11
881W2D1fh842mLbAnEK98JG,8,distinct,none,distinct,1 3 4 5 8 10 13 20
881W432ELKY9Xeibak7H504,8,plain,none,mixed,2 3 4 5 10 10 15 15
881W214-Dl4MmGS20c4XfBB,8,plain,none,mixed,1 3 3 4 6 11 17 19
881W10nGcKaf5WWJJedbIT2,8,plain,none,mixed,2 4 4 5 9 10 12 18
881W0GKmGGKghKO96DaqG5W,8,plain,none,mixed,1 1 4 4 7 7 17 23
881W1R20fL4fWIFqOLW8AKI,8,plain,none,mixed,1 1 5 5 6 7 15 24
881W0ZXMVGiZWn4YkAw0f84,8,plain,none,mixed,1 4 8 8 8 9 13 13
881W4E0WIEs21154I4Z1GvK,8,plain,none,mixed,1 3 3 7 8 11 15 16
881W4AAuRU210mmeI82gYX8,8,plain,none,mixed,1 1 5 6 9 10 15 17
881W0aH5YRcuWYNoZI9w848,8,distinct,none,distinct,1 4 5 6 9 11 12 16
881W2mrXDKY0yWASGS5PAYc,8,plain,none,mixed,1 3 3 6 10 11 12 18
881W18khc1yrX14CAeuEeb8,8,plain,none,mixed,1 3 6 6 7 10 11 20
881W6L50LI5L0173V21PMgh,8,plain,none,mixed,2 3 3 6 6 13 15 16
881W194JAMpFA8WD3PH0u-8,8,plain,none,mixed,2 5 5 7 7 10 12 16
881W0Z-lCGnWG2LaMN5XAAP,8,plain,none,mixed,4 4 5 7 7 8 11 18
881W84-0WP5ZJ09KaoLMo2X,8,plain,none,mixed,1 1 6 7 8 9 9 23
881W4PJZ5A74KWGfj1WlFW8,8,plain,none,mixed,1 1 6 8 8 9 14 17
881W1oI2qkA4g88ugI0t5YY,8,plain,none,mixed,1 3 5 9 10 10 13 13
881W849udI2Fa186IbaggrI,8,distinct,none,distinct,1 2 6 7 8 9 12 19
881WAbKGJN6D7GGgI6rCIWe,8,plain,none,mixed,2 2 4 4 10 11 15 16
881W1eeCD91qr08533syar4,8,plain,none,mixed,1 5 6 6 8 8 10 20
881W118YHgDIY8KE4uC6bGc,8,plain,none,mixed,1 3 3 6 8 12 13 18
881W8XT8842mWIaIHGgIA8c,8,plain,none,mixed,1 1 5 7 9 10 14 17
881W2gb6yZFKoO88c4jZee2,8,plain,none,mixed,2 6 7 8 9 10 10 12
881W042SUCL4YEeoPA4Wb0X,8,plain,none,mixed,1 2 4 5 8 10 17 17
881WA6EwUntMAeWgs9HIQc8,8,plain,none,mixed,3 3 5 6 7 11 11 18
881W18WeTq8aW4M7696WyJG,8,plain,none,mixed,1 2 3 5 12 12 14 15
881W51RKaCv4AH4K-L55zUW,8,plain,none,mixed,2 5 6 7 7 10 13 14
881W0O94W8EP2WGBN94IAaK,8,plain,none,mixed,1 1 5 6 8 9 16 18
881WAYfZ9eskKO1J0UmiJ9G,8,plain,none,mixed,1 3 3 6 8 10 16 17
881W31uzfCgOWGoAE22K0WI,8,plain,none,mixed,1 3 5 6 10 10 12 17
881W4fakOqQ2XGK0bAQQ0WG,8,plain,none,mixed,2 2 3 4 6 9 19 19
881W09nH94oBYA9Rr2TKcGK,8,distinct,none,distinct,1 2 4 7 11 12 13 14
881W1BD8c6SUPX8XcBCFKSf,8,plain,none,mixed,2 5 6 7 9 9 10 16
881W4I53A9n121Oo9dmmImK,8,plain,none,mixed,3 3 4 4 7 10 14 19
881W0GdI-F24IHm8P9erC9K,8,distinct,none,distinct,1 2 4 7 11 12 13 14
881W0baYJ9241394ZfeKAiE,8,plain,none,mixed,1 3 6 6 9 11 11 17
881W94GIkTSWGD82D5D10YW,8,plain,none,mixed,1 2 2 3 10 11 16 19
881WD8qOCc5YWeH421OW4Cc,8,plain,none,mixed,1 2 2 4 6 11 18 20
881W45n9AOGXp4H-XhxgvYm,8,plain,none,mixed,1 5 5 6 9 10 12 16
881W0b1ey54Kb2Ym5zD0iU9,8,plain,none,mixed,1 3 3 6 9 14 14 14
881W0e5BAf4H0L8u42ZEZe3,8,plain,none,mixed,1 2 4 4 8 13 14 18
881W14d2I8oLWMeYOfGGCt8,8,plain,none,mixed,2 2 4 6 7 9 12 22
881W1WALy9rAbH8fOe95m88,8,plain,none,mixed,1 2 3 10 10 11 13 14
881W1HAYP9Y150YWGJIXHu4,8,plain,none,mixed,1 1 6 7 8 10 13 18
881W9495HenWG24qA18aOg9,8,plain,none,mixed,1 1 4 5 6 9 18 20
881W16Q518mewWP9qvKiOgI,8,distinct,none,distinct,2 4 5 6 7 11 12 17
881W0o0XH_b94WKKyIeWgDI,8,plain,none,mixed,2 2 3 6 11 11 11 18
881WD8euO5YsaWLB4eYQAG2,8,distinct,none,distinct,1 3 5 6 9 11 13 16
881W0iWb8WKbHAaiNckB494,8,plain,none,mixed,1 3 5 6 7 7 11 24
881W21o40Q9r49WXMA9QCiI,8,plain,none,mixed,1 1 1 6 6 11 12 26
881W2WyF4Yw9B0W51GqXYGN,8,plain,none,mixed,1 3 5 6 6 7 14 22
881W1XHaZH4HmW84IKgJ4iA,8,distinct,none,distinct,1 4 5 7 9 11 13 14
881W4RJo5ob2WHOOAGU8YGa,8,plain,none,mixed,1 1 3 5 11 12 15 16
881W911qogIPCJ0e4L4AqgI,8,plain,none,mixed,1 4 6 8 8 12 12 13
881W9iueHNPC088XLYqxceC,8,plain,none,mixed,2 3 5 7 8 12 12 15
881W6GGyI94rn12Xn8oL50c,8,plain,none,mixed,1 1 5 6 11 11 14 15
881W2ac0uREpYW5Ieqbkh44,8,plain,none,mixed,3 4 4 5 8 8 11 21
881W0cI15Q91125gMALH0WO,8,plain,none,mixed,1 1 1 7 8 12 17 17
881W1CbeX8e68EWmFgHBbm6,8,plain,none,mixed,1 2 3 7 8 13 15 15
881WCYPCUC2H8m94A320c34,8,plain,none,mixed,1 1 5 6 10 11 12 18
881W215GLiML0WIBSAYWmPo,8,plain,none,mixed,1 2 4 10 10 11 11 15
881W02gYeiJUaIHo4juiB5K,8,plain,none,mixed,3 3 4 5 7 11 15 16
881W2I8geXIuXGYPue7mn4q,8,distinct,none,distinct,1 3 4 5 8 9 16 18
881W1Yge8qFGeIToEAccG81,8,plain,none,mixed,1 3 3 7 8 12 12 18
881W10a9HnBk0aa567_agGn,8,plain,none,mixed,1 5 5 5 8 10 14 16
881W1hDu54n2QWeMZrLDTi1,8,plain,none,mixed,2 3 5 6 8 12 12 16
881WB1XARBaA0X3Yv1NZ184,8,plain,none,mixed,2 4 4 6 8 11 12 17
881W8eCgKiDEf24D48Ll8aH,8,distinct,none,distinct,1 3 5 7 8 9 11 20
881W4q51a8Pkf8ffB73a6Ea,8,plain,none,mixed,1 3 5 6 6 8 9 26
881W1Z6meuI8KAHs9JaMB2X,8,plain,none,mixed,2 4 4 6 7 10 12 19
881W8XXbaAKh0af9mcVJO85,8,plain,none,mixed,1 6 6 7 8 9 12 15
881W10HKS92WOLWm83DHj4Y,8,plain,none,mixed,2 2 3 5 9 10 12 21
881W4ZrsCAB2iO63ApX30Z2,8,plain,none,mixed,1 3 5 6 9 9 14 17
881W566fO80X94fCM3QsR4W,8,plain,none,mixed,4 4 5 5 7 10 13 16
881W4XGAE95JD020WAMIneH,8,plain,none,mixed,1 3 5 6 7 7 10 25
881W0mSeKCaLKf2XH1X2XL0,8,distinct,none,distinct,1 2 3 5 11 13 14 15
881W90W4CD56ZIG851cJn0W,8,distinct,none,distinct,1 2 4 5 8 10 16 18
881W463Y5631WWXGGC7AH8i,8,plain,none,mixed,2 2 3 4 9 10 12 22
881W0H6JZcMaKD0NEUf4oW9,8,plain,none,mixed,1 5 5 7 9 11 12 14
881W0mOJrSMBn8IKA0dAeGW,8,plain,none,mixed,2 2 5 5 7 9 15 19
881W05IZeP26Z2GmJNOwHGu,8,plain,none,mixed,1 2 3 5 13 13 13 14
881W3HH5eQB244W9JZBJI95,8,plain,none,mixed,1 2 3 9 9 10 14 16
881W5MdKeg3Xmmh94XH0JYH,8,plain,none,mixed,4 4 5 5 5 10 13 18
881W0YMWG23f2YZZHAbW89a,8,distinct,none,distinct,1 2 3 5 8 11 15 19
881W0WYcsAuZ118I6AvHPKM,8,plain,none,mixed,1 4 5 7 9 12 13 13
881W08HmShiGa8oKHAcKUK8,8,plain,none,mixed,1 2 7 7 8 12 13 14
881W1EYWT9abYWX0HAYOe9G,8,plain,none,mixed,1 1 4 7 8 11 16 16
881W1ASuLH0QHEB6L2F51y1,8,plain,none,mixed,1 1 4 5 10 10 13 20
881W01mK99NEB9AYGJ8MJpY,8,plain,none,mixed,2 3 3 3 10 11 16 16
881W109Con54fPIbDbAc0A6,8,plain,none,mixed,1 3 3 5 7 12 13 20
881W0WKXPjQEaWW40fdTYuq,8,plain,none,mixed,3 3 4 5 7 9 13 20
881W4OpWjQsDm8YbbT5j8X4,8,plain,none,mixed,1 4 5 7 10 12 12 13
881W88843TAr1YG84XH0YaC,8,plain,none,mixed,1 1 4 5 6 9 13 25
881W5Wf99HIA8CISqQo-TKm,8,plain,none,mixed,2 4 5 5 9 9 9 21
881WA10PRkuTmYW13CcmaaI,8,plain,none,mixed,1 1 3 7 10 11 15 16
881W0WHN4SJ4i18_417ILgc,8,plain,none,mixed,1 4 5 5 6 11 15 17
881W4ZF4ZQGfmX2KIQDIsWe,8,plain,none,mixed,4 4 5 7 7 9 13 15
881W2Hi820xC404518ibPzI,8,plain,none,mixed,2 2 3 4 6 6 14 27
881W1Wi4PYnekGWPC2F32iX,8,plain,none,mixed,1 1 6 7 8 11 15 15
881W31Aa9u4iWWmdK6eS8eS,8,plain,none,mixed,1 1 7 7 8 9 13 18
881W2ZILs5g212Lo6FY2WO4,8,plain,none,mixed,1 4 7 7 8 8 11 18
881W8Wn4B810KGJ8yV4YCqI,8,plain,none,mixed,1 1 5 5 8 11 15 18
881W5DcH84A82oGZp1X8WGe,8,plain,none,mixed,1 2 2 3 4 14 18 20
881W3AwTOF5I4WIme0unY92,8,plain,none,mixed,1 1 5 7 10 12 14 14
881W2HCbv5PLHWKK4i4w4zY,8,plain,none,mixed,1 6 6 6 9 11 12 13
881W1JLg82I352B29ONaI8K,8,plain,none,mixed,1 4 4 6 6 11 13 19
881W2QyWncQA302CvgeYXGG,8,plain,none,mixed,1 2 5 6 6 13 13 18
881W1mmP7cAIG8c71WZ5GSG,8,plain,none,mixed,1 3 3 4 9 10 13 21
881W6Bqj60HOYGOHOG44p86,8,plain,none,mixed,1 2 4 4 5 8 8 32
881W2IunT2WWKGIGuAA3KWK,8,plain,none,mixed,1 2 2 6 9 9 11 24
881W2maciQM41GKCDw6sCd3,8,plain,none,mixed,1 3 3 8 8 12 12 17
881W08IAf4M6HH6N632MF0e,8,plain,none,mixed,2 2 4 6 6 8 18 18
881W6XGuauVpA848fgJW8A1,8,distinct,none,distinct,1 2 5 6 7 9 12 22
881W5123CzYoIN1aKnY1aoY,8,plain,none,mixed,2 2 5 5 6 11 13 20
881W61YfZCi6LX09gI4fKSM,8,distinct,none,distinct,1 2 4 6 8 10 13 20
881W32gb0TbYWf0OwAOaCuO,8,plain,none,mixed,1 3 7 7 8 8 14 16
881W30TZAvLbXWWMKse2UYH,8,plain,none,mixed,1 1 5 6 7 8 9 27
881W14YnegKwnI2mS1XmK44,8,plain,none,mixed,2 4 4 6 6 10 12 20
881W16neA72qYn109Cajg54,8,plain,none,mixed,1 5 5 7 8 8 11 19
881W0OOKeSKAQW45C5KC4bH,8,plain,none,mixed,1 3 3 5 5 7 20 20
881W0f0Wec62I4aUBqf0GF6,8,plain,none,mixed,1 3 5 6 6 11 13 19
881WA4HcpUag98CbGo8YWkY,8,plain,none,mixed,3 4 5 8 8 9 13 14
881W4Am-728T1022prqqh4C,8,plain,none,mixed,2 3 4 6 8 10 10 21
881W4bgxVH6pOH9C6GHcLe9,8,plain,none,mixed,3 4 5 5 7 12 13 15
881W1YKoI4wH1082oRMH8r6,8,plain,none,mixed,1 4 5 8 9 10 10 17
881W734eAKo1OW44K69FdK7,8,plain,none,mixed,1 2 5 9 9 11 13 14
881W0gslOiQ8n84ZYyIP9W0,8,plain,none,mixed,1 4 4 5 8 9 14 19
881W0BQ8221T3AZYGGORs92,8,plain,none,mixed,1 3 3 3 8 9 11 26
881W0WQyp9Ka99SO9e260MG,8,plain,none,mixed,1 1 3 8 8 11 13 19
881W4H5H8Con0Q5S-44gN4A,8,plain,none,mixed,1 2 2 8 10 10 15 16
881WDYnio3LK2Y066gnHP4a,8,plain,none,mixed,1 2 6 7 8 8 13 19
881W22SfqzOaGG6LqXHCXB5,8,plain,none,mixed,2 3 4 5 10 12 14 14
881W0ZoC0nOGX4egX8uPD-u,8,plain,none,mixed,2 2 4 7 7 9 9 24
881W4oCn6TGWOWKKyPB95JA,8,plain,none,mixed,3 3 5 5 8 9 12 19
881WAqA2G8Y2Y90G8nemTCQ,8,plain,none,mixed,2 2 5 5 5 6 16 23
881W0HCR5X3b2TemPKikeJ0,8,plain,none,mixed,1 2 5 7 7 9 14 19
881WB7uqKM9GG84Yb2cq8WM,8,distinct,none,distinct,1 3 5 6 9 12 13 15
881W8yHP1Ge5Pe8y8a4HAa5,8,plain,none,mixed,1 3 4 7 7 10 10 22
881W0mOc-3qLA4KEAgs8Lo0,8,plain,none,mixed,1 4 4 5 8 11 15 16
881W137IcZ9Z4X0Tj-9LAX0,8,plain,none,mixed,3 3 4 7 10 10 11 16
881W19oN4a830YBv_db730G,8,plain,none,mixed,4 5 5 6 6 8 8 22
881W1OOKM6uiI0QC65D1GJ5,8,distinct,none,distinct,1 2 4 7 8 11 15 16
881W16mYdgkqaJH5T90NRH2,8,plain,none,mixed,1 6 6 7 8 9 10 17
881W2IJa1j1WuDOKo62d4qG,8,plain,none,mixed,1 2 6 7 7 9 15 17
881WBK4dAWVZ48WZIqXelOS,8,distinct,none,distinct,1 3 4 6 8 9 15 18
881W420kKIPCoIB0K212Sea,8,plain,none,mixed,1 2 2 8 8 12 14 17
881W8GCc6mwJ8p4eH4IemPH,8,plain,none,mixed,1 1 2 9 9 9 15 18
881W12klEqmoSA1xBf7WoGH,8,plain,none,mixed,1 7 7 7 8 10 10 14
881W0OCy-XN6WmqI4fHIHWG,8,plain,none,mixed,2 2 4 4 6 13 15 18
881W29Ia45ac31a20LhIenK,8,plain,none,mixed,1 1 4 5 9 9 13 22
881W10CIbrOQ5GmI94FcKR3,8,plain,none,mixed,3 4 4 4 6 12 14 17
881W0GJMu4IWWWaa674-HaI,8,plain,none,mixed,1 1 6 8 9 12 12 15
881W0OIKIhQbYHm22aKsW52,8,plain,none,mixed,1 1 4 6 9 11 12 20
881W4sHGvQw2138245db0W4,8,plain,none,mixed,1 1 3 9 10 10 11 19
881W630GF52RI843H8HHeOI,8,distinct,none,distinct,1 2 3 4 8 9 16 21
881W4630My2KH4jABYXXGUC,8,plain,none,mixed,4 4 5 5 6 7 11 22
881W82F5c2X11X1eC6JGYGa,8,plain,none,mixed,1 2 3 3 6 13 17 19
881W5Yr5e5YWnmm842MH5H4,8,plain,none,mixed,1 1 2 7 8 13 15 17
881WC021QbQWeHXA651mmaH,8,plain,none,mixed,1 1 2 5 7 7 15 26
881W2WX0wKqA30KDORA10mK,8,plain,none,mixed,2 3 3 3 8 11 14 20
881W1fGYIeCD4GKD4IXAXn8,8,distinct,none,distinct,1 2 4 8 9 10 13 17
881W10GDhG26WGKI6ZgM6JP,8,distinct,none,distinct,1 3 4 6 8 9 16 17
881W510WXNwHOW82fGXmOIH,8,distinct,none,distinct,1 2 4 5 6 9 13 24
881W2ZA9QchsY80qucX7q48,8,plain,none,mixed,1 1 8 8 8 11 13 14
881W10WvaIYXAaQL8C4WWS8,8,distinct,none,distinct,1 2 3 5 10 12 14 17
881W2LJ6aIyC222KH10dIfe,8,plain,none,mixed,2 4 4 6 6 8 16 18
881W2DsjEaxon0H6XCeWb8A,8,distinct,none,distinct,1 2 6 8 9 11 12 15
881W4HCmWcF41aK6kcbAD72,8,plain,none,mixed,3 3 3 5 8 11 14 17
881W8LcqUJIbK2GVCG1f7A5,8,plain,none,mixed,1 4 5 6 6 9 15 18
881WB0WwUA3oa11Xmbr8maa,8,plain,none,mixed,2 2 6 7 7 11 12 17
881W6ifPWME1mGbg1HBAU84,8,plain,none,mixed,1 2 5 5 6 10 11 24
881W8aI4Y92qQI0G5XmgKO9,8,distinct,none,distinct,1 3 4 5 6 10 15 20
881W4J9b5YGo8I5Ge4oOuq5,8,plain,none,mixed,2 2 2 7 7 11 12 21
881W08Hn8s78oRjfgOj4A00,8,plain,none,mixed,2 2 3 6 7 9 13 22
881W8g52SII950HEfMwX0WW,8,plain,none,mixed,1 2 4 5 5 12 15 20
881W0cZ1Geb8OGhAT98WC2E,8,plain,none,mixed,1 2 4 4 6 9 12 26
881W8qLK74pRf4AY94b9p8G,8,plain,none,mixed,1 2 5 5 9 10 11 21
881W11GyHFOIAG863vB2KoK,8,plain,none,mixed,1 3 5 6 8 9 16 16
881W0aI2GGC6hF0GE423DaI,8,plain,none,mixed,1 2 3 3 7 12 15 21
881W5BM2X8GLAGG-ceSID6C,8,plain,none,mixed,4 4 5 5 6 7 8 25
881W28Xm8OI9Yn8bCR4I11W,8,plain,none,mixed,1 2 4 8 8 9 9 23
881W8fWeIiQ620H2Yfj1WH8,8,plain,none,mixed,1 3 5 6 6 11 13 19
881W62ZaYGaOyGaWAOaI4qH,8,plain,none,mixed,2 4 4 5 5 11 16 17
881W37MgUksd0qn2Ga8KUx0,8,distinct,none,distinct,2 4 6 7 9 11 12 13
881W8PIGH26i107nvh7Lwu4,8,plain,none,mixed,1 1 3 7 7 12 14 19
881W214Y64QD2W8525310nO,8,plain,none,mixed,2 2 2 4 6 13 17 18
881W92H8bcWWG4P8428XGkI,8,plain,none,mixed,1 3 4 4 7 10 13 22
881W1WWIYPaPXGC5CamKAje,8,plain,none,mixed,3 3 4 4 7 8 16 19
881W412WiLbKwWeaz70fuYO,8,plain,none,mixed,2 6 6 7 7 8 9 19
881W2WpJIkKXY8CW8rv2zWW,8,plain,none,mixed,1 2 6 8 9 12 13 13
881WALGIGU1Pm8AcLDZFPe6,8,distinct,none,distinct,1 4 6 8 9 10 11 15
881W4II7YN_7G8Kq0X1ETOG,8,plain,none,mixed,1 4 4 6 6 11 11 21
881W3HmW4EB72W422cdM10W,8,plain,none,mixed,2 3 3 4 4 5 19 24
881W1CBo3YqZmWHIvLMpcOe,8,plain,none,mixed,1 2 7 7 9 10 10 18
881W0YDemjn_a23A8fbFmbu,8,plain,none,mixed,1 1 7 9 10 10 11 15
881W6528B3KK10j43f7XGeA,8,plain,none,mixed,1 3 4 4 7 14 15 16
881W29GeecRjr48C8eNCI20,8,plain,none,mixed,3 3 4 6 6 11 12 19
881W00GuQAV2A16bHf3LAL9,8,plain,none,mixed,2 4 5 8 9 11 11 14
881W14MCAAX5H8h5ZIwClmK,8,plain,none,mixed,3 3 5 6 7 9 15 16
881W2NJL2uWo0eP8AEnMfQZ,8,distinct,none,distinct,1 2 5 6 8 9 15 18
881W2XHez6WF4X4Y4qeX0WC,8,plain,none,mixed,1 2 2 5 6 8 10 30
881W0X8CEhOqIWG22QECL2d,8,plain,none,mixed,1 4 5 6 6 9 13 20
881W2A62QbD1OWK-i5WeSZ2,8,distinct,none,distinct,1 3 4 5 9 10 13 19
881W424QAEs4X044Jg3IT_J,8,distinct,none,distinct,2 3 6 7 8 10 12 16
881W0mXGoSA20a42IDx1YXH,8,plain,none,mixed,1 2 4 4 9 9 17 18
881W1HGerP8u10aJ6q25WaC,8,plain,none,mixed,1 4 5 6 6 9 11 22
881W0PevIqAA8GgA1IpQgaH,8,plain,none,mixed,1 2 4 7 7 11 11 21
881W0mGeP95A20GB5f7WgDU,8,plain,none,mixed,1 2 2 9 9 12 13 16
881W4HumO64GHGC6Z3RBKiK,8,distinct,none,distinct,2 3 6 7 8 9 14 15
881W50euiH4OH887hu12YD6,8,distinct,none,distinct,1 2 4 7 8 10 13 19
881W28M52rcYAX046oeQDMa,8,plain,none,mixed,2 3 5 6 6 8 11 23
881W1OjL7xEWbX4t4WYePGG,8,plain,none,mixed,2 2 5 6 8 11 12 18
881W9p1uf8fHbGJ8BQq5Ge2,8,plain,none,mixed,1 1 5 7 8 14 14 14
881W219aoCbwW8M8O1H8sL4,8,plain,none,mixed,1 1 7 7 8 10 15 15
881W8G68aB39M30I5XmIhQD,8,distinct,none,distinct,1 2 4 6 8 9 12 22
881W9WGH6OeUeOb9YodH4I8,8,distinct,none,distinct,1 3 5 6 8 12 13 16
881W0bLwaU34v6HehgYa64G,8,plain,none,mixed,3 5 5 6 8 9 12 16
881W0h0H0KIgKcHSSUuG8B4,8,plain,none,mixed,1 5 5 6 6 7 10 24
881W20JXGXfo8X4kCQzGmK9,8,plain,none,mixed,2 3 3 5 9 9 15 18
881W4IWmK8gcaW01IDwayM7,8,plain,none,mixed,1 3 6 6 8 8 14 18
881W28cXOLG4212lKS0WGOi,8,plain,none,mixed,2 2 2 4 7 7 18 22
881W9Gn8KM6oGg84UAma0C2,8,plain,none,mixed,1 1 3 4 9 10 14 22
881W126rPZ4HX58eaPpf9zH,8,plain,none,mixed,1 3 3 6 9 11 15 16
881W4ETYNIRD2X91E94L1GG,8,plain,none,mixed,3 3 4 6 10 10 12 16
881W4OqmPbHF6W0AbOGsHGm,8,plain,none,mixed,2 2 3 3 10 14 14 16
881W4p2x3C20Z0We4rTRZHG,8,distinct,none,distinct,1 2 3 5 8 13 15 17
881W212PEGaYH4OaKB5XGQ5,8,plain,none,mixed,1 2 4 8 8 10 15 16
881WCE6YICH1O18IP1XuacH,8,distinct,none,distinct,1 2 3 4 11 12 13 18
881W28OmGaohYHIZHMSGB8e,8,plain,none,mixed,2 3 3 6 9 9 13 19
881W4HLH0SA1Oe4Qw756XL9,8,plain,none,mixed,1 3 4 8 10 12 13 13
881W21DQOnEGr4A8THTVelG,8,plain,none,mixed,1 2 5 8 11 11 12 14
881W9dd4FUGaiWGVYA2jRGJ,8,plain,none,mixed,1 2 6 6 7 12 13 17
881W0Kqew521gAIfOE8hRM8,8,distinct,none,distinct,1 2 6 7 8 10 11 19
881W4Z1CT9uYWCaKJSTA8s6,8,distinct,none,distinct,1 3 4 6 11 12 13 14
881W0kZGK9QIbIAIoTYKY82,8,plain,none,mixed,1 2 2 4 8 11 14 22
881W0XWmbsBgrOK49Gh0mGG,8,distinct,none,distinct,2 3 6 7 9 10 13 14
881W2H7IkNK4iH0t19YGIX3,8,plain,none,mixed,1 1 2 7 9 12 14 18
881W2D54KeH6hZ48T31f532,8,plain,none,mixed,1 1 2 5 12 13 14 16
881W6H52W6Yg954XqYWWYSO,8,plain,none,mixed,1 4 4 5 5 12 14 19
881W4a1115AI8H9ydJOOCUO,8,plain,none,mixed,1 3 3 6 7 7 10 27
881W0m82obPh8OAC92GyHs8,8,plain,none,mixed,1 2 5 7 7 8 8 26
881W2aAJ7hGqgWX6Y27EOef,8,plain,none,mixed,2 5 5 7 7 10 12 16
881W61uE2cN-02J20ff1gfY,8,plain,none,mixed,1 2 3 3 8 8 17 22
881W5B549CfeIC87QM2X98H,8,plain,none,mixed,1 3 5 7 11 11 13 13
881W4BHce8CIm8MBIsOA8ba,8,plain,none,mixed,1 4 5 7 8 8 10 21
881W4ZT08Xn3nGGAjEKKPJ5,8,plain,none,mixed,3 4 4 5 6 8 10 24
881W12X18KAYmgHGTEmmK84,8,plain,none,mixed,3 4 4 5 6 6 14 22
881W1AUIKmYcAbm4tTq5Xy4,8,plain,none,mixed,1 3 4 7 7 9 13 20
881W7230K2Wi8DIQCqI8qM4,8,plain,none,mixed,1 1 4 5 6 7 19 21
881W0mMYrUfX512G39r1Ai6,8,plain,none,mixed,1 2 5 6 10 13 13 14
881W0KFUA294c28LGeJAWXG,8,distinct,none,distinct,1 2 3 4 5 13 17 19
881W2GbChMumaWA2IP2gxX2,8,plain,none,mixed,1 2 4 6 11 13 13 14
881W8Y93T10ebmLG82I5hX8,8,distinct,none,distinct,1 2 3 4 6 12 14 22
881W1YIuxmi3188upIb9aW4,8,distinct,none,distinct,1 3 4 6 9 10 11 20
881WAaaIwI8HOL849IeOyj0,8,plain,none,mixed,2 2 2 3 10 11 14 20
881W0vmXW6AYGeiEEJqWoG8,8,plain,none,mixed,1 2 5 7 9 9 13 18
881W2nMIooaGGGGqIFbmUuY,8,distinct,none,distinct,3 4 5 7 9 10 11 15
881WA3QAeOmuKWXqIA7CbOI,8,plain,none,mixed,3 4 7 7 7 9 10 17
881W8LjAaRkyIK2YKGaZ4p2,8,plain,none,mixed,2 3 5 5 9 10 11 19
881W8vaa9r0G40B8YD8aHuI,8,plain,none,mixed,1 1 4 4 5 12 14 23
881W050gAwc43198ZkaZn8u,8,plain,none,mixed,1 1 6 7 8 11 14 16
881W4AGeee829gH4V2J4YIA,8,plain,none,mixed,1 2 3 9 9 11 12 17
881W8cQowrSUWOGHqv92kjW,8,plain,none,mixed,1 4 6 8 8 10 11 16
881WE2WeDVuS9g81KLM0mAG,8,plain,none,mixed,1 1 1 5 6 15 15 20
881W815E1AD28OfKp2HBeNW,8,plain,none,mixed,1 1 1 6 9 10 11 25
881W99cLAWWbGeDYnep1XO0,8,plain,none,mixed,2 2 4 6 7 8 13 22
881W0GCWOE2Ki4aJ9Db2TF0,8,plain,none,mixed,2 2 3 3 10 13 15 16
881W9HGKnHGea854eU16imO,8,distinct,none,distinct,1 2 3 7 9 10 13 19
881W0468oYsP9omL6cZZ5J8,8,plain,none,mixed,2 6 6 6 6 7 12 19
881W10meHToo10aKEAf1Wq2,8,distinct,none,distinct,1 2 6 7 10 11 13 14
881W1UAeC9AaMI0HwN0Ik42,8,plain,none,mixed,1 1 5 7 9 13 14 14
881W8X4b4FOnamBQlAadh82,8,plain,none,mixed,1 7 8 8 8 8 12 12
881W4aaO3BI0ug4aoQ3_Ra9,8,plain,none,mixed,3 3 5 7 8 8 14 16
881W2fGeeCHoA8KCEgcm8B0,8,plain,none,mixed,1 4 4 4 9 10 11 21
881W31CAA2A5CW4329FdY0J,8,distinct,none,distinct,1 2 3 4 6 7 19 22
881W18WPq6Lhuie98diCI40,8,plain,none,mixed,2 3 4 7 7 10 13 18
881W288jy4B9r8OM4STjA00,8,plain,none,mixed,2 3 4 4 4 13 15 19
881W209XDcIJ4XAo9SU6G8Q,8,plain,none,mixed,1 1 4 7 10 10 13 18
881W2A4j9GaQjWa8sEaP1W9,8,plain,none,mixed,2 3 3 5 10 10 11 20
881W0vpeonKcGmqY6mK1642,8,distinct,none,distinct,1 2 5 6 7 12 14 17
881W2aLMB87sCcWnHQyY8P0,8,plain,none,mixed,2 3 4 7 7 9 15 17
881W0fAWX9M8852KEPioQLG,8,plain,none,mixed,1 1 5 8 9 10 15 15
881W2bRJ9dr0eA0YP5aKb8B,8,plain,none,mixed,1 5 6 7 9 9 11 16
881W92meZV5b2C10V99PCY8,8,plain,none,mixed,1 1 5 9 10 10 11 17
881W21a63XZ4YWuG9SchGH4,8,plain,none,mixed,1 1 4 6 10 11 12 19
881WEYrSU2ZHIY008oKW9J3,8,plain,none,mixed,1 2 3 6 7 7 13 25
881W007gJeA73X4ULB53X18,8,distinct,none,distinct,2 3 4 5 6 8 16 20
881W2XmmaJILEaIE80EWW82,8,plain,none,mixed,1 1 2 6 10 11 16 17
881W0IH9K6iII3fiDZ0cXMX,8,plain,none,mixed,2 4 5 6 7 10 15 15
881W190WmRPXumqS3IX00JA,8,distinct,none,distinct,1 2 3 5 7 9 12 25
881W0av5G4BkGc4vNFQJI31,8,distinct,none,distinct,1 4 6 7 8 9 11 18
881W0CaeyYkfbX9BgwYg998,8,distinct,none,distinct,1 2 5 9 10 11 12 14
881W4ax44VF4YA0GrObbKG8,8,distinct,none,distinct,1 2 4 6 8 10 11 22
881W8aWgMIKAma2aK5-mqid,8,plain,none,mixed,1 6 6 7 9 10 12 13
881WAIGfB2XMYYGGv4nTWW2,8,distinct,none,distinct,1 2 3 8 10 11 12 17
881WCH8eE58iA432Y512WqO,8,distinct,none,distinct,1 2 3 6 8 10 16 18
881W4B1FaTkt108SGo9Eccf,8,plain,none,mixed,1 6 7 7 8 9 10 16
881W22PCHqbTw0YUeJe9Qh1,8,plain,none,mixed,1 3 3 7 7 8 16 19
881W11E0G53BH94pPoP4vH8,8,distinct,none,distinct,2 4 5 7 8 9 13 16
881WAD9KeRF0WW4Y48ZfgD6,8,plain,none,mixed,1 4 7 9 10 10 11 12
881W2Q9K4sSWeemIqBYPuN8,8,plain,none,mixed,1 4 7 8 8 9 13 14
881W89GahPN3OW56fIQZOJI,8,plain,none,mixed,1 7 7 7 8 10 12 12
881W0GC7IkEAbWeM843PIOS,8,plain,none,mixed,2 4 4 4 9 11 12 18
881W2cy32B4aWfZ9LPWwkm8,8,plain,none,mixed,2 4 6 7 8 9 9 19
881W13Y2qLKwQ90reh11Wab,8,plain,none,mixed,2 3 7 7 7 9 12 17
881W3Ab3OA2ZGOW8y9pf0ea,8,distinct,none,distinct,1 2 3 6 9 13 14 16
881W4bFG89g0MA4Jw65sv98,8,distinct,none,distinct,1 4 5 8 9 10 11 16
881W87CWO4OqIWSiaC4gM5a,8,plain,none,mixed,1 1 5 7 9 11 15 15
881W0GQ8W99egb2IEdJci22,8,plain,none,mixed,1 2 2 4 9 12 15 19
881W468g9i6JNg8fK42235C,8,distinct,none,distinct,1 3 4 5 10 12 13 16
881W4JsZ8495RGGWYDOwB2I,8,plain,none,mixed,2 4 6 6 6 7 16 17
881W88c0Wb4oW6Bvqx0WSMi,8,distinct,none,distinct,1 2 3 5 8 9 12 24
881WD6b72I1n1D8S21Koeh2,8,plain,none,mixed,1 2 7 8 9 9 12 16
881W0_1WZOr599ZNCJvWgc4,8,plain,none,mixed,1 3 7 8 8 8 11 18
881W4GXF4rGq108Uov52Yba,8,plain,none,mixed,1 2 6 8 9 9 10 19
881W297ZY4abqWGXDZHmqf8,8,distinct,none,distinct,1 3 6 7 9 10 12 16
881WAI5DSE4K40HHf50YJeI,8,plain,none,mixed,2 2 5 6 8 11 13 17
881W5Ifrvz758GY5P418uq1,8,plain,none,mixed,1 5 8 9 9 9 10 13
881W1nM8a9E2Q0OyLmWmw2Z,8,distinct,none,distinct,1 3 4 7 9 10 14 16
881W396YXBPeaGeYUG00WKI,8,plain,none,mixed,1 3 3 5 7 8 8 29
881W11PQa1P1fmKCHOw4r2I,8,distinct,none,distinct,1 3 4 7 8 11 13 17
881W0b5802V8WIcqHH8NhqQ,8,plain,none,mixed,1 3 6 6 7 7 11 23
881W0mkDSI18mfES82E8AWm,8,plain,none,mixed,1 3 3 3 4 14 17 19
881W46KyI818mX51GlJih2X,8,plain,none,mixed,1 3 5 5 6 11 14 19
881W5GRra45oIJ18GbFXC86,8,distinct,none,distinct,1 2 5 6 8 10 14 18
881W2jIP0O418gG82AZGeNA,8,plain,none,mixed,1 3 3 5 5 10 13 24
881W8H7T4mP4K45Z-75XB72,8,plain,none,mixed,2 3 3 8 8 12 13 15
881W0aGHOfDYmBWK92KAPGe,8,plain,none,mixed,1 1 5 6 8 14 14 15
881W8UOYAA4c10Geb_DWnb2,8,plain,none,mixed,1 1 2 11 11 12 13 13
881W3ACGtdn93WWPukCt18G,8,distinct,none,distinct,1 4 5 7 9 11 12 15
881W222boMDqqbGHr318XAY,8,plain,none,mixed,2 3 4 8 8 9 13 17
881W54XeOC5YpOXm8e6WG42,8,distinct,none,distinct,1 3 4 5 6 10 14 21
881W2130iGaKImWWRaJ1aqK,8,plain,none,mixed,1 2 4 6 7 12 16 16
881WCTLWW66eCOCakAb4K4X,8,plain,none,mixed,1 2 2 4 6 11 18 20
881W8XGb3isI8m5GeAr2aIK,8,plain,none,mixed,2 2 5 6 9 10 11 19
881W0oRIGJ2f92laE5KWX4H,8,plain,none,mixed,1 3 5 6 10 10 11 18
881W20eh8o5X84CQBSfFCkq,8,plain,none,mixed,1 4 4 9 11 11 12 12
881W291eYKI8Un8a8mPNl4X,8,plain,none,mixed,2 3 4 4 6 7 14 24
881W0a78y8bPU41JrTDwbLW,8,plain,none,mixed,1 1 5 9 10 10 11 17
881W2a8aRHfGf95Yq4HCnIm,8,distinct,none,distinct,3 4 5 6 8 10 12 16
881W42Gfqb9Hn0mKL4pik92,8,plain,none,mixed,1 1 8 10 10 11 11 12
881W2IaZB223a5mXWyXegaB,8,plain,none,mixed,1 1 5 5 9 10 12 21
881W8GmUVs9C609AaK0b9KY,8,plain,none,mixed,2 2 5 6 9 9 13 18
881W4KWODsWGO9HC42CaWKH,8,plain,none,mixed,1 3 3 3 4 11 15 24
881W2Nm44WgI31H4HmadmO6,8,plain,none,mixed,1 1 4 5 8 11 13 21
881W4CIOigHSTCXwGh0aQ84,8,plain,none,mixed,3 3 4 4 6 13 13 18
881W2FGfOQWWX9X8I2JC-H4,8,plain,none,mixed,1 3 5 7 9 9 11 19
881W0GC7P89520mGBYoHGfC,8,plain,none,mixed,1 2 3 4 11 11 13 19
881W0PAfbc4X4H2KEJeVOX8,8,plain,none,mixed,1 1 4 7 11 12 14 14
881W3G5AbJOY8L4cHOK8IKW,8,plain,none,mixed,1 1 3 7 8 8 17 19
881W2B11Hp82Kof1TYH0KLI,8,distinct,none,distinct,1 2 3 4 5 13 16 20
881W18WHeLaY1WKIB4GWGL6,8,plain,none,mixed,1 1 3 6 6 13 16 18
881W0C14X84L32ao51mWHfg,8,plain,none,mixed,1 3 3 3 4 8 13 29
881WC5cIeYogIm8xn8vacOG,8,plain,none,mixed,3 4 4 6 8 9 12 18
881W0gI824UXKacaXH9XmZG,8,plain,none,mixed,1 1 7 8 8 9 11 19
881W29BObWovAGefCkHYM7G,8,plain,none,mixed,1 4 4 7 8 9 11 20
881W4A0WONN8m824M2YHajM,8,distinct,none,distinct,1 3 4 5 8 12 14 17
881WCKPKaYInRW4eWmEh4eH,8,plain,none,mixed,1 2 5 6 6 8 12 24
881W8WWea0fH32OC9eyGmOA,8,plain,none,mixed,1 1 2 8 11 13 13 15
881W10nDm4YKQ0qAOA8H96f,8,plain,none,mixed,1 1 3 4 8 11 17 19
881W51WksA4004KAjH4WX0H,8,plain,none,mixed,1 1 2 6 7 10 11 26
881W5XHBN9aKA8W8z2910Aa,8,plain,none,mixed,1 3 4 9 9 10 11 17
881W154WUKW427KA6T531H5,8,plain,none,mixed,1 1 3 4 8 10 12 25
881W072GuWpMGA9waiXWuO6,8,plain,none,mixed,1 1 5 5 6 11 13 22
881W0sAIrgkPW0JUnSAf9a6,8,plain,none,mixed,1 4 7 8 8 8 9 19
881W16ZWe4cpYIHO8j0888A,8,plain,none,mixed,2 2 4 5 7 7 14 23
881W10g9FZkkG92E4ZEKPem,8,plain,none,mixed,2 6 6 7 8 9 11 15
881W0ag0GAP4IAAJA1CYhHe,8,plain,none,mixed,2 2 3 5 9 10 11 22
881W2GW8DIJvWW246JEKqML,8,plain,none,mixed,3 5 5 5 5 10 11 20
881W2fOGK94IAe421iI2ZQe,8,plain,none,mixed,2 3 3 5 6 11 15 19
881W5K232P2I1WH861uaGWc,8,plain,none,mixed,1 1 1 2 5 12 17 25
881W4XfJfi9aM80Ls28aP08,8,plain,none,mixed,1 1 3 7 8 12 14 18
881W0IXvA98IvYn8FACDCA2,8,plain,none,mixed,1 1 5 8 9 11 14 15
881W18gCbq2921MK2XL0Zme,8,plain,none,mixed,1 3 3 4 8 10 17 18
881W0WeA4HI32W656ZjXpXW,8,plain,none,mixed,2 2 3 4 6 7 18 22
881W41d852XaKHaJm8C4U8m,8,plain,none,mixed,1 1 3 6 8 9 10 26
881W5gKYGOLbO846KeyGG4H,8,plain,none,mixed,1 3 3 5 5 11 13 23
881W30C42cAMeKO40mXGwDW,8,plain,none,mixed,1 1 1 4 4 11 11 31
881W4Q8Toy98O0AIKD5XgIA,8,plain,none,mixed,1 5 5 7 8 9 11 18
881W1WWX6al120aM9fPHGuO,8,distinct,none,distinct,1 2 4 5 7 11 14 20
881W3cfAYMMA3191IOX7mea,8,plain,none,mixed,1 4 6 6 7 12 13 15
881W2cGOv8mF0oIkgYa90WC,8,plain,none,mixed,1 1 4 6 6 10 13 23
881W19OOKm4r30CA6UnKB8c,8,distinct,none,distinct,1 3 4 7 8 10 15 16
881W74ZEZRX0KY0HwkJAT88,8,plain,none,mixed,1 3 3 7 7 10 13 20
881W12G8meA0ic7EuTEP0WI,8,distinct,none,distinct,1 2 3 4 10 12 13 19
881W210sF7ImO9CYHCY0HA8,8,plain,none,mixed,1 1 2 6 8 14 16 16
881W40qiKu3mG8uKiR9HH92,8,plain,none,mixed,1 4 5 5 9 9 13 18
881W4YLaqYemWO4ECA51zH2,8,plain,none,mixed,1 1 7 8 8 10 11 18
881W6Kc0W9BTee5nMP0WMQe,8,plain,none,mixed,3 4 4 4 6 9 12 22
881W0qeyS7qY0X5aoISXWCA,8,plain,none,mixed,3 3 4 5 6 9 10 24
881W6IQescP8b80xYxC2aWG,8,distinct,none,distinct,1 2 4 8 10 11 13 15
881W09ounQD1X9CM4HoacHG,8,distinct,none,distinct,1 2 5 6 9 12 14 15
881W2256m62QyED4c7p9Pf0,8,distinct,none,distinct,1 2 3 8 10 12 13 15
881W30aCC4IHM0452nNXHF1,8,plain,none,mixed,1 1 1 8 8 11 13 21
881W11GSLPGa60YMCT8Xn4w,8,plain,none,mixed,1 1 8 8 8 9 11 18
881W532lcGvaX4Kq8u40zQG,8,plain,none,mixed,1 4 5 6 6 10 12 20
881W1KeXm82nWJY98fKoG46,8,plain,none,mixed,1 1 4 6 8 11 13 20
881W2P0yzeyu8OoK58XIEe1,8,plain,none,mixed,1 1 3 5 10 12 15 17
881W3X0eH2m8B4eH8gD1Ge6,8,plain,none,mixed,1 1 2 4 8 9 14 25
881W8ZWm85M8a7Gic6emKI9,8,plain,none,mixed,1 1 8 8 8 9 12 17
881W370MzMcJ9H10QQWf524,8,plain,none,mixed,1 3 4 5 5 11 16 19
881W0GA2Qz3M818OBb1Gpf1,8,plain,none,mixed,1 2 2 3 6 9 20 21
881W299284x1u086PCagNCP,8,distinct,none,distinct,1 2 4 6 7 12 14 18
881W0GF5Ka5Kef0aBcJf62a,8,plain,none,mixed,2 2 3 4 11 12 14 16
881W92uyXYC4X43DQ9oymuD,8,plain,none,mixed,1 3 5 7 11 12 12 13
881W97w6nNg54G1HRJaiWeW,8,distinct,none,distinct,2 3 4 6 8 12 14 15
881W2D96HsT69H79y952ksW,8,plain,none,mixed,4 4 4 7 9 9 12 15
881W4C1CwX98YW5l462AHHe,8,plain,none,mixed,1 1 3 4 10 12 16 17
881WAI8Y832eqe50m43vnm8,8,plain,none,mixed,1 2 2 5 8 9 11 26
881WCHXnK422mgGGm6vL4aI,8,plain,none,mixed,1 4 4 6 7 12 12 18
881WD1VPaaILo01YC-LS554,8,plain,none,mixed,1 1 4 7 9 10 16 16
881W8A632Dke2ePl520OCmK,8,plain,none,mixed,2 3 3 4 5 5 16 26
881W4ERCA66bGmZH952ac84,8,plain,none,mixed,2 4 5 7 7 11 13 15
881W0Xfu6ZMHI9GY9nQcXim,8,plain,none,mixed,3 4 5 9 9 9 10 15
881W610IA68KYf0Wo918O-h,8,plain,none,mixed,1 2 3 5 5 11 18 19
881W8BGeKHJeIM05sJ9Ks20,8,plain,none,mixed,1 1 2 5 6 12 17 20
881W0WZrIOrQU90CQb8W9GZ,8,plain,none,mixed,1 1 5 6 7 9 14 21
881W0WEadYGKqf8R884FOTm,8,plain,none,mixed,1 3 4 4 7 10 13 22
881W0cpuhHFQ50XI89BGmeA,8,plain,none,mixed,2 2 4 8 10 12 13 13
881W5cmLgq0WGE8q421YmG9,8,distinct,none,distinct,1 2 3 6 9 10 13 20
881W0mKKwNOWieaL9YquZ62,8,plain,none,mixed,3 3 5 7 8 11 12 15
881W1fvXGaw2Wf0oBJKI60C,8,plain,none,mixed,1 2 3 6 6 8 12 26
881WD32iZ2q1P0Ly2LoYmUG,8,plain,none,mixed,1 1 2 6 9 14 15 16
881W24YBqIH3aJ0F9o5P0Wm,8,plain,none,mixed,1 1 1 9 11 13 13 15
881W0GGvKGKPa4eA78YCkNC,8,plain,none,mixed,2 3 5 5 9 9 14 17
881W096SA0XZIgXWmeZInP0,8,plain,none,mixed,1 3 3 4 5 12 12 24
881W4Cfbdi062T9mD9PD2IG,8,plain,none,mixed,1 3 4 4 6 9 9 28
881W2FjovCL4Wp82bYOa108,8,plain,none,mixed,1 3 4 7 7 8 13 21
881WAnKeM8aa2Y001YH12Sg,8,plain,none,mixed,1 2 3 3 8 8 18 21
881W2QHDOaSf08AIg2YkMaI,8,plain,none,mixed,1 2 6 9 10 10 11 15
881W8ZAwhi52K4Jrcb4d8IW,8,plain,none,mixed,1 6 7 8 8 8 11 15
881W08BeE82PH4YpHdXBc64,8,plain,none,mixed,1 1 3 4 7 13 17 18
881W01CaGd6aC2BDd6YXZ4X,8,plain,none,mixed,1 1 4 5 10 13 15 15
881W831eZLo5HG37iEMHCe8,8,plain,none,mixed,2 2 2 4 10 12 16 16
881W11LJPeKCq0W5RQ44E0O,8,plain,none,mixed,1 1 3 3 5 8 13 30
881W0m8O8CP2T0KD7Y4b9Yo,8,plain,none,mixed,1 2 4 4 5 13 13 22
881W18OQs-j6uOeO0cCX3q5,8,plain,none,mixed,3 3 4 6 7 9 15 17
881W1HHX6dDeO92-EQat12Y,8,plain,none,mixed,3 4 5 5 7 8 15 17
881W0dHIgDOgA2BWdf421aH,8,plain,none,mixed,1 2 6 7 7 7 13 21
881W1Wnm4fuiUCeOM460WK4,8,plain,none,mixed,2 2 3 5 5 11 14 22
881W11nNUXmuOG6GOI83aYe,8,plain,none,mixed,1 1 4 6 6 8 12 26
881W4gg8PzBR5WCuB4E3Qq4,8,distinct,none,distinct,2 4 6 7 9 10 11 15
881W0C1iaMB2W6GeP4pA4ZG,8,plain,none,mixed,1 1 4 5 7 14 14 18
881W90f8nAuWW2OAJEdIMFJ,8,plain,none,mixed,1 4 6 8 9 11 11 14
881W042iYTIzWge5BAaXT4a,8,plain,none,mixed,2 5 5 6 7 8 9 22
881W4aYGYHbaiCDNB4A1KC8,8,plain,none,mixed,3 3 4 5 8 9 14 18
881W0ikZHGlKd22868ui94G,8,plain,none,mixed,1 3 3 6 10 11 12 18
881W2IIGw3XowX0GqirK4aP,8,distinct,none,distinct,2 3 4 6 7 9 14 19
881W171v5i80Wo4-aL598aQ,8,plain,none,mixed,1 1 5 6 7 8 13 23
881W28nC8oCv40C8TVffL7b,8,plain,none,mixed,1 2 4 8 8 13 14 14
881W64sT9A20WX394nPvXnG,8,plain,none,mixed,3 3 4 5 8 12 14 15
881W8K2GM8AHAa4oQhJ0YXK,8,plain,none,mixed,2 2 3 5 8 11 16 17
881W0afKCOC0ulaIKAfP650,8,plain,none,mixed,1 2 2 8 10 10 11 20
881W5aGmOIA299H879Dm861,8,distinct,none,distinct,1 2 3 5 9 10 12 22
881W4qGAET8aH5314X34WYW,8,plain,none,mixed,1 1 3 3 8 10 15 23
881W6qeKvQ2425949JeWWm9,8,plain,none,mixed,1 2 3 7 10 10 13 18
881W4DGGKoYf8WFeMLEGuL5,8,plain,none,mixed,1 1 5 7 7 12 13 18
881W1Y1vAuwqP8m2ix8J9OX,8,plain,none,mixed,1 1 4 7 8 10 14 19
881W4GmOAvadWKI5bIKL889,8,plain,none,mixed,1 5 7 7 8 10 11 15
881W11AVyf7I0X888OnoofY,8,plain,none,mixed,1 3 3 8 9 11 13 16
881W0Wb6KG820vOiD2T34XG,8,plain,none,mixed,1 2 2 5 7 9 15 23
881W4IHX8KVY908QEE4KI53,8,plain,none,mixed,1 2 3 8 8 10 13 19
881W2DrBQVAPQE6w2iRGOW4,8,plain,none,mixed,1 3 6 8 9 12 12 13
881W1W03cLCXWGoH1XvH8ea,8,plain,none,mixed,1 1 5 6 6 8 9 28
881WCHagKYJXpY48am4X6eK,8,plain,none,mixed,1 1 4 8 9 10 12 19
881WC41qiEU0meLiD80v92X,8,distinct,none,distinct,1 2 3 5 6 14 15 18
881W10aieXLKom0A9fNXnFX,8,plain,none,mixed,1 2 6 6 8 11 11 19
881W2KmG84g5K20XIP5CaMF,8,distinct,none,distinct,1 2 4 6 9 11 13 18
881W23RPnA8a98IXci25nsY,8,plain,none,mixed,3 3 4 7 9 10 10 18
881W80UoQAfJX0XWpOjA6od,8,distinct,none,distinct,1 4 6 7 8 9 13 16
881W4LX72XAeSLXMo1CMCaW,8,plain,none,mixed,3 3 4 6 7 9 11 21
881W2HqDo0KI9GuA9B9XtB2,8,plain,none,mixed,1 2 4 7 7 10 16 17
881W8qpEWO25n0e4Lfe9F3H,8,distinct,none,distinct,1 2 3 6 7 10 12 23
881W09eqjZ8O00gUAH5ZYOI,8,plain,none,mixed,3 3 3 4 7 8 15 21
881W3YfmuboXHG48m2KMCO8,8,distinct,none,distinct,1 3 4 5 8 11 15 17
881WA51WKiHgCeGX8bpm8E4,8,plain,none,mixed,3 3 4 5 5 6 15 23
881W172NAzQn089ISL4gLCI,8,plain,none,mixed,1 6 6 6 8 9 14 14
881W0Zb54cWGE4eHW8DZXH4,8,plain,none,mixed,1 1 2 3 6 7 10 34
881W03OK7TCStAHAKH_SWi8,8,plain,none,mixed,2 4 6 6 8 10 14 14
881W116J83aUJ5QcIP3XGt0,8,plain,none,mixed,2 3 6 7 11 11 12 12
881W0GJGwMx210ac44b4QzI,8,plain,none,mixed,1 2 6 6 11 11 12 15
881W00cPWGKZ4XGF9bibIbo,8,distinct,none,distinct,1 2 4 6 7 11 16 17
881W1AUaIX94qbGTyO4CGMg,8,distinct,none,distinct,2 3 4 6 8 9 11 21
881W2X6GeKm8HW8rQb4E74k,8,plain,none,mixed,1 4 4 5 6 9 11 24
881W0ena1YTF1fKXA88Qqv4,8,plain,none,mixed,1 2 2 6 9 10 11 23
881W01o6fkQOC3HId8gZmuf,8,plain,none,mixed,2 4 4 5 6 13 14 16
881W636KPQA10KaYaD1eXn1,8,plain,none,mixed,1 1 3 5 11 12 14 17
881W0G8paXI5WXYhO46pqYn,8,plain,none,mixed,1 4 5 5 7 12 13 17
881W41fe4BabofWmfA9MMP0,8,distinct,none,distinct,1 2 3 6 7 10 16 19
881WB6JBbu8qQC8GW39YH8A,8,distinct,none,distinct,2 3 4 5 8 9 10 23
881W8hs2XEWZbm1naff2P8G,8,plain,none,mixed,2 2 3 4 5 10 16 22
881W1aTImbKfD62e47z2Y4G,8,plain,none,mixed,1 1 6 8 10 11 12 15
881W03WH1ZCXuob6HHArgpI,8,distinct,none,distinct,2 4 5 6 8 9 12 18
881WAgpFWmgobH91Hu0nH5O,8,distinct,none,distinct,1 2 3 4 7 10 12 25
881W0TIPocZ20I98eEoTo88,8,distinct,none,distinct,1 4 5 6 9 11 12 16
881W15X8113IP30WOKsfSq5,8,plain,none,mixed,1 2 4 4 6 6 16 25
881W09T98XJfF6HGmeNcf40,8,plain,none,mixed,1 1 4 6 8 10 15 19
881W0OALaBxqS8KbUD2HW38,8,distinct,none,distinct,1 4 5 6 8 11 13 16
881W2maIAo9eA4OB4I90ge6,8,plain,none,mixed,1 2 2 6 9 10 15 19
881W0b4UF4H2Hd863PPcAIW,8,plain,none,mixed,1 1 4 7 8 10 14 19
881W2NWaY9eX8o8alGi646E,8,plain,none,mixed,1 3 4 4 10 10 13 19
881W0b0fcGeIIJaA9uC1aK4,8,plain,none,mixed,1 1 5 5 6 11 14 21
881W5Ws84xb2XmmaqOG4IGa,8,plain,none,mixed,1 2 4 7 10 10 11 19
881W8KYAmO44gD0G34kMF5G,8,plain,none,mixed,2 2 3 5 7 12 14 19
881W0LKXmBJff6ajQn8Ah86,8,plain,none,mixed,2 2 4 5 6 10 14 21
881W4oLIHG43n10WE4q8A2P,8,plain,none,mixed,1 1 4 4 6 8 16 24
881W12X9imO32CGIfqb94WH,8,distinct,none,distinct,1 3 5 6 7 9 11 22
881W2EH4AaCOwIOdf51cwA4,8,plain,none,mixed,1 4 5 6 11 12 12 13
881W2fCtvwnOHmIG28H4CaW,8,distinct,none,distinct,1 2 3 4 9 12 14 19
881W34gT9OvCWYA92I2AIf4,8,plain,none,mixed,1 2 6 7 7 10 13 18
881W8bDIeEmO508b6wCYYGQ,8,plain,none,mixed,2 2 3 8 9 9 10 21
881W241oO21JY0ZnegZ9Gec,8,plain,none,mixed,1 2 2 6 8 12 16 17
881W1WOCAGYIE8856ZgK8M8,8,plain,none,mixed,1 1 5 8 8 9 12 20
881W44n8pfiE8O5jHCUD2BI,8,plain,none,mixed,1 3 7 7 8 9 11 18
881WC1unOO8bCgW9Z3eYIF4,8,plain,none,mixed,1 5 5 8 9 10 10 16
881W1N406DDQ11PFKmXnASi,8,plain,none,mixed,2 3 5 6 6 6 11 25
881W900louiII9bcuq220Ko,8,plain,none,mixed,1 3 4 4 5 8 19 20
881W4YP1Zg5C0WEG5WmMfag,8,plain,none,mixed,1 1 5 7 8 10 11 21
881W1K6bvaqKoGXoqLWG7aK,8,plain,none,mixed,2 3 5 6 6 7 13 22
881W8F8YPCdn4W4ZXanGpK8,8,plain,none,mixed,3 3 5 5 5 11 15 17
881W1W9fWjr440WJS6gsGGC,8,plain,none,mixed,1 1 1 3 6 14 16 22
881W40cHA-KKgWKarP29uDX,8,plain,none,mixed,1 2 6 7 8 8 12 20
881W1O-fYKEf8G4hQenbrcG,8,plain,none,mixed,2 3 4 6 11 12 12 14
881W28KAC8C6s0202oQCgIP,8,plain,none,mixed,1 2 3 4 7 7 15 25
881WCMA3UL9YY80e5a3X5i6,8,plain,none,mixed,1 2 2 9 9 12 13 16
881W2I9I9KgPS4C6i64A750,8,plain,none,mixed,2 2 2 8 9 13 14 14
881W68CyTC5AKe41WeHYhm0,8,plain,none,mixed,1 1 2 3 3 10 16 28
881W55JeM0WX0gHOKG8OiyI,8,plain,none,mixed,2 2 5 5 6 6 11 27
881W33H8aL50uGWGs2fmu22,8,distinct,none,distinct,1 2 4 5 7 9 17 19
881WCGDI9TUSI93aC4aIAS2,8,plain,none,mixed,1 4 4 8 10 12 12 13
881W0CA5K2dbesIH931XAC8,8,plain,none,mixed,3 3 4 5 7 11 12 19
881W1ALAXZp6nOGAWmeXeeG,8,plain,none,mixed,2 3 5 7 7 10 10 20
881W4DuW74raIGbqRK7alea,8,plain,none,mixed,3 5 6 6 7 8 10 19
881W0Gqm7211E9ouScRIZYA,8,plain,none,mixed,1 3 3 5 10 13 14 15
881W6CeCb6XOGHF4EN62Ea8,8,plain,none,mixed,1 3 6 6 7 7 15 19
881W8dALBV9eqeGYa91CWm8,8,plain,none,mixed,1 4 5 8 8 12 12 14
881W0O4vssDA708J4BYJ3G8,8,plain,none,mixed,1 1 6 6 6 7 17 20
881W25OSYIMgH9ZLWvAIw10,8,plain,none,mixed,3 3 4 6 6 7 15 20
881W8C9bmr2dmva6GcZHY10,8,plain,none,mixed,1 2 2 6 7 11 17 18
881W0FnHMNd2aXXPIseB1fu,8,plain,none,mixed,1 3 3 8 10 12 13 14
881W23kiQwQD0cHnCH7XY0X,8,plain,none,mixed,1 2 6 6 9 9 12 19
881W0HGlyY958I9KaaHU9aH,8,plain,none,mixed,1 6 6 9 9 11 11 11
881W28c6LT7Y1X8KCHLJGL2,8,plain,none,mixed,1 1 6 7 10 11 13 15
881W1KkOqhqA4Y0OC1IYX98,8,plain,none,mixed,1 3 5 8 8 9 14 16
881W0JB-EqM32B5OYaq8b0G,8,plain,none,mixed,1 3 4 5 8 12 12 19
881W0ec54ZiI710rPDAXHH2,8,plain,none,mixed,1 1 9 9 9 10 10 15
881W2KHGuTr6G83dab54uI5,8,plain,none,mixed,2 2 4 6 10 13 13 14
881WA6ZWo9G-OG3K7v0WKWL,8,plain,none,mixed,1 2 2 6 9 10 14 20
881W834WwCpfnXHjga2X4Pe,8,plain,none,mixed,1 3 6 7 9 9 11 18
881W0GOLAKS410eA5Z56WG8,8,plain,none,mixed,1 3 4 4 6 8 18 20
881W11sSOGIeXemzSo2yJcJ,8,plain,none,mixed,2 3 5 7 7 8 9 23
881W2D0fa46KmbJHb73Q17a,8,plain,none,mixed,1 4 4 8 9 10 11 17
881W9NZkRoyj0mGHc5deZD2,8,plain,none,mixed,1 2 4 8 10 11 14 14
881W5IYJ6Xg00m4cI92Ogjg,8,plain,none,mixed,1 2 4 4 9 10 17 17
881W0aIbg4Wu2mLXyIAhGKC,8,plain,none,mixed,1 1 3 6 8 9 10 26
881W56fac21GxX10Kc7Ag34,8,distinct,none,distinct,1 3 4 6 7 8 12 23
881W1RGeU8UeaY92IKffQG8,8,plain,none,mixed,1 3 5 5 10 11 12 17
881W10zJIFL295Cu469YQb0,8,plain,none,mixed,1 1 5 9 11 11 12 14
881W4BIZHaC0u58aXJfMdKG,8,plain,none,mixed,3 4 5 5 9 10 13 15
881W60GsNYHvOgH94uUGn89,8,plain,none,mixed,2 4 5 7 7 12 13 14
881W9a3WqBhLGeOSGZP1OmI,8,plain,none,mixed,1 5 6 7 7 8 9 21
881W2IQihDb1GX0GqMgeSe4,8,plain,none,mixed,2 5 5 8 9 9 9 17
881W4HAaIaGZmP8wz0Hmv0W,8,plain,none,mixed,2 2 4 5 5 10 14 22
881W1Gfd64sL0GINICdB0mY,8,plain,none,mixed,3 4 5 5 9 11 13 14
881WCK5WpcAY40DhIZWmgei,8,plain,none,mixed,1 3 6 6 7 7 14 20
881W0V0x39efH62xleYB7AW,8,distinct,none,distinct,1 3 4 7 8 12 14 15
881W0C9GA82k966X97dZo50,8,plain,none,mixed,1 1 2 4 10 14 15 17
881W1S6a4a6WeWPKgObRFA6,8,plain,none,mixed,1 1 4 5 10 12 13 18
881W9pMSLIapTeZW6SW2JW1,8,plain,none,mixed,1 2 3 4 9 9 16 20
881W1IHGfZeoXGGCbI54OKI,8,plain,none,mixed,2 3 6 9 9 10 12 13
881W2ZI_G421g2HWGgIQ4YY,8,plain,none,mixed,1 4 4 5 7 7 18 18
881W1HrP9KXGkGWPIH8X6Ye,8,plain,none,mixed,1 3 6 8 8 9 12 17
881W1CjQm1P5J8NjWMPNuWG,8,plain,none,mixed,2 3 3 5 6 9 17 19
881W1r1uaE58aM0YLM4aaI8,8,plain,none,mixed,1 2 6 6 10 11 13 15
881W8iE6oVI1204KAYGaWuC,8,plain,none,mixed,2 2 4 5 8 10 15 18
881W5BYna4YGn8Gma6JO458,8,plain,none,mixed,1 3 4 6 6 6 17 21
881W0wXSOeC7ZoH484BIYmO,8,plain,none,mixed,1 2 5 7 9 9 12 19
881W0eCHAgCfCGW612dFmKf,8,plain,none,mixed,2 2 6 6 7 9 11 21
881W1NI8Z96mmnb2TL2S4eA,8,plain,none,mixed,1 1 4 6 6 10 17 19
881W2dfu6226YH529m2tWG8,8,plain,none,mixed,1 1 4 5 6 10 13 24
881W4Af04gcB2WS9iKMYYH4,8,plain,none,mixed,1 1 3 7 9 14 14 15
881W5McIPoX1909OU9Hu62E,8,plain,none,mixed,1 4 5 6 8 8 13 19
881W2IGvHLAL19agmcKD4u2,8,plain,none,mixed,3 5 5 5 7 11 12 16
881W5fCaK6a56I111JWjWGa,8,plain,none,mixed,1 2 2 5 9 10 14 21
881W18u5i7c310mG43MbW98,8,plain,none,mixed,1 1 2 2 12 14 15 17
881W4WKE4X9sn8I5XGOAmf2,8,plain,none,mixed,3 4 5 5 5 6 9 27
881W08ryaIAWWKOCP4eXT30,8,plain,none,mixed,1 1 2 2 10 14 15 19
881W8c5Zr9mleXGLdSUIbF4,8,plain,none,mixed,2 4 7 8 8 10 11 14
881WDImWgA6L30H8P7M5meI,8,distinct,none,distinct,1 3 4 6 8 12 14 16
881W10mGzXbMiGCFAYE1qY2,8,plain,none,mixed,1 3 4 4 7 14 15 16
881W8A788D2XALJP432A1L8,8,plain,none,mixed,1 1 2 4 6 14 17 19
881W10aLH54aY8aA5552jva,8,plain,none,mixed,1 4 5 7 7 12 14 14
881W14GfnC28BAKnKbBIfMm,8,distinct,none,distinct,1 3 6 7 8 10 12 17
881W2faS9GGE8WOD5AS11WB,8,distinct,none,distinct,1 2 3 5 6 7 14 26
881W42FH2y4HI92LKetZpCY,8,plain,none,mixed,1 2 4 5 11 11 11 19
881W8XKK62aL9073X9od2mn,8,plain,none,mixed,2 4 4 5 5 8 15 21
881W26X0Vc90GLbUUP21CMI,8,plain,none,mixed,2 3 3 6 6 8 16 20
881W4qG9EQI991XD2YIb0GB,8,plain,none,mixed,1 1 3 8 9 10 16 16
881W8Gj6cS8zz051yTJH6OP,8,plain,none,mixed,2 4 4 4 8 11 14 17
881W2AGVZaY35WYCwDZ6Z04,8,plain,none,mixed,1 2 7 8 8 10 11 17
881W4TC8OAauan521SFCvG2,8,plain,none,mixed,1 2 2 3 9 13 14 20
881W2gB9dJaEM90AYXWsQW4,8,plain,none,mixed,2 2 7 7 10 10 11 15
881WCWXZoCb2ieX9GgeuGwY,8,plain,none,mixed,1 3 3 5 11 11 13 17
881W55XHuwU3wGXYeh18OA6,8,plain,none,mixed,3 5 5 5 8 8 11 19
881W1WaXGPKe80gC28eKAKf,8,distinct,none,distinct,1 2 3 4 5 14 16 19
881W44fvBz61uoWaiOcYQZA,8,plain,none,mixed,1 5 6 8 10 10 10 14
881W88NgcWfqD8XjorAWew8,8,plain,none,mixed,2 5 5 9 9 11 11 12
881WC8y4aCaK8iXGbpL5XI0,8,plain,none,mixed,1 1 1 7 11 14 14 15
881W0XRR13Z0aG2eSMDnZf8,8,plain,none,mixed,1 1 4 4 6 9 11 28
881W0INdnoF5g58WnJ9Agq2,8,plain,none,mixed,2 3 8 9 10 10 11 11
881W2CWjuG8uG4ZgvIcI8lG,8,plain,none,mixed,1 1 6 6 8 10 12 20
881WCG84137Z4WD73X0GfmW,8,plain,none,mixed,1 2 3 4 4 5 15 30
881W2XmuGmeHGeO85KY004A,8,plain,none,mixed,1 2 2 4 4 11 12 28
881W0VLL883cb2KpWBqEGao,8,plain,none,mixed,2 3 4 5 9 9 16 16
881W0iE8qrdY428PAYXcAGa,8,plain,none,mixed,2 2 4 5 8 11 16 16
881W51Wmug8vQWmVY43HOYK,8,plain,none,mixed,2 4 6 8 9 11 12 12
881W26ZkYnv2HWp39u49TOG,8,distinct,none,distinct,1 3 5 6 8 11 13 17
881W613XIU81GN1eB1XeWcI,8,plain,none,mixed,1 2 3 4 5 15 15 19
881W0afYgfI8u4ZyYV8qNbG,8,plain,none,mixed,3 3 5 8 8 11 11 15
881W2973HXBdub8KOYXWaI2,8,plain,none,mixed,2 3 5 7 9 9 12 17
881W14DBlGqC1YQm7YQ6WX4,8,plain,none,mixed,1 2 4 4 8 9 14 22
881W28hr9gEfQ5WNHM1e6eE,8,plain,none,mixed,1 2 6 7 7 9 14 18
881W2pQTA9GOqaKaYA2A8E0,8,plain,none,mixed,2 2 4 5 7 11 14 19
881W9X8G8I8Y9II93v1aL6Y,8,plain,none,mixed,1 3 4 5 7 10 17 17
881W5GAfA3X0aGIWmK33GO4,8,plain,none,mixed,1 1 2 3 9 10 14 24
881W4DTG203qC4ZnfCaa9uS,8,distinct,none,distinct,1 2 3 4 5 8 13 28
881W4KCeeC6avb1WTa2wI2Y,8,plain,none,mixed,2 3 3 6 8 11 15 16
881WAKZ4YnCmem8u1H4gQ91,8,plain,none,mixed,1 1 2 6 6 15 15 18
881W6DYna21YHA1884wSM84,8,plain,none,mixed,2 3 4 6 6 6 15 22
881W914e96gJ0W52Y5wdZmA,8,plain,none,mixed,1 2 4 9 9 9 13 17
881WAKY8YRRCmG8H4J5HQJ9,8,distinct,none,distinct,2 3 4 7 9 12 13 14
881W9IPCIFI22D1chqZ4GI8,8,plain,none,mixed,1 3 3 8 8 10 14 17
881W6H4WYhQ0WO4Cj3XGIYn,8,distinct,none,distinct,1 2 3 4 11 12 14 17
881W2iKA898b3X10YIRGe8K,8,plain,none,mixed,1 2 3 4 10 10 12 22
881W4X6WeSnIXH8IZMOiA4e,8,distinct,none,distinct,2 3 4 7 8 10 12 18
881WCWmeJ5Z3gg00Wwa9GAI,8,plain,none,mixed,1 3 3 4 9 9 11 24
881W0WCHXv80e8aMD5asMGp,8,plain,none,mixed,1 2 4 4 11 13 14 15
881W0iOWee4UI9BAfUSA644,8,plain,none,mixed,3 3 5 5 6 8 10 24
881W4kKIqaommL58OE6GWQI,8,plain,none,mixed,3 3 4 6 9 10 12 17
881W18QFqPFZ1LGG14Afh0H,8,distinct,none,distinct,1 2 4 5 10 11 15 16
881W005lPq5Wn9asF8MfH18,8,plain,none,mixed,2 3 3 5 5 14 15 17
881W1Hf34K9GX14w4QLh9a6,8,plain,none,mixed,1 1 4 7 8 13 14 16
881WB3XaamwwqGH2A1qBeQ3,8,plain,none,mixed,3 4 4 4 8 9 15 17
881W1F7yAH4oH2Z1Ew221E1,8,distinct,none,distinct,1 2 3 6 8 11 15 18
881W1A6Jq8DKM909wUbJHj0,8,plain,none,mixed,1 1 5 8 10 11 11 17
881W8SA4fCbI410H4X3Xgq4,8,distinct,none,distinct,1 2 3 5 7 13 15 18
881W108p5ycHm8aMDDFF8WY,8,plain,none,mixed,1 4 6 6 9 12 13 13
881W2FBe4REO00h6E4YYYOA,8,plain,none,mixed,1 3 3 7 9 9 12 20
881W2M8q94ahY151mbaAAj2,8,plain,none,mixed,2 3 4 8 8 10 12 17
881W24cESAD484ZHgKbH95G,8,plain,none,mixed,2 5 5 8 9 10 12 13
881W10OF5bK-v0e111fM4oa,8,plain,none,mixed,1 2 6 6 7 9 9 24
881W31lR5Y8gaWKa9CKAQ18,8,plain,none,mixed,2 2 3 6 8 10 16 17
881W0WmgQ1s420SE6EeZHGK,8,plain,none,mixed,1 1 4 5 7 12 15 19
881W3H5aYWgO10GFQn0GBK6,8,plain,none,mixed,1 1 1 7 8 10 14 22
881W8WCrioQY22WI9eXbH52,8,plain,none,mixed,1 3 4 8 8 11 13 16
881W356uaR4I601HYs50GPg,8,plain,none,mixed,1 1 1 3 9 16 16 17
881W10WPgvnnK8CH2ZKn8aO,8,plain,none,mixed,1 4 6 7 7 11 11 17
881W24WMB94oK11Xmx1WnAB,8,plain,none,mixed,3 3 3 4 5 13 15 18
881WA36IbJ9KHf1m1eYOKTW,8,plain,none,mixed,1 2 3 7 9 12 15 15
881W949Ea8630WQjIhD62XW,8,plain,none,mixed,3 4 6 6 6 8 9 22
881W6I5rKHEqC4W9j92Hh8W,8,plain,none,mixed,1 3 8 8 10 10 11 13
881W2HMY6H7XD10HE-_YBa1,8,plain,none,mixed,2 2 5 8 9 11 11 16
881W494mgmeGaWEAiA298Ke,8,plain,none,mixed,1 2 3 3 9 11 15 20
881W2HJHSqXH0H8eAB6ymO2,8,plain,none,mixed,3 4 5 5 9 9 14 15
881W70Gbog4MAW8Gb8S2nen,8,plain,none,mixed,1 2 3 7 7 10 14 20
881W8OKgf4ngI6O98icq8A0,8,plain,none,mixed,1 2 4 8 10 12 12 15
881W2LsiC63AXE2I9Ka47WH,8,plain,none,mixed,1 4 5 5 7 11 15 16
881W12GtqAEao8WOsGccUXW,8,plain,none,mixed,1 1 4 10 10 10 13 15
881W8AHqD9E4I894fR9JePK,8,distinct,none,distinct,1 3 6 7 9 11 13 14
881W9a8mmOkSAS3YuKacK88,8,plain,none,mixed,1 3 3 4 7 12 15 19
881W4Ad8d9cOPX0J5WiktaX,8,plain,none,mixed,2 3 5 5 8 11 13 17
881W0eaL98kXoKKIAcwXPAG,8,plain,none,mixed,3 6 7 7 7 8 12 14
881W151H5a220weeCUp0aGO,8,plain,none,mixed,1 1 2 7 8 14 15 16
881W0M7mkeH50mZFAB5x3mO,8,plain,none,mixed,1 2 5 8 8 10 14 16
881W4A15vu53Xam4251mbpW,8,plain,none,mixed,1 1 4 4 8 10 16 20
881WE6Yn4o32x088IrYGaK9,8,plain,none,mixed,1 4 5 8 8 10 12 16
881W2KALbHG7m8bEgbahu2P,8,distinct,none,distinct,1 2 4 5 9 10 12 21
881W4Ym852U8IL4b11CnCW9,8,plain,none,mixed,1 1 3 4 10 10 13 22
881W3AfYZSU31a82qC31ZG9,8,plain,none,mixed,1 3 5 9 9 10 12 15
881W8qGGiCgY20CcUic4WSA,8,distinct,none,distinct,1 2 3 8 10 11 12 17
881W1Q8n77wB1WYSzIMZ28G,8,plain,none,mixed,1 1 6 9 9 10 12 16
881W0a941p5Y12uu210agv4,8,plain,none,mixed,1 2 3 3 7 10 14 24
881W62GeEtE80aeRPnw4IXH,8,plain,none,mixed,1 1 5 7 8 8 14 20
881W6oOjQ9oQY8QGuZY0CC8,8,plain,none,mixed,1 2 7 8 8 9 12 17
881W8iWWe9KkHGAYSi90a52,8,plain,none,mixed,1 2 4 5 7 13 13 19
881W31RHBI3K11OKNZiYgbC,8,distinct,none,distinct,2 5 6 7 9 10 12 13
881W521gB98O8e43g-L3XQ1,8,plain,none,mixed,2 2 3 4 5 15 16 17
881W0OaHAA4R0ma94YfCmeo,8,plain,none,mixed,1 2 6 6 9 10 13 17
881W20oTMeCcgLGC4q80f8c,8,plain,none,mixed,2 2 4 6 7 10 12 21
881W2GiqUrE31G887O3eH10,8,plain,none,mixed,1 1 3 8 9 10 14 18
881W2YSh6ZtQ20m9qd3IAi8,8,plain,none,mixed,1 5 7 7 9 9 12 14
881W0WHeTy6yP8qLLY2GeOH,8,plain,none,mixed,4 4 5 6 9 10 11 15
881W8J7Yo8iz2Hb16HeiGr2,8,plain,none,mixed,1 3 6 6 8 10 12 18
881W29OK4MP4I8C24QEbA00,8,plain,none,mixed,1 2 3 4 4 13 18 19
881W0Y8ZSbJ18OCGuIADvcm,8,plain,none,mixed,1 1 5 8 9 11 12 17
881W8qGuBOKT1X2aLc4L8KK,8,plain,none,mixed,1 2 7 9 9 9 11 16
881W48W84oF4J0CAYGqgD5Y,8,plain,none,mixed,1 3 4 7 7 9 12 21
881W54bz4aA8X89t2jDL70W,8,distinct,none,distinct,1 4 5 6 7 9 14 18
881W0Z1HIS6e24ONjPBnuG9,8,plain,none,mixed,1 2 4 7 7 10 14 19
881W6YI54BdaKD0fb0WZ8I4,8,plain,none,mixed,1 1 4 6 10 11 14 17
881W15INUOieCJ1AXCD15UK,8,plain,none,mixed,1 4 6 6 8 9 11 19
881W650v22YIXHn004aneK6,8,plain,none,mixed,1 1 3 4 5 6 17 27
881W4BY9qCR0OG4kPPfcF4X,8,plain,none,mixed,1 1 4 6 12 13 13 14
881W8b5W3797Z0Yn2Lh9GPq,8,distinct,none,distinct,1 2 3 4 7 12 13 22
881W3Z3WGqHCz7HQ2hCY54W,8,plain,none,mixed,1 3 3 4 9 11 13 20
881W046W-C6uKYGwL4X94Pg,8,plain,none,mixed,1 3 3 4 7 8 16 22
881WCWSG8M312WJ9215KH94,8,plain,none,mixed,1 2 2 4 11 12 13 19
881W1NmE8H9Vn24XbAJMraK,8,plain,none,mixed,1 5 6 6 8 9 10 19
881W3H93Ino2uam2VHmmLi8,8,plain,none,mixed,1 1 6 8 8 9 14 17
881W14WQaAIvXp83DbY2P8I,8,plain,none,mixed,1 4 5 7 9 9 10 19
881W4vSeX9eXAaA5l8a11q4,8,plain,none,mixed,2 2 5 5 8 9 13 20
881W5Whc424YHX8KoSICqme,8,distinct,none,distinct,1 2 6 7 9 10 11 18
881W49745RPm614Lr1WnHLK,8,plain,none,mixed,1 1 4 4 6 6 18 24
881W2Hgo-VYfG56G2G2f5o4,8,plain,none,mixed,1 2 6 6 8 8 10 23
881W9ChGapwCO0AOGeIul8h,8,distinct,none,distinct,1 2 3 6 7 13 14 18
881W14fOqI31yY2W656A651,8,plain,none,mixed,1 1 5 6 7 10 16 18
881W0vmku74KC8YH5L4XZAK,8,plain,none,mixed,1 1 4 7 11 12 13 15
881W9Nesa8WoN48bk4WHewY,8,plain,none,mixed,1 4 5 6 6 7 11 24
881W8WJ63Kb8mh2INA5gf46,8,distinct,none,distinct,1 3 4 8 9 10 12 17
881W0Kmp484auZ0uTdvtLi5,8,plain,none,mixed,1 3 4 8 8 10 14 16
881W44n2qPKf5Z04uSo7ZrA,8,plain,none,mixed,1 1 4 7 9 12 14 16
881W2N0G3CiY32AbXA2XITI,8,plain,none,mixed,2 2 4 4 6 13 14 19
881W0HOEH2eIdH8bJNBb948,8,distinct,none,distinct,1 2 6 7 8 9 15 16
881W0mOiHUaS8aK93jN0Ge1,8,plain,none,mixed,1 2 5 6 10 10 13 17
881W48LQiq62GhHaKBHKA0G,8,distinct,none,distinct,2 3 4 5 6 12 13 19
881W8F4eGcOKK84jc953HjK,8,plain,none,mixed,1 4 4 5 11 11 13 15
881W51GOQGf14HYmzAfPmO4,8,plain,none,mixed,1 5 5 7 8 10 13 15
881W0Z59Ma6k1CaLZEcMhgK,8,plain,none,mixed,1 5 6 8 10 10 11 13
881W031KaIvM2254fiYHXGY,8,plain,none,mixed,1 3 5 7 9 9 15 15
881W2DPD9an94I2qIHAQIe4,8,plain,none,mixed,1 5 5 7 7 10 11 18
881W2nKeuK2gI8cG6XYYJ10,8,plain,none,mixed,1 2 3 9 9 10 12 18
881W4KLZzO8XHGXe3As4cOS,8,distinct,none,distinct,1 4 6 7 9 11 12 14
881W21eMAGtDA2HDbB8CVVI,8,plain,none,mixed,3 3 6 6 7 10 11 18
881WA20KBHb5Wg21tgMJKW4,8,plain,none,mixed,1 2 3 4 10 10 15 19
881W2QB8LE0bImWWf3X2sGG,8,plain,none,mixed,1 1 4 6 8 11 12 21
881W2R2IS8Ga90CqhhXnQaX,8,plain,none,mixed,1 1 5 10 10 12 12 13
881W94XJgOWGGGWeIA635KM,8,plain,none,mixed,1 5 5 5 6 6 9 27
881W1GS4AQQ4Y0S82YQxo8a,8,plain,none,mixed,1 3 3 7 8 9 13 20
881W1fC4EK4U51KgIn2an82,8,plain,none,mixed,2 3 3 6 7 12 14 17
881W1XPPK24eYHOtJV1YA94,8,plain,none,mixed,3 4 6 6 7 8 9 21
881W30mGHYM14W6A5L8YXGu,8,plain,none,mixed,1 1 1 7 8 15 15 16
881W8K9qmT1GeC8aI93XaQ8,8,distinct,none,distinct,1 3 5 6 8 12 13 16
881W4K2OCcIaK4nZH8X2J7Y,8,plain,none,mixed,2 3 4 5 11 13 13 13
881W20aA215hs18cJua9GZX,8,plain,none,mixed,1 3 5 7 9 9 10 20
881W529Lcsi31WCI62kc0mK,8,plain,none,mixed,2 3 4 7 8 8 12 20
881W955mEIKPqWeoNN4pLT8,8,plain,none,mixed,3 4 5 9 9 11 11 12
881W1eqee9qA20IEFi30W8e,8,plain,none,mixed,2 2 4 4 5 12 13 22
881W0H1FgB8S90kCIwF4HeH,8,plain,none,mixed,1 1 6 6 9 12 12 17
881WAj4YX9O7mCaqUXWiQI0,8,distinct,none,distinct,1 2 4 5 6 11 17 18
881W2gD88TH4aGeNa12cIGe,8,plain,none,mixed,2 2 4 7 10 11 12 16
881W86X6ZfAWWmOabJbAfGG,8,plain,none,mixed,1 1 2 10 10 11 13 16
881W4GK52Z7-X2b530Wcc6b,8,plain,none,mixed,2 3 5 6 6 8 9 25
881W1eq5II950WqICWKIXG8,8,plain,none,mixed,1 2 4 6 6 6 14 25
881W8KPRA8rEnL8PL834vwG,8,plain,none,mixed,2 3 5 5 6 9 15 19
881W4MB7c2XWWWn04219HSI,8,distinct,none,distinct,1 3 4 5 6 8 15 22
881W8OeL33jY40PLfr2Xg8G,8,distinct,none,distinct,1 2 6 7 9 10 11 18
881W0G82AK935WOD1W3nXme,8,plain,none,mixed,2 2 2 3 4 6 15 30
881W212N5auCQGYaIfJ9164,8,plain,none,mixed,1 3 4 4 7 10 15 20
881W40hWn870w71m4eui56u,8,plain,none,mixed,1 1 1 2 5 14 17 23
881W10AGG865EH2mPDCE52Y,8,plain,none,mixed,1 3 4 6 6 10 13 21
881W42QXqeoYI58APfabnwm,8,plain,none,mixed,3 6 6 7 9 10 11 12
881W5H9Hl9g88GMIsI5pSEG,8,distinct,none,distinct,1 2 6 8 9 10 11 17
881W62JHco7WeH882GkXOK9,8,distinct,none,distinct,1 3 5 6 7 13 14 15
881W52NCAA5KaH8L32A1f56,8,plain,none,mixed,1 5 6 6 7 10 13 16
881W08858G2524qA73Y96ZG,8,plain,none,mixed,1 1 4 4 6 7 19 22
881W4qQ8K48kmeLRE1noM10,8,plain,none,mixed,1 2 2 4 7 11 18 19
881W54Q8C71GhWXG8a8go91,8,plain,none,mixed,1 1 4 5 8 12 12 21
881W0haKP4yF0HYquhf8Xm4,8,plain,none,mixed,1 5 6 8 8 10 11 15
881W114H89m30OYVF-X8a9e,8,plain,none,mixed,1 1 3 6 8 11 17 17
881W9QfyE5192W518eKmY84,8,plain,none,mixed,1 2 3 6 6 9 15 22
881W4672QDYI88f4A5meKn3,8,distinct,none,distinct,1 2 4 6 8 10 13 20
881W51Gn1IKgbW2Se5kzor2,8,plain,none,mixed,1 3 4 5 10 13 13 15
881W231g44Ig8YhKA9r21CL,8,plain,none,mixed,2 3 4 5 9 11 11 19
881W45QoNCgXamd2Y8749uG,8,plain,none,mixed,1 1 4 10 11 12 12 13
881W6GSvmkB2X8eGd8Z4531,8,plain,none,mixed,1 2 2 3 7 11 15 23
881W671298A5KA0XQdHGeIX,8,plain,none,mixed,2 2 3 4 7 13 15 18
881W5AIYyD34s0IuH1g7taY,8,distinct,none,distinct,1 3 4 7 10 11 13 15
881W2Q0iu4LBS8aKs8Mv74X,8,plain,none,mixed,1 2 3 9 9 11 13 16
881W49QiG8Zj5W0oubIa8fO,8,plain,none,mixed,1 1 2 3 12 12 13 20
881W2d4I9wmWK978IA14ICI,8,plain,none,mixed,1 4 4 5 5 12 14 19
881W2Gc9e7CaSH09BLEaa3Y,8,plain,none,mixed,1 1 3 4 12 12 13 18
881W33YmIWnjerafb0Y1GKC,8,plain,none,mixed,1 1 5 5 7 8 14 23
881WC28QKIB1uc42MD4H7b1,8,plain,none,mixed,1 1 5 7 10 12 14 14
881W10IC64X2H9aI94hmX4k,8,plain,none,mixed,1 1 4 6 9 13 14 16
881W0W69QYaA21CnOh7dZG4,8,plain,none,mixed,2 3 3 5 10 11 12 18
881W1GQTcm2H1X04C6TXGOE,8,plain,none,mixed,1 1 4 4 8 11 14 21
881W18aC958OIWKB636eLz2,8,plain,none,mixed,1 3 6 6 7 12 12 17
881W8GW8cA9HH8bIdHqWgXM,8,plain,none,mixed,1 2 7 7 8 11 13 15
881W9A4A74aPIO51G9jF7K0,8,plain,none,mixed,1 3 3 3 8 10 10 26
881W8qOiI92afc2XH9q9802,8,plain,none,mixed,1 1 2 3 8 16 16 17
881W09HkO88AzH4WBIA5B2o,8,plain,none,mixed,1 2 5 5 5 11 14 21
881W9Nf8y21GeCGeeA32SC0,8,distinct,none,distinct,1 2 3 5 6 9 16 22
881W8aYaIQFcZeWWK0igq42,8,plain,none,mixed,2 3 4 4 6 13 16 16
881W2KA92V8eO8JAa313GYI,8,plain,none,mixed,1 3 5 6 7 7 17 18
881W0SvWQnaZ2I8iEgARA88,8,plain,none,mixed,1 1 7 8 10 11 13 13
881W1P09aiN4X4mI4urf6YG,8,plain,none,mixed,1 1 4 7 9 11 14 17
881W46q8PE4YaXB4ICOhvnG,8,distinct,none,distinct,1 3 4 7 9 10 13 17
881W8Amruu6JYmX4Od828bK,8,plain,none,mixed,1 1 4 7 8 12 14 17
881W0XC_4KEYoWW81rDzKXW,8,plain,none,mixed,1 3 5 5 5 10 16 19
881W296PWGGvEWGrI92oP91,8,plain,none,mixed,1 1 6 8 8 9 10 21
881W1YYn1kEnuA9q9AA9uu9,8,plain,none,mixed,1 4 5 5 8 12 14 15
881W1WGbFYfeCAZEaU609Um,8,distinct,none,distinct,1 3 4 5 7 12 13 19
881W298YHI9RM10YLYHGJEB,8,distinct,none,distinct,2 3 5 6 7 10 12 19
881W6Yeu_AY270WHKJXcWW4,8,distinct,none,distinct,1 2 5 6 8 11 14 17
881W410GuOeOKOWIcS94cL2,8,plain,none,mixed,1 1 4 6 8 10 15 19
881W6a9UT8CD0GDbg2aCWme,8,distinct,none,distinct,1 2 3 6 9 11 13 19
881W18WCACLrw48622dgaP8,8,plain,none,mixed,1 3 4 5 9 11 11 20
881W5MceB6194mb0G44vYGm,8,plain,none,mixed,1 2 3 4 9 9 14 22
881WD5XmYon7meGcmaW0yeO,8,plain,none,mixed,1 3 4 4 7 8 9 28
881WC19861D1P684v5IwsbI,8,distinct,none,distinct,1 2 5 6 9 11 12 18
881W0Y64wcUZGZHs64IDt84,8,distinct,none,distinct,1 2 7 8 9 10 11 16
881W8os4ZI1eP01phrcnpYB,8,plain,none,mixed,1 5 6 7 7 10 11 17
881W98LSK8YSAIYIP9g1bI8,8,plain,none,mixed,1 3 6 6 7 11 11 19
881W0OAN842OgLKH844oGfW,8,distinct,none,distinct,1 2 3 4 7 14 15 18
881W2DYeO8A1X8f4ZJsG410,8,plain,none,mixed,1 2 4 4 5 9 10 29
881W0YKnK294G9oXoJFW83X,8,plain,none,mixed,1 1 2 6 7 13 14 20
881W2dY92HkZHabAI0iXGI4,8,plain,none,mixed,2 5 6 6 7 7 13 18
881WAIXG81WWnOZHGu94e88,8,plain,none,mixed,2 3 3 4 5 7 15 25
881W07Y96VXI1EH8IJbHGI2,8,plain,none,mixed,1 1 2 3 11 12 14 20
881W1LAcEA95XIa23sm10Gu,8,plain,none,mixed,1 2 2 5 7 13 17 17
881W0KQA45KwhHf1WH949GT,8,distinct,none,distinct,1 2 4 5 7 8 15 22
881W10qn0YMYqW4J9j4yoIf,8,plain,none,mixed,1 4 6 6 7 7 14 19
881W4DBTfoK61496qZ5X2W9,8,plain,none,mixed,1 5 6 6 6 6 13 21
881W76mT694aI6We5IB2021,8,plain,none,mixed,1 1 2 3 11 12 17 17
881W3AM34966I8agr8Sz-W0,8,plain,none,mixed,3 4 4 5 6 7 16 19
881W235CEj8uQGuJYA6Wr34,8,progressive,none,progressive,1 3 5 7 9 11 13 15
881WC3rupXY0WG98GI3rw4s,8,distinct,none,distinct,1 2 5 6 8 10 11 21
881W1WeISCbCcA50XL0bbmC,8,plain,none,mixed,1 2 2 4 9 9 18 19
881W548eKC5HZm5YHYfcA54,8,plain,none,mixed,1 4 5 7 7 11 14 15
881W29BBeGi2GX6BMYYQF0S,8,plain,none,mixed,1 4 4 6 7 8 12 22
881W2EmUM49v2197G-Pmf9I,8,distinct,none,distinct,1 4 5 6 9 10 11 18
881W4XUK8aOJPW4u_7MJA2a,8,plain,none,mixed,1 2 5 8 8 10 12 18
881W4A0eSY22b8A8K6Xo51W,8,plain,none,mixed,1 1 1 5 11 13 14 18
881W9252Rj8o1Q88lL214L4,8,plain,none,mixed,1 1 2 6 10 11 15 18
881WC454HfA0GKDgE10mTnH,8,plain,none,mixed,1 1 3 4 8 11 13 23
881W0ekeOB82710HBAB7HmO,8,plain,none,mixed,1 3 5 5 5 11 14 20
881W519Go0XJ4CmPqakVKQ2,8,plain,none,mixed,1 2 6 7 7 8 14 19
881W1HP6bqA0uHSY5Qb592A,8,plain,none,mixed,1 4 4 5 6 7 15 22
881W4QIGsRjCL00o3b4b8B9,8,plain,none,mixed,1 1 3 8 11 12 13 15
881W21unece62GWS3LKiXGa,8,plain,none,mixed,1 2 4 8 8 11 14 16
881W2910S4CcoWG8UZYOaPC,8,distinct,none,distinct,1 2 4 8 9 10 11 19
881W0AXjk599WING7FfEI94,8,plain,none,mixed,1 1 5 8 9 12 13 15
881W298eOg72YW884nhk30W,8,distinct,none,distinct,1 3 4 5 8 10 13 20
881W1a6SMP8eX8HRkqC4l42,8,plain,none,mixed,1 1 5 8 9 11 12 17
881W38eODXQ5O4K40mHgsMG,8,plain,none,mixed,1 1 2 7 8 10 11 24
881W2XKOOKCvWa624Dc2DB2,8,plain,none,mixed,1 1 4 5 5 11 17 20
881W4TeiMP4D1G5XNGq8Y84,8,plain,none,mixed,1 1 2 6 9 10 15 20
881W6A95uyP50Wa88nQr30W,8,plain,none,mixed,3 3 4 7 7 8 11 21
881W3H4YeZHWqG688K10c8K,8,plain,none,mixed,1 1 3 4 7 13 16 19
881W2G4AYbSB4GmK5JulJ0G,8,plain,none,mixed,1 3 4 4 6 7 18 21
881W36YQICAaaWX1JUYgPuC,8,plain,none,mixed,1 3 7 8 9 9 12 15
881W20nAML2Xae85SuPHCme,8,plain,none,mixed,3 3 3 5 9 10 14 17
881W4aTF57AI2GPq1WHPQKi,8,plain,none,mixed,2 3 5 6 6 6 7 29
881W4YYn9423HGGWGCe844Q,8,plain,none,mixed,1 1 3 5 5 6 19 24
881W90f8iGevYc87OC1IkR2,8,plain,none,mixed,1 4 5 5 10 10 13 16
881W8KbbH9LBGCYyM8OKPn1,8,plain,none,mixed,1 3 4 6 8 12 12 18
881W8I9PG6NWK07SMEZII31,8,plain,none,mixed,1 2 2 4 10 12 16 17
881WE40Xw_5OO8Ycv40WeeL,8,distinct,none,distinct,1 2 4 6 7 8 15 21
881W910efHFY8YWG9PNGmKJ,8,plain,none,mixed,1 1 5 9 10 10 13 15
881W4Av3QpaoIX0qar5iNaA,8,plain,none,mixed,2 4 6 6 8 8 14 16
881WA0WA53CGYIA51H4YPKq,8,plain,none,mixed,1 1 2 5 7 9 17 22
881W8HeMCoQB30J1bAOb0Wm,8,distinct,none,distinct,1 2 3 5 6 11 17 19
881WAIHL18YvHm5PKvA74i2,8,plain,none,mixed,1 3 4 5 7 10 17 17
881W8a60H67Xmc4I930ioIm,8,plain,none,mixed,1 2 4 5 9 9 12 22
881W2KwPMRaJe8fCY4OIqYO,8,plain,none,mixed,1 3 5 5 8 13 13 16
881W7BKo86cdDW01H5CWWSH,8,plain,none,mixed,2 3 3 3 4 11 17 21
881W0bZn865wo8NWenP8G44,8,plain,none,mixed,1 3 5 5 6 8 17 19
881W2d0aC94THI2YXtefrCW,8,plain,none,mixed,2 4 4 4 6 13 15 16
881W1cW49XGWObL8KA6F6r2,8,plain,none,mixed,2 2 3 4 7 11 12 23
881W2I0XHB5LKeIHv2X0ATG,8,plain,none,mixed,1 2 5 8 8 9 10 21
881W963YJq15aWKNqK3vWmW,8,plain,none,mixed,1 1 3 5 8 14 16 16
881W34nmb-MaAvH6q4bDId8,8,plain,none,mixed,1 4 5 6 10 10 14 14
881W20iFmMA2iWKJ4sly4Z2,8,plain,none,mixed,1 5 5 5 7 8 14 19
881W2WkMz-AU11KL2KeX20E,8,plain,none,mixed,1 2 4 4 9 12 12 20
881W4abAGE6aGIZn16l4M8K,8,plain,none,mixed,2 2 3 5 7 12 13 20
881W0aSBoJee8BII4632Isa,8,plain,none,mixed,1 4 5 6 6 7 16 19
881W0XoOX52lWLaXTMK98m9,8,plain,none,mixed,1 1 7 9 9 10 11 16
881W3YALaGmIma8kvCQ9gN0,8,plain,none,mixed,1 4 4 8 9 10 12 16
881W16vO9QH5Y116D7YyXGu,8,plain,none,mixed,1 1 5 8 9 9 14 17
881W09cuE6r991AH8nqAT-m,8,plain,none,mixed,2 2 3 6 8 12 15 16
881W3I9846S128eIYXvk50W,8,plain,none,mixed,1 2 4 4 7 8 18 20
881W225jAdu410a2gf7WXfO,8,plain,none,mixed,1 3 3 3 5 14 16 19
881W2K1WOqfrWWfumcGuI58,8,plain,none,mixed,1 1 2 6 9 10 12 23
881W10qebk296G8EBgui20u,8,distinct,none,distinct,1 3 4 5 7 9 14 21
881W4fXGNCF8We23wYxX4HG,8,plain,none,mixed,1 2 4 8 8 11 14 16
881W60uWKeG4Q4G6ZUdK96W,8,plain,none,mixed,1 1 2 6 8 9 14 23
881W63OMiXGee8YOOC55j2I,8,plain,none,mixed,2 3 4 5 8 10 10 22
881W0O95aB5Xd1Wf41mXk21,8,plain,none,mixed,1 1 2 3 8 13 15 21
881WAM9YneXJYX88mXWmD6H,8,plain,none,mixed,2 3 5 5 6 8 14 21
881W21L4PiPsyaaPVCKa7eC,8,distinct,none,distinct,3 4 5 6 8 11 12 15
881W9HQ9KeuI507ap4A0XGg,8,distinct,none,distinct,1 2 4 6 8 9 13 21
881WE4M5Jbg8H84FaqBJf9G,8,plain,none,mixed,1 4 5 7 7 12 12 16
881W4gGoQ83n18G8K3KgDvA,8,plain,none,mixed,1 3 8 8 8 10 12 14
881W0GCoknOhGWoH9eX95b2,8,plain,none,mixed,3 3 5 6 6 8 14 19
881W53G823191X2YX8yHm84,8,plain,none,mixed,1 1 4 4 6 11 14 23
881W1Bp8eSIOI8ufYA2KA46,8,plain,none,mixed,1 3 4 4 8 11 15 18
881W18WDnIH8oeGL467A8bA,8,distinct,none,distinct,1 3 4 7 10 11 13 15
881W5RAK49SWyGca1Q31e32,8,plain,none,mixed,1 1 5 5 7 13 16 16
881W8YmA64QcIW54H8zYHo9,8,plain,none,mixed,1 3 5 6 9 9 11 20
881W0G9ugI18XLCb8e32YXH,8,distinct,none,distinct,1 2 4 6 7 13 14 17
881W0G7L8dbuWmAoH95ABmI,8,plain,none,mixed,1 1 5 8 10 11 12 16
881W4C4vsaR-eL3qKab2veG,8,distinct,none,distinct,1 3 5 6 8 10 12 19
881W4M750I631YWO20WmhqQ,8,plain,none,mixed,2 2 4 5 7 8 12 24
881W1GaA2LQYI4655YCL8d2,8,plain,none,mixed,2 2 3 4 7 8 12 26
881W0XXOCJ5EKGaIMxCWi84,8,plain,none,mixed,1 2 5 9 10 10 12 15
881W821v8bJYK89J9eanGmO,8,plain,none,mixed,1 5 7 7 8 9 10 17
881W3AdXAaqKuGaWfjI98IY,8,distinct,none,distinct,2 3 4 5 6 13 15 16
881W4gKfoumA1W8HIeaPCMd,8,plain,none,mixed,2 4 5 6 6 10 11 20
881W2C68JMXHGf9Kk11Rb5G,8,distinct,none,distinct,1 2 4 6 7 11 14 19
881W0YaeOBaKsG20nShMNK8,8,distinct,none,distinct,1 2 5 6 7 9 12 22
881W27HuKK58J913FAJiE52,8,plain,none,mixed,3 3 4 6 8 10 14 16
881W1H8G73TbY0C42OcAAbA,8,plain,none,mixed,1 2 5 5 5 10 12 24
881W0GtGvibPIWih948oJEH,8,distinct,none,distinct,3 4 5 6 8 9 14 15
881WCY8YcWY5L289P4oan-J,8,distinct,none,distinct,1 2 4 6 9 12 14 16
881W1OU91FC60WeiKfT3Hu4,8,plain,none,mixed,2 3 6 8 8 10 12 15
881W18NSezOS0WYe4ZT1X92,8,plain,none,mixed,1 1 6 6 7 11 14 18
881W28WSHebgWGAA5KIAGjA,8,plain,none,mixed,1 3 6 7 7 12 13 15
881W4H5455219C84w5JvVqG,8,plain,none,mixed,3 4 4 5 9 11 12 16
881W41pqeKUhRGeZe98gGYI,8,plain,none,mixed,4 4 6 7 8 9 12 14
881W1fGc4IO528KC3Tcf51G,8,plain,none,mixed,1 3 3 5 6 9 18 19
881W29PmBAaCWX6X9BayXXa,8,plain,none,mixed,1 1 7 7 8 11 14 15
881W0WyYmu21acJ4eT6J6YW,8,plain,none,mixed,1 4 5 5 6 10 14 19
881W0nt4HuRn3XGISn4WBeQ,8,plain,none,mixed,1 1 5 6 10 10 12 19
881W9CW5mO222HGG2bsR8bI,8,distinct,none,distinct,1 2 3 8 9 12 14 15
881W0OWWWIlEI8aHCh9KWL6,8,plain,none,mixed,1 3 4 6 7 13 13 17
881W6aeaDTmxw5954zWDeY4,8,plain,none,mixed,3 3 4 5 7 9 14 19
881W92berHkNIC10AAPtRm3,8,plain,none,mixed,1 6 7 7 8 9 11 15
881W3fgqqGftYf0G4cX5M48,8,plain,none,mixed,2 3 3 7 8 9 11 21
881W4ICeiIAYIe84Rbn2H10,8,plain,none,mixed,2 2 3 7 11 11 12 16
881W2YhWKI8SGX6HbScUSC4,8,distinct,none,distinct,1 4 6 7 8 10 12 16
881W63oJHE-EKWGa0yfQT8a,8,plain,none,mixed,1 3 6 8 8 11 12 15
881W61WqMYnfJ50fqGIH1QX,8,plain,none,mixed,1 1 5 9 10 11 11 16
881W9H94ZG-SmGHDnH0G4qG,8,plain,none,mixed,1 2 3 6 8 8 13 23
881W0qGBwfMD12YmLiNamWW,8,plain,none,mixed,1 4 7 7 9 9 9 18
881W99A3oF5HQ70eOnn8le2,8,plain,none,mixed,1 2 5 6 9 9 15 17
881W24KmbJ9CEA4WPKkGGJo,8,distinct,none,distinct,1 2 3 8 9 12 14 15
881W3InOSX1XGl9ei01Km01,8,plain,none,mixed,1 2 3 5 5 6 18 24
881W10oemIMlGHCH78SXqmO,8,plain,none,mixed,1 1 8 10 10 11 11 12
881W87oWDSmO209LSN552XA,8,plain,none,mixed,1 2 3 4 9 9 11 25
881W1fO88C5yb0K85uswA82,8,plain,none,mixed,2 3 3 3 9 9 16 19
881WA6VApQXGn89KY4IDX52,8,plain,none,mixed,2 2 4 5 7 12 14 18
881W4MM8O8651GXGPh6iG9a,8,distinct,none,distinct,1 4 5 6 7 11 14 16
881W94IWHHLA94eXMkF5wb8,8,plain,none,mixed,3 4 5 7 9 11 11 14
881W8GGAPi4EIII62b2654A,8,plain,none,mixed,1 2 3 5 6 7 20 20
881W800mLwMAXZ2eIA3uWGO,8,plain,none,mixed,1 1 3 6 8 10 14 21
881W9YAG8D7GSGpeaGb6yIC,8,plain,none,mixed,1 3 4 5 5 13 14 19
881W4oB1nOwJGmKa91G454m,8,plain,none,mixed,1 4 5 5 6 8 8 27
881W42z4Hq1GWO88wR4aMeg,8,distinct,none,distinct,1 2 4 7 8 12 14 16
881W44230IIII65C6Zn8KEq,8,distinct,none,distinct,1 2 4 5 6 8 9 29
881W14vg16P0GHhNozJC92f,8,plain,none,mixed,1 2 5 5 5 9 14 23
881W0SATHeE91I8F5b490X8,8,plain,none,mixed,1 3 4 6 6 6 17 21
881W91JPWhowOn3Gq9weW2C,8,plain,none,mixed,1 1 5 5 6 11 12 23
881W3asQjn4cn0LMYWXKc0O,8,plain,none,mixed,1 4 5 5 5 8 17 19
881W4fAHbIGaYeGsu46FSX8,8,plain,none,mixed,1 2 7 8 9 9 12 16
881W9AY58878Kube42ch8XG,8,plain,none,mixed,1 1 2 4 9 13 17 17
881W9DfTYpF91GWdHn2Qo00,8,plain,none,mixed,1 5 6 6 6 8 13 19
881W0afwA56OYBWJH5f7iiW,8,plain,none,mixed,1 1 5 7 11 11 13 15
881W2312oKh8aW22v2Xemee,8,plain,none,mixed,1 1 5 6 8 11 14 18
881W4iOtzWpvAa9nK45XB81,8,plain,none,mixed,1 4 6 8 8 8 9 20
881W0M4YqBwKA1LCQ52HQq3,8,plain,none,mixed,1 5 5 6 8 10 13 16
881W42k8CpSJH4mY63-aXF2,8,distinct,none,distinct,1 3 4 5 9 11 12 19
881W5avYm8Z2Y81W4hXItPO,8,distinct,none,distinct,3 4 5 6 7 9 11 19
881WE74ZqtvWmeWY8I8jAmK,8,plain,none,mixed,2 3 6 7 7 10 11 18
881W1NmJu10eJ1LHKKLCa4o,8,plain,none,mixed,1 3 3 6 7 8 16 20
881W2HeGuhrOn8688OtRGqG,8,plain,none,mixed,1 1 5 7 8 11 12 19
881W2Brme990mID6EG92r4Y,8,plain,none,mixed,2 2 5 5 6 9 15 20
881WCL8KEX5kmHIcoe11K42,8,plain,none,mixed,2 2 3 5 6 10 12 24
881W512Bup22HKGau2hslBK,8,plain,none,mixed,2 4 5 7 8 8 15 15
881W2JGFcbp90GIGqA4SnGK,8,distinct,none,distinct,1 3 4 5 8 11 15 17
881W93Hag5IP12O9WiU118c,8,plain,none,mixed,1 1 5 6 10 11 14 16
881W4QeKnsT2GvGYeNH8gm0,8,plain,none,mixed,1 1 4 7 10 12 13 16
881WA0WGTqS30gI34rX94WO,8,plain,none,mixed,1 1 2 5 9 14 15 17
881W8pwZInH4W4ZdKmK8Pa3,8,plain,none,mixed,1 4 5 5 6 10 12 21
881W62aJWWFXmfWi9L4IL1G,8,plain,none,mixed,2 2 3 4 8 8 13 24
881W9616xjQDGmGXcK215Sc,8,plain,none,mixed,2 4 4 5 10 11 13 15
881W5JAyeY1GWGeeSI51G86,8,plain,none,mixed,1 3 5 5 8 9 14 19
881W20X8JrSnQWG2S_oB5ef,8,distinct,none,distinct,2 4 5 6 10 11 12 14
881W4Wpeg91fm8wkhQc9GG8,8,plain,none,mixed,3 4 7 8 8 11 11 12
881W19C94Q98C4YA4P4YB42,8,plain,none,mixed,1 1 2 6 6 14 16 18
881W0v0WeZ8CIGKDAL9WcC6,8,distinct,none,distinct,1 3 4 5 6 13 14 18
881W194umW6U100FEOYZHfI,8,plain,none,mixed,1 1 1 4 8 13 15 21
881W52WsOnWaGWqMSWLAbee,8,plain,none,mixed,1 4 6 7 8 8 9 21
881W0gau584A5232H6F31W8,8,plain,none,mixed,1 1 4 5 6 8 17 22
881W31cLB456f1IXH14Y4Jo,8,plain,none,mixed,1 2 4 6 10 10 14 17
881W2N9Gme50W55ER54Y52X,8,distinct,none,distinct,1 3 4 5 8 9 14 20
881W10Ocec9308EF9iCyamu,8,plain,none,mixed,1 2 3 7 9 12 15 15
881W4njJ0T1HgWATy59Gr3K,8,plain,none,mixed,2 2 3 6 7 10 14 20
881W9JeG5OXaYC94LJdoC8H,8,plain,none,mixed,1 4 4 7 8 10 15 15
881W8QLYA9Af9KfN0l4U9aG,8,plain,none,mixed,3 3 5 5 6 8 11 23
881W0OXwYnQKv4GAJbeN7CG,8,plain,none,mixed,1 2 2 7 8 9 15 20
881W6L488XGMPXHA4gcOESf,8,plain,none,mixed,3 3 4 4 5 7 12 26
881W9b74MDeQ906IRK3aJmH,8,plain,none,mixed,1 5 5 6 6 11 12 18
881W4S9bDi20n0Hq2ELR4bA,8,plain,none,mixed,1 4 6 6 7 11 14 15
881W00KoK75gkd5WmpkSY5G,8,plain,none,mixed,2 2 4 7 8 11 14 16
881W125qAMB4C4G9vOYXfbG,8,plain,none,mixed,1 3 3 7 10 11 12 17
881W0EAePiu92YPLP1YYI8O,8,plain,none,mixed,1 1 3 4 6 12 15 22
881W8RCKZe10WnHakF1eXGG,8,plain,none,mixed,1 2 3 5 9 14 15 15
881W19PEJ821KHAaAT6S8JX,8,plain,none,mixed,1 1 5 8 9 10 12 18
881W0XAsYYGiWuYgOqS6uYX,8,distinct,none,distinct,2 4 5 6 7 9 12 19
881W8H6bI8ZXn9X8a5I9JGa,8,plain,none,mixed,1 3 5 5 8 12 15 15
881W2CXf8OvJAY8wHt7oXHX,8,plain,none,mixed,1 6 7 8 8 10 11 13
881W10Mg2fZX0WgfKbQYPn4,8,plain,none,mixed,1 4 5 6 10 12 12 14
881W3CaKS8TqWm5aniH9H4a,8,distinct,none,distinct,1 2 4 7 8 9 16 17
881W16jDLR2b4X3PJCcWIqY,8,distinct,none,distinct,1 5 6 7 8 10 11 16
881W18vKfhj2a14l6YKCWf4,8,distinct,none,distinct,1 2 5 7 10 12 13 14
881W1mW8mQDagaWG967CGC4,8,distinct,none,distinct,1 3 4 6 9 10 13 18
881W0WGOs5qQ20ODAd5108A,8,plain,none,mixed,2 3 4 4 5 12 16 18
881W2Bk8OL73XWGukCfFmWm,8,plain,none,mixed,2 2 4 4 9 9 11 23
881W91XycDEeOH3Ys6X24IA,8,plain,none,mixed,2 4 4 5 5 10 17 17
881W4C48014ls89cIeaB9mu,8,plain,none,mixed,2 2 3 6 6 8 11 26
881W50ti49A5W0gbexLSZeK,8,plain,none,mixed,1 2 4 8 8 8 15 18
881W0WUcaXNze94PDB59o7K,8,plain,none,mixed,2 4 5 8 10 10 12 13
881W3gfIORTaI8C4i0XKZ0G,8,plain,none,mixed,1 2 4 5 10 12 12 18
881W2MZSmNOXeWj0HUijf4X,8,plain,none,mixed,1 3 6 7 7 11 14 15
881W2PFa8Y5420YjF70Weqw,8,plain,none,mixed,2 2 4 6 8 11 14 17
881W0aI9u8VsGB4C8YYY98c,8,plain,none,mixed,1 1 5 6 9 13 14 15
881W2H4JP2A9IGON8gHWcLA,8,plain,none,mixed,2 3 5 5 12 12 12 13
881W62Sc8B8eM803oE54GvC,8,plain,none,mixed,1 1 2 6 10 11 15 18
881W2WgzYCXmWWOqML1leO2,8,plain,none,mixed,1 4 4 8 10 11 12 14
881W9J9gPA53c0308qXBXmW,8,plain,none,mixed,1 2 4 5 6 10 18 18
881W49OpeDd11WGGi4qKHHK,8,plain,none,mixed,1 1 4 9 11 12 12 14
881W0KJ2XShJ4YWX5X1cvS8,8,plain,none,mixed,2 2 3 7 7 11 11 21
881W0P_oinR2m8egFJORuW0,8,plain,none,mixed,2 4 4 4 11 12 12 15
881W0AJ5I885GpJHA42NEKA,8,plain,none,mixed,2 3 3 5 8 9 14 20
881W60sAbZRI90ayp98GGP5,8,plain,none,mixed,1 2 4 5 7 13 13 19
881WA4LGY4E18KKgAKlTg4Y,8,plain,none,mixed,2 5 6 6 8 10 11 16
881W1WpGeeJOyeeeGB4OO81,8,plain,none,mixed,2 3 3 4 5 9 16 22
881W0mhJqJ92cGGX5aA1PqA,8,plain,none,mixed,1 5 6 6 9 10 13 14
881W20MbKaCP20KdGpv3XHE,8,plain,none,mixed,1 3 3 6 7 11 15 18
881W0ib49h22aHB9y_Wahy6,8,distinct,none,distinct,1 2 6 7 9 10 11 18
881W0ibAP3H2YMuw5aD1KoG,8,plain,none,mixed,2 3 3 6 7 10 15 18
881W299nKJgkX8KHK8YWVGi,8,plain,none,mixed,1 3 7 8 8 9 13 15
881W0C9hCefQ4Z0s2FqnpuY,8,plain,none,mixed,1 3 6 7 8 8 11 20
881W2Jo8CM60iGoeY8gq841,8,distinct,none,distinct,1 2 4 5 6 13 14 19
881W4I74aRk4110G2YXXZ8i,8,plain,none,mixed,1 3 3 5 6 12 17 17
881W493ZnG8LGWmWaeKQD5C,8,plain,none,mixed,1 1 2 7 8 12 12 21
881W24OGXGp5In92hLiYE1K,8,plain,none,mixed,2 4 4 4 5 6 15 24
881WD4cCA2X0LGn94Y71DH4,8,distinct,none,distinct,1 2 3 6 8 12 13 19
881W2OaEA1Pko8OD5IMAIW0,8,plain,none,mixed,1 2 4 7 7 13 14 16
881W51WyI2eN8V9aIpZg4G4,8,distinct,none,distinct,1 2 3 5 10 11 14 18
881W0B7cLCBk0n4HYapf98C,8,distinct,none,distinct,1 4 5 6 8 11 12 17
881W43YWaZwCWj0vAL6wnAe,8,plain,none,mixed,1 1 4 9 10 11 13 15
881W8MufJAJ410SmvveJWW8,8,distinct,none,distinct,1 2 6 7 8 9 13 18
881W871CKG81ejWGjAbADam,8,plain,none,mixed,2 2 2 3 6 15 15 19
881W1hr44beIT1IafCZpOIX,8,plain,none,mixed,1 2 7 7 8 8 14 17
881W8qI92fCgA08B72H9cF4,8,plain,none,mixed,1 2 5 7 10 11 11 17
881W0fWeB841aX2WGMl8ebA,8,plain,none,mixed,1 1 3 7 8 12 12 20
881W10NRXsnYGn8IJ9R0SD2,8,plain,none,mixed,1 3 5 6 8 11 11 19
881W5AF8iN8q300m8a8cXC2,8,plain,none,mixed,1 1 1 4 11 11 15 20
881W99Yj5yL4XH54baNg0X8,8,distinct,none,distinct,1 2 4 6 8 10 16 17
881W0MHOwCG-0PJDNCHjq44,8,plain,none,mixed,1 3 5 5 6 13 15 16
881W0eSCAE5BWOaH8cYib00,8,distinct,none,distinct,1 3 4 5 7 12 15 17
881W0OBiXmu81X0RKcJ2Wn4,8,plain,none,mixed,1 1 2 7 7 9 15 22
881W28HCpeQ8K44AITEH9Jm,8,distinct,none,distinct,1 2 3 7 8 13 14 16
881W1W-LicN7X90A8b4B60W,8,plain,none,mixed,2 5 5 6 8 9 12 17
881W1b4YzWOnuA4iPIYCkOH,8,distinct,none,distinct,1 4 5 6 8 11 12 17
881W2cGC31paM68ZX0WZ8Y4,8,plain,none,mixed,1 1 4 4 7 10 10 27
881W29GZIT6OgGmB3I8I5x8,8,plain,none,mixed,1 1 7 8 9 10 12 16
881W277QYWG41CbAOi410p8,8,plain,none,mixed,1 2 4 5 6 6 11 29
881W21tCjKLffHWb8jw0nr9,8,plain,none,mixed,1 4 6 9 10 10 11 13
881W23XsO2KwiYLCEGJ9P8H,8,plain,none,mixed,2 5 7 7 7 10 12 14
881W6R28Yn8eeaIs18aPAC4,8,plain,none,mixed,1 4 4 5 8 8 16 18
881W0VoGKGNcGfHUOpNKmLA,8,plain,none,mixed,1 4 7 7 9 9 11 16
881W0833YMJ18X4i420Gujb,8,distinct,none,distinct,1 2 4 5 6 7 13 26
881W6CobYNDKH4H89v928V8,8,plain,none,mixed,1 5 6 7 9 11 11 14
881W1GaTYsGWGDaaQD32o2W,8,plain,none,mixed,1 3 3 6 7 8 18 18
881W0nCUOyHAwGAA3yAY0d0,8,plain,none,mixed,1 2 4 4 5 12 17 19
881W10m85Inq40IF42D0eOI,8,plain,none,mixed,1 1 3 3 5 12 18 21
881W4beDQbJS520ouYFGx5a,8,plain,none,mixed,2 3 3 4 8 8 16 20
881W0MG4RA-8IBWrfIBtOOG,8,plain,none,mixed,1 4 7 8 10 10 11 13
881W49sv4bBAv04dobf2r51,8,plain,none,mixed,1 4 4 9 10 11 11 14
881W9E4Z9J8KoGWeqM10SS4,8,plain,none,mixed,1 4 6 6 8 9 14 16
881W50X3g84WaGm9mwsR9uC,8,distinct,none,distinct,1 2 4 8 9 10 11 19
881W4c8w0Ga0G5LAJ5arPgS,8,distinct,none,distinct,1 3 5 6 8 10 13 18
881WArH2Y2P211KCJ10YhrA,8,plain,none,mixed,2 2 6 7 7 8 13 19
881W21oyWK21KL8LCcOnTAa,8,plain,none,mixed,2 5 6 7 8 11 11 14
881W0K4O4IC60wKgGfMY70W,8,plain,none,mixed,1 1 3 4 6 12 15 22
881W021eHA34H31W9hbHesJ,8,plain,none,mixed,2 2 3 6 7 9 17 18
881WA58amoR08H4896ZnE72,8,plain,none,mixed,1 2 4 6 11 11 14 15
881W5442YkCoPHZTXo0Wav9,8,plain,none,mixed,2 3 3 4 5 8 14 25
881W0eJ8rbMF10ajB2H10v4,8,plain,none,mixed,1 3 5 5 6 11 16 17
881W09OKqKTAGmgI6SvpE10,8,distinct,none,distinct,1 2 4 5 7 10 16 19
881W2GfJuY2H14WCMTL2H8J,8,plain,none,mixed,1 3 5 5 10 11 13 16
881W1AGfbtN8YGm9wKZ4IGG,8,plain,none,mixed,1 5 6 8 10 10 12 12
881W4A5O84Bc1063RD2JHaI,8,plain,none,mixed,2 2 4 5 11 11 13 16
881WC19PYIbap2W8x5Khc98,8,plain,none,mixed,1 6 7 8 10 10 11 11
881W89gHq4b2m4neuJNAwQ4,8,plain,none,mixed,1 5 6 7 7 8 11 19
881W1msG962eI5a310aYpIG,8,plain,none,mixed,1 2 3 3 9 11 12 23
881W8Wgv5J5ZWIYfIbOoAHG,8,plain,none,mixed,1 3 6 9 9 10 11 15
881W0s10G9ANQH10hJPKiA4,8,plain,none,mixed,1 3 5 6 6 7 15 21
881W6aM0XYiKI83TX10YXLO,8,plain,none,mixed,1 1 2 5 6 11 14 24
881W3WIoBYmfKn2OCQ6Hy8W,8,plain,none,mixed,1 1 3 9 10 11 12 17
881WAX4sQzIX8E48294E74G,8,plain,none,mixed,1 3 5 6 9 12 14 14
881W2AcGHgYWeQfuCJ3HGkm,8,plain,none,mixed,2 3 4 7 7 11 14 16
881W32aeMg32amICs1y4YWm,8,plain,none,mixed,1 2 5 7 11 11 13 14
881W8qJv0YHW886n8eICiUC,8,plain,none,mixed,1 1 4 5 6 6 10 31
881W28GAq21tb0mP9IfA99I,8,plain,none,mixed,1 2 3 8 10 10 15 15
881W92kCi84XLO9rEcb928a,8,plain,none,mixed,2 2 6 8 9 10 10 17
881WC2CmG-0mGWH4qLDELB3,8,distinct,none,distinct,1 3 4 5 7 10 15 19
881W20J8VO86WbmeAogQXWf,8,plain,none,mixed,1 1 5 5 8 12 12 20
881W510m952nym20WS0WOIK,8,plain,none,mixed,1 1 2 4 5 6 18 27
881W03Tme8wWecD2c45-nT4,8,plain,none,mixed,1 1 4 7 10 10 12 19
881W8YGOmm6maWpKMCYiQ54,8,plain,none,mixed,1 3 3 8 8 8 14 19
881W2Q24aa52K0OvaZ1XB6Z,8,plain,none,mixed,1 1 2 8 10 12 12 18
881W18YGeioJIXGMFa0OC58,8,distinct,none,distinct,1 2 5 7 8 9 11 21
881W4OWz2GH99WISgPIoAK9,8,plain,none,mixed,1 1 4 7 10 10 14 17
881W61QcW5Yo4X0HigqaGqa,8,distinct,none,distinct,1 2 3 7 10 12 14 15
881W19w58i6pX08aIIczG54,8,plain,none,mixed,1 1 2 9 10 12 12 17
881W8NWiA3IiK40dYLFs862,8,plain,none,mixed,1 3 3 6 6 13 14 18
881W2MQNDL4J88Z9Mwifq2i,8,plain,none,mixed,2 4 7 7 8 9 9 18
881WCG85Cc88f0DPFdmv0WJ,8,plain,none,mixed,1 1 3 4 6 9 19 21
881W42f9aMHLGGOMWmLmF5a,8,distinct,none,distinct,1 2 3 6 7 10 16 19
881W0sKKA23gXH70G8dXJKA,8,plain,none,mixed,1 5 5 7 7 7 9 23
881WC6HeO4Y11WWmG2JaoP4,8,plain,none,mixed,1 2 3 4 11 12 12 19
881W874zHed1Wmeea8YY1XC,8,plain,none,mixed,1 2 3 4 8 13 13 20
881WB5WWWMb0X942FBG8iK6,8,plain,none,mixed,2 2 2 3 5 5 14 31
881WCIHL8A4MgY0OL8pVH8X,8,distinct,none,distinct,1 2 3 5 9 11 16 17
881W0ngv5Zf4CX2K8mQBik4,8,plain,none,mixed,1 3 4 9 9 10 10 18
881W92Zn87FNI9HGA8GWeA3,8,plain,none,mixed,2 2 4 5 6 9 16 20
881W0ma2W8Zeq9aoLBfWsGK,8,plain,none,mixed,2 2 4 9 9 10 10 18
881W2apKX43CE0bWj6eIGeF,8,plain,none,mixed,1 2 5 7 9 13 13 14
881W2WIIoefy0n4T4LCg9u6,8,plain,none,mixed,1 1 2 7 10 11 12 20
881W37W84S5YCH95KfbnKcG,8,plain,none,mixed,2 2 5 8 9 11 13 14
881W4jgv4ECkJG7OEH36M00,8,distinct,none,distinct,1 2 3 7 9 10 13 19
881W18maPW29188F7hgRCbA,8,plain,none,mixed,1 5 6 6 8 9 14 15
881W4XiRAayZ9GW2Y99Vev3,8,distinct,none,distinct,1 4 5 6 9 10 13 16
881W2WoLCCIn4H6C6I5hG44,8,plain,none,mixed,1 3 3 6 10 12 13 16
881W1cE4Y110WYGuaI98wCc,8,plain,none,mixed,1 3 4 5 7 7 17 20
881W0JP4YnHAo2J4meaKSG8,8,plain,none,mixed,1 1 3 7 8 8 15 21
881W0YuaM99EHeK9tIL3Q10,8,distinct,none,distinct,1 4 5 6 7 12 14 15
881W3Gb0d42jI0WJKwHXIIn,8,plain,none,mixed,1 1 3 9 10 10 15 15
881W3kmSqw230YIbebWY0XG,8,plain,none,mixed,1 4 5 7 7 10 11 19
881W2GWG73JgI8A21mcYBXe,8,plain,none,mixed,2 2 4 7 8 8 9 24
881W0AZMhMcYt6XX628qdAW,8,plain,none,mixed,1 3 7 8 9 10 13 13
881W0WiA9b22f8O421_AgUK,8,distinct,none,distinct,1 3 5 6 7 10 11 21
881W4y61gO5n0mHG22YTGKi,8,plain,none,mixed,1 1 2 5 9 10 14 22
881W06WWL5YHIR10GgPbMr8,8,plain,none,mixed,1 1 4 6 9 10 12 21
881W90848I5VWoIA6Yh50WM,8,plain,none,mixed,1 1 6 7 7 8 15 19
881W11amc2mr8OQB9KY8Gtm,8,plain,none,mixed,1 2 3 7 7 12 15 17
881W2YAiQqaXO8wbafsaHSX,8,distinct,none,distinct,1 3 5 6 8 11 12 18
881W31CKA2sWmeC2199yg8e,8,distinct,none,distinct,1 3 5 7 8 9 10 21
881W8KH3IYK6248wCb2dXWH,8,plain,none,mixed,1 2 5 6 6 10 14 20
881W240o31I4269YnCYnOKZ,8,plain,none,mixed,1 1 3 5 8 11 16 19
881W1AMbQ6214H2eqK9gX00,8,plain,none,mixed,1 1 4 5 6 8 19 20
881W1EJWCU2WK4p8AECHOdI,8,plain,none,mixed,1 1 3 7 8 10 15 19
881WAHH54ZGWGODGm845LGe,8,plain,none,mixed,1 1 2 5 6 8 8 33
881W0a90fInA9AAa84XKXIs,8,plain,none,mixed,2 2 3 5 7 12 14 19
881W4MYGuIEnmYea939KK65,8,plain,none,mixed,2 3 3 5 8 11 14 18
881W21XeC6Yu00cIHSa0mK6,8,plain,none,mixed,1 1 1 3 8 13 16 21
881W39Wc55H3Z0eI9WLp5R5,8,plain,none,mixed,1 1 6 6 9 11 11 19
881WA7n4ESvGWGeoa9AcgL2,8,plain,none,mixed,3 4 6 6 6 9 15 15
881W13XGDZA8154ljkYWGGH,8,plain,none,mixed,1 3 4 7 7 9 15 18
881W4MCb2T2c11BTT1XGg0W,8,plain,none,mixed,3 3 4 4 7 7 17 19
881W4aQviO2XOT9CC91A2D4,8,plain,none,mixed,2 3 4 4 4 12 14 21
881W460yxIGJYH56PYaBui8,8,distinct,none,distinct,1 3 4 5 9 11 14 17
881W8G9DISYHWpGu262A8K8,8,plain,none,mixed,1 1 3 8 8 11 15 17
881WDGm01XD4I8H4114aOSM,8,plain,none,mixed,1 3 3 3 4 7 10 33
881W0O10rKKAoHGjA3H9AY9,8,plain,none,mixed,1 3 4 4 6 7 15 24
881W26c9214OX4n3HvapLB6,8,plain,none,mixed,1 1 7 8 8 8 8 23
881W5TWeC21dE301X4LGAC5,8,plain,none,mixed,1 1 1 3 6 10 17 25
881W0meIHuxj0WO1479GpL6,8,distinct,none,distinct,1 2 5 7 9 10 11 19
881W0Y70C54CA8anfLA4YAc,8,plain,none,mixed,1 3 3 4 8 12 16 17
881W2QaPg8mYC8GNtgB6X-K,8,plain,none,mixed,3 5 5 5 7 9 12 18
881W8rfMXgpd304eLJJ5988,8,plain,none,mixed,1 2 6 8 10 10 12 15
881W0-XWLDAbWn31AB89gW8,8,plain,none,mixed,1 1 1 8 9 12 13 19
881W1PHH0W8XC1mbPqqK8D5,8,plain,none,mixed,1 1 3 6 7 8 10 28
881W9KkOSY9CK44TC25283W,8,plain,none,mixed,1 2 2 4 10 10 17 18
881WA2zmnaYYGOB9Gse268q,8,distinct,none,distinct,1 2 5 6 7 8 12 23
881W0GdbfRum8PKaHFeqlY8,8,plain,none,mixed,1 2 5 5 6 9 10 26
881W198aXVJPmW24EI0Wc-H,8,plain,none,mixed,1 4 5 6 6 11 15 16
881W5Y0L4PHkH8GTTDAXv0W,8,plain,none,mixed,1 1 7 8 9 12 13 13
881W41KZG43gjHKmuAaaI4H,8,plain,none,mixed,2 4 5 5 6 10 14 18
881WCWeC442ig641XGbrKcG,8,distinct,none,distinct,1 3 4 6 7 8 11 24
881WAceayif2wW4kfv2DnUW,8,plain,none,mixed,1 3 5 5 9 12 14 15
881W0uWv4A8ySbaeMaQAN8W,8,plain,none,mixed,1 2 5 7 10 10 12 17
881W30I410tqfeaaJvCQGcG,8,plain,none,mixed,1 5 5 6 7 9 9 22
881W0b9qggd810X_ZtCIo9C,8,plain,none,mixed,1 7 7 7 8 8 10 16
881W8naGiai12G5EejxeI8e,8,plain,none,mixed,1 3 3 5 12 13 13 14
881W4CaQD73ONH12XmY2DSG,8,plain,none,mixed,1 3 3 7 9 9 11 21
881W2I6WDY420WoborPb2We,8,plain,none,mixed,3 3 4 6 7 10 12 19
881W00CbUiM90b2wT228cIe,8,distinct,none,distinct,2 3 4 5 7 9 14 20
881W8d4X53DS20KngKgKYOo,8,plain,none,mixed,3 4 4 5 7 11 14 16
881W0OGHaIGIHaKM94M4IE4,8,plain,none,mixed,1 1 4 4 6 14 16 18
881W0eGnK6338fmWGAsKA60,8,plain,none,mixed,1 1 2 5 5 10 20 20
881W90qeeHQb1I828eRgn52,8,plain,none,mixed,1 2 6 6 9 12 13 15
881WB3v6Z31XCaJ8084KWSa,8,plain,none,mixed,1 2 4 4 7 8 9 29
881W8YE3AIi42CPa7225nh8,8,plain,none,mixed,1 1 4 5 6 6 19 22
881W5XWmGYHK0WqGfcvG846,8,plain,none,mixed,1 1 2 4 8 10 17 21
881W0WKgIGqT0WIC7eq10nY,8,plain,none,mixed,1 2 4 5 7 7 16 22
881WB0XGGD9KaGXHwE1WW86,8,plain,none,mixed,1 2 2 8 10 11 11 19
881W8IN4Cd0cYWfeD6GleHe,8,distinct,none,distinct,1 3 4 6 9 11 14 16
881W120bIP7JmUn8oIHWXCX,8,plain,none,mixed,1 1 4 8 9 10 15 16
881WA8auG96V9A411OIYHIi,8,distinct,none,distinct,1 2 4 5 8 11 14 19
881W6ayHf92WmLHGCL1IgIm,8,plain,none,mixed,3 3 5 7 8 9 11 18
881W10wZHNx1O58A58bCjCX,8,distinct,none,distinct,1 4 5 7 8 12 13 14
881W2bWgOOIgAc0bM3-00Cq,8,plain,none,mixed,1 1 4 5 6 7 13 27
881W498oS9rMfKIFc2KBpW8,8,plain,none,mixed,2 4 6 6 10 11 11 14
881W3Xmfe-WGOGWKAA2WaK5,8,plain,none,mixed,2 2 2 4 7 9 15 23
881W0e72XH22JHYX21WqUG8,8,plain,none,mixed,1 2 2 4 5 11 13 26
881W0964QMKgR0enUHQDt23,8,plain,none,mixed,1 4 5 9 10 11 12 12
881W4I4aYX6OYgH7V2Xe_C4,8,plain,none,mixed,2 2 6 7 9 9 13 16
881W4XWqiEfaq2XHk28X5Af,8,distinct,none,distinct,2 5 6 7 9 10 11 14
881W0K6QdWeX2Z0S9aqIheW,8,plain,none,mixed,1 2 3 3 12 13 15 15
881W0ceuNa15H5FBL8xceY8,8,plain,none,mixed,2 3 5 8 8 10 11 17
881W0Wbb8nZmY18u6lSw8no,8,plain,none,mixed,1 1 4 8 11 12 13 14
881W124X0gP0maaIwI18eNg,8,plain,none,mixed,1 3 3 4 6 9 14 24
881W3GdIr0mIGeug1MH96a4,8,distinct,none,distinct,1 2 3 5 6 8 10 29
881W1mMbYZX16WOXS29IY8e,8,plain,none,mixed,1 1 1 3 8 13 18 19
881W42HqJ54XuWWGOBYN6JI,8,plain,none,mixed,1 6 6 6 6 10 11 18
881W3d6YGLCeG4Z2LJ0aIIO,8,distinct,none,distinct,1 3 5 6 7 11 15 16
881W845PMhAv1WedQe2ZX54,8,plain,none,mixed,1 2 6 8 9 12 12 14
881W116afO7Zt4erGN18npW,8,plain,none,mixed,1 1 4 8 8 13 14 15
881W0pbXz31B0jafWggGIIm,8,plain,none,mixed,1 3 3 6 8 13 13 17
881WACbInCN4YA0c6KXWaIX,8,plain,none,mixed,1 2 2 8 10 12 13 16
881W350-VeIOzA0eKJKOf2C,8,plain,none,mixed,1 4 4 5 11 11 13 15
881W80KW8X9E8TJcmylHybm,8,plain,none,mixed,1 1 4 6 11 11 14 16
881W10Ag8DT8qL8K9AEbPoO,8,plain,none,mixed,3 3 6 7 8 11 12 14
881W29k9mq22v98C8EgM541,8,plain,none,mixed,1 3 3 5 6 13 13 20
881W4mbIr38PZ8K9tTuXEy8,8,plain,none,mixed,3 3 3 5 8 10 12 20
881W1QLCWRIWeW44gN3UHqP,8,distinct,none,distinct,3 4 5 8 9 10 12 13
881W4cKgA4D90XF4H53Koea,8,distinct,none,distinct,1 3 4 6 8 11 13 18
881W1X_JWeTYg944Lm23MaJ,8,plain,none,mixed,1 4 5 6 6 6 12 24
881W210qGGsWe0C27D2HDEf,8,plain,none,mixed,1 1 2 4 12 14 14 16
881W19Saa532YG21CwbbGmu,8,plain,none,mixed,2 2 5 6 7 8 11 23
881W3nWwIOsA1W2650ocHuW,8,plain,none,mixed,1 1 3 5 8 13 16 17
881W349an7HeoHP9m28aamO,8,plain,none,mixed,1 3 4 4 8 9 17 18
881W2dYcHOD7GWZ1KjgX929,8,plain,none,mixed,3 3 5 6 8 12 12 15
881W94vwi7Zo8bG8G4qa9GK,8,plain,none,mixed,2 3 3 8 9 10 11 18
881W4o1WrJ9bIKG8G21T0sA,8,plain,none,mixed,1 3 4 8 8 8 13 19
881W4ZryMt3n0WO4CG31954,8,distinct,none,distinct,1 3 6 7 8 10 11 18
881W4aUYa565701HDFM6W9K,8,plain,none,mixed,1 1 2 4 9 13 16 18
881W294YfMKGe465EYovuz0,8,plain,none,mixed,1 4 6 7 9 9 14 14
881W8S-XmuiL5099eOuI948,8,plain,none,mixed,2 5 6 6 6 7 11 21
881W4A4CVA8U212Y2aXIPTK,8,plain,none,mixed,1 3 4 4 6 9 12 25
881W8iQudGdeiuWYR8YeZkW,8,plain,none,mixed,1 3 3 8 9 11 14 15
881W4Ac44IPrCOeZ42DVBAW,8,plain,none,mixed,2 3 4 5 5 12 13 20
881WAdGWWu8qgO8ei94WO25,8,plain,none,mixed,2 2 3 4 7 9 11 26
881W8IIyo9552anu982MH0X,8,plain,none,mixed,1 2 4 5 11 11 14 16
881W1EgqZbH51nHIKc8yGX8,8,plain,none,mixed,1 1 7 8 8 13 13 13
881W0eOvIN8YA4eC5g2YoaG,8,plain,none,mixed,1 3 3 7 8 11 15 16
881W2QaqGHCFWG61s4SM0uy,8,plain,none,mixed,1 2 2 6 6 8 16 23
881W94XGmeBuS8W-ID0GG45,8,distinct,none,distinct,2 3 4 5 6 7 13 24
881W1KPj2YYGpI8m8eCneI3,8,plain,none,mixed,1 4 4 5 7 9 10 24
881W2GMtg4fD10MXUJSo3GK,8,plain,none,mixed,1 4 4 5 8 10 13 19
881W22Dm42PiM484fCcIJ30,8,plain,none,mixed,1 1 3 3 10 10 16 20
881W8C5AuCDWaGQiHC6XOX0,8,plain,none,mixed,1 1 1 6 8 14 15 18
881WDGg8CiD0uHHK965YC41,8,plain,none,mixed,1 1 4 4 8 12 16 18
881WASQAckeX9a8O7IuWXz0,8,plain,none,mixed,1 1 6 7 11 11 13 14
881W8aWW2MpH89aKCEBDk78,8,plain,none,mixed,2 3 5 5 9 10 15 15
881W63Gl58D9amGIQ7Zb318,8,distinct,none,distinct,2 4 6 7 8 9 11 17
881W5AWudeu41O4CUa40aX4,8,plain,none,mixed,1 1 2 5 6 11 13 25
881W1rgK8226eWb2WexnKA6,8,plain,none,mixed,1 5 6 6 7 7 13 19
881W1cnERELPSn9081c1j0D,8,plain,none,mixed,2 2 3 8 9 11 12 17
881W8LfII4BSn8anINKwHy8,8,plain,none,mixed,1 4 6 7 9 9 13 15
881W1GSX_6K250QI5DCZ2Gm,8,plain,none,mixed,1 3 3 6 8 9 14 20
881W0aAGeYj0fAGyH9Nl0YU,8,plain,none,mixed,1 3 4 9 10 10 13 14
881W4GPAgDcBS35XKeMK9gA,8,plain,none,mixed,2 2 8 8 9 10 12 13
881W0mMAvsQ4GnGI8YImkGO,8,distinct,none,distinct,1 4 5 8 9 10 12 15
881W1M0Qw69AWYKfhpDDmea,8,distinct,none,distinct,2 3 5 6 9 10 11 18
881W12IWOKI9D98KySKKA71,8,plain,none,mixed,2 3 6 6 7 8 11 21
881W0VZoqk9RGY6TXb9LIkX,8,plain,none,mixed,1 1 8 9 10 10 11 14
881W2iWE4UFAX5B6a0j66YW,8,distinct,none,distinct,2 3 4 6 7 8 15 19
881W130eLK8eG5coiI1ZHYe,8,plain,none,mixed,1 4 4 6 7 11 13 18
881WA0bBMKeYad0v3t68ez3,8,plain,none,mixed,1 1 6 7 11 11 13 14
881W18Wjn9i4aGIH6CYI0v4,8,plain,none,mixed,1 1 1 8 8 13 13 19
881WD4egcI4r2u1WV25G_b4,8,plain,none,mixed,1 1 8 9 9 10 10 16
881WF1SWGqAaI0984YOwU4Y,8,plain,none,mixed,1 2 6 7 8 8 12 20
881W5I92n8cYHeG880eiL8G,8,plain,none,mixed,2 2 5 6 8 8 13 20
881W088H4KqA20YUDd62ZGi,8,plain,none,mixed,1 3 4 4 5 7 17 23
881W2AOb2Y652GWKxeqiY10,8,distinct,none,distinct,1 2 3 7 8 9 14 20
881W22744oXYL18PYXWnnJb,8,plain,none,mixed,1 2 6 6 6 9 10 24
881W0IAJTMAfHA3w82KhKWe,8,plain,none,mixed,2 3 4 9 9 11 12 14
881W0cw-fZn0WcKOuG3CagW,8,plain,none,mixed,2 3 4 6 6 10 11 22
881W01PPg7aWK8cAHP8bZ9e,8,plain,none,mixed,1 2 6 7 7 12 14 15
881W1XH5Bnv4wia8SM8AGCG,8,plain,none,mixed,1 2 3 6 10 10 12 20
881W0eJY9P4D498MKlqgLHW,8,plain,none,mixed,1 5 6 8 8 10 11 15
881W0mGZn6IHAaQJ58b6nOW,8,distinct,none,distinct,1 2 5 7 8 10 15 16
881W2cGGAbqK0YKaZnS00eQ,8,plain,none,mixed,2 2 2 3 4 8 15 28
881W5X2106UHGaair398qU8,8,plain,none,mixed,1 3 6 6 7 7 10 24
881W28pD4YqaiL0JHPeoWzG,8,plain,none,mixed,1 7 7 8 9 9 9 14
881W065648CZeLfKPENI8ja,8,plain,none,mixed,1 3 4 4 9 11 15 17
881W0b_oaiAQo0fBt4RQA2N,8,plain,none,mixed,1 6 6 7 9 9 9 17
881W72BuSXeO290VCO96WAB,8,plain,none,mixed,1 2 2 5 8 10 13 23
881W8ReK6Di510B5HIoXo88,8,plain,none,mixed,1 1 4 5 8 10 16 19
881W0LHAIB6tOV10vaIiWWa,8,plain,none,mixed,1 1 3 6 8 11 14 20
881W410NIzQ2Haa8ZEGmPIO,8,plain,none,mixed,1 3 3 8 9 9 12 19
881W8ILqKKr0T0D3Fg2duRY,8,plain,none,mixed,1 1 2 6 11 12 14 17
881W2GcRIgXA21a52qaHYmK,8,plain,none,mixed,1 3 3 4 8 14 15 16
881W4rCgLrmeT11C2RSAa55,8,plain,none,mixed,1 3 4 4 6 11 17 18
881W8E5IiY1mWf98OC198g3,8,plain,none,mixed,2 2 2 6 6 11 15 20
881W2MkeocpZQ60wbeT59V0,8,distinct,none,distinct,1 3 4 8 9 11 13 15
881W215W92M5ZH4aB4nmWHm,8,plain,none,mixed,1 3 3 6 7 13 14 17
881W1GmaYo20Wm8CA94-X0W,8,plain,none,mixed,1 1 3 5 10 13 14 17
881W9GGnwZ8kIf5rrKL4GWG,8,plain,none,mixed,3 3 3 9 9 10 12 15
881W4918eZKfs028qhsob9a,8,plain,none,mixed,1 1 5 5 10 11 12 19
881W18KEfYHUfGO994B2ao4,8,plain,none,mixed,1 4 5 6 6 11 15 16
881W1jB5bI6316G8IGGb2W9,8,distinct,none,distinct,1 2 3 6 8 11 16 17
881W2H7ZYnKXXGaaA1mWQWW,8,plain,none,mixed,3 3 3 6 8 9 13 19
881W6oo8W8D6e4YXELMeA52,8,plain,none,mixed,2 2 3 4 5 11 16 21
881W4o95f8928COK53oz4WA,8,plain,none,mixed,1 2 7 7 7 11 13 16
881W8659D4joIXLIAa1gT5G,8,plain,none,mixed,1 2 4 6 9 10 16 16
881W222WzIAtQ92Hv2IWmOH,8,plain,none,mixed,2 4 6 7 8 9 9 19
881W0KGAAggX1Z6F4Z27n4U,8,plain,none,mixed,1 1 3 6 8 9 14 22
881W0WGU8Q6C7GK832Lv94o,8,plain,none,mixed,1 2 2 7 7 13 13 19
881W0P8-fOf8H272gAL9-OW,8,plain,none,mixed,1 1 4 8 10 12 13 15
881W0QDm4M6I16nOQ8Z0H83,8,plain,none,mixed,1 1 2 4 9 11 13 23
881W8qQj674a90WeLl6WG41,8,plain,none,mixed,2 3 5 7 8 13 13 13
881W4PWZNK758aMJk8fbAKW,8,distinct,none,distinct,1 2 5 7 9 12 13 15
881W5YA62436Z8ea31faaWW,8,plain,none,mixed,1 2 5 6 6 8 15 21
881W0Wb4QK03g0WGUjvGbJg,8,plain,none,mixed,1 1 3 4 8 11 12 24
881W3XWog8r6GCSA8Z0aQvX,8,plain,none,mixed,1 1 3 10 11 11 13 14
881W0ee549EA22ZAdmado84,8,plain,none,mixed,1 2 4 7 7 10 15 18
881W4Yc453KYameZ1XSZ8nm,8,plain,none,mixed,1 3 5 5 8 9 11 22
881W14cCRXnLPAmI8YUMJa1,8,plain,none,mixed,2 3 3 7 9 11 12 17
881W4II4XgH9iG8u410-aoI,8,distinct,none,distinct,1 3 4 7 8 9 13 19
881W0e8P9gwOeGY232bt4Z4,8,plain,none,mixed,1 4 4 5 9 9 11 21
881W0QH1KvgQCg1UODs4WB8,8,plain,none,mixed,1 1 5 9 10 10 14 14
881W1HDAH9AS21Ac9Vd0XP2,8,plain,none,mixed,3 3 3 6 10 10 11 18
881W0qMAaaPYqA6yH8LeI8K,8,plain,none,mixed,1 4 6 6 9 11 12 15
881W40tgIA218eWmmT2icYI,8,distinct,none,distinct,1 2 3 7 9 11 12 19
881W3064MItKH5GU9p9LBI3,8,plain,none,mixed,1 1 7 8 9 10 11 17
881W0bWarI3415XmtniJ0W9,8,plain,none,mixed,1 2 4 6 10 10 13 18
881W2XH7ZYB4YMXCn8aWX09,8,distinct,none,distinct,1 3 4 6 7 8 13 22
881W4Ocf804zmGIYnrNotOA,8,plain,none,mixed,1 6 6 7 7 9 10 18
881W0eEkqeuMJ54O7846WsG,8,distinct,none,distinct,2 3 4 5 7 9 14 20
881W231f77X0y0IGe43YLab,8,plain,none,mixed,1 1 2 7 7 8 12 26
881W0d-iIg22XAf8KHanc0W,8,plain,none,mixed,2 5 6 7 7 8 12 17
881W2XeqB4KS20262LfKeaC,8,plain,none,mixed,2 2 3 6 8 9 15 19
881WAZ994N9kIm5PG0ns5Ge,8,plain,none,mixed,1 3 3 5 9 11 12 20
881W5Z9u9LbuA4aJFQ0d8m1,8,distinct,none,distinct,1 3 4 6 10 11 12 17
881W0ekX8OC6Wn0O8kuK94Y,8,plain,none,mixed,2 3 3 6 6 11 12 21
881WA110dGY2aM85OaYmmu9,8,plain,none,mixed,1 1 1 6 10 11 16 18
881W0UycHG83yX30rKML4a9,8,plain,none,mixed,1 3 4 6 6 8 17 19
881W2ofWeaAD18C9YjOC50W,8,plain,none,mixed,1 3 4 4 4 10 13 25
881W4XAaLwnP4n4Og42SGe2,8,plain,none,mixed,1 2 7 7 9 10 13 15
881W9152ROqYWYKCSII98P8,8,plain,none,mixed,1 3 3 10 10 11 11 15
881W1pf4i98iXKK9cg25i20,8,distinct,none,distinct,1 2 4 6 10 11 13 17
881W1WiNOch5D8WD44HaOl8,8,plain,none,mixed,1 5 7 7 7 10 13 14
881W3H8X06BPB0ON80PSbIi,8,plain,none,mixed,2 2 4 5 7 8 10 26
881W91ZG5F8aE8ZWw62WGMI,8,plain,none,mixed,1 3 5 5 6 14 15 15
881W151-kKgPK09cXSa8b4Q,8,plain,none,mixed,1 2 4 9 11 12 12 13
881WAKLj4X8avG5see45f32,8,plain,none,mixed,2 5 5 5 8 8 11 20
881W91WemGHbY8HEj8a9GcJ,8,distinct,none,distinct,1 2 4 7 9 10 11 20
881W233YoQ38YaibW52PWWX,8,plain,none,mixed,1 3 5 6 6 14 14 15
881WCnOQ9CBqP200ZgYGH2D,8,plain,none,mixed,1 2 3 6 6 10 14 22
881W32IOgWeKA58SqAA10mH,8,plain,none,mixed,1 4 5 5 6 10 10 23
881W0eWGCPUeCGGC32gWqN8,8,plain,none,mixed,1 1 5 5 8 13 13 18
881W0AKgU8gYgN1WJaXqIy8,8,plain,none,mixed,2 5 5 5 6 12 13 16
881W549I42Yb3WboG8QaXSo,8,plain,none,mixed,1 1 4 5 6 12 16 19
881W4aHJ9PD210HuPEaGGGe,8,plain,none,mixed,2 2 5 6 7 10 15 17
881W2L5WH9U0GH5af10mUOq,8,plain,none,mixed,3 3 3 4 9 10 13 19
881W4v4E4rB5M089X8bEye4,8,plain,none,mixed,1 1 5 6 9 9 13 20
881W61zvqaJfn6X9Gc9CH72,8,plain,none,mixed,2 3 4 7 7 8 16 17
881W4JYDuyH48WCaPn--4YI,8,plain,none,mixed,1 5 5 7 8 9 12 17
881W210MiA6U2GaH5AnfH8I,8,plain,none,mixed,3 3 4 8 9 11 12 14
881W10t29CA530aYQEK630e,8,plain,none,mixed,2 2 4 6 6 9 10 25
881WB2W8Q5-08IOAsCaXKAB,8,plain,none,mixed,1 1 3 3 7 14 16 19
881W6ak2YAXmW4PSc1CYkgA,8,distinct,none,distinct,1 2 3 5 6 12 17 18
881W0W8ArMi6LGG9E20c54c,8,plain,none,mixed,1 3 4 5 5 7 18 21
881W8G821HAifcK92X0uHKG,8,plain,none,mixed,1 4 5 5 6 7 7 29
881W0TYiMw9a11f8YYD68PC,8,plain,none,mixed,1 1 6 8 9 9 12 18
881W613CK9s0058InCcXnGb,8,plain,none,mixed,1 1 6 6 6 11 12 21
881W0Xh8CMKC98enVs4d0YI,8,distinct,none,distinct,1 3 5 6 8 9 11 21
881W10hdGYD_ROKb8B1u2fX,8,plain,none,mixed,3 3 4 4 5 10 11 24
881W0m9saeg64WYSIcrdGee,8,plain,none,mixed,1 1 5 8 10 11 14 14
881W32265f4XGKmaY2fDZBi,8,plain,none,mixed,2 4 5 5 6 10 13 19
881W24mOLQcM95H8ZqeXWm0,8,distinct,none,distinct,1 2 4 7 10 11 13 16
881W618iPAo66026YmhcWmK,8,plain,none,mixed,1 1 2 4 9 12 17 18
881W4EqYGu2Ac28gJfOQ94I,8,plain,none,mixed,3 3 3 9 9 9 9 19
881W21rKGqA6WOmKKkeI4Xm,8,plain,none,mixed,1 1 5 6 8 10 12 21
881W0WNCINBA61WYCcZGHXG,8,plain,none,mixed,1 2 3 7 10 10 13 18
881W25Mn8y68ag075sSM70W,8,plain,none,mixed,2 3 3 6 8 10 11 21
881W8XzGaUAbH621IoMIQ2W,8,plain,none,mixed,1 3 5 5 6 10 16 18
881W14X9JX10XoeeS8K1GeC,8,distinct,none,distinct,1 2 3 5 7 9 12 25
881W20WLbX_YXGOIEMXXfWa,8,distinct,none,distinct,1 4 5 8 9 11 12 14
881W28KbG84GZ0WOCy-P94a,8,plain,none,mixed,1 2 2 9 9 11 14 16
881W52eG9IOkX58b52cJ-p0,8,plain,none,mixed,2 4 6 6 6 10 14 16
881W4ffio2ra99CadWC1gU8,8,plain,none,mixed,1 3 5 6 7 7 7 28
881W8PIOIBPXyWBowA3L622,8,plain,none,mixed,1 1 6 8 9 12 13 14
881W4gRLei1meK8a616XA90,8,plain,none,mixed,1 4 5 5 7 11 15 16
881W0VRmKfGG8Or4AHEYq91,8,plain,none,mixed,1 1 2 7 8 11 14 20
881W2WyHE4XmwWIH8K6inZO,8,distinct,none,distinct,2 3 4 7 8 9 12 19
881W0G4aLDL1-n4bI4ZXBw6,8,plain,none,mixed,1 5 7 8 8 9 10 16
881W6AHasA2LL8KBGHOZ0LC,8,plain,none,mixed,1 3 5 8 11 11 12 13
881W1KeKbW85ZFWyG8IGaoG,8,plain,none,mixed,1 1 4 6 7 8 9 28
881W0fSeH4qYa4A21NQCDAm,8,distinct,none,distinct,1 2 3 4 8 10 16 20
881WA0aQfH8qPA21Cs221J4,8,distinct,none,distinct,1 2 3 4 7 9 18 20
881W39WqR4cXa0431ZKACRH,8,plain,none,mixed,1 4 6 7 7 10 10 19
881W0GC7nAfIz0Y8B6ZH64X,8,plain,none,mixed,1 3 5 5 8 11 12 19
881W39eKn8EuaGWI6CWmIbC,8,plain,none,mixed,1 2 5 9 9 9 11 18
881W48vB3OnA50YSmRfpp88,8,plain,none,mixed,1 5 5 6 7 8 14 18
881W01Y558aYaHObIoLB8eC,8,distinct,none,distinct,1 2 4 7 8 11 13 18
881W1GG3XeYmP0eK61OUD89,8,plain,none,mixed,2 2 3 3 7 7 13 27
881W0eB5YE73YfGW4Z14a10,8,plain,none,mixed,1 1 2 4 5 13 19 19
881W4cNC9A451iXG1ZYaZoG,8,distinct,none,distinct,1 2 3 4 6 8 16 24
881W10g0WGgQeXEK10KwJ9f,8,distinct,none,distinct,1 2 3 5 6 8 9 30
881W4iA8oPB5HOn88X0VOH8,8,plain,none,mixed,1 3 4 8 9 9 9 21
881W0WG5eoYg94a79aZd2jO,8,plain,none,mixed,2 3 4 5 5 11 16 18
881W3o92uzYa1KeOZagHDo4,8,plain,none,mixed,1 2 3 7 12 12 13 14
881W88KIoZ1GbI898c54Ye6,8,plain,none,mixed,1 1 2 7 8 9 18 18
881W0mA4HII0W5aMD6Zr4Y8,8,plain,none,mixed,1 1 6 6 7 12 15 16
881W0KsTwS9gYA2Q9X91t4Y,8,plain,none,mixed,1 3 4 4 6 8 17 21
881WB4WmfneaGeGaOqH0W8K,8,plain,none,mixed,1 2 6 6 8 9 16 16
881W2bJ88Z1GeM8OKA70eS8,8,plain,none,mixed,3 4 4 5 6 10 13 19
881W0ebYY18uIHOlGCA14e6,8,plain,none,mixed,1 4 5 6 7 9 9 23
881WAKLIOAAba0AbAIDegOS,8,plain,none,mixed,1 4 4 6 9 10 12 18
881W3HhouOmMIaeY30PCbMG,8,plain,none,mixed,2 3 3 5 5 10 14 22
881W8I8rd93g4Xbe8BpXAX8,8,plain,none,mixed,2 2 3 5 5 15 15 17
881W6DiuKGkWm51WL58srU2,8,plain,none,mixed,3 3 3 3 7 11 11 23
881W0AKn4beC62XMwHFYHH4,8,plain,none,mixed,1 2 5 6 9 11 11 19
881W5IPaLEXWa8I8C9D1C8O,8,plain,none,mixed,1 1 6 8 9 9 11 19
881W6YbWH8df0e229OeaAAn,8,plain,none,mixed,2 2 4 4 7 11 16 18
881W5h0-lemOH8GDQo44Z4Y,8,plain,none,mixed,2 3 4 4 6 9 14 22
881W8ZwRW32B44LmKIpedBK,8,plain,none,mixed,1 2 3 5 7 10 18 18
881W2WWLcIAlaGGQ0mgev0W,8,plain,none,mixed,1 2 3 6 6 10 15 21
881WD4AGILaX209KCZ-N8iQ,8,plain,none,mixed,1 3 3 8 10 10 11 18
881W2HKV9o9F0mi15AHTXH0,8,distinct,none,distinct,1 2 5 6 7 10 16 17
881W8HJ0XLGf4WZaq20sPGu,8,plain,none,mixed,1 1 5 5 7 12 13 20
881W31GeSY1195OWGIQG841,8,plain,none,mixed,1 1 1 5 6 7 20 23
881W0J6vOOm2o1WkXZapNiU,8,plain,none,mixed,1 1 6 9 9 10 14 14
881W61R4558h8p5HJfb5aES,8,plain,none,mixed,1 2 5 6 6 10 15 19
881W0aWrB421qNGH8eSI9Im,8,plain,none,mixed,1 3 3 5 7 12 16 17
881W4GSCoMDDH061gNw4f31,8,plain,none,mixed,1 3 3 4 6 13 15 19
881W6110KJKK8GA7zXmveiH,8,plain,none,mixed,1 3 5 5 7 8 12 23
881W4W410Eb5GmY9bJf4U8e,8,plain,none,mixed,1 3 4 6 6 9 9 26
881W80mgC4j8X0dIgSnyYHq,8,plain,none,mixed,1 1 8 8 9 11 12 14
881W6LGOw11X8WHeOA1LmiL,8,plain,none,mixed,3 3 4 8 8 8 10 20
881W4131II6dGJL2-b2Py84,8,plain,none,mixed,2 2 2 7 8 9 12 22
881W2KY34EanGnHWmAerSae,8,plain,none,mixed,2 3 4 4 6 7 7 31
881W31cBATo_-GWiJAI29Z8,8,plain,none,mixed,2 6 7 7 7 7 13 15
881W82XGcZH4f99gmu20KYI,8,plain,none,mixed,2 3 3 5 6 9 17 19
881W0kJ8gC6OfOb3Le6H0JC,8,plain,none,mixed,1 4 4 10 10 10 12 13
881W4XYDD210aGYeq2E2GeS,8,plain,none,mixed,1 1 6 6 9 9 11 21
881W0A3asKCh1BX3GdIGfBb,8,plain,none,mixed,1 1 2 7 9 13 14 17
881W3X8cIXKfWKIC6GWC90H,8,plain,none,mixed,1 1 3 6 10 12 12 19
881W10KoYm842GeO8CE56IP,8,plain,none,mixed,1 3 3 6 7 7 12 25
881W1C8ne2v0GGjivGbIVCg,8,distinct,none,distinct,1 3 4 5 9 10 12 20
881WA24GE6fOe832o94Z5J9,8,plain,none,mixed,2 2 3 7 9 10 13 18
881W4JXW9I9AE4qOXi94gLG,8,plain,none,mixed,2 2 5 6 7 9 12 21
881W4EOaA6J2H1D0GCbKg21,8,plain,none,mixed,1 2 3 6 8 8 15 21
881W28eE5FKc22D2WYirBGG,8,plain,none,mixed,1 3 3 4 4 8 16 25
881W83WGSK4cGcbIUn394eL,8,plain,none,mixed,1 1 1 7 9 10 16 19
881W8U2QTMLCWG5LVC4WYGW,8,plain,none,mixed,1 3 3 4 9 14 14 16
881W4K7YLWvC107SLYXHIea,8,plain,none,mixed,1 3 3 5 10 11 14 17
881W10z6ZWmh6WWQHeCIAOW,8,plain,none,mixed,1 3 3 6 6 10 13 22
881W0WbqgQqY9G65Sa94NU4,8,plain,none,mixed,1 3 6 6 9 9 13 17
881W6D0G7Fbagr101hJ00b4,8,plain,none,mixed,1 1 2 3 6 7 22 22
881W296qe0GiaX8I4cKA9fK,8,plain,none,mixed,1 3 3 4 9 9 10 25
881W129OXXGuiA58OCC7CuH,8,plain,none,mixed,2 2 5 5 8 8 9 25
881W2X9Kp6fimHMfAF25ae0,8,plain,none,mixed,1 4 5 7 8 8 15 16
881W49IWnAZeM50JbJf29Bm,8,plain,none,mixed,1 1 7 8 8 12 13 14
881W3HHSqc79XW8FJk8T10W,8,plain,none,mixed,1 2 6 7 8 11 11 18
881W08vB5B9I4WYON8yI3OA,8,plain,none,mixed,1 1 3 5 12 12 14 16
881W4aA5YJK9yWHK43XqM53,8,plain,none,mixed,1 3 5 6 6 11 14 18
881W44fEaQaH98XmIBzc0Ye,8,plain,none,mixed,2 2 5 5 7 12 14 17
881WD1W2z5faGYOCegIWeIb,8,plain,none,mixed,1 3 3 4 5 8 16 24
881W8JdnwGm00P5C4G73dmK,8,plain,none,mixed,1 2 3 5 5 7 11 30
881W0593MQ1WWnn8w429BvC,8,plain,none,mixed,1 1 5 5 7 8 17 20
881W2n32INE6c92GSZ1KKWW,8,plain,none,mixed,1 1 4 7 7 11 15 18
881W8FSsSYC20WKkc9NaWm8,8,plain,none,mixed,1 3 6 8 9 9 11 17
881W4cAyLArg40f1Ga45P8m,8,distinct,none,distinct,1 3 4 5 6 9 13 23
881W8A1muZJX0GHA9AXeOH8,8,plain,none,mixed,1 1 2 7 8 11 12 22
881W0XGaqHcf2GGBFH8FYT2,8,plain,none,mixed,1 1 3 7 8 11 13 20
881W0Jars9a-0YJIqmI0Z4e,8,distinct,none,distinct,1 3 5 6 7 9 12 21
881WCXGSCYeb8I2DaA1PTAg,8,plain,none,mixed,1 4 6 7 7 7 15 17
881W8Z9IMcPAAGJ8VxB0ld0,8,plain,none,mixed,3 4 5 8 8 10 11 15
881W1XCap9Y6b8KB9H0qMWa,8,plain,none,mixed,3 3 4 5 11 12 13 13
881W4WXm8uAMF4ePmNi210a,8,plain,none,mixed,1 3 3 6 7 9 11 24
881W8APnJn3aQ0fKbOkZAII,8,plain,none,mixed,2 5 6 7 7 8 12 17
881W2A85kKHuA9Ire43WgQ8,8,plain,none,mixed,1 2 5 5 7 9 16 19
881W2B19IZf6H8mCieaHe98,8,plain,none,mixed,1 1 6 8 9 9 15 15
881W9AWGQF5Y5030GCYnW52,8,plain,none,mixed,1 1 3 4 5 12 17 21
881W13b5i68c25WechYHPXH,8,plain,none,mixed,1 3 3 7 7 11 14 18
881W8Y1mqW6Kf8nKdugWyUC,8,plain,none,mixed,2 4 4 5 9 9 13 18
881W831M5pK40urOlkH1LGG,8,plain,none,mixed,1 2 3 4 5 9 20 20
881WAICaHb4212I5oZ0WHn8,8,plain,none,mixed,1 3 3 4 7 13 16 17
881W1IP8avCL4WO5aHWcm82,8,plain,none,mixed,1 1 5 7 11 12 13 14
881W314kuKQ4YKaK1IYI4Z0,8,plain,none,mixed,1 2 5 5 6 12 14 19
881W0YwWcgbLm2DwayoJcL2,8,distinct,none,distinct,1 4 5 6 7 11 13 17
881W62KLd40OC4KGKQBZHPH,8,distinct,none,distinct,1 2 4 6 7 8 12 24
881W4XLIqjlXX84EmCrbMq6,8,plain,none,mixed,3 5 5 6 9 11 12 13
881W38473YFsPGe40n0Gr2C,8,plain,none,mixed,1 2 4 5 7 7 7 31
881W1EaLr8XH41JGKD2ubo7,8,plain,none,mixed,1 1 6 7 7 10 12 20
881W2fP94UH5WWAVI20y30W,8,plain,none,mixed,1 2 3 3 11 11 13 20
881W4XH6v3IiWG81z4ZtBH8,8,plain,none,mixed,1 3 5 7 9 10 10 19
881W83IVCI53KaJWcAHLB3G,8,plain,none,mixed,1 5 5 5 6 11 13 18
881W0WfcYYxTY16eEB9C9q4,8,plain,none,mixed,1 1 6 9 10 10 13 14
881W02HEaSEYvN1W121M6ja,8,plain,none,mixed,2 3 4 4 6 12 14 19
881W1eOK2QD7JaG841Eng20,8,plain,none,mixed,1 4 4 5 5 8 16 21
881W4aJ41vGdA15OJALQjog,8,plain,none,mixed,3 3 6 7 8 8 14 15
881W4cH4Zr2n22GaaoOYGKK,8,plain,none,mixed,3 3 4 6 9 13 13 13
881W1eeGO78w60K87b56IKC,8,plain,none,mixed,2 2 3 3 10 12 15 17
881W1Jd0tJg8U10JeE3nAAo,8,plain,none,mixed,1 2 3 8 9 9 14 18
881W4AoK4AC2GWmuF5OhaLA,8,plain,none,mixed,1 1 5 6 10 11 12 18
881W0aGKnOK4BA0cPi462ZA,8,plain,none,mixed,1 3 3 4 6 9 14 24
881W29YGWnaZ1GOuQKW80L6,8,plain,none,mixed,1 1 3 3 4 9 10 33
881W40igYHOaQWS8eO4B6YY,8,distinct,none,distinct,1 3 5 7 8 9 11 20
881WAG48fiBaHG3Di5JRtm8,8,plain,none,mixed,2 2 3 3 7 12 12 23
881W4A1WzLJ90W24M12GmPK,8,distinct,none,distinct,1 2 3 4 10 11 12 21
881W44XIKcL30GjuaNMR1WW,8,distinct,none,distinct,1 3 5 6 9 10 13 17
881WA2v2WSaECWXI2payTEu,8,plain,none,mixed,1 1 5 8 8 10 11 20
881W8qIT0GGqIeGU8aK518Y,8,distinct,none,distinct,1 2 4 5 6 7 11 28
881W08Whuog52GOG58liI8u,8,plain,none,mixed,1 1 5 8 8 12 13 16
881W44MFOFiGyWR4XKAgeh9,8,plain,none,mixed,1 3 5 5 9 9 14 18
881W9InSePi21WXG12G51um,8,plain,none,mixed,1 1 2 5 6 11 12 26
881W0ggAYefHO4C-qPCv7q1,8,plain,none,mixed,1 2 2 6 9 11 16 17
881W8XH3PEcY0XXuq4GofSY,8,plain,none,mixed,2 4 4 5 6 12 14 17
881W20WAHOZIXGI96rcX0WY,8,distinct,none,distinct,1 3 4 5 9 11 15 16
881W8bb42XIDCWmoGmKkNYI,8,plain,none,mixed,4 4 4 5 6 9 11 21
881W2ab5o5Kle8fff7UJ4Ne,8,plain,none,mixed,1 7 7 9 9 10 10 11
881WAIOe62H515fo8uSI0mP,8,distinct,none,distinct,1 2 3 4 6 8 18 22
881W190OggQ9e4I2ET5hf5W,8,plain,none,mixed,1 3 3 4 8 14 15 16
881W211rA4YLC8KJG46B5GZ,8,distinct,none,distinct,1 2 3 6 9 11 13 19
881W4WTGu42Wr8G9yuCI68a,8,distinct,none,distinct,1 2 3 5 6 11 16 20
881W0eGLALA2C4m91WaoP5W,8,plain,none,mixed,1 1 5 6 8 10 12 21
881W2lE6bfs0Xm5QH3Hrme0,8,plain,none,mixed,1 3 3 4 10 10 15 18
881W2GqIE2R4Ke451mpcfX0,8,plain,none,mixed,1 3 4 4 7 8 14 23
881W62qqGJT2G4C2MKOAihq,8,plain,none,mixed,1 1 4 7 9 11 13 18
881WC652CAh0X1OCD7ofGf8,8,distinct,none,distinct,2 3 5 7 8 11 12 16
881W62CWGx9OfeGFIm8CZAX,8,plain,none,mixed,1 1 2 6 7 7 11 29
881WC10WPIg9IW13a23nuwH,8,plain,none,mixed,1 2 3 6 8 10 17 17
881W1MN8eP20I8Z1A7BGgOi,8,plain,none,mixed,2 2 3 3 11 11 12 20
881W10YZKI4gWLCT8h1Xumf,8,plain,none,mixed,1 4 4 10 10 10 11 14
881W70WIDHOav0C2aYI8e2g,8,plain,none,mixed,1 1 2 5 7 12 18 18
881W2lD0mC5ogH10SY0aDA2,8,plain,none,mixed,1 3 3 4 5 8 16 24
881W0mecnGfBZ0GBE9eeGee,8,plain,none,mixed,1 2 5 7 7 13 14 15
881W4YKLU8Q1o8KKPhoAeXm,8,plain,none,mixed,1 5 7 7 8 9 10 17
881W2WpPYyoPQaGXAM2PCK0,8,plain,none,mixed,2 4 4 5 11 11 12 15
881W0IISc8mO22PzIA34XGg,8,plain,none,mixed,2 4 4 5 7 9 10 23
881W1E0ckEB30H73-oYOX1G,8,plain,none,mixed,1 3 5 6 6 11 16 16
881W0jQPuaIA2X91i8q32WG,8,plain,none,mixed,1 3 3 4 6 8 17 22
881W2EqE8K5YpA2XsAQfH0G,8,distinct,none,distinct,2 3 4 5 6 9 15 20
881W12ZN7SXXG98SaJ3ub8W,8,plain,none,mixed,1 4 7 8 8 9 11 16
881W0275289FYA3gF4IHLPi,8,distinct,none,distinct,1 3 4 6 8 10 15 17
881W4kB9QOC38A4g94HNe72,8,plain,none,mixed,1 3 3 5 7 12 12 21
881W12S8SKpUJ1AcaKXKnV1,8,distinct,none,distinct,2 3 4 6 8 10 12 19
881W8W_Zl6FQI78FGj8JIUG,8,plain,none,mixed,1 5 6 9 10 10 11 12
881W4EIkWPM8aB0KS2XrtGO,8,distinct,none,distinct,1 4 5 6 8 11 12 17
881W4K7dOfLg641GGZYnBGP,8,plain,none,mixed,1 2 4 9 9 10 14 15
881W0WLKIAcbIv4Y84aaduG,8,distinct,none,distinct,1 4 6 7 9 10 12 15
881W0494gRb8aYes96392P8,8,distinct,none,distinct,1 3 4 6 8 11 14 17
881W2gm4PHI8WcHFLynoqpG,8,plain,none,mixed,1 5 7 7 8 8 11 17
881W220fS7f4HKeCshM8eA8,8,distinct,none,distinct,2 3 5 7 8 10 11 18
881WC2v4I5s6WMeIep4K18f,8,plain,none,mixed,1 1 5 5 9 10 11 22
881W0mK8y1GPA4OB9YoKgCW,8,plain,none,mixed,1 3 3 4 8 13 14 18
881W4IGcJ9g088SEM84sOMa,8,plain,none,mixed,2 3 3 7 7 8 10 24
881W31ud2nIA4iGOA1yaGYW,8,plain,none,mixed,1 1 4 7 9 10 15 17
881W2P52qILeeW64U0WP2i5,8,plain,none,mixed,1 1 1 3 10 13 16 19
881W0btTm2ZTWOpYaiOXbH2,8,plain,none,mixed,1 1 5 6 8 8 9 26
881W91bI21B6i15Zx5GOKZY,8,plain,none,mixed,1 3 4 4 6 9 10 27
881W18nIATvqA1AZC50cBe9,8,plain,none,mixed,2 3 3 8 10 10 12 16
881W0WIpHeC3b8YaH4KI50O,8,plain,none,mixed,1 1 4 7 7 9 12 23
881W4KofBbMdS4H7YSIaGc8,8,plain,none,mixed,1 5 5 7 7 13 13 13
881W6H8IE42sD61118YWnaK,8,plain,none,mixed,2 3 3 5 8 10 10 23
881W18Z94ALofH4SM840CB1,8,plain,none,mixed,1 3 3 6 8 9 15 19
881W2c4v2MQUC68vuab5oem,8,plain,none,mixed,3 4 4 8 9 11 11 14
881W4S0H2KL1OffgJ9ZXg41,8,plain,none,mixed,1 3 3 5 6 9 11 26
881W6AxHeI262X4A3Hr4J8a,8,plain,none,mixed,3 3 4 5 6 8 12 23
881W2f8oG7i460851F14JGK,8,plain,none,mixed,1 1 2 4 5 15 17 19
881W11eeMmuSKmG24uG3cL4,8,plain,none,mixed,1 1 4 4 6 8 15 25
881W22A8W42nmPmei62gQ54,8,plain,none,mixed,1 2 3 5 5 15 16 17
881W2M9qC4GuuXB1eeLhO24,8,plain,none,mixed,2 3 4 4 7 8 15 21
881W1GmySFaI710XG317GG2,8,plain,none,mixed,1 1 1 5 10 13 16 17
881W91uIHv9Y9a98bDKa9GA,8,plain,none,mixed,1 2 4 9 9 12 12 15
881W4I5T7AP0c8OJA650d0u,8,plain,none,mixed,1 1 3 7 9 13 14 16
881WA5Wn6JUG814SBGYn8C5,8,plain,none,mixed,1 2 2 5 10 11 16 17
881W424I2aT528K0J8dxr9K,8,plain,none,mixed,1 2 2 6 9 9 11 24
881W2BL2WICiKY13K3X-F8K,8,distinct,none,distinct,1 2 3 4 8 11 12 23
881W0W7RgZ84BHGa42LDMg6,8,plain,none,mixed,2 2 4 4 7 9 18 18
881W0e9GczVN1048GgN7w44,8,plain,none,mixed,1 2 3 7 8 13 13 17
881W4RWn89pPL8GKQIPaeD8,8,plain,none,mixed,1 5 6 6 8 11 13 14
881W26PaIL88G572iA4aGkM,8,plain,none,mixed,1 3 4 4 9 10 13 20
881W1L7WG8YGfEYHGn0GE4e,8,plain,none,mixed,2 3 3 3 4 7 19 23
881W51Wed8Y1KaYGaF7GeY4,8,distinct,none,distinct,1 2 3 5 11 12 14 16
881W4Nc296x6QY4KOKrYB2c,8,plain,none,mixed,1 3 3 5 8 9 16 19
881W028JkBbMWoJHLAI0pn2,8,plain,none,mixed,1 5 7 8 9 9 9 16
881W28G3998O10qB6oA31vY,8,plain,none,mixed,1 1 4 5 5 7 18 23
881W2IP3127eP0oJnf4KnIA,8,plain,none,mixed,1 3 6 6 6 7 13 22
881W39agDhJiY8G117aGaKY,8,plain,none,mixed,2 5 6 7 7 8 10 19
881W90miAieJe6CE5DOH5IY,8,plain,none,mixed,1 2 2 6 8 11 16 18
881W19Bv88Kn0GqaAQYQA92,8,plain,none,mixed,1 1 7 8 9 9 11 18
881W0e84Huj14WEA24YLJeW,8,plain,none,mixed,1 2 3 3 8 10 15 22
881W30WJ9b8Yi8e97p0WSMW,8,plain,none,mixed,1 2 2 9 9 11 14 16
881W211XGituaGWIH31GmK8,8,plain,none,mixed,1 5 5 7 8 9 9 20
881WA2H9Jb4jiqfI8pu18GI,8,plain,none,mixed,2 2 4 5 9 12 12 18
881W805rBIg9370xGCHWn9H,8,plain,none,mixed,1 1 1 6 10 13 14 18
881W532AZWnP8yGvWuKHKOW,8,plain,none,mixed,1 2 6 7 7 7 12 22
881W0pUYfIH94WYqWC5GXHG,8,distinct,none,distinct,1 2 3 6 9 10 15 18
881W0nJekZ1GeeeeGK9C8kG,8,plain,none,mixed,1 4 4 5 8 9 12 21
881W4QWG45Le40aKQChqe52,8,plain,none,mixed,1 2 3 6 8 12 16 16
881W912Agt8dWQGqOyafiWW,8,plain,none,mixed,1 1 7 10 11 11 11 12
881W1kH8IC29524YfHn1WXG,8,plain,none,mixed,1 2 5 5 8 11 13 19
881W0um8Onea5299aq70YK6,8,plain,none,mixed,1 2 3 6 6 13 13 20
881W0eODIujOH0ORAWmPMS8,8,plain,none,mixed,1 3 4 7 7 8 9 25
881W90iGa2feiMOE8462YSX,8,plain,none,mixed,1 1 4 7 7 12 13 19
881W2iG434f4Ir94Y11geZ4,8,plain,none,mixed,1 1 4 6 9 10 11 22
881W2WquIZiAM48A6v2bYEg,8,plain,none,mixed,3 4 4 4 8 12 14 15
881W0QfKZZjb0I5EappfA8G,8,plain,none,mixed,1 7 7 7 9 10 10 13
881W6L0KKZdnnXJ52kXX7HY,8,plain,none,mixed,2 3 3 9 10 10 12 15
881WCWXpZkN4XWXIKalBXGG,8,plain,none,mixed,1 4 7 8 8 11 11 14
881W0t9CKnOYHD5CDSE0WYG,8,plain,none,mixed,1 1 6 7 8 10 15 16
881W2A5Yvgf948GEo41OSD2,8,distinct,none,distinct,1 4 5 6 7 9 14 18
881W0ajZEqKK8I4qNcUgsg6,8,plain,none,mixed,1 4 5 6 9 11 14 14
881W55YbPK45Y19CXdLIao9,8,distinct,none,distinct,1 3 4 7 9 11 14 15
881W8KBB6L4OC0GQJ9531OP,8,plain,none,mixed,4 4 4 5 7 9 11 20
881W498Y33XGKHIeq631VWI,8,distinct,none,distinct,1 3 4 5 9 10 12 20
881W4A1WeF4YraA4M42feZG,8,plain,none,mixed,1 1 4 8 11 11 12 16
881W4XMe2XB1Gemqv0WjU0W,8,plain,none,mixed,2 2 3 4 6 11 16 20
881W1XAJhPg1KH099_wLD8G,8,plain,none,mixed,1 5 6 6 8 11 11 16
881W8xHSgZGP0G78W83ORCa,8,plain,none,mixed,1 1 6 7 8 9 9 23
881W9XmXXgOX8W5GlGaGuKJ,8,distinct,none,distinct,1 2 3 6 7 10 12 23
881W8043jlBe12GN6X2GWT6,8,plain,none,mixed,1 2 3 3 5 7 16 27
881W2J5boH70WMX8M0WWNYG,8,plain,none,mixed,2 2 4 5 5 11 17 18
881W4IGKLXJhAa2ALiYdea8,8,plain,none,mixed,3 4 7 8 8 9 11 14
881W09BH8O2XWhH8w74ABAb,8,plain,none,mixed,2 2 3 7 8 12 14 16
881W14IPwTnOP6O58XS9SmO,8,plain,none,mixed,2 3 4 5 8 10 16 16
881WA8abteC20iLMaQH11IG,8,distinct,none,distinct,1 2 3 5 10 11 12 20
881W0dwSWkZHC63TIoJ2AbO,8,plain,none,mixed,1 4 4 4 8 11 14 18
881W0YCqIS0Is0I8ovhnsCc,8,plain,none,mixed,1 1 5 9 10 10 14 14
881W32ArIM5AE4aecfB5AL8,8,plain,none,mixed,2 4 6 6 9 11 12 14
881W4Y12GIVFw4O9A2HaMDq,8,plain,none,mixed,1 3 4 4 6 10 14 22
881W0MHIf8aKQNH85246548,8,distinct,none,distinct,1 3 4 5 7 10 13 21
881W80bfCRIMC5fhgwcWGPe,8,distinct,none,distinct,1 4 5 6 8 10 13 17
881W852KgxQIHGHIYBb2KE3,8,plain,none,mixed,2 3 5 7 8 10 10 19
881W1isOeBY5230G53Z8KIb,8,distinct,none,distinct,1 2 3 8 11 12 13 14
881W2J8OHfPPCAH3IaKJGwO,8,plain,none,mixed,1 4 4 6 7 10 14 18
881W25QqaX4aCg2SBiK5XEa,8,plain,none,mixed,1 1 5 7 7 9 13 21
881W6EhD3ViX6Y0P1I4ng8K,8,plain,none,mixed,1 2 4 7 7 10 14 19
881W11fYqah4WOA9IR0Htv4,8,plain,none,mixed,1 1 7 8 9 10 12 16
881W3KWCochKQ19Cf2b1h3e,8,plain,none,mixed,2 4 6 6 7 9 15 15
881W0Lm_uy96Wb9GYmor5YG,8,plain,none,mixed,1 5 7 8 9 9 10 15
881W5KRQG4eKAKb2QBA15Ye,8,plain,none,mixed,2 4 4 4 4 5 17 24
881W1OrmQC93b0cII4biWWm,8,plain,none,mixed,1 2 3 9 9 11 11 18
881W225p4oLWfec3lg390la,8,plain,none,mixed,1 3 3 5 11 12 14 15
881W23119Y110of8S61OWGO,8,plain,none,mixed,1 1 2 4 7 13 17 19
881W38aA2MBQ30OF0Gb1eaa,8,plain,none,mixed,1 2 2 5 8 8 13 25
881W0OG8YTOC20YK230bImO,8,plain,none,mixed,1 1 2 4 6 7 20 23
881W0GD3u0812XgjB3YXHfK,8,plain,none,mixed,2 2 3 3 8 14 14 18
881WCa4mG2ymIG7bH75cN4e,8,distinct,none,distinct,1 2 4 7 10 12 13 15
881W12vYIBTZI292QX4ybi6,8,plain,none,mixed,1 2 4 7 11 11 12 16
881W31SY5fEIz0I41NBI6S9,8,plain,none,mixed,1 1 4 8 8 9 16 17
881W0OJnmDf2WnW8J5rqW98,8,plain,none,mixed,1 1 3 3 12 14 15 15
881W43iEYRAoE0YGRs7nA8n,8,plain,none,mixed,1 1 8 8 10 10 11 15
881W0uXPXenp40aJLfUmI4G,8,plain,none,mixed,1 1 3 4 8 11 15 21
881W4Xi395a2fHmmu5CYQK7,8,plain,none,mixed,1 1 5 5 9 10 16 17
881W4PE51GtQr18eo1WW4aa,8,distinct,none,distinct,1 2 3 5 6 10 11 26
881W0etmW8fgrH0IN5CW48e,8,distinct,none,distinct,1 2 4 7 8 10 11 21
881W0WE17n4E4L8A6Z1bLhC,8,plain,none,mixed,2 3 3 4 5 7 16 24
881W0PakA2nj8aA20qTLHSG,8,plain,none,mixed,2 3 5 5 7 7 8 27
881W4n8eSKI10eC4a41E50W,8,plain,none,mixed,1 1 2 4 9 13 14 20
881W44BPP5b3b0JWOBWBIvG,8,plain,none,mixed,1 1 3 5 5 14 15 20
881W0Y8fLeF1-2X5H31l4aP,8,plain,none,mixed,1 1 2 8 10 12 13 17
881W2HI_eiC6288WUX4512n,8,plain,none,mixed,1 2 2 6 9 9 11 24
881W1bGIAA2UR62YGRqAriG,8,plain,none,mixed,3 3 5 6 7 8 13 19
881W10j8gTHAH8cML9A7P10,8,plain,none,mixed,1 5 5 5 8 10 15 15
881W61nHp0X292Z9GsfIned,8,distinct,none,distinct,1 2 3 7 8 10 12 21
881W3FmeCEHGuX54I65iA24,8,plain,none,mixed,1 4 5 5 7 12 14 16
881W2GHLKqvNd04HKSlfZHY,8,distinct,none,distinct,1 2 7 8 9 10 13 14
881W0meTJIkNCOY84bAAmg8,8,distinct,none,distinct,1 3 4 5 7 13 15 16
881W4H6Y8dGXWn8Qj6Wmg1G,8,plain,none,mixed,2 2 2 6 7 9 9 27
881W2E6esUAWG05Iu72IvYH,8,plain,none,mixed,1 3 5 6 9 11 11 18
881W0oM8OIsmYGWsjnRyI4e,8,plain,none,mixed,1 3 3 8 10 12 13 14
881W0W90I98uS5mwE10aHgm,8,plain,none,mixed,2 2 3 5 7 7 15 23
881W0JmiK2I9A1AWWwPc0WJ,8,plain,none,mixed,1 1 2 5 7 8 20 20
881W4aB7fChoE0JW7WYLH4X,8,plain,none,mixed,1 5 5 5 9 11 11 17
881W0H4YIqA6zWG55I9SabX,8,plain,none,mixed,1 3 5 6 7 13 13 16
881WA10Wu67vyAWI5518GA4,8,distinct,none,distinct,1 2 3 4 9 11 12 22
881W4Wp0yH0mUGebqS51aYK,8,plain,none,mixed,1 4 5 5 7 7 14 21
881W0GFIOi4IzXAOS94AA2K,8,plain,none,mixed,1 4 4 5 7 10 13 20
881W1HdeYQXVGMbXh2LHEMa,8,distinct,none,distinct,2 3 4 5 9 11 14 16
881W006KYQHAb12KC5aobZH,8,plain,none,mixed,1 3 7 7 8 9 11 18
881W896VJigY1X90ZCp2Xi2,8,plain,none,mixed,1 1 3 7 7 11 15 19
881W92HqII8bN4ZGK4SIuI8,8,plain,none,mixed,1 5 6 7 8 11 11 15
881WCYXYK65dH8319BOnGWW,8,plain,none,mixed,1 3 4 6 6 13 14 17
881WCMY8WG2v50CKOCQcJDa,8,plain,none,mixed,1 2 2 6 7 10 12 24
881W5KKEHI5EU1HA2dBXB2A,8,plain,none,mixed,2 3 5 5 8 12 12 17
881W6525c20WW9H88C62yMB,8,plain,none,mixed,2 2 3 3 5 10 14 25
881W04EwzVoKHZ4qJeXAMK8,8,plain,none,mixed,1 4 6 6 8 10 11 18
881W9CD6kWbw208l7YhKma8,8,plain,none,mixed,1 2 5 6 7 14 14 15
881W5CG48AceG5B632hZGB8,8,plain,none,mixed,1 3 3 4 6 14 14 19
881WC1SXF8aaGkGOjpQYoWb,8,plain,none,mixed,1 1 8 8 9 11 12 14
881W4A73H9CYnKKYA0WG8J0,8,distinct,none,distinct,1 3 4 6 7 8 10 25
881W1GQiz512i0WnKaeoqYB,8,plain,none,mixed,1 3 3 7 9 10 15 16
881WAaoPxCY670289HX1WGK,8,plain,none,mixed,1 2 2 6 10 11 15 17
881W0mf7B45oE40PSlDYf88,8,plain,none,mixed,1 3 3 6 6 10 12 23
881W39YzYH2gfb68A1YwG50,8,plain,none,mixed,1 1 3 7 9 12 13 18
881W93YitCQEEOPuY9nA0II,8,plain,none,mixed,3 3 4 6 6 10 16 16
881W2WeIagjPCGK4DK6U94P,8,plain,none,mixed,2 3 4 6 6 10 16 17
881W4Y19aIDL10OK4ZncB5a,8,plain,none,mixed,3 3 6 7 7 11 12 15
881W29dWmaKimGmX5RWG8Ab,8,plain,none,mixed,1 2 4 4 9 9 11 24
881W2Iw84M40mHaYtA8YOE7,8,distinct,none,distinct,1 2 4 5 6 13 16 17
881WAMb7vz9K41W5Y4Dcez4,8,plain,none,mixed,2 4 5 6 7 7 14 19
881W1AT03oaGh4eSqxbq5o8,8,plain,none,mixed,1 1 1 4 7 8 17 25
881W8YH54K42D8JOI9511Yo,8,distinct,none,distinct,1 2 3 6 7 10 16 19
881W3H4XA9fIk8IGBs21MGX,8,plain,none,mixed,1 1 3 7 10 12 14 16
881W4XGeFpJp8qG6bEKe8e8,8,plain,none,mixed,1 5 6 7 9 10 13 13
881WD0aGIEa52G5215Z9m9e,8,plain,none,mixed,1 1 4 4 5 14 15 20
881W390YfW9qa8YT8494sKq,8,plain,none,mixed,1 1 3 7 7 9 14 22
881W1WrfueT1UXWZ6BYaA2Y,8,distinct,none,distinct,1 4 5 6 9 10 11 18
881W1L1UoHGZfYCc5S2I6dW,8,plain,none,mixed,1 2 6 7 9 9 13 17
881WC5FG84H49W4MwrScA4X,8,plain,none,mixed,1 4 5 5 7 12 13 17
881W0mn6eaI91HGb6ZEB2XW,8,distinct,none,distinct,1 2 5 6 7 8 15 20
881W6X73Yr3BaR16L2GaMWW,8,distinct,none,distinct,1 2 4 7 8 12 13 17
881W114qy66OI4GBDL4JuVe,8,plain,none,mixed,1 1 7 7 11 11 12 14
881W4IYffA5InLGGS4F406S,8,distinct,none,distinct,1 2 4 6 8 10 13 20
881W0qQA40i092g53WWHfqL,8,plain,none,mixed,1 2 3 4 4 5 14 31
881W05AjOJgf530gKOVr8mK,8,plain,none,mixed,1 4 4 8 8 12 13 14
881W4EJ8K7aqHGXG9Z1acG2,8,distinct,none,distinct,1 2 4 7 10 12 13 15
881W2H6YlIa0aHAK85Xn2GC,8,plain,none,mixed,1 1 5 5 8 13 14 17
881W20WLK99899elMy63u62,8,plain,none,mixed,2 3 4 6 6 7 17 19
881W0G5ANEBQGX6WRAKJJU9,8,plain,none,mixed,1 3 5 7 7 12 13 16
881W4KA844zfCGf4111wHCf,8,plain,none,mixed,3 4 4 4 7 9 10 23
881W4XKqWe8B2WK5laa21XG,8,plain,none,mixed,3 3 3 5 5 6 12 27
881W4BYqOFBK60WXZGaIWfI,8,plain,none,mixed,1 1 5 6 11 11 14 15
881W4XnnE64g8CMGm5Sf4SC,8,plain,none,mixed,1 1 4 5 8 12 14 19
881W0c9KoI8RAX97OkXCqA4,8,distinct,none,distinct,2 3 5 6 7 12 14 15
881W2fIKYfHAWHGH4fszJ0W,8,plain,none,mixed,2 2 4 6 8 11 15 16
881W27YCJvoVWGb9pKMoGWA,8,plain,none,mixed,1 2 5 8 11 12 12 13
881W0H6535T540KbHvTMpWO,8,plain,none,mixed,1 4 4 5 6 11 16 17
881W5hmIGuDt4WA8Gr0sB8I,8,distinct,none,distinct,1 2 3 5 9 11 16 17
881W4XD8eLDvi8YIo0ZkY6a,8,plain,none,mixed,1 4 4 7 7 11 14 16
881W422aKtRI8HmYK2mPbAa,8,plain,none,mixed,1 4 5 7 7 7 14 19
881W2B5KqCE910QEYCp1110,8,plain,none,mixed,1 3 4 7 7 9 10 23
881WA368M4ei995nAh510Va,8,distinct,none,distinct,1 3 4 5 9 11 15 16
881W4a9ncp228abcHCscGWI,8,plain,none,mixed,1 2 7 7 8 11 13 15
881W098aymY2DIJ4e2YXtQg,8,distinct,none,distinct,1 3 4 5 9 11 14 17
881W0Gdpf4sz1989H5OSE8A,8,distinct,none,distinct,2 3 5 7 8 12 13 14
881W50oaHM4UE10Ikv92Hef,8,plain,none,mixed,2 2 3 7 8 12 15 15
881W4XGqg70SE8WIa65YGgG,8,plain,none,mixed,1 2 5 6 8 8 10 24
881W291HeFBua8YAU44Ib5a,8,plain,none,mixed,1 1 7 8 9 11 13 14
881WA0iAvY9OSIGE8I72E3C,8,plain,none,mixed,1 3 5 5 7 12 14 17
881W8iYao4g2IW4I6hiE7Kc,8,plain,none,mixed,2 5 5 6 7 10 11 18
881W0S3-Kg88gEGVM822Uia,8,plain,none,mixed,1 2 3 6 6 8 17 21
881W6G48SYGWqecOi22AR84,8,plain,none,mixed,1 1 3 5 6 12 18 18
881W0h632GibeX2foGeGCwI,8,plain,none,mixed,1 3 6 7 7 7 8 25
881W2V0WGL8X1X52K2GmQOC,8,plain,none,mixed,1 1 2 5 10 11 13 21
881W1I31GZfMWX4MeonOIH2,8,plain,none,mixed,2 2 5 6 7 10 10 22
881W3AaotXYI1WeOq8oWmW2,8,plain,none,mixed,1 3 3 6 9 10 14 18
881W4ndJgs4aYa8Wp18egeL,8,plain,none,mixed,1 4 8 8 10 10 10 13
881W0mG3qhaPv0eJDYXFPo2,8,plain,none,mixed,1 1 2 9 10 10 12 19
881W8mqwSWbKH70iNYeGoUO,8,plain,none,mixed,1 4 5 8 10 10 11 15
881W2iNbul4aOW1adiKWnoQ,8,plain,none,mixed,1 4 4 5 8 12 14 16
881W52HAK84C50429Y93Xme,8,plain,none,mixed,2 2 3 4 7 10 15 21
881W0dcFfzOoKP5HLn666q4,8,plain,none,mixed,1 4 5 7 9 9 11 18
881W2L28CXnLB0n2XO_Km09,8,plain,none,mixed,1 3 3 3 5 6 19 24
881W0KIAnOCH9AWG94o612i,8,plain,none,mixed,2 2 3 4 5 13 14 21
881W0deuV8eQ2P51JKPAcX2,8,plain,none,mixed,1 2 3 7 7 9 17 18
881W2oAqD14FW94JufHrq0O,8,plain,none,mixed,1 1 1 7 8 9 16 21
881W48i8o9C210KAhL6YIWm,8,plain,none,mixed,1 2 6 6 7 10 13 19
881W0WLfGq32euGKK6oYPF4,8,plain,none,mixed,3 4 4 5 6 13 14 15
881W290meQ62C8G9A-PyE41,8,plain,none,mixed,1 3 4 5 9 9 11 22
881WCcB2aA98aKWY610b1WH,8,distinct,none,distinct,1 2 3 6 10 11 14 17
881W4eKC58I0qg74231OfmW,8,plain,none,mixed,1 2 2 3 7 11 16 22
881W20m9p4gP9WuN5qd5YX1,8,plain,none,mixed,1 4 6 6 10 10 13 14
881W3YIl5UKiAH2Sx28XL68,8,plain,none,mixed,1 5 6 7 9 12 12 12
881W8oHv7Cz584DSCgoaui2,8,plain,none,mixed,1 1 2 9 9 12 14 16
881W1a4Lw8s1h1fAfp4EBKD,8,plain,none,mixed,1 1 5 7 8 13 14 15
881W50Y0KIwgY0Ovzy2maUB,8,distinct,none,distinct,2 3 4 5 7 10 15 18
881W0SGbqm5Eg2AoQh5b53Y,8,distinct,none,distinct,1 3 6 7 9 10 11 17
881W0m931L1XKfAy211KnGG,8,plain,none,mixed,1 1 5 5 5 9 14 24
881W0HmQ51HINA93X8A4u8g,8,plain,none,mixed,1 2 2 6 6 7 12 28
881W0eCCYbfY9GCED6Ys5E8,8,plain,none,mixed,2 3 6 6 7 7 14 19
881W4WGKK9QzYcJC454Ji64,8,plain,none,mixed,2 4 4 5 9 11 14 15
881W39WWGa9ZGWAD5g0uC94,8,plain,none,mixed,1 2 2 5 8 11 13 22
881W2vWWYnF10mO4998OIWG,8,plain,none,mixed,1 1 1 3 11 12 14 21
881W800mK9jKC30XJE11uaP,8,plain,none,mixed,1 1 1 3 6 14 17 21
881W0miWaC4bGWOCBk_gK1W,8,plain,none,mixed,1 2 3 6 6 9 14 23
881W0s5116b9124xbpvGI8m,8,plain,none,mixed,3 3 3 4 6 11 14 20
881W8iGG864a8b843XrGOD4,8,plain,none,mixed,1 2 4 4 8 9 16 20
881W059IfPH2125agEXGpPa,8,plain,none,mixed,2 3 4 4 8 13 13 17
881W96HAmODXW55290e9Gid,8,plain,none,mixed,1 2 2 3 9 9 15 23
881W82JPnlHuam9W455DIr4,8,distinct,none,distinct,1 3 6 7 8 10 13 16
881W0fGZAm60Gwb6dF4Q9n8,8,plain,none,mixed,1 1 5 7 8 10 12 20
881W1H8yHCMA112cJKb1Wm8,8,plain,none,mixed,2 5 7 7 7 7 11 18
881W0X89iMiT8HavGnwcKA8,8,plain,none,mixed,1 2 6 6 8 13 13 15
881W0X467rg6Y0O83PTR0f8,8,distinct,none,distinct,1 2 3 4 7 8 18 21
881W29COMAneM8052SA6fuG,8,distinct,none,distinct,1 3 4 5 6 9 17 19
881W9K62nj9IWGoD9X9aYOY,8,plain,none,mixed,2 3 3 5 6 10 13 22
881W4Hb88N636W85-cF4GHe,8,plain,none,mixed,1 1 6 7 8 13 13 15
881W4KLwm42WmYGemQAyQ2H,8,plain,none,mixed,2 4 4 5 5 7 18 19
881W31Kdbm2mWGGKE39pnL4,8,plain,none,mixed,2 3 6 9 9 10 10 15
881W24KJZH34YBIH3HkXKH8,8,distinct,none,distinct,1 2 3 8 9 10 11 20
881W4Jx22NaYHHeKKJ4abe8,8,plain,none,mixed,1 5 6 8 8 9 11 16
881W4JeMaTgyma41TLXP8oY,8,plain,none,mixed,3 4 5 5 8 10 13 16
881W584S4IPCaG85aI71H84,8,plain,none,mixed,1 2 2 3 9 10 13 24
881W4Wi64BEcECI8cGyh6KO,8,plain,none,mixed,1 3 6 6 7 8 13 20
881W1WATGrvuOH834cSjCG9,8,plain,none,mixed,1 3 3 6 7 10 16 18
881W10iFKQMyYWKT90iyGb4,8,plain,none,mixed,3 3 5 6 6 10 12 19
881W8BH9eba42Gf8X96aMID,8,distinct,none,distinct,1 2 3 6 8 13 15 16
881W1Ho2XWpo50GxHmac98I,8,plain,none,mixed,2 3 3 6 6 10 12 22
881W1YTCeKifX56YeLo1EAe,8,plain,none,mixed,1 6 6 7 7 8 11 18
881W540WHPAaYG9aqH0G8KQ,8,plain,none,mixed,1 2 4 6 6 9 11 25
881W0UgCaaSA720yXn510XG,8,plain,none,mixed,1 1 4 5 8 10 13 22
881W86X94w2mO99KaH4n8gI,8,plain,none,mixed,2 2 3 5 9 12 14 17
881W0dYz2qc1434ddcQYHOa,8,plain,none,mixed,1 5 6 8 8 8 13 15
881W4pALLf02IADc3z8XmKI,8,plain,none,mixed,2 4 5 5 8 11 11 18
881W2cIWJFHKgweYm11A1ge,8,distinct,none,distinct,1 2 4 5 6 7 18 21
881W0eG5SaCeY4WF65XJiRC,8,plain,none,mixed,1 4 6 7 7 10 10 19
881WAE57x0AHWWagc51Of4C,8,distinct,none,distinct,1 3 4 5 8 10 16 17
881W22B2TLbBY1MOgYYepH4,8,plain,none,mixed,1 3 5 6 9 9 14 17
881W4Ge8wPGmUKaLeJ6YKWK,8,plain,none,mixed,1 3 5 6 8 12 12 17
881W2j2H94nOqeH4Y90i64K,8,plain,none,mixed,2 2 2 5 6 11 15 21
881W48W5GGjBWWo2cKsBGfO,8,plain,none,mixed,1 1 1 7 11 11 13 19
881W51b4YT8f1W22q9Lov10,8,distinct,none,distinct,1 2 3 7 9 11 14 17
881W1f94DFO420eIQN0bIGG,8,plain,none,mixed,1 2 5 8 8 9 10 21
881W0mIA2rI4WHoB211noXW,8,plain,none,mixed,1 2 2 4 6 12 15 22
881W6agGWE3GUK1HCL7NCWK,8,distinct,none,distinct,1 2 3 4 7 9 15 23
881W951IPTUPIO8ZDP080Sa,8,plain,none,mixed,2 4 4 5 7 9 10 23
881W5aH2J53H313X82OIHeA,8,distinct,none,distinct,1 2 3 4 8 11 17 18
881W0WNYfOWaWz4o2lKaQA8,8,plain,none,mixed,1 1 6 6 8 13 14 15
881W11PGnOy4a887ISgJ6X4,8,plain,none,mixed,1 4 4 5 9 10 13 18
881W2PSeEdJ5A8G20qP2Ocm,8,distinct,none,distinct,2 4 5 6 7 9 10 21
881W0MJGaoSZ16HI95ciK62,8,plain,none,mixed,2 5 6 7 8 8 11 17
881W91ZWH8raH4jWff0W8AO,8,plain,none,mixed,1 1 4 6 6 10 14 22
881W3aoV9KZOP4P7bYWn960,8,plain,none,mixed,1 1 6 9 10 12 12 13
881WC4gqm4sKm4EHbR2nMF8,8,plain,none,mixed,1 4 5 7 10 11 13 13
881W08B8D5As4H0nA5mww4S,8,plain,none,mixed,1 1 2 7 9 11 14 19
881W2394GE4g2Z1ZP5J1ID6,8,plain,none,mixed,2 2 4 4 12 13 13 14
881W28eol9QIe8A3Fv5J78B,8,distinct,none,distinct,1 4 5 6 8 10 14 16
881W610yHcK828GBb933GgD,8,plain,none,mixed,1 1 2 5 11 13 14 17
881W2OjCAIeSAGaHKQ70KQY,8,distinct,none,distinct,2 3 4 8 9 10 12 16
881W0GOGAfCgI8O722MF484,8,plain,none,mixed,1 1 5 6 7 11 12 21
881W1YviaI4br2113iIHN9a,8,plain,none,mixed,2 2 4 5 8 10 14 19
881W12ebQRbAYWc8omdR298,8,plain,none,mixed,1 4 6 7 10 10 12 14
881W617JkEH1GOGct8WveX0,8,plain,none,mixed,1 1 3 7 9 14 14 15
881W8CI8Up4ruM8OBZJr680,8,plain,none,mixed,1 1 4 8 9 12 14 15
881W1OWGof68A8mVB0YnQE4,8,plain,none,mixed,1 2 3 7 7 10 15 19
881W2D1iOK3XmKfqc32AGZG,8,distinct,none,distinct,1 2 4 6 8 13 14 16
881W4FWGOMvyoM2aKK8aoM0,8,plain,none,mixed,3 3 4 4 6 12 13 19
881W8H8uSL1emSF4a44ZWYG,8,plain,none,mixed,1 1 7 7 9 10 12 17
881W4HGGOh9ozWA8dC5C4GD,8,plain,none,mixed,1 2 6 8 9 9 13 16
881W4DeYic4L20XyJLcANAN,8,plain,none,mixed,1 4 8 9 10 10 11 11
881W5Pq5GC6IWmW8aEIN9aK,8,plain,none,mixed,3 3 4 5 7 12 14 16
881W18JpAY93HG4cA9j-Bo9,8,plain,none,mixed,3 3 5 7 9 9 13 15
881W8kvOkm8KK0GbWG92YcL,8,plain,none,mixed,3 3 3 5 6 7 7 30
881W0eKiyH275XCdQ3Y0XeK,8,plain,none,mixed,2 3 4 7 7 10 13 18
881W10IPMb1WeH8846DZH4X,8,plain,none,mixed,3 3 3 6 7 10 14 18
881W38eID4290W621GX13We,8,plain,none,mixed,1 1 2 3 7 9 18 23
881W45JHIkn8QCXXOLF5AH6,8,plain,none,mixed,2 4 4 6 8 10 11 19
881W8Q0mn8bWmG52T92X6gH,8,plain,none,mixed,1 1 3 6 11 12 14 16
881W1bIGmWo8eMYyML4mOC8,8,plain,none,mixed,2 4 5 6 7 7 12 21
881W2C6CFFp8K99If7WY88m,8,plain,none,mixed,1 2 3 4 11 11 12 20
881W1I0WUd1I20O8qoYn2fI,8,plain,none,mixed,1 2 2 5 12 13 14 15
881W22Kb2nLPSW0Ow8aMQBX,8,distinct,none,distinct,1 3 6 8 9 10 13 14
881W0ADAc91GugXG431hIi1,8,plain,none,mixed,3 3 4 4 5 9 17 19
881W20GfQIz8q4GKDPFX4ME,8,plain,none,mixed,1 3 7 7 8 12 13 13
881W2nOGFK5yw4E45B2Ybee,8,distinct,none,distinct,1 2 4 8 10 11 12 16
881W14YWC21YE30H8iZG8C5,8,plain,none,mixed,1 1 1 3 9 10 19 20
881WC2fEeA1GeeH8aH7f33K,8,plain,none,mixed,1 3 4 7 9 9 14 17
881W2416x9A1711Xd5n0X8i,8,plain,none,mixed,1 2 2 4 4 15 17 19
881W1IE9SJv3A8KabqHIWBg,8,plain,none,mixed,1 3 6 8 8 10 12 16
881W3IcJDBAI9GScYIYW6Q4,8,plain,none,mixed,1 2 5 7 7 11 11 20
881WA20icb8rA11ix5ZA466,8,distinct,none,distinct,1 2 3 6 9 11 12 20
881W4oGaedF7WqA9U2I7aA4,8,distinct,none,distinct,1 2 6 8 9 10 11 17
881W062LXn93vcH4PC2HLqY,8,plain,none,mixed,2 3 5 6 9 9 14 16
881WDXSeforD10J1BHJn3W4,8,plain,none,mixed,1 1 3 7 10 10 15 17
881W94bEBKp0W5aKSE2IKR4,8,plain,none,mixed,2 4 7 7 7 8 12 17
881W924MS4E21CLAMCkMgsA,8,plain,none,mixed,1 7 8 9 9 9 10 11
881WBBboXH98oO13K610uI1,8,plain,none,mixed,2 2 3 3 11 14 14 15
881W23LgBKLMiY76Ct8f4J4,8,plain,none,mixed,1 5 5 6 9 10 11 17
881W3XBY484Q10cW87BaH8M,8,plain,none,mixed,1 1 1 6 8 14 16 17
881W10uHeuI5eIBJZJaC94X,8,plain,none,mixed,3 4 5 5 7 7 13 20
881W4nIAf53KK8Gvr2YGQPY,8,plain,none,mixed,2 5 6 8 9 11 11 12
881W0WGJ8Ci1qqQK96aYPAO,8,plain,none,mixed,1 3 7 7 9 10 12 15
881W4mqyIzlX4WA8XQ2YAGa,8,plain,none,mixed,1 3 5 8 8 12 12 15
881W8WzXIL911I8SJBuQIWm,8,plain,none,mixed,1 2 5 5 9 13 14 15
881W5Gm0OvG48WeQgsL4W87,8,plain,none,mixed,1 1 2 3 5 7 20 25
881W0WSao5oE1GeH58rCYeu,8,plain,none,mixed,2 3 3 4 6 14 15 17
881W2WbOH2Q4Z4aKI_1tdoG,8,plain,none,mixed,1 5 7 9 9 10 11 12
881W20dJaoCua8Wc2HYnKj4,8,distinct,none,distinct,1 3 6 8 9 10 11 16
881W212WhN8bHOYXP4meWeC,8,distinct,none,distinct,2 3 5 6 7 10 12 19
881W3YeOlZ46WXCgebb-GW8,8,plain,none,mixed,2 3 5 8 10 10 11 15
881W0Yj0IniK8GI5kHioUdu,8,plain,none,mixed,1 5 5 6 7 11 13 16
881W8ZXmoi8GGa5EY9BfqS9,8,plain,none,mixed,1 5 5 5 10 10 13 15
881W8Qb0GsHfP0P9QhPKG2Y,8,plain,none,mixed,1 2 5 7 9 9 10 21
881W2IDKZ55YqWWHqh2f5HG,8,plain,none,mixed,3 4 7 7 9 10 11 13
881W4PC8H9LPL18ao4oIGUn,8,distinct,none,distinct,2 3 5 6 7 9 14 18
881WAAYEns570WToAoKnXHG,8,plain,none,mixed,1 1 6 6 10 11 14 15
881W3BcHciK40e4ejjH10If,8,plain,none,mixed,2 2 2 5 9 10 16 18
881W0gGkJfM702J3GaoXH18,8,plain,none,mixed,1 1 4 7 8 10 13 20
881W4RgP2LQD518AGmJ3Y84,8,plain,none,mixed,1 3 3 5 8 10 15 19
881W0OWHcTkDGGaPCavLC98,8,plain,none,mixed,1 1 4 6 8 13 14 17
881W0O8DwG4Cc8a8B232kKA,8,plain,none,mixed,1 2 3 5 7 8 19 19
881WA4AiGnfKp0n4a8K9MLA,8,plain,none,mixed,2 2 3 4 7 7 17 22
881W1bvEcIL61192oeWKX0m,8,plain,none,mixed,1 3 5 6 6 11 13 19
881W4bGWWChIWG3X_g4mG8A,8,plain,none,mixed,1 2 2 5 8 10 16 20
881W34Y6JAG4GOZtwhLg0KY,8,plain,none,mixed,2 4 4 5 5 9 10 25
881W10V-D4124GcY98yvYH8,8,distinct,none,distinct,1 3 4 6 7 11 15 17
881WD1GsQH4gJA41cC92WWW,8,plain,none,mixed,1 1 3 8 8 11 14 18
881W18w31-bocGIaKfD03C4,8,plain,none,mixed,1 1 1 6 8 9 10 28
881W2GKaQAzeiO841SjGZEe,8,plain,none,mixed,3 3 5 6 9 10 10 18
881W0Y9WaHuefb0bfykUX4i,8,plain,none,mixed,1 5 5 6 7 11 13 16
881W2GMCHKKi21mD3NgHBeC,8,plain,none,mixed,1 3 6 6 6 11 14 17
881W6Yqf492LCe8TVGaYnB4,8,plain,none,mixed,3 4 5 5 8 9 11 19
881W65oIHGZqa8b37DiIL4W,8,distinct,none,distinct,1 3 4 8 9 10 14 15
881WA11XAYZX8o8GG43XiQ6,8,distinct,none,distinct,1 2 3 4 7 9 18 20
881W25zH0WyPAY8pACeA62f,8,plain,none,mixed,3 4 4 5 6 7 8 27
881W0GM4w5LQI5eH4b27OBY,8,plain,none,mixed,1 1 4 5 11 11 14 17
881W43HMHhj1Gf4kyGkHf88,8,plain,none,mixed,1 4 4 8 9 11 13 14
881W1XOK40C10KSE6QZB2XH,8,plain,none,mixed,1 2 4 4 5 10 16 22
881W12iehQfv4I12P7avpaG,8,distinct,none,distinct,1 4 6 7 10 11 12 13
881W0WCBOkHWoOcH8537GX0,8,plain,none,mixed,2 2 3 3 6 15 16 17
881WDH8nqti2Y89G1pcoKI5,8,plain,none,mixed,1 2 6 9 9 9 13 15
881W20HYovCWenOa1SE98aX,8,plain,none,mixed,1 1 5 5 8 12 12 20
881W2GmDOWGHeGa84M6T52a,8,plain,none,mixed,1 1 3 4 5 6 14 30
881W28C4gDqK22bKd12XIGY,8,plain,none,mixed,2 3 4 6 6 7 17 19
881W8318aAch3aL9a84n8eP,8,plain,none,mixed,1 3 7 7 9 10 12 15
881W0qeG4MQ94l0642AX1Ym,8,plain,none,mixed,1 1 1 4 7 10 17 23
881W2YWn4ZoqhW8Iu4QueG1,8,plain,none,mixed,1 3 5 5 8 10 15 17
881W0b82JGiTIW3Ys4YD5Ke,8,plain,none,mixed,2 2 3 5 5 8 14 25
881WCW94OH4q213XF235XKi,8,distinct,none,distinct,1 2 3 5 6 12 15 20
881W2HB3XPAv50GYM1GG9OA,8,plain,none,mixed,1 3 6 7 8 8 10 21
881W29buE5a82CaJPH131A8,8,plain,none,mixed,1 1 3 8 8 9 13 21
881W82lGNB5X711H84uL9XO,8,plain,none,mixed,1 1 3 4 12 13 14 16
881WAc94M8e4144YgY152H5,8,plain,none,mixed,1 3 3 5 7 12 12 21
881W5Xfi654gI9aneX56042,8,plain,none,mixed,2 3 3 4 6 13 14 19
881W8HWsFPD8YYHBX7Ain08,8,plain,none,mixed,1 4 7 7 8 11 12 14
881W0WaGdxy4Y0K8Cbyx19m,8,plain,none,mixed,1 2 5 6 6 11 15 18
881W8W8HityI0gGI43NEKG2,8,plain,none,mixed,1 1 2 3 12 13 15 17
881W34LKm4H0n8TeqEQh910,8,distinct,none,distinct,1 3 4 6 7 8 16 19
881WB422raA10G8S5MZ8WGe,8,plain,none,mixed,1 2 2 5 6 11 15 22
881W2AWeC6Jgmw91GqzaI00,8,plain,none,mixed,1 3 4 4 6 8 18 20
881WAKciD19L9We40y1IRyX,8,plain,none,mixed,2 3 3 7 7 7 9 26
881W2bWobI1Gec8aO4A8mOX,8,plain,none,mixed,1 4 5 7 7 8 12 20
881W970KDwI18e4eYQ1f5Yg,8,plain,none,mixed,2 3 3 4 12 12 14 14
881W8bQR5L0mG8H8Y93aHKa,8,plain,none,mixed,4 5 5 5 7 7 11 20
881W00DFIfAJ09ea95IgM9I,8,plain,none,mixed,2 2 7 7 9 9 11 17
881W4YbfIA4H1WWO48y3n9Y,8,plain,none,mixed,1 1 6 6 8 9 14 19
881W8DdLwDShX0AAIKWePH8,8,plain,none,mixed,1 2 5 6 6 12 13 19
881W42mvGraoWOY5KdgI9IZ,8,plain,none,mixed,2 2 6 7 10 10 12 15
881W4I8ZCmv1eXmYL6Y1z-1,8,distinct,none,distinct,1 2 4 8 10 12 13 14
881W0A2SA4aQp2bXG9aH5LY,8,plain,none,mixed,1 3 3 6 9 11 14 17
881W0WUouD880fGxMfGYIIP,8,plain,none,mixed,2 3 3 3 6 10 17 20
881W07awXWnQWp2ee8wMJ8I,8,plain,none,mixed,1 3 3 4 8 9 12 24
881W69A8bMiD2G4nqZmh2W4,8,plain,none,mixed,1 3 3 5 8 13 15 16
881W1GJkfi412GobM5gD108,8,plain,none,mixed,2 2 4 5 8 11 12 20
881W4cciYU31KMAKS1D9f30,8,plain,none,mixed,1 5 6 6 7 12 13 14
881W6FFWGDOafA4K2p94j41,8,plain,none,mixed,1 4 4 5 6 12 12 20
881W7ZTIP94JXGG8CQWAASG,8,distinct,none,distinct,1 3 5 6 9 10 12 18
881W8Z0pgI2ueOXBRvx9OQu,8,plain,none,mixed,1 4 5 7 9 12 13 13
881W2WG87s54I8CA7I8WeY9,8,plain,none,mixed,2 2 4 4 9 11 12 20
881W3K4Y9B9ie95Xo694cM8,8,plain,none,mixed,2 4 4 5 7 13 14 15
881W0W9aomyKK9GZL10aHSY,8,plain,none,mixed,2 4 5 5 6 6 13 23
881W4162aWeX9HGyr2nP8j9,8,distinct,none,distinct,2 3 4 5 6 10 15 19
881W18G8qgIKK4KDB3f0mV8,8,distinct,none,distinct,1 2 3 6 7 12 15 18
881W0QIBHc8gKQ1k75JEpGG,8,plain,none,mixed,1 5 6 9 9 9 10 15
881W4WmW8LOgA0ICZzeI9Gh,8,distinct,none,distinct,1 3 4 5 6 14 15 16
881W4YWg05wk3234Gal2XKM,8,distinct,none,distinct,1 2 3 4 7 8 14 25
881W33Xa231n4W62f4cJWKC,8,distinct,none,distinct,1 2 3 5 7 11 12 23
881W2MAW9C2HOmX0mF52aKL,8,distinct,none,distinct,1 2 4 5 7 11 12 22
881W20SK5bSf9KO51nlgIqW,8,plain,none,mixed,1 5 6 6 7 8 10 21
881W90nuA93YPAWGG7enG22,8,plain,none,mixed,1 1 3 7 7 10 17 18
881W4150RA2uG9Eaw41mefg,8,plain,none,mixed,1 1 5 5 7 8 18 19
881W2pAYgb9anGa-Wa0a5WG,8,plain,none,mixed,1 5 5 5 6 11 15 16
881W2dUoXWWWquf9OaK2A8W,8,plain,none,mixed,2 3 5 5 6 6 9 28
881W8XmUC8A1uBCcIJ189a1,8,plain,none,mixed,1 1 2 3 10 12 13 22
881W8agI6dIpI8n2XmJ4HeY,8,plain,none,mixed,3 5 5 6 7 9 11 18
881W5F0GFBSWII4a1wI9KHG,8,plain,none,mixed,1 2 3 3 10 13 15 17
881W90GLtQH4aIGN24E0nei,8,plain,none,mixed,1 3 4 7 9 10 15 15
881W0qPA75Y51Z4Y8aJ118G,8,plain,none,mixed,1 1 5 5 6 12 17 17
881W08L8KaIzAHIY8YHsVA0,8,plain,none,mixed,2 2 3 3 7 13 17 17
881W2E0WeF6J0XH8y4HWW92,8,plain,none,mixed,1 1 4 5 6 12 13 22
881W2n4c81PDgWA40C5MsYI,8,plain,none,mixed,1 2 4 4 6 7 14 26
881W0YuW9YumG9OYYTBZIb4,8,distinct,none,distinct,1 4 5 6 7 10 14 17
881W8eMGK63aXZGODYd888a,8,distinct,none,distinct,1 2 4 6 9 13 14 15
881W0kYWnitaCOXRHA8GKFG,8,plain,none,mixed,1 1 7 7 8 9 12 19
881W0OyuHJf6As94bOICfCG,8,plain,none,mixed,1 2 3 6 8 8 12 24
881W21HMGk4eiWK4Q9dTJ5J,8,distinct,none,distinct,1 2 6 7 10 11 13 14
881W39RQ4QLPaGebCiuH3W6,8,plain,none,mixed,1 3 5 6 6 9 16 18
881W087uYiL4g0qYL64X4ow,8,plain,none,mixed,2 2 2 4 7 13 15 19
881W28uWuPb5fu849yf2oI6,8,plain,none,mixed,3 3 5 7 8 10 14 14
881W912Sf4eaY7GO6xIACgG,8,distinct,none,distinct,1 3 5 8 10 11 12 14
881W2WAD7p521X0C2GeU4AT,8,plain,none,mixed,1 1 2 4 10 12 12 22
881W4o10mJ1LwWOC92XCOIC,8,distinct,none,distinct,1 2 4 5 7 8 14 23
881W8b5cgcgGQW6l8K8ujHH,8,plain,none,mixed,2 2 6 7 9 10 13 15
881W4IofBb0Z0aYb2jgqOW9,8,plain,none,mixed,1 3 5 5 11 12 13 14
881W0BAbMfueYXWZY428gmK,8,distinct,none,distinct,1 3 5 6 8 10 15 16
881W5oCYb6C0aG62U3enXn0,8,plain,none,mixed,1 1 2 3 10 15 15 17
881W1GeL5ZM6G8aI8b6JOIH,8,plain,none,mixed,2 2 3 4 9 12 12 20
881W0OGikQTugb4bP22Cf9W,8,plain,none,mixed,1 3 6 6 8 11 12 17
881WA97aXY8cucWiAXmmrqW,8,plain,none,mixed,1 2 6 6 7 10 12 20
881W90Z98IJeIN0jA57GqI8,8,plain,none,mixed,1 2 8 8 8 10 12 15
881W55WI42s7oA9YGn2eeGq,8,distinct,none,distinct,1 2 4 5 7 11 15 19
881W0C8ScM2J0ZWGA5r0p8Y,8,plain,none,mixed,1 1 3 6 8 12 15 18
881W1Y9a6grD6GWQqKgOYH4,8,distinct,none,distinct,1 2 7 8 9 11 12 14
881W65yMI23EIn511EvYk0G,8,plain,none,mixed,3 3 3 5 6 9 15 20
881W8HD5R9o220TGuZZ1X9G,8,plain,none,mixed,1 2 3 5 7 13 13 20
881W1HKNhtf9208J3vo7gCY,8,plain,none,mixed,3 3 5 6 7 7 16 17
881W25TFBJohaA8-5AMay90,8,plain,none,mixed,1 3 6 10 11 11 11 11
881W5F1GGG3Y9531EzWW8D4,8,plain,none,mixed,1 3 3 4 5 9 15 24
881W4PJXa21gmf49micS894,8,plain,none,mixed,1 3 6 6 7 7 16 18
881W2Q0H79uE-8WCtAJ9ACH,8,plain,none,mixed,1 3 3 6 7 13 15 16
881W2IfgW8KfJe24kzYYH0G,8,plain,none,mixed,1 3 5 7 7 8 14 19
881W2YQsj4gj216GsdKLeOW,8,plain,none,mixed,1 4 6 8 9 9 12 15
881W1a1ArSg5nAGe2bBA90C,8,plain,none,mixed,1 1 3 5 8 9 16 21
881W3o8b9p2WeWOOw59OK-4,8,plain,none,mixed,1 1 7 9 9 10 13 14
881W8iT8Z95ZPGWmK84THII,8,plain,none,mixed,3 4 6 7 7 8 14 15
881W0mQCLG98WnYIE31e2X8,8,plain,none,mixed,1 1 2 5 8 11 16 20
881W0ma6Jvs54WmND3D2Y8W,8,plain,none,mixed,3 3 4 5 6 7 18 18
881W250IKYWWG89eqE31Gig,8,plain,none,mixed,2 2 3 4 6 12 13 22
881W0GE6PHI11X4MD4nWomW,8,plain,none,mixed,1 2 3 7 7 8 16 20
881W5729JXSZP60YIUd8aiC,8,plain,none,mixed,3 3 3 4 6 12 16 17
881W006qO9aZ4XWXGgZ1XDA,8,distinct,none,distinct,1 2 3 4 8 14 15 17
881W0gX82Y7KeYH4Ri-XqB1,8,distinct,none,distinct,1 3 4 7 8 10 15 16
881W4IWWHzAr6WI4K994WKK,8,plain,none,mixed,1 4 6 6 7 11 13 16
881W1NG53VX4B5bAIo0cuCG,8,plain,none,mixed,1 1 4 6 7 9 18 18
881W0P07XIiqa8WP9TEd-GY,8,plain,none,mixed,1 1 4 8 8 11 15 16
881W8KE4YA8Iw64I7XWmd44,8,plain,none,mixed,1 1 3 5 8 9 16 21
881W0hEaEf2Ae9ocZ6IynA6,8,plain,none,mixed,1 3 3 8 9 12 14 14
881WAqqcnHtC21eH7P0IIm4,8,plain,none,mixed,2 4 4 6 7 9 15 17
881W8qemL5s4Y8CaJ6kIa8G,8,distinct,none,distinct,1 3 6 7 8 11 13 15
881W2aA97IgHC0Z9XWmseaH,8,plain,none,mixed,1 4 5 6 9 9 10 20
881W2V7M2XwX08r2AD4QEe8,8,plain,none,mixed,1 2 6 8 8 9 12 18
881W0qHqE84CIAMeDAYMf0W,8,plain,none,mixed,1 1 5 8 8 9 13 19
881W7GK-IsJ94G28YBAQYGO,8,plain,none,mixed,1 1 4 7 7 11 13 20
881W188fAbKA2XabI5QcIWG,8,plain,none,mixed,3 3 3 6 9 10 12 18
881W22MsbPib942nfAp7YDW,8,plain,none,mixed,1 5 6 6 7 12 13 14
881W4gPJTq4214GS45513W9,8,plain,none,mixed,1 1 5 7 7 10 13 20
881W8YGJDK41Oo9SODXJDYA,8,distinct,none,distinct,1 3 4 8 9 11 12 16
881W0GKb4YSua48QEAbLNcL,8,distinct,none,distinct,1 3 5 7 9 11 12 16
881W4aIAFIab2Gf453YeWyY,8,plain,none,mixed,1 4 5 5 9 11 12 17
881W299Rin8y90EGGe12Z4L,8,plain,none,mixed,1 2 4 8 8 9 10 22
881W8C60YC939A0G72Hmeco,8,distinct,none,distinct,1 2 3 5 6 9 15 23
881W0mI8r8X13XWG4b2qmOG,8,plain,none,mixed,1 1 1 6 10 13 15 17
881W2ICSgY8KD5YycZ4Xo8W,8,plain,none,mixed,1 3 5 7 9 11 14 14
881W30gZIpEeCH8IEOeabcW,8,distinct,none,distinct,1 3 6 7 9 11 13 14
881W8a5PAoqHOWaaUEYNxA8,8,plain,none,mixed,2 3 8 9 10 10 11 11
881W2IH58SPyC18va12d9en,8,plain,none,mixed,2 3 5 5 7 11 14 17
881W059RWo68IADnY8YowPy,8,plain,none,mixed,1 3 3 5 8 12 14 18
881W08ZG2HAaIHme94gbM63,8,plain,none,mixed,1 2 3 8 9 13 13 15
881W0WeXSYIyGW2J9Ak-D8Y,8,distinct,none,distinct,1 2 5 7 8 10 15 16
881W1EZ1WyZAGPD1IgWGS98,8,plain,none,mixed,1 1 3 7 8 9 11 24
881WCI4oU72neoWGO24ZBe1,8,plain,none,mixed,1 5 6 6 6 10 11 19
881W21n0GNHIXKmUPA8YXOh,8,plain,none,mixed,1 3 8 8 9 9 13 13
881W10YOqMvmeH8I464XKcO,8,plain,none,mixed,3 4 6 6 6 11 12 16
881W3H8WiKy-S804Cp2WnIe,8,plain,none,mixed,1 4 4 5 6 13 15 16
881W0WS6GmKhsWG564IJ6ea,8,distinct,none,distinct,1 2 4 5 6 9 17 20
881W49GpaWeZr0YCf8IMdSQ,8,plain,none,mixed,1 3 5 8 9 9 13 16
881W10GZ6oJ8qO0KEFFGeWm,8,plain,none,mixed,1 2 4 5 11 12 12 17
881W4AGPMimGA0EHOfJDcI4,8,plain,none,mixed,1 1 2 8 9 10 13 20
881W0PWmG8Cap0G87GwT6eK,8,plain,none,mixed,1 1 4 9 9 9 15 16
881W0ePDKaIYF04HOAbWIbH,8,plain,none,mixed,1 1 4 5 11 13 14 15
881W2HWh53T8WGoK9HCcX8C,8,distinct,none,distinct,1 3 6 8 9 10 12 15
881W0HwB1HD94Z3AY8eJGmm,8,plain,none,mixed,1 1 6 7 7 8 14 20
881W0GBuJER4IH8II55JCKI,8,plain,none,mixed,2 5 5 8 9 9 12 14
881W0HAWnb48YY9xnBawIHO,8,distinct,none,distinct,1 2 6 7 9 12 13 14
881W632X6pc2i29f2b2n4AB,8,distinct,none,distinct,1 2 5 8 9 10 11 18
881W0mSc9P1Qf4A65FKi4x0,8,plain,none,mixed,1 4 4 5 8 9 14 19
881W0fBeMCcI41WX8nf32GA,8,plain,none,mixed,1 1 2 8 9 10 14 19
881W420W44IA85wvScZ10WI,8,plain,none,mixed,2 2 3 4 5 9 17 22
881W0eh7fJ5KWGIXJeRDBSW,8,plain,none,mixed,2 3 5 7 9 11 11 16
881W9CGC4I4X2HG82WuQOfK,8,distinct,none,distinct,1 2 3 7 8 9 11 23
881W4XG9EHgvGW6QgD552J3,8,plain,none,mixed,1 3 4 5 9 10 16 16
881W0cHX4eGyK91LBEdH8gJ,8,distinct,none,distinct,2 3 6 8 9 10 11 15
881W9L62wI9KU02mKK10gYc,8,plain,none,mixed,1 1 3 5 9 12 15 18
881W31SXn98RWumJ6XeYUSm,8,plain,none,mixed,1 1 6 9 9 10 12 16
881WAR1fIA2928HJ99ahd0W,8,plain,none,mixed,1 4 6 7 7 9 12 18
881W4E1e9ybZf68eAAce8DG,8,distinct,none,distinct,1 3 4 6 7 10 11 22
881W2JHm8j6qHAHCFea40OA,8,plain,none,mixed,2 3 5 5 5 9 11 24
881W698Q8KG4I0GEZ9aJAcZ,8,plain,none,mixed,1 2 5 7 7 10 15 17
881W8NAaiLw2308oWaYXmeO,8,plain,none,mixed,1 3 4 6 8 12 15 15
881WCI4ueiL4maH2TeIY76Y,8,plain,none,mixed,1 3 3 8 10 12 12 15
881W0K8EIggWWBK6273ILSI,8,plain,none,mixed,1 3 5 6 6 9 13 21
881W0f7oiaog1WYe8OvXGaE,8,plain,none,mixed,1 1 6 10 10 11 11 14
881W1MkOD4I510j0HeYAcIn,8,distinct,none,distinct,1 3 5 6 7 8 14 20
881W59a9dj6X208Gafr0Wag,8,distinct,none,distinct,1 2 3 5 11 12 14 16
881W4K26wSE310XG94H0ZXG,8,plain,none,mixed,1 2 3 4 4 12 19 19
881W0SooO965aGX1XOf-p0G,8,plain,none,mixed,1 1 5 6 6 8 17 20
881W2IaPWy5IYG8Kw-2Y306,8,plain,none,mixed,1 2 2 7 8 8 11 25
881W0zei8l8Y01FBdbEWYaI,8,distinct,none,distinct,1 3 4 5 9 11 13 18
881W10eSQnGa8mO64aL9Y51,8,plain,none,mixed,1 1 3 7 7 11 16 18
881W0GxUC2C8WH6JIfvv10G,8,plain,none,mixed,1 3 5 5 5 13 14 18
881WCCcakdHP508OWSGn9D2,8,distinct,none,distinct,1 3 4 6 8 9 13 20
881W271PCTCrA91O2gqmuQ8,8,plain,none,mixed,3 4 4 6 8 11 12 16
881W2GiMSzS8Y0491qnvmf4,8,distinct,none,distinct,2 3 4 6 7 8 16 18
881W2okcjqvo208wfegnmL0,8,plain,none,mixed,2 5 6 6 6 9 13 17
881W2KqQK6P5Yn92YN4K20G,8,plain,none,mixed,2 4 4 4 5 11 15 19
881W2LFND997G6GGIgY9-29,8,distinct,none,distinct,1 3 5 6 8 10 11 20
881W11DXG9rARAPHmG84PL5,8,plain,none,mixed,3 4 4 5 5 6 11 26
881W824e932HH95YH4ph5zW,8,plain,none,mixed,1 3 3 7 9 11 14 16
881W9D8M6PeeIHGB2Q30dGK,8,plain,none,mixed,2 4 4 7 8 9 15 15
881WAKuLTl1WWX8G8H8h8u4,8,plain,none,mixed,2 4 4 5 9 9 13 18
881W1F5Kgpgmf1HCXOnu9G1,8,plain,none,mixed,1 5 5 9 9 10 11 14
881W0en8YnP539GYG8OHGJ9,8,plain,none,mixed,1 2 6 6 9 10 12 18
881W8gb049ucXWdLJA998mq,8,distinct,none,distinct,2 3 4 5 6 10 14 20
881W2YnFbr4qmeY5XnL99K4,8,plain,none,mixed,3 3 4 5 9 11 12 17
881W73YGaiKGWKawH23WSE2,8,plain,none,mixed,2 2 4 4 5 12 15 20
881WA0GGA2mqP6eI8qD0msG,8,plain,none,mixed,1 1 3 6 6 11 14 22
881W2Wae9CvX0WOA6U8tBeC,8,distinct,none,distinct,1 2 4 8 10 12 13 14
881W2b1NCiGa164u5vjpP0H,8,distinct,none,distinct,1 2 3 6 9 11 12 20
881W6ZgLP4232908KaeiKeS,8,distinct,none,distinct,1 2 5 7 10 11 12 16
881W5AIeOEkD0WaXJ0gWWH4,8,plain,none,mixed,1 1 5 7 10 11 14 15
881W5GmIqgCwf48FenMk98G,8,plain,none,mixed,2 3 6 6 6 7 17 17
881W12Wa96yuO92anT31HaX,8,plain,none,mixed,2 3 6 6 6 11 14 16
881W2XCbqA6xi4WA94Ij8fm,8,plain,none,mixed,1 6 6 8 10 10 11 12
881W0CT8ev9BYo8hEaZ4n0W,8,plain,none,mixed,1 2 3 6 6 12 15 19
881WAYY9432nIGHm8qUWKGE,8,plain,none,mixed,1 2 5 7 8 8 14 19
881W4Q8SZ4Z210KAPCbnWX4,8,plain,none,mixed,1 1 6 7 9 10 13 17
881W0WZnvZ62XS8WK39mGIO,8,plain,none,mixed,1 1 2 5 11 14 15 15
881W1W5fDMgWqGIOH4eJLXC,8,plain,none,mixed,1 1 1 5 8 11 13 24
881W4rQWGGIQaGHSEHuA846,8,plain,none,mixed,1 2 5 6 7 7 9 27
881W1VYRLgA20YCYZCqWYGW,8,plain,none,mixed,1 4 6 7 7 10 11 18
881W2X95UNmk94WTLC4d0CA,8,plain,none,mixed,2 3 5 8 8 9 10 19
881W8YaWX4vUf095VB9WaJm,8,plain,none,mixed,1 2 6 6 7 12 14 16
881W52s88fEI20miLehWm9Y,8,distinct,none,distinct,1 3 4 5 8 13 14 16
881W4mAabPqzs8WazGe9eWI,8,plain,none,mixed,3 3 5 6 7 8 9 23
881W2OnmebDEC8GEGr54u72,8,distinct,none,distinct,1 3 4 5 8 12 14 17
881W0bOmK4694X32XJF51Wm,8,plain,none,mixed,1 5 5 5 6 7 16 19
881W6CJ98865He1uDt810bI,8,plain,none,mixed,1 1 3 4 4 10 16 25
881W0GPtY26a0WuCJaqamqg,8,plain,none,mixed,1 3 5 5 9 12 14 15
881W80uHoJ34iIeD96fYQbH,8,plain,none,mixed,1 3 5 8 8 11 11 17
881W9HY4q3hA10Lvxh9LHGa,8,plain,none,mixed,2 4 4 7 7 11 13 16
881W21YmHGSf8eoiL58qQ7O,8,plain,none,mixed,1 4 5 5 7 7 11 24
881W6AL4ybV28mG2MTSRr22,8,plain,none,mixed,1 4 4 6 9 10 13 17
881W800KyqJbKdGdOA1HH6Y,8,distinct,none,distinct,1 3 5 6 8 11 12 18
881WC2P8IOwSQI81C31LjKX,8,plain,none,mixed,1 4 4 7 9 10 12 17
881W9aiGONHW91656b14f51,8,plain,none,mixed,2 2 3 3 4 16 17 17
881W5AE63b5M0Gkh43uSH8A,8,plain,none,mixed,2 4 4 5 5 10 12 22
881W2AKd8aA31GOKxHAF2W0,8,distinct,none,distinct,1 3 4 5 8 9 12 22
881W95Wz1X0KK4CpOK220-I,8,plain,none,mixed,2 3 3 4 5 7 11 29
881W1meAQqaFYGAE45MqHu8,8,plain,none,mixed,1 1 3 7 10 12 13 17
881WDjYW4C4awWW0XctsN4X,8,plain,none,mixed,2 2 3 5 6 8 18 20
881W1HCQ68O8WWA43QZR1n8,8,plain,none,mixed,2 2 3 4 6 9 19 19
881W2KgDnCZFWY2A8nbfeq6,8,plain,none,mixed,2 6 6 6 7 8 13 16
881W5Y4oi9Ki9485Ve91WbW,8,plain,none,mixed,1 1 3 5 10 12 14 18
881W086DcPNOr1GK22ngL54,8,plain,none,mixed,1 2 6 6 8 9 10 22
881W0PLImE188-51qdKaiKO,8,plain,none,mixed,1 1 3 5 8 11 12 23
881W20XCBHBWgm42U_IILMm,8,plain,none,mixed,2 3 3 8 9 10 12 17
881W89SooYmj2W3AecLKPv0,8,plain,none,mixed,1 2 3 9 10 12 12 15
881W0WT8DHKN1X8YEc1N9z4,8,distinct,none,distinct,1 4 6 7 9 11 12 14
881W8HmmeqvYaOH3gnbqaS2,8,plain,none,mixed,1 6 6 6 9 9 11 16
881W61pvsJeH94KYb4u0GmI,8,distinct,none,distinct,1 2 4 6 7 9 15 20
881W4K64wIQ18y9I653X7GA,8,distinct,none,distinct,1 2 4 7 9 11 14 16
881W4SHKmGKCb89Y7aaM6WG,8,plain,none,mixed,1 3 3 6 6 11 11 23
881W8KKaqQt8YW4bO0Wl62j,8,plain,none,mixed,1 3 3 4 10 11 15 17
881W10Q8cg6eb1WU32PzHKg,8,plain,none,mixed,1 6 6 6 8 9 10 18
881W1HQ6Z2UD0WOzImuYWGW,8,plain,none,mixed,2 3 3 6 6 10 17 17
881W32XSG7Zjn841f2sYamK,8,distinct,none,distinct,1 3 5 6 7 10 13 19
881W2Ig83GZXuXmeoP0Z4QI,8,plain,none,mixed,1 2 5 5 7 8 14 22
881WBbH34J9gWW6uH0OBDo9,8,plain,none,mixed,1 1 4 4 7 12 15 20
881W2EgurRR2124Kr5e6OLI,8,plain,none,mixed,1 3 6 7 7 7 15 18
881W8NWvVbIXmOeYX2iSWW8,8,plain,none,mixed,1 2 8 9 9 10 11 14
881W83nr4L5WH5Xeg4vxKmP,8,distinct,none,distinct,1 2 3 5 10 13 14 16
881W0MVvFZfmX4D6A9HiDZ2,8,plain,none,mixed,2 3 4 7 10 11 11 16
881W2VA4Ca61D4p4I0oHeL8,8,plain,none,mixed,1 1 6 7 8 10 11 20
881W0n9WofJw8W28OLwX98Z,8,plain,none,mixed,1 1 4 7 10 12 14 15
881W1i0ToHI260HtryYdJ0W,8,plain,none,mixed,1 1 2 8 10 10 11 21
881W25yDs4OKX6aiOkQewCb,8,plain,none,mixed,1 5 6 8 8 10 11 15
881W10deYCAIEaebD9PNh54,8,plain,none,mixed,1 3 4 8 10 10 13 15
881W2YJ8KaAIEH6UyebWKA2,8,distinct,none,distinct,1 4 5 6 7 10 14 17
881W10pBg9ReZWIa5Zk9GaY,8,plain,none,mixed,1 1 7 8 9 9 14 15
881WAd8mW4eGyG6Yk74cOA9,8,plain,none,mixed,1 3 3 4 6 14 15 18
881W0ZLTmnvEHWWHbSA9TH4,8,plain,none,mixed,3 4 4 6 8 9 10 20
881W3MJ8IE4K22ALZ5B5GOA,8,plain,none,mixed,2 2 5 5 8 10 15 17
881W94B0cQ2aA0faZIfb1Sj,8,plain,none,mixed,3 3 3 5 6 10 17 17
881W08A8-Ju70XCI4aX3IH4,8,plain,none,mixed,1 1 2 6 7 8 19 20
881W8Z5CLU9OPM32CPTCFWC,8,distinct,none,distinct,1 2 3 7 11 12 13 15
881W44F4I7260WbYfouaY8a,8,plain,none,mixed,1 4 6 7 7 12 13 14
881W2jNAGHeHRI4IKc3OeQH,8,plain,none,mixed,1 1 3 5 6 14 16 18
881W5CxG71WaOCbIGeQAca4,8,plain,none,mixed,2 4 4 6 6 8 11 23
881W1II72X6chGacYH8I2bX,8,plain,none,mixed,2 4 5 6 7 7 8 25
881W4AnbGe7YxG8GGf8IGZI,8,plain,none,mixed,1 1 5 6 8 12 13 18
881W0WOyjAHaJ0KEF9nyKW8,8,plain,none,mixed,4 4 4 5 6 8 16 17
881W74U1K964Z8HG9GuxsWm,8,distinct,none,distinct,1 3 4 5 6 12 14 19
881W2YCG6C0G0XAbYZNcHvQ,8,plain,none,mixed,1 2 4 4 5 11 18 19
881W58TMg2475X0XbJbaY0G,8,plain,none,mixed,2 2 3 3 5 14 15 20
881W09OwGej5C2J5X92yNAQ,8,plain,none,mixed,1 4 5 7 10 12 12 13
881W1dH422W-fvbH1OK2uI8,8,plain,none,mixed,1 3 3 5 5 6 10 31
881W2YIH8Ktqa8mlb34GK48,8,plain,none,mixed,1 4 6 6 8 9 11 19
881W34Gsa4H15WTfuaFr31G,8,plain,none,mixed,1 2 4 6 6 9 17 19
881W2fL8qC5CKW41T11gD0W,8,plain,none,mixed,1 2 2 4 9 10 17 19
881W2GWb4KOwG82SBTVE4iK,8,distinct,none,distinct,1 3 5 6 8 9 15 17
881W556P8OJeG8JE1RcIH31,8,distinct,none,distinct,1 2 4 5 8 12 14 18
881W1GGDOiC-P8a514AXJ3a,8,plain,none,mixed,2 4 5 5 6 11 12 19
881W1bDKK4mqKWXtgRB9cOY,8,plain,none,mixed,1 6 7 7 8 9 11 15
881W64IWJfz5WC7Pk8aCMX5,8,plain,none,mixed,1 1 5 9 9 9 11 19
881W5BAC23Xn2GcZX8iTY48,8,distinct,none,distinct,2 3 5 6 7 9 11 21
881W2bAAiKfS52CK1ecrnu2,8,distinct,none,distinct,2 4 5 6 7 11 13 16
881W10OSu3Z-AKK992zfAH8,8,plain,none,mixed,3 4 4 6 9 11 11 16
881W0WXeoZ843WeSG6V4InO,8,plain,none,mixed,1 2 3 3 6 11 13 25
881W4iTMKCLCZ43aBa7b4Y0,8,distinct,none,distinct,1 3 4 5 9 12 13 17
881W0zqYNNiD2I0ZLJaf280,8,plain,none,mixed,1 1 3 5 8 13 14 19
881W188G8yGf3GmLCbC-O94,8,plain,none,mixed,1 1 5 6 9 11 14 17
881W18eCAj67rm895162AA5,8,plain,none,mixed,3 3 4 5 8 9 13 19
881W8aYnHPCKIc0858A94-8,8,plain,none,mixed,1 2 3 6 11 11 12 18
881W17emrg81un5EOH6oYNG,8,plain,none,mixed,1 2 6 6 6 8 9 26
881WE0WINM54BW107LJ9CMY,8,plain,none,mixed,1 1 4 5 9 9 13 22
881W4ZuSiu2HK4I5SrHHA74,8,distinct,none,distinct,1 4 5 7 8 10 12 17
881WA71Wow220KGae1meqgK,8,plain,none,mixed,2 2 3 5 7 10 15 20
881W920YHLit4YWH-IGmOGY,8,plain,none,mixed,1 4 5 6 8 10 10 20
881W4J6KaLjSm84nX93XNKe,8,plain,none,mixed,3 4 6 7 10 10 12 12
881W4S98akLAgWHf4YGY432,8,distinct,none,distinct,1 2 5 6 7 10 16 17
881W39mbg710WaGO844kY85,8,plain,none,mixed,1 1 4 8 10 10 10 20
881W56GaOE92Yb10JXBBH8b,8,plain,none,mixed,1 3 7 8 9 9 10 17
881W0nxce5-5q4ab5N4uOoa,8,distinct,none,distinct,1 4 5 8 9 10 13 14
881W1dm2cA32YHXGSrs90me,8,plain,none,mixed,2 3 3 6 8 13 14 15
881W495Hgd800WkBofH0mWm,8,plain,none,mixed,1 2 2 4 8 9 15 23
881W9KjnmYH4208o5CWGnPC,8,plain,none,mixed,1 3 3 5 6 8 15 23
881W29umWMb5O0oPF68wcL5,8,plain,none,mixed,1 2 7 7 8 9 15 15
881W8XXGC42IKHXnmehGC44,8,distinct,none,distinct,1 2 4 5 6 7 18 21
881W0dBr4K5W05L2FQBXQ53,8,plain,none,mixed,1 1 2 8 8 12 13 19
881W0X8oi90O9aE4EIU7Wem,8,plain,none,mixed,1 1 1 6 8 8 16 23
881W97lBgMHyD4GMYf72Au8,8,plain,none,mixed,3 4 6 6 8 10 12 15
881W0aLuiO22m99aiRvA931,8,plain,none,mixed,2 3 5 6 6 7 15 20
881W4PF6b89eqGGww73XG29,8,plain,none,mixed,1 4 5 8 10 11 11 14
881W08pVfD3IHWmWC5fD_O2,8,distinct,none,distinct,1 3 6 7 8 10 14 15
881WC10PjGWG8AOKeC12XIn,8,distinct,none,distinct,1 2 3 4 5 9 13 27
881W4WaH8C6g4GYAbGuiI4Y,8,distinct,none,distinct,1 3 4 6 8 10 15 17
881W19Ghcc8KE4W5ER45Iue,8,plain,none,mixed,1 3 5 6 7 7 14 21
881W28cLKQPWuH8A2M31H32,8,distinct,none,distinct,1 2 5 6 9 12 13 16
881W2i20ZTtt4WHVY2GKIaG,8,plain,none,mixed,2 3 3 6 6 7 12 25
881W0WS88YPr304C4YJII5a,8,plain,none,mixed,1 1 4 5 9 11 12 21
881W04p9qC630gGGS8PSE52,8,distinct,none,distinct,1 2 3 6 9 12 14 17
881W94cZUr96Q40C4CouqbW,8,plain,none,mixed,1 1 3 10 11 12 13 13
881W2QD8eOL2Kn8dXZIYC0W,8,plain,none,mixed,2 3 5 5 6 6 15 22
881WF4WWU2348P21XgoeecI,8,distinct,none,distinct,1 2 3 5 7 8 15 23
881W0Y29BIK39PKSuTlf0II,8,plain,none,mixed,2 3 3 3 11 13 14 15
881W2Z6bzUA18YHu30Y4pu7,8,plain,none,mixed,1 1 4 8 10 12 13 15
881W2Y8ziIehGmmJyYa5rGa,8,distinct,none,distinct,1 5 6 8 9 10 11 14
881W11J6IAhYiv6IQJv21UG,8,plain,none,mixed,1 6 8 8 8 9 9 15
881W56Z6X1H6WWvA0WqILoH,8,plain,none,mixed,1 4 4 6 7 9 9 24
881W8cWGPCkVIe6WYqAH8W2,8,distinct,none,distinct,1 2 4 5 6 13 14 19
881W4GrB5eku00YMnQbaI4O,8,plain,none,mixed,1 4 5 5 8 10 12 19
881W4510aq_9mP59nXHXemK,8,plain,none,mixed,2 3 4 6 8 8 10 23
881W26ZHadh0WM8CXGZ0aQ8,8,distinct,none,distinct,1 2 4 6 9 12 14 16
881WA94WUBfoYA423c1144e,8,plain,none,mixed,1 1 2 5 10 11 16 18
881W2CYXQ3Jk98P1XQZX8ZI,8,plain,none,mixed,1 3 4 6 6 14 14 16
881W2OuAGORCb0O93Ksi30G,8,plain,none,mixed,1 3 4 4 4 6 16 26
881WAXKKA54bwQ001fHIX13,8,plain,none,mixed,1 1 4 5 8 9 12 24
881W2GyOaCSY2086Es5aH52,8,plain,none,mixed,1 3 4 4 7 14 15 16
881W4gcC7311WHao94k8HW8,8,plain,none,mixed,1 4 5 8 9 9 12 16
881W0J3aUFPA0X4rXXoGZ9a,8,distinct,none,distinct,1 2 3 5 6 13 15 19
881W2aH8qKeiG24X6NB0WQ9,8,plain,none,mixed,2 2 2 5 10 11 12 20
881WC24YfPIXyGbLGdGmOJ2,8,plain,none,mixed,1 2 5 5 5 8 17 21
881W8Xm9aI94Y9Hun8eGC42,8,plain,none,mixed,1 4 5 5 7 8 16 18
881W2416XXAA0Y7kf4oXHmW,8,plain,none,mixed,1 1 3 6 8 12 16 17
881W51ZG4oD_OXCPmn2m8A4,8,plain,none,mixed,2 2 4 6 8 8 15 19
881W2M52j35VA22YaZImY8f,8,plain,none,mixed,2 3 3 3 4 12 16 21
881W1PCabgq8YGO5EHWn0Wa,8,distinct,none,distinct,1 2 4 6 9 13 14 15
881W2HLBKU1mW8eCS11aE8I,8,distinct,none,distinct,1 3 4 6 10 11 12 17
881W4aC85bJYq9H31WXc6Oq,8,plain,none,mixed,3 3 4 6 6 8 10 24
881W2KnCQMIXu1D4yQ2EuA6,8,distinct,none,distinct,1 3 4 7 8 10 12 19
881WB1yWiPH89AYL2c64vF4,8,plain,none,mixed,1 3 6 6 6 11 14 17
881W0cIOQIXYKaf5KibPKO9,8,distinct,none,distinct,1 5 7 8 9 10 11 13
881W8CMJ9E70YWYfK8aiYH0,8,distinct,none,distinct,1 2 3 8 9 10 15 16
881W4Rg13ISZGGAhImKQwY9,8,plain,none,mixed,1 5 5 5 7 8 9 24
881W1WZn6W8jsX4a88AGauS,8,plain,none,mixed,1 2 2 7 9 9 12 22
881WCL4ZBKI5CGG_w1292GB,8,plain,none,mixed,1 3 5 6 6 9 16 18
881W18q8KGN1h06564sacIg,8,plain,none,mixed,2 2 4 7 8 8 14 19
881W9X4Ge7J4XIOA8y0Ko8a,8,plain,none,mixed,1 1 4 6 9 12 14 17
881W2We0WK8YP8eK5IKkM51,8,plain,none,mixed,3 3 3 4 4 8 9 30
881W722SlFaGWWaoLP0g8i4,8,plain,none,mixed,1 2 5 6 8 8 16 18
881W0mOISDhC4WK86bKHnWS,8,plain,none,mixed,1 2 2 5 9 9 17 19
881W0mA95eCgL5G622160AS,8,plain,none,mixed,1 1 2 5 5 5 21 24
881W4a51ID994KXwE20yIWn,8,distinct,none,distinct,1 2 4 5 8 11 13 20
881W8j18QD8C504YAyEbIG8,8,plain,none,mixed,2 2 3 4 9 11 12 21
881W268QHuLoco4foCK1JbC,8,plain,none,mixed,1 4 4 8 9 11 11 16
881W4X5AtXG92W2Bz8a4YeC,8,distinct,none,distinct,1 2 3 5 6 10 12 25
881W180Q5eKbf08A4Z_kR49,8,plain,none,mixed,1 3 4 6 6 7 12 25
881W73b8YN265043I1jbI8a,8,distinct,none,distinct,1 2 3 5 10 12 14 17
881W8EqQ8MqaK2GlXH34IAP,8,plain,none,mixed,1 3 5 6 9 10 15 15
881W18Cqne840meOAiS65Y9,8,plain,none,mixed,1 3 3 4 5 11 13 24
881W9KW03gZLOWElMA1WgZ2,8,plain,none,mixed,2 2 2 6 6 8 12 26
881W5WaJa6WYAGaAjsGjc-W,8,plain,none,mixed,2 3 4 5 11 11 11 17
881W0eJKaiL8W8cgHA7X51W,8,plain,none,mixed,1 1 5 7 9 11 13 17
881W08mfPD590aa94iwqIGH,8,distinct,none,distinct,1 3 4 5 10 12 13 16
881W5Bcr1hT2W8Wgc4G8bv4,8,distinct,none,distinct,1 3 4 5 6 9 13 23
881WCHGhH53dBaHGf62a8GY,8,plain,none,mixed,1 2 2 8 8 13 14 16
881W4DQWW58XvHb2kJPIc22,8,plain,none,mixed,1 3 3 4 6 12 14 21
881W9AGUN6R9bH5a16y0X18,8,distinct,none,distinct,1 2 3 6 8 10 14 20
881WADjA12abHGeq3euNym4,8,plain,none,mixed,2 4 4 5 8 8 9 24
881W0eIOq969an4G45aKY84,8,plain,none,mixed,1 2 2 2 12 14 15 16
881W49OICq250bAfp1d430H,8,plain,none,mixed,1 1 4 5 6 7 18 22
881WE6WyLI112GAb6P2w0WO,8,plain,none,mixed,1 2 2 6 12 12 13 16
881W5KWLRT3H0XfC244YAj8,8,plain,none,mixed,2 3 3 8 9 12 13 14
881W1ZfLTI0OWWkCi81DOCS,8,plain,none,mixed,1 1 3 6 8 11 12 22
881W17YYLXSH1WXAMKsIfSO,8,plain,none,mixed,1 1 7 7 9 11 12 16
881W2t8K4qCYP28eX93aGYJ,8,plain,none,mixed,1 1 4 6 9 11 15 17
881W8CjdIn4aHG9udy216WG,8,plain,none,mixed,2 3 6 6 9 11 11 16
881W8KuZ8K9QX14P9iOk94K,8,distinct,none,distinct,1 2 4 5 9 10 15 18
881W1GGGP2cimOM955FHIXK,8,plain,none,mixed,1 2 2 9 9 11 14 16
881W4LLCHMM51Im-nd2Cpua,8,plain,none,mixed,3 3 4 5 6 8 16 19
881W0MDOagK69558Da42I8c,8,distinct,none,distinct,1 2 3 7 9 10 13 19
881W16HsaAUeo974LdTRG0m,8,plain,none,mixed,1 1 6 8 9 9 10 20
881WCI98geq44E495233WI4,8,plain,none,mixed,1 1 2 7 9 10 13 21
881W64beeq74a4Jb3Sgc730,8,plain,none,mixed,1 5 5 6 8 10 10 19
881W4ciffJ6LaoWfFAFYASm,8,plain,none,mixed,3 4 6 9 9 10 10 13
881W39nH88O2P0SKJ28636W,8,plain,none,mixed,1 1 3 4 7 9 10 29
881W54_kRp44eeFRMAhOQ68,8,plain,none,mixed,2 4 4 6 9 11 12 16
881W4HAn9aI72XW2X4M32X8,8,plain,none,mixed,1 2 3 7 7 8 17 19
881W1I4H8KKpC8SH--GmQ6a,8,plain,none,mixed,1 3 4 6 8 11 11 20
881W5EWiPaE1H2GiL1MI8Z9,8,plain,none,mixed,1 3 7 7 10 11 11 14
881W6XJ2X94WAp5ILWG25MI,8,plain,none,mixed,2 2 4 5 5 7 9 30
881W0244meUE0c99QDs31XH,8,plain,none,mixed,1 1 3 5 8 11 13 22
881W9WyJ8N8W8AaA2133Ise,8,plain,none,mixed,1 5 5 6 6 7 16 18
881W4qGwo8DB0GTlOh3yWWW,8,plain,none,mixed,1 2 7 8 8 9 11 18
881W2Gm889yPSK841JckLKW,8,plain,none,mixed,3 3 4 5 7 8 14 20
881W1WW6FhMX80AB5Y-YX49,8,plain,none,mixed,1 4 4 5 7 9 14 20
881W18WGCor58eK64ZoWOF8,8,plain,none,mixed,1 2 6 7 7 8 16 17
881W0mgCnbogYnGH46_0eu4,8,plain,none,mixed,1 5 7 8 8 8 13 14
881W2Kgb6v9880BcsCA4uaH,8,plain,none,mixed,1 3 6 6 6 7 8 27
881WCK9sF8KLX1AZeQwCeKa,8,distinct,none,distinct,2 3 4 6 9 10 13 17
881W2HBfqs4kam8c8Z1AO84,8,plain,none,mixed,1 3 8 9 10 10 10 13
881W0YwR20ePm0wcXGYAFr8,8,plain,none,mixed,1 1 3 4 5 10 15 25
881W4M539H31GXX8A51e-Ge,8,plain,none,mixed,2 3 3 3 10 11 15 17
881W08X14wA0eOiQK98r2ZI,8,plain,none,mixed,1 2 3 3 13 13 13 16
881W52cYmOCbI80mJ8W849K,8,plain,none,mixed,1 2 4 4 6 6 15 26
881W4YaY1266WG63H5UxXnW,8,plain,none,mixed,1 2 3 6 6 9 15 22
881W18e9aQKg5We8A6N2I42,8,plain,none,mixed,1 3 4 5 9 14 14 14
881W2HAyn2172X4I5a4HYn8,8,distinct,none,distinct,1 2 4 5 8 9 14 21
881W0PI06LAu97HRik7L8fG,8,plain,none,mixed,1 5 6 7 8 8 14 15
881W4XAEBo8eKKmcq236qGX,8,distinct,none,distinct,1 3 5 6 7 11 15 16
881W4XPTKO8KE8Y8w441YJC,8,plain,none,mixed,1 4 5 7 7 8 10 22
881WEXWf4NDH9G9S91TOm81,8,plain,none,mixed,1 1 2 8 11 12 12 17
881W4P8Ku2P4b8KDfgZH410,8,distinct,none,distinct,1 2 4 6 9 10 12 20
881W2H5grhKebG09KicGIK2,8,plain,none,mixed,2 2 2 9 10 12 13 14
881W4ELhQ7CQ024xcvF0Ge6,8,plain,none,mixed,1 3 3 6 7 12 13 19
881WC9Kpo301mGX8e65SMqA,8,plain,none,mixed,1 1 5 5 8 8 9 27
881W0n4X152U10MPDI8qQKq,8,plain,none,mixed,1 1 3 4 6 12 17 20
881W2WARh5evCb2ABLj5X40,8,plain,none,mixed,1 2 3 6 11 11 12 18
881W4JaIaKb8sKWJJH3WQAO,8,plain,none,mixed,1 3 4 7 9 9 14 17
881W2b92jLCE624WGX24XOi,8,plain,none,mixed,2 2 2 5 5 11 18 19
881WCmOGeMgZWGZH1WKoWSA,8,distinct,none,distinct,1 2 3 6 9 10 13 20
881W4YA5271Yo90eaofq421,8,distinct,none,distinct,1 2 3 4 6 15 16 17
881W2P0cZcpC40YPD2WGZ0a,8,plain,none,mixed,1 1 3 5 7 9 18 20
881W77Bc86SYoY4K1bvKKaY,8,distinct,none,distinct,2 4 5 6 7 8 15 17
881W40WJcBALAmOKbHYWagY,8,plain,none,mixed,4 4 6 6 6 8 14 16
881W8WnEFb4a10P4xz2Wn4A,8,plain,none,mixed,1 3 6 8 8 10 14 14
881W291WaJeH0eG8P4YPSrG,8,plain,none,mixed,1 1 2 10 12 12 12 14
881W979YnKC52G0Wal-F0We,8,plain,none,mixed,2 3 3 5 7 10 14 20
881W99WGCf4aKa99bA29aZG,8,distinct,none,distinct,1 3 4 8 10 11 13 14
881W0suRfmguCI8ocJ2KDAG,8,plain,none,mixed,1 5 6 7 8 11 13 13
881W994OE6L4i6OB4xmQXWI,8,distinct,none,distinct,1 2 4 6 9 12 14 16
881W2ICntSH2P0KKu1dp1NG,8,distinct,none,distinct,1 3 4 6 9 11 12 18
881W4aI54aEFe55520HN6ZI,8,plain,none,mixed,2 3 3 5 6 11 13 21
881W4aH3H6MG90djEYWYnOZ,8,plain,none,mixed,1 3 6 6 7 7 17 17
881W18b8YPTB1G24LAfFx42,8,plain,none,mixed,2 3 3 6 10 12 12 16
881W18LQkGMEb0GEIf9H4o9,8,plain,none,mixed,3 3 5 5 7 8 15 18
881W340WhdFPGaBgwKWGWkO,8,plain,none,mixed,1 1 7 8 8 9 10 20
881W4ieeoyA2128evHb7YG8,8,distinct,none,distinct,2 4 5 7 8 9 11 18
881W0sW1920G9HpHOi90sRI,8,distinct,none,distinct,1 2 3 4 5 8 17 24
881W1XOGK21EWWK95yM93Xm,8,distinct,none,distinct,1 2 3 5 8 14 15 16
881W2WH1CSg6a8aBTTUOaG4,8,plain,none,mixed,2 3 5 5 6 13 14 16
881W52GmKGqHEP4bM4k8WI4,8,plain,none,mixed,1 4 4 6 9 10 15 15
881W29Ie4Z2YB0uWGaYqg41,8,plain,none,mixed,1 1 3 7 8 9 15 20
881W0l3TFXgZH6GKXOPYGBG,8,plain,none,mixed,1 3 7 7 8 9 13 16
881W4XzIG8FBHO22w4ghAWW,8,plain,none,mixed,3 4 5 5 6 6 16 19
881W2aayB5c698FdoKYMBEG,8,plain,none,mixed,2 4 6 7 7 8 14 16
881W924mUH4WHaD6L9TdJ6Y,8,plain,none,mixed,1 3 5 8 10 11 11 15
881W9694Lb5A4HGchImvo1O,8,plain,none,mixed,1 2 4 6 6 10 16 19
881W5WuPu431nAX882GBQfK,8,plain,none,mixed,2 4 4 5 7 12 13 17
881W45GY510qnJaIeqA2fAB,8,plain,none,mixed,1 3 4 5 7 11 11 22
881W0W54e27fQ90ZDdJLJ32,8,plain,none,mixed,2 3 3 4 7 13 16 16
881W824iQ6170H3XH2Iwb3X,8,plain,none,mixed,1 3 3 4 6 14 15 18
881WA1ukwQh50C31eH7S4mb,8,distinct,none,distinct,1 2 4 7 9 12 14 15
881W0XYyDoMT014PFwSm9ai,8,plain,none,mixed,1 3 4 8 8 10 14 16
881W0XzeIgLn2JHYfeuBg8Y,8,distinct,none,distinct,3 4 5 6 8 9 11 18
881W240GIF8YvX52Z64gvYo,8,plain,none,mixed,1 4 6 6 7 8 8 24
881W20co_v50W5GKAOXHKJW,8,distinct,none,distinct,1 2 4 8 9 11 13 16
881W458GEuz2922hmg11Rzn,8,plain,none,mixed,2 2 3 4 7 14 16 16
881W4EBHDm830W94D6r32X8,8,plain,none,mixed,1 1 6 6 8 9 11 22
881W2HoOpDa11WGuOHp5Y9G,8,plain,none,mixed,1 2 5 8 8 9 14 17
881W080HqL2ap0GO3dcIb3X,8,plain,none,mixed,1 1 1 7 8 10 13 23
881W598WIV884486c194JWn,8,plain,none,mixed,1 1 3 3 4 13 15 24
881W54o8eq3OP0HN9akY96a,8,plain,none,mixed,1 1 7 7 9 13 13 13
881W4GCscY2PYID98eIWuj2,8,distinct,none,distinct,2 3 4 6 7 8 15 19
881W1EWWGYr72YGYWxHmG98,8,distinct,none,distinct,1 2 3 5 6 12 16 19
881W1AvL9fs0XGKOaGrymX4,8,plain,none,mixed,1 2 2 9 10 11 12 17
881W0uW99v4e4OeA32F0cKI,8,plain,none,mixed,1 1 2 5 6 12 18 19
881W5Jl3HfneYWGX8P4g8P0,8,plain,none,mixed,1 1 4 5 6 13 15 19
881W2FR10IjMaX1PIGOAgK4,8,plain,none,mixed,2 4 5 5 5 8 9 26
881W0GEIZR50KH6I3273UGO,8,plain,none,mixed,1 1 4 5 8 10 14 21
881W695J9Ysa0n0onfHGyI5,8,plain,none,mixed,1 3 5 5 11 12 13 14
881WC528n6ugO0Ovtl6WmIM,8,plain,none,mixed,2 3 5 5 5 7 18 19
881W1UXqOYKhq99CE8LIMWG,8,distinct,none,distinct,1 3 7 8 9 10 11 15
881W0094SF59216YPjLJIH8,8,plain,none,mixed,1 2 5 8 8 11 14 15
881W4vGokCQD7004l4s0YWW,8,plain,none,mixed,1 3 3 5 6 9 16 21
881W20XoR6z-W4ICSv0Wqca,8,distinct,none,distinct,1 3 4 6 10 12 13 15
881W0tOo94wrI2CaWiKWH61,8,plain,none,mixed,1 1 5 8 10 10 12 17
881W6CH9Oq62KeJq4LPHenO,8,plain,none,mixed,1 1 6 6 10 12 13 15
881W1R0G-2E821KhgQXXIOC,8,distinct,none,distinct,1 3 4 6 8 9 15 18
881W708E43HOYWO9a29EmeY,8,plain,none,mixed,1 1 4 7 8 9 15 19
881W1OXXG5Y4yaGHPAWuMK4,8,plain,none,mixed,1 1 4 6 8 11 13 20
881W840cZ4IWmY4aU31ur2f,8,distinct,none,distinct,1 2 3 4 10 11 12 21
881W0W8uH2ovRGgH8AJd6f1,8,plain,none,mixed,2 2 3 5 9 13 15 15
881W8NaequZaWmIbf3ji89e,8,plain,none,mixed,1 1 8 9 9 9 11 16
881W2AgGg4Y21OWmaIdZs88,8,plain,none,mixed,1 2 6 6 7 12 14 16
881W6cWG88knHICc1JOWK48,8,plain,none,mixed,2 2 3 6 7 8 16 20
881W4WK88bAZeMP410II9L8,8,distinct,none,distinct,1 2 4 5 6 11 12 23
881W4CjWm86YnWHeC98S594,8,plain,none,mixed,1 1 4 7 8 10 12 21
881W10kGaC28G5EKE6BK972,8,plain,none,mixed,1 3 3 5 6 11 17 18
881W4AQT9D4YP1I1Gh34WZA,8,plain,none,mixed,1 1 2 3 10 14 14 19
881W19SvwKekAmKH5OHbrM4,8,plain,none,mixed,3 3 6 9 9 9 12 13
881W1GORDOeO3GeF22S8XGA,8,plain,none,mixed,2 2 3 5 6 7 17 22
881W9KKaCVWs8WCcKbwJRH1,8,plain,none,mixed,2 4 6 10 10 10 10 12
881W94xd_64a304AHZcKv0e,8,distinct,none,distinct,1 2 4 5 7 13 14 18
881W04sJ9fKbCAWZGBiiMKH,8,plain,none,mixed,1 2 6 6 8 11 13 17
881W44p7kJ2Smg69tRgQGaa,8,plain,none,mixed,1 5 7 7 9 10 10 15
881W6BIr1kE0eYXa164yhqZ,8,distinct,none,distinct,1 2 3 6 7 10 15 20
881W52GG962PDX4WG8U1muH,8,distinct,none,distinct,1 2 4 5 6 11 14 21
881W0XPKT3GayIPBy264Oo3,8,plain,none,mixed,1 4 4 6 8 10 13 18
881W4PHGf8pX0WU9qZKaA8G,8,plain,none,mixed,1 1 4 9 10 10 13 16
881W0WyiMwYVn0C938efANX,8,plain,none,mixed,1 5 5 7 7 9 13 17
881W19f08KCEWmIAOrqoI94,8,plain,none,mixed,1 3 5 5 5 11 17 17
881W0g0asS92HmWGpODhDHe,8,plain,none,mixed,1 1 4 8 12 12 13 13
881W640AoQMKeX75f52wneX,8,plain,none,mixed,1 3 6 7 8 8 9 22
881W0XHaAdl7anIa8nAZW88,8,plain,none,mixed,1 3 3 9 10 11 11 16
881W0mG9imkM8em4AbHGA78,8,plain,none,mixed,1 2 2 5 7 9 18 20
881W43aUC6Sa24aKPL1YGb3,8,plain,none,mixed,1 1 5 9 10 11 13 14
881W1aGYMbWjrcGcIdAIbo4,8,plain,none,mixed,1 3 4 6 10 10 13 17
881W0aXI96lSIB4XA4fG84W,8,distinct,none,distinct,1 2 3 8 9 10 14 17
881W4AqqaI2kJG22wPY7M4Y,8,plain,none,mixed,2 2 3 5 8 12 14 18
881W2CFqOISnCWBIr93nQ8X,8,plain,none,mixed,1 2 6 8 11 12 12 12
881W9Gce23D6GYeaGb6fkAb,8,distinct,none,distinct,1 3 4 6 10 12 13 15
881W08g8whNeWnefOexd8H8,8,plain,none,mixed,1 1 4 6 10 11 13 18
881W725FaC118mGGCL3w8b1,8,plain,none,mixed,1 1 4 6 7 14 14 17
881W8WSOKhMfH6G31aagc2W,8,plain,none,mixed,1 5 5 6 6 7 14 20
881W8WOLINAZAYW85aL2I51,8,plain,none,mixed,1 2 4 10 10 11 11 15
881W2D4SabGTX13AfiZhPKC,8,plain,none,mixed,1 4 4 9 9 11 11 15
881W1Rc6YYaE10AwahDcGu8,8,plain,none,mixed,2 4 5 5 9 11 12 16
881W0J_Xmf4XoYBX4IbCf31,8,plain,none,mixed,2 3 5 5 7 10 13 19
881W1rHLa55NHeZfXP3tWC0,8,plain,none,mixed,1 4 4 5 8 8 17 17
881W2fJGY6aZHn0GS75GSvG,8,plain,none,mixed,1 3 6 6 7 10 15 16
881W2XeeOQP50a444fVs001,8,distinct,none,distinct,1 2 3 5 6 7 15 25
881W1J5XGsL2AA5SGpWGYIg,8,plain,none,mixed,1 3 3 5 7 12 14 19
881W0L8_c71WZJHGac4Y90G,8,plain,none,mixed,1 1 4 5 10 11 13 19
881WB4H742H1W4LsZ1ehWmf,8,plain,none,mixed,1 2 4 5 5 8 19 20
881W4AA6HKfGkH4pC62X722,8,plain,none,mixed,1 4 4 7 8 12 14 14
881W0zk0Z9Vl10PPkCUZ9GG,8,plain,none,mixed,2 3 5 7 10 10 12 15
881W0aZWeNT6H68oGjA1egK,8,plain,none,mixed,1 6 7 7 7 8 12 16
881W262g91OXHg4KvCt2XG8,8,plain,none,mixed,1 2 5 6 8 8 13 21
881W28WHFCAk20c86nXH8PK,8,plain,none,mixed,1 1 3 8 9 13 14 15
881W92D0GZK5YgH2939qbPC,8,distinct,none,distinct,1 2 3 5 6 13 15 19
881W20XVqoggYd9paKqXjQG,8,plain,none,mixed,3 4 7 7 9 11 11 12
881W102oQBbWMAXnuGbIHma,8,plain,none,mixed,1 2 4 4 6 7 19 21
881WBagKipcJCOGL4p0jGI2,8,plain,none,mixed,1 3 6 6 8 10 13 17
881W8X5ZNcmuw2WJHIenKJ8,8,distinct,none,distinct,1 3 5 6 9 12 13 15
881W4X8MxIsua4WKgAWqqcm,8,distinct,none,distinct,1 4 6 7 9 10 12 15
881W4A97Y116GgbA8aYPV0G,8,plain,none,mixed,2 2 4 5 9 12 13 17
881WC03XhYmebX19Ga18uaM,8,plain,none,mixed,1 2 2 5 6 7 17 24
881W298IKz3BuWC92kXXNr9,8,plain,none,mixed,1 6 7 7 8 8 12 15
881W6oK651obD58ZW0GZoC4,8,plain,none,mixed,1 4 4 4 6 7 9 29
881W463I610n9aXG84MIfeW,8,plain,none,mixed,1 2 4 4 7 8 14 24
881W0SvLKq29WQCr6bPJ410,8,plain,none,mixed,1 1 5 7 7 7 15 21
881W31eD84WcWYX8bgEiOeO,8,plain,none,mixed,1 2 3 8 10 10 11 19
881W8a7QPqtyI8mXF46LIW2,8,plain,none,mixed,1 3 5 8 8 12 13 14
881W4YImOQDYKWmf1h5eC84,8,plain,none,mixed,2 2 5 8 8 8 13 18
881W4H0XGhV5IK4KeWmWkB4,8,plain,none,mixed,2 2 5 6 7 7 11 24
881W4IL9HOaHAWAT24YD6YY,8,plain,none,mixed,2 3 5 8 9 9 13 15
881W8hWGG8358CJ9LLeeSD4,8,plain,none,mixed,1 5 5 5 8 9 11 20
881W1HboWg9KI4OCIM10A6K,8,plain,none,mixed,1 2 4 4 6 11 14 22
881W0H4fgMQ636LKW4YYZWn,8,distinct,none,distinct,1 3 4 5 6 12 15 18
881W02jWG4aWmoH8SBeS59e,8,plain,none,mixed,1 1 1 7 8 11 16 19
881W10sPXwB925W7C52TcoX,8,plain,none,mixed,1 1 7 7 8 11 13 16
881W2mu9qXXSeeAI4qM8r0f,8,plain,none,mixed,2 3 3 4 5 15 15 17
881W0WA46GyIPn8IE63CbKX,8,distinct,none,distinct,1 4 5 7 8 9 13 17
881W20aT7i8GemCIAM3gPTH,8,plain,none,mixed,1 4 5 8 9 9 13 15
881W2wqiRxcE80AAofBmBCH,8,plain,none,mixed,1 4 6 6 6 13 14 14
881W8vKZIX5P1GXFdic9Qa4,8,plain,none,mixed,1 5 6 7 9 9 9 18
881W4Wao53IEC8eIeuYaYBE,8,plain,none,mixed,3 3 3 3 9 13 15 15
881WCWQAPKhJWP9KD0IaD4G,8,plain,none,mixed,1 1 6 6 8 11 12 19
881W34GaC4ZFg22YGqfBOiP,8,plain,none,mixed,1 3 5 8 9 9 11 18
881WA0mgK5cCWg411R8uq8u,8,plain,none,mixed,1 1 2 7 9 10 14 20
881W0KjE946EOk4X95_4Wr0,8,plain,none,mixed,1 2 4 6 6 12 15 18
881W10S9ag4IImAH41OYNCY,8,distinct,none,distinct,1 2 5 6 8 10 11 21
881W8PA97tJHGa5es30IGl8,8,plain,none,mixed,1 2 7 7 8 9 12 18
881W89GokJ630I94k2Mj2ea,8,plain,none,mixed,1 5 6 7 10 11 11 13
881W31mnOS50eGu441aqE70,8,plain,none,mixed,1 2 2 5 5 13 14 22
881W0IWdCXg440mTzIkdnGK,8,plain,none,mixed,1 5 6 7 8 8 11 18
881W4a3GOLB9LG1Jzuf8yG8,8,plain,none,mixed,2 3 5 5 7 10 13 19
881W214MOoB304K65CLw4ZW,8,plain,none,mixed,1 1 3 7 10 10 14 18
881W2X4eedoA5238i2YcZ8e,8,plain,none,mixed,1 3 4 9 10 10 11 16
881W4A8C9B5KE4YGPE70Qz0,8,plain,none,mixed,1 1 2 9 10 13 14 14
881W4S0Vei6muPDoLA2I2eX,8,distinct,none,distinct,1 3 4 6 8 12 14 16
881W8HGKAAF8O2223RANWM8,8,plain,none,mixed,1 1 1 4 5 9 21 22
881W92IuhnOj505u8ePHemG,8,distinct,none,distinct,1 2 5 8 10 11 13 14
881W9J7GCe3e21HNJRYWgOi,8,plain,none,mixed,3 4 4 7 8 9 13 16
881W1VI2bK49rACqeD_8gGW,8,distinct,none,distinct,1 2 4 6 7 13 15 16
881W328bHCo0u4KKwACsMj8,8,plain,none,mixed,4 5 5 6 8 9 10 17
881W69606V4nHOmeo2mf08Y,8,plain,none,mixed,1 2 2 5 6 9 12 27
881W94cHiNfOGH2A842WSHY,8,plain,none,mixed,1 2 2 7 8 10 17 17
881W9X-NSQKbKM1_v2WBI2G,8,plain,none,mixed,1 5 6 6 8 11 13 14
881W0O84oB4ID0YGC31WY81,8,plain,none,mixed,1 1 1 2 11 13 14 21
881W6AfGM8OC1CO9Es113Ie,8,plain,none,mixed,1 3 5 5 5 9 14 22
881W9XmXA8Y21O9SkDb0amK,8,distinct,none,distinct,1 2 3 4 10 11 13 20
881W2974b8h195GOR6pXPCH,8,plain,none,mixed,1 3 6 7 8 12 12 15
881W2A73MCc750KZe1H10n4,8,plain,none,mixed,1 2 3 5 7 12 17 17
881W0WGGeTjCP8229c4YPKb,8,plain,none,mixed,3 4 4 5 6 10 11 21
881W0BIegKz7114qYaJqYmK,8,plain,none,mixed,2 3 6 6 9 10 13 15
881W8M983I7Y15nO210JeeD,8,distinct,none,distinct,1 2 3 5 8 11 12 22
881W0mn0WWpBc0GAHeOkH8e,8,plain,none,mixed,1 2 3 4 5 13 13 23
881W1HHeef4LAKmKNMYC0O8,8,plain,none,mixed,3 4 5 5 6 8 9 24
881W4cIhMG9Y0WL2K2nKwfa,8,distinct,none,distinct,1 3 5 6 9 10 11 19
881W4JHmA42iX441f4sT8OD,8,plain,none,mixed,1 2 7 7 8 9 11 19
881WCIPN191CWo4P51czGmW,8,plain,none,mixed,1 1 3 5 8 13 15 18
881W09mHqTnI42bDejhoHHY,8,distinct,none,distinct,1 3 4 8 10 11 12 15
881W11e89Dn9gwP9a93IoBI,8,distinct,none,distinct,2 3 4 5 8 9 14 19
881W2YbIvT2HH231AnO84TG,8,plain,none,mixed,2 2 2 3 9 11 16 19
881WCH8I862I9M42X8meXGS,8,distinct,none,distinct,1 2 3 5 6 12 15 20
881W0WegZgz2YHGcUe87X0C,8,plain,none,mixed,1 1 7 7 8 9 14 17
881W24wMOAcQkI4I9q5q0Wf,8,plain,none,mixed,2 3 3 9 9 9 11 18
881W14Xme7Oi8FOfA90WWM8,8,plain,none,mixed,1 1 4 6 8 9 17 18
881W0jWHuyWebIaaOHOeO98,8,plain,none,mixed,1 2 2 7 9 10 16 17
881W4fagA44C0a41XrU10m9,8,plain,none,mixed,1 3 3 5 5 7 20 20
881W2H4Zn8XJ80QL6XmmI89,8,distinct,none,distinct,1 3 4 5 8 11 13 19
881W2Yg8cV2nyb0HowKs4eG,8,distinct,none,distinct,2 3 4 6 7 13 14 15
881WCqOAOS13YfG8Yqge50G,8,plain,none,mixed,2 2 3 3 5 14 15 20
881W4I6WWWCLIb0y99aYJEa,8,plain,none,mixed,3 4 4 4 9 10 11 19
881W11XX8HICd08SJTrQX8a,8,distinct,none,distinct,1 3 4 5 8 11 12 20
881W2EjHNcnH0X5G8IBqXWA,8,plain,none,mixed,1 2 5 6 10 10 13 17
881W8152Yg7X0mfOq0Weefa,8,plain,none,mixed,1 1 3 6 7 10 13 23
881W2WG62S21vAH8c1HAeYY,8,plain,none,mixed,1 3 3 4 7 13 13 20
881W4A6WF4GOHHa5Ij535LK,8,plain,none,mixed,1 1 4 6 8 10 15 19
881W0GqgiIGKA4YN8C94mPO,8,plain,none,mixed,2 2 4 6 7 9 13 21
881W2LAHtGD0Wg8C9B7h6HG,8,plain,none,mixed,2 2 5 6 7 11 13 18
881W18fMkFAD2b4XE420J0H,8,plain,none,mixed,1 3 4 9 9 10 10 18
881W0NGO11jKs2AaY8cLKq4,8,plain,none,mixed,1 1 4 5 9 10 13 21
881W02RxH8d2XB18C8YaLAb,8,plain,none,mixed,2 3 5 6 6 13 14 15
881W4YYN91YIy4IXWmfmraW,8,plain,none,mixed,1 1 3 6 6 9 17 21
881W1evylNnK1L0cQf00EEG,8,plain,none,mixed,1 2 5 7 8 8 12 21
881W17CaTHamWH94MKfLXb4,8,plain,none,mixed,4 5 5 6 7 9 13 15
881W253WAuIi-IGOJ7XWuYI,8,plain,none,mixed,4 5 6 6 8 8 10 17
881W8ZWJy632WTPqMLu90YW,8,plain,none,mixed,1 3 5 6 7 12 15 15
881W4Wq48HOXma46cJ7ts2W,8,plain,none,mixed,1 4 4 4 4 13 15 19
881W2Yo6YXBYeGIzXmqeH4H,8,plain,none,mixed,3 3 5 6 6 8 8 25
881W10GbfgD5bm8H6kj4ZnW,8,plain,none,mixed,2 4 4 6 8 9 15 16
881W2HNet32AGDaX4meoRW9,8,plain,none,mixed,1 1 5 8 9 10 10 20
881W08HGyZ1lI9Cf92MKoG8,8,plain,none,mixed,1 3 5 8 8 11 13 15
881WA59jMCM6SqG_68LGk50,8,plain,none,mixed,3 5 6 7 7 10 10 16
881W25UqC08uYWj5X4bTAeo,8,plain,none,mixed,3 3 4 5 8 8 9 24
881W9bM0GEn104CMBQauaJa,8,plain,none,mixed,1 1 3 5 9 10 11 24
881W1XAX0O9rQH0OCH8yHAa,8,plain,none,mixed,1 2 5 8 9 9 10 20
881W1DaaUA282133XFY0n94,8,plain,none,mixed,1 1 2 6 8 10 16 20
881W8q8Xogia948qLi67m4C,8,plain,none,mixed,1 1 4 7 8 9 17 17
881W0415Kd9YWwWqB7I19If,8,distinct,none,distinct,2 3 5 7 8 9 11 19
881W82BMiEAb31HOIAI1J5I,8,plain,none,mixed,3 3 4 6 9 13 13 13
881W4A4m4cI348I2H4NgbH8,8,plain,none,mixed,1 1 1 8 10 11 13 19
881W4gAG8uU2GO8wA7KUB0W,8,plain,none,mixed,2 2 3 5 10 10 11 21
881W8YXbALzT8O9P8DigOE8,8,plain,none,mixed,2 5 6 7 7 10 12 15
881W18GXWOCz8eKJCCkH8hG,8,plain,none,mixed,1 1 5 6 9 11 13 18
881W8HKKA5944295Y91cv52,8,distinct,none,distinct,1 2 4 5 10 11 15 16
881W0Gg8oOiID56I26F7WG0,8,plain,none,mixed,1 2 3 6 7 13 16 16
881W0GCEyKgP4WYI8612Wn2,8,plain,none,mixed,1 1 4 7 8 11 14 18
881W31jk92XRWr4X8qb1E68,8,plain,none,mixed,1 2 6 6 7 10 12 20
881W0WHuIKLC6L8WFD5Xi62,8,plain,none,mixed,1 2 3 6 11 11 12 18
881W197Ys2291eaX4y6YXYH,8,distinct,none,distinct,2 3 4 5 7 10 15 18
881W8R92pK67P4B5fF6B6KW,8,plain,none,mixed,1 4 7 8 8 9 10 17
881W410WQL20yfAaq41OWiL,8,distinct,none,distinct,1 3 4 5 8 10 15 18
881W4aOA47bp9X52111K9Gn,8,plain,none,mixed,1 3 5 5 6 9 11 24
881W49T8uh3PH0E8u7IKXF1,8,plain,none,mixed,1 1 1 10 10 11 13 17
881W0W4SWn972WK694KLJHe,8,plain,none,mixed,1 3 3 3 4 13 17 20
881W49VX5YcW8X8ag9aj5kY,8,distinct,none,distinct,1 2 3 5 6 8 19 20
881W222OffeYWf8OtAqHCuG,8,plain,none,mixed,1 4 4 9 10 11 11 14
881W89E7ILSH219gntw50eI,8,plain,none,mixed,3 4 5 5 7 8 13 19
881W0A2uRNpX22baKeJI9Xa,8,plain,none,mixed,1 2 3 8 9 13 14 14
881W4ZovoaFX8i8y5H3GmcG,8,plain,none,mixed,1 1 6 7 9 11 11 18
881W10hII8w5Wfaa8XQrLuG,8,plain,none,mixed,1 3 5 7 7 12 12 17
881W45IMb8A5HGvyGpVHjGW,8,plain,none,mixed,2 3 4 4 7 13 15 16
881W22Xme72Geh5YLMXOGQ8,8,plain,none,mixed,2 3 6 6 8 9 12 18
881W18LAQUub8CA3S9FOSz0,8,distinct,none,distinct,1 3 4 5 9 11 14 17
881WC2D6k62KB4525YY0of0,8,plain,none,mixed,1 1 2 4 10 14 15 17
881W04WWlJIgWJZLeybZ9Gm,8,plain,none,mixed,1 6 6 7 10 11 11 12
881W94KIIw75eG8iLiOYrh6,8,distinct,none,distinct,1 4 5 6 7 10 13 18
881W4C8gTvKY1G5eI4nQBKY,8,distinct,none,distinct,2 3 6 8 9 11 12 13
881W18fKwA50qKI8OAXGg20,8,plain,none,mixed,1 3 3 4 9 12 16 16
881WA2qO8O6JWHHe2JO98bq,8,plain,none,mixed,1 2 3 7 10 13 13 15
881W20ayRAQ5WWA32S3w0Hm,8,plain,none,mixed,1 1 1 3 11 12 17 18
881W2YLisaxGeGO2c95IGPX,8,plain,none,mixed,1 1 6 7 7 12 13 17
881W8BtWXGoWWX5Ke88wHCM,8,plain,none,mixed,2 2 2 4 6 9 9 30
881W2Wh4HDX1a92GOP1SqmK,8,plain,none,mixed,1 1 2 7 8 9 13 23
881W31HBAKA0G8iUG8EI9o9,8,plain,none,mixed,2 2 3 3 8 10 14 22
881W920mVYKLXg8AqvXXCKS,8,plain,none,mixed,1 1 6 6 11 11 12 16
881W4WaikLwF0IP99CPA09e,8,distinct,none,distinct,1 2 4 7 8 12 14 16
881W1aGm9Kx9IIGlGaSWS8G,8,plain,none,mixed,1 1 6 6 9 10 15 16
881W9Kim9610JHeKAf0WjHG,8,plain,none,mixed,1 2 3 9 9 12 13 15
881W0OAfC8Hg91OnOdXoI41,8,plain,none,mixed,1 2 2 5 10 12 15 17
881W10gB4UJ82XWD2YLH3XW,8,plain,none,mixed,1 2 2 2 7 8 17 25
881W31WKUk9Ca8aTC962aWG,8,plain,none,mixed,2 2 3 7 10 12 13 15
881W24v6XiK28mbycHL4aoY,8,plain,none,mixed,2 4 4 6 9 9 14 16
881W0eWPyVq3aGcC81SmW98,8,plain,none,mixed,1 1 3 4 12 13 14 16
881W0XAW11oZOhf2X4IbHqb,8,distinct,none,distinct,1 3 4 5 6 8 15 22
881W1aHa1OaYLH95ym024iA,8,plain,none,mixed,1 2 3 5 5 8 9 31
881W831q42teWW74g8YfHCg,8,distinct,none,distinct,1 2 3 7 8 11 14 18
881W4f5GUVko6W43y8qd348,8,distinct,none,distinct,1 2 5 7 8 12 14 15
881W29Lz3XvIa0CLHaMCR4G,8,plain,none,mixed,1 1 5 7 8 10 13 19
881W8dAAKYIDIe0xi84c35I,8,plain,none,mixed,1 3 3 4 8 11 16 18
881W80f37lPCaOX9-T317P4,8,distinct,none,distinct,1 4 5 6 10 11 12 15
881W9G78cYbKoeXiZH0hZK4,8,plain,none,mixed,1 3 5 7 7 9 11 21
881W19n1cKeZWKmGJHLLAO9,8,plain,none,mixed,1 1 4 8 9 9 14 18
881W5K54rD16K4LhenXHJ-6,8,plain,none,mixed,2 3 3 7 8 12 14 15
881W30U58ei51X842oh3YGa,8,distinct,none,distinct,1 3 4 6 7 8 17 18
881WD4ponInmmO5KG692H4G,8,plain,none,mixed,1 3 7 7 8 8 11 19
881W0IRZCAnFH29jFEaDTeC,8,plain,none,mixed,1 4 6 7 10 10 11 15
881W0eQ4f4I12XeI5Yo32W8,8,distinct,none,distinct,1 2 3 6 7 9 17 19
881W4iMIG22obGZWGEbWO4K,8,plain,none,mixed,1 3 4 6 7 7 16 20
881WB6AaMp5KiG8Px2958C5,8,plain,none,mixed,2 4 5 5 7 10 12 19
881W4WmLNC41T8Y8aMoYmiD,8,plain,none,mixed,1 3 7 7 9 12 12 13
881W5WrR5C681D8_lqX0WJ0,8,plain,none,mixed,1 2 6 7 8 9 9 22
881WAcQgYCakKC0Iyb34XuX,8,plain,none,mixed,1 5 5 7 8 9 14 15
881W8WGAor1moYG48cIg9c5,8,distinct,none,distinct,1 2 3 5 8 12 16 17
881W1bGUYWh1KB4F9yqXPOG,8,plain,none,mixed,1 3 5 8 8 11 13 15
881W0W8CKCmIK0C73b370cP,8,plain,none,mixed,1 1 3 4 4 7 22 22
881W4QB5o3B3XH8i921eI00,8,plain,none,mixed,1 2 2 4 8 13 16 18
881W2WU2nDY630GuPPj2Y8K,8,plain,none,mixed,2 2 2 6 11 12 13 16
881W1P958ddqbGIKJuc3W58,8,plain,none,mixed,1 1 5 8 10 10 11 18
881W0haCW4N4c56alEkX530,8,plain,none,mixed,1 1 5 6 8 9 14 20
881W2D29SeqLH60cIir0WN8,8,plain,none,mixed,1 4 5 5 9 10 15 15
881W8HmE3k4gI4H7Zh8Xp38,8,plain,none,mixed,1 2 2 7 10 11 12 19
881W1JG9GIqMa1elW_7aiM9,8,plain,none,mixed,3 4 4 5 6 13 14 15
881W4aUKQfK4X85Slnjms0W,8,plain,none,mixed,2 3 6 7 9 9 11 17
881W2aHWGar98WpofBaGG8B,8,plain,none,mixed,1 3 6 7 7 8 11 21
881W9Fuaac0lqWGkgXbrK52,8,plain,none,mixed,1 1 5 7 8 11 15 16
881WA8bWm8aeqIGAHOWG8Af,8,plain,none,mixed,1 2 4 5 8 10 10 24
881W2H7Y72Hg0YhYf0mHIKY,8,plain,none,mixed,2 3 3 5 6 8 10 27
881W609aHaK9iemGmRiECa9,8,plain,none,mixed,1 2 4 4 10 10 15 18
881W80qQL8YHun9aoV14gJW,8,plain,none,mixed,1 5 6 9 10 10 11 12
881W1fI84bpb30mYHOrW8H4,8,plain,none,mixed,1 3 3 6 8 13 15 15
881W1HK8SX4e94eVFw64WLe,8,plain,none,mixed,1 4 4 6 7 10 13 19
881W48bXJd94C4eHoR1WOae,8,plain,none,mixed,1 2 2 8 8 11 14 18
881W530WIDYYXI94IIX0eWS,8,plain,none,mixed,1 2 3 8 11 11 11 17
881W1JmKyaoAH849uYX704E,8,plain,none,mixed,1 1 4 4 6 9 16 23
881W8Uefnd22f08qcRnROr1,8,plain,none,mixed,1 2 4 7 10 10 15 15
881W0E8-gbIJ9d5AT24138G,8,plain,none,mixed,1 4 6 8 8 8 14 15
881W4IKpYo2G80CMT2dbo8L,8,plain,none,mixed,2 2 4 7 9 10 12 18
881W1GrqajGn0maOK51Ve5a,8,plain,none,mixed,1 1 4 8 10 11 12 17
881W31a17eaIHWGKAEZOibe,8,distinct,none,distinct,1 2 4 6 8 9 10 24
881W0DqWjGPJQ1D2faj9Sef,8,plain,none,mixed,1 1 2 5 10 10 17 18
881W18A58kaY8H8OC5RDmL5,8,distinct,none,distinct,1 3 4 5 11 12 13 15
881W18evIg57I58mPaGJYcI,8,distinct,none,distinct,1 3 5 6 9 11 14 15
881W0KAGYfgY96CwIBd3WCA,8,plain,none,mixed,2 3 5 8 11 11 11 13
881W351-Pe7a2Q8eDJ4HL4A,8,plain,none,mixed,1 1 6 7 9 13 13 14
881W13rSgD992aKBc82qJ0X,8,plain,none,mixed,1 3 5 7 7 11 14 16
881W4aHPSpxf9GBoC2KWCM4,8,plain,none,mixed,2 4 6 7 7 10 13 15
881W460a52X8af50G429bma,8,plain,none,mixed,2 2 2 3 4 10 15 26
881W0UrGWSYbX1XGBdeABCA,8,plain,none,mixed,1 1 3 3 10 13 13 20
881W6BAKBPd410me3h4II8O,8,plain,none,mixed,1 5 7 7 8 10 10 16
881W11G84BLiG4653Q56h3W,8,plain,none,mixed,1 2 3 3 6 13 15 21
881W463aE92RCf1IHFM2WA4,8,plain,none,mixed,2 3 4 4 5 12 16 18
881W4QPSI9EQT022A44rQ24,8,plain,none,mixed,1 1 2 5 9 13 15 18
881W0mKxOgP5AWa8685H2WJ,8,distinct,none,distinct,1 3 4 5 7 11 15 18
881W8510yusX09J3pbHPCiQ,8,plain,none,mixed,2 3 6 6 7 9 10 21
881W0hQjCfU40OaiaanfsG8,8,plain,none,mixed,1 3 4 8 8 10 13 17
881W8I7OKo9DuXLLC44GMCb,8,plain,none,mixed,3 4 4 5 5 6 16 21
881W8852972JYZ4Y9aX0SUX,8,distinct,none,distinct,1 2 3 5 8 9 14 22
881W0dR3XGih8D59Hn8wV92,8,plain,none,mixed,2 3 4 7 8 11 11 18
881W0JhmC-1o23HKCndImKC,8,plain,none,mixed,1 3 4 9 10 11 13 13
881W8C5hvYH530aY5CrHWmG,8,plain,none,mixed,3 3 3 4 5 14 16 16
881W8L7aU1L6W8YNIpBbL10,8,plain,none,mixed,1 3 3 8 10 10 14 15
881W0Efj9JQW85LSfOdWIq2,8,plain,none,mixed,2 3 3 4 10 10 15 17
881W45oc212D0j5Hf8eYHIO,8,plain,none,mixed,1 3 3 4 7 11 13 22
881W1WaG4LOeA087423aILf,8,plain,none,mixed,1 1 3 4 5 13 18 19
881W0WWZsef8WOgI6A91Kua,8,plain,none,mixed,1 2 4 6 8 13 13 17
881W8026RCsbDB8J94H0XEa,8,distinct,none,distinct,1 3 4 5 7 9 13 22
881W0EAYQ84HT65JPaX8daa,8,plain,none,mixed,2 3 3 3 10 11 15 17
881W536HBOa81GAkXAVFZWK,8,plain,none,mixed,2 2 2 6 8 9 12 23
881W2HwDJg4eeD263EhHKKO,8,plain,none,mixed,1 6 7 7 8 10 10 15
881W4TECoO42HG1G6UF4baI,8,plain,none,mixed,1 2 4 5 7 11 17 17
881W10kbex8dGvGaSZcZc0W,8,plain,none,mixed,1 2 4 7 10 10 13 17
881W2qjJ9gMiIu5nX38OvH0,8,plain,none,mixed,1 3 3 8 9 12 13 15
881W978OvnELAW8ehB97WuH,8,plain,none,mixed,1 5 5 7 9 11 11 15
881W410zsDrA94e9eaboW8A,8,plain,none,mixed,2 2 5 6 9 9 14 17
881W2XfIY1WTY4IAGmMNDEO,8,plain,none,mixed,3 4 6 6 6 6 10 23
881W1meqiAaqCeG99gP1G68,8,plain,none,mixed,1 3 5 6 12 12 12 13
881W8GPhbE140geCNcoy508,8,distinct,none,distinct,1 2 4 5 6 12 15 19
881W8OieWhOS2059kT2ZXeI,8,distinct,none,distinct,2 3 4 5 9 11 12 18
881W2F50ikF9qLXUH22806Y,8,plain,none,mixed,2 3 3 4 5 7 9 31
881W0WGDnYHY12LGaKgHfuq,8,plain,none,mixed,2 2 5 5 7 12 12 19
881W28crS4I6R58A4OXH970,8,plain,none,mixed,1 1 5 7 10 11 13 16
881W51v4bdqcWXOYahazW4M,8,plain,none,mixed,1 2 3 9 10 11 14 14
881W48bBVf4Kc88HvO71CSG,8,plain,none,mixed,1 1 3 9 10 10 11 19
881W0aGgeKEQiZ0ZOX2Q94L,8,plain,none,mixed,1 2 6 6 7 11 13 18
881WA8KCBYgp1AG41GhgLKG,8,plain,none,mixed,1 4 5 6 6 9 11 22
881W8jmXm-O4Cm4nPHbOOD5,8,plain,none,mixed,1 1 6 7 8 10 11 20
881W0WGSXb5oEaO9C7KX9Om,8,plain,none,mixed,1 1 6 7 10 11 12 16
881W2H858y84fGe44f638aJ,8,plain,none,mixed,1 2 5 6 6 7 17 20
881W851WaIHAHD3cZ52X8YG,8,distinct,none,distinct,1 2 5 8 9 10 12 17
881W62XXG2p4wGOMIR1GOAA,8,plain,none,mixed,3 5 5 5 7 9 9 21
881W0UB4YSA9aGX2621euD6,8,plain,none,mixed,1 1 5 6 10 10 11 20
881W4Q8OIL81KOI8LEYwOXG,8,plain,none,mixed,1 1 3 9 11 11 12 16
881W0kuu8AuC2P91I6B2M88,8,distinct,none,distinct,1 2 3 4 9 12 13 20
881W8475e25YGaOq62J9D95,8,plain,none,mixed,1 1 4 7 10 11 11 19
881WA4IGaof7H0AP9Kk8S8C,8,plain,none,mixed,1 4 5 6 9 11 11 17
881W1X8mGyO84CG24R671Ym,8,plain,none,mixed,1 1 4 4 4 5 15 30
881W10JyrInWuGqi48A4ZxY,8,plain,none,mixed,3 3 4 6 7 8 13 20
881W3PW6kbAdOWuK4gY0Z2I,8,plain,none,mixed,1 1 2 8 8 9 12 23
881W40sDA32aKf09bIdit10,8,plain,none,mixed,1 2 5 7 9 13 13 14
881W0hAuUe9q-GoaY246mZK,8,plain,none,mixed,1 1 6 7 8 8 13 20
881W0C8eLIB6jI2XM3X2gKH,8,plain,none,mixed,1 5 5 8 8 8 13 16
881WA5GlTYnRWXGH8og9106,8,plain,none,mixed,1 2 5 8 8 12 14 14
881W12aOc8agE696Vi40Wzm,8,plain,none,mixed,1 3 5 6 7 11 11 20
881W814hqI1XmWfCi21I59K,8,distinct,none,distinct,1 2 3 8 9 10 15 16
881W2PGnYABf6WGJE565e94,8,plain,none,mixed,1 1 6 7 8 10 14 17
881W2WySCPGO84MC2I81Y8Y,8,plain,none,mixed,1 2 2 3 6 9 16 25
881W2Ca8K2OYP3eoRR1YH23,8,plain,none,mixed,1 1 6 7 9 12 14 14
881W0PT8QJZv4WaIVLf39G2,8,plain,none,mixed,2 2 6 9 9 9 12 15
881W5KMoqgaGeP9O88kGIAO,8,plain,none,mixed,3 4 4 5 8 12 12 16
881W2GqPAO7KM4m93J0NJU8,8,plain,none,mixed,1 1 2 8 8 12 15 17
881W2YXn8a-fG0Y4f9eeKA9,8,plain,none,mixed,1 4 4 5 5 12 15 18
881W10Pg8Yj00OmKH5hnNfe,8,plain,none,mixed,1 2 2 7 7 10 13 22
881W912WMv2XOJ8OAJ190QE,8,distinct,none,distinct,1 2 3 6 8 12 14 18
881W20K42R5Wr6H9cmeMc2W,8,plain,none,mixed,1 2 3 3 6 13 15 21
881W4LCQrC6B1GZorE1A018,8,plain,none,mixed,2 3 5 5 8 9 10 22
881W19anuBEYGaaABGnWW2W,8,plain,none,mixed,1 2 6 7 7 9 11 21
881WA10HUOsWWQaC2CXXSK6,8,plain,none,mixed,1 1 4 5 9 12 14 18
881W1WpYq2F2G8kd6eeZ9WG,8,distinct,none,distinct,1 2 4 7 10 11 13 16
881W24ULHe8E9Gj1ZKC26Yg,8,plain,none,mixed,2 4 4 5 5 7 14 23
881W20XokT8eGH6YKL2WqWW,8,plain,none,mixed,1 3 4 8 8 12 13 15
881W1Wn88iriocJ0vU2e0AC,8,plain,none,mixed,1 3 4 5 5 8 17 21
881W2PGIaKr0W8C4ADXNrv8,8,plain,none,mixed,1 1 5 8 9 13 13 14
881W41E4YpIv5Wmmo1GWY5a,8,plain,none,mixed,1 1 4 6 8 11 12 21
881W45wo09aYWc6Jfs5Cf8P,8,distinct,none,distinct,1 2 3 6 9 10 12 21
881WD4XYaE11z42WiPLJ5aW,8,plain,none,mixed,1 2 5 6 8 8 13 21
881W40mYTyT3amK9XucaYHm,8,plain,none,mixed,1 2 4 6 7 14 15 15
881W8o05iBnuK8XCUE678mI,8,plain,none,mixed,1 2 6 7 7 10 14 17
881W29Guii1CH8M4Fufo91W,8,plain,none,mixed,1 1 4 7 7 13 14 17
881W3Nd8Ka8tY0n4OYbfQWs,8,plain,none,mixed,1 3 6 7 7 8 14 18
881W26tqC54b3Y0Gn5QIfnO,8,distinct,none,distinct,1 3 5 6 9 10 12 18
881W558eWG40GgGewKYQE52,8,plain,none,mixed,2 2 4 4 6 9 15 22
881W1WiIM7I4WWC20cSxIWW,8,plain,none,mixed,1 1 2 6 6 7 16 25
881W52x4YHWeO0YoJ9aqOAA,8,plain,none,mixed,1 4 4 5 11 12 13 14
881W152NS52HWiHGeQ53DUO,8,plain,none,mixed,1 3 6 7 7 10 12 18
881WA1u-NYQ9CG1AcH2y8KZ,8,plain,none,mixed,1 2 6 9 9 11 12 14
881W4SG92ieNv5X42ZXDeJ0,8,plain,none,mixed,1 1 3 6 9 11 13 20
881W4K4qWgCIB8DgQg31JgK,8,distinct,none,distinct,1 4 5 6 9 12 13 14
881W0R8eqC492HCbk1XAYG8,8,plain,none,mixed,1 1 3 9 9 9 16 16
881W29BeQd0X988u44Gxk51,8,plain,none,mixed,1 1 3 5 12 12 12 18
881WCGu51XoVX9XbJ98ACy4,8,plain,none,mixed,1 1 6 8 8 8 10 22
881W1aH9X610YYYfKACfmu4,8,distinct,none,distinct,1 2 4 8 9 10 13 17
881W0GK4Y92qSaWHD7ZFbP8,8,plain,none,mixed,4 4 5 5 5 12 12 17
881W1DB50wD10YDAw6h58bI,8,distinct,none,distinct,1 3 4 7 9 11 12 17
881W1H9Gn4oR0eeHKsaQC4K,8,plain,none,mixed,2 2 7 7 8 9 11 18
881W30Wfe84Sg0YADQcH4YK,8,plain,none,mixed,1 3 4 8 11 11 11 15
881W4XF8A4IQXaeXuandyFW,8,plain,none,mixed,1 1 5 6 8 11 14 18
881W8oIQIU8WXC9qT9pOwZW,8,distinct,none,distinct,1 2 6 8 9 10 13 15
881W22E8NRI2vGm-v9a2QZg,8,plain,none,mixed,1 5 6 7 7 9 9 20
881W1OOCqq98Ae8BC29fC70,8,plain,none,mixed,1 1 2 4 6 13 18 19
881W27gJG2YGegX8KE9y96O,8,plain,none,mixed,2 4 4 5 6 9 15 19
881W11B2A3-1mXaKPL1Gtr6,8,plain,none,mixed,1 1 6 7 8 10 14 17
881W1L2ma9b1Wge4EOY0sP4,8,plain,none,mixed,1 2 2 8 11 12 13 15
881WAaWEB63XgX000mUHbEC,8,plain,none,mixed,2 2 2 4 8 8 10 28
881W8beCbSg1R04YSrVK8Y6,8,plain,none,mixed,1 4 6 8 9 9 13 14
881W8YoWewIc2iHwYVr0G62,8,plain,none,mixed,1 5 6 6 7 7 12 20
881W8K9JBYAJb0Wr1Wdh8Ki,8,plain,none,mixed,2 2 4 8 8 9 10 21
881W3A94acT1X8WQY1vLK94,8,distinct,none,distinct,1 3 4 7 8 12 13 16
881W4XZ7QAGGHGKawIUBrCG,8,plain,none,mixed,2 3 6 7 7 8 12 19
881W549Hgb7WewXa62ik8YI,8,plain,none,mixed,1 2 3 8 9 11 15 15
881W1M4CbiA90YEggM322Wu,8,plain,none,mixed,1 1 3 5 7 10 18 19
881W71YGmMgGO8aYu61meI4,8,plain,none,mixed,1 1 4 6 6 11 17 18
881W2IfBAYnL90GIWmNP7JO,8,plain,none,mixed,2 3 7 8 8 9 9 18
881WDWeUd9I2C0HFFcXcH0B,8,plain,none,mixed,1 1 7 7 8 8 13 19
881W0RrmC8_dAI92AIQghS1,8,plain,none,mixed,1 5 5 7 8 10 14 14
881W188YLNE60W634FVMOLY,8,plain,none,mixed,1 2 2 8 9 10 12 20
881W5KaGCA9k9H5122oOcUi,8,plain,none,mixed,2 3 3 6 8 11 12 19
881W0aGEO4591JWJ9dYQGea,8,plain,none,mixed,1 1 5 7 10 12 14 14
881W30YH4MCN8XKA0nZ0G83,8,plain,none,mixed,1 1 2 4 7 12 18 19
881W8G82KPzE84R9WqgLneA,8,plain,none,mixed,2 2 4 5 7 9 15 20
881W18G9oJCb-0Y897hf832,8,plain,none,mixed,1 1 5 8 8 10 15 16
881W2D53TIibSI4xO3YeGB2,8,distinct,none,distinct,1 3 5 7 8 9 13 18
881WA2ZH17YWePHO4I2nak4,8,plain,none,mixed,1 2 4 5 5 14 15 18
881W1euK88JemGS94ZMPI21,8,plain,none,mixed,1 2 5 5 6 10 16 19
881W0X44uCyeJeOD9QUdI8e,8,plain,none,mixed,1 4 4 5 7 13 13 17
881W4aArOwXneH98283T889,8,plain,none,mixed,1 3 3 3 6 14 15 19
881W5aaU1GZHTXH92X2cAYe,8,plain,none,mixed,2 2 3 4 6 10 12 25
881W2fi22YDD0WK51fOqXWG,8,plain,none,mixed,3 3 3 4 4 5 16 26
881W2cA39B7fp20hb1JDXYP,8,distinct,none,distinct,1 4 5 6 8 9 12 19
881W0nZeZV4IAHWWAo5bKg8,8,plain,none,mixed,1 1 1 8 9 12 13 19
881W6Ce4hb9nGH5E8K6x6eA,8,plain,none,mixed,3 4 6 6 6 7 15 17
881W1WGHhGe430mG4YE10GK,8,plain,none,mixed,1 1 1 2 9 11 15 24
881W2H5U10uTA4eLH8YA6YW,8,distinct,none,distinct,2 3 4 6 7 8 9 25
881W1WW5SGiL2GW874jBWGA,8,plain,none,mixed,1 1 2 5 9 12 17 17
881W2WtQMBu4XX4KGz0jQCQ,8,plain,none,mixed,2 5 6 7 7 8 8 21
881W2HqG8aQfKe0C7Be6194,8,plain,none,mixed,2 3 4 4 6 7 18 20
881W2NW5QJ81H5PST4z6GMA,8,plain,none,mixed,2 2 3 5 9 10 15 18
881W4ggKDDSf9Woi50uXoKH,8,plain,none,mixed,1 5 6 6 7 7 9 23
881W4EIeOaHGO8b8K62aA25,8,plain,none,mixed,1 2 2 4 8 10 18 19
881W36ZHX0d0Q2LAfbGOSCH,8,plain,none,mixed,3 3 3 5 6 7 9 28
881W630YsAYYU0YGKbYWWwY,8,distinct,none,distinct,1 2 4 7 8 13 14 15
881W9F52467n0TbI1P5B9g2,8,distinct,none,distinct,1 2 3 7 9 10 11 21
881W0OWPKA2b10cB55yaG52,8,plain,none,mixed,1 2 5 5 8 11 16 16
881W8CKeW4SYH88cUB4dJWG,8,distinct,none,distinct,1 2 5 8 9 10 11 18
881W0aHhniC917YEG5pAbIG,8,plain,none,mixed,1 4 5 7 7 11 14 15
881W52yGE5-81083IedaHnK,8,plain,none,mixed,1 3 4 5 6 9 18 18
881W4X9RBgK200IJnxCbXGW,8,plain,none,mixed,3 5 5 5 6 8 9 23
881W0mG2IDP4I086253Zhh5,8,distinct,none,distinct,1 2 4 5 7 9 13 23
881W90SKIeM18eH2XNDAc2Y,8,plain,none,mixed,2 3 3 5 6 11 17 17
881W63MCLsPReaGpkfb47YC,8,plain,none,mixed,1 3 8 9 10 10 11 12
881W6RnnOqL5S0WJ7eOoB2Y,8,plain,none,mixed,1 6 6 8 8 8 10 17
881WB3qH4I8250JOR56aI8a,8,distinct,none,distinct,1 3 6 7 9 10 12 16
881W0C82XC34H3iM7XXWhIX,8,plain,none,mixed,1 3 4 5 5 10 11 25
881W4AKn8yOYJ86PRA4aI0W,8,plain,none,mixed,2 2 5 6 8 10 11 20
881W06kOKA3AO95nOfwED51,8,plain,none,mixed,1 3 3 7 11 12 13 14
881W1d8gJ42DOr51HMY76LW,8,plain,none,mixed,3 3 5 6 6 7 16 18
881W1lAGZ1o30GPURLKkMY5,8,plain,none,mixed,2 3 4 8 9 9 10 19
881W2HWGIFn2KGWNBj94UfO,8,distinct,none,distinct,2 3 4 9 10 11 12 13
881W4XmJ4n3530W4dB_2v4I,8,plain,none,mixed,1 3 4 7 10 11 14 14
881W25iIPK50WQ4YNK6Z6X8,8,plain,none,mixed,1 3 4 5 7 14 15 15
881W28CJCTbw34a92ICdfm3,8,distinct,none,distinct,1 3 5 7 8 9 14 17
881W224wIdoH20aOycKXWfA,8,plain,none,mixed,2 5 5 5 8 12 13 14
881W8Xg0XZTWuiHwsIbU8KG,8,plain,none,mixed,2 3 6 7 7 7 12 20
881W48iaKkZi20K5ZQWnA8e,8,distinct,none,distinct,1 2 3 7 9 13 14 15
881W6cImO4XXQW1GuYKmGAA,8,distinct,none,distinct,1 2 3 4 7 8 17 22
881W8af52HakMGWwIe844O8,8,plain,none,mixed,1 2 4 7 8 9 9 24
881W4X58sa9aye89s53kpYI,8,plain,none,mixed,3 4 8 9 9 10 10 11
881W4c5CNK9w4113CYXsBOQ,8,plain,none,mixed,1 3 7 7 8 12 13 13
881WAHImKd9NB8nam2cya81,8,distinct,none,distinct,2 4 5 7 8 9 13 16
881W2FA9Yr53GW9GIHPNuJ9,8,distinct,none,distinct,1 5 6 7 8 11 12 14
881W1W0aPf8JfjOaJ2AH5uW,8,plain,none,mixed,1 1 3 8 8 8 16 19
881W60iKjPVT2G24gMXfASm,8,plain,none,mixed,1 3 4 6 11 11 12 16
881W0v10WoQjK9GXMpP0I42,8,plain,none,mixed,1 4 4 4 7 8 12 24
881W1WLuaMAZbeI8H4D4U0W,8,plain,none,mixed,1 1 4 6 9 11 14 18
881WCL97ZEA8aDWAs20maIW,8,plain,none,mixed,1 2 6 6 8 12 13 16
881WEWqiE5UiQ0342SY1X32,8,plain,none,mixed,1 1 4 5 6 10 17 20
881W119Ofg15WmA9HRYhov4,8,plain,none,mixed,1 5 6 8 9 9 12 14
881W4X9bEdQI410xctgmgD0,8,plain,none,mixed,2 3 4 4 9 10 11 21
881W1Gb35YvaY0aKOC20-I5,8,distinct,none,distinct,1 3 5 6 7 10 12 20
881W0XGbae94X4i6Ep9Z4YG,8,plain,none,mixed,2 2 5 8 8 10 14 15
881W1TH8CsI0O9L4y69mA41,8,plain,none,mixed,1 1 2 3 9 11 17 20
881W0XB8c2Cqb2XXcArVQLC,8,distinct,none,distinct,3 5 6 7 8 9 10 16
881W0eTcMvA4YX8eAE7ymW0,8,plain,none,mixed,2 4 5 7 7 10 11 18
881W8Wmb2bKYa2GJ9f9Yz2X,8,plain,none,mixed,1 2 6 6 11 12 12 14
881W0yXHX1GMCQehGegHEy1,8,plain,none,mixed,1 1 4 4 8 10 15 21
881W1YJW8L00C9AKkV4WGIA,8,plain,none,mixed,1 2 3 5 7 7 17 22
881W1cmJ0R0p119SSDuof4K,8,plain,none,mixed,1 1 7 7 8 10 14 16
881W24XaIgKffB2eCPmWz4X,8,plain,none,mixed,1 4 7 7 8 10 10 17
881W5aXmG6rB2GfnG7OOWGC,8,plain,none,mixed,1 1 4 5 6 12 15 20
881W8Y8KHf8Rw8F8NiWCAxG,8,distinct,none,distinct,1 3 4 6 7 8 11 24
881WA10WOH9Nwo004cZ1uYK,8,plain,none,mixed,1 1 3 6 9 10 15 19
881W0Sh4laqOk4XDsRYGcY0,8,plain,none,mixed,1 1 3 10 10 11 11 17
881WDcUim8A8948NLXeLA4W,8,plain,none,mixed,1 2 4 5 6 10 10 26
881W00aCS2aaKYRCdqL9rHa,8,plain,none,mixed,1 1 6 8 10 12 13 13
881W3398PTXoAA10UXhsW6O,8,plain,none,mixed,1 1 4 5 9 11 14 19
881W32H3aUqa2aq4X28ld_6,8,distinct,none,distinct,1 2 3 4 8 11 15 20
881W2Kb5PR00-IWfQS10xw6,8,plain,none,mixed,1 1 5 6 6 8 13 24
881W08UXYKKxw0IrOfLMbeH,8,plain,none,mixed,1 2 2 5 9 13 15 17
881W1HP2wMeKy4WHKK8YjmG,8,plain,none,mixed,1 3 5 6 9 9 11 20
881W29qC5GA0aG626B9sIei,8,plain,none,mixed,1 2 5 5 9 10 11 21
881W0WQzCEI2616SEeWbYH8,8,distinct,none,distinct,1 2 3 6 7 12 15 18
881W8pj1d9bJ8GX8iCQOvb1,8,plain,none,mixed,3 4 5 6 6 9 15 16
881W12H8NDAo4YJ8VAy0WaC,8,plain,none,mixed,1 3 4 7 7 11 12 19
881W0O8KypAKuGO89YqhgA1,8,plain,none,mixed,1 1 4 8 9 10 12 19
881W4WiG9J4I52J863AbXfA,8,plain,none,mixed,1 2 4 8 9 10 15 15
881W49YPRJA91GGpymNeGX8,8,plain,none,mixed,1 1 2 7 10 13 14 16
881W251IacIfGWZvagMYH2H,8,plain,none,mixed,4 5 6 8 8 9 11 13
881W4QL5HY6aKGW5B3XcKei,8,distinct,none,distinct,1 2 6 7 8 10 12 18
881W56OgaB8P6112UXOqhDI,8,plain,none,mixed,3 3 4 9 10 10 12 13
881W4GGIZX16IADA8acLGKg,8,plain,none,mixed,2 2 4 4 9 12 15 16
881W9LBgLRznB88IKnmY8IW,8,plain,none,mixed,1 6 7 9 10 10 10 11
881W2ZWO91bZ1L0Wm1Dvem5,8,plain,none,mixed,1 1 4 5 5 9 12 27
881W8o8YK9T75G74Ge4Vnm8,8,plain,none,mixed,1 1 5 8 8 12 14 15
881W2WGCOiA40aK61rw20WH,8,plain,none,mixed,1 2 2 3 6 8 20 22
881W2gZG8A8Z5Woel49GO94,8,plain,none,mixed,1 1 6 6 10 10 13 17
881W4GeL5Z0cGeCMhrGXWm8,8,plain,none,mixed,1 2 6 7 8 12 12 16
881W4WG5ZL0eOsTL2XH2aGI,8,plain,none,mixed,2 2 3 5 8 9 14 21
881W1CqJHO6AZJa9254K208,8,plain,none,mixed,1 3 4 4 5 9 14 24
881W0K8vxFe2moWeR8mpeg9,8,distinct,none,distinct,2 3 4 5 8 13 14 15
881W37WY31Eca9B4Gj2HCGe,8,plain,none,mixed,1 2 2 5 9 12 13 20
881W10-UlQ2qK54J33e2IR2,8,plain,none,mixed,3 3 4 5 9 9 14 17
881W2aJJFX3H0c8W8KFX8SX,8,plain,none,mixed,1 1 2 4 9 10 13 24
881W4OfPYmqS20a5nP2ZGP2,8,plain,none,mixed,1 3 3 7 10 10 14 16
881W6Z9PBCnC142S7fZtWW5,8,plain,none,mixed,1 2 6 8 8 10 12 17
881W0IAhK932I8GeqneduWm,8,plain,none,mixed,1 4 6 8 10 11 12 12
881W0SZeB7oqWc4KJb_KUY2,8,plain,none,mixed,1 3 6 7 9 12 12 14
881W99aKGC4E0W71XDH0Xmu,8,plain,none,mixed,1 2 2 4 5 14 18 18
881W4fOmOIO4Ca45aYL0J8c,8,plain,none,mixed,2 3 3 4 7 14 14 17
881W41KoLQ292iK9YC6a22e,8,plain,none,mixed,1 1 2 3 9 12 15 21
881W88basHKSqefGpwH9f82,8,plain,none,mixed,1 3 3 7 9 10 14 17
881W0Jx3eC5AYH4Bji8Y10m,8,distinct,none,distinct,1 2 3 4 8 10 12 24
881W24O-q110oQYnKKC1x1G,8,plain,none,mixed,2 2 3 5 7 8 13 24
881W9YWWX4mus415UB8WS6G,8,plain,none,mixed,1 1 1 5 6 14 15 21
881WA620tGePX12of2n98q4,8,distinct,none,distinct,1 2 3 6 8 9 13 22
881W2WmR4IOIKe8R8qoIPCm,8,distinct,none,distinct,1 3 4 5 6 13 15 17
881W0844yoFKA0mK932nH91,8,plain,none,mixed,1 1 3 6 7 11 14 21
881W50eMOOS2w082aseK4cY,8,plain,none,mixed,1 1 2 7 8 9 16 20
881W1OZfKG8JcWGXDe4OgKC,8,plain,none,mixed,1 1 1 8 11 11 13 18
881W10eQ-62uS0K98YP-ieX,8,plain,none,mixed,1 2 4 9 9 10 14 15
881W8Xi7EKfKaHXfo1EZg4O,8,plain,none,mixed,1 4 7 8 8 10 10 16
881W2WH97bZ0KBFof4Z1O8G,8,plain,none,mixed,1 3 4 9 10 11 11 15
881W15Xf2ZfXrI2q9GqHa88,8,plain,none,mixed,1 3 3 7 8 13 14 15
881W528YKqd240O5McgKnOO,8,plain,none,mixed,1 3 6 7 7 11 13 16
881W2RWC8aIaYAH2HGcYUeK,8,plain,none,mixed,1 4 6 7 9 9 10 18
881WB1XMHD249H1WvXZ1bQ7,8,distinct,none,distinct,1 2 3 4 10 13 14 17
881W10Xn8GOqQ94y4E210eL,8,plain,none,mixed,1 2 4 5 6 12 12 22
881W01OiKH2PeqE46LAHZ9W,8,plain,none,mixed,1 2 2 4 10 11 13 21
881W0Wa84QTfoe8342j9GXm,8,plain,none,mixed,1 4 4 5 7 9 12 22
881W39WG9n8u40AA4A31WbC,8,plain,none,mixed,1 1 2 4 6 12 15 23
881W8HpcjNiQ12WZGr4bX8Y,8,plain,none,mixed,1 4 4 8 10 11 11 15
881W11b2a9KgXGeHKv0XuXG,8,plain,none,mixed,1 2 5 7 9 9 13 18
881W0WC0A438c08731ZbbZn,8,plain,none,mixed,1 1 2 4 6 11 12 27
881W4qLm8iKYIW5eCjK868a,8,plain,none,mixed,1 2 3 8 8 9 12 21
881W4928ebIYA9GIbgdGe72,8,distinct,none,distinct,1 3 4 7 8 9 11 21
881W0IWGW5qbud9YDdSsLKa,8,plain,none,mixed,2 5 5 6 6 7 13 20
881W4YVEbAgZA31G7WGf6Ea,8,plain,none,mixed,2 3 3 6 9 11 13 17
881W4HbadI1YWa84uCwKNMI,8,plain,none,mixed,1 5 5 5 6 11 13 18
881W2teeCMeuA513MF8YmK0,8,plain,none,mixed,2 3 3 5 7 14 15 15
881W0quSC4WA31D7ZH10YnK,8,plain,none,mixed,2 3 3 4 7 9 15 21
881W0eLIfQL29GeIJAqOeK1,8,plain,none,mixed,2 5 6 7 7 11 12 14
881W2NXI9aE9HHN49DPKiGW,8,plain,none,mixed,1 4 4 7 10 11 12 15
881W21BeKRi5310mCHucGO4,8,plain,none,mixed,1 1 5 7 9 12 14 15
881WAE9wC2DD8D41h91w70I,8,plain,none,mixed,1 2 2 4 11 11 15 18
881W12YePC2wO16HurbXmoK,8,plain,none,mixed,1 2 7 7 8 11 13 15
881W444jys2ah0bcO6HRH51,8,plain,none,mixed,1 1 4 8 10 12 13 15
881W2XlZE7vGOGKcA1E3Eh8,8,plain,none,mixed,1 5 5 5 6 9 16 17
881W8Ga88KunmIB3aoNmsKa,8,plain,none,mixed,1 3 4 6 6 12 16 16
881W88nEHb4fa2GEVBfDhK2,8,plain,none,mixed,1 3 6 6 9 11 13 15
881W0RHAKgMy20I4h8acJ4K,8,plain,none,mixed,1 3 5 5 9 9 15 17
881W29P2HTGm9aKCQAKaJK4,8,plain,none,mixed,1 3 3 6 8 12 12 19
881W47c8nL1GY6eaOoLhXv3,8,distinct,none,distinct,1 2 3 8 10 12 13 15
881WB9fK75J5YIeIG03eI0O,8,plain,none,mixed,1 1 2 5 7 10 17 21
881W2C0wKYcZ299eqb4vCfe,8,distinct,none,distinct,1 4 6 7 8 9 14 15
881W4HLuag91b0A8t5qa62X,8,plain,none,mixed,1 3 7 7 9 10 10 17
881W4GGO35b3LAXH8br5u8G,8,plain,none,mixed,1 2 2 9 9 10 13 18
881W0GMnZ2B4bH8D8e6rWXe,8,plain,none,mixed,1 1 2 5 9 13 14 19
881W1Of4Zyoh34G9IAWOEQG,8,plain,none,mixed,1 5 5 6 8 9 12 18
881W0XLe2C2F4WiMIsg10He,8,plain,none,mixed,1 2 4 5 6 10 10 26
881W3In8YoOKqGK9W045uU9,8,distinct,none,distinct,2 3 4 5 6 9 10 25
881W0WePTp821WeGD2S2IHO,8,plain,none,mixed,1 1 2 5 8 11 14 22
881W041AjMG2XR0cB522TCE,8,plain,none,mixed,1 1 4 5 7 13 13 20
881W1hs44nT5aWqfY8WBm8a,8,plain,none,mixed,2 2 5 6 8 10 11 20
881W28mLDfmN2Wm62oe3Wf2,8,plain,none,mixed,1 1 3 3 6 12 16 22
881W41OoxK4J131WQIUnRTA,8,plain,none,mixed,2 4 4 7 8 9 14 16
881W5UZWuNUn0I8I5D0eY44,8,plain,none,mixed,1 4 4 6 7 11 11 20
881W4BTneQ4WG4aABID4H72,8,plain,none,mixed,1 3 6 6 7 8 15 18
881W44wVp40f8ON8eI3yvIY,8,plain,none,mixed,1 2 3 5 10 12 12 19
881W60Z8K5YbHmWWfobWq88,8,distinct,none,distinct,1 2 3 5 8 12 16 17
881W0eeUK88C4G422cTAYme,8,plain,none,mixed,2 3 4 4 5 5 20 21
881W12H4r4bfH672LDVs2l2,8,distinct,none,distinct,1 3 4 7 8 9 15 17
881W8aA63gzo10o32Y14APY,8,plain,none,mixed,3 3 3 4 4 6 15 26
881W355Ey61YD22WKKWo8j5,8,plain,none,mixed,1 1 3 5 9 10 15 20
881W2ZH8XHKX9AbKG1mXGsO,8,plain,none,mixed,1 4 4 5 7 9 9 25
881W8G8mI1X0ed0WG67BuCA,8,distinct,none,distinct,1 2 3 4 5 11 12 26
881W11CMucH0iGmJ5yvy4Z2,8,plain,none,mixed,1 4 4 6 8 10 12 19
881W0HYueGK2BGaaUoA652Y,8,plain,none,mixed,1 4 4 7 7 7 10 24
881W94DrE11N1WMp989LH16,8,plain,none,mixed,1 2 4 5 5 12 17 18
881W10mZ9I1HGGOKEF8-dL6,8,plain,none,mixed,1 4 5 5 11 12 12 14
881W93MWW4IL48fZiACiM8c,8,plain,none,mixed,1 4 4 5 5 9 17 19
881W03WU998e0WA6o3CjNNB,8,plain,none,mixed,1 3 4 4 7 8 15 22
881W620BfsCQG88JqhdGuQZ,8,distinct,none,distinct,1 2 5 6 7 13 14 16
881W318uPui24WA816S71Wa,8,plain,none,mixed,1 1 5 5 6 9 15 22
881W2HGN4yqEP4e55AJkKie,8,plain,none,mixed,2 4 5 6 6 12 14 15
881W26mYGIH9XH97robE31G,8,plain,none,mixed,4 4 5 5 6 8 9 23
881W2A7j6ATtm8aiiea8n54,8,plain,none,mixed,1 5 6 7 9 12 12 12
881W24GkJ0QhGFOfNtB8bAC,8,plain,none,mixed,1 1 5 6 9 11 14 17
881W49Oi99M82XWrwcoaIm8,8,plain,none,mixed,2 3 5 6 9 9 11 19
881W2YCXKXmeW86Gu635jfO,8,plain,none,mixed,1 2 4 4 8 11 12 22
881W32HHCLAsX8IHj6kGa44,8,plain,none,mixed,4 4 5 6 8 9 11 17
881W0X8cN5bC5252XZXLG8m,8,plain,none,mixed,1 2 3 5 8 13 16 16
881WA2eKk6082GL9OyIeZ1W,8,plain,none,mixed,2 2 3 3 4 9 10 31
881W1X4mfhm830G98x8WWPm,8,plain,none,mixed,1 1 1 1 5 12 16 27
881W4Grigm2D1qI6oz34d2W,8,distinct,none,distinct,2 3 4 5 7 9 11 23
881W1XXHA8gQ98IIIJg10I9,8,distinct,none,distinct,1 2 3 7 10 12 13 16
881W8XawYKOC2OJCgH36dWW,8,plain,none,mixed,1 4 4 4 8 9 10 24
881W4n4I52wOC8KCbAZaYI2,8,distinct,none,distinct,1 2 3 7 8 12 14 17
881W9oS63L4940L9Ifz0Y8C,8,plain,none,mixed,1 2 5 5 6 8 18 19
881W9HBaGuqKWIaeBmG88aQ,8,plain,none,mixed,1 2 6 6 7 8 10 24
881W1174aM8HmXaIIH1HLFX,8,plain,none,mixed,1 1 5 6 8 11 15 17
881W4997YLdCW8IJt20GMee,8,plain,none,mixed,1 4 4 7 8 9 12 19
881W12J3XH7Y8P4ApPKSQNW,8,plain,none,mixed,1 6 7 7 8 8 9 18
881W0X3ETSJqw1KSJTjX589,8,plain,none,mixed,2 3 7 9 9 11 11 12
881WB4W485j1Of841H6pGS9,8,plain,none,mixed,1 1 2 3 9 12 16 20
881W11XYbZQ51H4i8y2eGGe,8,plain,none,mixed,1 2 6 6 8 13 13 15
881W39HWOC4Z6GYGGiieG52,8,plain,none,mixed,1 1 3 4 8 12 14 21
881W2r205B41I62nOcpLOo8,8,plain,none,mixed,1 2 3 5 7 12 17 17
881W2mn49aa0CWgOKRZRkNK,8,plain,none,mixed,1 2 2 9 9 12 13 16
881W4A8iLduoGW8EL2Ghc4G,8,plain,none,mixed,1 1 8 9 9 11 11 14
881W8GGcRIIV1Y855C5an8Q,8,plain,none,mixed,1 1 6 6 10 11 11 18
881W8GXR1f4XUG9Pquw65II,8,distinct,none,distinct,1 4 5 6 8 9 10 21
881W0naH9qQ2Wof2aAuG20u,8,plain,none,mixed,1 2 3 3 6 12 12 25
881W4KJ4850X8YXW843tu43,8,plain,none,mixed,1 2 2 2 7 12 15 23
881W22J5mOyl4LG4micVA99,8,plain,none,mixed,1 2 7 8 8 9 12 17
881W50OIAai73iG4WHiaHw4,8,plain,none,mixed,1 2 2 7 9 10 12 21
881W0G8EInD9H4eRCboYOoe,8,plain,none,mixed,3 4 5 7 8 8 12 17
881W4528QAB68mZXoCrpj6W,8,distinct,none,distinct,1 2 4 5 10 11 15 16
881W3WaLGO54X8m83rGi7WG,8,plain,none,mixed,1 1 3 5 6 10 14 24
881W4AsX8gqA610CMk92H8e,8,plain,none,mixed,2 2 5 6 9 9 12 19
881W4629IYGWWU5GOE73PIe,8,plain,none,mixed,1 2 5 5 5 12 13 21
881W3HGePS14i8KB2I2a42Q,8,plain,none,mixed,1 1 3 3 7 13 16 20
881W2MBJgQhTc0H2a15AHuA,8,plain,none,mixed,2 2 6 7 7 9 15 16
881W8KsjCAm5B0WE7Eu1J8h,8,plain,none,mixed,1 3 3 3 7 9 16 22
881W2X0G7Sgfi0KA4PB8ei9,8,plain,none,mixed,2 2 4 4 7 14 15 16
881W4J6OgTm-Ke0rLJS520g,8,distinct,none,distinct,1 2 3 4 5 12 17 20
881W0gn0cbUYKOIAkMs8WXG,8,plain,none,mixed,1 1 5 10 10 11 12 14
881W25Ke8JCXQ61WrdmbYow,8,plain,none,mixed,2 2 3 5 5 11 18 18
881W82J8fqVj0XHH20YaQ9S,8,plain,none,mixed,1 1 4 6 10 11 13 18
881WAXHsuI5EWQ22IZ7X50G,8,plain,none,mixed,1 1 5 6 9 10 16 16
881WCYGGamu9ao08PCcHWmK,8,distinct,none,distinct,1 2 4 6 8 10 13 20
881W2fC_GK78I8CT87ab8WG,8,plain,none,mixed,1 3 3 4 7 12 17 17
881W4Ynuy79IOWG8N3O4QJC,8,distinct,none,distinct,2 3 5 7 8 10 13 16
881W2OmGWlnIJ8GADr54QG2,8,plain,none,mixed,1 1 4 7 7 13 13 18
881W0WKAzcIq0WeQ4aIn8fA,8,plain,none,mixed,2 3 3 7 7 8 16 18
881W4c969lgOgP1FC50qWgX,8,distinct,none,distinct,2 3 5 6 7 11 14 16
881W9AbW8adWW0vKACWWCAf,8,plain,none,mixed,1 2 5 6 6 8 17 19
881W1aX4sqZousOa82z3GI0,8,plain,none,mixed,1 1 4 6 10 13 14 15
881W8iU8Xmq9QWIHA4YD5a5,8,plain,none,mixed,2 3 3 5 8 12 13 18
881W12epa94ns0W9ymwKb8o,8,plain,none,mixed,1 1 6 10 10 11 12 13
881W5Iaja6192Sa9S24v330,8,distinct,none,distinct,1 2 3 6 8 10 16 18
881W6mOmGGII4D4bsbaG96a,8,plain,none,mixed,1 1 4 7 9 10 12 20
881W4wODpA510XWe84YGebA,8,distinct,none,distinct,1 4 6 7 8 10 12 16
881W39KboU11c8IG2YOob10,8,plain,none,mixed,1 1 5 5 10 12 14 16
881W4a1bo65JCeXfGZ1Sd3a,8,distinct,none,distinct,2 3 4 6 7 12 14 16
881W0uk8-Of8G9AM45DZ8Ga,8,plain,none,mixed,2 3 3 5 8 13 15 15
881W2EV9LBN4aYOJe0WinGG,8,distinct,none,distinct,1 3 4 5 8 13 14 16
881W1BgPaK2A1OKnYfZ2610,8,plain,none,mixed,1 1 4 6 9 9 9 25
881W0C0wOfE1z2IaH4rfuZY,8,plain,none,mixed,1 1 5 7 9 10 14 17
881W083eG5KMZ0acQ732jFX,8,plain,none,mixed,1 1 4 4 9 13 14 18
881W0WTEO48HC9YmRBc962K,8,plain,none,mixed,1 2 4 4 7 10 18 18
881WA34GBABEaW12Iho9WXe,8,plain,none,mixed,1 3 3 4 7 14 14 18
881W0WOqMGuKR98YKY740qH,8,plain,none,mixed,1 3 5 5 7 9 13 21
881W8LMH84kSo0afMIiI74e,8,plain,none,mixed,3 3 3 8 9 9 14 15
881W4ao97taXWeP0cIafCW4,8,distinct,none,distinct,1 2 4 5 8 9 11 24
881W57WK90cZ120WGHJXnSo,8,plain,none,mixed,2 3 3 4 5 10 11 26
881W6AT5e10OKGKG4IB3cCY,8,plain,none,mixed,2 2 5 5 7 10 10 23
881W2anAC44_yX1Yuj9oL8H,8,plain,none,mixed,4 5 5 7 7 9 11 16
881WC6Covw6WWWGaO2awoLY,8,distinct,none,distinct,1 2 7 8 9 10 12 15
881W6Ar4Yb530WG46JyIHG8,8,plain,none,mixed,1 1 6 6 11 11 13 15
881WB4GEqk7I2G8eOwCIKgZ,8,distinct,none,distinct,1 3 6 8 9 11 12 14
881W5JmJsJ9bC8GHIN9_54H,8,plain,none,mixed,2 3 6 8 8 10 13 14
881W4HIdILXjC90AYdJtWsa,8,plain,none,mixed,3 4 6 6 9 11 12 13
881W2YWG39OeI8C3oAB1WmG,8,plain,none,mixed,1 1 3 4 9 11 16 19
881W8C4ZIO-Wn18Q98qwHwX,8,plain,none,mixed,2 2 4 8 8 9 12 19
881W9M93jZ9pI18KboIG9I7,8,plain,none,mixed,1 2 7 8 8 10 11 17
881WA1eu2Zf11I4E4MLRY98,8,plain,none,mixed,1 2 2 7 8 12 14 18
881W45JfSAYX8mHW8L9WqM6,8,plain,none,mixed,3 4 4 5 5 6 18 19
881W20HIQDUE31Aa8HCmOao,8,plain,none,mixed,1 2 4 8 11 11 12 15
881W8aKmM444C58bJ7552Gg,8,plain,none,mixed,2 2 4 6 9 10 10 21
881W2Q8j5CY11WIPyf510X4,8,plain,none,mixed,1 3 7 7 8 9 12 17
881W2Yn8I-qaP258Bo4XWwJ,8,distinct,none,distinct,1 3 6 8 9 10 12 15
881W8abiw4a21L0WKBA25J4,8,plain,none,mixed,2 2 2 6 7 9 17 19
881WA5Y4fpKIGaGM1PRb3Vn,8,plain,none,mixed,1 1 5 6 6 9 16 20
881W0OGEApMgH88D2WZb11G,8,plain,none,mixed,1 1 4 5 6 11 11 25
881W4XWeO8r9f026ZJUmKAA,8,distinct,none,distinct,2 3 4 6 7 8 16 18
881W0aiQH2E31I4YJEhk208,8,plain,none,mixed,1 3 3 6 6 8 16 21
881W3XiiqK294aC482D120X,8,plain,none,mixed,1 1 2 6 7 13 13 21
881W2sB7L93X8KHGe10Tn48,8,plain,none,mixed,1 2 6 6 6 9 16 18
881W5IYGuCCeIaO_918C485,8,plain,none,mixed,1 2 5 5 7 7 9 28
881W0WHOXC8S51Ke6X7XmuA,8,distinct,none,distinct,1 2 4 5 8 10 16 18
881W9InHKgM3B11o1aMq841,8,plain,none,mixed,1 3 3 6 8 10 13 20
881W2XgG73Lc30eYG9EYQX8,8,plain,none,mixed,1 3 5 5 7 9 17 17
881W2vWe4hg340O53cVWIG4,8,plain,none,mixed,1 1 5 5 6 14 16 16
881W94WmYX8oYA8iPe21CWM,8,plain,none,mixed,1 1 6 7 7 10 12 20
881W1c0YN2HOaXP8K4A9GOc,8,plain,none,mixed,1 1 3 6 7 9 18 19
881WCY4YGABXuIOCL3XCI2I,8,plain,none,mixed,1 4 5 5 6 9 11 23
881W3Ab22YBMC0uLWWaYfa5,8,distinct,none,distinct,1 2 5 6 7 10 12 21
881W0HahIlKa40KH9LF5Gb2,8,distinct,none,distinct,2 3 5 7 8 9 13 17
881W22WmPgYHGBnqAP1e44I,8,plain,none,mixed,2 3 4 4 5 8 15 23
881W8cR1cGI10e4EhLgAcXG,8,plain,none,mixed,2 3 4 7 7 8 12 21
881W1X2mO5IP8LYKAR0C2P8,8,plain,none,mixed,1 2 3 5 9 9 11 24
881W0mQASYHfD5GG86IHHa1,8,plain,none,mixed,1 1 4 4 8 14 14 18
881W1gD5A4M5gGmMYGYD9K9,8,distinct,none,distinct,1 3 5 6 7 8 12 22
881W0Wb1ouK4a04LPgvOebo,8,distinct,none,distinct,1 2 3 7 10 12 14 15
881W8KdoL18MG88KJZRjKzW,8,plain,none,mixed,1 1 8 8 9 10 12 15
881W2X0SJ94YJ8631SA20eC,8,plain,none,mixed,2 2 3 4 6 12 16 19
881W469HU8eKI9n0A2532L6,8,plain,none,mixed,1 1 3 4 10 13 14 18
881W2XoN559nuGIXJnpZ9Ia,8,plain,none,mixed,5 6 6 6 6 8 9 18
881W31-t9b0mGGeaI5444r4,8,plain,none,mixed,2 3 6 6 7 7 8 25
881W2ZmWGPPZn0OAqHaeGI9,8,plain,none,mixed,1 3 3 6 8 11 12 20
881WEMn2AAR0G4aq9NaaeYX,8,plain,none,mixed,1 2 4 4 10 11 15 17
881W2H60WhsA4YHqs0mmgCg,8,plain,none,mixed,3 3 4 6 7 8 9 24
881W50GCgKqnP4WMXHxWnIY,8,plain,none,mixed,2 2 5 6 9 10 12 18
881W8gDqPVhqWm31Fem4Wam,8,plain,none,mixed,1 2 4 5 5 11 14 22
881W8UJ4KAH8I8e5gH8dAWG,8,plain,none,mixed,1 3 4 6 11 13 13 13
881W211io1AWyHAa54YZOYI,8,plain,none,mixed,1 1 5 7 8 13 14 15
881W15XWa9M28X9YjComu43,8,plain,none,mixed,1 3 6 7 8 8 9 22
881W4WKCOA1Wf2XG85JiJaJ,8,distinct,none,distinct,1 2 3 6 8 12 13 19
881W10byXw3Y20O4KdZIeva,8,plain,none,mixed,1 1 3 7 10 13 14 15
881W8FJqkZI4aGGRWaNyJ0W,8,plain,none,mixed,1 4 5 5 8 11 14 16
881WB4GebGGUv02cOuiGaKL,8,distinct,none,distinct,1 2 4 6 8 11 12 20
881W8aGUaxPX8jG2C54oWcW,8,plain,none,mixed,1 2 6 7 7 11 14 16
881W54-IX8f49e5IEa4EUF0,8,plain,none,mixed,1 2 5 5 8 10 11 22
881WA1PQ30r950fKo8oLHOG,8,distinct,none,distinct,2 3 4 6 7 11 14 17
881W1GZ8aBW888kaE4E4GQA,8,plain,none,mixed,1 1 2 3 6 12 13 26
881W916JEAakK91AafBaon4,8,plain,none,mixed,1 4 5 8 11 11 12 12
881W07JcTuHwCQGKaDrzBBA,8,plain,none,mixed,3 4 6 8 9 11 11 12
881W0bGqU3AYS3013pkYH2Y,8,plain,none,mixed,1 2 4 4 6 9 13 25
881W2Y8pnMAg20ONqcbMP08,8,plain,none,mixed,3 3 5 6 7 7 10 23
881W1agNuGABSI8E92GaLiL,8,plain,none,mixed,1 4 4 5 6 12 13 19
881W299KaITeA885J821AF4,8,plain,none,mixed,1 1 4 5 9 11 12 21
881W5nOC54S9Cs141PbGCc8,8,plain,none,mixed,2 2 3 4 7 7 16 23
881W1WqOo5ZG0nGeOE0TQKY,8,plain,none,mixed,1 3 4 6 8 9 9 24
881W9FMqao2oB4GqWaknP80,8,plain,none,mixed,1 2 6 7 7 9 13 19
881W78aJLB41A8mGeYp0GIA,8,plain,none,mixed,1 1 3 4 12 13 14 16
881W5360I6KA2WenOJP4oeq,8,plain,none,mixed,3 4 5 5 5 13 14 15
881W0Y9GQtPaI4C8yO8afYm,8,distinct,none,distinct,1 2 5 6 9 11 13 17
881W4KCA2An4gXHE621Bc2U,8,distinct,none,distinct,1 3 4 5 8 11 12 20
881W4iNYQ9aA1mbHGg690e8,8,plain,none,mixed,1 4 4 6 8 9 12 20
881W8jk4YIFBYG3IXf8eY0W,8,plain,none,mixed,2 2 4 5 5 10 17 19
881W38eGOA4gBA51W610J6Y,8,plain,none,mixed,1 3 3 3 3 12 18 21
881W0mGiKCE330841gL131W,8,distinct,none,distinct,1 2 3 4 5 7 20 22
881WE748Qn94Aa8e4C59ydm,8,plain,none,mixed,1 2 3 7 9 12 15 15
881W8YE2ff229GPu87WKDV6,8,plain,none,mixed,1 4 4 5 6 6 14 24
881W4B4WwIRTC805uYIXe6a,8,plain,none,mixed,1 2 2 4 9 10 14 22
881W898OI4IbiE93WE2BESC,8,plain,none,mixed,1 3 4 4 8 10 10 24
881W42DU9B0iaGWJHBcngGG,8,plain,none,mixed,1 1 6 7 7 11 13 18
881W150JXt6252AmIOZXGmm,8,plain,none,mixed,1 1 1 6 10 12 16 17
881W2Y59Y6oZXWeEd30lxG4,8,plain,none,mixed,3 5 5 7 8 10 11 15
881W64GE694Yog1WGwjP50G,8,plain,none,mixed,2 2 4 5 8 10 11 22
881W8A6MaCb42PHuHAdoKe8,8,plain,none,mixed,1 3 3 3 11 12 15 16
881W0WbuJoTDWmG1U4eFpeC,8,plain,none,mixed,1 1 4 8 9 10 13 18
881W1WG3n95CWua99aQ3Lu4,8,plain,none,mixed,1 1 5 8 9 10 13 17
881W46WoIN24gHD6K4DMNZI,8,plain,none,mixed,3 4 4 5 9 9 11 19
881W4Cz6mIAQymHgU9u2ww8,8,plain,none,mixed,1 2 6 7 7 9 9 23
881W8HGgEDFcIIPCaaWKqWW,8,plain,none,mixed,1 5 6 7 8 12 12 13
881W1oWhHK42SAX9Mf55WqX,8,distinct,none,distinct,1 3 6 7 8 9 10 20
881W09-WtHheGX6I5IbjD9G,8,plain,none,mixed,1 1 7 8 10 10 12 15
881W4BHe4MJXoGmUXapaI21,8,plain,none,mixed,1 5 5 6 9 9 12 17
881W0OGaJCM10H4cJ31EWX8,8,plain,none,mixed,1 1 2 7 10 10 16 17
881W066PYIGMIYGEvSS5oVf,8,plain,none,mixed,1 3 3 6 7 10 13 21
881W0WGE9yDYGeS242IbR18,8,plain,none,mixed,1 1 3 6 8 9 14 22
881W2XP17coN9e0QKYX3IRG,8,distinct,none,distinct,2 3 4 6 7 9 16 17
881W4KD6LPE250Je92XXIOC,8,distinct,none,distinct,1 2 5 8 9 10 14 15
881WD6931Zz19H4K11uajEX,8,plain,none,mixed,2 3 6 7 7 8 8 23
881W8WmOIaeJPMGC75PHiI0,8,plain,none,mixed,1 2 4 8 9 10 15 15
881W0HFKhK620oXWcAqA1HG,8,plain,none,mixed,1 3 3 4 8 9 15 21
881W92kDgYGW88Le8471IUi,8,plain,none,mixed,2 5 5 5 5 8 10 24
881W6MHqCVWGeHH8gA0deS1,8,plain,none,mixed,1 1 3 5 9 11 13 21
881W4GgPgKnA0LIKeKqx0G5,8,distinct,none,distinct,1 2 5 6 9 10 15 16
881W17c55Oi2134gYA11XHK,8,plain,none,mixed,1 2 5 6 6 7 18 19
881W2nGao4oOgKYL630M1GW,8,plain,none,mixed,1 2 5 8 8 10 10 20
881W21jC2v1GH8mKKPKfU0c,8,plain,none,mixed,1 1 3 8 9 13 13 16
881W2X0jls8aHuOG2r9AGGG,8,plain,none,mixed,1 1 2 9 11 12 14 14
881W25gcGB38NIe63na2lf4,8,plain,none,mixed,1 1 2 6 7 9 13 25
881W0uGO-Ioq30GE9YaXIK4,8,plain,none,mixed,1 1 4 7 9 11 14 17
881W4fGc8NKgCWOAZ5GcYaX,8,plain,none,mixed,2 3 4 5 5 12 14 19
881W19S8reAaZ0ID8RLynKI,8,plain,none,mixed,2 5 6 8 8 9 10 16
881W152GEw110Mf8YQ1PaYG,8,plain,none,mixed,1 2 2 4 11 13 14 17
881W0o0NjAA894eVu_CpgLW,8,plain,none,mixed,1 2 5 6 10 11 11 18
881W39-PIfeL2H8mQ42T9C8,8,plain,none,mixed,3 5 6 6 9 9 10 16
881W5L62ecmYXaHwPK0egOP,8,plain,none,mixed,1 4 4 6 8 9 15 17
881WAIdKQL8KI55ICK0WJE1,8,plain,none,mixed,1 4 4 6 8 12 12 17
881W2P63K4ZYmOGeKMxj0e8,8,plain,none,mixed,2 3 3 7 8 12 13 16
881W63f8AKZHmWeK4AAd4qM,8,plain,none,mixed,1 3 6 8 8 11 13 14
881WAL5fSk76KaGr34GIJE6,8,plain,none,mixed,3 4 5 7 9 12 12 12
881W0GzfGcobGn4o0kQArH4,8,plain,none,mixed,1 3 3 5 6 9 15 22
881W0Z1kfo3XhGI5YTTXH49,8,plain,none,mixed,2 4 6 7 10 11 12 12
881W0eWnGuCYXOe81C84E84,8,plain,none,mixed,1 1 2 2 7 9 16 26
881W54Y77iFS98J61Y5JGQa,8,plain,none,mixed,4 4 4 5 8 10 12 17
881W72Hd4CJ90i4TciVX96I,8,plain,none,mixed,1 1 5 8 11 11 11 16
881W54KR6Fa91HLH8cyi2eO,8,plain,none,mixed,2 3 3 4 6 11 15 20
881W90WaWKbonYYHAe5gWwJ,8,plain,none,mixed,1 3 3 9 10 10 10 18
881W0GKfcAA948YABAbiaXm,8,plain,none,mixed,1 1 4 8 8 12 15 15
881W16Wm995dKB11H6HGuGG,8,plain,none,mixed,1 1 6 7 8 9 15 17
881W2YGIAY91I75kaYMHuAq,8,distinct,none,distinct,1 2 3 6 7 14 15 16
881W10ZOTi6Kg8uW92amqOH,8,plain,none,mixed,1 2 7 7 9 12 13 13
881W1H55av1cYWaEKnWvh10,8,plain,none,mixed,1 2 4 4 9 10 17 17
881WDbISB2lMGOf40v1Hb4m,8,plain,none,mixed,1 1 3 6 7 7 19 20
881W2GOGWmIv102CALSgM75,8,distinct,none,distinct,1 2 4 5 7 9 17 19
881W467SO44qoWb2OBYQ4fo,8,plain,none,mixed,1 3 4 4 7 14 14 17
881W2ZY-8fQ2X29wF6QwGme,8,distinct,none,distinct,3 4 6 7 8 9 13 14
881W2D0OAY2MH9DAagaXmD4,8,plain,none,mixed,1 4 5 5 9 11 12 17
881W0ecIHPJUHGGzR9AHKyI,8,plain,none,mixed,3 4 5 8 8 11 11 14
881W0WIaAn9S94ggHaXImuO,8,plain,none,mixed,2 4 4 5 8 11 14 16
881W19f998Ouf8YCVMqPBgi,8,plain,none,mixed,3 4 6 6 8 9 12 16
881W0PGO5ViD62L8Wgoao8G,8,plain,none,mixed,1 1 2 6 9 10 17 18
881W51422f2mWZHaIJ1OefI,8,plain,none,mixed,2 2 5 5 5 8 14 23
881W2eaQ9AHAIW263oD9im8,8,plain,none,mixed,2 4 4 4 7 11 12 20
881W94Q8KQ72WWGOA3v652X,8,plain,none,mixed,1 1 6 7 9 12 13 15
881W0WIwHEn7W0eYHfNGKAf,8,plain,none,mixed,1 1 2 7 11 12 14 16
881W1GGFrHDfKaa897Br1M2,8,plain,none,mixed,2 2 2 3 12 13 15 15
881W4175K8n60WSYuXmnnPe,8,plain,none,mixed,1 1 5 6 7 11 13 20
881W0GH5YJq18OeELBbiXAg,8,plain,none,mixed,3 3 5 5 10 11 13 14
881W4IBaI2aeXHaHGZXmeS2,8,plain,none,mixed,1 4 5 5 6 11 14 18
881W10uhIn8doCWKD8OH7X1,8,distinct,none,distinct,1 3 6 7 8 11 12 16
881W0c1ERM6ygIAckGh6UJa,8,plain,none,mixed,3 3 5 6 8 11 13 15
881W2muJvQof9yOH2q5WLC0,8,distinct,none,distinct,1 3 5 7 10 11 13 14
881W10WyfQXKWGcJAA328aO,8,plain,none,mixed,1 2 4 8 8 11 11 19
881W8JbY88CYb011BtCcT3H,8,plain,none,mixed,1 2 2 5 7 10 18 19
881W45nWdYHoOg5eOGqLIPH,8,plain,none,mixed,1 2 4 6 7 7 9 28
881W0G9sS810aXAaAA19Geq,8,plain,none,mixed,1 1 2 5 8 10 16 21
881WA20mPh3pX6G4o9X8GKL,8,plain,none,mixed,1 1 4 6 10 11 12 19
881W2Gne5h8Wf35kiPKj8q3,8,distinct,none,distinct,1 3 4 5 7 13 14 17
881W4A981Z604WiR5ZnZYfC,8,plain,none,mixed,1 1 3 6 6 7 18 22
881W2KWG5I3g9WJgp9wKmKH,8,plain,none,mixed,1 5 6 7 7 9 12 17
881W8X8SAmW88GT5agIF4I6,8,plain,none,mixed,1 1 4 6 8 10 13 21
881W6ZSPIey3Wam2I4KJ6Ia,8,distinct,none,distinct,1 2 4 5 7 10 17 18
881W20j8gaGiHA3AmuQlLH8,8,plain,none,mixed,3 3 4 6 6 11 12 19
881W1B1GKDVO9GaLX-0HqhI,8,plain,none,mixed,1 4 4 6 8 11 13 17
881WC1CeOwL3eW79YaZI62Y,8,plain,none,mixed,1 5 5 6 6 12 13 16
881W42I0yE31OnmeO965EZI,8,plain,none,mixed,1 4 4 6 9 10 14 16
881W2ZGea51H0dHei21mW83,8,distinct,none,distinct,1 2 3 6 9 11 15 17
881W98aS62ibCcWHB5WY1S8,8,plain,none,mixed,1 1 5 5 6 11 13 22
881W4gWX0HNa10KSReeW8PC,8,distinct,none,distinct,1 2 3 5 7 8 14 24
881W5JcBGY22X0CYXENuYHO,8,plain,none,mixed,2 2 3 6 7 12 15 17
881W3KgEBG0XfOf4a2NGfEC,8,plain,none,mixed,3 3 5 5 6 7 14 21
881W2062cgM4erGIDqQrYWI,8,plain,none,mixed,1 2 7 7 8 10 13 16
881W2bGuCWn3P7mI905QzSW,8,plain,none,mixed,1 2 2 6 8 8 12 25
881W1WkW4y4foemdLDBqL10,8,plain,none,mixed,1 3 4 8 9 9 9 21
881WCI54XFYWWG94611GRmK,8,distinct,none,distinct,1 2 3 5 9 10 14 20
881W24IArGuTL28K9of94ae,8,distinct,none,distinct,2 3 4 6 10 11 13 15
881W552cYQMI10bKCIXWn8I,8,distinct,none,distinct,3 4 5 6 7 9 13 17
881W14gGeS6WC66IB60GBDa,8,distinct,none,distinct,1 2 3 4 9 10 15 20
881W116YoG5YqXIOAIH8mp9,8,plain,none,mixed,1 3 4 6 9 11 15 15
881W4UK8Mii6uImq8XXL0Ma,8,distinct,none,distinct,1 2 3 7 9 12 14 16
881W1HRI1ZKigP2wCVfo0Ua,8,plain,none,mixed,1 3 3 4 5 9 12 27
881W12ggSIGeSEXaKAA6H0I,8,distinct,none,distinct,2 3 5 6 7 10 12 19
881W51JO9KnOh0ebiEOf8a3,8,plain,none,mixed,1 4 7 7 8 11 13 13
881W2ATvCgA1X8m4hAoq510,8,plain,none,mixed,1 1 4 5 10 10 13 20
881W4Q99HV6PIWu7D213G_1,8,plain,none,mixed,1 1 7 7 10 10 12 16
881W2A8OeK33S485uiYgF4Y,8,plain,none,mixed,2 3 3 8 9 12 13 14
881W47A441aYY59KwaI9gH5,8,plain,none,mixed,1 1 3 8 8 11 15 17
881W318Z275EZmII819CHme,8,plain,none,mixed,1 3 3 6 6 10 11 24
881W8CBzuEgbY508IYK9-J4,8,plain,none,mixed,1 2 5 5 8 13 14 16
881W22AIYbT0C5AwY0dpgja,8,plain,none,mixed,1 4 5 5 5 7 15 22
881W4KIG4wa2X0n441syMB9,8,plain,none,mixed,2 2 4 5 9 11 12 19
881W20GIJbq5pqmI8tk18Aa,8,plain,none,mixed,1 3 3 6 11 12 13 15
881W2Q4ZnF7p4WGPuX10AO2,8,plain,none,mixed,1 1 5 7 9 11 11 19
881W108dA4A52XInQ594XWG,8,distinct,none,distinct,1 2 4 6 7 11 15 18
881W0eg3aA1mmXG8C5Eh7eY,8,distinct,none,distinct,2 3 4 5 7 10 16 17
881W8452NaMj0WIbB31H8PC,8,plain,none,mixed,3 3 3 7 7 10 10 21
881W31WHh4fP2HWhQL1uea2,8,plain,none,mixed,1 6 6 6 7 9 12 17
881W0GAt08Gj2WgkM44I9eK,8,distinct,none,distinct,1 2 3 4 5 10 14 25
881W62VA8S64I8eaDLeN8X0,8,plain,none,mixed,1 1 5 8 8 8 8 25
881W31WG5HDep8OF19IfmW8,8,plain,none,mixed,2 2 5 5 7 10 13 20
881W30K4Ge9OI8IF4LAdA4a,8,plain,none,mixed,1 2 4 5 5 14 16 17
881W1MbvPGI1w55S6fHJdqX,8,plain,none,mixed,1 3 7 7 9 9 10 18
881W042Goh9OA6CxQA31eiG,8,plain,none,mixed,3 3 5 5 6 7 16 19
881W4GbelMg56W01mS12pf4,8,distinct,none,distinct,1 2 3 7 10 11 13 17
881W10PrJXSPYeGRM4i4CiO,8,distinct,none,distinct,1 3 5 6 8 9 13 19
881W0XaaHmk4YGA96GioGfa,8,plain,none,mixed,1 2 5 7 10 10 14 15
881W1Dh9C4i410Pafj1YoP4,8,plain,none,mixed,1 3 7 8 9 9 11 16
881W5512fs5o94PaOL10eOe,8,distinct,none,distinct,1 2 4 7 8 12 13 17
881W4WnDc4Z120OKsxHGHOi,8,plain,none,mixed,1 4 5 9 10 10 12 13
881W13GIC9Fea022o2kYr6J,8,plain,none,mixed,1 1 4 5 8 10 13 22
881W4L2gMAD4C8XXJOC69sA,8,distinct,none,distinct,1 3 4 6 9 10 13 18
881W9X5GeZ3nuoKEJHb6Z2a,8,plain,none,mixed,1 4 5 8 8 10 12 16
881W4W48rNMKQI54931NVoC,8,plain,none,mixed,2 3 5 7 8 8 9 22
881W4PvGes2oX8G4u4fIS92,8,distinct,none,distinct,1 3 5 6 8 10 15 16
881W422bQP10W5G8I33Xz6Y,8,plain,none,mixed,2 2 3 4 9 9 16 19
881W0W7GIFIY1XWcR8t7JC6,8,plain,none,mixed,1 1 2 10 12 12 12 14
881W2fI8kJBSeW4nM32P8D1,8,plain,none,mixed,1 4 5 6 10 10 14 14
881W4X92WAHe2Z1bMI9CjQT,8,plain,none,mixed,2 4 4 6 6 11 14 17
881W29nHaC4vPGYAHItiI34,8,distinct,none,distinct,1 2 5 6 9 11 14 16
881W1GgH463mY0MZH8d2EB3,8,plain,none,mixed,2 2 4 4 10 13 14 15
881W4ayGs350G5bI55AYQYn,8,distinct,none,distinct,1 3 5 8 9 11 12 15
881W8oDagI18fWD5Ga1Cg4X,8,distinct,none,distinct,1 3 4 6 9 12 13 16
881W00535YR6b94rGeaZbn0,8,plain,none,mixed,2 2 4 5 6 14 15 16
881W52mzgIGeYOGLO891PIf,8,plain,none,mixed,2 4 4 7 8 8 13 18
881W4fJ5Cb0w48CWu4nxy92,8,plain,none,mixed,1 2 2 8 8 10 13 20
881W5292AfH928C9C79ybea,8,plain,none,mixed,1 3 5 6 11 12 13 13
881W422WQSkeG92IS2ZHeeO,8,plain,none,mixed,2 2 6 7 7 9 13 18
881W8C142XOMuaqq8aYP5DW,8,plain,none,mixed,1 2 4 4 9 9 17 18
881W34cGmeP5GGLOcaOSMCc,8,plain,none,mixed,2 5 5 5 7 8 10 22
881W0WWeaYGpa8IA98SJTaq,8,plain,none,mixed,1 3 6 7 7 11 14 15
881W116I8KJeKYfaqQ0OK5I,8,plain,none,mixed,2 3 4 4 6 9 14 22
881W1Am8d5k-Xo51UEgCgW2,8,plain,none,mixed,1 3 6 6 9 10 11 18
881W0O6L5rXpf9W442dgFm1,8,plain,none,mixed,1 1 4 6 7 8 16 21
881W50HkcHaokJ1XAeC0fGH,8,distinct,none,distinct,1 2 6 7 8 10 13 17
881W2MhHlZaeK192bJ1X1An,8,plain,none,mixed,3 4 4 6 6 12 12 17
881W28YaoeuLo4auJKcB8N8,8,distinct,none,distinct,1 4 5 8 10 11 12 13
881W238ANY14a9ShaC61FL2,8,plain,none,mixed,1 3 5 5 9 11 11 19
881W1Y0HWHWWn4WOwTOeOQ8,8,plain,none,mixed,1 1 1 5 6 10 17 23
881W424xI52PAaq9K832Xv8,8,distinct,none,distinct,1 3 4 5 9 11 12 19
881W0KqZIaYAcYCoPg8wJu8,8,plain,none,mixed,2 3 6 6 11 11 12 13
881W28mMOASO2WA23qJ7J8I,8,plain,none,mixed,1 2 2 5 7 9 18 20
881W0RIbCaI4YGKYX4XdOD6,8,distinct,none,distinct,1 2 4 6 10 12 13 16
881W2A0HMQX5J4m8pCo1OR8,8,plain,none,mixed,1 1 3 3 7 12 16 21
881W8aQYXHeeA90JCA56W6c,8,plain,none,mixed,1 2 3 3 10 10 17 18
881W349coYGaIXXQmYPCrWG,8,distinct,none,distinct,1 2 4 7 8 13 14 15
881W8KbygfKf3W2e8gg60Lg,8,plain,none,mixed,1 1 4 9 9 10 13 17
881W0e95HOAPaf4u93X4irC,8,distinct,none,distinct,1 2 5 6 7 11 13 19
881W60m845JYnED00GriY11,8,plain,none,mixed,1 1 2 3 6 7 16 28
881W0O94bB60K5Ym42XnQIG,8,plain,none,mixed,1 1 2 3 8 10 19 20
881W4XgEJq2AYGocrs6L0Ge,8,plain,none,mixed,2 4 6 6 7 9 13 17
881W1MR5hbu4222BoP650e8,8,plain,none,mixed,2 2 5 7 7 7 11 23
881WD0WHL1P4gObC4421mYQ,8,plain,none,mixed,1 1 3 5 10 12 13 19
881W4H4KgcxH0GGAgD18h4g,8,distinct,none,distinct,2 3 6 8 9 11 12 13
881W004MCg2rIAL6YpSNQaa,8,plain,none,mixed,4 5 6 7 7 8 9 18
881W2qmeuYIriI2hOQ3i881,8,plain,none,mixed,1 1 6 6 6 10 14 20
881W0or94aRhwAJGJf98I0Z,8,plain,none,mixed,1 3 3 5 7 9 16 20
881W1GeeoeeA4mmM7AH3a2D,8,plain,none,mixed,1 3 4 5 5 9 12 25
881W52HKA4cT8b0Z85i20G4,8,plain,none,mixed,1 1 3 4 7 12 16 20
881W161OebrG8F4CoOZoXAe,8,plain,none,mixed,1 1 4 8 9 11 11 19
881W0G8wgEN2WmOA9AJIeaY,8,plain,none,mixed,2 5 6 8 8 8 9 18
881WAAmmaBHfI224-oNKY63,8,distinct,none,distinct,1 2 5 6 10 11 14 15
881W12W3UT9H9QbAICHv0we,8,plain,none,mixed,2 3 5 6 6 9 12 21
881W48oX4K4gaX49c-BgP5Y,8,distinct,none,distinct,1 2 7 8 9 10 12 15
881W4XWHApTZ1Cm2aBfeCYG,8,plain,none,mixed,1 1 4 4 12 13 14 15
881W2WI8KCoff58H8tQ8eS0,8,distinct,none,distinct,1 2 5 6 8 12 13 17
881WC0ub2mY6GaBPB9OwUxG,8,plain,none,mixed,1 3 4 5 10 10 14 17
881W0EIWIL3KQ2f4NBaKQYK,8,plain,none,mixed,2 2 7 8 8 10 12 15
881W4HC-MJC54G01bbqeH1G,8,plain,none,mixed,2 2 3 4 7 11 17 18
881W0cTy8O3Xa995ChIXU8a,8,plain,none,mixed,1 6 7 7 10 10 11 12
881W26X9B2YIYZKIXmdvWW2,8,distinct,none,distinct,1 2 4 5 7 13 15 17
881W1CcpS92qYIO43BYGW4K,8,plain,none,mixed,2 3 3 6 8 13 14 15
881WC52kg5OmGWOQg9695aa,8,plain,none,mixed,1 5 5 6 7 9 12 19
881W8MmKKMQB3G2bbK7j10W,8,plain,none,mixed,1 2 4 7 7 9 15 19
881W2gGX8G00H4eSy2IF7co,8,plain,none,mixed,2 3 3 4 4 8 13 27
881W21WgNZd2GO8C6LMP88m,8,plain,none,mixed,1 3 5 7 11 11 13 13
881W2BuZGKC8218_gBeIB4I,8,plain,none,mixed,4 4 5 5 6 7 14 19
881W423p88X0aWIeCB2fGei,8,plain,none,mixed,1 1 5 6 9 10 16 16
881W112GUJKo19KSCTJf444,8,plain,none,mixed,1 3 3 4 10 12 13 18
881W3YygKMHOQe24qYKYA2K,8,plain,none,mixed,2 2 4 6 8 12 15 15
881W1GKG8a3zY4AA4YSaM6a,8,plain,none,mixed,2 3 3 6 7 10 15 18
881W116n4fA70j886-dYn30,8,plain,none,mixed,1 1 3 6 8 11 13 21
881W2GeO9L50i4I92mu_Oy4,8,plain,none,mixed,1 3 5 8 8 10 10 19
881W6ZXTDKq20aGUH9P20W5,8,distinct,none,distinct,1 2 3 7 9 10 13 19
881W8XmmKhg20YCA6GwYHOe,8,plain,none,mixed,1 1 4 6 9 14 14 15
881W4KAZ38c395HWG6pXn8A,8,plain,none,mixed,1 2 2 3 6 12 19 19
881W1EBS8pRB50X8D6TrGH8,8,plain,none,mixed,1 1 6 6 10 13 13 14
881W0HIowUT1Wn8oIGjaWWW,8,plain,none,mixed,1 4 6 9 9 10 10 15
881W8ALA7EuSKW92AcIj6KG,8,plain,none,mixed,3 3 4 5 9 12 13 15
881W4HfJT2Y040MIvAga10a,8,plain,none,mixed,1 3 3 4 5 8 12 28
881W41CqEXHeYGO1WC11J52,8,plain,none,mixed,1 1 1 4 7 9 12 29
881W2GL8SA9bD10XBIw2BCb,8,plain,none,mixed,3 3 4 5 10 12 13 14
881W2CA9A5XHY0L2XWphhCe,8,plain,none,mixed,2 3 4 6 6 6 11 26
881W3EH8o8XWbI8bcaA1GT2,8,plain,none,mixed,1 2 4 7 8 8 14 20
881W89SiaSCk1G51eYHiIao,8,plain,none,mixed,2 2 3 4 11 12 14 16
881W0DxOIwAY8Y8OJKubp4Z,8,plain,none,mixed,1 3 9 10 10 10 10 11
881W0978aeHEa8mgKpfs710,8,distinct,none,distinct,1 3 4 7 8 10 11 20
881WD5YGe5qXGGCGaBX8aK6,8,plain,none,mixed,1 3 3 5 7 8 17 20
881W02unesckR8AIwGecYR2,8,plain,none,mixed,1 3 3 8 8 10 15 16
881W53AaSL5I0WGuEJIXw54,8,plain,none,mixed,2 3 5 8 11 11 12 12
881W48h42KiH8HmOnPX8cIC,8,plain,none,mixed,1 1 5 7 7 10 13 20
881W2WmCyuCcJ4G48K520kM,8,plain,none,mixed,2 3 3 5 7 8 16 20
881W1fE722jcI0KYIGuSaOO,8,plain,none,mixed,1 3 4 6 6 9 13 22
881W31WkiKWH8GeK2D1QeqZ,8,distinct,none,distinct,1 2 4 6 7 12 13 19
881W908OIdQHeA4E54jFOcK,8,plain,none,mixed,1 1 4 9 9 10 12 18
881W12Xm82ngzX8WeOXOGAA,8,plain,none,mixed,3 3 3 4 6 7 18 20
881W54X92iW10ajw53b1WG5,8,plain,none,mixed,1 1 2 5 8 13 14 20
881W4GX1J9WvIoZATjwbK0I,8,plain,none,mixed,2 2 3 5 6 12 14 20
881W632OwwHWWa4uAA59KMA,8,distinct,none,distinct,2 3 5 6 8 9 15 16
881WA31XwjmmGGbC240WKmQ,8,plain,none,mixed,2 2 3 6 7 7 18 19
881W4WS32mvR5YX4521Iou6,8,plain,none,mixed,1 2 5 5 9 10 10 22
881W20WgeFAofO21Fukch3K,8,plain,none,mixed,3 4 5 5 7 7 13 20
881W9AbHiAG214v673Ie42W,8,plain,none,mixed,1 2 3 4 7 9 9 29
881W1Ws3IZ17v4AnPAPILb0,8,plain,none,mixed,1 4 5 6 11 11 12 14
881W4K4C6fhvCXD872XYBmH,8,plain,none,mixed,2 3 5 5 8 10 10 21
881W0XWacKyMB0468LF2WG5,8,plain,none,mixed,1 2 4 5 8 12 16 16
881W4L0WK88X0D52YNByyI8,8,distinct,none,distinct,1 2 3 4 12 13 14 15
881W3BOQSKKBKH4aaDPHFWG,8,plain,none,mixed,2 4 5 5 6 11 13 18
881WE31Wh9X210J94bXmmWC,8,plain,none,mixed,1 1 3 7 8 11 15 18
881W4M4vO72i22YgL2aXYao,8,plain,none,mixed,3 3 3 6 10 10 14 15
881W2H50uSkP5G86H4mOA4e,8,plain,none,mixed,2 3 3 4 5 9 12 26
881W4xorKNeoPH08LI2Zc28,8,plain,none,mixed,1 5 6 7 8 12 12 13
881W2F1P4PBf5X1QS5KWe94,8,plain,none,mixed,1 1 5 8 9 10 11 19
881W450a9C65D153XEK21Wh,8,plain,none,mixed,1 3 3 3 6 11 15 22
881W4WyH8u374eW5bJKKHB5,8,plain,none,mixed,2 4 4 4 9 11 14 16
881W938851Wer95WW8SEe8O,8,distinct,none,distinct,1 2 3 4 6 7 12 29
881W6KWGJda4hHH43t94Oa5,8,plain,none,mixed,1 3 3 5 8 14 14 16
881W4YjYHCTFHK81gO1yfJW,8,plain,none,mixed,1 3 4 4 7 12 14 19
881W6B9LCcT3X8WII8ah600,8,plain,none,mixed,2 4 4 6 7 10 12 19
881W9K88OHmZyD55aqZAeK4,8,plain,none,mixed,2 2 3 5 7 12 15 18
881W4X8KE78tCWA4YfcEK64,8,plain,none,mixed,1 4 6 6 8 10 12 17
881W0Xfjf31A25af8mdMGmH,8,plain,none,mixed,1 3 3 5 7 11 16 18
881W65PHJefC9GBs2i65TUm,8,plain,none,mixed,3 4 6 7 9 9 9 17
881W0aH6gYRAEt0eBb1QWWY,8,plain,none,mixed,1 1 2 7 8 11 15 19
881W2618pLLQLI4ae30ZDie,8,plain,none,mixed,2 4 4 7 8 9 9 21
881W5dGoKi20eIGa2I7H4Yo,8,distinct,none,distinct,1 3 4 6 9 12 13 16
881W4KXgfb0WeOnyIDB6f68,8,distinct,none,distinct,2 3 5 6 7 10 12 19
881W050gm4aHH9PCgBr1Wsb,8,distinct,none,distinct,2 3 5 7 9 10 12 16
881W4CH-PIPuWIAYiOB1H5C,8,plain,none,mixed,1 2 8 8 8 9 11 17
881W19CQ5P1R1WE44PYogS8,8,plain,none,mixed,1 2 4 5 7 11 11 23
881W2VDk4-mxjnH8A2WYeu1,8,plain,none,mixed,2 3 4 6 6 10 15 18
881W8464M9Cc8X8K8WG9b7X,8,plain,none,mixed,1 1 2 4 8 9 9 30
881W9nmaIC4x4W51WeXsu44,8,plain,none,mixed,1 2 4 4 9 12 14 18
881W13f4H8mMqO87h8qQ2b8,8,plain,none,mixed,2 4 5 5 6 6 15 21
881W444mOBJnvm5aI9L2X3a,8,plain,none,mixed,1 1 7 8 10 12 12 13
881W2HLDR5YXOWW8SIA97AI,8,plain,none,mixed,5 5 6 6 7 8 10 17
881W4Hg5nqJH065auI4gCcE,8,plain,none,mixed,1 2 6 6 7 7 17 18
881W52OklcSfaa08R5ecSIW,8,plain,none,mixed,1 1 7 8 9 12 13 13
881W5GPDWAMH8AfALBj9K81,8,plain,none,mixed,1 2 4 6 10 10 11 20
881WALOeS9KC0r243rPYq20,8,plain,none,mixed,2 2 4 4 5 7 15 25
881W216448hX0GuiL9ahfPe,8,plain,none,mixed,1 5 5 7 9 11 11 15
881W0G9rIi5225WaQaboWWH,8,plain,none,mixed,1 1 6 6 8 10 13 19
881W2L8WWEhr2Z00E21GfOY,8,plain,none,mixed,1 2 3 4 7 9 19 19
881W60Od3HSUHW8Pg8KE4ie,8,plain,none,mixed,1 1 1 2 7 10 19 23
881W0dNPDb9RL28MW8XiUOo,8,plain,none,mixed,4 4 4 4 9 10 11 18
881W62WKGC6D4H4XHT5AWmO,8,distinct,none,distinct,2 3 4 7 8 11 14 15
881W2vTgaAKv1X8X4bYXHa4,8,plain,none,mixed,2 4 5 6 10 12 12 13
881W12rcIE14aYbJ8B8gWX0,8,plain,none,mixed,1 3 4 7 7 8 17 17
881W1P894e25ACm43RbQE40,8,plain,none,mixed,1 1 4 5 6 9 18 20
881W04GI3EdH1DH8aI_3f6Y,8,distinct,none,distinct,1 2 4 8 10 12 13 14
881W3IfB9ahOA8SJY16GHA8,8,plain,none,mixed,1 3 5 6 8 13 14 14
881W462k4E6MQGX0Hc2pD2K,8,plain,none,mixed,1 1 4 5 8 11 15 19
881W0fGOA9634253XhI94B5,8,distinct,none,distinct,1 2 4 7 8 12 13 17
881W4H7NbYIA218HqgZX308,8,plain,none,mixed,3 4 5 5 6 10 10 21
881W21kus32U8r2I4moZcAW,8,plain,none,mixed,1 2 5 9 9 9 11 18
881W0a1r40yagmPooq-Ja-G,8,plain,none,mixed,2 2 5 5 9 10 13 18
881W10XGvYHuO1om4494gRI,8,plain,none,mixed,2 2 3 4 6 11 11 25
881W910Z8SEhXAWR8o29Ceq,8,plain,none,mixed,1 1 6 7 9 9 11 20
881W1D0WWFD0KIAaTI1Wi94,8,plain,none,mixed,1 1 1 6 9 10 15 21
881WA4NKQ8ZIp02n8LjWb5A,8,plain,none,mixed,1 2 2 8 10 11 13 17
881W2WM6SY0OQDSH8IA3Gj0,8,plain,none,mixed,1 2 2 3 6 11 14 25
881W298YXlRi142CDfb2BG9,8,plain,none,mixed,1 4 5 5 7 12 14 16
881WB1WUG6B0819an6bH94J,8,plain,none,mixed,1 2 2 4 10 13 15 17
881W1QHKG3Cn50aJYtzYYaK,8,plain,none,mixed,1 2 6 8 8 10 14 15
881W8W8Phf1092IL6Y47OiD,8,plain,none,mixed,1 3 3 3 4 9 17 24
881W2Xmy68aKYG211NZoGO2,8,plain,none,mixed,2 2 4 6 6 10 12 22
881W05Wp4jFQRMWtOId2z8G,8,distinct,none,distinct,2 4 5 7 8 11 12 15
881W1C9-GW8r0W3jzKaHB8M,8,plain,none,mixed,1 1 4 6 9 10 15 18
881W510497CLJJ1WIPt3KSI,8,plain,none,mixed,2 4 4 5 5 9 15 20
881W2XG5c5oGG8aCAD7tQ1A,8,plain,none,mixed,2 3 3 4 9 13 15 15
881W2AG4mA454XGffXmcYnO,8,plain,none,mixed,1 2 3 5 5 10 16 22
881W2owiZEP2104qjBfHWW8,8,plain,none,mixed,1 3 6 7 7 7 16 17
881W8ZeW9B0eGWdIPNa-iGO,8,plain,none,mixed,1 1 6 7 9 10 14 16
881W4GcBqA56106hvOaHYn8,8,plain,none,mixed,2 2 4 5 9 11 15 16
881W9Z8ZtzgA349JKHX5391,8,distinct,none,distinct,1 3 4 6 7 9 13 21
881W8ioanGed4G1HbOKQ8f4,8,plain,none,mixed,1 5 5 6 9 9 12 17
881W9GaGGH98qQWIE50WIKg,8,plain,none,mixed,1 3 4 7 9 11 11 18
881W27QCIH5IPWXGUGO9UP9,8,plain,none,mixed,1 4 6 6 7 7 14 19
881WA35bY-Jg4eX4C1n0fB5,8,plain,none,mixed,2 4 5 7 9 9 11 17
881W1JadCLIt214yf8MJgeI,8,plain,none,mixed,4 5 6 6 7 8 12 16
881W2IGD2Wo3KGeNxjMMCG4,8,plain,none,mixed,2 4 5 6 6 10 10 21
881W24JZujYX0I0i2REP8mq,8,plain,none,mixed,1 1 2 9 10 11 13 17
881WE11ZLA2pvWHGG1W9uoa,8,plain,none,mixed,1 2 2 7 7 8 16 21
881W2cpv0XYXmAGKoL288K6,8,plain,none,mixed,3 3 3 4 4 5 16 26
881W08ur2z4asb2qT68gQ30,8,plain,none,mixed,1 1 4 9 11 12 13 13
881W4KYtacsa4059DBAKvq6,8,plain,none,mixed,1 4 7 7 8 10 13 14
881W9aytceuA604mVY332GK,8,distinct,none,distinct,2 4 5 6 7 8 10 22
881W2nhaaHKhaHWaA8OHe84,8,plain,none,mixed,1 3 7 8 8 9 11 17
881W18Ru4Yhu11GNIbCmB8g,8,distinct,none,distinct,1 2 3 7 11 12 13 15
881W620Ki61-98K9vCWn9AY,8,plain,none,mixed,1 3 5 8 10 10 12 15
881W0eKTs7sO0WeB9dq0nG2,8,plain,none,mixed,1 1 6 6 8 8 15 19
881W0gamDCE14Y72I6f10We,8,plain,none,mixed,1 2 2 8 8 11 14 18
881W4K96ZheLB0fu72n0H0H,8,plain,none,mixed,3 3 4 5 5 8 18 18
881WA4acZb8n0mOeVJbAWL4,8,plain,none,mixed,1 1 6 7 10 12 13 14
881W9KXWpFovi10a6A18UZ1,8,plain,none,mixed,2 2 4 5 8 10 14 19
881W450E2FCmvJ42YAqvb8H,8,distinct,none,distinct,1 2 5 6 7 9 13 21
881W0mjuS239H0aHGYSgD52,8,plain,none,mixed,3 3 3 4 7 13 13 18
881W4ZA31Gg0uGKgY94M927,8,plain,none,mixed,1 4 4 6 6 8 12 23
881W4H8La3310YX8eC2XOSE,8,plain,none,mixed,2 2 3 8 9 9 10 21
881W52X554X2XGqI105Z8aM,8,plain,none,mixed,1 2 6 6 6 8 10 25
881W0K5CAiwZX2OYQEcABO4,8,plain,none,mixed,1 3 8 9 10 10 11 12
881W1031BGaaC8WvB4B5YVK,8,plain,none,mixed,1 2 2 4 5 9 20 21
881W2aIH62RqB4P2YX6HeO8,8,plain,none,mixed,1 1 5 6 7 12 12 20
881W63QTEV2H0WOa6Q8X292,8,plain,none,mixed,1 5 6 7 9 10 13 13
881W1A8IgY962GeSrQmOZn8,8,distinct,none,distinct,1 3 4 5 6 12 14 19
881W08WwiYGLmnIZSYSLMim,8,plain,none,mixed,1 2 4 4 7 12 14 20
881W0cJ9bLacmbL22X1DgZ4,8,plain,none,mixed,2 3 4 8 8 9 13 17
881W18qa8qA4A88C4E0MAco,8,distinct,none,distinct,1 2 3 4 6 13 16 19
881W841Cfdezf62k9aYgfWa,8,plain,none,mixed,1 3 4 4 9 11 15 17
881W455Y8Iai8aZodsP4ICu,8,plain,none,mixed,1 5 5 5 7 13 14 14
881W8c4YN92oQb0Wmpf94J4,8,plain,none,mixed,2 3 3 5 7 11 15 18
881W0eabIKB2WaaA4CxXbI9,8,plain,none,mixed,1 5 6 6 8 10 14 14
881W1amHkA2B4BWAD5LX0I9,8,plain,none,mixed,1 2 2 4 11 12 13 19
881W2En5Ko10YHf4SwLD30W,8,plain,none,mixed,2 3 5 6 6 10 15 17
881W4A6SHOb3I08qEaa9Tf4,8,plain,none,mixed,1 1 5 8 10 12 13 14
881W0eG4peeeAGiRA212alG,8,plain,none,mixed,1 3 3 5 7 8 18 19
881W30iI6vA4IWGC4J7wUWW,8,plain,none,mixed,1 1 7 7 8 9 15 16
881W4YE59y862e8a51I51Z9,8,plain,none,mixed,2 3 4 4 6 7 17 21
881W172WlPeRb0X3QsX98CK,8,plain,none,mixed,2 2 3 7 10 11 12 17
881W1BJbm5TpnX8AY7Ap4LC,8,plain,none,mixed,1 3 4 8 8 10 13 17
881W0gKi2geC4WmMwoP3n88,8,plain,none,mixed,1 4 4 5 8 10 13 19
881W4bHKDfxvq1HZgkGZa8I,8,plain,none,mixed,3 3 4 4 9 11 12 18
881W19rXOID1a92v5rra60W,8,distinct,none,distinct,1 2 4 5 8 10 11 23
881W4Gb8cKS20WOAoPT71H8,8,distinct,none,distinct,3 4 5 6 8 9 10 19
881W0WgDTQnYG9KC25zw6f0,8,plain,none,mixed,2 3 3 5 9 12 13 17
881W810sT5E298H8d2aZmYg,8,plain,none,mixed,1 2 3 5 10 13 15 15
881WC5WGXX0G9P88eSI90wI,8,plain,none,mixed,1 2 2 3 4 10 14 28
881W3003j540YGaA9roumGe,8,plain,none,mixed,1 2 3 3 7 10 13 25
881W5YXnQv4YoG8K4g04EXG,8,plain,none,mixed,1 2 3 8 8 9 11 22
881W328YHXwRewH1pdBbvc8,8,plain,none,mixed,3 3 5 8 9 10 10 16
881W29SKgYHPH8cO08LKY4a,8,plain,none,mixed,1 2 4 5 5 6 15 26
881W13PrccI8Y08HasUuZ1W,8,distinct,none,distinct,2 3 4 6 8 10 11 20
881W4QBbq63TOX2AGYH1QA2,8,distinct,none,distinct,1 3 5 6 9 12 13 15
881WDIaoHn64mo88NaGmQI9,8,plain,none,mixed,1 4 5 5 8 10 10 21
881W2BcoL6TYmYbaHJIW48C,8,plain,none,mixed,3 4 4 5 8 11 12 17
881W3A8aA2bQY0YIvXRj8L2,8,plain,none,mixed,1 4 4 6 8 9 11 21
881W0aRP38gsP21elqibHIm,8,plain,none,mixed,1 5 5 5 6 13 14 15
881W8CqxYKM760GtQ4PXmuC,8,distinct,none,distinct,1 4 5 6 7 10 14 17
881W62Am8a3XY88uigKYU94,8,plain,none,mixed,1 1 6 7 11 11 13 14
881W2P0_CI4Z58IOEA1QUWW,8,plain,none,mixed,1 1 4 10 10 10 12 16
881W31biJGb2aX0XEn4fHPG,8,plain,none,mixed,1 4 7 7 8 11 12 14
881W8I98lYorILHY4YIgWg2,8,plain,none,mixed,3 3 4 6 9 11 14 14
881W1M73Ig8aIY0KgI18sXG,8,plain,none,mixed,2 2 4 6 10 12 13 15
881W3AfdGgJ8aT0me90GYoe,8,plain,none,mixed,1 4 4 5 7 11 15 17
881W30YdIMne012C6P10vCQ,8,plain,none,mixed,1 1 3 5 6 11 17 20
881W0HSj077Secb9bdILbB0,8,plain,none,mixed,2 3 5 5 7 9 10 23
881W18GOhHRLg4iG63C9Gv0,8,plain,none,mixed,1 1 1 9 9 13 15 15
881W1N4AqJQ90bB2QR50IGP,8,distinct,none,distinct,1 2 4 6 9 12 13 17
881W0WSE2qua1WeQAbJ1YSI,8,plain,none,mixed,1 2 6 7 7 9 15 17
881W811orT8y017Xa172XKq,8,plain,none,mixed,1 1 4 5 6 9 16 22
881WA71GLHeaM82WiC20WOG,8,plain,none,mixed,1 1 3 3 8 14 16 18
881W2vjC2-D8M88BP6EWfWG,8,plain,none,mixed,1 2 4 5 6 12 12 22
881W0PwnaYAWG39Cf8gYIA5,8,distinct,none,distinct,1 3 4 6 8 10 14 18
881W19X9Mb4We4iATHbH4dG,8,plain,none,mixed,1 2 8 8 10 11 12 12
881W0ma89D05J4KA41UpRoO,8,plain,none,mixed,1 4 4 5 6 6 19 19
881W4IuOKKK4E4IEHF92WGA,8,distinct,none,distinct,1 2 4 6 7 10 15 19
881W2J4YK5qwh255I30X-Z8,8,plain,none,mixed,2 3 4 5 9 13 13 15
881W0OL92IoHg18w3XmtrA9,8,plain,none,mixed,3 3 5 7 7 8 9 22
881W2P0KCHLlQ0eHFEGHpAc,8,distinct,none,distinct,1 3 4 7 9 10 11 19
881W5ZRGBQPW0f8I4R4ijei,8,plain,none,mixed,2 3 5 5 5 10 13 21
881W0uLSSVaIgK84SfYHJG0,8,plain,none,mixed,1 4 4 5 9 11 12 18
881W821Baj8x90hA61XAbMS,8,plain,none,mixed,2 3 5 5 6 8 14 21
881W4epHMiwTo4AWgM598J2,8,plain,none,mixed,1 2 4 9 11 11 11 15
881W51A4c_2nEK8vo28j0iG,8,plain,none,mixed,1 1 7 8 9 9 14 15
881W12J4w4WWoAhb65AZSG4,8,plain,none,mixed,1 2 3 8 11 12 12 15
881W1jW8GaEpWH5EcEML2iG,8,distinct,none,distinct,1 2 5 6 9 10 13 18
881W4RSrXUeO10GJSrD4He2,8,distinct,none,distinct,2 3 5 7 8 9 11 19
881W4HI8BA4uiWamu6YSuu9,8,distinct,none,distinct,1 2 5 6 7 10 16 17
881WCI9qv7NuYA8568X0bqa,8,plain,none,mixed,1 4 4 6 8 12 14 15
881WB3vyN9fieO51A71a0EK,8,plain,none,mixed,2 3 4 5 10 12 14 14
881W2GgepBd44HIO9umheCI,8,plain,none,mixed,1 3 6 9 9 10 13 13
881W29WmD3CkcWC405PbkZ9,8,plain,none,mixed,1 2 4 6 9 10 10 22
881WBAOgOK6IX810s58HFaa,8,plain,none,mixed,2 3 3 6 6 6 18 20
881W45Zf0N55Wg2Pp5FKULA,8,plain,none,mixed,3 5 5 5 9 9 10 18
881W5aWLiEaX8HHG41efbUX,8,plain,none,mixed,1 3 3 8 9 11 13 16
881W5dAbHs8qQ114KI0amoK,8,plain,none,mixed,3 3 6 6 7 9 12 18
881W9MJtMIaWmOKItKcKHOG,8,plain,none,mixed,4 5 6 8 10 10 10 11
881W0WCn8adL4mGLB94k85e,8,plain,none,mixed,1 1 6 7 7 10 15 17
881W4A8e8iqJ1WC8K5Y230g,8,plain,none,mixed,1 2 2 3 10 11 13 22
881W0GePG0ZBKKa94aijPgu,8,plain,none,mixed,2 4 5 5 5 7 16 20
881W2HfIi2634WI9Gf9b1WW,8,plain,none,mixed,1 4 4 5 6 10 15 19
881W9CM4y8cDB46G55P3XG6,8,plain,none,mixed,1 2 4 5 8 14 14 16
881W1OXnL4Yd30IHH2JXIa6,8,plain,none,mixed,1 2 2 7 11 13 14 14
881W9GeRERZtw2W833HAGYe,8,plain,none,mixed,1 4 6 6 8 12 12 15
881W1Dah5qb3Pd1KiJa0uU0,8,plain,none,mixed,1 1 2 4 10 10 18 18
881W4aoRL36ZKGRC64OmiGW,8,plain,none,mixed,1 3 5 10 11 11 11 12
881WEHHI97Za98XGPaaKW6c,8,plain,none,mixed,1 3 3 7 7 10 16 17
881W0BV7W6-PGAJabB4yiq2,8,plain,none,mixed,2 4 4 5 9 11 11 18
881WD52Iu422XWWGaSWO84o,8,plain,none,mixed,1 2 3 3 7 7 17 24
881W4IG4Nvyt20mISeKNeW2,8,distinct,none,distinct,1 3 5 6 7 10 13 19
881W4aUX4yJ9n1382ENYE2X,8,plain,none,mixed,1 3 5 5 7 11 14 18
881W4XYGT8SEqb0KegQCgJG,8,plain,none,mixed,3 4 4 5 9 10 12 17
881W91GcG9HWGE54Y5AZ9IO,8,plain,none,mixed,1 1 7 8 8 10 13 16
881W0vIbaY58H98FBn8ZAWG,8,plain,none,mixed,1 3 7 7 10 11 12 13
881W4403B1X0XnnG84H0mea,8,plain,none,mixed,1 1 2 3 3 9 22 23
881W4I224C5PCaec32Xn2Xa,8,plain,none,mixed,2 3 3 5 5 6 16 24
881WAGpe-8WGGAea6S150KA,8,distinct,none,distinct,1 2 4 6 7 9 10 25
881W46H4nhc32Z888Y1cYfK,8,distinct,none,distinct,1 2 5 6 8 11 13 18
881W0eOqR9icQ08428N9cCH,8,plain,none,mixed,2 5 5 6 7 9 11 19
881W2YKt1gH0uWCOyD2heJ2,8,plain,none,mixed,1 1 6 7 10 10 14 15
881W8IvrIr2H0GHS4E8gG06,8,plain,none,mixed,1 1 1 6 8 11 16 20
881W0C4fq51CwIIoK43ZraH,8,distinct,none,distinct,2 3 4 5 6 10 15 19
881W1mQGGCe4612GA6CWH8i,8,plain,none,mixed,1 1 1 4 12 12 14 19
881W2HH98U0mjGCVTbZKG45,8,plain,none,mixed,2 2 4 8 8 11 13 16
881W318j249QXGQM98DbX0c,8,plain,none,mixed,1 3 5 5 6 10 16 18
881W0InKIzoXH4aOYLP6WIC,8,plain,none,mixed,1 6 7 9 10 10 10 11
881W9IgWCg9iW4pc2kI898b,8,plain,none,mixed,1 4 4 4 9 13 13 16
881W2YI74WrAL8GWWHOhzOG,8,plain,none,mixed,2 3 4 5 7 7 12 24
881W0eeUfYOW986F8aD1oNW,8,plain,none,mixed,1 1 3 5 7 10 17 20
881W41v5xJuC1mIKqq5CH8m,8,plain,none,mixed,1 4 5 5 8 9 10 22
881W42IauW4XeLGSM7YlQ50,8,plain,none,mixed,1 3 4 4 7 12 13 20
881W49Iag8aJJX0Gas8I9NX,8,plain,none,mixed,1 1 6 8 8 9 14 17
881W41cnODb1YOGWmquaMGa,8,plain,none,mixed,1 2 7 7 8 9 14 16
881W4HIXPGb5A50OhREz4Y6,8,plain,none,mixed,2 2 4 7 9 11 13 16
881W54QCHI9RhGZ344gCXmb,8,plain,none,mixed,2 2 3 4 6 13 16 18
881W62H8XTQYf0GE3IeJ5-a,8,plain,none,mixed,1 3 6 8 8 9 10 19
881W28aJOeCJWWEJAo2P8aK,8,distinct,none,distinct,1 3 4 6 8 10 14 18
881W18Wgw-bKoiG499FC2qX,8,plain,none,mixed,1 3 4 8 8 10 14 16
881W423vBwUaG4EXC8bXmYO,8,plain,none,mixed,1 1 3 7 9 12 15 16
881W719a8YT10nGYg4fSWmO,8,plain,none,mixed,1 1 6 8 11 11 13 13
881W6Bag7jGaKGWRSH50aaA,8,plain,none,mixed,2 4 5 5 7 10 14 17
881W5S59esB0Wa9m52hk520,8,plain,none,mixed,1 2 3 4 7 14 14 19
881W31XO4DA8yWmQNGdeOIA,8,plain,none,mixed,1 1 6 7 8 11 14 16
881W15Z0YNsT2IX5rB18GmI,8,plain,none,mixed,2 4 5 5 6 11 12 19
881W4yoO8SAow8n83Y8H6eH,8,plain,none,mixed,1 4 4 8 9 9 14 15
881W0374DqnI89IRZfcpXp8,8,plain,none,mixed,2 4 5 5 5 12 15 16
881W266Jag1gB0XFxEXHGb3,8,plain,none,mixed,1 3 5 5 10 10 12 18
881W31jGWGO9Se84P4a2351,8,plain,none,mixed,1 3 3 4 6 7 12 28
881W8Xjg63vIvH5af0iIAh8,8,plain,none,mixed,4 5 5 5 7 7 8 23
881W0cbJ2muIwH5Q9aA18JH,8,plain,none,mixed,2 2 4 5 6 10 14 21
881W2ea9aJGgJOGL2Hyue0W,8,plain,none,mixed,2 2 2 4 7 9 19 19
881W0MmGGL4YA0fqCd96X4Z,8,plain,none,mixed,1 1 5 5 10 13 14 15
881WC3wcIQKb124qDnKqx1G,8,plain,none,mixed,1 3 5 8 10 10 10 17
881W34LbUK64WQ2vJIgIb10,8,plain,none,mixed,1 1 6 6 8 11 12 19
881W8ZmSL42o8n1WWEvQ8e9,8,distinct,none,distinct,1 3 4 5 8 9 11 23
881W10Z8431qWf2nH8aOaKC,8,plain,none,mixed,1 2 3 7 8 8 14 21
881W4WWhOGb0uHC-xQB2vQI,8,plain,none,mixed,3 3 5 6 6 11 11 19
881W8aX9KPquS20-94kGeI2,8,distinct,none,distinct,1 3 5 8 9 10 13 15
881W14W2bhaqgJG4F462TIX,8,plain,none,mixed,1 3 4 5 8 8 14 21
881W8cXel8YZGCLgH7T2XeX,8,plain,none,mixed,1 1 6 7 9 11 11 18
881W413aE400Cd9LobI1X0Y,8,plain,none,mixed,1 2 2 3 4 10 14 28
881W0agLsn8OIE8J82B4WiH,8,plain,none,mixed,1 4 5 7 7 8 13 19
881WCjepq730WiWeu2APZg4,8,plain,none,mixed,1 3 6 7 9 9 10 19
881W15a84iK12HL0WhrB1XG,8,distinct,none,distinct,1 2 3 4 6 7 19 22
881W8A88pC58O1Ne81XphIo,8,plain,none,mixed,1 2 3 3 4 9 21 21
881W2PA4gY10WeeuO418cG8,8,plain,none,mixed,1 2 3 7 7 11 13 20
881W8G9cpUIq2286G53Hv8A,8,plain,none,mixed,1 3 4 5 6 6 19 20
881WC4nI94cYHG3X8b8ID8C,8,plain,none,mixed,1 1 3 6 7 12 16 18
881W322mxMBfc48sauH0qcA,8,plain,none,mixed,1 4 5 6 8 10 10 20
881W610LLQJPam2SeD01fKq,8,plain,none,mixed,1 1 4 6 7 12 14 19
881W2a94XeXaK4Ldd3XqWwK,8,distinct,none,distinct,2 3 5 6 7 10 15 16
881W18X1boX10mm4I90vGf8,8,plain,none,mixed,1 1 1 4 11 12 14 20
881WB2AB4H6YzG3eY0ecv2I,8,distinct,none,distinct,1 2 5 6 7 10 15 18
881WC4KG12570OCcovEvanm,8,plain,none,mixed,1 1 4 5 10 12 13 18
881W25WelZX4KBCB8G718eG,8,plain,none,mixed,1 1 2 3 11 11 12 23
881W2geq18ZA1GQEt58KKh5,8,plain,none,mixed,1 3 3 5 5 8 15 24
881W0aY8nIOiWQ8J44E1uoP,8,plain,none,mixed,1 1 2 7 9 10 13 21
881W40chA26f2WqZnL5HuXW,8,plain,none,mixed,1 1 3 6 11 11 15 16
881W8WYG6LN2HJKSA4h1SWG,8,plain,none,mixed,1 3 8 9 9 11 11 12
881W46BeDC50cI4JH63Z2X8,8,plain,none,mixed,1 1 4 6 12 12 13 15
881W2XHUqcIWmaK0KE0PPYW,8,distinct,none,distinct,1 2 3 4 7 10 12 25
881W2C71XPHWmaLac10eGIm,8,plain,none,mixed,1 2 5 5 6 8 13 24
881W8250n9720X3XCXGGGPq,8,plain,none,mixed,1 1 3 3 4 13 13 26
881W0XKI44KFN216Y9dC65I,8,plain,none,mixed,2 2 3 4 7 8 19 19
881W1PDG9AL0ZG44Q-aIXGG,8,plain,none,mixed,1 2 2 5 11 13 13 17
881W3IGwYEF6a8A4yfBKaWW,8,plain,none,mixed,1 2 2 5 12 13 14 15
881W2902aI6JWGmOADMBvz8,8,plain,none,mixed,1 2 2 10 10 13 13 13
881W1EFAAomeJWf9A5Rl4u8,8,distinct,none,distinct,1 4 5 6 9 10 13 16
881W4SqwDfEX0WnqPBe0YK2,8,plain,none,mixed,1 1 6 8 8 11 13 16
881W87YKJAYSYW2ofTawWW2,8,distinct,none,distinct,1 3 4 5 7 13 14 17
881W31WmeX-H8aGAEIaYHGY,8,plain,none,mixed,1 2 4 8 10 11 11 17
881WE10uTA4214H8495X0W9,8,plain,none,mixed,1 1 2 4 11 12 14 19
881W1amIqA70ekKgPD0RDa0,8,plain,none,mixed,2 3 7 7 7 10 10 18
881W2Weh2L6F30c83SJ7Wea,8,distinct,none,distinct,1 2 5 6 7 9 15 19
881W4IYgnw1085m4Q6F4eKX,8,plain,none,mixed,1 1 2 8 9 9 12 22
881WC8aE69L1Ok82XIbIH4G,8,distinct,none,distinct,1 2 3 7 8 9 14 20
881W11eegJ8QHH6YPG72MjG,8,distinct,none,distinct,1 5 6 7 8 9 10 18
881W83fKJFym0CLCjE8aX6m,8,plain,none,mixed,1 3 5 5 8 8 10 24
881W0WwVHaaIIX884d8D54e,8,plain,none,mixed,2 2 3 5 8 11 14 19
881W2nLq4Gb7XWYHN6b9J98,8,plain,none,mixed,2 2 4 5 8 11 14 18
881W912WPH8eoPX3aM10eGG,8,plain,none,mixed,1 1 2 3 9 15 16 17
881W66RK44Iie0ZL3HlK4kL,8,plain,none,mixed,2 3 4 4 9 11 14 17
881W0WGyTb4E1WAA4fI1Xua,8,distinct,none,distinct,1 2 4 5 7 10 17 18
881W2AH5g9LYnaeAXIABGJ8,8,plain,none,mixed,1 5 7 7 8 10 11 15
881W30q54dp4Wee21mrDd88,8,plain,none,mixed,1 2 2 5 7 10 12 25
881W12C928P4Q8u2oR5Zg3Y,8,plain,none,mixed,1 1 3 5 8 11 15 20
881W8XicH58iWQ51Y7EZUGW,8,plain,none,mixed,1 1 6 8 8 11 13 16
881W2ZHH2ZBKvb0qnWcfeA0,8,plain,none,mixed,1 4 4 5 5 11 17 17
881W20KGE0uisWaK8KDB9R9,8,plain,none,mixed,2 3 5 5 7 8 12 22
881W10mZ9QYGsGW92F9o54m,8,plain,none,mixed,1 1 2 7 8 14 15 16
881WAYbAMu20mGH4i3DHeZ1,8,plain,none,mixed,1 2 4 8 9 9 15 16
881W113WXX14XOig8q21KmO,8,plain,none,mixed,1 1 4 5 9 10 14 20
881W8JCKIAvKa99ZYE10KPY,8,distinct,none,distinct,1 3 4 7 9 12 13 15
881WE0qdoOLfX8ZC8Oq4NKQ,8,plain,none,mixed,1 3 5 6 8 10 10 21
881W8GIEvXCa8dIL5bHbnK8,8,distinct,none,distinct,1 4 5 6 8 10 11 19
881W1RmQEAP3aI74JIGKYWW,8,plain,none,mixed,1 1 5 7 9 11 15 15
881W81uEnOtSig15fCgg2ZW,8,plain,none,mixed,1 3 5 7 7 9 16 16
881WCM51WyYZ9GWa41X8cUa,8,plain,none,mixed,2 3 3 6 6 8 13 23
881W5CAIX9K42OfYzS217u4,8,distinct,none,distinct,1 2 4 5 7 10 11 24
881W215II53CYCYIGU8KMn9,8,distinct,none,distinct,1 3 4 5 8 9 13 21
881W3X8YBGwH90aME3Q51G5,8,plain,none,mixed,1 1 2 8 9 9 16 18
881W1A51KwP4o8GIiL2WC0W,8,plain,none,mixed,1 2 4 4 6 9 11 27
881W19O9XrHAn0IG6RbLtqY,8,plain,none,mixed,2 3 3 5 9 11 13 18
881W800eIJYWpZ8aKg5v4O8,8,plain,none,mixed,1 1 1 8 9 9 15 20
881W04fx6BB8kXHRsL4ONZ2,8,plain,none,mixed,1 5 7 7 8 9 12 15
881W12oL6c54AJ9WH9B2icG,8,distinct,none,distinct,2 3 4 6 9 11 12 17
881WA14-dr231YG484b0X9C,8,distinct,none,distinct,1 2 3 4 11 12 14 17
881W5YL8G82XPWG8C5Q21B6,8,plain,none,mixed,1 1 3 5 8 9 14 23
881W22mFIHZ-AWKH_PuX9GH,8,plain,none,mixed,2 3 3 6 9 10 11 20
881W9IXUR55GiG7293C5L2C,8,plain,none,mixed,1 2 5 8 8 9 15 16
881W0Gj9KHm_HamLT8i4XJ2,8,distinct,none,distinct,1 2 3 5 10 11 12 20
881W0G9n9HLaY4GUL75YiQK,8,plain,none,mixed,3 4 6 7 7 10 11 16
881W1213oY5aGWeChoH8yea,8,plain,none,mixed,1 2 6 8 9 9 11 18
881W98eCaFZu8cOFBct1AG1,8,plain,none,mixed,1 1 6 6 10 13 13 14
881W21HJH8CA2WKJQ4K631O,8,plain,none,mixed,1 3 4 5 7 9 9 26
881W2GQaWIcq11m8BykneO6,8,plain,none,mixed,1 1 4 7 10 12 12 17
881W62XG8DH2v8mUVS0WKM8,8,distinct,none,distinct,1 2 3 6 9 10 14 19
881W12bYc5ZGWAPCA91HKnA,8,plain,none,mixed,2 4 4 6 7 8 15 18
881W30aLCTeb50GPCLKJf98,8,plain,none,mixed,1 4 7 7 7 12 12 14
881W273WKH8fGmJQ54YGi84,8,plain,none,mixed,2 3 5 7 7 10 10 20
881WA6ymRIz2WW8ccOLCXX4,8,plain,none,mixed,1 3 7 9 9 10 12 13
881W4Zbeuo8ePGmN4mF2L51,8,plain,none,mixed,3 4 6 6 6 7 14 18
881W9CcOSAL550a535Ho110,8,plain,none,mixed,1 3 3 5 6 8 16 22
881W2YZf41HovaOof8C8mA0,8,plain,none,mixed,1 2 5 5 7 7 18 19
881W0W68So0WWbeOA33lRWH,8,plain,none,mixed,1 1 1 7 7 14 16 17
881W26694EIjAIGjd2XAH51,8,plain,none,mixed,3 4 5 5 7 9 13 18
881W234edH410uWGw9aYrX8,8,plain,none,mixed,1 1 6 8 9 9 15 15
881W119JEo6CobAoEUYuhZ0,8,plain,none,mixed,3 4 4 5 9 11 13 15
881W18wOLGf910coS8QIoOG,8,distinct,none,distinct,1 2 4 7 8 9 14 19
881W0NNqymf3AMGKXYKN-UW,8,distinct,none,distinct,2 3 5 6 8 12 13 15
881W8cUH8O5Za86gZISIM4Y,8,plain,none,mixed,1 5 5 6 9 9 10 19
881W19HEhhotu88AGphCR24,8,plain,none,mixed,3 4 5 5 11 11 12 13
881W520eb9D0jG43-uaGqII,8,plain,none,mixed,2 2 4 8 9 10 14 15
881WATMN5iea80A96A2doS1,8,plain,none,mixed,1 5 5 6 7 8 14 18
881W4GeKBHd0qe62dJ2POW4,8,plain,none,mixed,1 3 7 8 8 9 9 19
881W3NcID5orS0fJOaI0Y2a,8,plain,none,mixed,3 3 4 6 6 13 13 16
881W4CqIAA4Vmh41XIQJrCG,8,plain,none,mixed,1 3 3 6 7 10 14 20
881W4YDumbBc88A96BokCJg,8,plain,none,mixed,1 3 7 9 9 9 10 16
881W3PuZ4yHEX82PB2br5X0,8,distinct,none,distinct,1 3 4 5 7 12 13 19
881W8HWw85KaA2eI9H97Xa3,8,plain,none,mixed,1 1 2 5 11 12 16 16
881W18DJAqYI218y8ajcmeA,8,plain,none,mixed,1 2 4 8 9 12 14 14
881W28yP7UG5KPmlIQ2yfW8,8,plain,none,mixed,1 3 6 7 7 8 10 22
881W20YOM492Wf2HBt2hbGe,8,plain,none,mixed,1 2 5 9 10 10 13 14
881W8JHMeq02YWJ5YfcT1WW,8,plain,none,mixed,1 2 4 7 7 7 8 28
881WA2XIiAumO892cI21mmf,8,plain,none,mixed,2 3 4 6 6 11 12 20
881W51HGu2g56X0Xs5DWG8C,8,plain,none,mixed,1 1 5 6 7 12 15 17
881W4IJ1AAYt80YvL9NbGK9,8,plain,none,mixed,1 3 5 5 7 11 14 18
881W18We0Q54mGoPFE70C10,8,plain,none,mixed,1 1 1 2 7 11 12 29
881W0nv4IAIXA1CaQnKWWSD,8,plain,none,mixed,1 3 8 8 9 9 12 14
881W0Zwy66PD68aaW49ud1W,8,plain,none,mixed,1 2 2 3 6 10 16 24
881W2aMP4a9j10FameJoH52,8,plain,none,mixed,1 5 6 7 7 10 13 15
881W8yIHUvUYi0G34cbXU22,8,plain,none,mixed,1 1 4 5 8 12 15 18
881W4X3X9Sqc5m0lfMAfGa6,8,plain,none,mixed,1 3 3 7 8 13 14 15
881W8EH6Qm11908ekLPsgan,8,plain,none,mixed,1 5 7 8 8 9 13 13
881W5M0YENJeY935K6AKCWW,8,plain,none,mixed,2 2 3 3 12 12 13 17
881WB4Dme4eW04SkIL52YSZ,8,plain,none,mixed,1 1 2 6 7 12 13 22
881W7DKGNOf4qO1XK5EWuem,8,plain,none,mixed,2 2 3 7 9 10 11 20
881W492S2dPz2X2SikIoW54,8,plain,none,mixed,1 2 4 8 8 11 12 18
881W24MgiV4I52AK4TC1mf2,8,plain,none,mixed,1 1 6 8 9 9 12 18
881W91YD21PaICLan0aJH2W,8,plain,none,mixed,1 1 5 6 8 9 11 23
881W21A2Vv53iWOrSqf5LIY,8,plain,none,mixed,1 4 7 8 9 11 11 13
881W4WWKA8K2BWA3XIEB4IA,8,plain,none,mixed,2 2 3 5 5 11 17 19
881W0hey10yzg5AaY4i9Ae8,8,plain,none,mixed,2 4 4 5 6 9 11 23
881W51CpCme314e8b6iFco5,8,distinct,none,distinct,1 2 5 6 9 10 11 20
881W1XnQLLO3S045VnZeKKZ,8,plain,none,mixed,1 3 5 7 9 12 12 15
881W55z8jKaI8Y2XYeNaH9H,8,plain,none,mixed,1 3 4 4 6 10 13 23
881W00F6K4J5XbugCa3X6YW,8,distinct,none,distinct,1 2 4 5 6 12 15 19
881W2HZCEv3mWKmqS5DMG45,8,plain,none,mixed,1 1 7 7 8 11 13 16
881W8lkEXGK9y89KIGaD8YA,8,plain,none,mixed,3 3 4 4 7 8 11 24
881W232W8Ac1WbWWW6XmaIC,8,plain,none,mixed,1 1 3 4 5 10 19 21
881W4KbIi420XGfqcJPT0X0,8,distinct,none,distinct,2 4 5 6 7 9 12 19
881W4Qyuq3X1Y863T4eAa8e,8,plain,none,mixed,1 2 2 8 8 9 10 24
881W4iHOwECcIeHeE1K1m10,8,plain,none,mixed,1 1 4 7 9 11 12 19
881W0HzDACn1H8GUNHtagGa,8,distinct,none,distinct,3 4 6 8 9 10 11 13
881W3NY8ZHGb385MG0STCOK,8,plain,none,mixed,2 3 3 4 8 10 11 23
881W1BP882D5AWeKmHhmB4X,8,distinct,none,distinct,1 2 3 6 7 8 18 19
881W0D1rm4251fbgac420ZH,8,distinct,none,distinct,1 2 3 4 5 12 16 21
881W0HTmWN8C60GAKMCaXPC,8,plain,none,mixed,2 2 3 3 6 13 14 21
881W08mHIi2130o526U52H8,8,plain,none,mixed,1 1 1 2 9 11 19 20
881W021gZqYXGcH4S21JfEI,8,distinct,none,distinct,1 3 4 5 7 8 15 21
881W1WeHA8jYK4q32Z4c8-I,8,plain,none,mixed,1 3 3 5 5 11 16 20
881W10KO4Y84C4OD42F4I8c,8,plain,none,mixed,1 1 2 5 5 11 18 21
881W4iL4A0kLI91WB51QiGY,8,plain,none,mixed,1 2 2 3 7 10 13 26
881W3faqHAnbwm0636X47i1,8,plain,none,mixed,2 3 4 4 8 9 14 20
881WAH4T7aCmX0XKhCruROI,8,distinct,none,distinct,1 2 6 8 9 11 12 15
881W11W862I7p8462Paf8mO,8,plain,none,mixed,1 2 4 5 5 11 13 23
881W28WGGWOQL0YSDKI94bK,8,plain,none,mixed,1 1 5 6 8 11 12 20
881W44POR14ID15Z9Z4bHef,8,plain,none,mixed,2 3 4 5 5 13 15 17
881W2LALAZTIXp0YI8H0G82,8,plain,none,mixed,1 1 5 8 11 11 11 16
881W0ejsCvGe8bGbSbPXo4G,8,plain,none,mixed,1 3 7 7 10 10 11 15
881W31HL8Yq410KKJfFX10i,8,plain,none,mixed,1 2 3 7 9 9 9 24
881W4Yf7042CY8KHXGbMcne,8,plain,none,mixed,3 3 3 5 7 7 13 23
881W29cH51h0WmKYIH6QnOG,8,plain,none,mixed,1 1 7 8 8 11 11 17
881W0c8b43XJ09HmO4oTLGY,8,plain,none,mixed,1 1 4 5 8 9 13 23
881W1WGLnOhCGWa985CQSeO,8,plain,none,mixed,1 1 6 8 10 11 13 14
881W1AdZo5FK00IXdR0GGeI,8,distinct,none,distinct,1 3 4 5 8 10 16 17
881W2H2StSM9104rKar22HO,8,distinct,none,distinct,1 2 4 5 6 12 15 19
881W0ocLg2o92X8feK9qPT2,8,distinct,none,distinct,1 4 6 7 8 10 11 17
881W8W94OA7OI74Z953L864,8,plain,none,mixed,1 3 4 4 11 11 14 16
881WAL56YI4pf542J0W8x8K,8,plain,none,mixed,2 3 4 6 6 8 13 22
881W2IbGe12LJWKAWm3fsaq,8,distinct,none,distinct,1 3 4 7 9 10 11 19
881W085Kf4eM118aNh211WY,8,distinct,none,distinct,1 2 4 5 7 8 16 21
881W4I9e4QP3IaKCBgb2A30,8,plain,none,mixed,2 3 3 6 9 10 14 17
881W0WSFoDE400QL56Y12eK,8,plain,none,mixed,2 2 4 4 5 7 17 23
881W0I44YcGZYgbOKgagl8a,8,plain,none,mixed,2 3 3 4 7 11 13 21
881WAH94XKGeKCXKq21WmoG,8,plain,none,mixed,1 2 6 6 7 10 15 17
881W41GhjLN4YOGUY4X4sHW,8,plain,none,mixed,1 1 7 7 11 11 12 14
881W0aQ9C2J70cOA4YYc843,8,plain,none,mixed,1 1 3 8 8 10 16 17
881WAC7iXH9InWXWf849Tq4,8,distinct,none,distinct,1 2 3 7 9 12 13 17
881W0dSoa98aC2mvc54ZoiL,8,distinct,none,distinct,2 3 5 6 8 9 15 16
881W1pp2aCA6eHe4afnF9aH,8,plain,none,mixed,1 1 5 6 9 12 14 16
881W4KO54ev9CX5GhMh3uS3,8,plain,none,mixed,1 2 3 5 13 13 13 14
881W0eGn0G4fH16uQ8sH8hL,8,plain,none,mixed,1 1 4 7 9 10 15 17
881W4XORAAGaI4gBa93XpZ0,8,plain,none,mixed,2 2 3 6 6 13 14 18
881W0kBYoz7fD0ncH2GKHb1,8,plain,none,mixed,1 1 4 7 9 9 12 21
881W1I8TiUQKOaSGowSLOA0,8,plain,none,mixed,1 2 5 7 10 10 14 15
881W0WYm8AB2QLmOFf9GaKA,8,distinct,none,distinct,1 2 3 8 10 11 14 15
881W22XIbSvaGWC2YYRiE9m,8,plain,none,mixed,1 1 6 8 10 12 13 13
881W4XSKY94Q0HMgv6L8Y9Y,8,plain,none,mixed,1 1 5 7 8 11 15 16
881W3QCY84PeV0GCrkisG2I,8,distinct,none,distinct,1 2 3 5 10 12 14 17
881W18mKIHhji8864aIt6E8,8,plain,none,mixed,1 4 6 6 7 9 14 17
881W51WZ_-8OaG8IgC0X8Kc,8,plain,none,mixed,1 2 3 6 6 10 15 21
881W0eer9Y94d0YK88P8Bag,8,plain,none,mixed,1 3 3 7 8 12 15 15
881W0A95XuM10Wa4YJf4YnG,8,plain,none,mixed,1 1 3 4 10 13 14 18
881W2D5aE8FagAaoA2YWraH,8,plain,none,mixed,3 4 4 5 6 9 12 21
881W18W97BiXK4eD5XyaIYC,8,plain,none,mixed,1 3 5 7 7 11 11 19
881W2PCN5YPSX0a129IfgK4,8,plain,none,mixed,1 3 4 8 9 9 10 20
881W0lXa28wA4193ApjYmP8,8,plain,none,mixed,1 3 4 4 8 10 17 17
881W4aKeAOCVC45XKcXDc2a,8,plain,none,mixed,2 3 3 4 7 11 15 19
881W305GIaht21Ga9IVNpKY,8,plain,none,mixed,1 5 5 7 8 11 12 15
881W1rAbHaofW8n1WYOeSe4,8,plain,none,mixed,1 1 3 7 8 9 15 20
881W8WnrYXo8A2WDI58oOCD,8,plain,none,mixed,1 1 5 6 11 12 13 15
881W48fb5984R50ukQH9ciE,8,plain,none,mixed,2 4 5 6 7 12 14 14
881W29P8C6V-158XADKUM64,8,plain,none,mixed,1 4 6 7 9 12 12 13
881W10ae-G8q61GfQ3Eaoaq,8,plain,none,mixed,1 5 5 7 7 11 11 17
881W0KpIXH4gBAaXA4861Ua,8,plain,none,mixed,2 3 4 5 5 11 11 23
881W5QXOIDB6a801A6qfU42,8,plain,none,mixed,1 3 5 6 6 9 17 17
881W0ZGiCFTUuXoyiX2B9Qe,8,plain,none,mixed,1 4 6 7 9 9 12 16
881W9CIF6b95510521Pmn1G,8,plain,none,mixed,1 2 2 7 8 9 17 18
881W0ac318g2525BdmacJ8a,8,plain,none,mixed,2 3 4 4 8 8 14 21
881W0RNy2gYGWXOOa54zn8A,8,plain,none,mixed,1 2 4 8 10 12 12 15
881W4AsZX42T8X2ATgv2XG5,8,plain,none,mixed,2 2 5 7 9 10 11 18
881W610UCZHJO8K2X8HIeeb,8,plain,none,mixed,1 2 2 6 7 11 13 22
881W91YUa9KiXG9nrYB6gXm,8,distinct,none,distinct,1 4 5 6 10 11 13 14
881W0KH9jYfZ1N0q52IKKEI,8,plain,none,mixed,1 2 4 8 10 12 12 15
881W1IYWIqYjIIjf3BW86vG,8,plain,none,mixed,2 3 3 5 6 10 14 21
881WC71WOG9rSe0Xi41GmOD,8,plain,none,mixed,2 2 2 4 5 14 15 20
881W468IXQ20wQIfgMDs14f,8,plain,none,mixed,2 2 3 3 8 11 16 19
881W863v60rb9GLKJaKGqkQ,8,plain,none,mixed,2 3 4 4 6 7 18 20
881W21GSECPMaWKD4viuf4a,8,plain,none,mixed,2 4 5 8 8 10 12 15
881W1dWrqoPbJ64maGQHH2W,8,plain,none,mixed,1 5 7 7 9 9 13 13
881W0J8z5HYjZHceZ5qYuW4,8,plain,none,mixed,1 3 5 8 10 12 12 13
881W016W85YKaJb3X4XmmHY,8,plain,none,mixed,1 1 2 3 7 10 17 23
881W0HbGZSn9c444KnRrqBm,8,plain,none,mixed,1 2 6 8 9 9 13 16
881W0WWFJo8TsW8MC4EIrSG,8,plain,none,mixed,2 2 3 4 8 12 16 17
881W0SA4zTFEOX5HXKOLwYA,8,plain,none,mixed,1 6 6 7 8 8 11 17
881W17xSpQ0GWo0Gg92iuiO,8,plain,none,mixed,1 1 2 7 10 10 11 22
881W0fdpAHAGeGKgEJ8G8i3,8,distinct,none,distinct,1 4 5 6 8 11 12 17
881W004zHM4Gn8eSABoQvz8,8,plain,none,mixed,3 4 4 4 8 11 11 19
881W92b1GOIeM41V91aoP3W,8,plain,none,mixed,1 1 2 6 7 10 11 26
881W30GaJkX4WHCgKnPAGOO,8,plain,none,mixed,1 1 7 7 10 10 11 17
881W2cXGeM9wJ553W0fmGA2,8,plain,none,mixed,1 3 4 4 8 9 16 19
881W8WLF7b83In1qZnf47CE,8,plain,none,mixed,3 4 4 5 6 11 15 16
881W0nCJ9iWbmWq62xSI494,8,plain,none,mixed,1 1 4 4 6 9 17 22
881W18GH8BHV40YTF6TGW92,8,plain,none,mixed,1 1 3 6 8 13 15 17
881W11Q36pGeO4IeIH8ZJZ2,8,plain,none,mixed,2 2 3 5 9 10 15 18
881W18G82oCpnWO8118pr9Y,8,plain,none,mixed,1 1 6 6 8 9 9 24
881W4ZYaQ3YmaWYWWIFx0K4,8,plain,none,mixed,1 2 3 5 5 12 13 23
881W0k5Uo63GKY2WqUAQi4K,8,plain,none,mixed,1 3 3 6 6 7 16 22
881W5YI8J98OIaqf74gOCk8,8,plain,none,mixed,1 3 3 5 7 12 12 21
881W2Y3mB1H0HGiWe8HC-n8,8,plain,none,mixed,1 1 2 3 6 10 16 25
881W2bJGZAA52c0GVKiWWW9,8,plain,none,mixed,1 2 4 4 6 13 15 19
881W6WUqoC51Gf8Kc8dng0W,8,plain,none,mixed,1 4 6 7 7 11 12 16
881W0O8S8gBpAmO43Y7XEA0,8,plain,none,mixed,1 1 1 6 7 7 18 23
881W4WYn2Xbo25WaorAX8G3,8,plain,none,mixed,1 1 3 7 10 13 14 15
881W0cg98GYP1Y5PQjBUiM5,8,plain,none,mixed,4 4 5 7 7 11 13 13
881W21Z7i7Z11GWeOSGPX8O,8,plain,none,mixed,1 2 2 5 7 12 17 18
881W2XD2WGISa4O9J1WaTFK,8,distinct,none,distinct,2 3 4 5 6 10 12 22
881WA0WYqI9bSO11iS2PGWZ,8,plain,none,mixed,1 1 2 4 12 13 14 17
881W0WIAQH8y1H4HCcI90aa,8,distinct,none,distinct,1 2 4 6 8 9 14 20
881W9aea9IA440CdLEWaWmO,8,distinct,none,distinct,1 2 3 6 7 11 14 20
881W0mG2w98IE4WH7c271eG,8,plain,none,mixed,1 1 1 6 7 11 18 19
881W1AeYD4QLAA96GiH13YC,8,plain,none,mixed,1 4 5 5 6 10 16 17
881W4meGueK9SaYOeIe854W,8,plain,none,mixed,1 3 4 4 5 11 11 25
881W19aWuiU0OW4E9S0OC4X,8,plain,none,mixed,1 1 2 4 5 13 14 24
881W844SECpqhmm-UCHIHL1,8,plain,none,mixed,1 6 6 7 8 8 13 15
881W21fEKiPnuacPVYza4ea,8,distinct,none,distinct,3 4 5 7 8 10 13 14
881W1B0_9628b2HIPKqvXHG,8,plain,none,mixed,1 5 6 6 6 11 13 16
881W2WfLQiYXMeGLISA12P0,8,distinct,none,distinct,1 2 6 7 10 11 13 14
881W8Ic6ieeHKeJy32k7Wr8,8,plain,none,mixed,1 5 6 6 6 10 14 16
881W1AgK9y9P9aggYIGm2WC,8,distinct,none,distinct,1 3 4 6 7 10 11 22
881W5AGeC2ckWn2YGb9yYS2,8,plain,none,mixed,1 3 4 8 8 10 13 17
881W4K8YzK29107YR3o0XGm,8,plain,none,mixed,1 1 3 4 6 14 16 19
881W6JImsGoD510r52taGuO,8,plain,none,mixed,2 4 4 5 8 8 14 19
881W8VdafBeD106HdEv4Hm4,8,plain,none,mixed,1 4 5 6 8 11 11 18
881W2IqQKsChGn8hm_WDGZ1,8,distinct,none,distinct,1 2 5 6 9 12 13 16
881WAKc6MAc3n0GOCGKhBIL,8,plain,none,mixed,4 4 6 6 6 10 12 16
881W2wXamO59uWaHYfyY6aH,8,plain,none,mixed,1 5 7 7 8 8 10 18
881W1J9Se3qC60O8XP7WWuO,8,plain,none,mixed,1 1 3 6 10 10 14 19
881W2IwpLAe46109s1AYH8m,8,plain,none,mixed,1 1 4 8 9 10 11 20
881W59HqoiA10aCAoM54Z0X,8,plain,none,mixed,1 2 6 6 9 10 11 19
881W2sJFhHA5124AYXJan08,8,distinct,none,distinct,1 4 5 6 7 10 14 17
881W0eiG99nqWWA72YPCn4m,8,plain,none,mixed,2 3 3 4 10 11 11 20
881W80WSYQpQIW57jNr19MX,8,plain,none,mixed,3 4 4 8 9 10 12 14
881W2IRmBn8X0XGKjAaM8WO,8,plain,none,mixed,1 1 6 7 7 11 13 18
881WA4poa31GZGGOGq83neI,8,plain,none,mixed,1 1 5 6 7 8 9 27
881W0844y52D1GYI4cI1bB5,8,plain,none,mixed,1 1 3 4 8 13 13 21
881W50ZBU8eoa4Gf_y12DwA,8,plain,none,mixed,2 2 3 5 8 9 15 20
881W8jsi21bu308NBmaHH4A,8,distinct,none,distinct,1 2 5 6 8 9 13 20
881W4HILI5gaX129cFG-IDA,8,plain,none,mixed,2 3 8 8 10 10 10 13
881W4MXE_I8K103X4aD4n8E,8,plain,none,mixed,1 1 3 5 10 11 13 20
881W2mmKMsL50WAB2NYMX0W,8,plain,none,mixed,1 3 5 5 6 9 17 18
881W4APCS5M40WKCFcn4WfK,8,plain,none,mixed,1 1 6 7 8 9 16 16
881W91CA5ope964D2v4GBD0,8,plain,none,mixed,1 1 1 4 8 13 14 22
881W70Y96GnpIL0Ufa6PmM2,8,plain,none,mixed,1 1 3 5 10 11 15 18
881W8KA66EA56GAKA62eX0m,8,plain,none,mixed,1 1 4 5 8 12 16 17
881W436oA25P9XCLweXGmf1,8,plain,none,mixed,1 4 6 7 9 9 13 15
881W54TsiCU2AGDaDefJE6G,8,plain,none,mixed,1 5 6 7 7 10 11 17
881W161ouKp6KH17iuWGS8u,8,plain,none,mixed,1 1 5 7 8 9 11 22
881WAD6mONHf8k2KC44oX60,8,plain,none,mixed,1 1 6 7 9 9 14 17
881W6CNjDWaIGaHKIKP1Xs2,8,plain,none,mixed,2 3 5 7 7 9 11 20
881W0eHceYI411KiBjdX11G,8,distinct,none,distinct,1 2 4 6 8 9 11 23
881W2B68KsYI9IPqS6Y2LA8,8,plain,none,mixed,1 4 6 7 10 12 12 12
881W2fGMDgGjWG4B5BWhP18,8,plain,none,mixed,1 1 7 8 8 9 14 16
881W2vHAaYL9Kn2iI0W1EWW,8,plain,none,mixed,1 1 6 7 7 8 15 19
881W1DH8YrCc21HCq3O94NB,8,plain,none,mixed,1 1 4 6 7 10 11 24
881W0kXQeWscuL9A8bDHazW,8,plain,none,mixed,1 3 6 8 10 11 11 14
881WCM4QLEPDWH81IE0w318,8,plain,none,mixed,1 2 2 3 13 13 14 16
881W2OeCPE6400E73K6mgqI,8,distinct,none,distinct,1 2 3 5 8 10 17 18
881W4YZGKKaaA2XWF6AWmS5,8,plain,none,mixed,2 3 3 5 7 13 15 16
881W2HvyF638K94Y94e2AHG,8,plain,none,mixed,2 2 5 6 7 13 14 15
881W2I1EqKBGW4G8XMgcisk,8,plain,none,mixed,1 3 4 5 8 9 17 17
881W50Xm894YPeWGmMH0WK9,8,distinct,none,distinct,1 2 3 5 9 11 16 17
881W2HIJ2E88E8GpQE6dX2I,8,plain,none,mixed,1 3 3 5 6 8 13 25
881WDasP94aX909C63oA5FG,8,plain,none,mixed,1 3 5 8 10 10 11 16
881W1714PbHgL20eyKmuLua,8,plain,none,mixed,1 4 5 5 9 10 12 18
881W11WmbJf8C8A6AH2WeEK,8,plain,none,mixed,1 2 3 7 8 14 14 15
881W210afi88A4OBED52WmA,8,distinct,none,distinct,1 2 3 6 7 11 13 21
881W25UqCEGeCGf0W74bLF4,8,plain,none,mixed,1 3 5 5 6 9 9 26
881W3Bb8QC534W01efNmWWm,8,plain,none,mixed,2 2 3 3 6 11 17 20
881W4b98KdC9X4ntGtwMKI9,8,plain,none,mixed,1 5 5 5 7 12 13 16
881W0OGA4yEECa8A4XHLAaW,8,distinct,none,distinct,1 3 4 5 6 8 14 23
881W5AQLECbY50Ye42Eag88,8,plain,none,mixed,1 3 4 5 11 12 12 16
881W4I9I80aMB0eK30LAdJH,8,plain,none,mixed,2 2 3 5 6 7 10 29
881W30k6kQvKWG4qJwoP2GI,8,plain,none,mixed,1 3 6 6 8 11 13 16
881W0GeIHKEf9aGB5b9anKe,8,plain,none,mixed,2 4 5 8 8 8 12 17
881W5Jj2IAV9aG45ffGGZW0,8,plain,none,mixed,1 2 3 5 5 14 16 18
881W4I0CLB7L91WmfnOM0uL,8,plain,none,mixed,2 3 3 4 4 14 14 20
881W2t3u2DAL72IOc6KL8iG,8,plain,none,mixed,1 1 5 6 8 13 14 16
881W84CMJ6eH0o8aJFawg48,8,plain,none,mixed,1 1 6 9 10 10 12 15
881W935WWX26o91iFJn8i9a,8,plain,none,mixed,1 1 3 5 5 13 15 21
881W8KM7rAYaBe0O95o7IE8,8,plain,none,mixed,1 1 5 6 7 14 14 16
881W4dXGmPmG8H54YD8WKIC,8,plain,none,mixed,1 3 4 5 5 8 19 19
881WDJ9YG8CKgU00AGWG50K,8,plain,none,mixed,1 1 3 4 5 7 17 26
881W09441Y10XoP8aAL2Xme,8,plain,none,mixed,1 1 2 3 11 12 16 18
881W1fDcaXAT09EfAH0DaeI,8,distinct,none,distinct,1 3 4 5 6 8 10 27
881WB2z0A2x10WbKZ1dL1nK,8,plain,none,mixed,2 2 3 5 6 9 15 22
881W49H1QuC8H8Y7yqfIfXm,8,plain,none,mixed,1 3 5 8 10 10 10 17
881W1A2KXeq8ZH2Oy-XGXna,8,plain,none,mixed,1 1 4 6 9 12 15 16
881W62fIH9MB1W81Oy2XJn8,8,plain,none,mixed,2 3 4 5 10 10 14 16
881W2IcBmuk0W4aceGanMgf,8,plain,none,mixed,1 3 4 6 8 8 15 19
881W8IA71WAD10BsAbI1318,8,plain,none,mixed,2 3 4 4 4 6 14 27
881W0DHIPkimvpH4v1L6R28,8,plain,none,mixed,1 1 6 7 10 10 13 16
881W15WI8cI8WXJao90uWGu,8,plain,none,mixed,1 2 3 6 11 11 14 16
881W4JymNg0X5WmLQm6LPHG,8,plain,none,mixed,2 3 5 6 7 7 15 19
881W2A58uiBAb88Eg2YY510,8,distinct,none,distinct,1 3 4 6 7 10 13 20
881W8mOIgCj4WE21F54W5m5,8,plain,none,mixed,1 1 1 3 8 11 17 22
881W1Gb5wmuQHG2OLC10dKC,8,plain,none,mixed,1 1 6 7 7 12 14 16
881W0WaI9fSOF0G41ZAXGvX,8,plain,none,mixed,1 1 4 6 6 9 17 20
881W4ATeH431WWWGO62bDcB,8,plain,none,mixed,1 3 6 6 7 11 11 19
881W8q9muYCWmKCg69XqnIe,8,plain,none,mixed,1 4 6 7 8 8 11 19
881W31KCRW87c1YyT4RGbZ9,8,plain,none,mixed,1 4 6 8 8 9 9 19
881W0Y6PJGIOMG0zuU9t_eg,8,plain,none,mixed,1 3 4 4 8 9 14 21
881W91WM2cA4Y8H4YP3nb0G,8,plain,none,mixed,1 1 3 7 9 11 15 17
881W20xgieO11GaeBUv93XW,8,plain,none,mixed,2 2 4 5 8 9 12 22
881W5R8g8H0A2OQEHy51bf4,8,plain,none,mixed,1 1 2 3 4 7 12 34
881WCMIKQIIB1W2MTCHcWWG,8,plain,none,mixed,1 5 5 7 8 10 11 17
881W4AE1uASL4WKrLCb2J82,8,plain,none,mixed,1 4 5 6 6 9 15 18
881W37N8aS1mWGn8I29YP92,8,plain,none,mixed,1 4 6 6 7 10 12 18
881W5ZIvcB4aX8We9wZGSWG,8,plain,none,mixed,4 5 5 6 6 11 11 16
881W0XOiH4K6gAD2X7IC8cO,8,plain,none,mixed,1 1 4 7 7 9 15 20
881W52XMKKaIc211EXZHbIJ,8,plain,none,mixed,1 2 6 8 10 10 11 16
881W463JL4YGWIGGGE3nGeY,8,plain,none,mixed,2 3 4 4 5 9 15 22
881W6H4YHpIMG4O6aYXWYUW,8,plain,none,mixed,1 1 3 7 8 12 15 17
881W4EAGiC6DF21IK8rB6YI,8,plain,none,mixed,2 2 6 8 8 9 14 15
881W0ImdZygLoW8KwI4M5KG,8,plain,none,mixed,2 2 6 6 7 10 14 17
881W0XGcC5Hb8c77Y50pnaG,8,plain,none,mixed,1 2 7 7 9 10 13 15
881W8c3SlKYGo4OSmuPQ0MO,8,plain,none,mixed,1 2 5 5 6 14 14 17
881W75nvy20s94Zf92YKQ90,8,plain,none,mixed,4 4 4 6 6 9 15 16
881W9KcHOf4gcG4C6a52h10,8,plain,none,mixed,2 2 2 5 11 11 12 19
881W4IA5I64f4WKo93WGwH8,8,plain,none,mixed,2 2 6 6 6 9 13 20
881W29g9Gio5514B4DR7WnK,8,distinct,none,distinct,1 3 4 7 9 10 14 16
881W29ev4V5eOWu75rJ2AIA,8,distinct,none,distinct,1 2 5 7 9 11 13 16
881WA510gJh1XM4YK2IXaA8,8,plain,none,mixed,1 2 4 4 9 9 14 21
881W17JcF2x5ZA4KWCTXLOW,8,plain,none,mixed,2 3 5 5 8 11 11 19
881W4AKpi2AgX0MIM7sDQWW,8,distinct,none,distinct,1 2 5 7 9 10 13 17
881W18XXe8Hho4e9KlWe4B4,8,plain,none,mixed,1 3 4 5 6 11 11 23
881W0WBaOjT295GII335w51,8,plain,none,mixed,1 1 3 8 9 12 14 16
881WA2H20T8mG9bo6H92XOQ,8,plain,none,mixed,1 2 3 3 5 9 18 23
881W0d2Xio20wA2be43r6bH,8,plain,none,mixed,1 2 3 3 5 12 16 22
881W12Ogei94XZ3jQc8fBb2,8,plain,none,mixed,2 3 4 7 7 8 10 23
881W4WdcJcXWme8uaQ0ih84,8,distinct,none,distinct,1 3 5 6 7 12 13 17
881W8c96XnNQJK0fYH8KKyX,8,plain,none,mixed,1 5 6 6 8 9 11 18
881W90WO8Cp442GF70cXOiQ,8,plain,none,mixed,1 1 4 7 7 11 14 19
881W00JoX9Sab98JMaaMFH8,8,plain,none,mixed,2 4 5 7 7 9 15 15
881W194IwM90aW438wHemea,8,plain,none,mixed,1 2 3 6 10 12 12 18
881W2L4H4QkWmMWeL92nYwm,8,plain,none,mixed,2 3 5 7 9 11 11 16
881WD2Wc8_V4We58KasBb8K,8,plain,none,mixed,1 2 7 8 9 9 14 14
881W2nW_aA10aWIG47Bg2XW,8,plain,none,mixed,1 2 2 4 7 13 17 18
881W152-5BWs8Sp9bLKfX6G,8,plain,none,mixed,1 5 5 6 6 12 12 17
881W82HsB6aIiY539fY_Y1X,8,plain,none,mixed,1 3 4 5 5 13 16 17
881W10XfY1fA4GmAM7tvm8C,8,plain,none,mixed,1 1 5 9 10 11 13 14
881WEaIJ9P4qiW8DZYL0iIa,8,plain,none,mixed,1 3 6 6 7 12 14 15
881W8K68iuEmOCGqHB7IB90,8,distinct,none,distinct,1 2 3 6 8 11 16 17
881W1G9eqHP0eGuQG296qA6,8,plain,none,mixed,2 2 3 4 5 12 16 20
881WA8K8SL5HGYG86Kgey8Y,8,plain,none,mixed,1 2 3 7 8 13 15 15
881W0CCS427ZG3aI95KHAAb,8,plain,none,mixed,1 2 2 4 10 13 15 17
881W20Wu5679WX2YHL5H4YP,8,plain,none,mixed,1 2 5 8 8 11 12 17
881W2WcGn57EW90J4NGSMGu,8,plain,none,mixed,1 1 3 4 10 11 16 18
881W52IEJNCE2a4niJP1H09,8,distinct,none,distinct,1 2 3 6 10 11 13 18
881W0GA8EAGcm1CI8dmwLov,8,plain,none,mixed,1 2 2 4 10 11 15 19
881W90qGB7v706462XbSMYa,8,plain,none,mixed,1 1 5 6 10 10 11 20
881W2cHo65A30p84f8Jgne4,8,plain,none,mixed,1 1 2 9 10 11 11 19
881W62cZ2lCa012LRQWmen8,8,distinct,none,distinct,1 3 4 5 6 7 18 20
881W4A4aL9PSGG25I31XD-X,8,plain,none,mixed,2 2 3 7 8 12 15 15
881W5ALFb21Jn8WO00e954C,8,plain,none,mixed,1 4 4 5 6 6 9 29
881W0bN8C2ff10fdeiLKA8i,8,plain,none,mixed,1 4 6 6 9 11 11 16
881W13Yfq8eL992fhac8aG5,8,distinct,none,distinct,2 3 4 5 9 10 15 16
881W8CKeA4Y8cW0ZH4ZTYGa,8,plain,none,mixed,1 2 2 6 8 12 14 19
881W49yeJqb39888cOPrXY6,8,distinct,none,distinct,1 3 6 8 10 11 12 13
881W8WWC5jediI8971TI0qL,8,distinct,none,distinct,1 2 4 6 7 9 15 20
881W10n0sZ0w8aE8SAzHO80,8,plain,none,mixed,1 1 1 2 8 13 16 22
881W4QAKqI26Y88q5cbp410,8,plain,none,mixed,1 1 4 6 9 11 12 20
881W1CGj4cP2KGJoxHPDF0W,8,plain,none,mixed,1 3 5 7 9 9 14 16
881W0xlu8692512GZ5hIWGe,8,plain,none,mixed,1 2 4 4 9 10 16 18
881W1FTeebLb0M2hfHYi9G9,8,distinct,none,distinct,1 2 5 7 9 12 13 15
881W0737GY95OgWKegLIXqf,8,plain,none,mixed,1 2 3 10 11 11 11 15
881W22DJGhe20Gi2h6NBInK,8,plain,none,mixed,2 2 4 7 8 11 13 17
881W61imMDA56Y3024BaHnO,8,plain,none,mixed,1 2 2 8 9 10 14 18
881W8aA4aw510G8O61WjB5Y,8,distinct,none,distinct,1 2 3 6 9 11 13 19
881W8ILGGuCOg19hA5aqKBX,8,plain,none,mixed,1 3 6 6 7 10 11 20
881W0WMjoz6PKX2cP6285T8,8,plain,none,mixed,1 4 5 8 9 9 12 16
881W8f996T8bGP3vb9bF600,8,plain,none,mixed,1 2 7 7 9 10 12 16
881WB6XE_8YKOX2Xb5b8b45,8,plain,none,mixed,2 2 3 5 8 13 13 18
881W11ZmC5asvWYX9HYPWoH,8,plain,none,mixed,3 3 4 6 9 11 12 16
881W09IV2ys6Wh37aAIrNPG,8,plain,none,mixed,1 5 6 6 8 10 13 15
881W11653k23YmWaIwaoWXe,8,distinct,none,distinct,1 2 3 8 11 12 13 14
881W35Aa5tx8IAe914h5eOG,8,plain,none,mixed,1 2 4 7 10 10 13 17
881W1YrAIIJWE845kH4HmdG,8,plain,none,mixed,1 2 2 7 10 12 14 16
881W84p8aA85B20GNAv4I97,8,plain,none,mixed,1 1 3 7 11 12 13 16
881W36UPKhmOGOJGu9AYMKW,8,plain,none,mixed,1 3 5 6 6 8 14 21
881W4IZ94A2aYGGuD5kKO84,8,plain,none,mixed,1 6 6 8 8 9 11 15
881W85a8QMBAbD12aCgNd0X,8,plain,none,mixed,1 2 4 5 9 9 15 19
881W82DKqDZ8K51Y55b3wBe,8,plain,none,mixed,1 3 5 7 7 13 14 14
881W19PIGT88KH0ZCzLCbDM,8,distinct,none,distinct,1 4 5 8 9 11 12 14
881W2bOIJ5acJ3001FGA7Z5,8,plain,none,mixed,1 2 4 5 5 6 18 23
881W08BnPCp3WXOYP1KYMAH,8,plain,none,mixed,1 2 6 8 8 10 13 16
881W684riZH6LWWBf819TOC,8,distinct,none,distinct,1 2 3 6 8 9 15 20
881W9I91kKKP50HKMA-cmeI,8,plain,none,mixed,2 6 6 7 7 8 13 15
881W30YnKA8oiGmXJu20O83,8,plain,none,mixed,1 1 1 6 8 13 15 19
881W64snGAaQY8NWGr4akKe,8,plain,none,mixed,1 5 5 7 7 12 13 14
881W412UWcH8K8YeyE2Yfme,8,plain,none,mixed,1 1 6 8 9 10 12 17
881WCzI82gQ18WGIgF7XY03,8,plain,none,mixed,1 1 2 5 7 12 12 24
881W80Te746b032XPbJbHLI,8,plain,none,mixed,1 1 3 6 8 14 15 16
881W0Z6sXw6L898udaKcowY,8,plain,none,mixed,1 3 4 4 6 13 15 18
881W4I6QohD424Gy5441gCN,8,plain,none,mixed,1 3 4 4 7 7 19 19
881W4BBGP81fAeaXeB2n3ki,8,plain,none,mixed,3 3 4 5 5 13 14 17
881W610jgedmWmWKc4ZgmK8,8,plain,none,mixed,1 1 3 3 9 15 16 16
881W12E4Ib0me98uiI8aTfH,8,plain,none,mixed,3 5 5 5 6 6 14 20
881W9I95hI3d0YKIYnZHGKI,8,plain,none,mixed,1 7 7 8 8 8 9 16
881W0798GboqPHL4Rpe76rH,8,plain,none,mixed,2 2 4 5 8 9 10 24
881W54XeasJ9CmHamK70C62,8,plain,none,mixed,2 4 4 5 6 8 15 20
881W310mJziML0A90IMhLaa,8,plain,none,mixed,1 1 5 6 8 10 15 18
881W4YnTGmCN0WW4Ueg20WM,8,plain,none,mixed,1 2 2 5 8 9 11 26
881W7WaWO8Cwea62YCHCgOe,8,plain,none,mixed,1 1 4 6 7 13 14 18
881W314OaI725085Aigs310,8,plain,none,mixed,1 2 4 6 7 7 14 23
881W008IcPKIKmA696N37TO,8,distinct,none,distinct,1 3 5 6 7 8 12 22
881W68G9QX4o10OGe72bIaK,8,plain,none,mixed,1 1 1 5 7 14 17 18
881W14KgPg6b23GC7eVWG5A,8,plain,none,mixed,1 2 3 8 8 12 14 16
881W0RKscI4v3Y13RGUMOuA,8,plain,none,mixed,1 4 5 7 7 9 15 16
881W1fKS21KIN0aLAT0bJE1,8,plain,none,mixed,1 2 3 7 11 11 12 17
881W042n3YD1GYEJAisBjGm,8,plain,none,mixed,1 4 4 5 5 13 15 17
881W63gYMAhAx4WZY9uD5KK,8,plain,none,mixed,1 5 5 5 9 9 14 16
881W1YWkcR14aI11R3jmH8K,8,distinct,none,distinct,1 2 5 7 9 11 12 17
881W34WePE51Wn1Wm1d8WGO,8,plain,none,mixed,1 1 4 4 8 12 14 20
881W4QA9Ojow0u6a24p2a58,8,plain,none,mixed,1 1 1 8 11 12 14 16
881W912XHrSXep234to1CoI,8,plain,none,mixed,1 4 4 7 11 11 12 14
881W2gI85iL0O8qea0Xn8ZA,8,distinct,none,distinct,1 2 3 6 9 10 16 17
881W0YEPeb220HA9uyh2cBb,8,plain,none,mixed,1 3 3 8 10 11 12 16
881W4J2Dj79FS42gAzjSLqe,8,plain,none,mixed,1 3 5 9 9 11 11 15
881WAEXIc33IH8GeWGYWOba,8,plain,none,mixed,1 3 5 6 7 7 13 22
881W1aOK8DgUWf51YIt3kD8,8,plain,none,mixed,2 4 5 7 9 9 9 19
881W2XFJHeA0GWCc8D4UE4Q,8,plain,none,mixed,1 2 5 5 6 11 17 17
881W2I5JbqqXY4aGYXtAB89,8,distinct,none,distinct,1 3 5 7 10 11 12 15
881W09genO180HIRBmqRIfC,8,distinct,none,distinct,1 2 3 5 6 13 14 20
881W1WT0gaXX9eO8OCUp2UW,8,plain,none,mixed,1 1 1 5 11 13 15 17
881W8WGI4M4eYEGB3173TYG,8,plain,none,mixed,1 1 3 7 8 12 12 20
881W0K8ym5YXWgOiQ751iO8,8,plain,none,mixed,1 5 6 7 8 12 12 13
881W2eWmNovfH4285OoKgg8,8,plain,none,mixed,2 4 6 6 8 9 13 16
881W4nIiY8eSIf2IkWG51KW,8,distinct,none,distinct,1 2 3 6 7 9 10 26
881W421HQA93M8IGReHGWqQ,8,distinct,none,distinct,1 2 4 7 9 11 12 18
881W2q8OHCcUO4Zouj1Neo8,8,plain,none,mixed,1 4 7 8 8 11 12 13
881W8WWeKKgQTA864Cl0WK1,8,plain,none,mixed,1 2 3 4 10 12 16 16
881W1n8aARU8P0834semeQE,8,distinct,none,distinct,1 2 5 6 8 12 13 17
881W40ZWEB2XP8eagUHXGM8,8,plain,none,mixed,1 2 7 7 8 8 13 18
881W4IE9Ib251WOm9YX3Z84,8,plain,none,mixed,1 1 3 6 10 14 14 15
881W18qeCgCGK4I41F8YHEa,8,distinct,none,distinct,1 2 4 5 6 9 18 19
881W2HD64BaWmfmu48aROHK,8,plain,none,mixed,2 2 3 6 7 9 15 20
881W03yG4g1WA9IbYQ75PdG,8,plain,none,mixed,1 1 2 6 11 12 12 19
881W4ZDHYaR1IAXAYfJbfXG,8,plain,none,mixed,2 4 5 7 11 11 11 13
881W22jQaYPN0WKCWmY3Qj4,8,plain,none,mixed,2 2 3 8 8 8 9 24
881W54tKHuwLIGHISD4C7aG,8,plain,none,mixed,2 6 6 8 8 8 9 17
881W3EZGeA52mw0Ga2nG810,8,distinct,none,distinct,1 2 3 4 5 7 17 25
881W4C0IQ22fHe3ZHkXWmXW,8,plain,none,mixed,1 1 3 4 6 12 17 20
881W0WGdMA5a0WmG9jMWfOS,8,plain,none,mixed,1 3 4 4 11 13 14 14
881W8CLYmNqKX8KiJh54UKG,8,plain,none,mixed,3 3 4 6 7 10 12 19
881W994C73vYX096XOK8Xa6,8,distinct,none,distinct,1 3 4 6 7 9 10 24
881WCsGYAoA1XH88H4nsXWG,8,plain,none,mixed,1 2 3 6 10 12 15 15
881W2h108BI55A17Q7GisG8,8,distinct,none,distinct,1 2 3 4 7 12 15 20
881W8aZmBBHqB5GUMc908WC,8,distinct,none,distinct,1 2 3 6 8 9 16 19
881W825Qio5088P443apPl4,8,plain,none,mixed,1 2 2 6 8 8 16 21
881W9h1H5n4YLW3K6Q3CcGO,8,plain,none,mixed,1 1 2 10 11 11 13 15
881W29IHoEAb9WGeRYcLw51,8,plain,none,mixed,1 3 3 7 8 11 15 16
881W92GBgF2531Ts61R2HWG,8,plain,none,mixed,3 4 4 5 7 8 15 18
881W4QXWaCA2Z8I9FA9L4XG,8,plain,none,mixed,1 2 7 8 8 9 13 16
881WAR5YjxSJ0WJ3Hc2GQS0,8,plain,none,mixed,1 3 5 5 9 12 14 15
881W0IKMAfeqa8uHwV8cSb8,8,plain,none,mixed,1 5 6 7 10 11 12 12
881W2B4WbHJ3Ge44u4oWuGm,8,plain,none,mixed,1 1 2 5 10 13 15 17
881W2gb8bO10WW84aJDf4Yf,8,plain,none,mixed,2 2 4 8 9 11 13 15
881W48h2dBCy88cXsOWHRg8,8,plain,none,mixed,1 2 5 7 7 9 13 20
881W8WI4JAggE38MAYXYWSH,8,plain,none,mixed,1 4 5 7 7 9 14 17
881W0Pj31nP6GP4yGmaIUG0,8,plain,none,mixed,1 1 1 5 11 11 13 21
881W348KINZV0ZC55KL2Q5C,8,plain,none,mixed,1 1 1 6 9 11 14 21
881W2XAWmq8amWIrHgqsL2X,8,plain,none,mixed,4 5 5 5 7 10 10 18
881W4Gf3YJ5308aApOmOrm8,8,plain,none,mixed,1 1 6 7 9 9 11 20
881W0c9uGN7emDL9EepE6J8,8,plain,none,mixed,1 3 6 7 7 11 12 17
881W10vbA3Xgc8GIHi54bCg,8,plain,none,mixed,3 3 5 6 7 7 11 22
881W2WmU88bCI8221J4bR9O,8,plain,none,mixed,3 3 3 5 8 10 10 22
881W51UucO8Br54GZ6j8hYG,8,distinct,none,distinct,1 2 5 6 10 11 12 17
881W8I54YgR4WQ7970WWdWG,8,plain,none,mixed,1 1 5 5 8 9 13 22
881W212S9E6oWLmeK0q9zsa,8,distinct,none,distinct,1 2 5 6 7 9 14 20
881W6aGuOv6r43G5beJWm46,8,plain,none,mixed,1 1 1 8 8 13 16 16
881W0XhihO71H5WWIMqbAJG,8,distinct,none,distinct,1 3 4 5 7 11 15 18
881W20XAU94cJ5CcAK521YX,8,plain,none,mixed,1 4 5 8 9 9 11 17
881W290r1n2XyaAOA54I4r8,8,plain,none,mixed,1 1 5 6 11 12 13 15
881W48gS9H8e0LWJisIA6-6,8,plain,none,mixed,1 2 2 8 8 9 14 20
881W2BwHqJ92aGGnfgB2Y94,8,plain,none,mixed,1 6 6 7 9 10 12 13
881W0M9PFVrjCb1S5XKIAb4,8,plain,none,mixed,2 6 6 7 7 9 10 17
881W0KQWX2vY10fIkRjseOG,8,plain,none,mixed,1 3 6 8 8 10 14 14
881W0yIGI9H3X2SOC5aeQaI,8,plain,none,mixed,1 1 5 7 9 12 14 15
881W16tMKIJPi2GSaK2l6Z4,8,distinct,none,distinct,2 3 5 6 7 9 12 20
881W1IPF3a51aI7MZGffX08,8,plain,none,mixed,1 4 4 6 8 9 15 17
881W8x08Zo4v0WL5Qy-GweA,8,plain,none,mixed,1 5 5 5 7 9 11 21
881W008j8f9fCGaM8F5vclK,8,plain,none,mixed,2 4 4 6 7 8 15 18
881W0IciiwB5HIJrHFy5D10,8,plain,none,mixed,5 5 6 6 7 8 10 17
881W13J4Hi10GDGKgADcgn9,8,plain,none,mixed,1 4 6 6 9 9 10 19
881W1KfOjuGc12Kc0ZXpQX8,8,plain,none,mixed,2 2 5 6 6 6 18 19
881W6D9SoAH1W996N4a9s94,8,plain,none,mixed,1 3 8 9 10 11 11 11
881W0ege4C98i12JAgTgQC5,8,plain,none,mixed,1 4 4 8 9 11 13 14
881W314ZL4n8e8e94qJeSD5,8,plain,none,mixed,1 4 4 4 8 11 15 17
881W231113_SmP8vs2XWGKK,8,plain,none,mixed,1 2 5 5 5 11 12 23
881W9YbOne81GW9874iB5bA,8,plain,none,mixed,1 5 6 6 8 8 12 18
881W0ICfQ73h4GWBrmhF9H8,8,plain,none,mixed,2 3 4 5 6 13 13 18
881W4hHfPJee40GQb4XHOn4,8,distinct,none,distinct,1 4 6 7 8 10 11 17
881W2164MGqB2XAmUYX11Ha,8,distinct,none,distinct,1 2 3 5 6 12 16 19
881W24ZjmE6bWd08HvL1T6Y,8,distinct,none,distinct,1 3 4 7 8 10 15 16
881W22Jut482nHGOdPB0ecB,8,plain,none,mixed,2 3 4 6 6 13 15 15
881W5AgAXGx94G0s21CTJeW,8,plain,none,mixed,1 3 3 4 9 12 13 19
881W1bKuKYH4S15BaK42933,8,plain,none,mixed,1 3 4 5 5 10 14 22
881W4YB6r2A96H0J673j108,8,plain,none,mixed,1 2 5 7 8 12 12 17
881W0HXOTbo320OATmS4Y9K,8,plain,none,mixed,1 2 2 6 10 11 14 18
881W24YCP2496I0J9JdhmOK,8,plain,none,mixed,1 1 4 6 11 12 14 15
881W0CGE5gbaY3G43YHDBCY,8,plain,none,mixed,1 5 5 6 7 8 9 23
881W0K9UyZAg132k82bX1KQ,8,distinct,none,distinct,1 2 4 5 8 12 15 17
881W4Zkf08KIHI5ic4E264c,8,plain,none,mixed,1 2 5 6 6 8 8 28
881W236i27d5WGcZX53AW9e,8,distinct,none,distinct,1 2 3 6 8 11 16 17
881WAIGJ8jb910BIvEKsHGK,8,plain,none,mixed,2 6 6 9 9 9 10 13
881W971G8IfYnffK5Q18888,8,plain,none,mixed,2 3 3 7 8 9 12 20
881W4amteK69WeJoR4EH50G,8,plain,none,mixed,1 3 7 7 7 9 12 18
881W552nKfJfIH1H8P2ee63,8,plain,none,mixed,2 3 6 6 7 7 13 20
881W5o4X084j9a4PTbgXIam,8,plain,none,mixed,1 3 3 4 9 13 15 16
881W1516S98YKgYmBQsJf0G,8,distinct,none,distinct,1 3 5 8 10 11 12 14
881W8Rc2HtD4mWJrj99CUG0,8,plain,none,mixed,1 1 5 6 8 10 15 18
881W4YII-iiaaH2THC2YvWS,8,plain,none,mixed,1 1 7 8 10 11 12 14
881W4B194XIpOI1IPKQkpIi,8,plain,none,mixed,2 4 6 6 9 9 13 15
881WCG8kAoB2WeDA6FqHb0G,8,distinct,none,distinct,1 3 4 5 8 9 14 20
881W8acD3eIDYW2203DDhKQ,8,plain,none,mixed,1 3 4 7 7 7 10 25
881W52OmEIm5CXm_889JQTB,8,distinct,none,distinct,1 3 4 5 6 7 17 21
881W20eGJaaoT0IC6Kltu2O,8,plain,none,mixed,1 1 2 9 9 11 14 17
881W4YlbgOU11OKa9FP0c0W,8,plain,none,mixed,1 4 5 6 6 9 11 22
881W2GaWDYXH0muOCQ2OYGo,8,plain,none,mixed,1 1 3 3 10 11 17 18
881W8H5k8fh6aJ0jCtgcGn4,8,plain,none,mixed,1 5 7 9 9 10 11 12
881W5Knyb2631KPi2C4k0W9,8,plain,none,mixed,1 1 3 7 8 9 16 19
881W31EGmh4aHCGyNr4YY0X,8,plain,none,mixed,1 1 2 9 9 11 12 19
881W0CDFar2Ymwea42nIYW0,8,plain,none,mixed,2 2 3 5 6 13 15 18
881W0AswXGJZYnWchv24Q8C,8,plain,none,mixed,1 1 4 6 8 11 14 19
881W7594JWooGZ8Az0uaGMH,8,plain,none,mixed,1 1 5 8 9 9 10 21
881W73FK9Isif9GT5RHuIkW,8,distinct,none,distinct,1 5 6 7 9 10 11 15
881W04GEAU8H1RG832ocsfY,8,plain,none,mixed,1 1 4 4 7 11 14 22
881W69V7cb9G854EuC7aOa4,8,plain,none,mixed,1 3 5 7 8 8 9 23
881W4D4-U9Q-Oc2amfXQD8G,8,plain,none,mixed,3 4 5 8 9 9 11 15
881W8UbB6ICiW55PB4E4yg4,8,distinct,none,distinct,1 2 6 7 8 9 10 21
881W1SZ0A2K52A4KRDZf6I9,8,plain,none,mixed,1 2 6 6 8 12 14 15
881W1199In60m4aMNLANCE6,8,plain,none,mixed,1 3 5 9 9 11 13 13
881W04H8qk4aG6Af911aoJ9,8,plain,none,mixed,1 1 6 7 8 9 14 18
881W2na9sF2y40a99BeZ34a,8,plain,none,mixed,1 2 3 3 8 10 18 19
881W10Hj9CNGm0SOK6gYKk9,8,distinct,none,distinct,1 2 3 4 10 11 14 19
881W398Iw1IKY5OgPIaYV-8,8,plain,none,mixed,1 5 6 6 7 11 13 15
881W0eZGKQQZ8H8IV8QmCF4,8,plain,none,mixed,1 1 6 7 9 10 12 18
881W41c8Og6210eisKdWG9a,8,plain,none,mixed,1 2 4 6 9 9 14 19
881W28ZbCYf8Gm8d8yR5F0i,8,plain,none,mixed,1 1 4 7 8 11 15 17
881W2AgufqdM10Irn5eNGf2,8,plain,none,mixed,1 1 4 9 10 12 12 15
881W1WeoeGWOKnCaO41CXMn,8,plain,none,mixed,1 1 2 5 7 9 14 25
881W0L2qbYXXEGf9eqSNCEK,8,plain,none,mixed,1 2 6 6 7 8 15 19
881W1IKX5-dKB6X4LkEH2Wm,8,distinct,none,distinct,1 3 5 7 9 10 12 17
881W22c33YmP2WabYH4ofr0,8,plain,none,mixed,1 3 3 6 8 13 13 17
881W4AmyqTAIC4WHRaf2WfG,8,plain,none,mixed,1 2 7 7 9 10 13 15
881W0HnD4aK8IHGnGHjMCaI,8,plain,none,mixed,1 3 5 5 7 9 13 21
881W1GCqQKfL4YB5aO1mWHY,8,plain,none,mixed,1 1 4 4 9 12 13 20
881W1HOgHXGaZG8A4m819mO,8,plain,none,mixed,1 1 5 5 5 10 14 23
881W23IjV6Zda909r4Gal9m,8,plain,none,mixed,1 5 6 8 9 9 11 15
881W4GSWauBSIGK5eVFILD2,8,plain,none,mixed,3 3 4 5 5 13 15 16
881W2A69G44aebGebdoI5Ea,8,plain,none,mixed,2 2 4 5 6 13 15 17
881W0GEuoWe4IH4U4C236Kc,8,distinct,none,distinct,1 3 4 5 6 7 16 22
881W4o0XG0jZ2WqAMWWKGCA,8,plain,none,mixed,1 1 3 3 6 9 9 32
881W8K6ezP32408rObXIpGO,8,distinct,none,distinct,1 2 5 7 8 10 14 17
881W0eClhQG738WECFajaH0,8,distinct,none,distinct,1 2 4 5 6 8 16 22
881W62BG91239f0G8KldoZA,8,plain,none,mixed,2 3 5 5 7 7 14 21
881W10YsgX7wB54T6F0GH4K,8,plain,none,mixed,1 3 3 6 10 10 12 19
881W8X8XH44cPCn0Xh5cmGI,8,plain,none,mixed,1 1 2 7 9 9 14 21
881W09tP9ZE40LWKImvhXu5,8,plain,none,mixed,1 1 5 8 11 11 13 14
881W1C0QKKI8u0dq-T5H4bX,8,plain,none,mixed,1 1 5 6 9 12 14 16
881W48Iisa8440IrsH90XHe,8,plain,none,mixed,1 1 3 4 5 10 17 23
881WC214Mgd40Y88DXGnHOe,8,plain,none,mixed,1 1 3 4 9 11 15 20
881W4C5E8j6aaHPX96YI8m8,8,distinct,none,distinct,1 2 3 7 10 12 14 15
881W0A8mOHSfKY14N8bAc94,8,plain,none,mixed,1 1 7 8 11 11 12 13
881W2cgREY69168hbZCkaYW,8,plain,none,mixed,2 4 4 8 8 10 13 15
881W0WOC69AjwWIA6319A32,8,plain,none,mixed,3 5 6 6 6 7 11 20
881W820dLfL1WWbCM2X9n0e,8,plain,none,mixed,2 2 3 6 8 10 15 18
881W291EcAC158ODLfaeb1G,8,plain,none,mixed,1 2 4 8 10 10 12 17
881W2MLLg21HenX88KDKX15,8,plain,none,mixed,2 2 3 4 8 9 15 21
881W4XWGGAoU033cIrueaIB,8,plain,none,mixed,2 2 4 6 9 10 13 18
881W450eI42D1E2YmkN1WI8,8,plain,none,mixed,1 2 3 4 4 16 16 18
881W4J8cIHOzHG81r8q24aa,8,plain,none,mixed,1 5 6 6 7 7 14 18
881W8XKjKOK996YC2Iv43WI,8,plain,none,mixed,1 2 5 6 6 8 13 23
881W8Ny-4r3Kg0OeZ5fX6QP,8,plain,none,mixed,1 4 4 9 10 10 11 15
881W2DkAvCLT8e9HjAAt0YC,8,plain,none,mixed,1 4 4 8 9 11 13 14
881W8iIGKS6ZKG8LEaN4684,8,plain,none,mixed,1 2 5 7 7 8 11 23
881W80238y4MZ70KD52XSkm,8,plain,none,mixed,1 1 2 5 10 11 13 21
881W2ICh4A2150IOy1Go95I,8,plain,none,mixed,1 2 3 9 9 12 13 15
881W10BGLwDu00gg94E7AjA,8,plain,none,mixed,1 4 4 7 7 7 13 21
881W2IAF4YIB5WWWm8aXWme,8,plain,none,mixed,2 4 5 5 6 8 15 19
881W31TEgJYD4W02UdQ4mf8,8,plain,none,mixed,1 2 4 5 6 6 20 20
881W94TKg1Y7I81WbIVnwGa,8,plain,none,mixed,2 3 6 7 8 8 9 21
881W2D7Z_45SmI49H71X8M5,8,plain,none,mixed,1 3 4 7 11 11 13 14
881W24XP32aZ5WJmm9Atx9m,8,plain,none,mixed,1 5 5 6 7 8 12 20
881W4mTnG43PGQNGG64e954,8,distinct,none,distinct,1 2 3 4 5 12 18 19
881W2P8YYfHXp048CfKo5n8,8,plain,none,mixed,1 1 6 6 12 12 13 13
881WA0eSKC550EA53Kbv611,8,plain,none,mixed,1 1 5 6 8 8 16 19
881W4Kr4bfKa26GYbI55ZaB,8,plain,none,mixed,1 5 6 6 6 9 14 17
881W51YbOencwX86Z0NBmIE,8,plain,none,mixed,1 3 3 5 7 11 14 20
881W42gMKB2YQ1Wm8ZhaWYZ,8,plain,none,mixed,1 1 2 4 12 13 15 16
881WA31X5YP30Wd3AbYn0WO,8,distinct,none,distinct,1 3 4 5 6 14 15 16
881W424qK75XH084IFoPb52,8,plain,none,mixed,1 4 5 7 10 10 13 14
881W11dmEG2ce4aYExgKckq,8,plain,none,mixed,1 4 5 8 9 11 13 13
881W1Gc90uE5QaWqSDYA750,8,plain,none,mixed,1 2 4 6 8 9 9 25
881W21mnoXDyG8KL5HAZ9CY,8,plain,none,mixed,1 4 4 8 10 11 13 13
881W1I7mzc770WakcuaJ3X8,8,plain,none,mixed,2 6 7 7 8 9 9 16
881W498YXpPee1IYy210VIA,8,plain,none,mixed,1 3 5 5 6 7 18 19
881W50OQ59ICYWoUkMDyHG8,8,distinct,none,distinct,2 3 5 6 8 11 13 16
881WA0GIFB-30Y441IUf4An,8,plain,none,mixed,1 1 4 5 8 12 13 20
881W189DB5Yp3HIn84gE24G,8,plain,none,mixed,2 3 3 3 8 13 15 17
881W16viKomO11H5SY54muI,8,plain,none,mixed,1 2 6 7 7 9 11 21
881W26qoWY1XGb98SM5KI7I,8,plain,none,mixed,2 3 6 6 7 7 16 17
881W4PGuQCQ51W82YeI50H8,8,plain,none,mixed,1 1 6 7 7 9 15 18
881WA4NLLn8fIKa5TQlC3oW,8,plain,none,mixed,3 3 4 6 10 10 10 18
881W4CI9SFSa0WLK9bGaY52,8,plain,none,mixed,1 2 5 7 7 13 14 15
881W0j3ECY93n8v4v4XFAWW,8,plain,none,mixed,1 1 2 5 8 14 15 18
881W0iQ8OS4HHQGOA4oWNCa,8,distinct,none,distinct,1 3 5 6 10 12 13 14
881W34CeYgJHmONZzXuNX54,8,plain,none,mixed,2 4 5 5 6 13 14 15
881W4hN1FdX2aGCZfi6WGWa,8,plain,none,mixed,2 2 4 5 7 11 15 18
881W0dG469-k138XYB5J8O8,8,plain,none,mixed,1 1 6 7 8 10 14 17
881W5DXep940u4bo5HanKb8,8,plain,none,mixed,1 5 6 8 9 11 11 13
881W24kD4TCS420B1J51Z8Y,8,plain,none,mixed,1 1 1 8 9 9 16 19
881W2KILL26HmWLAb56i9Yl,8,distinct,none,distinct,1 3 5 6 9 10 12 18
881W3WibO82CU8WA4R2L951,8,distinct,none,distinct,1 2 3 4 7 12 17 18
881W4SKd4HkX94XeH5odmy0,8,plain,none,mixed,1 1 4 9 11 11 12 15
881W10fLgH8YKaIGPCJ1Y30,8,plain,none,mixed,1 2 2 8 11 11 13 16
881W09H2-ekB440FSpAEdoa,8,plain,none,mixed,1 4 4 5 8 9 14 19
881W222qG4YcH4WmvgZ1XUY,8,distinct,none,distinct,1 2 3 6 11 12 13 16
881W18efaK9BX9GpOiZg70W,8,plain,none,mixed,3 4 4 7 8 9 11 18
881W1NmeIF3akH30HHb5G41,8,plain,none,mixed,1 3 6 6 8 8 15 17
881W0tcIJIpXGb5KUHAHo2C,8,plain,none,mixed,1 5 6 7 7 11 12 15
881W31A0dMB2L12G7BCNAJH,8,plain,none,mixed,1 2 4 4 10 10 12 21
881W51j8kd1GaGA8u4Cb196,8,plain,none,mixed,1 1 5 8 10 10 10 19
881W18WDgJa50WoH31dg4B9,8,plain,none,mixed,1 1 4 6 8 12 14 18
881W8CnKoPe12WAbJCe62O4,8,plain,none,mixed,1 2 4 8 8 9 9 23
881W3190YnGZeHOcH0OK9an,8,plain,none,mixed,1 5 5 6 6 7 10 24
881W0X2OCGF7cH2GEUTZ1Wm,8,distinct,none,distinct,1 2 3 7 8 11 12 20
881W20B41hLW82HwbIfKWqH,8,plain,none,mixed,1 3 4 4 6 9 18 19
881W1HKcWCLi20O9DJ0c8fK,8,distinct,none,distinct,1 2 4 5 6 12 16 18
881W51Gv8M9CE4a8W4DX8aI,8,plain,none,mixed,1 2 2 5 7 10 11 26
881W6AcKF1WzuaYo8qHH5W4,8,plain,none,mixed,3 5 5 6 6 8 10 21
881WA6w0ceIfD44uuFRYobG,8,plain,none,mixed,2 3 7 8 9 11 11 13
881W4aAtPnnA4W3448pLn8a,8,plain,none,mixed,1 3 5 5 8 12 15 15
881W49mH71ux28KLfCQQjXY,8,plain,none,mixed,1 3 7 9 9 9 10 16
881W2GaYP-J9Wm682Q2HYn0,8,plain,none,mixed,1 2 2 5 11 12 15 16
881W0CWDJ5YYGJY94ckME8K,8,plain,none,mixed,1 2 7 8 8 9 12 17
881W0O8um98OYXKhQ44B8zO,8,plain,none,mixed,1 3 5 6 6 10 13 20
881W2g5ZHHbOmuONtmO0GK2,8,plain,none,mixed,2 4 5 5 6 8 8 26
881WAJnWGG3KOObINnqiO81,8,plain,none,mixed,3 4 5 5 6 7 10 24
881W4YOXX4H4p4SIS6IhAZ8,8,plain,none,mixed,1 4 4 5 8 13 14 15
881W1KOL1Yg3HBYL9aSmem4,8,distinct,none,distinct,1 3 5 7 8 10 12 18
881W1aT4IIKIGM4aE2PAoEY,8,plain,none,mixed,1 3 5 9 9 10 12 15
881WC8aUYox1WGnIYH2QWGK,8,plain,none,mixed,1 1 3 4 11 13 13 18
881W13Xh1dND925H1TJ2vK9,8,plain,none,mixed,1 1 6 7 7 10 12 20
881WA603e9BKiHWfk43nqgW,8,distinct,none,distinct,1 2 3 4 9 12 14 19
881W2CegHGoef7856z2I7EW,8,distinct,none,distinct,1 3 5 7 8 11 14 15
881W6LHAME5AXH51Oa3aWWW,8,plain,none,mixed,1 3 4 8 8 9 15 16
881W34E63ih4WGfCcWPSoeG,8,plain,none,mixed,2 2 5 5 6 9 11 24
881W0eXWmrEL1H8e7g98W92,8,plain,none,mixed,1 1 5 7 8 11 12 19
881W4SOCUHh2KHXHFb1KMK6,8,distinct,none,distinct,1 3 5 8 9 11 13 14
881W1YmIF9ObQL8YYI1RD48,8,plain,none,mixed,2 3 5 6 8 13 13 14
881W1OeIweH4YWCA834g3m8,8,plain,none,mixed,1 1 4 4 6 12 16 20
881W55ES8GoqeGb47xqfU6e,8,plain,none,mixed,2 4 5 6 9 10 14 14
881W21uIKepV0a895TKbfq9,8,plain,none,mixed,1 1 7 7 10 12 12 14
881W1mvb1cw210aKP8X2Ge4,8,distinct,none,distinct,1 2 3 7 8 10 15 18
881W51p9obZL1GWadjdDw58,8,plain,none,mixed,3 4 5 8 10 11 11 12
881W31KPLARCG8OHBCiX8Xe,8,plain,none,mixed,1 3 7 7 10 11 12 13
881WCFYuGK44WmY1NHZQXHe,8,plain,none,mixed,1 1 3 7 11 12 14 15
881W1WqKA8SH9GC222q24Ji,8,plain,none,mixed,1 1 2 5 8 9 18 20
881W1DWyMC14Yb10Xnpo4J8,8,plain,none,mixed,1 2 5 5 6 12 13 20
881W24vaMi70WMGaQObb0G9,8,plain,none,mixed,1 1 6 8 8 12 13 15
881W9CQ8Ka-IS0GREX9IgJ4,8,plain,none,mixed,1 4 6 7 7 9 13 17
881WA0b5QY2HekWCUR2PnB0,8,plain,none,mixed,1 1 1 10 11 13 13 14
881W0IJEMP98X7X3ko95L2G,8,plain,none,mixed,1 1 6 7 8 12 14 15
881W210lKgS4ge4OE1Wx96G,8,distinct,none,distinct,1 2 4 6 7 12 15 17
881WCXGKIAY32IC6ZkHgW0C,8,plain,none,mixed,1 1 3 5 7 10 14 23
881W155dmYI5Wo2p4uKoWne,8,plain,none,mixed,1 2 4 8 8 9 13 19
881WAKWS87dfmK2YHPCDXIa,8,plain,none,mixed,3 5 5 6 7 9 11 18
881W2L8IJGLZ324aMaMJHKI,8,plain,none,mixed,1 4 5 5 7 10 15 17
881WA14IwJKkHQ859BHeGX0,8,plain,none,mixed,1 2 6 7 7 12 14 15
881W2uaN4IKO0WeB3nIbH8I,8,plain,none,mixed,1 3 5 6 8 8 15 18
881W19A2Nbua3XWwUHH13CI,8,plain,none,mixed,1 1 4 4 7 9 18 20
881W08BSm85f2aqfO8YIIaJ,8,plain,none,mixed,1 3 3 5 8 12 15 17
881W0NBOHaK2JAWQbj53WqI,8,distinct,none,distinct,1 2 4 7 10 11 13 16
881W1Ma8AZDL1HJ5IehV382,8,plain,none,mixed,2 3 5 5 7 11 12 19
881W4efL9mU8gP8vnP9GYo2,8,plain,none,mixed,3 3 4 4 6 9 10 25
881W0f9IWm6nWHGiASgvJa4,8,plain,none,mixed,1 1 4 8 9 10 13 18
881W40CAI91JtAH945Yh2z8,8,distinct,none,distinct,1 2 3 4 7 13 14 20
881W214WWasgM0WOCZGuS9e,8,distinct,none,distinct,1 2 4 6 8 9 11 23
881W0sWE4i2S50Hc3YjYIfY,8,distinct,none,distinct,1 2 3 6 8 10 14 20
881W8aM4bDDdA58K4WXx4tW,8,plain,none,mixed,1 2 6 6 8 8 14 19
881W8IMeWnEp1WToG52cHLC,8,plain,none,mixed,1 3 3 4 9 10 11 23
881W5aoH2A2Kn4N313tPmU8,8,plain,none,mixed,2 2 5 6 7 10 12 20
881W2C823fQU11B9c1WWJeA,8,plain,none,mixed,2 4 4 4 5 6 13 26
881W8K8n2ZIv0WeXGaMpeGE,8,plain,none,mixed,1 2 3 6 10 11 11 20
881W4we8gDDAaWWJMegx094,8,plain,none,mixed,1 3 5 5 9 10 14 17
881W02jmnKvF1A55H68yN8m,8,plain,none,mixed,1 2 5 9 11 11 12 13
881W2mmKVC94U0A42K2ceII,8,plain,none,mixed,1 1 5 6 8 10 16 17
881W412tQSo4aHGFY14I9q6,8,plain,none,mixed,1 2 6 6 10 10 11 18
881W1Y0Znr2xU08MvoOWGIa,8,distinct,none,distinct,1 2 3 6 10 11 12 19
881W94YOa1Zfn0q98aIZbmq,8,plain,none,mixed,3 3 4 4 9 11 12 18
881W00GaIN2d8X8aLY0Mx5X,8,plain,none,mixed,1 1 3 7 8 9 13 22
881W6R1Wp1XnnOWG44IHIW2,8,plain,none,mixed,1 3 3 4 6 7 17 23
881W5H4U86F8yW22Y8hUAY2,8,plain,none,mixed,1 2 2 6 8 8 16 21
881WB6XchbH4aW4lYD29HGG,8,plain,none,mixed,2 3 3 8 9 12 13 14
881W0C5CEX62n3GaA5XoKao,8,plain,none,mixed,1 1 2 9 9 10 13 19
881W2910sG212884UbIWmhL,8,plain,none,mixed,1 1 2 10 10 12 12 16
881W2d828gTK8brGQcmKpPO,8,plain,none,mixed,2 3 3 5 6 11 13 21
881W49fH2nau94eRpmcJAH0,8,plain,none,mixed,1 2 7 7 8 12 12 15
881W32X9y-54eWeGZaKe843,8,plain,none,mixed,1 2 6 7 7 10 11 20
881W1LBChDaK9H1Grn225Am,8,plain,none,mixed,3 4 4 5 7 11 14 16
881W5KlgE54Ib83GOD02kiG,8,plain,none,mixed,1 1 4 4 6 10 18 20
881W4fxTtAYGWGGWaDAmga0,8,plain,none,mixed,2 4 4 5 6 10 14 19
881W4QzPmEBBxWWBZK355aH,8,plain,none,mixed,2 3 6 6 7 8 14 18
881W2Xoa41WeYD4H8CA3iI4,8,plain,none,mixed,1 3 3 4 7 8 12 26
881W21JCOd280P8RTqvDNHe,8,plain,none,mixed,1 4 5 5 7 12 14 16
881W10BaIALAR94LI294eYI,8,plain,none,mixed,3 3 5 8 9 9 10 17
881W0Gd5lKk44509MAgap8n,8,plain,none,mixed,1 3 3 7 9 10 12 19
881W40eM3wa22WADaHIXYHa,8,distinct,none,distinct,1 2 3 4 9 10 16 19
881W2N1HOg5KYjX4R818IB2,8,distinct,none,distinct,1 2 5 7 8 9 12 20
881W6GRyQcJGX0aei8ISmOA,8,plain,none,mixed,1 4 6 6 8 10 13 16
881W29neZIfYfW42P889mDH,8,plain,none,mixed,1 1 5 6 7 14 14 16
881W2XWGHo1D0OI64kPOWIP,8,distinct,none,distinct,1 2 3 6 11 12 14 15
881W24OKZHIF1Z859KiYIX8,8,plain,none,mixed,1 2 5 6 6 14 15 15
881W4fagb2HasGOBe0C14eC,8,plain,none,mixed,1 4 4 7 7 7 10 24
881W0mO43H6IH0MB3X0I8gB,8,plain,none,mixed,2 3 3 4 5 7 9 31
881W4X0YJ9TCY045YGeGKYf,8,plain,none,mixed,2 2 3 3 9 10 15 20
881W0eGPK68e84gUE551GbG,8,plain,none,mixed,1 2 3 8 8 10 14 18
881W18P3iLi62WGGIfU1ZeC,8,plain,none,mixed,1 2 2 8 9 12 13 17
881W8fICgn8KG43zq236YE4,8,plain,none,mixed,1 2 3 4 10 12 12 20
881W12GoaY73MeICwnE290m,8,plain,none,mixed,1 1 4 7 8 11 16 16
881W1emYHerv4G894emQH58,8,plain,none,mixed,1 3 4 7 7 10 15 17
881W1JA2rimK92LwOnH95Y4,8,plain,none,mixed,2 5 5 5 7 7 14 19
881W8SaiM4BrbG2XIBS4n54,8,plain,none,mixed,1 1 6 6 8 8 16 18
881W518b44KYn4SKgKJfQ30,8,distinct,none,distinct,1 2 5 8 9 10 13 16
881W2I11WCGOX4aFdZWmMB2,8,plain,none,mixed,1 2 4 5 8 8 10 26
881W0CKYG48cF62WJB4cJ4G,8,plain,none,mixed,1 2 2 3 11 12 16 17
881W28t59ZYX608X8qNtg8m,8,plain,none,mixed,1 2 3 5 8 14 14 17
881W0WR4qAjmyfAKLC69oH1,8,distinct,none,distinct,1 4 6 7 9 10 11 16
881W0meYHupLf06939yY63Y,8,plain,none,mixed,2 3 4 5 6 8 18 18
881W20ycq8zRn0ICBOaDm_1,8,plain,none,mixed,1 6 6 8 9 9 12 13
881W231Gev1H8gP4a91mmA4,8,plain,none,mixed,1 3 4 7 7 8 14 20
881W4CYfNM7pA0H8YwKWef9,8,plain,none,mixed,1 5 5 7 10 11 11 14
881W6ZXWmOISq90b99eG444,8,plain,none,mixed,3 3 4 5 6 8 9 26
881W007GiU52X9WW226YbJ9,8,plain,none,mixed,1 2 2 8 8 9 14 20
881W0G3YxCK12XMTI1Y12nW,8,plain,none,mixed,1 2 2 3 6 8 21 21
881W6iiH-ws0GXb48GXj5KE,8,plain,none,mixed,1 3 3 3 6 13 14 21
881W6002eWeb4WYTa23Heuu,8,plain,none,mixed,1 1 1 4 7 11 15 24
881W130cSwOQDA19Jo21HAm,8,plain,none,mixed,1 2 4 5 11 13 13 15
881W54CQIfoMKH1hKFvFYEP,8,plain,none,mixed,3 4 6 6 10 11 12 12
881W1HKiuQ6gL0aGAGZbH31,8,plain,none,mixed,2 2 5 10 10 10 11 14
881W4Ygb0M10WK8yCEEZcJ8,8,distinct,none,distinct,2 3 5 7 8 10 12 17
881W4W4A2AL5RW82XIPNh2I,8,plain,none,mixed,1 3 5 5 7 7 11 25
881W8JdA4298A78NX8iKeLO,8,distinct,none,distinct,1 2 5 8 9 10 11 18
881W4WoHGqXXGbW4aM4uCA8,8,distinct,none,distinct,1 2 3 4 6 12 17 19
881W49A3QUKbuWaknaGmtWJ,8,plain,none,mixed,1 4 4 6 6 8 13 22
881W82Dh8g6XaGX5QcpYQ1G,8,plain,none,mixed,1 2 3 7 10 10 13 18
881W299aJ5O5WGeIIhKoIGO,8,plain,none,mixed,1 6 7 8 8 9 9 16
881W213X9p61H58aE6nWGMI,8,plain,none,mixed,3 3 4 5 7 10 13 19
881W0TAG3YFD0Wr5X9cJYGG,8,plain,none,mixed,1 1 4 7 8 11 15 17
881WCWz8aK4I8aJ9IfP220a,8,distinct,none,distinct,1 3 4 5 8 9 12 22
881W4hmYNID5bG01MJrX0HW,8,plain,none,mixed,1 3 5 5 5 13 15 17
881W2an2KCXbP3aIOvHpHgA,8,plain,none,mixed,1 4 5 8 9 11 13 13
881W1YC4Yruv11ooZHn4X58,8,plain,none,mixed,3 4 4 6 6 7 17 17
881W8DsP8Kgc305AWeeJ9eO,8,plain,none,mixed,1 4 5 8 9 11 13 13
881W20rQgSAE0j4X4Hr5YYW,8,plain,none,mixed,1 3 4 7 9 9 12 19
881W0ZAGaJP222DoYvkoY94,8,plain,none,mixed,1 5 6 8 8 10 11 15
881W0boC62XUwCb1XOKA8G4,8,plain,none,mixed,1 3 3 6 8 8 11 24
881W2c14CC592r97hM9n52W,8,plain,none,mixed,2 2 4 6 8 10 14 18
881W0GEIrC8YF50H767YH58,8,plain,none,mixed,1 2 3 3 13 13 13 16
881W18ySYT11ce85A62qKGe,8,plain,none,mixed,1 2 3 9 10 10 13 16
881W49Emo8aJ110Ga8sJAKY,8,plain,none,mixed,1 2 8 8 9 9 12 15
881W0OZ1cDaeK4mYTDB50B8,8,plain,none,mixed,1 1 4 6 10 11 14 17
881W1WUIaAzJ2ZDIcm6IYGI,8,plain,none,mixed,1 4 6 6 7 9 12 19
881W0O6iyauK1POI6j41dG2,8,plain,none,mixed,1 1 1 6 8 9 17 21
881W1Wa6LgIdeWO20bcF-J2,8,plain,none,mixed,1 3 5 7 7 8 10 23
881W5HaeykVHeeWQY8YAN81,8,distinct,none,distinct,2 3 4 6 10 12 13 14
881W510WuffGWGKEeL1WmG6,8,distinct,none,distinct,1 2 3 4 9 10 16 19
881WDCfPq25ZPWfi271oI22,8,plain,none,mixed,1 4 5 8 8 9 14 15
881W0a48jE-FiZGCCb1MNAI,8,distinct,none,distinct,1 3 6 7 8 9 11 19
881W0ONxYSgg600gIcb5WyI,8,plain,none,mixed,2 3 5 5 6 7 16 20
881W0f5T1ieaA0KMIQAYGin,8,distinct,none,distinct,2 3 4 5 9 11 14 16
881W5DHHqIOX9Kfg5SqDIaG,8,distinct,none,distinct,2 4 5 6 7 8 10 22
881W2KB8xFmZf8Xcd4YgecK,8,distinct,none,distinct,2 5 6 7 9 10 12 13
881W04IHmA440cGO5bMbYnP,8,plain,none,mixed,1 1 3 7 7 12 16 17
881W2KCwSWf3mWPir8HIU8O,8,plain,none,mixed,1 1 4 9 10 10 11 18
881W8KIsXA4d3aaYS46LvGH,8,plain,none,mixed,1 3 4 8 10 12 13 13
881W4A9N2K2250ASI9d3Z0G,8,plain,none,mixed,1 2 4 9 9 9 9 21
881W80GIA4KX9I92XHzGikq,8,plain,none,mixed,1 1 5 6 8 9 15 19
881W4a7YG333Gb3HGYXawIO,8,plain,none,mixed,1 3 5 5 6 8 17 19
881WCY49HkffCK9IQD7SYSm,8,plain,none,mixed,1 4 6 8 8 10 11 16
881W978vkX0WGCeei2D61Wn,8,plain,none,mixed,1 2 2 6 7 9 10 27
881W3AS8w4Y4I4G8zCirPU2,8,plain,none,mixed,1 3 4 4 9 13 13 17
881W9Zb24ES39854fEYj6YY,8,plain,none,mixed,3 4 4 4 7 10 16 16
881W425TkK9J94mG52Kmn9W,8,plain,none,mixed,1 1 6 6 9 11 13 17
881W014i7wD0cAjRi8aI4Hm,8,plain,none,mixed,1 1 3 6 12 12 14 15
881W0n3WcK1A18aXAvz_5Ge,8,plain,none,mixed,1 3 4 7 10 12 12 15
881W4ZWbrdJOCHWgf2iJ4w2,8,plain,none,mixed,4 4 5 5 7 11 13 15
881W2HH6IAA914OFUm8gsha,8,plain,none,mixed,2 3 6 6 7 9 11 20
881W8ACOeK5hIY32Ri2oI2X,8,distinct,none,distinct,1 2 4 7 9 11 14 16
881W4XiiQB5brK01X8_4X30,8,plain,none,mixed,4 4 4 5 5 10 12 20
881W0bRCkY0rf4f8zcY8wfG,8,plain,none,mixed,2 4 6 6 8 9 12 17
881W0eACc6PeHHQO73mUGJ9,8,plain,none,mixed,1 2 2 3 8 9 17 22
881W53118g0WWKe8SN1WS62,8,plain,none,mixed,2 2 2 3 4 9 18 24
881W08G8ZQyD10YK6Yn5o9G,8,plain,none,mixed,1 1 3 5 6 9 18 21
881W4A31qJKZWGKa64IGu94,8,plain,none,mixed,1 1 5 6 8 9 11 23
881W5KcahLd1WWXG2CX8p8K,8,plain,none,mixed,2 4 4 7 10 10 12 15
881W05gvftyYWY82AGJggHK,8,distinct,none,distinct,1 2 4 8 9 10 12 18
881W10AjBLQ6996D1CibGII,8,plain,none,mixed,3 3 4 5 6 9 14 20
881W44LRHUr8ZeX_HDJ460a,8,plain,none,mixed,1 3 5 7 7 10 12 19
881W4eeegM4B64C4gyWlaJ8,8,plain,none,mixed,1 2 6 6 9 10 13 17
881W2H6Ic91Rin0I5PQqYeX,8,plain,none,mixed,2 3 3 5 7 8 14 22
881W91YlFKeC611AY551X0K,8,plain,none,mixed,1 2 2 7 8 10 11 23
881W18_9SsH0mH44SC8bDWG,8,plain,none,mixed,1 4 4 6 6 12 14 17
881WA5DD9kA0e9CIIQEqcoY,8,plain,none,mixed,2 3 6 8 8 10 13 14
881W4Znt54YWXWm8CINP98W,8,plain,none,mixed,1 1 6 8 8 12 12 16
881WAY93cr4ZXmf4W11L9GO,8,plain,none,mixed,2 2 2 6 7 8 10 27
881W18WGCsjbf8A94ZY88F8,8,plain,none,mixed,1 3 5 5 6 10 17 17
881W0eGGuA3tS0QDB5LGG34,8,plain,none,mixed,1 1 4 4 7 13 16 18
881W32AcY4Z2H50Gy2eqPQK,8,plain,none,mixed,1 4 6 7 7 7 15 17
881W2X85KNQWWHewT8b7OG8,8,distinct,none,distinct,2 4 5 6 10 11 12 14
881W6WGyfI30rWG9gf1PfoX,8,plain,none,mixed,1 2 5 7 7 11 13 18
881W4L8T28C6wbX8cApIc50,8,distinct,none,distinct,2 3 4 6 8 10 12 19
881W2HHPImk684GKKj2L8qM,8,distinct,none,distinct,2 3 5 6 8 9 14 17
881W2CeOqQQ1A3449rqe72Y,8,plain,none,mixed,1 3 4 5 7 7 15 22
881W216aI10m8nmeK84A155,8,plain,none,mixed,1 1 2 5 6 8 9 32
881W31XHQ32YGaGGO2vaIhK,8,plain,none,mixed,4 4 5 5 8 9 11 18
881WAKNaIMdS10MOJp8Ip8A,8,plain,none,mixed,1 2 5 9 9 9 14 15
881W2X19e4I7OCOILoQI90Y,8,plain,none,mixed,1 2 2 9 9 11 13 17
881W0SHG1FG4e8v-cnVDUqH,8,plain,none,mixed,1 3 4 8 9 9 15 15
881W1GGgCLAGC0E64ECKeCn,8,plain,none,mixed,1 1 2 2 8 14 18 18
881W4MWGOdHRiE0gbKPqa80,8,distinct,none,distinct,1 3 4 6 8 9 14 19
881W8qI4IC2GaWIOC11Uf4a,8,plain,none,mixed,1 1 5 6 8 11 15 17
881W3XWoK4D8aOOE51BW40m,8,plain,none,mixed,1 1 1 4 10 10 12 25
881W4JWeA9daH10WXsib8wH,8,plain,none,mixed,1 4 4 7 9 10 10 19
881W421X5T1UnGCTL53XG-9,8,plain,none,mixed,4 5 5 6 6 9 11 18
881W0fKGG5MZHcD4YF400Ie,8,plain,none,mixed,1 2 3 7 7 8 14 22
881W211WFOmMwWmUJ6H1CGH,8,distinct,none,distinct,1 3 4 6 7 8 17 18
881W1HMJIQKu402kJM54ob4,8,plain,none,mixed,1 2 2 8 8 10 13 20
881WAZOeYOofwH3bC10BAR2,8,distinct,none,distinct,2 3 4 5 10 11 12 17
881W4ouU94YE0W23nOoWHe0,8,plain,none,mixed,1 1 2 5 5 9 20 21
881W8bpd2KfQes4PHqNXXGG,8,plain,none,mixed,1 5 7 8 9 9 11 14
881W2A1OMI9g94M8j4aGmbG,8,plain,none,mixed,1 1 9 9 9 9 10 16
881W02Km8a4gKUH6JDKC2Aa,8,plain,none,mixed,1 1 5 6 6 12 12 21
881W4K552bIT9aZw4Y0WJ82,8,plain,none,mixed,2 4 4 5 9 9 10 21
881W8ZgCC8b328XWGpEyamS,8,plain,none,mixed,1 4 5 6 7 7 14 20
881W2598K10qG8ZnfAbJgjG,8,plain,none,mixed,1 5 6 7 8 10 10 17
881W1KfL1PU2Xh8QIA3vqGG,8,distinct,none,distinct,1 2 6 7 8 12 13 15
881W2SA43afY50n5ZXXGmb6,8,plain,none,mixed,1 2 5 7 7 9 11 22
881W8IaO8qQR8X5f1WiD4Zq,8,plain,none,mixed,1 3 4 6 6 8 15 21
881W0YWy34D4a8iNvHBYaWO,8,plain,none,mixed,1 2 3 10 10 10 13 15
881W4khIPODD8Y4H47eWB4B,8,plain,none,mixed,1 1 4 5 9 9 17 18
881W8WM9b4b2Xp08853iI8m,8,plain,none,mixed,1 1 4 5 10 11 14 18
881WAR8G63s4H4D2HX6p8B8,8,plain,none,mixed,1 1 3 5 9 10 10 25
881W44AqS52qebZXHAY9g14,8,plain,none,mixed,1 2 3 3 12 13 15 15
881W4Ts4a0qY9AKSY8eNeUY,8,distinct,none,distinct,2 3 4 5 7 8 11 24
881W1HbGZ-hLg4GCII29YWe,8,plain,none,mixed,1 3 4 7 10 11 11 17
881W42QF3X8I8KOaXGOD5A8,8,plain,none,mixed,1 2 2 6 7 10 10 26
881WA94o91Ic8KvQigmeGK8,8,plain,none,mixed,2 4 5 6 7 8 8 24
881W2aI8SERUv4pCabWG444,8,plain,none,mixed,2 3 5 5 7 8 16 18
881WA0OIaI30G6KABLkL9YW,8,plain,none,mixed,1 4 6 7 7 13 13 13
881W10lRjKrGG8akH912QCG,8,plain,none,mixed,2 2 4 7 8 9 10 22
881W18of2T1GWHWOAA8bQC2,8,distinct,none,distinct,1 2 3 6 10 11 12 19
881W62TDOPeeA8GRYKB1YMa,8,plain,none,mixed,1 6 7 7 8 8 9 18
881W1PAa45av08cYHL3Pi58,8,plain,none,mixed,1 1 8 8 8 10 14 14
881W4deYf8f2WWJfhcSAJ98,8,plain,none,mixed,1 4 4 5 9 10 11 20
881W6IG8ai0XWemKsA5qS42,8,distinct,none,distinct,1 3 4 5 6 12 16 17
881W0YWy64YQHY32H4zAaK4,8,distinct,none,distinct,1 2 5 7 8 9 12 20
881W94L8MCL9Y8AX8YvX4He,8,plain,none,mixed,1 2 2 8 11 12 13 15
881W6YH8y6Z2P0WGa4Wm82E,8,plain,none,mixed,1 1 1 6 9 11 17 18
881W2xYGGGP2W0eYdDOeE63,8,plain,none,mixed,1 3 3 5 6 10 12 24
881W2YT3XMcEGGIJcY0okGK,8,plain,none,mixed,1 2 6 8 8 11 11 17
881W3422HF64mQ2H9KZHOua,8,distinct,none,distinct,1 2 4 7 8 9 13 20
881W81MKHGeYb4petLCYTZ4,8,plain,none,mixed,1 5 5 8 9 9 10 17
881W0qaofaA5fYWyOi80E68,8,plain,none,mixed,1 2 4 5 8 10 10 24
881W22fmea58XGIEhOKg31W,8,plain,none,mixed,2 2 3 5 7 9 15 21
881W2LX6K3W0AH31uAD7Koc,8,plain,none,mixed,2 4 4 4 6 6 7 31
881W157JPfaA2YCX8RIXGv0,8,distinct,none,distinct,1 3 4 6 9 11 12 18
881W41N4ohQB5WWiv316Imu,8,plain,none,mixed,2 4 5 6 7 7 16 17
881W3WIm851efWanOq5eWK9,8,distinct,none,distinct,1 2 4 5 9 11 14 18
881W18WKCgAICGO53YXXLBW,8,plain,none,mixed,1 1 4 6 10 11 13 18
881W2aZ844aJnP1Gm9z0eK4,8,distinct,none,distinct,1 2 4 5 6 10 14 22
881W6IMEVAH93WYa2q9H3G8,8,plain,none,mixed,1 2 5 5 6 13 15 17
881W52d0GE7J9bW0O89KI8a,8,distinct,none,distinct,1 2 3 4 5 8 20 21
881W54fIWOj114Xm50wLHeP,8,plain,none,mixed,1 2 5 5 7 12 13 19
881W4K59pAA940bhAYHZZX8,8,plain,none,mixed,2 2 5 6 7 7 16 19
881W42HCwC21CH2X4bJ4d3Y,8,plain,none,mixed,1 2 4 4 6 13 15 19
881W242fBP31OrP4aF41SOM,8,plain,none,mixed,2 2 3 4 6 11 13 23
881W10aZOG5AKDKnUZ6Z9Z0,8,distinct,none,distinct,1 2 4 7 9 10 13 18
881W3WiOa-PAI8I1Dr16A0W,8,plain,none,mixed,1 2 3 4 8 12 17 17
881WAaokXOjOQa8N5S29T84,8,plain,none,mixed,2 3 5 5 6 7 10 26
881W8GaWao52YY98gyI92Wm,8,plain,none,mixed,1 2 3 9 10 10 13 16
881W1WGC8if610G42Ygo8aU,8,plain,none,mixed,1 1 5 8 8 10 11 20
881W198qQ6YP8GK94uGugqH,8,plain,none,mixed,5 5 5 6 6 11 13 13
881W1mW94HXvg0iF52bCm49,8,plain,none,mixed,1 3 3 3 10 12 15 17
881W62U8Z6Z6IH0GrArDz9G,8,distinct,none,distinct,1 4 5 8 9 10 12 15
881W0Kmk8IAOud436lPr54K,8,plain,none,mixed,1 3 3 5 7 10 15 20
881W4952qaA1GPGar4ZPeqA,8,distinct,none,distinct,3 4 5 6 8 11 12 15
881W2A0nh_YP4m8IpEX8GX2,8,plain,none,mixed,1 1 1 6 9 13 13 20
881W0Xen8I10iOgC2LDY232,8,plain,none,mixed,1 2 3 3 5 14 17 19
881W4nCg9I92XW84b61Fmv4,8,distinct,none,distinct,1 5 6 8 9 10 11 14
881W20misyH8WKYO2Q9XX0X,8,plain,none,mixed,1 1 5 5 9 12 15 16
881W0OC4a7o430eI5YXXX88,8,plain,none,mixed,1 1 2 5 8 9 17 21
881W5X973WNiL02Kpn0KHI9,8,plain,none,mixed,1 2 2 5 7 11 11 25
881W8qT2YC0X308aMgLmxm8,8,plain,none,mixed,1 1 6 8 9 11 13 15
881W0WGEeX8XI4uK5Yo95oe,8,plain,none,mixed,1 1 5 7 7 8 17 18
881W4gQ0igQnHH8w62IYM82,8,plain,none,mixed,3 3 4 4 6 6 13 25
881W210XOgv2Wn4oR4H0G8C,8,plain,none,mixed,1 5 6 6 7 9 9 21
881W8KE4q4aSGg4H5729cKa,8,distinct,none,distinct,1 2 3 5 7 12 16 18
881W8mOShKM10kaK20c00IG,8,plain,none,mixed,1 1 1 5 7 10 18 21
881W8HmWIKpz8AJDXIaSKqH,8,plain,none,mixed,1 4 5 6 6 8 15 19
881W42YHAHbv10ceoOnGmaO,8,plain,none,mixed,1 2 4 5 12 12 12 16
881W1CekKvB4YJ8859aWYea,8,plain,none,mixed,1 3 4 7 7 12 14 16
881WA13WSC_70Iaa8a2OmOC,8,plain,none,mixed,1 1 5 7 10 10 12 18
881W2WaOqbAOO4IE8M1NhgK,8,distinct,none,distinct,3 4 5 6 7 8 13 18
881W30292XXXOf842H0pHKb,8,plain,none,mixed,1 3 3 4 5 6 13 29
881W939G421-s0XI1OMA7DY,8,plain,none,mixed,1 2 2 5 7 9 13 25
881W1H7oqK4a60YW7SZmQ4I,8,plain,none,mixed,1 1 4 7 10 11 12 18
881W2f4eZHga4021BPi31a6,8,plain,none,mixed,1 2 2 4 6 7 17 25
881W0o8Ryo691WY6vRPZ1WG,8,plain,none,mixed,1 2 5 7 7 10 14 18
881W1gQaXWagHH4Twn0YMg1,8,plain,none,mixed,3 3 4 8 8 9 11 18
881W2bG42738fB0ZHWXYSK9,8,plain,none,mixed,1 1 4 5 6 8 10 29
881W1X0GXWRYa8CBAza6N5w,8,plain,none,mixed,1 1 3 6 6 6 14 27
881W8bbKpb3GH0OeOIITNSI,8,plain,none,mixed,1 4 6 7 7 9 11 19
881W2Xzbg5OGW8eAIL54kCa,8,plain,none,mixed,3 4 6 7 7 9 9 19
881W0GaHnOgXmWSM458S68m,8,plain,none,mixed,1 2 3 3 10 11 16 18
881W1GIma6dPUWWZT3F482C,8,plain,none,mixed,1 1 2 6 10 13 14 17
881W9CoYfH0WUC8L4E56Z0A,8,distinct,none,distinct,1 2 4 6 7 10 13 21
881W2aHXH3y-X0PvcAL8y6H,8,plain,none,mixed,1 5 6 7 7 9 12 17
881W8KGoLA4Q204ZHa64mOo,8,plain,none,mixed,1 2 3 5 10 10 14 19
881W5IoKINeM8SYX75LEG28,8,distinct,none,distinct,1 3 4 5 6 8 16 21
881W11HSG86PC8IATP2D73a,8,plain,none,mixed,1 4 4 7 7 9 12 20
881W1AKi47k90I72I4h9HH4,8,plain,none,mixed,1 1 6 8 9 9 13 17
881W0KagS85IA2GeKajKQCL,8,plain,none,mixed,2 2 4 7 10 11 12 16
881W22x4O9pWW1aagH7LqEB,8,distinct,none,distinct,1 3 4 5 8 12 15 16
881W0m8d0HGeX0cU98qU8me,8,plain,none,mixed,1 1 4 5 7 12 14 20
881W2A0oIJf51X8aae2Hejg,8,plain,none,mixed,1 4 5 5 7 8 13 21
881W60GI9HNS50GEXnDGmOo,8,plain,none,mixed,1 1 3 4 5 14 14 22
881W2FA926Og221DNZ13ITE,8,distinct,none,distinct,1 2 3 4 7 11 16 20
881W3X4eSKo90W644I26ZGa,8,plain,none,mixed,1 1 4 7 8 12 15 16
881W94GfgzA8258pL5g1085,8,distinct,none,distinct,1 2 3 7 8 9 14 20
881W0Id2YGl4ZAXWGfi6Lv0,8,plain,none,mixed,1 1 3 5 8 11 13 22
881W80WuhBo844HElSZYHWb,8,plain,none,mixed,1 1 6 7 8 10 12 19
881W49HYSa1885Eei41dBaI,8,plain,none,mixed,1 2 5 6 6 10 12 22
881W38ANe2D40D29BL5YAcY,8,plain,none,mixed,1 1 1 4 13 13 15 16
881W20CEecGRC8mO4Iwcmx8,8,plain,none,mixed,1 2 4 7 7 8 16 19
881W08AKhDIXX9aK62KAAY9,8,plain,none,mixed,1 2 6 6 9 11 11 18
881W0gICIFZd1WYXXLh2898,8,distinct,none,distinct,1 2 4 7 8 10 13 19
881W44234dHBaeX94YWfKme,8,plain,none,mixed,2 4 4 5 5 10 10 24
881W318eLKq4RO8651PF1ab,8,plain,none,mixed,2 3 5 5 6 12 14 17
881W191H84ALYmuKGO08854,8,plain,none,mixed,1 1 1 6 7 9 15 24
881W0eKHOKB60OKQ8YamC4Y,8,plain,none,mixed,1 1 2 4 7 14 16 19
881W0GC6vx2XXGCAB1pXf18,8,plain,none,mixed,2 3 3 5 6 7 14 24
881W0HneYHf8Wv4Z8mS5G2D,8,plain,none,mixed,1 1 2 5 8 10 18 19
881W1H6KvKnOZ1WL4SGeBa6,8,plain,none,mixed,1 1 7 8 8 11 12 16
881W14d4KNboWef4yRmHDL4,8,plain,none,mixed,2 4 6 6 9 9 12 16
881W2HWaIA5KaSmPD1Cce64,8,plain,none,mixed,1 3 6 9 9 9 12 15
881W82CHkf50CGBGSCbJUFa,8,plain,none,mixed,1 1 7 8 9 10 11 17
881W0qe62HF552GfI8uWR5I,8,plain,none,mixed,2 3 5 7 8 8 10 21
881W1YOnyYHF500IqqrH3Xm,8,distinct,none,distinct,1 2 3 5 9 11 15 18
881WBGeQE4D9aG12Z1a8nea,8,plain,none,mixed,1 2 4 7 7 9 12 22
881W0eva858Ia4aJJjD0k-O,8,plain,none,mixed,1 4 5 7 10 11 11 15
881W4Q11mKKwYGIKAZ0WQ82,8,plain,none,mixed,1 3 5 6 7 7 8 27
881W2HJOKK5OgQXZ_45aKA0,8,plain,none,mixed,1 3 4 4 7 12 14 19
881W2aGA73vq0H92ZXmxH48,8,plain,none,mixed,2 3 4 5 8 8 12 22
881WEXG0WOc32aXG6f4WG89,8,plain,none,mixed,1 1 1 4 4 12 12 29
881W4InTwbJ31WaA928HJ1W,8,plain,none,mixed,2 3 6 7 7 9 13 17
881W6BYbmGmZ1GGs5GKIChP,8,plain,none,mixed,1 3 5 6 9 10 10 20
881W0E1mMQ1XqYIegOAKcfK,8,plain,none,mixed,1 1 7 7 8 9 12 19
881W2GuboaU2XS4K5P9IWYG,8,distinct,none,distinct,1 4 5 6 7 12 14 15
881W29qxSZfBbmWE42e1mm4,8,plain,none,mixed,1 2 6 7 10 11 11 16
881W0qOHGeP0G7GIA54WPAb,8,plain,none,mixed,1 1 4 5 5 14 16 18
881W8qJJIM8iH8IIKk4amWW,8,plain,none,mixed,1 4 4 9 9 12 12 13
881W16WSo8cI11XGKD2J8qK,8,distinct,none,distinct,1 3 6 7 10 11 12 14
881W74J8qLg0HA4IuASOiCA,8,plain,none,mixed,1 3 4 8 8 12 14 14
881W25mC6Cn4G5JFc99YfIa,8,plain,none,mixed,2 4 5 6 9 9 14 15
881W20YH0WGr2b8oOS2H8eJ,8,plain,none,mixed,1 3 3 5 7 8 13 24
881W210zeefqbGYC8h2ZH4e,8,plain,none,mixed,1 1 8 9 10 11 11 13
881W10Xin9Kwi8OCICM8Doa,8,distinct,none,distinct,2 3 4 5 8 9 12 21
881WB4EJu5l710IH6KKIIGS,8,plain,none,mixed,1 1 4 5 11 12 13 17
881W08X4Y8-8mOcKL9CsQO8,8,plain,none,mixed,1 2 7 9 9 11 12 13
881W4C94q8d3X8HeC0GXsP4,8,plain,none,mixed,1 1 5 7 8 8 12 22
881W0iepu7Z10dGmK48OdAO,8,distinct,none,distinct,1 3 4 5 9 10 14 18
881W08CbYlk50HYbU0X8oGa,8,plain,none,mixed,1 2 6 6 6 8 13 22
881W4fGm8w4X10S6b4rGO52,8,plain,none,mixed,1 1 4 6 7 9 18 18
881W0NX4u4z60D54qjDcesM,8,plain,none,mixed,1 1 6 8 8 10 13 17
881W60WgPeoqI84CdQYYH4K,8,plain,none,mixed,1 2 2 5 10 13 14 17
881W1fGPqaJcwW0M6TrWK51,8,distinct,none,distinct,1 2 3 6 7 8 18 19
881W0PB552UJ129g-6JXmPI,8,plain,none,mixed,1 5 5 7 8 12 13 13
881W54yQfA29q5XI53YifJG,8,plain,none,mixed,2 3 7 8 10 11 11 12
881W6GOd8IekHG4Ph97b58S,8,plain,none,mixed,1 1 5 5 7 10 16 19
881W4I114fHf9ea9Cd3mYF4,8,plain,none,mixed,2 3 4 5 9 10 10 21
881W1nH2WCIn6WKDMI0cH4K,8,plain,none,mixed,1 1 4 6 11 11 11 19
881W0G98ea0XALeu4YIoU70,8,plain,none,mixed,2 2 2 3 6 15 17 17
881W2H52eSC39GKAO60uUEM,8,plain,none,mixed,3 4 4 4 9 10 10 20
881W18aPiM2252JGYHYZ1WG,8,distinct,none,distinct,1 2 4 5 7 12 13 20
881W0P2Oad8iZ16S2PRERGe,8,plain,none,mixed,1 1 7 7 9 9 12 18
881W97BYE6Iemm2Kg5ATLm8,8,plain,none,mixed,1 2 5 9 11 11 12 13
881W4GpuGZ5Z9Z1SMABK8GB,8,plain,none,mixed,1 2 2 8 9 11 15 16
881W1aY8agm2C24RDbEWG8B,8,plain,none,mixed,1 1 4 5 6 11 15 21
881W29QGjUc80X4J3gqb1Xa,8,plain,none,mixed,1 2 5 8 8 9 12 19
881W2f9JPeoWe8CGOB0K7E4,8,distinct,none,distinct,1 2 3 5 6 10 18 19
881W8gHXOLYHm0BT6jKK6S8,8,plain,none,mixed,1 2 3 8 8 10 13 19
881WCYH2H675WI219ZHAXGG,8,plain,none,mixed,1 3 3 5 7 13 15 17
881W22GC3NgTSPGhWG9PPYW,8,distinct,none,distinct,1 3 5 6 7 8 9 25
881W10uHnXOKKe4L5aqMAPI,8,plain,none,mixed,1 3 4 4 5 6 16 25
881W2A92ab6Zt8mLk629ha2,8,plain,none,mixed,1 4 7 8 9 11 11 13
881W18AGBpOeIX8R84FFKX8,8,distinct,none,distinct,1 2 3 4 10 11 13 20
881W16GKC6YQIW5X00yfrSe,8,distinct,none,distinct,1 2 3 5 6 8 11 28
881W12eIWjAJ9IP0VC9CbAL,8,distinct,none,distinct,1 2 3 6 7 8 18 19
881W328Hu5-VWGe9wAPCfCi,8,plain,none,mixed,1 6 6 7 9 10 11 14
881W0lwAAz_X6Wb9HI6WBmK,8,distinct,none,distinct,1 3 4 9 10 11 12 14
881W2KEvi4YWuIH8e81I6Ag,8,plain,none,mixed,3 3 3 4 4 13 13 21
881W2XoD7ChtXH4A7eP2GKG,8,plain,none,mixed,1 3 5 7 9 10 10 19
881W4Ysf8apbXGGYWy2CQ8e,8,plain,none,mixed,1 4 6 6 7 9 14 17
881W4iCeOGw7me9YKYYkQ8e,8,plain,none,mixed,2 2 3 8 10 11 12 16
881W2XNmnA2OYKqf416Hy_W,8,plain,none,mixed,1 2 3 3 9 14 14 18
881W1Wf8dY8dZ8WSH8WEymG,8,plain,none,mixed,1 2 4 9 9 10 11 18
881W1HnFBg32WeY5Qtajb08,8,plain,none,mixed,2 3 7 8 8 9 13 14
881W1H20fOugL48qPNGeMBG,8,distinct,none,distinct,2 3 4 5 7 10 12 21
881W2SMLIfc0WIC21NDmp88,8,plain,none,mixed,1 3 4 7 10 11 11 17
881W27O2IoZgCXjOQJvI3zH,8,plain,none,mixed,2 3 5 6 6 8 10 24
881W2We64yF6P08C4mbd92I,8,distinct,none,distinct,1 3 4 6 7 10 12 21
881W1PKOB5260W631Oq50ei,8,plain,none,mixed,2 2 3 4 5 7 18 23
881W4HwYXG2XaH0HgfOAB9C,8,plain,none,mixed,2 4 4 6 7 8 14 19
881W58e44XtZn5KWmP0foA8,8,plain,none,mixed,2 2 2 6 6 8 9 29
881W18E16PC2I5KA2Y951kM,8,plain,none,mixed,2 3 4 4 4 6 17 24
881W0vua-73J5WcI5K4H092,8,plain,none,mixed,1 1 5 9 10 12 13 13
881WAAI4KH8tGe5oDof3W92,8,plain,none,mixed,1 1 5 7 11 12 12 15
881W210X64ZWO5meK63HGwI,8,plain,none,mixed,1 2 5 6 6 7 15 22
881WCWWGCAKuO83422kIPAY,8,distinct,none,distinct,1 2 3 6 7 11 13 21
881W0jGK99K4v592WgpRaTK,8,plain,none,mixed,1 3 5 6 10 10 11 18
881W5KQ92kK4Wmf21YupWWG,8,plain,none,mixed,2 3 4 4 7 7 17 20
881WA4WqKCABDX022QZ952Y,8,plain,none,mixed,2 2 3 5 7 11 16 18
881W2HWhjYGXoeCG4sSML08,8,plain,none,mixed,1 2 3 3 8 13 13 21
881W18GZHB5G20o949imWPY,8,plain,none,mixed,1 1 2 2 5 14 16 23
881W63QUh6ZIX0GueCY4i6b,8,plain,none,mixed,1 3 4 4 7 13 16 16
881W1EXWj231I910KkIWuPK,8,plain,none,mixed,1 3 4 7 7 7 14 21
881W8a8aK6B18Y8aH2X5eKB,8,plain,none,mixed,1 1 6 9 10 10 13 14
881W82mgJ510IIZHOA8XSWe,8,plain,none,mixed,1 2 2 5 8 11 14 21
881W3610iU3sOD52YoYGeO8,8,plain,none,mixed,1 3 3 4 7 11 13 22
881WCICcU9aBYI41GYIGWf8,8,plain,none,mixed,1 3 4 4 5 13 17 17
881W92RAZ1YaGHZ152fZsHa,8,plain,none,mixed,1 3 5 5 8 11 13 18
881W210Gecr64nWxGfWuWGC,8,plain,none,mixed,1 1 2 6 7 12 16 19
881W2I4hW-95HGe4yX1RFWW,8,plain,none,mixed,2 2 2 3 7 9 10 29
881WCI4wGmAQKm9AM5q16aa,8,distinct,none,distinct,1 3 5 6 7 10 12 20
881W9SkDHnv0X04A27Nemee,8,plain,none,mixed,2 2 5 6 10 11 12 16
881W0m32gGXo8X8q63or8uX,8,plain,none,mixed,1 1 5 6 8 9 12 22
881W1MRh1XvGO8L498iHPo8,8,plain,none,mixed,2 4 5 5 6 11 13 18
881W4pPoblI10G48a57AGOa,8,plain,none,mixed,2 4 6 6 10 10 12 14
881W2eaYI18aE98bGQ14Yk4,8,plain,none,mixed,1 2 5 5 7 7 12 25
881W1WyXmwD8S08I5A54972,8,plain,none,mixed,1 2 2 4 6 14 17 18
881W42B4eVZHPfWG22J1QH1,8,plain,none,mixed,1 1 5 6 6 12 16 17
881W194H48k29OGOFS6ozT1,8,plain,none,mixed,1 1 1 7 11 12 14 17
881WCMvT2XanunGKA4e18I2,8,plain,none,mixed,2 3 5 5 10 10 12 17
881W0Wp8qw2Imvm4KDwKID0,8,plain,none,mixed,1 3 3 5 9 13 13 17
881W8AH0KNeeD0bIC6IkNMa,8,distinct,none,distinct,2 3 4 5 7 9 14 20
881WAJC64aO510L4JXn12WG,8,plain,none,mixed,2 2 2 3 4 6 22 23
881W8I94aA4I06ZH4Y11GeJ,8,plain,none,mixed,1 1 4 6 7 11 16 18
881W8WTyYrz21YG2K7qHI0i,8,plain,none,mixed,1 1 1 6 10 11 16 18
881W90A9JH4YYZ2964QF9We,8,plain,none,mixed,1 2 4 6 12 12 12 15
881W35QWbEB2C2aZUWfJAb9,8,plain,none,mixed,2 2 5 5 9 9 11 21
881W13LeKwSI9AHACO44IAY,8,plain,none,mixed,2 3 6 7 7 10 12 17
881W42OukME14G20T34iZXm,8,plain,none,mixed,1 2 3 3 5 12 16 22
881W5IYPrAyE108j9442J9m,8,plain,none,mixed,2 2 6 6 7 8 11 22
881W0X2UVFgC91AMAw8o8Cf,8,distinct,none,distinct,2 3 4 7 9 12 13 14
881W2fZ_Z5561mGWDZgQH18,8,plain,none,mixed,1 1 1 9 9 13 14 16
881W40VSLBYV9CYom_f8MmW,8,plain,none,mixed,1 4 4 8 10 11 12 14
881W8oLnN8hH3WHO7eYYham,8,plain,none,mixed,1 3 3 6 12 12 12 15
881WA2KKHiwJ1YG2oEb4ZmA,8,plain,none,mixed,1 2 2 8 11 12 14 14
881W4A1A8JHKXGeIMhMgX9I,8,plain,none,mixed,1 2 6 6 9 12 12 16
881W4ofcW86ui022D98K4kY,8,plain,none,mixed,1 1 1 5 6 13 15 22
881WACgbKM73XH8S8R09I84,8,plain,none,mixed,2 4 4 7 9 11 13 14
881W25SS11PCHI8bGuA2Ume,8,plain,none,mixed,2 3 4 5 5 7 10 28
881W10KBDwI12Oa82ZQWaHW,8,plain,none,mixed,1 1 3 3 10 10 18 18
881WAHe9m9BsQ2W8Akhce25,8,distinct,none,distinct,1 2 4 7 10 11 13 16
881W2cjl3d22KP9HeejHU08,8,plain,none,mixed,1 4 5 5 7 9 14 19
881W2f992XFaPGWKHXWdE41,8,distinct,none,distinct,1 2 4 7 8 9 13 20
881W295QXSM3mW44K8N1im8,8,plain,none,mixed,1 1 4 10 10 10 13 15
881W4If2K5Z3aI11OgfDHmK,8,plain,none,mixed,2 5 5 6 8 9 10 19
881W4Ip210X39PaIXG4UPE8,8,plain,none,mixed,1 4 5 5 6 7 7 29
881W0JkvPSA8W16hYaST1X8,8,plain,none,mixed,1 3 6 6 7 8 10 23
881W4YmkdyHr1K2BwJKmjAA,8,plain,none,mixed,1 2 4 8 10 10 13 16
881W2QL6I5KE30gIe30cGm8,8,distinct,none,distinct,2 3 4 5 7 11 15 17
881W2CGvEcmoP4Dov8Gi6vG,8,plain,none,mixed,1 1 6 6 6 9 11 24
881W2C2GY21QP8pgvC21eZK,8,plain,none,mixed,1 4 5 5 5 8 15 21
881W425m8Y6XP08CEBrYH3Y,8,plain,none,mixed,1 1 4 10 10 12 12 14
881W1f98OEV0e8C2QGZc432,8,plain,none,mixed,1 1 1 3 10 13 16 19
881W6IL61w1IHWeO2IvIo-X,8,plain,none,mixed,1 3 6 6 8 9 14 17
881W0iOKCA51Od8422aPF4W,8,distinct,none,distinct,1 2 3 4 10 11 13 20
881W51IvJXEYoT0CbfAK2Z8,8,distinct,none,distinct,1 4 5 6 8 9 10 21
881W8XWA4JcH8HXm-7l9Koa,8,plain,none,mixed,1 4 5 6 9 10 10 19
881W2H7LHZ6aa8eX9F1GVmO,8,plain,none,mixed,1 2 5 9 9 9 14 15
881W20cQjB4aGLOS7oK8GJ1,8,plain,none,mixed,1 3 3 9 10 12 13 13
881W2XLQ46Y1OSmOKA2fGj8,8,plain,none,mixed,2 5 7 7 8 8 10 17
881W0OJeqaOyZ10vI7JC892,8,plain,none,mixed,1 1 2 7 8 9 13 23
881W94jIL0v4YP8YA37YM8G,8,plain,none,mixed,1 2 5 8 9 10 10 19
881W1HGt9MF14WY81L6LXGm,8,plain,none,mixed,1 1 5 6 7 13 15 16
881W0SAbXmhM220K8eaoGf2,8,plain,none,mixed,1 1 2 8 10 13 13 16
881W1M18cL10gf94muLX6B6,8,plain,none,mixed,2 2 3 5 7 8 15 22
881W0CGeGMP0mR8YK63aA21,8,plain,none,mixed,1 1 2 2 9 13 16 20
881W4Y8ZwN4eA4GJNC6dWam,8,plain,none,mixed,1 3 7 8 9 9 9 18
881W2nSCKcov20684iN1H58,8,plain,none,mixed,1 3 3 4 9 13 15 16
881W8Y8XWG9H8PXeP8aUOE4,8,plain,none,mixed,2 3 4 4 4 8 14 25
881W4B1rm6KX08eAb75QSZH,8,plain,none,mixed,1 2 3 7 7 13 15 16
881W08AGGN_IE5AICd4IYP0,8,plain,none,mixed,1 1 1 7 8 13 16 17
881W0OWHKarWWGa217gKmT6,8,plain,none,mixed,1 2 3 7 7 10 13 21
881W1MY8BFGqY8X6IBF4SaC,8,plain,none,mixed,1 2 4 6 8 13 13 17
881W0GEElHm83X8L42I2Y90,8,plain,none,mixed,1 2 2 4 4 5 18 28
881W2IGJf8boWaGGqBKcL6m,8,distinct,none,distinct,1 5 6 7 8 11 12 14
881W2WiNCFZH0Wm84H8HQKK,8,plain,none,mixed,1 2 3 7 9 12 15 15
881W4jt2DHboa8BKUMM8q50,8,plain,none,mixed,1 1 7 9 10 11 11 14
881W928-VJD0W494rJ4WEVc,8,plain,none,mixed,3 4 4 4 6 11 16 16
881W14eY4gmug2IbIE31VZA,8,plain,none,mixed,2 2 3 7 10 11 11 18
881W4Ln10RF3G8bwIILii84,8,plain,none,mixed,3 4 5 5 7 8 10 22
881W1n0LaK2J40cABTLdG86,8,plain,none,mixed,1 1 1 7 8 12 17 17
881W39Wcm9Zf4WaG4D2X9HK,8,plain,none,mixed,1 2 2 10 11 11 12 15
881W4h7ndJbCIH2ABOA1C8m,8,plain,none,mixed,2 3 5 6 8 12 12 16
881W2AKWBQwpKGmVvt8gnY3,8,plain,none,mixed,1 6 6 7 7 8 12 17
881W132AgG4IXn0mYO7AfqS,8,distinct,none,distinct,1 2 4 6 7 10 14 20
881W0UnKrftas11FA4edc8G,8,plain,none,mixed,1 1 3 9 10 11 11 18
881W18acJH3C50KA6f4IGP4,8,distinct,none,distinct,1 2 3 5 8 11 14 20
881W2CECxIBr8Gn8eYJgAOn,8,plain,none,mixed,2 4 5 8 8 10 11 16
881W25W_F8nD1XZEcc9MIPW,8,plain,none,mixed,4 4 6 7 8 8 13 14
881W3CZYKg3Pf0LLoZLZ5Z4,8,plain,none,mixed,1 2 4 8 9 11 11 18
881W65ScdYH8cf1A9eqL4HG,8,plain,none,mixed,2 2 3 7 10 12 13 15
881W1aqQM5IeaZ04270umbI,8,distinct,none,distinct,1 2 6 7 8 9 10 21
881W91932T2XCeJOoACcGcm,8,plain,none,mixed,1 1 6 7 7 9 14 19
881W2HE4gf2g8IFuu7mO951,8,plain,none,mixed,1 3 3 7 7 10 15 18
881W2HDTlx54MWW5P648THG,8,plain,none,mixed,1 3 4 10 11 11 12 12
881W1GWOHXm81WG94cL1Yv4,8,plain,none,mixed,1 1 2 5 6 11 15 23
881W63IaQ8b294WWWM82OyH,8,plain,none,mixed,1 1 1 5 7 10 18 21
881W82PrOafIXGbMH2Ki8aO,8,distinct,none,distinct,2 4 5 6 8 11 12 16
881W1XmdNQ312G8S8pLR0GW,8,plain,none,mixed,2 3 3 6 8 13 13 16
881W0IIApSijHI5n4aZkrWC,8,plain,none,mixed,1 4 6 7 10 11 11 14
881W4yLQhLgY8WXm10qHAC1,8,plain,none,mixed,1 5 7 7 8 8 13 15
881W08854aB8WWgE52XfYH8,8,distinct,none,distinct,1 2 3 5 7 9 14 23
881W28Z99LKfIOGbENcO8HG,8,distinct,none,distinct,1 2 3 8 9 10 12 19
881W2Oeauh4b30889RIviJ9,8,distinct,none,distinct,1 5 7 8 9 10 11 13
881W94ymKLb30Y2XMaNqHH4,8,plain,none,mixed,1 4 6 7 7 12 12 15
881W4KI710gTb1HYIf4ECcX,8,plain,none,mixed,2 3 3 6 7 8 9 26
881W90uWIIwk22816fWseeO,8,plain,none,mixed,1 1 3 4 6 14 17 18
881W1BX1X5JY9WaCcBWeCNI,8,plain,none,mixed,1 5 5 6 6 9 10 22
881WA37I4brT30nX9DHnGnI,8,plain,none,mixed,2 4 5 5 5 7 12 24
881W56rWgk38WIIc7Db4YWm,8,plain,none,mixed,3 6 6 7 8 9 11 14
881W150S3nP2Wc8gHOIBGGH,8,plain,none,mixed,1 1 2 6 8 12 13 21
881W1IJ7QjHX9K4agKGsKcW,8,plain,none,mixed,2 5 6 6 9 10 13 13
881WCKfYgiX0iCAeiP21TyW,8,distinct,none,distinct,1 3 4 5 7 9 13 22
881W30XpY398eCoAIL0Waec,8,plain,none,mixed,1 1 2 5 7 11 13 24
881W16_U2mlYHA8OXHITKv0,8,distinct,none,distinct,2 3 5 6 8 9 11 20
881WC96GkdOj9H3PY9GnC6Y,8,distinct,none,distinct,1 2 4 5 6 11 14 21
881W9C2Bf92N2CGO97Q63QY,8,plain,none,mixed,1 1 3 4 5 14 15 21
881W1X4vaeI218aCELa4YIf,8,plain,none,mixed,2 2 3 4 9 11 12 21
881W559Qa2M8WK7aEUfs10H,8,plain,none,mixed,1 1 6 7 7 11 14 17
881W269bIhXmW99KIOC6c5A,8,plain,none,mixed,2 5 5 5 7 8 8 24
881W0CfNGC55AB0u5cuqAcW,8,distinct,none,distinct,1 2 3 4 7 13 14 20
881W4GogjnGqS9GNeS161Q8,8,plain,none,mixed,2 4 5 6 7 8 8 24
881W5an8K8lRA0ft8aMWeK1,8,plain,none,mixed,2 5 5 8 9 10 10 15
881W1BYKS178610pfB1Hv5Y,8,plain,none,mixed,1 1 5 7 10 10 14 16
881W1IAiG21QemcWmQrH4YK,8,plain,none,mixed,1 3 5 6 7 7 14 21
881W4LGgsh2WnC1iQJPSGWX,8,plain,none,mixed,1 3 6 6 8 9 10 21
881W02d9eh0IXY9eaHdvejm,8,plain,none,mixed,1 2 3 5 9 14 14 16
881W18W4aA3IL4QCA7dJGF0,8,plain,none,mixed,1 1 3 6 9 9 16 19
881W211Ke1E4gGG8QSjsoXJ,8,plain,none,mixed,1 2 5 7 7 10 15 17
881W8BcH4275C8HXHH6gD6Y,8,distinct,none,distinct,2 3 4 5 8 10 13 19
881W0ovAIFWOx94XeHL9PmX,8,plain,none,mixed,3 4 4 4 6 8 10 25
881W0GKFh42bZ0aA8aIEAOK,8,plain,none,mixed,1 4 4 4 10 11 13 17
881W29YzeekB6H0F8oCjJ8e,8,plain,none,mixed,1 4 6 7 9 9 12 16
881W462dn94mYII9O9aoGqa,8,plain,none,mixed,2 3 5 6 10 10 13 15
881WCbTE624iCGespWGAs6G,8,plain,none,mixed,2 3 4 5 5 6 13 26
881W8qSf3e4oW1CQD8K9DRJ,8,distinct,none,distinct,2 3 4 5 7 11 13 19
881W0j53RYeaK6GzKK90mh0,8,distinct,none,distinct,1 3 4 6 7 9 15 19
881W18MAYoXKGnKM4YP1yeA,8,plain,none,mixed,2 4 6 7 7 7 14 17
881W4cJRKs8IvG9GLE1X8Ya,8,plain,none,mixed,1 2 6 6 8 9 13 19
881W41SeM5110WG8a63qfjM,8,plain,none,mixed,2 4 5 6 8 11 11 17
881W4WmuNpm8A10fsN1aIX7,8,plain,none,mixed,1 3 3 7 7 10 11 22
881W4GR5OBL2m4SYfIQBgB4,8,distinct,none,distinct,1 2 5 7 8 11 14 16
881W4f983M8OL8GByc2dWLK,8,distinct,none,distinct,1 2 5 6 8 9 14 19
881W8DYGYXH3W0awHGIPOLA,8,plain,none,mixed,1 1 3 4 5 14 18 18
881W2X1a522-e16Y8uiZyQH,8,distinct,none,distinct,1 2 3 6 7 12 13 20
881W0GE6eRMB216K4YIXX9K,8,distinct,none,distinct,1 2 3 6 7 11 15 19
881W0OGD3n8Aam8QB5osIGG,8,plain,none,mixed,1 3 5 5 7 10 15 18
881WAJDyqOkYmW315b4PbP0,8,distinct,none,distinct,2 3 5 7 8 10 14 15
881W0XAXvAbHIH088rxXFbe,8,plain,none,mixed,2 3 7 7 7 11 12 15
881W07mIP6g4X2WmhhuwXGa,8,plain,none,mixed,2 3 3 7 8 13 14 14
881W25hA108KIh8KGG497bC,8,plain,none,mixed,1 2 4 5 6 6 9 31
881W43TOFGad4WaJcgYKffW,8,plain,none,mixed,1 3 4 6 10 10 13 17
881W97PJ8KEeGGA-Y8iaN1G,8,plain,none,mixed,3 3 4 6 7 9 13 19
881W4KG5LB1H0bPKA21NWOJ,8,distinct,none,distinct,1 3 4 5 9 10 15 17
881W2WW2a4Y71GYH5Ijhnu8,8,plain,none,mixed,2 3 3 4 11 12 12 17
881W4KB4eY9bR8XiWGRTK22,8,plain,none,mixed,3 3 3 4 4 10 16 21
881WCB6CY9aub0XYjCM99K2,8,plain,none,mixed,1 2 4 8 8 10 15 16
881W8G8Wf5532YaI5l4oHGm,8,plain,none,mixed,1 4 5 5 9 10 14 16
881W2A8i8C2Bn822n7YABWm,8,plain,none,mixed,1 2 3 5 5 10 18 20
881WAXT0SQHGfAOAR2oQA6a,8,plain,none,mixed,1 4 5 5 9 9 11 20
881W0imeWW9BWH3EfOKPGfK,8,plain,none,mixed,1 1 7 7 8 9 12 19
881W2HP0UFaGYGMBTK8ZAD8,8,plain,none,mixed,2 2 4 6 8 11 15 16
881W4Y8K6qA5A8mSSE2CaYI,8,plain,none,mixed,1 3 7 7 8 10 10 18
881WAp1ofUifX0728AmieOW,8,plain,none,mixed,1 1 4 7 11 11 13 16
881W4Yb4Cf590KAAjM6Vp0X,8,plain,none,mixed,1 4 6 6 6 11 14 16
881W0dmU2MKW81LELJ2Zn4H,8,plain,none,mixed,1 3 4 7 9 9 13 18
881W2s0a-94WGDXGq2YKf0X,8,plain,none,mixed,1 1 4 5 7 11 15 20
881W2SBaI3Mln09HnZ1eg21,8,plain,none,mixed,1 1 4 5 8 13 15 17
881W2kcIQD6F4Y0oeq8WGm8,8,plain,none,mixed,2 4 5 5 8 12 14 14
881W90jKi44HC8J8mPZ962a,8,plain,none,mixed,1 1 3 4 9 9 17 20
881W31p92YAcAG8aRb6K-dG,8,plain,none,mixed,1 5 5 6 9 9 11 18
881W0WDr3GCMcGYOIa469LK,8,plain,none,mixed,1 2 4 4 7 8 14 24
881W0WMD6aYI9OGaI9rA1JW,8,plain,none,mixed,1 2 5 9 11 11 12 13
881W0a61BK99Kj1AbIgbAGn,8,plain,none,mixed,1 4 6 6 8 9 13 17
881W1GmkYIR5Y0C4A90Db2n,8,plain,none,mixed,1 1 5 6 10 12 14 15
881W6Bu-LA1mG8WGO58XB8A,8,plain,none,mixed,2 5 5 6 7 8 8 23
881W3IgeU1WOI8aneA22WiO,8,plain,none,mixed,3 3 5 6 6 7 8 26
881W0HGgc-AIC089Bo8quiZ,8,plain,none,mixed,1 3 7 7 8 9 14 15
881W1FKAbBbYnPXGKGO8W8G,8,distinct,none,distinct,2 3 4 6 8 10 14 17
881W1W1CwL1nPHeq44QoC24,8,plain,none,mixed,1 2 4 4 5 6 15 27
881W10u2w9SyZ0ICD2sT3b4,8,plain,none,mixed,1 4 4 5 6 8 17 19
881W15D9K96ganb8yLIIY4Y,8,plain,none,mixed,2 4 5 6 11 11 12 13
881W02WS8CAD2s51oQ2YKgK,8,plain,none,mixed,2 2 3 7 9 10 15 16
881W0XuYIf18ZGK52p5YZf4,8,plain,none,mixed,1 3 4 7 8 12 12 17
881W0Ournb2d0HgfP6OQAm0,8,plain,none,mixed,1 2 4 6 11 11 12 17
881W2fiE4Y9CXPIcGWC160G,8,plain,none,mixed,1 3 4 4 5 6 16 25
881W0Ge5ooyKI46H93DcWM2,8,plain,none,mixed,2 2 3 5 5 10 15 22
881W12XgMXo8W868iS6mqee,8,distinct,none,distinct,1 2 3 4 10 11 13 20
881W49YSL40oTCaZns9cIWC,8,distinct,none,distinct,2 3 4 5 6 10 11 23
881W2cXP4FGi0XJMYYUWWKA,8,plain,none,mixed,1 4 4 4 5 13 16 17
881W51Ky5OL3AW44asbCVkS,8,plain,none,mixed,1 2 3 8 8 10 15 17
881W3Y8w58fAH8kKx6D4P8W,8,plain,none,mixed,1 1 5 7 8 9 10 23
881W8GucG8D7GJ2XI9Ow0cZ,8,distinct,none,distinct,1 2 3 5 7 10 13 23
881W19II878qA9m86R2dZcK,8,plain,none,mixed,1 4 5 8 8 10 14 14
881W8dWmVw9GWGCgY2918KM,8,distinct,none,distinct,1 3 6 7 8 11 13 15
881W2931V9o3K5GNRb194FI,8,plain,none,mixed,1 2 3 7 10 10 13 18
881W0Mp8LDr1aWb5goqieCI,8,plain,none,mixed,3 4 7 7 9 9 11 14
881WEaGA75b4Y584Z11X4AX,8,plain,none,mixed,1 1 2 7 10 10 12 21
881W4W4K98FA90IAcIicBaB,8,plain,none,mixed,1 3 6 6 7 10 14 17
881W0hX_4f28I4CLY6BswYX,8,plain,none,mixed,1 2 3 7 8 13 13 17
881W2LGIFn212XB9Y93dHGW,8,plain,none,mixed,1 2 4 5 9 11 16 16
881W0WIKq6Y2D92G46d1HAg,8,distinct,none,distinct,1 2 3 7 8 13 14 16
881WD2jIS65J9A0083aRMe3,8,plain,none,mixed,1 1 4 7 7 8 15 21
881W2X_ipAB2v0WW798Hcaf,8,plain,none,mixed,3 4 6 9 9 9 10 14
881W569282OwjA0aB5BbDgI,8,plain,none,mixed,3 3 3 5 7 11 15 17
881WCJ28K72X8eHuCUEaW61,8,distinct,none,distinct,1 2 3 7 8 9 16 18
881W2IBFqrTqz183e3mQmYa,8,plain,none,mixed,3 4 5 9 9 9 9 16
881W217YIhCKY90yC1Wmaf6,8,plain,none,mixed,1 1 6 7 10 10 11 18
881W0WRT2Eqb2WGkF64ru88,8,plain,none,mixed,2 2 8 8 8 11 11 14
881W4LAWy3fqWf3Hc32e9IZ,8,distinct,none,distinct,2 3 4 5 7 10 13 20
881W0afKHmOAA28fDa842XB,8,plain,none,mixed,1 3 4 4 5 7 10 30
881W0W64Y5cY89YH4ZX4ZkO,8,plain,none,mixed,1 1 3 6 6 12 14 21
881W4aWrAKg800JwzIeWHOa,8,plain,none,mixed,3 4 5 5 7 7 14 19
881W1Bgq2Kan31ofY4vqw48,8,plain,none,mixed,1 2 3 8 10 11 11 18
881W2GiPiheO5W8I6JKYGHY,8,plain,none,mixed,1 1 4 5 7 12 15 19
881W4I5QUKQ3AW82Ufa0YWJ,8,plain,none,mixed,1 3 4 5 8 12 12 19
881W6N8z51WmMAGn8441Wm2,8,distinct,none,distinct,1 2 3 6 7 8 9 28
881W2XebjIuaeqSG5-mLGa4,8,plain,none,mixed,1 1 4 8 9 10 12 19
881W8K537ID10eC-20WP6Ge,8,plain,none,mixed,2 2 2 3 7 9 13 26
881W1Wx488WjAHIQK97xwT1,8,distinct,none,distinct,2 3 4 6 9 12 13 15
881W0J5ZDy528b8qqKQagKG,8,plain,none,mixed,1 4 4 8 10 11 11 15
881W90uC5I72R2I920aa8YQ,8,plain,none,mixed,1 1 2 9 9 10 11 21
881W4bocLUkdGebYKo4X18W,8,plain,none,mixed,3 4 6 9 9 9 11 13
881W3GGDLXzYPCWA6KYKneY,8,plain,none,mixed,1 2 7 8 9 10 10 17
881W4aGwYWW0ufP8882B9KL,8,plain,none,mixed,1 3 3 3 5 7 13 29
881W87WaVynD0C8fZKbxKOH,8,plain,none,mixed,1 4 5 8 10 10 11 15
881W1GKIHT8eaWIA45D8gKI,8,plain,none,mixed,1 4 5 5 7 12 14 16
881WD31GOZk4YG98EQXWeS6,8,plain,none,mixed,1 1 6 6 9 11 12 18
881W2Wk0O45qXGmeLz4cP92,8,plain,none,mixed,1 4 4 7 7 8 13 20
881W17WA7I74IEKgY8ibAJW,8,plain,none,mixed,1 4 4 6 7 12 14 16
881WAXCLw624QAGG5CWanD5,8,distinct,none,distinct,1 3 4 8 10 11 13 14
881W0Gtho844i1CFIeuPAr9,8,distinct,none,distinct,2 3 4 6 7 9 16 17
881W2dNgA5434WX18XYqQyE,8,plain,none,mixed,2 4 5 7 7 8 8 23
881W0WSiHBzexG832eaHYAo,8,plain,none,mixed,1 4 5 6 7 7 14 20
881W8XFvo98yKn58oaK7744,8,plain,none,mixed,1 2 6 6 8 12 13 16
881W18ZgvKqWKWYc5DYQD98,8,plain,none,mixed,1 1 5 9 11 11 11 15
881W292XI4Kbg5GcI2XuubG,8,plain,none,mixed,1 1 2 6 10 11 16 17
881W4Hc5OCEXHW6hsakF68a,8,plain,none,mixed,3 3 3 6 8 12 12 17
881W0uiGQFHA60WLAbfGHWG,8,plain,none,mixed,1 2 2 7 9 12 13 18
881W0WWx8GOoY4GU9eB2jQw,8,plain,none,mixed,1 1 5 6 8 8 13 22
881W1GSiSJJ6HX2dM5f8jfK,8,plain,none,mixed,3 3 7 9 9 10 11 12
881W91MJcI4AH8Nmw5Cb2qA,8,plain,none,mixed,1 4 6 8 8 11 11 15
881W2S5KBeS2nOnooAG8BGG,8,plain,none,mixed,1 2 2 5 6 9 9 30
881WA60CIRLWn44asCsQW62,8,plain,none,mixed,1 3 3 7 8 10 13 19
881W8A0wIGqv4G16L9YwPvY,8,plain,none,mixed,1 3 5 7 8 13 13 14
881W8abAfnqgKWGg30VCc84,8,distinct,none,distinct,3 4 5 6 7 8 9 22
881W5ITar2YcK4434C-wEgW,8,plain,none,mixed,3 3 3 3 7 9 10 26
881W0obB1X9318OKXGiTKn0,8,plain,none,mixed,1 1 4 7 8 10 14 19
881W0aA2YJ0W9geK42H4nk4,8,plain,none,mixed,1 1 2 4 5 10 20 21
881W1dZoQ2Gqj2eJW2P8yYa,8,plain,none,mixed,1 2 4 7 9 9 12 20
881W1OLYK9sp2882PfCPkm2,8,plain,none,mixed,1 1 6 6 8 8 15 19
881W6bOnqbjGeH9K517YMJ8,8,distinct,none,distinct,3 4 5 6 9 11 12 14
881W4D6H89COS8n2YAXGeAY,8,distinct,none,distinct,1 2 3 4 8 11 15 20
881W421GYxGuSGWOA652Lgo,8,plain,none,mixed,2 4 5 6 6 10 14 17
881W8Hu8244aQg10XfPZmK9,8,plain,none,mixed,1 2 3 7 7 9 9 26
881W5XFXm9jsT8GXcH0a9H1,8,plain,none,mixed,2 4 4 5 8 9 10 22
881W2WKWWehA0WgUCPyIH98,8,plain,none,mixed,2 3 3 5 10 11 13 17
881W0W84qgm10eeQ91WjdHa,8,plain,none,mixed,2 2 3 3 6 9 18 21
881W4NCkJ5e0cI8bZ7YI28G,8,plain,none,mixed,1 3 4 4 9 11 12 20
881W0mQ5fIfKSCAjOC528WG,8,distinct,none,distinct,1 2 4 5 6 14 15 17
881W418uOoPKA0K2b8ZII93,8,plain,none,mixed,1 2 4 8 10 13 13 13
881W5MaS8A6PnA2Y12Jo7aK,8,plain,none,mixed,3 4 5 5 6 9 12 20
881WCCx242ro1OaKoO83Eeg,8,distinct,none,distinct,1 2 3 5 6 7 8 32
881W0gPDoX5WWW8ScLgvA00,8,distinct,none,distinct,1 2 4 7 9 11 12 18
881W5K58aaBCmWbzXGXgB63,8,plain,none,mixed,2 2 5 5 6 9 16 19
881W4JJfc1PE312C9GeGonO,8,plain,none,mixed,2 2 2 4 6 13 15 20
881W0GC6OQ98X8eNEY31cGO,8,plain,none,mixed,1 4 5 6 6 11 12 19
881W2T8aUymH3X58YY2mwC8,8,plain,none,mixed,1 1 4 10 11 11 11 15
881W4U32nq22Hen482nGgGW,8,plain,none,mixed,1 1 4 5 5 14 14 20
881W4CwTvB3118HGC3P1QMJ,8,distinct,none,distinct,1 2 5 6 10 11 14 15
881W4aMAt8GuGGNSA211aP2,8,plain,none,mixed,1 1 5 6 6 8 13 24
881W3A8N3XIF48GIuieiN29,8,distinct,none,distinct,2 3 4 5 7 10 12 21
881W4aL8aMPX0H9Y211P8fq,8,plain,none,mixed,1 3 7 7 8 9 14 15
881W4WnV28pT6GOImR3geae,8,plain,none,mixed,2 3 5 7 9 9 10 19
881W8AX5AHUnn0fAjNKI4fI,8,plain,none,mixed,1 4 5 8 9 9 12 16
881W23YG54XY95WWWOZm8CI,8,plain,none,mixed,1 1 2 4 5 8 19 24
881W1QIHekKcGe0giqSWoKA,8,plain,none,mixed,1 4 5 5 7 11 15 16
881W2se5azoA21JGIweXmmK,8,plain,none,mixed,2 3 4 6 6 10 16 17
881W9XYHK61egK1hr6gmO40,8,plain,none,mixed,1 1 3 4 7 9 18 21
881W3HJCLGWHPXALKaAKfoa,8,plain,none,mixed,2 3 4 7 8 8 12 20
881W1WmLhsm420aI210cYHK,8,plain,none,mixed,2 3 3 4 6 7 16 23
881W86QKqDGeSCnCQD55WGA,8,plain,none,mixed,2 3 6 6 6 7 17 17
881W0kB3QBaX6WL3fK9GRmC,8,plain,none,mixed,1 1 6 8 10 11 13 14
881W12n8Jw430YH4C1yZXWe,8,plain,none,mixed,1 1 4 7 8 12 14 17
881W8WKYHcINOY8A4ebCsSH,8,plain,none,mixed,1 5 5 6 6 8 16 17
881W62qa48I8g845oN7L7YI,8,plain,none,mixed,1 3 3 7 9 11 14 16
881W4KBrQiY511BHH1q20mK,8,plain,none,mixed,3 3 3 5 6 11 13 20
881W1PDDJYI8Z0WHG-NuHOK,8,distinct,none,distinct,1 2 5 6 9 12 13 16
881W8QM5eiAv8CJs612VD80,8,plain,none,mixed,3 3 4 5 5 11 16 17
881W10GWLQe442LBYPCXGeO,8,plain,none,mixed,1 3 4 4 4 12 16 20
881W2YHTE2SY9GeQc260LUi,8,distinct,none,distinct,1 4 6 7 8 10 11 17
881W630M8ta2mI98I9Kgegf,8,plain,none,mixed,2 2 4 9 11 11 12 13
881W14IaYI85Hn9qum8IyC6,8,plain,none,mixed,2 3 5 5 5 7 14 23
881W83RTA54d8KLoWf2yOWI,8,plain,none,mixed,1 2 5 6 11 11 14 14
881W890W465KIAWG9LhKQ86,8,plain,none,mixed,1 1 3 6 8 12 16 17
881W4k1O98eYWt84B6K5AeH,8,plain,none,mixed,1 1 2 9 9 12 15 15
881WC6nXZG41mCYfEgvAfWf,8,distinct,none,distinct,1 2 5 7 10 11 12 16
881W98bJK10ZKZWfCaYGe2H,8,plain,none,mixed,1 3 4 4 6 9 18 19
881W12il4R1a10eSznano4I,8,plain,none,mixed,1 3 9 9 9 10 11 12
881W52N9GX31JP0KIlFOu1W,8,plain,none,mixed,1 1 3 5 5 11 15 23
881W4I4Cg4mqiHOh843YxGX,8,plain,none,mixed,3 3 4 4 7 9 16 18
881W2jMA4D71Y8XWmYnGq0G,8,plain,none,mixed,2 2 3 3 5 5 19 25
881W0BLK95483GaJX9Lipn0,8,plain,none,mixed,1 2 2 3 7 13 14 22
881W0WOQeGG5H886DcaTDWW,8,plain,none,mixed,2 2 3 5 5 6 18 23
881W0ICe3Aa94X4Xmsx7HPG,8,plain,none,mixed,2 3 3 5 6 8 17 20
881W14ugC6bcHB211DWKZPO,8,distinct,none,distinct,1 3 4 6 7 9 11 23
881W6XBDov4JX504u0GNCE1,8,plain,none,mixed,1 1 1 5 8 14 15 19
881W1WWf43KOgLOnO5kmeC0,8,plain,none,mixed,1 4 4 4 5 10 18 18
881W142CKDC2Op5IgImoyaH,8,plain,none,mixed,1 4 4 4 8 9 13 21
881WAD96H329680ZP2XeMme,8,plain,none,mixed,1 2 4 4 7 12 16 18
881W0aH2iM6c370WB50JPWH,8,plain,none,mixed,1 1 2 4 7 13 18 18
881W5JABbIgD084v2P4f5WK,8,plain,none,mixed,1 2 5 7 11 11 13 14
881W0XLKhOaA510YNHDapOG,8,distinct,none,distinct,1 4 6 7 8 10 11 17
881W0mRJoEQT8L89ID58neI,8,plain,none,mixed,2 5 6 9 9 10 11 12
881W8aA4kCZHB5AL60IKo98,8,plain,none,mixed,2 2 3 4 6 9 11 27
881W0IMLNX4KHI9i7a64dSO,8,plain,none,mixed,1 5 5 6 8 8 14 17
881W1GeP862mE4KJ94ZIO84,8,plain,none,mixed,1 3 3 5 11 13 14 14
881W11Wd2HfOX08V8uKAHGQ,8,distinct,none,distinct,1 2 3 6 9 11 13 19
881W045S6r2iI2MaDcrfLH8,8,plain,none,mixed,1 3 5 6 10 10 12 17
881W054cS9e63B10ZCNAaf8,8,plain,none,mixed,1 1 2 3 9 13 17 18
881WE9uyXmAHH0DAA5O96aC,8,plain,none,mixed,1 3 6 8 8 9 11 18
881W8A8O4QxEH59XL92IB2i,8,plain,none,mixed,1 3 3 6 10 11 14 16
881W62PxCG8YGaW8lBHaH6o,8,plain,none,mixed,1 1 3 10 10 12 13 14
881WAIfAGYG10evM3NdY12H,8,plain,none,mixed,1 2 5 5 5 9 14 23
881W0m842Y19IeS9421KeWG,8,plain,none,mixed,1 1 3 4 6 12 14 23
881W4CHOAdps34noG8XLI49,8,distinct,none,distinct,1 2 5 6 11 12 13 14
881W656YoOo8WO3KC10mGx5,8,plain,none,mixed,1 2 5 5 8 10 13 20
881W4A6oC65I10Yn8fYHGe6,8,plain,none,mixed,1 3 4 5 9 12 15 15
881W0WGTNUMZb4cC44L2SIG,8,plain,none,mixed,1 4 6 8 8 9 12 16
881W5EpGJeKgWmZ8C4M5AOK,8,plain,none,mixed,4 4 6 8 8 9 10 15
881W6Gh86Y53WNHKIOKIaYG,8,plain,none,mixed,2 2 5 6 8 12 13 16
881W1CWIyo8XWnH4fIX9OXW,8,plain,none,mixed,1 1 5 9 11 11 11 15
881W0b0eqQ44CJ0XRIfITEa,8,plain,none,mixed,1 2 7 9 9 11 12 13
881W0iVeH9q91Y2KI2n5Xu8,8,plain,none,mixed,1 1 3 7 8 11 16 17
881W1WS8Ep2a4WI47ZwZ24Y,8,plain,none,mixed,1 1 4 5 10 10 14 19
881W4G85OoA50Wa6asRb10W,8,plain,none,mixed,1 4 4 4 6 7 17 21
881W5cKKMD10Wc8a27D9L30,8,plain,none,mixed,1 1 3 3 9 14 16 17
881W118GVIH8K2ZKiAE78IP,8,plain,none,mixed,1 1 7 7 8 9 11 20
881W19CbKc7n0WWC6IebA8Y,8,distinct,none,distinct,2 3 4 9 10 11 12 13
881W9DEaKXJZCWeB5mebf41,8,plain,none,mixed,3 4 4 5 8 11 12 17
881W9EZG45L7Xm8IWn3mW94,8,distinct,none,distinct,1 2 4 5 6 11 16 19
881W29nL9531X4m0OKKc6w5,8,plain,none,mixed,1 1 3 5 6 9 13 26
881W1E10c8B1HI8adJn1SPC,8,plain,none,mixed,1 2 5 8 8 9 11 20
881W52U8ap92YWGqHeC8pG8,8,plain,none,mixed,1 1 5 8 8 12 12 17
881W1o96TwOV4Y38Aaf1mOY,8,plain,none,mixed,1 1 6 7 7 11 14 17
881W20I451muKGemOSE3bKm,8,plain,none,mixed,2 3 4 5 8 8 9 25
881W6588T8zsi5551STDHaX,8,plain,none,mixed,1 3 4 7 10 10 12 17
881W1OgDsDfO610BA15WQC8,8,plain,none,mixed,1 1 2 8 8 10 16 18
881W2Xm9qHRb18OI4iQWe63,8,distinct,none,distinct,2 3 4 6 8 11 14 16
881W5LAtg52mWGn88O0G8aa,8,plain,none,mixed,1 4 5 6 7 7 13 21
881W3n99vcE2m4EJMb8pas2,8,plain,none,mixed,1 3 4 7 10 10 13 16
881W0OPrb27b20eCJaqbgOK,8,plain,none,mixed,1 2 5 7 7 13 14 15
881W1GbZMdFE04YNGh0H2e5,8,plain,none,mixed,1 1 5 8 8 10 13 18
881W0X9cAGef4aaIKM8SFRG,8,plain,none,mixed,2 3 3 3 9 10 11 23
881WASkXghLHfaA3DyX05gG,8,distinct,none,distinct,2 3 5 6 7 10 12 19
881W3AtLgAVD1H2CbZ4SZ00,8,plain,none,mixed,4 5 5 7 7 8 9 19
881W4IWn9oxo18aOR19K8AJ,8,plain,none,mixed,2 3 3 7 8 11 14 16
881W2If242YOWWcInOWvXmI,8,plain,none,mixed,1 2 5 5 7 8 12 24
881W8WaeF4jc0o31YTHkhe4,8,plain,none,mixed,1 1 5 6 10 10 12 19
881W0kJ455J3WAAJXmfBKv4,8,plain,none,mixed,1 4 6 7 7 8 10 21
881W7W-ZIX208j8GeA1w-aG,8,plain,none,mixed,1 2 3 6 9 10 10 23
881W1BT820v9neaLXeiDPO8,8,plain,none,mixed,3 4 4 5 8 8 10 22
881WA20Ws42Yn8H8u2XnKI9,8,plain,none,mixed,2 2 3 5 8 9 15 20
881W9LKgWK56LGCdUM2aE0G,8,plain,none,mixed,3 4 5 6 6 9 9 22
881W0eqSeRn8O0ICA78bhAA,8,plain,none,mixed,2 3 3 4 6 13 15 18
881W22Wpie-jGNXXEPX9Wwm,8,plain,none,mixed,1 1 2 9 12 13 13 13
881W20mkMIQ94K845OegX0H,8,distinct,none,distinct,1 2 3 8 9 10 15 16
881W0MgB2d453156J9v7GWm,8,plain,none,mixed,1 3 4 6 6 9 16 19
881W4IKclKqT0W47U2Yco8I,8,distinct,none,distinct,1 3 4 8 9 12 13 14
881W20uI6Y21IGO42nUrDm8,8,plain,none,mixed,1 1 4 5 10 10 13 20
881W8LXXm-5IXKXae994845,8,plain,none,mixed,1 3 6 6 6 7 13 22
881W0WCkNGFBy6JAcOSaab8,8,plain,none,mixed,1 3 5 5 5 12 14 19
881W370GY4boWH52TVoPGK8,8,distinct,none,distinct,1 2 5 8 9 10 14 15
881W54GfaqJaWG3xQ19HOaI,8,plain,none,mixed,1 1 6 10 10 11 12 13
881W4irGnqA2Ge9e56UH8We,8,plain,none,mixed,1 2 8 9 9 9 10 16
881WE52-13X4XGb20a41nGa,8,plain,none,mixed,1 1 3 3 5 10 12 29
881W4aU2XK1Gj0fL2XHAoOL,8,plain,none,mixed,2 2 4 4 6 9 16 21
881W2YnGOOK21444kI610WH,8,plain,none,mixed,1 1 3 5 8 10 13 23
881W555nKdfNGWXaAxcQLLW,8,plain,none,mixed,1 5 5 8 8 10 11 16
881W2WHQWOI8aL4aKPAI10H,8,plain,none,mixed,1 2 2 7 7 9 12 24
881W4KE9KF4WWXHG82WwPH8,8,plain,none,mixed,2 3 3 4 8 11 16 17
881W8X4D3kuZ8gYJB-kaZUG,8,plain,none,mixed,1 5 6 7 7 12 12 14
881W5220B573XWGuiN0eGeC,8,plain,none,mixed,2 2 3 3 9 10 13 22
881W61mIXPhPP822iDOYPK1,8,plain,none,mixed,1 3 3 6 9 12 14 16
881W82949jN3KGH39c29Vne,8,distinct,none,distinct,2 3 6 7 8 10 13 15
881W2BPqOMR94882i25S4XG,8,plain,none,mixed,1 2 2 3 12 12 13 19
881W4YngWGKEmOO9ZSIB9WG,8,plain,none,mixed,2 2 5 6 7 8 8 26
881W0mk21NU6uiqiGfDQIL0,8,plain,none,mixed,2 2 3 3 10 10 15 19
881W4IusGk1CQ9AgK5928aX,8,plain,none,mixed,3 3 4 5 7 8 17 17
881W11abIQpEC0WE2maYvDf,8,plain,none,mixed,1 5 6 6 7 13 13 13
881W8F8MJPlh0WGhWj4oICY,8,distinct,none,distinct,1 5 6 8 9 10 11 14
881W2dDjAhGmGHb8C13cM8Y,8,plain,none,mixed,3 4 4 6 6 8 15 18
881W8Zm84XN1A1HYHnKmm87,8,plain,none,mixed,1 1 3 6 9 12 14 18
881WAKeICbKnGfG21HY9ba4,8,plain,none,mixed,2 2 5 8 8 10 11 18
881W6AJomRbYGb0G2OwNZoC,8,plain,none,mixed,1 4 5 6 8 10 15 15
881WA1mOA21pWI210evJ9Og,8,plain,none,mixed,1 1 5 6 7 9 9 26
881W0YKz4C64KGKJvMDHD1W,8,plain,none,mixed,1 3 4 6 10 11 11 18
881W1aIG89AamM2HA7DGWMA,8,distinct,none,distinct,1 3 4 8 10 11 13 14
881W910Y465YIe10WrpGmGu,8,plain,none,mixed,1 2 3 3 6 9 16 24
881W8SIX0U5298eSC9LCC70,8,plain,none,mixed,1 3 3 3 7 10 11 26
881W0uNIvhQmf8ak81LuAQ0,8,plain,none,mixed,1 1 5 6 10 12 13 16
881W18heI8noan6MJ4M3IK2,8,distinct,none,distinct,1 5 6 7 9 10 11 15
881W89o874I62WfYn8v0Wn8,8,plain,none,mixed,1 1 3 5 5 15 17 17
881W312R5Qg4GL294P2oD2C,8,plain,none,mixed,1 1 2 8 12 12 13 15
881W1CJqSM5CIg2INYSX91W,8,plain,none,mixed,1 2 3 10 10 11 12 15
881W1HH5YWaLoeWCJGWE9Ke,8,plain,none,mixed,3 4 4 5 6 9 10 23
881W8GagZO881mHBgw5BZGG,8,plain,none,mixed,1 3 4 7 8 8 10 23
881W1GaLaAbd40Y9D4GHJCg,8,plain,none,mixed,1 3 3 7 9 13 13 15
881W214Xe6KWX0iA95nOO9a,8,plain,none,mixed,1 1 4 8 9 10 10 21
881W88fDQ9w0WPDwcL7Gc88,8,plain,none,mixed,1 1 7 8 10 11 12 14
881W61E6f4251GKwuaJ9YH0,8,plain,none,mixed,1 2 5 5 8 12 13 18
881W8aPam8aLL24Z48qK8cP,8,plain,none,mixed,1 3 4 7 7 10 15 17
881W2WRHaK7OE4GZ7IFII94,8,distinct,none,distinct,1 2 3 4 9 14 15 16
881W1WeqKcV2XKGA6A2L843,8,plain,none,mixed,1 5 5 5 9 9 14 16
881W0mLJQLH0Xn8-54qq0f4,8,plain,none,mixed,1 1 5 6 7 10 14 20
881W08CqHAUC214bH8YXYmm,8,plain,none,mixed,2 2 3 3 8 11 15 20
881W18gP01WcX9I110gMFGa,8,plain,none,mixed,2 3 3 3 4 5 8 36
881W60894CAuALmhsA5IEB0,8,plain,none,mixed,1 1 2 8 9 13 13 17
881W9C8eE7X75iWnP48t2A8,8,plain,none,mixed,1 3 3 5 9 12 13 18
881WD0KII9O5oW5424EJ5j6,8,plain,none,mixed,1 3 5 6 6 7 17 19
881WAKcGmKB-8e4H0suaAAY,8,plain,none,mixed,3 3 3 5 8 10 14 18
881W250qO2Hp49B2X2LQDeo,8,distinct,none,distinct,1 2 4 7 9 11 12 18
881W815dpEK7G8hBn2GmfJ1,8,plain,none,mixed,2 2 3 7 8 9 15 18
881W0WgOJaA2aWoiLCRVWGG,8,plain,none,mixed,1 3 6 9 9 10 10 16
881W8XHAcP34WQ42Jpv8qWW,8,plain,none,mixed,1 1 7 7 9 9 13 17
881W18WXGf8e8KQIAA10aN8,8,plain,none,mixed,1 1 2 6 7 12 17 18
881WA1oDCfCQb30E4BAXzEX,8,plain,none,mixed,1 4 7 7 10 11 11 13
881W2HfGGKY9T14WU5P4XMa,8,plain,none,mixed,1 2 4 6 6 14 15 16
881W6J9a8T1AH4A6D531w31,8,distinct,none,distinct,1 2 3 5 9 13 15 16
881W8AIajb9NmH3z1CKtcSO,8,plain,none,mixed,1 3 7 8 8 8 9 20
881W9HAT8IXYoWDkpn5fqG4,8,distinct,none,distinct,2 3 5 8 9 10 12 15
881W0uaIU58DwWaHA39H6CL,8,plain,none,mixed,1 3 3 6 10 12 14 15
881W6I9mL20WiO20eA72uII,8,plain,none,mixed,1 1 3 3 8 9 10 29
881W7GcGeK53H8Wmo9GmA0W,8,plain,none,mixed,1 3 3 5 7 8 13 24
881W0ZLYG3eg60uUameIvHK,8,plain,none,mixed,1 2 4 5 5 9 14 24
881W2ZGYGA41U230GnuofIQ,8,plain,none,mixed,1 2 4 7 9 9 13 19
881W81CXfI10WoPKaE5A20u,8,plain,none,mixed,1 1 1 3 9 11 17 21
881W0L5WO420THnvaa2HEYo,8,plain,none,mixed,2 2 3 4 6 13 16 18
881W8IM7CA242WHW1ZodJ8K,8,plain,none,mixed,2 2 3 4 5 7 14 27
881W2A1Xp2XWnmWOm2H0afG,8,plain,none,mixed,1 1 1 5 7 9 18 22
881W2942SaYCjDCeLaYXyz0,8,distinct,none,distinct,1 2 3 4 6 11 18 19
881WEN4cTY42AS8e4b1X70A,8,plain,none,mixed,1 2 2 5 11 11 13 19
881W97ZYI9J3s4IUdj29OYW,8,plain,none,mixed,1 6 8 8 8 10 11 12
881W4b2H8BK9AmPPCTfWKIA,8,plain,none,mixed,4 4 5 5 8 10 11 17
881W0IcjgZ9E688ocVx-49a,8,distinct,none,distinct,1 2 6 8 9 11 13 14
881W030v416DD9OsgaqZnYo,8,plain,none,mixed,3 3 3 5 7 12 15 16
881W3AgI21qQA0YcZX2XJe9,8,distinct,none,distinct,2 3 4 6 7 8 14 20
881W12p883d2AXaIXn7SUN4,8,plain,none,mixed,1 5 5 7 7 9 12 18
881W44amWmteg85fwKaYDBA,8,plain,none,mixed,3 3 4 5 9 10 12 18
881W9CW8o6rMA1OA8ZanWH1,8,plain,none,mixed,1 2 2 5 8 14 15 17
881W2XVkcIDeGOogA0WGc8K,8,plain,none,mixed,1 3 5 6 8 8 14 19
881W0HamG9eiiP0ZIKC69N4,8,distinct,none,distinct,1 2 3 5 6 9 13 25
881W2XROkC5wbWaW484keeI,8,distinct,none,distinct,1 2 4 8 9 10 13 17
881W4A8J7yA2WHWaL9JOZWe,8,distinct,none,distinct,2 3 4 5 10 12 13 15
881W1dY2ck991Y4_af9H0me,8,distinct,none,distinct,1 3 4 6 7 10 15 18
881W5aaXmxc925X799WicAe,8,plain,none,mixed,1 3 4 8 10 10 11 17
881W8oK432lOIrDb110Qhc0,8,plain,none,mixed,1 3 3 3 5 11 12 26
881W48f1X_eOnWm7pwmmdCm,8,plain,none,mixed,1 1 3 7 8 10 13 21
881WB5XmkOm8OK2aEG114K6,8,plain,none,mixed,1 1 2 3 5 10 16 26
881W231Wevf08QL6Y610yE8,8,plain,none,mixed,1 3 3 5 7 7 18 20
881W0a5er2sC12AWLZXcZGK,8,plain,none,mixed,1 2 2 2 9 15 16 17
881W462Pi21me8H8SE12L4b,8,plain,none,mixed,2 2 5 5 5 10 14 21
881W610HHgNBcEX00iIXamH,8,distinct,none,distinct,1 2 5 6 8 11 14 17
881W29knOG81WWCkH6eK52X,8,plain,none,mixed,1 2 2 5 7 8 10 29
881W230I8436nB5YGeof8WW,8,plain,none,mixed,2 3 4 4 5 13 16 17
881W2OD4Y9hP137Yc1GGGGY,8,plain,none,mixed,1 2 3 8 8 9 12 21
881W2KeHWewiQ2YmVSWWH2k,8,plain,none,mixed,1 4 4 5 6 7 13 24
881W5308JiwM9G48N-7Hi6G,8,plain,none,mixed,1 3 3 7 8 9 14 19
881W36HEXwdGWAGaaGeXbGI,8,plain,none,mixed,1 3 4 6 9 9 15 17
881W0LnD4I0vwAB-Xeu9R9X,8,plain,none,mixed,2 4 5 5 6 10 11 21
881W1YJ9PKYvK8KWkHAfKa0,8,distinct,none,distinct,1 2 4 7 8 9 16 17
881W2IHG731YL820uCcKWm8,8,plain,none,mixed,1 1 2 6 8 8 11 27
881W18K9I9CEKGGIAYvRfA5,8,plain,none,mixed,2 5 5 6 9 9 10 18
881W221fLRaQ1WaPYgL0GGI,8,plain,none,mixed,1 3 4 4 7 8 16 21
881W2IPKIYF7aeYSib4KaWG,8,plain,none,mixed,1 3 6 7 8 13 13 13
881W2fUj8Oafn92B3cWD988,8,plain,none,mixed,2 3 3 7 7 8 12 22
881W4A4neA109WGGS5LgjN8,8,plain,none,mixed,1 1 4 8 9 11 11 19
881W6J6bWu2mWWWaE10OFgJ,8,plain,none,mixed,1 4 4 5 5 6 15 24
881WDdymekOwO8GXlX0YoIi,8,plain,none,mixed,2 4 5 5 7 12 13 16
881W40KLLiaoZ0eGeqDdU2p,8,distinct,none,distinct,1 2 3 7 11 12 13 15
881W04718KnHGAKiC61uaLe,8,plain,none,mixed,1 3 3 4 6 7 16 24
881W2aO52nAM21fOeaYZI92,8,plain,none,mixed,2 4 4 7 9 12 12 14
881WB1GwbI9KXA428eA250E,8,plain,none,mixed,1 1 4 5 9 14 14 16
881W0MwDI5390GNGOA8jP4Y,8,plain,none,mixed,1 2 4 8 9 11 11 18
881W10ZuI3jKe4YXAgtOGmI,8,plain,none,mixed,1 2 4 4 10 12 15 16
881W4G433D91bAZ872mWMmG,8,plain,none,mixed,1 1 2 4 8 11 12 25
881W20ZGAJ90uG8q5IXGuYI,8,plain,none,mixed,1 1 5 6 8 12 15 16
881WCY8ckYI-Y038P0piv8I,8,plain,none,mixed,1 1 4 6 7 11 11 23
881W122Y9IIF2HWLzMHeWGe,8,plain,none,mixed,1 2 4 8 8 10 14 17
881W0OaO4r4IE299Yn3YJO9,8,plain,none,mixed,1 1 4 8 10 10 14 16
881W8gImSNY1A4XWMfIMRKa,8,plain,none,mixed,2 4 4 4 8 9 16 17
881W8SL4YdJgeWIX4YmMa6X,8,plain,none,mixed,2 3 4 4 6 12 14 19
881W0l0G8gLI1PL8KP9WC54,8,plain,none,mixed,1 1 2 7 10 11 12 20
881W2fHGYAfk4WK9N0sHe98,8,distinct,none,distinct,1 2 4 6 10 12 14 15
881W1p9YfhoZW8aQXNOWj25,8,distinct,none,distinct,1 2 4 7 8 10 13 19
881W2FBtBY21vX9088HeBIA,8,plain,none,mixed,1 2 3 5 6 6 20 21
881W1152c44o94G8KJ9bob4,8,plain,none,mixed,1 3 4 9 11 11 12 13
881WD0HkWkXWzW99KbB9HAQ,8,plain,none,mixed,1 2 4 7 9 11 15 15
881W8XXOa99XW8XGt8k8qKA,8,plain,none,mixed,1 4 5 6 6 12 13 17
881W4GSWGeILJ8K2XPy2154,8,plain,none,mixed,2 3 3 4 5 5 18 24
881WDagXaYAcKm1D98GrDeq,8,plain,none,mixed,1 4 5 7 8 8 10 21
881W1AbbgX7I129SACXWfC4,8,distinct,none,distinct,1 6 7 8 9 10 11 12
881W48aaB9cug8GBbVY1D8H,8,distinct,none,distinct,1 4 5 6 9 11 13 15
881W12HKQ23BP23292jgCqP,8,distinct,none,distinct,2 3 5 7 9 10 11 17
881W2F6g18J90b3KQB5nWm1,8,plain,none,mixed,1 1 3 5 10 10 15 19
881W11Y1QIMm80ayQQZXm45,8,plain,none,mixed,1 2 2 4 6 8 19 22
881W918yXfrUY0J1j4SDGm6,8,plain,none,mixed,1 2 3 8 10 13 13 14
881W2XhY106B40icB0ScH8i,8,plain,none,mixed,2 2 2 3 5 8 17 25
881W9YheRmnqWXHMKaNEma8,8,distinct,none,distinct,3 4 6 7 8 10 11 15
881W2bAKIKgsf60GDk0KCQ8,8,distinct,none,distinct,1 3 4 8 9 10 14 15
881W97WmPcw5AKGYYB18G8I,8,plain,none,mixed,2 2 5 6 7 12 13 17
881WCX98fqc2W8H4IGRVamK,8,plain,none,mixed,1 2 3 8 12 12 13 13
881W0OaoKPAb0G634D8joa2,8,plain,none,mixed,1 1 2 9 10 10 11 20
881W2HYJ0OS1ueegK0gDAbX,8,plain,none,mixed,2 3 3 4 7 7 11 27
881W18cAQ8AQ60aoQidWmeI,8,plain,none,mixed,2 3 4 8 9 10 14 14
881W2Hhuw45IgGWW4fBcmeH,8,plain,none,mixed,3 4 7 7 8 9 9 17
881W213lOC1nGHGOK96w4eY,8,distinct,none,distinct,2 3 4 6 7 11 14 17
881W21MCO9AaYHOSDDdKZaI,8,plain,none,mixed,4 5 6 6 10 10 11 12
881W570Zc20WI6WeOuKBLsA,8,plain,none,mixed,3 3 3 5 5 6 12 27
881W48ncIAI34GoUtOKkZ0G,8,distinct,none,distinct,1 4 5 6 8 11 12 17
881W4oToWmIs50G78eYZIaa,8,plain,none,mixed,2 2 3 5 9 11 13 19
881W5eDln-P430W2mr368aA,8,plain,none,mixed,1 2 4 4 7 12 16 18
881W453dIAbGW05gj210LQN,8,plain,none,mixed,1 3 3 4 5 11 17 20
881W8KH6XOEPOY2Y41WM8Yi,8,plain,none,mixed,1 1 2 6 8 9 10 27
881W1eoExQec610H8Zcmv14,8,plain,none,mixed,1 1 2 7 10 13 13 17
881W452XGrYvI0HNj2X8aG6,8,distinct,none,distinct,1 3 4 5 6 10 13 22
881W0JsA4Jnu82piY98XAmZ,8,plain,none,mixed,1 3 3 4 8 11 14 20
881W1bmA6f1WebH4YB9f8WY,8,plain,none,mixed,1 2 5 6 8 12 15 15
881W5Irh9FkRC44Q6COXYeW,8,plain,none,mixed,2 3 6 6 8 11 12 16
881WA5Ef2XH6R88YG4YJJ4X,8,plain,none,mixed,1 3 4 5 5 11 17 18
881W08KnaK8fYGYQ9etcxG8,8,distinct,none,distinct,1 2 5 6 9 12 14 15
881W8IaCA52D8b1ZWGEaHHA,8,plain,none,mixed,1 2 3 5 5 10 12 26
881W8N4jXGmJ28GsfaYB7Y3,8,distinct,none,distinct,1 2 5 7 8 9 12 20
881W1EofGeDCGI5DK0iHSfK,8,plain,none,mixed,1 1 5 7 8 9 13 20
881W2294SmOC2MJ2SQE6aoO,8,plain,none,mixed,2 3 3 7 8 9 9 23
881W35GaobI9AJ49829AW87,8,plain,none,mixed,1 1 3 9 12 12 13 13
881W0C6lUqYI26CcLaX20m3,8,plain,none,mixed,1 4 5 5 7 7 17 18
881W0WHKbX8X8f8iH8c2Xse,8,plain,none,mixed,3 4 5 6 7 10 10 19
881W1CmKS4Q5GZ440cOJeJ9,8,plain,none,mixed,1 1 1 6 7 11 14 23
881W3CR3IWyWvA9A-8yO7w2,8,plain,none,mixed,3 3 3 4 8 10 10 23
881W94GvtZ8eQ08tMDCWWYA,8,plain,none,mixed,1 5 6 7 8 8 12 17
881W4DIYG44bI0X0XpvAbPS,8,plain,none,mixed,1 2 4 9 9 10 11 18
881W0JBYWEBFYL2Il8L210H,8,distinct,none,distinct,1 2 3 5 7 9 12 25
881W111AReRy816fFQcX8Of,8,plain,none,mixed,1 2 4 7 11 12 12 15
881W9ABAb5EpaGdY62PM3K4,8,distinct,none,distinct,1 3 4 8 9 11 13 15
881W0jeDvKf862WhOI6b8b6,8,plain,none,mixed,1 1 7 8 9 9 10 19
881W4Gb7bSY10OGOoQ1PF46,8,plain,none,mixed,1 1 6 6 9 10 15 16
881W0WVkGCQDY1AGI62U8b2,8,plain,none,mixed,1 1 2 5 12 13 14 16
881W8amGuIsqX9WM5bDmK48,8,distinct,none,distinct,1 2 6 7 9 10 12 17
881W2X4HGCh6RGW86EmSQAg,8,plain,none,mixed,2 4 5 5 7 10 12 19
881W0GRfzzY4M124H5XMeAH,8,plain,none,mixed,1 1 2 10 10 10 13 17
881W0oL8KqK29M58E1H92Wo,8,plain,none,mixed,2 2 3 6 9 9 15 18
881W2WyU9BPue8gIAM11EM4,8,plain,none,mixed,2 2 4 8 11 11 11 15
881W498p7x2a8XGqzfoX34B,8,plain,none,mixed,1 4 5 5 8 12 13 16
881W2H28W3l088OyJ94HwlO,8,plain,none,mixed,1 1 2 7 9 11 16 17
881W22iienyX92L2-Is96Ma,8,plain,none,mixed,2 3 6 8 9 9 9 18
881W0YkvK44YR0oXmJ3cG3Y,8,plain,none,mixed,1 1 2 5 11 12 15 17
881W2IBL3cy4214Kn931Gu8,8,distinct,none,distinct,1 4 5 6 7 9 13 19
881W0C44aOA18pWG97ZHD6Y,8,plain,none,mixed,1 2 4 4 6 14 14 19
881W4CYYNDbLH8Z1XUImmbW,8,plain,none,mixed,1 4 4 8 8 9 14 16
881W0aOwSISq328YKfXs98I,8,plain,none,mixed,1 1 5 6 10 11 12 18
881W2WbDYKb0eKu4KRiHHP2,8,plain,none,mixed,1 2 2 7 12 12 13 15
881W5AqaC6D4bG85H5LF20W,8,plain,none,mixed,2 2 4 5 8 8 16 19
881W5XHDA8h2KeQKn3w2POW,8,plain,none,mixed,1 1 6 8 8 12 13 15
881W41OXzU5XeOOKa4WlGc8,8,plain,none,mixed,1 3 4 5 10 10 13 18
881W0n2XGU3mY9AD2I9GM54,8,plain,none,mixed,2 2 2 4 7 13 14 20
881WCD6wG429QWi5Y74H8Z2,8,plain,none,mixed,1 3 3 7 9 12 12 17
881W2I3WBiBsW9GKocWWEv2,8,plain,none,mixed,1 2 4 6 6 8 14 23
881W80PmeB4XHN0WS4r4LGf,8,plain,none,mixed,1 1 1 8 10 11 15 17
881W1GOGaY8YK4O9BbEaH6Y,8,plain,none,mixed,1 2 3 4 13 13 13 15
881W1hz84Mxhp8aLbA0D1eO,8,plain,none,mixed,3 3 4 6 7 9 15 17
881W5a8gKIPr2X92aO4M98I,8,distinct,none,distinct,2 3 5 6 9 10 14 15
881W8IAzJmo40r58Nbq14o4,8,distinct,none,distinct,1 2 4 7 8 10 11 21
881W0EK9IM8Q4H3QPAKjoeo,8,plain,none,mixed,1 2 5 6 6 11 16 17
881W88u41oQaS19hoP4Kwo3,8,distinct,none,distinct,1 2 4 5 7 12 13 20
881W8GaKCFOgH4NCbH11JJ8,8,plain,none,mixed,1 2 6 7 7 11 14 16
881W13vrPI-E10OPc4ba0WK,8,plain,none,mixed,2 4 4 5 7 9 11 22
881W8r2MwuSBn82O9QfCf0G,8,distinct,none,distinct,1 3 5 7 8 10 12 18
881W00cZJg12AYnaowXOid8,8,plain,none,mixed,1 3 5 6 6 12 13 18
881W21kH0G89SH8-PKaQA2Y,8,plain,none,mixed,4 4 4 6 6 7 8 25
881W0AuWKiE232H4Hih32XG,8,plain,none,mixed,1 1 4 8 8 10 11 21
881W2nWfFpo720a477SaGm4,8,plain,none,mixed,1 1 3 8 9 13 13 16
881W0O24qXBJaXmL7b2fZ8Y,8,plain,none,mixed,1 1 2 6 7 8 18 21
881W952keL4W88qgRH32WcX,8,plain,none,mixed,2 3 4 5 5 11 16 18
881W92ZuYHGY1GbaO4qP884,8,plain,none,mixed,1 2 4 6 6 10 15 20
881W2mQGeqAA4b0U8Ky010X,8,plain,none,mixed,1 1 2 4 8 11 11 26
881W10NLtoWWaWIa44E8vHK,8,distinct,none,distinct,1 2 3 4 9 11 14 20
881W1BAe42HfnWeXWqII694,8,plain,none,mixed,1 1 5 7 8 9 13 20
881WAWneqE71GnHee8f0C42,8,plain,none,mixed,2 4 5 5 7 8 15 18
881W6DAG88a52GZ11AaA30i,8,distinct,none,distinct,1 2 3 4 5 7 18 24
881W2AGvN8m3aG2U_6LL2GK,8,plain,none,mixed,1 2 2 3 8 8 19 21
881W1teMA3OiMA0aY91aGWW,8,distinct,none,distinct,1 3 5 6 8 11 12 18
881W0J8KFAYEBB3YWBX1GQI,8,plain,none,mixed,2 3 3 3 7 12 15 19
881W0kBm47TjhI3K89t64N8,8,distinct,none,distinct,1 2 4 6 8 10 15 18
881W10l84E7Q50aW86EqH9Y,8,plain,none,mixed,1 1 2 5 12 12 14 17
881W24InR6IGj8RAb8rSoh8,8,plain,none,mixed,1 6 8 8 9 9 10 13
881W0cWn1X852H5MPCg90uC,8,plain,none,mixed,1 2 4 5 8 8 12 24
881W499OD51XK862v4awcHG,8,plain,none,mixed,1 1 7 7 9 9 10 20
881W8A6aktk160BuHbIGPCA,8,plain,none,mixed,1 7 7 7 7 9 10 16
881W1PGNJeAbgWe42U1cz3A,8,plain,none,mixed,1 2 6 6 8 9 15 17
881W8XH9I8aKf6GGPuS98K1,8,plain,none,mixed,1 1 2 6 10 13 14 17
881W0e9EdFX161Wn4XHMACY,8,plain,none,mixed,1 2 2 6 9 10 16 18
881WE6XmIZDlGLK58x3v820,8,plain,none,mixed,2 4 4 4 6 9 13 22
881W410cqH9CGeYIeYH1vIP,8,plain,none,mixed,2 4 5 7 7 8 14 17
881W2GjCBmJ9XWK5S-4X5JH,8,plain,none,mixed,2 3 4 4 6 6 14 25
881W0YoXIHH2HHGErKsPOI9,8,plain,none,mixed,2 2 6 7 9 11 12 15
881W2KnrUNb9H6Mu6Omd8A8,8,plain,none,mixed,1 4 8 9 9 10 11 12
881W6WJ6Y8dHC0WXaXmY8qf,8,plain,none,mixed,1 1 3 3 7 11 14 24
881W911MIE9eoY43QQ2fn2H,8,plain,none,mixed,1 3 6 6 10 10 12 16
881W2HeIEkH404M53QWn1GP,8,plain,none,mixed,1 1 2 5 7 12 16 20
881W0WQKvZHuaHGO8250Yz2,8,plain,none,mixed,1 3 4 8 8 9 14 17
881W4H1WeXz0bW4BoaXOoP4,8,plain,none,mixed,1 2 2 8 10 11 11 19
881W31WG62CiM886192XmG8,8,plain,none,mixed,1 2 2 4 9 11 14 21
881W29evDX7WGGeC6MYYk0O,8,plain,none,mixed,1 2 2 7 8 12 15 17
881W3a1m9guaC0npgA90mKL,8,plain,none,mixed,1 2 5 5 6 8 18 19
881W2HeiIEvGK8A22997e48,8,plain,none,mixed,1 1 4 6 8 12 16 16
881W4pxTKo6ra105VHA9O82,8,distinct,none,distinct,2 3 4 8 9 11 13 14
881W29pKRGmKGWYdSgOA4LG,8,plain,none,mixed,1 3 4 7 9 9 11 20
881W1DaicCE20X52kEp20Ge,8,plain,none,mixed,2 2 3 6 8 12 12 19
881W4A29aH6gL8GoJ9a0WH8,8,plain,none,mixed,1 1 4 6 8 8 17 19
881W4STeOy68P0fxJX2L9YI,8,plain,none,mixed,2 5 6 6 8 12 12 13
881W0mWBCmU528e253EEbGO,8,plain,none,mixed,1 2 5 5 7 7 18 19
881W4A58KO2HPG84C7JID34,8,distinct,none,distinct,1 2 4 5 11 12 13 16
881W0eZ9eKIZIeWkHeQYH1W,8,plain,none,mixed,1 2 2 6 9 10 17 17
881W1Wz8w54D116X55s328a,8,plain,none,mixed,1 2 5 5 8 12 13 18
881WC7PI9C42IGmuafaKD0e,8,plain,none,mixed,2 2 4 6 8 10 11 21
881W1QKZvcJ0GWaGqS4SyOa,8,plain,none,mixed,2 3 5 5 9 10 12 18
881W0C14YI4iGAKfJ8aIvHe,8,plain,none,mixed,1 4 5 6 9 11 14 14
881W550qOo1mWGPaMP5YGaK,8,plain,none,mixed,1 4 5 8 10 10 11 15
881W48HZORFqXWIHqoghXbK,8,plain,none,mixed,1 3 7 9 9 10 10 15
881W0eSHjhKSa80H536bTyG,8,plain,none,mixed,3 3 3 6 7 9 12 21
881W3HdIenIsWGmYQbX0k6L,8,plain,none,mixed,3 4 4 4 7 8 15 19
881W51Oj86wA08IKf4ujbGi,8,plain,none,mixed,1 2 6 9 9 11 13 13
881W8EMSe0_2g8OwYmzffN4,8,distinct,none,distinct,1 3 5 6 7 9 10 23
881W291qbNJ8212bCA2HHHm,8,distinct,none,distinct,1 2 5 6 7 8 11 24
881W1amGBj50WNK6324WGW9,8,plain,none,mixed,1 1 2 4 11 13 15 17
881W42eiUAgfI422ozP6GQ8,8,plain,none,mixed,2 4 5 6 7 12 12 16
881W41WgGe2qcG89bHanGaq,8,plain,none,mixed,1 1 6 9 9 12 12 14
881W20cLyNZHGL8C8I0PHtI,8,plain,none,mixed,3 3 4 6 7 12 13 16
881W89491EMa2mfAb8bBnr2,8,plain,none,mixed,1 1 5 6 10 10 14 17
881W6o4eaS81em84THfI72Y,8,plain,none,mixed,2 2 3 4 10 11 13 19
881W2IaCtWxHWAPAQR1ANOI,8,distinct,none,distinct,1 3 5 6 7 12 13 17
881W41DcoCwGGXCYc20OELI,8,plain,none,mixed,1 2 6 6 7 8 13 21
881W20SIXX91YobUfaq4HHG,8,plain,none,mixed,2 2 3 5 6 12 15 19
881W2qM4ag489GfRbX0ZcIg,8,plain,none,mixed,3 3 4 5 8 9 16 16
881W3L0CC92rWQaoOdOEiaK,8,plain,none,mixed,1 2 5 6 7 7 13 23
881W0xXrcD18XGqHabBWJ0W,8,plain,none,mixed,1 1 4 6 11 11 15 15
881W2K8mAA4KKH1Xn76ZqE3,8,plain,none,mixed,2 3 4 4 9 12 14 16
881W0WXIgX0WC1Af4YUB5kK,8,distinct,none,distinct,1 3 4 5 8 10 13 20
881W30W9OiudWua22qcWS88,8,plain,none,mixed,1 1 3 7 8 9 17 18
881W26GY6FO4224cp6YtBj6,8,plain,none,mixed,1 4 4 8 9 12 12 14
881W2dAAsrAW8Cr6O21M9cG,8,plain,none,mixed,1 3 6 6 7 8 15 18
881W1N1Wmb5Mv1bU2oWm6T9,8,distinct,none,distinct,2 3 4 5 7 8 13 22
881W0m175hUIn58oA6Jz9Q2,8,plain,none,mixed,1 4 5 5 7 8 10 24
881W61xXGCUvH8Iaf8v2YPA,8,plain,none,mixed,1 5 7 7 8 9 12 15
881W1NeWGDaS2E2YXB0WHIY,8,plain,none,mixed,1 1 3 4 6 15 16 18
881W8XmvCQ0Q1apQhI28KA2,8,plain,none,mixed,1 3 5 6 6 7 16 20
881W0ldQsa1GsGf9GM1cJ-9,8,plain,none,mixed,1 2 5 5 6 10 14 21
881W1emLSH26Z8WOB3Wpq94,8,plain,none,mixed,1 2 5 9 11 11 12 13
881W2E3iY6AI1Wb2s7oIuD4,8,plain,none,mixed,1 1 5 8 10 10 10 19
881W0PG-SGvtYY54aeXDH5O,8,plain,none,mixed,1 3 5 6 10 10 12 17
881W4iKdnMgoC0nXPk6nfO1,8,plain,none,mixed,1 4 6 7 7 7 15 17
881W1bJ4FMnDH0nDxbehCGK,8,plain,none,mixed,1 2 7 7 9 9 14 15
881W2I592ThA0YZQY2mJJGC,8,distinct,none,distinct,1 3 4 6 8 9 13 20
881W32qdD52021IneC5LBSc,8,plain,none,mixed,2 4 5 6 6 7 9 25
881W0X6ON49PDIfcmEKsdYi,8,plain,none,mixed,4 4 4 5 5 9 15 18
881W2lA5HSxHGWPAI62DSf2,8,distinct,none,distinct,1 3 7 8 9 10 12 14
881W0835sOC6neKY8Y19f1W,8,plain,none,mixed,1 1 3 4 5 6 21 23
881W40YXMKj5W14AaxnHSUB,8,plain,none,mixed,3 4 5 6 6 10 11 19
881W8AWzwe4Zm4XCwIII4RC,8,distinct,none,distinct,1 3 4 5 7 13 15 16
881WED6fWGA3H8G0h9KH8Wm,8,distinct,none,distinct,1 2 3 4 5 11 16 22
881W9IYnGhZYOX14I7n0gJ6,8,plain,none,mixed,2 2 4 6 9 11 14 16
881W2Q0OceK28GKC-CmQhan,8,plain,none,mixed,1 2 2 4 7 10 11 27
881W2fB2ee8a98YjHZYrRcW,8,plain,none,mixed,2 3 3 7 8 8 15 18
881W8ammg9B5vG0WUgUXO22,8,distinct,none,distinct,1 3 4 5 7 9 17 18
881WAJPD8AEYu8fCTMOvmIA,8,plain,none,mixed,3 3 5 5 6 8 14 20
881W061CrCb22X94EWnoXma,8,plain,none,mixed,1 2 3 4 8 8 15 23
881W2HGqKQ1a1OOC3kXNK42,8,plain,none,mixed,1 1 2 9 11 12 13 15
881WAJGIYZHH8e58OC2Vbu9,8,plain,none,mixed,2 3 4 8 8 8 11 20
881WD5Vl5AI0eQ6jkWOv22A,8,distinct,none,distinct,1 3 4 5 7 9 14 21
881W18MCaK20WPeK219H5WG,8,plain,none,mixed,1 1 4 4 6 14 16 18
881WAHGa1vSHaI491kt5fye,8,distinct,none,distinct,1 3 5 7 8 9 12 19
881W412G9OHbbHGVhEo1GaQ,8,plain,none,mixed,1 4 6 6 7 8 15 17
881W94zpC556IHGGH5PBwYX,8,plain,none,mixed,2 4 6 6 10 10 11 15
881WA2KLAgD9H6W7nhqah30,8,plain,none,mixed,1 3 8 8 8 8 14 14
881W4K5Y8CaSa4XoHcGeUFO,8,plain,none,mixed,2 2 5 6 7 8 13 21
881W8aWeR53GT4YmO6SPSe8,8,plain,none,mixed,1 1 5 6 7 11 14 19
881W2n4aAXwZa0KD7t88B8C,8,plain,none,mixed,1 2 2 5 8 13 15 18
881W610W6bJDfPGXn4pWGYI,8,distinct,none,distinct,1 3 4 5 8 10 15 18
881W0WbgcXa98GcSM6l94hA,8,plain,none,mixed,1 4 4 5 8 13 14 15
881W1YH8gch2425FOiiXuCA,8,plain,none,mixed,1 4 6 7 9 11 13 13
881W1W6D7w52v98860867KH,8,plain,none,mixed,1 1 3 3 7 10 11 28
881WB1XA1Fbegg03P66gbM4,8,distinct,none,distinct,1 2 4 5 6 9 11 26
881W2Ef4DGmGGf54iM5B6aG,8,plain,none,mixed,2 4 5 6 7 7 10 23
881W4QJPeWO4XGaa4Y458bI,8,plain,none,mixed,1 3 5 6 6 7 11 25
881W8qcGkmGvua2O639nMOf,8,distinct,none,distinct,1 3 6 8 9 11 12 14
881W2GG2iZ113YDAjcYNHm8,8,plain,none,mixed,1 2 3 7 10 10 13 18
881W0eCIMp1Sx0AE44ME6i1,8,plain,none,mixed,1 2 3 6 9 9 15 19
881W6560OSrqYmH-PaGWG5e,8,distinct,none,distinct,1 2 3 7 8 9 10 24
881W41IRBhr6H9GYmwO9i8W,8,plain,none,mixed,2 3 5 7 11 11 12 13
881W2HeGC42YK8431eksuG8,8,plain,none,mixed,2 2 4 4 8 11 11 22
881WD6532j-0WX4K128yQiQ,8,plain,none,mixed,2 3 5 6 7 7 12 22
881W8H0UXWYGiHBeuSCrH8X,8,plain,none,mixed,1 4 5 5 7 8 8 26
881W2HDhb651muW8S7Y2A08,8,plain,none,mixed,1 2 5 8 8 9 15 16
881W0G6fLGC5Af2PAAb2ZII,8,plain,none,mixed,2 3 4 5 8 8 15 19
881WD59Zmy2e80Ycp2eaH4J,8,plain,none,mixed,1 3 3 6 7 8 16 20
881WCcHPi6XWWaWeG82eWS3,8,plain,none,mixed,1 2 2 5 7 9 15 23
881W310XRh1G30m42YB5AjA,8,plain,none,mixed,1 1 4 4 5 13 13 23
881W04PUGbAAI7GlSgZ4Wkc,8,distinct,none,distinct,1 3 5 6 7 12 14 16
881W0Yeqi25inN3YTZAbG20,8,plain,none,mixed,2 4 4 4 7 10 15 18
881W10WucZDc8aGCAeM08aI,8,plain,none,mixed,1 2 2 6 9 13 14 17
881W9J94WXcsWWTA0v4wGqK,8,distinct,none,distinct,1 2 5 6 7 9 10 24
881W5KH2DaI1n8dvCc9F9W8,8,distinct,none,distinct,2 3 5 6 7 12 14 15
881W4bou4MB9SeX2aM30841,8,distinct,none,distinct,2 3 4 5 6 10 15 19
881W55QN8Y648OJ53vLy8cY,8,plain,none,mixed,3 5 5 6 7 9 14 15
881W918GKGpEDA055U9rv-m,8,plain,none,mixed,1 1 3 6 9 10 16 18
881W0e55I8aX31mW8WmKBSA,8,plain,none,mixed,1 1 2 3 6 9 16 26
881W14eME75aQZ001XoH2ZY,8,plain,none,mixed,1 2 3 4 8 8 12 26
881W314YE7w5K84514gzEe8,8,plain,none,mixed,2 2 4 7 9 9 11 20
881W0bHWuIn0G4LiaSF1eoK,8,distinct,none,distinct,2 3 4 5 8 10 11 21
881W39GaSKD2c8436q1d6WG,8,plain,none,mixed,1 1 5 6 9 11 15 16
881W31w2-a72eCMtNacajaW,8,plain,none,mixed,3 3 4 7 9 11 13 14
881W4ha5aaf90W6MKIDpmOa,8,plain,none,mixed,1 2 3 4 11 11 14 18
881W8919yIPCXGJKvYYI11W,8,plain,none,mixed,1 5 5 5 7 8 15 18
881W0YcIGAgiWeaXYL8ykOK,8,plain,none,mixed,2 4 5 7 8 10 14 14
881W0cEf7WaeX0d6pSUAgee,8,distinct,none,distinct,1 2 5 6 7 8 11 24
881W1GiOJCE0iH6YICb1fLH,8,distinct,none,distinct,1 3 5 6 8 9 12 20
881W70WSBrRmv0G2a2IQGIL,8,distinct,none,distinct,1 2 5 6 7 12 14 17
881W2QAQcYA3214UwjmYXX0,8,plain,none,mixed,1 1 3 6 7 8 15 23
881W9BWI2D8aE895II2XGdW,8,plain,none,mixed,1 1 4 5 10 10 14 19
881W1GGF2A635WaB5W8dX0G,8,plain,none,mixed,1 2 2 4 6 7 18 24
881W0P9Gxaf5129CuYNpWX4,8,plain,none,mixed,1 2 7 8 9 9 12 16
881W41hC-4M59B5KtqL0Y32,8,distinct,none,distinct,2 3 4 6 7 10 12 20
881W53WwOACXDC43ImZAL4I,8,plain,none,mixed,2 2 3 9 10 11 12 15
881W4JeXG62L0eIHvIbAK82,8,plain,none,mixed,1 2 6 6 8 10 12 19
881W2gLqu47Cg0E4d8YZ52Y,8,distinct,none,distinct,1 2 4 6 9 11 15 16
881W5IbGeOE818872Zi6131,8,plain,none,mixed,1 2 2 5 6 9 10 29
881W51ycQ8o90GeHehQB2GK,8,plain,none,mixed,3 5 5 7 7 8 12 17
881WAYna5aYWWGvGGS3J8e8,8,plain,none,mixed,1 4 5 6 7 9 9 23
881W29X4a21g14K9OikNA85,8,plain,none,mixed,1 4 4 5 10 11 14 15
881W51GXpZHgX8GHawbKEX8,8,plain,none,mixed,2 5 6 6 10 10 11 14
881W511YQ63p9H0WeMX8eeX,8,plain,none,mixed,1 2 3 6 9 9 15 19
881W21mWWS50iGA4CGjobIg,8,plain,none,mixed,1 1 4 8 9 13 13 15
881W2CoKJIFf1WnRgcfY8PK,8,plain,none,mixed,1 5 5 7 8 11 11 16
881W91U2QM429L1m-5A3sg6,8,plain,none,mixed,2 2 3 4 12 12 14 15
881W07NTo87g7248Wz8LJLA,8,distinct,none,distinct,1 2 3 5 11 12 14 16
881W4JYr4w2nWe8ec5C7SC4,8,plain,none,mixed,1 1 6 6 7 13 14 16
881W08B5U52YIPGW8cX1642,8,plain,none,mixed,1 1 2 4 11 11 16 18
881WAkDtH5615X0PahYbGm0,8,plain,none,mixed,1 2 2 4 7 11 18 19
881W3chKKA8H9A8Kh0o4GgM,8,distinct,none,distinct,1 3 5 7 8 9 11 20
881W4i95R4CgQWXx65HamZA,8,plain,none,mixed,1 5 5 7 8 11 11 16
881W10e6FiYP1WM422M2Z1Y,8,plain,none,mixed,1 1 2 4 6 12 17 21
881W13yUj60iJ2ZIKIIiKX8,8,plain,none,mixed,2 3 3 5 8 9 16 18
881W113PUq918eCYCQ5mecH,8,plain,none,mixed,2 2 5 6 10 13 13 13
881W4aX3EVQ2gG9wYokIHmB,8,plain,none,mixed,1 3 5 9 9 10 13 14
881W0eeI55PaI696YH3aBIG,8,distinct,none,distinct,1 2 4 5 8 12 15 17
881W456Huou30Y44fAnGODg,8,plain,none,mixed,1 1 5 8 8 10 11 20
881WCKk10IcL1WKAZm4YYGc,8,plain,none,mixed,1 3 4 5 5 6 13 27
881W6WUXGe2H0X8eq10IA4c,8,plain,none,mixed,1 1 3 4 5 8 14 28
881W0WcAIf5Xq5AOC0iDMYW,8,plain,none,mixed,1 2 4 5 5 10 15 22
881W13Xj5H6nXmaQZ5M2eeA,8,plain,none,mixed,1 6 6 7 8 11 11 14
881W610IAn8IX0K6bAG88ic,8,plain,none,mixed,1 1 3 5 6 8 14 26
881W0MElG7Bg4159Nd2IYaI,8,plain,none,mixed,2 2 4 5 10 12 13 16
881W4iOO4273CD5ZHf2gE40,8,plain,none,mixed,3 3 4 5 7 8 17 17
881W10s9N8yia4GaHiMCklY,8,plain,none,mixed,1 4 5 8 10 10 13 13
881W1WcePMQp01AJCesaoKq,8,plain,none,mixed,1 4 5 7 10 11 11 15
881W0X3u6f9GuHKMINDXOA1,8,plain,none,mixed,3 3 4 4 9 10 13 18
881W044PCY8202cdJf3YnPC,8,plain,none,mixed,1 3 3 4 7 12 15 19
881W08GrKC2JY0w52gYFgLC,8,plain,none,mixed,1 1 2 8 8 11 11 22
881W2AwvK80sLGObZQ3459Y,8,plain,none,mixed,1 3 3 6 7 8 9 27
881W9IKML5Z1XGXGOAR7oG4,8,plain,none,mixed,2 5 6 6 8 9 10 18
881W1GMGXY11nH8OC6TGA2v,8,plain,none,mixed,1 3 3 4 4 12 16 21
881W8gRs7131E8ZW8eMWwMW,8,plain,none,mixed,1 4 5 6 8 8 10 22
881W91GbD6FCWmTLgGgAWmG,8,plain,none,mixed,1 3 3 8 9 12 13 15
881W8IHE8mO3I0nI5YoE5aI,8,plain,none,mixed,1 1 5 6 7 8 17 19
881W1STOeG5qCY0X7ZSZ8en,8,plain,none,mixed,2 3 3 5 12 12 13 14
881W0mG9aL4P9KmBBaZeIP8,8,plain,none,mixed,1 2 5 5 9 12 14 16
881W26Bno8qX0Y8Qn3dZo5E,8,plain,none,mixed,1 1 5 9 10 11 13 14
881W6Y6WNDYqI8eaJHf524m,8,plain,none,mixed,2 4 5 7 8 8 13 17
881W0ceiOMBo230WrmdL8C2,8,plain,none,mixed,1 1 2 9 9 11 15 16
881W1CnKSAfja24XB6WFA98,8,plain,none,mixed,1 1 2 9 11 12 13 15
881W23ZG82dZ1H8KoGXe88C,8,plain,none,mixed,1 1 3 6 9 10 14 20
881WAWyIcJj71200ArIoYe8,8,distinct,none,distinct,1 2 3 6 8 9 14 21
881W1iuacZbr1XDAevWZA48,8,plain,none,mixed,3 3 5 5 9 9 12 18
881W0mNYOB190WcW8B6nYui,8,plain,none,mixed,1 2 3 7 8 12 12 19
881W62jDSY4UWKIMAo63QCX,8,plain,none,mixed,1 1 6 7 7 8 15 19
881W2r852HYGeMWeMJ9GaQ0,8,plain,none,mixed,1 2 2 5 9 12 16 17
881W26Wm9CI8M9XLQM6J9We,8,distinct,none,distinct,1 4 5 7 9 10 13 15
881W2HmqIEXeYGC52592ExH,8,plain,none,mixed,2 3 3 8 10 10 13 15
881W4YXmaB4ik10YK5gm4MB,8,plain,none,mixed,1 2 4 4 6 6 20 21
881W5Jh8PChYK4WXhi0JGk6,8,plain,none,mixed,2 3 3 5 9 13 14 15
881W86iG361ejGKfaoAbnLH,8,plain,none,mixed,2 2 6 7 8 9 15 15
881W4HfqrT52GD2XYo2XuY8,8,plain,none,mixed,1 6 7 8 8 10 12 12
881W11x5mAY4XGMZKr6rYH4,8,plain,none,mixed,2 3 5 7 9 12 12 14
881W2WqWd9q410KCF_7WGXa,8,plain,none,mixed,1 3 3 4 7 12 16 18
881W0mea9_S4229AXU8WWeS,8,plain,none,mixed,1 2 5 5 6 12 14 19
881W4X74G7f31WWmx3XKJmK,8,plain,none,mixed,1 2 4 6 6 12 15 18
881W1aoIjxGdWM6P32IIPGH,8,plain,none,mixed,1 6 7 7 8 10 12 13
881W53L4YoSX0mG24Rjgn52,8,plain,none,mixed,1 2 6 10 10 10 11 14
881W8cnkUa4YHX9CE9A8b8K,8,plain,none,mixed,2 7 7 7 8 9 9 15
881W2CcfKo4afW9WtigUJ43,8,plain,none,mixed,1 4 5 7 7 13 13 14
881W8Tjr-A4aK4ah9G11GIe,8,distinct,none,distinct,2 3 5 6 8 9 13 18
881WEH8e8IbY50J8253Y88C,8,plain,none,mixed,1 1 1 8 10 14 14 15
881W18yPhZSQDW8I623CLh8,8,plain,none,mixed,1 3 5 6 9 9 15 16
881W4YYm8GfZG6bYN7OmGA8,8,plain,none,mixed,2 3 4 6 6 10 13 20
881W83foK6bL50bJX7x494O,8,plain,none,mixed,2 3 4 5 12 12 12 14
881W3ImqJ4QF0KYKuYZFWW9,8,plain,none,mixed,1 5 7 8 8 8 12 15
881W92AeGKsf98xeI2uF4kO,8,distinct,none,distinct,2 3 4 6 8 9 10 22
881W1GaoQK5HIG846enekWc,8,plain,none,mixed,1 3 3 8 9 10 14 16
881WA11Wb4YiA6K9H4Z10iK,8,distinct,none,distinct,1 2 3 4 9 13 15 17
881W2KhKLZ2X8I8OKS2ebsY,8,plain,none,mixed,4 4 6 7 7 8 9 19
881W8iwL5CKDXm2C7XBJ2W8,8,plain,none,mixed,2 3 3 6 6 9 15 20
881W1psxxgIu823e8H1nAOL,8,distinct,none,distinct,2 4 5 6 7 8 11 21
881W0X0pPmeaeaa64uTAfOI,8,plain,none,mixed,2 4 6 6 9 9 14 14
881W1P1m8YYfWHSX8uHWgSA,8,plain,none,mixed,1 1 3 6 8 11 16 18
881W4iXZguYZf8XaK5jAjz1,8,plain,none,mixed,1 4 4 7 10 12 13 13
881WDIm44HAV4WHAGeWdmGE,8,plain,none,mixed,1 1 4 5 6 10 13 24
881W2JDHGI11OkfSGE1G950,8,plain,none,mixed,2 3 3 4 4 4 20 24
881W0YOaKJW846D4qKA3IH5,8,distinct,none,distinct,1 2 4 5 6 9 10 27
881W28uWWO9BK0GBEvaiD5Y,8,plain,none,mixed,1 1 6 7 7 10 12 20
881W0aOKnP9fHJYI55sbCGG,8,distinct,none,distinct,1 3 6 7 8 10 14 15
881W91jHOw140af4zbro20X,8,distinct,none,distinct,1 2 3 6 7 9 12 24
881W8IIcO9Og20bb3i56Wqg,8,plain,none,mixed,3 3 4 4 6 8 17 19
881W21feI2fBL0eMHQ1RMzI,8,plain,none,mixed,1 4 4 5 8 8 14 20
881W2dW4z4E361dIMaT30WO,8,plain,none,mixed,1 1 5 5 9 11 12 20
881WE2H7Q62GXCHO4KOwmgY,8,plain,none,mixed,1 1 6 7 9 10 13 17
881W0D7IH98NfaZHpE1GaQ8,8,plain,none,mixed,3 4 4 4 5 12 12 20
881W80QfAEe00B4wU50bnAf,8,plain,none,mixed,1 2 2 4 7 8 19 21
881W1CWEdA38fJWJ5XiaZ0B,8,plain,none,mixed,1 1 3 7 9 13 13 17
881W4RsJKaeOEX0NOM0lrwG,8,plain,none,mixed,1 3 3 7 8 10 14 18
881WE6TH8YKaoD4G1Hjo6Aa,8,plain,none,mixed,1 2 5 7 7 7 16 19
881W11eqHpPcQ2H2aieKWYB,8,plain,none,mixed,1 1 5 6 9 11 11 20
881W295JoK0aiGKJIF3XuW3,8,plain,none,mixed,1 3 3 5 9 11 16 16
881WAKX99q94GO8q4oMfAXO,8,plain,none,mixed,1 2 6 9 10 10 12 14
881W4843CodQHADHEd2HWq8,8,plain,none,mixed,2 4 5 6 6 9 11 21
881WE11DQ3BH9GbAU9No4gG,8,plain,none,mixed,1 1 9 9 9 11 12 12
881W0OC5Qv9q1aa64d0eDA2,8,distinct,none,distinct,1 2 3 4 5 9 13 27
881W18cE4258qH4I956YCX0,8,plain,none,mixed,1 1 2 7 10 12 14 17
881W2H233ksA2X8948r2Jv4,8,distinct,none,distinct,1 2 3 4 8 11 14 21
881W11HeaT1uY94XMLB0q44,8,plain,none,mixed,1 3 4 5 7 7 16 21
881W93LObC523010CyfqoOq,8,plain,none,mixed,1 5 5 6 7 9 13 18
881W4oeC4gLxWHIe40SGWyO,8,distinct,none,distinct,1 3 4 6 7 11 12 20
881W9fmX8YGN8aHIearKQC0,8,plain,none,mixed,1 2 2 6 8 8 14 23
881W4gImGL9eK4mgI750u30,8,plain,none,mixed,1 1 5 6 7 7 16 21
881W1IeErS_BI98ZuOLGOeW,8,plain,none,mixed,2 4 5 6 10 11 11 15
881W1WvBD9cbb8GHHAoqr46,8,plain,none,mixed,4 4 5 7 8 8 11 17
881W4HMo4oYK21eOhHkXou2,8,plain,none,mixed,1 2 7 9 9 9 12 15
881WEcmcG8bBDO0YHOWAOke,8,plain,none,mixed,2 3 3 4 7 7 16 22
881W820m8SWZn9fqS9XeuGC,8,plain,none,mixed,1 3 3 5 8 9 14 21
881W1Gm2Dg24C0O953csfKX,8,plain,none,mixed,1 3 3 5 9 10 12 21
881W4K5OiT2eGCFaK94Gg0X,8,plain,none,mixed,1 1 3 5 6 9 16 23
881W8Zf3KCqk8m9PLKNcNFO,8,plain,none,mixed,3 3 7 7 7 11 12 14
881W0HYKK72f2kbXmE8LPIe,8,distinct,none,distinct,1 3 4 6 7 11 13 19
881W594WGFM2YC82Xn1GKIe,8,plain,none,mixed,1 2 2 6 7 11 16 19
881WC0S8Y74YIGnO4Z1bb94,8,plain,none,mixed,1 1 2 7 9 10 12 22
881W8b0W85aqHb10XrP0WAA,8,plain,none,mixed,1 2 2 4 4 12 18 21
881W8A82hKM2YLbq8b1GZW9,8,plain,none,mixed,1 3 5 5 6 11 14 19
881W4Y9LE2aA14KHGf1b1Gb,8,plain,none,mixed,1 4 5 5 7 10 15 17
881W9AfO94iXKmhK112oU8G,8,plain,none,mixed,1 3 5 6 9 12 12 16
881W44aO8QGue9P9YoJAT35,8,plain,none,mixed,2 2 3 8 10 12 13 14
881W1ovHO93t425R55HYg92,8,plain,none,mixed,2 2 3 5 10 13 14 15
881W70GC55Zgi441WWvg4s4,8,distinct,none,distinct,1 2 3 5 6 8 11 28
881W2neILa10I4G42lPfjoG,8,plain,none,mixed,2 3 5 5 8 11 14 16
881W2ADaMKKDQOYMq7Y8Y4X,8,plain,none,mixed,2 3 3 7 8 9 12 20
881W4p4T3X6Y30W4IvAIAag,8,distinct,none,distinct,1 3 4 5 9 10 11 21
881W1W9598SA4X2y52Q51We,8,plain,none,mixed,1 1 3 5 6 9 17 22
881W5Z8438S1Gj4a1QbMeIG,8,plain,none,mixed,1 4 4 4 8 9 14 20
881W8r8Xye94Z88mMr9X5Wm,8,plain,none,mixed,1 4 6 8 9 9 10 17
881W0X5co0oawGKCNHeG5TH,8,plain,none,mixed,2 2 4 6 7 7 12 24
881W4YQGmqMmH8sn2caGB9Y,8,plain,none,mixed,2 2 3 5 5 13 14 20
881W213Y44ZIuWaY98rh9Yf,8,plain,none,mixed,3 3 5 7 8 10 10 18
881W98y65H9hL28663bzaO4,8,plain,none,mixed,1 4 6 7 7 8 10 21
881W1A6boiA8OGYkuH1Gj32,8,plain,none,mixed,1 3 4 5 7 14 15 15
881W4X53Ib8MH0g5x30aIl1,8,plain,none,mixed,2 3 4 4 9 12 13 17
881W3mOEG84a2W421rIXGaY,8,plain,none,mixed,1 2 3 4 5 13 13 23
881W172OcZAA0U4_WuogHYm,8,plain,none,mixed,1 5 5 6 7 10 15 15
881W9Ic6hdAP10H_8aL2IGE,8,plain,none,mixed,1 5 6 7 7 10 13 15
881W2D6ICIuHv4f2aAHHSi8,8,plain,none,mixed,1 4 5 6 8 12 12 16
881WDmuKHE18Wu510dL00Y9,8,plain,none,mixed,1 1 2 2 5 7 18 28
881W8gKjb_i214fGP20WXeH,8,distinct,none,distinct,1 2 4 6 8 10 15 18
881W8XU56YCA105dnX0Zo8a,8,distinct,none,distinct,1 2 4 5 8 9 15 20
881W24KoeAIoYb1c_qDyI4L,8,distinct,none,distinct,1 4 5 7 9 11 13 14
881W1n3duIG9Ab8DIJ3r94G,8,plain,none,mixed,1 4 4 5 6 9 13 22
881W96WDowL7550pYKcQaYG,8,distinct,none,distinct,2 4 5 7 8 10 13 15
881WDEZ4IA72984I90aYe72,8,plain,none,mixed,1 3 3 6 8 12 14 17
881W2XTOaC6OWb2YDC3uJ83,8,plain,none,mixed,1 1 5 8 9 11 13 16
881W28dmJO28f0YZFvYH4Io,8,distinct,none,distinct,1 2 3 9 10 11 12 16
881W2cGoJE9Cc9D4m933bW8,8,plain,none,mixed,2 4 4 5 8 8 12 21
881W23WWHaXGe18icV2X4YH,8,distinct,none,distinct,1 3 4 5 8 11 14 18
881W5YI8OKX1T0ga44Qm82E,8,plain,none,mixed,1 1 1 5 8 14 14 20
881W8Id5ef51GeZbMe_7w0W,8,plain,none,mixed,3 4 4 4 7 9 15 18
881W0mWHaKeS94q98aBaG88,8,plain,none,mixed,1 1 4 4 5 14 16 19
881W2HJJ8CI4aX4VV4aU10G,8,plain,none,mixed,3 6 6 6 7 7 7 22
881W125Daf22Y69GqvaHbBa,8,plain,none,mixed,1 4 6 7 7 10 12 17
881W0GGB3nHq00AVA52d9OY,8,plain,none,mixed,1 3 3 5 5 10 18 19
881W2KMCIS-XC07Kj11DbV1,8,distinct,none,distinct,1 2 5 8 9 11 13 15
881W4X9ACH9AWe62y6nNqWm,8,plain,none,mixed,1 1 4 7 10 13 13 15
881W0F5SS8K6IPfIee125aI,8,plain,none,mixed,1 3 4 4 5 9 14 24
881W4K3WLEAD0abHJ2WX2X9,8,distinct,none,distinct,1 2 3 4 7 10 16 21
881W558utXboY01iwgREma8,8,plain,none,mixed,2 3 3 6 10 11 12 17
881W0WaO39D0n2PCdGoVRY9,8,plain,none,mixed,1 3 6 8 8 9 10 19
881W2WgfA38f84IYITDxk70,8,plain,none,mixed,2 3 4 5 9 13 13 15
881W8HQ0gR3IqGBqyDtF0E1,8,plain,none,mixed,1 1 7 7 9 9 12 18
881W1GiGJdwIImG22dv4Lb2,8,plain,none,mixed,2 2 3 5 9 10 14 19
881W4mmb4a6OGW8NhyJRE56,8,distinct,none,distinct,1 2 6 7 8 11 13 16
881W1OqYCHCfL4KA6Eq5WZ0,8,distinct,none,distinct,1 2 3 4 6 12 15 21
881WD10aHCC3Xi941P5IbmX,8,plain,none,mixed,1 1 3 8 8 9 16 18
881W0Y5RRXIM3GW2uQyhH9A,8,plain,none,mixed,2 3 3 6 7 8 11 24
881W0KY2aAyX8J4K51ilb-9,8,plain,none,mixed,1 3 4 8 8 10 10 20
881W6IrTmEBPPWeF0r9XRA4,8,plain,none,mixed,1 3 6 6 7 9 16 16
881W306WrNqAYWYaOpezYee,8,distinct,none,distinct,1 3 4 5 8 9 14 20
881W39WirKsH8e82B2b20Z8,8,distinct,none,distinct,1 4 5 6 9 10 14 15
881W116Gq4YhK5GQ5SpG8Be,8,plain,none,mixed,1 1 3 6 10 11 12 20
881W0GaZ7ArMY4eQCeeLCNW,8,plain,none,mixed,1 5 5 7 7 8 13 18
881W8IB4I4cHKmZW83WWMT0,8,plain,none,mixed,1 1 2 4 6 13 18 19
881W1bF4Y4iOQ6mBNJWKAIW,8,plain,none,mixed,1 2 4 9 9 9 10 20
881W2XGPMe84C5adI441WGA,8,distinct,none,distinct,1 2 3 4 6 11 12 25
881W2CY8g5I62WPUc3-5294,8,distinct,none,distinct,1 4 5 6 7 11 13 17
881W4IJ3aK7110We20ndhrA,8,plain,none,mixed,2 2 5 7 7 10 13 18
881W0O894QDgI4aB4Y12O30,8,plain,none,mixed,1 1 3 4 5 12 17 21
881W2QFHkO-qYX4CnA1vHK8,8,plain,none,mixed,2 5 5 6 7 11 12 16
881W214LYAIsL4GNEEXWn7a,8,plain,none,mixed,1 4 8 8 8 9 11 15
881W3114I9WmKGI8SP4YKK8,8,plain,none,mixed,1 1 2 7 10 11 13 19
881W85aILpo530GcNLoWW98,8,plain,none,mixed,3 3 3 5 6 11 15 18
881W2731RMGaYKH6-331OGH,8,plain,none,mixed,1 1 2 6 11 12 13 18
881W0XuxIacLG4mKBoIKBt4,8,distinct,none,distinct,1 3 4 6 8 13 14 15
881WCcLJ1ND50X8SCdqGWP4,8,plain,none,mixed,2 5 5 7 8 8 12 17
881W1GOB9KD4kWY811Ai52A,8,distinct,none,distinct,1 2 5 6 7 8 15 20
881W41A005hnIIvirouaDGY,8,plain,none,mixed,2 4 6 6 7 8 8 23
881W22RHlLKQ0HI4aJUCXeg,8,plain,none,mixed,2 4 7 7 7 11 11 15
881W5H59c6Y0K8IGqI0pBGC,8,plain,none,mixed,1 1 2 8 8 11 13 20
881W8C9xCirOWWAuC8avZm6,8,plain,none,mixed,1 2 6 7 8 12 14 14
881W33GHq46HeXeiw2kGaID,8,plain,none,mixed,1 2 5 5 7 11 14 19
881W8K594296YXGm21mxBaI,8,plain,none,mixed,2 2 3 6 6 7 9 29
881WA10fUPSG824S94XIfin,8,plain,none,mixed,1 4 4 6 8 12 13 16
881W2IL2Xs7HmW88oOj2dK6,8,distinct,none,distinct,1 3 5 9 10 11 12 13
881W2KEUmeHnGWPwnDan0h3,8,plain,none,mixed,1 3 4 7 9 9 10 21
881W9XyO8BDAL832YA22g8a,8,plain,none,mixed,1 3 4 5 5 8 18 20
881W24MqYVa462AK9QEXXP8,8,plain,none,mixed,1 1 5 6 9 9 13 20
881W1AGPKK9EA4c8m-XrAbG,8,plain,none,mixed,1 1 6 8 9 9 12 18
881W25AMBgOWnYm22AJ9UHW,8,plain,none,mixed,1 1 2 4 10 15 15 16
881W3XXVaFaC60eEJ2AYWee,8,plain,none,mixed,1 2 5 6 9 9 12 20
881W2Kheaa8f52WkAPHoOC6,8,plain,none,mixed,2 2 7 8 9 9 13 14
881W6L0ICkBaKHH53QeLKWW,8,plain,none,mixed,3 3 3 6 9 13 13 14
881W1GXNGTV721egC4H0xb2,8,plain,none,mixed,1 2 4 4 5 10 16 22
881W9YGI86jIE0B4HfgJXmH,8,plain,none,mixed,1 1 6 7 9 10 14 16
881W2YHEK88IL12Wh6J954K,8,plain,none,mixed,1 2 5 8 8 8 15 17
881W18X6nXmeCmG8OA5AalW,8,plain,none,mixed,1 1 4 8 9 9 12 20
881W21nn41cj0SKHP9AQfIa,8,plain,none,mixed,1 1 9 9 9 9 9 17
881W4gWkG8rw4m80G8yPH5O,8,plain,none,mixed,1 1 3 5 8 11 15 20
881W8eC4gAc50QYH513j4Ga,8,plain,none,mixed,1 1 2 8 8 10 14 20
881W9KHGS98Kv80WAaVCeC1,8,distinct,none,distinct,1 2 3 4 9 12 16 17
881W4aWGS5UJ9GPgMDA8aA2,8,plain,none,mixed,4 4 6 6 8 9 10 17
881W8YGGCH4IwID6Ng60eA2,8,plain,none,mixed,1 3 5 5 7 12 15 16
881W16GC42jQI113IfCZ96f,8,distinct,none,distinct,1 3 4 7 8 9 11 21
881WCCvBI_P4AGXYS991Vs8,8,plain,none,mixed,1 6 7 8 9 9 11 13
881W4c96YEcoF60X40X4nKG,8,plain,none,mixed,1 3 3 6 7 11 16 17
881W9X8h4292WcIHBnW_4YW,8,plain,none,mixed,1 3 3 6 7 10 14 20
881W02H5yoEeSo9JAYodM51,8,plain,none,mixed,3 4 6 6 6 9 14 16
881W63oB54IA092CMBvA52P,8,plain,none,mixed,1 2 2 8 10 11 13 17
881W8aUZ5IsdmA4E4l7CP90,8,plain,none,mixed,1 4 6 9 9 10 11 14
881W4I6X8y6SWGCb5D4oJ8c,8,distinct,none,distinct,1 3 5 7 9 10 13 16
881W0IgfHW74Y23bpIbZcp9,8,plain,none,mixed,2 2 6 8 8 10 10 18
881W4H6iS-1XGneeo02o7eK,8,plain,none,mixed,1 2 5 5 7 7 11 26
881W11jEklJYGaG6NHMHA2G,8,plain,none,mixed,3 3 7 9 9 9 11 13
881W50ugSv28XKC9Yw6qn0H,8,distinct,none,distinct,1 2 3 4 8 14 15 17
881W4aYXajQLCKbH6DB8W84,8,plain,none,mixed,3 3 4 7 8 10 12 17
881W10iS24p5ZeOA4Y71sOW,8,plain,none,mixed,1 1 5 7 8 10 14 18
881W10gKJn4agPm474849ce,8,plain,none,mixed,1 3 3 6 8 8 15 20
881W93PI510JNKXHW8kCXUW,8,plain,none,mixed,1 3 5 5 6 6 8 30
881W2aXaqMOMA95an2ShKA2,8,plain,none,mixed,3 4 5 5 7 11 13 16
881W4251gE60WOGO86WmaXm,8,plain,none,mixed,1 1 1 2 7 14 18 20
881W0f9IaBi801AcLHEYJGS,8,plain,none,mixed,1 3 4 7 8 8 12 21
881W30058Y50e0SI9L3XbIh,8,plain,none,mixed,1 1 1 6 8 10 15 22
881W4YDfD1W430KIGa17Yee,8,plain,none,mixed,1 3 4 4 5 7 10 30
881W0GCuoHm4IHm-K4435DA,8,plain,none,mixed,2 3 4 5 7 7 13 23
881W1OZ9eJ5KH4Oa7ZcmgA2,8,plain,none,mixed,1 2 4 6 8 8 15 20
881W314Z4Pp28WaC45wbwiB,8,plain,none,mixed,1 4 4 9 9 10 11 16
881W2AI4gSyYA4OwanA30T8,8,plain,none,mixed,1 3 5 8 8 11 11 17
881W2OGleuKnn84GAQ-H78I,8,plain,none,mixed,1 4 5 5 9 11 14 15
881W535uKQ20QPGeAqKw951,8,plain,none,mixed,3 3 4 4 6 9 15 20
881W44Ia5LaKr0rBYT_PXEn,8,plain,none,mixed,3 4 5 5 10 12 12 13
881W33kfBLB51Y1uDYcIIWe,8,plain,none,mixed,3 4 6 7 7 10 13 14
881WC213XjI1Gg4G4310WSc,8,plain,none,mixed,1 1 4 4 8 10 14 22
881W8KT8eC52XY0W42IiH94,8,plain,none,mixed,1 1 3 5 10 13 14 17
881W0GJ5nMuSL90i8Y0cXqe,8,distinct,none,distinct,2 3 4 5 6 7 17 20
881W8GHNJXF9cAWETfIdL08,8,plain,none,mixed,1 5 6 6 7 11 12 16
881W1GKJLo94Y8e844E0E4g,8,plain,none,mixed,2 2 3 5 7 15 15 15
881W2aHm3Xgc31nKmKkXGa6,8,plain,none,mixed,2 4 4 7 7 12 12 16
881W494EP924XGC6YiNvnH0,8,distinct,none,distinct,1 2 4 5 10 11 15 16
881W1KcGKa2JGefOiGpWICa,8,distinct,none,distinct,1 3 4 5 6 7 16 22
881WAAOKKH4MD55ZMSE1Y84,8,plain,none,mixed,3 3 3 5 7 10 15 18
881W11SCbi71M4mL6uraAYe,8,plain,none,mixed,1 4 4 7 8 9 14 17
881W0Gx8G4M1eWesJFAK52Y,8,plain,none,mixed,1 2 4 6 10 11 11 19
881W4X8aqMWGC8gKa43bGA8,8,plain,none,mixed,1 1 4 5 9 9 12 23
881W48OidWAA20eVgvi0ZGm,8,plain,none,mixed,3 3 3 4 5 8 10 28
881W0WGvQHOeyGWS9AaH443,8,distinct,none,distinct,1 2 4 6 9 13 14 15
881W22CuSYWGK8A8q642ICi,8,plain,none,mixed,1 1 1 5 9 11 12 24
881W2XitBKq4XKmUCZfGY05,8,plain,none,mixed,1 1 7 8 9 9 13 16
881W39Geyc0JmeoL6XhGKD0,8,plain,none,mixed,1 1 3 5 10 11 13 20
881W5EeC4PD4866Z40aJwK8,8,distinct,none,distinct,1 2 3 5 7 8 14 24
881W4IbbO4HAoKQIXw2X3cI,8,distinct,none,distinct,2 3 4 5 7 11 14 18
881W28nqegBofG88RNZ7A81,8,plain,none,mixed,1 2 6 7 7 12 13 16
881W0j14o8610HLAvPCgGPC,8,plain,none,mixed,1 6 6 7 10 11 11 12
881W4XJ7OeGOuWYawK9Aeoi,8,plain,none,mixed,3 4 5 6 7 7 11 21
881WAAmKJCA67011ITX6YWO,8,plain,none,mixed,1 1 4 4 6 11 18 19
881W48bDqmqXWa4G-Oa9fS3,8,plain,none,mixed,1 1 6 9 10 11 12 14
881W429zMuSE0G8LK8M8YXG,8,plain,none,mixed,1 2 4 4 8 10 12 23
881W0cHMKEGYXZ9291N9P0m,8,plain,none,mixed,1 1 1 7 8 13 16 17
881WC29KQ51fk4XIPgof250,8,plain,none,mixed,1 3 4 5 12 12 12 15
881W21mK92Ic00SE6hiYmqI,8,plain,none,mixed,1 1 4 6 10 11 14 17
881W0eJe84GgIHQQLcYmS10,8,plain,none,mixed,1 2 4 6 6 9 13 23
881W5GmGUx9O02BA34bL086,8,distinct,none,distinct,1 2 3 4 6 14 15 19
881W051ufBf8W67Yk451aw8,8,plain,none,mixed,1 1 3 4 9 10 18 18
881W4IxiYkq20CmgXUIiqA8,8,distinct,none,distinct,1 3 5 7 10 11 13 14
881W0ByO85w4f16bmmIyPK5,8,plain,none,mixed,1 3 3 6 7 12 13 19
881W1HBzAZgXWeWa9KbXSO0,8,distinct,none,distinct,1 4 5 7 9 10 12 16
881W82AeuKIfx51LS2IoM50,8,plain,none,mixed,1 3 5 6 9 9 14 17
881W1ABp8v8uH88hgw52Z0M,8,distinct,none,distinct,1 4 6 7 8 9 14 15
881WA53JPD0WGE08S552XGX,8,plain,none,mixed,1 1 2 6 7 9 12 26
881W0GENCxb40X845YN2ejA,8,distinct,none,distinct,1 3 4 5 8 10 14 19
881W2WGIMv57BKG45Kk8uaW,8,plain,none,mixed,2 2 3 9 10 10 12 16
881W415PeCL2w4eAnh4X4bm,8,plain,none,mixed,1 1 6 8 10 10 13 15
881W90WUBLCIXgG8112ACSY,8,plain,none,mixed,1 2 5 5 10 11 12 18
881W1JgaI846e2bo8wH8e43,8,plain,none,mixed,1 1 3 7 10 10 12 20
881W0iaoGm4a23GaN58WGCM,8,distinct,none,distinct,1 2 3 7 8 9 15 19
881W0GeHJEl8iOWA74j6WY6,8,distinct,none,distinct,1 2 3 8 9 10 15 16
881WA4bGWWD14WAi9LaY95Y,8,plain,none,mixed,1 1 7 7 8 9 10 21
881W2H8O2HuCn0IC1ecJ4S6,8,plain,none,mixed,1 1 4 5 6 10 10 27
881W2WSCLqA4cIB8a43I2We,8,distinct,none,distinct,1 3 4 5 6 12 16 17
881WC4bHfZI7WGWgmuXuGHm,8,plain,none,mixed,1 1 4 5 11 12 13 17
881W8WOBpO411IeC84oD1GG,8,distinct,none,distinct,1 2 3 4 6 12 15 21
881W2GiTAa34KGW53HYoDH8,8,distinct,none,distinct,1 3 5 6 8 9 15 17
881W1Gaf2IV689CyOf0JhcI,8,plain,none,mixed,1 3 6 6 8 8 14 18
881W4A64aEa2310GKg5ZH98,8,plain,none,mixed,1 1 1 8 10 12 14 17
881W412Gv3L8R5WLcEpPCy4,8,plain,none,mixed,1 1 5 8 9 9 13 18
881W1JHbAK4151AyWLp7WWG,8,plain,none,mixed,1 2 5 6 7 7 16 20
881W4JGOwDAbCGI8QuPbqE4,8,plain,none,mixed,1 2 5 5 6 12 16 17
881W2t2R9LKIYY4iWf4DC-X,8,plain,none,mixed,1 4 4 6 8 11 14 16
881W2KY6J5i24WNQk3T6X88,8,plain,none,mixed,1 3 6 7 8 8 14 17
881W439afEYmW4G8a52n-JI,8,plain,none,mixed,2 3 5 7 8 8 12 19
881W297XXhp0We4WS94QbOG,8,plain,none,mixed,1 1 2 8 10 11 15 16
881W2OfNFdfCM84SKQ0X89W,8,distinct,none,distinct,1 2 5 6 9 12 14 15
881W2GsGfT616X0H6GacHHG,8,plain,none,mixed,1 1 4 4 10 14 15 15
881W0kAme6TcK8LTGjaMmH8,8,plain,none,mixed,1 1 4 9 9 12 13 15
881W41o92TGqC1GVgEAXGaL,8,plain,none,mixed,2 2 5 6 8 10 13 18
881W0ZHorZ0WH0Q9Wc55IpX,8,plain,none,mixed,1 3 3 3 8 8 14 24
881W2HHIcGbL4W85HHkmovY,8,plain,none,mixed,2 2 5 5 10 10 12 18
881W4i98cG4AKaDa62H70NA,8,plain,none,mixed,1 2 3 8 9 9 14 18
881W4Y11Z2a0uWo9apvuaa5,8,distinct,none,distinct,1 3 4 5 7 10 13 21
881W52aI4-JeG9Ag32Z1OX0,8,distinct,none,distinct,1 2 4 5 10 13 14 15
881W8PZBI8A8a4HYwH4JFMQ,8,plain,none,mixed,1 4 4 6 10 11 12 16
881WB6XGbcZ4wX981GZ8OAI,8,plain,none,mixed,1 2 6 6 6 7 16 20
881W29sAH9EG0eicICgeKP2,8,plain,none,mixed,1 2 2 6 7 11 17 18
881W3WeKMDX4WGMB4L3aG88,8,plain,none,mixed,1 2 3 8 10 10 14 16
881W0I5H8u3Dv-JM4Z42JD4,8,plain,none,mixed,2 2 4 5 7 10 17 17
881W30Yy42GuS8aaIL4XH0b,8,plain,none,mixed,1 2 2 9 9 12 14 15
881W9XmDAE5E8ar1XAIYe41,8,plain,none,mixed,1 1 4 4 6 10 17 21
881W0IcJYXA10mGajMfion8,8,plain,none,mixed,1 2 4 10 10 11 13 13
881W0K8gyPEB12WpIaHZmWm,8,plain,none,mixed,1 3 6 6 6 10 14 18
881W7279X95L3108b0uNJu6,8,plain,none,mixed,1 1 3 6 11 11 12 19
881W0PCHY211ZGm88yQLXG8,8,plain,none,mixed,1 1 2 3 11 12 14 20
881W10-MM7QHF14L92sa0fH,8,plain,none,mixed,1 2 6 7 7 11 14 16
881W1A0ZKUK62GeEoHHf0XW,8,plain,none,mixed,1 1 3 5 6 12 16 20
881W0mH42a23K9un0WXEaaI,8,plain,none,mixed,1 1 2 4 6 7 12 31
881W16JGXLczYaj595F1io2,8,plain,none,mixed,3 5 6 6 8 11 11 14
881W441SjPaPH0Lf2Yq9bCq,8,plain,none,mixed,2 4 5 7 8 8 11 19
881W0qlseCI6LMGVM4eGCZ0,8,plain,none,mixed,2 4 4 5 7 10 10 22
881W1GWiP4d90G231lIQIfG,8,distinct,none,distinct,1 2 4 5 8 10 12 22
881W8F0WO9CdRGWmg6X8W32,8,plain,none,mixed,1 1 3 3 6 12 12 26
881W8a52w0gfSY8c651CcwI,8,plain,none,mixed,1 4 5 5 6 8 17 18
881W94o211oJ1Ge210KkJHA,8,plain,none,mixed,2 2 3 5 5 7 11 29
881W0C9t9wk30Y4sC8pX30a,8,plain,none,mixed,1 3 3 7 8 9 15 18
881W1XJ98p8498CYS-70GIA,8,plain,none,mixed,3 3 3 5 7 10 14 19
881W9FdGOAv11W8IgAHGWGa,8,plain,none,mixed,1 2 4 6 10 13 13 15
881W6J9PY20oKOaR1eIBm44,8,plain,none,mixed,1 4 4 5 6 7 13 24
881W0goIGCBDS21oAdOcB2I,8,distinct,none,distinct,1 2 4 5 10 12 13 17
881W10iP5s2HH4e442R7Hl8,8,plain,none,mixed,2 3 5 5 9 10 13 17
881W4RLcm88Hum84dGe68YK,8,plain,none,mixed,3 3 4 4 6 10 11 23
881W8fGjIw72A4X4aZX1f5W,8,plain,none,mixed,1 1 6 10 11 11 12 12
881W1euIIM2sK4E64cX2pc4,8,distinct,none,distinct,1 3 4 7 8 10 14 17
881W9IWmJHiW40B4N4212DI,8,plain,none,mixed,1 1 2 4 6 11 12 27
881W8H59t39H0KfCr4YR3eB,8,plain,none,mixed,1 4 7 7 10 11 11 13
881W6LASd2dQG8r98j6GeW2,8,plain,none,mixed,1 4 8 8 9 9 11 14
881W7Waa8xpn2W48YkJbBGY,8,distinct,none,distinct,1 2 4 7 10 11 12 17
881W2CXGOACcWg2XAIvKU42,8,plain,none,mixed,4 4 5 5 6 9 13 18
881W9WKYgsSIA0H6ez54oeH,8,distinct,none,distinct,1 3 5 7 8 12 13 15
881W3EMLN8YuGGZALTc4dCG,8,plain,none,mixed,1 1 5 6 8 9 11 23
881WCGYrDB7I151OC99L1uZ,8,plain,none,mixed,1 1 6 7 9 11 14 15
881W5YygcHAaa12XA90IkYX,8,plain,none,mixed,1 4 4 5 10 12 13 15
881W4ZeG77H91b4bIn3KHWf,8,plain,none,mixed,1 4 4 5 9 13 13 15
881W8994HD1NLGXHv5JncCQ,8,plain,none,mixed,1 3 5 6 8 13 13 15
881W0O85fKoA10YF9aY12W4,8,plain,none,mixed,1 2 3 5 7 7 19 20
881W0PXQZ5-emX6aLJ2R7G4,8,plain,none,mixed,1 1 3 9 10 10 12 18
881W413W2umVGOmvh6JHiqG,8,plain,none,mixed,1 1 7 7 8 11 13 16
881W45krZ7250r5AeaP4LJG,8,distinct,none,distinct,2 3 4 5 6 9 14 21
881W10quKo8YQ88C5e26J51,8,distinct,none,distinct,1 2 3 6 7 13 15 17
881W0kB8SGqQIGf1EY36aL2,8,plain,none,mixed,1 1 4 5 11 12 15 15
881W1UC4XKY0WYYnYnHunuG,8,plain,none,mixed,2 3 4 4 5 13 13 20
881W3KkYGED0W8b2Y9XGbHO,8,plain,none,mixed,2 3 3 5 11 12 14 14
881W0uaKWi4qG0M7F6AbHA3,8,distinct,none,distinct,1 2 3 4 6 15 16 17
881W121CgWj3GaCAdIIJPQW,8,plain,none,mixed,1 1 5 7 11 11 13 15
881W0eGOiSC64WYH41L10XG,8,plain,none,mixed,1 1 2 6 8 8 17 21
881W0f9BI10b90MRLqgB6se,8,plain,none,mixed,2 3 3 5 10 11 12 18
881WA7meKMpre127qeP0iQ2,8,plain,none,mixed,1 2 3 3 12 12 14 17
881W8A4-CA4PCWL8K7aYGe3,8,plain,none,mixed,1 2 4 10 11 11 12 13
881W2299lCb92GeFh72Qof4,8,plain,none,mixed,1 6 6 8 8 10 12 13
881W47SXWaA4ZI8mkBKS952,8,plain,none,mixed,2 3 6 6 7 9 10 21
881W2HCuCoP62WeQ98H2952,8,plain,none,mixed,2 3 3 5 8 9 13 21
881W7JaKQ8IrYGOAK708BOA,8,plain,none,mixed,1 2 5 7 7 11 13 18
881W40cYG932WnYHevmWGHO,8,plain,none,mixed,1 2 4 4 8 11 13 21
881W45n2H2WeqKbmeA92PAm,8,distinct,none,distinct,1 2 3 5 7 10 14 22
881W61YJI41MCGKZmsWmCsi,8,plain,none,mixed,1 3 3 5 7 8 16 21
881W85Yd8Ithk10C4t5AHif,8,plain,none,mixed,1 2 4 7 10 11 11 18
881W4gH0Z0G7Z0OA10WA9rY,8,plain,none,mixed,1 1 2 5 5 8 9 33
881W92eGeJ1GSbBa845Ak94,8,plain,none,mixed,1 3 3 6 7 12 13 19
881W0SJ8bPGW426KIA552qI,8,plain,none,mixed,1 1 5 7 7 7 11 25
881WA25aLC0bWK94xapWvn1,8,plain,none,mixed,1 1 2 2 11 15 15 17
881W0h1bqM12YGSMXoer30W,8,plain,none,mixed,2 3 5 5 10 10 12 17
881W18KqnDIgy8mSAA-99II,8,plain,none,mixed,2 3 6 7 7 12 12 15
881W8IMIg98HDGJuNAq46gW,8,distinct,none,distinct,1 3 5 6 8 10 11 20
881W9KZTfRC928K3K8hEKmG,8,plain,none,mixed,2 3 4 5 9 9 12 20
881W0WGb9ibO14eRDk4Y8a5,8,distinct,none,distinct,1 2 3 9 10 11 13 15
881W0Ic1sC1lWYJg8ZjlHLA,8,distinct,none,distinct,1 4 5 6 7 8 12 21
881W1H08uKmIe8iM5SMeQF8,8,plain,none,mixed,1 2 4 5 11 11 13 17
881W4YA10B9GfIJf7YXK1Of,8,plain,none,mixed,2 3 4 4 5 5 12 29
881W8daUC0f71A8aWefQqv8,8,plain,none,mixed,1 4 6 6 7 9 10 21
881W4Z9B2iZ4b4CN2wCJMxW,8,distinct,none,distinct,2 3 4 6 8 11 12 18
881W2R8bEaL1WoX6J4YWg42,8,plain,none,mixed,1 2 4 6 10 11 15 15
881W1J2WeahNA08yXqGGI99,8,plain,none,mixed,1 2 3 6 10 11 11 20
881W5654A3x5AX5484Br38B,8,plain,none,mixed,1 1 3 5 10 11 14 19
881W2C99KotgI0fXkX0IYR9,8,plain,none,mixed,1 2 4 5 8 13 13 18
881W2AHqK620TH0Xeg2tF2Y,8,plain,none,mixed,2 4 4 4 5 10 13 22
881W8bGm210sGX31XKU94A3,8,plain,none,mixed,2 3 3 4 4 5 15 28
881W8GK84CbKH6G85Z1aA6e,8,plain,none,mixed,1 1 3 5 10 11 13 20
881W080L6XNE08eH95MQr3X,8,plain,none,mixed,1 2 2 3 9 13 15 19
881W170yJ2faGD31IR3Z8OH,8,plain,none,mixed,1 1 6 7 7 13 13 16
881WAGXXhd0WWL9mqE8aeW9,8,distinct,none,distinct,1 2 3 4 8 10 15 21
881W5b8Z0Geln15P9GWC9Av,8,plain,none,mixed,1 3 5 5 5 7 13 25
881W1KY91fA91E2623LXop8,8,distinct,none,distinct,1 2 3 7 8 10 14 19
881W4HJXuB0a8X8CpanMPKh,8,plain,none,mixed,1 4 5 7 7 9 15 16
881W51uSs0ifT4GBgkXC4yK,8,plain,none,mixed,2 3 3 4 9 11 12 20
881WAbH8g16ZYKGeSd098WH,8,distinct,none,distinct,1 2 4 5 6 9 11 26
881W0WOIfJ5jIm22F74qb0e,8,plain,none,mixed,2 2 3 5 5 6 19 22
881W8Ifd31LA2WPH0DwrHG8,8,plain,none,mixed,2 2 4 5 6 6 14 25
881W0OH2GKb0W8KARF6bSjg,8,plain,none,mixed,1 4 5 5 9 9 13 18
881WAZmXzbDQGG9NKr51SmE,8,plain,none,mixed,1 3 3 8 9 9 14 17
881W18WKo0H9IeOBD4a2OPC,8,plain,none,mixed,1 1 4 5 7 11 14 21
881W2Y219c3250AmeKemWGO,8,plain,none,mixed,1 1 1 2 8 15 16 20
881W20XmqQgcUG20IPoeG2E,8,plain,none,mixed,1 1 3 5 6 9 18 21
881W19bGKY8b4WaVTIZ0G4Y,8,plain,none,mixed,2 3 5 5 6 9 16 18
881W8qGyf422K4IfOeZKfoW,8,plain,none,mixed,1 1 7 9 9 9 14 14
881W20aiYR3WiGYGAUFq351,8,plain,none,mixed,1 1 2 5 10 10 16 19
881W2Ey6xj2ff6e_ZqaC8K8,8,plain,none,mixed,3 4 4 6 8 9 10 20
881W2KgL63DX0GL2YHYeeeK,8,plain,none,mixed,2 4 6 6 8 10 11 17
881W0agK94XjF5X2WGOqGa5,8,plain,none,mixed,1 1 2 6 8 9 13 24
881W10WX8SkaSDWfHEWWG8A,8,plain,none,mixed,2 2 5 8 8 8 11 20
881W1eqYCk8YWmO87CqnOWG,8,plain,none,mixed,1 2 3 3 10 11 14 20
881W514IGmBZP2L67T08S5H,8,plain,none,mixed,1 2 2 3 6 9 13 28
881W90VyD4PIGIaa98wvYMr,8,plain,none,mixed,1 3 5 7 9 11 14 14
881W3o52mvaXceG5a5gXUm4,8,plain,none,mixed,1 1 6 8 10 12 13 13
881WADIOO731Wf0G8E2Cc84,8,plain,none,mixed,1 2 2 7 7 9 16 20
881W2OeeQH1LW0E75UYBQ44,8,plain,none,mixed,1 1 2 7 12 12 14 15
881W1RWmDBK2evCWW6oGIII,8,plain,none,mixed,1 1 3 3 8 14 14 20
881W8FGuI54YPf0WWBI52WJ,8,plain,none,mixed,1 1 2 7 9 10 14 20
881W1mb04eGLpWGASlBmMCa,8,plain,none,mixed,1 1 3 6 8 12 15 18
881W15GAa5f6WoWmNpO5ofe,8,plain,none,mixed,1 4 5 5 6 10 14 19
881WC20UHkERxEG7GE0huOW,8,plain,none,mixed,1 1 6 6 7 8 16 19
881W8X3jcKf0845giI9YOS9,8,plain,none,mixed,1 2 4 5 5 11 17 19
881W1GcGeH62iP2mMAHuo2Y,8,plain,none,mixed,1 3 3 5 7 8 15 22
881W177SPagH08fCzIaPD5G,8,plain,none,mixed,1 5 6 6 9 12 12 13
881W54H44A2dOipv51OZ1Ca,8,plain,none,mixed,2 4 5 5 7 10 14 17
881W14o8OKq2624rShA210i,8,plain,none,mixed,1 1 6 7 7 8 8 26
881W18aIIs8KB4G46b52ne4,8,plain,none,mixed,1 3 6 7 8 8 15 16
881W2CQCc9LB2H9HaX0yn1W,8,plain,none,mixed,1 3 4 4 6 10 16 20
881W4GSL6Hxun2fB5Yda558,8,distinct,none,distinct,2 3 4 5 7 12 14 17
881W06PCD--muX9AC4XCQZI,8,distinct,none,distinct,2 3 4 6 8 10 15 16
881W931Z7q8YGinK5MJXGGX,8,plain,none,mixed,1 1 5 10 10 11 12 14
881WCYAbbOCA9G3gO2HD0WB,8,plain,none,mixed,1 1 2 3 8 10 19 20
881W18HfAD9gXGMON4AX852,8,plain,none,mixed,1 1 5 6 10 12 14 15
881W2DAaO25uvGf7ZY31IgK,8,plain,none,mixed,2 5 5 7 7 7 11 20
881W80JLAK580CpYlMjoWI8,8,plain,none,mixed,1 1 4 4 9 10 14 21
881WAF0C48MYK44bYhbXH3W,8,plain,none,mixed,1 1 3 6 10 11 15 17
881W2aEqgL7voeXJh80CICW,8,plain,none,mixed,1 4 4 5 10 11 12 17
881W8aEASWfY504VDYYMoKM,8,distinct,none,distinct,2 4 5 7 9 11 12 14
881W2GmVLLCKWm2PANXT9S8,8,plain,none,mixed,1 4 7 8 8 9 9 18
881W1d3inX0b08jA4qQQDme,8,plain,none,mixed,1 3 5 8 9 10 10 18
881W5HdqtM55n8eafZY8FGG,8,plain,none,mixed,1 5 5 6 7 10 11 19
881W2n8WKSIHam6441159aq,8,plain,none,mixed,1 1 4 7 11 12 13 15
881W1OWXsCk3fGaAA8X9AK5,8,plain,none,mixed,1 3 5 7 7 10 12 19
881W02sx5vFaHILcKaeWiL2,8,plain,none,mixed,3 4 5 5 7 9 14 17
881W8WpWJA1GW6eaAAD0icC,8,plain,none,mixed,1 1 5 6 7 10 15 19
881W2Ds99aeE1H55Z9A14Yb,8,distinct,none,distinct,2 3 4 5 6 12 13 19
881W894Jg0j5aHJnsAY9GuW,8,plain,none,mixed,1 2 4 7 7 13 13 17
881W9muaJQ9912434fKmWGG,8,plain,none,mixed,1 2 4 7 7 10 16 17
881W4A20Sd2Km8yo9Yo8OLC,8,plain,none,mixed,1 1 5 5 9 10 10 23
881W0r_1GLCq4Y2ePpL0XLC,8,plain,none,mixed,1 3 3 6 8 12 15 16
881W158A6dDO23G71PDaPaa,8,plain,none,mixed,1 1 6 6 7 7 16 20
881WB51NEGQW884y5QZWnEK,8,plain,none,mixed,1 1 5 8 9 11 13 16
881W1eo90mIBgeWfI9m98dG,8,plain,none,mixed,1 1 4 6 8 8 9 27
881W0k2WLIn3eg6Lyqg0KBI,8,plain,none,mixed,1 3 5 7 8 8 15 17
881W93CWKoKgHG3CKR5Z6eq,8,plain,none,mixed,1 4 7 8 8 10 12 14
881W045CkFS2J28YMfM8LbI,8,plain,none,mixed,1 3 6 7 7 9 14 17
881W2A5FtqA089acb4Z20II,8,plain,none,mixed,3 3 4 4 5 6 15 24
881W28WOD4YYN4852HbXGZ4,8,plain,none,mixed,1 1 2 9 9 10 13 19
881W220yfHegM0aGve72Wg9,8,plain,none,mixed,1 2 5 5 8 9 14 20
881W8T9Ga5UcW8aqKpEMkG8,8,plain,none,mixed,1 4 7 9 9 10 12 12
881W4T0agLl10HXGZCaQI88,8,plain,none,mixed,1 1 3 8 10 11 15 15
881W22UO8Wf7Y2nameZSvT2,8,plain,none,mixed,1 3 3 7 10 10 13 17
881W51muFucKX4G4bdOOea9,8,plain,none,mixed,1 4 4 9 10 11 12 13
881W2Gatt76WGeOK6OZ8t08,8,plain,none,mixed,1 2 5 9 9 10 12 16
881W1GqMo2qbw0eI4dns4_2,8,plain,none,mixed,1 5 5 7 8 11 13 14
881W90uYIKaqf2217BuU9u1,8,plain,none,mixed,1 1 2 6 8 12 14 20
881W19A55oAiM88gIH0HQX8,8,plain,none,mixed,1 2 5 5 10 10 11 20
881W28MIG2DBc9WIAsj8C4I,8,plain,none,mixed,1 3 4 5 5 11 15 20
