sbn,size,category,symmetry,size_profile,sizes
AA1We10G8p4faSYKB8eX08PHL8fWCHG623,10,plain,none,mixed,1 1 2 5 6 11 15 18 19 22
AA1WP3GIeu94n6mQw182G9PLuaaJ8Y8GHQ,10,plain,none,mixed,1 2 3 5 6 12 16 16 18 21
AA1WXaKH4OT2CnLDY4X13e4WI4V2IWE0G5,10,plain,none,mixed,1 3 3 4 9 10 12 15 18 25
AA1W68kAQvKIbA64TBm0m0DYYPKdObQrGH,10,distinct,none,distinct,1 2 3 4 5 8 9 21 22 25
AA1W1840Zm3moiKmJa29H95H66XfhGf2aK,10,distinct,none,distinct,1 2 4 5 8 12 13 16 17 22
AA1W0G20RWMnQF2Go5W8H06fK58a60W938,10,plain,none,mixed,1 2 3 4 4 5 8 15 23 35
AA1WXA5CXaL1T4JGV0G0C1MYD7mYbAHJi5,10,plain,none,mixed,1 3 5 6 6 8 15 16 18 22
AA1W48mHaSWNq_0FGb40fGOxIeooJGq4Ka,10,plain,none,mixed,1 1 6 8 9 11 14 16 17 17
AA1WP1FXy8n4uaYY0G6GIcoGI10GX1DX18,10,plain,none,mixed,1 1 5 7 8 9 9 16 21 23
AA1W4CA9KY1O2Y0V6un5d0u50CHgZaPqYG,10,plain,none,mixed,1 2 3 5 9 9 10 13 14 34
AA1WGQOAXYKLC4X8Anc10GK1U9SAobIe10,10,distinct,none,distinct,1 2 3 7 8 11 13 14 18 23
AA1W48h18uOcZSibN3450s4euOAYaCQGHG,10,plain,none,mixed,1 3 3 4 8 8 11 17 19 26
AA1WWoQB080LZ4qqYICIc9H1G8q1q2h2WC,10,plain,none,mixed,1 3 3 3 4 9 11 15 17 34
AA1W5188WTac1K9Ii304G93jPCn0K1GAmo,10,plain,none,mixed,1 3 4 5 5 9 10 12 19 32
AA1WII9I3mLen5bQHa90876XI5suY4lbA0,10,plain,none,mixed,1 3 3 3 3 12 13 14 23 25
AA1W10Ok1AfX2H5qKaKIXZDo08l23muC1W,10,distinct,none,distinct,1 2 4 5 6 9 14 16 18 25
AA1W9KSI3B9mbCZHgeX4cdW9O8j5IiYAGi,10,plain,none,mixed,3 3 4 7 8 12 12 12 15 24
AA1WC0i80X5nHBY4mE40W60dG40qr0J6PA,10,plain,none,mixed,1 1 2 4 4 4 12 24 24 24
AA1W4I0WG5xq9BAPbB8CIPbqN2Wg210-61,10,plain,none,mixed,2 2 3 7 8 9 9 11 19 30
AA1W0ma3WVBngYXCYaOaCkbqGH0UOCO80W,10,plain,none,mixed,1 1 1 10 11 11 13 16 18 18
AA1W90a1WD2Q8A1n3YgB9P952Ohwa0Z2H4,10,plain,none,mixed,2 2 3 6 8 13 13 14 18 21
AA1W91E68mm4KbXYD0748L6gn728HyMI9G,10,plain,none,mixed,1 1 8 8 9 9 14 15 15 20
AA1WG60mCcdAcOpGA1H44GAHO40K6X4F29,10,plain,none,mixed,1 4 5 6 6 8 13 14 16 27
AA1WACT0Z4EGcmGc2WdP54j0O4wKYYiGO2,10,plain,none,mixed,1 1 4 6 7 8 10 16 23 24
AA1W28a4H3GI4r6GnoA994D18Wa6XAI84W,10,plain,none,mixed,1 3 3 4 8 10 13 13 20 25
AA1WAmw0G4FJ6CWa558HgCIcf2YaYnm108,10,distinct,none,distinct,1 3 4 7 8 9 11 13 15 29
AA1W1GLgjeJ0uI1JEWMM0G7ZPKL88538a2,10,plain,none,mixed,1 2 6 6 6 6 11 17 18 27
AA1WGL1X0AX5aIyME20i2UoOA2OON2Yv1C,10,plain,none,mixed,1 1 2 4 9 10 11 12 21 29
AA1WI0GLY6kWqCGY38Kd4ON24CJ8HPA4GZ,10,plain,none,mixed,1 1 2 6 11 13 15 16 17 18
AA1W88aD1orW826ql4I28a6NH8XiIyXe10,10,plain,none,mixed,1 1 3 6 9 11 12 14 20 23
AA1W9XCHaafHSnT1EGO3H4H0rAnDbWq1O1,10,plain,none,mixed,1 1 2 3 9 10 15 17 19 23
AA1W50E1eGg4ApWaeQ22Gb5eUZ5K942JHP,10,plain,none,mixed,2 2 3 3 8 9 9 18 22 24
AA1W4UaGX26moA2W4J4GK2Ogf5WG25X1KA,10,plain,none,mixed,1 1 2 5 7 10 13 19 19 23
AA1W16RLAOX3c-uSI1GLKM68aV4GIoKX14,10,plain,none,mixed,1 2 4 5 8 14 15 15 16 20
AA1WWX5NqVH48e5i4911LouHDHGgGaYuGX,10,distinct,none,distinct,1 2 4 7 8 10 12 14 18 24
AA1W8faKJ4OdO-WGmD2206IP6XKKZZ40i6,10,plain,none,mixed,1 3 3 3 9 12 14 17 18 20
AA1WY24GY2f0eugAdM2746bCLXqDbZeHY8,10,plain,none,mixed,1 4 5 7 8 10 13 13 18 21
AA1W1291H3CWO30Vs48YCIIBXQJ3YKaqHa,10,plain,none,mixed,1 1 7 8 10 11 13 14 16 19
AA1W0LeEgQqYf1W40WOa2GP48E2ngkux4G,10,plain,none,mixed,1 2 4 7 7 9 13 13 14 30
AA1W5X5OWK18C1GaeD28H1GD28Wab4UYQW,10,plain,none,mixed,1 2 2 4 9 12 12 12 16 30
AA1W1YCmc6wGS2mK460m4H28X4GoLHK918,10,plain,none,mixed,1 2 5 5 5 8 9 19 21 25
AA1WIIX99I53yHJwp21WC2IWgrZH60eiGZ,10,distinct,none,distinct,1 2 3 6 9 10 11 17 20 21
AA1WeZ2jblQql2Ce4WKHMq2WaNg86sC8Wm,10,plain,none,mixed,3 5 8 8 11 12 12 12 13 16
AA1W2mCYX5Gw840Wy44GH2D8A1F9B8ed58,10,plain,none,mixed,1 2 2 5 7 8 9 17 21 28
AA1W2mb3STka2GoA5Z090O2OZoA14ZRW9X,10,plain,none,mixed,1 1 3 4 8 10 11 18 21 23
AA1W3X0e4m1K8XC8A5G6AYKLWe0YY0G60y,10,plain,none,mixed,1 1 1 2 5 8 10 21 25 26
AA1WGa28OaAXSGj5b54IcGJXZ4082T8H16,10,plain,none,mixed,1 3 3 6 10 11 11 12 20 23
AA1WKamU1B932892Y4WA7I1J08D2gHI5nA,10,plain,none,mixed,1 3 5 5 9 10 11 13 14 29
AA1W62nD8aa3w4em51G40Gn5HAZFAWu55a,10,distinct,none,distinct,2 3 4 5 6 13 15 16 17 19
AA1W3GSbCOP28mLEkCGH0e2WXSG2HsCGH1,10,plain,none,mixed,1 3 4 6 6 10 10 18 20 22
AA1W2G9aKD2OPZG2vv8PGb4maSdG6nrvH1,10,plain,none,mixed,1 5 5 6 8 8 11 15 19 22
AA1WD2ecWemH1AyKTO1CQLcmfLHaOu96mX,10,plain,none,mixed,1 3 6 6 8 9 11 11 15 30
AA1W8GH3Ha9fOm2082G8X89Sng9OL3OZ2e,10,plain,none,mixed,1 3 3 6 8 8 10 14 17 30
AA1WGg4eMqApa510o0WI8pPGcAuK33e34O,10,plain,none,mixed,1 1 4 5 7 7 12 14 22 27
AA1W9MAIWg2aNrcav1YI41f5Bb7e0xf208,10,plain,none,mixed,1 3 4 9 12 12 13 13 14 19
AA1WGy454af68PZAY8OOEAJ2Y8H3L14eH1,10,plain,none,mixed,1 1 3 8 10 11 11 13 17 25
AA1WaGY4GN2X0K38P5OW011GTAeK210C0W,10,plain,none,mixed,1 1 2 3 3 7 7 16 29 31
AA1W6GkXX990HqGX5OeGXC90OpIIWJ29em,10,plain,none,mixed,1 1 4 6 8 11 13 14 19 23
AA1W8C08N1B1EEPWO0W6FHsGZ50q5WqT64,10,plain,none,mixed,1 1 4 5 9 11 11 11 21 26
AA1W2CHKOmBIYYAIAXAg3S0GoJHn813LXe,10,plain,none,mixed,1 3 3 4 5 8 11 15 23 27
AA1W0G10mwHAmG74fX048c6Wo9GoCAaqWq,10,plain,none,mixed,1 1 3 6 6 7 8 16 23 29
AA1W58JIIaEKsL9Jc912GPMg2yeOZbqHG8,10,plain,none,mixed,2 4 4 4 5 11 14 14 16 26
AA1WLZ7eqYJWm6264WK2IoWn6cCa2XcWI2,10,plain,none,mixed,1 2 6 6 8 9 12 16 19 21
AA1W90d4n4CYa9aaaXI0W53jXXqFWP1e30,10,plain,none,mixed,3 3 3 5 5 7 12 20 20 22
AA1WCiiy6DfIHLl8g4a264kI5f5JPCacX0,10,plain,none,mixed,2 4 5 6 7 11 14 14 18 19
AA1WIQmw04K2GOR2unGGH1CIed1XC8Yb8b,10,plain,none,mixed,1 5 5 5 6 6 7 17 20 28
AA1WH1Hq3WA2Y9eig4e8I0t1FNK90G836K,10,distinct,none,distinct,1 2 3 4 5 6 9 19 20 31
AA1W4Y2NkOZ3GI2Uo8Y8Ong58H8MGN48Q0,10,plain,none,mixed,1 1 7 9 9 9 10 14 14 26
AA1W8Y75TYYaGY1W4488P6uoaGgXC3mc1m,10,plain,none,mixed,1 3 4 6 7 10 10 11 20 28
AA1W8eQ5RWK2Wi2u90D99D4z8uH4W418E0,10,plain,none,mixed,1 2 5 6 6 7 7 13 13 40
AA1WWY8Ga96aII5z30WbDV2OL4OXuXoFGS,10,distinct,none,distinct,1 2 4 5 9 11 12 14 17 25
AA1W4D0H4RHYOpeHMH6XBb8N3OAnEf85L0,10,plain,none,mixed,1 1 4 5 9 11 12 17 17 23
AA1WG0p5WbCeGq18H1a4mgayLZYKAB0e2G,10,distinct,none,distinct,1 4 5 6 9 10 11 13 15 26
AA1WH0q_YIO30u0B8O6H1Cq5dav7m904ea,10,plain,none,mixed,1 2 4 6 7 7 8 12 20 33
AA1W1W-8ve7K9I48T0e2WE0QYg3iC1WY78,10,plain,none,mixed,1 1 3 3 5 8 8 10 22 39
AA1W2WI28vP8m648k52EXmC1I4fM24GoE1,10,plain,none,mixed,2 2 2 3 3 10 15 16 19 28
AA1WH3m4X2HE4Q2Wmg418IL54WsANHX48o,10,distinct,none,distinct,1 3 4 5 6 13 14 15 19 20
AA1W56eE0-1r1eH8511IaGI1J6BH8mM9HJ,10,plain,none,mixed,1 2 6 7 8 10 14 15 15 22
AA1W4YJ4SE4U1SJU10m91m-NuKiZeaYB4W,10,plain,none,mixed,1 5 5 6 6 10 13 16 18 20
AA1W48c0C1LSHbCaV2G90o2GHLInJqOr0C,10,distinct,none,distinct,1 4 5 6 7 8 11 13 15 30
AA1WH2BHvkLfMR4WK5W10FEP6204J18c1W,10,plain,none,mixed,2 3 3 4 4 6 9 18 19 32
AA1WI9ec1m40uCfaZCH832uKebIHXK4WWA,10,plain,none,mixed,2 3 5 6 8 8 10 11 19 28
AA1W0G470srSaB214DG4Gh3uILA4V4GC1L,10,plain,none,mixed,2 2 2 3 7 7 9 12 25 31
AA1W082XWYQiYXXKBA8K1qAfXF9CHJyaWN,10,distinct,none,distinct,1 6 7 8 9 10 11 12 14 22
AA1We0WJX0A128m40m4mY48buV08P0D2GI,10,plain,none,mixed,1 1 1 2 5 8 9 14 25 34
AA1W49046YAHo4H0234C104EU5mb4eaA5G,10,plain,none,mixed,1 1 1 1 4 10 16 19 22 25
AA1W88aaqg6WS538OG44I2Gk4BXq9MZW40,10,plain,none,mixed,1 2 3 3 6 9 12 17 21 26
AA1WY0GBXgCsKHy6GA4Y0E22WQ28SWJ9P4,10,plain,none,mixed,1 1 3 7 8 9 10 16 19 26
AA1Wu6b8c82IH1WhHP1A2mPUA1WiCifZYO,10,distinct,none,distinct,1 2 3 6 8 10 11 14 17 28
AA1WA4RI9oUGB11HXvWaYdAyGeANYCIPCK,10,plain,none,mixed,2 7 7 7 7 9 12 12 13 24
AA1WHYy8_7Wq24NKaaO31CLICXw8X8SG0W,10,plain,none,mixed,1 1 7 8 10 10 10 11 18 24
AA1WeHAI4G8YXCmS3c885XtC5ZEy784HYK,10,plain,none,mixed,1 2 3 4 6 6 10 17 25 26
AA1WKYbr1iDWIFIreX8G928mO0GOPeO2cI,10,plain,none,mixed,1 5 5 5 5 8 11 13 15 32
AA1WK2egKJOKz30a1GOOHwPGwsa5IoAB8X,10,plain,none,mixed,1 1 6 6 13 14 14 14 14 17
AA1W4WyAXGa7vuXSri8K26I8hMKCoXPB92,10,plain,none,mixed,1 4 7 9 9 10 12 12 12 24
AA1W652OX3826YA8ICAC7jcK20KFX7GbDE,10,plain,none,mixed,1 3 5 6 6 7 8 11 15 38
AA1WS1bIP8974pGooKG206w8PJvKB78W91,10,plain,none,mixed,1 1 5 5 11 13 14 15 15 20
AA1W53u1SYA8I8AoKnG88XqWTVb30O1NZ4,10,plain,none,mixed,1 1 3 6 7 7 9 16 19 31
AA1W251iEAYAE7uZ2i2WGpDUhjPq0WJE4P,10,plain,none,mixed,3 5 5 6 8 9 10 14 16 24
AA1W8Wvea8X4uT12Ga4H1PAsOXYKu22Ga4,10,plain,none,mixed,3 4 4 5 6 8 8 9 16 37
AA1W5WyeDuIWWeH2IoaHWW2IwgQGE33P18,10,plain,none,mixed,1 1 3 5 7 9 13 16 17 28
AA1W2ZC5AI8d41X-NQ4HAHjNCX9ibQ4S8Y,10,plain,none,mixed,2 2 7 7 9 10 12 14 18 19
AA1WH0B57aj4KF2CQY6e4e9mPGgIla5Ga4,10,distinct,none,distinct,1 2 5 8 9 10 12 15 17 21
AA1Wh64CCgIfAC0i4W90BX-8bLMQ-f0F29,10,plain,none,mixed,1 1 3 6 7 10 11 16 22 23
AA1W9YMOkb1NQ4404mu61Ect-o4944ZH0e,10,plain,none,mixed,1 1 3 6 7 8 9 15 19 31
AA1W4Y2H94uWE0Duvue2WniKL2GKPFI9B6,10,plain,none,mixed,1 1 6 7 7 8 9 12 22 27
AA1WKwyH5up8p4OWu300PG6HIL50M0maW8,10,plain,none,mixed,1 1 2 5 5 5 13 15 23 30
AA1W61G7er4jia0Gc112WB1UI9geF20G0H,10,plain,none,mixed,1 1 2 3 4 6 14 14 21 34
AA1WM4lzaSOeSGb8v1475TKHqEaC6iWK4G,10,plain,none,mixed,5 7 7 8 9 9 10 11 15 19
AA1WeH3HrEIxhJgeJ0qWHYQ8f7mWI8SGaW,10,plain,none,mixed,1 3 6 6 9 10 12 16 17 20
AA1W61JraKYAKX48SaK2AQOD2O9eLImc2G,10,plain,none,mixed,1 3 5 6 8 10 11 11 17 28
AA1W4G4wl8Hg1cJK19m72K5IDm5Bh1kjs5,10,plain,none,mixed,1 2 4 4 6 9 10 13 17 34
AA1W30PiIKU8H4Ka8988o4QWcR2GIBt7-4,10,plain,none,mixed,1 1 2 8 9 10 16 16 17 20
AA1W50O9egAj690e61230G23bq8IV0WFA9,10,plain,none,mixed,1 1 2 6 10 12 12 16 19 21
AA1W7128gnXA4eYBKG41Gs9j1aHYgc5GWM,10,plain,none,mixed,1 1 3 6 9 11 15 15 17 22
AA1W8QHd9JaKoghwViX4B4e8eUc1er94u8,10,plain,none,mixed,1 1 5 8 9 13 14 15 15 19
AA1W220c61ff5GOcGv8Y6G__6u0068i4f2,10,plain,none,mixed,1 1 5 5 5 6 7 7 14 49
AA1W0HO0hdiYG4eQM4W2Gp96OvvIwb85p2,10,plain,none,mixed,1 1 2 3 9 12 15 16 17 24
AA1WWWGTL2Y4pEPjYCKu2APIYE7caGbIA4,10,plain,none,mixed,1 1 5 10 11 12 13 13 16 18
AA1W0e9aOi8Gn3AQ0G0PmE1GwOJOcHoIf5,10,distinct,none,distinct,1 2 3 4 8 9 10 16 20 27
AA1W2OfKP9IWgI38k2WGg6Ffwa8Uz7O80W,10,plain,none,mixed,3 3 4 5 5 11 12 13 16 28
AA1WmW5kYg1C4B8g2efE6eT0iHP43x4KqO,10,plain,none,mixed,1 4 5 5 7 7 8 16 17 30
AA1W8YeKG4625YIAeeGYKTAzKKYztx41GP,10,plain,none,mixed,1 5 6 7 7 9 10 14 19 22
AA1W4KESegyemkAIZ1GY2lBAaX4JUK2SXO,10,plain,none,mixed,1 3 5 5 10 12 12 14 19 19
AA1W607Wub8mCgaAtY4GfA99rYqPXXMa40,10,distinct,none,distinct,1 2 3 5 7 9 12 17 19 25
AA1W2H8D6magkI2JBz1eCGiGXHFfcK92Wa,10,plain,none,mixed,1 3 3 8 9 11 13 14 18 20
AA1WmU8l6btYab4a2WO2G8Q1GKHHbb18CX,10,plain,none,mixed,1 1 4 5 10 12 15 16 18 18
AA1W84Yhmv9AAIDZKfGeY2I_Y4gCGX7hCW,10,plain,none,mixed,2 4 5 6 6 13 15 15 16 18
AA1WaXxdK6JoXWH3O914Nkvf8A4WA50ZI4,10,plain,none,mixed,3 4 5 6 7 9 9 11 14 32
AA1W1W4cIwuEHiAdeuOK9E4WxJ8WeB44e2,10,plain,none,mixed,1 2 5 6 6 7 10 14 22 27
AA1WG8I8j2Z642911S4298h6-tmI6Rgn99,10,distinct,none,distinct,1 3 4 5 7 11 12 16 20 21
AA1W0Ma2F1WY6Yg7JGbKbOKx7uq9XUqLe2,10,plain,none,mixed,3 4 4 5 6 8 8 11 14 37
AA1WaXAXWABezaQ0X44966mosqMAKF84WC,10,plain,none,mixed,1 5 5 5 6 8 11 12 23 24
AA1WIAWa3Gg3FecaJnX4Jy8Oci8I18I1CG,10,plain,none,mixed,1 5 6 7 7 8 10 11 17 28
AA1WeMaOY6dCxA9XKGK1AXiMi0eW15f6GW,10,plain,none,mixed,1 3 3 8 8 9 10 14 18 26
AA1WS73o10MIWm2430AWnA5JAyKncKqIiL,10,plain,none,mixed,2 3 3 4 7 9 11 15 21 25
AA1W8H18v1af0s4cX182Wf5eq5Gc4ZIYYa,10,distinct,none,distinct,1 2 3 5 7 12 13 14 19 24
AA1WI00nlk8H4Kiffa5L2Cb5Ba8XGmu923,10,plain,none,mixed,1 2 3 5 8 10 10 14 20 27
AA1WX4GOwPk6EIHYKKX1AmIvXAcuP1OG8W,10,plain,none,mixed,1 1 7 8 11 11 12 14 16 19
AA1WG40G9MCrHd4eHo4A72818EmI3P9BII,10,plain,none,mixed,1 5 5 5 6 7 9 10 23 29
AA1WD3Gg1W-rg0W20G6X7WA0Og4W70D4Wa,10,plain,none,mixed,1 1 2 6 6 7 7 9 24 37
AA1W3WW24W5Q197H594AWo7WpwGMb8e30b,10,plain,none,mixed,1 2 5 6 6 9 14 16 17 24
AA1WA99Hme6M4YQAIb828CQ9G24lL9wGa8,10,plain,none,mixed,1 1 7 8 8 10 12 14 17 22
AA1W810O4DqABqZ23113n2M1tFPuAO_698,10,distinct,none,distinct,1 2 3 6 10 11 12 15 17 23
AA1WI4R4eE0G3egwVw80c8Ho1OZ1akgEiY,10,plain,none,mixed,4 6 6 6 7 7 7 8 10 39
AA1WA108D00N8E0A32890u6C5X8F2WK4JY,10,plain,none,mixed,1 1 1 2 4 10 11 13 18 39
AA1W8a40XqI8mk4SYXaGa9d9KC8a4mW40m,10,plain,none,mixed,1 1 1 4 5 6 12 17 23 30
AA1WGXPeW42OLS2iA0JGH2faBXAYqYwHSY,10,plain,none,mixed,1 1 6 6 7 10 10 11 20 28
AA1W50nkB72Wu1GB1GYA2GU2mDC93184a6,10,plain,none,mixed,1 1 4 5 9 10 10 13 21 26
AA1W2aY5TaCI3G9oGZWK50gqJmg38SYBYG,10,plain,none,mixed,1 1 6 6 7 10 13 14 16 26
AA1W4CUYs8l47GyK4Y8aGiC9HiIKgf4Y44,10,plain,none,mixed,1 3 5 8 9 9 12 13 16 24
AA1W51GS7mEIyOX7H2e8WaIM8OC92GI4ma,10,plain,none,mixed,1 2 4 9 9 10 10 13 18 24
AA1W69oBZ4pYQ8l8v8Q48K9EX498KWSmgA,10,plain,none,mixed,1 3 3 7 10 10 11 13 21 21
AA1W8P5JceOGf8HXQ5W4H3I0yAQGD6eIYA,10,plain,none,mixed,2 3 3 4 9 10 14 16 16 23
AA1W55s2e8GJe9C4H82KCdXYOX18lyvH17,10,plain,none,mixed,1 1 6 6 7 10 11 14 21 23
AA1W14A8nr9X8b10E0GXoAHGj8GWoc4OYa,10,plain,none,mixed,1 2 3 6 6 9 13 14 19 27
AA1WHIZYIQLYS9A9OCA4BXXaBNP3X4eHC0,10,plain,none,mixed,1 2 3 7 11 14 14 15 16 17
AA1Wa31IYcajLhBI4Gea0aWoG-KabF1qWe,10,plain,none,mixed,1 1 2 6 9 12 13 17 19 20
AA1W4qOZLCUDmk1WC3GWWm49Weemc1Go6W,10,plain,none,mixed,1 2 7 7 8 9 11 13 14 28
AA1WOL1F1WgKebHd2GXGqY4GqIPYNoumS4,10,plain,none,mixed,2 3 4 10 10 11 11 12 14 23
AA1W60b88w4U__Z040G2W82JQqhGKamf4W,10,distinct,none,distinct,1 2 4 6 8 9 11 12 20 27
AA1WAn6E0GSz4NsIIQb1GK51OKi8WYf2GW,10,plain,none,mixed,2 2 3 5 6 10 11 11 19 31
AA1W5mmBYiK6S8XbGIa10GBIMAUB6U4Gw1,10,plain,none,mixed,1 1 3 9 10 11 11 13 16 25
AA1W52YgZZHyDubwI4GP0RuagPWCaNc218,10,plain,none,mixed,1 3 5 5 9 11 11 13 19 23
AA1Wa0W40j4IqGY4HaKn29IIIBH341mC0W,10,plain,none,mixed,1 1 2 7 7 8 14 17 20 23
AA1W082GoAoiqhazJf5GQX2OU2WX92Wa0K,10,plain,none,mixed,3 3 3 8 8 10 11 11 14 29
AA1WC1YUCHa2b5H544G49GH1EKe41WUoKi,10,distinct,none,distinct,1 2 3 4 6 9 11 16 18 30
AA1WnIDCWZI0GA0g69H24GK1jLA60b4aJ0,10,distinct,none,distinct,1 2 3 5 6 9 10 12 22 30
AA1W0Wv4Gbgf1jIA0o42Ol50KdYSYLXrH2,10,plain,none,mixed,2 2 5 7 8 8 13 14 18 23
AA1W40eJ20BAXHKKgHa18EMIHp5jYCMZCX,10,distinct,none,distinct,1 3 4 5 6 9 15 16 17 24
AA1WKAIKXSnYyCISIYY40mDXWshAKYDW00,10,plain,none,mixed,1 6 7 7 8 8 9 12 17 25
AA1WXSWBZOUYz8i9XQG93DIXOy49MnIg90,10,distinct,none,distinct,1 3 6 7 8 9 10 17 19 20
AA1WYIqIb0J2MMAgD4e1DeWLXT1aAKA2WO,10,plain,none,mixed,1 5 7 7 10 10 11 11 18 20
AA1WWXnAnQ6dQ3HgWm01yKXZogqYgIXI4G,10,plain,none,mixed,1 3 3 7 9 9 10 15 16 27
AA1WW409tixKLaau421WJ0IB1LI6IXiJY5,10,plain,none,mixed,1 1 1 6 11 11 12 17 19 21
AA1W614Y2mOoB5PE3yW2BGJ4kCUXs8a286,10,plain,none,mixed,1 1 5 7 9 12 12 14 17 22
AA1W9KA9EG4XPBJ41G48MYyms0no6e7H3G,10,plain,none,mixed,1 1 4 8 8 11 13 13 20 21
AA1WA3OCGh48XACFDC90G5mfAPD5KYY8W4,10,distinct,none,distinct,1 3 5 6 7 8 13 15 18 24
AA1W10X43WS8Lf4eZ3m9152X9psSIA9HEX,10,plain,none,mixed,1 1 5 8 9 12 13 16 16 19
AA1WYCfe4WHLAX1E8901amY7CbaiHICKGZ,10,plain,none,mixed,1 1 4 7 7 11 15 16 17 21
AA1WD8CGaGWyfGhq7XA31GJMTGZXVKHa04,10,plain,none,mixed,1 1 3 4 5 14 15 15 16 26
AA1W4NHqukJjWq704CIY92d2k-9G220a9I,10,plain,none,mixed,1 3 3 4 4 8 14 15 17 31
AA1WXXHC9AQxUEIIGmK4aaXO7PTo1KZg0W,10,plain,none,mixed,1 7 8 9 9 11 12 12 15 16
AA1WA0H288U2AHKGKv8Z4UaOI4TrYCIWf6,10,plain,none,mixed,2 3 5 6 7 8 13 14 21 21
AA1WHZgUCAIYQLOL31G19f8i493r0KqP32,10,plain,none,mixed,1 3 5 9 9 11 12 15 17 18
AA1W2YCmb8QR4X4GXC8GHef4GY4cT0m40J,10,plain,none,mixed,1 2 3 4 8 8 14 14 20 26
AA1We5IWfS2Eg3FizKY31K9AiNFLr4EJXW,10,plain,none,mixed,1 3 7 10 11 12 13 13 15 15
AA1W174X74D9M81HI1GG4WOSfdCa-WC3Wk,10,plain,none,mixed,1 2 3 3 8 14 15 16 18 20
AA1WYMnw0b308Lb482K0X2X_8DXTD82WJY,10,plain,none,mixed,1 2 2 3 4 6 9 20 25 28
AA1WXK9AGI4babJeK2B12KIXACQ31WanC8,10,plain,none,mixed,1 2 6 7 7 12 13 15 16 21
AA1W4Od1H4DCn2080aG18G21GT3rIzq6YC,10,plain,none,mixed,1 2 3 7 9 9 11 12 21 25
AA1W70AU954f5zHGK1CH249Qofw9WjCO0e,10,plain,none,mixed,1 1 2 5 8 10 13 13 23 24
AA1WGf4I2GL0gIY4H48891tWy2YuIGO24G,10,plain,none,mixed,1 1 2 5 7 14 16 17 18 19
AA1W8SAI892wqaPs92AA7SWi2YNk1ehIa8,10,plain,none,mixed,1 2 6 7 7 11 11 11 19 25
AA1WWa3GXA9vq7n8S2G1YC9uG0uQC74h3e,10,plain,none,mixed,1 3 4 4 7 8 13 13 21 26
AA1W27W5f4247igAaAnc2lb34fPwNW82p8,10,plain,none,mixed,1 1 5 7 7 9 14 14 17 25
AA1WA0z7q5BHYPWhBP84X495k6HJb4az8C,10,plain,none,mixed,1 3 5 5 11 11 12 15 16 21
AA1WAdWg5IAJ8Y4HI8gaaAI89n4PY0G894,10,plain,none,mixed,2 3 4 4 7 11 12 14 20 23
AA1W50H19wki5HK9ALG48U2H2YJ2b4efyX,10,plain,none,mixed,1 4 4 7 8 10 11 13 20 22
AA1WG2HHICHOh61HhgY0G1o6Lp0POIXPDa,10,plain,none,mixed,2 3 3 3 4 7 10 19 24 25
AA1WGAQG4222ilGAWnH2nv58a76r6OeuB0,10,plain,none,mixed,1 3 3 3 4 10 15 17 17 27
AA1W30oIGH0W4_Wa9n18X8GYAWrgCvYaD0,10,plain,none,mixed,1 1 4 8 10 10 11 12 16 27
AA1W40Zy9HAoAbWqB18H14JWkS2LIIua60,10,plain,none,mixed,1 1 6 10 11 12 12 13 14 20
AA1W89mWW81XMhEau92BIHIYEX2KT0M1y8,10,plain,none,mixed,1 2 4 7 7 7 7 20 21 24
AA1W4eaOHoFp6ebO48YBHGH2M8WI4YG1CA,10,distinct,none,distinct,1 2 3 8 10 12 13 14 18 19
AA1W0G4GHb1kC2Y1UGqK2uCecCne97L2nW,10,plain,none,mixed,1 1 2 5 5 11 13 15 22 25
AA1WGmm4mfV8WPr8l482GKb4PaIHP64P2O,10,distinct,none,distinct,1 2 4 7 8 11 12 15 17 23
AA1W183B228DXU4naoWJ2DSXG932uN1KGC,10,plain,none,mixed,1 1 4 6 10 10 11 14 16 27
AA1W488Y1WyEeTxqX1W93ZPAIuU5JIKJ6a,10,plain,none,mixed,1 6 7 9 10 10 11 11 14 21
AA1WGYBFAw4BsI6KAIA0G6UOeH0rYaAU60,10,plain,none,mixed,1 1 4 5 7 13 14 16 19 20
AA1WM1fz0OcnqaZBX4WCIShG4EC95mI4cY,10,plain,none,mixed,1 1 2 7 10 11 11 17 18 22
AA1We4X4n8H0K20oJO8IWK6zNA9E3p60E2,10,plain,none,mixed,1 1 2 3 7 9 13 14 14 36
AA1W1SaSZK5KeY0Nf99WwI6Imf4k2ao0a0,10,plain,none,mixed,1 1 5 7 9 11 11 12 18 25
AA1W283nAEkAU972eM28Iq3OW24ewciE4G,10,distinct,none,distinct,1 2 4 5 7 9 11 13 23 25
AA1W0naWiGr1LfIce10mSUb2sWbyfbIBI2,10,plain,none,mixed,1 1 5 7 8 9 11 17 17 24
AA1WAH6M9az4mdHaYD00GcQs5eQKL5kSGZ,10,plain,none,mixed,1 2 2 7 8 8 11 15 18 28
AA1W8eZ1GKiu9bqdXCY48O34eMxN35ILg0,10,plain,none,mixed,1 2 3 6 12 13 14 14 15 20
AA1WKYAImsH1JS7WY102eIF1ZbUGM6G50m,10,plain,none,mixed,2 5 6 7 9 9 10 12 12 28
AA1W0W8X5uI132mXK82PHgB8nAWuZ0S2eA,10,plain,none,mixed,1 1 3 4 6 6 16 20 21 22
AA1WGY37ICAX92F4MYCXKCTZ28A-4zGI44,10,distinct,none,distinct,1 2 4 5 9 11 14 15 18 21
AA1W40D1FHhcIiE1WA08GZBX4f5Gq4GX2X,10,plain,none,mixed,1 2 3 5 7 7 8 17 18 32
AA1W5Gn7OS61GHEAzmI0O41eMCiiGBYaXe,10,plain,none,mixed,1 4 4 7 7 8 11 12 19 27
AA1W0Z6enEE4G20m21092GY1HCvY4L2KIY,10,plain,none,mixed,1 2 4 4 5 10 12 19 21 22
AA1W43gXF8308GYiI8iP2eeAXaqrXS2GH1,10,plain,none,mixed,1 1 1 7 9 9 10 12 24 26
AA1W58XuL282WNWK2WAE2G9Yy50bbCXm00,10,plain,none,mixed,1 2 2 3 5 8 10 17 21 31
AA1WGQ24n6YoWd6CIYS4GSH3eMYBGWGe10,10,plain,none,mixed,1 1 4 5 5 5 14 15 17 33
AA1WaWY58e63cOGq49KY0G0WHHgwBLNOP2,10,plain,none,mixed,1 2 4 6 8 8 10 16 21 24
AA1WOcI8AKX0YZCEa90ZAmA7HvGc7bQOXB,10,plain,none,mixed,1 3 3 6 11 13 13 15 16 19
AA1WWFKy8abce7fBJ0H499YLMqmf374uG9,10,plain,none,mixed,1 3 5 5 8 13 13 13 18 21
AA1W104nJXTOK9ahn4G8242vFB9PqooCXI,10,plain,none,mixed,2 5 8 9 9 9 10 10 18 20
AA1W88Knl0snclmoQC4HOMGloyHPIjWeJ1,10,plain,none,mixed,1 1 6 7 8 10 11 14 19 23
AA1W4tKGaqciC188168X31e30w0G14e50K,10,plain,none,mixed,1 1 2 6 6 7 12 15 16 34
AA1W30n5uU1dHiAKHv16Wi68aj6M2g54rm,10,plain,none,mixed,1 2 2 3 7 8 14 14 18 31
AA1WCXUObWibbJOc40WI3e4WCiZejYAWaG,10,plain,none,mixed,3 4 4 4 9 11 13 15 17 20
AA1Wp1UDX8Q3GE1sHw4X08aHIJ0Y8C4GA2,10,plain,none,mixed,1 4 6 6 8 9 11 12 14 29
AA1W4BWK4u914L16uq8CX6XAa5183eL2CH,10,plain,none,mixed,1 1 2 4 9 11 14 16 16 26
AA1W0a4obgbAk6G-6HQm0mT29P35HHK40G,10,plain,none,mixed,1 1 5 7 9 11 12 16 18 20
AA1W8f3W0YBDAAuY4WoZ7Gw1q28i0aBUX8,10,plain,none,mixed,1 1 3 3 6 8 11 17 17 33
AA1W2i410KEHB4mHQY4I4GYKvYfIPGa1aI,10,plain,none,mixed,1 1 4 6 8 8 15 16 18 23
AA1W4GApJnO8q0N8fk88Y22fGj6mEfk4HH,10,distinct,none,distinct,1 2 3 4 6 8 11 16 19 30
AA1W92o4hYmaAHoR6T048OuIZWA4pNcI9K,10,plain,none,mixed,1 3 6 7 8 10 12 13 13 27
AA1WeZRJQrEWdGH1Yf08T05YRQS28L9Yee,10,plain,none,mixed,1 2 5 6 9 9 10 14 21 23
AA1W8GbSRQ1Wf9gff7W4WdG5k69H0cup12,10,plain,none,mixed,1 2 4 4 9 11 12 15 21 21
AA1WH1PHE88XZ3WaAGX80Wq2BJyKd4AY9O,10,plain,none,mixed,1 2 6 6 8 10 12 14 18 23
AA1WP2820YCbT7188GbI28X0z8ZG9Hp209,10,plain,none,mixed,1 1 1 4 11 13 14 15 19 21
AA1W8D1MWW0W74TKD6eWI58Z5THiDoGIW4,10,plain,none,mixed,1 1 2 6 7 8 14 16 19 26
AA1WAHaE0uB928JGv420m409qYZ2IEHHYy,10,plain,none,mixed,1 2 2 4 5 10 14 15 23 24
AA1W8984f24EeQ3HI0W18P1JeA9SwcK-a2,10,plain,none,mixed,1 1 2 6 12 12 13 15 18 20
AA1W68Y92zh443Xw9XG50mA3aeGPMh2eWa,10,plain,none,mixed,1 2 4 8 9 10 13 13 15 25
AA1W15iQBKIKIHSLaWIWgS440GREeIbH32,10,plain,none,mixed,1 2 6 7 8 10 12 12 14 28
AA1WC0W4ud1FX9X78z828824GN2uGgi9A4,10,plain,none,mixed,1 1 2 8 9 13 13 15 16 22
AA1W48iI9g8aKXeIYW90uGQ2mE3jachzeW,10,plain,none,mixed,1 2 7 7 7 10 11 13 18 24
AA1WXWY3P8Cp6EaxK2Wf1EAXGz4YKcCCIa,10,plain,none,mixed,1 6 8 8 9 9 10 14 17 18
AA1W94GL4i1W44Wd40IKd4eX4LEe3128f3,10,plain,none,mixed,2 3 4 4 9 13 14 15 16 20
AA1WCaoMXYC8C28eAWu46Wi0JYXUAV8L2K,10,plain,none,mixed,3 5 5 6 8 8 9 15 16 25
AA1W2G9EX2Gd69U99C41mH5xGA6G3hat0n,10,plain,none,mixed,1 1 5 6 8 9 10 19 20 21
AA1WKX8A1OoWI30LS4G2OYY8ocVYXmw4Ga,10,plain,none,mixed,1 1 3 7 9 11 12 15 17 24
AA1W5124Z1TDsHgaC8Y4Gw8NB6WiZ76Rw0,10,plain,none,mixed,1 4 6 7 7 11 13 13 14 24
AA1WII6HLc68K0M2GXG8Xc49024v_8QcK2,10,plain,none,mixed,1 2 2 6 6 8 11 14 18 32
AA1W8oWE0e9aF3H98uY18Ho9amj9YOgcie,10,plain,none,mixed,2 5 5 7 7 7 12 16 17 22
AA1Wa5X9YC8utobO90eJ0MFq9I224Y8K68,10,plain,none,mixed,1 2 2 9 10 11 13 13 17 22
AA1W8d1wz4P240I14Ge9aiAIYK1WEE9ew1,10,plain,none,mixed,4 4 5 5 6 7 10 13 17 29
AA1W50g4WWY4nBWe9084GA1GFE95PY8n6G,10,plain,none,mixed,1 2 6 7 8 9 9 16 19 23
AA1Wn16v4aYTVBXu40GX2Gg124eAw2qXaa,10,plain,none,mixed,1 2 5 6 9 11 13 17 18 18
AA1WKHA5aCyJCXCy7W70PvfBXYaH5IyHg0,10,plain,none,mixed,1 1 4 4 8 10 15 18 19 20
AA1WHq8H48EDNHXaX0K9Fo7mG4ml0SG10m,10,plain,none,mixed,1 1 2 5 5 8 15 18 19 26
AA1W40uYzZKIIJZFI70G0X61NIz8OIA4Z2,10,plain,none,mixed,1 1 3 3 10 11 13 13 17 28
AA1W4WoAE4D828iOCWYB0-BohZHSDq5JZW,10,plain,none,mixed,1 1 5 8 8 11 12 13 14 27
AA1WX0WD1efs41GMKgcqIAI0WmM430y4OW,10,plain,none,mixed,1 1 4 4 9 10 11 12 19 29
AA1WGI1TGX6AwH1eZ082OI9oCCHPH28w0W,10,plain,none,mixed,1 1 6 7 9 11 13 16 17 19
AA1WAW594SaWq6a4_XYAWX4NWyoHML1e30,10,plain,none,mixed,2 2 4 6 6 7 9 19 20 25
AA1WYXIKD0evVa0Z12OIdebB9HOI14WHnW,10,plain,none,mixed,1 3 4 6 6 6 8 16 24 26
AA1WWa6t0o10Gf2O30a1X4GoA5QqPB8r6e,10,plain,none,mixed,1 2 4 5 6 11 15 15 19 22
AA1W58qA8q5yfcU642020A1xF55afYQKb4,10,plain,none,mixed,1 4 6 7 8 8 9 13 22 22
AA1W289KoQGSaXaCau9GQOH28BSxU0nKIG,10,distinct,none,distinct,1 2 5 9 10 12 13 14 15 19
AA1W0kD0qsDW8V3w8I3OKYLAIT3YeWKM0n,10,plain,none,mixed,1 1 6 7 9 12 13 15 16 20
AA1W40Ewo98XD0X8S0LGJ2K9Cf_EcXHgCe,10,plain,none,mixed,1 2 5 8 10 11 12 12 18 21
AA1WHWh9vXHVfs8G24G68aX6mCXeo1Ga0C,10,plain,none,mixed,1 1 1 4 10 10 11 19 20 23
AA1W60JaHgn040GB1GAM1GC0Wu106WiWY6,10,plain,none,mixed,1 1 1 5 5 6 13 14 15 39
AA1WOH8D4UbwYB188w531Oe9CKZ8ZL94GG,10,distinct,none,distinct,1 2 3 9 10 11 13 14 15 22
AA1W90eP2mk8wBPi8I120WKFS4HM0G628i,10,distinct,none,distinct,1 2 4 6 9 10 12 13 17 26
AA1W2eTs7Y50bAfgzK94A2499GbCV3aGeG,10,distinct,none,distinct,1 3 4 7 9 10 14 15 18 19
AA1WO0sPmT0C4x4uGYKI26f74eIf5SGA1G,10,plain,none,mixed,1 2 2 5 7 7 14 15 17 30
AA1WI3W9PkpJC0mE20G10ur0G-329WwGX4,10,plain,none,mixed,1 1 2 4 10 12 13 13 15 29
AA1Wamg6XHeY2dS4Y05a8O21W5YZbxP8ee,10,plain,none,mixed,1 1 2 6 8 8 12 15 16 31
AA1WC998fHI9Yh5oQeK30I49KhK8HXFAC2,10,plain,none,mixed,1 4 4 8 10 12 13 14 14 20
AA1W0kX698GI1-DAYH81E451Bm_ArgjJ14,10,plain,none,mixed,1 3 3 7 8 10 12 16 18 22
AA1WC8a94q3Gf5uaGc849WCNYA0WQiuWWK,10,plain,none,mixed,1 1 2 3 11 11 15 17 18 21
AA1W162IDdT3KBDYACXPah8OKAQ4t70Kne,10,plain,none,mixed,1 5 5 5 6 7 12 13 18 28
AA1WSC9IGa4AG8YG810AFH1yAhMS3XuV18,10,distinct,none,distinct,1 3 4 5 7 9 10 19 20 22
AA1WP0E2uqaMP20W51J508Y0HEZ1BKw9QI,10,plain,none,mixed,1 1 1 2 8 10 11 19 23 24
AA1WM2bQGz5APYiQIwn20Q8302EmvmXSqW,10,distinct,none,distinct,1 4 5 7 8 9 11 12 13 30
AA1WH1CX688XB5ObGH04ZaquE108sW22uH,10,plain,none,mixed,1 1 2 5 7 9 10 18 23 24
AA1W5We52bYq7Y34Ka489b4WY48TheW11m,10,plain,none,mixed,1 1 1 9 9 11 14 16 17 21
AA1W2CGcYOA1J9gGP48C4XejosGk8Y8I64,10,plain,none,mixed,1 2 7 8 9 9 12 16 18 18
AA1WLA1Ja2GfALAa8A04HYJAAmb4IXo3Ib,10,plain,none,mixed,2 2 4 7 9 9 9 17 20 21
AA1W2GTKIOp08169HxWKIK890OAHeB2mA4,10,plain,none,mixed,1 3 5 5 6 7 9 12 23 29
AA1WO4WJKK51KMYd2488VY54uKoHE12OZ2,10,plain,none,mixed,1 2 5 8 11 12 14 15 15 17
AA1WGfOZ2I4v8S2Ga0W0R2r2yHqek1W24W,10,plain,none,mixed,1 1 1 5 7 11 13 13 19 29
AA1WGLhkHFob8AWZ4X2aXClX1Wdu317Kb2,10,plain,none,mixed,3 4 5 6 6 8 13 14 16 25
AA1WG8YyCXbaa51ECGX228f6F50e3GirOA,10,plain,none,mixed,1 3 5 7 10 11 11 15 15 22
AA1WGA1GuW41WDPQpGTWK18PH9f8831984,10,plain,none,mixed,1 2 2 5 6 6 7 20 22 29
AA1WHYyI2GH0K4jHIHY8n4IwGZgaIW40m8,10,plain,none,mixed,1 2 6 6 7 7 11 16 19 25
AA1WAIaeY2hGbSR1V4GQ0Xz2LYGX2LQ4mm,10,plain,none,mixed,1 4 5 8 10 10 12 14 16 20
AA1WA1AWgE10mEGPGi45JhH44Y4IOmaz4j,10,plain,none,mixed,2 2 3 5 9 10 10 14 21 24
AA1W286DH54C2eIXOICB1C9Bc64m-8HgmW,10,plain,none,mixed,1 1 1 5 6 7 11 14 21 33
AA1W18L1H5pgjqPb4MYB1bAWo768S4Eu02,10,plain,none,mixed,1 4 5 5 7 9 11 17 17 24
AA1W34E1mH3yJmLKe2WIC5X4DXXYAKaDX4,10,plain,none,mixed,2 2 4 5 6 7 10 18 19 27
AA1W5fSB23GOmz1Gq080m9AqQYvT26Gu2G,10,plain,none,mixed,2 3 3 4 4 5 9 20 24 26
AA1WJ466UL1Gyiq6W1C579zFac28rDIL18,10,plain,none,mixed,1 3 6 6 7 8 8 11 19 31
AA1W1GPQBW9FCbj0a1WH2HL8kC4WGYOp1a,10,plain,none,mixed,2 4 5 5 6 9 10 14 16 29
AA1W2SWE1IyN8ebhgB8WYXH1KqG33mIeX1,10,plain,none,mixed,1 4 4 6 9 9 9 12 15 31
AA1W8W8ZC5WTY37gWW4eUCnIKHH6fXkAI2,10,plain,none,mixed,1 3 3 6 10 11 12 13 17 24
AA1WKCH0WPZ1p9OOZY4Ma70mMXp9NHuCYG,10,distinct,none,distinct,1 2 3 5 6 8 10 14 19 32
AA1W4phc04EAHGnRX088g6YoYAJijWWLq4,10,distinct,none,distinct,1 3 4 6 8 11 12 16 19 20
AA1W0uB9SDWTqDGBY289HHA24I2BaXyAG4,10,plain,none,mixed,3 3 3 3 6 11 12 16 21 22
AA1WmY8A1ClJCQIsWi644IH046JEemu0u4,10,plain,none,mixed,1 1 2 5 9 11 12 15 22 22
AA1W0u41KOl5FQZKh4488Q20X29EGgIfHI,10,plain,none,mixed,1 1 7 8 8 9 12 13 14 27
AA1W6GIXW8APAQNI9R88Y2HAWq2w8A14GH,10,plain,none,mixed,1 1 5 7 8 8 10 15 20 25
AA1W1C8XXA9gmSGYcICYPG8eP10RHJxI6W,10,plain,none,mixed,1 1 4 7 7 11 13 14 19 23
AA1WCAKXQ1GbD2eM32W13GYC9XA1BNYqWK,10,plain,none,mixed,1 1 2 2 9 11 12 14 19 29
AA1WG8a2GYRR6IufoP10u4aSgzaNcAb3KW,10,plain,none,mixed,1 1 4 7 11 12 13 15 15 21
AA1W52D80X7gpI2GqXY28IpDO4GIKKHX38,10,plain,none,mixed,2 3 4 6 7 7 11 17 19 24
AA1W2iDLjC70u9gkK2GW3W4XiHEW5G20nA,10,plain,none,mixed,2 3 3 5 7 7 14 18 20 21
AA1W8cfvHIBG4EaKR2e9aA9ML39XoI0I4G,10,distinct,none,distinct,2 3 5 6 7 8 10 13 22 24
AA1WKJ13mJIKE36Oh281WLKMXKAOAA9eAX,10,plain,none,mixed,3 3 4 4 9 10 14 17 18 18
AA1WH7W8v2H2GE5vY2GGK5La2n6KKHYGH6,10,plain,none,mixed,1 3 3 5 11 11 12 15 19 20
AA1WmWgiWefFBEm23eH96eM1aX46Pk62Ge,10,plain,none,mixed,1 2 3 7 7 8 14 16 18 24
AA1W2eH1925c28Pu1X42WC3XpCxb2qqeW8,10,plain,none,mixed,1 2 4 5 11 11 13 14 15 24
AA1W2K9H9b5GoPSLCGAj3k4HD2yPEWMb42,10,plain,none,mixed,2 3 5 7 9 12 12 13 15 22
AA1WOB0h1LCMeo5J1G88IG0YILHgMBHSd2,10,plain,none,mixed,1 5 5 6 7 8 14 16 18 20
AA1WZ7y98Q18K8gZiUf022WzCP0meBLMH8,10,plain,none,mixed,3 4 4 5 6 7 8 13 21 29
AA1W3WG14GOWz4OZeX28PWA1YF3ec0B10I,10,plain,none,mixed,1 1 1 3 5 7 16 18 23 25
AA1W8102_QP3OJ0eZ1f8GX9gaKwGS2W821,10,plain,none,mixed,1 3 3 4 7 11 14 15 16 26
AA1WHA3SVL2mM1eY2ce8Wb4Y48Oeajc90a,10,plain,none,mixed,1 4 5 5 7 7 12 13 18 28
AA1WG948a8b8W8D2QGq2X2eAAKQWU4ncaO,10,plain,none,mixed,1 1 3 8 9 10 11 11 22 24
AA1WX8F3eDD9a8K2bIcXGD1WW1JA7C8G0G,10,plain,none,mixed,1 1 3 4 5 5 7 19 22 33
AA1Wg508188fOT2YKa8G011L6f9H6e60Wq,10,plain,none,mixed,1 2 2 3 7 9 10 10 23 33
AA1W208D7G6qMWi20G26H852eF5W40C4mg,10,plain,none,mixed,1 3 3 3 4 6 9 18 20 33
AA1W4WO2oGAX88BXVSG8114WLYHY_D9nM1,10,plain,none,mixed,2 3 5 6 7 7 16 17 18 19
AA1W1I545FncFIIbe4G512y73u_EHr26t8,10,distinct,none,distinct,1 2 3 7 10 12 13 14 16 22
AA1WWCecJO9H999XDn8118D13WcaCHXMMW,10,plain,none,mixed,1 1 1 6 11 12 12 15 19 22
AA1W8P44JmYnK244X224enA2uB0C1-Xg1G,10,plain,none,mixed,1 2 2 2 6 6 13 18 24 26
AA1WGJKg1W81cHvC9IaG10PkmvA9GKJ0WC,10,distinct,none,distinct,1 2 3 5 6 9 10 13 20 31
AA1W4WXC2fnWoT2IYaC60YB2Kbanfb-k2G,10,plain,none,mixed,1 3 4 8 12 13 13 14 15 17
AA1W1WE1mHQJS61624G58e10c5HKHbIKZ4,10,plain,none,mixed,1 2 2 4 5 11 13 17 20 25
AA1W40wpLQXq28aKaWI5258ffTSiJYfW40,10,plain,none,mixed,2 2 3 5 8 9 11 13 21 26
AA1W20WA2OIYQIQJ4KI4OY820mROK2GIIO,10,plain,none,mixed,1 1 4 6 8 11 12 14 18 25
AA1WC29fbYYCKL4YPbCGGVoGmlL2HXM66W,10,plain,none,mixed,1 3 3 7 9 13 14 15 16 19
AA1W3KE9CWS4s8n5WY61NpwLeX0Gg3H8Y2,10,plain,none,mixed,1 3 3 4 8 9 10 13 21 28
AA1WA9GEGG5Hgs8U80W3WO2XFLICKIa9r2,10,plain,none,mixed,1 1 5 5 9 11 14 15 19 20
AA1W0W510i9CWo2W3HYAnA8Xr3mHOMYq4G,10,plain,none,mixed,1 2 2 3 3 9 13 16 25 26
AA1W5XCz4e30O2aQN8L4Y28D1KI81w6GI0,10,plain,none,mixed,2 5 6 6 6 6 9 10 25 25
AA1WWM4ZnP1TIoW0TGb6NcD8o62KC-g89G,10,plain,none,mixed,1 2 4 6 7 7 7 11 19 36
AA1WD189Ih4qaaIXI64A94C0WeL148OKZ2,10,plain,none,mixed,1 2 3 7 9 9 9 13 22 25
AA1WIoBT27WI4H5YKG80moGv1Gk5f8nOaa,10,plain,none,mixed,1 2 3 8 8 8 10 15 18 27
AA1WII8n0O54AXGLw1MAI58n4EaMWK52WI,10,plain,none,mixed,1 3 5 5 5 11 12 14 20 24
AA1WX95Y4SPhACXmd4QH6hqO112kuWO2AX,10,plain,none,mixed,2 2 2 4 6 10 13 16 17 28
AA1WG9AF8N12eM3e50e30OWL6o5y410q2W,10,plain,none,mixed,1 2 2 3 5 9 12 15 25 26
AA1W4WdDPeZ481WEWI450h5IA5GwOHDX18,10,plain,none,mixed,1 2 8 10 10 11 13 14 15 16
AA1W28E27W76CIpASZ85HI414A-lIC6H68,10,plain,none,mixed,1 4 5 7 7 8 11 18 18 21
AA1W525GySJiZe6WR0B8PpWaF29Ia2G9CW,10,plain,none,mixed,1 2 2 6 7 8 9 10 26 29
AA1W3W7HLHgIHWhmCYIIZS2P48DEPn5cZ0,10,plain,none,mixed,1 3 4 5 7 7 15 16 21 21
AA1W8GgMbngMI5N8F0O9HCIN55J8ec4410,10,plain,none,mixed,3 4 7 8 9 9 10 12 19 19
AA1WO2G8M1MaXKXqaD090oRqPaYIIIgTIP,10,plain,none,mixed,1 4 7 8 8 10 12 13 17 20
AA1W188A0ev8o8HbOW82GY2BiMJw3OS2aY,10,plain,none,mixed,1 3 4 6 9 9 13 15 19 21
AA1W80GHE9pLPWC2YYaOI934GYAg4GY6YG,10,plain,none,mixed,2 3 4 5 5 6 10 18 19 28
AA1WH1ODZ62u830R5n6810a1XSLOIP02WY,10,plain,none,mixed,1 3 5 7 7 8 9 14 16 30
AA1WGY6eje60GH2kQeXa60H8hBXl8C4GH1,10,distinct,none,distinct,1 2 3 4 6 7 12 15 23 27
AA1W4D6CIn384DRo2aWGi4iGeyULt8Yj0S,10,plain,none,mixed,1 1 1 7 12 12 12 13 15 26
AA1WGYGnayYe43WY4E4IGpEHoAkfmea4GH,10,plain,none,mixed,1 3 5 8 10 11 13 13 15 21
AA1WGWg213AtqaI9ID120DZLJvycK6O8XW,10,plain,none,mixed,1 1 5 7 7 8 11 18 21 21
AA1W25698k9I9A2Gq28JKPYXu3SPq50I38,10,plain,none,mixed,1 2 3 7 10 10 11 12 18 26
AA1WHH36aC1XfQ26ea851BexGH1CXkQJa4,10,plain,none,mixed,2 2 3 6 9 10 16 17 17 18
AA1W38L4eEWh8IO91404eL289P9DdWSF42,10,plain,none,mixed,1 1 3 5 7 10 11 16 17 29
AA1W60I8mcAm4105eX42GJ2RWq0m7YIWK4,10,plain,none,mixed,1 2 2 3 4 7 15 17 19 30
AA1WWDeIYGY2m11C48I93uI4MJfCuK4Wi6,10,plain,none,mixed,1 1 3 4 5 11 14 14 20 27
AA1WA2NI9Oo5GA1mPm8489lK3WiZeB2eA1,10,plain,none,mixed,2 4 5 7 7 8 10 13 16 28
AA1WaXgE9HXK9X089c40qZaL10AXYKGK0u,10,plain,none,mixed,1 1 2 3 7 10 12 13 19 32
AA1WaWd8RkcjGLZIg4WX0Y9Yn9fa92KcHI,10,plain,none,mixed,1 5 6 6 11 12 14 15 15 15
AA1WL2655KMWeoNO18H8GeIJqZb3xqEGI1,10,plain,none,mixed,1 2 6 7 10 12 12 13 15 22
AA1WI2Kp0uB2G58d3uY820h5eWSAogIIYP,10,plain,none,mixed,3 3 4 5 6 8 12 14 18 27
AA1WWmyHIH1AWAG84E254foETIr-9788eM,10,plain,none,mixed,1 1 3 9 9 10 16 16 17 18
AA1WH0O92ZaeI2hGXeY28Yes4whR38s9uK,10,plain,none,mixed,1 5 5 6 6 11 11 13 21 21
AA1WP580wA82vA0M4mEg7GL0S0uTTWiH1G,10,plain,none,mixed,1 2 3 3 6 7 12 12 20 34
AA1WA9YC6W8OnTfO8I48Wa98uZWI3GNqYa,10,plain,none,mixed,1 3 3 9 10 10 10 13 16 25
AA1W28bZaAGo4b2OM0G1YiGA1nnAL5Ge30,10,distinct,none,distinct,1 2 3 4 5 8 10 15 25 27
AA1WA8eKBGg3KDaA9P820sHt09aSIY4GD2,10,plain,none,mixed,1 2 3 6 9 9 12 12 18 28
AA1W0DWK2SgHI3c874WK4NsC99Gb9We24G,10,plain,none,mixed,1 1 1 3 8 8 10 20 20 28
AA1WH4UPN8L0k28Q4uKC7022mHS6HKI9f2,10,plain,none,mixed,1 1 5 5 5 9 12 18 18 26
AA1WGJX2Wm9MqIi8GY418NH4uP0q6pWw1S,10,plain,none,mixed,1 2 4 5 6 6 17 18 20 21
AA1W3XCHA4GjcsADFe64WqJKHWm99YGJ9X,10,distinct,none,distinct,2 3 4 6 7 10 12 15 19 22
AA1W0b24X4JzkSou8HKmGQ4dIYaZX-760W,10,plain,none,mixed,1 1 2 7 8 10 14 14 20 23
AA1WqWX80Msva88IrYY2CY23CEmY4DBZYW,10,plain,none,mixed,1 1 3 4 6 14 15 17 19 20
AA1W4G510H4j9Q38c0a2eE0WIcLVo8Wa38,10,plain,none,mixed,3 3 3 3 4 8 8 17 22 29
AA1WAn2KsInSJGc2pIW88SG208DwfA55GA,10,plain,none,mixed,2 2 4 7 9 10 10 11 14 31
AA1W72qD10lIH0aGAuXXawKIHS9UrmX2G9,10,plain,none,mixed,1 2 5 6 8 8 11 16 19 24
AA1W20MIHnv6JV892W8HYaCWuAYpHK9A8h,10,plain,none,mixed,2 4 4 6 6 7 10 12 14 35
AA1WT0O3VD1P4r1ma45516bnOgQL59GK0H,10,plain,none,mixed,1 1 3 6 12 12 14 15 15 21
AA1W0XY_JcX6-nIXLf292q6CGDgrBKXYiG,10,plain,none,mixed,1 2 3 5 8 8 9 17 21 26
AA1W20Hc2JVnEz7aBH8GH8AHeQG14mA8EX,10,plain,none,mixed,1 1 5 6 7 8 12 13 16 31
AA1WCXc0YWaaGvvkKII40qBJKC9uEK8HI6,10,plain,none,mixed,2 3 4 5 5 6 11 21 21 22
AA1W6WXw1SKGXACXwnfC2bAouHyWeCYYQG,10,plain,none,mixed,2 4 4 6 6 9 10 15 17 27
AA1WCG20EddAC1WA41G90uA5H2OY614SGI,10,plain,none,mixed,1 1 2 4 5 7 12 15 24 29
AA1WX31eaaL2JHI4eY40UW2VGo6OMWK1cK,10,plain,none,mixed,1 1 3 5 9 9 13 17 21 21
AA1W4hLkk86KzGg2bKG52Il6uASgk8b2H6,10,plain,none,mixed,3 6 8 9 9 9 10 10 14 22
AA1WW70D1u99fR4kA9H12EWmmPoaHICHIX,10,plain,none,mixed,1 3 7 9 10 10 11 14 16 19
AA1WKJ28i3I0KT0I5eG31uPa81uo7hkH0h,10,plain,none,mixed,1 1 3 6 8 10 11 15 17 28
AA1WIHBX0eLm20WKV2OS2WoGH8L52meI4G,10,plain,none,mixed,1 1 3 3 5 5 16 17 17 32
AA1WJ4G20WH3o2eH28KL4e208E4u30L3eO,10,distinct,none,distinct,1 2 3 4 5 6 12 21 22 24
AA1W80iK6jGOaexCWYW5H7IMQ4OZufu8WO,10,plain,none,mixed,1 3 3 7 9 10 10 14 21 22
AA1WH1-tMX5GcQAX8n04A1bQabnYIK9DHY,10,distinct,none,distinct,1 3 6 7 9 11 13 15 16 19
AA1WGGC4mEY6HA9rHi050HZKMw7c8iaGYH,10,plain,none,mixed,1 2 3 4 7 10 10 18 22 23
AA1WI0fReR2X8AHKHKYG21eMOZE3N9F4aa,10,plain,none,mixed,3 3 4 7 7 11 11 12 14 28
AA1WAPI92leuu918Y282GpAGu93JM30Y10,10,plain,none,mixed,1 3 6 7 10 10 11 12 15 25
AA1W68n4Gbms0GAkcqe50I40WKWd4XHKb8,10,plain,none,mixed,1 2 2 5 6 7 12 15 17 33
AA1W0Bamc8X3Kj3Y8Wgn4yWIJZ48hi7W40,10,plain,none,mixed,1 2 4 4 5 10 10 12 24 28
AA1W9NINoAaGZakGC2WIKeXwCCMaGXC2W4,10,plain,none,mixed,3 4 6 6 6 9 12 17 17 20
AA1WB18SGm2hRTaIXaKGI4A2455tTJK1GY,10,plain,none,mixed,1 2 3 7 10 10 11 18 18 20
AA1WOB0817DBoJaHaA50G5I084Or59D6j0,10,plain,none,mixed,1 2 2 3 8 10 10 18 19 27
AA1W8mOYYKk_454mYaYGHi2aiYO6nMHK2G,10,plain,none,mixed,1 2 6 6 8 10 11 18 19 19
AA1Wj0K4ep2044uauX80C2WO2z0OZ984Z8,10,plain,none,mixed,1 1 1 2 4 10 12 13 20 36
AA1WHH6JkQ48ZqY4H2B9WemY4K20iGeU88,10,plain,none,mixed,1 1 7 7 8 9 9 14 17 27
AA1W48YAJ48Ymw7HZq14WeAJOP0H2H1eH5,10,plain,none,mixed,1 2 3 4 5 7 13 21 22 22
AA1We60c0ySH43OR4G521Gy3uHOZ98u4eg,10,plain,none,mixed,1 2 4 6 6 9 10 13 24 25
AA1W2GZF1OWnBGXGE68GAmNf2m8bNYWJ4G,10,plain,none,mixed,1 1 3 5 9 10 11 19 20 21
AA1W0UK30L1fLLnK0u1YoMZq4XYsPL19q4,10,plain,none,mixed,1 3 3 5 8 11 13 13 19 24
AA1WZ0O1RUTYa30Q4fMX0880H5R0BGWGv4,10,plain,none,mixed,1 2 2 2 5 12 13 18 21 24
AA1WI51G92Bb6KnK8zG1EGRaeaWJ4Oo8i6,10,plain,none,mixed,1 5 6 7 10 11 12 12 12 24
AA1WaIiPXAGyIe208921aOFoG208b5OC9I,10,plain,none,mixed,1 3 3 5 6 8 10 11 20 33
AA1W1FHAIeuuLYIjLW8b2Ki8nAaCD9SLWI,10,plain,none,mixed,3 4 5 8 9 10 13 15 15 18
AA1W0rieb9bAOL6eL18WmI2CnL2me10e4G,10,plain,none,mixed,1 2 5 9 9 9 10 11 18 26
AA1W50z90OYWfY9S2A43Gc4xXlA6NaFXwG,10,distinct,none,distinct,1 3 4 6 9 10 13 16 17 21
AA1WGhOSI9g0eqX48J42ef4bKo0mv3384W,10,plain,none,mixed,1 2 3 8 9 9 9 18 18 23
AA1WWDA1P3lrooG2OH04g9HrDijX28nmWa,10,plain,none,mixed,1 3 4 5 5 8 11 18 22 23
AA1WYWIkBnT8g6Gq5Wrm10A20G0l0a4I0H,10,plain,none,mixed,1 1 2 5 8 11 11 12 21 28
AA1W1GY3GAQ92GU9HAK2mK50Go7X8X5F90,10,plain,none,mixed,1 1 5 6 6 8 9 11 25 28
AA1WA0jb48I0A0oOAIK22mG-6eroHa5YII,10,plain,none,mixed,2 3 4 5 5 7 11 13 18 32
AA1W1GKCKqB54QYqD9GM38OJbO4R7720G3,10,plain,none,mixed,1 1 4 11 11 11 12 12 14 23
AA1WX2Gf0g787I2WC6WJ5PQHH4cO70m91e,10,plain,none,mixed,1 2 5 6 9 10 14 14 15 24
AA1WIHJYOm62i9PCAH4B2On08C0J08VAaO,10,plain,none,mixed,1 2 4 4 6 9 12 15 19 28
AA1W4X6ID9fAX4201oqA0GRyl6JpG22mC9,10,plain,none,mixed,2 2 4 4 5 6 13 13 17 34
AA1W1o95aSIY40C4e5WfaeG238Go2MCnY4,10,plain,none,mixed,1 1 3 3 5 8 13 13 16 37
AA1WH1cA2Gq1bAGsA052GYgI5rS3WQTYSA,10,plain,none,mixed,2 5 5 6 7 10 11 11 13 30
AA1W2HaGW8fRAW12GK4AfjMq8n28P496WK,10,plain,none,mixed,1 1 5 5 6 7 10 17 19 29
AA1WGH1GM5AWt90aAX8410y1V99YDvKnXq,10,plain,none,mixed,1 5 6 8 8 10 11 12 18 21
AA1WJ2e7b4284ZKIm5090WKR2mHwNmE10u,10,plain,none,mixed,1 2 4 4 4 5 10 19 21 30
AA1W0A4EQKIYXDNAqc0Wa4PI4BRBODIpJ2,10,plain,none,mixed,1 3 3 7 10 12 15 15 16 18
AA1W248AXl6yCAK88AGs2kLv72_wGWS80J,10,plain,none,mixed,1 1 3 6 10 12 14 15 16 22
AA1W9IIAWoZWaH0IYH1YKXLjjkiG5Za0O2,10,plain,none,mixed,1 3 3 4 8 10 11 19 20 21
AA1We1NErnJ4qsISHGaeWu0udIK4cfkaB1,10,plain,none,mixed,1 5 5 6 8 9 14 15 17 20
AA1W40GT2LYq69WyXaa2GuJ1KoR59W841W,10,plain,none,mixed,1 1 2 5 10 14 15 16 17 19
AA1WA5WE0HZ5OR3fI2HL40X1IoWY4Wa4X3,10,plain,none,mixed,1 2 4 4 5 12 13 14 20 25
AA1WA98BnIRi2GJeAnG40u2I5GSICor2KY,10,plain,none,mixed,1 2 3 9 10 11 13 13 15 23
AA1W1m82Ge3BG11eH549XDAvADYS8D0G2m,10,plain,none,mixed,1 1 2 6 8 10 13 13 17 29
AA1WGY4n0C18cdnOC20P140e52GQR1aE1G,10,distinct,none,distinct,1 2 4 5 6 7 9 10 23 33
AA1WaWd8Y460a5ZIWgHaWdCIc0Gr7A6Wo4,10,plain,none,mixed,1 4 5 5 6 12 13 13 18 23
AA1WK4PCLeAmi28c18a8MYKGIriTTpXIyS,10,plain,none,mixed,1 6 8 9 9 10 12 13 15 17
AA1WH42LDQaQb9gjgbAA7I9WYTYFa4nS12,10,plain,none,mixed,2 5 6 7 7 9 12 16 16 20
AA1W1W9n9IY3emD2OaY82xEXBAGI9LBbZa,10,plain,none,mixed,1 4 7 7 7 8 9 12 15 30
AA1W59aaKa4Wu5mqBWaa70u131WHYp88b4,10,plain,none,mixed,1 5 6 7 8 8 10 13 16 26
AA1W8AnqMaXRGH65Gn4GWIj9mc2eIZnKKK,10,plain,none,mixed,1 2 6 6 7 8 10 14 20 26
AA1W7H2J2O4uK4ma4WnK2W46WNCeH2b38e,10,plain,none,mixed,1 1 4 6 9 10 13 13 18 25
AA1WL3G962mKdgL5IAY0X2Q5Q8VE9nG1eO,10,plain,none,mixed,1 3 5 6 7 11 14 14 18 21
AA1W8H48wEa4qa96DKe20b8e45GoASjnb8,10,plain,none,mixed,2 3 4 6 9 9 12 14 15 26
AA1W28M20mI28jL3O1O4Gg48eCYLH48GM4,10,plain,none,mixed,1 1 1 5 6 8 14 19 22 23
AA1We0GFXq8tbbyFv0JX0L1sLb98GOf6OW,10,plain,none,mixed,1 1 5 5 9 12 14 14 19 20
AA1W2OY8WoJC28efm4WGoSNvto3mQoQkH8,10,plain,none,mixed,1 1 2 7 8 10 12 13 17 29
AA1W4HvBcGKRY1898S14P21LJTShCAXrKG,10,plain,none,mixed,1 2 3 7 9 12 12 17 18 19
AA1W39vWwBAI0G60Ooa8J4MKHI4WO2228n,10,plain,none,mixed,1 3 4 4 5 10 10 10 14 39
AA1Wo0P1GAgIGGnU8P244m7Wg5IamM8YIH,10,distinct,none,distinct,1 2 3 5 7 9 13 14 21 25
AA1WB2Y32PF88Y1SG118HErwur0Qud28GJ,10,plain,none,mixed,1 1 4 5 8 12 13 16 19 21
AA1W59Ia38KBBQ8Y0u4G106d4Urw6GmrgY,10,plain,none,mixed,2 3 4 6 6 10 11 15 16 27
AA1W58n30SE2usDHYM130K28dGUGD0e5QW,10,plain,none,mixed,1 2 3 3 4 12 14 16 19 26
AA1Wg286Wm91YA1-Faa041mAa7dnAYMH28,10,distinct,none,distinct,1 2 5 6 7 8 11 14 19 27
AA1WH27G44_ZXbEGg1Y31X1ub30jYBHw54,10,plain,none,mixed,1 1 5 6 8 8 11 11 21 28
AA1WXWIYZqXdA9Pd60GqHA6H44SW0cIHY2,10,plain,none,mixed,1 1 1 5 9 10 13 14 16 30
AA1W0bH2A8pHYT1ab91b2RSzmk913qUapa,10,plain,none,mixed,1 4 5 8 8 9 11 15 16 23
AA1WYSj8qJrpuc58E0G2JeP1L-JEi4GO0W,10,plain,none,mixed,5 5 5 6 7 7 11 12 15 27
AA1W2IW4CI2HXgXOD0ZfaWK2nlG81e9hE0,10,plain,none,mixed,1 1 2 6 7 9 10 18 21 25
AA1W6CUBojbCaF870a8WgiPX0eX8ZeaiGO,10,plain,none,mixed,1 1 7 8 10 10 10 11 13 29
AA1WGYGivs4GNI1WC6GG11viexieb2G92G,10,plain,none,mixed,1 5 5 6 6 8 9 14 22 24
AA1W2GASr40GvaVJCWCD12GXXMseN9w0WI,10,plain,none,mixed,1 1 3 6 7 7 14 15 23 23
AA1W50eI0e5YKW82WS2Op8J2O93G60O3eI,10,plain,none,mixed,1 2 2 3 7 7 8 18 20 32
AA1W4HOCWYaiavP2f1B2Gb5DWH48nrc58K,10,plain,none,mixed,1 4 7 8 8 10 12 14 15 21
AA1WW104aYIjbwGg6WEA4adYa78F13ZL2W,10,plain,none,mixed,1 1 5 6 9 11 11 12 16 28
AA1WB0230e4ujYB8Gc81840K4hZGr-K4We,10,plain,none,mixed,1 1 2 2 6 6 12 15 21 34
AA1W4ec38igGs14CtW14eI28nTGvIXfuA1,10,plain,none,mixed,1 2 3 3 9 11 13 19 19 20
AA1Wa3GNbQgmeI1W1y82DW5dQYnAM9I892,10,plain,none,mixed,1 4 6 7 7 8 9 15 21 22
AA1W2GJ2WKd76ALInMY4Wi6mW2ABN2GI4G,10,plain,none,mixed,3 3 4 6 6 10 11 13 21 23
AA1W1OA63OHqTBKA2GAHIKQZu737H2WZ0G,10,plain,none,mixed,1 4 8 8 9 9 12 15 16 18
AA1W4aiHI8WW84R430moWaGI6HQ9cI491C,10,plain,none,mixed,1 1 1 5 8 11 12 13 23 25
AA1W18u9s1a4g9ICI17P2WSgeY2J8Q4ACm,10,plain,none,mixed,1 1 3 4 11 11 14 16 16 23
AA1W8eeFfeKx7DGOb0W1O846KHPDqXCC68,10,plain,none,mixed,1 1 3 7 8 10 13 17 18 22
AA1WXf989gDmYuUW1481C2X0y8H2Q7WuW8,10,plain,none,mixed,1 1 2 3 4 10 15 16 19 29
AA1W8Y4ewo4WuA2JAYZKXauv849OA0ZGX3,10,plain,none,mixed,1 1 3 5 7 7 13 14 24 25
AA1WWcawdyCOY18aALG2OooL0Pmi90k5eH,10,plain,none,mixed,1 4 5 9 9 10 13 14 15 20
AA1W8NDZeM4pYQFV8x18a2IC8b628aHfX0,10,plain,none,mixed,1 4 6 6 7 9 10 17 17 23
AA1W8YiH1Go1G52Iaa3C1IsZCez9me70e4,10,plain,none,mixed,1 1 6 6 7 10 12 13 15 29
AA1WGb8kGL1obRZQ9aHACGWHBIPuuBF79W,10,plain,none,mixed,1 1 4 9 12 12 13 14 14 20
AA1WMB010a7IuZ0r7u41WCIcKPFWYzoe94,10,plain,none,mixed,1 1 3 4 6 8 16 20 20 21
AA1WW494sSaYaYYCSMY8ASUBo90auKYy3W,10,plain,none,mixed,1 2 3 7 10 10 13 16 19 19
AA1W5WaKua4XOaKaj4e8HAHIH308YH4H18,10,plain,none,mixed,1 2 5 8 9 10 13 15 15 22
AA1WCYxLWc8b40GS44W91PZ8XGK48MiOb4,10,plain,none,mixed,2 3 4 5 7 7 10 13 16 33
AA1WOX37WzUJgo8H652184a294IP6EHb32,10,plain,none,mixed,1 1 4 6 7 11 13 17 20 20
AA1WAH15ezaqe4GmXC44mC1cCeGcJeTaA2,10,plain,none,mixed,2 2 3 4 6 13 15 17 18 20
AA1W5GcD1KaXeWsJ20O5GK2Ig8Gb_Y8WK4,10,plain,none,mixed,1 2 2 3 9 11 14 18 19 21
AA1WWi40KjboGk0O10COWO104B1M8AGC4W,10,plain,none,mixed,1 1 1 2 4 5 8 20 25 33
AA1WK4ZeLCa4IYaqmY424XaNYAX2CH8Y2G,10,plain,none,mixed,1 2 6 6 7 11 14 15 16 22
AA1W4ICDWu3vN8uC1E8A1Hw6C5X4YDZezW,10,plain,none,mixed,1 2 6 9 10 11 12 12 14 23
AA1W8CRZ28LYGc9OEGoXf91CEc1WYqcKae,10,plain,none,mixed,1 1 5 8 9 9 9 12 21 25
AA1WIWfBII38e2WY2M9b4f928pnXd0qICW,10,distinct,none,distinct,1 2 5 8 11 12 13 14 15 19
AA1W6mkyZKWXOKgGI2a82mJOZDqHJA40WC,10,plain,none,mixed,1 2 2 3 6 12 15 17 19 23
AA1W7X48OfObZCV4H114W-1Tm0a4CxLGem,10,plain,none,mixed,1 1 6 7 8 9 10 16 17 25
AA1WAWv78oda1Gc2bW94WR2CH8KIC5_hA1,10,plain,none,mixed,1 4 4 5 6 8 10 15 18 29
AA1W2H9D44I4GDX2qC288w5DdrYij440-4,10,plain,none,mixed,1 1 2 5 7 8 13 19 19 25
AA1WA7GcCQDXaJ08E484y6HIXBGtD10C2W,10,plain,none,mixed,1 3 5 5 7 9 12 15 18 25
AA1WB1EGde311Wk58X190cKXU7qURqHIA2,10,plain,none,mixed,1 1 7 9 10 13 14 14 15 16
AA1WHKg92N8WO4IaFWGqWaeNnFO2B9EKJ2,10,plain,none,mixed,1 1 4 9 9 10 10 14 18 24
AA1W8AOud7mCMI8mH0H2IQmibaQps4eh05,10,plain,none,mixed,1 3 7 7 8 11 11 14 19 19
AA1W5GP148L14utsjWO98e2GHaYZ288WI2,10,plain,none,mixed,1 3 3 3 8 9 12 15 22 24
AA1W8mQKJy5eK1WX60Y40WO6WshEYHc4uJ,10,plain,none,mixed,2 3 5 9 9 10 10 12 12 28
AA1WGfqzuEKbKMWBXOYEIfgfDcAb8aWmX1,10,plain,none,mixed,2 4 5 6 7 7 8 10 22 29
AA1W088830jf92P2eWO28YCIjJgGbCRYiX,10,plain,none,mixed,1 1 4 5 7 8 14 17 21 22
AA1Wec8qIYWV19PuK0W8IgcOfHYAmY43WW,10,plain,none,mixed,1 3 3 6 7 12 12 12 20 24
AA1WJ9Gk880uT4eq34KH98f289mGjTGi24,10,plain,none,mixed,1 1 3 6 7 9 9 15 17 32
AA1W8GXT1GWO8-WQ5GIB1aT649OZVZqw1W,10,plain,none,mixed,1 2 4 7 7 9 14 17 18 21
AA1W5L2X44W9qYqMb20b2HIC92O9vMu7GA,10,plain,none,mixed,2 3 4 5 6 6 14 15 16 29
AA1WC1heIK8XQCeP3rHG114B4fauMhQXA2,10,plain,none,mixed,1 2 2 9 9 9 12 13 18 25
AA1WC1fJ8M65s4TZX4WP3K2YAqTB90m8KC,10,plain,none,mixed,1 2 2 3 10 10 13 17 20 22
AA1WHAHKcKF1H7QRJ2OC0WWaiw4H528GGO,10,plain,none,mixed,1 1 1 4 7 13 13 14 21 25
AA1WCYfGf5EHqX4O8XW0G8v2B4GCnInICn,10,plain,none,mixed,1 3 3 6 6 11 14 17 18 21
AA1WmKARRgO-Vi3OIuL0EL322TmqXKX9IW,10,plain,none,mixed,1 3 5 5 5 12 14 17 18 20
AA1W0e6WggObnja5c24GXH89bAHBCuux16,10,plain,none,mixed,1 4 4 6 7 7 13 19 19 20
AA1WeGI2mC2W4KRiGH1WW41y8WHoAYE994,10,plain,none,mixed,1 1 3 6 7 7 10 11 16 38
AA1WK994P040SRZSQca0W5X3fp63IA0810,10,plain,none,mixed,1 3 5 5 5 5 9 9 23 35
AA1W8cYf2k8W949iYYX0b7ysmBPOKtN6uY,10,distinct,none,distinct,1 2 3 4 6 9 12 13 23 27
AA1WNatEgrDLfMCzKP426ES890ag4Y3cA0,10,plain,none,mixed,1 5 7 9 9 10 10 11 18 20
AA1WE0T5RYWI7ThHa8O2Gn8SfPv9WYGB41,10,plain,none,mixed,1 1 1 6 10 11 12 17 18 23
AA1W4XP7B1uv76860m2C1GA7OYXSZWX1a8,10,plain,none,mixed,2 3 5 5 5 7 8 11 24 30
AA1WGcmE24LB2VWA7YaG40SfvanfA4-b4u,10,plain,none,mixed,1 2 3 3 4 11 12 16 21 27
AA1W377mFz8Q5CF9RA4GKaRCYfmjf2nY8C,10,plain,none,mixed,1 3 5 5 7 10 14 17 18 20
AA1WGXD2HiutIr8feI4487aNByCvQSZvH8,10,plain,none,mixed,2 6 6 7 7 10 12 16 17 17
AA1WI124Xw32o4HIAGLfD9AEqXb0g7H50f,10,plain,none,mixed,1 2 8 8 9 11 12 12 17 20
AA1W6Gc2GQ9Z-7kwyKX28K18Ys22Q5q184,10,plain,none,mixed,1 1 3 6 6 8 14 16 22 23
AA1W9IHijg0m6fAac2G5Yhbg14ccTmafY0,10,plain,none,mixed,1 3 5 7 7 7 10 15 21 24
AA1WaI9WiGYRq60m6qW8kK1WKWb9PAIq9H,10,plain,none,mixed,1 4 4 7 9 9 11 13 18 24
AA1WAXCeZTK60G2oD8fX7GoGn4b2K108ma,10,plain,none,mixed,3 3 4 5 5 9 10 12 12 37
AA1W8Go8o8768A18AzW18GF7muB_O92082,10,plain,none,mixed,1 1 1 4 8 9 12 17 17 30
AA1WGWXGJb9ICA957OY2GItN85Gj4rQz92,10,plain,none,mixed,3 6 7 8 8 8 12 13 15 20
AA1W318eM4W9i2-HL8bIGqAC9YKQHBq708,10,distinct,none,distinct,1 3 4 5 7 11 12 16 18 23
AA1W9AM9qfzOb1Gaq0e88Iq9H3-V8KSi0O,10,plain,none,mixed,1 2 5 6 7 13 13 15 18 20
AA1WoM9HAHZeKGJu71942m3GT3bX2Wia0H,10,plain,none,mixed,1 2 5 6 6 12 14 18 18 18
AA1WGIhG5082ZYOg0aO4XfkCHHw2Wi6Ia4,10,plain,none,mixed,2 2 3 4 6 7 8 9 21 38
AA1W18QGWo72u8aFb1X30VQxQO685hZmg2,10,distinct,none,distinct,1 2 3 4 7 10 15 18 19 21
AA1W3HXK0W2mS4WXi9XWK1u92b4G10acYm,10,plain,none,mixed,1 2 2 3 4 8 10 19 22 29
AA1WmGE2XB96W46GV0m1KK1fUAYIeB1KB1,10,plain,none,mixed,1 4 4 6 6 6 8 9 28 28
AA1W6WXdrGC2WOUa8WKHWg6Xl4E0e64f34,10,plain,none,mixed,2 3 4 4 7 10 11 12 13 34
AA1WaGaG1C5kMuA18E40aHw-uL2mO4938Y,10,distinct,none,distinct,1 3 4 5 6 7 8 16 22 28
AA1W8ue12IZO3cIoAX43Wa8L2P3Hi9YX0W,10,plain,none,mixed,1 1 4 6 8 8 12 14 16 30
AA1W68m28NGZa-6er1E1014mpK1C91H66G,10,plain,none,mixed,1 1 2 4 6 8 14 19 20 25
AA1W5AAy6WK2WABY30O4Y4fM8Ho10G2mYC,10,plain,none,mixed,1 1 3 7 7 8 10 10 15 38
AA1WXHI6g0M0EE1eq180K1gRQCSVZ7G928,10,plain,none,mixed,1 2 2 4 5 6 8 20 23 29
AA1W20HDNLaITHaF35O2H56AGU2AA0oSaQ,10,plain,none,mixed,1 2 2 9 12 12 13 13 16 20
AA1WWc8IhqEGf58aA1G26G61I42ImoaIX8,10,plain,none,mixed,1 2 8 8 9 12 13 14 15 18
AA1W2eA10F6Qxc3WH2a20S0O54qoLF8X10,10,plain,none,mixed,2 2 3 4 6 8 9 11 22 33
AA1W2861810OAK94w6WH2AGo1HkEwnKzWO,10,plain,none,mixed,2 3 3 6 7 7 8 12 15 37
AA1WHnw0e876IqF2Sf00GOYAMbAHeA3JfI,10,plain,none,mixed,1 1 5 6 7 7 8 9 26 30
AA1W10K4X2ZWaCiJ4X2F1E9nZMqGa1d4Gi,10,plain,none,mixed,1 1 6 9 11 11 12 15 16 18
AA1W6WJMQo995e6AIGo6GuJgXa0Y2aCb18,10,plain,none,mixed,1 5 5 6 7 8 9 15 16 28
AA1WAYaQGK2xS-0G7aY184g2CnGn5JX20W,10,plain,none,mixed,1 1 3 5 6 10 12 16 22 24
AA1W1Bm2MeAALLhdKnGW5WJigSkSU3X4a2,10,plain,none,mixed,1 1 3 5 7 8 15 17 18 25
AA1WI8e3YM9H29DYa48814aa6GjbJ0u9r2,10,plain,none,mixed,1 1 5 6 9 10 12 14 17 25
AA1W20Z2WQZoSMZ78uG1Wy4Gbr9C4ZHWc1,10,plain,none,mixed,1 2 3 4 10 10 14 16 18 22
AA1W9Xv8wCf2EUePiW368IEp9epA4cJfI1,10,plain,none,mixed,1 1 4 5 11 12 13 13 19 21
AA1W8GcD08i8ZR5WC2G6GK3Fenk4b2e60e,10,plain,none,mixed,1 1 2 6 7 8 8 15 22 30
AA1WH08K1O2jAPncCuA4Wy-6Hwd478K28Y,10,plain,none,mixed,3 3 4 4 8 11 12 13 20 22
AA1WWFA6KaYN_nWA1GK82KXYKLZ5g5jY48,10,distinct,none,distinct,1 2 5 8 10 11 12 14 16 21
AA1W38K20W41WwNJ46W50Z50o9I8n48XGC,10,plain,none,mixed,1 3 3 3 5 9 11 19 19 27
AA1WA1H21Ho0818DYqDCHGE2GI2JGY0GTe,10,plain,none,mixed,1 2 4 4 4 5 9 16 27 28
AA1WGHkw2Yf2u1XQ4P092ug4tPYIb2aeT2,10,plain,none,mixed,1 2 6 7 7 9 15 16 17 20
AA1WGKPyL1Y8Zigw9Y425CPPaMK4GgAwn2,10,plain,none,mixed,1 5 6 6 6 6 13 15 19 23
AA1W2H29D2Hn8fYqfa490l7C6WG6TBG830,10,plain,none,mixed,1 4 5 6 6 7 9 13 21 28
AA1WeIYAYGJ0Z2Xrn86eH1wKKJGW2RQ9PK,10,plain,none,mixed,1 4 4 6 7 7 10 18 21 22
AA1WB0v9sO2cIfHa4Wa8WmB7IQWyI1qK4W,10,plain,none,mixed,3 6 7 8 10 11 11 14 14 16
AA1W90G2OeOHYaJ5Kw858j34seE1SBcG94,10,plain,none,mixed,2 3 5 5 7 10 11 14 18 25
AA1WJ2B8uvR1VAWeOi840XMH74j1HvHX8o,10,plain,none,mixed,1 1 5 6 10 11 11 15 17 23
AA1WGpDWg4fBWrWO3ue13qn4maiaJGrcn5,10,plain,none,mixed,1 4 4 6 6 7 11 18 20 23
AA1WX0JM3uP9HyaaQ3GY0QGZA5dMGo8X2m,10,plain,none,mixed,1 1 7 7 7 8 14 17 18 20
AA1WC0W870PiyNCF4W9CHS26G0uJ5GL2Oe,10,plain,none,mixed,1 1 2 6 7 7 9 12 22 33
AA1W94LJfOL4iRKncQe06TyY8KcBYnE8i4,10,plain,none,mixed,3 4 6 7 8 9 11 16 18 18
AA1WG6995040WEHK9Y6K50uCeXa2895978,10,plain,none,mixed,1 1 1 3 5 10 11 15 21 32
AA1W1H9yA1cDOX3WZY2mbhnXIKoT3GPZ28,10,distinct,none,distinct,1 3 4 6 7 10 12 14 16 27
AA1WOKLy4GX4K4mcQI41608M3vCoYI5nA9,10,plain,none,mixed,3 3 6 6 7 7 10 10 21 27
AA1WGgyaX7EH4p6eH24P02HJIaYOZ8m84W,10,plain,none,mixed,1 1 6 8 10 10 12 13 18 21
AA1Wa9Y4898QNLBpeQ8I6Jo8aDHy2eDqWX,10,plain,none,mixed,3 4 5 5 6 7 9 13 17 31
AA1W16bfo5WS3WHoQWYXHcui2Gg4eWdQaC,10,plain,none,mixed,3 5 6 6 7 9 9 10 13 32
AA1W82LGuHWSTnK948WCH4v38PKobHoJq3,10,plain,none,mixed,1 4 7 7 8 11 13 13 18 18
AA1W8nHAHjtOu50fqX44GH4K3fHY8KYQK4,10,plain,none,mixed,1 4 6 6 7 7 13 16 19 21
AA1W3MHgC2WS3CIiA98GKAHn88r58H4i0B,10,plain,none,mixed,1 1 6 8 8 9 10 11 17 29
AA1W694o2ex0oAceP2gCIKK4_C74oCTWW4,10,plain,none,mixed,2 4 4 5 8 10 12 15 18 22
AA1W2GH9GgAFHK1q0G4HIIHna5IaKYZq48,10,plain,none,mixed,2 4 6 6 7 7 12 15 18 23
AA1WMIcAIU7qYJSNI0m3G6T8fI6OuYI102,10,plain,none,mixed,1 4 4 6 7 10 14 15 19 20
AA1W0a8y2nY9O692ua8m1oI9CSYGZ8Q3nI,10,plain,none,mixed,1 1 2 7 7 10 14 17 20 21
AA1W0Kpp20EBIQCNYXAY1LNAKaX1GA53MW,10,plain,none,mixed,1 1 2 5 7 9 11 12 16 36
AA1W2Nc0uoB0be5W4n0HaAHKzOEHs9g9AH,10,plain,none,mixed,1 4 5 5 8 9 9 10 24 25
AA1WB10enuy1ZEOL4f4I1WE059KY8I5A91,10,plain,none,mixed,1 1 3 5 6 7 8 20 24 25
AA1We0ON09106eWLGOWeX8HU7eo6YqIXDi,10,plain,none,mixed,1 1 2 7 8 10 13 14 17 27
AA1W1Xuk4eeKPLzS2GZOHC84sZR46KwWiG,10,plain,none,mixed,1 1 3 6 8 9 12 14 22 24
AA1WOaOYb7JvUGAva204SW7TBfYYnWa9WI,10,plain,none,mixed,1 5 5 6 11 13 13 14 14 18
AA1W4YaOn0mYsAq8WK3c44jc820K2HcM2n,10,plain,none,mixed,1 1 3 4 5 7 15 16 22 26
AA1W86HiZCLWx1ICZG40z4oKozJnK0N268,10,plain,none,mixed,1 1 3 4 6 7 11 21 21 25
AA1WQZ1S9vFI5eL2EEK0G9B61YH024PbQG,10,distinct,none,distinct,1 2 3 4 6 9 12 16 20 27
AA1WWXOhWn9d6eX1uGcGjIf8X84Wg3rTo8,10,plain,none,mixed,1 5 6 7 8 8 9 9 21 26
AA1W88Y6eGE6mD1e0eQ70m54ID29GP0uA2,10,plain,none,mixed,1 1 2 3 3 7 13 17 23 30
AA1W404O1wmOq8nA1W8KIIEIuv6mwfU30e,10,plain,none,mixed,1 3 4 6 10 11 11 12 21 21
AA1W9bCB8qGE1nn958emeH4hZK009AbL9a,10,distinct,none,distinct,1 3 4 6 7 8 9 11 16 35
AA1W58K2bq9YA6Ohan28OW719aWCcKHX02,10,plain,none,mixed,1 1 3 6 8 10 17 17 17 20
AA1WY3aOJ4IHnBpOu0W2KHCaHHEZrBb78f,10,plain,none,mixed,1 3 6 7 9 9 10 13 19 23
AA1W621qCHMAlEXqp2MG9Yn62j0G1OH150,10,plain,none,mixed,1 1 2 3 7 10 12 16 21 27
AA1W88X9e-xXAXCq-YK2Wf3NX8mGGWm944,10,plain,none,mixed,1 1 4 5 5 10 16 17 19 22
AA1W40E0xG1wLSGTo2GE9o4f9ejyPKaBYY,10,plain,none,mixed,2 3 3 5 10 12 13 14 18 20
AA1W8Wf38f6M6jgA8mM20S3KLR8eWqKb14,10,distinct,none,distinct,1 4 5 6 9 10 12 14 19 20
AA1W0W42Xi6Gqc5GPGP9X288bCBYKGw188,10,plain,none,mixed,1 2 3 5 8 9 17 17 18 20
AA1WC0GIIH71eOYIKM0HA84inZIiHY488X,10,plain,none,mixed,1 1 3 7 10 12 14 15 15 22
AA1WIcOr7C5X0G47We34S451mI2Ge0L2GK,10,plain,none,mixed,1 3 3 4 5 7 9 13 17 38
AA1W26WN3m941C162X4c6e90xYwq8X38fT,10,plain,none,mixed,1 1 3 5 5 10 11 15 20 29
AA1WH2YgfAHSUJp861eQ0OqK7GXJY74A2W,10,plain,none,mixed,1 1 4 8 8 11 12 16 19 20
AA1WB18HjAaGa58CMCYA01OIYKkc92UTuW,10,plain,none,mixed,1 2 5 5 7 12 12 12 13 31
AA1W0S3GvC3khLoSPM1X2H90h6uX92sC88,10,plain,none,mixed,1 3 5 8 9 9 11 14 17 23
AA1W10G34RPX99X4X848ec6m40caDPG61B,10,plain,none,mixed,1 1 2 4 7 9 14 16 17 29
AA1WXPmYC797qlIIWa80csrI6YLCF9Aa20,10,plain,none,mixed,1 1 4 6 8 12 13 16 18 21
AA1WCHkB1LEMeY39OWa0eL1WvI1icJGE0M,10,plain,none,mixed,1 1 4 6 7 8 14 18 19 22
AA1WI148qCRaZXLYTM289seWn5qUeAnD1m,10,plain,none,mixed,1 4 4 8 9 9 10 11 16 28
AA1Was6zHAoIDIDfBD429ciM48HzH8G201,10,plain,none,mixed,1 5 7 7 10 11 11 14 15 19
AA1W1fU4aAKYIb2q4IYC1i8V3lJa9ZwW00,10,distinct,none,distinct,1 2 3 7 10 11 13 14 15 24
AA1W20MJZKCJID1ZGY8H28EG86nkKSWHo8,10,plain,none,mixed,1 1 3 9 10 11 11 11 20 23
AA1W8R38YfKq9Xjme10HAOh0S9HC6ZOF24,10,plain,none,mixed,2 3 4 5 9 10 10 13 22 22
AA1WD3848FWvAwqUWHPb4PIe8v737X22A0,10,plain,none,mixed,1 2 4 5 6 6 12 16 20 28
AA1We0GGm-4eY6IjB0eWW4ON3vGb8IKM26,10,plain,none,mixed,1 1 4 4 4 9 13 18 19 27
AA1W1Wdax1BAAYiTmb2GHA69GY4gWXBYH8,10,plain,none,mixed,1 2 3 7 7 8 10 14 24 24
AA1W11EMsY9C8X4C7aID0pISZmN1CaXa4G,10,plain,none,mixed,1 5 5 7 7 7 11 12 19 26
AA1W14C8AMKgu81On08fJ9IHSEWEo30S0m,10,plain,none,mixed,1 1 1 6 9 9 10 13 23 27
AA1WGK28XQEXG4gJWC18t4OGQ4nOF2i9H8,10,plain,none,mixed,2 3 3 4 6 9 10 16 20 27
AA1W8J13095148bG810er4OXICIaQZ8v2e,10,distinct,none,distinct,1 3 4 5 8 10 12 17 18 22
AA1W4FI0e8G2uoCA8b4HC6MKmb2yOI2mX8,10,plain,none,mixed,1 1 4 6 7 8 9 18 21 25
AA1W1FkC10PoXK1GC12H48Kbo4uXICXM6e,10,plain,none,mixed,1 2 3 6 6 7 11 11 25 28
AA1WGa4iIW9A4IIDIIQC5WA2WC1kFRb5mO,10,plain,none,mixed,2 2 4 6 7 10 15 16 17 21
AA1W2vK9olCvMJHiLb80W5DT4Yg15A4Y10,10,plain,none,mixed,1 2 6 6 8 9 14 16 17 21
AA1W960GhCzvGboMI2ea2SfCXZaL92IL1O,10,distinct,none,distinct,2 3 4 6 7 12 13 14 16 23
AA1W4GHwEeETaT4j-GKIWfGnXi1IF1tiWM,10,plain,none,mixed,1 5 7 9 11 11 12 13 14 17
AA1W61H4Gr0WHrWoP18HA5HKALrOgqkz2G,10,plain,none,mixed,1 4 6 7 9 11 11 11 14 26
AA1WA1GI10S8K3DUvP44WXQJaQW21OK2eg,10,plain,none,mixed,3 4 4 6 7 8 9 12 16 31
AA1W8Gr5OQ2pwIQXQ0G1GA2SAAsAcM2em8,10,plain,none,mixed,1 3 4 7 9 11 12 12 17 24
AA1W1C6areeYVLz9Wa0Y0M2HaH2GzHbc8Z,10,plain,none,mixed,1 4 5 7 8 9 9 17 19 21
AA1WW11OIo9CoQLHHf974kmPu21o892Ms0,10,plain,none,mixed,1 1 5 8 8 12 12 12 17 24
AA1W38MT32B0HF7bvWY48aG9uMuJ_hwZO5,10,plain,none,mixed,2 2 4 8 9 11 11 15 18 20
AA1WK2GUCSPKT1Pez0GA8gBBij8nA1eAY8,10,plain,none,mixed,1 6 7 7 8 10 11 16 17 17
AA1WOC9qf913KImY8300r6IVebqoUGk4K2,10,plain,none,mixed,1 1 1 5 8 13 14 14 21 22
AA1WW8MM_l8W2fL2-IHf0XGJP7LuYaKbA8,10,plain,none,mixed,1 5 5 5 7 10 10 16 19 22
AA1W8fJ6mu57W-6EH422GH22476Ku97W20,10,plain,none,mixed,1 2 3 5 6 6 8 18 20 31
AA1W298v2oZXQaWY54IAYf9DHdD8aS_e10,10,plain,none,mixed,4 4 4 7 10 10 14 14 15 18
AA1W8GL2Fed5EP-Gc742X84TNgWX8lGOb8,10,plain,none,mixed,1 2 3 4 8 13 14 16 16 23
AA1W1A9hIY2Gx50eA0LaFXGB2MHA20HH8O,10,plain,none,mixed,1 2 5 5 7 9 11 18 18 24
AA1WA1S4XA6eWUY4WG818A1dWYYej9xB1e,10,plain,none,mixed,1 2 2 4 5 10 10 12 12 42
AA1W8WqHHAKd5kAI2OH2GEScK56ef3W8fI,10,plain,none,mixed,2 4 4 5 8 10 14 15 17 21
AA1WIHVJAM4qI4hfGgA10GsaoZXqcRCWf8,10,plain,none,mixed,3 4 5 6 11 12 14 15 15 15
AA1WH1EHPlBbVOuec4W28Aun648AWd4624,10,plain,none,mixed,1 1 6 8 8 10 15 16 17 18
AA1WL2K8d40O76BG61G5XCLHFe38v4mX4a,10,plain,none,mixed,3 4 4 5 9 9 9 11 20 26
AA1WaqYX5afgY8HlE100mM1nSKAYAaIIIa,10,plain,none,mixed,1 3 4 6 6 10 16 16 17 21
AA1W8H045S7DPB0W5efB0e53y9048OYaK8,10,plain,none,mixed,1 1 2 5 5 7 12 15 25 27
AA1W9A0C0i1WK3OOB4O891uA24Gmfaib0a,10,plain,none,mixed,1 2 3 6 7 8 8 13 23 29
AA1W8Wy78XOY0ucDYiA10274a8c78BuV8S,10,plain,none,mixed,1 1 4 4 9 10 11 14 21 25
AA1WQ3a55KHGK8bwe8G4f0U0RhiY-Wa6Gp,10,plain,none,mixed,1 2 2 2 7 10 14 15 21 26
AA1W8MXJkXAHC80Wrw9MDI64KU9HHHHiH0,10,plain,none,mixed,3 4 4 4 5 10 13 13 17 27
AA1W4C4BJ61G5msAFX1fJ8KH1eM1kZ77CW,10,distinct,none,distinct,1 2 5 6 8 10 11 12 14 31
AA1W104YAHnXX99Mqm4I9Y2OH3IyqWr6YG,10,plain,none,mixed,2 4 5 8 9 9 11 13 15 24
AA1Wa3WKAey7aCWO30a448H4a4eY8fGA3G,10,plain,none,mixed,1 3 4 4 7 9 17 17 19 19
AA1W0La30O3YTRIQJE4Y2HGc8H01KaT2OO,10,plain,none,mixed,1 1 1 4 9 10 16 18 20 20
AA1WQ050e412eca41GW1G8Y0G2iTbo2GD1,10,plain,none,mixed,1 2 2 2 3 7 8 21 21 33
AA1WYGJ2GQ5aPYj9K9rY0I28M4XP1uoIK0,10,plain,none,mixed,1 1 2 3 8 13 13 16 20 23
AA1W0mI1OC-YaJkSgAI28a2OW36eaH48gA,10,plain,none,mixed,3 5 5 7 7 7 12 13 14 27
AA1W102WAAJRRa08410GvB1OJ3mcj5ev4W,10,plain,none,mixed,2 3 4 4 4 7 8 11 27 30
AA1W2YFAWgCqTLaqmWY8fUwDXZJ4c59R50,10,plain,none,mixed,2 4 5 5 8 10 10 16 17 23
AA1Wa3JcNYgMq5WgWH146hgQIjGA1GMWA0,10,plain,none,mixed,3 4 4 5 6 9 13 16 18 22
AA1W0GD5LQHD08OaN5ODGJ41rMJGWI4r2K,10,plain,none,mixed,1 3 3 3 4 5 12 18 25 26
AA1WH2me62Z9YkY6KHZ32KEAatK66myA9W,10,plain,none,mixed,1 1 5 7 8 9 11 14 15 29
AA1W2INYXadSCF1u1mHi6eb52h0Z1CoKCG,10,plain,none,mixed,3 3 5 5 9 10 14 14 16 21
AA1WWGwFH8B6Z5o1GA3Y48YcaEaK91C2e8,10,plain,none,mixed,1 1 1 6 7 13 14 15 21 21
AA1W26Of15f6OrbZo0m8CYMuH3w4j44WLa,10,plain,none,mixed,1 1 5 6 6 9 11 16 22 23
AA1WKM71X182WIGn9GQYAH2fNfT2m10Pqe,10,plain,none,mixed,3 3 4 5 6 7 10 11 20 31
AA1W0GEM8H18g8s4I189nCHg8B2xXI4I0W,10,plain,none,mixed,1 2 3 6 6 15 15 17 17 18
AA1W50O518mY1QZa2H260W4H9nw44W-7mc,10,plain,none,mixed,1 3 3 4 7 11 16 16 18 21
AA1WCASZIw8H34IS1086JogXiWWcWY61KI,10,plain,none,mixed,1 1 5 6 8 9 9 15 18 28
AA1WGcGs2m8X12MOr88W95KAf9Kib0O2WF,10,plain,none,mixed,1 2 4 4 9 9 13 14 22 22
AA1W9HCHSAWgcLQWe2059QI8I1085c4NX4,10,distinct,none,distinct,1 3 5 6 7 9 10 12 23 24
AA1We4cI188WEXA811e2IUR69H1876830K,10,plain,none,mixed,1 1 1 3 5 10 15 19 20 25
AA1WGZOf0gC24YQ7Fa48gCYLXYITdmYD1Y,10,plain,none,mixed,1 2 5 6 8 13 13 13 17 22
AA1WGY5GX424WNxCHa42GB8Gc6mg4E8mY8,10,plain,none,mixed,2 3 4 4 5 10 11 19 20 22
AA1W1G7eY9Z5DBkXm109AaSO-70aeZGQ4Y,10,plain,none,mixed,3 3 5 5 5 6 12 13 22 26
AA1WYAm14Rw6W618qO89CAKANZ344OZCKX,10,plain,none,mixed,1 1 3 5 6 13 15 16 18 22
AA1WGegkAHC9LmUFfm93BGtL9FAHYW9n03,10,plain,none,mixed,1 3 8 8 9 9 13 13 17 19
AA1WGIRQ2Gn7GS4m3mP40EQH69amGI1WI3,10,plain,none,mixed,1 1 3 5 6 10 10 13 16 35
AA1W408832Js4mWt9A4I24SBYydICPI4WZ,10,plain,none,mixed,1 1 7 7 9 9 10 10 19 27
AA1W2W91KDHAii3OmWq8mf1W62SK7LGo1G,10,plain,none,mixed,1 1 2 5 6 8 11 14 23 29
AA1W6a2aJ8A0k6eL2OPC6Wu7m4awePJZ4G,10,plain,none,mixed,2 4 5 5 6 6 9 18 18 27
AA1W2Wa2v1AWLN4H1G53GS31eyaUYfiLuG,10,plain,none,mixed,1 2 3 8 8 11 14 14 19 20
AA1W28g3eH3J5EJuun41G92W8mHuZtDlI2,10,plain,none,mixed,1 5 5 6 7 7 11 12 14 32
AA1W8PmBJ084UY_eY9PA154QKYnHHoIen8,10,plain,none,mixed,1 1 7 8 9 10 12 14 15 23
AA1WGgXod1V0uGY218C4J231ey48bJdSua,10,plain,none,mixed,1 4 6 6 6 11 12 12 17 25
AA1W0D2GjXjDKKLL6WuGLiy0UCXu9AMZoO,10,plain,none,mixed,2 2 3 4 10 10 15 16 16 22
AA1WQ15X28f0aQJK-Gb2JXr0H3KLogAGi4,10,plain,none,mixed,1 4 7 7 8 9 12 16 18 18
AA1WB1GLaapcKJf44G2499KeZK6aB26GY8,10,plain,none,mixed,1 4 6 8 9 10 11 11 14 26
AA1W8z80L8Aae58CaW4aJPR893mk-JaaWe,10,plain,none,mixed,1 2 4 5 10 11 11 12 19 25
AA1WL345Jf2YA2Wa2ca811N7O7uGr0ySYa,10,plain,none,mixed,1 3 3 8 9 9 12 14 14 27
AA1WAIoMBShHo8AB60m20WerI90I8WaJHK,10,plain,none,mixed,3 4 4 5 5 10 13 17 19 20
AA1WIQGDQTouS4OZ3-G40HO209IoHBgYA8,10,plain,none,mixed,1 1 6 9 10 10 10 10 13 30
AA1W5H82aA4a9qwW40G2HsF7uOf4tduIY8,10,plain,none,mixed,2 4 4 6 9 9 13 17 17 19
AA1WGC1mKpAY59M48WYCc2BnX80G3WrNX4,10,plain,none,mixed,1 4 4 5 7 8 8 13 24 26
AA1W0WH3Wg9YDoHHQGa5Gc68a8kCqXj1sG,10,plain,none,mixed,1 3 5 6 9 10 10 17 18 21
AA1WaX84uY2bniFNBua2K4WIPzd1eIqAA0,10,plain,none,mixed,1 3 3 6 8 9 11 15 21 23
AA1WHYYL09CCW5ZjB001OJgjaaKZP728Gq,10,plain,none,mixed,1 1 4 4 4 10 10 20 23 23
AA1W22meKef2WKHbX-0YM2Y_bMOp896HAC,10,plain,none,mixed,2 5 5 6 7 7 11 16 17 24
AA1W4dm8Wu0G91gMuYXWA2Wb7Sqak2vJw2,10,distinct,none,distinct,1 3 4 5 6 7 13 14 15 32
AA1W2MnWIvIf28Z2OXCgYKeDGM10C9Uu0m,10,plain,none,mixed,1 1 2 6 7 7 13 18 21 24
AA1W2mkLb48Y4mXPg80596Ip1WC48oI2GL,10,plain,none,mixed,2 2 4 5 9 10 12 13 17 26
AA1W2aq2PD93G61IIEIXgCIp8eXG430Gua,10,plain,none,mixed,1 5 6 8 8 8 9 13 15 27
AA1W3DXGI94WK232OYK870aYbciXC9APWi,10,plain,none,mixed,1 2 5 5 8 9 9 19 20 22
AA1WWGE2466HqEY7Y4Wf0g5Wq0hgjJK4Ga,10,distinct,none,distinct,1 2 6 7 8 9 12 13 14 28
AA1W0WF1A9LGU95YK6W8X32GO5WqYYCbHA,10,plain,none,mixed,1 4 5 6 7 9 11 16 16 25
AA1WOHA2mIoWX9I80c24GJcYuN1Owqb10G,10,plain,none,mixed,1 1 3 8 10 10 12 16 18 21
AA1W8sOW9KDIIgrCm1A0DCR_0-0KqVfSWa,10,plain,none,mixed,1 2 2 6 6 8 10 18 19 28
AA1W20U3WHoNeaWOp280eY18H2iXFbmy70,10,plain,none,mixed,2 3 4 4 6 7 10 15 22 27
AA1W8I5Gwppiua38KaWC94g9N5XCCMH6C1,10,plain,none,mixed,1 6 6 7 8 10 12 12 16 22
AA1WXaSr0RMXOGmT2V821HLYrSiCMOh8WX,10,plain,none,mixed,1 2 7 7 8 10 12 13 19 21
AA1WGWv3acdL8F1mCmO8GAXKHT4NCV2o8H,10,distinct,none,distinct,1 5 6 8 9 10 11 13 18 19
AA1W2GaLUGq1ZvSA8n4P2Q0mHzA98V1I1C,10,plain,none,mixed,1 4 4 6 8 8 9 14 22 24
AA1WBYhBAKSZ8o0G80a1W0vWdsuPQF0860,10,plain,none,mixed,1 1 3 3 7 7 9 11 27 31
AA1W2We2IJOKOLYEf689HO2OmtWKp2I8Wa,10,distinct,none,distinct,2 3 5 7 10 11 12 15 17 18
AA1WC1Lyea50QoFpGQ80J80H4sGW7CPXb1,10,plain,none,mixed,1 2 2 4 6 6 14 16 21 28
AA1WIAWH4qf6vqkMf4W81Y6WdwwfDG20aG,10,plain,none,mixed,1 5 6 7 8 9 9 14 14 27
AA1W4JIOR3oWO2c82184WMWYbqeN3WW430,10,plain,none,mixed,1 1 3 3 6 13 13 17 19 24
AA1WG0W4Ca51CrJA4G24f9eTV50e6nE8Y4,10,distinct,none,distinct,2 3 5 6 7 11 13 14 17 22
AA1WO0c2SbClHgKma1W88nbCKOIGI5W5Ya,10,plain,none,mixed,1 2 3 4 9 10 15 15 15 26
AA1W8WYgIWb3qHPAdKaGHm2dACIvI699X8,10,plain,none,mixed,1 2 7 8 10 12 12 15 16 17
AA1WOoKK2G863iMqhCK2007qhyA4Gy62G9,10,plain,none,mixed,1 3 5 5 6 6 7 9 21 37
AA1W2eBCSXyXWA1W9XmA1GC2HJsJ2KXC81,10,plain,none,mixed,1 2 4 6 6 8 14 16 16 27
AA1WI0IgJJSJG40c4X143Wn69ta4Wa32fq,10,plain,none,mixed,1 3 5 6 7 10 12 12 19 25
AA1WX8c3l0u4mLZAIIc84Oe5MQQAf35e20,10,plain,none,mixed,1 4 5 6 9 9 11 12 13 30
AA1W6XI6X6E8k4GYGE20800NoA1mD7G6OG,10,plain,none,mixed,1 1 4 5 6 7 9 11 24 32
AA1W48W5YU8_dCau62G2mCEfH8WYGXG14W,10,plain,none,mixed,1 1 2 5 5 11 16 18 20 21
AA1We2eZHWg10uGI1O337iCaK-c2891HI8,10,plain,none,mixed,1 2 2 6 6 8 11 13 20 31
AA1W50eoX4I8928U1ebA2GC1WyCxKWY4WA,10,plain,none,mixed,2 2 5 6 7 8 12 13 16 29
AA1W994egfc6GY47My40ZhI9H2Gbeg4GCa,10,plain,none,mixed,1 4 7 7 8 8 12 14 17 22
AA1WWZoXiIYem3ZXc8ImAIYYIXh6HLsQuY,10,plain,none,mixed,1 3 7 7 9 10 14 16 16 17
AA1W8OJ2aA8KYcNomY2E091awbHa0Z722G,10,plain,none,mixed,1 2 2 6 6 9 11 15 24 24
AA1W18E1u966mDAW90838H1u85GgCbaaY8,10,plain,none,mixed,1 2 2 5 7 9 12 15 17 30
AA1W10HILKEnoIIXAXM4H2H32TqG21ZHq8,10,plain,none,mixed,1 2 4 8 10 14 15 15 15 16
AA1WQeL3KOAYF9O-1q8OAWt24GGKLWXU1a,10,plain,none,mixed,1 1 4 9 9 10 10 12 19 25
AA1W48M0OiYN4OCgcBY48i68qgZdKDv9-0,10,plain,none,mixed,1 1 6 7 7 10 11 15 19 23
AA1WOj4ZII2B5NC9fI10b76IfKfPJI24SW,10,plain,none,mixed,1 4 7 9 9 10 11 12 17 20
AA1WG0JDWS0ZGN18YP28f6gMFuwuIH2uH1,10,plain,none,mixed,1 3 3 7 7 10 12 15 20 22
AA1W4WPA0e5qa60G26860f53eqZfZ4WY2G,10,plain,none,mixed,1 4 4 4 6 7 15 16 20 23
AA1WWDY4GEWK8L1KQIIaIAGi49X86Xoa0W,10,plain,none,mixed,1 1 4 7 7 8 10 17 19 26
AA1WIBnI2AnHeC2n80C40mIqHHPD8f42YI,10,plain,none,mixed,1 1 2 5 8 14 16 17 18 18
AA1W9X0IXNb1ukMIyHI50HQmq2Qmn0eC0W,10,plain,none,mixed,1 1 2 7 8 8 14 14 20 25
AA1W0WI4ebnI68wyS8c40m5eYOd2-WZqy8,10,plain,none,mixed,1 1 3 9 10 10 11 15 20 20
AA1WKamDuvX18OWQ2eZF78OWGMDKnn3Gma,10,plain,none,mixed,1 3 4 4 6 7 14 18 20 23
AA1WGg82neAY8KIaB4uIAG2H15JuhIiC5W,10,plain,none,mixed,1 1 4 7 9 10 12 14 20 22
AA1W2LGE9zCoatcy9OhH42Y0ZKGe8GGaM0,10,plain,none,mixed,2 2 2 7 10 11 15 16 16 19
AA1W9HYEfGmq5YIICCI48K4H1mTeD3WBQ2,10,plain,none,mixed,1 3 5 6 8 12 13 13 17 22
AA1W2Ge10AIM8GYGIH330G48XqAsZqIeD0,10,plain,none,mixed,1 1 2 5 8 10 13 18 19 23
AA1WYPGBSYaDS6ScJ1e1b2e9O0vUHYIl24,10,plain,none,mixed,1 1 3 6 10 11 12 14 19 23
AA1WmX6Cn4965FuU420YWCYh90m86KIBH6,10,plain,none,mixed,1 1 3 4 7 11 12 14 16 31
AA1W2386H78X4GvFbAYGA2Xx3G708fZPAW,10,distinct,none,distinct,1 2 3 5 6 10 12 14 20 27
AA1W4WYaGP2mHSGIG508g4HQ69mGE5GFn6,10,distinct,none,distinct,1 2 4 6 7 9 10 14 21 26
AA1WA1W88Y16UKqc8201mK1BAb0m50o8Z4,10,plain,none,mixed,1 1 3 3 3 10 11 21 23 24
AA1WY4Ge1Rwne20HBY6A1WAAAILPaKJeKa,10,plain,none,mixed,1 3 5 5 6 8 10 20 21 21
AA1W5WhnyP32nA8nH98528QRU8WYo1GY0b,10,plain,none,mixed,1 2 8 9 9 10 12 14 15 20
AA1WAC9a9wEH6DYHGg58a4WX8Id65Gq9W9,10,plain,none,mixed,1 5 6 6 9 9 12 14 16 22
AA1WCXbb9HA_1eDEZ1bA2HH920PIIiYYWH,10,plain,none,mixed,1 4 7 7 7 10 11 12 12 29
AA1W1CbJ8K4YA3OYC64Q5HnEANfPmfK9G6,10,distinct,none,distinct,1 3 5 6 11 12 14 15 16 17
AA1WOLGYDAaamPaQbWq1S413iPrPd4c820,10,plain,none,mixed,1 6 7 7 7 7 12 13 18 22
AA1W0D15eQGaepFo711o42dIzC8iIvd8g8,10,plain,none,mixed,1 1 2 8 10 11 13 16 18 20
AA1W10WAXOR2_Id4v14HY9KGKnc8QQ0J20,10,plain,none,mixed,1 4 5 6 7 10 10 14 17 26
AA1W2mabKgwW71y9oAGGeI40Gk1YL0ao61,10,plain,none,mixed,2 2 2 3 7 8 13 15 18 30
AA1WY2OaKJuQpDWI2WPI6W30aU4CGgF1P2,10,plain,none,mixed,3 3 3 4 6 8 14 15 20 24
AA1WGBaQYSs0p6OI20ma4GC4WGf2CK2Y0C,10,plain,none,mixed,1 1 1 2 7 9 14 14 25 26
AA1W48agYAA0yMHZ8H1928SWosbeY184Sa,10,plain,none,mixed,1 2 2 4 11 13 14 15 19 19
AA1WCYwQ9HHLSCi2HaK28VjYGJajGsQ5Y0,10,plain,none,mixed,1 3 4 6 7 11 12 16 20 20
AA1W3W1mGeD4GXz4109AIKAXY2KQArOoWP,10,plain,none,mixed,1 1 3 7 8 12 14 14 14 26
AA1W91WKB24oSMKLICW4WZMbqXCG10kAIL,10,plain,none,mixed,2 3 4 4 5 8 10 16 19 29
AA1WG9nYIYojuI8nI0aHXqbQpjW938eL0I,10,plain,none,mixed,1 5 7 7 8 8 12 14 16 22
AA1W2Ae861Q8wvaIaa2C0fwivLMK30N358,10,plain,none,mixed,1 1 3 4 11 12 12 13 14 29
AA1W331n24APC9bQTW38Y2aEaqwHuctoAW,10,plain,none,mixed,1 5 7 8 8 11 13 15 15 17
AA1WGLTWgHyiYYM58n04NKIKYZJskm5YHK,10,plain,none,mixed,2 4 4 7 7 7 13 14 16 26
AA1W5GP2WDH14IB6yJ848Y3G4WvFRuXaZ8,10,plain,none,mixed,2 3 3 5 8 9 10 10 18 32
AA1W4f44M1oCWFoOa2W9WlB7K3GY52aD4O,10,plain,none,mixed,1 3 5 5 9 12 12 13 19 21
AA1WKqGBaRHOGKUpe103FyOG2XWoKLY31I,10,plain,none,mixed,1 2 3 4 6 9 16 17 17 25
AA1W3GPYaGbya8Wmc2eGmD1W86XLSYGq4G,10,plain,none,mixed,2 3 4 4 5 7 13 17 21 24
AA1Wo22GK2ZHuEI88oWY1G2uJ0qYbqjIII,10,plain,none,mixed,1 2 6 7 7 11 12 13 13 28
AA1WI4AYNbaQYh6Oqb245S4f98N8eKX90u,10,plain,none,mixed,1 4 5 7 9 10 10 10 13 31
AA1WIHu1WI7KY4080fY30GY2HaZKqLX18A,10,plain,none,mixed,1 1 3 4 4 5 15 19 21 27
AA1WX1X91z2aS9KG10q3KKYWuxEsGhCO6W,10,plain,none,mixed,1 1 1 8 9 11 11 16 20 22
AA1W4dOH0u74UYT8g0IODGA7LSiYXWK185,10,plain,none,mixed,1 2 3 5 11 12 12 13 18 23
AA1W8Ginef2WAmZ4A10924Pt9bCwAMuK20,10,plain,none,mixed,1 5 7 7 8 8 9 13 17 25
AA1W2XeL0rHAHAAGY288H3LaeL7na1080K,10,plain,none,mixed,2 2 3 3 7 12 13 15 16 27
AA1W0092OJsn3fF8w0i2Gf7WX2AIZCeo4a,10,plain,none,mixed,1 3 4 6 6 7 11 16 18 28
AA1W91IYaOL2K6WY8aYHAeH4BcaGA2NY4G,10,plain,none,mixed,1 3 6 6 12 13 13 14 16 16
AA1W50W22ap45AWqUaH91f3GL-bCFWH288,10,plain,none,mixed,2 2 4 7 8 11 12 13 18 23
AA1W1AkGiIUY9IHqX10GhcaqNKhReIqx00,10,plain,none,mixed,1 4 4 9 9 9 10 13 15 26
AA1WC2v0eo9GaAC9YmIGA5WevSDlxCIeK8,10,plain,none,mixed,1 4 5 5 6 7 10 17 18 27
AA1WeX2GR16XHKAn1G4aGYPGo5WY4SIAQX,10,distinct,none,distinct,1 2 5 6 7 9 12 14 15 29
AA1WD9mKcK4g6Lf0C0P88XRfQCk4H853ie,10,plain,none,mixed,1 3 3 4 6 9 18 18 19 19
AA1W1odEX46OG81XKiGW41GQjhUYKGXICa,10,plain,none,mixed,3 3 4 5 8 8 10 10 23 26
AA1WYK9A988e7Oih4H1QHKB25GN24WCY9Y,10,plain,none,mixed,2 4 4 6 7 11 12 12 17 25
AA1WG5EPH89YyXZGa2G1c7BaAYSCmaWi5W,10,plain,none,mixed,1 1 4 5 7 10 11 15 21 25
AA1W40qP4aaJeJqGYea294J3GHC4wXw8n7,10,plain,none,mixed,1 1 5 11 12 12 13 14 15 16
AA1WY9Y1RBw994cm10mMMKuGAnA_4WinX4,10,plain,none,mixed,1 1 4 4 6 12 12 14 22 24
AA1WIXfCKoJj2F0y4eY21eh44TEJ5iQqOI,10,plain,none,mixed,1 3 5 6 6 9 13 16 17 24
AA1W748j71WC04IeQ0HWXi5AAeH28X49WT,10,plain,none,mixed,1 1 1 2 11 12 13 14 15 30
AA1WGWRiHg5GS5107L08A0m4dxB2YiDJqU,10,plain,none,mixed,1 4 5 6 7 10 10 13 17 27
AA1WZ2KoD8QQpn2WA0Q5cW8HH9uifB9S18,10,distinct,none,distinct,1 2 5 8 10 12 13 14 15 20
AA1W1O740GS2mKnaEH440W6WaUAAnI7H08,10,distinct,none,distinct,1 2 3 5 8 9 10 15 22 25
AA1WHAAICIIB081K6X0C1W10N2g50e2yHI,10,plain,none,mixed,1 3 3 4 4 6 10 17 19 33
AA1W0uB8I6WZmI4JQ20KIKUGf78qsZ4KGa,10,plain,none,mixed,1 2 3 6 6 12 14 15 18 23
AA1W20C3Ob7X1jALc4e28U30KBMjwX2GGm,10,plain,none,mixed,1 1 3 6 7 12 13 14 19 24
AA1WGeW4m8-CK9Ye0e41GYYayDHg0tIYGX,10,plain,none,mixed,1 1 2 5 5 11 12 16 19 28
AA1W0G6WTqWw896eLY2Gmo5X4491ANXA2W,10,plain,none,mixed,1 1 4 5 5 9 11 19 20 25
AA1W8WIcZAf1eKQclaCHHu2L9ofM5dg0W8,10,plain,none,mixed,2 6 7 8 9 11 12 12 14 19
AA1WL6cIYKBY4Dy1W0iH4D7ebL0Oag4X42,10,plain,none,mixed,1 3 5 9 10 10 10 10 17 25
AA1WWZ2e90e350am20G9NyiWC1mC1aOJ1G,10,plain,none,mixed,1 2 3 4 6 6 11 13 19 35
AA1WG589K4102ylbyH8571v4CWC1E9ROJ8,10,plain,none,mixed,1 2 2 5 7 8 9 13 14 39
AA1W4XCAGk2ehBMQX840e20d8N3YYB06GP,10,plain,none,mixed,1 2 4 6 6 11 11 15 17 27
AA1WGX8EqY30f2F08304PbiIaNZ8k2mI24,10,plain,none,mixed,2 4 5 8 9 9 9 10 16 28
AA1WYWa2WC0WIc57v18X010G4nXKEmK1GC,10,plain,none,mixed,1 1 1 7 7 9 10 10 17 37
AA1W44mQ3Wi1BAofKQeo2W4YGgWO1uB2W9,10,plain,none,mixed,1 5 5 5 9 9 10 11 14 31
AA1W2bWpmaOH14l0820aXYIiiuc4eYeB1C,10,plain,none,mixed,1 2 7 7 8 10 11 12 18 24
AA1W38bR9o2446qH6j8IAE9pln1JoG5Dee,10,plain,none,mixed,1 1 5 5 9 10 10 12 20 27
AA1WGA0L9ca4WrIaH188XeC90Go69Wk9MA,10,plain,none,mixed,1 2 5 6 6 8 11 18 21 22
AA1W8WNCYMrsW0W4GG9KIAQCHz9fBC3QDG,10,plain,none,mixed,3 3 4 4 7 8 9 14 24 24
AA1W2Noer4GXoB57PI5Ka2MC8I041QyCPa,10,plain,none,mixed,2 4 4 5 5 6 8 16 25 25
AA1W1G4mL4b4yIyHKGX52E8OZ3G8c34nU0,10,plain,none,mixed,1 2 2 2 5 9 16 17 18 28
AA1WC1ST5Gmn5FNaUu6GJK6Aez96XIcJI1,10,plain,none,mixed,2 3 3 3 10 10 12 13 15 29
AA1WUWnA4i8Y59KKWWm4H5hgbCWZ9yHZg5,10,plain,none,mixed,1 4 5 5 10 11 11 15 16 22
AA1W4EGno1mek5Ap8H8aXKYKIWI4BAXFa2,10,plain,none,mixed,1 1 5 6 7 8 11 17 19 25
AA1W4aja30j2rXL8ZI6W9z1XQ4GvnSIZY4,10,plain,none,mixed,1 2 3 4 10 11 12 12 15 30
AA1W4Ymj2EW9H5G48IKBJgfUGBd5b9F50W,10,plain,none,mixed,2 3 4 5 6 7 12 15 23 23
AA1WZ2KK1GnUfHXDvnG14ZAWmT2fp0P5GK,10,plain,none,mixed,1 3 4 7 11 11 12 14 16 21
AA1W40HO0aSmc80fGpMA1GMJluf48G84Ma,10,plain,none,mixed,1 1 2 5 7 10 11 16 22 25
AA1W2G730X0eAYce4IWHI2Gg5SbetoAYB1,10,plain,none,mixed,2 2 3 4 8 13 13 14 14 27
AA1WA8YAfQvKmAj2aZ450b2c_aYGQ2Uf24,10,plain,none,mixed,2 2 6 9 9 10 11 12 14 25
AA1W4OL8P4eCS20Y4CY18W43GwZ8Q7eDuS,10,plain,none,mixed,1 4 5 5 6 7 14 17 19 22
AA1W8WY2YYIQyi3O513C1i0K9UoSHFH48G,10,plain,none,mixed,1 1 2 8 8 10 11 17 20 22
AA1WB5O9V1OWd7uqeYaKL3YGH0I88XmKWm,10,plain,none,mixed,2 3 4 4 5 8 12 13 24 25
AA1WIAsCGXD2XAXCw0G0G1pLfHA6MKul0G,10,plain,none,mixed,3 3 4 6 7 7 10 17 20 23
AA1W98c98p9CnZ080WZ1WK2dq1frvR8bA0,10,plain,none,mixed,1 1 4 7 7 11 14 17 18 20
AA1W3mM5AYO20W5ZUaHA1V2WXOr6Gm5SOa,10,plain,none,mixed,1 4 5 6 7 7 8 9 17 36
AA1W5WG1eHY50Z2LEH230a4GwdBEeI4GoW,10,plain,none,mixed,1 1 1 2 9 11 11 14 21 29
AA1WaqKaiqG80X5G52G30o0O5qv69FfT8P,10,plain,none,mixed,1 2 3 6 7 9 10 10 13 39
AA1W622079beYTeL18XIZ4b5aDDlYKeN31,10,plain,none,mixed,1 3 6 7 7 11 11 12 18 24
AA1WI1OMxT8cqYYKAu110KrHPICYOHXKQ0,10,plain,none,mixed,1 3 4 8 10 11 14 15 17 17
AA1W0WCD7ekcoe1IZ82A967o41WXqIIHwC,10,plain,none,mixed,1 2 5 6 6 6 13 17 21 23
AA1WS5niP41WJ3ua5am8C001WaYrJJ5AC5,10,distinct,none,distinct,1 3 4 6 7 8 10 11 15 35
AA1W4I55rrn24tWauWP98MqF359aJCWy0X,10,plain,none,mixed,1 5 5 6 6 10 12 13 20 22
AA1Wc14eD23Ga8cC1i84k2mae64WYgIOH1,10,plain,none,mixed,1 2 3 6 6 9 14 17 18 24
AA1W1IBK9j92aM4eA38XSDA0oH2FB0WK4W,10,plain,none,mixed,2 3 3 3 8 11 12 13 19 26
AA1W6W66HH4gAaCkx1I3WH3HunGe6gJha4,10,plain,none,mixed,1 1 4 6 9 9 10 13 14 33
AA1WPBwNGmH6OmNYCHcA126YqY2e919W00,10,distinct,none,distinct,1 3 5 6 7 8 10 13 20 27
AA1W8gJXO51WY9m8U2K8Y4Wq9ZIQD4LA8n,10,plain,none,mixed,3 4 4 5 6 6 14 14 16 28
AA1W4WPP8Atcij2eb6aGYZ9Y8qGIXCWe20,10,plain,none,mixed,1 4 5 7 8 8 10 10 23 24
AA1WXCHXob5LZpM4ebH2185GmB7L5ACT0H,10,plain,none,mixed,1 5 6 8 10 11 13 13 16 17
AA1WC1HH086eYrHMIA88X8Go4r2V6m42MX,10,plain,none,mixed,1 2 3 8 8 8 9 11 23 27
AA1WGPe4KvRvSK2GPZK80WZIeXb3nMWA4G,10,distinct,none,distinct,1 2 3 7 9 10 13 14 17 24
AA1W6Bmn147aBCY28I1AIAfwi32eC0S1CG,10,plain,none,mixed,1 1 5 6 8 9 12 14 20 24
AA1W1aJHiS98l3oX8aGah48HpDl04cpav9,10,distinct,none,distinct,1 4 5 6 8 9 12 14 18 23
AA1W4Z4IoYu4ogE80i40OYYcuQ040p57eo,10,plain,none,mixed,1 1 4 7 7 9 10 14 20 27
AA1WCYOBg0G4WLGwU892eDwoLnXBe20HH8,10,plain,none,mixed,3 3 4 5 6 7 9 9 17 37
AA1W2GY5e5ka8L4mN38IYkK2Hj1VG0mM2G,10,plain,none,mixed,1 3 4 5 5 7 9 13 16 37
AA1W4G4B2KGIKJb4uF0004Eoms54v0saqb,10,plain,none,mixed,2 2 4 4 5 8 11 14 24 26
AA1W4WH28KDcOpa2Wg94Wn6WKaaGcjEf0A,10,distinct,none,distinct,1 2 3 4 5 10 16 18 20 21
AA1W8maB2Oec7GiWU2G91s2NXCo44Yes6a,10,plain,none,mixed,2 4 4 5 6 8 15 17 19 20
AA1WE08261L8x1W3COeA8nCDY96G4ej6X9,10,plain,none,mixed,1 3 3 5 6 6 6 16 24 30
AA1W218CPGy4CXZ1iCg40d2D6-gLo6Cfk8,10,plain,none,mixed,2 4 5 7 7 9 15 15 17 19
AA1W4F0u5W8eq2GJWg44KXC5G70Y4GR2Ca,10,plain,none,mixed,1 1 3 4 5 9 9 13 27 28
AA1Wq48KITPYB8Xey880E238ayV3BWmT2J,10,plain,none,mixed,1 1 2 7 9 13 14 16 18 19
AA1WKX7IOdHKDuXOW1010NzPibdg-X8Z0e,10,plain,none,mixed,3 5 6 6 9 10 10 12 14 25
AA1WIAGHMCi3NaGH8922X860A7omM38Aj8,10,plain,none,mixed,1 3 6 7 8 11 11 15 17 21
AA1W2GK314nvcHXXjY84GH7f1BqUyCU4mG,10,plain,none,mixed,1 3 3 6 11 11 14 14 18 19
AA1WIiKw0fGB2aZ4OYi0bCMXj41W0E8o30,10,plain,none,mixed,1 2 4 4 4 6 12 14 16 37
AA1WHaF2PKL2bTGHTAAGa45H5DJEE2Ogf8,10,plain,none,mixed,2 3 6 7 7 8 13 13 18 23
AA1W48X3meIKuR5OF284my38IzC4s5mm20,10,plain,none,mixed,1 2 5 5 7 8 8 14 21 29
AA1WX4UCKXBn6IIHH4G23nV08L4RN4GSZ2,10,distinct,none,distinct,1 2 7 8 9 10 13 14 17 19
AA1W998KZXy9k48a26040HGB9HQ8I1EBqY,10,plain,none,mixed,1 1 3 6 7 11 11 16 22 22
AA1W53bmWuofcYKROW8LXQbAoBGefyadIC,10,plain,none,mixed,1 3 5 8 8 10 10 17 18 20
AA1W2X7n4vFWGYrUjp1HHbKaHeGaIAeaB0,10,plain,none,mixed,2 3 5 5 9 9 12 15 19 21
AA1WGg5nJK345dQ0IInK1y71OAfQMnEGeG,10,plain,none,mixed,1 3 5 7 9 9 14 15 15 22
AA1W86W84BZqvC98888PCXKFeEXC4OpAOc,10,plain,none,mixed,1 3 5 5 6 11 14 16 16 23
AA1WL1eCWA2iILgEHX0289X398fjK1x0ev,10,plain,none,mixed,1 1 3 6 7 9 13 15 20 25
AA1W522Saea-nWg13G28mMf6860hj6K4mI,10,plain,none,mixed,1 2 3 4 4 10 14 15 17 30
AA1WHA8WMeNH38H8E422gq8XH4GJUhr248,10,plain,none,mixed,1 1 2 8 10 14 14 15 16 19
AA1W90Y88q8Pyn0B18GH24H7mb5HfLoQXX,10,plain,none,mixed,3 4 7 7 9 9 11 12 14 24
AA1W0mIprTp0dB528pWGfJKJCQiPnesD8H,10,plain,none,mixed,2 5 6 7 10 10 11 13 17 19
AA1W8IZOII0L8kI4L0K5WmclfCuA2OK56e,10,plain,none,mixed,1 1 4 6 7 9 12 13 17 30
AA1W149HYPXSuaAm8X8YAb8P2A0kCwaIbe,10,plain,none,mixed,1 3 6 7 8 8 13 16 17 21
AA1W40XQ3Fb68728X1299ZJhy9Y8OAXO6W,10,plain,none,mixed,1 1 3 4 10 13 13 15 16 24
AA1W184OnK7QnO0GA618f4I8-1nHk9HKE8,10,plain,none,mixed,1 1 3 7 9 9 12 12 23 23
AA1WH68n2t1B9G23wW5a9YA9ADH94934fA,10,plain,none,mixed,1 2 3 4 4 5 10 12 26 33
AA1WJ1M5A860mC58AQC0O5ihe1Ydm41GJ1,10,distinct,none,distinct,1 2 3 4 5 6 10 13 23 33
AA1WGa3X8_DWYa30O8a1b489r410I7HbCA,10,plain,none,mixed,1 1 3 4 7 8 9 18 20 29
AA1WJ4nca1QGG4MWI1GWmaYSYDKOZ7OyWa,10,plain,none,mixed,1 1 5 5 6 9 9 18 20 26
AA1W4gaJ0k4KWlgeL20Y4C995IvRMXO144,10,plain,none,mixed,1 2 3 6 7 8 16 16 18 23
AA1W448GX7T1qK-H5AZWY2F8XXqIM9551W,10,plain,none,mixed,1 1 2 6 13 14 14 14 14 21
AA1W898IXKocIG96Gi818XTq8X6WKAKHs1,10,plain,none,mixed,1 1 4 7 9 10 13 14 15 26
AA1WA6e41YCa2SWdYYIeJPgaOIMG20x8n4,10,plain,none,mixed,1 3 4 4 6 9 11 19 21 22
AA1WKjcQnkBTWN1e1m297OYWAUWO88ZY0W,10,plain,none,mixed,1 5 5 5 8 9 10 11 22 24
AA1WmWB1GKocCL0cHKW1ab2GI39PZr4WA1,10,plain,none,mixed,1 1 4 4 8 9 12 13 20 28
AA1Web44mf9AsUHHy8XGe63Aa2O9BA1Aem,10,distinct,none,distinct,1 2 5 6 7 9 10 19 20 21
AA1WD48Pa9H9CsZ6ajAWZgI5F8X8GBGQwa,10,plain,none,mixed,1 4 5 5 8 12 13 14 18 20
AA1W0a8GYkgY4I3hrQ8WIn8Xo2efvYaSBa,10,plain,none,mixed,2 3 4 7 7 10 13 16 17 21
AA1WA0a4X4Pb9bC4WI40mP558Wa4a0N2WO,10,plain,none,mixed,1 1 2 3 3 9 17 18 18 28
AA1W89IIISU0uaAWi08107IicX8v91eb4a,10,plain,none,mixed,1 1 4 7 11 11 11 13 20 21
AA1W1IJF2ogE4DT01uaXKqPYw2y7PJQ6kA,10,plain,none,mixed,1 4 5 5 9 12 12 13 14 25
AA1W25OOh48JPR5IKSW56lZ020MGIXqAAA,10,plain,none,mixed,1 1 6 7 8 9 10 11 16 31
AA1Wb0uw730WlQVo92eaY25A5ZJG9Hg614,10,plain,none,mixed,1 2 3 7 8 11 12 14 14 28
AA1W52Gby-J05KnmDmYBYyaaXP4UHeoJXK,10,plain,none,mixed,2 3 3 7 10 11 11 13 16 24
AA1WLQPCHAIJ1e0SxK24WkKeMwpX4WYo08,10,distinct,none,distinct,1 3 5 8 9 10 11 13 15 25
AA1WM1MAGn7PZDZjXOC0u4WHGaIIL4Z90b,10,plain,none,mixed,1 1 2 5 7 11 12 16 22 23
AA1WCH1C2GFNaCHJXeK28AEM8CWJ4GvWQ4,10,plain,none,mixed,1 3 3 5 6 9 13 15 15 30
AA1W2KOayE8NiQ1OlGGb8I0mXVHqvCnOH2,10,plain,none,mixed,1 3 7 7 8 9 9 13 20 23
AA1WGn44u_h9HDPi8w120WaAa9HI5afGmG,10,plain,none,mixed,1 2 6 10 10 13 14 14 14 16
AA1W2G9SY1GA2AI4C2W4ebHn5GsAHJCx28,10,plain,none,mixed,2 3 6 7 7 7 9 16 17 26
AA1WGo4AWX8F0K09s2G1eMH9f8o6G5080M,10,plain,none,mixed,1 1 3 3 4 10 11 12 16 39
AA1WH3Y4A28pIII6Wo120JUbS3WKYaXOP2,10,plain,none,mixed,2 3 4 7 9 9 10 14 18 24
AA1WKG2uB1E1m545eA4K9amik4mE0m5Gea,10,plain,none,mixed,2 2 3 4 5 6 10 13 14 41
AA1W2GIS50aMODHSu8H9HHHHbJe230UKIX,10,distinct,none,distinct,1 3 4 7 8 10 12 13 15 27
AA1W31B2WC2qGBf4XK0IYEHq6Wpw2ghZIM,10,plain,none,mixed,4 5 5 7 8 8 9 12 16 26
AA1W1G7134X44aY48s989i5PeCXa-g2WA0,10,plain,none,mixed,1 3 3 4 4 11 14 16 20 24
AA1WM3EKLX4eok5WY0H498P6Y0qGI4WF19,10,plain,none,mixed,1 3 3 4 7 10 13 15 19 25
AA1W0K8LQB914z0Ol2uWo9KgA8X4d4WK10,10,plain,none,mixed,2 3 3 3 11 11 13 15 15 24
AA1W10ur4uJ4aYgLXoGM2FF1uf2J2G10GA,10,plain,none,mixed,2 2 5 7 8 9 11 13 15 28
AA1WJgHH4jKZ9YMCi6821y1OGARVaHKB2W,10,plain,none,mixed,1 2 4 6 9 12 13 16 16 21
AA1WWI48W5jL2ab0IaY2aZK1kBPOD5FCn6,10,plain,none,mixed,2 4 5 8 8 10 15 16 16 16
AA1W892n4HIA492Wg5GGXcJWM2nKJ2GY50,10,plain,none,mixed,1 4 4 6 7 8 9 14 22 25
AA1WI5e9mS32u94GV94Ga6ZhIfCc4Q28H1,10,plain,none,mixed,3 4 6 6 6 6 13 13 21 22
AA1WI1EAOE50g8b8SXg0W2W98CVZPqfA2G,10,plain,none,mixed,2 5 5 6 8 9 10 13 14 28
AA1W429K9I6N5qnmY18207gT-uML2WK94O,10,plain,none,mixed,1 1 6 7 9 11 12 16 17 20
AA1W2GAsdKH42mM1R4C4IP4H1GCYMQIHo8,10,plain,none,mixed,1 4 5 5 7 7 10 12 20 29
AA1WM4W210PRBLKXf95GC451gyGY0e460C,10,plain,none,mixed,1 1 2 3 3 7 10 21 21 31
AA1W4A2Xtvt3KO2WKQq43Ge4q809RA1eGX,10,plain,none,mixed,1 2 2 4 6 8 11 11 21 34
AA1W20K31eAgq8d4Go64Ga7HGD10K4HYKY,10,plain,none,mixed,1 4 4 5 8 10 11 13 18 26
AA1WA958-hgGX6BoJ682904Xo34XeI26a8,10,plain,none,mixed,1 1 6 8 10 11 13 14 17 19
AA1WDKY4Ga66msnwIgGI44YGM10YabB892,10,distinct,none,distinct,1 2 4 6 8 11 13 15 18 22
AA1WWhQ58iu30NHe0m2IMYHqYv14bHBuX4,10,plain,none,mixed,1 3 4 8 8 10 10 13 18 25
AA1WIKKZH7NORYoWAgO954EOI4XBLN588A,10,plain,none,mixed,1 4 6 6 7 8 10 17 20 21
AA1W50Kq9Z3fOG92OWZ8A19mns2ep2hPWH,10,plain,none,mixed,1 2 4 5 10 10 13 14 19 22
AA1WCPW8ZYY1C21O54O0OoAGyRxiV1mY0G,10,plain,none,mixed,1 1 1 4 7 9 10 20 23 24
AA1W4JamU4TLL3GL8kXG0vXAYYSHdl4NXW,10,plain,none,mixed,1 4 6 8 9 9 10 11 20 22
AA1W8WR17a4aTVfBP3O6HA4b8YYHuY4WIG,10,distinct,none,distinct,1 4 5 6 8 11 12 13 16 24
AA1WXKrun8a4WI2eeH859IJY-b2auP3m20,10,plain,none,mixed,2 3 5 7 8 8 10 11 13 33
AA1W94998_4WO4Wmj080U2mH1F9N7X0460,10,plain,none,mixed,1 1 1 4 7 8 11 12 26 29
AA1WX2WK08A4Pyf810KX4KB1Yjrt3eG20C,10,plain,none,mixed,1 1 2 4 9 11 14 16 16 26
AA1W0W2EXv2OXHIIUC18919AgI94D7eBHG,10,plain,none,mixed,1 2 2 4 7 8 18 18 20 20
AA1WAIq6GgQCABKaGaW5Wpq2yZPt4Ua60G,10,plain,none,mixed,3 4 4 6 10 10 13 13 16 21
AA1W48XP386ZYG8oAHeO306Yk2eXKAHHq2,10,plain,none,mixed,1 2 2 4 6 10 17 17 20 21
AA1W8a84EQWh0O501GoOKqk1YKR2aCngMY,10,plain,none,mixed,1 3 4 4 5 7 14 14 17 31
AA1WK30OSZ4WjOWkE08LJAGr92WN1WYGWy,10,plain,none,mixed,1 3 3 4 11 12 12 13 13 28
AA1WYaHk58vHA9rIHW40eN4o48W69D6i3W,10,plain,none,mixed,2 3 4 5 9 12 13 14 14 24
AA1W289GXIZWf99uF4eGAmE1P8iGM3mI24,10,plain,none,mixed,1 1 2 2 7 10 17 18 20 22
AA1WH902nsiBYQWfeGG4OGWZ3Lf4esgsA7,10,plain,none,mixed,1 1 2 3 12 13 14 15 18 21
AA1WYKOkmhj1zD0GJc429WCIEAGDwK8L3G,10,plain,none,mixed,1 1 3 9 11 11 11 16 18 19
AA1WO2W4GjDeQeKyWWGIgO34i3GD8vKI30,10,plain,none,mixed,1 2 4 6 7 10 14 17 17 22
AA1W7784vaH19670WC0GK4MLCqYeM1GI1B,10,plain,none,mixed,1 1 2 6 6 9 9 10 23 33
AA1W23Sh2_C98I1GA46e61jfK8WfgAnQ2W,10,plain,none,mixed,1 3 3 7 9 10 11 14 20 22
AA1Wb199L98ev5CLAa0aX38SH2eAcq3uO5,10,plain,none,mixed,1 4 5 5 10 11 11 16 18 19
AA1WX134b8T6B2JO4Geg4eapG4Geg-NH4G,10,plain,none,mixed,1 1 4 5 9 12 13 13 17 25
AA1W20XAfI29HZHcYGA6Oy7Y2mXRBoOUKA,10,plain,none,mixed,1 4 6 8 8 9 12 15 16 21
AA1Wmj4mMhI93AGvnA54G1sGc8Hy3AO5b0,10,plain,none,mixed,1 3 4 8 8 10 11 13 18 24
AA1W0mn2WQE5GA288w6F1WCvWw54aJYmG1,10,plain,none,mixed,1 1 2 3 6 9 15 16 18 29
AA1WI4Y4Gp6YOh9o2cCH453WIeWX7WEr74,10,plain,none,mixed,1 2 3 3 8 10 11 15 22 25
AA1W8H58XaKyJ1BO-0G5Gn4X12GE16Oq24,10,plain,none,mixed,1 2 3 3 9 10 12 19 19 22
AA1W5H4GE1aIIIo850f2X4Mqs2W8Xc4K0X,10,plain,none,mixed,1 2 6 7 8 10 10 11 17 28
AA1W54hIQSAYtXNqEY1X2A6eHHYXfiG9aL,10,distinct,none,distinct,1 3 4 6 8 10 15 16 18 19
AA1WA19IZ2hHUBPO6X620WK1ZCEG7JXGa8,10,plain,none,mixed,1 1 9 9 9 11 11 15 16 18
AA1W0c4KXgGf62ImI64KiaAWiPJ9T986W4,10,plain,none,mixed,1 3 5 5 10 11 16 16 16 17
AA1W1887589eSJ94m2m8GX5nOJ9460U3qY,10,plain,none,mixed,1 1 1 3 8 9 15 17 19 26
AA1W35uj1aKc55HHGX0ZHAESMHGC90J3u9,10,plain,none,mixed,1 4 5 5 6 8 10 19 20 22
AA1W10ApIXnQEH1eXWDK9IGo2SXa2G8i4H,10,distinct,none,distinct,1 2 4 6 9 13 14 16 17 18
AA1Wb28A0ofGg84Gw0XYWXqLz4gX189D9e,10,distinct,none,distinct,1 2 4 5 7 9 13 16 20 23
AA1W71K2WOud85Ws68a20e46eKeal030u4,10,plain,none,mixed,2 2 3 6 6 9 10 18 19 25
AA1WGXIMIEXof4YXOX178foYMA4Gf4NYy8,10,plain,none,mixed,1 3 6 8 9 9 10 13 20 21
AA1W89I98KM48Y2Wo1X0eI4faE-ui50u11,10,plain,none,mixed,1 1 4 4 6 6 13 14 18 33
AA1WLXa0i4GKv4u8a2QAGvX282uEYgvIX0,10,plain,none,mixed,1 2 3 3 3 7 8 17 23 33
AA1W5Gb4aKAWS2n0Q5G80X4GMAm8Y14fZC,10,plain,none,mixed,2 3 3 4 7 10 13 18 20 20
AA1WX0E0KMCAF8s5fAHe8a7uG61HPKm6We,10,plain,none,mixed,1 2 5 6 8 11 11 11 19 26
AA1W638eI252JGYVA98k6mQKH4CyHQ57Oa,10,distinct,none,distinct,1 3 4 5 6 9 12 13 16 31
AA1WMKcKCX0iILhM4GM7780G45S-cI9JX0,10,plain,none,mixed,1 1 4 5 6 9 11 17 22 24
AA1WWA4XwgGD0aKYy9e2d97Ge810KDXrPO,10,plain,none,mixed,2 3 4 6 6 9 9 10 20 31
AA1W30NZKKWYq2NG60GGmK1GE2im-18WY4,10,plain,none,mixed,1 1 3 5 8 10 12 14 20 26
AA1WH0mX4MYScXHYGGmA24m-33lz699A1W,10,plain,none,mixed,1 2 3 5 7 11 14 15 15 27
AA1WXC8H2XgKY30V2qG1Am60GF1A1W94b2,10,plain,none,mixed,1 1 2 2 8 11 12 18 22 23
AA1W1cCwFK5PJ8XO9484C14AoGJy9YeK38,10,plain,none,mixed,1 1 6 7 9 11 14 15 17 19
AA1WYKHAALkhnEK0I1883sPuc2mH210fY4,10,plain,none,mixed,2 3 3 5 6 6 14 15 17 29
AA1W28GwGZIjBo4mI2mS1oJX4COO20mH70,10,plain,none,mixed,1 1 1 6 9 11 13 15 18 25
AA1W48I1n79JnIxC9I420G2vCgZK4ABcX4,10,plain,none,mixed,1 5 5 6 9 11 11 14 17 21
AA1WGV0qKHYWaZb4OZ8346eZ4BW418ayY4,10,plain,none,mixed,1 3 4 6 6 10 12 12 18 28
AA1W4bK8Y27o1rs1GK2IKPiaaZ2eIXe3mO,10,plain,none,mixed,1 4 5 5 5 7 13 14 23 23
AA1WAHHSLI4Xu1WH40XD18H0mTGK30amY3,10,plain,none,mixed,1 1 3 7 8 10 15 16 18 21
AA1W5A9Hw2Z9YmYCGaGH2rZ4O20XAwOM10,10,plain,none,mixed,1 1 3 6 6 7 9 20 23 24
AA1WA0Yocq5E8AAEAnm52G7qmu8k4Y1Wau,10,plain,none,mixed,1 1 2 7 12 13 13 14 16 21
AA1WKcYXK7WakKHKIGoY280u1IgG94Mc5G,10,plain,none,mixed,1 3 3 4 5 11 12 14 15 32
AA1W9540L4Head0e58oaZ8V0O2WPbBH28Y,10,plain,none,mixed,3 3 5 5 6 9 14 15 15 25
AA1WP4e7XGHY9XCIXWAGi8450G1cJ1hDXm,10,plain,none,mixed,2 3 6 6 7 9 9 11 16 31
AA1W4KAXC8Y7aB3AeeaGiEYKHX4qJI1Gv4,10,plain,none,mixed,3 5 5 6 6 6 9 13 23 24
AA1WA0X4GZLCOc5aY1108I4KbJ-AqMauWL,10,plain,none,mixed,1 1 7 8 10 11 11 14 16 21
AA1WH4OYaY28Tufv3Gf5a410ADk8IX04Oa,10,plain,none,mixed,1 1 3 4 5 10 13 14 23 26
AA1W0I69ON0TATYWe4WZ4QI1NB0uSc812O,10,plain,none,mixed,1 1 3 4 6 9 10 18 24 24
AA1WA4MZqaPICnYG0u3GLkg1m21MKqn8H0,10,plain,none,mixed,1 2 4 4 4 9 12 17 21 26
AA1W10U6OJ674XaHboY1WH10OTLUQD64Y2,10,plain,none,mixed,1 1 4 5 7 9 15 15 17 26
AA1WQYnY0GqboK9Y10892W3a2LGo6KIXoA,10,plain,none,mixed,3 3 4 4 5 8 12 20 20 21
AA1WA148XeFPTpmF0u430K31G24aeGK58K,10,plain,none,mixed,2 3 4 4 5 7 13 15 21 26
AA1W4CYAXpOYaOCXpK1m24KO_Q9oEAffOX,10,plain,none,mixed,1 1 5 10 10 11 11 15 17 19
AA1W18eGra9HWA3FPzW41XKh0dCrIYn8b1,10,plain,none,mixed,1 2 2 9 10 13 14 14 14 21
AA1WX0F2Ie5t490O60mb0m91KAoIR5WI4G,10,plain,none,mixed,1 2 6 8 8 8 10 17 18 22
AA1W10ZTC4IC9IIIXSE81wS1Wa4QvFeDC2,10,plain,none,mixed,1 1 3 8 9 10 12 13 19 24
AA1W0O2WIqimyc3JeL2J1c4WM8Gm51WYWI,10,plain,none,mixed,1 4 5 5 5 9 9 10 24 28
AA1W10229-J2MwFYIiLCHf90Y8YwvMmDoW,10,distinct,none,distinct,1 3 4 5 6 12 13 14 20 22
AA1W5EeOW51J9Yo8j0YGqBAgE1eDL95Fa4,10,plain,none,mixed,1 4 6 7 8 8 8 12 16 30
AA1W998Ancp1wD2Wo1G4GH4gHTw442074u,10,plain,none,mixed,1 2 2 4 6 7 13 17 20 28
AA1W28Q5cmG2099AD4K49158gLB8WV28b8,10,plain,none,mixed,1 1 3 5 10 10 10 14 17 29
AA1Wq6XgaAiiYKH24GK8WSIXcO9043HV58,10,plain,none,mixed,3 4 5 5 6 6 9 12 17 33
AA1WQBaR1K3l4CXGY1810J9Oqt2TTaGY0W,10,plain,none,mixed,3 4 6 7 7 11 12 13 16 21
AA1W50a4JYecYeCIDGD20gAGzGo2m2n9X5,10,plain,none,mixed,1 4 5 6 8 9 9 14 16 28
AA1WGY849DGQSqAkDoe1W8LR891GrZvPWK,10,plain,none,mixed,1 7 7 8 10 10 13 14 15 15
AA1W82SnWD4a1GI49aWGXTYSJaIYa9KB1e,10,plain,none,mixed,1 3 3 6 6 6 14 17 21 23
AA1W4LX3WcGY8COOz48IKHbIj9o8AYav34,10,plain,none,mixed,1 2 3 4 6 12 13 13 23 23
AA1W8IWn70faYeAo20HGWWinQwdIaKI3WL,10,plain,none,mixed,1 1 3 5 7 11 11 16 20 25
AA1W8H1OAnAhDr9F80mH2C61j88G1GaaKW,10,plain,none,mixed,1 1 2 3 9 9 9 14 24 28
AA1W937XuWaRFY2We0XCIVXAJQZOg18a19,10,plain,none,mixed,1 5 6 6 8 8 11 14 15 26
AA1WA0f2sViXGP1MAuO3184anqAygE4aB2,10,plain,none,mixed,1 2 7 7 8 9 13 13 17 23
AA1W994WYeba4w3GbU20ZcP932GQh8X4SW,10,plain,none,mixed,1 1 4 6 8 12 14 16 17 21
AA1WCWK3GIgaM9f5uq050I2Ceb28OXfIIO,10,plain,none,mixed,1 2 5 7 8 8 9 15 20 25
AA1WIKCI0a4lOZINIm097K99H2F8Rb98Xo,10,plain,none,mixed,1 4 4 5 10 10 12 13 18 23
AA1WGRbainZnGb2P4aGH0zNSh9nPCSG406,10,plain,none,mixed,1 6 6 7 8 10 11 11 13 27
AA1W81w1oH5pIMHMP4G4OYAl8UbZI1cWLY,10,plain,none,mixed,1 1 1 1 11 14 15 18 18 20
AA1WP1Ga0WI8I0qqsGI2ZHyPZKaO30M28X,10,plain,none,mixed,1 2 2 4 8 9 10 12 25 27
AA1WOKeQ08CDT3H22H2I6896dc_mYaS30W,10,plain,none,mixed,2 3 3 5 5 10 15 17 20 20
AA1WGQyGy5H54f3ddaX0XoYa2Gq5NL5GSa,10,plain,none,mixed,1 6 7 7 7 8 8 11 19 26
AA1W0e4WI9oGgA15HAIKHI2GS1Wv8R55b9,10,plain,none,mixed,1 2 3 4 4 5 7 11 30 33
AA1W50c119ZDCYyfKaX4WZ41ORZaXMLJB2,10,distinct,none,distinct,1 3 4 6 8 10 14 16 17 21
AA1WHZi5YJ0L8aKYtLA0WIUDv69I33OG3W,10,plain,none,mixed,1 3 3 4 6 10 12 16 18 27
AA1W17GA1nBAOb2cmD1XICZPA4484WY4nK,10,plain,none,mixed,2 2 4 5 6 12 12 13 20 24
AA1W8n5b4fGE5HH5H24L0m1o850eHuOZZ2,10,plain,none,mixed,2 2 3 3 6 10 11 12 17 34
AA1W8X119ajICIM4o9e4WH2B1QBU4zveg6,10,plain,none,mixed,1 4 5 5 7 11 15 17 17 18
AA1WX4h4oaWa9IKH20OOHi0W4aafs5G3c2,10,plain,none,mixed,1 1 2 3 7 8 14 17 19 28
AA1W2GYks1I6X9KFWa4734LXWl38OI49Gq,10,plain,none,mixed,1 2 4 7 8 8 10 12 23 25
AA1W56m6X88dGo28Ha90cH11896KUA2GI3,10,plain,none,mixed,1 1 4 6 7 9 11 16 20 25
AA1W28mA5G3cOpmY2GKiaGWca4mK4WP2KI,10,plain,none,mixed,1 1 2 5 10 10 10 16 22 23
AA1W1882WM8XWI6WI315Wg48e7onM8X8D0,10,plain,none,mixed,1 1 3 4 5 5 11 20 22 28
AA1W60m65gXjB2QY2me5X48GwBfJ1Gv91a,10,plain,none,mixed,2 2 3 3 5 11 14 18 20 22
AA1WI0OYH84IqAWWXq8w4I1Hk9aGUJrGo6,10,plain,none,mixed,1 2 2 7 9 11 12 14 21 21
AA1W8H3CQX5915WGa104OW83PDneAXOZ18,10,plain,none,mixed,1 1 3 4 9 10 11 14 23 24
AA1WX0m14D9KKL2OGg2Q6er6O2cQ4Hv99g,10,plain,none,mixed,1 3 5 7 9 11 14 14 16 20
AA1WIACHLIXO8A4f8mG2nW41F9jiGM1cGK,10,plain,none,mixed,1 1 2 5 8 9 13 14 20 27
AA1W3WfAWZBIMAseAf28H6BZcmXZQj6eQW,10,plain,none,mixed,1 4 5 8 8 12 13 16 16 17
AA1Wf5NHdIf585Ou6Y8A2e9A1Hdf5TeGa8,10,plain,none,mixed,2 5 5 5 5 6 11 14 16 31
AA1W4aY71E5746eh0W2oGA2Hw9Y4AKlPJ0,10,plain,none,mixed,1 1 3 5 10 13 14 17 17 19
AA1WEEI4f9gE5ijB0W8a2AYH8uXqAwCXIG,10,plain,none,mixed,1 3 3 4 10 12 14 15 17 21
AA1W1m5Af4OXqAWc4SW5ei3Y8In2eG4W92,10,plain,none,mixed,1 1 3 4 5 12 14 18 20 22
AA1WYGY51G9PeFOM40GeX48XOeveIYI50K,10,plain,none,mixed,1 1 8 9 9 12 12 15 16 17
AA1W4eK5WYw1nF6av0928a28cooYDvf1CG,10,distinct,none,distinct,1 2 3 6 10 11 12 13 19 23
AA1W48e2ie8XI4I9kJoD0B1Wsxa6S1GAsG,10,plain,none,mixed,1 1 2 8 9 9 11 11 22 26
AA1W2GEgHaYHf7162ma92uN16E-8Ibn2WS,10,plain,none,mixed,1 4 7 9 9 10 11 13 14 22
AA1WWY27vI-Zm6yRX08IEaHZK52IAce8I8,10,plain,none,mixed,2 3 6 7 10 10 13 16 16 17
AA1W398Wm9HC9E5DC18CYwHK5XGEOQ58iB,10,distinct,none,distinct,1 4 5 7 8 9 11 12 17 26
AA1W8WH8E-FkXgOL41WA0aBdXpH42b6jGI,10,plain,none,mixed,1 3 3 8 9 12 13 14 18 19
AA1WcK9f6Ia86BIOWY130h9o2sNOBn5cAG,10,plain,none,mixed,1 3 5 8 11 11 12 13 15 21
AA1W90e1q28Y4270K108ma7CFHY893eL2e,10,plain,none,mixed,1 1 4 5 6 6 9 14 25 29
AA1Wm29F2G62G0G90Wif18U1mI99XqCX2E,10,plain,none,mixed,1 1 2 5 6 8 11 15 22 29
AA1W0WHR8Y68faRYOGK185OW7CEGf194bW,10,plain,none,mixed,1 1 2 5 7 10 12 13 18 31
AA1W8d8XaT4qsLh0G006C9HGC4XSs047XK,10,plain,none,mixed,2 3 3 3 7 7 7 16 24 28
AA1WGa6WHEN9fHWv49W1bCF094WI93aaa9,10,plain,none,mixed,1 1 2 4 8 12 12 16 19 25
AA1Wq0i4OtQaY2Y48I414G4uqRZ0e3R4Q3,10,plain,none,mixed,1 2 3 3 5 13 14 16 18 25
AA1W4JJm-NcW7g2G80iIWefp3-Ge5AG54G,10,plain,none,mixed,1 1 3 5 9 10 11 15 21 24
AA1W90g5OtJ28Y0mj0i0m94CY8XQa514AX,10,plain,none,mixed,2 3 5 6 7 7 8 18 20 24
AA1W30S5o124P1caGX02mCDPgLYKf2998n,10,plain,none,mixed,1 2 2 6 10 10 10 16 18 25
AA1W8GjJMPrWD0a4oX8AWHGM3MOIXUmE68,10,plain,none,mixed,1 2 5 8 8 11 11 11 15 28
AA1W9124e8PMAfsQGO318J7Y48X2ed8C2Y,10,plain,none,mixed,1 2 4 4 8 10 10 11 20 30
AA1WH4DWaeJui6WozGSaCY28IE9AOCbY2W,10,distinct,none,distinct,1 2 3 6 7 10 15 16 19 21
AA1WIKYP3E9HWH2JcLMG62521pIT490IYI,10,plain,none,mixed,2 3 3 4 5 8 16 16 21 22
AA1WL2aAGpoKHMX88WY10WJZPMWeboX699,10,plain,none,mixed,2 3 4 4 10 11 15 16 17 18
AA1We51o6R5X2mPV50m1GcHIKKmZEXI572,10,plain,none,mixed,1 1 3 6 10 10 12 18 19 20
AA1W8HoCkK2m811A9DC8ea8X0e2GI2X2xK,10,plain,none,mixed,1 1 6 8 8 10 10 11 15 30
AA1W8I4H2anYKAuy3qX4eKfX4CPqOCA0e8,10,plain,none,mixed,1 6 8 8 10 10 12 12 14 19
AA1W99D6QCmI44eZ7kA40H9388B2a3_982,10,plain,none,mixed,1 3 5 5 6 7 13 13 21 26
AA1Wb4W8H4RoPgYuR0eGW85gIYia3X8N2W,10,plain,none,mixed,2 2 4 4 9 9 13 17 18 22
AA1WYZOS2028x454h2G0C44jcsK9IMKncq,10,plain,none,mixed,1 3 3 5 6 6 12 15 22 27
AA1WGeaI48HqIMK29Aa11svV89hLKmN4SW,10,plain,none,mixed,1 1 6 7 11 12 12 14 15 21
AA1W90ic4efP1LZOSYa02GJEaHHCJqOd4W,10,plain,none,mixed,1 1 5 7 7 8 15 16 19 21
AA1W2eGYReXfCf-9ANAH1pAWY8H314azGG,10,plain,none,mixed,1 1 2 5 10 10 12 15 19 25
AA1W42G7o7WC2WZuQWEuda894mH5GmeQAH,10,plain,none,mixed,2 2 4 4 5 11 13 13 14 32
AA1W209i9e5vIoG21WCSWi5YKOdG2GY45G,10,plain,none,mixed,1 1 2 2 9 10 13 16 19 27
AA1W0ueo6252K1Og4CYmCWt6uHZSkHgXO4,10,plain,none,mixed,1 1 6 6 6 9 11 14 21 25
AA1WA1m10GI14Gf4eYG4GX3gGY7HYCOZ4S,10,plain,none,mixed,1 3 3 3 5 12 13 19 20 21
AA1WC5G2GZ5EKGKBGY1n0M1YCxY4Moj4PK,10,plain,none,mixed,1 2 3 7 8 9 14 17 17 22
AA1W40H8d4E9CnO91GM90aD2Gq0H1AuMs8,10,plain,none,mixed,1 1 2 6 8 8 11 13 24 26
AA1W41BYgW70e5VDPm2OH44EcSIoWF6946,10,plain,none,mixed,1 1 1 7 8 12 13 15 17 25
AA1W02SLBZWgIB6u62XWSrfKcu1JhBfMB0,10,plain,none,mixed,1 2 5 6 7 7 15 16 18 23
AA1W50b5IL8f36me24W89040eCv8vmMQKg,10,plain,none,mixed,1 2 4 7 7 12 13 15 15 24
AA1W6Aeb4Y2OnMI7GY24I2X486a891D3Ka,10,plain,none,mixed,1 2 4 5 7 8 15 16 21 21
AA1WW34OWXaBt7K3CvKCbMHrMYC4X1I994,10,plain,none,mixed,3 5 6 7 7 8 9 16 17 22
AA1W5ZNy1WA2WoBI8n6H14YKaNa20I1WY8,10,plain,none,mixed,1 5 6 7 7 8 9 10 12 35
AA1W4YO2GH1et69HADaGI3WS4YCmq29A84,10,distinct,none,distinct,2 3 4 5 6 7 11 13 19 30
AA1WACGJZ4Oq6H7mg6G1cOYP48H4H0m148,10,plain,none,mixed,1 1 3 6 6 11 11 20 20 21
AA1W20Hi0m4704oXP22H1G9oTSu70WC0k3,10,plain,none,mixed,1 1 1 2 5 11 12 12 16 39
AA1W5GmY6uowa8K4JWpI0M9f9M5248iYCW,10,plain,none,mixed,1 2 3 3 7 12 15 17 18 22
AA1W0be_4qU45D78WYiWIzDKKJ9vcH891G,10,plain,none,mixed,2 3 3 7 10 11 13 13 15 23
AA1W0O3QZ91iYCGI24GIgS7YOIXI4JIQ0G,10,plain,none,mixed,1 2 3 4 7 12 15 15 16 25
AA1WE0J2eJVD2L40W0W1GT5Cf2a4d7uZ0O,10,plain,none,mixed,1 2 3 3 5 7 9 17 23 30
AA1WGI2irZ94GfuVmIbWko6IEDvv8Q8592,10,plain,none,mixed,2 3 3 5 7 9 16 17 19 19
AA1W8Y4GL21eC1JW5GeCX4eGa4mc0skaCH,10,distinct,none,distinct,1 3 4 6 7 8 11 15 21 24
AA1WX54fAWu4qJIAJ2OC48hGwAH4nGI33O,10,plain,none,mixed,1 3 6 7 10 10 10 12 15 26
AA1W4CWYaMwdW918uYeW8A4GLJYSIP044W,10,plain,none,mixed,1 3 3 4 6 9 14 16 19 25
AA1W4XyK1Hc9HB9894O8PoUKHSC4H08114,10,distinct,none,distinct,1 4 5 7 8 9 12 13 15 26
AA1WH3J6H64chSCT8P01GKHbgmr2hagYA4,10,plain,none,mixed,1 4 5 5 7 11 12 15 20 20
AA1W90n599v4me5jG4A1GZ2LS1MIGg3GKa,10,plain,none,mixed,2 2 3 3 8 8 13 17 18 26
AA1W20HA28nWfHc9T126WI9AAIBHK2SJk3,10,plain,none,mixed,1 1 2 6 9 13 16 17 17 18
AA1WHiCH0a8cK1WI68X66eE1m2GTAELoQG,10,plain,none,mixed,2 4 4 6 9 10 10 12 20 23
AA1W2XoEF98gTA6u9A4CWYBy48HK5C8H0Z,10,plain,none,mixed,1 1 6 7 10 11 14 16 16 18
AA1WJI992ESNu4MyvCG10KP8Y1KL7XUWo5,10,distinct,none,distinct,1 3 4 6 9 10 12 13 20 22
AA1WW165Za50J0e38WPaKYeIXQBODCEI23,10,plain,none,mixed,1 1 2 5 8 10 10 16 17 30
AA1WOX2GM1u9PY0e2WL90KqWC1GU2KGA09,10,plain,none,mixed,1 1 1 4 9 10 12 15 17 30
AA1W40POL1q1oFoX8CWGRI4Ypoa4n64g2r,10,plain,none,mixed,1 2 2 6 7 10 13 14 22 23
AA1W58bbGe11H41hL2uI1GAHS78WoWKQHC,10,plain,none,mixed,1 2 4 5 9 11 11 14 16 27
AA1WF2ej6eLvUZDLaGE4I9x872i34m95GG,10,plain,none,mixed,1 1 7 7 9 10 13 14 19 19
AA1W5GY89gBBXGH8CIY0W42gQE10YqMV0m,10,plain,none,mixed,1 1 2 3 7 8 11 20 21 26
AA1WIYAd94d0kEgm60mAJYCXeI5i4bGP14,10,plain,none,mixed,4 5 6 7 11 11 12 13 13 18
AA1WD0530YCAXdD6On850Y7Ci924vDCbA5,10,plain,none,mixed,1 3 5 6 7 11 11 16 19 21
AA1W28616GS1K5qiI505XB70X7T8mIOYaK,10,plain,none,mixed,1 1 4 5 5 6 15 20 21 22
AA1W34fKKY5P54GaaYaWFYaSxa0WI2S468,10,plain,none,mixed,1 2 5 5 8 13 13 14 19 20
AA1WI0Z4P8P3eh54aIgX49416hfH8X2W30,10,plain,none,mixed,1 2 2 5 9 11 13 14 18 25
AA1W2fYZGUH2W3nwCXYC2WH4CpGuOshW00,10,plain,none,mixed,2 3 3 3 8 9 9 16 19 28
AA1WWI2HY8OLNCL2Qmu1aI48510IUQf3W4,10,plain,none,mixed,1 1 3 7 8 9 10 15 16 30
AA1WY0O4mWUDZsY2mO5WmH50GKaOJ1TJIW,10,plain,none,mixed,1 1 3 6 7 9 10 16 22 25
AA1Wf1458wVK284mM54WWV5YL8WHu90938,10,plain,none,mixed,1 1 4 6 6 7 10 11 20 34
AA1WH2iB2GJ2O2eA0W4B1Ow4GI1aXI4GoA,10,plain,none,mixed,2 3 4 7 7 7 10 12 20 28
AA1WGg28Feh4q698aWK393KPN484AL8v24,10,plain,none,mixed,1 2 3 3 5 10 13 13 14 36
AA1W210K1eywydHqHSWIAiA-XeHGCvjEHH,10,plain,none,mixed,1 1 5 7 11 11 12 12 18 22
AA1W4XLIb4h5g3GI69G808P5XlG96iLWQ2,10,plain,none,mixed,3 4 4 5 6 8 14 15 18 23
AA1WGa4OR040Wak768aH62qaaXSAXI38g8,10,distinct,none,distinct,1 2 3 5 6 7 8 16 18 34
AA1W2X8H3MiAmg6GGQ0J2YRc8s3YaH24OI,10,plain,none,mixed,1 5 5 6 8 8 9 16 21 21
AA1W50mz4aXcq6SW81W8o8A2JKcmA080WC,10,plain,none,mixed,1 1 1 3 6 10 13 18 23 24
AA1WGAQDoTKQqniJ4004OjOA1TKK72KiGQ,10,plain,none,mixed,1 2 6 7 7 9 12 14 20 22
AA1WKMM2cG40mjA812Ieog9f5kC8Wh58X8,10,plain,none,mixed,3 3 4 5 7 11 12 14 18 23
AA1WGOz8f68ma7qUaB18f0eEHWo8WGOiGW,10,plain,none,mixed,1 1 2 5 9 11 13 15 20 23
AA1W1I74o2KD1a8m50G0eHyFveT5en6aoA,10,plain,none,mixed,3 4 5 7 8 8 9 15 18 23
AA1WJ0qycSeJ0e119fmK0SqbWK91aGX28L,10,plain,none,mixed,1 2 2 4 6 11 13 14 15 32
AA1WJ1CFXHC9H22b7i20O2WXCNjAX9C9eO,10,plain,none,mixed,1 1 1 6 8 12 14 15 18 24
AA1WP132OjQ6m5vQHY8208aIKU0kf5d5C5,10,plain,none,mixed,1 1 6 8 8 13 13 15 16 19
AA1WE2GYvsenY4GE1WHF28X1GaY5GWNG90,10,plain,none,mixed,1 1 1 6 6 14 15 17 17 22
AA1W8H9mj6GH4qAWZ0WL86V48XS9HGoeIE,10,distinct,none,distinct,1 2 3 4 10 11 12 15 20 22
AA1WC0W3qUIJg2uN2mKC0W14GJ2G5288P9,10,plain,none,mixed,1 1 4 6 8 9 10 16 20 25
AA1W2bOayGY0G7MI28uIa2WY4PC4n99GP2,10,distinct,none,distinct,1 2 3 5 8 9 10 14 23 25
AA1W4mor4eSXQ2KWw1W42bAniJyCsY430O,10,plain,none,mixed,2 3 4 5 7 12 12 16 19 20
AA1W0789v1HabbAHGn9mYKaf4A1MjUGgUm,10,plain,none,mixed,1 2 6 6 7 11 13 17 17 20
AA1WH34OH4X4Sk8X6Wa8XWq0C0mHbBo6Gu,10,plain,none,mixed,1 1 4 5 6 7 8 12 15 41
AA1W2WKghoOKTGI8mE2CIuO3GM082nEBQ2,10,plain,none,mixed,2 3 3 4 8 9 11 12 18 30
AA1W4Y4JSrIUjK90HA321ugrK52OPPpGG4,10,plain,none,mixed,1 4 4 7 8 10 11 12 13 30
AA1W8q9HYGH108DcSr08d3Y0L2XquW1Wg9,10,distinct,none,distinct,1 2 3 4 5 6 13 15 20 31
AA1W2X22q2mA18HHo30AHX9N1u948c4LY6,10,distinct,none,distinct,1 2 3 5 8 9 10 13 16 33
AA1W2WeD020I3QWGz2GA9I8hAf97eX810O,10,plain,none,mixed,1 1 3 4 6 12 15 16 17 25
AA1WJ34KhMEH21KcfLb0W0C7gZfDeGb8A0,10,plain,none,mixed,1 2 3 6 6 10 11 14 20 27
AA1W40pJQhKvB1W4uWa9H9NQXg2G6W8W0O,10,plain,none,mixed,1 1 5 6 6 7 10 17 21 26
AA1W51Romo1KeA0ud4a9IGA7SKiCM9mW20,10,plain,none,mixed,2 2 2 4 5 8 12 16 22 27
AA1W4B4PZuI9L9XCC6840XYCe9OBSKmc48,10,plain,none,mixed,1 1 1 9 10 11 12 15 18 22
AA1W20DdqkC7BHQ48aWHAmLIHM5m6aHqen,10,plain,none,mixed,1 3 7 7 11 12 12 12 13 22
AA1W8WIJHiCZDSby084Op4A52hIS4LH28A,10,plain,none,mixed,1 2 4 7 10 10 11 12 14 29
AA1W4WBWfcJLQa-H4OYI1AFn6b4MNqIOi8,10,plain,none,mixed,4 5 8 8 9 10 10 11 15 20
AA1Wq0A5AJ4OKYKoc50H60S3XcjC1WKvKQ,10,plain,none,mixed,1 2 4 4 5 8 14 15 20 27
AA1W4GK9K2fqUOOZCKa4PA8pz_1WH6X50Y,10,plain,none,mixed,1 6 6 7 9 9 9 13 18 22
AA1W0K8bSu104_1EaGsb861G6L35hT4O20,10,plain,none,mixed,1 2 3 3 6 7 8 11 23 36
AA1W2W84KkLInaH2MGJ9We4ObHMGu2W38G,10,plain,none,mixed,1 1 2 5 8 10 13 18 18 24
AA1W4IWrYg8i9d9r4f5KXqYaZH22Mn0a4G,10,distinct,none,distinct,2 3 5 7 9 10 11 16 17 20
AA1W1GY84Cn0HYwg8Y891KCQYqcuPwe5Gs,10,distinct,none,distinct,2 3 6 8 9 10 12 13 17 20
AA1W5WO2Gi26XA9WP382WC3mGln2K70e5K,10,plain,none,mixed,2 2 3 4 7 7 7 11 24 33
AA1W50t20mA4GGZlS0a1WK38iTUBHi2Ga2,10,plain,none,mixed,1 3 3 7 8 9 10 11 21 27
AA1W0S2GIvqGo7meU5GW2n2GI88sB1KE4G,10,plain,none,mixed,1 1 3 3 5 8 13 19 21 26
AA1Wj5neqwpLYAGA40W1WC7XaRqMe60YII,10,plain,none,mixed,3 3 5 6 6 7 12 14 18 26
AA1WKDYXYKgSEesaC9H85Y4cUJB8I2cYGW,10,plain,none,mixed,1 3 4 9 10 10 14 14 17 18
AA1WCHZEPpg1apWJ10440S20eJ2AGgK6KK,10,plain,none,mixed,1 4 5 5 7 8 12 14 18 26
AA1W0eI2ObK4XzNByK810O48eDyla91nGq,10,plain,none,mixed,2 4 4 5 7 8 11 13 22 24
AA1WWY888a3OCSLGy1GX4DHH85uOs3eQWq,10,plain,none,mixed,1 1 4 6 7 8 12 20 20 21
AA1W20B0wY520GAf3MC8X56OpAjMS3XWH8,10,plain,none,mixed,1 1 5 6 7 9 10 10 20 31
AA1W187DT9gD0K11GJW8XC8QiC9HsCnEH4,10,plain,none,mixed,1 3 5 5 6 8 9 15 18 30
AA1WE6GI8oQHmH1V8WeI4GDbDEWA0e4AIK,10,plain,none,mixed,1 1 5 6 9 9 11 12 16 30
AA1Wg4GM2mF27Gxg4eZ46WoIa6GY2m32G4,10,plain,none,mixed,1 2 3 6 6 7 8 15 22 30
AA1WoAgQIY2IIBXH8mo14873nc7B8v8WG6,10,plain,none,mixed,1 1 4 8 9 12 13 14 15 23
AA1WI48BWfB9QJWgrWIAFIRebC65I1V89H,10,plain,none,mixed,2 2 6 6 9 12 12 17 17 17
AA1W60H33X2WKBAIe819fF596ioWDX48se,10,plain,none,mixed,1 1 3 5 8 14 15 15 15 23
AA1W1O8CcHmSmhJIa20596AQPAHqV0uYH2,10,plain,none,mixed,1 2 4 8 10 10 12 15 19 19
AA1W5Y429DgmY0a2jWn5WPpFgU0ngIlKO2,10,plain,none,mixed,1 3 4 5 7 7 16 16 17 24
AA1WCf1R8r3WR5OTmOG8P1GH2bsXgP7A0X,10,plain,none,mixed,1 3 4 4 8 10 14 15 16 25
AA1WB2YECIX6yiXBuWW0nJv82g-lMQaeM4,10,plain,none,mixed,1 1 7 9 9 9 12 14 17 21
AA1WBI14N25WHEOG0O24XaqZe2aQ7GgmmH,10,plain,none,mixed,1 1 1 3 11 11 13 15 22 22
AA1W6WH2GK29srKHHyG30N3WKX0N3DYsg2,10,plain,none,mixed,1 3 4 4 5 7 11 16 24 25
AA1W1W5IJi6d89OX2r0HAG51L2RootbbIW,10,plain,none,mixed,1 1 4 6 7 11 13 15 20 22
AA1W6H44WifdCOYhLc410X6M64CXfq40G4,10,plain,none,mixed,1 3 3 4 8 9 10 10 21 31
AA1W4cyw3JQWA4V28Wq8q42I5H4vK8o90a,10,distinct,none,distinct,1 2 5 7 8 9 11 16 18 23
AA1WWayGX44Gq28OM0HK8XSIYZA2mWy1W5,10,plain,none,mixed,1 1 1 2 7 13 15 18 21 21
AA1Wb5810JgIi20G2mGH0u46GJ3Q1GJ89X,10,plain,none,mixed,1 1 2 2 5 7 18 19 21 24
AA1W4H28Y1aWX8BKaCG6WcCKi0u40ZsUoH,10,plain,none,mixed,1 4 4 6 7 9 11 12 12 34
AA1W97Ibgv6EH88G1GaH5GL4ixeZmL3O0a,10,plain,none,mixed,2 3 5 5 8 8 11 11 19 28
AA1W8b4ycaIam50aE8aaIQ9I968Q2m70u4,10,plain,none,mixed,3 6 7 7 7 7 9 14 16 24
AA1WB2QVWi4OYbDD8401G9fAC51eaM4baI,10,plain,none,mixed,2 3 4 4 5 9 9 20 21 23
AA1W8X970S7XJtKGU0G0WA0gVS8eYb4g38,10,plain,none,mixed,1 1 4 8 9 9 11 13 19 25
AA1WK4uAbDOHbH2a4gOILo9gLX98qjPjCI,10,plain,none,mixed,3 3 5 8 10 10 11 12 12 26
AA1W89fEKK3I4450O0H69N9aD9AuZ5mu11,10,plain,none,mixed,1 1 4 8 9 9 10 10 16 32
AA1W92ECFAH071uMoAX69Iq20894N4YQIK,10,plain,none,mixed,2 3 3 6 7 10 10 12 15 32
AA1W52DJsOH2MWy4Oo4S2AXK91An8CIuf9,10,plain,none,mixed,1 2 4 6 6 8 9 13 19 32
AA1W4sQo3mQ25WwACO9eaC2H1aOJogP2G4,10,plain,none,mixed,2 3 4 7 7 9 11 13 19 25
AA1WKXaY3n3vY0G3i4G1J9rBQ6AGK0G6H4,10,plain,none,mixed,1 1 2 3 5 7 12 17 17 35
AA1W3FylX855AQD2OL994NJ4q8W8ACHXW9,10,plain,none,mixed,1 5 6 8 8 10 11 15 17 19
AA1WoGA11Ya2WeY1H4C24z4X89589P6Koa,10,plain,none,mixed,1 1 4 8 8 8 11 19 20 20
AA1WK18P6fKYKKXQ4HPCX4m17ZaB5Wa490,10,plain,none,mixed,1 1 4 7 7 13 15 15 17 20
AA1W4ItCaDYQZj48XaX09Ov54JCfeIXHD0,10,plain,none,mixed,1 3 3 6 6 8 16 17 17 23
AA1WH4H2qUtoWI0W8WIQ4W0W75zIYM3YII,10,plain,none,mixed,2 2 3 5 5 7 14 17 21 24
AA1WJ17E0M3c9U12WG21OIWp88cSKbKM4e,10,plain,none,mixed,1 1 1 5 6 12 13 15 21 25
AA1WhBSaAYbnej6ffIJ17p2Y7G81K6GuO4,10,plain,none,mixed,1 4 4 4 5 7 13 13 23 26
AA1W0W8gvfAP2a2XIr09A5G0PEQYiIXRGS,10,plain,none,mixed,1 1 2 5 5 12 14 19 20 21
AA1WO4sa1G918AWIYOL8z48b8P4WX2DXK8,10,plain,none,mixed,1 3 4 7 7 9 12 16 18 23
AA1Wa0m9ee_a7uG20G3WWe2ZeZ2eJ1eEAe,10,plain,none,mixed,1 1 5 7 7 8 10 13 18 30
AA1WGg4WGY8dWZgbUa823L99o3eM3Uen22,10,distinct,none,distinct,2 4 5 7 8 9 11 13 16 25
AA1W4n5fKKaZ6VcC2ZGGWI1DKD06P2HfB9,10,plain,none,mixed,1 3 5 8 9 10 10 16 17 21
AA1W5XL6QmE60uXKCW80WKF797KC1k8f18,10,plain,none,mixed,1 2 3 5 6 7 13 18 18 27
AA1W0Z6lHa8P4uK5mmI8AAWgX8A1ODz2Ga,10,plain,none,mixed,2 3 3 5 6 9 11 15 16 30
AA1W2IO8f86MmI2e3WKX4GGIYHqayUWI1G,10,plain,none,mixed,1 3 5 7 8 8 10 15 20 23
AA1WBBkxGY8WdUQJweGGH1X9smH9XAgY05,10,plain,none,mixed,2 4 4 6 8 8 10 13 20 25
AA1WWI548v5XoMG814G0i4HYK6X526mqY4,10,plain,none,mixed,1 2 2 3 3 9 16 20 22 22
AA1WGI4bCgEY2K9H68WCY4JYg2eWG6mT0Z,10,plain,none,mixed,1 1 5 5 7 8 11 13 16 33
AA1W1H46KXcjJaCXGq08WB16GpLYCNHBOX,10,plain,none,mixed,1 4 4 6 8 9 9 16 21 22
AA1W62GAncQMHIy4Go82GEq6GU0a4gB2W8,10,plain,none,mixed,1 4 4 4 5 11 12 15 22 22
AA1W4XI8GI2WXBKH22W0G40l9RCOZaiHYI,10,plain,none,mixed,2 2 4 5 5 12 13 13 16 28
AA1W6mg2XJ8n891eX0W0u60n4OUZc3G01W,10,plain,none,mixed,1 1 2 3 3 9 10 14 25 32
AA1W50dicX7C9aE2GP8IGa8g4p6eGD1OqX,10,plain,none,mixed,2 3 5 6 6 6 8 11 18 35
AA1W4H1YEQqH60u5qLPH0QBF0UOoAP5YPO,10,plain,none,mixed,3 3 4 5 6 8 10 13 19 29
AA1Wn48IIas2_Nmd49X46G0W5A2aM32AX8,10,plain,none,mixed,1 1 6 7 7 10 14 16 18 20
AA1W9264o68zDIqRHQ830M_N2WK8YmIbC4,10,plain,none,mixed,1 3 6 8 8 9 12 12 14 27
AA1WIWa8i211W4HYAMCcDGAACZGP53fGX4,10,plain,none,mixed,1 2 7 7 7 11 12 14 16 23
AA1W86W70c5Ge8WdWo8W23mME928F9K897,10,distinct,none,distinct,1 2 3 4 6 8 14 17 18 27
AA1W4OKAsN4aaZ1KY54A0k9o9r841c3aP3,10,plain,none,mixed,1 3 7 7 11 12 13 13 16 17
AA1W4ZaXYa6Gn20VFf0a7We3258aS8a2GD,10,plain,none,mixed,1 2 2 5 5 13 15 15 15 27
AA1W8XTBnkCAXoR494m0W92v194D5qeyX0,10,plain,none,mixed,1 3 4 6 7 11 15 15 18 20
AA1W88IAYe5nYahROWGHY4SCyeY3Qfku3A,10,plain,none,mixed,1 1 2 3 12 12 15 17 17 20
AA1WII0e4C5GQRz9288KH4P026Kdf5a8X9,10,plain,none,mixed,2 3 3 4 6 6 8 12 14 42
AA1WAIoODHaOagwd8202HEXFcPWe50oJI8,10,plain,none,mixed,2 3 4 8 9 9 9 17 17 22
AA1W4X87051MJK1WI1210O1-8PHJiOZ1Ho,10,plain,none,mixed,1 1 1 7 7 10 11 16 18 28
AA1WEWKWX82GJDX5a088g6GteSvlCGk2mA,10,plain,none,mixed,1 2 3 4 5 10 10 16 21 28
AA1W4eT3ePQiNCY88r868e3mab40CuI1A1,10,plain,none,mixed,1 2 5 5 9 11 12 14 20 21
AA1W4WA4gc218d1SD2860yBfNt6o4c2SGY,10,plain,none,mixed,1 7 8 8 9 9 11 12 16 19
AA1WL1mDgQI20GEXv960W1gYMQKYG90CAe,10,plain,none,mixed,3 3 3 5 7 7 8 14 18 32
AA1W29Ga7OzOmT08X381IPOiO-WSC1WA5W,10,plain,none,mixed,1 1 3 3 5 10 17 18 18 24
AA1WH98MZuGA0O4GYC60W6vGcKn1S8W4CI,10,plain,none,mixed,1 2 3 3 5 10 12 15 15 34
AA1W9Of2GAJEY53SRb43096aqKXHnc8728,10,plain,none,mixed,1 2 2 4 10 11 11 13 22 24
AA1W69H5bgtEO2OWX081P8E6G6oIB2OUX8,10,plain,none,mixed,1 1 4 8 8 9 10 17 19 23
AA1W9KbdTD00S0XGKCY6qtcXIgMC6d8X8g,10,plain,none,mixed,3 3 5 6 8 9 11 15 17 23
AA1W4KWy1ya2WI3ADAeWHoKf2514C91ez4,10,distinct,none,distinct,1 2 3 6 7 9 13 16 17 26
AA1W9fBYGaL58IJYBe3DIoHWP9w95L9GI0,10,plain,none,mixed,2 3 3 6 7 11 13 14 19 22
AA1W4Wx5WiCa8sAoAMK0WP2OoH48c21WY8,10,plain,none,mixed,1 1 4 7 7 8 8 17 21 26
AA1Wd2rfg2KKb2Z5DvW1NICYX1M68iIg8C,10,plain,none,mixed,1 1 7 7 8 9 11 14 18 24
AA1W8A4I2J8n0FGq2C94ucamg52bL4UeKW,10,plain,none,mixed,1 1 5 9 9 11 12 13 17 22
AA1W4XAGYGbuXaGW48I3WWK6WqFWQ6W3ec,10,plain,none,mixed,1 3 3 4 5 8 12 15 23 26
AA1W60G0CGJDHacO88XA0g3WNZpgRZOR0Y,10,plain,none,mixed,1 2 4 5 5 6 13 19 20 25
AA1W91F8T0Y39acS3PH6H8Am_6OKJSHAK8,10,plain,none,mixed,1 2 7 7 10 10 10 13 13 27
AA1W4ZYSCeCN2yd23WYA1Yc1Q4uc8jESOZ,10,plain,none,mixed,2 6 7 7 8 9 10 14 15 22
AA1W48RamT2CMAQ4h0KQ1B9f2uHLsy8RW8,10,plain,none,mixed,1 1 2 8 11 11 12 14 16 24
AA1W6We320sboY0N80G2WaAXFSzAnIyKIa,10,plain,none,mixed,2 2 4 7 9 13 13 14 16 20
AA1WKKX4TIQB920eY4OOKY1H28WV108r18,10,distinct,none,distinct,1 2 3 4 5 10 13 18 21 23
AA1WWA6HRub7ooGH49X2CbAeiAmmI4G8c0,10,plain,none,mixed,1 3 3 5 7 8 12 19 20 22
AA1WYB1eH2HGIz1HA0Gb7aF4HZeK50eK0c,10,plain,none,mixed,1 1 6 6 7 7 13 13 22 24
AA1WOjAvJ4h2aTKgy9H8KrHGK2OYl18WG0,10,plain,none,mixed,4 5 6 7 8 8 12 13 16 21
AA1W9AOG1iL282Cbf861m9iDYYYS8uW4Ce,10,plain,none,mixed,1 1 1 4 5 14 14 16 19 25
AA1WYIC88W4H8n0eWQ41K7HHI4aaNMxLHf,10,plain,none,mixed,3 4 4 6 6 9 14 16 18 20
AA1WK18uWCB22LFKwX48Y1gWbbCTR8y7Wm,10,plain,none,mixed,4 5 6 7 7 7 10 12 16 26
AA1WHYKN7K8Gm5OlX9C8HX89GGKwUWJ58a,10,plain,none,mixed,1 4 5 6 6 7 9 11 25 26
AA1W61aH0WX0L2to7m2CHKIMKEDoo8N30G,10,plain,none,mixed,1 1 3 8 9 9 15 15 17 22
AA1WCKBaCCHLHa30O2W24qY8Dv7GA0mI58,10,plain,none,mixed,2 2 3 3 7 8 8 17 20 30
AA1WGAWS1g9qLH5a7mm0mOgcY8XU4e9BL2,10,plain,none,mixed,1 1 2 3 6 8 14 16 24 25
AA1W4TZI548yXKKgPHQHDtt1ROf480GL08,10,plain,none,mixed,2 2 6 8 8 9 9 11 21 24
AA1W4WX5CLX0Wy12a4G3969H6IRo4L2eaa,10,plain,none,mixed,1 3 3 6 7 13 13 14 17 23
AA1W92uGiAWY1GrWbQH8XLWa2Gy6SevBo4,10,plain,none,mixed,4 4 6 7 7 8 9 11 12 32
AA1W6WeBAwaHA1W4j0d2GnABAJ4uev88A0,10,distinct,none,distinct,1 2 5 6 8 10 12 14 19 23
AA1W8QYD1hD3W92ea2GY4JJaC2OIP38b18,10,plain,none,mixed,1 1 8 8 9 10 11 15 18 19
AA1W3DMImvH9250eSd8KCWwHP65G9S8g0W,10,plain,none,mixed,1 1 2 6 7 12 13 17 18 23
AA1WA58nZ4J2KYKZ4maWH8O0W4a8F2BHYA,10,plain,none,mixed,1 3 6 6 10 10 13 13 16 22
AA1WP3058iPDuU4AN9m20UKEaYKDGZaSGn,10,plain,none,mixed,1 2 2 3 9 10 14 15 19 25
AA1WXLY50M5h0m6GI2232IHaKSYXgCnQ3W,10,plain,none,mixed,2 4 4 4 5 6 12 16 17 30
AA1WA1G5fIz4uL8P2Wo8XiA7WbhG4JZGH8,10,plain,none,mixed,1 2 6 7 8 9 10 18 18 21
AA1W38Oh6K50v6LArH4GWX8I7M0iC811CH,10,plain,none,mixed,1 3 3 5 7 7 11 13 22 28
AA1WKX4F2THiAGi1SY41GSeL1GGYNH4BX2,10,distinct,none,distinct,1 2 3 6 8 9 10 11 13 37
AA1WY0aUAKp102onM8GaWKG9PpWu57Cva9,10,plain,none,mixed,1 1 1 4 11 14 14 15 18 21
AA1W4aYA4425IRbA1uGo3kSGmM3bTMD28J,10,plain,none,mixed,1 1 4 6 7 8 14 15 22 22
AA1WW91GGUYaX4BGS584C9vXCAuX81GM2a,10,plain,none,mixed,1 2 4 4 6 6 10 18 21 28
AA1W4i58WiMpP31aIL21E9qLz1um8Wo228,10,plain,none,mixed,1 1 2 6 13 13 13 16 17 18
AA1W5ej38f0m911NnvG4mb4uWS0dNW97a1,10,plain,none,mixed,1 2 4 4 7 10 14 14 17 27
AA1W1Ioj3hWBKdYDS09eN-I8gWkPMIqAW3,10,distinct,none,distinct,1 3 4 5 8 9 10 19 20 21
AA1WKEE22Hg3P4n18d8Y2n91aj7GfB6fmm,10,plain,none,mixed,1 3 6 6 10 11 13 15 17 18
AA1WI33Mi8XoIyHYWI331N9N2n1G43Gi0X,10,plain,none,mixed,1 3 3 6 8 8 11 16 19 25
AA1WBZ412HOC2Ga6w1GebTIGW45YSHkE0G,10,plain,none,mixed,1 1 4 4 6 7 12 17 19 29
AA1WHWQJKoCeJuwIbi2D0cz7Kmvz7q16OK,10,distinct,none,distinct,1 2 5 6 7 10 13 15 20 21
AA1W88YmX4YBOSbq5WYO1sSMG38t5YZaGo,10,plain,none,mixed,1 1 5 7 7 8 9 14 21 27
AA1W19n96a6Y0i0E1m84XC7buKcKQYHIaK,10,distinct,none,distinct,1 2 7 8 9 10 11 16 17 19
AA1W0wISH8naAmL6iqgC1HbkAv58a8Ke10,10,plain,none,mixed,1 4 4 5 6 8 11 18 18 25
AA1W8ue4LeoLwS4WIWGA9FEaG5GpvR8a0W,10,plain,none,mixed,1 2 2 6 6 12 13 16 17 25
AA1W30M2l48WaSYDpn8CGX90L2jMA41GH6,10,plain,none,mixed,1 1 1 4 11 12 14 14 18 24
AA1W89sv15e30a4O9XAGHwKI8WY6OKXK70,10,plain,none,mixed,1 1 3 6 7 7 10 11 16 38
AA1WI14XHmC_28Cf51G9oGn55Ybr-10L2Q,10,plain,none,mixed,1 2 3 3 6 6 10 14 21 34
AA1WIo6Vb0u169343WW2XaYM2eQ19uGJ2O,10,plain,none,mixed,1 2 3 4 8 8 11 13 17 33
AA1WQ2keJXCvHCIA10X0J24d0dibKaKDH3,10,distinct,none,distinct,1 2 6 7 10 11 12 14 18 19
AA1W8HZSPOQPW3WA2C448XQC9B8cD1b2TW,10,plain,none,mixed,1 1 2 7 9 12 13 14 20 21
AA1W1CU9oS2H1eK-a1GHa1iFq-eY4aYB58,10,plain,none,mixed,1 1 3 5 8 10 12 16 17 27
AA1W512O0W7280fd18B9XCQbI2WaXq2Gg8,10,plain,none,mixed,1 1 4 6 6 9 10 13 18 32
AA1WKXHAGe4XnGDPY8O0O4XbI9KKkT3uPG,10,plain,none,mixed,1 2 6 6 7 8 11 13 22 24
AA1W0M4BCw4OZ5eOH2eO4WKPZ8oaH449Ye,10,plain,none,mixed,2 2 2 5 7 7 14 16 22 23
AA1Wb36OGYDn8Wy61838r815m20GbQJXK4,10,plain,none,mixed,1 1 4 5 5 5 16 16 18 29
AA1WA0ph8b4A1X48Qam8YBI7JKHXLR8f0e,10,plain,none,mixed,2 3 3 4 8 9 12 13 16 30
AA1W8B48IOYNJ28Y8fO40ew0A1X9DFgXmH,10,plain,none,mixed,1 1 5 6 7 10 13 14 18 25
AA1WAFNv-iGPICX8H34440MPa52mAiuA0W,10,plain,none,mixed,1 3 7 9 9 9 10 17 17 18
AA1WHXH82rqP2uK4CI24GOehJKL28Kca3G,10,plain,none,mixed,1 2 4 6 10 11 11 12 15 28
AA1W4mWT2q0Wq28H34K68mI1GT2IQE8H22,10,plain,none,mixed,1 1 1 3 11 13 15 15 17 23
AA1WSJAaJg8b2ID2aJ30JTM1FrcW81m1e8,10,distinct,none,distinct,1 2 3 6 8 11 12 13 14 30
AA1W8vqMWAIQWC21G4048XPXCYXaCWagXY,10,plain,none,mixed,1 1 1 3 10 11 11 17 21 24
AA1WX2XHbiXYCAuW24W2DG90au_8A24H64,10,plain,none,mixed,1 1 2 7 10 12 14 15 17 21
AA1W4WGeL96iZcZe0W86o2GWYb6qwxu518,10,plain,none,mixed,2 3 3 3 7 14 15 17 17 19
AA1W59E2OOYgUAJGy106mL165GmKTb4I5W,10,plain,none,mixed,1 1 3 3 7 11 12 13 23 26
AA1W0JnW92KZ2L2nseIWN1U4uKCbbCweP4,10,plain,none,mixed,2 4 4 5 10 12 13 15 17 18
AA1Wq0W80n1E5Hae88Y5qm4Zd8GY70a4fE,10,plain,none,mixed,1 1 3 3 8 13 14 15 19 23
AA1WGIK8fReI18L2j282WXtF2u8X8L272W,10,plain,none,mixed,2 3 4 5 8 11 11 13 15 28
AA1WWa20G0H2YSg881GKWa1G72OI4ael5q,10,plain,none,mixed,2 2 3 3 4 6 8 16 18 38
AA1W11yyX1WC4mJ_LvW8YeCT4GK4GDSgCa,10,plain,none,mixed,2 4 5 7 7 8 8 12 13 34
AA1W8c2mIWZaJg4G90Q8agfH54eI44GB99,10,plain,none,mixed,1 2 5 7 7 9 10 12 20 27
AA1WX4E99H0We4cOIWaWY2Geb69sdoWa60,10,plain,none,mixed,1 1 5 5 7 10 11 15 22 23
AA1WWY6I31X30KHjIB2Y4m6nPAwKKKaLh8,10,plain,none,mixed,1 5 6 7 8 11 13 15 17 17
AA1WGi80W7Wp-IH8F01KKI1mJ1GLn914j4,10,plain,none,mixed,1 1 3 7 8 8 10 13 16 33
AA1W040HwGIbtMqIBXGX2M3GG2X2G9cUXi,10,plain,none,mixed,1 2 3 6 8 11 11 11 16 31
AA1W4b66Y84Y2YKHK8rXY2VFvHH9DAOWa0,10,distinct,none,distinct,1 2 4 6 7 9 14 15 19 23
AA1W8IEj5eJ9H81iB9422mc2SFH1YYN2ui,10,plain,none,mixed,2 2 5 7 9 11 15 16 16 17
AA1W2WG44vc5nYz8J16C1A99MHn14afbbG,10,plain,none,mixed,1 1 1 3 8 9 14 17 19 27
AA1WA192GIGAQRHwao810B5oaKSLGI1N68,10,plain,none,mixed,1 1 2 7 8 8 8 14 20 31
AA1W84_aqdYwdSGZBoWY0G2iRcI1WG9eYA,10,plain,none,mixed,2 3 4 6 6 12 14 14 16 23
AA1W64faCWCLe4baWK1c0C1WoGc4ZaIa9X,10,plain,none,mixed,1 1 3 3 7 10 14 18 20 23
AA1WWq9oH0HaVaX8g182PKMZGRYFaWGx1G,10,plain,none,mixed,1 1 5 5 10 11 12 15 18 22
AA1WH2WYIH60-GS4H3Gi6c919yE9IICAWu,10,plain,none,mixed,2 2 3 3 12 13 13 14 18 20
AA1WX4IgPBuZ4faizfWA2fIHaCDXX4XG8Y,10,plain,none,mixed,3 3 7 8 9 10 10 11 16 23
AA1W8uKIYQCXK50o-K4GI14K9dH5D91aWa,10,plain,none,mixed,1 2 7 8 8 9 10 17 18 20
AA1W0G1OrJedWC3SPqe21fMWn4X28YnsHI,10,plain,none,mixed,3 3 4 5 6 8 9 10 25 27
AA1W4Go9g9HoK32Op6K1WE820W2ODAG430,10,distinct,none,distinct,1 2 3 4 5 8 10 17 21 29
AA1W9HD51O9490O918H3G20JIAGpnWCWYG,10,plain,none,mixed,1 1 3 5 5 9 10 11 20 35
AA1WI5OAI2WG3QSy1aCISaf148KCHIC0WG,10,distinct,none,distinct,1 2 3 4 7 8 11 16 17 31
AA1W12QP11C0c5D820WgLMIoaGi6f5GP2a,10,plain,none,mixed,2 4 6 7 7 9 10 12 19 24
AA1WGL23WQ99bALCIoAGa2WImL2FJ96L2W,10,plain,none,mixed,3 3 4 5 8 11 13 14 16 23
AA1W926WSG2XmDBI4Ge4Z4enG8mycEHAYO,10,plain,none,mixed,1 1 2 7 7 9 14 17 18 24
AA1WHa4w0GE0GEFSWY74bbKHuCY2mW40e8,10,plain,none,mixed,1 1 1 4 9 10 13 14 16 31
AA1W0G50Hwf1he91G925WK2vG51856egBG,10,plain,none,mixed,1 3 4 6 6 7 8 8 26 31
AA1WHPLuWX8GX9D40WC8o2eHu168Hj8F24,10,plain,none,mixed,1 1 2 4 7 11 12 17 20 25
AA1W0eA1peeb6a2WU4G81r29A4OWu2ek1m,10,plain,none,mixed,1 1 4 4 5 5 8 10 24 38
AA1WN2WL34bGp7mO7GX20W41WGsHDGc28O,10,plain,none,mixed,1 1 7 8 9 9 10 11 20 24
AA1WW8h50OZ2K9GI2Xa4aKZaLAeSZ4Am00,10,plain,none,mixed,1 1 2 6 6 10 13 14 18 29
AA1WeYuHZtISK5Y4H1314Gqh4b3equH80H,10,plain,none,mixed,1 2 3 7 7 10 16 16 19 19
AA1W0anFDXN0s719a18YZtOuaXPlI68o0s,10,plain,none,mixed,1 1 6 7 7 10 12 17 17 22
AA1W52Q08oQmY8YyHaWKgaYizeIK28ez4e,10,distinct,none,distinct,1 3 4 5 6 7 9 15 22 28
AA1WH646EMH0e8WJoeqeAYA9TGZWz0d8g2,10,plain,none,mixed,2 3 3 4 5 12 15 15 20 21
AA1WWY2GeL99I6Ci4aI0a38PhDOM4c1p64,10,plain,none,mixed,2 3 3 4 6 6 7 22 23 24
AA1W8CauN28W_NrGM3814kmMNWaHWYm2aC,10,plain,none,mixed,1 3 3 5 6 7 17 18 19 21
AA1WB38I2Wa58IvaVWC1GoZg8RkQ10410C,10,plain,none,mixed,1 1 5 8 8 10 11 12 14 30
AA1W0eI8Q8i2WS0r4eY50uAYeKKaeX3mH5,10,plain,none,mixed,2 3 4 4 4 9 15 16 17 26
AA1W0WJBi19i8gqwiGMQ2nM9kDEgicvc00,10,plain,none,mixed,1 2 4 4 10 12 14 15 15 23
AA1W20W8ng3saiFYS286Ga7Amg9nC2O9n2,10,distinct,none,distinct,1 3 4 5 9 10 12 15 18 23
AA1WO0q70jaCKaGXeKW0mXaCZB48r1OAvX,10,plain,none,mixed,1 1 2 3 9 14 16 17 17 20
AA1W8O84GO_4_ccOa1W4WX2ycv729XGv3G,10,distinct,none,distinct,1 2 3 5 6 10 13 14 21 25
AA1W0mH0kgfqA8TBg389WXC1S7c_y0meG8,10,distinct,none,distinct,1 3 4 5 8 9 12 15 21 22
AA1W919CWS1GI2-QGA20W6030O2o8ogHS4,10,plain,none,mixed,1 1 3 5 6 6 9 11 12 46
AA1W3Lf22T561HhDr58H4Ikhpe2WB0ocJ8,10,plain,none,mixed,3 3 3 7 7 7 12 13 17 28
AA1W8XH5DbWGSPSdVZ22X692k1EIfep562,10,plain,none,mixed,1 5 6 7 7 9 12 12 13 28
AA1W0z8A4MKYqT09-GGGrbfG56JAfWaev3,10,plain,none,mixed,1 2 7 8 11 12 12 12 13 22
AA1W10M451q9wXn5w8I98U5fmJ4I0s82f4,10,plain,none,mixed,1 1 4 6 6 7 10 18 19 28
AA1WX2ML3VaXJLIq928X4u3PoR4-IL4M38,10,plain,none,mixed,1 6 9 10 10 11 12 13 14 14
AA1W87mc1SK1fX0A0W5EauJ3eY0m9mi5Gp,10,plain,none,mixed,1 2 4 6 7 7 10 14 22 27
AA1W0G43ni2IOJ3RSk2A9G8WX8IaALpKYX,10,plain,none,mixed,1 5 5 6 6 9 12 14 20 22
AA1WGcG290Gr5OxUaXGICAMZ7Oc3mgWJH6,10,plain,none,mixed,3 3 6 7 8 8 9 13 14 29
AA1W6ISCaAWa4Y9OZ9L2H5ui2OJCbDe106,10,plain,none,mixed,2 4 4 4 6 11 11 13 17 28
AA1W8Pi4WOpr2ZiEH1e10Y2AOxF5B4g0a8,10,plain,none,mixed,1 2 2 7 9 10 13 17 19 20
AA1W0I50WG2JI2Gov9HoEI18I2nZC6WKKW,10,plain,none,mixed,1 2 4 4 5 9 10 15 19 31
AA1WeD0GpgLKIkGg0a42AKKX86mo8Y624G,10,plain,none,mixed,1 1 2 4 8 10 12 13 22 27
AA1WK9Q18x48v-70A0W38JZAMuym918r28,10,plain,none,mixed,3 4 4 6 7 7 11 13 21 24
AA1W8WYWY2JC-GH6JaGJ3HJsO10Y1FKMII,10,plain,none,mixed,1 5 5 6 6 7 10 11 21 28
AA1W4926HIYWO98g9IC60W4FEP0838fXW4,10,plain,none,mixed,1 1 1 7 7 12 14 15 19 23
AA1W3W51IAo9nCm44K2A9X2852KgHK6z1G,10,plain,none,mixed,1 1 3 3 6 10 11 15 22 28
AA1W2GM2aIVYVOb4ab088a30Z218C51NAX,10,plain,none,mixed,1 1 4 6 7 8 9 19 21 24
AA1Weg6AAN8-eD1o99HY08_0G0IdMf5ou4,10,plain,none,mixed,1 4 4 6 9 11 13 13 16 23
AA1WP0OpIUPoe8XWC2W820X8v4a4PYOJ2O,10,plain,none,mixed,1 2 4 6 6 8 14 18 20 21
AA1W2HPCv4-bp8S2BSX10d2z8qCQJA9gI4,10,plain,none,mixed,3 3 6 7 7 11 12 13 17 21
AA1WH1uk3KSX18X6A11G10Y4HCEY4HQBX5,10,plain,none,mixed,1 1 5 6 9 11 13 15 19 20
AA1WXC61GDLKC9bGq0JGWP5GY6Oqmbma90,10,plain,none,mixed,1 2 2 3 7 8 9 12 24 32
AA1WWa51PDHZE2iOH1GPXAE8810BGZm564,10,plain,none,mixed,1 2 6 7 8 8 8 16 16 28
AA1WI4IIlIfIcr1q1um8cu8WI0iZZl98I1,10,plain,none,mixed,1 5 6 6 8 9 11 15 16 23
AA1W8UIHGW4G81Zy168Ob58L4YIKBHG64m,10,plain,none,mixed,1 1 2 2 3 10 15 18 22 26
AA1W6EDfj2uSbeiTYIHa0Hq5SeX4WHGCO8,10,plain,none,mixed,1 3 5 7 7 10 15 15 17 20
AA1W2mC2WQOXECWd1sW40X20i5UhA5n1WA,10,plain,none,mixed,1 1 1 6 7 9 15 17 21 22
AA1W8Gu58j4Z8maYmK220P1qMM4mB0qc6G,10,plain,none,mixed,2 4 5 5 5 6 13 15 20 25
AA1WaGkBaHI50NG810uaXy92OIf8WZ490e,10,plain,none,mixed,1 1 5 8 8 11 11 14 20 21
AA1W5Gc388X4GYmeAGq6G60m5GnGmqBGf5,10,plain,none,mixed,1 2 3 5 6 7 7 9 28 32
AA1W2OSj2GXHMKKGeWeK9sBo593-XwKq2W,10,plain,none,mixed,1 3 6 8 8 13 14 14 15 18
AA1W9XDn8E30V6RcSb8O11GW110a9goOaG,10,plain,none,mixed,1 4 5 6 7 7 10 11 12 37
AA1WY2WYqU9N55IIDLb1Em5mirHE6A8A98,10,plain,none,mixed,1 5 5 7 10 12 13 14 16 17
AA1W8HTQ10EW370seHI892GHJFCcLKSY28,10,distinct,none,distinct,1 2 3 5 8 10 11 13 20 27
AA1W2mYaQ2SKO6W8GWfBIARBfYW83yH8A0,10,plain,none,mixed,1 1 3 5 6 10 13 19 20 22
AA1W9Peg1J8x4Z5S10aAISGaAHQX5uGe0G,10,plain,none,mixed,1 1 3 4 5 7 15 18 19 27
AA1WCHZHMCHLCAW418590mI0KIYO2Pma2Y,10,distinct,none,distinct,2 3 4 5 6 9 13 14 16 28
AA1WGM4Jp6Gy2l28914GaO5n4934HEO20W,10,plain,none,mixed,1 3 3 9 10 10 12 15 18 19
AA1WIII18CM1-HCUeP0GQ470Y1IqEHCQeQ,10,plain,none,mixed,1 1 4 4 7 9 14 15 17 28
AA1W1H89W70e5b6aubKX44W92919niWC08,10,plain,none,mixed,1 2 2 4 4 11 12 13 17 34
AA1Wj4jLZGk1Gk5hWW80gu35I5148S2WY2,10,distinct,none,distinct,1 2 5 7 8 9 10 11 19 28
AA1Wqd1K98WGf50ZmP2IGXCV2A1G7ayXXH,10,plain,none,mixed,2 4 4 5 5 7 8 19 23 23
AA1WnDnI5gKAYuGY3sO13ba3CiKW8H1F38,10,plain,none,mixed,1 2 5 5 9 10 11 14 20 23
AA1W4ZNGo2aX4518mY5GIncIymW41JXWA0,10,plain,none,mixed,1 2 3 3 5 8 13 16 23 26
AA1WeA93vFYYSZAwdo94KVGdayCm8AA5i0,10,plain,none,mixed,1 3 4 6 10 10 12 13 17 24
AA1W28SBnGK6WyH68YI2044AfKj40b7n28,10,distinct,none,distinct,1 2 3 4 5 9 12 15 20 29
AA1W0G20OMcmiRIke9G4OI30U51L8OjAQG,10,plain,none,mixed,1 4 5 5 8 8 9 13 14 33
AA1W2GS3acGX494eEb498k7ma892fKW810,10,plain,none,mixed,1 2 5 6 9 9 10 18 18 22
AA1W4fRBHy26SqbKcIA2GH0ac9i9652W20,10,plain,none,mixed,2 2 3 3 3 11 11 13 24 28
AA1WIZunULi504084g8H0GcAPapcaP0G0Z,10,plain,none,mixed,1 3 4 4 7 8 10 13 18 32
AA1W48W6d2UO70aCj0G4f129ICAHIp8H6W,10,plain,none,mixed,1 1 2 6 7 12 12 15 17 27
AA1WKXHBH968n6mrb8H0O2WLY8UWWS9veG,10,plain,none,mixed,1 2 6 6 7 8 8 8 27 27
AA1W0dYZ0a0WE5Go2m9OL2OL2L1lUM92GJ,10,plain,none,mixed,1 1 6 7 7 9 14 14 16 25
AA1WZ1XAYaNd4u8GDXe14Ke1MwWYYU8n44,10,plain,none,mixed,1 2 2 4 7 12 13 14 22 23
AA1WnMAGivead8o8UWIH918nv4P0Sm5I0e,10,plain,none,mixed,1 2 6 6 7 12 14 15 15 22
AA1WCYIH9kHmG0c4AXC2GMiX6aoz9aGu60,10,distinct,none,distinct,1 2 3 5 10 11 12 14 18 24
AA1Wa4m2IQWG0BquB1GJWg9H4uGf8X8IYK,10,plain,none,mixed,1 2 3 6 7 10 14 14 15 28
AA1W2FHGqmT0q8amaXGIjmK4Te2_HvOJ4O,10,distinct,none,distinct,1 2 3 6 7 9 14 16 17 25
AA1W90Z513GZCiBXGH21W86j2H28g5eTSX,10,plain,none,mixed,1 1 2 5 10 10 13 17 18 23
AA1W66dSWa7OIZaGv4UH418I12CwWYfY2W,10,plain,none,mixed,1 1 4 5 7 8 8 17 19 30
AA1WK4Wkd88GfvXAALY1Ca92OOA2U0y3GA,10,plain,none,mixed,1 1 4 5 8 10 13 14 22 22
AA1W718gmY2AnGbO208KnYEqqjZ38Y850m,10,plain,none,mixed,1 1 1 9 11 12 13 14 17 21
AA1W50y4Ok184P4OZ240841eDbgfhAWG1m,10,plain,none,mixed,1 1 3 5 5 8 9 10 25 33
AA1W91uX4coEiP54qd412cH4BU5G9WmA1W,10,plain,none,mixed,2 4 6 7 10 10 13 15 16 17
AA1W29nEACGXaOYSYKIHYEQa8A1K6H2840,10,distinct,none,distinct,1 2 4 7 10 11 12 13 19 21
AA1W62SXK99YA9JDB8YX6e7m3WI1WYsCP4,10,plain,none,mixed,1 1 4 9 10 10 11 11 12 31
AA1WKHOC1G8b8rF8V0W0OHZ8CuSXN2Op6K,10,plain,none,mixed,1 2 4 5 6 8 15 17 17 25
AA1W8eI4GH5jf6oCeaK20A1aNyuE5KKh10,10,plain,none,mixed,2 3 5 5 6 10 10 14 22 23
AA1W0W80qDCHoP3Lq918GX58F6WgvoeD0C,10,plain,none,mixed,3 3 4 4 6 8 12 14 19 27
AA1WaIH42URRbpGI3GeH64C18p96B8Xh3W,10,plain,none,mixed,3 3 3 3 6 12 12 17 20 21
AA1W8P21I1g1O70JSPa48nEJ8Opm4WbCaX,10,distinct,none,distinct,1 2 4 5 6 12 14 15 17 24
AA1WA32oeG2XtHhAH0eG91nWI1UBmLkU1a,10,plain,none,mixed,1 2 6 6 8 8 9 13 14 33
AA1W38I4GXA4GN2ec1e30R28WLW7X4894e,10,plain,none,mixed,1 1 1 5 8 8 14 17 21 24
AA1W98K5uhACg5C8f2K2W91Cwmoti8WJ44,10,plain,none,mixed,1 2 4 6 6 10 12 15 22 22
AA1WGbTd184305JC88e2bKhIzD4eGS7XQ8,10,plain,none,mixed,1 4 7 9 9 10 10 11 13 26
AA1WAIYQNO7Ga4OI89680Wm2ZawHSBu1u8,10,plain,none,mixed,1 4 4 5 6 8 11 15 20 26
AA1W8w42d148z4rh24G4P4qZYQWE2X8fGC,10,plain,none,mixed,1 1 3 5 11 12 13 14 15 25
AA1WWKq4928BAkO410A12CIZ8mYCI-HUWC,10,plain,none,mixed,1 1 2 3 12 12 14 14 20 21
AA1WCYyXq90q6GeUqHK7I9Wm7Gi2CY3DWW,10,plain,none,mixed,1 2 6 6 7 9 9 12 15 33
AA1WO13d3X4mGFPqeX9GH1aB8IHGJguaZ9,10,plain,none,mixed,1 1 1 4 9 12 14 14 21 23
AA1WW2W6G820abJf6CGHE4WK4AAYTZyEXn,10,plain,none,mixed,1 2 3 4 7 12 12 13 18 28
AA1WF0I29mM1L9t1aAH2WJ4bI888WaOIXA,10,plain,none,mixed,1 2 4 5 7 7 10 19 22 23
AA1W2Gn72G82qLDiGAO2mGCnoc19GQVpwG,10,plain,none,mixed,1 1 3 5 8 10 12 15 22 23
AA1Wnco2II2Ol3eWAWe42WO33hy62S41Wm,10,plain,none,mixed,1 2 2 4 6 10 11 17 19 28
AA1WGWeIaKWYCgboYIK51Pp6I2Zuk25G20,10,plain,none,mixed,2 3 5 7 9 9 11 12 20 22
AA1W0W21wYXKBI28Y1891h891C9lI5G92O,10,plain,none,mixed,1 3 4 6 6 7 8 20 22 23
AA1W41eHX21GC15mHYaGI6OaYqkd9JGK2W,10,plain,none,mixed,2 4 4 5 7 9 11 13 20 25
AA1W8X99X8H1QbWN20G10C7Y4HYLo9R8l3,10,plain,none,mixed,1 3 5 7 9 11 15 16 16 17
AA1WKav1Gb3DY3nuWYCIKB1GKVL47Tqq1G,10,plain,none,mixed,1 2 3 3 8 11 12 18 19 23
AA1WA9WCEXAHKZFoU8i9Gi98aaW510H4-8,10,plain,none,mixed,1 2 4 7 9 10 10 13 18 26
AA1WH33GISHCIHCH3o40GSu9188-eDYdQH,10,plain,none,mixed,1 4 5 6 6 7 14 15 16 26
AA1W8GyI2jk4m8WY4GJc48r6S8DeL548ea,10,plain,none,mixed,1 1 3 5 13 13 13 15 17 19
AA1W2DIiJCPOJMHIA0mi1W3b9mWI8HYaGA,10,plain,none,mixed,2 2 3 6 7 10 10 11 12 37
AA1W0S3PG5IIaYSumH8qAe9QAJoeDuVD24,10,plain,none,mixed,1 1 2 7 11 11 11 13 17 26
AA1W2GBea4h2S1umY2GH1RAIYKcCM2ab2a,10,plain,none,mixed,3 5 5 7 8 9 13 14 18 18
AA1W1QGa5EOTS7o2H2Gb6GKZCObH4nQYGY,10,plain,none,mixed,1 4 8 8 9 9 13 14 16 18
AA1W91qLJ6grLoGH10A404Lba4c2eRB2mO,10,plain,none,mixed,1 2 4 4 7 13 13 15 20 21
AA1W52EU1mimPEUYIW34WIgk96w9YAZZC4,10,plain,none,mixed,1 5 6 7 9 11 13 13 14 21
AA1WaHHJ1BMH4ed8yaq144-8YYDmosGO4W,10,plain,none,mixed,1 4 4 6 7 11 12 18 18 19
AA1WA2ZQ2W31yHCA5W44GcfIIzAXI2RZkH,10,plain,none,mixed,1 3 5 9 9 9 14 16 16 18
AA1W81XBnu8g8YF852C0GA2iZS1CM9WK4S,10,plain,none,mixed,1 1 1 4 7 9 14 19 21 23
AA1W4Xxa0W48yapO4Y4924GS7X2MnoSY2W,10,plain,none,mixed,1 1 4 6 8 9 14 16 20 21
AA1WHo1GH1z1dApG60m4GoCWY104cWa-28,10,plain,none,mixed,1 1 3 8 9 9 10 10 18 31
AA1W8IXfaKIAeYuJZuO0pfeB1xE4hsvN61,10,plain,none,mixed,1 6 7 8 8 9 12 13 14 22
AA1WI93bln9XFn4mP4GP0ZfgcO6df6e708,10,plain,none,mixed,1 1 5 9 9 10 13 15 18 19
AA1W18Y9KB11cnaAeJ25179IGn68AHEs3G,10,plain,none,mixed,3 3 3 5 8 9 11 14 20 24
AA1WC584j9oLeSXoAHGu896hGYKaRXKCA1,10,plain,none,mixed,1 3 7 11 11 12 12 13 15 15
AA1W38i8a8KhMBGi4943XyAY5cGcP6dsQW,10,plain,none,mixed,2 4 4 4 11 12 13 15 15 20
AA1W29XCGs2AWY28mb8aKjc9md148OWK0m,10,plain,none,mixed,1 2 2 6 7 10 11 15 18 28
AA1WWWbGFQuKIJI2mI48CQu7GQ2aP59g1G,10,plain,none,mixed,3 4 5 8 9 9 10 11 13 28
AA1W1eE0e99Aeb95F9W60y6WI0m5Om2mGP,10,plain,none,mixed,2 2 3 3 6 10 10 12 20 32
AA1W08WGAotMmKaI38IXKao6GAWf3GM8k6,10,plain,none,mixed,1 2 3 5 8 8 10 14 18 31
AA1WI1HoCKGA12HqHQ8O1WrGi5m20HcDCY,10,plain,none,mixed,1 1 5 6 7 8 9 12 17 34
AA1W6028I5KnaiIYg4aH26U0da4ZaTAUYK,10,plain,none,mixed,1 4 5 5 7 8 10 19 19 22
AA1WaM3v1WPue3WJq5W21IqEGTJa50KMKa,10,plain,none,mixed,1 3 3 5 9 10 10 17 20 22
AA1W43L9C4WqIXB4eP0aDMQcGI68eZMTiY,10,plain,none,mixed,5 5 6 6 6 6 9 10 21 26
AA1WGS2QWY4IBn3a5b08l8AILSGY6hnX8H,10,plain,none,mixed,1 1 5 9 10 11 13 13 17 20
AA1WIFYHAMJC3GfbC8YYAPGi4m3G61QyO8,10,plain,none,mixed,3 4 5 6 7 8 9 9 14 35
AA1W8aiiEGg3HYOqAHK0cOy4Afq0G27H1K,10,distinct,none,distinct,1 2 4 5 7 9 10 11 20 31
AA1W9XKX4Be60HI9WY522hM20G60LGg9mf,10,plain,none,mixed,1 3 3 5 5 8 8 9 13 45
AA1WOJzOn4C6vV48e2L10LB27awoa21eBO,10,plain,none,mixed,1 2 3 3 7 11 13 13 14 33
AA1W922N03dSeML4eZ8CXDW04SWOzFi21W,10,plain,none,mixed,1 1 4 4 4 7 12 14 19 34
AA1W4KbIKCgqQW500W6YJaKYIYNgxH9q0W,10,distinct,none,distinct,1 3 4 5 7 9 11 13 16 31
AA1W4142eDX4EPbaviW48E0E8nzFk0f6AI,10,plain,none,mixed,1 1 6 6 7 10 11 13 13 32
AA1W2Hm64GA3WYFEG8XOIiMSDBW81m8Xq8,10,distinct,none,distinct,1 2 5 6 7 8 10 12 20 29
AA1WYH4mM2GP2YXW7O8aIEJq2WeE1k92Gn,10,plain,none,mixed,1 1 2 5 9 10 11 11 15 35
AA1WCo27A5ihIXk2SWu8HynAYgE8eeUJ0C,10,plain,none,mixed,1 1 3 7 8 9 11 16 19 25
AA1W90JZ9I7-EI7OGY8HHK8aYYIEiT8w0W,10,plain,none,mixed,1 1 4 5 9 9 10 15 21 25
AA1W0e2cKinIvGt460mGWI5WgI9A8LeZWK,10,plain,none,mixed,1 2 3 8 10 10 10 14 17 25
AA1W449c42Z8jAztG8oeXIAPToNfA93561,10,distinct,none,distinct,1 2 3 6 7 11 12 18 19 21
AA1W4Oyq6OkYmGA2GHHGII68WP51KCH2iO,10,plain,none,mixed,1 4 4 5 6 6 9 15 18 32
AA1W0B59L460aAHGi2We4ZKKfXKy_X4P58,10,plain,none,mixed,1 3 4 5 7 14 14 15 18 19
AA1W470JeeKI9aKS80GuHCacdRwSDIiJ18,10,plain,none,mixed,1 5 7 9 9 10 12 14 15 18
AA1WYAQBbOR6p58oBnO25eO0J1CCAIHXaG,10,plain,none,mixed,1 2 5 7 10 11 14 14 16 20
AA1W1WFKCH9K7X4DCCX2HpMQ0OIYZIKbYG,10,plain,none,mixed,1 3 4 5 5 10 12 13 18 29
AA1WC1X4suBf0Y0lQ9X4f95Iu3v2AYYCdG,10,plain,none,mixed,1 2 4 7 8 11 13 13 19 22
AA1WG18iaGgRIdTHfr1O1Of4az7A8g6LAI,10,plain,none,mixed,1 5 7 8 10 11 13 13 15 17
AA1W48AA0m5EKBdHan0HAKHn3YExMwaauH,10,plain,none,mixed,1 3 6 7 7 12 13 14 15 22
AA1WGH1K1-Ha4d12BYHM2aggmBWoDece31,10,plain,none,mixed,1 1 1 3 8 10 10 20 22 24
AA1WH14IDAaB14WMYw8AGnz0u4ZXmACT8Y,10,distinct,none,distinct,2 3 4 7 8 9 10 14 19 24
AA1WC2g20Qbts9gza104uCoIFaNSGIWf52,10,plain,none,mixed,1 3 8 8 8 8 8 14 20 22
AA1WeD1J3eY4G2OU3XQHOZKR2KHWGY3H04,10,distinct,none,distinct,2 3 4 6 7 8 10 13 19 28
AA1W18X4HaO_4v4eH0O6Ga2PdaCW51GK4G,10,plain,none,mixed,1 1 3 4 8 12 15 18 18 20
AA1W80WC2Z5KQXwI3WaOJMM5m68j1G49mY,10,plain,none,mixed,1 3 4 5 8 8 10 11 21 29
AA1WH66I0WG9158iv2mWA2EHh821nICXaa,10,plain,none,mixed,3 3 3 3 4 5 12 12 21 34
AA1WGnA8i5WG349Kgw9IJ1u841WDnYjImW,10,plain,none,mixed,3 3 5 5 6 6 8 8 14 42
AA1W0G4QBIR3-6K7ZP0GY51g5IgYLSr8B4,10,plain,none,mixed,1 2 3 5 10 12 13 16 19 19
AA1W8Gt40WQ4WMf8A4Y4Wz2ibMaFXA5Ga8,10,plain,none,mixed,3 3 5 7 7 7 9 14 16 29
AA1WY892WG11SRWvN8bXOB0WG2kmI948Z0,10,plain,none,mixed,1 2 2 2 7 10 10 16 20 30
AA1W03e9OOCEX40GWH6HIHZFeCWYeL3m5e,10,plain,none,mixed,1 1 2 3 4 7 13 18 21 30
AA1W29A3WirX72Gf4OO40m26Ovf4YUBog8,10,distinct,none,distinct,1 3 5 7 8 9 11 15 19 22
AA1W21oBbSMWK1WY5K4491EEHakDaM70W4,10,plain,none,mixed,1 1 5 7 7 8 12 13 22 24
AA1WHKH0ekPeXOAIkj3L4g2Ww8F6In5anW,10,plain,none,mixed,3 4 6 6 7 7 8 10 22 27
AA1WGa4n0W3050mSLGJ8N2891CHrIW610H,10,plain,none,mixed,1 1 1 4 6 9 10 15 23 30
AA1W1W8BZ2Ida7eo1a8288D2mKHQofk104,10,plain,none,mixed,1 1 1 5 10 10 11 19 21 21
AA1W6a3WZq2uI3mmI64WX54n6aX59EKa2G,10,plain,none,mixed,1 1 4 7 9 9 9 19 20 21
AA1WCGYJ1T718A5G6mcGY28KuLOOK3280W,10,plain,none,mixed,1 1 2 4 10 11 12 13 17 29
AA1W0e82cQOAXn99Hn151C8vqDYiu924C2,10,plain,none,mixed,1 1 3 5 9 10 14 15 19 23
AA1W2W80COv4Hd4oPBA80c2Wc55QvZCPuK,10,plain,none,mixed,2 5 5 5 8 9 9 12 20 25
AA1W82352uB1O9BIWXA8X7yRZ8ODGY7WY8,10,distinct,none,distinct,2 3 6 8 9 10 11 12 19 20
AA1WWX5XH88N8M4c2GG1NMwoEGYEEpq0E1,10,plain,none,mixed,1 3 3 4 9 12 12 13 17 26
AA1W108HiSIA2KD10y4GRa30U2HIMHnFI1,10,plain,none,mixed,1 2 4 5 10 10 10 17 18 23
AA1WY4Mii1ynqYYDYE051MCA9EBcS6IKI5,10,distinct,none,distinct,1 2 4 5 9 12 13 15 19 20
AA1WimMaHKR3W40Z2GaK5Wf0e-QIKH30W2,10,plain,none,mixed,2 3 5 6 6 6 9 12 21 30
AA1WGWKGQnCeI32aE621WDrUPvXxFx9Q10,10,plain,none,mixed,1 1 6 7 8 9 11 16 18 23
AA1WI42WKgeF519q7eB9KI1GaCDcf5L6W6,10,plain,none,mixed,2 2 3 4 6 10 12 14 23 24
AA1WQCC8ciM3n5KLFXY4d2vGG8rvMqHZW2,10,plain,none,mixed,1 5 6 7 7 9 13 16 17 19
AA1WJ328GU28Gb74j8A08AHbDfKg8WYWSo,10,plain,none,mixed,1 1 3 4 4 11 12 16 23 25
AA1W6We3ofP2mJ2Ob28082A9nPSPe20O2W,10,plain,none,mixed,2 3 3 4 4 8 10 13 24 29
AA1WG9uIoiGa7GggaAH4W_mY4iOYubGnoG,10,plain,none,mixed,5 5 6 6 8 9 9 13 14 25
AA1WC9StLbXH14GP1086YKAYyYXIcZK7b2,10,plain,none,mixed,1 1 7 7 11 11 11 16 17 18
AA1WaDXeY5IYOKaaHY2C4ceY41GY7A1G9X,10,distinct,none,distinct,1 2 3 4 6 10 11 13 23 27
AA1W20O796fZAGU2GIGH2-K38949C8n9Y8,10,plain,none,mixed,1 1 7 8 10 10 11 12 13 27
AA1W6ei6590q6LaTW1WAWj5990d2L0A4L4,10,plain,none,mixed,1 1 3 3 5 10 14 15 24 24
AA1W90F20GR3N91494a48W54PZ6WJyGH4G,10,plain,none,mixed,1 2 2 3 6 16 16 16 17 21
AA1W101j3eAOs1eXWW1KPY8JI5WCqcppOY,10,plain,none,mixed,1 1 3 4 4 5 14 18 23 27
AA1WII6T0feYMDPXIAYG2mDImBz4r2G0fe,10,plain,none,mixed,1 4 4 5 10 11 12 16 17 20
AA1Wg5GQ0G0mBSgtfA2WA29861Gi6uj6GX,10,plain,none,mixed,1 4 5 6 6 7 7 11 20 33
AA1WWA28L19KgeZ4h50656OYQHI9KIei4W,10,plain,none,mixed,1 5 5 6 7 10 13 14 16 23
AA1WD0a0X5GSKIXXC70K2vKd18XGg0q4XI,10,plain,none,mixed,1 1 2 7 8 12 13 15 19 22
AA1W2883QaYN93X0h5K9Hm10KEcQOgeB68,10,plain,none,mixed,1 2 3 4 9 9 11 16 22 23
AA1WbFlma8c0H2IcbIL2XdaYa28aOy0H8H,10,plain,none,mixed,1 5 5 5 6 7 8 16 20 27
AA1W8Y3nAPY2mqWG1GE8YuWW42XkHc1WGY,10,plain,none,mixed,1 1 4 4 6 6 7 18 25 28
AA1W80GI932-NB58YYaIIDBaocP49He428,10,distinct,none,distinct,2 3 4 5 8 11 13 16 17 21
AA1WHK9X9HIGi91G4Y9K5WE8V2X62OOb0f,10,plain,none,mixed,1 3 4 5 5 9 16 18 19 20
AA1W8K2GlZOWO31e8b44F0g0qAn2AJWO0W,10,plain,none,mixed,1 2 2 6 7 9 12 18 21 22
AA1WIIAAbU15m2hL8g69GoMeA2Mu92W89C,10,plain,none,mixed,1 4 6 8 8 9 12 13 19 20
AA1Wq1088UcYoEfv0e73Kw4Le8Ge9mn928,10,plain,none,mixed,1 1 2 4 8 11 14 19 19 21
AA1W518n249HAAsMJIWGP5Kae58WDPX891,10,plain,none,mixed,2 3 8 8 10 12 13 13 14 17
AA1W88N43hX084-8uHg6WX8qavhDLKcP0a,10,plain,none,mixed,1 2 6 9 11 12 12 12 15 20
AA1W1020fYKIaXPKGKW10D4vZ1GCXdM9B5,10,plain,none,mixed,1 1 3 6 7 8 10 11 14 39
AA1WDKfb9Gfa3108o0m9KXaHo6PI50OX1O,10,plain,none,mixed,1 1 4 5 8 8 12 18 20 23
AA1WYC4FgAJkGD1CB0W228P279MfYZYKLI,10,plain,none,mixed,1 5 6 8 10 13 13 14 15 15
AA1W60kqG5WG05XI892E208169rCP5i3Pu,10,plain,none,mixed,1 1 2 2 8 8 11 14 15 38
AA1WX4C30eG1mWSB9H9H0A7GfEAfnWC0O8,10,plain,none,mixed,1 2 3 3 5 7 8 16 24 31
AA1W30A5JbuicvIuP540WXBGyGM49eak40,10,plain,none,mixed,1 2 3 5 10 10 11 16 21 21
AA1WI6080e618yKLYPqWA8mbPiXm30V2WH,10,plain,none,mixed,1 2 3 3 6 8 14 15 19 29
AA1W2N3Wi4A18HKe5142qqNaLY0m4g4X38,10,plain,none,mixed,1 1 3 5 10 12 13 15 17 23
AA1W2KWC1ZqL-XI1BLHaACNGWX4IXiL8uW,10,plain,none,mixed,1 3 3 5 10 10 10 11 22 25
AA1WANYCmQIoeKa72uXKKaGX4oBITGn2WG,10,plain,none,mixed,1 4 5 7 9 10 10 15 19 20
AA1WKKoX2MIGg4Wt91G050c4oMbZtNI1WA,10,distinct,none,distinct,2 3 5 6 7 10 11 14 16 26
AA1W224dfXJnPxGWY45Wt8UYGEsbi8G7Y5,10,plain,none,mixed,1 2 3 7 7 12 13 17 19 19
AA1W408N1WXQyZ2AdCXS3U90esLb4m-3Ge,10,plain,none,mixed,2 2 4 8 9 11 12 14 16 22
AA1W38Or6gXXEw0l68GHWOMYa0gA8Xg2aH,10,plain,none,mixed,1 1 2 4 7 11 14 17 17 26
AA1WH2aJXI9PQvP3W000eAus4GXym10AHe,10,plain,none,mixed,1 2 3 5 5 8 10 13 17 36
AA1W4ma1GYmaGx0A5aa48K50aSpw6kcG20,10,plain,none,mixed,1 1 3 5 5 12 12 18 19 24
AA1W938HqD9eDI89491p7uMW50mE5I28GW,10,plain,none,mixed,2 2 4 6 6 11 13 14 15 27
AA1W8D1N9eY2W90p5WHg3mD2aBgl8H38e2,10,plain,none,mixed,3 3 4 5 5 8 12 16 18 26
AA1WGI55TCq1bB0P2iX290U3C4eeHNnc9i,10,distinct,none,distinct,1 3 4 6 9 10 11 15 19 22
AA1W2O8gtQybJ4HQ40O1Z4IWA7-b8IoYWC,10,plain,none,mixed,1 1 3 4 10 12 13 15 19 22
AA1WH18CALaDcBXJAOmL2G-0fS388Wy6A4,10,plain,none,mixed,1 2 5 9 10 11 14 15 15 18
AA1W0GB2F4KmCcNvx9151XAXo929YbiQaG,10,plain,none,mixed,1 3 3 6 7 8 9 16 20 27
AA1W08G6ENGaK9HYD2e90u995GaycLAa60,10,plain,none,mixed,1 2 2 4 11 12 12 16 19 21
AA1W0C5AB8RZ9CWe1AaX28O9TAIYTjHg8A,10,plain,none,mixed,1 2 4 9 10 11 11 14 17 21
AA1W2gYH2e302xz0E09aKeOZ9bKrn24YWP,10,plain,none,mixed,1 1 2 3 6 7 12 13 20 35
AA1W81WSvqWR72Ws50ZH2uD4mEWQ3AZ9Yb,10,plain,none,mixed,1 1 3 7 7 7 8 11 21 34
AA1W18K2arwCuWW550K8WW20m9UIHSYaHK,10,plain,none,mixed,2 4 4 4 5 8 9 17 20 27
AA1WGWmOBcgMAEnOm81GQfYNC4cwqZ8OX6,10,plain,none,mixed,1 1 2 8 9 9 11 15 21 23
AA1W60k0iSY0Gg3Or8WBG50WAHN4aE1G92,10,plain,none,mixed,1 2 3 4 4 8 8 10 28 32
AA1WGPo6mkICAHXPe200mTcAqYXo52CcWI,10,plain,none,mixed,1 3 6 7 8 8 13 15 18 21
AA1WMXmE9GDQTBt8C0W0W6ZXX2KcWWG5Z4,10,plain,none,mixed,1 1 2 4 9 9 10 19 20 25
AA1WXCG6pv3ej2YYE7a4YbOIWBb39QcC48,10,plain,none,mixed,1 1 6 7 9 10 14 15 17 20
AA1W0eH21I6Gqqz9K2G8n88ma3yca0q932,10,plain,none,mixed,1 1 2 7 8 10 14 14 20 23
AA1W7fOQ1VgSq9nsD28K289CP0XEK7Ip38,10,plain,none,mixed,2 6 7 7 8 10 10 13 15 22
AA1W9HCGw84ZOQwNO4W28HL0t0mGV72H12,10,plain,none,mixed,1 1 3 6 8 8 15 16 20 22
AA1W4mej30O94YctMA9HH42YC999X0IYaW,10,plain,none,mixed,2 2 5 7 8 11 12 12 14 27
AA1Wi17KAXI9QBP42H3Y0GI27ayOYYIYW9,10,plain,none,mixed,1 1 1 11 11 11 13 14 17 20
AA1W3GS28AGZ4qk28H550Y3G80X4KcfPg0,10,plain,none,mixed,1 2 3 5 6 8 8 15 19 33
AA1W10HYf0JbeD040m6Q18F0a75eAYYK5W,10,plain,none,mixed,1 2 2 3 5 7 10 18 25 27
AA1WBH34Wo7Z7GI4pnG0823AG84I4BkIC9,10,plain,none,mixed,1 1 3 4 7 8 11 16 24 25
AA1WA4ibYi3WC9Wf2GCL5eX444KJ4C5Wq2,10,plain,none,mixed,1 3 4 5 8 9 9 18 19 24
AA1W0Ow0YaoK7HKBSeoi5UeD2SLJRAY1iG,10,plain,none,mixed,1 3 6 7 11 12 12 12 15 21
AA1W14HWf25GukMbC42X138veAVFTufAaM,10,plain,none,mixed,1 5 6 6 8 11 13 16 16 18
AA1W1IGC3Wa7G7uI1HiaaiQWzI4A0W9X44,10,plain,none,mixed,1 2 5 7 7 8 8 11 19 32
AA1Wc4yaCi8g67ZW-uKGGX7W9aoeeYAJ9g,10,plain,none,mixed,1 2 3 5 9 10 15 15 16 24
AA1WH1WEMKM54OYeL1141ug8LicKIBb4eb,10,plain,none,mixed,1 1 7 9 10 11 12 16 16 17
AA1W1WD56buQWK70eqb2144mrG2083YQCW,10,plain,none,mixed,1 3 3 5 5 6 8 9 20 40
AA1W6HD5XGK7AvLCKAY6Ge4tG4L2Y3MwPG,10,plain,none,mixed,3 3 5 6 7 10 12 14 14 26
AA1WKB0I1SG6D97AnA828CDMWK10E999zK,10,plain,none,mixed,1 1 4 7 7 8 11 12 17 32
AA1WbCqaAIeE2SsWI2i0Xg2WejQ8nA4U4W,10,plain,none,mixed,1 1 4 5 8 9 10 15 23 24
AA1W3HwUjekA28GKHQ8QI2B44AWYOG6I9o,10,plain,none,mixed,1 2 4 5 7 7 8 11 24 31
AA1WG12Gqcey4Z5MUoOH36eZnIIPJWHaaK,10,plain,none,mixed,1 5 6 7 7 10 13 16 17 18
AA1WGSYPCcYAXeR4mZYWJTmL9U3W415T44,10,plain,none,mixed,1 1 3 8 9 9 11 13 16 29
AA1W1WEH1O9sbGgMA70H2H9Gv4942Yoaam,10,plain,none,mixed,1 1 4 7 10 11 13 17 18 18
AA1W2Gs914MY9XI6az81GC6Ipa2GOkK382,10,plain,none,mixed,1 2 2 5 7 8 15 19 20 21
AA1W60GX4UQQLyS3102KGe4WOZZ44vV2GW,10,distinct,none,distinct,1 2 4 5 6 10 11 18 20 23
AA1WIa9Xa8QW4LRHQ148aa3ee4anBkar2Y,10,plain,none,mixed,2 4 4 6 7 9 10 10 19 29
AA1W0O0E44Wu6eIcMH5J34OhCH9A9Gba8G,10,plain,none,mixed,1 1 2 5 8 10 11 12 22 28
AA1WaM5KgbAIHKE24er0Y2ss650X4C26q8,10,plain,none,mixed,2 4 4 5 6 9 11 14 15 30
AA1W1QBHHn870vcGO2OE1Yc57az51048Ya,10,distinct,none,distinct,1 2 5 6 7 9 10 12 17 31
AA1WKacOnL40O5UK4We8d20ZaFmG0iaD0i,10,distinct,none,distinct,1 2 4 5 8 10 11 12 23 24
AA1W928b4fWY8AHQg48GGnrAi1WDcK2X5e,10,plain,none,mixed,1 2 2 4 9 11 13 14 21 23
AA1W4eK3Is2XKpWQ_a858c99Ic88OgY0a4,10,plain,none,mixed,1 1 3 9 10 11 13 14 17 21
AA1W91IsWB20OR5aSLa92F9318bmWd3C10,10,plain,none,mixed,1 1 6 6 6 9 9 12 21 29
AA1WAcK1C9YAoXtNX14f2RYeI1Ic1U8oK4,10,plain,none,mixed,3 3 4 4 6 10 10 11 22 27
AA1W0eC2WJOH060AOaY2GJ40h5p6eb7c1G,10,plain,none,mixed,1 2 3 3 3 8 10 18 25 27
AA1W5JKGf42cQoAKdYW0mHeMYKCQ2E4pbG,10,plain,none,mixed,1 2 3 4 4 9 16 16 17 28
AA1W308J3LSp98N2UKHGI511HCMWF08798,10,plain,none,mixed,1 3 3 4 4 7 17 18 19 24
AA1W8HI5KI5iigGAI50A0b4shkRUK28aKI,10,distinct,none,distinct,2 4 5 7 8 10 14 15 16 19
AA1W230l688H5mSZdGCGAejc4eB2C1v9HG,10,plain,none,mixed,1 2 4 7 8 8 11 14 17 28
AA1W5WODfjYGH10u7pW60W4A0qWfaI1MHA,10,plain,none,mixed,1 1 1 4 7 10 11 15 20 30
AA1W4mLPJA0eP3r0KX0Gg34I7mgHMgAaoE,10,plain,none,mixed,3 3 5 5 9 10 11 12 13 29
AA1W8AY8GRBA9XWCnWSms9IVZCOI818b10,10,plain,none,mixed,2 5 5 6 6 12 14 15 17 18
AA1WQBnBoeiWer750m42GeSIKg0GMX3GG4,10,plain,none,mixed,1 2 3 6 6 10 11 15 22 24
AA1W1G82NPkZ4mL8yHW90n9mW6I2SZiaT3,10,plain,none,mixed,1 2 2 4 7 8 11 20 22 23
AA1W4OA1GafGfH579nG6W21mug5HCnX2aA,10,plain,none,mixed,1 1 6 7 8 9 11 12 15 30
AA1WW24IfzdCsAK64O89bYCHE0x3MKCYU1,10,plain,none,mixed,1 3 5 5 9 10 11 11 22 23
AA1W4pAQidOc4EY4a10XDo3bfCogbJ0430,10,plain,none,mixed,1 7 7 8 8 8 10 10 14 27
AA1WX49N1OP52aJ2Loo0YGCWkSH3IAIG40,10,distinct,none,distinct,1 3 4 5 7 11 12 15 19 23
AA1W109D8Z810rZqXamGYAGXgOh7990450,10,plain,none,mixed,1 2 2 4 5 10 11 13 17 35
AA1WWYKPXAHaNbL4WXCW4JUOL3EHZXa208,10,plain,none,mixed,1 1 3 6 9 12 15 16 18 19
AA1W1lPuma8j4Cda34IASC9KeeJ0uPHI0W,10,plain,none,mixed,1 1 6 6 9 11 12 16 17 21
AA1W0b2kX9vSYaCYyGwf4XYH1J1P9685XG,10,plain,none,mixed,1 2 2 8 10 10 15 16 17 19
AA1WWQ2QGT4n94yKoY01iA9APKeXB98Ea8,10,distinct,none,distinct,1 2 3 7 9 11 14 16 18 19
AA1WYK2H51YB6eIXH1GAY8Aeq6KJw78AXI,10,plain,none,mixed,2 2 3 5 8 8 10 13 23 26
AA1W50c0qLNJHX2ID0J9Wa1GHqNjRq-98m,10,plain,none,mixed,1 1 2 4 11 12 15 15 17 22
AA1W4OA8918yqHcKiKI6Wg4IHnUKJ2YY20,10,plain,none,mixed,1 3 4 6 6 10 16 16 17 21
AA1W1MHuAb7Wa4WZ70aa5W43WISW2P6eWY,10,plain,none,mixed,1 2 4 5 8 12 12 15 17 24
AA1W8eq40Wp0GAQpMWP48H4aibAWICJZ8I,10,plain,none,mixed,2 3 4 6 6 9 16 16 17 21
AA1W2GK8a5XN9-9a810H34Q0612CKc6MpA,10,plain,none,mixed,1 4 4 5 5 6 12 14 18 31
AA1W0Yp3SgYieOpEf1GeSAGI8k2H5aId38,10,plain,none,mixed,1 1 4 5 7 14 14 16 18 20
AA1WE7W50mI0sGx9M1aG40NO-mZF1uI2mO,10,plain,none,mixed,1 3 3 5 5 7 10 13 26 27
AA1W1GKr9K50pYH3YeKGv8H3k7tG472QX9,10,plain,none,mixed,1 1 5 6 6 11 15 16 16 23
AA1WCf8vG8v4aWm55uWCY8F08YKIAD3ng8,10,plain,none,mixed,1 1 2 3 8 10 12 17 21 25
AA1WIWae-5ICAfb5aaKG8uf66Weq42AAI4,10,plain,none,mixed,1 3 7 7 8 9 10 11 19 25
AA1W57aB1e8HhCHl8y1m21W8qRGQrWf1WG,10,plain,none,mixed,1 2 2 6 8 9 15 16 18 23
AA1WH63ubq5T4aZ48WQc14GGz88WYEmICX,10,plain,none,mixed,2 3 4 5 8 12 13 15 19 19
AA1WYc5Y6h926cLa4fG10gwNbnh8R1L4F2,10,plain,none,mixed,1 1 2 7 10 11 11 16 16 25
AA1W4EKCO0LeO33eD24IaKKvYoe94EGg3W,10,plain,none,mixed,1 1 5 5 6 7 9 13 21 32
AA1W4OY890GOmf348b458a6IO30O2WGq1G,10,plain,none,mixed,1 1 1 4 8 9 14 15 19 28
AA1W4eeh0v4JCPaIaY18A5I95QnqWWN4D0,10,plain,none,mixed,1 1 2 6 9 11 13 15 20 22
AA1WGY48cauMaj0X890C14HXw1WC1aqWa5,10,plain,none,mixed,1 2 2 3 5 12 14 18 18 25
AA1W1W91aCXd49Oc5XaC0820L2GIbg2H44,10,plain,none,mixed,1 1 1 5 8 9 12 17 17 29
AA1W8OA2QOJ58M4an4G6WfArEecT8n0860,10,distinct,none,distinct,1 3 4 6 7 10 11 12 16 30
AA1W0m8h3eNGYON58Q5InI5A8Q0ma4d0W0,10,plain,none,mixed,1 1 1 5 5 7 12 20 23 25
AA1W49Xi892IF4WIGX2HXCA-MBnu20F628,10,distinct,none,distinct,1 2 5 8 9 10 11 15 17 22
AA1W6Wno852ROb1YATAI9SIY80HvCaaYC2,10,plain,none,mixed,1 1 3 3 9 10 11 13 18 31
AA1W2mK5WgALYi2H5mu0mI2WaQnXGH1XKC,10,plain,none,mixed,1 2 6 6 6 8 11 13 23 24
AA1WCXap0vD8lQZi50KR1OIGiO8iGOG118,10,plain,none,mixed,1 3 7 7 8 12 13 14 14 21
AA1WGwxdQadaAQnnE1883e0WCZ9fX1K1XA,10,plain,none,mixed,3 3 4 5 5 11 15 15 15 24
AA1WGGU2Gg0aOYeKo8JcCc4eb8jGN4c0u8,10,plain,none,mixed,1 2 6 6 7 11 12 17 17 21
AA1WWC88jIJmO2xt28naJ2UWI2f8z4If28,10,plain,none,mixed,1 1 4 5 11 12 13 14 17 22
AA1WiY299GgcewP0OAW444IKT3XWN68GXB,10,plain,none,mixed,1 1 2 3 6 13 13 16 18 27
AA1WG4GMScZK30cKeaa1F4Wq5qXIEHOI18,10,plain,none,mixed,1 3 5 6 6 8 10 13 17 31
AA1WHgEXqLnDxf68GY88IW2W821e6OGv28,10,plain,none,mixed,3 5 5 5 5 10 10 17 17 23
AA1W1W9mGgHrK5ZYWK4AAAFXw20OuZbI4G,10,plain,none,mixed,1 1 6 6 7 9 9 14 22 25
AA1W0eaCJ9537GaTIIY4WcB2meD4YICAqe,10,plain,none,mixed,1 1 5 8 9 9 10 16 16 25
AA1W2ICHbAf5CC8v6W4C18f44XCC9LI6Gu,10,distinct,none,distinct,1 5 6 7 8 9 10 13 18 23
AA1W6Wf9YeaG81u881m20mA3I2SINdqv14,10,plain,none,mixed,1 1 5 5 7 12 13 14 18 24
AA1WHAGKtnk0W3bnac18WI6P5JL49278ya,10,plain,none,mixed,1 3 5 5 9 10 15 16 16 20
AA1W8Y2A24WXWrrkeCYB1avYHIHIB52PBA,10,plain,none,mixed,3 3 4 5 7 8 15 17 18 20
AA1W1GB10C16qwlL9182WI0W820IE0YKKe,10,plain,none,mixed,1 2 3 3 8 11 11 12 16 33
AA1WIqIUJZ1G4G7oaA5G655oCDOj3iK4H0,10,plain,none,mixed,1 1 3 7 10 10 10 14 19 25
AA1W8XA4mw910F68A120G40of4fBw9Hk5m,10,plain,none,mixed,2 4 5 6 6 7 8 11 24 27
AA1WH26SJY89i8WZ80W8X4KWlI2Gn4KMIK,10,plain,none,mixed,2 5 6 6 7 11 11 11 17 24
AA1WG90YXaCXOX9NmY0HH5eoARGE2IbKUf,10,plain,none,mixed,1 3 5 6 6 13 13 13 17 23
AA1WXNZuHeFAiaX4a4G4XgdJCaSI9HGI4W,10,plain,none,mixed,3 4 6 8 8 8 11 14 17 21
AA1W8X25aCqF0L4JHH49Gc1AHDfhGcb4Gq,10,plain,none,mixed,1 3 5 5 6 11 11 11 18 29
AA1W2EIoGHG6Ke8nHiB0bH5Ol5iJYK994W,10,plain,none,mixed,1 2 3 5 5 9 10 15 22 28
AA1WODqd95KBCeuG12Y8aC6hHc1sTiHZY0,10,distinct,none,distinct,1 2 3 4 8 10 14 15 19 24
AA1W44GAL0K9TeU4182YJwTWmY18APVIIb,10,plain,none,mixed,2 3 3 5 7 7 7 14 25 27
AA1W106M1O2Wiub5PGAOZA0feM3GrI0WK6,10,plain,none,mixed,1 2 3 4 4 4 5 22 26 29
AA1W88J4KGB4cIH0O1019vEr4xXeB1GeZ4,10,plain,none,mixed,2 3 4 4 7 12 13 13 17 25
AA1WC3MY8CGWX8Ge6euC2Wo0SWZ7KrLRA2,10,plain,none,mixed,1 1 4 6 6 7 10 16 21 28
AA1WC4G4ncFnP91eB29O70uAKqG942G209,10,distinct,none,distinct,1 3 4 5 6 7 9 19 20 26
AA1W2JKEYi6YKbFI4S8T3ZZfVIHi4C91W3,10,plain,none,mixed,1 2 4 7 8 8 10 16 19 25
AA1W2P218IFQ8XZK4ZK2GU2kYoRa30GQ4W,10,plain,none,mixed,1 1 5 7 8 9 13 16 17 23
AA1W6XQ70uP8A9dSZYI4Gb2MeL4CGE920W,10,plain,none,mixed,2 3 3 4 5 13 14 16 19 21
AA1WQ2m3GGE2FYAHK8aIIUIEX2HOI29A92,10,plain,none,mixed,3 4 4 5 6 13 14 16 17 18
AA1W288G8uY1Y4Y2Z1GLIvFvs8KnQRVQCH,10,plain,none,mixed,1 4 4 5 6 11 13 18 19 19
AA1W8oESmpwT0l4LaP0C9Gq1LNJ8eW22P4,10,plain,none,mixed,1 5 5 7 8 8 9 16 16 25
AA1W1G4e50aCqcYaA1G9A5GOW2m8X2IoMY,10,plain,none,mixed,2 2 3 3 5 6 10 15 19 35
AA1W0Za3W90fAP5Gu91YKLJK2GH4N58g4Y,10,distinct,none,distinct,2 3 4 5 6 7 8 12 24 29
AA1W53f38nb5F2CtsY440DnmMO9eI2CIKa,10,distinct,none,distinct,1 3 4 5 7 8 14 18 19 21
AA1W5K948HU3CQbp700MCtWSbQAB2G6WaY,10,plain,none,mixed,1 2 2 3 5 6 10 15 22 34
AA1W91YCG5XHBibKzP150H2HTYKKdzH5HG,10,plain,none,mixed,1 4 5 7 9 9 11 12 13 29
AA1WA2IWfe2KCHPB39263eiX3CVH-4uGv8,10,plain,none,mixed,1 5 5 8 9 11 13 14 15 19
AA1WAGf99aAXcb2mX4u0WE1N26CcD0OW30,10,plain,none,mixed,1 1 1 3 4 9 10 17 20 34
AA1WK1iua5ZaejDbkmW8Y1e88IobY8b4nA,10,plain,none,mixed,2 3 4 5 7 9 9 16 16 29
AA1W0W8YSaVU38Q7YA1IGh5WOD2RbPjKP0,10,plain,none,mixed,3 4 5 5 6 10 10 15 21 21
AA1WG22gWbR28l2kPWa9Y8LfIFA5KY6W5W,10,plain,none,mixed,1 1 1 5 5 12 16 16 16 27
AA1Wo2G9A95qnk9obiYY06Sme22I48I4wK,10,plain,none,mixed,1 2 5 7 8 11 15 17 17 17
AA1W18261NKj4YoLhYG0WN4PuH3YyEe8aI,10,plain,none,mixed,1 2 2 5 9 12 13 15 16 25
AA1W4ma2lKs8n6HnbgI88I8ObH928EYLv0,10,plain,none,mixed,1 3 6 6 8 9 13 17 18 19
AA1Wd1492H52ic2HCHW24SimaYHur0m6Pr,10,plain,none,mixed,1 1 3 5 8 11 15 16 18 22
AA1W2X8XQBZqOX0H10OKXG66ms2Fc0GG0c,10,plain,none,mixed,1 1 1 3 5 7 14 19 24 25
AA1WH0a9Ph2ssAXq1G5Z48Y6w8XcmehG8W,10,plain,none,mixed,1 2 2 2 4 11 15 19 22 22
AA1WGA2TpE35eb0yAnW2W852IAfoGWXWK2,10,plain,none,mixed,1 1 2 4 5 11 14 19 19 24
AA1W8I_YFoEfg54OG4WG8cugTeYob2Ok0W,10,plain,none,mixed,1 1 4 6 7 9 11 13 19 29
AA1W8g28G5SiY4HCAt0E1fx0i1WF1DU8CH,10,plain,none,mixed,1 1 6 7 8 8 13 13 13 30
AA1Wn6EMIq2WO12OCWFOX44GXGQDIL0890,10,plain,none,mixed,1 2 4 5 9 9 11 12 23 24
AA1W4g6Iw8A-No8W40uA14scaK1L6XCqX4,10,plain,none,mixed,1 4 4 7 8 8 9 14 20 25
AA1WKaaA0HY9QMf4Gq4KCH3p88Y8J0I395,10,plain,none,mixed,1 3 4 5 8 9 11 19 20 20
AA1WQKo6Gef0PQIq1eEMK214qAGG9HE1OG,10,plain,none,mixed,1 2 3 3 4 9 14 17 21 26
AA1WYK8Y25b04Of430OAXa50Y2NGEH8f4i,10,plain,none,mixed,1 2 3 3 9 13 13 14 20 22
AA1Wn24B2Xee30IAJX2YWqQOYCIXyXN918,10,plain,none,mixed,1 3 7 9 9 9 11 11 15 25
AA1WB2Obif2X96KAK0W4oYa8vMmkA2mNGY,10,plain,none,mixed,1 6 6 7 8 11 11 11 19 20
AA1W10Ee5OYfjZ28X48O2UJ1eF0qP5WS38,10,plain,none,mixed,1 2 3 7 9 9 10 18 20 21
AA1WHc4n03499fHC3GKWX810Q5Gf_9-A89,10,distinct,none,distinct,1 2 4 7 8 9 10 13 15 31
AA1WLYeJ1bE0h9f04500O28GRS0miX8A1a,10,plain,none,mixed,1 1 1 6 8 9 11 12 22 29
AA1W0450mI4biHXOO30oGQ2WC6XoCqgnKA,10,distinct,none,distinct,1 4 5 6 7 8 9 11 16 33
AA1W28iOT3ZYKaXe1y099SGWYr2uXkYaAY,10,plain,none,mixed,1 1 2 4 6 6 14 15 25 26
AA1WYRKHaB32891uv6m0LWNKrcI545Wa10,10,plain,none,mixed,1 2 3 5 6 8 8 20 21 26
AA1W4eacJ6OeADCAY4KHX8314H1BAR27a8,10,distinct,none,distinct,1 2 3 9 10 11 12 13 18 21
AA1WWgGX2e9OOF3GX054lcWKugZ64CWc0H,10,plain,none,mixed,1 1 2 3 6 7 15 21 21 23
AA1WI8519Pp2LK6YKH4a4M491948p29HWq,10,distinct,none,distinct,1 2 4 6 7 11 12 14 19 24
AA1W4WT954cNEZWI0e92XG92mq4QOyqXI8,10,plain,none,mixed,2 4 4 6 8 9 13 13 14 27
AA1W2Gc88XCLA9oE4HA2GA1ZXoUJnI8420,10,plain,none,mixed,2 3 3 4 6 8 14 18 21 21
AA1W1Oez091PLAK48aGQ1NIvCXaL4eyX10,10,plain,none,mixed,1 1 2 7 11 12 14 16 17 19
AA1W0Z5OKWICWO4O31nC1UaHlEnaCFXaAm,10,plain,none,mixed,1 1 1 4 6 10 11 20 20 26
AA1W97uZ08348WYx40YeIMY2GYXo1m20u5,10,plain,none,mixed,1 1 2 2 4 6 12 21 22 29
AA1W5WfR79snjqkY8G198JH9wP0uC54kAK,10,plain,none,mixed,1 2 4 9 11 11 11 13 14 24
AA1W4GX4X46jrPMMIf42m80fq5W91g1nSW,10,plain,none,mixed,1 2 2 8 9 10 10 16 20 22
AA1WeWo4HO6NMQ0HTA7X0G0rnILIk9fW44,10,plain,none,mixed,1 1 3 5 5 8 13 17 20 27
AA1W1ZiPWK3v1W13WW8ejEHrGQ2WA8I4WE,10,plain,none,mixed,1 3 4 4 7 8 9 15 15 34
AA1WCaaFbC8oE1uv8H4U4GZ2A9YA6W55GW,10,distinct,none,distinct,1 2 4 9 11 12 13 14 15 19
AA1W5EZIXeH0WA3gSmMKCXAWvReGet5O10,10,plain,none,mixed,1 3 4 4 5 7 11 13 20 32
AA1W4nH30E2joVZiY2G3G90MGGtuYH8d28,10,plain,none,mixed,1 1 3 3 5 8 14 17 19 29
AA1WY5GhfI20K8JY3W8aXaCKCXIHAQQU0m,10,plain,none,mixed,1 1 5 8 11 12 14 14 14 20
AA1W5954-465eGZMIJI41OENj8fojH4G10,10,plain,none,mixed,2 3 6 6 7 9 12 15 18 22
AA1W50fj2u92GXA4Wn4H1FEA041OXa9XIE,10,plain,none,mixed,1 5 5 7 7 7 8 10 20 30
AA1WWn48Ya70n2APWa44aceJ2HIWMqK2W6,10,plain,none,mixed,1 1 4 9 9 9 10 17 18 22
AA1W88o4B2S588YAHMH10H8bWY2HHYCzCe,10,plain,none,mixed,1 1 5 8 8 9 12 16 19 21
AA1WHX5eaOJI8X40Z4IG8ea1WC0Ieg5Maq,10,plain,none,mixed,1 1 2 4 5 9 11 14 18 35
AA1W10CAPDK5O786CaeHAHK8w4ZmegYCYe,10,distinct,none,distinct,1 2 4 6 8 9 10 17 18 25
AA1W62HCZaWXwIoHY4889ot4mH0P12KH4E,10,plain,none,mixed,1 1 1 6 10 11 12 16 17 25
AA1W68aQ709HhH071G4OYa538g2GKyZXWI,10,plain,none,mixed,1 2 3 6 9 9 10 11 23 26
AA1Wd2w1GLZ1OKX4gL9KMG3W6HHH512eCW,10,plain,none,mixed,2 2 3 5 5 11 13 14 19 26
AA1W60O50W696CYe5SO0G30ePqCGAfHBHf,10,plain,none,mixed,1 3 4 5 8 11 13 13 13 29
AA1WGaWGX3GDfwHKH1616SUQmb4YdRyIB9,10,plain,none,mixed,1 2 3 8 11 12 13 13 18 19
AA1WAI8nY06BHUwOWY48Y7c0q14ciseKYW,10,plain,none,mixed,1 3 5 6 7 11 11 14 17 25
AA1W2WIQK5un8HYl98G4PJL9IAWL2bg7XP,10,plain,none,mixed,3 6 6 9 9 10 10 12 15 20
AA1WHIYKAGYL2aHigY04m54ewlaF18Cq5W,10,plain,none,mixed,2 3 3 3 5 7 11 18 24 24
AA1WHY6Dfi8X5-mWm20107nKcn644a8GXS,10,plain,none,mixed,1 1 4 6 9 10 13 15 17 24
AA1WO70Kr6EWK3Y5GK2e2XCZKCX89Y24Ga,10,plain,none,mixed,1 3 4 5 5 9 13 19 20 21
AA1W1IbaecXX8e48Gg0a7wF1ibai2L1a9Z,10,distinct,none,distinct,1 4 6 7 8 10 11 12 20 21
AA1WYaOaaLBHONr2CY10Ga5eBOaWoXx8OY,10,plain,none,mixed,1 2 4 7 8 11 13 13 20 21
AA1WWO9CIOaavLYjM3Ga08D2f90oydw7Ia,10,plain,none,mixed,1 2 7 8 9 10 10 12 12 29
AA1WY1gNIg67G20O2WZ95Gr4mEE44GXWC0,10,plain,none,mixed,1 1 5 6 7 7 8 11 22 32
AA1WGaoLIK9waeL5nIGGa9sM8A7naHSayH,10,plain,none,mixed,3 4 8 9 9 9 10 13 15 20
AA1W08XZac_18ac24CYWUOrsUB2eD2aSPW,10,distinct,none,distinct,1 2 4 5 6 11 13 16 18 24
AA1WWa7y34LEe4WXC10A08G0ZSZaVYKYYo,10,plain,none,mixed,1 1 3 5 7 8 13 18 21 23
AA1W0s6HGvAnAPaeSA0Gq49Hr21GKoQEGH,10,plain,none,mixed,1 2 6 6 9 9 10 15 20 22
AA1WW015Wjj0e70ZHKGYGZ40mHI76AnMbI,10,plain,none,mixed,1 1 3 5 6 8 9 16 22 29
AA1WX4wXA8a2WD8K70e81m10Cqmb1GCnb4,10,plain,none,mixed,1 1 3 3 3 6 11 21 23 28
AA1WGPzC2eHi2CIs8eICHwbXheh2YIbsG1,10,plain,none,mixed,1 2 5 8 8 10 11 11 21 23
AA1WWJ_5KdGWIJ588WC5r8UbnIC5PSOK50,10,plain,none,mixed,1 1 3 4 9 10 13 15 20 24
AA1W0XYwK7HSG41GAQe82u9EDXdHyEX2H1,10,distinct,none,distinct,1 2 4 5 6 9 12 16 21 24
AA1W811q6kJ28KnA69I62G4Yd1W-8We8V2,10,plain,none,mixed,1 1 3 4 6 10 12 14 18 31
AA1WY23mABP1HaZ4KXm9c0IgkKMxxVG648,10,plain,none,mixed,1 4 4 4 10 10 12 18 18 19
AA1W30O2WBn3h1KCmc82Wc1WK1bCGP4E18,10,plain,none,mixed,1 1 2 3 10 11 13 14 16 29
AA1W4vXP2BH0OYzdGqGH27AaIIYH5CX92Y,10,plain,none,mixed,1 2 5 8 9 12 14 16 16 17
AA1WK0-rPjH9E9pnY90823kiZGi4KbGGXH,10,plain,none,mixed,2 2 4 6 10 11 14 16 17 18
AA1WI2dAbWeGA0vIHAGA0GIIauX7BaGLqX,10,plain,none,mixed,1 2 3 5 8 9 11 11 14 36
AA1W8Ge9Wh4UmCbms0m3W13NGaCyBYGw6W,10,plain,none,mixed,1 1 2 2 7 10 12 16 24 25
AA1W0pRAn48IatLGDogWK8IiIWXAue-e30,10,plain,none,mixed,3 3 3 3 8 10 11 15 19 25
AA1W0m40X4P1757GY118X3EeE1GD7E9IA8,10,plain,none,mixed,1 1 4 5 5 11 12 13 16 32
AA1W8n58ec6oKiXAW1I8XFAvO4WD1yN840,10,plain,none,mixed,1 2 3 7 8 9 9 11 19 31
AA1W83WTM4WgMEPCXW4XDw8K88XSJBa70a,10,plain,none,mixed,1 2 4 5 8 8 10 16 20 26
AA1W10iYL1OXHvN6Hn4HGe2P4uaSI-Xj4G,10,plain,none,mixed,1 2 5 7 9 10 12 17 17 20
AA1WWC0HI64r2q3WK2K2Y84Ww48WS2HHE9,10,distinct,none,distinct,1 2 3 4 6 7 8 15 26 28
AA1WXtC99o0WanZoT081Y8W9aBPz6Q7yCX,10,plain,none,mixed,1 1 2 4 7 9 12 13 23 28
AA1W39nGn94X2OS9Yq2HACOamI4JEgMP0Y,10,plain,none,mixed,1 1 4 5 9 10 11 13 19 27
AA1Wn6ArAc74HbKfD8QE0Y0G1JAWl4O_iW,10,plain,none,mixed,3 4 5 5 6 10 11 12 17 27
AA1WAQIAK9XfY8NHAGq4HKwGT0X020XFq8,10,plain,none,mixed,1 1 5 8 8 9 9 9 13 37
AA1W2V64IIKUKD2K6HIYYCjpZBamdYY24W,10,plain,none,mixed,1 4 4 8 9 11 12 12 17 22
AA1W4F9-E2ebLqV9XAWX09bH4nFHAXyB03,10,plain,none,mixed,1 2 5 5 11 12 13 15 18 18
AA1W93EeB4wWDzS3ac2a7Q8uR2WaN5RQ0I,10,plain,none,mixed,1 3 4 6 6 9 14 18 19 20
AA1W948CioAJXPrWa106lIumXRZC8Z8IZC,10,plain,none,mixed,1 2 6 7 8 11 14 14 17 20
AA1W84jY2G95lJum50O94GlbKPAkWcGmYG,10,plain,none,mixed,1 2 5 8 8 10 13 17 17 19
AA1W29e4mPxscCKYo58a4EagOhKPP2W8KY,10,plain,none,mixed,1 3 6 7 10 11 11 16 16 19
AA1WR2q0G41AkLOK4F1I2H0a5IGKbZM2me,10,plain,none,mixed,1 3 3 4 4 6 13 16 19 31
AA1WGei5aranc6Wa8aW41HgDA4f9X98E4G,10,plain,none,mixed,1 4 7 10 11 11 11 12 16 17
AA1W45XoEOC0-h0810O74KsauI0bA18A6G,10,plain,none,mixed,1 1 1 6 7 7 16 19 21 21
AA1W0qvKCdZ2eY50eL0WNOX4CdYOa10aQ3,10,plain,none,mixed,2 2 2 3 8 9 10 14 15 35
AA1WB0Y2X2GGECvD95828G458vYCoNG1W2,10,plain,none,mixed,1 1 2 5 5 10 12 17 17 30
AA1W318CgY60i7YdWu5Wy4iGYN6a63XKXW,10,plain,none,mixed,1 1 1 4 4 11 16 19 21 22
AA1WX4550c43WaPJHWSX2CIw98f3u2YP52,10,plain,none,mixed,1 1 6 6 8 10 11 13 16 28
AA1W4h8AcXwIaj3FKX2OATi4REY4nHLCK4,10,plain,none,mixed,1 6 6 7 9 11 12 12 15 21
AA1W214T2Koh5GY62WDM209LIoN1u0A1Wb,10,plain,none,mixed,1 1 5 6 7 9 9 19 21 22
AA1WM1u2GN2H4B2H1-00W5WoQJK2Hhs8eY,10,plain,none,mixed,1 1 2 3 5 11 12 19 20 26
AA1WIk518G0Ze1YY6nGYYK1GJ1jktG50H2,10,plain,none,mixed,2 2 3 3 7 9 9 11 24 30
AA1W8ec5WZSTxJ3z69330G5KDGAGAJKXf0,10,plain,none,mixed,1 1 3 8 9 13 14 15 17 19
AA1W8XyW84G9qK9DoK0C2YJkNIyCHHyFw5,10,plain,none,mixed,1 3 3 6 7 7 9 15 18 31
AA1W8H9nDIaSIiEXIAG4AJAYuNJ0W40B4X,10,plain,none,mixed,2 5 6 6 6 7 8 9 14 37
AA1W88YGGZeI1_1nMAH91qTNq38G3WSdXW,10,plain,none,mixed,1 3 6 6 8 9 9 10 23 25
AA1W535emsFWC2QLaWZicd4DH8GOa0jHC2,10,plain,none,mixed,1 3 7 7 8 12 13 13 14 22
AA1WAnArIGa4Gf5ODh082YCRf7LC0C28H1,10,plain,none,mixed,1 1 6 6 9 10 11 12 12 32
AA1WG1128UhUen2eafW4mnaQIJXC8GXACY,10,plain,none,mixed,3 4 4 5 8 10 12 17 18 19
AA1W8bJw24aXG5Ww0WKC6mg0O4LzkSEH48,10,plain,none,mixed,2 3 3 4 5 8 11 16 23 25
AA1W4KY30Id7q2s4seeqW92WCKmdQp94ec,10,distinct,none,distinct,1 3 5 6 7 10 12 13 21 22
AA1W2CODvl24HDyCXZ4YYDHWbHCfGGeGam,10,plain,none,mixed,1 4 4 5 11 12 12 13 16 22
AA1W4WgQAXe9IGe838g2WaH3mgEA1a8J8c,10,plain,none,mixed,3 3 4 4 7 10 11 13 22 23
AA1W1ZKJ6Z8l4Y4JYIM4HHb2WO68P1n2X2,10,plain,none,mixed,1 3 3 5 6 8 13 13 19 29
AA1WAWIosCX18KXXH8MGAH7qabJhL550e0,10,plain,none,mixed,1 2 3 6 10 12 13 13 15 25
AA1W20UYF7X5OqWh6GcK1451OAAAbZ5qK4,10,plain,none,mixed,1 2 5 7 8 8 15 17 17 20
AA1W4YOAILSW4ZWQ8R03WGyCI4KAn3q69I,10,plain,none,mixed,1 1 2 4 9 11 12 13 16 31
AA1WC3GP1B9CCWaKYaXm6GA20mA45WnA8X,10,plain,none,mixed,1 2 3 5 5 9 13 13 18 31
AA1WHD2a9fPx9X8z4ei0b8C6efbA4eHq82,10,plain,none,mixed,1 4 7 8 9 10 12 12 17 20
AA1W2GJoVZAfg8eOaW94Q041KDuz4GzYf8,10,plain,none,mixed,1 4 5 5 6 7 13 16 18 25
AA1W318AvKr6UpB4IIYWaWa26M-4L2M9g1,10,plain,none,mixed,1 2 8 8 9 9 12 15 18 18
AA1W1X1rZIsokuXgA2WD2K1FeYzKHLke30,10,plain,none,mixed,2 4 4 4 7 10 13 15 17 24
AA1WQaocCu68o5KWq0m4a10K24eiC5WUY4,10,plain,none,mixed,1 4 5 5 5 8 10 10 26 26
AA1WWaKAaC1Gu9o4WK8a32OXCAbCZ8_081,10,plain,none,mixed,1 1 4 4 5 7 12 18 23 25
AA1WGHw4cHHK82080m4L3Gw5GY3yeN3EGI,10,plain,none,mixed,1 4 5 5 6 7 10 13 19 30
AA1W8Oef0s4CXI9n1W8A28Gd69XYaT24KW,10,plain,none,mixed,1 1 1 8 10 11 13 16 19 20
AA1W3CiJweY44WaJxf2X2X8H1y8rYn3Gb1,10,plain,none,mixed,1 5 6 6 7 7 8 11 24 25
AA1WKaCGf51086WYqP2CFYC81Xa8L0a4I1,10,plain,none,mixed,1 3 3 4 4 5 10 15 16 39
AA1WaBHBw88I8FA58N80a5Vq8WX8MfpGH8,10,distinct,none,distinct,1 3 4 7 8 11 15 16 17 18
AA1WIeT9MFImM5915qeeCWA2MJaa1J1PGW,10,plain,none,mixed,1 2 4 5 11 12 12 14 17 22
AA1WTKAXMcOA18k4QGa4L43iY8P080l5W8,10,plain,none,mixed,1 2 5 7 9 9 9 10 16 32
AA1W8WZ1eE8wZWeA0qG0eC2aqtczZw9faW,10,distinct,none,distinct,1 4 5 6 8 9 12 13 17 25
AA1W23J9CcHCgYaPYGCGRme1072pTY9kM4,10,plain,none,mixed,1 1 5 6 8 10 10 15 16 28
AA1W91AA9JgYPo7GA1858J0eI2I9Y4mQ0e,10,plain,none,mixed,3 5 5 5 6 8 12 12 22 22
AA1WG0n595oXHzh8g9W2WhYDrd2B98r6k2,10,plain,none,mixed,1 1 3 7 9 14 15 16 17 17
AA1W0Wm60JZHwRT4i0GA9aD1nrS6aGaCX8,10,plain,none,mixed,1 1 6 7 10 12 14 15 15 19
AA1Wa8X2eLNUQAa20m5XGK5WiJY0L0E48G,10,plain,none,mixed,1 2 3 5 5 5 11 18 21 29
AA1W1HfAfmI1D9H4uH42mL6r0K1GOWVY38,10,plain,none,mixed,1 3 4 4 5 6 12 21 21 23
AA1WGW4a0WhBkcKvHn2y4Q28eJIaHeM2WY,10,plain,none,mixed,1 2 2 6 7 8 10 18 21 25
AA1W2H6BXHkI8S4mo5W4WK1SMbguC7WA0m,10,plain,none,mixed,1 3 5 5 7 7 8 13 22 29
AA1WAGf8fTE1KI19eO00e71V4EbCLGIY8r,10,plain,none,mixed,1 2 2 5 9 12 12 18 18 21
AA1WfKgaYaeI4GaebCK0bqYWaWC1GZn892,10,plain,none,mixed,2 3 4 4 7 10 10 13 20 27
AA1Wa1GK2eobbDM1i064aBteY-f558n7Wc,10,plain,none,mixed,1 1 6 6 9 9 10 11 21 26
AA1Wn28P4E1uX39S74Ga11G97BXH3n830a,10,plain,none,mixed,1 1 3 6 7 10 11 15 17 29
AA1WAWaqCngEYYeQ2G88YG95uh091o2Jf1,10,plain,none,mixed,2 3 4 7 8 9 10 10 21 26
AA1Wa2XMw8tn7GvShW4aKH5epCQKOgW8aG,10,plain,none,mixed,1 2 2 7 10 13 13 14 14 24
AA1WK2IYFf9mkxJXQ409YX90nfz4b4GKWY,10,plain,none,mixed,1 2 5 7 8 10 11 11 20 25
AA1W0W30K4-_61IYLmI9OZ1Wa28X5rba2G,10,plain,none,mixed,2 3 4 4 4 7 9 11 24 32
AA1WIXK9a1WG21ZiZqO2n4eK4WI09H9CGY,10,plain,none,mixed,2 2 3 5 7 10 10 11 11 39
AA1W2iKPIjCnS7JsOmfWA1KXD6Im0hCECG,10,plain,none,mixed,1 5 6 8 10 11 13 13 14 19
AA1WL2PIQHBOs6OeA0K89148IY0FNAWCaO,10,plain,none,mixed,2 4 4 6 8 11 13 13 19 20
AA1WKb4L4kZqgsc89094N81M96e9JX030P,10,plain,none,mixed,1 2 4 6 11 11 15 16 16 18
AA1W4H14AP8ge81XKA4AHI5MyE9H789X8S,10,plain,none,mixed,4 5 5 6 7 8 8 14 19 24
AA1W1LSGwvq30L34Ke0YAXICVf2eeb1G8Z,10,plain,none,mixed,1 2 6 6 8 9 9 13 19 27
AA1W53KCW77bGo3G4mmIYGZHKquIaGnAGo,10,distinct,none,distinct,1 2 4 7 9 10 12 15 17 23
AA1Wi0L4f54Ja6WvfH51CAZHmmK8Xiqaw0,10,plain,none,mixed,1 2 5 6 7 7 14 18 20 20
AA1WK1O8YqeKaYuY8GX60aeYtviXK8r50b,10,plain,none,mixed,1 1 4 7 10 10 13 16 18 20
AA1WKCuhiEC8QI5WX202ap7pOFqgI8nDEP,10,plain,none,mixed,1 4 4 8 9 10 15 15 17 17
AA1W2kevIACtWa0S8D18iGD2IamYaaomI0,10,plain,none,mixed,1 1 2 9 10 10 12 13 15 27
AA1WCXfe1560W43XAoW8I2GeYMQYaH18Ma,10,plain,none,mixed,1 1 4 5 6 7 11 20 20 25
AA1Wp3CLyf0WBTOE1Wa95e4ceWe5cX6I0a,10,plain,none,mixed,1 1 5 5 9 10 10 15 19 25
AA1W90iYRv5WLGV44C00Z3L_B32mk3k4oH,10,plain,none,mixed,1 1 5 6 6 8 11 13 23 26
AA1W50o6Y8J74XKI8WF4GmD1xFSDk6w68m,10,plain,none,mixed,1 4 4 4 5 12 13 14 19 24
AA1W0cI926ge93cPuH4KKLU8I2MekqFTZ2,10,plain,none,mixed,2 4 5 8 8 8 11 14 19 21
AA1WKIHCKgaChiH0a100vOR0Nr0eA1GqaC,10,plain,none,mixed,1 2 4 7 11 11 12 12 14 26
AA1WnIEXwCIyCjZQ2mgY3K0G80eqWuaA2W,10,plain,none,mixed,1 5 5 5 7 8 9 14 16 30
AA1W88G0a9WWmI4GP548GN3KOZ2IUAWK70,10,plain,none,mixed,1 1 3 3 6 9 11 14 26 26
AA1W5mX209a8XI5gfr870S20KLHkXG9XZ4,10,plain,none,mixed,1 1 3 5 7 9 11 15 22 26
AA1WCAwu5FcqcY250e4KHMo0mJ4aOYAeGb,10,plain,none,mixed,2 2 5 5 6 6 8 18 22 26
AA1WKYIaLOAv80OWX0W5R890WyyNlbi2We,10,plain,none,mixed,1 3 6 7 8 10 10 12 17 26
AA1WY2nMXqJa67I6OHC3a4EeMdGM5wHG40,10,plain,none,mixed,1 1 3 7 7 12 12 14 21 22
AA1W8D2KZeD2aoG-4eQ4cekY41OABg4XO8,10,plain,none,mixed,1 5 5 6 7 8 12 14 21 21
AA1WAOgAGe4eYQ4QJ3G10E0d91F9DXy4KI,10,plain,none,mixed,1 2 7 8 10 10 11 13 15 23
AA1WZ40mA2VrJA8N50G13G40K4yX2GaBI8,10,plain,none,mixed,1 1 1 5 6 8 12 14 20 32
AA1W88n5S4g0kTGlV9Y2fbDLKWInTYI8e4,10,plain,none,mixed,4 4 4 9 9 10 11 13 18 18
AA1W4egY42CP_3Y6o0m8waKAf236wJKXGY,10,distinct,none,distinct,1 2 4 7 8 9 11 12 22 24
AA1W0W3mT1qsVJSWd28H2NEGI4eo4aCiYG,10,plain,none,mixed,2 4 4 4 6 7 8 15 19 31
AA1W4Ww1L44hG10K1P071O91vPDV2bY4Oo,10,plain,none,mixed,1 1 2 7 10 12 14 16 17 20
AA1WIYW9XoDZ20G1DGm28HH9Iq3X2Non-9,10,plain,none,mixed,2 3 5 5 7 9 10 13 14 32
AA1W2WY5ZKAePaebS3G9X04HIpBG3620GY,10,distinct,none,distinct,1 2 3 4 6 11 14 18 20 21
AA1W4GVKQdY0G2OI30KJ2e50er2ebRA4a8,10,plain,none,mixed,5 5 6 8 9 9 10 13 15 20
AA1W9HEv28V0EVqG8E48Q4B8c3GaX2L0e6,10,distinct,none,distinct,1 2 3 4 8 10 15 17 18 22
AA1W58i5YeEPoUcCNZ49n84054Gb8a8a4G,10,plain,none,mixed,1 1 5 7 7 8 15 17 19 20
AA1W6Gu6yaaCxo50e608011e892KXciEZC,10,plain,none,mixed,1 1 3 4 6 7 7 20 25 26
AA1Wa2Gq70Bv88XC90aIKoAHLoWa5OO50O,10,plain,none,mixed,5 6 6 7 8 9 9 9 13 28
AA1WHQYK5Kj0V0u4WYS2H180G-69L3G8bG,10,plain,none,mixed,1 1 3 6 8 10 11 13 14 33
AA1W4924NeBXSpM1II44He8cC5W7CPAXy9,10,plain,none,mixed,1 1 5 6 6 12 14 17 19 19
AA1W6196me50miqG8PC10A1M4CcwDQcTDg,10,plain,none,mixed,1 3 5 5 8 10 12 14 18 24
AA1W5GgjH04R-X42ZK28I8I3e20BAXC60W,10,plain,none,mixed,1 1 1 2 6 9 14 14 25 27
AA1WL4WbLn6BEhwXKaG8af6XObjGGYJ8uP,10,plain,none,mixed,2 4 5 8 9 10 10 15 17 20
AA1WmH5C1umv39XLA24Y0Wc98L3FKSSaYA,10,plain,none,mixed,1 3 6 10 11 11 12 15 15 16
AA1WGAE63ygHdC1Wa1G60ZORK4Amg2eY48,10,plain,none,mixed,1 1 2 5 6 10 14 15 16 30
AA1WI4EcQXG94H4T2OOKLa70WG55PrIIA4,10,plain,none,mixed,1 1 3 3 8 8 10 13 17 36
AA1W40m9eYa93eWx7wW50K2hHoYHAoPVWH,10,plain,none,mixed,1 1 2 6 9 11 14 16 18 22
AA1WH2eP4O98f48X6Gu41WC2mb5g0O30Gm,10,plain,none,mixed,1 1 4 5 7 7 9 9 23 34
AA1W4RTIeH1mA4b5nHW8X1WQ5nYiYvfeGa,10,plain,none,mixed,1 1 4 5 6 9 10 17 19 28
AA1W62qIYGVjmO30iX4WiU20XHMYoHWC1G,10,plain,none,mixed,2 2 3 7 9 9 11 11 15 31
AA1WW4A2g4arAKYCA2W32ePRGTfk-Leu60,10,plain,none,mixed,1 2 4 7 9 10 10 16 16 25
AA1W6NoEmPCH28n8A44aAXa9I4I3See8Xa,10,plain,none,mixed,1 1 6 7 8 13 14 15 16 19
AA1WHH9sGA623W20I04IPVw1GK1pMQorGo,10,plain,none,mixed,2 5 5 6 6 7 8 12 14 35
AA1W4GIT8A0tUY2HICmIACAB9n2G50WP0D,10,plain,none,mixed,1 1 2 9 10 11 12 12 21 21
AA1WI3b8082MZqRaC8I0WGIrHQFWy1c8_G,10,plain,none,mixed,1 1 6 7 8 8 12 15 20 22
AA1W41HgZ8OZSel2uP4O29Oa8X5Gb7Dv96,10,plain,none,mixed,1 4 5 7 7 10 14 16 17 19
AA1W20O4Y1g1_8e3w844mLEn9IChNPlE92,10,distinct,none,distinct,1 4 7 8 9 11 12 14 16 18
AA1WLSqgWK4GMmaCX02IDOAYK6aCXepXGA,10,plain,none,mixed,1 3 7 7 7 12 13 15 16 19
AA1W88cEHbqcaD4mRT24WF4cA0Z5PKYyA2,10,plain,none,mixed,3 3 4 6 7 10 11 15 20 21
AA1WJX1LXQx3ZQ14I106e5yGHRE66tqnYK,10,plain,none,mixed,1 1 4 8 10 13 14 15 15 19
AA1W2Wi9INOWeOWcoeY58hAo-aP0Z354P0,10,plain,none,mixed,1 3 7 7 7 9 11 14 17 24
AA1WSDYoI5A8i30G4G2BCPN89JHsEGAf4O,10,plain,none,mixed,1 3 4 6 9 12 14 14 16 21
AA1W68i2kGMkiiCX0M8M37HoA47G9EfrHG,10,distinct,none,distinct,1 4 5 6 7 8 11 13 16 29
AA1W8GL510t6SDPqXC84GA6LOzHaIq8WYB,10,plain,none,mixed,1 2 3 5 9 12 14 14 17 23
AA1W2fI8YKqWX0W82EG50P958i6ZqgPZ8A,10,distinct,none,distinct,1 2 5 6 8 10 11 13 14 30
AA1WCY5GWe3n4lF--9GX418bO68eAGi3sH,10,plain,none,mixed,1 1 5 8 8 12 12 15 18 20
AA1WX18HsdmGASeq0W2b1OQbOcKqDYD4X8,10,plain,none,mixed,1 2 7 9 10 11 12 12 12 24
AA1W032evq3LT62IMYY92Gomk8eC4Y_f6G,10,plain,none,mixed,1 3 4 4 9 9 12 15 16 27
AA1WWaGa5G9bJqLGn24Y0X5n8PasaeK30G,10,plain,none,mixed,1 1 6 7 8 12 13 15 15 22
AA1WCXMAgheeIuGeD2E2We8e-l8X8ZrY60,10,plain,none,mixed,1 4 5 7 9 10 12 16 18 18
AA1W38K20b8L1r6SGI220I30e9XAeYYM78,10,plain,none,mixed,1 3 4 4 6 7 10 18 22 25
AA1W43Hg0GaIkInGDmI8hriCbbqBYC6a2W,10,plain,none,mixed,3 3 4 7 7 7 14 14 19 22
AA1W6ef8OW71867GZ580W40JV4SQq2WC1W,10,plain,none,mixed,2 3 3 4 6 7 7 15 26 27
AA1W4Jkh2YIbKp220O1OIMf1GU14fZa0e6,10,plain,none,mixed,1 2 3 8 8 9 9 11 21 28
AA1W21RRZHcGd2RGs042OXGaYX9HgF8SaK,10,plain,none,mixed,1 2 3 8 8 9 10 13 20 26
AA1WC2SWqGYzseIIH8H9ADX0KXZ3e2eDHO,10,plain,none,mixed,2 3 3 5 6 6 12 14 22 27
AA1W90fOt8f2efYlh0u8OyGMT0G1P12Gc2,10,plain,none,mixed,1 1 1 8 10 11 13 13 19 23
AA1WGE2r9oaA4Wsa31mA4wCWbIJn6GeyXK,10,plain,none,mixed,1 3 4 4 6 13 13 15 19 22
AA1WIZ8QDa2GJpoOK148WiCE0yQ3nBaPWK,10,plain,none,mixed,1 3 5 5 7 8 14 14 16 27
AA1W0W94-2mA6TA3m508GH8f8GY4nXKNL4,10,plain,none,mixed,2 2 2 5 7 7 9 19 23 24
AA1Wb7G8YXi7WCGX20B4YCkZ4mM3GH29ue,10,plain,none,mixed,1 2 5 6 6 11 11 13 15 30
AA1Wf65HIPKYYEYMWnB4YdX84512qOyS41,10,plain,none,mixed,1 3 4 6 6 11 12 17 20 20
AA1W11IkB2WrRR6W9AAKXA4-KgK620mvCI,10,plain,none,mixed,1 3 3 5 6 8 9 12 22 31
AA1WYD2f3w9IJIf8K2JC1WAr0aPMGYCefG,10,plain,none,mixed,1 2 3 7 8 13 15 16 16 19
AA1W7LYKK28aIoN7AQGI5o_9C1aM2ma2eI,10,plain,none,mixed,1 2 5 8 8 9 10 12 17 28
AA1WGHOMwYp4KIYFkBH4GPmK2q9MyKoIXG,10,plain,none,mixed,3 3 9 9 9 10 10 12 14 21
AA1WGn68HD4EJhkjeAX2WHXnZAX84J8A0W,10,plain,none,mixed,2 2 4 6 7 8 15 15 19 22
AA1W1WbY4gMZZhB0e10G8l0eGx6qV1866a,10,plain,none,mixed,1 2 3 3 4 10 12 15 22 28
AA1W8L4aqSeX8f5WA4W34ZaQeDvC66WC1W,10,plain,none,mixed,4 6 7 7 8 9 9 9 13 28
AA1WA256A5gAQsK81019Hqy3G3di-8H2k4,10,plain,none,mixed,1 1 2 6 7 9 14 15 18 27
AA1W03060lQIaQaaa8IYCKqYONv24HO59A,10,plain,none,mixed,1 3 4 6 6 13 14 14 15 24
AA1WXPFl-SJHN8mgaGm4N1o95GGBZeXA89,10,plain,none,mixed,3 5 5 6 7 13 14 14 16 17
AA1W1CEZmHX21FYC9n0CaKXqAWsgAiQBCX,10,plain,none,mixed,1 2 6 6 8 8 10 11 20 28
AA1W1nKK-Xo99Eici188GLIiArCL1X2ma4,10,plain,none,mixed,2 4 4 6 9 10 13 14 16 22
AA1W8XhMHACWaa0Y4GeH248ZqZ7Od8XWY4,10,plain,none,mixed,1 3 5 8 8 9 11 13 15 27
AA1W187PbYgRZ3DYmG8OZH1J6NY4fD9IeX,10,plain,none,mixed,1 2 4 4 7 9 15 16 20 22
AA1W1Wu8B0C5WaPKMZ4A1C5oZWg2mI4H14,10,plain,none,mixed,1 3 6 7 8 8 9 10 15 33
AA1W0PQDgKYXAEK0b1af5zZfOIrAoCGmX4,10,distinct,none,distinct,1 4 5 6 8 9 11 14 16 26
AA1W0WX98iXDK3SHbyO40C1ZKs-uenzFM1,10,plain,none,mixed,1 5 6 8 10 11 11 11 12 25
AA1WA3lJCr4n6o1EIhe0Xebovv0diY9av4,10,distinct,none,distinct,1 3 7 8 9 10 12 13 16 21
AA1WO0W8PffG5aW85mI70KYd45OgBfIM28,10,plain,none,mixed,1 1 5 6 6 14 14 14 19 20
AA1W6XMCYIVWCm3W4Ea8X92LaU0W53XWC2,10,plain,none,mixed,1 1 2 4 4 4 10 11 14 49
AA1WB1aAA3GiY4G1Ya9HoKOY4o1JgJpIv0,10,plain,none,mixed,2 3 5 6 8 8 11 11 20 26
AA1W50mn648GJa2W2i8H8aKIIZMJAGn18Q,10,plain,none,mixed,1 1 2 7 10 13 15 15 17 19
AA1WZ44Gq9P4a1gUP381Zq4GI1KCgI28We,10,distinct,none,distinct,1 2 6 7 8 10 11 13 14 28
AA1W94keK4Fa8wGp68CabKh2aYCeJD9GQ4,10,plain,none,mixed,1 3 3 5 7 8 12 15 21 25
AA1W90VNw6KkYapWO4W2W9KcZi1Wa0ScX4,10,plain,none,mixed,1 2 5 5 9 9 11 13 16 29
AA1WCMXoX8H2861mX86ACIjHCOGACAXq8Y,10,plain,none,mixed,1 3 5 6 7 10 10 13 21 24
AA1W4Bsn7umc2aB1XaXK0Mf2kPShnAwaGf,10,plain,none,mixed,1 2 7 7 9 10 10 13 17 24
AA1W6ZafTFeToYDH8fH4I2WICYWBLP8H0G,10,plain,none,mixed,1 4 6 8 9 9 12 14 16 21
AA1W0KPLWGmD2S8k80ub2eEXhSa58I4pqY,10,plain,none,mixed,1 2 2 4 6 8 14 15 18 30
AA1W892qNGYBm0WI2mOA2G53m51lDnXaaK,10,plain,none,mixed,1 1 2 8 10 10 10 16 17 25
AA1WMKi4uf30YuaKZqOGK80W8E54QrPGGY,10,plain,none,mixed,2 3 4 4 6 7 8 17 24 25
AA1W4WXWYHJloT862eWJX4204IBgQqddh2,10,plain,none,mixed,1 1 4 8 9 9 9 16 21 22
AA1WB2OB1aGIS4nBA1m40Wr2DT2oDWO4Ga,10,distinct,none,distinct,1 2 4 5 8 10 11 14 17 28
AA1W30H21Gw0pBB8mH22mb2PO8441GA364,10,plain,none,mixed,1 1 1 3 4 9 11 20 21 29
AA1W92WS6WuX53hOarA80IuYhXK41Oc4Wm,10,plain,none,mixed,1 3 5 6 7 7 9 11 20 31
AA1WGY8Y3E6WX90e4Y8OJ24Pl8JoZPO70m,10,plain,none,mixed,1 4 4 6 7 14 14 16 17 17
AA1WCY8Hn8vSAAWssmD48gh85WaDWZC48G,10,plain,none,mixed,1 3 4 5 9 11 11 12 21 23
AA1W8WaYPArET2JSRH4CA9Kd2EJXHWNNB1,10,distinct,none,distinct,1 3 5 8 9 10 12 15 16 21
AA1W2GnIi002ef-G1WS593JgHp9U8o8mX8,10,plain,none,mixed,1 2 2 4 5 9 12 13 17 35
AA1W8HiSg6Ymd3QGGa82mdK1Wd46HV0QW4,10,plain,none,mixed,2 2 2 3 8 11 12 17 17 26
AA1W2X8BG821JIGIaXG2OG3b5epZmQ2A1O,10,plain,none,mixed,1 1 1 5 7 9 13 16 20 27
AA1WPaA2GW9X8H8Q2uWKaab0W8A64KHAfQ,10,plain,none,mixed,1 1 3 4 7 8 9 11 17 39
AA1WA2bHD0O2xP_P7920XYp7J9DKn852D8,10,plain,none,mixed,2 2 5 7 9 9 10 12 15 29
AA1Wa0qY4GI4T-_mW41m0o50YLKCYY8GYH,10,plain,none,mixed,1 1 2 3 9 10 11 15 21 27
AA1W9Y8HOofQjWN2aB070BgXp11eX0OKH9,10,plain,none,mixed,1 1 5 5 5 8 15 16 17 27
AA1W20SF2w8bW411BG870eD2L6AJk30KQb,10,plain,none,mixed,1 1 3 5 7 9 9 17 17 31
AA1Wi2S8G91m430KEvKY0Go1IgBOjZo492,10,plain,none,mixed,1 1 3 5 7 10 14 15 19 25
AA1W1WGI38q0h2Hp9uaK2m415DTfYGH2W9,10,plain,none,mixed,1 1 4 4 5 5 13 15 26 26
AA1W8qw41SdWa50G0WBM4GY1mYZ6ZP8PB8,10,plain,none,mixed,1 1 4 4 7 9 15 15 18 26
AA1WGXKX1sinIaIZ8S4A3jzOI96mk31O35,10,plain,none,mixed,2 4 6 6 6 11 12 13 16 24
AA1WB1iAWHqscYjoOI340Y19CzGWK54jaX,10,plain,none,mixed,1 5 5 7 8 10 10 13 18 23
AA1W8I1uI2GXh5iO0G48I4wWC2WI2mho2K,10,distinct,none,distinct,1 2 3 5 6 10 12 13 19 29
AA1W810eTKwqaeX8APHGXWA1AAGG2nIKPW,10,plain,none,mixed,1 3 4 5 5 8 14 17 19 24
AA1WYKWZZiHPWA0u8H2A0GA0cxXMGGYc4G,10,plain,none,mixed,1 1 2 3 10 11 16 16 17 23
AA1W5WqXKiSw2GLf6e9D2EKIK8F24xM4GK,10,plain,none,mixed,1 3 5 6 8 9 13 16 16 23
AA1WHICAP08U5nCn-AAGAGIn58Y516GCAm,10,plain,none,mixed,1 4 6 6 7 9 10 13 16 28
AA1WaGKB48A2a9Oc6Ofu2WN1Cg2pJq80u8,10,plain,none,mixed,1 1 5 6 9 10 12 13 21 22
AA1WWS4Wn6Ekv43Wg4a1XMB0j4G92E1a89,10,plain,none,mixed,1 3 3 4 6 10 10 11 26 26
AA1WI204BA9uf6t86644GbOJM0CFjDSf6W,10,plain,none,mixed,1 1 3 5 8 10 11 14 18 29
AA1W28DvS84D91H9I1GMYC9wGM6oWI29qa,10,distinct,none,distinct,1 2 4 7 8 11 12 15 18 22
AA1W0IvaX8nO3O5WY1GYdbF9MYIGy4WX2e,10,distinct,none,distinct,1 2 3 5 7 9 11 12 14 36
AA1W318HJa5utB3OS4GWi4q99CToJ38408,10,plain,none,mixed,1 1 4 6 8 8 13 17 21 21
AA1W4JW9744X289aGG4OAXeIsGY48WNZiH,10,distinct,none,distinct,1 2 3 5 7 8 16 17 20 21
AA1W268P2IsGqSNe2GLKaoL1Y9K28nV890,10,plain,none,mixed,1 2 5 5 6 12 13 13 16 27
AA1WeYqGy8ND28YWt281LnIcGagMQYOA2W,10,plain,none,mixed,3 4 6 7 8 9 9 14 19 21
AA1W40K70SJ-5MouYWoYK9aSZz0KOqHba4,10,distinct,none,distinct,1 4 5 6 11 12 13 15 16 17
AA1W0S2gZHyH833On6Wa1I8YQLQ5I3GC4W,10,plain,none,mixed,1 2 5 5 7 8 14 17 17 24
AA1W228q6WTYrQYwHH4ac44OUH6I4eC18H,10,plain,none,mixed,4 6 6 7 7 8 8 11 14 29
AA1W20P5eC1jI6_Nv8Y18K28SQjRH0I3DW,10,plain,none,mixed,2 3 3 8 8 10 11 13 15 27
AA1W8XN4fCCD1KqnS0W2GC0xSKKaeYeaXA,10,plain,none,mixed,1 4 6 6 8 9 10 17 19 20
AA1W10Gv4KOn0AeH1OZGZaAYWKFF9WO5Ga,10,plain,none,mixed,1 2 2 3 8 10 12 12 17 33
AA1WWXm88XXoIZ0K2WSmYuK5WK4vaWI5IA,10,plain,none,mixed,1 1 6 6 6 10 11 11 21 27
AA1WHIXA2ueSmMa8H0Z30kS8nuivBXGiBG,10,plain,none,mixed,1 1 3 9 10 10 13 13 18 22
AA1W82YAoWH3LaaGYC4WK9PEHVgqGXHoEA,10,plain,none,mixed,2 2 4 5 9 12 13 13 20 20
AA1W30G0Je4bPh0KQQ04WmAOs8tHThx7GX,10,plain,none,mixed,1 1 7 7 11 12 12 13 15 21
AA1W25fmc3JXIfbEuHOd0HIK1GEeIPz470,10,distinct,none,distinct,1 2 3 6 7 8 12 13 17 31
AA1WHBoBX496GV97DOG308Ia9GrRKo4WC8,10,plain,none,mixed,1 1 6 7 7 11 14 15 16 22
AA1WC14GGIY1GZIQWI160VR58f4IZ2O6us,10,plain,none,mixed,1 1 2 3 9 9 13 18 19 25
AA1WANI0OK70oWI6aC80cE128LP3EHMGH1,10,plain,none,mixed,1 1 2 4 4 5 9 15 26 33
AA1W0fwi28lICATZ4H2mroZHfhZWn2GbGe,10,plain,none,mixed,1 2 4 6 10 10 11 12 17 27
AA1W8M6E92TZ4eiWd68W29c2KCAYI4iPY4,10,plain,none,mixed,1 1 2 4 4 10 13 14 25 26
AA1W5581uB12GP0O1s2Y2HHaC1WQOA2K0W,10,plain,none,mixed,1 1 1 2 4 6 10 23 25 27
AA1Wo2HH1oFLXw8c2Y424498D9UKibYYoI,10,plain,none,mixed,1 4 6 6 12 12 14 14 14 17
AA1W9wX8CC2WaSyWYiG6XKx2KYKW8579O4,10,distinct,none,distinct,1 2 3 5 7 9 12 14 23 24
AA1WeZ1egbFDYiHbVf12F54nG48I4E6oGa,10,plain,none,mixed,3 4 6 7 7 8 13 13 18 21
AA1W10KXDoMam524G40H0n6XK17eaYsUms,10,plain,none,mixed,3 3 3 5 8 10 11 12 21 24
AA1W0WG64HHBXE1R8yI41XB9GIaxXuC19C,10,distinct,none,distinct,1 3 4 6 8 9 12 14 17 26
AA1WG1oZ6iVQ2HK5COYKH6aIHiGIPoeaqH,10,plain,none,mixed,2 3 7 7 8 10 12 13 16 22
AA1Wa498L3f8RweL2L892LJ85WiGNAtHb2,10,plain,none,mixed,2 4 5 8 8 9 9 11 13 31
AA1WH8XOcQJI9Uux820u6W8hAeaU8Z8IG8,10,distinct,none,distinct,1 2 3 9 10 11 12 14 17 21
AA1W28HXX8aaZYq8GXKQ0g599CBiDIKH4G,10,plain,none,mixed,1 1 2 8 9 9 12 15 19 24
AA1W60foCHShP6caD18GXYPZdB6a7m20KA,10,plain,none,mixed,1 5 6 8 9 9 9 12 14 27
AA1WYYEHbut4WbWo9IX1b0E8I9CV114ul4,10,plain,none,mixed,1 2 5 7 8 8 11 17 18 23
AA1W8WvZ2qfZ6N4uHwCE36U78aGeg4AYAI,10,distinct,none,distinct,1 4 5 6 8 9 13 14 16 24
AA1W414oXJ4mg2e8o6GG12O5W93cVaef4a,10,plain,none,mixed,2 2 3 6 8 9 10 13 16 31
AA1WG08Y4otfaGca3GaGWIbaqfUQ5OpA1W,10,plain,none,mixed,2 4 4 6 9 11 12 15 16 21
AA1W4T4PYqgGH48Gg5WYIW85o3v4Gaa2a8,10,distinct,none,distinct,1 2 3 6 7 13 14 15 17 22
AA1WDaGWXK3OI9qo7o4CKaaf9fZ9-mP60G,10,plain,none,mixed,1 1 5 7 8 11 14 16 18 19
AA1WE61GH59g81VHm0GXY9geZaOa2XaT4I,10,distinct,none,distinct,1 2 4 5 7 10 11 17 19 24
AA1WA2S8c8HQeB44Y1Y90jzea7gogmG48n,10,plain,none,mixed,1 2 5 8 8 9 14 14 18 21
AA1W1CGj0O4Gauf9fcAWXA8w8C7W4Wx1K8,10,plain,none,mixed,1 1 3 6 7 8 14 18 21 21
AA1W0G1ZdW7CMYN9rF8I0mAWpA2iBBHwfW,10,plain,none,mixed,3 4 5 6 7 10 11 11 19 24
AA1WU8nHGZGKmZNo284GYI-Zo1YLB9OOGX,10,plain,none,mixed,1 5 7 9 10 10 12 14 15 17
AA1W1GEv6qjHX8L14GY2I4KXQ21me2W3m6,10,plain,none,mixed,1 1 3 4 4 10 11 17 21 28
AA1WL2RbYyD02WHFKHA1344uIuOZccIWI4,10,plain,none,mixed,4 5 5 5 6 7 9 11 16 32
AA1W4ei40StX12GPBZ040m48whKHOWN3yH,10,plain,none,mixed,1 1 1 4 7 13 13 18 21 21
AA1WO8HIyaQY62CXIAAG3cbaSlmf52O982,10,plain,none,mixed,1 1 3 8 10 14 15 15 16 17
AA1W4W91GHjL9w32Kca0WX50Mab8a4Y-YC,10,plain,none,mixed,1 3 4 6 6 8 10 16 21 25
AA1W10ZIaaI8c1OIaI8GBY2OJ_UTIAft24,10,plain,none,mixed,1 4 5 9 9 10 10 12 19 21
AA1WGK26onJ4G9481YA46-Px3KQhIHH21m,10,distinct,none,distinct,1 2 3 4 9 14 15 16 17 19
AA1WGRYdbiWWcCgf9HGG1GQqu9oF5YGXO1,10,plain,none,mixed,1 2 3 8 9 13 14 14 18 18
AA1WGq4GqQKPILWKOCG87XBn7Fua9621Gv,10,plain,none,mixed,1 1 5 5 10 12 14 16 17 19
AA1W0QAIY88HXK70P389HCr6MmL2S2W248,10,plain,none,mixed,1 3 5 6 6 6 8 13 14 38
AA1WH19no9XiAJ1QGGaCIgnu9102NXDQ40,10,plain,none,mixed,1 3 6 6 7 8 8 16 18 27
AA1WC12wWY59eKwa0808I29MIS2WJ3MdKb,10,plain,none,mixed,1 5 5 7 7 8 9 11 18 29
AA1W4CPn5C0dQ6Mm-10YWjUAAmEG51O8Z4,10,plain,none,mixed,1 2 2 5 9 10 11 13 22 25
AA1W1W6ZY1F2M8H8uWI8Q1VJHS9OrrrS2W,10,plain,none,mixed,1 1 5 5 6 10 15 18 19 20
AA1W0qQJ2GhgbB9H4WIY2m50I3CMjHXS3I,10,distinct,none,distinct,3 4 5 6 7 9 14 16 17 19
AA1WDCW2I9GXeKgLKKKOL3Z00IxItM3eGe,10,plain,none,mixed,3 3 4 6 7 7 11 12 17 30
AA1WGe92uK_aSZ0Q5WiaaW20W2IGaAA9WC,10,plain,none,mixed,1 2 3 7 8 9 11 13 23 23
AA1W4SGWn4b1uH587SAX1_FuZXIHK20eH1,10,distinct,none,distinct,1 2 3 6 8 9 12 13 21 25
AA1WWaqE9b0qe5KWax83Y1G0XYdKx8Q4g6,10,plain,none,mixed,1 2 4 4 6 10 11 13 15 34
AA1WH4N2UIfAgKBGMc8G5HaaobgAqQWd14,10,distinct,none,distinct,1 3 6 7 8 9 10 11 22 23
AA1W9HIOb3B8ugnGBaa4f8H2PG4XbNa90O,10,plain,none,mixed,1 2 5 9 9 9 11 11 18 25
AA1W2WJ20GY0Sf2SHH44WS3OU3qGYiAHC9,10,plain,none,mixed,2 4 5 6 7 7 10 13 22 24
AA1WZ2ES8XIAfPho30I148EIy4KKGyFH0K,10,plain,none,mixed,1 2 4 7 9 10 10 14 15 28
AA1WH9qa2Z41gAdYxqW0Z4q8uXw9oGTCa4,10,plain,none,mixed,1 1 1 3 10 10 11 12 20 31
AA1W6CH49GIaJqev4GWKCrbD9OihbiHXHG,10,plain,none,mixed,3 4 4 5 11 12 14 14 15 18
AA1W8984efbJjGI40K24OI16Gf58I1UE68,10,plain,none,mixed,1 1 5 6 7 11 11 12 18 28
AA1WAWaaHTZmWY0pYGWH1tEyNhWL8gLSA7,10,plain,none,mixed,1 2 6 6 10 11 13 14 16 21
AA1W4f22cXKCcIqnH0WCHS4-dP870dGAaY,10,plain,none,mixed,1 1 6 7 8 9 13 14 16 25
AA1WOMA2GQ8s24X64mgXII3Kka7048Q8X4,10,plain,none,mixed,3 3 6 6 8 8 10 13 20 23
AA1W48i5QuM3KIgIe0028J99ICGmY248sA,10,plain,none,mixed,1 1 3 5 7 11 14 16 18 24
AA1W104t630fiOnIJoA92eGoG92Dwnv2X4,10,plain,none,mixed,2 3 6 6 7 9 14 15 15 23
AA1WWF29I4l1H2G938432ul0G40VTA8fXH,10,plain,none,mixed,1 2 3 5 5 9 12 13 24 26
AA1W28IHS7lb0_4Y8H02H8HYgIYeAWaeAX,10,distinct,none,distinct,1 2 3 4 10 11 14 16 17 22
AA1WM22G9YBX4UTLI0a0G49P5b4JaSkOHA,10,plain,none,mixed,1 2 8 8 9 9 11 14 18 20
AA1W0mZSY48GG2Ke7On4mWK1GocUpgz0M0,10,plain,none,mixed,1 1 3 4 5 6 14 16 24 26
AA1W2AnQ8X20M3n28Goe50835ieC0WG10e,10,plain,none,mixed,1 1 3 4 4 8 8 15 27 29
AA1W3080miHaH91CVY48XSFnn2KPOYGQ38,10,plain,none,mixed,1 2 7 8 8 9 10 12 19 24
AA1W4H2eHK8G91Gb2eeC2WK4m6vsCPa3W3,10,plain,none,mixed,1 2 4 5 8 8 13 15 16 28
AA1WA6CpwLBi5WI250u94KcGI2E0ELAm48,10,plain,none,mixed,1 1 5 7 8 8 11 14 19 26
AA1WGK3OPeugHPOeI0WA7WIul99Q6Waj14,10,plain,none,mixed,2 4 5 6 8 8 10 15 16 26
AA1W4DYGKebWq6NGWZ4Q65eR420ICH8XaC,10,plain,none,mixed,1 1 2 2 6 14 15 17 21 21
AA1W1Yaf2EGC81KKAI1ZdI8Q1WC4t1U6OY,10,plain,none,mixed,1 1 3 6 7 10 10 13 14 35
AA1WA97YaY8DGfSXqH8GOn6ItQ68mj5LGG,10,plain,none,mixed,1 5 5 6 8 8 9 13 18 27
AA1WCGa2WKGgbMPYy0i4GX2qHGWe5Ce4m2,10,plain,none,mixed,1 1 5 6 6 10 11 16 18 26
AA1W8I0S4GMRhuewsG998cegHDWV1WCaC4,10,plain,none,mixed,1 2 3 6 8 9 9 13 16 33
AA1WC1M0MP50J20J1GQC0WC3Ww2pU5m5XI,10,plain,none,mixed,1 1 3 5 5 6 15 17 17 30
AA1W20S62YX49YeKMaKC954mcOg8a2eP3K,10,plain,none,mixed,1 1 2 6 9 11 11 16 17 26
AA1W0mU0c2sAgeH1i4G2XA1GB4EG118UZ2,10,plain,none,mixed,1 1 4 5 5 6 7 8 25 38
AA1W8NBr7fR8VFcATGQ4i32t9aq381KP50,10,plain,none,mixed,1 3 3 8 11 12 13 15 16 18
AA1WaYca0m10j2CGZ4G8M40W4FWp12GY4C,10,plain,none,mixed,1 1 1 2 4 4 12 22 25 28
AA1W2WD6PNo68H2BnqY4G9410GFHOIX4a2,10,plain,none,mixed,2 3 4 5 5 7 7 20 22 25
AA1WI2aOH3GYla8860HAHUKo6YiMX2eA0b,10,plain,none,mixed,1 5 6 6 7 9 10 11 21 24
AA1W9PIGX9p9OD0aCZ42GYUO516WOZ084G,10,plain,none,mixed,1 1 5 5 8 12 12 14 19 23
AA1WJ3A9KAAPJBmuHK22HpU44WGeXC5CHA,10,plain,none,mixed,3 4 4 4 8 11 11 13 19 23
AA1W4KfYN1mu51G4PH42CHeKXqDXTpJzWK,10,plain,none,mixed,3 4 5 6 7 7 8 13 16 31
AA1WGHDJ2fAXXB-pCSWGY7iRCUGeeZu-CG,10,plain,none,mixed,1 2 5 5 8 10 14 17 19 19
AA1WG5mk4INtGa5K3GS24gaHyXXKCnJC1W,10,plain,none,mixed,2 3 4 5 8 8 13 15 20 22
AA1W364CYuDCIYdKAmPn0I-b1sBGu8A28W,10,plain,none,mixed,1 3 4 4 7 11 12 15 16 27
AA1WL9H3huL0aaQXXHA3WNeAWuKYI188m8,10,plain,none,mixed,1 2 4 6 6 11 15 16 19 20
AA1W2mM2eT3reeg6o0W3G50WG39A5II4Y8,10,plain,none,mixed,1 2 4 4 7 9 12 14 18 29
AA1W95uWa7Z6LUJY4Gw54GWI8WYfN0W90m,10,distinct,none,distinct,1 2 3 5 6 9 13 15 21 25
AA1WGK2T6bCfqkGS8We8ce92d9HIQgC01G,10,plain,none,mixed,2 3 6 6 7 7 11 15 16 27
AA1W4WYI6ZNIBGL2BJY4H4Gg0Q8Y1C9Q2e,10,plain,none,mixed,1 4 5 5 7 8 9 11 22 28
AA1W54CAYeSOA24KnICWg2Q0Wg6Qz0l0Wq,10,plain,none,mixed,1 1 2 2 3 8 10 14 27 32
AA1WC9WxhH2WO48S34IAAG60mNY0BwjLaW,10,plain,none,mixed,1 1 1 6 8 9 14 17 20 23
AA1WH38A0mvOCHZ41e5Z4eILaaca1OG40I,10,plain,none,mixed,1 2 2 5 6 11 14 15 22 22
AA1W20o2ZYU34T5O52GWq4eCRUXZD2mg5G,10,plain,none,mixed,1 1 6 8 9 10 12 14 19 20
AA1W0C80mMAfi8C8v8XmG50mf69HvcCbWQ,10,distinct,none,distinct,1 2 3 5 6 7 10 13 17 36
AA1WWa48GnmKYC9HyIY1AYM9w8WY4MYjK8,10,plain,none,mixed,3 3 3 6 10 11 11 12 20 21
AA1WP4udGA1Q091Dm8KAKH3SPBCOGI52eq,10,plain,none,mixed,1 4 5 5 6 9 13 17 19 21
AA1W9GPv9wn0G1mf4P2K1GK71yXS1G6j8i,10,plain,none,mixed,1 4 6 6 7 7 9 11 20 29
AA1W0ZBa4W4OplMOt1Kb61WY9Io8Wi4K48,10,plain,none,mixed,2 3 4 4 5 10 12 15 19 26
AA1WA9XK2iij6H8f41W50WLWLaGY90832Y,10,plain,none,mixed,1 2 2 5 8 10 14 17 18 23
AA1W1GJ18udaaD6cKH24Oj5Gd86GLY6050,10,plain,none,mixed,1 2 3 5 5 7 8 20 23 26
AA1W13NiUJAaGwsG28G632j4q-YQpGcXGf,10,plain,none,mixed,2 3 6 9 10 12 12 12 17 17
AA1W5Of5D2eGe37OFXo6X28XI101AHHe00,10,plain,none,mixed,1 1 2 4 8 8 13 18 21 24
AA1WaQkN30b2OHIaVX92CX2XsKf-X2D0C0,10,plain,none,mixed,1 1 5 6 8 8 9 10 19 33
AA1W0H58o58fWK5GgnWWi4j1L8X18FIID1,10,plain,none,mixed,1 1 2 4 7 10 11 16 16 32
AA1W0407Y_uHaFObIoGqWK8noGWgHmrDGY,10,plain,none,mixed,1 1 4 9 9 10 10 10 13 33
AA1W98k4maBZhS3G24W0e42KW7e8L4O95G,10,plain,none,mixed,1 1 3 3 8 9 14 16 22 23
AA1W8oEH7m2em91GY648WdemeA0TgBWC1m,10,plain,none,mixed,1 1 2 5 8 9 15 15 20 24
AA1WN2i9YCCYYcIBX24K2lFYC54aWeK0G4,10,plain,none,mixed,1 3 4 9 10 11 13 13 15 21
AA1W5EO30Y58o7H12CGXA8X4EhG4F1u4aH,10,plain,none,mixed,1 1 1 5 9 14 14 16 18 21
AA1W10Emo8KMXiMX5E28IJ5WW48XSLYJwG,10,plain,none,mixed,1 2 4 7 7 8 8 20 21 22
AA1WXYKZX4-4mX1Z30H1tYAHa9rkKO30e2,10,distinct,none,distinct,1 4 5 6 7 10 11 12 13 31
AA1W10G6pQiFA9I890aA1u8n1M4m8g5F99,10,plain,none,mixed,1 3 3 5 10 12 14 15 17 20
AA1W8WIY1H9T47y0G13P0M2jCeZeUdeAf8,10,plain,none,mixed,1 1 5 7 8 10 11 12 19 26
AA1WI6BIcq2Wy4fGH1Gf2e5OiA7FAY8X24,10,plain,none,mixed,3 4 5 10 11 12 12 13 14 16
AA1W8Yep4YD3a3W94uC62Gf1mxSNj1s2eH,10,plain,none,mixed,1 4 7 8 8 9 9 9 21 24
AA1W0W1otYKaSHYYWve6AQB0vDosLT4q8Y,10,plain,none,mixed,1 3 4 6 8 8 11 18 18 23
AA1W4WW12ZIOHC0G148B9O50aTZ2850g58,10,plain,none,mixed,1 2 3 3 4 9 13 16 19 30
AA1W90W69HmI1mE2MXI30Y4TZ4I0m63scW,10,plain,none,mixed,2 2 3 4 5 7 11 12 15 39
AA1WG32OZ7Cmc4ZW80G6GooWZ0e40YSeaa,10,plain,none,mixed,1 1 5 8 8 8 9 12 18 30
AA1W1mC427mgQLFHW204WJ8H6PJKAYaxc2,10,plain,none,mixed,2 4 4 5 6 8 15 16 19 21
AA1W1WB2JeL0BiM32P0AnO5n7BQO850Yg9,10,plain,none,mixed,1 2 4 4 5 10 11 11 18 34
AA1W80Gi74eWY_Gq103AYeOcOuH88ur60n,10,plain,none,mixed,1 2 3 3 9 9 12 17 21 23
AA1WYI89n9ERoLI8A0e0a4ImD44BCYah58,10,distinct,none,distinct,2 3 4 5 9 10 12 15 16 24
AA1W4Gf4eb8MAUJ2aYe10J2WgWi9I8ob18,10,plain,none,mixed,2 4 5 6 8 11 11 14 19 20
AA1W994o5-k48R0uaL94I88YPPgpuGY8D0,10,plain,none,mixed,1 2 3 7 8 13 13 15 15 23
AA1W30FL4VupA6GqoYaJBAK288SeM54K50,10,plain,none,mixed,1 3 4 6 8 14 14 16 16 18
AA1WIKnY0E4OZioL9X08sAHY6anY498XYY,10,plain,none,mixed,3 4 4 5 6 9 15 16 17 21
AA1WeCHU19BXVIOT4HC0Y496XiOB8XlE32,10,plain,none,mixed,2 3 6 8 8 9 9 15 19 21
AA1W0GIoRXXX4dYW41WB2a4HREauXaWS0W,10,plain,none,mixed,1 1 1 4 6 10 14 17 18 28
AA1W8PpT3b3XaKH14KI4eaH0scAGS388oW,10,plain,none,mixed,1 2 7 7 10 11 12 14 15 21
AA1W0G209qB9a52CX0o8X78ejA11FfZSII,10,plain,none,mixed,3 4 4 5 7 7 13 13 18 26
AA1W13Q8mKGL3GS3GioIAEdDXi31O9YYCG,10,plain,none,mixed,1 6 6 7 8 9 9 9 13 32
AA1WeXuC1WC9zaaP0pI0K8X8WYYBYu81Gq,10,plain,none,mixed,1 1 2 5 6 8 11 18 20 28
AA1Wk0iYKI2GLH48dD286ar2f5MPY28JAA,10,plain,none,mixed,2 3 7 7 8 11 12 15 16 19
AA1WWi4HIoI2V80mWX01QA8HF5fJPRG54m,10,plain,none,mixed,1 1 2 9 10 10 10 15 17 25
AA1WK36LIoW1WA2PeX408pI-Gb52mo4aaY,10,plain,none,mixed,2 3 3 6 7 7 9 14 18 31
AA1W2I68h455KWaOm2K8HHsKwXGL6y2mL2,10,plain,none,mixed,2 2 3 3 9 11 15 15 20 20
AA1W557g9w33fn14mm59q1Ymeg7GnY8jOo,10,plain,none,mixed,1 2 2 3 9 11 13 14 21 24
AA1W6Ko28EBeeP0a4uIWg5HAza9G8WHUH1,10,plain,none,mixed,1 3 5 5 7 9 13 16 18 23
AA1W70X8eY9bIA21E8I3GI2pbWmGa7Gr9i,10,plain,none,mixed,1 1 4 4 6 7 9 18 24 26
AA1WCKYC924PyA3LUGeWY4GDo18G18NSWM,10,plain,none,mixed,1 1 6 7 8 8 9 17 19 24
AA1W2GBmD1EGweLAS8nL2288Q4SAIYKbG8,10,plain,none,mixed,1 2 5 6 9 9 11 12 15 30
AA1W4Y4H31RhL2IWY1M8X7XDGAneJ0f4XC,10,plain,none,mixed,1 3 3 6 6 8 15 18 19 21
AA1W8NX8XebrIH8f9JGG4uMiERJBR8fWI8,10,plain,none,mixed,1 3 5 5 8 8 9 11 20 30
AA1W91O9fz3MKvpAYWC0uG0IeP4RY6sn4e,10,plain,none,mixed,1 4 5 7 8 10 10 10 20 25
AA1W613BcSKXKXBGy2W9GbACC7sCb68H44,10,distinct,none,distinct,3 4 5 6 7 11 13 14 17 20
AA1W98cW5fKE5gEI1B44ZITk4AXQdAXavG,10,plain,none,mixed,1 2 4 4 6 8 9 16 19 31
AA1W60cCsI2XCGY4Y26E0pB2Gg1J9SWGA1,10,plain,none,mixed,1 1 2 8 9 10 12 13 22 22
AA1WGL1a0o0e6bGkWK294EXoECWa5GCk30,10,plain,none,mixed,1 3 3 3 4 7 13 17 24 25
AA1W9546eMimo1H3m202UWqIKDYSo0m8I4,10,plain,none,mixed,1 1 2 8 8 10 10 15 18 27
AA1W928wEvPAi9a7XGHGOarXS4Z52GG2g2,10,plain,none,mixed,1 3 4 7 10 10 12 17 18 18
AA1W8OW8d5824911KIICWaBs6Gg4H0mcHK,10,plain,none,mixed,1 1 5 5 7 9 11 17 20 24
AA1WWX55iiwYKY0N8uC8aOb2x3OvJ148C4,10,plain,none,mixed,2 4 4 5 7 7 12 16 18 25
AA1W23E8fA7GyGI1GU4O31f2eK6Oe4POo1,10,plain,none,mixed,1 1 4 4 7 9 10 12 18 34
AA1WGI4L0cGnKGfIKm2OJ2NgZ8HUJr52WO,10,plain,none,mixed,2 2 4 4 7 7 13 13 18 30
AA1W491GD2P1qe1eEfW90aQaK1eM6Gf9CA,10,plain,none,mixed,1 3 3 8 9 10 11 12 16 27
AA1WCX21fTpecBgWe1A2Wd6FUP2K1E53Z4,10,plain,none,mixed,1 1 2 5 6 12 14 18 20 21
AA1WH6MgT6aGN2YIY0G2i6G1WE6aKbKJH2,10,plain,none,mixed,1 3 6 8 9 9 9 12 13 30
AA1WKKOJ2Rjscs1jG8M664Ev3k8SbKD8WX,10,plain,none,mixed,1 1 9 9 9 11 12 13 15 20
AA1WP5JHYKBWq2a8YeaIiIMGI1Va2I4WY7,10,distinct,none,distinct,1 2 3 8 10 12 14 15 16 19
AA1WB1uI3i8Y8XEpe4G50YJbFLRi2X48HC,10,distinct,none,distinct,1 2 3 4 8 10 14 16 19 23
AA1W398Owank9gxK750484HL9bGXpLCmXW,10,plain,none,mixed,1 1 3 7 10 12 15 16 17 18
AA1W4ea6HGH4KeiS4Ga4Gq4X8HGs2Y78b8,10,plain,none,mixed,1 1 5 7 8 9 13 15 18 23
AA1WAPOY1m4WWQ5oquWD2jKH89YYaKHYeM,10,plain,none,mixed,1 3 4 7 11 11 13 13 18 19
AA1WIE8oYJYLKht5gE884a0OG267HHO4b1,10,plain,none,mixed,1 4 4 10 10 11 11 12 15 22
AA1WX04CFQ2I7GC1qSWc1M4A18HogJAPAG,10,plain,none,mixed,1 1 4 6 6 7 7 14 22 32
AA1WI8HE2mf4i78A1eJZ4WC2G4YfGYVJWI,10,plain,none,mixed,1 2 2 6 8 9 9 16 20 27
AA1W8daCWy3WPH8A18HG40HbCbbDY8H2u0,10,plain,none,mixed,2 3 4 4 4 5 9 11 21 37
AA1WSWd8uhdka1091Cg50HXB920mB0WW8K,10,plain,none,mixed,1 1 2 3 4 12 13 19 20 25
AA1W8YmK2G9EDx1N7a468ad42OCgYeA1WY,10,plain,none,mixed,1 4 5 5 7 9 9 17 19 24
AA1W4WI4mG10WQ914ae1880WExYmKFYCHe,10,plain,none,mixed,1 1 2 6 7 8 9 12 25 29
AA1WK2GK8X1iIdg9YKA2WE918qWx50K3o8,10,plain,none,mixed,2 4 5 6 6 7 9 17 21 23
AA1WIH9Hmo6gCKYG2aYA9GoGI9yUAoXq0G,10,plain,none,mixed,1 4 6 7 7 8 11 14 18 24
AA1WIK1iEX32Ye8YI8K2ayAwV6CIaKZdeo,10,plain,none,mixed,3 3 4 4 5 11 11 13 21 25
AA1W68bjLMgg6AX8YaXGIGH0MAy9vu9MCW,10,plain,none,mixed,1 2 5 5 7 12 13 14 18 23
AA1WIIqtWoIPa8WnIK9K1XIIEc15GbK4uG,10,plain,none,mixed,3 5 5 6 10 11 11 11 15 23
AA1W8G9eAnLbW80X1e8I18B7CuMYIIXq8c,10,plain,none,mixed,1 5 5 6 7 8 11 11 20 26
AA1WC8_qJZ1GI1KYH428Y74b4Kq-GS3KH2,10,plain,none,mixed,1 4 5 6 8 9 11 14 21 21
AA1W1Y8K7GC0ZAUoWIii454HUTA3WG320C,10,plain,none,mixed,1 1 1 2 3 9 13 14 21 35
AA1W84G60e99LQJHq89mI1H6YiPn2081WX,10,plain,none,mixed,1 1 2 6 8 9 11 17 19 26
AA1W8eq0YQ4DE7o2XmG38IEbyOafgn56a4,10,plain,none,mixed,1 1 2 5 9 10 15 16 18 23
AA1W68HHKCPhANIwqWdGJX20eb2Y41II8W,10,plain,none,mixed,1 1 8 9 11 12 12 12 15 19
AA1W0m481_sL2S6unw82Wf634JJCLH9iKX,10,plain,none,mixed,1 2 4 5 6 14 15 15 17 21
AA1WeGY4XY8wcv6y8YXX023D77Ww6Z968W,10,plain,none,mixed,1 1 2 9 10 11 11 17 18 20
AA1W20418XvJ5D0IX952GX38bDjhxf4EI8,10,plain,none,mixed,1 4 4 5 8 10 11 16 17 24
AA1W5GI2G5a4G8ZeGa41Wb4miZH2eqeD1e,10,plain,none,mixed,1 1 2 5 6 10 10 12 13 40
AA1W70O3v9bGQjJeYae5GK2HufOIGv4M0G,10,distinct,none,distinct,1 2 4 5 11 12 13 15 17 20
AA1WA8mw1A5JKO164X8GX4I4xJ1O18M8L2,10,plain,none,mixed,1 1 2 3 7 12 13 15 20 26
AA1W08aWA2e9rXsmBf84ZQNYMXKTYM5zCI,10,plain,none,mixed,1 5 5 6 7 8 9 14 18 27
AA1W0U4MYXC2Wq2YT0eGa8MA38I2GL2eWa,10,plain,none,mixed,1 1 4 8 9 10 11 12 15 29
AA1Wa0W71n7qUXKAYAWX0H21mG9AKYCKJ1,10,plain,none,mixed,1 1 4 5 10 12 12 13 19 23
AA1W6AeE9boej5H4UCI20XsKL6N2AmC1E2,10,plain,none,mixed,1 3 3 6 7 13 15 16 18 18
AA1W4O60mUYItaLomH428i6uocLCbWLY08,10,plain,none,mixed,1 6 6 7 9 10 10 13 13 25
AA1Waa_q28WYAIHXCe58Yq0W1eh9cAIWo4,10,plain,none,mixed,3 3 4 4 5 8 13 13 20 27
AA1W0A8uIKbXoGH4GXAq5GNvmD1GyFKY8H,10,distinct,none,distinct,2 3 4 5 6 12 13 14 18 23
AA1WY6oBf5MmY77-2Pe0g3ckI5DOpSTKI1,10,plain,none,mixed,3 5 5 7 8 9 10 14 17 22
AA1WaSGMjSgQIZWS3We2ZO210m8eCA8q1G,10,plain,none,mixed,1 1 3 5 6 13 14 15 16 26
AA1W24Teh6C4A4H2GAAZ3GMOb3APX0eATG,10,distinct,none,distinct,1 2 3 4 7 9 11 17 18 28
AA1W8Y1870vZfc52I0G2PPuGC20U5qUZII,10,plain,none,mixed,2 4 4 4 8 10 10 10 16 32
AA1W7WY8IIpwmOY2WM140J8Z8A4O54KKAG,10,plain,none,mixed,1 1 5 5 9 9 14 15 16 25
AA1WXGEfqfb1GDXK90KY20G1P2eUXP48Wa,10,plain,none,mixed,1 3 4 4 7 8 10 17 21 25
AA1WBnTY288WX2GuiXK4RWK0I1f2KmKZ2G,10,plain,none,mixed,1 2 3 3 6 9 13 17 21 25
AA1W2Go6fQ8U4Wae8X12GC2Xca0WCpnK9G,10,plain,none,mixed,2 3 4 5 5 9 9 15 20 28
AA1W2Y2GCuCP-C2X48YCHYaaWg0eE5eQ8q,10,plain,none,mixed,1 1 4 7 9 11 11 13 19 24
AA1W4LCEaOvXSIKIaQ3e2LL7mEQ9iC90G0,10,plain,none,mixed,1 2 6 8 8 9 12 12 18 24
AA1WKCGBbN9HY1HbIGY8EXKGybvEMGK8Ka,10,plain,none,mixed,1 1 5 8 8 10 15 16 18 18
AA1W50L4WoUgJXuoO4020T4uMuGCWZyGKc,10,plain,none,mixed,1 1 3 6 10 12 12 16 19 20
AA1W48D2cu0e6WfYXC4D0d8v1a-diYHJue,10,plain,none,mixed,1 3 4 6 7 7 11 16 17 28
AA1WmCKXKCHrgHAfeM080wYCAYYK2NIbCZ,10,plain,none,mixed,1 3 6 9 10 10 13 13 15 20
AA1W10LAm30XoPvCFaGIgKJ19AM8m9uKb8,10,plain,none,mixed,1 2 4 5 7 7 12 13 22 27
AA1W0M5L2YoISYXIAWaM4i8X1KA8Q562MI,10,plain,none,mixed,1 1 5 6 11 12 14 16 16 18
AA1W4HH3ZnnBQH4KCYe60MAUevIq9g8o10,10,plain,none,mixed,1 2 7 8 9 10 13 16 16 18
AA1W2W60kAKcZmKY50uaLGXaCa8W8LoGHQ,10,plain,none,mixed,1 1 5 6 6 8 13 13 22 25
AA1WG1WI3GMYq8X88WbP38u4fH0W4mY4GZ,10,plain,none,mixed,1 2 5 5 6 8 13 18 18 24
AA1W94KKDYS3GI644IGeYY9SZoI7mw3SGY,10,plain,none,mixed,5 7 7 7 7 8 10 10 11 28
AA1Wa58j4J4h2aL2im3498A6TkLI2Gn8WL,10,plain,none,mixed,1 4 5 5 7 7 14 16 19 22
AA1W1HACjU4eLFB52MK4X58Ke-d25oXCIG,10,plain,none,mixed,1 4 6 7 8 8 13 14 16 23
AA1WXmY2fmBeKDaaNb424NYb9KoTqHKQWa,10,plain,none,mixed,1 6 7 8 8 9 12 15 17 17
AA1W8f22KGaZ830q6XmC0G12HKXeEbX4CX,10,plain,none,mixed,1 1 1 3 10 11 12 17 19 25
AA1W99_JqzyE0811DWIH3G52HePY4C3OGK,10,plain,none,mixed,1 5 5 6 6 6 7 15 15 34
AA1WIHW8X0e3GBLg28A4WIZIIoYBG10fT8,10,distinct,none,distinct,1 2 4 5 7 8 12 13 15 33
AA1WKGioYAImv6OfmY88I1oMI1ZmZzi202,10,plain,none,mixed,1 2 3 7 7 15 15 15 17 18
AA1W2Uqd1GD0O2YQU99WZ4eCIE9ZHa4WG0,10,plain,none,mixed,1 4 6 6 7 8 8 9 23 28
AA1WG8X3W96HntKaS0038JZi7K3aD3kQGg,10,plain,none,mixed,1 1 4 6 6 8 13 13 24 24
AA1W8XCKb1bue60r260G3H2BnGQAaHqAXI,10,plain,none,mixed,1 1 2 7 9 13 13 15 17 22
AA1W5eioI9IBI4M8mY8Gf4HYK33m2wKB48,10,plain,none,mixed,1 2 4 9 11 12 13 13 15 20
AA1WOZ2UXK7uS4Wqh0G8P005ZpiXXIGa4G,10,plain,none,mixed,1 3 4 4 6 8 10 15 19 30
AA1W0LqKKXIkeIX8X44XBoGq4Na4ZgWi4m,10,plain,none,mixed,1 1 2 7 7 14 14 17 17 20
AA1W10GR9d3IKeX6WW5QBUGmeD4OT2NO8W,10,plain,none,mixed,1 2 2 7 8 14 14 15 16 21
AA1W48wEaIAJUR2EmKoG3YU8bCi0IJCa4W,10,plain,none,mixed,1 1 4 6 7 9 13 15 16 28
AA1WB1JfWq6Cnmba50GI129nC4F9HIeb2G,10,plain,none,mixed,1 8 8 8 8 11 12 13 15 16
AA1WY0G0bnXme3lu9X1eGq6HK5JaTOL4f8,10,plain,none,mixed,1 1 7 9 10 10 11 14 18 19
AA1W22WO3W9Xr3g8WWGnEA5Z4dWn5O60mM,10,plain,none,mixed,1 2 2 5 8 9 10 13 19 31
AA1WC4SGYJLL2Q3WC0W4EvgPGiZeh0O91e,10,plain,none,mixed,1 4 5 5 8 10 11 15 18 23
AA1W8Y6gbGISUK3WK50H0vmIbL18A78C1G,10,plain,none,mixed,1 4 5 5 7 8 11 11 19 29
AA1W8YAF98Y9A9eAsP22mbqwIAAoWa8JfY,10,plain,none,mixed,3 4 6 7 9 12 14 14 15 16
AA1WI18qyKIHG9WSqY8I9ou9LQsg5AWA2G,10,plain,none,mixed,3 4 6 6 7 8 9 15 21 21
AA1W9942B4lAqYcsaGe99q3JASWIaRrUK2,10,plain,none,mixed,1 3 6 8 8 9 13 14 19 19
AA1W92oqGBiYbEmLC0GIHYdG7jRYmMoBme,10,plain,none,mixed,1 5 5 6 8 9 13 14 17 22
AA1W4Yo8XOH2DAgMJSeWi4LgXa39PMG2e2,10,plain,none,mixed,1 5 6 6 7 7 12 15 19 22
AA1W0G9Ai40yEo6G8aa69A9J9P2AoK8a1G,10,plain,none,mixed,1 2 2 4 9 11 13 18 20 20
AA1W8nnIRhcLI8W4Y1X1mbKjGIDgXG8m0X,10,plain,none,mixed,1 4 5 5 8 9 12 16 18 22
AA1W0G3aYXRW_9DIf2KGZ1MAO50d2BeUq2,10,plain,none,mixed,1 2 3 4 8 13 13 15 16 25
AA1WbGR51E4JLYpmU0WYWS19qo844XOHaK,10,plain,none,mixed,1 3 3 3 10 10 16 17 17 20
AA1WA982m-afY30eG206GI2IAOaiPIQ4KI,10,plain,none,mixed,1 1 1 4 8 13 14 18 19 21
AA1W4bfkwDGc89fD41C94Gf23eN27E2eGe,10,plain,none,mixed,1 3 6 7 9 10 14 14 16 20
AA1WOg8H2MGGb3ZSqWa48Z2aMXbY55mY08,10,plain,none,mixed,1 1 2 7 8 10 14 14 20 23
AA1Wa4IZ8PMEXCA2eJ0AG95mcYGYGI2mj1,10,plain,none,mixed,3 3 3 5 8 9 11 12 20 26
AA1W08IVDYag28GH0CXIZb7gL4bYqMoAsW,10,plain,none,mixed,1 3 4 4 5 8 10 18 20 27
AA1W9Mw4n72w9T8XYyaYoKX1abQOGWM8e4,10,plain,none,mixed,2 4 4 6 7 10 12 13 18 24
AA1WH0q9w54PH4CIrs50W6icyXwHwHmGe8,10,plain,none,mixed,1 2 3 6 6 12 12 15 21 22
AA1WGA28In-4GAYaHH25GISeP9vB912e4W,10,plain,none,mixed,1 2 5 5 8 10 12 12 21 24
AA1W2eI6K9LQG8KImA14fYBHMKnuD5eYH0,10,plain,none,mixed,2 2 3 8 8 9 11 15 15 27
AA1WGPPQJ2qcKgcY2YW2GYnfXAyGI2dm81,10,distinct,none,distinct,1 2 3 5 10 12 13 16 18 20
AA1W8N5J1LAeXHk8ga9Ga49IvK8IRT58k8,10,plain,none,mixed,1 3 3 10 10 10 11 14 15 23
AA1W204JnHfGw3S3GH2NYAPAPIEbe91KJ8,10,plain,none,mixed,1 5 6 6 7 9 10 11 13 32
AA1WYC8h52VAs3u13HH22mH1PCE6F9b7S0,10,plain,none,mixed,1 2 5 5 6 7 11 11 22 30
AA1WPG51BAcdbCu840a30eg0a2mcmWbf8L,10,plain,none,mixed,1 1 2 3 7 12 14 17 18 25
AA1W8eL9194mnOKlb4a1W80diuHQNeA7Z2,10,plain,none,mixed,2 3 5 7 9 9 11 15 16 23
AA1W60a430O0dN52W8038U8HKHc8nYKHIP,10,plain,none,mixed,1 1 4 4 8 8 10 16 24 24
AA1Wg14oWNAfP8kJ2G5Gb2mYaKaPZ8a88A,10,plain,none,mixed,1 2 2 5 12 12 15 16 16 19
AA1WP28N5aaH58Hc0u4210e0sGH28Gy38I,10,plain,none,mixed,1 1 2 6 6 8 11 17 20 28
AA1W4OI4WKLBA4Yf0uH5Wi3G2_WT5QD2qW,10,plain,none,mixed,1 1 4 5 7 9 14 14 16 29
AA1WGY5GM6mg9Kwy9WGA0G1G91OD2B9Kk1,10,plain,none,mixed,1 2 5 5 8 8 13 14 14 30
AA1WQo6F9O51LHbAKYX006HboqGwGWNI98,10,plain,none,mixed,2 3 5 6 10 11 11 11 17 24
AA1WB2G-7e5Gb10IOIIK00aI31TC6Wy3WC,10,plain,none,mixed,1 2 2 2 4 6 11 19 21 32
AA1W90N0XC9ed0X2YX81eE1rReV1QCMH4W,10,plain,none,mixed,2 3 3 4 7 7 11 15 23 25
AA1W8Xwv0D56K2OJ1v0I99QCGM4YQEh498,10,plain,none,mixed,1 1 3 7 7 11 11 12 17 30
AA1W4Os4GB2OCOY8dI20m718DPrzWoIY10,10,plain,none,mixed,1 2 3 6 7 9 9 16 16 31
AA1W0Gg3Gn348C204i06Gh5udv5Oa4ZCPW,10,plain,none,mixed,1 2 3 5 6 6 9 12 21 35
AA1W6E9b9n6XKAGfWKGX1AvM-Xn3Wylam0,10,plain,none,mixed,1 2 3 9 9 11 12 14 19 20
AA1W86cBWJ208Xc4mc4H42Gb4ucKfb0K30,10,plain,none,mixed,1 2 4 4 5 8 9 15 26 26
AA1WH2IYk8mGAydyU0X8IO8989DCkMuH19,10,plain,none,mixed,1 5 5 7 8 10 11 13 17 23
AA1WI830f950umYVsWG1G5XDffHK9I5WOb,10,plain,none,mixed,3 4 4 5 6 7 8 12 18 33
AA1WG114GkGZ7YK5M2e10AcAf9H5CWgIs8,10,plain,none,mixed,1 1 2 3 6 9 16 17 19 26
AA1WCFayKas2Ol5s6uy84QCKe20n4d4W82,10,plain,none,mixed,1 1 6 7 7 8 13 16 16 25
AA1WGic2uK31uOc88v6GK4XqGH0W5o0eI1,10,plain,none,mixed,1 3 3 3 4 7 12 19 23 25
AA1WHAA9GMYYIQ3WS2940GH928e9fCP5Ce,10,plain,none,mixed,1 3 3 5 9 10 11 18 18 22
AA1WAGI4QaCWa6aqDnm2WIEL2n0B1118I2,10,plain,none,mixed,2 2 5 5 7 12 14 17 17 19
AA1WbHcI-XhWIE94eD08KGs0OUWWY1sLmZ,10,plain,none,mixed,1 2 4 6 9 9 11 14 18 26
AA1W6nQoLIWVSA6mM0GGQDAcaKAmb0m40G,10,plain,none,mixed,3 3 3 9 9 9 9 12 18 25
AA1W448SWXG0IYeZUYAr2aEorgL5OWF31o,10,plain,none,mixed,1 1 4 6 7 8 10 13 19 31
AA1W20H7eY89MEpGi180m50OqJPHI14F58,10,plain,none,mixed,2 3 4 4 5 7 12 14 21 28
AA1Wf3FQ2KYuQ1GK18X6CX8A1G8FI56TLO,10,plain,none,mixed,1 3 4 4 6 7 7 18 19 31
AA1WYSY2qG4hGM0eX0GQ8o4m-sYLI1Wa0G,10,plain,none,mixed,1 2 3 8 8 9 12 16 16 25
AA1WGKbmarVrLpAK2WCWnor6G80H5b4Ec8,10,plain,none,mixed,1 6 6 7 8 9 10 11 21 21
AA1W031Jn2o8wWi05o8Z4ghQxL1OHH5Ns6,10,plain,none,mixed,1 1 5 7 8 8 12 18 18 22
AA1W694L0rOdS8ZGKD12GBSbpI7kcp2OMW,10,plain,none,mixed,1 3 5 7 8 8 14 16 18 20
AA1WIJH51aB1830Q19A28HID8r0MS20mw4,10,plain,none,mixed,1 3 3 4 5 7 13 16 22 26
AA1W44NJ7qXFA6oMPICeIA6vCb22T4ZM60,10,plain,none,mixed,1 1 4 7 9 10 11 13 20 24
AA1WX61Y2wKfW4eZHKYHJBd4WeUZOJ-J4Y,10,plain,none,mixed,2 3 6 6 7 8 11 17 18 22
AA1WWAPBLY98mAepXSC4D2OHUD4o81DL8I,10,plain,none,mixed,1 4 4 5 7 7 13 17 18 24
AA1W31o8MbLOP4mzS2041W2LHJGKbLY3nK,10,plain,none,mixed,1 2 3 6 8 11 15 17 17 20
AA1WI2659865GKI8A112eTIRe3admi5HB8,10,plain,none,mixed,1 3 3 5 7 12 14 16 17 22
AA1W1PeOaY3Wq9APV8fGZa4jgIIjI1eb0W,10,plain,none,mixed,1 2 3 8 9 10 12 15 15 25
AA1W286NJ68r5eSaEg1J2A5P4GD2uGlYO4,10,plain,none,mixed,1 2 7 8 9 9 11 15 16 22
AA1WH24HYDQh0b0IOWAHo218Y5mupel51O,10,plain,none,mixed,1 2 2 4 4 11 12 17 19 28
AA1W6Y38c2mOl4udT2gA00wKHX082VHGKW,10,plain,none,mixed,1 2 2 3 4 10 11 13 26 28
AA1W0IjI193Yy8seM2GWS5BXqzD2HaeaZ4,10,plain,none,mixed,2 3 3 7 9 14 14 14 15 19
AA1WCrLPeh9QH99i998870Z1oYYS2XIWGL,10,plain,none,mixed,2 6 6 7 8 8 10 11 18 24
AA1WKYCU10ODQGI51OdGIQC28fEHHOE2WW,10,plain,none,mixed,3 3 4 4 4 8 8 12 25 29
AA1W59BEWTSei8Q0m6020I4bOL38c6OIX8,10,plain,none,mixed,2 4 5 6 6 6 9 12 19 31
AA1W101X5I61UNpIz1eKG111z8H4wN6-1m,10,plain,none,mixed,1 2 2 8 9 9 9 12 14 34
AA1WWOZxx813eQeR358AEGadHBAIHX40H8,10,plain,none,mixed,1 3 4 5 8 12 14 15 19 19
AA1W48tAcSrNC6bnqXG9W99IL5DAWLrOf3,10,distinct,none,distinct,2 3 6 8 10 12 13 14 15 17
AA1WY4iXr2HnvJ508166GK71Cwd4a1HI28,10,distinct,none,distinct,1 2 4 6 7 9 12 15 16 28
AA1WAnOD18A1Yy8G0aG184124QXpYOGX4C,10,plain,none,mixed,1 1 2 4 5 8 18 19 20 22
AA1WHIIGhWWHvKPGi2W2GXLhmLqm73uCYm,10,plain,none,mixed,1 3 6 6 7 8 9 18 18 24
AA1W2Gb5Wmc0AkK20G45GK2WOyYS8a536O,10,plain,none,mixed,1 1 2 2 7 9 11 20 23 24
AA1W494QYj8CXA2Op180GPNlHLBaO4Wa18,10,plain,none,mixed,2 3 4 4 5 9 9 11 21 32
AA1W0jawX2WqVqH1G40WfbLKCHXK9Xa1aI,10,plain,none,mixed,1 1 4 7 7 9 13 15 20 23
AA1WEco190Hnag1T082Ga8N7EApQ5aIKPa,10,plain,none,mixed,1 2 4 6 6 6 13 18 21 23
AA1W537_7uK1GWcgr124ACZiiJ8XmaCHSB,10,plain,none,mixed,2 5 5 5 7 8 10 10 15 33
AA1W14OJ4D6SxcoA993cZWCna8cm1vZ8G8,10,plain,none,mixed,1 2 4 4 9 10 13 15 18 24
AA1W48AaKvcAzPmK4b4GeK0W9uMiA14f48,10,plain,none,mixed,1 1 7 7 11 11 11 12 17 22
AA1W10JaX2i9od22GxeM1C91XGaO2hMbEQ,10,plain,none,mixed,1 1 1 6 7 10 14 16 20 24
AA1W2WuHDWLoT772WI441bPIil3aXWb238,10,distinct,none,distinct,1 3 4 6 7 12 13 14 19 21
AA1W2CX4DaYHXd19922v0y7f0kX88ud2nC,10,plain,none,mixed,1 3 3 5 7 9 14 16 20 22
AA1WGY8Gbb9IbXOL2ODGZe61G50lsGV612,10,plain,none,mixed,2 4 4 6 8 9 11 14 19 23
AA1WWFGMnk4Q56svf3G0Y5hIwH53acGba2,10,plain,none,mixed,1 4 4 4 7 11 16 17 17 19
AA1WX89ilKA8-8haIo8m0W8oS8GfM813Hc,10,plain,none,mixed,1 1 3 4 6 8 16 19 19 23
AA1W50H2X51CXiXNG402WH2HukXsesgrXY,10,plain,none,mixed,1 2 2 7 8 10 11 15 21 23
AA1WY0WCKk3fuD1pAYIm3WS8ocWA8mNMI4,10,plain,none,mixed,1 3 5 6 6 6 12 16 22 23
AA1WA988b2oEb1NEu7080C4Wa7aCGJSMMA,10,plain,none,mixed,1 3 3 6 7 8 13 17 18 24
AA1WXKQuf87wwaMDbXHG98Imt469QWZIvW,10,plain,none,mixed,1 2 5 6 10 12 12 14 19 19
AA1WCFmY0DNAlEEO202CKaHI6bHJ5fL9aG,10,plain,none,mixed,1 2 6 7 9 12 13 14 18 18
AA1W2PGHsdXsKud4Q4G8GnOD8b2oCI0c1G,10,plain,none,mixed,1 3 5 6 9 11 13 13 17 22
AA1W2mI1GB1jTig58Xi2WK2G41AH34W802,10,plain,none,mixed,1 1 2 2 8 10 11 15 19 31
AA1WXCLXoMZ1JIIaVH409n30I2lIc8tI28,10,plain,none,mixed,2 6 6 7 9 11 11 12 15 21
AA1W14GDGi2R0044GWSwXI9AH6EmA9qKYK,10,plain,none,mixed,1 1 4 6 8 9 11 11 17 32
AA1W30TM4mv21O6UvWQGZH50tIumoaLYIA,10,plain,none,mixed,1 4 5 5 6 10 12 16 19 22
AA1W2WC1cLIs-1CL5X45XM1mF2bA2fe90Y,10,plain,none,mixed,2 4 8 8 9 10 10 11 12 26
AA1W40OwWhEKip1RFYaI1KJfgX5nPWM8WY,10,plain,none,mixed,3 3 5 7 9 10 11 12 20 20
AA1W60YbAOCDg88X8X2I1850Ej0eI2JpLa,10,plain,none,mixed,1 3 4 6 8 12 14 14 16 22
AA1W8n96Am90m60BnoG28IEBHKgrWG1WX2,10,plain,none,mixed,2 3 3 4 7 7 9 15 19 31
AA1WHWqfYAYWiLAaHY8O1mhMQ06m9ua8X8,10,plain,none,mixed,1 1 4 4 8 11 11 14 15 31
AA1WX294me2YIeWjUgM64yKoj50YSXOGE4,10,distinct,none,distinct,1 4 5 8 10 11 12 14 16 19
AA1WK1GK1830QpY58f0HY8uHXy9528P28L,10,plain,none,mixed,1 2 5 6 6 7 9 9 25 30
AA1W512ec1978h3UaKIGWsDKe5OWbNiT28,10,plain,none,mixed,4 4 6 8 10 11 11 12 16 18
AA1WGba20K80RE_3CX9I4M26e4xJPGd68o,10,plain,none,mixed,1 1 3 3 6 7 13 14 23 29
AA1WI9C28a4FWDFG40G2WAYsGvw8WdayWS,10,plain,none,mixed,1 1 3 6 7 9 14 18 19 22
AA1W2IG40WC8HA8euQ5MAocCkp040m7WqW,10,plain,none,mixed,2 3 3 3 7 9 11 14 15 33
AA1W8I5CwsWaI2ffoWK1GXuI4KpORsGb1Y,10,plain,none,mixed,4 4 5 8 9 10 10 12 14 24
AA1WHAqY92GI5IoRAY42JISQ0W19f_OuGS,10,plain,none,mixed,1 3 5 5 6 10 10 12 14 34
AA1WO4IM9aL5En0G5nW264F4nmH6E9AwDH,10,plain,none,mixed,1 2 3 8 8 9 13 14 15 27
AA1W5PJ8WK56IAYYXHf2GB2jPFt2U2SG80,10,distinct,none,distinct,1 2 4 5 8 9 11 18 20 22
AA1W8c6MAMJcS15Ne50YY8e14GYgHr4KHa,10,plain,none,mixed,2 3 4 6 8 11 11 12 18 25
AA1W2Xv94mQ1G4IDb0YIJnSylPXCXCFWI4,10,plain,none,mixed,4 5 5 6 9 10 10 12 13 26
AA1WH45HADXP46XoS8i8No28S3GGw8b2T0,10,plain,none,mixed,1 2 2 5 8 12 14 16 17 23
AA1W8i8MbxVOY4W8e108UXg8YGmMub8g0G,10,plain,none,mixed,1 2 2 3 9 10 14 16 20 23
AA1W107ul1yX16BOf18GuKGGU4Gib5uV44,10,plain,none,mixed,1 3 5 7 7 8 12 14 16 27
AA1W3MS9YoqP07Wa5GWC7G43uLn61D32GY,10,plain,none,mixed,1 1 3 6 6 10 11 14 22 26
AA1W8IiYXf50g5Gb4Wy830e4WQ3HWb2Amm,10,plain,none,mixed,1 4 6 7 7 9 11 12 16 27
AA1W109nWq4yuE8A10CB2891C61CZEepmY,10,plain,none,mixed,1 1 1 9 10 12 12 13 18 23
AA1W4WI0ugqMcCq7XSG4WC4WeeZ5SqmGP4,10,plain,none,mixed,1 3 6 9 9 10 12 12 16 22
AA1WA5EOIXKYSJ4V3GCWI4C0WA51RbZCX2,10,plain,none,mixed,1 4 6 6 10 12 12 13 13 23
AA1WCAp62eOH878eI4e811oQh957d4uH24,10,plain,none,mixed,2 3 3 8 8 11 12 16 18 19
AA1WJ2KKHOBPcaCXK9X102eCOw10Y28D1H,10,plain,none,mixed,1 1 3 6 7 9 9 15 24 25
AA1W850M0zo38emk3WGaoQEJcGXM59A90e,10,plain,none,mixed,2 4 7 7 8 12 12 13 14 21
AA1W9QGA8i6dOocK6co203o1O5Le311e20,10,plain,none,mixed,1 1 2 3 9 10 16 17 19 22
AA1WWi38QmZLnk8820O1YmU0aA1NC5WA24,10,plain,none,mixed,1 1 2 4 7 9 11 20 22 23
AA1WL3HKjAXG4bBbIGH2f91dg4ccRmI8U8,10,plain,none,mixed,1 5 7 8 8 10 12 13 14 22
AA1We6I1WQ6epcCf5MK0I9X48aB44BnXKm,10,plain,none,mixed,1 1 3 8 9 10 13 14 15 26
AA1WH015Mo6D8uXG26Wc5550oKRqbaen0u,10,plain,none,mixed,1 1 2 3 8 10 14 17 19 25
AA1W49qmAaEYOFcWK308I4Vb1N44YZ8P68,10,plain,none,mixed,1 1 5 8 9 12 12 12 17 23
AA1W8P15GIXaY2Gbv5440A1AABXuHQ-nGC,10,plain,none,mixed,1 3 4 8 10 11 13 13 14 23
AA1WIS856kf44p8P2GW8cKV385CY31eXO3,10,plain,none,mixed,1 1 2 4 10 12 14 15 17 24
AA1W2850oS94W85Wq188XP7Ok6DHe1WK4W,10,plain,none,mixed,1 1 5 5 6 7 7 12 22 34
AA1W8Oma2W6nK7H9DAGG104C-Ki9X4e2aH,10,plain,none,mixed,1 4 4 6 6 8 12 13 22 24
AA1WKXDFGa9B2Lad28o0G4Y1eqza33wMi2,10,distinct,none,distinct,1 3 5 7 10 12 13 14 15 20
AA1W4WM0vYEtaGI080BE1eEG9gBXS4O8g4,10,distinct,none,distinct,1 3 4 5 6 8 10 14 19 30
AA1W364ql8NmJOhWe204S279QLcKwYeI14,10,plain,none,mixed,1 1 6 8 9 9 11 15 16 24
AA1WAf3KSDYmZHP5H8H291Hs8h1v2zH4eG,10,distinct,none,distinct,2 4 5 7 8 10 11 14 17 22
AA1Wb1cmw7o6CInGC1ID60mY40uuc04bE9,10,plain,none,mixed,2 2 4 4 5 5 16 18 19 25
AA1W2AbKWO0G1e9eH199X8XS2eaaiAXIC4,10,plain,none,mixed,1 1 3 6 7 9 9 10 12 42
AA1W4Y6GY6mpb2CHeIK6GbXaN1u812HgL0,10,plain,none,mixed,1 3 4 7 9 10 10 12 17 27
AA1W2O94IHnT4GY28N8C197GmU6G68jx0e,10,plain,none,mixed,1 1 5 5 6 11 11 18 19 23
AA1WAXFHfCfjFe208984WWSm81482A9Y9g,10,plain,none,mixed,2 3 5 6 6 9 11 14 18 26
AA1WWaAc7euwG14W4mA3Wg8GoIhDqEIK2G,10,plain,none,mixed,2 3 3 5 5 11 11 14 16 30
AA1W49DBL2AHIPKJmo49Gj4sYKHCW22Ge3,10,plain,none,mixed,3 3 3 4 8 11 12 12 13 31
AA1WACI0GGRoRL7892GIaIaOK331U3Gb0m,10,plain,none,mixed,1 3 4 5 6 7 7 20 23 24
AA1WGH2KYKORK28j8HK108o0hTgKIIz5mK,10,plain,none,mixed,2 5 6 7 11 11 12 13 16 17
AA1W2Z-N28EILosUmo6Xa1M4GC4Y0YGd4W,10,plain,none,mixed,1 4 4 6 8 10 11 14 21 21
AA1W0Z2OCSWXrEIm61G6H2WbHg4aeaCHZK,10,plain,none,mixed,1 1 3 5 6 11 12 15 20 26
AA1WaYAHa8cPZa4919e0ruN2XqcKEEn18a,10,plain,none,mixed,1 1 6 6 7 11 12 14 19 23
AA1W1mqX17Mn4ewI0e68JEV2KacMQqG9Oa,10,plain,none,mixed,1 3 6 9 11 11 12 14 14 19
AA1WXacIrbaf9AAXCKY2BW4nPva82408Gm,10,plain,none,mixed,1 1 5 6 7 8 13 15 18 26
AA1W99aID9GYaGY18WGD08TK9I9HcAdKz1,10,plain,none,mixed,1 1 5 7 12 13 14 14 14 19
AA1W4mL2ueH2BEv7e301G948eeX8B6I8KG,10,plain,none,mixed,1 1 3 4 5 7 14 19 22 24
AA1WIC8BiIK0G8WWAXY37uP16E-iDYZOM2,10,plain,none,mixed,1 3 5 6 9 9 10 13 15 29
AA1WKKY8Y8AgL2O41mHIaKlcC1WbCw80uY,10,plain,none,mixed,1 2 3 3 7 11 16 18 18 21
AA1W5H0i6860qWY6XGPGWl9E9D9eXKM28G,10,plain,none,mixed,1 2 2 5 8 10 11 16 17 28
AA1W4G40Wqb58LQc8q8C988HRiD1ii110C,10,plain,none,mixed,1 1 1 4 9 13 14 16 18 23
AA1W2WADGf958J48WI8B1D92e54aWS381W,10,plain,none,mixed,1 1 2 6 7 7 10 18 19 29
AA1W40L8nGGeGXqI84G38I4J3uSycZOIKo,10,plain,none,mixed,1 1 1 8 9 10 16 16 17 21
AA1WYGH19QDUmj0f8YKY043f2CJx0u4gWY,10,plain,none,mixed,1 1 2 7 7 7 9 17 24 25
AA1WeI2GL4P0C4Op69085Wg0X5ee6188H9,10,plain,none,mixed,2 2 3 3 5 6 12 19 21 27
AA1WK2ff28RHGX043WmGZ8B2WaCQbieZ2O,10,plain,none,mixed,1 4 6 7 7 9 11 13 16 26
AA1WL1748r2ldCX8X8828AYM86X4eoIXGZ,10,plain,none,mixed,1 2 7 8 9 10 10 15 18 20
AA1WLaHIGX4GK6tgWY48d30W2h14enIV4O,10,plain,none,mixed,1 4 5 6 6 10 12 13 15 28
AA1W5Wg5OI1GBZjbWGa1070u58mg8rBA22,10,distinct,none,distinct,2 4 5 6 7 8 10 11 14 33
AA1Wf440W8gCKXWI0W9K0K2aaaa-guI2Wb,10,plain,none,mixed,1 2 3 3 8 10 11 18 21 23
AA1W491aAz5HGKKaKw6Q1M7En90u90i6GH,10,plain,none,mixed,1 3 6 6 10 12 12 15 16 19
AA1W3YSJ4K99C4B6w9XWLXCXC89YPGy7mG,10,plain,none,mixed,2 3 6 6 8 10 11 14 18 22
AA1WeCWXS8JHGHI47aa18e2KAHIXNouAcK,10,plain,none,mixed,1 1 2 5 9 11 11 13 20 27
AA1WC0G37-c4YcAnP2G1X44D2Z2B51870o,10,plain,none,mixed,1 1 4 6 8 12 14 17 18 19
AA1W85BL26r1Go2GK1H36adQYQRGa50K4X,10,distinct,none,distinct,1 2 4 5 8 9 10 11 20 30
AA1Wu7vOiwMZ20G36OOI9n1DHIL0K9nAaH,10,plain,none,mixed,2 6 6 6 7 7 9 10 13 34
AA1W99mC5rknX4F40G42H48KEIL28GN6bG,10,distinct,none,distinct,1 3 4 5 10 11 13 16 18 19
AA1WB2LKIIMADex8o2G2GTaGeR0QYc8aY4,10,plain,none,mixed,3 5 6 9 9 11 11 14 15 17
AA1We45X227b8p0cGf42X45y-baKy1q2MH,10,distinct,none,distinct,1 2 3 5 6 9 12 18 20 24
AA1WYA8H4CZGPJo64fH7580m70aX8ef3S0,10,plain,none,mixed,1 1 4 4 6 7 11 13 24 29
AA1WC1HE0N1uveH4aXG1WB1PAoBfOAKP68,10,plain,none,mixed,1 1 4 5 9 10 10 13 21 26
AA1WM3GP12EEAnQLXqY2W6A4G4ANA1L4mO,10,plain,none,mixed,2 3 4 4 6 11 14 17 19 20
AA1W4fbM4eJwOQDKICWG3d1624ReI0c2of,10,plain,none,mixed,1 2 2 5 9 9 13 15 22 22
AA1We2189e2GfTpU1OCeH2v1Y6mm8H9F4Z,10,plain,none,mixed,1 1 1 5 7 11 14 19 19 22
AA1Wm24P4Gb0GQO81m5Z18GX8F1qGy6XC4,10,plain,none,mixed,1 1 2 3 7 8 14 16 23 25
AA1WKbYiGW10yib19GCWH8f2F6Oh24D9n8,10,plain,none,mixed,1 3 3 6 7 9 13 14 20 24
AA1W4eagNIfWOMWun1CGesBA8GGm3gW850,10,plain,none,mixed,1 1 3 4 7 11 13 18 19 23
AA1WoHQC1e2GIZb1SJKX02W0cOjWLYj2mG,10,plain,none,mixed,1 1 3 5 6 7 11 17 19 30
AA1W2OG78gFYJA588x04uX70GG1qOJnnHH,10,plain,none,mixed,1 1 1 2 9 11 14 18 19 24
AA1W4t6LIC2uq70uOXSKCX8N2A1ZHHG40G,10,plain,none,mixed,1 4 5 8 9 10 11 11 18 23
AA1W2WAfms28N26Wq2W8A5G104be56Gd4G,10,plain,none,mixed,1 2 2 3 7 7 8 16 25 29
AA1W28N0hXR64mY4h0K28M8GHEBYQU0W0W,10,distinct,none,distinct,1 2 3 4 5 6 7 20 24 28
AA1WGaPAPrHQGVp28H44EXKOeCaOKdfY1G,10,plain,none,mixed,1 2 3 5 9 11 16 17 17 19
AA1W4OaJW84aABan8d2IYB9HEV2sCKT0a2,10,plain,none,mixed,1 1 6 7 8 11 12 15 19 20
AA1WGY89NKw1eH083GLOYKP18A1oaP2GA0,10,plain,none,mixed,3 4 4 5 5 9 11 12 22 25
AA1WAH4EWO37CYqUfbA20G15IwGSA490G2,10,plain,none,mixed,1 2 5 7 7 7 12 16 20 23
AA1WXPHE870bWpsI6H10KIZHRIDOAX8a8W,10,plain,none,mixed,1 1 4 4 7 8 11 14 25 25
AA1W0CHXK9Aqt9BY2J2eWy7OH1-abaC-0a,10,distinct,none,distinct,1 2 4 5 9 10 11 12 20 26
AA1WCM40uSo6WsXKzWeWgYYiG2n85U8928,10,plain,none,mixed,1 1 4 6 8 8 12 13 18 29
AA1W10XGLe2948X78C04P2OIngDngDJogn,10,plain,none,mixed,1 1 5 9 10 12 12 13 18 19
AA1WWOIOKZKQIP8H3n845WmdDpg5HI9YH8,10,plain,none,mixed,1 3 7 9 9 10 10 13 19 19
AA1W4Y22O9A9h6QGBI10W4m-it5fgLIGem,10,plain,none,mixed,1 3 3 7 7 9 12 15 16 27
AA1WJ32GTwGaaee41034XKSb8c1GcSb8g8,10,plain,none,mixed,1 4 6 7 7 9 11 12 15 28
AA1W8WZaWF2uG82XYWG8A2GcCPJnIEIeIM,10,plain,none,mixed,1 4 6 8 8 8 8 11 21 25
AA1WAY4KZc582WI3Gw270qc5Gm20M0JEX1,10,plain,none,mixed,1 2 4 5 7 9 9 10 13 40
AA1W50kRQuYY0GOx5WaM2G6Zq2QLMC2922,10,plain,none,mixed,1 3 3 4 8 8 11 15 16 31
AA1W929GQ69HC4GnhEO1G8bCYbagK3O8a1,10,plain,none,mixed,2 2 3 6 8 13 15 15 17 19
AA1W0W54dYbtO71qDgm81e69CIYJKXH0E2,10,plain,none,mixed,1 1 4 4 8 10 11 16 19 26
AA1WOb2SBYlPK4Y80IXANY0gD30W2q2QPY,10,plain,none,mixed,2 3 3 3 5 5 6 16 25 32
AA1WGemX3KOyne3020eGXKeKQHVnk0G448,10,plain,none,mixed,1 2 2 6 7 8 11 17 18 28
AA1WSA1mISKXA991u808Q22C871OCXKHW9,10,plain,none,mixed,1 1 1 3 5 9 12 15 26 27
AA1WJ6GLIzex6xiHMGHX2s0eXOKeGZW3PG,10,distinct,none,distinct,1 2 3 7 9 10 14 16 17 21
AA1W1M9aL9KG80G51KC4F0U2GU3m3GTyn4,10,plain,none,mixed,1 1 5 5 6 8 9 13 16 36
AA1W91HIcHYXFW861Gi8WuJ20GEHHHjEd0,10,plain,none,mixed,1 2 4 5 6 9 9 11 14 39
AA1W8OS70p5RJb4f6101G824PmSwOL2XH4,10,plain,none,mixed,1 1 2 6 10 11 13 14 20 22
AA1W5WOT2eegEG8Rb0I8vqG1msOq1SZdaA,10,plain,none,mixed,1 2 3 6 7 7 7 12 21 34
AA1W2eZof2EOPF8S42WH99H3KjI8INKCX4,10,plain,none,mixed,2 3 5 5 8 10 12 15 17 23
AA1W44W8YO924WY6jD9o2UU3288XAI4Go4,10,plain,none,mixed,1 4 4 7 7 7 8 17 17 28
AA1WmlQ5184A1HkJKaYGW3I5muH4r2lbW2,10,plain,none,mixed,2 2 4 4 6 9 11 15 20 27
AA1W9mn6995LCWY4bKC2GK2Lw1D9aGpa20,10,plain,none,mixed,1 2 3 3 12 12 13 18 18 18
AA1W9IIAGnCDJOuAiGa2G9mfY6MAHY9A0a,10,plain,none,mixed,3 5 6 7 9 9 10 15 18 18
AA1Wr0U4yu_1g9AGKOi8CH4W8uGKQCG9Q4,10,plain,none,mixed,1 1 1 8 8 13 14 16 18 20
AA1WAAQaGXrCSPpKMyHG1fx3I4AyX4LBK8,10,plain,none,mixed,1 1 8 8 8 10 13 15 16 20
AA1W0W7A-AHWc2n5bJ5KJ1Q0N3ZGKPuWv0,10,plain,none,mixed,1 3 4 4 7 7 15 16 19 24
AA1W40Xr7CPWeAWmJ0e4A12HEJgMJZ0O70,10,distinct,none,distinct,1 2 3 4 6 8 11 14 25 26
AA1W3X3292H48XqU4GA2OH4FXySb4KeS4W,10,plain,none,mixed,1 3 4 4 6 9 15 18 18 22
AA1W1GCv3inafcCY68X8IWI0m8fAINIQp0,10,plain,none,mixed,3 5 6 7 9 11 12 12 17 18
AA1W1n2M0GYBm-35e0YYig-1bMA5mg30Gq,10,plain,none,mixed,1 1 4 4 9 9 12 14 16 30
AA1WGmL4enN2eK6SZa24WYX48pXPCWXa1W,10,distinct,none,distinct,1 2 3 4 7 10 12 18 19 24
AA1W0WH3WWCM9YX8KMC0WH3GkBkLfoBN6W,10,plain,none,mixed,1 1 6 7 8 8 11 15 17 26
AA1W2P043eH28eX8f3O8n9478j1f3WGY0G,10,plain,none,mixed,1 1 2 3 7 12 13 17 19 25
AA1WL081eI94Ooekv982GLZKg5XmDYYOWB,10,plain,none,mixed,1 2 5 5 8 10 11 11 23 24
AA1WHI4GJ2RXG30e60Z30OD081eYZ2ebCe,10,plain,none,mixed,1 1 2 4 9 10 13 17 18 25
AA1WF34OL6kKHg58L1YWL2G8Qb0aaBX208,10,plain,none,mixed,1 1 4 5 9 11 14 16 17 22
AA1WYWS2GKSIy23RC88XGA4WH5KoLfrOR4,10,plain,none,mixed,1 2 3 6 6 12 13 16 17 24
AA1WeM1bD4mwBZgCbaW22kaX4GoAB98i24,10,plain,none,mixed,3 3 3 5 8 10 11 18 19 20
AA1W4GO68i_FO8A2gGH91Z9fYoHev7eTeH,10,plain,none,mixed,1 2 4 8 9 11 13 13 15 24
AA1W31eBqXNAw9HS1XIeKYXH3vOa8B5A1G,10,plain,none,mixed,1 2 2 8 11 11 12 13 20 20
AA1W82fi8Z4G91eZ8Heec4Gb7YaKHA5QKW,10,plain,none,mixed,1 3 3 6 10 10 12 12 21 22
AA1W2WN4X4B3e10n4IW38P218Ima4Y4W-1,10,plain,none,mixed,1 1 2 2 4 14 14 20 20 22
AA1W4WM2-fr1Gb1C20G3X020UeHQ4rYKI2,10,plain,none,mixed,1 1 2 5 10 11 11 18 20 21
AA1WZ4IZA92gCXqGGH289B68m61MrM6H2O,10,plain,none,mixed,3 3 3 5 6 12 12 13 19 24
AA1W2GK28nsTXn4cZHY08u2WD8IHJsOLXC,10,plain,none,mixed,1 1 3 5 6 6 11 18 22 27
AA1We60G118Wk2GOMY8HWCfnUBfP9nrC91,10,plain,none,mixed,2 2 5 6 10 11 11 15 15 23
AA1WA2S0W7OIdarSo70K2faGL1ACXGmAWi,10,distinct,none,distinct,1 3 4 5 8 9 10 14 18 28
AA1WXCHoU6kGC30K4Gm22m20W2LvDfNGX4,10,plain,none,mixed,2 3 5 5 8 10 10 12 20 25
AA1WDAnX1W9nD8IIYqg4Zci0iPjAKQeI48,10,plain,none,mixed,1 3 4 4 9 11 13 16 19 20
AA1WGc4n2hCeAH1e2WID4e4WI8X7NO9E10,10,plain,none,mixed,1 2 3 4 4 16 17 17 17 19
AA1WEbWIPx9dA10G638X2GP91KL5b0uG0W,10,distinct,none,distinct,1 2 3 4 5 6 11 17 25 26
AA1W0W7H4Jm10aDu610JJ26Gj494Ot6apA,10,plain,none,mixed,1 2 4 4 5 6 8 13 26 31
AA1WDHqJ0DpYa1403GKD1UKmcNrDJL388X,10,plain,none,mixed,3 3 3 4 5 8 12 16 22 24
AA1WYCmOHabFaFXCP0O4A9AJfWg8MJW44G,10,plain,none,mixed,1 1 6 8 9 11 12 15 17 20
AA1WXi8tD4Gk23a0K1W12sDvEHX88bOg2W,10,plain,none,mixed,2 3 3 6 7 9 12 13 17 28
AA1W0K5RhQJXW92QH14o2G6w2JIC2TYeX4,10,plain,none,mixed,1 4 4 6 9 9 13 14 20 20
AA1W6OL3BfH62OcKncY10K90aef7IaP00W,10,plain,none,mixed,1 3 4 6 6 7 10 17 20 26
AA1W2WBP3OhU55OKX381GZJGR2z1ZqOKaG,10,plain,none,mixed,2 3 3 4 4 14 14 15 17 24
AA1W6G1WaAQReX27WuaI0_28va8n8h4o8a,10,plain,none,mixed,1 1 3 4 7 9 10 16 21 28
AA1WQ129CmcEEYuW10a1X8g0G8yRwFKAYe,10,plain,none,mixed,1 1 2 3 4 10 11 17 24 27
AA1WHWnWBP0eEYaA9YX5ZYuUWKDD64FYCG,10,plain,none,mixed,1 3 4 5 6 9 11 11 21 29
AA1W0m8PeMo8O20Gd229HvH189PAoCnE20,10,plain,none,mixed,1 1 1 3 8 9 15 18 20 24
AA1W1WDX1C9N4OIcP18H9P8WM20GeIyGK2,10,plain,none,mixed,1 1 5 6 6 9 10 18 21 23
AA1W60a4P58z21I8Ga430H2XS3aSYJWJXC,10,plain,none,mixed,1 2 4 4 9 13 15 16 18 18
AA1WX14rofgvN9PeA34O4moAaGIhfAW8WG,10,plain,none,mixed,1 1 6 7 10 11 11 13 18 22
AA1W8254WIAzVY50e2WII9X4byc8o3eH4W,10,plain,none,mixed,2 3 3 5 8 9 9 14 19 28
AA1W18TGLI74eKZ8g2890pV2zIF3jZW42W,10,plain,none,mixed,1 2 6 9 9 10 10 14 15 24
AA1W0G81CXMZm3GKA0mA0m30JDHIZqe4Z4,10,plain,none,mixed,1 1 2 3 3 14 15 16 20 25
AA1WA1msE9HAbmfAWn7HWZHu8g1G6mW4Y1,10,plain,none,mixed,1 1 2 8 10 11 14 15 17 21
AA1W9g9eY4GW5BKh210BISvW91uAH4GZI4,10,plain,none,mixed,2 2 3 4 6 6 13 17 19 28
AA1WHg2GIuXS8CbZfG44Wf58a9mkff0ce3,10,plain,none,mixed,1 1 3 3 8 9 12 13 21 29
AA1W2T2F0SRYKp79pGfX21MbYqOKPY40y0,10,plain,none,mixed,1 1 5 7 8 11 12 14 17 24
AA1W084PB8aZeYmiK2G2WuGIwHg4VL8eZ4,10,plain,none,mixed,1 1 3 5 7 13 14 17 18 21
AA1W1480GDNWsAoSQ08o8H4mf48LOpm4X4,10,plain,none,mixed,1 1 6 7 8 9 12 13 15 28
AA1Wb2EHjHoAHAWP4mX35ee4i5n48KDHmH,10,plain,none,mixed,1 2 3 3 7 11 12 16 21 24
AA1WI13810e118xBCWY4OJYiHYKIYaRJ42,10,plain,none,mixed,3 4 4 6 7 9 10 13 14 30
AA1W2AGCpYC109afPoOWK4SmNO909I54qa,10,plain,none,mixed,1 1 4 5 7 8 11 16 17 30
AA1WA2mM0uv24GM3LgJ2WYg1WaP228B1W8,10,plain,none,mixed,3 4 5 5 5 6 6 13 26 27
AA1W48SYGP20GM158eaOm61GDX2aeZ18Ca,10,plain,none,mixed,1 1 5 5 5 7 12 12 22 30
AA1W4W9cCqZCAI4GA0eOGE0G1qEP45Wl18,10,plain,none,mixed,1 2 2 5 6 6 7 13 24 34
AA1W5F4mI28BmKq9aGGACMLK22uEXY45yP,10,plain,none,mixed,1 4 5 6 7 8 8 11 12 38
AA1W2G-d5XY1sz4e61GIGe4XHr1Ih38A0m,10,plain,none,mixed,1 3 6 9 10 12 12 13 14 20
AA1W0g3b9CXdiuH54GYY7aU2QA1GH7E8W6,10,plain,none,mixed,1 1 6 7 9 13 14 15 15 19
AA1W5XKEmG2ZCrJIWC02WQ0LUIKa6388n5,10,plain,none,mixed,1 3 3 5 5 8 9 18 23 25
AA1WamgBGyiXJ9WKF18Y0W43ERegWnO208,10,plain,none,mixed,1 2 5 5 7 13 14 15 18 20
AA1WY4VCDuu2ZJ0Q5e3O0G5YS5xXjZlkGe,10,plain,none,mixed,1 2 3 3 3 9 13 18 22 26
AA1W4P2r0aA8ghI4pB9GfAHavHAsT2E2KW,10,plain,none,mixed,1 3 4 5 8 10 10 16 19 24
AA1WXCH18b1GYEk9Ga4GG50mAEtw5nWD0Y,10,plain,none,mixed,2 2 4 4 6 7 11 13 18 33
AA1W25SKL2Gw8J25WqAaZ6D78X24YkWYKa,10,plain,none,mixed,4 4 5 6 8 8 9 15 19 22
AA1WYHGLaS3ALGHOEcI65HmY18MCpsjK28,10,plain,none,mixed,1 3 6 7 7 8 12 15 18 23
AA1WY406PI73uaXSkWo0s9oFimmA5WXG30,10,plain,none,mixed,1 2 4 6 8 9 9 17 22 22
AA1W18A189spKj0YkKH2Gi0WR4GeHYasAG,10,plain,none,mixed,1 2 3 4 5 10 13 16 16 30
AA1W38e2WOIML7LE88X6Gi0W5n2CSGy2K8,10,plain,none,mixed,1 1 3 3 8 9 11 16 17 31
AA1WYH5wX4A95bAKQHIHL6mAAGrmlYYq04,10,plain,none,mixed,3 4 5 5 5 10 12 16 18 22
AA1W312I3O5Oe76a8aOWS4qH3Cl8okG60W,10,plain,none,mixed,1 1 1 6 8 9 14 17 19 24
AA1W248up2v4YWwsfWGa1NK8I3aRLBYB1K,10,plain,none,mixed,1 2 3 5 11 11 12 15 17 23
AA1W62Gq3SD08ugf18GLHcn7KKH3DW8105,10,plain,none,mixed,1 2 3 3 4 7 13 14 22 31
AA1W0Y1a9X6ZHKA850ueN2AGgJgaK6Go1a,10,plain,none,mixed,1 1 3 5 8 10 15 16 18 23
AA1Wf0Y4WJaifAA2GGO1CXaaiEWPYFX8WO,10,plain,none,mixed,1 1 2 4 9 11 13 16 16 27
AA1W268w1G4Gg9f5GY0aDXKI8M6G2WR4Of,10,plain,none,mixed,2 2 3 5 6 8 9 20 22 23
AA1W70W48bALH6NUb1020D1OjCz18WY73G,10,plain,none,mixed,1 1 3 5 6 11 17 17 18 21
AA1WA8b4HC4AeDbWC0m2WM1rXOF0sXuV18,10,plain,none,mixed,1 2 4 5 5 8 9 11 23 32
AA1WWkYnHIJ6MUL1OH13X6kCOIZO54m1y8,10,plain,none,mixed,1 1 6 6 8 11 11 16 18 22
AA1Wa2UCIXYC9I0yC2WY0euj6KaQGq28GQ,10,plain,none,mixed,1 1 1 3 11 12 13 14 17 27
AA1W28O3r8jZ8XqD4G98GO31GCSZAIeCzW,10,plain,none,mixed,1 1 6 6 6 10 11 15 19 25
AA1WH17Na8GyHOB14CO0PwuXAH9G-AHaA2,10,plain,none,mixed,1 1 5 6 9 11 13 15 16 23
AA1W68HAbo5HSXWnMmA9mY4APvWr2BMGm0,10,plain,none,mixed,1 1 3 5 8 10 14 15 20 23
AA1W0KHIK5mmgM0e70uJ7uWa4YHSA0Wz0e,10,plain,none,mixed,1 2 4 4 6 7 14 18 20 24
AA1W54oEXe36ayRAAc4WYHGOeEb7AAAWa8,10,plain,none,mixed,1 4 8 9 9 9 11 14 17 18
AA1WQ0i2X4X76K2n28W1GocHAvg8d4GX4D,10,plain,none,mixed,1 2 5 5 7 10 15 16 18 21
AA1W2NoYX81BRiIv922Oa8IzmVGi8Q32mg,10,distinct,none,distinct,1 2 4 6 8 10 11 15 19 24
AA1W3Gii55yXypcGhCX22eJHfX0HGr28GX,10,distinct,none,distinct,1 2 3 5 7 8 13 16 20 25
AA1W2GNIIX4MLLA42KIHAG4mcBG81cIk24,10,plain,none,mixed,1 1 3 8 12 13 14 14 15 19
AA1W4NKGmg20FA8mYeKeB2eJEr0uE6h2O6,10,plain,none,mixed,2 3 3 4 7 12 14 15 17 23
AA1W28420OYqWC0WMX84WC1uE2FIsOm24G,10,plain,none,mixed,1 1 1 3 5 7 9 18 26 29
AA1Wa1Y95aGPB8H2WY4453kJmY4Gv6g2Gg,10,plain,none,mixed,1 2 4 5 6 8 16 16 18 24
AA1WZ1GS26A9s8c2n9a0a1qfGPDnEGFEP2,10,distinct,none,distinct,1 4 5 6 7 9 10 18 19 21
AA1W8ClX863nYWHIOANB4KYqDIgYgIZeG0,10,distinct,none,distinct,1 4 5 6 8 9 11 15 19 22
AA1WM3GiLYOWW41v99602WI5qIGK28WGA5,10,plain,none,mixed,1 2 2 3 4 5 9 22 25 27
AA1W90bX8iJAXKX1e8y8o5KEbE1Hq1D9kW,10,plain,none,mixed,1 1 3 5 8 10 10 12 21 29
AA1WGCXaMv8oU2BqjWAX8ghbf5XI50LTWC,10,plain,none,mixed,1 8 9 9 9 10 10 11 12 21
AA1W8AW40e8FnBn2eP4II9YCe204D1bDDY,10,plain,none,mixed,1 4 4 4 5 7 10 14 18 33
AA1W92BK-gabSM4MY488WeaWyGYJTGcWH2,10,plain,none,mixed,1 3 7 8 9 11 11 12 18 20
AA1W7IICYKv4bWKUCI60OZwKnTSD7QC10G,10,plain,none,mixed,1 2 7 8 9 9 15 16 16 17
AA1WYWi3GGY1W41XN3864GYSCID2WI28H4,10,plain,none,mixed,1 1 2 7 7 8 9 14 20 31
AA1W29ej580OH3CMaYeqa1W3WaGqdiwXWW,10,plain,none,mixed,1 2 4 4 6 7 11 12 19 34
AA1WBIPZOoICGXqoLGK8RJk1m2fA0e9q1G,10,plain,none,mixed,2 3 4 4 5 6 9 13 25 29
AA1WCaa278HYaA1qyuWaB2PEa7JoKGD1mD,10,plain,none,mixed,1 5 6 7 10 10 11 13 16 21
AA1WeGq6HOyGpcg2GOZZ0a2j5KaGk7y0WI,10,plain,none,mixed,1 2 6 6 9 12 12 15 16 21
AA1W48GH39wMPC9qIuOKA92H8fJi2eM6j2,10,plain,none,mixed,1 5 6 6 9 9 10 15 18 21
AA1W8OQ9YHqWs5N60m62GqAMKs18XdnC40,10,plain,none,mixed,1 1 1 5 10 12 14 14 20 22
AA1WY2GKH91092CXeGC4aXC9ZKefA9HIJm,10,plain,none,mixed,1 1 8 8 8 9 9 17 17 22
AA1W4q810k4VL9mDF18IaCYaAB9BaLG5W2,10,plain,none,mixed,1 1 4 5 5 11 14 16 18 25
AA1W58kCJHcCWA48ecG1Wa8ggBH7OT084G,10,plain,none,mixed,1 3 4 7 9 10 10 10 15 31
AA1Wn050W1728RLAIWm1KC3OP50NcDol2O,10,plain,none,mixed,1 3 5 6 9 9 10 10 12 35
AA1Wmq9IKIB9aHCg4Wn0Na5082YbdOYqWP,10,plain,none,mixed,1 1 6 8 10 10 11 14 19 20
AA1W10BwPGM0j8XIL48GP2MOP4IKZqE95G,10,plain,none,mixed,1 1 2 6 11 12 14 17 17 19
AA1W1C3WAYKIJIZmQ1WY1G8f42O4Wa8P0O,10,plain,none,mixed,1 2 4 4 6 8 11 11 19 34
AA1WG4WZTAmf9FMYGWKWWIczBP84M2JFAX,10,plain,none,mixed,3 3 3 6 8 9 11 12 17 28
AA1W26m92LHo60iAYOAHi8y4WK3Z2X8DX3,10,distinct,none,distinct,1 2 4 7 8 9 10 11 17 31
AA1W4mWoka6mj23mWW84Q2KYY9YwKUeJ18,10,plain,none,mixed,1 1 3 8 8 10 14 17 18 20
AA1WC149HJX2AQaiC2W40s4yAXbanI8E1G,10,plain,none,mixed,1 1 3 5 11 11 12 12 22 22
AA1WGXO50rXgaOKIGi7K2NmKEtnuf0R212,10,plain,none,mixed,1 2 5 6 9 9 12 15 19 22
AA1W68fKOW27O9v94CGIQAAHA5SIH24941,10,plain,none,mixed,1 1 7 8 8 8 10 14 15 28
AA1W409f0L1Y9OD1e60IXKBAGo7m90u772,10,plain,none,mixed,1 3 4 6 6 7 12 15 15 31
AA1W60413Qwu0W638H25GKAGGY50y1G4mI,10,plain,none,mixed,1 1 2 2 3 4 7 15 24 41
AA1WbIKWXD9XKs2mKX20tA889WMQPL180W,10,plain,none,mixed,2 3 4 4 5 8 9 20 22 23
AA1We38WMY9fWb8c5GBGifPDnZKQKoG6ee,10,distinct,none,distinct,1 3 5 6 8 11 12 15 16 23
AA1WXIGI4kkTYm50i1W4DW5WAB4e90eg5W,10,plain,none,mixed,2 2 3 5 6 8 12 16 16 30
AA1WG3G95GbvqZYaci8D0NICfaZt9HXA9Y,10,plain,none,mixed,1 5 7 7 10 10 13 13 16 18
AA1WBgeEv8J4RIxxH24208sHqcJG9-2g22,10,plain,none,mixed,2 3 5 8 9 9 10 14 18 22
AA1Wa3CI4WCDXN118q66D9XgWuc8XYEHoW,10,plain,none,mixed,1 2 6 6 9 9 11 12 21 23
AA1W5WH19SJ8iqcHI2070o518gYZXTtkw1,10,distinct,none,distinct,1 2 4 6 10 11 14 16 17 19
AA1W201uJXOUKiCbGi48IJH1K7KgbKqwX9,10,plain,none,mixed,3 3 7 7 8 8 8 13 17 26
AA1W0e82nIADH6142ZA20O39E9J7eo1448,10,plain,none,mixed,1 1 2 4 5 6 14 18 24 25
AA1WGM5GpBWGe61Q820I4mA8q4WkAcKaJ2,10,plain,none,mixed,1 3 3 5 6 14 14 16 19 19
AA1W0OH6GGK3hGT45286Gq1eJT68oMKQ14,10,plain,none,mixed,1 2 4 5 5 8 13 18 19 25
AA1W80eeW835K4v4aIaBIHI5Eu7eR2BGY8,10,plain,none,mixed,1 2 3 3 10 11 12 14 15 29
AA1W44I2WXXEw71P90mqA9IALy4pX78A0M,10,plain,none,mixed,1 1 3 4 8 13 14 15 18 23
AA1Wa49YhAhf7rL54iW2Pe8WkadKf6rv8a,10,plain,none,mixed,1 5 6 8 10 10 13 13 16 18
AA1W2mqB28f032X65c430vF2EXf1IGQYaC,10,plain,none,mixed,1 2 2 5 5 8 15 17 19 26
AA1W91UCOBr2GC1WAv340G75or4pOT04I0,10,plain,none,mixed,2 2 2 3 3 7 9 15 22 35
AA1WL2GC1ms1C7H2XSW20YsKUPSN2081eE,10,plain,none,mixed,2 2 3 6 8 9 11 13 18 28
AA1W08B91sf2eKZoA30KQJGYoOYZjSdO91,10,distinct,none,distinct,2 5 6 7 9 10 12 13 16 20
AA1WY0oZ1C40njCD1HO0N8v7jgC8qN48vH,10,plain,none,mixed,1 2 4 5 5 8 12 19 20 24
AA1Wa0h8uXKvMaqWYO4a8e33GZKJIPcZ8Q,10,distinct,none,distinct,1 2 3 7 8 13 14 16 17 19
AA1W4LbWu6l8iA8hL4WCKJY2y48T4aS_G8,10,plain,none,mixed,1 1 3 7 9 10 13 14 17 25
AA1W1W930I3LGI0GF482891eM2gou30I4G,10,plain,none,mixed,1 1 1 5 6 7 9 12 29 29
AA1W2OI4L28AP5n2KY2BGw51UJ8H0eBj10,10,distinct,none,distinct,1 2 4 5 7 12 13 15 16 25
AA1W518A1jXQ5bRAWWX20_4Sb9383Hx98C,10,plain,none,mixed,1 4 5 7 8 10 14 16 16 19
AA1WaXWG1foz4H2MSHI5K2_AYeDsZGa21W,10,plain,none,mixed,1 2 3 3 4 5 16 17 24 25
AA1W524bdg22NC4Bh506Ymf4cHojbbqXKM,10,plain,none,mixed,1 3 4 8 9 14 15 15 15 16
AA1WaWa2WG2J3hh4OGaYWS08OJ959ABM2a,10,plain,none,mixed,1 3 3 4 6 8 11 17 20 27
AA1W040hSXy9dKYe1X5b2OLH38R3GYJ9Q2,10,distinct,none,distinct,1 2 3 4 5 12 13 17 21 22
AA1WeCpgI6nDfiZYJ6809aAMGWH1DGEb28,10,plain,none,mixed,1 2 6 7 7 10 13 13 19 22
AA1Wf34HHy9o4X2GaHHGEEAJ3KB6ZJo28G,10,plain,none,mixed,1 2 3 6 8 11 14 14 15 26
AA1W3I1JC8X4kOB61GCCGAebAgMI9HLfG6,10,plain,none,mixed,1 1 4 5 6 13 15 15 16 24
AA1WE4YOX858q6CYGX58d2WQYX0S9YNYie,10,plain,none,mixed,1 2 6 6 7 8 14 14 19 23
AA1WOIJI030G4aYXCGO9X40K1XB8PBLKr4,10,plain,none,mixed,1 3 6 7 7 8 9 10 13 36
AA1W1KHwEq76qq3Wa10YOaIJLH4e710e20,10,plain,none,mixed,1 3 3 5 5 11 12 12 12 36
AA1W8GZ9EKIZeSWM4e821m8cG3v9JBaiGZ,10,plain,none,mixed,1 1 7 7 8 10 12 13 20 21
AA1W0eG91K6Zo92u4c2LAeMvh8cgiGH148,10,plain,none,mixed,1 1 6 7 10 10 11 17 18 19
AA1W8OaXX4v6mhAAIWaGfX9aOIAMD4B1i5,10,plain,none,mixed,1 3 5 8 9 10 10 14 19 21
AA1W2cgGH84vGu0P40cO5C80ynoI-ZbYaY,10,plain,none,mixed,1 1 3 4 5 9 14 16 22 25
AA1W6Gc8mHsnGa5GA0e4mO53zfXHA4WE0G,10,plain,none,mixed,1 1 6 7 8 9 10 12 20 26
AA1WZ0XIXGIYIeSY8H0mYACHEv0Wa7myff,10,plain,none,mixed,1 5 6 7 8 10 11 13 13 26
AA1WI0GqcWBuYyFGv0G52XfDqq2NKXKDXK,10,plain,none,mixed,2 3 3 4 11 12 13 13 14 25
AA1W10C3fK72I9oI8Y2891Buo2ICkYRG30,10,plain,none,mixed,1 2 2 7 8 9 14 17 20 20
AA1WA2JIdinX4Mrr8P2AH4h0i8H832AWg0,10,plain,none,mixed,2 4 7 8 9 10 13 13 15 19
AA1We0YBmf79Qk304XWX850VQ8gXH9AYLI,10,distinct,none,distinct,1 2 3 7 8 9 13 14 20 23
AA1W80HGQ3TWWqcWO4K3GPK6Jqeb2eeL4e,10,plain,none,mixed,2 2 2 3 5 14 14 14 19 25
AA1W10K4Wb2BdI489zG18E2G8N4jbDIfCA,10,plain,none,mixed,1 4 7 8 8 9 10 12 14 27
AA1W8o6kSJD527ex4AXH0ms9PL0Y32KLH0,10,plain,none,mixed,2 2 2 5 6 12 13 15 16 27
AA1WH5XS89WK88qYYAaYYfj4iDPeZ4Taw4,10,plain,none,mixed,1 4 5 5 6 10 12 13 15 29
AA1W4YYKLHjWj0O33L2KBGY51D8A4CPAGm,10,plain,none,mixed,1 3 4 6 6 7 8 8 22 35
AA1Wn3e6BFAWg1eA2GS54eP5O83o29S4g9,10,plain,none,mixed,1 1 5 8 8 10 10 12 16 29
AA1W0YrhEfJAEib4f28b6X9A0jWyGqGX1O,10,plain,none,mixed,1 2 4 5 5 10 15 17 17 24
AA1W0c4f949DIfY4Cb8AC4GmY48vOkes5W,10,plain,none,mixed,1 3 4 4 6 9 13 16 16 28
AA1WB0ZD2eL363uMt120G19MR3CKJQJX24,10,plain,none,mixed,1 3 5 6 6 9 9 16 17 28
AA1WGb28Hg18fG9p9H9J4OYWq9HC8r64Om,10,distinct,none,distinct,1 3 5 6 9 10 11 16 18 21
AA1W1ZyZyVGa8J4g8GCeMyWY7WOlIWbG0W,10,plain,none,mixed,1 2 3 7 8 10 10 12 20 27
AA1W1Gi5viHHHa9Wn1W8PCFv2bSp05WI34,10,plain,none,mixed,1 1 5 6 6 8 11 14 16 32
AA1WX425XCOKZHGkY2G0oTLZSHI9aUb1OJ,10,plain,none,mixed,3 4 5 5 11 12 14 14 15 17
AA1WIZBgHaAHOBEpQ080J48D6aN9AbqWIC,10,distinct,none,distinct,1 4 6 7 8 11 12 14 16 21
AA1WACIYa81860o8F084q6WG10R1QY4Y0m,10,plain,none,mixed,1 1 2 2 6 7 9 15 16 41
AA1W204199mzqAYXeCWD1IEWB2aGs0q4YH,10,plain,none,mixed,1 2 3 4 9 9 10 14 21 27
AA1W18X2vu9KJY5GI2830I2HaqanC2W94G,10,plain,none,mixed,1 1 1 6 9 10 12 13 22 25
AA1WWgINgXL5Nwcq30e85I10KKTomHGv0u,10,plain,none,mixed,1 3 5 5 7 8 15 18 19 19
AA1W08S4aKf1MxOMG89AWO2upUUJLsGmo8,10,plain,none,mixed,1 2 4 5 5 8 14 18 18 25
AA1WHIKXH4fH6D4Xa4C63aCW80k5F7X18F,10,plain,none,mixed,1 1 3 6 8 11 12 14 19 25
AA1W10G2PAH3mTk98o82GK6P4A5O4uhL1Y,10,distinct,none,distinct,1 3 5 6 9 11 12 15 17 21
AA1WS5un5m2WNII0GP2H4eSe4SbWK28IoD,10,plain,none,mixed,1 3 3 3 6 9 11 14 23 27
AA1Wia5Y3sCCY4Y041811O7rF8gbKb8d28,10,plain,none,mixed,1 3 4 5 9 13 14 14 16 21
AA1WZ4Dd5XiAKiDlQ0j50I391Jr5GKTZR0,10,plain,none,mixed,1 2 4 6 8 8 11 17 17 26
AA1War6qaKM3ye20GK10XfIcOC0e6281OA,10,plain,none,mixed,1 2 3 6 8 8 9 12 19 32
AA1W2YotgCXIBMKud1WGXrWC1909GdaB2G,10,plain,none,mixed,1 1 5 6 7 8 10 11 20 31
AA1W28XwAB710bK21k88I9L1uyWqBHP7SO,10,plain,none,mixed,1 1 1 9 10 10 12 12 19 25
AA1W48WK2KWi69b4H148ngLQaCX49O824W,10,plain,none,mixed,1 1 5 5 9 10 13 16 17 23
AA1W66GHxfI104H38vAI4Gy6yR1eH9AG8a,10,plain,none,mixed,1 3 4 4 5 7 16 18 21 21
AA1WmW4aaRV1L5cSm80GaX2WyQYAUWoAGf,10,plain,none,mixed,1 1 5 6 8 9 12 13 22 23
AA1WY0HLAFc1eJ0KV0OYmcHAIT9oKp0K40,10,plain,none,mixed,1 2 5 6 8 11 11 14 14 28
AA1W128CQddYCZ4IKWWqMw8A1QJefadmCX,10,plain,none,mixed,2 4 5 6 6 11 13 15 17 21
AA1W4Wm64451Kz4GICHGZhSZqD4yd10812,10,plain,none,mixed,2 2 4 5 5 8 14 14 19 27
AA1W6Wh5OSfI8D4H8a840t5uuEaMcPmW16,10,plain,none,mixed,1 2 2 8 9 10 11 14 17 26
AA1W72D9f8E4mg48AfC8XIwKiWWd8K1W92,10,plain,none,mixed,1 3 4 7 8 8 9 15 16 29
AA1W894O8M8eW718l1Y892GLqkqPYBHU4W,10,plain,none,mixed,1 3 5 5 7 8 12 16 21 22
AA1WC2G4YEymaZ0A71B30awZbfp5LGI8f4,10,plain,none,mixed,1 4 8 9 10 12 12 13 15 16
AA1W91eF14x0a8fhj8K2GX2CCABXEWD1O2,10,distinct,none,distinct,1 3 4 6 7 8 12 14 21 24
AA1WCXmd4Aw10GGi2GK42GLYKAMYWm7D1e,10,plain,none,mixed,1 2 2 5 5 8 10 12 21 34
AA1W2HqEZ9XLALBOdqY89w64E8X18i65XW,10,plain,none,mixed,1 1 7 8 9 11 14 14 17 18
AA1W4XM8ay2WC2vxAoYWTZiGbeIvOw8WK8,10,plain,none,mixed,2 4 5 5 6 9 11 14 16 28
AA1W34YH63b1a-c4S07OKu-Fc8zB_VW490,10,plain,none,mixed,1 1 5 6 11 12 12 14 16 22
AA1W4aCXi8H38H4CA0mX0k3G1WC2GJ4OY4,10,plain,none,mixed,1 1 2 4 6 7 10 13 19 37
AA1W28K22Gx0o4EHq9a48KC9mDqWY2HHE1,10,plain,none,mixed,1 3 3 3 5 7 18 18 21 21
AA1W30r4BeSKtH64CY18XQ2P2fBHtiXX9H,10,plain,none,mixed,1 3 6 6 8 8 15 15 19 19
AA1W2085MLWN2qeLtaGO36MAfCr2mFeh4o,10,plain,none,mixed,4 4 5 6 7 7 13 13 16 25
AA1W4HoMAn4uO16mo1W40bGi4YPiE1WU20,10,plain,none,mixed,1 2 4 4 6 7 11 11 26 28
AA1W0u8oDHTFKWA1485IYi8GA7AXoAPp90,10,plain,none,mixed,1 2 2 5 7 9 11 13 21 29
AA1W8X9CQ58t5YWy18H1WKDY48HBvZA7M0,10,plain,none,mixed,1 1 3 8 11 12 13 15 16 20
AA1W996KXixcKH8b1CK18WQYKEHBYYBXS0,10,plain,none,mixed,1 1 4 5 10 12 14 15 18 20
AA1W3X22a7UqGpc4AKA0nvCVG-0NZMI80W,10,plain,none,mixed,1 1 1 5 6 11 17 18 19 21
AA1W50PM4woGu8Z98muGJI6WznYbhLLWo2,10,plain,none,mixed,1 3 5 6 8 13 14 14 15 21
AA1W4YNH94m63Ig3WeYC9BjC91E5eggcfa,10,plain,none,mixed,4 4 5 6 7 7 8 9 18 32
AA1WH9Q4H1vHq19H7aG2eaYdAYAE78YkKO,10,plain,none,mixed,1 1 5 7 11 11 13 14 14 23
AA1W20U7nbKenQB085038O4HCOaGA5080a,10,plain,none,mixed,1 1 2 3 9 9 11 12 19 33
AA1W4P0b312eK8N4K3W5JiP5ZKIA9Hql0O,10,plain,none,mixed,1 1 2 5 8 10 12 17 21 23
AA1W011g1sDhAPXqH1Wm50gv22gpJp0N68,10,plain,none,mixed,1 1 2 5 6 11 13 19 21 21
AA1WH4We4pZW8AR78I0CaK2ROd5aBXg8Of,10,plain,none,mixed,1 4 4 4 7 10 16 16 19 19
AA1W24ZCOw1GbCL2Ob2f3FPY4c1G20BZ38,10,plain,none,mixed,1 4 5 7 7 8 9 17 21 21
AA1WSpXOJivF0066f5K40C1IW8116LLoOZ,10,distinct,none,distinct,1 2 3 5 6 7 10 11 15 40
AA1WMHn8H12WgYc88YI0GCXwjMeO1mvy10,10,plain,none,mixed,2 3 3 5 6 6 13 18 22 22
AA1WOa4g1GTD8PIbde5Y9Qi24M8I4gWLYu,10,plain,none,mixed,1 1 5 6 6 7 15 16 17 26
AA1WKWX5esCXSWWi2GA6Wud4G6nDIL0aHY,10,plain,none,mixed,2 3 4 4 5 7 15 15 20 25
AA1W2JmU2i9F8Z41VK8WSMDi6Cek88XaKK,10,plain,none,mixed,1 1 2 7 9 9 13 15 19 24
AA1W0X81eF2aMZ2bZ8KoE6mW40manvG52D,10,distinct,none,distinct,2 3 5 6 7 8 10 11 13 35
AA1W59Hq11up79SC8nAM1cHt0060HQcK1K,10,plain,none,mixed,1 2 3 5 7 8 8 12 13 41
AA1W2FGgO11WEbClL12f22WP2999CPjMKO,10,plain,none,mixed,1 2 6 7 7 9 9 10 18 31
AA1WIk8KqWX4uN4o5XKWJCH296CcGD2mY4,10,plain,none,mixed,2 2 3 7 8 8 9 12 15 34
AA1W0W40q9KIZD1MCR0A8n1094mYDoiD8I,10,plain,none,mixed,2 3 4 4 8 12 12 12 13 30
AA1W2eC1OAdaCA0mGM248O3GU5aQHGYG50,10,plain,none,mixed,1 1 2 3 6 12 12 13 23 27
AA1WKZ_PoGO5JAGeQWI10GWTqUK48n7YIA,10,plain,none,mixed,1 2 5 6 6 7 11 11 24 27
AA1W9PYEXOH9Wl6K4804Of3vdsKOCYYaGJ,10,plain,none,mixed,1 1 3 5 7 7 11 18 20 27
AA1W2mQHBHijGI3Q8A020ePQ4MZYaWKIHX,10,plain,none,mixed,1 3 5 5 10 12 13 15 18 18
AA1WEWLHHEAf21Xy_GaGA28Cy7Yv33BM40,10,plain,none,mixed,1 2 5 7 8 9 9 16 19 24
AA1W51020XDqICYWRX44Wy7k6RGHcKSab4,10,plain,none,mixed,1 3 4 7 7 7 8 19 22 22
AA1W48aeHQ9B9PG92GGAYKGYWa52aYa5yX,10,plain,none,mixed,1 4 7 8 9 10 11 12 12 26
AA1W2QGK1OHCHO4zQ8YYiFE8-VPK4Gaae8,10,plain,none,mixed,1 3 3 5 6 11 12 18 20 21
AA1W810ZZAMX08wO6WaAIIOZqOvqIne4We,10,plain,none,mixed,1 5 6 7 8 11 11 12 19 20
AA1W82m8zZ6kP1891GAB0es3Ga28I9XGGe,10,plain,none,mixed,1 2 2 6 7 10 12 15 17 28
AA1W18871Y9AHGI2Ga2999A0WK1uP3BL68,10,plain,none,mixed,1 1 6 7 8 8 9 12 18 30
AA1WGnLAf4sYfAMUWe02eYba8a1QAb39CI,10,plain,none,mixed,1 2 6 7 7 9 12 14 16 26
AA1WYb6ma5HI4v8X5YH11aHC5Wu67CJKR8,10,plain,none,mixed,3 5 6 6 7 8 9 12 15 29
AA1We0H22eKo4AcC0mAWW2BbOf34KQIKCX,10,plain,none,mixed,1 2 3 4 11 11 13 13 20 22
AA1W0cucX080a2gA4scWb5OpMXX8vqOZaG,10,plain,none,mixed,1 3 4 6 9 10 12 12 17 26
AA1W98ivDu918DgAIX14208kb98g8dBvf1,10,plain,none,mixed,1 5 7 8 9 10 10 12 19 19
AA1W0o6XWKIh68Z8gGIicd18H292GpAA1W,10,plain,none,mixed,2 3 6 6 7 8 10 14 18 26
AA1W51ec14hbEPqOQOCadEufI2JbCG728I,10,plain,none,mixed,4 4 5 8 11 11 12 12 12 21
AA1WKKYAbHJHAIIOgXK2VmRGmM0e2pKC10,10,plain,none,mixed,1 5 7 9 9 10 12 14 16 17
AA1W8KIAXO8y5P0aHQDW2OIqkb58jsH4GA,10,plain,none,mixed,2 3 5 5 11 12 13 14 14 21
AA1W0eF9nOR3Rhea52aGY8K850n2Wz8I04,10,plain,none,mixed,2 2 3 5 7 11 13 14 19 24
AA1WB9HLHPCfLn32I4GHY98ICFc65mEPX4,10,plain,none,mixed,1 1 4 6 7 12 12 13 16 28
AA1W5CcL2aH4uh74baqWIK0G8EHtqZ0e10,10,plain,none,mixed,2 2 3 4 7 10 10 17 21 24
AA1W82Fobe70cd2uQ5WP1ba52bFIB4GH48,10,plain,none,mixed,1 5 6 6 6 11 12 15 18 20
AA1W1D6j6bBe5WWcW845C6ioMMIYwJ5eP8,10,plain,none,mixed,3 4 5 6 6 7 13 15 16 25
AA1W12Iz4u4eY8X0e504I1eE8c3Gs6y4Wq,10,plain,none,mixed,1 2 2 4 7 7 13 14 21 29
AA1W71IzAm2oI8PCW10A2J5TeL1GwtWAYO,10,plain,none,mixed,1 3 4 7 9 10 11 11 12 32
AA1W4I3CKAY2eM28mYWORGgcK99z4OWa2W,10,plain,none,mixed,1 3 4 5 6 11 12 12 19 27
AA1W88Y8P4TCGaYOLrYKAqKEG5mu5fYi2G,10,plain,none,mixed,1 4 5 6 7 10 11 16 20 20
AA1W0eJ4uKfA66JLmG14OH3WkSKiZcoEw0,10,plain,none,mixed,1 2 4 6 10 11 11 14 18 23
AA1W911m5WiBTL4jrC242LOHA381ZKKYge,10,plain,none,mixed,1 2 4 5 8 8 11 12 14 35
AA1W32wsou8q4Ga30a2GPSd48518T1dYqG,10,plain,none,mixed,1 1 4 7 10 10 11 13 17 26
AA1W50o7Y4CjnOWB791308CXX9TPJoAXaW,10,plain,none,mixed,1 1 4 8 10 10 10 14 20 22
AA1W8voGWGB9G52Ob34CHXKqFHLigAGY0W,10,plain,none,mixed,1 3 5 5 7 8 14 16 19 22
AA1W4HBJ2992836fDA1GI6FlEvi98X4OaW,10,plain,none,mixed,1 3 5 7 10 12 14 15 15 18
AA1W32dgvu4Wc4H4v89WF28AcuGYiHSW12,10,distinct,none,distinct,1 2 3 7 8 9 10 15 22 23
AA1W8meD3GM1y832KCI8116cY998g589vC,10,plain,none,mixed,1 5 5 7 8 10 11 14 15 24
AA1W944GmY5B9mU4GX4ANOf9G40WX3C50a,10,distinct,none,distinct,1 3 4 6 7 9 10 11 24 25
AA1W6An18CYU3XCCa1Waa9IAGYIY9Gi4X8,10,plain,none,mixed,1 3 3 5 6 6 16 16 20 24
AA1WY0A2aIaQcBHYMJ1e0G1GD5M5XFH4OI,10,plain,none,mixed,1 3 4 7 7 12 13 14 15 24
AA1WA4IKB450J8lHAC0KadmhfJ8L6fPwC4,10,plain,none,mixed,1 4 6 10 11 11 11 12 15 19
AA1WG21n0Y2ZIKBCcWm9AAAHE40BPhyHc8,10,plain,none,mixed,1 3 4 5 5 7 11 12 24 28
AA1WWDYIWuUcHLr8JY40ISTLUGGPFIKZa4,10,plain,none,mixed,1 1 5 8 9 11 15 15 16 19
AA1WL2IKKZ71eDIo5994H20WHq0sb4e4H2,10,plain,none,mixed,1 2 7 9 11 11 11 13 13 22
AA1W2J3XoGQDFQX4X1mXdNLSGY9SGvHHCX,10,plain,none,mixed,1 3 5 6 8 8 13 17 19 20
AA1W5GaiEXIhffzEOI2GGg8AG50uaMOI14,10,plain,none,mixed,2 4 4 6 8 11 14 14 17 20
AA1WG1WoCI2e821e50q4J2mK4GeS28mE2G,10,plain,none,mixed,1 1 2 4 6 7 9 20 23 27
AA1W9GeBY2WAS6WW2CK48m968HHKHXHcCY,10,plain,none,mixed,1 2 3 4 6 11 12 20 20 21
AA1Wi1W63gXgeP8A189GcquWeI1G2Wa8nu,10,distinct,none,distinct,1 2 4 5 8 11 12 14 20 23
AA1W31qn0aOlHYCSMH3CIoPTYG8KwGc4eG,10,plain,none,mixed,1 5 5 7 8 10 11 11 15 27
AA1WA9KG0W74gCRGQ8G2WCPD8ZYfICHXeA,10,plain,none,mixed,1 2 3 6 6 6 14 16 19 27
AA1W9azC6AeihB0WuOY4FAr9VX24E3GNKX,10,plain,none,mixed,1 3 4 5 5 6 8 11 26 31
AA1W23LKgMAWt5OOmW22mLco6QKEXqbg14,10,plain,none,mixed,1 5 7 9 10 11 11 14 16 16
AA1Wh5GaK84SgPJ0WC260A0I8E7mKYaA9o,10,plain,none,mixed,1 1 3 4 7 8 11 13 21 31
AA1W60m1KvG30ef82YH8ef60YOIYGYF9uc,10,plain,none,mixed,2 2 2 4 6 10 13 14 18 29
AA1WHB9A2GWWI2oSMGo89nwWK2oY4WQ0Y4,10,plain,none,mixed,1 2 2 7 7 8 9 17 23 24
AA1WGS9hWmA75M046Gn96GGZyIIThkBH8G,10,plain,none,mixed,2 4 4 5 5 11 12 13 18 26
AA1WH9GL3a4KZiDkiI22G1q99Gc48Ga1aG,10,plain,none,mixed,1 3 3 3 8 9 13 18 19 23
AA1WH2A4eS3uKKXgbX40W7Hw99WKO8co5m,10,distinct,none,distinct,1 3 6 7 8 10 12 13 15 25
AA1W18A0qI-BAdCeGH2AGe1Og31KOm6da4,10,plain,none,mixed,1 2 5 5 8 10 11 14 18 26
AA1W8A2GE4HrWIACT0X5HIZ8A38L4HKyWf,10,plain,none,mixed,1 4 6 7 8 8 10 13 14 29
AA1WnaAw4nbKN9MgjYI41DnL5Y6f34BL3G,10,plain,none,mixed,4 4 4 5 8 10 12 14 15 24
AA1W56JLGA1a9H98fOgIS8eb1O7040GcIb,10,plain,none,mixed,1 2 3 5 5 7 12 16 17 32
AA1W1W83PBKnAJiUsGg30T4Hw9I5cGOHWW,10,plain,none,mixed,1 3 4 9 10 11 13 13 14 22
AA1WY0GwXe32OZ0qV89oHUGecCA6OY2GI1,10,plain,none,mixed,1 1 7 8 8 10 10 13 19 23
AA1WbKYSA9K9jM0mw8YKGXJn5aSeA18P8I,10,plain,none,mixed,2 2 3 6 7 11 14 14 20 21
AA1W0W9XEM9I68g4tb2GmaFf18GXkH5DaW,10,distinct,none,distinct,2 4 5 6 7 9 10 13 21 23
AA1W14288mBadKYKJ50cAeKfK6XHiLGv4O,10,plain,none,mixed,1 1 4 8 9 10 10 13 20 24
AA1WHAG-aYKasHHK8XGH1m9Y8B67HPq148,10,plain,none,mixed,1 1 5 5 5 9 13 18 20 23
AA1Wa24Jv082GU2hKJ264mD1Lh64eI28Y6,10,plain,none,mixed,1 5 6 7 8 10 10 12 12 29
AA1W4H4LeXDrOo2GH60A94HaaIYACEHqD1,10,distinct,none,distinct,1 2 4 6 7 9 13 15 21 22
AA1W20ODI0XG60D2bqY2GaCYYSDXQJ9DXW,10,plain,none,mixed,2 2 3 5 8 11 11 12 16 30
AA1WA38nqABGW249wHHGXXqGI3KcA2G8P4,10,plain,none,mixed,1 4 4 5 6 6 12 16 20 26
AA1W74BWC191GoHIGI82aucqQZGOLAfb18,10,plain,none,mixed,1 2 8 8 9 10 10 10 16 26
AA1W1G410BYP7XBHKo05WK28V3WgvrL1n2,10,distinct,none,distinct,1 2 4 5 6 9 12 15 17 29
AA1W410Gn7359gA89bIIA4Oqm60j6InA0a,10,plain,none,mixed,1 2 4 7 7 9 14 15 16 25
AA1W2bhfD8WaCfH28Z1Y0a4i8n28sYFW90,10,plain,none,mixed,1 3 4 4 7 10 11 18 20 22
AA1WH2iM94E8A3OanAA892eKICZOeoaMfA,10,plain,none,mixed,3 3 6 7 8 9 12 12 17 23
AA1W4JYeigIYmj2aj0Z32tZhI50OEw1S0X,10,plain,none,mixed,1 4 7 7 9 10 11 11 16 24
AA1W8X10i9Ek24WY08Y7X4BZiQRZSSVYR0,10,plain,none,mixed,1 1 4 4 12 14 14 16 17 17
AA1WMaqWB4vZIGn9byZCKG8WAHGI4hQOX0,10,plain,none,mixed,2 2 4 7 7 7 13 14 15 29
AA1WA988HUlamG2WI9A5081ey1L1I304CY,10,plain,none,mixed,1 1 2 3 8 9 12 16 17 31
AA1WKXaC-y0oXJ144uaf4eAaI5145XQN9Y,10,plain,none,mixed,2 5 5 8 9 11 11 13 15 21
AA1W4X8DmrJqHCffX28B1RDMYH3WYY8F12,10,plain,none,mixed,1 6 6 7 9 10 12 13 13 23
AA1W50mEA2YaM27as5G10aCRaCCM2mu928,10,plain,none,mixed,1 1 4 4 5 8 15 20 21 21
AA1W10GE5K9IMJHPcX8A8o6p1GLpB0Z2uH,10,plain,none,mixed,1 4 4 4 8 8 16 16 19 20
AA1W935Ici4CJULO1W461kWI8QX2ayac28,10,plain,none,mixed,1 1 5 8 10 10 13 14 18 20
AA1W8aeH8SlL8ZLIQGJy12GEj3f4Y1m9A8,10,plain,none,mixed,1 1 4 7 7 8 11 13 21 27
AA1WWGSHYcCnLZKM5HH0aArMZw97XLC288,10,plain,none,mixed,2 4 7 8 11 11 13 13 14 17
AA1Wp4OH246eY4GyF1a46W40Y4AKAOK20W,10,plain,none,mixed,1 2 2 5 6 12 15 17 18 22
AA1W2C6X3GmmaB1O0W9g1W61Q8LgrQGa0X,10,plain,none,mixed,1 2 2 3 5 13 14 17 19 24
AA1Wi1YD0JYKeUI3Xq8C5Af14314RpTaL4,10,plain,none,mixed,2 3 7 7 8 8 10 11 19 25
AA1W50W24WQ0OPCGn0aD0j2mgzSN18810C,10,plain,none,mixed,1 1 2 3 9 10 12 15 17 30
AA1WWYQ64LCmbkAAH23C5CP3qK5CPEX6n3,10,plain,none,mixed,1 1 1 7 7 11 13 14 20 25
AA1W8D2cWB0L48X6CfGf0O3228B1S8quIX,10,plain,none,mixed,2 2 2 3 3 8 12 12 18 38
AA1WYXHOJn19IaGX4mo64ypYaPmt0y6wK4,10,plain,none,mixed,3 4 4 5 6 8 14 14 16 26
AA1Wd14ACwmAvIRcRGG8CHb9icIaxvPE2C,10,plain,none,mixed,1 1 5 8 10 11 11 12 18 23
AA1W4pcWXBIK9DCKX021BKiZ89XwAxHA0a,10,plain,none,mixed,2 4 5 5 8 13 14 15 16 18
AA1W9N891aA0mhZ4Kh516C10xC1aD00W42,10,plain,none,mixed,1 2 2 3 6 7 10 17 18 34
AA1WHoAIC4L0da9ADI03HsGw6KBXEaCI95,10,plain,none,mixed,1 4 5 5 8 9 13 17 18 20
AA1W9Wi0uG8vLIkO44W0e214mMJYCYaEY4,10,plain,none,mixed,1 1 5 5 7 9 10 16 16 30
AA1W2GkN5838Gw4mD0e8GeSYhjYIa2WK2G,10,plain,none,mixed,1 4 5 7 7 10 13 13 14 26
AA1W8fOB28JaF4v4eB83GHC4ab1Oa8J0yG,10,plain,none,mixed,1 1 3 6 9 12 13 18 18 19
AA1W8YCRXXSHw9PLgEW4GWgB1H9MWH4D09,10,plain,none,mixed,2 2 3 10 11 11 13 14 14 20
AA1W8Ke4OW4o6Q2-GcGG41Z4KaKjLQCiMY,10,plain,none,mixed,1 2 4 9 10 11 12 12 15 24
AA1W42470uny989XgDIKIOb4iHGeI4WYCY,10,plain,none,mixed,2 3 4 5 6 11 12 13 22 22
AA1WYfBXf58GY9C81600N5ufP9D9H7e90a,10,plain,none,mixed,1 4 4 5 7 12 14 15 19 19
AA1W4106CfI1Lw9E9n85X4F7aKXe1WH2oY,10,distinct,none,distinct,1 2 3 7 8 9 10 12 17 31
AA1WKBW47dPaedLzf2e41JGLL4Ge31E4L4,10,plain,none,mixed,1 3 4 8 8 9 12 13 20 22
AA1W2PWi6WDylho99GKKXKEq9X85405am8,10,plain,none,mixed,1 2 6 9 10 10 10 10 10 32
AA1W18EcHmSH3SHiJA6I1GDmOGHXSjc1SG,10,plain,none,mixed,1 1 5 6 9 10 13 16 18 21
AA1W4WW4Gg6YJ24Gbx81W920HYKYeHnHIP,10,plain,none,mixed,1 3 4 5 6 8 16 16 19 22
AA1WiaK2mM4XSibb1D1123GUJr8H1J44WW,10,plain,none,mixed,1 1 2 6 10 11 13 16 17 23
AA1WL1HA9kA1WvtUw38088Wa4lWheKeeI2,10,plain,none,mixed,2 3 5 5 7 11 12 13 21 21
AA1W5WS3OaYbYCGWG0OL2GIQ7-9182GAYK,10,plain,none,mixed,1 2 4 4 7 9 11 15 16 31
AA1WO1G58Q3MZAeuaX03GHXE5hIK4Gj8gH,10,plain,none,mixed,1 1 4 6 8 11 11 17 17 24
AA1W2Ga2kWCSuY4e5184HO709wXSA5GC3G,10,plain,none,mixed,1 1 7 7 7 8 11 15 21 22
AA1WYCfIaIaXY8B0Omf4ZKIA9a60G9o5Aa,10,distinct,none,distinct,2 4 5 6 7 8 9 12 13 34
AA1W9B40W40K4LNC80aYaAHGD189XPq958,10,plain,none,mixed,1 3 3 4 4 8 9 11 20 37
AA1W8eaFn27mIiOeI0m3WO3Ut92YAYa4ae,10,plain,none,mixed,1 1 5 9 9 12 15 15 16 17
AA1W29cyoO6Wo56Om02IZHEaqCbAi1GX89,10,plain,none,mixed,1 2 5 5 6 7 10 14 15 35
AA1W9Gi5gPBCQaKfE990WIEL19139cCIW2,10,plain,none,mixed,2 4 7 7 10 10 13 13 16 18
AA1W0HSD289KBX4892OM2oQTXy9Wa6WH2G,10,plain,none,mixed,3 3 5 5 7 8 12 14 21 22
AA1WqGYZn5J7Y0G20fLI58E19Q9WM1I8GW,10,plain,none,mixed,1 2 4 7 7 9 10 11 14 35
AA1W90a20HCHYIa8L120m41SorE5Gi9c5G,10,plain,none,mixed,1 1 3 3 7 7 15 16 22 25
AA1W0m6Cm9K5vMsW20WAXAFYaCvm914f4m,10,plain,none,mixed,2 3 4 5 5 11 12 15 20 23
AA1WXaLKIWMAOI5GM1e0A76WpK4922GQ5W,10,distinct,none,distinct,1 2 3 5 7 12 13 15 18 24
AA1W20SkcAISWQ0ZaPvGmz8g8BYXi8XAXW,10,plain,none,mixed,1 3 4 5 7 10 14 14 15 27
AA1WZI9n2uOKHU2T9o08MQ2eh8yn6WnYIC,10,plain,none,mixed,1 3 4 9 10 12 13 16 16 16
AA1W8H4JoUHoG4bS4ca2GLLakacQZaGG20,10,plain,none,mixed,1 5 7 8 9 9 12 13 13 23
AA1W0G51QGIrh60s1H2D1u10H2PjMsa95G,10,plain,none,mixed,2 2 3 5 6 8 10 15 20 29
AA1W8YYYPlBEa15AKGY9oKXzPKHIB4WGWq,10,plain,none,mixed,1 1 6 6 7 8 12 18 18 23
AA1WPZon0Gi2SRH4DAPI1W6gAdF4IMC0W6,10,plain,none,mixed,2 4 4 4 5 9 12 14 19 27
AA1WL1860f2GRYAvAZH104Ww4aNq1GB6P0,10,plain,none,mixed,1 2 6 7 8 8 9 10 21 28
AA1WM3430QOW427Evf13WPNag5M6q8i9H9,10,plain,none,mixed,1 1 3 7 8 10 12 14 21 23
AA1W8Y22NGY7e-CgZGR09mqZGOnS850Gg8,10,plain,none,mixed,1 1 4 5 6 11 13 16 17 26
AA1WZ4Ob0Y8fYAHX7a10P28HuHeA99x3ue,10,plain,none,mixed,1 1 3 7 10 11 16 16 16 19
AA1WH8m62G94eh8aIae2GNkbOHyY0u40a8,10,plain,none,mixed,1 3 4 5 5 11 13 14 15 29
AA1WHIKIQe10W28C6XG8n64mdBaNel4GX8,10,plain,none,mixed,2 3 6 6 7 9 12 12 19 24
AA1Wa4cI2oOm4ZAAG601A4QZaeceqIQfr2,10,plain,none,mixed,1 3 6 6 6 7 10 11 21 29
AA1W2CWuDSBfMCWeWw4WYdCoAX102nXFM9,10,plain,none,mixed,1 3 4 7 8 9 12 12 20 24
AA1W8kPX8IvXHLaaYWCCSKL6GpnrZ0a8WS,10,plain,none,mixed,1 1 7 8 8 9 12 17 17 20
AA1W51LaHUX3aF16Wg043JPLmLd4NbbuP2,10,plain,none,mixed,1 1 3 7 9 9 12 15 21 22
AA1W30P4cIc1GHiaJYK2X650mSmDHH44ce,10,plain,none,mixed,1 3 5 5 9 10 12 16 19 20
AA1W63XX2SWIBGa8JKIH3_e3084ZxcmnII,10,plain,none,mixed,1 4 6 6 6 7 10 13 15 32
AA1W4Q7ZCP10ESYaaWa4Q2n6CH0eG6G10e,10,plain,none,mixed,1 1 1 4 8 10 11 13 24 27
AA1W0eADP1GKIyFYu184Wn52gD1mc8njw3,10,plain,none,mixed,2 4 4 4 8 9 13 13 21 22
AA1W8eZ4RCKYYbdfomG0898bY8H35DU8v1,10,plain,none,mixed,3 4 6 6 9 11 13 14 14 20
AA1WKYQ92CW3GcTKj2a38mvEKJK0KV49X8,10,plain,none,mixed,1 2 3 6 8 10 10 11 13 36
AA1W4eJ8ISDWnfA8WY48XB5ZO-183LOB34,10,plain,none,mixed,2 5 7 7 8 10 13 13 16 19
AA1WX95A64mmc6WXCG92L2gIJGf9f2aHy8,10,plain,none,mixed,1 1 5 9 9 9 14 14 16 22
AA1W8d8Gc4aGX2bPao8IL5KWY3OLoGz3mI,10,plain,none,mixed,3 5 5 5 9 10 11 15 16 21
AA1W0G3uPYB1V83WQ4GH19HeaCH8E1eY1O,10,distinct,none,distinct,1 2 4 6 7 8 9 11 23 29
AA1W0We8YZCXaFnbCI2a4WiF9104n1c90k,10,plain,none,mixed,1 3 4 8 8 9 11 15 17 24
AA1W8HuIaLuf4KJ4anIGJJ5AkaC1G8UY5W,10,plain,none,mixed,1 2 4 4 8 12 13 15 17 24
AA1WH4dfAYY1tFv8KWZ6FXGHIqcukJbY15,10,plain,none,mixed,1 1 6 6 7 13 13 14 18 21
AA1WH491eA6G2CrAmqcKKa4uj20WOn8840,10,plain,none,mixed,1 1 2 3 5 6 9 16 22 35
AA1WGQ2S8nJMYBgK5G418PDwZ3HMD9ZT44,10,plain,none,mixed,1 1 5 5 9 9 10 14 17 29
AA1W0Y20jAWW40mIa48Q2YaL2eT7atg8Z4,10,distinct,none,distinct,1 2 4 7 8 9 10 12 17 30
AA1WWgL4GP99Wn6eN0O0KCHAXFsyu3082G,10,plain,none,mixed,1 2 2 4 8 9 12 14 20 28
AA1WbIQJWiH6ACSG90J2CFCvebXh62G0eC,10,plain,none,mixed,1 1 4 6 11 12 13 16 17 19
AA1WaAXC1W80YiPGH14H640ww0m60e432K,10,plain,none,mixed,2 2 3 3 3 8 9 13 20 37
AA1WGIKnGh9cC0M48OYIHE2GX870f7k88Y,10,plain,none,mixed,1 3 4 4 5 7 8 13 22 33
AA1W1bZb1aI91JH97q8YBGTascigSM1XoW,10,plain,none,mixed,1 4 5 5 7 8 10 12 21 27
AA1WGNO8Wbul7Pf8A0EXYaI5XWA3n4L1X0,10,plain,none,mixed,1 3 3 4 8 11 14 14 17 25
AA1W88AKN0qXfKkMooE8eKJ7mWa1J2WiXm,10,plain,none,mixed,2 4 5 5 7 8 8 11 13 37
AA1W244NHc9PYJiIHIIWg39WiIbRqZe5WG,10,plain,none,mixed,1 2 3 10 10 10 11 13 15 25
AA1W850rHiXW821XAXLg2WS0aGo8A12GI5,10,plain,none,mixed,1 2 2 5 5 5 6 19 26 29
AA1W2HGI14Gi5qAmI2G2WOT48Xn890Wa4a,10,plain,none,mixed,1 2 2 3 7 10 15 16 20 24
AA1W10a2fEg9by7Ga5260e4H9wqmg0e9Af,10,plain,none,mixed,1 2 2 10 10 10 11 11 18 25
AA1WD1m-7mJHrAG40W14Y4AWqHaG40z18H,10,plain,none,mixed,1 3 3 4 7 9 9 10 24 30
AA1WCUYiimcCin04C1WWX4v0A8GI3pGg2W,10,plain,none,mixed,1 1 2 5 6 6 14 21 21 23
AA1WAXnFvmA2Z960u102WH3m8d288c4ha4,10,plain,none,mixed,1 3 3 6 7 8 9 15 23 25
AA1W1GK20GQ6GMIoYg850p6GI363GK1XS8,10,distinct,none,distinct,1 2 3 4 7 8 10 11 23 31
AA1W4WS1MALG9nMJKx64H820HaIcYIGJY1,10,plain,none,mixed,4 4 6 6 7 7 10 11 22 23
AA1WCXOAoEm1bJRMLW850OB87ZZIdg85Gs,10,plain,none,mixed,2 3 4 4 7 10 12 14 16 28
AA1WG20emc9GfsKqJ8HOI8Gvt1894IaJ22,10,plain,none,mixed,1 2 2 4 5 11 11 17 19 28
AA1Wa4Xc0eI2iCo8HKK091DXaI1n1mN36O,10,plain,none,mixed,1 1 4 4 9 9 11 17 18 26
AA1WJ2IWY48IgaeP4A04pg6OJ0o2pcmH23,10,plain,none,mixed,1 4 6 6 6 7 10 12 20 28
AA1WAX42GZ5veL1mz1m0G11oGSCdY2WA0W,10,plain,none,mixed,1 2 2 5 6 9 9 14 24 28
AA1W5H6mv4AwGe4WM508IBR4D1OWa0GE2G,10,plain,none,mixed,1 1 3 5 8 9 10 11 20 32
AA1W1D8b0O1ma2IaYqW8C2WY4Bvo2Gj2KI,10,plain,none,mixed,1 1 1 9 9 10 10 13 18 28
AA1WHC820uJx3b892WAKae10OEZ730h4K8,10,plain,none,mixed,1 1 3 5 7 10 12 19 20 22
AA1W4GaydyFX2Gruo8QGWXHmq8GK8yR0m5,10,plain,none,mixed,1 2 6 8 11 12 12 15 15 18
AA1W0qIIYK70iqb8C5GWQ84Wc2S2bcGI2G,10,plain,none,mixed,1 1 3 4 8 11 16 17 18 21
AA1W1052fFHJ1Wma1GIHY8L3GQnNeWgBaa,10,plain,none,mixed,1 3 6 8 8 8 9 12 15 30
AA1W14GI1I0iBmw2mA1cIbT28H5eF146GK,10,plain,none,mixed,2 3 5 6 6 8 10 17 18 25
AA1W1WX2Cyh2BB_0q2W1fSA1gv4K94ac3a,10,plain,none,mixed,1 2 4 4 5 10 15 16 19 24
AA1WHCSjy39Emy0Xvg8WgoqrPnOJCMXm8K,10,plain,none,mixed,3 5 5 7 7 7 11 11 21 23
AA1WC2Ge-1T8P2GOAc8G8Ww8YcIbHvCH1G,10,plain,none,mixed,1 2 3 6 6 8 13 14 23 24
AA1WqWK4GqaJoIR3OOC4KI28CyWG2Bm38I,10,plain,none,mixed,1 1 1 3 4 7 13 20 22 28
AA1Wec5H1mb380WL0m6AJojGI8HaHa6WY2,10,plain,none,mixed,2 3 4 4 4 6 16 18 20 23
AA1W208YQy77oBYjEgeJ186uW9l279SGX1,10,distinct,none,distinct,1 3 6 8 9 11 14 15 16 17
AA1WYbMQZKi2WO3491G1EvWOO4010Kaqca,10,plain,none,mixed,2 3 3 7 7 9 10 11 12 36
AA1W2Gi2xhiBXivFn21A9-0n0yYaiSfGP0,10,plain,none,mixed,3 3 5 5 7 9 12 18 18 20
AA1W4ZImWPbfnI8odGOKPGZYCq9IA6W4f9,10,plain,none,mixed,1 2 3 5 9 9 12 18 19 22
AA1WYGk595a8R2vKjZ26q5WbY2C7hYn4YG,10,plain,none,mixed,1 3 3 4 6 9 10 13 22 29
AA1W8IT8JGP5efKYeCXg5GK4NXZie30vH8,10,plain,none,mixed,4 4 5 5 6 6 8 13 19 30
AA1W0mOEH4akaBMIn104eA2gv9CBmZSYKY,10,plain,none,mixed,2 2 4 8 8 9 12 15 17 23
AA1W1e8I62n2I0aKuGZJJD4mb4ZwFLoX88,10,plain,none,mixed,1 2 4 4 6 12 14 17 19 21
AA1WM4efkjCH9Hbee4WG4aD356Ko5Y8N0e,10,plain,none,mixed,1 3 3 8 8 11 13 13 19 21
AA1W0W585CP6eqbmm20QAaGmK2GK9YeL6e,10,plain,none,mixed,1 4 5 5 5 6 9 10 25 30
AA1W2AeBCvLK4A2qE18a5uPn1sXRXKKac4,10,plain,none,mixed,1 3 5 6 7 10 12 14 14 28
AA1W1G9HDwQXOCIOu10GJX2XE4nAdai8a4,10,plain,none,mixed,1 2 4 8 10 10 13 14 18 20
AA1W5WJFv2FAvfQihG210F2wffvan9Fa14,10,plain,none,mixed,1 2 5 5 7 9 12 15 21 23
AA1WiGXWGS0If3uK22W9E9o2G19c2HuoYG,10,plain,none,mixed,1 2 2 3 7 7 7 17 19 35
AA1WOX4H6sqH1GHaR9G8eLnIKOIXSP578Y,10,distinct,none,distinct,1 4 5 6 8 9 11 12 17 27
AA1WI48ZClIZ4292eE18KW18SFc851e5o1,10,plain,none,mixed,1 1 2 4 9 12 14 16 19 22
AA1W412Hx92G5mD7m4S30OMzJAPoIRCtL0,10,plain,none,mixed,1 1 3 4 8 10 16 19 19 19
AA1WeHZAGw6JokamM2eWWA254K0X81CGa4,10,distinct,none,distinct,1 3 4 5 7 10 12 13 21 24
AA1W5GO5n12115MIuH01W91n--H49YCfCn,10,plain,none,mixed,2 2 5 6 6 7 10 15 23 24
AA1WGIs1XEEo81EAzYe18CIBoi3G4EI8X8,10,plain,none,mixed,1 1 3 4 9 10 12 19 19 22
AA1W4Q2GL2c1GIZr4Ka90PhSr2Ge50ZWG4,10,plain,none,mixed,1 3 5 6 7 10 11 13 22 22
AA1WIGPYgrAPHbYIX95G1FbCWfaEH8iZI0,10,plain,none,mixed,2 3 3 9 11 11 12 13 16 20
AA1W0U4en7Hauf0224WACKKWe68g2qcKN2,10,plain,none,mixed,1 1 3 6 8 10 11 14 22 24
AA1W0OUD7PZeK59QIsC2114I4P4TaIP3b0,10,plain,none,mixed,1 1 4 5 9 11 13 13 20 23
AA1WA0eGg5Gc4dX4f8f2GDGk5H64HGa4Y6,10,plain,none,mixed,2 4 5 7 9 11 11 13 14 24
AA1W1ef9f282YJ22Fqa28G2IHXK5foDU0m,10,plain,none,mixed,1 1 5 5 6 12 13 14 19 24
AA1WK61WJ6MAaHg3BX1g2G8GXZCgajV_92,10,plain,none,mixed,2 3 7 7 8 9 9 12 18 25
AA1W44qcAHJ1H28ar4ah0QB91Ga8dUytb0,10,plain,none,mixed,2 3 4 4 7 12 14 15 17 22
AA1W8mDiL481aLE6mBG4A4Hjas6n7hJYwO,10,distinct,none,distinct,1 3 4 7 9 12 13 14 18 19
AA1W092uCbzXGbKQIAGZ6Yg1e6Wi2H2v0h,10,plain,none,mixed,1 5 5 5 6 7 14 16 17 24
AA1WGI4en74m94kwVGW8I4GOY38S3E56XG,10,plain,none,mixed,1 3 5 8 8 8 9 14 22 22
AA1W4OvOAIWYSKP3YZ84GnGZ7fQmbCACKe,10,distinct,none,distinct,1 3 4 5 9 12 13 15 16 22
AA1Wg4e60So1OSg28WJI0W3K5fEm90l58a,10,plain,none,mixed,1 2 2 3 8 11 16 18 18 21
AA1W28bKoCcWA28PGoEQ3W4GYgLyXOOOH8,10,distinct,none,distinct,1 2 3 4 6 10 11 16 23 24
AA1W292eIa70Xk2BWXG53lHD4c0j7PQZq4,10,plain,none,mixed,1 1 1 7 9 11 13 17 19 21
AA1W48XaJ4IXCIcgibKO147na48S2H4GK2,10,plain,none,mixed,1 1 5 5 11 12 12 16 17 20
AA1W91HFGKZYocNYALW48Q2XGI-GC1GGC1,10,plain,none,mixed,1 2 4 6 10 10 11 17 19 20
AA1W0o2dam9S8v3Wa4mWcwN224gaA6GK2G,10,plain,none,mixed,1 1 4 5 8 9 12 16 18 26
AA1WGJGI94eYCaCeJ4O50RR48WH0BXCfc8,10,plain,none,mixed,1 2 3 5 10 11 13 13 16 26
AA1WWjai4vWYGX28B8Y4HU8a74vT66WqB2,10,plain,none,mixed,2 2 3 4 4 6 12 20 23 24
AA1WKHYE2mEpu76WC0Z2GKjK1G1KA1WQBG,10,plain,none,mixed,1 2 2 4 8 9 13 14 16 31
AA1WuXGCuy4j4LXGX2K1KH3XIPqhegWC2G,10,distinct,none,distinct,1 2 3 6 7 13 14 15 17 22
AA1W2W92EKWNG63kjgo11B7Wf47LA4rYJH,10,plain,none,mixed,1 1 4 5 5 11 14 18 19 22
AA1WG21eBB607sZm51GSWeOHbB1tAX864e,10,plain,none,mixed,1 3 4 6 8 9 11 18 18 22
AA1WaXOBfMpWHDM48g14KKav9eeTiAMVGX,10,plain,none,mixed,1 6 7 8 9 11 11 13 17 17
AA1W96eSZyOe7WXHxuYHK52s149cOeI18a,10,plain,none,mixed,1 4 5 6 6 9 9 12 17 31
AA1WH48Wa7mtD3XI2Ge3KY1GK2eSI9DB0W,10,plain,none,mixed,1 1 4 6 10 11 12 13 15 27
AA1WC1WK5ZeKrK1AH44GBfKnG5Wq68u9ms,10,plain,none,mixed,1 2 5 6 6 7 12 18 20 23
AA1WKLKr5QrHo9YMHn80EHUi8y0-O594Wa,10,plain,none,mixed,3 4 4 9 9 9 11 16 16 19
AA1WeR4Ol5ufodC1YmC8CO50G0WR2q63-1,10,plain,none,mixed,1 3 4 5 7 9 9 16 23 23
AA1WHeS0G4mcygDK7X00OnZCJXAI1BC1a8,10,plain,none,mixed,1 1 3 5 7 8 9 15 16 35
AA1WnGI5WFArAetoIHf4Kq68IQjXJ2488W,10,plain,none,mixed,1 2 6 6 7 10 12 13 21 22
AA1W50Z7XO42eB5H8uX1m821vB2oes5Wo4,10,plain,none,mixed,1 2 3 5 8 8 14 14 21 24
AA1W266dX42Gi6meI448K3GJYEcFgAyZ4O,10,plain,none,mixed,1 3 3 6 10 11 11 14 17 24
AA1W4m90W1ZIbyijLf8aaQWi92WaoXHiAG,10,plain,none,mixed,3 4 4 6 7 7 7 10 18 34
AA1WDNw1eS3HPCiWX04IiGI04HL23AqIX4,10,plain,none,mixed,2 3 5 5 5 8 9 19 21 23
AA1W3GKi918eMKAW40m8I2H1OJ8GY6uL0K,10,plain,none,mixed,1 1 2 5 8 12 12 17 18 24
AA1W31mP68A1W2Wa0e2Q2mE48Jsg1G30O2,10,plain,none,mixed,1 2 3 3 4 5 10 11 27 34
AA1WN2qJa2G2HIFWX4Z11i0G4GvJo1G68i,10,plain,none,mixed,1 1 2 4 5 10 11 12 23 31
AA1W8KXKHIy4gcGm290iZW25XCOe60muX7,10,plain,none,mixed,1 2 3 3 5 12 16 17 20 21
AA1W228Woc8jpeM2mc8E2WebmX4GIAIKIg,10,plain,none,mixed,2 4 5 7 8 9 9 12 20 24
AA1WGGRi8P2E1awq952AA4prSwKaOx9eX0,10,plain,none,mixed,1 4 8 8 9 9 12 14 16 19
AA1WeKrKkeQ38iq9Wq0C2C0aeHayen9eo6,10,plain,none,mixed,1 1 3 5 10 12 13 13 19 23
AA1W9GJ91XB14WeH6PI2WO361yNK6WeLL1,10,plain,none,mixed,3 3 3 3 4 11 12 16 17 28
AA1We56c2m40WzWaHOX51i1Q7CY4HS1mM1,10,plain,none,mixed,1 1 1 2 5 12 12 14 18 34
AA1W4Z8jU3comSie92G8oKifgm6fjXOH0a,10,plain,none,mixed,1 3 6 9 10 11 11 12 15 22
AA1W40BibKKizX2D9e6L2KKH1zFH8ADXYX,10,plain,none,mixed,1 2 6 7 11 11 12 13 17 20
AA1WC9CLXqyCI128PoH10WQWds_EGCYdC8,10,plain,none,mixed,1 3 6 7 8 8 12 14 18 23
AA1W3XHz4K30IyJP4Ga5Y88K8vs4EKJWo2,10,plain,none,mixed,1 1 4 5 8 11 14 15 20 21
AA1W41GEB4C0W6AiHc2ej4aHIr1aC958Y8,10,plain,none,mixed,1 5 6 7 7 9 13 15 15 22
AA1WGCf5v20C1aoAXg9M6lL38Wa48gADH0,10,plain,none,mixed,3 3 4 5 7 7 10 15 16 30
AA1WC70ACf2ebJ8r20ee2Wbbi6RfKYAHH8,10,plain,none,mixed,1 2 3 4 8 11 14 14 18 25
AA1W03HA5XPLjbiHGO4YDxP5GiWY0mJ6F2,10,plain,none,mixed,1 4 4 5 5 6 8 17 21 29
AA1WGYBWnLKJ4jORKca1BCCmQ4X2v4wj22,10,plain,none,mixed,1 4 4 5 8 11 12 13 20 22
AA1W3ICcMImHBWXmM1GO0Sx_5WYa7cm10O,10,plain,none,mixed,1 1 3 4 9 12 12 14 20 24
AA1WM2ZfAGi1e18VIWS2JY4B9k9KGQ4WH8,10,plain,none,mixed,1 1 4 7 8 9 11 14 21 24
AA1W5mYEiBXiwd2QWHWGZ7Of5I12ZZi2A1,10,plain,none,mixed,1 1 6 7 9 11 12 13 20 20
AA1W9X0ia7WA650e39P8gLHfCGI0n2mR2A,10,plain,none,mixed,1 2 3 7 8 8 11 14 15 31
AA1WZ3q88YgYs2_e4eOMMK1LyK84WwoOmB,10,plain,none,mixed,1 1 3 6 7 11 16 17 18 20
AA1WKCY1YiKKChI581mH4K8n8NAqQ2-WG4,10,plain,none,mixed,1 1 3 5 9 9 12 18 18 24
AA1W071C9K0ZeP3M2WAmY4YImD0j6f58K2,10,plain,none,mixed,1 2 3 3 4 6 18 19 20 24
AA1W8Wf2WH060aWeM2W2mI1C9G9Yycer38,10,plain,none,mixed,2 2 3 4 4 7 8 10 18 42
AA1WaqIIIKL9wJYW2CH1A82GAcq4aXe60Y,10,plain,none,mixed,1 2 3 6 9 13 13 16 17 20
AA1W40RZ4RI91O10818KWa30HYAXa4WO58,10,plain,none,mixed,2 2 3 3 7 8 9 10 20 36
AA1W3mcHNA2GE2uHw1M8GXSIWa4uI05102,10,plain,none,mixed,1 1 1 5 11 11 12 14 17 27
AA1W4Zmk984MLdeWK1W9YGXPgAd8qYqGXG,10,plain,none,mixed,1 3 5 9 9 10 13 14 15 21
AA1W50q4ZKSGGXYOO539152nKsXAf0a2eK,10,plain,none,mixed,1 1 3 6 10 14 14 15 15 21
AA1WbKnGA992GBIKPT072v4WQJKK9PDeGZ,10,distinct,none,distinct,1 2 3 5 6 8 14 15 20 26
AA1W841R533BeG11GoGK70goeN19SBZOCN,10,plain,none,mixed,1 1 3 4 5 7 10 17 19 33
AA1W94GY9G18P164C14CKaaHXCKw1m91BX,10,plain,none,mixed,1 1 2 3 5 7 14 19 24 24
AA1WX14A0zBXd51fEGg1C9X9q4AJv0m5HK,10,plain,none,mixed,2 5 5 6 11 12 12 14 16 17
AA1WGf8L5CF9Vs1O81090az1SK2AgWi6aC,10,plain,none,mixed,1 5 8 8 8 9 10 12 15 24
AA1WH9HK4W6i98wGM98699nm7Iabdi9WgY,10,plain,none,mixed,2 3 5 5 7 8 8 13 23 26
AA1W4FCtw9I6qX48EWME4gIMH9ImZL1m0W,10,plain,none,mixed,1 3 4 7 7 9 11 12 19 27
AA1W0OCXcMoaeE4W41WH1E3mJ2Xec2Wu30,10,plain,none,mixed,1 1 4 4 4 5 9 11 29 32
AA1WCH4YKY54mfCE18C6I4Gc8P0O4sZ0u8,10,plain,none,mixed,1 1 3 4 7 8 16 18 20 22
AA1WgAH4a4aIOH48X2Ke0rq2WA3PQ8m22G,10,plain,none,mixed,1 1 2 2 8 10 16 18 19 23
AA1W18NM74fDDUfP8B0O284faL7YPamM21,10,plain,none,mixed,1 2 6 8 9 10 13 14 14 23
AA1WHaCOYeE0GA2ecQo9dF53KK2ceG20G1,10,plain,none,mixed,1 3 5 5 6 7 10 13 17 33
AA1WbGA0GDP79erA99W4KuY4W48XRgnFu4,10,plain,none,mixed,1 3 4 5 9 9 11 15 17 26
AA1W84GAleAnBHE8GH2eYYPD0i0GEocHZG,10,plain,none,mixed,1 5 6 6 9 9 10 11 18 25
AA1W1G91eb8TfoNmQ442GP28iAHPO8WZX4,10,plain,none,mixed,1 3 4 5 5 9 10 10 25 28
AA1WGWCEBe4WLJHKIKWfD84w56ZXbg7H1O,10,plain,none,mixed,1 1 2 7 10 11 16 16 18 18
AA1W0WZB6WK303qOoXm8WX9IRvL4nM5XA9,10,plain,none,mixed,1 4 5 7 8 9 10 15 15 26
AA1WH1cKwWC1Gq0e58o104r4WJY5mL28Q2,10,plain,none,mixed,2 3 5 5 6 7 7 16 18 31
AA1W6Y24YIZ4HE0EdHY1GfvF4XHTDMi9XK,10,distinct,none,distinct,1 4 6 7 8 10 12 14 15 23
AA1W8gaDWCZsb75eWY50GjsboKYO3KWY09,10,plain,none,mixed,1 2 3 3 9 10 13 16 16 27
AA1WO2eMUagHaL4GaOA294bWqXVzF0WQGH,10,plain,none,mixed,1 1 3 3 8 10 11 15 22 26
AA1WO314LoLWplo5WKm21-P2a88r38pIs8,10,plain,none,mixed,1 1 2 7 8 11 12 14 21 23
AA1W6GvY685pOla4N924J8MQc3B6bSHa2Z,10,distinct,none,distinct,1 3 4 8 10 12 13 14 17 18
AA1W8Gd903WX62o4eJGCXNAM9XC4uXcQCn,10,plain,none,mixed,2 3 3 5 6 9 10 12 24 26
AA1WKCWA1Ta7GwWr1GX8daU14UPB5H08Sa,10,plain,none,mixed,1 4 4 6 6 7 12 16 18 26
AA1W4WO5ZCbKaYTySo410k9XfoWQnWq5Od,10,plain,none,mixed,2 6 7 8 10 11 13 13 13 17
AA1W8aHDva4OKoWP1KI4cfqk5Yg38cmiKK,10,plain,none,mixed,3 4 5 7 10 10 13 15 15 18
AA1W50DGK9Yc5Hi_Qv8H3M28IYaZPbXyWH,10,plain,none,mixed,1 2 4 5 6 9 9 18 19 27
AA1WBH42WP5RKL3ei441G92QCMSBFDWA10,10,plain,none,mixed,1 2 4 4 6 8 8 15 24 28
AA1WGfQGGa67B2PI8B02GAwRCJawqJ2YG5,10,plain,none,mixed,1 4 5 5 7 10 11 15 19 23
AA1W6Wo5GF10GE08B7G10910E9JL84WO2W,10,plain,none,mixed,1 1 3 4 4 5 8 16 29 29
AA1W1O814PfLEa4GXB18Wf50X5fB308a12,10,plain,none,mixed,1 1 2 4 4 4 17 20 22 25
AA1WC9GEtnaIJAOP2mG21072KcX68o5CLG,10,plain,none,mixed,1 1 5 5 9 12 12 14 15 26
AA1W8C0648IBHIKfHS08cdnIIQXi1891qX,10,plain,none,mixed,1 1 4 6 7 8 8 16 17 32
AA1W1mJ20f4vqbXCaaH0WA1GMATAb0XID0,10,plain,none,mixed,1 3 6 7 7 9 9 14 16 28
AA1W19LYgN86O7DGsm5XFStuf4qHWfc4e8,10,plain,none,mixed,1 1 3 8 10 10 11 13 15 28
AA1WY4VTuG48n5HOB1uO10G14Uf8WX4X1m,10,plain,none,mixed,1 1 2 5 6 11 12 15 20 27
AA1W34HH1HXXICg2GD1YAmEf493ma4SXJa,10,plain,none,mixed,1 1 5 6 7 10 12 13 19 26
AA1W1aMHWS30L0d46W2XIE9XA9F26KHIA9,10,plain,none,mixed,1 2 5 5 11 12 14 15 17 18
AA1Wn6mE46uaUMH4GI5H1WRneabqDWdA9G,10,plain,none,mixed,2 2 7 8 9 10 10 15 17 20
AA1WGaBLi03sHIHXg2W1VmEfqMwWg2mZX2,10,plain,none,mixed,1 1 5 6 8 10 12 12 21 24
AA1W23ZZi8S9aYblS8aM2QbACrTdmDIQaX,10,plain,none,mixed,2 3 6 7 8 9 10 14 14 27
AA1W8ZeL0810Kq27j4YWaAOr5HIIYOD1GC,10,plain,none,mixed,3 4 5 5 6 6 8 15 22 26
AA1W38G2105Wu52b1S9CfaCHY90GaqMYeG,10,plain,none,mixed,1 3 3 3 5 12 14 15 19 25
AA1WQ1HI57OX29GTuPG3HvnH48a3XjRap1,10,plain,none,mixed,1 4 5 6 6 10 11 13 17 27
AA1WL4eAibutXInRFH4e28qdA6BuFg1NG6,10,plain,none,mixed,1 2 5 5 9 9 14 14 18 23
AA1WB1Q5Hn68nt28H680W903WGXa50ej4G,10,plain,none,mixed,1 1 4 6 6 8 9 12 17 36
AA1W3GSBv7ewv9H38L24eK3YGH1GGaKHG4,10,plain,none,mixed,1 3 3 5 6 8 15 18 20 21
AA1W0W80W9B9uoGGw4W50c58g6OWv38OYq,10,plain,none,mixed,1 3 4 6 7 7 12 13 21 26
AA1WAXe8MI3eT2P32o80PZ0J4eaBqI95GW,10,plain,none,mixed,1 2 2 2 3 11 12 16 20 31
AA1W4I2Wq3WI2GooLH562GWi40e70h8490,10,plain,none,mixed,1 1 3 7 8 8 8 11 12 41
AA1WX1IHncDXY2FGY2m2aLwGCBlGK0mX44,10,plain,none,mixed,1 4 6 9 9 9 12 12 14 24
AA1W0G310ZuP2ed8f2e50R5WX810OZ8Q4G,10,plain,none,mixed,2 3 3 5 5 5 7 17 26 27
AA1WYHIp8QN1gL9Q1GPILIrmm2Y34GYReG,10,plain,none,mixed,1 5 5 8 8 10 11 16 18 18
AA1WAWr6CYxoGeoBeY48mP4yOF0G4oOOM4,10,plain,none,mixed,1 3 4 5 5 10 10 14 17 31
AA1W20T6CQ8nWtNGQ2mD1291rK58Kaqh0O,10,plain,none,mixed,1 1 6 7 9 12 13 14 18 19
AA1W28cs6YfxUK4WQY942M50xoBASV8a0H,10,plain,none,mixed,1 1 5 7 10 11 11 12 15 27
AA1WW2aYI6afrQWN48YH7uZa8KHmE6Ark4,10,plain,none,mixed,1 3 3 4 7 10 15 16 20 21
AA1W51QaKcw9gn5CWa212KLc2FNQeaXN28,10,distinct,none,distinct,1 2 4 6 7 11 15 16 17 21
AA1W0GLAIwg_dmn7mX80eYAweQ50aEGHKa,10,plain,none,mixed,4 4 4 5 7 8 11 12 21 24
AA1W60S0WJQ0h8PoYKi4GW60QXhPe11E14,10,plain,none,mixed,1 1 1 2 2 9 12 20 26 26
AA1W2UZCOq49Wi6P21mHK2GXHaX28WaCXI,10,plain,none,mixed,1 2 3 3 9 13 14 16 18 21
AA1W2OIaCQbKOX4mn0XI0H2GIUeFC9XQCG,10,plain,none,mixed,1 2 3 5 8 13 13 15 20 20
AA1W5JbPLeZoUY9qX198HTWgY8XYn0cvn7,10,plain,none,mixed,1 3 4 5 9 9 17 17 17 18
AA1W99FN1qnnmA188c440HU8eI0qQKWI4G,10,plain,none,mixed,1 1 5 7 11 12 13 14 15 21
AA1W0295v1M88ZYQr28XK5MBHKIOgMUh68,10,distinct,none,distinct,1 3 4 5 8 10 13 14 15 27
AA1W485GbqIPAHsBmmbKh0F8Xe4GWoeKeI,10,plain,none,mixed,2 3 4 6 6 7 9 15 23 25
AA1WWd84Wmc65rINex4427Y2IPpOxWG38L,10,distinct,none,distinct,2 3 5 8 9 10 12 15 16 20
AA1W4H1eI1f4WGerdCJQ0gCqM38S5uXy18,10,plain,none,mixed,1 4 5 6 7 9 12 12 19 25
AA1W2eeA20gB1OIYE9G50uCJbiIGY0G3KX,10,plain,none,mixed,1 3 3 6 7 7 10 14 23 26
AA1W90K9GHeESA6W49X4WA3dbyXGn2GQ2I,10,distinct,none,distinct,1 2 4 6 7 8 10 18 19 25
AA1W0O5OP48F280nHI9HII9IEHYAH7e6PK,10,plain,none,mixed,3 4 4 8 8 9 10 16 18 20
AA1W70E95Gb4GP0F28aS28GWeZ9xWg3Wi2,10,plain,none,mixed,1 1 3 4 5 6 13 18 22 27
AA1WWWmyH1clXkgD10GmHkM14b6LooeD0I,10,plain,none,mixed,1 1 3 10 10 12 12 13 19 19
AA1WY4n904HWK5WQ344U1n8A1XgOCuE168,10,plain,none,mixed,1 2 2 2 4 10 10 12 22 35
AA1W62ve60e9d1Q8JAOecKE28Y2IZCHWgY,10,distinct,none,distinct,1 2 3 5 6 7 11 13 24 28
AA1W5Ce60gOsb4nBA1mY28K2K4hc4W8BL4,10,plain,none,mixed,1 1 6 7 7 8 14 17 17 22
AA1W4W-46K3H89YNkz188Y8XIgAqZ3neb0,10,plain,none,mixed,1 1 4 4 13 14 14 14 17 18
AA1W8WIrBGC8X3Gh4w8820KFHzW8OV29Ab,10,plain,none,mixed,2 3 3 5 6 8 9 10 25 29
AA1W0m10565so7VBr1G6X9Aet60b358WI8,10,plain,none,mixed,1 3 3 5 7 8 9 9 15 40
AA1W18l6c8fEK35eeQa9W9E15mNM95HQHX,10,plain,none,mixed,2 3 4 4 6 7 10 18 22 24
AA1W488UcKAeIikUoa4K3CDALhE4GGu5qI,10,distinct,none,distinct,1 3 6 7 9 11 12 14 16 21
AA1WAB4LGb7GCo7C9KaWK98V4ogjDdJa10,10,plain,none,mixed,2 6 6 6 6 9 10 11 19 25
AA1W6Wi9HaUBIXZmR0a5Wa1B4YOkih820W,10,plain,none,mixed,1 1 3 4 11 11 16 16 18 19
AA1W1I9KGK5CfQKfGJYY4E8XDSIEM3mdoW,10,plain,none,mixed,1 3 3 8 9 10 12 14 17 23
AA1W21n7Wgu45WnIwaQGYcIiWa1aGfJ76m,10,distinct,none,distinct,1 2 4 6 8 9 10 13 15 32
AA1Wb28j5u6gJUdnb0K0Ea6IOaj348S1WY,10,plain,none,mixed,2 2 3 6 7 11 14 17 19 19
AA1W4GI2nz8a49QXcDC0GQ3X5aHX5YbD90,10,distinct,none,distinct,1 2 3 4 6 7 10 15 25 27
AA1WYQGX1pKoCnWAg64176EPG63J0eagGo,10,plain,none,mixed,1 3 3 3 9 10 12 13 22 24
AA1Wg4W0WGynOY4bKZ4K4Qb0HsZCQWZ2OL,10,plain,none,mixed,2 2 3 4 10 11 12 12 19 25
AA1WWY9TxG1uO4cqwZ80C44I19PqhgWA6W,10,distinct,none,distinct,1 2 4 5 7 8 9 14 19 31
AA1W70LZ68aJ9arGA4eGPO40zY1LtamZY4,10,plain,none,mixed,1 1 4 5 7 12 15 16 18 21
AA1WK4Q55W3EaY8I2OO6d8Q2ml3XY48Hgo,10,plain,none,mixed,1 1 2 8 8 9 9 19 21 22
AA1W36JI1mD3aSK6MK5IaJ8e98sbIgAWA1,10,plain,none,mixed,1 1 4 7 8 11 11 15 18 24
AA1W4GJ2N4IA4G1mkwW4H1CfWieH29w7EA,10,plain,none,mixed,1 1 2 3 8 12 12 15 18 28
AA1W1098W8kYS8KY68bHYwKHUDP9UA8GM0,10,plain,none,mixed,1 1 3 7 9 12 16 16 16 19
AA1W0ay-XK8IbSeYy1WWH1In9Y6mc0q2G6,10,plain,none,mixed,1 1 5 5 6 12 12 16 20 22
AA1W2CXeK4XXK-XiC1OXWK331f1LCHGI4G,10,plain,none,mixed,1 1 1 6 8 9 10 14 24 26
AA1W0HXrI5hbJPJK1GPGJgK428HlIJ4wOg,10,plain,none,mixed,1 1 3 6 9 11 14 17 18 20
AA1W9945f9qpXWN57Wm60g2ZgGA2i8K7c2,10,plain,none,mixed,1 1 1 8 8 11 12 14 16 28
AA1W1GL1PR5oH911aGo8P0B1oAEe2caAqe,10,plain,none,mixed,1 1 3 4 5 9 18 18 19 22
AA1W1GSx0u12unB8HnIGX8IvG55HHCA104,10,distinct,none,distinct,1 2 3 4 8 12 15 16 17 22
AA1W61S4X8GfMTZWP2HD1eEFG3IBiWG30f,10,plain,none,mixed,1 3 3 8 8 10 11 18 18 20
AA1W52eF124eYf0Q1ea9X4uae8A79Hv2ua,10,plain,none,mixed,1 1 4 5 6 9 11 13 16 34
AA1W2WRYoQiMfu91mE243cIIeM4GT4eZA8,10,plain,none,mixed,2 4 5 7 8 11 11 12 13 27
AA1WaXCBtkEl50G81eWb1G550AAXWoD48B,10,plain,none,mixed,1 1 4 6 7 8 11 12 14 36
AA1W308n2cCXm4v46Wa928D1U1KHA8e8X8,10,plain,none,mixed,1 1 3 4 9 11 13 15 20 23
AA1WC128JX293siEYWGB9G7b4b4NYSQ8XW,10,plain,none,mixed,1 1 2 3 10 10 13 18 19 23
AA1W518Go6gYaGK4IaHGYtI4W70AHIjC9W,10,plain,none,mixed,2 2 4 6 7 9 10 15 22 23
AA1WIaeaoHa0HI0aJW4JDf0m6kn5um0O2u,10,plain,none,mixed,1 3 3 4 4 7 8 11 23 36
AA1W2G72D5UGp8X4WI0C8Z2HeA7ez0YLCH,10,distinct,none,distinct,1 2 3 5 6 10 14 15 20 24
AA1WGqACud-b2GGa8OJ56GLXNKAGo0s4I0,10,plain,none,mixed,2 2 5 6 8 11 12 14 17 23
AA1W4V5elAxWd1GwGa9251IKI3WgBCgA09,10,distinct,none,distinct,1 4 5 8 9 10 11 15 17 20
AA1WGX6C8H0g9W9AviBY4UWf4OYaN4RJWA,10,plain,none,mixed,2 2 3 6 9 9 10 12 12 35
AA1W5A52k1mIy8Z23e29WSvNAQG9YHNCu4,10,plain,none,mixed,2 4 4 5 7 12 12 13 16 25
AA1W1c4ZSb5WaKcGs204i4HIASeWw2aCY4,10,plain,none,mixed,1 2 4 4 6 7 11 18 19 28
AA1Wm50FEKsYwNaer0m2J7mH2K25A1S8Y4,10,plain,none,mixed,1 3 7 7 7 8 12 16 19 20
AA1Wa0NW0a20fYEH5Xi17AvdDsqwa32eJG,10,distinct,none,distinct,1 3 4 7 8 9 12 15 20 21
AA1W38e2no9IuiWYGC12WT2nAs1eR2K4KW,10,distinct,none,distinct,1 3 5 6 8 9 11 13 21 23
AA1W0S3Gg6FqLDI8cYHgBA5uN50I52BBu6,10,distinct,none,distinct,3 4 5 7 8 10 11 12 13 27
AA1WC0G2oUGI47emcEG8121SBWXe4YO917,10,plain,none,mixed,1 1 1 4 5 8 16 16 17 31
AA1W88X8Ce20i5W90O4Sg5Gl568nAvB98C,10,plain,none,mixed,1 2 5 7 7 7 15 18 19 19
AA1WXS4GGmAz1uM9f6W12OAPq2fbiJIbmK,10,plain,none,mixed,1 3 4 5 11 12 12 15 17 20
AA1W4a9IC6xMa4mrye88N9aKHYdYESOeX5,10,plain,none,mixed,2 5 7 9 9 9 12 13 16 18
AA1WGmc8iBXO50jG5X22H6et38P5An5IX0,10,plain,none,mixed,2 5 6 6 7 8 11 12 16 27
AA1WA8mB2KEw-ibGL180G8EUf1oU8W844G,10,plain,none,mixed,1 1 5 5 9 10 12 19 19 19
AA1W8oAebZ88D4DW86WGGbqXJ70us1eP2a,10,distinct,none,distinct,1 3 4 7 8 9 10 16 17 25
AA1WG21b38KYYb7mQ2GOH8HZfAPKN2OH48,10,distinct,none,distinct,1 5 6 7 8 11 12 14 17 19
AA1W2O51FE3HaR3yCIa90e9Om5aIvWteW4,10,plain,none,mixed,1 2 7 8 9 9 9 14 18 23
AA1W48t7148X761eX0G0830PDePFP4OI28,10,plain,none,mixed,1 2 2 5 6 9 12 15 19 29
AA1W4q6XPAYKOfIY9128LciqA1WiIOJP18,10,plain,none,mixed,1 5 5 6 6 8 10 10 22 27
AA1W490SaID8GI0u34G2PoNrEV2rG30K6G,10,plain,none,mixed,1 1 2 2 6 13 13 13 17 32
AA1Wn2yVGYCKbKiPIAIY0UA2WWX4WoI0OO,10,plain,none,mixed,1 1 5 8 8 9 13 16 19 20
AA1W90n4XOT3IdXJKf60W84TS4_LvCEYgG,10,plain,none,mixed,4 5 6 7 8 9 10 13 19 19
AA1WGnA4y76hjovCNIYL34wn8KITo0g8Y0,10,plain,none,mixed,5 5 5 6 8 11 13 13 15 19
AA1W0jAAgLJGC1bYaJ1IaHe47WcK67KiA0,10,plain,none,mixed,1 2 4 4 5 9 15 15 16 29
AA1W4821L1O8KZafY04B8m41GgrBnUMAq4,10,plain,none,mixed,1 3 3 3 4 9 16 17 20 24
AA1WY58fulI0fAB4AC0GX5ETvYC-GmaGWp,10,distinct,none,distinct,1 2 6 8 10 11 13 15 16 18
AA1WAXAZG4f9fKr5Z64I1aDBNPS8DT81Wo,10,plain,none,mixed,1 4 6 10 10 10 10 13 16 20
AA1W88a4E8eeqXaAuXY6195KxjLoZ2dK5G,10,plain,none,mixed,1 1 1 10 11 13 14 15 16 18
AA1WGkAaq6YJccFHK9XXGSHAM8Hu_1WX00,10,plain,none,mixed,1 2 5 6 6 8 12 15 22 23
AA1W2Hq8muSI3ugDh102eQ55MKn5Cte202,10,plain,none,mixed,1 1 3 4 11 11 16 16 18 19
AA1WA9N5YKCR3N0JGOaA1G4wVTJ494fKW9,10,plain,none,mixed,2 4 5 8 8 11 12 14 16 20
AA1W30A144KYWk28ZqI8Gk10474sUB2e50,10,plain,none,mixed,1 2 3 5 6 6 8 15 26 28
AA1W1WGdHWI1mY0W29CLXeF0HLz1G61eD2,10,plain,none,mixed,1 3 3 4 4 5 9 17 19 35
AA1WCnRFHmE4eH1A6YK1WK38FmXMen4WI2,10,plain,none,mixed,3 4 5 5 7 8 11 16 18 23
AA1WGODCnr8h3c66HJA0GCYE8qdC9qSP10,10,plain,none,mixed,1 4 5 5 9 11 14 14 16 21
AA1W4H30fSkKAeYHEAGSJ6OSS5vO42iWX5,10,plain,none,mixed,1 2 4 5 5 7 13 20 20 23
AA1WaILKed4WeIpa19oH688H5nm3356bOe,10,plain,none,mixed,1 3 5 5 8 8 9 15 18 28
AA1WKI5GH6KqbMZO9184m-8WaX42WZ4oWC,10,plain,none,mixed,2 5 6 7 7 9 10 12 16 26
AA1WGa6WqQKSY52Wi601qy1O94Xa948A1W,10,plain,none,mixed,1 2 3 5 7 7 8 14 26 27
AA1WK9GK2NIut4wGbM44GWowNw0E1v30b0,10,plain,none,mixed,1 2 2 4 8 9 14 16 18 26
AA1W4GHMIPXqAIYKY1C30hGA0e0hAPez08,10,plain,none,mixed,1 1 4 7 8 10 12 14 15 28
AA1W1RWa0ukAHX6AHH88oyaAGa5e48XaWC,10,plain,none,mixed,1 1 1 6 8 10 13 16 22 22
AA1W8Z711a93e3t8H4HX4FIHC7WnSY8WY5,10,plain,none,mixed,1 1 4 5 5 11 13 14 19 27
AA1Wy95A520W4Yau40m94Y4G2WlAvXu32O,10,plain,none,mixed,1 1 2 3 3 10 10 17 19 34
AA1W0GU4D9kWFXztl283H188KSDsI6YM22,10,plain,none,mixed,1 2 3 4 7 11 11 15 22 24
AA1WaWYyWj98c5APA4mm11GvqAfI57G90I,10,plain,none,mixed,1 1 5 8 9 10 11 15 17 23
AA1Wi148IXNGw491G90YGI8P4X4mX28T23,10,plain,none,mixed,1 1 1 5 9 9 12 15 21 26
AA1W28a9qPNWH7wgPC88ea2BIj0KHFrlO4,10,plain,none,mixed,1 1 6 8 11 12 12 15 16 18
AA1W4eeA0yOd9cS9Y9A0GH5BeGYhhWS2C4,10,plain,none,mixed,1 2 4 4 5 12 13 19 20 20
AA1WaSKyY4OIYcZWGYQAWOKXIn050ahXGA,10,plain,none,mixed,1 1 3 3 5 13 13 14 21 26
AA1WGmS4f4MXOA2E4E220HczRr2CYI4mT0,10,plain,none,mixed,1 2 3 5 6 13 13 16 18 23
AA1W2G9uM2915SeQA0W528CYRI-I4WqwHM,10,plain,none,mixed,2 2 5 6 9 13 14 14 15 20
AA1W42WxVTD9SLI2AI6a6W5x4F234vUI20,10,plain,none,mixed,2 4 4 7 8 9 14 15 17 20
AA1WK2XE4m4Zaic41Wo4HAQW8Geb4m9168,10,plain,none,mixed,1 1 4 4 8 11 11 16 17 27
AA1W2Wa3Q9IhKXI9f144Oi9HGw0eSPgKnG,10,plain,none,mixed,1 2 4 9 9 12 14 15 16 18
AA1WA04bcm58Xo8840MKX84aatxMC4Xa4a,10,plain,none,mixed,1 2 2 3 3 13 13 16 21 26
AA1W1A49D9LOUGv7eZ0jKfIWn289s8W2M8,10,plain,none,mixed,1 1 3 7 8 9 13 17 20 21
AA1Wr18I9a9Z4MwwFXd24GQM8T0XIZAP84,10,plain,none,mixed,1 1 7 8 10 12 13 14 15 19
AA1W8eO262PK6IJaI8I6992KaapilXc0y4,10,plain,none,mixed,1 5 6 6 7 9 10 16 19 21
AA1WCX8f0a8yvBed208P0O31igL5h0I4W6,10,plain,none,mixed,1 1 3 7 7 12 16 17 18 18
AA1W218L7888Q4KHY9IucXaBmFbm1082eY,10,plain,none,mixed,3 3 3 5 6 6 10 16 23 25
AA1W31T6ACfH9Gy8Y2GMIbT50m12JbugW4,10,plain,none,mixed,1 3 4 8 8 8 11 14 15 28
AA1W0C4GA4kN1o5DIXGmIW6uO50N2lowIC,10,distinct,none,distinct,1 3 4 7 8 9 11 12 14 31
AA1W9S3W46A1mcBHI8mX0i5iJYqW410K0f,10,plain,none,mixed,2 2 3 3 5 6 9 9 28 33
AA1W1964ePoAgIYITWe40m3EQf5w8CEI4G,10,plain,none,mixed,1 1 1 2 11 14 14 15 18 23
AA1WGGX4RpU6R8vOLB010GfKN8eh7enmeo,10,plain,none,mixed,3 4 5 8 10 11 12 12 17 18
AA1W99HMBHQvaDcaegI894IR63490eY2O1,10,plain,none,mixed,2 4 5 5 8 12 12 14 16 22
AA1W488D1Sv1mhWQ3W45WK4YGf5n9Ga4KY,10,plain,none,mixed,1 1 1 7 7 9 16 18 19 21
AA1W8nmAD8eaCXi-KiMA0J220Wf2E5GAwO,10,plain,none,mixed,1 2 6 6 8 9 9 13 16 30
AA1W291yFpc4eb2xMyGGA44E1cXH8v448a,10,plain,none,mixed,1 1 4 7 10 10 15 17 17 18
AA1W09WsM8gLPAqL2iG4AELq28IYVJnJk2,10,plain,none,mixed,1 1 6 8 8 8 12 15 20 21
AA1WA4R40Gf4LaaI6KeKCMYmcTanI24WAP,10,plain,none,mixed,1 1 4 7 8 10 11 15 17 26
AA1W90Ox44WWU58910W6Y48c4n9HB8H187,10,plain,none,mixed,1 1 1 5 6 11 11 19 21 24
AA1WG184m50duKF8r32HAKnaJwdCAgbSY8,10,plain,none,mixed,3 4 4 5 5 11 13 15 16 24
AA1WO13A187p64WK710A1Gf0v4pHKIAcIo,10,plain,none,mixed,1 2 8 8 8 12 12 12 18 19
AA1WXK8WZqak-e60e2G49H5n9698Q08Y4m,10,plain,none,mixed,1 2 2 5 6 9 11 15 18 31
AA1W409XIACGy45eI2BO16CXIjbt91GKCW,10,plain,none,mixed,1 1 5 5 8 11 11 15 19 24
AA1WaK5qKW20CBbmT4851FHY1ibUeZGo4G,10,distinct,none,distinct,1 2 4 6 7 11 14 16 19 20
AA1W109D8Wa083WK4vWMA1GB0AHS0W91L9,10,plain,none,mixed,1 1 1 2 3 8 12 14 27 31
AA1W4Wb47W2082mR7X4C0W80XaKPXYEGa2,10,plain,none,mixed,1 1 3 4 5 7 8 14 28 29
AA1W97qoZm1q918I4GaBC14B1iHag0X2WC,10,plain,none,mixed,1 1 1 4 7 8 11 17 19 31
AA1WO4G5Y8fQahz5j0R56HVFIZAKHHKD9I,10,plain,none,mixed,1 7 9 9 10 11 12 12 14 15
AA1W0XG9b48Qd0WSaGWAGn5CPWU5eRpPJY,10,plain,none,mixed,3 5 5 5 6 8 9 9 15 35
AA1W50uX040YJXMaAGuQ2QGY7mmSA8t50m,10,plain,none,mixed,1 1 3 4 8 12 12 13 15 31
AA1WHHgHW90aOZ2AGK1B15ma4GYG6p68ea,10,plain,none,mixed,1 2 5 6 6 7 8 19 20 26
AA1W6A9nU4j2Q8A31E8GGpZaW248TIABXH,10,plain,none,mixed,1 3 5 8 8 8 10 11 19 27
AA1W4fYxaZe4W8OI3Wi92GA4yOf2G72b14,10,plain,none,mixed,2 3 3 7 8 9 9 9 20 30
AA1W4LHLX0tk50O2WXGLK9-9Gy1HK9AeZa,10,plain,none,mixed,2 3 3 4 9 9 10 13 16 31
AA1W4Wl69KAXI99KI2G1081HE9pAeoGX14,10,plain,none,mixed,2 5 6 6 6 6 10 15 21 23
AA1W40C2gr11OSJ0e0X68oB1Db6mn0e4Y5,10,plain,none,mixed,1 1 1 8 8 10 13 16 18 24
AA1WGWO8P4RbmRWG0Z820Oak8o2cpV4mb4,10,plain,none,mixed,1 3 4 5 6 13 13 15 17 23
AA1W8d2QeH4HAGA2abYG4291PDIAILJTYW,10,plain,none,mixed,1 2 5 6 7 12 13 13 20 21
AA1W2A4GhrUW6r58ZX0Xa539F3T8fEInGg,10,distinct,none,distinct,1 4 5 6 8 9 10 16 19 22
AA1WD4afXFJ48B2YJ12H5GigeLoLaOZ8Wa,10,plain,none,mixed,4 6 7 7 7 8 12 12 18 19
AA1W14k3YGIo64qMIWqGi3fTBOoGg2YW40,10,plain,none,mixed,2 3 4 4 4 5 9 20 22 27
AA1Wr0YIPZ60m508mf84icSg4S0OYSI6In,10,distinct,none,distinct,1 2 4 6 8 12 14 16 18 19
AA1W58ej4CBYoXALngA8QiN1820kA0L1a1,10,plain,none,mixed,1 1 2 6 10 12 12 17 17 22
AA1W09YIInUYBA4eD40GI5PjsIOl60mj4G,10,plain,none,mixed,1 1 2 6 7 9 12 13 23 26
AA1W4X78_0O3kJOOmG84X72aC2WQ1TJWX8,10,plain,none,mixed,1 2 2 5 6 7 13 14 18 32
AA1WWK3OZQi02KfaSGg6IYHeO6XK6hxW2C,10,plain,none,mixed,1 1 2 3 6 9 10 21 23 24
AA1W68dPXIDm8adOaOW915GOLrJCLrIKOY,10,plain,none,mixed,1 1 7 8 8 9 12 14 16 24
AA1W30VBaGM5G5mJ4WHI3uP0O5y89aBGi2,10,plain,none,mixed,1 1 3 5 6 7 13 19 20 25
AA1WA94220sWQMYWQ1C28XBJOSqbdkGn28,10,plain,none,mixed,1 4 4 4 5 9 14 14 19 26
AA1WW24WWh22GK3WIocG70AfJ7OWC4Yi50,10,plain,none,mixed,1 2 2 3 4 6 8 20 22 32
AA1W1HLnmL9P40EOL62HPCHCXaJacgjxX0,10,plain,none,mixed,1 4 4 4 5 9 15 18 18 22
AA1W3Oc2sRe-g5mKnam21Q48nqW7l84Y10,10,plain,none,mixed,1 1 4 4 7 10 15 17 19 22
AA1W948eqGXxicQ2OL086TnHG8WeI3eIgf,10,plain,none,mixed,1 3 5 5 6 8 10 15 21 26
AA1W51EKJ2QLkb4JWa2I2G2782WcMKh2mK,10,plain,none,mixed,1 5 6 6 8 10 11 13 18 22
AA1W8P2kaIZXKaeX58a5YGI18H8X2Jd0y8,10,plain,none,mixed,1 1 6 6 8 13 13 16 17 19
AA1W2DnRWv7MwXAWI9aY2SACGPuaG11DA6,10,plain,none,mixed,1 2 3 4 9 9 14 15 19 24
AA1W4a9BXD5WQZ0O2e88d8v5eB23mBIPKf,10,plain,none,mixed,5 6 6 7 8 9 10 13 16 20
AA1W40e6_8XmxKpAdsW21351EYN9BobA28,10,plain,none,mixed,1 3 4 8 8 10 13 15 15 23
AA1W28HfD512YfnQuq8M0-6gUHo8Euv400,10,plain,none,mixed,2 2 4 4 9 13 14 14 18 20
AA1WWq9H8HAF0tWu4XKA3420v6H9XO4WYK,10,plain,none,mixed,2 2 3 3 4 7 11 16 25 27
AA1WB1298G2Ccp38X0W0uI31UBz3n6GH1u,10,plain,none,mixed,1 1 1 6 7 10 13 19 21 21
AA1W5eh92i5ijY0868m4WmA3G5Gc94WK0B,10,plain,none,mixed,1 2 3 3 8 9 13 14 21 26
AA1WOL24Ze91860dWH2Kad8w-60y8Y20W6,10,plain,none,mixed,1 3 3 5 8 10 11 15 19 25
AA1W2VFKqsQGG25upn2GbX6MbmR6e8YI0G,10,plain,none,mixed,1 1 2 7 8 9 9 12 24 27
AA1WWmY7fH79E96uI0m0K4Wzp6YYA68I0G,10,plain,none,mixed,1 1 5 7 7 10 11 14 21 23
AA1WGXE51Y9sI4WwIXH20OYRo70qgJlWC0,10,plain,none,mixed,1 1 3 4 7 15 15 15 17 22
AA1Wp17BEOV7e_184GD65445Ygg9aIZa1X,10,plain,none,mixed,1 1 5 6 7 12 15 15 18 20
AA1WY24GoKERm20mX5O2KI5GB4j2e1WM2W,10,plain,none,mixed,1 2 2 5 9 9 11 13 19 29
AA1W2GL1eXzci8cYSD14GD4mTC3W15aCL0,10,plain,none,mixed,2 3 3 4 6 9 13 14 23 23
AA1W8aB0G1hocYKm42GKKOX8v4uOt2GiY4,10,plain,none,mixed,1 1 3 4 5 6 10 18 20 32
AA1W8GCGf3GWqfIa491914UsVo68GbkaM0,10,plain,none,mixed,2 2 6 6 10 11 11 15 18 19
AA1W2882CXsbhEyGL2O9WY204AUw50q664,10,plain,none,mixed,1 3 3 5 5 7 17 18 18 23
AA1W28Ui5GA6Af85OG2I0i6w8P4OIaIHM8,10,plain,none,mixed,1 1 6 6 7 7 11 14 20 27
AA1WIF958N0XyA4Ivne0M5WoH95o5H1CW4,10,plain,none,mixed,1 1 1 5 8 9 12 13 21 29
AA1W4GY4YaX1iKY8Gi44GpBXKD1eEo0003,10,plain,none,mixed,1 3 3 3 8 9 11 14 19 29
AA1W49Y28dl3qe61Ww8L2xKaGP1WA8gv8i,10,plain,none,mixed,3 5 5 6 7 7 11 13 14 29
AA1WA9SOb8IP2eWa62GOZe78L2AYiKeY0W,10,plain,none,mixed,2 3 5 7 9 12 12 15 16 19
AA1WJ34H1eaz840WQ0E18fTKnfP9s2HK2G,10,plain,none,mixed,1 4 5 7 7 10 10 11 20 25
AA1WA144Z8eIkL4P9I90ms8VGmY2U5eeT4,10,plain,none,mixed,1 2 4 5 6 9 17 17 18 21
AA1W0c4ALpGqvNM6nE5OauKX4624IQaBGY,10,plain,none,mixed,2 3 6 6 8 9 9 16 19 22
AA1W001b2OYsSU7m1mYGXg70oVAJ5OY26G,10,plain,none,mixed,1 1 5 5 5 6 8 15 19 35
AA1W4YgqM716mWqi8Y5GGqXiEhbKSM94f4,10,plain,none,mixed,1 2 5 8 8 8 8 11 22 27
AA1W42AE9agA939I8Wa10uq4LsdQOocqb8,10,plain,none,mixed,3 4 8 8 9 9 9 14 15 21
AA1Wg5EGq4bbG2GZ1uGH1OJ087qZIC299D,10,plain,none,mixed,2 2 2 4 6 9 10 20 22 23
AA1WD4KYJnU4F4WeX1CWLRZPAZ28og8A0e,10,plain,none,mixed,1 3 4 4 10 13 14 15 15 21
AA1W2ARIbq8o5K5GK0Xab2AvX5o8X6WI09,10,plain,none,mixed,1 1 5 6 7 11 11 12 21 25
AA1WC0W9n4Av3GHIAmK28H3kW40MQnLK28,10,plain,none,mixed,1 1 4 4 8 11 11 16 22 22
AA1W10FHiFXKI6bFwCYHZ208418MaJAaeW,10,plain,none,mixed,3 3 4 5 8 9 9 10 12 37
AA1W2880YZSLqJDY8928nS4WA8bGRXK8ye,10,plain,none,mixed,1 1 6 7 8 9 12 16 18 22
AA1W1Cb94K8dC91b2UWQ4fc7Yiy4Ra2WA4,10,plain,none,mixed,1 1 2 5 7 10 14 16 22 22
AA1WQ3WC4IZ58PbGb9Q21DOeIg8c5WW892,10,distinct,none,distinct,1 2 3 7 8 9 12 15 20 23
AA1W1WA6jHIIAGy0G20497D18H2O37KCYC,10,plain,none,mixed,1 2 3 7 7 10 11 12 17 30
AA1W2WIIA4BAI9CpZJ0GI77mZ4fUCC1JZY,10,plain,none,mixed,1 3 5 5 6 11 11 13 19 26
AA1WK280ZH0KcTE20W9RZI71KebaTes515,10,plain,none,mixed,1 1 4 6 7 12 14 17 17 21
AA1W40I6IEX4AIKRIKK50l810m1A4X5cao,10,plain,none,mixed,2 5 6 6 6 7 11 13 15 29
AA1WWa1Z6e57zxJISGq1Wm89OAI5PFGx91,10,plain,none,mixed,1 1 2 7 8 15 15 16 16 19
AA1W1GHb4W25GMSjO0aE2UIABCd40G5XAB,10,plain,none,mixed,1 2 3 3 8 10 14 14 15 30
AA1WE46Ge61maSGeaIH9N9Wa82CHcuVuC0,10,plain,none,mixed,1 1 3 4 6 10 13 13 19 30
AA1W81K19oIEYma4iaM00L5BAMF0e38MBH,10,plain,none,mixed,1 2 2 5 6 8 12 12 23 29
AA1W0Cy4Wg8OfHIzX0GmG31Oxeh3cbsfHa,10,plain,none,mixed,1 6 6 6 7 7 8 11 16 32
AA1W4GWE5MPsBT4BW8198q2Y8uaaYL21WO,10,plain,none,mixed,1 1 4 4 5 13 13 14 21 24
AA1WSIyLZB9XSIc84uG0W2b1GIS69qZ88Y,10,plain,none,mixed,1 1 6 7 9 12 13 15 17 19
AA1WeJGGX5ZemcEqlCv14qUKHW6WoL48WQ,10,distinct,none,distinct,2 3 4 5 6 10 12 18 19 21
AA1W4WhcSIL3eeYeoWaG8l2GECR0jnWe40,10,plain,none,mixed,1 2 5 6 7 8 10 18 18 25
AA1W1987eaaIKE4TfmE60L1k6pLCXcqmn0,10,plain,none,mixed,1 3 3 4 4 7 17 17 20 24
AA1WaHZL9AGayLb1EK41SK_1T1GHKgXCKa,10,plain,none,mixed,1 4 6 6 6 8 12 14 21 22
AA1W0HFG51fSe9H2aHOXbFvwIHA8agbJ58,10,plain,none,mixed,3 3 5 7 8 10 10 12 20 22
AA1WH581k96AXCHjD9a67GL4WYaa8Q6HH5,10,plain,none,mixed,2 6 6 7 7 10 11 14 18 19
AA1Wj28X18HvK8HKAfC27GE4C1WP10i30h,10,plain,none,mixed,1 1 5 7 9 10 10 15 20 22
AA1WK5C5GjQ1GBWbb0IKSW26qYCaXRZ4Ha,10,plain,none,mixed,1 1 3 7 9 13 13 13 20 20
AA1W48G2faw04X4CNKQ30Z6H2i8o7Y2G50,10,plain,none,mixed,1 1 2 5 5 6 16 18 22 24
AA1W11e59r9APNR2eb4GI0ILK714D0A0p2,10,plain,none,mixed,1 2 6 6 6 8 14 16 20 21
AA1WI0v4XaAI1GGY4Ou0W4YbKcAWaFXx92,10,plain,none,mixed,1 3 3 5 10 10 11 12 20 25
AA1WI2Wy2YDmepq41028IASmMXmA6uP8X4,10,plain,none,mixed,1 1 5 8 9 10 11 14 15 26
AA1W914naHba4H1J6c88A88h3UBMjy4WLa,10,plain,none,mixed,1 1 4 6 8 11 11 13 22 23
AA1WX4Tu850b4w2CH4W92LB24GiDHr0e4W,10,plain,none,mixed,1 3 3 3 5 6 10 12 26 31
AA1W5GG4yX85W5bQqWqEW91Gqmw2n56GWa,10,plain,none,mixed,1 1 2 8 8 9 10 12 21 28
AA1W9A2mYoD2AARIWc8G13dWI8GecFoX0C,10,plain,none,mixed,1 1 3 6 10 11 14 15 19 20
AA1W3W3WGIEX5zJGT62GX98HXBqQ3ibX2G,10,plain,none,mixed,1 1 4 6 9 9 12 16 16 26
AA1W9X7OCC41G8KZJoG6XII1CFHXaJ1fYA,10,plain,none,mixed,1 3 5 5 9 9 12 15 15 26
AA1W6GHiAA4rSIXW8408YTUfgpWGD14kWq,10,plain,none,mixed,1 2 6 6 7 9 11 13 20 25
AA1W0W51B68lHGttGH49XI5f28XQRG3DL4,10,plain,none,mixed,2 4 6 6 7 7 12 17 18 21
AA1W0gAWpz9CQK4Wu10WdT7HA51Or08h48,10,plain,none,mixed,1 1 6 6 8 9 11 12 20 26
AA1WAGqBHC9P9ifom801G50sY5Zg6NU5G5,10,plain,none,mixed,1 5 5 8 8 8 10 15 19 21
AA1Wv0m5M60W3mLYCX88Ke8b48F188oIIA,10,plain,none,mixed,1 5 5 6 7 8 9 11 12 36
AA1WJ9X4WScXDYPK4KY0uwdIagqeA2EGWG,10,plain,none,mixed,1 1 4 9 9 12 14 14 16 20
AA1W1ab384XIMA2Q4H0q8H1uBn5IUWC5Df,10,plain,none,mixed,1 2 3 4 5 12 12 14 18 29
AA1Wf4pIfJqf48969KX2AWA5nSCX4JiXeG,10,plain,none,mixed,1 2 4 8 8 10 15 16 16 20
AA1WIJa2Xb6WKCYqJWS891OaeRKcaaW410,10,plain,none,mixed,2 3 4 8 10 11 11 13 19 19
AA1W8OVH5OHzmk28H4288rSdGuaqaAH42G,10,plain,none,mixed,1 2 6 6 9 12 12 13 17 22
AA1W18G0MZKZQxKY4G99Ga8XG2k5I2m9Ce,10,plain,none,mixed,1 2 6 6 6 7 11 15 17 29
AA1W0w4Nf2cIeaaNIw5d4AQ2mCYHB8HeY0,10,plain,none,mixed,1 1 4 6 10 12 14 17 17 18
AA1W54mWdOEa4GXQIHKZ0e8uGK7KUmN20G,10,plain,none,mixed,1 2 3 3 6 10 13 17 19 26
AA1WKXYq28HyXKL4RaG8ITmm5A9I4CKr6G,10,plain,none,mixed,2 3 5 5 6 9 15 18 18 19
AA1WX2HIHGI08ZCzHKA74t8Wa4LuCHaKqe,10,plain,none,mixed,2 5 6 6 8 11 13 13 14 22
AA1W2OLBSnabO2xK80GHJIQWDBfYVLWLW0,10,plain,none,mixed,1 5 5 6 6 9 9 9 20 30
AA1WCaaD2eE4majYSZGX2IU44HAeH0F185,10,plain,none,mixed,1 4 6 6 6 7 10 15 20 25
AA1WH92eZ6aKqL2249HY7eGqdYC81ZqWG2,10,plain,none,mixed,1 2 2 2 11 11 12 18 19 22
AA1W2CocRgHIIIXaXIJe23PoeXnJ0GAm11,10,plain,none,mixed,1 2 4 5 8 12 12 16 18 22
AA1W0WWA3GMIbX2GI5W48i8BWvCyd4eZ48,10,distinct,none,distinct,1 2 3 5 6 11 16 17 19 20
AA1WGXPbJn1O99P454OL9ef2YGDWDreoXG,10,distinct,none,distinct,1 2 3 6 9 11 12 14 15 27
AA1W012eLOqSaYaIMKHmaZY9n9Ga8XObiS,10,plain,none,mixed,4 4 5 5 5 9 13 14 20 21
AA1W80unIKKujAHeA9MH3834ONrK1HJLw4,10,plain,none,mixed,1 1 7 8 9 10 12 15 17 20
AA1W421f8YI9QC9HALHK9W-4W9XuL2eVS4,10,plain,none,mixed,1 1 4 6 8 8 16 16 19 21
AA1WI0mwmOv154WK50aC3Gq788mYAQSBX4,10,distinct,none,distinct,1 2 5 6 7 10 13 15 19 22
AA1WWHAbaaIN1Z1qGgA8cmnMKcK89ghJI1,10,plain,none,mixed,2 4 4 5 5 10 10 13 17 30
AA1WeQOX3Ip3GdHXSHI2Nk4jOgAKj5e4qW,10,plain,none,mixed,1 5 6 7 8 11 13 15 17 17
AA1W0aH8MmY20GGC4GAo3GMZqQz7en6H48,10,plain,none,mixed,1 1 6 6 7 9 11 12 20 27
AA1W118OoLXaiP80N8A68fGrAgCoGZC9eg,10,plain,none,mixed,1 1 3 8 9 11 13 13 14 27
AA1W90RJYIE1XB78Xg4H2D5K4bamFAwhJ3,10,plain,none,mixed,1 3 5 8 8 9 10 17 18 21
AA1WGGf1GK2MXtG412818LY4GIZ8mtaZ2O,10,plain,none,mixed,1 2 2 3 8 10 13 15 23 23
AA1W41348CXysk1mD5XaC4Wc8A1I299yAG,10,plain,none,mixed,1 1 4 4 7 10 11 19 20 23
AA1W6PB9JO_6Ouw19l10WX8qO5509P4H00,10,plain,none,mixed,1 1 2 7 7 10 10 15 21 26
AA1WW21GDqYqpPa8Y128bF8ugAGR29jAaC,10,plain,none,mixed,4 5 5 5 8 9 9 11 16 28
AA1W0qIAeq708I52H24Wo2Hp8J4Sax6830,10,plain,none,mixed,1 1 4 4 6 9 11 17 22 25
AA1W0m65IaWF18UX2448fgEXaGo58ha50A,10,plain,none,mixed,1 2 2 2 9 11 14 14 20 25
AA1WICI6996dKYkM40m0MKHJo4PY0Gaqmg,10,plain,none,mixed,1 3 5 8 9 11 11 12 18 22
AA1WD188aKu94g2MKI690K4rYCOhLOK2GY,10,plain,none,mixed,1 4 6 7 7 8 11 13 14 29
AA1W2WCHJX1EGKXY8o4HII4v2Dby5YdC0G,10,plain,none,mixed,1 3 5 6 10 10 13 16 18 18
AA1W4ZdIYad27JYGE4m4GpWQ2Q0e6Y8Y2O,10,plain,none,mixed,1 4 4 5 7 11 12 12 20 24
AA1W308UHI0G3UKHYGH8f4H1aL68H281uK,10,plain,none,mixed,1 2 3 3 4 14 14 15 15 29
AA1W38S3Yp6PA48We208H34Ow80G958Z1a,10,plain,none,mixed,1 2 3 4 5 9 11 17 17 31
AA1W4GHgjYC4468mB0a52GI0JhEQpD0C4i,10,plain,none,mixed,1 4 4 4 4 8 8 15 21 31
AA1WZL4aRp20aoYAnb44ne9Eeh04WEM62G,10,plain,none,mixed,2 2 5 6 7 10 12 14 15 27
AA1W2WQF4KXWbWa7Gq5D1JA2G94eB4GIgA,10,plain,none,mixed,1 4 5 5 5 10 13 14 15 28
AA1W4GK2iGL392uCHKAAGp10Ga1i8dAOYG,10,plain,none,mixed,2 3 3 5 5 8 10 16 21 27
AA1W4MY98Y1o8WqWZWqw1PwCHUpr5mqP08,10,plain,none,mixed,1 1 3 8 9 15 15 15 15 18
AA1WAQEX1a185Hoda1G5BgiX54iah2Y5a2,10,plain,none,mixed,1 2 4 5 8 9 16 16 18 21
AA1WY7W8WD8H8E2HCvYG20WneypgQGn4H5,10,plain,none,mixed,2 2 3 6 7 10 10 16 17 27
AA1WP138d2yHUHYfDQo80Gfua209Y7CGq1,10,plain,none,mixed,1 3 5 5 10 10 12 15 16 23
AA1WEZWi1GHn5aYgI03WFDF089qjdOd288,10,plain,none,mixed,1 1 2 5 6 13 16 16 16 24
AA1W2oms1XMd6Wb8J0OG9Nla2AGX4a821m,10,plain,none,mixed,1 1 1 1 10 10 11 17 24 24
AA1W9XY4K7XJzY8FY828uO228g5NDiJ4XH,10,plain,none,mixed,1 4 4 5 8 8 11 13 22 24
AA1W4WpwGiSwAXDvh8W0BC4ZJ4bXc1WZ2f,10,plain,none,mixed,1 3 3 7 8 8 11 16 21 22
AA1W90X9mH7j1NWa57891HBcL71apLer1W,10,plain,none,mixed,1 1 1 10 10 12 13 14 16 22
AA1W8SUGGe9SJab8KX856okDtZ2GixeX0W,10,plain,none,mixed,1 4 7 7 10 11 11 16 16 17
AA1WA2Glbuq3nS0yeD0GGGqYIIWgHXA9HJ,10,plain,none,mixed,1 2 5 6 10 12 15 15 17 17
AA1WIaKXyfgKfcC0W5025189m0YyKXaIWq,10,plain,none,mixed,2 2 4 5 6 7 9 10 19 36
AA1W65PnAAqH4GX438Zg0WJaI4QXeLIeQ0,10,plain,none,mixed,1 2 6 7 7 10 13 16 18 20
AA1WK0W74ZOeY1UEc1W88aYKpHBA8Xo2X8,10,plain,none,mixed,1 1 2 5 7 14 15 16 19 20
AA1W29A5L8v1E0-Y410f4Ub31Gc49XGmoA,10,plain,none,mixed,1 3 3 6 8 8 10 14 19 28
AA1W50mrA1eo8958ZCEA2aFX20M1A9WEAI,10,plain,none,mixed,1 3 4 4 10 11 11 12 17 27
AA1WH1mX6FH0a1067PI63Go2HXI9dr4a53,10,plain,none,mixed,1 3 3 4 6 7 16 17 18 25
AA1W0_4q0GU7_quUYWOYP4a2eSYAIe2Y04,10,plain,none,mixed,1 1 2 4 7 11 13 14 20 27
AA1WKGy3N2ufuC4WY4K214Yb8QK9AFWC1G,10,plain,none,mixed,2 2 3 7 8 11 12 13 15 27
AA1W52KSWJHgJ2fmA1m60mf6CPSmY1y8W8,10,plain,none,mixed,1 2 4 6 6 9 13 17 21 21
AA1Wa2AT0a8W41ZwVGg4aaCAqYiIh44m60,10,plain,none,mixed,2 2 3 6 7 10 10 17 19 24
AA1W8f4qQHXzl4em50OA2eH2GA8s1cWf24,10,plain,none,mixed,2 4 5 5 7 9 12 17 19 20
AA1W4QWH18c13kPOL1k50KgyqJIm2WLY04,10,plain,none,mixed,1 1 6 6 9 10 13 14 14 26
AA1WC0x4m8XyChDaS0g4W20CCPb4H9lZoY,10,plain,none,mixed,1 2 2 3 9 9 11 14 16 33
AA1W2QYab8Z6ON1k9mW32GXbhae98Y1WW4,10,plain,none,mixed,1 1 3 6 10 12 13 15 15 24
AA1W0mr5VjICx9OaaG25HHA8zX2mMXImWa,10,distinct,none,distinct,3 4 5 6 9 10 11 13 19 20
AA1We1CbXbCXXPGQcu8m929oE9fAWOn792,10,plain,none,mixed,1 1 4 5 10 11 11 18 19 20
AA1W1f41aPi1gL6tcGW8eI36Wqd37vvEaI,10,plain,none,mixed,1 2 2 8 9 11 11 13 21 22
AA1W2eOB0u6Geh4maiYH24GXC12McGn0C2,10,plain,none,mixed,1 3 3 4 5 9 10 17 17 31
AA1W8H28P5XYF55AV4W1W_5W90m54HAoai,10,plain,none,mixed,2 4 4 6 8 9 9 13 15 30
AA1WcCW60iPiO28a69IH0G40nIr8Y5civO,10,plain,none,mixed,2 3 4 4 7 7 15 17 20 21
AA1W31430sH61awCIaO48r56euYcw9uAXG,10,plain,none,mixed,1 1 5 8 9 11 13 15 17 20
AA1W0S9GZYCfM5qiPP4mY249A20OoTc2AY,10,plain,none,mixed,1 2 4 6 6 9 13 15 18 26
AA1Wa4e322aW92OG38cI0WC1WQ9QhDeWiM,10,plain,none,mixed,2 2 3 4 9 9 12 14 17 28
AA1W7Ga8dMmg2GY2GiI81H43084X4DV48I,10,plain,none,mixed,1 2 3 3 11 11 12 12 12 33
AA1W4X8N1DX6i7WX2uOI2eE7G9I4afIA9q,10,plain,none,mixed,1 6 7 7 8 9 12 13 16 21
AA1W635IiKeo9DDWq2G2X1ZMeKk4o1WA64,10,distinct,none,distinct,1 4 5 7 8 9 10 14 18 24
AA1W1C8HnAcYw850P8oaYI98f40fAIo1SA,10,plain,none,mixed,1 3 6 6 7 9 11 17 18 22
AA1W8b160pOA1efI40Xr0a3YgL1E9r2aZ1,10,plain,none,mixed,1 1 2 4 6 12 14 16 21 23
AA1W18L3RP2VGZa2X218HH59HAD5TTdo8G,10,plain,none,mixed,3 4 5 5 6 7 13 17 20 20
AA1W09YYIIHXF9Bm605MZqIK4G8a4WjYi4,10,plain,none,mixed,1 2 2 3 6 7 12 20 22 25
AA1W0Qi9I40GB9I64L0bCePo3WK2AtqX8H,10,plain,none,mixed,1 1 4 7 7 11 12 12 13 32
AA1W49O0h2LDzen5WK41WIANeQ58U0hDc2,10,plain,none,mixed,1 1 4 5 8 8 9 20 21 23
AA1W831aH14IKGgPDHmO20Ypq2mB1eHSKA,10,plain,none,mixed,1 2 3 5 5 7 9 16 23 29
AA1W5WK8XeCzaCK10W5BH48YKu10i0Q4mH,10,plain,none,mixed,1 1 1 2 10 12 12 12 15 34
AA1WCX2WiHWeIkXrMmW3A5Gq80XnEEEIf3,10,plain,none,mixed,1 4 6 6 8 8 9 9 17 32
AA1Wc0mB0e74HiAZeGmY8M2ZR51HGA1GYI,10,plain,none,mixed,1 3 5 7 7 8 9 11 18 31
AA1WX2C5CH30IAQWa305L9Pp38XWI6Gmai,10,plain,none,mixed,1 3 5 5 8 9 11 14 18 26
AA1WA49X26T3-D7JW8X15DXOd1KMCGw8d0,10,plain,none,mixed,1 1 3 5 10 11 13 15 19 22
AA1Wn0J2GIZL22NsXnS1Ca4Gz7So40aWA1,10,plain,none,mixed,1 1 2 5 11 14 14 15 15 22
AA1W1WaTBiOWg2WK7686GpGGoXC1tH8A2G,10,plain,none,mixed,1 1 2 9 9 10 16 16 18 18
AA1W4KeOGQLG90W9a88YQGC3W-UJvd42W9,10,plain,none,mixed,1 2 4 8 8 10 12 12 13 30
AA1W3GHa8IYIGi1W908S8T0eAPLIA1Ga1W,10,plain,none,mixed,1 1 2 4 6 9 10 13 27 27
AA1W8YWC2GGxamk260e0WAvKI9Gh5KMaaO,10,plain,none,mixed,2 3 3 6 9 12 12 15 15 23
AA1W2OBXY7aWL14Ws0mIXX4GY2qSA38L1G,10,plain,none,mixed,2 2 4 6 6 7 8 18 23 24
AA1Wi50812TpuWS42W80I8L4W10J5OS8XC,10,plain,none,mixed,1 1 2 2 4 10 10 14 27 29
AA1W1bef26XC5HHLI60CCeey1GA6lH450E,10,plain,none,mixed,1 1 1 6 10 10 10 15 17 29
AA1WGA5GGq5Ou6ZI6bC0W58P7E0H57co0W,10,plain,none,mixed,1 2 2 7 8 8 9 18 22 23
AA1W48BYf9Ieb1K5IPGRWQ598g7YDo2Xi1,10,plain,none,mixed,1 1 6 8 9 9 10 15 19 22
AA1WW8q8EqH1C7IAFPWa916xieIjM78u92,10,plain,none,mixed,1 1 3 5 9 15 15 15 16 20
AA1W4eKIQTwGmOYO810MI230-bp2KX8N4O,10,plain,none,mixed,1 1 3 5 10 13 13 16 17 21
AA1W52m891sHD0W9a0WaSGM0OLMQHYKMWQ,10,plain,none,mixed,1 1 3 4 6 9 13 15 24 24
AA1W4GHGiuJ1QJ52OB2OoYBX4aZ4Q0GXvC,10,plain,none,mixed,1 4 4 4 5 12 13 15 20 22
AA1W8n24kbvIdOpq1AI2910IwGY7Mc6LOG,10,plain,none,mixed,1 2 8 8 9 9 9 17 18 19
AA1W40u16u8vE9HY90RK30S33Kj46mE4eK,10,plain,none,mixed,1 3 5 8 8 9 9 14 21 22
AA1W6YKUfDve9eN2184Z4YAYAfHA2O21I3,10,plain,none,mixed,1 1 6 8 8 9 9 16 17 25
AA1WAZAKIIdjO6hWI0W18XaYw8y8r2qYae,10,plain,none,mixed,2 5 8 8 8 10 11 14 14 20
AA1W2YaIuB2KKoIAX9ZAXBWi4mfn2XSGOW,10,plain,none,mixed,1 2 7 9 9 9 12 13 15 23
AA1WGA4XOY70L4hcYK88Y6Wa2lLJyHmIj1,10,plain,none,mixed,1 1 4 5 5 10 12 13 21 28
AA1W1O7WqgjCmE2q2a0G9eDnI0WLef14AH,10,plain,none,mixed,1 2 4 4 4 7 8 21 24 25
AA1W3XYCKHIHiPXy9HCf4eYX4hHCg5J410,10,plain,none,mixed,1 6 7 7 8 9 11 16 17 18
AA1WXHocQBe13GSjY484dGta48L34mc6IG,10,distinct,none,distinct,1 3 4 6 7 9 10 12 18 30
AA1WYWK2GR2WIPkc9H0We318E1Xa5Qv8We,10,plain,none,mixed,1 1 3 7 8 9 9 11 19 32
AA1Wb58P2JHiBKIqUY7W2O8K11Xf48q988,10,plain,none,mixed,1 1 4 6 8 10 11 16 18 25
AA1Wn2Ga1CAhLsY5IoO0d8A08ObpAG91Ga,10,plain,none,mixed,1 1 3 7 8 9 13 18 18 22
AA1WeWeOYO21eAuYi8Ha8YGNL99qvWC0m8,10,plain,none,mixed,1 1 1 5 7 10 10 16 24 25
AA1W9V90eYeLs9I5GE0KC8HWeA18PXIem1,10,plain,none,mixed,1 1 5 5 7 10 12 13 22 24
AA1W6WoTJGe1DQOJ2iW2WbHff5B8A5B08I,10,plain,none,mixed,1 3 3 6 7 9 13 14 16 28
AA1W1458bCJYg5uie10jI9K8Y60GfKKWY8,10,plain,none,mixed,1 2 4 5 5 10 14 15 20 24
AA1W4GaSCmw5GImM5aI51HLf5ar3e79OI2,10,plain,none,mixed,2 4 5 6 7 9 12 12 15 28
AA1W0a5KwcHRcYaKD30WI8HAI78p2GeK5G,10,plain,none,mixed,1 2 4 7 7 9 11 16 21 22
AA1WI0fMDm00u597522E0m-EN76GWy5WP9,10,plain,none,mixed,1 1 2 7 7 7 10 15 17 33
AA1W8H7HaKSum20868bE1GK0G5HNISYIKW,10,distinct,none,distinct,1 3 4 6 7 8 9 18 20 24
AA1WG2C5Q8o5uT4aYOIC9iI2K9HmmY2823,10,plain,none,mixed,1 1 2 2 6 12 16 16 18 26
AA1W4Z4OW5xn8AnNv0caKHCKJYKeYP9EGK,10,plain,none,mixed,1 3 6 6 8 9 12 12 20 23
AA1WL58L8YDg088KZH2CNX7EL0e1UJ6SWO,10,distinct,none,distinct,1 3 4 5 7 8 11 12 17 32
AA1W96Hoaf2eZ3YPbi84a78D1lHCiMTnfW,10,plain,none,mixed,1 1 4 8 9 12 12 14 14 25
AA1W4GjB2WY0G60VZ2OBHf928SX4WI4mK4,10,plain,none,mixed,2 3 3 3 9 10 11 14 16 29
AA1WAHG52O9UgWj68G118NDxu43050gaiO,10,plain,none,mixed,2 2 4 5 6 6 9 17 18 31
AA1WGi5WU2eYHIJ9OQa25G5WP3040otB8C,10,plain,none,mixed,4 5 5 6 6 6 9 10 14 35
AA1W8IRBXBC0G34KL6Y8X3u1GEKe4xXe2W,10,distinct,none,distinct,1 3 4 5 6 8 9 15 24 25
AA1W4OZCBYmM4N2WaWG48B8gb18518IOH2,10,plain,none,mixed,2 2 3 5 5 7 8 15 21 32
AA1W2eI7imD28YaUM4G9GZ78PHHaHL4uG2,10,plain,none,mixed,2 2 3 5 8 11 12 16 18 23
AA1W183H9EumI4WFLGG4GoSAHJw6qVP8Y2,10,plain,none,mixed,1 2 2 7 8 10 14 18 19 19
AA1WCIwqEG9Z9KomY38G8YY8eDMD5WKJ1G,10,plain,none,mixed,1 1 4 5 5 7 14 17 20 26
AA1Wc3G20uNBRXUbuYe0CCK6xPX438U0GW,10,plain,none,mixed,2 3 4 4 4 11 11 16 19 26
AA1W2B3QDeaR4jrD2CYGROW0s9V8yNuCiG,10,plain,none,mixed,1 1 7 8 9 10 13 15 16 20
AA1W8InkH2GpIQX860aOX4-1IY1789yoWK,10,plain,none,mixed,1 1 5 7 9 9 11 13 15 29
AA1W2oWI08p5OPn1B0ob4WFXXy1A0i91WA,10,plain,none,mixed,1 1 2 3 4 10 12 15 24 28
AA1WGHIHI9Hic4dKaWmHgKmK4YoHSB8210,10,plain,none,mixed,2 2 5 7 9 10 12 13 18 22
AA1Wg4mO2WK0ZrKNYKg8382dKH8D0W22WA,10,plain,none,mixed,2 3 4 4 5 7 10 14 14 37
AA1Wn1GZaAhHXD0t48YG4G26qr5UGH42OS,10,plain,none,mixed,1 1 2 2 4 13 17 19 20 21
AA1WGo7X0KHE4C74SY42JCDXfDmEVoWK4G,10,plain,none,mixed,2 3 5 5 6 9 10 13 21 26
AA1WWK5XICAZM6KuQ0O2nI58A0WhHb4o2G,10,plain,none,mixed,1 1 3 9 9 10 10 13 17 27
AA1W8HaCAm58J6YSI8248XCbaB0b2UPH1Z,10,plain,none,mixed,1 2 2 6 9 11 15 15 17 22
AA1W8XIu11AgP55GI1GHXAIQaL6it28X50,10,plain,none,mixed,3 6 6 6 7 9 10 11 20 22
AA1WHYCNzXK9WC4XqC8416Ef1G91W91G8L,10,plain,none,mixed,1 2 4 6 7 10 10 11 13 36
AA1WW1nDwWCqoOH149GH6O-YBXAGA2WCcX,10,plain,none,mixed,1 2 4 8 8 9 12 15 16 25
AA1W68sL1HA9ETsI3G2GI690aDYPOrIO6G,10,plain,none,mixed,1 1 6 7 8 8 12 14 19 24
AA1W0L4iISW-69Mg8GmX5sX3780X9VJ60G,10,plain,none,mixed,1 1 1 5 6 12 13 14 17 30
AA1W28uC0gBWwYZebO4CHjDQzf3ieDyWu4,10,plain,none,mixed,1 2 5 5 5 12 14 17 17 22
AA1W420a6n4YCfWoAWPK8jwlQDWj60d490,10,plain,none,mixed,1 1 2 8 9 10 10 16 19 24
AA1W918ALGK0YuY4SGa90a7DUic4GYBA1G,10,plain,none,mixed,3 4 5 8 10 10 11 13 14 22
AA1W1G2WAGsb4igQBeWKHc6Wh2nXib7O8E,10,plain,none,mixed,1 2 3 5 5 11 12 13 22 26
AA1WAH9IXeOBCcnO50e0W8S1E4tiAYOoWa,10,plain,none,mixed,2 3 5 6 8 10 13 16 16 21
AA1W0W2GQI8Km81VGIGJA14Gw5HLATLCIa,10,plain,none,mixed,1 2 3 6 8 9 11 18 18 24
AA1WCAhIgKcReI68P322GacGgGIUWFXA4W,10,plain,none,mixed,1 2 5 6 8 9 10 10 20 29
AA1WX6GK4WTQFHKJ6WCL5E4GIGC77GW5GK,10,plain,none,mixed,1 2 2 3 4 4 13 15 18 38
AA1Wn6eJ4O107XPKH18L148v0u4c3GK2WG,10,plain,none,mixed,2 2 4 5 5 9 9 13 20 31
AA1WHGaGcBWq692m4GYAGgnc4mM6TKA80W,10,distinct,none,distinct,2 4 5 6 8 9 10 13 18 25
AA1W90K2eaKW810IYPKaKXYCGi0acYbK9Y,10,plain,none,mixed,3 4 4 5 8 8 10 14 16 28
AA1W91CMdD2fnnfYgG59GbHhn5xaX0L2fW,10,plain,none,mixed,1 2 6 8 9 10 14 14 16 20
AA1WL1861A2OBIWl78X0W4X7e5pv4eh9fW,10,plain,none,mixed,2 4 5 6 9 9 10 15 15 25
AA1W2XCav4oL712q2aWaNB_f5GUrd8aPWK,10,distinct,none,distinct,1 2 3 8 10 11 12 13 14 26
AA1W0e8X2Ea-WXG6KXYKnA68m3GQdn92KY,10,plain,none,mixed,1 3 5 7 7 8 13 14 17 25
AA1WP3975oIIW8XasW88PXPGiIA2eT8Z2O,10,plain,none,mixed,1 2 5 9 11 11 12 13 15 21
AA1W6HHA0sFqoAGN1uGCXyFaa9WZ294WA4,10,plain,none,mixed,3 3 6 7 9 9 10 12 16 25
AA1W20HAXM6mo6Gt0a0KAWK0W2GK2ZXKSb,10,plain,none,mixed,1 1 3 6 6 7 12 15 15 34
AA1WGY8H9y0ecoX4GQ0HY49GiAWux2oN9A,10,plain,none,mixed,1 2 4 8 8 9 13 15 19 21
AA1W40W7BvJym9IgBem1GIAW_HI930h2AY,10,distinct,none,distinct,2 3 6 7 8 9 11 16 18 20
AA1W5GM2OC3GOt5eHA418B0W2X3ao9nG92,10,plain,none,mixed,2 3 4 4 4 5 9 15 21 33
AA1W1ZCrYmGqAo6RVeEKHuWA249i71ACfY,10,plain,none,mixed,3 3 4 5 9 11 13 14 15 23
AA1WAAa4_XCSB9OYCHWO2uh0cYCHWj5q0C,10,distinct,none,distinct,1 2 4 5 9 10 13 17 19 20
AA1W8X53KMuHp9fCa0W9OQ5IAI0eSM8X2K,10,plain,none,mixed,1 2 4 6 6 7 9 11 24 30
AA1W1O4I5Ybqxcf6GH4HZW4P44Zmx1ZXWG,10,plain,none,mixed,1 1 4 5 6 9 16 17 18 23
AA1W4ZCHaH48X4LaWbaaL4Ga3c5GA0K318,10,plain,none,mixed,1 2 3 5 5 5 11 18 25 25
AA1W1BIAKGWgKb32uH1WTTP4CX5mFXaaCG,10,plain,none,mixed,1 1 7 8 9 10 13 14 17 20
AA1W2J4aoWe4WCA9mmAaN9bYuGc4mT2GI8,10,plain,none,mixed,3 3 6 6 6 8 9 10 17 32
AA1WEII8fWq0WG11AgJ60Grj98B2OG1G14,10,plain,none,mixed,1 1 3 3 5 5 8 12 17 45
AA1WWreoYKYP0h08rOG31dGaKIugqCX2Gn,10,plain,none,mixed,1 1 1 6 8 13 15 16 16 23
AA1WK5X1GIb5-fGCoc4a26meHLBI5WqH68,10,plain,none,mixed,1 2 3 4 8 11 11 19 19 22
AA1WAHcLAbf4GaDXL0G0eZGKqZOJS40G0g,10,plain,none,mixed,2 2 2 3 6 8 13 14 16 34
AA1WEmQ5GRLcm2OW42W50m1C9UWOb0O6XO,10,plain,none,mixed,1 2 3 7 7 8 11 17 22 22
AA1WQ0FX48E0N4EY90oGWYaWN54nYQBYoI,10,plain,none,mixed,1 3 4 6 7 10 16 16 16 21
AA1WGY58WK58VfzJq0W089HH6EWE4sor22,10,plain,none,mixed,2 4 5 5 6 6 10 16 19 27
AA1WO50XYqaGaaWZWGAB4d8x7SB1G2qGY6,10,plain,none,mixed,1 1 4 5 11 12 12 14 14 26
AA1WebSa6W1920GGg3G8GX83QNKyHWC2Wq,10,plain,none,mixed,1 3 3 4 4 7 8 15 27 28
AA1W30K2GpB0oemYqGZ1860ez948d2q411,10,plain,none,mixed,1 1 4 5 8 10 13 14 16 28
AA1W4f4a0XGHw9Z2oWK8R1UboHIGGWE558,10,plain,none,mixed,1 1 5 8 9 10 11 14 15 26
AA1W46rwec1ZW436eJ49aFAY8UaqWWpEaq,10,plain,none,mixed,3 4 4 5 7 9 12 17 18 21
AA1WHYD5pJaZ2gYXGc18fuKpI4Xe51_Kz0,10,plain,none,mixed,1 4 6 6 6 9 12 14 19 23
AA1W0fwCKzBiXH6-oGIeavcXadJCYH4e48,10,plain,none,mixed,1 7 8 9 9 10 10 12 12 22
AA1WGX5Gmmo0p9eGE1O20Ww1U5ffCbes2a,10,plain,none,mixed,1 3 3 4 7 11 15 16 20 20
AA1WJGZ8e-AP74huj6210BXdv2L44gHf0a,10,plain,none,mixed,1 1 3 8 10 12 13 16 17 19
AA1W5WWCI5dUa0E04481OiAJI58Pb1uJ34,10,plain,none,mixed,1 1 1 5 6 6 10 15 25 30
AA1W450DSbAf8IuqWHGq929sl99xKRR3Y4,10,plain,none,mixed,1 1 2 10 10 11 14 14 17 20
AA1W0X44XfYDTKKvF9ei5EeIu68y98H3f2,10,plain,none,mixed,1 4 5 6 8 11 16 16 16 17
AA1W8Y4c2jdaBHSZa8IGPyo2G2haIX4APW,10,plain,none,mixed,1 1 3 8 12 13 13 13 15 21
AA1W0G4yXgudY48XX8nHHXHAnKIZS5G50X,10,plain,none,mixed,1 2 5 5 9 10 10 16 17 25
AA1Wm6C8QYmCdytb0Gi42IV0o8P3uHJKXA,10,plain,none,mixed,1 2 2 5 7 8 9 19 23 24
AA1W20C2_u1-6Gj8GI85HK4v34U3goYBAb,10,plain,none,mixed,4 4 4 6 8 9 10 10 19 26
AA1W1Pr9fec4410GvGf5GX4L3IKanHQh8O,10,plain,none,mixed,1 2 3 5 6 6 9 16 17 35
AA1WWGO50U2HCsaCv1IY4PZq4v0ziTH40W,10,plain,none,mixed,1 1 3 8 10 11 12 13 17 24
AA1WGGabGfCM0IifGo1I1EgLo4WeHs1EPO,10,plain,none,mixed,1 3 5 7 8 9 9 13 16 29
AA1WA1GGX9M0a4f22MC20HU4sWInU0b4XC,10,plain,none,mixed,1 1 2 2 7 11 13 16 21 26
AA1W4P022CAH6AMfEK88X74-KI9_71Wev1,10,plain,none,mixed,1 1 5 8 9 11 12 17 18 18
AA1WTGqCybajfeN4BI4212egHHCA2D7H0W,10,plain,none,mixed,1 3 6 8 9 12 12 12 15 22
AA1WY33WIGGX8HS4CX40d6ZI3GNY-t4f34,10,plain,none,mixed,1 3 6 7 7 9 10 13 15 29
AA1W20c61drPC8mbaoM4GH41KqBWT4QOYI,10,plain,none,mixed,2 3 4 7 8 10 12 17 17 20
AA1WG0KGD7mWq5CIYGi2X5-lLw1TAF9ra8,10,plain,none,mixed,1 6 8 9 11 11 11 12 13 18
AA1W0a5IIIcX6H1WH0uc2G7un2odL0mP58,10,plain,none,mixed,1 1 3 7 8 11 14 16 19 20
AA1Wo1GA6GK14HI8Oi5C41l8Y6GI3mC10A,10,plain,none,mixed,1 1 2 2 10 10 10 15 20 29
AA1W14md5OQpHcIpCXaHCjWT88724GG7Ga,10,plain,none,mixed,1 3 6 6 6 9 14 17 18 20
AA1WKW2Dna918I9oeGXGo5nCbKIi8caC9i,10,plain,none,mixed,1 2 4 5 7 14 14 15 16 22
AA1W4eaqfPNRoL04uX48o5EG8DWK9Y8K4G,10,plain,none,mixed,1 2 5 8 10 11 12 16 16 19
AA1W0i5TKPO1M60ma0W8EYgMgiqm-1eM3G,10,distinct,none,distinct,1 2 5 6 7 10 12 15 16 26
AA1W4GG4X-tW2HiAXJ270T411oB1J1Saae,10,plain,none,mixed,1 2 6 7 7 8 10 14 17 28
AA1WS2CaXCHMg18iA2413GFDQHYFfSiWa8,10,distinct,none,distinct,1 2 5 9 11 12 13 14 16 17
AA1W51W4mM9qXDwKKWYZ4OZgbkKq329AX0,10,plain,none,mixed,1 2 5 7 10 11 15 15 16 18
AA1WI20G97LLIwX028O20Kl4gZGL4f94A2,10,plain,none,mixed,1 3 3 4 5 8 11 16 22 27
AA1W91047W6cos6I6XCAGm9MhWaf50Q1WC,10,plain,none,mixed,3 3 5 8 8 9 10 11 12 31
AA1W11qGj81CAHvyKXAE08OyYKiZi1fEYe,10,plain,none,mixed,1 4 5 5 9 10 11 11 13 31
AA1W7HS3c2mU4eZaSWd2X41E4G10W5G28W,10,plain,none,mixed,1 2 2 3 3 7 10 11 15 46
AA1WC24Wi80cY2iiQWu5QNXaFZ4Ul9G924,10,plain,none,mixed,1 2 6 7 8 11 11 12 16 26
AA1WHaFaok5CcGi0C0W95M7GxO3060adY8,10,plain,none,mixed,1 4 6 6 7 7 8 13 14 34
AA1WILolF4u9QBwI640GaL8S78wG8WeNH6,10,plain,none,mixed,1 3 3 5 7 11 14 16 20 20
AA1Wb9eL22iX55GCQY424WyHv0e69Xe1aK,10,plain,none,mixed,1 1 3 6 9 9 11 18 21 21
AA1W3We3rZGV2aKaZ2fA0f61euO0eI480H,10,plain,none,mixed,1 1 1 4 6 12 13 16 16 30
AA1W68emZ965WCCjNgYH1MUYW2KXSWX4D8,10,plain,none,mixed,1 1 5 7 9 10 12 14 17 24
AA1W414oW8YoNMX5WgKK1JHs8GXf9CjXiG,10,plain,none,mixed,2 2 4 8 9 11 12 17 17 18
AA1W0o97KMUpkaW518C9Xavdaa6GfK9m84,10,plain,none,mixed,1 1 5 6 8 10 11 13 20 25
AA1WaY3W6UI5CXcfM8C4NKYC91XV6D4KaX,10,plain,none,mixed,1 3 4 5 6 11 12 12 15 31
AA1W69GIKOZC964GI288XEHaC1WPC1WK68,10,plain,none,mixed,1 1 5 7 8 9 11 14 19 25
AA1W0WL24HIIZ9H4uWSA8o18C3aDX6Cs18,10,plain,none,mixed,1 2 3 3 4 10 12 17 22 26
AA1W2PH6ZtL4GY2GB500eK8MXY8o4B1q91,10,plain,none,mixed,1 1 6 6 7 8 11 16 19 25
AA1W876YaG10BJyMo1GL4DGI3GPi942IYG,10,plain,none,mixed,1 2 2 2 5 10 15 17 17 29
AA1W8X22OAWa5U0p40W6080Y8HHA5KgPXI,10,plain,none,mixed,1 1 2 6 7 10 13 14 16 30
AA1WGggWX7N4e92Wq501JISgfaaKK70a10,10,plain,none,mixed,2 2 3 7 9 10 10 11 13 33
AA1W0GEE8m2tPwAHg2WIA6IP4Kg8Y2Wo52,10,plain,none,mixed,2 2 3 4 5 9 16 18 18 23
AA1W8Y1G4mX3NY9I9E980zkfeD0o248Yo8,10,plain,none,mixed,1 1 4 5 7 10 12 14 16 30
AA1W2GjJmmpa558wfi04mTThkmXIb92mqH,10,plain,none,mixed,2 2 5 6 6 9 15 16 17 22
AA1W2ma5mWSM26WayW82O95GPno28T8K2W,10,plain,none,mixed,1 1 1 6 6 10 11 17 21 26
AA1WWM8m11A8H2LcE84EKqUYXKY7Wy31P1,10,plain,none,mixed,3 3 3 4 5 8 11 15 16 32
AA1W8I-12WaUKHw0WW18Pgw3Gg38XYN5OM,10,plain,none,mixed,1 1 4 6 6 8 9 12 22 31
AA1W40n4862YShR1mE120U0G8v1qDWa950,10,plain,none,mixed,1 2 2 2 3 7 14 16 23 30
AA1W0G3XjKhQ9Jq0M42H1V98P3HbHAbZ1e,10,distinct,none,distinct,2 4 5 6 7 8 9 10 24 25
AA1Wa0K23cGNcSu8I0LXGI8eneh6Oanej8,10,plain,none,mixed,1 2 7 7 8 9 14 15 18 19
AA1W3eP2GM15maZ0JEG18K2GC21wvAb0g6,10,plain,none,mixed,1 1 2 6 6 6 7 20 23 28
AA1W5H24L28H4M1zF1GCW417C08BXaI4Ga,10,plain,none,mixed,1 1 2 4 8 11 11 13 21 28
AA1W20S50I20HfCnaIO8X9914OQjiBXGII,10,distinct,none,distinct,1 3 4 5 6 9 11 14 20 27
AA1W98tDXnw8Q9896aY2Wb2k95NHWT3RG4,10,distinct,none,distinct,3 4 5 6 7 11 13 15 17 19
AA1WXhCLKS9YIIGU5GO25mcY48uq8IK8D1,10,plain,none,mixed,1 4 7 7 9 9 11 16 18 18
AA1WXHBG0W60ceYYHC41K7uZCKII2OEIKH,10,plain,none,mixed,3 3 3 6 8 8 12 12 20 25
AA1WA9WQh355Og4WD1II264omovACAXO4W,10,plain,none,mixed,1 3 5 8 9 10 12 12 14 26
AA1W8vaqbIKm6MJ5o8XGGXRix8ml5v9YeG,10,plain,none,mixed,1 5 6 7 9 9 11 12 15 25
AA1W8I2IZfaHia2m8I10WydP2AoGT2m4PY,10,plain,none,mixed,1 1 3 7 9 10 10 14 15 30
AA1WaHHatB2frL0G6A06NItv7o8i92ev0J,10,plain,none,mixed,1 5 6 6 7 7 9 14 22 23
AA1W30M4N5Wec0XwHM93195HCIMKIbC29G,10,plain,none,mixed,1 1 2 7 10 10 15 17 17 20
AA1W50aux40XOadpDIY8YA5gI30EZk1ec2,10,plain,none,mixed,3 4 4 5 7 7 10 11 21 28
AA1W2H85oV6HfnIRB682WPENfaDK4Y4dL4,10,plain,none,mixed,1 2 7 8 11 11 12 13 16 19
AA1W98b2I99HI0WPfC12GGE5BPPLY2STY8,10,plain,none,mixed,2 2 4 5 6 7 9 14 17 34
AA1WeZQLLKB1aCCSKAC4bY4B5IrI6jA1G5,10,plain,none,mixed,1 5 6 7 9 13 13 13 15 18
AA1W20mwW8X2KHb9f5GE2K834eZTP0K2WI,10,plain,none,mixed,1 2 3 7 7 8 11 13 23 25
AA1WHGuo2Hmqq1XuK14C2OnUCYghbiG410,10,plain,none,mixed,1 2 4 5 7 7 16 17 18 23
AA1W48J30H4aiGX6h512G81W9b9AIQbaR2,10,plain,none,mixed,2 2 6 7 9 10 12 12 14 26
AA1WZYC4e-Pn080ea4X0K0M2aKN22Y4QWL,10,plain,none,mixed,1 1 1 2 8 8 11 15 24 29
AA1W9X41GwXaIFbPmA4Kg8HG4D0In0zGg4,10,plain,none,mixed,1 1 2 5 6 10 12 16 19 28
AA1WLgXI2ceGA6A1GB220W4eqV0yaX45gW,10,plain,none,mixed,1 1 2 9 9 9 12 18 19 20
AA1W4j2sceGYSdb0Y2Ja19L4kGnGCcGY8G,10,plain,none,mixed,1 2 3 7 10 12 13 14 14 24
AA1W1GAHGqE8CKE8cmWHg88Ho5fUX5x704,10,plain,none,mixed,1 1 2 2 10 11 14 17 19 23
AA1W6AGCaeIb4BX4eWm2Puv4PN2DSg0G60,10,plain,none,mixed,1 1 1 9 11 12 12 13 13 27
AA1WCIOKfb3GSY2FUBI104e1Yq8cncoGeY,10,plain,none,mixed,1 3 3 6 7 8 9 14 18 31
AA1Wi1YJxa4H2iKVH0iX06KfPub2miY8I4,10,plain,none,mixed,1 1 6 8 9 9 11 17 19 19
AA1WGK2Wgc9gSjxfU0mCKkA9u20Q43453I,10,plain,none,mixed,1 1 4 9 9 9 10 13 17 27
AA1W0W40O5GfGE6WB1e4Gc2WA1eI23GI2G,10,plain,none,mixed,1 1 3 3 5 6 9 9 27 36
AA1WWNEB1AMuGY1m2SC3AKaWY2ZnY2XAHX,10,plain,none,mixed,1 1 3 4 11 12 13 15 18 22
AA1W80oj9OH42GY38T29AOKL0e2WQ3Sua1,10,plain,none,mixed,1 3 4 4 8 9 9 10 18 34
AA1W31068jXsOi2OP8XaC5ZYJNrg8uN4w4,10,plain,none,mixed,1 3 3 6 7 8 12 17 20 23
AA1W6SfXMngYaFWA1GLY0m91qId9W4rU0H,10,plain,none,mixed,1 3 3 4 7 8 12 16 23 23
AA1WKY7GsME0m4uD10C410a4m1X48egWo8,10,plain,none,mixed,1 1 2 3 7 7 10 18 21 30
AA1Wi3HEaKZL8KqhYWC1DEOHQoGX3ouGK4,10,plain,none,mixed,3 4 4 9 10 10 12 16 16 16
AA1WIQHAqNIOT43ZGZ841WQWJ3A9I8gpX2,10,plain,none,mixed,1 3 6 8 8 9 10 15 18 22
AA1WHX4509j1rC8mYW22OYaI6C1zneN2no,10,plain,none,mixed,1 1 1 5 9 10 12 19 19 23
AA1W28Tb1TKcBne8C8XQ8569ISH2cZ8Q0c,10,plain,none,mixed,1 2 4 5 9 9 10 17 20 23
AA1W946lCH1KydLR8J4662mP4I1YmKRKI4,10,plain,none,mixed,1 6 6 6 8 10 11 13 15 24
AA1WGa1gIa0c9b0Q1mGAbG53eGZ7QM1uXS,10,plain,none,mixed,1 1 2 4 6 10 17 19 20 20
AA1WZ0P987XIeD1GQ1KiHIBAGGW5C9024m,10,distinct,none,distinct,1 2 3 5 9 10 12 13 21 24
AA1WWmyHf4CivMK8sOX0CUwEXGqJBjD9IW,10,plain,none,mixed,1 5 7 7 9 9 13 14 17 18
AA1W60G8Ca24ZIGo5qIA8e4ZaxfYC92A2O,10,plain,none,mixed,1 1 1 7 9 15 15 15 16 20
AA1WOIyCW70W4AWz30I918v14WI8Xz34H4,10,plain,none,mixed,1 1 7 7 7 9 9 13 17 29
AA1WZ4GIIH8N1WdW38I2IK5Ga4s6Gg9F8Y,10,plain,none,mixed,1 3 3 4 10 12 12 14 15 26
AA1WCXAB0220e52u4G51GA1bCAgpiTYGQ2,10,plain,none,mixed,1 3 5 5 6 7 8 13 25 27
AA1WHGR9OI1GKp18X401G6XNEvnw18H8D1,10,plain,none,mixed,2 2 4 4 7 8 13 14 19 27
AA1W32eOYH24GgSgHg068ZWNE954O939ec,10,plain,none,mixed,1 1 2 4 5 12 17 17 20 21
AA1WKg2GD73sM48H30K90uD08XaeZP2vGa,10,plain,none,mixed,1 3 3 5 6 8 8 15 19 32
AA1W2Ob30QOLC4GZ42G30G489nAeQ7OKGa,10,plain,none,mixed,1 2 3 3 6 8 8 17 21 31
AA1W8GxJPMK2GP6gML81GDT65M4B8Wa8D1,10,plain,none,mixed,2 3 4 4 7 9 11 16 19 25
AA1W6112_BPe8WiYK885932N2uf59Yu3r9,10,plain,none,mixed,1 2 4 4 8 10 15 15 17 24
AA1WGa4KegAGq6b6MGHGc28PrGomQ0I8w6,10,plain,none,mixed,2 3 3 9 9 12 13 13 17 19
AA1W0X450oeoHWA0X0W4OU2MYuVx_1830K,10,plain,none,mixed,1 2 2 4 6 8 9 14 20 34
AA1W0a89qs4BNAKmJa4fofMHkB1fbIG5WK,10,plain,none,mixed,1 3 7 9 10 11 13 15 15 16
AA1W40fEYA5GQoH8B0K28TEAsetOalam40,10,plain,none,mixed,1 1 3 6 7 7 13 17 22 23
AA1W20BmZW2KI6Q0a1GAYF5vECjGw4GLae,10,plain,none,mixed,1 4 5 5 6 6 14 15 18 26
AA1W4WiIWio30Kh3GGIK2GSRzkF0C0C183,10,plain,none,mixed,1 2 5 5 6 7 7 8 14 45
AA1WX4WeD2iJIYIagCX0IUHIXYyG20M8J0,10,distinct,none,distinct,1 2 5 7 8 10 11 13 18 25
AA1WmG15GkwJO82GAW83Cf2uaGYf61JoQJ,10,plain,none,mixed,1 3 3 3 5 6 9 11 29 30
AA1Wg4WXCG9X_aX8CXG0cer25oRgKoHH9H,10,plain,none,mixed,2 2 5 8 10 11 12 12 12 26
AA1WYCXgBPXASKUOuC213yG8YrnQ1mM3S4,10,plain,none,mixed,1 1 5 8 8 11 13 15 18 20
AA1W408UWy8Y2eLf5bWI2RBQaeEXOeM0m4,10,plain,none,mixed,2 3 4 4 10 10 11 12 21 23
AA1W8YKTSsA34fJ6Uo849Dg2f9NPwWfG91,10,plain,none,mixed,2 2 8 10 10 10 11 14 14 19
AA1W1882eE4nHulGM204Ge4Ot4hyJWGA64,10,plain,none,mixed,1 2 3 6 7 11 11 12 23 24
AA1W2mPb8L2gCPA1W40AIIGY892uiWSZY2,10,plain,none,mixed,2 3 3 6 6 8 11 15 18 28
AA1W9GeHKgIEONmo4GY21eOd45Gmmc840m,10,plain,none,mixed,1 2 2 10 11 11 13 14 15 21
AA1W0WPOmIqImc1G6nWM2SCYZKjHQEIq8X,10,plain,none,mixed,1 1 7 8 10 10 13 13 16 21
AA1W34M2eYeDqlyNIw9n0Y40aA0PYXH_50,10,plain,none,mixed,1 3 3 6 7 11 13 17 19 20
AA1We1aIpAQmK8uI8g244WoDkTmWC6NXS4,10,plain,none,mixed,2 2 4 6 6 8 14 15 21 22
AA1W4G5MH4gMF4X5qqH40ARBli7Hv9qnuO,10,plain,none,mixed,1 2 7 8 8 9 11 13 20 21
AA1W2YIiOJGbeSs42Z4WdQEAbU8I3Ke8Ya,10,plain,none,mixed,1 2 6 6 10 10 10 15 19 21
AA1WA8S8w4mI44GOEL028W96Amg2Ws-eg5,10,plain,none,mixed,1 2 5 5 6 11 12 14 18 26
AA1WA8m5XIaNWA1Gv0e4G92Tn532G10A5G,10,plain,none,mixed,1 1 4 5 7 10 10 12 18 32
AA1WCaBa92yKa90v6m9f4eZ1ankA1yKOy0,10,plain,none,mixed,2 2 3 4 7 9 15 17 19 22
AA1WKGmj2ePqo2GZ4OX33On5u8dGY4W28K,10,distinct,none,distinct,1 2 3 6 7 8 12 18 20 23
AA1W7XG53TvA2We928G2WeA7W432cXO90J,10,plain,none,mixed,1 1 2 4 7 9 14 14 16 32
AA1WG35N9840Go5HXKH108eZYEIZGK2WT4,10,plain,none,mixed,2 3 4 4 4 6 12 13 23 29
AA1WD18YKHYBpmvFW91H0N1-GH28Ho2A01,10,plain,none,mixed,1 1 1 5 6 8 16 16 20 26
AA1WCHXAAOJRHQAgMqm00190SJ162GHaXK,10,plain,none,mixed,2 2 4 6 8 11 11 14 20 22
AA1WJqO4aNzUb76eaB0O4D4GJTm2N4G80B,10,plain,none,mixed,1 1 1 3 5 15 16 16 18 24
AA1WJ10AAz4aq0W60W970We30H6mQAaKI3,10,plain,none,mixed,1 1 1 7 7 8 10 13 14 38
AA1W5YGX0BYqX-W42XWCY8Wa9YggbGH88v,10,plain,none,mixed,1 1 1 3 7 8 18 19 20 22
AA1W72JAPKBWKX4JagK50fr4OZOKb52WX1,10,plain,none,mixed,1 5 6 6 8 9 10 12 18 25
AA1W60U3WyiIjJ4MnGf68a7OBfGaYoiZC0,10,plain,none,mixed,1 1 6 8 8 9 12 13 21 21
AA1WII9Gef3inY2GIHL2WC99864WQ0XaOA,10,plain,none,mixed,2 2 3 7 7 12 13 14 18 22
AA1WZ2U8nvC0-S2WK480C1H0SAAfg28g4m,10,plain,none,mixed,1 1 2 5 5 10 13 15 22 26
AA1W97ecC-C9YaW408oaa8H4W4h44XAFQ8,10,distinct,none,distinct,1 3 4 6 7 9 13 14 15 28
AA1WGHvEQXo9W9n8D9I20Wg4QEC1H24f8Q,10,plain,none,mixed,1 3 3 6 7 11 12 13 16 28
AA1W2WIpPS7WKU1mZ0Y8o598Z3EQXD1820,10,plain,none,mixed,2 3 5 5 6 9 10 17 17 26
AA1W8JoRaBWC1GGeaGf0H9eg5WZ4Cwd98G,10,plain,none,mixed,1 2 3 5 8 10 10 11 19 31
AA1W4Wb4XIqXGxX2AR80ev0Xo8Gr73aGE2,10,plain,none,mixed,1 1 2 5 5 8 12 20 23 23
AA1W0W6EITn2WRoXe60S3IGPEIYuOWeycY,10,plain,none,mixed,2 3 3 3 9 10 15 16 17 22
AA1W8WN8B2GK92BMumI9HHCc3mOD2gIiWm,10,plain,none,mixed,1 4 5 6 8 8 8 10 11 39
AA1W9We2R4TOz40ev6a20I85JTYqb9GK18,10,plain,none,mixed,1 2 3 5 8 9 16 16 19 21
AA1WY1NoOa13ikb4OHQB6Iv9G4ZfU52840,10,plain,none,mixed,1 4 5 7 7 9 12 15 18 22
AA1W1U4yIWNYxH4eAOo8K49YFCHAi3GXGH,10,plain,none,mixed,1 3 3 7 8 10 11 18 19 20
AA1WX0B1JILFCPXqHH8Y898uq0HaAHIcA1,10,plain,none,mixed,1 3 5 6 6 8 9 12 17 33
AA1W38O6KACZZ92OZ0S59AAXWL1iHAu14G,10,plain,none,mixed,1 1 3 7 11 14 15 15 16 17
AA1WY5eKWf8a4YHBKX1O9LIqZWKET1B8fY,10,plain,none,mixed,1 2 5 5 8 12 12 14 17 24
AA1W50O3KKFaN2WSZ0aBGX48Ha9aIR8208,10,plain,none,mixed,1 4 5 5 5 6 14 18 19 23
AA1WIHgYmaa51JI5X4GCIAmaSva9GmWDXo,10,plain,none,mixed,2 3 4 6 6 6 9 15 17 32
AA1WGWqPB50KB0WN9GcJ20a63WU5hwmLWI,10,plain,none,mixed,1 3 5 5 5 7 8 11 11 44
AA1W50O4XC50fN8LZ4O1G80Xav16OWY4Gq,10,plain,none,mixed,2 2 2 6 8 11 13 14 16 26
AA1W040bOKHWQ4qKaI8eX1E9nVoOTANA2G,10,plain,none,mixed,1 2 4 4 8 9 13 13 23 23
AA1We0GBoTpDfoGeKAH444hM2peWLoE9HG,10,plain,none,mixed,2 2 2 5 9 9 15 16 17 23
AA1W9967KvLX643WQGo8OZ2YR422YIgk4G,10,plain,none,mixed,1 2 4 6 6 9 13 15 15 29
AA1W1X3eiYP8AEax09IOGc2rhaig0tAEi4,10,plain,none,mixed,1 2 4 4 6 12 15 17 17 22
AA1W0fL4mmoGq6binkY20q4sYgA5GBIKOW,10,plain,none,mixed,1 1 4 4 6 10 14 16 21 23
AA1W1OI2JNP1GM30RZG50eA0i4bIC8YaH2,10,plain,none,mixed,1 2 6 8 8 9 9 10 20 27
AA1W56WRAQ79GU0S78mGa4b7q9I0YyLkk6,10,distinct,none,distinct,1 2 4 5 6 10 14 15 18 25
AA1WA0Pf0d4FH18KB0Wf6Gn3JISTgKqgYG,10,plain,none,mixed,2 3 6 8 10 10 12 13 15 21
AA1W2QJAY2KPJJ54H28Wq4VnWA041JCPXa,10,distinct,none,distinct,1 2 4 5 6 10 11 14 22 25
AA1W2LHLBLZOi30an09ICYmRZ7hH4nuf0P,10,plain,none,mixed,1 6 6 7 7 10 12 13 17 21
AA1Wb9IJ1OKWqAD8n4u0a1-Gua8qs68X04,10,plain,none,mixed,1 2 3 3 7 10 17 18 18 21
AA1WI4OaN1dKsofG20G4b05XgHKWI24DXa,10,plain,none,mixed,1 3 5 5 5 11 11 18 20 21
AA1W0WAXS9drXAA918KHOJ2eH58La4HEAW,10,distinct,none,distinct,2 4 5 6 7 8 9 13 19 27
AA1W718uaYdAeSYJ08242G9L6YGaJXKEPK,10,plain,none,mixed,1 3 4 8 10 10 10 11 16 27
AA1W91WHmq6A9f21WI41W7RXGo7mKYbCne,10,distinct,none,distinct,1 2 3 4 5 10 12 17 20 26
AA1W1mC2mHUJK810aj02GG50J6A91DIKJ1,10,plain,none,mixed,1 1 2 2 6 9 13 15 25 26
AA1W521GHxhL34I56GY608fq-A13YSLsHC,10,plain,none,mixed,1 3 4 5 8 8 15 15 20 21
AA1W8Y6H8r6Wqt2Wm608XAeH2904Pa4GYa,10,plain,none,mixed,2 2 3 5 5 7 16 17 20 23
AA1WGZmc0mj14g8108EIXeT5qWaeZ8O38G,10,plain,none,mixed,1 1 6 6 6 8 8 11 22 31
AA1WC6ut090a9XcN30OAa28b48a670A1Xo,10,plain,none,mixed,1 1 2 2 6 9 12 14 25 28
AA1W928N2eH8Y91uGa4A9HaGgIXI7Gu40m,10,plain,none,mixed,1 1 4 7 9 12 12 16 19 19
AA1WWB4afXgA24G84aK67HhAPEv68s4o20,10,plain,none,mixed,1 4 4 5 7 9 15 17 17 21
AA1W2WSMgGc4A0yp8I250cGw4EKKHX4B2I,10,plain,none,mixed,1 2 3 4 6 8 15 17 17 27
AA1WGCiJK9Y-G0Zoc10XZFYSKI9ibcKiKI,10,plain,none,mixed,1 6 6 7 7 10 13 13 18 19
AA1W1g94a8A8n9BAI58ab5ORuC1hOM2mWW,10,plain,none,mixed,2 2 4 5 7 13 14 15 16 22
AA1W025WHKT49VLoOWIaN-C8O4HDCl7X6G,10,plain,none,mixed,1 1 3 6 6 10 16 16 16 25
AA1W6XJAeo8f5OqPX4G0G41baaW30dWbX2,10,plain,none,mixed,1 1 2 5 5 10 13 17 23 23
AA1W2GfGEoAYB9Q80a84P2NYWu2GZyig24,10,distinct,none,distinct,1 2 3 5 10 11 12 13 17 26
AA1W2iIA0m6HW-3eL1GWY8GPH3I7G60c0m,10,plain,none,mixed,2 2 3 4 5 5 8 13 18 40
AA1WI4_D820EGL9rBKGX2Hmj4PHSZwPlOX,10,plain,none,mixed,3 4 6 7 7 8 10 10 13 32
AA1WK6shMeI1IIEB6O0aX2VGgPCcm40BfH,10,plain,none,mixed,2 3 5 5 8 8 9 10 11 39
AA1W28j3acOmWBdGZYK2Hr8Huv11XqGe30,10,plain,none,mixed,1 2 3 3 7 7 12 13 17 35
AA1W9X9H2We4kogAAa40eeOHn99EoIMH44,10,plain,none,mixed,1 1 5 6 10 11 13 14 16 23
AA1WM2AIXCIQL2aIIA20m6DWCXdX4AraS8,10,plain,none,mixed,1 1 4 10 10 11 13 14 18 18
AA1WSWZ8MIPbKFH9GH859HWReCWG5ylGa2,10,plain,none,mixed,1 2 3 4 4 9 14 17 21 25
AA1WGXnCKwLvDu70e2090ZZ9Ga30L6On0m,10,plain,none,mixed,1 2 4 5 8 9 11 11 13 36
AA1W4GOW90ADyUH20YeGXSA8JWogcSwc7G,10,plain,none,mixed,1 2 2 5 5 10 11 14 17 33
AA1WK228WPa8S20928S60Wq5WE1M5BvlCC,10,plain,none,mixed,1 1 2 5 7 10 12 14 19 29
AA1W98in87X1qF9mG20N18HMG2G8FcauWi,10,plain,none,mixed,1 1 3 6 8 8 10 11 25 27
AA1WHK9O1LhqOYb5dK5G6eD2UJh2DOGaR4,10,plain,none,mixed,3 3 4 6 10 11 11 16 17 19
AA1W49AIWe4uvvGIqHa8fAGi8AIC-4XpYa,10,plain,none,mixed,3 4 4 7 8 9 10 14 16 25
AA1W41GKEYBYAILHy1G8WbIKqsuO40m8Y6,10,plain,none,mixed,1 2 5 6 10 10 10 14 21 21
AA1W18A8id2X2rj086W8Gf5ZrN28GZOb2a,10,distinct,none,distinct,1 2 5 6 7 9 11 17 18 24
AA1W2ATmbrlLeZ5kig1Y658W98oQcWH4x4,10,plain,none,mixed,2 3 4 5 6 14 14 15 17 20
AA1WXb1eX874uL5d1OAAKCWXYCXCeo0Ga1,10,plain,none,mixed,1 3 4 4 4 5 17 17 18 27
AA1WWAA10qMbeX4de0XKEu10JBXCga2mY3,10,plain,none,mixed,1 2 3 3 6 6 15 16 22 26
AA1WGWgJGf8mG4WYaaG8H0u7m7BfbCMCWa,10,plain,none,mixed,1 2 8 8 8 10 10 12 14 27
AA1WCDYK1o8YBZfX4928NEwmJ6XO8XunAG,10,plain,none,mixed,2 3 6 6 7 9 12 15 18 22
AA1W8XhBxODh18918ue8X47aHK10o9Ya98,10,plain,none,mixed,1 6 7 8 8 10 10 10 10 30
AA1WDG50Rb4moQGMXpQ9H94b918MYZ1a20,10,plain,none,mixed,1 2 3 3 5 12 14 16 16 28
AA1W4YGT2DqqJyE4n2448Omb8NcaavGF04,10,plain,none,mixed,1 3 5 5 7 11 14 15 18 21
AA1W8P28MIqZIaMYnsG21A2XCFH38HnWG2,10,plain,none,mixed,1 2 5 8 8 9 15 16 18 18
AA1WIKHcanXMACGZ59854m50jG0W1RByO4,10,distinct,none,distinct,1 2 3 5 6 13 14 15 17 24
AA1WOA9kZ4SWOWS54G2H9FJ-lhcC2Y6HI4,10,plain,none,mixed,2 3 5 6 6 8 11 18 20 21
AA1W8XKIw8Z5OT29Jt2GAuI45XBYG92GH4,10,plain,none,mixed,1 5 6 6 7 8 13 15 16 23
AA1W1oMIWGq7B9YC68m91eYqAdKO0H8Q3B,10,plain,none,mixed,1 2 2 4 5 10 14 18 21 23
AA1W4Ge9QBHM59Wc8MW60f92FXKAYqCJ8X,10,plain,none,mixed,1 3 4 6 12 12 13 14 16 19
AA1W8YaAf7ICHX8N5WQ0WGs5GQO-60rAIG,10,plain,none,mixed,3 3 4 5 9 9 13 15 16 23
AA1W088KYHms2WIFLo8K2C48XSIYqdHy2c,10,plain,none,mixed,1 4 5 6 6 8 9 15 20 26
AA1W83EScSi11AeXeZ4AH1a1UL34aaAHII,10,plain,none,mixed,2 3 3 6 7 11 13 16 17 22
AA1WGX9JELo6DKjCi2890LmA4Hv_iKGY0a,10,plain,none,mixed,2 3 6 7 8 9 9 17 19 20
AA1WuH42HaFWeIWlP2W2KI3hEI9jFF30e3,10,plain,none,mixed,1 1 4 6 8 12 13 13 20 22
AA1WC4W6m1BmK8b4O4IKaZaGPBAWM12UQJ,10,plain,none,mixed,1 2 4 4 5 5 13 14 21 31
AA1W2AAgqZNZ4Ymi90OZ6q3ZNKDST06bHg,10,plain,none,mixed,1 1 5 6 6 11 13 18 18 21
AA1W2OOP388HmI0Hd934mdHOI1EQ78vX0C,10,plain,none,mixed,1 1 3 4 9 10 10 13 23 26
AA1W1MAOpQI8gJH2eWaGS0BYvL3qCYc20W,10,plain,none,mixed,1 1 3 7 10 12 13 15 16 22
AA1WWIQ7YTpJgKg4WS0Y4YQZC240H2g596,10,plain,none,mixed,1 3 6 6 6 9 9 9 20 31
AA1WWWXRKPJKi28SEH4f1mG12xCCmMVzY8,10,plain,none,mixed,1 4 4 8 9 9 10 13 14 28
AA1W8r09v_Ns164CY68Y2DKWaB0NGaIIGg,10,plain,none,mixed,1 1 2 5 5 10 10 14 24 28
AA1WWI3WKCcLgOnY8GYGcS20B4Wq9Xa0E1,10,plain,none,mixed,1 2 3 6 7 8 13 13 18 29
AA1WL2YAN2168N6W40XDHKKG2H1Ci5W40X,10,plain,none,mixed,1 1 1 4 8 9 9 10 27 30
AA1WYKCq8wKp0C8Y4GXC2W91SK7046GSug,10,plain,none,mixed,1 3 3 3 8 8 11 13 19 31
AA1W0W4-1zmpKQJjMiYA2XCIK6IdO8S4f2,10,plain,none,mixed,3 5 6 6 9 9 10 15 18 19
AA1WCXdifYcKin0K914CY0HWkCnGAw8l0u,10,distinct,none,distinct,2 3 4 7 8 9 13 15 16 23
AA1W0avjpAU6hA2E9gmX3GJv1b2LbBiIK9,10,distinct,none,distinct,1 2 4 7 8 9 11 12 14 32
AA1W4X7g0p6OW10AG22GH28N2JIAGa4QS3,10,plain,none,mixed,2 2 4 4 4 7 9 16 25 27
AA1W8uM9KhKY488Ya6480Y3VNu91K8ebn2,10,plain,none,mixed,1 4 5 6 6 9 10 14 16 29
AA1W8Y621aS2wAcOKy15WhoZ8MPfE-PIIG,10,plain,none,mixed,1 4 4 5 8 8 12 17 17 24
AA1W020er4a1O8Hn29Hb6OJ0h7ee72OAXK,10,plain,none,mixed,2 3 4 4 6 9 11 15 18 28
AA1W0W50KBE8f528K4W88X4WK6Go978b38,10,plain,none,mixed,1 1 3 4 5 9 13 16 20 28
AA1Wa4GIwWa5CcEwnbG0Ia48ugHT8AQBZG,10,plain,none,mixed,1 2 4 5 10 12 14 14 17 21
AA1WY2J1OM7GG14aeYCGM50W76hT4X0Y5G,10,plain,none,mixed,1 2 3 3 6 8 9 13 21 34
AA1W8Y8e5w6CGan-a8YO2tcwnPIaeH84Oo,10,plain,none,mixed,1 1 3 5 12 12 13 15 18 20
AA1WWY4B4-4HY2mH2aY2DmU0e9AaKXF2GK,10,plain,none,mixed,1 1 2 6 12 12 14 15 16 21
AA1WQ0P0eIJ18I0GX9I2mLb8u73Ry4WeA2,10,plain,none,mixed,1 3 3 4 7 8 9 15 23 27
AA1W082B18soeJYWG0XJ2eGRZPXuLYGa0X,10,plain,none,mixed,1 1 2 3 6 10 12 16 18 31
AA1Wa1-8w47aGgua6W60iLkgvXoXY99mb8,10,plain,none,mixed,1 3 4 8 9 10 10 15 19 21
AA1W2G91OCWYSoWa1CG58K20G2qBN32mH1,10,plain,none,mixed,1 1 3 4 4 6 13 17 21 30
AA1W8J3M9XIwIOX4a8W2OIioAD2GI2gmGH,10,plain,none,mixed,1 1 6 7 7 11 11 12 21 23
AA1WnEKHoB4WZJXG51K62m3WR4Eg8kug0e,10,plain,none,mixed,2 2 5 6 6 7 16 17 19 20
AA1WGWeO9WN2boGmUgI104yMXBXixZ7PmL,10,plain,none,mixed,1 3 4 4 6 11 14 16 17 24
AA1WHZE2eL4Hw850i1G1W9HCIbEG14eI1m,10,plain,none,mixed,1 3 5 5 6 7 7 13 24 29
AA1W40WgXoBra5cIKWIQGC1AnPwSK1N810,10,plain,none,mixed,1 2 3 7 8 12 15 17 17 18
AA1W0Hba0S5GMf7m342P23GiBVh6RCXXA9,10,distinct,none,distinct,1 2 3 8 9 10 14 15 17 21
AA1WEX28LXjGIYWSuf63n18GGi1o8b8C8Y,10,plain,none,mixed,1 1 3 5 8 11 13 13 15 30
AA1WHIBIX9P4G10aGK13GJCGI2ZS0Z2OSY,10,plain,none,mixed,1 3 3 3 5 11 15 17 17 25
AA1WW50G1092AJQK2WKWM2w0W40f2eK2WO,10,plain,none,mixed,1 2 2 3 4 5 10 15 23 35
AA1WoWKPYmH26I932QJGE16ZoIJyBW43GG,10,plain,none,mixed,1 2 2 5 6 8 12 19 21 24
AA1WP0ooGn5245Gv6YAm50RFP84bZq79me,10,distinct,none,distinct,2 3 5 6 7 8 9 16 19 25
AA1WXCAeW430K5UOSg00H68o5HIiMI9WiA,10,plain,none,mixed,1 1 4 5 6 12 12 14 16 29
AA1W0b23924IPd4eYIIn0937uusGvJAp5G,10,plain,none,mixed,1 3 5 7 8 10 13 13 17 23
AA1W8Ga597aIeqB1K1050K2DtA1GP4eB2o,10,distinct,none,distinct,2 3 4 7 8 9 10 14 17 26
AA1W68k50KP9YBgLHrW4ea2eeECRiYfcK8,10,plain,none,mixed,1 1 5 6 8 11 14 18 18 18
AA1WGXvNtBAYaa50O9088hsL4B4e96Wu0Z,10,plain,none,mixed,1 4 4 7 8 8 10 11 14 33
AA1W2D0GHFqgQZ14KWWIKkwitaWm9WvOEH,10,plain,none,mixed,1 4 6 6 9 10 13 15 15 21
AA1WGI48ka0iOIYC6J16HAKPZ89M96II9m,10,plain,none,mixed,1 1 5 6 6 7 10 13 15 36
AA1W40C96JWS45JsgA1K3BTWhaD4fZQOJG,10,plain,none,mixed,2 3 4 5 9 11 12 16 16 22
AA1W50pEa04Ccc2O10851qEIoArSB28Y2m,10,plain,none,mixed,1 4 4 5 9 10 12 16 19 20
AA1W48G40U2seI1qUX42GQ0e4x8iAXG850,10,plain,none,mixed,1 1 2 5 5 7 10 17 22 30
AA1W914Ob4C0a6m52H6K30O0H6ewdG90m4,10,plain,none,mixed,1 1 3 4 5 6 10 16 24 30
AA1W21XIwOI28HJeY3G4mbGK5mOo9288c4,10,distinct,none,distinct,1 2 3 6 8 12 14 16 17 21
AA1WHGHOAKa8eYQXeA1H2_hEQrb4BXyl20,10,plain,none,mixed,3 4 6 8 8 9 12 13 18 19
AA1W20P2Rm73Ifd0XWIAHT4PH49fxtPX18,10,plain,none,mixed,1 4 4 4 6 11 11 15 17 27
AA1W9JM7GB2GY8F1aX1Wi4GGBQ6WW239Oa,10,plain,none,mixed,1 2 3 4 5 6 7 7 31 34
AA1WGK3d1O3oCK1GaYKEKn4f3HXRHQWI4G,10,plain,none,mixed,2 2 3 3 4 10 13 20 21 22
AA1WY32oMJ0e9AP5OGaGKYWA9H4icadfa2,10,plain,none,mixed,1 5 5 6 7 9 9 14 15 29
AA1W93LPt471D94Ga0aE8qYWm2UbDCGw18,10,plain,none,mixed,1 3 7 8 8 10 12 13 18 20
AA1WeIIHOmA1BKs6onGWW1fn_2VGX41AYC,10,plain,none,mixed,1 2 2 3 5 8 15 20 22 22
AA1W59C912aWNKtG2887GC0KaZaHQ5aY0B,10,plain,none,mixed,1 1 2 3 4 14 14 16 21 24
AA1WCn1GH3YCS5KuAYK1GaSe6XKacGeqXK,10,plain,none,mixed,2 3 5 5 6 8 13 13 13 32
AA1WAWf5uZ8c90msh1W2O824oYiH9MudI2,10,plain,none,mixed,1 2 4 4 8 10 12 16 19 24
AA1WHI4HGC68HW1mXYa2GTBXQFfZqLWK28,10,distinct,none,distinct,1 2 3 4 7 8 13 16 17 29
AA1WHI6mk2iWo0aSYQOIWH60W10KYRx8I1,10,plain,none,mixed,3 3 4 5 5 6 8 15 24 27
AA1W1X4MX18219GGw30Wq5xnDHf8eX490u,10,plain,none,mixed,1 1 2 3 8 10 14 16 22 23
AA1W51-xuGCiawWiu10CIrFKkL448qWC2G,10,plain,none,mixed,1 3 5 5 9 9 9 11 19 29
AA1W0K9iZmoDP8BQd08b9I6Y249CwKIYYa,10,plain,none,mixed,2 3 3 5 8 10 12 16 20 21
AA1WGKwR10ab7f044Ia8tcqyJK5WLYB20O,10,plain,none,mixed,1 2 2 5 6 7 9 13 24 31
AA1W50HXymj14v4G80ZIGe4WdgtqB208C0,10,plain,none,mixed,1 2 3 3 8 8 10 12 17 36
AA1WYaHk68HS1GnBV8YWGw8g48n52qQbgW,10,plain,none,mixed,1 3 4 8 9 11 12 12 17 23
AA1W30L44Y2MUp4EJ1K61I8f4KcAIiAeZ4,10,distinct,none,distinct,1 3 7 8 10 12 13 14 15 17
AA1WD129976us6H4I480810Ka60Fvt422G,10,plain,none,mixed,1 1 1 3 6 11 14 16 18 29
AA1WHJ92cJDP1aCCXq8510q2eIYq4ZXoH6,10,plain,none,mixed,1 4 4 7 8 8 10 15 18 25
AA1WWX4IwIgmOKDq54e1C-oGa5YYN1UPo2,10,plain,none,mixed,1 1 5 6 7 11 13 18 18 20
AA1W223GJLX0OSWzM0Y2ebfKcb9r9Obic2,10,plain,none,mixed,1 4 6 7 7 10 12 14 18 21
AA1W2WFCqO2O5HIaW0XLJBOP3OcqB1MbI3,10,plain,none,mixed,1 4 4 5 6 7 12 17 22 22
AA1W10C1eBb6eJ2HN444892GI58Xev64o4,10,plain,none,mixed,1 2 8 8 8 9 10 10 16 28
AA1WHJQ5KIbQ8d54GY82H8QLKz1a2eIaKI,10,plain,none,mixed,2 7 7 8 11 11 12 12 14 16
AA1WEXLXQbz1GAQX0884ZKOHcYYODBf4i8,10,plain,none,mixed,1 5 6 7 8 10 12 13 13 25
AA1Wf19ncCyXP6E16uqGKKqGA6WYBIAHCH,10,plain,none,mixed,2 4 4 4 7 8 9 13 18 31
AA1W0PmuX6w4XLH5K1We6egw6Z6eqb6bGq,10,plain,none,mixed,1 3 5 5 9 11 13 17 17 19
AA1W4X8C6WFF14GB4OfD1GD50JokZ8P3WY,10,plain,none,mixed,1 2 5 5 6 7 10 12 23 29
AA1W2rI4IaAYehHPJP2HC5lx4Na1ZHA0W1,10,plain,none,mixed,2 3 6 8 8 8 12 15 18 20
AA1W8fE5PAJ10E1baWa4uc2pW50KaYYeI4,10,plain,none,mixed,1 3 3 4 5 7 8 10 13 46
AA1W89WK7ONPg61SOJ490eJLa21A4WZ3Cf,10,plain,none,mixed,1 2 3 3 6 9 15 17 18 26
AA1W20K108e2HGq2WRa50T20n66en25HIH,10,plain,none,mixed,1 2 3 4 6 6 8 20 24 26
AA1W89490YWKCZa5GOI4Gg59f994Q5IaGb,10,plain,none,mixed,2 3 4 7 10 10 13 13 17 21
AA1WGC5_9qZ0TCLXT8Y6bYK8eH89TKIZv4,10,distinct,none,distinct,1 3 4 7 8 10 13 16 17 21
AA1WJ3m9PC2_Nhz45180mGH4pM6a1H4K14,10,plain,none,mixed,1 1 5 7 10 12 14 14 18 18
AA1W8mkO7KBcS548I13B0sHkSZ5ZO89HA8,10,plain,none,mixed,1 1 4 5 9 10 11 17 18 24
AA1WKA4IGWS2WKOY80C2WKF1BeU3mQ2954,10,plain,none,mixed,1 1 1 4 10 10 13 15 15 30
AA1WO299ZHaKHXIuII860aOKYYbj4pcVD1,10,plain,none,mixed,1 4 8 8 8 9 12 15 15 20
AA1WE4VWnP8ZbYAOf082DUf5J9QXeXijYO,10,plain,none,mixed,1 1 6 9 9 12 13 13 16 20
AA1W8Glo58tPG-1m60G2YeQcYZFWY2Ga2G,10,plain,none,mixed,3 3 6 6 9 9 10 13 14 27
AA1WGiIcIhv70u664nO4L80mpIDGWC4a91,10,plain,none,mixed,2 2 4 6 6 6 8 9 17 40
AA1W1OGH1aJfO470w4eI2KE9FDN9C0GY0W,10,plain,none,mixed,1 4 5 5 6 7 12 15 17 28
AA1WCXOB7PDMq2uH8C121f2CY5KKWWK511,10,plain,none,mixed,1 1 1 6 9 10 15 18 19 20
AA1W28T4eK2qOR3OLQ4308102OQHYOY29I,10,plain,none,mixed,1 3 5 6 8 8 9 14 14 32
AA1W2YOm4u9vSAPJA0XH0ej5XaBOY0e2Gf,10,plain,none,mixed,1 1 3 7 8 11 12 13 19 25
AA1WGXr8N1WNYaMf3yY0fIbYKWw4GC2yaX,10,plain,none,mixed,1 3 4 6 8 8 8 11 13 38
AA1W4JyXuY8H2WqG60892AXIYOT58bCI1G,10,plain,none,mixed,1 1 5 7 7 8 12 17 18 24
AA1W0n4A0e694f0es0CWiAX9L4BpJCG20m,10,plain,none,mixed,1 1 1 7 9 11 15 18 18 19
AA1W15HPO4I4fjyBHYEc2cAaOWcqSYB8KG,10,plain,none,mixed,1 5 7 7 8 9 9 14 18 22
AA1WG1-tCSXeaeYJGAIJ14uf9Y8seoYqjG,10,plain,none,mixed,3 3 3 6 7 8 15 15 17 23
AA1W8YA9HbAAZCXuZGb28IpGYAfYie8gSA,10,plain,none,mixed,3 4 7 9 9 9 12 12 14 21
AA1W196Mfa8Hi8a48X8WK6ummJ1OfBmy0W,10,plain,none,mixed,2 2 4 6 7 10 15 18 18 18
AA1WA0m4cIQKK3GB0W451G24WS2CHHO6Gq,10,plain,none,mixed,1 2 3 4 6 11 11 15 16 31
AA1W974v0L44W0YaaGcX9IoXKDGgzH380W,10,plain,none,mixed,1 1 5 7 9 12 12 13 16 24
AA1W5Gq70Z7woHD4IGn0O52uJXLeIac9eG,10,plain,none,mixed,2 4 4 4 5 8 11 17 20 25
AA1W0vKaWOYXNOJGKOYS8H36QhI4SWCYG9,10,plain,none,mixed,1 1 2 3 8 10 17 17 17 24
AA1WgN288I50aA64zKH024WfADCDdqcOf4,10,plain,none,mixed,3 3 5 6 6 7 10 14 21 25
AA1WXceYWO39uH3k2088Y4XKKHGZyWY4Wq,10,plain,none,mixed,1 1 3 10 11 12 12 14 14 22
AA1WeH490rO44gJU4GeX0K6Hi5naKTTA0m,10,plain,none,mixed,1 1 2 8 12 13 13 13 15 22
AA1W0Eo38k4s8bYGD30Ia8JwUeA7714waK,10,plain,none,mixed,1 1 2 7 9 10 16 17 18 19
AA1W10uMbQ5K8gAY4D2GRs6XPja0V0u9v2,10,plain,none,mixed,1 2 2 3 10 11 13 13 14 31
AA1W919EX2S5IEHn2AC10G4AhAQ1G116km,10,distinct,none,distinct,1 2 4 5 7 9 12 15 16 29
AA1W1WF4xukMBIR8v5410YBeOH3S49Wiam,10,plain,none,mixed,2 2 3 4 5 10 13 17 22 22
AA1W1Kf4mYO0WDYqm40IKHaauHICH12qKY,10,plain,none,mixed,2 2 3 5 6 9 11 13 23 26
AA1WCYCM8HH99Hpn2IO58fhHKoKqH851IC,10,plain,none,mixed,2 4 4 5 7 9 11 13 17 28
AA1Wf5859A8f4AIHA8OG810_Wa4eLA9SeL,10,plain,none,mixed,2 2 3 4 8 12 12 12 20 25
AA1WWPBgJ0gZ2en84aeGjuY1IA2WayOOX4,10,plain,none,mixed,1 2 4 7 9 12 12 13 19 21
AA1WHOX4mz43GSKHWmK0O5YC57fgbMeSu1,10,plain,none,mixed,1 1 2 3 5 12 14 15 21 26
AA1W44G10Bb48HBfHGeq0O2eJaYa4OZ8He,10,plain,none,mixed,1 1 2 8 9 12 12 15 17 23
AA1W4XaDXCAHfDXek09WK1W9GIAp3Wu10H,10,plain,none,mixed,1 1 6 7 7 11 11 16 17 23
AA1WZ4W4NIirWa2b2G8H1C5H2kaN2mqGw1,10,plain,none,mixed,1 1 2 5 9 9 15 17 20 21
AA1W2Wi2Aaaj4ex2XW0E964Gsuq6GhcT0K,10,distinct,none,distinct,1 3 5 6 7 10 11 16 20 21
AA1W2H58HPAB9unGj0OGoDID2e8s9d4H50,10,plain,none,mixed,1 4 7 7 8 12 13 14 16 18
AA1WZ2NOOV3G5OUWn0a8b1HP78oMwii24a,10,plain,none,mixed,3 3 3 5 6 7 11 16 19 27
AA1W4aAZY5uE0R3gkKHX1YF11ecA86W4fK,10,plain,none,mixed,1 2 5 6 6 8 10 12 13 37
AA1W9AGWd4IXP4n5a4W4IYgGk4MAJGI3qG,10,plain,none,mixed,1 2 6 6 7 12 13 16 17 20
AA1WA0WCYKGe60qA98X2WICMZyI2Gup6O0,10,plain,none,mixed,2 2 3 4 4 8 8 14 26 29
AA1WXC9XY19XIMb0518HXA4mF0mIC3ySa4,10,distinct,none,distinct,1 2 4 5 7 8 11 13 21 28
AA1W5IHo8X4GUSo48WqO10fL5BC8206aGY,10,plain,none,mixed,1 1 5 6 7 8 9 16 22 25
AA1W48H3uNYWqeaCOIX7060mDYZC1I24C0,10,plain,none,mixed,1 1 1 3 6 6 15 18 20 29
AA1WWi8qIaH5GI5440I1nGJYI6Otqx50a4,10,plain,none,mixed,1 1 3 8 8 9 11 15 19 25
AA1W4OaWXIY29fX2Gi0AYzLp48Wq4blX8I,10,plain,none,mixed,1 2 3 6 8 9 13 18 20 20
AA1W5Q85OBnHo1G250KB1ex7G1OQGw6aY4,10,plain,none,mixed,1 4 4 8 9 9 10 11 20 24
AA1WWy8-dA9ne6gWC0W4WaGHPGX8z0KeX8,10,plain,none,mixed,1 1 4 9 10 11 12 15 16 21
AA1W26Gs4GR5GIeD1WE4ayC1OR0a20P30I,10,plain,none,mixed,1 1 2 5 8 9 13 13 24 24
AA1Wo0H3OInX18GuqY42CY28L2GqUJmBa4,10,plain,none,mixed,1 1 2 3 9 10 14 14 22 24
AA1W48kA8nH5uX147Y160y5hp5AoWg1m8X,10,plain,none,mixed,1 2 5 7 8 11 11 13 15 27
AA1WM1OAYBOY8A2nM2G0W4la40D8U0W80c,10,plain,none,mixed,1 1 2 3 6 7 15 17 21 27
AA1W5Gvu2yNa4WN26WaA2IGZ2YB22HBeB1,10,plain,none,mixed,3 3 3 5 5 9 12 16 17 27
AA1W8Y2GE2WQDX8928K8XuY0G20I1KJQOe,10,plain,none,mixed,1 2 5 6 6 7 8 9 25 31
AA1WWum20QXPQ8MEfXC5aPZyGI4eeX2a0G,10,distinct,none,distinct,1 3 4 5 6 7 13 16 21 24
AA1WJ54WG37Bw8WAPi5969IKDaeDaoiAn4,10,plain,none,mixed,4 4 5 6 7 8 9 12 16 29
AA1W8WK9d8P3m6XIGA249X1MMoIO9040O2,10,distinct,none,distinct,1 2 3 4 7 9 14 15 18 27
AA1W8E04HOaCKkDIBf8H4YqJ8EX1CHvN-1,10,plain,none,mixed,1 4 5 8 8 10 14 14 18 18
AA1W30O4c76r2Zn7W109WtEviJWaL1I4X2,10,distinct,none,distinct,1 2 6 7 8 11 12 15 16 22
AA1Wq6IIcigX258A0e6I1040OkX45IOXyC,10,plain,none,mixed,1 2 5 6 8 11 12 12 13 30
AA1W8WC88W663HWy4IA30G2lLqcIJ8R13G,10,plain,none,mixed,1 1 2 5 11 11 12 13 20 24
AA1Wmm5mmw19D4GY4oc9E991G71OA0ArW4,10,plain,none,mixed,1 2 2 6 11 11 15 15 17 20
AA1W2RxkX2D8lTOi7WmY7GBaW842L9qOXW,10,plain,none,mixed,1 2 5 8 9 10 10 15 20 20
AA1WHA9GY29XKqYWK4G0mB58918GK3aGa4,10,plain,none,mixed,1 3 3 4 6 6 15 15 23 24
AA1W30k9fBCGa60H2qY18812OaigHLHGGa,10,plain,none,mixed,1 1 5 6 9 9 11 17 19 22
AA1WOYC6nMZQTW9GI0G0O_Kt4eceH0mK24,10,plain,none,mixed,2 2 5 6 7 7 8 10 18 35
AA1W38MSlgoaIvCQPCS90NH0dOveW1nxvG,10,plain,none,mixed,3 4 5 5 6 9 10 16 20 22
AA1W4YXIaeKaeEWOEv8Y5uH2E9A5Vs1mK1,10,distinct,none,distinct,1 3 4 6 7 8 11 17 19 24
AA1W1W2mJG41gPD9d0YGB451ID8AZCP912,10,plain,none,mixed,1 1 2 5 7 8 10 12 16 38
AA1W94raRYD1O2ud48X45We58JaGb6YX11,10,plain,none,mixed,1 4 4 6 6 7 12 18 18 24
AA1W6HI9CG2mlWT1K9G0niD-gMBG10WGXH,10,plain,none,mixed,1 3 4 4 5 7 7 21 21 27
AA1WWCBVA_eWk3ex50eI2WG1mHWYYLUK0A,10,plain,none,mixed,1 2 2 4 5 5 17 17 21 26
AA1W1IbIYmY1CYvB2BHWK-3u6yrOAr2970,10,plain,none,mixed,1 1 1 7 7 9 14 16 20 24
AA1WI4SKfOP5qlaaAm68NI4H5QQah22G30,10,plain,none,mixed,1 2 5 5 9 10 10 17 18 23
AA1W91sOCN50XQJhQSO598GB8jo6sDHNY1,10,plain,none,mixed,1 2 6 6 6 9 12 15 16 27
AA1W8Cem139qeEJvYGueGRRk3Z4GLwVOMa,10,plain,none,mixed,1 2 5 7 8 10 10 13 19 25
AA1WG5028cgHHGoH9Y0M4WbQGU0k5v3BwH,10,plain,none,mixed,1 1 3 5 7 13 13 14 21 22
AA1W4TOf0g29Tbie2GK8q8X1GdIegL74a8,10,plain,none,mixed,1 1 5 9 11 12 13 13 17 18
AA1W8Xi19CiHYu91G9150q7RWf5853eT0X,10,plain,none,mixed,1 2 5 7 10 10 10 11 17 27
AA1WWYAYvt9Go8YGX20AUI2fP4BVjc8H0e,10,plain,none,mixed,1 4 4 6 7 7 9 20 21 21
AA1W6Gd1042aYUE1Y2G20F1G6JMaiYKJaI,10,plain,none,mixed,1 3 4 4 7 7 10 15 19 30
AA1WAXcup4mbNIDbt18C2D7QKY860n8o62,10,plain,none,mixed,2 3 5 6 7 9 9 12 12 35
AA1WC2Z528AX5gAGK5G184yhG2OuN2GY64,10,plain,none,mixed,1 1 2 3 7 13 14 18 19 22
AA1W1EKKYq4c4nYEe4YM4c2GHSC1XS5WG2,10,plain,none,mixed,1 2 3 4 5 5 6 20 21 33
AA1W9XI28JE6Ho5Gk5m00K2YYI48148T0m,10,plain,none,mixed,1 2 2 5 6 7 11 20 21 25
AA1W2X2YMWukQ4oML93I185kS-uf6KOAPW,10,plain,none,mixed,1 3 3 7 9 12 13 15 18 19
AA1W608K-a1h4ek0G4090hIY8b4eJ1SJXa,10,plain,none,mixed,1 2 4 5 5 6 11 17 20 29
AA1Wkce994WG91BOL2622Wag30K4g8m2B5,10,plain,none,mixed,1 2 2 3 3 8 12 15 17 37
AA1W48WZ28IAT3h28X2GH21mCHZaE1dC54,10,plain,none,mixed,1 1 1 6 7 14 15 16 17 22
AA1Wg0a4EmX1HbCoka905QlHXfavWg6GXH,10,plain,none,mixed,1 2 2 7 9 9 10 16 20 24
AA1WmE2S9HFnWuQEP2m0Y88o9C0H4WIt0S,10,plain,none,mixed,1 2 3 5 7 7 13 15 22 25
AA1WI8L28H2MJwP2EGOY4K1050q9XA9KWG,10,plain,none,mixed,1 2 2 6 8 10 12 15 16 28
AA1W9XYyrQGq72OLCP382u91hbL8D66I20,10,plain,none,mixed,1 5 5 6 8 10 11 15 19 20
AA1W184BvW8Ukd2Gq308HL9YzPI4g18K5G,10,plain,none,mixed,1 3 3 4 7 8 13 17 18 26
AA1WI4AA4mD1GSZa9aK4N3P8u8Mx58Wq6W,10,plain,none,mixed,1 2 2 6 7 9 12 17 21 23
AA1W0e9XaaIC4P2qHcCG8u50a8HstaGY2W,10,plain,none,mixed,1 2 2 4 11 12 13 17 17 21
AA1W50o48h65GgAWA1G2eH2uGIqWe50K0i,10,plain,none,mixed,1 2 3 3 8 9 10 12 20 32
AA1WK22Z2esNc2qBZSOHXWH2G_66aamGA4,10,distinct,none,distinct,1 2 3 5 8 11 12 13 21 24
AA1W8D1aaC2bKvH55Bmc041AIA1fCoCGW1,10,plain,none,mixed,1 1 3 6 10 12 13 15 18 21
AA1W20KkIAXa8Y58ZA8I1bCYYCHjAFXWC2,10,plain,none,mixed,3 4 5 5 6 10 10 13 18 26
AA1W0G8Co1hS6GJ4G9848fCwGA1mwEFiSG,10,plain,none,mixed,1 1 2 3 8 8 13 14 22 28
AA1We7Fc0mA1fLEKYY48Y3X2m8YHWg4WYO,10,plain,none,mixed,1 3 3 4 10 11 13 15 17 23
AA1WGB_E5J1W4tZ4MXI8efKK79KaJ4XO4W,10,plain,none,mixed,1 3 5 5 9 11 12 13 18 23
AA1W5K6Pn5ihGC92OYY16uiM5N2Wi0JAXe,10,plain,none,mixed,1 3 6 8 8 10 11 13 13 27
AA1WJ1gjOO2OG5f4WXm8A2mH5f0XbiaAYe,10,plain,none,mixed,1 1 5 6 6 7 10 12 25 27
AA1W14Ya787DSOH52SZICeeawTRWn6M30i,10,plain,none,mixed,1 3 3 6 10 10 11 14 20 22
AA1WKZ88f144W4IMS032WCHjk8v5ug3H0f,10,plain,none,mixed,1 3 4 5 9 10 13 13 17 25
AA1W0mAHG0d4KQpQA1GL2OBHKCXWYm2P38,10,plain,none,mixed,2 2 2 4 6 7 10 17 20 30
AA1W9Gf5GnAGSYYijGo30N2CY4XH1WMyY4,10,plain,none,mixed,3 6 7 8 8 9 11 15 15 18
AA1W2eZ20U6WnAMiJ480G50mAqYdO7M7IY,10,plain,none,mixed,1 2 4 6 6 10 10 11 19 31
AA1W2GJB08h22KKA0O44mK33eSYKGI3YIH,10,distinct,none,distinct,1 2 3 4 5 6 7 22 23 27
AA1WW2573UGHSxBWIXGOd86P4GmoKrTXk5,10,distinct,none,distinct,1 3 6 7 8 10 11 15 18 21
AA1W1GPYyUYCK0X8GY2G891GE1tE5oHk10,10,plain,none,mixed,1 2 3 4 9 9 11 16 18 27
AA1W0eo4uY4GW4szABXAPLAHGWQ4GL8oXG,10,plain,none,mixed,2 2 4 5 5 8 13 14 19 28
AA1W4OGpAPb8i7dK10W8oq2GKbAd8HGg20,10,plain,none,mixed,1 1 2 5 10 13 13 14 19 22
AA1Wes6EG58HPvE0y1G0A8mfgLBmSY4EWC,10,plain,none,mixed,1 2 3 3 6 10 10 18 23 24
AA1WIJnMH2f4Z7eo4WS30WS5G88A6uwmYG,10,plain,none,mixed,1 1 3 3 6 10 10 15 22 29
AA1W48WH8X18anorAmYOpA8X7VZz08I3s8,10,plain,none,mixed,1 2 3 7 8 9 9 12 19 30
AA1WI24ecZ7zQCWY91GI0ev5Mb096LUe4G,10,plain,none,mixed,1 3 4 7 8 10 14 14 18 21
AA1W68nALKL5ms0QDXXC1KD2I4mK493Gi4,10,plain,none,mixed,1 1 2 6 8 11 11 17 20 23
AA1WM5GL0H2Wa3b4MCI8d30E7hZ61GW49Y,10,plain,none,mixed,1 1 3 4 4 5 10 19 24 29
AA1W0fMArd92GJX5JoHia4YGqAaMbC44z0,10,plain,none,mixed,1 1 7 8 10 12 12 13 15 21
AA1WKf14fG87A4uav3899IfIeyM2pHG8Y8,10,plain,none,mixed,2 2 3 3 8 11 12 15 16 28
AA1W58l7ueGaqdCZGGw2WI4OZI15DaC902,10,plain,none,mixed,1 2 5 7 7 8 15 17 18 20
AA1W9lXXSIKZ2D1eb5844YJGPqd4H6ue00,10,plain,none,mixed,1 2 7 7 7 7 12 15 16 26
AA1W4WZ4Wg96X8BMH2u2082WwCPc6do2cG,10,plain,none,mixed,1 1 2 8 12 12 13 14 17 20
AA1W4obKjP38XA9Y80W61mk4PBmo8G2Wm6,10,plain,none,mixed,1 2 2 8 9 10 11 16 17 24
AA1W70Z2WfAYHXICp2K2GT20WS4geEsNL2,10,plain,none,mixed,1 3 3 5 6 9 10 20 20 23
AA1W95Gj5MK9rgb1q04X0X6IcDknE9i1WY,10,plain,none,mixed,1 3 5 6 9 9 12 13 19 23
AA1W0O2mL2gaX5XaY2G8oTBWA2Wc5mu34G,10,plain,none,mixed,1 1 3 5 8 9 10 13 17 33
AA1WGGz1oOS4JAHI7r418Gk5hR4XGL2IC9,10,plain,none,mixed,1 1 4 5 7 8 10 17 19 28
AA1Wemn48k75IeA6YHCX0N2CCJadgmnff1,10,plain,none,mixed,1 3 4 5 7 14 14 15 16 21
AA1W2GM9Gp5a4OH4M9Z0WS3RIKHXIClGJW,10,plain,none,mixed,1 3 4 5 7 9 9 16 22 24
AA1W8v8B1Kb3YK0o6J82Wa68f4Y1k8HXWC,10,plain,none,mixed,1 1 5 8 8 11 13 13 19 21
AA1W8g3G4egp8qzd2vG3H4YWh8Pm54HL2X,10,plain,none,mixed,2 2 2 3 4 9 10 14 23 31
AA1W6fM4gHLGeQ0a40H0W4F7yKPkCmWs0H,10,plain,none,mixed,1 2 3 7 9 9 10 14 21 24
AA1W0pSHJKMF4DAW84W2OAgYhIb4H3mc4S,10,plain,none,mixed,1 1 2 7 9 9 10 17 19 25
AA1W0Y89n23rC1SWa2WZa9H2mMYaw2e2WO,10,plain,none,mixed,1 1 4 5 10 11 13 15 18 22
AA1WY0SZIHmbqWY58w3q1C3OG11mc2XCH4,10,distinct,none,distinct,1 2 3 6 7 10 12 13 22 24
AA1W30KF0cFoIe2GI4m48i6BTBWWw1G50e,10,plain,none,mixed,1 1 2 4 9 12 13 13 19 26
AA1W48yC1WMBH-FQwee10162PKa5GK1WyX,10,plain,none,mixed,1 4 4 6 7 7 7 11 21 32
AA1W50WZaXNDg5Vf1X1KWw1WJwDXGf6AGf,10,plain,none,mixed,1 2 2 8 10 11 14 15 18 19
AA1W09x1GGHXKiA8GI4LYaIa4HbqKIBf34,10,plain,none,mixed,1 2 3 6 7 14 15 15 17 20
AA1W9T8n04LdjYCDXebW9GL0m58bDGKYW0,10,plain,none,mixed,1 2 3 4 6 6 11 20 22 25
AA1W2854rKf28W0Wo2W8HTBmkTUem1WK4W,10,plain,none,mixed,1 3 4 5 6 7 7 10 18 39
AA1W249I28lf51080Hao2W40P57OJodKaC,10,plain,none,mixed,1 1 5 5 8 8 9 13 19 31
AA1W2OQyXK0IIGrFL9mHHEIeoU49HYYWW1,10,plain,none,mixed,1 3 5 5 5 10 14 14 17 26
AA1W18b3XGY3mkBCb8I0W_69Nw65eG40gA,10,plain,none,mixed,2 2 3 4 6 7 10 15 22 29
AA1WcZKGX792yNu9PWi0i5QKH0YGMG4D02,10,plain,none,mixed,1 2 4 4 5 12 15 17 19 21
AA1WCW1TE7oU4hmB10GOYCHb4GYvEb8YI4,10,plain,none,mixed,1 2 4 4 5 13 13 18 19 21
AA1W50SIuf8Q4GA6IHZA1GIAWuB2aHyHWP,10,plain,none,mixed,1 3 6 8 10 11 11 11 11 28
AA1W9Cbb0I4eO5QaRGG8a4WC2FGX-poJeX,10,plain,none,mixed,1 5 5 7 10 10 11 11 13 27
AA1WHYLIoAT0mAGoQA30W42uk0bP199KMW,10,plain,none,mixed,1 1 4 6 8 9 11 18 20 22
AA1W8989XuYYeKc4AX32Gq4maA13_S1W01,10,plain,none,mixed,1 1 2 5 7 9 13 13 20 29
AA1We32eAoahpT0eAKM67n0fI8Gu6Gpv4W,10,plain,none,mixed,1 1 6 6 8 12 14 14 17 21
AA1WaaM8I64We3qyY2W0A4SebXQ8JL4L2e,10,plain,none,mixed,2 2 4 5 5 9 9 18 23 23
AA1Ws5Jg1aFYWeX550I0b8B523DehS5Gi3,10,plain,none,mixed,1 2 6 6 6 10 12 14 17 26
AA1W8WwG8qJ4e6qX99A3W6UtqeIUab8uj0,10,plain,none,mixed,1 3 3 5 7 9 13 18 19 22
AA1WKYAdafaH2hBeSIA22C10Hmj9Csc5Xa,10,plain,none,mixed,1 5 6 7 8 8 9 11 19 26
AA1W2H8M10K4Z2ZfYo4P3JCdYfY7WCE2uP,10,plain,none,mixed,1 2 4 6 7 7 10 12 16 35
AA1W0W20SCSI1oA55Gc8We3Gw50a8zYAI2,10,plain,none,mixed,1 3 4 6 6 9 11 13 18 29
AA1WD0G20HnYC9FfYu428c3KK2Kn1OY49e,10,plain,none,mixed,1 1 1 7 9 11 12 13 20 25
AA1W4HA3faD08QDKQY49HC9MHQ9Oq748Y8,10,plain,none,mixed,2 3 6 6 7 8 10 14 18 26
AA1WI1S4Y3aKaAXZqOBDHHcIy9B5eXK8WW,10,plain,none,mixed,2 3 5 9 10 10 12 12 13 24
AA1WII91I3L5O92WC2238HQx8VlbIAHs1G,10,plain,none,mixed,1 2 6 6 7 10 14 15 17 22
AA1WS0R2WKugOAMIig440LbmncKInKOIKn,10,plain,none,mixed,1 1 7 10 10 11 11 12 18 19
AA1Wb5m96GGS3GaK5YH4JSOC1GNd4Wf18X,10,plain,none,mixed,1 3 5 5 6 7 7 11 20 35
AA1W4EY6YiIWmOb3aQ8H4DQZQ5BvJ24WC4,10,plain,none,mixed,1 5 6 6 7 9 12 14 19 21
AA1Wo8I2GJ2f55XYL0a0C10GS38P2ucWXC,10,plain,none,mixed,1 3 3 5 7 8 9 13 15 36
AA1W4C8h1O57E_lrw92c1XE2Ir63GwHH61,10,plain,none,mixed,1 5 9 9 11 11 11 12 12 19
AA1WC0W24YaBAIg3Gw8210BbKQWO38MF92,10,plain,none,mixed,1 1 6 6 6 7 14 16 17 26
AA1WmXyFWCH2C5NIa98a0bXPCXv9cWC1G9,10,plain,none,mixed,1 3 3 5 9 9 14 14 19 23
AA1W40ZqRKIYJ2pYGKnP294X28f48WOe8O,10,plain,none,mixed,1 1 1 2 7 9 11 19 19 30
AA1W50K8MSKWbpK2GnG4XEBAOr15bBA18H,10,plain,none,mixed,1 6 6 7 8 8 13 15 17 19
AA1WY5mRimOZE2ee9HKC2W94YOXfMvI9A5,10,plain,none,mixed,1 2 5 8 9 10 12 13 13 27
AA1Wn09OqRAAYCKieiI45aNX3AP2yadwu4,10,plain,none,mixed,1 2 6 6 8 11 13 16 18 19
AA1W914CLfNnG29UNG3AGo4AV1WXkZI4X9,10,plain,none,mixed,1 1 3 6 11 13 16 16 16 17
AA1W1894AXKxOWLGHI610E9nGI2E3ei3KA,10,distinct,none,distinct,1 2 4 5 6 9 10 20 21 22
AA1Wn59YeP1bQJeIIIo9GIZY4GemOWu5aW,10,plain,none,mixed,1 3 3 4 10 12 13 14 16 24
AA1W9lCPJ9RhZ6We4GYGC198X6WO5oI948,10,plain,none,mixed,1 3 4 6 10 10 12 13 17 24
AA1W6Wc8efISG2CC5gY1eJ4JYaGMECsGuO,10,plain,none,mixed,1 2 7 7 8 8 14 17 18 18
AA1W1L5KpQ0vMWrqsI0b2f9MqkCCjW6oCX,10,plain,none,mixed,2 5 5 6 10 10 12 13 16 21
AA1W4A1nE4H18OYGD9gK10pM4Go6DX08C2,10,distinct,none,distinct,1 2 3 4 6 7 15 16 20 26
AA1WXYwBH3CeBcax8S034JIQYZ1Q2aiAe9,10,plain,none,mixed,2 6 6 8 9 10 12 13 16 18
AA1W4Y8XC92HsuHG95G4g8WaKZapY084Y4,10,plain,none,mixed,1 1 3 7 8 8 9 17 22 24
AA1W418BPUKLXiDEfo8GQGME4K0WeaXob8,10,plain,none,mixed,1 6 7 8 8 10 11 11 11 27
AA1W0u4B2hOyUb58B28GQLSWrBB2M08e0G,10,plain,none,mixed,1 1 2 8 10 10 14 15 18 21
AA1WH1cCX0mCn7YVGY250WcZKg5294DHIa,10,distinct,none,distinct,1 2 5 6 7 11 12 14 18 24
AA1Wf4eHq3W1G9X2GX1O1GIUKIYC9YF598,10,plain,none,mixed,1 2 5 5 7 9 12 16 16 27
AA1WMZ430O257Ts81Oe2WAH6KJCvo852G9,10,plain,none,mixed,2 2 3 4 5 7 16 18 21 22
AA1WH9e8K3ZIJhT7mW22HPfK4GYeocHaHG,10,plain,none,mixed,3 4 5 6 6 8 10 15 19 24
AA1WZ4e1ZgQ4S3C40e6PHK2X4qYaI1E5ua,10,plain,none,mixed,2 3 3 5 6 13 13 14 17 24
AA1W8YGQ6abJAMSG0e4CGqfYKP5AiGW0WB,10,plain,none,mixed,1 1 6 8 8 8 10 18 19 21
AA1W1KE1841nKO81oGIp8Q2e918ISKQLHW,10,plain,none,mixed,1 3 4 5 6 6 8 11 24 32
AA1WIHo8D4T1CR3G1m9B0uWKOL0c7H1OO2,10,plain,none,mixed,1 3 3 4 4 6 16 18 20 25
AA1W234-4HcayKY2WmqH92XXCKE8o0c49X,10,plain,none,mixed,1 1 2 4 4 13 13 18 20 24
AA1WA6L2eYeMGeYaKh4aYad0rA1OB4Ge13,10,distinct,none,distinct,1 3 4 6 10 11 13 15 17 20
AA1W850O1yeom10e4GIE7GX0u8ezEOZ2GI,10,plain,none,mixed,1 1 3 4 6 6 10 14 27 28
AA1W3343G8MHij0HG60KYfZI6KrGrYq8X6,10,plain,none,mixed,1 1 1 6 9 10 12 15 20 25
AA1W8Q5YGe62WC9d74eI9Gv32QGX8N48J8,10,distinct,none,distinct,1 2 3 5 9 11 13 15 16 25
AA1Wn28D2E4nAiBWe2654dOAID1eA1150a,10,plain,none,mixed,1 1 5 6 8 9 10 14 17 29
AA1WaLYOPT7nYaEa1WW0YA9cq2P329a1Ya,10,plain,none,mixed,1 2 5 6 12 12 13 15 16 18
AA1W1GM0baaWKb0a5HD3XWC1136GJq3GA0,10,plain,none,mixed,1 2 2 3 4 4 12 23 23 26
AA1W0r2eSLDYuWWR2u8GqgcHY9Gr3rXKWX,10,plain,none,mixed,1 3 6 8 9 11 11 15 15 21
AA1W4F90Kj1eC43Wk2GiB3eZ1rMe91WK1G,10,plain,none,mixed,1 2 2 3 6 7 8 20 24 27
AA1WA1C4p0111CLKgHL8X14BmFbuP5FnEG,10,plain,none,mixed,2 4 5 6 8 9 11 11 18 26
AA1W8Q2XYaYYKU8X48Y6JoWmACXGI281C4,10,plain,none,mixed,1 1 4 6 8 8 9 16 20 27
AA1W8D258n2A2ObSBXAmG432K6X1GYDoY4,10,plain,none,mixed,1 3 4 7 8 8 9 14 23 23
AA1WaXHP042LC9D9eOYoAC9aHY2mEKQb2X,10,plain,none,mixed,1 4 6 7 8 8 10 17 18 21
AA1W6GbIA5a28O516mK8HqI2Q7FwyGXaH6,10,plain,none,mixed,1 4 4 5 8 10 11 15 16 26
AA1W48u2Ka9rG8Z1eAXB0p6W9T4uJ3K4aW,10,plain,none,mixed,1 1 4 5 8 10 13 16 21 21
AA1WGX8g295aWYrmOh5H1Ic1qDJaYWg4n5,10,plain,none,mixed,1 4 6 8 10 11 12 16 16 16
AA1W18I5ZaGq55Z6AmY4Wy9GlGs59AbY08,10,plain,none,mixed,2 6 7 7 8 9 12 12 18 19
AA1W4WI3ec2KahHqHa12850mAkXAGizyCW,10,distinct,none,distinct,1 3 4 5 7 10 13 14 15 28
AA1WAaKYKIaAYOWf6WuI4GXWC432OfAMI4,10,plain,none,mixed,1 3 4 4 8 9 16 16 19 20
AA1WAKB1IAGX88c3b1aOL5YuA1487OcGa2,10,plain,none,mixed,3 4 4 5 8 9 11 15 16 25
AA1W4aHS9K5CPIXU104Q58maY-GS5DgjWC,10,distinct,none,distinct,1 4 5 6 9 10 12 16 17 20
AA1Wa3WQ39aWC7X7LIoE504K4NHt4GW4X6,10,plain,none,mixed,1 1 3 5 5 6 14 16 20 29
AA1WX42Og60mra9W0015IcGn6A18f6GQ15,10,plain,none,mixed,1 1 4 4 6 6 7 16 22 33
AA1We30SWa10nJgYGG2WC19IA6Wu4YCHAL,10,plain,none,mixed,1 2 2 4 6 6 15 19 20 25
AA1WWCfff2chw7anw9G49L9oqaKH8gvS8K,10,plain,none,mixed,4 4 6 7 8 10 10 17 17 17
AA1WGeyPw855i1XInoX1GHsLiOj7AM5eA0,10,plain,none,mixed,2 3 5 6 6 8 8 20 21 21
AA1W68f9l2mSYZ4O4Y44H06BHfL2HH8A0W,10,distinct,none,distinct,1 4 5 6 8 9 13 17 18 19
AA1W91a9s5YiPS8q6G2318CaeKACgWMQoY,10,plain,none,mixed,1 3 4 6 7 11 12 12 20 24
AA1W4HO8AfACLF5LiW42WPFEeuvbnEKIWE,10,plain,none,mixed,1 2 8 8 9 10 11 13 15 23
AA1W3LR5D254b58nGS0N51eIYRXQ5msQi4,10,distinct,none,distinct,1 3 4 5 7 8 13 18 20 21
AA1WOY5WW42aK8OaBXG9IIYGS3GX4SCWY8,10,plain,none,mixed,1 1 4 5 6 12 13 15 15 28
AA1W38I2MPp9IAY00182H26Wb4f5YaSBaC,10,plain,none,mixed,1 3 3 7 7 10 11 13 20 25
AA1WGH859I1ouDWGS5W919hJq6HCb4Ked4,10,plain,none,mixed,1 2 3 3 9 12 13 16 18 23
AA1WICGC0G40OKwOeaXG62H1BVmK1mD1C4,10,plain,none,mixed,1 1 3 4 8 9 10 10 23 31
AA1WZaaXaAqfjN2z7K80OI50uqAecHC5u1,10,plain,none,mixed,1 1 1 8 8 11 14 16 18 22
AA1WGj4Ka8Y76BLkuH18d9gJA1WqBG42CG,10,distinct,none,distinct,1 3 4 5 6 9 10 14 21 27
AA1W0b2NA50e60GaiXaKCYuH1GX4OcCI2G,10,plain,none,mixed,1 3 5 5 6 8 9 13 16 34
AA1WH48d4Q1mX4JeU4e4j4894IWt4Wq91G,10,plain,none,mixed,1 1 5 5 9 14 14 14 16 21
AA1WHA84uJb5uZ7Dm20C9GQZA6HsSGaGaY,10,plain,none,mixed,1 2 2 5 8 13 14 16 19 20
AA1W04aGDXwEs594Cwau08SBMaaCX6Lpr1,10,plain,none,mixed,1 3 4 4 6 10 14 18 19 21
AA1W0Y5cH55GkAgcWq9WN2Oog8Z8UCG_iG,10,plain,none,mixed,2 3 6 8 8 9 13 15 17 19
AA1WQGYP1YMDOy1PCe0GALjBQaehUhs2mZ,10,plain,none,mixed,1 1 6 9 9 13 14 15 16 16
AA1W2OC2KfH3TbiDas490W58vAsEk3XaHG,10,plain,none,mixed,1 4 4 8 11 12 12 12 17 19
AA1WGHf0rHWfa512WX2C1JgQicbqVWNw2G,10,plain,none,mixed,1 3 4 5 9 14 15 16 16 17
AA1W0W86nAa2mEX4ebe2GW71mIh9jAWC1W,10,plain,none,mixed,2 2 2 2 3 11 14 15 21 28
AA1WXHH44uXSCM4QWC045Cf38LbA1WKaIJ,10,plain,none,mixed,1 1 3 7 7 9 12 14 21 25
AA1W50e616AX4eqDHY850c4XWC2G2fA4mY,10,distinct,none,distinct,2 3 5 6 7 8 10 15 21 23
AA1WL14KH1WI9QOCc10ebtLV60eEZYUDGM,10,plain,none,mixed,2 2 3 4 7 10 12 15 16 29
AA1WSIYY9HSNCXu920W4Zmf0GM8o50qL0Y,10,plain,none,mixed,1 4 5 6 8 10 10 16 16 24
AA1WOZ8frDOH84em64G23nAA9GY4dYOD0a,10,plain,none,mixed,3 4 6 7 7 8 12 16 17 20
AA1W9WH31NqCWYtIuHW60H4b3jM48aeeAH,10,plain,none,mixed,1 1 3 4 9 12 15 15 17 23
AA1WX24MBcaqSEY18GQX4W8mfIfHf2yPm8,10,plain,none,mixed,1 1 1 8 8 8 15 18 18 22
AA1W514Q0BfH6mXBAYOIgfDiG23IoeACX2,10,plain,none,mixed,1 2 6 7 8 8 14 17 17 20
AA1W60oOHB0W1SaAWs691DH0aL4ejrS71W,10,plain,none,mixed,1 1 2 4 5 10 15 20 21 21
AA1WWVMwGSWYWcI8D145HMXXEBCrgg4f18,10,plain,none,mixed,1 3 5 5 6 13 13 14 19 21
AA1WL0m6H86HHr9A8K20e9Wjy95e8H2MYW,10,distinct,none,distinct,1 2 4 6 7 10 12 17 18 23
AA1WGqI2qKIPa9f1m2WOCY2O1368mXuB1Y,10,plain,none,mixed,2 3 3 4 5 6 6 11 13 47
AA1W40GzXoQGPiI4N28D2aAoEr9IHHC70W,10,plain,none,mixed,1 5 7 7 10 11 11 13 16 19
AA1W2Ga90L4Jv_qEG8Y1872hHyYG8MeNR2,10,plain,none,mixed,2 3 4 4 5 8 12 16 22 24
AA1W0X2oaQchK4WPdWAmSIvHIDg8TcJEHK,10,plain,none,mixed,1 3 6 7 12 12 12 14 15 18
AA1W3GL1yC-ESJc45GM8WA4WK4wcYQok0W,10,plain,none,mixed,3 4 5 6 8 8 11 14 17 24
AA1W1GE1fKfYSKh0G6048G2H491mX1SRWK,10,plain,none,mixed,1 2 4 5 6 10 11 11 23 27
AA1WGYBGE4AQCB0PPuWA8n7G70uvsBgh8i,10,plain,none,mixed,4 5 5 7 7 9 10 11 12 30
AA1WAJ6X69ndeFXqGb41B0XQGGM8ZYW41W,10,plain,none,mixed,1 1 1 4 9 13 15 18 19 19
AA1W0bcqGwTr8CCMAoXZ1MKyHbb9bASXC4,10,plain,none,mixed,1 2 4 10 11 12 12 14 14 20
AA1W8H96Om208g0c2KK0e812CLnQuN5m10,10,plain,none,mixed,1 2 2 3 4 6 11 15 26 30
AA1W48B5JGezHo50K30CX65X7mdmE1Ga28,10,plain,none,mixed,2 3 5 5 7 9 11 13 15 30
AA1WA1ZBWA1YXYVLZYK0WB2ZIhMIWFqJ42,10,plain,none,mixed,3 3 4 6 8 9 9 12 21 25
AA1WGYU8d2a2GOKgaPW41LLg4MKgLZieD2,10,plain,none,mixed,1 4 5 7 9 9 10 13 18 24
AA1WWK99I4SL4BOwa2W1IHS8L4GeiKwv54,10,plain,none,mixed,2 2 3 3 10 13 14 15 17 21
AA1W60o50mE3zPXCeW10m52eWH3GII1WCO,10,plain,none,mixed,1 2 2 3 5 5 8 23 23 28
AA1W8N1WK35GiT3M8J08KYL8a10E5Gqw8n,10,plain,none,mixed,1 3 3 6 6 7 13 14 17 30
AA1W8W9X1-2o4A2WC0GJXS9qffiuZ50Y2G,10,plain,none,mixed,2 3 4 4 5 10 14 15 16 27
AA1WAUIHIYoUHJXm522a28We3CZ61e9Z0W,10,plain,none,mixed,1 1 4 7 8 9 13 16 20 21
AA1WGo7S0W7P4WWE70GGY892GIQXIWIMaa,10,plain,none,mixed,1 1 3 4 8 11 12 15 18 27
AA1Wr68H28eaG9Xq10522e50QZaU7830O2,10,plain,none,mixed,2 2 2 4 6 7 8 18 21 30
AA1WGXKAb5hX2J8G9XWA0GZaNYneAu43Xm,10,plain,none,mixed,1 1 1 2 9 11 12 16 21 26
AA1WW9WNf88uMGd2a9X14DvywF2WK1CCMG,10,plain,none,mixed,1 1 5 7 7 9 10 17 17 26
AA1W4XA98v2GU41Ww5G0G20D45HeY48q4W,10,plain,none,mixed,1 2 3 3 4 5 10 13 27 32
AA1WCHVRyjcOG54x0O2Ip28G2hWgWXa2i0,10,plain,none,mixed,1 2 3 4 7 7 11 19 23 23
AA1W1WEDr2DjY8ASc1GE0B1wQC9aAKa7W8,10,plain,none,mixed,1 1 3 5 10 10 12 15 19 24
AA1WGKZKSnO2EMH5Gv8e3WYyqB0q5enin1,10,plain,none,mixed,2 3 4 5 11 13 13 15 16 18
AA1W0PITsYKD568a60OL3GA48w9VJn4aWW,10,plain,none,mixed,1 1 3 4 7 15 16 16 18 19
AA1WI63GgA4D080a3UXY2950q4SYeV5anK,10,plain,none,mixed,1 3 6 7 7 7 11 16 18 24
AA1WGQ21HPpAb92ef5260ILZAQZ438994W,10,plain,none,mixed,1 1 6 7 9 10 14 14 16 22
AA1WIYGuGug_38Q9Gk9K192ZWO2GU_aa44,10,plain,none,mixed,1 3 3 5 8 11 11 15 16 27
AA1W5C6TJP5i2L3aOh4I68ac2F0OraOe0J,10,plain,none,mixed,1 3 3 5 7 9 13 15 22 22
AA1WJ6J3YqEG2CmIw0mYgMEfA2v4maeIKI,10,plain,none,mixed,1 3 5 6 7 8 14 14 19 23
AA1W2Bnk4ccIOPLKAYOYN4ACOF0q49432O,10,plain,none,mixed,1 2 5 10 11 11 12 13 15 20
AA1WB162e8CAE8HXI0e0e53sasPnf4GGXo,10,plain,none,mixed,1 2 2 5 7 7 8 18 25 25
AA1W4Nb_Wg9I58ka8X8WH4ZHk9283DOX2K,10,plain,none,mixed,2 3 7 8 11 11 12 13 14 19
AA1W58b6Ga4eaGJab421G81mC8B1uPjK4G,10,plain,none,mixed,1 1 2 6 7 8 15 16 20 24
AA1WWHEZYCL204mZY0G8V0z1eAoKaa8GI6,10,plain,none,mixed,1 1 3 4 5 7 14 15 23 27
AA1W50T5kHKAWCGH2uO41W91CqX18C2XfO,10,plain,none,mixed,1 1 1 2 8 9 12 14 22 30
AA1W2K6WbOJ50ITUa2Gc1DF1E9iIeY2H2C,10,plain,none,mixed,1 3 4 4 6 7 11 17 19 28
AA1WACG60WE3I528GI6H48YWyS081GB24G,10,plain,none,mixed,1 1 1 1 4 11 14 19 20 28
AA1WGGcyhY4FD30e14GH9Gr5OBnJ94GU08,10,distinct,none,distinct,1 2 6 8 9 10 12 13 19 20
AA1WcKh90a9Q6OnAImI0Y4JPXKEZEeYK4G,10,plain,none,mixed,3 3 4 8 11 11 12 14 16 18
AA1W9OeSY-9Ph8icPo00m6KrH5vFIWveXW,10,plain,none,mixed,1 1 4 8 9 11 12 13 20 21
AA1W2GHFAfY30C58HQ02mq9oOEWaGA1mKX,10,plain,none,mixed,1 2 3 5 6 8 10 17 17 31
AA1WGXmDQC4WYqb8I4G4Oeey5ilcaXOG10,10,plain,none,mixed,1 3 5 6 9 10 10 12 18 26
AA1WnWS1880bPM4X8921KKZ4AWYK7YCHfK,10,plain,none,mixed,1 4 5 5 7 7 11 15 16 29
AA1WHX7Gn6Qa4uXcK1048r_GL20Wa0cWI2,10,plain,none,mixed,1 1 1 6 7 10 10 16 19 29
AA1W8mQ18HKCRZg852C60a2yNcZGY8SIW8,10,plain,none,mixed,1 3 5 8 10 10 12 15 15 21
AA1W4GH2n59GHZ6S3Ma30J2X4egHLXB_2G,10,plain,none,mixed,1 3 5 6 9 11 13 13 19 20
AA1W20LGqPvui3S8X80IBKKYqLb8gCfwfA,10,plain,none,mixed,4 6 7 8 8 10 11 12 12 22
AA1WK40354AaKLw5pX06NPx6fKfEPACG2A,10,plain,none,mixed,1 2 2 5 6 8 16 16 17 27
AA1WWoaa50Saoe4i52A0MmYDT70W4kJHIA,10,plain,none,mixed,1 1 2 5 7 8 10 14 24 28
AA1W10aWYhJ2e30eRqHGP218A_t4u92C90,10,plain,none,mixed,1 1 3 6 8 8 10 17 23 23
AA1W2J89MC9aASWI28Ce4uUa8XaDajSGI1,10,plain,none,mixed,1 3 6 6 6 9 10 16 19 24
AA1W0OA1KLIQmi1Wg0W8ve911BPGY5mY10,10,plain,none,mixed,1 1 1 6 8 9 11 13 20 30
AA1WWX53Y4eLfInGU30H6eynAAAS9We3c4,10,plain,none,mixed,1 2 2 4 9 12 15 16 19 20
AA1WGQ8S0kuHW548v0K50TDozOh4bD834O,10,plain,none,mixed,1 1 5 11 11 12 12 15 16 16
AA1W2Obf2esvHC0E4aOK9G03KbucKEKKIA,10,plain,none,mixed,1 2 3 4 4 8 11 11 20 36
AA1Wb52KPbyZh2LHimAYYX9EC0u9YDIIWg,10,distinct,none,distinct,1 3 4 7 8 9 10 11 16 31
AA1WOW6E1yfZLBPKZSG1Gua264ouOy9GoH,10,plain,none,mixed,1 2 2 5 9 10 14 16 17 24
AA1W4SW30YOL23I2KGCHiLaKgPA5999Y0G,10,plain,none,mixed,1 1 4 5 8 11 15 16 19 20
AA1W489EATIi4Ga18T889UAJGg6W88b4mH,10,plain,none,mixed,1 1 5 5 6 10 13 14 15 30
AA1WA1EAs812FXXIKJ0g4yen18N494KB9H,10,plain,none,mixed,1 3 7 7 9 10 11 12 15 25
AA1WGCSMZ2KAm8Y3aKHXI8XrgoB8f144SK,10,distinct,none,distinct,1 2 3 4 9 12 13 17 19 20
AA1W9XeLPW80bYo8I4e184Oir3WNg14H1O,10,plain,none,mixed,1 1 1 4 8 9 10 20 22 24
AA1W4H1CX1alr91m10460827o1WM3BXy99,10,plain,none,mixed,1 1 3 3 6 7 17 17 22 23
AA1WOX28N1yPfB0K2WD8WKeWW10D2aGC09,10,plain,none,mixed,1 1 1 5 10 10 10 16 20 26
AA1WIGf67a-72r8Y3MI805e582trlKQWY8,10,plain,none,mixed,1 3 3 5 7 9 10 14 22 26
AA1W90eEHRWe64Y4H0528X4s69IgPRW719,10,plain,none,mixed,1 4 4 6 8 11 11 14 15 26
AA1W0u72BuYoIII64Y46WaAOpA34KWIK1W,10,plain,none,mixed,1 2 3 8 10 10 11 14 19 22
AA1W0K4dXFB44MWV48Xg188WKRObISb8Oa,10,distinct,none,distinct,1 2 3 5 7 10 14 17 18 23
AA1W0m40XON2R5Gcx9G1G96HoB0Y8g3oU8,10,plain,none,mixed,2 2 3 4 5 12 12 14 17 29
AA1W0OYXoOaGKEM28WGYtYut9EeXK9xe91,10,plain,none,mixed,1 1 5 5 8 8 16 17 19 20
AA1W92GY4O41B3Swmad42aay_bLY20I284,10,plain,none,mixed,1 1 3 7 7 9 11 14 16 31
AA1W4QIXGJ8ToJX8I1mY789vekB610CYX4,10,plain,none,mixed,1 1 7 7 11 11 12 13 15 22
AA1WYgLQN4WYCRxZaWe8CI4ICH14AB6H42,10,plain,none,mixed,1 4 7 8 9 9 9 13 15 25
AA1WKKH3914IqcaAhG8GiA2HnehI2eHaX4,10,distinct,none,distinct,1 2 3 4 8 9 13 16 21 23
AA1W1G6g2eL0f7mB4508B0I1H4pgmY8GIS,10,plain,none,mixed,1 1 3 4 5 6 17 18 20 25
AA1WGa4a4GISe5iOYvW9an28GPgSJGL4mP,10,plain,none,mixed,2 4 4 5 7 8 10 16 21 23
AA1W4MCIA9cvRI58OWoMa25enYFiYIXn60,10,plain,none,mixed,1 1 2 7 7 13 15 16 17 21
AA1W11w40P65GdZ3Gk8IA4GKSU4aPB6eaX,10,plain,none,mixed,1 1 6 7 7 10 11 18 19 20
AA1W9PKAX2K9bEgbZAY0W761a8y91LG6C4,10,plain,none,mixed,1 4 4 5 6 7 12 13 20 28
AA1W3WiVecwH45KS9WeC1MKnTtXg49S820,10,plain,none,mixed,3 4 7 8 8 9 12 12 17 20
AA1WG11aKIa8gVaK10GII4n24F0N2GOM6G,10,plain,none,mixed,1 3 3 5 5 5 17 17 18 26
AA1We2HWgKIaScaq7HIOKGO71v2oL83050,10,plain,none,mixed,1 2 3 4 5 5 7 18 23 32
AA1WX0A9fDLOBE9249YmY4MWR4We42Wny4,10,plain,none,mixed,1 1 5 6 7 8 10 19 20 23
AA1WZ739Y8GcOSHYGOW3Y4fP395Gt58Oj6,10,plain,none,mixed,1 1 3 5 10 13 14 14 17 22
AA1WGHh8A96vyM6Wq2G0m1j3mejmH2WI50,10,plain,none,mixed,1 2 3 3 7 9 10 15 21 29
AA1W1dPOW1YqQoifKKGK47948XwYNbelQH,10,plain,none,mixed,3 4 6 7 7 10 10 12 14 27
AA1WXGX8H88X4epUFf2X850R2eD4C9IpOO,10,plain,none,mixed,1 3 5 6 7 10 12 12 20 24
AA1W004YiKY19c8IjWa2gQJIBGYQGFYyam,10,plain,none,mixed,1 2 4 6 7 10 14 16 20 20
AA1W18m89Q4PG96e528Wq2WkrM5ea4Wg2W,10,plain,none,mixed,1 1 3 4 7 8 13 16 21 26
AA1WKHLIPmMEKO2YhZG60h-0UfaEXgMg0m,10,plain,none,mixed,1 3 7 8 9 10 10 11 20 21
AA1WHGypWJEH6Lh1O50G91n6iZ2eCam90Y,10,plain,none,mixed,1 4 5 6 7 7 9 13 23 25
AA1WIK7IA4GI8B3Y4GX2MI1WA1d4xWyHD8,10,plain,none,mixed,2 3 3 7 9 9 9 13 17 28
AA1W0G30EG60IOae5rG4HbD9iB989fAQCH,10,plain,none,mixed,1 2 3 4 11 12 12 14 15 26
AA1We4_mSY8JC9mA18595es2aeZ4gBSWH0,10,plain,none,mixed,1 2 3 6 9 11 15 15 15 23
AA1W4cC1Mex4Ha9HtOSWh2YCdfbWERo68a,10,plain,none,mixed,1 5 6 6 7 9 12 17 18 19
AA1W1WEX48_0eGc4030GmI58O50O16AHIA,10,plain,none,mixed,1 1 1 3 5 6 11 18 25 29
AA1WH4-GL0IRRM6Inb81degCeKaIHCACXC,10,plain,none,mixed,3 5 6 8 9 9 10 12 13 25
AA1W12e9RqDCI18QxmCNAYeEI8GzeLXtb0,10,plain,none,mixed,1 2 2 4 7 7 9 15 24 29
AA1WWK1FWSe80O5BaCH4IMJHcKfaGJYyXG,10,plain,none,mixed,1 2 3 4 6 7 13 13 17 34
AA1W0G3EXnAdSIB9GH430G1Q4KWC2JhjI8,10,plain,none,mixed,1 2 3 7 8 10 10 11 13 35
AA1WHA98rHXuKBHRZWW292OGe59uSOgQa2,10,plain,none,mixed,1 1 7 9 12 12 12 13 14 19
AA1WgcN4WK4q6II5Gb88BOg9GS0i5gIaoW,10,distinct,none,distinct,1 3 5 6 8 9 11 14 18 25
AA1W24G729bB2TWC2iKaAGSZqD2g2WP292,10,plain,none,mixed,1 4 5 5 9 10 12 12 20 22
AA1WAYNoyYide5082mHH3GX0W8W62HZW90,10,plain,none,mixed,1 1 4 5 6 7 14 17 22 23
AA1WXCOP50gIOAH7fIA1JP3BGQ5a7mu0K4,10,plain,none,mixed,1 3 4 5 8 8 12 14 16 29
AA1W0S4XYqPYiDBXY2SWn53Gm8naKC8X02,10,plain,none,mixed,1 1 3 3 8 12 13 18 19 22
AA1W8L1w99IcG4BYH3GY18Kg2H1X4GocWy,10,plain,none,mixed,1 1 3 5 6 9 11 18 23 23
AA1W4Gp3EcPDO0KGzPW4XP1GnwGEThDaHH,10,plain,none,mixed,1 1 4 6 7 9 15 18 19 20
AA1WI8iAu8aKa6Y1IZ230Watd9V4aXtIrG,10,plain,none,mixed,1 1 4 7 9 10 12 15 16 25
AA1W0WBA4GI2eee240KPYiGX8AQInI7Wk9,10,plain,none,mixed,1 1 3 5 5 11 14 15 22 23
AA1W2JYmI94PbEZmk0G8Q2aYnX04CXmY58,10,distinct,none,distinct,1 2 3 4 8 9 11 15 20 27
AA1WG5Wb6BHueD9FieXaG1gFOGw74eI8WO,10,plain,none,mixed,1 3 4 4 8 10 11 14 22 23
AA1WIKAb0PIPZGQ28KACCW7GXVE9L2e0X8,10,distinct,none,distinct,1 3 4 5 7 10 14 16 17 23
AA1W9AaiaNw50G16FHWH1GzaGAO1WOb8aa,10,plain,none,mixed,1 1 3 4 7 10 10 11 14 39
AA1WCNms2Gv7M6uv79694W93f4CqWiG0e8,10,plain,none,mixed,2 5 6 6 8 8 9 11 17 28
AA1W28XY8AJ1RI0fBGeS0W3W7mHbD9fAHC,10,plain,none,mixed,1 2 3 4 7 9 13 13 18 30
AA1Wb4I2GQ3SgC28HgAI081W4YXaX4B4OI,10,plain,none,mixed,1 2 2 3 10 11 12 14 19 26
AA1W97GOb8IyQqwdq2WGTq94eb6GT0I50I,10,distinct,none,distinct,1 3 5 6 8 10 13 15 18 21
AA1WGnPTBO2WYCGE8A09XCrf6IL2aWIWX7,10,plain,none,mixed,1 2 3 4 7 8 17 17 18 23
AA1W2WWEc6Ub38bq0G8KZQPHWgoWKCxg58,10,plain,none,mixed,1 3 4 6 9 10 11 13 13 30
AA1W4XG7SYIJYQAPH9880W0kGF5AnYC9Z1,10,plain,none,mixed,1 5 6 9 10 10 13 13 14 19
AA1WOig48GHnC7H3WG11UANMaD0aq2OqfY,10,plain,none,mixed,1 4 4 4 4 8 15 17 17 26
AA1W4f5_8Q0oiyXhi909Q4B5HI0mLmI8a1,10,plain,none,mixed,1 1 5 9 10 10 10 16 18 20
AA1W6PHKaq4AWJY44q461HHUB92aL2XqGI,10,plain,none,mixed,1 5 7 8 9 10 11 11 18 20
AA1WH5nn6E1eB29CSH6WGYmA4WwFuFsnaW,10,plain,none,mixed,1 4 5 6 8 9 10 10 14 33
AA1WK628P1DGW6fjy1GWA2G8qYSUb4YEIO,10,plain,none,mixed,1 3 4 4 4 9 15 16 21 23
AA1W64WN0xe50PYy3uYA7eaKcag150XCGX,10,plain,none,mixed,1 1 3 7 7 7 10 15 20 29
AA1WI3C2ca9P83eK30OK30q0eD6bcGO50K,10,plain,none,mixed,1 1 4 6 7 10 13 14 17 27
AA1W2Gg50O15OH7u9w22WQ2eCfHqWC2GA2,10,plain,none,mixed,1 3 4 4 7 7 8 12 26 28
AA1WI0uX470o54QPKAH6AHncCHy89nEEG0,10,plain,none,mixed,1 2 4 8 8 8 10 14 21 24
AA1W1fgEKp9Y4KKsbqma54h4e8Yd2af84W,10,plain,none,mixed,1 4 7 7 9 10 11 15 15 21
AA1W2IFH2MeL4bP6Hncaaa4u80jbLrGH44,10,plain,none,mixed,3 3 4 4 6 7 8 16 21 28
AA1WI0eGiO4QK5XHkIGC0Z_NzSNSE2qKvH,10,plain,none,mixed,1 5 6 7 10 12 13 15 15 16
AA1W8X56HDWa4LDHf308HjD3j4BdP10O4g,10,plain,none,mixed,2 3 4 7 8 8 10 12 20 26
AA1W1JmY48b2a5Olq9H8IHXQAaTY3W2X48,10,plain,none,mixed,2 4 4 4 9 10 12 13 16 26
AA1W1G4219ZCAJ880K2ShCOYaKXOYMIJ34,10,plain,none,mixed,1 2 4 5 5 9 13 15 22 24
AA1WGB99D5YqbcOr6Ga80aqa4YCeD0d706,10,plain,none,mixed,1 1 8 8 8 9 14 15 16 20
AA1WH16OpG10a1GJCeDOJ2aH1BPzg1AWa1,10,plain,none,mixed,1 2 5 6 7 9 12 12 20 26
AA1W1GEX5eTroo99C11I0a3X92GEZ2eH23,10,plain,none,mixed,1 3 3 4 7 8 11 16 19 28
AA1W0WO9YQ5Go1cARGI4GaCBYPKvf34J2O,10,plain,none,mixed,2 5 6 7 8 8 10 16 17 21
AA1Wc7PAqsIe9Se40WC8Yadbu2YKZk0a24,10,plain,none,mixed,1 1 4 7 9 9 14 16 18 21
AA1W6TXKGw3OaI2YP3WG40vXE6TFZqUN08,10,plain,none,mixed,1 3 4 4 8 10 12 16 17 25
AA1W8b44n189ncHEQH0Wg9HHLQB7OQ59G2,10,plain,none,mixed,3 4 4 5 7 9 9 15 21 23
AA1WOjH7LZGK8d6e4g817oOgb15CoQI8IX,10,plain,none,mixed,1 2 3 6 10 10 10 12 16 30
AA1WG0c76jw8qA4-mgX294YqkU8BLjKQJ2,10,plain,none,mixed,1 2 6 6 8 12 13 13 15 24
AA1W0OB0Zu4uLEY9q6W8X64X86n6yaKKWA,10,plain,none,mixed,2 2 4 7 8 9 14 15 16 23
AA1WKHHxGf262p6O58PI12p1OlQO60mz0g,10,plain,none,mixed,2 5 6 6 6 10 13 14 18 20
AA1W26Gn4dC0-gLXiubX0XiDycYmD0o8eW,10,plain,none,mixed,1 3 3 9 10 10 15 16 16 17
AA1W96ab1AYnCXYAMm18DzV60ORmuHb2OI,10,plain,none,mixed,1 2 3 6 7 9 9 12 15 36
AA1W8X7Gn2P201O91eM918V0O30P4XcXQ2,10,plain,none,mixed,1 3 3 6 7 7 8 21 21 23
AA1W8GHnWf5JiTA39sW8Y5AL5aAX4pzzK2,10,plain,none,mixed,1 2 7 8 9 12 13 15 15 18
AA1W94IIaGh5mZKMaSJa3W448YPuec21G8,10,plain,none,mixed,1 2 4 6 6 8 10 17 20 26
AA1WGIecORR3AaH41GaOY8a4UBRBaCdI0m,10,plain,none,mixed,1 3 4 5 9 12 13 17 18 18
AA1WH1BJIcw2a9q-9A250UruIDYQB8ZX2B,10,plain,none,mixed,1 3 9 10 10 10 10 11 17 19
AA1WGa0G1sIXJ4fQBB1C7WE8i8W91bScKa,10,plain,none,mixed,1 3 3 5 6 7 11 15 17 32
AA1W88k91SuD1aKYXd840W2Ee4HYeAYba4,10,plain,none,mixed,1 1 1 6 9 14 14 14 18 22
AA1WA3W4mM2Cnf9X7X0Y44GYFg8g4g64mA,10,plain,none,mixed,1 2 3 4 11 11 12 13 21 22
AA1WEWF4sPK6NIPO57051H0a3UMiD8nigH,10,plain,none,mixed,1 1 4 7 9 10 12 14 14 28
AA1W4WbemT518g3S6aXGPE92I49A8bXqB0,10,plain,none,mixed,1 3 4 4 8 10 10 11 23 26
AA1WCYQ4vfcIne2Wi1W18-qJCn0Wy1Wo4e,10,plain,none,mixed,4 4 4 5 6 7 11 12 15 32
AA1W0Xtoi9sC5cHAAg8Y6ihhOiWxBoDXOH,10,plain,none,mixed,4 6 6 8 9 10 10 12 15 20
AA1WM49HaIsX8Sd2Ln20dI58tX5O3RaG60,10,plain,none,mixed,1 1 1 4 6 14 15 16 21 21
AA1W48f54_YgHMAwQ6G88G082b5q2H24Z0,10,plain,none,mixed,1 1 2 5 7 11 13 16 17 27
AA1W2VPrE5Gca90PFX9A4eI4Uuf2fa70uW,10,plain,none,mixed,3 4 4 5 6 7 8 18 21 24
AA1WH9w4IXB0EZYGI4W89Db2OdAO4Wmj4e,10,plain,none,mixed,1 1 5 6 8 13 13 16 16 21
AA1W0O20MiIgy1WWa269Gf8917Wq8XX44G,10,plain,none,mixed,1 1 1 3 5 5 9 21 27 27
AA1WyHaE2WK4G9195iM24P983AIBGc6Gw0,10,plain,none,mixed,1 3 5 6 6 8 12 12 17 30
AA1WGImK714OK4XA1MK90fX5kIKBXaLc50,10,plain,none,mixed,1 1 2 6 7 7 15 17 21 23
AA1WL5Ef2G71u4b9Y2HA4LEak3HWHq2GI5,10,plain,none,mixed,1 1 4 7 9 11 12 13 18 24
AA1WAQ4f0dGGamc8FHXGH8_Hw0K1umoe9W,10,plain,none,mixed,1 1 2 7 8 8 12 13 16 32
AA1WCN68l28HD518A51KD0K0CWa7YB9J9G,10,plain,none,mixed,1 5 5 5 6 6 11 16 19 26
AA1WYY3HDgmMy8GZgfeX9IbLCcOeIEQOa1,10,plain,none,mixed,1 4 5 7 11 12 13 15 15 17
AA1WL1eH1FXK4zNKr4920eyAB0W671EAGp,10,plain,none,mixed,1 3 3 5 11 11 11 13 14 28
AA1WKCCGaq8I20qcIG4Hlh70efqjLiYWO3,10,plain,none,mixed,2 3 3 6 8 9 14 17 18 20
AA1WOAY891uGO0Wo74O2GZIUp6We7Gso2m,10,plain,none,mixed,2 3 3 5 6 6 12 17 22 24
AA1W2OWS6LSia5YTf6GBWcI9Yjm9112eGK,10,plain,none,mixed,1 1 4 5 9 12 12 13 17 26
AA1WK1WAkM6mY8M8mw4CX1iWeI2GIma8Q0,10,plain,none,mixed,1 1 4 6 8 9 14 15 18 24
AA1WfM4WYMCog8HQ4KI2BGd0A4P4hKA810,10,plain,none,mixed,1 2 3 8 8 12 14 16 16 20
AA1W4X84Y8B5GAXLXYA70hDNWC1Qv050W2,10,plain,none,mixed,1 5 5 7 7 9 9 13 17 27
AA1W38UuceF4K68HDH4I0uJ3gIgZA49nI4,10,plain,none,mixed,2 3 6 6 8 11 12 16 18 18
AA1WmXiCKKWdmpaZ408WH4g28givNZ40G6,10,plain,none,mixed,1 1 1 7 8 12 14 15 18 23
AA1W9A8FoYOGQ8WJGy040X-G-JnI9ID2aH,10,plain,none,mixed,1 1 7 9 10 11 13 14 16 18
AA1W41WaWP1WC1IOj8W8Y7GE28GcAAfKh6,10,plain,none,mixed,1 1 7 8 8 9 9 10 16 31
AA1W0WJCW80KawA4Ba2IYPIPSGcBz6zZYG,10,distinct,none,distinct,1 2 3 4 7 10 12 13 23 25
AA1WP2opbmM0GWa9WOa2AuP6eBE99w7Wa1,10,plain,none,mixed,2 3 3 7 8 8 8 13 22 26
AA1WXCA8m6L8e48Wi5WABISGW108L28b0q,10,plain,none,mixed,1 1 4 5 5 7 10 17 23 27
AA1W1YoISY2K5Qa8H44M3FWa8T4S3CCpb4,10,plain,none,mixed,3 3 3 7 9 9 13 16 17 20
AA1W245D1C934h2eYGaYQUI14G-8tH3870,10,plain,none,mixed,1 1 5 9 10 12 12 13 14 23
AA1WWK3WX8p6d60quJG1HXDG82GjBgBJ48,10,plain,none,mixed,1 2 3 3 6 8 14 15 20 28
AA1W2aeeQ9X5An9jGq6WfnBo4WK2uZ0JGm,10,plain,none,mixed,1 2 7 8 8 9 10 13 17 25
AA1W5P58n81040a4r280e20KYaCXAL8H28,10,plain,none,mixed,2 2 2 3 4 6 13 13 14 41
AA1WIZ4P11OZ7938i4W4Wc9aHYGIR1eE0O,10,plain,none,mixed,1 4 5 6 7 11 11 15 19 21
AA1WGIqLE5HCk6284Xa51G8n7Y2SUM8o4G,10,distinct,none,distinct,1 2 4 6 7 9 12 13 18 28
AA1WKANDCmbs2e988Ga2H6RnHu1WIqdJXG,10,plain,none,mixed,3 5 6 7 9 9 10 12 12 27
AA1WE2uPivAaCbKbiWX90nkAY96uCYBGuW,10,plain,none,mixed,1 4 5 7 8 12 13 16 16 18
AA1W60jYhooES7wPe20K9A5vEKM2Y1455I,10,distinct,none,distinct,2 3 4 5 9 11 12 14 19 21
AA1WH5GTrOBo7HSA2GK4N4o2086IL1XGYK,10,plain,none,mixed,2 2 6 7 10 10 11 11 11 30
AA1WGHCPdamF5AFZ_o129Co0X8fAXCo6eI,10,plain,none,mixed,3 3 4 4 9 12 12 13 18 22
AA1W2H8JNAY6WID4eae89CM5LhYWeD4KYe,10,plain,none,mixed,1 4 7 8 10 10 10 11 12 27
AA1W2G-49enKCH2mmWG4OP4XaeJ7fRGC2W,10,plain,none,mixed,1 1 5 7 8 11 12 16 17 22
AA1Wa8X40G5n9XLqSmeWGA18KCGa58T5Io,10,plain,none,mixed,1 2 6 6 7 8 9 14 22 25
AA1Wh5OZ4ManJAJY4GZ20G2o2MXG210288,10,plain,none,mixed,1 1 3 4 5 8 16 20 20 22
AA1WZ4GX4BGfMh-99p018Z2m40cG78cB8Z,10,plain,none,mixed,1 2 5 5 6 8 12 16 18 27
AA1W38PWLXE6ZgLimG5Gem7P15wJIgMAAe,10,plain,none,mixed,2 2 2 7 9 9 10 13 16 30
AA1WIBe4X8WgXcozSWW48zKD23CJUee5aY,10,plain,none,mixed,1 5 5 6 8 10 12 12 15 26
AA1WiEMEm9WJrCX2L8H12usPbsLhX1KkG9,10,plain,none,mixed,1 3 5 7 8 9 15 16 18 18
AA1Wn0n28NOb85aIXaC44y1Wir4k61E558,10,plain,none,mixed,1 1 2 7 10 11 15 15 16 22
AA1WGmobHiGn5uq4XOHL1fginYAG6Tb3m4,10,plain,none,mixed,1 4 6 7 8 10 11 14 14 25
AA1W1eKEHb4g0l4Xe2GHY5JWxGj88YKAaI,10,plain,none,mixed,1 1 4 9 9 10 13 14 18 21
AA1W203Y8F0aB9YYKY9Q081m60l5t7N5DG,10,plain,none,mixed,1 2 2 6 6 10 11 12 12 38
AA1WX54w15xFAYeH80G8cafWN2xez14BWA,10,plain,none,mixed,2 3 3 9 9 10 13 16 17 18
AA1WI9D2Wc4IAeA4Gc4184ZYGQ6GX2iTXW,10,plain,none,mixed,1 2 6 6 6 6 12 14 22 25
AA1W1Wb2qa125X4X992CGe60o-qs39nM4j,10,plain,none,mixed,1 2 6 6 8 10 14 16 18 19
AA1W8K2WSA4c5ig8AGXGamdmt1mDDP7Sem,10,plain,none,mixed,1 4 7 7 7 8 9 12 12 33
AA1W0eCYbYYK9aIIf8oI8c4H15ZRg5GhP0,10,plain,none,mixed,2 3 3 5 6 7 12 16 20 26
AA1W4Wh37WC11EIp8fG8GY8WMv53mQ3XAK,10,plain,none,mixed,3 3 6 6 7 8 8 13 16 30
AA1W5IB5bKH2870wr5m11gyF01Hf4Y40M2,10,plain,none,mixed,1 2 2 3 5 7 11 15 23 31
AA1WBaG60G4axZKSH2XA7Av3868ZcGa60f,10,plain,none,mixed,1 1 6 7 8 9 15 15 19 19
AA1W2Z6bILKw6HWWa0W8w4g7GaXaLb841G,10,plain,none,mixed,1 1 2 5 8 11 12 13 23 24
AA1WZdGy1G9IfQa9A2W0P7YIT8gkn2CNYY,10,plain,none,mixed,1 2 5 7 9 10 10 16 16 24
AA1WB5DmaYQXDe2W30KX0aQHc4KIHDuZ28,10,distinct,none,distinct,1 2 3 6 10 11 12 13 17 25
AA1Wa2KAWOX5a2uKEImiXCviMXWaAaAWi9,10,plain,none,mixed,1 3 7 8 8 10 11 12 18 22
AA1W8X3OCmA8HmJnJa0GZf4noAW91KBHzX,10,distinct,none,distinct,1 2 3 4 6 8 10 14 24 28
AA1WO0u16a8bs7Ga2kag4f95eIS491rC9Y,10,distinct,none,distinct,1 2 3 4 8 12 13 16 17 24
AA1WAYb10CDa4Ht42WY2WQoIcowK927HKA,10,plain,none,mixed,4 4 5 5 5 10 11 14 20 22
AA1W4WZIg2DHa52an20Gg64GgJ1OD_nW91,10,plain,none,mixed,2 3 3 5 5 9 16 17 19 21
AA1WGY6D2eGXb93e2240e5QISCHZLEG208,10,plain,none,mixed,1 1 2 2 12 13 16 17 18 18
AA1W2X18Y99XX94CXYQWC4ieb7iyfcvt1W,10,plain,none,mixed,1 2 3 4 7 13 16 16 19 19
AA1W4Gx1J4134X04WY56mvA0eL4eFX8X29,10,plain,none,mixed,1 3 3 3 9 11 12 13 21 24
AA1WYCEC2CHIYC9vXGf8J3ROHQNKe2WZOH,10,plain,none,mixed,1 5 5 5 6 12 12 15 18 21
AA1W20WHJrcGumxNm002mfPIieXAJJySI8,10,plain,none,mixed,1 2 4 8 9 11 11 14 16 24
AA1WH4sQfCeyn8v48a41EeD2HX9Hc9Sya8,10,plain,none,mixed,1 1 7 9 10 10 11 13 15 23
AA1WHOQDnQLItA-JG100m2b-2zGG234WGG,10,plain,none,mixed,1 1 1 5 11 11 12 12 21 25
AA1WCObHHHE8A1eTY898P0O7GC1LGK8R02,10,plain,none,mixed,1 1 2 3 9 10 11 12 17 34
AA1WeWC20WFQaqHqBQ8X042CbgUaImS4OG,10,plain,none,mixed,1 1 3 5 7 9 14 16 21 23
AA1WKHXe9F9qA28TvuXH9IgB28PB2X1XGe,10,plain,none,mixed,3 4 5 7 8 8 8 12 22 23
AA1W5CG42KML2mZ0T2KO5KbanQTIA8y0a4,10,plain,none,mixed,1 4 5 5 5 5 12 14 24 25
AA1WH0RPgKhZa89Y91aG2mX7j-HIKA8Xn2,10,plain,none,mixed,1 3 4 7 8 8 14 15 19 21
AA1W0W7Wy751eAHYaCWG8Y4Go1W874O6LH,10,plain,none,mixed,1 2 4 6 6 8 9 16 18 30
AA1W529114pVeG-2Y20TZ3kC928YhKsb2K,10,distinct,none,distinct,2 4 5 6 7 8 11 16 19 22
AA1W0iUYYICNWs7eb4RWXG5Ga5C4G30Y8G,10,plain,none,mixed,1 3 3 5 6 10 10 11 19 32
AA1WWaHatYqSLZB44Xe0WK8GdIc0nfGK64,10,plain,none,mixed,1 1 7 7 8 9 12 16 16 23
AA1W2GC4CWgbgKCYKj0A0l509N6826pLfZ,10,plain,none,mixed,1 2 4 6 7 9 10 19 21 21
AA1W4WvNaIIWIbEGe4H2XuHoFeQCe3mH45,10,distinct,none,distinct,1 2 3 4 7 10 12 13 20 28
AA1We24dS9WipQKLymH4c9ms9gU1aAK9wG,10,plain,none,mixed,2 3 5 7 7 8 11 13 14 30
AA1W42zXG50TFPf2GHoB28WyGICGeYmPb0,10,plain,none,mixed,1 1 3 7 7 9 10 10 24 28
AA1WG125suU6F9AO91I618boK8WpI18YCD,10,plain,none,mixed,1 2 4 8 11 12 13 16 16 17
AA1W814P0us_EAGG10CCXCKXmC1UKiCa4G,10,plain,none,mixed,1 1 7 7 8 8 14 14 17 23
AA1W8b5aKcYXE6hPn8WWGJ2YECPR8ZG56X,10,plain,none,mixed,1 1 9 9 9 10 12 13 15 21
AA1W0889JnaX1G2NX9GE1J7AHOBdydIgWf,10,plain,none,mixed,1 2 2 8 8 9 11 11 19 29
AA1Wb57GL2Oib9XiJMS8AuRKK1G8W2hX2W,10,plain,none,mixed,1 5 6 7 7 9 10 13 13 29
AA1W41sHIJL1aM3m4CY998JK4KL8t2WeCY,10,plain,none,mixed,1 3 5 7 8 9 12 12 16 27
AA1WWK8dB2G22aKcNnGW1AD98Gf7mc1UWq,10,plain,none,mixed,1 1 1 4 9 10 14 15 16 29
AA1W8D2Kd4OgI4mrA99Y3m33A0WR3IecW2,10,plain,none,mixed,1 2 5 6 6 9 10 15 16 30
AA1W6eADKc8Gp40GY0y4H18BnbWmk8Gb0m,10,plain,none,mixed,1 1 1 3 5 7 13 21 24 24
AA1WJGX2mQqNpoAYLY920aY48MiX8I3XgG,10,plain,none,mixed,1 3 3 4 8 8 13 20 20 20
AA1We358p7O8NVReROWO703CGZy8X8nKr1,10,plain,none,mixed,1 3 3 4 8 11 11 14 22 23
AA1W3W106Qoc8Kfe2044HA0m61bV6ief34,10,plain,none,mixed,1 1 3 3 4 7 13 14 14 40
AA1W22ch28bJ38BY4GIX7uXtKEEmm40LYm,10,plain,none,mixed,1 2 3 7 8 8 10 13 15 33
AA1WICmCYRJ6kJp2M88I488A7hoHOfH4z4,10,plain,none,mixed,1 3 6 7 13 13 14 14 14 15
AA1WmauYdhC9vGbQ0u40IcvN45bonXE593,10,plain,none,mixed,1 4 4 9 11 12 13 14 14 18
AA1W9Y894BSkA1CBIK82Xhw0W60pgXaBO5,10,plain,none,mixed,1 3 4 5 9 9 12 16 16 25
AA1WaaImmI5AHQ1KGA121GHo2sJaQaIEH9,10,plain,none,mixed,1 1 4 7 8 11 13 15 16 24
AA1W2m5mYBc2844G80E9ou50h3yvi0Xe2W,10,plain,none,mixed,1 1 2 3 6 7 9 17 23 31
AA1W18YEs6efQGpeWX2O2JVeMgcCIGjsY4,10,plain,none,mixed,1 1 3 6 9 10 13 14 20 23
AA1W20Y3D4PAQ1Wa54899fC9HwaCyNeE2W,10,distinct,none,distinct,1 2 4 5 10 13 14 16 17 18
AA1WXWaGOebAp3M4Ww11axyda1WOiZb6J8,10,plain,none,mixed,1 1 4 8 9 11 13 14 19 20
AA1Wm228o8AWC2kKEnYWW2SmK2mfEB6Wa8,10,plain,none,mixed,1 1 5 6 7 7 8 16 24 25
AA1WH14uqXGKi1GN30H52mk0m91CgQTCv4,10,plain,none,mixed,1 3 7 8 8 9 10 14 16 24
AA1WCkaqGYCfH_aoibaW1AWme6Ga52U740,10,plain,none,mixed,1 4 5 5 7 8 10 16 22 22
AA1WH6W8egPalf2mr5eW2MKByY4MC28U0u,10,plain,none,mixed,1 3 3 6 8 10 11 16 20 22
AA1WA1aL22icaLBYwWD2GfQ9aWq5v1g1W9,10,plain,none,mixed,1 5 6 7 8 10 10 11 20 22
AA1W4XQq23iGc52k6GY8IoAdaHS8nISe4W,10,plain,none,mixed,1 1 5 5 10 10 12 15 16 25
AA1W30G23ayY49vY4E220X98J8b49149v8,10,plain,none,mixed,1 1 1 6 10 14 14 16 17 20
AA1W1GL1WCZYfmW8K5450L1GB2UZbgGo0O,10,plain,none,mixed,1 4 4 4 4 4 12 18 20 29
AA1W20Y9Kg8G8X69HT8KRCPAux3O6GoWC4,10,distinct,none,distinct,1 4 5 7 8 9 13 16 17 20
AA1WaKIGFpEOPB4e4W8OGaOYOvuB2OGO0O,10,plain,none,mixed,1 2 3 3 7 10 15 16 20 23
AA1WB9ZC2_EPIDir1G40G4CYKZH4bT0JP9,10,plain,none,mixed,3 3 4 4 4 4 18 19 20 21
AA1W8ua8HY0a8K3GMSH3091El9X9ABXeH0,10,plain,none,mixed,1 1 5 5 7 7 7 13 25 29
AA1WJ11M0PE0A088AWiKAXiFJaInvtCwXu,10,plain,none,mixed,1 3 4 4 7 10 11 11 16 33
AA1W9GQ4H5WJqLHkDnm20m5bGoIB1Xn11e,10,plain,none,mixed,1 3 4 5 6 13 13 16 17 22
AA1W6cYWZcH0cHM6yaWGb0NBQa0W7d768n,10,plain,none,mixed,1 1 3 7 8 9 10 17 17 27
AA1WAA820MueO928nYaIIXcWe5En6H044G,10,plain,none,mixed,1 1 3 4 5 14 16 17 18 21
AA1WR5O52uB0rAHgag9KCY8Rv8YK0OQ2G8,10,plain,none,mixed,2 3 5 8 8 9 9 12 16 28
AA1W0O2ZHCWWoQYA44GH9uEnQ8QMMJUe10,10,plain,none,mixed,1 1 3 5 7 10 12 17 20 24
AA1W50t6GiXRJAKCH4u20t7WWGFKGLaa28,10,plain,none,mixed,1 1 3 7 8 9 14 15 17 25
AA1WEYfOoGO71AgK0K42OAXZeD42GLBn2K,10,plain,none,mixed,1 2 4 6 6 9 10 12 19 31
AA1WA9CaYCHKIudG8XYG3IP15OdUbq9a0W,10,distinct,none,distinct,1 4 5 6 8 10 15 16 17 18
AA1W2mO3850oupiXq5G1052OI1fGgaO522,10,plain,none,mixed,1 2 4 4 4 9 11 12 20 33
AA1W8OWQ12GI0M0rWIG8n5L789I3GQ7wZI,10,plain,none,mixed,1 2 3 4 9 9 10 14 16 32
AA1W71J80CBt48n04303082DZC7GI3ah3O,10,plain,none,mixed,1 1 1 5 5 8 13 13 21 32
AA1W2GYnCqD2nCPl-0nGBY78Iu2wFWQI13,10,plain,none,mixed,1 1 4 5 6 13 15 16 19 20
AA1WqGYCZe4aeZXz2WYA544Y23eQF230G4,10,plain,none,mixed,1 2 2 6 8 11 15 16 16 23
AA1W9GY6f8D6m22BzKg1mK1Dwm5K8308Y2,10,distinct,none,distinct,1 2 3 5 6 7 8 20 22 26
AA1WGY10GK5z3i2WQ0OIY81eI5H9F5Oy18,10,plain,none,mixed,1 1 2 4 6 6 13 13 23 31
AA1WH46wKahamI9I5KW0E8OXo9AZoD1WaC,10,plain,none,mixed,1 1 1 4 10 11 12 16 19 25
AA1W80YGqGA2YK8u8uX4X4Q7ZUQ5Gx6ZiI,10,plain,none,mixed,1 2 5 6 8 10 11 11 17 29
AA1WA2Gmq4JYeDPG734m5WX862AcIg491C,10,plain,none,mixed,1 1 3 3 8 12 13 13 23 23
AA1WOYhaaahCdXHoDIC4240in3Wks49J4W,10,plain,none,mixed,1 4 6 7 11 11 12 13 14 21
AA1WH0G2CMcWGM4G8mI8mKZ4RbyH29Y820,10,plain,none,mixed,1 1 1 4 4 10 14 17 19 29
AA1WYCGI406REAEaRWW2pmDfwDyIXCKbWO,10,plain,none,mixed,1 3 4 5 10 11 13 14 14 25
AA1WK3AgaI50C848-O8MZHAKTbsl6JgXCA,10,plain,none,mixed,2 4 5 8 10 13 13 13 14 18
AA1WI2SCKM5vqCJYIGXCX4OQHDQGa382OY,10,plain,none,mixed,1 3 6 7 8 10 14 16 16 19
AA1W0W8X786ab8n43aWAAeP2gIQYa8O3WK,10,plain,none,mixed,1 2 3 9 10 14 14 14 15 18
AA1WXch5HGWAaAkLn242YXdbG91YCTud2Y,10,plain,none,mixed,4 4 5 6 8 10 11 12 16 24
AA1W40XkCKIyfI4XNBAK1-831JeA21GCCC,10,plain,none,mixed,1 2 4 4 8 10 10 20 20 21
AA1WGX70AGDHB9H6D14O30q0o49XCxYk0e,10,plain,none,mixed,1 3 5 5 7 11 12 14 20 22
AA1WI0JgbCqKK1081m8n4G42WI38LAJaIY,10,distinct,none,distinct,1 2 3 4 6 9 13 14 18 30
AA1WYC4WKnwcSm92IY020a2mY8KPXEwlmI,10,distinct,none,distinct,1 3 4 5 6 9 10 14 20 28
AA1W1GY72qE0LfsnU429174mPnafSgHZaI,10,plain,none,mixed,1 2 4 5 9 10 15 17 17 20
AA1WC0WS3X4aP9WaB18JY44cA3mL2Gu718,10,plain,none,mixed,1 1 5 5 8 9 14 14 17 26
AA1W0G94GaQpTGxqkGO48Y4WfHYmrFZ3c8,10,plain,none,mixed,1 1 3 9 10 11 13 14 16 22
AA1WC3GB9P9264w45Gem60JmEW8XIIIGff,10,plain,none,mixed,1 2 2 4 6 8 13 14 25 25
AA1WZHcH4aHA2Hs6oL81benA8j1hwou681,10,plain,none,mixed,3 3 5 6 6 9 11 15 20 22
AA1W60JYHAAHgZHG5073hHQAFpboWi4WA0,10,plain,none,mixed,1 1 1 6 10 11 14 15 16 25
AA1WH44WIbiMXnUY5uPCL260G9fCeIXFGa,10,plain,none,mixed,4 4 4 5 5 7 10 17 22 22
AA1W24NIFfb4W38S4mcZ304103LOWI4Wqg,10,plain,none,mixed,1 3 4 5 6 6 8 17 24 26
AA1W8GJLos30jZ6OK50HI5C5XtH2L0m268,10,plain,none,mixed,1 2 2 4 8 10 13 13 23 24
AA1W4BXG1H6zWGOeGi46WjjpMD0O3mk2p9,10,distinct,none,distinct,2 3 5 6 7 8 11 12 20 26
AA1W7Wi2MKzIkA03nXA39A28imWiIpl0G4,10,plain,none,mixed,1 2 3 4 4 6 11 22 22 25
AA1WAEGAnvECGI0wBeIIC9meN88a8A28yK,10,plain,none,mixed,1 4 5 5 7 9 10 16 21 22
AA1W4O41SheXpcHX49XA0S3WZg54qWqoWe,10,plain,none,mixed,1 1 2 6 6 14 14 17 17 22
AA1WmA4928x29IPU7mm44GSWI20vIaHZW8,10,plain,none,mixed,1 1 1 9 10 12 12 16 17 21
AA1WGg2274X1V4YG6v44HIMpFP1LDiInAI,10,plain,none,mixed,2 3 5 7 10 11 12 12 13 25
AA1W205MMiWwa4Gb2O8R2860mKNZqHUKCL,10,plain,none,mixed,2 2 3 7 8 9 11 16 21 21
AA1WP4mE1HBGe4WKu96HM9HLO2aY3GJ4H1,10,plain,none,mixed,1 3 5 5 8 9 13 14 20 22
AA1W4IHo8I8K8n14CXCmbO2Wcae52eGe30,10,plain,none,mixed,1 1 3 3 4 7 10 21 21 29
AA1W58n44XYwh4aQYKWC0K3WSNCC3Gc1B1,10,plain,none,mixed,1 2 2 3 10 10 13 16 19 24
AA1W1958o6PYkDiHYYOWa5fWu4Waa8cJoG,10,plain,none,mixed,2 4 7 7 10 10 11 12 15 22
AA1WHX042HOdY1GJY4m20QiJA2Pql1O8Ha,10,plain,none,mixed,1 1 1 1 7 12 13 16 20 28
AA1W925XIxAoOZ4O48aOJ8c0W8G6sGJOSW,10,plain,none,mixed,1 1 4 5 8 9 11 19 20 22
AA1W4J8l1mY2OOZ64HAi6GWKhH1OXC30W4,10,distinct,none,distinct,1 2 3 4 6 10 14 15 17 28
AA1W81yxW-mo5HfQtR0CAICYdiWXX142eI,10,distinct,none,distinct,1 3 5 6 8 9 12 16 19 21
AA1W1HDnXYHCZHi4GH2eEVz88F1u8bA664,10,plain,none,mixed,1 3 4 4 10 12 12 12 21 21
AA1W8mK4a40e9cf4HmYD0C1yBunAB8Ya4a,10,plain,none,mixed,1 2 3 9 9 10 10 10 14 32
AA1W9450KekyKV0K0HeO4eaWP8XYjxZQ5W,10,distinct,none,distinct,1 3 4 5 6 7 11 18 21 24
AA1W8Hn28OD14eWc2W81W812qaH1A94eL2,10,plain,none,mixed,1 1 2 2 8 14 16 16 17 23
AA1WK9q8H2WcvDX20D11GpbO4IaCYYiHMG,10,distinct,none,distinct,1 2 3 7 8 9 11 13 21 25
AA1W2MYi2WKLk31GYGCY9AxM4XW72GBKIY,10,plain,none,mixed,2 4 4 5 8 8 12 14 16 27
AA1WH2oORqPGB0e3Wi84GWA2We2WpFtBA0,10,plain,none,mixed,1 2 2 7 7 8 10 11 14 38
AA1WI1mL18q9WCnRZ4a40I-KGSha0e80Gq,10,plain,none,mixed,1 2 4 5 8 11 11 11 12 35
AA1W50IIILDH298HgZaG234GiZfugbs1nY,10,distinct,none,distinct,1 3 4 6 8 9 12 16 17 24
AA1W7QO6WA2TCL3V2GaB1GxN419yHHLYWY,10,plain,none,mixed,1 1 6 8 10 10 10 13 19 22
AA1W2iGA1Wg4Y4JIPKIb2XKWJEu30C1Y0G,10,plain,none,mixed,2 2 3 3 6 7 10 14 16 37
AA1W4WKobC91cv4BCOG42A8n9hPQ6GQ1eA,10,plain,none,mixed,1 2 7 8 10 10 10 14 18 20
AA1WGi821YKCnN9mI18ObSCv2A39eX44aG,10,plain,none,mixed,1 3 8 8 9 9 14 15 16 17
AA1WGLaFdyX0M9iXKOW6N6Ki95YS4aGXS2,10,plain,none,mixed,1 1 2 6 8 8 15 19 20 20
AA1WI0I1KyoOZCHcH8ae4m4OfAIY0PbYSe,10,plain,none,mixed,1 2 2 4 8 9 9 18 22 25
AA1Wa89XgMuOZ0G4ybGL5QXCwaD1GAaP0W,10,plain,none,mixed,3 3 3 3 4 7 8 15 21 33
AA1WY0G8bT9sIH4eg2egWf6Z7O0x82GL38,10,plain,none,mixed,1 4 5 5 6 10 14 15 18 22
AA1WabKPGX8FH-Rv8F10YH8Koh320c4f4G,10,distinct,none,distinct,1 3 4 5 6 7 9 18 21 26
AA1WGa6-Pp3GaPLnXe92TKJ0oJWU4Awas0,10,plain,none,mixed,1 4 4 5 11 12 12 15 15 21
AA1Wa50K2uedS2X4ZWI4YF6-j5fI58b4Wa,10,plain,none,mixed,4 8 8 8 9 9 9 9 12 24
AA1WPJ8k1-D1G511GX48200PUGo-eKY8H4,10,plain,none,mixed,2 2 5 7 7 8 9 13 22 25
AA1W2WI898G-Wa2GLuY68j63GOn24CIMHH,10,plain,none,mixed,1 3 3 6 6 7 14 16 17 27
AA1W6X2EdrYUSoAXB4a0156UIcgAISgJJ8,10,plain,none,mixed,1 4 5 8 9 9 13 15 15 21
AA1W523GaC3X189n1G0E1GY4M2WYgEHYQ9,10,plain,none,mixed,1 1 2 4 5 8 11 19 23 26
AA1WA2b1iT5IWK_8OL0OYZc0rsBH4yBcYO,10,plain,none,mixed,3 4 4 5 8 10 11 14 15 26
AA1WH4OsL5YILWCn2ueWKwSI28jgTQIE8O,10,plain,none,mixed,1 2 4 8 8 10 11 12 13 31
AA1WB1q9OlEMa4GA1Y828925WIYaeAwK10,10,plain,none,mixed,2 2 3 6 7 8 14 17 17 24
AA1WaGu4mb5FojA9agQY0F2G6XAOaU0B94,10,plain,none,mixed,1 4 5 5 6 7 13 18 19 22
AA1W60e8X4P5Fsci4WW20I52OYKUM0H38H,10,plain,none,mixed,1 1 5 6 11 13 13 15 16 19
AA1WX4qQeifYD91ObkY62YFRbWn0X9IAQ8,10,plain,none,mixed,1 2 6 8 8 9 12 14 16 24
AA1WI4W1W91RuXXq99KJ4K1WKnINT0d2v4,10,plain,none,mixed,1 3 6 7 8 10 10 11 18 26
AA1W535OK8I12JYfKamaLZB4G2WvhRSGa2,10,plain,none,mixed,3 5 6 6 7 9 12 15 18 19
AA1WGOfOZy-MGgIHKE548Cn6K8uXuCW3YO,10,plain,none,mixed,1 2 5 8 10 12 12 12 15 23
AA1W28G3u8w144am20e2mW20e4RrAY48c4,10,plain,none,mixed,1 1 1 2 10 11 14 17 20 23
AA1W8908y8I-ZWcOB4e29gCobNYvRYW96W,10,plain,none,mixed,1 1 7 9 9 10 13 14 14 22
AA1W890GnI-0OEb4nYGIgYAIeIZnTGXGE1,10,distinct,none,distinct,1 2 3 6 7 13 14 15 17 22
AA1W0e60sQoCUU2Gf2481R1O411AE8ec0m,10,plain,none,mixed,1 2 2 6 7 7 10 13 20 32
AA1WGeK2GgoIJN5QaLa20dWS6j0Y9ZD14G,10,plain,none,mixed,1 2 4 8 10 12 12 12 12 27
AA1W4F9hLHC8837YaIK4b3OcIKf8YaLw0G,10,distinct,none,distinct,3 4 5 6 7 8 9 11 15 32
AA1WaGjL3C2WO_damQ2n2151210ahZ2u92,10,plain,none,mixed,1 1 3 5 5 8 10 17 18 32
AA1WaCg3GO3mG2KDUA4GW20G1mM72OahXP,10,plain,none,mixed,2 2 4 5 5 7 9 13 16 37
AA1WKcDoEGIBDqfGE034a8GYPpr9QB5OiW,10,plain,none,mixed,1 4 5 5 8 10 15 16 18 18
AA1WY43iPefWl5ub1mXI1WC2G4yde5bESa,10,plain,none,mixed,2 4 5 5 7 7 9 18 19 24
AA1W8GH1F5WIb3mGD3090uADojBh4Xqf0u,10,plain,none,mixed,1 1 4 5 7 12 15 16 19 20
AA1W4MbnBuB2hc1mc28E4_AuXQ39A7GP4G,10,plain,none,mixed,4 4 4 9 10 11 11 12 13 22
AA1WXGI2BfT0e52BXaIe12AX41590e7GGa,10,plain,none,mixed,1 2 3 3 6 6 15 18 21 25
AA1WGYGX4LA9CQyD4X28Yc5G70dyaHLBWY,10,plain,none,mixed,1 5 7 7 8 9 10 14 15 24
AA1WM1vq919QuIIX91G8J2p1A3YHbKgYo2,10,plain,none,mixed,1 1 6 7 9 11 12 14 17 22
AA1W4WN4189sCEZU3wG2WC3PDufC0AaYAI,10,plain,none,mixed,1 3 5 5 10 10 11 11 20 24
AA1WH0E408EsIh8O108Z443WeR3oZYiYaO,10,plain,none,mixed,1 2 4 5 5 6 13 17 20 27
AA1W2WaL4J5ACngEIYHL3420Gi0YU1f9uo,10,plain,none,mixed,1 3 7 7 9 10 10 11 20 22
AA1WA7S2Y2Wf48JY2m3IKoQn48I1W9w68G,10,plain,none,mixed,1 1 2 5 8 10 13 15 15 30
AA1W4896AgCa8IIs1CKA984GIqdlFXBC8Y,10,plain,none,mixed,1 3 4 4 5 12 16 17 18 20
AA1W90o9HYCX8JiCdAY30T26O9N5Z4YGQD,10,plain,none,mixed,1 2 6 6 9 10 16 16 17 17
AA1W6X12XqQUD1W9SE168e2N1qHI87qyX8,10,plain,none,mixed,1 1 3 5 7 9 10 17 23 24
AA1W18k2KiLWfIqGI4SA0t70uu4COjO2aC,10,plain,none,mixed,1 1 2 3 9 10 15 15 18 26
AA1WD4848AZZ07nZCCXK4HXCSR3a30a9IC,10,plain,none,mixed,1 3 3 4 5 14 16 16 16 22
AA1W60SZI45pYAn1aCZGH070ob1aYZe4eW,10,plain,none,mixed,1 1 1 2 9 9 15 19 21 22
AA1W30SoLcqaCUXDG402YDEmO8XCwIYGI4,10,plain,none,mixed,1 3 4 6 6 7 15 17 19 22
AA1W28n9w5GHq-dQbC2898AI4YQ1OXyHOe,10,plain,none,mixed,1 1 4 8 8 9 12 12 21 24
AA1W9Iv4A4MZbo6V3YWHA3g18jBKA8CXHS,10,distinct,none,distinct,1 2 4 5 10 12 13 16 18 19
AA1W91HK1Go3movEG1030aUTCob4eL8epA,10,plain,none,mixed,3 3 4 4 5 12 14 16 19 20
AA1W4eIsFEmI0W4GuWX2AD4n5mf34T1-8m,10,plain,none,mixed,2 2 5 5 6 8 9 11 15 37
AA1W0m721S0a7Gqma0W6Oi4108paOY4I48,10,plain,none,mixed,1 1 1 2 3 4 15 20 22 31
AA1W4Ca18X5mGw1S3GIp0K30IQJP5cQrIA,10,plain,none,mixed,1 4 4 6 10 10 10 15 19 21
AA1WHH5DeiXCZGIniWI1Gpdf-GQ4YXtjI4,10,plain,none,mixed,3 4 6 6 7 7 14 15 18 20
AA1WC9BG918KakS2ZWH284OcOHYAXCQL05,10,plain,none,mixed,1 1 1 4 9 10 11 19 21 23
AA1WeIHuAXdCfbyI2WP8Me178qWm0eAX05,10,plain,none,mixed,1 1 4 7 8 9 12 14 17 27
AA1W8XK9SK9mFzdWK0W31oFE3n3eGZW92G,10,plain,none,mixed,2 4 6 7 7 7 8 13 20 26
AA1Wc5EerlJegOu410A34uaaeA5WJK06f9,10,plain,none,mixed,2 3 5 6 6 10 11 11 18 28
AA1WC108PDAGu92O30O1GA1aS1WnA0mS20,10,plain,none,mixed,1 1 1 4 5 6 13 19 24 26
AA1WG8YCQBHtC4WerH318IhEGB9P4mIm0X,10,plain,none,mixed,1 1 4 5 9 9 14 17 18 22
AA1W8g8A3gRacfGI4aa8fGu0yCoKf1o148,10,plain,none,mixed,1 1 6 8 10 11 11 12 19 21
AA1WC4HXpbU6bHme2X2Zb4Y11ZwiCoHBca,10,plain,none,mixed,1 1 3 9 9 12 14 15 16 20
AA1W0G30SI7Gged492Y90Y4ef41m9P5XXC,10,plain,none,mixed,1 2 4 8 8 9 10 12 18 28
AA1WX4e60cOo1WHa5GOWoAKIqgEG2P730O,10,plain,none,mixed,1 1 2 3 8 10 11 14 24 26
AA1WP2eD1AKCWJGLZ290mTq5W50X1m8CXJ,10,plain,none,mixed,1 1 3 3 3 10 11 15 21 32
AA1Wmk8A0mBmBKW8gn2HG9Gfs3olZ8c1aK,10,distinct,none,distinct,1 2 4 7 8 10 13 14 20 21
AA1WCoH60G4n7ecRYCX088noIiOa4qYXYG,10,plain,none,mixed,1 1 3 5 10 11 11 14 20 24
AA1WXbeXIiBaK4XY48H3bKcY2jj4YX4GI0,10,plain,none,mixed,1 1 6 8 8 11 12 13 18 22
AA1WOW8IMO6e9r0H2aH98an28MWa-Zd4ue,10,plain,none,mixed,1 1 1 2 10 13 14 17 19 22
AA1W60o5f8QJYH14GPA1084vfMCHtbwOH1,10,plain,none,mixed,2 3 3 3 8 10 13 17 19 22
AA1W10GtHi3uZebjY209I188hIzaIJeC1E,10,plain,none,mixed,1 2 3 4 5 12 12 15 22 24
AA1WH9Y9Y86GMm7gZYH0W9jGipsqI9AyZb,10,plain,none,mixed,1 3 4 9 10 10 12 13 18 20
AA1WWGaWiYI9aYwth0OGclpEAEXeDKuEIC,10,plain,none,mixed,1 5 6 8 9 11 11 11 15 23
AA1W64fX5mi1XKYbAQGaGI3P0LN8X42WAS,10,plain,none,mixed,1 3 3 5 6 8 12 16 17 29
AA1W227GvIwdBf8MoWeWqZfL6evG8io1bG,10,distinct,none,distinct,1 2 5 8 9 11 12 13 16 23
AA1WX10G14hZYOsM1eSmYoS4CZah314AHH,10,plain,none,mixed,1 1 6 7 8 8 11 12 19 27
AA1WGIc2JCAgKh5hEGnaKeR21WdYvX40eo,10,distinct,none,distinct,1 2 4 8 9 10 11 12 19 24
AA1W8DMuq4GGfAreAI8WYYAQRGiEZSt95G,10,plain,none,mixed,1 4 6 6 7 11 12 14 15 24
AA1WW8E0f1jWX43YKAaK6GotYw7GC6nsuC,10,plain,none,mixed,1 1 4 6 7 9 10 17 21 24
AA1W8X4L1v9GY28U3kG40XS1GL34I8K5Hb,10,plain,none,mixed,1 1 3 5 10 10 11 15 18 26
AA1W4G6YY9kIGc1MYOmLnn38lYNYmJ4E8I,10,plain,none,mixed,1 3 5 5 7 10 10 14 22 23
AA1W38ioEMCsZtYmC6G4YHMQ0sOOId8v0G,10,distinct,none,distinct,1 4 7 8 9 10 11 12 17 21
AA1W0O62eEaBDP54c2GMAKHAJKHY6q8T48,10,plain,none,mixed,1 1 4 6 8 8 15 18 18 21
AA1W2MS8b6eiLaKJCY2Gr2OOH3o8X13jb2,10,distinct,none,distinct,1 2 5 6 7 8 10 16 21 24
AA1WG0GCzdgEAEa4BM988EZ-9qgQH0gIB0,10,plain,none,mixed,1 1 5 9 11 13 14 15 15 16
AA1W0C4HCaOH45LDG90Wpa2ui8X4PNqvX9,10,distinct,none,distinct,1 3 4 5 7 11 13 14 19 23
AA1W1DF6W5V0qGxHsGWKSXZ2k9YXcDbTP1,10,distinct,none,distinct,1 2 4 6 9 11 12 13 19 23
AA1W9GK4GZ5Gb30JJmu1GA1SBqKe3sD7X2,10,plain,none,mixed,3 4 6 7 8 8 9 15 16 24
AA1W4J18FVgTG61SAnGI38b4K3124X1YKI,10,plain,none,mixed,2 4 5 6 7 7 10 16 20 23
AA1W2GIGS2GJgC9WaIe4HXH2IG40ZCPHH6,10,plain,none,mixed,2 3 3 3 5 6 8 13 15 42
AA1W8FeYyY084GznObW5ahKWauS7mzKt52,10,plain,none,mixed,1 4 6 6 7 7 10 14 15 30
AA1W288XqKb1aT68f68HWO2uI4r6F20850,10,plain,none,mixed,1 3 6 6 7 7 9 11 23 27
AA1W14nin8WH3qZA90af2qNn9WY4yUku1O,10,plain,none,mixed,1 1 2 7 10 10 11 14 20 24
AA1W8q4YYO2vfZ0XGXCCdenQIJWWEiM4m8,10,plain,none,mixed,1 1 2 5 13 14 15 15 16 18
AA1W0W12CNL5aBt8X4G98q0GG52bN7Kt1O,10,plain,none,mixed,1 4 4 5 6 6 7 16 16 35
AA1WIWm2L8PfO75R2xX8WYYTSQD0gHXKYG,10,plain,none,mixed,1 2 4 8 11 12 14 14 16 18
AA1WIGqoMG4H8CD2WH54Y3qUq70O26HCXf,10,plain,none,mixed,1 4 5 7 7 8 10 14 17 27
AA1W546QYCoA6X2aAX8I6ieM1Gvqdgec4G,10,plain,none,mixed,5 5 5 5 8 9 12 12 16 23
AA1W348H2C4GB3XRBw1D7eXCCdan8mf1WO,10,plain,none,mixed,1 1 2 8 8 9 13 14 18 26
AA1W2Wdm8XbfG75mY0MM94OZQX4Sa2HY20,10,plain,none,mixed,1 1 1 2 5 10 13 18 22 27
AA1W3108921G9bB58T2HA4GKab4e4WYAA2,10,plain,none,mixed,1 1 3 8 8 8 11 16 22 22
AA1W5We28Y9LufqI5KX2070upP8NqYeU8m,10,plain,none,mixed,1 2 3 8 10 11 11 14 16 24
AA1W41L6ie3W40U85o28Ob4UZWHoCjEf24,10,distinct,none,distinct,1 2 4 5 9 10 11 12 14 32
AA1WWGX8cs3Tdq4GYC245HlkbAeI6JAnOg,10,plain,none,mixed,2 3 4 9 10 11 11 14 15 21
AA1W6Wy9Wn0EXAHHg44AH9ABOL530P39uX,10,plain,none,mixed,2 2 3 5 10 10 11 11 12 34
AA1WWX4AwXKIIqmo5A1XK6fPBAAFHX4KI0,10,plain,none,mixed,1 6 7 7 12 12 13 13 13 16
AA1WXIAHT8j-JbCl00O2L0B087GZBHk0JW,10,plain,none,mixed,1 1 1 3 6 7 10 17 20 34
AA1WHH5FY4Ga464yiWY1WPfAA8YAfWXaAX,10,plain,none,mixed,2 3 7 9 9 10 10 13 18 19
AA1We0V8ctE9O51I50ma10C6Uv3NeYaeII,10,plain,none,mixed,1 4 7 8 8 10 11 12 17 22
AA1W1GiAY85X2rHaCnX5WeCYuXF9EiM080,10,plain,none,mixed,1 1 5 6 8 10 12 15 17 25
AA1WXF9D9i9Y29oK2GA1oEZY040b31Q8a4,10,plain,none,mixed,1 2 3 8 8 11 12 13 14 28
AA1W28L2WYf8vHkIqW44WH38vAKEane5oY,10,plain,none,mixed,2 5 7 9 10 11 11 12 12 21
AA1WY0u9WLn2NaWY8X5Icem52P5mI0t5PI,10,plain,none,mixed,2 4 4 5 7 9 9 14 17 29
AA1W49TY90E2OjE1mbCA2OHlKT4GGi6Wn8,10,plain,none,mixed,1 3 6 6 8 8 8 15 18 27
AA1W404GbKmK9IAH8OWHJgE0pcLQeHYA9K,10,plain,none,mixed,2 2 4 5 5 12 13 18 19 20
AA1WGA21PdfXCo-0W2OL2J3X44WfP24b2a,10,plain,none,mixed,1 2 4 5 5 6 10 11 27 29
AA1W64wNmSHXBOs6m0JXACEfXa90X6I99G,10,plain,none,mixed,1 1 4 7 8 9 9 11 16 34
AA1WWmB208cS6HYK8Y2aGQ2OI4JqZ0HL4O,10,plain,none,mixed,1 3 3 5 6 12 13 14 17 26
AA1W18uIyHaFVQQlHWI4PBI2KaKNH1LGK8,10,plain,none,mixed,1 2 6 8 10 12 12 13 13 23
AA1WI69XKC9JA6eQ5GPX2e6080y87XGNim,10,plain,none,mixed,2 3 6 8 8 8 11 11 19 24
AA1W57GC0W2IfrDZKICJ4IGr2MCX7Wz302,10,plain,none,mixed,3 5 5 6 6 6 9 16 18 26
AA1WHY820M1sE28-HG2GoU0e50RjfH430K,10,plain,none,mixed,1 1 3 4 4 9 13 14 16 35
AA1WIT2ab2a9GP1CK2G54O2tmYOA0p44aK,10,plain,none,mixed,1 1 5 5 9 9 13 13 14 30
AA1WYQ8Y1T50JCQoh0m0N38fgBkXAGoc14,10,plain,none,mixed,1 1 5 8 8 12 13 15 16 21
AA1W5H4m0W3Gb9GoxWGG92ODE7GkcAgt6W,10,plain,none,mixed,2 4 4 5 8 8 10 16 20 23
AA1W88H1Wc51GeZofZ29H785IYYQDA7SXa,10,plain,none,mixed,2 3 3 7 9 11 11 17 18 19
AA1W57HG82HDBTOW499-1eYY9mW4cCnieA,10,plain,none,mixed,1 2 3 5 5 9 10 15 19 31
AA1Wa1XDaLKGIQbHfBG2brf20E13G0i6dH,10,plain,none,mixed,1 3 4 4 6 7 10 18 23 24
AA1WWgA97cXL88I3Y5025ALXH68ozJAoYI,10,plain,none,mixed,3 4 8 8 9 9 10 13 16 20
AA1W18410g4GIa59agW9H38H47mcyHX1CC,10,plain,none,mixed,1 2 2 3 8 11 16 18 18 21
AA1W98n6EWND52Jqmf449Q1iIIbgBH59AY,10,plain,none,mixed,2 4 4 4 9 11 11 18 18 19
AA1W2mRSCI1OL2fAq6W412GH6OYmcmYQaW,10,plain,none,mixed,2 3 3 4 5 8 11 14 24 26
AA1W8A6Y2N4CH4x8eaa9ZUd0z730OseeW8,10,plain,none,mixed,1 4 4 6 7 10 12 12 18 26
AA1W1ec6WwLXi50Op0q48Y28Pnae9BWW00,10,plain,none,mixed,1 3 4 5 6 6 7 19 20 29
AA1WI47WmUYHiXI788vD4S3GH35PaaQGa0,10,plain,none,mixed,1 2 4 4 6 10 11 15 22 25
AA1WH2MGaiI3HH11eI81Xl2m9DF1rgDXqO,10,plain,none,mixed,1 2 2 5 6 6 11 11 21 35
AA1WG3CUCi2HIA14EM061HY99LJbegZH99,10,plain,none,mixed,1 3 7 9 10 12 12 13 16 17
AA1WY4B0v8Xer8PMDf8O1mE0V1aMSXBWfY,10,plain,none,mixed,1 2 7 7 8 9 10 11 20 25
AA1W01WJ-mFHLJikEX890kPLXIgIFAYAY8,10,plain,none,mixed,6 6 7 7 9 9 10 10 12 24
AA1W2eI8CfaifcKsM4Y80B138GWDEj3vWa,10,plain,none,mixed,2 4 5 6 8 11 11 12 19 22
AA1W120HzaYjqgZS7a2eSdiDJj51GXHI1W,10,plain,none,mixed,1 6 6 6 6 12 15 15 15 18
AA1W914Ou46rZI91512KYyF0l3WWaPJLHm,10,plain,none,mixed,2 3 5 7 8 9 9 13 21 23
AA1W1CI8GKycBIHJ703n0m4ZISEAJB9YOC,10,plain,none,mixed,1 1 1 4 6 12 14 19 21 21
AA1WXXK3cY8W3nY98mZQcuwHX8E19Py1mH,10,plain,none,mixed,1 4 4 6 8 9 10 13 15 30
AA1W4HA1CG4BXy8aX0cP2dMyda50GQ5GXW,10,plain,none,mixed,1 2 5 6 7 10 10 12 13 34
AA1W23SVYqf58BIM0q4488bnYGLeaW11WC,10,plain,none,mixed,1 2 2 4 4 7 13 18 23 26
AA1W20AA8H3q58YbIqGIAPJZGQsa6W1sKC,10,plain,none,mixed,1 1 2 7 8 11 13 13 20 24
AA1W4WK5vsfD9meQ_a8486192q9aLg2KX4,10,plain,none,mixed,1 3 6 7 8 9 9 13 21 23
AA1WaaGX2KI_G6aXa8O2X9289XFDfWK4WH,10,plain,none,mixed,1 2 3 7 8 12 15 15 17 20
AA1WGmQ509n5O2ZbiN010ZYa9vfHnA30Ha,10,plain,none,mixed,1 1 3 4 8 10 10 14 24 25
AA1W2YSJYGfOd40YRC8WCn2Gn5Pgh084mD,10,plain,none,mixed,1 2 3 4 6 7 16 19 19 23
AA1W4eM3mMGBkb2ua2828V50uag3A1eY0W,10,plain,none,mixed,1 1 2 4 6 6 12 21 23 24
AA1W08g7UhWieY448108HI6GmX7CcaYeII,10,plain,none,mixed,1 3 4 5 6 6 14 15 19 27
AA1WGaSIBWaZbS8n9H9M6G4XI846GYiLvm,10,distinct,none,distinct,1 3 5 6 7 9 10 14 16 29
AA1W8Wm6Ur4-X4ew4WK51G54e5Ckb1sGWW,10,plain,none,mixed,1 1 7 8 11 11 14 14 15 18
AA1W86WH4cfjCbiaY2GeI9f5WLIg8m4CXO,10,plain,none,mixed,3 3 4 5 5 10 12 14 19 25
AA1W49WXgCHGaPZI8oc8Z4JSHJ2U8IqG50,10,plain,none,mixed,1 2 2 7 8 12 13 14 19 22
AA1W4WQiPbOgmC8X6WY8Y4LWmnQGY538IO,10,plain,none,mixed,1 3 4 6 7 12 12 14 16 25
AA1W2WCDXKwJX877tDW20q1Q8QM18Ga2m9,10,plain,none,mixed,1 1 4 4 6 9 11 15 20 29
AA1WCW4WGa7oZaGHY84Gv8A5G2Wn4BG7WX,10,plain,none,mixed,1 1 1 1 7 12 12 20 21 24
AA1WH1GWa40CaKIfjWa6IPoyKWA1msysc2,10,plain,none,mixed,4 4 5 7 7 8 9 9 13 34
AA1W3MicLKHyYXYKJWic4KKB1ZA-2d840G,10,plain,none,mixed,3 3 4 7 8 9 10 15 17 24
AA1W810O1XCIK39L10OHYCQX22G91mI4HC,10,plain,none,mixed,1 1 1 6 9 10 11 12 17 32
AA1WGH4LJANR3DBLu921G9oZu4WIHs8486,10,plain,none,mixed,1 3 5 6 7 12 13 16 16 21
AA1Wa486oaWdAa4qWq083yIYCjMi6YH9PB,10,plain,none,mixed,1 2 4 8 9 9 13 17 17 20
AA1W061igUB48KjUGq8X5VM1MRISSOeDiX,10,plain,none,mixed,1 4 5 6 8 8 8 19 20 21
AA1WGI4j0Z60mr1pCnGOX8OY4C9FOT14X2,10,plain,none,mixed,1 4 6 8 8 10 10 13 16 24
AA1Wa4441WAXQKuIKA4G001nEr-9p8q4mf,10,plain,none,mixed,2 2 3 4 5 6 7 14 24 33
AA1WCcYH1aCYJDQgam5WY7hf1J2OAKGGgH,10,distinct,none,distinct,1 4 5 6 10 11 13 14 17 19
AA1W2SGJC8uH2D0eoYWWhM4WC1P8LIfmB1,10,plain,none,mixed,1 1 1 3 10 10 12 12 22 28
AA1W8XKGuXaWegaqB2e3GeTBcHS4ZnWK10,10,plain,none,mixed,2 4 5 6 8 10 10 13 20 22
AA1W820m1NMr48Wa1z292Hi9KCGo6916HH,10,plain,none,mixed,2 2 3 3 6 7 13 13 25 26
AA1W0tR9SmoTafYIHQ4Gb4UbWZ3EX8KCSI,10,plain,none,mixed,1 4 6 8 8 9 10 10 19 25
AA1WaaCIe8QZiIaHyXC8Z54G9YNuC8c4pW,10,plain,none,mixed,1 1 4 6 6 12 13 15 16 26
AA1WAIC2eWx2NY2Sm0gIAkWerAdYAiB2JA,10,plain,none,mixed,1 2 5 5 6 7 13 16 21 24
AA1W4UWDCJqau10MDWIP4GK1ZT2NA1baI2,10,plain,none,mixed,1 1 3 6 8 9 9 15 21 27
AA1W8Y2n4E9o-gkGa0WI9wcWO2GGH743WK,10,plain,none,mixed,3 5 5 5 5 6 13 16 20 22
AA1W4WaMQI2L2eJX49H70aGILAA0G60mb0,10,plain,none,mixed,1 2 3 4 7 11 12 12 15 33
AA1WYKY4XIDWK4ocLojOX480Gz2mGJY188,10,plain,none,mixed,2 2 3 6 7 7 14 17 19 23
AA1W4Xq1mKZ2gIaHGc048M1MAYJS6YV8v1,10,plain,none,mixed,1 1 4 8 9 9 9 17 17 25
AA1We092B9L9d3Af1GCCbaYHg8Z8ZC9YI4,10,plain,none,mixed,1 2 2 5 6 9 14 17 20 24
AA1WD0NGa45KGQBGM28c58nA3sGfZ2uX2C,10,plain,none,mixed,1 3 4 5 6 9 9 16 18 29
AA1WC0WIrf6LXCCgoYI29iLtI2pqIHJKZG,10,plain,none,mixed,1 6 6 7 8 9 10 15 17 21
AA1WDMA1882XpX2EIYAX2CX0GX4Z5GTHHI,10,plain,none,mixed,2 4 4 5 6 7 8 15 22 27
AA1WXaGc4GaYZmUEA9H4GO1G8S4Y4aIWaI,10,plain,none,mixed,1 2 3 4 5 8 13 21 21 22
AA1W5AIb6ISibf9Y18XY6aAXguydT3mYmX,10,plain,none,mixed,1 2 6 11 11 11 12 14 15 17
AA1WE8A4oWOWM891waY8922CgLUmM1RYGO,10,plain,none,mixed,1 1 1 6 7 7 17 17 21 22
AA1W60nGeESl4FhH4W2289SxNj3gGmPF4A,10,plain,none,mixed,1 1 2 8 12 12 14 14 16 20
AA1WaIHAHqVGWd2eK1Z5KcI90YWe2HouP2,10,plain,none,mixed,1 3 5 5 10 10 14 15 16 21
AA1W60WUWwZKb8ud48Y9XaKXecY4QWI9PG,10,distinct,none,distinct,1 2 6 7 8 10 11 12 20 23
AA1WaAIKYym3a5cGmOe4CK1eTr1E4wJoAI,10,plain,none,mixed,1 3 5 6 8 9 12 13 13 30
AA1W15nnapbL2GA8AI3X0WTTnODYQoMPaX,10,plain,none,mixed,1 1 5 9 10 13 13 13 14 21
AA1WK30lnoD0G34X9aE4ZZCSGGowCYdGo2,10,plain,none,mixed,1 5 5 5 5 8 8 17 18 28
AA1W10DCX2p-GNY4Y2930Z538GYdJLWY2X,10,plain,none,mixed,1 1 1 6 8 9 16 16 19 23
AA1W5XBH223AfeRX2KO58aNKq7G8zBfWoW,10,plain,none,mixed,1 1 6 10 10 11 13 14 16 18
AA1WWgOmb8P54b1Zy0W4kISAiKaax000q0,10,plain,none,mixed,1 1 5 7 7 9 9 9 11 41
AA1WXACH3eNH6fA1OCX0a97nH40GJa4baW,10,plain,none,mixed,1 3 4 4 7 8 13 17 17 26
AA1W10u2xegzlBv4h2840BDGnvBs8oW8YW,10,plain,none,mixed,1 1 7 7 9 11 11 13 17 23
AA1W1W4GOt20GU4yaZOHY98X94f2egWG1W,10,plain,none,mixed,1 1 2 4 6 7 10 18 21 30
AA1WKIwFec4g9o0846G9H7QGI8TEI2WC28,10,plain,none,mixed,1 2 5 7 7 8 8 16 21 25
AA1W31NA4W2YB9MjqLe4X2BiGkcaMS5Iq8,10,plain,none,mixed,1 3 3 7 10 10 12 14 18 22
AA1W51OBQ3kKICHaYAI2GfD4IbH2GI44AY,10,plain,none,mixed,2 3 3 4 9 10 13 14 16 26
AA1WI22Y8WAmHIoOj483JOAHX8MircONXa,10,plain,none,mixed,2 2 5 6 8 12 13 13 14 25
AA1W99KCX74HaabG5eI1G812s8F7OioeSW,10,plain,none,mixed,1 2 5 5 8 8 15 18 19 19
AA1W0d5ap5cX8I3sUuaWZqhAaAXfEA48EY,10,plain,none,mixed,1 5 6 8 9 10 10 14 15 22
AA1Wo7mWb9SMGq0m5eb21aO4GNYoU8o4H1,10,plain,none,mixed,1 4 4 5 6 8 13 16 21 22
AA1WC9CXaAmb2OX8UWC1AXJm1WK3Cque50,10,plain,none,mixed,1 1 3 7 8 8 10 10 20 32
AA1W0jkKYTo1m22Wu0cIKXsWlkb0K2Xa10,10,plain,none,mixed,1 3 4 6 7 8 8 13 15 35
AA1W8no0e4X1a54Gj6H5WQ3QGWw6NF18A0,10,plain,none,mixed,1 3 3 4 6 6 8 13 25 31
AA1W4XCfB8Xe9B8CXa8JHe544Wa8ChKQWW,10,plain,none,mixed,2 2 4 7 7 10 13 13 20 22
AA1W0GPfOu12mncCmc4GH8A3GL5OfL0O40,10,plain,none,mixed,1 2 2 4 5 7 15 17 20 27
AA1WW21WtmCqNcWn2A04cmA8HBPmE2aPbH,10,distinct,none,distinct,2 3 4 5 6 8 9 18 20 25
AA1W4mb2WOr8RHaIeK460b38QNGC8WDY2e,10,plain,none,mixed,1 2 3 10 11 11 12 14 16 20
AA1W0c9NPagBHD10830K4G994LX4n3eD68,10,plain,none,mixed,1 1 6 6 7 9 14 15 16 25
AA1W9I93B04mwH6Wn105efuJZTvt60WX18,10,plain,none,mixed,2 4 4 4 7 8 12 16 19 24
AA1W4G92BWgXY4H1YC42GX88VkVXC9GeZ1,10,plain,none,mixed,1 1 2 3 6 11 15 17 21 23
AA1W3WnzM1eCXALeiIKKX9L9GXg0en7Pa4,10,plain,none,mixed,1 2 4 8 9 9 10 11 13 33
AA1W48LEqaRbCIoKp0HCHPC2Ol094L4n09,10,plain,none,mixed,1 1 3 7 13 13 14 14 16 18
AA1W9Z40e610eA3mnYAYCIIWQ2WQaI1S0W,10,plain,none,mixed,1 3 3 4 5 9 10 10 26 29
AA1WWa1WDrfRbqGaA0i314B1J413ESSa48,10,plain,none,mixed,1 1 3 5 5 7 15 16 20 27
AA1WYiQK2HGXydK4H11H2A78mSWGnwbb99,10,plain,none,mixed,1 2 4 7 9 9 9 13 22 24
AA1W08KLSn3eOIbqPgZD1EG25KN2jFIoO0,10,plain,none,mixed,1 1 3 4 7 10 14 16 20 24
AA1W1WS24AIXdK1064X98e3W62LXK8fB9G,10,plain,none,mixed,1 1 2 6 6 6 12 14 25 27
AA1W50nHmkfX8H3n50i60GRJa4Ma2Q24Ma,10,plain,none,mixed,1 1 1 8 9 12 15 16 16 21
AA1W8HR1WCfXY8FbxiX20a4ASISI2AKZYG,10,plain,none,mixed,1 3 6 8 10 10 12 13 14 23
AA1W8o6VEuIKpc24n4C8Grg2G4Y4KuWH1G,10,plain,none,mixed,1 2 5 8 8 8 12 12 20 24
AA1WA8sMKYiHWH4m58e2H4H6W9gFG40Y0J,10,distinct,none,distinct,1 2 3 4 6 9 11 13 17 34
AA1W4Y28wC9Q8WcB8mYCHisLXC9X5-WAYY,10,plain,none,mixed,2 5 6 6 7 8 13 14 18 21
AA1Wa1044IKPfEYK9YCeWa2-8CWA2GOD1G,10,distinct,none,distinct,1 2 3 7 8 9 11 13 17 29
AA1W59HBu94X1GDoqWI18D1rKCzWG1pMY0,10,distinct,none,distinct,1 2 3 4 6 8 9 14 23 30
AA1WG101XWw6B1sIoAH18iY30S3KOX8AHO,10,plain,none,mixed,1 1 2 4 7 12 14 17 18 24
AA1WIX4Hc9qAFHY65H4f4OGK3cGoGvK98H,10,plain,none,mixed,2 4 6 6 9 10 11 11 12 29
AA1W28H40m5HoyYrI0G0e91GMPama4gWI4,10,plain,none,mixed,2 2 3 4 4 5 9 21 24 26
AA1W68f8njTar4M9aKe10K4Io8rUHA19wn,10,distinct,none,distinct,1 2 4 6 7 10 12 15 17 26
AA1WWa8d199XS8W614G2hKQYGA29aGc4X4,10,plain,none,mixed,1 1 6 9 10 11 11 12 14 25
AA1W4NZQHAMarNC1aCWO5UCq6K145WaWYH,10,plain,none,mixed,3 3 4 6 7 11 13 13 18 22
AA1W4X1C9HQ1XgGg5P75WW275BW40C0X0o,10,plain,none,mixed,1 1 2 6 7 7 8 14 18 36
AA1Wu7083YXGa4ya4WG2Ia8Xa68n28K9X8,10,plain,none,mixed,1 1 2 8 10 12 12 12 15 27
AA1W20O30i9HYNKTDYC0O71GXArOI3sOJ4,10,plain,none,mixed,2 2 7 7 9 10 11 11 13 28
AA1W087g2851embUeM3H10DgqHZALaYKea,10,plain,none,mixed,1 4 5 7 10 12 12 14 16 19
AA1W2XAHIA2m944Wu208f2KCYb4uY4WA18,10,plain,none,mixed,2 2 3 5 7 8 10 11 21 31
AA1W0G9EK2jcfsDTHg8416AIaA2Qqcr2k4,10,plain,none,mixed,1 4 7 8 8 9 13 14 17 19
AA1W3GS1G42CGeZ24L23050OB12uF6KA1m,10,plain,none,mixed,1 1 2 2 7 8 12 14 18 35
AA1WO1P9CCGD6ANcx051XngY1GyC5voF49,10,plain,none,mixed,1 1 5 7 8 10 12 15 16 25
AA1WGWh4WK2OgCLGE200W6WyAAeqrYCa6G,10,plain,none,mixed,1 2 4 5 6 6 12 13 24 27
AA1W8923HO83YfK8H2138N1ZGP2eGg5g9G,10,plain,none,mixed,2 2 4 4 5 11 13 18 20 21
AA1WGGG98f5E6FHisGq2G9ZNOmYA30NYc4,10,plain,none,mixed,2 5 7 8 8 9 9 13 19 20
AA1W0HS5H0r7CLN4F8aXagX3zGK1Ct_cSm,10,plain,none,mixed,2 2 3 7 7 11 12 13 15 28
AA1W6WuYQL18KHa8A9X53kGI2GQwaXGI0I,10,plain,none,mixed,2 2 3 3 9 9 11 15 19 27
AA1WAIPZEkQ1W1A8WG24R2YWiBWiaL2a1i,10,plain,none,mixed,1 1 4 7 9 10 12 14 19 23
AA1WIE80W41POEQeJ2KYYK2041KKNeS54K,10,plain,none,mixed,1 3 4 6 6 6 12 14 17 31
AA1W8AdNaew4SYE1mD221GaiKEYm94GICO,10,plain,none,mixed,1 3 5 5 9 10 12 13 15 27
AA1WOX86sYaHYzsc48H2H8aoo8g4n12GI0,10,plain,none,mixed,1 4 8 8 10 11 13 13 14 18
AA1W20A7V10W9fAD8109mY8neL5edKiDYI,10,plain,none,mixed,1 3 4 6 8 8 11 17 19 23
AA1W2WCeYdAn9GW81IWKhbH1W4CHJm2E99,10,plain,none,mixed,1 2 3 3 4 8 12 20 23 24
AA1W8KK-8K4Ib9mU1OGWX4JbGr0l57oR8I,10,distinct,none,distinct,1 4 6 7 9 10 11 13 18 21
AA1W90WS0c4mX9LaiXD8X1GF8XiD01K10H,10,plain,none,mixed,1 1 2 3 5 8 9 11 20 40
AA1WC92v9Ho0p6oK30eKHIMaK198HI4o0e,10,plain,none,mixed,1 5 6 7 7 11 13 14 17 19
AA1W4CIWl0EGg8d868omWY8WQaIIHX8y9Y,10,plain,none,mixed,1 2 3 4 10 10 10 14 18 28
AA1W1WI1aorWKWZyZ8m98N4ObANy1VXWC2,10,plain,none,mixed,3 3 4 4 6 8 11 18 21 22
AA1W0n54mbBsSDV48302eB3caX4WXaAUqQ,10,plain,none,mixed,1 2 5 6 6 6 12 18 22 22
AA1WH0ifMJrfQIXKav3G8Ijsn2HmX2vOIG,10,plain,none,mixed,2 4 7 9 10 13 13 14 14 14
AA1WX092W40yZy0WA2Xo24HA7IHHQAHLC8,10,plain,none,mixed,1 2 2 7 7 10 12 13 22 24
AA1WH48aLo29iGA1HAAC5090mP2OIIQFP4,10,plain,none,mixed,1 4 4 5 7 10 11 13 21 24
AA1W2A4DAtP2aqa820G30MuMoan6UcWu2W,10,plain,none,mixed,2 3 4 4 11 12 12 13 14 25
AA1W28bGoAUGGuso491XK2p6b6KijWeIKG,10,plain,none,mixed,1 1 2 7 9 10 14 15 18 23
AA1WOG10LFo0W30A1mDA1Wg1mF1451ArfC,10,plain,none,mixed,1 2 3 5 5 6 8 17 25 28
AA1W0G9b4uPZCAfq4D89QgKI54H8aCB1U4,10,plain,none,mixed,1 1 5 7 8 10 14 16 18 20
AA1W3mSBn6G40LKjWF020U4w6H180KaHY9,10,plain,none,mixed,1 1 3 3 4 6 7 18 22 35
AA1WH5Gaeb92NDQmes4AKGZweGMSL0o4gH,10,plain,none,mixed,2 4 4 6 10 10 12 13 15 24
AA1WJIHMZIBGL80XB1e50eH3M2Cg3JApGK,10,plain,none,mixed,1 3 3 8 9 10 11 13 15 27
AA1WWI6oTyRHJCQCnm8KLX2X45YKOaX8oI,10,distinct,none,distinct,2 4 5 6 8 11 14 15 16 19
AA1W58M2D4mXdOKe60u2H4F0CY1JgZCw18,10,plain,none,mixed,1 4 4 8 8 9 12 12 16 26
AA1W6A83qOX2aA1ms22OAIXK43EnAA9958,10,plain,none,mixed,1 2 3 6 9 11 11 12 20 25
AA1WZ0-Bf8H1B6e92Gm24Gc788iE9a8IP1,10,plain,none,mixed,1 1 2 7 9 13 13 14 18 22
AA1WeX4A0pDLISgWH1KY080fu1JpO9C8We,10,plain,none,mixed,1 1 2 7 9 10 12 15 18 25
AA1WKX28We51dL1a24GGQ2nrG4GYBsG308,10,plain,none,mixed,1 1 2 5 10 13 14 17 18 19
AA1W842X4BpKnOD1IA894cZ0Q3GXIAHeCn,10,plain,none,mixed,1 3 4 4 5 10 11 11 24 27
AA1W0dm58P38i51Wo0mWQ2WQ5gs4Z0G230,10,plain,none,mixed,1 1 1 5 5 9 9 17 25 27
AA1WB184X1OIZY4WC1G50Y1JwLkWK1W90u,10,plain,none,mixed,1 1 3 5 8 11 12 12 16 31
AA1W0a8YCQut64KHK0maWA4891wej1WCYY,10,plain,none,mixed,1 2 3 3 7 7 12 14 21 30
AA1Wf64oAY748WS0GA711Ic0mE2Wn29SWg,10,plain,none,mixed,1 1 2 4 6 10 10 13 17 36
AA1Wa3IGK07oYKWab0f0za66ms2WIIee51,10,plain,none,mixed,1 1 1 2 4 9 14 15 16 37
AA1W8f8FAPEfWD6MouK0W1CXeLWOcWK2E2,10,plain,none,mixed,1 2 4 6 8 12 14 14 17 22
AA1WmXS8YB1OfAeivIo5Cgf47Z2Lh0M8WG,10,plain,none,mixed,1 3 6 7 9 9 10 11 15 29
AA1W2WgMahG0GXOYeGAGpf78xpj5L7e5X4,10,plain,none,mixed,1 4 6 6 7 9 11 13 14 29
AA1W44WI0X3IO8ebGmOu91JIUV0X38H4He,10,plain,none,mixed,1 1 1 3 8 9 11 19 23 24
AA1W9B5msOr58A18CaeX61I8I4HEeQ0830,10,plain,none,mixed,2 4 4 5 6 7 11 15 17 29
AA1W10u5bI2aQRBw40DB0e5H4eg3Q1n1u2,10,plain,none,mixed,1 1 2 2 11 14 15 16 17 21
AA1W2P8GY4WXOL4Ue808PrJCIZq8IGcaGX,10,plain,none,mixed,1 1 1 9 10 10 14 15 19 20
AA1W22a82W4OeVNgm82KYXv56J6KpGQ4OH,10,plain,none,mixed,1 2 3 4 5 10 10 15 22 28
AA1W1081XbCqEEI9HC818P3X4B1SH1W8XX,10,plain,none,mixed,1 1 7 8 8 10 11 14 15 25
AA1WE289SkAqes2OWy18WwsHoYqiAGHGH0,10,plain,none,mixed,1 5 6 6 8 11 12 14 16 21
AA1W4ma8H1CJhH28ma220J12e20G1M9D0O,10,plain,none,mixed,1 1 1 2 8 11 13 18 22 23
AA1WGo50ZluF1914JA1S382H850h8YYuGA,10,plain,none,mixed,1 2 3 4 4 10 13 20 21 22
AA1WG3HH95HYmR4af0K68qSahcgmDuO34u,10,distinct,none,distinct,2 3 6 7 9 10 13 14 15 21
AA1WAjYS8A0D4IjQd8LcYzE8ljXW0iSVK4,10,plain,none,mixed,1 3 6 6 7 10 10 12 13 32
AA1W4bdIEYY04Yee24GIj8r2ePmo6YaeYC,10,plain,none,mixed,1 1 5 5 6 6 13 14 17 32
AA1W1Oa7IQTCAYaCrI40eICHIaED8NB64W,10,distinct,none,distinct,1 2 3 8 9 10 12 14 20 21
AA1W8S84GyGc6CB1u302U8rYa90ev78Z0I,10,plain,none,mixed,1 1 3 4 9 13 14 15 15 25
AA1W0OHGGeewaGYuuG2aCIvVwuX2CnYw1W,10,plain,none,mixed,1 1 4 5 8 15 15 16 17 18
AA1W2WfA0Gw0g3mG52Y3Gg3Rxj2MnA5I4G,10,plain,none,mixed,2 5 5 6 6 6 16 16 19 19
AA1WGY6yJIXYF_1WH9GL1K5Q290b1MgAH9,10,plain,none,mixed,1 4 5 7 7 8 10 18 19 21
AA1W4X8CWC9i-4jcXKvC1yFcAA98qG83em,10,plain,none,mixed,1 1 8 8 10 10 12 14 16 20
AA1W65W921GYJ8WG314Gi5hfHwBU3ee61O,10,plain,none,mixed,1 1 3 5 7 9 14 16 17 27
AA1W48X_0keDYA90400HPZKPt9Y4CX47YG,10,plain,none,mixed,1 2 3 4 8 10 10 18 18 26
AA1WHX8HeZORXbBPKX80e9yXl30UgRGG0Y,10,plain,none,mixed,1 1 4 6 9 10 10 16 21 22
AA1W8aCG8KE9elaW840PL5mgYIZ8hZqUX4,10,plain,none,mixed,1 2 4 7 9 10 11 11 22 23
AA1W94OqX88HY29HC8Ym10O7DpmGU0m18C,10,plain,none,mixed,1 1 2 3 4 8 16 19 21 25
AA1WWn4mbNHxH9DXCWeLKC-WX4Xy8CI8GW,10,plain,none,mixed,1 2 5 9 11 11 11 11 17 22
AA1WQBf4fA50X1WGyam4GYKDY14FUuuB28,10,plain,none,mixed,2 2 2 5 8 11 12 16 18 24
AA1W4HEoCeJ4MaEaAbKGPqKKW9JWY2CJXG,10,plain,none,mixed,1 5 6 7 8 12 14 14 15 18
AA1Ww0Y6v8F28IJu68J1482LKCEOvsE8Q0,10,plain,none,mixed,1 1 7 7 8 11 11 14 18 22
AA1W4P0I2EXiCX0cDG8HoYGM1Gn61P5aGI,10,plain,none,mixed,1 1 3 6 6 7 11 15 23 27
AA1W4JZI1gbXSLIBAc0GAmlQAQmT8PuIKK,10,plain,none,mixed,1 1 3 6 7 8 12 17 22 23
AA1WYHX4EaGWg7Ga8Wq450c2pWe82XMgGI,10,plain,none,mixed,1 4 5 6 7 10 10 11 22 24
AA1WG3Wa184eZ4Ho9HII1GQ5q8n3C1GB1W,10,plain,none,mixed,1 1 6 6 8 8 10 17 21 22
AA1WWOK4XQwPGBH082W24WYD5uXa55e2aa,10,plain,none,mixed,1 1 2 8 10 12 14 15 15 22
AA1WG5uek4E0e4fJe4c4M0S4NMKqLX58I8,10,plain,none,mixed,1 1 2 5 7 12 16 17 17 22
AA1WWGoHA6iJ6WiqhXGWGvHAYYcIgCcPo2,10,plain,none,mixed,1 4 4 5 7 9 11 19 20 20
AA1WM0Pc1MDXK95830KGX2eLIKIvXD0a2W,10,plain,none,mixed,2 2 4 7 11 11 11 15 15 22
AA1W10L0XYUWaak5y8Y58Y2f62caKbYWU8,10,plain,none,mixed,1 3 5 6 6 8 12 15 17 27
AA1W91qHQL5917myf0mGQ042xYNvaJ8GWS,10,plain,none,mixed,1 1 4 6 6 10 13 16 18 25
AA1WCYKKTWC50T4BIQI61EWXOnWE020OY1,10,plain,none,mixed,1 2 2 4 6 8 8 12 14 43
AA1WOD1EYmFHYIeHCHXGa4D0IHHKCYeHS8,10,plain,none,mixed,1 2 3 5 11 14 15 15 16 18
AA1W8J34e-2OUfwGI4Ee5DP1CLZ5M25eWu,10,plain,none,mixed,1 1 4 5 10 13 14 16 16 20
AA1W0c2IBa84HEAYJ6OH4H6XO7JaSs6mbG,10,plain,none,mixed,1 3 3 7 9 9 12 12 21 23
AA1WmcKL4Ga4IBIS491838Xq7-XAGG62GI,10,plain,none,mixed,2 2 2 4 7 9 14 15 18 27
AA1WnWK56OH28A0sK8X4L258bSMiGW20W6,10,plain,none,mixed,1 2 3 3 6 11 14 14 18 28
AA1WKB770dGn-60maWYIQGM4eI1AQL9O0W,10,plain,none,mixed,1 3 3 4 8 10 11 18 21 21
AA1W7Wa4YSWC2dAaLaK28a8919Kd90i7Wm,10,plain,none,mixed,1 1 1 9 10 12 12 12 15 27
AA1W9XInd370S9l20GomKauHeBFW0dG6XS,10,plain,none,mixed,1 1 3 5 6 9 9 17 18 31
AA1W30GY4E8a918hKY8J0W4Go6frYz4aKo,10,distinct,none,distinct,1 3 4 5 6 9 11 18 19 24
AA1W4Ww70aSl0I4LnYK10N40Of13u2KYaY,10,plain,none,mixed,1 2 5 5 7 8 11 16 20 25
AA1W6YOGWW70QEd73W18X2mcAQpXvOB2eI,10,plain,none,mixed,1 3 4 5 7 8 10 16 23 23
AA1WPD6X4G1Yaiq7KS864R124JRxbIeaCa,10,plain,none,mixed,1 4 4 5 7 10 12 18 18 21
AA1WY0j9Xq54g4W20W7XaKYdq45W54EYAG,10,plain,none,mixed,1 1 1 7 10 10 12 14 15 29
AA1WG21u0uT0GZca8GaJHIKXN80y9178d4,10,plain,none,mixed,1 1 2 5 8 9 9 16 23 26
AA1W8OkXdRnVWO45WaWH0KA4iMhLWh2YH4,10,plain,none,mixed,1 4 6 7 8 8 10 16 17 23
AA1W3WCHQW41J8Y8n60oMGcaqeXS3gH9BH,10,distinct,none,distinct,1 2 5 7 8 10 13 15 16 23
AA1WCK9aC9LQ4GY3WG2GSYY0Gy7W60qaWI,10,distinct,none,distinct,1 2 4 5 6 8 10 15 16 33
AA1W0Z6qnV40u9rHq0mOX1WJe5PK51Cab2,10,plain,none,mixed,1 1 1 5 5 14 16 17 20 20
AA1W58QYDHn62GIkP2OG08493eeaIYImYa,10,plain,none,mixed,2 3 3 5 6 11 12 17 19 22
AA1W90f9AGo1ED1nSWC2GYAEO2P7YqCZXQ,10,plain,none,mixed,2 4 6 6 10 11 11 13 14 23
AA1WLHC8GX8H1OKHYmG084Xba8X2ON1FuH,10,plain,none,mixed,1 2 3 6 7 10 10 13 22 26
AA1WD4c2mP597H4qO4WGa7XGJKX2hnOX50,10,plain,none,mixed,1 4 4 4 6 7 11 16 23 24
AA1W53m0W83ESvYA4kHGYHWoAHEXQOK2GY,10,plain,none,mixed,1 2 3 7 9 10 12 12 19 25
AA1W4YHBqeX0Jg37OC031byCeD4yrXgMcf,10,plain,none,mixed,1 6 7 8 9 11 11 11 14 22
AA1W58n7eW21GOtYCKG1eA10HEjCHX88A1,10,plain,none,mixed,1 2 3 4 8 10 10 14 24 24
AA1W6WoKWahDQ30Wd64H2ZCHA5gMKEW708,10,plain,none,mixed,1 2 5 9 9 10 12 14 15 23
AA1WOYb38n68nAHQic4G230K9OH4GK2X0m,10,plain,none,mixed,1 1 4 6 8 8 11 11 22 28
AA1W1G94ERpco75ey3W8W9AHKGp230ue4W,10,plain,none,mixed,2 2 3 3 4 8 12 19 21 26
AA1WHX9qlIJC4EW3Db44AOb3698LKrskY2,10,plain,none,mixed,1 4 6 6 7 10 11 14 17 24
AA1W48gAWnX6G65Aq1Q8XfERq3QsWV3eXa,10,plain,none,mixed,1 2 5 6 8 11 11 16 16 24
AA1W0I2MXgA0G8I3mI2eD2OYOF2WO305Gi,10,plain,none,mixed,3 3 4 4 5 5 9 15 17 35
AA1W8Y3GT3AWMiWu40XB0qkWi4WA1amX0f,10,plain,none,mixed,1 1 4 6 8 9 13 13 20 25
AA1W41yem1OCjY8ImY4mjIiIIZIGX1IQoA,10,plain,none,mixed,3 3 5 5 5 6 11 14 21 27
AA1WRYSK2MeKcZ9Y4Wd404aWoTWaL1I1e4,10,plain,none,mixed,1 1 2 7 10 10 14 14 18 23
AA1W0i2SWNpP58YmL5GYgaAA489NEcOf0W,10,distinct,none,distinct,1 2 3 4 6 10 13 18 19 24
AA1W9AOA0eAqGA7Wi1W0OSpLaWZW40m44W,10,plain,none,mixed,1 1 1 3 4 6 15 16 21 32
AA1W1W4d58A4BXA88WXKXKAH1G3mnG9285,10,plain,none,mixed,1 1 1 2 7 9 11 16 23 29
AA1WY7DCIPKD4eMy94e2AIeoLCKaOLSw1W,10,plain,none,mixed,1 1 8 9 9 10 11 15 17 19
AA1W4CHWm51BI2IKCg2AaKXSHYIGM2LQ0J,10,plain,none,mixed,1 6 6 6 7 9 11 13 17 24
AA1WY8Y5muAaNImeI0faWy6OpgWdK14Y09,10,plain,none,mixed,1 1 3 6 7 12 16 16 17 21
AA1W4f9HIcX0PfD58X72meL4W81OiWYGOG,10,plain,none,mixed,1 1 1 8 8 10 12 12 18 29
AA1W1WaT6Exay_GYGoAA0aJHcc44O8g891,10,plain,none,mixed,2 2 3 8 11 11 14 14 15 20
AA1WY8A6p3RfoMHaKL1eX53n1I5aQXYcf4,10,plain,none,mixed,1 6 6 6 7 9 15 15 17 18
AA1W12hdg9AvGmfN7MW8Z9baE9YX8IyX8J,10,plain,none,mixed,1 1 5 9 11 11 12 12 14 24
AA1WWZKgay4EYKGnX21b2JWn6Cb2aOZ6uG,10,plain,none,mixed,1 1 5 10 10 13 13 14 15 18
AA1W8H4GNHCAXA9AB2Y81WR91D860U3OYW,10,plain,none,mixed,1 2 3 5 5 8 11 12 18 35
AA1WX092YfE8Go4KOKbe1BCXNAoWe77uWL,10,plain,none,mixed,1 1 3 7 8 9 10 16 18 27
AA1W14C4QPhSCP78o18WgeTBI2H3T7mo4W,10,plain,none,mixed,2 3 5 5 5 8 15 16 20 21
AA1W0G-1zCfCOIHXK405198uHoWGZ2uEYY,10,plain,none,mixed,1 2 5 5 6 8 8 14 24 27
AA1W0s2eMMw0c6GngOJ2T0I1pE9894m8n0,10,plain,none,mixed,1 1 2 2 6 7 14 21 23 23
AA1WG2bAXLY2GY2WbXY0W_qCWKuZ4L1e6W,10,plain,none,mixed,1 2 5 6 6 6 14 15 17 28
AA1W3109b4G0i9mm430C0W6DTeL4I0q7Wy,10,plain,none,mixed,1 1 1 2 4 13 19 19 20 20
AA1W91K6BGNYuGQ0G6081113eL48b2OIXO,10,distinct,none,distinct,1 2 3 5 6 8 13 15 16 31
AA1WBKff33U0W105P0XGD1YIXZ8fCvbah2,10,plain,none,mixed,3 4 5 5 7 9 10 12 17 28
AA1WK7W5f5JXoaJ9Xy3K4kNL4A1eJgEIWm,10,plain,none,mixed,3 3 6 7 9 10 11 14 16 21
AA1W4X28GYVUSYE084W4Om5rT5WW14OZ4a,10,plain,none,mixed,1 3 5 5 5 7 12 15 20 27
AA1W4X28fg96dkGnX890uG15K4GgF6eAZ8,10,plain,none,mixed,1 1 6 8 9 9 13 14 18 21
AA1WWg4sjcClP43Gk8KHCoDWHJn0B29TCA,10,distinct,none,distinct,1 4 6 7 8 9 10 13 17 25
AA1Wf040OUR4P599AHJ54mc0K312g2mAQ0,10,plain,none,mixed,1 1 2 3 8 12 14 15 17 27
AA1W36m6GC4b85Wz4c4XAGYCPCLa3H2GI4,10,plain,none,mixed,1 1 2 7 8 9 15 17 18 22
AA1WK0mA4fYKAMDAn8HeCj4paX1z1085nW,10,plain,none,mixed,1 2 3 7 9 12 13 13 16 24
AA1W9I9Y30u6H5tg4Wa4ZAenKBIA106X2G,10,plain,none,mixed,1 3 4 9 10 10 11 11 12 29
AA1W48KQdeOaeadY4PA4XIIX3k8nF44WG1,10,plain,none,mixed,3 3 3 5 9 11 13 14 15 24
AA1WagQ1HiNMYCEI30RJc25X0aYGaHYZeG,10,plain,none,mixed,1 1 3 4 7 10 12 17 20 25
AA1W0W90uAILI3X9A1e4Wy1WL2Wdv6Cea2,10,plain,none,mixed,1 3 4 7 9 10 10 12 13 31
AA1W4HQ9ICNMcGgHmXC2G99E8q4MGxm102,10,plain,none,mixed,1 2 4 6 6 13 13 15 15 25
AA1W1W81U98obAgD2W89Hg6WS0WFj92MGG,10,plain,none,mixed,1 1 5 6 7 10 11 13 15 31
AA1W0G9K918valbWg0m8X9HBHGw8WaWY1W,10,plain,none,mixed,1 1 4 5 6 6 12 16 24 25
AA1W4WL8nYF89n8Hgm52eQ2obwfcAKHsO4,10,plain,none,mixed,2 4 9 10 11 11 11 11 13 18
AA1WWG20ifaIlXzWiaGe0S1W9AnNCxmCYG,10,plain,none,mixed,1 3 6 6 8 8 9 11 18 30
AA1W8o28GKuX9oaeca24GQrncCeA2r9H2G,10,plain,none,mixed,1 2 4 4 7 12 13 14 16 27
AA1W20KAufYjpGwJ0aW4OA13GLDFjvOGJ0,10,plain,none,mixed,1 1 4 6 9 9 9 18 19 24
AA1W52GB9ISDkP6KomLWaPK0qbX8ocA-E0,10,plain,none,mixed,1 3 4 8 10 11 14 15 17 17
AA1W0L3CHejHKkWq5MeJ4baY820ICHo0E1,10,plain,none,mixed,1 1 6 7 8 9 11 13 22 22
AA1W0G30PS5cIv1Z_amA1M98Y2X-49IXXA,10,plain,none,mixed,1 2 4 5 9 10 10 14 16 29
AA1W4Wm41N3W4T2ab2950h4XCOCHbnW80X,10,plain,none,mixed,1 1 1 4 7 9 15 18 21 23
AA1W4BOx6ub0k4f62WC620a5c5K920G1qA,10,plain,none,mixed,1 1 3 4 7 8 10 11 27 28
AA1Wfc99Dqa5X88AF1513Gw0k8ecCS2WXH,10,plain,none,mixed,1 3 5 6 6 8 10 13 18 30
AA1Wa48Nv3J3OdWK2IA1Y8UA9eka9AB528,10,plain,none,mixed,1 2 3 9 10 10 11 13 16 25
AA1WIemY4WJbq1mKTaK52HsMfAGl64CX08,10,plain,none,mixed,1 1 2 7 8 9 11 14 18 29
AA1WD7kYAx4cfwcijGr65XIOSP0jQ5xN11,10,plain,none,mixed,1 7 8 8 8 10 11 14 15 18
AA1W8Z4YWS5udGaGAgMOY6XQ8K142Wg1OW,10,plain,none,mixed,1 2 3 5 6 12 14 17 20 20
AA1WQ2GCW8c12Go48CY18uNLXo2mQ2UGw4,10,plain,none,mixed,1 1 2 5 6 10 10 16 21 28
AA1WXC6Gms4LcwGnVC92259HN98Ya2OWW0,10,plain,none,mixed,1 1 4 5 7 10 15 16 18 23
AA1W8YeB1DvGe8Oe4X848nqDTP18av4F0K,10,distinct,none,distinct,1 3 4 7 8 11 12 15 17 22
AA1W4aK524meM1W4OX6aAHQJGw18OX9A1W,10,plain,none,mixed,1 4 6 7 8 8 10 13 14 29
AA1W1Dmo19YJocGq6Weeauz4GGbX894D48,10,plain,none,mixed,1 2 4 7 10 12 14 16 16 18
AA1WG4W40i5DZ9HI5me16Go6A50kAGn7GA,10,plain,none,mixed,1 3 4 4 7 9 12 16 17 27
AA1WE10Gc25BnYEoA0mA0wMWlaGq4ZaGoY,10,plain,none,mixed,1 3 5 6 9 10 13 13 16 24
AA1WH120mJ4aYKYeoHO2G9XIBLR8vyx81W,10,distinct,none,distinct,1 2 4 6 7 8 9 19 20 24
AA1WmcGI1O6hCSbb0euOH4A0Y3DOb8H28a,10,plain,none,mixed,1 2 4 4 6 11 14 17 19 22
AA1W4Ga6aKZ1e6aq60e8nGA1OJ0H562GI2,10,plain,none,mixed,1 1 5 5 9 12 12 15 20 20
AA1W51B9WE3HOG29R6WA9GBaF1mj62Ge36,10,plain,none,mixed,1 1 2 7 8 9 10 10 21 31
AA1W7048vD411_n44s4Gg8GetX04j16H8n,10,plain,none,mixed,1 1 1 4 8 9 10 14 15 37
AA1WX9nbKo6OKFc0808ag3Gy9Il98XGK0G,10,plain,none,mixed,1 4 4 6 7 9 9 11 21 28
AA1WqfMisO2mQoE8mX8GCe9C8v0KDPOb0a,10,distinct,none,distinct,1 4 5 6 9 10 13 15 16 21
AA1WI3b4LI2GWe2Y8aAD0bKTEQ6Wq8YIiL,10,plain,none,mixed,1 2 7 7 7 7 11 14 15 29
AA1W2WO35hJXqE98aeZAOm41ICWWYml9nW,10,plain,none,mixed,1 1 3 3 6 14 14 17 19 22
AA1W5H751B40m6RK77G0G30ddA11qGaT4a,10,plain,none,mixed,1 1 3 7 7 8 11 13 21 28
AA1W8sHoJAKZS61OZ0L8C21Lqh4Ck98r0f,10,plain,none,mixed,1 4 4 7 8 12 15 15 16 18
AA1W2Go8B1OD7mYiGWAWiHfs6GW40OHH2W,10,plain,none,mixed,2 2 2 4 6 9 13 13 14 35
AA1W7GXI3ewS8r10H30K243PESrM68nYAX,10,plain,none,mixed,1 1 3 5 11 12 13 16 18 20
AA1W88Xx7G9v8H1GKX4GGYHzZS1cKIGK4G,10,plain,none,mixed,1 2 2 5 11 12 12 15 19 21
AA1W0jOuIUJY28WYGM2X19HL6eYKuYy850,10,plain,none,mixed,1 1 8 8 10 10 11 16 16 19
AA1WWGA15fCIZGScYKa8aWdbCaSYOJ5k44,10,plain,none,mixed,2 3 4 7 9 9 11 17 18 20
AA1Wg7Gy4eP2kODAiIK0Ca9Cyuv61GJ1W8,10,plain,none,mixed,2 4 6 7 7 8 11 12 16 27
AA1W8GkI3e50K8PAXAg0W7SsiBh5Y28XS4,10,plain,none,mixed,1 2 2 6 6 10 12 18 20 23
AA1W284CYg1aKboGLpX60a8A05qsj86DDe,10,plain,none,mixed,1 1 2 5 8 8 12 19 22 22
AA1WQ0KX8Mef8APOB0QC2ms2XKD8oh5T0K,10,plain,none,mixed,1 2 2 10 11 12 12 14 18 18
AA1WeANl2e60i6uME484FX8E2afvI42H44,10,plain,none,mixed,1 1 4 6 6 10 10 17 21 24
AA1WA4UZFN4d1y0lAvaWWm8axaX7WBKcEC,10,plain,none,mixed,1 2 7 7 7 8 12 13 14 29
AA1WGJX4ZXDXKI2eD4m4GZPSm2WL43ez48,10,plain,none,mixed,1 2 4 5 11 11 11 12 21 22
AA1WI2AsGiIQJ0W42GWP1860mIFh9PXXSZ,10,plain,none,mixed,1 2 5 6 6 9 10 17 18 26
AA1W9Wt9WqQ0kGHYgGq4OW3dzGNm72HW20,10,plain,none,mixed,1 1 4 4 5 6 15 17 23 24
AA1WF14BMsAQWo1I5Gn90aAXoZ23e2W2eq,10,plain,none,mixed,1 1 5 9 10 10 12 12 14 26
AA1WWLgTGC1Gy6JKR0KOb4m94Ya8XTy108,10,plain,none,mixed,2 2 4 8 8 9 12 13 14 28
AA1W1WKacaIv9HAaY41433Jg5KSIYmm405,10,plain,none,mixed,1 1 1 6 10 12 13 15 18 23
AA1WABYC8X4I-KqoHYC0G4oHIYWE2e2q10,10,plain,none,mixed,1 1 4 4 5 9 11 15 21 29
AA1WaKLi5yQ1XCGqBX462GK0kob1aJ4v1G,10,plain,none,mixed,1 4 6 6 8 9 12 16 17 21
AA1W0OvOof8XWg21W9KHA64ZrZgKkc5Oea,10,plain,none,mixed,2 3 4 5 5 12 15 16 18 20
AA1WZ0H2HI4QSCGKMH2g1G9Oc7eGZ4Un0u,10,plain,none,mixed,1 1 1 9 11 13 15 16 16 17
AA1WXIDHx2b1GP0e38O2aa90q2GOi9Xm92,10,plain,none,mixed,2 4 5 5 8 9 9 15 20 23
AA1WJY4H4eYM-eOeOX02n238UD5GLmr0e9,10,plain,none,mixed,1 2 2 5 6 8 8 19 20 29
AA1WA4u71uN0b0a4HC6IaJa5031OXSIYS8,10,plain,none,mixed,2 4 4 4 6 7 11 12 20 30
AA1WAHLHNwpn-918D2P80GO8o9AWI4eG41,10,plain,none,mixed,1 2 4 5 9 10 10 12 22 25
AA1W3DK0OG2ZiZBv5SAI4TWQTJLmC78fI1,10,plain,none,mixed,1 1 3 5 8 11 11 13 15 32
AA1W50YSbi011a9ZCKIJBq6Y948Wi708XI,10,plain,none,mixed,1 1 3 5 8 9 11 11 11 40
AA1W4JfmcHvInMC9P2WGWMaAIWztOG2cJ2,10,plain,none,mixed,3 5 5 6 7 10 10 11 16 27
AA1W4W7Wn68m369GX0OGf68mKZ4RZ4OY24,10,plain,none,mixed,1 3 4 4 4 9 13 18 19 25
AA1W2ed8W4GZMSBGS0mCHY8AGZuK2aSHW4,10,plain,none,mixed,1 1 3 7 8 12 12 15 16 25
AA1WWY38o4EZsS6q-Y82iGSmH40D1dHHC9,10,plain,none,mixed,1 2 4 5 8 8 11 13 22 26
AA1WK4F1xnYcmD188WaGaiAW_eLQYHWi10,10,plain,none,mixed,1 2 3 7 8 10 10 13 23 23
AA1WWAnY9P2IYd8rcK48t8Q2mc984WZ5H2,10,plain,none,mixed,2 3 4 5 7 7 11 16 21 24
AA1WfMDHOZO5AH4830O8RTa8f99AY2Gb18,10,plain,none,mixed,2 3 4 4 5 6 17 18 20 21
AA1W8HFH3PZE8J4Of145WHMfMAn8eB0O4G,10,plain,none,mixed,2 3 5 8 9 9 9 14 16 25
AA1W53OBnXAXfDnUn14WK1GK9ki3BAYD0O,10,distinct,none,distinct,1 2 4 5 8 11 13 15 20 21
AA1Wf3eT4GY0h8WcI807LA9S7B9A3GK1mL,10,plain,none,mixed,1 3 4 6 6 7 7 17 24 25
AA1WARGL1A4vA5OKgWKWK18Bw2oHEf0aWO,10,distinct,none,distinct,1 2 4 6 8 9 12 16 17 25
AA1WO5e6AA61S4ocgEOGa6Ch-WdkAv15Re,10,plain,none,mixed,1 3 4 5 8 9 14 18 18 20
AA1WGAa50unO30W63GSM2Ga4WC0YIKTa08,10,plain,none,mixed,1 1 2 4 4 11 12 13 16 36
AA1W3J4GX2ohHc12491YaeP4_c4a4bq2Ge,10,plain,none,mixed,1 2 4 6 12 12 13 15 16 19
AA1W8f1CcHKWw6ZY8K48WbAwICWm57zy00,10,plain,none,mixed,1 2 6 6 7 10 12 17 18 21
AA1Wm0u0Gs0Z8iWG4e8gXOg54LTFRoZKQX,10,plain,none,mixed,1 2 3 4 7 13 16 16 17 21
AA1WGA05GwvQu34Wq202eYJAfAWqGY42aa,10,plain,none,mixed,1 2 2 3 6 14 14 15 20 23
AA1W0MnQNYWhDfXu30WGdO62Iken5Wen0m,10,plain,none,mixed,1 1 1 7 9 11 12 16 18 24
AA1WGalvWkHnHP1KJ4K8c5FIaebO2z0M4e,10,plain,none,mixed,3 4 4 7 7 9 13 16 17 20
AA1W4GX2g2hWsMX8r4m40JFnQOWX2Zmn58,10,plain,none,mixed,1 2 2 5 9 12 13 17 17 22
AA1W4hmk4Gn1B9HLAQm32eZ981CiYWI1iG,10,plain,none,mixed,1 1 4 7 9 11 11 15 19 22
AA1WIYGA0CXK60q4UY31WYK9YC9YAKbXC8,10,plain,none,mixed,1 3 5 5 8 9 9 15 19 26
AA1W5Gikcf2aXb39b8CIGb8Q57JQ65nE8S,10,plain,none,mixed,1 5 8 9 9 11 12 12 16 17
AA1WA5Ga0i7Jfc0f8GXWZ8Q5BqGU80W2OS,10,plain,none,mixed,1 2 4 5 5 6 14 15 24 24
AA1W8HH4f6CYW654cee1e827cZILIf0i0Z,10,distinct,none,distinct,1 2 3 6 7 11 12 16 18 24
AA1WK18I3ICWto4LdGa58av4O4JHgLjYqO,10,plain,none,mixed,1 2 3 8 9 9 15 15 17 21
AA1WYHXaC8Xa44Z4IIJ478vXEen46W2W11,10,plain,none,mixed,1 1 4 6 7 8 10 12 19 32
AA1W1W8atWaCy7xYWX892ZOgYGYGGjMp6a,10,plain,none,mixed,3 3 5 6 6 10 13 16 18 20
AA1W259B0uAc4912GY2HCPZHW86G7W70c4,10,plain,none,mixed,1 1 2 4 7 8 11 13 26 27
AA1WX0mB9w48YhiPY0GGU8n6aDaYH24VWY,10,plain,none,mixed,1 1 5 5 9 14 14 15 18 18
AA1Wa0Wh5MGGx4Wk5mra20M2m629AXy288,10,plain,none,mixed,1 1 4 4 9 9 10 11 25 26
AA1WGGQ5iUYYGY5Wa0L98QWK4uiG62XeE0,10,plain,none,mixed,2 2 3 4 5 6 9 10 28 31
AA1We0t1IL8PXzgK4GEXG6D54RSz_2Ji24,10,plain,none,mixed,1 1 3 7 8 10 14 15 16 25
AA1W0S24CKeIbLwiI0Xg2GGQpEWN3PvOiG,10,plain,none,mixed,1 2 2 5 10 12 12 12 17 27
AA1W220WY3GeT64f18AQZImM2n2KHHY8Oi,10,plain,none,mixed,1 2 4 4 5 7 14 16 17 30
AA1WCXJ8WE2XqAC8XGA0O40ZGx1a0tEbYW,10,plain,none,mixed,1 1 3 4 4 6 16 19 19 27
AA1W8WY39H9EG52F8X29XKBqCH2u8L5OmK,10,plain,none,mixed,1 5 7 7 8 8 11 15 18 20
AA1W489YqCHcCnoq5Wa8YmGI2mb6K94H48,10,plain,none,mixed,1 5 6 6 9 11 12 13 14 23
AA1W1G92e5oSIbWmBeaCXGC1ZDo9Gmfa8I,10,plain,none,mixed,1 3 4 6 6 9 16 17 17 21
AA1W4HEb34P4c7n38P9Z7Go5KGY8kgL0W0,10,plain,none,mixed,1 2 4 5 8 13 14 14 16 23
AA1WKHH4ma4P0Q4ye4W0G4XYRvX28YYwHY,10,plain,none,mixed,1 2 4 5 5 10 11 15 23 24
AA1W61G50hyWCmbQXWe4GP4kJ8J478d89X,10,plain,none,mixed,1 1 4 5 5 11 15 16 17 25
AA1W0W1716eb0IkKm18CX98PQJHIQUfz9b,10,plain,none,mixed,2 4 5 6 9 9 13 15 16 21
AA1W88IEJM491O5TYqG9X84cIiH68WXaKC,10,plain,none,mixed,1 1 3 8 11 12 13 13 13 25
AA1WA9U5eG14ODLKCO02m81259pqWX6vCA,10,plain,none,mixed,1 1 3 3 6 6 8 20 26 26
AA1W0sbKIQEY3KayWI8a2bd4eQJ4KOxw18,10,plain,none,mixed,5 5 6 8 9 11 11 13 15 17
AA1W0Gqh3V2AJ5eY6XLQ1G72PYI8KbA6X1,10,plain,none,mixed,1 1 3 11 11 11 12 16 17 17
AA1W5Xi6V85oDIOWA78K31MbsGnDOXiI14,10,plain,none,mixed,1 2 5 7 7 13 14 14 18 19
AA1Wn68mbqotR8QeOaY049EWd889IwaIA5,10,plain,none,mixed,1 2 6 6 8 10 13 15 19 20
AA1WY18ewJXIO5GO208o1m948XbpSWaJ0u,10,plain,none,mixed,1 4 4 4 8 9 15 15 18 22
AA1W4W80eK8nJYRmS6818C18aaTHQ6Gqbm,10,plain,none,mixed,1 3 4 6 6 6 8 15 23 28
AA1W8X6E7y0e60buH1G4X24R44IbOoAYKY,10,plain,none,mixed,1 4 6 8 9 10 10 11 14 27
AA1WAHGpI34OZScmn0O8Y1L0i0H7GY8e4O,10,plain,none,mixed,1 1 1 2 7 13 14 15 19 27
AA1W8NHr5uYiHZJi2aY4C48Ia0_OcKb56W,10,plain,none,mixed,1 1 3 9 9 10 12 14 14 27
AA1W9AQXCW0Zm3A4Yc26AIXiLjhw6m5mX8,10,plain,none,mixed,1 4 4 7 8 9 11 11 20 25
AA1WG92mMA5HPXAH8g45Y4qOw1GKA1IoI1,10,plain,none,mixed,1 3 4 5 7 7 10 18 19 26
AA1W10SwW8t6XH96Gg6L1WInGD7O8a0WyO,10,plain,none,mixed,1 1 2 6 7 11 11 14 20 27
AA1W4laGM4G92AtH5GquGaYI81GB13b6q4,10,plain,none,mixed,1 1 3 6 9 10 11 13 15 31
AA1W548D1aBUuySIJmJeBJOYOaaAE8I58K,10,distinct,none,distinct,1 2 4 5 6 14 15 16 18 19
AA1W4Ww7GPAtgcag5bf0WJ1OYF4ad4FC80,10,plain,none,mixed,2 3 5 7 7 10 10 12 21 23
AA1W031gJHi9IP4KLG2AAdfX4Ew9HoAQCH,10,plain,none,mixed,1 2 5 6 11 11 12 15 16 21
AA1W2eiH2MeP4YWK21W4WuJ2fbDYKHG44G,10,plain,none,mixed,1 1 3 5 11 13 14 14 17 21
AA1WF1850f24GI2JbPgII9GQ2a0Y8108eY,10,plain,none,mixed,1 2 3 4 6 9 9 13 26 27
AA1W0W60q7MfK9aGK108Od6md6m80aGM30,10,plain,none,mixed,1 2 3 4 5 5 5 10 32 33
AA1W5994y2WdCK4G8K211N9_SQZI9IY8K2,10,plain,none,mixed,1 2 4 5 8 10 14 16 16 24
AA1WI3a3vYYJZPi1vn820rqrGV68eo9AI8,10,plain,none,mixed,1 6 7 7 9 9 10 14 14 23
AA1W5WaWK4IBAR4vqua12jII6WKw53A38i,10,plain,none,mixed,2 2 3 6 6 10 14 14 17 26
AA1WAYJ6X4JZXIHS4EY20HqZQ3LagI4XAI,10,plain,none,mixed,1 1 2 3 9 14 14 16 20 20
AA1WEGcadb6mfDcKY0WG8c8ae4iIWoO51G,10,plain,none,mixed,1 1 4 7 10 12 12 16 18 19
AA1WagjHDom49XyN8YC0b2MRIcLKH88CGm,10,plain,none,mixed,1 4 5 5 6 9 11 11 24 24
AA1WQ0GYiaPXVx894WeOWeYWa8oIK9AAI2,10,plain,none,mixed,1 1 7 8 11 12 12 14 17 17
AA1W91HGYGoYH6I38ueA9XHuD0dWS8o7Ea,10,plain,none,mixed,1 3 4 7 8 8 12 16 20 21
AA1WA3Wd7OImr8QAXGh4Z7YBzbY440e2e4,10,plain,none,mixed,1 3 4 5 7 7 9 17 21 26
AA1W8WbAIpI-asWtJCL2058N26IAHEYYZ0,10,plain,none,mixed,3 4 6 7 10 10 13 13 16 18
AA1WI2T9o8A1y9hKG920W4SeI3IiY16G-8,10,plain,none,mixed,1 1 6 7 7 9 15 17 18 19
AA1WWa58ecQpZQHqd1W4YdKvG7W10HK94G,10,plain,none,mixed,2 3 6 7 7 7 8 11 18 31
AA1W2J8bHebWN5GM1sGA2Xa303aNrc1B1G,10,plain,none,mixed,1 1 3 5 8 8 14 15 17 28
AA1WI2EYoeIQ08I4YXLAIHBvI6NW45b38e,10,plain,none,mixed,2 2 4 5 5 9 13 17 17 26
AA1WI0q9GM30G11WYmGWC2WN68sjkAoA9H,10,plain,none,mixed,1 2 5 6 6 9 9 10 20 32
AA1W57O9610G2J7O18LeIafKCXY3998E0I,10,plain,none,mixed,2 2 3 4 5 6 14 15 15 34
AA1WG4dQ33bnPYCWa2W2Mf93mgc8q6Gg2a,10,plain,none,mixed,1 3 5 5 8 9 13 14 16 26
AA1W10A29oHA9YcQdae0WC4H24AiYCUV30,10,distinct,none,distinct,1 3 4 6 7 8 12 16 17 26
AA1W61BgGM2EXj52uM1GXI9C436e4XaaA8,10,distinct,none,distinct,1 2 3 6 7 9 13 18 19 22
AA1W2KJkOi6p4f6Gi2Gm98AwI8Pq31WA4G,10,plain,none,mixed,1 4 4 7 8 12 12 13 15 24
AA1W1GaL3uDCHmosFmHMYe9GPfaoGC818X,10,plain,none,mixed,1 2 4 8 8 8 11 13 14 31
AA1W61SCKJw1Gagm90e0XSDs59p6eZ851a,10,plain,none,mixed,1 1 7 8 9 12 13 15 17 17
AA1W18I2H3UIAm8Y2G4D1aAXKCKH38PXXa,10,distinct,none,distinct,1 2 4 5 7 11 16 17 18 19
AA1W8A1woAIQ9YOW6528g8m118ovT8fQXW,10,plain,none,mixed,1 3 4 6 6 7 8 18 19 28
AA1W89aIB5X4ua36V2O1WeLZDwK8aN4uGY,10,plain,none,mixed,1 4 6 6 7 9 9 12 20 26
AA1W4Y218XCfPBH7GvWG20mUmQB52iXraH,10,plain,none,mixed,1 3 5 5 6 8 9 14 22 27
AA1W5Ga8w3HCHXYJHXK50q8A0W4V4bgHWE,10,plain,none,mixed,1 2 3 7 8 9 10 10 13 37
AA1W8YHJ4r9oTXfAEs8A0zibnYIf8T5k2C,10,plain,none,mixed,1 1 4 9 10 11 15 15 16 18
AA1WA98aHfT62pZE2mb2Z8SIK8jAM2uCj4,10,plain,none,mixed,1 2 5 5 10 12 13 14 16 22
AA1W8eM5Ku10Ac6aY2WD050K2rfEIqG958,10,plain,none,mixed,1 1 1 5 6 9 10 13 21 33
AA1W0qa89O4WSr2eQ0CHa8WFYFGZEB8v48,10,plain,none,mixed,1 1 2 2 8 13 15 17 18 23
AA1W8N3J1WEijP884XGIaCOYPSHJHQWa24,10,plain,none,mixed,3 3 5 5 5 11 13 17 19 19
AA1W1WL1qSHdICbA4eWAXgAHC9ss0aVu92,10,plain,none,mixed,1 4 6 7 10 12 12 12 18 18
AA1W12960L30KEIaKWYXiDHoA8Z0E0j470,10,plain,none,mixed,1 3 3 4 6 11 14 18 18 22
AA1WGA2WqYNIO53eK508BX9XBB1W8I2oII,10,plain,none,mixed,1 3 5 5 6 8 14 19 19 20
AA1W2mC82f8b7Y8X8A22eHEAgPd852esF0,10,plain,none,mixed,2 2 2 4 10 11 13 15 19 22
AA1W1Kn5mH2GaHI9nR4GK1X49RE98oViAa,10,plain,none,mixed,3 3 5 6 8 10 11 13 15 26
AA1W8n4fP34PLP5iEd0GH590n2WFP9KmaC,10,plain,none,mixed,1 2 7 8 8 10 12 14 16 22
AA1W9X44WJ9oJKRaHaC0W532kDGIa1KA0a,10,plain,none,mixed,1 1 5 5 10 11 12 13 20 22
AA1W92za9XKAI9VgXAAWd3DacY28G40YOS,10,plain,none,mixed,1 1 4 4 8 9 9 14 20 30
AA1W0C-KsXCPmq0Wa2K9MbX4eXAHY9Gi4G,10,plain,none,mixed,1 2 2 3 6 13 15 15 16 27
AA1WI2G90GSlqF8q30KA18y4aYJe5uW40S,10,plain,none,mixed,1 3 3 3 6 7 18 19 20 20
AA1WWMb610BmzM0z94O169WjN8QYHaYYIC,10,plain,none,mixed,1 3 4 4 10 10 11 13 20 24
AA1Wp68l1y4GGD8A1m18W4GWiJ4e88Y2eP,10,plain,none,mixed,1 1 1 3 5 11 17 18 19 24
AA1W68H2KHda4WY89SO29aCHXg8G6mYS82,10,plain,none,mixed,1 1 1 5 7 11 16 16 19 23
AA1W58a2Waw1Ge3Dg0858M4WfP8Zao2GM4,10,plain,none,mixed,1 1 4 6 7 9 10 14 18 30
AA1WCWC0Y-ieT4VYAX28no2aXhSmP1B4W0,10,plain,none,mixed,1 1 4 6 6 7 16 17 21 21
AA1WYiKHXmM4RNI6Wg62IBEWK9ZG8W02S8,10,plain,none,mixed,1 1 3 5 5 8 15 17 18 27
AA1W64GL1HA0t5Yih8e8N1WzKIRA0WI1Hn,10,plain,none,mixed,1 3 5 6 7 8 9 9 25 27
AA1WH2K9Kjd2WA4mKHZCWIH9C56IeIYC0X,10,plain,none,mixed,1 1 6 6 10 11 12 13 15 25
AA1Wq6GGqIHpk6nI6g2I1m18NWpjSeIGQ0,10,plain,none,mixed,2 2 4 7 7 9 15 16 16 22
AA1WaGZIQsXHu40O3f8m2mA19MfCE8IYHH,10,plain,none,mixed,1 4 5 6 6 11 11 14 17 25
AA1W0WH1n6QJ1e4410L8HCDXGA7XaM5ogC,10,plain,none,mixed,2 2 2 4 7 9 10 11 18 35
AA1Wa267Gy73okKIYGH0S8I24Y60s5GXiC,10,distinct,none,distinct,1 2 4 5 6 11 13 18 19 21
AA1W4Wef1NK2XLgPbGm8h6S2W4n1f0a8un,10,plain,none,mixed,2 3 5 9 9 10 11 13 16 22
AA1W28Y0a4oNauIYhK88WY20NnAwN99-Bn,10,plain,none,mixed,2 3 4 4 7 11 12 14 15 28
AA1WoaqEWd8uKud41u0WI8mLwBG20PA39A,10,plain,none,mixed,1 1 5 5 7 7 11 20 20 23
AA1WZ481PqDXGv4aIXHK0g4fG4ry2X1G91,10,plain,none,mixed,1 1 2 2 9 14 14 16 19 22
AA1W20D1GDSA2mg58WS6Wu4GH4CWKF8h22,10,plain,none,mixed,1 2 3 3 7 10 10 11 24 29
AA1WKXu5HDA9I9Z4Y44082Wp4Galav8I30,10,plain,none,mixed,1 1 3 4 10 12 13 14 18 24
AA1W4aXgKHIDQo8Q4f9Y0a73XSGK1SAxWA,10,plain,none,mixed,2 2 7 7 8 8 10 13 21 22
AA1W1IcQCbH5bCQT9RG39nYt2Epr-0EG8m,10,plain,none,mixed,1 2 3 6 6 11 15 18 19 19
AA1W4k4GYZXa4YLgA0GICZeT4CHkB0e8KY,10,plain,none,mixed,1 5 6 6 8 11 13 14 15 21
AA1WI0m38Z8Wy8NQMn4WK4WiwOAS8Hh420,10,plain,none,mixed,1 1 2 4 6 10 14 17 21 24
AA1W8n5C9XCKYKaHuGH20T2HXKgZKOlamX,10,plain,none,mixed,1 1 5 9 11 13 14 15 15 16
AA1W10GE2nwKi4WY80HC1O92xJSQ2GM411,10,distinct,none,distinct,1 2 3 4 7 8 14 18 21 22
AA1WaavHMI8nDnDPeCY4Z85W5GbY64un8G,10,plain,none,mixed,1 3 5 6 8 8 12 12 19 26
AA1W28Un1ZA2VIyGTa48Q6A924QfkJag4a,10,plain,none,mixed,1 1 6 8 10 11 12 14 18 19
AA1WGI1mM4c7KGa3qeMHA56Gw58m616me2,10,plain,none,mixed,3 3 4 4 4 7 10 20 21 24
AA1WM0U24QBE1IfPBXf21ekb08CSPbBLQ8,10,plain,none,mixed,2 2 4 6 8 9 12 13 18 26
AA1W4GgH2yCVhiaeIJH0GILA4uMWRoo18W,10,distinct,none,distinct,1 2 4 6 10 11 13 14 19 20
AA1W4PWG0WBKWAHiIX2XCHwJj6Ok3WPbWi,10,plain,none,mixed,1 2 5 7 8 11 13 13 13 27
AA1W2HH4kaTGqGC8r0mb5DYIY9NJ-aiZXG,10,plain,none,mixed,3 3 4 6 10 10 11 11 19 23
AA1WWYPYNXGXBIKAH1557EA8e94CoQoU49,10,plain,none,mixed,1 5 6 7 8 8 11 14 18 22
AA1WKAIi1uCVb4GXLGi1RJ92WqH240vnoW,10,plain,none,mixed,2 2 3 4 7 10 13 17 20 22
AA1W0LJKAECraHWHA5GcAe4cEipaP2KOa2,10,plain,none,mixed,1 3 4 5 9 13 13 15 16 21
AA1W4nA99m9ieHg-Xe128A1byYLqY8eLnG,10,distinct,none,distinct,1 3 5 6 7 10 13 14 19 22
AA1W2STGqJMOh67G60WWpY2WM4hOg0Gn10,10,plain,none,mixed,1 1 3 4 7 9 13 15 21 26
AA1WA0vK8a60obmu628GY89D9HgZb54g2G,10,plain,none,mixed,2 3 4 7 9 13 13 15 16 18
AA1WAlKL5G91GJeGv0kGrbLH9H1wGW9144,10,plain,none,mixed,1 1 5 6 8 12 13 14 15 25
AA1W19gGYA3vameUu3058cHKQIIaAJeZmY,10,plain,none,mixed,1 2 3 3 8 9 15 17 18 24
AA1W0oc4f022e9mWe20IIJXTkE1G9W8GZ4,10,plain,none,mixed,1 1 2 3 4 9 15 16 22 27
AA1WC40S4n10i9TDgr98cWi6eA0p6Wf4v8,10,plain,none,mixed,1 3 5 6 6 9 10 13 21 26
AA1W8_d50nQ0G50dOB0IKIKCI71eKWYKX1,10,distinct,none,distinct,1 2 4 5 10 12 14 15 18 19
AA1W5Wqu7Aw9qCHAKZIGWKGwG1-sQ1RE10,10,distinct,none,distinct,1 3 6 7 9 11 12 14 15 22
AA1W0G53eMie8S0o68e30e5WK5YDAd4SKH,10,plain,none,mixed,1 2 4 4 5 11 14 15 16 28
AA1WH29s8Y2W52028maCJYKIXC2S3Wl94G,10,plain,none,mixed,1 1 5 6 7 9 9 13 17 32
AA1WC2PT8Y4HIeeA0W41W4uXGo489nA2bO,10,plain,none,mixed,1 1 2 5 6 9 14 16 20 26
AA1WX2E9q5UA8AfAmI28KXJHYAH-D4C90S,10,plain,none,mixed,1 3 8 10 12 12 12 12 14 16
AA1WgTWaCa5X4H5WI2C50E1YIYmL590e20,10,plain,none,mixed,1 1 3 4 7 9 10 17 20 28
AA1WB28L4uK1X9aEX2631znYG94e0OD1GI,10,plain,none,mixed,1 1 6 7 7 9 10 10 19 30
AA1W60v6H699nNLMq108X19mJ8rOSYY568,10,plain,none,mixed,1 3 5 5 7 10 14 14 20 21
AA1WWcux924IgHOC2GZ8b4I2mX9AY0M8g8,10,plain,none,mixed,1 2 3 7 8 10 12 12 21 24
AA1W0e50poXrgLLKWGg8Hj98tCHaCCNm00,10,plain,none,mixed,1 2 2 5 7 7 14 19 21 22
AA1WGaY8Ob0eFN5m50WH4EWN458l6LAIGA,10,distinct,none,distinct,1 3 4 6 9 10 11 12 17 27
AA1W0e613E3oCN6yqvY58iA8m78JHh0YGH,10,plain,none,mixed,3 3 4 5 6 8 13 14 18 26
AA1W63GQstEYOeIfWYG90lc1CZGB3wC4X6,10,plain,none,mixed,1 1 6 6 7 11 12 15 20 21
AA1W410MYOZ0eWX9Vu4MIE5kfEIZPn2894,10,plain,none,mixed,1 1 3 6 11 12 13 17 17 19
AA1W7040W9nMYR789214Wg0OCYWOeA1NBO,10,plain,none,mixed,1 2 2 3 5 6 7 14 27 33
AA1WGY4U4HoUb18P8K888fCAYFIiKOx1H4,10,plain,none,mixed,1 2 4 7 11 11 12 12 18 22
AA1WYKJIaC6G3WMUe8H1Ba4GZ2Pc4YYnGG,10,plain,none,mixed,1 1 3 7 8 9 11 12 17 31
AA1W8b853mo0QecbiI2K4Pfwa899YCVWa6,10,plain,none,mixed,1 3 4 5 6 9 9 10 24 29
AA1Wm3E59OZiYqiXsC204fKt6YD2IKkMvA,10,plain,none,mixed,1 2 3 5 13 13 14 16 16 17
AA1W6I459KoZa30f2Oe60Wr7GZv9HL28A5,10,plain,none,mixed,1 1 2 2 10 13 15 16 18 22
AA1WW19dWYIgM2n4cC0SacXoAL96Wtgwnb,10,plain,none,mixed,1 5 5 5 5 14 15 16 17 17
AA1W933WiiL28Z3nOg8m6iI8K8H8ak7Wv4,10,plain,none,mixed,2 2 4 6 6 13 14 15 18 20
AA1W18K31ogHGM3IJw46001HC4a1uH22iM,10,plain,none,mixed,1 1 3 3 5 6 11 14 23 33
AA1WGYxq1WAJIJmH804R0O9W7aw9ng4aYY,10,plain,none,mixed,1 1 2 6 7 12 15 17 18 21
AA1W0YHBB80u1y4hEWWeT9KfE8M1qwKKLC,10,plain,none,mixed,1 2 5 6 7 7 10 12 13 37
AA1W0i5dKYLpoIKKB0fY0s3G9M9WIGaI0H,10,plain,none,mixed,1 1 5 8 10 12 12 14 14 23
AA1WH48X428mY4Ot5WiG4Wa4GYKKAna1G8,10,plain,none,mixed,2 2 3 4 6 9 10 18 21 25
AA1W9GfMIk91J18fX4848YGMg1ZSAGopG4,10,plain,none,mixed,1 1 9 9 9 11 12 13 14 21
AA1WI24GRbcAHU0mYCA4mK6XO2KXa308AA,10,distinct,none,distinct,2 3 4 5 6 9 12 14 19 26
AA1Wu24GY9mn56IfWO84CI2aCWqAjfbBnX,10,plain,none,mixed,1 1 5 8 8 10 11 13 18 25
AA1W0GGWm95IMgMPjJ8R0H3mG4UrwC9To8,10,plain,none,mixed,1 3 5 7 8 9 10 14 14 29
AA1W902mI5WaG1Op0mG92m24GYqVYTHR2o,10,plain,none,mixed,1 3 3 5 5 6 9 13 26 29
AA1W44G2Wa9I4T1KA1amW430feY3NvmA1G,10,plain,none,mixed,1 1 2 5 8 10 14 17 18 24
AA1WGoM8eYt2WIo2WYY4GJK1W5ELqfhO10,10,plain,none,mixed,2 3 4 4 5 7 12 17 22 24
AA1W90YyZvcin5OMW00CAA5MAXr2btOBGM,10,plain,none,mixed,2 3 3 10 11 11 11 12 15 22
AA1W1860gE4ur50DduKAHH68n4mzgWAx8a,10,plain,none,mixed,4 6 6 7 7 7 10 11 18 24
AA1W0r840WZiHEHya91KSAXI3L2YYWcbKG,10,plain,none,mixed,1 2 6 8 8 11 11 14 19 20
AA1WAaBCSVX2Gm3X2GK2dOvIC9Kmu2XWOb,10,plain,none,mixed,2 3 3 3 8 9 13 13 14 32
AA1W2WY11mGI2nqIXAJ915C1Wq3d54aIQG,10,plain,none,mixed,1 1 5 5 8 8 10 16 17 29
AA1W0W20PjKGT8r040W4ma6XQ70eA5aN1G,10,plain,none,mixed,1 3 3 3 6 9 10 10 27 28
AA1W18GQ1mo0GcCfgL1D1GK13DC60W40y8,10,plain,none,mixed,1 1 4 5 5 5 12 15 20 32
AA1W2cXi4zX8PPDYC8GJ4EGH9bjLaD1ew8,10,plain,none,mixed,2 3 4 6 9 9 11 16 20 20
AA1W61G4ee9Wa0n58V91WD1cu830U9B9Y8,10,plain,none,mixed,1 1 5 6 7 8 11 12 22 27
AA1WWH1DgYN9fydK5ue4KegI0IoW9J1qHB,10,plain,none,mixed,1 4 6 6 9 9 12 14 19 20
AA1W36g4YIICogAWq2GWILeb8IlGg7G70C,10,plain,none,mixed,1 1 3 7 8 10 14 16 16 24
AA1W91v10V3XqwYq4c00mB12KXR12914F1,10,plain,none,mixed,1 1 3 4 5 11 14 16 17 28
AA1WHI64bALHIi0ZAOa90aIZx1GJeP2HgC,10,plain,none,mixed,2 4 5 8 8 12 12 13 17 19
AA1WOQaD4OurfqDG10O8GILrmDWhI4W244,10,plain,none,mixed,1 1 4 5 6 11 12 16 22 22
AA1W2KHg1Sm10K32F0OaHIF2DGKYeKYaYa,10,plain,none,mixed,2 3 3 6 8 10 11 12 13 32
AA1WWqIoY452HAII0uC8g57up0TJiJ199I,10,plain,none,mixed,3 4 6 6 6 7 10 12 18 28
AA1Wg3W80JCTUGbaeaq14KJ3bkOA2G8A10,10,plain,none,mixed,1 2 3 3 7 7 15 16 19 27
AA1W97KXWCvGhJTI4GWDKUKqGXI4m0W2eH,10,plain,none,mixed,2 2 3 5 6 6 15 19 21 21
AA1WCqa304OIqMg6WgGGa7aWKI15Oiu5mX,10,plain,none,mixed,1 4 5 5 7 9 10 12 16 31
AA1WA1YCH2Uxx21un9648Y1PaXKadC828g,10,plain,none,mixed,2 3 4 4 10 12 14 16 17 18
AA1WuF0ECuCGJ3dIC1W8YY4XGIGa91CDMo,10,plain,none,mixed,1 2 3 6 8 11 15 16 19 19
AA1W8WC1WAXtIB5aAXC4WA2KCXKL3heG20,10,plain,none,mixed,1 5 6 6 7 7 8 9 22 29
AA1W41PDEAaaGy3XSBI0X855aNCW40mECq,10,plain,none,mixed,3 4 4 4 4 7 9 17 21 27
AA1WCGLzEGhPf2ZHWW82Q2KbAILgqSkZnW,10,plain,none,mixed,1 1 4 11 11 11 13 13 16 19
AA1W48G3EAeaGJ2HYAW8WlC1Gg98KYqQcH,10,plain,none,mixed,1 5 5 5 6 11 15 15 18 19
AA1WA3CLfHjzZH9bDGGW4eCZ95zkASdXs0,10,plain,none,mixed,2 2 6 7 10 11 12 13 15 22
AA1WHYI82I5Q00825YGL2eABHSKZ2CJShP,10,plain,none,mixed,3 4 5 5 5 6 9 12 16 35
AA1WIo6IGK18wfU92uaH22eb8hAgH1g6e8,10,distinct,none,distinct,1 3 4 7 10 11 12 13 18 21
AA1W9IoX41KEvAYdIum2YibibHqGP399W9,10,plain,none,mixed,4 4 6 6 7 8 10 11 15 29
AA1W50aI3GWy7XFGs1C81XSYd4YXriCaaW,10,plain,none,mixed,1 1 4 5 6 10 10 13 15 35
AA1WL2cKYCIyMB7eX2810L0mC9HcX68a4G,10,plain,none,mixed,1 1 4 4 11 11 11 14 19 24
AA1WO18517ATOGX3tY418IZh3GAglCMeKK,10,plain,none,mixed,1 3 6 7 10 10 10 15 16 22
AA1W3040W6k9dbmX4Ha4mQ3GZ34eaXH6m8,10,plain,none,mixed,1 1 5 7 9 9 9 14 16 29
AA1W1G820JjoiXF64Xm6WA2WZ5294eQfae,10,plain,none,mixed,1 1 2 6 6 9 11 17 20 27
AA1W28VWE2eVV4n6538I9960V228YI2fWa,10,plain,none,mixed,2 3 4 4 6 7 10 14 15 35
AA1WW9IGeE1ko10kaAPAL9o4GXgLPISyGm,10,plain,none,mixed,1 1 3 6 6 11 11 16 21 24
AA1W5Wa8uAikSGc0G16CHCAAWY4OE0LMX4,10,plain,none,mixed,1 1 2 5 6 10 11 12 20 32
AA1W8c64AXK8_16mI58YILef4HILI48I18,10,plain,none,mixed,2 3 4 4 6 8 17 18 18 20
AA1W1m80WrRQHIKgT540076GX8XCVDOCGA,10,plain,none,mixed,1 1 3 4 8 12 12 13 13 33
AA1W46Gn8fpEs14ihY4ACiAfMboj2W822G,10,plain,none,mixed,2 3 3 7 9 11 11 15 18 21
AA1W48q1K9a3WIyarWW98U289LsYWE8eae,10,plain,none,mixed,1 4 4 5 6 6 9 16 23 26
AA1W0w1G1GYWyHCf88abqOAXtD0m4KB1Q4,10,plain,none,mixed,1 1 2 2 5 9 12 12 21 35
AA1W312pKAIAgH8S4Q4OIY8_7xogY4N7WZ,10,plain,none,mixed,1 1 6 10 11 11 12 15 16 17
AA1W4D1aCTACgLp6IK2Y8f4MK9XV5P1A40,10,plain,none,mixed,1 1 2 7 12 14 14 15 17 17
AA1Wh3896yQGy4cB18W4b2IXq8CfAmY2WJ,10,plain,none,mixed,1 1 3 9 10 10 12 14 17 23
AA1Wg1GX4LIJi3uTE90H6eo0A2Bg6HKD09,10,plain,none,mixed,2 2 3 3 4 6 15 17 23 25
AA1W0XdkYLAEWBm-JoGJ10FS7R8X531f2O,10,plain,none,mixed,1 1 3 5 6 14 15 18 18 19
AA1W6W5X1G66mHPH8HgH1G9WgaPDGa4XI4,10,distinct,none,distinct,1 2 4 5 8 11 12 13 20 24
AA1WC145bhSQZ91Gn028PXBIGn6EaPZ1HY,10,plain,none,mixed,1 1 3 6 8 12 12 15 19 23
AA1Wu0G81CP2P0Pr3011aC5cQpWHBO_6Oq,10,plain,none,mixed,1 2 4 5 6 6 13 17 18 28
AA1WYSG608E2U8E-XKC0Y2JYiBHi2WBYWO,10,plain,none,mixed,1 3 4 4 8 9 11 13 22 25
AA1W0PqwYLHQAgWG-06GhA9C6GijWefY10,10,plain,none,mixed,1 1 1 8 9 10 12 16 19 23
AA1WK4WkJpPZ9OHcC1WW10WcC5YCLYQ7XK,10,plain,none,mixed,2 3 3 4 6 11 17 17 18 19
AA1W0mWf1k2FdaXK5A4AADIehwdYaTH58Y,10,plain,none,mixed,1 2 4 9 12 13 14 14 15 16
AA1W1SHmfIL5U7n8SqI94HyMzmnpe-ISWa,10,distinct,none,distinct,2 4 5 6 8 10 11 14 15 25
AA1WAWd20SpbHMY9nE2X4YZ08mXG2hPhB4,10,plain,none,mixed,2 2 3 4 5 9 13 16 22 24
AA1W5GKaIcK2WA1Dy4GGJ0HQ2vT68Ma8X2,10,plain,none,mixed,1 2 2 7 9 9 13 14 19 24
AA1W513GQIWA4WoDHXXOZyOD088Xaapdv8,10,plain,none,mixed,2 6 6 7 7 7 7 11 16 31
AA1WX0IVeb5kM4Y8H0qn2OAgL55nKg8Y60,10,plain,none,mixed,1 1 2 8 9 12 15 16 17 19
AA1W21IDcAZoAXa9HC8g5Bc1mM2G33aXaB,10,plain,none,mixed,1 2 7 8 11 11 12 12 13 23
AA1WCXXB12uCPDvYKXa10e3R492GOdAr24,10,plain,none,mixed,2 4 4 9 9 10 11 14 15 22
AA1W2IZKY49PU8MaKI8WS5CXKY895ANK4G,10,plain,none,mixed,2 3 3 8 9 11 14 15 16 19
AA1WL55a2bAZOZ1O_a435M5k5Ko9oH086W,10,plain,none,mixed,1 3 3 6 7 9 10 19 19 23
AA1W4h2itKAWxYeEXWaWsf9EP8853M8Ar2,10,plain,none,mixed,1 4 5 6 8 10 13 13 19 21
AA1WA5eTAU8mm92qq1uWA24fOfWxcr0Y7G,10,plain,none,mixed,1 1 4 4 10 10 12 14 18 26
AA1WZ7084WPaOX8M3e58Yma1m64j3me5mY,10,distinct,none,distinct,1 2 3 4 5 8 9 10 28 30
AA1WWJ4lMvaA8IHCcSAI62lmwJ8sHEF8GH,10,plain,none,mixed,2 3 3 3 7 9 16 16 19 22
AA1W20C0KQqy6uGY8OI90a30V5D9LEHaKH,10,plain,none,mixed,3 3 3 6 8 8 12 14 15 28
AA1W18I8CW73vGgQQ1G4H2AR8H4aXKEn1K,10,plain,none,mixed,1 2 3 4 5 14 15 15 17 24
AA1WSDXXeD20u7Wc38Gg4G22G1GrHGa4G3,10,plain,none,mixed,1 2 2 2 2 6 9 20 22 34
AA1W9Ecxim6Wk1EHLGH5SD9MA8ANf0mrPX,10,plain,none,mixed,1 3 4 7 9 9 14 15 16 22
AA1WI26WmDTGi68mO30C2WYKYWKCeayPYe,10,plain,none,mixed,2 3 3 5 7 8 9 19 20 24
AA1W60Z2WiE6W3frGj068e7OCxHa521WAC,10,plain,none,mixed,1 1 1 3 4 13 14 18 20 25
AA1WH0m56I2HWYBHK100fjXaJhMGQ3GG2A,10,plain,none,mixed,1 2 4 4 6 7 9 9 23 35
AA1WYaK5YLCPyTulb9H1Q8SZ96JBA0Y310,10,plain,none,mixed,1 4 5 5 12 12 13 15 15 18
AA1W8WO2Xa44GY9LAnY60a4b2kOaqX38H8,10,plain,none,mixed,1 3 6 8 10 10 11 15 16 20
AA1W4W10K8YdZEAWS0Cf4GXiI2efDDOo0C,10,plain,none,mixed,1 1 3 4 5 7 14 15 20 30
AA1W2XeCLKjWegZih248WR3a1jyatR0810,10,plain,none,mixed,1 2 7 7 8 9 11 15 17 23
AA1W0GX7Wi8B2DIjC1e1082meuU3b7EQLa,10,distinct,none,distinct,1 2 4 5 7 9 12 14 21 25
AA1WIHYiJOLZFC700024JanHqf0eC18389,10,plain,none,mixed,1 2 5 6 8 8 9 12 15 34
AA1WKHHYIPae-28K61GG1mY2HrHM5m4xY4,10,plain,none,mixed,2 3 3 4 6 7 13 15 22 25
AA1W1YFECn4QIOH8EAG4X4wDQpCYKYaa0J,10,plain,none,mixed,1 2 4 8 11 12 12 14 18 18
AA1WWA408CyC-5n294aHEW20b70m8_o_28,10,plain,none,mixed,1 1 3 4 7 8 11 16 18 31
AA1W1G4mX41ZZvJYKIX8g9A0g6Wqb4O18G,10,plain,none,mixed,2 2 5 7 8 9 14 15 15 23
AA1W0a9Xq8j52WK1g99Y29HAYIIHg2G9d8,10,plain,none,mixed,1 4 5 5 7 9 11 12 16 30
AA1W8nwXKCIZ9WfCI14Hmg1AMYorfPGI24,10,plain,none,mixed,1 4 5 5 6 6 10 20 21 22
AA1W094B1aJ9IYSK4X2YKOd31KHWU4NYGk,10,plain,none,mixed,1 5 5 5 7 11 14 14 17 21
AA1W17HCH4iL6uX94SZaA4X1YMKo6XCKqW,10,plain,none,mixed,1 2 10 10 11 11 12 13 14 16
AA1WGI3810F9857G7OBAfJQeh2ec20GIKW,10,plain,none,mixed,2 3 6 6 7 7 7 11 20 31
AA1Wm10JAg9I4JYy2WO4KYoIYOYA38G830,10,plain,none,mixed,1 1 2 5 8 11 14 16 20 22
AA1W90eo0S5fBRaAeb1HX8GcQ5IcB0N18X,10,plain,none,mixed,1 2 3 6 8 12 13 13 20 22
AA1WGOZ8qWDWg594r0I88ZaNKCPYCwH934,10,plain,none,mixed,1 2 4 5 13 13 14 15 16 17
AA1W4eM2GT15Dmv6e2WYqHZa9X0e92ol04,10,plain,none,mixed,2 3 3 4 4 10 11 14 24 25
AA1W24YJPN7RWbMKOY2GqCwEgYo4F0Tm4m,10,plain,none,mixed,1 1 4 5 6 8 14 16 20 25
AA1W1885qgnc8aefA100X8D1hGQ2FY854Y,10,plain,none,mixed,1 1 2 5 12 12 13 17 17 20
AA1W0X89AxAaYWA4saWuNLs107HPd8iBYm,10,plain,none,mixed,2 2 3 3 8 10 12 14 16 30
AA1W38O2WM2baBQRo1W28A1eG384HHY952,10,plain,none,mixed,1 1 4 7 10 10 12 14 14 27
AA1WH0Cf5NXPE0T8G201oSpqYaLYTaKe4S,10,plain,none,mixed,1 1 2 4 5 6 13 19 24 25
AA1WIBEMPC928HrA9gK0G4Al0m31aZAe23,10,plain,none,mixed,1 4 5 6 6 7 8 17 22 24
AA1WW91AK5I4fYCYA2G9KoYPGBomL38Pmo,10,plain,none,mixed,2 4 4 5 5 10 15 16 19 20
AA1WX0O3G64H4K7XY8K5igaawaHWS3P18C,10,plain,none,mixed,2 2 3 5 7 10 10 17 18 26
AA1WOAKX2sEH8L0e610AYKF59YhcM5Ga4W,10,plain,none,mixed,1 3 5 5 8 11 12 13 16 26
AA1WS0uOXJwCm60M4erH2Wg2GGrXS8a8GI,10,plain,none,mixed,1 2 2 5 8 8 11 19 21 23
AA1WPafh2gKqQdEa48I272QcKBA474Efx0,10,plain,none,mixed,2 4 4 8 11 13 13 14 15 16
AA1WHf5eYq8a2WBXTIoG1KkCaeKZ40G1I8,10,plain,none,mixed,2 3 4 4 6 7 13 14 15 32
AA1WX4DE6F1qA7A3GI2A3ePXCH34Ib4f2Y,10,plain,none,mixed,1 5 6 7 10 11 11 12 18 19
AA1W1IHbyXbQHVGq0C2YEG2WOIMKD2kgOA,10,distinct,none,distinct,1 3 5 6 7 8 11 12 18 29
AA1W2WO3CYYK3XmGI1O8n2890C1Lp2KP0O,10,plain,none,mixed,1 1 4 4 5 10 13 15 17 30
AA1WCXOd5Gc4UI4oaT9GX88ZbYH8Y892WM,10,distinct,none,distinct,2 3 5 6 7 9 13 14 18 23
AA1W4e-946GXI29Q48Y3XyBY2WIMg2mfv0,10,plain,none,mixed,1 3 3 4 9 11 13 14 18 24
AA1Wc64GGXoc6b0D1e80Yalby24WbcfkCL,10,plain,none,mixed,2 4 5 5 6 10 10 11 20 27
AA1WB1648TJgWACW7fO1GC6cvjmKeoLYkA,10,plain,none,mixed,2 3 5 6 6 11 12 18 18 19
AA1W20H1eBWsgPZWI3040u6Gx4waM1S4a4,10,plain,none,mixed,1 4 4 4 10 10 12 12 21 22
AA1W2mL5YgdSxXMmv100OX8X7HAd41WWYi,10,plain,none,mixed,1 2 3 6 6 7 12 20 21 22
AA1W88K5KqaJCYyIXCX88O14GoB_4duWq8,10,plain,none,mixed,1 1 5 7 10 12 12 14 19 19
AA1Wq4W7I4pXkEO_40W42Gw74J1YHZI9H2,10,plain,none,mixed,2 2 4 9 9 10 15 15 15 19
AA1W1WuVBaeYi2WCKWY6GYJ8fYHUgH1820,10,plain,none,mixed,1 1 4 6 7 10 11 18 21 21
AA1WS3WI4m50s4WeAKX80XCBYLOu1mI1OA,10,plain,none,mixed,2 3 3 5 6 8 9 13 21 30
AA1W4n9308no2MAfcrG20Z0k5n56YGXXI8,10,plain,none,mixed,2 3 3 4 5 6 9 11 17 40
AA1WWZB2W4iAA7eFI1G2SpNC8cdwD6YNa2,10,plain,none,mixed,2 2 3 4 10 11 12 13 18 25
AA1W0CwaXXqcIoMe514a52k4HIq6Ghqi4W,10,plain,none,mixed,1 2 6 6 9 9 12 18 18 19
AA1W88v4OYANG93453e2GA2iYK48Ho8B4O,10,plain,none,mixed,1 1 6 7 8 11 15 15 17 19
AA1WR5e8I1CXkbWg2GYOb8D2WWO0IooDWC,10,plain,none,mixed,2 3 3 6 6 6 9 16 18 31
AA1W31G40G2PKAb99M4Wa3WQGQ440eP5GS,10,plain,none,mixed,1 1 4 5 6 7 8 15 25 28
AA1W8Y7O4GYoVi0Kb284nTmf99mG1IaXYS,10,distinct,none,distinct,1 3 4 5 8 9 11 14 17 28
AA1W4nQAo8I4428ScWO9HH8C1WHwxe68nA,10,plain,none,mixed,4 4 5 6 6 7 7 10 21 30
AA1W8E3HAHi9I6A2HOuo0Waej615Go6Zg2,10,plain,none,mixed,1 1 2 7 9 9 15 17 19 20
AA1W328a48a_K-Ge3Q432acCbxV44uk28Y,10,plain,none,mixed,1 1 6 8 9 10 12 14 19 20
AA1W8X5GW-sGIQN9AAG4GMV9m416450WY5,10,plain,none,mixed,1 2 2 4 7 13 13 15 20 23
AA1W1GC1WIdXTgCaIAH60Q30K4Ha1bocKa,10,plain,none,mixed,1 2 5 8 9 9 11 13 16 26
AA1W9WpI4oeERNKI1029GaV7e4aI0i5ULA,10,plain,none,mixed,3 4 4 5 6 8 11 12 20 27
AA1WW92IXA3W41anGg1Gs4umc4ZMLJbmg0,10,plain,none,mixed,1 3 4 4 7 7 13 17 20 24
AA1W2X8a30G0Q7mfAi8K1X6FIpINXG528K,10,plain,none,mixed,2 3 3 5 7 8 10 12 19 31
AA1WIC21SY6X48QfGa4iY5msIyZK2GefY2,10,plain,none,mixed,1 1 3 4 5 11 13 20 21 21
AA1W2-aP66GqGI5e52GKbQ8w5WmNQ0Ge10,10,plain,none,mixed,1 2 4 5 8 8 9 11 25 27
AA1Wn0b4GgeKWkp8cY8a07Waw0eEjVaZ2O,10,plain,none,mixed,1 2 5 5 8 8 10 15 20 26
AA1WC2Gb1J75Xq2GGWGI14vBnglJcSmg4e,10,plain,none,mixed,3 6 6 6 8 11 11 11 14 24
AA1WIYa40u38LOKXCCGGI71O4qBeR189XX,10,plain,none,mixed,1 3 4 4 5 6 9 9 13 46
AA1W8D05Wh40OY4Wc24H49XA97mfI9GE5G,10,plain,none,mixed,1 1 4 5 6 10 11 19 20 23
AA1W69AAQXo108I7Gn830eBiGE70895nWg,10,distinct,none,distinct,2 3 4 5 7 9 10 11 13 36
AA1W3X2cNiYX0eOYV8CGevBMro9og11XS4,10,plain,none,mixed,1 3 7 7 8 8 9 12 13 32
AA1W0GEw8IcQ0g0af19IHjMfwDYKoqGS0H,10,plain,none,mixed,1 1 4 8 8 9 11 14 17 27
AA1W2v72YHp0iGK16CG60N9VBxGe61eSW3,10,plain,none,mixed,1 1 2 3 5 12 16 18 18 24
AA1W90gaYa54YI4WH0hIXE4CXpsI62GXC8,10,plain,none,mixed,1 2 3 3 7 12 14 14 22 22
AA1W70WR3Mcq6Or2LgG20kHIa2-68fA0W7,10,plain,none,mixed,1 1 3 3 8 11 12 13 20 28
AA1WWQgXJIQ42Gd24AWGbQIh3e5m60ygHH,10,plain,none,mixed,1 2 5 7 8 8 9 12 16 32
AA1W0q49OpdpUc1Gg0mWwuK1z4X8K68G0W,10,plain,none,mixed,1 1 4 5 7 9 12 16 17 28
AA1W10uHHEgp5ej6ep028eUAGY2We5HmcG,10,distinct,none,distinct,1 2 4 6 7 9 10 12 17 32
AA1WeX4o0hAux7VS0mbeY2OXs0RnIOc884,10,plain,none,mixed,1 3 3 6 6 10 16 17 19 19
AA1W8KI-FH69XL-X44GWeYH5un8O2WOIX2,10,plain,none,mixed,1 1 5 5 10 11 13 15 19 20
AA1WGDgKamZ28f4avHfWJPZILcLYOY2mA0,10,distinct,none,distinct,1 3 5 6 9 10 11 13 16 26
AA1W51950IWIROFn5W74Gq7MqE8FgbMXwG,10,plain,none,mixed,1 2 5 6 8 12 14 16 18 18
AA1W0G1MZe5eJKM3H1WJIS6fKR8HAIYsWA,10,distinct,none,distinct,1 3 4 6 7 9 11 13 20 26
AA1W0051GplwSqcYRS650p4WN99AKEKYB2,10,plain,none,mixed,3 5 5 6 8 9 10 11 14 29
AA1W8Y48c28o7AsQ20G4XY_a0W4AXnY1WK,10,plain,none,mixed,1 3 3 4 5 9 9 12 14 40
AA1WH4GHIr8tApw24106Mck59bN6QoAD04,10,plain,none,mixed,4 4 5 7 8 9 12 16 17 18
AA1W0W5AGh8H2Ui7YK8HY8GXe8ZBLKaze3,10,plain,none,mixed,1 3 3 7 8 13 14 15 16 20
AA1W2qYCQWC4GZLApHcGKHkU4YiAW80928,10,plain,none,mixed,2 4 4 5 6 8 8 14 15 34
AA1WSDM99IDWZf5uh0IH4108wWZaJCvQ48,10,plain,none,mixed,1 1 3 5 8 11 15 16 18 22
AA1W56bg1G6E12JaWGYB43Jgx7Y8n4EXIY,10,plain,none,mixed,1 1 4 5 7 8 9 18 23 24
AA1WPGIEHw9VKS3a2We50maIG7zD3W168H,10,plain,none,mixed,1 1 2 7 8 9 9 18 18 27
AA1W9QDAOgBKYSZaC4G2OAn1n4RIWM8A0G,10,distinct,none,distinct,1 2 4 5 7 9 12 19 20 21
AA1WIoKHw74eQ2mBuB00e64ma2YGBqYIX1,10,plain,none,mixed,1 2 3 5 8 8 9 18 22 24
AA1W4mWA2OJ2GOwcAMH28G9QCHH22KO2eO,10,plain,none,mixed,1 1 6 8 9 10 11 15 15 24
AA1W20EBx428c4kRovH8X14gaM7aCKrF21,10,plain,none,mixed,1 1 5 6 10 12 12 15 17 21
AA1W2qHY4SEXfKWauMYWWc5GZ20WB4AX2G,10,plain,none,mixed,1 2 3 3 10 11 11 18 20 21
AA1WWLX0sZYQZk0wiq44BUKqfR3YSpbn10,10,plain,none,mixed,1 1 3 8 11 13 13 13 14 23
AA1W9X46YuaocGGXGGIA1m6wtH8ef0W0m6,10,plain,none,mixed,1 1 3 3 4 10 12 15 24 27
AA1W318OJ28tsVdw8X56WgI42Y02H2c50f,10,plain,none,mixed,1 4 4 6 10 12 12 12 14 25
AA1W31GIL32WIr4r6nHWLeqXbD6CHYz4v0,10,plain,none,mixed,1 3 6 8 11 12 12 13 14 20
AA1W1W91xCLKgEHqF4W10P98i20PWMaeY4,10,plain,none,mixed,1 1 4 5 6 10 11 16 18 28
AA1W694akATaeM6e5GeGWwA7W14CgIYOD1,10,plain,none,mixed,1 5 6 7 8 8 11 17 17 20
AA1W8X2bfKCGY2W8oAIG9283G51cKceH9A,10,plain,none,mixed,3 3 3 6 9 9 10 14 14 29
AA1We29R9Hg0fB9D8K5C5HoASGXOWK5Wum,10,plain,none,mixed,2 2 5 6 6 10 15 15 17 22
AA1W2YqeJ1IrcoT2kA5e7LX6rNmX4A8CHC,10,plain,none,mixed,1 3 6 8 10 10 11 14 17 20
AA1WH4Df4e30O92a28OCKY4ZeLoKGi3WQ2,10,plain,none,mixed,1 4 5 6 6 8 14 15 16 25
AA1WKYsmn439PD9F60WA2GA0cLCIaX6WKW,10,plain,none,mixed,1 4 5 5 7 12 16 16 17 17
AA1WGma51NMQUmjs4Gn0G8abYAegUK49eG,10,plain,none,mixed,1 1 3 10 10 11 12 14 19 19
AA1W2911DnWH1Yx4Ww471NAMivZe50g6g2,10,plain,none,mixed,1 2 5 6 8 11 16 17 17 17
AA1W90hR28T1O8c1S4G8f2IjYQ8O30KoWI,10,plain,none,mixed,1 1 1 8 8 11 11 14 19 26
AA1W8aSAXHE9H98fqaa0M2m8r448GL2eK4,10,distinct,none,distinct,1 2 3 4 7 10 13 14 21 25
AA1W2WM3cGE1Cvx13cK4X94Gc2oLAG4n62,10,distinct,none,distinct,1 2 3 5 7 10 12 16 20 24
AA1W45oK810L9ao4T0uIa8vfUICGXKCN30,10,plain,none,mixed,1 1 1 2 8 9 12 15 17 34
AA1WGWZOKFfKcOZqjHG4XFmFuCfY6DB86W,10,plain,none,mixed,1 4 4 6 7 9 15 15 18 21
AA1W5FeSIKASE1qB920XYIcPX49HQ3a4KK,10,plain,none,mixed,1 6 6 7 7 9 13 13 17 21
AA1WK511kY1Gx4LeGWZeMaOz3E9fKva9CG,10,distinct,none,distinct,1 2 4 5 7 8 15 16 20 22
AA1WIHn9mZ7nG69r2s40W5WjRK8KSWHuGe,10,plain,none,mixed,1 1 4 6 7 9 14 16 18 24
AA1WI0P0c9M70uQnDg84XGWyHcYcisbr94,10,plain,none,mixed,1 3 5 7 7 7 9 13 22 26
AA1W60GocLH3pOQiWH0G2Z18SXIoGWc6fH,10,plain,none,mixed,1 1 2 2 7 14 15 18 19 21
AA1W8d8naGQWYqY84XKH5aJGh6X5mvuC1W,10,plain,none,mixed,2 2 5 10 10 11 11 15 16 18
AA1WX0CnWv4FIaGDHWe0tIXCHhaa8b7gS5,10,plain,none,mixed,1 4 5 6 6 6 14 16 18 24
AA1WZCH_rZHvvSDY-3W01bJGWIDAKHIKX0,10,distinct,none,distinct,1 2 4 5 9 11 15 16 17 20
AA1W0WuC1W60f490WK448Y4J4a2GZ4PZKE,10,plain,none,mixed,1 1 1 3 3 5 17 18 23 28
AA1WC24GXC0WI1Y9C4W4eaiL18HQE4SYaI,10,plain,none,mixed,1 1 1 6 8 10 12 16 19 26
AA1W0iIYPHDYObiy820mH8A8I7KcYGej24,10,plain,none,mixed,1 1 4 6 11 12 13 14 18 20
AA1W6WibX99q5HLBn28KfuEn0040B0W7H6,10,plain,none,mixed,1 2 4 4 7 11 11 13 15 32
AA1W0S8GYE7ZQOBCH68X2960o4GAuaofH6,10,plain,none,mixed,1 1 7 8 9 9 11 11 19 24
AA1We10808z7NZSOYIZm2XH1WA9S9HI8XH,10,plain,none,mixed,1 1 1 5 8 12 12 19 20 21
AA1W8c4YXbAS30N2C2W9aIoh1SGI2Ho90m,10,plain,none,mixed,1 2 4 5 7 10 12 17 17 25
AA1W41Gs6i2GsAXQyefG8YGE8kP1Cuq1G8,10,plain,none,mixed,1 2 3 7 8 9 11 13 23 23
AA1W50WJEA1e3mHF5qW8eeOZ68g5YaXkMC,10,plain,none,mixed,1 4 4 5 5 11 11 11 17 31
AA1WeGX48aCaaHa4H0eX0U2Cn1081v1eA1,10,plain,none,mixed,1 1 1 3 4 9 18 19 20 24
AA1WC9IvCucycY1Wf220YF9u8fsIcSBqHI,10,plain,none,mixed,2 4 5 6 6 12 13 14 19 19
AA1W349kLsCpYQ8E9Z4YGo4w036q694HK6,10,plain,none,mixed,1 1 5 7 8 10 12 14 19 23
AA1Wh5Mp98D9o48RCYW800O8g1zHKyaNH8,10,plain,none,mixed,1 2 3 3 10 11 13 13 16 28
AA1W28T0eZeKXqB2AYC4WO2OqA3JgGIAWm,10,plain,none,mixed,3 3 3 4 6 8 10 18 21 24
AA1W2WCma0W7q4QGGWW4A9AfTADFPySYaO,10,plain,none,mixed,1 3 3 4 4 11 13 15 18 28
AA1WAG_fXqsWh2m46HGK1GC713J5Ze7J48,10,plain,none,mixed,1 3 3 5 8 9 10 12 19 30
AA1W1D8J2aFHQ4WIf14GS0q0gBoW9Pk958,10,plain,none,mixed,1 1 3 7 9 11 12 15 15 26
AA1W99f1-ExMi89ERO1XL2ZEY7G95YQ9e2,10,distinct,none,distinct,1 2 3 5 9 10 14 15 16 25
AA1WJKMYSI29qL9599KKa410K209XoPN90,10,plain,none,mixed,2 3 3 5 10 12 12 13 15 25
AA1W2Wa4n82eq4g40y01OA1Xis28T1HIIj,10,plain,none,mixed,1 1 5 6 7 8 10 11 25 26
AA1WICXeb84FIc1GY0e2ap5QzZ0HE2mN48,10,plain,none,mixed,1 2 2 9 10 10 11 12 21 22
AA1WWq5HEuQWeZYQaM15362ebBm8NG6WB0,10,plain,none,mixed,1 3 3 5 5 7 13 14 24 25
AA1WMomPj8w0m4bAYC34XI4IK1YlHD58I0,10,plain,none,mixed,1 3 7 8 10 11 11 12 14 23
AA1W9XpNqiGTOm5GK2W0nmJqG6LiIbqIaa,10,plain,none,mixed,1 4 6 7 7 9 13 15 17 21
AA1WeKsmG_381Ob7LLGCXdL6Ze2HOSf9WI,10,plain,none,mixed,3 4 6 7 7 8 8 8 15 34
AA1WeKYaiFZqHKGpgX4WG90i69XX2B2726,10,plain,none,mixed,1 1 4 7 7 13 14 14 16 23
AA1W2GEnhm7Y-32an10AQH5XD1T7Cs8I1G,10,plain,none,mixed,1 1 5 5 9 10 13 14 20 22
AA1WH1525kgUCAJK0G21X4hJ0S1QbJUQDX,10,distinct,none,distinct,2 3 5 6 7 9 11 13 15 29
AA1W1kAkcO2WnAObv5GG4YO9EI0bSqKp22,10,plain,none,mixed,2 3 3 4 9 11 12 15 16 25
AA1W8GG88Q1SmRcY8I26Wg4lk-1q30Ki6G,10,plain,none,mixed,1 2 4 4 8 10 16 16 19 20
AA1WeD2894FWYXVAwX2H41WWH58Q5XVv04,10,plain,none,mixed,2 2 2 6 8 8 9 13 23 27
AA1W2XgoDg8uXmex7GaHGcTKQScXCbPTWI,10,plain,none,mixed,3 3 6 8 9 10 10 11 13 27
AA1WWK38Hq5Wg762GI24YYKX451aAX4Z2O,10,plain,none,mixed,2 3 3 5 5 8 14 19 20 21
AA1W4Wu7GH20KL78qua1W90G6f1GpI1OIX,10,plain,none,mixed,2 3 4 4 5 7 8 13 24 30
AA1WXKIOY1Ob5XAHQA422CFI1GE5H9nUA2,10,plain,none,mixed,1 4 4 6 8 10 10 13 15 29
AA1W2ZeH682GYWHw9IE90iXgCoIaa0X2GI,10,plain,none,mixed,1 4 4 6 9 9 11 17 19 20
AA1WWXK0Gc9XdAsc8WSGc2mahhhGSAY20O,10,plain,none,mixed,1 1 4 7 8 11 13 14 16 25
AA1WmMGK5W40HEXG916L1890aJ46Wi910O,10,plain,none,mixed,1 1 2 5 10 12 12 12 14 31
AA1WA1H9IA9Xs78iBH840WC4AYoH30sHi1,10,plain,none,mixed,2 2 5 6 11 11 13 14 16 20
AA1WC1K7OHYDGQ38eba4G80IHg54uH0G0m,10,plain,none,mixed,1 1 2 3 4 10 13 14 23 29
AA1WWi40mvI9S0L4K2GJGU5WoAOgAISA4W,10,plain,none,mixed,1 2 4 7 7 8 9 16 20 26
AA1W8f9tCaSA0IKBK10KW6TPRH14WLYjWQ,10,plain,none,mixed,2 2 2 3 6 7 10 17 22 29
AA1W28a9Aaen6X495148HwBIZu309EOq1c,10,plain,none,mixed,1 1 5 7 7 8 12 14 18 27
AA1W0fHhK2rPK6HHY8GmSmY1EELet2e2YX,10,plain,none,mixed,1 1 2 4 10 11 12 16 21 22
AA1W1GIGXe189YSoIYa50YSJ2KigCIW5mY,10,plain,none,mixed,1 5 5 6 6 11 12 16 18 20
AA1WmW7BfG8KiiMLEOWGUPJuI1giEYwWf1,10,plain,none,mixed,1 5 6 6 8 8 11 12 18 25
AA1W69QCe4k0JvX4eb85GK35aIWirC8o1O,10,plain,none,mixed,1 2 4 4 9 11 12 14 15 28
AA1WWGcGn8QbO38Lo7014Iy6f588Eb28HC,10,plain,none,mixed,1 2 2 4 6 13 16 16 19 21
AA1W8GYaE2wIImo4SGOGmQADY4OA1O5uL2,10,plain,none,mixed,2 3 3 6 6 8 12 16 16 28
AA1W6B6fMAXcecInIGaW6iACH2KPp8eayX,10,plain,none,mixed,1 4 6 8 10 12 13 13 15 18
AA1W90H2GX8LIf2H20e0mI2amgAUoUJzQD,10,plain,none,mixed,4 5 6 7 7 8 11 13 17 22
AA1W9542GJDSvX8fH58HKNYgaHGoY2GC02,10,plain,none,mixed,1 2 3 4 12 12 14 15 18 19
AA1WYAX84-0WWCIXaIX94hLZig0mA0W9x8,10,plain,none,mixed,1 2 6 6 7 8 9 14 18 29
AA1W4g5qayGY5Gm6mXKGfcmE1490C0212G,10,plain,none,mixed,1 2 2 4 7 8 11 12 17 36
AA1W10W_udWw15mHeHYGHnL9hes4P0KHoW,10,plain,none,mixed,1 1 2 4 9 12 14 14 20 23
AA1W36EG8X8LeOkXK40YYBejnXWCJaKKYA,10,plain,none,mixed,2 4 4 6 7 9 10 13 20 25
AA1W4HK6uP0ke91Oq2GYCAYISeyYk50G1G,10,plain,none,mixed,2 3 4 5 7 7 7 10 26 29
AA1WeAcIH010dOprWW49T80LgUZoOLIXmO,10,plain,none,mixed,1 1 4 4 5 9 9 18 22 27
AA1WODEnnAKHXZcbyfGAKPTmq58bX9CZW1,10,plain,none,mixed,4 5 5 7 9 9 14 14 15 18
AA1W63mIg58I2sCSKGX30Icg51J6OXc9gW,10,plain,none,mixed,1 2 2 8 10 10 12 13 14 28
AA1WCWa50eeZs75HXY24WJ1Kq0WUM8B2GK,10,plain,none,mixed,1 1 4 6 10 13 13 16 18 18
AA1W8GCcISLqI08I1GbJ1O958tF72db3WH,10,plain,none,mixed,1 1 5 8 9 10 11 12 12 31
AA1WD2OI6IWu82Wj9OZ21WW03WhjEXE3We,10,distinct,none,distinct,1 3 4 5 6 7 9 11 16 38
AA1WWYS0STIC9ctA2OcOMq0G41FV5B41I1,10,plain,none,mixed,1 3 3 3 6 8 9 14 18 35
AA1WA0ylKHZahGJQ8I28IAGj0J1Ea6Gf4m,10,plain,none,mixed,1 3 6 6 7 7 9 9 14 38
AA1WWP8830Bfo6Fq4GCCLaeICIQXY4d7a4,10,distinct,none,distinct,1 2 3 7 8 10 12 13 17 27
AA1WHL8M5GS31O5KZ1aWBaa3JKQ40u0W4O,10,plain,none,mixed,1 1 2 4 6 7 8 12 12 47
AA1W47895u934hfE4XGeYec0hf4b3OA1W8,10,plain,none,mixed,2 3 7 7 9 10 11 13 13 25
AA1W1bqHq8Y2daWn58HIDTmg5YgZe2K9XG,10,plain,none,mixed,1 3 5 6 8 8 11 11 19 28
AA1W5AnWJa4JaWYxI2GX7C6XCGs2GZqOH4,10,plain,none,mixed,1 3 4 7 7 8 12 13 13 32
AA1WA8yA0O8aF3EpW40AXA9cy7JSacCoI4,10,distinct,none,distinct,1 3 4 5 8 10 11 16 18 24
AA1WY0G1vF9q6aIasYGWGL2919J8B2L4A1,10,plain,none,mixed,1 2 3 3 4 13 14 15 19 26
AA1W92G68xIuGw0oYfW2mPqge5yKEX72B2,10,plain,none,mixed,1 1 4 8 10 12 12 15 18 19
AA1WIHIMcd50O2aPZoWeaXG40o94Dh64v1,10,plain,none,mixed,2 4 4 8 8 9 9 9 16 31
AA1W0G37fO9K78B48H4GYSJp082WE3l9aG,10,distinct,none,distinct,1 2 3 5 8 9 10 14 18 30
AA1Wo28HpSfvE904GGHZ0e1P78yc3o8CPI,10,plain,none,mixed,1 1 3 7 8 11 14 17 18 20
AA1W0M3tEnYByCCIIAa8KM5enHfGH2P3z0,10,plain,none,mixed,2 2 4 8 9 11 12 15 16 21
AA1W3TaHhO98c7GoO404MZeAoaXApn6g2W,10,plain,none,mixed,1 3 4 8 8 11 12 12 17 24
AA1W8aFbpasXCXa4YYAa1PB4mq6J8n1W20,10,plain,none,mixed,3 4 5 6 6 9 9 12 23 23
AA1W20ma3GH2h7GH8M0H9869Iume0W42uP,10,plain,none,mixed,1 1 1 6 7 9 13 15 18 29
AA1WH0a68mDCiGQBWY830RZ4eH1egxSQGe,10,plain,none,mixed,1 4 6 6 7 11 11 16 17 21
AA1W48ylIeEIHCDfL2W4ZYN1I9CXaYaAb2,10,plain,none,mixed,1 5 5 10 12 12 12 13 14 16
AA1W39C86e74z3KM1W09mmA5Gb02OjRh9H,10,plain,none,mixed,1 2 2 4 8 8 12 12 23 28
AA1WOW8ZqZjPFWn4Wu1G8UZmu928k2b8O8,10,plain,none,mixed,1 1 1 4 11 11 11 13 21 26
AA1W4GG9KCY5SGK2HQ2H3cT8ncAfMJgaCY,10,plain,none,mixed,2 3 3 6 8 13 14 14 17 20
AA1Wb0kAHQHG81HoOXC2CHaM4GGaPDAA1G,10,plain,none,mixed,1 3 4 4 9 9 13 13 18 26
AA1W4WOrAnHXCGaK1u9Gn4J20q1cpYXKGW,10,plain,none,mixed,1 1 7 7 8 9 10 10 15 32
AA1W0W759K889PuMr0aOJ1PooUIKOQgb14,10,plain,none,mixed,1 2 6 6 7 10 10 14 21 23
AA1Wf2rL1eE5PcnQ6PW2448aBYkZJiHZA2,10,plain,none,mixed,1 3 6 7 7 9 11 12 19 25
AA1W18A2GDkHIuY04ce2Wf4mc2pkXze84W,10,plain,none,mixed,1 1 5 7 7 8 10 12 24 25
AA1WGY72Gk3KLa2u0a42OEH28TGaAMeZ2G,10,plain,none,mixed,1 1 4 4 5 7 16 19 21 22
AA1WSWSZSdkIaf04pWIHGrbmQeKnVmHG0W,10,plain,none,mixed,1 4 4 4 7 9 14 16 19 22
AA1WXAA1M0eCYl3WO10OFD50I10C918o2m,10,plain,none,mixed,1 1 3 3 7 7 8 8 27 35
AA1WOYAGNaGJaZGU4O84X815mXS9GNyGQ2,10,plain,none,mixed,1 1 5 6 6 7 12 14 20 28
AA1WK1KWaHX8v8XY2Su6I3mODYNeu9D98Y,10,plain,none,mixed,1 2 3 5 7 8 8 13 23 30
AA1W2W6fG81XgeekCIY0Z8P8U0a4zLG1W8,10,plain,none,mixed,1 2 2 3 3 7 11 16 16 39
AA1W1A83GK48zrXKL0aXC5HIEL9NIBY4KA,10,plain,none,mixed,1 3 6 7 8 11 11 14 18 21
AA1WmXB30GAOI30H4GaYWKYYaKn4X49LKS,10,distinct,none,distinct,1 3 4 6 9 12 13 15 17 20
AA1WG8Ye1OaBW6WA4W9B2es7eCvB5WdqQI,10,plain,none,mixed,2 3 4 6 6 7 8 18 23 23
AA1W50K12uI9HP304CG9986GgfAXrijbi6,10,plain,none,mixed,1 4 4 6 6 9 12 17 18 23
AA1W109Ga1mD2sX4915I3a3W80WCHv9AF0,10,plain,none,mixed,1 2 2 4 4 10 11 13 15 38
AA1W4WyHY8IShOvAAAmOZS088ICo9W44Gb,10,plain,none,mixed,1 2 3 6 6 7 11 13 19 32
AA1W8r4qmn4KGJ1Le0uYH9Gg32HvEYoeKa,10,plain,none,mixed,1 2 5 6 7 8 16 16 18 21
AA1WY9HAMIiGiz8H1WH35aj4KaW720RHO2,10,plain,none,mixed,1 4 4 8 8 9 13 13 18 22
AA1W2W9CZeT4aUgmhbYA1A327L6XAM5mY8,10,plain,none,mixed,1 4 7 7 9 10 11 16 16 19
AA1WeAMUJpP2b9GX2EW149G6SawaJ485bH,10,plain,none,mixed,1 1 5 7 11 11 13 14 17 20
AA1WH5GHh6dp-AKZm50m0qvuo1ca9Z4OH4,10,plain,none,mixed,1 2 5 8 9 9 11 17 18 20
AA1W20RAor5foCQGU4mGg4Seo9amI0GeYO,10,plain,none,mixed,1 4 5 6 8 8 14 15 16 23
AA1W4mcfE4rT7Kb4A4WGOS92T48YUJ8C28,10,plain,none,mixed,1 2 7 7 9 10 12 15 18 19
AA1WGIJL4G_QN3cev0W39CaCIyffQZ8i38,10,distinct,none,distinct,3 4 5 8 10 11 12 13 15 19
AA1WYYdCnaKgZ820e4W1K9Kufa0W41GX2e,10,plain,none,mixed,2 2 3 6 8 9 11 11 13 35
AA1WKJ0823IQGS6WrYnGY1D4a50H2GHgD0,10,plain,none,mixed,2 2 4 4 5 7 7 16 26 27
AA1W0HLYBO825fM0GAKD2YRb8f2fOjTg9A,10,plain,none,mixed,2 4 4 6 7 8 9 14 21 25
AA1W1I9GXf4mG0X8X5WWq48WZAPRVWGa3W,10,plain,none,mixed,1 1 2 3 5 10 12 16 24 26
AA1W1A8YKX8U48WP4YGXEnNA5SnZSh-3r8,10,plain,none,mixed,1 2 5 8 9 12 13 13 15 22
AA1W0fmV3wXZqF1eX08KQILKG4sIb0W850,10,plain,none,mixed,1 1 2 6 9 13 13 14 17 24
AA1W0nc9i92WG94XIWWCX28CDHQfCisMmI,10,plain,none,mixed,1 1 6 7 9 9 10 12 17 28
AA1WQ0d4WKFGj6nR46WY4H24cAaAaauHKK,10,plain,none,mixed,1 2 4 6 6 12 14 18 18 19
AA1Wf28YSRXT2Ot5108GMCWGO33u3GKGWI,10,distinct,none,distinct,1 2 3 6 7 8 10 18 21 24
AA1Wa19nCZaY9XQtZ100U-yHZYiHBne4MG,10,plain,none,mixed,1 1 4 8 10 12 13 17 17 17
AA1W08m9WA2d4GT1eM891L9YHYAXK9f8r8,10,plain,none,mixed,1 1 3 6 8 8 9 17 23 24
AA1W5185mA2UHvmHZIg8nH8d818kD2a3Ga,10,plain,none,mixed,3 3 3 5 8 11 13 14 16 24
AA1W4euY0Y4XLIAU8We8I2H2JgIAXiqgH6,10,plain,none,mixed,2 4 7 7 8 9 9 15 19 20
AA1WGJ2RHM4XLaoMf0mE9-d1JFo18HY10G,10,plain,none,mixed,1 5 6 6 7 14 14 15 15 17
AA1W4cOpA8IHI1ZSY488C2AnCfXhWG843W,10,plain,none,mixed,1 1 1 5 9 11 12 19 19 22
AA1W2090y7GZNADawd28WY10K2K5Gh9664,10,plain,none,mixed,1 1 2 3 8 9 9 10 12 45
AA1W1O8EvMvDKGI2IYa1Wa3208AwHGws1W,10,plain,none,mixed,1 3 5 5 6 9 10 14 22 25
AA1WGH9A1Gy5HMjII9418_YGD6g8X45WwG,10,plain,none,mixed,1 3 5 6 8 8 13 14 17 25
AA1W4Wj5begnFHTu90e2X29m3KYof2WGaG,10,plain,none,mixed,2 4 5 5 6 8 11 15 18 26
AA1WH9GAHm0Y4LK2mI028MWXa96eLYC8D1,10,plain,none,mixed,1 1 2 3 6 8 10 20 23 26
AA1WH1GKqIYaAaIEXQD1X7mW4P7uSYJ4GW,10,plain,none,mixed,1 3 3 4 5 10 13 15 22 24
AA1W8X6C0HON1amz2BK2W849eSI4GM97f2,10,plain,none,mixed,1 1 2 4 7 9 10 17 18 31
AA1WO70oFbYi99XC2Z2W485B3KPIBG9130,10,plain,none,mixed,1 1 2 2 7 11 14 18 19 25
AA1W9954mKOukK10W194GZ3wyE0GX99KCG,10,distinct,none,distinct,1 2 3 4 6 9 11 16 17 31
AA1WGiHI2DAH64q9IwK0c64Wy65YabIig4,10,plain,none,mixed,2 2 2 5 6 10 16 17 17 23
AA1W1EogKIaSYKGydK184AGp6ii10W6aCG,10,plain,none,mixed,1 2 3 7 10 11 11 14 15 26
AA1WI5r6ORo0ZXA40WK36iJKQAHZ5-eY0i,10,plain,none,mixed,1 1 2 5 7 13 15 15 17 24
AA1W4DvKC8cd036S_GuGjCw9Qb2OkD7eX4,10,distinct,none,distinct,2 3 4 6 7 8 9 19 20 22
AA1WGX2526EzNCA0850A98boKD1GQ68D14,10,plain,none,mixed,1 2 4 5 7 11 12 12 17 29
AA1W10EQJ4YGP8Zymg02GXKXgDYAIbv38J,10,plain,none,mixed,1 2 3 9 9 12 14 15 16 19
AA1WOp010GcX8WG40S5Ige52mI3m74V2GG,10,plain,none,mixed,1 1 2 3 4 7 11 15 25 31
AA1WQ0GZqIy_Yn5mgWDG05a8C5IjC2J3Og,10,plain,none,mixed,1 2 3 4 6 11 16 16 19 22
AA1W52pBAHyWC2HiWA14GJ-KaIL-L2EWGX,10,plain,none,mixed,1 1 3 3 11 11 12 18 20 20
AA1WH1A9sroACaaYeL288Oj0g80GP0yl48,10,plain,none,mixed,1 1 7 9 9 9 10 10 19 25
AA1W10n94Y30gcYNID05158Y5klA6Gw9d9,10,plain,none,mixed,1 6 6 6 8 8 12 14 19 20
AA1W03dYHjAe5208M8ouD1OLIU2kP4GgAA,10,plain,none,mixed,1 3 3 6 6 7 10 15 18 31
AA1W0b2Keo8V-aGY820QdGXAgA0e67eAIY,10,plain,none,mixed,2 2 4 7 7 9 12 13 19 25
AA1W3WOD11nMI8GnxuO48A4BkLWufH9EmH,10,plain,none,mixed,1 1 6 6 9 12 14 15 18 18
AA1WY0sGIm8K8IiNYwGW4T-7W83gVLnGY9,10,plain,none,mixed,1 2 3 4 9 9 12 17 18 25
AA1WEPm18O2Bt8mXK0W2OJ12K1ZC5WmbZ2,10,plain,none,mixed,1 1 2 2 5 8 15 19 21 26
AA1WY52E8qz48GArEHKK0O4LHmWW51Fvb6,10,plain,none,mixed,1 2 3 4 7 12 12 15 17 27
AA1W15KSWb912712APHm2085knK4dXS8OW,10,plain,none,mixed,1 1 3 4 9 11 13 16 17 25
AA1W8KIrH3PCn88y42Wm1OTELfJK6GqAWC,10,plain,none,mixed,1 1 2 4 9 10 16 16 20 21
AA1WGk9s6K3H7G60HX2WGaHQIAJ2kO952m,10,distinct,none,distinct,1 2 3 5 6 9 10 16 19 29
AA1W8GY4aasYEMAKp123HfAbL58G1QD2WS,10,plain,none,mixed,1 3 5 5 9 11 13 14 18 21
AA1WW4QynBDT8WW4D0X2pAHHXIKIPP1YD0,10,plain,none,mixed,1 2 6 7 7 9 12 17 18 21
AA1WOADNjw2I1Wv290a51CgWpIGYWPEAX0,10,plain,none,mixed,1 1 3 6 7 11 11 15 19 26
AA1WWgB4W820K8ed4Z41KAHQFP3mY748J8,10,plain,none,mixed,1 2 6 6 7 9 10 16 20 23
AA1WWfFHaG4FHD850K85DGp04718ei3GGa,10,plain,none,mixed,1 1 2 3 3 7 7 25 25 26
AA1Wn7aqYOgAbAXI8Ob01mH4xCGuh0D18Y,10,plain,none,mixed,2 2 3 8 9 10 12 13 20 21
AA1W60yQKn4WX54_Y0O4f0G301IjbMShKa,10,plain,none,mixed,1 2 3 6 6 11 12 13 18 28
AA1W60WuoPoPZ8Q2WH4A2ZIf8w30S2X8Wa,10,plain,none,mixed,1 3 4 7 7 8 13 13 14 30
AA1WHH0fb4eqm91Wg8I1I1m8T0uSw6GKAY,10,plain,none,mixed,1 2 3 3 6 7 9 17 24 28
AA1Wr14973JYG10L30Z94e84W48iwvb4f2,10,plain,none,mixed,1 1 5 7 7 10 12 15 15 27
AA1W1ALaX4890E1S850WF081eLaY4cYqGo,10,plain,none,mixed,1 1 1 2 8 12 12 18 22 23
AA1W5GY9aCXaHaBCPiG4158g410HqcHIA6,10,plain,none,mixed,2 2 2 4 8 8 11 12 25 26
AA1W12fE9gB1HyANSWf10Cmi2LpG48b8UG,10,plain,none,mixed,1 1 3 4 8 10 13 13 23 24
AA1WX9m22mi1W9RsE0C2KYiZHbaD0e2144,10,plain,none,mixed,1 1 3 6 6 10 12 13 14 34
AA1W29C4WWo69w8b6H82WW2cP_dJ9MCnwH,10,plain,none,mixed,2 3 4 5 8 9 16 16 17 20
AA1Wm93EejU8dRRqXGq4CYZ1YJfY5gJWWG,10,plain,none,mixed,1 1 4 5 12 13 14 15 16 19
AA1WIIWDXpKAK28SUaC1OAK92c95GHSdb0,10,plain,none,mixed,1 2 4 6 8 14 15 16 16 18
AA1W2b40G51SYuGgBWmY2CH4FY0I4lcX5O,10,plain,none,mixed,1 2 3 3 7 10 13 14 16 31
AA1WCC60Y8J1AhMiWoIP53YWOZqZgQMW00,10,plain,none,mixed,4 4 5 5 6 7 10 13 21 25
AA1W6HHI28mq873k9o25GIIiI3XK68Ka2W,10,plain,none,mixed,1 2 3 6 12 13 13 15 17 18
AA1W2WCuGK8C5ZNf8X1I12GXsEbORJX5eg,10,plain,none,mixed,1 2 3 3 10 11 13 17 19 21
AA1WP1L8H38Uk-18LZC204YGR0cCIK8o1G,10,plain,none,mixed,1 2 2 3 9 11 12 16 18 26
AA1W2GOmOb3BO6Ga81W928Q3BKY8r7EGHI,10,plain,none,mixed,1 2 4 7 11 11 15 15 15 19
AA1W1pHAYIWqIm9PD2eI2afeA1Lqk30n06,10,plain,none,mixed,1 1 3 5 7 7 10 13 26 27
AA1W92WS2uAfL94ab0fWC4KbKc5e4m810X,10,plain,none,mixed,1 1 3 5 6 10 12 17 20 25
AA1WH4bFh56IWC1m4efA7GN2ogcYCS0c0I,10,plain,none,mixed,2 4 6 6 7 7 7 14 16 31
AA1Wmb88XGs1_aKLWzeK0Ob0n1XIvOM18K,10,plain,none,mixed,1 2 6 7 8 10 10 16 18 22
AA1W40WAcnXCGXqy74OQ2ZSOZOYuGH88Wq,10,plain,none,mixed,1 2 4 6 8 12 12 16 18 21
AA1W80h70F2aOFimaII20D1a89BgYrAL5C,10,plain,none,mixed,1 1 8 9 10 10 11 12 12 26
AA1W0AEX22iZ1ebEPf8WVvaKmY4GQbvJ-4,10,plain,none,mixed,1 1 4 9 9 10 12 17 18 19
AA1W1HK309ijh9QWu165G10ccnbCM6HGZ0,10,plain,none,mixed,1 2 2 5 5 5 7 11 27 35
AA1WH1AaebGH279EHme928tQjGY8WcXHYa,10,plain,none,mixed,2 6 6 7 9 10 10 12 13 25
AA1WYdYu1IaqZJY48aI11XbR9j8a54HP3O,10,plain,none,mixed,1 4 5 5 7 10 16 16 17 19
AA1W836PDCI8o54XY0WYjmA0m5OmJbyUY6,10,plain,none,mixed,1 2 5 6 7 9 11 19 19 21
AA1WIHaMywN8q5WQcYe49YoOJmeOASKMH2,10,plain,none,mixed,2 5 8 10 11 11 12 12 12 17
AA1W5Oa8YFBBcCS0W202GLDYK20Wg0egX8,10,plain,none,mixed,1 2 3 5 6 6 10 15 17 35
AA1WCICGI5V1jbI0i0JGYBZecaCGKdy6fC,10,plain,none,mixed,1 4 5 5 9 9 10 14 18 25
AA1WH8uGZ2qXGQ0w2uC708wcaIK1Gns2CI,10,plain,none,mixed,1 1 2 5 5 8 15 15 17 31
AA1WIbi5XGBgCGa3JOWC7cUDX4DID8L28a,10,plain,none,mixed,2 3 4 8 9 9 11 14 17 23
AA1W8f8h5Zb7GwbAKr0427I0t8YOjrXaX4,10,plain,none,mixed,2 7 8 8 9 10 10 11 16 19
AA1W8p4NX84cdeP3OQ01mIfAe928D0GWCH,10,plain,none,mixed,1 2 4 4 7 10 13 17 18 24
AA1WIfaA9P8BfY8Isa00eAY8fsHP4AZKj1,10,plain,none,mixed,1 1 6 8 9 11 12 15 17 20
AA1WD6OL9QZmIf24FX6p0aim9vGX3mf820,10,plain,none,mixed,1 1 6 6 9 10 14 15 19 19
AA1WHG5QQwGH38YE4MIa4XIn64h4qGio18,10,plain,none,mixed,1 2 4 6 9 10 12 18 18 20
AA1WKIXe4Gl3OAYPH1G02GHxYEGX1W8X2E,10,plain,none,mixed,1 1 3 4 8 9 11 15 19 29
AA1WY0nY2WF19Nnu9CIG71rkOAGh1041EI,10,distinct,none,distinct,1 2 3 5 6 10 12 14 18 29
AA1Ww144Lwf9p7N6o912D48QD6DMXIC7GW,10,plain,none,mixed,1 1 5 8 11 11 12 14 17 20
AA1W4aKa9GKKec1H89WX1KCWbuXgEJoOH5,10,plain,none,mixed,1 2 7 8 8 10 10 14 20 20
AA1W1iKsHKizp63GP0mX9XKZ96aB13OK68,10,distinct,none,distinct,1 2 5 6 8 9 14 16 18 21
AA1W20KDc59fMbKQGGEE1QFA98lRa8e610,10,plain,none,mixed,1 1 3 4 12 13 13 15 17 21
AA1W1o21WIS8yRN6AImWa2NA9M36gJC48H,10,plain,none,mixed,1 1 2 8 9 10 13 14 19 23
AA1WKHJC0yEfGA3Wg5D002WXmqn141HQDW,10,plain,none,mixed,1 2 3 5 5 5 11 16 25 27
AA1W28G25GM6GNma8Gj61e8Wd7041861C8,10,plain,none,mixed,1 1 1 3 8 9 14 14 18 31
AA1W49ZJII1GA9WdGo84GYGKEn5emk9OX2,10,plain,none,mixed,4 4 5 6 7 10 11 12 15 26
AA1W20916fAWn4Y2eX4AOmEnK54m20_7F1,10,plain,none,mixed,1 1 3 4 5 13 15 17 20 21
AA1W0cm7eW0YmLiLXSIn2CY4GDctl26GX9,10,plain,none,mixed,1 3 5 5 8 10 10 17 20 21
AA1W2KH0ewID24eHC9noGA7Ge8wmQ0Sla0,10,plain,none,mixed,1 1 2 2 6 11 12 15 25 25
AA1WB4IaKX32LHCGs2m64LXKAr0aZ4GQ2a,10,plain,none,mixed,2 3 4 6 6 8 14 18 19 20
AA1W88K50u41WC7G9f22WI2aCqXYGC2WS2,10,plain,none,mixed,1 1 1 3 7 8 11 12 21 35
AA1W3W_80nWWGo6KAI03Ge4RXeAq6YIYBn,10,plain,none,mixed,1 2 2 5 7 13 15 17 18 20
AA1W8n7IKCaZGU102iA2X5IABMvoAR2GS0,10,plain,none,mixed,2 3 4 4 7 10 11 11 18 30
AA1W9IqLcfIWA2WH2Wo80WY4G6EgALzEWI,10,plain,none,mixed,1 5 5 6 8 8 9 12 13 33
AA1W4G40mAYIN4P0M4G58O2OLZKmk6e0WK,10,plain,none,mixed,1 2 3 3 4 4 13 17 25 28
AA1WGCXFn09v9kKQY0WGSAXM69QCCIID3W,10,plain,none,mixed,1 2 3 7 8 10 16 17 18 18
AA1W4WlAgkZLA5XnXYY8nj1ZIdFF2Izea2,10,plain,none,mixed,3 4 4 5 9 12 12 13 19 19
AA1W8H3XhHy1WA2aLRW43GGZ5TZaCwXqG1,10,plain,none,mixed,1 1 5 6 6 10 11 12 20 28
AA1WA18QWYPII88YaIfIIHF14C6uH991e8,10,plain,none,mixed,1 3 3 6 7 7 11 14 18 30
AA1W90aJXCAx2KbOt2m28KPtA8YnYWe40m,10,plain,none,mixed,1 4 5 6 6 13 13 16 17 19
AA1W8nuKoWL18Kcaow48X1J0OWI1rDYKAY,10,plain,none,mixed,1 4 5 7 8 11 12 12 15 25
AA1W00FXY4m88d8s5nGJ1a2WL3GPgoncc8,10,plain,none,mixed,1 2 2 4 7 10 11 12 17 34
AA1WOQCAHY58r58iv0a0O1GKZi6uIEE5q2,10,plain,none,mixed,1 1 5 6 8 12 13 13 14 27
AA1W28Wi0WS1IHG6204CYaN1WY0B1uC2KI,10,plain,none,mixed,1 1 2 6 6 7 9 11 26 31
AA1WJa1WQHoAAEPU64m2DW10A0bQ8b2p24,10,plain,none,mixed,1 1 4 5 6 7 14 16 16 30
AA1Wa2X8We289wZYb180yAH334WuAIUJ6W,10,plain,none,mixed,1 1 3 5 8 11 14 15 17 25
AA1WXGpWR7P0eX0C1WJ6duv6OH494X14C0,10,plain,none,mixed,1 2 5 5 6 7 8 21 22 23
AA1W2EuBI24cdkvCgY8XoHz4bG9EnEmYWG,10,plain,none,mixed,1 2 3 6 7 12 14 14 17 24
AA1W92na0q52No49K40927YCHKLMEWS1cI,10,plain,none,mixed,1 1 4 5 6 9 16 17 18 23
AA1WWI1L98C4NY1rDGDB54GZH6WoI2FoXB,10,plain,none,mixed,1 1 4 5 6 14 15 16 18 20
AA1W5MaGK8LnRRJY0iGHDeMIa2G7gVZ18I,10,plain,none,mixed,1 2 6 7 7 11 15 15 16 20
AA1WW44Smw675pFGw0G2Y1AYP59K75mo6C,10,distinct,none,distinct,1 2 4 6 8 9 11 17 20 22
AA1W28T9UDZ2EE4eYm21PS4ZeSLV7FIX0e,10,plain,none,mixed,1 1 4 4 8 11 16 16 17 22
AA1W8OJnWq80Ga5Xva89228DqdJY4IZ4Qb,10,plain,none,mixed,2 4 4 5 8 10 11 14 19 23
AA1W00APNb2mJ2G9v18OIXKH0C14eLICmu,10,plain,none,mixed,1 2 3 3 4 5 14 14 24 30
AA1Wa51OAf1LfzHiCAG62a9DGE9m0G474B,10,plain,none,mixed,1 2 6 6 6 7 11 11 21 29
AA1W1mL2OHAcIDA6XKH28A2We5c5Houjf0,10,plain,none,mixed,1 3 4 4 10 12 12 14 15 25
AA1WI4WKKTGaJ95eQKaWZxn65eGxAOpT2G,10,plain,none,mixed,3 3 4 5 6 7 16 17 18 21
AA1W608K2mM0_KnI9CCO313eOucE2e82G9,10,plain,none,mixed,1 1 2 6 7 10 12 16 17 28
AA1WeCGWf98F1CYamg62P8AaeaIYOIAHSG,10,plain,none,mixed,1 1 3 10 10 10 13 14 15 23
AA1W3446GuHp9n8G0eYX2CL2mICtgRYIQ4,10,plain,none,mixed,1 1 6 7 7 11 13 15 15 24
AA1W6AI55e5PFPm80WHD18ucm831Iw4a09,10,plain,none,mixed,1 1 2 6 7 10 11 15 17 30
AA1WIYAqWK1b4PxQPX8Q1808IQMq1EM30K,10,plain,none,mixed,1 4 5 5 7 10 10 14 19 25
AA1WGAWL4K8Xeqmc7W4595XCfUIHBG6148,10,plain,none,mixed,1 1 7 9 9 9 10 11 15 28
AA1WGA20G139Gv2WK18J2K3840ez50ez2O,10,plain,none,mixed,1 3 4 4 4 8 8 8 20 40
AA1WI2eaXd4i5WKY88K8JKgatWC0G194PA,10,plain,none,mixed,3 3 4 5 6 9 10 11 13 36
AA1W411YqiLZ2X43hfXI8w1MGQ8I9hUGK4,10,plain,none,mixed,1 3 4 5 5 8 16 17 18 23
AA1W8XV5gcCi2QZW98mAHA52THK78Yui0J,10,plain,none,mixed,1 4 5 5 8 9 9 13 23 23
AA1WKcCnQCzWm4OcI45a1H2GYZa7Iv2H15,10,plain,none,mixed,1 1 4 4 5 10 11 12 17 35
AA1W1kq0a5Gnj8N0q58eYYYiAICH118EaC,10,plain,none,mixed,1 3 3 6 7 8 10 12 24 26
AA1W8X950e1aAnMQUr82G90I248aaOH26G,10,plain,none,mixed,1 3 3 5 7 8 11 12 17 33
AA1WB4cOn5ew8IDHegM66bkY1W8AYKGC8O,10,plain,none,mixed,1 5 5 6 7 9 10 10 16 31
AA1W8nr3IBYT34GaIue30mARRgWdGm5oH9,10,plain,none,mixed,1 3 7 7 8 8 15 16 16 19
AA1W91L5L0HKApf59bG98q1ZeD7b9N3bQX,10,plain,none,mixed,1 4 6 7 9 9 9 13 19 23
AA1W28avNY9OeGe348YGmcHHQ-7mZ2K4SO,10,plain,none,mixed,1 4 5 8 8 11 12 13 14 24
AA1WWf5KEfOe40q5Nob8aYo0WSJXKGK3u8,10,plain,none,mixed,2 5 5 5 6 7 9 14 15 32
AA1WWQ250aR4qbA2G8q64iJAv4eSU291y8,10,plain,none,mixed,1 1 5 5 7 10 12 17 19 23
AA1WI0mn0ePq9XXycA08YJyNqABK6GQ5Gn,10,plain,none,mixed,1 5 7 7 8 8 9 17 19 19
AA1W8YHXKCP8fk0YG913YubOM0cCuYaCN8,10,plain,none,mixed,1 1 6 7 9 9 11 16 17 23
AA1W2eQZK9avYCIKj8GGHnEvYAiJ64MCKH,10,plain,none,mixed,1 7 8 9 10 10 10 13 14 18
AA1Wm20G38YAfDWbIIYa0m9HcEPG4Wg5Ga,10,plain,none,mixed,1 5 5 7 7 8 11 14 14 28
AA1W24HLYWL4e8q3GI6Y2E3WOS3W925HaA,10,plain,none,mixed,1 2 3 5 9 10 10 15 19 26
AA1W48x10A4rQFIngkq10J2WRM4Wkb6Gm1,10,plain,none,mixed,1 5 7 7 7 7 9 13 18 26
AA1W4N1uPYQYbOGXCAWaHYWzS50O30mpX3,10,plain,none,mixed,1 4 5 6 6 10 11 13 21 23
AA1W20AIUSAGY2euUSLO2X4GH3d24XfXN4,10,plain,none,mixed,1 3 3 7 11 11 11 13 19 21
AA1W0WQE0sAIWfZ-40XHY4JJaBagL722WL,10,plain,none,mixed,1 1 1 9 11 14 15 15 16 17
AA1W4ZXGD1ksW10510G51Gf2O50P2yXcAN,10,plain,none,mixed,1 2 4 4 5 6 10 18 25 25
AA1W1Ga0G5BILp4Dj1030L28YqELNNK6XA,10,plain,none,mixed,3 3 4 5 6 8 11 14 17 29
AA1WaHb2eCDfUBtXufXGc1maWIvB0y8YXW,10,plain,none,mixed,3 4 4 7 8 10 11 13 14 26
AA1WnHK5Wn8L18X5fM214IYQX4FX4LgFG4,10,plain,none,mixed,1 3 5 8 9 9 10 16 17 22
AA1W0aAKYD4H898XgIoXAA5OrSpao7m8Ge,10,plain,none,mixed,2 2 4 6 9 11 12 14 18 22
AA1W328V8oagHHb5GY4MIKeM4oXy70CDY2,10,plain,none,mixed,1 5 5 7 7 8 9 15 20 23
AA1W503uYaWM2Q8a4XC8YyGX9baWaEaXY8,10,plain,none,mixed,1 1 2 5 7 10 11 13 20 30
AA1WWtAv9EIQeT5K2KK0P4cXQ8nmaX3I1W,10,plain,none,mixed,1 3 3 5 10 11 14 15 17 21
AA1W9F9HC80K4IoeAHYM58GG00uE5Gs1HA,10,plain,none,mixed,2 3 4 4 5 7 8 11 19 37
AA1WCIcLnbDaGY4lAWn202eGJMYcA45eSa,10,plain,none,mixed,2 5 5 6 6 7 8 10 24 27
AA1WQBGOP8NHZC4SYi8C1a6W84YJOZ1DEo,10,plain,none,mixed,1 3 6 6 8 10 11 14 16 25
AA1WX4WyF9p9C5P4fXA0GHGByk503mP2Y8,10,plain,none,mixed,1 1 3 4 7 11 11 19 21 22
AA1WGa4I6JHfOY1q8a3A6z3e40IyIWnA8W,10,plain,none,mixed,1 1 3 3 6 11 14 16 17 28
AA1WH9FCH86Cna8QA450WHYDonsbOT2GWX,10,plain,none,mixed,1 4 4 5 8 10 13 15 17 23
AA1W40IAAiTXvfBIjB0O3FJ9XXHK4PJwiI,10,plain,none,mixed,1 5 6 7 9 9 13 14 16 20
AA1W83nlaToD7XWNJ09GoAd9XaAK7IKHL5,10,plain,none,mixed,1 5 5 8 9 12 12 13 15 20
AA1WYGJAngKmI2OaJ48aGZ6AHOuKEoWGa8,10,plain,none,mixed,1 3 3 3 5 9 10 15 19 32
AA1W84WXi58NOvuh8WHmYmKcNIA9AwuGGf,10,plain,none,mixed,1 1 6 9 11 12 13 14 16 17
AA1Wa3WH2e91I50C2eM1aCjZ4L2p7eu48Y,10,plain,none,mixed,2 3 3 4 7 11 13 16 20 21
AA1WGo5H14JNX48N7A118HD8H2mXQIqsIW,10,plain,none,mixed,2 3 3 7 7 12 12 15 15 24
AA1WG110Nb4LJRhIb1OM3BqPG6Oa5HEU64,10,plain,none,mixed,1 5 7 7 9 10 10 11 13 27
AA1WY44GwHy1WB0U4X2I0WI2bLt8uI58IY,10,plain,none,mixed,2 2 4 6 9 9 10 15 19 24
AA1Wb6d48F2csjgOB6G0YHXq1AffX34dYm,10,plain,none,mixed,1 2 4 5 6 7 12 17 17 29
AA1W50WKCGH4OKSd4PO4X-GI3fKp1GC0B8,10,plain,none,mixed,1 1 2 5 8 8 11 14 19 31
AA1W8Wa68r9I9DhGqOm0G13ag8hcPIcMe6,10,plain,none,mixed,1 6 7 8 8 9 10 12 13 26
AA1W4GGY45Wi3vew58eK14914eP591SeK5,10,plain,none,mixed,2 2 2 3 10 10 13 16 18 24
AA1W3WWU58Go2GZ85Om4H2KH4mn7amw28I,10,plain,none,mixed,1 1 3 8 10 11 11 13 21 21
AA1W8I1mGgIY9MPP4Wa830iXc10w8nspGI,10,plain,none,mixed,1 3 4 6 6 9 10 11 21 29
AA1WC4wL0u104A3BGI28d4WG8L5ChL2OZ6,10,plain,none,mixed,1 4 5 6 6 6 9 17 18 28
AA1W1W82WeBLUOHnE482eC0Wf9YZvGI4ma,10,plain,none,mixed,1 1 3 6 8 10 13 14 17 27
AA1WWA1D8AAs43x9JKMYaDI1cKou6eK9I0,10,plain,none,mixed,1 2 2 5 7 7 15 17 22 22
AA1W6ITBjYMOO10GZ384H1-4HC9EY1Gg0m,10,plain,none,mixed,1 3 4 7 9 9 10 10 21 26
AA1W1X42WeY4XL0noI6aS8Wo6UGbfgCHoG,10,plain,none,mixed,1 1 6 8 8 10 11 14 20 21
AA1W4XC0WcKF1u1X6GW0WG4coOx4eXa4uD,10,plain,none,mixed,1 1 3 4 6 13 13 14 22 23
AA1WYXBL2W9n-MREPeW0C1rYHCjnHcZHC6,10,plain,none,mixed,4 4 5 6 9 9 9 16 18 20
AA1W15QHSYHKaA92HoQe2u9V5temAHPfc0,10,plain,none,mixed,2 3 3 3 8 14 15 15 18 19
AA1WA0ZPx855ui0s60e60aGcmZWDGX6WX4,10,plain,none,mixed,1 1 2 4 10 11 13 16 21 21
AA1WJa12J4hfpB9G4WI46GU3IPCc3Lfs0K,10,plain,none,mixed,1 1 2 7 10 11 12 14 19 23
AA1WKZINgaCA0d3uuP40GD76SeI88MZK9I,10,plain,none,mixed,3 4 6 6 7 8 9 12 17 28
AA1W2Co928ZKSWo5WA4o0l928X2e20Jrwe,10,plain,none,mixed,1 2 3 7 7 8 14 16 17 25
AA1W2eaD5a605P58M8I9Gi5Q1cGoV0G2CA,10,plain,none,mixed,1 1 3 3 10 11 14 17 18 22
AA1WYLE6o68fMF18Y2WS1ZCN8egIZWi2Wa,10,plain,none,mixed,2 2 7 10 10 11 13 15 15 15
AA1WJ28a0S21H8g5OH2G10OxGQ6e90Y4Gq,10,plain,none,mixed,1 1 2 5 7 7 14 18 21 24
AA1W088U5GB288Pu3W161GJ2YCYnXiFWyA,10,plain,none,mixed,1 1 3 4 6 6 14 19 23 23
AA1W0W8ALiM9891GO2ZC1WAIZQHqu3W48G,10,plain,none,mixed,1 1 3 3 3 12 13 15 19 30
AA1W8HDjaAII8EA6g2GK8Y1x88XwWJ4oGU,10,plain,none,mixed,1 1 2 4 10 10 11 12 21 28
AA1W0m4AdeaX51eN8aOIB0K0x9QCSi40GO,10,plain,none,mixed,1 1 1 6 7 10 12 17 20 25
AA1WZ4gBI8Ga6I23WI20YVOY4mX8D1GXaE,10,plain,none,mixed,1 4 5 5 7 8 12 13 20 25
AA1Wn28FOSt9apeH28I54KL1mL0OGZuN98,10,distinct,none,distinct,1 5 7 8 9 11 12 13 14 20
AA1W95OroYZbIWIv1O48MscIgHqaAQY6em,10,plain,none,mixed,1 5 5 6 8 11 13 14 15 22
AA1WAWmA49YyG148KZC1X28718LwYOW21G,10,plain,none,mixed,1 2 2 5 5 6 13 19 20 27
AA1W21X1WG13GL4KYO9H2DIC9nlvek3mA2,10,plain,none,mixed,2 3 6 6 7 8 10 11 22 25
AA1W8F1cfxFZi7dEY8a2DKPH4IhAKHD5O8,10,plain,none,mixed,3 4 5 8 9 12 13 13 14 19
AA1W4WYggZe3eDf4HaGCIJTGgQmN0l8524,10,plain,none,mixed,3 4 6 7 8 8 9 13 13 29
AA1WAImQEHfWG16ACIY8GKcV28Gw60Wac4,10,plain,none,mixed,1 2 3 5 6 6 10 16 24 27
AA1W0aDWW528I-Z40G5ea8XK4XaaKaBYB0,10,plain,none,mixed,1 2 2 2 4 8 13 16 22 30
AA1WqMaLKemw830G1qjJ1958fH26E7I48G,10,plain,none,mixed,2 3 3 6 9 12 13 14 19 19
AA1W40W30d4b8vYqgLIYaQY4MO24B0c8Wa,10,plain,none,mixed,2 4 5 7 9 9 11 17 18 18
AA1W97e50Z9WaAX7MmGH48HSrhrO50X8Wc,10,plain,none,mixed,1 3 4 4 5 12 14 18 19 20
AA1W188frIR1Cfc8e00H8h3g2GJIEYa0a4,10,plain,none,mixed,1 2 3 3 5 7 17 19 21 22
AA1W904og6404g3oIXG924Cjkh6Pp8YCYa,10,plain,none,mixed,1 3 3 8 9 10 10 14 16 26
AA1WYbeg2Hmb8u0mA1Y41KB46GkWd0819f,10,plain,none,mixed,1 2 2 3 4 6 10 14 23 35
AA1W1J2hAw9ZGO74KYYAIKibEbcKIYX820,10,plain,none,mixed,5 5 5 9 9 10 10 10 11 26
AA1W4W9o3ibeb9HWIEKA2X4HCZNOOcjq8A,10,plain,none,mixed,1 4 4 6 7 7 14 17 19 21
AA1WI3d4H9WL4aJQFaW0WnMzAmo1Sb_aB1,10,plain,none,mixed,1 4 4 6 9 10 13 13 15 25
AA1W7XSwWf3yA5i8A48AgA9K9CgNA0i2X8,10,plain,none,mixed,1 2 6 7 9 9 12 14 18 22
AA1W4dW80jgkLpoGf28WgYcR0i5AiW80XC,10,plain,none,mixed,1 3 3 4 6 7 7 15 24 30
AA1W2WgT9lGSf8WmC589HJMOyWS57bGI0O,10,distinct,none,distinct,1 2 4 7 8 10 13 14 20 21
AA1Wm1X41e4a80I3I8HbWqcBHYCIlLAeJ4,10,distinct,none,distinct,1 3 6 8 9 10 11 14 16 22
AA1WKZAehAvHJzOa2GK53K1441GOuZ7ecG,10,plain,none,mixed,4 5 7 8 9 10 10 12 16 19
AA1WK32G12g7cyyuH1C606QC42Ga4emud8,10,plain,none,mixed,1 1 2 3 8 13 13 14 17 28
AA1W18avKaew6AnX9AH220BBamsF9d4qYG,10,plain,none,mixed,2 4 7 8 8 9 12 14 17 19
AA1WHDLChLgG4Q4II988doJi0u0zda4cmL,10,plain,none,mixed,1 3 3 6 6 9 11 13 17 31
AA1W4AIP8B2CaLbhH94YaE8g2oWaPBLcQ4,10,plain,none,mixed,3 5 6 6 7 8 10 11 12 32
AA1WA1KAogerbwnWE0481a1Xn1r5ah43WK,10,plain,none,mixed,1 1 3 5 10 14 14 16 17 19
AA1W2A1e10u0uAYnPZ1I1WwaQYWQ1870w4,10,plain,none,mixed,1 2 5 6 7 7 9 10 14 39
AA1W4HA5fnL-FeX99v82047dG81WfkYH94,10,plain,none,mixed,3 3 5 7 9 10 11 13 19 20
AA1Wa5b6dj4WiGH24kG82XPagH9875BeAY,10,plain,none,mixed,1 1 5 6 8 9 13 14 20 23
AA1W4G9sdY4WI2amL34GmYO2Xgd2OBymW4,10,plain,none,mixed,1 2 3 4 7 7 13 16 23 24
AA1W8n978bTAL73MTaW0e45ASHHQkeAXWK,10,plain,none,mixed,1 4 6 8 8 10 11 13 14 25
AA1WA14BPc9yBs6Wi2G08I3Cgeg8S4Gr58,10,plain,none,mixed,2 2 4 5 8 8 12 15 19 25
AA1W106OoYKDIKkK80W20UJH3Bn8f4AFH6,10,distinct,none,distinct,1 2 5 6 8 11 12 14 18 23
AA1WaX4pMiJCgdGr6eAmWqGa4EA86hG2eY,10,plain,none,mixed,1 3 6 6 8 9 10 14 19 24
AA1W33eKbY4Wg1978X181Wq34XWCJXj6Ou,10,distinct,none,distinct,1 4 5 6 7 10 13 14 15 25
AA1WKXG8cpK9oEP8eIc4H1g458dq-Gp8WO,10,plain,none,mixed,1 2 3 9 11 12 15 15 16 16
AA1W8G98X5Ioa99dnWa1G96Myq-N3ZKyGe,10,plain,none,mixed,3 7 7 9 9 9 9 10 18 19
AA1W8E0a4hbf865mmYaW8ssYgA9R6OW84G,10,plain,none,mixed,1 1 3 3 4 10 14 17 23 24
AA1WA4ZYKMbLCbXHQDG8aXaGyq14D0qWY1,10,plain,none,mixed,3 3 4 5 13 14 14 14 15 15
AA1WiDKXCwcYuaKI4SY0OO128uo876euA2,10,plain,none,mixed,1 3 3 4 9 12 14 15 18 21
AA1W1a95uI1ECLXGw4WY2QGg49eeAcOt18,10,plain,none,mixed,1 2 5 5 7 8 9 20 21 22
AA1WGH3X8gQLe4GWu0g9JHyLhYaapkTO40,10,plain,none,mixed,2 3 6 6 6 7 12 14 15 29
AA1WI3jeo5GoEPYJa1c823Pi0GM4Y0DSq2,10,plain,none,mixed,1 1 1 5 6 12 12 16 16 30
AA1WIJoca2aKLO2SY1G22hageh0C1JS1WS,10,distinct,none,distinct,1 2 4 7 8 9 13 14 17 25
AA1W30B3GgRNKAKCXK868i4WGE642WUWA1,10,plain,none,mixed,1 1 3 7 8 9 13 17 19 22
AA1W4cdqnEQZNC1H49P948C131mb8WiYYC,10,plain,none,mixed,1 3 7 9 10 10 12 14 15 19
AA1WYAI20EqzWH2HHXAL6W38871-293oIa,10,plain,none,mixed,2 2 3 3 6 12 14 18 19 21
AA1WYWY48Y8A2mbuN28X0A2mae948b8U2G,10,distinct,none,distinct,1 3 4 5 6 9 11 17 21 23
AA1WHatj5fXMY51OGY6268IGqWc23IPa3W,10,plain,none,mixed,1 1 5 6 9 12 13 14 17 22
AA1WCGz6D5TqEWK2LX8C8J4LJ45WPSA64G,10,plain,none,mixed,1 1 1 5 5 13 13 14 20 27
AA1W2KHZi8a_aA7GQ2meWA2W941eT1Wg0W,10,distinct,none,distinct,1 2 4 5 8 9 10 13 23 25
AA1Wn6GYgK62JIgC1W48J26Wq2aq6ASGXG,10,distinct,none,distinct,2 3 6 7 11 12 13 14 15 17
AA1WKA8WQXPC191BW8X4Z_5uPl5uPpEHaW,10,plain,none,mixed,1 2 6 7 8 9 11 18 18 20
AA1WX2HIAC9Q1C2GeB84KX7mI3rO39vDEI,10,plain,none,mixed,1 3 5 5 7 12 13 15 18 21
AA1W6HISKa30J91GY0p4H1ODBLGK71O18G,10,plain,none,mixed,1 1 4 5 8 10 14 14 19 24
AA1W0IJ8GkUKRz08n24GgMb7Kv1u88XHCH,10,plain,none,mixed,1 3 3 3 8 10 15 19 19 19
AA1W99C24CNnaD4kco6D0j3YGK9IPaaY0G,10,distinct,none,distinct,1 3 4 5 7 11 14 16 19 20
AA1W62970X4HY92Ci8f1WFnkIHLA1eB4V0,10,plain,none,mixed,1 3 3 6 8 8 10 14 21 26
AA1W208I24oqc7X2BH7L2GG25IlgCe84ea,10,plain,none,mixed,1 2 5 5 5 7 11 18 19 27
AA1W0m53SWf3XC8y810B0O20cEIqCJaaXq,10,plain,none,mixed,2 2 2 4 5 11 14 16 18 26
AA1WC4XeWuJwD9eA2Gc8a4dZmA8I8YbIaW,10,plain,none,mixed,1 4 5 5 8 9 12 17 17 22
AA1W0cHI8O339Zno8g4P5C2eC1LKX46X1J,10,distinct,none,distinct,1 2 3 5 6 9 10 14 20 30
AA1WYaH7vK64V0b48YG1oKIhm43f6E8g28,10,plain,none,mixed,1 1 4 7 10 11 13 14 15 24
AA1W48Y3jlgA8Haa4AY8Gq691SWqH0YuOI,10,plain,none,mixed,2 2 3 6 7 13 15 15 17 20
AA1W4mL59UAibZoJOWH2WK292xHBKv0bH5,10,plain,none,mixed,1 2 4 7 7 13 14 15 18 19
AA1WYJuiWYPxX3HC9f8K5WP4iZYGr5T48B,10,plain,none,mixed,1 4 5 5 8 9 13 13 18 24
AA1WaAHSA-g4Xh2UePWG6d8A_onO6HK69g,10,plain,none,mixed,1 3 3 7 8 13 15 15 15 20
AA1W2OY6Geo4zdDA48a4GG40csHc209fvG,10,plain,none,mixed,1 3 4 5 5 8 14 18 19 23
AA1W26WfaH3gQXamw0eE4PGJ3efDKXuC0G,10,distinct,none,distinct,1 2 3 4 7 9 10 19 21 24
AA1W4JYKIdJ244L4aHq8X1XAE48G61FD0e,10,plain,none,mixed,1 1 5 7 8 9 10 16 16 27
AA1W4GR2aUJqkB8k64a80v18DZ27uiAPb0,10,plain,none,mixed,3 3 5 7 7 8 9 16 18 24
AA1WGZF28vf68GCi6Ge50MIKYit51IEXef,10,distinct,none,distinct,1 2 3 6 7 9 12 18 19 23
AA1W4mjMci9OxVW82688WbH2qmbJKW8a28,10,distinct,none,distinct,1 3 4 5 8 11 15 16 18 19
AA1W0uH6XOb58S18WWG1Og4nOLbDeV0O10,10,plain,none,mixed,1 1 5 5 6 7 9 15 21 30
AA1W48534koKtHS7Y2O90T60mf6Zrnm0IG,10,plain,none,mixed,1 1 2 3 6 7 16 19 20 25
AA1W0C40IGRX22Ga2WYw1G40e5vKCdLmg5,10,plain,none,mixed,1 2 4 4 6 9 11 15 22 26
AA1WG0PH18T2GHOK90eM2mwcdomSWq4X64,10,plain,none,mixed,1 2 6 7 7 8 12 16 18 23
AA1W0m59FoC2J8q1Yn48WbBh1QAgTHbYnO,10,plain,none,mixed,1 4 5 6 6 9 10 18 19 22
AA1W82RpJI490K115GXL1eea-aH2WC1KSK,10,plain,none,mixed,3 4 6 6 7 8 10 10 13 33
AA1W0Z4LYfpvyEIun1KKAIWgG4GXPfiA0W,10,distinct,none,distinct,1 2 4 5 6 10 16 17 18 21
AA1W5GaO8M8A71EGIp0HoCA3XC8bbFIL95,10,distinct,none,distinct,1 2 5 6 8 9 12 13 18 26
AA1W1P8v3W6K41WK8YKh60a92AHb5emY0G,10,plain,none,mixed,1 1 1 2 6 9 12 15 20 33
AA1W4WoAKrQkGoCK30CAGa23WW0X4TK2Xe,10,plain,none,mixed,1 1 3 5 11 11 11 15 15 27
AA1W2Y3iLIGkYYGoDB1Y6i4g6BCpc4mYIW,10,plain,none,mixed,1 2 4 7 7 9 11 17 20 22
AA1W204I38891WYCAGeKAj9OY4VZuXA99f,10,plain,none,mixed,2 2 4 6 8 8 13 13 18 26
AA1W0ehg5cveiNLEiJ2225N2Vj6aGNCK0G,10,plain,none,mixed,1 1 3 7 11 14 14 15 16 18
AA1WY29C9Y1L9D1mH24I68HGuMss080A68,10,plain,none,mixed,1 1 3 5 6 10 11 11 14 38
AA1W4GjYSnA0aObr99G4J4P3y4oJYI0e0b,10,distinct,none,distinct,1 2 5 6 9 10 11 13 14 29
AA1WWIVWeUMLOYRZi20A6FdaXYZCcaKPK8,10,distinct,none,distinct,2 3 4 7 8 9 10 13 21 23
AA1WmcZKXgEHYCIyvW80A28e2oMauD6KKY,10,plain,none,mixed,2 4 6 7 9 10 11 16 16 19
AA1WY18eIaKeY8I8428oHI4jjWy7GZK10u,10,plain,none,mixed,1 1 4 5 10 11 11 16 18 23
AA1W19e8N4YI86m0W92YrLbgCX4qLZa3CQ,10,distinct,none,distinct,1 3 4 6 7 8 9 14 22 26
AA1W0PeCIeWS1KqYNJ6AHi8S258gzFa34W,10,plain,none,mixed,1 1 3 4 7 10 11 12 22 29
AA1WGX6GikH9NIqaJ0C4P5tGY8nL8umza4,10,plain,none,mixed,1 4 7 8 9 9 9 12 16 25
AA1W58K2LZp9SbIOeG18eV79gfmWWoU6D0,10,plain,none,mixed,1 1 3 6 8 9 14 17 19 22
AA1W2Wa2HzEDGQ58Ok5A9E88Gu144J0O2I,10,distinct,none,distinct,1 2 4 6 7 9 12 16 18 25
AA1W80HaKwbEfx0qy11GmH0q9vXY1m8L49,10,plain,none,mixed,1 1 5 5 7 8 10 20 20 23
AA1WWgTIvG8XGo70pZA0CC90d4ymMJXC0W,10,plain,none,mixed,1 1 3 4 5 11 14 15 17 29
AA1W6GYGIXoHBoO_9AG50KRhEb0R0W2E03,10,plain,none,mixed,1 1 5 8 10 10 12 12 13 28
AA1WKPW5Ga8z75IOWKG2WEXYi8X3HRZaWC,10,plain,none,mixed,1 3 4 4 5 14 15 16 18 20
AA1W8Xagama0Y2u824G2A0G50N2UJXO8X8,10,plain,none,mixed,1 2 4 4 7 9 9 16 16 32
AA1W20-KPHB8p71ooWaGI18GqiU8Na-D20,10,plain,none,mixed,1 4 5 9 9 9 13 14 16 20
AA1We0cphi61ChcFC9If224rKIvgM42Gf2,10,plain,none,mixed,1 2 3 8 8 12 14 14 14 24
AA1W88f9hxIdK68XWA220BAMgfb0K185C4,10,plain,none,mixed,1 1 4 6 7 12 13 13 15 28
AA1WB18IZ4oI490XaoI2GXJ3qUC1HgsGo4,10,distinct,none,distinct,1 3 4 5 7 8 11 15 16 30
AA1W8HUR4WY4WOGay0BGhUACUkP3WI4XC8,10,plain,none,mixed,1 2 7 7 8 8 10 11 14 32
AA1WQ2be0u7040ogAOW8I20t5YT2gZCOD2,10,plain,none,mixed,1 2 4 5 7 7 12 13 16 33
AA1W0W545WV18Ga5JYGE0M51GI2YHA3GU5,10,plain,none,mixed,1 1 2 4 5 6 11 22 22 26
AA1WWf8q1P5JaN0F808Gb4o3hKxFZKKaH4,10,plain,none,mixed,1 2 5 7 9 12 13 15 18 18
AA1WY0W24PTOiC39uGXeGX2WjqX41GI4PK,10,plain,none,mixed,1 1 2 4 7 13 14 18 18 22
AA1W088nbAfT8bAmn30GID9090O7r5eZ0q,10,plain,none,mixed,1 3 3 7 7 8 10 11 19 31
AA1WQ768g30ONn8V1mGb2i90814VYb9GWY,10,plain,none,mixed,1 1 3 4 8 9 10 13 21 30
AA1WIKI2RWm3G6AqHv5KaK9OwA42WC58o8,10,plain,none,mixed,3 3 3 5 7 7 9 12 16 35
AA1Wb4e62WgWR4n8MOmK8HEH4DIG3mc6Of,10,plain,none,mixed,1 2 2 5 7 8 14 19 21 21
AA1WZ1MF8W5JKSKIK102CNZ15JnGq4uGn6,10,plain,none,mixed,1 2 4 7 7 7 10 18 20 24
AA1W54Xf3GcyM9IKKYeZ1W8Ye3HarEao4W,10,plain,none,mixed,1 4 5 9 11 11 13 14 15 17
AA1W8fSFI8-Wm42GO6840HCYNCyPd28958,10,plain,none,mixed,1 1 7 7 8 10 12 15 15 24
AA1WKXFIaAa1eJSX7GC8nKp08dlo0X5rGe,10,plain,none,mixed,1 1 7 7 7 10 13 17 17 20
AA1W61ZpWGXDk3w0470K19HqNHcaf6KYYe,10,plain,none,mixed,1 2 4 6 6 8 14 16 20 23
AA1WAJCSAIDXACEAaWW084anITkjaUmTmY,10,plain,none,mixed,3 6 6 8 8 8 9 13 19 20
AA1WGQ9KafIYiCahC8X11kJoJ50uyr28YW,10,plain,none,mixed,1 2 6 8 10 11 11 15 17 19
AA1W0m208476CD1824G18O30Q4mM55GQ1G,10,plain,none,mixed,1 1 1 4 5 7 8 15 21 37
AA1W186ZIyGf6Fb2mY0Gf2AH84YCr17Z8f,10,plain,none,mixed,1 2 3 3 7 13 14 18 19 20
AA1W2TGmc2GKY4zSq08XmnIKKXQDHH8YWO,10,plain,none,mixed,1 1 3 6 9 10 15 16 16 23
AA1W8b92569Cn08020mfIoMHI9RGi50a2K,10,plain,none,mixed,1 2 4 5 5 8 9 11 15 40
AA1W4Y4p0rQk4F8M18HP2Gj5K72BOXA9mH,10,plain,none,mixed,1 1 6 10 10 11 12 12 16 21
AA1W0026tzqX79-kD1m2X6AGqG0X922w6a,10,plain,none,mixed,1 2 3 3 7 11 12 15 18 28
AA1W0OMYIhcQIBXe53823WJAJOrgWY884G,10,plain,none,mixed,1 1 3 5 7 9 14 18 19 23
AA1WWF4s8eMkWi0uAaG295bgY4JrIUWq1m,10,plain,none,mixed,1 1 3 5 6 10 14 15 17 28
AA1W6GivG621mHwam0WAQGBgL1qkSMe0WC,10,plain,none,mixed,1 1 3 4 5 10 12 20 20 24
AA1W1GcK40WI2Gpa5WYabKmM4OB1uJDC1W,10,plain,none,mixed,1 3 5 5 7 9 10 11 14 35
AA1W0L0sSAYwObZu2W2A4SuH6HXXAvfp5e,10,plain,none,mixed,1 2 2 4 7 10 12 19 20 23
AA1WIAIKIYqLvIz8H141mW7umH0K184p24,10,plain,none,mixed,1 2 3 8 10 10 12 15 15 24
AA1W38OR02mRn_JwX2IAXhGHG8HPAPJ14W,10,plain,none,mixed,1 3 3 4 6 12 13 14 22 22
AA1WW14bnEBJGG31OKW969oX9H2WI6meT5,10,plain,none,mixed,2 3 4 5 5 5 7 9 24 36
AA1WGa6IuGAQLGjH9248d62uW42EHjGC2Y,10,plain,none,mixed,2 2 4 5 6 6 13 16 20 26
AA1W45qarO2Ge2SJMK54i2WBXdJHLDeoUO,10,plain,none,mixed,1 4 5 8 8 10 10 13 14 27
AA1WX8Jv93GH1fYI8fXHd0sq2WQ7vVC7GW,10,plain,none,mixed,1 1 4 5 8 8 10 11 20 32
AA1W0YeA4ocdy28Wm0eOI9YVB2hnj1850i,10,plain,none,mixed,1 2 3 5 9 13 14 15 15 23
AA1W4941KqHIKDaQ74O9Ok4sgOhu27qWK2,10,plain,none,mixed,1 1 5 6 8 13 15 16 17 18
AA1WJ68n4uf1OIfKY8mW9I3mW8Cq1WA1G5,10,plain,none,mixed,1 1 3 4 6 11 13 17 19 25
AA1W8MMio6OgfYwJKeHeADy1GHS5ZeY501,10,plain,none,mixed,1 2 4 8 12 12 13 13 17 18
AA1WGDgLHIyW9XI1a9W2clRSQl4O8XqZW3,10,plain,none,mixed,1 4 6 6 8 10 13 14 15 23
AA1W0-bwi8GgDr1mJWaX1iW_393DMH8f0W,10,plain,none,mixed,1 1 5 7 10 10 13 14 19 20
AA1We5ggmp9YCaCY2D28G92BXnTew4efyW,10,distinct,none,distinct,2 3 4 5 7 8 13 17 19 22
AA1WOG2SYqcWCvWry8XJIbfI52H4AY20G4,10,plain,none,mixed,1 2 3 5 6 8 12 21 21 21
AA1WC5G4X2Pa549086Gc2fJ1DvB8V1e10K,10,plain,none,mixed,1 1 2 3 5 12 15 16 21 24
AA1WGGksn8T1e2mGv0ZqLXIJ9a7kXf5188,10,plain,none,mixed,1 2 2 6 7 8 12 13 22 27
AA1W1eCIaeK-c1eHayKHJm1089QCCWc3iW,10,plain,none,mixed,1 2 4 6 10 10 13 13 19 22
AA1WG047cnCa4bILDGKWbu3mjMINBaZbr8,10,plain,none,mixed,1 2 2 6 8 11 13 14 15 28
AA1W44v979iAUXAf1m827StKANaaYS9ZJ2,10,plain,none,mixed,1 3 6 6 8 8 11 14 19 24
AA1WLaRBhI3ukn5f59e976LGDY0WiA9i8K,10,plain,none,mixed,1 1 6 7 10 11 12 15 15 22
AA1W0MX9UogYfNd40G4GLKKHqx74Yahv1G,10,distinct,none,distinct,1 3 4 8 9 12 13 14 15 21
AA1WGk6mnRRxlS1WA1m8a4C082P011eX10,10,plain,none,mixed,1 2 4 4 5 8 11 12 24 29
AA1W1eM2pJS4mogEHAHA1C318E450XAbn0,10,plain,none,mixed,1 3 4 6 8 8 10 15 18 27
AA1W50g4BIME2fIGYGa28M9GcAu4n69Uo6,10,plain,none,mixed,2 5 5 6 6 8 8 13 19 28
AA1W2XBI68q8H3cIHGc8GKKSZYN8aykL4W,10,plain,none,mixed,2 3 4 7 11 11 12 12 18 20
AA1W3GKQHIaMI99eEX2D1GH0a68AXI9Z4K,10,plain,none,mixed,2 2 3 9 11 12 13 16 16 16
AA1W9KHO8Y6Ra50DYGG9V8o38Ma61GKiuH,10,plain,none,mixed,1 1 6 7 7 10 12 12 20 24
AA1W2eYGEtXUWa48IKA51BM2meWd65GuGI,10,plain,none,mixed,2 2 3 4 5 6 12 17 18 31
AA1WJYQYPa4X8I4OGY88Z690u90EIV0820,10,plain,none,mixed,1 3 5 5 6 11 12 14 16 27
AA1W9EaAHH6n9uXGAC1Gi8GbnO8MXowFK8,10,plain,none,mixed,1 1 1 8 10 12 14 16 18 19
AA1WGamD081wBXYF99gg3SuL3WM2a0Q4e8,10,plain,none,mixed,1 4 5 5 6 10 11 11 19 28
AA1WC0Z2HTT0O2aXa0W4WX2D1UWe91aiYY,10,distinct,none,distinct,1 2 3 4 6 13 15 16 19 21
AA1WIaCKYA80W2OAoLOC7Y89mT7k59f10C,10,plain,none,mixed,1 2 3 5 8 9 9 10 24 29
AA1W81dN-vOWgA8K4D890fJCa7xHD4U9qX,10,plain,none,mixed,1 2 3 6 9 15 15 16 16 17
AA1W20T6H48U1GlH2IW2WA2f3OS5GjfpGe,10,plain,none,mixed,1 2 2 4 9 9 10 13 21 29
AA1W4XC41H5EmkMqYI830H1tYQ3nu9790O,10,plain,none,mixed,1 1 4 5 6 11 14 15 20 23
AA1WH4WC1NL28VYQWG60E2N2qj4Y5154H2,10,distinct,none,distinct,1 2 3 4 7 9 15 18 19 22
AA1W1K6mL4X24aWe8K0XAS9Wl58fdx3891,10,plain,none,mixed,1 3 3 6 6 10 13 17 19 22
AA1WX080So2Y9GI8q1GaH1APIEOYNYyI18,10,plain,none,mixed,1 1 4 4 7 9 15 16 20 23
AA1WKp080u4mIC90e2W10BHL5B1e54O50a,10,plain,none,mixed,1 1 3 4 5 7 9 21 24 25
AA1W1fG7Gd40WX1j2WCXa4WY29cF8aaqZ2,10,distinct,none,distinct,1 2 3 4 8 9 10 16 22 25
AA1W6XYa1uWbeJfID8243eTaP5LAci9Ho5,10,plain,none,mixed,1 2 3 5 6 11 11 16 20 25
AA1W8J4mK49996-a1GOG1cq080mB6FR2We,10,plain,none,mixed,1 1 1 2 6 11 11 13 26 28
AA1Wm0v7948bf4WK1JC248XDGAaI91xF4m,10,plain,none,mixed,1 1 3 5 10 12 13 16 17 22
AA1W48II6AsYWe4XEePAHAGIDqHI6OWu34,10,plain,none,mixed,2 3 3 3 6 9 11 15 19 29
AA1WAL9v4eWhuP54Wi3Y1MGHG54m6WZaIG,10,plain,none,mixed,3 3 4 6 7 10 15 15 15 22
AA1WPAecKoIKCXaICY14YI4SX4IKH2N4CW,10,plain,none,mixed,1 6 6 7 10 11 13 14 14 18
AA1Wm4AEHSaLXiGX4GH0cqMY4CAWe4WhzG,10,plain,none,mixed,1 4 4 7 8 11 11 13 14 27
AA1W52HY0MEU48YeT1GA28pkcICXabGa2G,10,plain,none,mixed,3 3 5 5 7 11 14 14 18 20
AA1W60s1COBPHE90a508GX48RIZ0I4GK1K,10,plain,none,mixed,2 2 2 2 3 10 11 16 20 32
AA1WGJu4WYXHWCkYo2OKAKY24corcduHo2,10,plain,none,mixed,1 2 4 4 8 14 15 16 17 19
AA1WAUG2WY1UAHmf79OX2GWW5CoaGX8aWH,10,plain,none,mixed,1 3 4 4 7 11 11 14 15 30
AA1W81B624M48dAOCYqAX02wKDRqys4Ga8,10,plain,none,mixed,1 2 2 6 7 11 12 17 21 21
AA1We0iZaQaIZgysLHGmGQ1C4LOeXT1Y4K,10,distinct,none,distinct,1 2 5 7 9 10 11 16 17 22
AA1W98aGA1JdKYjWS0X2GIHEK2WmY6aqW9,10,plain,none,mixed,1 1 3 3 8 10 13 14 22 25
AA1WC3WA1GK4JoWA20EaauKY4MWJ2mR2WC,10,plain,none,mixed,1 2 4 4 6 8 10 13 23 29
AA1WgXILfCIA9PEmE18WW2SmDP1zG4WK1K,10,plain,none,mixed,1 2 3 6 7 8 13 17 17 26
AA1WGZnKYa3LB1PW2W9A18b2sYodGqbYAK,10,plain,none,mixed,1 2 4 5 5 6 12 18 22 25
AA1W3WHGuSGbq9n48cK209V3rTeyg24948,10,plain,none,mixed,1 1 4 7 11 13 13 14 15 21
AA1WGc7rme2mm7d4MPGWH4GA76GKN1IaAZ,10,plain,none,mixed,1 3 4 6 6 9 15 15 16 25
AA1W410K2l8vA8oTRiXHA8Lk24OaB948Wm,10,plain,none,mixed,1 1 5 7 9 10 11 12 22 22
AA1W6G408KACLbU6eGe68a4mLZ998dwU85,10,plain,none,mixed,1 2 4 7 7 10 11 12 16 30
AA1W50PoeK14G9BXZaKA2A9XAfWsL9A9M8,10,plain,none,mixed,1 3 7 8 8 9 13 16 17 18
AA1W8WZ2GI4aHlIG60m2W81q6tC8WaqZY4,10,plain,none,mixed,1 2 4 4 5 11 12 16 19 26
AA1W2WM4GACISGY7a402GJ2OZQ3OL2oWa2,10,plain,none,mixed,1 2 3 4 4 6 6 16 28 30
AA1W4Gf98lku93w78b22GZ4xKWau4XPeGW,10,plain,none,mixed,2 2 4 5 10 11 11 15 17 23
AA1W4X2yaC0W75bKAX54Y28M599CCc9288,10,plain,none,mixed,1 2 6 7 8 10 11 11 16 28
AA1WG1043-GbCa4dd4u48me2uQImPJaOJ4,10,plain,none,mixed,1 1 2 6 7 10 12 15 23 23
AA1W9YKyuc4WL29cA4WG11m94IyA1GsIX4,10,plain,none,mixed,1 6 6 7 8 9 9 13 14 27
AA1WK891GCf8qgaaKg42GebKMXiH89nMA2,10,plain,none,mixed,2 2 4 7 9 10 10 14 17 25
AA1Wa6Xt0I11IAXaIYe010WKQBwoAPO46W,10,plain,none,mixed,1 2 3 4 5 5 8 18 23 31
AA1W5Ga694OL543Wy1X1GH4XC820m7uP1H,10,plain,none,mixed,1 2 3 6 6 6 7 10 18 41
AA1WA3W9XaOY24Wn4GIWa4NWiuR4GWO2OL,10,plain,none,mixed,1 2 3 4 7 13 16 16 18 20
AA1W48h24nXIi8Ejv3C88K30MT2eaiwLL0,10,plain,none,mixed,1 1 1 4 8 12 13 16 21 23
AA1W8C9mA2kqB7ei2MaX1XK6GrUK2Gh90K,10,plain,none,mixed,1 2 5 6 8 9 9 10 25 25
AA1WXK5XAGEjczo8E0H2X85G56HYr04Y1X,10,plain,none,mixed,1 1 2 4 10 12 13 16 19 22
AA1W88WK6FIC8L1qYGK4POSdY5Ww8mZ84G,10,plain,none,mixed,1 1 2 4 5 10 11 19 22 25
AA1W38Gw_V3YHm0WG1KHWaIus60PhE8b2G,10,plain,none,mixed,1 2 2 3 9 11 12 13 16 31
AA1WOLIqX18CW5240WCILAHZSH48Wl48WK,10,plain,none,mixed,1 3 4 7 7 9 9 12 20 28
AA1W21Gv0A2UVeIoJpA8YG9qBXgn9HH10W,10,plain,none,mixed,3 3 5 6 9 10 10 14 18 22
AA1WIYMGn6TicAHIbac10ICGO4IgJ8Zc40,10,plain,none,mixed,1 4 5 6 10 12 12 15 17 18
AA1W2GGn7eho54IT5g0IYa7PB5gR1WXZiC,10,plain,none,mixed,2 2 2 3 8 12 12 13 18 28
AA1W9Y8S8O2cZsQ8I6G0WHf28AXAzZSP0K,10,plain,none,mixed,1 1 2 7 8 13 15 15 16 22
AA1WGTf4GXmAoAYW8104EHLyYJYCXa8R18,10,plain,none,mixed,1 2 3 4 4 10 11 13 23 29
AA1W2GZIQeY8aY12F0m28zRhQqHz7mci2G,10,plain,none,mixed,2 2 3 5 5 11 14 16 19 23
AA1W81mI1XNYFWvk-tX0WESX0wYdHAaMB4,10,plain,none,mixed,1 2 7 7 8 10 13 16 16 20
AA1Wa5CV9PK58z188n4a2q95qH0eYIIIAn,10,plain,none,mixed,1 2 4 6 11 13 14 14 15 20
AA1WOI4YAXa9AaAQGY283yZGIBoSGq53oA,10,plain,none,mixed,1 3 5 5 7 9 12 13 19 26
AA1WWGP30e22KbroF0OYGS0W1D4-YK6X28,10,plain,none,mixed,1 2 3 4 4 6 12 14 20 34
AA1WICFGa4YKgAJqE8SWNA1W13aeMCtHO8,10,plain,none,mixed,1 2 5 6 9 11 11 12 13 30
AA1W44yAoGHPA9cMIgLoWIAYGY2qW1CKIG,10,plain,none,mixed,1 5 5 7 10 10 11 14 15 22
AA1W31E9Ww8v0q6m63G89B85faX0C5GI2W,10,plain,none,mixed,2 2 3 4 7 8 8 11 21 34
AA1W6Om23Tgto4G98H491m90IHmc80Han4,10,plain,none,mixed,1 2 4 4 6 7 18 18 18 22
AA1WGGb3mXaIH9J2C2W4uNZCGQIA8s6_10,10,plain,none,mixed,2 2 2 5 10 10 14 17 18 20
AA1WAX3Gd48Xo8uO36G80XO0C2a9XcSGa8,10,plain,none,mixed,1 1 2 4 7 9 13 14 24 25
AA1WA0S3aXNhnGLt30c8WY1qIffXYHbDGa,10,plain,none,mixed,1 2 5 9 10 11 11 14 18 19
AA1W5LKKXFIvG76DUm8GK4-9AufwgSK8uH,10,plain,none,mixed,2 3 7 7 9 9 12 12 15 24
AA1WY1d3uGM1UTZqPYa24Gb2pp2EAC8A4G,10,plain,none,mixed,4 5 5 5 9 11 13 14 17 17
AA1Wn9CA1H2WCTYAII1e10f8b5AQH4aa91,10,plain,none,mixed,1 1 4 7 10 11 13 14 16 23
AA1WHBfY891WquWA2OIOY8Ga8I3R1eb4G1,10,plain,none,mixed,1 3 3 4 5 7 16 16 22 23
AA1W45aE0GZ5dEnfM0eLa4WvHJ2dI44Y4E,10,plain,none,mixed,1 2 5 6 7 9 9 20 20 21
AA1W3aN38e1OlAFU1mWGK4WKCkkx2Y9aX4,10,plain,none,mixed,1 3 4 6 6 10 12 13 17 28
AA1WL1GM9KGbCdcCAIP0GK-T8Gah6128A0,10,plain,none,mixed,1 2 6 6 9 12 15 15 15 19
AA1WCCXaMXJaAYYdLuPKDLW814eO4GvSW4,10,distinct,none,distinct,2 3 4 5 6 9 11 15 20 25
AA1W15HmE09JC6Gb4b0Y6nbA9Gi9aCyX1E,10,plain,none,mixed,1 2 2 6 7 8 12 14 15 33
AA1W20SmEI7dGs5WK0ZGImEvv8ZGi3GU8m,10,plain,none,mixed,1 2 6 7 7 9 10 12 18 28
AA1WJKHX8KaYfYXGS46C4T1m94Ne715eWS,10,plain,none,mixed,1 1 1 4 10 11 12 16 22 22
AA1WW448pI2OGXaKqX11A2S918HC9d1YCW,10,plain,none,mixed,1 1 1 3 4 8 11 19 22 30
AA1W4GDGeqZE0aAaK4W48aVBvwMYYHqkaO,10,plain,none,mixed,1 2 6 8 10 11 13 16 16 17
AA1W8Y2GyB2Bj5We2WHD1ec0e6GmAM54gC,10,plain,none,mixed,1 4 7 7 8 10 12 12 19 20
AA1W5WcfC5l3830O6mAKHI9IYYCuSS0GGY,10,plain,none,mixed,1 2 2 4 7 10 14 17 18 25
AA1W80XS8WAHIksG50GOJ8Hrc58B10465m,10,plain,none,mixed,2 2 2 5 6 8 12 13 20 30
AA1WmI7H1EGn9GuDKu0Y8HFm60u7Nj5JK1,10,plain,none,mixed,1 3 4 4 6 10 13 13 15 31
AA1WG1XZ0GYWH21-NmWEY4my5G9aKAKIE9,10,plain,none,mixed,1 1 3 6 9 10 13 14 17 26
AA1WL1Gw78A1KCbG6mXGGamaI3jb0eI28H,10,plain,none,mixed,1 2 6 6 7 10 11 14 15 28
AA1W48K4fmHKC2JY8m61eL4v0qrgiHu968,10,plain,none,mixed,1 1 5 6 8 10 11 12 19 27
AA1W2CXa1WGKbYsO408mHICWadup6We3YK,10,distinct,none,distinct,1 2 3 6 9 12 13 15 16 23
AA1WHABHKHGf8caiDW959Z2O90Hk781eAG,10,plain,none,mixed,2 3 4 5 5 7 8 12 27 27
AA1W8HhDl3II6Afg2W941054YCnRZd75iW,10,plain,none,mixed,3 4 6 7 9 11 11 11 16 22
AA1W92E4JZaSOp6OI3030Yv2f78YM4m41G,10,plain,none,mixed,1 2 6 7 10 10 10 13 16 25
AA1WHaKHfuGC8XYC6b02EKCH34N3FAoMH2,10,plain,none,mixed,1 4 4 7 10 10 11 13 17 23
AA1W33u0q56r3nt8A0qk42HaHK4JJA4E18,10,plain,none,mixed,1 1 2 4 7 10 11 16 21 27
AA1WbAm61S0XCC1vXK80C2GJm7KyA8P3KS,10,plain,none,mixed,1 1 3 5 6 7 13 16 20 28
AA1W0G20xPqiKAao-584WP9HbAGZ8IcC2G,10,plain,none,mixed,3 3 3 4 5 10 10 16 19 27
AA1WGYeYHuAXJABfb2G0Z7eSbu6Dj1OI22,10,plain,none,mixed,2 4 5 5 7 12 14 16 17 18
AA1W4X88caAKgmB5v1G4nLFbC6WLnme50Y,10,plain,none,mixed,3 6 6 6 8 9 11 13 18 20
AA1WKYhYiEGa28X5VGG5Io088HP9rIyev1,10,distinct,none,distinct,1 3 4 6 7 8 9 13 17 32
AA1W1sGO0W5GcoB5cIfHK59JCKqj7aY1O8,10,plain,none,mixed,1 3 3 5 9 9 11 16 18 25
AA1W8nG20jdeYHGwuD14GG3wUSaIf4O2H0,10,plain,none,mixed,1 1 2 6 10 12 14 17 18 19
AA1WK6W2GbCQRGc4yGaWI528oQ28I3_1X4,10,plain,none,mixed,1 2 3 6 6 8 11 18 22 23
AA1WXOg9emP29baS1WC0K8d7u6XIK1ez0m,10,plain,none,mixed,1 1 6 7 11 11 13 13 18 19
AA1W28C14Oify431OAIA0W4WD5DGL4WaCK,10,plain,none,mixed,1 2 4 5 5 6 12 15 23 27
AA1W4Wc2exLQGk6nEv858Z1u8Q8WE8ouCK,10,plain,none,mixed,2 3 5 5 7 7 8 9 25 29
AA1W2DGo60bZE4H2WGA8CpvTTi8X10e64m,10,plain,none,mixed,1 4 4 5 6 7 10 12 23 28
AA1WG8V5120Q4uHeA6470rbD4mK3OjSK4G,10,plain,none,mixed,1 1 3 8 9 9 9 14 18 28
AA1W0q5P68mahEvF489f2OH16B9LNI2o40,10,plain,none,mixed,2 3 3 5 5 14 15 16 16 21
AA1W24J2bHfTGQ4md06u9C8Wa4AIKBXg2W,10,plain,none,mixed,1 1 5 7 7 9 14 16 16 24
AA1W8134HgNHM410a2nCHXA2-D1H289aAW,10,plain,none,mixed,3 3 3 4 5 5 11 17 22 27
AA1WaZqH4AYaRY5bXI6255Ga2mWWRPi2mS,10,plain,none,mixed,1 1 4 5 5 6 7 17 26 28
AA1W210YAPGs9eD1KPbGZIHEAn0eA1XEI4,10,plain,none,mixed,3 3 6 6 7 8 8 17 19 23
AA1WWiqQyHHo2Id4i1G0Fcfc8XOc2neK50,10,plain,none,mixed,1 1 4 6 7 10 13 16 20 22
AA1W47eqCGQ4l7uaX4Gb1IaIIfaLoM4o54,10,plain,none,mixed,1 3 5 6 7 14 14 14 15 21
AA1W0JaeWv2We9heI64WF08bAMZ7ND4eai,10,plain,none,mixed,1 1 2 7 9 11 13 14 18 24
AA1WAIHBvPZ09N5afQXBXfyW310KGv1mGu,10,plain,none,mixed,1 4 4 5 8 8 11 13 23 23
AA1W8Gr6W80HazG5H290mA0aK958i-_GS4,10,plain,none,mixed,2 3 4 4 4 6 7 17 18 35
AA1W8aYgJ248IPJG4Y747WrPXwKEWq468W,10,plain,none,mixed,1 2 3 7 8 9 9 15 22 24
AA1WYCCjmeJhAGychc4015DYt2CY3Dor2K,10,plain,none,mixed,1 4 5 5 9 11 14 15 17 19
AA1WXdKBSAXGCL0OJq22p7f188c19BII1G,10,plain,none,mixed,3 5 5 5 7 8 10 16 18 23
AA1Wg0mA2epkLg0kGX20qYfQ6iHE3Gb4GA,10,plain,none,mixed,2 5 5 6 8 10 12 15 15 22
AA1W4HO51aJKf8nA0E21GJ4NAUL2ja87OY,10,plain,none,mixed,1 3 3 6 7 13 13 17 18 19
AA1W08048vSIYnX0NGaJYGKwH9Gf8nBDMA,10,plain,none,mixed,1 1 5 6 6 11 12 13 20 25
AA1WL2O28873Gv14ICZ105IIIqRu8X28Q0,10,plain,none,mixed,1 1 3 5 6 9 12 18 22 23
AA1W4GMgDTWfXEi22E1G2NIuddSqgYCHGK,10,plain,none,mixed,1 2 5 6 7 13 13 16 18 19
AA1WA0h0We54MaQCNc420L2CHPtLw4SH44,10,plain,none,mixed,1 1 4 6 7 10 14 17 18 22
AA1Weeg2whHWC6I-1OYYWK8L2L9hyWAaI1,10,plain,none,mixed,1 3 5 7 7 8 14 17 18 20
AA1WCXvKDXS9XRhEP8f29nP11H44H62mm1,10,plain,none,mixed,1 4 7 7 8 11 12 12 13 25
AA1Wa10c3Z0YK54aAXA6lprT8LHnFX141W,10,plain,none,mixed,1 3 3 4 7 11 11 14 23 23
AA1W4c2OQ7eXXYIBpa4I4kDA1pEMoF25oG,10,plain,none,mixed,1 3 6 7 8 10 10 12 17 26
AA1W8dZiJBGi70vD3a01jKKa68n54CoGr0,10,plain,none,mixed,1 4 4 4 4 8 11 14 25 25
AA1Wa1GZK4eu-IK45aG2Uar2OnPMHha708,10,plain,none,mixed,1 1 5 6 7 9 15 18 18 20
AA1W1GH0eqS3l21vHs828G5GaBMqLGHXLK,10,plain,none,mixed,1 2 2 2 8 10 13 16 20 26
AA1W41W38P2JPsD1W8nHA2Is8GgG50e724,10,plain,none,mixed,1 1 3 3 6 7 8 18 23 30
AA1W2KKYKKJJcP3a394mGY0GL3OQ6_948Y,10,distinct,none,distinct,1 4 5 7 9 10 11 13 17 23
AA1WGZbIJnHA9Jyo5WS0G4K50KggGaAun2,10,plain,none,mixed,4 6 6 6 6 7 9 15 17 24
AA1W12q7CEKI9M9CcAWSIXXaAEiwqX6Ao9,10,plain,none,mixed,1 3 5 6 10 11 11 14 18 21
AA1WGcCBI20O89JoY48b2gvc2mb5I2G5GQ,10,plain,none,mixed,3 4 5 6 6 7 11 11 19 28
AA1W6CMIsYB0yHKQ2Za8MaXCu99aEKg0a4,10,plain,none,mixed,1 1 5 6 8 8 9 18 21 23
AA1W2D4H9LNH28GsX2eGa7-mc6D7-WI4c4,10,plain,none,mixed,1 1 2 7 8 12 14 15 16 24
AA1W1450843oEiGjw0mo8U2eR2GYbZcOK4,10,distinct,none,distinct,1 2 3 5 6 10 12 13 15 33
AA1W4112fToWy20H4A260W6FHPHK5Y4Gia,10,plain,none,mixed,1 3 4 4 6 15 15 15 16 21
AA1W8XqYIP2WAUa5Sae53lGgAWXOCBy4XY,10,plain,none,mixed,1 4 6 9 9 9 10 11 20 21
AA1W5LBgLgHKYe8DYKaWmm45C6hs0W3HK2,10,plain,none,mixed,2 3 5 7 7 9 10 11 23 23
AA1W4OV30O994mDkQ0m1W618aaPYYYQJWW,10,plain,none,mixed,1 1 1 2 7 10 14 18 20 26
AA1W20Uiq4bqndmWK2WGoYK3WGYKb1Kb4m,10,plain,none,mixed,1 4 5 8 8 9 10 16 17 22
AA1WHfMGYmA0k4D1KPW2WI-P667GP2GXO1,10,plain,none,mixed,1 3 3 3 6 12 12 14 22 24
AA1WAYKbEN51E5HH4GG82We1UUOLU9P4o4,10,plain,none,mixed,1 6 7 8 9 10 10 11 11 27
AA1WI2mo0G87S4OhqO1H9IHAvsWC2GA0O8,10,plain,none,mixed,1 1 4 5 5 9 12 14 16 33
AA1WM60G28YiXL3jBOeGKg0W3YGXDXQB9a,10,plain,none,mixed,1 3 4 6 8 9 9 11 12 37
AA1W8H4eqT78XYNU41WL128X3DGKCM49G2,10,plain,none,mixed,1 1 2 8 10 14 14 15 16 19
AA1WOG41e51eBCfzZb00m4WWB0e4TEIHG4,10,plain,none,mixed,1 1 2 2 7 7 10 10 13 47
AA1WGc4eXuaHKY7D6GXY1wVWIA8c8GS7uy,10,distinct,none,distinct,2 3 4 5 6 10 11 14 19 26
AA1W4I22WS385XQOI2GHA5m60G0MF280Wm,10,plain,none,mixed,1 1 1 2 5 6 14 16 18 36
AA1WCIQWG3mP574KGYGEYYY08WYBXyQ1H2,10,plain,none,mixed,1 3 5 5 6 8 10 10 20 32
AA1W34R9WzB4er2eCYeYY8GPo82G4R0e2W,10,plain,none,mixed,2 2 3 5 8 9 14 14 18 25
AA1W0c12ZlxMQ8c2eCZKaCOovR0W96iuOW,10,distinct,none,distinct,1 3 5 6 9 10 11 12 21 22
AA1WA1F4Jkz4BYuq1Wa4WK8YK0yBPCaI44,10,plain,none,mixed,1 3 3 5 7 11 14 15 15 26
AA1WHAPc2nCeH0om62G4RZ4WKGiyNY4H18,10,plain,none,mixed,2 2 3 6 7 9 13 17 19 22
AA1W1RxGIDAaaN24oA82OOk3WkZB5n28IX,10,plain,none,mixed,1 2 5 8 8 10 13 16 17 20
AA1WD0c4MXOAux0K48H5142au1OGYYIgKW,10,plain,none,mixed,1 3 5 5 6 13 14 15 17 21
AA1Wa0UEcumT5RX4599X18AY7aYeeoIaK8,10,distinct,none,distinct,1 4 5 6 8 10 11 12 16 27
AA1W4P2GdOA0y612mG48PXKLK8Wm92HYWK,10,plain,none,mixed,1 1 1 6 7 9 16 16 16 27
AA1WHS8L0dLMiA951uXANA4GeGADCvQb90,10,plain,none,mixed,1 1 5 6 10 11 11 12 18 25
AA1WnWa9OX9AAC9uHH62KI3RabKiQPIJ04,10,plain,none,mixed,1 3 5 8 8 10 14 16 16 19
AA1W8d5agg0O410Oe8GCCYSJZ0O6DGoAKX,10,plain,none,mixed,1 2 5 6 6 7 9 11 13 40
AA1W48YadAAQ8V3f28AI0mBH2f5tY7G2Ca,10,plain,none,mixed,1 2 4 6 12 12 12 13 18 20
AA1WX468x8Gb0G1qYGW5AoRmY4eWi4MQgL,10,distinct,none,distinct,1 3 5 6 7 8 9 10 18 33
AA1Wi38Of5CHKP2eZ0Q0C294CdKWL0m4AX,10,plain,none,mixed,1 2 2 4 12 13 14 14 19 19
AA1WGiGCL1KCXYLI90m1NqOXbHc3mI2948,10,plain,none,mixed,1 2 6 9 10 10 11 12 13 26
AA1WG0s51JIZ2Y354mK0WCcrA9FSZYviL4,10,plain,none,mixed,1 1 6 10 11 12 13 14 14 18
AA1W3H44Y7H4aqY0G216mYB7OWW4cWmg4n,10,plain,none,mixed,1 2 2 4 5 8 10 14 23 31
AA1W0G1qW8CAYyPG840J3LJAY8n4CYat2K,10,plain,none,mixed,1 3 3 3 6 8 9 20 22 25
AA1W9I88fuN1Fn7ydb40W8tH52X1ndGP1G,10,plain,none,mixed,2 2 3 7 8 8 15 15 17 23
AA1WI2WgXJQ8a4WXCOYA2GK2JY20G1KEmX,10,plain,none,mixed,1 1 3 5 5 7 9 20 21 28
AA1Waa4Ncp9P4W9EdGY4dFbyXGIXAmS9WG,10,plain,none,mixed,1 3 5 8 8 8 12 14 17 24
AA1Wf3GZWxB4BAqGY4G0FSRZWO4OJ1K618,10,plain,none,mixed,1 3 3 4 5 9 16 17 20 22
AA1W4W46SlL1vEHCmYu8GX2G4mFKxOyI0e,10,plain,none,mixed,1 3 3 5 8 12 13 15 18 22
AA1W63m-2BXg2WKa_1KGXvWH18n42uaE10,10,plain,none,mixed,1 3 3 6 6 7 9 16 18 31
AA1W4Ki6BkZ14ewt30AmWuBmYicHQKY9A3,10,distinct,none,distinct,1 2 3 5 8 13 15 16 18 19
AA1WH1K9egJIWCYaq6G6GmZXG6UIWH8B2O,10,plain,none,mixed,2 2 5 9 9 10 12 15 17 19
AA1W6WZ50I2RKf1eUo21W82G1eXFHEIQ5W,10,plain,none,mixed,1 1 3 4 8 10 11 13 18 31
AA1WHCY5mKA4Ge2mLAgH4KY4ijb2G1Wa8Y,10,plain,none,mixed,3 3 4 5 7 8 10 14 16 30
AA1WG11XmA7GvWin20G9YAnIAKoCGX8J62,10,plain,none,mixed,1 1 1 6 9 11 15 16 19 21
AA1W4X6GrAe-xKB0q308G9R4F208E4G91a,10,plain,none,mixed,3 3 4 5 6 7 8 14 22 28
AA1W6WI2WY88XDaqYr438S3WneO41714Gg,10,plain,none,mixed,1 1 2 5 5 9 10 14 21 32
AA1WIPGLHCELG3WC2GK30Gw0eR1cH3ZY8H,10,plain,none,mixed,1 1 3 3 7 11 13 18 20 23
AA1W2Cvb4UXm9H8CXACYm5108v4e2172wG,10,plain,none,mixed,1 2 3 4 4 9 13 17 19 28
AA1W6LH2090Z86OmA98XIAIKA0X9F18eYh,10,plain,none,mixed,1 3 6 6 6 9 11 13 17 28
AA1WO0g4car4EgYmGCI11DZ4KWK9LALXiE,10,plain,none,mixed,1 3 3 4 6 9 15 17 20 22
AA1WY0bkaJ2CyXZpqy0a2MIPLnaIWpLMD4,10,plain,none,mixed,1 3 5 7 10 11 14 14 16 19
AA1W2L9MIgXQtWX2X0e4M_YwH57m2OFqC9,10,plain,none,mixed,2 4 5 7 7 11 12 14 16 22
AA1WmboIX28C8OiHbK4A3Cn3KgwLHt74WQ,10,plain,none,mixed,2 3 4 6 9 11 11 16 19 19
AA1W9WfwZS51818ebam9I856G4YbCs5me9,10,plain,none,mixed,1 2 5 6 7 8 10 19 21 21
AA1W4g4X5HDnYHIaCMO5A8XTWBeyQ9dCa4,10,plain,none,mixed,1 1 4 8 8 9 12 15 16 26
AA1WCM8n3O70T2OJ2GKC4Wa5WA09YC90GG,10,distinct,none,distinct,1 2 3 4 5 8 10 16 22 29
AA1WCAQ6bgQr510GX0e1HvvB1iANl68h10,10,plain,none,mixed,2 5 5 5 6 8 11 13 22 23
AA1W48w1N4bECcrIABI2127PyS5iWbucS0,10,plain,none,mixed,1 1 6 8 10 11 13 14 18 18
AA1WGA9KgvRXma2GGZ40GEpEmXb2IJWS0W,10,plain,none,mixed,1 2 4 4 5 10 15 16 16 27
AA1WE0T4LoCmc4eOj4a4H18CIQaoMi0n24,10,plain,none,mixed,1 2 4 4 7 7 9 16 25 25
AA1W4OA6nY8o28JAQOa8X4B9aqjcSWLWG1,10,plain,none,mixed,1 1 4 8 13 13 13 15 16 16
AA1W53y9Pes5PG234HKH2WZGpSDeY2HAYA,10,plain,none,mixed,2 2 3 6 8 11 12 14 15 27
AA1WX0N2nD9Zv1mE2-aX09218ACAf0qlA2,10,plain,none,mixed,1 1 6 6 7 9 12 13 22 23
AA1WGaKCYC78o7W8f181UATHeObuWWe60W,10,plain,none,mixed,1 1 5 7 10 12 13 16 17 18
AA1W1XR8Gc1s86IKeyH70o5bljReh0TWI0,10,plain,none,mixed,1 1 4 9 10 10 14 15 17 19
AA1W8eLFXWSycK1UIKW0mV4MKiAaCICKAH,10,plain,none,mixed,2 3 3 4 7 9 11 13 20 28
AA1W084AKG4m_gW91GY5X48Z8U8L1cafrG,10,plain,none,mixed,1 1 2 3 5 9 11 14 19 35
AA1W35G5HoeI49ZHIGKMa4ZR1KD4H2L0m6,10,plain,none,mixed,1 1 1 5 8 9 10 17 24 24
AA1W8eXAGQn9Xa1WI9I60S7_eUGG850q8A,10,plain,none,mixed,1 2 2 3 8 9 12 16 18 29
AA1WI0YKKXZ1XrIeuWGmtP38Ac4HdSuVY4,10,plain,none,mixed,2 4 5 7 8 10 14 14 17 19
AA1WHA4EOu8K8Ub2f4G28SJ1fGefkN-n18,10,plain,none,mixed,1 3 5 5 9 13 14 14 14 22
AA1W922S4uE928OJR4HA0nkIb2f2aSZMQe,10,plain,none,mixed,4 5 5 5 6 7 11 16 19 22
AA1W8YnE5o0mB1yJKIGCWYq0WWOa74aeRH,10,plain,none,mixed,1 4 4 5 5 7 10 13 20 31
AA1W2oP4I3eWC51G2OG70O_7EmG5oAfbJ9,10,plain,none,mixed,1 3 3 6 7 7 14 15 17 27
AA1W85a2OW6OInwAXg8YYRI2Gi78ufBL9M,10,plain,none,mixed,4 4 5 5 5 6 15 15 17 24
AA1WGGmAG9YoIaGH9im40TWl7fnnAHXslG,10,plain,none,mixed,2 3 3 3 7 12 13 14 18 25
AA1W6Gf6AGMA8uHg9KG105B9KKKJHYCm9n,10,plain,none,mixed,1 4 6 6 8 9 9 12 19 26
AA1Wq0W7cCGHtkafVWa5566eoCIzJ0s1mG,10,distinct,none,distinct,1 2 6 8 9 10 12 13 17 22
AA1WE4EHJJ1G6PDe3XGWQ55D28raJC25HE,10,plain,none,mixed,1 1 3 5 10 11 11 14 17 27
AA1W60i4w6zgJWg8z164GTC9IqAvXWPM14,10,plain,none,mixed,1 1 4 6 7 14 15 15 18 19
AA1WKg9OD6OrrHD5fZK2Xv4YAoMBXX0212,10,plain,none,mixed,3 3 4 5 8 9 9 15 15 29
AA1WKB9QELmG11G94uQA0Gi0WaUY59AFe4,10,plain,none,mixed,2 2 3 4 8 9 10 10 14 38
AA1WZLsMx4H4emWO1uC224V4O90Ebm18I1,10,plain,none,mixed,1 1 2 4 5 8 12 18 24 25
AA1WEX4958h6HIHIBKY8892eWa8MGe510G,10,plain,none,mixed,1 1 5 5 9 11 14 14 15 25
AA1WAo99ya2eE5Z8aK84n4uH45SR8-Bg0W,10,plain,none,mixed,1 2 4 7 9 11 15 16 16 19
AA1WJIbOX44K3KPvHoM0WSBouWG5WKWWoG,10,plain,none,mixed,2 3 3 6 7 7 11 12 16 33
AA1W8XYADghV1WHu38G80K1aMUYIOl53BY,10,plain,none,mixed,1 1 6 7 8 11 14 15 18 19
AA1W30XSMIBYGQmM4L4490MX9fKY2GfKKY,10,plain,none,mixed,1 1 5 5 10 10 13 17 17 21
AA1W2eTq18HmBD-qm91IXHKh8OL4JWY0oG,10,plain,none,mixed,1 2 3 5 8 11 11 18 20 21
AA1WJ1O999g2I18S3Gi708Y20G8iH2FIWy,10,plain,none,mixed,1 1 4 5 8 9 10 14 15 33
AA1W0u42WCSXZf3-dnY50d68Y5ZfH8SY08,10,plain,none,mixed,1 1 7 8 8 10 12 13 15 25
AA1W0I1OIH4XG658APKWa2KHyC1NAPYy9Y,10,plain,none,mixed,1 2 4 5 7 7 17 18 19 20
AA1W0MI9QWP-0S38Z24f3JaNO-XtIAWA3W,10,plain,none,mixed,1 1 5 5 8 10 12 13 15 30
AA1W50YwNJEGwnLBSmHGWgGeHLIJmU0496,10,plain,none,mixed,1 2 4 6 9 11 11 15 20 21
AA1WaLD926exa8fI5284AHTCN1WAfJ6o0i,10,plain,none,mixed,1 2 5 8 8 10 11 13 18 24
AA1W63nGyBGYOpmZq2HGhgYYK2g8UY84K5,10,plain,none,mixed,1 3 6 7 8 11 11 17 17 19
AA1WCYLqee4H8HqH30WGX6XGImQ7VKsXn8,10,plain,none,mixed,1 5 5 5 6 10 13 15 20 20
AA1W40HYN4o9Bg1I4mPIf979Zi8U2vqLE0,10,plain,none,mixed,1 3 5 6 7 9 14 14 19 22
AA1We2vA58m30MqALK684NMEf4rkHACH48,10,plain,none,mixed,1 4 7 8 8 9 10 10 16 27
AA1WGeyHw9YI8GZ1uB2GQmeb0O5m55aoeq,10,plain,none,mixed,1 2 3 4 7 10 11 14 14 34
AA1WO5PTnD-FIZeWo0G1kY99HKy452CAd8,10,plain,none,mixed,1 1 4 6 6 12 17 17 18 18
AA1WGhULE5no8HoGo14292HC8v1DiASq00,10,plain,none,mixed,1 3 4 7 8 9 9 14 17 28
AA1Wo1iJCaX48b5LC0W0L2mG5zmgio4GZ2,10,plain,none,mixed,1 1 3 4 7 11 14 14 20 25
AA1Wq5XI1GE0G1mCEX2I0Gw0oK8A0m90c4,10,plain,none,mixed,1 1 1 2 8 8 9 11 25 34
AA1WH189X6a12ILY3X950UZHz9P6GedA9G,10,plain,none,mixed,3 4 4 10 10 10 12 12 14 21
AA1WWC2SNa5DHPpH3mDA2eGIm40z4n8Wui,10,plain,none,mixed,2 2 2 4 5 9 11 18 22 25
AA1WCgc8XH43IuHcI2J104oIw1XsEoqaP2,10,plain,none,mixed,1 3 3 9 9 10 10 10 18 27
AA1W2ZaU5W7vGEIgQ58C11WWoj6doGY30e,10,plain,none,mixed,1 2 4 8 9 12 13 13 19 19
AA1WWY4GI6AOj2H21nYYaKEX7BnoDAI70G,10,plain,none,mixed,1 1 1 9 9 11 13 16 17 22
AA1WI18X8B2ybQ0ms48AAAmg9Icv70O920,10,plain,none,mixed,1 2 4 6 6 8 15 15 20 23
AA1W43ShIyb0X40WCn4A3WW12eCXMDIoE9,10,plain,none,mixed,3 3 4 5 6 7 10 11 25 26
AA1WH19HpWK2aE10m0C28IvOb8f99AGA7G,10,plain,none,mixed,1 1 6 7 9 10 11 12 17 26
AA1W68nCHS7WqwYs1080mA12iOH2216GI2,10,plain,none,mixed,1 2 2 3 8 14 15 16 16 23
AA1W4g58t9n2A8eYC1821Wr460O3FI-SW8,10,plain,none,mixed,1 2 4 4 4 12 13 13 16 31
AA1W97u65Hn6mPB2fmmOKBL99Y2v0m50Xe,10,plain,none,mixed,1 4 5 5 7 10 11 14 14 29
AA1WB07Wa4C1WDQZZqYG0Y4ambOgai6H42,10,plain,none,mixed,1 2 5 6 6 7 11 15 23 24
AA1WKGO90GgGaeuaIKXYaf5JMxPAXKK5Oc,10,distinct,none,distinct,2 3 6 7 8 9 12 14 18 21
AA1WB288vIAKjLBpUa828Oo8K0DKPeUJ12,10,plain,none,mixed,1 1 2 7 8 11 14 17 19 20
AA1W4jKHmnaiJwPfe40K47vP2cZaCII8r0,10,plain,none,mixed,1 2 6 7 9 9 12 12 19 23
AA1W6er6WqXxdg0ts0e2Wh60q30p0KCaIC,10,plain,none,mixed,1 2 2 7 11 12 12 14 17 22
AA1W8X8H2G2Gb8K3MQY4WcGW82HHwB9VBa,10,plain,none,mixed,4 4 5 5 7 7 10 10 22 26
AA1WBIadWWlc0W5I60eCI8Y0cgYZgKY4mc,10,plain,none,mixed,2 2 4 5 6 6 9 14 17 35
AA1W0y7WYIMIZu10G30X14CveA0W41WP1G,10,plain,none,mixed,1 2 4 5 5 7 8 9 22 37
AA1W4cAN8qDeC108XpYKKXC1Hm6W9DoU0G,10,plain,none,mixed,1 2 3 5 8 8 10 11 16 36
AA1We159dK48F4H2O916DHcIKN3O94mbIG,10,plain,none,mixed,2 4 7 9 9 9 10 13 15 22
AA1WIEJ1WBo9AcP870WYog3GC0ozCYah24,10,distinct,none,distinct,2 3 5 6 8 10 11 12 16 27
AA1Wa91LIXQD5kaK6WoY0IKKMNIGA19P0W,10,plain,none,mixed,1 2 5 10 11 12 13 13 14 19
AA1W8n6anAye50mfw348AoG3I4WdCS65m8,10,plain,none,mixed,1 1 3 7 8 9 10 11 15 35
AA1Wa6hKX8I5WQ0D0-8229kaWl5aOw2WA4,10,plain,none,mixed,1 1 4 5 7 7 9 12 27 27
AA1W1WK5gLIqUDaWI2W50-9n2HVG0YmH0e,10,plain,none,mixed,1 3 5 8 8 8 10 16 17 24
AA1W1H5uKYE2vwuRACIXMdkOi8XujpYXAG,10,plain,none,mixed,1 3 4 6 8 12 12 16 19 19
AA1W80X0gmf4mD2LC4G4eiDrHLxuOY2GL4,10,distinct,none,distinct,1 2 5 6 9 10 12 16 17 22
AA1W3C9Z8251UAA9Cn1860msHsHkDHn1P8,10,plain,none,mixed,3 3 5 7 7 9 9 9 18 30
AA1W3Hn0mU94G-7G9f0Y4IZ2fahJuKXm83,10,plain,none,mixed,1 2 6 6 7 8 11 11 19 29
AA1W2GA1a9KN2-ZqPa88em08O5KYOB8E0G,10,plain,none,mixed,1 1 2 5 5 10 15 16 17 28
AA1W10X4WBqVt4W40W350W30G-diHXH1F0,10,plain,none,mixed,1 1 1 2 4 11 14 15 22 29
AA1W0W4Ho5DYOrQXGL1HA4EP2F1eIZ49OW,10,plain,none,mixed,1 1 3 7 9 10 15 16 18 20
AA1W4H32T4mLSz6530O4HOEN6PGH1nmW16,10,plain,none,mixed,1 1 3 4 4 12 12 13 24 26
AA1WI2ZOQEIEIax_COW2GM9Y9XGaCGec98,10,plain,none,mixed,1 4 6 6 8 10 10 12 16 27
AA1W3Weh3rep5wtuH192JeIP4qGCf04711,10,plain,none,mixed,1 1 3 7 9 9 16 17 18 19
AA1W0XoMK1542GJYXI46HhKaYAaKcysD99,10,plain,none,mixed,3 5 5 6 7 7 15 15 18 19
AA1W58yvZ45W60W8M48AAH6IoaAZAa8Y0G,10,plain,none,mixed,1 3 5 7 7 9 11 14 18 25
AA1WIYdO9H4kpQaez1830DAIzY1aCZOe18,10,plain,none,mixed,1 3 6 6 8 8 10 14 22 22
AA1W0W50c4f3aKCaD1O2HM5G228G6ICHc8,10,plain,none,mixed,1 3 4 5 5 6 12 13 14 37
AA1W0u80FntezAP_aX88OI8Hj81Ayh8uGG,10,plain,none,mixed,1 1 1 7 9 12 13 15 17 24
AA1W0m847YnL4uXA8v121K90nMAnm-LOJ0,10,distinct,none,distinct,1 2 3 6 7 8 12 14 20 27
AA1W98lT2JHVP738d5820BIjA0foJ4OR0W,10,plain,none,mixed,2 2 3 5 8 13 15 16 18 18
AA1WK49aCYeKOX4CPWD4aI28ooMA2WGC4X,10,plain,none,mixed,1 3 3 4 5 12 15 15 18 24
AA1Wf1GC_6aIHiAW8WiWXO5n9NMYKQ0A24,10,plain,none,mixed,1 1 6 7 9 10 11 14 14 27
AA1WeLEMH56kirHa92Y2gH8YZC3GfwPAW4,10,plain,none,mixed,2 2 8 10 10 11 13 13 15 16
AA1WGI5HKiLKibGABY5AWmA9I0m5OKwu11,10,plain,none,mixed,1 2 3 5 8 8 11 18 21 23
AA1W9QLI-Nw8q8YCHWe8GIWev4E9HimI00,10,plain,none,mixed,2 2 4 5 6 9 12 15 21 24
AA1W2861AQJH0B1Ov688X62eO35Ao0Gw4G,10,plain,none,mixed,1 2 2 6 7 10 11 12 24 25
AA1W8o6CMHKDXaCdJ8X6H0wQRCG10I48GG,10,distinct,none,distinct,1 2 3 5 6 8 9 12 17 37
AA1W4GZaUCaKTlUWu1082fPZAEXa618cXa,10,plain,none,mixed,4 4 4 4 9 12 13 13 14 23
AA1W4Wm6Sqn04MPBKGa98P4maXGc6LBv52,10,plain,none,mixed,1 3 7 7 7 10 12 14 16 23
AA1WYQH8HQCX4F4810A0q4GWK53aLAXm00,10,plain,none,mixed,1 1 1 2 7 9 17 18 18 26
AA1W2OPf9YOY6jIyHY5GX8EgfOP5X4qC0X,10,plain,none,mixed,1 1 5 8 8 9 10 12 15 31
AA1W8MYv4Ax0FXULaaiX4ICcK2maMAiA12,10,plain,none,mixed,1 4 6 9 10 10 10 10 18 22
AA1WIIJY4GZCfYg2_808AM28I1C-WyBHiY,10,plain,none,mixed,1 3 3 5 7 8 14 17 20 22
AA1W0e80K82IWjawHH8B0s5ee6GazZa2CH,10,plain,none,mixed,1 1 4 7 8 8 12 14 19 26
AA1W1AH9nuKH0-4Ce08nE4N0N9UdKHaIYK,10,plain,none,mixed,2 2 3 8 9 12 14 15 16 19
AA1W0W4JRaSh93iOp2OGg2110A2OQXeL14,10,plain,none,mixed,2 3 4 6 7 7 9 14 20 28
AA1W34VY1yGz4IGWpW2YH9Fmk9KbOqjJ4e,10,plain,none,mixed,1 5 6 8 9 13 13 14 14 17
AA1WaKa8oy1GIkD8N2WL0Y8J84nH8caBXK,10,plain,none,mixed,2 3 6 6 7 11 12 15 19 19
AA1WL311VIsTnmo6Wz40X3JDm918n60l92,10,plain,none,mixed,1 2 3 4 6 9 9 19 21 26
AA1W52MjCHEOKGGC30fY6mNXixf6mKSK0H,10,plain,none,mixed,1 3 6 7 7 8 9 16 20 23
AA1W4Y4o1mD798H20WA9IIfL832uH8A1OJ,10,plain,none,mixed,2 5 5 5 7 7 9 14 23 23
AA1WXIZAY2KSeGIIuX20KPS1ZvUDJfVIaa,10,plain,none,mixed,3 5 7 7 7 9 13 14 16 19
AA1WP6G456P9BANI30eeIa2rGoCO6HID10,10,plain,none,mixed,1 3 3 5 10 11 12 16 17 22
AA1WK1zaf-ElK9Gi20G13Gv14gJAaLCa1G,10,plain,none,mixed,2 6 6 7 8 9 9 14 18 21
AA1WM10WHEKHXC0GJXG43W-O6cmmAOmK2u,10,plain,none,mixed,1 1 1 4 5 5 9 18 27 29
AA1WG1u10L8I3RJiee6GQ3oEeLr290k5PG,10,plain,none,mixed,1 1 3 4 5 9 17 19 20 21
AA1W4WLHY6WX8H2854a8PoJo6mY4A8W870,10,plain,none,mixed,1 1 6 7 9 9 10 11 22 24
AA1WeIYOIKILYfbWS3JI6267WFeC0Xe68m,10,distinct,none,distinct,1 2 3 7 8 9 11 14 21 24
AA1W1RK9HBj0L204ZX0aKJoO36Uk3k8b1G,10,plain,none,mixed,1 1 4 4 4 7 10 15 20 34
AA1W22e30OqLaIT2KGJbaYJg7rk040u184,10,plain,none,mixed,1 2 2 6 7 8 9 18 23 24
AA1W39AOugg2HICK50aAHaM5WeHaKvaeYG,10,plain,none,mixed,4 6 6 7 7 10 10 12 16 22
AA1WGc4LYqU99XIMJIIG4C70GG3r4I6H2W,10,plain,none,mixed,1 1 3 5 6 10 17 18 18 21
AA1WmX448a5D5EmM20WY08X2K9f4EZAPGY,10,plain,none,mixed,1 1 2 6 12 13 14 15 18 18
AA1WH1SE30O8hf1G6g29X0YAR9CDICIXSX,10,distinct,none,distinct,1 2 5 6 7 8 10 16 19 26
AA1Wa1G1m1mLBaS40G8HMaoYCn28AANT2K,10,plain,none,mixed,2 2 4 5 6 6 10 12 26 27
AA1W5ReWK5GgB6KXCG08wXXAB10CIZKXv1,10,plain,none,mixed,1 1 1 5 8 8 14 15 20 27
AA1W8YgMKg2GaI68KCW4H5fHAcNE54mC1Z,10,plain,none,mixed,1 2 4 5 7 8 15 15 18 25
AA1WHkK5Wg4H963P4WKGK2GYU6Uu0n62qA,10,plain,none,mixed,1 3 3 6 6 10 11 13 22 25
AA1W61xC0SpTHO4sGmG0mi2TFPT4MZHiZC,10,plain,none,mixed,1 2 2 7 8 9 14 16 17 24
AA1WGYYr0mf1GCZb5G8KHI2WgmFvnI4m-1,10,plain,none,mixed,2 2 5 7 8 9 11 16 16 24
AA1WAnI5G40XyiIXm-G0WA1oIA39ADA0e2,10,plain,none,mixed,1 2 4 6 6 7 7 18 20 29
AA1WYGEX4EInn8BPb0mmec2GI1Kbe2GA12,10,plain,none,mixed,1 3 4 4 7 7 11 11 24 28
AA1WX9GHbz-QR8bSQ0MAa2z8P9EqHGX150,10,plain,none,mixed,1 1 2 6 8 10 14 15 17 26
AA1WG8G84WGweV2N1WIeKY6ZuLaZcabYGa,10,distinct,none,distinct,1 2 3 7 9 11 14 15 18 20
AA1W6HI-90E4G1um61892GA6XEWT30KJ1K,10,plain,none,mixed,1 4 5 5 7 8 9 16 22 23
AA1WIiAXaZF1uND8Hn20qa5uW8bWHFAb14,10,plain,none,mixed,1 2 4 7 7 12 13 16 18 20
AA1W18AAJGH1GHHgSa8OB1Nm10p-9P8WK2,10,plain,none,mixed,1 1 2 4 8 9 11 14 22 28
AA1W5725X9CFWC4SGX4ICFIl4KYYed0O2G,10,plain,none,mixed,3 5 6 6 8 8 8 12 14 30
AA1WKAYAYmo50I1eBCI10vSeuxq4WF18D2,10,plain,none,mixed,1 1 3 6 8 9 10 11 16 35
AA1WWBw18sTkA-GYGWa2C5LSNP5i2X6_48,10,plain,none,mixed,1 4 8 8 9 9 10 13 18 20
AA1WK3WQh5fCXCCYzm50WfbHLOA1MGI2gW,10,plain,none,mixed,2 3 3 5 6 8 11 18 19 25
AA1W14GWhDPea62GCmcg0G8mL3MOP2II1G,10,plain,none,mixed,2 2 2 5 5 6 10 19 23 26
AA1W48IJX4c6QIiB1OKLICQ2mm1rL0Do2P,10,plain,none,mixed,2 3 3 3 9 9 9 9 22 31
AA1W48W62aKW854mGXC8X22OIR1UAP0850,10,plain,none,mixed,1 1 1 6 6 11 16 16 17 25
AA1W1GC4-79XeE2mGX84X44uwSJgASWG0W,10,plain,none,mixed,1 3 6 7 7 8 9 10 23 26
AA1WCaI628WM86Y42mI26uvpEmp9MEw189,10,plain,none,mixed,1 2 4 5 6 8 11 17 17 29
AA1WEGI46jstnY4860e0n41aKHmd80GM38,10,plain,none,mixed,1 1 3 4 4 8 13 19 22 25
AA1W9We5QCXm208B4KY48mA5GIIIYX4LXY,10,plain,none,mixed,1 1 5 5 6 10 11 12 13 36
AA1Wf4Koae70W20bim64I18D2jgHuA6GY2,10,plain,none,mixed,2 4 5 5 6 7 9 9 23 30
AA1W4T8QZJGQR2Y46a21UAWmcaks7pnn30,10,plain,none,mixed,1 1 3 6 6 13 14 16 20 20
AA1WI0W21mSApGYNA9ai5WAH0r8K2WR1ec,10,plain,none,mixed,1 2 4 4 6 10 13 14 18 28
AA1W149a21q1u9Y58Q0g1W6uaTZqibkjgA,10,plain,none,mixed,2 3 3 4 5 7 14 19 21 22
AA1WA10450K1LAXb8f761GE7YYW40WK2e8,10,plain,none,mixed,1 2 4 5 7 8 11 11 15 36
AA1W2H4N4oy1q1geD12I3G4sCcB9PDL6Wu,10,plain,none,mixed,1 4 5 8 9 11 11 12 16 23
AA1W5GJ40n9PGs10mK21071GysbGC1WQL2,10,plain,none,mixed,1 2 3 3 4 8 8 13 24 34
AA1W1Wh5GC1AYMLHCCCZKTWC4BPHe1Xcg4,10,distinct,none,distinct,1 2 3 5 8 9 10 11 21 30
AA1W9EfXIIibYX248Gq8baKsD4X518_IaK,10,plain,none,mixed,1 2 5 7 8 8 9 16 17 27
AA1W28UZ2H92IAAXK6WI9G7We5Wmk3mj42,10,plain,none,mixed,1 1 6 6 8 10 11 16 17 24
AA1W8XBHGq4HUafbrAb0eAP1MB0ekS0D7W,10,plain,none,mixed,1 1 3 6 8 12 13 13 20 23
AA1W2WMrMgqpIAYSgWA6231eIII3KmPW40,10,plain,none,mixed,1 1 4 4 9 9 13 19 19 21
AA1WXC53OiQoviLHWf442fHAwPmgoJWBa1,10,plain,none,mixed,1 3 6 6 10 12 14 14 17 17
AA1W0W50W6a8wdLPA0a6Gi5Wf4Wn4RYMq2,10,plain,none,mixed,1 1 5 9 9 10 11 12 14 28
AA1W18I3gDP39BGI9141OBCP48cAGucr0m,10,plain,none,mixed,3 3 4 5 10 11 12 13 17 22
AA1W82W6IHZ7e1CAaWWudfIE9AIoGY788j,10,plain,none,mixed,1 1 2 5 6 11 13 17 21 23
AA1W5Ue6POIYg91Gc0mXQ8b5A22KF18o1G,10,plain,none,mixed,1 1 5 9 10 12 13 14 14 21
AA1W80WM1Gt0ecNf9eK50ISdZJ8a38Q2mH,10,plain,none,mixed,2 4 5 8 8 10 11 12 13 27
AA1W60GeWgGy4QW70W48YSL1ifZ4SWKAHa,10,plain,none,mixed,1 2 3 8 8 11 14 15 16 22
AA1W5382WK1RAuNw89nH22o6CHOiGGY3Ge,10,plain,none,mixed,1 1 3 6 6 11 13 15 21 23
AA1WWOZ2Nux6LUCx2W81L4Yb8KHH2uC9JG,10,plain,none,mixed,2 2 4 6 9 10 12 15 16 24
AA1WGmM4eX4uR4XOB5G080W44xZ1RmYLGY,10,plain,none,mixed,1 2 3 6 6 7 9 12 18 36
AA1W1eC5WqiR4uc8H4GDHH8XWM3n6WG44G,10,plain,none,mixed,1 2 3 5 8 8 16 16 20 21
AA1W18F0mYo915dnIB14WI4W_EP4P44aY8,10,plain,none,mixed,1 2 4 5 5 7 12 15 24 25
AA1WGi26X950Uk4GAn21M4GZg2pJLVoD48,10,plain,none,mixed,1 2 2 5 8 11 15 16 18 22
AA1Wmd4V65XQCPZM2u982mWH8H1DS8q2P0,10,plain,none,mixed,1 2 5 5 8 11 12 13 19 24
AA1W0aqGXC9-9oEWZQGZ23R28XoAS8H4G5,10,plain,none,mixed,1 1 5 7 12 12 12 16 16 18
AA1WB0q50M0exsuP33GGY8Gk4A3nrXK406,10,plain,none,mixed,1 1 3 5 5 7 17 17 18 26
AA1WGSgGmfbb1UYS98m468fLLJ2NuKwFK1,10,plain,none,mixed,1 1 8 8 9 12 13 14 17 17
AA1W8Wr3sKIaXZ4O3WI4HO148J5HpH9H4G,10,plain,none,mixed,3 4 5 5 6 6 14 17 18 22
AA1W2WY978Oua50hAoE21m8Aoa0ZLMWIYY,10,plain,none,mixed,1 3 5 5 9 12 14 15 17 19
AA1W8Yu2to0KGUJ8IaZ619qJ8agQpnTHA8,10,plain,none,mixed,1 6 7 8 8 10 11 13 14 22
AA1WLIcqmG2SCCN50W8QHC1G490OX9U6GK,10,plain,none,mixed,1 1 4 5 6 7 8 22 22 24
AA1W8GXYqI9BHKYNo5GGGY6CeKXw9I4qGC,10,plain,none,mixed,2 3 9 10 11 11 12 12 15 15
AA1WB0W58yN4u6YjHn010G4yc154LB5Oo2,10,plain,none,mixed,1 2 3 4 7 16 16 16 17 18
AA1W2G8mL1ZIVb6m62mK0wSg5H6aH2Gj5G,10,plain,none,mixed,2 2 2 4 7 9 13 14 21 26
AA1W8ZlTxA4JsHBIfCeWC26XBaK-I18Xn1,10,plain,none,mixed,1 5 6 6 7 7 12 15 16 25
AA1W26Xg4mH053WQuOY6CIKBZeIgJ2KIK9,10,plain,none,mixed,2 3 5 8 8 10 12 12 16 24
AA1W18E1mN32KB5atI02eI3GG2f2dv1iH2,10,plain,none,mixed,1 2 3 5 5 7 12 18 19 28
AA1WQIXI6WaGX4hAL3480GcWty0W4eeZoI,10,plain,none,mixed,1 3 4 4 9 10 11 16 21 21
AA1W42xXGEsJPgB8I68CASaKmI4l21mY24,10,plain,none,mixed,1 1 6 7 9 9 14 16 17 20
AA1WoDSGx6dY44WO5t102nf2fIoqYiYm90,10,plain,none,mixed,1 1 5 5 7 10 12 15 20 24
AA1W5H6CGH55OfHgmWG4ep6LiVIZnO88GY,10,plain,none,mixed,1 7 7 8 8 8 11 12 15 23
AA1W4H0G503BGw0m514AWuSar6GG4OYaKo,10,distinct,none,distinct,1 2 3 5 7 8 11 12 24 27
AA1W4baGA42GY5DIf00SDbmg430k4hbTuZ,10,plain,none,mixed,2 4 4 6 7 7 10 10 17 33
AA1W0020iI9q0b1Nfu4AGr6er79VCBKqDa,10,plain,none,mixed,3 4 4 7 7 7 7 8 24 29
AA1W4OO5ms9E6zJfc102O42GfnBgd60Eb2,10,plain,none,mixed,1 1 5 5 8 10 12 13 22 23
AA1W892IBORZS410C9GC1WH36P8GB1Wy0Z,10,plain,none,mixed,1 1 2 3 6 8 9 17 23 30
AA1WO4cvIHXG8AXoTWm6LYGDCP3hGCEl4O,10,plain,none,mixed,1 6 6 7 8 8 10 13 19 22
AA1W60eA1fqkPuX7eYa4G75I1Q7870C1H4,10,plain,none,mixed,3 3 4 6 7 7 8 17 22 23
AA1W6XZKaO22e8LuZIM51DIaQeWo9kCGK2,10,plain,none,mixed,1 3 4 4 9 10 10 10 23 26
AA1WCJW20cV3mY1G59aWi9K8ESWo491aCY,10,plain,none,mixed,1 2 3 4 4 7 16 20 20 23
AA1W8X2APC5UJw10m6A2G43IqGXG8CXj68,10,plain,none,mixed,2 2 2 3 3 8 12 18 18 32
AA1WaAmL2gDCo51eB0S3CH684WIO28GF58,10,plain,none,mixed,1 1 1 5 8 10 14 18 19 23
AA1WaDaIWA0Xa88N2Wm978n0KHh9LDcWG8,10,plain,none,mixed,1 1 2 4 4 8 10 17 26 27
AA1W40IDkCpAZHg8g2GIR0KPWt0QH3alcG,10,plain,none,mixed,1 1 4 5 10 11 12 17 18 21
AA1W84218QRbi52CO10HKIauC210TJ4ica,10,plain,none,mixed,1 2 3 4 5 5 9 13 27 31
AA1W91YAiQ1G50k9IAG4naC4WK12cdWI13,10,plain,none,mixed,1 1 5 7 7 9 10 11 18 31
AA1Wa18-CWoiO1u308Q96Gi2Wq79AXeCQO,10,plain,none,mixed,1 3 5 6 6 6 9 12 14 38
AA1Wk1e4d6HAyAP428AK70r1A2KDKXU7OC,10,plain,none,mixed,1 2 4 7 8 8 13 17 18 22
AA1W8W60308UycXIAbKaanh8C20822Ub4O,10,plain,none,mixed,2 3 4 4 6 8 10 11 11 41
AA1WX0gHi4a3XSLav0i45LoMB40WiV492G,10,plain,none,mixed,1 2 3 5 8 8 12 13 21 27
AA1WC0eG91CHySWf3ya188OcWYS9IoIKA4,10,plain,none,mixed,1 1 4 6 8 10 14 17 19 20
AA1WC1JBJcDmeI1KHs28905qOg2QC8MWY4,10,plain,none,mixed,1 1 6 6 7 10 14 17 18 20
AA1W48WCNk5r2aACAaW6944Iv2eMA0LHk1,10,plain,none,mixed,1 1 2 2 10 13 15 16 19 21
AA1WGQ6-rYFHg1WWAQaG0WCAAIva8a9YGH,10,plain,none,mixed,1 4 4 4 7 9 13 14 18 26
AA1W41u5GO2aa2TBO8m2WA1EDRi4KIA8X9,10,plain,none,mixed,1 1 3 7 9 13 13 14 15 24
AA1Wa2X89I9AIyFU0X02KQGIP3fp8f4FqY,10,plain,none,mixed,2 4 4 5 6 11 14 15 17 22
AA1WP54ZLtMT3Wa2GWY26wL9H220e2lOA9,10,plain,none,mixed,2 3 5 5 7 7 9 11 18 33
AA1W1WCp0kHYqa8We10GvCKYcU0eJ18D1a,10,plain,none,mixed,1 2 2 8 9 11 12 13 16 26
AA1W6142WL2buei5mc40WI26KHb4hXWC1A,10,plain,none,mixed,2 2 2 3 7 10 11 18 20 25
AA1Wo0k2eg918EW92Z40i50WfuiAPa6Soa,10,distinct,none,distinct,1 2 3 7 8 9 13 15 16 26
AA1W2GbQ748c85XOD28A8fJ2DmL4gYOp2O,10,plain,none,mixed,2 3 5 5 7 12 14 15 18 19
AA1W142mnG9CP2AvXbCX3JAea4Hye628HW,10,plain,none,mixed,1 1 2 8 9 10 11 17 20 21
AA1W410u16j4BYzAKgLK1IIKc2eO5n26Ga,10,plain,none,mixed,4 5 6 7 8 8 10 12 12 28
AA1WKooLb4mZ4kXP4Wb8XO616X228c60m1,10,plain,none,mixed,1 1 5 6 7 9 12 14 20 25
AA1WD1uIn77Y8X0R2YAGY8ABngAb2o54H4,10,distinct,none,distinct,2 3 4 5 8 10 12 15 19 22
AA1W80g6WDhn2cI28s858K2yiCZOnCQKB1,10,plain,none,mixed,1 5 7 7 8 11 12 12 17 20
AA1W30H3W82RblL40i02OQ2GG2XenbLjBI,10,plain,none,mixed,1 4 5 5 5 8 9 13 24 26
AA1WYXME9XKauBereGc1CIaIF8GG2Yhb62,10,plain,none,mixed,1 4 6 7 8 12 12 13 15 22
AA1W4O92mZaVRAZLQP04WC2e1gE8J1In94,10,plain,none,mixed,1 2 6 7 7 8 11 11 16 31
AA1W9KMRGH28L28O91XG60e63mHQpe58eG,10,plain,none,mixed,1 2 4 5 6 8 8 11 20 35
AA1WAYOcji6YFH18H1A92ecvGG5mmA9I18,10,plain,none,mixed,2 2 6 8 8 10 10 10 22 22
AA1W0rAKZe4c-vp0KnPIaGqfAHAGikI0e4,10,plain,none,mixed,1 2 4 5 9 13 14 14 18 20
AA1WA1NGU059NAWi5L561HM8r62iJCI9CW,10,plain,none,mixed,2 4 5 7 9 9 12 12 15 25
AA1W40y4CIH5WioY8i0AGd2u6gYqaYhOB2,10,plain,none,mixed,1 2 4 4 7 10 10 19 21 22
AA1W0WH96W1GaWpqjWX9Wl9ACUdoaCqb2f,10,plain,none,mixed,1 1 4 6 9 14 16 16 16 17
AA1W9X1GA5kBWSDLSr8G2t0YmIwbqZ1OKO,10,plain,none,mixed,1 1 4 5 8 12 13 13 20 23
AA1WOHuE0O3ntPX1e8W0u4X1HX38Yaq1WH,10,plain,none,mixed,1 1 1 5 7 8 10 19 22 26
AA1W308mYAYJICGK4eoOYq1WG3qXO974GX,10,plain,none,mixed,1 1 3 4 9 10 13 16 18 25
AA1W2GS45G2Q6Gi3nAC61NA0mU4GIKN5OG,10,plain,none,mixed,1 4 4 4 7 8 9 17 21 25
AA1W1C49QuRJXCBWq0WWI1PXY61Gq2WA64,10,plain,none,mixed,1 2 4 5 7 8 11 16 16 30
AA1W0AG428f0g5WKAG1cKIUJHOj2XqAYCG,10,plain,none,mixed,1 1 1 10 11 12 13 15 15 21
AA1WHWC18A61GKEm61MWK41GJ5WeL0f924,10,plain,none,mixed,1 2 2 4 7 8 11 14 19 32
AA1W0M2JQaGCIENe208HKSDHg8YJAWqCZK,10,plain,none,mixed,1 2 2 5 5 8 13 20 20 24
AA1W0iGaJ0KrORoCGaWYZDJ3a2k9oQeAbK,10,plain,none,mixed,1 3 5 8 9 9 10 13 14 28
AA1WCH2e8Y2rsI_k4ObAYAHLK5040GXOm8,10,distinct,none,distinct,1 3 4 5 7 10 12 14 18 26
AA1W4eW26r3X43baCvO5HC5WoQee2j1eGX,10,plain,none,mixed,2 3 5 8 8 10 13 16 16 19
AA1WA99HGY5Qo7n84We1WCQXICbu3OKJ0e,10,plain,none,mixed,3 4 4 7 9 11 14 15 15 18
AA1W15BJSsYnA2NSRCAIb3uXP7BCA16WP0,10,distinct,none,distinct,1 4 6 7 9 10 13 14 16 20
AA1WGX8128J0K292GM4Y4HeJ4OZmY091WC,10,plain,none,mixed,1 1 1 2 7 8 13 22 22 23
AA1W1K4hWuViGK2Ge1455xiEIvs0Q6XKAH,10,plain,none,mixed,1 3 3 5 8 9 10 14 15 32
AA1W50q5m80mwCx4Wa410A1m4AdCcXeOZ8,10,plain,none,mixed,1 2 5 7 7 8 11 12 16 31
AA1WG0X2GQ8H9IBeY10Wy4XKrMPU50eJ64,10,plain,none,mixed,1 1 2 8 9 9 10 18 20 22
AA1W1m84jDeayfXwdYW8mJ2HOQZP467G8X,10,plain,none,mixed,1 1 3 4 8 12 13 18 20 20
AA1We5061aveL2G8QmPYAXIJ1K9-98I3ea,10,plain,none,mixed,1 4 4 4 6 7 10 15 24 25
AA1W5CVB8D28CHYCgKIXI9GP0e2oQ4YK0G,10,plain,none,mixed,2 3 5 5 6 6 9 10 18 36
AA1WC9CAQKAWf2WckI08P049ojlIfIKAE9,10,plain,none,mixed,1 1 6 9 10 12 12 13 14 22
AA1WHKCXAwaAYnpee4X35c2GL9GgX64V09,10,plain,none,mixed,1 2 5 5 7 9 11 17 20 23
AA1W2E40Ws6gIA9fUA4X28ZKHeaNYD1d8C,10,plain,none,mixed,1 4 5 6 9 9 10 12 17 27
AA1W18O2Wm916iOXCIW0W818c9EfJ9H8r8,10,plain,none,mixed,1 1 3 9 10 10 11 14 14 27
AA1W4OI4hg0WatYICae4ee8GXooOUegPaC,10,plain,none,mixed,1 1 5 9 9 11 12 12 16 24
AA1W241eL6BhgH2830m460pMAoQXI30N68,10,plain,none,mixed,1 1 1 7 8 12 13 13 22 22
AA1W738kprJgmY8IYKHWt814eI4WI208eS,10,plain,none,mixed,1 1 2 5 10 11 12 15 18 25
AA1WLXKJ1kNh2eWD1091W8-14YXaoXA6G5,10,plain,none,mixed,1 1 1 5 9 10 14 16 21 22
AA1W5I4fH4AWN2uGu048I3mCp6OHw94o64,10,plain,none,mixed,1 2 2 7 7 8 12 16 21 24
AA1W2WK30-njBeb2KiB1GZ60Y88XH5VaK8,10,plain,none,mixed,2 3 3 3 6 11 14 15 21 22
AA1WaIHBgIQp8aaffG554XP8Yb1OJfqeu1,10,plain,none,mixed,1 1 6 7 8 11 13 17 18 18
AA1W0Ao4Gyg19uiogGHaaPIgcuXG514WeH,10,plain,none,mixed,1 1 6 6 6 10 12 19 19 20
AA1W1YXe4HHHC750PcGGYZYFCf4b5KnaB1,10,plain,none,mixed,1 3 4 4 6 8 14 16 17 27
AA1WHBHH892GobD6PI9912GC6Ysk0W25i0,10,plain,none,mixed,1 3 5 6 6 7 9 13 23 27
AA1W68XA4mD1KjFbG8a9Ga4hJn0m3W30Q8,10,plain,none,mixed,1 2 2 6 7 9 9 15 18 31
AA1WgDGCXeL3G6OcfGAHG94AQ0cSvq8WWC,10,plain,none,mixed,1 2 4 6 8 13 14 14 15 23
AA1W4XO5Wv3KeLF_G402GD0M4ML4YJKSIC,10,plain,none,mixed,1 4 4 4 5 7 13 15 21 26
AA1WKC9ZYd4Znig9WyY4Dk204kEfDwoQ8W,10,distinct,none,distinct,1 4 5 6 7 9 10 13 20 25
AA1W4WPBf9PIn8ue6mX40W52Sn9Ium96q3,10,plain,none,mixed,1 1 3 5 9 9 13 15 19 25
AA1WC2S2WPYo32LyfX7KgGZ0SZJ4a9KE88,10,distinct,none,distinct,1 2 5 7 9 11 14 16 17 18
AA1W20z19HdKoTIG97491XDGao5UaAWGaa,10,plain,none,mixed,1 1 3 5 7 14 15 16 19 19
AA1WaGb50e336DaYQrGb0l6Wo70QIqDY2G,10,plain,none,mixed,1 3 7 8 11 12 12 15 15 16
AA1W810KGhAH6PIuc4WGY693aCfI7WaG3W,10,plain,none,mixed,1 2 4 8 8 9 10 14 20 24
AA1W0Ze64BWbOSJBYI8eKBGKGBZFl99CX2,10,plain,none,mixed,1 3 7 7 9 11 12 13 14 23
AA1W108uX8CThwWgGZ4I14HOE60ywKUb4W,10,plain,none,mixed,1 2 4 6 11 11 13 15 15 22
AA1W8MI1no92FSRXO8YOD1R6hu1WP2G4em,10,plain,none,mixed,1 2 6 7 7 8 11 14 16 28
AA1WI38658H0qq9X3WI8WeMdMXNH2GB1G4,10,plain,none,mixed,1 4 4 6 10 10 12 13 14 26
AA1WaaGKAIC94DIAQWq0A14mVzL8eHQE20,10,plain,none,mixed,1 3 3 5 10 13 13 16 17 19
AA1WHIIS9SBQH20GU6G919IH1OKG80WI1e,10,plain,none,mixed,1 2 5 5 6 8 9 16 21 27
AA1W48G2mL8HiB5gE8X0m40Wndeo5Yq8KW,10,plain,none,mixed,1 1 5 6 6 9 11 16 17 28
AA1WeWY8P0O1GFOe9I4aWa2kQ2W80i59I6,10,distinct,none,distinct,1 3 5 6 7 8 10 11 13 36
AA1W185DAHXciqYHHCa0eXA2GPhhq4LYem,10,distinct,none,distinct,1 2 3 4 11 12 14 15 17 21
AA1W698dmU2AAgD1e20J9K9l40cO52874I,10,plain,none,mixed,1 3 4 4 6 10 10 15 22 25
AA1W418s6O5Od7YiXe34w4CNYcdO28B4G8,10,plain,none,mixed,1 3 3 7 7 10 11 16 18 24
AA1W66Gz1vis68Wy88WCaCBY3gYo2Wg4H3,10,plain,none,mixed,1 1 2 5 8 11 13 14 21 24
AA1W39-hlY5CUho-28AM144KER03CKmyOI,10,plain,none,mixed,2 3 5 7 9 12 12 15 17 18
AA1W8X84OTQ3l9FHh082eI5YXF9Es38I0Y,10,plain,none,mixed,2 2 6 9 10 10 12 15 17 17
AA1W4CeaCnEobqcAn0CX0X70OeaKIQcM48,10,plain,none,mixed,1 1 2 10 11 13 14 14 15 19
AA1W18KoWYX398XSQ0W3Bv6GXCCaXH854m,10,plain,none,mixed,1 1 2 5 9 11 15 17 19 20
AA1W4Wd7wu1G81c4LI24eZ8n64g5HH2c1m,10,plain,none,mixed,2 2 3 7 8 8 10 14 23 23
AA1Wo0g5Y90Y8XTrmK464v8H6WK4cd790g,10,plain,none,mixed,1 1 2 6 8 11 14 14 15 28
AA1WCGY2d4o28p7w9Qe2H84T4OQvKY4082,10,plain,none,mixed,1 2 6 7 8 8 9 15 18 26
AA1W60G0WASc4cyqF4G28A4GHb2fTI8SZe,10,plain,none,mixed,1 1 2 5 10 12 13 14 16 26
AA1W3WH4cOf3RRs892K2H46u4OWnfA4I48,10,plain,none,mixed,1 2 2 6 8 12 12 15 16 26
AA1WA999H9HBvHHYL6e0015mG3aK8H2P28,10,plain,none,mixed,1 1 2 5 9 11 12 16 19 24
AA1W0nbEf6jIOWbVPaW70d7aBFIaJCo8a2,10,plain,none,mixed,1 1 5 6 7 14 14 15 17 20
AA1W2KXy9SH6aek4WG4W9INWmj18717eYC,10,plain,none,mixed,1 3 4 8 8 12 12 13 14 25
AA1W0Wq4b9bH5YIx8OW7148HxXYARY4NB5,10,plain,none,mixed,1 2 6 8 10 13 14 14 14 18
AA1WWWq30aSXYIA9oGe3SPa48TCcySJX42,10,plain,none,mixed,1 3 5 5 6 7 17 18 18 20
AA1W4G94Keax9lCWaW44XP89LnM6EHHqAb,10,plain,none,mixed,3 3 3 4 7 12 15 15 17 21
AA1W2mOh28IpWK6WI9XGR5I98AOWa4G40Y,10,plain,none,mixed,1 2 3 3 9 10 12 14 15 31
AA1W78Xe8vYaOOWO2GeL188ZC5j86uR30u,10,plain,none,mixed,1 2 4 4 10 13 14 14 16 22
AA1WHPuZI2mX26b6OGf2ZYoADWX8HAxWe4,10,plain,none,mixed,1 3 5 7 7 9 11 13 20 24
AA1Wa10u3OLGNzCaIoWe2AIau6vS2W96Gc,10,plain,none,mixed,1 3 4 4 7 10 10 13 19 29
AA1W1mD1Wa18NmbcG2010A1mEDXq8ao5c4,10,plain,none,mixed,1 1 1 3 3 6 14 17 21 33
AA1W11O4g1WI4Ma5Soe0Ws8l6n44GfHCJ4,10,distinct,none,distinct,1 2 3 5 7 10 12 13 20 27
AA1W88eYFw2BXfjbqe8H0XBKeRejuF9zC8,10,plain,none,mixed,1 1 6 7 9 13 13 15 17 18
AA1W30N20GIEgNDMhmY30L48a6CQWg4ZYW,10,plain,none,mixed,1 1 4 6 7 10 11 16 22 22
AA1W4WtwybQXCe0W40H8YeB3ai8G310W0X,10,plain,none,mixed,1 1 3 5 7 8 10 12 15 38
AA1WGQ38HFcAXdreI145GSGuY30d98aP0G,10,plain,none,mixed,2 2 3 6 7 10 13 16 19 22
AA1W1OIDMSuefa6sBo49GKCQI9cf2Haa89,10,plain,none,mixed,1 2 5 6 9 10 12 18 18 19
AA1WWgaI3cODEaCUY2G0KHe48TYgMnA7a8,10,plain,none,mixed,1 1 3 8 9 12 13 17 18 18
AA1WYGUGI3GIIKyhZ1WX0DIgKJS1Ga8CG8,10,plain,none,mixed,1 1 4 5 7 8 13 15 17 29
AA1W4Wmms4cnIK8XeGXGuqJ2Jb2GI5WnU2,10,plain,none,mixed,1 3 3 8 9 10 11 15 16 24
AA1WWY5yKZX_T8rqZ0aGieE2o2eA4UKf28,10,plain,none,mixed,2 4 4 5 7 8 11 12 19 28
AA1W66-A9OD6GfArL14XYGZkH4bUGi2GH8,10,plain,none,mixed,1 5 7 7 9 10 11 13 13 24
AA1W3Wx840crUyfnaGA11F9QHbQL1aWHK8,10,distinct,none,distinct,1 2 4 5 6 8 12 14 15 33
AA1Wc5SI4W6JQfP1290KX8J4FBuas0m0W9,10,plain,none,mixed,1 1 2 3 7 8 13 18 21 26
AA1W40GK5GH2ZeOAB8Yyc8-6Vumb2GI0eM,10,distinct,none,distinct,1 2 3 4 5 9 11 18 19 28
AA1WKIGLnZQzKoA8I4G48qPAXiB68YiZb0,10,plain,none,mixed,1 2 3 7 12 13 13 14 14 21
AA1W50fz1iJwHC18eJ1823DI45W4gKIaE8,10,distinct,none,distinct,1 2 3 4 9 10 13 14 17 27
AA1W30D_Zw9IfHBTWv88237QS6cI8i2gB0,10,plain,none,mixed,1 2 7 7 8 12 13 16 16 18
AA1W20KqWo6IUUc4Gv78Y2AfOKX8A4Cer4,10,plain,none,mixed,2 6 6 7 9 11 13 14 14 18
AA1W89044G8CQZE8fK2M34OJnE8L1GA34a,10,plain,none,mixed,1 2 4 5 5 6 11 12 22 32
AA1W18j8a40HEPLX4KX6PKB22Wa4o0u0w0,10,plain,none,mixed,1 1 1 2 6 10 14 17 21 27
AA1WKD2Po838a8Gh6a2E7nECz48IGXVYmY,10,plain,none,mixed,1 2 5 5 5 7 11 16 19 29
AA1Wm7nUEU108IDX4n1OWYXn9Xmg8HX8SA,10,plain,none,mixed,1 2 2 3 5 9 12 19 23 24
AA1WmYmH6GmgI9YAaKJ84IHY8XVwd0C28W,10,plain,none,mixed,1 1 7 7 10 11 11 14 16 22
AA1W2WS32aA1GI8Xa88Enr38XCaaSf58f8,10,plain,none,mixed,2 3 5 5 7 10 14 17 17 20
AA1WYsq72AnEm6GGag142BgLI8vPH8AirK,10,plain,none,mixed,2 3 5 7 10 12 12 13 16 20
AA1W2JC1WE1WCnwhY99WaBGi4Wq54Lc50W,10,plain,none,mixed,1 5 6 6 7 9 10 11 11 34
AA1W31A5Os3eMLDGg28WC4XAC5bLb50N14,10,plain,none,mixed,1 5 7 7 7 8 8 11 21 25
AA1WKIKAXQAf58w0n120G1Gx2uGIEEDSZ0,10,plain,none,mixed,1 2 4 5 5 9 10 11 22 31
AA1WK4yab84QFTGr79SC402XvWI4kqfai8,10,plain,none,mixed,1 3 4 4 7 9 9 12 21 30
AA1W8ZwJfY4P0a7WA1610AfYweK18F1Q0W,10,plain,none,mixed,1 2 5 6 6 8 9 9 17 37
AA1W40B22u2MIo18HPCA1K4uWi74aSYHCA,10,plain,none,mixed,1 1 2 6 7 10 16 17 17 23
AA1WIH9nAGC55JJel4KB22rY1MtO3e4X1G,10,plain,none,mixed,1 4 6 6 6 8 14 14 17 24
AA1WI1K9Xu41k5509Gi0W2WIzOYaAKBYKI,10,plain,none,mixed,1 3 5 5 5 8 8 19 22 24
AA1W2G91CyqIcewJ9288eT4GjAipA0aWL8,10,plain,none,mixed,2 2 2 5 8 9 12 18 20 22
AA1W81383Ng1Gs7y_fW91n32CGh1OYXeEY,10,plain,none,mixed,1 2 3 9 9 10 12 12 17 25
AA1W30eZAKkXn10EGK0IHZ4GAqHA9HSBQ3,10,plain,none,mixed,2 3 4 4 8 11 15 16 18 19
AA1W5WK6YaiZfL4CmaY60KDP3mn6g0L2WC,10,plain,none,mixed,1 1 6 7 8 11 15 16 17 18
AA1W89CHICUN058mA1091GH2hIQaf2eB5K,10,plain,none,mixed,1 2 5 8 8 11 14 15 16 20
AA1WG40S7BArEHh40m8BMY9I48Xq99X5H6,10,plain,none,mixed,1 5 6 6 6 8 11 14 18 25
AA1WQ041eHocgg8iga80WYZGL3TEofmD34,10,plain,none,mixed,1 1 6 7 9 10 10 12 16 28
AA1WaGX85098i5IeCX9aX48II0e54mzcAW,10,plain,none,mixed,1 3 4 6 8 8 11 14 15 30
AA1WK1XN0AaYf9ObOm2CnMpeIDYi30j9NG,10,plain,none,mixed,1 4 6 7 7 8 10 15 19 23
AA1W534k0Z4aJ9IgDO5I18vs9BY4n8uAOe,10,plain,none,mixed,1 1 5 7 7 8 8 14 20 29
AA1WA0G38oQZ95yY6H64WY1KZfGPQhvI14,10,plain,none,mixed,1 2 5 8 10 10 11 17 17 19
AA1WI0kGKZGI2TCswqW8WYylgWi4Ha98Xe,10,plain,none,mixed,1 3 3 7 10 10 11 12 15 28
AA1WC1P18J4EAPL6OW930M2AOr58AfJ6CG,10,plain,none,mixed,1 3 3 4 5 10 13 16 22 23
AA1WeJ2L4qX052eH28SY1Wa2W80iVgH288,10,plain,none,mixed,1 1 2 6 6 8 13 14 16 33
AA1WWK18omE080jO90G4gdSuKCXJ9Y4uX8,10,distinct,none,distinct,1 2 4 5 7 10 14 17 18 22
AA1W8C1fDcXj0I1aDLYGE8mWuFfnIJ6KXK,10,distinct,none,distinct,1 3 4 6 7 10 14 17 18 20
AA1WGAIgJzP8buT0a4GI9OIXA6CGg4eiX4,10,plain,none,mixed,1 4 5 5 7 8 10 13 21 26
AA1W5CyGX8s0t2m2WY4qGHS2WX2a8aMYWC,10,plain,none,mixed,1 2 3 3 3 8 13 15 21 31
AA1WY4eX33QRkDXpAK4031HBZkDK20D8mK,10,plain,none,mixed,1 5 6 7 7 7 10 14 19 24
AA1W64fWG4X1HWY8EACi2SJQ20CRLZ9HCQ,10,plain,none,mixed,1 2 4 5 7 8 12 12 14 35
AA1WF0O58X289IKLga891E8L1K8SOh4PWY,10,plain,none,mixed,1 3 5 5 9 10 11 13 19 24
AA1W4X98XPZbdaaIXGA48m6483XAx0q57G,10,plain,none,mixed,1 5 5 5 10 11 13 13 17 20
AA1W99G8MyX6YX0918I4X861m579NZS8j4,10,plain,none,mixed,1 3 4 9 10 12 12 12 13 24
AA1WL2YIAc8fp2OH20KH2850eQ05WjKM16,10,distinct,none,distinct,1 2 3 4 7 9 10 14 21 29
AA1W0e2aIeKcmrGQ208J14108HYRUN21aC,10,plain,none,mixed,1 1 2 3 7 10 11 19 22 24
AA1W4226DI1085JC2eCKZ4uMaT0h5Weua7,10,plain,none,mixed,1 1 4 6 7 10 15 18 19 19
AA1WA1CtaGIWO4G230bAYqCZaLCYFSAWa5,10,distinct,none,distinct,1 3 4 6 7 8 9 12 24 26
AA1W2WX7F-4SBIIHd4e6H84H2cAP4L2jmW,10,plain,none,mixed,2 2 2 7 11 13 13 15 17 18
AA1W50m61Auika50aXq10Z2Pa6ToDH860m,10,plain,none,mixed,1 1 5 5 6 7 14 16 18 27
AA1W08FLGWI4OB5TM3mAXQLAYC1GWI4eZ2,10,distinct,none,distinct,1 2 3 5 8 9 13 15 20 24
AA1W1AfbAovH5F2W2G86JIWaeXLb38HAKA,10,plain,none,mixed,1 1 6 7 12 13 14 14 16 16
AA1WH9e2WK3GGCKaYGH0O4WY8nKON0-2CG,10,plain,none,mixed,1 1 2 5 7 13 13 14 15 29
AA1W48G3kYgkS328aI81927uFjXGHPpAMY,10,plain,none,mixed,1 5 5 6 8 12 12 13 14 24
AA1WA2UBmc8SAIWy4Y9208mfrAHSWPfaCG,10,plain,none,mixed,1 3 7 7 8 9 13 13 15 24
AA1W0eOMca9fKAFeE2W8WYGgbCCsmWi5aG,10,plain,none,mixed,1 2 2 7 10 13 13 15 16 21
AA1WcIoIIYZ0K5EEmH26CaGg4D087Ga0mA,10,plain,none,mixed,1 3 4 5 5 7 16 18 19 22
AA1W0OIV2A0mATfOKWa4udP2A8a2sMS8b8,10,plain,none,mixed,1 1 2 8 9 10 10 14 18 27
AA1W0O81qWOAhDZlkI4AWt58m892o5RnYY,10,plain,none,mixed,1 3 5 6 6 7 8 18 23 23
AA1WWaH8KKXbNKgnD8G0ZSQG91dtwZ8I61,10,plain,none,mixed,1 3 5 7 7 10 13 13 15 26
AA1W96On2MkN88KHKC0X1tXaaYxX79P1eD,10,plain,none,mixed,2 2 4 5 6 8 14 15 22 22
AA1W8GXF0W42GgDSIKH2GR172IH4GI6mi8,10,plain,none,mixed,1 2 3 4 7 8 11 11 25 28
AA1WD2GpdSLMG8158OaI8fe8fd4GG1dAXH,10,plain,none,mixed,2 4 5 5 6 7 9 16 16 30
AA1W4P42JYiPGGqA94O60d9UGQ29Hs234e,10,plain,none,mixed,1 1 1 8 9 12 13 16 19 20
AA1WHPYL1ZS1EegJXW848kx1CZaQQR47LG,10,plain,none,mixed,1 1 5 7 8 9 11 16 19 23
AA1WIbf64iyH2eB1G9796KKyGa3We4XX20,10,plain,none,mixed,1 1 4 5 7 8 8 13 19 34
AA1WKdSZNyJR122XcX46aNPCuBi2IHmK2E,10,plain,none,mixed,1 3 5 6 6 7 11 15 18 28
AA1W4GYAGaXswufT6DA48433JD2rJJW992,10,plain,none,mixed,1 3 6 7 9 10 13 14 14 23
AA1W8IMDXg28H6LYeM0W46mwY97aaZa18X,10,plain,none,mixed,2 2 3 3 5 8 11 18 20 28
AA1WC4XGBH7HP89H2G8WY4KdMCm948X6KK,10,plain,none,mixed,1 2 2 5 6 7 14 17 21 25
AA1WW4IXAKWcKd0GE1W1Xm91A8kql50u60,10,plain,none,mixed,1 2 2 3 6 7 13 16 20 30
AA1W8MivtH9eu6D298G4K64sH0fndLQJp1,10,plain,none,mixed,1 2 6 8 8 10 10 10 17 28
AA1WGw5GaapIg28K52a291D1e3Ga5y852a,10,plain,none,mixed,1 2 2 5 7 8 13 17 22 23
AA1W20QYIf6IUPGaQI4M1m0mDBwagbBDWi,10,plain,none,mixed,2 3 4 8 11 11 11 12 14 24
AA1W4WdA8aYG2InM30aEH29o8T8O3RygGI,10,plain,none,mixed,1 1 6 8 8 11 11 14 17 23
AA1WO8L84DGI15X4uGIYDo9FDvD8aZAV8H,10,plain,none,mixed,2 2 6 8 9 11 12 14 15 21
AA1W2840WGPqIlCY2Y86Ge38r7TiggcHc0,10,plain,none,mixed,1 1 3 7 7 10 11 12 23 25
AA1WKIabeg2eWH6918A8I61WC7WCK5G6BK,10,plain,none,mixed,1 1 4 4 5 5 10 16 23 31
AA1W8a48fA9Ww4mc6GgG60m1GA9B8JuH18,10,plain,none,mixed,2 4 7 7 7 8 9 13 14 29
AA1Wo0I8DAmQNOOesbW84I4hCPLHcyiOYW,10,plain,none,mixed,1 3 6 7 11 11 14 15 15 17
AA1W8Gl6v8E14N1OuX10e61DSD3oZH1W91,10,plain,none,mixed,1 4 4 4 7 7 10 13 22 28
AA1W7AIbXCbWB18H4WqK1Gw7m2QKe6IXGG,10,plain,none,mixed,1 3 5 7 9 9 11 13 16 26
AA1W6YHYA1ZZbOnIHm88grgLCAWc2qbb8H,10,plain,none,mixed,4 5 7 7 7 8 12 12 15 23
AA1W0W8LomA1SZlXcZ00WDLI5KJ5oB68nA,10,distinct,none,distinct,1 2 3 4 6 9 11 18 22 24
AA1WY261eGD2MOMaZoHKcZ70a2Lwn9MuE0,10,plain,none,mixed,2 3 4 6 8 8 10 14 22 23
AA1WX0SDWMadCAYAHI3q28IXGM5ya9b001,10,plain,none,mixed,1 1 1 4 10 11 12 15 19 26
AA1W50-a93PHfZe26W1KXeB1GXQ4L4dQ8a,10,plain,none,mixed,1 3 5 5 6 9 11 13 18 29
AA1W8eb1m5qn38Qwo8G4GH4aqKoYCWKSmH,10,plain,none,mixed,1 5 8 8 9 11 11 12 14 21
AA1W90Xq3Sg-20W4GD8G1fIV28GogSfbAQ,10,plain,none,mixed,2 3 3 5 5 6 8 16 19 33
AA1W2bQ98e72OT6BoeGGa1Z3KL2QWa7G94,10,plain,none,mixed,1 3 5 6 6 8 11 17 19 24
AA1WWY2WAOj25EHKC1WX7u50G5nCBbIRmM,10,plain,none,mixed,1 1 3 8 8 12 14 14 15 24
AA1WfcVjpOHX9fEC2XA152Ibns9IC9LYY0,10,plain,none,mixed,2 3 6 6 8 9 13 13 20 20
AA1WDAa2GHIHXo1eAIa104tgYNu4WI3EKA,10,plain,none,mixed,1 3 4 5 8 8 9 12 21 29
AA1W4eO40YObWe3Wi9K0eI4WioAGY0XCDY,10,plain,none,mixed,1 2 4 4 4 6 8 21 21 29
AA1WQ40OcnKjgZn368m4dG27EmZgUmg6H5,10,plain,none,mixed,2 2 5 5 6 7 9 9 27 28
AA1W91un6a50h8ml5nKH0eH0Du11TY1IYA,10,plain,none,mixed,1 4 4 6 8 8 14 17 17 21
AA1WAYHH0GB2qN7OYYAAXJeHqC3Z3K1W20,10,plain,none,mixed,4 4 4 5 5 7 9 13 14 35
AA1W219S2WgIcg6KTWq4GSKjQrMLYq8a2W,10,plain,none,mixed,3 4 5 5 6 6 8 18 19 26
AA1WG185m81-dYCWnKH91Jf78ZqJS28CP6,10,plain,none,mixed,1 1 3 4 9 10 14 16 20 22
AA1WQ3ZTQxSn990Z40G20GC1KeucIIYYWg,10,plain,none,mixed,3 3 4 6 10 12 13 14 15 20
AA1WAKXciIjALbaGOaH34BYGXlgAMnXi89,10,plain,none,mixed,1 5 5 7 8 10 11 16 18 19
AA1WWA2Cam28iyMKAGW9CZLRa7feE3ki9H,10,plain,none,mixed,1 5 6 6 9 10 13 16 16 18
AA1W4XOX1uOuA8WQ9GaS0W27VNzPaWT4Go,10,plain,none,mixed,1 1 5 5 7 8 16 16 18 23
AA1W38d2iIICFHRis408Hv8H4u8IXbISmY,10,plain,none,mixed,2 3 4 5 9 9 14 16 18 20
AA1W0GAYp5eXa8XuC1WGXqAX8AYIoaWi50,10,plain,none,mixed,2 3 4 5 9 10 11 11 18 27
AA1WYa4ZNmL1gEHA0G04X4AWc8NkeZ428H,10,plain,none,mixed,1 2 4 5 8 9 9 17 22 23
AA1W45eGKuKNU6880Q92FfX2GhaqvVJbKa,10,plain,none,mixed,1 2 4 5 6 12 12 16 17 25
AA1WGLQBOH107eicHI98dAv24GKYAHGHem,10,plain,none,mixed,2 5 6 6 7 9 12 12 13 28
AA1W97BPSJXe6108658ID08118GZB1mZ28,10,plain,none,mixed,1 4 5 5 5 6 9 13 18 34
AA1W8XN8w5PIWhcjGn220QCgOHq2d1NaX2,10,plain,none,mixed,1 6 6 6 6 7 9 13 16 30
AA1WCXa4mgBA1E4H28W0m43Ya58m810K2D,10,plain,none,mixed,1 1 2 2 6 7 11 14 22 34
AA1W6YOAxMG0uV0e8Wo30Ouah6aHmOZGH2,10,plain,none,mixed,2 2 3 5 8 9 10 13 14 34
AA1W81Q4j5H6viZa3W421iCt8YIBcNOB2W,10,plain,none,mixed,1 1 2 2 10 12 14 19 19 20
AA1W68K2WOJt0q08EY540q18QYfcAKWY0H,10,plain,none,mixed,1 1 1 2 8 8 14 18 23 24
AA1W5481efhA8IaA8GKSLKe5pYS_9A4G8H,10,plain,none,mixed,1 2 2 5 6 12 12 15 19 26
AA1W4KooYH4fTSAyIB1W10LItX9qDJ68mX,10,plain,none,mixed,1 3 7 8 8 9 11 14 19 20
AA1Wo852CLkTIdq_m828aH2Gg26Ip1o8OK,10,plain,none,mixed,1 4 4 5 7 8 9 15 23 24
AA1W40WCq4Zx2GIy8c4OAGHvKIIcIZa20W,10,plain,none,mixed,1 1 1 9 12 12 14 14 18 18
AA1WKYbIR03GJ204p0Y48Y89XS8M4-Xj2m,10,plain,none,mixed,3 3 4 5 5 7 8 18 20 27
AA1WC14BWzWHI8o799420m6neb6OdSIaL5,10,plain,none,mixed,2 5 6 6 8 10 14 14 16 19
AA1W8AzJ38i64J18n0a1mbZLCVirZQ2GK2,10,plain,none,mixed,1 3 7 7 9 11 11 12 12 27
AA1WCqH1G81PpBGXW20Ga7WmMXYOAbKqWA,10,plain,none,mixed,1 3 4 5 5 7 9 13 23 30
AA1W92AfEfwM14GX8m4I89w8Y91uZ4QNub,10,plain,none,mixed,3 3 4 5 8 10 11 13 20 23
AA1WK5I4dOCPAAegiqA472SL5-5Sa_eAXe,10,plain,none,mixed,1 4 7 9 10 10 11 11 17 20
AA1W0WBAKr5D5G10GQ3MJAPnG430k1ebJ0,10,plain,none,mixed,2 4 4 5 5 6 9 9 16 40
AA1WHI6mmC3GO26GQ0GGP50G30Oee1WY4G,10,plain,none,mixed,2 2 2 3 4 5 6 9 27 40
AA1W8aGE0YIBX2k6cAc4MbnJIF47Wu8DvW,10,plain,none,mixed,1 2 3 6 8 8 9 15 20 28
AA1W0b5NZWK2pOx920WXcCeIeAAA9d4w12,10,plain,none,mixed,2 2 5 7 7 9 13 16 19 20
AA1WIOiAGm7dAmYAHY80eHX7G26W1c_i9X,10,plain,none,mixed,1 2 6 6 7 9 13 15 20 21
AA1WC9GeaeCXHSNO42WGWY5f3ht2yaKZ08,10,plain,none,mixed,1 2 5 7 8 11 14 17 17 18
AA1WYYH28S081v0O30nGcC1040ea9DfjAG,10,plain,none,mixed,1 1 3 4 5 6 11 14 15 40
AA1WYWO54pK50QbbGq5W1_8XIOWej1j9ue,10,plain,none,mixed,1 2 3 7 8 8 12 18 18 23
AA1W2WQL15918g1H6WX1m2OJ8HK9SF28Gb,10,plain,none,mixed,1 1 2 4 10 10 12 13 21 26
AA1Wq65HAJ0mqAWN28f5Yi1W8YDbqWICa0,10,plain,none,mixed,1 2 2 3 6 10 15 15 17 29
AA1WAHZEH64mKKLYs4G18C0uXlIWK382MI,10,plain,none,mixed,1 1 4 8 8 9 9 11 23 26
AA1WGg2G10mUQh1W4080WeD060eH3aSqYK,10,plain,none,mixed,1 2 2 2 3 7 12 15 18 38
AA1WG50p2IZqeec4uv0C4Xmo8I3G50HAPH,10,plain,none,mixed,1 1 4 4 5 9 13 17 22 24
AA1WL2c4HYD0P2027K2KQY4HI28EbgjX4G,10,plain,none,mixed,1 2 4 5 11 12 12 13 16 24
AA1W41oxBSC295B9f4X8227aDsAH4HYyKn,10,plain,none,mixed,1 1 6 6 10 12 13 16 17 18
AA1W5WXiAWEyJZ4qh0OAA1S8IaaQ2aYXHY,10,plain,none,mixed,2 2 4 5 8 11 13 13 21 21
AA1W810O2umvEAnH48ZKYKIX24H860K4eG,10,plain,none,mixed,1 2 5 6 7 8 11 16 16 28
AA1W1WKob85uIGWRb88KGXTgjJt2Qmg4WH,10,plain,none,mixed,2 2 3 8 9 10 14 15 18 19
AA1WIH99CaIGA5XGHLf21neL5baQ8XeeQ2,10,plain,none,mixed,1 3 3 3 9 10 11 15 22 23
AA1W4X4I4nj1Oay20G33HWK48FYaLWe594,10,plain,none,mixed,1 1 2 6 6 10 11 15 16 32
AA1WQ083GBOx8OfRKaY0e5aGG2NKNI72H8,10,plain,none,mixed,1 1 1 7 8 8 13 14 16 31
AA1WXK6WxekcWeKXP1oG1g29E58OlPBHn8,10,distinct,none,distinct,1 2 4 5 9 10 12 15 17 25
AA1W3WH2qsqkfJBev0K09AC9a9GdcA0464,10,plain,none,mixed,1 1 2 5 7 10 11 19 21 23
AA1W4r4IXX4YNK9zp20YAI8sYRW91bgEGC,10,plain,none,mixed,1 1 3 8 10 10 14 16 18 19
AA1W4GJG1uKWKG60GS04WZV3Ot1850mMSm,10,plain,none,mixed,1 3 3 3 4 6 10 14 21 35
AA1Wb22GH8DOh9XQpmG0K1eKS4WXiLj48P,10,plain,none,mixed,1 3 6 8 9 9 11 13 18 22
AA1W851eAaBCWddEA0cc3oIXXAXhB9oEiL,10,distinct,none,distinct,2 4 5 6 7 10 11 12 19 24
AA1W4YVUmm4mmY0aTA61W0uM1HaqMvGaAY,10,plain,none,mixed,1 1 3 6 6 7 11 12 19 34
AA1W1tI5GC3GZCaW220WY6WwFAVWY1y2WC,10,plain,none,mixed,1 1 3 4 8 9 11 12 24 27
AA1W2cE8KbyA0S9S528Q40KfR8b2OacCnQ,10,plain,none,mixed,2 2 3 4 7 9 9 18 22 24
AA1W4JoH-8EtYagM918C0qbIHagpA2g8Y8,10,plain,none,mixed,1 3 5 8 10 11 11 14 15 22
AA1WGQ5H48V3W4PaCeg4Xa1WX50OHEEGw8,10,plain,none,mixed,2 3 4 7 7 10 12 12 20 23
AA1W2eKKXOXiEXDfr1OD1XKJ5O8W90W742,10,plain,none,mixed,1 2 2 5 8 9 12 17 19 25
AA1WGX28GacCHJGZ4GHZ4eaXa28b5D91Oa,10,plain,none,mixed,1 2 4 4 5 11 15 19 19 20
AA1W0I3ZgGKZeTGb4OBY7GCXmCAXEY6X1C,10,plain,none,mixed,3 3 4 4 6 7 16 18 19 20
AA1WK2X70H8AoAGB1GCHYCYaeE24OZ5QS5,10,plain,none,mixed,2 3 3 4 5 12 12 16 21 22
AA1WAdAYGac1h9iYn0eCaHIGM9Ev6rU10K,10,plain,none,mixed,2 2 3 6 11 12 13 16 17 18
AA1W0WR4SrWQ4nI5XAE90t40WS4WrpnXeO,10,plain,none,mixed,1 1 5 6 6 7 9 16 19 30
AA1W2WI2So1GV0S2GHXCWY48X80u248Ag0,10,plain,none,mixed,1 1 1 2 6 6 12 14 18 39
AA1WX2AXZP8B2eagb921F969488X4pgkya,10,plain,none,mixed,3 3 5 6 8 10 11 16 17 21
AA1W4GOE9MAiPOL5vN04W-628f48pVDKHC,10,plain,none,mixed,2 3 4 6 7 12 14 14 16 22
AA1W9H4B2uB5fLLAaKI28CD1M6A0mG2X4G,10,distinct,none,distinct,1 2 4 5 9 10 12 16 17 24
AA1W1OLJ28BH8X44X94GI9D9WC6GKyX2AI,10,plain,none,mixed,2 4 4 4 6 12 13 14 16 25
AA1W1WD6LqaB1fpuY1X8W_49IKgYL14H4X,10,plain,none,mixed,1 2 2 5 6 10 14 18 19 23
AA1W2l9LCH8XO4vX1iGGjaCdgb1HZGj591,10,plain,none,mixed,1 1 3 6 9 11 11 15 18 25
AA1W0O338u9l9YCGs1818H1OoAAvQ3WC04,10,plain,none,mixed,2 3 3 4 5 5 11 14 23 30
AA1WOYoag6Gq5GrAYX48AU8r3GU2mY6h60,10,plain,none,mixed,2 5 5 6 7 8 9 15 16 27
AA1W299aj68onSJol0WqK1YR83aHIGI9KI,10,plain,none,mixed,1 1 2 5 8 11 12 18 19 23
AA1Wb5930fRZYlGS2X8GWC4c5V8QWiqa30,10,plain,none,mixed,2 2 4 5 6 9 14 17 18 23
AA1WH2C3GB7L9HM5uf5Ya9HIGK1GWY0RYW,10,plain,none,mixed,2 3 5 6 7 9 9 18 20 21
AA1W1YheD4cYOb6BnE5e6O2Yqb48oR2eY0,10,plain,none,mixed,1 3 6 6 8 10 15 15 16 20
AA1Wo4WK4aGZY3CTaWC4F4LYqXuB0XK9X2,10,plain,none,mixed,1 2 5 5 6 8 10 13 17 33
AA1W2E9n99A7K2GaT4ag49BGX4ae1OS20m,10,plain,none,mixed,1 2 4 4 9 11 15 16 18 20
AA1W3G2QGT8PCPXGg2GLIhCo1GCaA1a2XK,10,plain,none,mixed,1 2 3 5 5 7 9 17 20 31
AA1WDALIXD2qOwUzrnG201f0baPah8S5R1,10,plain,none,mixed,2 2 6 9 10 11 11 12 12 25
AA1W1mXQ38OqM28f3AA1eLOYKYNDr2Wn82,10,plain,none,mixed,1 1 2 3 13 14 14 17 17 18
AA1W4d2OJg4Ol_fQ8KKHC455558YA551Wm,10,plain,none,mixed,1 1 8 9 11 12 13 14 15 16
AA1WKPa4uI2sGGA1mHI1GHXA890f5DPHL0,10,plain,none,mixed,1 3 3 4 6 6 14 18 22 23
AA1W2W91CQe9LqL8eR990L30q7585ytl0Y,10,plain,none,mixed,2 5 6 7 9 9 10 12 17 23
AA1W0m2W0cxBcgebYrsIHi8Xn5mG650VJ0,10,plain,none,mixed,1 1 2 4 10 11 11 14 18 28
AA1WIHa9WLCIGj0G22850adj9UkTg5mC0W,10,plain,none,mixed,2 3 4 7 7 9 10 14 19 25
AA1WQ0GI0iBObABHq0m2GHwZgMPeB0W20Y,10,plain,none,mixed,1 1 4 5 8 8 12 18 19 24
AA1WK8X2GJFA3WeA1S80e8Y4mK0G6WyO96,10,plain,none,mixed,1 1 2 4 4 9 10 17 22 30
AA1W4WI8I7HTGmcVL4G1GPAA9nGT5b2AWI,10,plain,none,mixed,2 2 5 7 9 11 12 13 17 22
AA1W1AggaYd2XIY000CKIIWd4DYKcluZ0G,10,plain,none,mixed,1 2 3 7 8 9 12 12 15 31
AA1W35qPQDKYYqL44f8WIC94FK2Wq9KG0Z,10,plain,none,mixed,1 1 3 9 11 11 12 12 19 21
AA1WZAHQ9C918ybanc404A8o8GL259WC0W,10,distinct,none,distinct,1 2 3 6 8 11 12 18 19 20
AA1WAW5Y8Iz1eJ46Go4K1MD5Gj24KaXiXa,10,plain,none,mixed,2 2 5 7 8 12 14 14 16 20
AA1W32IIJT8Y1eY4GWMXa47f18CW80vl4G,10,plain,none,mixed,1 1 1 8 9 12 12 13 13 30
AA1W6KAXC50q6xPOGc26C4XK8146PIH4Y8,10,plain,none,mixed,1 1 5 7 7 9 10 13 15 32
AA1WX2HDvGw0amXAZ933ahIwI9NPBg58K0,10,plain,none,mixed,1 6 8 8 9 10 10 11 14 23
AA1W2eO2WKDYAGJ2IKq20H2WY6Omp0P040,10,plain,none,mixed,1 1 2 2 7 8 9 21 23 26
AA1W4eH4JHmffEGIBm44eLAeoyq9YGXTY4,10,plain,none,mixed,2 3 7 7 7 10 10 13 18 23
AA1Wr1GZKf68f6nIK904M2GS5BLmH2C8G9,10,plain,none,mixed,1 1 3 5 5 8 15 17 19 26
AA1WKKAgT68SY4H8FHW64812Smt58mcQ8X,10,distinct,none,distinct,1 5 6 8 9 10 11 14 17 19
AA1WE2GXq3kD6qn8W10327XucZIgDYmOYK,10,plain,none,mixed,1 1 4 6 8 8 11 16 22 23
AA1WX48w1G3DfHCFIwcY1UI0e6AY1GC18W,10,distinct,none,distinct,1 3 5 6 7 8 12 15 19 24
AA1WIHe2aa4ZiMioY4WA0qc2ewQUWs2GY8,10,plain,none,mixed,4 4 5 6 7 13 13 14 17 17
AA1W24XQ9XK9YKPZA99o2GFY4uG30G22a8,10,plain,none,mixed,1 4 6 7 7 8 8 9 14 36
AA1W1a5X28P3y68w4c1W9018n6GgoYFHC4,10,plain,none,mixed,1 1 3 4 5 12 12 17 22 23
AA1WW25mZI49HC0aeA4Gj64vMF10857a-C,10,plain,none,mixed,1 3 4 4 5 7 9 15 20 32
AA1W189B9PKqYZMyw4I10S5AAKYe4GK4C1,10,plain,none,mixed,1 2 2 4 9 9 13 17 21 22
AA1WMhE5nHWzmxH28b4484H7m55KB2gg0G,10,plain,none,mixed,1 3 3 4 7 8 12 17 18 27
AA1WXa8hJAWfQcm82mC3Xa4YSI1Fd0cIAX,10,plain,none,mixed,1 1 4 6 9 11 14 16 18 20
AA1WIC5GwaWoQYFG51G0Mw8n344xc2W944,10,plain,none,mixed,1 1 1 7 7 11 12 17 21 22
AA1W8E0HXa8D20ea60WYYCfXa892GIkMsA,10,plain,none,mixed,1 1 4 4 11 11 11 12 18 27
AA1WW6YHoMWMkFP8GY252mZKKGZe6I9aae,10,plain,none,mixed,2 3 5 6 6 11 13 15 17 22
AA1W2E5HGbSeZ3OaTKII4HEHX1q7v1UO14,10,plain,none,mixed,1 4 4 7 8 9 10 13 18 26
AA1W431a2JaGEr7lw1PZ7XXY8-MIokByf2,10,distinct,none,distinct,1 3 6 7 8 9 10 12 21 23
AA1WX2qXaCXyC2f0X0e1U9HAFXoEeWW20i,10,plain,none,mixed,1 1 4 5 7 10 14 15 21 22
AA1WGX1PWt10C1eM7Wa810m30KJbIMuxmo,10,plain,none,mixed,4 5 5 6 7 8 9 9 11 36
AA1W2GAn0eSYRBncI84SGYTBJGkJMw92O9,10,plain,none,mixed,1 3 5 6 6 9 16 17 18 19
AA1W3bOTjqX091WJmH4IL1mOYKHaa2DHXI,10,plain,none,mixed,1 4 5 5 6 6 10 11 26 26
AA1W4WE20IoA7O1Kaib40o2mSZtC9ZGb4I,10,plain,none,mixed,1 2 4 8 8 10 14 14 16 23
AA1WX2449aCUY2ee40XY48I309n6eZeR0b,10,plain,none,mixed,1 1 2 4 12 13 13 15 17 22
AA1W8f5YMeBmG13GkKaG0Z8hoIBiM0HSHY,10,plain,none,mixed,1 3 4 4 5 8 12 15 23 25
AA1WYaHDAPIPIuaaeX82gOQYE92W4CeY10,10,plain,none,mixed,2 5 5 9 9 9 11 13 17 20
AA1W0WXDAC2pgncNaqaT3YI18oMac1f8a6,10,plain,none,mixed,1 2 4 6 12 12 12 14 18 19
AA1W1m80Ni1GT7g9SeK8GYCec99KINq0WH,10,plain,none,mixed,1 1 2 4 8 10 11 18 20 25
AA1WQ289ACMIqGf4F0e40WwWH5KX8Gu134,10,plain,none,mixed,1 1 2 3 9 13 15 16 19 21
AA1W24GP5Y5Gq4wXOq2Wha4B2HIQFHr5GW,10,plain,none,mixed,1 2 2 10 10 12 12 15 16 20
AA1WK9ar6YiWg22OXGCG8ooWq3WMP5vWK2,10,plain,none,mixed,1 1 1 5 7 9 14 15 19 28
AA1Wa480u22tjBQ4WG4I8A2W8Z4qKXVJ14,10,plain,none,mixed,2 2 3 5 7 8 9 12 21 31
AA1WC6iez1tLE18K30494Wo2eJ2lYPCKY8,10,plain,none,mixed,1 3 3 5 11 11 12 12 16 26
AA1W91W2bF2XXKaGe24CW51Zt-UbOeyBWa,10,plain,none,mixed,1 3 4 4 5 8 15 15 22 23
AA1WC9IoGoBYOB3X1HO8Y4RHbaO648nYKK,10,plain,none,mixed,1 2 7 7 7 9 13 14 17 23
AA1W8GZGbe2eM5mlc0W8OWS70r6BySnKSL,10,plain,none,mixed,1 3 5 7 9 11 11 13 13 27
AA1Wa484H551OZ4iXeKWAAHJoaanKZ1OAY,10,plain,none,mixed,1 3 4 4 10 11 14 16 18 19
AA1W1AeQ14vCEJeH98IWayBYFX_2CeH3CW,10,plain,none,mixed,1 1 3 6 8 9 12 13 20 27
AA1W10C15eie-7X5KIX8HIA1c2G6sGa7u8,10,plain,none,mixed,1 1 4 4 8 10 11 18 18 25
AA1W8I3GGHYAmO94HYKC9HYmO11HAHKYZ8,10,plain,none,mixed,2 3 3 3 7 10 10 11 24 27
AA1W0W81Bpaz6VooGQ4C18CXO2HukX52A2,10,plain,none,mixed,1 4 6 7 9 10 10 12 18 23
AA1Wa4gCncHKYNfxC4W229NeOb4Yp6y8H8,10,plain,none,mixed,2 2 7 9 10 10 10 13 18 19
AA1WGLH7NA28M28G2CGeAWu3WC4en6GN47,10,plain,none,mixed,1 1 4 6 9 9 10 10 19 31
AA1W105HYGR54082IaCAHRH2WK3JkGw7cm,10,plain,none,mixed,1 3 3 4 4 10 12 15 16 32
AA1W0W6iscZiWr1mKYe4Y8SmaJ2kIQ0q6G,10,plain,none,mixed,2 3 4 5 5 8 8 19 19 27
AA1WC1W4G9CkgGHDKwG2892oW9PAFX9IpX,10,plain,none,mixed,1 2 2 7 8 9 10 16 20 25
AA1W48aT2Op2Cf2M46G2WfHn28OKJa2Wa4,10,plain,none,mixed,1 1 1 4 12 12 14 15 17 23
AA1WW23eH87QGWWu94a9ECIWt4GSBfGc2G,10,plain,none,mixed,1 1 4 7 10 11 11 11 19 25
AA1WWS8084PJH68m8X8L0e40A10IsVnQC5,10,plain,none,mixed,1 2 2 4 4 9 13 16 16 33
AA1W0e20a4StYaHWdo28es1ub28I2EoWW4,10,plain,none,mixed,1 2 4 5 6 6 8 15 20 33
AA1W32G6uCwMICIYWa2E1AydOZHoYMnes6,10,plain,none,mixed,1 2 4 11 11 12 13 14 16 16
AA1W70WPfC9L-We9zGA4eoUAA2C9Gno922,10,plain,none,mixed,1 1 4 5 8 10 10 13 24 24
AA1W40PbF4AIAHfeY24GmbAfZqiN99a9a4,10,plain,none,mixed,3 5 9 10 10 11 12 13 13 14
AA1WHRoIaeHoF4yCAae5XBKSWTik8QWWWG,10,distinct,none,distinct,1 4 5 6 7 9 11 15 20 22
AA1WH2GI0OF2JIGuBX48X4Y4YYb52mK20O,10,plain,none,mixed,1 2 4 6 8 8 13 17 19 22
AA1WK9H4bOLkjaK3JIGA0kaZaq129AXLa2,10,plain,none,mixed,1 4 4 7 7 9 11 14 15 28
AA1WBSXZq893HuX2GAGH4acG8n1PnD5GuS,10,plain,none,mixed,1 2 4 8 8 9 10 19 19 20
AA1W0WPJEgAGY9fIF8GO2WC1vAKa9T7ff3,10,distinct,none,distinct,1 2 3 5 6 10 12 17 21 23
AA1W6nCAX26LaWa9IAA10Q34e47JAXGYCK,10,plain,none,mixed,2 2 4 5 6 11 14 15 19 22
AA1Wga4ZUuj452CXY8m1WXCDHao8R1GI13,10,plain,none,mixed,1 2 3 6 6 9 12 16 20 25
AA1WWq46X2YQRm30O104ATIZmE28I1GX4e,10,plain,none,mixed,1 2 2 5 8 11 11 13 13 34
AA1WXC4b1H6HDNYmZmO88211uOIuynvDKI,10,plain,none,mixed,1 3 5 6 7 8 13 13 15 29
AA1WH5KnJbden8A1AH6F68bp1HCYwI38GW,10,plain,none,mixed,1 1 4 6 7 8 10 11 15 37
AA1WA2ag2YeIaIq2a4Gm7sANo1F4uXS4GY,10,plain,none,mixed,1 2 4 7 7 9 11 15 21 23
AA1W1Go272WYCNEZGK04XJ4H2v54B1eHg3,10,plain,none,mixed,1 1 3 4 4 6 17 20 21 23
AA1WYSAIq3KAn9IOJ5W13f4Wj2l98Y4b10,10,plain,none,mixed,1 1 6 6 7 8 9 12 19 31
AA1W4cO0W1jS93pmYSIX2YaaIaYgonQCmD,10,distinct,none,distinct,3 4 5 6 7 8 10 13 19 25
AA1WXDmr0e8cAD9QCKm11HJCc5Mj2OZ7am,10,plain,none,mixed,1 4 4 6 10 11 12 13 14 25
AA1W0YJQKa4g9I0mpYIbDA2ZKGL9gHXa68,10,distinct,none,distinct,1 3 4 5 8 9 13 16 20 21
AA1WqHHI6GvOcGm61928iLr8OX0e7OXaQG,10,plain,none,mixed,1 3 3 8 8 9 10 16 19 23
AA1WAGi10A1Vq_aEZ4e10G0aGGkQObI4WK,10,plain,none,mixed,3 4 4 4 7 8 11 12 17 30
AA1WGWuf78IiQmNKT8m4IGvEiLygoAdNQ8,10,plain,none,mixed,1 6 7 7 8 8 13 14 17 19
AA1WHM52GUu70A249HKY2e4me52buuYu91,10,plain,none,mixed,2 2 3 5 5 9 12 14 21 27
AA1W1WNCzeQX8g082mI90a2Y4KaUEn7WX4,10,plain,none,mixed,1 5 7 8 8 9 10 17 17 18
AA1W1048iafHIZ0We4GOAUJnd0eKb1e938,10,plain,none,mixed,1 1 6 6 7 8 9 11 22 29
AA1W8H5PJK5F3b8gHgWGoI5GI599NNPYwX,10,plain,none,mixed,3 4 6 7 8 8 10 10 19 25
AA1W1WY9nmpoYiMOn2350H5Z8cbYIjb20H,10,distinct,none,distinct,1 5 6 7 10 11 13 14 16 17
AA1WS248Ab8f6LEi5GG0W6T4eeD1fANJWm,10,plain,none,mixed,1 1 1 7 11 13 14 17 17 18
AA1WWY750O30m-asJi5X4BGY8AGHGI8XoC,10,plain,none,mixed,1 3 4 5 5 8 15 15 21 23
AA1W40Y48XSB8Iaej2W40d5GXIYOHg1mCn,10,plain,none,mixed,1 2 4 4 10 10 11 12 16 30
AA1W4uB1AP3a1pY3f446Gb9P8f4KrQU3Ga,10,plain,none,mixed,2 3 3 4 6 8 16 19 19 20
AA1Wa2WH25mpCT4e90i4KK2WRI2G98O518,10,plain,none,mixed,1 2 6 6 8 11 12 15 19 20
AA1WnCa-deon2UCC18a0mKp4aH9rgWd3yG,10,plain,none,mixed,1 1 7 9 9 10 10 17 17 19
AA1W0dgnKAYCfKg1yKYWH9Wg6Y4mX44Ko8,10,plain,none,mixed,2 4 5 6 6 10 10 15 21 21
AA1WAbaX39i-80eQ314a58c31k9rJee3n2,10,plain,none,mixed,2 3 3 4 7 10 11 13 17 30
AA1W94WI3k4517GEYeQIU8b1OubA4P45Om,10,distinct,none,distinct,1 3 4 5 8 10 11 18 19 21
AA1Wma7HCqO10u2c90e2du4Gd8GYSIaaHY,10,plain,none,mixed,1 5 6 7 7 8 9 10 20 27
AA1WJ0eSI5d8X4NeEXC2WYmb2a8IKx4P2W,10,plain,none,mixed,1 3 3 6 8 8 12 14 18 27
AA1WaAD60Whbg2d899J5aYKY8k6TaIUGu4,10,plain,none,mixed,1 2 6 7 8 8 11 14 20 23
AA1W4AirjIP9Wy0WF50H0bhC6A9oW91CEH,10,plain,none,mixed,1 2 4 8 9 10 10 11 14 31
AA1Wc2g9I8XPB6ZZ6mW2aaOGSJMLXi2Df3,10,plain,none,mixed,2 3 3 5 8 9 9 11 25 25
AA1W8Yav7OKPGQ307Gyr486M66X2KGZ60W,10,plain,none,mixed,1 2 2 3 7 11 12 14 18 30
AA1W2Y209o8dof4YbufGQGX5Kb1GBrzuL0,10,plain,none,mixed,1 3 3 5 7 9 13 15 16 28
AA1W6090Wuc0cGa4oaf60K3OReKnw4PXA8,10,plain,none,mixed,1 1 1 5 6 9 10 17 25 25
AA1WHWg4GJ1WKsZiD280uBWa1P2qY4Y4H2,10,plain,none,mixed,1 2 3 6 8 10 13 13 13 31
AA1WH2WIE2eZ840Z58o90uE18v492GY8g5,10,plain,none,mixed,2 2 2 4 7 7 9 17 23 27
AA1W8KP7BNS3GA1bEom168wB4MK48WXeHa,10,plain,none,mixed,1 2 2 4 4 12 14 16 21 24
AA1Wc2G9a4Wa2dWd4ma254uc4H2492PGY6,10,plain,none,mixed,1 3 4 6 8 11 11 14 16 26
AA1W4Cea0HiYxMQ2GP3gGY6e4SYGZ4ecH4,10,plain,none,mixed,2 2 5 6 7 8 8 20 21 21
AA1WG8n70u5vGO4W1Qe0G4XCTfIo28X2IX,10,plain,none,mixed,2 2 2 2 5 5 14 21 23 24
AA1W1Xq34MkXI9SAGa2g4daYGa18uHJ50a,10,plain,none,mixed,1 2 7 8 10 11 12 12 14 23
AA1WH3V7vL840HMBl442WSIL1mGXDD88Ka,10,plain,none,mixed,2 3 3 3 8 9 10 12 16 34
AA1WWRNGNKnh9fL5GP5AK8MT0e2WIb31oW,10,plain,none,mixed,2 2 3 7 10 10 11 13 16 26
AA1W8j5emJ888nb4Gw194AWnsEmM1H1KHG,10,plain,none,mixed,2 3 5 5 5 5 6 13 22 34
AA1WMpsHKG3OeX0WCGa4X8X2B2ZKS1X2GY,10,plain,none,mixed,1 3 4 4 5 7 13 18 21 24
AA1WAm63pWa318HUX041OuA4seo48f21WK,10,plain,none,mixed,1 2 2 3 3 4 10 20 24 31
AA1W8X1ODH3DieCXGG2IBh51KBGg2KAXGM,10,distinct,none,distinct,1 3 4 5 7 9 12 13 19 27
AA1WJ588s61eDrWoGE096bPKAWm4K344G9,10,plain,none,mixed,1 1 1 5 7 10 11 14 21 29
AA1W4n9CPrGQcZ4O20G2GO66G51Av3mX1O,10,plain,none,mixed,2 2 4 4 10 11 13 15 19 20
AA1W28HDEW4CggIC2Y8AWe9xBARU0O421W,10,distinct,none,distinct,1 2 3 6 8 10 11 15 16 28
AA1W4MoOfXKaAG5Xq8qGaTEIKgBGP0vL8i,10,plain,none,mixed,1 5 5 6 8 8 9 11 19 28
AA1WGS4a1e8YydK4Gn88aA29GSZmKika8X,10,distinct,none,distinct,1 2 4 5 6 10 13 14 21 24
AA1W8fs2W4J2O6LaaWa4eW12EWXWD3CeX4,10,plain,none,mixed,1 2 3 6 9 9 13 14 17 26
AA1W2X3mLROgW60GY1K8IXPCubX044nID1,10,plain,none,mixed,1 3 4 4 6 6 9 17 20 30
AA1W24SSydSmfiDHI14fIWAQi1Y9YA0M12,10,plain,none,mixed,1 2 2 6 8 9 10 17 22 23
AA1W1n6fOgPRaKX28KIKfaA5jYCGI04A2W,10,plain,none,mixed,1 4 5 6 6 11 13 14 19 21
AA1WF1B5ms1J4VX9GM40e42I8aXe6oJW26,10,plain,none,mixed,1 1 1 4 8 8 10 16 21 30
AA1W50XSMHHbXoeg60mE04N1W7n-f5qsp2,10,plain,none,mixed,1 2 2 5 8 14 14 15 17 22
AA1W28n5mI54Wq6OgZ1A1B8H1kgKCIX4AW,10,plain,none,mixed,2 2 3 6 9 9 13 13 19 24
AA1WCYI6cYvAH9AveWf39AoYhXXQCFZCP2,10,plain,none,mixed,3 4 4 6 8 8 12 14 20 21
AA1W2W10BXzCXYIKCjG48KAH03SHaCcbGX,10,plain,none,mixed,1 2 2 6 7 8 10 15 16 33
AA1W8TGS4EApJaT2qHa0Fgk9EH4We4HeXG,10,plain,none,mixed,1 3 4 6 8 9 9 15 22 23
AA1WW32tlY9D9HK8GWAo0kXB1K9XHvDz4W,10,plain,none,mixed,1 2 2 5 11 12 12 13 21 21
AA1WOCK2mM1098nuSbaHKB148XagXqan2G,10,plain,none,mixed,3 3 6 6 7 8 9 13 18 27
AA1W34GoRPQfAXSema4e293H28aKFH8IY8,10,plain,none,mixed,1 2 6 8 12 13 13 14 15 16
AA1Wg2SJGwR8eA8aAAIY0Gi9-20-Wo048U,10,plain,none,mixed,1 1 1 3 11 12 12 16 17 26
AA1WWOJ4948I2mYOP28144YT2uJ4OYeY1G,10,plain,none,mixed,1 1 3 7 8 10 11 17 19 23
AA1WIoh5Q48H1uCY4GmGICCX4W81e9XYX8,10,plain,none,mixed,1 1 4 4 5 8 10 11 20 36
AA1W68HBe5L0Y32WJM4A9GCYapHLNHR90e,10,plain,none,mixed,1 1 4 5 8 11 12 12 14 32
AA1W4GbAZBvSfKaAYaKCX82Y4o5IXZEpH2,10,plain,none,mixed,3 6 6 6 8 8 12 13 16 22
AA1W15Xnma1L75uWW44n1IIKAT3esbbn8L,10,plain,none,mixed,1 2 3 4 4 12 13 15 22 24
AA1W9H9XIACPI9ocJ194BXKaXYyE50Yq0H,10,plain,none,mixed,1 3 4 8 9 9 13 14 18 21
AA1WGwmG62mc4C0KD8G1HIXK5HqBXGcen5,10,plain,none,mixed,1 2 4 6 8 9 10 10 16 34
AA1WY0WjZNTC5CX6G1Oa3uHOSj1fJ1Y8WC,10,plain,none,mixed,1 1 1 1 12 13 14 15 19 23
AA1WA1WNAv2GI28V2TG811K8Wa2qIIKLA2,10,plain,none,mixed,2 2 7 8 8 9 10 11 13 30
AA1W2W8XCEwCyHMwiD0GWO4GH1aseGwEI1,10,plain,none,mixed,1 2 3 10 11 11 12 12 13 25
AA1W20c8YIcCaaRmY0089c8Z2yYHIFPciD,10,plain,none,mixed,1 1 8 8 11 12 12 13 16 18
AA1W8H24hsenbVsEe2W28a9wH4X88J8QGA,10,plain,none,mixed,1 2 2 5 8 10 10 14 22 26
AA1W0ad9uQuF238dCYbC78yCgLZ4D0jdT0,10,plain,none,mixed,2 2 3 7 13 13 13 14 15 18
AA1WGoJYAU4XGwP79R153aXCKaaqguXP40,10,plain,none,mixed,1 3 5 7 8 10 10 16 18 22
AA1WL3ICX9XWv4CaF482eYKK1QjU2ZokK6,10,plain,none,mixed,1 1 3 10 11 11 12 12 14 25
AA1W8WA2X29159EgMIo1WE15ai6Y77eHYG,10,plain,none,mixed,1 5 5 8 9 11 11 13 14 23
AA1W3080BwY2DvAA0W2CHU4X855OLIpUWm,10,plain,none,mixed,1 1 6 7 7 9 11 12 22 24
AA1W61xWIGI3mLT8YXdX7DnAM0xCer4HC4,10,plain,none,mixed,1 5 7 7 8 10 10 10 21 21
AA1WS174L1948X39XWY98scZ2WS3aIZiI4,10,plain,none,mixed,1 4 5 5 6 8 10 11 19 31
AA1W1W91G824mP9uC102891e92Wgf58n24,10,plain,none,mixed,1 1 3 4 5 7 9 17 21 32
AA1WO104DQl9WawyeIH80VZ3Z2f62GQEh8,10,plain,none,mixed,1 1 1 8 10 11 12 13 16 27
AA1WcLEmIoY2SI4GI170XsKCW84XNCW890,10,plain,none,mixed,1 1 4 6 6 6 10 16 22 28
AA1W8WKaaQXYa59Y_8AO8I1CCwes91m2uS,10,plain,none,mixed,1 1 5 8 10 10 13 14 16 22
AA1W2H1Y0G40iL9kWH1PIBG-4qG22GCXg8,10,plain,none,mixed,1 3 4 5 5 6 8 15 19 34
AA1WG44Ge80WqL4Ws34AFM30P1GHFl4ub4,10,plain,none,mixed,2 3 4 5 5 8 8 14 18 33
AA1WAGe52Cb8419Wb1G4OIELrGs7BWaaaO,10,plain,none,mixed,1 2 4 4 7 10 15 16 16 25
AA1WYKpRASH9YyNsen20Q8AI2YGqGZXk40,10,plain,none,mixed,1 2 7 8 8 11 13 15 16 19
AA1WXK88I9omgRbGXG94QKR0I3GoSZOaT2,10,plain,none,mixed,1 2 3 5 8 12 12 14 21 22
AA1W6Wk8HH4KIA1WCfC50m63PFa8HCACGX,10,distinct,none,distinct,1 3 4 5 7 8 14 16 20 22
AA1WGQsWqB20e63k4HW4Y4WK5IayeH4a91,10,plain,none,mixed,1 1 3 6 6 9 10 13 22 29
AA1WGIaCMI0G3LIngeY59Ar5hT2DGE21uH,10,plain,none,mixed,2 3 5 5 9 10 11 11 12 32
AA1W68nMLHX2QYfa4GbI3y4X20Wm70tTW5,10,plain,none,mixed,1 4 4 7 12 12 13 14 15 18
AA1W10qC7YCAXFH7Ea188XBAAehAun5DP4,10,plain,none,mixed,1 5 6 7 7 11 14 16 16 17
AA1W29XFiemM9p2OK20e4aa9XmHAM1mA48,10,plain,none,mixed,1 2 3 7 9 10 10 12 21 25
AA1WagnECngL9IWnBQ41b4P8oYaPWGF7m5,10,plain,none,mixed,2 3 4 5 9 10 10 15 15 27
AA1WH4Wo6pEgYGoHA0G4ca7G9vCU3mcAGK,10,plain,none,mixed,2 5 7 8 10 10 10 11 15 22
AA1WX0HeCGO5pv7r-Wqm0n53nTaO2WK1bI,10,distinct,none,distinct,1 2 3 6 8 9 12 15 16 28
AA1W18vA1AaMAKWABg240u4g6tpz0m98x4,10,plain,none,mixed,1 1 2 5 9 13 14 16 17 22
AA1WaqIdjGv34dWC9aC2W949AmogA7GA2G,10,plain,none,mixed,1 5 6 7 8 11 15 15 16 16
AA1W9C5XGDYgiSWa8GfCaKX0720mv8NQW5,10,plain,none,mixed,1 4 5 5 8 11 12 12 15 27
AA1W60WS2BGv70mAwGc1G9NHXi9Y4WX910,10,plain,none,mixed,1 1 3 5 6 11 11 18 19 25
AA1W4ZOj7GWiT5iB2u8mNC5bCn1pau408a,10,plain,none,mixed,2 2 3 3 8 9 9 19 21 24
AA1WGK1NO52eXEK1eY19lAHQ4B2aCXNpOC,10,plain,none,mixed,2 4 5 5 5 7 10 17 20 25
AA1WOD27WyAJilc8nHaKCe6gG4gP4opW40,10,plain,none,mixed,1 3 5 7 8 8 12 15 16 25
AA1WHZWGeseJ1a10Ih140SOzkKJ1uAYUGe,10,plain,none,mixed,1 1 3 3 7 11 11 16 17 30
AA1WaZYibyqWOaUQpGeH6H4a47f57E90W8,10,plain,none,mixed,2 2 3 9 9 12 13 13 18 19
AA1W60mwF6ZCIGC2BX41Y65IAXHXEGJFh1,10,plain,none,mixed,1 1 3 7 7 11 14 18 19 19
AA1W8C1uN2AXnPQXE0m24mpGT1Ge4WqJ42,10,plain,none,mixed,1 1 2 4 8 11 11 14 19 29
AA1WoAHGurIjcjISY1GWWNE9a236PI4A0W,10,plain,none,mixed,1 1 4 6 9 9 13 17 18 22
AA1WLD9I68WXCBH8Ij28EmIS40ZB78A0w4,10,plain,none,mixed,1 1 2 4 6 11 14 15 23 23
AA1WGQ2Sp1L2YD04Y0e1mDHfbGA2Nvvi91,10,plain,none,mixed,1 3 4 5 5 7 12 14 21 28
AA1WX4Hy7Sd44OZu8CI0OgH0bQT4EmY4UW,10,plain,none,mixed,1 1 1 9 10 11 15 17 17 18
AA1WGMYwH18n998fOKK851GHNwSIY4XAGm,10,plain,none,mixed,2 4 5 7 8 8 10 17 19 20
AA1WH299ChOYPH1XCg88ebGXn6mkAPm64D,10,plain,none,mixed,2 2 7 7 7 11 13 13 18 20
AA1W4HWf4muJ0O2CN9382GLDbGpb4WYYSG,10,plain,none,mixed,1 2 2 6 8 8 10 13 21 29
AA1WWi8WinE2WbzFg2848e68MAH3v22H4Y,10,plain,none,mixed,1 2 4 6 8 8 11 13 21 26
AA1WOA6YGR2eK2ub6GnOA10C1WcowHafOG,10,plain,none,mixed,1 4 4 4 7 9 10 11 12 38
AA1W488o2H3ek2SA8Ga8I44Wddsc5WD2b8,10,distinct,none,distinct,1 2 5 6 8 10 12 17 18 21
AA1W1CAGWICXEAHXq89WQ18HaEePn7meX0,10,plain,none,mixed,1 2 3 6 6 9 12 17 21 23
AA1W0YOCXZC0Bf1I1ZGaaeL8IGK7ofM71e,10,plain,none,mixed,1 1 1 4 8 11 13 15 16 30
AA1W0g5A9d5XK8P3mH4WK1GOuF2eJ194K8,10,plain,none,mixed,1 2 4 4 7 12 13 15 20 22
AA1W48M1a4iNiCKjbgR88D2WaXE8gYvWW0,10,plain,none,mixed,2 3 3 4 6 9 9 15 19 30
AA1W5ICGY1KJY4Wi5KX48Wb4m189HbECe4,10,plain,none,mixed,1 3 3 6 7 8 10 16 20 26
AA1WI58I6ZXCGH0yAa44F8KadiEy4mW81G,10,plain,none,mixed,1 1 2 5 6 8 17 18 20 22
AA1WaHeCCIAIykWCEL41DalWIukNXCJ820,10,distinct,none,distinct,1 2 4 5 7 13 15 16 18 19
AA1W2YOYWe2YAul4AQIf6238GE4IzIMHg2,10,plain,none,mixed,2 3 3 6 7 9 11 17 17 25
AA1WR4e59LSce2IC6eeI484rMbn3BWj4A2,10,plain,none,mixed,2 3 3 8 8 13 14 14 16 19
AA1WX2G0W62b1MAf3qYIE8WKQZEcK9I6Gm,10,plain,none,mixed,1 3 4 5 6 7 14 16 16 28
AA1W0WV2CDKDWB14KYYA0e3GE4biKZ1e0m,10,plain,none,mixed,1 1 4 5 7 7 11 11 26 27
AA1WXYAo3GoTBrH1W0eC677v59APGc440E,10,distinct,none,distinct,1 2 3 4 7 10 11 13 24 25
AA1WG20FWauWS0W1mHnYCYI9mI98J0a4ua,10,plain,none,mixed,1 1 2 4 4 9 10 11 24 34
AA1W0I78Q1cYuSXSY148XtvSCaaDYQeD58,10,plain,none,mixed,1 2 4 7 8 10 14 14 15 25
AA1W0W9ElgUGKApYSH64X42AC3BrYhSO40,10,distinct,none,distinct,1 2 4 6 7 11 13 16 17 23
AA1WH28B4WKpcH0W28U8WaJ3GLni48e28I,10,plain,none,mixed,1 1 2 3 7 9 12 19 22 24
AA1W808w22Pm9V2GPgWA2GL5NhNMCPH28Q,10,plain,none,mixed,1 1 5 8 10 11 12 15 17 20
AA1W0Kg9WYaOq2OaAWqo0W43ZXqOh7K50K,10,plain,none,mixed,1 2 3 3 10 10 14 15 19 23
AA1WDArcrGQLXH64J900oyW99Y8IZvPNCY,10,plain,none,mixed,1 1 6 6 7 9 12 13 17 28
AA1WD060GL6KL4JWa106Og5ah31Gg2ela4,10,plain,none,mixed,1 1 5 7 7 8 8 10 25 28
AA1W318v2l9r2OKK1m4MHiGbmY0M2f609X,10,plain,none,mixed,1 3 3 4 4 9 9 12 26 29
AA1W10PL27eb4X4KImuI2gD91O55Xb1aJ2,10,plain,none,mixed,1 3 4 5 5 9 10 13 16 34
AA1WX0DQIiS8Y7A2WqAY0IKXK4ZeWlcdo2,10,plain,none,mixed,1 3 4 4 5 13 13 18 18 21
AA1WGBzV2JGn5Whe5W44WiZH6W9XaoWQ4a,10,plain,none,mixed,1 1 5 6 8 10 13 14 15 27
AA1WA0kBA8v1828H58i40GC68HLAHC8H19,10,distinct,none,distinct,1 3 4 5 9 12 13 14 16 23
AA1W4HwMiAYAU88aHOh5HQHCD9KoPGKVm4,10,plain,none,mixed,2 3 6 9 10 11 11 13 17 18
AA1W5CS2mKl3Ov54K0KKKOWyXYOBKz0m20,10,plain,none,mixed,2 4 5 5 5 9 10 12 19 29
AA1WJ5K5WA1Wk2ff0Z2mW4Wg2BZSann102,10,plain,none,mixed,1 1 2 4 6 7 11 19 19 30
AA1W2WCXKEUAXOIw185H0e2mg2aY8ga5GO,10,plain,none,mixed,1 4 6 6 6 7 11 18 18 23
AA1WY1PP4mG913LGfD04b0s5jbhBWi5XAY,10,plain,none,mixed,3 4 5 6 7 7 8 13 20 27
AA1W60S28Gb6en68HaAX4pb4e42WWA2GP3,10,plain,none,mixed,2 3 4 5 5 5 10 18 21 27
AA1W0D1E0794GJqMKG4nCVY9XKHqD0Z9Af,10,distinct,none,distinct,1 2 3 5 6 13 14 16 17 23
AA1W0GT3TO4vBHrkf18AWn7fq8KYd22i0e,10,plain,none,mixed,2 3 5 5 7 9 14 16 16 23
AA1WaKa2I6YwlQ9oyaGO1o0e9IXxCU86mI,10,plain,none,mixed,1 2 4 6 9 10 13 13 19 23
AA1W5X4g0i8X2Jc2eQ2Gf29Se934r1S813,10,plain,none,mixed,1 1 2 4 9 12 12 16 21 22
AA1W4I1Gn8B2HLcmA2GIYIgic50aB2ShZ4,10,plain,none,mixed,3 5 6 7 8 8 13 13 16 21
AA1W48A8XPdcnJhkN6810X6IqnF6Z7oEa8,10,plain,none,mixed,1 1 8 9 10 11 13 14 15 18
AA1WK9cvYij0yLZA2eGD2OcHaL2o44NIEI,10,plain,none,mixed,1 3 5 8 9 9 10 12 20 23
AA1WWfi8H1eDfD3iS9a1CXaa8I2GWI58iE,10,plain,none,mixed,1 4 4 5 8 10 11 12 17 28
AA1WHK9oN2KP0c7-8Wa4EB3fp922GY2wXa,10,plain,none,mixed,3 4 5 5 5 8 10 13 15 32
AA1W8c4KYOq0H38L50IS5Gm20EOe9v991I,10,plain,none,mixed,3 3 3 4 8 9 11 13 14 32
AA1WI4WZXjq12eX4ZaI35cAnmu22K99A0m,10,plain,none,mixed,1 2 4 6 6 10 10 13 15 33
AA1WY2GHZYffCIBf8E22CW5P44IkS1OF92,10,plain,none,mixed,1 1 3 8 8 13 13 13 18 22
AA1WIOJIQIRma6XB0mSGI2YKad0L4mH8W2,10,plain,none,mixed,1 3 3 6 6 14 14 17 17 19
AA1W0W51mI2Aq30I55138O1092H4HvNMEW,10,plain,none,mixed,1 1 2 4 6 11 11 15 17 32
AA1W8b26pA8iy-78v9Ie3HN34A2LT60C9I,10,plain,none,mixed,3 3 5 6 7 10 10 15 17 24
AA1W30gASXGCEH2mNLQWDvi6XeY4YKAA2W,10,plain,none,mixed,1 2 4 4 5 7 8 17 19 33
AA1WB1889PRA9918b102GH7938CHO30O0e,10,plain,none,mixed,1 1 2 4 10 11 13 14 16 28
AA1WK48W67mhw5I9C582F0HoKn-N2106XI,10,distinct,none,distinct,1 2 3 5 6 7 8 16 20 32
AA1W4WT4OBFSAHR9RM228O2WXwBYWA12q8,10,plain,none,mixed,1 4 6 7 8 8 9 16 18 23
AA1WYPmK4B1eHnYCBGC5b8mK1O9Q28hf10,10,plain,none,mixed,1 1 1 5 7 11 13 14 18 29
AA1W8D8WWEdYYQB840GCMImG85OUvcyuZ8,10,plain,none,mixed,2 4 5 5 7 7 11 14 16 29
AA1W9KiQYASeJ14498SeZ2AMX6Be4rn18g,10,plain,none,mixed,2 3 4 7 7 9 12 13 17 26
AA1W0WcgnfBQAX2ONCWAIVGWK-q1eK2DHP,10,plain,none,mixed,2 3 3 5 7 8 10 17 18 27
AA1W1880ZQwvT50mX4W2GWA081PNT0GC58,10,plain,none,mixed,1 2 2 4 4 4 13 20 22 28
AA1W69N7eUGB8a1X8GX9X0D7rNGwKK2SOK,10,plain,none,mixed,1 2 3 4 6 9 11 11 26 27
AA1W4obOOKDHK9-OOYGWK48RcAmv4RqX1C,10,plain,none,mixed,1 1 4 5 7 13 13 14 18 24
AA1WmA2N9P4iBHZ0i4gW0RQAsCY47eHn0W,10,plain,none,mixed,1 1 2 4 4 5 17 19 23 24
AA1WGX8uLOg6wMAm8X83I2g0I21ovR830K,10,plain,none,mixed,1 1 3 9 10 10 12 17 17 20
AA1W6Q52V2X5shMijWG8X3qlIPiHbArW91,10,plain,none,mixed,1 3 4 5 5 7 8 12 26 29
AA1WA2HQ0KUx9d4mM5448gfAXJ0L29GC78,10,plain,none,mixed,1 1 6 6 7 10 13 17 18 21
AA1WXSLYCzO0woAHIM818a30u84n9EfNGm,10,plain,none,mixed,1 3 4 6 10 11 11 12 17 25
AA1WCaY45WlVB8P2P4GO49YP22GZ1KAKY8,10,plain,none,mixed,1 3 4 5 7 12 13 13 16 26
AA1WY0Gd54OJ14rAfvCmWX19CGZ48Wg28A,10,plain,none,mixed,1 1 5 5 5 9 14 16 20 24
AA1WACWZq6pP46da4GKGKKamyt94MX3I6W,10,plain,none,mixed,1 1 4 5 10 11 12 14 18 24
AA1Wh3Gg_mEHKH445WI2MqB0G8UAHfHK1W,10,plain,none,mixed,1 5 6 6 8 9 11 13 17 24
AA1W38d2n8UZajbgHX40G84PYx0ei9EX28,10,plain,none,mixed,2 4 5 9 10 11 11 12 13 23
AA1W28UY3AjLCK2CYWC4BgGZSSbdHaGO70,10,plain,none,mixed,1 4 4 7 7 11 12 13 14 27
AA1WWW-EPgC4W40aCWYG6Op5B8b4KWZeM2,10,plain,none,mixed,1 3 5 5 6 9 10 10 25 26
AA1WGIEYeWH0a5AqR44AYL60pCAcZ_48Y8,10,plain,none,mixed,1 2 5 5 6 11 12 18 20 20
AA1WGg4I9IgtIlbYSIY4WAA01124H0y860,10,plain,none,mixed,1 1 3 5 8 12 14 16 18 22
AA1WKLeH2Gw0R8X28d446HI4eL38Y4U308,10,plain,none,mixed,1 1 4 6 8 9 11 19 19 22
AA1W8XON1aR0UF18n854OXQI8Cc8k8820I,10,plain,none,mixed,1 1 2 6 7 12 16 16 19 20
AA1WaX8J2vfIcrLU4GaWGuPbw4o2ZW3410,10,plain,none,mixed,1 4 6 8 10 11 11 14 15 20
AA1W09YCHI408CqIYEGG25GbeVYTGg9aua,10,plain,none,mixed,1 2 2 7 8 8 12 16 22 22
AA1W4Ga18cbM8ooCGYa4We68nS3i8MeQWK,10,plain,none,mixed,2 3 4 7 10 10 11 14 18 21
AA1W8Y2G97Gf9CGK5SHA9Gk041uA2D7LIW,10,plain,none,mixed,1 2 5 5 7 7 9 14 19 31
AA1WWY5Ro4poGk1WA3824iGf88oXA5Gq4W,10,plain,none,mixed,1 3 3 7 7 8 12 14 17 28
AA1WbEnf28AmrEHw4X84LYSGPGMa0Og228,10,plain,none,mixed,2 3 3 5 7 9 13 14 17 27
AA1W8XcGCYKSD1082c219mOD1IAIJKHQ0e,10,plain,none,mixed,1 1 2 7 8 9 12 15 17 28
AA1WH32vGI30a2bKpEYK1caXYFP1sMWWC2,10,distinct,none,distinct,2 3 4 5 7 8 12 14 19 26
AA1WX0E3oYeZWGRI2e4g1m2GyAYHACY50d,10,plain,none,mixed,1 1 1 3 8 11 12 20 20 23
AA1W5ei9Y8AKY2899yGA195BQBHd49YDDW,10,plain,none,mixed,1 7 7 7 8 8 13 16 16 17
AA1W309q9XCACdqEaYGB2P90OI-RWCOYI2,10,plain,none,mixed,1 2 5 5 10 10 12 15 16 24
AA1W1H1u4C6aW4AI5aGQ2fDylYiY88IYYS,10,plain,none,mixed,1 1 3 4 8 10 12 15 18 28
AA1W0liONfoCK61490OPCH4CaP3rYo894O,10,plain,none,mixed,1 1 3 5 9 13 13 18 18 19
AA1WGha2XGf2e38LKaY6GJH5OOHe8X38L8,10,plain,none,mixed,1 1 3 7 8 10 11 17 18 24
AA1W2MI2He8EWn68f9C0kG2HGD0e811GAo,10,plain,none,mixed,1 1 2 4 4 8 11 16 22 31
AA1W2WAUXwJ4JKYX08C8XSSGYH706Fy2WB,10,plain,none,mixed,1 1 1 5 8 8 13 15 15 33
AA1WIII3jIIKqDY08T049OVoKH380ZG8Q0,10,plain,none,mixed,1 1 1 4 6 6 15 16 16 34
AA1WY15fmb4WOGYMX2G96Bm10A5FpWgTqE,10,plain,none,mixed,2 4 5 7 8 10 11 11 11 31
AA1W18C1Xi810O52fuoA9KB0b8X5Kq5WG1,10,plain,none,mixed,2 3 4 4 6 7 9 10 19 36
AA1W4KQXYCCPOBIm10Ki0WCn2kZpecb38f,10,plain,none,mixed,2 3 3 5 11 11 12 15 15 23
AA1WG11bagSChxf8Y0GM8cZIg5GcI1S4cW,10,plain,none,mixed,1 2 5 7 7 9 12 14 20 23
AA1WC7WSgEKD1Wnx90eJ4S9WLCHa4Y8SIC,10,plain,none,mixed,1 5 6 7 7 11 11 12 16 24
AA1WKYS8fG208Wv9AKC1G7GuWa3JfZ5PH2,10,plain,none,mixed,2 4 4 4 5 7 8 12 17 37
AA1W22ZCge92XC9Jn30aCYVGhYyHeN28qG,10,plain,none,mixed,1 3 3 7 8 10 12 14 14 28
AA1WGiIAG56SaaX22WGA74OW64rrkiMCKI,10,plain,none,mixed,1 6 7 7 8 8 9 11 15 28
AA1W1Gb9114CNJ24mL02WE0gaoc8PbI9EX,10,plain,none,mixed,1 3 3 4 5 9 12 17 19 27
AA1W18XyHYrkf0e00OYK99N9Pa4W50KMm9,10,plain,none,mixed,2 3 3 4 6 7 8 12 18 37
AA1WGS44GogYgrMp9OG5MIIIZA8736eY8K,10,plain,none,mixed,1 2 5 6 8 9 13 13 14 29
AA1W8cCTb0G5mYataaYG5mc28AXAfG30m4,10,plain,none,mixed,1 2 4 4 6 8 11 13 16 35
AA1W216Y2F8nGJyaObeG1756ZqZqREKf4a,10,plain,none,mixed,1 1 9 10 10 11 11 15 16 16
AA1Wf2m66psGkj0819YOcO9558CH30888Y,10,plain,none,mixed,1 1 3 3 5 10 12 20 22 23
AA1W0BfaACSfE7P27Y0YVJKKEVBsWDAh4a,10,distinct,none,distinct,1 2 4 7 8 11 12 13 19 23
AA1Wfc8H1nEHgKhb4j4129eOD80GB5HlCG,10,plain,none,mixed,2 3 3 8 8 10 12 16 17 21
AA1W90H0N1QHP8M4XnW4X3AiWaA9pMTyGw,10,distinct,none,distinct,1 2 5 7 8 9 10 11 20 27
AA1WR30a907dA938WG6AAA2pa2aa4GJ138,10,plain,none,mixed,1 1 1 1 5 8 15 17 20 31
AA1W1WI8L8V0G4Wg6OZC0W22GLCQ9b48n4,10,distinct,none,distinct,1 2 4 6 7 9 14 16 17 24
AA1W0W6WpY4ibHFn6GOHHK7HS18C19fXKa,10,plain,none,mixed,3 5 6 7 7 9 10 11 11 31
AA1WW27eYbgYceWXeX8GzuK3-I2WKCEIrm,10,plain,none,mixed,1 1 7 7 9 11 13 15 15 21
AA1WK1p3mG610fsCXKH20QZYGc11H12XkC,10,plain,none,mixed,1 1 2 3 3 7 8 11 20 44
AA1WHS4GauCxEZD4YqP0Ni6WQ9Gak8EbeG,10,plain,none,mixed,1 2 4 8 10 10 13 16 16 20
AA1WY0W42aQQThWI4Y4X04DfHcGI0np8fj,10,distinct,none,distinct,1 2 3 4 5 8 14 18 20 25
AA1WC6GgK62F56978aGE49IDCeYzNh24mW,10,plain,none,mixed,1 1 1 10 12 12 12 13 15 23
AA1W910W22U2EnHC4K21B5KeJ4GobaofbC,10,plain,none,mixed,1 2 4 8 10 10 12 13 14 26
AA1WGma3UQJLAYb850Y4HOX4UJXSGi9G10,10,plain,none,mixed,1 2 3 6 9 9 14 16 20 20
AA1Wab74xl5H0eCngMG028TEM8X020meOf,10,distinct,none,distinct,1 2 4 5 6 8 9 13 20 32
AA1W14BHvUCA15VCsb2YYK9OU492L2Db14,10,plain,none,mixed,2 3 4 7 7 8 9 12 18 30
AA1W99Xiwae1bB3IAWI0xtIPmb4a52JAWC,10,distinct,none,distinct,2 3 5 6 7 12 14 15 17 19
AA1W80Z5msQSOZ24d4WGYMK6G6P5Imma6G,10,plain,none,mixed,1 1 4 6 7 8 14 16 21 22
AA1W2mI2S8Q0j4N6bmc8Oa2Ga7nk2i892G,10,plain,none,mixed,1 1 5 5 8 9 13 15 21 22
AA1WY1HK9LwiOb121WSmYeR4EvGB2X684G,10,plain,none,mixed,1 1 4 7 9 9 13 17 19 20
AA1WY4ZescyBq2628WY0XI1pbnYKIWlb6O,10,plain,none,mixed,1 2 6 8 11 13 14 14 15 16
AA1W0a2uH8CnzNGi50WWX4H1GCfnCri60e,10,distinct,none,distinct,1 3 4 6 8 11 14 15 18 20
AA1W4aa80J2qQln2AIYo040hB8m53AbO2W,10,plain,none,mixed,1 2 4 6 6 10 10 13 21 27
AA1WCGS4H4JoHqUWhWX30J6DJpKfJL9MgW,10,distinct,none,distinct,1 4 5 7 8 9 12 17 18 19
AA1W2GCfX9uVJHS2KWe9IcHOJ2484jcAW8,10,plain,none,mixed,2 2 5 6 9 9 10 11 18 28
AA1WHB4toXI8Wg1G9Qa2ZO1E1l628U2e9I,10,plain,none,mixed,1 2 2 6 6 9 9 10 27 28
AA1WX2WI2RI1ylaHmWAWC93G6oKmAf74n2,10,plain,none,mixed,1 2 2 5 9 14 15 17 17 18
AA1W82892eo2y3Y74OY1WywHI50ac4Yaab,10,distinct,none,distinct,1 2 4 6 10 12 13 14 16 22
AA1WOKs6p8Oaf68J4OKR50250AzScX50WH,10,plain,none,mixed,1 3 3 4 5 9 9 10 24 32
AA1W15kEIhOJuk0C11aGa8g0bY7CMymO2W,10,plain,none,mixed,1 1 3 6 7 12 12 13 22 23
AA1W20i3cI1WnQr18Ac11k0O8oDrAieejO,10,plain,none,mixed,1 1 3 3 7 8 10 17 19 31
AA1W082Wg5OKoE7G12GOHS5OL2eJ22mb28,10,distinct,none,distinct,1 2 3 5 6 7 10 11 22 33
AA1WKYH5XIDEHK2GI8e20OGRpZpn8F1q8A,10,plain,none,mixed,1 1 5 5 8 11 11 11 22 25
AA1W0G5uI4LnWQEPbHYGX3J94DnaAFX2MO,10,plain,none,mixed,1 5 6 7 8 11 11 12 18 21
AA1W2GhuWOJ36Q2440GC2W8oMYjCVYoLKg,10,plain,none,mixed,3 5 6 8 8 9 11 16 17 17
AA1WCPZcJ2MFnI2ULvG3Z4I9eCQ4GA44AA,10,plain,none,mixed,1 2 7 8 9 9 11 13 14 26
AA1W55m6G549WImx6veWY4H4HDbXCueSAK,10,plain,none,mixed,1 4 4 4 6 10 14 15 20 22
AA1WS0A0mA2AIeSsaM4108Y8TZKayaZMY8,10,plain,none,mixed,1 4 5 8 8 8 11 12 14 29
AA1W188YKaxdyD1uf34GGB4GGDIanF0m20,10,plain,none,mixed,3 3 3 5 5 8 11 12 24 26
AA1W3Wg2RWP6GEWB18H30890K_1rOtAHX8,10,plain,none,mixed,1 3 6 6 6 8 8 18 21 23
AA1WYWe1veD3ct-Gj3034JX52IkReYGAYO,10,distinct,none,distinct,2 3 4 5 6 9 13 15 21 22
AA1W6Gp0KcZ4JSaWK5W89E8f8KWi7XmH4G,10,plain,none,mixed,1 1 2 3 7 10 10 15 25 26
AA1WX45Op42YeQc8n0M0Y1M9zEf9hn3GK2,10,plain,none,mixed,1 2 7 7 8 10 13 15 17 20
AA1WHAeY10H0G4JThIKCAYYjmVYw1eB0a2,10,plain,none,mixed,1 3 3 5 5 6 12 13 21 31
AA1Wb2mg3FK_KbSbbaWGDGL2G5LoBf4312,10,plain,none,mixed,1 5 6 8 9 11 11 14 16 19
AA1W81WL514GV3m8v06IJn6NnA95IA5L3G,10,plain,none,mixed,1 1 4 7 9 10 15 15 18 20
AA1W30KZYX8I864aKXKKXc3uk8ACgXGC1W,10,plain,none,mixed,1 3 3 4 4 6 10 20 24 25
AA1WI4Oq36qmm23r4H14bKGJbJMG2162uK,10,plain,none,mixed,1 1 2 4 7 8 10 17 24 26
AA1WH4E1CP9i5E2E0GqLLoEX88eiJKrM08,10,distinct,none,distinct,1 2 3 4 8 11 15 17 19 20
AA1W4WI48EgeXCM492W3Wg5uSw9X8LKV0G,10,plain,none,mixed,1 3 4 6 6 9 11 16 22 22
AA1WI4Wa0858KH1OAwOO401eClXbBH18Hn,10,plain,none,mixed,1 1 1 3 7 8 8 17 20 34
AA1W2Xt9AB924eYiex458dF46GW4QJ2a92,10,plain,none,mixed,2 4 5 5 6 10 12 14 17 25
AA1W4Gc20EJ92QGia1W1G96efLnI8cYUp6,10,plain,none,mixed,1 1 4 4 7 11 13 13 20 26
AA1W2OCXbffrFgYC8J0GW40v044iCL2DCH,10,plain,none,mixed,1 1 5 5 5 7 11 14 25 26
AA1W10FK14e71BnSWo6L2J9GeT3Yj2AXYK,10,plain,none,mixed,2 2 3 6 8 8 10 17 18 26
AA1WHKG4mjEA1O9n5AIGa438ZIcZy60890,10,plain,none,mixed,1 2 3 6 6 8 9 10 23 32
AA1W60mJvICAHAWuXIm20JRIM6Q89g1KHQ,10,plain,none,mixed,1 1 4 6 8 12 12 16 17 23
AA1WC07IH-8tIKgHa0WH2J9ibfMqwYeX22,10,plain,none,mixed,1 5 8 10 10 10 11 13 14 18
AA1WCKD9kMAmM1h87048MYyaI29AXC4hWO,10,plain,none,mixed,1 2 8 8 8 9 13 13 17 21
AA1WGfuJKG5bxeOGZ2O0nns2icXAq2G8bG,10,plain,none,mixed,1 2 3 8 8 8 15 15 16 24
AA1W1OLpGwQiE924gLY8IODnG6CYMqAM0m,10,plain,none,mixed,1 2 6 6 7 10 14 16 19 19
AA1WD2R8qIxnP5222Ma80HqpEvPWQYbo08,10,plain,none,mixed,1 1 4 5 7 14 15 16 17 20
AA1WIQIQGIuoAJyCH4220dR1eD0a6O9WW8,10,plain,none,mixed,1 1 8 9 9 11 12 13 17 19
AA1WKqY48WK38E0i292K4W10T3OK1KCHfE,10,plain,none,mixed,1 1 3 3 5 9 15 16 19 28
AA1W71WHj1Gg82mbAG9D0eT4BHkBAIeKuH,10,plain,none,mixed,1 1 1 4 9 11 15 18 18 22
AA1WX0W42KocQJH0GA09baWq4ebK8WK20J,10,plain,none,mixed,1 2 4 4 5 7 8 21 22 26
AA1WeZ2uKZcbLZg2M2HG5C1fL4mA0qY8Wn,10,plain,none,mixed,1 4 4 7 8 11 12 13 17 23
AA1WK00m2SIK50XC9WAPYKeb188nAWf70e,10,plain,none,mixed,1 2 3 4 6 6 11 12 25 30
AA1W3YGU15dJ8z7uv0gX4nE2fAGac9HC0W,10,plain,none,mixed,1 2 4 8 10 10 11 13 20 21
AA1W20iJQhoWeZnu8YO40SPhDkR8dQC528,10,plain,none,mixed,1 1 3 8 11 14 14 14 15 19
AA1W46OgJg8YM8w9284Y1GrrQdLZGgaIYP,10,plain,none,mixed,3 3 7 8 9 10 10 10 19 21
AA1W81WQ082mGIbnYO8Hg8Oa2GXv70K4uY,10,plain,none,mixed,1 1 2 2 6 11 14 15 23 25
AA1W50qB0v6kA2m8C2570e6BoY8TtO62H3,10,plain,none,mixed,1 1 5 5 6 8 12 15 19 28
AA1WC5FXkYKGZ20G2WgY2mO10ZCJAKHT4m,10,plain,none,mixed,2 3 4 4 5 5 9 20 21 27
AA1W8Y4mX682W9ZKM13O10heJ18C10YCPY,10,plain,none,mixed,1 1 2 3 6 8 10 14 18 37
AA1W8AHYJ3Vg7YEmq0OX798bKiOP50mP0C,10,plain,none,mixed,1 1 4 7 9 10 12 16 20 20
AA1Wn6mWv1laa53XG1413WSgoY6WJXbKf3,10,distinct,none,distinct,1 2 3 6 8 11 12 16 17 24
AA1WU8l3WO65InAma0Z0WJZ8HKqi8a4JeG,10,plain,none,mixed,1 1 1 5 7 10 12 19 21 23
AA1W6705YmY8m4Z528IYYaeN4c1AHH28Pq,10,plain,none,mixed,1 1 4 5 7 9 15 18 20 20
AA1WGA18B2b5YKAG20e5GoRWa2eH60m944,10,plain,none,mixed,1 2 2 6 7 9 11 12 23 27
AA1WGD1IGc4Wbj062L08lCXY5O929n4K8v,10,plain,none,mixed,1 1 2 5 6 11 14 16 19 25
AA1W48XYZ8h38714eaXP1w0HjT1K8Y1GC0,10,plain,none,mixed,1 1 4 5 5 6 12 14 25 27
AA1WO5AJ0k8a8Gqqb0HAFS22WOh2dT1Lgi,10,plain,none,mixed,1 2 5 5 7 9 12 13 17 29
AA1W18egrPcLKSHeP58GmV22oXMADYy84W,10,plain,none,mixed,1 3 6 6 6 9 11 17 18 23
AA1W309dLYr1Q10mB2KG0G69AJbMcCmn28,10,plain,none,mixed,1 3 5 5 6 10 12 18 18 22
AA1W0WW5FIoH8H14eb48mK9XnsFHef023G,10,plain,none,mixed,1 2 4 4 7 11 15 16 17 23
AA1WY184me50H63lEAH0K2Wg43CUvcAfbG,10,plain,none,mixed,4 5 5 6 6 10 10 13 14 27
AA1WGoJ6dayOWBIPG602f4IZ8H52f2eIaY,10,plain,none,mixed,1 3 5 6 8 8 11 12 20 26
AA1W84Gnh8M4CX9F6m9Z1KOcYo8oIPSBQG,10,plain,none,mixed,1 5 6 6 8 8 11 16 17 22
AA1W7GQXCewWC1WAf544AIKIG-1G4e4GH2,10,plain,none,mixed,1 1 4 5 6 9 11 13 22 28
AA1W94b5f8GbqIsUae4ICDdTB202qX98T0,10,plain,none,mixed,2 4 4 4 5 8 14 18 19 22
AA1W8muZ2J21fAsKe206ZnI-8Z4I9L4D0m,10,plain,none,mixed,1 1 4 6 9 10 14 14 15 26
AA1WX021H9XG2L1HCX4YWa51F8H4p6QSIa,10,plain,none,mixed,1 1 3 6 7 7 11 19 22 23
AA1W40Y7HwaQyH44qXC0Oq4P2DAH5Wmq6G,10,plain,none,mixed,1 1 2 5 5 8 15 17 21 25
AA1WGZe4Of2EG20GBqO209IEIMIWyJX4II,10,plain,none,mixed,1 3 6 6 7 8 11 18 18 22
AA1WaCWGXm3YA99r34GDBe71IMZXSnG952,10,plain,none,mixed,1 1 4 8 12 12 14 15 16 17
AA1W0mJn7JYK8Q2SwXa1I15H48kRwhGK50,10,plain,none,mixed,3 3 3 4 5 6 7 20 22 27
AA1W48U48tcXAuH58Y050S38HuCHHDSKc2,10,plain,none,mixed,1 1 4 8 10 11 13 14 18 20
AA1WL142WK55Ho0i7ma10KZ6GMmHaY1GIQ,10,distinct,none,distinct,1 2 3 5 6 7 12 18 20 26
AA1W6H4OWc6YGO68J188P5ILV5yaa5m20G,10,plain,none,mixed,1 3 3 6 9 12 13 13 14 26
AA1W8D88a4U_x8aRAfAoXgCGC4WBpkAqg8,10,plain,none,mixed,1 5 5 7 7 11 12 13 15 24
AA1WHZQ5o28BaQJ8t3G2GHSLHnGD97O6W4,10,plain,none,mixed,1 3 3 4 7 10 15 16 18 23
AA1W8909KqCGwyiu10GEGO2Xe6HDIZu954,10,plain,none,mixed,1 1 7 8 8 9 15 15 17 19
AA1W2n0q5WO512mhj0O9AoCMfXe40a81GK,10,plain,none,mixed,1 3 4 4 5 7 12 12 14 38
AA1WK91O8KzFf1IDXi4i5AKbCCWa19iDX1,10,plain,none,mixed,2 3 4 7 7 9 10 15 18 25
AA1W29rAcqBPV8E1GYG4n04beH49cAAKK2,10,plain,none,mixed,1 1 6 8 8 8 14 15 15 24
AA1WHHg99FGYCY2dquu0GDd2OZiG594S8a,10,plain,none,mixed,1 1 5 6 8 8 13 14 19 25
AA1W2XGS3GLKipHCa9X0eRGyYv4aaG-4GW,10,distinct,none,distinct,2 3 4 5 6 10 12 16 19 23
AA1W290CwWO6YyYhaAK2WJ8bunA8HnBIjG,10,distinct,none,distinct,1 2 6 7 9 12 13 14 15 21
AA1W92sKQHe0WYDH8Y43WYWSqTc2GK28Ie,10,distinct,none,distinct,1 2 4 6 8 9 10 11 19 30
AA1W922IYq8zDPGnHiC4m_k144I6oMO4W9,10,distinct,none,distinct,2 3 6 7 9 12 13 15 16 17
AA1W8CxEyrPHlD0B2G987W-4464JLXKbeI,10,plain,none,mixed,1 4 7 7 7 7 8 12 17 30
AA1W12ceR4QBim824cKXN72IgtE8I5w7ZW,10,plain,none,mixed,1 1 3 8 10 12 13 13 16 23
AA1WGw8f5aQ0Z0l9BHGKWYIX178gje9YG2,10,plain,none,mixed,1 2 2 8 8 8 9 15 22 25
AA1WQC8rmqIarY3m92K0LMMEqnJBXEGg18,10,plain,none,mixed,2 2 7 7 8 11 14 14 16 19
AA1WsIkL5JbTA285B0ea1811p0TkYoG90I,10,plain,none,mixed,1 2 3 4 6 6 13 16 16 33
AA1W1WDU3en1PB108v460GI0aGZK12AHEI,10,plain,none,mixed,1 1 2 5 5 13 15 18 19 21
AA1W9147Gc2WMaLYyaa1060g2L18n3I4Wa,10,plain,none,mixed,3 4 5 8 8 8 10 11 15 28
AA1WW215BGOZfJYaHcK149O3eNpJ8XuF6W,10,plain,none,mixed,1 1 4 7 9 13 15 15 16 19
AA1WZ4KHKZiEYAQtLv2H1GJgXPX2mA4619,10,plain,none,mixed,2 3 9 9 10 10 11 12 13 21
AA1W4ma58eGcHPQuKKX2094Wi1WMNIAmjG,10,plain,none,mixed,1 2 5 7 8 10 11 18 19 19
AA1WWg3GKiLK59AQ18KC4uDnY2GLBLZIu2,10,distinct,none,distinct,1 3 4 5 8 10 13 14 20 22
AA1W0m9dD05Q79cH8E0GWZ7voOH4d0iaX9,10,plain,none,mixed,1 1 3 4 5 7 12 19 19 29
AA1W4V1SGZOFOgIX40GKKs9Mc0eG30OsX2,10,plain,none,mixed,1 5 5 6 7 9 9 10 20 28
AA1W4TW8HI4P4kLuPPLH42WBoT23GYTYGW,10,plain,none,mixed,1 2 3 6 7 7 16 16 20 22
AA1W2b38e-CYjA0WG60GC0ZLcfWeA6eP4G,10,distinct,none,distinct,1 3 4 5 6 7 9 12 24 29
AA1WH591m2er4YXCK2GaYaqmC1uA9YY2MI,10,plain,none,mixed,1 3 4 7 8 10 10 12 14 31
AA1W4YOZ54kW92WS4n823Wi5HiIQeeQ3O3,10,plain,none,mixed,2 2 4 5 7 7 9 14 24 26
AA1WX8AjGiue8ugiD01r1KDIL6Wq3vLYee,10,plain,none,mixed,1 1 4 7 9 10 13 17 19 19
AA1W2GI5AXYKJL9K0a88Pg0m4TX6HQCbcG,10,plain,none,mixed,1 2 5 5 8 9 12 14 18 26
AA1W5Wm7XBn4KaKIfLY00e71QZv3o18CWa,10,plain,none,mixed,1 1 4 5 6 11 12 15 21 24
AA1WEP58aYYmKI8X4083HA8n6aeX45O932,10,plain,none,mixed,1 2 6 6 9 10 11 15 17 23
AA1WZASAbW3GWS4GiD8454P0dEnWQCHa8Y,10,plain,none,mixed,1 4 4 5 7 9 10 15 17 28
AA1WWPe8HB9Wo6IIq6W0q4W4GIoGy7G4L2,10,plain,none,mixed,1 2 2 4 8 9 12 12 22 28
AA1Wb0g50q8P7MHSLG8a0W5ujCGCfCtH2W,10,plain,none,mixed,1 1 2 6 7 11 13 15 22 22
AA1W1C8C5W20b6KuoXCiY1GOYM2BHoSI68,10,plain,none,mixed,1 1 3 4 5 7 13 14 23 29
AA1W579Y28zd8v1EP44455KSG43W2Oc4ca,10,plain,none,mixed,1 1 1 9 12 12 12 15 17 20
AA1WIHXK8S3WP8fqD2H810u9CfOC9uHY9K,10,plain,none,mixed,2 4 5 5 6 7 8 15 22 26
AA1W371vI24DCWnGX0u8iMEsgpQUebOsY4,10,plain,none,mixed,1 4 5 9 9 10 10 13 14 25
AA1WK54OyPJ3ngEJH22OMe9aGX56cfrMGI,10,plain,none,mixed,3 3 5 7 7 9 11 16 16 23
AA1W9128N5qeYT1P3Aa8mM9Ob2WHZLBIR4,10,plain,none,mixed,2 4 5 6 11 11 12 14 15 20
AA1W50K2WLIXJmj5JWm4Ge3u9X1Qh98A1Y,10,plain,none,mixed,1 4 6 7 9 10 11 14 14 24
AA1Weo6X25HA5eC9IYA17AX0C1WFVY70n4,10,plain,none,mixed,2 2 4 6 6 7 10 14 21 28
AA1W8Wn10E2KjbJg54O2840K4IUYc5OYIA,10,plain,none,mixed,1 3 4 5 6 10 13 13 14 31
AA1W9AEDme3wFnTmN8IBHGuw14WLfHYWuW,10,plain,none,mixed,2 2 5 6 8 12 14 14 16 21
AA1WWY85ommU8v3Kv0aaK5P334HakwmA1W,10,plain,none,mixed,1 6 7 8 8 10 11 13 17 19
AA1W4Wf7VBPWR2z1e9I4f02158gGn2q6E0,10,plain,none,mixed,1 2 2 6 8 8 11 15 20 27
AA1WWC8a10E3jGGu3mJY1G9XiKIKXiMZ0H,10,plain,none,mixed,1 1 2 6 9 11 12 16 18 24
AA1WaAgLAIIGSdi2WX8J6P188eaG8fUv24,10,plain,none,mixed,3 3 6 6 9 10 11 12 19 21
AA1W0e21kpRAbBKc46G4X35G-8fONdY160,10,plain,none,mixed,1 1 3 5 8 9 11 15 23 24
AA1WW921AXONYA9IAYeI68u9r9X1GA2tYG,10,plain,none,mixed,2 3 3 4 4 6 12 16 24 26
AA1WE7m60c4mIAHEzyKW22WAAB9488K892,10,plain,none,mixed,2 3 4 6 6 9 11 14 17 28
AA1W21A1mD1WOX4KkJ20WB1MAnAKccYC0W,10,plain,none,mixed,1 3 3 4 4 11 11 13 18 32
AA1W4Gt1aC9wTJ38C0W8Wa6mHIKMm0OL48,10,plain,none,mixed,1 2 3 3 8 9 10 16 24 24
AA1WS40G0GPtMAi80e5IMCCbeD0K4G67mq,10,plain,none,mixed,1 2 3 3 4 7 10 11 21 38
AA1WW41R3GDYIHCdIw3GY66Y4MIPCfqD7W,10,distinct,none,distinct,1 2 5 8 9 10 11 14 17 23
AA1WGOI8nHfyZaoYK4W08ba7GwXqAYe8KA,10,plain,none,mixed,1 1 5 8 8 12 13 15 17 20
AA1W8WP8b2Z081alD9161MAsqs8XrfZ0k0,10,plain,none,mixed,1 1 1 5 6 10 12 14 24 26
AA1WL1ISSL9OnBohs8e0HXqXSuWpZ5q5I5,10,plain,none,mixed,2 5 7 9 9 11 11 12 13 21
AA1W8IfM1GAA9clbmI4C9ecb2X6KHYBn2Y,10,plain,none,mixed,3 4 7 7 8 8 9 16 17 21
AA1W30KeO30q4F1Go2mIH99I4H84X2WM1G,10,plain,none,mixed,1 2 3 3 8 8 8 12 23 32
AA1W476Bo2LgY24HjP4XY9eD3D3YASY78i,10,plain,none,mixed,1 1 3 5 5 7 11 18 19 30
AA1W146H4C4naGAmWX6cJHBPACXcuoTbaW,10,plain,none,mixed,1 4 4 5 10 10 16 16 16 18
AA1WGmg0O21I49XG54mIAGp6I2GLrIsGn6,10,plain,none,mixed,1 3 5 6 9 9 11 12 15 29
AA1WLKSaWb4maHd8x0q8a11W9n2AWiG410,10,plain,none,mixed,2 3 3 4 8 10 11 14 20 25
AA1W84eKag2ZuIQdy4WcJG1CIjb4VXA50Y,10,plain,none,mixed,2 4 5 7 9 11 11 16 17 18
AA1WI6616G264E2H9G6bZK5mb5DRpQ2WK4,10,plain,none,mixed,3 3 4 5 6 7 12 13 19 28
AA1W4IQGI4J7jcqsc922G9YC8YAeY5Y5Ou,10,distinct,none,distinct,1 3 4 5 6 7 9 13 24 28
AA1W1OY2N1eqUPIBf2W8P84vOxCP10W8Ka,10,plain,none,mixed,1 1 1 6 8 11 12 16 17 27
AA1W0s7TeeR582Z0bPqHaNCA-3WbHn3OK1,10,plain,none,mixed,3 4 4 4 6 6 11 13 20 29
AA1W9A2D8muboYSGIKW91Zw0eIBms6GmvB,10,plain,none,mixed,2 3 4 5 8 8 14 17 18 21
AA1W8928Z45HC4nU4OG918D0-4Oa1IumA3,10,plain,none,mixed,1 1 3 9 9 11 12 16 16 22
AA1W90Aw8H48_v6YWWfGH9GTFk6OXiMH21,10,plain,none,mixed,1 1 3 5 6 12 17 17 18 20
AA1WXQYOb5SnQHg8Y4G2Do32WY4A334Da4,10,plain,none,mixed,1 1 7 8 8 11 12 15 18 19
AA1W2ACQJ1aCo70mA0IXCXG9YA6D1E9g4G,10,plain,none,mixed,1 1 3 7 8 10 11 18 19 22
AA1WM9j9B8Z4OYFnzC220aeAa4CBH48X98,10,plain,none,mixed,3 3 5 5 5 11 11 17 18 22
AA1W2GiPEqynbBlGa2WC0LKHGrJ4X3awa4,10,plain,none,mixed,1 2 4 5 11 13 13 16 17 18
AA1WLbAn8gHIaaaOIgI8aAS5W6Wp0iISOY,10,plain,none,mixed,3 4 5 5 8 11 14 14 17 19
AA1WAIYLc0Cf-FHFK2WO2WiHWmoI92c7WA,10,plain,none,mixed,1 3 3 5 6 8 12 17 19 26
AA1WYYCXYXu90L0hGY167W3mc9588n58OM,10,plain,none,mixed,1 1 4 6 6 11 14 16 16 25
AA1WK1Gg9v4GyBXKaWi8A2mGegHm0eG430,10,plain,none,mixed,1 1 1 6 7 9 12 18 20 25
AA1W0mB52X8H6Ww4WW48PED1GM2mk1eSb8,10,plain,none,mixed,1 3 6 7 8 8 11 11 17 28
AA1WH19C2DGKOXCc5KG8PGg1GQhC6vHCce,10,plain,none,mixed,1 1 7 8 8 12 13 15 15 20
AA1W0oHCCuj1F90Pqd4e4oM1LKr0YG8Y1E,10,plain,none,mixed,1 2 2 4 9 11 15 17 18 21
AA1W20apgL77EXWa54O8gGD1mygKCMGn4e,10,distinct,none,distinct,1 3 4 5 9 10 13 15 18 22
AA1W4peWY7jVmc-l5eHCJIbYa284sCO8GO,10,plain,none,mixed,1 4 4 5 7 8 11 14 14 32
AA1WG1TGq2Ga7Rk1maa8XwnA5Ga8GbgoI8,10,plain,none,mixed,3 3 4 7 7 8 9 12 20 27
AA1W4G_0a2GcGSWm84290n2eQJqKIbeHC9,10,plain,none,mixed,1 2 3 4 4 6 12 18 22 28
AA1WH3Y7DCS0WGm6004AXqP5u820q7B9gD,10,plain,none,mixed,1 2 2 3 3 9 9 10 10 51
AA1WWXSN0FA0m97EbaAW44uJwCCfKH7410,10,plain,none,mixed,1 1 2 3 9 10 11 12 24 27
AA1W2KqNQ14T2G0e50OJ4Gtcq8w6O50L0O,10,plain,none,mixed,1 2 3 3 5 8 10 11 17 40
AA1W0WA4K04BYZ6KGGWJ3oThr9X2vtAIAn,10,plain,none,mixed,1 2 5 8 8 10 11 15 17 23
AA1W50a7Gs2o8GWuH6G890AnM6Z3xWWI2G,10,plain,none,mixed,1 1 6 7 8 10 12 14 20 21
AA1W10GAQTj5DfIghWA0eY8YdMDI4HxM0e,10,plain,none,mixed,3 3 3 10 11 11 11 14 15 19
AA1W4QAWFEat-4LaG20WsiAmgb4mP2ceI2,10,plain,none,mixed,1 1 6 6 6 6 12 12 24 26
AA1WLYIZnEi0qXG94042ZeD0ObTpJCeHYA,10,plain,none,mixed,2 3 5 7 7 9 13 14 16 24
AA1WS25BKHWa5z988f2414P5492eDN1eAs,10,distinct,none,distinct,1 2 3 5 8 13 14 17 18 19
AA1WY0V2GsnoLGc8HP1aGK48W85uPiHWIO,10,plain,none,mixed,1 1 5 6 6 7 7 19 20 28
AA1WG1450LaSGa3GQH860KYgGDXHQCnYLI,10,plain,none,mixed,1 2 2 6 9 10 14 17 19 20
AA1W0O5796efhQgXc9X4WN39KHH5Rin98W,10,plain,none,mixed,6 6 6 6 7 7 8 13 16 25
AA1W9968c48apEFn1024HSFHAA1AfAPY42,10,plain,none,mixed,1 2 4 10 10 11 14 15 15 18
AA1W1G82WK3U2aZod640WJ3WQ2AKKukb4O,10,plain,none,mixed,1 2 3 5 9 12 13 13 13 29
AA1WGmH2GL9K6idaw9f0WHYaea-4shBaR0,10,plain,none,mixed,3 3 5 5 7 9 12 13 21 22
AA1W48Y91eACHWeaWI18XNApc40eH26mgX,10,plain,none,mixed,1 1 3 7 8 8 11 14 18 29
AA1WO8S40WaQuaz0i0G5GHXCEoiCJaOaWO,10,plain,none,mixed,1 2 4 6 7 7 10 20 20 23
AA1WG3WY4TUGA10f4fOQ0mI4XIXL5P9C94,10,plain,none,mixed,1 1 3 6 7 8 14 15 21 24
AA1W3W60i4KKu1CIe208ew1OA5Kq6aqGnA,10,plain,none,mixed,1 2 3 4 5 6 15 15 18 31
AA1W0a9Yocec6mtAH0WWfZ6WY8Q3mYG4MY,10,distinct,none,distinct,1 3 5 7 9 10 11 14 18 22
AA1Wo0tAIKoMKp0a9154a89YEX24HzmW21,10,plain,none,mixed,1 1 3 8 11 12 12 13 15 24
AA1W0W8NIFGT2Jmq0GmJ28JY48Q9afBOYK,10,plain,none,mixed,1 1 4 6 8 10 11 14 21 24
AA1W8Mbub2Y5A9K9e92X1LYko6Go65m0k4,10,plain,none,mixed,1 4 5 5 9 10 13 17 18 18
AA1W1m60n4sZ9PG98CHE11CeQ5GRYPJ3u0,10,plain,none,mixed,1 1 3 4 4 8 10 18 21 30
AA1WWZ8B0x0gAeohdY0p2NX954B2lf26H4,10,plain,none,mixed,1 1 6 7 9 10 12 13 14 27
AA1WXXCW45MbF78a4P356mo09704IXAAGa,10,plain,none,mixed,1 2 2 3 6 8 10 13 17 38
AA1W68r8kcCL1X0u28W4XG63O1-AmWaAWF,10,plain,none,mixed,1 1 2 6 8 9 14 15 21 23
AA1W6ooMIcI1u9F9A48WK52OG51pD4eH22,10,plain,none,mixed,1 4 5 6 9 14 15 15 15 16
AA1W2B11gAEHH998F5YiDWG6WoIfG91A14,10,plain,none,mixed,1 2 3 5 6 6 12 12 23 30
AA1W30eR0C28H2DoYm8GQ48Y2mXZCGX4mA,10,plain,none,mixed,1 1 3 4 8 10 13 16 17 27
AA1WOJpJw8HAGqbN9Gi0G8GY3XnOHH1WXo,10,plain,none,mixed,1 2 4 6 10 10 11 14 19 23
AA1W89DJ7vfLIK4WIAK516LZ4LGGW21LBA,10,plain,none,mixed,2 2 4 5 5 9 9 12 21 31
AA1W0O0W3w9kcgmO80GOXG7177vI2Wig1W,10,plain,none,mixed,1 1 1 5 6 7 9 16 21 33
AA1WB0z8VvfF84kfXCG80iAMg92fOb8n0P,10,plain,none,mixed,2 3 4 7 9 11 12 13 13 26
AA1WXBl3lILW4HWi98i558IbtOXaBCYOG1,10,plain,none,mixed,1 6 7 7 8 9 13 13 18 18
AA1WWnJBsPeXOu3O2We2b8jGK2iisP0u0W,10,plain,none,mixed,1 2 5 6 7 7 9 14 18 31
AA1WOIYeba2WP3CQ88Y4oa4d74m23281uK,10,plain,none,mixed,1 2 5 6 7 11 15 16 16 21
AA1W8GTH1HOeZ9uBIG0APJKFTuhcb2KmR1,10,plain,none,mixed,2 3 7 8 9 10 14 14 16 17
AA1W8AVG7-_wIuZ14aK2X9uQRPD0I5EKqG,10,plain,none,mixed,1 4 5 8 9 9 11 13 18 22
AA1WYYKBmw4WIGc2AnAGc2HHA7IZ0PyG20,10,plain,none,mixed,2 2 3 5 7 7 10 18 19 27
AA1W4WQTQRez3a2mE0e2WaGHfqb144mX60,10,plain,none,mixed,1 2 3 4 6 9 9 15 17 34
AA1WObeIWaH5zfL92mcA7I4ImvCIrGH3m8,10,plain,none,mixed,1 5 5 5 7 8 12 18 19 20
AA1W8L4zaiMX0G0K2qcWAWBYKAfmI440m6,10,plain,none,mixed,1 3 4 4 5 6 7 11 23 36
AA1W30f4o6aYSRWHiuM0esBHLaymKWcGi0,10,distinct,none,distinct,1 2 7 8 9 10 12 13 18 20
AA1WA9GP799D88Wv1G8BWaGW40I43mI2T5,10,plain,none,mixed,1 1 3 6 9 11 12 17 19 21
AA1WP124FZaQA18880O51Oa332OJZ4OP0K,10,plain,none,mixed,1 1 2 3 5 9 11 18 21 29
AA1WY48OWO4Y7IaIaY4I2LAAHKN8T0E2WS,10,plain,none,mixed,1 2 4 8 8 10 13 15 19 20
AA1W8YHWb02H86zG33I6YIYPyE7k-gvGc8,10,plain,none,mixed,1 1 4 7 7 9 13 19 19 20
AA1WGi42QeY0Wec4x1W97nIoRUGX8NCfYC,10,distinct,none,distinct,1 2 3 5 7 11 14 15 16 26
AA1W88vdIq8MeYH2GC2I9D6qa7aGB1uOv4,10,plain,none,mixed,1 4 5 7 7 11 12 14 15 24
AA1WA0mNaVYxHMAjYC8212IMA9GdGGK8W3,10,distinct,none,distinct,1 3 4 5 9 10 11 15 20 22
AA1Wo0G43LAYJIYR9j08516PGQ020fwDXH,10,plain,none,mixed,1 2 2 4 5 9 14 15 22 26
AA1W0K1D7AOf6gifI4Gb33IIE9X2KY8_1I,10,distinct,none,distinct,2 3 4 5 7 11 12 15 18 23
AA1WA0lHOsNDcSmQ4X8308UdXOsMigIa1G,10,plain,none,mixed,1 1 4 5 7 8 10 18 18 28
AA1W38A1GCnIBB4KcB96WX1050q91XgXGG,10,plain,none,mixed,1 1 4 4 10 10 11 12 14 33
AA1W49aeD9sXpP2C2WDH0O6sY1GZ9duz0H,10,plain,none,mixed,1 1 4 7 10 12 13 15 18 19
AA1W2WH8u8qDGDac6105Ga2Z9UxiH52mXq,10,plain,none,mixed,1 1 2 5 7 7 11 18 23 25
AA1W1CCrDHAG8A0WVWaaH2GBU3nPIKGa60,10,distinct,none,distinct,1 2 3 4 5 7 13 18 21 26
AA1W8KOF7XC8X9IDNIY86WuWuHL9WK6116,10,plain,none,mixed,1 1 2 7 8 11 11 12 18 29
AA1WXKVYYAf38Ob3eKa09q10X45WL5bGa2,10,plain,none,mixed,1 3 3 5 6 8 12 19 20 23
AA1W2GA2ESTQCN1qGE24112mo76IAneR8g,10,plain,none,mixed,1 1 3 7 9 10 12 13 21 23
AA1W6bAf8sCHYA1GC2Hf081FYHVW450P09,10,plain,none,mixed,1 2 4 4 6 9 11 12 18 33
AA1W1UewE4rI-N4Gg38eWHWd6EIb21eg2G,10,plain,none,mixed,1 2 4 4 5 6 14 15 21 28
AA1W4Saego2dfyXGX4OA46kMaB0F3dmo18,10,plain,none,mixed,1 1 5 6 8 9 14 17 19 20
AA1W80X870GL3LcOZ0e49SEMA0u01W866e,10,plain,none,mixed,1 1 1 3 7 8 9 11 16 43
AA1WYXC9WM2fcC_e_mE1CCX9IAC28WYEX8,10,plain,none,mixed,2 3 4 6 7 10 10 15 20 23
AA1W9PE8HsE2ZSPYI180W42PO2HJQKo244,10,distinct,none,distinct,1 2 3 8 11 12 13 15 16 19
AA1WKEA90j9A9MAYAGXG40IHXbSiKZ4eeH,10,plain,none,mixed,1 3 6 7 10 11 12 13 13 24
AA1WO5FmG-WPM20y4ucK5GQ58bbIMb8IKX,10,plain,none,mixed,3 3 4 6 8 9 12 17 17 21
AA1W48E409OB1cnowHY2GT4mgyleH44H70,10,distinct,none,distinct,1 4 5 6 7 8 11 12 22 24
AA1W43NncSD0G223GXC6YKcAmq3K4i6Ga2,10,plain,none,mixed,1 1 5 7 7 8 10 11 23 27
AA1W28WK8U0YBIWXeWCAPGHYFvAbRYoPMK,10,plain,none,mixed,1 1 7 7 7 10 11 16 19 21
AA1W5GW6HCGWdYCG8XY5WY6HnL1YaL9I24,10,plain,none,mixed,1 1 2 4 7 11 14 15 22 23
AA1WOL4aD2db1G92G2CH4G3pmA1WAFmUmY,10,plain,none,mixed,1 3 4 7 7 8 11 11 14 34
AA1W90-X0WnV3SGa5mfP0m0aOU5mGS6KA8,10,plain,none,mixed,1 1 1 4 4 7 10 16 25 31
AA1WZ4aqWg4fcuc29CW0H9GwQWO3i1KFH9,10,plain,none,mixed,1 4 5 6 6 7 8 10 19 34
AA1W4KIRY28H4ggY88ImY8Do3mf8H3K0uC,10,plain,none,mixed,1 1 5 8 9 11 12 15 16 22
AA1WTbGI8fDIORSF1890M4QXeZ14YWI522,10,plain,none,mixed,1 2 3 5 9 12 13 17 19 19
AA1WHCW-1yWh4aaIH891DxM0eqaY80S3Ke,10,plain,none,mixed,1 2 4 4 7 10 11 18 20 23
AA1W0Afun4H29jYCY0MmjADY4X4AKH9H4G,10,plain,none,mixed,1 1 3 5 9 15 15 16 16 19
AA1W2TGdqr92wZSx4O9H4YdIA6fZMAHf0W,10,plain,none,mixed,1 3 6 10 11 12 13 13 15 16
AA1W90MGU4o14j59q8990HGMQpgjrLIIHK,10,plain,none,mixed,2 3 5 7 10 11 12 12 13 25
AA1WE20bMUt1KMCa9gE82MzRuWn2Q2kHw0,10,plain,none,mixed,1 3 3 5 6 12 13 15 19 23
AA1W4G8X4aB3juHoD8FHXaE1HdaAz6HJI0,10,plain,none,mixed,1 1 4 5 6 8 17 18 19 21
AA1WPHDAo9GrsXX5410Ya8B0F2ZCb1AyH4,10,plain,none,mixed,2 2 5 5 8 10 13 16 19 20
AA1W2Gf60mL2Oh4aCYD5GW58cYgnWa0W21,10,plain,none,mixed,1 2 3 5 7 9 9 14 17 33
AA1WaWm2GaSYO28i9nGX0860YQaHZX9HIE,10,plain,none,mixed,1 1 1 4 9 12 16 17 19 20
AA1WP5mk0KGk4GYnSGgA4849Yib28Od4mG,10,plain,none,mixed,2 2 4 5 7 12 13 13 18 24
AA1W0CBaI2bcHeQFTOYeXaBfIKAvZagG8O,10,plain,none,mixed,1 2 5 5 7 9 16 18 18 19
AA1W3mOV1SQBOW-6m10KAi9A080eB4o70K,10,plain,none,mixed,1 4 5 6 7 7 7 12 15 36
AA1W5P5EkjqWd4870YWAeLCaaG91aCC2Ge,10,plain,none,mixed,2 2 2 4 10 12 12 12 12 32
AA1W18L2aag3p5fK96888G18aE6kKs8o04,10,plain,none,mixed,1 2 2 5 5 12 14 18 19 22
AA1WXC8v7O1uSG200qA18eHHgDGw1OY24W,10,plain,none,mixed,1 1 1 2 3 16 16 17 18 25
AA1WfBAw7X8Y91uq2eaLKg2GY8g420fqhI,10,plain,none,mixed,2 3 4 5 8 9 10 10 16 33
AA1W49TEKWI4raXSY0G0vq8c6FK4GKGw58,10,plain,none,mixed,1 1 1 3 9 12 13 15 19 26
AA1W50kaFK7mYr2G958GWj8OWAWcJ5ev48,10,distinct,none,distinct,1 2 5 6 8 10 13 15 17 23
AA1WYXHc1GC1OdSKbai37Gw18MmI1a8WY8,10,plain,none,mixed,4 4 4 6 7 9 11 12 16 27
AA1Wg162WCvsjWqyaY80aXXAvKbYXgKb4m,10,plain,none,mixed,2 4 5 6 9 9 11 13 20 21
AA1W48XgfIGi5MG810C8YSL18OYiL1HFi5,10,plain,none,mixed,1 3 7 8 10 11 12 14 14 20
AA1WIaeYb8g4X28UP129KI29Y_GYue30WK,10,plain,none,mixed,2 3 4 5 8 9 9 14 16 30
AA1Wc26g39OIBYgQJH42FT4AGo3PKafNZ0,10,plain,none,mixed,1 1 3 7 8 9 12 16 18 25
AA1W5Gf78Q2m9P0c0K80W518D9xV4OLk0e,10,plain,none,mixed,1 3 3 5 5 6 11 15 21 30
AA1W3nH68m748z211WaYK6X2478fYmMYnG,10,plain,none,mixed,1 1 4 4 4 9 15 19 20 23
AA1WG400i5BMKgcaar0O4o7W91WW62bMoM,10,plain,none,mixed,3 4 4 4 4 8 9 9 20 35
AA1W8mXAgrCeL6aISC0DHj5tT7I0G4K2K9,10,plain,none,mixed,1 2 5 5 8 8 9 13 20 29
AA1W4Ww6Sz4eU2G5HK94H38H2YGsvt0Iv0,10,plain,none,mixed,2 3 6 8 8 9 10 13 17 24
AA1WX450G87OgKon2n0H081GB4uIfJ55MS,10,plain,none,mixed,1 1 2 3 4 12 12 13 18 34
AA1WhcG10A2WNAXHAAX128X881AaeXi2WO,10,plain,none,mixed,1 1 3 7 8 8 11 13 19 29
AA1WYZnCWm6OJ5KyXY99b9P48ILCf2DKC8,10,plain,none,mixed,2 4 6 6 7 11 12 17 17 18
AA1W1ICBv18MR4uMC4Gn6P2AIJvGX56M04,10,plain,none,mixed,1 1 2 2 5 12 16 19 21 21
AA1WGXoJoIfGX78ZuWY2GXqIHYow8s5An4,10,plain,none,mixed,1 6 6 7 10 10 10 11 16 23
AA1W55-tCJbQP9K5cYX2aLvX8dGXQjGHY3,10,plain,none,mixed,1 4 5 7 7 9 11 15 19 22
AA1WJ1krw1GpY0O168G928g3OYOHACXCg8,10,plain,none,mixed,1 1 4 7 7 8 8 9 19 36
AA1W0f68mianceo4X14LYJIj9aCXeH5a8X,10,plain,none,mixed,1 3 4 10 10 11 11 12 17 21
AA1WGH8HQDXIAoh0e0W8fwmG50W8n7aLX4,10,plain,none,mixed,3 4 6 6 6 7 7 9 22 30
AA1WGgAXw48NYR386W41JI4WE2eQgImj2e,10,plain,none,mixed,4 4 5 5 5 5 13 14 20 25
AA1W4LaX2eZbgt0KEIJO5aXAIEf8Haw40X,10,plain,none,mixed,1 1 4 6 6 9 15 16 19 23
AA1WGP9IIfKO-UEEH0H8H4p8LABDcagOWP,10,plain,none,mixed,1 6 7 8 8 11 12 12 16 19
AA1WGqCAaL1mY4WunY94V0OH2AYoWqP490,10,plain,none,mixed,1 1 4 7 9 11 12 14 16 25
AA1W4Esir9aj96mX8uu940G1xHC4lfIZfG,10,plain,none,mixed,1 2 3 8 9 10 10 16 16 25
AA1W2mL2WCHYN042a1m5Wf1881PI4IAoaC,10,distinct,none,distinct,1 2 3 4 5 7 12 13 25 28
AA1W9QGgqKSBo69Lw18G9Yv8a6a50YYlH2,10,plain,none,mixed,1 2 4 7 7 9 11 14 17 28
AA1WHY14H1JwiOaoaa8005ql9Zih2ScwI2,10,plain,none,mixed,3 4 4 4 5 7 13 14 20 26
AA1WJ1qIYXdFmC476Q520koyJPWdYzHgaG,10,plain,none,mixed,4 4 4 8 10 10 12 14 15 19
AA1W4X8OKeH4b8XInAIIRuBLG50lxZK2O8,10,plain,none,mixed,1 5 8 9 10 10 10 13 16 18
AA1W2WC0w72m581e6WID1e50Y4iMIH9J0m,10,plain,none,mixed,2 3 3 4 4 5 9 15 25 30
AA1WKY2O1098M4i-XWM0W1uCH3OK6CnNo2,10,plain,none,mixed,1 1 2 3 5 7 8 9 32 32
AA1W184iTYDiyoLEf7442LJ1CIY8qgQM50,10,plain,none,mixed,1 1 6 7 9 12 13 16 16 19
AA1WmWq2XGjXK3OH18YI6WK38lCJbX4995,10,plain,none,mixed,1 2 2 5 9 10 10 16 20 25
AA1Wmb9eGXaH7X48B046HAfHH28JpA8E68,10,plain,none,mixed,1 1 1 5 10 12 15 16 16 23
AA1W2Z9fGm52G50g5ZC1B9g0H95uGM2uX4,10,plain,none,mixed,2 2 3 5 6 8 9 19 22 24
AA1W918E4QWaZazZXCC2148X2R2uBHd2e8,10,plain,none,mixed,1 2 5 5 6 7 11 19 19 25
AA1W21PKLHS9W92nkaGI3oIr1zYCWa7uvH,10,plain,none,mixed,2 5 7 8 8 9 10 10 11 30
AA1W210b8xvXP92Ge70E2JKcAbHKO3mM0e,10,plain,none,mixed,1 1 4 4 9 10 11 14 17 29
AA1WeZ7MIH7Wt6ma54a0C0C3W8YGKQ4g2e,10,plain,none,mixed,1 4 5 5 6 9 13 13 14 30
AA1W0XweqIWhg7Oh48YO1GB4GGbeUM2dC1,10,plain,none,mixed,1 1 2 3 12 12 14 15 19 21
AA1WA2WS6s6ey5ej9WA88Xm92g082H950I,10,plain,none,mixed,2 3 3 5 8 8 9 14 23 25
AA1W4L4ebKIBWa2HAHaa2CLKH2X18EXKIK,10,plain,none,mixed,1 3 5 6 6 7 12 17 18 25
AA1W4CWK11L4oJJOy0uWAQC9a3m96ms4L2,10,plain,none,mixed,1 1 1 8 9 10 13 13 14 30
AA1WIL8abpkcKq-b4ma4aY670Z18v4a9OX,10,plain,none,mixed,3 5 5 7 10 11 12 12 17 18
AA1WHfCDbSE014P0AWuCW4WWNTIQ7OO2a8,10,plain,none,mixed,1 1 3 3 4 10 11 19 20 28
AA1W8fOC_9C8xB2kq804924fPLamvHCIK9,10,plain,none,mixed,1 6 7 8 9 11 11 12 14 21
AA1W2GE1GvKInhHWe105mX18AAaeWY4la4,10,plain,none,mixed,1 2 4 4 4 10 11 17 21 26
AA1W0W5_A2X1AXG8514K9zJf5Gn6NCueX4,10,plain,none,mixed,2 3 3 5 6 10 13 15 17 26
AA1W2Xp0c8SYXZ4ao1ES39KSILWhCsHY28,10,plain,none,mixed,1 1 4 9 10 11 11 12 18 23
AA1WQ07u5GA1J39u1m25IAfJ4OMAmg6ZYG,10,plain,none,mixed,1 1 2 7 9 11 14 15 16 24
AA1W30PkRw8gbAHX3-GH1962Q4bALAADiG,10,plain,none,mixed,1 1 5 8 8 10 12 13 15 27
AA1W48S2GZ8Lm3VKB081WI2mfgAQZoO4b8,10,plain,none,mixed,1 1 3 9 11 12 13 14 14 22
AA1W49X8L470xIoHK28C1096e4OX51CIWA,10,plain,none,mixed,1 1 1 4 10 14 14 18 18 19
AA1WoIAGn9JJ4Og6GY4W00EWe54OP2ICWC,10,plain,none,mixed,1 1 2 5 8 13 15 16 19 20
AA1Wcb48Hm27f0mKHZCI082SgAKMXY491G,10,plain,none,mixed,1 2 2 4 7 8 12 19 20 25
AA1W9D6mg4o58B_8A0aa1EJ0910tb94v24,10,plain,none,mixed,1 3 6 6 7 10 14 14 15 24
AA1WIHIC98r0890UYHKaKHa9iJWPCPbS0W,10,plain,none,mixed,2 2 4 6 8 9 10 16 20 23
AA1WIBG43G9ZDeB2XGg8HFMD3uGY50G2aG,10,plain,none,mixed,1 2 4 5 8 10 11 11 23 25
AA1WaiZ8MauLHQ0G108H182Za0WQ3LwHGQ,10,distinct,none,distinct,1 2 3 5 8 10 13 15 19 24
AA1W28oGG48ea2iMJpWCXYKAGn8209OZen,10,plain,none,mixed,1 1 1 5 8 10 11 11 20 32
AA1WGA2899BZ14aA4MK2GLHWi5uU91z_48,10,plain,none,mixed,1 1 7 8 10 11 12 13 14 23
AA1W2WVq4GIn6Y0eQ48I1zJoNQAVZ2WX28,10,plain,none,mixed,3 4 5 6 9 11 11 12 19 20
AA1WOWa8aa2a03BsDGAjKI2dHEXQAW20WC,10,plain,none,mixed,1 1 2 5 6 7 11 13 17 37
AA1WHIyMAmA18O8hAee4WaHYdW2J1cFnD2,10,plain,none,mixed,1 2 4 7 8 9 11 12 23 23
AA1W41GnbL69aC9Gi2WKI1O4nYpGI0e51K,10,plain,none,mixed,2 2 3 5 7 9 11 16 20 25
AA1W0C1Q8o9QHO4cL58eZ7I3jH1u9HCBGg,10,plain,none,mixed,2 3 4 6 9 9 12 17 17 21
AA1W9PC917AEY0Jy8W81WS2mZ7eBPafAi5,10,plain,none,mixed,1 1 1 3 10 11 15 16 20 22
AA1W3999amEWQ1O80a829mE6Gu2OAQmKYe,10,plain,none,mixed,1 1 2 4 6 7 15 16 17 31
AA1W411NG58ymH3GaH2CPwMcJ92UAHoI50,10,plain,none,mixed,1 1 6 7 8 9 15 15 18 20
AA1WXAI6WH6dg9ieY28Y4DIYCCKJ1ZyiW8,10,plain,none,mixed,1 1 8 9 9 11 14 14 16 17
AA1WXGH2iaPbA92c6eGeGw1WaCUWHXPew4,10,plain,none,mixed,1 1 3 8 8 9 11 16 21 22
AA1Wi50Y25Hs4KwB4We238GM2HnEF8M512,10,plain,none,mixed,1 1 4 8 9 9 10 13 21 24
AA1WG17A7P5mb28Gg4m492aG152iRba-b0,10,plain,none,mixed,1 1 4 5 5 7 8 10 20 39
AA1W8X5GGXbrYf2ac0m50NQ9D48Y3oeC6W,10,plain,none,mixed,1 1 2 8 8 9 14 16 20 21
AA1WGC8q7GJ4GX1KAGA26q4X1OA_Wq2W40,10,plain,none,mixed,1 1 2 2 5 7 14 15 18 35
AA1W0OGZ4u8WPDCyK16HXgD9L7N4cK50aG,10,plain,none,mixed,1 1 1 6 8 11 12 18 18 24
AA1WmI18Aw89F2-Rk3G44bOHf5H86mYk0I,10,plain,none,mixed,1 3 3 4 7 8 14 17 21 22
AA1W2ODfhAOd83OB1K8IB8O08144ECX9G8,10,plain,none,mixed,1 2 2 5 6 7 8 18 25 26
AA1W4P9YN82ZIi8k8105YeQ5cDIYibInW4,10,plain,none,mixed,1 1 9 9 11 12 13 13 14 17
AA1W60qw1m4082SydnaKXXK90MYPGa5XK6,10,plain,none,mixed,2 5 5 5 5 7 7 12 23 29
AA1W8158WpnjDHY8C2858X3PG6PpAcWu48,10,plain,none,mixed,2 2 2 2 10 11 16 16 17 22
AA1W0X71vHHKXIiIbZGR3TS41ZLvnH7ceX,10,plain,none,mixed,1 5 6 6 8 9 9 10 16 30
AA1WM5YC8XVEKYYGT0mY2Cq9I24ZY4CHXS,10,plain,none,mixed,2 3 4 4 8 11 12 15 19 22
AA1WS4YGJY6ejDfdk0mGK1KF84Gm4W2aaA,10,plain,none,mixed,1 2 2 3 4 8 8 19 25 28
AA1WCXSZY2mC0EfHw084BQH88WXDnX850Q,10,plain,none,mixed,1 2 2 5 10 10 12 12 15 31
AA1WHoO62mMY9I480C20O4P3834yMMIIQ8,10,plain,none,mixed,1 1 2 7 8 10 15 15 17 24
AA1WebS6Go41A4ockiDGW60MPaM132G4ma,10,plain,none,mixed,1 2 4 4 4 8 8 10 26 33
AA1WAZG3uYALOB5K0W5cKiLW2CM4gYGG11,10,plain,none,mixed,1 2 4 5 5 10 11 18 21 23
AA1W0GZXGb4dQ6p1YA0YFAwlFAvHHBLWhX,10,plain,none,mixed,1 3 7 8 9 11 13 14 17 17
AA1W4ABTKSHWKiuhq8J7HLqrgLBmWr2H80,10,plain,none,mixed,1 1 7 8 9 9 11 11 20 23
AA1W0HGBtDXBHwe14K09HN6S7WdOb648uP,10,plain,none,mixed,1 1 4 5 5 12 13 15 17 27
AA1WGw8nIK768AqKIIIH1M5Wa2XAbHEm20,10,plain,none,mixed,1 1 4 5 6 9 10 17 22 25
AA1W890G2CIHajgE2P09H6IW538gCGu3iI,10,plain,none,mixed,1 1 3 7 8 8 9 14 14 35
AA1WOJ38Pv7GfqH492K8X8Oea80H9PC668,10,plain,none,mixed,1 2 2 5 7 9 14 18 18 24
AA1WH4DtHIIIUf1WA2m1j1L31OnCI48s0m,10,plain,none,mixed,1 1 2 2 10 11 12 15 23 23
AA1W8I1rXMML1Wa4DqIH1RrRo2P2G8gh30,10,plain,none,mixed,3 4 5 6 6 6 9 15 21 25
AA1W3mXja9HqX1IHf815QnGv4pYUYBX_eG,10,plain,none,mixed,1 1 3 6 9 12 12 15 15 26
AA1W6CiPW4Yy9_1HvH2qI59I414sCCHaGC,10,plain,none,mixed,1 5 5 6 8 8 11 13 16 27
AA1W52ZKn738W43WI06WK28fZsUXI8ng2G,10,plain,none,mixed,1 2 4 5 8 9 11 11 23 26
AA1W0eW7B9OF6CWaAIY6Gg9OajUeX0I368,10,plain,none,mixed,1 3 3 5 5 11 12 13 21 26
AA1W0ig2f31aoaWiQJKmaGYLmTIuXpxa20,10,plain,none,mixed,1 1 2 6 9 10 15 18 18 20
AA1WmduI2G61EIB4UIS42Wf3LioPY0F2WO,10,distinct,none,distinct,1 2 5 6 7 9 13 16 18 23
AA1W3BASJ5vPqcIHPR04WOnaEwJ2E8fgm5,10,plain,none,mixed,1 2 7 8 9 11 12 12 14 24
AA1WCHa2GIArbHG4WW44uy628J081caZa4,10,plain,none,mixed,1 2 2 5 6 9 12 18 19 26
AA1WWee70j5oK6I4sIA2CIXiDBo1Y1EE4G,10,plain,none,mixed,1 1 3 5 9 9 15 15 20 22
AA1W2Y3Gk5eIXyuSY0W9PKb4KWe40Mgco2,10,plain,none,mixed,1 4 5 5 6 9 10 12 15 33
AA1W9HCcNaB5NKQYGS3J0X9IY538F68AH4,10,distinct,none,distinct,1 2 6 7 8 11 13 15 16 21
AA1W4f9Ar9ObHN2wGG288v0cCGJQkY4O0u,10,distinct,none,distinct,1 2 5 6 7 10 13 17 18 21
AA1WC1W40Hf98114Ac428W4AEfqjYiGY5W,10,plain,none,mixed,1 1 2 6 6 7 18 18 19 22
AA1W53aJ29e4GI5ag4848CiZnEwbyXYCH2,10,plain,none,mixed,1 3 5 6 9 9 11 12 21 23
AA1WfICIBab2yGK4I4414_a1033BEVCOX4,10,plain,none,mixed,1 2 6 6 7 10 11 12 17 28
AA1W69CB7JYXGI3LZKa21I7M4GjHIMbuoW,10,plain,none,mixed,4 5 5 7 9 9 10 13 15 23
AA1W92e92GIfa4WM50oa4WQ683n91Ga4Op,10,plain,none,mixed,1 2 5 7 8 8 10 15 22 22
AA1W8l6XGX5GPZb48E19C2GO4EXmGYAlGG,10,plain,none,mixed,1 2 3 6 6 8 9 13 19 33
AA1WL2GY4GJDeq1XAX6I0ap64JKf28J2Ga,10,plain,none,mixed,1 2 3 5 6 7 7 18 22 29
AA1WHYCLXI40IiAdBb48f8Hpa7H1WH47Gm,10,plain,none,mixed,1 1 6 9 9 11 11 12 16 24
AA1W2H42n9zCgmg2mC14Gb37ev08964BmI,10,plain,none,mixed,2 2 5 6 6 9 11 16 17 26
AA1W47QcJCJ2mD1uE4GWB0X3XkIUe4Wi5W,10,plain,none,mixed,1 1 4 4 7 8 12 13 22 28
AA1W1AYOcY4H16r6cW88eaWdUGgAnV4BL2,10,plain,none,mixed,1 2 7 8 8 9 13 15 17 20
AA1WOA4HHMLFBsfi3GY60aCaQaDku8hM64,10,plain,none,mixed,1 4 5 7 9 10 12 12 18 22
AA1WI2SCWX65WaPDKW42W8HPLIIYaZbTAB,10,plain,none,mixed,2 2 3 6 7 9 10 17 20 24
AA1W60GcAGH2CGU4qH48A5SJZa1WB1F8Y8,10,plain,none,mixed,1 1 2 5 9 13 14 14 14 27
AA1W0cosZ-CSjUeC1u99aK71CWWeAcnCH4,10,plain,none,mixed,1 5 6 7 8 9 11 11 20 22
AA1W1OBI2KHH8B7agG9GA52O30xfEWIK8W,10,plain,none,mixed,2 2 2 3 6 10 15 16 16 28
AA1WM2140O5WkYHY1821WCHYAjrAbC1YQG,10,plain,none,mixed,1 1 2 5 5 6 9 17 21 33
AA1WKHqRDIo8WOS26X4H3UamBoH1GE2T0S,10,plain,none,mixed,1 1 5 7 9 9 9 10 19 30
AA1W3Pee1yyKqJ4HbT892aJ4PwIa9Hoe94,10,plain,none,mixed,1 3 8 8 9 9 9 13 18 22
AA1W1OT3iBo148XaYmG292EHcCKn2DIc8H,10,plain,none,mixed,1 1 5 6 9 11 15 16 18 18
AA1We4We7WIIUL538n84H64N65GI2uD4WY,10,plain,none,mixed,4 6 7 7 8 8 9 10 11 30
AA1W40K2eL5AGaaIeec48i6WtbKSdWs6AI,10,plain,none,mixed,3 3 3 9 10 13 13 13 14 19
AA1W0e4CeI5Wm432mK28n58I4F1GC6mwWK,10,plain,none,mixed,1 2 2 3 6 7 10 19 20 30
AA1W5fHaD628PvBrEUCWcfqHfrWnaX3C8G,10,plain,none,mixed,1 1 6 7 11 12 13 14 17 18
AA1W8c1mGH1aJmQ3X14f1NZ8O31mCTIuWo,10,plain,none,mixed,2 3 5 5 7 7 8 9 25 29
AA1W1O80cBd4rbfBJ4a8X14Ga48QSeqgGe,10,plain,none,mixed,1 4 4 5 9 11 13 13 16 24
AA1W4Oa2gHI5aEY4mW41OP9XGOXOB68H4e,10,plain,none,mixed,1 1 6 6 9 12 12 14 18 21
AA1W6GX4H1522GB0a6W813AXoY0G60mz0i,10,plain,none,mixed,1 1 1 6 6 6 12 15 20 32
AA1W94YGS24gEf4ga50GDet6r0W4YKgJXi,10,plain,none,mixed,1 3 4 6 7 7 10 15 17 30
AA1W88L4ifTbaZduCWYE0I4aDmI8QqXa40,10,plain,none,mixed,1 1 2 8 8 9 11 19 20 21
AA1WaT2KN1WCKJ8yTW44B94t50GI38SBa4,10,plain,none,mixed,1 4 5 5 8 9 10 11 11 36
AA1W95cB1aj2m6md6GWH4ua2GuDMSq8GQ5,10,plain,none,mixed,3 4 4 4 10 11 11 11 20 22
AA1W0HHQ8qWI49aWa4WeDqrXW4aabbq8b4,10,plain,none,mixed,1 1 2 5 11 12 13 13 18 24
AA1W820W79Y8D0g9HAYIZ4a1089n9XKAee,10,plain,none,mixed,2 3 4 5 5 6 8 10 26 31
AA1W4WZCcSJIKd6KWK8S2AOX49123-po0G,10,plain,none,mixed,1 1 7 9 12 12 13 13 16 16
AA1W4FIz91gX4WHK9L6Y9ibYWi3M2ekq2W,10,distinct,none,distinct,1 2 3 5 8 10 14 15 20 22
AA1W8f5ORCa1uKwW2082GoJWa5Gn93aD4a,10,plain,none,mixed,1 5 5 7 8 11 13 14 16 20
AA1WHP8M5SYVJASGyOb2XfsJ5GoW80XWmW,10,plain,none,mixed,1 3 4 7 7 9 11 12 19 27
AA1WYVWC6SWI4IH8B2Y43Gieciuj98vWW4,10,plain,none,mixed,1 4 4 4 7 10 13 13 17 27
AA1WAfHGYZb0W86I8GH2WcGWFExqSaaeAW,10,plain,none,mixed,1 2 2 2 11 12 12 14 21 23
AA1WWS2IrqC2WbWl5OaD24BXC8AXL13WW1,10,plain,none,mixed,1 1 4 4 5 7 13 14 18 33
AA1W18B0W8k1f8OW8404eL2ek20mv68GWO,10,plain,none,mixed,1 1 2 2 4 7 7 18 28 30
AA1WB0KAv9X8iK1GGe52eb5MCoXIXHIIGH,10,distinct,none,distinct,1 2 4 7 11 13 14 15 16 17
AA1W10jrfaF6aOwHa2GJ1JI3CYyWE44X16,10,plain,none,mixed,1 1 8 8 8 9 11 14 16 24
AA1W2GWsZnS0ecZqI2H9Y02XYc2QGH8f4f,10,plain,none,mixed,1 1 1 2 11 14 15 15 20 20
AA1W1GH15a6A3mb8H4G8Oe6vH2EnUYOn4m,10,plain,none,mixed,1 1 2 6 9 10 13 17 18 23
AA1W4Ow4tXWK8t0mX0G8Oi8WaHK7I1GC4W,10,plain,none,mixed,1 1 1 2 6 8 14 18 24 25
AA1WHfAaXKxCj7ear3G1BYw21BG7MK4mYW,10,plain,none,mixed,2 3 3 4 6 12 15 16 16 23
AA1WWed8fPCH9KS4Wa80a4XdaB0u9CCN14,10,plain,none,mixed,3 3 3 5 6 11 14 15 19 21
AA1WD1B62WoZuc0A2082We93GicFIIYaYa,10,distinct,none,distinct,2 4 5 7 8 11 13 14 15 21
AA1W20HX28HTi5Bi108AJAJYIGI23GK4cO,10,plain,none,mixed,1 1 6 8 9 11 12 13 19 20
AA1W229V8EHH4CNOK24aSbAI88-3EeiA4G,10,plain,none,mixed,1 2 3 6 10 10 11 12 20 25
AA1WGoBWX49uvKAnA1G4ZaDGO2m8q2G462,10,plain,none,mixed,1 1 3 8 8 8 9 14 23 25
AA1WAY9N2KWbYR114KW8fyg16JamFayawX,10,plain,none,mixed,1 4 6 7 11 12 12 13 13 21
AA1W1T89YAKUS8Y9h0WH4JjiYcSfInEZme,10,plain,none,mixed,1 3 7 10 10 12 13 13 14 17
AA1WG13oUa7W58bhYwH5Y9bAZQfcAn9XXG,10,plain,none,mixed,3 4 5 8 10 10 11 12 18 19
AA1WL49ciYr0aaYaS0J1CLaKXKPYQGGECm,10,plain,none,mixed,1 2 4 5 6 11 16 18 18 19
AA1W8f-K5uHBAPngAoE8WaU86a33WYAY0W,10,plain,none,mixed,1 2 3 6 7 10 10 11 22 28
AA1W488Vba5KGY0W5K22PcKm6ojHMGo24G,10,plain,none,mixed,1 1 2 3 6 7 13 17 22 28
AA1W009g9CGZ4O_u301CYYN128Z1abKh4L,10,plain,none,mixed,1 1 5 5 7 8 8 19 19 27
AA1WL1P8WT4HSQ0EZmW1G9WfHkBUbEqq91,10,distinct,none,distinct,1 3 5 6 9 10 12 16 17 21
AA1WQ0O18ISLeB9ef2818IaOG5p2Y4Gi6i,10,plain,none,mixed,1 1 3 4 6 10 11 19 21 24
AA1W2OY4MYG10CLkCWGCH46WfWW50u254e,10,plain,none,mixed,1 1 1 3 7 10 12 15 15 35
AA1W511916raA0rXn4G1Wb2smms7jbOaYY,10,plain,none,mixed,2 3 3 3 5 9 12 15 17 31
AA1W0MaiMH3GIKx8Y4GW8Yv4EfKIaceSYC,10,plain,none,mixed,1 1 5 8 11 11 12 12 15 24
AA1WecqBA14D43WG3O32YCzYyXX9HoII12,10,distinct,none,distinct,1 2 3 6 7 9 13 17 20 22
AA1WncCYgLWi4v0mmX40vcHA4GGcLI0G1G,10,plain,none,mixed,1 2 2 4 7 8 12 14 24 26
AA1WG40W1jwH6fnG90YIbeB13CHM795E0m,10,plain,none,mixed,2 3 5 6 7 9 12 12 16 28
AA1W4Cpc2MICIU88105X1O8X8OaaaD0V15,10,plain,none,mixed,1 1 6 7 7 10 12 12 22 22
AA1WA1fCXFoXqg76cp350L4GHvJjXlaq11,10,plain,none,mixed,1 1 5 8 11 12 13 14 17 18
AA1WHBZV2G3GKuELn8K101b1irbJKIzXg8,10,plain,none,mixed,2 6 6 6 7 8 12 16 16 21
AA1WH1g4X08fIYGI4KI0e8X38vVGA2WdaC,10,plain,none,mixed,1 2 2 5 6 9 17 18 19 21
AA1W8CX90aT1OL1IM2eo0G5tM30DSY4GI2,10,plain,none,mixed,1 2 4 4 7 12 13 16 20 21
AA1W4LYn2iLuJ5HLxqHO62YAK9XIPgO4uO,10,plain,none,mixed,1 1 6 8 9 10 10 13 18 24
AA1W1LqIg5GocGI4me90M1h3Of589CE4IW,10,plain,none,mixed,2 2 5 6 6 11 11 13 21 23
AA1WAYqGX4im920G1m9c4GQ6WI0Q28Y2OA,10,plain,none,mixed,1 3 3 4 5 9 15 15 16 29
AA1W0W4I52HQiOpG9144X4VIGH3ESfy4WK,10,plain,none,mixed,1 2 6 8 8 12 14 14 17 18
AA1W8X6AQIGj6I9Y82W08PAYFHWe56GFo2,10,plain,none,mixed,1 1 2 5 6 9 14 16 22 24
AA1W4GYXY9aC0W9k949K3rIgKKIYGX2OYP,10,distinct,none,distinct,1 3 4 8 9 10 11 12 13 29
AA1WGX-KAWf3HKsg8f20WosK8KKwJaJJ1J,10,plain,none,mixed,1 2 6 7 7 9 15 15 17 21
AA1WaGU28H97s41uIS4bWr5mIX2rWQQG8Y,10,plain,none,mixed,1 1 5 6 6 6 7 8 22 38
AA1W5HQCGYGj6n4ua2K0GL75WGi3HAWd48,10,plain,none,mixed,2 2 3 3 4 5 9 19 21 32
AA1WCNa6ZK61T5O40XaO50K1vGWi6a8XaG,10,plain,none,mixed,1 1 2 5 8 8 11 14 17 33
AA1Wo0m48XB5KyW6zG6YG5XKb1IoMQaKGY,10,plain,none,mixed,1 1 4 4 11 12 12 17 19 19
AA1W88Y4SxKiW8Vz20m8Ww1aA8ea8HspGa,10,plain,none,mixed,1 3 4 5 8 12 12 15 19 21
AA1W4mQkc8Qg9YC9W89CA8R2ej0K_OBHQW,10,distinct,none,distinct,1 3 4 6 10 11 13 14 15 23
AA1W2G5n786yKL2O7o84IQ69n9rXrAYoAX,10,plain,none,mixed,3 5 5 5 8 9 11 16 19 19
AA1WGAPKcGcLpWaiP2aC0IcChuXizSWX2G,10,plain,none,mixed,1 2 2 8 8 11 11 14 20 23
AA1WaWKz1ev45XzC3GAmXYIGamY7J0A0WG,10,plain,none,mixed,1 1 5 6 9 10 11 15 21 21
AA1W2aI91eFT9mj73m8YA3HuHABY5CXIYY,10,plain,none,mixed,3 4 5 7 7 9 14 14 15 22
AA1W461JXqJ2K14AHHBnWAiD0438FY4GC0,10,plain,none,mixed,1 1 1 5 6 6 14 18 23 25
AA1W1A8WK4Y2-Qf38gAacK28O20iMhE3CG,10,plain,none,mixed,1 3 4 5 7 7 11 16 19 27
AA1WH0WNmX1KDXcq0WCgb2GY4iMaAA8F0O,10,plain,none,mixed,1 1 2 2 10 11 12 17 20 24
AA1W8qaoHHAHu90m678W11O7DA2DI6GC0W,10,plain,none,mixed,1 1 5 7 8 9 10 11 24 24
AA1W1649SYUfq9HaL2Oo5mSI8PhiqISE20,10,plain,none,mixed,1 7 8 8 9 10 11 12 14 20
AA1W925awDQYo8XVBC48g4zZH18aeAR9ie,10,distinct,none,distinct,1 3 6 7 8 9 12 14 18 22
AA1W0W60rCYaa88QJK59HJA0y6WX8fCXi4,10,plain,none,mixed,3 3 5 5 6 6 14 14 20 24
AA1WIfIA1Quno80K0822WaYWS1WoEL6nwC,10,distinct,none,distinct,1 2 3 6 7 13 14 15 17 22
AA1WPogQBXLXqC3mE9K0G22cXCYu14XK92,10,plain,none,mixed,1 4 4 5 7 8 11 15 18 27
AA1WWK5GM2nIKF1BLHY82GHQAGYGLSpuX2,10,plain,none,mixed,2 3 5 5 6 13 14 15 15 22
AA1WDLnw6skrEAGK8eYY08L17IqO115WA2,10,plain,none,mixed,3 3 3 4 6 9 11 16 16 29
AA1W1O70b8fscKyS8481PK8WN3uTfIWGW8,10,plain,none,mixed,1 2 3 4 4 8 12 18 19 29
AA1WX2558YG8jAp8P4e8j4UBvH2Cw1455G,10,plain,none,mixed,1 2 7 7 10 10 12 15 18 18
AA1WY2L5D4mY4NeTF16A4GKZ6HE0fB3OK8,10,plain,none,mixed,1 2 5 7 7 10 10 15 17 26
AA1W0b1bUbx8uljH58GWGO97smkY-gPBE1,10,plain,none,mixed,1 7 9 9 10 11 12 13 14 14
AA1WGP1B8-cGaK2GC0W708WJ3IoG61Of08,10,plain,none,mixed,1 1 1 4 6 10 11 16 24 26
AA1W5C8a6HOH25GyH445LBZ4eSI41eA4r6,10,plain,none,mixed,1 3 5 6 7 7 8 14 19 30
AA1W8X890WY2SPZI3H4b4OWHDDfMY850W4,10,plain,none,mixed,3 3 4 5 7 7 10 14 19 28
AA1WXo1G8PDIQO50a180q5A9gB9fY0Gb0e,10,plain,none,mixed,1 1 1 4 4 5 13 20 25 26
AA1WH9QCqc82uGI5hI45P8gQoHKHHGjXm8,10,plain,none,mixed,1 6 7 8 8 9 9 11 15 26
AA1WAWl4uXcKJ95gzGJ4W91K1Mcj4Xab0H,10,plain,none,mixed,1 1 4 7 8 11 12 13 16 27
AA1W8XQqK2GQX8Oq5nO42W935JiUJcPaqA,10,plain,none,mixed,2 3 4 7 8 8 9 10 18 31
AA1W4b18GXdDKoCP50aKK4X5G2Gc2COx0A,10,plain,none,mixed,1 2 4 5 5 11 15 17 17 23
AA1WAX4I1Wo1QB7c7nE2GaQKnkgIIWK108,10,distinct,none,distinct,2 3 4 8 9 10 12 13 15 24
AA1W1IXJ6pMg5H6GH044n2eD1I9NpEWO68,10,plain,none,mixed,1 1 2 7 8 9 12 19 20 21
AA1W2GN48XSDYgamWi24Gm40aHK6Wo9Y8I,10,plain,none,mixed,2 3 4 5 5 6 12 18 21 24
AA1WIHJXC9eMEV28d4e92YsW80o960eq0W,10,plain,none,mixed,1 3 3 5 6 9 12 13 21 27
AA1W0gYtXEacrWQ5Wa892kk4GF2W4EkeHG,10,plain,none,mixed,1 2 5 6 7 10 10 12 17 30
AA1W0WHD4rJhXCfcaXe492DIn77eZ928d0,10,plain,none,mixed,1 1 4 9 11 13 13 14 15 19
AA1W2WaA_18AO91AI1W4107R4egUIXKQI2,10,plain,none,mixed,1 1 7 7 7 13 13 14 17 20
AA1WAKn9CkYCWX22SI4874uJ3dIA4n7i2G,10,plain,none,mixed,1 3 4 5 7 10 10 11 21 28
AA1W8c8R4IOAXCKYXPCL5DKjuiM2851jD2,10,plain,none,mixed,3 4 4 9 9 10 11 12 12 26
AA1WXG51Jfxm-GKDhWYa8K90REH9vXZvme,10,plain,none,mixed,1 4 6 6 8 8 9 11 23 24
AA1W1HPBEK1WD4hmIA0OIYOa2XYffD5eeI,10,plain,none,mixed,2 4 4 5 6 10 14 14 14 27
AA1W90aOEnI4O30N20OH3m47We4JWo4GGa,10,plain,none,mixed,1 1 3 4 6 9 10 11 27 28
AA1WaYdKec4jGw0kEX5Y4491M08M2I4iGJ,10,plain,none,mixed,1 1 6 7 7 9 13 15 19 22
AA1Wi3WWo082IIJ2A0L8F16Q60mK2ZL2OI,10,plain,none,mixed,1 2 2 4 6 6 7 13 14 45
AA1W8Y9UfR8n9OeEd4818AepY4A2lZ2Iam,10,plain,none,mixed,1 1 3 5 9 9 12 13 17 30
AA1W48W60f3nWKIaJ6830P308MH12Ga75O,10,plain,none,mixed,1 1 3 3 7 11 13 19 20 22
AA1WI135f8EezP5HYAI084XBR4Sis58PCa,10,plain,none,mixed,3 3 4 6 7 9 11 16 18 23
AA1WfYG97nKKYd2uhX35DMK52b31XG9411,10,plain,none,mixed,1 1 4 4 8 9 10 16 17 30
AA1Wn294XBA9uay1xWH145GpT18ozCdfQG,10,plain,none,mixed,1 1 5 5 9 10 16 17 17 19
AA1W0O2GHKRYmIuWaD2KIWBXDAWe3141C6,10,plain,none,mixed,1 2 3 4 6 6 15 19 19 25
AA1W8n4uqreKaI2QOo54288Po9Ge5rKSA0,10,plain,none,mixed,1 1 5 6 9 10 11 14 15 28
AA1WI54HX3G4Wa1W9J40cGkAqKMYi9X8HY,10,plain,none,mixed,1 1 5 8 8 11 11 12 14 29
AA1WaiZJALCZq70qXMA22J5G2M2A9aYK20,10,plain,none,mixed,1 2 3 7 8 10 12 12 19 26
AA1W8a4a1hAA4GpK10Y948YHqIgpQH84fL,10,plain,none,mixed,1 2 2 5 11 12 13 16 17 21
AA1W3Wc2p2AKbY598n94mqAXW_0KYvCZy0,10,plain,none,mixed,1 1 5 6 7 8 16 16 19 21
AA1WW10DI5ZXYeZ740S1aqgJAA9WIBQ8XY,10,plain,none,mixed,1 1 1 1 11 12 13 16 20 24
AA1W30SeWI0p2loWq10AITIn392ab5qa4W,10,plain,none,mixed,1 2 3 4 6 6 8 19 24 27
AA1WI2BH8e2X2R4gEWn0G69HT746zdVe90,10,plain,none,mixed,2 4 5 6 7 7 8 19 21 21
AA1W5aActIS2NcqvNX44LAYD1N0XqXoYq8,10,plain,none,mixed,1 5 6 7 7 10 13 15 17 19
AA1W1V8v0QCc4XgB2OPYHEY1mC0Y9fjX00,10,plain,none,mixed,1 1 1 4 6 7 13 15 23 29
AA1WHITL28eY8o6BH9Y30YE90GCDMU3Gi0,10,plain,none,mixed,3 4 4 4 6 7 9 9 27 27
AA1W6108703InX08X4C8meA4mb0O68m40u,10,plain,none,mixed,1 1 1 2 2 11 11 21 23 27
AA1WGHgvBH1vpuf9EH6924b2IXDx3ucHW2,10,distinct,none,distinct,4 5 6 7 8 9 10 11 19 21
AA1WX9K9AGsi8n2E1044qIf0877OIEcq1G,10,plain,none,mixed,1 1 3 5 5 10 11 20 21 23
AA1W0G71OI52nKauG102mK2OI5XoKaef2G,10,plain,none,mixed,1 2 3 3 4 6 12 15 24 30
AA1W4c2oMH3A58mg7K4W8XpELIGH6afTY4,10,plain,none,mixed,1 5 5 7 7 7 12 12 17 27
AA1WLIHXW9z2UbKb4eHAIe20WZA9flGuWW,10,plain,none,mixed,2 5 5 7 7 8 11 15 19 21
AA1WWICHOvsOY2ebDC24CHC9Y3f1aMeBA8,10,plain,none,mixed,1 5 5 6 7 10 15 15 17 19
AA1WA6fXo8XfZ3GI4O5GDnIE9JMSGXrKK8,10,plain,none,mixed,1 3 4 6 9 9 14 16 17 21
AA1WAH84GAXb6bAUkD060M22QAjKHIadqn,10,plain,none,mixed,1 2 6 6 8 11 13 14 18 21
AA1W58c8mMQKXcaoWLaK2mK3HAGeb0bY0O,10,plain,none,mixed,1 1 6 7 8 9 10 11 20 27
AA1W8d4uq2O918Gj4ena4WE040O20Z15eW,10,plain,none,mixed,1 1 1 3 5 7 8 10 20 44
AA1W0e40PaNXCDd49oH2WI6fB2uc0l2eA0,10,plain,none,mixed,2 3 5 6 7 7 8 9 19 34
AA1W0828IzABMuIG4WSI2SSn64fF5nKe4G,10,plain,none,mixed,1 1 1 6 7 10 12 14 24 24
AA1W0GbYHEZ2JBQW930E2GHxXyyVeYao24,10,plain,none,mixed,1 1 1 3 11 12 15 16 19 21
AA1W90uBD174OWq1x9GE0X4MWY1g1851gf,10,plain,none,mixed,1 2 2 4 5 6 8 12 30 30
AA1W12LheQ7r7LwqR0PJ18uCQb6S9KWeWH,10,plain,none,mixed,1 1 3 5 10 12 15 15 16 22
AA1WW1OIkbiIOLPp38mO7GqWI9iHIosH2X,10,plain,none,mixed,1 2 2 4 7 10 15 19 19 21
AA1W1OwAX8rQk264af05OS5IBa3iAY94CI,10,plain,none,mixed,1 1 3 6 7 10 14 14 18 26
AA1WHA2mbAbReJ3Gq102o5A0l1m4i7W24W,10,plain,none,mixed,1 2 2 3 7 11 11 11 23 29
AA1WKaYun5KRIqH2FoG154L8LNIYKDY691,10,plain,none,mixed,1 4 7 8 9 10 13 13 17 18
AA1W0aiDXUX4HZY44aIaA4GmciyQmmf91G,10,plain,none,mixed,1 1 6 6 10 12 13 13 13 25
AA1Wr0K2oNWXqCC189IA5s2m4Y0fbAf590,10,plain,none,mixed,1 2 3 3 8 10 12 13 22 26
AA1WC2V8YHJGmA0y615810s1ziBqeL5UiK,10,plain,none,mixed,1 2 8 8 8 9 11 14 17 22
AA1W432eYKnWKAQaf54YdcM5-F0i3w8Wa8,10,plain,none,mixed,4 5 5 6 6 12 14 15 15 18
AA1W62QXk0m0AB9A8H38IIgLOh3KWN2BgG,10,plain,none,mixed,1 1 6 7 8 10 10 15 15 27
AA1W2OP7DWK38SX8CIW0nc8OsJ5O1m2W91,10,plain,none,mixed,1 2 3 3 4 5 9 16 22 35
AA1W9dV38i0q8Y7C2aXMCYKWY8SE6ZHiAW,10,plain,none,mixed,1 5 5 5 7 8 12 15 18 24
AA1W8nB50U2CAY31b6420M2gNAe9sRINKC,10,plain,none,mixed,3 3 5 5 6 8 11 15 20 24
AA1WKW43uUwGY1x830O4WKaqI3I94WeHX0,10,plain,none,mixed,1 1 1 2 9 10 12 16 21 27
AA1WnIA4W9QZbggDw0GYGTKI5BfoIZYCGO,10,plain,none,mixed,1 1 4 6 7 13 15 16 17 20
AA1WWoxAXafMeQSCqWa44DIIUiXiwGqHa4,10,plain,none,mixed,1 3 5 9 11 11 12 12 15 21
AA1W209qI1GY5rL8HX48R99n9Gk51maT5G,10,plain,none,mixed,1 3 5 5 8 8 12 13 14 31
AA1W5GnR2eZ2MGM2mYG0emI3G67938QX28,10,plain,none,mixed,1 1 2 3 7 10 12 20 21 23
AA1W4C4Sme31nQJBBT0XA88IHbCMeA19bH,10,plain,none,mixed,1 1 5 8 9 10 10 17 19 20
AA1W96e60q4mORerf20Ga7HM56xdEGO50Y,10,plain,none,mixed,1 2 5 6 7 11 11 17 18 22
AA1WA135uY1L1OHWae82O80YMETpmL1BiM,10,plain,none,mixed,1 1 3 6 7 8 10 15 23 26
AA1W14GIWPq0g8GIG9Cc2WAPUEqm9A9IRm,10,plain,none,mixed,1 1 1 10 10 12 13 14 18 20
AA1WJZ9bGfb1eH24fWKSAI3M9W811q8v0e,10,plain,none,mixed,1 3 4 7 7 9 13 15 17 24
AA1W4F0e4GxteA18C16X28a5eEOl48G4CX,10,plain,none,mixed,1 2 3 5 5 9 13 14 23 25
AA1W8n63148Xavni-Wq1861BKP2A928GY4,10,plain,none,mixed,2 4 6 7 7 8 10 12 21 23
AA1W57uCXU6AAIAH89EG40IKogJO4B0NA4,10,distinct,none,distinct,1 3 4 5 6 9 10 13 23 26
AA1W2mA4oAc8f341fy128cCnbLknCsb4m8,10,plain,none,mixed,1 1 3 10 11 12 14 14 16 18
AA1W89wMj611GilAsHu90XSaJBaUL8buX8,10,plain,none,mixed,1 4 8 9 9 9 10 13 13 24
AA1WqkW810eDYp4PZmn4Y51AH1081CAYOa,10,plain,none,mixed,2 2 3 4 6 8 11 13 17 34
AA1WKPxBfzuB9Wf4uC620kXhm64G5270uG,10,plain,none,mixed,1 1 3 5 8 10 12 14 20 26
AA1W70XOKaBYyQZaAP8GJY63v1yX312GC2,10,plain,none,mixed,1 1 3 5 10 12 12 15 19 22
AA1W2GR2JXkWggKGaaK30W80SCywKIGOaa,10,plain,none,mixed,3 4 4 5 5 5 16 18 20 20
AA1W0I2BXaKWme8L2V4YaPL1DCgyFYB182,10,plain,none,mixed,1 4 4 8 9 10 13 14 17 20
AA1W0o060d37ev0Go0u4eoqknp5ji4W81W,10,plain,none,mixed,1 1 1 3 5 13 16 16 17 27
AA1W91AHWG0K270J5H0hb4mW51Pdbdi8f3,10,plain,none,mixed,1 2 3 3 5 9 12 13 17 35
AA1WCH23eUFDsWpCmK22GD1MaHWKIGoSWK,10,plain,none,mixed,1 2 5 8 9 9 12 15 16 23
AA1WWYn3WeeZzfG9jW56KTGgof9HL7AvnH,10,plain,none,mixed,1 1 7 8 9 10 13 15 18 18
AA1WG92GLmWYBogSL8m8Wuy8X8HfEXQYGD,10,plain,none,mixed,1 5 7 8 9 9 9 14 19 19
AA1W2XaZ9AA99I4L18H4JaT4Go1xGI4SX9,10,plain,none,mixed,1 4 6 7 9 9 10 12 21 21
AA1WC4uCWTn8E41H64m4EGq1cLb8K3OO2M,10,plain,none,mixed,1 1 1 4 5 5 11 18 26 28
AA1WHHIIWhHOQ4GJ2wGiDXI4Glaw8I18WH,10,plain,none,mixed,1 2 2 8 9 9 9 13 23 24
AA1W38K2I8IX49v00406OoEHaCWKl34H64,10,plain,none,mixed,1 1 2 6 9 10 12 14 17 28
AA1W8PuKL1mBuywW8102X8SnIYYCocOAaO,10,plain,none,mixed,1 4 6 9 9 9 9 10 21 22
AA1WG1CWBY8g808mep51J9s1Y8X6xn-BgW,10,plain,none,mixed,1 1 3 3 5 9 13 14 23 28
AA1W4H5HGC3N8h9N-208fIHCI28eIdoWYA,10,plain,none,mixed,2 3 3 5 8 9 9 17 18 26
AA1W4Q8n2Gb91Zg8Q4YE2DbKvZ5t995eXW,10,plain,none,mixed,1 1 4 7 13 13 14 15 15 17
AA1W2Yaqi9XBp5ueaYYmDI9PJX0GBILGX0,10,plain,none,mixed,2 3 5 7 9 10 14 15 15 20
AA1WGvC9KC2WQII9Cf0518fKAXCbBQPef4,10,plain,none,mixed,1 2 7 9 10 10 10 12 18 21
AA1WI24TBjOH8HoJ4100m672H6KqwYuKH4,10,distinct,none,distinct,1 2 5 8 9 11 14 15 17 18
AA1W3084I96hcZkLJK5GIDUBf4COUxG3PW,10,plain,none,mixed,1 1 4 8 9 10 15 15 16 21
AA1W8fYF1457J_aXqE200I0iv8YKT6Cog8,10,plain,none,mixed,2 2 3 8 8 9 12 16 17 23
AA1WAIV4sfF8WEdqXAC4H5qIO4IOfH1eAI,10,plain,none,mixed,3 3 4 5 6 12 13 13 16 25
AA1WC4FYSAsdCaaeL3214Aa8uZFfMiX840,10,plain,none,mixed,1 5 6 6 8 8 9 16 18 23
AA1W182HYXdPzE8H54aHAu304CHcnlKCa2,10,plain,none,mixed,1 1 5 8 9 9 11 13 18 25
AA1W243GaDn50YVAGaYe3Z2WQ3SNeEZbZ8,10,plain,none,mixed,1 3 4 6 6 8 8 11 26 27
AA1Wo4SXN484eV0aGf224e8uw72qiY38P2,10,plain,none,mixed,1 2 3 3 11 12 13 14 17 24
AA1WU4GYo4GLu2HRf852L93CK1XMBAu8H4,10,plain,none,mixed,1 1 3 10 11 12 13 13 14 22
AA1W2E9mZnUAW92H1WG8K2BX855VQ8J2R5,10,plain,none,mixed,2 2 4 4 5 13 17 17 18 18
AA1WIYWDGbn0eGQWa2G4GJNXya8WT68ebe,10,plain,none,mixed,1 3 3 6 8 9 12 13 15 30
AA1W6oCAgB1TG14GA0a6WgvKJ2ND39OZ6O,10,plain,none,mixed,2 3 5 8 8 9 11 13 17 24
AA1W3n7OyaXGJOM2Yr23X8GrBbOnW8YA48,10,plain,none,mixed,1 3 4 6 9 9 11 12 15 30
AA1W8K4Sev4ZRYaA28C8N8g38B0dFCL1Qm,10,plain,none,mixed,1 1 2 6 12 13 14 14 16 21
AA1WWWaKZ7yw8XYq8OY2aeotb6Gq50IAGX,10,plain,none,mixed,2 3 4 4 10 12 14 15 16 20
AA1WW419g2WQ8ucZHXC1IoP948H2J3MSKK,10,plain,none,mixed,2 2 5 5 7 9 10 12 20 28
AA1W89GI58WIXLOy1W8AXaM5GeH458k2qI,10,plain,none,mixed,1 2 4 5 7 7 8 21 22 23
AA1W41A8nE8H4GEX6uO9XA9a4WS0S9QXC8,10,plain,none,mixed,1 1 3 8 9 9 10 11 12 36
AA1Wu10e6I1yCTI73ueI4e9G61PeAnfA9a,10,distinct,none,distinct,1 3 4 5 7 8 9 11 14 38
AA1W1WKZB2AI30uw3WGUWq9WS3LiT9c8YK,10,plain,none,mixed,1 2 4 7 9 12 13 14 14 24
AA1W4m-egHM0eE4WK2GR0UDYaWhSeW4GWa,10,plain,none,mixed,1 4 6 7 8 8 13 14 17 22
AA1W8IaCbnOLYabet1088qqufYLnkWuY5m,10,plain,none,mixed,1 2 6 7 9 10 10 13 21 21
AA1W20k4H2HbhYqQDK928I6H9YKSL4q99G,10,distinct,none,distinct,1 4 6 8 9 10 13 14 17 18
AA1W9I6dIgT8fGL2AAf8J4ZegGP1v184G8,10,distinct,none,distinct,2 4 5 6 7 10 12 14 15 25
AA1WH64WPBYGO2WY4V3Y3nE0H2Wmf34IGm,10,plain,none,mixed,1 2 3 4 6 9 16 16 20 23
AA1W2cA58v97EX9KQI6m4KHwW84bHEMHWe,10,plain,none,mixed,1 1 4 7 8 10 12 13 22 22
AA1WK15q2Y4GH69O6CCG11qEdJ27G41gB6,10,plain,none,mixed,1 2 4 4 6 6 9 11 24 33
AA1Wc2GeleDqYniAWi20EqB38r0eAofHn1,10,plain,none,mixed,1 1 6 8 8 9 13 15 17 22
AA1W63WafU2BYB180y89A8Y3cdn25QfQIX,10,plain,none,mixed,1 1 3 5 8 13 16 17 17 19
AA1WB1Y2Yw0e94qurv2CXX8J3rGClE6D9I,10,plain,none,mixed,2 3 3 3 7 9 12 13 17 31
AA1W4GKSZISpG4Gn1KY1OAGHQsPD9r-2WI,10,plain,none,mixed,1 1 6 7 12 12 12 14 17 18
AA1W1ZWG109IfQLGeI4WC4gAQXKE6qtb4m,10,distinct,none,distinct,2 3 4 7 8 9 10 13 16 28
AA1W4O81GCXCPI6eO304WQ3GOZq2HZirYC,10,plain,none,mixed,1 2 4 5 5 7 9 9 23 35
AA1W99VA135mO4YoHH20G20faBt2TDLO0W,10,plain,none,mixed,1 1 5 5 7 9 11 17 17 27
AA1W60Wk2HY50Q2oB1843uIHUp050m60Xa,10,plain,none,mixed,1 1 4 5 8 10 10 12 12 37
AA1W870up2GXC4A040qX587nE919BAe50a,10,plain,none,mixed,1 2 2 6 7 9 14 14 22 23
AA1WY0w4ex6fgLWiAWnWW410Je2Ikc9U8W,10,plain,none,mixed,1 1 7 9 9 10 11 13 14 25
AA1W0827CYbAfU38J6G88G106KHjM2m-48,10,plain,none,mixed,1 1 3 7 8 8 9 11 21 31
AA1W2GV20u78cmhWc180u81GD8pLcYWN44,10,distinct,none,distinct,1 2 3 4 5 10 11 15 21 28
AA1W8M490u6949HgpHKGy4mvK8GnJ4P20W,10,distinct,none,distinct,1 4 6 7 8 12 13 14 17 18
AA1W0InQ8e67GAUdi2GXCK9xSXDaWa2X1A,10,plain,none,mixed,2 4 5 6 6 8 11 14 18 26
AA1WX49GgM8Wg2eO5440A148n5HCQeu964,10,plain,none,mixed,1 1 4 8 9 9 10 13 18 27
AA1WXa40I49tEyYaQ2pOXG60710AaJ848W,10,plain,none,mixed,1 1 2 7 7 8 11 13 19 31
AA1W4Gx4P128aSJAkaG28I31r6s40GRAD1,10,plain,none,mixed,1 1 2 4 9 10 11 12 20 30
AA1WHoYNiDXaOf0Dj0a4H50eAfMI2Ua4Y2,10,plain,none,mixed,1 5 6 7 8 9 9 15 15 25
AA1WX2TIXHSCSeN1XSCM6aAGO54GHTQggW,10,plain,none,mixed,1 3 5 6 6 6 13 14 22 24
AA1W2g3APcFuxg0eWWa107m-RwXa9KO90e,10,plain,none,mixed,2 4 4 7 7 11 13 13 17 22
AA1W3mw7HJs48H9G10e1mk2nmW8NeX44X8,10,plain,none,mixed,1 2 2 3 5 7 14 19 20 27
AA1W3080L9C2Xa9vnIY5H5BmC4SbO30GJm,10,plain,none,mixed,1 1 3 5 7 8 8 10 26 31
AA1WWF4OWaWK8IMCwWn0YfiLXa4ldAzGE0,10,distinct,none,distinct,1 2 4 6 7 11 12 14 21 22
AA1W4GRmY19162Wq5WQA2GM28ni6MZnj28,10,plain,none,mixed,3 4 5 6 6 10 11 12 21 22
AA1WL9AXKOb4BGj3GWmmMSIyH41118EgH2,10,plain,none,mixed,2 4 5 5 7 8 8 17 20 24
AA1W0eKa9X91aIXNTCKG119mbJqJc2hLie,10,plain,none,mixed,1 3 7 7 7 9 13 16 18 19
AA1W22WK2WKfFUa50G2mM430Sb0i6WM1WY,10,plain,none,mixed,1 2 3 6 6 7 12 13 24 26
AA1W1GCDskaKaCbCOX48Gi9w28n6C5GG20,10,plain,none,mixed,1 1 4 6 7 7 13 18 21 22
AA1W8C58HSE1ao9OCHO0c8nX8DPmA-lzXW,10,plain,none,mixed,1 2 4 4 8 10 14 17 20 20
AA1W0YqNRFP4W14KXZXXaH211Z9VOYXK90,10,distinct,none,distinct,1 2 3 4 7 8 9 16 23 27
AA1W8aIp2N3WKF1qYYu4DYmU9mHGTkW80W,10,plain,none,mixed,2 3 5 7 8 9 9 11 21 25
AA1W22mL3NHP857G5IEWK4AOli2cU2HOII,10,plain,none,mixed,1 4 5 7 9 10 11 17 18 18
AA1W8SW40umWCSY4GYaJ4eZCL71O70Wa0W,10,plain,none,mixed,1 1 2 4 8 8 17 18 18 23
AA1WYWK51oAIAHCDZOSX8C21WO0IP1F1W1,10,plain,none,mixed,1 1 2 4 6 7 14 19 21 25
AA1WGC4xunYvd4XKWH04TJIPC6Y28LYnCX,10,plain,none,mixed,1 1 3 6 11 12 14 16 18 18
AA1W92EoIi80X98A0W5M1mY0y8Z4LL8HoJ,10,distinct,none,distinct,1 3 4 5 6 7 10 15 22 27
AA1WP52YN1a8O52hmW40KnAZqRGIYKGAmm,10,plain,none,mixed,1 1 4 5 8 9 15 17 18 22
AA1W6bIhW40xPS5FI3WWH4ASO2fEIaIMYA,10,plain,none,mixed,1 1 5 8 8 8 13 13 15 28
AA1WY4OKDNIWJ7vS8iA4B1E8KR6I3946A6,10,plain,none,mixed,1 1 3 5 9 14 14 15 19 19
AA1WZ2AGYpAS8GBY5n50KQkL5aHIRQOfiG,10,plain,none,mixed,1 4 6 6 8 11 12 13 15 24
AA1W1a8dX628Ao9HP1GXnA8fWK1R27mt62,10,plain,none,mixed,1 1 3 5 5 10 15 15 19 26
AA1W490EM9IM9fCMdB041H175Gnr2mKUM5,10,plain,none,mixed,1 1 3 7 9 9 11 12 21 26
AA1WI28s1m1p1OOZ58YA2GAWaGEXYKYZCO,10,plain,none,mixed,1 2 5 5 5 9 10 16 17 30
AA1WCHaCOgea8cYHvPG4GL2Xc9H17McOf2,10,plain,none,mixed,1 3 6 6 8 9 13 13 15 26
AA1W92nIAIKXeBSG6II0e7os2NCG2Wa9K6,10,plain,none,mixed,2 2 4 4 8 14 15 16 17 18
AA1WKKpc0qWXuM1JQuf8Ko7ebI4hcL1Ob0,10,plain,none,mixed,3 4 5 6 7 8 11 12 22 22
AA1WB0NHH6wCHua1No681gQkfrGXyGjbo0,10,distinct,none,distinct,1 2 7 8 9 10 11 12 15 25
AA1Wo0V20G75u3q4Gw41KM2WC4YaX2AWg6,10,plain,none,mixed,1 3 4 5 5 8 10 17 22 25
AA1W1G8CIa4imK0W4XA60uAYL1OJoN1G2m,10,plain,none,mixed,1 2 3 5 5 6 7 14 28 29
AA1W020UoOKYb9Pw8yOaCWH1BKf2DAA8fI,10,plain,none,mixed,1 5 6 6 9 10 11 12 17 23
AA1W45WODHJYC6ee8a5579aF290S4Gq6YP,10,plain,none,mixed,1 1 5 5 8 9 13 14 21 23
AA1WC60rZ1G92WH260f8aC7bYK2ZSHYF19,10,plain,none,mixed,1 1 1 4 8 10 11 12 25 27
AA1WW0b9qMQWjH9Yra48LXhsiMh5JKGsmY,10,plain,none,mixed,1 2 8 8 10 11 11 15 17 17
AA1W28X6K8LYOJqe4ic8Pa810sXWFH4H8A,10,plain,none,mixed,1 1 3 8 10 12 12 13 16 24
AA1W8HXVA8J4zK2W88XKIw8K3A2e10GY1A,10,plain,none,mixed,2 2 4 4 7 7 7 17 24 26
AA1W50OYbnKmbOL2II9J0-41AaHXS38UA9,10,plain,none,mixed,1 4 5 7 7 8 13 16 17 22
AA1WA0n1682rOd0m4vW4XG64vM2c2Gn2MH,10,plain,none,mixed,1 1 1 3 8 14 15 16 18 23
AA1WA0i399uWHAnGa6020Y2TBPMOd2qN0O,10,plain,none,mixed,1 4 4 4 5 7 13 17 22 23
AA1WGCSBnZ52Wa0WAT10k8I1oCKXAEHcLG,10,plain,none,mixed,1 1 1 6 9 12 14 15 16 25
AA1WGoBSx3bBQbcAH850Oz83u3W4q9i2L0,10,plain,none,mixed,1 2 2 3 4 11 13 18 23 23
AA1WY7gCHXKJ31bIf2G1gAaSSHcF0GE-68,10,plain,none,mixed,2 2 4 6 7 8 13 14 15 29
AA1WI2QPH14vC3UgrWq0W18ZyPb1ZCYB14,10,plain,none,mixed,1 2 4 7 9 9 10 12 23 23
AA1WWd05KU5Ou10263G8IYaQZT2Q8qco6W,10,plain,none,mixed,1 1 3 5 6 6 11 17 24 26
AA1WIGXGC1HinaASOWQ19roMHXeI4eLYWG,10,plain,none,mixed,2 3 5 6 6 10 11 12 15 30
AA1WWPe57jnFeSZw5WY950eImYKKbD784G,10,plain,none,mixed,1 3 7 8 9 9 12 14 18 19
AA1W461X24joXI5WH9HWpoayI5WXQIYIM8,10,plain,none,mixed,1 1 5 5 7 8 10 11 25 27
AA1W0Gh6Gf1Wwe-4E08XK2Wq9EIfj5oKrA,10,plain,none,mixed,2 3 6 7 7 8 10 11 20 26
AA1W20A2iA0Xmm4u50nEGO3WK1VKcFXCAW,10,plain,none,mixed,1 1 3 5 6 7 9 12 27 29
AA1W2GHQye3i9648XaK49SJZSM1TAIWi28,10,plain,none,mixed,1 3 3 5 9 10 13 16 20 20
AA1W9XNKvv70v9X1eKI4GYSGDKjC0X8XGq,10,plain,none,mixed,2 3 5 5 6 8 11 18 20 22
AA1WALI2So0GgaR4H48L75uX66GI10E8oA,10,plain,none,mixed,2 4 4 5 6 8 10 11 18 32
AA1W0GO3I40XdAQ5Sq8D9e9fM9i9f5DII4,10,distinct,none,distinct,1 2 3 5 8 11 13 18 19 20
AA1W8fC8I086WjrGhWa28HDAPGY5XI4958,10,plain,none,mixed,1 4 4 7 7 7 9 15 16 30
AA1W63GOYe3tG6GoAHJ60eY5A52ISGI58e,10,plain,none,mixed,1 6 6 7 10 10 12 14 16 18
AA1Wb40IC92G60W4X1e6JHIAHo5m6Ge42W,10,plain,none,mixed,1 2 2 4 4 5 13 18 23 28
AA1W60YRoPu4WK0iaY24OOGfryI2KXZaL2,10,plain,none,mixed,1 1 5 8 10 10 10 13 15 27
AA1W0Rq-tA4Wt1CgLYWGeZW4W9aSkEA6aa,10,plain,none,mixed,1 2 3 8 9 9 13 14 15 26
AA1W0ZZGLg5KXEGI2ee98vlBLf53YKHXQO,10,plain,none,mixed,1 4 4 4 7 11 14 15 16 24
AA1WOCyaba1075vC9GZD5894jGC1N4IWWH,10,plain,none,mixed,1 1 4 8 8 8 10 14 16 30
AA1W4mc4Xanw9c38Wa420k5XA4mk1KOL2G,10,plain,none,mixed,1 4 6 8 9 10 13 16 16 17
AA1WIaHeCYoIIWmw8H43qA4JYKWQ3aHf28,10,plain,none,mixed,1 4 6 6 7 9 15 16 17 19
AA1WeKLAq850P3n3CSb83XSCcYbGWX9nYG,10,plain,none,mixed,3 4 4 5 6 8 15 15 18 22
AA1W20a8pqHK9Wo6aaYWqKeMYO7Wv2ZBH2,10,plain,none,mixed,2 5 5 8 8 9 10 11 13 29
AA1Wi0m4OX4BLSJ2KXA0a4YO6hRJQJB120,10,plain,none,mixed,2 3 5 5 5 7 11 13 24 25
AA1WY2OR14aye4Wr2P0540O1XAyGB02685,10,plain,none,mixed,1 1 1 2 2 9 9 17 28 30
AA1WH2H5AHGn38XC8SY20HSBp6Nocagb8I,10,plain,none,mixed,3 3 8 10 10 11 12 12 13 18
AA1W60G28f8rwY-ar2e0eK20egX47mG4Y8,10,plain,none,mixed,1 2 4 7 7 10 13 15 18 23
AA1W4f2QI4WY7XNalo4GYx8c1Gn59L6Y89,10,plain,none,mixed,2 4 4 8 8 8 10 11 19 26
AA1W92Y12IHI7r_7KCWWK9PFF8Xap62E1X,10,plain,none,mixed,2 3 5 5 5 6 14 18 19 23
AA1W90s4YGZTxUW40WB508CbmMd4TiWHAW,10,plain,none,mixed,1 2 2 4 6 8 15 18 20 24
AA1WGCcMMKzIYFH7492270F17ccOqXYYiG,10,plain,none,mixed,1 1 7 8 9 10 11 16 17 20
AA1WGX87g22giS0OsHAIIHyvgMfLfIYS0m,10,plain,none,mixed,1 4 5 5 6 11 12 12 21 23
AA1W0b1mrwQi5ZAjJE0W8yR6evsH_I4Kc1,10,plain,none,mixed,1 1 9 9 9 11 12 13 13 22
AA1WCGX3QICAcj4Wa2G81D6aOKf4H2Gl28,10,distinct,none,distinct,1 3 4 6 10 11 12 15 16 22
AA1W0Y891Dea2GGdeYWaSOIg6GQ3aPK8Ha,10,plain,none,mixed,1 1 6 10 10 11 11 12 12 26
AA1WI4WY2HIKWE1iJJw85O3GHpGK2WI41W,10,plain,none,mixed,1 1 4 5 5 10 15 16 20 23
AA1W2YOGQ2GZMg0WK0W2WOYS7WYOp2m928,10,plain,none,mixed,2 2 3 3 8 8 13 13 24 24
AA1W2GA18I8s9nAn8mG4Wm7ml5DE2GnwK4,10,plain,none,mixed,1 2 2 5 9 11 12 17 19 22
AA1W1149HJ40X4bYCG5XKCXWf49Xy9jL3H,10,plain,none,mixed,1 3 3 7 9 10 12 15 17 23
AA1WbMN-S2OHP9R8c2a04ZEYAf2Jn88YX8,10,plain,none,mixed,1 4 4 6 7 8 11 15 17 27
AA1W0u514eP4t4wy86059mCvK5GqIK4224,10,plain,none,mixed,1 1 2 3 7 7 14 19 23 23
AA1WHI98WYZBzGsO8K84eIHXN5u9MvdXYa,10,distinct,none,distinct,1 3 4 6 10 12 13 16 17 18
AA1WL1b7WOYbG81-WHY582WITBI4iIKI4G,10,plain,none,mixed,1 2 2 3 6 7 11 17 24 27
AA1W4WX4DIMpnWc8s0698a19n9GR3iXg0O,10,plain,none,mixed,1 1 3 4 9 10 17 18 18 19
AA1W2m810ZX0aLHKnWC2mb5meFbw7aa90e,10,plain,none,mixed,1 3 4 6 10 11 11 15 17 22
AA1W48Capa2WqcdaEWSP32KZ1cK4Gk0e10,10,plain,none,mixed,1 1 4 6 6 8 12 18 22 22
AA1WgDFgx8L4m40X5ea94Ge0W1FH8K1886,10,plain,none,mixed,1 2 3 4 4 9 9 13 22 33
AA1W3K5heRq0W2XCeX2a9ICIcLqgnX1a10,10,plain,none,mixed,1 4 5 5 7 10 10 15 16 27
AA1WK3IKCHI4YEo9XGA49wXY8wa8Xa4IOr,10,distinct,none,distinct,2 3 4 7 9 10 11 13 18 23
AA1W2Oj6IbCnaBHBG608904GCWdC8NAEYI,10,plain,none,mixed,1 1 2 7 8 9 17 17 18 20
AA1WYdo68js5Ce0nSG40kXIKLAWYBKZKG6,10,plain,none,mixed,1 1 1 5 7 12 13 14 16 30
AA1W46WqVWDGi4WKR8OY0mcT04WY10ISGX,10,plain,none,mixed,1 1 2 5 6 7 12 16 24 26
AA1WX42AWY3mUb2Ou0Z1I5GJ3To2r7G188,10,plain,none,mixed,1 2 2 4 6 12 12 15 21 25
AA1WaMa52OA1Xy0hIO5GY8izBA8YGa50eO,10,plain,none,mixed,1 2 2 2 4 6 10 16 20 37
AA1W4hBv2zKig2OR70On5G8409OeYb4RH0,10,plain,none,mixed,1 2 3 3 6 6 12 15 16 36
AA1WWS0WeIB1I3CG20m2nGA1eD8a73un14,10,plain,none,mixed,1 1 1 4 5 11 11 18 21 27
AA1WICCH04Tk91N6Ou7ANC4OK4aaQaWbG8,10,plain,none,mixed,1 2 5 5 6 10 13 16 18 24
AA1WQ2MGuWu3ZbqUu8a28ffHn8Z2P43AQO,10,plain,none,mixed,1 1 5 6 9 10 10 13 20 25
AA1WIIBA0YaAHLHwMWA5WSGv13d3f5BL4W,10,plain,none,mixed,2 3 3 3 8 10 11 13 22 25
AA1WAc9M9m9186eg14GGC084eqIlXKEX14,10,plain,none,mixed,1 2 2 4 5 9 13 13 21 30
AA1WG1mY8MaKXK2b2UGQ0faIYaX68nYAAC,10,plain,none,mixed,1 1 1 6 10 10 16 17 18 20
AA1W2GZXTQOZsLELoOHGWX4XCwYe1WoX98,10,plain,none,mixed,4 4 4 7 9 10 12 13 17 20
AA1W9I9aWZ92nI90644AAHWetHoHK9We2q,10,plain,none,mixed,1 2 3 6 7 9 11 11 22 28
AA1WXCGkKaaX48LCk242X58YH8M1Gx8Gc4,10,plain,none,mixed,1 1 4 5 8 10 12 13 13 33
AA1W468UXA4L1Tq6gqXG4SQXtnL9LfX30H,10,plain,none,mixed,1 1 1 3 14 14 15 16 17 18
AA1WI2B3WP6cIoRG8X24moMYmM4Y4JniY8,10,distinct,none,distinct,1 4 6 7 9 11 12 14 17 19
AA1W4NImQ35n-4aZAOHXfBbQmomC4WC4g0,10,plain,none,mixed,2 4 6 6 8 11 11 12 15 25
AA1W2WFfZ0W5WF1ADA5G3eL9I8j98g4WI1,10,distinct,none,distinct,1 3 4 5 6 7 8 14 16 36
AA1WgcO2168n6GKXm202gGZnE938f0G8X6,10,plain,none,mixed,1 2 3 3 8 11 12 14 18 28
AA1W4GK6WGo0OFn2ef46GH48eyXG8cBGA2,10,plain,none,mixed,1 1 4 4 5 8 17 17 19 24
AA1W1Ygc20HWhsJW51Gec8gLL9oB44GIYC,10,plain,none,mixed,1 3 3 4 5 9 11 17 21 26
AA1W8q9PCO-1HaD4ej34FOr1KD0WW07WnG,10,plain,none,mixed,1 3 4 7 7 7 8 12 13 38
AA1W48z8mdp0O14mOa26WJ4BYaYEaGXK50,10,plain,none,mixed,1 1 4 4 10 11 12 16 18 23
AA1WWT9rNfQ0s4mX2WH24mo1GLoaWaJOuY,10,plain,none,mixed,4 4 4 4 5 6 13 14 22 24
AA1W4GWX5LaISf8E09IOXS8WfNBW6HSjS6,10,plain,none,mixed,1 2 2 3 5 7 10 15 23 32
AA1W3WGK3m4PEd2KWa2HIE51OOWgcmf40G,10,plain,none,mixed,1 2 3 3 10 12 13 16 19 21
AA1WKX3104D5IiyVW00286WscNoaEKOIKO,10,plain,none,mixed,2 4 4 4 4 4 9 20 24 25
AA1W62DI8eAH8Q4OY519X8WanAE-U5mi0X,10,plain,none,mixed,1 1 3 3 8 10 12 17 19 26
AA1WWdg8960e9SeZ4maK2WbY0X48J76SO3,10,plain,none,mixed,1 2 2 4 7 9 10 12 13 40
AA1WGa8WwkY53L185Ka4De8XUE1WrOgI99,10,plain,none,mixed,1 2 5 6 10 10 11 14 17 24
AA1W51E8uuBfKbamXQ438H25e8GSO-YCAI,10,plain,none,mixed,1 2 3 6 8 8 11 11 17 33
AA1W6YA2ceik9mgAIoaGZma4G8E2FsX4eH,10,plain,none,mixed,1 3 5 6 6 8 10 13 17 31
AA1WE1086A8ed8v4yGa492C8QX08D1BEXG,10,distinct,none,distinct,1 2 3 5 6 10 11 15 16 31
AA1WCPYpWS8GZ8-mE20HXAHe-K8aGYi244,10,plain,none,mixed,1 1 4 7 8 10 13 17 18 21
AA1W0W40vHAEq4XHQ9I99H9GS2X999LIf0,10,plain,none,mixed,3 4 6 8 9 10 11 12 12 25
AA1W2NgBPiAIYHsGK0WWo4Z8fwGaf4a8Z4,10,plain,none,mixed,1 1 5 7 10 12 13 15 18 18
AA1WG239u9X9eNa5Gec50UJfL914HX0WCK,10,plain,none,mixed,1 3 4 4 4 9 15 18 21 21
AA1WAIPL4f71A48aID201XaGxLOOY4MXxe,10,distinct,none,distinct,1 3 4 5 7 9 10 16 19 26
AA1Wm408Ka60XCWG2WI4d4OX82Wc4nDHgL,10,distinct,none,distinct,1 2 4 5 6 8 14 16 18 26
AA1W40uXoTQCno44WWqI1L58Pn554g080e,10,plain,none,mixed,1 2 2 5 5 8 15 16 20 26
AA1W4PaAK5MgT2WK24GfCeY1GS0E2t0848,10,plain,none,mixed,1 1 2 3 5 7 9 22 23 27
AA1WI8XH0bT9YG10368Y4HTZAYGJU2GJ38,10,plain,none,mixed,1 1 2 2 4 9 17 18 19 27
AA1WIGjEn2u7e0a6Xo94W9a68A7G9KDr8e,10,plain,none,mixed,2 4 4 6 6 7 8 14 21 28
AA1W3QePbGK19zJgYIIabh6I2d1QG10f1G,10,plain,none,mixed,1 5 6 8 9 10 10 11 15 25
AA1WYKKwEk6yu891CAJ20uJ9I19XBEPT0K,10,plain,none,mixed,3 3 4 6 9 11 11 12 16 25
AA1W4cmo0H20HYgf9Wof14WK3GaDX070nm,10,plain,none,mixed,1 2 4 6 6 8 9 10 26 28
AA1W64bEAVC0Wq34n58eZAK9MKKYeIaSa4,10,distinct,none,distinct,1 3 5 7 8 9 10 11 20 26
AA1WW87101yKL61H5eeXGY2Gc30IQLPVAC,10,plain,none,mixed,1 2 2 7 7 8 9 13 13 38
AA1WAP9I442XA48Xe9X89YKGx778h4832G,10,distinct,none,distinct,1 2 3 5 6 8 17 18 19 21
AA1W8SLrOH40QikGK6WYHPJcG_n8I6S8We,10,plain,none,mixed,1 4 4 6 8 9 13 15 17 23
AA1WC1HJfCHdCwXQ996204U2Go1UG948U0,10,plain,none,mixed,1 1 3 10 12 13 13 14 15 18
AA1WC1a9WS0c4AaKD8A38N1z1OIe9K2WS1,10,plain,none,mixed,1 1 2 5 5 8 10 12 22 34
AA1WHiT28W8EX4eTE14J4820oCibKOe512,10,plain,none,mixed,1 2 3 3 5 13 15 18 19 21
AA1W86k30P6mWG60GD8aIbbCeI0WiBHiCY,10,plain,none,mixed,2 4 4 4 5 8 11 12 14 36
AA1WH0_H1W8134Oq5ie890u6eeJ4Gq5IC6,10,plain,none,mixed,1 5 6 6 6 6 7 8 24 31
AA1WY0G43A288NAXbXCe92D0fT1q2GIEHO,10,plain,none,mixed,1 1 2 3 8 10 16 18 19 22
AA1Wi5WKrK80xEWU308L18H1K9Wn5YAAXC,10,plain,none,mixed,1 2 5 5 7 11 14 17 19 19
AA1WK1W48S1GLA89ISJHIBn0C9WsAHgB20,10,plain,none,mixed,2 3 5 5 6 11 11 16 18 23
AA1WDH6GG2b0e5AOb38AXdK4X0m6b2e104,10,plain,none,mixed,1 1 3 5 5 8 15 17 18 27
AA1W249RoSb_O8WbDK2WAfQA6MC9HPHKKK,10,plain,none,mixed,1 1 5 8 8 9 15 15 18 20
AA1WGY78uW6YWO139D828GGX8E1WCIIgXH,10,plain,none,mixed,1 1 2 6 8 10 12 14 18 28
AA1W4GS0bIfQPg8aqWv2fAA8TZ3jgWHiD4,10,plain,none,mixed,1 2 5 5 7 12 12 15 16 25
AA1W28C43KK-dRAOX2W10R8WeTF3f28K64,10,plain,none,mixed,1 1 6 7 7 10 12 15 19 22
AA1W4a9uVL9qpc4wWK10Cmo4m4HowZK5EG,10,plain,none,mixed,1 1 3 5 6 10 15 16 17 26
AA1W10I6sqIT3O15v18KRPKomI60GHaXaY,10,plain,none,mixed,1 4 7 8 8 9 10 10 11 32
AA1W1GaL3YGWjGf4WY6K2Z7nuY4Gv5n204,10,plain,none,mixed,1 1 2 4 12 13 14 15 16 22
AA1WP8CHIZVF_e0e4WiGYGX0a91W9_KbX4,10,plain,none,mixed,1 1 6 7 8 10 11 15 19 22
AA1W52eg6QoG5w3H2emmcO8J89AwBH128S,10,plain,none,mixed,1 1 2 6 9 10 16 18 18 19
AA1W080U5e9I4WY4P0eC9DII1K9X2GO54e,10,plain,none,mixed,1 1 2 3 5 5 13 14 24 32
AA1W90Nw_HsWiw4Wa0WH8OHaeXWOZ1eb18,10,plain,none,mixed,1 1 3 7 8 11 13 15 18 23
AA1WYAYH6eHn2Hvy7J44D1NYZeX1J2hWa8,10,plain,none,mixed,1 2 6 6 10 10 14 16 16 19
AA1W99HC9KaZA2a4uWu30j6oTVaP19O840,10,plain,none,mixed,1 1 3 5 8 13 13 14 19 23
AA1W38a4GYEYrgiYWa810830abm6Wwe1qI,10,plain,none,mixed,1 2 4 4 5 13 15 16 18 22
AA1WJHA4W8MVe50O2KY18Gb2mCjmQII40G,10,plain,none,mixed,1 1 3 4 9 13 15 17 18 19
AA1W021FqnKKB1WA1WCf5mO20M1GI9UT4G,10,distinct,none,distinct,1 2 4 5 6 7 9 12 19 35
AA1W8aceivO8ced4J1eXGa2Vw8OW8KGJ0O,10,plain,none,mixed,2 2 4 6 8 12 12 12 15 27
AA1W0t61OG0ZAPWW6eao2GYY4GJXMeEAoL,10,plain,none,mixed,1 2 4 5 5 5 12 16 16 34
AA1W4H5oI8eI42iaeIaSWHL4x7ZuJ4Jy1i,10,plain,none,mixed,1 1 4 5 13 14 15 15 15 17
AA1WHX8LyW61mFWdaoK6HHw14KA4f218Y2,10,plain,none,mixed,1 3 6 8 9 9 9 12 16 27
AA1WK592aHKX4LfJK2HS4W3sOKw4X7ayGf,10,plain,none,mixed,1 1 3 9 9 14 14 15 16 18
AA1WEb4m8X89I75Ao0H8a1uHyZ061YCIGZ,10,plain,none,mixed,1 1 2 5 8 9 11 14 20 29
AA1W0W2eekMX2L3Sb8WAAINne2uX9E_9wC,10,plain,none,mixed,1 8 8 8 8 8 10 11 15 23
AA1W0KnQlKB9A0W8cX8bBADI3WAILv8g0W,10,plain,none,mixed,1 4 5 5 6 7 12 17 18 25
AA1WKWY10AEbuHKH2JW2GCXCWHAi34eOx5,10,distinct,none,distinct,1 2 3 4 5 11 15 16 18 25
AA1W9PB9eu8aaXIguWa28609p5XCCIAG10,10,plain,none,mixed,2 3 5 5 5 9 10 12 22 27
AA1W2Y6eIE5k8X454eao5AUGo44WeYqYaX,10,plain,none,mixed,2 4 4 7 8 8 11 13 20 23
AA1W1EeqqnA0QWWOA0O4CjDf-Zr3RYG94e,10,plain,none,mixed,1 1 5 7 8 10 13 17 18 20
AA1W2S4YCjUx1Y2W8IGXWe2uiBshvPRj20,10,plain,none,mixed,1 1 3 7 10 11 12 14 19 22
AA1W8I4KYDI8na1G9Ke58aoYH9XYCL2889,10,plain,none,mixed,1 1 6 9 10 10 11 13 16 23
AA1WKIe8k872W32OLo4Q2m9YC5uPuL3e60,10,plain,none,mixed,1 2 4 4 6 8 11 13 22 29
AA1W0G9WIqD48YGqMA1HHM6ms88er7E1M8,10,plain,none,mixed,1 1 4 5 7 7 14 18 18 25
AA1WJ18EQBdkQ2mK30I508k2mC783ObI0W,10,plain,none,mixed,1 2 7 7 7 8 14 14 16 24
AA1W4WO56mSphGuK308abaXaarX9YGe0WK,10,distinct,none,distinct,1 2 4 6 7 12 13 14 16 25
AA1WTGLKhyY28BpHQ8YGYqb90q9ObW8Wf4,10,plain,none,mixed,1 1 4 4 9 11 12 14 21 23
AA1WI24Y25Q9o9228mgWN26mH17ezeE2X4,10,distinct,none,distinct,1 2 3 6 7 8 15 16 20 22
AA1W88Y8X93oGc1GK6GIASGsa5OWA2Wo3m,10,plain,none,mixed,1 1 3 7 8 9 9 17 17 28
AA1W86YWHBai5J4ja041Tq_3OjzZXiwJJ4,10,plain,none,mixed,1 2 5 6 9 10 11 11 16 29
AA1W4GQ1204tzSmS24W99G4WmXkKPJeAXC,10,plain,none,mixed,1 1 5 5 6 8 9 16 18 31
AA1W4AX88IYqc2Yrma8XKXKZaFGW48K9aA,10,distinct,none,distinct,1 2 5 6 8 9 12 16 20 21
AA1WMCYKIxM10528I4m8712WS3DAaKY8KY,10,plain,none,mixed,1 1 5 9 10 11 12 13 16 22
AA1W048srWu1gCfWB9am0GS2m9Q8pTMpsH,10,plain,none,mixed,1 3 4 5 6 6 17 19 19 20
AA1WA5HLTOC1Za4HaCa87eb3WPmeH29BCK,10,plain,none,mixed,1 4 5 6 6 11 13 15 19 20
AA1W2GqH1i8XKGR394e9PAHZ1a2uRKA0G8,10,distinct,none,distinct,1 2 4 5 7 10 11 16 20 24
AA1WB1ZD3GPrAwcfOR22GO816WXeoskWg0,10,plain,none,mixed,3 4 4 5 6 9 13 17 17 22
AA1WQ2e20GoQhIaK0PJIIa24HJEI1GA4G8,10,plain,none,mixed,2 2 4 4 6 6 10 17 23 26
AA1Wa9qCocSL1Kb2P2X14Ui0Tm810KkpY5,10,plain,none,mixed,1 1 6 7 8 10 10 11 12 34
AA1WH1m9WW225PmM1O8mc4J5KMc69IIJAA,10,distinct,none,distinct,2 3 4 5 7 8 10 16 18 27
AA1W20NAn0E289GrkGa2mL3hISaJXv9Xo8,10,plain,none,mixed,2 5 5 6 7 8 8 16 19 24
AA1WXEaQ28AIeCGF2OL72uX7qC3ItaxWG4,10,plain,none,mixed,2 3 3 3 6 6 11 16 22 28
AA1W2MZDeL8Ge49GWZeGK3GHrqZc7wyXXW,10,plain,none,mixed,1 1 3 4 9 10 11 12 24 25
AA1W5XErHeAuu21wcW18Q28NK58gAZdYCW,10,plain,none,mixed,1 4 4 4 9 10 12 17 18 21
AA1WH1IR01tLGpWKI8WKYGjut0rbJANq_5,10,distinct,none,distinct,2 3 4 6 7 8 9 13 16 32
AA1WX8X891V96JG5H44amd32eZ4a3u82WI,10,plain,none,mixed,1 3 5 5 7 7 11 16 20 25
AA1WY0mD9Gi5aV4F1O8qICGX4aZ8HIKI9K,10,plain,none,mixed,1 5 8 9 9 10 11 11 18 18
AA1W11GNg7Gb6HIYHr8YCOuPQJbSIGfA2m,10,plain,none,mixed,1 2 5 9 9 10 13 13 18 20
AA1W4OA11KHcLT20Gs810H4XeiaySAAX8H,10,plain,none,mixed,1 1 2 5 6 8 10 15 24 28
AA1WYYYfjikMYOb2eg4GCEIR8Y0WG6kG13,10,plain,none,mixed,1 4 6 6 7 8 10 12 19 27
AA1W91qp6qJ24HEa2mc6YI42WeuK_WG2GU,10,plain,none,mixed,1 4 4 5 8 10 11 14 18 25
AA1WCXCvKBXQiac8Wa42YAAWKX48GoM0nM,10,plain,none,mixed,2 3 4 4 6 6 10 16 23 26
AA1WI3_i3XKILAfLIC92JJ542YI3WIGc32,10,distinct,none,distinct,2 3 6 7 8 9 12 13 16 24
AA1W4WS0GC3mDbGfJGK9X89PBeBoaB87uX,10,plain,none,mixed,1 1 3 4 8 12 14 14 19 24
AA1WKYwEA8AXO3YC1481uET00O5aNM0G10,10,plain,none,mixed,1 1 2 2 4 6 6 15 30 33
AA1W1caqQf66ma2u4n98KM50fZKa8R2O8W,10,plain,none,mixed,1 1 4 7 8 11 13 14 14 27
AA1W8Auxh1KyOM4We4C82SZ7xAi9AAWI4G,10,plain,none,mixed,1 1 5 6 6 11 12 15 17 26
AA1W1YAAQDgYRma2maOb4MS8H2Be3DEo4e,10,plain,none,mixed,3 4 4 4 5 9 10 13 18 30
AA1WHJ0aI63LBPSC3WGAICSdmc4I494mcG,10,plain,none,mixed,2 4 5 5 8 9 13 14 19 21
AA1W8WO36WNtacdm0u4E121aIj1MamY28J,10,plain,none,mixed,1 1 4 6 7 10 13 18 20 20
AA1W0905ZgiQYSdZQIX2WYA6feT0q5iaeI,10,plain,none,mixed,3 4 4 5 7 8 8 16 20 25
AA1W4898JqJKqsKHXX240v8gaw6I69xIuH,10,plain,none,mixed,2 2 9 9 9 10 10 15 17 17
AA1W88W44YZMen7HEInA022iI70i20G8T4,10,plain,none,mixed,1 2 3 3 4 9 10 21 23 24
AA1WKYRGW8R185en6mgA1G40OY2bekAXI8,10,plain,none,mixed,3 4 4 6 6 8 10 17 20 22
AA1W28G35qegV49IYH18uK3XB5xG9082iW,10,plain,none,mixed,1 1 1 8 10 10 11 19 19 20
AA1Wf7OAWtAief2GI0IA34efv2D5Q8X80G,10,plain,none,mixed,3 3 3 6 10 11 12 14 15 23
AA1WXAAX78U5ICIYa9X1Mn8uI50mI2GmI1,10,distinct,none,distinct,1 3 4 5 6 8 13 19 20 21
AA1WYIXB1MM1YaauWQuGc972WYQ48uhgJH,10,plain,none,mixed,1 3 3 4 5 10 18 18 18 20
AA1W4GKEK9ZyIIpAcB021B827efcAde2n5,10,distinct,none,distinct,3 4 6 7 8 9 12 14 15 22
AA1W11L68821BuX2N0e1851MIgFYJKUY58,10,plain,none,mixed,2 2 3 3 6 6 7 14 28 29
AA1W2Wo2AMA04B1XaK28H2CHSx9LBCXOI4,10,plain,none,mixed,1 2 5 5 5 10 11 14 19 28
AA1W2eDfXSC0X1AIeAX8A3GXNDrC5081oG,10,plain,none,mixed,2 2 3 5 6 7 15 17 21 22
AA1WImkSo5nE4GXihbI10Ymr4ON1EW180G,10,plain,none,mixed,4 5 5 5 6 8 9 13 22 23
AA1Wp5OJ8O3WK2OYi91O92mG30WG4080p8,10,plain,none,mixed,1 1 2 5 5 5 5 21 22 33
AA1W4H9Ie4Y2K70e3WW50OP588wwtD28L2,10,plain,none,mixed,2 2 3 3 7 10 10 17 20 26
AA1W2mM0eC9KcSimM2068l50K0A4QWiGXC,10,plain,none,mixed,1 2 4 4 5 6 7 13 24 34
AA1W0WHSL21932WbIH2C10GRwNqnYCRr0c,10,plain,none,mixed,1 1 1 8 8 11 13 14 17 26
AA1WH1PNGmSJaHl6yqI894qAE0iaD1vHc0,10,plain,none,mixed,1 1 4 7 7 9 11 16 21 23
AA1Wq71WYCIl18Aj8WX238HqL2GoAY3GSa,10,plain,none,mixed,2 3 3 3 5 8 12 13 25 26
AA1W6HHa2YajIpaa49a4RHNiqI0410xeRm,10,plain,none,mixed,1 3 3 4 8 11 13 16 17 24
AA1W28c30Oq4aGpYSWI40e78ys8nIC6nA9,10,plain,none,mixed,2 2 3 4 9 10 15 17 19 19
AA1W4Rb4EYtL5Mnn2WWQ38ZY238e367Ru9,10,plain,none,mixed,2 3 4 6 7 8 14 17 17 22
AA1WY9GP6W4mQLbGq2W8Canp8RpG2We148,10,distinct,none,distinct,1 3 4 5 6 7 8 17 23 26
AA1WGGJgg5F-OJ1O96893HqbHi8B52O748,10,plain,none,mixed,1 1 2 8 9 10 14 16 18 21
AA1W2WaA5GAoyLR7amIC92A2MXAGHWZ30I,10,plain,none,mixed,1 1 6 9 12 12 12 13 13 21
AA1W8Kq2WR2E2GG8CY8368ogNYn6CyaA1W,10,plain,none,mixed,1 1 1 7 10 12 13 16 18 21
AA1W619YJq5Hb4auX44WF4qbS2MqIheJ40,10,plain,none,mixed,1 1 4 7 8 9 12 15 20 23
AA1W628Aled3OD2BH4451PscKT688g4GH4,10,plain,none,mixed,3 4 5 7 9 10 11 16 16 19
AA1W0Z4b4WIJZmOB1Y18YecgjEfLI8I60Z,10,distinct,none,distinct,1 4 5 6 7 13 14 15 16 19
AA1WGQ0D28L2aekZqPG18COfCKAX28TZ0H,10,plain,none,mixed,1 3 5 6 6 9 12 13 17 28
AA1Wc5LbYGuf49UhAWe4HK8NdCR29CYb2I,10,plain,none,mixed,2 5 6 8 8 9 9 14 15 24
AA1W20o6MIkFN5Y8GuX90m9fjoWC0mHbK1,10,plain,none,mixed,1 1 3 5 8 13 14 15 18 22
AA1W6Y64Mf1GCWh4L2441Crcgf992QKkaO,10,plain,none,mixed,1 4 5 7 8 11 13 13 16 22
AA1WW9691idFC38vi0W0Sfc9ABXYOKwNM4,10,plain,none,mixed,1 1 3 5 11 11 13 14 17 24
AA1WGIL5W2239f6Cf8aGY9Yy1u9nLDl1-K,10,plain,none,mixed,1 3 4 6 6 7 9 10 17 37
AA1WaKO8XDH9Jh6y4WiJ0I4ZGwXIri8310,10,plain,none,mixed,1 1 2 7 10 13 15 16 16 19
AA1Wbb4aXa2OOf6biH61948si58HWeY2Ga,10,distinct,none,distinct,1 3 5 6 7 9 12 13 18 26
AA1WD4x5WY3IGU0wh85IKHWeAaYXAgKeJ1,10,plain,none,mixed,1 3 4 7 8 11 11 13 20 22
AA1Wo2TGnq1RGjeAGOW8b8AOd9psf1aIig,10,plain,none,mixed,1 4 5 7 9 13 14 15 16 16
AA1W8eeia6IYCAfed4G82ZLTbaKTG6auZ8,10,plain,none,mixed,2 4 4 5 9 9 10 12 13 32
AA1Wma8GbbTBZQnQG2887W0n23GOrv3B8X,10,plain,none,mixed,1 1 4 4 7 11 12 14 21 25
AA1WXKbaaNW81FIIXi82W60W8ucgKqb9U8,10,plain,none,mixed,1 4 5 5 5 6 10 11 14 39
AA1WA2d5LCQYiHKGa2GGZbf5O2SqwXCW20,10,plain,none,mixed,3 3 4 5 5 9 12 13 16 30
AA1WP2EXfjYJ8f54eX113vi8uB1u2anG8X,10,plain,none,mixed,1 1 3 6 11 13 13 14 17 21
AA1W1W7C58iHO954aZI2948gAF9mYYLaYa,10,plain,none,mixed,1 1 5 7 8 9 10 12 14 33
AA1WK2uGn5FteSmL1q618G8WWoaYJBO4n0,10,plain,none,mixed,1 1 1 5 9 14 15 15 16 23
AA1W2HpVWbP38b12GGYHY8CSja1WKWaKD1,10,distinct,none,distinct,1 2 3 6 9 12 13 14 17 23
AA1W2OV4I261E95q928GY2SRo4YMYo8M0m,10,plain,none,mixed,2 2 5 6 6 8 8 18 18 27
AA1WG2EO208P4BWYaYe48YCQ7GY8WkIcaa,10,plain,none,mixed,1 1 2 5 8 9 13 14 17 30
AA1WKYCl5XqC9XqCHf9422M8Go5GHG5192,10,plain,none,mixed,2 2 4 4 6 9 10 11 25 27
AA1W10Z6-8n08CGqACn88G81Ffd8L1kaLW,10,plain,none,mixed,1 1 2 4 8 10 14 15 16 29
AA1WI4EE2FfAf3GM1eMN48E2G977eYWfSG,10,plain,none,mixed,1 3 5 6 8 11 11 14 18 23
AA1W18Y4vZWI2GibY2G8HrC10qsaKXgmGi,10,plain,none,mixed,1 3 5 7 8 9 10 14 14 29
AA1WY14C5XhvjDi2Wf484LYgKM6WmWd296,10,plain,none,mixed,2 4 4 4 8 9 11 13 22 23
AA1W719H0K5KiuX249120CObBD48j4SbIe,10,plain,none,mixed,1 1 5 5 7 12 13 14 20 22
AA1WA8mXouEmYGZ4OZe830LcP82mAAeA5G,10,plain,none,mixed,1 1 3 8 9 12 12 15 17 22
AA1W20rDY8A1JJKiCCGHAETI1ehe8K4Y2B,10,plain,none,mixed,1 1 3 9 9 10 11 16 19 21
AA1W2GI9djnS4WYw_K2OILOGX8Z16Z4E0W,10,plain,none,mixed,1 2 5 7 8 8 14 14 17 24
AA1W5140xuQ18aBID342GU9EiPwvuQ28Y8,10,plain,none,mixed,1 6 6 7 8 8 9 10 20 25
AA1W17GAWb4yuFame0GYo9X972TGAYeJ38,10,plain,none,mixed,1 3 6 6 8 9 11 17 17 22
AA1WG8v40guZ8KHKauH38gbqeKyWR3jGq4,10,plain,none,mixed,1 2 3 6 6 11 12 15 21 23
AA1Wa4X9NK1IePr2HY8M1M4I8I3m4nhIEH,10,distinct,none,distinct,1 2 5 7 9 11 14 15 17 19
AA1W2WG91eDosqLwHE90G92oGQJC34eWK0,10,plain,none,mixed,1 2 3 5 6 6 14 14 23 26
AA1WE2OKfgUeT643WG248agaKL4KTYCTH4,10,plain,none,mixed,1 5 8 8 9 10 11 11 14 23
AA1W4GaSg474XA9GSaK4OwN9o38Y6LGA34,10,plain,none,mixed,1 1 7 7 9 12 12 13 17 21
AA1W20HEK9GqC10539579XAAHACIjzGq54,10,plain,none,mixed,1 3 3 5 5 7 15 17 19 25
AA1W3WK2OB7U077SGKo1GL3GS59IXYAJ0e,10,plain,none,mixed,1 1 3 4 7 8 11 16 22 27
AA1WKI8mA8AIKZ4uN2aA2U6WaaC2zFmO20,10,plain,none,mixed,4 4 5 6 6 7 8 11 24 25
AA1Wc1G4XS7WCKTGi2GZ0T2Fq9RSIYCH24,10,plain,none,mixed,1 2 6 8 10 11 13 15 17 17
AA1W4GU88XKISR460e84uX0h9pA5oiPLuC,10,plain,none,mixed,1 1 5 6 7 8 11 18 21 22
AA1W29G2yFUIIHB8a2GS2ZKKKavk420564,10,plain,none,mixed,1 1 7 8 9 10 11 13 14 26
AA1WmOBBfCHL9Yj2IY8X0IcMEnr192d295,10,distinct,none,distinct,1 3 6 7 8 9 11 13 17 25
AA1W1GY1NaHo6X8c84W8eeC13ydaZbA4We,10,plain,none,mixed,1 1 2 6 8 10 11 17 19 25
AA1W8I30e8_6BVGui3WH2ZYmg30YA3GAaC,10,plain,none,mixed,2 3 3 5 5 9 11 12 22 28
AA1W0b4SJFAr8M29Q1GGEPcH9Gg-OII8Ga,10,plain,none,mixed,2 4 4 9 10 11 13 14 15 18
AA1WAB42WO3s8H58v2eXCKGo1G4mg0W24G,10,plain,none,mixed,1 1 3 4 5 5 9 17 21 34
AA1W4238I4CWm6eXaHY4GXyEmK2qMZ8XQ9,10,plain,none,mixed,1 2 4 4 10 11 13 16 19 20
AA1W0C2Wn63dWY1eKH4YXCAuf7Wa2I3qAX,10,plain,none,mixed,2 3 3 4 8 8 10 12 23 27
AA1WK18q8b4U2SGi9P693GoWQud48Oa2IH,10,plain,none,mixed,1 3 3 6 9 11 14 16 18 19
AA1WB2FHvHfjjICX8w85GCf8I1beCCA9C0,10,distinct,none,distinct,1 2 3 8 10 12 13 14 17 20
AA1W5GcAGZpoHH3YaH22OW2JLU0OaYKA0e,10,plain,none,mixed,1 2 3 4 7 14 14 15 19 21
AA1W9SmW21CIIIKatXG15DcKZIi60e4b18,10,plain,none,mixed,1 2 4 5 5 9 11 12 14 37
AA1W0GH4qGBLWIX2F446fiD1LJrHiUkB7O,10,plain,none,mixed,1 1 3 5 9 12 17 17 17 18
AA1W09a1H48cL9onO20Y48ZhskLiqX8HcI,10,plain,none,mixed,1 3 4 7 7 10 10 19 19 20
AA1W2IPYCmQ2WJF7O90WNa8Pq3Y8Wa2WX9,10,plain,none,mixed,1 3 4 4 6 10 11 15 19 27
AA1W60X4msam80baiG52ea4WXcXK9YJICG,10,plain,none,mixed,1 2 2 3 7 14 17 18 18 18
AA1W18K7WTIk9rAH80W4mo10BOsK650e0Y,10,plain,none,mixed,1 4 4 4 4 7 8 12 27 29
AA1WY0C4k7Ga492aFWaeWy9H5Gs5XH4CY4,10,plain,none,mixed,1 1 5 9 9 10 10 15 17 23
AA1W92eB0O8WIWddu10H21mdoEYC5WU1WA,10,distinct,none,distinct,1 2 4 5 7 8 9 18 21 25
AA1W1Mv3rWh4EXI9FGGHb4OIHkHX92Gfx9,10,plain,none,mixed,1 3 5 8 11 11 13 13 14 21
AA1WJ1Ox0G1UtNocYL1P2Ie012Pc3G6488,10,plain,none,mixed,1 1 3 6 6 7 9 9 23 35
AA1WWWLSruB14NTHZW45DEmKyx0HBo4972,10,plain,none,mixed,1 3 4 7 11 13 13 15 16 17
AA1Wa19Q2T69YKGDpQ41K9qn-gMX8eY6l0,10,plain,none,mixed,1 1 3 5 8 8 14 17 17 26
AA1WH27H2290m27GI2G0O54GK3WG-5mo4G,10,plain,none,mixed,1 1 2 3 4 8 12 22 22 25
AA1WGKv7GCXg3See51eL4OWa98K22Xes0K,10,plain,none,mixed,1 2 3 3 4 9 14 15 15 34
AA1W8maeX747R-q8H19Q062Eq50q50ag4f,10,plain,none,mixed,1 1 2 8 9 14 15 15 17 18
AA1W0C8a4LuDEB2KUWkH4mYigz71AWf650,10,plain,none,mixed,1 1 1 4 9 13 14 17 18 22
AA1WiK2WH4aGCEX2D9021mE4Q6ux5HU5Gf,10,distinct,none,distinct,1 2 5 6 7 8 11 14 19 27
AA1W0e2UcG8f2A2GO0a8GYKfFHvfDEO24W,10,plain,none,mixed,1 2 3 4 6 12 14 14 21 23
AA1WGK3vFGC9KkCenCC14aGuR69DH2PZ9c,10,plain,none,mixed,4 4 4 5 9 10 12 15 16 21
AA1W0dIwHI9QWM4xNZJX1EY21J4qWC2AfY,10,plain,none,mixed,1 3 5 7 7 10 11 12 17 27
AA1W2WJ4Y4ygb9ezpgG4GHBHcH6CmAWa25,10,plain,none,mixed,2 2 3 7 10 11 13 17 17 18
AA1W0013SVf57L9Ga2WQ2RIoiKJ4B0eI4a,10,distinct,none,distinct,1 2 3 4 9 10 11 17 21 22
AA1W8H0AT_SwZeSaYbI0Hf88S8IWO2Lmb0,10,plain,none,mixed,2 2 2 5 6 12 16 16 17 22
AA1W8gHHia4J1eosNKi7XHnYGOd1mGf310,10,distinct,none,distinct,1 3 4 5 7 8 9 12 23 28
AA1WKTWi0miYa8PABHPf0ua1S8Wc408X84,10,plain,none,mixed,1 2 2 4 6 7 14 16 19 29
AA1W9Z1aBA98qaZLKYA53aWJK1uHe1LEa6,10,plain,none,mixed,1 1 7 7 8 8 11 16 17 24
AA1WOSGA95HtE1WKD0IIKA7MXqPaAO9a20,10,plain,none,mixed,1 1 3 7 8 9 14 18 19 20
AA1W4H0830YGR5B978m6Wa8Kc50J108c4X,10,plain,none,mixed,1 1 2 6 8 10 12 15 15 30
AA1WGH14D0QIWa50L0O8WgcBt48G2GIaLY,10,plain,none,mixed,1 2 2 6 8 8 9 11 26 27
AA1W4kYL4a4X4CIpKHXG5W4euCHaScCWu0,10,plain,none,mixed,1 2 3 6 9 12 12 12 21 22
AA1W8J2imgQ8H60uYeeaFYQIY58a8Q040B,10,plain,none,mixed,1 2 4 5 9 10 10 15 18 26
AA1W0W2XWCTWx8CI42GSOb2Wi2u8I6GJo2,10,plain,none,mixed,1 1 2 3 5 11 11 13 23 30
AA1WGnA4H9AAfBuaDyn0W5Zh2RZnWq98mW,10,distinct,none,distinct,1 4 6 7 8 9 10 17 18 20
AA1W0WN12RWHEo2WH2m8nwA999shg38e3W,10,distinct,none,distinct,1 2 3 4 5 7 16 17 19 26
AA1W22OY0HyGG31FhW8AQYYKbYggaCaYLq,10,plain,none,mixed,1 1 6 6 8 9 9 15 15 30
AA1W79PJ2RHYuYz1eA04WfLCi6WG30a92X,10,plain,none,mixed,2 4 5 9 9 10 11 12 14 24
AA1WEWCWUQiRl80W4IYG1G5CD65GL0mHHY,10,plain,none,mixed,1 2 3 4 4 5 6 18 26 31
AA1W0WqvWXq7CfaeYIOAIX93KWI2Q958mc,10,plain,none,mixed,1 3 3 6 9 10 10 14 15 29
AA1W41HDgiUX3GASE6G20HDKXoIaKHK9aG,10,plain,none,mixed,1 2 5 5 9 12 14 16 16 20
AA1W2OGA1eoZLfT8bX1IAfI8Z89f4mTY84,10,plain,none,mixed,1 3 6 6 7 8 11 13 22 23
AA1W0j84Wi4vBa891qWICSZYKHgD_G94K4,10,plain,none,mixed,1 1 1 10 11 11 14 14 18 19
AA1W0G4DBQ4YmKcJ18I8H662GEXBT5KEQq,10,plain,none,mixed,1 3 4 5 8 13 13 14 18 21
AA1WYYej6U3eH1CfHuO0Ub8o6uZDY92488,10,plain,none,mixed,1 2 4 5 8 9 11 17 17 26
AA1WD2aBYp8GI2W429I40Wy3HMAMgmO88Y,10,plain,none,mixed,2 3 3 3 5 6 10 18 22 28
AA1WWayaLCnCf8o6b140OQ5nBY2GfRa5GY,10,plain,none,mixed,1 6 6 8 8 11 11 16 16 17
AA1W1G919omCiDMf9v42Ww7XJ491IIAzeO,10,plain,none,mixed,1 5 5 5 7 7 8 13 23 26
AA1WKsa8Gv1Nob1uH4JY2D2p86HT168C90,10,plain,none,mixed,1 1 3 4 7 8 14 20 21 21
AA1WC9WI0M38QMS2WcW91DH08GeX59A6ae,10,plain,none,mixed,1 1 4 5 6 8 12 20 21 22
AA1Wb3MMnE4QIb4ac4W95837u9DI7qO20m,10,plain,none,mixed,1 4 5 5 9 12 13 15 16 20
AA1W0W30QLYB4FA73049Hw3WO2XB8zy7M0,10,plain,none,mixed,1 1 1 5 5 7 15 16 19 30
AA1W64Jw18E1Vb1j20GX1CHWIbHe2mCoWA,10,plain,none,mixed,1 1 1 7 7 12 14 15 16 26
AA1WSWO2z1qHA6BO0mq8GIaX-gOSoHIL85,10,plain,none,mixed,1 1 4 6 12 13 15 15 16 17
AA1W20XEmvB4ec06M10IY4GvsqeU8o48MY,10,plain,none,mixed,1 2 2 5 10 13 15 16 17 19
AA1W2WXD4e48nJoGK1HC109B8YOKN6qt0X,10,plain,none,mixed,1 1 1 6 11 12 12 16 20 20
AA1W2bOAIiAe824GY08Gq1i8nACvP7OZ4u,10,plain,none,mixed,1 1 3 7 7 8 12 13 19 29
AA1WCAWl0rpNrP9q9U1H1Xyeq1IaBuX6L4,10,plain,none,mixed,1 1 5 7 8 11 11 14 17 25
AA1WB2aKulc5yqdaYu628mlHaeHfY8YGGX,10,distinct,none,distinct,2 3 4 6 7 11 12 13 16 26
AA1WSWa3Gqi20SYKQTK20XdGKP1iLZ3082,10,plain,none,mixed,1 3 4 4 7 7 11 11 18 34
AA1WGJHacPJuu34m-0OKX1QLHva5g6WI50,10,plain,none,mixed,1 2 7 7 9 9 10 13 17 25
AA1W50Z4uZn0Gv7m2e470Y70oocTK9YWGZ,10,plain,none,mixed,1 1 2 5 11 12 12 16 17 23
AA1W9AoPr-GXo1WCaGJaLXIEfAUg0YQa8W,10,plain,none,mixed,1 5 5 6 7 8 9 16 21 22
AA1W48q4XK6dq2JG6We2GA2XgfJ3OS8WW4,10,plain,none,mixed,2 3 4 4 7 9 11 18 21 21
AA1W2ntCwCaaOYpYuaX4GbC4bQHE6mBeA0,10,plain,none,mixed,2 2 3 6 8 10 10 14 21 24
AA1WG85P5Xen2OL1eZ4215naWi5Wq2oKn4,10,plain,none,mixed,1 1 5 7 7 9 11 14 17 28
AA1W2eIZaC3C9K58GX45ISIwKJXiGKWq28,10,plain,none,mixed,2 3 3 7 8 12 12 14 15 24
AA1W0W8VvafEiPCfgC3D1KGXVK9Yb2OBAW,10,plain,none,mixed,1 2 6 8 9 9 13 13 17 22
AA1WGGW54ub7JP8AT0O19HerPDGRH28os2,10,plain,none,mixed,1 1 2 8 8 13 14 15 19 19
AA1WCCPfX0A0mKvO-090L1fovqmBfd4v15,10,plain,none,mixed,1 4 5 5 7 7 9 13 21 28
AA1W2G9PH9o0E2WN50OA1mM0G2Su7Gi-GK,10,plain,none,mixed,1 1 5 6 7 10 11 12 22 25
AA1WmGWY0KSi1QWu50fQ6OKYOra2WbOB1X,10,plain,none,mixed,1 1 1 5 5 11 12 16 17 31
AA1WWnKOX469IYWt6e4Hc4eayXAaKaA2WX,10,plain,none,mixed,1 1 5 6 8 9 13 18 19 20
AA1WH29g4iUOD0m8n5AG1YQ8WA3m5fHDd4,10,plain,none,mixed,1 2 3 3 6 11 13 14 14 33
AA1W8GjWK4H3Wy4mbEOK0e0iHIgIaB1u92,10,plain,none,mixed,2 3 4 5 5 8 9 10 27 27
AA1Wg18B0P2GO2aZew8WW10928ceJAMKB4,10,plain,none,mixed,1 2 4 7 7 9 11 12 14 33
AA1WCPaiYebt44Wa24G4BeI1O0m4AaY2KI,10,plain,none,mixed,1 1 3 8 9 10 13 14 20 21
AA1WAdQ2uh2XqN3-GK8H49HmGCI2jUL62G,10,plain,none,mixed,1 3 5 7 7 8 12 16 16 25
AA1W4CWMXPBluj08138WYG99KG28Q1WC4G,10,plain,none,mixed,1 1 2 4 5 9 12 16 22 28
AA1WWbaDJkf9AbGcG102YePSA50ePago6W,10,plain,none,mixed,3 3 6 7 8 9 10 12 15 27
AA1W8f182822GU84aXa68p8vA8Xa8b4eZ8,10,plain,none,mixed,2 2 3 4 10 11 14 17 18 19
AA1W40ms4TON4Y081Wa0YmD1Wa9D5fs8nc,10,distinct,none,distinct,1 2 3 5 6 7 12 16 17 31
AA1W19LIcAmHGK32OKbI31J4DX1Gc1n4ga,10,plain,none,mixed,2 2 4 5 7 10 12 15 17 26
AA1W8K3ICC2KeOGhAWK6F9WeE33gRoyGL4,10,distinct,none,distinct,2 3 4 6 7 9 10 14 16 29
AA1WWoBWa2XYbeWOKY86c82GU2uHqveH4O,10,plain,none,mixed,1 1 3 5 6 12 13 14 14 31
AA1WMo6PMCYiK9H8a0888gPG8XOhHX410u,10,plain,none,mixed,1 1 1 7 9 10 15 16 16 24
AA1W8X5wO7113N30a4mA2IB0U3BKT68d4G,10,plain,none,mixed,1 1 3 4 8 9 9 17 24 24
AA1WeWK14rK78Xa2Y1me8m14Hg2oTn68Wa,10,plain,none,mixed,1 1 1 6 7 11 12 16 21 24
AA1W8WwASWY2Wg389PA2XS9M0l24WW4es5,10,plain,none,mixed,3 3 3 3 5 8 9 12 23 31
AA1W91Or6WRpSjLar0a4A90IWDNY2ui20G,10,plain,none,mixed,1 3 5 7 7 9 12 16 19 21
AA1W0WY6h7LSso3DSQI0WG9XfgUMsKCOmH,10,plain,none,mixed,3 5 8 8 8 9 11 13 14 21
AA1W10Z0K6IIZTZrYP0AOm4GfsUaL32nCK,10,plain,none,mixed,1 1 3 7 8 8 15 15 18 24
AA1W49D7kx2bCL67gG459K7Mf8gMbn34W6,10,plain,none,mixed,1 5 6 6 9 13 13 14 14 19
AA1WIIAMIeCJc61G42G38PL26AUOF1mH28,10,plain,none,mixed,2 2 4 6 8 10 12 14 20 22
AA1W70u51qb0G4n48PH40m61K92vD871GA,10,plain,none,mixed,2 2 4 5 5 6 14 15 22 25
AA1W0lCE8-RDalQ3G20XYGaXmIY8gYyQKe,10,plain,none,mixed,1 1 4 6 11 12 12 12 14 27
AA1WmYa91HJnIMWK30G0a4NY4XbXwHi8Wa,10,plain,none,mixed,1 1 7 10 11 12 12 15 15 16
AA1W4H54g5fea2GU2BK40mEFGZ4IaXBe8I,10,distinct,none,distinct,1 2 4 6 8 9 13 15 18 24
AA1WIao8p92n41GL4bC8N3KQwdQDS4UCGa,10,plain,none,mixed,2 6 7 7 8 8 9 10 21 22
AA1WHAIamdA1AcHH4Wg8Y8H2c5MuK8Ygun,10,distinct,none,distinct,2 3 5 6 8 10 13 14 19 20
AA1W6XGK6z9KRJ24aX4AOeKKJM5CeWW11m,10,plain,none,mixed,1 1 1 2 10 11 12 19 20 23
AA1W2aOXqAqgXHMK080WGM4GY1IEiIMNIH,10,plain,none,mixed,1 3 5 5 7 8 9 11 19 32
AA1W1OC12Dfp1aCuI4GCHR6GA0W2Ib4EaG,10,plain,none,mixed,1 3 3 4 5 7 8 13 16 40
AA1WOY96eXKIYaGR2eB0W8s2mGX5uG34K4,10,plain,none,mixed,1 2 3 3 5 10 10 17 21 28
AA1W0W1W9k11aiAWC1WL9bCvG50eB4ef2C,10,plain,none,mixed,1 3 4 4 6 6 11 15 23 27
AA1We0GR3i9HgXmC189aWeH4mf289Wc2GG,10,plain,none,mixed,1 1 6 7 8 9 9 14 21 24
AA1W8WY2YueD49Gv68Z10WC5aKA4TMo7ue,10,plain,none,mixed,1 2 5 8 9 9 12 17 18 19
AA1W81Zr9kXAYgDGKZ8H1wT0ZZ4IqV0l54,10,plain,none,mixed,2 5 6 6 7 7 7 11 24 25
AA1WW0G96430H58o4Wmq30S0W5MTlCQZaC,10,plain,none,mixed,1 1 3 4 4 10 10 17 23 27
AA1W4nGGjgWcOGpg6W8eC9wOtg3BVkASWa,10,plain,none,mixed,1 1 5 9 11 12 13 13 17 18
AA1We61AAee20J2-1480QowIYSWg8H48M2,10,plain,none,mixed,1 1 2 3 6 9 12 14 20 32
AA1W53fHCNiabaIbOkA49KYAY61G29C5CK,10,plain,none,mixed,1 4 8 9 9 10 10 15 16 18
AA1W2W83uIb2G97uy1W48L1G87cQi2W43W,10,plain,none,mixed,1 2 2 4 7 7 9 11 27 30
AA1W4XYjEIC6WO2ZIme72GSiTCGZSNX8Y2,10,plain,none,mixed,1 6 7 8 9 9 9 11 12 28
AA1W2WOp0N50Oh1Ot081JD1m2694i0WC10,10,plain,none,mixed,1 1 2 4 5 6 11 12 25 33
AA1Wma4aHmE0AYiL9q4173OQI2HO9R92GO,10,plain,none,mixed,1 1 5 6 7 7 13 17 20 23
AA1W8Fe80R58gY0d6WOHa0G50VhIbSigGa,10,plain,none,mixed,1 3 3 5 6 8 9 15 16 34
AA1WHWh2eGY6g916fJY4G9Y4OI9HxoSW10,10,plain,none,mixed,1 2 3 7 7 8 13 13 21 25
AA1WAmY40uWn44eG23G50O3C8Cb4aWeJ2K,10,plain,none,mixed,1 1 2 4 4 5 17 18 19 29
AA1WCKXa7W9fKQWbZ28H4hen64Gr0mWa2M,10,plain,none,mixed,1 3 4 8 8 9 10 12 18 27
AA1W2mKMsruv0O1ebX098QHob4W408IyMI,10,distinct,none,distinct,1 2 4 6 7 8 10 14 16 32
AA1W9AHFa4L26KHw90e80WpXPSMaE2OGm6,10,plain,none,mixed,1 1 2 7 8 9 16 17 17 22
AA1W2v48ZKeLBZ54oc0A1W8Kkbn5A8qXWK,10,plain,none,mixed,1 3 5 11 11 12 13 13 14 17
AA1W8JA3IbIaC1uFP9418HuJ0S2GeiYD0X,10,plain,none,mixed,1 4 6 7 8 8 9 11 15 31
AA1W8G5qDDQJYkCHMA5GYg8D5pMXu9Wf0X,10,plain,none,mixed,1 5 5 6 7 9 12 14 19 22
AA1WXAHYC8YafLHC5481E80W62Dn5GS318,10,plain,none,mixed,1 3 3 5 7 9 13 14 19 26
AA1W1mM64aaWW20GD18A0W40YHT78YKIYK,10,plain,none,mixed,2 2 2 4 4 13 14 18 18 23
AA1WH9qH28BfBHLWQ1WGA7bYGYwasaac08,10,plain,none,mixed,1 3 6 6 7 12 14 15 16 20
AA1WY288p3CPKZKM2OZ0K8T0W2C8HZQ212,10,plain,none,mixed,1 1 2 3 10 11 13 16 20 23
AA1WIYB8AX9s60848Wc6Gg-LnY0Gq2DbY0,10,distinct,none,distinct,1 2 3 4 6 7 9 15 23 30
AA1WCXEHY4F1WA5GA2G0u1K88b4GC5WS3W,10,plain,none,mixed,1 2 3 4 5 5 9 16 24 31
AA1W6gAgXG4v43a4HWKGf3uCv5F59MWY0W,10,plain,none,mixed,2 3 3 5 6 8 9 17 20 27
AA1Wg15KKux6D1S0W4615anYy3bCgZDGaG,10,distinct,none,distinct,1 2 3 7 9 11 12 13 14 28
AA1W21fY01TRxISayWuP2DKK9qZnfDCi24,10,plain,none,mixed,1 1 8 8 9 11 12 13 13 24
AA1W56mn4ng2V5dQ50G2K4RJi1VD2GM1Ho,10,distinct,none,distinct,1 3 4 7 9 10 13 14 15 24
AA1W8P44I4ZX8AGmiX12GX8BU38h7V90i4,10,plain,none,mixed,1 1 4 4 6 7 12 13 18 34
AA1WGBaQ9G20O54FeYX0G5eadLIIG65mP5,10,plain,none,mixed,1 2 3 5 5 5 10 12 24 33
AA1W8J1J0O2cAnID8c88XHYQGI2G4OqaYY,10,plain,none,mixed,1 3 7 8 8 9 9 16 19 20
AA1WQ6m7w2MHG91488qe3024HCAuEYpGP2,10,plain,none,mixed,1 3 3 4 4 12 17 18 18 20
AA1W1GA4beDlrcqef2G99mD92I2L8YWba4,10,plain,none,mixed,2 2 3 6 10 11 14 16 18 18
AA1WIz4v32IbI6OWAAG0LQHSucm4OXqX07,10,plain,none,mixed,1 1 3 5 6 7 16 17 22 22
AA1WY29c1nDH2Q5W41GGN4P2J0ke70u470,10,plain,none,mixed,1 2 2 3 5 10 13 17 20 27
AA1W0e9ubuG0orHPGXGHXaJOyAWhvCAYoG,10,plain,none,mixed,1 2 2 4 9 10 13 14 20 25
AA1W4821bsB90C00m248ec4XSc5Wo6nADX,10,plain,none,mixed,1 1 3 3 3 8 10 11 21 39
AA1WIb2lr-Uw9hIcf9IWIjmSSnGtGaI58A,10,plain,none,mixed,3 3 4 4 11 11 12 15 15 22
AA1WA9H4ISX48GbCoXY4WfCpZ4R2LZ1G40,10,plain,none,mixed,1 1 7 7 8 8 12 12 19 25
AA1W8XAA0G3n4Gpbaa8CHWDGq6AHaCOqcY,10,plain,none,mixed,2 2 3 8 9 10 14 14 17 21
AA1W50KEHVcgL92H5mK3Gg6YOjObfJ14HC,10,plain,none,mixed,3 3 6 8 8 9 10 16 17 20
AA1WI9CEE1G986XKrh888Yg2F966ZYHIE2,10,plain,none,mixed,1 3 7 7 8 8 9 15 17 25
AA1W9GY8Nr5F4a2Gi2W8Oq9Uo9med5WC0G,10,plain,none,mixed,1 2 2 3 8 11 14 15 15 29
AA1W8GKgEXqYa99vFH393OG59gWH36uNOG,10,plain,none,mixed,1 2 4 8 10 10 11 15 19 20
AA1W896g2EIKY4WYC94I18B1RA3WK5DOV0,10,plain,none,mixed,1 1 7 7 8 8 14 15 15 24
AA1W8Wg15kYKAvjK0824H494YSJKabAJQK,10,distinct,none,distinct,3 4 5 6 8 9 11 15 17 22
AA1W5H7Gmg6H4CbM9KI0G7OzO2WZiGmGa4,10,plain,none,mixed,2 3 4 6 6 10 12 14 19 24
AA1WP3WcLSw9NHycef08AKL12mai8XnKw8,10,plain,none,mixed,2 5 5 7 10 10 10 14 18 19
AA1WaobXaAudKZL69091EZ1OqMYa1JimG3,10,distinct,none,distinct,1 3 5 7 8 10 15 16 17 18
AA1WX0W0PfPGaXYCAvHZ0K4Hmr6gQZJ4I0,10,plain,none,mixed,1 1 1 7 8 9 15 16 18 24
AA1W2WIR2eKwNYF1JHK0G8KfcAr2qE94GG,10,plain,none,mixed,2 3 3 4 6 8 15 16 21 22
AA1WI27Q3WKEeaaW8mb0GGH1h8c4pYIYAX,10,plain,none,mixed,1 1 3 6 7 10 13 14 22 23
AA1W0O20baEn0O0WXO34v491KAHYCAH4KW,10,plain,none,mixed,1 1 2 2 4 10 10 18 24 28
AA1WIHJIZ4gH3FWa8Gi28no9MB8b52BN4W,10,plain,none,mixed,1 2 3 10 11 13 14 14 15 17
AA1WQWR3XmwGnAfi2iG28WY1Q4XgjYXYA6,10,plain,none,mixed,1 1 4 7 7 9 13 14 20 24
AA1W68H291bIv4DXH0e4ON1XggOB40W622,10,plain,none,mixed,1 2 2 2 7 9 10 21 22 24
AA1WK2KP2Kb6AfcIqsS00WJXGiV5l2MHA9,10,plain,none,mixed,1 4 8 8 9 9 13 14 15 19
AA1WKIeR7eLj2KCaZYG80z4BP8Q2YCada4,10,distinct,none,distinct,2 3 6 7 8 10 12 14 17 21
AA1W0bL1Ym96f4Gn490J48k31MNqfWC1cH,10,plain,none,mixed,1 1 3 5 7 10 15 16 20 22
AA1WL55mciE0G392GE80CWKKqCXCbeD1U4,10,plain,none,mixed,1 1 1 1 6 10 14 16 25 25
AA1WH1vAX4OT020YQW250maQ8Xp18AZMaK,10,plain,none,mixed,1 1 3 6 7 8 9 11 24 30
AA1WGCAZOS515en58ib9E4GYHK0Wc5GpX0,10,plain,none,mixed,1 4 4 5 9 10 14 14 18 21
AA1W89g2IyfWg4uIx14AHXCJHak69vIWa8,10,plain,none,mixed,1 3 5 5 8 10 13 14 18 23
AA1W4Ojt0e3egKWa51X8Y49XDE20XQvq8G,10,plain,none,mixed,1 1 2 9 11 11 15 15 16 19
AA1WA50OyI4WoAK-yGJaZ18LDk928Yo8A0,10,plain,none,mixed,1 2 4 6 8 12 15 15 17 20
AA1W2G62IXO2cRkOL380G489zAsOo24RYm,10,plain,none,mixed,1 3 4 4 5 7 11 18 21 26
AA1W48a4pl1X6KdqEYO4WY9ev2WG8EGb58,10,plain,none,mixed,1 4 5 6 7 8 14 14 15 26
AA1W20IGNb7ShK18f2C4HPMhGIWa519jCH,10,plain,none,mixed,2 3 3 6 6 13 14 15 19 19
AA1WL5G40i20R4bY8b8WI5me2r08kCUYaC,10,plain,none,mixed,1 2 4 4 4 6 9 16 25 29
AA1WIZ83YNAJe14q0G9AXILKIXYQwup80X,10,plain,none,mixed,1 1 4 6 6 12 14 16 19 21
AA1Wc4WH2BD5i5XC4X672e10dmI260XC10,10,plain,none,mixed,1 1 1 1 6 10 16 17 19 28
AA1W0F959aA0Z6HKGi0eB1uIKF1YaL5gAA,10,plain,none,mixed,1 1 2 8 8 9 15 18 19 19
AA1Wa51OAQbf99SBX1G6I5Cim4113WiCKG,10,distinct,none,distinct,1 2 4 5 6 7 14 16 21 24
AA1Wf2WCXaLGisGJkQH0iAMyKXS052OKgW,10,distinct,none,distinct,1 2 3 4 8 9 10 12 18 33
AA1WLAOKfLl0J2YiA6e4GJAWNy2N4I8I4e,10,plain,none,mixed,1 1 3 8 10 11 15 15 16 20
AA1W4OA4Wuc5PhLYuKK4010GJukm8Y51aK,10,plain,none,mixed,1 3 5 6 7 7 10 13 20 28
AA1W0Y6Gss4Pq8H2G91ab44umB0e54O4GH,10,plain,none,mixed,1 1 5 8 9 10 10 11 21 24
AA1W46KL2cRZCWa10W2GK810up2eP5Ncyn,10,plain,none,mixed,2 4 4 8 9 9 10 11 14 29
AA1W12qKPwBGd4WY4M4YKJAGYcB1o8LH3G,10,plain,none,mixed,1 1 6 10 10 12 13 14 16 17
AA1W48K1RGBWcWWmA544ee90waZLSj8o5G,10,plain,none,mixed,1 1 6 7 7 9 11 18 19 21
AA1WB700W42ZHAi9934H4EIw4GceLem60g,10,plain,none,mixed,1 1 2 4 5 10 14 18 19 26
AA1W4mI38J2E1tqOkbW00O2WMZE1fP4L0e,10,plain,none,mixed,1 2 2 3 6 8 11 16 22 29
AA1WASaYaAgL6ue86PI24ab0LorcWXGXG5,10,plain,none,mixed,1 3 3 5 7 14 16 16 17 18
AA1WI2WoB4q9IAvRL1W43G6PWwOP3XuEI8,10,plain,none,mixed,1 3 5 8 9 9 11 15 15 24
AA1W20eX1CF9cege8nO924GJEi5H4voF95,10,plain,none,mixed,1 5 6 7 9 9 10 14 19 20
AA1WGIGA4ijawVaiMeG0XUR9b257fCG10B,10,plain,none,mixed,1 4 5 5 6 12 13 17 17 20
AA1WOI4Y2KZNs0mA0m713eY08338Vqe001,10,plain,none,mixed,1 1 1 3 5 5 9 23 24 28
AA1WXAW91Wg1cCHoYWa2SmM02-lG20Q24G,10,plain,none,mixed,1 1 1 2 10 12 15 16 18 24
AA1WOIpMIae4WYATGa20Gl95u152ebZ4Me,10,plain,none,mixed,1 3 5 6 7 7 8 13 20 30
AA1WMaKD188212Gc8mI8d4RXlreaGW510G,10,plain,none,mixed,1 2 6 7 9 9 10 12 13 31
AA1WGE1mXG4igrv5H10Y549uf4f5BIWMWg,10,plain,none,mixed,2 2 2 4 10 11 13 17 18 21
AA1WM2cL9fF29XW9Ank4WeE0Y2SXmKCHmm,10,plain,none,mixed,2 3 6 7 9 9 9 9 20 26
AA1WCX84iGY2ZF7q1y88OK1I8wM8nn9AI9,10,plain,none,mixed,1 3 4 6 9 9 10 17 20 21
AA1WJAlJ6e1P4n0j2A5Ce95Wq-GnNSaIWW,10,distinct,none,distinct,1 2 5 6 10 12 14 15 17 18
AA1W24C5g6m-40Aa91GY2eOp4GM38KShca,10,plain,none,mixed,2 4 5 7 7 7 8 10 12 38
AA1W60W6b5e1MGnaAAA80G3fAfYNIma69o,10,plain,none,mixed,1 1 3 8 9 13 15 16 17 17
AA1W48g4GH0pAu33VYG3WG10HwMo78AyZ2,10,plain,none,mixed,1 2 2 3 7 9 10 18 23 25
AA1W0xgxGU2f958AL3Gec48qVImdY104q2,10,plain,none,mixed,1 3 3 4 10 12 13 13 20 21
AA1WWA2SDOMWI1XTDH3E5G42aAv9CHUuW3,10,plain,none,mixed,1 1 4 5 5 8 10 17 24 25
AA1W318H0lZiKXqWy2048XSLXWai2X451O,10,plain,none,mixed,1 2 2 4 5 7 14 15 23 27
AA1W104c0V4YAoYKWX6A3VOB0E2wuGv90e,10,plain,none,mixed,1 1 3 6 9 10 11 15 15 29
AA1W4K3e2HxmeX4CI8h57QrDPA0Z4WIKT0,10,plain,none,mixed,1 3 6 7 7 8 9 17 18 24
AA1W8XbAXZLOO4WgAY720G6CJVAYHb6YB0,10,plain,none,mixed,1 4 6 7 7 9 10 14 18 24
AA1W10oe0Cy9ILYdYeWJ1hBBfkJfuki6mH,10,plain,none,mixed,1 4 7 9 9 10 10 15 17 18
AA1W0GPPOm55uUZ0fH899JJB4GbqLoYi8X,10,plain,none,mixed,3 3 4 6 7 9 11 12 19 26
AA1W0LiOWG6yKkY4GYAo2KAaOKZGgCY2OZ,10,plain,none,mixed,1 2 5 8 8 11 13 16 17 19
AA1W8WPk3HRGYr29IEKGX926GeYMb4faB4,10,plain,none,mixed,1 4 5 5 6 13 13 13 18 22
AA1WY11bQGFHbGz2eE00d4re8S6mg54tHb,10,plain,none,mixed,1 3 4 4 5 7 13 15 20 28
AA1W54MGH2EOMqYTK0WWwB8WKbMKIKCCXI,10,plain,none,mixed,2 2 3 3 7 10 15 15 18 25
AA1WJITHo6Ih3K6gzH20G50GQ2AXCaqH4W,10,plain,none,mixed,2 2 4 5 6 8 10 15 23 25
AA1WA8K38O20eT1hVb8Wa5XG128oGE2mX2,10,plain,none,mixed,3 3 4 5 7 7 8 8 24 31
AA1W2WG4vGg0j9WG2WiE1WC0SOkNmnGI18,10,plain,none,mixed,1 2 2 3 3 10 16 17 23 23
AA1WX22MKm52KARYHICC50BXIGWmYKB8XC,10,plain,none,mixed,1 1 3 5 7 8 10 18 18 29
AA1W4IZ5f88k2gKuYaOI2CYb8Ho0KvKQ4W,10,plain,none,mixed,1 3 5 6 9 10 13 13 16 24
AA1W18cafGAQLIbWf0YS8a6X1erMgeHq18,10,plain,none,mixed,1 4 4 6 8 9 16 16 18 18
AA1W4eI1JXLMfWwr44410T8OZjZg1K9Ei3,10,plain,none,mixed,1 1 3 4 8 12 15 16 19 21
AA1W4GIT3-Uuf96JJG1Gg32Y8u0tOAHCfA,10,plain,none,mixed,1 3 4 4 10 10 12 17 17 22
AA1WWI1MBZn44K0LGXG4aS8ucHn9F9qgWs,10,plain,none,mixed,1 4 5 5 8 10 10 18 18 21
AA1W5BiAc80s4928L1GP2mfw2GP3T4Ga0W,10,plain,none,mixed,2 4 4 5 6 7 11 12 22 27
AA1WGIzuHr2ea2JYiBXGX7G2ahYGY38mJG,10,plain,none,mixed,2 3 3 5 5 11 12 15 20 24
AA1Wn29GXKB2KeYaLae0KFA1C90GMR0O50,10,plain,none,mixed,1 1 3 4 7 13 16 16 16 23
AA1W4FW42oceu1081K4ICWO5051GA9X4KI,10,plain,none,mixed,1 1 2 5 5 6 9 16 21 34
AA1WYaOIa3H5GA0e6Oq33m20C1HMy1X4H1,10,plain,none,mixed,1 2 4 4 5 7 11 17 24 25
AA1WHIG8Y0e33XacO2e60wS1B9lDOWAYaC,10,plain,none,mixed,1 2 2 5 8 9 11 14 16 32
AA1WoK2WS5ZJ4B14X214WNXqKYWe3vnG8X,10,plain,none,mixed,1 3 4 6 6 6 7 17 19 31
AA1W5C92Gu91v82W81COL2ebk638A9GI48,10,plain,none,mixed,1 1 5 6 8 9 12 13 15 30
AA1W104WH6Y8HUYKUeAJ1eC9E89aih858o,10,plain,none,mixed,1 1 3 5 11 11 11 17 20 20
AA1WI0nZ48A0I4X18K86Bn-F492m28T2sK,10,plain,none,mixed,1 1 3 5 7 8 8 22 22 23
AA1W4GXRoncPpFgnL5G20XGfKG9BGX8q32,10,plain,none,mixed,2 2 3 5 6 11 14 17 18 22
AA1W68m6nLLKJZada8ECHnA9n0Wy4AADiG,10,plain,none,mixed,1 1 1 5 5 9 12 19 21 26
AA1W67GA1EKn_aprOm9WYCdA4rHq1f01uH,10,plain,none,mixed,1 1 5 6 7 10 13 14 17 26
AA1W9228N5D9Q9Nca4WC0auGa208ab2BXC,10,plain,none,mixed,1 2 4 8 8 9 10 14 21 23
AA1Wn24QBKJYPZhmWa40aAGWY4Y6rJKQWC,10,plain,none,mixed,1 1 6 9 12 12 13 14 15 17
AA1W18Y2H12aLNAHYYHA1B8Xaz461GpkS2,10,plain,none,mixed,1 4 6 8 9 11 11 14 15 21
AA1Wn54g4mI4WXSWCIG0YomP27gjqeb5Gc,10,plain,none,mixed,3 4 6 7 8 11 11 14 17 19
AA1W808K5zfk7yiXm92GJ92zAqd42X8A8Y,10,plain,none,mixed,3 4 4 5 6 7 14 16 20 21
AA1WAHZ4DLLAi1WI8X42Ho9JgaH4E0MI50,10,plain,none,mixed,2 3 3 6 6 13 13 16 19 19
AA1W3HFeZeOZ33eLZ8mGH11F1q2iDSPGCK,10,distinct,none,distinct,1 2 3 4 5 9 11 13 20 32
AA1W495JKSY1aDWS8OZc5Go27pKiyHGIGG,10,plain,none,mixed,1 1 2 6 9 10 13 17 20 21
AA1W5Wa2HY4bIMRO5n070m7H5RGIYgc2eP,10,plain,none,mixed,1 1 3 8 10 10 15 16 16 20
AA1W4092cy3wGKWjPYA8WaBHPcUR9YLKaI,10,plain,none,mixed,4 5 7 8 9 12 12 13 13 17
AA1WA8nXHgGU31837OeI18C4WOJ15mkKe4,10,plain,none,mixed,2 3 3 5 7 8 9 12 13 38
AA1W8n4J4mT22K1W40W2XqJWgA2mA3Gv78,10,plain,none,mixed,2 3 3 4 4 11 11 12 19 31
AA1W8H28hcbCGKCSY0248i8Xa30T5RF5pI,10,plain,none,mixed,1 1 6 8 9 10 11 13 19 22
AA1WAPBAH9Fl_6HI4KY28820E4N810mC28,10,plain,none,mixed,1 2 5 7 11 13 14 15 16 16
AA1W8XK4ud51K-CCBc40G90kQmoLK8yJWm,10,distinct,none,distinct,1 2 6 7 10 11 12 13 14 24
AA1WYZNC9Ge9Y9X8C9c44GI4mzGA0Y9Y9Y,10,plain,none,mixed,1 3 5 5 6 9 11 16 18 26
AA1WY1XHL2eWU6fImmA2T1mLMxJI1OqH44,10,plain,none,mixed,1 3 4 8 9 9 11 11 22 22
AA1WKbaiHa0uC1uOCWYeI2mGX0G62JL50K,10,plain,none,mixed,1 2 4 5 6 7 7 12 13 43
AA1W8OZYLdM4kWJHc6GH0s4T7HXuD1GKX2,10,plain,none,mixed,2 4 5 5 5 6 12 13 19 29
AA1WOKy6OK209YIZ6eeH440K28iwKTXLPq,10,plain,none,mixed,3 4 4 4 6 8 11 12 18 30
AA1W89Okomi0W3a6BWYIXoAIZ5K5HH5GM2,10,plain,none,mixed,1 4 5 6 7 8 8 15 18 28
AA1WWA19GE2ubTuf4421C8GXCAPZPALH0Y,10,plain,none,mixed,1 1 4 4 10 10 13 17 18 22
AA1W2X0G1HLaqmaC8aWGQOSb7jqMaGX49X,10,plain,none,mixed,1 1 2 8 10 10 12 15 16 25
AA1W8HHkZuOEH4Vp0u4IXA0WoJcYyMXL4X,10,plain,none,mixed,3 5 6 6 6 8 9 17 20 20
AA1W0f4aqdIAQ3WGT0OXMgq8YKQIGcec10,10,plain,none,mixed,2 2 3 7 8 9 13 17 17 22
AA1WIC599bCPJ9e2WI18t5OWWA58uWi4i0,10,plain,none,mixed,1 3 4 6 11 11 11 12 13 28
AA1W8ea7WYnHbOGY90H4WK5atL9fJP33C8,10,plain,none,mixed,1 1 4 8 9 12 13 13 16 23
AA1W0dgeCe60dAXLSWeGLYSCePJmYCSIXA,10,plain,none,mixed,1 3 5 6 9 11 11 15 17 22
AA1WG3YCb090MqXYBW3SYeaapF9YAANX49,10,plain,none,mixed,1 1 4 6 10 12 15 15 16 20
AA1W1G9r0IN91cKjgA8H91MAgB0dgLKdY1,10,plain,none,mixed,2 2 3 3 9 10 13 15 21 22
AA1W4GjBEO758K-c-2G6X94JvAI0X22n1C,10,plain,none,mixed,1 4 4 5 5 10 12 16 18 25
AA1WJ4THWK4RY3ZWUe49lD2W94hA8qfaAI,10,plain,none,mixed,2 4 4 5 7 9 11 16 19 23
AA1WX4vsK6fcJy18aXY0obF9AXZKCGnH4G,10,plain,none,mixed,4 4 7 8 9 11 11 11 15 20
AA1W2b1oHUGY2GwGACAeY5CV0u0b8aOrec,10,plain,none,mixed,1 2 3 6 8 10 10 12 19 29
AA1W38dN4XSACaai294GJg2GppzSGKJIP0,10,plain,none,mixed,1 1 8 8 9 10 10 15 15 23
AA1W8IDfk4m_HPAWIEIG09w44WqSA4Ga96,10,plain,none,mixed,1 3 4 7 10 10 11 11 21 22
AA1WC0E4WGaWg4Or450aCGY0H_dwCKKH26,10,plain,none,mixed,1 1 2 3 11 12 15 17 19 19
AA1WKHX7GCpa5WqqY9948IaIZCgJ0H6nIG,10,plain,none,mixed,3 3 3 5 7 8 8 11 18 34
AA1WXdmeCX48L9ID8GG4K2GbBJUAHcIpz1,10,plain,none,mixed,3 4 6 7 7 8 11 15 19 20
AA1W2qK928I0nObGc03cAqR2IH8-JmIYSA,10,plain,none,mixed,1 2 2 6 9 12 15 15 18 20
AA1WACG8mHaM14GoJcGCF8xGQ4ZXSGZVE1,10,plain,none,mixed,1 1 6 7 7 13 13 14 19 19
AA1WeY6GYwMY2OHAIAM0a4fH02134jqGw4,10,plain,none,mixed,2 2 5 5 7 8 13 13 18 27
AA1W5epOnW422WqA1WSHI8A2m871ObAI0G,10,plain,none,mixed,1 2 3 5 5 8 9 11 12 44
AA1WALH4P5Deg4P3EOOn48X3T4IWJB9Z09,10,plain,none,mixed,1 3 3 7 8 14 14 16 16 18
AA1Wc95WYHH284ng8KY1F8n0DXLgeYCG1W,10,plain,none,mixed,1 1 1 1 6 11 12 13 24 30
AA1W2KpHy9XPBg1GY2OWpPJ22WI9K1WH40,10,plain,none,mixed,1 3 3 7 7 8 9 12 22 28
AA1W8OA0Y7H9nQ18qL09H92qBY4KKIYe89,10,distinct,none,distinct,1 2 4 6 7 8 10 17 19 26
AA1Wj2O8A44EaDY35021aKzmcXA9GxtUG6,10,distinct,none,distinct,1 2 3 4 6 10 14 16 20 24
AA1WaCY48v91cDHKI18G000Ov4f33mGoWq,10,distinct,none,distinct,1 2 3 4 5 6 11 15 22 31
AA1W0y48GIYtW3ceN2WaIEI18BmX5IMen6,10,plain,none,mixed,1 1 4 5 7 11 15 15 19 22
AA1WA0X552OI1aWA4u8SYeJ780y7ulEt8Y,10,plain,none,mixed,1 5 5 6 7 7 9 12 19 29
AA1WaIoMbSeZXS8mA9Ya1GWbI2img6G286,10,distinct,none,distinct,1 3 4 6 8 10 13 15 17 23
AA1W0040nGQrS4Z7Eu9DXy9GD1H9AEXgbG,10,plain,none,mixed,3 5 5 5 6 11 11 12 12 30
AA1W1898qcO3WqsK4WW98Z5BnGw1G8eKaa,10,distinct,none,distinct,1 2 4 5 7 8 12 13 18 30
AA1WH8Q10AYGIpnT4AY785XaAX2Y912mw2,10,plain,none,mixed,1 2 3 3 5 10 13 16 18 29
AA1W8InKnJIcG4meY141GRiP2X3RReeqXa,10,plain,none,mixed,1 1 4 6 10 13 13 13 19 20
AA1WYHG0031LIHNW8202aQZgIIWS4Waf4e,10,plain,none,mixed,2 2 4 5 6 7 7 7 23 37
AA1W162jSIbAIb3dGw4m0SobIr7uXaAMf1,10,plain,none,mixed,1 2 4 7 9 12 13 16 18 18
AA1WG9u2c4bQud47uYa0HTipbg44M1KCLK,10,plain,none,mixed,1 3 3 6 8 9 12 15 17 26
AA1WK3AbWa5Wi96-OumOY2WgAaiZ9g4WC2,10,plain,none,mixed,1 1 4 8 9 11 12 13 20 21
AA1WA44GcJSmM8iP38I8sWY0i7baieH91X,10,plain,none,mixed,1 1 5 7 8 9 11 15 17 26
AA1WI2T0u4X4OCHBQOaLI20881gMbIB9a9,10,plain,none,mixed,2 4 4 5 6 7 9 12 14 37
AA1W4HHX142CAdaEGf5YNAv8eaYuDGCYIW,10,plain,none,mixed,2 3 3 5 5 10 15 18 18 21
AA1WZ0O1mCIK-hdK4X9aGq0G92Ia6A9C9W,10,plain,none,mixed,1 2 3 5 10 10 12 13 14 30
AA1W0Zm20MipnlaXKI6YihM44KCrd9C7mW,10,plain,none,mixed,2 3 5 7 9 11 13 16 17 17
AA1WB2Y87gHL3czBJcG49Iq3Ucmufj2I2I,10,plain,none,mixed,1 3 4 6 9 10 14 17 18 18
AA1W0eA2MfITksj40ia4HJ5un8Zuo26jmH,10,plain,none,mixed,3 4 5 6 7 8 12 13 21 21
AA1WaIeX4ZaXz1W328S66G208P3IWyk9Wn,10,plain,none,mixed,1 1 5 6 6 6 9 17 21 28
AA1WWXWi6XYq720g58s960y0WaiSZ8W5vK,10,plain,none,mixed,1 3 4 5 5 6 10 14 22 30
AA1W9I6kaoKK_d628K44Jnew44YGnZL50m,10,plain,none,mixed,3 3 5 7 9 12 12 13 17 19
AA1W5X88AFH4ZxFP89X10I94930IxYyOWm,10,plain,none,mixed,1 1 5 6 9 10 10 15 18 25
AA1W1WB1GHOCILo-fA96Oe3Ou6HCeH8gI0,10,plain,none,mixed,1 1 8 8 9 9 12 13 15 24
AA1W0nb1G4X3mSaoNA65WQ0cG18KSxEXAA,10,plain,none,mixed,1 2 3 3 3 5 9 18 22 34
AA1WGX8AHOWa10GH3GOL2Wq20G0cyZK3uP,10,plain,none,mixed,1 2 2 5 5 6 10 12 16 41
AA1WGo19ksgHkr6WQ0W2H8S9B6v4I4ee20,10,distinct,none,distinct,1 2 3 5 8 9 11 13 19 29
AA1W1OGaIYaZcFDGI08HxvII4I4P2WioYO,10,plain,none,mixed,1 1 6 8 8 10 11 16 19 20
AA1WPB8O0H48j6ciBGS8H60H1CuCI2BH70,10,plain,none,mixed,1 1 4 6 7 7 8 14 25 27
AA1W48LcrIb8MXnrLOGJ24GxXYX_8aIsg1,10,plain,none,mixed,2 3 5 9 9 11 12 14 14 21
AA1WX2ByWd894Cv5CKaG51G9kG20W6thI8,10,plain,none,mixed,1 3 4 4 5 7 10 11 22 33
AA1WH6bIX25GS3cw3X9WI4eKZMfaeINOD0,10,plain,none,mixed,3 4 4 5 6 9 10 16 20 23
AA1WHYauaDYPB5Yek18GYNAAAWCpeWe110,10,plain,none,mixed,1 4 4 6 7 7 13 14 19 25
AA1W4JJ4OUI4M5K5uqaHYHaIXzWa90rGL4,10,plain,none,mixed,2 3 3 4 6 8 13 13 20 28
AA1WeSKTXWXRrGgCC8G2IYEM9kJx9yJ4S4,10,plain,none,mixed,1 1 8 8 9 12 13 14 14 20
AA1WA1n95198PJ0WZYA4H19bSRH5SJXS4e,10,plain,none,mixed,2 3 3 3 6 10 11 13 24 25
AA1W2486msAF2-HnXu2o862GcH6o6QIEX1,10,plain,none,mixed,1 1 1 6 8 9 15 16 20 23
AA1W4XA568SHI30Ge604H22UgFHan68K2W,10,plain,none,mixed,2 2 3 3 5 8 16 16 17 28
AA1WC2RY8U2Ip91WC0OeE1Z8KXgbf4eP4G,10,plain,none,mixed,1 3 3 7 7 8 8 12 21 30
AA1W84GK6AYveKHWA06YBn3i8wnb7eiA9X,10,plain,none,mixed,1 2 3 5 8 11 12 18 20 20
AA1WGI8gYm80YdrVHaWP07SXM4R9fE4IIK,10,plain,none,mixed,1 3 5 5 8 11 11 13 18 25
AA1W8A9LaeajI1OS4YG808vBP1GTkV4wXe,10,plain,none,mixed,2 4 4 5 7 12 12 15 19 20
AA1W2WA1KDTrcGb28GC8my4W94CX2DC69H,10,plain,none,mixed,1 1 3 6 8 9 11 11 24 26
AA1W0LoEG854gfDGg2GJ49X19a9aA1GJ2K,10,plain,none,mixed,1 3 4 5 9 10 11 17 20 20
AA1W4up8e64KeAYW8702WD1J6Dda_ZGC0W,10,plain,none,mixed,1 4 4 5 6 7 8 9 27 29
AA1W0GAxXKb1L5fDBIsK1mM8D6YEkU00GG,10,plain,none,mixed,2 3 3 5 6 7 9 16 23 26
AA1W20H4Q8rdDZWHYK80WY9HQLGbCfHILC,10,plain,none,mixed,2 3 6 7 9 9 12 13 19 20
AA1WL0k2Gm6td40V3q418GX4GOXnUb95Wo,10,plain,none,mixed,1 2 2 3 6 8 16 17 21 24
AA1WAWJ24eM9Cu53aL1f5ah1321m34GIiY,10,plain,none,mixed,1 3 4 4 4 7 8 15 19 35
AA1W820YCPlI4cIJZ0OO8Up2eIXA30O6IK,10,plain,none,mixed,1 2 4 6 8 9 15 15 16 24
AA1W88Yc1HKaOqopOB0S0q55g2JiVZ8eGb,10,plain,none,mixed,1 2 6 9 10 11 13 14 17 17
AA1WA2JCmaPYdA8n5D9188t1bN2oK18Y20,10,plain,none,mixed,1 1 6 6 10 13 13 15 16 19
AA1W0KoI8uBuUC9A8Xaq0WS3vYYiPJYDYG,10,plain,none,mixed,1 1 2 7 8 9 11 12 20 29
AA1WF78o2GY4SDq40O29KaKWebY420A1mD,10,plain,none,mixed,1 2 3 5 6 6 11 12 25 29
AA1WW20BSZb4KB2vCO69aaKHjF2YFndGWX,10,plain,none,mixed,1 3 5 6 6 9 13 15 19 23
AA1W90PY42F5nMX0A8aI0e4ajaZZEP-3s5,10,distinct,none,distinct,1 2 3 4 7 9 13 19 20 22
AA1W4G30GSY5mZj2-8I4WH2GDYz8ab8Xw8,10,plain,none,mixed,1 3 3 4 6 8 10 16 18 31
AA1W518X18b1eChOh0I8ZtUE4qca1e50W8,10,plain,none,mixed,2 3 5 7 8 11 12 13 13 26
AA1WH2GA8wH8IGIEj0u2GJrDgbFGGY2U2G,10,plain,none,mixed,1 4 4 6 6 9 13 14 15 28
AA1WP5eL3a68X8HE9XA870K5820WCWd508,10,plain,none,mixed,1 3 4 4 5 9 11 17 23 23
AA1W82Ngz0OIJJ3Od2u423s1MAaGZ1Oc1e,10,plain,none,mixed,1 3 4 7 7 12 15 16 17 18
AA1W4DBN0miYmSYbY98Y2ZFV6K1xdK4Ga1,10,plain,none,mixed,1 2 3 8 10 10 12 12 17 25
AA1W0hIY8z4X7LT064J8Y7XQNPKefaas84,10,plain,none,mixed,1 2 5 6 10 12 13 13 18 20
AA1WGH3Y9YaGo4WO1WJI3Wy109YJIoPf09,10,plain,none,mixed,1 4 5 5 7 10 11 14 15 28
AA1WK6Wz0d2BQYaKYeAW98238L25BWvA13,10,plain,none,mixed,1 1 2 4 6 13 14 17 19 23
AA1WGa8XON41RSq8QGuDag4ep7nMfOdI0e,10,plain,none,mixed,3 4 4 7 8 11 12 14 17 20
AA1WXfq93BF0OCTOG205qefKOLaAKWa94a,10,plain,none,mixed,1 1 6 9 9 10 12 13 15 24
AA1WYCoQ9Sv060C7X4KAZW22Wa11EOCpHG,10,plain,none,mixed,1 2 3 4 4 5 12 13 19 37
AA1WHaIY8SBPRE91408f4810g4j194eK1I,10,plain,none,mixed,2 2 3 5 5 6 12 16 23 26
AA1W40WE3aPmASbPck18X43A7TWf2vCCXX,10,plain,none,mixed,1 1 3 7 9 12 13 15 18 21
AA1W80WgfOBqxAk8CXKAICHqQH8CAoeI14,10,plain,none,mixed,3 5 5 7 11 11 11 13 15 19
AA1WJY32WQCIMoFN4Q13GIIgZI4g9MKfB0,10,plain,none,mixed,1 2 4 4 7 9 10 13 21 29
AA1WeKaJ6On6IyaeaXe8AG4afKIQJyG108,10,plain,none,mixed,1 5 6 6 8 11 12 15 17 19
AA1WC4WCOT9DgJIKKYCX2GJLYFPH4X4I20,10,plain,none,mixed,1 6 7 9 10 10 11 13 16 17
AA1WHWCHWf840Q0U5OeGYSgbefL24naC8Y,10,plain,none,mixed,1 4 4 6 8 10 12 12 15 28
AA1W3InfdK90G0MW7GYYcoAYKYRvbMAGa4,10,plain,none,mixed,1 2 6 8 9 10 10 11 18 25
AA1W28GAXe30JZ6XQWHHI4G8Y8ofReV2y8,10,plain,none,mixed,1 2 4 4 8 10 10 13 21 27
AA1W21u5eauGo491eH2K2JKSqH4GA2mHJ4,10,plain,none,mixed,1 2 5 9 10 10 10 12 17 24
AA1Wu9cC6ICIfGX8Ga684XFnCab4hpHe1O,10,plain,none,mixed,1 1 1 9 9 14 14 14 18 19
AA1Wo061QKCAYHlmz0G8b16WX5bFv1add8,10,plain,none,mixed,1 1 8 9 9 11 12 13 16 20
AA1W1Ga2Kc8I2Jc1AWu8HaEn5yagaxAYKK,10,plain,none,mixed,2 3 8 8 9 9 11 15 16 19
AA1W2AK5Wt6vH5GK50uu7081OPn5HKSf0W,10,distinct,none,distinct,1 2 4 7 8 10 12 13 15 28
AA1W60c8fQc3GQ3JJj448m4Qma114LYKXX,10,plain,none,mixed,1 1 5 6 6 11 14 15 19 22
AA1WCHXAH6ev8W4OSGa30Y4CAHHCAGJqII,10,plain,none,mixed,1 3 5 5 8 9 13 14 14 28
AA1W4We7WtD7Km1Gn4W2072meJ9toWi9Wi,10,distinct,none,distinct,1 3 4 6 7 11 12 15 20 21
AA1WD1G6RZGGSixEgYe2eU9AWXjM9PIH0a,10,plain,none,mixed,2 3 4 5 7 10 10 14 15 30
AA1W0O21aKa2Wi1a4HA2X8B1JCP3GIcaWa,10,plain,none,mixed,1 3 4 6 7 9 10 12 24 24
AA1WaYa91L4CiSWX4H4Y48GXfR2uS0L2v3,10,plain,none,mixed,1 2 2 3 6 9 10 15 16 36
AA1WXIAXe829N1YG0yGAUI2WC1WlGvIP9Y,10,distinct,none,distinct,1 4 5 6 7 11 12 13 14 27
AA1WC1GLol43yX14eII4mjIc9XAG5YI61m,10,plain,none,mixed,1 1 3 8 10 12 14 16 16 19
AA1W9L40u4xWgAEMA0eYYcImf60jXYQec8,10,distinct,none,distinct,1 2 5 6 8 10 12 14 15 27
AA1W8GYeU2WCnLh8A0SOGg8c528A184CY4,10,plain,none,mixed,1 1 5 6 7 8 9 10 14 39
AA1W4nO36aQA5f2ACW591a3sXSKIBak50H,10,plain,none,mixed,1 1 1 7 11 12 15 15 18 19
AA1W14qA1BAq9GGG3X9mWS22XaDLdoTQAe,10,plain,none,mixed,1 3 4 4 7 8 11 15 21 26
AA1WGDI4Gav1aCA29WO66WIqro8G6PAXa4,10,plain,none,mixed,1 1 1 2 9 14 15 17 18 22
AA1W866Ha8XJIPKRbGYGTKX0K2uPS4WGI4,10,plain,none,mixed,1 1 4 5 8 10 12 15 15 29
AA1W51H8AbqOJ4JeicG40J8d1JaL2Pm9b4,10,plain,none,mixed,1 2 4 4 5 11 13 19 20 21
AA1W1020q7wYKbGu4K98eO50O2OjasEKB0,10,plain,none,mixed,1 3 5 6 6 7 8 16 18 30
AA1W4B1kCCA3GN21WC00IYcbSI1iCX48a1,10,plain,none,mixed,1 1 1 2 3 11 16 17 21 27
AA1W851ahcKjbiKEK2XY36MZ01mE1Y2T49,10,distinct,none,distinct,1 4 5 6 7 10 12 14 16 25
AA1W5EXuD_fyYYWKH3G2a08RIdLH2H820G,10,plain,none,mixed,1 2 2 5 5 11 16 17 19 22
AA1W3WPqyp8CXf38LT072581xK91P68bP0,10,plain,none,mixed,1 1 5 6 6 6 14 17 21 23
AA1W98e3uM22Hmbul6O20P1a9HX4GWeH5G,10,plain,none,mixed,1 1 3 6 6 10 10 16 22 25
AA1W8Y3WA1K8ef30G0i934cOv1082iKIc4,10,plain,none,mixed,1 1 2 4 6 9 11 11 23 32
AA1WACjYSGI28A0m5HH45Wf1DvYRW208Q2,10,plain,none,mixed,2 2 3 5 6 9 9 11 18 35
AA1WACYCHQI8H48Ia2AQLHi20fv34OZaWG,10,plain,none,mixed,2 3 4 5 8 8 12 14 17 27
AA1W4Na4u8rKesDaXeeWAoboe8vB45bIfQ,10,plain,none,mixed,1 2 6 6 7 8 12 17 19 22
AA1WR0O3mL4Y567mACI1WBYeI51892088w,10,plain,none,mixed,1 1 3 3 6 8 12 16 25 25
AA1W94NACA4me96-Sw4WJaSqfcXoY2qgAI,10,plain,none,mixed,1 5 5 6 6 9 14 15 17 22
AA1W1ImQ08nI9H1yqH8ZKf8w1Wb21OFdaa,10,plain,none,mixed,2 3 4 6 8 8 9 9 21 30
AA1WYc3YAP8I3fweB980JEtM4mGX954U47,10,plain,none,mixed,1 4 5 6 7 9 13 13 14 28
AA1W2HY28S0IgS6wF082GK1M5oWr9GgGZ4,10,plain,none,mixed,1 1 2 4 4 5 10 12 29 32
AA1W2GaX104aeFS2GG3J9F9XauZ8Iaa58a,10,plain,none,mixed,1 1 6 6 6 10 12 14 22 22
AA1WA0y-te71Oz0a4OiGWeGam3BnWX3GA2,10,plain,none,mixed,1 2 4 7 10 11 11 13 16 25
AA1W8M4mc27WWYaCAA0n0YaOX78c2Le50h,10,plain,none,mixed,1 1 1 6 7 10 13 18 21 22
AA1WH8bLAIeD0O1LAOYAXiq6XC94mW2C8K,10,plain,none,mixed,3 3 4 5 6 8 9 9 15 38
AA1W9IYOH5B1eAWl3UX40Xi2SZSa19Z4XW,10,plain,none,mixed,1 1 1 6 8 8 10 12 21 32
AA1W8HII8eBme578N4e0G5OLqYJnI2W23G,10,plain,none,mixed,1 1 3 4 8 9 13 15 21 25
AA1W50WlDjua7GVS5O4G0k2I4qzXOYFI8c,10,plain,none,mixed,1 2 3 4 6 11 13 13 23 24
AA1W2Qna9wNID8oW8108I2rd6IX43W4hW4,10,plain,none,mixed,1 1 2 8 9 10 13 15 20 21
AA1WcA5CHY_Gy0N5X042iaII4XWa1-SaYY,10,plain,none,mixed,1 2 2 6 8 9 11 17 19 25
AA1W4HWweCwWYfqmE0GBIYAKjMJaH1qi6W,10,plain,none,mixed,2 2 4 9 9 12 12 13 14 23
AA1WHG98H2mI10eJw4WX4w5AAHQC1WCpI2,10,plain,none,mixed,1 2 3 3 6 9 14 15 19 28
AA1Wm2eM9O573XKYZmiW8GP3ub_CAHH92G,10,plain,none,mixed,1 2 2 5 10 10 17 17 18 18
AA1W20Y-4OHWZ0MivXBHXfJXUYdqqEK288,10,plain,none,mixed,1 1 8 8 8 11 12 14 17 20
AA1WAaYCTYWC6kHHk8q2N5uegWW814HMf2,10,plain,none,mixed,4 5 6 6 7 7 9 9 14 33
AA1WH2seH2CHIDH7GqeG11OQXZY4nCCWC7,10,plain,none,mixed,1 3 4 6 6 8 15 17 19 21
AA1W291U8Y596E5eZ98GY38UKnH5E1eF0B,10,plain,none,mixed,1 4 4 5 8 8 9 14 19 28
AA1W2ml8WbLK4GLWa4828S4ZYYiLKWyK50,10,plain,none,mixed,1 3 3 5 8 10 11 17 18 24
AA1W8WEI1GIT3eYX9eXIoME4NYM2WAEaq8,10,plain,none,mixed,2 2 4 4 7 8 10 13 17 33
AA1Wf5ZOt64Ga10MG10B2u3SwnMEHGsWY4,10,plain,none,mixed,1 3 4 5 11 11 16 16 16 17
AA1W0W50C5ZB5M8j0K18eK2WS2Gk7ZYSS0,10,distinct,none,distinct,1 2 3 5 6 8 10 11 21 33
AA1W49hM5mjaPGPE7nW80eSaJYMfaaHJW8,10,plain,none,mixed,1 1 5 6 7 11 14 15 18 22
AA1WF2qH2EIpIcPJKI200CowPImmo101G8,10,plain,none,mixed,2 2 3 3 6 8 14 20 21 21
AA1W8KeP3Ka1KiEvA0m8Nuds3d548GwdKq,10,distinct,none,distinct,2 4 5 6 8 10 12 15 16 22
AA1WJHAGWb5NM94qB9W60k-ng3i9Mo8413,10,plain,none,mixed,1 1 4 4 7 9 11 12 12 39
AA1WY49M58AXA3203604B08vlL_M68H1E9,10,plain,none,mixed,1 1 5 6 6 9 11 18 21 22
AA1W2GV3yEYwKKIWF288GI0u419ZW0OAaa,10,plain,none,mixed,1 4 5 5 6 7 8 9 26 29
AA1W2oQ9Xq9Y7GGaXW4WS2IocOIYgAC208,10,plain,none,mixed,1 3 4 7 8 12 12 15 19 19
AA1W42GDI9KGMupv1e8eb8MHy_HqQJ5C94,10,plain,none,mixed,2 2 7 8 9 9 12 15 17 19
AA1W4NqXLWe0CGY9YKOY32f2uR7QXkHAHK,10,plain,none,mixed,4 5 6 7 7 7 13 16 17 18
AA1W8j3PHZ9HzM080H0XA98gCU3q1KIM99,10,plain,none,mixed,3 3 4 5 6 8 14 14 18 25
AA1WGg2n5G24XKIoeB062hCW62H4Gc4nIH,10,plain,none,mixed,2 3 3 5 6 6 8 16 24 27
AA1WWY92HoUH9VsY6GWGc27143QKX04JE1,10,plain,none,mixed,1 1 1 3 7 12 13 15 19 28
AA1WYAH4P1u4OUaoAQ8Hse2fQIYHH2488Y,10,plain,none,mixed,1 3 4 7 7 9 11 14 17 27
AA1WGQPjWqLWib1maL4A2ULnfG5c9IJo0G,10,distinct,none,distinct,1 4 5 8 9 11 12 14 17 19
AA1W0L29FD1mvqCDXOIKDAamc6mlIZ2EA2,10,plain,none,mixed,3 6 6 7 7 9 10 15 17 20
AA1W338G204lYaM60e5AHIbYqI6G20a7Ge,10,plain,none,mixed,1 3 3 5 6 6 7 12 28 29
AA1W60Yr322j189t1KYAA851oci3uNq6W2,10,plain,none,mixed,1 1 2 5 7 10 12 17 17 28
AA1WqW92gWY6QbGm8160qo9HAiMCI5HeX4,10,plain,none,mixed,1 1 5 6 8 8 12 18 19 22
AA1W8f44JInWJAkqDWG4mKCJD90p4AO64a,10,plain,none,mixed,1 1 1 9 9 13 14 14 18 20
AA1WXaCPKdH1830s4GgK30M1e1e7DoC518,10,plain,none,mixed,2 2 2 3 8 9 10 14 24 26
AA1W50HC9NAYeuIIKMX0W922SwqG31e4C0,10,plain,none,mixed,1 1 2 5 6 10 17 18 19 21
AA1W2WI38034qOj0e1028C1W821eJ6KIZO,10,plain,none,mixed,1 1 3 5 5 5 6 7 27 40
AA1Wb0m2qSA2mfg30O2eGk6WOH584Y89f4,10,plain,none,mixed,1 2 3 4 4 9 14 17 19 27
AA1WY0CvHAGfN1GK1Gon18N0W4C-cAF70G,10,plain,none,mixed,1 1 1 8 8 10 10 13 17 31
AA1W0eK8OG68IAZSeb448Y4ZeV42Wc8g2W,10,plain,none,mixed,1 1 2 5 5 13 15 15 20 23
AA1W1IAH2Gc5G8XXwHJaK95Gq2H8X44Gw0,10,plain,none,mixed,1 2 4 5 5 9 11 17 18 28
AA1W37qBwG548IICY2GZY7j2eZ1-mH4H18,10,distinct,none,distinct,1 4 5 7 8 9 14 15 18 19
AA1WIEHaHCC2WA689v6WJ4BmXT9bCH0GG1,10,plain,none,mixed,1 3 3 5 7 12 12 12 14 31
AA1W2v4QcyYKJH48D4849FKVXmGg80WX0G,10,plain,none,mixed,1 1 3 7 8 9 11 14 22 24
AA1WM1mA8k31528IAam080W3R7HH88wBZG,10,plain,none,mixed,1 1 2 3 3 7 12 15 20 36
AA1W3aObGI1L1Gf8A4mYfC8XPR0whXKGYG,10,plain,none,mixed,1 1 3 9 9 9 12 14 16 26
AA1WWq5T2pOaYC4KKYYW2UDYG5niTXRaJ2,10,plain,none,mixed,1 3 5 8 9 11 13 16 16 18
AA1WbClcS-KKZOfuC1W08v1e80YYOaeA44,10,plain,none,mixed,1 1 3 6 6 8 15 17 20 23
AA1W9AKIAGZaKqbnEWG1GeWa1XXHiB6Or2,10,distinct,none,distinct,1 2 7 8 9 11 12 13 16 21
AA1WPCn6Wm6WR5PBJ1OG400S63LYF28IG8,10,plain,none,mixed,2 3 3 5 7 8 9 14 16 33
AA1WGA1XI4eKYA8n9n22BfLAUH2289YHK8,10,distinct,none,distinct,1 3 5 6 8 10 11 12 16 28
AA1WA0XaKacJC1W7Z8WqKHX8Ha0p4XISbX,10,plain,none,mixed,1 2 3 3 5 8 11 16 17 34
AA1WaFHWDXA831uK7GWI2mc30qOL3GQ0f1,10,distinct,none,distinct,1 2 3 4 5 6 8 10 30 31
AA1WAc4GIQLkEGZb594Y28YKLa101Qq5WP,10,plain,none,mixed,2 4 4 6 8 8 11 13 22 22
AA1W20D2meTi8rCZ8KA2GP4eM968ifLIKe,10,plain,none,mixed,2 3 6 8 8 9 10 15 16 23
AA1W84GcVeA12gi8Hq2Y8xB4amXuBfQJ1K,10,plain,none,mixed,1 3 7 7 10 11 12 12 16 21
AA1W2ZIfoGo1G28d4I243GYF9vX4Gb2Go8,10,plain,none,mixed,1 2 5 6 9 11 11 13 19 23
AA1W1GIIag7GoDWsYf2U2JAPU45T0BC4ua,10,plain,none,mixed,1 1 5 7 9 9 15 17 17 19
AA1WCQHaKQ4-8mGYoWO4YJYWKyH0F9AoGY,10,plain,none,mixed,1 1 7 7 7 12 12 15 17 21
AA1W8aH3WvcaeIWOK14qmE1C8fOpJlWy10,10,plain,none,mixed,1 4 5 6 7 7 10 14 22 24
AA1WWBaAPMa2GP1GWH614xLy8N3EOKZm50,10,plain,none,mixed,1 1 1 8 9 11 12 12 16 29
AA1W98eAnPcDMayOK1218h5EGLwZ8gH8aO,10,plain,none,mixed,1 3 4 5 9 14 15 15 17 17
AA1W40NYyq2h757Y2GAHGi6GyhGf4aCQ4e,10,plain,none,mixed,1 2 7 10 10 11 13 13 16 17
AA1W40XEkQ28ITaW45W4Hb9A4928SWeF68,10,plain,none,mixed,1 1 2 6 10 11 12 16 18 23
AA1WX50r48BBOAfm28SY2mD72mcX30L2eg,10,plain,none,mixed,1 1 4 7 7 9 15 15 19 22
AA1WCI14GHgGQQ5iXWH28crIKgqBYaHz89,10,distinct,none,distinct,1 3 4 6 10 11 13 15 17 20
AA1W11iGw4HHXQDHEI08n4JC2JAGq1WIPH,10,plain,none,mixed,1 1 5 6 8 9 9 13 21 27
AA1WM3HX9F60c8i33Ce1RC9ceIAY4HM561,10,plain,none,mixed,1 1 3 3 4 11 12 14 16 35
AA1WGPyU2LIKef4es4W0WIo9TWDIO5Wg0m,10,plain,none,mixed,1 3 4 4 9 10 11 13 17 28
AA1WGo0W43MAtDJMb404AY5WY1un7qm9GY,10,plain,none,mixed,1 1 6 6 6 7 8 10 21 34
AA1W0O4cMoIZGUqWa0e4A4QZ8KeP36aX08,10,plain,none,mixed,1 2 2 2 8 11 12 17 20 25
AA1WHCWN1Cbkrsf3H2K4cG9meecP9G70SX,10,plain,none,mixed,1 3 3 4 9 10 13 16 17 24
AA1W2OY4K3JjxOh4oaG8HvA1IXGX18yaX0,10,plain,none,mixed,1 2 5 6 9 11 13 13 15 25
AA1W8P5MJBH580iAGg6HYQ53GI1G1s85x4,10,plain,none,mixed,2 5 5 6 7 7 9 10 24 25
AA1WX0G2lCI0mu4HXC4a18EXS9bY4Q2GH5,10,plain,none,mixed,1 1 2 6 7 12 13 16 16 26
AA1WA8k2922H4qrYGYW10A1jpV68X2Vw8H,10,distinct,none,distinct,1 2 4 5 6 8 10 20 21 23
AA1WG8N8eg8k18gGYS030IZdup0TFiL-m5,10,plain,none,mixed,1 1 7 8 8 9 9 17 19 21
AA1W35Tbb82qJk1m0u2CaOZ3oN0oAKXXIH,10,plain,none,mixed,1 3 6 7 7 9 14 14 17 22
AA1W48jIgEBfj9E26i6GQ4CnAQBYWmCDu2,10,plain,none,mixed,1 3 7 9 10 11 13 14 16 16
AA1W5088Y9oXeud4qeb50H92Qo6WV0a4X6,10,plain,none,mixed,1 2 2 7 11 11 14 16 18 18
AA1WXZaY2oKEW5WtX442dE0s6yK41Q4SJK,10,plain,none,mixed,1 1 3 6 6 9 9 14 21 30
AA1W2Lme20HoWiZafIGeAEPC2I0H6OhZ4O,10,plain,none,mixed,1 2 2 2 7 8 12 13 19 34
AA1W082p6fEdutmHr9Y4oHKoFOYYMgfaX1,10,plain,none,mixed,1 6 6 7 10 10 13 14 14 19
AA1W4GA4Sa9iACKKmWI8Wv7GcvtBCOLA3W,10,plain,none,mixed,1 3 5 9 12 12 13 13 15 17
AA1WGav4GM43GWa3yWaQ5PAHBl38f4cuH4,10,distinct,none,distinct,1 3 6 7 9 10 11 13 19 21
AA1W8L6LIXfH498HY0GcIHME5aiax18F0I,10,distinct,none,distinct,1 5 6 7 8 9 14 15 17 18
AA1W11AFf3A8n1CaXKCWC4WXqLnEm57KYW,10,plain,none,mixed,1 2 3 5 6 11 11 13 24 24
AA1WGOo2IWGY8iKe0XK1G4fb9SSYdqCf18,10,plain,none,mixed,1 2 2 5 7 12 16 17 19 19
AA1W15r2ec5nHg80kW5Hq9XAMefIiGHAD4,10,plain,none,mixed,1 2 2 6 9 10 11 12 19 28
AA1W48V2OXr3IKcK2mG4Wo208haANKvCK2,10,plain,none,mixed,1 1 5 6 8 9 15 16 17 22
AA1W1882786uIMJ0O2W8HY90j6ZW40G4aK,10,plain,none,mixed,1 1 1 4 5 6 16 18 20 28
AA1W6Gu734H2oY882851W8E1G92Nii43WI,10,plain,none,mixed,1 1 2 3 4 10 13 18 24 24
AA1W5X0e0k7hnZkGK1GQGS2D88PeYX8D14,10,plain,none,mixed,1 1 4 5 6 9 16 18 19 21
AA1W15bj81Z-0e2KKguf1aF4qEnLqaHa8o,10,plain,none,mixed,1 1 2 7 7 11 14 15 20 22
AA1WGXW9n1eL2ZK8_3W10XaI8nMDe20EXK,10,distinct,none,distinct,1 2 3 4 5 6 12 13 17 37
AA1WX4HYb4aHnAKAUmCW8N2nnBM7GIXJ40,10,plain,none,mixed,1 1 3 8 8 9 13 18 19 20
AA1W2GH47Wb3849KCnm41G51KJmR4Obaog,10,plain,none,mixed,3 4 4 5 6 7 15 16 19 21
AA1W0S890w4hej0c4JIWoAIP68OYgrmYWa,10,plain,none,mixed,1 1 6 7 8 13 13 17 17 17
AA1WaATXoKIAXC0Ya282FJ1G6YR3WHYKaC,10,plain,none,mixed,1 2 7 8 8 9 10 12 20 23
AA1W0eYKaaG9bLo4ZXGO3Z7eqX4AWgyc48,10,plain,none,mixed,1 1 2 3 10 14 14 16 16 23
AA1W2aNOpGJprHAGaSDW225ZKPuX3bbIqG,10,plain,none,mixed,2 3 4 6 7 11 11 15 19 22
AA1W5HYW40GZkhLmcCi22uI42JYHncb68o,10,plain,none,mixed,2 4 4 6 6 6 11 11 17 33
AA1WCGZ60m1eoR44L1a50k4ygI0y1uuK4G,10,plain,none,mixed,1 1 3 3 8 13 14 15 18 24
AA1WA0u55A51Per0m2069OBLm26870qB18,10,plain,none,mixed,1 4 6 6 7 7 11 12 15 31
AA1W1WCT9VJ2PGBeY4GG23Cg38eELbCbcG,10,distinct,none,distinct,2 3 4 7 8 10 15 16 17 18
AA1WKAd4ca9YGk5m4OgOIgAHeKImIC1GG1,10,plain,none,mixed,2 3 4 7 9 9 10 10 12 34
AA1W410unYY0g9aaaWIKfmM5SC9H8gA6Op,10,plain,none,mixed,2 2 5 6 8 8 13 16 19 21
AA1Wac4mH4NY9mI1S8HGX8kCI48G53O3WH,10,plain,none,mixed,1 2 4 5 5 9 11 14 21 28
AA1WK9dDG234CHK1L98A9VgeLAncM4e1Y9,10,plain,none,mixed,2 3 4 5 6 8 10 20 20 22
AA1Wm605E61GK48a5eI82WS3W5u-TgQRQK,10,plain,none,mixed,2 4 4 5 7 7 8 11 23 29
AA1W4Gh2f2GGX6mnv488H2E8Ind68Z8ZX2,10,plain,none,mixed,1 2 2 4 8 10 11 13 18 31
AA1W1GC3ZC7a2HnTDXIA1O6XHCQK9CJ1m8,10,distinct,none,distinct,2 3 4 6 8 11 12 16 18 20
AA1W0WEP34aX7qbqI246WgGWw4WZiU8I28,10,plain,none,mixed,1 1 5 5 12 12 12 13 15 24
AA1W0XQ8hAG8cqff0iH4eeEaIWI3i-mF30,10,plain,none,mixed,1 1 1 9 9 10 12 15 16 26
AA1W9XeDHS9Iq2a8eg92WJ1SO81qWvmG22,10,plain,none,mixed,1 1 2 2 4 7 16 17 22 28
AA1W0amXQ8T0acddmoKWB8JYgWc9pE1ec2,10,plain,none,mixed,2 3 6 6 8 10 14 14 17 20
AA1WYJ30iOl1GK268b884HJSWZXK8g2Gb4,10,plain,none,mixed,2 2 2 3 5 9 13 17 22 25
AA1W106WiCScC4GX48uM0e40G58egC9HfA,10,plain,none,mixed,1 2 3 3 5 7 12 16 25 26
AA1WL1mM2jAHRzOkA1W8X8yX2Dj661MCWG,10,plain,none,mixed,1 4 5 5 7 10 10 18 20 20
AA1W61KCXJMGK28B2U2M2nI4mQ47W9P5X1,10,plain,none,mixed,1 2 4 7 7 8 9 12 22 28
AA1WU2YKMb9PC3OK2eIA0m24e148abv0fQ,10,plain,none,mixed,1 2 3 7 8 11 11 16 18 23
AA1W10YgAc9Pnbn84W8ChfL9tvKI5P4x4W,10,plain,none,mixed,2 4 6 7 9 11 13 13 16 19
AA1W2OYOobGD9hsOa1W89GInRt2oKWCf08,10,plain,none,mixed,1 1 1 5 8 8 11 18 23 24
AA1WHCIE259KPF40G1936ETfOQb4C91-A8,10,plain,none,mixed,1 1 3 3 9 9 10 15 16 33
AA1WWg32OMXiCAXaj0e4KPJAKIWu1L0K1G,10,plain,none,mixed,3 3 4 7 7 9 10 18 19 20
AA1W58b98b2o4SZ8SbY0012ZOEn6umH64G,10,distinct,none,distinct,1 4 5 6 7 8 11 14 15 29
AA1WIGK1PeE0eoYC8GYZ4S2H33Is9728A1,10,plain,none,mixed,1 2 2 6 7 10 13 14 22 23
AA1W2IQAG2lgUKpA9L0aCGIHaB2eYiX681,10,plain,none,mixed,1 2 4 7 8 10 12 17 17 22
AA1W89k8J4BHxI18I2W810Dw9YCcH5eH6G,10,plain,none,mixed,1 1 2 8 9 10 10 17 19 23
AA1W0m4SunGRXWva8YS914LfoHZjTbeIX0,10,plain,none,mixed,1 1 6 7 9 11 14 17 17 17
AA1W9YeOv1eIIPXTC10XayD6H2GCmH8K0c,10,plain,none,mixed,1 1 2 6 10 10 10 11 23 26
AA1W4ea1S8A0ZaHIAJ090i5eQIoX0E1gIA,10,plain,none,mixed,1 2 5 5 5 8 9 11 21 33
AA1W85hXHwSWcAe36WXY1GC6SQovZCsH43,10,plain,none,mixed,1 1 5 7 10 10 12 13 13 28
AA1W99oLAPm9oF8uZI460JII6g6X1GBp24,10,plain,none,mixed,1 3 4 4 6 11 12 13 14 32
AA1WO198OZoeN3x74q04OIabYaC5HAmGi3,10,plain,none,mixed,1 1 3 6 7 10 13 17 18 24
AA1WWGq9AKoPBCa1WY2aWLAY4X7Of6lKn8,10,plain,none,mixed,1 4 6 7 7 10 11 14 17 23
AA1W8XNIAGIAIC2WK6440XJWK3CHYAGZ1e,10,distinct,none,distinct,1 3 4 6 9 10 12 15 16 24
AA1WGfGIGYiKCqHxP0e1GczfP9MCoAP0S5,10,plain,none,mixed,1 4 5 6 9 10 13 14 19 19
AA1Wmo68obH244qDGH14CdPXD4eb2ObTw8,10,plain,none,mixed,1 4 5 6 6 8 11 15 16 28
AA1WA8b4hw0r0X4K38I9HG65O75SkuL8W7,10,plain,none,mixed,1 2 6 8 9 11 12 12 18 21
AA1W58cAXCjDGP34H0a4WC0QXI18Zwud4O,10,plain,none,mixed,1 4 4 8 9 11 12 14 17 20
AA1WB3GQ0H2fA4oE9H0H28fmU2HYlz1g4G,10,plain,none,mixed,1 2 4 5 12 12 12 13 18 21
AA1W82c4eoaIaCArf8IaKHH-2aL5enOvD2,10,plain,none,mixed,3 3 5 7 9 10 10 11 18 24
AA1W2L6911GT6uYaM1mI44dC4WK2uJOC0G,10,plain,none,mixed,1 2 4 6 6 9 10 13 19 30
AA1WW8yI46Y9fGHk8Ka3D8ncLHLwSaZj50,10,plain,none,mixed,1 1 9 10 10 10 11 13 17 18
AA1W8mc2QrHAL1IIkH01uC9LAL8S6389A1,10,plain,none,mixed,1 2 5 7 7 10 10 18 19 21
AA1W1088cPq4W8K1Y2G515AZOS2Z8R3Pxf,10,plain,none,mixed,1 2 3 5 5 8 12 13 16 35
AA1W8Gv6P8WGI7EUKYm9HyF4OAr3LgguY8,10,plain,none,mixed,1 3 5 5 10 10 11 12 17 26
AA1W6XNQBmk0OKWZagY3GfGaK90G127Wf4,10,plain,none,mixed,3 3 4 6 7 11 12 13 15 26
AA1W0riDX79QXO9Wq8EGK1YqSA9Hc8GeC6,10,plain,none,mixed,1 2 3 3 10 11 12 14 19 25
AA1W9380ZeI0SEaAWq7Q3KqX84WeUmW4ea,10,plain,none,mixed,1 1 4 5 5 15 16 16 16 21
AA1W0WB5hiSRH4K2KHA8f31P2Jg5adaB4W,10,plain,none,mixed,3 3 4 5 6 6 10 16 20 27
AA1WWGkBX54We91AWI1Wa7WseH18gp688W,10,plain,none,mixed,1 2 2 6 8 11 11 18 20 21
AA1W30ISfaBGyk4OIQ591AH0qK4bXUoG92,10,plain,none,mixed,1 2 6 6 7 12 12 14 18 22
AA1W4fjBemsmn4BjXnW2Wd2jIH9HgWX2H8,10,plain,none,mixed,2 3 6 6 6 10 12 16 17 22
AA1W28I2WSIKCWM2UGX4Gq28I29I5IQsAm,10,plain,none,mixed,2 3 5 8 8 10 10 11 20 23
AA1W4KOIkQi1a81WK2WY304ODc2mg68z4e,10,plain,none,mixed,2 2 3 5 5 10 13 16 16 28
AA1W18c58aB3WK1ID1X20G1WmcyXUKIoXL,10,plain,none,mixed,1 2 4 7 11 11 11 13 18 22
AA1W9GpL9lAYeA1G2SKGI3BSX7E8M31KK1,10,plain,none,mixed,3 4 4 5 5 10 12 14 16 27
AA1W8YAa2Qm1WgnAHI54ZOZKGv6aOlC58e,10,plain,none,mixed,1 5 6 6 7 9 9 14 15 28
AA1WKMXv14Gi9rcqGZYWHKL09GI4B0Xa2O,10,plain,none,mixed,1 1 3 4 5 11 16 17 17 25
AA1W8C8HHC2wKPOL4WmE7maX89HjmlUaGu,10,plain,none,mixed,1 6 6 7 9 10 11 12 18 20
AA1W08oVZ5JYCQcaiXq894HnWafOK2Wa10,10,plain,none,mixed,1 1 6 8 8 10 12 15 19 20
AA1W428ejG94EHS85Wpa7UQIYq7X9IHGX9,10,plain,none,mixed,1 2 4 4 8 12 15 17 17 20
AA1W2GJS5aWshh0u51G4X8I0zP53g4GL4m,10,plain,none,mixed,3 3 3 3 7 14 15 15 17 20
AA1WI273OKWX74ngM9O40GIQUICo-i9AS8,10,plain,none,mixed,1 4 7 8 10 10 11 13 16 20
AA1W2OAcI-qHGK2oY0W4BJHAH7V4CWa2KI,10,plain,none,mixed,1 1 4 9 9 10 14 16 17 19
AA1W0Z1IHb82WahEK90WyBgonSocKN8vmX,10,plain,none,mixed,1 2 5 6 7 13 13 15 15 23
AA1W90PjWF108pwG_50GXA8E2u9A0gfOkf,10,plain,none,mixed,1 3 5 5 6 9 10 12 20 29
AA1WA0m20p2Q28g7WW2GQ2JcGU0G20T8GQ,10,plain,none,mixed,1 1 2 3 6 7 7 21 23 29
AA1WGb4dYaXGWw1nA28B4afB2FZnG0W20M,10,plain,none,mixed,1 1 4 7 8 10 10 14 15 30
AA1W28G21WP4BBYq2a1C9vBv3Cei1092C8,10,plain,none,mixed,1 1 1 4 11 13 13 14 15 27
AA1W2CXIXTA8KXAMZ2Gh3N210u1F4ZQRo2,10,plain,none,mixed,1 2 3 6 11 11 12 13 17 24
AA1WA0msB9JB7YOG4Gu82C5bKYnh3GI0g9,10,plain,none,mixed,1 2 4 9 9 9 11 12 21 22
AA1W61SKYAn7490R4H2I2eA750o4lGY8n2,10,distinct,none,distinct,1 2 4 5 9 10 14 16 17 22
AA1WK2GU8d790a4XNA21028JQi9IC8X8AK,10,plain,none,mixed,1 3 4 4 6 7 9 16 23 27
AA1WM4eJ4AXnk2md9rCGFG20AIbO4G18H4,10,distinct,none,distinct,1 2 3 4 6 9 13 19 20 23
AA1W50sQmRGa84IQI48K2v9oEXGlgHYb58,10,distinct,none,distinct,1 5 6 7 8 9 12 13 17 22
AA1W94s9nE5nTv24H0HoWO2kX2E91yf388,10,plain,none,mixed,1 3 3 4 5 10 12 13 19 30
AA1W001aWcEPfAbK4ba8I5GgY3GW73uL4W,10,plain,none,mixed,1 2 4 6 6 8 14 15 17 27
AA1W59GKPbHoAQ2-5qW2OIT54KKi294LC9,10,plain,none,mixed,1 1 6 6 10 11 12 14 17 22
AA1W4Wa2d9gWg4RkH4GA0X8XIPWz8aoabC,10,distinct,none,distinct,1 2 3 7 11 12 14 15 17 18
AA1W0i7Wwm95IWy8H27Z1A50e91mAiO8e8,10,plain,none,mixed,1 1 4 6 6 9 12 17 21 23
AA1W8b4n6G2hTDHg1KC5C8s0Y51GJ0n70G,10,plain,none,mixed,1 1 2 6 9 10 15 15 18 23
AA1W1QpP9agTPRgX28I408uLMMK4QYu598,10,plain,none,mixed,1 3 3 5 5 10 16 18 18 21
AA1W4CVWO20ca_Z208Kg0K2GOWYDWgaeG1,10,plain,none,mixed,1 2 2 2 2 4 7 17 27 36
AA1W4HTA3G40dS6G6S39n94yBcgGY28oI8,10,distinct,none,distinct,1 2 3 5 7 8 11 17 19 27
AA1W2GgoCmsM499043W52W99Ap681WKKXi,10,plain,none,mixed,1 1 2 2 5 8 15 16 22 28
AA1WK1Sv993eb1S1WA2825eaadYSb28Gf2,10,distinct,none,distinct,2 3 4 5 7 9 11 12 23 24
AA1W70kuBCfZKR0d2BG92u0g8XmKPb2OX1,10,plain,none,mixed,1 1 5 6 8 13 15 16 17 18
AA1WXHFHqDXyKB278o69bCnO40WOXWWQa2,10,plain,none,mixed,3 3 5 6 6 7 7 17 18 28
AA1WB92mQ3UP-P8G20a8Y4J0a1ia60fm8T,10,plain,none,mixed,1 1 3 6 7 10 10 15 22 25
AA1W2WeTDGX1r55e50O6H4GWwzAmh1892G,10,plain,none,mixed,1 1 4 9 10 11 14 15 17 18
AA1W9G971srgIY2J9b0aCSaH1I8ZQB2tWE,10,plain,none,mixed,1 1 3 5 11 11 12 16 19 21
AA1W8Z4GvMA0oWHA28HGoAvGS3X68WaIHG,10,plain,none,mixed,1 1 5 8 9 10 13 13 17 23
AA1WYSGqcS8XuI5m41I426LIL9IvQA1m20,10,plain,none,mixed,1 1 3 4 7 9 11 12 19 33
AA1W081wN1cAgJfLo148QG6xGT2NGQ8R0Y,10,plain,none,mixed,1 2 4 5 5 12 13 14 21 23
AA1W09mE0K5HEF18I68X49XHSb17E18C5W,10,plain,none,mixed,1 1 1 6 8 9 11 20 21 22
AA1W69GuWq6IHLF3GQ4OI4AKK938OWb2K1,10,plain,none,mixed,1 1 4 5 8 8 13 18 21 21
AA1WYK9IX92QKEGY2C82gKBWm7tnE2eoH1,10,plain,none,mixed,1 1 5 8 10 12 13 15 17 18
AA1WH0HLaRXHaBc4H142n4mkGf2aZ_Gu4W,10,plain,none,mixed,1 1 4 5 6 13 14 16 19 21
AA1WYZmIB7ZCSI031m81aaf2eb5CjnL6I4,10,plain,none,mixed,2 5 5 8 9 11 11 12 13 24
AA1WKnYA244YKpy1G201G6l0uH1KB54P32,10,plain,none,mixed,1 2 3 4 4 12 12 16 17 29
AA1WOWG84WIyCqIwXW198sb3eKKKX8h38u,10,plain,none,mixed,1 1 4 4 4 8 17 17 19 25
AA1W50A0k9B2IHT_YB1CX16W3WigwKKGGe,10,plain,none,mixed,1 2 4 4 7 8 11 15 16 32
AA1W3080fBY4GaWaPA68XeDOA14ePR2KQ0,10,plain,none,mixed,1 1 3 4 6 8 11 14 23 29
AA1WKCO-2GC0lGS28H5A5MNHes2GX4HWWH,10,plain,none,mixed,1 4 5 5 6 8 8 14 24 25
AA1W1PHAGpSmmY2mX4GYCUbXS8Kp60Gq10,10,plain,none,mixed,1 1 5 9 10 10 11 13 13 27
AA1W58HKR24Ib7s1aY45eiIRpma80WIJn2,10,plain,none,mixed,2 2 3 6 6 9 9 13 25 25
AA1W3EeAPK9HiX6aj6OGKCHQGXgi1nmG50,10,plain,none,mixed,1 2 4 6 8 12 12 15 16 24
AA1WIGICkfIj8Wa5GH0c5ABAG62GV0II8N,10,distinct,none,distinct,1 2 5 6 7 8 11 13 19 28
AA1W6GZf6OXKwOh0870G0f8J8g0eK2iYYO,10,plain,none,mixed,1 1 3 4 11 11 11 13 14 31
AA1W1YcCQZC1q2GGIqMeL3S28X4G22Aac4,10,plain,none,mixed,2 3 4 4 5 5 8 18 25 26
AA1WG9QB0WAgCeW98G438LZjYiLIHYXaGM,10,plain,none,mixed,1 2 4 4 5 9 15 17 20 23
AA1W0YCK1mMS8An14H9aSxBOoOAToWO5uO,10,plain,none,mixed,1 3 6 7 7 9 9 14 21 23
AA1WGn85Gw6KvHAIgLI2G8WI090ic4mGYG,10,distinct,none,distinct,1 2 3 4 8 9 10 11 21 31
AA1WGK5IAGiDYQWOL0aCNg0eX5I4Gi8Y5W,10,plain,none,mixed,2 2 2 5 6 6 15 17 22 23
AA1WAYNo8Q0Oo5Gy7V4I1HY0H2WvABMg8Y,10,plain,none,mixed,1 5 6 6 9 9 10 12 18 24
AA1W1081casHW6i9O20A162eEDnUJ1q8XA,10,plain,none,mixed,1 2 2 6 7 11 14 14 20 23
AA1W92GXo2WB6KrHI934JqYyCX6D9gH6W4,10,plain,none,mixed,3 3 3 6 7 8 11 13 19 27
AA1WICFJXGgbXc4mgR456990Y76XCCHIG9,10,plain,none,mixed,2 4 5 7 8 12 12 13 16 21
AA1WWC2GA4Dl1Y0W7o88ZG58P5mX6HXyGg,10,plain,none,mixed,1 2 4 5 7 7 8 15 23 28
AA1Wo65H2Cz4K1OHuL4H0Y28Y2KSw0f4se,10,distinct,none,distinct,1 2 3 7 8 9 14 17 19 20
AA1WmI24sek60OGe38Q1b4N2a2GX8Z418A,10,plain,none,mixed,1 1 1 3 6 11 12 15 18 32
AA1W1YS4v12EnbCW91CXKOG3YMMA0X5Ge9,10,plain,none,mixed,1 1 2 3 6 9 11 15 23 29
AA1WLL9Q9GZ0ZVmGQ2W0cqFKt5QK50ac1e,10,plain,none,mixed,2 3 4 5 9 11 15 15 16 20
AA1W18K19Wa0IFGq50O6W40XeAlAWo4I5G,10,plain,none,mixed,1 1 1 3 4 7 14 15 22 32
AA1W1W4L51dKIGP2H2GJ38HpeB1XoGI4X8,10,plain,none,mixed,1 1 4 6 9 11 12 15 19 22
AA1W0G9Pn3O6u9XARS4APAK9P99IfE44F2,10,plain,none,mixed,1 1 7 9 9 9 9 11 19 25
AA1WIWs2ee6XPC14eY80u4WiKTWCEi0G1O,10,plain,none,mixed,1 1 4 4 6 7 11 12 25 29
AA1WAWHv1mb0mA3XTWa8YqEESupo0C2WI4,10,plain,none,mixed,2 4 5 6 7 7 10 10 14 35
AA1W95eQWu4WmjIH86WWY99q7OIyF28GY6,10,plain,none,mixed,1 1 5 6 10 10 11 17 19 20
AA1Wq128YHoCZ184GeW9LYACH3189YDZj2,10,plain,none,mixed,1 1 3 4 6 9 9 17 21 29
AA1WaGeA0xQaraSIGa4Y0J43G7Y2iLQ6H6,10,plain,none,mixed,1 1 5 6 6 8 9 18 22 24
AA1WG25IaA_HngKnn8w19HKIEK9I850ZkG,10,plain,none,mixed,1 1 3 7 9 12 14 15 18 20
AA1WWrzU2vHn8q3081C0YCBK4558I8WY3m,10,plain,none,mixed,1 1 1 3 8 12 13 15 15 31
AA1W1GwCXJYG91J9immAXdCA4epN8g6BvX,10,distinct,none,distinct,1 4 6 7 8 9 11 14 18 22
AA1W2d3GK4pGP6eaA52IDWI4IZWZ3TnI44,10,plain,none,mixed,1 1 4 5 7 10 14 15 19 24
AA1W1Hb50maZ4AHHa0WbCQYIGeLeL48WY6,10,plain,none,mixed,1 3 3 7 7 8 14 19 19 19
AA1WA8Y3mXXLSSK8GA44mA0aOUbimrViua,10,plain,none,mixed,1 4 4 6 7 8 8 15 22 25
AA1W2eKwCd9uKZqXeA1HAeDAQVWu0Z8IaW,10,plain,none,mixed,1 3 7 9 10 11 11 11 17 20
AA1WA9Pa0G0lnGC1k9292LH8QQCwNIAHQW,10,plain,none,mixed,1 2 7 7 7 8 10 18 19 21
AA1W7GX43G2W_21feI1APG69K9KE2Wicwe,10,plain,none,mixed,1 1 3 5 10 11 13 16 18 22
AA1WYWH3WQVJq22H6Gn1KAaaCao0I58ZQS,10,plain,none,mixed,2 4 4 4 8 11 11 13 21 22
AA1W2PGE0lwZ8Kc4162YaZYXiH1u3P1a10,10,plain,none,mixed,1 1 3 6 8 8 12 18 21 22
AA1WA0U392H58BAGX2430J6b8f26jBef64,10,plain,none,mixed,1 2 6 7 10 12 14 15 15 18
AA1WHmeGmkAH9ZZ8OWA1WCvFa8XuOyfJ20,10,plain,none,mixed,1 1 2 8 9 11 13 18 18 19
AA1W51VDXB7ebIfS24G0O21qez1K8LWO4C,10,plain,none,mixed,1 1 5 7 7 8 10 14 21 26
AA1Wa4PCam6pnWl9B8eGBhUegmTfTWG66X,10,plain,none,mixed,1 2 2 6 6 11 17 18 18 19
AA1W9585ECK2850PaZ8OKXf39Moo4v48Y2,10,plain,none,mixed,3 4 6 6 7 10 12 15 18 19
AA1WGG91QbYGW5f8S0GAHYWC5lTQ31qqae,10,plain,none,mixed,2 3 3 3 6 7 10 17 17 32
AA1W2KHIILHaQu10e60WIK9928Gw2HozGg,10,plain,none,mixed,1 2 2 5 6 12 13 15 16 28
AA1W414KD8eYLOOfBD0Gpt4_PZy4ihTQA1,10,plain,none,mixed,2 4 6 8 9 9 10 11 12 29
AA1W00cAqMy7Wi0W3X1X5Cid9CQ2GCYCHZ,10,plain,none,mixed,1 2 3 4 8 10 10 14 19 29
AA1W1W928H5Fi9YKCc42882u94Ia4amc2G,10,plain,none,mixed,1 3 4 5 10 11 11 12 15 28
AA1W8YDgXsIjs4g8HmYCYynerB20Wj2d24,10,plain,none,mixed,1 4 6 8 8 11 11 11 15 25
AA1W8HXa2W8E3E0G2Ga73mJ4q38O30PYIg,10,plain,none,mixed,1 2 3 5 7 9 9 17 19 28
AA1WH9DAmiIGaACTFWa0O7cvy2pfXXoOH8,10,plain,none,mixed,3 4 6 6 8 9 12 14 16 22
AA1WeUZo88OD15amX4411KaaiLHk0e9H9X,10,plain,none,mixed,2 3 3 3 4 10 14 14 17 30
AA1W2GJ48G3Dg0s8kZ42WD1GIR8A7mmKbK,10,plain,none,mixed,2 3 4 4 7 7 13 14 20 26
AA1W0WONmG7IfLqWK2WIAN810MaaeY8FXa,10,plain,none,mixed,1 2 5 5 7 10 14 14 19 23
AA1WAY4X47Z5J2Ga21W92GY091yoyGaA0e,10,plain,none,mixed,1 1 2 3 6 12 15 17 19 24
AA1W24UJ4jJMQPO20GEYZiGY8T0WWhae4i,10,plain,none,mixed,1 1 3 7 9 10 13 13 15 28
AA1WI490WG34bhGo8X4IC50eE2LeRY6H4O,10,plain,none,mixed,1 3 3 7 8 9 10 12 17 30
AA1WXEe2WQ3Q2IIGn042AJZ4OJ0IuD0aWq,10,plain,none,mixed,1 1 3 5 7 10 12 17 19 25
AA1WQXK60u60u6q652M1WAXQB0Wn9J9OJ2,10,plain,none,mixed,1 1 6 7 9 10 10 17 18 21
AA1W0eAYYM8YGHa951OKPd2OY4BOg6ifXA,10,plain,none,mixed,2 3 3 4 4 6 7 21 22 28
AA1W50YJ4Ny2f999GY2B1eJIWL08wMnA0g,10,plain,none,mixed,2 2 3 8 10 10 12 14 19 20
AA1W8IaSibaXYOEKYWY09MZ7C2eG24r7YG,10,plain,none,mixed,1 1 5 9 10 11 12 16 17 18
AA1WH5TTfD3WRfJCf248FE9Der4G2S4Y0e,10,plain,none,mixed,3 5 7 7 7 11 13 15 15 17
AA1W92YX24HZ8L0W2C8Wl4L6u6mryEH28I,10,plain,none,mixed,1 5 5 5 5 11 16 16 17 19
AA1WoG5D28b2Uo1mmWi5KLEIq8TRnGGX28,10,plain,none,mixed,1 1 2 3 4 12 17 19 20 21
AA1WoWKA_8LmH19PDn865G82aIv92HZIHG,10,plain,none,mixed,1 1 3 6 8 10 13 14 18 26
AA1W4uK2WQ3OXaA042G1e50m6Z9831OZ0a,10,plain,none,mixed,1 1 2 3 7 9 11 11 24 31
AA1W9363rBMZIm0H10290anZyPWYqPJbLC,10,plain,none,mixed,1 5 6 6 7 9 14 15 17 20
AA1W80X8D2hLKbVC48O8Wg5cE18W3ON9U4,10,plain,none,mixed,1 4 4 4 9 11 12 12 14 29
AA1WC0qWaiMXGOK40WIHme2aGS5Pd8S2eL,10,plain,none,mixed,1 1 2 4 7 8 9 19 21 28
AA1W88XXGq6nWaL1YBAO199DMJJf51OSfW,10,plain,none,mixed,1 1 4 4 13 14 15 16 16 16
AA1W4D1O70a28mHn2WQeYu8aY2WI1O91YA,10,plain,none,mixed,2 2 3 3 4 5 7 15 24 35
AA1W8eqAPbPZu50LY3G1O84E8kYeIX2GKa,10,plain,none,mixed,1 1 1 6 9 14 16 16 17 19
AA1WGYaIgfTLOi2W4ne0mI4W9x48gCIaE1,10,plain,none,mixed,1 3 5 7 10 10 10 12 15 27
AA1WBAIaH4vEMiUZ1OCAYYXXOJKA71Xc88,10,plain,none,mixed,1 2 5 6 6 14 15 16 16 19
AA1W4G91LicK1WHDI488XbCn0Y4Z8XcpGS,10,plain,none,mixed,1 2 4 4 6 9 10 11 19 34
AA1WQ06oMoLtiqtO10G4IGYGE8MbnWqX48,10,plain,none,mixed,1 1 4 7 10 12 14 15 15 21
AA1W2Xg5S3i6WK0MXA1OQeMi5CjZCLaGGY,10,plain,none,mixed,1 2 3 6 7 11 12 17 17 24
AA1W2OB2G4PWSpCGM0e50k28X4NnCWCPX4,10,distinct,none,distinct,1 2 3 4 5 8 16 18 19 24
AA1W1GH4ucoigZYCW944GN48WN64IHBsPG,10,plain,none,mixed,4 4 4 5 7 7 11 12 20 26
AA1WGdYfGgHKCXg8YW4eINa9XqEYYmOX44,10,plain,none,mixed,2 2 3 10 11 12 12 13 13 22
AA1W2H3IWxGS310I94499HSFYqGa9xEH50,10,plain,none,mixed,1 3 4 7 7 10 11 12 16 29
AA1W0WPIgIPCr8YGY10GwS5mJ1SqoXGE58,10,plain,none,mixed,1 2 4 8 9 9 10 13 22 22
AA1WCXY27mo1F9iH4n18GMAodOWI0qHHQI,10,plain,none,mixed,2 3 3 5 7 9 13 14 19 25
AA1WG0ue4Aymf8944X26AXoFh97860bAX4,10,plain,none,mixed,1 1 3 6 8 8 13 16 22 22
AA1W20Y4HE2t6HA9f18fTGfLmc0W90mX42,10,plain,none,mixed,1 1 5 8 10 10 12 15 17 21
AA1W0GM2RGPm8Y4IK4a50ZA0W4KgaMJCgb,10,plain,none,mixed,1 2 3 5 5 11 12 15 22 24
AA1W2Wh3ifAAHA28GS0B0v5Wux4aeI2W8B,10,plain,none,mixed,1 2 2 7 7 8 11 17 21 24
AA1W8mZKKIkEWS6862GGZA3iXAmc44Wa2G,10,plain,none,mixed,1 1 3 4 6 8 15 15 17 30
AA1W6W7144mLAVhbkII98Y381XG4R4oH42,10,plain,none,mixed,1 3 4 4 6 8 10 11 15 38
AA1W4GHf5aWv5wJL5eZOWO2IaunCPwHra0,10,plain,none,mixed,1 1 2 8 8 11 12 13 16 28
AA1W68I89SDoc1iIXbG2WH1AOq17B1dv85,10,plain,none,mixed,1 2 2 3 9 10 12 16 20 25
AA1W841aCXX2JdgAXoCK6Vn284Wu5Gj644,10,plain,none,mixed,2 2 4 4 9 10 12 15 17 25
AA1W8WrXa8dIySZIuYYGQGH634s8k0d26G,10,plain,none,mixed,1 1 3 5 7 12 14 15 17 25
AA1W4H832Cqj8aL1KD2CHB367N3uY5WDfO,10,plain,none,mixed,1 3 4 4 5 6 7 14 26 30
AA1W211IQKBX2OAHXa4HIA4c4mYoIBIHL0,10,plain,none,mixed,1 2 2 4 6 11 11 14 17 32
AA1W0eYYG9I4WC2Wp0ICQvHY4oLWeT3eGY,10,plain,none,mixed,1 2 6 6 7 9 10 12 17 30
AA1WB1OaObcRTHP850YE2GGYUHWaMBv1Y0,10,plain,none,mixed,1 1 4 7 9 12 14 15 18 19
AA1W8WHD4evQfuX830eHpMSKwmS0pcGq28,10,plain,none,mixed,1 4 4 7 8 9 12 13 19 23
AA1W69G9Wg4sPr2UnW82G535O1YI7BSHMI,10,distinct,none,distinct,1 4 5 8 9 10 13 14 16 20
AA1WHYKb5EOB98IHK2532u2XGISLrfC5W3,10,plain,none,mixed,1 1 2 8 10 12 13 17 18 18
AA1WJLCUeH27Hmue70Y0cGAbCnP1Oi90Ym,10,distinct,none,distinct,1 2 3 4 6 7 13 14 20 30
AA1Waq2WHIpn2G8hY4G2HXBfrkSYYWa1G8,10,plain,none,mixed,2 2 3 4 10 12 14 14 17 22
AA1WGIGIJAISJMR4OO918HfafafX48dqM4,10,plain,none,mixed,2 4 7 8 8 9 11 15 16 20
AA1WHReR5C9yA4a3W9G4HTBiCG1198TaOK,10,plain,none,mixed,1 4 4 7 7 7 9 11 16 34
AA1WYaSKZ4fKD1a8Q4A1Yp2H1GE34WG68f,10,plain,none,mixed,1 2 3 4 6 8 13 16 16 31
AA1WGc7894XSj7qaD0KnWYKG130L5RKj2W,10,distinct,none,distinct,1 2 3 4 5 7 11 14 16 37
AA1WXI7cYifD851Gf2GXFY8PiGX7c0GI4W,10,distinct,none,distinct,1 3 4 7 8 11 13 14 16 23
AA1W8HsI9bC7cRbSQ0X10MOBCcjukIGH0f,10,plain,none,mixed,1 3 6 7 7 7 14 16 19 20
AA1WWYAWK0RLG8q5HKI26_LY8H2XYKODvf,10,plain,none,mixed,2 3 5 7 7 8 8 10 24 26
AA1WHbxP38MWReiW60p56Y2K-LK864CIi0,10,plain,none,mixed,1 2 3 4 7 10 11 11 13 38
AA1W8I28EcP2OM0a8uXCX4r5xYaCab1SGW,10,plain,none,mixed,1 5 5 7 7 10 13 13 19 20
AA1W50g995F1rioMYn910F1AC4W9l41HAm,10,plain,none,mixed,1 2 6 7 8 12 12 16 16 20
AA1WCX48Ga31XLnWn180G11_GMoMLZ410O,10,plain,none,mixed,1 1 1 4 7 9 11 16 23 27
AA1W4mW0aAc-17MrOP08eB2WMLIuQbY3eY,10,distinct,none,distinct,1 2 3 4 5 6 16 17 22 24
AA1W1e10G4OZGQ2kv4m4GX2Wd40rcX2GY4,10,plain,none,mixed,1 2 2 2 6 9 12 14 19 33
AA1WBJ4eGy9faAaOyY4WF48nn5L2AtW40G,10,plain,none,mixed,1 2 6 9 10 11 11 14 18 18
AA1W2P22aYfW33H2eM080o6UqwWS53uY89,10,plain,none,mixed,1 1 2 3 7 12 16 17 20 21
AA1W60U8GH422wK9Wi928O2ZOz44Gy4AXm,10,plain,none,mixed,1 1 1 5 7 8 10 19 21 27
AA1W2WAiHI4mLnAEFkG8Y9GGXUMAnAaYq1,10,distinct,none,distinct,1 2 5 8 9 11 12 13 15 24
AA1W3HL7AImm8aInWA15WN8d4XGi-XKbXe,10,plain,none,mixed,1 4 5 5 8 9 11 15 21 21
AA1W8WYi9Y2sxFcHn289AKHaa60E2KkQm8,10,plain,none,mixed,1 4 6 8 10 11 13 13 14 20
AA1W2GB4aAANfz4Kk208Wr4eIPlwWt0Y28,10,plain,none,mixed,2 3 3 4 4 8 9 9 24 34
AA1WG92FeallE3eX689489Y9fJnfGZWl21,10,plain,none,mixed,1 5 5 7 9 10 14 15 16 18
AA1W101Ywe6AKI2l4X1H186Gp8Yq-MjjOy,10,plain,none,mixed,1 6 7 9 9 11 11 11 13 22
AA1W0WB28KaL1O0eb184Og4mt4Y4m3Wg68,10,plain,none,mixed,1 1 5 6 6 7 7 8 23 36
AA1W4d88P86KPA0moAK0kU3qo4W8-3nAAA,10,plain,none,mixed,1 3 4 7 8 8 12 18 19 20
AA1WH2ueX96mwAWmH9CK1WSQka26VWX19g,10,plain,none,mixed,1 4 4 6 7 12 13 15 18 20
AA1WD020WLKTAaX22O810S5a-6HHfEj213,10,plain,none,mixed,1 1 3 4 8 12 14 14 15 28
AA1W8P1DXdYuB1Gaj0Q6GH28oIgaEQLu08,10,plain,none,mixed,1 1 2 7 10 10 14 14 20 21
AA1W4Wf59H8zGc1PO492050nz6fJYaaYWZ,10,plain,none,mixed,1 3 6 6 8 9 14 15 15 23
AA1Wa2302Yej4OJ6fH4C5BTBWm60mUjS5G,10,plain,none,mixed,2 3 3 4 6 7 9 10 14 42
AA1WIXL6WapCA6dg4e24WgZYQEOF6CVY2Z,10,distinct,none,distinct,1 4 6 8 9 11 12 14 16 19
AA1W4YG3acfk9YYmW20A1FxdyJLGr0KEXC,10,plain,none,mixed,2 4 5 6 6 7 7 15 18 30
AA1We0M1WQyQ3WqIGZYa0Q44Ha3c4rfKIA,10,plain,none,mixed,1 1 1 6 8 9 9 14 20 31
AA1WYCPaiKP52mH4a0G0um3WYSS2MHM9KA,10,plain,none,mixed,1 1 5 8 9 11 11 14 16 24
AA1W8eY4X4hcCCJOIb410n5rL3ei4M8WW4,10,plain,none,mixed,1 2 7 7 8 9 16 16 17 17
AA1W4B0S5IhoyP34QWm2H2YE8A8A4mP9D9,10,plain,none,mixed,1 1 7 7 10 10 12 12 16 24
AA1W8fAPcH61HwR5k4G8WgS0n4H6Wp4f0o,10,plain,none,mixed,1 3 5 7 9 10 13 13 18 21
AA1WS0ab4eM0g6IGHIKG0WYWK9X_Gq7Y4G,10,plain,none,mixed,1 1 4 5 10 11 14 15 18 21
AA1W8n2HI422Gq10SGX5GkIAMJ2WC50GQ2,10,plain,none,mixed,1 1 3 4 7 10 10 11 16 37
AA1W2AA9agYG9XAY8Y43HcySYersWN22aG,10,plain,none,mixed,1 3 5 9 10 10 12 13 18 19
AA1WS8Y1Wd62eJ4MXm10O4Y0GT3QGeYuga,10,plain,none,mixed,1 1 3 3 4 5 14 19 24 26
AA1WnYaIb8uGyAQU0G2YHY2XSuaQDWw0W8,10,plain,none,mixed,1 1 5 7 7 10 12 18 19 20
AA1W011K8WC5nn2C8HKo64fJf2881GD1rM,10,plain,none,mixed,2 2 2 5 5 6 10 12 19 37
AA1WW92WnAEaPYN2eL80dKwGK4WeBAfXWK,10,plain,none,mixed,3 3 5 6 8 10 13 13 16 23
AA1WQ5W8IEIIHC8X8A5L4e9A6X0W80XIA4,10,plain,none,mixed,2 3 3 3 4 8 8 12 28 29
AA1WWo6gGz3HR4Y8Z4W8M2GXS6ABPWWF08,10,plain,none,mixed,1 1 2 4 10 10 14 16 20 22
AA1WI9C5N21AJAI6WC261IbZaCbyXYA6S8,10,plain,none,mixed,1 4 8 8 9 11 12 13 14 20
AA1W9o28M5ngSCWqEc080Hz8c58qXX188H,10,plain,none,mixed,1 1 6 8 8 10 13 15 16 22
AA1W6PIAaJZmU37iGZ22X28i20mI4Z984W,10,plain,none,mixed,1 1 4 5 7 12 12 14 19 25
AA1WG0gL8XrQmHsF101gbYH28X4ODPfwS6,10,plain,none,mixed,1 2 2 6 7 11 13 15 19 24
AA1WK4W839EFKXCKZ4KO5Gb6W20i8vSBX8,10,plain,none,mixed,2 3 5 5 7 11 11 12 21 23
AA1WP18G2WKSzzMYIaG00JvJ6HIG1WN58H,10,distinct,none,distinct,1 3 5 6 7 8 10 14 17 29
AA1WAfe4I2eWO4ca9L24GLEx4XGIpAZ850,10,distinct,none,distinct,1 2 3 5 8 9 10 14 19 29
AA1WXSAQbKO2GB1J9LA4B0L0m62612ebWg,10,plain,none,mixed,1 1 5 5 9 12 14 14 18 21
AA1WY5nn2cAmu_030G2114L4Kz3aMZ4IaI,10,distinct,none,distinct,1 4 5 7 9 10 11 12 14 27
AA1WCXS4OeQc4nIIUaY2844EIcA4jZ7928,10,plain,none,mixed,1 1 4 7 9 9 10 13 20 26
AA1WG0HBou46OpQWdb06Wog6HweoGf6HM6,10,plain,none,mixed,1 2 6 8 11 11 12 13 15 21
AA1WB2J5oa92WG19K2c0G2_p8EJombbaYY,10,plain,none,mixed,1 4 5 5 6 7 7 14 21 30
AA1W24W89HmvXw_qBb2bAIL3IfWX4GP4Y8,10,plain,none,mixed,1 4 4 8 8 9 9 10 22 25
AA1W12GgE94A4HXG10Xc7GMXoCSd9XKAY5,10,plain,none,mixed,1 1 4 5 9 11 14 17 19 19
AA1W59Ga5OTqoKB2uH4GGv27aN5020X3qI,10,plain,none,mixed,1 1 4 5 5 10 12 13 23 26
AA1WALTep7K8IcLHeI8Z9S1eg2o8X8fwn0,10,plain,none,mixed,3 5 5 6 6 8 13 16 16 22
AA1W2OC1W9g9PC6HwW468a4871yiIbMAq8,10,plain,none,mixed,1 1 2 4 9 10 14 15 16 28
AA1W50H5Gd5144bOj6m0W20OSuL5UYWK50,10,plain,none,mixed,2 3 3 3 4 4 10 17 24 30
AA1WQ04X28IdQ3WI4WbI18Y081Kqt0M109,10,plain,none,mixed,1 1 2 2 6 10 12 20 21 25
AA1W4We8EXNg821424G9Og8J4IYgqMKoaa,10,plain,none,mixed,1 3 5 5 6 12 13 14 17 24
AA1W14CWrwE0O9OZe30YGn61U31GqXaHI8,10,plain,none,mixed,1 2 2 3 6 8 15 16 23 24
AA1W0eG14mgUoHBQXau80A3GiAlAX8A4aO,10,plain,none,mixed,1 1 5 7 9 9 10 11 23 24
AA1WIIHJY8XhcCEXC1W0Wo1mK118R2Wt22,10,distinct,none,distinct,1 2 3 4 7 8 13 15 22 25
AA1W28Q0qTC7g4bCO0u9Wo58b4Z5dMI9Kg,10,plain,none,mixed,1 1 6 7 8 10 10 15 18 24
AA1W4f8H3iJaK1WX88YB1GK534WSeWC1i8,10,plain,none,mixed,1 1 4 5 7 9 14 15 19 25
AA1W0m4GX8uBgHnDEM0IAWCeg68o90AYiZ,10,plain,none,mixed,1 2 5 6 6 12 12 14 20 22
AA1W90ObKKkLb5KreOYGf895ZoX2ntoXqH,10,distinct,none,distinct,2 3 4 5 10 11 14 15 17 19
AA1W0oYAUug3WS8W2r0eiKSWXwSYeH1GHE,10,plain,none,mixed,1 1 5 6 9 10 11 13 16 28
AA1WKAK6byc8f8GY2GeA0WK3CXvS4i5Xaa,10,plain,none,mixed,1 2 4 8 9 10 10 10 22 24
AA1W92C8vmY4XOHIJi4KA9moiQY5Wn4HHH,10,plain,none,mixed,1 5 6 7 9 9 9 12 15 27
AA1W8w82JbmUw8Z8f0858IxYnP8PnZeY10,10,plain,none,mixed,1 1 2 7 9 11 12 14 19 24
AA1W35HH2eKiO1GT5KAHCHu912ICd4UYYY,10,plain,none,mixed,1 5 6 7 8 8 9 15 18 23
AA1W8g2n1GIGzt0R50OH1Cl0u4v0IcCdGa,10,distinct,none,distinct,1 2 5 6 9 10 11 16 17 23
AA1W30DGe220eadXmECR3O3WQ14uLDaWX1,10,plain,none,mixed,1 1 2 4 4 7 7 20 23 31
AA1W92GLx4T5O53PTaG8fSX9aJ-9CY78w1,10,plain,none,mixed,1 5 7 9 9 11 11 12 14 21
AA1WaHyWW40eB1RW41W8c4mI5Ga4J4u4WG,10,plain,none,mixed,1 2 4 4 5 6 10 12 22 34
AA1W6XK40W5GgVUS8X40m21M4122KKab4a,10,distinct,none,distinct,1 3 4 5 6 7 10 13 24 27
AA1WCHagGc51O85qn05OW10HKIHUCkZ8P2,10,plain,none,mixed,1 1 2 7 7 9 11 14 23 25
AA1Wa0mGsgvGyWW40mYeWOP3uXAPQA228H,10,plain,none,mixed,1 1 2 5 10 11 12 16 17 25
AA1W2WKMW8EY78v2WX7KIZFPGK5Gc16A94,10,plain,none,mixed,1 2 4 9 9 11 12 12 15 25
AA1WM29f1O6ShKeP18AGXSQ0mYXoXa8aAG,10,plain,none,mixed,1 1 6 6 6 11 12 17 18 22
AA1WKCD13XS9qlbG28GJ4I8G2erSY2KIX7,10,plain,none,mixed,1 1 3 7 8 9 12 17 19 23
AA1WZ2k6H68P32HC3WfI6G21kjwWKb548e,10,plain,none,mixed,2 3 4 5 8 11 11 16 20 20
AA1WHYgCHYhHOg6U0HY10oMWXq6A4aY2WK,10,plain,none,mixed,1 2 2 6 8 11 13 13 17 27
AA1W2P24NX70gAc4cHo8WZCkeYGi0WAg0m,10,plain,none,mixed,1 1 2 5 6 12 13 14 20 26
AA1W10Gfv49Ge6B04SIGf48JsSDiKXaInP,10,plain,none,mixed,1 3 5 6 10 10 13 14 16 22
AA1W4WHYAAKBX9nTFa0G9199Ij9i0C8iYE,10,plain,none,mixed,1 1 4 5 7 7 13 16 18 28
AA1WI5KwHBPF1C9YAB4258KCOYLHWA14v4,10,plain,none,mixed,1 4 6 6 8 10 11 11 14 29
AA1W2qHHn64M9PI44b4XAG8mh76uiY0ZYK,10,plain,none,mixed,1 2 3 3 11 12 15 16 17 20
AA1WYCKIaPBm8744mX2IBs6e414SiaHa10,10,plain,none,mixed,1 2 4 4 6 6 11 17 20 29
AA1W2650iZmG2J24Wu74FID1e54ibXe6KG,10,plain,none,mixed,1 1 2 4 5 10 13 20 21 23
AA1W10uejMPCabG990YAAbIhNeoc7A9SWI,10,plain,none,mixed,4 5 7 9 10 11 11 12 12 19
AA1WJ4HIC90WBPGmI5G5F80uE15C6Wa64O,10,plain,none,mixed,1 1 1 6 9 10 10 15 18 29
AA1WI9AJC5GGeYkOe2039qoQIHL2BWqmWi,10,plain,none,mixed,1 3 5 5 7 10 11 19 19 20
AA1W1bGKIGXH4i320OHHcqYI4PbjBjLq6Y,10,plain,none,mixed,1 2 3 9 9 10 11 17 18 20
AA1Wc6E8t43OL9628I25ZAb-8H6WZXqY4e,10,plain,none,mixed,2 4 4 6 7 8 12 12 22 23
AA1W2Hn8GL3Ih8eI8MYB1P85FQoGL3Ck24,10,plain,none,mixed,1 2 3 6 9 9 12 14 18 26
AA1W1p5QB92GIrXyEGOGY8aa1XdoJ8Ra1W,10,plain,none,mixed,1 3 4 6 6 8 13 14 16 29
AA1WY0150aICL1mc9AAn2GKAY4aSw-brI1,10,plain,none,mixed,1 2 3 6 6 10 11 14 22 25
AA1WX7KYJmMqmPV80W805UKL8Z5OBVeYaO,10,plain,none,mixed,1 1 6 7 8 9 10 14 14 30
AA1WD1uIce9MS70Y7mbA0eI0mRK5PGG4uc,10,plain,none,mixed,2 3 3 5 9 10 12 18 18 20
AA1W0aQK9MH0WCYYD9OZIQTp0QDmOMk92B,10,plain,none,mixed,1 2 5 6 8 12 12 13 16 25
AA1W3WK1Wv4N4xK2X5e20G0WP96aDGw41W,10,plain,none,mixed,1 1 1 4 5 10 12 17 22 27
AA1W28RRAeYKS4aKnAA1eYG10DXAc4oKPW,10,plain,none,mixed,2 3 3 6 7 9 11 14 18 27
AA1Ws4GWqBcekI128I228HZiO42STYy210,10,plain,none,mixed,1 2 2 3 5 12 15 15 22 23
AA1Ww1geXxBA1EXN3e2GL2BGavYHiMh9e8,10,plain,none,mixed,1 1 3 7 8 12 15 16 17 20
AA1W40oircIYKPW40WCKW45Y4acSoCW40W,10,plain,none,mixed,1 1 2 5 9 11 12 18 18 23
AA1WA14U5d93XaO60G60XeM2e2dKyX35XG,10,plain,none,mixed,1 1 2 3 8 14 14 15 16 26
AA1WKHYEEY8i3W46PWK90ogAY8I3GIqPIY,10,plain,none,mixed,3 3 4 6 7 8 9 9 12 39
AA1WWK4X3ZO104FX4Xa2HK8Gj810O52iKe,10,plain,none,mixed,1 1 2 7 8 8 9 11 19 34
AA1W23I1Gb4oJmXiAL8184oWI8dVhD3D0m,10,plain,none,mixed,1 1 3 5 7 9 10 19 19 26
AA1W4WG4bgWm7EIFL8A2X48ffmsAzX21OK,10,plain,none,mixed,1 3 4 4 6 12 15 15 16 24
AA1WP2HP98Gu4b4aL4I30RD68mA0byJaHo,10,plain,none,mixed,1 5 5 6 6 11 11 12 15 28
AA1W0Y6XLzHD1SCe4HaW_v8euA0mOodiaW,10,plain,none,mixed,1 3 4 4 5 10 12 18 19 24
AA1W2XqHoQ8WP2H2rMX0W6KasMf9MJI78W,10,distinct,none,distinct,1 2 6 7 9 10 12 13 14 26
AA1WJ4OJ1IOLGjGa4u9c6aAX49erF1z4GW,10,plain,none,mixed,2 6 6 7 10 10 12 14 16 17
AA1WIYiOaawGQ2GG3mY41G43mYCoL8A6Wq,10,distinct,none,distinct,2 3 4 6 7 10 11 14 17 26
AA1W0G16oLfDG9OeQ0W9HoE97Ge-72OwW8,10,plain,none,mixed,2 4 4 6 6 10 12 13 18 25
AA1W28IY9fEG9mUS63eG1A88GCHr9HC-44,10,plain,none,mixed,1 1 2 2 3 8 11 16 23 33
AA1Waai5OWIIX7WuAX8K0W10AcaDOv8N1W,10,distinct,none,distinct,1 2 3 4 6 9 17 18 19 21
AA1WC4WGaY8PhAPeu0aWJX4KfUpwSWbD95,10,distinct,none,distinct,1 2 3 5 6 13 14 17 19 20
AA1W4Gb4egs8s0m41B960W28G50mAK4k0I,10,plain,none,mixed,1 1 2 2 7 12 12 13 18 32
AA1W2Ihb9cKnS870X10aVaAGxXSJ90OP48,10,plain,none,mixed,1 3 8 9 9 10 10 11 13 26
AA1W8Gk36GgBmf18L6O49S4qAI9OY2GY4W,10,plain,none,mixed,1 2 5 6 9 10 10 16 19 22
AA1W4CIIvXPkyucdqDHW2OC8yg8843IoX0,10,plain,none,mixed,1 1 4 5 10 12 12 13 20 22
AA1WYPJIQK90e5i9n2Y0C6qWq68H4f9X12,10,plain,none,mixed,1 3 3 4 11 12 14 15 16 21
AA1W9Y9SJO2UGK15_2G18Ibo9Pp54qYwHa,10,distinct,none,distinct,3 5 6 7 8 9 10 13 18 21
AA1W3WK8p9RWg34eG208n42p6RrY31eU2G,10,plain,none,mixed,1 1 6 7 7 8 11 15 18 26
AA1W09o-1AI2GgP48r0G9CUaOB4aeb5LMc,10,plain,none,mixed,1 1 1 5 5 16 17 17 18 19
AA1W68n50m95GY14GX420C1ufL9rGg2GI2,10,plain,none,mixed,2 2 4 5 6 10 11 13 21 26
AA1W2GAXGs8WKmn9P1JGnA9fu75X4X84eY,10,plain,none,mixed,1 5 5 8 9 10 12 14 17 19
AA1WKibPH8I2eb114X49dC4Y720mGY6On4,10,plain,none,mixed,1 4 4 5 7 10 13 17 19 20
AA1W2WA2KffWYQ0Kag4BG90evCNi3avC8Y,10,plain,none,mixed,2 2 3 4 8 10 11 15 19 26
AA1W2mK16uCYCn29HE859460GA2mL81WC4,10,plain,none,mixed,1 2 4 5 6 6 7 20 21 28
AA1Wm9I9Q0b14830998WGogaGa2WAPRhQQ,10,plain,none,mixed,1 3 3 4 5 7 12 18 21 26
AA1W4881247Kbifa918AX040iaKIEGW64a,10,plain,none,mixed,1 1 2 4 7 10 16 17 20 22
AA1WGY2OYRNi8WGXW9K0WNMvsA11BEe8XH,10,plain,none,mixed,2 2 2 5 8 11 11 12 15 32
AA1W2GeA7K1CKSo6fB96H95I4n2maLuEH1,10,plain,none,mixed,1 3 5 8 8 12 13 14 16 20
AA1Wadmm4CMoec5m88Z11gWI5KKweGI6Om,10,distinct,none,distinct,1 2 4 5 6 8 9 11 19 35
AA1WYaRZWj5GqHIAXW8C8Y50eA4O5EIb38,10,plain,none,mixed,3 4 6 6 10 11 11 13 16 20
AA1WGb4OIaH0C4WX8X8Q5Gm1250e6BE9nA,10,plain,none,mixed,3 4 4 4 7 8 10 16 17 27
AA1W2194m9_A6RqK9P1aqKb2MCrOQu5QKG,10,plain,none,mixed,1 5 5 10 11 11 11 13 16 17
AA1W93OIKSWbKOX7We589AmmG24eP36GY0,10,plain,none,mixed,1 1 5 5 7 8 9 17 23 24
AA1Wb49a5WQ2HaoI8I41We3vCqcEXq3X2G,10,plain,none,mixed,1 2 5 8 9 10 10 13 14 28
AA1W2WK28HBXYCcOG0W1GC1en4Wo2YyKYa,10,distinct,none,distinct,1 2 4 6 7 8 10 13 23 26
AA1W9WoUIIR5JoWbI9I204JTYCaI6Kw0OS,10,plain,none,mixed,1 4 5 5 7 11 13 17 18 19
AA1W4JZHYBGYAvXHMAb0WCXI0GI56ByOaW,10,distinct,none,distinct,1 3 4 5 8 11 12 13 16 27
AA1W1e930P2Zd3SDn2G2eG1GI3I7bGa632,10,plain,none,mixed,1 2 2 7 8 11 12 13 16 28
AA1WWha913-EoBuXm501KYHCSKI6PH67L2,10,plain,none,mixed,1 2 3 6 10 10 11 14 19 24
AA1W1WV8X892IN1DK911893oVI44RISWY4,10,plain,none,mixed,2 2 3 5 5 7 15 19 20 22
AA1W56en9CoXi0YvXKAACYQYi7GE6148p0,10,plain,none,mixed,1 1 1 8 10 12 12 15 17 23
AA1WH3XAY8x3FXY4HXKK2SPCWK1HesGn2G,10,plain,none,mixed,3 4 5 6 10 11 12 14 14 21
AA1WE28WGW7Wm68c0YK4ZaifbaS6Mo28X8,10,plain,none,mixed,1 1 3 6 9 10 11 12 15 32
AA1WWIGWcZ88v2PoVX4KMY89q1EInDA514,10,distinct,none,distinct,2 3 4 5 7 8 9 11 20 31
AA1W91in548X3A2J5GY4I2OY8XS1uGI3WI,10,plain,none,mixed,1 1 4 5 6 8 13 14 17 31
AA1W4H8X4InOYWoAWa85BMS5WF1uXy88Ho,10,plain,none,mixed,1 1 4 5 9 9 10 12 19 30
AA1W28IH1K3ZW0WGIA8A1GPIoNHTTYmc0p,10,plain,none,mixed,1 3 3 7 9 10 12 13 19 23
AA1W2WR1S59KmM4mK1GCG-7882QGi1WY0m,10,plain,none,mixed,1 3 3 5 6 7 9 10 28 28
AA1WGc8l48JCxMOWGf4Wo-M9mKnAYGH0eY,10,plain,none,mixed,3 4 5 5 8 10 11 16 18 20
AA1W48G2Y5GoSAJaJG41899n4eoHHGT4r6,10,plain,none,mixed,1 1 5 7 8 8 16 16 18 20
AA1W2Wo5gB4n6BdWa340W5CHrWg94l8X6e,10,plain,none,mixed,2 3 4 4 6 9 10 17 19 26
AA1WGf2RCtKZ189GQ1a1Phm1L4Y18DGs24,10,plain,none,mixed,1 2 2 3 7 8 12 17 17 31
AA1W1GN2eCDaMkDneAaXaHY4fYH8Z1PPC0,10,plain,none,mixed,1 1 3 4 5 12 15 16 19 24
AA1W08AoI1uc8BX4919C2OC1OB2KZKYiH3,10,plain,none,mixed,1 1 4 5 7 13 14 16 19 20
AA1WA8Z2id2YWEfkE0X88X7CmVaNYV95uY,10,plain,none,mixed,1 4 8 8 9 9 13 15 16 17
AA1W49XqCyM5s6jsWa062CFdY4H44XH9y3,10,plain,none,mixed,1 1 4 7 8 11 12 17 19 20
AA1WW4330M1DaBCCK0WIAFHYKHngN3EbsI,10,distinct,none,distinct,1 2 3 7 10 11 12 16 17 21
AA1W18DC7KaH4CNYYWGIB4KGOSp5eg_IAH,10,plain,none,mixed,2 5 5 6 6 10 12 12 14 28
AA1W9H49WU5n4KWXb1m0u519OE0HmKM8n4,10,plain,none,mixed,1 2 3 10 10 10 10 13 18 23
AA1W10IQ2O50RqAPIXG4efG90FbHXyCIYA,10,plain,none,mixed,2 3 3 5 6 10 11 17 19 24
AA1W18IEK4goAG40X9m4fqC2HA4X7HArIf,10,plain,none,mixed,1 2 3 4 5 8 8 16 18 35
AA1W90490nIKD1GI30gZ4Gc3mIBKoGQ699,10,distinct,none,distinct,1 2 3 4 7 9 12 18 19 25
AA1W109H1G5xGKD2gPYIgG8Wy49w5GQ5kI,10,plain,none,mixed,1 2 3 7 11 11 12 17 18 18
AA1W2X2M5W0CMeJQQmMIJc4FAjIqMMf60W,10,plain,none,mixed,1 4 5 8 9 11 12 12 16 22
AA1W99PmmAAYduS2WK4934Iaed2e92nI04,10,plain,none,mixed,1 4 4 5 7 8 9 11 25 26
AA1W24GB28FWW88XYQKmI1S2SKHGI2XKIf,10,plain,none,mixed,1 3 3 4 8 9 9 11 26 26
AA1WCaIX178f4E10u08WP18K9Wg994eP2u,10,plain,none,mixed,1 1 1 5 6 7 12 18 24 25
AA1W1K491k1dC2OiPbHY29IGg9XDn95bCa,10,plain,none,mixed,2 3 4 7 8 13 14 14 16 19
AA1W8XrH38WWA2OJCX220WO2ZaIgMI3J4I,10,plain,none,mixed,1 4 5 7 7 8 8 11 20 29
AA1W0aWH1L4MCBuXg98ZAAAGytNLf0q513,10,plain,none,mixed,1 1 5 7 9 11 15 16 17 18
AA1WHWqIWxAWHL5OX200O4vF_ZP5bXy3Xa,10,plain,none,mixed,1 1 1 7 10 11 12 16 18 23
AA1W2GKF93AfYKGbK0G2OJ3YaEQ28NqOWo,10,plain,none,mixed,1 2 5 7 8 8 13 16 20 20
AA1W1WPMXAsE4bZGo28aKDyMah0jOdOt48,10,plain,none,mixed,3 3 4 6 10 11 13 15 17 18
AA1WH5uftrFd0S9XDQ22aiAD8IDX2I288f,10,plain,none,mixed,2 3 3 7 10 10 10 11 15 29
AA1WIYSAMWO2fTKcagKE0LOWuA8GmY19PG,10,plain,none,mixed,1 1 8 8 9 10 10 12 14 27
AA1WIqHw6m11gPN8B2W0aYH9O6CpY0GWY4,10,plain,none,mixed,1 1 2 3 8 12 12 18 20 23
AA1W1A6LIKZWM408Q1DYCXOJ09Xdo1fc8m,10,plain,none,mixed,2 2 4 4 7 8 9 13 22 29
AA1W1O4X9iE5GK4G7AWH1UBP33WXuHYiIX,10,plain,none,mixed,1 2 2 4 8 9 9 20 21 24
AA1WGYX489B70wp92822W4IIaibVXC5Xfe,10,distinct,none,distinct,1 2 3 5 6 7 9 18 20 29
AA1W0eH2Iix08WaIa1W5GHC9mANanZa4IY,10,plain,none,mixed,2 2 2 4 4 11 15 17 20 23
AA1Wm810ekgz4j4a2u90qW40i8Hn3h1QGW,10,plain,none,mixed,1 1 1 2 4 6 15 16 20 34
AA1W4ef68I1WUaH8PH01mA18CP2mXer8H2,10,plain,none,mixed,1 1 3 5 5 7 14 15 21 28
AA1WOY81m2bhHOw895840HmwOL2mgYeGYa,10,plain,none,mixed,1 2 3 4 8 8 11 13 25 25
AA1W8H58puIb0E861844WyBWa90SF-8Pr9,10,plain,none,mixed,2 3 4 4 6 11 11 17 21 21
AA1W3Y4FXmEXQOf4uK5X4AGg836WF0J30L,10,plain,none,mixed,1 1 3 5 8 11 15 15 18 23
AA1W90OlWA0mB2SFH0Iub2eA18CDMP52G8,10,plain,none,mixed,1 3 3 3 8 9 10 11 16 36
AA1W0mC2XeIWNqaCQX82GO4v5Dg6iUGH2G,10,plain,none,mixed,1 1 5 5 11 13 13 13 15 23
AA1W6KOOWRVl2EGHHKsA79aNcRP2oDm2n4,10,plain,none,mixed,1 5 6 7 9 11 12 15 15 19
AA1W8YX4OjHKYaAHgWqGwKaKX6Wm85YrI0,10,plain,none,mixed,1 3 4 5 8 14 14 15 16 20
AA1WX8Y9HXaA2WIQL4834jcFH8P5mM2A4G,10,plain,none,mixed,1 3 5 6 6 9 12 12 14 32
AA1WCIYGJKHAJKRYgHK082s3KBGW61HH2a,10,plain,none,mixed,3 3 4 5 8 9 11 17 18 22
AA1WcZfRJ682WfGx4Y224S4iTGL4fGhGa2,10,plain,none,mixed,2 4 4 6 6 9 10 13 14 32
AA1W28LY8G2ZO93EF08PGA2W91KZcY2GX4,10,plain,none,mixed,1 1 3 6 6 10 11 11 23 28
AA1WC0Wi1GX4F4XK48bA2eL5kCWY1GH18I,10,plain,none,mixed,1 2 2 2 6 9 15 16 18 29
AA1W2ef5o834h8YaiWY6Wl9fEY0Wn19I89,10,plain,none,mixed,2 4 4 6 8 10 15 16 17 18
AA1WLXkD0e4eO44dAYK0W2WP2JI8624WKq,10,plain,none,mixed,1 4 4 4 5 6 8 8 28 32
AA1W70X20NSiyl38Qg120K68eqXJfCYeIG,10,plain,none,mixed,1 1 5 8 8 8 14 17 18 20
AA1W8Q0Q1SKCbqXSK180ePiwaGub8GqcWC,10,plain,none,mixed,1 3 5 6 7 7 14 14 17 26
AA1WA5GI0p6t68AKJ08w99IWKAWX4GC8Wi,10,plain,none,mixed,1 1 2 7 9 11 12 16 20 21
AA1W205XKpMoja0ilY8H0d1mD9LvqeCNb4,10,plain,none,mixed,2 4 4 7 9 9 10 15 16 24
AA1W21Gc4cm23GLgJn4I3MSTamH18WdA18,10,plain,none,mixed,1 3 4 5 8 10 10 11 16 32
AA1Wa7HBoa928N14IQ44Yagpan17Kw28F2,10,plain,none,mixed,1 6 7 7 8 9 13 13 16 20
AA1W97747OHqAeH189SKbGK3890fg3XghG,10,plain,none,mixed,1 5 5 6 7 7 9 15 22 23
AA1W92F4H2J9Q8uE0i4Oh4kX8H2WHq1NS4,10,plain,none,mixed,1 1 5 6 7 9 11 11 24 25
AA1WGA4oGoP9nGP256eK1X3Ww82uHMAb44,10,plain,none,mixed,1 1 1 5 10 11 13 17 20 21
AA1W8DyOOG0WGIKa4H1boeCYbaZul3EGj4,10,plain,none,mixed,1 1 6 6 12 12 15 15 16 16
AA1W0SGuN49bd9OReU2YGeH8k7suqNAY01,10,distinct,none,distinct,1 2 4 6 8 10 12 15 19 23
AA1W8L9XQ9H2qKXS3X08d4mW72OCpE894e,10,plain,none,mixed,2 3 5 6 8 8 11 12 18 27
AA1W18g5I5I9uMr88cO4GbBXHWimjy494O,10,plain,none,mixed,1 1 8 9 9 13 14 14 15 16
AA1W9GO3XIJY2B5Pd4228K5b2e9OL9Pa4c,10,plain,none,mixed,1 1 2 5 7 11 15 17 18 23
AA1WOgeIYD1nc50K8cW50f14JJnOuafa91,10,plain,none,mixed,1 2 2 8 8 10 14 16 19 20
AA1W2O18Y8WYD-qAjWaP3rOeB0i9kc6H0G,10,plain,none,mixed,1 3 3 6 6 7 11 13 15 35
AA1W4K8XGK3yRXHCGYWg0C1mAXTZ29ar6W,10,plain,none,mixed,2 2 2 5 9 10 13 13 16 28
AA1W94B8i94ECmKx_P06d5wGH6WnRYSY8a,10,plain,none,mixed,1 2 6 8 8 9 11 15 17 23
AA1W20C1WP-w7GcCY6G20b2GY2L2aZYPII,10,plain,none,mixed,1 5 7 8 8 8 9 11 18 25
AA1WaX22Ga5fa4bNGmAY8N2cQQmG4DK2Ga,10,plain,none,mixed,1 1 4 5 8 12 12 16 19 22
AA1W89ICaYyFXCIuOH9299Cq8uH48x7j11,10,plain,none,mixed,1 4 6 10 10 11 12 12 15 19
AA1WG9sHGq0aJzlG8aG60ZzDcHL_svCYa8,10,distinct,none,distinct,1 3 4 8 9 11 13 14 15 22
AA1WH9E2mb2WPObWe5018CWYATWaNaGA4e,10,plain,none,mixed,1 1 4 6 8 8 9 12 25 26
AA1W2WK1WXq5Ondk7280uf2GCBBI9128Xa,10,plain,none,mixed,1 1 2 5 9 12 12 12 19 27
AA1W2F1QGfHqrv1IH60KCqBMIzGqDv7UC9,10,plain,none,mixed,1 1 7 8 11 12 14 15 15 16
AA1Wa0K2WZYJXA0cCYOa0G18MlC4Wf4EmE,10,plain,none,mixed,1 1 2 4 8 10 15 16 21 22
AA1W4P22KHDMnGt-Y286XBAdYPWz3GID4G,10,plain,none,mixed,1 4 4 10 10 11 13 14 15 18
AA1WB18AA0a5Mbuh4WO1WmE5eggCGwGGH8,10,plain,none,mixed,1 2 6 6 7 9 13 13 18 25
AA1W0MarGiHIIf9CW00WfAbKeH2OOrcns2,10,plain,none,mixed,1 2 5 6 9 11 13 13 15 25
AA1W4bW45OhYWSAHlnnO4JWhQ2X22CYaSe,10,plain,none,mixed,2 3 5 6 6 8 12 13 21 24
AA1W28G10RExBr4sXIC30L10e2J46mX9aC,10,plain,none,mixed,1 3 3 5 7 10 11 16 18 26
AA1WCEWI145HgA4WK4GIaNgWeJfGD0854e,10,plain,none,mixed,1 4 4 4 6 11 11 12 23 24
AA1W24FGX8J27Xa9O0imYAC8Z4KIRCCIaA,10,plain,none,mixed,1 1 5 7 7 10 15 16 19 19
AA1W1CJjCngIgfLaQX4aHQ8Ay4NHGg4a00,10,plain,none,mixed,3 5 5 6 7 12 13 15 15 19
AA1W0WBX4uC8yEZ1C4WGGZ4eU8Wmn2KYcY,10,plain,none,mixed,1 1 4 5 5 8 14 18 21 23
AA1W2I39Spi2830O2e521Gx5ub19IQI6KG,10,plain,none,mixed,1 4 4 5 5 12 13 14 18 24
AA1WGa66Wc43hI0m9MI0k4IAA9YBIMo91G,10,plain,none,mixed,1 1 5 7 9 12 12 16 17 20
AA1W8WJ8I1GNO3eQ4K42099EHoIIJMNiY8,10,plain,none,mixed,3 3 4 7 8 10 12 16 18 19
AA1WL1U4DmZgCnWQ3uG51Kg2mY3KSDcS8o,10,plain,none,mixed,1 3 4 6 9 11 11 14 17 24
AA1W8o68a4WYOpHOa0W1fQum20GI348GY4,10,plain,none,mixed,1 1 3 4 5 7 12 16 18 33
AA1W6070Z4z2GlbdH2C30Y9GIb4qbS2Ga2,10,plain,none,mixed,1 1 6 6 7 8 9 13 23 26
AA1WB1HCb3Or8aJD81080y1JCGW4ZNksHK,10,plain,none,mixed,1 3 4 4 9 9 13 14 18 25
AA1W9WVA9uaC28We8GIL2OJ4teAX8xBg2W,10,distinct,none,distinct,2 3 4 5 8 9 11 14 15 29
AA1WH18AafsWe5OXOT180HaLWctcInsF8G,10,plain,none,mixed,1 3 4 7 7 10 11 12 15 30
AA1WA8Z238Gv8Vbw2H591EAKZLDgd4LK8G,10,plain,none,mixed,2 2 5 10 10 11 13 13 15 19
AA1W4PBII9gUYdIgemW08tLCQ3hfWS1C2G,10,distinct,none,distinct,1 2 4 6 8 11 15 16 17 20
AA1WGpaSWGk0Gua9Wa448OAaeR2eLnYiLa,10,plain,none,mixed,1 2 7 7 8 10 11 16 16 22
AA1WI4J0m20xa37CCGYGa23W73oIJXYY2W,10,plain,none,mixed,1 1 3 6 7 9 9 10 16 38
AA1W68e68L6lK8amE481eI1GLCcDHZ0O4G,10,plain,none,mixed,1 1 4 7 8 10 11 11 23 24
AA1WWpsCGYiEGZ18Ho1Cb8QKaYY8HCA58O,10,plain,none,mixed,1 3 6 9 9 9 12 15 16 20
AA1W0eu4WaQaipaca7060b30vbYKX22Gc4,10,plain,none,mixed,1 1 5 5 6 10 16 16 19 21
AA1WXbSjGc5GsHv8uNG15AeX0H4HFQ710C,10,plain,none,mixed,1 2 4 8 9 9 9 13 14 31
AA1W8X92eYAWWi9a8X01W812pQ8nsFqoXO,10,distinct,none,distinct,1 2 3 5 7 11 14 15 18 24
AA1WXKKIg8iWtOo030I32u2mg1LIkE5I18,10,plain,none,mixed,2 4 4 6 6 7 12 14 22 23
AA1W4eC4Wu5pmKeGw1m0m53G8sl8B0a2aO,10,plain,none,mixed,1 1 1 5 8 11 11 15 20 27
AA1WIfD8Y10K5AJfn8W6GffW60SFH1ODYH,10,plain,none,mixed,1 2 3 5 7 10 10 12 15 35
AA1W11et28h4XyegW21K1NNKMAIY2WO3mJ,10,plain,none,mixed,1 4 5 5 10 11 11 13 20 20
AA1W2OMYMA394s_1A0WH0Y91VBTaYYK742,10,distinct,none,distinct,1 2 4 7 10 12 14 15 16 19
AA1WWNHaYgXC8929QX8WDfHq1q8YCRYqGK,10,distinct,none,distinct,1 2 4 5 8 9 13 14 17 27
AA1W6944d4E1t28VP0i49X4N944ociAYW2,10,plain,none,mixed,1 1 4 5 9 9 13 14 19 25
AA1WXYDCskC9WdejI0m8aeTOZKYgCK8r0I,10,plain,none,mixed,1 7 7 7 8 9 12 14 15 20
AA1WY74acPXABDYuds1G2IjlXbDCWfAA89,10,distinct,none,distinct,1 2 4 5 10 11 12 14 19 22
AA1W8aaKicH0gHiBH2Or1EN6u40X60y8I8,10,plain,none,mixed,1 1 7 9 9 11 12 13 15 22
AA1W12GggiLbCKXY69GecSOYROL0124GH3,10,plain,none,mixed,1 3 3 9 9 10 11 15 16 23
AA1WCHXyHjuqHMH48X043e2Wa50qAX1_f5,10,plain,none,mixed,1 4 5 6 12 12 13 15 16 16
AA1W2eeA5GQ13sb2mT890e3wKZ24WiDYG9,10,plain,none,mixed,2 4 5 6 6 7 10 15 15 30
AA1W8HYKnA3Oo0m90a8GA087W70O9w440M,10,plain,none,mixed,1 1 1 1 8 9 9 15 16 39
AA1W45HLXCcWoSncIKiA7XbpeXUfX6Jm20,10,plain,none,mixed,1 2 7 8 8 10 13 15 16 20
AA1W0L28NayakjmX18uGb4cX82OI0fHWi4,10,plain,none,mixed,1 1 2 6 9 10 14 14 16 27
AA1WDfkK4OBXK148bmH5f8H0WCPAJ8YqAW,10,plain,none,mixed,2 2 3 4 7 9 14 18 18 23
AA1W3WaO929-McbVW81IA2BICWaI4YYPWu,10,plain,none,mixed,1 1 4 6 9 10 12 14 21 22
AA1Wo2iTokBIXDot810148Fo2cGKX0gJI4,10,plain,none,mixed,1 2 6 10 10 11 12 13 17 18
AA1WH0On081eAvCfVCGGJ9msDnG928n58I,10,plain,none,mixed,1 6 6 6 6 7 8 11 18 31
AA1W0aOwKkGXk2IbT4GWfaI9A7jnvIK5Wg,10,plain,none,mixed,1 3 9 10 11 11 11 12 16 16
AA1W11YqYYeLIOHa1GZS0eGagXiLYtM890,10,plain,none,mixed,1 1 6 9 9 10 12 14 18 20
AA1W0MHOIYaHUZ4OeaiG4uF3ZIK8YSAoGI,10,plain,none,mixed,1 2 6 8 9 11 13 13 18 19
AA1W40m4XBpDfk8R1Q04eX695YAlSWa88e,10,plain,none,mixed,1 2 2 3 12 13 15 15 17 20
AA1W400WEDg2QAf99APo5GdCX48aBWm530,10,plain,none,mixed,1 3 3 3 4 13 13 14 16 30
AA1W1FueYYQZe4GmHuXY5GHTpICdNnj8L0,10,plain,none,mixed,1 6 7 7 8 10 12 13 17 19
AA1WCahI1W6aAeB-14G6MdiODROjsI4ZsI,10,plain,none,mixed,1 4 4 5 5 9 9 10 22 31
AA1W10iC9YaJbGFKm00KALIGiYaIoISPYG,10,plain,none,mixed,1 2 7 7 7 10 12 14 15 25
AA1W44WOmdYWR4q8v1OoYXCJW5W53YK51G,10,plain,none,mixed,1 1 3 6 7 7 8 15 24 28
AA1WKbYfIF-NYYF68ec8KYfWXJ2a8aW9uY,10,plain,none,mixed,3 4 8 8 8 10 10 13 16 20
AA1WIQE4HQ79J4rE1480G5Gh_8TBJaI648,10,plain,none,mixed,1 4 5 7 9 9 11 14 17 23
AA1W31IeGg6GBDWC0WIh6Op3KP1vWS8IA9,10,plain,none,mixed,2 4 6 7 7 10 10 13 18 23
AA1WeSUf35iDRNVOH240Xg8EFsQbkAGWX0,10,plain,none,mixed,1 5 5 7 8 10 13 13 19 19
AA1W81WK68MO6Wy4YAGB0pKKYAHW40s5GL,10,plain,none,mixed,2 3 4 5 5 7 8 9 24 33
AA1WA4mgI4h33emf0GCD5SiYaaHICf9Io8,10,plain,none,mixed,1 3 5 7 7 9 9 13 23 23
AA1W768DnH88Webg28MX22mKySM38g89uS,10,plain,none,mixed,1 2 5 5 8 10 13 13 18 25
AA1WEYxe30R5fXY4J8C1ZSXA92AYmo9XAI,10,plain,none,mixed,1 3 4 6 9 11 11 11 16 28
AA1W18GJXqGwegWKAWO185VhILL1J8m24W,10,plain,none,mixed,1 1 1 4 7 13 16 17 18 22
AA1WYC4urIKAZ460W450XYHXiE5Gg2H5CG,10,plain,none,mixed,1 2 2 3 7 10 12 13 15 35
AA1W4WKjI2TGa9v8740GP3AQfhJP52q50i,10,plain,none,mixed,1 1 5 6 10 11 13 16 17 20
AA1WC1mU5KPom20S0m5H3e31OG5oeaHaSY,10,plain,none,mixed,2 2 3 3 7 7 10 14 20 32
AA1W4GI3WLYRr50a8cK40H10JXf4HZmA0e,10,plain,none,mixed,1 2 3 8 8 9 10 15 19 25
AA1WGI0W36rsYaaKdW44B949X8v2E8ee50,10,plain,none,mixed,1 1 2 5 8 9 14 17 18 25
AA1WKg88bKSnIB9A9I421mO94kaOICnbWW,10,plain,none,mixed,1 2 7 10 10 12 12 14 15 17
AA1WL2GY6880uCKK4OW92k9noirw0G61O9,10,plain,none,mixed,1 1 2 5 6 10 10 12 17 36
AA1W60f20vBbCQZn60e3080GePcP81iDcA,10,plain,none,mixed,1 1 3 4 4 6 15 20 22 24
AA1W1P0Hfgp9q71KLcW48GSMSzNI1hOt18,10,plain,none,mixed,1 1 1 3 7 8 15 18 23 23
AA1WB2SKWK6H52oaYY20O2efTTuGo0r10O,10,plain,none,mixed,1 1 1 7 8 10 10 18 18 26
AA1W5sG12OSascs9WS0W2IgbaB6a4qA2eH,10,plain,none,mixed,1 1 5 5 6 8 11 20 21 22
AA1W88f4BYIfYXH8J6e0eCBqWNAAWaqg4W,10,plain,none,mixed,1 1 3 6 6 8 17 18 20 20
AA1WA2r9rCEWQ1WCHe6SJ2eAHaAf2COu92,10,plain,none,mixed,1 3 5 5 7 8 9 15 20 27
AA1WAC4H5a62H4AYaaK87YdXS9DWy128rI,10,plain,none,mixed,1 4 6 6 7 9 11 14 16 26
AA1W8faKKwbH4RIy9C42H3HSK4H82QUGM1,10,plain,none,mixed,1 4 5 6 10 13 14 15 16 16
AA1W4KJBBYd2e4JGKX8n2uOecg8dTxiX18,10,plain,none,mixed,1 4 6 8 11 12 13 14 14 17
AA1WA2PTZ5OMGf0E18KYaCYY893PYMrsPG,10,plain,none,mixed,2 3 3 6 9 10 12 16 19 20
AA1WEHaC9K8We6MniYW0840OIe9hEV0PXA,10,plain,none,mixed,1 2 3 3 5 6 11 16 26 27
AA1W5X024Y8FZduYBGoCXG97pOWAWe9E14,10,plain,none,mixed,1 1 4 5 8 9 11 12 16 33
AA1WQKXZYa992WXC8HG4biXWZuO2UYQo8X,10,plain,none,mixed,1 1 2 6 9 11 11 12 18 29
AA1We91uN5SWcWY2o0u4MDZ9f8138G-T08,10,plain,none,mixed,1 1 2 5 9 10 13 14 19 26
AA1WOJ6YfkC1CYdH4GL132eYQPP864bOv0,10,plain,none,mixed,1 2 4 5 7 12 12 13 21 23
AA1W2WSdxuT4my1Ya60IH63P5HWqWX4GH2,10,plain,none,mixed,2 5 5 5 6 8 12 15 18 24
AA1W12GgJ4XDS8S4WXOa7jLfmE4f19yM2C,10,plain,none,mixed,1 1 3 5 8 10 11 20 20 21
AA1W8YWc1O348n3m4n5AY8WLb42MON1uV2,10,plain,none,mixed,2 2 3 3 6 7 11 13 22 31
AA1W50U6JmHgAsCM2G84Ge8Wan1hSLK3en,10,plain,none,mixed,1 6 7 7 8 9 13 16 16 17
AA1WAHotWXac6nCy8B182YUvsWX2H3sDmW,10,plain,none,mixed,1 5 7 7 8 8 11 14 18 21
AA1W9584RKMXbveK5WamW8AYWTIU2P4GXG,10,plain,none,mixed,1 1 5 6 7 11 11 17 20 21
AA1Wa4H5nJ9Q9o5me980ACIZ4uIeAAH8EA,10,plain,none,mixed,1 1 5 7 7 8 13 16 17 25
AA1WIWd5nomWGKGi0W2ibKD0ebnMIXbX28,10,plain,none,mixed,2 2 4 6 8 10 12 17 17 22
AA1WWC8YYE9iekYyK9m0fH6WP133niJkTW,10,plain,none,mixed,1 1 2 8 9 9 10 10 21 29
AA1WQB4f5GQQm65H186GWYHKUYHIICGa8K,10,plain,none,mixed,2 2 4 4 11 12 14 15 17 19
AA1W3aZaIEEn8q6Wa44W985GYh9fgCWI4G,10,plain,none,mixed,1 1 4 7 10 11 11 13 16 26
AA1W0J49KG73080HeI2LR8g8M4nqOd48n4,10,plain,none,mixed,1 1 2 5 5 7 13 15 24 27
AA1W0e4148L1GE1uSP8C8X6Ge2OLGM2mA2,10,plain,none,mixed,1 2 4 4 6 6 10 13 27 27
AA1WWSgGabHib36Oef51ZrQRGd4oH2AXH0,10,plain,none,mixed,1 3 4 5 7 8 12 12 16 32
AA1WX7I8YZD0MkYAga01I6imPClwPXNrF9,10,plain,none,mixed,2 2 3 9 9 11 13 15 15 21
AA1W8Z4HGC1W94EXDxe8P5WI0H28OHHIIH,10,plain,none,mixed,2 4 5 6 7 8 8 8 20 32
AA1W831uGY8i5WbOK48K9pcH44uZ4WqIai,10,distinct,none,distinct,1 2 5 6 7 8 9 14 22 26
AA1WWK16Wmgfp9sW48B4YIIYq1gbLBLv1Y,10,plain,none,mixed,2 2 6 8 10 10 12 13 17 20
AA1We01OPTJWn8092HICDXs8S1XM41mMKC,10,plain,none,mixed,2 2 3 3 4 5 7 21 22 31
AA1W0gAsCIXIIFXAH1He6G9P8GYrX0CuH3,10,plain,none,mixed,1 3 4 10 11 11 13 15 15 17
AA1W80aYCwJHCAT8X8CGOa6aoQHE46vuiA,10,plain,none,mixed,1 4 4 10 11 12 13 14 15 16
AA1W28d2YSN12hZgBLG9946GWone6CTGK2,10,plain,none,mixed,1 1 1 8 10 11 11 18 19 20
AA1W1GD5u-I28HgEpXa28I48WGBI4Ee9q2,10,plain,none,mixed,2 4 4 5 5 7 9 20 22 22
AA1WG40E2BfA7kviWG1CFUUnOJHM4Go8fG,10,plain,none,mixed,2 3 4 6 8 8 10 16 18 25
AA1WAnCaCWDn4iK2cgWH8X424BLPT9weM1,10,plain,none,mixed,1 2 2 3 3 9 14 19 19 28
AA1WI8qAKJE213NGn540XalViBaAWg455G,10,plain,none,mixed,1 3 4 5 6 10 10 16 21 24
AA1W1OQ7Wy49ivXUJYG20S2G8I4q8Aq6K2,10,plain,none,mixed,1 1 3 5 11 12 12 13 18 24
AA1WH6DYb7fCWe6l1W42K8HpwSWaISqgIK,10,plain,none,mixed,1 3 6 6 8 8 12 18 18 20
AA1W91NIXYKIqcYKAAm0W8SuaAC1WDNKya,10,plain,none,mixed,1 5 7 8 9 9 9 14 16 22
AA1WH68k4CHKYgXCaWIafoOI8BRM8Gf20G,10,plain,none,mixed,3 4 5 6 9 10 13 13 18 19
AA1W53GICaWgQJqkOM129saEYOcGIJeU8W,10,plain,none,mixed,1 4 6 7 8 10 10 13 18 23
AA1W0W80s816mnBIOY20Xm1OC2WUuJ38X8,10,plain,none,mixed,1 1 1 6 8 8 9 12 19 35
AA1W430M548bH1m_6WC699vD1GXTAGe4Gy,10,plain,none,mixed,1 1 4 7 8 9 9 12 23 26
AA1WK1IF-eTQoGqsK8G497Z1emjQnL2K1J,10,plain,none,mixed,1 3 5 5 9 10 12 14 18 23
AA1W8X4un6X8XS18410EY490h6Wq4J24GQ,10,plain,none,mixed,1 1 1 8 11 11 15 16 17 19
AA1W1091WCUWZKIIeJa5Gf2GX2WYqKJY28,10,plain,none,mixed,1 2 3 5 7 10 13 13 20 26
AA1W8XWgHH9BGO4Wa8YO842aCH0m44WyEI,10,plain,none,mixed,1 2 3 3 4 10 10 17 20 30
AA1W58PeN284ufZ8Y0WGOsAIOnAI0W8L4e,10,plain,none,mixed,1 1 3 5 6 10 12 15 18 29
AA1W1Ww9HJX2YYU0u0W2ev4o5ZZmA5GCWe,10,plain,none,mixed,1 2 3 5 5 8 10 18 19 29
AA1WD1C088aM9TbtTun30s4AeoMLkJvRWG,10,plain,none,mixed,1 2 4 7 9 9 13 14 14 27
AA1WepqYajA94aI08901ca4oSk1G6588WN,10,plain,none,mixed,1 1 1 8 10 10 13 13 14 29
AA1W5IG92kH30nXYC8Y1W4yavFdy41CbSe,10,plain,none,mixed,1 2 2 8 10 10 11 14 16 26
AA1WKAGGhY28IZ291O49H64X4aY8HvEEk2,10,plain,none,mixed,1 3 4 6 6 11 12 17 18 22
AA1WHAJ60Q6XKJ4IY8A084n6Oj4febiHOA,10,plain,none,mixed,3 3 4 4 4 10 12 17 19 24
AA1WE2sd8XJmuI2uWo192BdWyaHCKKHKGZ,10,plain,none,mixed,1 1 6 7 8 12 14 16 17 18
AA1W80X5WwaZS0pCnLH40I1iIAGhIXg4ka,10,plain,none,mixed,1 3 7 7 7 8 8 19 20 20
AA1WH4WnKY9YYSLWq4J46aFPX-FmG2m4ea,10,distinct,none,distinct,1 4 5 7 8 9 10 11 14 31
AA1W48Y8G97ebemI3WHDXWC2i4WIC97vAG,10,distinct,none,distinct,1 3 4 5 8 9 11 13 21 25
AA1Wm3GU0f5gz9hG7POWW4BKJp1C4G60f6,10,plain,none,mixed,1 1 4 6 7 9 10 11 22 29
AA1WA6m5JbjQ0O8y62MGaqPEL8Z4EGLSYO,10,plain,none,mixed,1 4 5 5 6 11 14 14 16 24
AA1Wd348W80a6aYC8n1A54Oq41aCjGH1GB,10,plain,none,mixed,1 1 4 4 6 8 10 16 19 31
AA1W2CeHaGM4qzNXmKHGbmrEZHFOAYCG-0,10,plain,none,mixed,1 3 4 8 9 10 10 14 19 22
AA1W0W1vnKDo5nEYu91HH1IWM41WJbawn4,10,plain,none,mixed,2 4 4 6 6 7 7 13 24 27
AA1W0W22aANJsgrOpBG89eEPW93aIF548Y,10,plain,none,mixed,1 7 8 8 8 8 10 12 18 20
AA1W0hGW_8B27YyWe2WHYfg2JIcex64g24,10,distinct,none,distinct,1 2 4 7 8 11 13 14 17 23
AA1W4eeb4KeGvdFXCKWI0B1euE0ak4mcOZ,10,plain,none,mixed,2 2 3 5 7 9 9 12 23 28
AA1Wo0W45WAPYB2KaWH4D28WubOI3mP58O,10,plain,none,mixed,1 1 3 7 9 11 13 14 14 27
AA1WGP1qc5HjhQZGKYe82uf3I1065xGv0W,10,plain,none,mixed,1 2 5 6 6 8 10 12 20 30
AA1WYaMw6e6w24b8GWg4WYJPT25WawPa4G,10,plain,none,mixed,2 2 4 4 7 15 15 15 15 21
AA1W2WK52OruZ8dY0K44eI8XASX4IWj4Gg,10,distinct,none,distinct,1 2 5 6 7 13 14 15 17 20
AA1W109nOpBA13Vu9Ae8Q5BHzBHGbCfmeY,10,distinct,none,distinct,2 3 5 6 7 9 12 17 18 21
AA1W3W40XcN1cCpMS70811EX12qW61YA1G,10,plain,none,mixed,1 1 1 3 8 9 9 16 24 28
AA1WOX14HAQAIYCGsa4819jJQ38Y8L0_14,10,plain,none,mixed,1 4 6 6 9 10 10 11 19 24
AA1W50HqBUMGOPDm3a48Q431wpX5kLGi0i,10,plain,none,mixed,1 1 1 8 10 13 14 15 16 21
AA1WP5AfLCWYQSY82H344G2mx6uiZrQ20H,10,plain,none,mixed,1 2 5 7 12 12 13 14 15 19
AA1Wb20YkoGY8X5B4qW0Ue816adaUHX8Y6,10,plain,none,mixed,1 1 2 2 3 11 15 17 23 25
AA1W3WA4KYn24OYb920B0e4OkH687SZGQ5,10,plain,none,mixed,1 2 3 5 5 9 16 18 18 23
AA1W812wWN4974b82W88R58gRKud4wmf4W,10,plain,none,mixed,1 2 6 7 7 8 14 16 17 22
AA1WAAPJ1EeX3WHcEH420ijWa4DYOJLM0e,10,plain,none,mixed,2 5 7 8 10 10 11 11 15 21
AA1WWxK9YZYQLnPL44W0iuOa2iNCX1UeG8,10,plain,none,mixed,1 1 7 7 11 11 12 12 18 20
AA1W18C1cSTwX42WC0W5HA2Wd410I6Gq28,10,plain,none,mixed,1 3 4 4 5 9 9 9 23 33
AA1W0W9aX4PjkZ0I6WY8YGK38JIHbklsW4,10,plain,none,mixed,2 3 5 7 8 10 14 14 17 20
AA1W1Ba6Go4QyI2BIcKWC0I4G52MnMIaWI,10,plain,none,mixed,1 3 4 7 9 12 12 13 15 24
AA1W3GJ80W43fnDrjgC40f7ZfIaM2WGI41,10,plain,none,mixed,1 1 3 4 8 12 12 13 17 29
AA1W4WA1L78R6OqlNWGEWI0fXijc4DGIJ4,10,distinct,none,distinct,1 3 4 5 7 8 11 13 23 25
AA1WK0e28UBeK2KfY0G2eGY4WKmIucywac,10,plain,none,mixed,1 2 2 6 9 9 13 15 19 24
AA1W4WYSw8KBXynXy8X186I9170uB6KBYe,10,plain,none,mixed,2 5 5 6 6 8 11 18 18 21
AA1W101J1OEOSvasQg6B1MJ3dQ8is6Youa,10,plain,none,mixed,3 3 5 6 9 12 13 14 16 19
AA1WX14Ha_qXo8yaamK2j4sWa98mo1R4X8,10,plain,none,mixed,1 2 7 8 8 10 11 11 18 24
AA1W9APBGc93aj0xB18Y4SGboeX3FWaGG4,10,plain,none,mixed,1 5 6 8 9 11 12 15 15 18
AA1W82XPKaWae624YK8g4A9dCU3_6v1OL2,10,plain,none,mixed,2 3 3 6 6 9 16 17 17 21
AA1WKXLB2KPZIMj8A2K0G4iiAWmtOCSWY8,10,plain,none,mixed,2 2 4 5 7 7 13 16 17 27
AA1W0WlKBC4XwvDEKoW50cHJubKoOZHhWG,10,plain,none,mixed,1 3 6 11 11 11 12 12 16 17
AA1WT38kHE2CYaJY4WPA240IakEW88YN29,10,plain,none,mixed,1 2 5 5 7 10 14 16 19 21
AA1WGb5OG8qDX6mO0b2XYbgeC50c8p9Haa,10,plain,none,mixed,1 2 4 5 5 7 10 19 19 28
AA1WYCWed1PnKAAYKAG5183Y4mgGK1ODqX,10,plain,none,mixed,1 4 6 7 9 9 11 14 18 21
AA1WKACO93dZGl4OIY020wCArnEeYIZOSZ,10,plain,none,mixed,1 3 7 8 10 10 12 14 17 18
AA1WeH16gcKIE4OG30KY0GB3O9Y8IOgeoA,10,plain,none,mixed,1 3 4 7 8 13 14 14 15 21
AA1W28pt3uucX49P1v492e41NaO5KAIYA8,10,plain,none,mixed,2 2 3 4 5 7 13 13 20 31
AA1WWKnG1Odeb4KfMHI6Y288XoX620eboG,10,plain,none,mixed,1 1 3 4 5 6 8 18 23 31
AA1WYA8boeCGL9mSqI2GD2KATBr8KHoJc4,10,plain,none,mixed,1 3 9 9 10 10 10 12 14 22
AA1WA79XMjYGK38Y998A4WO124aafKwvWd,10,plain,none,mixed,1 2 6 7 9 9 13 13 14 26
AA1WG9DXDcoWI2WJ5H8O2Gq114OZiAzOG4,10,plain,none,mixed,1 2 3 5 5 7 12 14 23 28
AA1W8YlX8aYXeParcy80Bq_3iYCaVC2GD4,10,plain,none,mixed,1 2 4 7 7 9 15 17 18 20
AA1WJ2K8XoZruxC6T89KIA0goPC5anI0WA,10,plain,none,mixed,1 2 4 4 9 9 13 14 21 23
AA1WWI9WhY28o2zKA8I1tC5X9F90u5AEy8,10,plain,none,mixed,1 1 7 8 8 9 10 16 18 22
AA1Wma7W2mbKp40HDye15X48Y8Ww5AgYAS,10,plain,none,mixed,1 1 4 5 5 7 7 17 23 30
AA1W4WG86WeM3bwmVeO8f57Bgm841K5aio,10,plain,none,mixed,3 4 4 4 6 6 10 12 14 37
AA1Wu1uHLC9GQ3KLYPI4b1OCGI44416Kga,10,distinct,none,distinct,1 3 4 5 6 8 14 15 19 25
AA1W86eLq1914i0HN32H5aCz6XiAFQZSJ4,10,plain,none,mixed,1 2 7 8 8 11 12 12 18 21
AA1WH8uGv2CYiqWe2e90WCw6WHK9IvYGL0,10,plain,none,mixed,1 1 5 5 8 9 16 17 18 20
AA1W90X88q9DAei2WI83050dmE0GbDjl0a,10,plain,none,mixed,1 1 4 5 5 9 10 19 21 25
AA1W8eC0oGj0kaHNYD18H-3qfajaPYI8b0,10,distinct,none,distinct,1 2 5 7 10 11 12 13 18 21
AA1W2cHF0GiAaJX1mWiGSnKnGL95H6Moqm,10,plain,none,mixed,1 1 2 3 7 10 13 19 20 24
AA1WGpgzGC10opt890HH12fX9YC5d1K20H,10,distinct,none,distinct,1 2 5 6 7 10 11 13 17 28
AA1W0mm2yXP3SuZ1e8gfiYa4HU6eoD5GeW,10,plain,none,mixed,1 1 2 8 9 10 10 16 21 22
AA1W0f2oMW12u2GQHI4n4ewHIDIqHE98b4,10,distinct,none,distinct,1 5 6 7 8 10 13 15 16 19
AA1W7KSLXFF99GQeHAMW209PZoea1Ce8e6,10,plain,none,mixed,1 3 3 8 8 10 13 13 20 21
AA1W8k20Y8e0Xe2yK32j3Kc0z4WY8c2WOR,10,plain,none,mixed,1 2 2 4 4 7 12 13 22 33
AA1W1JwCPY2GG2YIX48Gg6WWaaYQ30KGJ2,10,plain,none,mixed,1 1 3 4 12 13 13 15 16 22
AA1W1GBAj834G47Wy11NZ1OWX53O928X19,10,plain,none,mixed,1 1 4 4 6 7 16 18 19 24
AA1WA1p6OaYHIDf1e504GH2A4b1WDXWX12,10,plain,none,mixed,1 2 2 3 5 11 12 13 21 30
AA1W0G5IJK9Gi7NCb8fGg24XoCYeGLyu12,10,plain,none,mixed,2 2 2 5 6 8 13 19 19 24
AA1W9342iE8f14k9HA9OIca28GX4aYOV20,10,plain,none,mixed,1 4 5 5 7 9 10 11 24 24
AA1WGA48XJMHUaWS2506euH0v4fCBK8e4W,10,plain,none,mixed,1 1 1 2 7 15 15 16 18 24
AA1WX7vyX96Ff1JYGU8298YXgWYquj5fB2,10,plain,none,mixed,1 5 5 6 8 10 12 14 15 24
AA1W2WaKv7qmG20730OI2mA1mg168mMGWY,10,plain,none,mixed,1 1 2 8 8 9 11 11 22 27
AA1W8o5I86YFA9VFrPhCX9YeI23mSW2k08,10,plain,none,mixed,4 4 5 5 7 8 13 13 17 24
AA1WGAEXdCBY2WK5ZI4mCeQBXSBIWQLWG6,10,distinct,none,distinct,1 2 4 5 6 8 11 12 20 31
AA1W3AoPNGC34LM12Wb8GaYNAE_KB1BWu2,10,distinct,none,distinct,1 2 4 8 9 10 13 14 17 22
AA1WD16aeaT2WY18AAAOWC4kI3GNa40G92,10,plain,none,mixed,1 1 3 6 7 8 10 14 19 31
AA1W88HAWn6srWId8WGXCLX_CuGB1RaVG6,10,distinct,none,distinct,1 2 3 6 9 11 12 17 19 20
AA1W4GH8S565hK0f4iO51nFgbqWr5P9o8i,10,plain,none,mixed,1 5 6 8 9 11 13 13 15 19
AA1WHKcHn8OYHKA28D40k4CnKx70i1H2u2,10,plain,none,mixed,1 4 4 4 6 7 11 14 17 32
AA1W10GCYG5PoFHGh1a4OW82GClwui4c4G,10,plain,none,mixed,1 1 4 4 4 7 17 19 21 22
AA1WeB01imBUSKK8Y0WACiM2WPhc9YKL5O,10,plain,none,mixed,1 3 5 5 10 11 12 15 17 21
AA1W6WdQg4XcIqoPaU00WpGX4vuH4wRWf1,10,plain,none,mixed,1 1 5 6 6 12 14 15 17 23
AA1WGWJ54KH0qaZ4P2W98jZ4Tw1eNV18F1,10,plain,none,mixed,1 2 5 7 7 10 10 17 20 21
AA1W2WF0jcUGbHHWW209Wl3nA4aKJ2mha4,10,plain,none,mixed,2 3 4 4 6 9 9 9 27 27
AA1W8GW6X4fLaeCGH1CA1oECCAYIKAun64,10,plain,none,mixed,1 2 2 4 8 12 12 15 21 23
AA1WWZwWo25H2OH5FE10d5LCnIKHKLc8H4,10,plain,none,mixed,1 3 7 8 10 11 11 15 16 18
AA1WKLA81WH7a4IJYGX36JLjLaaXIAP2WJ,10,plain,none,mixed,1 1 4 6 6 11 13 15 19 24
AA1W49TDfufojWJaiWi50V2CKr18X9iA0O,10,plain,none,mixed,1 1 3 10 10 13 13 14 15 20
AA1W5es_2mInYE1G6488A0A266DfL2Oa0W,10,plain,none,mixed,1 3 4 5 8 10 10 13 23 23
AA1W94WK4XQGp8I89612FmYyuc481eD59G,10,plain,none,mixed,1 2 3 4 9 9 12 13 20 27
AA1W4L2GJIbtx8X8GGZq2OMT9D0G5mI10H,10,plain,none,mixed,1 1 1 6 10 11 14 15 18 23
AA1WcRI4KACaJILD68m8awMqYUHa0GqYW9,10,plain,none,mixed,1 2 4 5 9 9 11 15 22 22
AA1WIpAKS2GI8n1KBPQ1Xe8d0m24YmG8I1,10,plain,none,mixed,1 3 4 5 5 6 10 11 21 34
AA1W13nkMuQYoD8B2OAL38X1qW1Bi5GpYH,10,plain,none,mixed,2 4 5 5 5 9 9 16 17 28
AA1W64nYJo7WY41GGX5a3WKR4YWY2GmH49,10,plain,none,mixed,1 1 4 7 8 10 11 16 21 21
AA1WHY84bAfRdgjA6HKC0QGJ93GMQ45fbW,10,plain,none,mixed,1 3 3 4 10 12 15 17 17 18
AA1W81w4928Q3PGH1aG1882d8H4FHAAvqa,10,plain,none,mixed,1 1 4 7 7 9 10 18 20 23
AA1W0lmSt6GX8IHeac4O4Z7q28l9wuaH68,10,plain,none,mixed,1 1 4 8 9 12 13 15 18 19
AA1W3WiJY20OSFKKXYA5mfH24n1M11T20W,10,distinct,none,distinct,1 2 3 4 7 12 13 14 17 27
AA1W4Y958YIEAXaAcH4209qEXCHJe9DE6G,10,plain,none,mixed,1 4 5 7 9 9 12 16 17 20
AA1WX3liC8NJAPKSb4am2aYXGaKKOT4S4W,10,plain,none,mixed,1 2 6 6 9 11 13 16 17 19
AA1Wm92EoIn8A1H5fOe4KHeA58YaKPbcG5,10,plain,none,mixed,1 2 5 5 5 10 14 16 16 26
AA1Wf65GqQNJIjLW6HA23waGp19AYvNG40,10,plain,none,mixed,2 3 6 7 7 7 7 11 24 26
AA1W8Wf6aIH996HIXG5JBwRN4H0gn985EG,10,plain,none,mixed,1 3 7 7 8 10 12 15 17 20
AA1W2qqeWZ45BGm6i0IAsDnDIQ9G952699,10,distinct,none,distinct,1 2 3 7 8 9 11 12 16 31
AA1W8g9KfK8XakLrX020O8f0oT22mPF8I4,10,plain,none,mixed,1 2 3 7 7 12 14 17 18 19
AA1W6Gs0W5cxLQaOOZ45WQ0WIKG81sG418,10,plain,none,mixed,1 2 3 3 5 10 11 13 16 36
AA1W8MKn58mXNUCd9Oa8KKF47XcGcQCoE2,10,plain,none,mixed,1 2 5 7 8 8 11 17 18 23
AA1W0WAlKIKiQYIuS10CArIHHKXIhXiY4W,10,distinct,none,distinct,1 4 5 7 8 9 10 16 17 23
AA1WXKG10M5H0CU4CaaGW30uQ6dq4X4Z4K,10,plain,none,mixed,2 2 2 4 5 10 12 15 17 31
AA1W48e4I1eGILJEA4G3OgD1TYCAGY2Sc4,10,plain,none,mixed,1 1 4 9 9 10 13 14 15 24
AA1W2JWW3288sHGKX48CJWfYSXWM3m8kb4,10,plain,none,mixed,2 2 2 2 6 7 9 13 25 32
AA1W8IDIebY8oEXy4b4JAej5ZY7YCa8Y0W,10,plain,none,mixed,1 5 5 7 8 11 12 15 16 20
AA1W264-4meIUC9CYXqGCI9Iv7cksGi4We,10,plain,none,mixed,1 4 7 10 11 11 12 12 14 18
AA1W2A9OZ68mkfwdX2GXq34YOHsF2J8GG8,10,plain,none,mixed,1 3 3 5 11 13 13 13 17 21
AA1WH4BrHA4bu11ICHa96GQ2iDnqAXbW20,10,plain,none,mixed,4 4 5 6 9 10 10 11 18 23
AA1W98Q28I2EnU8v4GC2WC24SY83GY5yq4,10,plain,none,mixed,1 1 3 5 6 8 11 17 24 24
AA1W8XnEKDZGaGGYcgHBG91XCY9o4LvqP0,10,plain,none,mixed,1 2 3 6 8 12 12 14 18 24
AA1WaHK47moOo5up_0OOMHuGXwW90sAL2I,10,plain,none,mixed,1 4 5 5 8 9 10 12 21 25
AA1W0O40wr14aAXers0B1A58hAWu7j2m8X,10,plain,none,mixed,1 1 2 6 7 10 12 15 20 26
AA1W1Jp30kuK2XqEb8WWiWI4WSMY593LCg,10,plain,none,mixed,2 3 3 4 8 9 9 13 16 33
AA1WAKaCJaG8X6GL99Ca2WQ4oXm40tZ5u8,10,plain,none,mixed,1 2 4 6 7 8 8 12 21 31
AA1W166GY6LLXQ9S8vXGaS40n30IaYXgL6,10,plain,none,mixed,1 2 5 6 6 10 14 16 16 24
AA1W4Q8hpLA58mg690YWdK7I1m5GHPZqZ8,10,plain,none,mixed,1 3 4 9 9 10 10 12 16 26
AA1W90NUAIBeMX2eO8X1G6KDJoaSaIAkH1,10,plain,none,mixed,1 3 3 6 7 7 13 14 17 29
AA1WCaK508a60Gvu10aH4ecaoyfZGe81W8,10,plain,none,mixed,1 1 3 4 4 7 13 16 16 35
AA1W24o-fMPGfAWYo2KaDYo5SGmf4AChM2,10,distinct,none,distinct,2 3 5 6 7 10 11 12 20 24
AA1WoCFXGg5n1aB2eL51568HS44WI4XIW1,10,plain,none,mixed,1 1 4 5 6 6 15 16 18 28
AA1W0AIY4f71XlD3OT44I9XKGiaOeb5uIn,10,plain,none,mixed,3 3 4 4 7 12 13 17 18 19
AA1WO5H20G2JADKoe4G2EKHaRYOa70u0M2,10,plain,none,mixed,1 1 2 3 7 9 10 17 21 29
AA1WX2W2KSGPLCo8A1mOMY2mHpak91qL2G,10,plain,none,mixed,1 3 4 6 6 10 11 14 20 25
AA1W98L4moMokL9OL0m0W44SbonZkXCGW8,10,plain,none,mixed,3 4 5 6 7 10 14 14 15 22
AA1W102XCoH2NJ5AG92P1k99E5norcq9QI,10,plain,none,mixed,1 3 5 8 8 10 12 14 19 20
AA1W40Eo1fnp8a20P0aAYeEekfVBICWI3m,10,plain,none,mixed,1 3 4 5 9 9 12 15 15 27
AA1W0X8oMZFibh28AKioCaqGTAYho2f1HA,10,plain,none,mixed,1 3 5 5 9 10 14 16 18 19
AA1WGS4xXmA54GiA4101LSJ195IQBa81qA,10,plain,none,mixed,1 2 3 3 7 12 17 17 17 21
AA1WWMX1Z48aOYWZcW24wmg5mUhY7J7uH6,10,plain,none,mixed,1 1 5 6 6 12 12 14 18 25
AA1W4H4696Gm3AUPYoG2WJ4d8H158-LOII,10,plain,none,mixed,3 3 4 5 7 11 12 14 16 25
AA1W0g4OZ2aYQbKqAYKWKuG8Y7Gr49q148,10,plain,none,mixed,1 2 4 5 11 11 11 15 19 21
AA1W2WFHACLpU30J2iYKAW10G6Ca43BiWb,10,plain,none,mixed,1 2 4 4 5 8 11 19 22 24
AA1WHHYKdeCS3S2Hg8H8OuwqPej0C2W10a,10,distinct,none,distinct,1 3 4 5 6 8 9 13 17 34
AA1WZH6Z7pn1FCBX8A1GKIgkYv0e-1eM30,10,plain,none,mixed,4 4 6 8 9 11 11 11 11 25
AA1W108D99PYgM9H9S848X0hM8H86Go5A4,10,plain,none,mixed,1 1 1 8 8 11 12 14 19 25
AA1W0Z1HHHaw2WIEo2HIIjk2mK3YKcIy0H,10,plain,none,mixed,1 3 6 7 7 8 9 15 17 27
AA1WAGyBWQ0SQa2WS222G60N198vY9HX4u,10,plain,none,mixed,1 1 2 4 4 5 7 17 22 37
AA1Wq4AQ0XJXPAqa-1G42bksevkYJIab5G,10,plain,none,mixed,2 7 8 8 8 9 10 14 16 18
AA1W8neWYogDA3dmc4G4ZhHghfaGGb8F18,10,plain,none,mixed,1 3 4 5 6 9 9 14 24 25
AA1WO55IZCA2VcYIUOW9d07hEP9e64KXAI,10,plain,none,mixed,1 5 6 7 8 8 15 15 16 19
AA1W20ZQBX1K2Xbg82W50oIQrkIoH2CcMI,10,plain,none,mixed,1 2 4 7 7 9 12 13 17 28
AA1WG0W5YKgjITsOD2X0GiiT49HiL8L28X,10,plain,none,mixed,1 3 6 6 8 8 13 14 17 24
AA1W4o7QqgAH_I2GbK24H2f6eUO9EGgH4G,10,plain,none,mixed,2 3 3 5 8 9 15 18 18 19
AA1WKKYdLIlseYGQ1WL4aW71842RCXM109,10,plain,none,mixed,1 3 5 5 6 9 10 16 19 26
AA1W0ZeHnH518cW5b94WiAPLxOYefR48Wb,10,plain,none,mixed,1 2 6 8 8 10 11 15 19 20
AA1W14ma4H40Q4nkQp2Kq6Wa2VaN18121m,10,distinct,none,distinct,1 2 4 5 7 8 9 10 24 30
AA1Wn8c4WWO5HC9ON2824O5GoZi4WZ4eXG,10,plain,none,mixed,1 3 4 6 6 8 11 14 19 28
AA1WXbqsWY28930fD0O8H2GK1CiOX1850M,10,plain,none,mixed,1 1 3 6 8 10 12 15 16 28
AA1W0_48A8djHGPO8H4a2efWU5mYApdz04,10,plain,none,mixed,1 2 3 7 9 10 13 14 14 27
AA1WXa9T1O5AcLJCbD4O12I1tKB13K7YQW,10,plain,none,mixed,2 4 4 7 10 12 13 13 16 19
AA1W4X2IJ1a8QdqwGK23GZGNYR0I144AH2,10,plain,none,mixed,2 3 3 4 7 8 12 18 18 25
AA1WHI69AHK7GL1Em0e2G9Suz699mK4GGY,10,plain,none,mixed,2 2 5 5 6 7 12 15 20 26
AA1W4aADjIGGG30Oq0Z8EYsCn-M2978BAO,10,plain,none,mixed,1 5 5 6 7 8 10 18 19 21
AA1W9U8mY41A4EZk5moCaaZGO38KK8qc0W,10,plain,none,mixed,1 1 4 5 10 12 12 13 13 29
AA1W49V4SW5-eR5GC1BT2MGM8KSjI4WA8W,10,plain,none,mixed,1 1 1 7 10 10 12 17 17 24
AA1WCXOuAqaP3YWe10GIXeP0OfoZaffCA9,10,plain,none,mixed,1 4 4 5 6 7 13 14 19 27
AA1W4OeH18H6MHjuW242WDSg3WiRKgmr2a,10,plain,none,mixed,1 3 4 5 8 9 10 16 22 22
AA1WGY7ECea489qCXAH91DPY063nH2EWn4,10,plain,none,mixed,1 3 5 6 7 7 9 13 21 28
AA1W0Cib7OXL8Pn18A2GjDaDm61GoaOcem,10,plain,none,mixed,1 2 2 6 7 11 14 16 16 25
AA1WYWI4CfrFC8d2eH1e8C4GuP1824KI9W,10,plain,none,mixed,1 1 6 6 7 12 12 16 18 21
AA1We60NbNCeH2x6084KX4mpK4YKAYhPQ4,10,plain,none,mixed,1 2 2 6 7 8 9 20 22 23
AA1W30H1xSqY-H30X2B60Z8Ga5dK4IAASI,10,plain,none,mixed,1 1 1 7 10 10 11 11 20 28
AA1W8nR6Wo70af1G9483mJ2UOa1M_0WO50,10,plain,none,mixed,1 3 4 4 7 9 11 17 18 26
AA1WWA4BORLSewgIQGOaauGfACI98FDZ24,10,plain,none,mixed,1 1 4 7 10 12 12 16 17 20
AA1WM1c9UAKBe38cL89491XHIzhXJqONn1,10,plain,none,mixed,1 1 6 8 10 11 12 16 17 18
AA1W8w8c4sAdOaaud1O4YHnAX5YGZX0a0W,10,plain,none,mixed,1 4 5 7 7 10 12 14 17 23
AA1W450i68R2B5OY8o3K4WjEQAHY0m5284,10,plain,none,mixed,1 2 5 5 7 7 10 13 17 33
AA1W6OgkoEoLiEb0NW64JCJv92tfIGqWe5,10,plain,none,mixed,1 2 6 7 9 13 14 15 15 18
AA1W2S9AAwKIXNKAXKCW24P184d8a4XB18,10,plain,none,mixed,3 3 5 6 9 10 13 15 18 18
AA1W20iJeoHHWM0ebCa4GWVZaZ6qgBGG13,10,plain,none,mixed,1 2 2 6 8 9 13 15 17 27
AA1WWgNGiuh14fFH0n83D3WiYeIMRS1GH8,10,plain,none,mixed,3 3 3 7 8 8 12 13 21 22
AA1W88ZGk7uek8k9mKe8WKKkPX48Y_3742,10,plain,none,mixed,1 3 5 8 10 10 11 15 17 20
AA1WHXax5e6JmGROI24430gGiyaRNey10C,10,plain,none,mixed,1 1 8 8 10 10 11 13 17 21
AA1W3WH1WeCXYY1eH684Wf5Ga9p6i2GH48,10,plain,none,mixed,1 1 2 7 9 9 12 13 20 26
AA1WeE192XOHn2W82maK0Ww1eA96OZAVOB,10,plain,none,mixed,2 2 3 4 8 10 12 16 17 26
AA1Wm708H4eYA0mZ4GY3YicWa40W71KGI6,10,plain,none,mixed,1 2 3 4 4 10 12 13 24 27
AA1W0G70uaCcI-EmO502G52WgAHGA4GB4K,10,plain,none,mixed,3 3 4 4 6 6 7 10 26 31
AA1We11tMLL1K73oU82aA1QX9MX5Nh5OKX,10,plain,none,mixed,1 4 7 9 9 9 12 16 16 17
AA1W514A1NA2Z2fCHaWGo7JqC3gbq98E14,10,plain,none,mixed,1 3 3 7 10 14 14 15 16 17
AA1W898H44GnBZ0qjYA91dIqDXa6gqXX0G,10,plain,none,mixed,2 3 6 8 9 9 10 15 16 22
AA1WY6G9Y1892P0T5441IByy7Wo2PfAAH4,10,plain,none,mixed,1 5 5 7 8 9 10 13 14 28
AA1W1G7fOi1yEXL4YY4B23GP74uan1aC4G,10,plain,none,mixed,1 4 4 5 6 8 14 15 19 24
AA1W40Wq30JS2-mE4eGGXOOZi4uV58a4GH,10,plain,none,mixed,1 2 6 7 8 8 9 16 16 27
AA1W0s4B8u1MK4bCiMCHaHH9C5wNC3pu50,10,plain,none,mixed,1 2 3 5 8 9 13 19 20 20
AA1W89msDUh52aMJ5120I6OHBWWMEer8M4,10,plain,none,mixed,1 1 1 7 10 12 12 15 20 21
AA1W4OJiIsE1C9ZM40W9IATmGuHKA0Y4Ya,10,plain,none,mixed,1 2 5 6 10 12 14 14 18 18
AA1W488EnmG5Yub2aKZ60e6YAc6GI1SIEG,10,plain,none,mixed,1 1 5 5 9 10 10 18 20 21
AA1WHYBH3ePBI8g0m2G28I1X040vnADYgf,10,plain,none,mixed,1 3 5 5 6 8 10 15 17 30
AA1WIADYgsIFHn0GA34234A9A5MDW8WC0e,10,distinct,none,distinct,1 2 5 6 7 9 11 12 17 30
AA1W49K3CW082M3HgBKD0h56iP48v19AEa,10,plain,none,mixed,1 1 5 6 7 7 13 15 18 27
AA1WW15DXbnc8vniY5014cbL1q-agH88ca,10,plain,none,mixed,1 3 6 6 7 12 13 15 18 19
AA1W40GXDj4GYY58KYOH8Z4H6fhC5P8C2W,10,plain,none,mixed,2 2 4 5 7 12 15 16 17 20
AA1W2AHWreXi9rpUQGAWF5PAiOX1AIeS1e,10,plain,none,mixed,2 4 4 6 8 10 11 15 15 25
AA1WOi25WihdK2IA0mCHqk648r64YQfa0W,10,plain,none,mixed,1 2 3 3 4 9 13 15 23 27
AA1WaIqD4e74845O38K7b2OG4pWiOD1892,10,plain,none,mixed,1 1 4 4 7 9 11 13 25 25
AA1W0W3vPKn2e8Y3eY4AQWDw8I3m5568M4,10,plain,none,mixed,1 1 5 5 7 11 12 16 21 21
AA1W41Qc2z4BYGWjam4On56Ef4b4KpChy9,10,plain,none,mixed,1 1 6 6 11 12 12 13 13 25
AA1W28H2oeLTGu0W56889K18T9JIS1WI4W,10,plain,none,mixed,1 1 2 6 6 8 9 16 22 29
AA1WWa9ibAqXiQ43GK222dJ0aVZqnXa4Ma,10,plain,none,mixed,1 5 5 9 9 10 11 14 15 21
AA1W4K896V2Ob2CQWG2Akmw5G91QdbKA14,10,plain,none,mixed,2 2 4 5 9 11 12 12 13 30
AA1W52D9JP3kgX9I8v291KraC2X6KKnzeI,10,plain,none,mixed,3 7 8 10 10 10 10 10 11 21
AA1WHPoCnI1Oa9S84hW0W6WygF7uOGPYeg,10,plain,none,mixed,1 1 4 5 8 8 8 18 23 24
AA1WWQ8o-MI0YboeEX846CZKPWEIJOqqXa,10,plain,none,mixed,1 3 5 5 6 12 13 15 17 23
AA1WKaLaCOlrAnDsQoYG4610bwIbQDaf14,10,plain,none,mixed,3 5 5 8 9 10 10 15 16 19
AA1W8I2IAHK99mnC4AY2ePfXMEYKHI4HA2,10,plain,none,mixed,2 3 4 9 9 10 11 14 17 21
AA1WH08ZqdC8X20G4OGq6WK2GTOYCI24P9,10,plain,none,mixed,1 2 2 3 8 9 12 14 23 26
AA1W2GKJ6er0fGMbo18IB43eS8J1H4E0GS,10,plain,none,mixed,1 1 4 5 5 8 10 17 24 25
AA1W8eC6Wy-0RGaCima4WL5CQnNI7WJ14G,10,plain,none,mixed,1 1 7 7 8 12 13 14 18 19
AA1WaSL90mmM8ux6PY2K0453Xu9XNMrHG6,10,plain,none,mixed,2 3 3 6 9 9 10 17 19 22
AA1WHAC2ogX0DA1WB08J2eP33SegUCfnAH,10,plain,none,mixed,4 4 4 7 8 10 12 16 16 19
AA1W44uHIcqWYCIgLXfaAH4WfOb4O2pGA0,10,plain,none,mixed,1 3 6 6 8 11 14 14 17 20
AA1W2Wa2-58g92qQJIC8eZF18v092YfD20,10,plain,none,mixed,2 3 3 6 7 9 13 15 20 22
AA1W896KL2L2YcGnI4G4XfSHYH28N4uGc2,10,plain,none,mixed,1 2 5 9 9 13 14 14 16 17
AA1WGECe4wX188NY4IK0aIIf7490v19C5W,10,plain,none,mixed,1 1 1 2 3 8 13 19 22 30
AA1W850HIQb2Ps8g8mDb2q0Y7NBD4GXGYH,10,plain,none,mixed,1 4 4 5 8 8 14 18 18 20
AA1WI3eL5RdX8H38nWJ2H1Hbo8KJIIXO2X,10,plain,none,mixed,1 4 8 8 9 10 11 13 16 20
AA1WGQ0GH2iMY4K690OLYIBGf2eK2mIm20,10,plain,none,mixed,1 2 3 4 7 9 9 15 20 30
AA1W394GY8ZGLOcWK2W30kH4CXWagaGa0u,10,plain,none,mixed,1 1 3 7 7 7 13 13 23 25
AA1WI0WpbEKL4fnFAIGacGSBme225JOGQ5,10,plain,none,mixed,2 2 3 7 9 10 13 14 16 24
AA1W0XeHffh1DYh2XWKc4lzC7SxReAMI0a,10,distinct,none,distinct,1 2 3 8 9 10 12 14 20 21
AA1W50f1X4aLOr6N4Wy20Y51mRp92YqGM4,10,plain,none,mixed,1 1 4 7 8 9 17 17 18 18
AA1WGf64YaI8Gu0eRk10e8gpT7uK2AocKG,10,plain,none,mixed,1 1 3 5 9 10 13 19 19 20
AA1W2WA10Cp68j5GI2460Y3GO2abqB0e50,10,plain,none,mixed,1 2 5 6 7 7 7 11 26 28
AA1W06OKh2OF49oT8O1HCP8v4Ga2n5Qkk2,10,distinct,none,distinct,1 2 4 6 8 10 11 16 19 23
AA1W0WW2Hq8eb4qQ8D1HAEHpSqaYaXiKI8,10,plain,none,mixed,1 1 7 10 10 11 12 14 16 18
AA1WY0I29n8PfP2eI38X0819K5GB20Gq4e,10,plain,none,mixed,1 1 2 4 6 8 9 21 24 24
AA1W60G25aL1d3F2W92D1DFOafX4F0G1uK,10,plain,none,mixed,1 1 2 5 7 9 14 15 23 23
AA1W8H4GYBfJ-LICKq08XrKeD2GAA4DCH2,10,plain,none,mixed,1 5 5 7 8 9 11 13 18 23
AA1WXJEeSTAYqK5Wa100UcdHDA08T50G0W,10,plain,none,mixed,1 1 3 4 6 7 11 13 19 35
AA1WeM2WTDKnBY18Hq00YfZHqAXSE9Y5AH,10,distinct,none,distinct,1 3 5 6 7 10 13 16 17 22
AA1W998GHu2W4oUw4CY182PZiP2QVZ41S4,10,plain,none,mixed,1 1 1 6 6 9 11 15 24 26
AA1W0WpsjRfIa9ca8WYgc2ha7BbyY7H440,10,plain,none,mixed,1 2 7 9 9 10 11 15 17 19
AA1W60f0W8_6KIAY0845GY4GIKcWQ091-A,10,plain,none,mixed,1 2 3 3 4 6 10 22 22 27
AA1WIABGXSQ3O2We3iW58e90W4zHrq1GA2,10,distinct,none,distinct,1 2 4 5 6 8 11 15 21 27
AA1W66mtdKCK1BJ3sW26K95XI49EGIZJIC,10,plain,none,mixed,1 3 6 6 7 9 11 12 14 31
AA1WK1HF1NAWbPY4GC120HZ2Swa4v6owGe,10,plain,none,mixed,1 4 5 5 10 11 13 14 15 22
AA1WO0X3mWQ2KAvVW40X4A5KIUH6GXIJ6I,10,plain,none,mixed,1 1 2 7 8 8 14 18 20 21
AA1W810S8b9B7wKObTGM2uCY1CHfBms5A3,10,plain,none,mixed,1 5 6 7 7 7 9 11 21 26
AA1W2WO4loUCqwYWC406X92v9IX4uYOV0e,10,distinct,none,distinct,2 4 6 7 8 9 10 13 17 24
AA1W0M3SHbJ8X86WDIWKKaEQT6GI491WJA,10,plain,none,mixed,2 3 3 5 6 6 10 13 24 28
AA1W2Wf4GyPc8mX28Gn2WG4WHc9Gp7KoAG,10,plain,none,mixed,1 2 3 4 8 11 12 12 23 24
AA1W1GXSCR8gIbfK4GI4HkNn8fyugbgZ24,10,plain,none,mixed,2 3 6 9 9 11 14 14 14 18
AA1W892D0Gb5yZD9Ga84WJ2HCSYu8PQxJG,10,plain,none,mixed,1 3 3 4 11 12 14 16 18 18
AA1W5HKyikQmS5ZC9344IYAiWPbaASG820,10,plain,none,mixed,1 3 6 6 7 9 10 10 21 27
AA1W1d4pGIPBc2mf2aOX98a28Jnmow470E,10,plain,none,mixed,1 1 1 10 10 12 13 13 19 20
AA1We0u60oYWeWaJ8ye4CwdKv64cNw1SZX,10,plain,none,mixed,1 2 2 4 6 13 13 14 20 25
AA1W10XjYqHqGA0S450HfK8Y9bLsGGK4ca,10,plain,none,mixed,1 1 1 6 12 13 14 16 17 19
AA1Wa8H1GAyYXAXO11eY0W30dboa0WuJ2G,10,plain,none,mixed,1 1 2 2 5 7 16 21 22 23
AA1WX49204imkK205WgJ0e4ms63mDGX168,10,plain,none,mixed,1 1 2 3 4 8 12 19 23 27
AA1WA6Kibm60mEnr4GcKK2GKeu128K9Wq4,10,plain,none,mixed,1 2 2 5 9 10 10 15 19 27
AA1WXCHRCib2wfbvC201JOH911dI61S8a2,10,plain,none,mixed,1 1 2 8 9 11 15 16 16 21
AA1WKW10HOMKo_IpIfA0eHb5bAO8Cjcmg0,10,plain,none,mixed,2 3 3 4 5 9 9 11 16 38
AA1WC0Yb0Ihve6f5BHfQ0W44Egy8yNODPG,10,plain,none,mixed,1 1 3 3 9 12 14 18 19 20
AA1WmK1GPLyGz9g28GX36eBnf90m4XKs85,10,plain,none,mixed,1 1 6 8 9 9 12 12 20 22
AA1W12uHBCe10A194O82mceqeLSdCGY4Ba,10,plain,none,mixed,1 1 3 9 10 10 14 14 15 23
AA1W1WMYm910o-Y849WP851O62L6AnQeKX,10,plain,none,mixed,1 3 5 5 5 7 8 11 17 38
AA1W0K4Xjo24HYFCQ0eYOb4X54X7GN4KXm,10,plain,none,mixed,3 3 4 6 6 7 14 17 18 22
AA1W1P84GA4bA13IGc2X4HYYQTJkJIhYWK,10,plain,none,mixed,1 1 7 9 9 12 12 15 16 18
AA1W51Q81Gg09nWSaW44GT2DXiIMWa8H2G,10,plain,none,mixed,1 1 2 3 6 12 13 15 22 25
AA1W90dJ1aKEH4STAA13WASU1xi4uIab22,10,plain,none,mixed,1 2 3 6 6 12 15 15 19 21
AA1WoW9Q6yuGY91Y8W38CHGBwHci9bleB0,10,plain,none,mixed,1 1 4 4 11 13 14 16 17 19
AA1W944HTcqqL1GY1W6P6Gi106mky8RJ10,10,plain,none,mixed,1 2 3 4 5 12 12 15 16 30
AA1W4n22BPsLgGA0GA4CHA37eO1G54fL86,10,plain,none,mixed,1 4 4 5 6 6 11 15 16 32
AA1W29sBL4L3ad6O9a890Z1yqHX2NTG24G,10,plain,none,mixed,1 1 1 6 10 11 17 17 18 18
AA1W8X6A9gICL9oIAH910O5n0C3zI44T9G,10,distinct,none,distinct,2 3 6 8 10 11 12 14 15 19
AA1W33Gb71WWA5040W5AZ4ad4X68AXmD19,10,plain,none,mixed,1 1 2 5 6 8 13 14 23 27
AA1WKIXOG16GXq9xXCH2mOQYI4GL2GI-WW,10,plain,none,mixed,1 2 4 6 7 8 8 14 14 36
AA1W7GDIbo5cfuH74q0IBb79NXYiWZnpW6,10,plain,none,mixed,1 1 1 4 10 10 14 19 19 21
AA1W91A80WY4ar9Ugh15G51Z8MY3XCKIoO,10,plain,none,mixed,2 3 5 6 6 7 9 15 21 26
AA1WfXCAZuUsL7CoKWoYWA88H923Dud204,10,plain,none,mixed,1 3 6 7 10 13 13 13 17 17
AA1Wf1eCwYKXyy4yX8Ke9A2n2XKLHHdGv4,10,plain,none,mixed,1 5 5 7 10 11 11 14 18 18
AA1WGmH8WR0e9I20a1W1GBW_6uWeF7eH5G,10,plain,none,mixed,1 2 2 4 4 4 10 16 26 31
AA1W9X9F764-up2E8GA4XG4nbHfPIN4o4W,10,plain,none,mixed,1 3 4 8 11 12 13 13 17 18
AA1WA1CuP9e91eKaL1OJ1YK8a4CWuJ4H18,10,plain,none,mixed,1 3 6 7 7 9 13 13 14 27
AA1W8ee60I3GTBOav4e10A1C78ZWgn8Ab4,10,plain,none,mixed,1 4 6 7 8 10 11 11 14 28
AA1WOW363HLCb5Gd8uq10Ge1ZHAeJc4XB4,10,plain,none,mixed,1 1 4 7 7 8 11 17 21 23
AA1WA28T0sbTe386X454G8f6Ob544v22Wf,10,plain,none,mixed,1 1 2 2 8 9 12 17 23 25
AA1W9H8Gyeeaaa4Gi5G112OHo3uOV20e60,10,plain,none,mixed,2 3 3 4 4 7 11 15 17 34
AA1W5Gf3am50a5qXWY44X38H2P1e2Z6vr8,10,plain,none,mixed,2 4 4 5 7 9 14 18 18 19
AA1WG404IDDaI2uqIOeJ60SRJ4Wp8HwKhA,10,plain,none,mixed,1 3 4 6 6 7 8 9 26 30
AA1W30O4L2GGH2eO8E141XE9oMIYKYe306,10,plain,none,mixed,1 2 2 2 9 13 15 16 19 21
AA1WA0ea60pWK31qEfIO0GC5bKcW3WX48Y,10,plain,none,mixed,1 2 3 4 4 11 12 15 24 24
AA1W40u49kYkAWK1G924Gg69Gc6WR28Uea,10,plain,none,mixed,1 4 4 5 5 6 13 13 15 34
AA1W5HPIWW74F1uIaI81OGQDHiIq2B5w14,10,plain,none,mixed,1 1 3 5 6 10 13 18 21 22
AA1WKAQTXqEcGY38fue2eEAY1Y34WMHYGH,10,plain,none,mixed,2 3 6 6 7 10 12 13 18 23
AA1WWo38fwAYiOHWF712aLI187fE6lj8C0,10,plain,none,mixed,1 1 4 5 5 12 14 15 19 24
AA1WZHAvEaMa5Gf98j24EOeX024WCmHI94,10,plain,none,mixed,1 1 4 5 7 9 14 15 15 29
AA1W4Oia0W45U7a2WIo92LIYSZC4I4C24G,10,plain,none,mixed,1 1 2 5 9 10 11 12 22 27
AA1WWkM9AbHlY3p9mE22I8fdQrGcR44oe4,10,plain,none,mixed,1 2 2 4 10 13 13 16 18 21
AA1W81oTpg2WOx0U3OWGY84Y8bA5MHaWS1,10,plain,none,mixed,1 2 3 8 9 9 12 17 18 21
AA1W0XGC1E0eH26G52A4mW4-7udIs30KAP,10,plain,none,mixed,1 1 2 2 8 9 10 16 23 28
AA1W2cduD90eOZ4Iaea5CWC30eHGEZ6eWN,10,plain,none,mixed,1 3 4 7 8 11 11 12 13 30
AA1WaaKKJ2Q1hBDL4WM0Y22H8pSmbYe383,10,plain,none,mixed,1 2 3 9 10 11 14 14 16 20
AA1W51MnU9aWq6WaO10I8XGK2acmM428IY,10,plain,none,mixed,2 2 3 4 5 9 9 18 21 27
AA1WK1G62G7XY8e7D848X4aYpj0u3OZ7em,10,plain,none,mixed,1 1 4 5 8 11 12 12 22 24
AA1WGZAKw8mX891KB8G681YA28H6-kJAQG,10,distinct,none,distinct,1 2 5 6 7 9 11 18 20 21
AA1W4AGP98F0OKSK518er4H0PboeGI4H54,10,plain,none,mixed,1 1 2 4 11 12 13 14 15 27
AA1WIAYcaPoS4gIKYG84gg3WGg2BTOtp38,10,plain,none,mixed,3 3 3 5 6 10 11 15 16 28
AA1WaKUfhHXHxyie4XG1Pv2gas99ave-44,10,plain,none,mixed,2 2 3 8 10 10 13 13 15 24
AA1Wn44a1aW4Y8KeJX51boE8zOR1umb68m,10,plain,none,mixed,1 2 5 6 8 12 12 14 16 24
AA1W94QWae2m54NY4BY4b2ej2b2uB2WZyK,10,distinct,none,distinct,1 3 4 5 6 9 13 18 20 21
AA1WC2H8kH1I46us61GA0mv39uWe33IT4a,10,plain,none,mixed,2 3 4 4 8 9 16 17 17 20
AA1WA0D0a8X6iDIKYXCi4BZeH0i4Qi8WY4,10,plain,none,mixed,1 1 3 7 7 10 11 12 18 30
AA1W8H4AC5YG9RoG41W8GI31LApySa87Z4,10,plain,none,mixed,1 1 1 6 11 11 14 18 18 19
AA1W2ej6GT81cI5WZW41eA1mmjsX8JuK10,10,plain,none,mixed,1 2 3 4 4 6 7 17 24 32
AA1W60v8L7c-L1ULwKK8Wi6AIaICX57p12,10,plain,none,mixed,1 3 5 8 8 11 13 13 17 21
AA1W6GH84g8Xn1caD0G4n48Jfsei8vvhB1,10,plain,none,mixed,1 1 3 9 10 12 13 16 16 19
AA1W9GS3GBKvZS1GiYY18A6yYYXIUL1H30,10,plain,none,mixed,3 3 4 5 5 6 7 13 26 28
AA1W1W4LGyXMiJY4Oc9C98IIH595w1nGA0,10,plain,none,mixed,1 1 3 5 8 9 16 18 19 20
AA1WC91G_Wa6FXY840XA0CMLIAHI8oI9GJ,10,plain,none,mixed,1 1 2 9 11 12 13 14 18 19
AA1W9AmYC99HOQJ4qW00IZbC7GbG30T6EH,10,plain,none,mixed,1 1 4 4 4 12 17 17 18 22
AA1We0KS1Xbf5EWG40Sf1uN4axROTD4eaC,10,plain,none,mixed,1 1 8 9 9 11 12 14 17 18
AA1WI9G4KmKWd60f6WKC0WY2G4RkT3A2KC,10,plain,none,mixed,1 1 1 7 9 10 13 14 21 23
AA1WXIGe3mlcXIbAnE41dm8oGP4K4eTZSG,10,plain,none,mixed,2 3 5 7 8 10 10 10 20 25
AA1W68r90P0o5n28b0e2GT0R386Wr0G638,10,plain,none,mixed,1 2 2 4 5 6 8 14 18 40
AA1Wm0G5PXFCCbrN0e30KOZ5EoIaCXvMI4,10,plain,none,mixed,1 3 5 5 9 9 12 15 19 22
AA1W1GI0uIX4uG2icX058A1mF2dlO944Za,10,plain,none,mixed,1 2 2 5 6 6 7 16 23 32
AA1WGdAqWd9x91GwuiYg1IHCYul3C-K9P0,10,plain,none,mixed,2 4 8 8 9 10 10 11 13 25
AA1WW16Obp69AM1neX45T8mWu8Gw4LYxMC,10,plain,none,mixed,1 2 7 7 7 8 10 16 21 21
AA1W44XYHH0NQh3K1WKX1S8GmM0p6WoTMA,10,plain,none,mixed,1 1 6 7 7 9 13 18 18 20
AA1W9WV3wOr2uL1B4o4C1G0i7b0O0H1WX6,10,plain,none,mixed,1 1 3 6 7 9 13 14 22 24
AA1W44cDV4OGJfbol5Ib30I1S38COyl92G,10,plain,none,mixed,4 4 5 7 7 8 10 12 16 27
AA1W4Wu78H4s82ZkGS22893WQDbatI4M8I,10,plain,none,mixed,1 2 3 5 10 11 11 17 18 22
AA1W0nPR91aHYbY4HG3A9zN4eWX4XOBa0X,10,plain,none,mixed,1 2 4 5 5 8 13 14 21 27
AA1WW24Dghs2G24W8125qOO12IYW870qCX,10,plain,none,mixed,1 2 3 3 5 5 9 16 21 35
AA1W8f6fh5_8LHOa1Hm4ZKH1PDnFN87n0a,10,plain,none,mixed,1 3 5 9 10 11 11 13 18 19
AA1W80W86GoHSKXI58gaLIZtOAmA20K4OY,10,plain,none,mixed,2 3 3 4 9 10 12 14 14 29
AA1W086WqHp5P5n020mH18F1cDPWCaeiWy,10,plain,none,mixed,1 1 4 6 6 7 10 21 22 22
AA1WeD0O2K_W46gOKMe4AG4XKDGm4vB954,10,plain,none,mixed,1 1 1 7 8 9 10 12 22 29
AA1WWYIIqB20Y2OGC0uCD1WC2ZHnA6G5X8,10,plain,none,mixed,1 1 1 5 5 8 11 11 24 33
AA1WCWyI4Wog2ijOX1E90JTVeCaIIWf704,10,plain,none,mixed,1 1 6 8 8 11 13 13 15 24
AA1WGXGm5Yp6ug0nA980YOy5Ec69q2WO35,10,distinct,none,distinct,1 2 4 5 8 9 10 16 18 27
AA1W90aJGWo1mCWf8OX6WKSdpK99nwF9X9,10,plain,none,mixed,1 1 5 7 9 9 13 14 20 21
AA1W0W40P871YnahJIWB1UA0e5uSABTIXI,10,plain,none,mixed,1 6 6 7 8 9 10 12 15 26
AA1W40uH4CaHP4WE0G3Q2GA1OVbq9Gi78W,10,plain,none,mixed,1 2 2 5 8 10 11 13 18 30
AA1W9X8vi4jRa4Wa8C92AGB0Z48Xg2oIHW,10,plain,none,mixed,1 1 1 6 9 10 12 20 20 20
AA1W42kS9e48ISGb20WL2eic8ZS2SLaUX6,10,distinct,none,distinct,1 3 5 6 9 10 12 13 16 25
AA1WB1BqAKSy78v48AGA283AaEaLIhZeun,10,plain,none,mixed,1 1 5 9 12 13 13 14 16 16
AA1W2SYaLXCgGZYW43WWGk798ZWG3WWC4G,10,plain,none,mixed,1 1 1 5 7 11 13 13 19 29
AA1W040S6FY3AP2e509a3GEIcC9n71O61H,10,plain,none,mixed,1 2 4 4 5 7 15 17 17 28
AA1W4GG3XER08cAbIWW4Wi399fHzGeYeLC,10,plain,none,mixed,1 1 2 6 8 14 14 18 18 18
AA1W60f38E1WCu9vu000eA1eCHLCAGg9M4,10,plain,none,mixed,1 1 2 4 6 10 11 12 21 32
AA1WD0k5qXXQIlGOX089OK1a450w8a4CWK,10,plain,none,mixed,1 1 2 5 6 12 12 18 20 23
AA1W9PG5HC4GuHola204OY5B9DdqOIegHK,10,plain,none,mixed,1 1 7 7 10 12 13 15 15 19
AA1W518qHHArOnVLCIWE2YDl08HEQJa3Pn,10,plain,none,mixed,1 4 7 9 9 10 13 13 15 19
AA1W0mIB99Gda9XCeL228A6IGH58qM2G0W,10,plain,none,mixed,1 1 4 4 6 9 15 17 21 22
AA1WG2SIAGJ92KbIwX00G5Jo9GiKqclsD1,10,distinct,none,distinct,1 3 4 5 6 11 12 16 20 22
AA1W5WYG91I8GBqeG203GSTocaKE0a8GWq,10,plain,none,mixed,1 1 2 4 7 7 12 15 21 30
AA1Wa1WVo0GwULA94fBm208q792GBQWD9G,10,plain,none,mixed,1 1 1 7 7 12 13 16 19 23
AA1WI1C8Y3Qec4n956040XgAdME1WXq8WM,10,plain,none,mixed,1 1 2 6 7 10 13 15 20 25
AA1W48m2GBqJG4u4A2M2GY3O8Ndcms9cXO,10,plain,none,mixed,1 1 3 5 6 9 14 18 19 24
AA1W40fD9aiA1eGZMS45WH3IM083eTYjE4,10,plain,none,mixed,1 1 3 6 8 8 10 12 16 35
AA1W2Gb8GI8bY2gO8f92WC1JozI2G--Wo8,10,plain,none,mixed,3 5 6 7 7 8 10 13 19 22
AA1Wb3E3pVgW60s68f62KcOKG23044G4v4,10,plain,none,mixed,1 1 4 5 6 6 11 12 20 34
AA1W9XGIQIDYDGA2Xe84WdM8H4EXnIZGfI,10,plain,none,mixed,1 6 6 7 8 9 9 10 12 32
AA1W8t211L4n4MqYfIYGa5Hfs98bSsQ410,10,plain,none,mixed,1 4 5 5 6 11 11 13 14 30
AA1W4a9YeY134B1uKG89C9YKCDRfhJ2SCX,10,plain,none,mixed,2 3 4 6 8 9 9 10 21 28
AA1WGM2eYnGryZ2fco2Y1NQ186fJ9AY61M,10,plain,none,mixed,1 3 5 5 6 7 17 17 19 20
AA1W4W9H59H0C2WKoIG88YU2Go6P7CZaJ2,10,plain,none,mixed,1 3 4 7 7 11 13 14 14 26
AA1WeMXCAGnvV6H2GH442GwSC8Wq1Wba38,10,plain,none,mixed,1 3 3 6 8 11 13 15 16 24
AA1Wu1WLcVmYC4X7V8a2L2HCC9mjImb8uW,10,plain,none,mixed,1 1 4 8 9 12 12 15 17 21
AA1Wa4Z3meQX8B1j8Y1I0G682SmQMX5Wk2,10,plain,none,mixed,1 1 2 3 6 12 14 16 20 25
AA1WY8B148KaiIHG2umf0m3WQ4SgcK9Gm5,10,plain,none,mixed,1 1 4 5 8 10 11 17 20 23
AA1Wex8b3iI1P4GZ2GO178B2e4Gec9HhHC,10,plain,none,mixed,1 3 7 7 10 11 11 11 18 21
AA1WI1f8N2aICWRQZI3C1VaKaIcH1WSGi8,10,plain,none,mixed,1 1 5 6 9 9 11 16 18 24
AA1W1861cOMs6OpnEWI4HQ50X6X4yYZWm0,10,plain,none,mixed,1 1 1 4 8 12 12 16 22 23
AA1W55PF8aKfzVG9MX2H48cvYmfQXLXjX2,10,plain,none,mixed,1 4 6 8 8 9 14 15 16 19
AA1W8WKg54RV4qEQ2mgI0Y168mhrOGv3WW,10,distinct,none,distinct,1 2 5 6 7 11 14 15 17 22
AA1W3GK2uY4abOsGWW42eA10C9WAXLaH1O,10,plain,none,mixed,1 2 2 4 7 9 15 17 17 26
AA1WeH52eg4WKRcgmaY044Xg9Rm2DKbeI2,10,distinct,none,distinct,1 2 3 5 6 8 13 14 21 27
AA1W2TSA0WTEu9GY9nGU5eg0k9aLKKX54O,10,plain,none,mixed,1 3 4 4 5 12 15 17 19 20
AA1W8I32GG25GYUIgYXI2HYmT3Z1OB2X25,10,plain,none,mixed,1 2 3 3 5 6 11 16 26 27
AA1Wa4I4AQLGOcYuYYaX27Q3GtP03mHuD1,10,plain,none,mixed,1 2 3 3 6 7 12 18 23 25
AA1W8YaPhZaP5EPq2WJY4WO6o912GHT0g0,10,plain,none,mixed,1 1 5 5 7 11 12 13 20 25
AA1WH3Gq0V92GK9JEYIG91YcXzqq8Wd8Ge,10,plain,none,mixed,2 2 4 5 7 8 11 17 18 26
AA1Wf093GYv32JpgoGv2CYWeh9YBEXuGC0,10,plain,none,mixed,1 2 5 8 8 9 9 14 18 26
AA1W8IZI47Fqe8ZoZK091wdaAKXHDGMQCn,10,plain,none,mixed,3 3 5 7 7 12 12 16 17 18
AA1WaGoGf230W4Ga28GaWaSYadIOL1kSmb,10,plain,none,mixed,1 4 7 9 12 12 12 13 14 16
AA1WYYHHe929YXKDLmHAjR3003QgGD6gf2,10,plain,none,mixed,3 4 5 5 5 7 7 8 16 40
AA1WL2nDGoH24LIB9CKA9GSmb5F8cSgma1,10,plain,none,mixed,1 4 6 7 7 11 11 13 16 24
AA1W9H182KWxaPHoAXK10u9WG1nii4gY2W,10,plain,none,mixed,1 1 2 2 3 9 11 14 15 42
AA1W50-KSV2JYj8HW804vAII6gIaP4eJ0n,10,distinct,none,distinct,1 3 4 5 8 9 11 16 18 25
AA1WIKUYEGq1Z4SXML42b32GB4i6Gq7I12,10,plain,none,mixed,4 4 4 5 6 7 12 13 17 28
AA1W0WiWQ3AQXeYGP38HZ4VZYlLEPX8J10,10,plain,none,mixed,1 3 6 6 10 12 13 14 16 19
AA1W18AXir1jaOoGe50M0g4Wo9HiZcKZ28,10,plain,none,mixed,2 3 6 7 7 9 12 13 20 21
AA1W10sP-G518sXdv93OggCgwX3afu3ec0,10,plain,none,mixed,3 3 4 5 6 12 12 14 14 27
AA1W2G90bL5ao2HoG8X5HIAOr5LmO0maJ1,10,plain,none,mixed,1 3 3 6 7 11 11 12 21 25
AA1WGHep4fWrgUX04X6838maJSWed4F4n6,10,plain,none,mixed,1 1 5 6 8 11 15 16 18 19
AA1W8cJL0I48o9Q8a0GGS28rAzOIR7OcYC,10,plain,none,mixed,1 1 4 8 9 10 11 17 18 21
AA1W4am6mu64Hz7a0H2o831827aafYA91O,10,plain,none,mixed,1 1 1 3 6 11 13 16 21 27
AA1W1WC1WB1L6Ap9O8X38H2WP30KYn28mW,10,plain,none,mixed,1 1 6 6 9 10 10 11 16 30
AA1W4GHu8u4Gv6Km8X28o0832qLIjLfgXC,10,plain,none,mixed,1 4 4 7 9 11 11 13 14 26
AA1Wf6Wm0Y8ub43aHQ4820uZoXaC1uo89g,10,plain,none,mixed,1 2 3 3 5 6 13 15 23 29
AA1WX3IG04KD9P3E0e5ALQKKmY2GmNairC,10,plain,none,mixed,4 4 5 5 5 5 6 9 23 34
AA1W4GP3A05bcX18bQ19nH68lZXSaC9YLG,10,plain,none,mixed,1 2 2 3 6 8 13 13 18 34
AA1W813EAKYWxa2L2nY8H-31PHYPHBSgs8,10,plain,none,mixed,1 1 1 8 10 11 13 16 18 21
AA1WQ7DAX850m-2mhjaWYA11c8EHOK1WA2,10,plain,none,mixed,3 4 4 5 7 7 7 13 19 31
AA1W1W4SbieU-9f1oGY1H3JII5OmeWm7GG,10,plain,none,mixed,1 1 1 8 8 11 12 13 22 23
AA1WOWGqQqB7k-vFa0G8gIamaQUUqJG8I8,10,plain,none,mixed,1 5 6 7 9 10 14 16 16 16
AA1W1G6UH0I0eP2u8yI999MQ-CYJmS08H1,10,plain,none,mixed,1 2 3 6 7 9 9 13 16 34
AA1WOT188gA1VaDWP4GH4B1DqZKhg5861a,10,plain,none,mixed,3 3 5 5 8 8 11 16 19 22
AA1W032KLuQHbEInFR8IBneoX619DHoZi8,10,plain,none,mixed,2 4 5 7 10 11 11 13 15 22
AA1W0b6B0a8Z5cb84caGK9Z1k8Z89oGY48,10,plain,none,mixed,1 1 1 4 11 12 12 15 16 27
AA1Wb14MuN2Aa4N0IW8YGKPTDIescuiH0u,10,plain,none,mixed,1 1 7 8 9 11 11 12 19 21
AA1W8AOjLOa10G0FFm8mEn7kMyeceb1mY6,10,plain,none,mixed,1 2 6 7 8 9 10 10 18 29
AA1W8H965GJ65at1CE0A0h0hc5AvZC5XAK,10,plain,none,mixed,1 1 3 4 8 11 11 17 20 24
AA1WeZiGXRazYk40u1G44nEI5bD4KbKZbC,10,plain,none,mixed,2 3 4 6 8 8 9 13 20 27
AA1W4WYThuaxcIaW29nMI46295n4Kb8S0I,10,plain,none,mixed,1 1 2 9 10 12 14 15 16 20
AA1W90e6Z8L5W517IWA18HATjBAQOu50G4,10,plain,none,mixed,2 4 6 7 7 8 9 11 16 30
AA1WH48xBA6GWqW67Gg8c8CYaIHX0GCB2O,10,plain,none,mixed,1 3 4 5 5 6 9 11 14 42
AA1W10H53UJ5qgYCn980mH8XnLD5UIYOL1,10,plain,none,mixed,1 3 6 7 7 12 12 15 16 21
AA1W8IL4ea60H61GA280G2mQ4Janc6Go18,10,plain,none,mixed,1 2 4 5 8 8 9 11 23 29
AA1W81aiwoaCKIYLHWpG3eOA1c53e2JMP4,10,plain,none,mixed,1 2 5 6 7 12 12 15 19 21
AA1WCI1UyE1GHRGiWA1ab7HL6GXO4o6hI0,10,plain,none,mixed,1 1 3 5 8 10 13 18 19 22
AA1W59HenIoGS22G3L4KHJCj4eY9pLJm00,10,distinct,none,distinct,1 2 3 5 7 9 13 15 18 27
AA1W5CUDrjFe5Gb050SbJCO0MquM2i0848,10,plain,none,mixed,1 1 3 3 5 8 11 14 25 29
AA1WG11nqgtN63eHaCb1IWv1G6GOIX1HE0,10,plain,none,mixed,1 1 2 2 7 9 12 21 22 23
AA1WJY460mRjHVYIaL200RKAb1MKL0q60e,10,plain,none,mixed,1 2 2 2 11 13 15 16 17 21
AA1WH586X9qBAQGYHWH26Wmxx1h8MPpEf4,10,plain,none,mixed,1 2 5 6 6 11 15 17 18 19
AA1W8fIGmWK4lyDXQ9W0eRSZeIUGn1GX0H,10,plain,none,mixed,3 4 5 6 6 6 7 16 23 24
AA1W025GU5xSfavdiY8eq128a78f4FeYKW,10,plain,none,mixed,3 3 3 4 6 6 13 16 19 27
AA1W8OaZ7XCGA14RY1GIWnAD0Q2KPLAEaI,10,plain,none,mixed,1 5 6 8 9 11 12 12 12 24
AA1W2eE6qk9tIaK6IaCE0N1WaH7J4GMW00,10,plain,none,mixed,1 1 3 6 6 6 12 21 22 22
AA1WI2aGv2uW2EKCecG3WghS4H65mPqOY4,10,plain,none,mixed,1 3 3 6 9 10 11 11 16 30
AA1W9Ga2WbEGJzFXXW14Oe4KOUGgai75vG,10,plain,none,mixed,1 1 2 4 7 11 17 18 19 20
AA1W30O2ctQ1HL1Ki0B4n538a9upNmuB8e,10,plain,none,mixed,1 6 7 8 8 10 12 13 16 19
AA1WQanIQAlamKea8HWGayI6Y0fj3ihn1C,10,plain,none,mixed,1 3 5 9 12 12 12 13 16 17
AA1WP28Fv-y5X4ma1WO10ep0WGGZG8iH1G,10,plain,none,mixed,1 1 1 3 11 11 13 13 21 25
AA1W2SBYII2D8IB16WPf9H7Ob4sO38RVP0,10,plain,none,mixed,2 2 3 4 6 13 15 15 17 23
AA1WIAHD8yu4m104BCQ10XI9oRIe4n08C2,10,plain,none,mixed,1 1 3 3 6 7 12 14 23 30
AA1W2G6bH6Wi2uJIeY413dTY18D7uuqaKI,10,plain,none,mixed,1 2 6 7 7 8 8 9 20 32
AA1W20HvHBRA4mMX3OfH12KWK2QYIIASiG,10,plain,none,mixed,1 3 5 5 9 11 13 15 19 19
AA1W10SOfux6uL0OH0a9XaKOp9t0i9WC2W,10,plain,none,mixed,1 4 4 5 6 9 13 16 19 23
AA1W4Oi4GKWd4iGE0I04e9204P2ebte4CX,10,plain,none,mixed,1 1 2 3 6 7 9 12 29 30
AA1W28iIXH8A7IdICWGWq2wcX4MBXPM9aK,10,plain,none,mixed,1 1 5 5 10 12 12 12 17 25
AA1WGadOAPHK53SWI4WXYJi6Waz8gZCl0a,10,plain,none,mixed,4 4 5 6 7 7 8 13 19 27
AA1WDXIGkFnsYClocX488CGG9YEKOaUP0a,10,plain,none,mixed,2 6 7 8 9 9 10 11 11 27
AA1W5JgSeIMPao2JhZ4DXhY1A4HPRGISWI,10,plain,none,mixed,1 6 7 7 8 10 12 14 17 18
AA1WH420WOfTA9nQeH9KCA1Ga4X2fE568W,10,plain,none,mixed,1 3 3 5 9 10 11 13 18 27
AA1W8GbvHI8n59P4OIa8208MXa5WzX7p24,10,plain,none,mixed,3 3 8 8 8 9 9 9 20 23
AA1WCIL3Xu12q2oS4b2MAmbnFcY2Aa11cC,10,plain,none,mixed,1 1 2 5 7 12 13 16 16 27
AA1W0eC1Kaf9A0fO4aa98O30k9XAdtGZ0a,10,plain,none,mixed,1 2 4 5 8 12 12 14 18 24
AA1W2X78h651hAaYab210EDqpbWW12lg48,10,plain,none,mixed,1 4 4 5 6 6 11 18 20 25
AA1WIQ8UX0h5823H6nK4GAPXRJ5WP0BXGC,10,plain,none,mixed,1 1 1 6 8 10 13 14 17 29
AA1W80SnM85tH99W2WP62874oYoSYAZAP6,10,plain,none,mixed,1 3 4 6 7 12 13 17 17 20
AA1W2O41cKGnYYLsnE64197Gi6LOpOiYOG,10,plain,none,mixed,1 1 5 9 9 10 13 15 15 22
AA1WnA5IGcCdhmkIK8I0SH9HY1RCxWeIu8,10,distinct,none,distinct,1 5 6 7 9 10 12 14 16 20
AA1W85G9PeX2G2n42WOv1uC0c8tSnk4f68,10,plain,none,mixed,1 2 6 6 7 8 12 13 17 28
AA1W1bq6Q2922978942WI7VjWC4WdAvH18,10,plain,none,mixed,1 1 5 7 9 10 11 14 17 25
AA1WnbyKWi3WNG2282O830vPAbIJ8GA2mE,10,distinct,none,distinct,1 2 3 4 8 9 14 17 19 23
AA1W55XGW8DN5WGWAnW97KXYdIoL-ikYgD,10,distinct,none,distinct,1 5 6 8 9 10 11 13 17 20
AA1WGi4MpcGXY4g9Gg646WAWyH189oO4Ce,10,plain,none,mixed,1 1 5 7 9 14 15 15 16 17
AA1W4HApcf936fL8T5GGGhM4Y8A1Z70AWq,10,plain,none,mixed,3 3 4 8 8 9 9 12 18 26
AA1WH1KJy6yqcYqCXQ1K3Xo0W15CHE7mL0,10,plain,none,mixed,3 4 5 5 5 7 7 14 23 27
AA1W8XnKW2XqjT188fGK2OAZOXYDKV8p23,10,plain,none,mixed,1 2 4 4 8 9 10 13 24 25
AA1WMA12F92nvBGZSH44f5KpLv1a20X7WY,10,plain,none,mixed,1 4 4 6 6 7 11 16 21 24
AA1W8Q98C2zRjRydN1Y2H4yQcHA6cSfAGW,10,plain,none,mixed,3 5 6 6 9 10 10 11 12 28
AA1WK6Wq1HgIX1f2GGSC4mDOTBfC89DFX0,10,plain,none,mixed,1 2 4 4 5 10 12 18 19 25
AA1W4cKcz5fGiWt69Wa752OYJfOB6H8MGI,10,plain,none,mixed,1 3 4 8 10 11 11 12 20 20
AA1W290v0C0W8f2OP5G8YD9MEno9E0W44W,10,plain,none,mixed,1 1 3 5 5 9 10 18 24 24
AA1WWWbiq7YRAAfRAWeG6Gn5P30p5u4PKO,10,plain,none,mixed,2 4 5 6 6 8 11 15 18 25
AA1W2880i5tloUOa5HC90W0WH4qIK0N364,10,plain,none,mixed,1 3 3 5 6 9 13 14 17 29
AA1W5YN6Yo5GpBvS50m8H2qMe4Kv0L8Kam,10,plain,none,mixed,4 4 5 7 7 12 15 15 15 16
AA1WA8e6aWKJa9XC1WQ4HY9LG979u4Ha0W,10,distinct,none,distinct,1 2 4 5 6 10 12 16 18 26
AA1WY4HlWyCvQw4WhQ21198goImXJGA4EI,10,plain,none,mixed,1 1 3 5 10 10 10 15 21 24
AA1W8a3GKb8R3eYqP2O77Kf1d0O40rgeIA,10,plain,none,mixed,4 6 6 7 7 7 8 10 10 35
AA1WAQPYIBM6mj2uG146ZWXu34fBrEe92e,10,plain,none,mixed,2 2 4 5 7 8 9 12 20 31
AA1W8WmIYo4GXGA24ae4eaPNA460m92AXO,10,plain,none,mixed,1 1 4 9 9 10 11 11 12 32
AA1W4ZIHCcLKn38L4Xa51me31nGOScWA32,10,plain,none,mixed,1 1 3 7 9 9 11 17 17 25
AA1W18490O0S9Fvdr38II9HH990asIuKMG,10,distinct,none,distinct,1 3 5 6 8 9 13 16 17 22
AA1W68j9gQagoh3Gj4G89-131DKNd18E4G,10,plain,none,mixed,1 1 5 8 9 10 11 11 20 24
AA1WE4mkmKHRb6icd938c1r9n5G56pGKw0,10,plain,none,mixed,1 1 5 5 5 5 14 15 24 25
AA1W5VeuHJHPO80CY4WYHIaJMAukKYYYH2,10,plain,none,mixed,1 2 7 7 9 11 12 12 19 20
AA1W6MJZ4O924Z3R520X2adSD1ufJY4Gq4,10,plain,none,mixed,1 3 4 5 8 11 13 15 20 20
AA1WIAaJAKcJA6XCZ4K4WM5mqn2-CV8y2W,10,plain,none,mixed,3 3 4 5 10 12 12 12 17 22
AA1WGXhGuuZGW82KXaG6WcyJkcr7IjG45W,10,plain,none,mixed,1 2 3 4 9 9 11 14 19 28
AA1WC0S4k48GA70Wq1G492CDHpAKZ0u138,10,plain,none,mixed,1 1 2 2 4 13 14 19 22 22
AA1W8K3WM1kGA0uIZ4Y8LGc0G68K1u7T44,10,plain,none,mixed,1 2 3 3 5 8 9 9 27 33
AA1W81hC99mBGa4X5OO4GO70ejDnIIIYB4,10,plain,none,mixed,1 1 1 5 8 13 15 15 20 21
AA1WI2tDAg2Wef0TIKG1m3S0icY4MMaew1,10,plain,none,mixed,1 1 3 6 8 8 11 12 18 32
AA1WHWC0x6Yg-7oXQKHXiy88Y6G4I14Mv0,10,plain,none,mixed,1 2 2 5 8 10 12 14 16 30
AA1WA6m1nXy8I8j9g1GIaXoB8h328Y8B0g,10,plain,none,mixed,2 3 4 4 5 13 14 15 15 25
AA1W0YEXsL8g-aKnbE6Y6uA9XEXAZ88wk0,10,plain,none,mixed,1 2 6 8 10 10 12 13 17 21
AA1W924GD7OYeMbBg2m494ieH0WEZ34SH4,10,plain,none,mixed,1 2 6 8 8 10 11 13 15 26
AA1W92N4uReA1H41JY8M2cc0WS4ZjekXn2,10,plain,none,mixed,1 1 5 6 7 8 10 11 15 36
AA1W2cN-Sd-UIkjsE10GK8C2OC8e53YXWK,10,plain,none,mixed,1 6 7 8 9 9 10 11 18 21
AA1W59M7MGr0V5Ar4GW8WK8N2FbYnmGfPH,10,plain,none,mixed,3 5 5 5 7 10 13 17 17 18
AA1Wa7WK1GW2YHqC10OGKqU4mD090GC30O,10,plain,none,mixed,1 1 2 2 4 5 12 13 22 38
AA1W410c0WK0XLui1WACYaJ6OOG218510K,10,plain,none,mixed,1 2 2 3 8 8 9 9 18 40
AA1W4GIEIHfLmU5GY604WiCA7gOm20Gi4W,10,plain,none,mixed,2 3 4 4 5 9 12 15 16 30
AA1WYCGqJCTYAAOY31029HHBL4wfOJI0qA,10,plain,none,mixed,1 3 3 7 11 12 12 14 17 20
AA1WOY4L1IFfmBXbgWe0m5ugCCOKT9G60c,10,plain,none,mixed,1 1 5 6 8 12 12 17 18 20
AA1WWX8WYYIh9E1YGH4H78oOIF1a_WDDXS,10,plain,none,mixed,1 3 4 7 7 12 12 15 19 20
AA1WBWbqaGDL18X2b0eH2pETJ65GCKkZ2G,10,plain,none,mixed,1 3 4 6 9 13 14 14 15 21
AA1WA0mEqUYIXAsRVG8OYIHjA29D5A57Ga,10,plain,none,mixed,2 6 6 7 8 8 10 17 17 19
AA1WL1G9gK9HIY4W8D228QlKY4dm42WH9A,10,plain,none,mixed,1 2 3 9 10 10 12 13 13 27
AA1WCX4mMuF0CYWf6kmH0bKaK80UAJ58f4,10,plain,none,mixed,1 1 8 8 8 9 12 14 18 21
AA1W40vdCOO9RAvKBIYG8X60nk0fYKQWXW,10,plain,none,mixed,1 2 2 7 11 11 14 15 18 19
AA1W40E4XKyddGDSeAX4WB4nDyc2GaAoM4,10,plain,none,mixed,2 4 4 4 6 7 13 14 19 27
AA1W1WL30Y4KXGKQYK82WC1WC8c3OX47EX,10,plain,none,mixed,1 3 3 3 9 9 11 13 21 27
AA1WOXK4Ya9OXXoA594b4a8JpHC9d8L5O2,10,plain,none,mixed,2 4 4 6 6 10 10 18 20 20
AA1W921WI2w-na64naaC3Ca8H1ebaqGq28,10,plain,none,mixed,4 4 5 5 6 6 6 15 22 27
AA1W2WK99Ur76mm6Zk04075JISGXQGn8x4,10,plain,none,mixed,1 1 5 5 8 10 11 16 19 24
AA1W20S3ZZS0hTQ5Gq589131KE1maXa6PW,10,plain,none,mixed,1 1 2 6 7 14 15 16 17 21
AA1W2UWGI3uX54HHJWWbYSbyHpgQJAYbnG,10,plain,none,mixed,1 5 6 6 9 13 13 14 15 18
AA1W8f0G7Wf2PSayX07694MX85Gq3SGY88,10,plain,none,mixed,1 1 2 6 8 9 9 15 17 32
AA1WaL2Pt9NBMRLgC814B7GSn4mIH1GOIG,10,plain,none,mixed,4 4 5 5 7 8 11 17 19 20
AA1WO31QLCPuWQnH2O5AXq322JHL2f9Mq0,10,plain,none,mixed,1 3 3 6 6 8 16 18 18 21
AA1WK10C1G4KXKeN1f22WCW7X8ed4Wj7GX,10,plain,none,mixed,1 2 3 3 5 6 8 14 24 34
AA1WGQWe5E50Vx9K5ZX92a5AYYCJgafg94,10,plain,none,mixed,1 1 5 10 10 12 12 12 17 20
AA1W91D6o7f14Oj30403Ok8JWK3WE4aqHA,10,plain,none,mixed,1 2 3 4 6 11 11 13 14 35
AA1WKMXn6m4v1PPyyWGWWd91HKZZDfOiZG,10,distinct,none,distinct,1 3 5 7 9 13 14 15 16 17
AA1W2ZHhqb8OmG70a484YYbXw99HI4my2G,10,plain,none,mixed,3 4 4 6 9 10 10 10 13 31
AA1WI0fX1gTbZYBYeAXC2_nd39b020m9tG,10,plain,none,mixed,1 5 6 6 7 8 9 15 16 27
AA1W0W5CXeXf1IoJeY48fsFQ8D1cAme4MC,10,plain,none,mixed,1 2 3 4 9 11 15 15 20 20
AA1W2W824WMFA3KTAAe9Wo1OPD6HWG42Wn,10,plain,none,mixed,1 2 2 4 6 6 14 16 22 27
AA1W51a74eBHXYagX8088i5c4NnYoeT5uq,10,plain,none,mixed,1 3 4 5 6 10 12 17 21 21
AA1W50jNqXa3C9128YKJ3O08GA3HAiEv0e,10,plain,none,mixed,1 2 2 4 5 10 13 17 18 28
AA1WJ4PYWl1f2YGa2aO0j891O7nmIAqQ4W,10,plain,none,mixed,1 3 6 6 7 13 14 15 17 18
AA1WYKA4eT29IyQ8K680g8GYGR_N62GGWu,10,plain,none,mixed,1 1 6 6 9 9 12 13 21 22
AA1WH19XeK8MEWgJo5G0JMx9eD1CAZaTKW,10,plain,none,mixed,2 2 3 5 8 12 15 16 18 19
AA1WIKB0W2481Y8nA9HIqU3mS5qWK1WK4W,10,plain,none,mixed,1 3 3 4 6 6 8 11 27 31
AA1WGX48mdZuaF0WK20708XP770K52GI30,10,distinct,none,distinct,1 2 3 4 5 6 11 17 21 30
AA1WY749WN2AOB3K50W1IAZnKArGmuX89H,10,plain,none,mixed,1 2 5 5 10 12 12 12 18 23
AA1W84H0H23bUdCA1O9QLGg4eaY4K2eJiI,10,plain,none,mixed,2 3 4 6 9 11 11 12 20 22
AA1W4GE14GYEP90qEAH8OB2GTZDKHaAHIW,10,plain,none,mixed,2 4 5 6 6 10 11 14 17 25
AA1WGgivWC0ciQZA8I0HHI8g8Y4SCm60C1,10,plain,none,mixed,1 1 2 5 5 6 10 20 24 26
AA1WGKAYOJfc4D04mX4a9AhDaj6e3WX8AX,10,distinct,none,distinct,2 3 4 5 9 10 11 15 17 24
AA1W1JGM1YXDOnoEIe0IAbj2mA5BC9eaKJ,10,plain,none,mixed,1 2 4 6 6 11 13 15 15 27
AA1W6re4Y9H5e0e60XeH4Gg3934OTCY4X8,10,plain,none,mixed,1 1 2 6 10 11 12 14 15 28
AA1W35ZG1mXq9vYgGK2Cd9f2aeGYd4KM4e,10,plain,none,mixed,1 3 3 5 6 9 12 19 19 23
AA1W8Ga_Gy10A2j18L08g28M44Y877KXy9,10,plain,none,mixed,1 2 4 4 6 9 13 14 20 27
AA1WK5Leq5Wgv48W40H95OA4GXAPIC1u8a,10,plain,none,mixed,1 3 4 4 4 6 12 19 19 28
AA1WO9qZ28a5X6BezuY1JnoY9b1aGC2W8M,10,plain,none,mixed,1 2 3 7 10 10 10 11 13 33
AA1W0oUcP0I1GWecF4Bi6jJhsEiEHW28g8,10,plain,none,mixed,1 3 5 7 8 9 12 14 14 27
AA1W4HsiqbyPLWw4XKHe6Ur18J41WHw8eW,10,plain,none,mixed,4 6 6 6 7 7 9 10 11 34
AA1W1W40A4IYdkSAb4O8X81043OcaJAQ0K,10,plain,none,mixed,1 2 3 3 7 10 12 14 15 33
AA1W0X65KeIKiIWY4AehCXZYS60yGiLCPY,10,plain,none,mixed,1 2 5 7 10 13 13 15 16 18
AA1WG1CbKe_1aX4AI8HJ0IaA9QBYZI28X6,10,plain,none,mixed,2 2 3 3 9 10 14 16 20 21
AA1WisaiAm23-VaSvgX096-0dAGG0EIHH8,10,plain,none,mixed,1 3 5 6 6 9 11 13 19 27
AA1WKEXBfe30aRQGGGiGK2H8b_iJpr7f04,10,plain,none,mixed,2 3 5 6 7 11 11 15 18 22
AA1W10kHGe35aBOZqx4IAAP3Lb4KZ6A898,10,plain,none,mixed,1 3 7 8 9 10 12 16 17 17
AA1W08Gk307ahev2GL2I944weA4mb4KY44,10,plain,none,mixed,1 1 1 4 8 9 12 18 22 24
AA1WHKoYGG0WJcH2GH49a8XSCGaq6W5AXC,10,distinct,none,distinct,1 3 4 5 6 7 11 15 23 25
AA1WHSHIBc6nEAomgGK8N14vK4ruC05eG2,10,plain,none,mixed,1 1 5 5 6 10 14 15 17 26
AA1W85CbWWUb4CAZ3OM9KIaYe2GYi881e8,10,plain,none,mixed,2 2 3 5 5 8 12 13 19 31
AA1W1G40W5zCfo2WI4028b38f2uOd0OZ58,10,plain,none,mixed,1 2 3 3 6 6 10 13 25 31
AA1WWX49cdQKevX2a29a5NbHK7uFRGs80X,10,plain,none,mixed,1 1 1 8 11 11 12 13 21 21
AA1WJGuBIY9BwWZanWW0GDkNCEOhjDeI2W,10,plain,none,mixed,2 6 7 7 8 9 10 13 18 20
AA1W406IGa5P2eB9AH0HYC9HKadd-9HbKK,10,plain,none,mixed,1 3 4 8 10 10 13 15 17 19
AA1Wq0k6GY8MuHg080X1KI1Gv92GYYOf55,10,plain,none,mixed,1 1 4 5 7 10 10 14 21 27
AA1WCG10WHLwhIbS3nG4WY0q55faBBYv89,10,plain,none,mixed,1 2 7 8 8 8 9 11 11 35
AA1W4eZB4O-C1s8meY88mf2hcB264yaKYW,10,plain,none,mixed,2 3 3 4 7 10 15 17 17 22
AA1WH68GecKXtWGamT416EFfa1GIIGlAAA,10,distinct,none,distinct,1 3 4 7 8 11 14 15 17 20
AA1W2Hbgb5Kb0Y93P288YqGyuH54epMwGu,10,plain,none,mixed,1 5 5 5 7 7 10 14 22 24
AA1W4Gb8jA317ZC8k705108BwF9675eA54,10,plain,none,mixed,1 2 4 6 9 9 12 13 21 23
AA1WKHKbKF1RwXGA1OW6ZOw18oA967G292,10,plain,none,mixed,3 3 7 7 9 9 9 15 15 23
AA1WeJ8K1WCvyAOIAWmOt60p1H2GX4Z38j,10,distinct,none,distinct,1 2 3 6 7 8 13 17 19 24
AA1W51A4Y2Kvo1A4Saa4eaAFA60eqbmJ2a,10,plain,none,mixed,1 1 4 6 8 8 13 17 18 24
AA1WDIGhkx4QIPxDfOaG8Yx0Hg0emjE2A8,10,plain,none,mixed,1 2 8 8 9 9 12 15 15 21
AA1W0G5W6bD4m530b8GGOwBXk0uU4FXyAY,10,plain,none,mixed,1 2 2 3 4 8 9 14 23 34
AA1WQ2Wa1592IUBe60fA2GYHOYW76XK9Wf,10,plain,none,mixed,1 1 5 5 6 8 13 13 16 32
AA1WayyBXG-B4ebALGC32YH8dIaaC8rc0W,10,plain,none,mixed,1 1 6 9 11 11 14 15 15 17
AA1W2PoGc0mVsH1854e8eCIaAI0813GD5O,10,plain,none,mixed,1 1 3 5 6 10 13 14 17 30
AA1W022Img608XWy4P4hbG20HAZoH33aCY,10,plain,none,mixed,1 1 3 4 4 6 11 20 23 27
AA1WJKGY7OAMZO2W60qH4m8GU2H1aCW308,10,plain,none,mixed,1 2 2 2 3 12 13 16 20 29
AA1W4X4IY1286T4mbY1P3DCdeSOL3LPgCW,10,plain,none,mixed,1 2 3 6 7 10 15 18 18 20
AA1W1GYIbyDfeWS20I2KR9908u4WB2O2We,10,plain,none,mixed,2 2 3 6 7 9 10 12 16 33
AA1W7Gm63rHaBX4mz1418H8GX0fdeCG11m,10,plain,none,mixed,1 2 3 3 4 4 18 19 22 24
AA1W0e414APAuLP4W2G8GZ4mK10HPfB4yR,10,plain,none,mixed,1 3 5 5 6 10 10 12 19 29
AA1WHYeIYM8KYE8OIuH289bKMJGmsnLDnW,10,plain,none,mixed,1 2 8 10 10 12 12 14 15 16
AA1WKXZXHQAnOb64aw00R8vx7P306aHIKH,10,distinct,none,distinct,1 3 4 5 7 12 13 15 17 23
AA1W2Q0G4OFE9m0YAHGI3acaccH158fbWK,10,plain,none,mixed,1 1 4 6 7 8 9 12 23 29
AA1W8GYBbI68G60GA4G4H38UY3p0830C1G,10,plain,none,mixed,1 1 3 4 6 7 11 15 20 32
AA1W4gY9IHCDfXa2qLHe5HMPAUBG0aC9CG,10,plain,none,mixed,1 2 4 8 9 9 10 10 22 25
AA1WIfceb05wdOCJb4KM0KWYeYOM4hCiH8,10,plain,none,mixed,2 3 4 4 6 7 12 16 22 24
AA1W0eY5eop6Is9H5wW4G66OrpNAdBwm99,10,plain,none,mixed,2 3 4 6 9 9 11 14 20 22
AA1WZXnUCI2O9IoMGIY05Wr9fb0waGeB4W,10,plain,none,mixed,1 2 5 6 7 10 10 15 18 26
AA1W18GS1cF2EH6GA0WPZAIGHKCK51G54e,10,plain,none,mixed,1 2 3 8 8 9 14 14 20 21
AA1W30huP8kUua5fOZ182cFYAaKAUZtWvm,10,plain,none,mixed,1 1 4 7 8 11 12 13 17 26
AA1W0ZzUIGX080A9XB1IYda1XaCXHYCPb8,10,plain,none,mixed,3 4 5 5 5 7 12 12 17 30
AA1WZ4AXAH4a68wNE8G6Xi1m16LLYiZM8P,10,plain,none,mixed,1 3 4 5 5 10 11 12 14 35
AA1WA4O51GnmM8XB8eeS5Gi1BPLo0ec1WB,10,plain,none,mixed,1 3 4 4 6 7 8 10 25 32
AA1W28Q201GIQaIaR8458j0m51TIPBFiy4,10,plain,none,mixed,1 4 4 5 6 7 9 11 15 38
AA1W1G164eGc3qPT1GI8Wq50kGJ5qMMmIG,10,plain,none,mixed,2 2 3 5 5 7 16 17 21 22
AA1W29M4I5yiTOW850K50eAdeZQQIj0848,10,plain,none,mixed,1 1 2 4 7 13 14 16 20 22
AA1WL1aEAeCDANWVj5O2G8iWUBQGyZgUW2,10,distinct,none,distinct,2 3 6 7 8 10 13 14 17 20
AA1We1n28A8A2JYQIGa24GYAXa9e9HFEaa,10,distinct,none,distinct,2 3 4 6 7 8 12 16 19 23
AA1W30LXYnX02ZR184WJ9a4Gb8de6bqj2A,10,plain,none,mixed,1 1 2 4 9 12 12 17 21 21
AA1W1228JlyKU7j6Y30baHO0NBP4c52fae,10,plain,none,mixed,2 4 4 5 5 8 13 17 20 22
AA1W8I3HFi8qnIHQeH4AGfffO60YGZLl8X,10,plain,none,mixed,3 4 8 8 8 8 9 17 17 18
AA1WWnBGQPWQzBl0e200iqnQ8I3ak1qWWC,10,plain,none,mixed,1 1 2 5 7 9 10 15 23 27
AA1WHa8KWp6H38OG4YIAFHI242v2uH1AWe,10,plain,none,mixed,1 2 2 4 5 6 11 14 18 37
AA1W0b43w4mMmo1eE1Kq44fZ9QYNA9mG10,10,plain,none,mixed,1 2 5 6 8 12 12 12 14 28
AA1W29HC3WnXNBEAfWK4WHAyamYTKAAIW8,10,plain,none,mixed,1 2 4 8 9 10 10 14 14 28
AA1W20I99D4f5bLqDYA0uD1YnH6Eb55P2W,10,plain,none,mixed,1 2 2 7 7 12 13 14 18 24
AA1W8ZK3H6WI3WgMKAX10yqr6eY28IeAn2,10,plain,none,mixed,1 2 4 7 8 8 9 17 18 26
AA1W24mLAu12lGOXGa8gZL6GofYi1eM1JG,10,plain,none,mixed,1 3 4 4 10 11 12 16 16 23
AA1W94Y1mABW9bWq210oWO34fLQUeMyJY4,10,plain,none,mixed,1 3 6 8 9 10 11 15 15 22
AA1WoE9b280W4Df4J2O43W8HCGc65G8124,10,plain,none,mixed,1 2 2 2 5 10 11 13 22 32
AA1W50mP1K9ZaSdKCXZGY2Q282tm80X48W,10,plain,none,mixed,1 1 5 8 10 12 13 16 16 18
AA1WLa2H081KZKGi4WAAdC108YSJKcZ2mE,10,plain,none,mixed,2 3 3 5 5 6 15 16 16 29
AA1W1GKXKLe6Wts2X22H0Z60m4d88_h4HY,10,plain,none,mixed,1 4 5 5 6 6 9 20 21 23
AA1W50Nq2jM0f38H9nM820A1IzJHqp4eom,10,plain,none,mixed,3 4 4 6 7 9 12 15 15 25
AA1WI0I1O49KyFDXWi60WSZaYcIc9HmoDO,10,plain,none,mixed,3 3 3 5 6 10 10 14 16 30
AA1W0uGA1qEX2820j2GGA2GuXAN3u2Gp2O,10,plain,none,mixed,1 2 2 4 5 7 11 15 18 35
AA1W58apJPQWaxoe0K48g82HER0arI794e,10,plain,none,mixed,1 1 6 7 9 12 12 14 17 21
AA1WK5H811eAXIW54898dqScKHyBXKCXZ1,10,plain,none,mixed,1 4 6 7 8 8 9 10 19 28
AA1WGaX2148I6Ge2-AGGq5Yr5On48ambof,10,plain,none,mixed,3 3 4 4 4 5 18 18 19 22
AA1Wf16u2qQadatG892g22AWcAGKYZ4gDA,10,distinct,none,distinct,1 3 5 7 8 9 10 15 19 23
AA1WY1B362uM2k9Sxa4456dg8Gb99X8r0a,10,plain,none,mixed,1 1 5 5 8 9 14 14 15 28
AA1W9GPF72IL1oA80W26HM96ul1K2GHe3K,10,plain,none,mixed,2 3 3 4 5 7 13 18 22 23
AA1W2W8Bv4ObqK9aoXI58o3g2I5QpHDHX0,10,plain,none,mixed,2 2 3 4 5 9 15 19 19 22
AA1W5WWIJA0Y3XDJDuKIIS4X1OH7bGvIY1,10,plain,none,mixed,1 3 4 5 8 11 12 12 16 28
AA1WKiWY1MB0NL2m9q8H598OGJGM75Bc0e,10,distinct,none,distinct,1 2 3 5 7 8 13 17 20 24
AA1WaCKeK9H0eI093um40W3ZSwfU4EYiCa,10,plain,none,mixed,1 1 4 5 6 9 15 18 18 23
AA1W0kutLvZBfOWwB8CGaKAWlY8ap2LAS8,10,plain,none,mixed,1 2 7 8 11 12 12 15 16 16
AA1WG0X2H8TmoiYeq504mfZbbP2GQpgGM2,10,plain,none,mixed,1 2 5 6 9 9 13 15 18 22
AA1WWWdTQGmOZ78AJc424XsLo5n9HKACaG,10,plain,none,mixed,1 1 5 7 9 10 11 15 20 21
AA1W28AYCf6JD8X2eL8I0o5Gm87m18LsKA,10,plain,none,mixed,1 4 6 7 7 7 10 17 18 23
AA1W1GDE2SedYaI9oa44GLDII8odOCI1s8,10,plain,none,mixed,1 2 3 6 9 9 9 18 21 22
AA1WGgAHY0O3C4Wt70e1WC4WC1e8gM4mI4,10,plain,none,mixed,2 2 3 3 6 9 10 12 12 41
AA1WH49a4GYuS0YMIaC2c5GY48WfM2cI6W,10,plain,none,mixed,1 1 3 5 6 7 11 16 21 29
AA1Wa14w0mY0ceLnEWICMOh1PccHo8R1m8,10,distinct,none,distinct,1 3 6 7 8 9 10 14 16 26
AA1WWI38QT7OmY0IYAA3qHU1m90H81W2z4,10,plain,none,mixed,1 2 3 5 5 7 12 20 21 24
AA1WJH2IKOt2WWH5V48GRUagYJCQ9HEGI4,10,plain,none,mixed,1 1 4 9 9 11 14 15 16 20
AA1W60m548oPXHOd9GG49HDfsd2v2mK58J,10,plain,none,mixed,1 3 4 8 8 9 13 16 16 22
AA1W28TaLGA0m3u-8YGG8X49IPY3XA2P54,10,distinct,none,distinct,1 2 3 5 7 10 11 15 21 25
AA1WL2IAILwWO20I14828WQ0Wa4EYb48HY,10,plain,none,mixed,1 1 2 8 10 11 11 11 16 29
AA1W60N6Z894IIaOWWK4WzEf5mfI8q8I4G,10,plain,none,mixed,1 1 6 7 10 12 14 15 15 19
AA1WY1eM2Gg0m50ZAa464H-D3AEA0m60G6,10,plain,none,mixed,1 1 3 6 7 8 9 10 21 34
AA1WmIGGjgROuCKrA1WWHa2XE6k8v5E2Ja,10,plain,none,mixed,1 1 1 4 9 12 13 19 19 21
AA1W4H68yQ5Y023mX0u8HZFix5X3A4W830,10,plain,none,mixed,1 1 5 5 5 8 10 15 16 34
AA1WI0SDHXad92BA0W8baq5IKOXCYQYSYm,10,plain,none,mixed,2 2 3 6 11 11 12 14 18 21
AA1WGhJ2XJJ16408x484GXILvkfcA78M1G,10,plain,none,mixed,2 2 3 6 7 9 11 17 18 25
AA1W4X5BWo7reY3O2Ko0mJ2lBGHSKHI870,10,plain,none,mixed,1 3 6 7 8 8 8 16 21 22
AA1WIXDGBXbfVI0WdaY4GGtXS1qHLKHX20,10,plain,none,mixed,2 2 3 3 4 6 13 16 23 28
AA1WWY58nCAJIbLKwH9Wa9IGi50j81cGC0,10,plain,none,mixed,1 4 6 6 7 9 14 17 18 18
AA1W2WB2f3Gp44hbSIa1086fiC7WC6Je0g,10,plain,none,mixed,2 2 4 6 6 9 11 15 22 23
AA1WGYFpuXiKXB4ibMGH1b4WO9g1fXAdC1,10,plain,none,mixed,1 2 5 5 8 11 11 15 20 22
AA1WWaCH2Wu6IgL6dSa22W91sAnHoOK082,10,plain,none,mixed,1 4 5 7 7 8 11 12 15 30
AA1W8I9CZOhihA30a4G18YuXUOgOf6uq48,10,plain,none,mixed,1 2 8 8 8 10 12 12 13 26
AA1WZ9O4WoEwNbIOIHA14CYAWJX1PHY1aa,10,distinct,none,distinct,1 4 6 7 8 12 14 15 16 17
AA1WSIaKZ30HYEGc3mI8X4aXG1m60j280W,10,plain,none,mixed,1 1 4 5 6 6 9 13 16 39
AA1WKkKiXIBq4mX810O0bSQW2uGJ4ZGG60,10,plain,none,mixed,1 1 1 3 5 12 13 14 25 25
AA1W4Gvfr7218n2GWWi527H9vV5-4Q0q1W,10,plain,none,mixed,1 1 3 6 8 13 13 14 15 26
AA1W4W827ZzrCWYuMc188K8WChES5qHiD0,10,plain,none,mixed,1 1 2 3 9 12 14 17 19 22
AA1W0aASecL9H4o66KGYAGEok78oqH8zC1,10,plain,none,mixed,1 2 4 7 10 10 13 17 17 19
AA1W8AWIaOLGHAKWw1GF1TbqWImq8Y4Nca,10,plain,none,mixed,1 1 5 7 9 13 15 16 16 17
AA1W0GOQIZd0oAPBP1m28XGH8ACbsMo512,10,plain,none,mixed,1 4 9 9 9 9 10 11 18 20
AA1W0G2MaifaaPKSa0HGJD89zPx8IIS20H,10,plain,none,mixed,1 1 4 6 8 11 13 16 18 22
AA1W0X1c8jM2FFYj2IGaFXxnIH1sAKqbvH,10,plain,none,mixed,2 3 5 8 8 10 10 12 20 22
AA1W4eD2SHlGQU1MuG298Q2eeYdg9JC528,10,plain,none,mixed,2 2 6 7 7 10 13 13 18 22
AA1W3WJ3Gc2Gdb5Gq0W1G10G6EMKB4mH4G,10,plain,none,mixed,1 2 4 7 7 7 7 8 23 34
AA1W58P5mMTA-OA0W6040Z2Wev1mP0mL0K,10,plain,none,mixed,1 1 4 5 7 8 9 10 22 33
AA1W2a92aKEHsP2NH48S41XqYXMU2cgmY2,10,plain,none,mixed,1 1 4 6 8 9 11 13 18 29
AA1W46QOi6Go8gYwaH8HDc9I7mKEpEL820,10,plain,none,mixed,1 2 4 6 9 11 12 12 20 23
AA1W5X9LTgYqQYI940GI348MY48C6qcmn2,10,plain,none,mixed,3 4 5 6 8 10 10 12 13 29
AA1WA969YCFAXAAnJHG108Fe55SImAXaK4,10,plain,none,mixed,1 2 5 5 9 10 11 16 20 21
AA1WKKZ618C2NKnhbXiGa72vG73WGYIIKC,10,plain,none,mixed,3 3 4 6 7 7 10 13 19 28
AA1WY2EGCag2ueX5KJ2e4S8nx14mL56OY6,10,plain,none,mixed,1 1 3 6 8 12 13 16 18 22
AA1W8Wd59F7uS21E24G0O20LccqanJ4YGI,10,plain,none,mixed,1 1 4 8 8 9 9 14 15 31
AA1W0WLM1IUd4BYC2M4A19KpcAq9WUYuB1,10,distinct,none,distinct,1 2 3 4 8 11 15 16 19 21
AA1W2YHOK8jM4GTaHK0H3FYNawHIEDlx1K,10,plain,none,mixed,5 6 6 6 6 7 11 14 19 20
AA1W8YU1C5WMYfJGY4WS2EoIOHCCP4eGWa,10,plain,none,mixed,1 5 5 7 7 8 12 12 18 25
AA1W3G934q710Haef288eX5es86GF0KYYK,10,plain,none,mixed,1 2 2 3 4 13 15 16 19 25
AA1W8XBag-9tGCAH4eXJHA6Ym7v1oA2gGO,10,plain,none,mixed,1 4 6 7 7 11 11 13 14 26
AA1W50j60k4aiOC1iW428E0mBG91NDAbMW,10,plain,none,mixed,1 1 1 5 5 9 14 15 24 25
AA1W9J69I8X2vyKo892HIqf062GCmY49PG,10,plain,none,mixed,2 3 5 6 8 10 10 14 19 23
AA1W28L8a21qPUp9YqG61A8o8GcIrnL1IK,10,plain,none,mixed,1 2 2 7 7 10 14 15 18 24
AA1W49Dj56cuZT4GGaqI0d57a48MhIeS18,10,plain,none,mixed,1 1 3 4 8 11 14 17 18 23
AA1W418s0KGmgMPNMX48Y4FV-bE929KCHe,10,plain,none,mixed,4 4 6 6 9 9 10 10 18 24
AA1WG9XCYVY8E3roeIG2WXeE48HPCgnO8H,10,plain,none,mixed,1 1 4 5 8 11 15 15 16 24
AA1W88i182Lf-aI8I4GKYfJcCb4o9dquWq,10,distinct,none,distinct,1 3 6 7 8 10 13 14 17 21
AA1W9982XqLX4OsOpum2WH53KOeaIe61CA,10,plain,none,mixed,1 1 8 9 10 11 11 13 16 20
AA1W0ZYi9X38ebDvluYf61W8aZCiaCYK8O,10,plain,none,mixed,3 3 4 5 7 8 9 10 15 36
AA1W30I69dCO2P1IYYG9nD90IGH5fCgOYK,10,plain,none,mixed,2 3 3 6 9 10 11 13 16 27
AA1W9HCJcRaAI3RKQc888mHW97A4DieAWC,10,plain,none,mixed,1 1 4 9 10 12 12 15 18 18
AA1W5ZKcZokcy4WiAWma7e2734CB2fe108,10,distinct,none,distinct,1 3 5 6 10 11 12 14 17 21
AA1WoE1b6BpOO2Gw9M900HSBY4acv78o90,10,plain,none,mixed,1 1 4 7 8 8 12 16 17 26
AA1WIASav76dR7eL4WmI18Q3e2obd8eI4Y,10,plain,none,mixed,1 4 7 7 10 12 12 13 15 19
AA1W4YHYXOx4_sXEA8H0hbhCCY1E96MnGG,10,plain,none,mixed,1 3 8 9 9 11 12 14 16 17
AA1WC8Q0XiADUoMXACHYC2XH1ix8c68YWm,10,plain,none,mixed,1 1 3 6 7 10 12 17 17 26
AA1W1G44mnQ8224G62mMIqGgr2nOh6OO2G,10,plain,none,mixed,2 2 2 2 4 5 10 19 23 31
AA1W0mJ912oiL0GoJ0Y58H4IYKkAvRh468,10,distinct,none,distinct,1 2 4 5 8 11 12 14 19 24
AA1WGD0e3G52LZ9HKZ0Y1ScnrAme2WF1yH,10,plain,none,mixed,1 5 6 7 7 8 9 10 15 32
AA1WJ6KHX860o5d55EaWI58Gc12eeu928K,10,distinct,none,distinct,1 3 4 5 8 10 11 15 20 23
AA1W272dHCOb4hLS2XI8LGS6ZiQeCHDW40,10,plain,none,mixed,1 2 7 8 8 8 13 15 15 23
AA1WAWijXhb0G4uy7ukA2WK4W3CK8184n9,10,plain,none,mixed,3 4 4 6 8 10 10 10 21 24
AA1W99IHaaeX4PBE6Jn2H2HCYe72HI4We8,10,plain,none,mixed,1 3 6 6 8 9 10 18 19 20
AA1W9A9_KvcL8c54ao4I11m9VG2S6WpS00,10,plain,none,mixed,1 3 5 6 6 8 11 17 19 24
AA1W4L9oal6VAXmN108acGf3Gq7s0YguGK,10,plain,none,mixed,2 3 7 7 7 9 11 11 16 27
AA1W4AHK9X2dC3ej4H6o6O90nsWO0Gf5G8,10,plain,none,mixed,1 1 2 6 10 10 11 15 20 24
AA1W80S20IB_4MrI4H440-5KLZLWQ5bZai,10,distinct,none,distinct,1 2 4 6 7 8 12 18 20 22
AA1WAYmI4QGO9_Hy28431qv32f4fgPK1Wd,10,plain,none,mixed,1 2 4 4 4 10 12 19 21 23
AA1WD1IA8hUKIID8nK42WP4vLWjXWa5PnY,10,plain,none,mixed,1 2 3 5 6 7 16 16 18 26
AA1Wa28aWH0jACfTQOWBEH2G5vEiMHQA8e,10,plain,none,mixed,1 4 5 8 9 10 10 13 14 26
AA1Wf4T4I7QaGYoHcJI2I7Q7XqGOJ54rHC,10,plain,none,mixed,3 3 4 5 6 9 11 14 18 27
AA1WCHqKZuJ2GP8O2XY0W4P0begSOq50W8,10,plain,none,mixed,1 5 6 6 7 10 11 14 16 24
AA1WC0WoMBneB30GEX4G0mG62G9A4mqPYK,10,plain,none,mixed,1 1 4 4 7 8 9 12 17 37
AA1WKIn9957dCfaW80W0mGH2tY2W8WaaXa,10,plain,none,mixed,1 1 4 4 9 12 13 13 17 26
AA1W5YAt8I1mca2GB4IH94eL1Ifo4C9U0m,10,distinct,none,distinct,1 2 4 7 8 9 10 11 23 25
AA1W9348Gq4WToY8GWqHY8Wf56fGfoGA18,10,plain,none,mixed,1 1 5 6 9 9 14 15 20 20
AA1WWjGmY3X3al4de910fuI46YcOtXY8aW,10,plain,none,mixed,1 2 4 9 9 11 11 16 17 20
AA1WG0b0ac90m65OIXGKZ2uVq10L4SYeN2,10,plain,none,mixed,1 3 6 6 6 8 8 16 20 26
AA1W2eBASJ2O9Bj2GC1SY3GH896K34S3G4,10,plain,none,mixed,1 3 4 6 6 7 13 13 23 24
AA1WKYXSI4YBXHXHI9608nIvA3Gj4Dirk0,10,plain,none,mixed,1 3 3 5 7 7 14 18 19 23
AA1W8Y1WBh4uucKfGmY932aP32GMFLBYa2,10,distinct,none,distinct,1 3 4 6 8 9 11 14 17 27
AA1WH1erCY0PYAK5dWm4B4mWGbKcCfaCYI,10,plain,none,mixed,1 2 4 6 7 8 11 11 17 33
AA1WaTeXGKmcWlXK7GW0bWj3cF8Nx62e91,10,plain,none,mixed,1 1 4 4 7 11 11 15 23 23
AA1W3n992E5ppInaPK80O2EieYmQZ97X2G,10,plain,none,mixed,1 1 3 6 7 12 13 15 16 26
AA1WE0a4GbOp1Y9KOWO6G-1if1C2WRK6XG,10,plain,none,mixed,1 2 3 7 7 11 12 13 17 27
AA1W30c0Q7GY4ig5I4G8f91W4n6AHL24Ie,10,plain,none,mixed,1 1 2 6 7 11 11 12 15 34
AA1W42YYfI5HjYLGq10hEK2vfPGa1ZSo58,10,plain,none,mixed,3 3 3 6 7 9 11 18 18 22
AA1WH2GnWkeQYIA6XPJJ1h68m9754p0JYY,10,plain,none,mixed,2 4 5 6 8 8 11 17 17 22
AA1WI4a8i28GYKLke2W9EjKXJuJ2Ob2Wd4,10,distinct,none,distinct,1 2 4 6 8 10 11 13 16 29
AA1WHWooHZ4KMnw4SWeAY8eCYQ480iGKZ8,10,plain,none,mixed,2 3 5 5 6 10 11 13 18 27
AA1WGP28KOqZ2WiC4WO2HijWq4v6C9Of14,10,plain,none,mixed,1 3 5 5 10 10 12 14 20 20
AA1W38VT5xlkMoEIF180nGGGIO8SHqcR44,10,plain,none,mixed,1 1 5 6 8 9 16 17 18 19
AA1WI54b1ItLI10d4Wgb1Oj3GCaiw9L1GC,10,plain,none,mixed,2 2 6 6 7 7 14 17 18 21
AA1W9CXRe6F0m4eeZC84MWi2mqLPLWa8WB,10,plain,none,mixed,1 1 2 7 8 12 12 16 17 24
AA1W8by0WFCvaSYA1GCHKAW2aaYaeeL80G,10,plain,none,mixed,1 3 4 4 4 6 10 13 15 40
AA1Wa1045Wb3G4WM1eCa1G96m3WU5Wa4GZ,10,plain,none,mixed,1 1 3 4 6 6 12 14 26 27
AA1W18dXba2GI5Z8fS1G1ZCeaz7e5i9KKW,10,plain,none,mixed,1 1 2 3 11 14 15 16 17 20
AA1WnIKLMYA1E6uY50a84WK2OEd82U670q,10,plain,none,mixed,1 3 6 6 9 9 10 12 21 23
AA1WQ0W30L2cChCf_9u10HXGCnIK98X498,10,plain,none,mixed,1 2 6 6 7 7 9 16 17 29
AA1W8XE2g70ua2WeX24MIpQPJ9g1WjGI10,10,plain,none,mixed,2 3 5 5 6 6 13 14 19 27
AA1Wa2HU1uCIYASZ50G1KEBo2dvJ60m0M8,10,plain,none,mixed,1 2 4 5 9 9 10 13 22 25
AA1WGQpR8g3mYjXm8I21W89AAl0UMoA840,10,plain,none,mixed,1 1 1 2 10 13 14 16 20 22
AA1W28uJ0e8ucjMg7UmX43udu31QcC9aGH,10,plain,none,mixed,1 6 6 7 8 9 12 15 16 20
AA1W28I2L3QaGGafbWK0PyA1WCiSZiY8Ka,10,plain,none,mixed,1 1 3 6 7 9 13 16 22 22
AA1WS58998X4NXqwOB1H4Y442WaQGoIHHG,10,plain,none,mixed,1 3 4 6 7 11 11 13 15 29
AA1W91EPpZqHoAMYWO328aMHEAX08404H0,10,plain,none,mixed,2 2 3 4 9 11 11 11 11 36
AA1WH49-08oIMB0I220J5eH95Ghe1WS4MY,10,plain,none,mixed,1 1 3 3 10 11 15 17 18 21
AA1W8cb2WOWGcMsjo8YKqHJ6OHOaCGm0k4,10,plain,none,mixed,1 1 4 6 9 10 12 15 18 24
AA1W9Ia7uW1129wB5P9108noRl6u8j9J1G,10,plain,none,mixed,5 5 6 6 7 7 12 12 18 22
AA1WaaM_AIfAIcWM38L41SMX4n1mGOC_KA,10,plain,none,mixed,2 5 6 6 7 8 9 14 20 23
AA1W9L40vyEa8XNYGL4WILIf22X4cc5928,10,plain,none,mixed,2 2 4 5 6 9 14 15 16 27
AA1W53SGYaGH2m91KD0WqBdYZu10u0W50Z,10,plain,none,mixed,1 1 3 6 6 8 11 12 13 39
AA1W50S30Hu9s1e2WW42Om20ec18ObMh4a,10,plain,none,mixed,1 1 4 4 5 8 11 14 21 31
AA1WGfeIaQXe93eU9182H2mK3GOfv1o2aW,10,plain,none,mixed,1 3 5 6 9 9 10 13 15 29
AA1W2I4CYiWa4B6a1n218lvC4qsgvf2e50,10,plain,none,mixed,1 2 3 5 5 9 14 18 20 23
AA1W2ZO2qLY4HzMCHS1I33f34P2ebAF8Gu,10,distinct,none,distinct,1 3 5 6 8 9 14 15 19 20
AA1WKISK0YmNXJH4Xw81GXDXonK6HKDhL1,10,plain,none,mixed,2 3 5 6 7 10 12 12 16 27
AA1Wq4Ee0Z9XEAiH20W8I4mdeHACaYuf4Y,10,distinct,none,distinct,1 2 3 4 8 13 15 16 17 21
AA1WH0X80G93SB92GWK70ubVHgCa60h5kX,10,plain,none,mixed,1 2 3 4 4 13 13 19 20 21
AA1WWI3mT2abenKf8GY2M490p1WC3GgXXA,10,plain,none,mixed,3 3 4 6 9 9 11 11 15 29
AA1WaGX8WnDnLfCEH18X060hWA0u4ZA_Y4,10,plain,none,mixed,1 3 3 7 7 8 11 18 20 22
AA1W8XAXGydKCwXKDD2CAKJ0I88Ru3sWy4,10,distinct,none,distinct,1 2 5 6 7 12 14 15 17 21
AA1WXIGX22Ohs1q8l0W1lA4G92UPA1aZ4e,10,plain,none,mixed,1 2 2 3 6 10 16 17 19 24
AA1W1Xo8N5mc2HYaKKf4194K2Ga41DR89W,10,plain,none,mixed,1 3 3 5 7 9 10 15 16 31
AA1Wib2hje14G60g78f60814e8gI8c4GH1,10,plain,none,mixed,1 1 3 4 6 8 12 17 22 26
AA1W4WYaP38HvqFHU8gP021fI2W924G6AG,10,plain,none,mixed,1 2 4 6 7 8 9 19 22 22
AA1W0G17P6JC4A3BbWA48x3fpM3SF0ZqXI,10,plain,none,mixed,1 4 4 4 6 6 9 17 19 30
AA1W58m32UIP2GI290gAXK5GnM604H22CX,10,plain,none,mixed,1 2 3 4 8 9 13 16 16 28
AA1WXHAwcG9p70W50W976Oj0G23mCAa1WJ,10,plain,none,mixed,1 2 6 6 7 7 8 15 16 32
AA1W4OB2eOOblS0em0m4Gv0upbkiEJAAGA,10,plain,none,mixed,1 4 5 6 9 12 12 12 15 24
AA1W57a2GXD5bDI4GI0X2GYYeec4tYYDer,10,plain,none,mixed,2 2 3 6 10 11 13 15 18 20
AA1W4GWc2GPWYa8IWG0Gv830uSWY6GIZiH,10,plain,none,mixed,1 1 1 2 7 10 15 15 23 25
AA1Wj4GY4aCQN1V8E2a1Wg6i6AbF98m0Wm,10,plain,none,mixed,1 1 3 7 7 9 9 17 20 26
AA1W28G34osnDeAWvyW9GK48tCAH9HX2K5,10,plain,none,mixed,1 1 2 7 7 8 12 19 19 24
AA1WL2uOI6W011WH30W30eD2ebAjLJ64my,10,plain,none,mixed,1 3 5 6 9 11 11 12 20 22
AA1WWe96oCHOxDaaX4Ga0cAnQH3Hao8C38,10,plain,none,mixed,1 2 4 10 10 11 12 15 17 18
AA1WGH4qaqq567g02GCH2Gip-4nfCiH1G6,10,plain,none,mixed,1 2 4 5 5 7 14 15 21 26
AA1W8n6BIGT0rFon44G0G3Aev4Qu8ZGJY2,10,plain,none,mixed,1 2 4 4 5 8 16 19 19 22
AA1W082UYMXNhFGY4WXP3mH1KH8b4B2Y09,10,plain,none,mixed,1 2 2 4 11 13 14 15 16 22
AA1W184Gw38JPoN2K0WJAJ50E1WOX18JKY,10,plain,none,mixed,1 1 4 4 8 9 9 10 20 34
AA1WIgK4Gj4FeF0O36XI29204P926BHACW,10,plain,none,mixed,1 1 4 6 8 9 13 18 19 21
AA1W0nGf50GM02G97AfH0m5D9fN5W407Wu,10,plain,none,mixed,1 2 2 3 5 5 5 14 19 44
AA1WWB44HN7CtTW420mJc4X3a88Q4tGb18,10,plain,none,mixed,1 1 3 3 7 8 17 18 19 23
AA1W0ShKwufo7M0W80WIKYss7bb8J1W91G,10,plain,none,mixed,1 3 3 7 8 10 12 14 15 27
AA1WGn4Wq6Nd464eaXX22jtei2Wi3KXGA0,10,plain,none,mixed,1 1 7 7 8 10 10 10 23 23
AA1W0WA9YE8Y1EFKl4G48aBIbLIXaNqAX0,10,plain,none,mixed,1 1 4 4 8 8 18 18 19 19
AA1W4l98mn71450rAvPY2GY1Qe5L_WXSG4,10,plain,none,mixed,1 3 3 8 11 12 13 13 17 19
AA1W4eMFO7iQg9WngaOA9YFIDiOaU8UaoG,10,plain,none,mixed,1 3 5 6 10 13 14 14 16 18
AA1W4Ga30gASB-Be60Z2WO2GeOH_Oj51eW,10,plain,none,mixed,1 2 5 8 11 13 13 13 14 20
AA1WG8JKHanbqC7WGY64GC_M8sGg7H1W20,10,plain,none,mixed,1 1 2 5 7 10 12 15 17 30
AA1W2C8YaNMI4CIccIGW8Y5ef2E2GGyCD1,10,plain,none,mixed,1 1 3 8 9 12 12 13 19 22
AA1W41mA4MYtM7K4WuX51L9iLp9D88D8H0,10,plain,none,mixed,1 1 2 6 11 12 13 14 19 21
AA1W25WY7MBQBHo88GI4KYgN1u8G4nA1Wa,10,plain,none,mixed,1 4 6 7 8 8 9 10 23 24
AA1WZ48Wi29A470AA2W8GY7O90iANZaGHo,10,plain,none,mixed,1 1 2 3 5 9 13 16 19 31
AA1WAK0vXNNcqYaZ1882LGr084rYoL64X5,10,plain,none,mixed,2 3 3 4 8 9 11 11 22 27
AA1WL4keKymicaD9A8Q8S16Bq4X7K5838Y,10,plain,none,mixed,1 3 4 5 5 10 12 15 22 23
AA1WL0b5WqaH2GPHE1Gc4G3WI494maaX22,10,plain,none,mixed,1 2 3 5 8 14 14 15 17 21
AA1We2S3X4UBiy1I4u8XG6qJeSyJ9Kncq5,10,distinct,none,distinct,1 2 3 7 8 11 12 13 17 26
AA1W8Y7GBHxq5XC9GWWKIIY9188H5QYcG6,10,plain,none,mixed,1 4 5 5 6 9 9 11 24 26
AA1Wg0d7HG5eMzq5G0ma0g4jf2kyh3Ydo8,10,plain,none,mixed,1 1 2 6 7 12 13 13 20 25
AA1Wp63YLIFmG1PY71G410O2NKsTKIIX24,10,plain,none,mixed,1 1 3 4 8 9 12 14 21 27
AA1WH3XQKHq94BHWCaCA0XACHKoAm-Sw0m,10,plain,none,mixed,1 1 2 8 8 11 14 15 18 22
AA1WHa40hqE0pJLijCCK4a9WP8Wuc2NIP8,10,plain,none,mixed,1 3 7 8 10 10 11 13 14 23
AA1W38KEkaYCAfW8MW898b8oAD8QWveE6G,10,plain,none,mixed,1 3 5 8 10 13 14 15 15 16
AA1W4W842ffGE63IH2H81m2udvVCYuF49W,10,plain,none,mixed,1 1 3 3 3 11 17 18 19 24
AA1WCYfDKgYiGrcjL2Y8Hey0WX4m3CpoGq,10,distinct,none,distinct,1 5 6 7 8 9 10 12 20 22
AA1W52cMs8A0a5Ga1WcE0Gc4G8xtp1DWa4,10,plain,none,mixed,1 1 6 6 8 9 12 15 20 22
AA1W0W94ieH6m5WaaIaAGf40WIYSx1JAKI,10,plain,none,mixed,3 3 4 5 8 10 11 11 20 25
AA1W54IVhQM9PM5e50H16EcMiACzG10y49,10,plain,none,mixed,1 1 4 7 9 9 11 13 18 27
AA1WA99494OH388AX1K2GH4F4ud58OY1XG,10,plain,none,mixed,2 2 3 3 4 11 15 18 20 22
AA1Wb4e4v1U0H50KJ1SIGI49Gba0Hv8H0u,10,plain,none,mixed,1 1 2 2 5 11 14 15 21 28
AA1WWLHXBeP28mIGGX21Z8ID0a2c9nDf38,10,plain,none,mixed,1 1 3 8 9 11 12 12 16 27
AA1W30QNXGs2G8Y84Ga6WaToYA899w3m60,10,distinct,none,distinct,1 2 3 5 6 7 10 16 17 33
AA1W0K6nLI74qKqJGS3b2VAGo1n8N4i0W0,10,plain,none,mixed,1 3 3 6 8 9 9 19 20 22
AA1WXALXKIH18Pn8aXK8sb3820FWPL4r0e,10,plain,none,mixed,4 4 4 5 6 8 9 12 13 35
AA1WH144IfCHwkw0d4W1G4ipY4Wpf34F0K,10,plain,none,mixed,1 2 2 3 9 12 12 14 19 26
AA1WCX8g5cD2nAyCYaK4I4Ja892Ub184Wm,10,plain,none,mixed,1 2 7 8 10 12 12 13 15 20
AA1W2Wi3HACt6WI18UW28K1PWwCHEB98n1,10,plain,none,mixed,1 4 5 7 8 8 9 10 21 27
AA1W10CgZZg0W814Ln2AIoQP9EI2W944nc,10,plain,none,mixed,1 3 4 5 5 11 11 13 15 32
AA1WSGX3GO4WWqdYaa810AWW2KB148Ux1O,10,plain,none,mixed,1 1 2 4 5 9 12 18 20 28
AA1Wc0ez0W20JH44aAGn1DG10CTA1mA3GB,10,plain,none,mixed,1 1 1 5 6 7 9 10 28 32
AA1W2YJDP9A0ie13G40Wa9HHuN0eI689qe,10,distinct,none,distinct,1 2 3 5 8 9 10 15 16 31
AA1W8Hu2pHGcAY3DHv920S8Qaad8gcnDGC,10,plain,none,mixed,1 1 3 6 6 9 16 18 20 20
AA1W0e9Wio9WkLce4I0GnYD9P51evGs9eD,10,plain,none,mixed,1 4 7 8 10 10 12 12 16 20
AA1WGo-aiMKpW4X8K6822n1GMjA9XoIQGI,10,distinct,none,distinct,1 2 4 6 8 9 13 16 18 23
AA1WXY8I29FHoVcSmY21CC50a43Ij1X90e,10,plain,none,mixed,1 3 4 4 7 13 13 17 18 20
AA1W1eC1KBCr52v1a2W9Gn60U5Wa4Y4B4Y,10,distinct,none,distinct,1 3 5 6 8 9 10 15 19 24
AA1W129iM89mg714n0GqK1SIK8X9QxXHE9,10,plain,none,mixed,1 2 5 7 11 11 14 14 15 20
AA1W1Waw-9Y0W4WNo5mI22K9X_ceP12GWY,10,plain,none,mixed,1 3 3 4 7 9 12 16 20 25
AA1W8G90WI1inY9sK9010K2yJZboQGaiJ5,10,plain,none,mixed,1 2 3 5 8 9 14 15 15 28
AA1WP188ci9W41uIY894P0a1m20LP1C9H4,10,plain,none,mixed,1 1 1 5 10 11 11 11 15 34
AA1W4Q0b2D2GqH2BXgGOG3z7eN2959IiWX,10,plain,none,mixed,1 1 1 3 8 13 14 16 19 24
AA1W42YQL8w1EA2aAwHa5Ga_IAoiQZ9YKG,10,plain,none,mixed,4 5 5 6 8 10 12 14 15 21
AA1WPr1O20c2cp0eLn21Ms8e55WGZ8AZ2O,10,distinct,none,distinct,1 2 3 4 5 7 11 13 15 39
AA1WGWaOJ64G8nIa91H4WemMYIYLHJi30P,10,plain,none,mixed,1 1 8 9 10 10 12 13 17 19
AA1WA182KGL-cfJ020mAGk0IAMUGLY4C1m,10,plain,none,mixed,1 1 4 4 5 9 11 14 22 29
AA1WID4eCW4PS83WH2AaWaaHy1KIXAHK5G,10,plain,none,mixed,1 2 3 6 8 9 9 11 24 27
AA1W8Wp4oaAEYar7mz481O6Sq46Go1ycA4,10,plain,none,mixed,1 1 7 8 10 10 13 13 15 22
AA1W4bLIcS3aN187KX29UpYIJo1O0WD2M2,10,plain,none,mixed,1 2 2 5 6 10 15 16 18 25
AA1W4WYO70KAop2E8SH4X9HQf2841KCIAY,10,plain,none,mixed,2 4 5 6 6 7 11 11 18 30
AA1WIq118418IiIXkAIH4F1m11KGy2WsfW,10,plain,none,mixed,2 2 3 4 6 6 6 9 22 40
AA1WID4GaBW21J9U4918NIHqDXq8iGa8qm,10,plain,none,mixed,1 3 5 5 6 9 9 13 14 35
AA1WGOZ2IB0cwaHJ4Y860igjJQn8E9IKH4,10,plain,none,mixed,2 5 7 8 11 11 13 13 13 17
AA1W2WSRZSnlDjYSYL44WEI0b5CC2GB10W,10,plain,none,mixed,3 3 4 6 8 13 13 14 16 20
AA1W0W60wH53ejYFK4W99C68b4n6D2Yic2,10,plain,none,mixed,1 3 4 8 9 10 11 15 15 24
AA1WKHZLJCYYs9HWcQ428YtPL1mbHBHGq5,10,plain,none,mixed,3 4 6 6 6 10 12 13 13 27
AA1WPAa948CY45mJg0498gMLHThfqi4Xm8,10,plain,none,mixed,1 3 6 6 6 9 13 16 19 21
AA1WKXaJ5aB7d30U2f951Gv0XV88VOK1GH,10,plain,none,mixed,1 6 7 7 7 8 10 14 18 22
AA1WGa7Y0G62GXMK28ADag6Wq4YDH2EWw4,10,plain,none,mixed,1 4 5 6 6 10 10 15 20 23
AA1W6919g6fBHc0e2gG5eHD58fHSLG9D8I,10,plain,none,mixed,1 1 2 6 11 11 12 15 18 23
AA1W48lcu_qd40eA1AI92WJAH4B1aa85uW,10,plain,none,mixed,1 3 4 4 9 10 11 12 15 31
AA1W90b9BGycCBIZmWG18ZBcO5ndsO80L4,10,plain,none,mixed,1 2 2 8 8 12 14 14 16 23
AA1W9GorFCbE90W9fE522A6TmY2GfjWS0C,10,plain,none,mixed,2 3 3 6 8 9 10 13 18 28
AA1W1M488YIo9PxdI6GK4XH124mKYcgQG4,10,plain,none,mixed,1 2 2 7 8 11 12 14 19 24
AA1W8P-F6O70Y50uB1e410C1YYf2Z2OX08,10,plain,none,mixed,1 3 4 6 9 10 10 16 18 23
AA1WnYC6IKZ4QKo2WYQX0hOZ492H53720G,10,plain,none,mixed,1 1 7 8 9 11 11 13 18 21
AA1WA2FKSvXyKXIa6eWC14mI24rTODkYGZ,10,plain,none,mixed,1 1 7 9 9 10 12 13 16 22
AA1W9I1SCQfeMWI4Wf8B0NgAmE1OXCckGX,10,plain,none,mixed,2 2 4 6 6 7 9 14 21 29
AA1W2GHKYmAVJT3ap2eH2J4GuIP89o8q28,10,distinct,none,distinct,1 3 7 8 10 11 13 14 16 17
AA1WGrI58e71uJ38bqW0E2H6Mbc8e92O91,10,plain,none,mixed,1 2 5 7 7 8 11 13 23 23
AA1WAKoUdGi2O6GZ8OYA6Wp1RaWG1388H5,10,plain,none,mixed,2 2 3 5 6 7 7 17 21 30
AA1W8d8YIaib7K8rIOe95WLyVec1mBF2W1,10,plain,none,mixed,2 4 4 6 6 7 11 16 20 24
AA1W8Gx2umOYImIG8AW3WG4SnQ4kLnUeH1,10,plain,none,mixed,1 2 2 4 8 9 10 18 21 25
AA1W8O91mqVvd22mg0W2OH4yCfTO52Wv1W,10,plain,none,mixed,1 1 4 6 6 8 12 14 23 25
AA1W48UjvGB2kPWo28W8Y4I0yySKCaqDMf,10,plain,none,mixed,1 7 8 8 10 12 12 13 13 16
AA1WAHD2QbNI4GH45qY0m78R5QqcIl-460,10,plain,none,mixed,1 3 4 7 7 10 14 16 19 19
AA1WY2eM43SKsn0m99A8bmZak96U2OBAGn,10,plain,none,mixed,2 3 5 5 5 7 11 14 15 33
AA1WIWK2mW7PtE52eJ248aaimeWa2ZCK28,10,plain,none,mixed,1 1 3 6 6 12 16 16 17 22
AA1WGI3HO62GaDZdg140828X9BPfSgI8b2,10,plain,none,mixed,2 4 4 4 6 10 12 14 16 28
AA1WANQ0XxPG90WQ2KYS5XQ8X8AcfcCB0W,10,plain,none,mixed,1 3 4 4 5 9 13 15 16 30
AA1WAMYrcf1u3Ggb2XY54eaGZWe6IpfA02,10,plain,none,mixed,1 3 6 6 6 8 10 12 15 33
AA1WKHIJ2OCzGBmI20Z60en0aceaLYO4OI,10,plain,none,mixed,1 1 5 9 9 14 14 14 15 18
AA1WGf2H1cTFHsGzAnm204y1AA9ISd15qW,10,plain,none,mixed,1 1 5 9 10 14 14 15 15 16
AA1W1KPS2fBJWTrM514WY6EI7M4MPB2_2O,10,distinct,none,distinct,3 4 5 7 8 11 12 13 14 23
AA1W1G951ePQHY4Wi1W4Og2H0KYmY4Ga28,10,distinct,none,distinct,1 2 3 4 5 6 15 16 20 28
AA1W47SC9Wi6GikLhG-aA8Zs1ZY0WI9HH8,10,plain,none,mixed,1 5 5 6 7 9 11 11 13 32
AA1W6582GX6XPGa2GOGm871EPREWN2KA8h,10,plain,none,mixed,1 1 2 4 5 9 12 13 26 27
AA1W50M6GK2QIdGNe21AHT8f6nM8GbY4WJ,10,distinct,none,distinct,1 2 3 6 11 13 14 15 17 18
AA1WDZ4Na8YZsX4Ye8C0HPXAJfkbDeK1G9,10,plain,none,mixed,1 2 7 8 8 13 13 15 15 18
AA1WE2WdGo4Wa94JWG18Q4WW8m2cDncGQ4,10,plain,none,mixed,1 1 3 4 4 6 13 15 22 31
AA1W8Ha97f52G21Wg0M5fE6rHOxGO5180W,10,plain,none,mixed,1 4 4 7 8 8 10 11 15 32
AA1W0WeI2PND91WK6M948uHAHaNLWWA19W,10,plain,none,mixed,1 1 2 5 8 11 12 15 22 23
AA1W4Y0a14OQz6d8Q0OSGanFU0mJ1bmi58,10,plain,none,mixed,1 1 3 5 6 10 11 15 19 29
AA1W0c2OaeWiy0WoY2GHLBHHA6WgEMk5GQ,10,plain,none,mixed,3 5 5 6 8 10 13 14 16 20
AA1W5AMQ34aHALSOYa8Y4a92umZ1wQmWWC,10,plain,none,mixed,1 4 4 7 8 12 15 15 16 18
AA1W90M2GK5aLZWGP2G0mI2SGc0hYZGo68,10,plain,none,mixed,1 2 4 5 5 9 11 19 20 24
AA1WHEAXhUD74YGDCA0WZG593EGUJGava9,10,plain,none,mixed,1 1 3 4 8 10 15 17 18 23
AA1W0a5D2e40e2QqcaIWA2SYaF9qHa9WY8,10,distinct,none,distinct,1 2 3 4 7 9 14 15 21 24
AA1W4IcGY901M8obDMI60nYq1GYTVsm6nG,10,plain,none,mixed,1 1 2 7 9 9 10 10 20 31
AA1WukcKf11BHfaMUp983A25s6eu1fCv80,10,plain,none,mixed,1 2 4 5 5 10 13 15 22 23
AA1WZ1C3gHCIKUL4-WC0K5kJ9UrbaXyC20,10,plain,none,mixed,1 6 8 9 9 9 9 12 18 19
AA1W89D568eLq3LHGc4196CZAJI4b2wHq8,10,plain,none,mixed,1 1 1 9 11 13 15 15 16 18
AA1W0W20ukSEXM99PB54Gw2Wa9144E0K1W,10,plain,none,mixed,1 3 4 5 6 6 10 11 26 28
AA1WO8S9WU9GS5WSrI6mE2GDnlo2YCoe10,10,plain,none,mixed,2 3 5 6 7 7 8 17 17 28
AA1WA8c4HaKWF2G916G20H45Wo2THr6YGC,10,plain,none,mixed,1 1 2 6 7 10 12 16 16 29
AA1W291gGeI2Gp0vo0WHH5C_dmPeCHYKGa,10,plain,none,mixed,3 5 6 8 10 10 13 14 14 17
AA1WGhY2BnIsHvq1CXQ8HGKbAL8e4iRMq8,10,distinct,none,distinct,1 2 3 7 8 9 12 15 19 24
AA1WG9Sd2uH0c2m6ayfM1oaIY74KGiHWW6,10,plain,none,mixed,2 2 3 4 6 6 10 12 25 30
AA1WCGYQNIb1oAXgJQ3A0WGKqLGL60y0W6,10,plain,none,mixed,1 2 2 4 6 14 17 17 18 19
AA1Wf5GBX2uVFfWu6n1WYWH050b1IPC9vc,10,plain,none,mixed,1 3 4 4 5 12 13 15 15 28
AA1W20GI7Z9aHXILsG6CGrQI2S9-8Ht7X2,10,plain,none,mixed,1 1 6 8 9 13 13 13 16 20
AA1W93uN9LGpvn8Y8X050a-1AYWiE0p6g1,10,plain,none,mixed,1 1 5 10 10 11 11 13 17 21
AA1W9HJBfUA1m65B9YC0G40gSH4aG0YOa2,10,plain,none,mixed,1 3 5 7 7 7 10 11 23 26
AA1Ww4GZ599w4XdA4GM40gcX28Q230b2H2,10,plain,none,mixed,1 1 4 4 9 11 13 17 19 21
AA1WHX289ZijO5mIy8X48AX927macaeOGH,10,plain,none,mixed,1 1 6 6 8 13 14 15 17 19
AA1WQZHerIc23FHGGa22I33Gu0dQwqLz1m,10,plain,none,mixed,2 2 3 6 7 14 14 15 17 20
AA1W2HH9BJYCXu1OFmIAXa549YJa48Ye18,10,plain,none,mixed,2 3 3 4 6 12 13 13 15 29
AA1W48Yjo6OucqY20WqAIUSWqC9WK0EY4W,10,plain,none,mixed,1 1 1 6 7 10 14 15 16 29
AA1W6WW7CAcqZ8edCZ28Gg5ObB6eb0L9IG,10,plain,none,mixed,1 2 5 6 9 9 11 17 19 21
AA1WI2OMql31AJO30aW4f410OND5M9IKJ8,10,plain,none,mixed,1 3 4 7 8 10 10 11 21 25
AA1W2WP1PACKWO50u120WT2n9CBXmE1g2G,10,plain,none,mixed,3 3 4 4 5 5 6 8 25 37
AA1W90w9AAAqRhjU4WK0WIEM8HSaYKgSWm,10,plain,none,mixed,4 5 6 6 9 10 11 14 17 18
AA1W2DwHGaI0O914HH9v18VTyJaqCn2W80,10,plain,none,mixed,1 4 5 8 10 11 11 11 12 27
AA1W0rwDGIplmG0c20aL4WXXKXRJiPM6G2,10,distinct,none,distinct,1 2 3 5 6 8 11 17 18 29
AA1WG259O8n2PLf1KK02mdH9F91GGc8fSP,10,plain,none,mixed,1 3 3 4 5 7 16 16 21 24
AA1WY6494aj6Z1YISmcH5WVeE9bE-Gy70m,10,plain,none,mixed,1 2 4 7 10 10 15 15 18 18
AA1W826Iki6GH4H8MIe41WmI4Rnd8KYJf5,10,plain,none,mixed,1 3 3 7 7 8 11 17 18 25
AA1WeGYUdqoYYhco1OCf0IHaiIGg4gS082,10,plain,none,mixed,1 1 7 9 10 10 12 13 16 21
AA1Wf28T4KBue13aKIIe0WiYoFeiAWI40G,10,distinct,none,distinct,1 2 3 6 10 11 13 16 17 21
AA1WO3X5HbF1BiIKT0C08DHr13mgORaM58,10,plain,none,mixed,1 2 2 2 5 9 11 13 23 32
AA1W88O4apeZ8qC80YG9GK1CnpjzUv44b8,10,distinct,none,distinct,1 2 3 5 9 13 14 16 18 19
AA1WAJejYK9QWC7myOeWF4F92YboGOZYCY,10,plain,none,mixed,2 4 5 6 7 7 14 14 17 24
AA1WL2G65r6nZ8i1X0X8WbKhPYCH2HECmH,10,plain,none,mixed,1 1 2 6 8 10 12 12 24 24
AA1W9GR1XacKW4Of8sI10X453iBHIuqJKK,10,distinct,none,distinct,1 3 4 5 7 8 13 18 19 22
AA1W90O50i2RYE91Fq868m54nsmf9Gf3Gm,10,plain,none,mixed,1 1 6 8 9 11 15 16 16 17
AA1W8P2938O4WTRgI1I10G9PqDHeGI2X85,10,plain,none,mixed,1 2 2 3 6 13 14 15 15 29
AA1W112WPM6XA8C8Xg4WF5uXmA1Gfi-Hp1,10,plain,none,mixed,1 2 3 5 6 6 15 19 19 24
AA1WGGY3_020Y6g9904eCXezaV2C9QEAoO,10,plain,none,mixed,2 4 5 5 9 10 11 15 19 20
AA1WeX8n5uOb8YKIKIam0oQ0e9GcdmF0W4,10,plain,none,mixed,1 3 7 7 9 11 11 13 14 24
AA1WG8r0c6GL43Wl2CIcD8Z48Hq8WJoOf0,10,plain,none,mixed,1 1 2 5 5 10 11 15 19 31
AA1WIYamWSbAW40b9HaC3GH2AaP32Gt6WI,10,plain,none,mixed,1 4 5 5 5 7 13 17 19 24
AA1W0gIB_Hyea8GYSGoYD1IGT4DWq18m0m,10,plain,none,mixed,1 1 5 5 7 9 15 16 19 22
AA1W1CGNyuyWpEPhsB2W3JCHPGCsMH2ID0,10,plain,none,mixed,1 1 5 5 10 12 12 12 19 23
AA1WGC5XIX9ns2KGZX98b148eA1RLKXye4,10,plain,none,mixed,1 3 4 4 5 11 13 14 20 25
AA1WGf6HGCGqMaB6O50C9zn0C1WKMXAqYe,10,plain,none,mixed,1 3 6 7 7 7 8 12 21 28
AA1W10EC-mASI2GQK1G5HoEA04P2Os6C2G,10,plain,none,mixed,1 1 2 4 5 8 18 18 20 23
AA1W91IH0fZce0G23uI50mT5eY2YtEg4P0,10,plain,none,mixed,1 1 2 5 6 12 13 14 15 31
AA1W48o7mmc0O0x50e260W4mWY18J1LZ4H,10,plain,none,mixed,1 1 1 4 7 8 10 16 16 36
AA1W2X2Gd4hameYBHIC81aO4SXaiZE50G4,10,plain,none,mixed,1 1 2 6 8 10 10 18 20 24
AA1WH9rKMWKAQbD4a28K39f3EZQ3omGR1a,10,plain,none,mixed,3 4 4 7 7 7 10 12 18 28
AA1W48E2WI59qC30e102OI2W4b6uH5GM6G,10,plain,none,mixed,1 1 3 6 7 8 8 10 26 30
AA1W48T5mOaIS4WaHSX4eq5ul_2GbPnGK0,10,plain,none,mixed,1 1 6 7 8 9 9 17 18 24
AA1WWK45Hsr1O5qEQGZ72ULhMJRe4N848W,10,plain,none,mixed,1 1 6 6 9 10 15 17 17 18
AA1W1GC4c2GIakHWC0W4X8B1HOZ897OOZ4,10,plain,none,mixed,3 5 5 6 6 9 12 16 17 21
AA1W1UC3YWVpn25QuX2Ob1LICSXYAad248,10,distinct,none,distinct,1 2 4 6 10 12 13 16 17 19
AA1WAXYyAWa9M9EWO308oq21MYWC14GJ1a,10,plain,none,mixed,1 4 4 5 5 6 13 14 24 24
AA1WHGL4xiJW40O7t0428JeKYy9IePCmH8,10,plain,none,mixed,1 3 4 5 9 10 10 12 16 30
AA1W9E9IvCHGaaXWDW4XY4kWH2pM2wm840,10,plain,none,mixed,1 1 1 4 6 12 15 17 17 26
AA1WA6G8IaF4baL4EQ30MG-954IJKRTIoC,10,distinct,none,distinct,1 2 4 7 8 10 14 15 16 23
AA1WWi2GH9EH8CLHbD10258eh2edBbSEaG,10,plain,none,mixed,1 2 5 5 9 9 13 14 19 23
AA1WKXinW40aBJR5986A28eJ5ej9Au438G,10,distinct,none,distinct,1 3 5 6 7 8 12 15 19 24
AA1W5Bkh-3YHQGaSI1Y6Y6j8mM9DASPG4W,10,plain,none,mixed,1 1 4 5 6 9 13 18 20 23
AA1WI4CX854GH68X9gbe400827yZiI0M18,10,plain,none,mixed,1 2 2 4 4 4 5 9 27 42
AA1W2mAYYIMOGJ4eb0mHXD28H4sBm10I2W,10,plain,none,mixed,2 2 3 3 4 6 9 20 20 31
AA1WKayg6keD7Ip5I4024f8Qjfj2qHG5WA,10,plain,none,mixed,1 3 3 6 8 8 13 17 18 23
AA1WWK396eM3k40W1GuaJ2HHI48mJIIHC9,10,plain,none,mixed,1 1 1 3 6 10 14 16 19 29
AA1WHAL8Xn92W8N4q90085JWhB7uv3EOGX,10,plain,none,mixed,2 2 5 6 6 6 12 20 20 21
AA1W1WKAsglGF_u90W4IZCKXOAaeAGKG2I,10,plain,none,mixed,1 2 3 8 8 11 13 13 19 22
AA1W11N5WdAeM2WKWqAYCIYIYCN8XCYR48,10,plain,none,mixed,1 3 5 10 10 10 14 14 15 18
AA1WX4GaCXS8tJBofeeWWd38iISN30B2g2,10,distinct,none,distinct,1 2 3 8 9 11 12 13 16 25
AA1W50H1G9IaHIn44Ka58u0W6WYen6t_X4,10,plain,none,mixed,1 3 6 7 7 8 12 12 13 31
AA1WbaKJMYd0E1w0W4e2324WagibSXqGY8,10,plain,none,mixed,2 2 2 6 8 9 12 13 21 25
AA1W0baiJu50oADIIWiWn24SD8WnA7IXa8,10,plain,none,mixed,1 3 6 6 7 9 13 15 20 20
AA1W0CY8mXA6G5WsA5GI4PYFYDH4922eXa,10,plain,none,mixed,1 1 2 4 5 13 15 18 18 23
AA1W6Whf1u8tAOXr10GH1G8YY8aZtICaYY,10,plain,none,mixed,2 6 8 8 10 10 11 12 15 18
AA1W4aa8B08maa5XAIWr0Y8QK2OH2AfJHS,10,plain,none,mixed,1 4 5 7 7 9 12 13 17 25
AA1WXCIHKTW1qj2O9581BK2m22teP3mc1G,10,plain,none,mixed,1 1 2 6 7 8 10 11 19 35
AA1W4WH18Y558eZ20GA30K2GOj3e5Cbe50,10,plain,none,mixed,1 2 2 3 5 5 14 19 23 26
AA1WX0DCGi4Z0On8r4Go2IGfJOB1KdOYYK,10,plain,none,mixed,1 5 5 6 10 11 12 13 14 23
AA1W41TAWeI2dIyXo5WW46aDXdxmY34Q52,10,plain,none,mixed,1 3 4 4 6 9 14 17 19 23
AA1W30X2mUgIIHY8n1K28o48Go0fik8m20,10,plain,none,mixed,1 2 4 5 7 9 9 19 22 22
AA1W38ZICiYceSZbaQa51JH22-0Wh43G94,10,distinct,none,distinct,2 3 4 5 7 8 12 14 18 27
AA1W0mSIDOKYooCKH8bHJcC8X54IU96hsG,10,plain,none,mixed,2 2 2 6 8 8 14 18 18 22
AA1WI4mE1G651SWB0W9Kayc6qB081uA1WJ,10,plain,none,mixed,1 3 4 5 7 7 7 9 25 32
AA1Wa0r6ZNfAEY4iKb8e1x2HZ4qAbimf2O,10,plain,none,mixed,1 4 7 7 8 10 11 14 18 20
AA1W9ANACfSBHYEVgW990Xnva6dhHaDHS0,10,plain,none,mixed,1 6 6 6 10 12 13 14 15 17
AA1W80e9Za8n2Ww4I5G4Gl9EWe52GIuGY8,10,plain,none,mixed,1 2 3 6 10 11 11 12 15 29
AA1WJGfH2Ob8k9v14Gq60Wm6Aa902W5ZIW,10,plain,none,mixed,1 1 2 3 3 10 10 18 21 31
AA1Wa10H01Wb34Y68fHD5GoqS20HQByTIH,10,plain,none,mixed,1 2 3 6 7 7 9 14 19 32
AA1W8HGwKAZ64c2O6Wm22K9KAWjydKXGA1,10,plain,none,mixed,1 1 5 8 8 10 12 12 20 23
AA1W0HHnKSvE9I248WLn4GyLnkAS4XWq29,10,plain,none,mixed,1 3 4 7 9 10 13 15 19 19
AA1WBA9XDfJimaWH8H61Yma126qO7050mG,10,plain,none,mixed,1 1 1 1 5 10 16 17 21 27
AA1WbCda1GB3JCpn7082nM9GGB8qWoAYo8,10,plain,none,mixed,1 2 2 4 6 10 12 13 20 30
AA1WG96A5GQ3Op0828I9WaX1GA26I4GIEI,10,plain,none,mixed,1 1 3 4 6 12 15 18 19 21
AA1W185v0kz9L46WG0cKHKKPh20Or3HM28,10,plain,none,mixed,1 2 5 6 7 7 9 12 21 30
AA1W4eYYHHwEgEImM2WH1WBWKI8O148Aa4,10,distinct,none,distinct,1 3 5 6 7 11 12 16 19 20
AA1WA2509QpMX6HCWa4L2AaH4B4KeJ4R58,10,plain,none,mixed,2 2 5 5 7 11 13 16 16 23
AA1W1bYTWtDrEKL2eZ2YYD94a31un6Z80W,10,plain,none,mixed,1 3 4 5 10 11 14 14 18 20
AA1W0G28IeaAaI89L0UQhbMHo18CD1vd42,10,plain,none,mixed,1 2 3 5 7 7 14 14 16 31
AA1W4aKaPY-G40vKKqIW1n8GMqeJ2QMH14,10,distinct,none,distinct,1 4 5 6 7 8 10 13 16 30
AA1W24X49w6mK8LL6HKuX28GjZn040V8L4,10,plain,none,mixed,1 2 3 6 10 11 13 17 17 20
AA1W4eC1apof1yDX9w09GK78ieKIA9Y8C2,10,plain,none,mixed,1 1 2 5 6 8 13 14 25 25
AA1W8EWN18fsADGwGW8QDfFK69YA28Y44W,10,plain,none,mixed,1 3 3 3 4 10 15 19 20 22
AA1W2Kb98YL9Ox4Oa2Wn0573aYmAS5Wa1G,10,distinct,none,distinct,1 2 4 5 6 8 10 16 21 27
AA1WO4qGY6gLDNu970W5cK748GqvaWu8XI,10,plain,none,mixed,2 3 4 5 7 9 15 15 18 22
AA1WeKiJHYEzG0G4A4BB310DARHhbISaCG,10,plain,none,mixed,1 1 2 4 4 7 9 16 21 35
AA1W0dSw7IAHY8RhIYCe0WWWA2adKGY91A,10,plain,none,mixed,2 2 3 6 8 10 15 15 19 20
AA1W48R2cOBDemxO88Y4XG7GDYWcxqQIue,10,plain,none,mixed,1 6 6 9 9 10 12 12 14 21
AA1W5AYJ0G2Yv9IbKbWX49AXTv5GGYndeZ,10,distinct,none,distinct,1 2 6 7 8 9 10 16 17 24
AA1W4ASE7e3LuGXAGi4C1Pss8c58LqZYuK,10,plain,none,mixed,1 2 6 6 8 10 11 16 18 22
AA1WGa6WawaKYHYiFWDA481G98mb929eD0,10,plain,none,mixed,2 2 3 4 4 4 15 16 23 27
AA1WICGYSDZfCiZWi38H4N20K3fj4X0G4G,10,plain,none,mixed,1 3 5 5 5 6 12 16 20 27
AA1WGH14QwX84WXe1K8JAauZ24X4An2q9H,10,plain,none,mixed,1 4 4 5 6 7 17 17 17 22
AA1W8oM3O210AHXYeX618Ams4mn6KGlI1G,10,plain,none,mixed,1 3 5 5 6 7 9 12 14 38
AA1WA6gkeL3WH2HrdA48K3mH4eAKa_GBYX,10,plain,none,mixed,2 3 5 5 7 10 12 12 16 28
AA1WaHCYaaHHXhaca880kep24_kr14k7GX,10,plain,none,mixed,1 2 6 9 11 12 13 14 14 18
AA1W962G11KRYKINHeeKCXf8n0W6Wa3MB4,10,plain,none,mixed,1 4 4 6 9 9 9 10 12 36
AA1WB1JEHII1wCXipGY28I4OnSGfcawGC1,10,plain,none,mixed,1 2 5 5 7 10 13 14 21 22
AA1W4ZQ-268947HXC2Gu404DCHD4v2ukb6,10,plain,none,mixed,1 1 5 5 6 8 9 19 23 23
AA1WWXymY8M1YGcQogGGD4p28a6qQGV28I,10,plain,none,mixed,1 4 5 8 9 9 12 13 18 21
AA1W5GXW1WPYGI5GgIH4ZXQZXaCm40GYQI,10,plain,none,mixed,1 2 3 3 4 13 13 13 23 25
AA1WJ2OP4MUGBdys2eX11YAIYJ9O8Xf0uG,10,distinct,none,distinct,1 4 6 7 8 10 11 13 18 22
AA1W0W2AWsZlhBIXb129PgEZfJWW0-NEn8,10,plain,none,mixed,1 4 6 6 9 10 10 11 16 27
AA1WHC5WJZ8P2aoSLZK07CT31LofrWiI10,10,plain,none,mixed,1 1 4 6 8 10 15 16 19 20
AA1Wo0OYKARba0m61G9H4m40O25WIIe48X,10,plain,none,mixed,1 1 1 5 7 7 12 13 20 33
AA1WH1Nbs4HY8UcK88eGmYf371M8FC38V0,10,plain,none,mixed,1 1 1 9 9 10 12 12 22 23
AA1WKIW20GgGsh548Z42GeLAOH041WOa4W,10,plain,none,mixed,1 1 2 4 8 9 14 17 18 26
AA1W8944WOZ2evK-H4W60R0oAAfJ8a2X48,10,plain,none,mixed,1 1 2 7 8 10 13 15 21 22
AA1W0JOB7Gb99v0G2YeIBDa0q0jcXS810e,10,plain,none,mixed,1 2 2 2 4 7 16 21 21 24
AA1W0SUBnn99HI2G9dGWY5HHW84p8C2eGA,10,plain,none,mixed,1 1 1 7 8 8 15 16 17 26
AA1W30F44GEZ4i1WJwGAev4GWRMfLKHIKH,10,distinct,none,distinct,1 2 3 6 7 12 15 16 18 20
AA1WXKBY7v8n4e9Au0m1Gb8n54h44GQLr2,10,distinct,none,distinct,1 3 5 6 9 13 14 15 16 18
AA1W0c4aw6W0nfni2eGeauR3QIYEGWjH9I,10,plain,none,mixed,1 2 5 8 9 9 12 12 17 25
AA1WOL399OJ2Kc2mA09GaC4GX5P9J20W11,10,plain,none,mixed,1 2 3 4 4 11 13 14 15 33
AA1WXE64v40O2MY2GP5H48HBe5Web1DiIG,10,distinct,none,distinct,1 2 3 4 5 9 10 17 20 29
AA1W28I1J9jJiXk0EHm4Gy8GO4IX0ePjK6,10,plain,none,mixed,1 1 2 5 7 7 11 16 22 28
AA1WCX81paWXGY5d6S899oAIivFNon4GA4,10,plain,none,mixed,1 3 4 8 10 12 13 13 16 20
AA1W0ODEH10eY57Gc1G0O40JdF2ydcCAZ4,10,plain,none,mixed,1 1 2 5 7 7 8 15 16 38
AA1W42GC0Q3Sge709a0Y4NIfOw109P8A1W,10,plain,none,mixed,1 1 3 5 6 8 8 15 17 36
AA1W62AJI8nMDcY4AbW48aXK80lAaKv99H,10,plain,none,mixed,1 1 8 9 10 10 10 12 18 21
AA1WmE2G1YNGeSaK4uXJGSCX82ma3WHuJ0,10,plain,none,mixed,2 3 3 6 8 9 11 13 17 28
AA1W0aoOR3dWKLYB40WoIY92eYokIcaGGa,10,plain,none,mixed,1 4 5 7 12 13 14 14 15 15
AA1WWa8TaveIaaH42iH8gOA2s8GXm9UEHG,10,plain,none,mixed,1 3 5 6 10 10 10 15 17 23
AA1W4LUCHiIXKx4KXX4GK9cf1qCZPj0G20,10,plain,none,mixed,4 4 4 5 8 8 9 16 18 24
AA1W8f5CDyfXGIqEMCX61790WKRMIH88K0,10,plain,none,mixed,1 1 1 10 10 11 12 13 19 22
AA1WICO2X3w3YaG20mAIai1XaF48H9A65G,10,plain,none,mixed,1 3 3 4 6 10 12 18 18 25
AA1WC3Go040Ns4fZCfMn5G12Ko9890s58Y,10,plain,none,mixed,3 3 3 4 6 7 13 15 19 27
AA1W2Wui70c6Mo2Wa0X8YZQ9naYGY0O109,10,plain,none,mixed,1 1 3 3 4 11 12 13 24 28
AA1W0m81iA3vqWL4XaI8Gi5Wo5GZkIDw4W,10,plain,none,mixed,1 2 2 4 10 11 12 15 19 24
AA1W1TZI1Qx4q20L6IIX6WgAXtK8B16KWY,10,plain,none,mixed,1 2 4 6 7 7 9 19 22 23
AA1WH4Y8AddYmi10A0yH6qPZ5X4Y2P2qL2,10,plain,none,mixed,1 3 3 7 8 9 10 11 21 27
AA1WKaBCY9uWvGo4Gg44EHT0uz7m37nlg6,10,plain,none,mixed,2 4 4 9 9 11 12 12 16 21
AA1W0C2rM40mI38IiW4aAY8H1GQPAfcno2,10,plain,none,mixed,2 3 3 6 7 7 9 12 20 31
AA1WI9KXXrTbGE2Hd0Y4Ruvm6B2XAT3eKa,10,plain,none,mixed,1 1 7 7 7 9 12 15 18 23
AA1W4nbD2G40K2XHi8GWC3iPaEv4GWGY2L,10,plain,none,mixed,2 2 3 3 6 8 8 20 22 26
AA1Wo4ahDo6GW478w0K08aaFc2s7uB0I1G,10,plain,none,mixed,1 2 3 7 8 9 9 10 20 31
AA1W1KHEKWG1mYIeZ0Wb37UPhQq50e5v99,10,plain,none,mixed,1 3 5 5 8 10 10 11 15 32
AA1W4GWPqO8A48aWX274H5JZaSoc8gGgDW,10,plain,none,mixed,1 2 3 4 11 13 13 14 19 20
AA1W30Kg5aM3GEQG91G42WLnK90hb78ud8,10,plain,none,mixed,3 4 4 4 9 14 14 15 15 18
AA1WeJayogDHKKXWC90G50LX1Z48h642WN,10,plain,none,mixed,1 3 4 7 10 11 11 12 20 21
AA1WWQQpaqYOn0J2KIY4EHAXI74082WZ0W,10,plain,none,mixed,1 1 2 5 5 8 10 10 17 41
AA1W6OvK9hBaSOgFXeD0eUQYC5YCi56408,10,plain,none,mixed,1 3 4 4 9 10 15 16 19 19
AA1WY2G9OPl8C10Or0AYCYK9HCIKA99H2O,10,plain,none,mixed,1 2 3 10 10 12 12 12 15 23
AA1WBAe534MnFHwCmI42GHv3ma0G8GJ4am,10,plain,none,mixed,1 3 4 4 11 12 13 14 15 23
AA1W5GjoDeYbiJCHC00IIE9GnPHqI4eb1Y,10,plain,none,mixed,3 3 4 4 8 9 12 14 16 27
AA1WXFqCRYCLc4105X472ef0dYIIoS8m10,10,plain,none,mixed,1 1 3 6 6 8 11 16 19 29
AA1WR3XgCXDWj6Go8HC6JIAGWuG8aCfa0u,10,plain,none,mixed,1 1 4 6 6 7 11 14 21 29
AA1WWK394WLn6HyCM2GI3sV8XAHIL2YWoA,10,plain,none,mixed,2 3 4 6 7 10 12 18 18 20
AA1W4Za48X9X5WX01m25Wer0M6ms2woM28,10,plain,none,mixed,1 1 1 6 6 6 16 17 18 28
AA1WXZyV0t6Wp5FAqua0a18a6GLAHHO6f2,10,plain,none,mixed,2 2 6 8 9 9 10 11 18 25
AA1WC10I9Aqm-0W4WW42OWQ4m53mL2iOY4,10,plain,none,mixed,1 1 2 5 6 9 10 14 19 33
AA1W8l78v0h4gYCDv14L49HGO20i2jI9G2,10,plain,none,mixed,2 2 4 5 7 8 8 12 20 32
AA1W2AQQI8Y2Hb532eJ0Gyua6XJmZaVhX2,10,plain,none,mixed,1 2 4 5 5 12 16 16 19 20
AA1We2X4WWK4E2iCL24HcI4SZA1S8QOH64,10,plain,none,mixed,1 1 2 3 5 12 15 15 22 24
AA1WH0418Mcdq76KmG4baH1WK412np3SOZ,10,plain,none,mixed,2 2 2 3 8 10 12 14 21 26
AA1WHC44DXiDeI0x71O1d4P392WQWY4GKK,10,distinct,none,distinct,1 2 3 4 8 9 10 11 16 36
AA1WWi4GKYqMk159PKc1JFCXX1082E8aGa,10,plain,none,mixed,2 3 5 5 6 7 8 15 20 29
AA1W1HnVXKA9n85043GGY28SI9DGI2ms28,10,plain,none,mixed,1 3 7 7 7 8 9 12 16 30
AA1Wo4Sl2BG9EE0k6XA0X4gc9eaFMajgK2,10,plain,none,mixed,3 5 6 6 6 8 12 13 20 21
AA1W4AUCGs0Y74C8c41GA5pjTMLJQijZe8,10,plain,none,mixed,1 1 6 8 9 10 11 12 18 24
AA1WKX5eea3WI2EWO108o4mD24WO54OX14,10,plain,none,mixed,1 2 4 5 6 6 13 15 24 24
AA1W88anj70b455us9qH8qU-8GY2971q92,10,plain,none,mixed,3 3 4 5 6 10 10 12 22 25
AA1W0O20oI8iKXWe50OB144WK2vkCYG64G,10,plain,none,mixed,1 1 2 3 6 8 14 14 18 33
AA1W58a2c8WY4IZ5mI28Om8H4OXCbX28L4,10,plain,none,mixed,1 1 2 5 9 11 14 16 19 22
AA1W1HGA2Wg5aEGa48k10mA4qiaO38EXS8,10,plain,none,mixed,1 2 2 6 8 8 14 16 17 26
AA1WGQ4GD1SHXA14E2G80WE8X1GF1-9NCX,10,plain,none,mixed,1 1 4 5 6 8 9 16 17 33
AA1W4W-fec4H0G6Go3G8A4HXLOj0G2Wg6G,10,plain,none,mixed,2 4 4 5 5 5 7 13 17 38
AA1WX5ORX5CSdmX6H1E2YOAyWX18HGr1H2,10,plain,none,mixed,1 2 8 9 9 10 10 15 16 20
AA1W8n4927W8108BM10AHYCOZ48YSaa8H8,10,plain,none,mixed,1 2 3 3 5 9 10 16 16 35
AA1WA9K918A5GgKo4IY2OH20C1IWG40X48,10,plain,none,mixed,1 2 3 3 6 8 13 14 15 35
AA1WG14OU8eZmPr2cWWGBqa1I9HPElEmL2,10,plain,none,mixed,1 1 4 10 10 11 13 15 17 18
AA1WaAXuCWH0i8Yu0K24kaAJU4WY3m60X4,10,plain,none,mixed,1 1 3 5 6 8 11 15 18 32
AA1WOZi8d44X22KMMZ24X2K4vHQ8X0T0G2,10,plain,none,mixed,1 2 5 6 6 9 12 18 20 21
AA1WXYA9WrgmE1G8Ya22KWK1GE1J0U9ab4,10,plain,none,mixed,1 2 2 3 7 9 12 13 20 31
AA1W33KKHDBqXKIH51G8HQY3HImZg3W7XY,10,plain,none,mixed,1 2 4 6 11 11 12 14 15 24
AA1W11axQ28i3GIqKmYC2uEC1Gn4mYt92W,10,plain,none,mixed,1 1 3 6 8 9 11 14 15 32
AA1W5WGS8arcK8KAIf84WAS8itWdY9QA2J,10,plain,none,mixed,1 1 1 6 7 13 13 18 19 21
AA1WH0F10Q4TIRsWK10YaA0eH6XaX24i3G,10,plain,none,mixed,1 2 3 4 6 6 8 17 25 28
AA1WM5KIcXa1Amq4I4G97NN4WA4IXHCA0m,10,plain,none,mixed,1 4 5 5 6 8 12 17 17 25
AA1WX469o4zCKd4wCAW52ISOG50ovXqcKH,10,plain,none,mixed,1 2 6 7 8 8 10 15 16 27
AA1WO12Rb0i1dXXK2Wa31CnXY9QE9IGX4G,10,plain,none,mixed,1 3 5 8 9 9 13 14 15 23
AA1W8XWI6GD15nJg6GX90aHKaI9oBL2fDH,10,plain,none,mixed,1 3 7 8 9 12 13 15 15 17
AA1Wb0X40ECz48YGZ34YWF10bAfMcj4YYa,10,plain,none,mixed,1 5 5 5 9 9 12 12 17 25
AA1WIZe63GACCYIGw4m40sQD38MOY080Wq,10,distinct,none,distinct,1 2 3 4 7 10 11 17 19 26
AA1W4YCgMa1aBWaBAH4c6Y8I1yEZ3hH3WA,10,plain,none,mixed,1 4 4 6 9 11 11 11 15 28
AA1W40J4J2T2I2B8v1a1G9AXXo0S58eZ6K,10,plain,none,mixed,1 1 2 3 6 12 15 19 20 21
AA1WAIDQP4u8Wh3eiTWB1co5OeY8WJYiOI,10,plain,none,mixed,1 2 5 6 7 8 12 12 14 33
AA1Wg1G90SH21fKgb2OWW971qEAG9Gg5Wq,10,plain,none,mixed,1 3 4 4 10 11 12 17 18 20
AA1W48A50HOMI4WaavX2G968m_c4OZ9iKW,10,plain,none,mixed,1 1 4 7 7 12 13 16 17 22
AA1W54XaB199P38A0W4X18D18X4K4GY4aG,10,plain,none,mixed,1 2 2 4 10 10 10 11 25 25
AA1WIAnP15f4OgWjQ864WGAQSZI5DP08Aa,10,distinct,none,distinct,1 2 3 4 6 11 13 15 21 24
AA1WOY80a250h7MH4GXOIa4KYWqCs1m1uO,10,plain,none,mixed,1 1 4 4 6 9 17 17 17 24
AA1W30A7nM5481vZa0278Y4H6MjLKefWK8,10,plain,none,mixed,1 1 1 5 8 11 15 17 19 22
AA1W4AeeWYGD2AYJI2WB2GcdeXC4GXC6Ka,10,plain,none,mixed,1 1 7 7 10 10 11 14 15 24
AA1W4H13Gf61G37Wd1e1WD1UKSegGY4eZa,10,plain,none,mixed,1 3 3 5 6 9 15 16 19 23
AA1W48a6PXIOcHjm2441OC7XQKXLBF4raG,10,plain,none,mixed,1 1 3 6 11 12 13 14 18 21
AA1W0881WmlU7U1EXn218p5uK91S_CaX4W,10,plain,none,mixed,1 1 1 3 7 10 15 16 18 28
AA1Wb9AvYeIXOZEqeYaf232bF5G4FY8X04,10,plain,none,mixed,1 5 6 6 9 12 14 14 15 18
AA1W88Y8h38kdk5w2W86OnBE338I2hko18,10,plain,none,mixed,3 3 4 4 6 10 12 12 19 27
AA1W98W6eHeGOb29A0a5WG2qrF2BojKiY6,10,plain,none,mixed,1 1 3 11 11 12 12 13 18 18
AA1Wf4ac1eb3Lz1aB14714A4b7RWtum60e,10,plain,none,mixed,1 3 5 9 9 12 14 15 16 16
AA1Wec2nXb8GXFfEu8Y0H3eGv8X8GMe3vm,10,plain,none,mixed,1 1 4 6 7 12 15 17 18 19
AA1W4ZInX72GY68Xe96G92eIZsg99EefCW,10,plain,none,mixed,3 4 5 7 7 9 10 16 17 22
AA1WJ48YShHkKEYO30HHKo1W4D6n8XWG0H,10,plain,none,mixed,1 1 3 5 6 9 14 16 22 23
AA1W8ma4YOzHa4AClGX6W7ADg4n5A6ULgW,10,plain,none,mixed,1 1 2 5 8 9 12 14 20 28
AA1W8ywaIYeGWg68WX4YXj1SsXo6WG1Y8H,10,plain,none,mixed,1 3 5 5 5 6 9 11 20 35
AA1W4LK6vKH7KocGp8AY21N50m0p6648g6,10,plain,none,mixed,1 1 3 6 6 10 14 15 16 28
AA1W8Xv8ocaz6L1mc4JCHe0bQGC4n48o8W,10,plain,none,mixed,1 2 2 5 7 9 14 19 20 21
AA1W9fKAep830S0v4T428G0Xf4K40t7qX1,10,distinct,none,distinct,1 2 3 5 7 8 9 15 18 32
AA1W20VGj9BGX8GXEcIOIZCGz6IGe23dqG,10,distinct,none,distinct,1 2 4 5 7 8 9 16 20 28
AA1W3WNCwCIYIOWJ4WI40W9YCPza0aV8a2,10,plain,none,mixed,1 1 5 6 9 11 15 16 16 20
AA1WA8v58LYwKHWN2e558P0i5OiC90c2W0,10,plain,none,mixed,1 3 3 5 9 12 12 13 15 27
AA1WYL2NUoe9XKaY6m98Iq76GdAQBPKEA8,10,plain,none,mixed,2 5 5 5 8 12 12 13 18 20
AA1W2COAE-qLa904106nX46ZmH0ev-nu20,10,plain,none,mixed,1 1 2 5 7 11 11 17 21 24
AA1WGWH8uVs2nUWjpI228YWtAyH54MAbHK,10,plain,none,mixed,3 5 5 6 6 11 11 16 16 21
AA1W14XdIOWqqeOaGA2aXe1GEg6e50USze,10,plain,none,mixed,2 3 3 4 6 7 10 17 22 26
AA1WGjWXbQKT4OjNfv024zXBqeaYm9S3CX,10,plain,none,mixed,1 4 5 6 7 7 8 14 20 28
AA1W4GQ48Y4T4qWifZ22G510Rmg5WCHw4W,10,plain,none,mixed,2 3 5 5 5 6 11 15 24 24
AA1Wi1C9eQ518idHBI4X020fOiaXXH74pa,10,plain,none,mixed,1 1 6 8 8 12 13 13 15 23
AA1WJ5igWuGX3ev7p1AWfAl8YuGXSSPWKG,10,plain,none,mixed,2 4 5 6 6 11 12 16 18 20
AA1W0X45ZXSIXR1G4AGaaafAJ1O4P18F0B,10,plain,none,mixed,1 1 3 6 8 10 11 13 19 28
AA1W3GB2WASX58bGK3W2WI4OG4NaGXuJ48,10,plain,none,mixed,1 1 2 3 5 9 14 20 20 25
AA1WXWnAXKHXAIEisKP14CdF18alX2UHi0,10,plain,none,mixed,1 1 5 8 9 11 14 16 16 19
AA1W28K4p7uL8i3W82O0WaAP2H0924mq70,10,plain,none,mixed,1 1 2 3 5 6 7 19 23 33
AA1WKQPPAShGi4M44Wa00s2psyWKbbye00,10,plain,none,mixed,1 1 3 7 8 10 11 11 22 26
AA1W8Z8I2ZqWn3mO30qc4GK0W9AGZ8qB0e,10,plain,none,mixed,1 1 4 5 7 10 12 14 21 25
AA1W0a4WJabIPN4824WWPq5182eE47WY4O,10,plain,none,mixed,1 1 1 3 8 10 10 15 24 27
AA1WbHAYHGw1W61L92C47Gy8EZN48n50e3,10,plain,none,mixed,2 3 3 7 7 9 9 15 17 28
AA1WmSeYiyEYrqse4X410Yd49OWivL4f2G,10,plain,none,mixed,1 5 7 9 10 11 11 13 14 19
AA1W04KvRG-6SiQq1bY8qZnkOqTDwnDH14,10,plain,none,mixed,2 5 6 8 9 10 13 13 16 18
AA1W10OudYu8fI2HmY08AI9AvQDVOv44WQ,10,plain,none,mixed,1 3 3 6 13 13 13 14 15 19
AA1WAHZ6nOL1kOGU2Cu0W57BDaZ2HfJWg6,10,plain,none,mixed,3 3 3 5 8 13 13 14 18 20
AA1W90E1eG14LzoEArG2841K4X5oB51PYK,10,plain,none,mixed,1 3 3 3 8 9 13 13 15 32
AA1WE080m90aY6I0m4830A1iD3CLUY4AXq,10,plain,none,mixed,1 1 1 4 6 8 11 14 21 33
AA1W0q921mHA8ma401WOL8iabecaZWIYIo,10,plain,none,mixed,1 1 3 8 9 10 11 14 17 26
AA1Wa4ncQ41Abh080uJCWeA1S8c9tVAfKW,10,distinct,none,distinct,2 3 4 5 8 10 11 12 22 23
AA1W2JmGZYiAGW2OKMY28yZ38hJ4OH2a4m,10,plain,none,mixed,1 1 2 5 8 9 10 13 13 38
AA1W950K4XyGaIGY8OJ37OccNXi810G51A,10,distinct,none,distinct,1 2 3 6 7 8 9 14 21 29
AA1W8CON1WKPp4WY9a4W21ECApr6WiEc08,10,plain,none,mixed,1 1 2 5 6 9 12 13 23 28
AA1WK58L4UKA94KKH1AXZgo8G_cQ4H458P,10,plain,none,mixed,1 2 4 6 8 11 13 18 18 19
AA1W2GK3mPFSe90i43W30G28i220SMaAWa,10,plain,none,mixed,1 1 1 5 5 8 12 18 24 25
AA1W64Cr_18HGs0fLeGWmgGhDerNYHHK94,10,distinct,none,distinct,1 2 7 8 9 10 13 15 17 18
AA1WB1uT28-2GYsKpuI20fIbaIWY0881mD,10,plain,none,mixed,2 2 3 3 10 10 11 11 17 31
AA1W84Wn0iRIyCf6P2GW10LMLVB9AGY2WO,10,plain,none,mixed,1 4 4 4 7 9 11 12 22 26
AA1W38e4Y4GiKHDy3ZK4Gy8f2WWSI8S3aW,10,plain,none,mixed,1 1 4 6 7 12 14 15 15 25
AA1WIhHKaXeGr5HeA2G210WAq1MIpXSD2G,10,plain,none,mixed,2 2 2 6 6 8 14 17 19 24
AA1WW20IGu37ef4b7m1AL8A1CEB2IgIA9M,10,plain,none,mixed,1 1 3 5 11 11 12 13 21 22
AA1W0C9IXL59JmW4QWYXQF99o8Qud6Hn1G,10,plain,none,mixed,1 2 2 6 7 11 13 15 17 26
AA1WGWK4KAYUBiaK6YO80UYyRwXm1A8K2e,10,distinct,none,distinct,1 2 4 6 9 11 14 15 18 20
AA1W5GAHv85ua92CnXHGI18eeY4HBYXAAW,10,plain,none,mixed,2 4 5 5 6 8 16 16 19 19
AA1W390M2l29tMQ4mC44mbH6GqXef4teu4,10,plain,none,mixed,2 3 3 3 7 10 12 16 19 25
AA1WecOv78MhAebyJ3580gW6poeqXOu40H,10,distinct,none,distinct,1 3 5 6 9 11 12 16 17 20
AA1Wa2H494H1NJH34Gu0a4tdYKCqbDHgaA,10,plain,none,mixed,1 3 4 7 9 11 13 13 17 22
AA1WIAGchjgGfO3080q2JY51PN196AGM48,10,plain,none,mixed,1 2 3 8 9 10 10 12 17 28
AA1W2WYyaHXrsj8aaHX8I58gHf4mZdYD84,10,plain,none,mixed,1 2 4 11 11 12 13 14 16 16
AA1W18CSWg8g3HkoXaI894JHgHYBimVC54,10,plain,none,mixed,1 1 4 5 9 11 14 15 17 23
AA1Wb2I8Ym7OfX0C0m64aev78I5WAoIa48,10,distinct,none,distinct,1 2 3 5 8 11 13 14 15 28
AA1WGXvo28MWi8l64P4GH4oIRa3Gb43Ww8,10,plain,none,mixed,1 4 6 7 7 8 13 14 19 21
AA1W89GI5G4bCRX1eX26P8Oaub0420d4qa,10,plain,none,mixed,1 1 6 7 9 9 9 11 19 28
AA1WY3YSc2p7puWY4A0AK6YPNX4Wc7yAH9,10,plain,none,mixed,2 6 6 7 7 8 9 10 19 26
AA1W92e2nAAL4i10G8XOZGgSbL3uB2GG22,10,plain,none,mixed,2 5 5 6 7 8 10 10 13 34
AA1WGf6oCI5GLCaY6GK53Enm27wCNWbw08,10,plain,none,mixed,1 1 3 7 9 9 13 14 14 29
AA1W5Gw8aK42G31zB8yD0823LkIe4Y30O4,10,plain,none,mixed,1 3 4 4 5 5 11 19 21 27
AA1W8D5Gaef1KZSYbqee3OJ0W8XKBq5X24,10,plain,none,mixed,2 3 3 5 9 9 10 19 20 20
AA1W742GI4AXLJ7uaCY26KdKaaW2X5G28Q,10,plain,none,mixed,1 1 3 8 8 8 12 14 20 25
AA1WH8aG91O2WJIQI8e4ebwMI1O2XA9HSe,10,plain,none,mixed,1 4 6 7 8 8 9 10 12 35
AA1WH64n07siQ50m8X09DX28I5GszGv88H,10,plain,none,mixed,2 3 4 4 4 11 14 17 17 24
AA1W4XAD8Wa4xdShnGwaK1WH2mkG850QI8,10,plain,none,mixed,1 3 4 5 6 8 8 14 23 28
AA1W1WNho8SaiNscGq4AYBQHY964619X28,10,plain,none,mixed,3 4 4 6 9 12 14 14 17 17
AA1W4QYCGJCWqKDGK4WAXJxqeAme50eb14,10,plain,none,mixed,1 4 6 8 9 9 9 15 16 23
AA1W10Kn2N4XXE5mI688A64Wo57Xq1GE18,10,plain,none,mixed,1 1 2 3 6 11 13 17 19 27
AA1WL1IKncCb4rfj89X204v0TmG2X62KIe,10,plain,none,mixed,1 4 4 6 8 12 13 14 16 22
AA1W88N2uxDaPWUHYK520M24Wg0j9iy7S0,10,plain,none,mixed,1 1 4 5 8 10 12 14 20 25
AA1Wb4I8VI548w0nle8M965J5-8QaCYGH5,10,plain,none,mixed,2 2 6 7 9 9 12 15 17 21
AA1W70h82We3nYYsVK4C1z4Jf2a1GIFX2G,10,plain,none,mixed,1 1 2 7 9 11 11 11 13 34
AA1W22RGGqB8uIBGGa8W419XwCIgZTuN4K,10,plain,none,mixed,1 2 5 7 7 8 11 16 21 22
AA1WKa4GJfMRJMH8Cp11E94XQWyZihc590,10,plain,none,mixed,2 2 3 8 9 11 11 15 18 21
AA1WI1SIiI5cq5gJ4f5618omN62UaHiDIW,10,plain,none,mixed,3 3 8 8 10 11 11 13 16 17
AA1WA6JabGK91pLKA1WX2YZrmq988Y6XIg,10,plain,none,mixed,2 2 4 5 8 10 11 14 14 30
AA1W8Wd810-0h49mX2X4mL4cILgRHC9IC4,10,plain,none,mixed,3 3 4 5 7 11 11 14 16 26
AA1War6JJ6BylIQJLP402OMTYFABS09403,10,plain,none,mixed,1 5 7 8 8 11 12 13 16 19
AA1W4Mh4g49YGL24JY4WI2lLAWqTKnGQ4G,10,plain,none,mixed,3 4 5 8 8 8 9 18 18 19
AA1W28ElL2eAXKGQagPIo5I1GGz0Gy4LM0,10,plain,none,mixed,1 3 3 7 7 10 12 13 15 29
AA1WKgXs1m64OD0b1G89YKAWu8oEIENoWI,10,plain,none,mixed,2 5 7 8 9 9 11 14 17 18
AA1W1WC4M42eYCKFo5G8WcCfeMY6WZI0Wo,10,plain,none,mixed,1 1 3 3 11 12 13 17 18 21
AA1W48U25uLmnPBGE3098f6HQaBSY2WY44,10,plain,none,mixed,1 2 3 7 8 9 10 17 17 26
AA1WGY52GA1GpmOONP5IYO2uM1hKIiLoK4,10,plain,none,mixed,3 3 4 8 9 9 10 12 14 28
AA1W0iBThCSh8GMKE91WI612YA9KdYkaHG,10,plain,none,mixed,1 3 6 7 7 12 13 13 18 20
AA1WX060iLHQBYAfef8W9kA1IAWyaSXH8K,10,plain,none,mixed,1 2 6 7 8 9 9 13 15 30
AA1W041G9ID3eL4Uk9IY2L98J5X8CHa8-4,10,plain,none,mixed,1 1 5 7 9 10 11 12 16 28
AA1W40GY1nGj0m6WHGKH9JFX4aHZC1HAHY,10,plain,none,mixed,1 4 4 5 6 7 11 14 16 32
AA1W4WaPB1HQ68o1S4G8f4HfYSBW66anaQ,10,plain,none,mixed,1 3 3 4 6 9 9 13 18 34
AA1W4XA2D1eGI4Or6P261087HR8KoYMsCO,10,plain,none,mixed,1 5 5 6 6 9 10 13 21 24
AA1WWAECNX28nY9wuaG8agP8iMo3Ww4eK6,10,plain,none,mixed,1 1 7 8 10 10 11 12 15 25
AA1WX08FfW10W9d38OeWW20YfF2u9g5GB4,10,plain,none,mixed,1 1 1 2 6 9 9 15 24 32
AA1WY4ebnYY2rOZ7S8e51OA8wbCHA2I6Wf,10,plain,none,mixed,2 3 5 8 11 11 11 14 15 20
AA1W1GLegNYcWA-wEeCXNqnt1xWJYn9bO4,10,plain,none,mixed,3 5 5 7 7 10 12 16 16 19
AA1W4PO860W1oI1K4ec90uBaAYICXa82CI,10,plain,none,mixed,1 3 5 5 6 8 11 13 13 35
AA1W0DnkHcC8a2agQ4mOa3W0JXn28msM4W,10,plain,none,mixed,1 1 2 3 4 5 17 19 22 26
AA1W4aGbX4C1XlQLv84X968ecyneKy4X4H,10,plain,none,mixed,3 3 4 4 4 9 13 14 16 30
AA1W8f28G9ncGKKu8104Gi11A9XM2aaz28,10,plain,none,mixed,1 2 2 3 5 11 15 18 21 22
AA1WK3utv_1WCGn2a9K823fwg5C83255Q8,10,plain,none,mixed,1 3 4 5 5 8 11 17 18 28
AA1WWO-H2Gn4ieEEg8I1CepsHXBgYYA1i6,10,plain,none,mixed,1 3 3 9 10 10 11 14 18 21
AA1W0C6WemBucmf8GXSgWO3uu81HCr4zXG,10,distinct,none,distinct,1 2 3 4 5 9 11 14 23 28
AA1WY01v44I1GB6mBKbWYZQg6GEbzMhr8e,10,plain,none,mixed,1 1 2 5 7 11 13 13 23 24
AA1WI2HOKWa1CB041K829GI142YOJoIAFH,10,plain,none,mixed,1 1 1 6 8 11 12 12 23 25
AA1W0JYAR1Ug88a1CGXeD7pyHKHoDHMIuW,10,plain,none,mixed,1 4 6 7 9 13 13 14 15 18
AA1WK2IAPeH6CHKK1WC0GSK0We16AHCmb4,10,distinct,none,distinct,1 2 3 5 8 9 12 14 16 30
AA1WKKK-qHiQIKqMCAZ25cMP2tX28M8COG,10,plain,none,mixed,1 3 6 8 8 9 9 12 17 27
AA1WWY7EGU8dvyXHCCa4imKX9ImeA2jXkG,10,plain,none,mixed,1 1 4 4 7 9 11 17 19 27
AA1WQDG8LzNWb20G9n2O4W20o9IUPgMAai,10,plain,none,mixed,1 3 7 7 9 10 10 12 18 23
AA1W82E54af242qYY49OYIpIg9n5kY8WK3,10,plain,none,mixed,1 3 5 9 9 12 13 13 14 21
AA1W6exA9ZCXHx8AH8C0mA0gHAD5P7vBuW,10,plain,none,mixed,4 4 6 8 8 9 12 12 15 22
AA1WOIIHWg4fWJa4yam0W69DIZ2L7BmI2m,10,distinct,none,distinct,1 3 4 5 7 11 13 16 19 21
AA1W8GaYKAHbCpL1a508YmJcBH1426eGY6,10,plain,none,mixed,1 3 5 5 8 10 12 14 17 25
AA1WaCWK1HHHg6WuL0e2QJE0O90Y5WW558,10,plain,none,mixed,1 1 2 5 6 9 17 19 19 21
AA1W30eY15OiUKec4R0I3OSgLZ38B023f2,10,plain,none,mixed,1 1 6 7 8 9 13 16 18 21
AA1W0VfOC6MAnXSuz0qGDgXDASZhjC8CWW,10,plain,none,mixed,2 4 5 6 11 11 12 12 16 21
AA1W4Ke4XSl2KXYNf19eJzSRG41EtC30e2,10,plain,none,mixed,3 4 4 5 7 9 11 13 20 24
AA1W2XZ96WY2WA1_98I80m955_R4GU5WI5,10,plain,none,mixed,2 4 4 6 6 8 11 12 18 29
AA1WL1cA0GA4mdh8uH52G5WJqC24nK7Gg8,10,plain,none,mixed,2 3 5 5 6 7 9 16 23 24
AA1W2X7KHfCIes5eWy6H24Ac2aWiAJIaJ1,10,plain,none,mixed,2 3 4 5 11 12 13 16 17 17
AA1WY2qGWd4Zm1820K42CGf5OI4OZWj90i,10,plain,none,mixed,1 1 1 5 9 10 13 14 15 31
AA1WE0T3kcIaOWc4B090Hq8L1C9AZGe949,10,plain,none,mixed,1 1 1 8 11 11 12 13 20 22
AA1WYqQZZyAo0417eX94HXB8i80GcAL4Oa,10,plain,none,mixed,3 4 5 5 6 7 11 13 15 31
AA1WAHTwHdCYa3mU48OA2G90O9Q9WR9aR0,10,plain,none,mixed,1 3 8 8 9 9 9 15 17 21
AA1WM72EPh4L2uH99AKWYK3CmG51aab2Aq,10,plain,none,mixed,2 3 3 5 9 11 12 13 16 26
AA1WCIZtGX4PDOu4168H19WWGA2G9HOaZ4,10,plain,none,mixed,1 3 4 4 6 11 12 14 18 27
AA1WH8n51GY3MZB9IXG20icjAHNL3O832I,10,plain,none,mixed,2 3 4 5 6 10 14 14 20 22
AA1W8X1SaO555RtHA9ICWQQ2GC18Ecusee,10,plain,none,mixed,1 1 5 8 11 11 13 13 16 21
AA1W67TBg453G20O28IH48V4u11Ma108D2,10,plain,none,mixed,1 1 2 3 6 11 12 16 20 28
AA1W2iQL2OX0YiGyFnYX2q6WwSf4oAMW00,10,plain,none,mixed,2 2 4 5 7 12 12 14 16 26
AA1W1C8WGyV0Gr5HKAGYnOCnK9PCMZK2aH,10,plain,none,mixed,1 1 7 9 9 11 13 14 16 19
AA1WfCOY5XfBL4p10Z09XS8SDjAn2861r0,10,plain,none,mixed,1 1 3 4 4 10 16 16 22 23
AA1WY8gf0t48yIKJWa596EmN25LGP2wgG5,10,plain,none,mixed,1 5 6 6 6 10 10 16 19 21
AA1W0WwFHQ40jJHdW000O21oglaGaWwgbA,10,plain,none,mixed,1 2 3 4 4 5 9 16 26 30
AA1WL486ISjWb4Omg1G0MnwFY4p021OIY4,10,plain,none,mixed,1 2 3 4 4 10 13 13 25 25
AA1W8IhgULz958Y4GWaIGIugXc6G618X28,10,plain,none,mixed,3 3 4 6 9 9 12 16 16 22
AA1W0OjE5mGX48g8N23D18Fg1aMXKa81A4,10,plain,none,mixed,1 1 2 4 7 9 16 18 20 22
AA1WACubS820LrIIaWe4iAW409pinEIhY4,10,plain,none,mixed,2 4 5 5 6 6 9 12 17 34
AA1W4WIfACeZb7YHAAYGfr9InqeiH7CPeG,10,plain,none,mixed,1 2 7 8 11 12 13 14 16 16
AA1W2aeO1PD4KyLL6O9mIKB32_gHg1E88a,10,distinct,none,distinct,1 3 4 9 11 12 13 14 15 18
AA1WE9HBjiTIgAm40e590e34a9W8H1c8G0,10,plain,none,mixed,1 4 5 5 6 7 12 17 17 26
AA1W94ILne6f4GSMX0CiBaL7On0-pjg40S,10,plain,none,mixed,1 1 3 5 7 12 16 16 17 22
AA1WP125020V8uiJ2W9gL4A3C1WBxNV38Y,10,plain,none,mixed,2 3 5 7 7 7 8 13 17 31
AA1WXI7I1eEY2GT2GL20S4AuGE30q4GH44,10,plain,none,mixed,1 1 2 3 6 7 15 16 17 32
AA1Wa0G4fGrIeP5UGA2a0M4HCzXACIaIRG,10,plain,none,mixed,1 1 4 9 10 13 14 16 16 16
AA1W46PVWt839OYbYQXGc7A2ibP9YExx0i,10,plain,none,mixed,1 3 5 10 11 11 13 14 14 18
AA1W99c4Wc5GZ9cG64e0e20Y8ZKT4a8u3O,10,plain,none,mixed,1 1 3 3 4 12 14 14 22 26
AA1W8mK28WSEFvYek682G45SKgAJGcGH1W,10,plain,none,mixed,1 2 6 6 7 8 11 18 19 22
AA1W8Slb5QdF5wBkc4eWWA2Lm8WRfZI6Y8,10,plain,none,mixed,2 3 5 6 11 12 12 13 15 21
AA1WeN28IQ8X0i0p5OG0Y8j0i4f340mYiG,10,plain,none,mixed,1 2 2 3 3 9 15 15 20 30
AA1WG1X4GY6mrI4GX5eGI4n4920Y40OJ68,10,plain,none,mixed,1 1 2 2 5 7 17 20 22 23
AA1W48y7HA6AGE48J3O1WA39qX1cW60q2G,10,plain,none,mixed,1 2 4 5 5 7 10 14 21 31
AA1We0yK1MT983GP8eZZ0OT63kIObJ9KYm,10,plain,none,mixed,1 1 4 8 10 11 13 13 14 25
AA1WaGQUAJhmcyc7dWGa8ONH6oAIaCCSG4,10,plain,none,mixed,1 1 5 10 11 12 14 15 15 16
AA1W48MjsTCOSb4e5g15Y2SOJ_2G5So8KG,10,plain,none,mixed,1 1 1 7 8 15 16 16 17 18
AA1W412Q0G391CfnA9CO3084RZESrkf58W,10,plain,none,mixed,1 2 2 6 8 8 9 13 19 32
AA1W4Z28K1GmhKRRSe8aDXR4T1GC2SZD8H,10,plain,none,mixed,4 4 4 5 6 11 12 12 14 28
AA1WWq68qZ2SaJIQUWgE28Gf6FX98GR21G,10,plain,none,mixed,1 2 6 7 8 12 12 16 17 19
AA1W934oGOyH22GH48HK1Ga2OLOej7eYaI,10,plain,none,mixed,2 4 5 6 9 11 11 12 16 24
AA1W68w9EvL8KYF64MY90ZAYIQ0aYaAnWm,10,plain,none,mixed,1 1 2 5 10 10 12 13 21 25
AA1W4X4K1XIANKXYZmQ28ISr2L2IIGL118,10,plain,none,mixed,2 3 3 8 9 10 10 14 19 22
AA1WX6GYqr2ZJCGaY2064JHQNVD28IKA0e,10,plain,none,mixed,1 3 4 7 8 12 14 14 18 19
AA1W2EmLCPL380mHB0WH5e30RjIFHo2Hqe,10,plain,none,mixed,1 1 1 8 9 11 15 16 19 19
AA1W6HH328q6848PKa9C194MYNvzGI3mQ8,10,plain,none,mixed,3 3 4 6 7 7 8 16 20 26
AA1W941GInmZajeEx047MDenH4fdjDYqX8,10,plain,none,mixed,1 1 9 10 11 11 12 12 15 18
AA1WJAPIBoBb4eM2mY808I6X042G48ACKY,10,distinct,none,distinct,1 2 3 4 5 7 11 15 24 28
AA1WA18IIakNCeWq48HKYC6YKSSKHZo8H0,10,plain,none,mixed,3 3 7 9 11 11 12 13 15 16
AA1WCQC9BC3IoKYGa40893s8HZqa2dyOa4,10,plain,none,mixed,1 1 1 7 9 10 11 15 20 25
AA1WYCDXXRa8fIw1mE20HmF0O75SaZeOe8,10,plain,none,mixed,2 2 4 5 6 8 13 17 19 24
AA1WC2R6246asHH58a4B11zhea58PYIYoK,10,plain,none,mixed,1 4 5 7 9 9 13 14 18 20
AA1WKWu8t6811Yn2I4m41Db-9H46mmgH2O,10,plain,none,mixed,1 2 3 4 9 11 14 14 14 28
AA1W0ma9dImc490eOGL5915I5mVYbLZ48W,10,plain,none,mixed,1 2 2 6 7 10 16 17 19 20
AA1WIAT8Y5soZMK-I044OLOm652LYR6T0G,10,plain,none,mixed,1 5 6 7 9 10 12 12 14 24
AA1WGGYr48v0y4WI49Q82Gk5HIo9I24Gw4,10,plain,none,mixed,1 1 4 5 9 10 13 17 18 22
AA1WOh6IcSGZe4iMZc04X09BHOeYBAEX04,10,plain,none,mixed,1 3 3 5 7 11 16 17 18 19
AA1WX2X4XS7WG2Bn9AAON28eagKIA20GE8,10,plain,none,mixed,1 2 3 5 6 8 14 14 20 27
AA1W1G8129fKeZoC8XIE144GJ1O6Z4P4X4,10,plain,none,mixed,1 2 2 9 9 9 10 15 15 28
AA1W7H18aebH894Ob4841KAbC3yPC2Wo2G,10,plain,none,mixed,1 3 6 9 9 10 11 12 17 22
AA1WB1JihHQGW32BcX4GB2MW5Rm9WV2EaI,10,plain,none,mixed,1 3 5 5 6 7 7 13 26 27
AA1W28Y98fAAHZTHp180G92RbmggGY4n0Y,10,plain,none,mixed,4 4 4 5 5 8 14 16 17 23
