sbn,category,band,score,hardest_rule,solved_via,steps,n_solutions
551WAQv0SGb,plain,Medium,100.0,exclusion,logic,12,1
551W4J49YL4,plain,Easy,15.5,row_col_last,logic,10,1
551W4rP6MY4,plain,Medium,61.0,region_confined,logic,12,1
551W0gtEAb4,plain,Medium,150.0,undercounting,logic,10,1
551WCH48gCY,plain,Easy,15.5,row_col_last,logic,9,1
551W0GxMfKa,plain,Medium,140.0,exclusion,logic,13,1
551W2J48atC,plain,Medium,61.0,region_confined,logic,12,1
551W25I8pV2,plain,Medium,100.0,exclusion,logic,12,1
551W2HRi2v2,plain,Medium,100.0,exclusion,logic,12,1
551W09YohqY,plain,Easy,15.5,row_col_last,logic,9,1
551W2ObM8OX,plain,Easy,15.5,row_col_last,logic,10,1
551W4LO2Q8g,plain,Medium,100.0,exclusion,logic,13,1
551W84p8ghI,plain,Medium,100.0,exclusion,logic,12,1
551W4C69cz8,plain,Easy,15.5,row_col_last,logic,9,1
551W4Z1IiCo,plain,Medium,100.0,exclusion,logic,12,1
551W0ipACo5,plain,Medium,100.0,exclusion,logic,14,1
551W48o94pA,plain,Medium,61.0,region_confined,logic,12,1
551W2gfMPWW,plain,Medium,61.0,region_confined,logic,13,1
551W4Hce1P4,plain,Easy,15.5,row_col_last,logic,9,1
551W5Sp94WX,plain,Medium,82.0,region_confined,logic,12,1
551W4HRGJPI,plain,Medium,166.0,region_confined,logic,12,1
551W8sHWVCu,plain,Easy,15.5,row_col_last,logic,7,1
551W4H-a2Kq,plain,Medium,100.0,exclusion,logic,11,1
551W28WGp9c,plain,Medium,100.0,exclusion,logic,9,1
551W8bH8Cgy,plain,Easy,15.5,row_col_last,logic,7,1
551W8LAGRk4,plain,Medium,100.0,exclusion,logic,13,1
551W40AhiHc,plain,Medium,100.0,exclusion,logic,12,1
551W26HH2Ev,plain,Medium,61.0,region_confined,logic,13,1
551W9R2GiU8,plain,Easy,15.5,row_col_last,logic,10,1
551W4UrK6g8,plain,Medium,150.0,undercounting,logic,13,1
551W20qBkrY,plain,Easy,15.5,row_col_last,logic,9,1
551W1f3QLQI,plain,Medium,150.0,undercounting,logic,12,1
551W9f9L7I2,plain,Medium,145.0,region_confined,logic,15,1
551W191A8xs,plain,Medium,100.0,exclusion,logic,10,1
551W1PLU8JG,plain,Easy,15.5,row_col_last,logic,9,1
551W8iXL07u,plain,Easy,15.5,row_col_last,logic,7,1
551W5xIA2Qa,plain,Hard,500.0,finned_counts,logic,15,1
551W9R8XAZ4,plain,Medium,61.0,region_confined,logic,11,1
551W4HX4YPa,plain,Medium,40.0,region_confined,logic,8,1
551W8XJ0cPL,plain,Medium,100.0,exclusion,logic,9,1
551W5oZ4eGu,plain,Easy,15.5,row_col_last,logic,7,1
551W2573Tcb,plain,Medium,100.0,exclusion,logic,10,1
551W5aHH8cI,plain,Medium,40.0,region_confined,logic,12,1
551W8nB5hLa,plain,Medium,100.0,exclusion,logic,12,1
551W5QZD2Q2,plain,Medium,100.0,exclusion,logic,11,1
551W8wP19rI,plain,Easy,15.5,row_col_last,logic,9,1
551W2LKX5ge,plain,Hard,580.0,finned_counts,logic,13,1
551W4Zt8z1I,plain,Medium,100.0,exclusion,logic,13,1
551W4G6nKgP,plain,Easy,15.5,row_col_last,logic,10,1
551W2JaHaf4,plain,Easy,15.5,row_col_last,logic,10,1
551W2vL2LZ9,plain,Medium,40.0,region_confined,logic,10,1
551WA8YG8ap,plain,Medium,100.0,exclusion,logic,11,1
551W25s54Mo,plain,Medium,100.0,exclusion,logic,12,1
551W0f6I4VC,plain,Medium,40.0,region_confined,logic,10,1
551W3EPW6QX,plain,Medium,40.0,region_confined,logic,12,1
551W2JQ8KvY,plain,Medium,150.0,undercounting,logic,13,1
551W6Ag2UOH,plain,Medium,100.0,exclusion,logic,10,1
551W9LqHCGa,plain,Medium,150.0,undercounting,logic,11,1
551W88gXjs8,plain,Medium,100.0,exclusion,logic,11,1
551W1eYAcQ8,plain,Medium,100.0,exclusion,logic,12,1
551W0DLGYMP,plain,Medium,100.0,exclusion,logic,8,1
551WAPLG8X5,plain,Medium,40.0,region_confined,logic,9,1
551W4GU9MCa,plain,Easy,15.5,row_col_last,logic,9,1
551W1H4H4gg,plain,Hard,540.0,finned_counts,logic,12,1
551W1dgI1TY,plain,Medium,40.0,region_confined,logic,8,1
551W3aqYluW,plain,Medium,150.0,undercounting,logic,15,1
551WAq25pzO,plain,Medium,100.0,exclusion,logic,11,1
551W17a9aD8,plain,Easy,15.5,row_col_last,logic,6,1
551W2EIv39e,plain,Medium,100.0,exclusion,logic,10,1
551W5N28ag4,plain,Medium,40.0,region_confined,logic,10,1
551W0PcI8bL,plain,Medium,100.0,exclusion,logic,15,1
551W2IYXZyH,plain,Easy,15.5,row_col_last,logic,9,1
551W4o5Q64I,plain,Medium,40.0,region_confined,logic,12,1
551W1bqJ4HW,plain,Easy,15.5,row_col_last,logic,7,1
551W1jCneo4,plain,Medium,61.0,region_confined,logic,13,1
551W4HyfaKa,plain,Medium,40.0,region_confined,logic,11,1
551W399W3MJ,plain,Easy,15.5,row_col_last,logic,7,1
551W9eX54IY,plain,Medium,100.0,exclusion,logic,10,1
551W68aA8Cp,plain,Medium,100.0,exclusion,logic,11,1
551W8dSGBp2,plain,Medium,40.0,region_confined,logic,10,1
551W1bgINHH,plain,Medium,100.0,exclusion,logic,12,1
551W0SpE8o8,plain,Medium,61.0,region_confined,logic,10,1
551W4oa26Dt,plain,Medium,100.0,exclusion,logic,9,1
551W5H4H48g,plain,Hard,540.0,finned_counts,logic,12,1
551W2Ag55KH,plain,Hard,540.0,finned_counts,logic,12,1
551W0WNBLPK,plain,Medium,140.0,exclusion,logic,12,1
551W4QJ9cf1,plain,Medium,100.0,exclusion,logic,11,1
551W04qX5TR,plain,Medium,100.0,exclusion,logic,12,1
551W0f3ECwe,plain,Medium,100.0,exclusion,logic,11,1
551WADYAYH8,plain,Easy,15.5,row_col_last,logic,10,1
551WAHH0gn5,plain,Medium,40.0,region_confined,logic,13,1
551W8c_i198,plain,Medium,140.0,exclusion,logic,11,1
551WBSo0PKn,plain,Medium,140.0,exclusion,logic,15,1
551WBSO8uGJ,plain,Medium,100.0,exclusion,logic,13,1
551W2GH3kRf,plain,Medium,100.0,exclusion,logic,13,1
551W2lN62UG,plain,Easy,15.5,row_col_last,logic,7,1
551W2Hc1cqH,plain,Medium,40.0,region_confined,logic,10,1
551W4Hs8Y5a,plain,Easy,15.5,row_col_last,logic,9,1
551W4Up4aIK,plain,Medium,100.0,exclusion,logic,13,1
551WAeCn29c,plain,Medium,220.0,exclusion,logic,11,1
551W2H8gBNC,plain,Medium,100.0,exclusion,logic,10,1
551W5GfWYOf,plain,Medium,100.0,exclusion,logic,13,1
551W1GQIfLg,plain,Easy,15.5,row_col_last,logic,10,1
551W07CpCp4,plain,Medium,100.0,exclusion,logic,14,1
551W0Yio6P4,plain,Medium,40.0,region_confined,logic,11,1
551W2KZY9rQ,plain,Hard,500.0,finned_counts,logic,14,1
551W8HROhP1,plain,Medium,150.0,undercounting,logic,11,1
551W6KYI8NY,plain,Medium,100.0,exclusion,logic,11,1
551W6PBCIO2,plain,Medium,100.0,exclusion,logic,10,1
551W0HkKmwO,plain,Easy,15.5,row_col_last,logic,6,1
551WAZC8Dr4,plain,Medium,100.0,exclusion,logic,12,1
551W28dQ8eX,plain,Medium,100.0,exclusion,logic,10,1
551W18aH4Rc,plain,Medium,100.0,exclusion,logic,11,1
551W8H6HC4p,plain,Medium,100.0,exclusion,logic,12,1
551WDKr8gKX,plain,Medium,100.0,exclusion,logic,9,1
551W8nU1fci,plain,Medium,61.0,region_confined,logic,14,1
551W4V4H2XC,plain,Easy,15.5,row_col_last,logic,9,1
551W2gZM2CI,plain,Medium,100.0,exclusion,logic,12,1
551WCofKHHa,plain,Medium,100.0,exclusion,logic,14,1
551W05t5LKO,plain,Medium,166.0,region_confined,logic,13,1
551WAk-KGAI,plain,Hard,500.0,finned_counts,logic,15,1
551W4fq2LfY,plain,Medium,145.0,region_confined,logic,8,1
551W4GX54Hc,plain,Medium,40.0,region_confined,logic,11,1
551W4nO0UH6,plain,Easy,15.5,row_col_last,logic,8,1
551W6QgX1KY,plain,Medium,100.0,exclusion,logic,12,1
551W8MD8S_f,plain,Hard,500.0,finned_counts,logic,15,1
551W4pPg3LG,plain,Medium,61.0,region_confined,logic,12,1
551W0pLHALI,plain,Medium,180.0,exclusion,logic,12,1
551W1LcI8Kc,plain,Medium,100.0,exclusion,logic,11,1
551W4WHH8cU,plain,Medium,40.0,region_confined,logic,11,1
551W2gLKAbI,plain,Medium,100.0,exclusion,logic,12,1
551W8IfaCHc,plain,Medium,40.0,region_confined,logic,11,1
551W8Z28rT4,plain,Medium,100.0,exclusion,logic,10,1
551W56eZA94,plain,Medium,40.0,region_confined,logic,12,1
551WCoYeb54,plain,Medium,61.0,region_confined,logic,12,1
551W8IPuDHK,plain,Medium,100.0,exclusion,logic,11,1
551W0oik8TK,plain,Medium,145.0,region_confined,logic,11,1
551W1F2BAv4,plain,Medium,100.0,exclusion,logic,13,1
551W4nG5gH3,plain,Medium,140.0,exclusion,logic,10,1
551W49bGYqn,plain,Medium,61.0,region_confined,logic,8,1
551W0J54rcQ,plain,Medium,82.0,region_confined,logic,12,1
551W4JtOa1K,plain,Medium,100.0,exclusion,logic,13,1
551W4J68c4Y,plain,Easy,15.5,row_col_last,logic,9,1
551W4oo0vLY,plain,Medium,145.0,region_confined,logic,10,1
551W4ZQWhLa,plain,Medium,100.0,exclusion,logic,11,1
551W897G8-f,plain,Easy,15.5,row_col_last,logic,9,1
551W5Pi9qE0,plain,Easy,15.5,row_col_last,logic,9,1
551W16356Pq,plain,Easy,15.5,row_col_last,logic,7,1
551W9rvaE1W,plain,Easy,15.5,row_col_last,logic,4,1
551W1KH94pI,plain,Medium,82.0,region_confined,logic,11,1
551W4Ay5Xf3,plain,Easy,15.5,row_col_last,logic,6,1
551W6TpGY4P,plain,Medium,100.0,exclusion,logic,13,1
551W3H9WYef,plain,Medium,100.0,exclusion,logic,12,1
551W4Hlu2GI,plain,Medium,100.0,exclusion,logic,9,1
551W2Aa92Cp,plain,Medium,61.0,region_confined,logic,12,1
551W1ddMa52,plain,Medium,100.0,exclusion,logic,14,1
551W0hCMII9,plain,Easy,15.5,row_col_last,logic,10,1
551W5vk2bAH,plain,Hard,500.0,finned_counts,logic,18,1
551W4XrCTKa,plain,Hard,540.0,finned_counts,logic,14,1
551W682BkOY,plain,Medium,100.0,exclusion,logic,12,1
551W0HDnagf,plain,Medium,100.0,exclusion,logic,12,1
551W0XQY6Pp,plain,Medium,100.0,exclusion,logic,13,1
551W4BC11tT,plain,Medium,100.0,exclusion,logic,11,1
551W1CYfKI4,plain,Medium,100.0,exclusion,logic,13,1
551W0fMTCZf,plain,Easy,15.5,row_col_last,logic,10,1
551W5LQCZ4m,plain,Medium,100.0,exclusion,logic,11,1
551W4GYb5L5,plain,Easy,15.5,row_col_last,logic,10,1
551W4kiI5w4,plain,Medium,180.0,exclusion,logic,17,1
551W8o9OfHM,plain,Medium,61.0,region_confined,logic,11,1
551W0jIACvA,plain,Medium,100.0,exclusion,logic,11,1
551W60M8Yac,plain,Easy,15.5,row_col_last,logic,6,1
551W29M8HPa,plain,Medium,100.0,exclusion,logic,10,1
551W9XKX9xa,plain,Medium,61.0,region_confined,logic,10,1
551WAfKHYOa,plain,Medium,150.0,undercounting,logic,9,1
551W4Hc0pKH,plain,Medium,40.0,region_confined,logic,11,1
551W4W8bjLK,plain,Medium,100.0,exclusion,logic,11,1
551W24LCp68,plain,Medium,61.0,region_confined,logic,13,1
551W2gMMWDX,plain,Easy,15.5,row_col_last,logic,7,1
551W8YSK5To,plain,Medium,100.0,exclusion,logic,13,1
551WAeOHZ9a,plain,Medium,150.0,undercounting,logic,13,1
551W2RbKrWW,plain,Medium,100.0,exclusion,logic,9,1
551W6gYA2f4,plain,Easy,15.5,row_col_last,logic,7,1
551W4P2m1yY,plain,Easy,15.5,row_col_last,logic,7,1
551W9xc4AMG,plain,Medium,100.0,exclusion,logic,9,1
551W4OYeGIg,plain,Medium,100.0,exclusion,logic,13,1
551W8A1BEuo,plain,Easy,15.5,row_col_last,logic,10,1
551W29gmYKH,plain,Medium,61.0,region_confined,logic,11,1
551W3LP0IvX,plain,Medium,166.0,region_confined,logic,10,1
551W29X4YOY,plain,Medium,40.0,region_confined,logic,8,1
551W2ciAPl0,plain,Medium,150.0,undercounting,logic,12,1
551W2J18cvq,plain,Medium,145.0,region_confined,logic,11,1
551W0IuZBTJ,plain,Medium,150.0,undercounting,logic,11,1
551W8GX5CHc,plain,Medium,40.0,region_confined,logic,11,1
551WCAacbyG,plain,Easy,15.5,row_col_last,logic,10,1
551W6J64reG,plain,Medium,40.0,region_confined,logic,12,1
551W9axf29G,plain,Hard,580.0,finned_counts,logic,12,1
551W22X7Afc,plain,Medium,40.0,region_confined,logic,11,1
551W4GhDM96,plain,Medium,100.0,exclusion,logic,13,1
551W2MSe6aR,plain,Medium,40.0,region_confined,logic,12,1
551W8ZkO554,plain,Easy,15.5,row_col_last,logic,9,1
551W8p6GA8p,plain,Medium,100.0,exclusion,logic,11,1
551WAfaG4P4,plain,Easy,15.5,row_col_last,logic,9,1
551W4E895sL,plain,Hard,540.0,finned_counts,logic,14,1
551W8EY5AfP,plain,Easy,15.5,row_col_last,logic,10,1
551W1269J4g,plain,Medium,61.0,region_confined,logic,12,1
551W0HZ94hj,plain,Medium,140.0,exclusion,logic,12,1
551W48N0HjL,plain,Easy,15.5,row_col_last,logic,9,1
551WAfae58p,plain,Medium,100.0,exclusion,logic,12,1
551W134HYHC,plain,Easy,15.5,row_col_last,logic,6,1
551W5GgeXK8,plain,Medium,40.0,region_confined,logic,9,1
551W0H62PTL,plain,Easy,15.5,row_col_last,logic,9,1
551WAf5b1OY,plain,Hard,500.0,finned_counts,logic,16,1
551W28OIfbJ,plain,Medium,100.0,exclusion,logic,14,1
551W5fYI4ig,plain,Easy,15.5,row_col_last,logic,10,1
551W1UGGasJ,plain,Medium,40.0,region_confined,logic,8,1
551W51LH4xX,plain,Hard,540.0,finned_counts,logic,14,1
551W4mp58HK,plain,Medium,100.0,exclusion,logic,13,1
551W4HgeIH4,plain,Hard,540.0,finned_counts,logic,11,1
551W22P55NQ,plain,Medium,100.0,exclusion,logic,12,1
551W39fba8e,plain,Easy,15.5,row_col_last,logic,10,1
551WA4XIYFn,plain,Medium,140.0,exclusion,logic,15,1
551W8X20cPt,plain,Medium,100.0,exclusion,logic,13,1
551W8Wyn6P2,plain,Medium,40.0,region_confined,logic,9,1
551W0BcQimY,plain,Medium,150.0,undercounting,logic,13,1
551WDlK0nuY,plain,Medium,200.0,undercounting,logic,13,1
551W1GgcgOO,plain,Medium,140.0,exclusion,logic,13,1
551W41kQfH4,plain,Medium,150.0,undercounting,logic,12,1
551W8hgOZI8,plain,Medium,61.0,region_confined,logic,10,1
551W0NA2j_8,plain,Medium,40.0,region_confined,logic,8,1
551W13bHaGf,plain,Easy,15.5,row_col_last,logic,6,1
551W5M9gC0M,plain,Medium,40.0,region_confined,logic,11,1
551W8UgWTb8,plain,Easy,15.5,row_col_last,logic,10,1
551WAqHH4aP,plain,Medium,100.0,exclusion,logic,11,1
551W2P7dDKW,plain,Medium,100.0,exclusion,logic,13,1
551W4MQ9KYY,plain,Hard,580.0,finned_counts,logic,14,1
551W3B95KQW,plain,Medium,40.0,region_confined,logic,10,1
551W026JAkg,plain,Easy,15.5,row_col_last,logic,9,1
551W4h4Ggo8,plain,Medium,61.0,region_confined,logic,10,1
551W1NSHIY2,plain,Medium,100.0,exclusion,logic,14,1
551W8oiGQP4,plain,Medium,82.0,region_confined,logic,11,1
551W4HM94T2,plain,Easy,15.5,row_col_last,logic,9,1
551W26Y96RH,plain,Medium,100.0,exclusion,logic,11,1
551W04AcAg-,plain,Easy,15.5,row_col_last,logic,11,1
551W0oXIgTq,plain,Medium,100.0,exclusion,logic,9,1
551W2DPKZI2,plain,Medium,150.0,undercounting,logic,12,1
551W2h9cAuW,plain,Medium,100.0,exclusion,logic,10,1
551W9rC4MtG,plain,Medium,100.0,exclusion,logic,14,1
551W494n5n4,plain,Easy,15.5,row_col_last,logic,9,1
551W294XLH4,plain,Easy,15.5,row_col_last,logic,10,1
551W4YSIDPa,plain,Medium,180.0,exclusion,logic,15,1
551W6PfW29b,plain,Medium,150.0,undercounting,logic,15,1
551W6bNaDAI,plain,Medium,150.0,undercounting,logic,12,1
551W2aH7YAa,plain,Medium,40.0,region_confined,logic,12,1
551W1H594ko,plain,Medium,100.0,exclusion,logic,13,1
551WCeo90WN,plain,Easy,15.5,row_col_last,logic,10,1
551W1kfs9Wa,plain,Medium,40.0,region_confined,logic,11,1
551W9H5K8cI,plain,Medium,40.0,region_confined,logic,12,1
551W9Gr8PT9,plain,Easy,15.5,row_col_last,logic,10,1
551W2A20rMx,plain,Medium,100.0,exclusion,logic,13,1
551WAX5LCW2,plain,Medium,40.0,region_confined,logic,12,1
551WBLSmAeW,plain,Medium,40.0,region_confined,logic,11,1
551W4RTj4b0,plain,Medium,61.0,region_confined,logic,9,1
551W5bAmE_0,plain,Medium,100.0,exclusion,logic,12,1
551W7DcRC04,plain,Medium,100.0,exclusion,logic,11,1
551W23eZAuY,plain,Medium,40.0,region_confined,logic,8,1
551W8Y8OMTc,plain,Easy,15.5,row_col_last,logic,10,1
551WDof4KGe,plain,Easy,15.5,row_col_last,logic,10,1
551W4LL4HtG,plain,Medium,100.0,exclusion,logic,12,1
551W1PDMfI2,plain,Hard,540.0,finned_counts,logic,14,1
551W28y0n9Y,plain,Easy,15.5,row_col_last,logic,7,1
551W4KwOXKe,plain,Medium,100.0,exclusion,logic,11,1
551W4Qhq46Q,plain,Medium,40.0,region_confined,logic,12,1
551W2MX4cha,plain,Medium,200.0,undercounting,logic,15,1
551W4cJA2gf,plain,Medium,61.0,region_confined,logic,12,1
551W1J4H2gg,plain,Hard,540.0,finned_counts,logic,14,1
551W4IBL54Y,plain,Medium,100.0,exclusion,logic,12,1
551W4J4L28Z,plain,Easy,15.5,row_col_last,logic,10,1
551W0lS2LQY,plain,Medium,100.0,exclusion,logic,13,1
551WCGgg2P4,plain,Hard,540.0,finned_counts,logic,11,1
551WBCi4ff1,plain,Medium,40.0,region_confined,logic,10,1
551W8JRPBP1,plain,Medium,150.0,undercounting,logic,12,1
551W7CcAg44,plain,Medium,100.0,exclusion,logic,11,1
551W2n370gQ,plain,Medium,40.0,region_confined,logic,11,1
551W37OYieY,plain,Medium,100.0,exclusion,logic,11,1
551W0b2o5TC,plain,Easy,15.5,row_col_last,logic,6,1
551W9LnAg9G,plain,Easy,15.5,row_col_last,logic,10,1
551W2aHfhiu,plain,Hard,822.0,finned_fish,logic,14,1
551W2B11YPb,plain,Medium,100.0,exclusion,logic,10,1
551W4LKI88i,plain,Medium,40.0,region_confined,logic,10,1
551W44n94ow,plain,Medium,40.0,region_confined,logic,11,1
551W9CKJ4QY,plain,Easy,15.5,row_col_last,logic,10,1
551W0QYAkQ8,plain,Medium,100.0,exclusion,logic,9,1
551W45U0Itg,plain,Medium,100.0,exclusion,logic,14,1
551WDo686k0,plain,Easy,15.5,row_col_last,logic,10,1
551W0NFPXYb,plain,Easy,15.5,row_col_last,logic,11,1
551W6eHOCLK,plain,Easy,15.5,row_col_last,logic,10,1
551WAgq62Cq,plain,Hard,540.0,finned_counts,logic,15,1
551W4gqB2ia,plain,Easy,15.5,row_col_last,logic,9,1
551W4XKIcYE,plain,Medium,100.0,exclusion,logic,10,1
551W2114YRk,plain,Medium,40.0,region_confined,logic,11,1
551W2aZECne,plain,Medium,100.0,exclusion,logic,11,1
551WC2YHiL4,plain,Easy,15.5,row_col_last,logic,7,1
551W45I94gg,plain,Medium,40.0,region_confined,logic,12,1
551W4SPGXMQ,plain,Medium,140.0,exclusion,logic,12,1
551W6PL545H,plain,Hard,540.0,finned_counts,logic,12,1
551W9LoW9l2,plain,Medium,100.0,exclusion,logic,12,1
551W5c4cB4K,plain,Medium,150.0,undercounting,logic,15,1
551W25SXa6R,plain,Medium,40.0,region_confined,logic,12,1
551W8aKP4Te,plain,Medium,40.0,region_confined,logic,11,1
551W6es1PD2,plain,Medium,100.0,exclusion,logic,9,1
551W4IY2iGp,plain,Medium,100.0,exclusion,logic,12,1
551W4pBn8CI,plain,Medium,61.0,region_confined,logic,11,1
551W2Z5HieX,plain,Easy,15.5,row_col_last,logic,9,1
551WCb684tc,plain,Hard,580.0,finned_counts,logic,14,1
551W20c3_uH,plain,Medium,100.0,exclusion,logic,10,1
551W4Pga2nK,plain,Easy,15.5,row_col_last,logic,9,1
551W3CbKY8a,plain,Medium,100.0,exclusion,logic,11,1
551W5xX8egm,plain,Medium,40.0,region_confined,logic,10,1
551W0YXMrHa,plain,Medium,100.0,exclusion,logic,13,1
551W0HYAxKY,plain,Medium,61.0,region_confined,logic,8,1
551W48iYfeY,plain,Medium,40.0,region_confined,logic,11,1
551W58LQ8Bn,plain,Medium,100.0,exclusion,logic,12,1
551W40H1LtR,plain,Medium,100.0,exclusion,logic,12,1
551W2fY5CfK,plain,Medium,180.0,exclusion,logic,13,1
551W2Ivb4nW,plain,Medium,40.0,region_confined,logic,8,1
551W9695Qga,plain,Medium,61.0,region_confined,logic,11,1
551W3d4TAnG,plain,Medium,140.0,exclusion,logic,13,1
551W1AhGbIo,plain,Easy,15.5,row_col_last,logic,7,1
551W9nK1Lp2,plain,Medium,40.0,region_confined,logic,14,1
551W2A2H6Sp,plain,Medium,61.0,region_confined,logic,12,1
551W88PAfbK,plain,Medium,40.0,region_confined,logic,12,1
551W16vmaKq,plain,Medium,40.0,region_confined,logic,9,1
551W1LIYhLa,plain,Medium,180.0,exclusion,logic,17,1
551WA94IYOY,plain,Medium,40.0,region_confined,logic,11,1
551W8neWchC,plain,Medium,40.0,region_confined,logic,10,1
551W2AA0dTL,plain,Medium,150.0,undercounting,logic,13,1
551W1vc7PAG,plain,Easy,15.5,row_col_last,logic,11,1
551W29TXaKL,plain,Medium,200.0,undercounting,logic,16,1
551W29aXLGY,plain,Easy,15.5,row_col_last,logic,10,1
551W4B6IiuH,plain,Medium,180.0,exclusion,logic,12,1
551W4924YvL,plain,Hard,540.0,finned_counts,logic,11,1
551W4Dyn6Wg,plain,Medium,100.0,exclusion,logic,14,1
551W4lo0iQJ,plain,Easy,15.5,row_col_last,logic,9,1
551W4PRGJbX,plain,Medium,40.0,region_confined,logic,8,1
551WCpa92D4,plain,Medium,61.0,region_confined,logic,12,1
551W2iqI4Qe,plain,Medium,40.0,region_confined,logic,8,1
551W4GbaZHc,plain,Medium,40.0,region_confined,logic,11,1
551W48I94nc,plain,Easy,15.5,row_col_last,logic,10,1
551W89Y5Cgw,plain,Hard,540.0,finned_counts,logic,15,1
551W38HWZFo,plain,Medium,100.0,exclusion,logic,10,1
551W5OZA8IX,plain,Medium,40.0,region_confined,logic,10,1
551W2fR2NDK,plain,Medium,150.0,undercounting,logic,13,1
551W6MQIS6Y,plain,Medium,100.0,exclusion,logic,15,1
551W8ZMeZHY,plain,Medium,61.0,region_confined,logic,8,1
551W2D6KHQK,plain,Medium,40.0,region_confined,logic,10,1
551W0WMBY4c,plain,Easy,15.5,row_col_last,logic,7,1
551W2aJ7H6a,plain,Medium,100.0,exclusion,logic,12,1
551W29M4YSq,plain,Easy,15.5,row_col_last,logic,9,1
551W0gkfAaY,plain,Medium,140.0,exclusion,logic,11,1
551W0LQYhCe,plain,Medium,40.0,region_confined,logic,8,1
551W6cfqe7m,plain,Medium,100.0,exclusion,logic,12,1
551W4PbGHmX,plain,Medium,40.0,region_confined,logic,8,1
551W9bY8tL0,plain,Medium,140.0,exclusion,logic,14,1
551W076H6Lg,plain,Easy,15.5,row_col_last,logic,7,1
551W8YxOKKK,plain,Easy,15.5,row_col_last,logic,9,1
551WAfa9HKY,plain,Medium,150.0,undercounting,logic,15,1
551W49bKYmY,plain,Medium,150.0,undercounting,logic,11,1
551W2JeIFf4,plain,Easy,15.5,row_col_last,logic,9,1
551W8Pbi9EA,plain,Medium,40.0,region_confined,logic,13,1
551W2cK2p6J,plain,Medium,40.0,region_confined,logic,10,1
551W8ZIebCa,plain,Medium,100.0,exclusion,logic,10,1
551WA9uCBrX,plain,Easy,15.5,row_col_last,logic,7,1
551W4J78r8I,plain,Medium,180.0,exclusion,logic,14,1
551W4PW94fL,plain,Medium,150.0,undercounting,logic,11,1
551W4QuH1Mz,plain,Medium,200.0,undercounting,logic,16,1
551W0EsX3AR,plain,Medium,100.0,exclusion,logic,12,1
551W1QWCaoo,plain,Easy,15.5,row_col_last,logic,7,1
551W8DJ1CvP,plain,Medium,180.0,exclusion,logic,13,1
551WC8K0xfY,plain,Medium,100.0,exclusion,logic,11,1
551W29Y14PL,plain,Easy,15.5,row_col_last,logic,9,1
551W2A7X39N,plain,Medium,100.0,exclusion,logic,11,1
551W4HYeo94,plain,Easy,15.5,row_col_last,logic,10,1
551W4LcH45C,plain,Medium,100.0,exclusion,logic,10,1
551W0bMIkgJ,plain,Hard,500.0,finned_counts,logic,15,1
551W3M26keK,plain,Medium,61.0,region_confined,logic,12,1
551W4H1OHPs,plain,Medium,40.0,region_confined,logic,10,1
551W5Un8aWo,plain,Medium,61.0,region_confined,logic,12,1
551W8H25TCo,plain,Medium,100.0,exclusion,logic,13,1
551WAOhCfK2,plain,Hard,500.0,finned_counts,logic,18,1
551W4LJ8HkI,plain,Medium,100.0,exclusion,logic,12,1
551W4QICaXq,plain,Easy,15.5,row_col_last,logic,9,1
551W8_756be,plain,Easy,15.5,row_col_last,logic,9,1
551W9c00vcL,plain,Medium,100.0,exclusion,logic,13,1
551W2x2Ggj4,plain,Medium,145.0,region_confined,logic,12,1
551W8oiGPP4,plain,Medium,82.0,region_confined,logic,11,1
551W9ccOcH0,plain,Medium,100.0,exclusion,logic,10,1
551W1feI7Jc,plain,Medium,100.0,exclusion,logic,11,1
551W0RRNBfG,plain,Hard,540.0,finned_counts,logic,16,1
551W494L4uZ,plain,Easy,15.5,row_col_last,logic,10,1
551W0GTMQLK,plain,Medium,40.0,region_confined,logic,11,1
551W4AB9Hbb,plain,Medium,40.0,region_confined,logic,10,1
551W1PY94h4,plain,Medium,150.0,undercounting,logic,11,1
551W29d8HKI,plain,Medium,40.0,region_confined,logic,11,1
551W34ZY9bM,plain,Medium,61.0,region_confined,logic,13,1
551W9r6b1po,plain,Medium,140.0,exclusion,logic,13,1
551W9Qg9SY0,plain,Medium,40.0,region_confined,logic,11,1
551WDjK1Hn2,plain,Medium,140.0,exclusion,logic,16,1
551W4ghi8YA,plain,Medium,82.0,region_confined,logic,13,1
551WCXimaog,plain,Medium,100.0,exclusion,logic,12,1
551W05cP4HC,plain,Medium,100.0,exclusion,logic,11,1
551W0LMGYpv,plain,Medium,180.0,exclusion,logic,12,1
551W8HqQ8Gr,plain,Medium,100.0,exclusion,logic,11,1
551W0WX6tTq,plain,Medium,100.0,exclusion,logic,11,1
551W5ce2Q94,plain,Medium,40.0,region_confined,logic,9,1
551WApCW5n4,plain,Medium,100.0,exclusion,logic,11,1
551W8pH4gH4,plain,Medium,100.0,exclusion,logic,11,1
551W8XpX5DK,plain,Medium,100.0,exclusion,logic,10,1
551W9tL9A4G,plain,Medium,40.0,region_confined,logic,12,1
551W5IE0LPT,plain,Easy,15.5,row_col_last,logic,10,1
551W2P4AgM8,plain,Medium,40.0,region_confined,logic,10,1
551W29P5MIC,plain,Medium,100.0,exclusion,logic,13,1
551WEPeaA0Z,plain,Easy,15.5,row_col_last,logic,7,1
551W8ggObI8,plain,Medium,61.0,region_confined,logic,10,1
551W24b4HFu,plain,Medium,100.0,exclusion,logic,10,1
551WApE0IiH,plain,Medium,61.0,region_confined,logic,10,1
551W1YiY6Kx,plain,Hard,500.0,finned_counts,logic,13,1
551W5rKA4Ca,plain,Medium,150.0,undercounting,logic,13,1
551W2OafKiY,plain,Hard,540.0,finned_counts,logic,12,1
551W8T1GxQb,plain,Medium,180.0,exclusion,logic,14,1
551W18aH4Qg,plain,Easy,15.5,row_col_last,logic,10,1
551W2DKP4GR,plain,Medium,40.0,region_confined,logic,8,1
551W1fY98wY,plain,Medium,40.0,region_confined,logic,8,1
551W29KP4K6,plain,Easy,15.5,row_col_last,logic,6,1
551W4IR9MPG,plain,Medium,100.0,exclusion,logic,12,1
551W5cIAWYa,plain,Medium,40.0,region_confined,logic,10,1
551W45Y9cpY,plain,Hard,500.0,finned_counts,logic,12,1
551WCoue2PJ,plain,Hard,500.0,finned_counts,logic,14,1
551W5J30axM,plain,Medium,61.0,region_confined,logic,12,1
551W09cOYIg,plain,Medium,150.0,undercounting,logic,12,1
551W1BLCaVW,plain,Medium,100.0,exclusion,logic,11,1
551W9re0UHY,plain,Easy,15.5,row_col_last,logic,6,1
551W4AqnXf2,plain,Easy,15.5,row_col_last,logic,7,1
551W5cwHSKW,plain,Medium,40.0,region_confined,logic,12,1
551WChS0Lfa,plain,Medium,150.0,undercounting,logic,12,1
551W1Z9ELCe,plain,Medium,140.0,exclusion,logic,12,1
551W0HIg9Ta,plain,Medium,100.0,exclusion,logic,14,1
551W8eW1Tqp,plain,Medium,40.0,region_confined,logic,12,1
551WAef1IAf,plain,Medium,40.0,region_confined,logic,11,1
551W2AjDHC2,plain,Medium,100.0,exclusion,logic,13,1
551W28oKp8q,plain,Medium,61.0,region_confined,logic,12,1
551W4EPGKrQ,plain,Medium,180.0,exclusion,logic,12,1
551W7NM92aW,plain,Easy,15.5,row_col_last,logic,9,1
551W0WGB4HN,plain,Easy,15.5,row_col_last,logic,7,1
551WExH8Jb1,plain,Easy,15.5,row_col_last,logic,9,1
551WALKG8eg,plain,Medium,100.0,exclusion,logic,8,1
551W8YQu4La,plain,Medium,145.0,region_confined,logic,12,1
551W2HyWXfa,plain,Easy,15.5,row_col_last,logic,9,1
551W2wkafOG,plain,Medium,140.0,exclusion,logic,13,1
551W4P2A8fc,plain,Medium,100.0,exclusion,logic,10,1
551W2DY54QK,plain,Medium,40.0,region_confined,logic,8,1
551WAHPWAn5,plain,Medium,100.0,exclusion,logic,10,1
551W8XQg68a,plain,Easy,15.5,row_col_last,logic,10,1
551W89A0Qvt,plain,Medium,100.0,exclusion,logic,9,1
551W0rMP8gJ,plain,Medium,40.0,region_confined,logic,11,1
551W2hcGimH,plain,Medium,145.0,region_confined,logic,12,1
551W6A0AiHL,plain,Medium,40.0,region_confined,logic,12,1
551W8aY5Cos,plain,Medium,180.0,exclusion,logic,14,1
551W1AW5YAZ,plain,Easy,15.5,row_col_last,logic,6,1
551W3cLIJ21,plain,Medium,100.0,exclusion,logic,11,1
551W8Ko5Coo,plain,Hard,500.0,finned_counts,logic,19,1
551W5UfW6eb,plain,Medium,100.0,exclusion,logic,11,1
551W0JI8axR,plain,Medium,100.0,exclusion,logic,12,1
551W1jb2LAb,plain,Medium,100.0,exclusion,logic,12,1
551W1LOYAga,plain,Medium,82.0,region_confined,logic,11,1
551W1bQINHn,plain,Hard,500.0,finned_counts,logic,16,1
551W8-UeBIa,plain,Medium,40.0,region_confined,logic,10,1
551W09giWQO,plain,Easy,15.5,row_col_last,logic,6,1
551WAgfH3CI,plain,Medium,40.0,region_confined,logic,11,1
551W29aaZKo,plain,Medium,61.0,region_confined,logic,9,1
551WA9q7L4q,plain,Medium,140.0,exclusion,logic,13,1
551W1BIebUa,plain,Hard,500.0,finned_counts,logic,16,1
551W6OaI8SH,plain,Medium,40.0,region_confined,logic,10,1
551W9cgGbL0,plain,Medium,61.0,region_confined,logic,10,1
551W5gQj83X,plain,Easy,15.5,row_col_last,logic,10,1
551W9b4GcH8,plain,Medium,100.0,exclusion,logic,10,1
551WCeYXZiY,plain,Medium,100.0,exclusion,logic,10,1
551W56k3Q54,plain,Medium,40.0,region_confined,logic,12,1
551W21bHcIf,plain,Medium,100.0,exclusion,logic,9,1
551W8WD4UtU,plain,Medium,150.0,undercounting,logic,14,1
551W9cMe34e,plain,Medium,40.0,region_confined,logic,11,1
551W05tT4H8,plain,Medium,140.0,exclusion,logic,14,1
551W15ob5Dm,plain,Medium,40.0,region_confined,logic,10,1
551W4TAIBbg,plain,Medium,40.0,region_confined,logic,11,1
551W0PdI8bb,plain,Medium,140.0,exclusion,logic,14,1
551W4ZL4VH2,plain,Easy,15.5,row_col_last,logic,9,1
551W3Jo8afA,plain,Hard,540.0,finned_counts,logic,11,1
551W4LlCXoa,plain,Hard,540.0,finned_counts,logic,16,1
551W4sL66cO,plain,Medium,61.0,region_confined,logic,12,1
551W0OVYQNf,plain,Easy,15.5,row_col_last,logic,10,1
551WEAX0iGZ,plain,Easy,15.5,row_col_last,logic,6,1
551W4c8P9YL,plain,Medium,40.0,region_confined,logic,12,1
551W0YNDAci,plain,Medium,100.0,exclusion,logic,13,1
551W1QRa5dY,plain,Medium,40.0,region_confined,logic,12,1
551W4WpDg92,plain,Medium,100.0,exclusion,logic,12,1
551W0nYBYhC,plain,Easy,15.5,row_col_last,logic,9,1
551WDs8e4HH,plain,Hard,540.0,finned_counts,logic,11,1
551W2LL4Yiu,plain,Hard,500.0,finned_counts,logic,14,1
551W6KqH4Qe,plain,Medium,40.0,region_confined,logic,9,1
551W6Kz8IU5,plain,Medium,40.0,region_confined,logic,8,1
551W3MY8anH,plain,Medium,180.0,exclusion,logic,12,1
551W2eH1PdP,plain,Medium,100.0,exclusion,logic,11,1
551W1YUmeka,plain,Easy,15.5,row_col_last,logic,9,1
551W8kg4OYS,plain,Easy,15.5,row_col_last,logic,11,1
551W4tYOeD8,plain,Hard,540.0,finned_counts,logic,13,1
551W4HK4HTo,plain,Medium,100.0,exclusion,logic,11,1
551W4wwc0mq,plain,Easy,15.5,row_col_last,logic,9,1
551W0dzIGKw,plain,Medium,100.0,exclusion,logic,9,1
551W4o2ANCY,plain,Medium,61.0,region_confined,logic,14,1
551W17I92Pn,plain,Medium,61.0,region_confined,logic,13,1
551W6OO6fLI,plain,Medium,40.0,region_confined,logic,10,1
551W0RiJ9f4,plain,Medium,140.0,exclusion,logic,11,1
551W391aoQW,plain,Easy,15.5,row_col_last,logic,7,1
551W83n2cGb,plain,Easy,15.5,row_col_last,logic,7,1
551W4I1KrYA,plain,Medium,100.0,exclusion,logic,13,1
551W0DM94Mg,plain,Medium,100.0,exclusion,logic,11,1
551W4Hw8JL2,plain,Medium,140.0,exclusion,logic,14,1
551WA4YW9dp,plain,Medium,100.0,exclusion,logic,11,1
551W2IY0cwP,plain,Medium,100.0,exclusion,logic,11,1
551W0KIFCYu,plain,Medium,40.0,region_confined,logic,10,1
551W0QeHdg8,plain,Easy,15.5,row_col_last,logic,7,1
551W6PfK3GY,plain,Medium,61.0,region_confined,logic,10,1
551W6sKWhRW,plain,Medium,180.0,exclusion,logic,14,1
551W1jqY5Ia,plain,Medium,100.0,exclusion,logic,12,1
551W8bJ84PQ,plain,Medium,40.0,region_confined,logic,8,1
551W1ke4Pbs,plain,Medium,40.0,region_confined,logic,10,1
551W4I9X3Ts,plain,Medium,100.0,exclusion,logic,13,1
551W4PdKHa2,plain,Medium,100.0,exclusion,logic,13,1
551WAHIAYv2,plain,Easy,15.5,row_col_last,logic,10,1
551W5KX54HY,plain,Medium,40.0,region_confined,logic,10,1
551W8x4WBZC,plain,Medium,61.0,region_confined,logic,12,1
551W0ObMguW,plain,Easy,15.5,row_col_last,logic,9,1
551W0fPsFfW,plain,Easy,15.5,row_col_last,logic,11,1
551W0fbdDYe,plain,Easy,15.5,row_col_last,logic,11,1
551W88YOxf4,plain,Medium,100.0,exclusion,logic,12,1
551W4B28cv4,plain,Easy,15.5,row_col_last,logic,9,1
551W4TLW1MQ,plain,Medium,150.0,undercounting,logic,14,1
551W8XyW7DJ,plain,Easy,15.5,row_col_last,logic,7,1
551W2CNGY5f,plain,Medium,61.0,region_confined,logic,12,1
551W8PKQ8b2,plain,Easy,15.5,row_col_last,logic,6,1
551W9bYLHPG,plain,Medium,40.0,region_confined,logic,8,1
551WALI8gWv,plain,Medium,140.0,exclusion,logic,14,1
551WASY9kA4,plain,Hard,540.0,finned_counts,logic,14,1
551W8XMedHY,plain,Medium,180.0,exclusion,logic,13,1
551W2PaBCD4,plain,Medium,40.0,region_confined,logic,8,1
551W4IAHMCY,plain,Medium,40.0,region_confined,logic,9,1
551W4HaH4hC,plain,Medium,61.0,region_confined,logic,8,1
551W0XLs5H4,plain,Medium,100.0,exclusion,logic,12,1
551W8Yju6Hq,plain,Medium,180.0,exclusion,logic,10,1
551W5HK8YLA,plain,Easy,15.5,row_col_last,logic,10,1
551W0Ac7AjK,plain,Medium,40.0,region_confined,logic,10,1
551W0PqIPWc,plain,Medium,40.0,region_confined,logic,11,1
551WA9SWfua,plain,Medium,100.0,exclusion,logic,14,1
551W30c9cMY,plain,Medium,100.0,exclusion,logic,11,1
551W4YPg94K,plain,Medium,61.0,region_confined,logic,11,1
551W53P93tI,plain,Hard,540.0,finned_counts,logic,15,1
551W2XK9Cr6,plain,Hard,540.0,finned_counts,logic,14,1
551WBCX0gfX,plain,Medium,40.0,region_confined,logic,11,1
551W0n5L8gf,plain,Easy,15.5,row_col_last,logic,10,1
551W1ctErO0,plain,Medium,100.0,exclusion,logic,9,1
551W0qJN4ca,plain,Medium,140.0,exclusion,logic,11,1
551W8Zn4YHX,plain,Easy,15.5,row_col_last,logic,7,1
551W8QH0iZD,plain,Medium,40.0,region_confined,logic,11,1
551W5AfH1aw,plain,Easy,15.5,row_col_last,logic,10,1
551W4ky8OkY,plain,Medium,145.0,region_confined,logic,13,1
551W4ASecr2,plain,Medium,100.0,exclusion,logic,12,1
551W1cTI5Tm,plain,Medium,100.0,exclusion,logic,10,1
551W29RCIP2,plain,Medium,40.0,region_confined,logic,8,1
551W2CwmW4g,plain,Medium,100.0,exclusion,logic,12,1
551W1lH1AwX,plain,Medium,145.0,region_confined,logic,14,1
551WAP2eO9c,plain,Medium,100.0,exclusion,logic,11,1
551W8raH4h4,plain,Medium,180.0,exclusion,logic,14,1
551WEPcG88H,distinct,Easy,15.5,row_col_last,logic,9,1
551W9XZ4LDi,distinct,Easy,15.5,row_col_last,logic,10,1
551W89aJCmY,distinct,Easy,15.5,row_col_last,logic,10,1
551W49Ai2vK,distinct,Easy,15.5,row_col_last,logic,11,1
551W8TKY9IA,distinct,Easy,15.5,row_col_last,logic,10,1
551W94TII8X,distinct,Hard,540.0,finned_counts,logic,13,1
551W16fX4Hf,distinct,Easy,15.5,row_col_last,logic,10,1
551W06vP5Gw,distinct,Medium,100.0,exclusion,logic,12,1
551W5IY0aGx,distinct,Easy,15.5,row_col_last,logic,10,1
551W26qWrQa,distinct,Medium,140.0,exclusion,logic,12,1
551W6PaH4A8,distinct,Medium,40.0,region_confined,logic,8,1
551WBrN54aW,distinct,Medium,100.0,exclusion,logic,12,1
551W9X7WDcn,distinct,Easy,15.5,row_col_last,logic,10,1
551W5re2MGc,distinct,Medium,150.0,undercounting,logic,9,1
551WAY5GYAf,distinct,Hard,540.0,finned_counts,logic,12,1
551W29geWP4,distinct,Medium,40.0,region_confined,logic,8,1
551W64hAQBI,distinct,Hard,500.0,finned_counts,logic,13,1
551W9nqX9oa,distinct,Medium,61.0,region_confined,logic,9,1
551W5GmDchI,distinct,Easy,15.5,row_col_last,logic,10,1
551W8arqKP8,distinct,Medium,40.0,region_confined,logic,12,1
551WBPp0gHO,distinct,Easy,15.5,row_col_last,logic,10,1
551W2H294gg,distinct,Medium,150.0,undercounting,logic,11,1
551W8ZcOa94,distinct,Medium,100.0,exclusion,logic,10,1
551W1WoILLA,distinct,Medium,100.0,exclusion,logic,13,1
551WCo4K68Z,distinct,Easy,15.5,row_col_last,logic,10,1
551W17Pf2HH,distinct,Medium,100.0,exclusion,logic,13,1
551W1nLECc4,distinct,Easy,15.5,row_col_last,logic,10,1
551W8PLK8J9,distinct,Easy,15.5,row_col_last,logic,10,1
551W4Ivb2P1,distinct,Medium,100.0,exclusion,logic,13,1
551W6FIBAQW,distinct,Medium,100.0,exclusion,logic,11,1
551W0oxn8Kb,distinct,Medium,150.0,undercounting,logic,12,1
551WASsG8Se,distinct,Easy,15.5,row_col_last,logic,10,1
551W4ZE9S4Y,distinct,Medium,40.0,region_confined,logic,11,1
551W227r36e,distinct,Easy,15.5,row_col_last,logic,8,1
551W2gkmeeH,distinct,Medium,100.0,exclusion,logic,14,1
551W6L28YJg,distinct,Medium,100.0,exclusion,logic,12,1
551W29giYGG,distinct,Easy,15.5,row_col_last,logic,10,1
551WBSpA8G1,distinct,Easy,15.5,row_col_last,logic,10,1
551W8LNe9Yu,distinct,Easy,15.5,row_col_last,logic,10,1
551W8E9n8dM,distinct,Easy,15.5,row_col_last,logic,10,1
551W6TLqG18,distinct,Hard,540.0,finned_counts,logic,12,1
551W6IJabaa,distinct,Medium,145.0,region_confined,logic,14,1
551W18f9qIn,distinct,Medium,40.0,region_confined,logic,10,1
551W0PgGIsP,distinct,Medium,40.0,region_confined,logic,8,1
551W5Rif1E0,distinct,Medium,82.0,region_confined,logic,13,1
551W9MI8iYa,distinct,Medium,100.0,exclusion,logic,12,1
551W3irMCu0,distinct,Medium,100.0,exclusion,logic,13,1
551W3LKI8ea,distinct,Medium,61.0,region_confined,logic,11,1
551W2BAf4OH,distinct,Medium,100.0,exclusion,logic,10,1
551W1BiH1QY,distinct,Medium,40.0,region_confined,logic,8,1
551W8gaGJAg,distinct,Medium,100.0,exclusion,logic,14,1
551W8IWPET4,distinct,Easy,15.5,row_col_last,logic,9,1
551W0TC9bs4,distinct,Medium,100.0,exclusion,logic,9,1
551W2G11cgh,distinct,Medium,100.0,exclusion,logic,11,1
551W6OGH4bJ,distinct,Easy,15.5,row_col_last,logic,10,1
551W99k4fwG,distinct,Medium,40.0,region_confined,logic,8,1
551W6PI94Oa,distinct,Medium,150.0,undercounting,logic,8,1
551W07Y9a9g,distinct,Medium,100.0,exclusion,logic,10,1
551W29114Pd,distinct,Easy,15.5,row_col_last,logic,9,1
551W0-4IgIC,distinct,Easy,15.5,row_col_last,logic,10,1
551W28r8pD1,distinct,Medium,61.0,region_confined,logic,11,1
551W0BN1JQT,distinct,Medium,150.0,undercounting,logic,11,1
551W4E8f4oL,distinct,Hard,540.0,finned_counts,logic,14,1
551W29qX5Dn,distinct,Easy,15.5,row_col_last,logic,9,1
551W4IfH1Kp,distinct,Easy,15.5,row_col_last,logic,9,1
551W2fE5juG,distinct,Medium,100.0,exclusion,logic,13,1
551W16geaH8,distinct,Medium,100.0,exclusion,logic,11,1
551W4xjW9iI,distinct,Medium,100.0,exclusion,logic,10,1
551WCY9CP42,distinct,Medium,40.0,region_confined,logic,11,1
551W9dg8IP0,distinct,Medium,40.0,region_confined,logic,8,1
551WDZku0oY,distinct,Hard,540.0,finned_counts,logic,13,1
551W1sOo5Y2,distinct,Medium,40.0,region_confined,logic,11,1
551W5Jg9IG8,distinct,Medium,61.0,region_confined,logic,12,1
551W1OfPbYu,distinct,Medium,145.0,region_confined,logic,14,1
551W4Ahi4na,distinct,Medium,61.0,region_confined,logic,12,1
551WEP4c15K,distinct,Medium,100.0,exclusion,logic,13,1
551WDjJK4-0,distinct,Medium,100.0,exclusion,logic,14,1
551W2AOb6Ob,distinct,Medium,40.0,region_confined,logic,11,1
551W0Ib6zOY,distinct,Medium,180.0,exclusion,logic,11,1
551W0LCoeHC,distinct,Medium,61.0,region_confined,logic,11,1
551W0poQAKa,distinct,Medium,100.0,exclusion,logic,12,1
551W5P68HQ8,distinct,Easy,15.5,row_col_last,logic,10,1
551W2Dif6CC,distinct,Medium,140.0,exclusion,logic,12,1
551W2ApTJ84,distinct,Medium,150.0,undercounting,logic,15,1
551W15bD4TW,distinct,Easy,15.5,row_col_last,logic,9,1
551W1gy2JAa,distinct,Easy,15.5,row_col_last,logic,10,1
551W0GOAQxz,distinct,Hard,500.0,finned_counts,logic,15,1
551W4HJWpC5,distinct,Easy,15.5,row_col_last,logic,10,1
551W8H86JtS,distinct,Easy,15.5,row_col_last,logic,10,1
551W0IrYUDL,distinct,Easy,15.5,row_col_last,logic,10,1
551W8ei2juY,distinct,Easy,15.5,row_col_last,logic,10,1
551W88Z6H7i,distinct,Medium,100.0,exclusion,logic,13,1
551WCoYGaKY,distinct,Medium,100.0,exclusion,logic,11,1
551W4HLa1Pa,distinct,Medium,100.0,exclusion,logic,11,1
551W2Ga94yp,distinct,Medium,100.0,exclusion,logic,11,1
551W4HieWT4,distinct,Medium,40.0,region_confined,logic,8,1
551W14qLcLm,distinct,Easy,15.5,row_col_last,logic,9,1
551W0Hbo9Ko,distinct,Easy,15.5,row_col_last,logic,10,1
551W8ZoOaD2,distinct,Medium,61.0,region_confined,logic,11,1
551W4I3P6CI,distinct,Easy,15.5,row_col_last,logic,10,1
551WBX54L6I,distinct,Medium,100.0,exclusion,logic,13,1
551WCecX5uH,distinct,Medium,100.0,exclusion,logic,9,1
551W74H94nH,distinct,Medium,40.0,region_confined,logic,11,1
551W8HcuOH4,distinct,Medium,100.0,exclusion,logic,12,1
551W4gdAYaX,distinct,Hard,540.0,finned_counts,logic,16,1
551W11LLcH8,distinct,Medium,100.0,exclusion,logic,9,1
551W0FKP2Qp,distinct,Medium,61.0,region_confined,logic,12,1
551W14wWY9n,distinct,Easy,15.5,row_col_last,logic,9,1
551W1D8hFjY,distinct,Medium,140.0,exclusion,logic,16,1
551W1cgQLH0,distinct,Medium,61.0,region_confined,logic,9,1
551W3YdI27M,distinct,Easy,15.5,row_col_last,logic,9,1
551W86cKExO,distinct,Medium,200.0,undercounting,logic,12,1
551W8eIP8ba,distinct,Medium,40.0,region_confined,logic,11,1
551W0HLGYcT,distinct,Medium,40.0,region_confined,logic,10,1
551W0oIYfti,distinct,Medium,61.0,region_confined,logic,11,1
551W1Bc5JIH,distinct,Medium,100.0,exclusion,logic,12,1
551W6gk4v8G,distinct,Easy,15.5,row_col_last,logic,10,1
551W4P5iGja,distinct,Medium,140.0,exclusion,logic,11,1
551W9H8GR8g,distinct,Medium,100.0,exclusion,logic,13,1
551W28HXKH5,distinct,Hard,540.0,finned_counts,logic,12,1
551WAweGHmY,distinct,Medium,40.0,region_confined,logic,8,1
551W399a3MI,distinct,Medium,40.0,region_confined,logic,11,1
551W8GaQ8PL,distinct,Medium,140.0,exclusion,logic,13,1
551W2eU3X9r,distinct,Medium,150.0,undercounting,logic,14,1
551W0AaJReY,distinct,Medium,61.0,region_confined,logic,12,1
551WAfaa5SG,distinct,Easy,15.5,row_col_last,logic,9,1
551W2GrmGyq,distinct,Medium,40.0,region_confined,logic,11,1
551W2HCAfNC,distinct,Medium,100.0,exclusion,logic,12,1
551W2G4n5gg,distinct,Medium,40.0,region_confined,logic,10,1
551W2iqYLQ2,distinct,Medium,100.0,exclusion,logic,11,1
551WAY3W3Eh,distinct,Medium,100.0,exclusion,logic,11,1
551W1GJLckK,distinct,Medium,61.0,region_confined,logic,10,1
551W4H34Hkg,distinct,Medium,100.0,exclusion,logic,13,1
551W8ZHK6Cq,distinct,Medium,40.0,region_confined,logic,8,1
551W0XpALSK,distinct,Medium,40.0,region_confined,logic,8,1
551W4AQsCNf,distinct,Easy,15.5,row_col_last,logic,10,1
551W0AWHrIg,distinct,Medium,40.0,region_confined,logic,11,1
551WCIH8iHH,distinct,Medium,40.0,region_confined,logic,10,1
551W1N2IECc,distinct,Easy,15.5,row_col_last,logic,9,1
551W1Eb5JAa,distinct,Medium,100.0,exclusion,logic,12,1
551W2JFb1aY,distinct,Medium,100.0,exclusion,logic,15,1
551W8GfcAOY,distinct,Medium,100.0,exclusion,logic,12,1
551W2IOW5rN,distinct,Medium,100.0,exclusion,logic,13,1
551W6bH4kAe,distinct,Medium,100.0,exclusion,logic,14,1
551W22iN9jK,distinct,Medium,140.0,exclusion,logic,14,1
551W9Km6PKo,distinct,Medium,100.0,exclusion,logic,11,1
551W49gX6uH,distinct,Medium,40.0,region_confined,logic,8,1
551W2giMG8Z,distinct,Easy,15.5,row_col_last,logic,10,1
551W9J8HD8g,distinct,Medium,140.0,exclusion,logic,13,1
551W9n6G4cg,distinct,Easy,15.5,row_col_last,logic,10,1
551W2cAJ16c,distinct,Medium,40.0,region_confined,logic,11,1
551W8H1GgcR,distinct,Easy,15.5,row_col_last,logic,10,1
551W6uoX9Ka,distinct,Medium,150.0,undercounting,logic,9,1
551W6ASp89Y,distinct,Medium,100.0,exclusion,logic,11,1
551W0AtL26S,distinct,Medium,61.0,region_confined,logic,13,1
551W3EQ0LKr,distinct,Medium,40.0,region_confined,logic,8,1
551W2B2BeuH,distinct,Medium,40.0,region_confined,logic,12,1
551W17ZGaDb,distinct,Medium,40.0,region_confined,logic,10,1
551W06Qf28i,distinct,Medium,100.0,exclusion,logic,12,1
551W9aaGLP8,distinct,Medium,100.0,exclusion,logic,11,1
551W2tKI2p2,distinct,Medium,145.0,region_confined,logic,12,1
551W2sv1OoX,distinct,Medium,100.0,exclusion,logic,10,1
551W7LH0YAX,distinct,Easy,15.5,row_col_last,logic,9,1
551WAAO0Uva,distinct,Medium,100.0,exclusion,logic,14,1
551W9Pa2PIY,distinct,Easy,15.5,row_col_last,logic,10,1
551W5Mkb1OK,distinct,Hard,500.0,finned_counts,logic,18,1
551W6AYZBD4,distinct,Medium,100.0,exclusion,logic,13,1
551W2bKICnA,distinct,Medium,100.0,exclusion,logic,13,1
551WAgm528b,distinct,Medium,100.0,exclusion,logic,10,1
551W5LNWH8I,distinct,Medium,61.0,region_confined,logic,11,1
551W2AM92DY,distinct,Easy,15.5,row_col_last,logic,9,1
551W5ak9fh0,distinct,Medium,100.0,exclusion,logic,13,1
551W2HDuWnM,distinct,Medium,180.0,exclusion,logic,14,1
551WAQ6GiSY,distinct,Easy,15.5,row_col_last,logic,7,1
551W8G8bEgh,distinct,Medium,100.0,exclusion,logic,13,1
551W2g3I6SZ,distinct,Medium,40.0,region_confined,logic,11,1
551W0IgoiL4,distinct,Medium,40.0,region_confined,logic,8,1
551W17nX3Lq,distinct,Easy,15.5,row_col_last,logic,9,1
551W28taZ9G,distinct,Medium,100.0,exclusion,logic,13,1
551W14uWY9Y,distinct,Easy,15.5,row_col_last,logic,9,1
551W5CYm1XL,distinct,Medium,40.0,region_confined,logic,11,1
551W8Pda96Q,distinct,Medium,61.0,region_confined,logic,14,1
551W29PWIOb,distinct,Medium,40.0,region_confined,logic,11,1
551W4VxP1g1,distinct,Hard,580.0,finned_counts,logic,13,1
551W5GA5bco,distinct,Hard,540.0,finned_counts,logic,15,1
551W4X4MC8Z,distinct,Easy,15.5,row_col_last,logic,10,1
551WCIH0iH5,distinct,Easy,15.5,row_col_last,logic,9,1
551W4Jo8a9J,distinct,Medium,100.0,exclusion,logic,9,1
551W44bW1lU,distinct,Easy,15.5,row_col_last,logic,10,1
551W4JM964a,distinct,Easy,15.5,row_col_last,logic,9,1
551W2Jg5HyG,distinct,Easy,15.5,row_col_last,logic,9,1
551WAlTOGIH,distinct,Hard,540.0,finned_counts,logic,14,1
551W16uIlwW,distinct,Hard,500.0,finned_counts,logic,12,1
551W2HJCYeK,distinct,Easy,15.5,row_col_last,logic,9,1
551W4IPYEPX,distinct,Medium,100.0,exclusion,logic,12,1
551W2A99bKI,distinct,Medium,100.0,exclusion,logic,10,1
551W3CmWZCv,distinct,Easy,15.5,row_col_last,logic,10,1
551WCoc8c54,distinct,Medium,61.0,region_confined,logic,12,1
551W8WL6cLK,distinct,Medium,140.0,exclusion,logic,15,1
551W51HCYpK,distinct,Easy,15.5,row_col_last,logic,7,1
551W4Bh5JqW,distinct,Medium,100.0,exclusion,logic,13,1
551W4MhWKHQ,distinct,Medium,140.0,exclusion,logic,14,1
551W4JNPWP1,distinct,Medium,100.0,exclusion,logic,11,1
551WCH40PPc,distinct,Medium,100.0,exclusion,logic,12,1
551W2GgOJv4,distinct,Medium,100.0,exclusion,logic,12,1
551W4R38aQB,distinct,Medium,100.0,exclusion,logic,12,1
551W8Cv8wgK,distinct,Hard,500.0,finned_counts,logic,13,1
551WC9H6Yn4,distinct,Medium,40.0,region_confined,logic,11,1
551W453PLgb,distinct,Medium,150.0,undercounting,logic,10,1
551W5AgH1d4,distinct,Medium,100.0,exclusion,logic,13,1
551W2Jg5JqG,distinct,Medium,100.0,exclusion,logic,12,1
551W4IgGMSY,distinct,Medium,150.0,undercounting,logic,11,1
551WAAiY5OY,distinct,Easy,15.5,row_col_last,logic,10,1
551W29w1NCa,distinct,Medium,100.0,exclusion,logic,9,1
551W0LrM8P8,distinct,Easy,15.5,row_col_last,logic,9,1
551W0HXg9So,distinct,Easy,15.5,row_col_last,logic,9,1
551W1Aq1JBY,distinct,Easy,15.5,row_col_last,logic,9,1
551W8KiWgK_,distinct,Medium,100.0,exclusion,logic,11,1
551W05BfaPf,distinct,Medium,180.0,exclusion,logic,9,1
551W4P4I8fc,distinct,Medium,100.0,exclusion,logic,10,1
551W5HO8JLA,distinct,Easy,15.5,row_col_last,logic,10,1
551W2xcM2a1,distinct,Hard,540.0,finned_counts,logic,13,1
551W5Pg5M2O,distinct,Medium,100.0,exclusion,logic,10,1
551W0EjX1Bf,distinct,Easy,15.5,row_col_last,logic,10,1
551W07SHK8i,distinct,Medium,100.0,exclusion,logic,11,1
551W8HuHFZe,distinct,Medium,166.0,region_confined,logic,12,1
551W8KTMQH8,distinct,Medium,100.0,exclusion,logic,12,1
551W0upICb5,distinct,Medium,40.0,region_confined,logic,11,1
551W48YeGZC,distinct,Medium,61.0,region_confined,logic,12,1
551W66IGarv,distinct,Medium,100.0,exclusion,logic,11,1
551W7x4GeG8,distinct,Easy,15.5,row_col_last,logic,10,1
551W2Dn8YOP,distinct,Medium,40.0,region_confined,logic,8,1
551W8xh4Oem,distinct,Easy,15.5,row_col_last,logic,7,1
551W01q2xwi,distinct,Easy,15.5,row_col_last,logic,9,1
551W14Y4pDK,distinct,Medium,61.0,region_confined,logic,12,1
551W4Z6HeLc,distinct,Easy,15.5,row_col_last,logic,7,1
551W9LKHC8e,distinct,Hard,540.0,finned_counts,logic,12,1
551W1ADX5QZ,distinct,Medium,40.0,region_confined,logic,11,1
551WDLOWA8Y,distinct,Medium,100.0,exclusion,logic,11,1
551W8IO1QPc,distinct,Easy,15.5,row_col_last,logic,10,1
551W3960HMp,distinct,Easy,15.5,row_col_last,logic,9,1
551W2Gg9dj4,distinct,Medium,100.0,exclusion,logic,12,1
551W19K8YVa,distinct,Medium,100.0,exclusion,logic,11,1
551W4HIeZCa,distinct,Medium,100.0,exclusion,logic,12,1
551W9QX5AQX,distinct,Medium,140.0,exclusion,logic,15,1
551W8HY4gHL,distinct,Easy,15.5,row_col_last,logic,10,1
551W2oo8emc,distinct,Easy,15.5,row_col_last,logic,10,1
551W88w0hle,distinct,Easy,15.5,row_col_last,logic,7,1
551W0AnhQeq,distinct,Medium,40.0,region_confined,logic,10,1
551W6FY7AHO,distinct,Medium,40.0,region_confined,logic,8,1
551W15LP4HK,distinct,Medium,40.0,region_confined,logic,10,1
551W6ASAjSa,distinct,Hard,500.0,finned_counts,logic,14,1
551W5GoOHHA,distinct,Easy,15.5,row_col_last,logic,10,1
551WAPMW9fn,distinct,Medium,145.0,region_confined,logic,11,1
551W0YgILKY,distinct,Medium,40.0,region_confined,logic,9,1
551W4GcKHPK,distinct,Medium,40.0,region_confined,logic,10,1
551W5mDYc4Q,distinct,Easy,15.5,row_col_last,logic,10,1
551W4D3H4yU,distinct,Medium,100.0,exclusion,logic,13,1
551W5MxS7O0,distinct,Medium,100.0,exclusion,logic,11,1
551W6BI12vJ,distinct,Medium,100.0,exclusion,logic,13,1
551W8n7L8ce,distinct,Medium,100.0,exclusion,logic,13,1
551W4gjIGio,distinct,Medium,100.0,exclusion,logic,14,1
551W5Sp94YG,distinct,Medium,100.0,exclusion,logic,13,1
551W0kiIHAC,distinct,Medium,40.0,region_confined,logic,8,1
551WCrZ849Q,distinct,Medium,150.0,undercounting,logic,14,1
551W8vf8NqX,distinct,Medium,40.0,region_confined,logic,8,1
551W8pK0gLJ,distinct,Medium,100.0,exclusion,logic,13,1
551W9H8aAp5,distinct,Medium,100.0,exclusion,logic,9,1
551WEtYC2BG,distinct,Medium,100.0,exclusion,logic,12,1
551W29iWYSH,distinct,Medium,40.0,region_confined,logic,8,1
551W2IJK6zK,distinct,Medium,100.0,exclusion,logic,13,1
551WAeYP054,distinct,Medium,40.0,region_confined,logic,11,1
551W1SaQ8RH,distinct,Easy,15.5,row_col_last,logic,9,1
551W3CYH4LY,distinct,Medium,61.0,region_confined,logic,12,1
551W4oY6YOH,distinct,Medium,100.0,exclusion,logic,11,1
551W2DgeWQ4,distinct,Medium,40.0,region_confined,logic,8,1
551W3H2GYzC,distinct,Easy,15.5,row_col_last,logic,10,1
551W8HX8gwu,distinct,Medium,40.0,region_confined,logic,8,1
551W28b14Tr,distinct,Medium,100.0,exclusion,logic,9,1
551W2cPMIEm,distinct,Medium,100.0,exclusion,logic,11,1
551W1J5P2gn,distinct,Medium,40.0,region_confined,logic,12,1
551W2Bz8b9I,distinct,Medium,150.0,undercounting,logic,13,1
551W8ga8i-8,distinct,Medium,82.0,region_confined,logic,11,1
551W6cMPA2e,distinct,Medium,100.0,exclusion,logic,11,1
551W6R8X2H4,distinct,Medium,100.0,exclusion,logic,10,1
551W17I96P2,distinct,Medium,40.0,region_confined,logic,8,1
551W2CumYEJ,distinct,Medium,100.0,exclusion,logic,13,1
551W0BhD3MA,distinct,Medium,100.0,exclusion,logic,11,1
551W8BgXCep,distinct,Medium,145.0,region_confined,logic,12,1
551W98ZDCoW,distinct,Medium,100.0,exclusion,logic,13,1
551W1O3BkQ3,distinct,Medium,100.0,exclusion,logic,11,1
551W0WqJcP2,distinct,Easy,15.5,row_col_last,logic,9,1
551W7HTmWNG,distinct,Medium,40.0,region_confined,logic,11,1
551W5bOYE8Y,distinct,Medium,100.0,exclusion,logic,14,1
551W48wGXb6,distinct,Medium,40.0,region_confined,logic,11,1
551W42KJA8c,distinct,Medium,40.0,region_confined,logic,11,1
551W06WXMPg,distinct,Medium,40.0,region_confined,logic,11,1
551WC8gg2f4,distinct,Hard,540.0,finned_counts,logic,12,1
551W49df5aX,distinct,Medium,40.0,region_confined,logic,11,1
551WAO6W9Tc,distinct,Easy,15.5,row_col_last,logic,7,1
551W2hB0jyI,distinct,Medium,145.0,region_confined,logic,12,1
551W5Q14rMI,distinct,Medium,140.0,exclusion,logic,15,1
551W29ee3T4,distinct,Easy,15.5,row_col_last,logic,9,1
551W46bEiTe,distinct,Hard,500.0,finned_counts,logic,18,1
551W1EIP6U2,distinct,Medium,100.0,exclusion,logic,13,1
551W0N14cgc,distinct,Easy,15.5,row_col_last,logic,7,1
551W6Gca1uo,distinct,Medium,145.0,region_confined,logic,9,1
551W4OX54Yf,distinct,Medium,40.0,region_confined,logic,11,1
551WA4kGffP,distinct,Medium,200.0,undercounting,logic,14,1
551W4bJI4_5,distinct,Medium,100.0,exclusion,logic,14,1
551WAOmWwP2,distinct,Hard,540.0,finned_counts,logic,13,1
551W2J9f4en,distinct,Medium,100.0,exclusion,logic,14,1
551W4ZlaE5a,distinct,Medium,40.0,region_confined,logic,8,1
551W3VPgEGG,distinct,Easy,15.5,row_col_last,logic,9,1
551WCgeW6uY,distinct,Medium,100.0,exclusion,logic,11,1
551W9Qe1SIY,distinct,Medium,40.0,region_confined,logic,11,1
551W6MJAkA1,distinct,Medium,100.0,exclusion,logic,13,1
551W4P5I8qI,distinct,Easy,15.5,row_col_last,logic,9,1
551W5HYGHDC,distinct,Medium,100.0,exclusion,logic,10,1
551W2Ayf0Cr,distinct,Medium,150.0,undercounting,logic,14,1
551W4GqI8P6,distinct,Medium,40.0,region_confined,logic,11,1
551W3NIHai2,distinct,Medium,100.0,exclusion,logic,11,1
551W21Yn5FC,distinct,Medium,40.0,region_confined,logic,10,1
551WCgbQ2Wo,distinct,Medium,140.0,exclusion,logic,14,1
551W9LKAgCW,distinct,Easy,15.5,row_col_last,logic,10,1
551WARY5E1K,distinct,Easy,15.5,row_col_last,logic,9,1
551W9hg8IQ0,distinct,Medium,40.0,region_confined,logic,8,1
551W8BV0jvI,distinct,Hard,540.0,finned_counts,logic,11,1
551W2ggR128,distinct,Medium,40.0,region_confined,logic,11,1
551W4OMe1vY,distinct,Easy,15.5,row_col_last,logic,10,1
551WAb44cNH,distinct,Medium,100.0,exclusion,logic,13,1
551W0anPTou,distinct,Hard,500.0,finned_counts,logic,17,1
551W14KnKPY,distinct,Medium,100.0,exclusion,logic,11,1
551W2nuXAua,distinct,Medium,40.0,region_confined,logic,8,1
551W8Ag6bMO,distinct,Easy,15.5,row_col_last,logic,10,1
551W80YBLKY,distinct,Hard,540.0,finned_counts,logic,12,1
551WDfcG4cH,distinct,Medium,200.0,undercounting,logic,12,1
551W2OfPbWn,distinct,Medium,100.0,exclusion,logic,12,1
551WARHHAjm,distinct,Medium,100.0,exclusion,logic,12,1
551WBf4G4MH,distinct,Easy,15.5,row_col_last,logic,10,1
551W2Q6GNj4,distinct,Easy,15.5,row_col_last,logic,9,1
551WAfa2LGY,distinct,Easy,15.5,row_col_last,logic,10,1
551W5IaH2SP,distinct,Medium,140.0,exclusion,logic,14,1
551W8RP5QX4,distinct,Medium,100.0,exclusion,logic,13,1
551W4NaWb9C,distinct,Hard,500.0,finned_counts,logic,11,1
551W3PaGYe8,distinct,Hard,540.0,finned_counts,logic,11,1
551W4Q04cQh,distinct,Hard,540.0,finned_counts,logic,13,1
551W1VYX3bP,distinct,Medium,140.0,exclusion,logic,15,1
551W0Pkwe3C,shape-T,Medium,100.0,exclusion,logic,11,1
551W0PtRC39,shape-T,Medium,100.0,exclusion,logic,13,1
551W0TsRC2A,shape-T,Medium,40.0,region_confined,logic,11,1
551W0T_QB29,shape-T,Easy,15.5,row_col_last,logic,10,1
551W0VkR92C,shape-T,Medium,100.0,exclusion,logic,11,1
551W0PsRC3A,shape-T,Medium,40.0,region_confined,logic,11,1
551W0RcUi29,shape-T,Medium,140.0,exclusion,logic,11,1
551W0PkwA3C,shape-T,Medium,100.0,exclusion,logic,11,1
551W0Plwe2f,shape-T,Medium,150.0,undercounting,logic,13,1
551W0Psw93A,shape-T,Medium,140.0,exclusion,logic,13,1
551W0Psw92i,shape-T,Medium,140.0,exclusion,logic,13,1
551W0PsRC2i,shape-T,Medium,40.0,region_confined,logic,10,1
551W0R-R92i,shape-T,Hard,540.0,finned_counts,logic,16,1
551W0Pcw92g,shape-T,Medium,100.0,exclusion,logic,12,1
551W0PcVC29,shape-T,Medium,40.0,region_confined,logic,11,1
551W0xdUe2A,shape-T,Medium,82.0,region_confined,logic,14,1
551W0VsQi2e,shape-T,Medium,150.0,undercounting,logic,12,1
551W0xkQ93C,shape-T,Medium,100.0,exclusion,logic,11,1
551W0Ptw939,shape-T,Medium,100.0,exclusion,logic,12,1
551W0PdUg2A,shape-T,Medium,150.0,undercounting,logic,12,1
551W0vdV82A,shape-T,Medium,61.0,region_confined,logic,11,1
551W0TswO2A,shape-T,Medium,61.0,region_confined,logic,10,1
551W0_tQA29,shape-T,Medium,82.0,region_confined,logic,13,1
551W0PcVC2O,shape-T,Medium,40.0,region_confined,logic,10,1
551W0R-RO3A,shape-T,Medium,150.0,undercounting,logic,12,1
551W0Tcw92C,shape-T,Easy,15.5,row_col_last,logic,6,1
551W0vsR83A,shape-T,Easy,15.5,row_col_last,logic,10,1
551W0PcwO2g,shape-T,Medium,100.0,exclusion,logic,12,1
551W0Pdw92f,shape-T,Easy,15.5,row_col_last,logic,11,1
551W0Pl-A2A,shape-T,Medium,82.0,region_confined,logic,13,1
551W0P-wA2E,shape-T,Easy,15.5,row_col_last,logic,11,1
551W0xtQe2S,shape-T,Hard,500.0,finned_counts,logic,17,1
551W0RdUi2A,shape-T,Medium,150.0,undercounting,logic,13,1
551W0RlV92e,shape-T,Hard,500.0,finned_counts,logic,16,1
551W0TsRC2e,shape-T,Medium,40.0,region_confined,logic,10,1
551W0xcQA2g,shape-T,Medium,150.0,undercounting,logic,11,1
551W0R_wC2S,shape-T,Hard,500.0,finned_counts,logic,16,1
551W0RsQE3A,shape-T,Easy,15.5,row_col_last,logic,9,1
551W0PswO2i,shape-T,Medium,140.0,exclusion,logic,13,1
551W0RcQE2g,shape-T,Easy,15.5,row_col_last,logic,9,1
551W0Rk-C29,shape-T,Medium,61.0,region_confined,logic,12,1
551W0xkUO2O,shape-T,Medium,100.0,exclusion,logic,13,1
551W0R_RO39,shape-T,Medium,180.0,exclusion,logic,13,1
551W0Rl-C2A,shape-T,Medium,82.0,region_confined,logic,14,1
551W0PtQg2S,shape-T,Hard,540.0,finned_counts,logic,15,1
551W0PsRC3e,shape-T,Easy,15.5,row_col_last,logic,9,1
551W0PkUQ29,shape-T,Easy,15.5,row_col_last,logic,10,1
551W0RkR93C,shape-T,Medium,100.0,exclusion,logic,11,1
551W0VcRA2C,shape-T,Easy,15.5,row_col_last,logic,10,1
551W0RcRe2g,shape-T,Medium,40.0,region_confined,logic,11,1
551W0RdRe2f,shape-T,Easy,15.5,row_col_last,logic,11,1
551W0RsQi2E,shape-T,Medium,40.0,region_confined,logic,11,1
551W0vdV82e,shape-T,Medium,61.0,region_confined,logic,11,1
551W0Pd-92e,shape-T,Easy,15.5,row_col_last,logic,11,1
551W0xsQe3e,shape-T,Easy,15.5,row_col_last,logic,7,1
551W0Pt-938,shape-T,Medium,100.0,exclusion,logic,12,1
551W0RdQi2u,shape-T,Easy,15.5,row_col_last,logic,10,1
551W0RdRA2u,shape-T,Easy,15.5,row_col_last,logic,10,1
551W0RlUD2A,shape-T,Medium,82.0,region_confined,logic,13,1
551W0vsR82E,shape-T,Easy,15.5,row_col_last,logic,7,1
551W0vtR839,shape-T,Medium,100.0,exclusion,logic,11,1
551W0TtRC29,shape-T,Medium,100.0,exclusion,logic,13,1
551W0xk-82O,shape-T,Medium,100.0,exclusion,logic,13,1
551W0RkQD3C,shape-T,Medium,100.0,exclusion,logic,13,1
551W0RtQi2S,shape-T,Hard,500.0,finned_counts,logic,16,1
551W0R-RO2i,shape-T,Medium,150.0,undercounting,logic,12,1
551W0_sQe2e,shape-T,Medium,82.0,region_confined,logic,11,1
551W0Tt-O28,shape-T,Medium,61.0,region_confined,logic,12,1
551W0RkUD29,shape-T,Medium,61.0,region_confined,logic,12,1
551W0xtQA39,shape-T,Medium,180.0,exclusion,logic,13,1
551W0xlUO2A,shape-T,Medium,82.0,region_confined,logic,14,1
551W0x_w82D,shape-T,Medium,100.0,exclusion,logic,14,1
551W0_cQe2C,shape-T,Easy,15.5,row_col_last,logic,10,1
551W0xdQe2u,shape-T,Easy,15.5,row_col_last,logic,10,1
551W0RsQE2i,shape-T,Easy,15.5,row_col_last,logic,9,1
551W0T-QQ2e,shape-T,Medium,150.0,undercounting,logic,12,1
551W0VsRA2e,shape-T,Medium,150.0,undercounting,logic,12,1
551W0RlR92f,shape-T,Hard,540.0,finned_counts,logic,15,1
551W0xdUA2e,shape-T,Medium,82.0,region_confined,logic,13,1
551W0PtwO39,shape-T,Medium,61.0,region_confined,logic,12,1
551W0xl-82A,shape-T,Medium,82.0,region_confined,logic,14,1
551W0Pk-A29,shape-T,Easy,15.5,row_col_last,logic,10,1
551W0x-QO2E,shape-T,Medium,145.0,region_confined,logic,12,1
551W0_-w82e,shape-T,Medium,82.0,region_confined,logic,13,1
551W0P-wA3e,shape-T,Easy,15.5,row_col_last,logic,9,1
551W0P_QQ2D,shape-T,Medium,150.0,undercounting,logic,12,1
551W0xkUO29,shape-T,Medium,61.0,region_confined,logic,12,1
551W0V-wC2e,shape-T,Medium,82.0,region_confined,logic,13,1
551W0PtQg2D,shape-T,Medium,150.0,undercounting,logic,11,1
551W0xkU92O,shape-T,Medium,100.0,exclusion,logic,13,1
551W0RkRO3C,shape-T,Medium,100.0,exclusion,logic,13,1
551W0P_QB2D,shape-T,Easy,15.5,row_col_last,logic,6,1
551W0RlUS2A,shape-T,Medium,180.0,exclusion,logic,14,1
551W0xlU92A,shape-T,Medium,82.0,region_confined,logic,13,1
551W0VtQE2O,shape-T,Easy,15.5,row_col_last,logic,9,1
551W0TcwO2C,shape-T,Easy,15.5,row_col_last,logic,7,1
551W0R_R939,shape-T,Hard,500.0,finned_counts,logic,17,1
551W0PkUB29,shape-T,Easy,15.5,row_col_last,logic,7,1
551W0VkRO2C,shape-T,Medium,100.0,exclusion,logic,11,1
551W0zsR82e,shape-T,Easy,15.5,row_col_last,logic,10,1
551W0RsRA2E,shape-T,Medium,40.0,region_confined,logic,11,1
551W0Tsw92A,shape-T,Medium,40.0,region_confined,logic,9,1
551W0P-QQ3e,shape-T,Easy,15.5,row_col_last,logic,9,1
551W0vtR83O,shape-T,Medium,100.0,exclusion,logic,11,1
551W0_kQ92C,shape-T,Medium,100.0,exclusion,logic,11,1
551W0V-QD2e,shape-T,Medium,82.0,region_confined,logic,11,1
551W0RlR92u,shape-T,Easy,15.5,row_col_last,logic,10,1
551W0RcRe3C,shape-T,Medium,40.0,region_confined,logic,11,1
551W0R-QS3e,shape-T,Easy,15.5,row_col_last,logic,9,1
551W0RdVA2A,shape-T,Medium,150.0,undercounting,logic,13,1
551W0PkUB2O,shape-T,Easy,15.5,row_col_last,logic,8,1
551W0xdQA2u,shape-T,Easy,15.5,row_col_last,logic,10,1
551W0P_wA2D,shape-T,Medium,100.0,exclusion,logic,13,1
551W0_kQO2C,shape-T,Medium,100.0,exclusion,logic,11,1
551W0x-Q92E,shape-T,Medium,145.0,region_confined,logic,12,1
551W0x_w82S,shape-T,Hard,500.0,finned_counts,logic,16,1
551W0x-QO3e,shape-T,Easy,15.5,row_col_last,logic,9,1
551W0R-QD3e,shape-T,Easy,15.5,row_col_last,logic,6,1
551W0x-w83e,shape-T,Easy,15.5,row_col_last,logic,9,1
551W17a2ilL,progressive,Medium,145.0,region_confined,logic,11,1
551W0Gz2QSs,progressive,Easy,15.5,row_col_last,logic,9,1
551W1AJCcR2,progressive,Medium,40.0,region_confined,logic,8,1
551W4Gia2TL,progressive,Easy,15.5,row_col_last,logic,10,1
551W86iAbT8,progressive,Medium,100.0,exclusion,logic,11,1
551W2veXAeY,progressive,Medium,100.0,exclusion,logic,10,1
551W48w8Ier,progressive,Medium,40.0,region_confined,logic,13,1
551W9cja2DI,progressive,Medium,140.0,exclusion,logic,13,1
551W6PLKY12,progressive,Medium,150.0,undercounting,logic,11,1
551W2PBCIf6,progressive,Medium,100.0,exclusion,logic,10,1
551W3Mh8bbI,progressive,Hard,500.0,finned_counts,logic,17,1
551W2f5nOuX,progressive,Medium,100.0,exclusion,logic,10,1
551W2f2AcQ8,progressive,Medium,100.0,exclusion,logic,11,1
551W2MgISN8,progressive,Medium,100.0,exclusion,logic,14,1
551W25gLMNG,progressive,Medium,100.0,exclusion,logic,9,1
551W8cJG6Tu,progressive,Easy,15.5,row_col_last,logic,6,1
551W8dKHAp2,progressive,Medium,40.0,region_confined,logic,11,1
551W2Lg4Ipo,progressive,Medium,145.0,region_confined,logic,10,1
551W5M01JTt,progressive,Medium,150.0,undercounting,logic,14,1
551WCHwg292,progressive,Easy,15.5,row_col_last,logic,10,1
551W6Prq10a,progressive,Medium,100.0,exclusion,logic,13,1
551W3D28YPY,progressive,Medium,40.0,region_confined,logic,8,1
551W4B5P2un,progressive,Medium,40.0,region_confined,logic,12,1
551W8RzWCqq,progressive,Easy,15.5,row_col_last,logic,6,1
551W2BJLYS4,progressive,Medium,100.0,exclusion,logic,11,1
551W0gxI5JQ,progressive,Medium,100.0,exclusion,logic,13,1
551WAsdOAJI,progressive,Hard,500.0,finned_counts,logic,17,1
551WAqh1Xsb,progressive,Medium,150.0,undercounting,logic,14,1
551W9GmehTA,progressive,Easy,15.5,row_col_last,logic,10,1
551W2hbKzWW,progressive,Medium,100.0,exclusion,logic,9,1
551W1lMORoW,progressive,Hard,500.0,finned_counts,logic,19,1
551W84YKgl9,progressive,Easy,15.5,row_col_last,logic,10,1
551W8YPS5L4,progressive,Medium,145.0,region_confined,logic,12,1
551W9QzGjEK,progressive,Hard,822.0,finned_fish,search,7,1
551W4QQa4pu,progressive,Easy,15.5,row_col_last,logic,9,1
551W175D2Ta,progressive,Medium,100.0,exclusion,logic,12,1
551W4ca0kLx,progressive,Hard,500.0,finned_counts,logic,17,1
551W2H5L4eX,progressive,Easy,15.5,row_col_last,logic,10,1
551W8lYGaEC,progressive,Hard,540.0,finned_counts,logic,13,1
551W2Pg6QeG,progressive,Medium,100.0,exclusion,logic,12,1
551W8gA95Mg,progressive,Medium,180.0,exclusion,logic,15,1
551W4TcY9c4,progressive,Medium,100.0,exclusion,logic,10,1
551W6H2GYVC,progressive,Medium,100.0,exclusion,logic,11,1
551W4XLCTL2,progressive,Medium,61.0,region_confined,logic,11,1
551W0Ac8cMP,progressive,Medium,100.0,exclusion,logic,13,1
551W0H6sOgO,progressive,Easy,15.5,row_col_last,logic,10,1
551W4L1IgTu,progressive,Medium,180.0,exclusion,logic,10,1
551W10g9bLC,progressive,Medium,180.0,exclusion,logic,14,1
551WCcQ89cY,progressive,Medium,100.0,exclusion,logic,13,1
551W19a94Ep,progressive,Medium,100.0,exclusion,logic,11,1
551W1gIQ6VW,progressive,Medium,145.0,region_confined,logic,12,1
551W1wYOxQ0,progressive,Medium,100.0,exclusion,logic,12,1
551W834J2Pc,progressive,Medium,140.0,exclusion,logic,13,1
551W4J9e68o,progressive,Medium,100.0,exclusion,logic,9,1
551W2VqH2YY,progressive,Medium,100.0,exclusion,logic,14,1
551W8X9b6Pa,progressive,Medium,40.0,region_confined,logic,10,1
551W4AxW5rK,progressive,Medium,145.0,region_confined,logic,10,1
551W0iG7tUu,progressive,Hard,500.0,finned_counts,logic,11,1
551W2n4oKn4,progressive,Easy,15.5,row_col_last,logic,10,1
551W4RcabWo,progressive,Hard,580.0,finned_counts,logic,16,1
551WDFTf8qG,progressive,Medium,100.0,exclusion,logic,10,1
551W8Qf1Dqn,progressive,Easy,15.5,row_col_last,logic,9,1
551W16HLNPW,progressive,Medium,100.0,exclusion,logic,10,1
551W4IgOLGY,progressive,Medium,150.0,undercounting,logic,11,1
551W1kbUAWq,progressive,Medium,100.0,exclusion,logic,13,1
551W6vKGC9Y,progressive,Easy,15.5,row_col_last,logic,7,1
551W6f_Cj44,progressive,Expert,625,guessing,search,6,1
551W4Qzn4f1,progressive,Medium,100.0,exclusion,logic,10,1
551W2gZOeaI,progressive,Medium,100.0,exclusion,logic,11,1
551W8hj89rq,progressive,Medium,180.0,exclusion,logic,13,1
551W29cT481,progressive,Easy,15.5,row_col_last,logic,10,1
551W8TLM8X8,progressive,Easy,15.5,row_col_last,logic,10,1
551W2n8Xgn4,progressive,Medium,40.0,region_confined,logic,10,1
551W0HYCYpS,progressive,Easy,15.5,row_col_last,logic,9,1
551W2ZbeBrq,progressive,Medium,100.0,exclusion,logic,9,1
551W6QMT61X,progressive,Hard,540.0,finned_counts,logic,13,1
551W34p3TrG,progressive,Medium,100.0,exclusion,logic,14,1
551WEnIH0z2,progressive,Easy,15.5,row_col_last,logic,10,1
551WCfHGtn1,progressive,Medium,180.0,exclusion,logic,12,1
551W2Rk4baG,progressive,Medium,61.0,region_confined,logic,12,1
551W5Tva2eW,progressive,Medium,100.0,exclusion,logic,11,1
551W8ucKcoO,progressive,Easy,15.5,row_col_last,logic,10,1
551W4vt2LeK,progressive,Medium,150.0,undercounting,logic,16,1
551W2PKoOX2,progressive,Medium,40.0,region_confined,logic,11,1
551W1R2AiQ8,progressive,Easy,15.5,row_col_last,logic,10,1
551W3MPH5aO,progressive,Medium,40.0,region_confined,logic,12,1
551W4Yw4Q9q,progressive,Easy,15.5,row_col_last,logic,9,1
551W0rOXAgg,progressive,Medium,100.0,exclusion,logic,10,1
551W89M3LJv,progressive,Easy,15.5,row_col_last,logic,10,1
551WCgk0Hj4,progressive,Medium,61.0,region_confined,logic,10,1
551W86LN6H8,progressive,Medium,100.0,exclusion,logic,12,1
551W68p94n1,progressive,Medium,100.0,exclusion,logic,11,1
551W2ojIXuX,progressive,Medium,40.0,region_confined,logic,12,1
551W5TwW2en,progressive,Medium,100.0,exclusion,logic,12,1
551WELPWB6K,progressive,Medium,100.0,exclusion,logic,11,1
551W3EG0tUn,progressive,Medium,100.0,exclusion,logic,11,1
551W1If4dlq,progressive,Hard,500.0,finned_counts,logic,13,1
551W1orOewq,progressive,Medium,180.0,exclusion,logic,14,1
551W4CYKpgK,progressive,Medium,100.0,exclusion,logic,12,1
551W2LaGYfC,progressive,Easy,15.5,row_col_last,logic,9,1
551W4GvKJOa,progressive,Medium,61.0,region_confined,logic,13,1
551WAMz19VH,progressive,Hard,500.0,finned_counts,logic,18,1
551W9CoJ4M2,progressive,Easy,15.5,row_col_last,logic,10,1
551W2Cw1bKg,progressive,Medium,100.0,exclusion,logic,13,1
551W0eIo5Ng,progressive,Hard,540.0,finned_counts,logic,11,1
551W6KcIgJH,progressive,Medium,150.0,undercounting,logic,11,1
551W4p58g4I,progressive,Medium,100.0,exclusion,logic,12,1
551W5kcPAW4,progressive,Medium,150.0,undercounting,logic,15,1
551W4DaY9w4,progressive,Medium,40.0,region_confined,logic,8,1
551W0gAJ5Mg,progressive,Medium,100.0,exclusion,logic,11,1
551W0Bq6iis,progressive,Easy,15.5,row_col_last,logic,9,1
551W18oH4Na,progressive,Easy,15.5,row_col_last,logic,9,1
551W5LdGHHI,progressive,Medium,140.0,exclusion,logic,13,1
551W2J5b3eX,progressive,Easy,15.5,row_col_last,logic,10,1
551W4EAcEwK,progressive,Medium,100.0,exclusion,logic,13,1
551W8lYeZM4,progressive,Medium,100.0,exclusion,logic,9,1
551W03OJFgi,progressive,Easy,15.5,row_col_last,logic,9,1
551W1OeXbcp,progressive,Medium,100.0,exclusion,logic,11,1
551W35KX5En,progressive,Medium,166.0,region_confined,logic,14,1
551WAfe9bCY,progressive,Medium,100.0,exclusion,logic,13,1
551W4bQfApa,progressive,Hard,580.0,finned_counts,logic,17,1
551W4IYOt94,progressive,Medium,100.0,exclusion,logic,11,1
551WCr69HP8,progressive,Medium,100.0,exclusion,logic,12,1
551W1459cLM,progressive,Medium,100.0,exclusion,logic,11,1
551W2gbLAWX,progressive,Medium,180.0,exclusion,logic,14,1
551W2fOXAvY,progressive,Medium,180.0,exclusion,logic,11,1
551W0hcGgs8,progressive,Medium,100.0,exclusion,logic,11,1
551W9HbGPGf,progressive,Medium,100.0,exclusion,logic,13,1
551W04iMQh5,progressive,Easy,15.5,row_col_last,logic,10,1
551W2ucX9uH,progressive,Easy,15.5,row_col_last,logic,9,1
551W48k0XjL,progressive,Easy,15.5,row_col_last,logic,9,1
551W9fcGCag,progressive,Easy,15.5,row_col_last,logic,10,1
551WAghq142,progressive,Medium,100.0,exclusion,logic,11,1
551W1E1XMQb,progressive,Medium,100.0,exclusion,logic,10,1
551W9L2Whcc,progressive,Medium,140.0,exclusion,logic,15,1
551W5ne8FsY,progressive,Easy,15.5,row_col_last,logic,10,1
551W4xCg0r4,progressive,Easy,15.5,row_col_last,logic,9,1
551W6AKH2fa,progressive,Easy,15.5,row_col_last,logic,10,1
551W8ji8bMc,progressive,Hard,500.0,finned_counts,logic,19,1
551W4LY94P8,progressive,Medium,40.0,region_confined,logic,8,1
551W0f0HCl_,progressive,Medium,100.0,exclusion,logic,10,1
551W8b8n6LP,progressive,Medium,40.0,region_confined,logic,10,1
551W6NRe5E1,progressive,Medium,100.0,exclusion,logic,9,1
551W2kyW9ga,progressive,Medium,100.0,exclusion,logic,12,1
551WAhhW4OI,progressive,Easy,15.5,row_col_last,logic,9,1
551W0aI9Cpv,progressive,Medium,100.0,exclusion,logic,13,1
551W5fT1QUq,progressive,Medium,150.0,undercounting,logic,12,1
551W29nGYKs,progressive,Easy,15.5,row_col_last,logic,10,1
551W3mU9QNa,progressive,Medium,100.0,exclusion,logic,12,1
551W2QCoCQg,progressive,Medium,40.0,region_confined,logic,10,1
551WCXZ4TDa,progressive,Medium,140.0,exclusion,logic,12,1
551W0gAHQjc,progressive,Medium,150.0,undercounting,logic,13,1
551W2Pcc98H,progressive,Easy,15.5,row_col_last,logic,10,1
551WAcpS2F0,progressive,Easy,15.5,row_col_last,logic,9,1
551W4IHXZTn,progressive,Medium,100.0,exclusion,logic,11,1
551W5zwnA6W,progressive,Hard,500.0,finned_counts,logic,14,1
551W2Tp0YgI,progressive,Medium,100.0,exclusion,logic,11,1
551W1je2MAc,progressive,Medium,100.0,exclusion,logic,12,1
551WAd482Vg,progressive,Medium,150.0,undercounting,logic,11,1
551W2AaP28p,progressive,Medium,61.0,region_confined,logic,12,1
551W0HNH4xP,progressive,Medium,140.0,exclusion,logic,14,1
551W0HaA8_C,progressive,Easy,15.5,row_col_last,logic,9,1
551W68cZDOH,progressive,Medium,100.0,exclusion,logic,12,1
551WDpg0IGP,progressive,Medium,100.0,exclusion,logic,9,1
551W0sac7h5,progressive,Medium,180.0,exclusion,logic,11,1
551W0Qsf7X6,progressive,Easy,15.5,row_col_last,logic,10,1
551W8frOCaq,progressive,Easy,15.5,row_col_last,logic,11,1
551W0TJc9-8,progressive,Medium,61.0,region_confined,logic,10,1
551WCgXX3in,progressive,Hard,540.0,finned_counts,logic,16,1
551W46nHJlK,progressive,Medium,150.0,undercounting,logic,15,1
551W3FV0LKX,progressive,Medium,100.0,exclusion,logic,12,1
551W8HxGQLI,progressive,Medium,145.0,region_confined,logic,10,1
551W29PZEfX,progressive,Medium,180.0,exclusion,logic,15,1
551W8CP3bMP,progressive,Easy,15.5,row_col_last,logic,10,1
551W5DPm2sI,progressive,Medium,150.0,undercounting,logic,12,1
551W8hSK1JB,progressive,Easy,15.5,row_col_last,logic,10,1
551WCos82T2,progressive,Easy,15.5,row_col_last,logic,9,1
551W965J6LI,progressive,Medium,100.0,exclusion,logic,11,1
551W5Qd0caQ,progressive,Medium,100.0,exclusion,logic,12,1
551W5xQ5OBm,progressive,Medium,40.0,region_confined,logic,12,1
551W02PgipQ,progressive,Hard,540.0,finned_counts,logic,14,1
551W4n4M48Z,progressive,Easy,15.5,row_col_last,logic,10,1
551WCXCmapC,progressive,Medium,100.0,exclusion,logic,12,1
551W2BCW5Sp,progressive,Medium,61.0,region_confined,logic,12,1
551W1dcQaH0,progressive,Medium,100.0,exclusion,logic,15,1
551W6VjW45v,progressive,Medium,150.0,undercounting,logic,16,1
551W1AxGKN5,progressive,Medium,40.0,region_confined,logic,11,1
551W2cLE2Ee,progressive,Medium,82.0,region_confined,logic,12,1
551W9AvHBiS,progressive,Medium,100.0,exclusion,logic,12,1
551W8WK1Txg,progressive,Medium,82.0,region_confined,logic,12,1
551W5Tr8Hem,progressive,Medium,100.0,exclusion,logic,11,1
551W9fi9XMY,progressive,Medium,200.0,undercounting,logic,15,1
551W0k2I6Ut,progressive,Medium,100.0,exclusion,logic,11,1
551W6U_O589,progressive,Medium,100.0,exclusion,logic,11,1
551W2Ir8azK,progressive,Hard,500.0,finned_counts,logic,14,1
551W1wHQ6lm,progressive,Medium,145.0,region_confined,logic,12,1
551W1b5QLHI,progressive,Medium,40.0,region_confined,logic,10,1
551W4gkWg6P,progressive,Medium,40.0,region_confined,logic,12,1
551W8XrKLGa,progressive,Medium,100.0,exclusion,logic,13,1
551WAEwo4M2,progressive,Easy,15.5,row_col_last,logic,10,1
551W98jXE-I,progressive,Hard,500.0,finned_counts,logic,17,1
551W0KqHLwe,progressive,Medium,150.0,undercounting,logic,13,1
551W5FH8auq,progressive,Medium,150.0,undercounting,logic,14,1
551W2DF0XLh,progressive,Easy,15.5,row_col_last,logic,9,1
551W4hUq8Jy,progressive,Medium,140.0,exclusion,logic,13,1
551WA8gAI94,progressive,Hard,540.0,finned_counts,logic,12,1
551W35P5MAW,progressive,Medium,140.0,exclusion,logic,11,1
551W114pSp4,progressive,Easy,15.5,row_col_last,logic,10,1
551W4JA8M8Y,progressive,Easy,15.5,row_col_last,logic,9,1
551W2eac5P5,progressive,Medium,40.0,region_confined,logic,11,1
551W2-H4gQY,progressive,Medium,100.0,exclusion,logic,12,1
551WCor82T5,progressive,Hard,580.0,finned_counts,logic,15,1
551W1h-8Sc6,progressive,Easy,15.5,row_col_last,logic,11,1
551W6ASGbua,progressive,Medium,100.0,exclusion,logic,11,1
551W6Qg91KY,progressive,Hard,500.0,finned_counts,logic,12,1
551W2vLJ8X1,progressive,Medium,100.0,exclusion,logic,10,1
551W8IPaCp9,progressive,Medium,100.0,exclusion,logic,13,1
551W1512gxZ,progressive,Easy,15.5,row_col_last,logic,9,1
551W4tJ8g8O,progressive,Medium,100.0,exclusion,logic,14,1
551W07857Tw,progressive,Easy,15.5,row_col_last,logic,10,1
551W0GZ6gPM,progressive,Medium,100.0,exclusion,logic,13,1
551W0gxCSp8,progressive,Medium,100.0,exclusion,logic,14,1
551W4J692CY,progressive,Easy,15.5,row_col_last,logic,9,1
551W1Mhn4dI,progressive,Medium,200.0,undercounting,logic,19,1
551W8kf8LMq,progressive,Hard,500.0,finned_counts,logic,13,1
551WAfwW77e,progressive,Easy,15.5,row_col_last,logic,9,1
551W3DL8YKH,progressive,Medium,61.0,region_confined,logic,11,1
551WAmiHXv4,progressive,Medium,150.0,undercounting,logic,13,1
551W8LMO8Yi,progressive,Medium,100.0,exclusion,logic,12,1
551W05tJCsX,progressive,Medium,145.0,region_confined,logic,13,1
551W85L5TxW,progressive,Hard,540.0,finned_counts,logic,12,1
551WAbI2LEJ,progressive,Medium,140.0,exclusion,logic,12,1
551WAxV8HXm,progressive,Medium,61.0,region_confined,logic,10,1
551W2pOIBn2,progressive,Medium,82.0,region_confined,logic,11,1
551W9jz8b6m,progressive,Hard,500.0,finned_counts,logic,17,1
551W2Bgr2KG,progressive,Medium,100.0,exclusion,logic,11,1
551W474HJp4,progressive,Medium,100.0,exclusion,logic,13,1
551W8ba84Lx,progressive,Medium,100.0,exclusion,logic,12,1
551W9hb82UI,progressive,Medium,40.0,region_confined,logic,8,1
551W6Sa8YT8,progressive,Medium,100.0,exclusion,logic,11,1
551W2wbMAKm,progressive,Medium,145.0,region_confined,logic,13,1
551W6RYH2b4,progressive,Easy,15.5,row_col_last,logic,10,1
551WCp01JCp,progressive,Medium,100.0,exclusion,logic,12,1
551W8T68Poc,progressive,Easy,15.5,row_col_last,logic,9,1
551W19J8YRH,progressive,Medium,100.0,exclusion,logic,13,1
551W6bcuS3Y,progressive,Medium,145.0,region_confined,logic,14,1
551W05gsAt9,progressive,Easy,15.5,row_col_last,logic,10,1
551W6Rl0q4I,progressive,Medium,100.0,exclusion,logic,11,1
551W4HVGXCK,progressive,Easy,15.5,row_col_last,logic,9,1
551WCHLg1HI,progressive,Medium,180.0,exclusion,logic,11,1
551W5MYGaL8,progressive,Easy,15.5,row_col_last,logic,10,1
551W2AB8MQQ,progressive,Medium,180.0,exclusion,logic,13,1
551W2BT95KK,progressive,Medium,145.0,region_confined,logic,12,1
551W9LNGP8I,progressive,Medium,61.0,region_confined,logic,11,1
551W1Rq0asr,progressive,Easy,15.5,row_col_last,logic,9,1
551W1dkSDZG,progressive,Medium,100.0,exclusion,logic,12,1
551W394X5MH,progressive,Hard,540.0,finned_counts,logic,12,1
551W4Q3W7Uw,progressive,Easy,15.5,row_col_last,logic,10,1
551W3bIACea,progressive,Medium,61.0,region_confined,logic,11,1
551W9HQeA8i,progressive,Hard,540.0,finned_counts,logic,12,1
551W1BKOaJJ,progressive,Medium,150.0,undercounting,logic,14,1
551W1aK9xkW,progressive,Medium,145.0,region_confined,logic,13,1
551W3bsOkmW,progressive,Hard,822.0,finned_fish,logic,16,1
551W9Jk1PoH,progressive,Medium,100.0,exclusion,logic,11,1
551W8ozW9Sq,progressive,Medium,145.0,region_confined,logic,13,1
551W8jbKCYb,progressive,Medium,100.0,exclusion,logic,14,1
551W29UOXP2,progressive,Medium,150.0,undercounting,logic,8,1
551W1Ua56is,progressive,Medium,150.0,undercounting,logic,15,1
551W0KYIxT8,progressive,Medium,100.0,exclusion,logic,12,1
551W2HV6fAS,progressive,Medium,61.0,region_confined,logic,11,1
551W5NcWb54,progressive,Hard,500.0,finned_counts,logic,14,1
551W4P51cbM,progressive,Medium,100.0,exclusion,logic,12,1
551W0RfL3ge,progressive,Hard,540.0,finned_counts,logic,13,1
551WCri9XD8,progressive,Medium,82.0,region_confined,logic,13,1
551W2-rWFau,progressive,Medium,40.0,region_confined,logic,10,1
551W3_Tk0q0,progressive,Medium,61.0,region_confined,logic,10,1
551W4YwmiL2,progressive,Medium,150.0,undercounting,logic,13,1
551W8hKmfn2,progressive,Easy,15.5,row_col_last,logic,10,1
551W89X5kfa,progressive,Medium,140.0,exclusion,logic,15,1
551W2WIACnc,progressive,Medium,100.0,exclusion,logic,11,1
551W28w1NT2,progressive,Medium,100.0,exclusion,logic,10,1
551W4IcGcD4,progressive,Easy,15.5,row_col_last,logic,9,1
551W1D92Qwb,progressive,Medium,82.0,region_confined,logic,11,1
551WApE4Gio,progressive,Easy,15.5,row_col_last,logic,9,1
551W8j5GCbU,progressive,Medium,100.0,exclusion,logic,12,1
551W2aYIcV8,progressive,Medium,100.0,exclusion,logic,12,1
551W6rJH8iO,progressive,Medium,100.0,exclusion,logic,11,1
551W4oaM2So,progressive,Medium,100.0,exclusion,logic,14,1
551W4DY1cgL,progressive,Hard,500.0,finned_counts,logic,15,1
551WAnqX5f2,progressive,Medium,40.0,region_confined,logic,13,1
551W0eKYlwi,progressive,Hard,500.0,finned_counts,logic,12,1
551W2Mc8Nj8,progressive,Easy,15.5,row_col_last,logic,9,1
551W2GcHcj4,progressive,Easy,15.5,row_col_last,logic,9,1
551W3N_m4qG,progressive,Medium,100.0,exclusion,logic,11,1
551W0oY2gwP,progressive,Medium,100.0,exclusion,logic,9,1
551W2l426ML,progressive,Medium,145.0,region_confined,logic,10,1
551W0L2GYkT,progressive,Medium,61.0,region_confined,logic,12,1
551W2Hg8InL,progressive,Medium,150.0,undercounting,logic,10,1
551W2xQ0Rba,progressive,Hard,500.0,finned_counts,logic,9,1
551W3tfo2bq,progressive,Hard,500.0,finned_counts,logic,17,1
551W0rL9THO,progressive,Easy,15.5,row_col_last,logic,9,1
551W2QS8Kjc,progressive,Easy,15.5,row_col_last,logic,10,1
551WEx50n5M,progressive,Hard,844.0,finned_fish,logic,16,1
551W8q_X6sH,progressive,Hard,500.0,finned_counts,logic,17,1
551W0lpQJIO,progressive,Medium,140.0,exclusion,logic,17,1
551W2DLiZIG,progressive,Easy,15.5,row_col_last,logic,9,1
551W8rMO4Yg,progressive,Medium,100.0,exclusion,logic,14,1
551W0dcw3H8,progressive,Easy,15.5,row_col_last,logic,9,1
551W0dPM7H8,progressive,Easy,15.5,row_col_last,logic,9,1
551W1QXDrcW,progressive,Medium,140.0,exclusion,logic,11,1
551W4PgOJA8,progressive,Medium,100.0,exclusion,logic,13,1
551W8bQOdHe,progressive,Hard,500.0,finned_counts,logic,15,1
551WCaQ4Mxo,progressive,Hard,500.0,finned_counts,logic,15,1
551W1xJEAh0,progressive,Medium,166.0,region_confined,logic,12,1
551W5coGADn,progressive,Easy,15.5,row_col_last,logic,9,1
551W2cT0hcI,progressive,Medium,180.0,exclusion,logic,12,1
551W8qh4MhQ,progressive,Medium,100.0,exclusion,logic,13,1
551W2hJ8guK,progressive,Hard,580.0,finned_counts,logic,20,1
551W29aXKCp,progressive,Easy,15.5,row_col_last,logic,10,1
551W4F20avT,progressive,Easy,15.5,row_col_last,logic,8,1
551W8ga8Ajc,progressive,Medium,150.0,undercounting,logic,10,1
551W6Ph8o0X,progressive,Medium,100.0,exclusion,logic,11,1
551W8JiH9OY,progressive,Medium,40.0,region_confined,logic,8,1
551W9LK8PHJ,progressive,Medium,61.0,region_confined,logic,11,1
551W2fH6cPW,progressive,Medium,40.0,region_confined,logic,10,1
551W4QSWbQi,progressive,Medium,100.0,exclusion,logic,11,1
551W4gZ0gAR,progressive,Easy,15.5,row_col_last,logic,11,1
551W2TJ8YfO,progressive,Hard,540.0,finned_counts,logic,15,1
551W04rXLTO,progressive,Medium,40.0,region_confined,logic,12,1
551W4M50ccN,progressive,Medium,100.0,exclusion,logic,13,1
551W5TsGY6W,progressive,Hard,580.0,finned_counts,logic,14,1
551WCfoWdb6,progressive,Medium,100.0,exclusion,logic,11,1
551W1crI29X,progressive,Easy,15.5,row_col_last,logic,9,1
551WAfxKN44,progressive,Medium,180.0,exclusion,logic,15,1
551W132H2Tk,progressive,Hard,540.0,finned_counts,logic,11,1
551W15aH4Hg,progressive,Easy,15.5,row_col_last,logic,10,1
551W4cOYAgY,progressive,Medium,100.0,exclusion,logic,13,1
551W2uGYsfY,progressive,Hard,540.0,finned_counts,logic,14,1
551W4gVCjv0,progressive,Medium,145.0,region_confined,logic,13,1
551W2r6H8RL,progressive,Hard,580.0,finned_counts,logic,16,1
551W02wASpR,progressive,Medium,100.0,exclusion,logic,9,1
551W5Mv4KHW,progressive,Easy,15.5,row_col_last,logic,9,1
551W5H28HTC,progressive,Easy,15.5,row_col_last,logic,10,1
551W1hBX8wJ,progressive,Hard,500.0,finned_counts,logic,12,1
551W0PMI8bc,progressive,Medium,145.0,region_confined,logic,12,1
551WALbG8ru,progressive,Medium,100.0,exclusion,logic,13,1
551W2f8YcOY,progressive,Medium,40.0,region_confined,logic,10,1
551W8PcePI8,progressive,Medium,100.0,exclusion,logic,12,1
551W2NAYCvP,progressive,Medium,100.0,exclusion,logic,14,1
551WCmg9Iw8,progressive,Medium,61.0,region_confined,logic,11,1
551WDs_u2G1,progressive,Medium,100.0,exclusion,logic,10,1
551W2L554cM,progressive,Medium,100.0,exclusion,logic,12,1
551W4WeHVP4,progressive,Medium,150.0,undercounting,logic,11,1
551W2HD0Izr,progressive,Medium,100.0,exclusion,logic,10,1
551W1anc5Lm,progressive,Medium,40.0,region_confined,logic,10,1
551WAPfWAGZ,progressive,Medium,100.0,exclusion,logic,10,1
551W0NgPZZ8,progressive,Medium,100.0,exclusion,logic,11,1
551W06Cf5Tg,progressive,Medium,61.0,region_confined,logic,13,1
551W06A9LLg,progressive,Medium,40.0,region_confined,logic,12,1
551W8nCfAL4,progressive,Medium,40.0,region_confined,logic,12,1
551W18oH4Mi,progressive,Easy,15.5,row_col_last,logic,10,1
551W1Iaf3wp,progressive,Medium,61.0,region_confined,logic,12,1
551WCzcP0I4,progressive,Medium,140.0,exclusion,logic,13,1
551W4Gw8nL2,progressive,Easy,15.5,row_col_last,logic,9,1
551W48rIgiK,progressive,Medium,220.0,exclusion,logic,14,1
551W4SuX6gY,progressive,Medium,145.0,region_confined,logic,12,1
551W2oKGgrJ,progressive,Hard,580.0,finned_counts,logic,15,1
551WAYV0bRQ,progressive,Medium,150.0,undercounting,logic,17,1
551WAQJCkB8,progressive,Medium,100.0,exclusion,logic,14,1
551W2P3I8yI,progressive,Easy,15.5,row_col_last,logic,9,1
551W6ka6ADO,progressive,Medium,40.0,region_confined,logic,8,1
551W894K8pD,progressive,Easy,15.5,row_col_last,logic,10,1
551W8MP59tK,progressive,Medium,100.0,exclusion,logic,14,1
551W8Xv8MHo,progressive,Easy,15.5,row_col_last,logic,9,1
551W6erGkSK,progressive,Hard,500.0,finned_counts,logic,16,1
551W8Wa4cTs,progressive,Medium,140.0,exclusion,logic,15,1
551W8WbP4Pq,progressive,Medium,180.0,exclusion,logic,12,1
551W2fTmibK,progressive,Medium,220.0,exclusion,logic,14,1
551W0HhkAHa,progressive,Medium,100.0,exclusion,logic,13,1
551W8XHAcHK,progressive,Easy,15.5,row_col_last,logic,10,1
551W4Hn8YHo,progressive,Easy,15.5,row_col_last,logic,9,1
551WDLxs250,progressive,Easy,15.5,row_col_last,logic,10,1
551W2l4A6L8,progressive,Medium,145.0,region_confined,logic,8,1
551W4Ql91Qf,progressive,Hard,500.0,finned_counts,logic,15,1
551W3PggA88,progressive,Hard,540.0,finned_counts,logic,12,1
551W0p5Q2cQ,progressive,Easy,15.5,row_col_last,logic,11,1
551W37QYien,progressive,Hard,500.0,finned_counts,logic,16,1
551W2n8o7eY,progressive,Medium,100.0,exclusion,logic,11,1
551W8NP5fCu,progressive,Medium,100.0,exclusion,logic,12,1
551W2v6X9uH,progressive,Easy,15.5,row_col_last,logic,9,1
551W0yOHUjv,progressive,Medium,61.0,region_confined,logic,10,1
551W1q3AcgM,progressive,Medium,100.0,exclusion,logic,10,1
551W9ksGRWJ,progressive,Medium,100.0,exclusion,logic,14,1
551W8PAKQMw,progressive,Medium,100.0,exclusion,logic,13,1
551W4s4aBLS,progressive,Medium,145.0,region_confined,logic,11,1
551W2Cu5bKw,progressive,Medium,100.0,exclusion,logic,13,1
551W0DTv6IO,progressive,Medium,145.0,region_confined,logic,14,1
551W4QhKLWm,progressive,Medium,150.0,undercounting,logic,12,1
551W1eIHxlW,progressive,Medium,100.0,exclusion,logic,12,1
551W0k5ARfw,progressive,Hard,500.0,finned_counts,logic,19,1
551W2YgqAjK,progressive,Medium,100.0,exclusion,logic,13,1
551WABTs4H0,progressive,Easy,15.5,row_col_last,logic,10,1
551W4MSOKgr,progressive,Medium,200.0,undercounting,logic,11,1
551W2BJeqPG,progressive,Medium,100.0,exclusion,logic,12,1
551W6wM2c5Y,progressive,Medium,100.0,exclusion,logic,12,1
551W2RfYCeX,progressive,Medium,100.0,exclusion,logic,13,1
551W2MPr5Y0,progressive,Easy,15.5,row_col_last,logic,9,1
551W0Eqojw2,progressive,Easy,15.5,row_col_last,logic,9,1
551W4622_Tg,progressive,Hard,500.0,finned_counts,logic,15,1
551W0FI2ihv,progressive,Easy,15.5,row_col_last,logic,6,1
551W4HRcAPG,progressive,Medium,220.0,exclusion,logic,15,1
551W48n8Yfq,progressive,Easy,15.5,row_col_last,logic,9,1
551W2Gw1Nya,progressive,Medium,100.0,exclusion,logic,10,1
551W9_B8If3,progressive,Medium,100.0,exclusion,logic,12,1
551W6w9I3Pb,progressive,Medium,150.0,undercounting,logic,13,1
551W84a1ktx,progressive,Medium,100.0,exclusion,logic,11,1
551W8LsO8Gv,progressive,Medium,100.0,exclusion,logic,11,1
551W4qKX9xY,progressive,Medium,40.0,region_confined,logic,9,1
551W6UvO54u,progressive,Easy,15.5,row_col_last,logic,9,1
551W4JQOL8a,progressive,Medium,150.0,undercounting,logic,13,1
551W6Rj5H4m,progressive,Medium,100.0,exclusion,logic,10,1
551WAMQA5tW,progressive,Medium,100.0,exclusion,logic,14,1
551W46P1Jkn,progressive,Hard,500.0,finned_counts,logic,15,1
551W2cAqCrw,progressive,Medium,100.0,exclusion,logic,12,1
551W363WdVI,progressive,Hard,540.0,finned_counts,logic,14,1
551W9L78PPI,progressive,Hard,500.0,finned_counts,logic,15,1
551W8PT8fbI,progressive,Hard,580.0,finned_counts,logic,18,1
551W1GucAx3,progressive,Medium,100.0,exclusion,logic,11,1
551W0Hz6v94,progressive,Easy,15.5,row_col_last,logic,10,1
551W46I92gi,progressive,Easy,15.5,row_col_last,logic,9,1
551W3Em1JCr,progressive,Medium,100.0,exclusion,logic,12,1
551W8KxWQOP,progressive,Easy,15.5,row_col_last,logic,10,1
551W4DQ8pqe,progressive,Medium,100.0,exclusion,logic,10,1
551W2WoJCqa,progressive,Easy,15.5,row_col_last,logic,9,1
551W0BaOaMg,progressive,Easy,15.5,row_col_last,logic,9,1
551W2AfabKm,progressive,Medium,61.0,region_confined,logic,9,1
551W2LAGZak,progressive,Medium,140.0,exclusion,logic,11,1
551W29U0XPr,progressive,Medium,100.0,exclusion,logic,10,1
551W8sw0SoJ,progressive,Easy,15.5,row_col_last,logic,10,1
551W2Ar92F9,progressive,Medium,100.0,exclusion,logic,10,1
551W9TrG8g1,progressive,Medium,82.0,region_confined,logic,12,1
551W8PNOgf1,progressive,Medium,150.0,undercounting,logic,10,1
551W5cbPA5m,progressive,Medium,40.0,region_confined,logic,10,1
551W3gfD9cW,progressive,Medium,100.0,exclusion,logic,11,1
551W6OY1cAP,progressive,Medium,100.0,exclusion,logic,11,1
551WDLqI092,progressive,Hard,540.0,finned_counts,logic,12,1
551W8ZkOHH4,progressive,Medium,82.0,region_confined,logic,12,1
551W6Aa12ip,progressive,Medium,100.0,exclusion,logic,10,1
551W2KKJCgY,progressive,Medium,61.0,region_confined,logic,12,1
551W8bre5DO,progressive,Medium,100.0,exclusion,logic,14,1
551W1i-YEr2,progressive,Medium,140.0,exclusion,logic,15,1
551W44p94pI,progressive,Medium,40.0,region_confined,logic,12,1
551W2Pd4HaI,progressive,Medium,100.0,exclusion,logic,14,1
551WCBf0jjq,progressive,Medium,145.0,region_confined,logic,9,1
551W2OK3TPY,progressive,Medium,61.0,region_confined,logic,12,1
551W8hk8KM8,progressive,Medium,100.0,exclusion,logic,15,1
551W5LgOZ50,progressive,Medium,40.0,region_confined,logic,11,1
551W9XaWToY,progressive,Easy,15.5,row_col_last,logic,10,1
551W4PcaHIO,progressive,Medium,100.0,exclusion,logic,12,1
551W9nCW6cP,progressive,Easy,15.5,row_col_last,logic,10,1
551W2puXAf2,progressive,Medium,61.0,region_confined,logic,9,1
551W97c3JHH,progressive,Easy,15.5,row_col_last,logic,10,1
551WCswO1oa,progressive,Hard,580.0,finned_counts,logic,16,1
551WAdSu0N2,progressive,Hard,500.0,finned_counts,logic,13,1
551WAYim4RC,progressive,Medium,100.0,exclusion,logic,14,1
551WDs-81wW,progressive,Medium,100.0,exclusion,logic,9,1
551WBga0YCP,progressive,Medium,100.0,exclusion,logic,13,1
551WEcgm874,progressive,Medium,100.0,exclusion,logic,12,1
551W3Cx8JC1,progressive,Medium,100.0,exclusion,logic,14,1
551WCDQWBsa,progressive,Medium,100.0,exclusion,logic,12,1
551W2fL6Tn0,progressive,Medium,100.0,exclusion,logic,13,1
551WEoU51vm,progressive,Medium,145.0,region_confined,logic,12,1
551W0kZKede,progressive,Easy,15.5,row_col_last,logic,11,1
551W4JuBBKa,progressive,Medium,100.0,exclusion,logic,9,1
551W0GpAgPI,progressive,Medium,100.0,exclusion,logic,13,1
551W6Ova2Oa,progressive,Medium,100.0,exclusion,logic,11,1
551W14I9cPn,progressive,Medium,100.0,exclusion,logic,14,1
551W4_CAGs4,progressive,Easy,15.5,row_col_last,logic,9,1
551W4g8HFQg,progressive,Hard,500.0,finned_counts,logic,17,1
551W4fg0liH,progressive,Medium,145.0,region_confined,logic,10,1
551WA8f2I9b,progressive,Medium,40.0,region_confined,logic,11,1
551W2LvAQBK,progressive,Hard,580.0,finned_counts,logic,16,1
551WCf7I4bb,progressive,Medium,140.0,exclusion,logic,11,1
551W4hcGAmp,progressive,Medium,145.0,region_confined,logic,11,1
551W8Z8m3Pc,progressive,Medium,100.0,exclusion,logic,11,1
551W6dy99Mn,progressive,Medium,40.0,region_confined,logic,12,1
551W0P4A8Vk,progressive,Medium,100.0,exclusion,logic,9,1
551W8dY4c9O,progressive,Easy,15.5,row_col_last,logic,9,1
551W8BsOiXJ,progressive,Medium,100.0,exclusion,logic,9,1
551W4HqX5P2,progressive,Medium,40.0,region_confined,logic,8,1
551W2IkWcqH,progressive,Medium,100.0,exclusion,logic,12,1
551W1d8J5PY,progressive,Medium,100.0,exclusion,logic,11,1
551W2f5DCyW,progressive,Medium,100.0,exclusion,logic,13,1
551WC_wG3c2,progressive,Hard,580.0,finned_counts,logic,14,1
551W45YD4h5,progressive,Easy,15.5,row_col_last,logic,10,1
551W3Hc0HbT,progressive,Medium,100.0,exclusion,logic,12,1
551W19Rn6UK,progressive,Hard,500.0,finned_counts,logic,13,1
551W6JH4aea,progressive,Medium,61.0,region_confined,logic,12,1
551W8XI8LTY,progressive,Medium,100.0,exclusion,logic,12,1
551W0aT5fkq,progressive,Medium,82.0,region_confined,logic,11,1
551W2pFu8eI,progressive,Medium,150.0,undercounting,logic,13,1
551W2AM1cLY,progressive,Easy,15.5,row_col_last,logic,9,1
551W8wgP9I8,progressive,Medium,40.0,region_confined,logic,10,1
551W9eeG7Rc,progressive,Medium,100.0,exclusion,logic,11,1
551W0BMOcIi,progressive,Easy,15.5,row_col_last,logic,9,1
551W2ynHgUO,progressive,Medium,145.0,region_confined,logic,13,1
551W8H6I8Lc,progressive,Medium,145.0,region_confined,logic,14,1
551W9zqW5f2,progressive,Medium,145.0,region_confined,logic,12,1
551W5Le8ZDH,progressive,Medium,100.0,exclusion,logic,10,1
551W5Kc8YL8,progressive,Easy,15.5,row_col_last,logic,10,1
551W6gf8DMu,progressive,Medium,145.0,region_confined,logic,15,1
551W09YBChC,progressive,Medium,40.0,region_confined,logic,10,1
551W0bM2_ce,progressive,Medium,100.0,exclusion,logic,12,1
551WAHPY2n5,progressive,Easy,15.5,row_col_last,logic,10,1
551W2gWWweY,progressive,Hard,540.0,finned_counts,logic,12,1
551W8ucM4fK,progressive,Medium,140.0,exclusion,logic,14,1
551W4YweiGa,progressive,Medium,150.0,undercounting,logic,13,1
551W3Ls4YbI,progressive,Medium,100.0,exclusion,logic,10,1
551W3vLH8Z1,progressive,Medium,100.0,exclusion,logic,11,1
551W6Sa1cEL,progressive,Hard,580.0,finned_counts,logic,16,1
551W5LcGYD0,progressive,Easy,15.5,row_col_last,logic,9,1
551W5Eo0rqa,progressive,Hard,500.0,finned_counts,logic,16,1
551W9r21gPH,progressive,Medium,100.0,exclusion,logic,12,1
551W6RIH2La,progressive,Medium,150.0,undercounting,logic,9,1
551WAfg0MOH,progressive,Easy,15.5,row_col_last,logic,9,1
551W0angsPO,progressive,Medium,40.0,region_confined,logic,12,1
551WAPyeeCa,progressive,Hard,500.0,finned_counts,logic,16,1
551W3p8I5eg,progressive,Easy,15.5,row_col_last,logic,10,1
551WA9gXEeH,progressive,Medium,100.0,exclusion,logic,10,1
551W2osYBIz,progressive,Medium,140.0,exclusion,logic,13,1
551W0WdHkwQ,progressive,Hard,822.0,finned_fish,logic,16,1
551W8PqSgWq,progressive,Hard,540.0,finned_counts,logic,11,1
551WAgH8Rjm,progressive,Medium,150.0,undercounting,logic,13,1
551W6LY0YQL,progressive,Easy,15.5,row_col_last,logic,9,1
551W5Eq9YiW,progressive,Medium,100.0,exclusion,logic,10,1
551W8JPn8Tq,progressive,Medium,100.0,exclusion,logic,11,1
551W0SXDcgq,progressive,Easy,15.5,row_col_last,logic,9,1
551W5LqH4Ga,progressive,Medium,150.0,undercounting,logic,10,1
551W4AyH1fa,progressive,Medium,145.0,region_confined,logic,10,1
551W4if5Qga,progressive,Hard,580.0,finned_counts,logic,16,1
551W1Hc8poY,progressive,Medium,40.0,region_confined,logic,8,1
551W0pQ23kz,progressive,Medium,40.0,region_confined,logic,8,1
551W4J6G6cg,progressive,Medium,61.0,region_confined,logic,10,1
551W1atU4P0,progressive,Medium,100.0,exclusion,logic,9,1
551WAdYG6F4,progressive,Medium,100.0,exclusion,logic,9,1
551W4h-99n2,progressive,Hard,500.0,finned_counts,logic,19,1
551W0SaY9wc,progressive,Easy,15.5,row_col_last,logic,9,1
551WATL8PIH,progressive,Medium,180.0,exclusion,logic,13,1
551WCHJ0PTK,progressive,Medium,180.0,exclusion,logic,11,1
551W6Rfaa8W,progressive,Medium,100.0,exclusion,logic,11,1
551W4MaKah5,progressive,Medium,140.0,exclusion,logic,12,1
551W4Pd2g6Q,progressive,Medium,100.0,exclusion,logic,15,1
551W2AHbMPW,progressive,Medium,100.0,exclusion,logic,12,1
551W6hjai4m,progressive,Medium,40.0,region_confined,logic,11,1
551WA9b3L4n,progressive,Medium,140.0,exclusion,logic,11,1
551W2RjX5WX,progressive,Medium,100.0,exclusion,logic,12,1
551W2PG8YnJ,progressive,Medium,40.0,region_confined,logic,8,1
551W8HpKgL2,progressive,Medium,200.0,undercounting,logic,14,1
551W6Hc8HJC,progressive,Medium,100.0,exclusion,logic,12,1
551W5MX4chW,progressive,Medium,100.0,exclusion,logic,11,1
551W0ZUqOpy,progressive,Medium,140.0,exclusion,logic,13,1
551W6YzeCyK,progressive,Hard,500.0,finned_counts,logic,13,1
551W8QM6cbq,progressive,Hard,540.0,finned_counts,logic,14,1
551W2QhcD6e,progressive,Medium,180.0,exclusion,logic,18,1
551W29cGYGp,progressive,Medium,40.0,region_confined,logic,8,1
551W5dMGi4e,progressive,Hard,540.0,finned_counts,logic,13,1
551W4To4YYu,progressive,Medium,82.0,region_confined,logic,11,1
551W2GYAgQg,progressive,Medium,150.0,undercounting,logic,10,1
551W9bLmK8X,progressive,Easy,15.5,row_col_last,logic,10,1
551W1J6OacY,progressive,Easy,15.5,row_col_last,logic,9,1
551W0H5sOPa,progressive,Medium,61.0,region_confined,logic,13,1
551W2QsBAK6,progressive,Hard,540.0,finned_counts,logic,11,1
551W0m45kTs,progressive,Medium,150.0,undercounting,logic,10,1
551W48XCYfq,progressive,Easy,15.5,row_col_last,logic,9,1
551W0NQ93ke,progressive,Medium,145.0,region_confined,logic,11,1
551W0e4XTwg,progressive,Medium,100.0,exclusion,logic,11,1
551W89RWAvJ,progressive,Easy,15.5,row_col_last,logic,9,1
551W4ebYdqo,progressive,Hard,500.0,finned_counts,logic,18,1
551WAlSGHOe,progressive,Medium,140.0,exclusion,logic,15,1
551W1vYH8l4,progressive,Medium,150.0,undercounting,logic,11,1
551W0GrMgHa,progressive,Easy,15.5,row_col_last,logic,9,1
551W27PH7J1,progressive,Easy,15.5,row_col_last,logic,9,1
551W2fcM48H,progressive,Easy,15.5,row_col_last,logic,10,1
551W0MY56hS,progressive,Easy,15.5,row_col_last,logic,11,1
551W4JyeaD2,progressive,Medium,40.0,region_confined,logic,11,1
551W6ABW5rb,progressive,Medium,100.0,exclusion,logic,11,1
551W4DsP4Wg,progressive,Medium,40.0,region_confined,logic,11,1
551W4Jkr0GH,progressive,Hard,540.0,finned_counts,logic,12,1
551WBTpaPC0,progressive,Hard,500.0,finned_counts,logic,15,1
551WEPqG88a,progressive,Easy,15.5,row_col_last,logic,9,1
551W4AYGc-8,progressive,Medium,100.0,exclusion,logic,11,1
551W6Ua4aTO,progressive,Medium,100.0,exclusion,logic,11,1
551W4LSKIY3,progressive,Easy,15.5,row_col_last,logic,10,1
551W4T_u2WO,progressive,Hard,540.0,finned_counts,logic,14,1
551W19ID4RI,progressive,Easy,15.5,row_col_last,logic,9,1
551W4LJq1k2,progressive,Medium,100.0,exclusion,logic,11,1
551W8443tLP,progressive,Easy,15.5,row_col_last,logic,10,1
551W4N68ak4,progressive,Easy,15.5,row_col_last,logic,9,1
551W1aX2LLv,progressive,Easy,15.5,row_col_last,logic,10,1
551W6ACW6rL,progressive,Medium,145.0,region_confined,logic,12,1
551W89bYZIf,progressive,Easy,15.5,row_col_last,logic,10,1
551W8jsXDc2,progressive,Medium,100.0,exclusion,logic,10,1
551W0k25Af-,progressive,Easy,15.5,row_col_last,logic,11,1
551WCHd4g5a,progressive,Medium,40.0,region_confined,logic,10,1
551W88gmgk8,progressive,Medium,100.0,exclusion,logic,9,1
551W4iY5CIL,progressive,Medium,100.0,exclusion,logic,12,1
551W19cOYIH,progressive,Medium,40.0,region_confined,logic,9,1
551W8ktGAXP,progressive,Medium,100.0,exclusion,logic,16,1
551W9Lp8gO1,progressive,Medium,40.0,region_confined,logic,8,1
551W28M8p5a,progressive,Medium,61.0,region_confined,logic,12,1
551W4Qq0cMz,progressive,Medium,200.0,undercounting,logic,16,1
551W3MtHJuG,progressive,Medium,100.0,exclusion,logic,12,1
551W83D35LM,progressive,Medium,140.0,exclusion,logic,14,1
551W3b40_rH,progressive,Hard,500.0,finned_counts,logic,14,1
551W4gj4PAg,progressive,Hard,500.0,finned_counts,logic,18,1
551WEZ24YvK,progressive,Medium,100.0,exclusion,logic,11,1
551W9PcePY0,progressive,Medium,61.0,region_confined,logic,13,1
551W4yifeU4,progressive,Medium,40.0,region_confined,logic,11,1
551W6ghM94W,progressive,Hard,540.0,finned_counts,logic,15,1
551W4Dq54ru,progressive,Easy,15.5,row_col_last,logic,9,1
551W88hCQf6,progressive,Medium,100.0,exclusion,logic,12,1
551W8dY8a9C,progressive,Hard,540.0,finned_counts,logic,12,1
551W2Dg8IQ4,progressive,Medium,40.0,region_confined,logic,8,1
551W0lRgCh1,progressive,Easy,15.5,row_col_last,logic,9,1
551W2OQ3jLY,progressive,Medium,61.0,region_confined,logic,12,1
551W0WUMMLq,progressive,Medium,40.0,region_confined,logic,11,1
551W2eS1vfY,progressive,Medium,100.0,exclusion,logic,13,1
551W2LLAPAq,progressive,Hard,580.0,finned_counts,logic,16,1
551WCfKHYn2,progressive,Medium,40.0,region_confined,logic,9,1
551W8LSfiCe,progressive,Medium,40.0,region_confined,logic,12,1
551WAPPGR5I,progressive,Medium,100.0,exclusion,logic,10,1
551W4HcmGHL,progressive,Hard,540.0,finned_counts,logic,11,1
551W4kw29av,progressive,Medium,100.0,exclusion,logic,11,1
551W4BJD2na,progressive,Medium,61.0,region_confined,logic,12,1
551W0pXGe-w,progressive,Easy,15.5,row_col_last,logic,9,1
551W4E156vf,progressive,Hard,540.0,finned_counts,logic,14,1
551W26nH2Fu,progressive,Easy,15.5,row_col_last,logic,9,1
551W8Hb4PKo,progressive,Medium,82.0,region_confined,logic,11,1
551WCwie0-8,progressive,Easy,15.5,row_col_last,logic,9,1
551W4Tc0HMc,progressive,Medium,100.0,exclusion,logic,11,1
551WAhL1JKK,progressive,Medium,150.0,undercounting,logic,10,1
551WCMJLAT8,progressive,Easy,15.5,row_col_last,logic,10,1
551W8wiW9uY,progressive,Easy,15.5,row_col_last,logic,7,1
551W6wjo48X,progressive,Medium,100.0,exclusion,logic,10,1
551W8Gc0PTL,progressive,Easy,15.5,row_col_last,logic,9,1
551W0cg65LS,progressive,Easy,15.5,row_col_last,logic,11,1
551W0QkASk8,progressive,Easy,15.5,row_col_last,logic,9,1
551W3HL0HtI,progressive,Easy,15.5,row_col_last,logic,9,1
551W4MKebgv,progressive,Medium,200.0,undercounting,logic,15,1
551WApCG9n4,progressive,Medium,100.0,exclusion,logic,13,1
551W4cOE3kf,progressive,Medium,100.0,exclusion,logic,11,1
551W1pPB1kq,progressive,Medium,40.0,region_confined,logic,10,1
551W0fJ9Cx9,progressive,Medium,100.0,exclusion,logic,14,1
551WCpb4nGX,progressive,Medium,100.0,exclusion,logic,12,1
551WADo6YGu,progressive,Medium,100.0,exclusion,logic,12,1
551WALeWAR4,progressive,Easy,15.5,row_col_last,logic,9,1
551W0xM8gNe,progressive,Hard,500.0,finned_counts,logic,16,1
551W8Wp4cPK,progressive,Medium,100.0,exclusion,logic,13,1
551WCks42aw,progressive,Medium,40.0,region_confined,logic,11,1
551W8WwW7TJ,progressive,Medium,40.0,region_confined,logic,8,1
551W4CH8Yfv,progressive,Medium,100.0,exclusion,logic,12,1
551W1BKSaJI,progressive,Easy,15.5,row_col_last,logic,9,1
551W2r5H8Rb,progressive,Hard,580.0,finned_counts,logic,16,1
551W6bQWkAJ,progressive,Medium,180.0,exclusion,logic,14,1
551W2Wq3Tv2,progressive,Easy,15.5,row_col_last,logic,8,1
551W6IY8aIg,progressive,Medium,150.0,undercounting,logic,12,1
551W1JMabpo,progressive,Hard,500.0,finned_counts,logic,17,1
551W01Ahigg,progressive,Medium,150.0,undercounting,logic,10,1
551WCoaGJOY,progressive,Medium,61.0,region_confined,logic,12,1
551W03pRAt9,progressive,Easy,15.5,row_col_last,logic,9,1
551W1hL0vrS,progressive,Medium,140.0,exclusion,logic,12,1
551W1WLIcLS,progressive,Medium,100.0,exclusion,logic,12,1
551W2pCo0pC,progressive,Medium,100.0,exclusion,logic,12,1
551W8R2LRQO,progressive,Medium,180.0,exclusion,logic,11,1
551WC-xO1IK,progressive,Medium,100.0,exclusion,logic,14,1
551WBMy19UJ,progressive,Easy,15.5,row_col_last,logic,9,1
551W0HSBUL2,progressive,Medium,100.0,exclusion,logic,12,1
551W6OkXc4H,progressive,Medium,100.0,exclusion,logic,13,1
551W2if5Qga,progressive,Hard,580.0,finned_counts,logic,17,1
551WAIj4juW,progressive,Medium,150.0,undercounting,logic,14,1
551W9Ha8PKg,progressive,Medium,100.0,exclusion,logic,13,1
551W4DMPcme,progressive,Medium,150.0,undercounting,logic,8,1
551W5syg4DW,progressive,Medium,166.0,region_confined,logic,11,1
551W8ky61Eu,progressive,Medium,100.0,exclusion,logic,13,1
551W8197MPa,progressive,Easy,15.5,row_col_last,logic,10,1
551W6QQOb1n,progressive,Medium,100.0,exclusion,logic,11,1
551W4hOYCBg,progressive,Medium,100.0,exclusion,logic,11,1
551W8Td8PIb,progressive,Hard,580.0,finned_counts,logic,16,1
551W3pA2IgH,progressive,Medium,100.0,exclusion,logic,9,1
551W0oqMASq,progressive,Hard,800.0,finned_fish,logic,17,1
551W1dtM2HG,progressive,Medium,100.0,exclusion,logic,10,1
551WDcYGADY,progressive,Medium,100.0,exclusion,logic,12,1
551W0b9fAxw,progressive,Hard,500.0,finned_counts,logic,17,1
551W2YZ8iof,progressive,Medium,150.0,undercounting,logic,14,1
551W4Td0YMM,progressive,Medium,100.0,exclusion,logic,11,1
551W0mGYlkz,progressive,Easy,15.5,row_col_last,logic,7,1
551W0nIA4gk,progressive,Easy,15.5,row_col_last,logic,7,1
551W4Ko0Ywp,progressive,Medium,100.0,exclusion,logic,12,1
551W0VfYCBf,progressive,Easy,15.5,row_col_last,logic,9,1
551WAHGApia,progressive,Easy,15.5,row_col_last,logic,10,1
551W0pI8exi,progressive,Medium,100.0,exclusion,logic,10,1
551W0csJ6Ke,progressive,Medium,100.0,exclusion,logic,11,1
551W0Egr4M5,progressive,Medium,100.0,exclusion,logic,11,1
551W08sAxaa,progressive,Medium,61.0,region_confined,logic,12,1
551W4cQO9ca,progressive,Medium,100.0,exclusion,logic,10,1
551W8cy4KSy,progressive,Medium,100.0,exclusion,logic,12,1
551W2Y58zzb,progressive,Hard,800.0,finned_fish,logic,15,1
551W9723JTY,progressive,Medium,100.0,exclusion,logic,11,1
551W1yggaX8,progressive,Easy,15.5,row_col_last,logic,10,1
551W6Rkb10H,progressive,Hard,540.0,finned_counts,logic,12,1
551W04gbcPO,progressive,Medium,100.0,exclusion,logic,11,1
551W2iL2cML,progressive,Medium,40.0,region_confined,logic,12,1
551W2ZT9Dr1,progressive,Medium,145.0,region_confined,logic,12,1
551W0apACp5,progressive,Medium,100.0,exclusion,logic,14,1
551WAfa0LSH,progressive,Easy,15.5,row_col_last,logic,9,1
551W1Mh8KpI,progressive,Medium,145.0,region_confined,logic,13,1
551W45_GXpH,progressive,Medium,145.0,region_confined,logic,12,1
551WAaU8rRW,progressive,Easy,15.5,row_col_last,logic,9,1
551W0UvP5Ww,progressive,Medium,100.0,exclusion,logic,13,1
551WEh2GWz4,progressive,Easy,15.5,row_col_last,logic,10,1
551W4VpCaQ0,progressive,Easy,15.5,row_col_last,logic,9,1
551W4KYnKL8,progressive,Hard,540.0,finned_counts,logic,13,1
551W3FM8aKY,progressive,Medium,100.0,exclusion,logic,11,1
551W2IjWcqn,progressive,Medium,100.0,exclusion,logic,12,1
551W2KGXsgY,progressive,Medium,180.0,exclusion,logic,14,1
551W29l8XOX,progressive,Medium,40.0,region_confined,logic,8,1
551W9LiiAD1,progressive,Easy,15.5,row_col_last,logic,10,1
551W4jLQ4oI,progressive,Hard,580.0,finned_counts,logic,18,1
551W4eqI4va,progressive,Medium,145.0,region_confined,logic,8,1
551W4J69J8H,progressive,Medium,40.0,region_confined,logic,10,1
551W4Op6PN8,progressive,Medium,40.0,region_confined,logic,10,1
551W2wfGQSo,progressive,Medium,220.0,exclusion,logic,17,1
551WCogG3SY,progressive,Medium,100.0,exclusion,logic,13,1
551W2I1b7io,progressive,Medium,61.0,region_confined,logic,13,1
551WCIj0TOX,progressive,Easy,15.5,row_col_last,logic,9,1
551WCoPCLL0,progressive,Medium,82.0,region_confined,logic,11,1
551W4GofKGa,progressive,Hard,540.0,finned_counts,logic,12,1
551W18WXsQY,progressive,Hard,540.0,finned_counts,logic,12,1
551WCgXGpeX,progressive,Medium,61.0,region_confined,logic,13,1
551W7RS91FW,progressive,Easy,15.5,row_col_last,logic,9,1
551WAoim0xC,progressive,Medium,100.0,exclusion,logic,12,1
551WAtNO2YX,progressive,Hard,540.0,finned_counts,logic,17,1
551W2fKICn2,progressive,Medium,100.0,exclusion,logic,12,1
551W2PX6gAe,progressive,Medium,100.0,exclusion,logic,12,1
551W1TAGIsc,progressive,Easy,15.5,row_col_last,logic,9,1
551W2p7YXvM,progressive,Hard,500.0,finned_counts,logic,13,1
551WChOa2ub,progressive,Medium,140.0,exclusion,logic,14,1
551W6NU956W,progressive,Medium,40.0,region_confined,logic,10,1
551W49NGYyK,progressive,Easy,15.5,row_col_last,logic,9,1
551W8_fW8Qb,progressive,Easy,15.5,row_col_last,logic,9,1
551W18aHcMp,progressive,Medium,100.0,exclusion,logic,10,1
551W3HAGIig,progressive,Hard,540.0,finned_counts,logic,14,1
551W6PTOm1H,progressive,Medium,100.0,exclusion,logic,11,1
551W4sQGfLe,progressive,Hard,580.0,finned_counts,logic,18,1
551W5LcGYGL,progressive,Hard,500.0,finned_counts,logic,15,1
551W2MTa5gY,progressive,Medium,140.0,exclusion,logic,13,1
551WDt50aLI,progressive,Medium,100.0,exclusion,logic,13,1
551W88u0Rjp,progressive,Easy,15.5,row_col_last,logic,7,1
551W2H6KYns,progressive,Medium,220.0,exclusion,logic,13,1
551W27KWdJ2,progressive,Easy,15.5,row_col_last,logic,9,1
551W2HeXMmY,progressive,Easy,15.5,row_col_last,logic,10,1
551W5ggI5mP,progressive,Medium,140.0,exclusion,logic,15,1
551W9oKGePg,progressive,Easy,15.5,row_col_last,logic,10,1
551W1TAYfjH,progressive,Medium,82.0,region_confined,logic,13,1
551W8CvORgK,progressive,Medium,150.0,undercounting,logic,15,1
551W2H794iI,progressive,Easy,15.5,row_col_last,logic,9,1
551W15rH4OX,progressive,Medium,40.0,region_confined,logic,8,1
551W6DBIQMb,progressive,Medium,150.0,undercounting,logic,11,1
551W4P90IQh,progressive,Medium,100.0,exclusion,logic,12,1
551W8pK8gCa,progressive,Medium,100.0,exclusion,logic,12,1
551W5gkm8Ap,progressive,Medium,100.0,exclusion,logic,13,1
551W09qpDf2,progressive,Easy,15.5,row_col_last,logic,9,1
551W0jkAjXP,progressive,Hard,500.0,finned_counts,logic,18,1
551W2QPT5b0,progressive,Medium,40.0,region_confined,logic,9,1
551W5arGkLm,progressive,Medium,100.0,exclusion,logic,9,1
551W073AigU,progressive,Medium,145.0,region_confined,logic,11,1
551W4Ja5aKo,progressive,Medium,100.0,exclusion,logic,11,1
551WAn41Hvc,progressive,Medium,150.0,undercounting,logic,13,1
551W0tCk8cK,progressive,Medium,140.0,exclusion,logic,13,1
551W0V27AhK,progressive,Easy,15.5,row_col_last,logic,7,1
551W8drG2Ky,progressive,Medium,100.0,exclusion,logic,11,1
551W4olIXOI,progressive,Medium,40.0,region_confined,logic,8,1
551W2PbI8OX,progressive,Medium,40.0,region_confined,logic,8,1
551WAxl494I,progressive,Hard,540.0,finned_counts,logic,16,1
551W9P6G8UY,progressive,Easy,15.5,row_col_last,logic,9,1
551W6gg1f4Y,progressive,Easy,15.5,row_col_last,logic,10,1
551WE-KG69e,progressive,Medium,100.0,exclusion,logic,12,1
551W0WYEcPK,progressive,Easy,15.5,row_col_last,logic,9,1
551W0555LPi,progressive,Easy,15.5,row_col_last,logic,9,1
551W14cDcLG,progressive,Medium,100.0,exclusion,logic,11,1
551W5EAIDrY,progressive,Medium,180.0,exclusion,logic,13,1
551W2ZLJAn1,progressive,Medium,100.0,exclusion,logic,10,1
551W2LY7TFG,progressive,Medium,145.0,region_confined,logic,14,1
551W6PHOp1I,progressive,Medium,100.0,exclusion,logic,11,1
551W9t-GO5W,progressive,Medium,40.0,region_confined,logic,10,1
551W1PYA8h4,progressive,Medium,166.0,region_confined,logic,12,1
551W5Lg8JD0,progressive,Medium,100.0,exclusion,logic,13,1
551W14jnaTI,progressive,Medium,180.0,exclusion,logic,13,1
551W00gAhlC,progressive,Medium,100.0,exclusion,logic,12,1
551W6HP8InI,progressive,Medium,40.0,region_confined,logic,10,1
551W0b4Y5Pk,progressive,Easy,15.5,row_col_last,logic,9,1
551W2CC9bRp,progressive,Easy,15.5,row_col_last,logic,9,1
551W0sH9Axu,progressive,Medium,100.0,exclusion,logic,10,1
551W4Iyd8TI,progressive,Medium,140.0,exclusion,logic,14,1
551WEbI54eu,progressive,Easy,15.5,row_col_last,logic,7,1
551WEgcL2WG,progressive,Easy,15.5,row_col_last,logic,10,1
551W6XI9CAi,progressive,Medium,150.0,undercounting,logic,13,1
551W2RPD3jW,progressive,Hard,580.0,finned_counts,logic,16,1
551W2HI94er,progressive,Medium,100.0,exclusion,logic,12,1
551WEprG2f1,progressive,Easy,15.5,row_col_last,logic,9,1
551WBgc4Y6G,progressive,Medium,100.0,exclusion,logic,13,1
551W4h4mfn4,progressive,Easy,15.5,row_col_last,logic,10,1
551W1Hac9DS,progressive,Medium,40.0,region_confined,logic,12,1
551WAjq0L8g,progressive,Medium,100.0,exclusion,logic,13,1
551W2cKHAge,progressive,Medium,100.0,exclusion,logic,13,1
551W9plGGwI,progressive,Medium,40.0,region_confined,logic,8,1
551W9dY0c9H,progressive,Easy,15.5,row_col_last,logic,9,1
551W4C_0ngI,progressive,Medium,100.0,exclusion,logic,11,1
551W8Na9Al4,progressive,Hard,500.0,finned_counts,logic,15,1
551W3Ak1I6H,progressive,Medium,40.0,region_confined,logic,10,1
551W09EAQ-8,progressive,Easy,15.5,row_col_last,logic,9,1
551W8HD8fLM,progressive,Hard,580.0,finned_counts,logic,17,1
551W0gc8gk8,progressive,Easy,15.5,row_col_last,logic,6,1
551W2S1AgPv,progressive,Medium,180.0,exclusion,logic,16,1
551W2TX4Yga,progressive,Medium,100.0,exclusion,logic,10,1
551W1fgQFc0,progressive,Easy,15.5,row_col_last,logic,11,1
551W8Pk8hWY,progressive,Easy,15.5,row_col_last,logic,7,1
551WAMj4TBa,progressive,Hard,500.0,finned_counts,logic,17,1
551W1BPH7J1,progressive,Easy,15.5,row_col_last,logic,9,1
551W85q5ClQ,progressive,Medium,100.0,exclusion,logic,13,1
551W1TPr7X0,progressive,Medium,140.0,exclusion,logic,10,1
551W0DtI8qf,progressive,Medium,100.0,exclusion,logic,11,1
551W09sRCf2,progressive,Medium,150.0,undercounting,logic,11,1
551W27JH6EX,progressive,Easy,15.5,row_col_last,logic,9,1
551W0H6j5g9,progressive,Easy,15.5,row_col_last,logic,10,1
551W0-366hM,progressive,Easy,15.5,row_col_last,logic,7,1
551W9LeWAPY,progressive,Medium,40.0,region_confined,logic,8,1
551W25rGYJX,progressive,Easy,15.5,row_col_last,logic,9,1
551W0M4P6gt,progressive,Medium,61.0,region_confined,logic,12,1
551W1NPn6cG,progressive,Easy,15.5,row_col_last,logic,9,1
551W1EHbMQW,progressive,Medium,140.0,exclusion,logic,11,1
551W5dgODD0,progressive,Easy,15.5,row_col_last,logic,9,1
551W29tIgmK,progressive,Hard,540.0,finned_counts,logic,18,1
551W9z5i5jW,progressive,Medium,100.0,exclusion,logic,14,1
551W8Ho9kH2,progressive,Medium,100.0,exclusion,logic,11,1
551W0HqI8hE,progressive,Easy,15.5,row_col_last,logic,9,1
551W3w24gQo,progressive,Medium,100.0,exclusion,logic,12,1
551W0brI4Of,progressive,Medium,40.0,region_confined,logic,8,1
551W2Fr8aEO,progressive,Medium,180.0,exclusion,logic,13,1
551W0osYFKa,progressive,Easy,15.5,row_col_last,logic,7,1
551W8b7KCk6,progressive,Easy,15.5,row_col_last,logic,9,1
551WCrPb2H8,progressive,Medium,100.0,exclusion,logic,13,1
551W0LMH4kY,progressive,Easy,15.5,row_col_last,logic,6,1
551W497dDMe,progressive,Medium,100.0,exclusion,logic,12,1
551W0PaAgqY,progressive,Easy,15.5,row_col_last,logic,9,1
551W58bLcme,progressive,Easy,15.5,row_col_last,logic,10,1
551W0LLo98f,progressive,Easy,15.5,row_col_last,logic,11,1
551W16s9NHW,progressive,Medium,61.0,region_confined,logic,10,1
551W0KcIgt8,progressive,Hard,580.0,finned_counts,logic,13,1
551W5UweKW2,progressive,Medium,100.0,exclusion,logic,14,1
551W36qBAjW,progressive,Medium,61.0,region_confined,logic,10,1
551W2IU8Lia,progressive,Easy,15.5,row_col_last,logic,9,1
551W1njkasW,progressive,Medium,200.0,undercounting,logic,14,1
551W16bAksb,progressive,Medium,82.0,region_confined,logic,13,1
551W1XfLjwW,progressive,Easy,15.5,row_col_last,logic,9,1
551W06LP6HP,progressive,Medium,100.0,exclusion,logic,13,1
551W4ILb3PX,progressive,Easy,15.5,row_col_last,logic,10,1
551WDsfm0Kr,progressive,Hard,500.0,finned_counts,logic,15,1
551W8gdGAaJ,progressive,Medium,100.0,exclusion,logic,10,1
551W8XLOLHI,progressive,Medium,40.0,region_confined,logic,10,1
551W6LLiGN0,progressive,Hard,540.0,finned_counts,logic,15,1
551W4KKH4xY,progressive,Medium,40.0,region_confined,logic,9,1
551W0-LCgN4,progressive,Medium,150.0,undercounting,logic,12,1
551WABbajmW,progressive,Medium,100.0,exclusion,logic,13,1
551W25tH4BH,progressive,Medium,100.0,exclusion,logic,11,1
551WC9NW9vH,progressive,Medium,140.0,exclusion,logic,14,1
551WALgmeF4,progressive,Hard,500.0,finned_counts,logic,14,1
551W9PbHCWf,progressive,Easy,15.5,row_col_last,logic,10,1
551W2efIbKo,progressive,Hard,580.0,finned_counts,logic,17,1
551W04z7jwX,progressive,Medium,145.0,region_confined,logic,13,1
551W0U21Nzg,progressive,Easy,15.5,row_col_last,logic,9,1
551W3df4Sfa,progressive,Medium,40.0,region_confined,logic,10,1
551W8hC99r4,progressive,Medium,150.0,undercounting,logic,13,1
551W8CxGfc5,progressive,Expert,625,guessing,search,7,1
551W29k4XPK,progressive,Medium,40.0,region_confined,logic,8,1
551W8ec9cM8,progressive,Medium,140.0,exclusion,logic,15,1
551W4MgG5LC,progressive,Medium,100.0,exclusion,logic,10,1
551W0J7OagQ,progressive,Medium,150.0,undercounting,logic,9,1
551W01r3ClT,progressive,Medium,100.0,exclusion,logic,9,1
551W0IbH2-v,progressive,Medium,100.0,exclusion,logic,12,1
551W9TgPF24,progressive,Medium,220.0,exclusion,logic,15,1
551W4OI94Xr,progressive,Medium,100.0,exclusion,logic,12,1
551W4kU1UMY,progressive,Medium,100.0,exclusion,logic,13,1
551WCkYeIf8,progressive,Easy,15.5,row_col_last,logic,10,1
551WCHKI0LJ,progressive,Medium,140.0,exclusion,logic,14,1
551W0tqGePA,progressive,Easy,15.5,row_col_last,logic,9,1
551W2PbgOKX,progressive,Medium,40.0,region_confined,logic,12,1
551W19IQgtW,progressive,Medium,180.0,exclusion,logic,12,1
551W2vLE4d8,progressive,Medium,61.0,region_confined,logic,12,1
551W4aOXggY,progressive,Medium,100.0,exclusion,logic,12,1
551W1tLGeLK,progressive,Hard,540.0,finned_counts,logic,14,1
551W4KPXdCu,progressive,Medium,100.0,exclusion,logic,12,1
551W0MMPcYa,progressive,Medium,100.0,exclusion,logic,11,1
551W0HrMP94,progressive,Medium,100.0,exclusion,logic,10,1
551W69rRC8K,progressive,Medium,140.0,exclusion,logic,15,1
551W4YimDP4,progressive,Easy,15.5,row_col_last,logic,9,1
551W4XL9CCq,progressive,Medium,145.0,region_confined,logic,13,1
551W9f74cNa,progressive,Medium,260.0,exclusion,logic,14,1
551W4GgmIT4,progressive,Easy,15.5,row_col_last,logic,10,1
551W5r6H84c,progressive,Hard,540.0,finned_counts,logic,14,1
551W89weAmr,progressive,Medium,100.0,exclusion,logic,13,1
551W3Fm1JKr,progressive,Medium,100.0,exclusion,logic,12,1
551W4XIIkCa,progressive,Medium,150.0,undercounting,logic,9,1
551W2pw63rI,progressive,Hard,580.0,finned_counts,logic,17,1
551W2pvIZf1,progressive,Medium,100.0,exclusion,logic,11,1
551W8gsWBbn,progressive,Easy,15.5,row_col_last,logic,7,1
551W2GcAgMg,progressive,Medium,150.0,undercounting,logic,11,1
551W4PO4Ifb,progressive,Medium,100.0,exclusion,logic,12,1
551W8_b8Ycq,progressive,Hard,580.0,finned_counts,logic,16,1
551W05rJkh1,progressive,Medium,100.0,exclusion,logic,12,1
551W2ha2JSH,progressive,Medium,40.0,region_confined,logic,8,1
551W4ELCc-W,progressive,Medium,220.0,exclusion,logic,15,1
551W8HYAPD4,progressive,Medium,100.0,exclusion,logic,11,1
551W6HRm2Nf,progressive,Medium,200.0,undercounting,logic,14,1
551WCgky0e1,progressive,Easy,15.5,row_col_last,logic,10,1
551W10XXdTU,progressive,Medium,140.0,exclusion,logic,13,1
551W4Ra12kP,progressive,Medium,100.0,exclusion,logic,12,1
551W6P94Z5M,progressive,Medium,180.0,exclusion,logic,13,1
551W8Z995Tb,progressive,Medium,140.0,exclusion,logic,13,1
551W04P9bLP,progressive,Medium,40.0,region_confined,logic,11,1
551W6NJ52AO,progressive,Medium,82.0,region_confined,logic,11,1
551W2MQASJe,progressive,Medium,100.0,exclusion,logic,14,1
551W3L68Hac,progressive,Medium,61.0,region_confined,logic,11,1
551W5dH8kHG,progressive,Easy,15.5,row_col_last,logic,9,1
551W09AgQw8,progressive,Easy,15.5,row_col_last,logic,10,1
551WAkL86NG,progressive,Easy,15.5,row_col_last,logic,9,1
551W4R2CaQ9,progressive,Hard,540.0,finned_counts,logic,12,1
551WEPrW991,progressive,Easy,15.5,row_col_last,logic,9,1
551WEPc2H8H,progressive,Medium,100.0,exclusion,logic,12,1
551W8OG5kfZ,progressive,Hard,500.0,finned_counts,logic,14,1
551W4Iim5OY,progressive,Easy,15.5,row_col_last,logic,9,1
551W8oKaBLM,progressive,Medium,140.0,exclusion,logic,9,1
551W8I1bUPa,progressive,Easy,15.5,row_col_last,logic,10,1
551W2BHnILK,progressive,Hard,540.0,finned_counts,logic,12,1
551W4Ho8HSa,progressive,Medium,40.0,region_confined,logic,8,1
551W414b5pD,progressive,Hard,540.0,finned_counts,logic,12,1
551W4MKGagi,progressive,Easy,15.5,row_col_last,logic,9,1
551W5QI4aJu,progressive,Easy,15.5,row_col_last,logic,7,1
551W69IBC9a,progressive,Medium,100.0,exclusion,logic,11,1
551W2YPGDtQ,progressive,Hard,800.0,finned_fish,logic,17,1
551W2c39Evf,progressive,Hard,500.0,finned_counts,logic,19,1
551W2HA97iY,progressive,Medium,100.0,exclusion,logic,10,1
551W0JcerZC,progressive,Easy,15.5,row_col_last,logic,10,1
551W4CxaYgG,progressive,Medium,150.0,undercounting,logic,14,1
551WAARGFvH,progressive,Hard,500.0,finned_counts,logic,16,1
551W4Gh2vKX,progressive,Easy,15.5,row_col_last,logic,10,1
551W0HyggKa,progressive,Medium,40.0,region_confined,logic,13,1
551W3DJ54QG,progressive,Easy,15.5,row_col_last,logic,9,1
551W4HLGYCq,progressive,Medium,40.0,region_confined,logic,9,1
551W28r94T5,progressive,Medium,40.0,region_confined,logic,9,1
551W1fAAbU8,progressive,Medium,140.0,exclusion,logic,15,1
551W14rLcHW,progressive,Easy,15.5,row_col_last,logic,9,1
551W1BiL1IZ,progressive,Medium,40.0,region_confined,logic,12,1
551W4TNe1Iu,progressive,Easy,15.5,row_col_last,logic,6,1
551W4X9KFgg,progressive,Medium,150.0,undercounting,logic,14,1
551W2eK6cLM,progressive,Easy,15.5,row_col_last,logic,11,1
551W4yw2MgJ,progressive,Hard,580.0,finned_counts,logic,17,1
551W8rH2cgX,progressive,Easy,15.5,row_col_last,logic,10,1
551W8bLKTgW,progressive,Medium,150.0,undercounting,logic,12,1
551W0PTIfn1,progressive,Medium,100.0,exclusion,logic,9,1
551W2Mb92-b,progressive,Hard,500.0,finned_counts,logic,11,1
551W8rY94h8,progressive,Medium,100.0,exclusion,logic,12,1
551W4LYIgL8,progressive,Medium,150.0,undercounting,logic,9,1
551W2PK7CSq,progressive,Medium,100.0,exclusion,logic,12,1
551W0IH0rtU,progressive,Easy,15.5,row_col_last,logic,9,1
551W8TsW9bA,progressive,Medium,145.0,region_confined,logic,12,1
551W2maoKv4,progressive,Hard,540.0,finned_counts,logic,11,1
551W4saAAT8,progressive,Medium,100.0,exclusion,logic,10,1
551W4LJ94x1,progressive,Medium,100.0,exclusion,logic,12,1
551W2dL22NL,progressive,Medium,40.0,region_confined,logic,12,1
551W2dL0icJ,progressive,Medium,100.0,exclusion,logic,11,1
551W2owf8JA,progressive,Medium,150.0,undercounting,logic,12,1
551W4IuObGr,progressive,Medium,145.0,region_confined,logic,12,1
551W4L10YPh,progressive,Easy,15.5,row_col_last,logic,9,1
551W2Z6WlaY,progressive,Easy,15.5,row_col_last,logic,9,1
551W2NiH1h8,progressive,Medium,140.0,exclusion,logic,15,1
551W4_PA1Uu,progressive,Medium,145.0,region_confined,logic,15,1
551W2vLYLX1,progressive,Easy,15.5,row_col_last,logic,10,1
551W19Z94QI,progressive,Medium,40.0,region_confined,logic,8,1
551W6QhX1KX,progressive,Medium,100.0,exclusion,logic,12,1
551WCPcc1IO,progressive,Easy,15.5,row_col_last,logic,10,1
551W4xiaeEO,progressive,Medium,40.0,region_confined,logic,10,1
551WCtxGIs1,progressive,Hard,540.0,finned_counts,logic,13,1
551WAP24gQO,progressive,Medium,40.0,region_confined,logic,10,1
551W2DV8XQ5,progressive,Medium,40.0,region_confined,logic,8,1
551W1LgmYdY,progressive,Medium,180.0,exclusion,logic,16,1
551W4Gub6Ob,progressive,Medium,100.0,exclusion,logic,12,1
551W0LQIukY,progressive,Easy,15.5,row_col_last,logic,11,1
551W6VR51DO,progressive,Medium,100.0,exclusion,logic,10,1
551W4eKHkn2,progressive,Medium,40.0,region_confined,logic,12,1
551W2liI5A4,progressive,Medium,150.0,undercounting,logic,14,1
551W9DPIIMI,progressive,Medium,100.0,exclusion,logic,11,1
551W5Hw0IHR,progressive,Easy,15.5,row_col_last,logic,10,1
551WCsJGcCO,progressive,Medium,61.0,region_confined,logic,11,1
551W2DvW2Of,progressive,Medium,40.0,region_confined,logic,8,1
551W4d9CRTe,progressive,Hard,500.0,finned_counts,logic,19,1
551W1592QxZ,progressive,Easy,15.5,row_col_last,logic,9,1
551W1Ad5J6I,progressive,Medium,61.0,region_confined,logic,14,1
551W2GZbLqW,progressive,Easy,15.5,row_col_last,logic,10,1
551W4eac5v5,progressive,Hard,540.0,finned_counts,logic,15,1
551W0Tv5bjO,progressive,Hard,500.0,finned_counts,logic,16,1
551W2J2PJeY,progressive,Medium,40.0,region_confined,logic,11,1
551W2LgeIf8,progressive,Easy,15.5,row_col_last,logic,10,1
551W4Hn4Y9a,progressive,Easy,15.5,row_col_last,logic,9,1
551W9KYOxP0,progressive,Medium,100.0,exclusion,logic,12,1
551WCmY9Yw8,progressive,Medium,61.0,region_confined,logic,11,1
551W8ZaOaD4,progressive,Medium,61.0,region_confined,logic,11,1
551WAglK342,progressive,Easy,15.5,row_col_last,logic,9,1
551W4L30Hks,progressive,Easy,15.5,row_col_last,logic,7,1
551W2H70Yzb,progressive,Easy,15.5,row_col_last,logic,9,1
551W4gve8Xq,progressive,Easy,15.5,row_col_last,logic,9,1
551W6UbKaBW,progressive,Medium,150.0,undercounting,logic,9,1
551W0Dq7CjQ,progressive,Medium,100.0,exclusion,logic,12,1
551W0ouJBP2,progressive,Easy,15.5,row_col_last,logic,7,1
551W3_vA9D1,progressive,Medium,140.0,exclusion,logic,15,1
551W1XcPCZL,progressive,Medium,150.0,undercounting,logic,12,1
551W34LJkrG,progressive,Hard,844.0,finned_fish,logic,17,1
551W4XgoED4,progressive,Medium,180.0,exclusion,logic,13,1
551W0rkned8,progressive,Medium,140.0,exclusion,logic,10,1
551W1ER15Mo,progressive,Easy,15.5,row_col_last,logic,7,1
551W8vJ4tbY,progressive,Medium,100.0,exclusion,logic,12,1
551W4IK4cCs,progressive,Easy,15.5,row_col_last,logic,9,1
551W4Es52aw,progressive,Medium,40.0,region_confined,logic,11,1
551W4M-8Ms2,progressive,Hard,580.0,finned_counts,logic,16,1
551WAxba3eW,progressive,Medium,100.0,exclusion,logic,11,1
551W2AMT29X,progressive,Easy,15.5,row_col_last,logic,10,1
551W5rJH8CK,progressive,Hard,540.0,finned_counts,logic,13,1
551W1rUMbYm,progressive,Hard,500.0,finned_counts,logic,16,1
551W2BAL5OH,progressive,Medium,100.0,exclusion,logic,11,1
551W4EF95wb,progressive,Hard,500.0,finned_counts,logic,18,1
551W4IYbIwO,progressive,Easy,15.5,row_col_last,logic,10,1
551W1jOAFr2,progressive,Hard,500.0,finned_counts,logic,15,1
551W3_S0POa,progressive,Medium,100.0,exclusion,logic,15,1
551W18cIgag,progressive,Easy,15.5,row_col_last,logic,10,1
551WAPtEP10,progressive,Hard,500.0,finned_counts,logic,13,1
551W4LrP4OO,progressive,Medium,40.0,region_confined,logic,8,1
551W2IV4LgS,progressive,Medium,140.0,exclusion,logic,16,1
551W4siA9T8,progressive,Medium,100.0,exclusion,logic,10,1
551W0HcXdZT,progressive,Medium,40.0,region_confined,logic,11,1
551WDPi8f6Y,progressive,Easy,15.5,row_col_last,logic,9,1
551W1WbcDwX,progressive,Easy,15.5,row_col_last,logic,10,1
551W0xhGOkf,progressive,Hard,540.0,finned_counts,logic,12,1
551W0HT6fPa,progressive,Hard,540.0,finned_counts,logic,13,1
551W2BTmKH1,progressive,Easy,15.5,row_col_last,logic,10,1
551W8ZSW4Tr,progressive,Medium,100.0,exclusion,logic,12,1
551W0HR2RLZ,progressive,Easy,15.5,row_col_last,logic,9,1
551W0OYH4sg,progressive,Easy,15.5,row_col_last,logic,9,1
551W6MQe5NW,progressive,Hard,500.0,finned_counts,logic,12,1
551W4LL8p4O,progressive,Medium,100.0,exclusion,logic,12,1
551W9db82Ln,progressive,Medium,100.0,exclusion,logic,12,1
551W2TKI8Og,progressive,Medium,100.0,exclusion,logic,10,1
551WCf_GMeK,progressive,Hard,580.0,finned_counts,logic,15,1
551W2LyuWqe,progressive,Medium,100.0,exclusion,logic,11,1
551W8wACMfK,progressive,Easy,15.5,row_col_last,logic,10,1
551W0eb5gjq,progressive,Medium,100.0,exclusion,logic,10,1
551W0krYZEO,progressive,Medium,40.0,region_confined,logic,11,1
551W1g0HRhc,progressive,Hard,500.0,finned_counts,logic,15,1
551W2GQ1bck,progressive,Medium,100.0,exclusion,logic,11,1
551W2YaHAfc,progressive,Hard,500.0,finned_counts,logic,12,1
551W3pfY2mf,progressive,Medium,100.0,exclusion,logic,11,1
551W2GYGY_C,progressive,Medium,100.0,exclusion,logic,11,1
551W3Ti2Q5p,shape-zigzag,Medium,100.0,exclusion,logic,12,1
551W3Ta3C5p,shape-zigzag,Medium,40.0,region_confined,logic,10,1
551W3Ti2f5p,shape-zigzag,Medium,100.0,exclusion,logic,12,1
551W2Pi2f6x,shape-zigzag,Medium,145.0,region_confined,logic,15,1
551W3TyYe4p,shape-zigzag,Medium,140.0,exclusion,logic,14,1
551W2Pa3C6x,shape-zigzag,Medium,100.0,exclusion,logic,11,1
551W3Tq2g4p,shape-zigzag,Medium,150.0,undercounting,logic,9,1
551W2Pa2P5t,shape-zigzag,Medium,145.0,region_confined,logic,14,1
551W2Pi2f5t,shape-zigzag,Medium,145.0,region_confined,logic,14,1
551W2Pa2g6x,shape-zigzag,Medium,100.0,exclusion,logic,12,1
551W2va2C5t,shape-zigzag,Medium,61.0,region_confined,logic,10,1
551W2Ta2P6t,shape-zigzag,Medium,145.0,region_confined,logic,15,1
551W2Pq2g4t,shape-zigzag,Easy,15.5,row_col_last,logic,10,1
551W2Pa2g5t,shape-zigzag,Medium,100.0,exclusion,logic,11,1
551W2za2C5x,shape-zigzag,Medium,61.0,region_confined,logic,10,1
551W3TaYO5p,shape-zigzag,Medium,61.0,region_confined,logic,12,1
551W2Ra2i6x,shape-zigzag,Medium,100.0,exclusion,logic,12,1
551W2_iY85x,shape-zigzag,Medium,145.0,region_confined,logic,16,1
551W2Pi2Q6x,shape-zigzag,Medium,145.0,region_confined,logic,15,1
551W2TaYO6t,shape-zigzag,Medium,140.0,exclusion,logic,14,1
551W3Ta2P5p,shape-zigzag,Medium,100.0,exclusion,logic,12,1
551W2Pq3C4t,shape-zigzag,Easy,15.5,row_col_last,logic,10,1
551W2Ta2g6t,shape-zigzag,Medium,140.0,exclusion,logic,12,1
551W2Pa2P6x,shape-zigzag,Medium,145.0,region_confined,logic,15,1
551W3xi296p,shape-zigzag,Easy,15.5,row_col_last,logic,9,1
551W3Ta2g5p,shape-zigzag,Medium,100.0,exclusion,logic,12,1
551W2Tq2P4x,shape-zigzag,Medium,100.0,exclusion,logic,12,1
551W2xiY85t,shape-zigzag,Medium,166.0,region_confined,logic,15,1
551W3Pi2Q6p,shape-zigzag,Easy,15.5,row_col_last,logic,9,1
551W2Pa3C5t,shape-zigzag,Medium,100.0,exclusion,logic,11,1
551W2Ra3A5t,shape-zigzag,Medium,100.0,exclusion,logic,11,1
551W3Tq2P4p,shape-zigzag,Medium,150.0,undercounting,logic,10,1
551W3Ty2Q4p,shape-zigzag,Medium,150.0,undercounting,logic,9,1
551W3Pa3C6p,shape-zigzag,Easy,15.5,row_col_last,logic,9,1
551W2Pq2P4t,shape-zigzag,Easy,15.5,row_col_last,logic,10,1
551W2xiY86x,shape-zigzag,Medium,145.0,region_confined,logic,15,1
551W2Ty2f4x,shape-zigzag,Medium,100.0,exclusion,logic,12,1
551W3Vq2i4p,shape-zigzag,Medium,150.0,undercounting,logic,10,1
551W2TaYO5x,shape-zigzag,Medium,140.0,exclusion,logic,14,1
551W2Va3A5x,shape-zigzag,Medium,140.0,exclusion,logic,12,1
551W3Tq3C4p,shape-zigzag,Medium,166.0,region_confined,logic,10,1
551W3Pa2g6p,shape-zigzag,Easy,15.5,row_col_last,logic,9,1
551W2xa2A6x,shape-zigzag,Medium,100.0,exclusion,logic,13,1
551W2Ta3C5x,shape-zigzag,Medium,100.0,exclusion,logic,11,1
551W2xyY84t,shape-zigzag,Easy,15.5,row_col_last,logic,10,1
551W2Ra2i5t,shape-zigzag,Medium,100.0,exclusion,logic,11,1
551W3Ra2i6p,shape-zigzag,Easy,15.5,row_col_last,logic,9,1
551W2Tq2g4x,shape-zigzag,Medium,100.0,exclusion,logic,12,1
551W3TiYe5p,shape-zigzag,Medium,100.0,exclusion,logic,11,1
551W2va2C6x,shape-zigzag,Medium,61.0,region_confined,logic,10,1
551W2RiZ86x,shape-zigzag,Medium,145.0,region_confined,logic,15,1
551W2Ti2f5x,shape-zigzag,Medium,145.0,region_confined,logic,15,1
551W2Vq2i4x,shape-zigzag,Medium,100.0,exclusion,logic,12,1
551W3_q2A4p,shape-zigzag,Medium,140.0,exclusion,logic,13,1
551W2xi296x,shape-zigzag,Medium,145.0,region_confined,logic,15,1
551W3_yY84p,shape-zigzag,Medium,150.0,undercounting,logic,10,1
551W2Ri2S5t,shape-zigzag,Medium,145.0,region_confined,logic,14,1
551W2Va2i5x,shape-zigzag,Medium,140.0,exclusion,logic,12,1
551W2Ta2g5x,shape-zigzag,Medium,140.0,exclusion,logic,12,1
551W2xy294t,shape-zigzag,Easy,15.5,row_col_last,logic,10,1
551W2Ta3C6t,shape-zigzag,Medium,100.0,exclusion,logic,11,1
551W2PiYe6x,shape-zigzag,Medium,145.0,region_confined,logic,15,1
551W2Rq3A4t,shape-zigzag,Easy,15.5,row_col_last,logic,10,1
551W2PiYe5t,shape-zigzag,Medium,145.0,region_confined,logic,14,1
551W3Va2i5p,shape-zigzag,Medium,100.0,exclusion,logic,12,1
551W3Ra3A6p,shape-zigzag,Easy,15.5,row_col_last,logic,9,1
551W2Ry2S4t,shape-zigzag,Easy,15.5,row_col_last,logic,10,1
551W2TiYe5x,shape-zigzag,Medium,140.0,exclusion,logic,13,1
551W2Ra3A6x,shape-zigzag,Medium,100.0,exclusion,logic,12,1
551W3Vq3A4p,shape-zigzag,Medium,150.0,undercounting,logic,10,1
551W2_iY86t,shape-zigzag,Medium,145.0,region_confined,logic,16,1
551W2xa2A5t,shape-zigzag,Medium,61.0,region_confined,logic,12,1
551W3VyZ84p,shape-zigzag,Medium,140.0,exclusion,logic,13,1
551W3Vy394p,shape-zigzag,Medium,180.0,exclusion,logic,11,1
551W3Va3A5p,shape-zigzag,Medium,100.0,exclusion,logic,12,1
551W3za2C5p,shape-zigzag,Easy,15.5,row_col_last,logic,10,1
551W2PaYO5t,shape-zigzag,Medium,40.0,region_confined,logic,12,1
551W2vq2C4t,shape-zigzag,Easy,15.5,row_col_last,logic,8,1
551W2xi295t,shape-zigzag,Medium,145.0,region_confined,logic,14,1
551W3Pa2P6p,shape-zigzag,Easy,15.5,row_col_last,logic,9,1
551W2_y294x,shape-zigzag,Medium,100.0,exclusion,logic,12,1
551W2_i296t,shape-zigzag,Medium,145.0,region_confined,logic,15,1
551W3_iY85p,shape-zigzag,Medium,100.0,exclusion,logic,13,1
551W2Py2Q4t,shape-zigzag,Easy,15.5,row_col_last,logic,10,1
551W3TqYO4p,shape-zigzag,Medium,61.0,region_confined,logic,12,1
551W2Ri395t,shape-zigzag,Medium,145.0,region_confined,logic,14,1
551W2Pi2Q5t,shape-zigzag,Medium,145.0,region_confined,logic,14,1
551W2TiYe6t,shape-zigzag,Medium,140.0,exclusion,logic,13,1
551W2Vq3A4x,shape-zigzag,Medium,100.0,exclusion,logic,12,1
551W2PyYe4t,shape-zigzag,Easy,15.5,row_col_last,logic,10,1
551W3Vy2S4p,shape-zigzag,Medium,180.0,exclusion,logic,10,1
551W2Ti2f6t,shape-zigzag,Medium,145.0,region_confined,logic,15,1
551W2Vi395x,shape-zigzag,Medium,145.0,region_confined,logic,15,1
551W2Ti2Q5x,shape-zigzag,Medium,145.0,region_confined,logic,15,1
551W2RiZ85t,shape-zigzag,Medium,100.0,exclusion,logic,12,1
551W2zq2C4x,shape-zigzag,Easy,15.5,row_col_last,logic,11,1
551W2PaYO6x,shape-zigzag,Medium,100.0,exclusion,logic,12,1
551W3_i295p,shape-zigzag,Medium,100.0,exclusion,logic,12,1
551W2Ta2P5x,shape-zigzag,Medium,145.0,region_confined,logic,15,1
551W3Pi2f6p,shape-zigzag,Easy,15.5,row_col_last,logic,9,1
551W3xiY86p,shape-zigzag,Easy,15.5,row_col_last,logic,9,1
551W3RiZ86p,shape-zigzag,Easy,15.5,row_col_last,logic,9,1
551W2_a2A5x,shape-zigzag,Medium,140.0,exclusion,logic,14,1
551W3PiYe6p,shape-zigzag,Easy,15.5,row_col_last,logic,9,1
551W3va2C6p,shape-zigzag,Easy,15.5,row_col_last,logic,8,1
551W2xq2A4t,shape-zigzag,Easy,15.5,row_col_last,logic,8,1
551W2Ri396x,shape-zigzag,Medium,145.0,region_confined,logic,15,1
551W3Ty2f4p,shape-zigzag,Medium,180.0,exclusion,logic,10,1
551W2Va2i6t,shape-zigzag,Medium,140.0,exclusion,logic,12,1
551W2Ty2Q4x,shape-zigzag,Medium,100.0,exclusion,logic,12,1
551W2Rq2i4t,shape-zigzag,Easy,15.5,row_col_last,logic,10,1
551W3_y294p,shape-zigzag,Medium,150.0,undercounting,logic,11,1
551W2Py2f4t,shape-zigzag,Easy,15.5,row_col_last,logic,10,1
551W2ViZ85x,shape-zigzag,Medium,145.0,region_confined,logic,15,1
551W2Va3A6t,shape-zigzag,Medium,140.0,exclusion,logic,12,1
551W2TyYe4x,shape-zigzag,Medium,100.0,exclusion,logic,11,1
551W2RyZ84t,shape-zigzag,Easy,15.5,row_col_last,logic,10,1
551W2Tq3C4x,shape-zigzag,Medium,40.0,region_confined,logic,10,1
551W2PqYO4t,shape-zigzag,Easy,15.5,row_col_last,logic,6,1
551W2Ti2Q6t,shape-zigzag,Medium,145.0,region_confined,logic,15,1
551W2za2C6t,shape-zigzag,Medium,61.0,region_confined,logic,10,1
551W3xa2A6p,shape-zigzag,Easy,15.5,row_col_last,logic,8,1
551W3Ri396p,shape-zigzag,Easy,15.5,row_col_last,logic,9,1
551W3_a2A5p,shape-zigzag,Medium,100.0,exclusion,logic,12,1
551W2TqYO4x,shape-zigzag,Medium,61.0,region_confined,logic,10,1
551W2ViZ86t,shape-zigzag,Medium,145.0,region_confined,logic,15,1
551W2Vi396t,shape-zigzag,Medium,145.0,region_confined,logic,15,1
551W2_a2A6t,shape-zigzag,Medium,140.0,exclusion,logic,14,1
551W0QNCcba,shape-cross,Medium,100.0,exclusion,logic,12,1
551W8wMG6bp,shape-cross,Medium,100.0,exclusion,logic,12,1
551W0QUf6ba,shape-cross,Medium,140.0,exclusion,logic,17,1
551W9wMa7dX,shape-cross,Easy,15.5,row_col_last,logic,10,1
551W1-MINbW,shape-cross,Medium,140.0,exclusion,logic,15,1
551W0QM9cde,shape-cross,Medium,145.0,region_confined,logic,12,1
551W1QM4cdu,shape-cross,Easy,15.5,row_col_last,logic,10,1
551W4wM2cbY,shape-cross,Medium,100.0,exclusion,logic,12,1
551W1-UXEbW,shape-cross,Easy,15.5,row_col_last,logic,9,1
551W1-MQ6bW,shape-cross,Medium,145.0,region_confined,logic,12,1
551W0QMAEbr,shape-cross,Medium,100.0,exclusion,logic,12,1
551W0UU9Mbe,shape-cross,Medium,180.0,exclusion,logic,16,1
551W4QUCMbX,shape-cross,Easy,15.5,row_col_last,logic,10,1
551W8wMI6bY,shape-cross,Hard,540.0,finned_counts,logic,13,1
551W2QM0cdg,shape-cross,Medium,100.0,exclusion,logic,12,1
551W0UM0cdv,shape-cross,Easy,15.5,row_col_last,logic,10,1
551W4QN86df,shape-cross,Medium,140.0,exclusion,logic,13,1
551W4UM16dn,shape-cross,Easy,15.5,row_col_last,logic,9,1
551W0QNIEbb,shape-cross,Medium,180.0,exclusion,logic,16,1
551W1QMmMda,shape-cross,Hard,540.0,finned_counts,logic,15,1
551W2QNasbW,shape-cross,Easy,15.5,row_col_last,logic,10,1
551W1-M66bo,shape-cross,Medium,100.0,exclusion,logic,13,1
551W3UU0MbY,shape-cross,Medium,100.0,exclusion,logic,12,1
551W3UM0cbY,shape-cross,Medium,100.0,exclusion,logic,12,1
551W1UMYFdW,shape-cross,Medium,100.0,exclusion,logic,12,1
551W2QM0Nbc,shape-cross,Easy,15.5,row_col_last,logic,10,1
551WDwM86dW,shape-cross,Medium,40.0,region_confined,logic,12,1
551W8wMY7bY,shape-cross,Easy,15.5,row_col_last,logic,10,1
551WAQM0kba,shape-cross,Medium,40.0,region_confined,logic,9,1
551W1QMeddW,shape-cross,Medium,100.0,exclusion,logic,12,1
551W2QMXMbY,shape-cross,Hard,540.0,finned_counts,logic,13,1
551W0QMn7bY,shape-cross,Easy,15.5,row_col_last,logic,9,1
551W1QMOcdW,shape-cross,Easy,15.5,row_col_last,logic,10,1
551W0QM9Nba,shape-cross,Medium,140.0,exclusion,logic,15,1
551WCQMY7bY,shape-cross,Easy,15.5,row_col_last,logic,10,1
551W4QMWNba,shape-cross,Hard,540.0,finned_counts,logic,13,1
551W0QN6_bW,shape-cross,Hard,540.0,finned_counts,logic,12,1
551W4UUYEbe,shape-cross,Medium,61.0,region_confined,logic,12,1
551W2QNiMbW,shape-cross,Easy,15.5,row_col_last,logic,10,1
551W4QN4Nbm,shape-cross,Medium,150.0,undercounting,logic,12,1
551W4QNG6df,shape-cross,Medium,150.0,undercounting,logic,17,1
551W2wU27bn,shape-cross,Medium,145.0,region_confined,logic,12,1
551W2QM2kbn,shape-cross,Medium,180.0,exclusion,logic,17,1
551W0QMGcbc,shape-cross,Medium,40.0,region_confined,logic,9,1
551W1-MAEbW,shape-cross,Easy,15.5,row_col_last,logic,10,1
551WBwMG6be,shape-cross,Easy,15.5,row_col_last,logic,10,1
551W4QUq6bm,shape-cross,Medium,40.0,region_confined,logic,11,1
551W0UN4cbu,shape-cross,Easy,15.5,row_col_last,logic,9,1
551W8-N86bu,shape-cross,Easy,15.5,row_col_last,logic,10,1
551W2QU4Nbm,shape-cross,Easy,15.5,row_col_last,logic,10,1
551W2wMB6bW,shape-cross,Easy,15.5,row_col_last,logic,9,1
551W9-MGNbW,shape-cross,Medium,140.0,exclusion,logic,13,1
551W0QN9cbX,shape-cross,Medium,40.0,region_confined,logic,12,1
551W0UM4cdu,shape-cross,Medium,150.0,undercounting,logic,12,1
551W0QUA-bW,shape-cross,Easy,15.5,row_col_last,logic,8,1
551W4UMW7bi,shape-cross,Easy,15.5,row_col_last,logic,9,1
551W1QU9MdW,shape-cross,Medium,180.0,exclusion,logic,16,1
551W1UM8cdW,shape-cross,Medium,150.0,undercounting,logic,12,1
551W4QUecbW,shape-cross,Medium,40.0,region_confined,logic,11,1
551WAwM4cbm,shape-cross,Medium,180.0,exclusion,logic,17,1
551W8wN0cbq,shape-cross,Medium,61.0,region_confined,logic,11,1
551W9wU0NdW,shape-cross,Medium,40.0,region_confined,logic,11,1
551W8wN0cdu,shape-cross,Medium,61.0,region_confined,logic,10,1
551WAwMGcbW,shape-cross,Medium,61.0,region_confined,logic,9,1
551W1QM2kda,shape-cross,Medium,82.0,region_confined,logic,11,1
551W1UNG6dX,shape-cross,Easy,15.5,row_col_last,logic,10,1
551W5QNK6dW,shape-cross,Medium,150.0,undercounting,logic,12,1
551W9-M4Ebm,shape-cross,Easy,15.5,row_col_last,logic,10,1
551W8QMY7bp,shape-cross,Hard,540.0,finned_counts,logic,11,1
551W2UM2kbe,shape-cross,Medium,61.0,region_confined,logic,12,1
551W3UMG6bn,shape-cross,Medium,82.0,region_confined,logic,11,1
551W0UNIEbu,shape-cross,Easy,15.5,row_col_last,logic,10,1
551W0UM5cbu,shape-cross,Medium,145.0,region_confined,logic,12,1
551W1wNGEdX,shape-cross,Medium,166.0,region_confined,logic,12,1
551W2QM5NbX,shape-cross,Hard,540.0,finned_counts,logic,13,1
551W0-M3Nbe,shape-cross,Easy,15.5,row_col_last,logic,11,1
551W2QU17bY,shape-cross,Medium,150.0,undercounting,logic,12,1
551W1wN26dn,shape-cross,Medium,100.0,exclusion,logic,12,1
551W0UNYFdX,shape-cross,Medium,166.0,region_confined,logic,12,1
551W2QVW6bo,shape-cross,Easy,15.5,row_col_last,logic,9,1
551W8UUWEda,shape-cross,Easy,15.5,row_col_last,logic,10,1
551W2QU9MbW,shape-cross,Medium,140.0,exclusion,logic,15,1
551W2wN6cbW,shape-cross,Medium,180.0,exclusion,logic,16,1
551W4QNW7bo,shape-cross,Easy,15.5,row_col_last,logic,10,1
551W6QMG6bY,shape-cross,Medium,40.0,region_confined,logic,9,1
551W2QN16bn,shape-cross,Medium,150.0,undercounting,logic,12,1
551W8wMX7ba,shape-cross,Medium,150.0,undercounting,logic,13,1
551W1wM5Edm,shape-cross,Easy,15.5,row_col_last,logic,10,1
551WDwM06dn,shape-cross,Medium,40.0,region_confined,logic,12,1
551W2QMIkbW,shape-cross,Medium,140.0,exclusion,logic,11,1
551W0QNGcbb,shape-cross,Medium,100.0,exclusion,logic,11,1
551WA-M0cbe,shape-cross,Medium,140.0,exclusion,logic,11,1
551W9wMO6dW,shape-cross,Hard,500.0,finned_counts,logic,13,1
551W8wUG7de,shape-cross,Medium,61.0,region_confined,logic,11,1
551W0QU57bq,shape-cross,Easy,15.5,row_col_last,logic,10,1
551W0UU0Mbz,shape-cross,Easy,15.5,row_col_last,logic,10,1
551W2QUCMbm,shape-cross,Easy,15.5,row_col_last,logic,11,1
551W8QV4-bW,shape-cross,Easy,15.5,row_col_last,logic,11,1
551W5QM4cbu,shape-cross,Easy,15.5,row_col_last,logic,10,1
551W5UUYEbW,shape-cross,Medium,61.0,region_confined,logic,12,1
551W1QUq6dm,shape-cross,Medium,40.0,region_confined,logic,12,1
551W0QN0cdh,shape-cross,Easy,15.5,row_col_last,logic,11,1
551W4QVe6bm,shape-cross,Easy,15.5,row_col_last,logic,10,1
551WA-MW7dW,shape-cross,Easy,15.5,row_col_last,logic,10,1
551W8-M46bw,shape-cross,Medium,40.0,region_confined,logic,11,1
551W0QMXMdg,shape-cross,Hard,540.0,finned_counts,logic,12,1
551W8QMGEbr,shape-cross,Medium,180.0,exclusion,logic,17,1
551W0-M9Ebe,shape-cross,Medium,150.0,undercounting,logic,12,1
551W4wU27bY,shape-cross,Easy,15.5,row_col_last,logic,9,1
551W6QM96bW,shape-cross,Easy,15.5,row_col_last,logic,10,1
551WAwM8NbW,shape-cross,Medium,150.0,undercounting,logic,14,1
551W3QM0NdY,shape-cross,Easy,15.5,row_col_last,logic,9,1
551W0QN8cbb,shape-cross,Medium,100.0,exclusion,logic,12,1
551W1QNiMdW,shape-cross,Easy,15.5,row_col_last,logic,10,1
551W0QM56dv,shape-cross,Easy,15.5,row_col_last,logic,10,1
551W0wUA7bY,shape-cross,Easy,15.5,row_col_last,logic,9,1
551W9wMX7dW,shape-cross,Medium,40.0,region_confined,logic,12,1
551W2QU0dbn,shape-cross,Medium,150.0,undercounting,logic,12,1
551W2UMIEbe,shape-cross,Medium,150.0,undercounting,logic,13,1
551W4wM2cbn,shape-cross,Medium,100.0,exclusion,logic,12,1
551W8wUa6bb,shape-cross,Easy,15.5,row_col_last,logic,10,1
551WCQMI6bY,shape-cross,Hard,540.0,finned_counts,logic,13,1
551W5wMA6dW,shape-cross,Medium,40.0,region_confined,logic,11,1
551W1wMeFdW,shape-cross,Easy,15.5,row_col_last,logic,10,1
551W1wNI6dm,shape-cross,Medium,100.0,exclusion,logic,12,1
551W4UM2Vbe,shape-cross,Medium,100.0,exclusion,logic,13,1
551W2QNeMbm,shape-cross,Easy,15.5,row_col_last,logic,7,1
551W4QVW6bq,shape-cross,Easy,15.5,row_col_last,logic,10,1
551W0QU8Mbr,shape-cross,Medium,40.0,region_confined,logic,12,1
551WCQN4VbW,shape-cross,Medium,140.0,exclusion,logic,14,1
551W2QMf7bW,shape-cross,Medium,140.0,exclusion,logic,15,1
551W0UN0cdf,shape-cross,Easy,15.5,row_col_last,logic,10,1
551W1QUe6dn,shape-cross,Medium,100.0,exclusion,logic,13,1
551W1UN2EdX,shape-cross,Easy,15.5,row_col_last,logic,9,1
551W8wV8Mbm,shape-cross,Medium,61.0,region_confined,logic,11,1
551W0QU2VbY,shape-cross,Easy,15.5,row_col_last,logic,9,1
551W8wM1Nba,shape-cross,Medium,150.0,undercounting,logic,13,1
551W0UMX7de,shape-cross,Medium,100.0,exclusion,logic,12,1
551W0QV17bb,shape-cross,Easy,15.5,row_col_last,logic,11,1
551W1-UWEba,shape-cross,Easy,15.5,row_col_last,logic,9,1
551W1QMgFdW,shape-cross,Medium,180.0,exclusion,logic,15,1
551W6QMW7bY,shape-cross,Medium,145.0,region_confined,logic,12,1
551W8wN06dy,shape-cross,Easy,15.5,row_col_last,logic,10,1
551W8wUKMbm,shape-cross,Medium,40.0,region_confined,logic,10,1
551W0-M66dZ,shape-cross,Easy,15.5,row_col_last,logic,7,1
551W9-M1NbW,shape-cross,Medium,100.0,exclusion,logic,13,1
551W6QM1NbW,shape-cross,Easy,15.5,row_col_last,logic,9,1
551W0UN2Edb,shape-cross,Easy,15.5,row_col_last,logic,9,1
551W1-M0Vba,shape-cross,Easy,15.5,row_col_last,logic,9,1
551W5UM0NbY,shape-cross,Medium,180.0,exclusion,logic,17,1
551W0QM4tbq,shape-cross,Medium,82.0,region_confined,logic,11,1
551W2wMQ6bW,shape-cross,Medium,61.0,region_confined,logic,11,1
551W0QMHcbY,shape-cross,Easy,15.5,row_col_last,logic,10,1
551W1UUe6ba,shape-cross,Hard,580.0,finned_counts,logic,13,1
551W9UM8EdW,shape-cross,Easy,15.5,row_col_last,logic,9,1
551W8UM8Eda,shape-cross,Easy,15.5,row_col_last,logic,9,1
551W1UNIEbm,shape-cross,Medium,61.0,region_confined,logic,11,1
551W6QN86bX,shape-cross,Medium,61.0,region_confined,logic,11,1
551W0QU2Vbn,shape-cross,Easy,15.5,row_col_last,logic,9,1
551WAQN4EbX,shape-cross,Medium,40.0,region_confined,logic,10,1
551W0QV0Nbb,shape-cross,Easy,15.5,row_col_last,logic,11,1
551W5wM26dY,shape-cross,Medium,40.0,region_confined,logic,11,1
551W8wU57bm,shape-cross,Easy,15.5,row_col_last,logic,9,1
551W0QN1Nbo,shape-cross,Easy,15.5,row_col_last,logic,11,1
551W4UMWNbe,shape-cross,Hard,540.0,finned_counts,logic,14,1
551W0wM0kdg,shape-cross,Easy,15.5,row_col_last,logic,11,1
551WD-M06bY,shape-cross,Medium,100.0,exclusion,logic,13,1
551W1wM2tdW,shape-cross,Medium,40.0,region_confined,logic,11,1
551W0UMGNbg,shape-cross,Medium,40.0,region_confined,logic,11,1
551W4UN0cdX,shape-cross,Easy,15.5,row_col_last,logic,10,1
551W0UU17bv,shape-cross,Medium,40.0,region_confined,logic,11,1
551W4QMKcbX,shape-cross,Hard,540.0,finned_counts,logic,13,1
551WAQMaFbm,shape-cross,Medium,140.0,exclusion,logic,12,1
551W0wNLEbW,shape-cross,Medium,100.0,exclusion,logic,12,1
551W0QVi6ba,shape-cross,Medium,100.0,exclusion,logic,11,1
551WBUN4EbW,shape-cross,Medium,40.0,region_confined,logic,10,1
551W0UVGMbu,shape-cross,Easy,15.5,row_col_last,logic,9,1
551W1UNXMbX,shape-cross,Easy,15.5,row_col_last,logic,10,1
551W0wUY7de,shape-cross,Easy,15.5,row_col_last,logic,10,1
551W8-MX7be,shape-cross,Medium,100.0,exclusion,logic,13,1
551W1wM6cbu,shape-cross,Medium,100.0,exclusion,logic,10,1
551WBUUWEbW,shape-cross,Medium,40.0,region_confined,logic,11,1
551W8wN26bb,shape-cross,Medium,40.0,region_confined,logic,11,1
551WAQMKEbX,shape-cross,Medium,40.0,region_confined,logic,10,1
551W8-U4Mbf,shape-cross,Easy,15.5,row_col_last,logic,10,1
551W8QNaFbm,shape-cross,Easy,15.5,row_col_last,logic,10,1
551W0UUYEde,shape-cross,Medium,61.0,region_confined,logic,11,1
551WAQU8UbW,shape-cross,Medium,150.0,undercounting,logic,16,1
551W2QUAFbW,shape-cross,Easy,15.5,row_col_last,logic,10,1
551W2QNW7df,shape-cross,Medium,100.0,exclusion,logic,15,1
551WCwN06df,shape-cross,Medium,61.0,region_confined,logic,13,1
551W6QUe6bW,shape-cross,Medium,40.0,region_confined,logic,10,1
551W0wU8Uba,shape-cross,Medium,145.0,region_confined,logic,12,1
551W0UN0cdb,shape-cross,Easy,15.5,row_col_last,logic,10,1
551W3UMIEbW,shape-cross,Medium,150.0,undercounting,logic,14,1
551W1QM8cbi,shape-cross,Hard,540.0,finned_counts,logic,13,1
551W0QNX7bo,shape-cross,Easy,15.5,row_col_last,logic,10,1
551W8wN4Ede,shape-cross,Medium,61.0,region_confined,logic,11,1
551W9wN46da,shape-cross,Medium,61.0,region_confined,logic,10,1
551W8QNKEbY,shape-cross,Medium,100.0,exclusion,logic,12,1
551WAUMWFbe,shape-cross,Medium,40.0,region_confined,logic,11,1
551W0UN0Nbv,shape-cross,Easy,15.5,row_col_last,logic,9,1
551W1UMXMba,shape-cross,Medium,40.0,region_confined,logic,11,1
551W8QVKFbW,shape-cross,Easy,15.5,row_col_last,logic,9,1
551W2QUG7bY,shape-cross,Medium,150.0,undercounting,logic,12,1
551W0wV2NbX,shape-cross,Easy,15.5,row_col_last,logic,9,1
551WDwMW7dW,shape-cross,Medium,40.0,region_confined,logic,11,1
551W8wN4cbX,shape-cross,Medium,61.0,region_confined,logic,12,1
551W4QVC7bW,shape-cross,Easy,15.5,row_col_last,logic,9,1
551W1QN16db,shape-cross,Medium,40.0,region_confined,logic,10,1
551W2UM8cdW,shape-cross,Medium,150.0,undercounting,logic,12,1
551W5QN86dX,shape-cross,Medium,100.0,exclusion,logic,13,1
551W0wUXEbY,shape-cross,Medium,150.0,undercounting,logic,12,1
551W0wMYdde,shape-cross,Medium,40.0,region_confined,logic,11,1
551W0QVCMba,shape-cross,Medium,100.0,exclusion,logic,11,1
551W4QUi6bm,shape-cross,Easy,15.5,row_col_last,logic,10,1
551W1wUI7dW,shape-cross,Easy,15.5,row_col_last,logic,10,1
551W9wMm7dW,shape-cross,Medium,100.0,exclusion,logic,12,1
551WAQM1VbW,shape-cross,Medium,100.0,exclusion,logic,11,1
551W0QVa7ba,shape-cross,Easy,15.5,row_col_last,logic,10,1
551W9UMY7bY,shape-cross,Medium,100.0,exclusion,logic,10,1
551W28vmYCL,shape-corner,Medium,40.0,region_confined,logic,13,1
551W2CtOYAG,shape-corner,Medium,150.0,undercounting,logic,13,1
551W28nGYCr,shape-corner,Medium,61.0,region_confined,logic,13,1
551W3CoGYCa,shape-corner,Medium,61.0,region_confined,logic,12,1
551W3CgeY84,shape-corner,Medium,100.0,exclusion,logic,10,1
551W38aGY8g,shape-corner,Easy,15.5,row_col_last,logic,10,1
551W28nWo95,shape-corner,Medium,40.0,region_confined,logic,11,1
551W3CjWYCM,shape-corner,Medium,100.0,exclusion,logic,12,1
551W38eGZ8g,shape-corner,Easy,15.5,row_col_last,logic,10,1
551W28qOYD2,shape-corner,Easy,15.5,row_col_last,logic,10,1
551W3CtCYC0,shape-corner,Easy,15.5,row_col_last,logic,9,1
551W2CpKYE8,shape-corner,Medium,82.0,region_confined,logic,12,1
551W28pio84,shape-corner,Easy,15.5,row_col_last,logic,10,1
551W28r8pCK,shape-corner,Medium,61.0,region_confined,logic,12,1
551W28qKYDm,shape-corner,Easy,15.5,row_col_last,logic,9,1
551W2Ct8YC9,shape-corner,Easy,15.5,row_col_last,logic,9,1
551W2CqKYEI,shape-corner,Medium,100.0,exclusion,logic,13,1
551W2CsOYAW,shape-corner,Medium,150.0,undercounting,logic,13,1
551W28oGYEi,shape-corner,Medium,100.0,exclusion,logic,9,1
551W28nKp94,shape-corner,Medium,61.0,region_confined,logic,14,1
551W28oGYCc,shape-corner,Easy,15.5,row_col_last,logic,10,1
551W38e0oAY,shape-corner,Easy,15.5,row_col_last,logic,6,1
551W28qWZCr,shape-corner,Medium,82.0,region_confined,logic,12,1
551W28a8YEg,shape-corner,Medium,150.0,undercounting,logic,9,1
551W3Ce4pCK,shape-corner,Medium,61.0,region_confined,logic,11,1
551W38faY8e,shape-corner,Easy,15.5,row_col_last,logic,10,1
551W2CvCZD8,shape-corner,Medium,100.0,exclusion,logic,14,1
551W28o4pDI,shape-corner,Medium,82.0,region_confined,logic,11,1
551W38b0YEn,shape-corner,Easy,15.5,row_col_last,logic,10,1
551W3Ca8YDY,shape-corner,Medium,61.0,region_confined,logic,11,1
551W28a8YDc,shape-corner,Medium,150.0,undercounting,logic,8,1
551W38cOY88,shape-corner,Medium,100.0,exclusion,logic,9,1
551W28tGYC5,shape-corner,Easy,15.5,row_col_last,logic,7,1
551W2CneZEK,shape-corner,Medium,100.0,exclusion,logic,12,1
551W2Cu0ZCx,shape-corner,Medium,100.0,exclusion,logic,13,1
551W2CpGYCf,shape-corner,Medium,100.0,exclusion,logic,12,1
551W38c4p8O,shape-corner,Medium,40.0,region_confined,logic,12,1
551W2CqOYCA,shape-corner,Medium,100.0,exclusion,logic,11,1
551W28WWoAg,shape-corner,Medium,100.0,exclusion,logic,12,1
551W28uWY9a,shape-corner,Easy,15.5,row_col_last,logic,9,1
551W28tCYC4,shape-corner,Easy,15.5,row_col_last,logic,9,1
551W28niZCa,shape-corner,Medium,100.0,exclusion,logic,14,1
551W28vqYDG,shape-corner,Medium,40.0,region_confined,logic,9,1
551W2CnGYCv,shape-corner,Medium,100.0,exclusion,logic,13,1
551W2CqGY9e,shape-corner,Easy,15.5,row_col_last,logic,9,1
551W28rOYCK,shape-corner,Easy,15.5,row_col_last,logic,10,1
551W28pKYD4,shape-corner,Medium,61.0,region_confined,logic,11,1
551W2CvqYEG,shape-corner,Medium,100.0,exclusion,logic,12,1
551W28omoCa,shape-corner,Easy,15.5,row_col_last,logic,10,1
551W38qGY8i,shape-corner,Easy,15.5,row_col_last,logic,10,1
551W28nWZCs,shape-corner,Medium,100.0,exclusion,logic,11,1
551W28sWZ9J,shape-corner,Medium,180.0,exclusion,logic,13,1
551W38aeZE0,shape-corner,Medium,40.0,region_confined,logic,11,1
551W28e4ZDs,shape-corner,Medium,150.0,undercounting,logic,13,1
551W28qGYAi,shape-corner,Medium,100.0,exclusion,logic,9,1
551W28oWZDJ,shape-corner,Medium,82.0,region_confined,logic,11,1
551W38XCpCe,shape-corner,Easy,15.5,row_col_last,logic,10,1
551W2CqGYAY,shape-corner,Medium,100.0,exclusion,logic,14,1
551W28pGpC5,shape-corner,Medium,61.0,region_confined,logic,13,1
551W2CXWoAb,shape-corner,Medium,100.0,exclusion,logic,12,1
551W3Cu8ZD2,shape-corner,Medium,100.0,exclusion,logic,13,1
551W28vGZDI,shape-corner,Medium,180.0,exclusion,logic,14,1
551W2Cx4oAG,shape-corner,Medium,100.0,exclusion,logic,10,1
551W28cGYD4,shape-corner,Easy,15.5,row_col_last,logic,9,1
551W2Cc8YD8,shape-corner,Easy,15.5,row_col_last,logic,9,1
551W38W0pCx,shape-corner,Easy,15.5,row_col_last,logic,10,1
551W3CgGZD0,shape-corner,Medium,100.0,exclusion,logic,11,1
551W2CnOpAK,shape-corner,Medium,61.0,region_confined,logic,12,1
551W28qGYDJ,shape-corner,Medium,61.0,region_confined,logic,10,1
551W28u8ZD6,shape-corner,Medium,100.0,exclusion,logic,11,1
551W28r8YD5,shape-corner,Medium,40.0,region_confined,logic,9,1
551W28oeZCa,shape-corner,Medium,100.0,exclusion,logic,12,1
551W28nWo8b,shape-corner,Medium,40.0,region_confined,logic,11,1
551W28wKZ9I,shape-corner,Medium,150.0,undercounting,logic,10,1
551W28a4YEw,shape-corner,Medium,150.0,undercounting,logic,10,1
551W2Cs8p8e,shape-corner,Medium,100.0,exclusion,logic,13,1
551W2CYmoE4,shape-corner,Easy,15.5,row_col_last,logic,10,1
551W2CoeZE2,shape-corner,Medium,100.0,exclusion,logic,14,1
551W2CvaYAW,shape-corner,Medium,150.0,undercounting,logic,13,1
551W28r8YF9,shape-corner,Medium,100.0,exclusion,logic,10,1
551W38YWZEY,shape-corner,Medium,100.0,exclusion,logic,10,1
551W28paZDG,shape-corner,Medium,61.0,region_confined,logic,12,1
551W2Cp0pEH,shape-corner,Medium,100.0,exclusion,logic,14,1
551W38nGYFI,shape-corner,Easy,15.5,row_col_last,logic,9,1
551W28v0o9X,shape-corner,Easy,15.5,row_col_last,logic,7,1
551W28nKYDK,shape-corner,Medium,40.0,region_confined,logic,12,1
551W2Ce4ZDw,shape-corner,Medium,150.0,undercounting,logic,14,1
551W28s8YCa,shape-corner,Easy,15.5,row_col_last,logic,9,1
551W28n0pDn,shape-corner,Easy,15.5,row_col_last,logic,9,1
551W2CYGpAL,shape-corner,Medium,100.0,exclusion,logic,12,1
551W38YWZCg,shape-corner,Easy,15.5,row_col_last,logic,10,1
551W28zWYDI,shape-corner,Medium,180.0,exclusion,logic,12,1
551W28q0p9Y,shape-corner,Easy,15.5,row_col_last,logic,9,1
551W38XWoAX,shape-corner,Easy,15.5,row_col_last,logic,7,1
551W3CcGY8L,shape-corner,Medium,100.0,exclusion,logic,12,1
551W28yeYD2,shape-corner,Medium,100.0,exclusion,logic,12,1
551W3CeWY8c,shape-corner,Medium,100.0,exclusion,logic,10,1
551W2CyWYCv,shape-corner,Medium,100.0,exclusion,logic,14,1
551W2CcWZE4,shape-corner,Easy,15.5,row_col_last,logic,9,1
551W3CmGYDJ,shape-corner,Medium,61.0,region_confined,logic,12,1
551W28oGYDJ,shape-corner,Medium,61.0,region_confined,logic,10,1
551W3CY8pC4,shape-corner,Medium,100.0,exclusion,logic,13,1
551W28waY9m,shape-corner,Medium,40.0,region_confined,logic,8,1
551W2Cq8YE6,shape-corner,Easy,15.5,row_col_last,logic,10,1
551W2Co8pE2,shape-corner,Medium,100.0,exclusion,logic,14,1
551W28sGY9J,shape-corner,Medium,180.0,exclusion,logic,12,1
551W28rKYDG,shape-corner,Medium,40.0,region_confined,logic,9,1
551W3CWGp9Y,shape-corner,Medium,100.0,exclusion,logic,11,1
551W28v8ZDK,shape-corner,Medium,180.0,exclusion,logic,13,1
551W2CseZA2,shape-corner,Medium,180.0,exclusion,logic,10,1
551W3CYWZCL,shape-corner,Medium,100.0,exclusion,logic,14,1
551W2Cq4YDQ,shape-corner,Medium,40.0,region_confined,logic,11,1
551W28YWpD4,shape-corner,Easy,15.5,row_col_last,logic,10,1
551W2Cm4pEo,shape-corner,Medium,100.0,exclusion,logic,13,1
551W2Cu0oAY,shape-corner,Medium,100.0,exclusion,logic,11,1
551W2CmGYEp,shape-corner,Medium,100.0,exclusion,logic,12,1
551W28qKYCq,shape-corner,Medium,40.0,region_confined,logic,11,1
551W38YOYC8,shape-corner,Easy,15.5,row_col_last,logic,6,1
551W38bGY8f,shape-corner,Easy,15.5,row_col_last,logic,10,1
551W38YGYEH,shape-corner,Medium,40.0,region_confined,logic,11,1
551W28rGYDH,shape-corner,Medium,61.0,region_confined,logic,10,1
551W2CmWo8g,shape-corner,Medium,61.0,region_confined,logic,12,1
551W3Cb0p9X,shape-corner,Medium,100.0,exclusion,logic,11,1
551W28x8o91,shape-corner,Easy,15.5,row_col_last,logic,9,1
551W28vCZD4,shape-corner,Medium,100.0,exclusion,logic,14,1
551W28YGpAP,shape-corner,Medium,100.0,exclusion,logic,10,1
551W2CqOYCe,shape-corner,Medium,100.0,exclusion,logic,11,1
551W28w8o9W,shape-corner,Easy,15.5,row_col_last,logic,7,1
551W3CaOYC4,shape-corner,Medium,40.0,region_confined,logic,11,1
551W2CsOYA2,shape-corner,Medium,180.0,exclusion,logic,9,1
551W28uWZCN,shape-corner,Medium,61.0,region_confined,logic,12,1
551W28YOp94,shape-corner,Medium,100.0,exclusion,logic,10,1
551W3Ce0o9Y,shape-corner,Medium,61.0,region_confined,logic,11,1
551W3CeOZD0,shape-corner,Medium,40.0,region_confined,logic,11,1
551W2CtSYA0,shape-corner,Medium,150.0,undercounting,logic,13,1
551W2Cr0YDP,shape-corner,Medium,61.0,region_confined,logic,11,1
551W28c8YD4,shape-corner,Easy,15.5,row_col_last,logic,9,1
551W28r8YCq,shape-corner,Medium,61.0,region_confined,logic,9,1
551W2CwWZCe,shape-corner,Medium,40.0,region_confined,logic,12,1
551W3CoWZCe,shape-corner,Easy,15.5,row_col_last,logic,10,1
551W28pSp84,shape-corner,Medium,61.0,region_confined,logic,13,1
551W28m4pDo,shape-corner,Easy,15.5,row_col_last,logic,9,1
551W28v4o9W,shape-corner,Easy,15.5,row_col_last,logic,7,1
551W28nGYDL,shape-corner,Medium,40.0,region_confined,logic,11,1
551W3CYGYDH,shape-corner,Medium,82.0,region_confined,logic,12,1
551W3CXGYDn,shape-corner,Medium,82.0,region_confined,logic,12,1
551W3CnKp90,shape-corner,Medium,100.0,exclusion,logic,11,1
551W28fCZDa,shape-corner,Medium,180.0,exclusion,logic,12,1
551W3CmWo8Y,shape-corner,Medium,61.0,region_confined,logic,12,1
551W2CoGYEe,shape-corner,Medium,40.0,region_confined,logic,12,1
551W2Cq8YCg,shape-corner,Medium,61.0,region_confined,logic,11,1
551W3CYGYDY,shape-corner,Medium,61.0,region_confined,logic,12,1
551W3Coao8m,shape-corner,Easy,15.5,row_col_last,logic,10,1
551W2Cq8YEA,shape-corner,Medium,40.0,region_confined,logic,11,1
551W38dWZ8Q,shape-corner,Medium,100.0,exclusion,logic,14,1
551W2Cr8pEG,shape-corner,Medium,100.0,exclusion,logic,11,1
551W2Cu0oAa,shape-corner,Medium,40.0,region_confined,logic,11,1
551W28YGpE8,shape-corner,Medium,100.0,exclusion,logic,10,1
551W28oKYCq,shape-corner,Medium,61.0,region_confined,logic,12,1
551W2CuGZAY,shape-corner,Medium,100.0,exclusion,logic,13,1
551W3CWGYDp,shape-corner,Medium,61.0,region_confined,logic,12,1
551W3Ca4pCK,shape-corner,Medium,100.0,exclusion,logic,13,1
551W2Cg0ZEL,shape-corner,Medium,150.0,undercounting,logic,14,1
551W28oWo8r,shape-corner,Easy,15.5,row_col_last,logic,10,1
551W2CYKpAK,shape-corner,Medium,100.0,exclusion,logic,12,1
551W28weY9W,shape-corner,Medium,40.0,region_confined,logic,8,1
551W2CxiYA0,shape-corner,Medium,150.0,undercounting,logic,14,1
551W3Cu0o92,shape-corner,Medium,61.0,region_confined,logic,11,1
551W28g8ZE8,shape-corner,Medium,100.0,exclusion,logic,13,1
551W28oOYD2,shape-corner,Easy,15.5,row_col_last,logic,10,1
551W2CsWZAn,shape-corner,Medium,150.0,undercounting,logic,15,1
551W28b0YDr,shape-corner,Medium,100.0,exclusion,logic,9,1
551W3Cb0YDn,shape-corner,Medium,61.0,region_confined,logic,11,1
551W28a0YDt,shape-corner,Medium,100.0,exclusion,logic,9,1
551W2CqOYEW,shape-corner,Medium,100.0,exclusion,logic,11,1
551W38hGZ8Q,shape-corner,Medium,100.0,exclusion,logic,12,1
551W38iWYCP,shape-corner,Medium,100.0,exclusion,logic,13,1
551W3CYeZC4,shape-corner,Medium,100.0,exclusion,logic,13,1
551W2Cw0ZCv,shape-corner,Medium,100.0,exclusion,logic,13,1
551W28meZDY,shape-corner,Easy,15.5,row_col_last,logic,9,1
551W2CrCYE8,shape-corner,Medium,82.0,region_confined,logic,12,1
551W28s0YCr,shape-corner,Easy,15.5,row_col_last,logic,9,1
551W28q8pD2,shape-corner,Medium,61.0,region_confined,logic,11,1
551W2CxaYAG,shape-corner,Medium,150.0,undercounting,logic,14,1
551W28r0YFP,shape-corner,Medium,100.0,exclusion,logic,10,1
551W28xGZ9K,shape-corner,Medium,100.0,exclusion,logic,13,1
551W28s4p8q,shape-corner,Medium,82.0,region_confined,logic,12,1
551W28qWZ9a,shape-corner,Easy,15.5,row_col_last,logic,9,1
551W2Cr8YEO,shape-corner,Medium,180.0,exclusion,logic,12,1
551W2CmOYEY,shape-corner,Medium,100.0,exclusion,logic,12,1
551W28q0YFR,shape-corner,Medium,100.0,exclusion,logic,12,1
551W28r4p94,shape-corner,Medium,145.0,region_confined,logic,14,1
551W28bGYDq,shape-corner,Medium,100.0,exclusion,logic,10,1
551W2Cs8pA2,shape-corner,Medium,100.0,exclusion,logic,11,1
551W3CrCYCW,shape-corner,Medium,61.0,region_confined,logic,10,1
551W28v0oB9,shape-corner,Medium,40.0,region_confined,logic,11,1
551W38ceZ88,shape-corner,Medium,140.0,exclusion,logic,13,1
551W28qWZDJ,shape-corner,Medium,82.0,region_confined,logic,11,1
551W28vKZCK,shape-corner,Medium,40.0,region_confined,logic,11,1
551W2Cr8YE9,shape-corner,Medium,61.0,region_confined,logic,9,1
551W28pGYDH,shape-corner,Medium,82.0,region_confined,logic,11,1
551W28s4YCq,shape-corner,Easy,15.5,row_col_last,logic,9,1
551W2CmGYEr,shape-corner,Medium,40.0,region_confined,logic,12,1
551W3CxmYC1,shape-corner,Medium,100.0,exclusion,logic,10,1
551W28fCZEe,shape-corner,Medium,180.0,exclusion,logic,12,1
551W28waY9I,shape-corner,Medium,150.0,undercounting,logic,10,1
551W2CXKp9e,shape-corner,Medium,100.0,exclusion,logic,15,1
551W38Y0pCg,shape-corner,Easy,15.5,row_col_last,logic,10,1
551W28mWoBA,shape-corner,Medium,100.0,exclusion,logic,9,1
551W28pWZDK,shape-corner,Medium,61.0,region_confined,logic,13,1
551W3Cq8YCY,shape-corner,Medium,61.0,region_confined,logic,11,1
551W3Cq0YDJ,shape-corner,Medium,61.0,region_confined,logic,11,1
551W28YKp9K,shape-corner,Medium,100.0,exclusion,logic,10,1
551W2CvWYAX,shape-corner,Medium,150.0,undercounting,logic,14,1
551W28YGpD4,shape-corner,Medium,100.0,exclusion,logic,10,1
551W38WGYEp,shape-corner,Easy,15.5,row_col_last,logic,9,1
551W3Cr4YDG,shape-corner,Medium,40.0,region_confined,logic,10,1
551W28qaZDm,shape-corner,Medium,40.0,region_confined,logic,10,1
551W2CsWZAJ,shape-corner,Medium,180.0,exclusion,logic,14,1
551W28pOYCK,shape-corner,Easy,15.5,row_col_last,logic,10,1
551W38c8YE0,shape-corner,Easy,15.5,row_col_last,logic,7,1
551W28g0ZDL,shape-corner,Medium,150.0,undercounting,logic,13,1
551W2CYGpD8,shape-corner,Medium,100.0,exclusion,logic,12,1
551W2Ca0YDx,shape-corner,Medium,140.0,exclusion,logic,10,1
551W2CoGpCe,shape-corner,Medium,100.0,exclusion,logic,13,1
551W28oGYD6,shape-corner,Easy,15.5,row_col_last,logic,10,1
551W3CY0pCL,shape-corner,Medium,100.0,exclusion,logic,13,1
551W28r0YCs,shape-corner,Easy,15.5,row_col_last,logic,7,1
551W28riZD0,shape-corner,Medium,40.0,region_confined,logic,11,1
551W38fGZ8f,shape-corner,Easy,15.5,row_col_last,logic,10,1
551W2CcGYE4,shape-corner,Easy,15.5,row_col_last,logic,9,1
551W28uWY9Y,shape-corner,Easy,15.5,row_col_last,logic,9,1
551W3CxqYC0,shape-corner,Medium,100.0,exclusion,logic,9,1
551W2CbCYEa,shape-corner,Medium,180.0,exclusion,logic,12,1
551W3CpGp8I,shape-corner,Medium,100.0,exclusion,logic,13,1
551W38fWY8f,shape-corner,Easy,15.5,row_col_last,logic,10,1
551W1y9PfIM,shape-heart,Medium,40.0,region_confined,logic,11,1
551W0y9PfIU,shape-heart,Easy,15.5,row_col_last,logic,10,1
551W8g80F-x,shape-L,Medium,100.0,exclusion,logic,14,1
551WAwe0BSp,shape-L,Hard,540.0,finned_counts,logic,13,1
551WAcP05NL,shape-L,Medium,40.0,region_confined,logic,12,1
551W8hk09sP,shape-L,Medium,100.0,exclusion,logic,12,1
551WBs807it,shape-L,Medium,140.0,exclusion,logic,16,1
551W9cg0BlH,shape-L,Medium,100.0,exclusion,logic,12,1
551WBcP05NH,shape-L,Easy,15.5,row_col_last,logic,11,1
551W9cw05Kr,shape-L,Medium,40.0,region_confined,logic,8,1
551WChg05jL,shape-L,Hard,540.0,finned_counts,logic,15,1
551WAsP05cP,shape-L,Medium,40.0,region_confined,logic,12,1
551WCp903Tr,shape-L,Medium,100.0,exclusion,logic,11,1
551WBke0BiL,shape-L,Medium,61.0,region_confined,logic,13,1
551W9ce07Tp,shape-L,Medium,100.0,exclusion,logic,12,1
551WEx803LL,shape-L,Medium,100.0,exclusion,logic,9,1
551WCp905kv,shape-L,Medium,61.0,region_confined,logic,12,1
551WDgg03kH,shape-L,Medium,100.0,exclusion,logic,10,1
551W8YS09k_,shape-L,Easy,15.5,row_col_last,logic,9,1
551WBsO05cJ,shape-L,Easy,15.5,row_col_last,logic,8,1
551WAgP05NP,shape-L,Medium,40.0,region_confined,logic,14,1
551WDtQ05Cn,shape-L,Medium,61.0,region_confined,logic,11,1
551WAkg05KT,shape-L,Easy,15.5,row_col_last,logic,11,1
551WAlg03LP,shape-L,Hard,540.0,finned_counts,logic,15,1
551W9gj05Un,shape-L,Medium,100.0,exclusion,logic,10,1
551W8k90Fzv,shape-L,Medium,100.0,exclusion,logic,14,1
551W8dC05LT,shape-L,Medium,40.0,region_confined,logic,10,1
551WAky05SR,shape-L,Medium,150.0,undercounting,logic,14,1
551WAdR05EL,shape-L,Medium,100.0,exclusion,logic,11,1
551WE_O03KR,shape-L,Medium,82.0,region_confined,logic,12,1
551WAlP03MP,shape-L,Medium,61.0,region_confined,logic,13,1
551W9wP0DNH,shape-L,Easy,15.5,row_col_last,logic,10,1
551W8oA0FkP,shape-L,Easy,15.5,row_col_last,logic,7,1
551W9kA0FzH,shape-L,Medium,82.0,region_confined,logic,10,1
551WA_A03jP,shape-L,Medium,140.0,exclusion,logic,13,1
551W8pk09sP,shape-L,Medium,100.0,exclusion,logic,12,1
551WApk01jL,shape-L,Easy,15.5,row_col_last,logic,9,1
551WAty09FJ,shape-L,Medium,140.0,exclusion,logic,17,1
551W8hB05Uv,shape-L,Easy,15.5,row_col_last,logic,6,1
551WAdT05En,shape-L,Medium,40.0,region_confined,logic,9,1
551WBlz05CH,shape-L,Medium,82.0,region_confined,logic,14,1
551WApV01iL,shape-L,Easy,15.5,row_col_last,logic,9,1
551WAhO03LN,shape-L,Easy,15.5,row_col_last,logic,11,1
551WAtC05cL,shape-L,Medium,40.0,region_confined,logic,10,1
551W9-807jt,shape-L,Medium,140.0,exclusion,logic,16,1
551W8gi09lT,shape-L,Hard,540.0,finned_counts,logic,13,1
551WAdC05NL,shape-L,Medium,140.0,exclusion,logic,13,1
551WAgA07TL,shape-L,Medium,100.0,exclusion,logic,13,1
551W9cT05Tn,shape-L,Medium,100.0,exclusion,logic,9,1
551WAtO0BNJ,shape-L,Medium,140.0,exclusion,logic,12,1
551WAcw09dJ,shape-L,Medium,100.0,exclusion,logic,13,1
551WDkw01bJ,shape-L,Medium,61.0,region_confined,logic,10,1
551WAhv05DL,shape-L,Medium,140.0,exclusion,logic,11,1
551W8cg0DtP,shape-L,Hard,540.0,finned_counts,logic,15,1
551WCcA07_L,shape-L,Medium,100.0,exclusion,logic,13,1
551WAhj05Kn,shape-L,Medium,40.0,region_confined,logic,9,1
551W9dC05LL,shape-L,Medium,100.0,exclusion,logic,12,1
551WAwA0FDL,shape-L,Easy,15.5,row_col_last,logic,7,1
551WCxf05Ev,shape-L,Medium,100.0,exclusion,logic,11,1
551W8hA05VT,shape-L,Medium,140.0,exclusion,logic,11,1
551WChT01rL,shape-L,Hard,540.0,finned_counts,logic,14,1
551W9cx05LH,shape-L,Medium,100.0,exclusion,logic,12,1
551WCtg01Dx,shape-L,Medium,100.0,exclusion,logic,11,1
551W8tA0BLx,shape-L,Medium,100.0,exclusion,logic,12,1
551WAgg05MP,shape-L,Medium,100.0,exclusion,logic,12,1
551WAZC0Dip,shape-L,Medium,40.0,region_confined,logic,12,1
551WAkz01EL,shape-L,Medium,40.0,region_confined,logic,8,1
551WCx905jr,shape-L,Medium,100.0,exclusion,logic,11,1
551WAZP03NT,shape-L,Medium,40.0,region_confined,logic,13,1
551WE_-016J,shape-L,Hard,540.0,finned_counts,logic,18,1
551WAwP05bL,shape-L,Hard,540.0,finned_counts,logic,12,1
551W8hz05FP,shape-L,Medium,100.0,exclusion,logic,11,1
551W9cD05Tr,shape-L,Medium,100.0,exclusion,logic,9,1
551WAh905Tr,shape-L,Hard,540.0,finned_counts,logic,16,1
551W8cR0BkP,shape-L,Medium,100.0,exclusion,logic,14,1
551WAwu07jJ,shape-L,Hard,540.0,finned_counts,logic,13,1
551WBkf03Dn,shape-L,Medium,100.0,exclusion,logic,12,1
551WA-v07iP,shape-L,Medium,145.0,region_confined,logic,14,1
551W8gi05Ux,shape-L,Hard,540.0,finned_counts,logic,13,1
551WEZA05zL,shape-L,Easy,15.5,row_col_last,logic,11,1
551WAgv05Kr,shape-L,Hard,540.0,finned_counts,logic,13,1
551W8gg05Mx,shape-L,Hard,540.0,finned_counts,logic,12,1
551W9Yi09lt,shape-L,Medium,100.0,exclusion,logic,10,1
551W9hg05FL,shape-L,Hard,540.0,finned_counts,logic,16,1
551W8og0DsP,shape-L,Easy,15.5,row_col_last,logic,7,1
551WAtS09NJ,shape-L,Medium,140.0,exclusion,logic,16,1
551WBk_01CH,shape-L,Medium,61.0,region_confined,logic,10,1
551WAkg09aT,shape-L,Easy,15.5,row_col_last,logic,11,1
551WCxT01bL,shape-L,Hard,540.0,finned_counts,logic,15,1
551W9tA0B4t,shape-L,Medium,40.0,region_confined,logic,11,1
551WEoA07EP,shape-L,Medium,40.0,region_confined,logic,9,1
551WDcQ01cp,shape-L,Medium,40.0,region_confined,logic,10,1
551W9xg0BEH,shape-L,Medium,40.0,region_confined,logic,8,1
551W8sR0BTP,shape-L,Medium,100.0,exclusion,logic,8,1
551W9wQ05dr,shape-L,Hard,540.0,finned_counts,logic,17,1
551W9cA05Lt,shape-L,Medium,40.0,region_confined,logic,8,1
551WAcT01Er,shape-L,Medium,40.0,region_confined,logic,8,1
551W9cw05LJ,shape-L,Medium,100.0,exclusion,logic,12,1
551WApC01zt,shape-L,Medium,140.0,exclusion,logic,14,1
551W8gg05NT,shape-L,Hard,540.0,finned_counts,logic,12,1
551W8g90Blz,shape-L,Medium,100.0,exclusion,logic,14,1
551W9kP0DrH,shape-L,Medium,100.0,exclusion,logic,16,1
551W8hT05NP,shape-L,Medium,100.0,exclusion,logic,11,1
551W8oT09Tr,shape-L,Medium,40.0,region_confined,logic,11,1
551WAxj09Kn,shape-L,Medium,61.0,region_confined,logic,11,1
551WAkw03CR,shape-L,Medium,100.0,exclusion,logic,12,1
551W8oP0DLL,shape-L,Medium,40.0,region_confined,logic,11,1
551WEoO056V,shape-L,Easy,15.5,row_col_last,logic,11,1
551WAce07VL,shape-L,Medium,140.0,exclusion,logic,12,1
551WF_y01CJ,shape-L,Medium,82.0,region_confined,logic,14,1
551W8Yv0BlT,shape-L,Medium,100.0,exclusion,logic,14,1
551WAtT01cP,shape-L,Medium,61.0,region_confined,logic,14,1
551WExS01Dr,shape-L,Medium,180.0,exclusion,logic,16,1
551WAlC01Tx,shape-L,Medium,140.0,exclusion,logic,15,1
551WAcg05Mt,shape-L,Medium,140.0,exclusion,logic,12,1
551WCcT01kr,shape-L,Medium,40.0,region_confined,logic,10,1
551WAxf0BKn,shape-L,Medium,40.0,region_confined,logic,11,1
551WAYw05Mz,shape-L,Medium,140.0,exclusion,logic,13,1
551W9ly0Dar,shape-L,Medium,100.0,exclusion,logic,11,1
551WAlf03Mr,shape-L,Medium,150.0,undercounting,logic,16,1
551WBkv03DH,shape-L,Medium,100.0,exclusion,logic,12,1
551WB-y09SJ,shape-L,Medium,166.0,region_confined,logic,16,1
551WAxC09LL,shape-L,Medium,100.0,exclusion,logic,12,1
551WBge05Mp,shape-L,Easy,15.5,row_col_last,logic,8,1
551WCpg03LL,shape-L,Hard,540.0,finned_counts,logic,12,1
551WAce0BlL,shape-L,Medium,61.0,region_confined,logic,13,1
551W8pU09tv,shape-L,Medium,180.0,exclusion,logic,12,1
551WAgf05Mv,shape-L,Medium,100.0,exclusion,logic,14,1
551WEpC01Ex,shape-L,Medium,100.0,exclusion,logic,12,1
551WAlU01SR,shape-L,Medium,40.0,region_confined,logic,10,1
551WAwi05ip,shape-L,Hard,540.0,finned_counts,logic,13,1
551WFsQ056n,shape-L,Easy,15.5,row_col_last,logic,11,1
551W8dR05TP,shape-L,Medium,140.0,exclusion,logic,11,1
551W9hS05NJ,shape-L,Medium,140.0,exclusion,logic,13,1
551WChA03zL,shape-L,Medium,100.0,exclusion,logic,13,1
551W9g80F-p,shape-L,Medium,100.0,exclusion,logic,11,1
551WAhC05Sp,shape-L,Medium,40.0,region_confined,logic,12,1
551WDcw01dJ,shape-L,Medium,40.0,region_confined,logic,11,1
551WChk01rL,shape-L,Hard,540.0,finned_counts,logic,12,1
551WAhP03Sr,shape-L,Medium,61.0,region_confined,logic,11,1
551WDsh01Ln,shape-L,Medium,61.0,region_confined,logic,10,1
551W8gP0DtP,shape-L,Medium,100.0,exclusion,logic,15,1
551W9cu07Sr,shape-L,Medium,100.0,exclusion,logic,12,1
551W9tk09dH,shape-L,Medium,100.0,exclusion,logic,15,1
551WAhD05Sn,shape-L,Medium,40.0,region_confined,logic,9,1
551WAx80BSp,shape-L,Medium,100.0,exclusion,logic,10,1
551WBkz01Cn,shape-L,Medium,61.0,region_confined,logic,12,1
551WBgE05UH,shape-L,Easy,15.5,row_col_last,logic,7,1
551WAxQ09Sr,shape-L,Hard,540.0,finned_counts,logic,17,1
551W8Yu0BlV,shape-L,Medium,61.0,region_confined,logic,12,1
551WCsf05Lv,shape-L,Hard,540.0,finned_counts,logic,15,1
551WEpg03MP,shape-L,Medium,100.0,exclusion,logic,10,1
551W8cQ05Lx,shape-L,Medium,40.0,region_confined,logic,11,1
551WAh805Ux,shape-L,Medium,82.0,region_confined,logic,14,1
551WB-g09KL,shape-L,Medium,100.0,exclusion,logic,15,1
551W8cS05Tx,shape-L,Medium,61.0,region_confined,logic,13,1
551WEwP055L,shape-L,Hard,540.0,finned_counts,logic,12,1
551WCsg01Lx,shape-L,Medium,100.0,exclusion,logic,12,1
551WChE01zL,shape-L,Easy,15.5,row_col_last,logic,9,1
551WBYU01Er,shape-L,Easy,15.5,row_col_last,logic,7,1
551W9wg09NL,shape-L,Hard,540.0,finned_counts,logic,17,1
551WAh807Dt,shape-L,Easy,15.5,row_col_last,logic,9,1
551WAwA07jL,shape-L,Medium,140.0,exclusion,logic,12,1
551W9tx0BKH,shape-L,Medium,100.0,exclusion,logic,13,1
551WAwg09Kp,shape-L,Hard,540.0,finned_counts,logic,14,1
551WAhB05Sn,shape-L,Easy,15.5,row_col_last,logic,7,1
551W8cQ0Bkv,shape-L,Medium,100.0,exclusion,logic,14,1
551WAxf07an,shape-L,Easy,15.5,row_col_last,logic,7,1
551WAxg0B4p,shape-L,Medium,100.0,exclusion,logic,10,1
551W8cg05LT,shape-L,Easy,15.5,row_col_last,logic,11,1
551WAcx05Mn,shape-L,Easy,15.5,row_col_last,logic,7,1
551WCwe05Mx,shape-L,Medium,100.0,exclusion,logic,13,1
551W9ow05sr,shape-L,Hard,540.0,finned_counts,logic,17,1
551WA_S09MJ,shape-L,Medium,100.0,exclusion,logic,12,1
551WAke03Et,shape-L,Medium,140.0,exclusion,logic,13,1
551W8hP07NP,shape-L,Easy,15.5,row_col_last,logic,7,1
551WA-x05cH,shape-L,Hard,540.0,finned_counts,logic,16,1
551WApS09ir,shape-L,Medium,100.0,exclusion,logic,13,1
551WCxA05UP,shape-L,Medium,40.0,region_confined,logic,9,1
551WDxf05En,shape-L,Medium,100.0,exclusion,logic,13,1
551W9kw09ap,shape-L,Medium,61.0,region_confined,logic,13,1
551WAhg03LL,shape-L,Hard,540.0,finned_counts,logic,14,1
551W9hi05Mp,shape-L,Medium,100.0,exclusion,logic,13,1
551WAlg076L,shape-L,Easy,15.5,row_col_last,logic,9,1
551WAcS09kr,shape-L,Medium,40.0,region_confined,logic,12,1
551WAgf0Bin,shape-L,Medium,100.0,exclusion,logic,14,1
551WAgi01Ex,shape-L,Medium,100.0,exclusion,logic,13,1
551WF_803KL,shape-L,Medium,82.0,region_confined,logic,12,1
551WAsQ05az,shape-L,Easy,15.5,row_col_last,logic,11,1
551WAgT05Tn,shape-L,Medium,100.0,exclusion,logic,10,1
551W9wk09UH,shape-L,Easy,15.5,row_col_last,logic,7,1
551W8pk09LL,shape-L,Medium,100.0,exclusion,logic,10,1
551WAsP0BVn,shape-L,Medium,180.0,exclusion,logic,15,1
551W8oe0DLt,shape-L,Medium,61.0,region_confined,logic,10,1
551W9cO0DtJ,shape-L,Medium,61.0,region_confined,logic,13,1
551WA_C09ML,shape-L,Medium,100.0,exclusion,logic,12,1
551WChg05kP,shape-L,Medium,140.0,exclusion,logic,13,1
551WEhO07bJ,shape-L,Easy,15.5,row_col_last,logic,6,1
551WAdu07FJ,shape-L,Medium,100.0,exclusion,logic,9,1
551WAgg03DL,shape-L,Medium,100.0,exclusion,logic,12,1
551W8wg0DMP,shape-L,Easy,15.5,row_col_last,logic,7,1
551WBkQ05Mn,shape-L,Easy,15.5,row_col_last,logic,11,1
551WAhU01Lr,shape-L,Hard,540.0,finned_counts,logic,14,1
551W8wh05cv,shape-L,Easy,15.5,row_col_last,logic,10,1
551WAhS01St,shape-L,Easy,15.5,row_col_last,logic,7,1
551WAww09LJ,shape-L,Hard,540.0,finned_counts,logic,16,1
551WAhT05LH,shape-L,Medium,82.0,region_confined,logic,11,1
551WAxQ05jJ,shape-L,Hard,540.0,finned_counts,logic,15,1
551WDtg03dH,shape-L,Medium,100.0,exclusion,logic,8,1
551WD-v05an,shape-L,Hard,540.0,finned_counts,logic,14,1
551WAwj09Sn,shape-L,Medium,100.0,exclusion,logic,13,1
551W8lT09sL,shape-L,Medium,140.0,exclusion,logic,16,1
551WAkv05Kv,shape-L,Hard,540.0,finned_counts,logic,14,1
551W9hC05NL,shape-L,Medium,140.0,exclusion,logic,13,1
551WAsO05rR,shape-L,Medium,100.0,exclusion,logic,13,1
551WD_Q03Mn,shape-L,Medium,140.0,exclusion,logic,12,1
551WAgx05LH,shape-L,Medium,100.0,exclusion,logic,12,1
551WAhi05Kp,shape-L,Medium,40.0,region_confined,logic,12,1
551WCl803-t,shape-L,Medium,180.0,exclusion,logic,16,1
551W9pA0BkH,shape-L,Medium,40.0,region_confined,logic,8,1
551WAYQ0Drr,shape-L,Hard,540.0,finned_counts,logic,13,1
551WCsR07CP,shape-L,Medium,40.0,region_confined,logic,11,1
551W8gg09dT,shape-L,Hard,540.0,finned_counts,logic,12,1
551WCgg03jL,shape-L,Medium,100.0,exclusion,logic,12,1
551WChy05cz,shape-L,Medium,140.0,exclusion,logic,13,1
551W8kx09av,shape-L,Easy,15.5,row_col_last,logic,10,1
551W8d90D_r,shape-L,Hard,500.0,finned_counts,logic,17,1
551WAkz01Cv,shape-L,Medium,61.0,region_confined,logic,12,1
551W9cA09ct,shape-L,Medium,40.0,region_confined,logic,12,1
551W9gg0BkH,shape-L,Medium,100.0,exclusion,logic,11,1
551WD_E01jH,shape-L,Medium,61.0,region_confined,logic,10,1
551W9sP07kn,shape-L,Medium,180.0,exclusion,logic,17,1
551WA_P03bP,shape-L,Hard,540.0,finned_counts,logic,13,1
551WClA03zP,shape-L,Medium,140.0,exclusion,logic,15,1
551WAce0Blp,shape-L,Medium,140.0,exclusion,logic,14,1
551WAhR03SL,shape-L,Medium,40.0,region_confined,logic,11,1
551WAgx05KL,shape-L,Hard,540.0,finned_counts,logic,13,1
551WBlv05Cn,shape-L,Hard,500.0,finned_counts,logic,16,1
551WAcQ09cp,shape-L,Medium,40.0,region_confined,logic,12,1
551WA-g09ML,shape-L,Hard,540.0,finned_counts,logic,16,1
551WAx903jr,shape-L,Medium,180.0,exclusion,logic,13,1
551W8gv0BjL,shape-L,Medium,100.0,exclusion,logic,14,1
551WDd807cL,shape-L,Medium,40.0,region_confined,logic,10,1
551W8gy09kz,shape-L,Hard,540.0,finned_counts,logic,15,1
551WDsP07Cn,shape-L,Medium,100.0,exclusion,logic,11,1
551WAoQ09rr,shape-L,Hard,540.0,finned_counts,logic,13,1
551WBkg05KL,shape-L,Medium,100.0,exclusion,logic,13,1
551WDkw03in,shape-L,Medium,140.0,exclusion,logic,15,1
551WBcS01Ep,shape-L,Easy,15.5,row_col_last,logic,9,1
551W8di05Lx,shape-L,Medium,100.0,exclusion,logic,13,1
551W8wP0DdP,shape-L,Medium,40.0,region_confined,logic,11,1
551W9gg0DsH,shape-L,Medium,100.0,exclusion,logic,14,1
551WBlD01Tn,shape-L,Medium,61.0,region_confined,logic,11,1
551WBt807aL,shape-L,Easy,15.5,row_col_last,logic,9,1
551WAlP03LP,shape-L,Hard,540.0,finned_counts,logic,13,1
551W9kw05MJ,shape-L,Medium,140.0,exclusion,logic,13,1
551WCdU01tr,shape-L,Medium,140.0,exclusion,logic,16,1
551WCoP03Tr,shape-L,Medium,61.0,region_confined,logic,12,1
551W8ow0BSr,shape-L,Medium,40.0,region_confined,logic,8,1
551WAxE09Kp,shape-L,Medium,100.0,exclusion,logic,10,1
551WAci05Ut,shape-L,Medium,140.0,exclusion,logic,12,1
551WAo-01yr,shape-L,Easy,15.5,row_col_last,logic,9,1
551W8cO0Bkt,shape-L,Medium,61.0,region_confined,logic,12,1
551WDtR05CH,shape-L,Medium,61.0,region_confined,logic,11,1
551WBsP05rH,shape-L,Hard,540.0,finned_counts,logic,13,1
551WD-P05MH,shape-L,Medium,100.0,exclusion,logic,13,1
551WF_C01KL,shape-L,Medium,82.0,region_confined,logic,13,1
551WDkg01bL,shape-L,Medium,40.0,region_confined,logic,13,1
551WCsg07DP,shape-L,Medium,40.0,region_confined,logic,11,1
551W9cj05Sr,shape-L,Medium,100.0,exclusion,logic,12,1
551WBkv05Kn,shape-L,Hard,500.0,finned_counts,logic,16,1
551WCce03lt,shape-L,Medium,100.0,exclusion,logic,12,1
551WCok01TL,shape-L,Easy,15.5,row_col_last,logic,9,1
551W8tU09Cv,shape-L,Easy,15.5,row_col_last,logic,7,1
551W9cQ09cp,shape-L,Medium,61.0,region_confined,logic,13,1
551WBkz01EH,shape-L,Easy,15.5,row_col_last,logic,10,1
551WC-e05ct,shape-L,Medium,140.0,exclusion,logic,13,1
551WAcC09kt,shape-L,Medium,40.0,region_confined,logic,12,1
551WBkz01DH,shape-L,Medium,61.0,region_confined,logic,11,1
551WCoQ01tz,shape-L,Medium,150.0,undercounting,logic,12,1
551WDlA01zp,shape-L,Medium,140.0,exclusion,logic,13,1
551W8cg05Lx,shape-L,Medium,40.0,region_confined,logic,11,1
551W9lS05MJ,shape-L,Medium,100.0,exclusion,logic,12,1
551WCx_017P,shape-L,Medium,100.0,exclusion,logic,11,1
551WApR05iL,shape-L,Medium,140.0,exclusion,logic,13,1
551WCoS01Tt,shape-L,Easy,15.5,row_col_last,logic,9,1
551W9_80BbL,shape-L,Medium,100.0,exclusion,logic,10,1
551WAcu07Up,shape-L,Medium,140.0,exclusion,logic,12,1
551WAlC05ML,shape-L,Medium,100.0,exclusion,logic,12,1
551WCtU014x,shape-L,Medium,40.0,region_confined,logic,11,1
551W8kx05MP,shape-L,Medium,150.0,undercounting,logic,11,1
551WCtk01LP,shape-L,Hard,540.0,finned_counts,logic,13,1
551W8dP07LP,shape-L,Easy,15.5,row_col_last,logic,7,1
551W9wQ05dp,shape-L,Hard,540.0,finned_counts,logic,15,1
551WDs903Tr,shape-L,Medium,145.0,region_confined,logic,15,1
551W9ZD0Dkn,shape-L,Medium,40.0,region_confined,logic,9,1
551W8gC0Dzt,shape-L,Medium,100.0,exclusion,logic,13,1
551W8oe0BTt,shape-L,Medium,61.0,region_confined,logic,11,1
551WFd803rL,shape-L,Easy,15.5,row_col_last,logic,7,1
551W8kv0Dqv,shape-L,Medium,100.0,exclusion,logic,13,1
551WAhu05Ct,shape-L,Easy,15.5,row_col_last,logic,11,1
551WAd807Vp,shape-L,Medium,100.0,exclusion,logic,9,1
551WAoe07zL,shape-L,Hard,540.0,finned_counts,logic,12,1
551WBdO0BrJ,shape-L,Medium,100.0,exclusion,logic,9,1
551W8cg0DtL,shape-L,Hard,540.0,finned_counts,logic,15,1
551W9hg0BsH,shape-L,Medium,140.0,exclusion,logic,14,1
551WDkP05rH,shape-L,Hard,540.0,finned_counts,logic,13,1
551WAcP05NP,shape-L,Medium,61.0,region_confined,logic,14,1
551WCtC01kt,shape-L,Medium,180.0,exclusion,logic,16,1
551WAtQ09Ep,shape-L,Medium,100.0,exclusion,logic,12,1
551WAkg05LP,shape-L,Hard,540.0,finned_counts,logic,16,1
551WCpU01Cr,shape-L,Easy,15.5,row_col_last,logic,9,1
551WAwT05jn,shape-L,Medium,100.0,exclusion,logic,11,1
551WBcw09bJ,shape-L,Medium,100.0,exclusion,logic,13,1
551WAlA03UL,shape-L,Medium,140.0,exclusion,logic,14,1
551WAxe0BDL,shape-L,Medium,100.0,exclusion,logic,10,1
551WBsg05rH,shape-L,Hard,540.0,finned_counts,logic,13,1
551WAke05Mt,shape-L,Medium,140.0,exclusion,logic,13,1
551WAd807NL,shape-L,Medium,100.0,exclusion,logic,9,1
551WDog01sp,shape-L,Medium,100.0,exclusion,logic,12,1
551WAhv03Kr,shape-L,Hard,540.0,finned_counts,logic,14,1
551W8_807bT,shape-L,Easy,15.5,row_col_last,logic,7,1
551W9x-096r,shape-L,Hard,500.0,finned_counts,logic,18,1
551WAdO07Ep,shape-L,Medium,100.0,exclusion,logic,9,1
551W8gO0DtR,shape-L,Medium,61.0,region_confined,logic,12,1
551W8xA0BjL,shape-L,Medium,40.0,region_confined,logic,8,1
551WCwg05MP,shape-L,Medium,40.0,region_confined,logic,10,1
551W9wf0Dcn,shape-L,Easy,15.5,row_col_last,logic,10,1
551W8xT09bL,shape-L,Medium,100.0,exclusion,logic,15,1
551WBxk01cH,shape-L,Medium,61.0,region_confined,logic,13,1
551WAZk0DbL,shape-L,Medium,40.0,region_confined,logic,11,1
551WAgS09jp,shape-L,Hard,540.0,finned_counts,logic,14,1
551WAkS01Dx,shape-L,Medium,40.0,region_confined,logic,11,1
551WAci09lL,shape-L,Medium,40.0,region_confined,logic,12,1
551W9he07FL,shape-L,Medium,40.0,region_confined,logic,10,1
551WC_U01Mv,shape-L,Medium,180.0,exclusion,logic,16,1
551W9oe0Ddt,shape-L,Easy,15.5,row_col_last,logic,10,1
551WBsO05rJ,shape-L,Medium,140.0,exclusion,logic,14,1
551WCxC01jt,shape-L,Medium,140.0,exclusion,logic,15,1
551W8ok09TL,shape-L,Easy,15.5,row_col_last,logic,7,1
551WAcP07Vn,shape-L,Medium,140.0,exclusion,logic,14,1
551W9xA05lL,shape-L,Hard,540.0,finned_counts,logic,17,1
551W9ke0BkL,shape-L,Medium,61.0,region_confined,logic,14,1
551WA_j095v,shape-L,Hard,500.0,finned_counts,logic,17,1
551WB_D01jn,shape-L,Medium,61.0,region_confined,logic,11,1
551WFwe056p,shape-L,Easy,15.5,row_col_last,logic,8,1
551WAhE05Kp,shape-L,Medium,40.0,region_confined,logic,12,1
551W9Z80FtL,shape-L,Medium,40.0,region_confined,logic,10,1
551WEwg01Kp,shape-L,Medium,100.0,exclusion,logic,10,1
551WDsw01LJ,shape-L,Medium,82.0,region_confined,logic,14,1
551WChS01rN,shape-L,Easy,15.5,row_col_last,logic,9,1
551WCoP05LL,shape-L,Hard,540.0,finned_counts,logic,12,1
551WCgg01dT,shape-L,Medium,100.0,exclusion,logic,13,1
551WAhQ05FR,shape-L,Medium,100.0,exclusion,logic,13,1
551W8oO0BTt,shape-L,Easy,15.5,row_col_last,logic,11,1
551WCsg05LP,shape-L,Hard,540.0,finned_counts,logic,14,1
551W9kP0DsH,shape-L,Medium,100.0,exclusion,logic,16,1
551WDtQ01Cp,shape-L,Medium,61.0,region_confined,logic,12,1
551WAhO07LJ,shape-L,Easy,15.5,row_col_last,logic,9,1
551W9xE09UH,shape-L,Easy,15.5,row_col_last,logic,7,1
551W8-P0DMP,shape-L,Medium,40.0,region_confined,logic,11,1
551WA__01aP,shape-L,Hard,540.0,finned_counts,logic,15,1
551WBlU01Ln,shape-L,Hard,540.0,finned_counts,logic,14,1
551W9hA05Up,shape-L,Medium,40.0,region_confined,logic,11,1
551WAgP07Sr,shape-L,Medium,61.0,region_confined,logic,11,1
551W8gg0BkP,shape-L,Medium,100.0,exclusion,logic,12,1
551W8wi05lT,shape-L,Hard,540.0,finned_counts,logic,13,1
551WBhg05EH,shape-L,Medium,100.0,exclusion,logic,11,1
551WCou07DN,shape-L,Medium,40.0,region_confined,logic,10,1
551WEti017x,shape-L,Medium,145.0,region_confined,logic,15,1
551WDtQ03Cn,shape-L,Medium,61.0,region_confined,logic,12,1
551W8hS05NR,shape-L,Medium,140.0,exclusion,logic,14,1
551WAgw09ar,shape-L,Hard,540.0,finned_counts,logic,13,1
551WCsO05cN,shape-L,Medium,40.0,region_confined,logic,13,1
551W9lk056L,shape-L,Medium,82.0,region_confined,logic,13,1
551W8hS09yt,shape-L,Easy,15.5,row_col_last,logic,9,1
551WAkO05MR,shape-L,Medium,40.0,region_confined,logic,13,1
551W8-x09MP,shape-L,Medium,150.0,undercounting,logic,12,1
551WDoA07kH,shape-L,Medium,40.0,region_confined,logic,11,1
551WAwR09Ln,shape-L,Medium,40.0,region_confined,logic,10,1
551W8s90FTv,shape-L,Medium,40.0,region_confined,logic,10,1
551W9gQ05Nr,shape-L,Hard,540.0,finned_counts,logic,16,1
551WCwP05NP,shape-L,Medium,100.0,exclusion,logic,14,1
551WAge03Dt,shape-L,Medium,100.0,exclusion,logic,12,1
551W8si09TT,shape-L,Medium,40.0,region_confined,logic,12,1
551WCYg03lT,shape-L,Medium,82.0,region_confined,logic,11,1
551WAkT05Un,shape-L,Medium,180.0,exclusion,logic,10,1
551W8oA09t_,shape-L,Hard,540.0,finned_counts,logic,14,1
551WCch01dv,shape-L,Easy,15.5,row_col_last,logic,10,1
551WAhw03Kr,shape-L,Hard,540.0,finned_counts,logic,15,1
551WAwg05ap,shape-L,Hard,540.0,finned_counts,logic,14,1
551WDtC01cL,shape-L,Medium,40.0,region_confined,logic,11,1
551W8pP0BLL,shape-L,Medium,100.0,exclusion,logic,10,1
551W9_C05bL,shape-L,Medium,100.0,exclusion,logic,11,1
551WDgg01dL,shape-L,Medium,100.0,exclusion,logic,13,1
551WAkQ05Mp,shape-L,Medium,140.0,exclusion,logic,12,1
551W9gw05Mr,shape-L,Hard,540.0,finned_counts,logic,16,1
551WDsx01LH,shape-L,Medium,100.0,exclusion,logic,12,1
551WDtC01LL,shape-L,Medium,100.0,exclusion,logic,14,1
551W9kx0BiH,shape-L,Medium,145.0,region_confined,logic,13,1
551W9tk09DH,shape-L,Easy,15.5,row_col_last,logic,7,1
551WDwR03VH,shape-L,Medium,140.0,exclusion,logic,11,1
551WAgf05Lr,shape-L,Hard,540.0,finned_counts,logic,15,1
551W9kO07Up,shape-L,Medium,140.0,exclusion,logic,16,1
551WAcf05Nv,shape-L,Medium,100.0,exclusion,logic,15,1
551WAgA05Lt,shape-L,Hard,540.0,finned_counts,logic,13,1
551WCpi01Lt,shape-L,Medium,100.0,exclusion,logic,13,1
551W8dj05Lv,shape-L,Medium,100.0,exclusion,logic,9,1
551WAhj01Lr,shape-L,Hard,540.0,finned_counts,logic,14,1
551WCsE05TP,shape-L,Medium,40.0,region_confined,logic,10,1
551W8ov0BSr,shape-L,Medium,61.0,region_confined,logic,9,1
551W9cz05TH,shape-L,Medium,140.0,exclusion,logic,13,1
551W9oO0DtJ,shape-L,Easy,15.5,row_col_last,logic,10,1
551WDhA05-H,shape-L,Medium,100.0,exclusion,logic,14,1
551W9wg0DcH,shape-L,Easy,15.5,row_col_last,logic,6,1
551WCx903jr,shape-L,Medium,140.0,exclusion,logic,9,1
551W9dw05DJ,shape-L,Medium,100.0,exclusion,logic,12,1
551WEpC01rL,shape-L,Easy,15.5,row_col_last,logic,11,1
551WBsz01-H,shape-L,Easy,15.5,row_col_last,logic,10,1
551W9-g05bL,shape-L,Medium,140.0,exclusion,logic,11,1
551WAwy05jJ,shape-L,Hard,540.0,finned_counts,logic,16,1
551WCt-015R,shape-L,Medium,100.0,exclusion,logic,14,1
551W9pT09cL,shape-L,Medium,100.0,exclusion,logic,15,1
551WAdP03NL,shape-L,Medium,40.0,region_confined,logic,12,1
551W9pT05tH,shape-L,Medium,100.0,exclusion,logic,14,1
551WCog05sP,shape-L,Medium,40.0,region_confined,logic,10,1
551W9de07Dp,shape-L,Medium,40.0,region_confined,logic,8,1
551WCtx03KP,shape-L,Hard,540.0,finned_counts,logic,13,1
551WBkw05Kn,shape-L,Hard,500.0,finned_counts,logic,16,1
551WDYS01kt,shape-L,Easy,15.5,row_col_last,logic,9,1
551WAoi09yp,shape-L,Hard,540.0,finned_counts,logic,13,1
551WCog05LL,shape-L,Hard,540.0,finned_counts,logic,13,1
551W9c907Tr,shape-L,Medium,140.0,exclusion,logic,15,1
551WAhg05Cp,shape-L,Medium,40.0,region_confined,logic,10,1
551W8cQ0BkR,shape-L,Medium,100.0,exclusion,logic,14,1
551WCsw01Kx,shape-L,Medium,40.0,region_confined,logic,11,1
551WCxy01cz,shape-L,Medium,180.0,exclusion,logic,13,1
551WCsv05Kv,shape-L,Hard,540.0,finned_counts,logic,14,1
551W9pF05cn,shape-L,Easy,15.5,row_col_last,logic,7,1
551W8pA0BkP,shape-L,Medium,40.0,region_confined,logic,8,1
551WEtT016L,shape-L,Medium,61.0,region_confined,logic,13,1
551WApQ05zJ,shape-L,Hard,540.0,finned_counts,logic,16,1
551W8lg0BrP,shape-L,Medium,140.0,exclusion,logic,13,1
551WCgU01lR,shape-L,Medium,40.0,region_confined,logic,8,1
551WDsP05cH,shape-L,Medium,40.0,region_confined,logic,12,1
551WCYj01lz,shape-L,Medium,82.0,region_confined,logic,13,1
551WEgf03in,shape-L,Easy,15.5,row_col_last,logic,9,1
551WCp-01dR,shape-L,Medium,140.0,exclusion,logic,13,1
551WDlC01rL,shape-L,Medium,100.0,exclusion,logic,13,1
551W9sf0FDn,shape-L,Easy,15.5,row_col_last,logic,10,1
551WCgg05rL,shape-L,Hard,540.0,finned_counts,logic,16,1
551WA_g03bP,shape-L,Hard,540.0,finned_counts,logic,16,1
551W9sx09sH,shape-L,Medium,150.0,undercounting,logic,14,1
551WAoO05tR,shape-L,Medium,40.0,region_confined,logic,12,1
551W8sO0DLR,shape-L,Easy,15.5,row_col_last,logic,11,1
551WAhP07Dn,shape-L,Easy,15.5,row_col_last,logic,7,1
551WBlS01LJ,shape-L,Medium,82.0,region_confined,logic,14,1
551WAp80BrL,shape-L,Medium,40.0,region_confined,logic,11,1
551WCow03Sr,shape-L,Medium,40.0,region_confined,logic,11,1
551WCtC01LT,shape-L,Easy,15.5,row_col_last,logic,10,1
551W9lA05UL,shape-L,Medium,140.0,exclusion,logic,13,1
551WAl80BsL,shape-L,Medium,40.0,region_confined,logic,8,1
551WAtS09cJ,shape-L,Medium,61.0,region_confined,logic,11,1
551WCxe05Ex,shape-L,Medium,140.0,exclusion,logic,12,1
551W8Yv0Dsz,shape-L,Medium,150.0,undercounting,logic,16,1
551W8sS0DCx,shape-L,Easy,15.5,row_col_last,logic,11,1
551W8Yi0D-x,shape-L,Hard,540.0,finned_counts,logic,13,1
551WCt803kt,shape-L,Medium,180.0,exclusion,logic,16,1
551WD_F01bn,shape-L,Easy,15.5,row_col_last,logic,11,1
551WAl807ML,shape-L,Easy,15.5,row_col_last,logic,9,1
551WCwe05bt,shape-L,Medium,100.0,exclusion,logic,13,1
551WAh-054r,shape-L,Medium,140.0,exclusion,logic,12,1
551WCcA07_P,shape-L,Medium,82.0,region_confined,logic,13,1
551WAhS09yr,shape-L,Medium,100.0,exclusion,logic,14,1
551WAYv03FT,shape-L,Medium,40.0,region_confined,logic,11,1
551WDxA05UH,shape-L,Medium,40.0,region_confined,logic,11,1
551W8kO0DsR,shape-L,Medium,61.0,region_confined,logic,12,1
551W8sg0BTP,shape-L,Medium,100.0,exclusion,logic,9,1
551WAg90Bjr,shape-L,Medium,100.0,exclusion,logic,14,1
551WB-S09Sr,shape-L,Medium,100.0,exclusion,logic,13,1
551WBtj01jn,shape-L,Medium,140.0,exclusion,logic,15,1
551WEsy01VJ,shape-L,Medium,140.0,exclusion,logic,16,1
551WAwP0BTn,shape-L,Medium,140.0,exclusion,logic,13,1
551WAhT01Sr,shape-L,Medium,40.0,region_confined,logic,11,1
551W8tT05cP,shape-L,Medium,100.0,exclusion,logic,14,1
551WAdQ05Ep,shape-L,Medium,100.0,exclusion,logic,10,1
551WCtU01cr,shape-L,Medium,180.0,exclusion,logic,17,1
551WDxA03UH,shape-L,Medium,61.0,region_confined,logic,12,1
551WBYg03FL,shape-L,Medium,40.0,region_confined,logic,10,1
551WEoQ01rr,shape-L,Easy,15.5,row_col_last,logic,11,1
551WCtA05TP,shape-L,Medium,40.0,region_confined,logic,11,1
551WCpA01_T,shape-L,Medium,150.0,undercounting,logic,13,1
551W9sw09Kp,shape-L,Medium,61.0,region_confined,logic,12,1
551W8Yf0Dtz,shape-L,Hard,500.0,finned_counts,logic,17,1
551WDce03lL,shape-L,Medium,40.0,region_confined,logic,10,1
551W8YA0F_T,shape-L,Medium,82.0,region_confined,logic,14,1
