sbn,size,category,symmetry,size_profile,sizes
771Weefdeo0057FB5P,7,shape-L,none,mixed,1 3 3 8 9 12 13
771Wggirec001Ddx95,7,shape-L,none,mixed,1 2 5 8 8 12 13
771W0UkzEEDeqe0ejW,7,shape-T,none,distinct,2 3 4 6 10 11 13
771W0SSSUljYWY0bYW,7,shape-T,none,mixed,2 2 3 4 12 13 13
771W6666MHO44453RO,7,shape-corner,none,distinct,2 4 5 6 7 9 16
771W0CoXIEg8TJXIC8,7,shape-cross,none,mixed,1 2 3 7 7 13 16
771Woggggj001X9BJH,7,shape-L,none,mixed,2 4 5 7 7 11 13
771W0SSSFiDadZ0YaZ,7,shape-T,none,mixed,1 2 6 6 10 11 13
771WG_oXIC02kIXoUY,7,shape-cross,none,mixed,1 2 6 7 7 13 13
771WiggXfb00DDRv91,7,shape-L,none,mixed,2 3 5 6 10 10 13
771WZZhbco009BJT95,7,shape-L,none,mixed,3 4 4 6 9 10 13
771WWZrjZW00DLPLpZ,7,shape-L,none,mixed,1 4 4 5 11 11 13
771W0CSiCECqya0ZYY,7,shape-T,none,distinct,1 3 5 6 9 12 13
771WYYfamm009DTLLT,7,shape-L,none,mixed,1 4 5 6 10 10 13
771Wabbdaq0057759b,7,shape-L,none,distinct,2 3 4 7 8 12 13
771WXeuoYW00rf99Bh,7,shape-L,none,mixed,1 2 3 4 13 13 13
771WYYphee00JB55L9,7,shape-L,none,mixed,2 2 5 5 9 13 13
771WZj-yqo00nb9hH1,7,shape-L,none,mixed,4 4 4 6 6 12 13
771WnqqZZY00H99fh3,7,shape-L,none,mixed,2 2 2 8 9 13 13
771W4465DPH4467H98,7,shape-corner,none,mixed,1 4 5 7 8 8 16
771W0EFiyCCYek0eme,7,shape-T,none,mixed,1 2 3 8 9 13 13
771W6645KKY55445KO,7,shape-corner,none,mixed,1 4 4 7 8 9 16
771WeehqaX00D99BJB,7,shape-L,none,mixed,1 1 6 7 10 11 13
771Wycceea005bBfHH,7,shape-L,none,mixed,1 2 5 5 10 13 13
771WeuZYca00bLLNH9,7,shape-L,none,mixed,1 3 6 8 9 9 13
771W4466AQg4566I88,7,shape-corner,none,mixed,3 4 4 6 8 8 16
771W556488C6665em0,7,shape-corner,none,mixed,1 2 3 3 6 16 18
771WvvpfaY009PDBH5,7,shape-L,none,mixed,2 3 4 9 9 9 13
771W4456Ci275549CK,7,shape-corner,none,distinct,1 3 5 7 8 9 16
771WbZXocf00957bRH,7,shape-L,none,mixed,2 3 4 6 6 13 15
771W4545HI94455LNe,7,shape-corner,none,mixed,3 5 5 6 7 7 16
771Wbbcggf00DD5DJ1,7,shape-L,none,mixed,2 4 5 5 9 11 13
771W0CCyikieea0ZXX,7,shape-T,none,mixed,1 3 4 7 7 13 14
771W0EECCSCZZX0emm,7,shape-T,none,mixed,2 2 2 3 13 13 14
771W0iCjikCnee0fgc,7,shape-T,none,distinct,1 5 6 7 8 9 13
771Wkigeua00JL3Hff,7,shape-L,none,mixed,2 4 4 5 6 13 15
771W446660I6677BKK,7,shape-corner,none,mixed,2 3 4 4 7 13 16
771W45454ae4777aaO,7,shape-corner,none,distinct,2 3 4 6 7 11 16
771W4456OOK44558CK,7,shape-corner,none,mixed,2 2 3 6 8 12 16
771W4655cM94655YL8,7,shape-corner,none,mixed,4 5 6 6 6 6 16
771W0CCSCECaai0ZYY,7,shape-T,none,mixed,1 1 5 8 9 12 13
771W4654PHG4464aKP,7,shape-corner,none,mixed,1 1 5 6 8 12 16
771W0CCiCEEiaa0XYY,7,shape-T,none,mixed,1 1 4 8 9 13 13
771W0EFDCSSYYX0iam,7,shape-T,none,mixed,1 2 4 5 11 13 13
771WaXYYYe00pppJLb,7,shape-L,none,distinct,2 3 5 6 8 12 13
771WbbjsYa0059P799,7,shape-L,none,mixed,1 3 7 7 9 9 13
771W0TjkiCiZmW0eia,7,shape-T,none,mixed,1 4 4 5 10 12 13
771W4567KLe45455Pc,7,shape-corner,none,mixed,4 5 5 6 6 7 16
771Wngffrr005XD9v3,7,shape-L,none,distinct,1 2 6 7 9 11 13
771WWZnY-Y00DNLJvX,7,shape-L,none,mixed,1 1 6 8 9 11 13
771WeioXJC06EIXoiY,7,shape-cross,none,mixed,2 4 4 5 7 13 14
771Wywgwia00L93b55,7,shape-L,none,mixed,2 5 6 6 8 9 13
771W0CiiCDSmab0ccb,7,shape-T,none,distinct,1 4 5 7 9 10 13
771WaiIXIia1UIXIC4,7,shape-cross,none,mixed,1 5 5 8 8 9 13
771WYqlfvm00bJ9fHJ,7,shape-L,none,mixed,2 3 6 6 7 12 13
771WYZhlgW00nndhb5,7,shape-L,none,mixed,3 3 4 5 7 13 14
771W0DDSSiCbce0eem,7,shape-T,none,mixed,1 3 4 7 8 13 13
771WIEIXojG8FoXIE1,7,shape-cross,none,distinct,1 4 5 7 9 10 13
771W6655iaY44461ma,7,shape-corner,none,distinct,1 2 3 4 9 14 16
771W0SSSUjkWYe0Ybc,7,shape-T,none,mixed,2 3 5 6 10 10 13
771Wbbffru00LHV993,7,shape-L,none,mixed,2 5 6 7 7 9 13
771W6555ea45446a4e,7,shape-corner,none,mixed,1 2 2 8 9 11 16
771W4455Lsm6455HI8,7,shape-corner,none,mixed,2 4 4 7 7 9 16
771Wjkaeue0053PPf9,7,shape-L,none,mixed,2 3 3 6 10 12 13
771WfgbcaY00XXHNfP,7,shape-L,none,distinct,1 2 5 6 7 13 15
771W9CJXIC4CCIXICm,7,shape-cross,none,mixed,1 1 7 8 9 10 13
771Wmaaywi00Xhf755,7,shape-L,none,distinct,1 2 4 5 10 13 14
771W0CoXJT2PDIXJD8,7,shape-cross,none,mixed,1 3 5 5 6 13 16
771WGUoXIEA0SIXoC8,7,shape-cross,none,mixed,1 1 3 7 10 13 14
771W1DpXISIGCJXJCW,7,shape-cross,none,mixed,1 1 3 8 10 13 13
771WXqYkme00Jdfzf9,7,shape-L,none,mixed,1 2 6 6 9 12 13
771WmDIXIEI8ipXISW,7,shape-cross,none,distinct,1 4 6 7 8 10 13
771W8koXIC0YkoXoC4,7,shape-cross,none,mixed,1 3 3 5 9 13 15
771WueglYa00b5LR95,7,shape-L,none,distinct,1 3 6 7 8 11 13
771W0DEySSSaee0eue,7,shape-T,none,mixed,3 3 4 7 7 12 13
771W0TTFFECeee0fYW,7,shape-T,none,distinct,2 3 4 6 9 12 13
771W4SIXoCKZjIXIC4,7,shape-cross,none,mixed,2 5 6 6 8 9 13
771W0jUkUDEeqg0epW,7,shape-T,none,mixed,3 3 5 6 9 10 13
771W0jDDDFSWmn0YXY,7,shape-T,none,distinct,1 2 4 5 9 13 15
771W5kJXJCWGjpXIiI,7,shape-cross,none,mixed,3 3 4 5 10 11 13
771W5576aGG5744M2A,7,shape-corner,none,mixed,2 2 3 3 10 13 16
771W0UliCiCcnX0eme,7,shape-T,none,mixed,2 3 4 4 10 13 13
771W0DDCUEUYYb0ieW,7,shape-T,none,mixed,1 3 4 6 11 11 13
771W0j-EDEFeWu0WsX,7,shape-T,none,mixed,1 1 2 8 9 13 15
771W67468A05556Q5r,7,shape-corner,none,distinct,1 2 6 7 8 9 16
771W0CDFCSCZZX0aeq,7,shape-T,none,mixed,2 2 3 6 10 13 13
771W0EDCiiEbYY0evX,7,shape-T,none,mixed,2 2 3 5 11 13 13
771W0iSVSCCmmY0iea,7,shape-T,none,mixed,1 1 5 7 10 12 13
771W4655FGG4475ZLJ,7,shape-corner,none,mixed,3 5 5 6 7 7 16
771WmWnpjY00pNJLRH,7,shape-L,none,distinct,1 4 5 7 8 11 13
771WaicajY0033rBJL,7,shape-L,none,mixed,1 3 5 7 7 13 13
771W4SoXJjWGEoXIC9,7,shape-cross,none,distinct,1 3 6 7 8 11 13
771WosYYmc005JJn77,7,shape-L,none,distinct,1 2 4 5 8 13 16
771Wmaifiq00bdnDD9,7,shape-L,none,mixed,1 3 7 7 7 11 13
771WegYsXW00LTD5rp,7,shape-L,none,mixed,2 2 4 5 11 12 13
771WecgedX00rrrZD9,7,shape-L,none,distinct,2 3 4 8 9 10 13
771WWgWadY00PPvtbZ,7,shape-L,none,distinct,1 2 3 8 10 12 13
771WGTJXJD80CIXpjO,7,shape-cross,none,mixed,1 3 3 7 7 13 15
771W1DIXIjW6DJXIUH,7,shape-cross,none,mixed,2 2 4 6 8 13 14
771W4EIXpj81CIXIib,7,shape-cross,none,distinct,2 4 5 6 7 12 13
771WWmaafi00Hnrppt,7,shape-L,none,mixed,1 3 5 7 10 10 13
771W1CIXISQGSIXJCa,7,shape-cross,none,mixed,1 2 2 7 9 13 15
771WjlpZYa009HHZX5,7,shape-L,none,mixed,2 2 4 5 8 13 15
771W0iiCCDCeee0ZZY,7,shape-T,none,mixed,2 2 4 4 12 12 13
771WXXocfe00JBD9LZ,7,shape-L,none,mixed,1 2 6 6 8 13 13
771W0iiiyUSWcW0YZZ,7,shape-T,none,distinct,1 2 4 8 9 12 13
771W4564J894465TJa,7,shape-corner,none,distinct,1 3 5 7 8 9 16
771WYgdaqW00bZJBJR,7,shape-L,none,mixed,1 4 7 7 7 10 13
771Wggffqa00JL15LP,7,shape-L,none,mixed,1 4 4 5 7 13 15
771W0EEDDjEYZZ0Wfa,7,shape-T,none,mixed,2 4 4 5 9 12 13
771W0iSCEEkXme0Yaa,7,shape-T,none,distinct,1 2 3 6 10 13 14
771W0SSCCEEmme0XYY,7,shape-T,none,mixed,1 2 2 4 13 13 14
771W0DDEESyXWY0agY,7,shape-T,none,distinct,1 2 5 6 7 13 15
771WYYqjjj00H93P99,7,shape-L,none,mixed,1 3 6 7 7 12 13
771W0CzDTCDWuc0mmZ,7,shape-T,none,mixed,1 1 1 6 11 13 16
771W8SIXJC28CoXJE8,7,shape-cross,none,mixed,1 1 7 7 9 11 13
771W5466AML4466GHm,7,shape-corner,none,mixed,1 4 5 7 7 9 16
771Wbbaaqa00755HHX,7,shape-L,none,mixed,1 1 4 5 12 13 13
771W0CJXpDLISJXICG,7,shape-cross,none,mixed,2 4 5 5 6 13 14
771WpozqnW003H9LrB,7,shape-L,none,mixed,1 4 5 6 7 13 13
771W0CCiiiUafe0ZYY,7,shape-T,none,mixed,1 4 5 7 7 12 13
771W4464QII4446UGG,7,shape-corner,none,mixed,1 2 6 6 7 11 16
771WueoXYi009nJJTH,7,shape-L,none,mixed,1 1 4 8 8 13 14
771Wocgfmm005bnX9D,7,shape-L,none,distinct,1 2 3 6 8 13 16
771WecoiWe00BRrfnn,7,shape-L,none,mixed,2 2 4 5 6 13 17
771WefehYY0099bbjP,7,shape-L,none,mixed,1 5 5 6 9 10 13
771W6CIXIE88CIXIjf,7,shape-cross,none,mixed,2 5 5 6 9 9 13
771W0iiCSVUiaW0YYX,7,shape-T,none,mixed,2 2 3 6 10 13 13
771W4557SxW4654E1c,7,shape-corner,none,distinct,1 2 3 4 11 12 16
771W0ioXJC0ckoXISI,7,shape-cross,none,mixed,2 3 3 4 10 13 14
771WWTIXJV21jIXojK,7,shape-cross,none,distinct,2 4 5 7 8 10 13
771WZiIXok01UIXoDX,7,shape-cross,none,mixed,1 1 6 7 10 11 13
771W0CCEkTSYac0fZY,7,shape-T,none,mixed,2 4 4 6 10 10 13
771Wjsqabb00Xf9Lb1,7,shape-L,none,mixed,2 3 4 5 11 11 13
771Wfbacmm00DDj95L,7,shape-L,none,mixed,2 2 3 8 10 11 13
771WWdljja00HHJZh3,7,shape-L,none,mixed,2 3 3 6 9 13 13
771W0CSSlCCYau0Yca,7,shape-T,none,mixed,1 1 7 8 9 10 13
771WqoeaYX00fPPr75,7,shape-L,none,mixed,1 3 3 5 12 12 13
771W0DDCCiiYXX0aai,7,shape-T,none,mixed,2 2 2 7 9 13 14
771W0CCEVSCYYb0eYc,7,shape-T,none,distinct,1 2 5 8 9 11 13
771Wiggfms0055Hp95,7,shape-L,none,mixed,1 2 3 8 8 13 14
771WYirbae00fn3rLP,7,shape-L,none,distinct,1 3 4 5 8 13 15
771W0yzzFCCeaW0Ycm,7,shape-T,none,mixed,1 2 3 8 9 13 13
771W0iSCDDEeue0XWb,7,shape-T,none,mixed,1 2 3 3 12 13 15
771W5765uqI4546X8K,7,shape-corner,none,mixed,2 2 4 6 6 13 16
771WaqaenX00pNR335,7,shape-L,none,mixed,1 2 5 5 6 13 17
771WZYayfg00959TFf,7,shape-L,none,mixed,1 5 6 6 6 12 13
771WWpokcg009fdjHX,7,shape-L,none,mixed,1 3 7 7 9 9 13
771WaqkWbc00brjHBD,7,shape-L,none,mixed,3 3 3 6 8 13 13
771W0iCCCDEuee0XXY,7,shape-T,none,mixed,1 1 3 5 12 13 14
771W5466I2Y6755H8e,7,shape-corner,none,distinct,1 2 4 7 8 11 16
771WGSJXJT90CJXIS4,7,shape-cross,none,mixed,1 1 3 6 11 13 14
771W0CDFDySXYY0aeo,7,shape-T,none,mixed,2 3 3 6 9 13 13
771W5445RKY4546jg4,7,shape-corner,none,mixed,2 3 5 7 8 8 16
771W0iECSCCqaY0qii,7,shape-T,none,mixed,1 4 5 8 9 9 13
771Wquvkee0019bD5T,7,shape-L,none,mixed,1 1 4 8 9 13 13
771W44655aQ6554H8A,7,shape-corner,none,distinct,1 2 3 8 9 10 16
771WYXXqqa005BB9fP,7,shape-L,none,mixed,1 3 4 4 9 13 15
771Wfh-gia00H9JDn1,7,shape-L,none,distinct,1 4 5 6 8 12 13
771W0CCCjTSWcb0eej,7,shape-T,none,distinct,1 2 3 6 10 13 14
771Wfkyiag00P1dJX1,7,shape-L,none,distinct,1 2 3 4 12 13 14
771W0ikDCDCeee0ogb,7,shape-T,none,distinct,2 4 5 6 7 12 13
771WrvoYgf00DLX1JH,7,shape-L,none,mixed,2 3 3 4 7 13 17
771Wueghaa00f9LL95,7,shape-L,none,distinct,1 4 5 7 8 11 13
771W0EDDDSCYYZ0aqY,7,shape-T,none,mixed,1 5 5 5 8 12 13
771W0jliSSSaaW0eme,7,shape-T,none,mixed,2 3 3 6 9 13 13
771Wemp-YY00Lb9DH9,7,shape-L,none,distinct,1 2 3 7 9 13 14
771WWbfigo0013Lzvf,7,shape-L,none,mixed,2 2 4 5 7 13 16
771Wfoqnno00HpJRf3,7,shape-L,none,mixed,3 3 4 6 8 12 13
771WoeeXWa00BhxvPL,7,shape-L,none,mixed,3 3 5 5 6 13 14
771W4474KKn4544H9O,7,shape-corner,none,mixed,1 1 5 7 8 11 16
771W0iCCECCuee0caa,7,shape-T,none,mixed,1 1 5 8 9 12 13
771W0DDEEiCZYY0agY,7,shape-T,none,mixed,1 5 5 6 7 12 13
771W0S-UUSCXvW0mcc,7,shape-T,none,mixed,1 2 7 8 9 9 13
771WHCIXIkYIUoXoi0,7,shape-cross,none,mixed,2 4 5 5 7 13 13
771WeifiuW0035lNNF,7,shape-L,none,mixed,1 4 7 7 8 9 13
771W76669aa64468a2,7,shape-corner,none,distinct,1 2 3 8 9 10 16
771WcXtXYY00HPPfLb,7,shape-L,none,distinct,1 2 3 4 11 13 15
771W0FCECSiXXY0aue,7,shape-T,none,mixed,1 1 3 6 11 13 14
771WWxbcqY00LZJNhZ,7,shape-L,none,mixed,2 4 5 7 9 9 13
771W0DjSCCCnfb0eee,7,shape-T,none,distinct,2 3 4 6 9 12 13
771WBFpXIC2GCIXJC4,7,shape-cross,none,mixed,3 3 4 7 7 12 13
771Waafprj00D3PTHH,7,shape-L,none,distinct,1 3 4 6 8 13 14
771W0iilVCCaaY0YiY,7,shape-T,none,mixed,1 3 7 7 8 10 13
771W0EDCUyiacX0cme,7,shape-T,none,mixed,1 3 3 4 11 13 14
771W6555IGe4545bZ7,7,shape-corner,none,mixed,1 4 5 5 8 10 16
771WceWbrq00HLbhB9,7,shape-L,none,mixed,1 4 4 5 5 13 17
771W0DDEEkEZYY0aeW,7,shape-T,none,mixed,1 3 5 5 10 12 13
771WqcbXYY00f99fV3,7,shape-L,none,mixed,1 2 3 8 9 13 13
771W0DDjlySfYW0cWY,7,shape-T,none,mixed,1 3 3 4 12 13 13
771W5556Q9844659B2,7,shape-corner,none,mixed,1 5 6 6 7 8 16
771WaigXaf0099pLD7,7,shape-L,none,mixed,1 1 6 7 9 12 13
771WeiIXIF1KCIXID6,7,shape-cross,none,mixed,2 2 3 7 10 12 13
771WWipXIE28SIXJCG,7,shape-cross,none,mixed,1 1 3 8 11 12 13
771W0CCETFibaY0gdW,7,shape-T,none,mixed,1 1 3 7 10 13 14
771W44744II6655BGO,7,shape-corner,none,mixed,1 3 4 7 7 11 16
771WaCIXICe9ioXIC4,7,shape-cross,none,mixed,1 3 6 8 9 9 13
771WfbdcoX0035bvZ9,7,shape-L,none,mixed,1 3 3 8 9 12 13
771WgY_gaW00FNhrH9,7,shape-L,none,distinct,2 3 5 6 8 12 13
771WGSIXJCH0CJXpjg,7,shape-cross,none,mixed,2 4 5 5 6 13 14
771W4CIXpjn8CJXIC2,7,shape-cross,none,mixed,2 4 4 7 9 10 13
771Wffmgww005P999P,7,shape-L,none,mixed,2 2 6 6 9 11 13
771WYiqysv00XrBb75,7,shape-L,none,mixed,3 4 4 6 8 11 13
771Wafguzv0095Zbz9,7,shape-L,none,distinct,2 3 5 6 8 12 13
771W4456KKq5444C8G,7,shape-corner,none,mixed,1 1 5 6 8 12 16
771WYYcixW00JLVJDB,7,shape-L,none,mixed,1 6 6 7 8 8 13
771WfaZsaX0059fthJ,7,shape-L,none,distinct,1 3 5 6 10 11 13
771W0kljSCCaaY0eWq,7,shape-T,none,mixed,2 2 3 7 8 13 14
771W0CCiyUTeYa0YXX,7,shape-T,none,mixed,1 3 3 6 9 13 14
771W4566A6055575Pf,7,shape-corner,none,mixed,3 3 6 7 7 7 16
771Wcaeaoe0057TrJJ,7,shape-L,none,progressive,1 3 5 7 9 11 13
771WemsggY009fBR99,7,shape-L,none,mixed,1 4 4 6 8 13 13
771WaaiZYY00nnf97B,7,shape-L,none,mixed,2 3 3 4 10 13 14
771W0CDDCSCYYZ0aaq,7,shape-T,none,distinct,1 2 5 7 9 12 13
771Waacmae005DFRJJ,7,shape-L,none,mixed,1 4 5 6 10 10 13
771W0UDEEDCuue0awX,7,shape-T,none,mixed,2 4 4 6 8 12 13
771WWo-ggZ00Bpfn9B,7,shape-L,none,mixed,1 4 5 5 9 12 13
771W6554AC45556a2g,7,shape-corner,none,distinct,1 2 5 6 8 11 16
771WizbWhg00LbH9DZ,7,shape-L,none,mixed,2 3 3 4 7 13 17
771WqafZaa00HnfTPL,7,shape-L,none,mixed,2 2 6 7 7 12 13
771W5664ABH4455jY0,7,shape-corner,none,mixed,2 2 4 5 8 12 16
771WamtWcY00ZhhLRJ,7,shape-L,none,distinct,1 2 3 5 10 13 15
771Wihssfq001NLZNZ,7,shape-L,none,mixed,3 4 4 6 9 10 13
771WeegcWi00HHxrff,7,shape-L,none,mixed,1 3 4 4 6 13 18
771W0SSCFFDaai0XaY,7,shape-T,none,mixed,2 2 4 7 9 12 13
771WYYcxtn001BFL39,7,shape-L,none,mixed,3 3 3 5 8 13 14
771WICIXIEA0CoXoSK,7,shape-cross,none,mixed,3 3 3 5 6 13 16
771W4446LKO4445hdX,7,shape-corner,none,mixed,3 3 4 5 6 12 16
771W0jT-yyCWvX0iWe,7,shape-T,none,distinct,1 2 3 6 9 13 15
771W5645OOP4445Lb8,7,shape-corner,none,mixed,3 3 3 6 8 10 16
771WYnfibb00ZJ79fb,7,shape-L,none,mixed,2 2 3 8 9 12 13
771W0TUkCCDquW0amX,7,shape-T,none,mixed,1 2 3 4 13 13 13
771Wqaaeom00fDDDBB,7,shape-L,none,mixed,1 4 6 8 8 9 13
771W0CTDFCCeeu0aYo,7,shape-T,none,distinct,1 3 5 7 8 12 13
771WWmrZae00fHJTLL,7,shape-L,none,mixed,2 2 3 7 11 11 13
771W6545gHH64644cO,7,shape-corner,none,distinct,1 3 5 6 8 10 16
771Wemmhgc00HfB95D,7,shape-L,none,distinct,1 3 4 5 8 13 15
771W8CIXIi3ITJXJC5,7,shape-cross,none,mixed,1 6 6 6 7 10 13
771W0CDFlUScYW0eXp,7,shape-T,none,mixed,1 3 4 6 9 13 13
771W6756QQA4454K8W,7,shape-corner,none,mixed,2 2 6 6 7 10 16
771WYaaiXd00LLPd55,7,shape-L,none,distinct,1 2 5 7 10 11 13
771WGjoXID8GioXIEn,7,shape-cross,none,mixed,1 3 3 6 10 13 13
771W0CIXoiaGTJXISK,7,shape-cross,none,mixed,3 3 3 6 8 13 13
771W4466cM846559II,7,shape-corner,none,mixed,3 5 6 6 6 7 16
771Wn-oXIC02EIXoi4,7,shape-cross,none,mixed,1 3 5 6 6 13 15
771W5CoXIC4KCIXICa,7,shape-cross,none,mixed,1 2 8 8 8 9 13
771W0DECCCinmm0iqa,7,shape-T,none,mixed,1 3 3 6 9 13 14
771Wgghnqa00399DLP,7,shape-L,none,distinct,1 4 6 7 8 10 13
771Wmm_pge005LBJL5,7,shape-L,none,mixed,2 4 4 6 7 13 13
771WWYrdme00JFDPrb,7,shape-L,none,distinct,2 3 4 5 10 12 13
771W4655AGG4466gUI,7,shape-corner,none,mixed,3 4 4 5 7 10 16
771W0SSCCECeee0YZZ,7,shape-T,none,mixed,2 2 4 4 12 12 13
771W4666Ag474455ee,7,shape-corner,none,mixed,1 4 4 6 9 9 16
771Wfffsqe00B93D9H,7,shape-L,none,mixed,1 2 2 6 10 13 15
771W6445RHH44644Ye,7,shape-corner,none,mixed,1 2 4 6 10 10 16
771Weadiqo0017hFLD,7,shape-L,none,mixed,3 3 4 5 9 12 13
771WffqaYg003RP55L,7,shape-L,none,mixed,2 2 2 4 12 13 14
771W0DDCDCiZYY0aag,7,shape-T,none,mixed,1 2 5 8 8 12 13
771WIDJXIi0XlpXIi8,7,shape-cross,none,mixed,2 2 4 6 9 13 13
771W4446aaS4554KOO,7,shape-corner,none,mixed,1 4 4 6 7 11 16
771WeipXIC50CIXJDK,7,shape-cross,none,mixed,2 2 5 6 8 13 13
771WYgbvaf00rvV1H7,7,shape-L,none,mixed,1 2 4 6 6 13 17
771WYkhifc00HHZTND,7,shape-L,none,distinct,3 4 5 7 8 9 13
771W0iiiyUCWcX0bcc,7,shape-T,none,mixed,1 4 5 8 9 9 13
771W0Uj-liCXua0Y-W,7,shape-T,none,distinct,1 4 5 6 8 12 13
771WYYZiki00999DJB,7,shape-L,none,mixed,3 4 5 6 6 12 13
771W0CCSCDCaai0ZZY,7,shape-T,none,distinct,1 2 4 8 9 12 13
771W0DDCCCiZYY0aai,7,shape-T,none,distinct,1 2 5 7 9 12 13
771W5CoXIC4MEIXICW,7,shape-cross,none,mixed,1 2 2 7 8 13 16
771W0CCDDDjZYY0aae,7,shape-T,none,distinct,1 4 5 6 8 12 13
771W54751986665fn9,7,shape-corner,none,mixed,2 3 4 6 6 12 16
771W0EEDiCEacc0Xea,7,shape-T,none,distinct,1 2 5 7 9 12 13
771W0EDDDiiXYY0Wmc,7,shape-T,none,mixed,1 1 4 4 13 13 13
771W0CCCEySZWY0igg,7,shape-T,none,distinct,1 2 5 6 7 13 15
771W1DIXJEA8CIXoiI,7,shape-cross,none,distinct,2 3 5 6 9 11 13
771W0CCSiDDgia0YYX,7,shape-T,none,mixed,1 3 4 7 8 13 13
771Wafbbae00nnp99b,7,shape-L,none,mixed,2 3 3 8 9 11 13
771WcZjZXe0099JxdH,7,shape-L,none,distinct,1 3 4 7 9 12 13
771WZeecgg0055jf5b,7,shape-L,none,mixed,1 4 4 5 11 11 13
771W0EEiCCCbff0emm,7,shape-T,none,mixed,2 2 3 7 8 13 14
771WZ_imeb00XThXH3,7,shape-L,none,mixed,1 2 2 5 9 13 17
771W0DjUSCCgou0aem,7,shape-T,none,distinct,1 4 5 6 8 12 13
771WXYkYfZ00HHVNb5,7,shape-L,none,mixed,1 2 4 7 9 13 13
771WdhbbbY00HHnJ39,7,shape-L,none,mixed,3 3 4 5 8 13 13
771WaDIXID04ioXIUb,7,shape-cross,none,mixed,3 3 4 5 7 13 14
771W4iIXIDGmSJXIE3,7,shape-cross,none,mixed,1 1 6 7 10 11 13
771W0SUzjDEYiW0qjW,7,shape-T,none,distinct,1 3 5 6 10 11 13
771Wjfwego009JjDH1,7,shape-L,none,mixed,1 5 5 6 7 12 13
771WaaZoef00957NRH,7,shape-L,none,mixed,1 3 5 6 8 13 13
771W0CSDCEEeeu0egc,7,shape-T,none,mixed,1 4 5 7 7 12 13
771W45644SQ66649Gm,7,shape-corner,none,distinct,1 2 4 6 7 13 16
771W1SIXIieXkIXICe,7,shape-cross,none,mixed,1 1 4 8 10 12 13
771WXnabwu00XLLLNB,7,shape-L,none,mixed,2 3 6 7 9 9 13
771WeWXgom00bdBBBJ,7,shape-L,none,mixed,2 2 5 5 5 13 17
771WemqzYa00bvL759,7,shape-L,none,mixed,2 3 3 6 8 13 14
771W0CEEFCiZYY0oaY,7,shape-T,none,distinct,1 3 5 7 8 12 13
771W66759aa46668GI,7,shape-corner,none,mixed,3 3 4 5 6 12 16
771Wiebb-m00HLp57J,7,shape-L,none,mixed,1 4 4 7 9 11 13
771Wafinyg0039rhfT,7,shape-L,none,mixed,1 3 4 6 9 13 13
771W44559Be5446IH9,7,shape-corner,none,mixed,1 3 6 7 8 8 16
771W0C_SCCDuWq0emf,7,shape-T,none,mixed,1 1 2 5 12 13 15
771W0CEDCSEbbc0nea,7,shape-T,none,distinct,1 4 5 6 9 11 13
771W0iCFCCEqaa0XiW,7,shape-T,none,mixed,1 1 1 8 9 13 16
771W4456bXK6544JV8,7,shape-corner,none,mixed,1 3 5 7 7 10 16
771W0iikECCaee0iYY,7,shape-T,none,distinct,1 3 4 7 10 11 13
771WaZcqub00937xJX,7,shape-L,none,mixed,1 2 4 5 11 13 13
771W1koXJCGWCJXJjZ,7,shape-cross,none,mixed,1 4 5 6 10 10 13
771W0iCjDEEeqq0WZf,7,shape-T,none,mixed,2 2 4 6 10 12 13
771W0CSCSTUqqe0XXY,7,shape-T,none,distinct,1 3 4 6 8 13 14
771W4575POG4454S4Y,7,shape-corner,none,distinct,1 2 4 6 8 12 16
771W0CDTiCDcWi0aan,7,shape-T,none,mixed,1 1 1 7 10 13 16
771WWUIXoCGAiJXoC4,7,shape-cross,none,distinct,1 2 5 6 10 12 13
771W8DIXID64CIXIVX,7,shape-cross,none,mixed,2 3 6 7 9 9 13
771W1DoXICeHCIXIUI,7,shape-cross,none,distinct,1 2 5 7 9 12 13
771W0DDCCSCZZX0eee,7,shape-T,none,mixed,2 2 3 4 12 13 13
771W0SyiSEEmag0YXX,7,shape-T,none,mixed,2 2 2 6 10 13 14
771WaYlZYX00HHPnFH,7,shape-L,none,mixed,1 1 5 6 7 13 16
771W4456KAG4475B6U,7,shape-corner,none,mixed,1 4 4 7 7 10 16
771WcYwomm00H9HnLL,7,shape-L,none,mixed,1 4 4 4 8 13 15
771WXjIXJC44SIXISI,7,shape-cross,none,mixed,2 4 5 7 9 9 13
771Wggrfae00fnVHH5,7,shape-L,none,distinct,2 3 4 6 9 12 13
771W4454NKO4445SQK,7,shape-corner,none,mixed,2 5 5 6 6 9 16
771W4566MKK44668IY,7,shape-corner,none,mixed,2 4 6 6 7 8 16
771W5776a844667aG8,7,shape-corner,none,mixed,3 3 3 3 8 13 16
771W4674OIA4457Z8O,7,shape-corner,none,distinct,1 2 4 6 7 13 16
771WgZhkoa00ZbLR9X,7,shape-L,none,distinct,2 3 4 7 9 11 13
771WigctXW00D9Pb9B,7,shape-L,none,mixed,1 2 5 7 7 13 14
771W0SSCCCDaai0eef,7,shape-T,none,distinct,1 2 6 7 9 11 13
771WYaiqqn0099Hppn,7,shape-L,none,mixed,2 3 3 9 9 10 13
771WZXmrYe009LNV_3,7,shape-L,none,distinct,1 2 4 7 10 12 13
771WCCIXICe9CIXIC4,7,shape-cross,none,mixed,1 1 8 8 9 9 13
771W4454fKK4646SSA,7,shape-corner,none,distinct,2 4 5 6 7 9 16
771Wikkeea00HHJBZZ,7,shape-L,none,mixed,2 3 4 5 9 13 13
771WrjigXb007d3PL5,7,shape-L,none,mixed,2 3 4 7 7 13 13
771WiabwYe00bjBB9H,7,shape-L,none,mixed,1 2 8 8 8 9 13
771Wbahefi0055HJBr,7,shape-L,none,mixed,1 4 4 6 10 11 13
771Waaufrk00DJL579,7,shape-L,none,mixed,3 3 4 6 7 13 13
771W0CijSCCqaY0eei,7,shape-T,none,mixed,1 2 6 8 8 11 13
771Wouijue007HbvPL,7,shape-L,none,mixed,1 4 4 8 9 10 13
771WoZjjYY00Pvbn7Z,7,shape-L,none,mixed,2 2 3 5 7 13 17
771W0CC__kjWge0Whe,7,shape-T,none,mixed,2 2 5 6 10 11 13
771Wuuejei001H9FF7,7,shape-L,none,mixed,2 2 3 6 10 13 13
771WXfgfaa00bb9DTP,7,shape-L,none,mixed,2 2 6 7 9 10 13
771W0EEDDiiYXX0Wec,7,shape-T,none,mixed,1 2 2 5 12 13 14
771WIiJXJC0YUoXoCI,7,shape-cross,none,mixed,3 3 4 6 6 13 14
771W6477h886444aIG,7,shape-corner,none,mixed,1 1 3 7 8 13 16
771W45448WW4666ssM,7,shape-corner,none,mixed,2 4 4 5 6 12 16
771W5455be85666GGY,7,shape-corner,none,distinct,1 2 3 5 8 14 16
771Wgpiamm00XrDLbL,7,shape-L,none,distinct,2 3 6 7 8 10 13
771W0CDzziiWga0mmo,7,shape-T,none,mixed,2 3 3 5 11 12 13
771WwoobXa009X1FVH,7,shape-L,none,distinct,1 2 3 4 7 13 19
771Wogdraa005fPHP5,7,shape-L,none,distinct,1 5 6 7 8 9 13
771WksggYa00brH399,7,shape-L,none,mixed,2 3 5 6 7 13 13
771WWnvcbf00XPBBFX,7,shape-L,none,mixed,1 3 3 6 10 13 13
771Weehiyq0053JP9H,7,shape-L,none,mixed,2 2 4 9 9 10 13
771W0Sz_iiCXma0eaq,7,shape-T,none,mixed,2 3 6 6 9 10 13
771W5666bf95666W4W,7,shape-corner,none,mixed,1 2 3 5 11 11 16
771W0EDDzUCYaZ0Xoa,7,shape-T,none,mixed,1 4 6 6 8 11 13
771W554699J6675PK0,7,shape-corner,none,mixed,3 3 4 5 8 10 16
771WZakioY0057Jt9f,7,shape-L,none,mixed,1 5 5 6 8 11 13
771W4445ema4575OOK,7,shape-corner,none,mixed,3 3 3 4 6 14 16
771W0CSlECCaiq0Yei,7,shape-T,none,mixed,1 3 6 8 9 9 13
771W0SyTSEEemY0YWi,7,shape-T,none,distinct,1 2 3 4 11 13 15
771W0Si_CDCeqe0XjY,7,shape-T,none,mixed,1 3 4 4 11 13 13
771WibhZZZ0099v9HX,7,shape-L,none,mixed,1 4 5 7 7 12 13
771WITIXIC80CIXoUg,7,shape-cross,none,mixed,3 3 4 4 7 13 15
771W4SIXID32EoXJCA,7,shape-cross,none,mixed,1 2 6 8 8 11 13
771WYZgfhZ00RR55fH,7,shape-L,none,mixed,2 3 4 6 6 13 15
771W0STFEEEaai0Weq,7,shape-T,none,mixed,2 2 7 7 9 9 13
771W4465bcg4445AOI,7,shape-corner,none,mixed,3 3 4 7 8 8 16
771W0EEyyCCega0iaa,7,shape-T,none,mixed,2 2 7 7 9 9 13
771Wfnhiqq005rHP9X,7,shape-L,none,mixed,1 2 7 7 8 11 13
771Wcgmyii00DPX9PP,7,shape-L,none,distinct,1 4 5 6 9 11 13
771W5647HQG4465Tc8,7,shape-corner,none,mixed,1 3 6 6 7 10 16
771Wc_ksZW005vX5Jb,7,shape-L,none,distinct,1 3 4 6 7 13 15
771W0DEEFEkZYY0WsW,7,shape-T,none,mixed,1 1 5 7 10 12 13
771Weatnfo00HFjLV1,7,shape-L,none,mixed,1 5 5 6 7 12 13
771WffaYnW00VPP95J,7,shape-L,none,distinct,1 2 3 4 12 13 14
771WaYvpog009RPv1L,7,shape-L,none,mixed,1 2 4 8 8 13 13
771Wbhddhg00HHbn33,7,shape-L,none,mixed,2 5 5 6 6 12 13
771W0CCEkjCiff0Yeh,7,shape-T,none,distinct,1 5 6 7 8 9 13
771Weevsgn00LBD9BH,7,shape-L,none,mixed,2 5 5 6 7 11 13
771W4464MKO4445ASS,7,shape-corner,none,distinct,2 4 5 6 7 9 16
771Wifbbff0033Lff5,7,shape-L,none,mixed,2 2 6 6 8 12 13
771W0CjjVUCbnq0nsW,7,shape-T,none,mixed,1 5 5 6 8 11 13
771W0CEEDSCXXZ0aqo,7,shape-T,none,mixed,1 3 5 5 8 13 14
771WMTJXoC22CIXJiW,7,shape-cross,none,distinct,2 3 4 8 9 10 13
771W0CECDCiYZZ0goq,7,shape-T,none,mixed,2 4 4 7 7 12 13
771WISIXIi29FJXpC0,7,shape-cross,none,mixed,2 4 4 5 6 13 15
771W4655CCa5445aK8,7,shape-corner,none,distinct,1 2 5 6 9 10 16
771WXgkYWa00hhhn5b,7,shape-L,none,mixed,1 3 3 4 11 13 14
771WZbywon00H5HvJX,7,shape-L,none,mixed,1 3 4 9 9 10 13
771W4466qqI5444L88,7,shape-corner,none,mixed,2 2 4 7 8 10 16
771WfXcbcY00ff9NP5,7,shape-L,none,distinct,1 2 5 7 10 11 13
771WWecqtg00fZJDJL,7,shape-L,none,mixed,3 3 4 6 9 11 13
771Wgfekae00bbB5fP,7,shape-L,none,mixed,2 3 6 6 9 10 13
771WmdbpmW00JvvPbb,7,shape-L,none,mixed,3 4 4 5 6 13 14
771WYxWssb00PhRPZH,7,shape-L,none,mixed,3 4 4 5 7 13 13
771WigwXZh00JB9fD1,7,shape-L,none,mixed,2 2 5 5 10 12 13
771W0CECSDjZYa0emo,7,shape-T,none,distinct,1 2 4 6 11 12 13
771WaYaZWW00BBBxNV,7,shape-L,none,mixed,1 4 5 6 10 10 13
771W0CDDDSCZZX0qqY,7,shape-T,none,mixed,2 3 4 6 8 13 13
771WYEIXID6eCIXIF1,7,shape-cross,none,mixed,1 2 3 10 10 10 13
771Wbcsoee00HLHfb5,7,shape-L,none,mixed,2 2 6 6 7 13 13
771WZbbZmZ00F99f75,7,shape-L,none,mixed,1 1 4 6 10 13 14
771WuyqZXZ009HX979,7,shape-L,none,mixed,1 2 3 3 11 13 16
771W666594S445688A,7,shape-corner,none,distinct,1 2 3 6 10 11 16
771W0SSUjUSYaY0bgi,7,shape-T,none,mixed,2 5 6 7 7 9 13
771Wfv_Zee009XDT95,7,shape-L,none,mixed,1 4 4 8 9 10 13
771W9DJXID88CIXIEX,7,shape-cross,none,mixed,1 6 6 6 8 9 13
771WXUIXIE0YkIXJk2,7,shape-cross,none,mixed,1 1 7 7 8 12 13
771W0kTTiCCYqe0Wmi,7,shape-T,none,mixed,1 3 3 6 9 13 14
771WYdnoea00rntLf9,7,shape-L,none,mixed,2 3 4 5 9 13 13
771W4466cI44677BGG,7,shape-corner,none,mixed,2 3 3 7 7 11 16
771Wcooasq00bffB55,7,shape-L,none,distinct,2 3 5 7 9 10 13
771W0DSSlkEbWq0mqY,7,shape-T,none,mixed,2 2 2 5 11 13 14
771W2EIXISgOTIXJC0,7,shape-cross,none,mixed,2 2 3 6 9 13 14
771W0CIXIDI8CJXJVK,7,shape-cross,none,mixed,2 3 3 5 8 13 15
771W0DjSyiCqfZ0eee,7,shape-T,none,distinct,2 4 5 6 7 12 13
771WfffsmW00B995Db,7,shape-L,none,mixed,1 2 4 6 10 13 13
771W4445eea4555aae,7,shape-corner,none,mixed,3 3 3 4 8 12 16
771W4446hGG6466QIK,7,shape-corner,none,mixed,1 3 6 6 6 11 16
771W0CSEECDeeu0eYZ,7,shape-T,none,mixed,1 1 5 7 10 12 13
771Wgqgevf00JbHn9D,7,shape-L,none,mixed,2 3 3 7 9 12 13
771WZYwqqX00LJBBZ1,7,shape-L,none,distinct,1 2 5 6 10 12 13
771W4DIXICG9DJXICq,7,shape-cross,none,distinct,1 2 6 8 9 10 13
771W0iCDEECqaa0Xai,7,shape-T,none,mixed,1 1 7 8 9 10 13
771W0EEFFCSYYZ0YgW,7,shape-T,none,mixed,1 2 4 5 12 12 13
771W8CIXoCa3CIXIEA,7,shape-cross,none,distinct,1 3 6 7 9 10 13
771WKEIXID04CoXIkf,7,shape-cross,none,mixed,2 4 4 4 8 13 14
771W0DCDDiiYXX0eeo,7,shape-T,none,mixed,1 2 2 7 10 13 14
771WaCIXISKeCIXIC8,7,shape-cross,none,mixed,1 3 7 8 8 9 13
771WoubXXZ00HHnfBH,7,shape-L,none,mixed,1 2 4 4 8 13 17
771WaioXIC8IEIXIC8,7,shape-cross,none,mixed,2 4 6 6 8 10 13
771Wfgcbam00XZJLj5,7,shape-L,none,distinct,2 3 5 6 8 12 13
771W0DDFESyXWY0Yea,7,shape-T,none,distinct,1 2 3 6 9 13 15
771WckbifW0099t7NB,7,shape-L,none,distinct,1 3 5 8 9 10 13
771WnZhZaW00rrjh77,7,shape-L,none,mixed,1 4 6 7 9 9 13
771W0UUEUCCaag0aYY,7,shape-T,none,mixed,2 3 7 8 8 8 13
771W0CCSVEDeec0XbY,7,shape-T,none,distinct,1 2 4 7 10 12 13
771Wecaque00D3bHnn,7,shape-L,none,distinct,1 2 3 5 11 13 14
771WZkyfee00H9XPfD,7,shape-L,none,mixed,1 1 6 7 8 13 13
771W6454QKa4546sG8,7,shape-corner,none,mixed,1 2 5 6 6 13 16
771WeknZaY009PvVnb,7,shape-L,none,mixed,1 4 5 5 10 11 13
771W0CUDCDCeeu0ogb,7,shape-T,none,mixed,1 5 5 6 7 12 13
771W6645GKA4476Lae,7,shape-corner,none,mixed,2 2 4 7 7 11 16
771W0DDFyCCqoq0iWa,7,shape-T,none,mixed,1 3 3 7 8 13 14
771Weufbfe00LbVJJ9,7,shape-L,none,mixed,3 4 6 6 8 9 13
771WiqWzig00bvJB95,7,shape-L,none,mixed,2 2 3 5 7 13 17
771W0CCEkDyYba0ecb,7,shape-T,none,mixed,1 3 7 7 8 10 13
771W0EEiySCYej0eee,7,shape-T,none,mixed,2 2 4 8 8 12 13
771Wfuoiaa00XP59Pv,7,shape-L,none,distinct,1 2 3 9 10 11 13
771W0CECSCCcca0uee,7,shape-T,none,distinct,1 2 5 7 9 12 13
771W44668OO4464KKK,7,shape-corner,none,mixed,2 2 4 6 7 12 16
771W4446KC94465LPO,7,shape-corner,none,mixed,3 3 4 6 8 9 16
771W4465gs45566GD9,7,shape-corner,none,distinct,2 3 5 6 8 9 16
771W0CCSi-Cejc0ZYY,7,shape-T,none,distinct,1 3 5 7 8 12 13
771WaCIXIE8aCIXJD1,7,shape-cross,none,mixed,1 1 4 8 9 13 13
771Waacfkg0055BLD9,7,shape-L,none,mixed,3 4 5 5 8 11 13
771WciarXX00PLb5bf,7,shape-L,none,distinct,2 3 5 6 9 11 13
771Weuy-gg005XHD99,7,shape-L,none,mixed,1 5 6 6 7 11 13
771WYYrqmm00H55Lrj,7,shape-L,none,distinct,2 3 4 5 10 12 13
771WbXmaae00H9BjjT,7,shape-L,none,mixed,2 2 3 7 9 13 13
771W0CJXJU98CJXIDI,7,shape-cross,none,mixed,1 3 4 4 8 13 16
771WbayiaY009HDpnH,7,shape-L,none,distinct,1 2 4 8 10 11 13
771W0EEFDSiXWZ0aeY,7,shape-T,none,mixed,1 1 3 6 9 13 16
771WeZjaoi00rp9VfX,7,shape-L,none,mixed,2 3 3 9 9 10 13
771WeWfYrq00rn9DDJ,7,shape-L,none,mixed,2 2 4 5 10 13 13
771WbhibYX0055jndP,7,shape-L,none,mixed,2 2 3 4 10 13 15
771W2UJXIC4aiIXIS4,7,shape-cross,none,distinct,1 5 6 7 8 9 13
771Wgekiqq009DnfHH,7,shape-L,none,mixed,2 4 6 6 7 11 13
771W0CCDCSiXXY0aai,7,shape-T,none,mixed,1 1 3 8 9 13 14
771W0CECDjjYXX0emq,7,shape-T,none,mixed,2 2 3 4 11 13 14
771W2TIXIC2bjpXJy0,7,shape-cross,none,mixed,1 5 5 5 7 13 13
771WXdcbff00DDFZR1,7,shape-L,none,mixed,3 3 4 7 7 12 13
771WaehXYY00DDzTHL,7,shape-L,none,mixed,2 2 7 7 8 10 13
771W0FEECiCYZZ0Wqa,7,shape-T,none,mixed,1 2 4 5 12 12 13
771WfgYscd00PL59X3,7,shape-L,none,distinct,1 3 4 7 10 11 13
771WniaqoY00RrLbX1,7,shape-L,none,mixed,2 3 5 5 7 13 14
771W9DJXJCI0CJXJS2,7,shape-cross,none,mixed,1 3 5 5 6 13 16
771WXuuoqY00bBhjd7,7,shape-L,none,distinct,2 3 5 7 8 11 13
771W0EECCEkbaa0eYY,7,shape-T,none,distinct,1 2 4 8 9 12 13
771W0CCEECiYZZ0gaa,7,shape-T,none,mixed,2 2 4 8 8 12 13
771Wgigoya009B5rnn,7,shape-L,none,mixed,2 3 6 6 9 10 13
771W0CCjFDiXii0Zbe,7,shape-T,none,distinct,1 2 3 6 9 13 15
771W0DzzECCaqm0Yaa,7,shape-T,none,distinct,2 3 5 7 8 11 13
771W4556CII4466MOW,7,shape-corner,none,distinct,1 3 5 6 7 11 16
771W0jTFDDDeue0aeW,7,shape-T,none,mixed,3 3 5 6 7 12 13
771Waawqee00L9TP99,7,shape-L,none,mixed,2 2 6 7 8 11 13
771W0EESiCCgia0eee,7,shape-T,none,distinct,2 3 4 7 8 12 13
771Weacbwo0053bL9D,7,shape-L,none,distinct,1 2 5 7 9 12 13
771WejznmW00J9fff5,7,shape-L,none,distinct,2 3 4 5 7 13 15
771W0SSDDDCeee0bbe,7,shape-T,none,mixed,2 4 4 6 8 12 13
771W0CiiiECYqq0ZYY,7,shape-T,none,distinct,1 4 5 6 8 12 13
771WaiIXICW9TJXIC4,7,shape-cross,none,distinct,1 4 5 6 9 11 13
771W0iDVTDCueY0jXm,7,shape-T,none,mixed,1 1 7 7 10 10 13
771W7577B8G4456o22,7,shape-corner,none,distinct,1 4 5 6 8 9 16
771W0jjSCEEmea0YWe,7,shape-T,none,mixed,1 2 2 5 12 13 14
771W0SiCECCeue0cYY,7,shape-T,none,mixed,1 3 3 6 11 12 13
771W0DEEEiSYXX0Yqa,7,shape-T,none,mixed,1 3 5 5 8 13 14
771WccfgZZ0055LLP5,7,shape-L,none,mixed,2 2 5 8 9 10 13
771WWabjjZ00ppx31H,7,shape-L,none,mixed,2 3 4 4 7 13 16
771WaoaYcY00nHH_55,7,shape-L,none,mixed,1 1 4 6 10 13 14
771W6467fKK4646MYe,7,shape-corner,none,mixed,2 2 5 6 8 10 16
771W0CCUUyTfgW0fZY,7,shape-T,none,mixed,2 3 5 6 10 10 13
771W4446IPG4456UIH,7,shape-corner,none,mixed,1 4 6 6 8 8 16
771WgunnbW00bLbZ3P,7,shape-L,none,mixed,1 2 3 3 11 13 16
771W0SSSSTiXWX0bbc,7,shape-T,none,mixed,1 4 5 5 9 12 13
771W0CCEFCiYZZ0egi,7,shape-T,none,distinct,2 3 4 6 9 12 13
771W1EoXICI0SJXJkA,7,shape-cross,none,mixed,1 3 3 5 5 13 19
771W0DDiCCCcgg0eee,7,shape-T,none,distinct,2 4 5 6 7 12 13
771WeunZcc00jTD95H,7,shape-L,none,mixed,2 3 6 6 6 13 13
771WaSIXICAWiIXID9,7,shape-cross,none,mixed,1 2 4 8 8 13 13
771W0SSSiDDacY0YYX,7,shape-T,none,mixed,1 4 5 6 7 13 13
771W0CjliCDcmm0ean,7,shape-T,none,mixed,1 1 5 6 11 12 13
771WWabbqa00F99bbr,7,shape-L,none,distinct,1 2 6 7 8 12 13
771WqyYnnu009RfP93,7,shape-L,none,mixed,1 3 3 7 10 12 13
771Wfaegnn0015vfjD,7,shape-L,none,mixed,2 2 3 8 10 11 13
771W6557PGG44648aY,7,shape-corner,none,mixed,1 2 4 6 6 14 16
771WgxxvXX005Xjjb1,7,shape-L,none,mixed,2 4 5 5 7 13 13
771W4545DGW4566ggK,7,shape-corner,none,mixed,1 4 4 6 6 12 16
771W455788G4456gcE,7,shape-corner,none,mixed,1 5 5 5 8 9 16
771WZecayq00bbJHf9,7,shape-L,none,distinct,1 2 3 9 10 11 13
771Wacwedc00H9LbDB,7,shape-L,none,mixed,2 3 7 7 8 9 13
771WiiiadY00XX9JLJ,7,shape-L,none,mixed,2 3 3 6 8 13 14
771Wafbrqq0091nffb,7,shape-L,none,mixed,3 3 3 5 8 13 14
771WXXaYhh00DD9PLH,7,shape-L,none,mixed,2 2 4 7 8 13 13
771W0EDCCSSXXY0eue,7,shape-T,none,mixed,2 2 3 3 12 13 14
771Woaaqhk009bZb53,7,shape-L,none,mixed,1 3 3 5 12 12 13
771W0SyECDCmee0bfg,7,shape-T,none,mixed,2 3 4 7 7 13 13
771W47569CG4455Qcg,7,shape-corner,none,mixed,2 4 5 6 8 8 16
771Wabcefs0013BHRj,7,shape-L,none,mixed,2 3 3 5 9 13 14
771Wgjycbb00H9HfbH,7,shape-L,none,mixed,3 3 5 5 9 11 13
771W0CCDECCuuu0Yai,7,shape-T,none,mixed,1 3 3 8 9 12 13
771W0CCEjDyaZY0gcX,7,shape-T,none,distinct,1 3 5 6 10 11 13
771WmgneWq00DtxvP9,7,shape-L,none,mixed,2 2 4 6 8 13 14
771W6444QQ84454i99,7,shape-corner,none,mixed,1 2 7 7 8 8 16
771Wgkbeee00BBPXH9,7,shape-L,none,distinct,2 3 4 5 7 13 15
771W0iiDDCCeee0aag,7,shape-T,none,mixed,2 2 4 8 8 12 13
771WaiIXIi8HUIXIC8,7,shape-cross,none,mixed,2 5 5 6 8 10 13
771WbjJXoz00TIXok1,7,shape-cross,none,mixed,2 2 3 5 7 13 17
771Wngakkg001XRPf9,7,shape-L,none,mixed,2 4 6 6 6 12 13
771Wqfs-wg003njHHX,7,shape-L,none,mixed,1 2 6 6 9 12 13
771W0Cik_UEoaX0Wig,7,shape-T,none,mixed,3 3 5 6 9 10 13
771W4674aYe4445ZAQ,7,shape-corner,none,mixed,1 3 6 6 8 9 16
771W0CCCDCSZZY0iig,7,shape-T,none,mixed,2 4 4 6 8 12 13
771W4664AC47774s88,7,shape-corner,none,mixed,1 3 3 7 7 12 16
771W0EViCCCo-c0eme,7,shape-T,none,mixed,2 3 6 6 6 13 13
771WXYfogm005FTTpB,7,shape-L,none,mixed,3 3 4 7 7 12 13
771W1CJXoieGUIXICm,7,shape-cross,none,mixed,1 1 4 6 11 13 13
771W446539f4556MA8,7,shape-corner,none,mixed,2 4 4 6 8 9 16
771Wnfhraa005f99P5,7,shape-L,none,mixed,1 4 6 8 8 9 13
771W0CC-CEUeaf0gaa,7,shape-T,none,mixed,1 2 7 8 8 10 13
771W0TUkjCCWkc0eqY,7,shape-T,none,distinct,2 3 4 6 9 12 13
771WuemWmZ00BzDDFD,7,shape-L,none,mixed,1 1 4 7 10 13 13
771W0CkFSiCfoq0equ,7,shape-T,none,mixed,3 4 4 6 8 11 13
771W5DJXIVG1DIXIDY,7,shape-cross,none,distinct,1 2 5 6 8 13 14
771WYgabWe00vvRN7B,7,shape-L,none,distinct,2 3 4 6 9 12 13
771W6547O884464eaO,7,shape-corner,none,mixed,1 1 3 6 8 14 16
771WaiIXoC4WUIXIC8,7,shape-cross,none,mixed,1 1 5 8 9 12 13
771WWngram00bxZjzL,7,shape-L,none,distinct,2 3 4 7 8 12 13
771W0CCyTTEeiX0YZa,7,shape-T,none,distinct,1 3 4 8 9 11 13
771WHTJXIS41DIXIEA,7,shape-cross,none,mixed,3 3 5 6 8 11 13
771Wvfbaua005ZN99H,7,shape-L,none,distinct,1 2 4 8 10 11 13
771WWjnnhg009LbLJb,7,shape-L,none,mixed,3 3 4 5 10 11 13
771WaZXugY007B5bLj,7,shape-L,none,mixed,2 3 4 4 6 13 17
771W4kIXoiYaSIXJiW,7,shape-cross,none,mixed,3 4 4 6 7 12 13
771W9DIXJyW6DIXICI,7,shape-cross,none,mixed,2 2 3 9 9 11 13
771WMEIXpC08EoXIC2,7,shape-cross,none,mixed,1 2 2 7 8 13 16
771W0kkSSCCYga0eee,7,shape-T,none,distinct,2 4 5 6 7 12 13
771Wksssuu00HX5555,7,shape-L,none,mixed,3 4 4 8 8 9 13
771Wewfllo00n339tX,7,shape-L,none,mixed,1 1 5 7 10 12 13
771WaalbYY0055TDHL,7,shape-L,none,mixed,1 2 7 7 8 11 13
771W0iUDDEEmme0mga,7,shape-T,none,distinct,1 3 5 6 7 13 14
771W4546XC84665wsa,7,shape-corner,none,mixed,2 3 6 7 7 8 16
771WZZfqem0097TTDb,7,shape-L,none,mixed,1 4 5 5 9 12 13
771W0CSUCCCaaq0kYY,7,shape-T,none,distinct,1 2 6 7 9 11 13
771Weifgem00XZrLP9,7,shape-L,none,distinct,1 2 5 8 9 11 13
771Wfqcaaa00HXXhpJ,7,shape-L,none,mixed,3 3 3 5 8 13 14
771WbebbcY0055rJLn,7,shape-L,none,mixed,1 5 6 6 7 11 13
771W0CCyDDEaia0WXc,7,shape-T,none,mixed,1 1 3 8 9 13 14
771Wmu_iqa00Bbnnfn,7,shape-L,none,mixed,3 5 5 5 7 11 13
771WHSIXoi83CIXICe,7,shape-cross,none,mixed,1 1 6 8 10 10 13
771Wbavaca009HPBDr,7,shape-L,none,mixed,1 5 5 7 8 10 13
771Wnnqbtt00955HL9,7,shape-L,none,mixed,2 3 3 4 9 13 15
771WaiIXIC8LDJXIC8,7,shape-cross,none,mixed,2 3 5 8 8 10 13
771W0CEEFCSYYZ0oYa,7,shape-T,none,distinct,1 3 5 7 8 12 13
771WmmriaX00HPLRRH,7,shape-L,none,mixed,2 2 3 8 10 11 13
771WYaohYY005TPvPL,7,shape-L,none,mixed,3 3 5 5 10 10 13
771Wfhjaee00ZZDHX9,7,shape-L,none,mixed,2 2 3 6 9 13 14
771Wcoouue00Zff999,7,shape-L,none,mixed,3 4 4 6 7 12 13
771WHEJXJCI0CpXJiI,7,shape-cross,none,mixed,3 3 4 5 6 13 15
771Wiejema0057Jvvf,7,shape-L,none,mixed,2 3 4 6 8 13 13
771W0yySCCEWea0ZYY,7,shape-T,none,mixed,1 2 3 5 12 13 13
771WGjoXISI4iIXJTX,7,shape-cross,none,distinct,2 4 5 6 9 10 13
771Wmcnjra00JjjHnZ,7,shape-L,none,mixed,1 4 5 5 6 13 15
771W0CCDT-kYXa0fgW,7,shape-T,none,mixed,1 2 4 5 12 12 13
771W0CoXoC8IEIXICC,7,shape-cross,none,mixed,1 1 3 6 9 13 16
771W0SSUECCaae0Yii,7,shape-T,none,mixed,2 2 6 8 8 10 13
771W0CCSyyTejW0aab,7,shape-T,none,distinct,1 2 6 8 9 10 13
771W4456KO84456KSC,7,shape-corner,none,mixed,2 3 3 7 7 11 16
771W45644ma4677IAw,7,shape-corner,none,mixed,1 4 6 7 7 8 16
771W0EEDVCSbbY0YkW,7,shape-T,none,distinct,1 2 5 6 10 12 13
771W0TUECSiWXg0eqa,7,shape-T,none,mixed,2 3 3 5 10 13 13
771W4CIXokJ8DIXIC5,7,shape-cross,none,mixed,1 5 5 7 9 9 13
771WWmkhgg00fP9H9D,7,shape-L,none,distinct,1 3 5 6 7 13 14
771W0SyiikCXme0ZYY,7,shape-T,none,distinct,1 2 5 6 10 12 13
771Wv-oikr001BJjZ1,7,shape-L,none,mixed,2 3 4 8 8 11 13
771W4465Pgc4665GA8,7,shape-corner,none,distinct,1 4 5 6 8 9 16
771WeYgcdb00PPfh51,7,shape-L,none,mixed,2 2 3 8 9 12 13
771W0CCCDjiXYY0iif,7,shape-T,none,mixed,1 4 5 6 7 13 13
771W4zoXojWGiIXokH,7,shape-cross,none,distinct,2 4 5 6 8 11 13
771W0ijiECCaee0Yay,7,shape-T,none,distinct,1 3 4 8 9 11 13
771W4456M8O4474IQI,7,shape-corner,none,distinct,1 4 5 6 7 10 16
771WaCIXICGbDIXIEA,7,shape-cross,none,mixed,1 2 3 8 9 13 13
771WYYwcba00H9PL57,7,shape-L,none,distinct,1 3 5 8 9 10 13
771W4655EIH4466eT8,7,shape-corner,none,mixed,1 3 6 6 7 10 16
771W0CoXokHGDIXJTK,7,shape-cross,none,distinct,1 3 5 6 7 13 14
771WaigeWe00ddPP99,7,shape-L,none,mixed,2 2 4 6 8 13 14
771Wmgiacg001XhrZZ,7,shape-L,none,mixed,2 3 3 5 10 13 13
771W0CCDCSCZZX0aai,7,shape-T,none,mixed,1 2 3 8 9 13 13
771W467782C5556d4K,7,shape-corner,none,mixed,2 3 3 7 9 9 16
771WeYhbno00PTjfJH,7,shape-L,none,mixed,2 5 5 6 8 10 13
771W0EDDCCiYZZ0Wmq,7,shape-T,none,mixed,2 2 2 4 12 13 14
771WcceocY005DLJff,7,shape-L,none,mixed,2 2 6 7 9 10 13
771W0UEEECCuue0aYY,7,shape-T,none,distinct,2 3 4 7 8 12 13
771WaaqefW00LTRBBD,7,shape-L,none,mixed,2 3 6 7 9 9 13
771Weiawoa005BtF99,7,shape-L,none,mixed,1 4 4 7 10 10 13
771Weemodn00LN739D,7,shape-L,none,mixed,2 2 4 4 7 13 17
771W0DEkDDCquu0bna,7,shape-T,none,mixed,3 4 4 5 9 11 13
771W0CEECSSXXY0aqq,7,shape-T,none,mixed,2 2 4 5 9 13 14
771WYYefsY00NL53LP,7,shape-L,none,mixed,1 4 4 5 6 13 16
771W0DEiCSCcgf0emm,7,shape-T,none,distinct,1 3 5 6 7 13 14
771WaipXIC8GCIXICK,7,shape-cross,none,mixed,2 2 6 7 9 10 13
771W1CIXIT44CJXok9,7,shape-cross,none,distinct,1 4 5 6 8 12 13
771WWnfaai00fPB99n,7,shape-L,none,mixed,1 1 3 8 10 13 13
771WoiaZ-Y005ZLhB7,7,shape-L,none,distinct,2 3 4 6 9 12 13
771W0CCDyECYca0bcg,7,shape-T,none,mixed,1 5 5 7 8 10 13
771W0i-zDCCeam0qiY,7,shape-T,none,distinct,2 3 4 7 8 12 13
771W0DIXICO8CJXIUc,7,shape-cross,none,distinct,1 2 4 7 8 13 14
771W5TJXoC02EoXIC4,7,shape-cross,none,mixed,1 1 4 5 10 13 15
771WaacurY009BFJ9F,7,shape-L,none,mixed,1 3 6 8 9 9 13
771W0SiiyECaoa0ZYY,7,shape-T,none,distinct,1 4 5 6 8 12 13
771WaYajia00ZZhr59,7,shape-L,none,mixed,2 3 3 7 10 11 13
771Wmgnnyq005rZbL9,7,shape-L,none,distinct,2 3 5 7 8 11 13
771WXphwue00XRHHj5,7,shape-L,none,mixed,2 2 5 7 8 12 13
771W4DoXoC0ISIXISa,7,shape-cross,none,distinct,1 3 4 5 7 13 16
771Wouerrc00BHfZ39,7,shape-L,none,mixed,1 2 4 4 11 13 14
771W0DjiSCCqaY0eee,7,shape-T,none,mixed,2 2 4 8 8 12 13
771W0CCiilDebb0XYY,7,shape-T,none,mixed,2 3 4 6 8 13 13
771WaYabgY00FF9rXj,7,shape-L,none,distinct,1 2 3 9 10 11 13
771WWYghxo00XbppB9,7,shape-L,none,mixed,2 4 4 6 10 10 13
771WbckgiY00HHBVX1,7,shape-L,none,mixed,1 3 3 7 10 12 13
771WWeidsg00bZR959,7,shape-L,none,distinct,1 3 4 5 9 13 14
771WoYgcZY00rLTH17,7,shape-L,none,mixed,1 1 5 7 11 11 13
771Wpronma009ZZnP5,7,shape-L,none,mixed,3 3 3 5 5 13 17
771W0SUTUUiWXa0ojX,7,shape-T,none,mixed,3 4 4 4 10 11 13
771W4445YHI5744ade,7,shape-corner,none,mixed,2 3 3 6 8 11 16
771W8DIXIE44CIXJTX,7,shape-cross,none,mixed,1 3 6 8 9 9 13
771W0CDDCSCZZY0eeq,7,shape-T,none,mixed,2 2 4 5 11 12 13
771Wddniaa009PL9P9,7,shape-L,none,mixed,2 3 7 7 8 9 13
771WYceqza00hZzH17,7,shape-L,none,distinct,1 2 4 5 8 13 16
771W0CCDziSXbY0YYg,7,shape-T,none,mixed,2 2 4 6 10 12 13
771W4455oK44655MK8,7,shape-corner,none,mixed,1 4 5 7 7 9 16
771W0CCCDkEYZZ0egi,7,shape-T,none,distinct,2 4 5 6 7 12 13
771W0CCjUSDfbY0Yaf,7,shape-T,none,mixed,1 4 5 8 9 9 13
771Wacw-bn00HNBv51,7,shape-L,none,mixed,1 2 7 7 8 11 13
771W4465bB64667I98,7,shape-corner,none,mixed,3 3 5 6 8 8 16
771Wya_ggq009p9JH9,7,shape-L,none,mixed,1 6 7 7 7 8 13
771W5564KKY6744PG0,7,shape-corner,none,distinct,1 2 3 4 8 15 16
771Weeqaer00PJLBB9,7,shape-L,none,distinct,1 2 4 8 10 11 13
771Wuuu-ks00179599,7,shape-L,none,mixed,2 4 4 6 7 13 13
771WXwgfvX00LZPPf3,7,shape-L,none,distinct,1 2 6 7 8 12 13
771W0EE-SEDieY0cXW,7,shape-T,none,mixed,1 3 3 8 9 12 13
771WGkJXICK0yJXoCO,7,shape-cross,none,mixed,1 1 2 9 10 13 13
771WXWYYua00NJNL9f,7,shape-L,none,mixed,1 1 3 9 9 13 13
771W8DIXICe1CIXIUc,7,shape-cross,none,distinct,1 2 4 6 7 13 16
771W2CoXIDA4SIXpF0,7,shape-cross,none,mixed,1 2 2 8 10 13 13
771W0EEEDjCZYY0Wab,7,shape-T,none,distinct,1 2 5 6 10 12 13
771W7664RK45546CY4,7,shape-corner,none,mixed,1 3 4 7 9 9 16
771WYddpoY003DDr5X,7,shape-L,none,mixed,1 4 5 7 7 12 13
771Weadiqa0035fTDL,7,shape-L,none,mixed,1 4 6 6 8 11 13
771Wcb-osm00H5TBr5,7,shape-L,none,mixed,1 4 4 7 9 11 13
771Waqaaen00Hpt775,7,shape-L,none,mixed,2 4 4 5 9 12 13
771WYaifgk0099HhD5,7,shape-L,none,mixed,1 4 6 7 9 9 13
771W0CSVEDCaaq0akX,7,shape-T,none,distinct,1 2 6 7 9 11 13
771Waaopnh00HJHH79,7,shape-L,none,distinct,1 3 5 6 9 12 13
771W6657H9844659L9,7,shape-corner,none,mixed,3 4 5 5 8 8 16
771Waitgmm009LfPLD,7,shape-L,none,mixed,1 3 6 7 7 12 13
771W0DjjECCauu0Yae,7,shape-T,none,mixed,2 2 5 7 9 11 13
771Wecbica0055fjRJ,7,shape-L,none,mixed,3 4 6 6 7 10 13
771W4446BgO6545fYa,7,shape-corner,none,mixed,3 3 5 6 7 9 16
771W6655PS844563J9,7,shape-corner,none,mixed,2 5 5 5 7 9 16
771W0SSCCECXXf0bcc,7,shape-T,none,mixed,2 3 4 5 9 13 13
771W8CIXoSG4EIXIEA,7,shape-cross,none,mixed,1 3 5 9 9 9 13
771Whjquno00H5PX3L,7,shape-L,none,mixed,2 3 3 4 7 13 17
771W0kTkECCaum0Yue,7,shape-T,none,distinct,2 3 4 5 10 12 13
771W0i_liSSWoe0aqe,7,shape-T,none,distinct,2 3 6 7 8 10 13
771W0iCiSDCuaY0ZZX,7,shape-T,none,mixed,1 2 3 8 9 13 13
771W0CCS-DCcWg0igf,7,shape-T,none,mixed,1 2 6 6 6 13 15
771Wiioiii00DL9PHH,7,shape-L,none,distinct,3 4 5 6 7 11 13
771Wqggllb001XBf39,7,shape-L,none,distinct,2 3 4 6 9 12 13
771W4575OKI4446ri8,7,shape-corner,none,mixed,3 3 5 6 6 10 16
771W8DIXJT41DIXIUX,7,shape-cross,none,mixed,1 5 5 6 6 13 13
771Wmcqqcq00LZZp55,7,shape-L,none,mixed,1 2 2 5 12 13 14
771W1EIXIS88CJXIia,7,shape-cross,none,mixed,1 1 5 8 9 12 13
771WWmbyff00fLTHHD,7,shape-L,none,mixed,1 2 5 5 11 12 13
771W6EIXoCaYjpXIC0,7,shape-cross,none,distinct,2 3 4 5 7 13 15
771WejjZYY00HHf95b,7,shape-L,none,mixed,2 3 4 4 9 13 14
771W0CCikkzWef0Yba,7,shape-T,none,mixed,1 3 5 7 10 10 13
771W74469LZ45669i8,7,shape-corner,none,mixed,1 5 6 6 7 8 16
771Weueswf00XRD9B9,7,shape-L,none,mixed,3 3 5 6 7 12 13
771WmbailZ007dfJLX,7,shape-L,none,mixed,2 2 6 7 9 10 13
771W5445HK84455ggA,7,shape-corner,none,mixed,2 2 7 7 7 8 16
771W0SSViCCYae0eai,7,shape-T,none,mixed,1 2 7 7 9 10 13
771W54448486667AAg,7,shape-corner,none,mixed,1 3 7 7 7 8 16
771WeghaZa00HHfdTJ,7,shape-L,none,mixed,1 4 4 6 9 12 13
771W0iEkCFCqee0sXY,7,shape-T,none,mixed,1 2 5 6 11 11 13
771WmEIXJC24ioXJkW,7,shape-cross,none,mixed,1 1 6 7 10 11 13
771W0EEiFDCquu0gaX,7,shape-T,none,distinct,2 3 4 6 10 11 13
771W0DCDiCCdXX0eeq,7,shape-T,none,mixed,1 1 3 6 11 13 14
771W0CiiCCDqee0ZZY,7,shape-T,none,mixed,2 2 4 5 11 12 13
771W5557ri84575842,7,shape-corner,none,mixed,3 3 5 5 7 10 16
771W0CCCDjjYXX0eei,7,shape-T,none,mixed,2 2 3 6 9 13 14
771W6644aSS4664WGG,7,shape-corner,none,mixed,1 2 4 5 5 16 16
771W0SSCCCDeee0aab,7,shape-T,none,distinct,1 2 4 8 9 12 13
771W0DCECyCZYX0eaq,7,shape-T,none,mixed,1 1 4 7 10 13 13
771W8CIXJCa9CIXICA,7,shape-cross,none,mixed,1 2 7 8 9 9 13
771W0jiEVSCfXa0uoa,7,shape-T,none,mixed,2 2 5 7 9 11 13
771W5CIXoC44EIXISm,7,shape-cross,none,mixed,1 1 5 8 10 11 13
771WfbogfW007VnHLJ,7,shape-L,none,mixed,2 2 5 5 8 13 14
771Waqoohf009bZJ55,7,shape-L,none,mixed,2 4 5 5 10 10 13
771Wcquwme00fBL5ff,7,shape-L,none,mixed,2 2 4 6 10 12 13
771WeeheeX0033NNVD,7,shape-L,none,mixed,1 5 5 6 9 10 13
771W4456IIA4455PO8,7,shape-corner,none,mixed,2 2 7 7 7 8 16
771WfirlXX00HP5nzH,7,shape-L,none,mixed,1 4 4 4 7 13 16
771W0iiECEEeee0iYY,7,shape-T,none,mixed,1 2 4 4 12 13 13
771WeWqgee00DTvfbb,7,shape-L,none,mixed,2 2 4 4 10 13 14
771W4446ML94455gYW,7,shape-corner,none,distinct,2 3 4 5 7 12 16
771W0SjDCCDmue0aan,7,shape-T,none,mixed,1 2 3 7 10 13 13
771W0CCSTijace0YYb,7,shape-T,none,mixed,1 4 6 6 8 11 13
771WYXyjon00DH5LtP,7,shape-L,none,distinct,2 3 4 5 10 12 13
771Wvmbaea00HHtppB,7,shape-L,none,mixed,2 3 3 8 9 11 13
771W0iCSEDCmWi0aYZ,7,shape-T,none,mixed,1 1 1 6 11 13 16
771Wfraamn00Ldd33H,7,shape-L,none,mixed,2 2 3 4 8 13 17
771WYYwtoW00JP953F,7,shape-L,none,mixed,1 1 3 9 11 11 13
771WBCIXICe9CIXIi8,7,shape-cross,none,mixed,1 1 8 8 8 10 13
771WKCIXIEA0CoXISO,7,shape-cross,none,mixed,2 2 3 6 7 13 16
771W44553D86665UO9,7,shape-corner,none,mixed,2 3 6 6 7 9 16
771W0DkESiiuYa0eqa,7,shape-T,none,mixed,1 3 5 5 10 12 13
771WZbeiYY0099Tb5L,7,shape-L,none,mixed,1 2 4 9 10 10 13
771W4544D8K4455IIq,7,shape-corner,none,mixed,1 2 5 8 8 9 16
771W446688a5447MAA,7,shape-corner,none,distinct,1 2 6 7 8 9 16
771WfnfYoc00dJhff1,7,shape-L,none,mixed,1 3 3 9 9 11 13
771WWiIXISe4TIXJD9,7,shape-cross,none,mixed,3 4 5 5 6 13 13
771W666796I4457568,7,shape-corner,none,mixed,3 4 4 6 7 9 16
771WjiiXog00DB19Db,7,shape-L,none,mixed,1 3 4 6 9 13 13
771W0CCDTlFZYa0YWe,7,shape-T,none,distinct,1 2 4 6 11 12 13
771WWbiiom00D9LbZp,7,shape-L,none,mixed,1 2 2 10 10 11 13
771WrYbcoe00JrtJv9,7,shape-L,none,mixed,2 4 7 7 8 8 13
771WaigdcY0099fJD5,7,shape-L,none,distinct,1 4 5 7 9 10 13
771WaiWrcY00THXRTL,7,shape-L,none,distinct,1 3 4 5 6 13 17
771WmCIXJj1XEoXIE8,7,shape-cross,none,mixed,1 1 4 10 10 10 13
771W6555l8864442aA,7,shape-corner,none,mixed,1 2 4 8 8 10 16
771W8DJXJC0CCIXoiY,7,shape-cross,none,mixed,1 3 4 4 8 13 16
771W445742q6766B4O,7,shape-corner,none,mixed,1 1 4 8 9 10 16
771W0CCllzUeZW0Yfe,7,shape-T,none,mixed,1 5 5 5 8 12 13
771W4566AHH4466IIm,7,shape-corner,none,mixed,1 4 5 7 8 8 16
771W3CoXIELHDIXIj8,7,shape-cross,none,distinct,1 2 3 6 9 13 15
771WWiJXok29TJXICG,7,shape-cross,none,mixed,3 3 4 6 8 12 13
771W45565a865558Co,7,shape-corner,none,mixed,1 4 4 7 7 10 16
771Weannwy00H5bNL9,7,shape-L,none,mixed,2 3 4 6 8 13 13
771W0DDECiCXZZ0aee,7,shape-T,none,mixed,2 2 3 5 11 13 13
771WggqzaY00P5PJ1D,7,shape-L,none,mixed,1 1 4 7 9 13 14
771W0CCSSUkabe0YXX,7,shape-T,none,mixed,2 2 5 5 8 13 14
771WZoogsW00pD533Z,7,shape-L,none,mixed,1 1 4 8 9 13 13
771Wgeiaai00BBH9ff,7,shape-L,none,mixed,2 2 6 8 9 9 13
771W0DTDEEEmmu0Waa,7,shape-T,none,mixed,1 3 3 6 9 13 14
771W0CCCDEjfee0YZa,7,shape-T,none,mixed,1 3 4 6 11 11 13
771Wgffaia0033THnf,7,shape-L,none,mixed,2 2 4 5 11 12 13
771W0iCECFCuee0cfg,7,shape-T,none,mixed,1 5 5 6 7 12 13
771W9EIXID24CIXJl2,7,shape-cross,none,distinct,2 3 4 8 9 10 13
771WbEIXIC04ioXIk6,7,shape-cross,none,mixed,2 3 3 6 7 13 15
771W0UjiiiyWmX0eum,7,shape-T,none,mixed,1 2 3 7 10 13 13
771W0CCEkzDXad0eca,7,shape-T,none,mixed,1 4 6 6 8 11 13
771WYjkrrW005BZPvZ,7,shape-L,none,mixed,1 2 5 6 11 11 13
771W0CCCDEFuuu0WZa,7,shape-T,none,mixed,1 3 3 4 12 13 13
771WWYjqmc00n_lpH9,7,shape-L,none,distinct,1 2 5 7 9 12 13
771W55558KI4466PO4,7,shape-corner,none,mixed,2 4 4 5 7 11 16
771W0ESSSyDonX0Wmn,7,shape-T,none,mixed,1 2 4 7 7 13 15
771WYcdaff0099DrDH,7,shape-L,none,mixed,1 5 6 7 7 10 13
771WbamWaY00DLLNLr,7,shape-L,none,mixed,1 5 5 7 7 11 13
771W0SJXpF6YiIXIS1,7,shape-cross,none,distinct,1 2 4 6 8 13 15
771Wnrshee0019Drv5,7,shape-L,none,mixed,2 3 5 8 9 9 13
771WWaqqgY00dptF99,7,shape-L,none,distinct,2 4 5 6 7 12 13
771WYgcaqe00LJXphh,7,shape-L,none,distinct,2 3 4 6 7 13 14
771W677588K445588a,7,shape-corner,none,mixed,2 3 3 4 8 13 16
771WYXcZps00DBBHp9,7,shape-L,none,mixed,2 2 4 7 9 12 13
771W4656A155557Awe,7,shape-corner,none,mixed,3 3 4 6 6 11 16
771W0CCSCCDaai0YYZ,7,shape-T,none,mixed,1 1 5 8 9 12 13
771W5446SS1555459e,7,shape-corner,none,mixed,1 2 4 8 9 9 16
771WqyoXpC02CIXISI,7,shape-cross,none,mixed,3 3 4 5 6 13 15
771W0CClSkkgaY0gae,7,shape-T,none,mixed,2 2 7 7 9 9 13
771W64479IG44755gi,7,shape-corner,none,mixed,1 2 7 7 8 8 16
771W5447IIA4455be4,7,shape-corner,none,mixed,2 2 6 7 7 9 16
771WaYfamu00PVDfPH,7,shape-L,none,mixed,1 2 5 5 10 13 13
771W0ECCCSSYYX0euu,7,shape-T,none,mixed,1 2 4 4 12 13 13
771Wedaivn00LJv5r1,7,shape-L,none,distinct,1 2 5 6 8 13 14
771WekuYca00T5Dx99,7,shape-L,none,mixed,1 1 6 7 10 11 13
771W1DIXJDb8DJXIS8,7,shape-cross,none,mixed,3 4 4 5 7 13 13
771Wcafadi0033PDhr,7,shape-L,none,mixed,2 2 5 5 7 13 15
771W0lUiSSSayW0eWm,7,shape-T,none,distinct,1 2 4 6 8 13 15
771W8CIXoEI4EJXIC8,7,shape-cross,none,mixed,1 4 6 7 9 9 13
771W0STFDCCeee0aeo,7,shape-T,none,distinct,2 3 4 6 9 12 13
771WcooZYm00fppJ95,7,shape-L,none,distinct,2 3 4 7 8 12 13
771WcstoqY005hh71P,7,shape-L,none,distinct,1 4 5 6 8 12 13
771W0FFCCiCXZZ0eWe,7,shape-T,none,mixed,2 2 2 3 13 13 14
771Weeueea00T5FDDD,7,shape-L,none,mixed,1 4 5 7 7 12 13
771W54448CG4456LLr,7,shape-corner,none,mixed,1 5 6 6 7 8 16
771WQSIXJUI0CIXoC2,7,shape-cross,none,mixed,2 2 5 5 9 13 13
771W0iijDECWqq0heY,7,shape-T,none,distinct,1 2 4 8 9 12 13
771WYgguej0059jl75,7,shape-L,none,distinct,2 4 5 6 9 10 13
771WGUIXJUG0CIXJig,7,shape-cross,none,mixed,1 2 4 7 9 13 13
771W0EESSiiega0emm,7,shape-T,none,mixed,2 2 5 6 7 13 14
771Wksshbb001fDL91,7,shape-L,none,mixed,2 3 5 5 9 12 13
771W0yyFDDCeWe0Wif,7,shape-T,none,mixed,1 2 2 3 13 14 14
771WbyggfW00RhHH5Z,7,shape-L,none,mixed,1 3 4 5 10 13 13
771WWrkcaa00dNFbnX,7,shape-L,none,mixed,3 3 4 6 9 11 13
771Wahyjcc009Hbn5v,7,shape-L,none,distinct,1 4 5 6 9 11 13
771W0CCiCEDeii0XZY,7,shape-T,none,mixed,2 2 3 6 10 13 13
771Wonhnqa00ZPHLj5,7,shape-L,none,mixed,1 5 5 6 8 11 13
771W6644Ram4657KYa,7,shape-corner,none,mixed,2 2 4 5 9 11 16
771Wu_anmm001PfPfT,7,shape-L,none,distinct,1 2 4 6 9 13 14
771W0EECCySXYY0iaa,7,shape-T,none,mixed,2 2 3 7 9 13 13
771W0iiSSEEYga0XYY,7,shape-T,none,mixed,1 4 5 6 7 13 13
771W0DFCjDibYY0meb,7,shape-T,none,mixed,1 2 3 6 11 13 13
771WbZXYcg00557ZP9,7,shape-L,none,mixed,2 3 3 5 6 13 17
771WKSIXIy2ADJXJC0,7,shape-cross,none,mixed,1 3 4 6 6 13 16
771W0CCCilErmm0YWZ,7,shape-T,none,mixed,1 2 2 3 13 13 15
771W4674A0a4557ciq,7,shape-corner,none,mixed,2 3 3 3 6 16 16
771W0CCFkCSYab0Ygc,7,shape-T,none,distinct,1 3 6 7 9 10 13
771W4655LHQ4454YJ8,7,shape-corner,none,mixed,1 5 6 6 7 8 16
771W0EFySCDaiY0Wen,7,shape-T,none,mixed,1 1 3 8 9 13 14
771W0CSDDTDppe0iiW,7,shape-T,none,mixed,2 2 4 6 10 12 13
771W0iiEECCeee0agg,7,shape-T,none,mixed,2 4 4 7 7 12 13
771W4446Gee6466QMM,7,shape-corner,none,mixed,2 5 6 6 6 8 16
771WaZaigf00559rZJ,7,shape-L,none,mixed,1 4 4 6 9 12 13
771Waajrrf003DNHH3,7,shape-L,none,mixed,1 3 4 9 9 10 13
771W0iiiCCEeaa0ZYY,7,shape-T,none,distinct,1 2 5 6 10 12 13
771Wbimyie005PhHHn,7,shape-L,none,mixed,1 2 5 5 7 13 16
771W0CCjzUigbW0XYg,7,shape-T,none,mixed,2 2 4 5 11 12 13
771Waalkoo0015Pbnf,7,shape-L,none,mixed,1 3 6 7 7 12 13
771W0CETiSyWde0mei,7,shape-T,none,mixed,1 1 5 5 12 12 13
771W8CIXIE84CIXJTH,7,shape-cross,none,mixed,1 4 7 7 8 9 13
771WacXqXe0059BVlz,7,shape-L,none,distinct,1 3 4 5 9 13 14
771W0CCCSCDaac0eef,7,shape-T,none,mixed,1 1 6 8 9 11 13
771WcDIXIDWeDJXIkH,7,shape-cross,none,mixed,1 3 7 8 8 9 13
771W0CiCSECqig0YZZ,7,shape-T,none,mixed,2 4 5 5 8 12 13
771WWjoXIE4WSIXJSW,7,shape-cross,none,mixed,1 1 1 10 11 12 13
771WWiIXJk6XUIXIC2,7,shape-cross,none,distinct,1 2 5 6 7 13 15
771Waqroii00XbZD9H,7,shape-L,none,mixed,1 3 7 8 8 9 13
771W0iiiSCDmaY0ZZY,7,shape-T,none,distinct,1 2 4 7 10 12 13
771W0CCCiECkee0YZZ,7,shape-T,none,distinct,1 2 4 6 11 12 13
771WeeudZb00LDDB59,7,shape-L,none,mixed,3 3 4 5 8 13 13
771W0DCECCSYYZ0aeu,7,shape-T,none,mixed,1 1 5 6 11 12 13
771WaznXhd00fXN53X,7,shape-L,none,distinct,1 2 3 4 5 13 21
771WYjiimW00BDfrLb,7,shape-L,none,distinct,2 3 4 7 8 12 13
771WgTJXJTG0iIXoi1,7,shape-cross,none,mixed,2 3 3 7 9 12 13
771W0CCDk-yWca0bae,7,shape-T,none,mixed,2 2 4 8 8 12 13
771WkgoneW00JV9f95,7,shape-L,none,mixed,1 4 4 6 7 13 14
771WajpXIC8GCIXICa,7,shape-cross,none,mixed,2 3 6 6 9 10 13
771Wfkhgaa0055LXz5,7,shape-L,none,mixed,1 4 6 6 8 11 13
771W4454IIQ4445LGO,7,shape-corner,none,mixed,1 2 6 6 7 11 16
771W445715A6667PK9,7,shape-corner,none,mixed,2 3 3 7 7 11 16
771Weggile0033HVZb,7,shape-L,none,distinct,1 2 6 8 9 10 13
771Wafumeg00LDpJHX,7,shape-L,none,mixed,2 2 4 6 6 13 16
771Webhgnm0017pJFh,7,shape-L,none,distinct,2 3 5 7 8 11 13
771W0DCCCSUeeg0mnX,7,shape-T,none,mixed,2 2 2 6 10 13 14
771W5755CaK6546m04,7,shape-corner,none,mixed,1 1 3 4 8 16 16
771WYYYmmy0099B9ff,7,shape-L,none,distinct,1 2 3 4 12 13 14
771WcdazZY009D9DPZ,7,shape-L,none,distinct,1 3 5 8 9 10 13
771W0CCDDDSYYZ0aaf,7,shape-T,none,distinct,1 3 5 7 8 12 13
771W0SSSiDEcaW0XXY,7,shape-T,none,mixed,1 1 3 6 11 13 14
771WYpzYaq00XBJDPf,7,shape-L,none,mixed,2 2 3 8 10 11 13
771W44469eK6765OKI,7,shape-corner,none,mixed,3 3 4 6 6 11 16
771WYcdsuf00935bHB,7,shape-L,none,mixed,1 3 4 5 10 13 13
771WYwwxaa009b9D5D,7,shape-L,none,distinct,1 3 6 7 9 10 13
771W0CClCCCkYY0quq,7,shape-T,none,distinct,1 3 5 6 10 11 13
771W6774qG846542Ag,7,shape-corner,none,distinct,1 2 4 6 9 11 16
771W0CCiyEFgYa0YWX,7,shape-T,none,mixed,1 2 2 7 9 13 15
771W5447O884466Yk2,7,shape-corner,none,mixed,1 1 2 8 8 13 16
771W0SDEDCCuue0aio,7,shape-T,none,mixed,2 4 4 6 8 12 13
771W1jpXIC4aCIXIS4,7,shape-cross,none,distinct,1 3 4 8 9 11 13
771WWmiioc00bNND99,7,shape-L,none,mixed,2 4 4 5 7 13 14
771W0DElSCCiaY0eqe,7,shape-T,none,distinct,1 3 4 8 9 11 13
771Wccguea00bfpH99,7,shape-L,none,mixed,2 3 6 6 6 13 13
771W4554SHG4446AAf,7,shape-corner,none,mixed,1 2 6 7 7 10 16
771Wkeeaag0033PxPP,7,shape-L,none,distinct,1 2 4 7 8 13 14
771W0SijCDibmW0bbg,7,shape-T,none,mixed,1 4 4 6 8 13 13
771WWnehqq00XL9DDv,7,shape-L,none,mixed,1 1 6 7 7 13 14
771W0DDCUkiWZb0ifX,7,shape-T,none,mixed,2 3 4 5 9 13 13
771W0CCiSDEeac0XXY,7,shape-T,none,mixed,1 1 3 8 9 13 14
771W8CIXIC14CIXJTP,7,shape-cross,none,distinct,1 2 6 7 9 11 13
771WYaqbYY00LDDb3F,7,shape-L,none,distinct,1 2 4 8 9 12 13
771Whjbcca00XXHh19,7,shape-L,none,mixed,2 2 3 3 12 13 14
771W2CIXISQaioXpC0,7,shape-cross,none,mixed,2 2 5 6 6 13 15
771W0SSiCCEieW0ZYY,7,shape-T,none,mixed,1 1 4 5 12 13 13
771WI-IXICGIkJXIC8,7,shape-cross,none,mixed,3 5 5 6 6 11 13
771W9CIXJE98CIXIDY,7,shape-cross,none,mixed,1 4 4 8 9 10 13
771Waiienm00HLrDDB,7,shape-L,none,mixed,1 5 6 6 9 9 13
771W0EE-FDjebf0WcW,7,shape-T,none,mixed,1 2 7 8 9 9 13
771W4446A6I4457LOO,7,shape-corner,none,mixed,3 3 4 6 8 9 16
771W0iSzzVFWwX0WYe,7,shape-T,none,mixed,2 2 4 6 10 12 13
771Waesqoq001Lr3VV,7,shape-L,none,mixed,2 2 3 4 9 13 16
771WYYZaYa00DDDF5T,7,shape-L,none,distinct,1 3 5 7 8 12 13
771WYysZbe00ZhRr93,7,shape-L,none,distinct,2 3 5 7 9 10 13
771W0CCSCECiie0ZYY,7,shape-T,none,distinct,1 2 5 6 10 12 13
771W4455O884464OOK,7,shape-corner,none,mixed,1 2 2 6 8 14 16
771W0CECEkkYXX0imm,7,shape-T,none,mixed,2 2 3 4 11 13 14
771Wqaikrk00X7H973,7,shape-L,none,mixed,1 2 4 5 12 12 13
771WbZYnpf00933ZT5,7,shape-L,none,mixed,2 3 4 4 5 13 18
771WHSIXojX0CIXok6,7,shape-cross,none,mixed,2 2 5 7 10 10 13
771W0CoXpC8KEIXICA,7,shape-cross,none,mixed,1 2 2 7 8 13 16
771WefXmqa00PNdXXf,7,shape-L,none,mixed,2 2 4 4 5 13 19
771W4CoXoE2pjpXIC0,7,shape-cross,none,mixed,3 4 4 4 6 13 15
771WWDIXIUAbDIXISW,7,shape-cross,none,mixed,1 3 4 4 10 13 14
771WieeeYv0057rLJH,7,shape-L,none,mixed,1 1 7 8 8 11 13
771WgwqquW00ZZLP99,7,shape-L,none,mixed,2 4 4 6 7 13 13
771WYgbjrZ0075vZJ1,7,shape-L,none,mixed,1 1 7 8 8 11 13
771WaWXgqW00ZbjFFN,7,shape-L,none,mixed,2 3 3 3 8 13 17
771WKSIXJSG0CIXokY,7,shape-cross,none,mixed,1 3 3 7 9 13 13
771W0CCEFESYYZ0eXd,7,shape-T,none,mixed,1 1 5 6 11 12 13
771Weuxooa00bB33PH,7,shape-L,none,mixed,1 3 4 4 8 13 16
771WGTJXIi09EoXICa,7,shape-cross,none,distinct,1 3 4 6 8 13 14
771W4467MMo5444H48,7,shape-corner,none,mixed,1 4 5 7 7 9 16
771WaZYorm00955Zdp,7,shape-L,none,mixed,1 3 3 6 7 13 16
771Wfnffem00nJbbb9,7,shape-L,none,mixed,1 3 3 7 10 12 13
771WcgbrrX00PJp9P3,7,shape-L,none,mixed,1 5 5 7 7 11 13
771Wnngirm001NBBJ7,7,shape-L,none,distinct,1 3 5 8 9 10 13
771WYmtmae00bLN9vf,7,shape-L,none,distinct,1 2 3 5 11 13 14
771WbwYcgs00bNd9X1,7,shape-L,none,mixed,2 3 4 4 11 12 13
771W0EECESSYYX0ecc,7,shape-T,none,mixed,1 2 2 4 13 13 14
771WaccjbY0055DZB3,7,shape-L,none,distinct,1 2 6 7 9 11 13
771W4CIXIi99EIXIC9,7,shape-cross,none,mixed,1 4 5 8 9 9 13
771WeasnWX00rffH97,7,shape-L,none,mixed,1 2 2 5 10 13 16
771WYZqyqe00J5FHHX,7,shape-L,none,mixed,1 3 3 4 11 13 14
771Wbfmuee00bv9ffP,7,shape-L,none,mixed,2 2 4 5 11 12 13
771WogjXnn005bTDT1,7,shape-L,none,mixed,1 2 7 8 8 10 13
771WdkemYg005DdN1X,7,shape-L,none,mixed,1 2 2 6 8 13 17
771W0CCCDiiYXX0ggi,7,shape-T,none,mixed,2 2 5 6 7 13 14
771W56668mm4664a4a,7,shape-corner,none,distinct,1 2 3 5 8 14 16
771W6565HH844559nP,7,shape-corner,none,mixed,3 3 4 4 7 12 16
771W0CCCkECsmm0baa,7,shape-T,none,distinct,1 2 3 7 9 13 14
771Wgjueqa003TbHnX,7,shape-L,none,distinct,1 2 4 5 8 13 16
771W4667FC47774Y82,7,shape-corner,none,mixed,3 3 4 6 8 9 16
771W4446UeW4754gaa,7,shape-corner,none,mixed,2 3 3 4 8 13 16
771WYehhvY00DBddJ9,7,shape-L,none,mixed,3 4 5 5 8 11 13
771WYmbkkb00LbhnR9,7,shape-L,none,mixed,2 5 5 5 6 13 13
771W0kkDCDEeee0Wfc,7,shape-T,none,distinct,2 3 4 5 10 12 13
771W1DJXJS44CJXIS2,7,shape-cross,none,mixed,1 1 5 7 8 13 14
771WYa-qia00BNBfHH,7,shape-L,none,mixed,3 3 4 6 9 11 13
771WoYq_XX00bPLP59,7,shape-L,none,mixed,1 3 3 8 9 12 13
771WmarieY00HfhVTL,7,shape-L,none,distinct,2 4 6 7 8 9 13
771W44459AG4455LMQ,7,shape-corner,none,mixed,2 5 5 6 7 8 16
771Wabjckg0099LB9X,7,shape-L,none,mixed,2 3 7 8 8 8 13
771W0CCEDCCuuu0gca,7,shape-T,none,mixed,3 3 3 7 8 12 13
771Wrtwwoo0015HXXH,7,shape-L,none,mixed,2 2 6 6 9 11 13
771W44655ae6555GOI,7,shape-corner,none,mixed,2 2 4 6 7 12 16
771Wrqpqee00955P9n,7,shape-L,none,distinct,1 3 5 6 9 12 13
771WackooX00JP9Xpn,7,shape-L,none,mixed,2 3 4 7 7 13 13
771W4CIXJD2CCIXJD2,7,shape-cross,none,mixed,1 3 3 9 10 10 13
771WWdWruu00fXbTzb,7,shape-L,none,distinct,1 2 3 7 8 13 15
771WYkcatW00JLbBjh,7,shape-L,none,mixed,2 4 5 8 8 9 13
771Wirrbmm001jjHHb,7,shape-L,none,distinct,1 3 4 5 9 13 14
771W0CEESiCdaY0imm,7,shape-T,none,mixed,1 1 4 7 10 13 13
771W0CCD-ySYbW0acg,7,shape-T,none,mixed,2 3 3 7 8 13 13
771WZfjaia00bbBHn9,7,shape-L,none,mixed,1 3 5 8 8 11 13
771WiogvXi00Bt1Zhf,7,shape-L,none,distinct,2 3 4 5 6 13 16
771W2iIXISIaSJXpC0,7,shape-cross,none,distinct,1 3 4 6 7 13 15
771WoccWei005bXhBB,7,shape-L,none,mixed,2 3 3 4 6 13 18
771Wgfsnee00HDPPfL,7,shape-L,none,mixed,1 3 6 6 8 12 13
771W0CIXJTR8CIXJSG,7,shape-cross,none,mixed,2 2 4 6 7 13 15
771W0CSClCEkem0bYa,7,shape-T,none,mixed,1 1 5 7 10 12 13
771W1DJXIimACJXIU2,7,shape-cross,none,mixed,1 2 6 6 8 13 13
771WWcmpuX00JJLbTR,7,shape-L,none,mixed,1 1 3 10 10 11 13
771WaanrvW003JLTTJ,7,shape-L,none,mixed,2 3 6 7 9 9 13
771WaYihXW00LLDzXh,7,shape-L,none,mixed,2 2 3 4 8 13 17
771W46557ag6445bI8,7,shape-corner,none,mixed,2 2 6 6 8 9 16
771W0CCDDiiYXX0gga,7,shape-T,none,mixed,2 2 4 7 7 13 14
771W4574KpW6544Q9Y,7,shape-corner,none,distinct,1 2 3 6 9 12 16
771WeeikXa00bbLB75,7,shape-L,none,mixed,2 2 4 6 9 13 13
771W0CEkDCSeab0csm,7,shape-T,none,distinct,1 2 5 8 9 11 13
771W0kEECCCuee0cYY,7,shape-T,none,distinct,1 3 5 6 9 12 13
771W0DDEziSadW0Wio,7,shape-T,none,mixed,1 1 4 4 13 13 13
771Wwxhffe001HHH9Z,7,shape-L,none,mixed,2 4 4 4 10 12 13
771WYYZghe0055BBLB,7,shape-L,none,mixed,4 4 4 5 5 13 14
771Wjeee_m0053LprJ,7,shape-L,none,mixed,2 2 6 7 9 10 13
771W4466qKO46458KK,7,shape-corner,none,mixed,1 4 5 5 7 11 16
771WebapeY0095dFBt,7,shape-L,none,distinct,1 2 5 7 10 11 13
771WgYcaWc00LLrp99,7,shape-L,none,mixed,1 2 6 6 6 13 15
771WoovXYe009PJJL5,7,shape-L,none,mixed,1 3 6 6 6 13 14
771W0kkiiSDYYX0fXW,7,shape-T,none,mixed,2 2 4 5 9 13 14
771W0SyCEijoeW0aYZ,7,shape-T,none,mixed,1 2 3 6 11 13 13
771W0kUSzzCWrX0iaX,7,shape-T,none,mixed,2 2 6 7 9 10 13
771W4455rB94664A9G,7,shape-corner,none,mixed,1 5 5 7 7 8 16
771Wgafbqq00bXPnHL,7,shape-L,none,mixed,2 2 2 5 11 13 14
771W9DoXIC0IUIXIU2,7,shape-cross,none,mixed,1 4 5 6 7 13 13
771W4445AQg4566IKO,7,shape-corner,none,mixed,3 4 6 6 7 7 16
771Weepkco00LFRP9H,7,shape-L,none,mixed,3 5 5 7 7 9 13
771W0EECFSCXXZ0Yig,7,shape-T,none,mixed,1 3 4 7 7 13 14
771Wifeeun0055pJJX,7,shape-L,none,distinct,1 2 5 6 8 13 14
771Wqemsff001rb9DD,7,shape-L,none,mixed,2 2 2 7 9 13 14
771WCCJXICO0CJXIEI,7,shape-cross,none,mixed,1 1 4 7 7 13 16
771Wiknass00HDTjP1,7,shape-L,none,mixed,2 2 4 6 9 13 13
771WbasYXp00HBBprH,7,shape-L,none,mixed,2 3 4 6 8 13 13
771WXaukko009JJhf9,7,shape-L,none,mixed,2 3 6 6 9 10 13
771W0DCyiSCYgb0eeu,7,shape-T,none,mixed,1 4 5 5 9 12 13
771WaqqvZY00bPTD93,7,shape-L,none,distinct,2 3 5 6 9 11 13
771Wiizwwq001J3B9H,7,shape-L,none,mixed,2 3 7 8 8 8 13
771W0EESijDXcg0eWY,7,shape-T,none,mixed,2 2 3 5 10 13 14
771WiikYYm0013BRJJ,7,shape-L,none,mixed,1 3 5 6 6 13 15
771WgYlWoo00jfH9LD,7,shape-L,none,mixed,2 2 4 5 9 13 14
771W0CCDjCSYab0eec,7,shape-T,none,mixed,1 1 7 7 10 10 13
771W0yyiiSDWYf0YYZ,7,shape-T,none,distinct,1 2 5 7 9 12 13
771WedXkgc0055hrfH,7,shape-L,none,mixed,1 4 5 5 7 13 14
771W4454aKO4645SSC,7,shape-corner,none,distinct,2 3 5 6 7 10 16
771Woarife00nPHrLB,7,shape-L,none,mixed,1 6 6 6 7 10 13
771W4464KSa4547uWW,7,shape-corner,none,mixed,1 1 3 5 6 16 17
771W4547HG84476gkO,7,shape-corner,none,mixed,1 4 5 5 7 11 16
771W0iCiECCqee0acc,7,shape-T,none,distinct,1 2 6 7 9 11 13
771Wgegggm0013RRZZ,7,shape-L,none,mixed,2 2 4 5 11 12 13
771W0EEEUjScbY0eYX,7,shape-T,none,distinct,2 3 5 7 9 10 13
771Wbawqqa00L3RP1X,7,shape-L,none,mixed,1 2 2 4 11 13 16
771W5564Y986446ko1,7,shape-corner,none,mixed,1 2 3 7 10 10 16
771W0ikECECeee0boo,7,shape-T,none,mixed,2 4 5 5 8 12 13
771Wabbfoc0057Fjf5,7,shape-L,none,mixed,4 4 4 6 7 11 13
771WWXgioq00LL5FPf,7,shape-L,none,distinct,2 3 4 5 8 13 14
771W1koXJCWXDJXoCY,7,shape-cross,none,mixed,1 1 1 8 10 13 15
771W0yCFF_SXoW0afe,7,shape-T,none,mixed,1 3 3 7 8 13 14
771Wgswhee00ZBr595,7,shape-L,none,mixed,2 5 6 7 7 9 13
771WWmkksa00ZLLJ99,7,shape-L,none,mixed,2 3 5 6 7 13 13
771W0SSSiSTacW0ZZY,7,shape-T,none,distinct,2 4 5 6 7 12 13
771WZanaWe00NFDrrD,7,shape-L,none,distinct,1 2 4 5 10 13 14
771WaggjXr00XZlbD1,7,shape-L,none,distinct,1 2 3 6 10 13 14
771Weuaxgi00bPPB59,7,shape-L,none,mixed,3 5 5 5 6 12 13
771WXbbdZk00nnpD13,7,shape-L,none,mixed,1 1 3 5 13 13 13
771Wacjrbb0059PXH5,7,shape-L,none,mixed,1 2 7 8 9 9 13
771WfZZZaX00bbbdB5,7,shape-L,none,mixed,2 4 5 5 8 12 13
771W665584255575KK,7,shape-corner,none,distinct,2 4 5 6 7 9 16
771W0CCDyEEaca0acg,7,shape-T,none,mixed,1 4 6 8 8 9 13
771Wcaqauq009LNnHH,7,shape-L,none,mixed,1 3 5 7 7 13 13
771W55776gi6666H04,7,shape-corner,none,mixed,2 4 4 4 6 13 16
771WemqXou00LfBRTL,7,shape-L,none,distinct,2 3 4 6 10 11 13
771WaabhjY0033BTR9,7,shape-L,none,mixed,2 3 4 7 7 13 13
771Waagjoo0055PDTH,7,shape-L,none,mixed,2 2 7 7 8 10 13
771W0SiUDDCeua0iaX,7,shape-T,none,distinct,1 3 4 7 10 11 13
771W5465G994466wg4,7,shape-corner,none,distinct,1 2 6 7 8 9 16
771WXiqWcb00BJpjh9,7,shape-L,none,mixed,1 3 3 7 8 13 14
771W0CSCSSTeeq0YYZ,7,shape-T,none,mixed,1 3 5 5 10 12 13
771WWqrqiX00ZljJJ9,7,shape-L,none,distinct,2 4 5 6 9 10 13
771W0DECCSSYYX0uWm,7,shape-T,none,mixed,1 1 1 4 13 13 16
771Wmfdaga001XNVBZ,7,shape-L,none,distinct,1 2 3 7 9 13 14
771Wfiagae00ffNjb5,7,shape-L,none,mixed,2 4 7 7 7 9 13
771WfucYYY00JZJBHn,7,shape-L,none,mixed,1 3 4 8 8 12 13
771Waemc-W00LRj7BB,7,shape-L,none,mixed,1 4 5 5 8 13 13
771W0lUUECCaqe0YWm,7,shape-T,none,mixed,1 3 4 5 10 13 13
771W9CIXIC94CIXoi5,7,shape-cross,none,mixed,1 3 7 8 8 9 13
771WcjJXIC4IEIXIiG,7,shape-cross,none,mixed,2 3 4 7 10 10 13
771W2SIXIC48CoXoia,7,shape-cross,none,distinct,1 2 6 8 9 10 13
771WgccXXe0099hR3B,7,shape-L,none,distinct,1 2 3 4 8 13 18
771WuqoYei009HtL55,7,shape-L,none,mixed,1 3 3 7 11 11 13
771W0CiCDFDeuu0bcW,7,shape-T,none,mixed,2 3 3 4 12 12 13
771W0EEEFkkYXX0WWc,7,shape-T,none,mixed,1 2 2 6 11 13 14
771W44652AC6665PC8,7,shape-corner,none,mixed,1 1 6 8 8 9 16
771W4EJXICG9DJXoCG,7,shape-cross,none,mixed,1 2 6 6 9 12 13
771WASIXICI8CpXpC0,7,shape-cross,none,distinct,1 2 3 7 8 13 15
771W0CiiylDnYa0XYY,7,shape-T,none,mixed,2 3 4 6 8 13 13
771W0TVTiCCYae0ema,7,shape-T,none,mixed,2 3 3 7 9 12 13
771W0kEkECCqee0aYY,7,shape-T,none,distinct,1 3 6 7 8 11 13
771W4665sAA4664YC8,7,shape-corner,none,mixed,1 5 6 7 7 7 16
771W4465KIW4566APL,7,shape-corner,none,mixed,2 3 5 7 7 9 16
771Wqehjaa00b5rPH5,7,shape-L,none,mixed,1 3 6 8 9 9 13
771WWooaab00n99Dbd,7,shape-L,none,mixed,1 1 5 7 10 12 13
771Wmgiqsr00Xf9LZX,7,shape-L,none,distinct,1 3 6 7 8 11 13
771WYYcgie00DD3T99,7,shape-L,none,distinct,1 2 4 6 9 13 14
771Wmcdbff001Xbbjn,7,shape-L,none,mixed,3 4 4 5 6 13 14
771W0yiiDDEamW0WXb,7,shape-T,none,mixed,1 2 2 3 13 14 14
771Wbedxti0093zJHZ,7,shape-L,none,mixed,1 4 4 6 9 12 13
771Wqqsuqu001XlHPP,7,shape-L,none,mixed,2 2 6 6 8 12 13
771W0DCDCiSXZY0uua,7,shape-T,none,mixed,2 2 3 5 11 13 13
771WokoXISa8DoXIC0,7,shape-cross,none,mixed,3 4 4 4 6 13 15
771Wiyromm00XH1PTD,7,shape-L,none,mixed,2 2 3 5 7 13 17
771W6677ee1455595K,7,shape-corner,none,distinct,2 3 4 6 8 10 16
771Wgqqopo00Hf9f53,7,shape-L,none,mixed,3 3 4 6 9 11 13
771W0kUSFCCWmq0gaY,7,shape-T,none,mixed,2 2 2 7 9 13 14
771W0yiiCDEamW0XXY,7,shape-T,none,mixed,1 1 3 3 13 14 14
771Wigeaba0099fXHN,7,shape-L,none,mixed,1 1 5 6 9 13 14
771WXnqnab00XLLTTB,7,shape-L,none,mixed,1 5 6 6 9 9 13
771W4456MAA4466A8G,7,shape-corner,none,mixed,2 2 4 8 8 9 16
771W0CCCjiDiff0YYb,7,shape-T,none,mixed,1 5 6 6 7 11 13
771W0DECyCiYbZ0emm,7,shape-T,none,distinct,1 2 3 5 11 13 14
771WormWlb00BJLpLX,7,shape-L,none,mixed,3 3 4 4 5 13 17
771W6SIXIk25EoXoC0,7,shape-cross,none,mixed,1 1 3 8 9 13 14
771W0CCVEiCfgc0gWi,7,shape-T,none,distinct,1 2 5 6 7 13 15
771Wiigyma005BNPHH,7,shape-L,none,distinct,2 3 4 6 7 13 14
771WXcoofX00NNHXb3,7,shape-L,none,mixed,1 2 2 8 8 13 15
771WcbnbrW00RLLBh5,7,shape-L,none,distinct,1 4 5 6 9 11 13
771WAiIXIEGmCJXpC8,7,shape-cross,none,mixed,1 1 2 7 10 13 15
771WbbbeWY0099DTV7,7,shape-L,none,mixed,2 2 4 7 9 12 13
771W4476E1L4457II8,7,shape-corner,none,mixed,1 2 3 7 7 13 16
771W4745IO84456gUg,7,shape-corner,none,distinct,3 4 5 6 7 8 16
771WaYXsqq00bfffLD,7,shape-L,none,mixed,2 3 6 6 7 12 13
771W8CIXJTJ0CIXJSO,7,shape-cross,none,mixed,2 4 4 4 7 13 15
771WXcZYqq00LHHdx3,7,shape-L,none,mixed,1 2 3 8 9 13 13
771Wabwfge00PH3JTf,7,shape-L,none,mixed,1 3 5 7 7 13 13
771WeCIXIC8eCIXISK,7,shape-cross,none,mixed,1 3 7 7 9 9 13
771W0U_ySSCmaX0eem,7,shape-T,none,mixed,2 3 4 5 9 13 13
771WgwYXaY00bL57DD,7,shape-L,none,distinct,1 3 5 6 7 13 14
771W0ikiDDTaWX0emq,7,shape-T,none,mixed,1 3 3 4 11 13 14
771Wpsgcai003JPbX1,7,shape-L,none,mixed,1 2 4 5 11 13 13
771WXTIXICY0jJXJSK,7,shape-cross,none,distinct,2 3 4 7 8 12 13
771WiYmaaa00LDjfPP,7,shape-L,none,distinct,1 4 5 6 9 11 13
771W0iSCEDCmme0aYZ,7,shape-T,none,mixed,1 1 3 6 11 13 14
771WiggnrZ009F7Z95,7,shape-L,none,mixed,2 2 6 6 8 12 13
771W0iySCCEaim0ZYY,7,shape-T,none,distinct,1 3 4 5 11 12 13
771W44466og4676QGG,7,shape-corner,none,mixed,2 3 5 6 6 11 16
771W0EEEFCSZZY0YaY,7,shape-T,none,mixed,2 4 4 7 7 12 13
771Wbrrbbe00f13JJ9,7,shape-L,none,mixed,2 3 4 6 6 13 15
771Wef_XXq00nhJBJX,7,shape-L,none,mixed,2 2 3 7 8 13 14
771W0CCDziSadW0YYg,7,shape-T,none,mixed,1 2 4 6 10 13 13
771WaqccaX00rLLJ75,7,shape-L,none,mixed,1 5 6 6 8 10 13
771W4ioXIEaeDJXJC0,7,shape-cross,none,mixed,1 2 3 7 7 13 16
771Wicrsqe00pX3bPH,7,shape-L,none,distinct,2 3 4 5 10 12 13
771W0CCCE-EXYZ0qmm,7,shape-T,none,mixed,1 3 3 4 12 13 13
771W47779OI4465bWI,7,shape-corner,none,mixed,3 3 4 4 7 12 16
771WXYuvnf009JTTj9,7,shape-L,none,mixed,3 3 4 7 9 10 13
771Weefqo-0019hbXv,7,shape-L,none,mixed,1 1 4 7 9 13 14
771Wneegqq005Zlfb5,7,shape-L,none,mixed,2 2 4 8 9 11 13
771Wfeggpq0055HJ3b,7,shape-L,none,distinct,1 2 4 8 9 12 13
771W0SSiiTSWgX0ccb,7,shape-T,none,distinct,1 4 5 7 9 10 13
771W0EliCCCcoo0eme,7,shape-T,none,mixed,2 3 5 6 7 13 13
771W0DDSSiCZYe0eem,7,shape-T,none,mixed,1 1 4 7 10 13 13
771W0iiSTTUWea0WXb,7,shape-T,none,mixed,2 2 3 5 10 13 14
771W0DDDySSacW0eea,7,shape-T,none,distinct,1 3 4 5 11 12 13
771W4465EQP4464Q58,7,shape-corner,none,mixed,1 2 6 6 7 11 16
771WacpmaY009LLZRB,7,shape-L,none,distinct,1 2 6 7 8 12 13
771W0DDCSCSaaZ0eem,7,shape-T,none,mixed,1 1 4 7 10 13 13
771WcaiiYY00LL9rHH,7,shape-L,none,distinct,1 4 5 7 9 10 13
771WaYyrue00H3TrLP,7,shape-L,none,mixed,1 5 5 5 9 11 13
771W0yyDFCCeWe0igY,7,shape-T,none,mixed,2 2 3 7 8 13 14
771Wokkeee005bf999,7,shape-L,none,distinct,2 4 5 6 7 12 13
771Waeilca00HHrB95,7,shape-L,none,mixed,2 2 5 6 10 11 13
771WgiXWim00HJNrLD,7,shape-L,none,distinct,1 3 4 6 8 13 14
771Whiguee00D1Hnf9,7,shape-L,none,mixed,1 1 3 6 11 13 14
771WaaYhgY00PPJJ7B,7,shape-L,none,mixed,2 3 6 8 8 9 13
771W5444c846447KIo,7,shape-corner,none,mixed,1 1 5 8 8 10 16
771WYYgmfj009DHJBD,7,shape-L,none,mixed,2 2 5 6 10 11 13
771W0CCDCCSZZY0aai,7,shape-T,none,distinct,1 2 4 8 9 12 13
771W4557aan454495e,7,shape-corner,none,distinct,1 2 3 8 9 10 16
771W5CIXICY9CIXpyG,7,shape-cross,none,mixed,1 2 4 9 10 10 13
771W0DDDFCiYZZ0aYa,7,shape-T,none,distinct,2 3 4 7 8 12 13
771WWccohg00fbbDdX,7,shape-L,none,mixed,1 4 5 8 9 9 13
771WAEIXpC40EIXICA,7,shape-cross,none,distinct,1 2 3 6 7 13 17
771W0CCSijCbae0XXZ,7,shape-T,none,mixed,1 2 3 8 8 13 14
771Wefvaio00LFBB9X,7,shape-L,none,mixed,3 3 5 5 10 10 13
771W0EJXoC0YkoXoEI,7,shape-cross,none,mixed,1 1 4 7 10 13 13
771W5564Iae4645UK4,7,shape-corner,none,mixed,1 4 4 7 8 9 16
771W5566OGG4464eq4,7,shape-corner,none,mixed,1 2 3 6 6 15 16
771WpXfbqn00LnvpJ5,7,shape-L,none,distinct,2 3 4 7 9 11 13
771Waialem0057v5D9,7,shape-L,none,mixed,1 1 3 10 10 11 13
771W0DjkyCCWsq0eia,7,shape-T,none,mixed,1 4 4 4 10 13 13
771Weey-oa00BHLB33,7,shape-L,none,mixed,2 2 3 5 9 13 15
771W5656E8a4555Au8,7,shape-corner,none,distinct,2 3 4 5 7 12 16
771W0SSCSFCaag0ZYX,7,shape-T,none,mixed,1 2 4 8 8 13 13
771W0DIXITK8CIXIUn,7,shape-cross,none,distinct,1 3 5 6 7 13 14
771WYYqaYi00JB9VPP,7,shape-L,none,distinct,2 3 4 8 9 10 13
771W0CCi-yVfWa0aZY,7,shape-T,none,mixed,1 3 3 6 11 12 13
771W0iiSCCEmea0ZYY,7,shape-T,none,mixed,1 1 5 5 12 12 13
771W0jjiCCiXaa0eem,7,shape-T,none,mixed,1 1 4 6 11 13 13
771W5746hKH4646fJK,7,shape-corner,none,mixed,2 3 5 7 8 8 16
771Weqwpgo00XNfP9D,7,shape-L,none,mixed,1 5 6 6 9 9 13
771W4CoXoEAIEIXIC0,7,shape-cross,none,mixed,1 3 3 6 8 13 15
771W0CDDECiZYY0aco,7,shape-T,none,mixed,1 4 5 7 7 12 13
771W0SSSCECaae0ZYY,7,shape-T,none,distinct,1 2 5 6 10 12 13
771W445592g6776AAG,7,shape-corner,none,mixed,2 3 5 7 8 8 16
771Waiajmv0015x77D,7,shape-L,none,mixed,1 1 3 8 11 12 13
771WYgkpmW00ZffnLP,7,shape-L,none,mixed,3 3 4 4 6 13 16
771W4466C9e4554AML,7,shape-corner,none,mixed,2 4 5 7 7 8 16
771WWmbrbb00bPPDDH,7,shape-L,none,mixed,2 4 4 5 8 13 13
771W6655JGO4454aI4,7,shape-corner,none,mixed,1 1 6 6 6 13 16
771W0DiiFCCqee0aYq,7,shape-T,none,distinct,1 2 5 8 9 11 13
771Weeqjji009HP997,7,shape-L,none,distinct,1 3 5 7 8 12 13
771Wabeqoo0099PrnH,7,shape-L,none,mixed,2 3 4 8 8 11 13
771Wqzhfnm00HLXnf3,7,shape-L,none,mixed,2 3 3 6 7 13 15
771W0CEDyCDaYc0meb,7,shape-T,none,mixed,1 1 6 7 10 11 13
771W0CCDTSDeej0YYf,7,shape-T,none,mixed,1 2 6 7 10 10 13
771WWYqbXa00V77Ndf,7,shape-L,none,mixed,1 3 5 5 7 13 15
771WoiiWbn00fBZjDD,7,shape-L,none,distinct,1 2 6 7 8 12 13
771Weukiic00XHBJ99,7,shape-L,none,distinct,1 2 3 9 10 11 13
771W0DFDCiCZXX0iqW,7,shape-T,none,mixed,1 3 3 3 12 13 14
771W4576QII4464GGe,7,shape-corner,none,distinct,1 2 5 6 9 10 16
771W4SJXIC2AEoXJS0,7,shape-cross,none,mixed,1 1 3 8 8 13 15
771W0CCFESCZZY0egc,7,shape-T,none,distinct,2 3 4 7 8 12 13
771W4446oSK4656QGG,7,shape-corner,none,mixed,1 3 5 5 6 13 16
771W46546In5466qH8,7,shape-corner,none,mixed,1 1 6 7 8 10 16
771W0CCiikjaee0XZY,7,shape-T,none,mixed,2 3 3 7 8 13 13
771W0CCFEiSXZY0eYk,7,shape-T,none,mixed,1 2 3 8 9 13 13
771W0SSSyCEYaY0ZYY,7,shape-T,none,mixed,1 4 5 7 7 12 13
771W0SSFjiCbWe0cgY,7,shape-T,none,mixed,2 2 3 6 9 13 14
771WbYessa0039PpvP,7,shape-L,none,mixed,2 3 6 7 7 11 13
771Wabjoma009BR95j,7,shape-L,none,distinct,1 2 5 8 9 11 13
771WYogvqq00fL17FB,7,shape-L,none,mixed,3 3 4 4 6 13 16
771WaduWef00LDJpZH,7,shape-L,none,mixed,1 3 4 4 7 13 17
771W0CDjiiSfXW0YYs,7,shape-T,none,mixed,2 2 3 6 10 13 13
771W4CoXIS83VIXIC4,7,shape-cross,none,mixed,1 2 4 9 9 11 13
771Woociee009PLT55,7,shape-L,none,mixed,1 6 6 6 8 9 13
771W0UUEViiWYi0YWc,7,shape-T,none,mixed,1 2 4 5 11 13 13
771WAEIXok25DJXIC0,7,shape-cross,none,mixed,2 3 3 6 9 13 13
771W45558C25556ji4,7,shape-corner,none,mixed,2 4 6 6 6 9 16
771WaaigpX00RVBB51,7,shape-L,none,mixed,2 3 5 6 7 13 13
771WWkoXIC84SIXIia,7,shape-cross,none,mixed,1 4 5 8 9 9 13
771W6546c4a47778YI,7,shape-corner,none,mixed,3 3 3 6 8 10 16
771W0Cy_ECCmau0Ygc,7,shape-T,none,distinct,1 3 5 6 9 12 13
771W0CCCEiTonm0Yab,7,shape-T,none,mixed,1 3 3 7 10 12 13
771WaWdbae0099Bvfr,7,shape-L,none,mixed,1 2 3 8 9 13 13
771W5576Aw27565H08,7,shape-corner,none,mixed,1 3 4 6 6 13 16
771WgldyaY00PLv39X,7,shape-L,none,mixed,1 4 4 4 9 13 14
771W0STSiiCZaW0uum,7,shape-T,none,mixed,1 2 3 7 10 13 13
771WbfXbrs00LHX9B3,7,shape-L,none,mixed,2 2 5 5 5 13 17
771Weayean00HRlHHJ,7,shape-L,none,mixed,1 1 6 7 7 13 14
771W0kjiCCCcYY0eum,7,shape-T,none,mixed,2 3 3 6 9 13 13
771W0SSjiUEeYf0gea,7,shape-T,none,mixed,2 2 7 7 9 9 13
771W0CSCSEDmmk0XZY,7,shape-T,none,mixed,1 2 3 4 13 13 13
771W8CIXpia1CIXICA,7,shape-cross,none,distinct,1 2 6 7 9 11 13
771WoYXnYa00f557LL,7,shape-L,none,distinct,1 2 4 5 8 13 16
771W4776o8G4674a2g,7,shape-corner,none,distinct,1 2 3 6 9 12 16
771W44548S47756GGO,7,shape-corner,none,distinct,1 2 4 5 6 15 16
771W0CEFjEiYbb0rgW,7,shape-T,none,mixed,2 2 4 6 10 12 13
771WejpXpC02EIXoi2,7,shape-cross,none,mixed,1 3 5 5 8 13 14
771WYkkwam0097dj99,7,shape-L,none,distinct,2 4 5 6 9 10 13
771W0FEEiCibYY0aWm,7,shape-T,none,mixed,1 1 3 6 11 13 14
771Wiqaafe00n1b99F,7,shape-L,none,mixed,1 1 1 9 10 13 14
771WWaimqg00JPRdbb,7,shape-L,none,distinct,1 2 4 5 9 13 15
771W0CCjCSCkYX0uuq,7,shape-T,none,distinct,1 3 4 5 11 12 13
771W5645A486667IcA,7,shape-corner,none,mixed,3 3 3 7 7 10 16
771W0EESSiCfga0eee,7,shape-T,none,distinct,2 4 5 6 7 12 13
771WaYbrae00D13pZt,7,shape-L,none,distinct,1 2 3 4 9 13 17
771WfeaYYW00RRRB3Z,7,shape-L,none,distinct,1 3 4 6 8 13 14
771WnoggiY00DTJNX1,7,shape-L,none,distinct,2 4 5 6 7 12 13
771W0SUiEEDquW0inm,7,shape-T,none,mixed,2 3 4 4 10 13 13
771W0ijDCDCmee0oob,7,shape-T,none,mixed,1 4 5 5 8 13 13
771W6644e8G6454Kaa,7,shape-corner,none,mixed,1 2 2 7 8 13 16
771WXebome00PNrzz5,7,shape-L,none,distinct,2 4 6 7 8 9 13
771WahpsaX005PfdhX,7,shape-L,none,distinct,2 3 6 7 8 10 13
771WajoXIS01joXokI,7,shape-cross,none,mixed,3 3 4 7 8 11 13
771W0iylFFCame0mvm,7,shape-T,none,mixed,3 3 3 3 12 12 13
771W0CEEUjicaY0qYX,7,shape-T,none,mixed,2 2 6 6 10 10 13
771W0CSyzyiunW0aac,7,shape-T,none,mixed,1 4 5 8 9 9 13
771W0CCEiilaYY0afe,7,shape-T,none,distinct,1 3 4 7 10 11 13
771W0CDCSCCcca0uum,7,shape-T,none,mixed,2 2 3 7 9 13 13
771Weqrhhj001fhHR1,7,shape-L,none,distinct,1 2 4 8 10 11 13
771W4566YYe4445HQg,7,shape-corner,none,mixed,3 3 4 5 6 12 16
771W65578KW4566f5b,7,shape-corner,none,mixed,1 3 6 7 8 8 16
771Wgk-cXX00H9HbD9,7,shape-L,none,mixed,3 3 4 5 6 13 15
771WjjeoZZ00599PLH,7,shape-L,none,mixed,2 2 4 7 10 11 13
771W0EECDCSZZY0iaY,7,shape-T,none,mixed,2 2 4 8 8 12 13
771W4CIXIS8JVIXIC4,7,shape-cross,none,mixed,2 4 5 7 9 9 13
771Wgfvosc003P15fH,7,shape-L,none,mixed,1 2 3 7 7 13 16
771Wqgekcb00bb5fJH,7,shape-L,none,mixed,1 4 5 6 6 13 14
771W0UTSCCCYYc0eue,7,shape-T,none,mixed,3 3 3 6 9 12 13
771W0SSSiljaaW0ZWY,7,shape-T,none,distinct,1 2 3 6 9 13 15
771WgcZZio0013bN5L,7,shape-L,none,distinct,2 3 4 5 6 13 16
771W4546KSK4456OKa,7,shape-corner,none,mixed,3 3 5 6 6 10 16
771WmoeWqX00hVNJZX,7,shape-L,none,distinct,1 2 3 5 8 13 17
771WfeeiiY0033DB9f,7,shape-L,none,mixed,1 1 5 8 10 11 13
771W0jIXID8aSIXIUZ,7,shape-cross,none,mixed,1 4 6 6 8 11 13
771WeoZiqu00Pjdf9H,7,shape-L,none,mixed,3 3 4 7 8 11 13
771WWuwijf00Xf79HL,7,shape-L,none,mixed,1 2 2 8 10 13 13
771Woqkorp005P9t51,7,shape-L,none,distinct,2 3 5 6 9 11 13
771WsYtuYm00LdhJDL,7,shape-L,none,mixed,2 2 5 7 9 11 13
771WXpwcYY00HvfbP9,7,shape-L,none,mixed,1 4 6 6 7 12 13
771W0CkkCCCauu0rXX,7,shape-T,none,mixed,2 2 3 5 11 13 13
771W0DDF_iCbaY0egW,7,shape-T,none,mixed,2 2 4 6 10 12 13
771Wmeorvr001xVH99,7,shape-L,none,mixed,2 3 3 7 10 11 13
771WXZZipm0057B7jB,7,shape-L,none,mixed,2 2 3 4 6 13 19
771W0CCSSUSaae0YZZ,7,shape-T,none,mixed,2 4 4 6 8 12 13
771WmffswY00BbFB9X,7,shape-L,none,distinct,2 3 5 7 8 11 13
771W0jlETiieYa0Wqg,7,shape-T,none,mixed,2 2 4 5 11 12 13
771W0CSCiDCqog0XXZ,7,shape-T,none,mixed,1 3 4 7 7 13 14
771WGDIXIEG0CpXpjL,7,shape-cross,none,mixed,1 4 5 5 6 13 15
771W4446KKe4555SGG,7,shape-corner,none,distinct,1 2 4 5 6 15 16
771W0CUEECCaay0qYY,7,shape-T,none,mixed,1 2 7 8 9 9 13
771W0CiFEEEeuu0eea,7,shape-T,none,mixed,2 4 4 7 7 12 13
771W4446L484467QMI,7,shape-corner,none,mixed,2 3 6 6 7 9 16
771W6446RM855479aY,7,shape-corner,none,mixed,2 4 4 6 7 10 16
771WffoqiY007VDBH1,7,shape-L,none,mixed,2 2 5 6 9 12 13
771WnoiooY003vnfpJ,7,shape-L,none,distinct,2 3 4 6 10 11 13
771W0DEiCiCcff0eue,7,shape-T,none,mixed,3 3 4 7 7 12 13
771W0DCSCiDgfb0nnW,7,shape-T,none,mixed,2 2 4 7 7 13 14
771WrkYgwc00DhR9X1,7,shape-L,none,mixed,3 3 4 5 10 11 13
771Wmcbaqo005bbpH9,7,shape-L,none,mixed,1 2 5 8 10 10 13
771Wemygia00fnJD99,7,shape-L,none,mixed,2 2 4 8 8 12 13
771W4445gL05746NLQ,7,shape-corner,none,mixed,2 3 5 5 6 12 16
771W4CIXJT28CJXIF4,7,shape-cross,none,mixed,1 1 4 9 9 12 13
771W0EEDUCCcca0gae,7,shape-T,none,mixed,2 2 7 7 9 9 13
771W0DDyiCCgea0eee,7,shape-T,none,mixed,2 2 4 7 9 12 13
771W0ikjjiSXXW0Wuw,7,shape-T,none,mixed,2 2 2 5 11 13 14
771W4454ooG4544SPH,7,shape-corner,none,mixed,2 2 4 6 8 11 16
771W0CiiiDDoaa0XXY,7,shape-T,none,mixed,2 2 3 7 8 13 14
771WKSJXpi09CIXIS2,7,shape-cross,none,mixed,1 3 3 6 9 13 14
771W4455on84554OUH,7,shape-corner,none,mixed,2 2 5 5 6 13 16
771W4644YIA6654qGG,7,shape-corner,none,mixed,1 1 5 5 9 12 16
771WYegtdb0059fZLP,7,shape-L,none,mixed,3 3 3 8 9 10 13
771W5DpXoi8IDJXIC0,7,shape-cross,none,mixed,3 3 4 5 8 13 13
771Waxmuwn00XhHndL,7,shape-L,none,mixed,2 3 4 5 5 13 17
771WenoYme00Lhffrb,7,shape-L,none,mixed,3 3 4 5 7 13 14
771Wgozuqa009pFP9H,7,shape-L,none,mixed,4 4 5 6 6 11 13
771Waqiikj00XHH533,7,shape-L,none,distinct,1 3 4 5 9 13 14
771WHDJXID1IUoXIE4,7,shape-cross,none,mixed,4 4 5 5 7 11 13
771Wccogkn009RJ533,7,shape-L,none,mixed,1 5 5 7 8 10 13
771W0CCSUljWYg0Wbc,7,shape-T,none,mixed,2 2 3 4 12 13 13
771W0CoXoiHHCJXJDC,7,shape-cross,none,mixed,1 4 4 5 6 13 16
771WqCJXID34iIXIFG,7,shape-cross,none,mixed,1 1 6 7 9 12 13
771W0DECSCSaaZ0emm,7,shape-T,none,mixed,1 1 3 7 10 13 14
771W0CiFEEDmuu0afa,7,shape-T,none,mixed,2 3 4 6 8 13 13
771W0CCyCCEaei0ZYY,7,shape-T,none,mixed,1 1 5 7 10 12 13
771Wemgbrk00bp99JP,7,shape-L,none,distinct,2 3 4 7 9 11 13
771W0EDiCiiagg0eum,7,shape-T,none,mixed,2 3 4 7 7 13 13
771W8SoXIE0IEoXJC8,7,shape-cross,none,mixed,1 1 4 6 9 13 15
771W4CIXoCAMSIXJC0,7,shape-cross,none,mixed,1 2 3 7 7 13 16
771WYZbcaq00LNNL9X,7,shape-L,none,mixed,2 4 6 6 8 10 13
771WiYYoZb00fb5dHL,7,shape-L,none,mixed,2 2 5 7 8 12 13
771Wffnbaa00PP9555,7,shape-L,none,mixed,1 4 4 6 9 12 13
771W0DDDFUyXWY0XcW,7,shape-T,none,mixed,1 1 2 8 9 13 15
771Wqgwpyu001nFj95,7,shape-L,none,mixed,1 6 6 7 8 8 13
771Wyicace00X1JN99,7,shape-L,none,mixed,1 1 2 8 10 13 14
771WOSIXJCC0CIXoiY,7,shape-cross,none,mixed,1 2 4 7 7 13 15
771W0CSTDkloma0WZe,7,shape-T,none,mixed,1 2 5 5 11 12 13
771W0EDDDiiXYY0aqY,7,shape-T,none,mixed,1 4 5 5 8 13 13
771WeWoXXX00hpJJRP,7,shape-L,none,mixed,2 2 3 5 11 13 13
771W8CoXJjfICIXIC8,7,shape-cross,none,distinct,2 4 6 7 8 9 13
771WiicYaa0099PT55,7,shape-L,none,mixed,1 2 6 7 10 10 13
771W0UjiySDZna0Wmf,7,shape-T,none,mixed,1 3 5 5 8 13 14
771W0EzTCCDgoc0Wmb,7,shape-T,none,mixed,1 4 6 6 6 13 13
771W4457OKK4446OKK,7,shape-corner,none,mixed,2 3 5 6 6 11 16
771W2SoXISHGCoXoC5,7,shape-cross,none,mixed,1 1 8 8 8 10 13
771W0CjDCCDeuu0aan,7,shape-T,none,distinct,1 2 4 7 10 12 13
771W4645HI84455Pgg,7,shape-corner,none,distinct,2 4 5 6 7 9 16
771Wmeaice00XXVJLL,7,shape-L,none,mixed,1 1 6 7 9 12 13
771W4445EEG4456Xbf,7,shape-corner,none,distinct,1 3 5 6 8 10 16
771W0CCCFjkgee0ZbW,7,shape-T,none,distinct,1 2 3 6 10 13 14
771W0SiijjEbmW0WXb,7,shape-T,none,mixed,2 2 2 4 12 13 14
771W9CIXJjI0FIXpj8,7,shape-cross,none,mixed,3 3 5 5 6 13 14
771W4454IYg4645D8O,7,shape-corner,none,mixed,1 2 4 8 9 9 16
771WYZ_jjr009JL9X1,7,shape-L,none,distinct,2 3 6 7 8 10 13
771WWezqsj00bp9LJ9,7,shape-L,none,mixed,3 3 4 6 8 12 13
771W4SIXIC0AEoXIUI,7,shape-cross,none,mixed,1 3 5 6 8 13 13
771W0DDiiCCagg0eee,7,shape-T,none,mixed,2 4 4 7 7 12 13
771WkeZrai00B7LvH5,7,shape-L,none,mixed,1 2 5 9 9 10 13
771W0CCDCTEbbc0WXk,7,shape-T,none,distinct,1 3 4 5 9 13 14
771Weabigg00DDfLH9,7,shape-L,none,mixed,2 4 5 8 8 9 13
771WYXtaqY00N99JfP,7,shape-L,none,mixed,1 1 3 9 10 12 13
771WnioXoj08DpXIEX,7,shape-cross,none,mixed,1 3 3 4 12 13 13
771Waqieue00ZL9nnn,7,shape-L,none,mixed,3 3 3 6 6 13 15
771Wmmbqem009NLTTL,7,shape-L,none,mixed,2 4 4 7 9 10 13
771WKjoXoCG2iJXICu,7,shape-cross,none,mixed,1 5 6 6 7 11 13
771W8CIXIUW5DIXID9,7,shape-cross,none,mixed,1 4 5 8 9 9 13
771Wggkoca00599T33,7,shape-L,none,distinct,1 4 5 7 9 10 13
771Wqvffpg003NX17X,7,shape-L,none,distinct,1 2 3 6 7 13 17
771W4455eGG6464CCK,7,shape-corner,none,mixed,1 2 2 6 8 14 16
771W0iSFFDDeue0Yea,7,shape-T,none,mixed,3 3 3 6 9 12 13
771W0EEVSCCgga0eae,7,shape-T,none,mixed,2 4 5 7 7 11 13
771Weooiab00Lj59XZ,7,shape-L,none,mixed,1 3 3 6 11 12 13
771W0CJXIkWu-oXJCG,7,shape-cross,none,distinct,1 2 3 5 11 13 14
771WnWYjji00DjXfvJ,7,shape-L,none,mixed,2 4 4 4 7 13 15
771W4566RK844579Jb,7,shape-corner,none,mixed,3 4 6 6 7 7 16
771WZfiiae00bbxX1H,7,shape-L,none,mixed,1 2 4 6 6 13 17
771W6546AGG4466QoY,7,shape-corner,none,mixed,2 3 3 7 8 10 16
771W9CoXIC1OCIXpj4,7,shape-cross,none,mixed,1 3 6 7 7 12 13
771W0SkjjjjXmW0eum,7,shape-T,none,mixed,1 4 6 6 8 11 13
771W5447AKK4466A8a,7,shape-corner,none,mixed,1 3 4 7 9 9 16
771WaUIXID04iIXoE5,7,shape-cross,none,distinct,1 3 4 6 8 13 14
771WGipXISWGjoXIEI,7,shape-cross,none,mixed,3 3 4 7 9 10 13
771W0DDSCiSgfa0eem,7,shape-T,none,mixed,1 3 4 7 8 13 13
771WldoYgg009Hr51H,7,shape-L,none,mixed,1 2 4 6 10 13 13
771W0CCEECSbba0cee,7,shape-T,none,mixed,1 2 7 7 9 10 13
771WgkkYee00DDHf55,7,shape-L,none,mixed,2 3 4 6 8 13 13
771W0DUiCCCcgo0eue,7,shape-T,none,mixed,3 3 6 6 6 12 13
771WKDJXIE80CoXIDb,7,shape-cross,none,distinct,2 3 4 5 6 13 16
771W0DCCEUkXXY0qmW,7,shape-T,none,mixed,1 2 3 3 13 13 14
771W8CJXIEI0CJXJS8,7,shape-cross,none,mixed,1 1 3 7 8 13 16
771WmqkggY001HRpff,7,shape-L,none,mixed,1 5 5 6 7 12 13
771W8CJXIiu2CJXIS8,7,shape-cross,none,mixed,1 1 2 8 10 13 14
771W0ijSEECiae0qnf,7,shape-T,none,distinct,2 4 5 6 9 10 13
771Weccpqq0095bPbf,7,shape-L,none,mixed,1 3 4 5 5 13 18
771Wmmqbhj009HL759,7,shape-L,none,mixed,3 3 3 3 9 13 15
771W3SIXISeWjIXoi8,7,shape-cross,none,mixed,1 3 6 6 10 10 13
771Wcoqbcc00fffH59,7,shape-L,none,distinct,2 3 5 6 9 11 13
771W0CECjCibYY0yaY,7,shape-T,none,mixed,1 1 6 8 9 11 13
771Wufeqae005fB55r,7,shape-L,none,mixed,1 1 6 7 7 13 14
771WWqlqqW00b_dHP9,7,shape-L,none,distinct,1 2 4 5 10 13 14
771Wxwwonf001BHH5X,7,shape-L,none,distinct,1 3 4 7 9 12 13
771Wikoaco001RBzXX,7,shape-L,none,distinct,1 3 4 5 11 12 13
771WusYima00DRtv99,7,shape-L,none,mixed,1 3 4 7 8 13 13
771W0CCCDjkgee0WXc,7,shape-T,none,distinct,1 2 3 6 10 13 14
771WYeiiwa00NJnl99,7,shape-L,none,distinct,1 5 6 7 8 9 13
771W4476gie4445IIA,7,shape-corner,none,mixed,3 5 5 6 7 7 16
771W66676LA6655878,7,shape-corner,none,mixed,3 5 6 6 6 7 16
771WggkooY0039nf99,7,shape-L,none,mixed,2 3 6 6 8 11 13
771WfjpXIC8GCIXIC4,7,shape-cross,none,distinct,2 4 5 6 9 10 13
771W4446gY85665faa,7,shape-corner,none,mixed,2 2 3 8 8 10 16
771W0CoXIC8LDJXICC,7,shape-cross,none,distinct,1 2 3 5 9 13 16
771Waejeag0099lLNF,7,shape-L,none,mixed,2 5 6 7 7 9 13
771W6667m88646444C,7,shape-corner,none,mixed,1 1 4 7 7 13 16
771Wbdsgge009HRZHH,7,shape-L,none,distinct,2 3 6 7 8 10 13
771W0iiSSDCeeY0ZZX,7,shape-T,none,mixed,2 2 3 6 10 13 13
771WosoYZe0019BxLJ,7,shape-L,none,mixed,1 4 5 5 8 13 13
771W0CEDjCibYY0oga,7,shape-T,none,mixed,1 5 6 6 7 11 13
771Weeabrq00bXHBB9,7,shape-L,none,mixed,2 2 4 5 11 12 13
771W4644mqI4566nWW,7,shape-corner,none,distinct,1 2 3 4 5 16 18
771WmqyiqY00BrnB99,7,shape-L,none,mixed,2 3 4 8 8 11 13
771WoqZoYX005PPvND,7,shape-L,none,mixed,3 3 5 6 7 12 13
771WHDIXIDI0CpXJV4,7,shape-cross,none,mixed,2 3 5 5 6 13 15
771WYpqqWX005ffrr7,7,shape-L,none,mixed,1 1 5 7 9 13 13
771WWcrghg00nffXTB,7,shape-L,none,mixed,3 3 5 7 9 9 13
771W0CVVUCSYYn0gma,7,shape-T,none,distinct,1 2 6 8 9 10 13
771WXfhgYX00nnbbp9,7,shape-L,none,mixed,2 3 5 6 7 13 13
771Wpgnmue003rHHn9,7,shape-L,none,distinct,1 3 4 5 6 13 17
771W46655KO6645eeY,7,shape-corner,none,distinct,2 3 4 6 7 11 16
771W5CIXIC88CIXIEg,7,shape-cross,none,mixed,1 3 7 7 9 9 13
771W0CCDUiCZYa0cae,7,shape-T,none,mixed,1 1 6 8 9 11 13
771W0iCCDiEYnn0YZb,7,shape-T,none,mixed,2 2 4 5 11 12 13
771W0EECCiCZYY0iaa,7,shape-T,none,distinct,1 2 5 7 9 12 13
771Wbbcaqm00bZZHP9,7,shape-L,none,mixed,2 3 4 4 11 12 13
771W6koXID2YEIXIlW,7,shape-cross,none,mixed,2 2 5 7 10 10 13
771W6647IK84455AOS,7,shape-corner,none,distinct,1 4 5 6 7 10 16
771W5666AAb5447AX0,7,shape-corner,none,mixed,1 3 4 4 9 12 16
771WWekemW00hjDTDD,7,shape-L,none,mixed,1 3 4 4 11 13 13
771W0TTFDCCeee0aeY,7,shape-T,none,mixed,2 4 4 5 9 12 13
771WeCJXJSWeDIXIS2,7,shape-cross,none,mixed,1 1 6 7 10 11 13
771WXozjfg00f1LHp5,7,shape-L,none,mixed,2 2 3 5 9 13 15
771Wegaqpm0095rrZb,7,shape-L,none,mixed,2 3 4 9 9 9 13
771W0DoXIUKGCIXJSa,7,shape-cross,none,mixed,1 3 4 7 8 13 13
771WndawiW005fhTbL,7,shape-L,none,distinct,2 3 5 6 8 12 13
771WfpbqqW003vvhRJ,7,shape-L,none,distinct,2 4 5 7 8 10 13
771W8DJXIS08CJXoia,7,shape-cross,none,mixed,1 3 3 4 8 13 17
771W4547AKI4466fgM,7,shape-corner,none,distinct,3 4 5 6 7 8 16
771WGCpXICCKCoXIS0,7,shape-cross,none,mixed,1 1 2 6 8 13 18
771W4546I884466UIY,7,shape-corner,none,mixed,1 3 5 8 8 8 16
771W4455oQH4656ADG,7,shape-corner,none,mixed,1 5 6 6 7 8 16
771W0SSCDCCmme0aac,7,shape-T,none,mixed,1 2 2 8 9 13 14
771W0EECyzjWbX0gYW,7,shape-T,none,mixed,2 2 2 4 12 13 14
771W6555LPO4464Y2X,7,shape-corner,none,distinct,1 2 5 6 9 10 16
771WmWWXce00pJJLNR,7,shape-L,none,distinct,1 2 3 5 11 13 14
771WXYmaac00HPPLtN,7,shape-L,none,distinct,2 3 4 8 9 10 13
771W5476fcY44469Me,7,shape-corner,none,distinct,1 3 5 7 8 9 16
771WiefXYg0099Jprn,7,shape-L,none,mixed,2 3 5 6 6 13 14
771W0iiCiECgaa0YZZ,7,shape-T,none,mixed,2 2 4 8 8 12 13
771WWXojia00JBB9Pb,7,shape-L,none,distinct,2 3 4 5 8 13 14
771WaakiaY00PPLBHH,7,shape-L,none,mixed,2 2 6 7 9 10 13
771W0SS-CCCeae0bff,7,shape-T,none,distinct,2 3 5 7 8 11 13
771Waaqz-y001HPDF3,7,shape-L,none,distinct,2 3 4 5 10 12 13
771WeeqZia00DTRD95,7,shape-L,none,mixed,2 5 5 5 7 12 13
771W6555aSS4664W0a,7,shape-corner,none,mixed,1 2 3 5 5 16 17
771W0CCDDkEYZZ0ega,7,shape-T,none,distinct,2 4 5 6 7 12 13
771WWXcWhh00DD9PTf,7,shape-L,none,distinct,1 2 3 4 12 13 14
771W1DIXolYYioXIU1,7,shape-cross,none,mixed,2 3 7 8 8 8 13
771WabkggY00HHJR1n,7,shape-L,none,mixed,1 1 5 6 10 13 13
771WIEIXJTH0CoXJD4,7,shape-cross,none,mixed,3 3 4 5 7 13 14
771WYrbrqq00fLLb5X,7,shape-L,none,mixed,3 4 6 6 8 9 13
771W0SSjjiSXeX0eec,7,shape-T,none,mixed,1 1 7 7 10 10 13
771WYYuqoc00J9PN55,7,shape-L,none,distinct,1 3 4 8 9 11 13
771WcgXcYY00PPvL9P,7,shape-L,none,distinct,1 3 5 6 10 11 13
771W0CCFDDjZYY0aee,7,shape-T,none,mixed,1 4 5 7 7 12 13
771WWaibya00jhr99D,7,shape-L,none,mixed,1 5 5 5 8 12 13
771W0yEUFCCeua0mcY,7,shape-T,none,mixed,1 1 6 8 9 11 13
771W0CCDDEiZYY0fga,7,shape-T,none,mixed,1 5 5 6 7 12 13
771WqmYbrb00Jbb9PH,7,shape-L,none,mixed,2 2 5 5 6 13 16
771W5757AAc5445WO4,7,shape-corner,none,mixed,1 3 4 7 9 9 16
771WcwwmWe00dBf999,7,shape-L,none,mixed,2 3 5 5 6 13 15
771Wkeimoq0019PpLL,7,shape-L,none,mixed,1 1 5 7 9 13 13
771Wfeeaec00BBjdb5,7,shape-L,none,distinct,1 3 5 6 9 12 13
771W0EDDDDCuuu0brW,7,shape-T,none,mixed,3 3 4 5 9 12 13
771W65547CW4557YaA,7,shape-corner,none,mixed,1 1 4 8 9 10 16
771Waeccla0055pBJL,7,shape-L,none,mixed,2 4 5 5 8 12 13
771WaiJXIC8OCIXICK,7,shape-cross,none,mixed,2 2 7 7 9 9 13
771Weaabfa00ZZd779,7,shape-L,none,mixed,2 3 3 5 11 12 13
771WIEIXIUG0CoXJD9,7,shape-cross,none,mixed,1 4 5 6 6 13 14
771W8CIXpiK1DIXICA,7,shape-cross,none,mixed,2 2 5 7 9 11 13
771W5644RL85547IaX,7,shape-corner,none,distinct,1 3 4 6 7 12 16
771W5664X127555ja1,7,shape-corner,none,mixed,1 2 2 5 10 13 16
771WIkIXoC4aUoXIC0,7,shape-cross,none,mixed,1 4 4 4 8 13 15
771W0EESTySYXe0eWc,7,shape-T,none,distinct,1 2 3 4 11 13 15
771WXccckj00XXbLZ1,7,shape-L,none,mixed,2 2 3 6 10 13 13
771W5464LmW6544wY4,7,shape-corner,none,mixed,1 2 2 3 11 14 16
771WnqnoxW005prbhL,7,shape-L,none,mixed,2 4 4 4 10 12 13
771WaXXswf0039DflL,7,shape-L,none,mixed,3 3 4 5 6 13 15
771WmwvuWY009bffRJ,7,shape-L,none,mixed,2 3 3 5 7 13 16
771W4464qKK4644OGG,7,shape-corner,none,mixed,1 1 5 6 6 14 16
771W8CIXIDo9CJXIF8,7,shape-cross,none,distinct,1 5 6 7 8 9 13
771W6EIXIDX3EIXIkW,7,shape-cross,none,mixed,1 2 2 9 10 12 13
771W0TTSEECaae0bWe,7,shape-T,none,mixed,2 2 2 6 10 13 14
771Weaufjj00H9r339,7,shape-L,none,mixed,2 2 3 6 7 13 16
771W0CCCikCiff0ZXX,7,shape-T,none,distinct,1 3 5 6 7 13 14
771W0iSiCDDime0YYX,7,shape-T,none,mixed,1 1 3 4 13 13 14
771Webigqe00LNpTHX,7,shape-L,none,mixed,3 4 5 5 6 13 13
771Wfhbaca00XXHTh3,7,shape-L,none,distinct,2 3 4 5 8 13 14
771W0ECSSCCgga0euu,7,shape-T,none,mixed,2 4 4 7 7 12 13
771W4757KK84455Oae,7,shape-corner,none,mixed,2 4 4 4 7 12 16
771WmCIXJDC4iIXJD8,7,shape-cross,none,mixed,1 1 3 6 8 13 17
771WrbdXXj00f9BH91,7,shape-L,none,mixed,1 1 5 6 8 13 15
771W0iIXoioaSJXJC8,7,shape-cross,none,mixed,3 3 4 4 8 13 14
771Wcsa-ca00r953PP,7,shape-L,none,mixed,1 4 7 7 7 10 13
771Wegdaeu00HJL9fn,7,shape-L,none,distinct,1 3 4 7 9 12 13
771W0CCCiDCgii0ZZX,7,shape-T,none,mixed,2 3 4 6 8 13 13
771WikjiiY00ff3ZH9,7,shape-L,none,distinct,2 4 5 6 8 11 13
771Wgjaqia00D5JX1n,7,shape-L,none,mixed,1 1 3 5 10 13 16
771W4464aeA45579OO,7,shape-corner,none,mixed,2 2 5 5 7 12 16
771W4764u884644aiS,7,shape-corner,none,distinct,1 3 4 5 8 12 16
771W0CSTyCDaYu0eeb,7,shape-T,none,mixed,1 1 7 8 9 10 13
771W5645MOS4447Ia8,7,shape-corner,none,distinct,1 3 4 6 9 10 16
771W5666YIg4745PW0,7,shape-corner,none,distinct,1 2 3 4 10 13 16
771WaaoYob00DJJHJJ,7,shape-L,none,mixed,1 4 6 6 7 12 13
771Wogznee00HjXvP5,7,shape-L,none,mixed,2 3 4 6 6 13 15
771WooYcae00XHJT99,7,shape-L,none,mixed,1 1 6 6 9 13 13
771W4CoXICenioXIC4,7,shape-cross,none,mixed,1 4 4 9 9 9 13
771Wawfiie00ZJZfP9,7,shape-L,none,mixed,2 4 6 7 7 10 13
771W0EESCiCdae0eee,7,shape-T,none,distinct,1 2 4 8 9 12 13
771W2kIXIiceUIXJC0,7,shape-cross,none,mixed,1 3 5 5 8 13 14
771WXbnkkk009PPff1,7,shape-L,none,mixed,3 3 6 6 9 9 13
771W0DECSSiXWb0eue,7,shape-T,none,mixed,1 2 3 3 12 13 15
771WbZcgoi00379p9P,7,shape-L,none,mixed,2 2 5 7 7 13 13
771W0CCSiCEcae0baa,7,shape-T,none,mixed,1 1 8 8 9 9 13
771Waeqigg00P1zLHH,7,shape-L,none,mixed,1 1 4 7 10 13 13
771W4567KIo45446Oa,7,shape-corner,none,mixed,1 4 5 7 8 8 16
771W4455ZCK5765E8I,7,shape-corner,none,distinct,2 3 5 6 8 9 16
771WckYgkq00fhLH33,7,shape-L,none,distinct,2 3 4 5 10 12 13
771W6446HHH4455DbW,7,shape-corner,none,distinct,1 2 4 6 8 12 16
771W0SiCEEDYwg0aXX,7,shape-T,none,mixed,1 3 4 6 9 13 13
771W4CIXIieHUIXIC4,7,shape-cross,none,mixed,1 4 6 7 9 9 13
771W0CjDCESemn0onb,7,shape-T,none,mixed,1 4 4 5 9 13 13
771W0DDCCCiZYY0eem,7,shape-T,none,mixed,1 1 4 5 12 13 13
771Wgyeejh00XHHd55,7,shape-L,none,mixed,2 3 3 3 9 13 16
771Wefjjzq0053H33n,7,shape-L,none,mixed,1 2 5 6 9 13 13
771Wmomang005hfjVT,7,shape-L,none,mixed,3 3 3 7 8 12 13
771W0CiiCDCimm0XXZ,7,shape-T,none,mixed,1 1 3 4 13 13 14
771WYkjjaa0099bPP5,7,shape-L,none,mixed,2 3 6 8 8 9 13
771WHDIXJS41DoXIU8,7,shape-cross,none,distinct,1 4 5 6 8 12 13
771WWyIXIC8OiIXICC,7,shape-cross,none,mixed,1 2 3 9 9 12 13
771W0CCTCjkcae0WXk,7,shape-T,none,mixed,1 2 3 8 8 13 14
771W4455Kqf645499K,7,shape-corner,none,mixed,2 2 5 7 8 9 16
771WWlf-cc0095bPhZ,7,shape-L,none,mixed,2 3 6 6 7 12 13
771WfXwbqa00DJhfnD,7,shape-L,none,distinct,1 3 4 6 10 12 13
771WmioXIjWWEoXIC7,7,shape-cross,none,mixed,1 1 4 7 11 12 13
771WemkYYW00ZJxppp,7,shape-L,none,mixed,1 4 6 6 7 12 13
771W7746SCC44648K4,7,shape-corner,none,distinct,1 2 3 8 9 10 16
771W0CEiCSCbfg0uee,7,shape-T,none,mixed,1 4 5 7 7 12 13
771W6555maa46660WC,7,shape-corner,none,mixed,1 1 3 4 6 16 18
771WISIXolX0CIXoD6,7,shape-cross,none,distinct,2 3 4 8 9 10 13
771Wfvwlfa001f79T3,7,shape-L,none,distinct,1 2 6 7 9 11 13
771W4445OOK4465aae,7,shape-corner,none,mixed,1 3 3 6 8 12 16
771W4655KKq5444aK8,7,shape-corner,none,mixed,1 5 5 6 6 10 16
771W6576AiK4765Ym8,7,shape-corner,none,mixed,1 4 4 6 7 11 16
771W5666Aee6446MW0,7,shape-corner,none,mixed,2 2 2 3 7 16 17
771WYYwngc009LBBD9,7,shape-L,none,mixed,1 5 6 6 7 11 13
771Wsra-me00LB59bL,7,shape-L,none,mixed,2 3 3 8 9 11 13
771W6545LAE44652YO,7,shape-corner,none,distinct,1 3 5 6 8 10 16
771W0SSikjjeWe0bZW,7,shape-T,none,mixed,2 2 3 4 12 13 13
771W7544Y886664a2I,7,shape-corner,none,mixed,1 1 2 6 11 12 16
771W4446nO46457QMI,7,shape-corner,none,mixed,1 6 6 6 7 7 16
771WoemYnX00Lxhh73,7,shape-L,none,mixed,1 3 3 6 9 13 14
771W5644AAG4455LYY,7,shape-corner,none,distinct,1 3 4 7 8 10 16
771WYiiWZg00hh9nLJ,7,shape-L,none,distinct,2 3 4 5 6 13 16
771W0CDDjTTcYW0aam,7,shape-T,none,mixed,1 4 5 6 7 13 13
771Woosrue005JL1fb,7,shape-L,none,mixed,2 3 4 5 5 13 17
771WWefjks00XZPLLH,7,shape-L,none,distinct,2 4 5 6 9 10 13
771W7555OWW46644a8,7,shape-corner,none,mixed,1 1 3 4 7 16 17
771W0ikEEECeee0mbb,7,shape-T,none,mixed,2 4 4 7 7 12 13
771WmoeyYW00P5LTll,7,shape-L,none,mixed,2 2 3 7 11 11 13
771W0CDDTDkYZb0mnY,7,shape-T,none,distinct,2 3 5 6 9 11 13
771WWfembZ005Djljv,7,shape-L,none,mixed,1 3 7 7 7 11 13
771Wigfvga00D13ZLL,7,shape-L,none,mixed,1 2 5 5 11 12 13
771WemmddY00LjD3B5,7,shape-L,none,mixed,2 3 3 4 7 13 17
771Waebiyg0053xHJB,7,shape-L,none,mixed,2 2 3 8 10 11 13
771WIUJXIC80CoXIEI,7,shape-cross,none,mixed,1 4 4 5 7 13 15
771W0SS-EEDaiW0fXW,7,shape-T,none,mixed,1 2 3 5 12 13 13
771W0EIXJieISIXoE8,7,shape-cross,none,mixed,1 1 2 9 9 13 14
771W0DDDESCZZX0Yaa,7,shape-T,none,mixed,2 3 3 7 8 13 13
771W0iiCCCDeee0YYZ,7,shape-T,none,mixed,1 2 4 5 12 12 13
771W46658AG4455Lkg,7,shape-corner,none,mixed,3 4 4 7 7 8 16
771W4554K1W7644oo9,7,shape-corner,none,mixed,1 2 2 5 9 14 16
771WmmggZc00ZJNL35,7,shape-L,none,mixed,1 3 3 4 10 13 15
771WGTJXIUY0DJXoi4,7,shape-cross,none,distinct,1 3 5 6 9 12 13
771Wocrbfg00fHLXJ3,7,shape-L,none,mixed,1 2 7 7 9 10 13
771Wmeropc005pJ9BL,7,shape-L,none,mixed,3 4 4 5 9 11 13
771WGSJXIC4WiIXJDP,7,shape-cross,none,distinct,1 2 3 6 10 13 14
771Wabqyoa00JLPNHX,7,shape-L,none,mixed,3 3 5 6 7 12 13
771WYeejia00ZZ9Djf,7,shape-L,none,mixed,2 2 5 7 8 12 13
771WGSIXIC1HTpXIC5,7,shape-cross,none,mixed,1 1 4 8 11 11 13
771W4566AOI4465LIY,7,shape-corner,none,mixed,2 4 5 7 7 8 16
771WACJXICo4DIXpCG,7,shape-cross,none,mixed,1 2 6 9 9 9 13
771Wuqegee00HHzD99,7,shape-L,none,mixed,2 2 3 8 10 11 13
771W4556AKK4475MOW,7,shape-corner,none,distinct,2 3 4 5 7 12 16
771W0DDCESSYYX0keW,7,shape-T,none,mixed,1 1 4 4 13 13 13
771WaDJXIC8WCIXIEg,7,shape-cross,none,distinct,1 2 3 6 7 13 17
771WaduZZY00H9PfPh,7,shape-L,none,mixed,2 4 4 6 7 13 13
771W0FEFiiCZaa0Wau,7,shape-T,none,mixed,1 1 4 7 10 13 13
771W0DDiSEjfaY0ehY,7,shape-T,none,distinct,1 3 4 8 9 11 13
771W0CCDCSSXXY0iia,7,shape-T,none,mixed,2 2 2 7 9 13 14
771W6444MC84465iAA,7,shape-corner,none,mixed,1 3 5 8 8 8 16
771W0CyzUEFqmY0Waf,7,shape-T,none,mixed,1 2 6 6 10 11 13
771WoqaYaY00XHHlBB,7,shape-L,none,mixed,1 2 5 5 8 13 15
771Womegef001HLLvx,7,shape-L,none,distinct,1 2 6 8 9 10 13
771W0TiCCCEgoY0XWm,7,shape-T,none,mixed,1 1 3 6 9 13 16
771W0DCCSSEbbY0mnX,7,shape-T,none,mixed,2 2 4 4 10 13 14
771Wuadnpn00XBhBL5,7,shape-L,none,mixed,1 2 5 8 10 10 13
771W5557QOO4446A62,7,shape-corner,none,mixed,3 3 6 6 7 8 16
771W0ySECCCmWe0jXX,7,shape-T,none,mixed,1 1 2 3 13 14 15
771W0DDSCCSXXi0YYg,7,shape-T,none,mixed,1 2 2 6 10 13 15
771Wdbwwue00HBL5n1,7,shape-L,none,mixed,1 2 5 7 7 13 14
771WeebWvY00hjVNLB,7,shape-L,none,mixed,2 5 5 5 9 10 13
771W4556Aaq64578AY,7,shape-corner,none,mixed,2 2 6 7 7 9 16
771Wqrogaa00995LHn,7,shape-L,none,distinct,1 3 5 8 9 10 13
771W0CyyTCEmqY0ZYa,7,shape-T,none,mixed,1 2 6 6 10 11 13
771WaZppme00HB9fbb,7,shape-L,none,mixed,3 3 3 5 10 12 13
771W9kIXoC2QioXJi0,7,shape-cross,none,mixed,2 4 4 4 9 13 13
771W0DDCyiCabZ0eem,7,shape-T,none,mixed,1 3 4 5 10 13 13
771W0DDESSibaX0quW,7,shape-T,none,mixed,1 2 3 6 11 13 13
771W0UVTTjzWZW0eWm,7,shape-T,none,distinct,1 2 5 7 10 11 13
771WcYqqmo00frrH33,7,shape-L,none,mixed,2 3 3 4 6 13 18
771W4446QE84465QHH,7,shape-corner,none,distinct,1 4 5 6 8 9 16
771WXXaaig00DDDJHH,7,shape-L,none,mixed,2 3 3 4 11 13 13
771Wcckjpm0015L5BB,7,shape-L,none,mixed,2 2 6 6 8 12 13
771WltvwgY009bJJ91,7,shape-L,none,mixed,2 4 5 7 9 9 13
771Wqfywgg00HbbTHX,7,shape-L,none,distinct,2 4 5 6 9 10 13
771W0DDDCyiYWZ0aae,7,shape-T,none,mixed,1 2 2 6 10 13 15
771W4445KKS4445OOK,7,shape-corner,none,mixed,1 4 5 6 6 11 16
771W0CDiSSVgcW0mne,7,shape-T,none,mixed,1 3 4 4 11 13 13
771W0CiCCEDmuu0XZY,7,shape-T,none,mixed,2 2 3 3 13 13 13
771W0yCiCEEaue0YXX,7,shape-T,none,mixed,1 2 2 6 11 13 14
771WYYuwie00HLHNhh,7,shape-L,none,mixed,2 2 5 6 8 13 13
771WsYZcca00HnnRH9,7,shape-L,none,mixed,2 2 5 6 8 13 13
771WmmjjaY007NJNLH,7,shape-L,none,mixed,4 4 5 6 7 10 13
771WYxqqaa00bbLHHX,7,shape-L,none,mixed,3 3 5 6 6 13 13
771W4456KOO4446MQA,7,shape-corner,none,distinct,3 4 5 6 7 8 16
771Weefsco00PNF59H,7,shape-L,none,mixed,4 4 4 5 7 12 13
771W0CCCSUimnq0XZZ,7,shape-T,none,mixed,2 3 3 4 11 13 13
771W0CCiiCDagg0ZZY,7,shape-T,none,mixed,2 4 4 7 7 12 13
771W4455Ra45664MI8,7,shape-corner,none,distinct,1 3 5 7 8 9 16
771W0CDyiiCfea0uue,7,shape-T,none,distinct,2 3 4 7 8 12 13
771WogkXYm00HpRBF3,7,shape-L,none,distinct,1 3 5 6 9 12 13
771W0DCCCSCZZY0eeu,7,shape-T,none,mixed,1 2 4 5 12 12 13
771Webdhgg00nnPXnL,7,shape-L,none,mixed,2 2 6 8 9 9 13
771W444788e4554SKO,7,shape-corner,none,distinct,1 2 4 6 7 13 16
771WeZZYwq0015ZZjb,7,shape-L,none,mixed,2 3 4 4 5 13 18
771W4446MMO4445PHH,7,shape-corner,none,mixed,3 4 5 6 6 9 16
771WaauXok00rhn359,7,shape-L,none,mixed,1 3 3 4 5 13 20
771Weabqjk005DfLN9,7,shape-L,none,mixed,3 4 4 8 8 9 13
771W4556Y6A466768e,7,shape-corner,none,mixed,2 3 4 8 8 8 16
771W0CCFTDCccY0bfa,7,shape-T,none,mixed,2 5 5 6 8 10 13
771W0EEySCCcga0emm,7,shape-T,none,mixed,2 2 3 7 8 13 14
771W0SCFCCEuue0fae,7,shape-T,none,distinct,1 2 4 7 10 12 13
771Wiaafna00DBl779,7,shape-L,none,distinct,1 4 5 6 8 12 13
771W0DCy-kiegW0bWm,7,shape-T,none,mixed,1 2 2 4 12 13 15
771W0kDFyCCoaY0eqa,7,shape-T,none,mixed,1 4 4 7 10 10 13
771W0SSijFFouW0WYa,7,shape-T,none,mixed,2 2 3 4 12 13 13
771WWngonq00XP9BNd,7,shape-L,none,distinct,1 3 5 6 9 12 13
771WWvskkg00ZhHJHX,7,shape-L,none,mixed,2 3 6 7 9 9 13
771W0U-zjCCoWa0eeY,7,shape-T,none,mixed,2 3 3 6 10 12 13
771W1CIXoS4ISJXICe,7,shape-cross,none,mixed,1 1 4 7 9 13 14
771Wywiaca001H9t55,7,shape-L,none,mixed,1 2 4 5 11 13 13
771W0iSFDDCeue0aef,7,shape-T,none,mixed,3 3 3 7 8 12 13
771W0CiSSSVuWe0efe,7,shape-T,none,mixed,1 1 4 6 11 13 13
771WXjeggk00HHfxn1,7,shape-L,none,mixed,1 2 5 7 8 13 13
771W6546M884466eYI,7,shape-corner,none,distinct,1 2 3 8 9 10 16
771W5ioXIC8eCIXIEY,7,shape-cross,none,mixed,1 2 7 7 9 10 13
771W5746XZW4777hL2,7,shape-corner,none,mixed,3 3 4 7 7 9 16
771W6665G2e4576A9D,7,shape-corner,none,distinct,1 2 3 6 9 12 16
771Waeubbg009HhXZj,7,shape-L,none,mixed,1 3 3 6 9 13 14
771W4557feS454584Y,7,shape-corner,none,mixed,1 4 4 5 8 11 16
771WYofeef00HnbbLF,7,shape-L,none,mixed,1 5 5 7 8 10 13
771Wieio-k009BLfXX,7,shape-L,none,distinct,2 3 4 6 7 13 14
771W4iIXJCCIkoXIC2,7,shape-cross,none,mixed,1 5 6 7 7 10 13
771W0ijTEECeea0Wbv,7,shape-T,none,mixed,1 2 5 5 11 12 13
771WbfhkYa00HHbBP9,7,shape-L,none,distinct,1 3 5 7 8 12 13
771W2koXIk4IjpXJC0,7,shape-cross,none,distinct,1 3 5 6 7 13 14
771WfgagYc00NNRPX1,7,shape-L,none,mixed,3 4 5 5 7 12 13
771W0EUiSCCYkq0eee,7,shape-T,none,distinct,2 3 4 7 8 12 13
771Wohhgaa005bHLXf,7,shape-L,none,mixed,2 2 5 7 10 10 13
771W0iiCCDCmee0YYZ,7,shape-T,none,mixed,1 1 4 5 12 13 13
771W1EIXplKGTIXJi1,7,shape-cross,none,mixed,1 5 5 7 8 10 13
771WXdaaig00555hPP,7,shape-L,none,mixed,2 3 4 4 8 13 15
771W0Ciiijkamm0YZX,7,shape-T,none,mixed,2 3 3 5 10 13 13
771WGkoXJC8aiIXIkW,7,shape-cross,none,mixed,1 2 3 8 9 13 13
771WaoikXW00fPLvLJ,7,shape-L,none,mixed,2 3 5 6 6 13 14
771Wgaegmo00ntNd99,7,shape-L,none,distinct,2 3 5 6 9 11 13
771Wqiikie001X3FBB,7,shape-L,none,distinct,1 4 5 6 9 11 13
771W0DDUDECuuq0WlZ,7,shape-T,none,mixed,2 3 4 5 11 11 13
771Wfgckoo0055T5X1,7,shape-L,none,distinct,1 2 6 7 9 11 13
771WYYmrai00HLNTD5,7,shape-L,none,distinct,1 2 6 7 8 12 13
771Wffossc00BL59H1,7,shape-L,none,mixed,2 3 5 5 10 11 13
771W4466smW4544AKK,7,shape-corner,none,mixed,2 2 3 4 7 15 16
771WYcwbYY005T5zD1,7,shape-L,none,mixed,1 1 2 8 11 13 13
771WHSIXISY8DIXIDf,7,shape-cross,none,mixed,1 2 6 6 10 11 13
771W4544GGO4454aaq,7,shape-corner,none,mixed,1 1 3 6 8 14 16
771W4CIXJCACCIXIF1,7,shape-cross,none,mixed,1 1 2 8 9 13 15
771Weiinog001BPfjb,7,shape-L,none,distinct,1 4 5 7 9 10 13
771W0SSSVDkZYW0Yba,7,shape-T,none,mixed,1 4 4 8 9 10 13
771Waaheab0055LJRH,7,shape-L,none,mixed,1 2 6 6 10 11 13
771WgacaZn0057dhLL,7,shape-L,none,mixed,2 2 5 6 10 11 13
771W5EIXJC0IUIXIiA,7,shape-cross,none,mixed,2 3 5 5 7 13 14
771W0CDjFVSiWY0aXq,7,shape-T,none,mixed,1 2 2 7 9 13 15
771WGTIXokY1CIXISm,7,shape-cross,none,mixed,1 1 8 8 9 9 13
771W45648eH6555H9u,7,shape-corner,none,distinct,1 3 4 5 7 13 16
771WWeurgh00HLfbdf,7,shape-L,none,distinct,1 4 6 7 8 10 13
771W4657fYW4446gLB,7,shape-corner,none,mixed,2 3 4 6 6 12 16
771W0CkSCCSayn0uee,7,shape-T,none,mixed,1 1 5 6 11 12 13
771WgoqYqq00Lf9V33,7,shape-L,none,mixed,2 3 3 7 9 12 13
771W0UTECECeee0bwY,7,shape-T,none,mixed,2 4 4 5 9 12 13
771W6665LA944662B8,7,shape-corner,none,mixed,2 5 5 6 7 8 16
771W0CEkTTifaX0mab,7,shape-T,none,mixed,1 2 7 7 9 10 13
771Waymgyo00fjJ799,7,shape-L,none,mixed,2 4 4 4 7 13 15
771W0CCyyDDiYe0XXY,7,shape-T,none,mixed,1 2 2 8 9 13 14
771W0FVliCCwme0Wae,7,shape-T,none,mixed,2 2 3 4 12 13 13
771W0iCCiCEWss0ZYY,7,shape-T,none,mixed,1 2 2 5 12 13 14
771WaagXZY0099PPTJ,7,shape-L,none,mixed,2 3 4 6 8 13 13
771W0EFCSCCaac0eme,7,shape-T,none,mixed,1 2 3 8 9 13 13
771WaCIXICAeCIXIF3,7,shape-cross,none,distinct,1 2 5 8 9 11 13
771WuiglZW005bbPJP,7,shape-L,none,mixed,1 4 4 7 7 13 13
771W0iSiCFEaum0YYX,7,shape-T,none,mixed,2 2 3 4 12 13 13
771W4677ACK4455g4G,7,shape-corner,none,mixed,2 2 4 7 8 10 16
771WKDIXoD12CoXIUa,7,shape-cross,none,mixed,2 4 4 5 9 12 13
771WaimyyW00ZvR777,7,shape-L,none,distinct,2 3 4 5 8 13 14
771W0CoXJC8QEIXISI,7,shape-cross,none,distinct,1 3 4 6 8 13 14
771W4646K884466Oqq,7,shape-corner,none,mixed,2 2 4 5 8 12 16
771W0CCyCDCYkY0aad,7,shape-T,none,mixed,1 1 6 8 9 11 13
771W4675Gmm4666k6I,7,shape-corner,none,mixed,2 2 4 7 8 10 16
771WGUIXoC20EIXpie,7,shape-cross,none,mixed,1 1 4 6 8 13 16
771Waqgsvu00XRLP53,7,shape-L,none,mixed,1 5 5 6 8 11 13
771WooYajX00bLNT51,7,shape-L,none,mixed,1 1 6 8 9 11 13
771WZbyeXm009JFtNJ,7,shape-L,none,mixed,2 3 5 8 9 9 13
771W0EFCiCibYY0eme,7,shape-T,none,mixed,1 2 3 6 11 13 13
771W0VVTiiCXaa0eWa,7,shape-T,none,mixed,2 3 3 7 8 13 13
771WWfmgjb00rjJLTf,7,shape-L,none,mixed,3 4 4 5 9 11 13
771WpXcbZZ00HnnzP1,7,shape-L,none,mixed,1 3 4 7 7 13 14
771WmDIXIC8eCoXISa,7,shape-cross,none,mixed,1 4 6 7 9 9 13
771W0UTSCCCXXb0eue,7,shape-T,none,mixed,3 3 3 3 12 12 13
771W2SoXoC0YyIXoSK,7,shape-cross,none,mixed,1 3 5 5 6 13 16
771WWXzwme00HNBJVd,7,shape-L,none,mixed,2 4 4 5 9 12 13
771Wpgrqaa005nHHn9,7,shape-L,none,mixed,1 4 5 5 10 11 13
771W0CoXojLHCJXIE8,7,shape-cross,none,mixed,2 4 4 5 5 13 16
771W0CEEESDbbc0oWX,7,shape-T,none,distinct,1 3 4 5 9 13 14
771W4746aHG6644QcL,7,shape-corner,none,mixed,1 4 5 5 6 12 16
771W0SiiyCDYqY0YYZ,7,shape-T,none,mixed,1 5 5 6 7 12 13
771WaWmxpo00nbf99B,7,shape-L,none,mixed,2 3 4 4 8 13 15
771W0CCDSjiYYa0eed,7,shape-T,none,distinct,1 2 5 7 10 11 13
771W0SiCDCCeue0cca,7,shape-T,none,mixed,2 3 3 7 9 12 13
771Wqkefvb00Nn3HXf,7,shape-L,none,mixed,1 3 3 4 8 13 17
771W4464IT84456TB9,7,shape-corner,none,mixed,1 5 6 6 7 8 16
771WeyssaX00XLbpdb,7,shape-L,none,distinct,3 4 5 6 7 11 13
771W0CCS_iEXag0YbZ,7,shape-T,none,mixed,2 2 5 6 10 11 13
771W0CIXpzqGSIXJD8,7,shape-cross,none,mixed,3 3 3 6 6 13 15
771W0CCjkijeYY0Yaf,7,shape-T,none,mixed,1 4 4 8 9 10 13
771W6574iAI6454IeW,7,shape-corner,none,distinct,1 2 4 6 7 13 16
771W0SUzEDDaiW0qkW,7,shape-T,none,mixed,1 3 5 5 10 12 13
771Weaqkqa003TrD99,7,shape-L,none,distinct,1 3 5 8 9 10 13
771W0EFllTSfZW0WoX,7,shape-T,none,distinct,2 3 4 6 9 12 13
771WnzagWY005LfPNd,7,shape-L,none,distinct,1 2 6 7 8 12 13
771WenYsom00HjD5Jp,7,shape-L,none,distinct,1 2 3 6 8 13 16
771W0DDEEkTgfe0XeX,7,shape-T,none,distinct,1 3 6 7 9 10 13
771W6657PaY46469KA,7,shape-corner,none,mixed,2 4 5 5 8 9 16
771WeqkpYa00LvfJ59,7,shape-L,none,mixed,3 3 3 6 10 11 13
771W0CCSiTCacf0YYZ,7,shape-T,none,distinct,1 4 5 6 8 12 13
771WXYaomc00PNNThB,7,shape-L,none,mixed,2 5 6 6 8 9 13
771WmmafcY009PLRVR,7,shape-L,none,mixed,2 3 3 9 9 10 13
771W0iiilTTYYW0YaY,7,shape-T,none,mixed,2 4 4 5 10 11 13
771WGSIXIC04CIXo-s,7,shape-cross,none,mixed,2 3 3 6 7 13 15
771WcUIXIT14iJXIE0,7,shape-cross,none,distinct,1 2 4 6 11 12 13
771W4664nGG6444qCA,7,shape-corner,none,mixed,1 1 5 5 7 14 16
771WYkoXoUI2CIXJC0,7,shape-cross,none,mixed,1 4 5 5 8 13 13
771W0SSCCCDYYg0aab,7,shape-T,none,distinct,1 2 6 8 9 10 13
771W4646dKO4645QYa,7,shape-corner,none,mixed,2 4 5 6 8 8 16
771WYvacbn00HZJTr5,7,shape-L,none,mixed,1 2 6 8 8 11 13
771Wmhbrhg009bHLnZ,7,shape-L,none,mixed,1 4 5 7 7 12 13
771W5646QHK4464PZW,7,shape-corner,none,mixed,1 1 3 6 9 13 16
771Wqikdbe001XBL97,7,shape-L,none,mixed,1 2 4 7 9 13 13
771W5745I9e5464aM9,7,shape-corner,none,distinct,1 3 4 7 8 10 16
771WZoqfWX00bTHPf7,7,shape-L,none,mixed,1 1 4 7 7 13 16
771W0EECjEibYY0Xgi,7,shape-T,none,mixed,1 4 6 6 8 11 13
771WeZZcgb00DDhdXB,7,shape-L,none,mixed,1 5 5 6 8 11 13
771W0CSSSSTmma0ZZY,7,shape-T,none,distinct,2 3 4 5 10 12 13
771W6646IL94455YQO,7,shape-corner,none,distinct,1 4 5 6 7 10 16
771W0DEECySXYY0qmW,7,shape-T,none,mixed,2 2 2 3 13 13 14
771W44548ma4677QQI,7,shape-corner,none,mixed,2 4 5 6 8 8 16
771WuqoyXW0055jTLJ,7,shape-L,none,mixed,1 4 6 7 7 11 13
771W0EECEkSYXX0faa,7,shape-T,none,distinct,1 2 3 7 9 13 14
771W0CiCEEknee0aYY,7,shape-T,none,distinct,1 3 4 5 11 12 13
771Wcofjoo005nj5L5,7,shape-L,none,distinct,1 2 4 6 9 13 14
771W0DFSCCCccg0eme,7,shape-T,none,mixed,2 3 4 6 8 13 13
771W0DTiCiScfm0eee,7,shape-T,none,distinct,2 3 4 6 9 12 13
771W0CVjiCinwY0emq,7,shape-T,none,distinct,1 2 4 8 9 12 13
771W8CIXICK0CJXIUQ,7,shape-cross,none,mixed,2 2 3 6 7 13 16
771W0CSiEDFiem0aZW,7,shape-T,none,mixed,1 1 4 5 12 13 13
771Wmvfiee00HXjffX,7,shape-L,none,mixed,1 2 5 6 9 13 13
771W0CClEUCgcb0Xie,7,shape-T,none,mixed,1 5 5 8 8 9 13
771WAEIXICY5CIXJiW,7,shape-cross,none,mixed,1 2 3 9 9 12 13
771W0SSEDDDmme0aie,7,shape-T,none,mixed,2 2 5 6 7 13 14
771Waeebwo00HLl759,7,shape-L,none,mixed,2 4 5 5 7 13 13
771W6454IUE4456i8G,7,shape-corner,none,mixed,1 2 6 7 7 10 16
771WmzWlif00HHhLPd,7,shape-L,none,mixed,1 2 2 7 8 13 16
771W0SkyFECayW0vaY,7,shape-T,none,mixed,1 1 4 6 11 13 13
771Wuurrjg0095H33L,7,shape-L,none,mixed,2 3 3 5 9 13 14
771W0iTVSiimoW0eaq,7,shape-T,none,distinct,1 2 6 8 9 10 13
771WwgzbYa009n9N5H,7,shape-L,none,distinct,1 4 5 7 8 11 13
771W5ioXJC0aCIXok8,7,shape-cross,none,distinct,1 2 3 6 7 13 17
771W4445sYY4644Yae,7,shape-corner,none,mixed,1 3 3 7 9 10 16
771W4667oqI4544p84,7,shape-corner,none,mixed,1 2 4 8 8 10 16
771W0iijzUUWcW0WYg,7,shape-T,none,distinct,1 2 4 8 9 12 13
771WekoXIy02TIXIia,7,shape-cross,none,mixed,1 4 5 5 7 13 14
771W0CECFCiZYY0oig,7,shape-T,none,mixed,1 5 5 6 7 12 13
771WYifwgY0095pZBJ,7,shape-L,none,distinct,1 2 5 7 9 12 13
771W8EoXIDeHCIXoE1,7,shape-cross,none,mixed,1 1 6 7 9 12 13
771Wywvvoa0037BfV3,7,shape-L,none,mixed,3 4 5 6 9 9 13
771WaazqYW00L9PLJB,7,shape-L,none,mixed,1 2 7 7 7 12 13
771W6665QQX45548D8,7,shape-corner,none,mixed,2 3 5 6 6 11 16
771W0CCEFESbba0fWc,7,shape-T,none,distinct,1 2 3 7 9 13 14
771W6645HHO44455LP,7,shape-corner,none,mixed,3 4 4 6 7 9 16
771Wqgrqqm001t7vP9,7,shape-L,none,mixed,2 2 6 7 8 11 13
771W0CECTTibaX0mej,7,shape-T,none,mixed,1 2 5 6 11 11 13
771WIUIXJC02EoXICA,7,shape-cross,none,distinct,1 2 4 6 9 13 14
771WWagqii00bjrP99,7,shape-L,none,mixed,2 4 4 6 9 11 13
771Wiyvqee00d3DPPH,7,shape-L,none,distinct,2 3 5 6 8 12 13
771Wfbbrog00D3XD95,7,shape-L,none,distinct,1 3 4 6 7 13 15
771W0CyjECCmay0Yai,7,shape-T,none,mixed,1 1 6 8 9 11 13
771W0CyyiFComa0ZYX,7,shape-T,none,mixed,1 3 4 5 10 13 13
771WogZaWe007dLPfn,7,shape-L,none,mixed,2 2 3 5 10 13 14
771WaciYmf00DBHPbd,7,shape-L,none,mixed,1 3 4 7 8 13 13
771W0CCCECCuuu0acc,7,shape-T,none,mixed,2 3 3 7 9 12 13
771WjjiepY00Zb9HL3,7,shape-L,none,mixed,2 3 3 4 7 13 17
771W0DDEkTVaYY0XgW,7,shape-T,none,distinct,1 2 5 8 9 11 13
771W0kEESCCoYa0eaa,7,shape-T,none,mixed,1 2 6 7 10 10 13
771Weawdca009PfJ7B,7,shape-L,none,mixed,1 3 3 9 10 10 13
771W7754qoI5444AO0,7,shape-corner,none,mixed,2 2 4 4 8 13 16
771Wagcmee00LTfv99,7,shape-L,none,mixed,1 4 5 6 7 13 13
771WaCIXIi4cDJXIC8,7,shape-cross,none,mixed,1 4 5 8 9 9 13
771W4546AgK4765unX,7,shape-corner,none,distinct,2 3 4 6 8 10 16
771W0CEjE-Tfca0niX,7,shape-T,none,distinct,1 3 5 7 8 12 13
771W0DViiSCagn0eme,7,shape-T,none,mixed,2 3 6 6 6 13 13
771WiabbgX0033bDFH,7,shape-L,none,mixed,1 2 5 7 8 13 13
771WAEJXICG0CJXJFJ,7,shape-cross,none,mixed,3 3 4 5 5 13 16
771W0CCDDzSXYY0aaf,7,shape-T,none,mixed,2 3 3 7 8 13 13
771WZmWfWi00Tjhf9b,7,shape-L,none,mixed,1 1 2 5 13 13 14
771WejjmWa00dhBffH,7,shape-L,none,distinct,2 3 4 5 7 13 15
771WZempjY00HLZdh9,7,shape-L,none,distinct,1 3 4 6 8 13 14
771Wnqffaa001HLrrD,7,shape-L,none,mixed,1 5 6 6 6 12 13
771WibdfYY0099jDHb,7,shape-L,none,mixed,1 3 6 8 8 10 13
771WaagWXu00LNTjrp,7,shape-L,none,distinct,1 3 5 6 10 11 13
771W4457RK84457C2I,7,shape-corner,none,mixed,1 3 3 7 9 10 16
771WgfbjZa0099L7ZB,7,shape-L,none,distinct,2 3 4 8 9 10 13
771Wmdasuf009ZbTXJ,7,shape-L,none,mixed,1 1 4 7 10 13 13
771W0DUkkkSWfu0ZmW,7,shape-T,none,mixed,1 1 5 7 10 12 13
771W5654YC84665MYQ,7,shape-corner,none,mixed,1 3 5 7 7 10 16
771W6744JIO4445LIa,7,shape-corner,none,mixed,2 3 6 7 7 8 16
771Wgabbfm0013dhBL,7,shape-L,none,mixed,2 2 5 6 7 13 14
771WaaXYuq00LLNLP9,7,shape-L,none,mixed,2 3 6 7 9 9 13
771W0iCCSkCXoq0YZZ,7,shape-T,none,mixed,2 2 4 6 10 12 13
771W0kECiTUqYW0gZW,7,shape-T,none,mixed,1 2 3 5 12 13 13
771WfqZaYW00bLrzZR,7,shape-L,none,mixed,1 3 4 8 10 10 13
771W4775H9B4465fWG,7,shape-corner,none,mixed,2 2 4 5 8 12 16
771WYeeXdW00JJhlBB,7,shape-L,none,mixed,1 2 6 6 10 11 13
771Waabfwe0053BJNB,7,shape-L,none,mixed,3 3 4 7 7 12 13
771Wiosnma00ZhBn95,7,shape-L,none,mixed,2 3 4 6 8 13 13
771WXYusjf009LRPb5,7,shape-L,none,distinct,2 4 5 6 9 10 13
771W0CSDDCCeeu0aag,7,shape-T,none,mixed,1 2 5 8 8 12 13
771WIEoXIU2HDpXIC0,7,shape-cross,none,mixed,1 4 6 6 6 13 13
771W0EIXojeOSIXIiZ,7,shape-cross,none,mixed,1 2 4 5 11 13 13
771WWjjoYa00bffhfH,7,shape-L,none,distinct,2 4 5 7 8 10 13
771W0DECCCSaab0emm,7,shape-T,none,mixed,1 1 3 8 9 13 14
771WWyruru00XPdFFJ,7,shape-L,none,mixed,2 4 4 5 9 12 13
771WcggbYa00HHvV95,7,shape-L,none,mixed,2 3 5 7 7 12 13
771Wcccaee00DDD9XX,7,shape-L,none,mixed,2 3 3 4 9 13 15
771WeXjiZe0099ttnF,7,shape-L,none,distinct,1 2 6 8 9 10 13
771W2UIXID1aiIXoE8,7,shape-cross,none,mixed,1 5 5 6 6 13 13
771W46660OO6664Kaa,7,shape-corner,none,mixed,2 2 4 4 6 15 16
771W4464JaO4745UAC,7,shape-corner,none,mixed,1 4 5 7 8 8 16
771WWioXIE88SIXJC8,7,shape-cross,none,mixed,1 1 3 9 9 13 13
771WmfbYoY003bLTJh,7,shape-L,none,mixed,2 2 6 7 8 11 13
771W5557WI45777A55,7,shape-corner,none,mixed,3 4 4 6 7 9 16
771W0iIXJTKYUIXISH,7,shape-cross,none,mixed,3 4 5 6 6 12 13
771W0jDiUCCY-u0cWe,7,shape-T,none,mixed,1 2 2 7 9 13 15
771W5556KI84455B5D,7,shape-corner,none,distinct,3 4 5 6 7 8 16
771W0CCE-FiYbZ0fWZ,7,shape-T,none,distinct,1 2 3 5 11 13 14
771W0CjlTiiqcW0cgm,7,shape-T,none,distinct,2 3 4 6 9 12 13
771WfggogY00DDJJX1,7,shape-L,none,mixed,1 5 6 6 7 11 13
771W0SSTCCCeea0YYk,7,shape-T,none,mixed,1 3 4 6 11 11 13
771W0CCiSEEgca0XYY,7,shape-T,none,mixed,1 3 4 7 8 13 13
771W0TTjECCieW0Yaa,7,shape-T,none,mixed,1 3 4 7 8 13 13
771W0SSCCFEmme0YYX,7,shape-T,none,mixed,2 2 2 3 13 13 14
771W0CCSSTCffa0YYZ,7,shape-T,none,mixed,1 5 5 6 7 12 13
771Wgojnaa001zDTDL,7,shape-L,none,mixed,2 4 6 6 6 12 13
771W0FFDCiCZXX0aiW,7,shape-T,none,distinct,1 2 3 4 12 13 14
771Whepgxm005R55pD,7,shape-L,none,mixed,1 2 4 8 8 13 13
771WwYschj00PX5J15,7,shape-L,none,mixed,1 1 2 5 11 13 16
771W4455LMM44668AG,7,shape-corner,none,mixed,2 4 6 6 7 8 16
771WauectW00pLjB53,7,shape-L,none,distinct,1 2 4 6 9 13 14
771W5CIXIiaOUIXICW,7,shape-cross,none,mixed,1 2 5 5 7 13 16
771W4665IE84466jae,7,shape-corner,none,distinct,2 3 4 6 8 10 16
771W0iCSCDEuea0YZX,7,shape-T,none,mixed,1 2 3 6 11 13 13
771W8CIXIEW2FJXJSO,7,shape-cross,none,mixed,1 2 4 7 11 11 13
771WYaebWa00HHPlld,7,shape-L,none,mixed,2 2 3 7 8 13 14
771W0CDCEkCYZZ0jem,7,shape-T,none,mixed,2 2 4 5 11 12 13
771W1jJXoC0eUIXoi4,7,shape-cross,none,mixed,1 3 3 4 8 13 17
771WWSJXICK9jIXICK,7,shape-cross,none,mixed,2 2 5 8 8 11 13
771W76644IO6645Fa4,7,shape-corner,none,mixed,1 3 4 8 8 9 16
771WYeujgY009HhlD9,7,shape-L,none,distinct,2 3 5 7 9 10 13
771W0SS_FDCeae0Wgf,7,shape-T,none,mixed,2 2 3 5 11 13 13
771W0iCEEECuee0aff,7,shape-T,none,mixed,1 5 5 6 7 12 13
771W44768Ag5446MG8,7,shape-corner,none,distinct,1 2 4 7 8 11 16
771WqaaffZ003Zl759,7,shape-L,none,mixed,2 3 4 4 11 12 13
771WoeqvgY005nxZ5D,7,shape-L,none,distinct,1 3 4 5 9 13 14
771W4465jmO4565JB9,7,shape-corner,none,mixed,3 4 4 5 8 9 16
771WeiippY0039XfZj,7,shape-L,none,mixed,1 3 4 8 8 12 13
771W0ySDEECmWe0bae,7,shape-T,none,mixed,1 2 2 8 8 13 15
771Wssokii009PH955,7,shape-L,none,mixed,3 4 6 7 8 8 13
771W6464eai4556m88,7,shape-corner,none,distinct,1 2 3 6 7 14 16
771WZwaiiX005rBJ3X,7,shape-L,none,mixed,1 1 2 7 12 13 13
771W0kjDiCDgaa0Wmb,7,shape-T,none,mixed,1 2 4 8 8 13 13
771WnXfgaa00HnjfjD,7,shape-L,none,distinct,2 3 4 8 9 10 13
771WnkwnaY009zbJf5,7,shape-L,none,distinct,1 4 5 6 8 12 13
771Wqqumsq0019HNLL,7,shape-L,none,mixed,1 5 5 6 6 13 13
771W4467cai4445G2E,7,shape-corner,none,mixed,1 1 3 8 9 11 16
771W4546MTL4465OIW,7,shape-corner,none,mixed,3 3 5 6 6 10 16
771W0DjSiCCoia0eee,7,shape-T,none,mixed,2 4 4 6 8 12 13
771Wmmekfg00HHTHVP,7,shape-L,none,mixed,1 2 5 8 10 10 13
771Wbskaae00bLFPX1,7,shape-L,none,mixed,1 3 5 6 6 13 15
771Wmmo-qe00X7B5LL,7,shape-L,none,distinct,1 3 4 6 7 13 15
771W0CCCCSSXXY0uuu,7,shape-T,none,mixed,2 2 3 3 12 13 14
771W8DJXIC0KSIXokI,7,shape-cross,none,mixed,3 3 4 5 6 13 15
771W0EECDiiXYY0iaY,7,shape-T,none,mixed,1 2 4 8 8 13 13
771W0CECDjCZXX0iqn,7,shape-T,none,mixed,1 3 4 7 7 13 14
771W4CIXoCIcipXJC0,7,shape-cross,none,mixed,1 3 4 6 6 13 16
771W4465HH85545PHP,7,shape-corner,none,mixed,1 3 4 4 6 15 16
771WgYwbZZ00fn9DB1,7,shape-L,none,mixed,1 2 3 9 9 12 13
771WXXgwxa00RHBBL3,7,shape-L,none,mixed,2 4 4 7 7 12 13
771WWnetqo00XPPRTf,7,shape-L,none,mixed,1 5 6 7 7 10 13
771WdcYkee00995P5b,7,shape-L,none,distinct,1 2 6 7 9 11 13
771W8CIXIkGADJXJC4,7,shape-cross,none,distinct,1 3 5 8 9 10 13
771W0SyiiEEYme0XYY,7,shape-T,none,mixed,1 2 4 5 11 13 13
771W0EEEDSCXXZ0Wac,7,shape-T,none,mixed,1 1 3 6 11 13 14
771Waiuacg001PhJLL,7,shape-L,none,distinct,1 2 4 6 9 13 14
771W0ECCFzCXYZ0Yqn,7,shape-T,none,mixed,1 2 4 6 10 13 13
771W0CFCEjTYXX0esi,7,shape-T,none,distinct,1 3 4 5 9 13 14
771W0CCFDTCbbc0bfa,7,shape-T,none,mixed,4 5 5 5 8 9 13
771Wywueeq001BJnHH,7,shape-L,none,mixed,2 3 3 5 8 13 15
771Wmmqdff001PTD95,7,shape-L,none,mixed,1 2 2 7 10 13 14
771W0ikSSiiWga0uee,7,shape-T,none,mixed,1 5 5 5 8 12 13
771W5676QMK4446Wn9,7,shape-corner,none,distinct,2 4 5 6 7 9 16
771W4SIXICmbiJXIC4,7,shape-cross,none,mixed,1 5 5 6 9 10 13
771WXWmkii00P9959f,7,shape-L,none,mixed,1 1 3 6 8 13 17
771W4457IMW556694K,7,shape-corner,none,distinct,1 2 4 5 9 12 16
771W0SiiiikamW0ZYY,7,shape-T,none,distinct,1 3 4 5 11 12 13
771WZUIXICW1jJXICa,7,shape-cross,none,mixed,1 1 6 6 11 11 13
771WjfjccY00DDr391,7,shape-L,none,mixed,1 4 6 7 9 9 13
771Wastkee00n99bH9,7,shape-L,none,mixed,1 3 6 7 7 12 13
771Wfoqueb005bBPfB,7,shape-L,none,mixed,1 5 5 6 9 10 13
771WYYhqaa00LP99PH,7,shape-L,none,mixed,1 3 4 8 10 10 13
771WwbrbYa00fHn7b5,7,shape-L,none,mixed,1 5 5 5 8 12 13
771WXskYXW00Lrjjb3,7,shape-L,none,mixed,2 3 6 6 8 11 13
771WWZZbzy00LHLPXZ,7,shape-L,none,mixed,2 2 4 9 9 10 13
771W4557M684467eXD,7,shape-corner,none,mixed,1 2 5 7 9 9 16
771W2ioXoC0YkoXoE2,7,shape-cross,none,mixed,1 3 4 5 10 13 13
771W0CJXpiGLSJXICI,7,shape-cross,none,mixed,2 3 3 5 9 13 14
771W44470G86655fbj,7,shape-corner,none,distinct,1 3 4 5 7 13 16
771W0SUCCECaai0hmm,7,shape-T,none,mixed,1 2 4 7 9 13 13
771W0DDDVDTYYb0YaW,7,shape-T,none,mixed,1 5 6 6 7 11 13
771W0CCDFSSXXY0aYg,7,shape-T,none,mixed,2 2 2 7 9 13 14
771W446665B66679IG,7,shape-corner,none,mixed,2 4 5 7 7 8 16
771WmiIXIi4QDpXIC8,7,shape-cross,none,mixed,2 5 5 5 9 10 13
771WYgaque00TJbnHH,7,shape-L,none,distinct,1 3 4 6 8 13 14
771WOTJXJCG0CJXoiI,7,shape-cross,none,mixed,2 3 3 5 9 13 14
771W0CiSSSDmeb0YYZ,7,shape-T,none,distinct,1 2 5 6 10 12 13
771WnXbqaX00f55NND,7,shape-L,none,distinct,1 3 4 5 9 13 14
771WoYedaY00b5TRLP,7,shape-L,none,mixed,1 4 5 7 7 12 13
771WqyngzW00BTZLT3,7,shape-L,none,mixed,3 3 3 8 9 10 13
771WuowmiW007hrpBB,7,shape-L,none,mixed,1 4 4 7 8 12 13
771W0UjiFCCaue0aoi,7,shape-T,none,mixed,3 3 4 7 8 11 13
771WWfbkip00bdP7BX,7,shape-L,none,distinct,1 3 5 7 8 12 13
771WWkuteu00ndjLfb,7,shape-L,none,mixed,1 5 5 7 9 9 13
771WYddgae00LLRbfX,7,shape-L,none,mixed,2 2 5 7 9 11 13
771WagpryZ005JbhJ5,7,shape-L,none,mixed,1 6 7 7 7 8 13
771W0iUSSyiYmX0umm,7,shape-T,none,distinct,1 2 3 6 10 13 14
771W5766SYe4647dG0,7,shape-corner,none,mixed,1 3 3 4 7 15 16
771W0CDCijUbXW0mng,7,shape-T,none,mixed,2 2 3 4 11 13 14
771W0CCDjySbWY0cce,7,shape-T,none,mixed,2 2 2 8 8 13 14
771W8CIXJje6CIXIC9,7,shape-cross,none,mixed,2 3 6 7 9 9 13
771WYspmeX005rpJR9,7,shape-L,none,mixed,1 2 5 7 8 13 13
771W6546KaY46669aK,7,shape-corner,none,distinct,2 3 4 7 8 9 16
771W5577JH84476Q21,7,shape-corner,none,mixed,1 4 6 7 7 8 16
771W0CDiiCCYii0uum,7,shape-T,none,mixed,2 2 3 8 8 13 13
771WIDIXIDa5CoXJz2,7,shape-cross,none,mixed,1 4 5 8 8 10 13
771WGCMbS20QUqYI95,7,progressive,none,distinct,2 3 5 7 8 11 13
771W0FBeK10gcYUgg9,7,plain,none,mixed,2 3 3 8 10 10 13
771WAiKmJ34cQ8OX51,7,plain,none,mixed,2 3 3 3 4 7 27
771WGZaIOQc0fCDKwg,7,progressive,none,distinct,1 4 5 7 9 11 12
771W691eE6IOKLhEi4,7,progressive,none,distinct,1 4 6 7 9 10 12
771W9HYoAH4BNjBAI1,7,progressive,none,distinct,2 4 5 6 9 11 12
771W8ogQIzaWBv64YX,7,progressive,none,distinct,1 4 6 8 9 10 11
771WC0E22OOLLMkMGG,7,plain,none,mixed,1 2 2 7 9 14 14
771W8WYMUE0oga1CHH,7,plain,none,mixed,1 1 3 5 8 13 18
771W21KOGH9GG7AQwQ,7,plain,none,mixed,2 3 3 7 9 11 14
771W7BHgcbg08OzOBW,7,progressive,none,distinct,1 3 6 7 9 10 13
771WMOMYIE21DBvIYY,7,progressive,none,distinct,2 4 5 6 9 11 12
771W4635E8a5445wKG,7,plain,none,mixed,1 1 4 5 9 12 17
771W24O99iqA8HPgA4,7,plain,none,mixed,2 2 7 7 10 10 11
771W0G49fxBbYHOGIO,7,plain,none,mixed,2 2 4 4 12 12 13
771W0Yg55Q8AonhfYi,7,progressive,none,distinct,1 5 6 7 9 10 11
771W16fAIKHG8DLcu9,7,progressive,none,distinct,1 4 5 6 10 11 12
771W8BwUIA58G6faXm,7,progressive,none,distinct,1 4 5 8 9 10 12
771W44CKLC8OOMD662,7,progressive,none,distinct,2 3 5 7 9 10 13
771WYjUHKGG8OAgay4,7,distinct,none,distinct,2 4 6 7 8 9 13
771W2Dv9HGGemkIYYC,7,progressive,none,distinct,1 4 5 6 10 11 12
771WLjAcD648qqQ5I4,7,progressive,none,distinct,2 3 6 7 9 10 12
771Wab4oID2Q6A9gZG,7,progressive,none,distinct,2 3 4 7 10 11 12
771WG1i5C22ayS2QQc,7,plain,none,mixed,2 2 4 5 5 13 18
771WKC229ACGGmLLAC,7,distinct,none,distinct,1 3 5 6 7 8 19
771W4audcMcWBGO895,7,distinct,none,distinct,2 4 5 7 8 11 12
771WXHFZfeA2fPCK93,7,progressive,none,distinct,2 4 5 8 9 10 11
771W6CoKCW0J8KYSii,7,distinct,none,distinct,1 2 3 6 7 8 22
771WaDB12ag0ZZARKa,7,plain,none,mixed,2 3 5 5 6 7 21
771WCCIiKOO48SMOGG,7,plain,none,mixed,2 4 4 6 8 9 16
771WOPbaa404I2ovvH,7,progressive,none,distinct,2 3 5 6 10 11 12
771WeUSMUG01XCYgII,7,progressive,none,distinct,2 4 5 6 8 11 13
771W24uSDkYCN7OX24,7,plain,none,mixed,2 3 5 5 7 12 15
771W2QwYAA1QEkHH10,7,plain,none,mixed,1 2 4 9 10 10 13
771WHH5QGAW99NTDA2,7,progressive,none,distinct,1 2 7 8 9 10 12
771W4IUQQBJ22Zme64,7,progressive,none,distinct,2 4 5 7 9 10 12
771WbCMwe842eqPG4a,7,progressive,none,distinct,1 3 4 8 9 10 14
771W0WQISCIYIDKLHH,7,plain,none,mixed,2 5 5 6 7 10 14
771WPD_LCI58GlXI94,7,progressive,none,distinct,1 4 6 7 9 10 12
771WYkI9GKG6MSWJB7,7,plain,none,mixed,2 3 4 7 7 7 19
771WGmmb48H4e9ACC5,7,plain,none,mixed,1 2 2 5 11 12 16
771WWiHT5H4MsbvII1,7,progressive,none,distinct,1 2 4 6 11 12 13
771Wo_Zgaa018OaLf9,7,distinct,none,distinct,2 4 5 6 8 9 15
771WA5rBMPPG8Ss8Y6,7,progressive,none,distinct,2 4 5 8 9 10 11
771W66049EG4455Ujh,7,plain,none,mixed,2 2 4 6 6 8 21
771WKmPOOO8YIXoIIA,7,distinct,none,distinct,2 3 5 7 8 11 13
771WKOQCWGG66CqS44,7,plain,none,mixed,1 3 4 4 9 12 16
771WMgB88OKo2Y1W8G,7,plain,none,mixed,1 1 3 4 5 13 22
771W4CqIBcoI8LZ942,7,progressive,none,distinct,2 3 5 8 9 10 12
771WAQJOKY8XYO53AQ,7,distinct,none,distinct,1 4 5 6 9 10 14
771WGGCH9e4BAUHOOI,7,plain,none,mixed,1 5 5 6 7 10 15
771W4OuEabHGDqeB74,7,progressive,none,distinct,1 2 6 7 9 11 13
771W04PGARemnsiSRA,7,progressive,none,distinct,1 3 7 8 9 10 11
771WWmlJSGQ0eKBNMA,7,plain,none,mixed,2 2 4 8 9 11 13
771WGAHHXfqmqHYZpX,7,distinct,none,distinct,2 3 5 6 7 8 18
771W4ea1Ku4CtnpCC4,7,progressive,none,distinct,1 2 6 7 10 11 12
771WGeqo6454amGCAB,7,plain,none,mixed,1 4 4 5 6 12 17
771WA8HHKAoHGJYc4G,7,distinct,none,distinct,1 2 5 6 9 10 16
771W11Zeq44IACC8O8,7,plain,none,mixed,1 3 3 3 10 13 16
771WADMJK4844IZiq8,7,progressive,none,distinct,2 3 6 8 9 10 11
771Wa4bGHu0nADEMMA,7,progressive,none,distinct,1 5 6 7 8 10 12
771W9ZfrfPOeYirv90,7,progressive,none,distinct,2 3 6 8 9 10 11
771WG824ECC88eSUKK,7,distinct,none,distinct,1 3 5 8 9 10 13
771WHL6bLJ484JJYvY,7,progressive,none,distinct,1 5 6 7 8 9 13
771W464KAAi9844Lmm,7,distinct,none,distinct,1 2 4 5 10 13 14
771WGCB6s4442aiMIA,7,progressive,none,distinct,1 4 5 6 9 11 13
771W2PBgC48eaKpqeG,7,progressive,none,distinct,3 4 5 6 7 11 13
771WQIeqyC84Q4vmGG,7,plain,none,mixed,2 2 4 6 8 10 17
771WH9BnBAKeaj45O2,7,distinct,none,distinct,1 2 5 6 7 9 19
771WIqDLQi0n3vboK8,7,progressive,none,distinct,1 3 6 7 8 11 13
771W8Gewq41IKw6598,7,plain,none,mixed,3 3 3 5 9 11 15
771WWn5fQ9G7RifntX,7,progressive,none,distinct,2 4 6 7 9 10 11
771WKeNddIO0w2pH7H,7,progressive,none,distinct,1 4 5 7 9 11 12
771WYYCSIL2Pfamt30,7,plain,none,mixed,2 2 4 6 8 12 15
771W9YFNKO4OejN8aG,7,plain,none,mixed,3 3 4 5 10 11 13
771WPIDIIIY01yCKu8,7,progressive,none,distinct,1 4 5 7 8 10 14
771W9IGfAYeagwPPi8,7,progressive,none,distinct,3 5 6 7 8 9 11
771W4KRc5N26AnfHU1,7,progressive,none,distinct,1 3 7 8 9 10 11
771W2886aKKMMKia88,7,plain,none,mixed,1 4 7 7 8 11 11
771WaYkm8Ka6JTBm88,7,plain,none,mixed,3 3 4 7 8 8 16
771W128MkSC8EDKOYY,7,plain,none,mixed,1 3 3 8 8 12 14
771WKiQefvG2v3aKC9,7,progressive,none,distinct,1 3 7 8 9 10 11
771W5_Oe5GWKfYUiSA,7,progressive,none,distinct,3 4 5 6 7 11 13
771WIA4aIIY95Wmy88,7,distinct,none,distinct,1 2 3 5 7 9 22
771W45DCKI8GGL5BAg,7,plain,none,mixed,2 5 6 6 7 10 13
771W1W2IPMaePKIHUu,7,progressive,none,distinct,1 2 6 7 8 12 13
771W42aONLKG88CxDA,7,progressive,none,distinct,3 4 6 7 8 9 12
771WOoaI3248eqqz24,7,progressive,none,distinct,1 3 4 6 7 12 16
771WIAICnbb44-AC41,7,progressive,none,distinct,1 3 7 8 9 10 11
771WPOPMabW044SLPg,7,progressive,none,distinct,1 4 5 7 8 11 13
771W45AIPXC12ALLLa,7,plain,none,mixed,1 5 5 5 6 11 16
771W6iYg9GGaOQaq42,7,progressive,none,distinct,1 3 6 7 9 10 13
771W48iOuNG8UKo9A9,7,progressive,none,distinct,1 3 7 8 9 10 11
771W24CawCaQJLAc44,7,progressive,none,distinct,2 4 5 8 9 10 11
771WILLTbbn0495ee4,7,plain,none,mixed,3 4 5 8 8 10 11
771WaTcccPe1oXI8IX,7,progressive,none,distinct,1 4 6 8 9 10 11
771W1b7P9A1SiafHBW,7,progressive,none,distinct,1 2 7 8 9 10 12
771WOeOwYD1Jv5BA20,7,distinct,none,distinct,1 3 4 5 8 10 18
771WWeD5BJA0GJiqof,7,plain,none,mixed,3 3 5 6 7 8 17
771W02VyqKaovime8G,7,progressive,none,distinct,1 4 5 7 9 10 13
771W0XAAQC4aKMHJHX,7,plain,none,mixed,1 3 7 7 9 10 12
771W02gya05AGSKRZY,7,plain,none,mixed,1 2 2 3 10 13 18
771W2oMYMIAGi76Q88,7,distinct,none,distinct,1 2 5 6 8 11 16
771W4J-USIn8Hmo6XG,7,progressive,none,distinct,1 3 7 8 9 10 11
771W82GA5B355T-uca,7,progressive,none,distinct,2 3 4 7 9 11 13
771WACDd76A4CCbGuY,7,progressive,none,distinct,2 5 6 7 8 10 11
771Wqo22Q544K26aYZ,7,distinct,none,distinct,1 2 3 7 8 10 18
771W0Z89rnSHqpcbLe,7,progressive,none,distinct,1 4 6 7 9 10 12
771WQMA9lYYGKaIaA4,7,progressive,none,distinct,1 4 5 7 8 11 13
771W8MQsMaYA4Yw3YY,7,plain,none,mixed,2 5 7 8 8 9 10
771W28KiHKMGSAsc75,7,progressive,none,distinct,2 4 5 6 9 11 12
771W665HKI455CC7LH,7,plain,none,mixed,3 4 4 7 8 9 14
771WnKO55q0fAHPaaA,7,distinct,none,distinct,1 2 5 6 10 12 13
771WYKPVb6I2aHLe7H,7,progressive,none,distinct,2 5 6 7 8 10 11
771W1CYmffAHOKYIBi,7,plain,none,mixed,1 4 4 5 8 13 14
771Wmb3d899K8ekM6m,7,progressive,none,distinct,1 2 6 8 9 11 12
771W498X8T159ArssS,7,progressive,none,distinct,1 3 4 7 9 11 14
771W49Dm26I849foqi,7,plain,none,mixed,2 3 4 4 6 11 19
771W4GGK5AIKKfg226,7,plain,none,mixed,1 4 4 5 6 11 18
771WCAqiC206IQIoHH,7,progressive,none,distinct,3 4 5 6 8 11 12
771W02WZJJDmifefPO,7,plain,none,mixed,2 3 4 9 9 11 11
771WeupqS4C44YLOG8,7,progressive,none,distinct,1 4 5 7 9 10 13
771WHHGEiSI42OPTGG,7,plain,none,mixed,1 2 3 5 8 15 15
771W48wcjigGCSuH42,7,progressive,none,distinct,1 5 6 7 8 10 12
771WIPkke480IYtaOe,7,plain,none,mixed,2 3 3 7 7 13 14
771W950b245KOOuUS9,7,progressive,none,distinct,1 2 5 7 8 10 16
771WA9b4f48KAAV4aQ,7,progressive,none,distinct,1 3 7 8 9 10 11
771WGnn4CU4Ig9CA9X,7,progressive,none,distinct,2 3 4 8 9 10 13
771WOOIBiC824Cnqie,7,progressive,none,distinct,1 4 6 8 9 10 11
771W966D8L0ggfdAg5,7,progressive,none,distinct,3 5 6 7 8 9 11
771WWOYAJRy1ukGHKH,7,progressive,none,distinct,1 2 5 6 10 12 13
771W22MTI8WopfcwC4,7,progressive,none,distinct,1 5 6 7 8 10 12
771W4QoAM94KCYVwYX,7,plain,none,mixed,3 3 6 9 9 9 10
771WA29I33588CqrSG,7,plain,none,mixed,2 4 4 6 6 11 16
771W95qDcc6HCKuKGC,7,plain,none,mixed,1 3 5 8 8 11 13
771WeW2uA4GQchBAKK,7,plain,none,mixed,2 2 5 6 8 10 16
771W1XCAgt0aHIIPRA,7,progressive,none,distinct,1 4 5 6 10 11 12
771WWHbcQPAHbLI6BW,7,progressive,none,distinct,2 3 5 6 9 11 13
771W2ad97I2f12EqCI,7,distinct,none,distinct,2 3 4 5 6 9 20
771W18B8KICYYbKJOe,7,plain,none,mixed,1 1 5 6 11 11 14
771W39csGT25LPgrG3,7,distinct,none,distinct,1 2 4 6 8 10 18
771W5kEFjK8KYX3Ce2,7,progressive,none,distinct,1 4 6 7 9 10 12
771WSSQbhoI182CKQK,7,progressive,none,distinct,3 5 6 7 8 9 11
771W44Y4iqaCHIMO88,7,progressive,none,distinct,1 3 5 8 9 11 12
771WO688WgB14asMab,7,plain,none,mixed,1 1 4 5 10 14 14
771W95wCa46M8GaOHH,7,plain,none,mixed,1 2 2 5 11 12 16
771W6ccfLH4W45D3B9,7,plain,none,mixed,3 3 6 6 8 11 12
771WJIC42uO56MCK2Y,7,plain,none,mixed,1 2 3 7 11 11 14
771W45Y8AC4H99C-oI,7,progressive,none,distinct,2 4 6 7 8 10 12
771WbgRKA246MAajeG,7,plain,none,mixed,2 4 6 6 9 11 11
771W4OumeC6oeCX322,7,plain,none,mixed,1 3 3 5 6 10 21
771WW215rPAZbYYeP8,7,plain,none,mixed,1 3 4 5 9 9 18
771WeLM9S4Y4bBfqz9,7,plain,none,mixed,2 2 6 7 9 11 12
771WWNISKAA0WMQgXH,7,distinct,none,distinct,2 3 4 5 9 11 15
771WqW_22NKG8ogH9I,7,plain,none,mixed,2 2 4 4 6 13 18
771WqJBQg64eEI2XaC,7,progressive,none,distinct,1 4 5 7 9 11 12
771W4agHA7GWOLFU5E,7,progressive,none,distinct,1 2 3 7 9 13 14
771W2ZHKHGWWHQQMMg,7,progressive,none,distinct,2 3 6 8 9 10 11
771W0G11LRAiiVSQOH,7,progressive,none,distinct,1 4 6 7 8 11 12
771W4IODCSIYYBOr48,7,progressive,none,distinct,1 4 6 8 9 10 11
771WCHdvmmGHOmSqi8,7,plain,none,mixed,4 4 5 5 5 6 20
771WEAfAFG09HI2aQC,7,progressive,none,distinct,1 3 5 7 9 10 14
771WJIHLbX214KKQBm,7,plain,none,mixed,1 4 6 6 9 10 13
771WmgKIcX9WNhQKge,7,progressive,none,distinct,1 5 6 7 9 10 11
771W84KqHAAC0Io675,7,distinct,none,distinct,1 2 3 4 8 13 18
771WHDBA10644aKby2,7,plain,none,mixed,1 1 5 6 6 11 19
771W4XX8DpIZ8ACgfa,7,distinct,none,distinct,1 3 4 7 9 11 14
771W5ABue48CA6h8eG,7,distinct,none,distinct,1 3 4 6 8 11 16
771W56bpDA9G4CAax8,7,distinct,none,distinct,2 4 5 7 8 11 12
771WOCIO8K4bbMgO88,7,plain,none,mixed,2 5 5 6 8 9 14
771WGJJ9LZXOQCCAXW,7,plain,none,mixed,2 4 6 7 8 11 11
771W1KCCoSK24rcke8,7,plain,none,mixed,3 4 4 5 7 11 15
771WeSIYA6a5iKYGHH,7,progressive,none,distinct,1 3 6 7 8 10 14
771W0G1ZUIAeaJKMOK,7,progressive,none,distinct,1 2 6 7 8 12 13
771Wffie64G489DIKa,7,progressive,none,distinct,1 4 6 7 9 10 12
771WaUU65K1vPYAX52,7,progressive,none,distinct,1 2 7 8 9 10 12
771WAyTHSIXGXACwP4,7,progressive,none,distinct,2 4 6 7 9 10 11
771W4u1XQ9DOaMb46G,7,plain,none,mixed,1 1 6 6 7 9 19
771W4iGICA8OeqLdee,7,plain,none,mixed,3 3 4 6 11 11 11
771WC40J8m8dchCSOK,7,plain,none,mixed,1 3 4 6 6 14 15
771W8EA1aXH8DCyEkY,7,progressive,none,distinct,1 2 7 8 9 10 12
771WCCDAAn01239PR9,7,plain,none,mixed,2 3 5 7 8 8 16
771WOeG57CIYoRA528,7,distinct,none,distinct,2 3 4 5 8 11 16
771WPPLiIAa6BNOD80,7,progressive,none,distinct,2 4 6 7 8 9 13
771WfJnJP54m8YcbP0,7,progressive,none,distinct,1 4 5 6 9 11 13
771WA9eTABKG858DfM,7,progressive,none,distinct,3 4 5 7 9 10 11
771WY4WG9gYeRNMc42,7,plain,none,mixed,1 2 6 7 7 9 17
771WniSSgia4LXIaY2,7,progressive,none,distinct,3 4 5 6 9 10 12
771WC9PAI6888M3Xgg,7,plain,none,mixed,2 3 4 6 8 13 13
771W9f9MQY2n2AKOIA,7,progressive,none,distinct,1 3 4 6 10 12 13
771W49mfR88OKQqKIe,7,progressive,none,distinct,1 4 6 7 9 10 12
771WQQi5940JBRDM68,7,progressive,none,distinct,2 5 6 7 8 9 12
771W608GmomKHQIoHH,7,plain,none,mixed,1 1 3 7 8 13 16
771WQNL5GKK886c1Hb,7,plain,none,mixed,3 3 3 4 6 15 15
771WHI6Kc5924OPKgA,7,plain,none,mixed,2 5 6 6 7 11 12
771Wb9MI32W4bvv9I4,7,progressive,none,distinct,2 3 6 7 8 9 14
771W88JSqIICAOCAG8,7,progressive,none,distinct,1 3 5 8 9 11 12
771WeG9IE64W0yAD9H,7,distinct,none,distinct,1 2 3 4 7 12 20
771W5MQ79HHeeQS4e0,7,plain,none,mixed,1 4 6 6 9 11 12
771WCCjKAY4JBF1LG8,7,progressive,none,distinct,1 4 6 7 8 11 12
771WG0CQTR6ee5HEC9,7,plain,none,mixed,2 2 4 5 7 10 19
771WHXWm840cgEA99P,7,plain,none,mixed,2 2 3 4 11 12 15
771W1EbvbKC8QLjYo0,7,progressive,none,distinct,1 5 6 7 8 10 12
771WWLriCB17pB8YXA,7,progressive,none,distinct,2 3 5 6 10 11 12
771W0WPOMCWWHJMJLT,7,progressive,none,distinct,1 4 5 7 8 11 13
771W8ALXaba0CSioID,7,progressive,none,distinct,1 4 5 7 9 11 12
771W4fHD85WZowg55Y,7,progressive,none,distinct,1 2 4 9 10 11 12
771WefHH8CCK4KIGGa,7,plain,none,mixed,2 2 3 7 8 9 18
771W24ddhZ8H225n5I,7,distinct,none,distinct,2 3 4 5 7 11 17
771W28eqefW4JVfb56,7,progressive,none,distinct,2 3 5 7 9 10 13
771WGA6q4a8B5fPOWW,7,plain,none,mixed,1 1 3 7 10 10 17
771W2YFtpHGYQOG42H,7,plain,none,mixed,2 4 4 6 7 11 15
771WA8ZibGG2KMQKyo,7,progressive,none,distinct,1 2 6 8 9 11 12
771W2X5sfgPmPKKOt8,7,progressive,none,distinct,1 4 6 8 9 10 11
771WHG84jLC42HE99i,7,plain,none,mixed,1 1 5 6 7 13 16
771WID5KC8822kQWWO,7,plain,none,mixed,1 3 3 4 6 14 18
771WPjkIb652i4Ce_8,7,progressive,none,distinct,3 4 5 6 7 11 13
771WGCskEG8CGxa2KK,7,plain,none,mixed,1 4 4 6 11 11 12
771W44qs66E8K89488,7,distinct,none,distinct,1 2 3 8 10 11 14
771W4sICPPIKa89Trm,7,progressive,none,distinct,2 4 6 7 9 10 11
771WP12OKCI88h55SC,7,plain,none,mixed,1 3 4 4 8 9 20
771W2Y6Oc88o6ACMCC,7,plain,none,mixed,1 1 5 6 6 14 16
771W1xQgIECLfNYXG0,7,progressive,none,distinct,2 3 4 8 9 10 13
771WG97eOTK84bQH9Y,7,progressive,none,distinct,2 3 4 7 9 11 13
771WY5MKQMcGnaYCs6,7,progressive,none,distinct,2 4 6 7 8 9 13
771W80C464SoopAIKK,7,plain,none,mixed,1 3 7 7 8 11 12
771W564HG4i89BAOeC,7,distinct,none,distinct,1 2 3 6 10 12 15
771Wefka446488mfmG,7,plain,none,mixed,1 4 4 5 6 13 16
771WHqiYYcK4hQAfW0,7,plain,none,mixed,3 4 5 5 7 9 16
771Wmbf99X09hBJZZW,7,progressive,none,distinct,1 3 5 7 10 11 12
771WOVMsF8448aHYYK,7,plain,none,mixed,1 4 6 6 7 11 14
771WCG8bK42IUyi984,7,progressive,none,distinct,1 3 5 6 10 11 13
771W26gwiH9I8FIc20,7,progressive,none,distinct,1 3 6 7 8 11 13
771WOEOKC42qqCQXGG,7,distinct,none,distinct,2 3 4 5 7 12 16
771WoKSca998gI8cA8,7,progressive,none,distinct,1 5 6 7 8 9 13
771W232MMJe8945BHY,7,plain,none,mixed,2 3 5 7 7 8 17
771W87XhfY21II-kQW,7,progressive,none,distinct,2 4 5 8 9 10 11
771WeaQgJhA3S6mG8D,7,progressive,none,distinct,1 2 6 8 9 11 12
771W0GakgoKbmIQ788,7,distinct,none,distinct,2 3 4 5 9 10 16
771WAwB9GWamIa89H5,7,plain,none,mixed,1 3 4 6 6 11 18
771W487a2ACA66rDKC,7,progressive,none,distinct,1 4 6 7 8 9 14
771W85cEmG9M8Daaq5,7,plain,none,mixed,1 1 4 9 10 11 13
771WCYJOTgW5sY9lKA,7,progressive,none,distinct,1 3 6 8 9 10 12
771W238DaSK266LOeK,7,plain,none,mixed,3 3 4 4 7 11 17
771W846DSSK225eG8C,7,distinct,none,distinct,1 2 4 5 9 12 16
771WA6df8Z1I55hJAK,7,progressive,none,distinct,2 3 5 8 9 10 12
771W4yoafK2YQXNT42,7,progressive,none,distinct,1 4 6 7 8 11 12
771W33Ck8Ge58BKK8O,7,plain,none,mixed,1 2 2 6 9 14 15
771W6EgQA84KC8r422,7,plain,none,mixed,1 3 6 9 9 10 11
771W5bMe446aOGS2RB,7,plain,none,mixed,2 4 4 4 7 12 16
771W12fPL9GG8FKIo9,7,plain,none,mixed,1 3 4 8 10 10 13
771W4fo9kaG8rycX_3,7,progressive,none,distinct,1 2 6 8 9 10 13
771WeGSBJD80WkHQOJ,7,distinct,none,distinct,1 2 5 7 8 10 16
771WKKKCy11IKgYAA8,7,progressive,none,distinct,2 4 6 7 8 9 13
771WCibZCGAW47IC5L,7,plain,none,mixed,2 2 2 9 10 11 13
771W10LIOB9GGILDEq,7,progressive,none,distinct,1 3 4 6 8 12 15
771WQKGK47744KqeA8,7,plain,none,mixed,2 2 3 8 10 12 12
771WLIG98GA88B4arP,7,plain,none,mixed,2 2 3 6 11 12 13
771W4CCU9e6cbf5942,7,progressive,none,distinct,1 5 6 7 8 10 12
771W12KaaA88EMNJY2,7,progressive,none,distinct,2 3 5 6 8 12 13
771WE9BB8eG301IocA,7,plain,none,mixed,1 1 4 6 9 9 19
771WM6XXGMKG4YYIH5,7,plain,none,mixed,2 2 4 4 6 8 23
771W01ckSSIG45AHKa,7,plain,none,mixed,2 2 4 5 8 10 18
771WnmjjwLD02LI46m,7,progressive,none,distinct,1 4 6 7 8 10 13
771W22YKI8GGORQMgg,7,plain,none,mixed,2 4 5 9 9 10 10
771WeK6EEIG0WIwI99,7,distinct,none,distinct,2 3 4 6 8 9 17
771W1HKv5H9A6biss8,7,progressive,none,distinct,2 4 5 7 8 11 12
771WeOPAEg4Af143DL,7,plain,none,mixed,3 3 4 5 8 12 14
771W8YqKqj0bgoHIYX,7,progressive,none,distinct,2 3 5 7 9 11 12
771W242eKIQ845CwII,7,plain,none,mixed,1 4 5 7 7 9 16
771W2SiaqKAIMX8f88,7,progressive,none,distinct,1 3 5 8 9 11 12
771W14aMSSuG98Dea4,7,progressive,none,distinct,1 2 5 8 9 11 13
771W42fJFL4HPNDiI1,7,progressive,none,distinct,3 4 5 6 8 9 14
771W4HIICMcWXca6IY,7,plain,none,mixed,2 4 4 6 8 12 13
771WGIAEnHG46rbfLG,7,progressive,none,distinct,1 5 6 7 9 10 11
771Wa4SMM2WgBJB988,7,progressive,none,distinct,1 4 5 8 9 10 12
771WOLjggiG0J2nACq,7,progressive,none,distinct,1 3 6 8 9 10 12
771W4CS1D44ggwCAA4,7,progressive,none,distinct,1 5 6 7 9 10 11
771WoIKK6TXa521KII,7,distinct,none,distinct,1 2 4 7 8 9 18
771WEIo8462G8eiB22,7,plain,none,mixed,1 1 4 6 7 13 17
771WaaJJXX2XK44KH5,7,plain,none,mixed,1 2 2 7 8 12 17
771WGUZjoqaWnaOkma,7,progressive,none,distinct,2 4 6 7 9 10 11
771W06LWII78CLLiSL,7,plain,none,mixed,1 3 5 7 9 9 15
771WKigbL3ZZ6aSI80,7,progressive,none,distinct,1 3 5 8 9 11 12
771Wfo2I18O4KfAAcY,7,plain,none,mixed,1 1 3 7 8 14 15
771WeqqiZLO8Ea9caX,7,progressive,none,distinct,3 4 6 7 8 10 11
771WIJXXCGG8KMIKaa,7,progressive,none,distinct,2 3 5 6 8 12 13
771WE2CSJKK994mM42,7,distinct,none,distinct,1 2 6 7 9 11 13
771WaeT89BDGG8eHIC,7,plain,none,mixed,2 3 3 6 9 12 14
771WmmnOjK8A4RJKKA,7,progressive,none,distinct,2 3 6 8 9 10 11
771WA5MMUDW23Jq3p1,7,progressive,none,distinct,2 4 5 7 8 10 13
771W14eAEwGAHJJbe8,7,plain,none,mixed,1 3 3 9 11 11 11
771W969PcfL458t4s2,7,progressive,none,distinct,2 4 6 7 8 10 12
771WKHH3bEO46FEjg0,7,progressive,none,distinct,1 3 4 6 10 11 14
771W88CdbEY4BBH6C2,7,plain,none,mixed,1 5 5 6 8 10 14
771W4KCfLGWgdIE22C,7,plain,none,mixed,1 3 3 7 9 12 14
771W956UKKL886g4G1,7,progressive,none,distinct,1 3 4 7 8 12 14
771W8KKJJNL44WWB88,7,distinct,none,distinct,1 4 5 6 9 10 14
771WAM556g4ZXHoJ4G,7,plain,none,mixed,1 3 5 6 9 9 16
771WMQCABGWLL6YQ42,7,progressive,none,distinct,1 4 5 8 9 10 12
771W8m64231qKqKCHI,7,plain,none,mixed,1 2 4 8 8 10 16
771WLBddsxBG1bMW60,7,progressive,none,distinct,2 3 5 7 8 11 13
771W88fhJ542MK8ACH,7,plain,none,mixed,1 4 4 6 10 11 13
771WWLQAKQIYYCJdmG,7,progressive,none,distinct,1 2 4 9 10 11 12
771WYCYcBO8PbcKu24,7,progressive,none,distinct,1 4 5 6 10 11 12
771WKuhXYe41v9hAK4,7,progressive,none,distinct,1 4 5 7 9 11 12
771WaKJAGP90WDEUIA,7,plain,none,mixed,2 2 6 7 8 9 15
771W01nsNQCIM129Aa,7,plain,none,mixed,2 4 5 5 5 6 22
771WIMvm1Y26L9HXIC,7,plain,none,mixed,2 5 5 6 6 6 19
771W9GP0s68CAiLLIg,7,plain,none,mixed,1 2 6 7 10 10 13
771WWKSSQS92Y5GdXX,7,progressive,none,distinct,1 2 5 8 9 10 14
771W24aYbbvG899i44,7,progressive,none,distinct,1 3 5 7 10 11 12
771W0e44PIMmWaMJIK,7,plain,none,mixed,1 1 5 6 9 11 16
771WG8EySfG5BeHJBA,7,progressive,none,distinct,2 4 6 7 9 10 11
771WRne8e4CBbLYW0G,7,plain,none,mixed,2 2 3 4 7 7 24
771WGUAOK24aaQsZ88,7,progressive,none,distinct,1 2 3 7 10 11 15
771WjiigB8G489882a,7,distinct,none,distinct,1 3 4 6 10 11 14
771W29K2BO8BBQiyo4,7,progressive,none,distinct,2 4 5 8 9 10 11
771W1GABCPaYZHIL5g,7,progressive,none,distinct,1 3 4 5 10 12 14
771WM2ce848J7dhG88,7,distinct,none,distinct,2 3 4 5 6 13 16
771WGAeePR3J7XWWIK,7,plain,none,mixed,2 2 3 4 7 11 20
771W2AYMMsnYuueb10,7,plain,none,mixed,2 2 5 7 10 10 13
771W8Kfyq41KIuaPP8,7,distinct,none,distinct,2 4 5 6 8 10 14
771WWYSKm206qkscLL,7,progressive,none,distinct,1 3 6 7 8 11 13
771WaKMn8He5e72QA5,7,plain,none,mixed,1 1 6 8 8 9 16
771WmHWD8v09wfcggL,7,progressive,none,distinct,1 4 6 7 8 11 12
771W9cKa658auWXSg9,7,plain,none,mixed,3 4 4 6 6 7 19
771WjeQA8JJ8OI4aoG,7,plain,none,mixed,2 2 4 4 10 11 16
771W8qYSw60aQiYTHH,7,progressive,none,distinct,1 4 5 7 9 10 13
771W46KbeW0HQACaKS,7,plain,none,mixed,1 5 5 5 6 10 17
771WGGmoMLA4G552B9,7,plain,none,mixed,2 4 4 5 6 9 19
771WEDJf88948OCSa9,7,progressive,none,distinct,1 4 5 7 9 11 12
771WSMVOOY2124ogG8,7,distinct,none,distinct,1 2 5 6 10 11 14
771W42EycTG0E6Hw65,7,plain,none,mixed,1 1 3 6 8 11 19
771WKBLIHX013rLjTe,7,progressive,none,distinct,2 4 5 6 9 11 12
771WG8nT820U6wE65H,7,plain,none,mixed,1 1 4 8 8 12 15
771WGGCx_9828IKAC9,7,progressive,none,distinct,1 3 4 8 9 11 13
771W62ZUHB9G869bAK,7,progressive,none,distinct,1 3 4 5 10 11 15
771WJZ9gA8GSmH44Q2,7,distinct,none,distinct,1 2 3 7 11 12 13
771W18GP6X965Pigke,7,plain,none,mixed,1 4 4 5 9 13 13
771W0soCH21AokgMjg,7,progressive,none,distinct,1 4 6 8 9 10 11
771WOKCVW90IMQbD5A,7,plain,none,mixed,1 4 5 6 11 11 11
771WWWunapKWHEMLMP,7,progressive,none,distinct,1 4 6 7 8 10 13
771WJbTjPC84y6LY20,7,progressive,none,distinct,1 2 6 8 9 11 12
771WOuh3ceaYSCFAG4,7,progressive,none,distinct,2 3 4 8 9 11 12
771W88HCD9bHG8JQQC,7,plain,none,mixed,1 3 5 5 9 12 14
771WWWoKQ442Q24FLL,7,plain,none,mixed,1 3 5 5 7 10 18
771W44AjUGW8D8QKEA,7,distinct,none,distinct,2 3 4 6 8 11 15
771WKOIP5eH659sKC3,7,progressive,none,distinct,1 3 7 8 9 10 11
771W265w9baA48AnTG,7,progressive,none,distinct,1 2 4 8 9 11 14
771W20Eg8KaMRQAGaa,7,plain,none,mixed,2 3 4 5 5 13 17
771W42IQWWGHLSOu44,7,plain,none,mixed,1 2 3 6 9 9 19
771WmvpxdNK02iKKHW,7,progressive,none,distinct,1 4 6 8 9 10 11
771W46BAA7XGHHJXAO,7,plain,none,mixed,1 6 6 6 8 8 14
771WaO89nmm2aKe88A,7,plain,none,mixed,2 2 3 4 10 11 17
771WCA4o8aYA4CQfqq,7,plain,none,mixed,2 2 3 8 11 11 12
771WoaSYWQ22w9Jh44,7,plain,none,mixed,1 2 6 7 7 10 16
771WCYQwYuG8xbIo22,7,progressive,none,distinct,1 5 6 7 9 10 11
771W0d9984qWHGMqKa,7,plain,none,mixed,1 1 3 6 10 11 17
771Weq88996IIYv89C,7,plain,none,mixed,2 3 4 7 11 11 11
771W67mnaOKGICFSSa,7,distinct,none,distinct,2 3 4 7 8 10 15
771WabLvgA33P58Wb4,7,plain,none,mixed,1 5 6 6 6 9 16
771W8AigRIYG52meIM,7,progressive,none,distinct,1 4 6 7 8 11 12
771WG4aJSOAH9aZF6A,7,progressive,none,distinct,2 4 5 6 7 12 13
771WCQMDLeW03zIgYe,7,progressive,none,distinct,1 3 4 7 8 12 14
771W4XPdaCLWQJAae5,7,progressive,none,distinct,1 3 6 7 9 10 13
771WX2eCIggHgkuqW0,7,plain,none,mixed,1 4 5 7 8 8 16
771W4YaGNAIe8FEq24,7,plain,none,mixed,2 2 5 6 9 11 14
771WIAEKYem04jcwKK,7,progressive,none,distinct,1 3 4 5 11 12 13
771WbfPTB44G0Kc8E4,7,plain,none,mixed,1 2 2 4 9 11 20
771WX52gKKm9ieiTH1,7,progressive,none,distinct,1 2 6 7 10 11 12
771WWb1PSiK8RQPiiW,7,progressive,none,distinct,2 4 5 7 9 10 12
771WeK39COYGnYjRI6,7,plain,none,mixed,2 3 5 7 7 9 16
771WGXXZxEM4Y5228Y,7,distinct,none,distinct,2 3 4 5 6 7 22
771WggfCJIO08C59SQ,7,progressive,none,distinct,1 4 6 7 8 11 12
771WGQAAbbb04KacE8,7,progressive,none,distinct,2 4 5 6 9 10 13
771W8eu8Ei4nAI1622,7,plain,none,mixed,1 1 6 6 6 9 20
771WWgKY9HX1zcogMK,7,progressive,none,distinct,1 3 7 8 9 10 11
771WffRMQSY0H4D3O8,7,progressive,none,distinct,1 3 6 7 9 11 12
771WWGJ6YJW3cTTLHA,7,progressive,none,distinct,1 4 6 7 9 10 12
771WQAbJA9GG8bIQ6H,7,progressive,none,distinct,1 4 5 7 8 11 13
771WmYiqKY44xnfpGG,7,progressive,none,distinct,1 4 5 7 8 10 14
771WiJa8eK5CoHxXHW,7,plain,none,mixed,1 2 4 4 7 10 21
771WXvrgIVO0CaQ9B2,7,progressive,none,distinct,1 5 6 7 8 10 12
771WAE677o2213Jb82,7,plain,none,mixed,3 3 4 6 6 8 19
771W801IYgADE6aaem,7,plain,none,mixed,2 2 4 5 8 9 19
771WSJ6cb504AwQXbH,7,progressive,none,distinct,1 4 6 7 9 10 12
771W9Bck98WKHHO4q2,7,plain,none,mixed,1 2 6 7 7 12 14
771W4cMA629aKCDZGH,7,plain,none,mixed,1 5 5 6 9 11 12
771W4qSAHjemYSA951,7,plain,none,mixed,1 1 5 7 10 12 13
771WMLP9D4244CI5aY,7,progressive,none,distinct,2 4 5 7 9 10 12
771WCAOPMAXGH7SwjW,7,plain,none,mixed,3 3 4 8 9 10 12
771WIcJQKK4HXOKa8O,7,progressive,none,distinct,1 3 5 6 9 11 14
771W4yimoIK2uYABCC,7,progressive,none,distinct,1 5 6 7 9 10 11
771WALgC4KCAIn4umG,7,progressive,none,distinct,2 3 5 6 7 12 14
771WpBJD1946cUru01,7,distinct,none,distinct,1 2 4 6 7 12 17
771W24aACGAG8BAiff,7,plain,none,mixed,2 2 3 6 12 12 12
771W4456qKK46228CK,7,distinct,none,distinct,1 3 4 5 8 10 18
771WIC3oQQ45DiPfG8,7,plain,none,mixed,1 4 4 6 7 10 17
771WWHQKKiC7aIOOGW,7,plain,none,mixed,1 2 7 7 7 10 15
771WBAwsMg6LI8B00W,7,progressive,none,distinct,1 2 5 7 10 11 13
771WAPf9De0AHXCAgK,7,progressive,none,distinct,2 3 5 6 8 11 14
771W889cMAg9CAA48G,7,plain,none,mixed,1 5 5 8 9 9 12
771WWA031LA5bctrOP,7,plain,none,mixed,2 2 3 5 8 13 16
771WXJP964Y8f9LKd3,7,progressive,none,distinct,2 5 6 7 8 9 12
771W0G6v829aeKRJBE,7,plain,none,mixed,1 3 3 8 8 12 14
771WKKTTzo4518I32G,7,distinct,none,distinct,2 3 5 8 9 10 12
771W0cMgQg2fND9XWW,7,plain,none,mixed,3 4 5 5 8 12 12
771WPPLOKKC559K88W,7,plain,none,mixed,1 3 4 6 8 8 19
771WaKFQKaYGoS8LG8,7,progressive,none,distinct,1 3 6 7 9 11 12
771W5AISua2HMOc9mG,7,progressive,none,distinct,1 3 6 7 8 10 14
771WKLDDa8426M3OOa,7,progressive,none,distinct,2 3 5 7 9 11 12
771W6cWOLYYWAA6M46,7,plain,none,mixed,1 2 3 6 8 8 21
771W1TTDAKIeeIaZaW,7,progressive,none,distinct,1 3 4 7 10 11 13
771WGJ95kCu43ITIaW,7,distinct,none,distinct,1 2 6 7 8 12 13
771W8A8egkMA10XYKK,7,plain,none,mixed,2 2 3 6 6 13 17
771W2APCoIIIKCeaGO,7,progressive,none,distinct,1 4 5 6 9 10 14
771WI9ZMZ83KAcNRbA,7,progressive,none,distinct,1 4 6 8 9 10 11
771WWxKO438WGaTJYJ,7,plain,none,mixed,1 1 4 5 10 11 17
771WHbfgsmO4X5KYg2,7,progressive,none,distinct,1 4 5 7 8 11 13
771WCGCdCAI84rgQKO,7,plain,none,mixed,1 4 5 9 9 9 12
771W8Dabq844IKNqqO,7,progressive,none,distinct,2 5 6 7 8 10 11
771WIMQ645j01fu664,7,distinct,none,distinct,2 3 4 5 7 8 20
771W0WAIKLAbLOHL9A,7,distinct,none,distinct,2 3 4 6 7 12 15
771WLb2XaKaOZ11KCO,7,plain,none,mixed,2 3 3 5 6 10 20
771W4SAIiSKCAyXK44,7,plain,none,mixed,1 5 7 8 9 9 10
771WaSIQK91Ci2zR74,7,progressive,none,distinct,1 2 5 7 10 11 13
771WKAfvu4GK2fpGma,7,plain,none,mixed,2 2 4 5 9 9 18
771W9yI4K22IYkUwW0,7,plain,none,mixed,2 4 4 4 9 10 16
771W8KHbMOgeb8gML9,7,progressive,none,distinct,1 2 6 8 9 11 12
771W1dPPHg9YHFGWJ4,7,plain,none,mixed,1 4 4 4 9 11 16
771WaYB7RMa0HKEaBH,7,plain,none,mixed,2 5 6 6 6 10 14
771W4a3A78WmXXkSIC,7,plain,none,mixed,1 2 4 4 7 12 19
771W1fYGeaaWiaMKSi,7,progressive,none,distinct,1 3 7 8 9 10 11
771W03aoETfG5EDOcK,7,distinct,none,distinct,2 3 4 6 8 9 17
771WeenIKMQG8G169H,7,plain,none,mixed,2 2 3 5 8 9 20
771WWI66GWLIpKKLXW,7,plain,none,mixed,2 2 3 3 9 10 20
771WMLOLKXH03AQQw4,7,progressive,none,distinct,3 4 5 7 8 9 13
771Wq884287AgAh654,7,plain,none,mixed,1 1 7 8 9 9 14
771WWhNaPme2TKtZBb,7,progressive,none,distinct,2 4 5 8 9 10 11
771WmA9ZReeaAiKKgm,7,plain,none,mixed,1 2 5 7 8 13 13
771W2588IKYGHLTkfP,7,progressive,none,distinct,2 3 5 6 9 11 13
771W144vWme8E58eea,7,plain,none,mixed,1 1 3 4 7 15 18
771WKHPgkBA28G2ahW,7,distinct,none,distinct,1 3 5 8 9 11 12
771WeOCXTG1CiRLBB4,7,progressive,none,distinct,1 3 6 8 9 10 12
771WAKqUm10SIg6g65,7,progressive,none,distinct,1 4 5 7 8 10 14
771WIKOqKQ948BOY32,7,progressive,none,distinct,1 3 6 7 8 9 15
771W12u2857KCKQPqM,7,progressive,none,distinct,1 2 3 6 11 12 14
771WK8jBCGGG8gIiaq,7,progressive,none,distinct,2 3 4 7 9 11 13
771W24OaZ4CBBJQc42,7,progressive,none,distinct,2 3 5 7 8 11 13
771WaKDKK2P4aRAIH8,7,distinct,none,distinct,1 4 6 7 8 11 12
771WYXaaUKKWCCAKo2,7,progressive,none,distinct,1 4 5 7 9 11 12
771WKHGHHng2054abP,7,plain,none,mixed,2 2 3 4 10 13 15
771WAIAM49C44uRH56,7,progressive,none,distinct,1 4 5 8 9 10 12
771WGoYJ9G8aSdaaeY,7,progressive,none,distinct,3 4 5 6 8 10 13
771W02C6AHSIIJCPda,7,progressive,none,distinct,1 4 6 7 8 10 13
771WaYKa6GW4vooIcc,7,progressive,none,distinct,2 3 5 7 9 11 12
771WOKKMCyo025X8DD,7,plain,none,mixed,2 2 2 9 10 10 14
771WISC55GG88QYgga,7,plain,none,mixed,2 4 4 7 7 11 14
771W22DJooH54AIAL8,7,plain,none,mixed,2 4 5 6 7 7 18
771W8CCZUKI4CBbA59,7,progressive,none,distinct,2 3 6 8 9 10 11
771W1SKAI68AAaPwnn,7,progressive,none,distinct,1 3 5 8 9 11 12
771WOI5Jgi414Svgqm,7,distinct,none,distinct,2 4 6 7 8 10 12
771W0HeB6I8ayFNHTf,7,progressive,none,distinct,1 4 5 6 9 11 13
771W5ABboUG2EEbAbH,7,progressive,none,distinct,1 4 6 7 9 10 12
771W55nJA99G8SOOM2,7,progressive,none,distinct,2 4 5 6 9 11 12
771W0kPZLDAWyYfUpX,7,progressive,none,distinct,2 4 6 7 8 10 12
771WoIYI78W8v562CA,7,distinct,none,distinct,1 3 4 6 10 11 14
771WJIowg93IG4992W,7,progressive,none,distinct,1 3 4 8 10 11 12
771WPfbHbY46j5LBA0,7,progressive,none,distinct,1 5 6 7 8 10 12
771WPO9OW2126QssrC,7,plain,none,mixed,2 3 6 7 10 10 11
771WKKRhb51YiKGLH0,7,plain,none,mixed,2 3 4 6 6 11 17
771WG82Bx5224YQRKP,7,plain,none,mixed,3 3 4 5 9 10 15
771WHR9NdB524OhXS0,7,progressive,none,distinct,1 4 6 7 9 10 12
771W867YboI5AAgaIC,7,progressive,none,distinct,2 3 5 7 9 11 12
771WH56cuK43Dek8Ka,7,progressive,none,distinct,1 3 5 7 10 11 12
771WI8efZJJ2ImCCee,7,plain,none,mixed,2 4 4 6 8 11 14
771WBG9a21B48uPTwG,7,plain,none,mixed,1 2 3 8 8 9 18
771WOQQ64648888DYY,7,progressive,none,distinct,1 3 5 6 8 10 16
771WKQwgs412ISa1ZY,7,progressive,none,distinct,1 3 4 7 8 12 14
771WK4w6WD4KAov6IJ,7,distinct,none,distinct,1 2 5 7 8 9 17
771WaaiaKA48KIP322,7,distinct,none,distinct,1 3 5 6 9 10 15
771W0ye59e4ngQjOOI,7,progressive,none,distinct,1 3 6 7 9 11 12
771WeeKDka84JBH759,7,progressive,none,distinct,1 4 5 6 9 11 13
771W145IX88gkcaCCo,7,plain,none,mixed,1 3 4 6 11 11 13
771WO9A6MO8HHqE8IY,7,progressive,none,distinct,1 5 6 7 9 10 11
771WK2KLccemqGHfSK,7,distinct,none,distinct,2 4 5 7 8 11 12
771WGORQA65eea20JA,7,plain,none,mixed,2 3 3 4 5 13 19
771WgYgKHmW0xqCC42,7,progressive,none,distinct,1 2 4 8 9 10 15
771WnnWXXA60AQRQQK,7,progressive,none,distinct,2 3 5 8 9 10 12
771WAI6ca59IOuva02,7,plain,none,mixed,2 2 5 5 6 13 16
771W9PspCC45HbGSK8,7,progressive,none,distinct,1 5 6 7 8 10 12
771W255zOII6AA6YW4,7,distinct,none,distinct,2 3 4 5 6 14 15
771W9AiCBtYGA93MXa,7,progressive,none,distinct,1 4 6 8 9 10 11
771WC4yJD42EMIiD82,7,distinct,none,distinct,1 3 7 8 9 10 11
771W81OKOOKAAKzmmW,7,plain,none,mixed,3 4 4 4 4 11 19
771W8GNAqQT24iANH8,7,progressive,none,distinct,2 3 5 7 9 11 12
771W65PPtkI25IL4Y2,7,progressive,none,distinct,3 4 5 6 8 10 13
771WYafTRIQ089QsG2,7,progressive,none,distinct,1 3 7 8 9 10 11
771WHDmIA44G8ygQKK,7,plain,none,mixed,2 5 6 6 8 8 14
771WIAIobcM09qqm64,7,progressive,none,distinct,2 3 5 8 9 10 12
771W889egG4865hgiy,7,progressive,none,distinct,1 4 6 7 8 11 12
771WI46GOKi54jgm88,7,distinct,none,distinct,1 3 4 6 7 12 16
771W75XaBI84KNMAj3,7,progressive,none,distinct,1 3 7 8 9 10 11
771W84KI9S8II7aFF9,7,progressive,none,distinct,1 5 6 7 8 10 12
771W2G8KLGQQQufZ24,7,plain,none,mixed,2 3 4 4 7 13 16
771W04wwgI4GEHNcnn,7,progressive,none,distinct,1 2 7 8 9 10 12
771W8FddJie4JLcBX3,7,progressive,none,distinct,2 5 6 7 8 10 11
771WYCg7JCCOekiIeY,7,progressive,none,distinct,1 2 6 8 9 11 12
771W8878GJ9447QAPI,7,distinct,none,distinct,1 2 6 7 9 11 13
771WGKqa4JO4Ogh321,7,plain,none,mixed,1 4 4 5 6 11 18
771W8-nfP71eaQoXI0,7,progressive,none,distinct,1 2 4 5 11 12 14
771W226QAGG886EMII,7,progressive,none,distinct,2 3 4 6 9 10 15
771W4LQgO7X9Cos5IW,7,progressive,none,distinct,1 2 4 8 9 12 13
771W4ePHNDPbLAX42G,7,plain,none,mixed,2 5 5 6 6 7 18
771W2QTLY0Y25bDLIE,7,plain,none,mixed,1 4 4 5 6 14 15
771W20WXAS4J7556ae,7,plain,none,mixed,2 2 3 4 6 9 23
771WMcg944Y9e8S984,7,plain,none,mixed,1 4 4 7 7 11 15
771WaOOMDj31Y6fD44,7,progressive,none,progressive,1 3 5 7 9 11 13
771WgAHIKq82Xm16UE,7,plain,none,mixed,2 2 3 5 7 11 19
771W8B6goaH0BCSNnG,7,plain,none,mixed,1 3 3 7 10 10 15
771WKQeKKA0CS6jZHH,7,plain,none,mixed,2 4 5 5 7 12 14
771WiggAnsX49E2X63,7,progressive,none,distinct,1 3 6 8 9 10 12
771W2YdN542iSGG58I,7,plain,none,mixed,2 2 3 5 8 11 18
771WYaqLOGG88MKa48,7,plain,none,mixed,1 3 4 8 8 10 15
771WWCFFNKI2YbX4JH,7,progressive,none,distinct,2 3 4 7 10 11 12
771W854IA65GGSwgXH,7,plain,none,mixed,1 3 5 5 7 11 17
771W0WDB9BAYIIKCAH,7,plain,none,mixed,3 3 4 6 8 10 15
771WSUkrmma0GDDaC4,7,progressive,none,distinct,2 3 4 8 9 10 13
771W6mY811YbSie8nq,7,plain,none,mixed,1 2 4 5 5 10 22
771WegMKCCY9O4nf88,7,progressive,none,distinct,1 3 4 8 10 11 12
771WSKiaG82AMo9544,7,progressive,none,distinct,1 3 4 5 8 12 16
771W1LOMG8OZZkq84K,7,plain,none,mixed,2 2 3 4 8 14 16
771W01aIIk4HBBAPKa,7,plain,none,mixed,2 5 6 6 7 7 16
771W2CKqKCS7BIWe88,7,progressive,none,distinct,2 3 4 8 9 11 12
771W88uqq31I4QA212,7,distinct,none,distinct,1 2 3 4 8 12 19
771W48eIGA8G8AhBDD,7,plain,none,mixed,2 2 4 9 10 11 11
771W5424W8GACDEUMs,7,plain,none,mixed,1 5 5 5 9 11 13
771WIKYKOOeO9IKy44,7,distinct,none,distinct,1 3 5 7 10 11 12
771W7JIQa82ACed58O,7,progressive,none,distinct,2 3 4 8 9 11 12
771W2rIKfngWKleqjO,7,progressive,none,distinct,3 4 5 6 8 11 12
771W24aafu8ALMMY24,7,distinct,none,distinct,2 3 5 6 9 10 14
771WKpoAKC98eE2bHW,7,plain,none,mixed,2 4 4 4 11 12 12
771W0I6y978zrvobE9,7,progressive,none,distinct,1 2 3 9 10 11 13
771WGWxXQIA4yDIICG,7,progressive,none,distinct,1 5 6 7 8 9 13
771W98Yf2H0M67RRDg,7,progressive,none,distinct,1 2 7 8 9 10 12
771W06y1b9EKEMDgRO,7,plain,none,mixed,1 4 5 7 7 10 15
771W4eKQ5HJ4qc-854,7,progressive,none,distinct,1 3 5 8 9 11 12
771W8OaYYJm8RgQA12,7,progressive,none,distinct,1 4 5 6 8 9 16
771WYIggr722oKKJ41,7,progressive,none,distinct,1 5 6 7 9 10 11
771W6kemu884YgKaKK,7,progressive,none,distinct,1 4 6 7 8 11 12
771WQ3eMea45SmUKeO,7,plain,none,mixed,1 2 3 6 12 12 13
771W0GHGDD5GGijggq,7,plain,none,mixed,2 3 4 8 9 9 14
771WeOqx9IKCm6O968,7,progressive,none,distinct,1 4 6 7 9 10 12
771WBB9i4S484788O8,7,distinct,none,distinct,1 2 3 7 11 12 13
771WKSP954W89HjQQ4,7,progressive,none,distinct,3 4 5 6 8 10 13
771WOK8jaa019PrSSK,7,progressive,none,distinct,2 3 6 7 8 10 13
771WeaoHdA88UIoK93,7,progressive,none,progressive,1 3 5 7 9 11 13
771W5lPfPPYWT1qKb0,7,progressive,none,distinct,1 3 7 8 9 10 11
771W4BJa66G48PfaDj,7,progressive,none,distinct,2 4 5 7 8 10 13
771W2IYwDK8XrABE62,7,progressive,none,distinct,2 3 5 7 9 10 13
771W895fqeQ8BCRDCW,7,progressive,none,distinct,2 3 5 8 9 10 12
771WDgCDbbWGaa4vf2,7,progressive,none,distinct,2 4 5 6 8 11 13
771W2AgPKn0ofYEAQL,7,progressive,none,distinct,3 4 6 7 8 9 12
771WGYYgaMIW6bjk11,7,plain,none,mixed,2 2 4 5 8 12 16
771W48aBMPGH9DsCA5,7,distinct,none,distinct,2 3 4 8 9 11 12
771W289DYKe476hkCG,7,plain,none,mixed,2 4 4 5 9 11 14
771W9fIIKQAWGH26KK,7,plain,none,mixed,2 4 4 5 7 12 15
771W28eGJMMKSOWY42,7,plain,none,mixed,2 2 3 5 6 8 23
771Wa6rMQYX8oekIvW,7,progressive,none,distinct,3 4 5 7 8 10 12
771WI9I9cIO24-BDzH,7,progressive,none,distinct,3 4 5 7 9 10 11
771WYKIIAq2c5son22,7,progressive,none,distinct,1 2 4 8 10 11 13
771WKrQLW0eIb5SGOa,7,distinct,none,distinct,2 3 4 5 6 7 22
771We8AcYa4X88GUAA,7,plain,none,mixed,1 1 4 6 10 11 16
771WKaaBf6H4gB3B78,7,progressive,none,distinct,1 4 5 7 9 10 13
771W8frAYgIYFNueW8,7,plain,none,mixed,2 3 6 6 8 11 13
771W8KAvLDGLPpbIA1,7,progressive,none,distinct,2 5 6 7 8 9 12
771W467bf66A446Y8I,7,plain,none,mixed,2 2 3 6 10 11 15
771WeuYuK8W4PhUOGG,7,plain,none,mixed,3 3 4 5 7 8 19
771WHYck43Y5a48MY1,7,distinct,none,distinct,1 2 3 5 11 13 14
771W8e0f896aOOdcdg,7,plain,none,mixed,3 4 4 5 5 12 16
771WAYH4KLMWGCiaLE,7,plain,none,mixed,2 3 5 6 6 13 14
771W88Tf4KS6AHCKK8,7,plain,none,mixed,1 4 5 9 10 10 10
771WeIIPgAA0cAbbC8,7,progressive,none,distinct,2 3 4 7 8 11 14
771W44bYIKeIFABA8G,7,plain,none,mixed,3 4 4 7 8 11 12
771W0HL6IYDIJjinuX,7,progressive,none,distinct,1 4 6 8 9 10 11
771W5KPgffW09XnHTg,7,progressive,none,distinct,1 3 6 7 9 11 12
771WWLGs6a4fcMMeYI,7,progressive,none,distinct,1 5 6 7 8 9 13
771WCPXArZbWyQEfk2,7,progressive,none,distinct,2 3 4 8 9 11 12
771WGJDfvq885IFMcW,7,progressive,none,distinct,2 3 6 8 9 10 11
771WSIMeCq0E1QqfHH,7,plain,none,mixed,1 1 5 5 11 12 14
771WKCJDLQ455yBHQ2,7,progressive,none,distinct,1 4 5 8 9 10 12
771W548CNK888DPqoK,7,progressive,none,distinct,2 4 5 8 9 10 11
771W2mfCYH14kzbjBO,7,progressive,none,distinct,1 3 7 8 9 10 11
771W8O6IJO8XXyUM42,7,progressive,none,distinct,1 3 4 7 9 12 13
771W21Jya44IOC48u8,7,plain,none,mixed,1 1 4 4 12 12 15
771W22-SgaK9L4QC22,7,distinct,none,distinct,1 2 5 7 9 11 14
771WW86ceK28YZLFMM,7,progressive,none,distinct,1 4 5 6 9 11 13
771W2cHgA16YUMOfJA,7,progressive,none,distinct,1 3 5 7 8 11 14
771W8AYaOGW9TQkg22,7,progressive,none,distinct,1 4 5 6 7 11 15
771WWLJLLTH0WXZPHW,7,progressive,none,distinct,1 4 6 7 8 10 13
771WG8whA69KGuJG94,7,progressive,none,distinct,1 2 5 6 10 12 13
771WCS5SaI8KMv4IH9,7,progressive,none,distinct,1 5 6 7 9 10 11
771WGXDb-EA8sICHKW,7,progressive,none,distinct,1 4 6 8 9 10 11
771W6s9b594aOexaK1,7,plain,none,mixed,1 5 6 7 8 8 14
771WLIRg84448G6bfH,7,progressive,none,distinct,2 3 4 7 9 10 14
771W1CYaLYI8NKawY6,7,progressive,none,distinct,1 4 6 8 9 10 11
771W4Ke5h24iooy528,7,progressive,none,distinct,2 3 4 7 8 12 13
771W8GYqoYX4QgAEHG,7,progressive,none,distinct,2 3 5 7 9 10 13
771Wi4ebY2DIeeP458,7,distinct,none,distinct,1 2 3 6 8 12 17
771WIMHLfY416wyfQ0,7,progressive,none,distinct,2 3 4 5 10 12 13
771W2QA239DOOuYZ50,7,distinct,none,distinct,1 2 3 5 7 11 20
771W855usec48AjZaC,7,progressive,none,distinct,1 3 6 7 9 11 12
771W44or5488K45SSI,7,plain,none,mixed,2 2 4 6 9 12 14
771W8GGnqa8eZZ344C,7,plain,none,mixed,1 3 3 6 6 10 20
771W2cb9DW1XAAEaK3,7,plain,none,mixed,1 1 6 7 9 11 14
771W2ojne908sknfP6,7,progressive,none,distinct,1 2 6 7 8 12 13
771WISRRaaaGK4Wqam,7,distinct,none,distinct,2 4 5 6 7 11 14
771WKK9_e4228KQLOK,7,plain,none,mixed,2 4 4 6 10 11 12
771WG46POSi01eguea,7,plain,none,mixed,1 2 5 5 6 13 17
771WHYaIoA98kAAQX0,7,progressive,none,distinct,1 4 5 6 9 11 13
771WagIKGIa0HKafZZ,7,plain,none,mixed,2 3 3 5 7 11 18
771W4KKOMabYW2EACD,7,progressive,none,distinct,1 2 5 7 9 11 14
771W1HYMMv5HQZZeo0,7,progressive,none,distinct,1 5 6 7 8 10 12
771WY-CasK02SfXUAA,7,progressive,none,distinct,1 5 6 7 8 9 13
771W8OYbmy4YncNO84,7,progressive,none,distinct,1 3 5 6 10 11 13
771W9AB9DW1133BDrA,7,progressive,none,distinct,2 4 5 6 7 9 16
771WAESIAE222M9gOO,7,plain,none,mixed,4 4 4 7 8 9 13
771W0KK7EM299ZbOKS,7,progressive,none,distinct,1 3 4 6 8 13 14
771WGHVhMTH0CIDK6Y,7,progressive,none,distinct,2 3 5 6 8 12 13
771W4C4YJ46AEAw924,7,plain,none,mixed,1 1 3 8 11 12 13
771W1I4IHNLeeIIPcW,7,distinct,none,distinct,1 3 4 8 9 10 14
771WaYYRBO2IA5Bh0A,7,plain,none,mixed,2 2 4 7 7 12 15
771W69A3OI099CkErf,7,progressive,none,distinct,2 4 6 7 9 10 11
771W0Y4uciSePKUIaa,7,progressive,none,distinct,2 5 6 7 8 10 11
771W08C9ceAYbbEILP,7,progressive,none,distinct,2 4 5 7 9 10 12
771WGI99r21IMqqoH2,7,progressive,none,distinct,1 3 4 7 10 11 13
771W14e3eu4DMLTie4,7,progressive,none,distinct,2 3 5 7 9 11 12
771WG47Q9PY01kfHLA,7,plain,none,mixed,1 3 4 5 9 9 18
771W3I2vo51YeQUTFW,7,progressive,none,distinct,1 3 6 8 9 10 12
771WG766TgC12aa7ao,7,plain,none,mixed,1 4 6 6 7 8 17
771W42LHDBIGGDAsK9,7,plain,none,mixed,3 5 5 6 7 11 12
771WJLhA922go2Kq68,7,plain,none,mixed,2 3 3 4 11 13 13
771W46gLFEM4SHUWC2,7,progressive,none,distinct,1 3 5 8 9 11 12
771W8paGrnGDYwQKaH,7,progressive,none,distinct,2 3 5 7 8 11 13
771WHYikiK40gBJKe8,7,progressive,none,distinct,2 3 4 7 10 11 12
771W4SeE4KHAIXrD10,7,plain,none,mixed,1 1 4 4 7 12 20
771WaOO62548eGeEA9,7,plain,none,mixed,1 4 5 5 5 11 18
771WUHe228mG9PgAYI,7,plain,none,mixed,1 1 3 6 9 14 15
771W2QnCIH98GlQMoe,7,progressive,none,distinct,2 3 4 7 10 11 12
771W8ABNdAH249gaJ4,7,progressive,none,distinct,3 4 5 7 8 10 12
771W4OJJqW9HKoZ5LG,7,plain,none,mixed,1 2 3 6 6 15 16
771WOJ667ee02IoiYK,7,plain,none,mixed,1 4 5 5 6 10 18
771WHQONeO806Dyqe4,7,plain,none,mixed,2 2 3 6 9 13 14
771W0sOIA6gHWCRgKK,7,progressive,none,distinct,1 3 5 6 7 13 14
771WqXPIYYa0Kme99n,7,distinct,none,distinct,1 2 3 7 9 12 15
771W84KLQZ212IqCE9,7,distinct,none,distinct,2 3 4 5 10 11 14
771WccBJI44I2CSE4G,7,distinct,none,distinct,2 3 4 6 10 11 13
771W44LDHK8HHC5ggq,7,plain,none,mixed,2 3 5 8 9 11 11
771W48OKaheKK8h312,7,distinct,none,distinct,2 3 4 5 8 9 18
771WKHT3Ia1HIiqVLW,7,progressive,none,distinct,2 3 4 8 9 11 12
771WLBvP2D1IQc5cM0,7,progressive,none,distinct,1 3 7 8 9 10 11
771WoaaK0DC4Cacf9A,7,distinct,none,distinct,2 3 4 5 8 9 18
771W42oqxgIH3KHz24,7,progressive,none,distinct,2 4 5 6 9 11 12
771W0s8LaK0hVvfKae,7,progressive,none,distinct,2 3 4 7 9 10 14
771W09FKAx3cbk9L8Y,7,progressive,none,distinct,2 4 6 7 8 10 12
771WGGKeipW1AJTJHI,7,progressive,none,distinct,1 4 6 8 9 10 11
771WmOoeu40IYiQPHH,7,progressive,none,distinct,1 3 4 7 9 12 13
771W6HAh85448uc6oT,7,progressive,none,distinct,1 3 5 8 9 10 13
771W6Ig6644KCyiC22,7,progressive,none,distinct,1 5 6 7 8 10 12
771WaHETvAAa2uamwG,7,progressive,none,distinct,1 4 6 8 9 10 11
771WMMD9ffg40G2AR1,7,distinct,none,distinct,2 3 4 5 8 11 16
771W2gg-XX6Gbfje50,7,progressive,none,distinct,1 4 5 6 8 12 13
771W443ve88MOSKKCG,7,plain,none,mixed,1 1 7 8 9 9 14
771W8H8q6o0XkpB52o,7,plain,none,mixed,1 1 3 4 10 13 17
771WEApjME8G4Qc9K4,7,progressive,none,distinct,1 5 6 7 9 10 11
771WIIN4YO8429AMAQ,7,plain,none,mixed,1 5 6 6 8 8 15
771WPOAAKGWKL6IK4a,7,distinct,none,distinct,1 4 5 6 8 11 14
771W1K45-kKabILXa8,7,plain,none,mixed,2 4 5 8 8 11 11
771W8A64G81446LDjj,7,progressive,none,distinct,1 3 4 7 9 11 14
771W2226kPS46438YX,7,distinct,none,distinct,1 2 4 5 8 9 20
771W665jjJ3CAB93G0,7,progressive,none,distinct,1 4 5 8 9 10 12
771W4KaP7XGGR-sCA1,7,progressive,none,distinct,1 2 6 7 10 11 12
771W2QULJ6c98YAKgW,7,progressive,none,distinct,1 2 4 9 10 11 12
771WiWaMGA25TJn5AA,7,plain,none,mixed,1 4 5 5 5 14 15
771WeKIIqO82aJoK44,7,plain,none,mixed,1 4 6 8 8 11 11
771W69QAipWKHQY6n2,7,progressive,none,distinct,1 3 7 8 9 10 11
771W416RQr8B98BmcP,7,plain,none,mixed,1 4 4 5 7 11 17
771W89CXXie822PAAq,7,plain,none,mixed,1 1 4 4 8 11 20
771W9MEKkeu41yYAa4,7,distinct,none,distinct,1 3 5 6 9 10 15
771WQQMQeeu241O844,7,progressive,none,distinct,1 2 5 8 9 10 14
771W24D8f6KBDCIfAK,7,progressive,none,distinct,2 4 6 7 8 10 12
771WWYcLYPPA4A8Kke,7,plain,none,mixed,2 3 3 4 5 16 16
771W21DSSCGGGR1SyC,7,plain,none,mixed,2 2 3 4 11 12 15
771W0YJfSA9o-aekL4,7,progressive,none,distinct,1 5 6 7 9 10 11
771W2qNE9XGGZhbnbu,7,progressive,none,distinct,1 2 5 6 10 12 13
771WK4KHI5o45oo9F4,7,plain,none,mixed,1 2 5 10 10 10 11
771W79HIaS035InMwA,7,progressive,none,distinct,1 3 4 5 11 12 13
771W4HHVpCY34gbB8Y,7,progressive,none,distinct,1 4 6 7 8 11 12
771W4SggwC1G6ofR10,7,plain,none,mixed,1 1 3 5 11 12 16
771W665FPY1564A6PI,7,plain,none,mixed,3 3 4 5 8 11 15
771W566MIC888A9EY2,7,distinct,none,distinct,1 4 6 7 9 10 12
771WH4eQumOGDZuea4,7,plain,none,mixed,1 2 4 7 10 10 15
771WYIAfXTg0hP65TG,7,progressive,none,distinct,2 3 4 7 10 11 12
771W48q9MmGwniqAC4,7,progressive,none,distinct,1 3 4 7 9 11 14
771WYWWOCCK1fbgiCC,7,distinct,none,distinct,2 3 4 5 9 11 15
771WssgRO828O2P948,7,distinct,none,distinct,2 3 4 7 8 12 13
771W8AGWe892AIqqKL,7,plain,none,mixed,1 2 6 6 10 11 13
771Wigflf9I2894iP0,7,progressive,none,distinct,1 5 6 7 9 10 11
771W1XoIsI1aAJJLH1,7,progressive,none,distinct,1 4 5 8 9 10 12
771W349qqYX868Og9m,7,plain,none,mixed,1 1 4 7 10 13 13
771WKlTjfPM0wWLGXW,7,progressive,none,distinct,2 3 4 7 10 11 12
771WGeAIcaIYLuGN88,7,distinct,none,distinct,1 3 4 7 9 11 14
771WWiiFLD14SUb590,7,plain,none,mixed,2 3 3 5 6 11 19
771WYgkAAH21fg8O74,7,progressive,none,distinct,1 4 5 7 8 11 13
771WOqqlgMM0YgY484,7,progressive,none,distinct,1 4 6 7 9 10 12
771WOIIPeeG145iiai,7,progressive,none,distinct,1 4 6 7 8 10 13
771W03DxA88EA6GOYc,7,plain,none,mixed,1 3 4 6 6 13 16
771W4f5cEA4OaaJnuO,7,progressive,none,distinct,1 4 6 8 9 10 11
771W8aCW5o8UfgpDEC,7,progressive,none,distinct,1 4 6 7 9 10 12
771W466InbmCCBBX54,7,progressive,none,distinct,2 3 5 7 9 11 12
771W1bCAoA4oKM9fWG,7,plain,none,mixed,1 2 7 7 8 10 14
771Wee6PHm0QPL9HPJ,7,plain,none,mixed,2 4 4 5 8 13 13
771WCAjC980KSSHjT3,7,progressive,none,distinct,2 4 5 6 9 10 13
771WGGf9MMaevCKHK8,7,plain,none,mixed,2 3 7 8 8 8 13
771WX566qYY8kgg6H1,7,plain,none,mixed,1 2 8 9 9 9 11
771W24SDkm1C9J5pLS,7,progressive,none,distinct,1 5 6 7 8 9 13
771W88ANzCG429zqeY,7,progressive,none,distinct,2 3 4 8 9 11 12
771W8OT2uK8caDFKO8,7,progressive,none,distinct,1 3 5 6 10 11 13
771W8ee_JPPW4C6A48,7,progressive,none,distinct,1 4 6 7 8 9 14
771W88bVLICH94P7AG,7,progressive,none,distinct,1 3 7 8 9 10 11
771W866cdaI901XfYa,7,plain,none,mixed,2 3 3 4 7 8 22
771WGDM2cO8aczkAGW,7,distinct,none,distinct,2 3 4 6 8 11 15
771WKKPJNu0219QUK2,7,progressive,none,distinct,1 4 5 6 9 11 13
771WaaHhgcW8IA2HTH,7,plain,none,mixed,1 4 6 6 8 9 15
771W9Ik89qW8InJAgE,7,progressive,none,distinct,1 5 6 7 8 10 12
771WG1PMMDeHGofak5,7,progressive,none,distinct,1 3 6 7 9 11 12
771WB7cGWaC9UIp8G0,7,plain,none,mixed,1 2 4 4 6 8 24
771WISiyD884OaaY24,7,plain,none,mixed,3 3 4 6 10 10 13
771W87I29CW89HrMcq,7,plain,none,mixed,1 4 5 5 9 10 15
771W5xaMbX32jPfRcG,7,progressive,none,distinct,2 3 6 8 9 10 11
771WKqiFCAC8eO4784,7,plain,none,mixed,3 4 4 6 9 11 12
771W2ga4ApGHwwiq12,7,distinct,none,distinct,2 3 5 6 9 11 13
771WHjLDiYIKnOYYW4,7,plain,none,mixed,3 4 4 5 6 13 14
771WA1HO992HH5jjCb,7,plain,none,mixed,2 2 5 6 8 10 16
771W8CDM4ZY46AYMOJ,7,progressive,none,distinct,1 3 7 8 9 10 11
771W9IIQ64S44rSQW0,7,distinct,none,distinct,1 3 4 6 9 11 15
771W8Yu8YI1IkrrrHG,7,plain,none,mixed,4 5 6 6 7 8 13
771W84KAZfT45SoRLG,7,progressive,none,distinct,2 4 5 7 8 11 12
771WQL5kee0IP9ia8W,7,distinct,none,distinct,1 2 4 6 7 9 20
771W8856YOO664MAAI,7,progressive,none,distinct,1 4 5 7 8 10 14
771W0WaoywQ2Xfisuu,7,progressive,none,distinct,1 3 5 8 9 11 12
771W2KOn445aeCKb5C,7,plain,none,mixed,1 2 5 7 8 13 13
771WMcIYX62IwAAP60,7,progressive,none,distinct,2 3 4 8 9 10 13
771W9GUa4416AoAP9e,7,plain,none,mixed,1 1 8 8 10 10 11
771W9AAFq5M42598bA,7,progressive,none,distinct,2 3 6 7 8 10 13
771W21meSLiGL926cL,7,plain,none,mixed,2 3 4 5 7 7 21
771W84aNNJJG8CiA08,7,plain,none,mixed,2 2 4 8 9 10 14
771WH98eYu49Bg542I,7,distinct,none,distinct,1 2 3 5 8 13 17
771WHHA6RJu54ID9K1,7,progressive,none,distinct,1 5 6 7 8 10 12
771Wwo7Am41K2sU5H8,7,progressive,none,distinct,1 2 5 8 10 11 12
771WASCHH48ccQJe82,7,plain,none,mixed,2 3 4 7 7 10 16
771W9AAEBH2113fbZ4,7,plain,none,mixed,3 4 5 5 7 8 17
771WWj32aiI4nnYL9X,7,plain,none,mixed,2 2 4 4 9 10 18
771WIIPRcKK068KISG,7,progressive,none,distinct,1 4 6 7 8 10 13
771WSSOK421MM6EIHG,7,plain,none,mixed,4 4 4 5 6 11 15
771WAEMMdY017JZP24,7,progressive,none,distinct,1 3 6 8 9 10 12
771WqeB9GX1H2cMskm,7,progressive,none,distinct,2 3 5 7 9 11 12
771WbaDbDG0L9AKYYK,7,plain,none,mixed,2 2 2 9 10 10 14
771WKHRA2A4EEcnneG,7,progressive,none,distinct,2 4 6 7 9 10 11
771WZcogD1266UIa5W,7,progressive,none,distinct,1 3 4 7 10 11 13
771WCDvQI819H7IYi5,7,progressive,none,distinct,1 2 7 8 9 10 12
771WehPcM724S2QHeZ,7,progressive,none,distinct,1 5 6 7 9 10 11
771W8eKGaH5oMDTIIG,7,progressive,none,distinct,1 5 6 7 8 9 13
771W422eOKL48CAeef,7,distinct,none,distinct,1 3 4 5 8 13 15
771WO8C4pOGCAjM642,7,progressive,none,distinct,1 4 5 6 8 10 15
771WML86Agf02IS8XH,7,plain,none,mixed,1 3 4 4 8 13 16
771WZXIfeD22SC13w5,7,distinct,none,distinct,1 2 4 5 6 10 21
771W449rZBA86AOKHH,7,progressive,none,distinct,2 4 6 7 8 10 12
771W04oXue9nyYbLD8,7,distinct,none,distinct,1 3 4 6 10 12 13
771W97SiaAA8AIqYGG,7,plain,none,mixed,2 2 4 8 9 10 14
771WIGeGYHeKFS55ZY,7,distinct,none,distinct,2 3 4 5 6 10 19
771WfoqwiCL02d8UY3,7,progressive,none,distinct,1 5 6 7 9 10 11
771W25B5BZOCFELjHm,7,progressive,none,distinct,1 5 6 7 8 10 12
771W244aQ44UIMMY44,7,plain,none,mixed,1 1 8 8 9 9 13
771WGOiyq42AOc6HGG,7,plain,none,mixed,2 2 4 5 11 11 14
771W4mYY7MGamYY5KI,7,distinct,none,distinct,1 2 3 4 5 10 24
771W6Yg6658eGG9f74,7,distinct,none,distinct,1 2 4 7 8 10 17
771W55BB7W0HIIMoY4,7,plain,none,mixed,2 4 5 5 8 11 14
771W1fhfcB8GYYDFM1,7,progressive,none,distinct,1 4 5 7 9 11 12
771W1IA9eCEaYI8Bg6,7,distinct,none,distinct,1 5 6 7 9 10 11
771WG9A7xcI14ZF6OY,7,plain,none,mixed,2 4 5 6 6 11 15
771W44OHCKc89MSDC4,7,plain,none,mixed,1 5 6 8 8 10 11
771WaILCCi43X96mG8,7,plain,none,mixed,1 1 5 6 9 13 14
771W4I9DD56YYICeP2,7,progressive,none,distinct,1 3 7 8 9 10 11
771WKj-9s88IiIcAKe,7,progressive,none,distinct,3 5 6 7 8 9 11
771WaldA6uWGgfU4YA,7,progressive,none,distinct,2 4 5 6 9 11 12
771W9AIokYA29L73W0,7,progressive,none,distinct,1 2 4 7 10 12 13
771W0elC9fa8YY9LTH,7,plain,none,mixed,1 3 5 7 7 12 14
771W888eLKAOKL4553,7,plain,none,mixed,2 5 5 6 6 8 17
771WIHDAKK811KLEcE,7,plain,none,mixed,3 3 4 7 7 11 14
771W259uaI72A5LcbC,7,plain,none,mixed,1 4 6 6 8 9 15
771WmWKyIK94uLONHG,7,progressive,none,distinct,1 3 5 8 9 11 12
771WbLEAUII0WM4AGG,7,distinct,none,distinct,1 2 5 7 9 10 15
771W0ub9MKaqTiKACG,7,progressive,none,distinct,1 4 5 7 8 10 14
771WOH9zZZK49Kebb2,7,plain,none,mixed,2 4 4 8 9 10 12
771WCK55YJYqpW041M,7,plain,none,mixed,2 2 3 3 4 13 22
771W16PQKCWGHBLqiK,7,progressive,none,distinct,1 3 4 8 10 11 12
771WOOeff946G0999A,7,distinct,none,distinct,1 2 4 6 9 12 15
771W88CpoKG4A8GB5D,7,plain,none,mixed,1 2 5 5 10 12 14
771WESOWv88YiA4Kqo,7,distinct,none,distinct,2 4 5 6 7 11 14
771WgCQQYkGW5LAv22,7,progressive,none,distinct,1 2 5 8 9 11 13
771We88a6c2EbbD244,7,plain,none,mixed,1 2 6 7 7 10 16
771WGGOLLYC03LCBB5,7,plain,none,mixed,3 3 3 4 7 14 15
771W8H8AqC246sLLOe,7,progressive,none,distinct,1 3 7 8 9 10 11
771WoBfL5418myC1n2,7,plain,none,mixed,1 1 2 5 6 16 18
771W9CKTaCA35LAba8,7,plain,none,mixed,3 3 7 7 9 9 11
771W245OeDmAD59gAH,7,plain,none,mixed,1 3 6 7 7 11 14
771W0e2p5BGKebMMPL,7,progressive,none,distinct,2 3 4 7 10 11 12
771WKOSQjGG8E2yA62,7,plain,none,mixed,1 4 6 7 7 11 13
771WYYaI8ea2PLLS44,7,progressive,none,distinct,2 3 6 8 9 10 11
771W56IPPYJIJOI2g1,7,progressive,none,distinct,1 3 6 8 9 10 12
771WLKaDAYXGQA445e,7,progressive,none,distinct,1 4 6 8 9 10 11
771W4UM8544GGeS6ki,7,plain,none,mixed,2 3 4 7 7 9 17
771W1Dg4522oggYQJ5,7,progressive,none,distinct,2 3 5 8 9 10 12
771W22cAgRXKBA9H46,7,progressive,none,distinct,2 4 6 7 8 9 13
771WAILTHI8XXeDPAG,7,progressive,none,distinct,1 3 6 7 9 10 13
771W4cMA3P8ZJAF7Xa,7,progressive,none,distinct,2 4 6 7 9 10 11
771WGGmbLMGGC99BA8,7,progressive,none,distinct,1 4 5 7 8 9 15
771W8ePMHA4u8IPLQC,7,plain,none,mixed,1 4 6 7 9 11 11
771W1HKoK42kY88VII,7,distinct,none,distinct,1 2 5 7 8 12 14
771W11M6vwQ9CSSGM0,7,progressive,none,distinct,2 3 4 6 9 11 14
771W01CDffmKKLLHHe,7,progressive,none,distinct,2 3 5 6 8 12 13
771WHGA8X4424KKMUw,7,distinct,none,distinct,1 2 6 7 9 11 13
771WXaf5A21IAASabm,7,plain,none,mixed,1 2 7 8 8 10 13
771WRBH1ueaCAqHG04,7,plain,none,mixed,1 3 4 4 6 7 24
771WOKIioab4A4eV32,7,distinct,none,distinct,2 3 4 7 9 10 14
771WCRJaKKC4CXGueW,7,plain,none,mixed,2 3 3 7 8 12 14
771WQgAPH11aqQ66E0,7,progressive,none,distinct,2 3 5 6 9 10 14
771WOCC88AG44bAYZZ,7,distinct,none,distinct,1 2 6 7 8 11 14
771W24uaEAAGKSQY44,7,progressive,none,distinct,1 4 5 6 9 11 13
771W0SkeQIcWrYaDII,7,progressive,none,distinct,1 4 6 8 9 10 11
771W88Og7558CKCA44,7,plain,none,mixed,3 3 3 5 8 13 14
771W06eeSSgGTOKZII,7,progressive,none,distinct,2 4 5 6 7 12 13
771WeKIKka43aaYQ44,7,plain,none,mixed,1 2 8 8 8 9 13
771WYcagea41aagOaa,7,progressive,none,distinct,2 5 6 7 8 9 12
771WanV9AIIOeAKim4,7,progressive,none,distinct,2 3 6 8 9 10 11
771WCC9rEL5B7E2OU0,7,progressive,none,distinct,2 4 6 7 8 10 12
771WSSM2288AAQAI44,7,plain,none,mixed,2 4 6 6 10 10 11
771WngiCI98AIqIMY1,7,plain,none,mixed,3 3 6 7 7 11 12
771W532JRA88861XQ4,7,distinct,none,distinct,1 2 3 5 7 10 21
771W1MKbP524CYcPfa,7,progressive,none,distinct,1 4 6 7 8 11 12
771WGaqSOH9OmfYMMK,7,progressive,none,distinct,1 3 6 8 9 10 12
771WMKOe81n4DCI2YW,7,plain,none,mixed,1 2 2 5 7 14 18
771WWGCq5PC9bRALLG,7,progressive,none,distinct,1 3 6 7 9 11 12
771Wb98W0Q9DfgmGJ2,7,plain,none,mixed,1 3 3 4 5 7 26
771WCaSKG8Aeuo9544,7,plain,none,mixed,2 3 3 5 10 12 14
771WKQSOKO0111kooo,7,plain,none,mixed,2 3 3 8 10 11 12
771W446-DhdA485I44,7,plain,none,mixed,2 3 4 6 10 10 14
771WqSNIa4S2aXGCG8,7,plain,none,mixed,1 1 3 8 8 12 16
771WMb5u844Oa8AY2g,7,distinct,none,distinct,1 2 3 6 10 13 14
771WaME4S80ZZLAAYY,7,distinct,none,distinct,1 4 5 6 10 11 12
771W9HHacKK5Be8AC4,7,plain,none,mixed,2 3 7 8 8 10 11
771Wbi25ce81KKcQCa,7,plain,none,mixed,1 3 5 8 8 10 14
771WOPLNa1Y340GQNa,7,plain,none,mixed,1 3 3 7 7 9 19
771W0OeepfaGIadcaZ,7,progressive,none,distinct,1 5 6 7 8 9 13
771W01EgYsf867Q9HW,7,distinct,none,distinct,1 3 4 5 7 10 19
771WCCQSDJI66I0Q25,7,progressive,none,distinct,2 3 4 5 10 12 13
771WAQU-QGGiW2K822,7,progressive,none,distinct,1 2 5 7 10 11 13
771W1C4IAqeeglReY2,7,plain,none,mixed,2 3 7 7 7 11 12
771WuW1AAYXOQwIIP8,7,progressive,none,distinct,1 2 7 8 9 10 12
771W206kKKCeabfqGG,7,plain,none,mixed,1 2 5 5 8 13 15
771WgSOC5688e8LfAC,7,progressive,none,distinct,3 4 5 6 7 10 14
771W113CqKI246ABIA,7,plain,none,mixed,3 3 5 5 5 7 21
771WO9cMF9WCLvS2KX,7,progressive,none,distinct,1 5 6 7 9 10 11
771WWEIH5E4IocLbEA,7,progressive,none,distinct,2 3 5 7 9 11 12
771WbLAAaaW0bL9THH,7,progressive,none,distinct,2 4 6 7 8 10 12
771W2e4OFAAKaewa46,7,plain,none,mixed,1 5 5 6 8 10 14
771WG2oDf52CIgcf99,7,progressive,none,distinct,2 3 6 7 9 10 12
771WIIH8A2YZYQKKG8,7,distinct,none,distinct,1 2 5 6 10 11 14
771W1GKAQG8CC_qiY2,7,progressive,none,distinct,1 3 4 7 10 11 13
771WCY38AwQHYYCi8G,7,plain,none,mixed,2 3 4 6 6 11 17
771WhpILu824IY59O4,7,progressive,none,distinct,2 3 5 7 9 11 12
771W8YYcjjaWEEfe41,7,plain,none,mixed,2 5 5 6 8 11 12
771WACbagCC2KKGk8O,7,progressive,none,distinct,1 3 7 8 9 10 11
771WOaaAYB0ckEf921,7,progressive,none,distinct,1 2 5 7 8 11 15
771W5YYAN11g24Cgc0,7,plain,none,mixed,1 2 2 3 10 14 17
771W48nDhG8MARuKI2,7,progressive,none,distinct,1 5 6 7 8 10 12
771W56QiLQP48MJ9Z4,7,progressive,none,distinct,2 3 4 8 9 11 12
771WWAbjg66GYYusGK,7,plain,none,mixed,2 2 2 8 10 11 14
771W1DA6znXKLIiIM0,7,progressive,none,distinct,2 3 6 8 9 10 11
771W88CPfcM258I8B9,7,progressive,none,distinct,2 3 4 8 9 11 12
771W49iYJG8KSPmeYK,7,plain,none,mixed,2 2 4 7 7 9 18
771W544OAH9887CKMq,7,progressive,none,distinct,1 4 5 7 9 10 13
771WvzAbgmm8G2kICK,7,plain,none,mixed,2 2 4 7 8 12 14
771W095n9kWQLTgnpH,7,progressive,none,distinct,2 5 6 7 8 10 11
771W444UHGG88A6kgi,7,progressive,none,distinct,1 3 6 7 8 11 13
771WLMQQata05EI5Y1,7,plain,none,mixed,1 4 5 5 11 11 12
771W4469qMO424DLEA,7,plain,none,mixed,4 5 5 5 6 8 16
771W66eiSSG8KHHeOO,7,progressive,none,distinct,1 4 6 7 8 9 14
771WA4DbcG8eYXOgEI,7,plain,none,mixed,1 3 3 4 7 7 24
771WfcOGO882IMuOe8,7,distinct,none,distinct,1 4 5 6 7 8 18
771WA5YYGOGK41YoMc,7,plain,none,mixed,2 2 4 5 6 9 21
771WC96kZB3IQQ5nq2,7,progressive,none,distinct,2 3 6 8 9 10 11
771WGCFCj1524aYLDK,7,progressive,none,distinct,2 3 4 5 9 12 14
771WXQAQQA6AgSXWW0,7,plain,none,mixed,1 4 6 6 8 11 13
771WuMgA4809nHsY66,7,progressive,none,distinct,1 3 4 8 10 11 12
771W42GmmHMOIGGnHI,7,distinct,none,distinct,1 3 4 5 6 9 21
771W21o99D4G8OPQwX,7,distinct,none,distinct,2 3 5 6 7 12 14
771Weiwoao045QYMHH,7,progressive,none,distinct,1 4 6 7 9 10 12
771W9booi40Y4Korn1,7,progressive,none,distinct,2 3 4 7 8 12 13
771WLLLMNJa0133C94,7,progressive,none,distinct,1 3 6 7 9 10 13
771WIIOOvw641HHG35,7,plain,none,mixed,2 3 4 6 6 10 18
771WXYoHKTX09IHMk9,7,plain,none,mixed,1 5 5 8 10 10 10
771WK0159UT44caABG,7,plain,none,mixed,2 2 3 6 7 7 22
771WvvfVJIW09P592G,7,plain,none,mixed,2 2 4 8 10 11 12
771WuoALOa8L6Sde84,7,plain,none,mixed,2 3 7 7 8 9 13
771WO08CAA988eOKLL,7,plain,none,mixed,1 1 4 7 8 12 16
771W0SIIcc9ZcYJqXW,7,progressive,none,distinct,1 5 6 7 8 10 12
771W8I99qIIYcIkgO4,7,progressive,none,distinct,1 4 6 8 9 10 11
771WPLBogOu87OaKA2,7,progressive,none,distinct,1 5 6 7 8 10 12
771WoIILc78Y4019F2,7,plain,none,mixed,1 1 4 5 8 9 21
771WLbnpgfXWfTO824,7,plain,none,mixed,2 4 5 6 6 13 13
771WH9vzsAA2Og68C0,7,progressive,none,distinct,1 3 7 8 9 10 11
771WGIaaqmYG5IIIZZ,7,plain,none,mixed,2 2 5 8 9 11 12
771W67gKCACG8CKBIY,7,progressive,none,distinct,3 4 5 6 9 10 12
771W02sqGIGGCKKCdd,7,distinct,none,distinct,1 2 4 7 8 13 14
771WIG4538355LMEhe,7,plain,none,mixed,1 2 3 8 11 12 12
771W53C44o9HIJAoHG,7,plain,none,mixed,2 3 4 6 10 12 12
771WqCfXc1feJpASQ4,7,progressive,none,distinct,1 2 5 6 8 13 14
771WWfPMQQn1mXEA9W,7,progressive,none,distinct,1 3 6 7 9 11 12
771W43L5bD3BDLNnW0,7,progressive,none,distinct,1 5 6 7 9 10 11
771W86bHIA5G8Ej5re,7,progressive,none,distinct,2 3 5 6 10 11 12
771WuqjkQMD04JWE9G,7,progressive,none,distinct,1 3 7 8 9 10 11
771W2C8Of55dbfJW04,7,distinct,none,distinct,1 3 4 6 7 8 20
771W6IWYg424QgilKK,7,progressive,none,distinct,1 4 6 7 8 11 12
771W8LDfO88iaIiaaG,7,plain,none,mixed,1 5 6 7 8 8 14
771W81XcUYYH64YgeG,7,plain,none,mixed,1 2 5 5 9 9 18
771WPNe9Q48CK6pYK8,7,progressive,none,distinct,1 4 5 8 9 10 12
771Wdg6oOOGO49y44a,7,plain,none,mixed,1 2 7 7 9 10 13
771WC6I9KGGeeySgA6,7,progressive,none,distinct,3 4 6 7 8 9 12
771W07obwOcI9KLeVZ,7,progressive,none,distinct,2 3 5 6 9 11 13
771WWG45Re05dJLLJP,7,progressive,none,distinct,2 3 6 7 8 11 12
771WbbA2aCH5NNCTH0,7,plain,none,mixed,2 4 4 8 8 10 13
771WOOLdLPX0DXIOKG,7,progressive,none,distinct,1 3 5 8 9 11 12
771W885ssMA82DT88G,7,progressive,none,distinct,2 4 5 7 9 10 12
771Wa8D8LLPmGKjKK8,7,plain,none,mixed,1 5 6 7 9 9 12
771WYOCAAT90WJng8A,7,plain,none,mixed,1 2 5 6 9 9 17
771WK8a4YIOisKr9CC,7,progressive,none,distinct,2 5 6 7 8 10 11
771W445vlfGA95B53G,7,plain,none,mixed,2 3 4 5 9 13 13
771W5Ae9a84KAAdaqO,7,plain,none,mixed,2 3 7 8 9 9 11
771W8hTU7KCYI5GOYS,7,plain,none,mixed,1 5 6 7 7 9 14
771WED656cI211H8y8,7,plain,none,mixed,2 3 4 5 7 7 21
771WCLLBZrL9Ek2gW0,7,progressive,none,distinct,3 4 5 7 9 10 11
771WYeqYgQQGEKme88,7,plain,none,mixed,2 4 7 7 8 9 12
771W942242H889f_rK,7,plain,none,mixed,3 4 4 4 6 12 16
771W01o8S4AAISNHOe,7,distinct,none,distinct,1 2 3 6 8 14 15
771W8IbglpY0HYiwK9,7,progressive,none,distinct,3 4 6 7 8 10 11
771WITXXGIA5L3o2W4,7,plain,none,mixed,1 3 4 5 5 6 25
771WeHN3IM1IojjsX4,7,progressive,none,distinct,2 3 5 7 9 10 13
771W266IeGGCEECa44,7,plain,none,mixed,2 2 5 5 8 13 14
771WGfueeE1aoAfgfO,7,progressive,none,distinct,2 3 5 7 9 11 12
771WWaDAQTS0mqWBBI,7,progressive,none,distinct,2 3 4 5 10 11 14
771WOc9bA8WObbyaM2,7,progressive,none,distinct,1 3 6 8 9 10 12
771W4BKIcm0XbwAyMc,7,progressive,none,distinct,2 4 6 7 8 9 13
771W4IImce84BdcYCC,7,progressive,none,distinct,2 4 5 7 9 10 12
771WGOIOQAX33XQQDC,7,progressive,none,distinct,1 5 6 7 9 10 11
771WeeVWYWK3QBJAKC,7,progressive,none,distinct,1 2 5 6 10 12 13
771WCAgooz28HQ1Z32,7,progressive,none,distinct,2 3 5 7 9 11 12
771WAaQIKIYGXumMaa,7,progressive,none,distinct,1 2 4 7 9 12 14
771W0WS99J9iSFIA98,7,plain,none,mixed,3 3 4 6 8 8 17
771W352KeaC8D56vHX,7,plain,none,mixed,1 3 3 6 7 13 16
771W0WMECOaWHQL6MM,7,plain,none,mixed,3 3 4 4 8 12 15
771WH9AAalm44bAFH2,7,progressive,none,distinct,1 3 7 8 9 10 11
771W8kIpoH5mQHHW68,7,plain,none,mixed,1 2 5 5 10 10 16
771W091cNMMOKKaekG,7,progressive,none,distinct,1 4 6 7 8 11 12
771W1YsHgiAXCKHBaC,7,plain,none,mixed,1 2 6 7 7 12 14
771W44i9bPsCJGF458,7,distinct,none,distinct,1 4 5 6 10 11 12
771WGIi8E48G8OBUgg,7,plain,none,mixed,1 5 6 7 7 9 14
771WnmWWp2W2J7774Y,7,distinct,none,distinct,1 2 3 5 6 9 23
771W18Aha80PJJsqeC,7,distinct,none,distinct,1 4 5 7 8 9 15
771W22IOGe8IHVKKCC,7,progressive,none,distinct,1 4 6 7 8 10 13
771WLjh3GG8AgDaK4G,7,plain,none,mixed,2 4 5 6 6 10 16
771W4poYrXYWYCCgNm,7,progressive,none,distinct,1 4 6 8 9 10 11
771W8DEd6e0699Ioua,7,plain,none,mixed,2 3 4 5 10 10 15
771WMQcOa452S4yB32,7,plain,none,mixed,2 4 4 7 8 11 13
771WMOMeeh01AAvfIH,7,progressive,none,distinct,1 4 5 7 9 10 13
771W2KI4AJmDCkiy12,7,progressive,none,distinct,1 4 5 6 9 11 13
771W2-bCKeGbUfMWme,7,plain,none,mixed,2 3 3 5 7 11 18
771W2e6yB85OaeLCor,7,progressive,none,distinct,1 2 6 8 9 11 12
771WBbpxum21XuIo7B,7,progressive,none,distinct,2 3 5 8 9 10 12
771WaaA5cA94IIQGD9,7,progressive,none,distinct,1 5 6 7 8 10 12
771W1IO9koIXcCMIa8,7,progressive,none,distinct,1 3 7 8 9 10 11
771W99P02e4RQABAC4,7,plain,none,mixed,1 2 6 7 9 9 15
771W9fQG8DDWmi8AI2,7,plain,none,mixed,2 3 3 4 8 14 15
771W99do5HAI6DSIFW,7,progressive,none,distinct,1 5 6 7 8 10 12
771W1AoqqrF8HHWfW2,7,progressive,none,distinct,1 2 4 6 10 12 14
771W24gCCK4PHIKuGG,7,progressive,none,distinct,1 3 5 7 9 10 14
771W44CAMEb546LOHG,7,distinct,none,distinct,1 3 6 7 8 10 14
771WGGie802PLLJBAA,7,plain,none,mixed,1 4 4 5 9 13 13
771W4HXx4j1HMgjgcC,7,progressive,none,distinct,1 5 6 7 9 10 11
771WG9B8uE542aJI9e,7,plain,none,mixed,1 2 3 9 9 12 13
771WHPAK9ECGGi6DM4,7,plain,none,mixed,2 4 4 6 7 11 15
771WGmCA6abYGGCIOP,7,distinct,none,distinct,1 2 3 6 9 11 17
771WCAIfga118OIpDC,7,progressive,none,distinct,1 3 6 7 8 11 13
771W6QGHH3322qqK68,7,distinct,none,distinct,1 2 3 4 12 13 14
771W8kGHCIQaK7IcKO,7,plain,none,mixed,1 5 5 7 7 8 16
771W4A5kkH8B57uYQ1,7,progressive,none,distinct,2 3 4 6 10 11 13
771W9LLMII9XX4bPH8,7,plain,none,mixed,3 3 5 9 9 10 10
771WW0ZLLB9n9339IG,7,distinct,none,distinct,1 3 4 5 7 8 21
771WGf9Ecf0HrrA4AX,7,progressive,none,distinct,2 3 6 7 8 11 12
771W4cMJ95QWG57CfY,7,progressive,none,distinct,1 3 5 6 8 12 14
771WHHPIPSa01CHIUA,7,plain,none,mixed,3 3 5 6 9 10 13
771WAYqoxW0XooKS24,7,plain,none,mixed,3 3 5 6 6 10 16
771WIACKaGH24gASCD,7,distinct,none,distinct,1 3 6 7 9 11 12
771WmZJ9FJ90GhZbfG,7,distinct,none,distinct,2 3 4 5 6 14 15
771WG894QiCbca8F9H,7,plain,none,mixed,2 3 3 6 9 12 14
771WW3qquTOm2KLIYH,7,progressive,none,distinct,1 3 4 6 7 13 15
771WG2j64O8TDkseKC,7,progressive,none,distinct,1 4 5 6 8 12 13
771W4741W22AEEEsLf,7,progressive,none,distinct,1 2 4 9 10 11 12
771W4eCHhZXao-qC90,7,progressive,none,distinct,2 3 4 7 8 11 14
771WW8fCCGGemoQIIA,7,progressive,none,distinct,1 2 4 9 10 11 12
771WWVeOINK0uXLcLc,7,progressive,none,distinct,2 3 5 8 9 10 12
771WG8SCP44qqg6KKI,7,progressive,none,distinct,2 4 6 7 9 10 11
771W0BELLN4XXiKJeH,7,progressive,none,distinct,1 3 6 8 9 10 12
771WgLbbCA4Kq4XZ0a,7,plain,none,mixed,2 2 3 3 10 13 16
771W4AoIP65G8IccJK,7,progressive,none,distinct,3 4 5 7 8 9 13
771Wm9CB642e8e4TMg,7,distinct,none,distinct,1 3 5 6 7 11 16
771W4IigD94nbL2zLH,7,progressive,none,distinct,3 5 6 7 8 9 11
771WeaYYE5J0CDhSJG,7,progressive,none,distinct,1 5 6 7 8 9 13
771WCICFCX1XYo2w6C,7,distinct,none,distinct,1 3 6 7 9 11 12
771WaMKGa402cEEnHH,7,progressive,none,distinct,1 3 5 7 8 11 14
771W48F998WJJJoAI4,7,progressive,none,distinct,1 3 7 8 9 10 11
771WJQTKi4424aAGm8,7,progressive,none,distinct,1 4 5 6 9 10 14
771W3553B7cCDDFa81,7,progressive,none,distinct,3 4 5 6 8 10 13
771W0nieqK4ZXMEGGm,7,distinct,none,distinct,1 2 4 6 8 12 16
771WeaRJGTG8O9wP5I,7,progressive,none,distinct,2 4 6 7 8 9 13
771WAIKKqq0HLb5O88,7,distinct,none,distinct,2 4 5 6 7 9 16
771WWeaXCDJ0abMFE8,7,progressive,none,distinct,1 3 4 6 10 12 13
771WACCgQP55DA1e22,7,progressive,none,distinct,2 3 4 5 10 12 13
771W6aORJK2WGHL7ga,7,plain,none,mixed,2 2 6 7 7 11 14
771WACEMcwK5683XKK,7,progressive,none,distinct,2 3 4 7 10 11 12
771WaqeGK02BRjr322,7,plain,none,mixed,3 4 4 4 5 11 18
771WXfeYN880aYRTN3,7,progressive,none,distinct,1 4 5 8 9 10 12
771W48EgorK854mAGJ,7,progressive,none,distinct,1 2 5 8 10 11 12
771We8T1XXYCem8GH5,7,plain,none,mixed,2 2 2 3 6 11 23
771WPOKLKMX011HABc,7,distinct,none,distinct,1 3 5 6 10 11 13
771W1GE49WYOQgqirp,7,progressive,none,distinct,1 2 6 8 9 10 13
771W5JOfXX01EcwwQH,7,progressive,none,distinct,2 3 6 7 8 11 12
771W5HKMMba9AeeGQ9,7,plain,none,mixed,1 5 5 8 8 10 12
771W48OfhBH68Hb528,7,plain,none,mixed,1 4 4 5 10 10 15
771WGhHLUJOWGjQIbI,7,progressive,none,distinct,1 3 5 8 9 11 12
771W4KJDEDGWW99OEP,7,distinct,none,distinct,1 3 4 7 9 10 15
771W8KKuKY4C7bjZWW,7,distinct,none,distinct,1 4 5 6 7 8 18
771WCrC17AKWGnATQa,7,plain,none,mixed,4 4 5 5 5 6 20
771WnnIIAKa8PECEG0,7,distinct,none,distinct,2 3 4 7 8 11 14
771WCFCIi2146AKUfO,7,progressive,none,distinct,2 4 5 6 8 11 13
771WAA7S4WWCE6Q2AQ,7,plain,none,mixed,1 2 5 7 11 11 12
771W59AKceK27AhCI2,7,progressive,none,distinct,3 4 5 7 8 9 13
771WIXbJQQL0e9CTr0,7,progressive,none,distinct,2 3 5 6 10 11 12
771WGHLmRJY49IKCEX,7,progressive,none,distinct,1 3 6 7 9 11 12
771WQQQ9e41AC4IHfa,7,distinct,none,distinct,2 4 5 6 7 12 13
771W447u8WeC7BAAIA,7,progressive,none,distinct,1 2 6 8 9 10 13
771WBB5Ga4424CSCSC,7,progressive,none,distinct,2 3 5 6 9 11 13
771Wq6KHDo26bIKgQO,7,progressive,none,distinct,1 4 5 6 10 11 12
771WIIRAGfW02ELLPA,7,progressive,none,distinct,1 4 5 7 9 10 13
771WaIHRD5a5a82bP2,7,progressive,none,distinct,1 4 5 7 8 11 13
771WYYL9IIK0GCCT9L,7,progressive,none,distinct,2 3 6 7 8 10 13
771WGXH59fIYn9C45X,7,plain,none,mixed,2 2 3 5 9 12 16
771W4GF2P10IIsiSCH,7,plain,none,mixed,1 1 5 6 10 10 16
771WIHQS4GG22MMSq4,7,distinct,none,distinct,2 3 4 7 8 12 13
771WaKLYaN98g9969I,7,plain,none,mixed,2 4 5 7 7 7 17
771W8nHHJWGmJiCCAY,7,plain,none,mixed,1 4 4 5 9 12 14
771W648WJ486ACLMso,7,progressive,none,distinct,1 2 4 7 10 12 13
771WGY8KHD98uQRLbW,7,progressive,none,distinct,1 3 6 8 9 10 12
771W4CYoe2WONRjT66,7,progressive,none,distinct,1 5 6 7 8 10 12
771WKMMO8aK654Af11,7,plain,none,mixed,2 3 3 7 8 8 18
771WAcbIA94W8CfPJA,7,progressive,none,distinct,3 4 5 6 8 9 14
771W82aLRJIG8AiyC1,7,progressive,none,distinct,2 3 4 8 9 11 12
771WHfbRNME0eXSC82,7,progressive,none,distinct,2 3 5 6 9 11 13
771WPjk66448e8e4I2,7,plain,none,mixed,2 4 5 7 7 8 16
771WC8ZZ88O5LKmGK4,7,plain,none,mixed,1 2 2 7 8 9 20
771WYo9CO42IYK69OO,7,progressive,none,distinct,1 2 4 9 10 11 12
771W985IfJG8E4MEDn,7,progressive,none,distinct,1 4 5 7 9 10 13
771WS5ffcEH2KrM15W,7,plain,none,mixed,1 4 5 8 8 10 13
771W56YeGa2HEEAPmG,7,plain,none,mixed,2 3 3 5 8 12 16
771WCHnFf44CQg6ea2,7,progressive,none,distinct,1 5 6 7 9 10 11
771W459cb9G289R5Dq,7,progressive,none,progressive,1 3 5 7 9 11 13
771WQ4eqGC46IwPc66,7,progressive,none,distinct,1 5 6 7 8 10 12
771W644H8DY45D9Ahc,7,progressive,none,distinct,2 3 6 7 8 9 14
771WGffnji89aCbYYG,7,progressive,none,distinct,2 3 4 7 10 11 12
771W04gYSNCGKLB-XY,7,progressive,none,progressive,1 3 5 7 9 11 13
771W9A42Z60QUUELgi,7,progressive,none,distinct,1 3 5 6 9 11 14
771W24OHqw925QIc58,7,plain,none,mixed,1 2 5 5 7 14 15
771WHMxgC44K88IaeG,7,distinct,none,distinct,2 4 5 6 7 12 13
771W8NpBF888GuKYAY,7,progressive,none,distinct,2 4 6 7 8 9 13
771WG8qCC21AQgOA99,7,plain,none,mixed,1 1 6 8 8 12 13
771WCKKv6SWA7YFAC4,7,progressive,none,distinct,1 3 4 8 10 11 12
771W4S53A8GKKbIQKK,7,progressive,none,distinct,2 3 6 7 8 11 12
771WIcco534KaCCd14,7,plain,none,mixed,2 3 5 5 10 11 13
771W9ffacqO5YW9CA2,7,plain,none,mixed,2 3 6 8 8 9 13
771WIQY1444EMMcWea,7,plain,none,mixed,2 4 4 5 5 8 21
771WIAAeaab80WCBBA,7,plain,none,mixed,2 4 4 6 7 7 19
771W9nI2XmmaIuOOK2,7,plain,none,mixed,2 3 3 4 7 7 23
771W4y1k28WKfvMQQA,7,progressive,none,distinct,1 4 6 7 9 10 12
771W2458aAW255Ffhp,7,plain,none,mixed,2 2 5 6 7 10 17
771W2UZcA8ebuOkI8G,7,distinct,none,distinct,1 4 5 7 8 11 13
771W5b84IAWaLJ9TQQ,7,progressive,none,distinct,2 4 5 6 8 11 13
771W24aHHoAI9ABhA4,7,progressive,none,distinct,2 5 6 7 8 9 12
771W433hc2GACD5Ze4,7,plain,none,mixed,2 2 2 6 10 10 17
771W2QNbQW0HUYMQKG,7,progressive,none,distinct,1 4 5 6 7 9 17
771WaABAxW24bZ5bEK,7,progressive,none,distinct,1 3 6 7 9 11 12
771W0AQ99aK8BIghB9,7,plain,none,mixed,3 4 5 5 6 10 16
771WLKookWG0LCAS2Y,7,progressive,none,distinct,1 2 4 7 10 11 14
771WCoEJJ64eOoAv28,7,progressive,none,distinct,1 4 5 7 9 11 12
771W8DBQ695eeidGAW,7,progressive,none,distinct,1 3 6 7 8 11 13
771WeeWHKA80OM757B,7,plain,none,mixed,2 2 4 4 6 13 18
771WGHg6MECSCQGPGW,7,progressive,none,distinct,1 3 6 8 9 10 12
771WGLf9AAKemHHXa8,7,plain,none,mixed,2 2 3 8 9 12 13
771W3fgYQ8KWCBcdJ3,7,progressive,none,distinct,2 3 6 8 9 10 11
771W24g4qqKIDCKu88,7,progressive,none,distinct,2 3 6 7 8 11 12
771WW43AA8E2YYePQA,7,plain,none,mixed,1 1 4 6 10 11 16
771W88mtca21IM6D6A,7,progressive,none,distinct,1 3 5 6 8 10 16
771W2HAmGAC48-jjs6,7,progressive,none,distinct,1 5 6 7 9 10 11
771Wum8E449K4q9845,7,plain,none,mixed,1 1 2 8 10 12 15
771WLLfAcHX8NKK2AW,7,progressive,none,distinct,1 4 5 8 9 10 12
771W6yQ9AI0HXAYIjf,7,progressive,none,distinct,2 5 6 7 8 10 11
771W9HIUuGX34bB7N6,7,progressive,none,distinct,1 5 6 7 8 10 12
771W6S54GGOIIbK8em,7,distinct,none,distinct,1 2 4 6 7 11 18
771W2XT5HGGaKSCKq2,7,plain,none,mixed,1 4 6 6 7 11 14
771W45OaAA259HSKKq,7,progressive,none,distinct,1 5 6 7 9 10 11
771W4218ED6eeebaJA,7,plain,none,mixed,2 3 4 4 6 13 17
771WA6r5no5HSDj8R0,7,progressive,none,distinct,1 5 6 7 9 10 11
771WLgcM99I0urKa5W,7,progressive,none,distinct,1 2 5 6 9 12 14
771WC8aO45Y4TPz112,7,plain,none,mixed,1 3 3 4 9 10 19
771WGJKCCAfHG84IXm,7,plain,none,mixed,1 1 4 6 11 13 13
771W8DAADGW232cmyA,7,plain,none,mixed,1 2 3 3 7 15 18
771WC4A98KHOOQoH94,7,distinct,none,distinct,1 3 6 7 9 10 13
771WDxRLQx6IX49i16,7,progressive,none,distinct,3 4 5 7 8 9 13
771W887m-qK49CQKAI,7,progressive,none,distinct,3 4 5 7 9 10 11
771WGmoeP54CaQMKC9,7,progressive,none,distinct,1 4 5 8 9 10 12
771W8QPVjr914ZefL4,7,progressive,none,distinct,3 5 6 7 8 9 11
771WCCaiW9G9RR6665,7,progressive,none,distinct,2 5 6 7 8 9 12
771W44BLSaaA8ASO0K,7,plain,none,mixed,2 2 2 3 11 11 18
771WCEYwHLW0LQMbHM,7,progressive,none,distinct,1 2 5 8 9 11 13
771WWWrH96I2QFBIIG,7,progressive,none,distinct,1 4 6 7 8 9 14
771W84m2Y1DsiyzC20,7,plain,none,mixed,1 1 3 5 6 15 18
771W55A9LsLDE8K2P2,7,plain,none,mixed,3 3 3 6 9 11 14
771WfeeDIIa814855f,7,plain,none,mixed,1 3 3 5 10 13 14
771W4GqGm94CIghIIJ,7,progressive,none,distinct,1 4 6 7 8 10 13
771W8FKI45844OP-IX,7,plain,none,mixed,1 2 6 6 10 10 14
771WI6dY4Y05JppTAI,7,progressive,none,distinct,1 4 5 8 9 10 12
771WHb9YYC0NjDMdf1,7,progressive,none,distinct,1 3 7 8 9 10 11
771W5HZo2c45Mgg9O8,7,progressive,none,distinct,1 3 7 8 9 10 11
771WKKC42RGAAQP521,7,plain,none,mixed,1 4 4 7 7 11 15
771WGMPLHaa02KSoIO,7,plain,none,mixed,1 1 3 8 9 12 15
771W8i5Kr82qIOhDCI,7,plain,none,mixed,1 5 5 8 8 9 13
771W4mmerB0Iakb752,7,plain,none,mixed,3 3 4 4 5 12 18
771WGiiic24Yaa4Zaa,7,progressive,none,distinct,2 4 6 7 8 10 12
771WKeO4PXWC-AiaaX,7,plain,none,mixed,3 4 5 5 5 13 14
771WGK8FkYI05qYQOS,7,plain,none,mixed,1 2 7 8 8 9 14
771W2G559AYGHnsgBH,7,plain,none,mixed,2 5 5 6 7 9 15
771WIOQ4ScK03CgkLL,7,plain,none,mixed,4 5 5 5 6 8 16
771WiG98m322aMwQQ9,7,plain,none,mixed,1 3 3 10 10 11 11
771WY5KTFMIGmce5YO,7,progressive,none,distinct,2 3 6 7 8 11 12
771W8iIq42CeKO9wnn,7,distinct,none,distinct,1 3 4 5 8 10 18
771WCCDZYi11AA9QI7,7,progressive,none,distinct,1 3 5 8 9 11 12
771WGGe54x4AHIBDE9,7,progressive,none,distinct,2 4 5 6 7 11 14
771WWq6c6AJ4ufgG54,7,plain,none,mixed,1 1 5 8 9 12 13
771WGyJKgi0HbHbUOG,7,plain,none,mixed,1 3 3 7 9 10 16
771WXI4MPKK8eLJSa2,7,plain,none,mixed,1 2 3 8 8 9 18
771WX1jHIOem9AIACG,7,plain,none,mixed,1 2 3 8 8 12 15
771WHA47aPO42WJPbB,7,distinct,none,distinct,1 4 5 6 7 8 18
771WKOSCmHX25iaGGI,7,plain,none,mixed,2 2 2 4 9 10 20
771WajjkNBG661c09b,7,plain,none,mixed,2 2 3 4 6 16 16
771W2fPHZL1KobTUyW,7,progressive,none,distinct,2 3 6 7 9 10 12
771WGwmsAA8GaiOSXX,7,plain,none,mixed,1 3 3 7 10 11 14
771W016UQb0HJPNMIX,7,plain,none,mixed,2 2 5 8 9 10 13
771WiQL98MM0WAMkS4,7,plain,none,mixed,2 4 5 7 8 8 15
771Wa4cA9JImOQQI41,7,progressive,none,distinct,1 3 6 7 9 11 12
771W14eRQQPG84IYj8,7,progressive,none,distinct,1 3 5 6 9 12 13
771WGAGe8mqKQhPOee,7,plain,none,mixed,2 2 3 7 7 12 16
771WXIkfHKi5mL8Ig2,7,progressive,none,distinct,1 5 6 7 9 10 11
771WIIKKi5a8F73H12,7,progressive,none,distinct,2 3 4 6 8 11 15
771W41BC88GGGHMwog,7,plain,none,mixed,2 3 3 8 9 10 14
771WHSKKyC153bnXX0,7,distinct,none,distinct,1 4 5 6 7 9 17
771W22uSBucCMHPL24,7,progressive,none,distinct,1 3 4 8 10 11 12
771WaftteG802Nqaq4,7,progressive,none,distinct,2 4 5 6 9 10 13
771WGGS88DA88GQHHI,7,plain,none,mixed,1 3 3 6 10 13 13
771WCSiWHSYKLbE542,7,plain,none,mixed,2 3 5 5 5 10 19
771W1G03gCCcaqoouK,7,plain,none,mixed,1 2 6 6 8 9 17
771W3f2MgIIfVQieG0,7,progressive,none,distinct,2 4 5 7 9 10 12
771WMKQj5G848JMu82,7,progressive,none,distinct,1 3 4 7 9 12 13
771W2ss9aD0CoQTX96,7,progressive,none,distinct,1 2 7 8 9 10 12
771WCJ8qNf269xYgTe,7,progressive,none,distinct,1 4 5 8 9 10 12
771WIIoYcQ88Q12499,7,plain,none,mixed,1 5 6 6 7 7 17
771W0PD9Bi4IHXCMMa,7,progressive,none,distinct,1 3 5 7 8 12 13
771WaySBAIY8Pg8884,7,progressive,none,distinct,2 4 6 7 9 10 11
771WOjiyyzoGW81ZYH,7,progressive,none,distinct,3 4 5 6 9 10 12
771W0s2g4KOQcKPkQQ,7,progressive,none,distinct,2 4 5 7 9 10 12
771WA8Ycba0G99PSqo,7,distinct,none,distinct,1 2 5 6 9 10 16
771W46dRBH0IA5BZJK,7,progressive,none,distinct,2 3 5 6 10 11 12
771WKqLmmX9KfBAII8,7,progressive,none,distinct,3 4 5 6 7 10 14
771W0CN99IIHHQiKEG,7,progressive,none,distinct,2 3 4 7 9 10 14
771W8DRgEG059IIaoQ,7,progressive,none,distinct,1 5 6 7 8 9 13
771W8sCIJJIGWQYQab,7,progressive,none,distinct,2 4 5 6 7 12 13
771WIioKteK2jIZy24,7,progressive,none,distinct,3 5 6 7 8 9 11
771W88BtGGW6B8OKK4,7,plain,none,mixed,2 3 3 3 10 10 18
771WYH99TQC1XK8Fj3,7,progressive,none,distinct,3 4 5 6 7 11 13
771W0rbHKaXYfJJjj8,7,distinct,none,distinct,2 4 5 8 9 10 11
771W8eYeGGaabbPOGG,7,plain,none,mixed,3 3 3 5 8 8 19
771W34SSAp865IHb6b,7,progressive,none,distinct,1 3 5 6 10 11 13
771W46iCGG2Q25LbKK,7,plain,none,mixed,1 2 5 7 7 12 15
771W95EsKLa498m6I3,7,progressive,none,distinct,1 5 6 7 9 10 11
771WGGMccPP28IIGAA,7,plain,none,mixed,2 2 4 8 9 12 12
771WG8QOvvsKGe98HK,7,progressive,none,distinct,3 4 5 6 7 11 13
771W01PMBCAmmqedjZ,7,progressive,none,distinct,2 4 5 7 8 10 13
771Wac84264QAAQdGG,7,plain,none,mixed,1 2 5 8 9 9 15
771WAEM4KbeECIZ19A,7,progressive,none,distinct,2 5 6 7 8 9 12
771W873RcY2HKOygWC,7,progressive,none,distinct,1 3 6 7 9 10 13
771WDAKPPYX8AIOuBW,7,progressive,none,distinct,1 3 4 6 8 12 15
771W99ZNCW0HQM2AMI,7,plain,none,mixed,2 2 6 6 7 13 13
771W9YQf44GaOHjgAc,7,plain,none,mixed,1 4 6 8 8 9 13
771W3GaZKL64Knni5g,7,progressive,none,distinct,1 3 7 8 9 10 11
771WYY6woIWIPOSK11,7,progressive,none,distinct,2 3 5 6 8 12 13
771WGH4IoQA42RPHOe,7,progressive,none,distinct,1 2 6 8 9 11 12
771WJbMgnIIAqCCaM0,7,progressive,none,distinct,2 5 6 7 8 10 11
771WaaSDAC0HnfnE84,7,progressive,none,distinct,2 3 4 5 10 11 14
771WGFAAr5442aKaKn,7,plain,none,mixed,1 5 6 7 7 11 12
771WCMNjX203Db9Dkm,7,progressive,none,distinct,2 3 5 7 9 11 12
771W4gkHD8WW9DsiC2,7,progressive,none,distinct,1 3 5 8 9 11 12
771W43wgA244KCIp4q,7,plain,none,mixed,1 3 6 7 8 12 12
771W9529AG099Acsy4,7,plain,none,mixed,2 2 3 5 8 14 15
771Wm49Pf66oKuo02O,7,plain,none,mixed,1 1 5 6 6 11 19
771WYHaK5q87-98Nt1,7,progressive,none,distinct,1 2 4 6 11 12 13
771W08K4Cg79AIrgef,7,progressive,none,distinct,1 4 6 7 9 10 12
771WgY6KASKOec1M88,7,plain,none,mixed,2 2 3 6 9 12 15
771WeWWOaadGkYE898,7,plain,none,mixed,1 2 2 6 6 12 20
771W16QDXLoKJAMff0,7,plain,none,mixed,1 4 4 5 10 11 14
771W88Kf9Kq58IQAA4,7,progressive,none,distinct,1 4 6 7 9 10 12
771WWGiRHOf8v4QA69,7,plain,none,mixed,1 1 4 7 9 9 18
771WaKKSACK4aPH644,7,progressive,none,distinct,2 5 6 7 8 9 12
771WIFNKu4442oMWeG,7,distinct,none,distinct,2 3 4 5 9 10 16
771WOKPXK848CErIIM,7,progressive,none,distinct,2 4 6 7 9 10 11
771W5189W80NLL6ccQ,7,plain,none,mixed,1 2 2 6 10 11 17
771W4q8KLMKOeHP324,7,progressive,none,distinct,1 2 6 7 8 10 15
771W45AAcIuGNKHNGW,7,plain,none,mixed,1 1 5 8 10 11 13
771Wee22mAILZbMM44,7,plain,none,mixed,2 2 2 5 12 13 13
771WWn6uJOGeKwrjpL,7,progressive,none,distinct,1 5 6 7 8 9 13
771W09gAST4CKLXamZ,7,progressive,none,distinct,1 2 5 8 9 11 13
771W44dpJY2HE22AGA,7,distinct,none,distinct,1 2 5 7 8 9 17
771WHGQw25484K46In,7,plain,none,mixed,1 2 5 7 7 13 14
771W84AvZNJ4A7tK84,7,progressive,none,distinct,2 3 5 8 9 10 12
771WZCigKKa4nqGi4a,7,plain,none,mixed,1 5 6 9 9 9 10
771W66MMP88OO24WKI,7,distinct,none,distinct,1 2 4 5 10 13 14
771WC9H4m82CAM5jiS,7,progressive,none,distinct,1 3 4 8 9 11 13
771W2YuGE5CW8SJL32,7,plain,none,mixed,1 1 3 4 10 14 16
771WLO9daGG28Qwuq4,7,progressive,none,distinct,2 3 4 7 9 10 14
771WKGYII8H0OpoIKL,7,plain,none,mixed,1 2 4 8 10 10 14
771WA9LZIIeGTGH9ea,7,progressive,none,distinct,2 3 6 7 8 9 14
771WmEANd60Y6gIfA2,7,distinct,none,distinct,1 2 3 8 10 12 13
771Wae6KKL0IYfPgon,7,progressive,none,distinct,2 3 6 8 9 10 11
771W8766MA4337bAXH,7,plain,none,mixed,2 3 4 7 7 9 17
771WfMcIHAGGuFia7X,7,progressive,none,distinct,1 3 5 7 10 11 12
771WeuOPRG22Ib334A,7,plain,none,mixed,2 3 3 7 8 9 17
771Wwvhbbbc0O808n8,7,plain,none,mixed,2 4 4 5 7 8 19
771WQKqCABA0Oe4a21,7,plain,none,mixed,1 1 3 6 7 14 17
771WCLKxO4CB7f284u,7,plain,none,mixed,1 3 3 7 8 9 18
771WZB6mgeG5ebKCAQ,7,plain,none,mixed,2 2 4 7 7 11 16
771WoocCLx51AVI7C8,7,progressive,none,distinct,1 5 6 7 8 9 13
771WOJJQKae024fiiK,7,progressive,none,distinct,2 3 5 8 9 10 12
771WYO44yCC4cKqe88,7,progressive,none,distinct,1 3 5 8 9 11 12
771WP9aS46e8Pr9IH1,7,distinct,none,distinct,1 2 5 6 10 12 13
771WTHfGW884UIgAAI,7,plain,none,mixed,1 2 7 7 8 10 14
771Wbac3g282CCBJ5f,7,progressive,none,distinct,1 4 5 8 9 10 12
771W01GLIiqIIROMKe,7,plain,none,mixed,2 3 6 8 8 9 13
771WmGpnlQQWIKIKAG,7,progressive,none,distinct,1 5 6 7 9 10 11
771WDAKKcWQ27I3r2Y,7,plain,none,mixed,1 2 3 10 10 11 12
771WgcbDMbE6F9a2L2,7,progressive,none,distinct,2 3 4 8 9 11 12
771WffcQK8888AS6IY,7,progressive,none,distinct,1 3 7 8 9 10 11
771W49BV3Ie45AdBKY,7,progressive,none,distinct,2 4 5 7 9 10 12
771W8PPmooAXg5CCCa,7,progressive,none,distinct,2 4 6 7 8 10 12
771WGIB9Is621sYYS4,7,progressive,none,distinct,1 2 6 7 9 11 13
771W9Bt55W0HAII6k4,7,plain,none,mixed,2 2 4 7 8 12 14
771W8uuSFg2Yf58264,7,distinct,none,distinct,1 2 5 6 9 10 16
771W2KQM9M699ksu60,7,plain,none,mixed,3 4 6 6 7 9 14
771WAMcbbyO0HYX3B5,7,plain,none,mixed,2 4 4 7 8 11 13
771W8iILCI4XncoV48,7,progressive,none,distinct,1 3 7 8 9 10 11
771WGWY6fN2CY35ELI,7,distinct,none,distinct,1 3 4 5 6 9 21
771W9D4GE8044CRrt7,7,plain,none,mixed,2 2 4 5 11 12 13
771W9LIIFYW02caMJ5,7,progressive,none,distinct,1 3 5 7 8 11 14
771WHUMP9ea8As9We2,7,plain,none,mixed,1 5 6 7 7 8 15
771WfLsr422Ga8eEU2,7,plain,none,mixed,2 4 5 6 6 8 18
771W8GOKEA888qA655,7,plain,none,mixed,1 4 4 6 7 11 16
771WfLMoggA1iKm8G0,7,progressive,none,distinct,1 4 6 7 8 11 12
771W845LMIc45Ag34G,7,progressive,none,distinct,1 4 5 6 8 12 13
771WAfHrjMsHgq28g0,7,progressive,none,distinct,1 4 6 7 9 10 12
771WHDbp-909JvyA25,7,progressive,none,distinct,1 4 5 6 10 11 12
771WH5E441A88evFN4,7,plain,none,mixed,1 2 6 7 7 9 17
771W22vPa44AKKKGma,7,plain,none,mixed,2 2 4 4 11 11 15
771WYgi4qqm2CCanHH,7,progressive,none,distinct,2 3 4 8 9 11 12
771WWKKObj62b9EbaX,7,plain,none,mixed,1 6 6 6 8 10 12
771W0Djbz24IAEYXYY,7,distinct,none,distinct,1 3 4 5 7 12 17
771W7eaZQOWWTPiKwM,7,progressive,none,distinct,1 3 6 8 9 10 12
771W4KCD311aaqmCA8,7,plain,none,mixed,2 3 4 4 8 9 19
771W1CAPpe8BC6aqg2,7,progressive,none,distinct,1 3 6 7 8 11 13
771WaigLH133hjDLC0,7,progressive,none,distinct,2 4 5 7 8 11 12
771Wgwvg-Y285h53O0,7,progressive,none,distinct,2 3 6 7 8 10 13
771Wa2ige4KJnmou44,7,plain,none,mixed,2 3 3 6 10 12 13
771WGYObaIG8wRJRea,7,progressive,none,distinct,1 3 5 6 9 12 13
771WGHZYD544KKIKCf,7,progressive,none,distinct,2 4 6 7 9 10 11
771W249rzPIA28Nf9G,7,progressive,none,distinct,1 2 4 6 7 14 15
771W24aKNB7G8ABa24,7,plain,none,mixed,2 3 4 4 12 12 12
771WarRP291Lb5Qgs0,7,progressive,none,distinct,2 4 5 7 9 10 12
771W421f9IO6A96cNH,7,plain,none,mixed,1 3 4 5 5 12 19
771WGqWK8QK4iRSfgg,7,progressive,none,distinct,1 5 6 7 9 10 11
771W0f7pWIGeMUksnD,7,progressive,none,distinct,1 4 6 8 9 10 11
771W4ShjYG0Xx8aSIM,7,plain,none,mixed,2 4 5 6 7 7 18
771WYHWXfPGGcLLLr9,7,plain,none,mixed,3 3 5 6 7 8 17
771WAPrXnG82SXmee2,7,plain,none,mixed,1 2 5 6 6 8 21
771W4IIugG0fhciCYY,7,plain,none,mixed,3 4 4 4 10 10 14
771W0GfeegAmXHUUSK,7,progressive,none,distinct,3 4 5 7 8 10 12
771WPbrJNcG8p4a93X,7,progressive,none,distinct,1 4 6 8 9 10 11
771WIogi84W7YI69HH,7,progressive,none,distinct,1 4 5 8 9 10 12
771WKKOiql71A6HCEC,7,distinct,none,distinct,2 3 6 7 8 9 14
771WWDDp2049bffuo6,7,plain,none,mixed,2 2 4 5 8 9 19
771WuKKW65C4e8fCA9,7,plain,none,mixed,1 1 5 6 6 10 20
771WA55S2U1996fkfG,7,progressive,none,distinct,2 3 4 8 9 11 12
771Was-jJX02bBNdB1,7,progressive,none,distinct,2 5 6 7 8 10 11
771WKIa6828KCSRlMM,7,progressive,none,distinct,1 5 6 7 9 10 11
771W884C6caMKKO544,7,plain,none,mixed,2 2 6 7 7 11 14
771WeLaKQi48xXbYaK,7,progressive,none,distinct,2 4 5 8 9 10 11
771WrvXGCEE08SiA88,7,plain,none,mixed,2 3 3 3 12 12 14
771WMK88CWX02IQiCD,7,plain,none,mixed,1 1 4 5 9 14 15
771WWIKoMw65gDFOWW,7,progressive,none,distinct,3 4 5 6 7 11 13
771W225AG8a98EDSKC,7,distinct,none,distinct,1 2 4 5 11 12 14
771WGG9JMYY03TLJSG,7,progressive,none,distinct,1 4 6 7 8 10 13
771WGcaO4B0cEkjZHI,7,progressive,none,distinct,1 4 6 7 8 11 12
771WKSVF324IIg67G2,7,progressive,none,distinct,2 4 5 8 9 10 11
771W088BzvSKLGYbfe,7,progressive,none,distinct,2 4 6 7 9 10 11
771WccaKX023D99LaY,7,plain,none,mixed,2 2 5 6 9 9 16
771W859oQPn85Do2AW,7,progressive,none,distinct,1 2 6 7 8 11 14
771WyqICIGWG1EcU22,7,distinct,none,distinct,1 2 3 7 11 12 13
771WO4daC64eqKoBG8,7,plain,none,mixed,1 2 6 7 9 12 12
771W8uOHKC2KagHLKO,7,progressive,none,distinct,2 4 5 8 9 10 11
771WGLPKIIa01eubai,7,progressive,none,distinct,2 3 5 7 8 11 13
771W5rvIL44AYCK3F9,7,plain,none,mixed,3 3 6 6 9 10 12
771W1EiAD88meegSa2,7,progressive,none,distinct,2 3 5 7 9 10 13
771W4DMgeOGeYvC4Kq,7,progressive,none,distinct,1 4 6 7 8 10 13
771WKKwo211K48GGII,7,plain,none,mixed,2 2 5 6 6 6 22
771W0mPrL9AauIA89G,7,plain,none,mixed,1 4 5 6 9 9 15
771WKSiZIGGGSgAA84,7,plain,none,mixed,3 4 4 7 8 10 13
771WeQMSag1a5fMAXW,7,progressive,none,distinct,1 4 6 7 8 10 13
771W44qCCDkH8OG456,7,plain,none,mixed,1 3 6 6 9 12 12
771WKGHSsI624bfE8G,7,plain,none,mixed,1 2 7 7 9 10 13
771We8956228eeOMK4,7,distinct,none,distinct,1 2 5 6 7 10 18
771W44C2JX3ABFVF40,7,plain,none,mixed,1 3 6 7 7 11 14
771W0ZCabq3YPQALbI,7,plain,none,mixed,1 6 6 7 8 8 13
771WKK2idd390GSP42,7,plain,none,mixed,1 2 3 3 4 14 22
771W1Yg5Ab5nAAKUe6,7,progressive,none,distinct,1 2 6 8 9 11 12
771WaF9e3bDAbb4MaC,7,progressive,none,distinct,3 4 5 6 9 10 12
771W8CoACCYH9HgT44,7,distinct,none,distinct,1 3 5 7 8 11 14
771W2YaqtOCZ58BK24,7,progressive,none,distinct,1 3 4 8 9 11 13
771WXD9em44AYcoGG8,7,distinct,none,distinct,1 2 3 7 8 10 18
771W595PNNn458y150,7,progressive,none,distinct,1 2 5 7 9 12 13
771W1D0q4AAA6Aw46M,7,plain,none,mixed,1 2 4 6 7 7 22
771W4QIbcF84AYHyB6,7,plain,none,mixed,1 4 7 7 8 11 11
771W1UAkY12KQgMgZW,7,progressive,none,distinct,1 4 5 7 9 11 12
771WaRRkGe05h5gcYg,7,progressive,none,distinct,2 3 5 6 10 11 12
771WY4HQgIHmMMOuH8,7,distinct,none,distinct,1 2 6 8 9 11 12
771WQWaZ6AG4mHoiD5,7,distinct,none,distinct,1 2 4 5 8 13 16
771W48CLZM09FAo55B,7,progressive,none,distinct,2 3 5 8 9 10 12
771W6m299J9aKdf9ou,7,plain,none,mixed,2 4 4 5 8 11 15
771WACKqwB4A8M1b12,7,distinct,none,distinct,1 2 4 8 9 11 14
771WCgy456Wm9H9n35,7,plain,none,mixed,1 3 4 6 6 14 15
771WHIIEPcW23DB5c4,7,plain,none,mixed,2 4 5 7 9 11 11
771W4S8_A99KOaK86A,7,progressive,none,distinct,2 3 6 7 9 10 12
771WaaBDGX80JNAUML,7,progressive,none,distinct,2 3 6 7 8 9 14
771WPPMiC446E6OG8O,7,progressive,none,distinct,2 3 6 7 8 10 13
771W4aD6620qKKCIPH,7,plain,none,mixed,1 4 6 7 7 8 16
771WaKQv548a8arKC2,7,progressive,none,distinct,1 4 5 8 9 10 12
771WaA6CO48aaYRiCC,7,progressive,none,distinct,1 3 6 7 9 11 12
771WkioI6HX89M6q20,7,progressive,none,distinct,1 3 5 8 9 10 13
771W059giUEHRPGagI,7,progressive,none,distinct,3 4 5 7 8 10 12
771W12aKqD8ICA9JZ2,7,plain,none,mixed,2 4 5 5 7 12 14
771WLqpAYgY8bD2I8m,7,plain,none,mixed,1 4 6 6 8 9 15
771WaiDKKQH0GPYA9H,7,progressive,none,distinct,1 5 6 7 8 9 13
771WAA2uWea86EPOGG,7,plain,none,mixed,1 4 4 4 5 12 19
771W1XADhJ8aIJ9DO9,7,plain,none,mixed,3 4 6 6 8 9 13
771WJ8QeYa21CqKNuO,7,progressive,none,distinct,1 2 3 8 10 12 13
771W98AAMWW664KI2Y,7,plain,none,mixed,1 2 2 5 12 13 14
771W8uBKIMMWGu8EG8,7,progressive,none,distinct,1 2 4 9 10 11 12
771Wc56OeKOeE4B8mG,7,distinct,none,distinct,1 3 4 5 7 12 17
771WA4H1TJ8KKBjRvm,7,progressive,none,distinct,2 4 5 7 8 11 12
771WKaIIopJ4nGGG46,7,plain,none,mixed,2 4 4 5 9 10 15
771WaOWWf8K8oZrKKI,7,plain,none,mixed,2 3 4 7 7 10 16
771W5UsLLE2meIn1g0,7,progressive,none,progressive,1 3 5 7 9 11 13
771Wff5o888L95KC8G,7,plain,none,mixed,2 2 3 7 8 12 15
771WcQw5151LjDrQA0,7,progressive,none,distinct,3 4 5 7 8 10 12
771WabKdH880S66gcS,7,progressive,none,distinct,1 4 5 6 9 11 13
771W2OiLM48wYSrY48,7,progressive,none,distinct,1 3 6 8 9 10 12
771WKECa_n019j3Jrn,7,progressive,none,distinct,2 4 6 7 9 10 11
771W82kO9S45TJogIK,7,progressive,none,distinct,1 5 6 7 8 10 12
771WHI2CKe956MOQY3,7,progressive,none,distinct,1 3 5 7 10 11 12
771WYbJRTbZ4M28zW1,7,progressive,none,distinct,1 4 6 7 9 10 12
771W44CLsqe458HCA6,7,progressive,none,distinct,2 3 4 8 9 10 13
771W8eXfgNHY02QPUI,7,plain,none,mixed,2 4 4 6 7 8 18
771WK8v64919Hvg6AG,7,progressive,none,distinct,1 2 6 8 9 11 12
771W48aeJRP0KIzLKH,7,progressive,none,distinct,1 2 5 7 9 10 15
771WXdiScg22D5IcH1,7,progressive,none,distinct,1 2 6 7 8 12 13
771W844pIKqOLOuA84,7,progressive,none,distinct,1 5 6 7 9 10 11
771W2cxC4Q2ogncQG8,7,progressive,none,distinct,1 5 6 7 9 10 11
771WQYiEb54AqKau41,7,plain,none,mixed,2 4 6 7 8 11 11
771WCTA268GKKbEwq4,7,progressive,none,distinct,2 4 5 8 9 10 11
771W4gjEqk2f46bs8G,7,distinct,none,distinct,2 3 4 8 9 10 13
771W19jMlF2ICCXnu5,7,progressive,none,distinct,2 4 5 8 9 10 11
771WYHDsCA19bPK6hA,7,progressive,none,distinct,3 4 5 7 9 10 11
771WAAYeOHcHKJ989A,7,plain,none,mixed,1 3 6 6 9 11 13
771WgMEEXXXW6sg660,7,progressive,none,distinct,1 3 5 6 10 11 13
771WGmb9QYWOgSIADH,7,progressive,none,distinct,1 3 6 7 9 11 12
771WAALRGG588L9OKH,7,distinct,none,distinct,1 3 4 7 8 10 16
771W44noKyu4IGILP9,7,progressive,none,distinct,2 5 6 7 8 10 11
771WA9Ev68W495sgSa,7,progressive,none,distinct,2 4 5 6 9 11 12
771WSQkg9I05H2Es71,7,plain,none,mixed,3 3 4 6 10 11 12
771WWGceUTHGy95S20,7,distinct,none,distinct,1 2 3 4 7 8 24
771WKLCoHGWA7O884o,7,plain,none,mixed,1 3 3 5 8 11 18
771WGAqqyBaH3nKJXY,7,progressive,none,distinct,1 4 6 7 8 11 12
771WWQNqK884eYoeO8,7,plain,none,mixed,1 3 6 7 9 9 14
771W9aOR88eHmaSia8,7,distinct,none,distinct,1 2 4 8 9 12 13
771W88CDvnG452K449,7,plain,none,mixed,2 2 3 4 12 13 13
771WTRC8JJW01LDrH4,7,distinct,none,distinct,2 3 4 6 8 11 15
771W0GOPN62eeIEDA4,7,plain,none,mixed,2 4 4 4 5 13 17
771W2H9HGA5KK-dcd2,7,progressive,none,distinct,3 4 5 7 9 10 11
771WIYoP7u05-9EC68,7,plain,none,mixed,1 1 6 7 9 10 15
771WGYWIOYHIvUQQba,7,plain,none,mixed,1 3 3 9 10 10 13
771WKgYe8m2b6dPvGG,7,plain,none,mixed,3 4 4 5 6 10 17
771WGHOaYA1QIgvrnG,7,progressive,none,distinct,2 4 5 6 9 11 12
771WaEH9a8e4Zx6sM2,7,progressive,none,distinct,1 2 5 8 10 11 12
771W4KYCOHIDTgcQ30,7,plain,none,mixed,2 4 4 7 7 7 18
771WHIUjC22AEMI2e4,7,plain,none,mixed,3 3 4 6 6 10 17
771W6844eR9531r9ge,7,plain,none,mixed,2 3 3 4 8 11 18
771W1E77X20JLLrLo8,7,progressive,none,distinct,1 2 4 9 10 11 12
771W2EUYQA5aisf810,7,progressive,none,distinct,1 2 6 7 9 11 13
771WAIHngga4AcXXK0,7,plain,none,mixed,2 3 3 5 8 13 15
771W6ggAAb0Y99ZXJI,7,progressive,none,distinct,1 4 6 8 9 10 11
771W8E8a55Q954TaLI,7,progressive,none,distinct,2 3 6 7 9 10 12
771W96CDGWi464naqO,7,plain,none,mixed,1 3 3 4 6 13 19
771Wo5Y23YIAnHHXo4,7,plain,none,mixed,1 3 3 5 8 9 20
771W1G94DQ2YYnywuE,7,progressive,none,distinct,1 3 6 7 9 10 13
771WGWYINbg0wKLJD8,7,progressive,none,distinct,2 3 6 7 8 10 13
771W29f4ZJ5CIHfbXC,7,progressive,none,distinct,2 3 4 7 9 11 13
771W8W7Ca_G4rsPIPI,7,progressive,none,distinct,1 4 6 8 9 10 11
771W07cbbGWYnooKyY,7,progressive,none,distinct,1 3 5 7 8 12 13
771W226hnwq846DL28,7,plain,none,mixed,3 3 3 4 7 13 16
771WIHjs9geAKCH5k8,7,plain,none,mixed,2 4 5 8 8 9 13
771WmtXI9FN08LMaUW,7,progressive,none,distinct,2 3 5 7 8 11 13
771W14IuHIYOLAE-a6,7,progressive,none,distinct,1 3 6 7 9 10 13
771WmL9x1028aOKafJ,7,plain,none,mixed,1 2 3 7 7 8 21
771WEEdbC8GGKL28GK,7,progressive,none,distinct,2 3 4 6 9 10 15
771WK9A6gVI24cDgn2,7,progressive,none,distinct,3 4 5 6 7 11 13
771W02KScaaHKKOIaa,7,distinct,none,distinct,1 3 6 8 9 10 12
771WAAieaaKH10SGGG,7,plain,none,mixed,1 2 4 4 4 16 18
771WCDEq1A2AEAHDMW,7,progressive,none,distinct,1 2 6 8 9 11 12
771W0ABjH45eac6Bpa,7,progressive,none,distinct,2 4 5 7 8 11 12
771WIYPc7PP4y6UI8K,7,progressive,none,distinct,2 3 6 8 9 10 11
771WHPJP1YI65aOOIW,7,plain,none,mixed,1 3 5 7 8 8 17
771Wai64I203prLDKK,7,progressive,none,distinct,2 4 5 7 8 11 12
771W44CvmWWOQKGOOK,7,plain,none,mixed,2 4 4 4 6 8 21
771W5E-ccU2DJAX1W0,7,progressive,none,distinct,1 3 6 7 9 10 13
771WWIGaMMIWiOOHcc,7,progressive,none,distinct,1 2 4 9 10 11 12
771W12D2A8eBAAKSgI,7,plain,none,mixed,1 5 5 5 9 10 14
771W555fPI948DAQP2,7,plain,none,mixed,2 4 5 7 9 9 13
771W0P9WPKCOKbkiiM,7,progressive,none,distinct,1 4 6 8 9 10 11
771W21dIOa2HA46TqC,7,plain,none,mixed,1 3 4 6 9 9 17
771W8e2GOa0oJRTUEE,7,progressive,none,distinct,1 5 6 7 9 10 11
771W2gesC44aeaQU22,7,plain,none,mixed,1 3 6 7 7 12 13
771WMbbHLKe0f89Sy2,7,progressive,none,distinct,2 3 6 8 9 10 11
771WQgYrD928qSfZA1,7,progressive,none,distinct,2 3 4 8 9 11 12
771W8DvPJvbI9ILaY0,7,progressive,none,distinct,2 4 6 7 9 10 11
771W02K8n8KQSFAJZb,7,progressive,none,distinct,2 3 4 6 7 13 14
771WmGvCaoA8rFIQO8,7,progressive,none,distinct,1 4 5 8 9 10 12
771WAACqvKM8A86L42,7,progressive,none,distinct,1 2 6 8 9 11 12
771W8KIKOQ4aafjO33,7,distinct,none,distinct,2 3 4 5 6 8 21
771WAA4iaC8geeMH11,7,distinct,none,distinct,2 3 4 5 8 11 16
771WOKK6Z5524CiE8C,7,progressive,none,distinct,1 3 5 7 10 11 12
771WaC97ti83aYfIO2,7,plain,none,mixed,1 3 6 6 9 9 15
771WO88f6mZgb66258,7,plain,none,mixed,1 2 2 6 9 13 16
771WC4Az889GSGeKC5,7,plain,none,mixed,1 1 1 9 11 12 14
771WLqKIgA8Ia4198e,7,plain,none,mixed,1 3 6 8 8 10 13
771W8C23M2a326sL84,7,plain,none,mixed,1 1 2 8 9 10 18
771W84YHAAD8OKoJD4,7,plain,none,mixed,2 3 5 8 10 10 11
771W02L1cIaSRBBKrX,7,progressive,none,distinct,2 3 4 7 8 11 14
771W89LbfT1ggnsXX0,7,progressive,none,distinct,2 3 5 8 9 10 12
771W9bP6eeYWqiTbeG,7,progressive,none,distinct,2 3 6 7 8 10 13
771WI4rH8E0PHjgnI6,7,distinct,none,distinct,1 3 7 8 9 10 11
771W19MbICe8DNcpz1,7,progressive,none,distinct,2 5 6 7 8 10 11
771W666vLKK95C84C2,7,plain,none,mixed,1 2 5 8 8 12 13
771WaQyNOOK8mWjKea,7,progressive,none,distinct,3 4 6 7 8 9 12
771Wq4GGan99jJI664,7,distinct,none,distinct,1 3 4 5 7 9 20
771W1CIHMI4HHIYrie,7,plain,none,mixed,1 5 8 8 8 9 10
771WK4V7B12qqCIM3G,7,plain,none,mixed,2 2 6 7 9 9 14
771WOovoA44a8CooOG,7,distinct,none,distinct,3 4 5 6 8 11 12
771W29feKIGmaZF9gQ,7,progressive,none,distinct,1 3 7 8 9 10 11
771Wb53Y648e445KAA,7,distinct,none,distinct,1 3 4 5 8 12 16
771W4a8IHICnHPG1EA,7,plain,none,mixed,1 3 3 5 7 9 21
771W64WtCA84OKIg7B,7,plain,none,mixed,1 2 5 6 10 10 15
771W0EAI281jjfZp32,7,plain,none,mixed,1 2 5 6 6 14 15
771W5566ggPILKL1G1,7,progressive,none,distinct,1 3 5 8 9 10 13
771W2BAydW1495bhLc,7,progressive,none,distinct,1 3 5 7 8 12 13
771W21RJUWWGIIEAs2,7,progressive,none,distinct,1 2 6 7 8 12 13
771WIgf331WJggAAI1,7,progressive,none,distinct,1 3 4 8 10 11 12
771W6EAc54WOLLjK42,7,progressive,none,distinct,2 4 6 7 9 10 11
771W9sqfrAI2qhaAuI,7,progressive,none,distinct,1 3 6 7 9 10 13
771WZDqKYK4PdoYc0G,7,distinct,none,distinct,1 2 4 6 9 10 17
771WWIBEHjX2XNA5zW,7,progressive,none,distinct,1 2 6 7 8 12 13
771W7jEEkEDKYY4WH0,7,progressive,none,distinct,1 3 7 8 9 10 11
771WIcDIo9AKYgm8RG,7,progressive,none,distinct,3 4 6 7 8 9 12
771WPiI6g4G2qD_oe8,7,progressive,none,distinct,1 3 6 8 9 10 12
771WiSgay402o4gP99,7,progressive,none,distinct,1 3 6 8 9 10 12
771WMQgrLGm4HAYA2C,7,plain,none,mixed,1 1 6 9 10 11 11
771WeOOoSY4e7ZDF88,7,progressive,none,distinct,1 5 6 7 8 10 12
771W61eYIL9GC9HowO,7,progressive,none,distinct,1 3 5 6 9 12 13
771Wnj9L8H3AwLhNM4,7,progressive,none,distinct,1 4 6 7 8 10 13
771W4IHLbZhabfeYG0,7,progressive,none,distinct,2 3 4 6 10 11 13
771W5HLZY3K28nnfY5,7,plain,none,mixed,2 2 4 4 10 10 17
771WI59ZZ145BhxAa3,7,progressive,none,distinct,1 4 6 8 9 10 11
771W8OYJCAJ8ObIM94,7,progressive,none,distinct,1 5 6 7 9 10 11
771WHFBKK4222iq9e8,7,plain,none,mixed,1 2 3 9 11 11 12
771W5UIo8AgfaaM6W0,7,plain,none,mixed,1 4 5 5 9 10 15
771WeuaH888GOiQAA6,7,plain,none,mixed,2 3 4 8 8 12 12
771WKqdcEII0qMI2G8,7,progressive,none,distinct,1 4 6 7 9 10 12
771WAANXAXI4BIKSN4,7,progressive,none,distinct,1 4 5 6 9 10 14
771WC49Lbbn049nQQ4,7,distinct,none,distinct,1 3 4 6 8 12 15
771W2668eaOLLKRW88,7,plain,none,mixed,2 2 6 6 7 9 17
771W8ehgA8G4WXIIAQ,7,plain,none,mixed,1 4 6 6 9 9 14
771WINRIY4035PHY4i,7,progressive,none,distinct,1 2 5 6 9 12 14
771WORbb6W15I2ooa9,7,plain,none,mixed,1 2 6 6 6 13 15
771W05b1C4ehwwzCCW,7,progressive,none,progressive,1 3 5 7 9 11 13
771WAAABXC026676AA,7,plain,none,mixed,1 2 6 6 8 13 13
771W9BKOCC888KfqKK,7,progressive,none,distinct,2 4 5 8 9 10 11
771W48FMLSG889p8KA,7,progressive,none,distinct,1 4 6 8 9 10 11
771WBaKM8y0YHMr6gA,7,progressive,none,distinct,1 4 6 7 9 10 12
771W49gAOOYSDCb5GW,7,distinct,none,distinct,1 3 5 6 9 10 15
771WfA88BLG0WYIJb5,7,plain,none,mixed,2 2 3 5 7 13 17
771W1YAAgEKKYZmpX1,7,progressive,none,distinct,1 3 6 7 9 11 12
771WIO4OSTJ44OzX02,7,plain,none,mixed,2 2 4 6 6 10 19
771W8mG4kcGmLjB511,7,plain,none,mixed,1 2 4 5 5 11 21
771WWPiO88A8ua8GHn,7,plain,none,mixed,1 2 4 4 10 11 17
771WACRBCIAGGRWMma,7,progressive,none,distinct,1 2 6 7 9 11 13
771WaE42e0H4cdLjPO,7,plain,none,mixed,2 4 4 4 5 13 17
771W4IQObW0XcIEgAE,7,progressive,none,distinct,1 5 6 7 8 9 13
771W8SCJNO4nnQZC28,7,progressive,none,distinct,2 4 5 7 9 10 12
771WA99fZK1OIH57ZX,7,distinct,none,distinct,1 2 6 7 10 11 12
771WH8aeW28ICiP9Ag,7,distinct,none,distinct,1 2 3 6 8 11 18
771W9MKLL2222aaIYC,7,progressive,none,distinct,1 4 5 6 10 11 12
771WYILSyb14XJRAQ8,7,progressive,none,distinct,2 4 5 8 9 10 11
771W22jKKo1HQH9RO9,7,distinct,none,distinct,1 2 5 6 9 11 15
771WaSHMYo0HsbLPKC,7,progressive,none,distinct,3 4 6 7 8 9 12
771WHgSLv994og4OeW,7,progressive,none,distinct,1 3 7 8 9 10 11
771WBJ9nb8039zMII8,7,progressive,none,distinct,2 3 5 7 9 10 13
771W22WHNM8H9CD9SQ,7,plain,none,mixed,2 4 6 7 7 7 16
771Wb5Bp8G2f5FHH48,7,plain,none,mixed,1 3 5 6 6 11 17
771WIH9TQMg89KB5a0,7,progressive,none,distinct,2 4 5 7 8 11 12
771WLscbQ422kQU3i0,7,plain,none,mixed,4 4 4 7 8 9 13
771WKajAI01AY4OOIB,7,plain,none,mixed,1 1 4 6 7 12 18
771WO89g962kY221EK,7,distinct,none,distinct,1 2 3 5 9 12 17
771WGIWJ764KSGGLge,7,plain,none,mixed,2 2 3 4 7 8 23
771WbZA9PQ22IL8egG,7,plain,none,mixed,2 2 2 9 9 10 15
771W88a4CJ8O8BS657,7,plain,none,mixed,1 1 4 8 9 12 14
771WKCDCbKq25c2KKA,7,progressive,none,distinct,1 4 6 7 8 11 12
771W40AOHi4GJPEiy-,7,plain,none,mixed,1 2 3 4 13 13 13
771W14iOfg49SKBZY4,7,progressive,none,distinct,2 3 4 6 8 12 14
771W2H1aeY2n-EC8gA,7,plain,none,mixed,2 2 3 4 4 16 18
771WHiKIYle0qaMjYX,7,progressive,none,distinct,1 5 6 7 9 10 11
771W3eLjJ1GcQLfrpG,7,progressive,none,distinct,1 4 5 7 9 11 12
771WYIMDK88OuMOAA6,7,progressive,none,distinct,2 3 5 7 8 11 13
771W1R9CL5HYYrXiS8,7,distinct,none,distinct,1 3 6 7 8 10 14
771W12uegEDI8GKMb4,7,plain,none,mixed,3 3 4 5 11 11 12
771W1MNA24aXW8CcqC,7,plain,none,mixed,1 3 4 4 8 10 19
771W03BITAKQQHCFgK,7,plain,none,mixed,2 4 5 5 6 12 15
771W4KAmSXa8EwaJB9,7,plain,none,mixed,1 3 5 8 9 9 14
771W44j7II6euzjGO4,7,progressive,none,distinct,2 4 6 7 8 10 12
771WO9jAAA4KCiH89X,7,plain,none,mixed,1 4 7 8 9 10 10
771WWXMZJr4EL99IOX,7,distinct,none,distinct,1 3 5 6 7 13 14
771WIKKPawP416Ea7A,7,progressive,none,distinct,2 3 4 8 9 11 12
771W2ogUEKgWfM9255,7,progressive,none,distinct,2 4 6 7 8 10 12
771W99kI8aLI94EKK5,7,progressive,none,distinct,1 3 6 7 9 11 12
771W483YQIM844oJIA,7,distinct,none,distinct,1 4 5 6 7 8 18
771Wb9KS9XXa7RfLL0,7,progressive,none,distinct,1 5 6 7 9 10 11
771WF3aXZZG1KLrTAH,7,progressive,none,distinct,1 2 6 8 9 10 13
771WfaeVM102gaSYe7,7,plain,none,mixed,1 1 2 7 9 11 18
771W845mCVc49EfCEL,7,progressive,none,distinct,3 4 6 7 8 9 12
771WIKE54i0PQAHoAE,7,progressive,none,distinct,1 4 6 7 8 11 12
771W222GD99OOKMIAC,7,plain,none,mixed,1 3 6 6 10 11 12
771W8SQoaa28DfXL88,7,progressive,none,distinct,1 2 7 8 9 10 12
771WLMPHLbM032QE_0,7,progressive,none,distinct,2 3 5 6 9 11 13
771W8ajOJG4aSLjCAK,7,distinct,none,distinct,3 4 6 7 8 9 12
771W1WYMnngKifearG,7,plain,none,mixed,3 3 4 7 8 12 12
771WYqIbAAIK8XauCC,7,progressive,none,distinct,1 2 6 7 8 9 16
771WDVkiiS0GIX11fP,7,progressive,none,distinct,2 3 5 6 8 12 13
771WHKaaB454GWchjA,7,plain,none,mixed,2 4 5 6 6 7 19
771W0MC5ZY2HKqiSec,7,progressive,none,distinct,1 3 6 7 9 10 13
771W4LGQi4C24eZquO,7,plain,none,mixed,1 2 4 10 10 11 11
771W4iKKCE1XHLb232,7,distinct,none,distinct,2 3 5 6 7 11 15
771W24aA8Q1H9ADj67,7,plain,none,mixed,1 2 6 9 9 10 12
771WG4KaaZOKPmn756,7,plain,none,mixed,3 4 4 5 6 13 14
771WGH2EBCKII3A6Ia,7,plain,none,mixed,3 3 4 5 6 7 21
771WOOIeORBai1OOIG,7,plain,none,mixed,2 2 5 7 8 9 16
771WAEUafgI18HCi64,7,progressive,none,distinct,2 4 5 8 9 10 11
771WHeaMRSK0eXKAAi,7,progressive,none,distinct,1 3 6 7 9 11 12
771WoWtLO448Gosm8K,7,plain,none,mixed,2 3 3 5 10 13 13
771WAYaiTLb4XaAH14,7,plain,none,mixed,2 2 3 6 6 14 16
771WG8q6684O8mJACC,7,plain,none,mixed,1 2 2 6 9 12 17
771W8Kr7cE9KAYX8DG,7,plain,none,mixed,1 6 6 7 7 9 13
771W2CHGS8OIIJaoIA,7,plain,none,mixed,1 5 6 6 8 9 14
771WU6c3D48IAgDA68,7,distinct,none,distinct,1 3 7 8 9 10 11
771WOe0IKd3HoSC9EC,7,plain,none,mixed,2 2 3 3 9 10 20
771W97hd5524KKyb1W,7,progressive,none,distinct,1 4 5 7 9 10 13
771Wa7anaQ2XJTUgOa,7,progressive,none,distinct,1 4 6 7 8 11 12
771W309FmWWGMK8CeK,7,plain,none,mixed,1 1 1 2 9 16 19
771WeHHMLpfAePuoz0,7,progressive,none,distinct,2 5 6 7 8 10 11
771W4C8afPPCA8iKKG,7,distinct,none,distinct,1 5 6 7 9 10 11
771WYIINJNJ0WBB508,7,progressive,none,distinct,2 3 4 6 10 11 13
771WAB7tHgW5B7L52W,7,progressive,none,distinct,1 2 4 6 11 12 13
771W8HooGx4rYb76HY,7,progressive,none,distinct,2 3 5 6 7 12 14
771WIaiKL3Z9eAIY04,7,distinct,none,distinct,1 3 4 5 8 13 15
771WCC54C9IKKL2mng,7,plain,none,mixed,3 3 4 6 8 11 14
771WALDrc-EeXUqWa0,7,progressive,none,distinct,2 3 5 7 9 11 12
771W0u9AS7JYIbJKUK,7,progressive,none,distinct,2 3 6 7 9 10 12
771WAELzUKaC9O2WM2,7,plain,none,mixed,1 6 7 7 8 8 12
771WYa4USQ8GWfXl88,7,distinct,none,distinct,1 2 3 4 8 11 20
771WYIIsmGG2eSSK88,7,plain,none,mixed,2 4 6 6 7 7 17
771WCKIZCIo9Cc2K6A,7,plain,none,mixed,1 4 7 7 9 10 11
771W1b8iSMofqnZQO8,7,progressive,none,distinct,1 4 6 8 9 10 11
771WaagAAJe89AL5GJ,7,progressive,none,distinct,1 3 7 8 9 10 11
771WACU98K8GGBXwA6,7,plain,none,mixed,1 2 7 7 8 11 13
771W9lQMAY4HYsOb4K,7,plain,none,mixed,2 4 4 7 9 10 13
771W0PusISgK5YedeO,7,progressive,none,distinct,2 3 5 8 9 10 12
771W6BqqMP87J1o4IX,7,plain,none,mixed,2 3 3 4 8 13 16
771W2Dz2I24AICiji4,7,progressive,none,distinct,2 4 6 7 8 10 12
771WISW0I8GiqZIY66,7,plain,none,mixed,2 2 3 4 7 9 22
771WI95QD8466gT7h5,7,progressive,none,distinct,3 4 6 7 8 10 11
771WPRfgN9A0K6aYT8,7,plain,none,mixed,3 4 6 6 8 8 14
771WnfP9A66AQo4640,7,plain,none,mixed,2 3 4 7 10 10 13
771W9AAc7O859BA8Y4,7,progressive,none,distinct,1 3 7 8 9 10 11
771WYXHYp56ISAA8l0,7,plain,none,mixed,1 2 4 9 10 10 13
771WYHaqXHG2yMM6cH,7,plain,none,mixed,1 3 5 6 9 9 16
771Wfc6KPu1H29iCa3,7,plain,none,mixed,1 2 4 5 9 14 14
771WAAArOGW49AC4ie,7,distinct,none,distinct,2 3 4 6 8 10 16
771W77MHnm4LK118O2,7,plain,none,mixed,2 2 3 4 6 6 26
771W3sqYEI15XgiQ9e,7,progressive,none,distinct,1 4 6 7 9 10 12
771WGA93WKK71YQOaq,7,plain,none,mixed,1 2 2 4 6 7 27
771W9569A9H445gQU0,7,plain,none,mixed,1 5 5 7 8 9 14
771W22OYLTH8CHQT54,7,progressive,none,distinct,3 4 5 7 8 10 12
771W9EU98CGGG9fIg6,7,progressive,none,distinct,2 4 6 7 8 9 13
771Wf98eLMQ9bWLGI4,7,plain,none,mixed,2 2 5 5 6 14 15
771WGOjaYK2GAv9NKC,7,progressive,none,distinct,1 5 6 7 9 10 11
771W0f9LNLaePGeca9,7,progressive,none,distinct,1 3 6 7 8 11 13
771WeHZZYaKOXmGIKW,7,plain,none,mixed,1 2 2 5 8 11 20
771WLQTZa-o08Y9ys2,7,progressive,none,distinct,2 3 4 5 10 12 13
771W246EAOK88A5qII,7,distinct,none,distinct,2 3 5 6 9 10 14
771W044cggWeXXcITT,7,plain,none,mixed,2 4 4 6 8 10 15
771WKeeiRLA0a3h474,7,progressive,none,distinct,1 2 4 7 9 12 14
771W688mHPLSGUba40,7,plain,none,mixed,1 1 3 7 9 10 18
771WgqEQPbXOAqAn50,7,progressive,none,distinct,2 5 6 7 8 9 12
771W4AIsQ9c94Ib8ZY,7,progressive,none,distinct,1 3 7 8 9 10 11
771WGL8IDF499riTMX,7,progressive,none,distinct,3 4 6 7 8 10 11
771W0m246uOHoIISII,7,distinct,none,distinct,1 2 3 7 9 13 14
771WOee4CAIXf9CA88,7,plain,none,mixed,2 2 5 6 10 12 12
771We44MAAB4aei854,7,plain,none,mixed,1 2 5 7 11 11 12
771WWRHHJ0K2YbLKoK,7,plain,none,mixed,1 2 2 9 9 10 16
771WPeurifK2XK977e,7,progressive,none,distinct,1 3 6 7 8 11 13
771WHD6IG8C44gu9L5,7,distinct,none,distinct,1 3 6 7 8 11 13
771WeeP96IIaKE644G,7,plain,none,mixed,1 5 6 7 8 8 14
771WGGL1RM6CCDFKIG,7,progressive,none,distinct,3 4 6 7 8 9 12
771WKrp23588e01IAb,7,plain,none,mixed,2 2 4 5 6 6 24
771WID1SCKa89kKeeW,7,plain,none,mixed,1 2 4 6 8 14 14
771W9DO466WKLDTXaK,7,progressive,none,distinct,2 4 6 7 9 10 11
771W82EYYXO499nfBA,7,plain,none,mixed,1 4 4 5 8 13 14
771WMKajP558K2A4ae,7,progressive,none,distinct,2 4 5 8 9 10 11
771W0BiiiR7GIJXoGY,7,progressive,none,distinct,1 2 6 8 9 11 12
771WQAw9OcnGAr30B6,7,distinct,none,distinct,1 3 5 6 7 9 18
771WOqZJYEKWEJoWnr,7,plain,none,mixed,2 3 3 4 6 10 21
771W8JP9PfAXYSmmX8,7,plain,none,mixed,1 5 6 6 6 10 15
771W9AAQca156A63X1,7,progressive,none,distinct,1 2 4 9 10 11 12
771W6IaCl18awA5pLK,7,progressive,none,distinct,1 4 6 7 8 11 12
771WDSQAF84mm83K2a,7,progressive,none,distinct,1 2 5 7 9 10 15
771W2H2COHGKKagks7,7,progressive,none,distinct,1 5 6 7 8 10 12
771WXcEYcM68UTDaW0,7,plain,none,mixed,3 5 5 6 8 9 13
771W8eeHMSOW86DCAE,7,progressive,none,distinct,1 2 3 8 10 12 13
771WMPghKK41LaCeq8,7,progressive,none,distinct,1 5 6 7 8 10 12
771W8OPJr82ACg358I,7,plain,none,mixed,2 3 3 7 9 9 16
771W2261IueAADEMC8,7,distinct,none,distinct,2 3 4 6 9 11 14
771W8v3498WqLbKSCY,7,progressive,none,distinct,1 4 6 7 8 10 13
771W88IY5G5AENNJ74,7,progressive,none,distinct,2 5 6 7 8 9 12
771W4e4469InHHo432,7,plain,none,mixed,1 2 3 6 7 15 15
771W4E9dRa06DBrgqY,7,progressive,none,distinct,1 3 5 8 9 11 12
771W25zBEIY8HAKgaW,7,progressive,none,distinct,2 4 5 8 9 10 11
771WeaLLMA80GAeMLH,7,plain,none,mixed,1 4 6 7 7 10 14
771WXHRDDb22X9JPH2,7,distinct,none,distinct,3 4 5 6 7 10 14
771WmGC9740b5LTCA8,7,plain,none,mixed,1 1 4 8 9 13 13
771W46YaOrqGMKM9XY,7,progressive,none,distinct,2 4 5 6 8 11 13
771W3HUV05bWXLH6w4,7,distinct,none,distinct,1 2 3 4 5 11 23
771W44HA9mgIGRIIV5,7,plain,none,mixed,2 2 8 8 9 9 11
771WGW8KXHP2sTSKKG,7,progressive,none,distinct,1 2 4 9 10 11 12
771W664eOOO9548GGG,7,plain,none,mixed,2 2 3 4 5 14 19
771WGQEBNXW02Kioaf,7,plain,none,mixed,3 3 4 5 6 14 14
771WDbMBrMGDxb95I8,7,progressive,none,distinct,2 3 6 8 9 10 11
771W3cMIKuWWI9Acc6,7,progressive,none,distinct,1 3 7 8 9 10 11
771W899WuOK2CCfeeO,7,plain,none,mixed,1 4 5 5 6 11 17
771W99P5YaeHMEFAC0,7,progressive,none,distinct,1 5 6 7 8 9 13
771WKAAMLv8onSce41,7,progressive,none,distinct,2 5 6 7 8 10 11
771WKYY8a112iCCkcc,7,plain,none,mixed,2 3 3 8 8 10 15
771WCHcA722CKaCoqY,7,plain,none,mixed,3 4 5 6 6 11 14
771WGmuqhh2X2MD145,7,plain,none,mixed,2 3 4 5 7 7 21
771WmeKKACCGGaL622,7,distinct,none,distinct,1 2 3 6 7 13 17
771WLTlR9W05UY2Q62,7,progressive,none,distinct,1 5 6 7 8 9 13
771W44CqNI9A6BI252,7,plain,none,mixed,3 4 5 5 6 12 14
771W89GnGaa69RB88q,7,distinct,none,distinct,1 2 3 6 9 13 15
771WCIEEkYI47sGY44,7,progressive,none,distinct,2 4 6 7 9 10 11
771WYcLbfW8ONFCWG2,7,plain,none,mixed,2 2 5 6 7 9 18
771W0KDU2QAMMjo68G,7,progressive,none,distinct,1 4 5 7 8 9 15
771WW89Ke4AYcgDABJ,7,progressive,none,distinct,1 2 4 5 9 13 15
771WCJ3kQ95IUefa2e,7,progressive,none,distinct,1 2 5 8 10 11 12
771W9K66840HHXdgsM,7,plain,none,mixed,3 4 5 5 5 10 17
771WGOoQ9Ie4TYPPMI,7,progressive,none,distinct,1 5 6 7 9 10 11
771W88CcG444CAALTT,7,plain,none,mixed,2 3 4 9 10 10 11
771W9IyGW3dCJtFMc4,7,progressive,none,distinct,2 3 6 7 8 11 12
771WuvwgA44488IIGW,7,plain,none,mixed,3 3 4 6 7 13 13
771W0f6bT80ZVPiwwY,7,progressive,none,distinct,1 4 5 7 9 11 12
771WAnKCo2YbIi8KmG,7,progressive,none,distinct,1 3 4 7 8 12 14
771Wbcbjhda088A5m3,7,progressive,none,distinct,1 4 6 7 9 10 12
771WG8C5YHI53YAMNO,7,distinct,none,distinct,2 3 5 6 7 10 16
771W4BxfLAG4KBqIfJ,7,progressive,none,distinct,2 3 6 7 9 10 12
771WYaceC116IIUgIG,7,progressive,none,distinct,1 4 6 7 8 11 12
771W66gC4AH8GHMEba,7,plain,none,mixed,2 5 6 6 7 9 14
771W0qcYE75YMca9KM,7,progressive,none,distinct,2 4 5 6 9 11 12
771Wca494GGO8AEAgc,7,plain,none,mixed,2 2 6 8 10 10 11
771W624CIAA446A-88,7,plain,none,mixed,1 4 4 7 8 9 16
771WAoJL9baqMY680H,7,plain,none,mixed,1 4 4 4 6 15 15
771WW89DL482YaDAAK,7,distinct,none,distinct,1 2 4 8 9 12 13
771W446cW2K9FEEJ66,7,progressive,none,distinct,2 3 5 8 9 10 12
771W8KYZrBA2KYWM69,7,plain,none,mixed,2 3 3 7 8 10 16
771WLDGWP2CeiIbLM2,7,distinct,none,distinct,1 2 4 5 7 14 16
771W2MKK480bbfgIYY,7,plain,none,mixed,2 4 6 6 9 11 11
771W8eahQa47WcU4A6,7,plain,none,mixed,1 1 3 6 8 14 16
771W2ILmP99kYIKCS8,7,progressive,none,distinct,1 5 6 7 9 10 11
771W8gP9L56Ka-24rW,7,progressive,none,distinct,1 4 5 7 8 10 14
771W4cPvpgAq9JKaG2,7,progressive,none,distinct,1 4 5 8 9 10 12
771W9HX7F9A4SiiYfG,7,progressive,none,distinct,2 3 6 8 9 10 11
771WKDJKKL111nHQQW,7,progressive,none,distinct,1 3 5 8 9 10 13
771WXD41HIQ4aWHfgK,7,plain,none,mixed,2 2 5 6 6 6 22
771WWC9MoW05YeuKQI,7,distinct,none,distinct,1 2 4 5 9 10 18
771W095cNBBeaYoei1,7,progressive,none,distinct,1 3 5 6 9 12 13
771W8989B3C666baXP,7,plain,none,mixed,1 3 3 5 12 12 13
771W47dAJ88G8EAIYi,7,progressive,none,distinct,2 4 5 6 9 11 12
771W2XaoA7Kb9CAQn2,7,plain,none,mixed,2 3 5 5 10 11 13
771WeiQLB9XYJ7iKA0,7,progressive,none,distinct,1 4 6 7 8 10 13
771W22-48eHI9HCKCD,7,plain,none,mixed,1 3 4 6 11 12 12
771W6659LLACC9CXHG,7,progressive,none,distinct,1 4 6 7 9 10 12
771W9KUOG0AIIanfmG,7,plain,none,mixed,2 3 4 5 5 6 24
771WYHPiYKL2gG4EeH,7,plain,none,mixed,1 3 4 7 11 11 12
771W8Asi9G2K8R5TaY,7,progressive,none,distinct,1 2 7 8 9 10 12
771W45rfgO4GQ19Wco,7,plain,none,mixed,1 1 3 4 9 15 16
771WfTRjUII0i3Bva0,7,progressive,none,distinct,2 3 6 7 9 10 12
771W25r3DACCKCCdf3,7,progressive,none,distinct,3 4 5 6 9 10 12
771WMLrxzSS0I82EY0,7,progressive,none,distinct,2 3 4 8 9 11 12
771WG9LDIXXIIyqaY4,7,progressive,none,distinct,2 3 5 7 8 11 13
771W6cQiqrq8vamA21,7,progressive,none,distinct,1 4 5 7 8 11 13
771WJZ9wCS6PbAHL80,7,progressive,none,progressive,1 3 5 7 9 11 13
771W858KJa6239vcZL,7,plain,none,mixed,2 5 5 5 8 10 14
771W8BBaaiM899IOX9,7,progressive,none,distinct,2 3 5 8 9 10 12
771W8CqIJpJ9IGW8C8,7,plain,none,mixed,3 3 5 6 7 10 15
771WW9EH9A88eiP9QY,7,progressive,none,distinct,1 5 6 7 9 10 11
771WLGaAMX2BQSKgZ0,7,plain,none,mixed,1 2 5 5 6 12 18
771WG92CYZ525bPTMa,7,progressive,none,distinct,3 4 5 6 8 9 14
771WiW237amAQRxS28,7,progressive,none,distinct,1 2 4 7 9 11 15
771W84O4221CCSyC99,7,plain,none,mixed,1 1 4 7 9 11 16
771WGMJPLo821KPlMC,7,progressive,none,distinct,1 2 5 7 10 11 13
771WGkEiO21eKoAkLK,7,progressive,none,distinct,2 4 5 7 8 9 14
771WXn0bjC82wQTOO2,7,progressive,none,distinct,1 2 5 6 9 11 15
771W0gHKO9eZIKbfPA,7,progressive,none,distinct,1 5 6 7 8 10 12
771W2YCKa66aMQAH22,7,progressive,none,distinct,1 4 5 6 9 10 14
771WefCaag4K99JIHX,7,progressive,none,distinct,2 5 6 7 8 9 12
771WayyaOS2A6f6XWW,7,plain,none,mixed,2 3 3 3 8 12 18
771W21PIPcgIIALMw4,7,progressive,none,distinct,2 3 5 6 7 12 14
771W8ZXKXaC8jbak-8,7,progressive,none,distinct,1 5 6 7 9 10 11
771W0maK6dWKkQQLHI,7,progressive,none,distinct,2 3 4 8 9 10 13
771W8GSaAEE48mCUOO,7,progressive,none,distinct,2 3 4 8 9 10 13
771W8ehHI22g2CKKU2,7,progressive,none,distinct,1 2 4 6 11 12 13
771W4ARKa3G24HfhQ9,7,plain,none,mixed,1 4 6 6 7 12 13
771WDCInvGG28KIIAe,7,plain,none,mixed,1 2 6 7 10 10 13
771W81oIKYYIAIoqcM,7,plain,none,mixed,2 4 5 5 8 11 14
771W344s9Ic4975ec2,7,distinct,none,distinct,1 3 4 7 8 10 16
771WAEME3h0DEMfL14,7,progressive,none,distinct,2 3 6 8 9 10 11
771WLLZO8e0Yv5AQAA,7,progressive,none,distinct,2 3 5 8 9 10 12
771WIigikb52ZZ1-20,7,progressive,none,distinct,1 4 5 6 8 11 14
771W0k20smGnacMaQQ,7,plain,none,mixed,1 2 2 4 10 11 19
771W1e8PjOKIcedYY8,7,progressive,none,distinct,1 4 6 7 8 9 14
771W2CY_54G6MRlq82,7,progressive,none,distinct,1 5 6 7 9 10 11
771W44Ge5SKKSUH662,7,plain,none,mixed,2 2 3 3 6 8 25
771WK2qa5L5K8ppm04,7,plain,none,mixed,2 2 2 3 8 15 17
771WGZ8MKJY0nOOQrM,7,progressive,none,distinct,1 3 5 6 10 11 13
771W8Gm89NOuWg3125,7,plain,none,mixed,1 2 3 3 5 13 22
771W474Ob44CA6EoIa,7,progressive,none,distinct,1 4 5 7 9 10 13
771W88Aohka84CJH24,7,distinct,none,distinct,1 4 6 7 8 10 13
771WA66f8O8D9Ae884,7,plain,none,mixed,1 4 4 7 7 11 15
771WG4TpKHY8DrjB6H,7,progressive,none,distinct,1 4 6 8 9 10 11
771WoUI9H10Y2UgQA1,7,progressive,none,distinct,1 4 5 7 9 10 13
771W4AAShkm449cBaY,7,distinct,none,distinct,1 3 6 8 9 10 12
771W48tKLNM8GGm8ID,7,plain,none,mixed,2 3 8 8 9 9 10
771WCiKmMG8eKJICAA,7,progressive,none,distinct,2 4 5 8 9 10 11
771WBxxLLMD0eX883W,7,progressive,none,distinct,1 2 6 7 9 10 14
771W86SPQe0HJ1ogyq,7,progressive,none,distinct,2 4 5 6 7 12 13
771W4iqAd40gEUc935,7,progressive,none,distinct,2 3 4 7 10 11 12
771WSaCIO42QgCo944,7,progressive,none,distinct,1 3 4 7 10 11 13
771WGNmr99I4ObaOfO,7,progressive,none,distinct,1 5 6 7 9 10 11
771WeYfQniCC1FmoUG,7,distinct,none,distinct,1 3 5 6 10 11 13
771W8ftog88Y0KYwia,7,plain,none,mixed,1 4 4 4 10 11 15
771W8KHniC8egMo55H,7,plain,none,mixed,3 4 5 5 8 8 16
771W9HP4CEA88mDA8G,7,plain,none,mixed,2 2 3 7 10 11 14
771W8Y92CA3ZJJikOH,7,progressive,none,distinct,1 3 6 8 9 10 12
771WHUf9BNGOGIYHq1,7,progressive,none,distinct,1 4 6 7 9 10 12
771W8Gmfo59AIk3268,7,plain,none,mixed,2 4 5 5 6 7 20
771W4Je8CAA8GmsIYI,7,plain,none,mixed,1 4 4 7 7 12 14
771W0YACKISKaarw99,7,distinct,none,distinct,1 3 6 8 9 10 12
771WGOauD22GSaQKNH,7,distinct,none,distinct,1 2 4 5 9 11 17
771Wae887g6XIId442,7,plain,none,mixed,1 4 5 5 6 12 16
771W84A9iKK712oKC8,7,distinct,none,distinct,1 2 4 6 9 10 17
771WewSQP55Ka2AOaW,7,plain,none,mixed,2 5 6 7 9 10 10
771WXXRgT882UG26U4,7,distinct,none,distinct,1 2 5 7 9 10 15
771WOJe5Hem4UlSOeI,7,progressive,none,distinct,1 3 4 7 9 10 15
771W64KdWG8AAHGCae,7,plain,none,mixed,1 2 2 5 8 10 21
771WHKMr5XWKR77fvG,7,progressive,none,distinct,3 4 5 7 9 10 11
771W4aII90mevigQ62,7,plain,none,mixed,1 3 4 6 6 11 18
771WXSIICG82YdIqaa,7,progressive,none,distinct,1 5 6 7 8 10 12
771WeYZWKF80CEifoh,7,progressive,none,distinct,1 3 4 8 10 11 12
771W5AiWa1eobbCwAf,7,plain,none,mixed,1 2 3 7 7 14 15
771WII8nOO4aePDCSO,7,plain,none,mixed,2 4 6 6 9 10 12
771WXXiAA6EKCCJOG0,7,progressive,none,distinct,1 2 4 7 10 12 13
771WGaYj4DW7ccfP96,7,progressive,none,distinct,1 5 6 7 9 10 11
771WIYQBDHO0mBQS81,7,distinct,none,distinct,1 2 3 8 9 11 15
771W85ZJ9O8JB5aqa2,7,progressive,none,distinct,2 3 4 7 8 11 14
771WmeGl665O4y8985,7,plain,none,mixed,1 2 3 7 7 14 15
771W44OPadfHK4L568,7,progressive,none,distinct,1 4 6 7 8 10 13
771WWCCfZhh0ggaCA4,7,progressive,none,distinct,2 3 4 6 10 11 13
771W19OG8kYYY-PQO8,7,distinct,none,distinct,1 2 6 7 9 10 14
771WJRLbeGG8AYK4K8,7,plain,none,mixed,2 3 6 6 8 9 15
771WAUZ3CK2nfQSj4G,7,progressive,none,distinct,3 4 6 7 8 10 11
771WXAAIPjb2ZjA8a0,7,plain,none,mixed,2 3 4 9 10 10 11
771WeeO844AaKC5544,7,distinct,none,distinct,1 2 5 6 8 11 16
771W0I2U982KKyvraY,7,progressive,none,distinct,1 3 7 8 9 10 11
771W35PPJEs45JMa20,7,progressive,none,distinct,1 3 6 7 9 10 13
771WQgCeLo4MfCCJ06,7,plain,none,mixed,1 3 5 5 7 10 18
771W22KYC3I7BIKUYX,7,plain,none,mixed,2 2 3 9 9 11 13
771WCSaC5I1DLsA652,7,progressive,none,distinct,1 5 6 7 8 9 13
771WGH6bAMo85MM9Ke,7,plain,none,mixed,1 5 7 7 8 10 11
771W4OcciaI8JYsH44,7,progressive,none,distinct,1 5 6 7 9 10 11
771W86BX20C6AAxgqa,7,plain,none,mixed,1 3 4 4 11 11 15
771W0KfgY94mYobLRB,7,progressive,none,distinct,1 3 4 7 10 11 13
771WKSSPNX1566oCA0,7,progressive,none,distinct,1 3 5 7 8 12 13
771WeObPEK21v7T74G,7,progressive,none,progressive,1 3 5 7 9 11 13
771WKaKCa10EwA6AA9,7,progressive,none,distinct,1 5 6 7 8 9 13
771W9CYH5328OKasyH,7,plain,none,mixed,3 4 5 5 7 9 16
771W0CcweogGMPgIKK,7,plain,none,mixed,3 4 5 5 8 11 13
771WMKWhi222QA2Muq,7,plain,none,mixed,2 4 4 7 8 10 14
771W1He8BBAemGIIK5,7,plain,none,mixed,2 3 4 4 10 12 14
771WGGaILMLG8KKDBC,7,progressive,none,distinct,2 4 5 6 9 10 13
771W8AdbASGK03rYim,7,distinct,none,distinct,1 2 3 4 8 12 19
771WLCCiu404Ai6nnH,7,plain,none,mixed,2 3 4 5 9 13 13
771WIGQAKC4CCMHKee,7,progressive,none,distinct,2 4 6 7 9 10 11
771WKeacirw0W3q59A,7,progressive,none,distinct,1 3 5 7 8 11 14
771W8WL4oHHoqiCKI8,7,progressive,none,progressive,1 3 5 7 9 11 13
771WKIBfB9C84K2ZDH,7,progressive,none,distinct,3 4 5 6 9 10 12
771W4iW2S22gIKo699,7,plain,none,mixed,1 2 2 6 7 11 20
771W88LagP68APDLI9,7,plain,none,mixed,1 6 7 8 8 8 11
771WIh71XHHcImG8GW,7,plain,none,mixed,1 3 4 4 6 6 25
771W2YaqcAL2afho54,7,progressive,none,distinct,2 4 5 8 9 10 11
771WKZnB6HG8eQUuMX,7,plain,none,mixed,4 4 5 6 7 11 12
771WKAJJrA424o3d2I,7,progressive,none,distinct,2 3 5 8 9 10 12
771WYifBDGP08ArdBG,7,plain,none,mixed,1 3 3 8 10 11 13
771W6eKF48eZIAs4ea,7,plain,none,mixed,1 2 5 9 10 10 12
771WmxOueS4O69caKa,7,progressive,none,distinct,2 4 5 8 9 10 11
771WA5gQjmmGC2oqaI,7,progressive,none,distinct,2 3 5 6 7 12 14
771WAI24amGKHY2CSS,7,plain,none,mixed,2 3 4 4 5 13 18
771W84EdkEm4BBqH84,7,progressive,none,distinct,1 4 5 6 10 11 12
771WHPOJY4524e8B5O,7,plain,none,mixed,2 2 2 7 9 12 15
771W9AaKKaYMSIIHW0,7,distinct,none,distinct,2 3 5 6 7 9 17
771W8uRC22aGXf5CPH,7,distinct,none,distinct,1 2 3 4 8 11 20
771W3YMPMM4XHGS9i4,7,progressive,none,distinct,1 5 6 7 9 10 11
771WCKKTU24IIYA9C4,7,plain,none,mixed,2 5 6 7 7 10 12
771W66QKPOmHGDKC42,7,plain,none,mixed,1 2 6 9 9 10 12
771WPAIaKGWajQACa4,7,plain,none,mixed,2 5 5 7 8 8 14
771WKqsPJBJOWBCK80,7,progressive,none,distinct,1 3 6 7 9 11 12
771W4ioDjPe8dzeIA1,7,progressive,none,distinct,2 3 6 8 9 10 11
771WXYcEAA6AAADGW0,7,plain,none,mixed,1 3 6 7 7 12 13
771WMXY86A84iCFfqK,7,progressive,none,distinct,1 3 7 8 9 10 11
771W88b8EAGG89RDEM,7,progressive,none,distinct,2 3 6 7 9 10 12
771WGAJPLPM22sDAZm,7,plain,none,mixed,3 4 6 6 8 11 11
771WSIgSiYaGCKYhGG,7,progressive,none,distinct,1 5 6 7 8 9 13
771WBBbX5C9GSSEJ3W,7,progressive,none,distinct,1 4 6 7 8 11 12
771WgaMeeE24Q2fw88,7,progressive,none,distinct,1 2 5 7 10 11 13
771WggiB6GG8GIEM84,7,plain,none,mixed,1 3 4 5 10 13 13
771W8cb32mGg12YAuq,7,plain,none,mixed,2 2 2 3 7 13 20
771WKeeMNE22g2fA26,7,progressive,none,distinct,1 2 4 8 9 11 14
771W873N8Ga987bua4,7,plain,none,mixed,1 1 3 7 10 13 14
771WAr5ADj3HYIv5ea,7,progressive,none,distinct,2 3 6 7 9 10 12
771W99EipAK935IFI4,7,progressive,none,distinct,2 4 6 7 8 10 12
771WKOOJL54222gD99,7,plain,none,mixed,3 3 5 8 9 10 11
771W2oXIaKOagKLKue,7,progressive,none,distinct,2 3 5 8 9 10 12
771W0mD9D8MuePALK2,7,plain,none,mixed,1 1 4 6 10 11 16
771WIIOMI2222CSKOO,7,progressive,none,distinct,2 4 5 7 8 10 13
771W5C3KKC944Auvn8,7,plain,none,mixed,1 2 5 8 8 11 14
771W1XgfaL4WIHD9PM,7,progressive,none,distinct,2 3 4 8 9 10 13
771WKIug1nGM5EQw61,7,plain,none,mixed,2 3 6 7 9 9 13
771W44akLRQG44AA43,7,progressive,none,distinct,1 4 5 6 8 12 13
771Wa9e2nHGKgiiiaH,7,progressive,none,distinct,3 4 5 6 7 11 13
771W4qCo54WbPrjC42,7,progressive,none,distinct,1 3 5 8 9 11 12
771W472O322OOKSicK,7,plain,none,mixed,1 4 5 7 7 8 17
771WaoHewGGI8kaaIA,7,distinct,none,distinct,1 2 6 7 8 12 13
771W8Ka89QWBInw217,7,plain,none,mixed,1 1 2 6 10 10 19
771W03uU1OGDLJMQcK,7,progressive,none,distinct,1 2 3 8 10 11 14
771WaaKXcQ2eQ9ACC4,7,progressive,none,distinct,1 3 6 8 9 10 12
771WGA4439A88eQMbb,7,plain,none,mixed,2 2 6 7 8 9 15
771WJD9e24848ebsIA,7,plain,none,mixed,3 3 3 7 9 10 14
771WGRLLW2224qKOg6,7,plain,none,mixed,1 3 4 4 9 10 18
771WaaNL9PP2ID8CK0,7,progressive,none,distinct,1 3 4 8 10 11 12
771W99KK7TG88MLIKX,7,progressive,none,distinct,1 4 6 8 9 10 11
771WDB34CEI554HwG8,7,plain,none,mixed,2 3 3 3 10 11 17
771W201AoOeCBD66em,7,plain,none,mixed,2 2 4 4 4 13 20
771W85O89YYGIAqqsa,7,progressive,none,distinct,2 4 5 8 9 10 11
771WD1IMMYAOR3Y8H1,7,plain,none,mixed,1 2 2 8 8 10 18
771W1vjff882mGphh1,7,progressive,none,distinct,1 4 5 7 9 11 12
771W9M956e2QPfRZKe,7,progressive,none,distinct,1 5 6 7 9 10 11
771WC8CX1LY49AAvvq,7,plain,none,mixed,3 4 4 6 6 10 16
771WaYiqqG8WITKo22,7,progressive,none,distinct,1 3 4 7 9 11 14
771WWF9LDB8iCCeIXY,7,plain,none,mixed,1 2 4 9 10 10 13
771W0HVCKIkabinoeG,7,progressive,none,distinct,1 5 6 7 8 10 12
771W84K82iCMNFeIKK,7,distinct,none,distinct,2 4 5 7 8 9 14
771WKaPjlo21vJBLI0,7,progressive,none,distinct,2 4 5 6 8 11 13
771WHKYkHXHM3KSeqG,7,distinct,none,distinct,1 2 3 6 7 14 16
771W1K4OffQGLekcd1,7,progressive,none,distinct,2 3 5 6 8 12 13
771W0aaZLfALcacC98,7,progressive,none,distinct,2 3 5 7 8 10 14
771WG8FSL4688cIIBL,7,progressive,none,distinct,2 4 5 7 9 10 12
771W448OMKJGGQM345,7,distinct,none,distinct,1 3 5 6 8 11 15
771Wffdai41244I9P8,7,progressive,none,distinct,1 3 5 7 10 11 12
771WeuaRIICGObO948,7,progressive,none,distinct,2 3 5 8 9 10 12
771WOIJHSZ412AilK7,7,plain,none,mixed,1 6 7 7 8 9 11
771W6MA6wWGOTg-2YY,7,progressive,none,distinct,2 5 6 7 8 9 12
771WWOHNSgg1YaKQK8,7,plain,none,mixed,1 5 5 8 9 10 11
771W0m4BAIIaqMO859,7,distinct,none,distinct,1 2 5 7 8 10 16
771WAHnHMKM8Ga42b5,7,plain,none,mixed,2 5 6 6 6 9 15
771WQQMoiyW0E5HC44,7,progressive,none,distinct,1 3 5 8 9 10 13
771WIKNSTz02159n9K,7,progressive,none,distinct,2 3 6 8 9 10 11
771WaaBJX102KOOOK9,7,plain,none,mixed,2 2 3 6 7 8 21
771W18Pfcc8ABJdXaG,7,progressive,none,distinct,2 3 4 6 10 11 13
771WIIICJfg12CAE34,7,progressive,none,distinct,1 4 5 8 9 10 12
771WaaSC225OOG4545,7,plain,none,mixed,1 2 2 6 8 12 18
771WOAAga4228eqr44,7,plain,none,mixed,1 2 4 8 10 10 14
771WG86Awaa26aQAGG,7,distinct,none,distinct,1 2 4 7 10 12 13
771WWXeKsE32SIPIKb,7,progressive,none,distinct,1 5 6 7 9 10 11
771W1YcJ2IQYADCKa8,7,plain,none,mixed,1 4 4 6 7 13 14
771WKPKLg80351sMIk,7,progressive,none,distinct,1 2 6 8 9 11 12
771W14W6D5HIQRTbfC,7,distinct,none,distinct,3 4 6 7 8 10 11
771WGLru9Ca8L5AYYC,7,progressive,none,distinct,2 4 5 7 8 11 12
771W0RB4FB8KKqB1i3,7,plain,none,mixed,1 1 2 6 8 9 22
771WOOOYBFL8C5AA14,7,plain,none,mixed,3 3 3 6 9 9 16
771WSIJZZPP0A8gg8G,7,progressive,none,distinct,1 5 6 7 8 10 12
771WIAimwvqG4gDK21,7,plain,none,mixed,3 3 5 6 8 8 16
771WGAAkILH8CfDAWY,7,plain,none,mixed,1 2 7 8 8 9 14
771WIaYCQIIeW4A-88,7,plain,none,mixed,2 2 3 7 7 9 19
771WLCCAEI811Z3D8e,7,distinct,none,distinct,1 3 4 7 8 10 16
771WnA8A544e8eSQc4,7,plain,none,mixed,1 4 6 7 7 9 15
771WWjDvA48OKOdCAc,7,plain,none,mixed,2 3 4 7 9 12 12
771W62wYE64IEMCeHH,7,progressive,none,distinct,1 4 5 8 9 10 12
771W4SSgbMO4AWbB71,7,progressive,none,distinct,1 4 5 6 9 10 14
771WGAEpXOSAAaFMYe,7,progressive,none,distinct,1 2 4 8 9 12 13
771W442KCjBB844vWY,7,distinct,none,distinct,1 2 3 4 10 14 15
771WOIYeH4a3M6ggAC,7,plain,none,mixed,1 7 7 8 8 8 10
771WABJhS-82DO25o6,7,progressive,none,distinct,1 5 6 7 8 10 12
771W8GKKCD599b4III,7,progressive,none,distinct,2 4 6 7 8 9 13
771WGGmAI8IAID66BB,7,progressive,none,distinct,2 4 5 6 7 8 17
771WA99I65544CaagG,7,progressive,none,distinct,2 3 5 7 9 11 12
771WAf4ai21iIIK2XH,7,plain,none,mixed,1 1 3 5 10 13 16
771W0CgfLKGIMKaHPJ,7,plain,none,mixed,4 4 4 4 9 11 13
771WK-osB326c2qe41,7,distinct,none,distinct,1 3 4 5 11 12 13
771WCiPKPvXWI5Cqqe,7,progressive,none,distinct,2 3 4 8 9 11 12
771WSPeYEY0LM6AiXH,7,plain,none,mixed,2 4 4 4 9 12 14
771W417KgLKCE60sg9,7,plain,none,mixed,2 2 5 5 5 7 23
771WskkiI9144c5D30,7,progressive,none,distinct,3 4 5 6 7 11 13
771W8edKAIM0ecIFKC,7,distinct,none,distinct,1 4 5 6 9 10 14
771W5nnc2KDcEbaA81,7,progressive,none,distinct,1 3 5 6 9 12 13
771WWhZaiaH0lkQPX8,7,progressive,none,distinct,2 4 6 7 8 10 12
771WGslJHMG1fMEbI6,7,progressive,none,distinct,1 2 7 8 9 10 12
771WXYoioIJ0IC8Cb4,7,progressive,none,distinct,1 4 5 8 9 10 12
771W44SEBY2HIQ448E,7,plain,none,mixed,1 1 7 9 10 10 11
771W214MEO4PPNJIu8,7,plain,none,mixed,1 4 7 7 8 11 11
771W0Sm4r69KAqLkle,7,progressive,none,distinct,1 2 4 7 10 11 14
771WaCSIA84KqajC22,7,progressive,none,distinct,2 3 4 8 9 10 13
771Wc764IAYW176AaK,7,plain,none,mixed,1 3 3 6 6 9 21
771WIuufe204YQgg95,7,progressive,none,distinct,1 4 5 6 9 11 13
771W954pIC848AfQOK,7,progressive,none,distinct,2 4 5 7 9 10 12
771W22oCajpCG9E902,7,distinct,none,distinct,1 2 3 4 10 14 15
771WiiSOLdN4N048AC,7,progressive,none,distinct,2 3 5 6 9 11 13
771WAgeD0CK8ef6AQM,7,plain,none,mixed,3 4 4 5 6 10 17
771W2ocJHGGeeKKS82,7,plain,none,mixed,1 2 7 8 8 8 15
771W8eC99AamHH8PQK,7,progressive,none,distinct,1 4 5 6 9 11 13
771WABBsCB384C97AW,7,progressive,none,distinct,2 4 5 7 9 10 12
771WKXYYniI8b21ZsK,7,plain,none,mixed,4 4 4 5 6 6 20
771W8Gm9PP6AIj5458,7,plain,none,mixed,2 5 6 6 6 7 17
771W4g98AB7KaaXWKE,7,distinct,none,distinct,2 4 5 6 8 10 14
771W211YWeY86677gg,7,plain,none,mixed,2 2 4 6 6 8 21
771WgaKGGI41HPv1YY,7,plain,none,mixed,2 2 4 5 5 10 21
771W04SLrK9KIH9YYf,7,progressive,none,distinct,1 5 6 7 8 10 12
771WYKRCFHH8eI2wqe,7,progressive,none,distinct,2 4 5 8 9 10 11
771W8a8I9E5WGSxAF8,7,plain,none,mixed,1 3 6 6 6 11 16
771W0eXkOGHYcYSKO9,7,plain,none,mixed,1 1 4 5 11 12 15
771W2YKaJ4oaTIIN24,7,progressive,none,distinct,1 4 6 8 9 10 11
771WIQ88OO433MXWGG,7,plain,none,mixed,1 2 4 4 5 12 21
771WISVNcMe07OXXKG,7,progressive,none,distinct,1 2 4 9 10 11 12
771W8JubW10IAwQMcP,7,progressive,none,distinct,1 3 6 7 8 11 13
771W8A14uaILJKcfO8,7,plain,none,mixed,2 2 6 7 7 12 13
771W889csYYGQUE88G,7,progressive,none,distinct,2 4 6 7 9 10 11
771W0i2a89CaOOiTLN,7,plain,none,mixed,1 3 5 8 8 12 12
771W11XPi44KE2ADDX,7,plain,none,mixed,1 3 3 4 9 9 20
771W481KeemQUJqOO8,7,plain,none,mixed,2 3 3 7 8 10 16
771W94b-AHHG4AcYgH,7,progressive,none,distinct,1 3 6 8 9 10 12
771W1HJbjDEgW8C9G1,7,distinct,none,distinct,1 2 3 6 9 13 15
771W4HUHff2XaCHfvm,7,progressive,none,distinct,1 3 7 8 9 10 11
771W8CS6cKGKI9fYee,7,progressive,none,distinct,2 4 5 7 8 11 12
771WPyqonnb4W5Lia0,7,progressive,none,distinct,3 4 5 7 8 10 12
771WrJIIwI92a52Y1G,7,progressive,none,distinct,1 2 6 7 8 12 13
771WZBA8BAm1WXffK2,7,plain,none,mixed,1 2 4 4 8 13 17
771WGHqY9v8LA9CSKX,7,progressive,none,distinct,2 4 5 8 9 10 11
771WbngQRC219pZ3I4,7,progressive,none,distinct,1 5 6 7 8 10 12
771W25ci8KaMBA6WOe,7,plain,none,mixed,2 3 3 5 5 13 18
771W0pHoeSSeQacaOW,7,progressive,none,distinct,2 3 5 6 9 10 14
771W5ASCacOOTCXJY2,7,progressive,none,distinct,1 2 6 7 8 12 13
771WWeYc99E0aaLOLI,7,progressive,none,distinct,1 3 5 8 9 10 13
771W9112qHIcaa46B8,7,plain,none,mixed,1 3 3 5 8 9 20
771W17HYwqM8DIKdO0,7,progressive,none,distinct,1 2 5 6 10 12 13
771WLiYZ8KK4mIaMAc,7,progressive,none,distinct,1 4 5 6 8 9 16
771W0Y8oM2COagprSS,7,progressive,none,distinct,1 2 7 8 9 10 12
771WG84AkD3aYYTD20,7,plain,none,mixed,2 2 2 4 9 12 18
771W9949Ec4HIIS9CK,7,progressive,none,distinct,2 5 6 7 8 10 11
771WXXJJC4g2J745K8,7,plain,none,mixed,2 2 3 8 9 9 16
771W0aY65KSEcabOKI,7,distinct,none,distinct,1 4 5 7 9 11 12
771W8OQIcA8Yai62HH,7,progressive,none,distinct,2 3 6 7 8 9 14
771W55oLD9CG8KIBJe,7,progressive,none,distinct,1 4 6 7 9 10 12
771W0eeBPa69YaUTOI,7,progressive,none,distinct,1 2 6 8 9 10 13
771WAITeeY194iQIH8,7,progressive,none,distinct,1 3 5 6 9 12 13
771W0fPgaaSYT5aaeW,7,progressive,none,distinct,1 3 5 7 8 12 13
771WK88agg6fa4j444,7,distinct,none,distinct,2 3 5 6 8 11 14
771WALTTHP411oLWW5,7,plain,none,mixed,2 2 4 5 5 13 18
771WGI97vva41rjaO1,7,plain,none,mixed,2 3 3 7 10 11 13
771W55AU-M662BH8G0,7,progressive,none,distinct,1 2 4 6 10 12 14
771WHQpJI8G8GJYYKe,7,progressive,none,distinct,1 2 5 8 10 11 12
771WI8sXnI0HFvfnA4,7,progressive,none,distinct,1 3 5 6 10 11 13
771WiSSO8f05cIH99A,7,progressive,none,distinct,2 3 6 7 9 10 12
771W4IKCI54YYSKt31,7,plain,none,mixed,2 3 3 7 9 11 14
771W0mpscdeWW459HB,7,plain,none,mixed,1 3 4 6 6 11 18
771W6id5b96CYYJ8nm,7,progressive,none,distinct,2 5 6 7 8 9 12
771W2KKQpeH15cff36,7,distinct,none,distinct,1 2 5 7 10 11 13
771WoyON6224K8eoOK,7,plain,none,mixed,2 5 5 6 7 8 16
771WIWX2MK48ejjk8G,7,plain,none,mixed,1 3 4 4 11 13 13
771W8PLMIHH44iS82e,7,plain,none,mixed,2 2 3 6 9 12 15
771WWAMkYgHOvfM6XW,7,progressive,none,distinct,2 5 6 7 8 10 11
771WH2wgqoHmfMAEX0,7,progressive,none,distinct,2 4 5 6 7 12 13
771W9B8ek8G823caII,7,distinct,none,distinct,1 2 4 7 10 12 13
771WY5VPMH19fmqAsW,7,plain,none,mixed,2 6 6 7 7 7 14
771W9bFCi42IaaoP80,7,progressive,none,distinct,1 3 4 6 10 11 14
771W24Q93ZHIH8KqD4,7,plain,none,mixed,2 3 3 5 8 10 18
771W8GHZ21H48fffhq,7,plain,none,mixed,2 4 4 5 8 9 17
771W4qIg5a0nkkcH53,7,progressive,none,distinct,1 2 4 9 10 11 12
771W4K8KIAbWXROLJI,7,plain,none,mixed,2 3 6 6 9 10 13
771WHHSaIUI4CJ9MG0,7,progressive,none,distinct,1 4 6 7 8 9 14
771WWJea4O0A-zdfPf,7,progressive,none,distinct,2 4 6 7 9 10 11
771W4MA9AXYWYIIYFC,7,distinct,none,distinct,1 5 6 7 8 9 13
771W8aMrZ4AWQ6dITJ,7,progressive,none,distinct,2 4 6 7 8 10 12
771WK88ZhcY0CiAfeg,7,progressive,none,distinct,2 3 6 7 9 10 12
771W0bcqISKmafgcu8,7,progressive,none,distinct,1 3 6 7 8 10 14
771W855YIgY873Weee,7,plain,none,mixed,2 2 4 4 5 8 24
771W42ALFMIGGUCfC2,7,progressive,none,distinct,2 4 5 6 9 11 12
771WJII242YHG88Ea4,7,plain,none,mixed,1 1 4 7 7 9 20
771WWYEl-52O24I9lW,7,distinct,none,distinct,1 2 3 4 10 12 17
771WneYBhaY8CiIJ2e,7,progressive,none,distinct,1 3 6 7 9 11 12
771WfnrnHIOG4gBJI0,7,progressive,none,distinct,2 4 5 8 9 10 11
771WeCKKq42gCI2baa,7,progressive,none,distinct,1 3 7 8 9 10 11
771WI86554S44bqm86,7,plain,none,mixed,1 1 3 9 11 11 13
771WH112iOO42Ycae8,7,distinct,none,distinct,1 2 3 4 5 13 21
771W8sieRG8GaJiKoq,7,progressive,none,distinct,2 5 6 7 8 9 12
771W1YOabi0XQIPUkA,7,progressive,none,distinct,2 4 6 7 8 10 12
771WKqyeuaIGXEI988,7,progressive,none,distinct,1 3 5 6 9 11 14
771W2C9DAa0QRRbwU2,7,progressive,none,distinct,3 5 6 7 8 9 11
771WO1bLDKKemUuggG,7,progressive,none,distinct,2 4 5 7 9 10 12
771W9LYZK8G8KZYqaO,7,progressive,none,distinct,2 3 5 6 8 12 13
771W99nmAIH4OM6618,7,plain,none,mixed,1 2 3 7 8 8 20
771WmffebRT02Wkli1,7,progressive,none,distinct,1 3 5 6 9 12 13
771WQI7K498KKeAIAH,7,progressive,none,distinct,1 4 5 7 9 11 12
771WIKIo950eaCAvLI,7,plain,none,mixed,2 5 5 5 8 8 16
771WYaKj5564yiae90,7,progressive,none,distinct,2 4 5 6 7 12 13
771WaG9MQvA2XOCahn,7,progressive,none,distinct,2 3 6 7 8 11 12
771WAAEA38G445wYAC,7,progressive,none,distinct,1 2 3 6 10 12 15
771W4i4QaqKHsuKC88,7,progressive,none,distinct,2 3 6 8 9 10 11
771WbLOf3444eOK62O,7,distinct,none,distinct,1 2 5 6 8 12 15
771WWWCkMPf8LIK2AA,7,plain,none,mixed,2 2 3 4 6 15 17
771WCggWXYH4baSyF8,7,progressive,none,distinct,2 3 4 6 7 13 14
771WAASi445KOO4G01,7,plain,none,mixed,1 1 3 6 6 14 18
771WYzgooK18YvXJn0,7,progressive,none,distinct,1 3 5 6 10 11 13
771W99If2YYKUU66S0,7,progressive,none,distinct,2 3 6 7 8 11 12
771WA5ZJ9G0P96aq4Y,7,distinct,none,distinct,1 2 4 6 7 14 15
771W88EAIGA447EM99,7,plain,none,mixed,2 3 3 7 11 11 12
771Wyioq95095r3T51,7,progressive,none,distinct,1 3 5 7 8 12 13
771W017kUO85D98IAY,7,plain,none,mixed,3 3 4 4 6 10 19
771WGWX9iSIKg9455H,7,plain,none,mixed,2 3 5 5 7 8 19
771WbYhYYGG28AIoqC,7,distinct,none,distinct,2 3 4 5 9 12 14
771WcbH9Ica0ISK7c2,7,progressive,none,distinct,1 5 6 7 9 10 11
771W84KMMEXIJ3Z854,7,progressive,none,distinct,1 4 5 6 8 12 13
771W40597T6QQPMelm,7,progressive,none,distinct,1 3 6 7 8 11 13
771W0BOccYAQHPWgOe,7,plain,none,mixed,1 2 2 4 8 11 21
771W45jGGWKCVG899n,7,distinct,none,distinct,1 2 3 5 7 10 21
771W99LUj8OJL8I2E2,7,progressive,none,distinct,2 5 6 7 8 10 11
771W24I-bO1ZjsxZNG,7,progressive,none,distinct,1 5 6 7 8 10 12
771WSqqKS10YAY4AA9,7,progressive,none,distinct,1 4 6 7 8 9 14
771WOHNCX2224SuqkI,7,plain,none,mixed,2 4 5 6 6 10 16
771W24RNHW0HIEUcM4,7,plain,none,mixed,2 2 4 7 10 10 14
771WaSqc4KAKeJY588,7,plain,none,mixed,2 4 4 4 10 10 15
771W1bbhcH1XhgcA61,7,progressive,none,distinct,1 5 6 7 9 10 11
771W4W1LYZ3naeeCEG,7,plain,none,mixed,1 2 2 4 6 15 19
771WeQQb5405fPPGeY,7,plain,none,mixed,1 3 6 6 6 11 16
771W0nOOGaYYIsgfeO,7,plain,none,mixed,2 2 7 7 8 9 14
771WHIQgQaO4F2HIee,7,plain,none,mixed,1 4 5 7 10 11 11
771WeYZ8JM3CC9bcBK,7,distinct,none,distinct,1 3 4 7 8 10 16
771WGO8OGH3IIj5546,7,distinct,none,distinct,1 2 4 7 8 10 17
771WCC3RmnIKLO4KH6,7,distinct,none,distinct,2 3 4 6 8 11 15
771WGmXJTRGW8LLNP8,7,plain,none,mixed,2 3 4 8 10 11 11
771WHOi40298O8vbd6,7,plain,none,mixed,1 3 3 5 7 11 19
771W6IEi9e0UHnuC42,7,plain,none,mixed,1 1 5 6 10 10 16
771Weu7RLKaGHeSI6G,7,progressive,none,distinct,2 3 5 8 9 10 12
771W9AgeK42I64C9uO,7,distinct,none,distinct,2 3 4 7 10 11 12
771W4K6WZg8HQghJCA,7,progressive,none,distinct,2 5 6 7 8 9 12
771W5BAYnHG4ACaaKH,7,progressive,none,distinct,2 3 5 6 9 11 13
771WHYaKwLG2yNHNX2,7,progressive,none,distinct,1 5 6 7 8 9 13
771WpgewKA148YLN9e,7,progressive,none,distinct,1 4 5 8 9 10 12
771W32Q2mCCIKQ8A6c,7,plain,none,mixed,1 1 6 7 7 12 15
771W0eafAKHGadTMKP,7,progressive,none,distinct,1 4 6 7 9 10 12
771W48QCIAIDDMnT22,7,plain,none,mixed,2 4 4 8 8 9 14
771W88gYMAAGCAIM88,7,plain,none,mixed,1 4 8 8 8 10 10
771W22hgU509LJBCQ1,7,plain,none,mixed,1 3 5 7 10 10 13
771W426BRQOCC98m93,7,progressive,none,distinct,1 4 5 6 9 11 13
771W478I8Ag98CK4wA,7,plain,none,mixed,1 1 4 10 10 11 12
771W6wd6JKe8nar2IC,7,progressive,none,distinct,1 4 5 6 8 12 13
771WecLIQffG2Gqioe,7,progressive,none,distinct,2 3 4 8 9 10 13
771WCYqLvGW4xoKu82,7,plain,none,mixed,1 4 5 5 8 10 16
771W355CQKY89C6rIA,7,plain,none,mixed,3 3 7 7 7 8 14
771W8e46AIAHnpK844,7,plain,none,mixed,2 3 4 6 8 13 13
771W6f98JW1HYcgAiJ,7,progressive,none,progressive,1 3 5 7 9 11 13
771We88eKMQ8ie5222,7,plain,none,mixed,2 3 4 7 7 7 19
771W446eOJJ842EEKM,7,plain,none,mixed,2 6 6 6 7 7 15
771WKOOMO41KKYk954,7,plain,none,mixed,2 4 4 5 9 12 13
771WHX4a44aPa44III,7,distinct,none,distinct,1 2 3 6 9 12 16
771W2pVfphKHjILCX1,7,progressive,none,distinct,2 5 6 7 8 10 11
771WYIGKcks0aPQI44,7,progressive,none,distinct,2 3 6 7 8 10 13
771W4n6D9g0IXHTnwA,7,progressive,none,distinct,1 2 6 8 9 10 13
771WYX1uH244OQMNsS,7,progressive,none,distinct,1 3 5 6 9 12 13
771W4GabTOOG4osAA8,7,progressive,none,distinct,1 2 4 8 10 11 13
771W8aajYMI1dcg548,7,distinct,none,distinct,2 5 6 7 8 9 12
771W88OXfaHOLCABBA,7,progressive,none,distinct,2 4 5 7 9 10 12
771WZZd68aa288EKC4,7,plain,none,mixed,2 2 3 5 10 11 16
771W22UIHIaGHO8H75,7,plain,none,mixed,1 3 3 8 9 11 14
771W89Dqqu9929I88X,7,progressive,none,distinct,1 3 4 6 9 11 15
771W44391Pa5569uen,7,plain,none,mixed,1 3 4 4 4 16 17
771Wm05OHcm8g59JIE,7,plain,none,mixed,1 1 1 6 7 14 19
771WGAAF53244aec99,7,distinct,none,distinct,2 3 4 5 9 11 15
771WA7Hbb10geuOoY1,7,distinct,none,distinct,1 2 3 7 8 9 19
771W26P54bYIG8ObKB,7,distinct,none,distinct,1 2 5 6 8 10 17
771W2y4e7DDaueUY40,7,distinct,none,distinct,1 2 5 6 7 12 16
771WCCEAQAq2341P88,7,plain,none,mixed,1 1 7 8 9 9 14
771WGQ8IK4aBAOeiOO,7,progressive,none,distinct,1 4 6 7 8 11 12
771WofPJWW90NZBBdE,7,progressive,none,distinct,1 3 4 7 10 11 13
771W88B1N4a762QSI8,7,plain,none,mixed,1 2 2 7 9 9 19
771W846ijW0944gAIM,7,distinct,none,distinct,1 2 3 7 8 13 15
771W08nqYcMCJMceiq,7,progressive,none,distinct,1 4 5 6 10 11 12
771WCC9H8m421FLKKK,7,plain,none,mixed,2 2 5 6 7 12 15
771WWCYOiSAgUHeTKK,7,progressive,none,distinct,1 3 5 8 9 10 13
771WH4aq1MYG5ggbd5,7,plain,none,mixed,2 3 4 6 10 10 14
771W424tPPH4854uiW,7,distinct,none,distinct,1 2 3 7 9 11 16
771W3LSUM9AYYG6e3H,7,plain,none,mixed,2 2 7 8 9 10 11
771WZHHA5zA2XA65i1,7,progressive,none,distinct,1 3 5 6 7 13 14
771W4ZIApaeWKE7acK,7,progressive,none,distinct,1 4 5 6 9 11 13
771Weg8MH980GQeaST,7,plain,none,mixed,2 2 4 6 7 13 15
771W88O9z67ACI4478,7,progressive,none,distinct,1 4 5 6 8 10 15
771WOKIHNdA035bK99,7,distinct,none,distinct,2 3 4 5 9 12 14
771WILLLfHC4675XX0,7,progressive,none,distinct,1 2 6 8 9 10 13
771WOfc6ICi5iES6GW,7,progressive,none,distinct,1 5 6 7 8 9 13
771WGWSiT478y2ICDA,7,distinct,none,distinct,1 3 4 5 7 11 18
771WWq2ESCZ4LZePLK,7,progressive,none,distinct,1 4 6 7 8 10 13
771WMIIEemG50A4eCC,7,plain,none,mixed,1 2 2 6 9 14 15
771W8HDYcqa4D-MA8W,7,progressive,none,distinct,3 4 5 6 9 10 12
771WMQQee882CCe888,7,plain,none,mixed,2 4 5 6 8 8 16
771WW0156wYeB9A8EI,7,plain,none,mixed,1 1 4 4 9 11 19
771WBBda4G26IJJ9W8,7,distinct,none,distinct,1 3 5 7 8 10 15
771WA2QS455qqu4802,7,distinct,none,distinct,1 2 3 4 10 13 16
771W225bySe4BCCHH5,7,plain,none,mixed,4 4 4 6 6 10 15
771WG2GAuE0hjNPQbb,7,progressive,none,distinct,1 2 4 8 9 12 13
771WQQOE8GW23AKOaa,7,plain,none,mixed,2 3 3 4 9 12 16
771WEMgfgY6GLbJ3C0,7,progressive,none,distinct,1 5 6 7 8 9 13
771WCHACC4XZYIafnG,7,plain,none,mixed,1 1 4 10 10 11 12
771WY222EXL2ZZbYA8,7,plain,none,mixed,2 3 4 6 6 8 20
771W1XShLKGWSHDSOY,7,progressive,none,distinct,1 2 6 7 10 11 12
771W449fFPf6B9I42G,7,progressive,none,distinct,2 3 5 6 7 12 14
771W0CXHQSKKSJaMKG,7,progressive,none,distinct,1 3 5 6 10 11 13
771WG1f9NKO8Gqjgk2,7,progressive,none,distinct,1 4 5 7 9 11 12
771W3fgCckcWEEXeM6,7,progressive,none,distinct,2 4 5 8 9 10 11
771WWGPTBZIAfKA60H,7,plain,none,mixed,2 3 3 4 5 12 20
771WOOP2446888GMRB,7,distinct,none,distinct,2 3 4 5 6 9 20
771WWGBhIu0EXLIIIM,7,plain,none,mixed,1 2 4 8 11 11 12
771W25Oe562ymeqXYK,7,plain,none,mixed,1 3 5 5 5 13 17
771W8E963P3332fLwa,7,plain,none,mixed,2 3 5 5 6 6 22
771W1eKL8O2YobLPOq,7,progressive,none,distinct,1 4 6 7 9 10 12
771Wa20teSK8gadeKO,7,plain,none,mixed,1 3 5 6 6 12 16
771W5dEoI88aOIAgK4,7,progressive,none,distinct,2 3 6 8 9 10 11
771WK4FALPX01boCKC,7,plain,none,mixed,2 3 3 6 8 10 17
771WGagma8GAajsKCC,7,progressive,none,distinct,2 4 6 7 8 10 12
771W65cdaI8GA99Bqe,7,plain,none,mixed,2 4 4 8 9 11 11
771WMFBA5a013ZN6Aa,7,plain,none,mixed,3 3 4 6 6 11 16
771WAY8SiqfKbgPH10,7,plain,none,mixed,3 3 4 4 6 11 18
771W48vJLfn8I9wyme,7,progressive,none,distinct,3 4 5 7 8 9 13
771W0HxYQ30IEkoofY,7,progressive,none,distinct,1 4 6 7 8 10 13
771WMIgcCIH4Owi610,7,plain,none,mixed,2 2 6 7 8 10 14
771W0YaKDa0XRVTKaY,7,progressive,none,distinct,2 3 4 8 9 11 12
771W0GQ86AoWX9MKSS,7,plain,none,mixed,1 2 6 6 6 13 15
771WmWJ25A98uGIKFH,7,plain,none,mixed,1 1 4 6 7 12 18
771W0XXiqmGX9C8AAo,7,distinct,none,distinct,1 2 4 5 7 13 17
771W4132DG2IIJLtwa,7,progressive,none,distinct,1 3 6 7 9 10 13
771W4O86EO8ZZIiA44,7,plain,none,mixed,2 2 4 5 11 12 13
771WBCHH24W89LLc6o,7,plain,none,mixed,1 3 4 8 9 12 12
771WHMhvbaK0LCSgo0,7,progressive,none,distinct,1 3 6 8 9 10 12
771W0kkA488eGGlLXX,7,plain,none,mixed,2 2 3 4 10 13 15
771Wbkb744G8GHXAs6,7,plain,none,mixed,3 4 5 5 6 8 18
771W0aPfUOQWymbNI6,7,progressive,none,distinct,1 2 6 7 10 11 12
771WHfIqK2AcQmHRG0,7,plain,none,mixed,2 3 4 4 7 14 15
771WW4CALO4IotZCCA,7,progressive,none,distinct,1 3 6 8 9 10 12
771W59aA8G89HJyaeO,7,plain,none,mixed,2 2 3 8 8 11 15
771WaC8DK85Y24hKKP,7,plain,none,mixed,1 1 6 7 10 10 14
771W44IOIWGABSKKAA,7,progressive,none,distinct,1 3 4 8 9 10 14
771W5aHiSWWaQ4AyyC,7,plain,none,mixed,2 2 3 4 5 16 17
771WWW8NMeC1ouhagc,7,progressive,none,distinct,1 3 6 8 9 10 12
771W28k24w4HABn_88,7,plain,none,mixed,1 1 5 8 10 10 14
771W22FP9C466EHAI8,7,distinct,none,distinct,1 3 5 7 8 9 16
771W4109g7BIKKRuyg,7,progressive,none,distinct,2 3 5 8 9 10 12
771WOQrO2A1go6zbH8,7,progressive,none,distinct,2 3 5 7 9 10 13
771W8AQ942XHG8CAvq,7,distinct,none,distinct,1 2 3 7 8 9 19
771W2C99A5HWWXRgEK,7,plain,none,mixed,2 4 5 6 6 8 18
771WHKaZ322KOeeeWA,7,plain,none,mixed,2 2 4 4 5 13 19
771W8uc9GA8gIcPHA6,7,plain,none,mixed,2 4 6 6 9 11 11
771W11P2QAMAAT988W,7,plain,none,mixed,1 1 2 6 10 12 17
771WnHIDCAA0W82AP5,7,distinct,none,distinct,1 2 4 5 7 13 17
771W9gqiSjWaFHCHX2,7,progressive,none,distinct,1 3 4 6 9 12 14
771WKqpaA244iKIVG8,7,progressive,none,distinct,2 4 5 7 8 11 12
771WefPOfoaWKB99Aa,7,progressive,none,distinct,1 5 6 7 8 10 12
771WOOOrO55842E66A,7,distinct,none,distinct,2 4 5 6 7 11 14
771W0oauLrGWduynXa,7,progressive,none,distinct,1 3 5 7 8 12 13
771W0YiZ8EX9rrjsPK,7,progressive,none,distinct,1 5 6 7 9 10 11
771WYA5Z9AE8aaKTI2,7,progressive,none,distinct,1 4 6 7 9 10 12
771W6LJI96WYZ75s5h,7,progressive,none,distinct,1 2 7 8 9 10 12
771WYKVYWWW0gAIwME,7,progressive,none,distinct,1 3 6 7 9 11 12
771WCCoIKAY0PJIM11,7,plain,none,mixed,1 2 2 6 8 15 15
771Wq4DBNo12X4KQJ4,7,plain,none,mixed,1 4 4 4 8 12 16
771W87DH32444CqDxH,7,progressive,none,distinct,1 3 5 6 8 12 14
771W16LgiqbOPA8au1,7,progressive,none,distinct,1 2 4 5 11 12 14
771WEkFvPMAKeX38Q0,7,progressive,none,distinct,1 3 4 8 10 11 12
771WI6cQPvmI8fe841,7,progressive,none,distinct,2 3 5 7 9 10 13
771WPLLER6622Cc8E0,7,progressive,none,distinct,1 5 6 7 9 10 11
771WACCMqHG26A2g65,7,progressive,none,distinct,1 4 5 8 9 10 12
771W88mEq66CIS8699,7,plain,none,mixed,2 2 5 7 7 12 14
771WYNvj3424qCOtW2,7,progressive,none,distinct,1 3 5 6 7 12 15
771WJTvPS888G2YKq8,7,progressive,none,distinct,1 3 5 8 9 11 12
771WHHNGZ4246IIBSA,7,progressive,none,distinct,1 3 6 8 9 10 12
771W2AR1599mmeBDL4,7,plain,none,mixed,3 3 4 5 6 9 19
771WGAcsvp9G9ZrX62,7,progressive,none,distinct,2 3 4 7 10 11 12
771WCAIRiek04OKp6A,7,plain,none,mixed,1 3 7 8 8 9 13
771WKQAl18395Lcg78,7,progressive,none,distinct,1 3 5 8 9 11 12
771W44TGYQ8AENCKH9,7,progressive,none,distinct,1 3 5 7 10 11 12
771W4OPKXH0HNYgccv,7,progressive,none,distinct,1 3 6 7 9 11 12
771WQQimO224KEAI11,7,plain,none,mixed,1 2 5 5 6 12 18
771WAgkcfee8eeKG42,7,plain,none,mixed,4 4 4 5 9 10 13
771WnrMq348K8abEI4,7,plain,none,mixed,2 5 6 7 8 8 13
771W8KK3Xa69CaalgY,7,progressive,none,distinct,1 4 5 7 8 11 13
771W6Q9Cfn8ILdaCS1,7,progressive,none,distinct,3 4 6 7 8 10 11
771W1A9HaaGAD9XaqC,7,plain,none,mixed,1 3 3 4 11 12 15
771W1CAAb57IMMcna0,7,progressive,none,distinct,1 3 7 8 9 10 11
771WakAgeG8IgfI2cc,7,distinct,none,distinct,2 4 5 6 7 12 13
771WKEDOca414eCqIA,7,progressive,none,distinct,1 4 6 7 8 11 12
771W8DKaK41CCMcXXG,7,distinct,none,distinct,1 2 5 6 8 12 15
771WeYIMKBK0GBfc9B,7,progressive,none,distinct,1 2 6 8 9 10 13
771WKKaoMD4auA9C21,7,plain,none,mixed,2 4 6 6 7 10 14
771W24wghkK4H8Hp42,7,progressive,none,distinct,1 4 6 7 9 10 12
771WaaRFCC4O8G9KCG,7,plain,none,mixed,1 2 3 7 11 11 14
771W13CKbO8ZbhooI4,7,progressive,none,distinct,1 3 7 8 9 10 11
771W4eAIL92aqwpL50,7,distinct,none,distinct,2 4 5 6 7 10 15
771WAgvA6g2kDLACO0,7,distinct,none,distinct,2 4 6 7 8 9 13
771W8LqaIYIGViCaWG,7,progressive,none,distinct,1 3 5 7 9 10 14
771W288aa59OQQhY21,7,distinct,none,distinct,1 3 5 6 8 9 17
771WXI26QvEEjSOLZ0,7,progressive,none,distinct,1 3 6 8 9 10 12
771W42mKISCH9QQs44,7,distinct,none,distinct,2 4 5 7 8 10 13
771W8wwaaonGWgAAXW,7,progressive,none,distinct,2 4 5 7 8 10 13
771W2YCuQLXeLOAJ74,7,progressive,none,distinct,2 4 5 6 9 10 13
771WLsceC627ZJTAW0,7,plain,none,mixed,4 4 5 5 6 9 16
771WnogEAY11AwquX0,7,plain,none,mixed,3 3 4 4 10 12 13
771W42Wf9O8M658euo,7,plain,none,mixed,2 2 3 4 5 14 19
771WGK2KUOHGGCD_ZY,7,plain,none,mixed,1 2 4 6 6 10 20
771WiCw98AGm8HII95,7,progressive,none,distinct,1 2 6 7 9 11 13
771WIYLXOG84yRSCSG,7,plain,none,mixed,2 4 6 6 7 9 15
771WKaN95P1Yo9EQI0,7,plain,none,mixed,1 2 6 7 11 11 11
771W9556gA2dbba480,7,distinct,none,distinct,1 3 5 8 9 11 12
771W024GLe8TUQQKaY,7,progressive,none,distinct,2 3 4 5 10 12 13
771W2gbjA8GaefIESG,7,progressive,none,distinct,2 3 4 8 9 10 13
771WaaufScWGEII56A,7,progressive,none,distinct,2 4 5 6 7 11 14
771WG84J7Q2AAbMSQK,7,progressive,none,distinct,2 4 5 7 9 10 12
771W12eCBSCH9AOMc4,7,progressive,none,distinct,1 4 5 7 9 10 13
771WJACCoII64aGKW0,7,plain,none,mixed,1 1 5 5 11 11 15
771WG58iHCKuqJSccK,7,progressive,none,distinct,1 2 7 8 9 10 12
771W44BHC8K44DKNV3,7,progressive,none,distinct,1 3 6 7 8 11 13
771Wa8kP468GearPA6,7,progressive,none,distinct,1 3 6 7 8 10 14
771WK799A4W23ZvQy4,7,progressive,none,distinct,1 2 3 7 10 11 15
771W52KEIMWWXzrRX1,7,plain,none,mixed,1 3 4 6 6 12 17
771WIfYIKKbaDWGKmX,7,distinct,none,distinct,1 2 4 5 6 13 18
771W8GJYOWWQMgCCGO,7,distinct,none,distinct,1 2 3 5 7 12 19
771WaHLCECCWWOGYcE,7,plain,none,mixed,1 2 5 6 6 13 16
771WKihPb11gEYEQI0,7,progressive,none,distinct,2 3 5 6 10 11 12
771WQIIaZbb808el14,7,plain,none,mixed,2 2 3 4 7 12 19
771WJIIhCAA488268a,7,progressive,none,distinct,1 4 6 7 8 11 12
771W6cLB4r1bMD5EM1,7,progressive,none,distinct,1 5 6 7 9 10 11
771W88OK22288KCCEE,7,plain,none,mixed,2 3 3 4 8 12 17
771WHK2YM11IUkkwY0,7,plain,none,mixed,2 4 4 5 10 12 12
771WAEcaIA8GKIXDaa,7,progressive,none,distinct,2 4 6 7 8 10 12
771W949JBB888CvPHX,7,plain,none,mixed,1 4 6 7 10 10 11
771WA447BIA333aa82,7,plain,none,mixed,2 2 3 6 7 11 18
771W1vfcYBDWMcC9A2,7,progressive,none,distinct,2 3 6 7 8 10 13
771WaIM99564aywe90,7,progressive,none,distinct,2 3 4 8 9 11 12
771WYDHIMI21XqKcAY,7,progressive,none,distinct,1 4 5 6 10 11 12
771WKK5ZYCePI21QK4,7,distinct,none,distinct,1 3 4 7 8 9 17
771WKMOeaO8829Maqq,7,progressive,none,distinct,2 3 5 7 9 11 12
771WfbKK6644K8e45L,7,distinct,none,distinct,2 4 5 6 7 11 14
771W11KqgI9CALIMJ2,7,plain,none,mixed,1 3 6 6 9 10 14
771W5EAQ4Z0AB7p5wP,7,progressive,none,distinct,1 2 3 9 10 11 13
771WGHjHX9cJEMDKLW,7,progressive,none,distinct,1 4 6 7 9 10 12
771WGOOoxHM28ZDC34,7,plain,none,mixed,2 4 6 6 7 8 16
771WOuDAA22o2I8GP9,7,plain,none,mixed,1 2 2 6 10 12 16
771WgYvOOq4I9IYWG8,7,plain,none,mixed,2 2 3 5 6 7 24
771WWfBhHqKM9CacoG,7,progressive,none,distinct,2 3 5 7 9 10 13
771W8Rc6432GOeucYH,7,plain,none,mixed,3 4 4 5 5 9 19
771W0QAALMQGGqfiMG,7,progressive,none,distinct,1 4 5 7 9 11 12
771WKKUP90G33EGO82,7,plain,none,mixed,1 1 2 5 10 11 19
771WMAHLM4C22u9YK8,7,plain,none,mixed,1 1 5 9 11 11 11
771W8m116M6oInHKK8,7,distinct,none,distinct,1 3 4 6 7 10 18
771WbeLDDKG8OBnmm6,7,progressive,none,distinct,1 2 4 7 10 11 14
771WAKCC99oKLbGa52,7,progressive,none,distinct,1 3 5 7 10 11 12
771W4KMRYwQ15ceG84,7,plain,none,mixed,2 2 5 7 9 12 12
771WaYSQK11IIGCwEC,7,plain,none,mixed,2 2 6 7 8 8 16
771W088Dd66YaaOKIQ,7,progressive,none,distinct,2 3 4 7 10 11 12
771W8234OeG9AFkgIA,7,plain,none,mixed,1 4 7 7 8 9 13
771WYoca2234uOOC01,7,plain,none,mixed,1 1 3 4 8 14 18
771W6ISMMqm64fnI88,7,progressive,none,distinct,2 4 5 7 9 10 12
771W48CTLJ3HHSm228,7,distinct,none,distinct,1 2 4 7 9 12 14
771WX99AIHWmHKaag9,7,plain,none,mixed,1 3 5 8 8 11 13
771WWwB9ATP4KcYXFG,7,progressive,none,distinct,2 4 6 7 9 10 11
771W18aI3gKLUJnfY4,7,distinct,none,distinct,2 3 4 6 9 11 14
771W40og1E8qqic5MI,7,distinct,none,distinct,2 3 4 5 7 13 15
771WGGCyHG0iaP5LLJ,7,progressive,none,distinct,1 2 6 7 10 11 12
771WaM5cI308aMMYPB,7,plain,none,mixed,1 5 5 6 7 10 15
771WaKIKSY0XYCAQHH,7,progressive,none,distinct,1 3 6 8 9 10 12
771WacIY2BGaSLM6XY,7,progressive,none,distinct,1 4 6 8 9 10 11
771WaCAMUwa0Zi3P44,7,progressive,none,distinct,1 4 5 7 9 10 13
771WWTL1f8I2aTeefZ,7,plain,none,mixed,2 3 4 4 7 7 22
771WGOhDAC58GWHUCH,7,distinct,none,distinct,1 2 5 6 9 10 16
771WA6D66S099AnYSK,7,progressive,none,distinct,2 3 4 5 10 12 13
771WDacQA8GGebAI8e,7,progressive,none,distinct,1 4 5 7 8 11 13
771W4CFJPPCXXeCL9K,7,progressive,none,distinct,2 5 6 7 8 9 12
771WIcY44AI9XXYQWW,7,plain,none,mixed,2 2 4 4 5 14 18
771WGHHQwEC246A98W,7,distinct,none,distinct,1 2 5 7 9 11 14
771WbMOO5bb2W4KIY4,7,plain,none,mixed,2 3 3 4 7 13 17
771W4O4REEEaaOnC84,7,progressive,none,distinct,1 3 5 7 10 11 12
771W8Ego61BAMQJb22,7,plain,none,mixed,2 2 3 7 11 11 13
771W28BCIY6ABDbiH9,7,plain,none,mixed,2 5 5 8 8 10 11
771W8999ccABCC514W,7,plain,none,mixed,1 2 4 9 9 9 15
771WGG9RccI07QEB0K,7,distinct,none,distinct,1 2 3 4 6 13 20
771WG92bCCK48fSTLf,7,plain,none,mixed,3 4 5 7 8 11 11
771W039PCe2NMQJLaG,7,progressive,none,distinct,1 4 5 7 8 11 13
771WYaTJAI80GFHfAM,7,progressive,none,distinct,2 3 6 7 8 9 14
771WW7G2HEJKqhgPkP,7,progressive,none,distinct,1 4 6 7 8 11 12
771WGweQJmeY8NYYSQ,7,progressive,none,distinct,2 3 6 8 9 10 11
771W4sLFHIGGWDDbQG,7,progressive,none,distinct,1 4 5 8 9 10 12
771W4CLJ4gXacoXVK5,7,progressive,none,distinct,1 3 4 7 8 12 14
771WeKLHMu02XnIiko,7,progressive,none,distinct,2 4 5 6 9 10 13
771W1GG68e8ABhieaa,7,progressive,none,distinct,1 2 4 7 10 12 13
771W2bBb2c0vMMEzY6,7,progressive,none,distinct,1 5 6 7 8 10 12
771WIKSCD99WWO2a42,7,plain,none,mixed,1 2 2 8 8 12 16
771WKC4BzrH54YOD18,7,plain,none,mixed,2 3 4 4 9 13 14
771W8GmYJUHGKfA965,7,plain,none,mixed,1 1 5 8 8 10 16
771WWaeKwR93DCOaXY,7,progressive,none,distinct,2 3 5 6 9 11 13
771W48biY88HVVgMG8,7,progressive,none,distinct,2 3 5 6 7 11 15
771WA642SY6235ZESS,7,plain,none,mixed,2 4 5 6 6 7 19
771W39PSqLa47GagA1,7,progressive,none,distinct,1 4 5 8 9 10 12
771WHHggT59G4ID9LG,7,progressive,none,distinct,2 3 6 7 9 10 12
771WIYbYO44aqIMSG8,7,distinct,none,distinct,2 3 5 7 8 10 14
771WGoYMgng2iVOKZW,7,progressive,none,distinct,2 5 6 7 8 10 11
771W8BBMkY214Cga8e,7,progressive,none,distinct,2 3 5 6 8 12 13
771W479A1IC665OfMi,7,plain,none,mixed,2 4 5 6 6 12 14
771WIIQQsD526G70YW,7,plain,none,mixed,1 1 2 9 10 11 15
771WAKChoIX83r5j49,7,progressive,none,distinct,1 5 6 7 9 10 11
771WLmWJA8WW9TQwyO,7,progressive,none,distinct,1 2 5 8 9 11 13
771W8Ca7Z42iooIdeY,7,progressive,none,distinct,3 4 5 7 9 10 11
771W4EAZAIe49Arbea,7,progressive,none,progressive,1 3 5 7 9 11 13
771WGDKL9KKaaoaggO,7,progressive,none,distinct,2 5 6 7 8 9 12
771W88ENwcM278MG84,7,progressive,none,distinct,1 3 6 7 9 11 12
771W8dKSwoI5qYeKWG,7,progressive,none,distinct,2 4 6 7 8 9 13
771WIIPL92444SAFS2,7,progressive,none,distinct,1 2 7 8 9 10 12
771W8kDKHb2HYgYLqf,7,progressive,none,distinct,3 4 5 7 8 10 12
771WYuMME10GGaooA9,7,plain,none,mixed,2 3 5 5 6 8 20
771W4ggiff0X66j9Xa,7,progressive,none,distinct,1 2 5 7 10 11 13
771W48cWO8IBVSfP88,7,distinct,none,distinct,1 2 3 7 8 12 16
771W4MIJEEHGGbaHeb,7,progressive,none,distinct,1 4 5 6 10 11 12
771W4WdkDEA4eeeLEG,7,progressive,none,distinct,2 3 5 7 8 11 13
771WWjCaKKA0SPeLKq,7,progressive,none,distinct,1 2 6 8 9 10 13
771W8nyaa41IgoAHHW,7,progressive,none,distinct,2 3 4 7 9 10 14
771W80NQ274GGKykng,7,distinct,none,distinct,2 3 4 5 6 12 17
771W8DUSiY014KYgnH,7,progressive,none,distinct,2 3 4 5 10 12 13
771WYYC9854WGGIP9E,7,plain,none,mixed,1 1 4 7 8 10 18
771WaYG8BJ21HQKqKL,7,progressive,none,distinct,2 4 5 7 9 10 12
771W426sA6M4857mmm,7,plain,none,mixed,2 2 3 6 10 10 16
771WW6HOBAY4bvscIC,7,plain,none,mixed,2 5 6 8 9 9 10
771W88KeciP83QLACD,7,progressive,none,distinct,1 3 5 7 8 11 14
771WCCq158W8PH2UUI,7,distinct,none,distinct,1 2 5 6 7 10 18
771WKbl5qXXWiAIAIa,7,progressive,none,distinct,2 3 6 7 8 11 12
771W21GNSheGIOTRrA,7,progressive,none,distinct,3 5 6 7 8 9 11
771W816ya4aPMQsemG,7,progressive,none,distinct,1 4 5 6 9 10 14
771WLKoIOW0HAKIoc6,7,progressive,none,distinct,2 4 5 6 8 10 14
771W0WXggKKaAAA8AI,7,plain,none,mixed,3 4 4 5 5 10 18
771WW654yM0P_ywXIA,7,progressive,none,distinct,1 4 5 8 9 10 12
771W3IdEKXGmhVJ59o,7,progressive,none,distinct,1 4 6 8 9 10 11
771WDLI2gooCEa2IG0,7,distinct,none,distinct,2 3 4 7 8 12 13
771W956UsIHAC4i2H0,7,progressive,none,distinct,1 3 5 8 9 11 12
771WDhJBRG0XHCQw22,7,progressive,none,distinct,3 4 5 6 8 10 13
771WLMTUQYa02I4PeG,7,plain,none,mixed,3 3 5 6 10 10 12
771WGuY5wIAgKZKOC8,7,plain,none,mixed,2 3 6 7 9 11 11
771WQPL9HXW02CyqKX,7,plain,none,mixed,2 4 5 5 5 13 15
771W5swSju8fb2ICa2,7,progressive,none,distinct,2 4 6 7 9 10 11
771W8A6YL5D9DBwa42,7,progressive,none,distinct,2 3 6 8 9 10 11
771WIKIrMCg85ROpC0,7,plain,none,mixed,2 5 6 7 7 7 15
771WGIOz33484GKTgf,7,plain,none,mixed,3 3 4 7 7 8 17
771W2K5QQHAXXOVdAH,7,plain,none,mixed,2 2 6 7 9 11 12
771W0GcooIHXpSSKHG,7,progressive,none,distinct,2 4 5 7 9 10 12
771WGnbA8K91fwpeib,7,plain,none,mixed,1 4 5 5 6 12 16
771W5L7z548aeKP4S2,7,progressive,none,distinct,1 5 6 7 8 9 13
771W1IaQJ41IQcgvd4,7,plain,none,mixed,1 5 7 8 8 10 10
771W22YISMf8PILM32,7,plain,none,mixed,3 4 5 7 8 11 11
771W2aaSK4aZQKOa44,7,progressive,none,distinct,1 4 6 8 9 10 11
771W11TA6kDHIQCIP0,7,plain,none,mixed,1 3 5 5 10 12 13
771WGKCCE89WWGIYab,7,distinct,none,distinct,1 2 3 7 9 10 17
771WaIBAI8GWWNIoIA,7,plain,none,mixed,1 5 6 6 7 9 15
771WYRDPgM58knBOj0,7,progressive,none,distinct,1 3 7 8 9 10 11
771WeeqM648C4OP2CC,7,plain,none,mixed,2 2 3 7 9 13 13
771W9EsIJBC8GIW9qH,7,plain,none,mixed,3 5 5 6 7 11 12
771WAAE74Y29AAI6ea,7,plain,none,mixed,2 5 6 8 9 9 10
771WsMMJYI8X789H84,7,distinct,none,distinct,1 2 6 7 9 10 14
771WW7_2s4AKgqjYBZ,7,progressive,none,distinct,2 5 6 7 8 10 11
771W4aayUQPW482255,7,plain,none,mixed,1 4 4 5 9 13 13
771WaaaeOA28SQP122,7,plain,none,mixed,3 3 3 4 6 11 19
771W2YauO8JYkZem10,7,plain,none,mixed,1 1 5 5 5 9 23
771W6IoDTEIDLgX928,7,progressive,none,distinct,2 5 6 7 8 10 11
771WB10H77244Cij9O,7,plain,none,mixed,2 2 2 5 6 13 19
771WZeACqr0Iba49nI,7,plain,none,mixed,1 2 2 9 10 12 13
771W0eLyaT6iobQ89I,7,progressive,none,distinct,1 3 5 8 9 10 13
771W8haaSIAOaZKIWG,7,progressive,none,distinct,1 4 6 7 8 9 14
771WJnQQEWWWIM42u8,7,distinct,none,distinct,1 2 3 4 10 12 17
771WWG6IKiCXYQOS88,7,plain,none,mixed,1 1 5 7 11 11 13
771W44eDLXO9ILOAA9,7,distinct,none,distinct,1 3 4 8 9 10 14
771W4667LYY5644Y4A,7,distinct,none,distinct,1 2 3 8 9 10 16
771WGDAAc7Q53YdGHY,7,progressive,none,distinct,2 3 6 7 8 9 14
771W12aQ3euAOLQQY4,7,plain,none,mixed,1 2 4 9 9 12 12
771W77FAD4GGGHBKC2,7,progressive,none,distinct,2 3 4 6 9 10 15
771WDELHHCIGGRf3o0,7,plain,none,mixed,1 3 3 6 11 11 14
771We49gLJW5fiqIT1,7,progressive,none,distinct,1 2 6 8 9 11 12
771W2kf9ua4IlfdK4G,7,progressive,none,distinct,1 4 5 7 9 11 12
771WH9AIQKK44kA8I2,7,progressive,none,distinct,1 4 6 8 9 10 11
771WKLKE9QI22915Eu,7,distinct,none,distinct,1 3 4 7 9 12 13
771WK9OKaKO06m9hhR,7,plain,none,mixed,3 4 4 6 9 9 14
771WIaYgOO1ayPLr10,7,plain,none,mixed,2 3 4 6 6 10 18
771WOOHGGH0332ooov,7,plain,none,mixed,1 2 4 4 10 11 17
771W6QSVQq121mcHRM,7,distinct,none,distinct,1 3 4 5 11 12 13
771WiaaOOY42xnRA99,7,progressive,none,distinct,2 4 5 7 9 10 12
771WIPKjeGGOIgGCiO,7,plain,none,mixed,2 3 4 6 6 9 19
771Wme8C76AaKq9424,7,distinct,none,distinct,1 3 4 5 7 12 17
771WA8krrX1HAAgm80,7,plain,none,mixed,2 2 4 4 8 13 16
771W8aqI698iKGoCA9,7,progressive,none,distinct,2 3 5 6 8 10 15
771W8CKLJoc8BGW50A,7,plain,none,mixed,1 1 2 6 8 14 17
771WCKSTG12YYo6QRK,7,progressive,none,distinct,3 4 5 6 8 11 12
771W6AIRx9542IhA82,7,plain,none,mixed,2 4 7 8 8 8 12
771WGGyadwG1OAJLIK,7,progressive,none,distinct,1 3 7 8 9 10 11
771W22UMHP8IIJ8K41,7,distinct,none,distinct,1 2 5 6 10 11 14
771W9CIcKog6CTCsW0,7,distinct,none,distinct,2 3 5 7 8 9 15
771W8WnSdCE0-g4ADJ,7,plain,none,mixed,1 2 5 6 6 14 15
771Wq6MPP84Io89GeY,7,plain,none,mixed,1 4 6 6 9 9 14
771W1DjDggHCHHXba1,7,progressive,none,distinct,1 4 6 7 9 10 12
771WOSiebY2H4Ki642,7,plain,none,mixed,2 2 4 6 8 12 15
771WKsnYAIGWSNHXS4,7,progressive,none,distinct,1 3 4 8 9 10 14
771WmPOIJ48W0Ahgao,7,plain,none,mixed,1 1 6 7 8 10 16
771W88RaXH0BBG8CSH,7,plain,none,mixed,1 2 2 6 8 10 20
771W0ELIJGO88HWeUK,7,plain,none,mixed,1 1 3 3 8 14 19
771WKaw2aC4CwAHM22,7,plain,none,mixed,1 4 6 6 8 11 13
771W86PoA8CA6MveIA,7,distinct,none,distinct,1 4 6 7 8 10 13
771WYY-5AG099IUIC4,7,distinct,none,distinct,1 3 5 7 9 10 14
771WWqE62AS3JoeLGG,7,plain,none,mixed,2 2 3 4 10 11 17
771W0mYTNIK8mQMPKQ,7,distinct,none,distinct,1 2 3 6 10 13 14
771W9CjLRI2H92CqmI,7,progressive,none,distinct,3 4 5 7 9 10 11
771W07nMAA1gocbTf8,7,progressive,none,distinct,1 4 6 7 9 10 12
771WG6EIo4442iqkaa,7,plain,none,mixed,2 4 5 6 8 12 12
771W9BWHqqS4PKbaK8,7,plain,none,mixed,1 4 4 5 10 11 14
771WQ2a256AG8e9U62,7,distinct,none,distinct,1 2 3 4 10 12 17
771WXI1MPSi8fKLQ-0,7,progressive,none,distinct,1 4 5 7 8 11 13
771W486n55448CyBRH,7,progressive,none,distinct,2 3 5 6 8 12 13
771W8CEGWWXaaeeG89,7,plain,none,mixed,1 2 3 3 8 9 23
771W2PQA8AGWW9rrQg,7,plain,none,mixed,3 4 5 7 7 8 15
771W84eg89GM67wA65,7,progressive,none,distinct,2 3 5 7 8 11 13
771W44mdcUI4IQP8E2,7,progressive,none,distinct,1 4 5 7 8 10 14
771WAX9E-kM1qp98e0,7,progressive,none,distinct,2 3 4 5 10 12 13
771W45DmOOb85CH99m,7,distinct,none,distinct,1 2 5 6 7 12 16
771WG89Kann9CcUII8,7,plain,none,mixed,1 4 5 8 10 10 11
771WAAwIUPXevXCA20,7,progressive,none,distinct,1 3 6 7 9 11 12
771W8Gmq0284KiD9BB,7,plain,none,mixed,2 2 2 4 7 14 18
771WAahnYaC0jfGoCK,7,distinct,none,distinct,1 2 6 7 8 11 14
771W18OcbI68AJhck8,7,plain,none,mixed,2 4 7 7 8 10 11
771W1EHHAQLaasHXq1,7,plain,none,mixed,1 3 7 7 7 11 13
771WkLuq7GG4mcU4YK,7,progressive,none,distinct,2 3 5 6 10 11 12
771W35bPAOOG86AY66,7,plain,none,mixed,2 2 4 8 10 10 13
771W88EGfb017FJP9C,7,distinct,none,distinct,1 2 3 9 10 11 13
771W4aOLJ34YIGObZe,7,plain,none,mixed,1 3 6 7 7 10 15
771WGs8IKi4JYQHaOO,7,plain,none,mixed,1 3 6 8 9 11 11
771W4YOCg6L5pguMba,7,progressive,none,distinct,2 3 5 8 9 10 12
771W6qKI-T0aIXaj74,7,distinct,none,distinct,1 3 5 6 9 10 15
771WY22KqpK5Yeeh12,7,plain,none,mixed,2 3 4 4 9 13 14
771WaKUIHz0HoHQH51,7,plain,none,mixed,1 3 5 7 9 12 12
771WHKKYjBg83BCkb0,7,progressive,none,distinct,2 3 5 6 8 12 13
771WQfgbbaa2a4C2wG,7,progressive,none,distinct,2 3 6 8 9 10 11
771W0XDBE8AGmmpjYc,7,progressive,none,distinct,2 3 4 7 8 10 15
771W42WngAHGA71XNQ,7,plain,none,mixed,3 3 3 4 5 8 23
771W332wWuq8A6984K,7,plain,none,mixed,2 2 3 4 6 16 16
771W8eevMAIcA16648,7,plain,none,mixed,1 3 3 5 7 15 15
771W8eiMKLJ0eeG7AA,7,distinct,none,distinct,2 3 4 5 10 12 13
771WDLEAGZm02rDLM5,7,plain,none,mixed,3 4 4 6 6 11 15
771WWEBAI442YaKcEM,7,distinct,none,distinct,2 3 5 6 10 11 12
771WSVPHYY014CKKbH,7,distinct,none,distinct,2 3 5 6 8 10 15
771WmnYQaa44DPLLHX,7,progressive,none,distinct,3 5 6 7 8 9 11
771Woh31LIKKKq43e2,7,plain,none,mixed,2 2 3 6 6 7 23
771WIPHQism04Iihk6,7,progressive,none,distinct,1 4 5 6 10 11 12
771W102IMMe89545Io,7,plain,none,mixed,1 2 2 6 7 10 21
771WWZW1YLD4klkiwK,7,progressive,none,distinct,1 3 6 7 8 11 13
771W48BGmAH24BoIRA,7,plain,none,mixed,1 3 6 6 8 12 13
771WIMONEI411EIvae,7,progressive,none,distinct,1 2 6 8 9 10 13
771W4ACGK4W32Cinnn,7,plain,none,mixed,1 2 3 3 12 14 14
771W99AAIMN446A8G1,7,progressive,none,distinct,1 4 6 7 8 11 12
771W846AgYi455gJ88,7,plain,none,mixed,2 3 5 7 9 9 14
771WGGJYLM89D555IC,7,plain,none,mixed,3 4 5 6 6 7 18
771W0ITEAA6XXfmbSK,7,progressive,none,distinct,1 3 6 7 9 10 13
771W12aqgX98RNMMY0,7,progressive,none,distinct,2 3 5 6 8 12 13
771W446Gme8BCA8emm,7,plain,none,mixed,1 3 3 4 6 12 20
771W4O7A4TYuvgrCHA,7,progressive,none,distinct,2 3 4 7 9 11 13
771W4ZNMORIWG45rAX,7,plain,none,mixed,2 3 5 5 11 11 12
771WIaZAkQI0kD4oGO,7,progressive,none,distinct,1 3 5 6 9 12 13
771WmGGJPL5X146594,7,distinct,none,distinct,1 2 3 6 7 11 19
771W1cMNLK8WmZZ2cC,7,progressive,none,distinct,1 2 6 8 9 11 12
771WKOKAOe4PQ4xA66,7,plain,none,mixed,2 4 6 7 7 11 12
771W202vEEEuquqoC4,7,progressive,none,distinct,2 3 5 6 10 11 12
771W0Kf45EC8GmwIJD,7,plain,none,mixed,2 2 3 4 8 14 16
771W8A596e0A99-cMI,7,progressive,none,distinct,1 4 6 7 9 10 12
771W84T5Z30IKCqqnn,7,plain,none,mixed,3 4 4 6 8 8 16
771WD8514j09AAPssB,7,progressive,none,distinct,1 2 4 7 10 11 14
771WogNCBGG0GgMECI,7,plain,none,mixed,2 5 5 6 6 11 14
771W8Aw4a2YDQAgY88,7,plain,none,mixed,1 1 7 8 8 10 14
771WXaKTIIQ2I94aa8,7,plain,none,mixed,1 4 7 8 9 9 11
771WG89nA4a58iEE8K,7,plain,none,mixed,1 2 2 9 11 12 12
771W4CChHMAA67Y968,7,progressive,none,distinct,3 4 5 6 9 10 12
771WI9MMONWABoM5o1,7,progressive,none,distinct,3 4 5 7 8 9 13
771W88KSKwQ21Q4QOO,7,plain,none,mixed,2 3 3 7 10 11 13
771WGGBRg64ACKEDG4,7,plain,none,mixed,2 3 3 8 9 10 14
771WaYZPCI2196CkLH,7,progressive,none,distinct,2 4 5 7 9 10 12
771WHHC5E9WbaKBPV2,7,progressive,none,distinct,1 2 6 8 9 10 13
771WCytqaY60bXHAOG,7,progressive,none,distinct,1 2 3 7 11 12 13
771WDqgP948WOaJIAY,7,progressive,none,distinct,1 4 6 7 8 9 14
771W84CKmGG60Cquuu,7,plain,none,mixed,1 3 3 3 4 17 18
771W4J844ePYXmgaKb,7,plain,none,mixed,1 3 4 4 10 11 16
771W4aNKC8OWG54QAI,7,plain,none,mixed,1 1 7 7 9 11 13
771WMREMUbX02So13m,7,progressive,none,distinct,1 3 4 8 9 11 13
771WWH6bjpo8YIKAHe,7,progressive,none,distinct,2 4 5 7 8 11 12
771WPPwqaY4H4KCBG0,7,distinct,none,distinct,2 3 4 6 8 11 15
771WQ9HOGeaegQ54aC,7,plain,none,mixed,2 4 5 6 6 13 13
771W8aD8uYmaJKoA9H,7,progressive,none,distinct,1 3 6 8 9 10 12
771W2WHkI9GWS7D9ho,7,distinct,none,distinct,1 2 5 6 7 11 17
771W8GnPMIe8HhF9CG,7,progressive,none,distinct,2 3 6 7 8 10 13
771WIO8a86584KkfBA,7,plain,none,mixed,2 3 4 8 10 10 12
771W8Oua6ACK8e2BCC,7,plain,none,mixed,2 2 3 4 6 7 25
771W1KyZI6A8Sgpee4,7,progressive,none,distinct,1 3 7 8 9 10 11
771WWeHH22OXnq556I,7,plain,none,mixed,1 2 2 4 6 16 18
771WGILiq406CgcnH9,7,progressive,none,distinct,1 4 6 7 8 11 12
771WOaIfT5U4yBaG92,7,plain,none,mixed,1 3 3 6 10 11 15
771W233hNKM844CB2W,7,plain,none,mixed,1 3 6 6 7 9 17
771WKNgiCGGG4M2Saq,7,plain,none,mixed,1 4 6 8 8 9 13
771W4ayBMqAY9K5B6A,7,progressive,none,distinct,2 3 5 8 9 10 12
771WBC4T5r4A96Qe8X,7,progressive,none,distinct,1 3 7 8 9 10 11
771WOOcEgn71SFLG74,7,progressive,none,distinct,1 4 6 7 9 10 12
771WeCCg5E8a88c9EC,7,distinct,none,distinct,1 2 7 8 9 10 12
771W8NKCILO88iXsYH,7,progressive,none,distinct,1 5 6 7 9 10 11
771WWII6AAM0WPSLYY,7,plain,none,mixed,1 4 4 6 8 9 17
771WgiQMHG24KDLv42,7,progressive,none,distinct,3 4 5 6 9 10 12
771W6KMIPHH88YaiKG,7,plain,none,mixed,1 6 7 8 8 8 11
771WHHaYP22K4IMUKI,7,plain,none,mixed,2 2 6 7 8 12 12
771We8G84eYKs-BDCC,7,progressive,none,distinct,2 4 5 6 9 10 13
771W0GjbL4imbJAMMG,7,plain,none,mixed,2 2 4 9 9 10 13
771W9fZKWeeWC4MQQA,7,progressive,none,distinct,1 3 6 7 8 11 13
771WqA9KQX11YAaiQA,7,progressive,none,distinct,1 2 5 6 8 13 14
771WIA5frp981bT3I2,7,progressive,none,distinct,2 4 5 6 7 12 13
771WYw98KK41Hc64KS,7,progressive,none,distinct,1 2 4 6 9 13 14
771WCEFgAI948B2g9G,7,plain,none,mixed,2 6 6 7 8 10 10
771W1mlebEAWYIDIAq,7,progressive,none,distinct,1 3 5 8 9 10 13
771WIUA6MHm54IgK21,7,plain,none,mixed,1 4 5 5 10 11 13
771WAIIb24ebia5AC4,7,progressive,none,progressive,1 3 5 7 9 11 13
771WeORLPcA3Z1E9I8,7,progressive,none,distinct,1 3 6 7 9 11 12
771WO56GN94YYEjgqH,7,progressive,none,distinct,2 3 5 7 9 10 13
771WA8Av98W859ggQK,7,progressive,none,distinct,2 3 6 8 9 10 11
771WI52IE4444ig-0m,7,plain,none,mixed,1 1 3 4 11 13 16
771W4x98LGGWGccYIi,7,plain,none,mixed,2 2 4 5 11 11 14
771W0JMAa-0XbEDIrL,7,plain,none,mixed,1 4 5 8 9 9 13
771W4AQMIHX01IgcII,7,plain,none,mixed,2 5 5 6 6 9 16
771WWGHjB8WCf9A62K,7,distinct,none,distinct,1 2 3 5 9 11 18
771WGAAi445iaa49XW,7,plain,none,mixed,1 2 2 8 10 12 14
771WGCD83AY23Zaiiw,7,plain,none,mixed,1 4 5 5 5 7 22
771W0KmXaz1nfIJcce,7,plain,none,mixed,1 3 4 6 9 9 17
771W1BCXh20YggiqJP,7,progressive,none,distinct,2 3 4 7 8 11 14
771W8OXYLEEaqI05AK,7,plain,none,mixed,1 4 4 5 6 8 21
771W1cMGEA9WGCCgd6,7,plain,none,mixed,2 2 3 6 11 11 14
771WHIoQ334KCC89X4,7,plain,none,mixed,1 3 5 5 9 10 16
771WKG864f421HBkgf,7,plain,none,mixed,1 3 5 6 6 11 17
771W4AYeMCA8KMgFYY,7,progressive,none,distinct,1 3 5 8 9 11 12
771W0hhADB1AYYLJd8,7,progressive,none,distinct,1 3 6 7 9 10 13
771W1EvAA6G8G9xPqC,7,plain,none,mixed,1 4 5 5 9 12 13
771W8aYaKrvY40Xueg,7,plain,none,mixed,2 2 4 5 7 11 18
771W21OOLf0HIINLr3,7,progressive,none,distinct,1 4 5 7 9 11 12
771W88uKKK9AIH9445,7,plain,none,mixed,1 5 5 7 7 9 15
771W46cXPLGG453gA5,7,plain,none,mixed,2 2 3 7 8 8 19
771W84Tfi50ggoiHH6,7,progressive,none,distinct,2 3 5 7 9 10 13
771W6659iSI246D5K8,7,distinct,none,distinct,2 4 5 6 7 9 16
771WGfdNWGGYEaqqa8,7,plain,none,mixed,2 4 5 5 7 9 17
771WOL66IW1HIa4qYJ,7,plain,none,mixed,1 1 2 4 8 15 18
771W6qgAgB1KgwXn20,7,progressive,none,distinct,1 3 5 6 10 11 13
771WYYW756888895RL,7,plain,none,mixed,3 3 4 4 4 15 16
771WoPlcLS0XL2fqCY,7,progressive,none,distinct,1 2 5 7 9 12 13
771W4a4-iAKYSPOB44,7,plain,none,mixed,1 6 7 7 8 9 11
771W874iIKL844eMYJ,7,progressive,none,distinct,1 5 6 7 8 9 13
771Wifba99H401KiiK,7,plain,none,mixed,3 4 4 4 6 10 18
771W9A4A5EH223TLl8,7,plain,none,mixed,3 4 5 5 6 8 18
771WYKfCa40KgwkHnf,7,progressive,none,distinct,1 2 5 7 8 12 14
771WXXAEbSe2LM99L3,7,progressive,none,distinct,3 4 6 7 8 9 12
771WQHQ6AYX02QianG,7,progressive,none,distinct,1 2 3 8 9 11 15
771W11TfHmoGU8KCD3,7,plain,none,mixed,2 2 4 5 7 14 15
771WEr43XW9XKa5DfQ,7,plain,none,mixed,2 3 3 4 6 15 16
771W9OCAcC9aYIKB9e,7,plain,none,mixed,1 4 4 7 8 10 15
771WWHC9rg44ZNDIJf,7,progressive,none,distinct,2 4 6 7 9 10 11
771WOKapvBG0IDhB59,7,progressive,none,distinct,2 3 5 7 8 11 13
771WWFA5III8eiaScQ,7,progressive,none,distinct,3 4 5 7 8 9 13
771W2q4eP9eerJOW05,7,plain,none,mixed,1 2 2 7 7 8 22
771WAKLmGGb85e8f9O,7,plain,none,mixed,1 2 6 6 7 8 19
771WYW8A345Kqqeg25,7,plain,none,mixed,1 2 4 6 6 15 15
771W4CjgIJL4GKm9AG,7,progressive,none,distinct,1 3 7 8 9 10 11
771W8Pu9q84oiE344u,7,plain,none,mixed,1 3 5 5 8 11 16
771W99sBa48AKCT8KO,7,progressive,none,distinct,2 3 5 7 9 10 13
771W02RxLMo58K45oW,7,distinct,none,distinct,1 2 5 6 7 9 19
771WOeIiZ322u8KSHM,7,plain,none,mixed,1 3 7 7 7 8 16
771W09mq8uC6LMbeeO,7,progressive,none,distinct,1 2 4 5 10 13 14
771WOKTio41AAKaF9G,7,progressive,none,distinct,2 4 5 6 9 10 13
771W0uyrRQ54W9rfjY,7,progressive,none,distinct,2 4 5 6 9 11 12
771WY6APCGK4aht0ea,7,plain,none,mixed,1 2 2 5 8 10 21
771WKHkK4CK7VAHeu8,7,progressive,none,distinct,2 5 6 7 8 9 12
771W446wQSO4849IAA,7,plain,none,mixed,3 4 6 7 7 8 14
771WeaSCBKO8OAr642,7,progressive,none,distinct,2 4 5 6 8 10 14
771WWWXrMLU488943K,7,plain,none,mixed,1 2 4 4 7 7 24
771WggGOZeA1K8NNIK,7,plain,none,mixed,2 4 4 7 8 10 14
771WGIPbLef0EmggQ9,7,progressive,none,distinct,1 4 6 8 9 10 11
771WWqMbCM80SdYHRN,7,progressive,none,distinct,2 3 6 7 8 10 13
771W077hEYe4AADZXL,7,plain,none,mixed,2 4 5 7 7 7 17
771W299DYeo8CDkc5X,7,progressive,none,distinct,1 2 6 7 10 11 12
771W98AGc5424CCAMr,7,distinct,none,distinct,1 3 5 8 9 11 12
771W44Bj6DX855RCM8,7,progressive,none,distinct,1 3 5 8 9 10 13
771WeeK6A2D2ogT498,7,plain,none,mixed,1 2 4 7 11 12 12
771Wc88zcaI2faOpKO,7,progressive,none,distinct,1 3 7 8 9 10 11
771W44ILDAGGGDBRA4,7,progressive,none,distinct,2 3 4 8 9 11 12
771W6Ao9UQrG9Sb2D0,7,progressive,none,distinct,1 4 5 8 9 10 12
771WPPKUaaH054OLPO,7,progressive,none,distinct,2 4 5 6 9 11 12
771W2251COO6646SS8,7,plain,none,mixed,1 2 4 5 5 12 20
771W9IIYMwA2DfBDW0,7,progressive,none,distinct,2 3 4 7 9 11 13
771W468moX192CKKcc,7,plain,none,mixed,2 2 3 4 11 13 14
771WUcca8OY4X2b988,7,plain,none,mixed,1 3 5 5 6 13 16
771WKIEEE7X23JHf8A,7,progressive,none,distinct,2 3 6 7 8 10 13
771WOOIe8iSA5CQO88,7,progressive,none,distinct,2 3 5 7 8 10 14
771W0g99CWAInndZI6,7,plain,none,mixed,1 2 2 4 11 12 17
771W2rn56r0XAffMs5,7,progressive,none,distinct,1 3 5 8 9 10 13
771WLLoA9H0H9QII6H,7,progressive,none,distinct,2 4 5 8 9 10 11
771WWIIQLLI4a953cX,7,distinct,none,distinct,3 4 5 6 7 8 16
771WAC2XTDLOKNKm80,7,distinct,none,distinct,1 3 4 6 8 11 16
771W2APSNH0nncIQCP,7,progressive,none,distinct,1 5 6 7 8 10 12
771WAXCCH80Kqs9LrJ,7,progressive,none,distinct,3 4 6 7 8 9 12
771WKORQXm4GN7d6IC,7,progressive,none,distinct,1 4 5 8 9 10 12
771WSTCAX1024K4SSf,7,plain,none,mixed,2 4 4 5 5 11 18
771WWvgQJV8WObYXqH,7,progressive,none,distinct,1 4 6 7 8 11 12
771W8IQAE74GGeILXY,7,plain,none,mixed,2 4 5 5 8 9 16
771W8HK9Ma712yqihM,7,progressive,none,distinct,1 5 6 7 8 9 13
771W6RQHZ2424ia5iI,7,progressive,none,distinct,2 3 5 6 9 11 13
771W0avbn1CIiohNN8,7,progressive,none,distinct,1 3 6 8 9 10 12
771WXLjXgK85tKFca0,7,progressive,none,distinct,2 3 5 7 8 11 13
771WMPhoOHX0LAc6o9,7,progressive,none,distinct,1 4 6 8 9 10 11
771WmcXZVv22LnqYR8,7,progressive,none,distinct,2 4 5 7 8 10 13
771WgquLIK48WbTgC8,7,plain,none,mixed,2 3 7 7 9 9 12
771WQOPik242C42Deu,7,progressive,none,distinct,1 2 5 8 10 11 12
771W35-oQlOG7KAXH3,7,progressive,none,distinct,1 4 5 7 9 11 12
771WWaacgDP0YZb68A,7,progressive,none,distinct,1 2 3 9 10 11 13
771WKgPDCf0oHfeYI5,7,progressive,none,distinct,1 2 5 7 10 11 13
771W3lgfRhjGcWKb8G,7,progressive,none,distinct,2 5 6 7 8 10 11
771WYebn4HK4iYIDjo,7,plain,none,mixed,1 2 4 4 10 11 17
771WffQQW012qaKKG1,7,plain,none,mixed,1 2 4 4 6 7 25
771WHHcc431KK44MH2,7,plain,none,mixed,2 2 2 4 10 14 15
771WWgHoCeOALKcaOG,7,progressive,none,distinct,1 3 5 7 9 10 14
771WPhjTkAJ2yH2Ga1,7,progressive,none,distinct,1 3 7 8 9 10 11
771WaO8548GGmXgAAE,7,plain,none,mixed,1 3 3 5 9 11 17
771WGQm110eQJRggQI,7,progressive,none,distinct,1 2 4 8 9 12 13
771WAMbbdK41Ree6I2,7,progressive,none,distinct,1 5 6 7 8 10 12
771WQGriaX2K99bpI9,7,plain,none,mixed,2 2 5 7 9 12 12
771WWAI45T19foHSqn,7,progressive,none,distinct,1 2 6 7 8 11 14
771W8EC8MC8226LyAA,7,distinct,none,distinct,1 3 6 7 8 10 14
771WWWXimB82AEEA9I,7,progressive,none,distinct,1 3 5 6 7 10 17
771W8ACDNHY016IQjY,7,plain,none,mixed,3 3 4 6 7 9 17
771W2CgoJvcG69Zo16,7,progressive,none,distinct,1 3 4 6 10 11 14
771W10I8H49AASLNFi,7,plain,none,mixed,1 3 5 5 7 11 17
771WegI8854G0OQRZX,7,plain,none,mixed,2 2 3 3 6 13 20
771W8GLE9Q922h8KVG,7,progressive,none,progressive,1 3 5 7 9 11 13
771WOH12AY2HJZ558e,7,distinct,none,distinct,1 2 4 5 6 8 23
771W0LK4qje9CkiHHY,7,progressive,none,distinct,1 4 5 6 8 12 13
771WaKKGAIGOuEA255,7,distinct,none,distinct,2 3 4 7 8 9 16
771WW9GIqu8fCLcaeO,7,progressive,none,distinct,1 3 4 5 11 12 13
771WKKIf55D84C5KC4,7,distinct,none,distinct,1 3 6 8 9 10 12
771W41L9fQIMI98mo4,7,distinct,none,distinct,1 4 5 6 8 12 13
771W455biaY8CCE10a,7,plain,none,mixed,1 3 3 4 9 12 17
771WOIoI4LbAJaaa02,7,distinct,none,distinct,1 2 3 5 9 12 17
771WJMMBam015EAcAc,7,progressive,none,distinct,1 4 6 7 8 11 12
771WI9BEO9I44ZA6pO,7,progressive,none,distinct,1 3 6 7 9 11 12
771Wcf1iQKKCKKgEe0,7,plain,none,mixed,1 3 5 5 6 14 15
771W1D2j450LPPbQQL,7,progressive,none,distinct,2 3 6 8 9 10 11
771W44qeEAK4G9BLKK,7,progressive,none,distinct,2 3 6 7 8 11 12
771W6RRYWueWfAWWaC,7,plain,none,mixed,1 3 4 4 6 8 23
771W2IM6-W0HKkgo22,7,distinct,none,distinct,1 3 5 7 9 10 14
771W47QAAiiA8OGYGW,7,plain,none,mixed,1 2 4 9 10 10 13
771W0AQQZZKYbm45ab,7,progressive,none,distinct,2 3 5 6 8 12 13
771WnILBCCa8f98SaG,7,progressive,none,distinct,1 5 6 7 9 10 11
771WGEA454588eOhJK,7,plain,none,mixed,2 3 5 7 8 8 16
771WY4Pv66WuL9TfCG,7,progressive,none,distinct,1 3 5 8 9 11 12
771W90aCDC4GOOniiE,7,plain,none,mixed,1 3 3 6 8 14 14
771WQQMQgCC46AO288,7,progressive,none,distinct,3 4 6 7 8 10 11
771W5vvvrMDYW1qGJW,7,progressive,none,distinct,1 4 5 7 9 11 12
771WIK84eAg34qkImm,7,distinct,none,distinct,1 2 4 6 7 12 17
771WmISin802g6LLbZ,7,progressive,none,distinct,1 2 7 8 9 10 12
771WAyiaXNG2qcEb61,7,progressive,none,distinct,1 4 6 7 8 10 13
771W2136-64SQSQJg2,7,progressive,none,distinct,1 5 6 7 8 10 12
771WYYKA9QL0GA9P74,7,distinct,none,distinct,2 3 4 7 9 10 14
771W3YwfZACGgoabg2,7,progressive,none,distinct,1 5 6 7 9 10 11
771W99CGS2222ACMMc,7,progressive,none,distinct,1 3 4 7 10 11 13
771W0WAAF54YIIC9NI,7,plain,none,mixed,1 4 5 5 9 10 15
771WeLK88M4YY9hXYI,7,plain,none,mixed,1 5 5 6 6 12 14
771W996wHKGC85T7J5,7,progressive,none,distinct,1 4 5 7 9 11 12
771W4Aqo73K7JMcz41,7,progressive,none,distinct,2 5 6 7 8 9 12
771W6KE-IAA48saeGG,7,progressive,none,distinct,1 4 6 8 9 10 11
771W122PDWGQRUKIg2,7,progressive,none,distinct,1 3 5 7 10 11 12
771WLZvLIAI4y3Qs40,7,progressive,none,distinct,1 5 6 7 8 10 12
771WGaOKLHf1mpgIIK,7,progressive,none,distinct,1 3 5 7 8 12 13
771WuEEQ3994a8EcaW,7,progressive,none,distinct,1 4 6 7 9 10 12
771W12KSJaKKN48Mc2,7,distinct,none,distinct,1 4 5 6 9 10 14
771W6B3Ea41IKKuTX8,7,progressive,none,distinct,1 3 4 7 9 11 14
771W22iie88IAAOK44,7,distinct,none,distinct,1 3 4 6 10 12 13
771WKQQMDJ511cCdaW,7,progressive,none,distinct,3 4 5 7 8 9 13
771WAIIndd649b52C1,7,progressive,none,distinct,2 4 6 7 8 9 13
771W02Gu47Heaznsbc,7,distinct,none,distinct,1 2 4 5 7 8 22
771W6QXbOaOW_ul4K8,7,progressive,none,distinct,1 4 5 8 9 10 12
771W45PcgKa8BQKgeG,7,plain,none,mixed,1 4 5 8 10 10 11
771WJ3ba664imGGH4C,7,plain,none,mixed,1 2 3 7 9 9 18
771W11CLQYXGIQSKL8,7,progressive,none,distinct,1 3 6 7 9 11 12
771W44mh9FLG4TQA58,7,plain,none,mixed,3 3 4 6 10 11 12
771W28YzLLp4PKuv80,7,progressive,none,distinct,1 5 6 7 8 10 12
771W1q2Z3DCSWGIpf8,7,plain,none,mixed,1 2 4 6 6 9 21
771W8TnIWeWGTfQgcE,7,progressive,none,distinct,1 5 6 7 9 10 11
771W24KOaenGK9Ec67,7,plain,none,mixed,1 3 7 7 8 11 12
771WGblkS114aYqIEa,7,plain,none,mixed,2 4 5 7 8 8 15
771Wa2RK8WGmJEMwIA,7,progressive,none,distinct,1 4 6 8 9 10 11
771W8eDMmI4IqvH5AI,7,progressive,none,distinct,2 4 5 6 7 11 14
771W88P2yaiKICJKO8,7,progressive,none,distinct,1 3 6 7 9 11 12
771WGGHHyKc43ACDCG,7,progressive,none,distinct,1 4 5 6 9 10 14
771WKiK88ePIneG889,7,plain,none,mixed,1 3 3 3 9 11 19
771WHQocbbGGHv92c1,7,progressive,none,distinct,1 4 6 7 9 10 12
771WAafZK448aYwyK8,7,plain,none,mixed,2 4 5 6 10 11 11
771WaIA2EbI9hQCj21,7,progressive,none,distinct,2 5 6 7 8 9 12
771WEoAUkfXGbvY820,7,progressive,none,distinct,1 4 5 8 9 10 12
771W4LhK19Hd_APLDW,7,progressive,none,distinct,2 5 6 7 8 10 11
771WgwkgVeW07nCI42,7,progressive,none,distinct,1 4 5 8 9 10 12
771W1cAEbJhXMNQYa0,7,progressive,none,distinct,1 4 5 8 9 10 12
771W82GMZ2624Kqvgi,7,progressive,none,distinct,1 3 4 5 9 13 14
771W442QYe8LIUIIGG,7,distinct,none,distinct,1 2 5 6 8 13 14
771W5oIu588aSakAY4,7,plain,none,mixed,1 4 5 9 9 10 11
771W42Ib8O8DDMKu84,7,progressive,none,distinct,1 4 5 6 8 11 14
771Wg4KIaq8HsnHi88,7,progressive,none,distinct,2 4 6 7 8 10 12
771W4AAQMX9ORLac20,7,progressive,none,distinct,1 4 6 7 8 10 13
771WYZfLbpZ2D6UIW0,7,progressive,none,distinct,2 4 6 7 8 10 12
771WMNYa4a05QAAPHX,7,plain,none,mixed,2 3 6 8 8 10 12
771WISuH4HGKC6-gA5,7,progressive,none,distinct,1 3 5 8 9 10 13
771W284bKqmGUTze84,7,progressive,none,distinct,2 3 4 8 9 10 13
771WZ9icE69GaahmPO,7,progressive,none,distinct,2 4 5 7 9 10 12
771W0KIIu8mZapqKGG,7,plain,none,mixed,1 2 5 7 7 10 17
771W0KT9BA6YYAPWao,7,plain,none,mixed,1 3 5 7 10 10 13
771WJBBO4c09AcMHAI,7,progressive,none,distinct,2 3 5 7 9 11 12
771WJOhzOO05He9Dr5,7,distinct,none,distinct,1 3 6 8 9 10 12
771WWWCIsuw0KOJDAA,7,distinct,none,distinct,2 3 4 7 8 10 15
771W8GK9nHn34yO888,7,plain,none,mixed,1 2 4 4 11 12 15
771W0WWVA24ZRNRNOK,7,progressive,none,distinct,3 4 5 7 8 9 13
771WsNF98EWW1HA9Y6,7,plain,none,mixed,1 3 5 5 9 10 16
771W86BCSG0HHKogQI,7,plain,none,mixed,1 5 6 7 7 10 13
771WsqqKO22A226Imm,7,progressive,none,distinct,2 3 4 7 9 10 14
771WGGmnkA98I62658,7,plain,none,mixed,1 4 5 5 6 8 20
771WGXXqKabGc88AAZ,7,distinct,none,distinct,1 3 5 6 8 10 16
771WAJ6sAC084yPFHX,7,plain,none,mixed,1 3 5 6 10 10 14
771WYaIc8aq6OHNu44,7,plain,none,mixed,2 2 5 7 9 11 13
771WCCDjAH159A4GM6,7,plain,none,mixed,2 2 4 7 8 10 16
771WKLM859Z0197DSi,7,plain,none,mixed,3 3 4 6 6 10 17
771WG0caaCOmc75OGG,7,plain,none,mixed,1 1 2 4 8 15 18
771W5BA4HH8eejDbDS,7,plain,none,mixed,2 5 6 6 8 11 11
771WDswwHEaW5dH2d1,7,progressive,none,distinct,3 4 5 6 9 10 12
771WOC4aS42gc4Ibaa,7,distinct,none,distinct,2 3 5 8 9 10 12
771WDCFofe418CBIEm,7,progressive,none,distinct,1 3 6 7 9 11 12
771WAQM9D8GGGfSIA4,7,progressive,none,distinct,3 4 5 6 7 11 13
771WbKsggQK0o891Ou,7,progressive,none,distinct,1 2 7 8 9 10 12
771WKFcb8216IoMIfK,7,progressive,none,distinct,3 4 5 7 9 10 11
771W8GJbED84Ca4DNH,7,plain,none,mixed,3 3 5 6 8 9 15
771W0XKoSX1LgsoieQ,7,distinct,none,distinct,1 2 4 6 9 11 16
771W4BRCLMAHHCXeQa,7,progressive,none,distinct,1 4 5 8 9 10 12
771WQQGSEA8448IU99,7,distinct,none,distinct,1 4 6 7 8 10 13
771WIIAKQaH8BKQVXW,7,plain,none,mixed,2 2 6 7 8 11 13
771WILwA58GO8HMaq2,7,plain,none,mixed,1 5 5 6 8 11 13
771WOHMFA6022Qobz5,7,progressive,none,distinct,1 4 6 7 8 11 12
771WKGGWWPI4AHIopo,7,plain,none,mixed,3 3 5 6 7 7 18
771W0GVb6QfchIAGDG,7,plain,none,mixed,3 3 5 7 8 9 14
771WOPeeSS44S9aaaK,7,plain,none,mixed,4 4 5 6 9 10 11
771W4mBB5U2HXod6G6,7,plain,none,mixed,1 1 5 7 8 13 14
771WQSSQSYH7435h54,7,progressive,none,distinct,1 4 5 8 9 10 12
771WX1QKYcWmMMEDH1,7,progressive,none,progressive,1 3 5 7 9 11 13
771W455cOYXA426QTa,7,plain,none,mixed,2 2 4 5 8 12 16
771WfLXjIP60y9dQT6,7,progressive,none,distinct,3 4 5 6 8 10 13
771W4Pd8O44KCwwIAY,7,progressive,none,distinct,1 5 6 7 9 10 11
771WMcc6A88ee8C422,7,plain,none,mixed,2 2 4 8 10 10 13
771WGGQpz9a2B9ML98,7,progressive,none,distinct,1 2 6 8 9 10 13
771W24ExA9G849IgQL,7,progressive,none,distinct,3 4 5 6 8 10 13
771W89Hreco84PF74W,7,distinct,none,distinct,1 3 4 8 9 11 13
771W3E2Y4W8A77s48e,7,plain,none,mixed,1 1 4 5 5 15 18
771WcIQKS424aok188,7,distinct,none,distinct,1 3 4 6 7 11 17
771W62KIToHehqoS70,7,progressive,none,distinct,1 4 6 7 8 10 13
771WIosEbaYeKSG364,7,progressive,none,distinct,2 3 6 7 8 10 13
771W46aA6a8JAA7Qaa,7,distinct,none,distinct,1 4 6 7 8 9 14
771W65ccww2O9DD1m0,7,progressive,none,distinct,1 2 5 8 9 11 13
771WWeSKAHG4qcSKIH,7,progressive,none,distinct,1 5 6 7 9 10 11
771W4OIIsY1DAaqM10,7,distinct,none,distinct,1 2 3 7 8 12 16
771W9qFCQJWGXqYEHg,7,progressive,none,distinct,1 4 6 7 8 11 12
771WWCQSEBJ4anYOEC,7,progressive,none,distinct,2 4 5 8 9 10 11
771WOG1vUI8OKvJLK8,7,progressive,none,distinct,1 4 6 8 9 10 11
771WJAsacG0BHgQCY2,7,progressive,none,distinct,1 2 6 8 9 10 13
771W28g8CS9BJIifHG,7,plain,none,mixed,2 4 5 8 8 9 13
771WGmMIi41KYMMDHG,7,plain,none,mixed,1 3 5 7 11 11 11
771WqK4aa28AaKLB88,7,progressive,none,distinct,1 2 4 9 10 11 12
771W88-d8AA6IAMIC4,7,progressive,none,distinct,1 4 6 8 9 10 11
771WOPPc6IWC9AA29X,7,progressive,none,distinct,1 3 6 8 9 10 12
771WOQLOLX2126wyDK,7,progressive,none,distinct,2 4 5 7 8 11 12
771WH3JN69CGGadg25,7,progressive,none,distinct,1 2 4 6 10 12 14
771WGWSG6X0LsMUCA9,7,progressive,none,distinct,1 3 4 5 9 13 14
771W782pqGGA86sKa8,7,plain,none,mixed,1 2 2 6 9 14 15
771WCCy2ot0PKF7D12,7,progressive,none,distinct,1 2 4 7 10 11 14
771WgbLJI880GAgAaK,7,plain,none,mixed,2 3 6 7 7 10 14
771WE999hAG423X1c4,7,plain,none,mixed,1 1 5 6 8 14 14
771WPv94CIYYJIC208,7,plain,none,mixed,2 3 3 3 8 11 19
771WeHPMDim2YNfYk8,7,progressive,none,distinct,2 3 5 6 10 11 12
771W5ME6WG8Ycri4a4,7,plain,none,mixed,3 4 5 5 7 10 15
771WFdhBDka1ggH520,7,progressive,none,distinct,1 5 6 7 8 10 12
771WSqMPPKOWG2fAIO,7,plain,none,mixed,1 3 7 7 9 11 11
771W4228aue465Eeee,7,plain,none,mixed,3 3 3 4 4 15 17
771W44KPM88GG6ESQM,7,progressive,none,distinct,2 4 5 6 9 11 12
771W5HIia59Ye85goG,7,plain,none,mixed,2 2 5 6 10 12 12
771WLJKwme88178uCS,7,plain,none,mixed,2 2 6 6 8 10 15
771WffczAi427FI6S0,7,progressive,none,distinct,1 2 6 7 9 11 13
771W3GPKKI6aaH9AeO,7,plain,none,mixed,1 1 6 8 9 10 14
771WaIH99L51XAAfP4,7,progressive,none,distinct,2 3 6 7 8 10 13
771WGTQ8e21ACiMczC,7,progressive,none,distinct,2 4 6 7 8 9 13
771W8C43a64IKKaD6E,7,plain,none,mixed,1 4 5 6 11 11 11
771W55uIAC0IAMPRHX,7,progressive,none,distinct,1 4 6 7 9 10 12
771WG8NRhiOGLWPIIA,7,progressive,none,distinct,2 3 6 7 8 10 13
771W9P7DPW0XYKUIA2,7,progressive,none,distinct,1 4 5 6 7 12 14
771WeIca8e4obLreGG,7,plain,none,mixed,1 5 6 6 7 8 16
771WB9Dq4K8BF8nW08,7,plain,none,mixed,1 2 2 3 9 13 19
771WaAg974GSabbaA8,7,progressive,none,distinct,1 3 7 8 9 10 11
771WADdnoo01HPPfKe,7,progressive,none,distinct,2 3 5 6 10 11 12
771W0GDOK64ggKKABJ,7,plain,none,mixed,2 4 4 6 9 10 14
771W0PGH5KQYYbKNMe,7,progressive,none,distinct,1 2 4 7 10 11 14
771W16BeKKL8C8KYgJ,7,progressive,none,distinct,1 4 5 7 8 11 13
771W9AECu44246M8e8,7,plain,none,mixed,1 2 5 6 9 13 13
771WaIQCk54CgI2g47,7,progressive,none,distinct,1 5 6 7 9 10 11
771W8uJEMaemYiPIG8,7,progressive,none,distinct,1 3 6 8 9 10 12
771WCQRB68888ecYG4,7,plain,none,mixed,1 2 7 7 7 12 13
771W4gQ8AAJeOHWWDC,7,distinct,none,distinct,1 3 5 6 7 12 15
771WOPG4a2YDAQQIGW,7,plain,none,mixed,1 2 6 7 7 10 16
771W8A3ML12IIOekBK,7,progressive,none,distinct,1 4 5 6 7 11 15
771W8G2G6IKssgADKK,7,distinct,none,distinct,2 3 4 6 7 11 16
771WYIJrqK83f894S4,7,progressive,none,distinct,1 4 6 7 9 10 12
771WeMaXLGG8qqKgQK,7,progressive,none,distinct,2 4 5 7 8 10 13
771Wafha4aa166-O8W,7,progressive,none,distinct,1 2 6 7 9 10 14
771W1nenUJWebQ427O,7,plain,none,mixed,1 2 2 4 6 14 20
771WGGoAFJAO0RKI54,7,plain,none,mixed,1 2 4 6 6 14 16
771W44ABGKm545HI6E,7,plain,none,mixed,1 1 5 8 9 11 14
771W39Hgw6A2CMhg80,7,progressive,none,distinct,1 3 4 8 10 11 12
771WfggnEl916E41k1,7,progressive,none,distinct,1 5 6 7 8 9 13
771W2HIefUCAAXehIa,7,progressive,none,distinct,1 2 5 6 9 12 14
771W0Mc3baoCLaaDeY,7,progressive,none,distinct,1 3 6 8 9 10 12
771W6ccRhIMWE8A30A,7,progressive,none,distinct,1 2 7 8 9 10 12
771Watj04CN8WHAKbC,7,plain,none,mixed,1 3 3 6 6 8 22
771WaYJhkiK8H95WI6,7,plain,none,mixed,2 2 4 5 7 10 19
771WGH9EIq5IHL5A8X,7,progressive,none,distinct,1 4 5 6 9 11 13
771WmehiTGG04YQSCI,7,plain,none,mixed,2 2 5 8 10 10 12
771WLbgovPOIW8SCK1,7,plain,none,mixed,3 3 6 6 8 10 13
771WIBADAi421X96y4,7,progressive,none,distinct,1 4 5 6 8 9 16
771WGGg65548GGOKKL,7,distinct,none,distinct,2 3 4 5 7 10 18
771W88AEdjB36683GK,7,distinct,none,distinct,1 3 5 7 8 12 13
771W1ag8En5XABLsg8,7,progressive,none,distinct,1 5 6 7 9 10 11
771W9A8HFX256ASQj6,7,progressive,none,distinct,1 3 5 8 9 11 12
771WKaiCAYaOoIG544,7,progressive,none,distinct,1 3 5 7 10 11 12
771WWWowiCL2K58CGH,7,progressive,none,distinct,1 2 5 6 7 12 16
771WEUSXgIW29YCSD9,7,distinct,none,distinct,2 3 5 7 9 11 12
771WaabCgQa4FD4D8G,7,progressive,none,distinct,3 4 6 7 8 10 11
771W0G4YEAGeaLIUPP,7,progressive,none,distinct,1 3 6 7 9 11 12
771WC9AQ5H944B6cwC,7,progressive,none,distinct,3 4 6 7 8 10 11
771W21n89IeAJ9AAhL,7,plain,none,mixed,2 3 3 3 8 14 16
771W8XYClva4fg9BLa,7,progressive,none,distinct,3 4 5 6 7 11 13
771Wopj77618O8GP3W,7,plain,none,mixed,2 3 3 7 7 8 19
771WG4ccFBBK4aYG24,7,plain,none,mixed,2 2 3 7 9 13 13
771WGOOrLEC84Y8A97,7,progressive,none,distinct,1 4 6 7 8 9 14
771W14S88a4LMEQYY2,7,distinct,none,distinct,1 4 5 6 7 11 15
771WM6D7aa4if9H8KG,7,progressive,none,distinct,2 4 5 6 9 11 12
771W24xWOSH8KDInP8,7,distinct,none,distinct,1 2 5 6 7 11 17
771Wafm9842YAQcbaO,7,progressive,none,distinct,1 4 6 8 9 10 11
771Wa8G6BB7e8Oj842,7,distinct,none,distinct,1 2 3 6 8 14 15
771WeIpjdfIGX9cg5H,7,progressive,none,distinct,2 4 6 7 9 10 11
771W88r96GW8PAU64K,7,plain,none,mixed,1 1 2 9 10 13 13
771W225PSG155AAKK5,7,plain,none,mixed,1 2 4 6 6 14 16
771WaiI953WaLTbJA1,7,progressive,none,distinct,1 5 6 7 9 10 11
771WmYsLK888mIIGea,7,progressive,none,distinct,1 3 5 6 9 11 14
771W4qaY544aKqqC42,7,plain,none,mixed,2 3 5 7 8 12 12
771W0Bi6CHXIBAqcwO,7,progressive,none,distinct,1 3 6 7 9 10 13
771WLKfoIK1GK9Pxn8,7,progressive,none,distinct,2 4 5 7 8 11 12
771W42IUT42II4AdMG,7,plain,none,mixed,2 2 5 6 10 10 14
771WY55phdJPvqo9W0,7,progressive,none,distinct,2 3 5 8 9 10 12
771W4K24IJmfeyyK9A,7,progressive,none,distinct,1 2 4 8 9 12 13
771WWZfKCZ13BFLRgW,7,progressive,none,distinct,1 5 6 7 8 10 12
771W5344HS4YYbcqK6,7,progressive,none,distinct,1 3 4 7 8 11 15
771WAywAACa8fXGo44,7,distinct,none,distinct,2 3 5 8 9 10 12
771WcboKKMK19KKAn1,7,progressive,none,distinct,2 4 6 7 8 9 13
771WGFEC8fW02YbfPg,7,plain,none,mixed,2 3 3 6 9 10 16
771W8GzKs2GBLoAKH9,7,progressive,none,distinct,2 4 5 6 9 11 12
771WIoI4499cMECA21,7,progressive,none,distinct,1 3 6 7 9 10 13
771WSQJA4aeA8O5aG8,7,plain,none,mixed,2 2 6 6 8 12 13
771W1lW99BSWefOfQ9,7,progressive,none,distinct,1 3 4 8 9 11 13
771W9A8OhG88E3KKoM,7,progressive,none,distinct,1 3 5 8 9 11 12
771WACwC223O8GKiGH,7,plain,none,mixed,1 1 3 7 8 10 19
771WG4LxunGPGigA6H,7,progressive,none,distinct,1 3 7 8 9 10 11
771WaaKRu554I4A95A,7,plain,none,mixed,2 2 7 9 9 10 10
771W0eBpeA2OgkJJCG,7,distinct,none,distinct,1 2 3 5 10 13 15
771WH1yiIA2miILLI2,7,plain,none,mixed,2 2 4 8 10 11 12
771W01BafZ4922STEf,7,plain,none,mixed,2 2 3 4 5 11 22
771WAIbEE988Oe6IO3,7,plain,none,mixed,1 1 4 6 9 12 16
771W8HIKmGGKIaaiqK,7,plain,none,mixed,5 5 5 5 5 9 15
771WGi48KD0E-Qz99A,7,progressive,none,distinct,1 2 6 7 9 11 13
771W6LJBJ96aaA7Mf8,7,plain,none,mixed,4 4 5 6 9 10 11
771W8Hq4KqJ9IiCHHW,7,progressive,none,distinct,1 3 6 7 8 10 14
771W588CNRB88Dgaa0,7,plain,none,mixed,2 3 4 5 10 10 15
771W0IiicceGKqraHH,7,progressive,none,distinct,2 4 5 6 8 11 13
771W0IaNH8WGPdcwMQ,7,distinct,none,distinct,2 4 5 8 9 10 11
771WLYH99bM2nOImn8,7,distinct,none,distinct,2 3 4 5 6 13 16
771We8X4A9AeGGKSR9,7,plain,none,mixed,1 2 6 6 7 9 18
771W2aKCF9CWGOJc05,7,plain,none,mixed,1 1 2 4 8 15 18
771WAEKay40AAKIXHH,7,progressive,none,distinct,2 3 4 7 8 12 13
771WAKIQM4aJIe4q22,7,progressive,none,distinct,1 5 6 7 9 10 11
771WILdXOG8GK34yCa,7,distinct,none,distinct,1 3 4 5 9 13 14
771WG8BSEA888aQIDL,7,progressive,none,distinct,2 4 6 7 9 10 11
771W4YeyUUSWKOOq11,7,plain,none,mixed,3 4 4 5 8 9 16
771WWeORwvA4H2ffkX,7,progressive,none,distinct,1 2 6 8 9 11 12
771WCuoKLam8YXnSCA,7,progressive,none,distinct,1 4 5 8 9 10 12
771W18AoXW0fiiaaqI,7,plain,none,mixed,1 3 5 6 6 10 18
771WIS44A8HGGXKiAB,7,plain,none,mixed,1 4 4 5 8 10 17
771WaAQIlBI2anCgXa,7,progressive,none,distinct,3 4 6 7 8 9 12
771W8bKeecGfJAgHIY,7,progressive,none,distinct,2 3 6 7 8 10 13
771WSi88mHH4oMI221,7,distinct,none,distinct,1 2 3 5 8 10 20
771We4KK8HGqK6c223,7,plain,none,mixed,1 1 4 7 9 10 17
771WOKHKO8K447bOO8,7,plain,none,mixed,1 2 7 8 8 9 14
771WEQR38GY89YiCH5,7,distinct,none,distinct,1 2 5 6 7 13 15
771W4sAGC945r9TBZY,7,plain,none,mixed,1 4 4 4 6 12 18
771WAoQ1WeaiQo9884,7,plain,none,mixed,3 3 4 5 7 7 20
771W4foa4aYeEMcfmW,7,plain,none,mixed,2 3 7 7 7 9 14
771W48OP8XGMLOgAA5,7,progressive,none,distinct,1 3 4 7 8 12 14
771WGnpON648eYkfqA,7,progressive,none,distinct,2 4 6 7 8 10 12
771WeOSgk6g5g29SGG,7,progressive,none,distinct,1 4 6 8 9 10 11
771W548PDJ4996KJHu,7,progressive,none,distinct,1 5 6 7 8 10 12
771WS4SmlK439sA535,7,plain,none,mixed,1 3 5 5 6 12 17
771W498AeeHD98ffbK,7,plain,none,mixed,2 2 4 9 10 11 11
771WW29fSIAAcdmsKG,7,progressive,none,distinct,1 3 5 8 9 11 12
771WIOgEwvf8S9ym20,7,distinct,none,distinct,1 4 5 6 8 11 14
771W84CF-I3245p958,7,plain,none,mixed,1 3 6 6 8 11 14
771WeeOcts62P4C846,7,progressive,none,distinct,1 4 5 6 9 10 14
771W9nnC5t8Y9h7A94,7,progressive,none,distinct,2 4 5 7 9 10 12
771WPIYZe882KqKKa8,7,plain,none,mixed,1 6 6 7 8 8 13
771WGW2FMP94qNOIQK,7,progressive,none,progressive,1 3 5 7 9 11 13
771WbffGA44CaiY24C,7,plain,none,mixed,3 3 3 6 8 11 15
771WgP5aZ88OoYI6YC,7,distinct,none,distinct,2 3 4 8 9 11 12
771WejW8bb01DDPjjT,7,progressive,none,distinct,2 4 6 7 8 10 12
771WAINFF2088eAI1J,7,plain,none,mixed,2 3 3 7 7 9 18
771WL9VJAKHKKseJ50,7,progressive,none,distinct,2 4 5 7 8 10 13
771WsoqeKeW07DAqKK,7,progressive,none,distinct,1 4 5 7 8 11 13
771W22YiRB55LJOT42,7,progressive,none,distinct,2 4 5 7 9 10 12
771WDIaXZZ31SiiKa8,7,distinct,none,distinct,1 3 4 8 9 11 13
771W12aNPILmebZsBe,7,progressive,none,distinct,1 2 5 6 9 12 14
771WYaL88G61HACbay,7,plain,none,mixed,1 1 2 9 9 12 15
771WYAgcPGGKigC442,7,plain,none,mixed,2 4 6 6 9 9 13
771W8YkQPRIW84nf65,7,plain,none,mixed,2 3 5 8 10 10 11
771Wijle844622Aem8,7,plain,none,mixed,3 3 4 5 8 11 15
771W2cdv3J0HbhdFPG,7,progressive,none,distinct,1 3 4 8 10 11 12
771WIADi4G0bfg6IIA,7,plain,none,mixed,2 5 7 7 8 8 12
771W3jrJ5228eqak28,7,plain,none,mixed,3 3 6 6 7 8 16
771W5X1X788iGGIso4,7,plain,none,mixed,1 1 2 4 9 9 23
771WG8A865444aSRLM,7,plain,none,mixed,2 4 4 7 9 11 12
771W56LS9X6GJ7Dar8,7,progressive,none,distinct,1 2 4 9 10 11 12
771WA-bbLNJ4aJZ2G0,7,progressive,none,distinct,2 4 6 7 9 10 11
771W1qXC2YIgPeiqm8,7,distinct,none,distinct,1 2 3 5 7 15 16
771WL5JSBHY01suSB4,7,plain,none,mixed,2 4 4 5 7 11 16
771WHJph2D0M6kfg25,7,progressive,none,distinct,2 4 6 7 8 10 12
771W01KaCSe8DMLIIY,7,plain,none,mixed,2 3 5 7 7 10 15
771WeCQQgcLeDG2oXW,7,progressive,none,distinct,1 3 6 7 9 11 12
771W4S4Vc44IKuKA84,7,progressive,none,distinct,1 2 7 8 9 10 12
771WeAQISY0nIICAbb,7,progressive,none,distinct,1 5 6 7 8 10 12
771W54GAgIHE8QO83Y,7,plain,none,mixed,1 1 3 9 10 11 14
771W89jZoog0GLiqy8,7,progressive,none,distinct,1 4 6 7 8 11 12
771WO5KCS22qqAgIGW,7,plain,none,mixed,2 2 6 6 7 12 14
771W8OYaKqi6KbKOGG,7,plain,none,mixed,2 5 5 7 8 8 14
771WH99UvLH17f78C0,7,progressive,none,distinct,1 2 4 8 10 11 13
771W2nujfcIWX8MT-8,7,progressive,none,distinct,2 4 6 7 8 10 12
771W14D94IAAA9SgeK,7,progressive,none,distinct,1 2 5 6 10 12 13
771W7FHHW4424Kq6MA,7,distinct,none,distinct,1 2 3 6 10 12 15
771WbPC7AHGGmIiOM9,7,plain,none,mixed,3 4 4 6 6 12 14
771WGSiUHeYGQgb942,7,plain,none,mixed,3 3 4 6 7 12 14
771W9AIUxA442K95Ya,7,progressive,none,distinct,1 5 6 7 9 10 11
771WfrIKSC43JbaOG0,7,distinct,none,distinct,3 4 5 6 7 8 16
771WCYY94GGeegEgA6,7,progressive,none,distinct,2 3 6 8 9 10 11
771WHvUKKeWGZf2IQA,7,distinct,none,distinct,2 3 4 7 9 10 14
771W4ap-C226couMOG,7,progressive,none,distinct,1 5 6 7 8 10 12
771WC4Z9IGKIAFZICG,7,distinct,none,distinct,1 2 4 6 7 12 17
771WhhqUMGG80S0Q2I,7,plain,none,mixed,1 2 2 3 9 13 19
771W0knXKoe2czjVim,7,progressive,none,distinct,2 3 5 7 8 11 13
771W9RbaKK44KXHOeW,7,progressive,none,distinct,1 3 5 7 8 11 14
771WggwMT712AIiX60,7,progressive,none,distinct,2 4 5 7 8 11 12
771W4ehH9fHj6Fe8G4,7,plain,none,mixed,2 3 4 4 10 11 15
771WiiwPJgc8Yo5K82,7,progressive,none,distinct,2 3 5 8 9 10 12
771WeaC88BOHHGn9A9,7,plain,none,mixed,2 2 5 5 10 12 13
771W088FNf5XYcPQKO,7,progressive,none,distinct,2 4 5 6 9 11 12
771W6v9JQB0HXRiib2,7,progressive,none,distinct,1 4 6 7 8 11 12
771WYARILQSGmWAFKA,7,progressive,none,distinct,3 4 5 7 8 10 12
771W0nagIqOXcKTUGW,7,plain,none,mixed,2 3 6 6 6 11 15
771WeIIEAY21YAaiII,7,plain,none,mixed,1 4 6 6 9 11 12
771WmaYYL8904cbNNI,7,plain,none,mixed,2 3 5 7 8 12 12
771WHKIwfaK4B6Aua2,7,progressive,none,distinct,3 4 5 7 9 10 11
771WYBgKqqK2zm88WG,7,plain,none,mixed,2 3 3 8 8 10 15
771W1DIIKwYmobNdm0,7,progressive,none,distinct,2 3 5 7 8 11 13
771W6ga62PI0egxN9A,7,plain,none,mixed,3 3 4 5 7 8 19
771WYYSKIZIH3GOK12,7,plain,none,mixed,1 2 2 3 13 13 15
771W8MGegmi8AvJYKK,7,progressive,none,distinct,1 3 4 7 8 12 14
771WH935PnH65YKOO0,7,plain,none,mixed,1 3 3 7 7 13 15
771WHA9HJZ212iSSx0,7,progressive,none,distinct,1 3 5 6 9 12 13
771WCCFLcb1159HOM8,7,progressive,none,distinct,1 2 5 7 9 12 13
771WA1WqK44MAAgWWG,7,plain,none,mixed,2 2 3 3 4 8 27
771WLb96YcY0sMELOG,7,plain,none,mixed,2 4 5 7 9 9 13
771W2d1NJG9OehgMe3,7,progressive,none,distinct,1 5 6 7 9 10 11
771W22Ec6LDAEDKA20,7,plain,none,mixed,2 4 4 5 8 12 14
771WZYbc48G4GHJ5v9,7,plain,none,mixed,1 4 4 5 9 11 15
771WmgQ6Kb0PAqC9bc,7,plain,none,mixed,2 5 6 6 8 9 13
771WqqSdgC8ICCH684,7,progressive,none,distinct,2 5 6 7 8 10 11
771WIQi3S44go4gy84,7,plain,none,mixed,2 3 3 8 9 10 14
771WJHHeAA0KOeXX5D,7,plain,none,mixed,3 3 3 4 4 15 17
771WWGC46MYghOGLGG,7,distinct,none,distinct,1 2 3 5 11 12 15
771WXY9hKE28KILLkI,7,progressive,none,distinct,1 4 6 8 9 10 11
771WAcPJJZbWI8uPGG,7,progressive,none,distinct,3 4 5 7 8 9 13
771WnfiCQ11CaYIMI0,7,progressive,none,distinct,1 3 4 7 8 12 14
771WO331X42KIoopg2,7,distinct,none,distinct,1 2 5 7 8 10 16
771WIIACqreKHK9803,7,plain,none,mixed,1 3 4 7 8 8 18
771W05YHH84GOIJpxf,7,plain,none,mixed,2 3 3 6 11 12 12
771WKQQPKaa02aeCie,7,progressive,none,distinct,2 3 4 7 10 11 12
771WXA552ae6bbLAy4,7,plain,none,mixed,2 2 5 9 9 10 12
771W2Ygl944eKKIS82,7,distinct,none,distinct,1 2 4 8 9 12 13
771WagAKmg95mw8i76,7,plain,none,mixed,2 2 3 7 10 12 13
771W0fu8_-YWinHKMY,7,progressive,none,distinct,1 3 4 8 10 11 12
771WAkgdBIG4ehz128,7,progressive,none,distinct,1 4 6 8 9 10 11
771WMsvlge4X0OL8M2,7,progressive,none,distinct,1 4 5 7 8 10 14
771W9Mcgxy51Ha9ZZ4,7,progressive,none,distinct,2 5 6 7 8 9 12
771WA983Xqq422AAcO,7,plain,none,mixed,2 3 3 4 8 10 19
771WuxhDaP43TE9AY5,7,progressive,none,distinct,2 4 5 7 8 11 12
771W89LAmGGKISO8Ca,7,plain,none,mixed,2 4 5 6 6 9 17
771W3XvA4O09fodbf9,7,progressive,none,distinct,1 3 7 8 9 10 11
771W8YiJB96Geinu78,7,plain,none,mixed,1 4 5 6 10 10 13
771W57JDffi40OObD1,7,plain,none,mixed,3 3 4 6 6 8 19
771WiozySY052u2oH9,7,progressive,none,distinct,1 4 6 7 8 10 13
771W5KHH8eAXY64KLb,7,plain,none,mixed,1 2 5 7 10 10 14
771WBIYYKOP0KmJL5a,7,distinct,none,distinct,1 3 5 7 8 12 13
771WOKaj-c51K2e9F2,7,progressive,none,distinct,2 3 4 8 9 10 13
771W21D46M8AA9HCff,7,plain,none,mixed,2 2 5 6 7 11 16
771WqKKC9H88eB599C,7,progressive,none,distinct,1 5 6 7 9 10 11
771W114xA2Y584AQOa,7,plain,none,mixed,1 1 4 5 7 13 18
771W445Iy6L42DBE9G,7,plain,none,mixed,2 3 4 8 8 9 15
771WXQIygM02grBDX1,7,progressive,none,distinct,1 4 5 7 9 11 12
771W64IGi6446IMIff,7,distinct,none,distinct,1 2 4 6 9 12 15
771WGowaD8G8iLACaY,7,progressive,none,distinct,2 4 5 8 9 10 11
771WH4yuOX8mdHQgg9,7,progressive,none,distinct,1 2 7 8 9 10 12
771WPPNVggM058HKG4,7,progressive,none,distinct,2 4 6 7 8 10 12
771WC499YK4267t64G,7,progressive,none,distinct,1 2 4 6 10 12 14
771WmaAIM5a3IwYKA9,7,distinct,none,distinct,1 5 6 7 9 10 11
771WKQO82P8AABaaIH,7,plain,none,mixed,1 4 5 5 6 13 15
771WQwjkiO02o1I4OG,7,distinct,none,distinct,1 3 4 6 7 9 19
771W48KXYib89HoAC9,7,plain,none,mixed,1 4 4 8 9 10 13
771W84CFbY1HKKaQLQ,7,progressive,none,distinct,2 4 6 7 8 9 13
771W46AnH9584AP9fa,7,progressive,none,distinct,2 3 5 6 10 11 12
771W2X5TTVGeOQP2XG,7,plain,none,mixed,2 3 3 5 8 11 17
771W02uPSSaOHHKKae,7,progressive,none,distinct,1 4 5 8 9 10 12
771W843gdaa488aIAS,7,plain,none,mixed,1 3 3 7 8 11 16
771WA5lD5JG8GJdHhG,7,progressive,none,distinct,1 3 5 8 9 10 13
771W8CCnsIL82AYDC9,7,plain,none,mixed,1 6 6 7 8 10 11
771WYX8DFGa0HIADhJ,7,plain,none,mixed,2 3 3 3 9 14 15
771W3uaScYeGiKvZ4a,7,progressive,none,distinct,1 5 6 7 8 10 12
771WKLPQhyY061HZh5,7,progressive,none,distinct,2 4 5 8 9 10 11
771WaKSqam0ebJB999,7,progressive,none,distinct,1 5 6 7 9 10 11
771WggpLKO819G2AQ6,7,plain,none,mixed,1 5 5 6 8 9 15
771W433E2e0IHHUoYg,7,distinct,none,distinct,1 2 3 6 9 12 16
771WA245cO8aYZ2I6A,7,plain,none,mixed,1 3 3 6 8 10 18
771WA9R9DG099IqoAa,7,progressive,none,distinct,2 3 6 7 8 9 14
771WG4QEX0AIKirDKI,7,distinct,none,distinct,1 2 5 6 7 11 17
771W1nIGHZ1HYMMMTA,7,progressive,none,distinct,2 4 5 8 9 10 11
771W8kM9OQ1KavgAfa,7,progressive,none,distinct,3 4 5 6 9 10 12
771WHA85aeW41XQQgc,7,distinct,none,distinct,1 3 5 6 7 10 17
771WAI8QQk8ROYIHAA,7,progressive,none,distinct,1 4 5 7 9 10 13
771Wa4487B9e88E254,7,distinct,none,distinct,1 2 3 5 11 13 14
771WHGSjQgM0FHHC8a,7,progressive,none,distinct,1 2 6 7 8 12 13
771W6-4Ic75YKiS1OQ,7,progressive,none,distinct,2 4 6 7 9 10 11
771WKaCATG2CyzZD42,7,progressive,none,distinct,2 3 6 7 9 10 12
771W24iWBg5ALLCrLI,7,progressive,none,distinct,2 4 5 6 9 11 12
771W0KakYX9Yv94ecb,7,distinct,none,distinct,1 3 4 5 8 13 15
771WA0eXagcGKKlgA6,7,distinct,none,distinct,2 3 4 5 8 10 17
771WorjgTSE15ma9aA,7,progressive,none,distinct,1 3 4 8 10 11 12
771W03ogqIYKBSKIaK,7,distinct,none,distinct,2 3 4 5 9 12 14
771W8CLfa6428Oi9AM,7,progressive,none,distinct,2 3 5 7 9 10 13
771W88iDFj0J99H358,7,progressive,none,distinct,1 3 4 8 9 10 14
771WDMM-IC948ga7X0,7,plain,none,mixed,1 5 5 8 8 9 13
771WaI5CY22AiSKyOG,7,progressive,none,distinct,2 4 5 6 8 10 14
771WHZnLAQOIgSPLa0,7,progressive,none,distinct,3 4 6 7 8 9 12
771W6EF8GB8446f9AH,7,plain,none,mixed,2 3 5 5 8 13 13
771W9BFCCaG132I9f1,7,plain,none,mixed,2 2 3 6 8 12 16
771WeZw8JXX0AKiicI,7,progressive,none,distinct,1 2 5 8 9 11 13
771WEEM659888Og441,7,distinct,none,distinct,1 3 4 8 9 10 14
771W846kJDC4CAaIKJ,7,progressive,none,distinct,1 5 6 7 8 9 13
771W89QLDdW02MABQX,7,plain,none,mixed,1 4 4 6 9 10 15
771WA9BbaY2944C6yG,7,plain,none,mixed,1 3 3 9 9 12 12
771W3LJjTLL48kau00,7,progressive,none,distinct,1 5 6 7 8 10 12
771WeIKK2A2gAc5LXX,7,distinct,none,distinct,1 2 6 8 9 11 12
771W4CABYACaccGnea,7,progressive,none,distinct,3 5 6 7 8 9 11
771WeTOome09eAPfbL,7,progressive,none,distinct,3 4 5 6 8 11 12
771W278BNKC445LYOY,7,distinct,none,distinct,1 3 4 7 8 11 15
771W22996f8HJJMKM1,7,progressive,none,distinct,2 3 6 8 9 10 11
771W83CaA648CCorYo,7,progressive,none,distinct,1 4 5 7 9 11 12
771W4AAQU8e982ac22,7,plain,none,mixed,1 1 6 9 9 11 12
771WX5OeBAC4emrLK2,7,progressive,none,distinct,1 4 6 7 8 11 12
771WIqwSIX5WBLLy20,7,progressive,none,distinct,2 3 4 5 10 11 14
771W23aPMMKG88CIbP,7,progressive,none,distinct,3 4 5 7 8 9 13
771WWnA9fY01KqwwvZ,7,progressive,none,distinct,2 4 5 7 8 10 13
771W88vIbBC8MI8FCJ,7,plain,none,mixed,1 4 6 7 10 10 11
771WnIgn9KGIcSA9f3,7,progressive,none,distinct,1 4 6 7 9 10 12
771WIK9964644KKa7J,7,plain,none,mixed,2 4 5 5 10 11 12
771W8EWz46A4KObwOK,7,progressive,none,distinct,1 3 6 8 9 10 12
771W45bSSRIG849B8Z,7,progressive,none,distinct,1 4 5 7 9 11 12
771W186cKQ1fbXI6Lq,7,distinct,none,distinct,1 4 5 6 8 12 13
771WASQE74Gee9Do42,7,progressive,none,distinct,1 4 5 7 9 10 13
771W42gge88CIIKq44,7,distinct,none,distinct,1 4 6 7 9 10 12
771W44eWfGMKQQK542,7,plain,none,mixed,1 2 2 5 8 12 19
771W315Ka95OUIJAg8,7,progressive,none,distinct,1 3 5 8 9 10 13
771WRJfraKI0MeGPO4,7,progressive,none,distinct,1 2 4 8 10 11 13
771WWNCKMOO0WQIcIY,7,distinct,none,distinct,1 2 5 8 9 10 14
771WA56egfW099iiIn,7,distinct,none,distinct,1 2 5 6 9 11 15
771Wuemp94844yBA68,7,progressive,none,distinct,1 4 5 6 9 10 14
771WDDKU84aHG4QKO8,7,distinct,none,distinct,1 2 4 6 9 13 14
771WOIIJpO8170YYYg,7,distinct,none,distinct,1 2 4 6 8 11 17
771W268me2639DJoII,7,plain,none,mixed,1 4 4 4 9 13 14
771WgfLIBGE4K7IBYC,7,progressive,none,distinct,1 4 6 8 9 10 11
771WXXYcgS43B9D6G0,7,progressive,none,distinct,2 3 4 5 6 14 15
771WKKYhoKYYnKOR84,7,progressive,none,distinct,2 4 5 8 9 10 11
771W4aPLBfPXJEOKI0,7,progressive,none,distinct,2 3 6 8 9 10 11
771W21EoF88KOKQCoa,7,plain,none,mixed,1 2 6 8 10 10 12
771W88bKOd4HA4MBAH,7,progressive,none,distinct,1 4 6 8 9 10 11
771W9KKuB8Gea9iqoK,7,progressive,none,distinct,3 4 5 7 8 10 12
771Wa41PP3Ae829PQ9,7,plain,none,mixed,1 2 3 3 7 15 18
771WGzZLP5XZAIcvn0,7,progressive,none,distinct,1 2 6 8 9 11 12
771WLJImeZOA143ZAP,7,plain,none,mixed,2 2 3 5 5 14 18
771W47cAD9GG89AccH,7,distinct,none,distinct,2 4 5 7 8 11 12
771WGG96EeK21HTIQI,7,plain,none,mixed,2 3 5 5 8 10 16
771WCMsWuOKKAa1eGG,7,plain,none,mixed,2 2 4 5 5 6 25
771WOaXXKe89c6cKK4,7,plain,none,mixed,2 4 4 5 9 11 14
771WGaq59MIYQos128,7,plain,none,mixed,1 4 5 5 6 11 17
771WOPvAftXOE5ZYj0,7,progressive,none,distinct,1 4 5 7 9 11 12
771Wiautco44boQ384,7,progressive,none,distinct,2 4 6 7 8 9 13
771WOMPr5I9MQ5yYJ0,7,progressive,none,distinct,3 4 5 6 8 11 12
771W1sOMOeeGYWyKii,7,progressive,none,distinct,1 2 7 8 9 10 12
771WobzCS812AyZX1e,7,plain,none,mixed,1 2 3 8 8 10 17
771WdKE98nG3WI2Qg5,7,plain,none,mixed,1 1 1 8 9 14 15
771WG85fQQQ84WQADH,7,distinct,none,distinct,2 4 5 6 7 11 14
771WECQ9950IIQ2HfX,7,progressive,none,distinct,1 2 6 8 9 11 12
771WW5GJL22IoaaMQg,7,distinct,none,distinct,2 3 4 6 8 12 14
771W4rbTSIHWeISYX4,7,plain,none,mixed,1 6 6 6 8 10 12
771W64Yoq22IA44Mmm,7,plain,none,mixed,2 2 3 4 11 12 15
771WWG55BR43ZILLHG,7,progressive,none,distinct,2 4 5 6 7 11 14
771WqiLsqYW8Iq469H,7,progressive,none,distinct,3 4 6 7 8 9 12
771W8857AXG654MQIL,7,plain,none,mixed,2 3 3 6 8 13 14
771W5YoLdD1AconSg1,7,progressive,none,distinct,1 3 6 8 9 10 12
771WIQQ654488e8A64,7,plain,none,mixed,2 3 6 7 7 8 16
771W485cE6YAFFz18G,7,plain,none,mixed,3 4 4 6 9 11 12
771W07ZHYfYervwQbg,7,progressive,none,distinct,2 3 5 8 9 10 12
771WWZAM6gG6LPB9XH,7,progressive,none,distinct,3 4 5 7 8 9 13
771W44m9Ea2HQQM348,7,plain,none,mixed,1 1 8 8 8 8 15
771WcIan8aa4sACsMQ,7,progressive,none,distinct,1 4 5 6 10 11 12
771WayIXli8HiaHKA2,7,progressive,none,distinct,2 4 6 7 8 10 12
771WuQSoIH54e9H8om,7,progressive,none,distinct,1 2 3 6 9 13 15
771W09LbQEa4DJdnqW,7,progressive,none,distinct,1 3 6 7 9 10 13
771WLD9c65448eO2A9,7,plain,none,mixed,3 3 5 5 9 9 15
771W6248a6K245DnII,7,distinct,none,distinct,1 2 4 5 9 11 17
771WK44IpM8ekBA942,7,progressive,none,distinct,1 2 7 8 9 10 12
771W0tYagwoGgOTjGW,7,progressive,none,distinct,2 4 5 6 9 11 12
771W46Y2N99AIKMq24,7,progressive,none,distinct,1 3 7 8 9 10 11
771W3d79X22KccgQA0,7,progressive,none,distinct,1 3 7 8 9 10 11
771W566MAUIEE652W0,7,progressive,none,distinct,2 3 4 5 8 13 14
771Wc22MKaa6cee844,7,plain,none,mixed,2 2 3 8 10 10 14
771Wa_8a266AMcELaK,7,progressive,none,distinct,1 5 6 7 8 9 13
771W45dY6ieIEECJ9X,7,plain,none,mixed,2 4 6 6 9 11 11
771WYIP9248CiKDEU2,7,progressive,none,distinct,3 4 5 7 8 10 12
771WAwGY28XKfPAAKL,7,plain,none,mixed,1 4 4 5 11 11 13
771W0WZqii8Y955AIA,7,plain,none,mixed,2 4 4 5 7 7 20
771W1GrSMLK8GWirpA,7,plain,none,mixed,1 3 4 7 9 9 16
771W6AAGA9HEE7iCA8,7,plain,none,mixed,2 3 5 5 6 9 19
771WY4eYHG8oMJQg62,7,progressive,none,distinct,1 4 5 8 9 10 12
771WKgecY3Y2XXPr9A,7,plain,none,mixed,3 4 4 5 6 10 17
771W2AJhRe89ESYY2G,7,progressive,none,distinct,2 4 6 7 9 10 11
771WfvLAAC49PfO2A2,7,plain,none,mixed,3 3 4 6 7 9 17
771W2CLSIeeWYu6sqi,7,progressive,none,distinct,2 4 5 8 9 10 11
771W1YK8HIOYID9PgC,7,progressive,none,distinct,1 4 6 7 8 11 12
771WOKYsgii0O4WUAA,7,plain,none,mixed,1 4 6 7 9 9 13
771W0bqG1aWqEMMjjR,7,progressive,none,distinct,1 3 5 8 9 11 12
771W9NhCaN0CInLfAH,7,progressive,none,distinct,2 4 6 7 9 10 11
771WosiSvvb0CH9q40,7,progressive,none,distinct,1 5 6 7 8 9 13
771WXYISis8HKB8BX1,7,distinct,none,distinct,1 2 6 7 8 12 13
771W1Db3KKaENIYia0,7,plain,none,mixed,2 3 5 5 10 11 13
771WgILOa4iY5bCGG8,7,plain,none,mixed,1 2 5 8 9 9 15
771WXHCA7TA1XIEPM1,7,progressive,none,distinct,1 3 4 7 9 10 15
771W8AIGee455TPOWW,7,plain,none,mixed,2 3 4 4 6 10 20
771W6amba28YOOPBea,7,distinct,none,distinct,1 2 4 7 10 11 14
771W0faMQBBWeYKOOg,7,progressive,none,distinct,2 4 6 7 8 10 12
771WOehKio8aj3CAH9,7,progressive,none,distinct,2 4 5 8 9 10 11
771WbhcYSa80dZKjP9,7,plain,none,mixed,3 4 6 8 8 10 10
771WYIHuGWK5g598ue,7,plain,none,mixed,2 2 3 4 6 12 20
771WCie2vpHq9CAQLG,7,progressive,none,distinct,1 4 6 7 8 11 12
771W8OIB9j2YX9PQ7C,7,progressive,none,distinct,1 4 6 7 8 11 12
771WeeKKbz72L2H89C,7,distinct,none,distinct,1 3 6 7 8 11 13
771WACRYC9159PaMoe,7,progressive,none,distinct,1 2 6 8 9 10 13
771WOKY16c29I2YLCC,7,distinct,none,distinct,1 2 5 6 8 9 18
771W8AxZc4G2G9PUma,7,progressive,none,distinct,1 2 4 6 10 12 14
771W0u9XISbeTfYYan,7,distinct,none,distinct,1 4 5 6 8 9 16
771W0WTAiSHWMELD9G,7,plain,none,mixed,2 2 3 5 10 11 16
771WcIGOUKO0WgZ4II,7,plain,none,mixed,2 3 3 4 8 13 16
771W1fmSqi98rhSPP8,7,progressive,none,distinct,1 3 7 8 9 10 11
771W4iCgIQSu46W988,7,plain,none,mixed,1 2 7 9 9 10 11
771WGIMc2Y1fkcco98,7,plain,none,mixed,2 4 7 8 9 9 10
771W4AoygSi8JSWk22,7,progressive,none,distinct,1 5 6 7 8 10 12
771WfADA640nHH5Qw2,7,distinct,none,distinct,1 2 5 8 9 10 14
771W44qe9AKDH98HIK,7,plain,none,mixed,1 2 6 6 9 11 14
771W0InKo-1K9cbkPH,7,progressive,none,distinct,1 4 5 8 9 10 12
771WmiPAJKa0HiWo-Y,7,progressive,none,distinct,1 4 5 6 7 12 14
771WAmY5MICCaJpvC4,7,plain,none,mixed,1 2 6 7 7 11 15
771W4Ej93a0AHHbkSA,7,progressive,none,distinct,2 3 5 6 8 12 13
771W24IwXQJGQ5AwF8,7,progressive,none,distinct,1 5 6 7 8 9 13
771WL9PMHHX01qyKS0,7,progressive,none,distinct,2 3 4 5 8 13 14
771WnAAii24eAg4Be8,7,progressive,none,distinct,1 4 5 7 9 11 12
771WKHHIyC94243bfG,7,distinct,none,distinct,1 3 4 8 9 10 14
771W445A2AWFEE9HP9,7,progressive,none,distinct,1 3 6 7 9 11 12
771WpnWZADM0CTOQt8,7,progressive,none,distinct,1 3 6 7 9 11 12
771W65F6KOGGGLE4mO,7,plain,none,mixed,1 3 3 5 9 13 15
771W44OeiH98ELM664,7,progressive,none,distinct,1 3 5 7 9 10 14
771W89fYKcgICABE8W,7,progressive,none,distinct,2 3 6 8 9 10 11
771WeKQbDBHaCrgI90,7,progressive,none,distinct,1 5 6 7 8 9 13
771WJBSCSYICFu2I0G,7,distinct,none,distinct,1 2 5 7 8 11 15
771WabbECMs18A868W,7,progressive,none,distinct,1 2 6 8 9 11 12
771W8eekOGIW42AEBB,7,progressive,none,distinct,1 2 7 8 9 10 12
771W8QPLZR6ntYfaH0,7,progressive,none,distinct,2 3 5 7 9 11 12
771W1aGALY3cLRVvsH,7,progressive,none,distinct,1 4 6 8 9 10 11
771WWWMGC9PaK9CIAA,7,plain,none,mixed,1 1 2 5 7 16 17
771W8O32ad4HKqKMHA,7,plain,none,mixed,1 5 5 7 9 10 12
771WWK59PMI0WKQpoe,7,plain,none,mixed,1 4 6 6 8 8 16
771WQOPJ8G4IIFfe4G,7,distinct,none,distinct,2 3 4 6 7 10 17
771WboQA28GGGvc6Y2,7,plain,none,mixed,1 2 4 9 9 9 15
771W4-LYYA4awYHfG8,7,progressive,none,distinct,1 4 5 6 8 12 13
771WG4Xn466KOqqGIM,7,plain,none,mixed,2 2 4 6 8 13 14
771WDbLgeaKWT4gGS4,7,progressive,none,distinct,1 4 5 7 8 10 14
771W2X99691bLLIMqA,7,progressive,none,distinct,1 2 4 7 10 12 13
771WG73TUA4CCgXRaG,7,plain,none,mixed,2 2 5 7 9 9 15
771W88KMqKF42HG4DC,7,progressive,none,distinct,1 2 6 8 9 11 12
771W8O4BqIIKMaS684,7,plain,none,mixed,1 5 5 8 8 8 14
771WQH059A844Kswx3,7,plain,none,mixed,2 2 5 5 6 9 20
771W9PHH66888qLHK4,7,progressive,none,distinct,1 4 6 7 8 10 13
771WXLOOYAe4dZrLI2,7,plain,none,mixed,2 5 6 7 7 10 12
771WGpEMOeeGYuauKa,7,progressive,none,distinct,1 3 5 6 10 11 13
771WAQcCaf1f-UH3B8,7,progressive,none,distinct,3 4 5 6 8 10 13
771WKCIaKC45DpYO88,7,plain,none,mixed,2 5 5 8 8 9 12
771WeaaeVOG4aXgKIK,7,progressive,none,distinct,2 4 6 7 9 10 11
771WIYLBADWGn91RH7,7,plain,none,mixed,1 3 6 6 7 12 14
771W1KOqqIAQIfuYW0,7,distinct,none,distinct,2 3 4 5 8 9 18
771WIICi554C4KOK41,7,plain,none,mixed,1 1 6 7 9 12 13
771W5LAoI95eaU5KIW,7,progressive,none,distinct,1 4 6 8 9 10 11
771WABFL54G449HQ2a,7,progressive,none,distinct,1 3 4 8 9 11 13
771W6MbRYFBaw69AG6,7,progressive,none,distinct,2 3 6 7 9 10 12
771W8EcCH4BGOUZcFC,7,progressive,none,distinct,1 5 6 7 8 9 13
771W0PAMAA988ygcnW,7,distinct,none,distinct,1 4 5 6 10 11 12
771WQAMttE1gWIH21A,7,plain,none,mixed,2 2 2 7 7 11 18
771WeOaEwcI2zBR488,7,progressive,none,distinct,3 4 6 7 8 9 12
771WnfCKYIAI6jCKG0,7,plain,none,mixed,2 2 5 8 9 9 14
771WbbRJ8GGWGEI2M6,7,distinct,none,distinct,1 2 4 7 10 12 13
771W8GvO242U6sIJKC,7,progressive,none,distinct,1 2 7 8 9 10 12
771WG4KK6Cm54noBDD,7,progressive,none,distinct,1 4 5 6 10 11 12
771WG55vVP959gi24W,7,progressive,none,distinct,2 4 5 6 8 11 13
771W4fLThO5aM1x62X,7,progressive,none,distinct,1 3 5 7 10 11 12
771WCNPNYmG05cUYSa,7,progressive,none,distinct,1 3 4 6 10 12 13
771WaPqfIH54qDv8Em,7,progressive,none,distinct,1 3 5 6 8 12 14
771W2H55OfaXYKLDj2,7,progressive,none,distinct,1 2 4 6 11 12 13
771WWIIaHWO2lJIUca,7,progressive,none,distinct,1 3 7 8 9 10 11
771WAOOOO4K99YomGG,7,plain,none,mixed,2 2 4 6 7 10 18
771W2S-vu20ao2go95,7,progressive,none,distinct,2 3 4 8 9 10 13
771WQcYwY222aCeOGG,7,progressive,none,distinct,1 3 4 6 9 10 16
771W28u6abgK8Gff56,7,plain,none,mixed,2 3 3 6 9 12 14
771W1HCgp14eYMARL6,7,progressive,none,distinct,1 4 5 7 8 11 13
771WXa98gSG6ombMIg,7,plain,none,mixed,1 1 3 4 9 12 19
771W44fPUm8JA3K64G,7,plain,none,mixed,1 1 4 5 12 12 14
771W8UAoWa5faOGY67,7,distinct,none,distinct,1 3 4 5 6 11 19
771WGyy79CGe8XDcgY,7,progressive,none,distinct,2 4 5 7 8 9 14
771W0WkJGwbWQPJALO,7,plain,none,mixed,2 3 4 4 8 14 14
771W8s6HacYgTf9cSG,7,progressive,none,distinct,2 3 4 5 10 12 13
771W9FRjcfI18HMiF0,7,progressive,none,distinct,2 4 6 7 9 10 11
771WY0L66E88empfAI,7,distinct,none,distinct,1 3 4 5 6 14 16
771W577RbMI24AE3c0,7,plain,none,mixed,1 3 5 8 8 9 15
771WCCAnIMJ84A2HC9,7,progressive,none,distinct,1 5 6 7 8 10 12
771W95452ue203YMKO,7,plain,none,mixed,1 2 2 5 5 11 23
771WAf8Q11Au8499iP,7,plain,none,mixed,1 2 3 4 9 9 21
771WW743AXh0YYbjMu,7,plain,none,mixed,1 2 5 5 7 10 19
771W9wXIkU2CcPCBw2,7,progressive,none,distinct,1 4 6 7 8 10 13
771WeYuaI9e1KAvrJI,7,progressive,none,distinct,1 5 6 7 9 10 11
771W22aeQ84IMMRI44,7,progressive,none,distinct,1 4 5 7 9 10 13
771WWG28yCiKpLSOGG,7,plain,none,mixed,2 3 3 6 9 11 15
771WKJ88HIY01M6cMq,7,plain,none,mixed,1 4 4 5 7 13 15
771WKDiIaKa8NuWC4q,7,progressive,none,distinct,1 2 6 8 9 10 13
771W2a7BF24IYYgbKI,7,plain,none,mixed,2 3 6 6 9 10 13
771W9B52ce0155MUe8,7,plain,none,mixed,1 3 3 5 5 15 17
771W9AkgGWWI64G8aa,7,plain,none,mixed,1 2 4 6 6 10 20
771W9QKXee4biKHOe4,7,plain,none,mixed,2 4 5 5 7 8 18
771WcaqKKCCAI20Gmm,7,distinct,none,distinct,2 3 4 5 6 14 15
771WKC49g2242YSSQM,7,plain,none,mixed,3 4 4 5 6 13 14
771W41OS84Y89LBdcM,7,plain,none,mixed,2 4 4 5 5 10 19
771WA85Kon9419uyQG,7,plain,none,mixed,2 2 5 6 8 12 14
771WPHJLhXW06Y6EI1,7,plain,none,mixed,1 2 4 6 11 11 14
771WAIaYCC8GSi8Tbb,7,progressive,none,distinct,2 5 6 7 8 10 11
771WCAnVS4GO8J9fL9,7,progressive,none,distinct,1 5 6 7 8 10 12
771WC9o2IC4AQM5cmG,7,plain,none,mixed,1 4 4 7 7 12 14
771W8uGKgWWHcQSKII,7,progressive,none,distinct,1 4 5 7 8 10 14
771WANTAIPWWXDoQY9,7,progressive,none,distinct,3 4 6 7 8 9 12
771W4OMcXWX48euK43,7,plain,none,mixed,1 2 3 3 9 12 19
771WDRRC99Kmm94j58,7,progressive,none,distinct,2 3 5 6 8 12 13
771WWmaWIqC1sLKECC,7,progressive,none,distinct,1 4 6 7 8 9 14
771W4emmqQCIYnY744,7,plain,none,mixed,3 3 5 5 5 8 20
771WqKOMKYeW2KTB44,7,progressive,none,distinct,1 3 4 8 10 11 12
771WH1GOKO8HHicaaK,7,distinct,none,distinct,1 2 4 6 8 11 17
771W4KTQKCCYYM8aem,7,progressive,none,distinct,2 3 6 7 8 11 12
771W0UYZxA8AIqHX2A,7,plain,none,mixed,1 2 2 6 7 14 17
771W0oBoH81fLhooEJ,7,progressive,none,distinct,1 4 6 8 9 10 11
771WK8EAe0053ZjLLL,7,progressive,none,distinct,2 3 4 7 8 12 13
771W818IM8A44E-upJ,7,plain,none,mixed,2 2 5 8 8 10 14
771W4qUI4a2bMgoDGG,7,plain,none,mixed,3 5 5 7 8 9 12
771W0eY9CqKYPQqmei,7,plain,none,mixed,1 3 5 6 9 9 16
771W5xWGOAbYhLZYH0,7,plain,none,mixed,3 3 4 5 5 6 23
771W89qc85cHKCQKPg,7,progressive,none,distinct,1 3 5 7 8 12 13
771W0jjg40eIddgieW,7,plain,none,mixed,2 2 4 6 8 8 19
771WeWGTD14IocA994,7,plain,none,mixed,2 2 2 5 7 14 17
771W433lOqKA54AcY6,7,plain,none,mixed,3 4 5 6 6 8 17
771W4L58G84ss6988e,7,plain,none,mixed,2 2 2 7 7 13 16
771W0O4Cr9iJKcOJJK,7,progressive,none,distinct,1 5 6 7 8 9 13
771WHHNm88YebD9H8G,7,plain,none,mixed,2 2 4 5 8 11 17
771WAEko988K4CeG42,7,plain,none,mixed,2 2 3 9 9 9 15
771W887Liii448S9H5,7,plain,none,mixed,3 3 3 8 9 11 12
771W4iCigaqOZY4622,7,progressive,none,distinct,1 4 6 7 8 9 14
771W8eeCAgBAXX8445,7,plain,none,mixed,1 4 5 5 7 12 15
771WAMC4cI9YaNkaHG,7,progressive,none,distinct,2 4 6 7 8 10 12
771WXK2bi80BfPSogc,7,progressive,none,distinct,1 2 6 7 8 12 13
771WDw6IbZBOjLKga0,7,progressive,none,distinct,2 4 5 7 9 10 12
771WKOMQUAG221-I99,7,progressive,none,distinct,1 4 6 7 9 10 12
771WaiKsc422uqK388,7,plain,none,mixed,2 4 4 6 9 11 13
771WaIYbQIP0yADj85,7,progressive,none,distinct,1 4 6 8 9 10 11
771WghrKOJO80IL1If,7,plain,none,mixed,2 3 3 5 5 13 18
771WYZfPab01C8KJZD,7,distinct,none,distinct,1 2 4 7 10 11 14
771W8JAQ9A5aaOZYdI,7,progressive,none,distinct,3 4 5 6 7 11 13
771WIwAMvOeYL9ae42,7,progressive,none,distinct,2 3 4 8 9 11 12
771WO9QMGaGGJl78Ka,7,distinct,none,distinct,1 3 5 6 9 11 14
771WOKOabAA82Aw235,7,plain,none,mixed,2 3 4 4 8 12 16
771W0SeKcnHYzYQYac,7,progressive,none,distinct,2 3 6 8 9 10 11
771WIETY4K259oAjuW,7,progressive,none,distinct,2 3 5 7 8 11 13
771WY6IsB544eqsA43,7,progressive,none,distinct,1 3 6 8 9 10 12
771W5BRYeGG28QaaCC,7,plain,none,mixed,1 2 3 4 11 14 14
771W0KgEAC59HneMKL,7,progressive,none,distinct,1 4 5 7 8 11 13
771WWhJgCYIEJQac8W,7,progressive,none,distinct,1 3 7 8 9 10 11
771WCAH46IA99QBbIA,7,progressive,none,distinct,2 4 6 7 8 10 12
771W44SKI8988IA667,7,progressive,none,distinct,1 2 6 7 10 11 12
771WYXXaZee0AA8Cgi,7,plain,none,mixed,2 2 4 4 7 14 16
771W12fv118KKO55rA,7,plain,none,mixed,2 2 3 4 5 16 17
771W02IsQQfOLKKOXW,7,progressive,none,distinct,3 4 5 6 8 11 12
771WXKAacfi0eOIxda,7,progressive,none,distinct,1 4 6 7 9 10 12
771WG47vg5528agIEO,7,progressive,none,distinct,1 4 5 6 9 11 13
771WAXKAqA94okCQr5,7,plain,none,mixed,1 7 7 7 8 9 10
771WG8sI48KMEpJCGG,7,progressive,none,distinct,2 3 5 6 9 10 14
771WCqKaxaIYTY6524,7,progressive,none,distinct,3 4 5 7 8 9 13
771W5aAKKb0HYiyH9g,7,progressive,none,distinct,1 2 5 7 10 11 13
771WK8GG8ADGGqb476,7,distinct,none,distinct,1 2 3 5 8 13 17
771W22w2YqIDIAIHAA,7,distinct,none,distinct,2 3 4 5 6 12 17
771W226MASCAADCI88,7,plain,none,mixed,2 5 6 6 6 10 14
771W421YRSK8445cSI,7,plain,none,mixed,3 4 4 5 7 7 19
771W44ALmoI25EMQ84,7,distinct,none,distinct,2 3 4 6 9 11 14
771WnHTNKOK0W8JOK4,7,progressive,none,distinct,1 3 4 8 9 11 13
771WHqo96658WOKni5,7,plain,none,mixed,1 4 6 6 7 8 17
771WCIKAA6422gApOO,7,progressive,none,distinct,1 5 6 7 8 9 13
771W2uA4G04IYKyrTT,7,distinct,none,distinct,2 3 5 6 7 10 16
771WBBXGN444SIIKIC,7,progressive,none,distinct,2 3 4 8 9 10 13
771WaKKLTyI2X45328,7,progressive,none,distinct,2 3 5 7 9 10 13
771W0fYAAMKWegKNKa,7,progressive,none,distinct,1 5 6 7 8 10 12
771WK48CIaYnoKO722,7,distinct,none,distinct,1 2 5 6 9 11 15
771WHHqsgSK4I65IO8,7,progressive,none,distinct,3 4 5 6 9 10 12
771W8BECQIG444IUXH,7,progressive,none,distinct,1 4 6 7 9 10 12
771W96QRBo0pndHXe2,7,progressive,none,distinct,1 3 7 8 9 10 11
771W4amINhIXAPQC54,7,progressive,none,distinct,2 4 6 7 8 9 13
771W0WHTu96WM29CDM,7,plain,none,mixed,1 2 2 3 9 13 19
771W1fH9ACGWGPbdbX,7,plain,none,mixed,1 3 5 8 8 10 14
771W0WYpD99WC446QI,7,distinct,none,distinct,1 2 3 4 7 12 20
771W2Ac6MSCCKJme22,7,progressive,none,distinct,1 3 7 8 9 10 11
771WOK6288eABRyCGG,7,plain,none,mixed,2 3 4 8 8 8 16
771WeO219S1LrcHIA9,7,distinct,none,distinct,1 2 3 5 10 12 16
771WXeSOKaa2oeimmG,7,distinct,none,distinct,2 3 5 6 8 9 16
771W9Mannpo0GgAwf4,7,progressive,none,distinct,1 4 6 7 9 10 12
771WZJ88LKA1XKLK5J,7,plain,none,mixed,2 2 7 7 7 11 13
771W054AIMA99C9wqK,7,distinct,none,distinct,2 3 5 6 7 10 16
771WKawoCCCWiK8SGG,7,progressive,none,distinct,1 2 6 7 8 12 13
771W4buYW44YogweaK,7,plain,none,mixed,4 4 4 4 8 8 17
771WOeK23CAmGeQB24,7,plain,none,mixed,1 1 3 6 6 14 18
771W59qa2124KSiKN5,7,progressive,none,distinct,2 3 4 7 8 9 16
771W0p3oobSePhgeAX,7,progressive,none,distinct,1 5 6 7 9 10 11
771WOI9B9o021IggV5,7,progressive,none,distinct,1 3 5 7 8 11 14
771W53DEIA2446LnOG,7,plain,none,mixed,2 2 3 8 9 10 15
771W4Iaqkq41SdZIaa,7,progressive,none,distinct,1 2 7 8 9 10 12
771W7KM6888gg248qK,7,plain,none,mixed,1 4 4 6 6 13 15
771WgcNKZYI1L0WCGE,7,distinct,none,distinct,1 2 4 5 8 9 20
771WGMAMY7424ueNYX,7,progressive,none,distinct,1 4 5 6 9 10 14
771WPG595f612I_mnI,7,plain,none,mixed,3 3 3 6 7 11 16
771WOOKLHu0215MQQM,7,progressive,none,distinct,1 4 6 7 8 11 12
771Wjjkqpen00F44QD,7,progressive,none,distinct,1 4 5 7 9 11 12
771W8KaZ3K8MInnA82,7,plain,none,mixed,2 2 5 5 9 12 14
771W235cAOO8464OQY,7,plain,none,mixed,2 2 3 6 8 11 17
771WY6gMT4GGeZzAca,7,progressive,none,distinct,2 3 6 7 9 10 12
771WK8Qq33484muLDA,7,plain,none,mixed,2 2 4 6 8 9 18
771WSOST78G449cKIO,7,progressive,none,distinct,1 3 6 8 9 10 12
771WYXQMEw22JMB5m0,7,progressive,none,distinct,1 3 4 7 9 12 13
771W985qYII5B4KC8m,7,distinct,none,distinct,1 2 3 9 10 11 13
771W59AAg58AEEZ2I1,7,progressive,none,distinct,2 4 6 7 9 10 11
771W1KOOKD8GGsqZZ1,7,plain,none,mixed,2 2 2 7 8 12 16
771WfYwCC8W89Hoy4a,7,progressive,none,distinct,1 3 4 7 10 11 13
771WYgWWHAC2cYHHIK,7,plain,none,mixed,1 4 6 6 6 6 20
771W44aUOKGG8C6B77,7,progressive,none,distinct,1 3 5 8 9 11 12
771WG82E54288eSJUQ,7,progressive,none,distinct,1 2 3 5 9 13 16
771W8POUE44EEYIQGW,7,plain,none,mixed,2 2 6 7 7 8 17
771WHXco85e5aCFMI1,7,progressive,none,distinct,1 4 5 6 9 11 13
771WcXQ3H24QgqiDs8,7,progressive,none,distinct,2 3 6 7 8 10 13
771W1d4PrKeJbejYI8,7,progressive,none,distinct,1 3 7 8 9 10 11
771W28ecALjGDFig02,7,plain,none,mixed,2 2 3 6 8 10 18
771W86YY9HGLLMqa41,7,plain,none,mixed,2 2 5 7 9 12 12
771Wb9RCe41Kogc9P0,7,progressive,none,distinct,1 3 5 7 8 11 14
771W4653CKaABAEaO4,7,progressive,none,distinct,1 3 5 7 10 11 12
771WGWgeUfc1sGBCJI,7,progressive,none,distinct,1 3 5 8 9 10 13
771WAnrK8EH8Wb5Ine,7,plain,none,mixed,2 2 5 5 10 12 13
771W59AUYeq8E7dAG0,7,plain,none,mixed,2 3 5 5 8 11 15
771W12wYe1GJDSMMY1,7,plain,none,mixed,1 2 3 6 12 12 13
771WQA6B311qqKCK28,7,plain,none,mixed,2 3 4 4 8 11 17
771WXcIoogb8IIHXW1,7,progressive,none,distinct,1 4 5 6 8 12 13
771W889PSEA22A9ECG,7,progressive,none,distinct,2 3 5 6 9 11 13
771W6Uqi8OOM2eKO88,7,plain,none,mixed,2 2 4 4 7 15 15
771WOBRhiaa0AoWae4,7,progressive,none,distinct,1 2 5 7 10 11 13
771WGeO45KZYJe899E,7,plain,none,mixed,1 1 3 5 9 13 17
771WOKOxe8GA45q4C8,7,plain,none,mixed,1 2 5 7 7 13 14
771WYao5428GOGHx95,7,plain,none,mixed,1 2 4 7 7 8 20
771W2KikA98mq4MY8B,7,plain,none,mixed,1 2 2 11 11 11 11
771W0WAh598fLLACOP,7,plain,none,mixed,2 3 3 6 10 10 15
771WKaeSBRg4j2O445,7,progressive,none,distinct,2 3 4 6 7 13 14
771W557sDWG87AEIE2,7,progressive,none,distinct,1 4 5 6 9 11 13
771W9IIZaq5HQX14e5,7,plain,none,mixed,1 5 5 5 6 9 18
771W42K8Ao2B9ISyCC,7,progressive,none,distinct,1 4 6 8 9 10 11
771W04pMMaAHBJIhme,7,progressive,none,distinct,2 3 5 6 10 11 12
771WPR9fE8884KKIa8,7,progressive,none,distinct,2 3 5 8 9 10 12
771WG8J9PPP88y99P0,7,plain,none,mixed,1 3 3 7 9 9 17
771WGCAEEDX55beHB8,7,plain,none,mixed,1 6 6 7 8 10 11
771WaYA8OIq5KKAhWW,7,distinct,none,distinct,1 3 5 6 8 9 17
771WHbZh9EAW4ajU60,7,progressive,none,distinct,2 3 4 8 9 11 12
771W8GKO88HmmbAIIJ,7,plain,none,mixed,1 2 3 8 11 12 12
771W88G5G8aHGUFAAE,7,plain,none,mixed,1 1 6 7 7 13 14
771WKSHuKAAC8QaIG8,7,plain,none,mixed,1 3 6 7 7 9 16
771W6nfgiiKWXH8ieG,7,progressive,none,distinct,1 3 6 7 9 11 12
771W2aT57O8YIBIoK2,7,plain,none,mixed,1 5 5 8 9 9 12
771W25A5bAKACDNgRX,7,progressive,none,distinct,2 4 5 7 8 11 12
771W42KoKQm58HI-55,7,progressive,none,distinct,1 5 6 7 8 10 12
771W64CBS8W453ICia,7,distinct,none,distinct,1 2 4 6 8 13 15
771W89maCIGMAQC21n,7,distinct,none,distinct,1 2 4 6 7 9 20
771W1aMNOeaWI8Daqu,7,progressive,none,distinct,1 3 5 8 9 11 12
771WeOfKVhI1x58ACH,7,progressive,none,distinct,2 3 4 7 9 11 13
771W0GSXoQIYi9JBC8,7,distinct,none,distinct,2 3 5 6 7 10 16
771W8OFbbMAGQvGHAG,7,progressive,none,distinct,1 5 6 7 9 10 11
771W6c6gABCu448123,7,plain,none,mixed,1 1 4 10 10 10 13
771W5oHRAA2GWaffq8,7,distinct,none,distinct,2 4 5 6 7 9 16
771WG8ClJPO84aI6A5,7,plain,none,mixed,2 2 7 7 7 10 14
771WP9iAEI0fnIASH1,7,plain,none,mixed,2 3 5 7 10 11 11
771W2s1goaGofUQfR3,7,progressive,none,distinct,1 3 7 8 9 10 11
771WK8AIZqCWd9mI62,7,plain,none,mixed,1 1 2 6 12 12 15
771W4GEcMII9DwYIGG,7,progressive,none,distinct,2 3 5 6 9 10 14
771W44aPba2HC8Cfec,7,distinct,none,distinct,1 3 5 7 10 11 12
771WmqisHL862V7Xje,7,progressive,none,distinct,2 4 5 7 8 10 13
771WIIA99Ec11HA8A8,7,plain,none,mixed,1 4 6 6 8 8 16
771WAIP428588mBFTK,7,plain,none,mixed,2 4 4 7 7 8 17
771WYHQgkEAIuG8Dm0,7,distinct,none,distinct,2 3 4 6 10 11 13
771W2155VDG2255Ko9,7,distinct,none,distinct,2 3 4 5 6 8 21
771W0GbO83ZqjLRBAG,7,progressive,none,distinct,2 3 4 6 9 11 14
771W24Mb3Zf68GHjIO,7,plain,none,mixed,2 4 4 5 6 12 16
771W88eOH6AIAC5662,7,distinct,none,distinct,1 3 4 5 8 11 17
771WWWHQGA8eO6AADL,7,plain,none,mixed,1 3 3 6 9 10 17
771WKM96jO835MAuS2,7,plain,none,mixed,1 4 4 7 9 11 13
771W18ifffZGAAnff0,7,progressive,none,distinct,1 4 5 6 10 11 12
771Wqeejbw22b6f328,7,plain,none,mixed,1 5 6 7 7 8 15
771WIQBFIaWWZr5AG4,7,progressive,none,distinct,1 2 6 7 8 12 13
771W126wEeO69CCIa4,7,plain,none,mixed,1 3 4 7 7 11 16
771WGGCRggh24OG885,7,distinct,none,distinct,1 2 6 7 9 10 14
771WCae2344gAAwA24,7,plain,none,mixed,1 2 7 8 8 10 13
771WBDKiK304CQ6wPA,7,distinct,none,distinct,3 4 5 6 7 9 15
771WIQQOLXWGIcE805,7,plain,none,mixed,2 2 3 4 7 8 23
771WjgsoIIA04Hm8mG,7,progressive,none,distinct,1 3 5 6 10 11 13
771W6MkyoA52Ggra98,7,progressive,none,distinct,1 2 6 8 9 10 13
771WaiKH3JGeucME91,7,progressive,none,distinct,1 3 4 8 10 11 12
771WIIEv984C4OT4C2,7,plain,none,mixed,1 1 8 8 10 10 11
771W86PuIfn86NqaI8,7,plain,none,mixed,2 3 5 7 10 10 12
771W99BL8p165AUMD2,7,progressive,none,distinct,2 4 6 7 9 10 11
771WUngS44qW9Ka8mG,7,plain,none,mixed,1 1 3 6 9 14 15
771WYY6YHm0Qrqqi42,7,plain,none,mixed,2 4 4 5 8 9 17
771WIKPy468848LhAI,7,plain,none,mixed,1 6 6 7 7 9 13
771WanHh88AKe84af5,7,plain,none,mixed,2 2 4 6 11 11 13
771WONNRaa8144j4am,7,progressive,none,distinct,1 3 6 8 9 10 12
771W9AS4wIIIMACKW0,7,plain,none,mixed,1 4 6 7 8 8 15
771W8i45f5AKood990,7,plain,none,mixed,2 2 4 7 8 11 15
771WeeAA88IWGH99KK,7,plain,none,mixed,1 3 4 4 10 12 15
771WYQSbC888aiAKKO,7,progressive,none,distinct,2 4 5 7 9 10 12
771WSogSUOGGeHaAaa,7,progressive,none,distinct,1 3 6 8 9 10 12
771WOcKG8Y6MrDhIWW,7,plain,none,mixed,3 4 5 5 6 8 18
771WXc6Igg41MUTaX1,7,progressive,none,distinct,2 5 6 7 8 10 11
771WA66gYi85AAj644,7,progressive,none,distinct,2 5 6 7 8 9 12
771WB59I8Y256AssS4,7,progressive,none,distinct,2 3 5 8 9 10 12
771WHbCaI42SqogLI2,7,progressive,none,distinct,1 3 4 6 10 11 14
771WcILDjj91aC1u8G,7,progressive,none,distinct,1 5 6 7 9 10 11
771W84CNhXX04Cocga,7,distinct,none,distinct,2 3 4 5 8 12 15
771W8O8T37WKLj9E94,7,progressive,none,distinct,1 4 5 6 9 11 13
771W1fAfrYYeqsACU0,7,plain,none,mixed,2 4 5 6 10 11 11
771WWGE2o992aIQAIH,7,plain,none,mixed,1 1 6 7 7 12 15
771W0uvDLH1X9cQQQG,7,plain,none,mixed,3 3 4 5 10 11 13
771WY9D6AYK2XWU7eG,7,plain,none,mixed,1 2 3 3 10 10 20
771WamaqbH13Too442,7,distinct,none,distinct,1 2 4 5 10 12 15
771W9HPOa4424eSQQY,7,distinct,none,distinct,1 3 6 8 9 10 12
771W8AZkgqY0PQih8G,7,progressive,none,distinct,1 5 6 7 9 10 11
771W08Y4nHGCUSiiqn,7,progressive,none,distinct,1 4 5 7 8 11 13
771WYYMPGKCeO58IA6,7,progressive,none,distinct,1 3 6 7 9 11 12
771W45IYiC8B9PSDHX,7,progressive,none,distinct,2 3 6 8 9 10 11
771WI9UKemGGLYSKyC,7,progressive,none,distinct,1 4 5 6 8 11 14
771WG43ESY412agREM,7,plain,none,mixed,2 3 4 5 9 9 17
771W84K1vo8HMBjDE8,7,progressive,none,distinct,1 4 6 8 9 10 11
771WCaaaHKHKaX1772,7,plain,none,mixed,2 4 4 4 6 13 16
771WOeefua14bZB994,7,progressive,none,distinct,1 4 5 7 8 11 13
771WdeWLu884QKaCi4,7,distinct,none,distinct,1 2 5 6 8 12 15
771WIENka222Cy4cG8,7,progressive,none,distinct,2 3 5 7 9 10 13
771W8Goi450eqi89HJ,7,plain,none,mixed,1 3 3 3 10 12 17
771W884Agw5556PGPO,7,progressive,none,distinct,2 3 5 7 8 11 13
771WEE1IKq4B91H4uW,7,plain,none,mixed,1 2 2 4 5 14 21
771WLA9Z2606Agg9sA,7,progressive,none,distinct,2 3 4 8 9 10 13
771W88YasL22KHHPFE,7,progressive,none,distinct,2 3 6 8 9 10 11
771W0GBH_7AaYQDCJG,7,progressive,none,distinct,1 4 6 7 8 9 14
771WKKO1q48KIizAA6,7,progressive,none,distinct,2 3 4 7 10 11 12
771WG3zYg6W5MkofPX,7,progressive,none,distinct,1 2 6 8 9 11 12
771WaHQEP804aQ9brJ,7,progressive,none,distinct,1 4 5 8 9 10 12
771W4LiXYH0nhQAAEn,7,progressive,none,distinct,1 4 5 7 9 11 12
771W2H4XACIOSjgpLf,7,progressive,none,distinct,2 4 6 7 9 10 11
771WYB3II20oIQggX9,7,distinct,none,distinct,1 4 6 7 8 11 12
771Wqee9A20AAga459,7,plain,none,mixed,2 3 5 5 6 14 14
771W2aOO4H8nHNMY21,7,plain,none,mixed,1 2 3 8 8 10 17
771W8EEE29H445cgYW,7,progressive,none,distinct,2 3 4 7 10 11 12
771W0hmIqLIg4OelJY,7,plain,none,mixed,2 2 3 5 10 13 14
771W06AMrEM24BPWke,7,distinct,none,distinct,2 4 5 6 7 8 17
771W1rA68S0nXojMQA,7,progressive,none,distinct,1 4 5 7 8 11 13
771W895EIH1115vbla,7,plain,none,mixed,4 4 4 6 6 8 17
771WYIocMQa1q9B522,7,progressive,none,distinct,1 3 5 7 10 11 12
771WqCA95LH8egMH90,7,progressive,none,distinct,1 3 6 7 9 11 12
771WGDvLLHn8HqSYY0,7,progressive,none,distinct,1 3 6 8 9 10 12
771W8II5bZIWbCikaf,7,progressive,none,distinct,3 4 5 6 9 10 12
771W79CJKT1HHQfqO6,7,progressive,none,distinct,1 2 5 7 9 12 13
771WAHYPmo8DKhEEr9,7,progressive,none,distinct,2 5 6 7 8 9 12
771W9vDJSWWWIiISK4,7,plain,none,mixed,3 4 4 5 6 11 16
771WAA61H-W463HAhX,7,plain,none,mixed,1 2 4 5 8 8 21
771W2H4inO8egVOKq2,7,progressive,none,distinct,1 3 6 7 9 10 13
771WPKIfn88A2EeO8Y,7,plain,none,mixed,1 2 6 6 9 10 15
771W0dngMbaWseaKgJ,7,progressive,none,distinct,1 5 6 7 9 10 11
771WZW9PL840GQNIo6,7,plain,none,mixed,1 1 3 7 8 13 16
771W2Y69Q5AaKIVKBC,7,plain,none,mixed,1 6 6 9 9 9 9
771WOAE32c4HIoAHea,7,plain,none,mixed,1 5 5 7 7 8 16
771WXgcURG80eZ-Ya2,7,progressive,none,distinct,1 5 6 7 8 10 12
771WIIACs6g52K9C44,7,progressive,none,distinct,1 4 6 8 9 10 11
771WL9ZYYKG0InnIAA,7,progressive,none,distinct,2 3 4 6 8 12 14
771Wc9rZfP2XJ9yCb8,7,progressive,none,distinct,1 4 5 7 8 11 13
771WGK7k888D5LOame,7,plain,none,mixed,1 3 6 6 7 10 16
771WeHMKKI98eZ2QHW,7,distinct,none,distinct,1 2 5 6 9 12 14
771W5c6IA88eOSQ2aa,7,progressive,none,distinct,1 5 6 7 9 10 11
771WcIMCC8W8f92qCC,7,plain,none,mixed,1 4 5 6 10 10 13
771We50WGGaCbbbKKa,7,distinct,none,distinct,1 2 3 5 6 13 19
771WAKQObb614miu9C,7,plain,none,mixed,2 4 4 7 9 11 12
771WO237goI25cae4G,7,plain,none,mixed,1 3 3 8 8 9 17
771WXGYHjgnKeLLJ9Y,7,plain,none,mixed,1 3 3 4 8 14 16
771WDLG44a432gAKKK,7,distinct,none,distinct,1 2 4 7 9 11 15
771W1YXYYR8YKNMMfI,7,progressive,none,distinct,1 4 6 7 9 10 12
771WmmAXaC9OAQ9CSH,7,plain,none,mixed,1 2 5 8 9 12 12
771WW6468GA2YZaOjj,7,plain,none,mixed,2 2 5 5 7 12 16
771WeiqKPQD91Gb474,7,distinct,none,distinct,1 3 4 7 10 11 13
771WWgwggcM0RAYWWW,7,progressive,none,distinct,1 4 5 8 9 10 12
771W4548CIG446EIHn,7,plain,none,mixed,1 1 5 7 8 12 15
771Wqda4A44AY24cKa,7,plain,none,mixed,1 3 4 8 8 10 15
771W84Gm3C595LsLJM,7,progressive,none,distinct,1 2 5 7 10 11 13
771W23A4aA8KIIPV4q,7,progressive,none,distinct,1 2 7 8 9 10 12
771WOTbXA4WGTTBYcI,7,plain,none,mixed,2 4 4 9 9 10 11
771W9gnHCHGeGM42oD,7,plain,none,mixed,1 2 4 5 10 10 17
771WAaXrOGG4egCqKO,7,distinct,none,distinct,1 3 5 6 7 12 15
771WG4YZGd95IqrMDA,7,progressive,none,distinct,1 2 4 8 10 11 13
771W8e4JI9KuORO9B4,7,progressive,none,distinct,1 4 5 7 9 11 12
771WeeuQCC24CK9D88,7,plain,none,mixed,2 4 5 5 10 11 12
771WAIjRIo4HAzH8L1,7,progressive,none,distinct,1 5 6 7 8 10 12
771WP58Wifa4CirII1,7,plain,none,mixed,1 3 5 7 7 10 16
771W05eF8XIIBAOajM,7,plain,none,mixed,1 3 3 7 8 13 14
771W455NEKK44AEYe4,7,plain,none,mixed,1 4 6 6 9 9 14
771WaeE9OK11HKgPPK,7,progressive,none,distinct,1 3 5 8 9 11 12
771W2KYIMH29PYYqhe,7,progressive,none,distinct,2 5 6 7 8 10 11
771WIQ66699GGWIK22,7,plain,none,mixed,2 2 4 5 7 10 19
771WCdaeuII8YagIWG,7,plain,none,mixed,1 5 5 6 7 9 16
771WIRDDm8224s5La8,7,progressive,none,distinct,1 4 5 7 9 11 12
771WGGmmAAbK1DBADC,7,distinct,none,distinct,2 3 4 5 7 13 15
771W04yaXHSGMCLbbY,7,plain,none,mixed,1 4 5 7 10 10 12
771WGPvE6AAKCiQGOW,7,progressive,none,distinct,2 4 5 8 9 10 11
771W65BdBDJKOPS3m4,7,progressive,none,distinct,3 4 5 6 8 11 12
771W88A897H223B9QS,7,progressive,none,distinct,2 3 5 6 8 10 15
771W2YB54A8eOOBB2M,7,plain,none,mixed,2 2 4 6 10 11 14
771WDPPXXKKeg8W224,7,plain,none,mixed,1 4 4 5 6 7 22
771WW0y6E53oAICJOQ,7,distinct,none,distinct,1 2 5 7 9 10 15
771WnHG266GW099D9P,7,plain,none,mixed,1 2 2 5 6 13 20
771W8aG53Y1XowwE93,7,plain,none,mixed,1 3 3 5 10 13 14
771WKIiIDiA3QM8z42,7,progressive,none,distinct,1 5 6 7 9 10 11
771WKKN6oKO62CDI8G,7,progressive,none,distinct,1 4 6 7 8 11 12
771WYKJKeO44Y55yay,7,plain,none,mixed,1 2 7 7 10 11 11
771WOuem664aKCCD88,7,plain,none,mixed,2 3 3 5 12 12 12
771W86abOAIG43d3my,7,plain,none,mixed,1 2 2 3 9 14 18
771WqSSILO82YXAC42,7,progressive,none,distinct,1 4 5 8 9 10 12
771WIIOteO882byq8C,7,progressive,none,distinct,1 3 6 7 9 10 13
771W64R9FI099IQCnp,7,progressive,none,distinct,2 3 6 8 9 10 11
771WKCeoOKE8KvM499,7,plain,none,mixed,2 3 3 6 8 10 17
771WKCa45X0gxxB554,7,progressive,none,distinct,2 4 6 7 8 10 12
771WJLDMdae04uXYAK,7,progressive,none,distinct,2 3 4 7 8 12 13
771WG8AEEE522YPGBA,7,plain,none,mixed,3 3 4 7 7 11 14
771W8ySQOIWWn3f966,7,progressive,none,distinct,1 2 7 8 9 10 12
771WXMKC68a1W87aMs,7,plain,none,mixed,1 1 2 7 8 12 18
771WOWH5beGKnvQII4,7,progressive,none,distinct,1 3 4 8 10 11 12
771WeGQAA11CiqAAIG,7,plain,none,mixed,2 4 4 5 8 11 15
771W16OKM9IWWt-Id4,7,distinct,none,distinct,2 3 5 6 7 11 15
771WnmCSHK88OLG77b,7,distinct,none,distinct,1 2 4 6 9 12 15
771W888gCOIOKMF944,7,distinct,none,distinct,1 4 5 6 8 11 14
771WAyCo344kMg2g42,7,progressive,none,distinct,1 4 6 7 8 11 12
771WMa9DHI4HX4OrM4,7,progressive,none,distinct,1 3 5 6 7 12 15
771W0GCBaiGqrLJC84,7,distinct,none,distinct,1 2 4 6 8 12 16
771WYYYQCDA4C8459A,7,distinct,none,distinct,3 4 5 6 7 10 14
771WPH11CF4IIY5216,7,plain,none,mixed,1 2 4 4 5 7 26
771WG9rd44A4OmH94a,7,distinct,none,distinct,1 2 3 7 9 11 16
771WKKcw8v9GN86EIG,7,plain,none,mixed,1 4 6 7 10 10 11
771WWDSiPPHaim5bbG,7,plain,none,mixed,1 6 6 6 9 10 11
771W8DHIncg24IJYkW,7,progressive,none,distinct,2 3 5 6 9 11 13
771WARiagWZ0IYCKJY,7,progressive,none,distinct,1 3 5 8 9 10 13
771WKIIYE3AAE65Z12,7,progressive,none,distinct,2 3 4 6 9 12 13
771WMVcMK428OYI50m,7,progressive,none,distinct,1 3 4 5 8 13 15
771WcMLIgY25XDBZO0,7,plain,none,mixed,1 2 5 7 8 13 13
771W4i3e8uagLMfOG8,7,progressive,none,distinct,2 4 5 6 7 9 16
771WaaZL5Q12A76wZm,7,progressive,none,distinct,1 3 6 8 9 10 12
771WaaKKANI0GEE512,7,plain,none,mixed,2 3 3 5 8 13 15
771WMDDOOaq8AXB8eG,7,distinct,none,distinct,2 3 4 5 6 14 15
771WAsRZIY8mFfPf4G,7,progressive,none,distinct,1 3 5 6 10 11 13
771WQA6mSG8eaDQCKK,7,plain,none,mixed,2 4 5 8 8 9 13
771W8a4Crg0YNLxXYa,7,progressive,none,distinct,1 4 5 6 9 11 13
771W24qbYAJ8IBAc58,7,progressive,none,distinct,1 5 6 7 8 10 12
771WCEDrMQQ4882aGC,7,progressive,none,distinct,1 5 6 7 9 10 11
771Wgo5C2DJOOf6LI8,7,distinct,none,distinct,2 3 4 5 9 10 16
771W8aKee8G2wxOeee,7,progressive,none,distinct,2 4 5 6 7 8 17
771WOKadiae1I2b4C8,7,plain,none,mixed,1 1 6 8 11 11 11
771WacAAge8XKK2Iee,7,plain,none,mixed,1 4 4 7 9 12 12
771W6KK48meYXBCe88,7,plain,none,mixed,1 2 2 8 8 12 16
771WGsAAC20HXnxl22,7,plain,none,mixed,2 3 3 3 9 14 15
771WG8FcDDE48eKG5S,7,progressive,none,distinct,1 3 4 7 9 12 13
771WW8abMI9HbYJLKP,7,progressive,none,distinct,1 5 6 7 8 10 12
771W4KHIBZ121rpJT8,7,plain,none,mixed,2 2 5 7 7 9 17
771W4669eUY9EDDcC8,7,progressive,none,distinct,1 3 5 7 10 11 12
771WiiATA66aKO2S48,7,distinct,none,distinct,1 4 6 7 9 10 12
771WgqqfpUO39aAfC2,7,progressive,none,distinct,2 4 5 8 9 10 11
771W8Y17KOGKaXYiqe,7,plain,none,mixed,1 3 4 4 6 13 18
771W8AG8CII88QMImm,7,plain,none,mixed,1 2 6 6 8 10 16
771WONL988GGG9ckUY,7,progressive,none,distinct,3 4 5 7 8 9 13
771WOGh75228Gm86IK,7,plain,none,mixed,1 2 4 5 5 12 20
771W88fg1Y3H66QQSJ,7,progressive,none,distinct,1 3 4 8 9 10 14
771W0D1AWIASQRcMTb,7,progressive,none,distinct,2 4 5 6 9 11 12
771WhRPca8W2f9A4S4,7,progressive,none,distinct,2 4 5 7 8 10 13
771W9CKcc-5GRH2eZ2,7,progressive,none,distinct,1 3 5 6 10 11 13
771WowPHk88I4CaYK4,7,progressive,none,distinct,2 5 6 7 8 10 11
771W44KAiILCAISB54,7,progressive,none,distinct,2 5 6 7 8 10 11
771W2oaerBJWYLUI24,7,distinct,none,distinct,2 3 5 7 8 11 13
771W29MHm02CAKqiz5,7,plain,none,mixed,2 3 4 6 6 10 18
771WJHIiK0148kgeO9,7,plain,none,mixed,1 3 3 4 7 8 23
771WQO9582GAARjb6I,7,plain,none,mixed,2 2 7 7 7 11 13
771Wff5PnIY8VKOGI0,7,plain,none,mixed,1 4 6 6 7 9 16
771W4ckad48Y88HQaY,7,plain,none,mixed,1 4 4 8 9 9 14
771WXPSGKKgWXiDHG0,7,plain,none,mixed,1 2 2 6 9 11 18
771WY56xAHK8icg3rA,7,progressive,none,distinct,1 4 6 8 9 10 11
771WY6XaL54oMKKfP4,7,progressive,none,distinct,1 4 5 8 9 10 12
771W8GOaKP98CrE222,7,distinct,none,distinct,2 3 4 6 7 8 19
771WKQPHhBh34CaaG0,7,progressive,none,distinct,1 4 6 7 9 10 12
771W0TbNGGGIQaqea4,7,plain,none,mixed,1 4 5 5 6 12 16
771WOXE2544KaaS2MY,7,plain,none,mixed,1 1 3 6 6 12 20
771W2L3dObaQKYcv5Y,7,progressive,none,distinct,2 4 6 7 9 10 11
771WYMQKIMK0W8OdAA,7,progressive,none,distinct,1 5 6 7 8 9 13
771WaaaoD9404CBLTP,7,progressive,none,distinct,3 4 5 6 7 10 14
771WfLDAxRC3bIW985,7,progressive,none,distinct,2 3 4 7 10 11 12
771WY6jHG32eOIAgP6,7,plain,none,mixed,1 3 3 6 10 12 14
771W5HAYaMA4AxhEG0,7,progressive,none,distinct,2 3 6 7 8 10 13
771We_vaaCC4AYOWGe,7,plain,none,mixed,2 4 4 6 7 10 16
771WI9CI23844eHPx9,7,plain,none,mixed,1 4 5 6 6 10 17
771WCegILKOe88nK42,7,progressive,none,distinct,1 2 7 8 9 10 12
771WPNhEKK29H4mfCK,7,plain,none,mixed,2 3 5 5 9 12 13
771WIYXlJNe0j85EP4,7,progressive,none,distinct,1 3 6 7 9 10 13
771WAoq15558emGUE0,7,plain,none,mixed,2 2 4 5 5 11 20
771WOQZdfHA2G3KSXn,7,distinct,none,distinct,1 2 4 6 7 13 16
771WZLYYMgA1sKMYH1,7,progressive,none,distinct,2 4 6 7 8 10 12
771W55cW0KaCHJJOG0,7,plain,none,mixed,1 1 2 3 4 9 29
771WaKxG99b9mK9O8K,7,plain,none,mixed,1 3 4 7 7 12 15
771WWLDHKws8gQ9caW,7,plain,none,mixed,2 3 6 6 9 10 13
771WACa4vpGDKKIc52,7,progressive,none,distinct,2 3 4 7 10 11 12
771W32bsmmGG944Ku8,7,plain,none,mixed,1 3 3 4 6 15 17
771WK2I4CE8mm8DeJJ,7,plain,none,mixed,2 2 2 5 10 13 15
771W8u-kcYuGYB7H88,7,progressive,none,distinct,1 5 6 7 8 10 12
771W09PLAC2HHDhda4,7,progressive,none,distinct,1 4 5 7 8 10 14
771WXJYqKIH4u88AfO,7,progressive,none,distinct,2 3 5 7 9 11 12
771WoKOaau12fAJf99,7,plain,none,mixed,1 1 6 7 8 10 16
771W28e99Ka8HIcb5B,7,progressive,none,distinct,2 3 5 6 9 11 13
771W1HPOegb8Cmffh2,7,progressive,none,distinct,2 3 5 7 9 10 13
771WX9HB8F9GmeMLU4,7,progressive,none,distinct,1 4 5 7 8 10 14
771WAkje8O4c65XO8G,7,plain,none,mixed,3 3 4 6 6 9 18
771WY2ANAO4oITF284,7,distinct,none,distinct,1 2 6 7 9 10 14
771W11qCqH2gqznppG,7,progressive,none,distinct,2 5 6 7 8 9 12
771WggveHIC0KD01oi,7,plain,none,mixed,2 3 3 5 6 11 19
771W44SieHI2EM489A,7,plain,none,mixed,2 3 3 4 9 14 14
771W8KG6Y2224iiSQQ,7,plain,none,mixed,1 4 4 7 7 12 14
771W478WY958AAJIcq,7,plain,none,mixed,1 4 4 5 9 11 15
771WYX9gXMGAMLHJ-0,7,progressive,none,distinct,1 2 4 7 9 12 14
771WLSqsQfX4IWL93W,7,plain,none,mixed,1 3 6 6 6 13 14
771W8Oa5moCDHbK9A6,7,progressive,none,distinct,2 3 5 6 10 11 12
771WcHIiK9H0iB6goG,7,progressive,none,distinct,1 3 4 7 10 11 13
771WAAQM1CCKKCEA60,7,plain,none,mixed,2 2 4 6 7 13 15
771WXaCKMMU0GP8ie8,7,plain,none,mixed,1 3 7 7 9 9 13
771W28Bgora814moIB,7,plain,none,mixed,1 4 5 5 7 12 15
771WeeOPMNN0G84468,7,plain,none,mixed,2 3 5 5 7 12 15
771WXKCgSGe8bLQae8,7,progressive,none,distinct,1 2 6 7 8 10 15
771W0cHTNP1XnbgIqX,7,progressive,none,distinct,1 4 6 8 9 10 11
771W9ogrJYmY6v95g4,7,progressive,none,distinct,2 5 6 7 8 10 11
771W1nsccYAafHGAG0,7,plain,none,mixed,2 2 3 5 11 12 14
771W8OBbf10IUkC8G9,7,plain,none,mixed,2 3 3 5 6 11 19
771WROWOee85S8KKqK,7,plain,none,mixed,1 2 7 7 8 12 12
771W0GM66I8ddFFHGG,7,progressive,none,distinct,2 3 4 6 8 12 14
771W23XqOOGK89C8Oe,7,plain,none,mixed,2 2 3 4 7 15 16
771W88dgmmWG9COOKC,7,plain,none,mixed,1 3 4 5 9 9 18
771WIYMqqiPOnIG9HG,7,progressive,none,distinct,3 4 5 7 8 10 12
771WKCB8aG842ZEQQI,7,plain,none,mixed,1 5 6 6 8 9 14
771W01eGwK4LRSIIKa,7,progressive,none,distinct,2 3 4 7 8 12 13
771WYQ5eW20AgwMETD,7,progressive,none,distinct,1 2 5 8 10 11 12
771W56eefqeG03LcsK,7,plain,none,mixed,2 3 5 5 8 9 17
771Wmuu6v5c2DZF4D8,7,plain,none,mixed,3 3 6 6 6 11 14
771WiKz5HOOGeaU22I,7,distinct,none,distinct,1 2 3 4 8 15 16
771WAKc4644QIY2s88,7,plain,none,mixed,1 1 5 7 8 12 15
771We92BJB5qKM98PW,7,plain,none,mixed,1 3 5 7 9 9 15
771WYOWkYIJGYIkY98,7,plain,none,mixed,1 1 5 6 7 7 22
771W49U4KzeMK9o9HY,7,progressive,none,distinct,2 5 6 7 8 10 11
771WA6cAA9IO01iKB8,7,plain,none,mixed,1 3 3 6 7 8 21
771W8OIoemq48dLK44,7,plain,none,mixed,2 3 5 7 8 12 12
771W5LrpIOOG4WYQO4,7,plain,none,mixed,2 4 4 8 8 11 12
771W24aSLpoGA48c54,7,progressive,none,distinct,2 3 4 7 9 11 13
771W24K9Be8IJBAgC2,7,progressive,none,distinct,2 4 5 8 9 10 11
771W0AmLGmAHALaiTP,7,plain,none,mixed,2 2 4 6 9 13 13
771WHACaETaA7bAKY1,7,plain,none,mixed,3 4 5 6 7 12 12
771W048FkQKqomhPKO,7,progressive,none,distinct,2 4 5 8 9 10 11
771WGSageW18PPxB76,7,progressive,none,distinct,1 3 5 6 9 11 14
771W4SKNKWG47oYWiW,7,plain,none,mixed,1 1 3 5 7 10 22
771W44cX8CHGCDFLD4,7,progressive,none,distinct,1 4 6 8 9 10 11
771W0GHCiCGgiD1BBJ,7,plain,none,mixed,3 4 4 5 7 7 19
771WGGoMDHXOH62AMG,7,plain,none,mixed,1 3 4 7 9 9 16
771W29HnKGGbfsMGm4,7,plain,none,mixed,2 2 5 5 6 8 21
771WYAAY6QPAcaEE10,7,progressive,none,distinct,1 4 5 7 8 11 13
771W1Bu9FbYGAIabJC,7,progressive,none,distinct,1 3 4 8 10 11 12
771W89LeUY31EKQCDa,7,progressive,none,distinct,1 4 5 7 9 11 12
771W88SU2_1HIDI59A,7,distinct,none,distinct,1 2 5 7 8 12 14
771W9AC2sKKECCCQW0,7,plain,none,mixed,1 5 6 6 6 9 16
771WKIk6IQW8HLUc11,7,progressive,none,distinct,1 4 5 7 8 11 13
771W409XKKWgljrKK8,7,plain,none,mixed,3 3 4 4 8 13 14
771WKSeNOW1GRdT958,7,progressive,none,distinct,1 3 4 5 11 12 13
771WGKCMYC226-dB88,7,plain,none,mixed,1 5 5 8 9 10 11
771WKD113qa22XHIKY,7,plain,none,mixed,2 3 4 4 5 7 24
771W2DGGUA2GGMbJqK,7,plain,none,mixed,1 3 3 6 10 12 14
771W5CEMSh8568aI5c,7,progressive,none,distinct,1 3 6 8 9 10 12
771WDiDSA64Kae2rm8,7,plain,none,mixed,2 4 5 7 7 12 12
771W4SLHJKK88eO35J,7,plain,none,mixed,3 3 3 4 8 9 19
771W93MOuY4KHJxgXH,7,progressive,none,distinct,2 3 4 6 9 12 13
771WGG8Ac35LNN358A,7,plain,none,mixed,2 4 4 6 7 7 19
771W25sc5XAqphgmbG,7,progressive,none,distinct,2 3 5 6 10 11 12
771W8G2ZACDOKqII49,7,distinct,none,distinct,1 2 5 8 10 11 12
771W8uLMg77oaGM08I,7,distinct,none,distinct,1 2 4 6 7 14 15
771WG2580O144diqqj,7,plain,none,mixed,1 1 3 5 6 14 19
771W88Oe68EKOO6522,7,plain,none,mixed,1 1 3 6 8 12 18
771W6GIWPIGeaBDjNL,7,distinct,none,distinct,1 3 5 6 7 13 14
771Wmi69894KKqfH96,7,plain,none,mixed,2 3 4 8 10 11 11
771W8eQsoC4AqcD6GG,7,progressive,none,distinct,2 4 5 7 8 11 12
771WeWGok958oc34EC,7,plain,none,mixed,2 2 4 6 7 9 19
771W8819WbbKKKOQQ5,7,distinct,none,distinct,1 3 4 6 9 10 16
771W84DCBh6IHHbGKD,7,progressive,none,distinct,2 4 5 8 9 10 11
771W196Y280bffQQII,7,progressive,none,distinct,1 2 6 8 9 11 12
771W456gqaa8E84COe,7,distinct,none,distinct,1 3 4 6 10 11 14
771W224uf9K2A79HHK,7,plain,none,mixed,2 3 4 5 5 13 17
771W888asIHOIKC255,7,plain,none,mixed,1 4 6 6 7 9 16
771W224LHeKAB21KKQ,7,plain,none,mixed,2 3 4 4 4 5 27
771W474gXGGA648Oao,7,plain,none,mixed,1 2 4 4 7 14 17
771W478G4egA8CNnGW,7,plain,none,mixed,1 2 2 4 10 11 19
771WCYIOG8WbL7ee88,7,plain,none,mixed,1 1 5 5 7 11 19
771Wmccui100AckgIH,7,distinct,none,distinct,1 2 3 7 8 10 18
771W1dGQMECWGQSfOe,7,progressive,none,distinct,1 4 5 7 9 10 13
771W0QsCAP9IAZOCge,7,progressive,none,distinct,1 4 5 7 9 10 13
771WYY9Cq804IKF5LT,7,plain,none,mixed,1 1 4 7 9 13 14
771WIhDz566Sae4GY0,7,distinct,none,distinct,1 3 6 7 9 10 13
771W1q992D5cMcnIMe,7,progressive,none,distinct,1 4 5 7 9 11 12
771W0KkJu84AKgzqea,7,progressive,none,distinct,1 5 6 7 8 10 12
771WjUTP64G0WbD2q4,7,plain,none,mixed,2 3 3 5 9 10 17
771WZMNXpY21giiC2m,7,progressive,none,distinct,1 4 6 7 8 11 12
771WG84Amc343dVMPO,7,progressive,none,distinct,1 3 5 8 9 10 13
771W8gYcUB48ywjY12,7,progressive,none,distinct,2 4 5 7 8 10 13
771W28YkKDOH56vq8B,7,plain,none,mixed,1 2 4 8 8 11 15
771WW81QQoABeZOOQI,7,progressive,none,distinct,1 4 5 8 9 10 12
771W11kTOmGAHQKGO4,7,plain,none,mixed,2 2 3 5 7 13 17
771WGCcahhA1GmaKTO,7,plain,none,mixed,2 2 6 8 8 9 14
771W09LMRB1ppXL9Ca,7,progressive,none,distinct,3 4 5 6 8 11 12
771WZHHAQmGAfiYY88,7,plain,none,mixed,3 3 4 5 6 13 15
771WgII5L9JiCZ3908,7,plain,none,mixed,1 3 4 6 7 14 14
771W811aGG4jfjjeeG,7,distinct,none,distinct,1 3 4 5 7 12 17
771WKJDZYeK18PAxb9,7,progressive,none,distinct,3 4 5 6 9 10 12
771WG8EgRcO97aBH42,7,distinct,none,distinct,2 4 5 6 7 10 15
771W1SYM6KaWvMcOIo,7,progressive,none,distinct,1 5 6 7 8 10 12
771WXcQICKAKKFKbW0,7,distinct,none,distinct,2 4 5 6 8 9 15
771W0W9CiR5aIHLQRG,7,progressive,none,distinct,1 4 5 7 9 10 13
771W39ANI28YYibfKO,7,progressive,none,distinct,2 3 5 8 9 10 12
771WYYGE9O81HAD9LJ,7,plain,none,mixed,1 4 4 4 8 12 16
771WooIA3248O845KI,7,plain,none,mixed,2 4 4 5 6 11 17
771W42arUgOG79Co59,7,plain,none,mixed,1 5 5 7 7 11 13
771WQwAAc62YKK4144,7,plain,none,mixed,2 3 6 8 8 10 12
771W8435yqoC8DhLCG,7,plain,none,mixed,3 3 3 8 8 10 14
771WnqqqoA524YXKHm,7,progressive,none,distinct,1 4 5 7 8 11 13
771W2bAF88CGmmaTr9,7,plain,none,mixed,1 3 6 6 8 10 15
771W0YeCRNIW8DNSif,7,progressive,none,distinct,3 4 5 6 7 11 13
771WSSqXOYXI6SAA94,7,plain,none,mixed,2 2 4 4 10 10 17
771WDK7iYW0HSi8aw2,7,plain,none,mixed,1 2 2 5 10 11 18
771W0YKSHmaYILPKaY,7,distinct,none,distinct,2 3 4 7 9 11 13
771W124CKIX89F7JnG,7,plain,none,mixed,2 3 3 5 8 12 16
771W4aeaOLq5Wa-99A,7,progressive,none,distinct,1 4 5 7 9 10 13
771W3CYjGIAmadQsCa,7,progressive,none,distinct,1 5 6 7 9 10 11
771W3XkCqO0CgjogII,7,progressive,none,distinct,2 4 5 7 8 9 14
771WcIUA9A09fHCq71,7,progressive,none,distinct,1 3 5 7 10 11 12
771W8aKMJZ0XI4aOTP,7,progressive,none,distinct,2 3 4 7 8 10 15
771Wwff770G3hAA8Y2,7,distinct,none,distinct,1 2 5 6 10 11 14
771WbZBNHD28OIBbK1,7,progressive,none,distinct,1 2 3 6 10 12 15
771W0lKKqRGaIHYYHZ,7,progressive,none,distinct,1 5 6 7 8 10 12
771WWG5a311AcMMUUG,7,progressive,none,distinct,1 2 6 7 10 11 12
771WaKG8BEE8e82GMI,7,distinct,none,distinct,1 2 4 5 6 12 19
771WGGKJZOC57GIBB9,7,plain,none,mixed,2 3 3 7 8 13 13
771W4vuAQue8YDeeYI,7,progressive,none,distinct,2 3 4 8 9 11 12
771WHKkUMbII9I6ZmJ,7,progressive,none,distinct,1 3 7 8 9 10 11
771WjjNXJa41UKKEI0,7,progressive,none,distinct,2 4 5 8 9 10 11
771W8aKHfbqaHKoPPG,7,progressive,none,distinct,1 3 6 7 9 11 12
771W6a2e555aOOSiKI,7,plain,none,mixed,1 2 6 7 7 12 14
771WKKOBGI211TL5A6,7,plain,none,mixed,1 4 4 5 9 13 13
771W59vAKOP8GCkC81,7,distinct,none,distinct,1 2 4 8 9 10 15
771WLiSSUaG0pZHYa4,7,progressive,none,distinct,2 3 5 6 10 11 12
771W14aLKTDG8B8aaA,7,progressive,none,distinct,1 2 6 8 9 10 13
771WOu9oseeWOMSQIA,7,progressive,none,distinct,2 3 6 7 9 10 12
771WA-fXc21AaKiQT0,7,progressive,none,distinct,2 3 4 6 9 11 14
771W6iccDAGGabHZMI,7,progressive,none,distinct,1 5 6 7 9 10 11
771W24Mg2K4EENRYGG,7,progressive,none,distinct,1 2 4 6 11 12 13
771WIqZ3s30CYqqo1M,7,plain,none,mixed,2 2 3 4 10 12 16
771WG8pUJI21PuKOEG,7,plain,none,mixed,1 1 4 8 10 12 13
771WCFtDI22Q2S4i4W,7,distinct,none,distinct,1 2 5 7 9 12 13
771WGXeACa4fgAKKOe,7,plain,none,mixed,2 2 7 7 8 11 12
771WJBX2SX7HAiQVA2,7,progressive,none,distinct,1 2 5 8 10 11 12
771W642IJfH8B32o44,7,distinct,none,distinct,1 2 3 7 8 9 19
771W88h3ggACJJCCG4,7,progressive,none,distinct,2 5 6 7 8 9 12
771W89GOHY657P546o,7,plain,none,mixed,1 3 4 4 10 10 17
771WW8AAQQL8ej98HG,7,plain,none,mixed,2 2 7 8 9 9 12
771W0AX5eq1HTVlbLG,7,progressive,none,distinct,2 3 6 7 9 10 12
771WbkcMAR0IgbI6X2,7,progressive,none,distinct,2 4 5 7 9 10 12
771WA9R51O0JJ9IUcA,7,plain,none,mixed,2 2 4 7 8 11 15
771W8deZ2A2YMMjTau,7,progressive,none,distinct,1 5 6 7 8 10 12
771WYAGGOa51YoMKab,7,distinct,none,distinct,1 2 6 7 9 11 13
771W442QSKS8869SGG,7,plain,none,mixed,1 1 6 6 8 13 14
771WHCDD9G844dcIIe,7,plain,none,mixed,1 3 7 8 8 11 11
771W9u4kUA4eKYP29f,7,progressive,none,distinct,1 4 6 7 9 10 12
771W1faegyy8geOIK4,7,progressive,none,distinct,2 4 5 6 8 11 13
771WWHD2K64CiQIFAY,7,progressive,none,distinct,1 5 6 7 8 10 12
771WCghuOH8W49QwAH,7,plain,none,mixed,2 3 6 8 10 10 10
771WIIoQXX4OD599D8,7,progressive,none,distinct,1 5 6 7 8 10 12
771WE2aaA65IMMoL10,7,plain,none,mixed,1 2 5 8 9 9 15
771W8HDQIKa89qeoue,7,progressive,none,distinct,2 4 5 7 9 10 12
771WMM0D4O8OOB6SC4,7,plain,none,mixed,1 2 2 4 11 12 17
771W1EAbE7H8CDhHiA,7,progressive,none,distinct,2 4 5 7 8 10 13
771W3449nae246BgAe,7,plain,none,mixed,1 2 6 7 7 9 17
771WgKykSKIGaeIf44,7,progressive,none,distinct,2 3 5 8 9 10 12
771WIcc522P8e98iD0,7,plain,none,mixed,1 2 2 4 9 12 19
771WKScaYQ45JIXS11,7,plain,none,mixed,1 3 3 5 6 15 16
771WYiwH8c0AHDpnA6,7,progressive,none,distinct,1 3 7 8 9 10 11
771WKSf8wemCK3YIKC,7,progressive,none,distinct,3 4 5 7 9 10 11
771W4CAIjLK53EWLHK,7,distinct,none,distinct,2 3 5 6 8 11 14
771W4YN8b23YKCCoBK,7,progressive,none,distinct,1 4 6 7 8 10 13
771W57fH8GeHOVGGW4,7,distinct,none,distinct,1 2 3 4 8 10 21
771WGqK46H5IYBBYac,7,progressive,none,distinct,2 3 6 8 9 10 11
771W44mfDII4GQM64A,7,plain,none,mixed,1 2 6 6 10 10 14
771W84CM-82MKQj388,7,progressive,none,distinct,1 3 5 8 9 11 12
771W2cKE8K0cMF9sAA,7,progressive,none,distinct,1 3 6 8 9 10 12
771Wm4n4QK4DrQSgiq,7,progressive,none,distinct,1 4 6 7 8 11 12
771W266vDM99DADWB8,7,plain,none,mixed,1 5 6 6 7 11 13
771W43Z-OPfI788aWA,7,plain,none,mixed,2 3 4 5 5 15 15
771WY24aGggeEA8K66,7,plain,none,mixed,1 4 4 5 10 12 13
771WQbKffPQWw0e8fK,7,progressive,none,distinct,2 3 4 8 9 11 12
771W2ISkLP8eiDIO41,7,progressive,none,distinct,2 4 5 8 9 10 11
771WG98Yy42agiQTOe,7,progressive,none,distinct,2 5 6 7 8 10 11
771W3qGPCKGYIdfSyK,7,progressive,none,distinct,1 4 6 8 9 10 11
771W8CAnHM6A6DbME0,7,plain,none,mixed,2 3 6 6 7 10 15
771W53nBbbQK9OLq91,7,progressive,none,distinct,2 4 6 7 9 10 11
771WKA9DyC224YHvOK,7,progressive,none,distinct,2 4 5 6 9 10 13
771WGGefg252IIABC5,7,plain,none,mixed,1 5 6 6 7 9 15
771W41h2b69ICCLqte,7,progressive,none,distinct,2 3 6 7 9 10 12
771WA6Agibc488o631,7,plain,none,mixed,2 3 3 8 10 11 12
771W4coQ4M9dFSHc10,7,plain,none,mixed,1 2 4 4 8 15 15
771WXH9JnYX4cO8872,7,plain,none,mixed,1 3 3 5 8 13 16
771W4KAMP5A22ulP54,7,plain,none,mixed,2 4 4 6 10 10 13
771WgK411B9IoY1fA4,7,plain,none,mixed,2 3 3 4 6 9 22
771WKqupNCF4W2OE38,7,plain,none,mixed,1 1 5 7 11 12 12
771WaOePAY2JgMY248,7,plain,none,mixed,1 4 6 6 7 9 16
771W5bbtjC0ZD15842,7,distinct,none,distinct,1 2 4 5 7 13 17
771WLHGZWee2AA8eaO,7,plain,none,mixed,2 2 2 4 8 12 19
771W44BOeI8AC7P9JB,7,plain,none,mixed,2 3 4 7 9 12 12
771W8GrD2CKfnf6IK8,7,plain,none,mixed,2 3 3 3 9 13 16
771WKCd549G8GnIIAL,7,plain,none,mixed,2 3 6 7 7 8 16
771W0e54fl8XqqLA9M,7,progressive,none,distinct,1 2 6 7 9 11 13
771WGRRNNa512WeaY5,7,progressive,none,distinct,1 4 5 7 8 11 13
771WnJ55ncMY5MMGY0,7,progressive,none,distinct,1 3 6 7 9 11 12
771WXPiAi42Aqq2TK4,7,progressive,none,distinct,1 4 6 7 8 11 12
771W10LW2CA8CKMTRh,7,plain,none,mixed,1 2 2 3 10 15 16
771WOK9euIIA4KoIG8,7,distinct,none,distinct,2 3 5 7 8 9 15
771W6A9JB3A66Ef9H2,7,plain,none,mixed,2 3 3 7 9 12 13
771W22AfC9H599KME2,7,plain,none,mixed,2 2 5 8 8 10 14
771WOMlmo8A2IOZhCK,7,plain,none,mixed,2 2 4 7 7 8 19
771W44OAj3ZLIAK68C,7,distinct,none,distinct,1 3 6 7 9 11 12
771WieP68AXGH9k69G,7,distinct,none,distinct,1 2 5 7 10 11 13
771WGBK95f2A9vFHXS,7,progressive,none,distinct,1 4 6 7 9 10 12
771W48qrMLa4H8u75A,7,progressive,none,distinct,1 4 5 7 9 11 12
771WG8YNMMfG9YJQ94,7,plain,none,mixed,2 4 4 6 8 12 13
771W8DB64K0AA9XwkE,7,progressive,none,distinct,2 3 4 6 9 12 13
771W8JYdeGm3SkC4eK,7,distinct,none,distinct,1 3 4 5 8 13 15
771WYYuORI25DGII64,7,plain,none,mixed,1 4 5 5 9 11 14
771W0iebqoIXeiqQOK,7,progressive,none,distinct,1 4 5 8 9 10 12
771W444bGWW9644SSK,7,plain,none,mixed,1 2 4 4 6 15 17
771W0a4b67OKeffKLQ,7,progressive,none,distinct,1 4 5 7 8 11 13
771WXdF4q55IKIAYA1,7,distinct,none,distinct,1 2 4 9 10 11 12
771W1ZniCC3XDTIPe1,7,progressive,none,distinct,1 2 6 7 9 11 13
771W089fCq8ADEZbbn,7,progressive,none,distinct,2 4 5 6 8 11 13
771WYCC9_II2aaYCgY,7,progressive,none,distinct,2 4 5 7 8 11 12
771WADiMKOa8HOZaeO,7,progressive,none,distinct,2 3 6 7 9 10 12
771WYIJOOPJ0WC99GA,7,plain,none,mixed,1 2 5 5 10 13 13
771WajgcYYX0SSauXG,7,progressive,none,distinct,2 4 5 6 7 11 14
771WgD39PfbGoqfOe0,7,progressive,none,distinct,2 4 5 6 8 11 13
771W8Df4w12ICAKilM,7,progressive,none,distinct,2 3 4 6 8 12 14
771W1eHxvB1guYvvs0,7,progressive,none,distinct,2 3 6 7 9 10 12
771WLR34KC2aaMbf80,7,plain,none,mixed,2 3 3 4 10 13 14
771WKMNb5594889e8G,7,plain,none,mixed,2 5 6 6 7 9 14
771WCSmvoII0IeKKGS,7,distinct,none,distinct,1 2 3 6 10 12 15
771W59Q4-n8PTDYCI1,7,plain,none,mixed,2 2 3 8 10 10 14
771W7BL9CKA88JuTC4,7,plain,none,mixed,3 4 4 8 8 9 13
771W0fO4MBAeOMkaXI,7,plain,none,mixed,2 3 3 5 10 13 13
771W8Zw9HK55jsAAgH,7,progressive,none,distinct,1 4 6 7 9 10 12
771W288KqyCKHQga44,7,progressive,none,distinct,2 4 6 7 8 9 13
771W8BAjn9A28EeaDu,7,progressive,none,distinct,1 5 6 7 9 10 11
771W22oTSLLG8IOIA6,7,progressive,none,distinct,2 4 6 7 9 10 11
771W24E8ec4CBBJfII,7,plain,none,mixed,3 5 5 6 6 12 12
771WCIOG1a256oAhRT,7,plain,none,mixed,2 4 5 8 8 9 13
771W1nHACKEIoB8C91,7,progressive,none,distinct,1 2 5 6 8 12 15
771W2gA65v6gPRhW50,7,progressive,none,distinct,1 4 5 7 9 11 12
771WENNTa4424aC08a,7,distinct,none,distinct,1 3 4 6 10 11 14
771W912KIBY54Afjn2,7,plain,none,mixed,1 3 3 7 9 10 16
771W295AEK9OORqxn8,7,progressive,none,distinct,3 4 6 7 8 10 11
771WKcYnpme8e54KgY,7,plain,none,mixed,4 4 4 5 6 12 14
771W8envEL6b5Q047H,7,distinct,none,distinct,2 3 4 5 6 7 22
771W02MQiqjKKJOKWX,7,progressive,none,distinct,1 3 4 7 8 12 14
771WWA65JZ31YaqiA8,7,plain,none,mixed,2 3 3 4 10 12 15
771W131Pwu4PTOLKc2,7,progressive,none,distinct,2 4 6 7 9 10 11
771WO8GIIKWabRBA88,7,plain,none,mixed,2 2 5 6 8 13 13
771WAfRSKbGWJ1bgo9,7,progressive,none,distinct,2 4 6 7 8 10 12
771WWKy4510JxJBbbX,7,progressive,none,distinct,1 3 7 8 9 10 11
771WIAG89DuGHu23JK,7,distinct,none,distinct,1 2 4 5 7 13 17
771W8IiB424EMcwrgc,7,progressive,none,distinct,1 4 5 6 8 12 13
771WqyP75X19QYAKO8,7,plain,none,mixed,2 4 4 7 7 11 14
771W0K58AHLeeQKjhu,7,progressive,none,distinct,1 2 5 8 9 10 14
771WPQfYqYW0QCSQz5,7,progressive,none,distinct,3 4 5 6 9 10 12
771W45DAIoH214OWfH,7,plain,none,mixed,1 1 3 4 7 16 17
771W1oKc62YSXPPRW0,7,plain,none,mixed,1 2 2 4 10 14 16
771Weon98Ko18gYXGK,7,distinct,none,distinct,1 2 4 5 6 12 19
771WZFbhE88cIIiI84,7,progressive,none,distinct,1 4 6 7 9 10 12
771WLKKoM8G9532C2Y,7,progressive,none,distinct,1 2 6 7 10 11 12
771W4cMeGdfWU49QXY,7,plain,none,mixed,1 2 4 4 8 11 19
771WyShBAA29n10GGK,7,progressive,none,distinct,1 2 4 6 8 13 15
771W84KBKo4BALvE95,7,progressive,none,distinct,1 5 6 7 9 10 11
771WIROleY609fRMeK,7,progressive,none,distinct,2 3 5 7 9 10 13
771WCBQGGG822LSyaK,7,distinct,none,distinct,2 3 4 5 9 12 14
771W29HHcnJC9Mcad0,7,progressive,none,distinct,1 4 6 8 9 10 11
771W4a59r50oKMUHH1,7,progressive,none,distinct,1 2 7 8 9 10 12
771W8Y299e4wfffe82,7,progressive,none,distinct,1 3 5 8 9 10 13
771W1UceH5H6IdVayO,7,progressive,none,distinct,2 3 6 8 9 10 11
771W0152AD4CCCFSIf,7,plain,none,mixed,1 2 5 7 7 10 17
771W44eS1TGIA7Qbba,7,progressive,none,distinct,1 3 4 8 10 11 12
771WC8643W8655qKAE,7,plain,none,mixed,1 1 4 5 9 14 15
771WH56YATO84cY9JH,7,plain,none,mixed,2 2 5 7 7 8 18
771WOGILocc42a4AKO,7,distinct,none,distinct,1 2 3 7 9 13 14
771W8hgk2caaAAE9WG,7,progressive,none,distinct,1 3 6 7 9 11 12
771W44uZ741cwowD38,7,progressive,none,distinct,1 4 6 7 9 10 12
771W42Ig6a569PLmAB,7,progressive,none,distinct,1 4 5 7 9 11 12
771W588APKK446gea2,7,distinct,none,distinct,1 2 4 6 11 12 13
771W8CaHEIX0PUiAD5,7,plain,none,mixed,1 4 4 5 9 11 15
771W22-8IKIOGEMF44,7,progressive,none,distinct,1 3 5 7 10 11 12
771W77D9OGGCCAG8O4,7,plain,none,mixed,2 4 4 4 6 11 18
771W8Oqjif9mX9I669,7,progressive,none,distinct,1 5 6 7 8 9 13
771W25naaY1GHPPhf9,7,progressive,none,distinct,1 4 6 8 9 10 11
771Wa8OSIE0oI6f711,7,plain,none,mixed,1 1 5 6 8 10 18
771W0ECKSf1YZfawQO,7,progressive,none,distinct,1 3 7 8 9 10 11
771WmeLIG8WGHtMEAI,7,plain,none,mixed,2 3 5 8 10 10 11
771W9Q8e2Q2fjU55mG,7,distinct,none,distinct,2 3 4 5 6 10 19
771WB66Q8HK886i5b6,7,progressive,none,distinct,1 4 6 7 9 10 12
771W8UEbLi2HVvYX82,7,progressive,none,distinct,1 5 6 7 9 10 11
771WADEU94G885BqaI,7,progressive,none,distinct,2 3 4 7 10 11 12
771W8Y_RRhi0wWmfH8,7,progressive,none,distinct,1 4 6 7 8 11 12
771W658D6o4656QbaO,7,plain,none,mixed,1 3 6 8 8 9 14
771W8QUROee02emeae,7,distinct,none,distinct,2 3 4 5 6 13 16
771We8v9f84qAIHGGA,7,distinct,none,distinct,1 2 6 7 8 9 16
771WeoI6rL8J5f91ba,7,plain,none,mixed,2 3 3 6 6 14 15
771WaK9bMQGCaMDJK4,7,progressive,none,distinct,1 4 6 8 9 10 11
771WJQgIKF0IQAXbY1,7,progressive,none,distinct,1 4 5 6 10 11 12
771WSGC6AG099QsQKK,7,progressive,none,distinct,1 3 5 7 9 10 14
771WIMcIggP0TaWOHG,7,plain,none,mixed,1 4 4 5 9 11 15
771WgfP9aaCKH9aa4W,7,plain,none,mixed,2 2 5 5 11 12 12
771W21JhN5948UJMmG,7,progressive,none,distinct,1 3 5 7 8 11 14
771WWa2agmO9ORSioo,7,progressive,none,distinct,1 3 7 8 9 10 11
771W28CoBbf4AEdyMG,7,progressive,none,distinct,1 5 6 7 8 10 12
771WYeecdO45JIhe24,7,progressive,none,distinct,3 4 5 6 8 10 13
771W8W835JK4qsUVOJ,7,progressive,none,distinct,1 5 6 7 8 10 12
771W4532IAg5422I8e,7,distinct,none,distinct,1 2 4 6 7 8 21
771WYAxnIq0Lgn9AK4,7,progressive,none,distinct,2 4 5 6 8 11 13
771W11nkAKK4GAC799,7,plain,none,mixed,1 3 3 6 7 10 19
771WG9WfuKC8MrQOOa,7,progressive,none,distinct,1 4 6 7 8 10 13
771WakZLK59AA0neG6,7,distinct,none,distinct,1 2 3 4 7 11 21
771W1uMIY66o4aqkmG,7,plain,none,mixed,1 2 6 6 10 12 12
771WCee85EKW896bcY,7,plain,none,mixed,3 3 3 5 7 14 14
771WmcEEDSI1HoXb42,7,progressive,none,distinct,2 3 4 7 8 12 13
771WIE64KOOKKoY8GG,7,plain,none,mixed,2 4 5 5 6 11 16
771W24l9HHUG8EJgJ8,7,progressive,none,distinct,1 5 6 7 9 10 11
771W9wMFBWWGYQ6Ig4,7,progressive,none,distinct,2 4 5 6 8 11 13
771WYSaiCC92-kOX10,7,plain,none,mixed,2 4 5 6 6 8 18
771W06wYMAH9LBIaZY,7,progressive,none,distinct,2 3 6 7 8 10 13
771WYAIsHWGEZu84aY,7,distinct,none,distinct,1 2 3 7 9 10 17
771WKIMII596601w22,7,plain,none,mixed,1 2 2 5 8 11 20
771Wagw9wqeGin3YC8,7,progressive,none,distinct,2 3 4 7 10 11 12
771W1qOLJK1HX9P-uJ,7,progressive,none,distinct,1 4 6 7 9 10 12
771W3CnHEAGmerIqLX,7,progressive,none,distinct,1 4 6 8 9 10 11
771W1aWTLn1YPMQcc8,7,progressive,none,distinct,2 3 4 7 9 11 13
771WaJ18CEIGmHTwe8,7,distinct,none,distinct,2 3 4 5 6 11 18
771W4KMCFGOYYB4ICA,7,progressive,none,distinct,1 4 6 8 9 10 11
771W56oPJhm8IVK4f1,7,progressive,none,distinct,1 3 7 8 9 10 11
771WLCSQYX425r982X,7,progressive,none,distinct,1 2 4 5 10 13 14
771W9calZCfXAAaRf2,7,progressive,none,distinct,1 4 6 8 9 10 11
771Wsrj9AYIA9O2Ai0,7,plain,none,mixed,3 3 4 5 10 11 13
771WYKG88IWJoRLb66,7,progressive,none,distinct,1 3 6 7 8 10 14
771W1gdNQOWGfXsYu4,7,progressive,none,distinct,1 5 6 7 8 9 13
771WbP99em2aXJf984,7,plain,none,mixed,1 4 4 7 8 11 14
771W8GPQYEE26cQOOG,7,progressive,none,distinct,2 3 6 8 9 10 11
771WXgozIIH44Oiej0,7,progressive,none,distinct,1 4 5 6 9 11 13
771WCK4l88EKOe6B6A,7,progressive,none,distinct,1 5 6 7 9 10 11
771W854KH9644AfLLY,7,plain,none,mixed,1 3 6 8 9 9 13
771W6P9Ce20aYocEj5,7,progressive,none,distinct,1 4 6 7 8 10 13
771WaJ3uuWXOo82YgJ,7,plain,none,mixed,1 2 3 4 4 13 22
771WOHovX8WHJ7ggw8,7,progressive,none,distinct,1 4 6 7 9 10 12
771WGGOePPK8CI5554,7,plain,none,mixed,3 4 5 6 6 7 18
771WGe61X42IssMFMO,7,progressive,none,distinct,2 3 5 7 9 10 13
771W46jgi84IGG3Siq,7,plain,none,mixed,3 3 4 4 10 12 13
771WInHpr99OY464e1,7,progressive,none,distinct,1 3 5 7 9 10 14
771W2a4DC61PffZ6bi,7,progressive,none,distinct,1 2 6 7 9 10 14
771WGWYZ6AQWa562KO,7,distinct,none,distinct,1 2 3 4 7 12 20
771WHQQahGG0AAswaY,7,progressive,none,distinct,1 2 6 7 10 11 12
771WBjJZb8GYOH2sY8,7,plain,none,mixed,1 3 5 5 6 11 18
771WHHG8446CCKSOPf,7,progressive,none,distinct,1 2 6 8 9 11 12
771WSCXXD22aqK2KMO,7,plain,none,mixed,1 2 6 6 6 13 15
771W82iARHHKC8owE8,7,plain,none,mixed,1 5 5 6 9 10 13
771WaEMkOSG8av1Mcc,7,progressive,none,distinct,2 4 6 7 8 10 12
771W8OurKIqG5YAB84,7,plain,none,mixed,1 5 6 7 7 10 13
771WSTjfM2G6I7F34W,7,progressive,none,distinct,2 3 6 7 8 11 12
771WW4YNH11IgggU68,7,plain,none,mixed,1 4 5 6 9 12 12
771WKaijJI11j8K45A,7,plain,none,mixed,2 2 4 7 9 11 14
771W0Kd6vA2AKYbLIS,7,progressive,none,distinct,1 2 5 8 9 11 13
771WaSKK3224aOe464,7,distinct,none,distinct,1 3 4 5 7 12 17
771W9HnoAA6L9b5480,7,progressive,none,distinct,2 4 5 6 7 11 14
771WIAw7464G8mOM95,7,plain,none,mixed,3 4 5 6 6 7 18
771W14uCLCAMEKQZY4,7,progressive,none,distinct,2 3 5 6 9 11 13
771W44EEEe8ABBGI88,7,distinct,none,distinct,2 3 4 6 8 11 15
771W56Q-c2WPQ6Q2X1,7,progressive,none,distinct,1 2 5 7 10 11 13
771WKKtcUcWKICA1H9,7,progressive,none,distinct,2 4 6 7 9 10 11
771W19P56KgABHebc2,7,plain,none,mixed,2 3 6 6 8 11 13
771W21vZD558SKQSq0,7,plain,none,mixed,1 4 6 6 8 12 12
771WMLr99a2TE6A3Y0,7,plain,none,mixed,1 4 5 8 9 11 11
771WA999oIY35444a8,7,distinct,none,distinct,1 3 4 7 10 11 13
771WCkqKia0WDL3nXX,7,progressive,none,distinct,1 3 5 6 7 13 14
771WP2ZonGWI9e88qA,7,plain,none,mixed,1 3 4 4 5 14 18
771WKnnceeGW1PSque,7,progressive,none,distinct,2 3 5 6 7 11 15
771WHxogHAHGiRaaN0,7,progressive,none,distinct,2 3 6 7 9 10 12
771WGOif8MK0KcCMNR,7,progressive,none,distinct,2 4 5 6 9 10 13
771W5Y5GY48KcghoqC,7,progressive,none,distinct,2 4 5 8 9 10 11
771W46ADSY2XYaog8C,7,progressive,none,distinct,1 4 5 7 9 10 13
771WQIsEy11AKwI264,7,progressive,none,distinct,1 4 5 6 8 12 13
771WK6EA9L6ooHB8bW,7,progressive,none,distinct,2 5 6 7 8 10 11
771WAY44890XnnMUED,7,plain,none,mixed,3 3 5 6 7 10 15
771W16oHrbJODIIbi0,7,progressive,none,distinct,1 5 6 7 9 10 11
771W4KAbRRMeaK9KA5,7,progressive,none,distinct,2 3 4 7 9 11 13
771WID54P40LLp5kEg,7,progressive,none,distinct,2 4 5 6 9 10 13
771Wa810WIG5ZYIonv,7,plain,none,mixed,1 2 3 3 7 8 25
771WOLM8K4622Ci9Gm,7,plain,none,mixed,1 1 5 7 10 11 14
771W2dXA2q4UbdhQ8W,7,progressive,none,distinct,1 2 5 7 8 12 14
771WAWehMIGaGNhj48,7,plain,none,mixed,2 3 4 4 10 10 16
771W49bf393OSSlNGW,7,progressive,none,distinct,1 2 6 7 9 10 14
771Wbes429H4CLsIEi,7,progressive,none,distinct,1 4 6 7 8 9 14
771W2gaioHH6yuaq20,7,progressive,none,distinct,1 2 5 6 8 13 14
771WYpvvc482aCLI4W,7,plain,none,mixed,1 3 5 8 10 10 12
771WKIPAKeKIJCJqO8,7,plain,none,mixed,3 4 6 6 7 11 12
771WAIMnHH048nHP9A,7,progressive,none,distinct,1 2 5 6 8 13 14
771W04whHD5miodL98,7,progressive,none,distinct,1 2 4 9 10 11 12
771W6dKGq68aICDIHX,7,distinct,none,distinct,2 3 5 6 9 10 14
771WPebqMGW4f2IIKi,7,plain,none,mixed,1 5 6 6 8 10 13
771WGLa6u88AKYaSGm,7,plain,none,mixed,1 1 5 7 7 11 17
771WY4Ka4ABa8GIg89,7,plain,none,mixed,1 1 4 8 9 11 15
771WW9H3rQQ4YzECAW,7,progressive,none,distinct,1 3 5 7 8 12 13
771WHAAkAoMA5d58W0,7,progressive,none,distinct,2 3 5 7 9 10 13
771WJJUksMK0ACG18O,7,progressive,none,distinct,2 3 4 8 9 11 12
771WMLODD9GGG9Q8eH,7,progressive,none,distinct,2 3 4 5 10 12 13
771W44ea2Y49UUMRSS,7,plain,none,mixed,2 6 7 7 8 9 10
771WCEMYZ124AQAY71,7,distinct,none,distinct,1 2 4 9 10 11 12
771W1X8fCCHaOPKLL9,7,progressive,none,distinct,1 5 6 7 9 10 11
771W88lA220UEEAIH9,7,plain,none,mixed,1 3 7 8 8 10 12
771WaHAGBm42XUAhzF,7,progressive,none,distinct,1 3 6 7 9 11 12
771W14KCQgAVS28aa4,7,plain,none,mixed,1 2 6 7 7 10 16
771WC9g24aKJ89fCGW,7,plain,none,mixed,1 1 2 8 8 14 15
771WII6C-bX45JPC21,7,plain,none,mixed,1 3 6 7 8 12 12
771WKKSgo44C2U2A44,7,plain,none,mixed,1 1 8 9 9 10 11
771W6IKSfZA27ZeSE9,7,progressive,none,distinct,3 4 5 7 9 10 11
771W4SY95hHHQxMI90,7,progressive,none,distinct,1 4 6 7 9 10 12
771W8I6L9C8eeKtYQI,7,progressive,none,distinct,1 4 6 7 8 11 12
771W46RIAabIGCIY8H,7,progressive,none,distinct,1 2 6 8 9 10 13
771W334iKKI48E6LK4,7,plain,none,mixed,2 2 5 8 8 8 16
771W86quXHIKI4iqLG,7,progressive,none,distinct,1 2 5 6 10 11 14
771WKeaaa943f9w99B,7,progressive,none,distinct,1 3 6 7 9 10 13
771W88yCPTICK9G772,7,plain,none,mixed,2 3 6 6 8 9 15
771W8eIL6725rfPS5A,7,progressive,none,distinct,3 4 5 7 8 10 12
771Wm-ccokL01NaYXX,7,progressive,none,distinct,1 3 6 8 9 10 12
771WonfNTT808HCBd1,7,progressive,none,distinct,2 3 6 7 8 11 12
771WDIIDDC888eXAg4,7,progressive,none,distinct,1 4 6 7 8 11 12
771W989GE4466AqqoQ,7,progressive,none,progressive,1 3 5 7 9 11 13
771WKaaJrJ96g54E18,7,progressive,none,distinct,1 4 5 7 8 11 13
771W4HKc6464CqqfYI,7,progressive,none,distinct,1 4 5 7 9 11 12
771WG9C9CT511YDMMe,7,distinct,none,distinct,2 4 5 6 7 9 16
771W0WA4E99mGGCEII,7,plain,none,mixed,1 1 2 7 7 15 16
771WWQKAgPE2cjneJG,7,progressive,none,distinct,1 3 5 8 9 11 12
771WACE55G099AYqC6,7,progressive,none,distinct,1 2 3 8 9 12 14
771WLJ422D888OQxJ2,7,distinct,none,distinct,2 3 5 6 8 9 16
771W99A9HHH44599PG,7,plain,none,mixed,2 4 6 6 8 11 12
771W4JJW348aeGHoEi,7,plain,none,mixed,1 2 5 5 7 8 21
771WHgBB5G0XHoMKq2,7,plain,none,mixed,2 4 4 6 6 13 14
771WiaaXZHH2YY2AC2,7,plain,none,mixed,2 2 4 5 9 11 16
771W8CEIQ11KKQaSIG,7,plain,none,mixed,1 5 6 6 7 8 16
771W3bLPgSCbN4AY40,7,progressive,none,distinct,2 3 5 6 10 11 12
771WPMn5f33ASCgMq0,7,progressive,none,distinct,1 4 5 8 9 10 12
771W48nDQNP8GSh45I,7,progressive,none,distinct,2 4 5 7 8 10 13
771W99J97fK57UBCI1,7,progressive,none,distinct,2 4 6 7 9 10 11
771W65PTIAIBBIL9i0,7,progressive,none,distinct,2 4 6 7 9 10 11
771W1Yb96b4XAAEIcP,7,progressive,none,distinct,1 4 5 7 9 10 13
771W4Gnz9AWKHja8BH,7,plain,none,mixed,1 2 5 6 9 13 13
771W8Y252w6Mbd5Cae,7,distinct,none,distinct,1 4 5 6 7 9 17
771WW4PT688Gma-KIM,7,plain,none,mixed,1 2 7 7 9 9 14
771WKaaiHe27gE9542,7,progressive,none,distinct,1 4 5 7 8 11 13
771W9C9rLG2483hrqA,7,progressive,none,distinct,2 3 5 6 9 10 14
771W48Ajqqq2C8a8OK,7,plain,none,mixed,2 3 3 8 10 11 12
771WOaj2eXK2jDtEAH,7,progressive,none,distinct,2 3 6 8 9 10 11
771WG8DPCC555fKDDG,7,progressive,none,distinct,2 4 6 7 9 10 11
771W2bbAEX19YYkIwG,7,progressive,none,progressive,1 3 5 7 9 11 13
771WB88dmGWONKC4e4,7,plain,none,mixed,1 1 5 6 6 13 17
771W2hB9PmvGYaBBZ4,7,progressive,none,distinct,2 3 5 8 9 10 12
771WaTMUY20Y6cQ6HX,7,progressive,none,distinct,1 4 5 7 9 11 12
771W332eusu88CBA1H,7,plain,none,mixed,2 4 4 5 5 14 15
771WWeSzoJJ0waG44A,7,plain,none,mixed,2 2 4 5 10 11 15
771W04Kv8fGON7Eccf,7,progressive,none,distinct,2 3 6 7 8 9 14
771WIfYCCCK8WXwuWG,7,plain,none,mixed,2 3 3 3 4 17 17
771W6MoH30WDKaaKA2,7,distinct,none,distinct,1 2 3 7 8 10 18
771WPaSCGPOGmCo66b,7,progressive,none,distinct,1 3 5 7 10 11 12
771WggIAMC0aKQD933,7,progressive,none,distinct,1 4 6 7 9 10 12
771WKaqfb812cUV992,7,progressive,none,distinct,2 3 6 8 9 10 11
771WCCFsW442AEEGS4,7,distinct,none,distinct,1 2 3 8 9 11 15
771W98X6IUG8GLMPQg,7,plain,none,mixed,1 4 6 7 8 8 15
771WIIbYKNr5G44TAG,7,plain,none,mixed,1 3 6 6 6 9 18
771W99A9BG0HHIAASA,7,progressive,none,distinct,2 4 5 6 8 11 13
771W99AoMHd85CCBI0,7,plain,none,mixed,1 4 6 8 10 10 10
771W8QRQK48IIa54uW,7,distinct,none,distinct,1 3 5 6 9 10 15
771W8IIRLbaWY8ab9A,7,progressive,none,distinct,2 4 5 8 9 10 11
771W8aKT9vGXI7e449,7,plain,none,mixed,1 3 3 9 9 12 12
771WIQRrACC48aC2S8,7,progressive,none,distinct,1 4 5 7 9 10 13
771WKSS8G4A88Eh322,7,plain,none,mixed,2 2 4 5 6 12 18
771WSIhj659GKaLuM0,7,progressive,none,distinct,1 3 4 8 9 11 13
771W2CSPHrOIH7Yf94,7,progressive,none,distinct,1 3 7 8 9 10 11
771W6HG33h5A9vwRmO,7,progressive,none,distinct,3 4 5 7 8 10 12
771WGmkAEWGeBQCIII,7,progressive,none,distinct,2 4 5 6 9 11 12
771W2ueUdgn0inceDA,7,progressive,none,distinct,1 3 4 8 10 11 12
771W4GomkqqGAigEGG,7,plain,none,mixed,1 2 5 7 7 11 16
771WWiW18A49nnMdbf,7,plain,none,mixed,2 3 3 6 7 7 21
771WXM1uaHO8gMRjz7,7,progressive,none,distinct,1 4 6 7 8 11 12
771WCD2YD0AC44JLKY,7,plain,none,mixed,1 2 2 5 6 16 17
771W6ARLH9AGGEaCL4,7,progressive,none,distinct,3 4 6 7 8 9 12
771W288eU6HOKJbb54,7,progressive,none,distinct,2 4 5 6 8 10 14
771W8gSU6cWXI66PXX,7,progressive,none,distinct,1 3 7 8 9 10 11
771WaaLYR7L1T6298K,7,progressive,none,distinct,1 2 3 7 8 13 15
771W44yInnWCHSKC41,7,progressive,none,distinct,1 3 4 5 9 13 14
771WKXXYqDH6a31cgG,7,plain,none,mixed,1 4 5 6 6 8 19
771WHb59j89SgACYY1,7,progressive,none,progressive,1 3 5 7 9 11 13
771WIIIQ1WcA84CD42,7,plain,none,mixed,1 2 2 6 9 10 19
771W0sRhOm2RibpZ6I,7,progressive,none,distinct,1 3 5 8 9 11 12
771WGGmHPVL8G45658,7,plain,none,mixed,3 4 4 5 5 9 19
771W0XMpr93WQABLKe,7,plain,none,mixed,2 4 4 6 6 13 14
771W0Pf9zO4DJbbYYW,7,progressive,none,distinct,2 3 4 7 10 11 12
771WAvA9974Kaq21w1,7,plain,none,mixed,1 4 4 7 8 11 14
771W18c956QHPOjog4,7,distinct,none,distinct,2 3 5 6 9 11 13
771W45GnI6884IJYbT,7,plain,none,mixed,1 4 4 5 10 11 14
771WIIKCDEY0193Ogi,7,plain,none,mixed,1 2 5 5 10 10 16
771WCi84IO8SifQ644,7,distinct,none,distinct,2 4 5 7 8 10 13
771W0IgGMaSGBuXcSS,7,plain,none,mixed,1 1 2 8 8 13 16
771W2C24KKWbabLv99,7,progressive,none,distinct,1 4 6 7 9 10 12
771WGGgq4aXALPHOGH,7,distinct,none,distinct,1 2 3 5 10 12 16
771W0H1KeKOQUadggI,7,progressive,none,distinct,3 4 5 7 8 10 12
771W0aayeeGWVJOaaa,7,progressive,none,distinct,1 2 6 7 9 10 14
771WII26YJHKM55922,7,plain,none,mixed,2 4 5 5 8 10 15
771WGHSgbKK0AOCKSg,7,progressive,none,distinct,1 3 6 8 9 10 12
771Wuq4sqg41OQv788,7,progressive,none,distinct,2 3 6 8 9 10 11
771WH98Lm0eaZf8CCK,7,plain,none,mixed,2 2 2 2 9 12 20
771WWGdabDb1oIHCKA,7,progressive,none,distinct,1 2 5 6 10 12 13
771WGbqSjqq0yA8YYK,7,progressive,none,distinct,1 5 6 7 9 10 11
771W225ZKib8665SG5,7,plain,none,mixed,1 3 5 5 6 11 18
771WKCA9gS653Y1ID9,7,progressive,none,distinct,2 3 5 7 8 11 13
771W9595B23KKKwE92,7,progressive,none,distinct,1 5 6 7 8 9 13
771W5KOOMI2XXI6qqK,7,plain,none,mixed,2 4 4 6 9 10 14
771WKCwFCH2KC_9J69,7,progressive,none,distinct,1 4 6 8 9 10 11
771W8qMOaeGmbXkCKK,7,distinct,none,distinct,1 3 6 8 9 10 12
771WHXpIQ4K9nIMKA2,7,plain,none,mixed,2 4 7 7 8 10 11
771WX8OILE30Wofjk9,7,distinct,none,distinct,1 3 5 6 7 9 18
771WLccQImW2feaCY2,7,plain,none,mixed,2 2 4 8 9 9 15
771WA9Hd4B848OB9cb,7,progressive,none,distinct,2 3 5 7 9 10 13
771WQeRSieKGr0ZeGO,7,progressive,none,distinct,1 2 3 8 10 11 14
771WYYkJKKL0OKCI6B,7,progressive,none,distinct,1 5 6 7 9 10 11
771W9ef5L42AYcE32m,7,distinct,none,distinct,1 2 5 8 9 10 14
771W9gEAJP0nHLAIa1,7,progressive,none,distinct,1 5 6 7 9 10 11
771WmoABgGGI4M22kY,7,distinct,none,distinct,1 2 6 7 9 10 14
771WeKL8NdH0ZCifiq,7,progressive,none,distinct,3 4 5 6 7 11 13
771W4mDA6LWJYHLwof,7,progressive,none,distinct,1 3 4 7 10 11 13
771WGei2aKIcAgITGG,7,progressive,none,distinct,1 4 5 6 9 11 13
771W4GG-S2o85Yigaa,7,plain,none,mixed,1 1 3 8 9 13 14
771WGuOad4AIee9435,7,plain,none,mixed,2 2 3 5 7 13 17
771W179D6bP654Poc0,7,distinct,none,distinct,1 3 5 7 8 9 16
771W4CmeQDWHDRYHNK,7,progressive,none,distinct,1 3 6 7 8 10 14
771W8WYAn49AacBAML,7,distinct,none,distinct,1 4 5 6 7 8 18
771W0HHqscIGRZZieW,7,progressive,none,distinct,2 3 5 7 9 11 12
771WHP5ri8428Kroo6,7,progressive,none,distinct,3 4 5 7 8 10 12
771WGe2448marrMS44,7,plain,none,mixed,1 2 2 8 10 12 14
771W8e0bWGGQgeOKKS,7,plain,none,mixed,1 2 4 4 8 11 19
771W06APJYaCE4GXka,7,distinct,none,distinct,1 2 4 5 6 15 16
771WPIAKg24IKy2Fa4,7,progressive,none,distinct,1 4 6 7 8 11 12
771W6jnX6ACEogQDi0,7,progressive,none,distinct,1 4 6 7 9 10 12
771W11iiKKKKGKOKK4,7,progressive,none,distinct,1 2 7 8 9 10 12
771WWK88G940Wsvffh,7,distinct,none,distinct,1 2 3 6 7 12 18
771WLDn5348G8uPMK2,7,plain,none,mixed,3 4 5 6 6 8 17
771W1d4uSabaQISZJ2,7,progressive,none,distinct,2 4 5 7 8 10 13
771W44KCfg8D8OL135,7,plain,none,mixed,2 3 3 4 10 10 17
771Wmnk5i41ASCI5Ta,7,plain,none,mixed,2 3 4 7 7 12 14
771WaamfHHA4CTG019,7,plain,none,mixed,2 2 3 4 7 7 24
771W4CAqK8O7BAYOGG,7,distinct,none,distinct,2 3 4 6 7 11 16
771WCaYQECG8ej9S22,7,progressive,none,distinct,1 4 5 8 9 10 12
771WAAACDHYWXY2CDC,7,plain,none,mixed,3 3 4 6 8 10 15
771W0a45r7GKcZZQPO,7,progressive,none,progressive,1 3 5 7 9 11 13
771W99AIJIa549HH2K,7,plain,none,mixed,1 2 6 7 11 11 11
771W8ASQ142KKC4VcY,7,distinct,none,distinct,1 4 5 7 8 9 15
771W44AADP8BBAIK41,7,progressive,none,distinct,2 4 5 6 9 11 12
771WacK8AM41HAAnKK,7,progressive,none,distinct,1 5 6 7 8 10 12
771WQQI364O118PU84,7,distinct,none,distinct,1 2 4 5 7 10 20
771W34OaeG28ARTb4a,7,plain,none,mixed,1 1 5 9 11 11 11
771WGGCnedq09SMDE9,7,progressive,none,distinct,1 4 5 7 8 11 13
771WH9AAnaS43a9AM2,7,progressive,none,distinct,1 4 6 7 9 10 12
771W2YUMDTQWGM9G52,7,progressive,none,distinct,2 3 5 8 9 10 12
771WHWCCA4K2oJHEAg,7,progressive,none,distinct,1 2 5 6 10 12 13
771W0We9HAAhJLAAA8,7,distinct,none,distinct,2 3 4 6 7 10 17
771W22ZTKCiH8A48GK,7,distinct,none,distinct,1 2 4 5 10 12 15
771WY6ow2A5eKONc10,7,distinct,none,distinct,1 2 4 6 9 13 14
771WW8aNM24gIQgpuq,7,progressive,none,distinct,1 4 6 8 9 10 11
771WaaSKDX85MU3552,7,plain,none,mixed,1 4 5 6 10 10 13
771Wa8ebbgIaHHg468,7,distinct,none,distinct,1 4 6 7 8 10 13
771W24w5ZD5MEMTs80,7,progressive,none,distinct,1 5 6 7 9 10 11
771W828e844swwwu88,7,plain,none,mixed,3 4 5 5 8 10 14
771WW-LLQXYGYYKapa,7,progressive,none,distinct,2 4 6 7 9 10 11
771WHcLMOeaWoGLey4,7,progressive,none,distinct,2 3 6 7 9 10 12
771W6cNAABGWG99H9I,7,plain,none,mixed,2 5 6 6 7 9 14
771WHOqvAB8G4eH9Dg,7,progressive,none,distinct,1 4 5 6 10 11 12
771WCHRPbcY04ayPIW,7,progressive,none,distinct,1 2 7 8 9 10 12
771WQQPGSC2224PTiq,7,progressive,none,distinct,2 4 5 8 9 10 11
771W81hgYg5IHHcdn8,7,progressive,none,distinct,2 3 6 7 8 10 13
771W86o8BD58GOrcCA,7,plain,none,mixed,2 3 5 8 8 9 14
771WGQhSIIaG9Kejem,7,progressive,none,distinct,3 4 6 7 8 10 11
771WGYIeqii4y6C8ee,7,plain,none,mixed,3 4 4 5 6 13 14
771W42PPSKn98IKnH4,7,plain,none,mixed,1 3 7 7 7 11 13
771WQQMIMP1119Q622,7,progressive,none,distinct,1 2 4 9 10 11 12
771W8IUOe2226Yumgg,7,plain,none,mixed,1 4 4 4 7 10 19
771W11MLQ4uGHMJ6S4,7,plain,none,mixed,1 1 5 6 9 12 15
771WooKYA98MA25T31,7,plain,none,mixed,2 4 5 5 6 12 15
771WOb59gq2TfAeJKW,7,plain,none,mixed,2 3 6 6 8 10 14
771WYOLIAAC8e4mfAQ,7,plain,none,mixed,1 4 5 5 8 11 15
771W5197848IIIFia4,7,distinct,none,distinct,1 2 4 7 10 11 14
771W08-TKUWLCHcngc,7,progressive,none,progressive,1 3 5 7 9 11 13
771W9B4GuKK26CwWGG,7,plain,none,mixed,1 2 4 4 5 13 20
771WiaeiH8A8acO453,7,plain,none,mixed,2 2 3 8 9 11 14
771W2IFCSaaWYMGG8O,7,plain,none,mixed,1 1 5 8 9 12 13
771W44mqoy1K1PRDBA,7,progressive,none,distinct,1 2 5 8 10 11 12
771WAAYHPYXGQQCC7A,7,progressive,none,distinct,2 3 6 7 8 11 12
771WI99QOMh89a76e1,7,progressive,none,progressive,1 3 5 7 9 11 13
771WG8PWhXHITiIIM8,7,distinct,none,distinct,1 3 4 6 10 11 14
771W5AJoqNH28Ka5o9,7,progressive,none,distinct,1 4 6 8 9 10 11
771WG8aOFCAG8aQLIM,7,plain,none,mixed,1 3 6 9 9 9 12
771W5334A6k2336i88,7,plain,none,mixed,2 3 4 4 6 9 21
771W2AqKKe8JAKco22,7,progressive,none,distinct,1 5 6 7 8 9 13
771W25MGA6AGGCFkKa,7,progressive,none,distinct,2 3 5 6 8 11 14
771W03WIBB5GOKLLui,7,progressive,none,distinct,1 3 4 6 10 12 13
771WG84oKPR48WJTOQ,7,plain,none,mixed,2 2 3 7 9 9 17
771W0OGCC99aay9332,7,distinct,none,distinct,1 2 3 5 7 9 22
771WH58Sm6424gsPRB,7,progressive,none,distinct,2 3 6 7 9 10 12
771WZJAMCQI8eMPJ4K,7,progressive,none,distinct,2 4 6 7 9 10 11
771W0G8AqKIMKaqruu,7,progressive,none,distinct,1 5 6 7 9 10 11
771WCKA853222oMIAD,7,plain,none,mixed,2 3 3 8 8 10 15
771WWHPLO-61YniccA,7,progressive,none,distinct,2 4 5 8 9 10 11
771WOS9JIJqHG8ePH6,7,plain,none,mixed,1 4 4 8 9 11 12
771WjqIHIKYG1a4NCa,7,progressive,none,distinct,1 2 7 8 9 10 12
771WGHyaBAW4H9TPSg,7,progressive,none,distinct,1 4 6 8 9 10 11
771WGKKKK42AAqqXWW,7,plain,none,mixed,2 4 4 5 6 11 17
771WC9IoZhY0AM5br2,7,progressive,none,distinct,2 3 6 7 9 10 12
771WKnXAW60bBRNt-6,7,progressive,none,distinct,1 5 6 7 9 10 11
771W0rW1OOOQgSQggM,7,progressive,none,distinct,1 3 4 8 10 11 12
771W5_kcQX2XsWE2ZG,7,plain,none,mixed,1 2 6 6 7 10 17
771WWWniKIQ0S7AA8G,7,plain,none,mixed,1 1 3 5 10 11 18
771WKKKMY41YaKKB98,7,plain,none,mixed,2 4 4 7 8 9 15
771WgAIJ8OGoI5KK48,7,plain,none,mixed,1 4 4 7 8 11 14
771W44Sad9EGQAJ434,7,progressive,none,distinct,1 4 5 7 9 10 13
771WKEFJe8G24fSa8K,7,progressive,none,distinct,1 2 3 6 11 12 14
771W239QOW0PQICCKi,7,plain,none,mixed,2 2 3 5 5 15 17
771WggQAIDC0GU028B,7,plain,none,mixed,1 1 4 6 9 13 15
771W8LMag42ek6YFGm,7,plain,none,mixed,1 2 4 7 11 12 12
771WOgPOOY51p5BAxY,7,progressive,none,distinct,3 4 5 7 9 10 11
771WGLKgIAW9CQLjXH,7,progressive,none,distinct,1 4 6 7 8 11 12
771Waaanoep029AAFA,7,progressive,none,distinct,1 3 7 8 9 10 11
771W55Bc22Y944SO88,7,distinct,none,distinct,1 2 3 5 8 14 16
771W426u8HIOKQIwJI,7,plain,none,mixed,1 3 5 7 9 9 15
771WQICHIXW02wAQE5,7,progressive,none,distinct,1 3 6 7 8 11 13
771WANqII24IAWWPHX,7,plain,none,mixed,3 3 3 5 6 10 19
771W9EMLTvZ21K3Xe1,7,progressive,none,distinct,1 2 6 8 9 10 13
771WeeiCIU2AIL6LGG,7,progressive,none,distinct,3 4 5 7 8 10 12
771W5mYXcI2WYJJriC,7,progressive,none,distinct,1 2 4 6 11 12 13
771WXc6Q93YDSKQYa1,7,progressive,none,distinct,1 2 7 8 9 10 12
771WWIQCABo9eH4CWZ,7,plain,none,mixed,1 1 5 7 11 12 12
771WLKKum84A26988e,7,plain,none,mixed,1 2 7 7 8 8 16
771WGKxc9A5K8ezGN8,7,progressive,none,distinct,2 3 5 7 9 10 13
771WW8DawvX8jfKKI8,7,progressive,none,distinct,2 4 6 7 9 10 11
771WIJdOoo04P5DLgI,7,progressive,none,distinct,2 3 6 8 9 10 11
771W0m7fH8GbvVQAIG,7,progressive,none,distinct,1 2 6 7 8 12 13
771WCSKIACAWWaIB22,7,plain,none,mixed,2 3 3 5 8 13 15
771W655AwDK243A2gH,7,plain,none,mixed,3 3 5 6 6 9 17
771WYBA9w620cWgfy0,7,plain,none,mixed,1 1 4 4 6 12 21
771WaaG43q9APRQ752,7,plain,none,mixed,4 4 5 5 6 10 15
771W1ko4eA9aAIcQnH,7,progressive,none,distinct,1 3 5 7 10 11 12
771WA6kffgo0GHu8A4,7,progressive,none,distinct,1 4 5 7 9 11 12
771WXXtfjeK2HOTAI0,7,progressive,none,distinct,2 3 5 6 9 11 13
771WYaqMor19K33j30,7,distinct,none,distinct,1 2 3 5 8 14 16
771W1E6gQH9eifIgg8,7,progressive,none,distinct,2 5 6 7 8 10 11
771WQPznAHX4HEO0c8,7,distinct,none,distinct,1 3 4 5 6 8 22
771WugaQHHa09aSTbW,7,progressive,none,distinct,1 2 6 7 10 11 12
771WYmhWFCA0aKADwi,7,progressive,none,distinct,1 2 3 7 11 12 13
771WXaZOOHWG94Aww9,7,distinct,none,distinct,1 2 5 8 9 11 13
771WGAroMI17JqKAvW,7,progressive,none,distinct,2 4 6 7 9 10 11
771W1AY4KK4xZaKOWW,7,plain,none,mixed,1 1 2 8 8 13 16
771WPLLZa482C4bSO4,7,progressive,none,distinct,2 4 5 8 9 10 11
771W46GFaae8CSLSea,7,progressive,none,distinct,1 4 6 8 9 10 11
771W55AQkgO9D4G6H1,7,progressive,none,distinct,1 2 4 5 10 12 15
771WOf6O8a2NcAQ9GW,7,plain,none,mixed,1 3 4 8 8 9 16
771W24KaL3CIU89d45,7,plain,none,mixed,1 2 5 6 11 11 13
771WM3-M6AIG8rkGWG,7,plain,none,mixed,2 3 3 8 10 11 12
771WQQMM5DO227M154,7,progressive,none,distinct,1 5 6 7 8 10 12
771W8CIfeiK19PYG8C,7,distinct,none,distinct,1 2 3 6 9 11 17
771WWW85DTKGGID885,7,plain,none,mixed,2 2 2 3 9 14 17
771WCCAnn8C4AA3IA8,7,progressive,none,distinct,1 2 7 8 9 10 12
771W24KE2W09AQMcgg,7,progressive,none,distinct,2 3 4 7 9 11 13
771WmmFMIIc4LPH4G8,7,progressive,none,distinct,2 3 5 7 9 10 13
771WKOedvba0I4gD5A,7,progressive,none,distinct,1 2 4 7 9 12 14
771WahGb5124OOeYJg,7,plain,none,mixed,2 3 4 5 5 12 18
771W44OJIJB88LSC4A,7,progressive,none,distinct,2 4 5 8 9 10 11
771WAcTQ9fIZG5qCT0,7,progressive,none,distinct,1 3 5 8 9 11 12
771WH8EEaAA26cK6Gm,7,distinct,none,distinct,1 2 6 7 10 11 12
771WefPIs954IA34AY,7,plain,none,mixed,2 5 6 6 7 8 15
771WaaAoLII8KT5N24,7,plain,none,mixed,3 5 5 6 7 11 12
771W2NL1s80KIkjJbL,7,plain,none,mixed,2 3 4 8 8 11 13
771WYa52RPOG044yQ5,7,plain,none,mixed,2 2 2 3 9 9 22
771W666xPG2485BB6A,7,progressive,none,distinct,2 3 5 7 8 10 14
771WAIG8TaC8Bj62IK,7,plain,none,mixed,1 4 5 7 7 9 16
771WA658qGG426gSSC,7,plain,none,mixed,2 3 5 5 6 13 15
771WoAIJ8509frJH5A,7,progressive,none,distinct,1 5 6 7 8 9 13
771WMQgRQfn0Q1aa68,7,progressive,none,distinct,1 5 6 7 9 10 11
771W14J3B88qqifPJZ,7,progressive,none,distinct,1 3 4 7 9 12 13
771WWKChSKK4iQ4iWi,7,distinct,none,distinct,1 3 5 6 7 11 16
771WaGQAE282YQLpaa,7,progressive,none,distinct,1 3 5 8 9 11 12
771WPNJL4mG560WQg6,7,plain,none,mixed,2 3 4 4 5 8 23
771WmGGaK245jBBB88,7,distinct,none,distinct,1 4 5 6 7 11 15
771WEC42U88GGM2Cgg,7,distinct,none,distinct,1 2 4 6 7 9 20
771W8PPoaY8Wfjbde8,7,progressive,none,distinct,2 3 6 8 9 10 11
771W8CYIK468OIYMBB,7,progressive,none,distinct,2 4 5 7 9 10 12
771W82CgwAJ2ADmu45,7,progressive,none,distinct,1 3 5 6 10 11 13
771WeaS33438O8mBA9,7,plain,none,mixed,1 2 4 6 6 10 20
771WbOG67D88eOg39i,7,plain,none,mixed,1 4 5 5 7 13 14
771W89Lee82IS4PPOe,7,plain,none,mixed,2 2 4 7 10 10 14
771WG4Ev97C84ep9QH,7,progressive,none,distinct,1 4 5 8 9 10 12
771WHC2vOW0bggKqi8,7,plain,none,mixed,2 2 4 5 6 12 18
771W6HTZckG18voDa4,7,progressive,none,distinct,1 2 5 8 10 11 12
771WnmCCA88O8OI64a,7,distinct,none,distinct,1 2 4 5 10 12 15
771WLQgowem1GBqKY2,7,progressive,none,distinct,1 4 6 8 9 10 11
771W848Kcg9HKOw654,7,plain,none,mixed,1 5 5 7 7 10 14
771W7fifPSWW51foIO,7,progressive,none,distinct,1 2 5 8 10 11 12
771WZJAj88a4fP85DL,7,progressive,none,distinct,2 3 5 7 9 11 12
771WMQOKI1H22f9bJG,7,plain,none,mixed,1 2 4 4 10 13 15
771WAwA8ea21s621OO,7,plain,none,mixed,1 2 2 4 8 13 19
771WpcsiiKG0IfZC4a,7,plain,none,mixed,1 5 7 8 8 9 11
771W85KPmGGIK4iKKi,7,plain,none,mixed,1 5 5 6 7 10 15
771WnHS4IXAAhDKKJ0,7,progressive,none,distinct,1 4 5 7 9 10 13
771W0acjQSLWaXeMC9,7,progressive,none,distinct,1 3 6 8 9 10 12
771WAAAbKGO4CF6C48,7,progressive,none,distinct,1 2 6 8 9 10 13
771WGCBi4aY96ccP8G,7,progressive,none,distinct,1 4 6 7 9 10 12
771WGMafqOKO2KVaKO,7,progressive,none,distinct,1 5 6 7 9 10 11
771W477l8KE6A964bH,7,distinct,none,distinct,2 3 5 7 8 10 14
771W8bh7lfieqqgpX0,7,progressive,none,distinct,2 3 6 7 9 10 12
771W1IIIEa4YZdbY4a,7,progressive,none,distinct,1 4 5 8 9 10 12
771WAAM09AAGGOUE64,7,plain,none,mixed,2 3 4 5 5 6 24
771W449OKmI9A5TBAI,7,plain,none,mixed,3 3 5 8 9 9 12
771W8ab6265eee8cfm,7,plain,none,mixed,2 3 3 6 8 10 17
771W6fFCLMAGWbXOgC,7,plain,none,mixed,1 4 5 5 8 11 15
771W4H9LMu421ylAEY,7,progressive,none,distinct,2 3 5 7 8 10 14
771W1ybwW648cQckfP,7,progressive,none,distinct,1 4 6 8 9 10 11
771WWGI5EU8f9gifqu,7,progressive,none,distinct,1 4 6 8 9 10 11
771WCEKiOGG4CI8qaa,7,progressive,none,distinct,1 3 6 7 8 9 15
771WHI84qIM8EQA1oI,7,plain,none,mixed,1 1 3 4 7 11 22
771W24C9lXI432IyRK,7,plain,none,mixed,4 4 4 5 6 9 17
771W7KfYI64ayAQOv1,7,progressive,none,distinct,1 3 4 8 10 11 12
771W8S5LAABeeKaGKH,7,plain,none,mixed,1 4 7 7 9 10 11
771W843YKIX9DAgUH8,7,plain,none,mixed,1 5 6 8 8 9 12
771W04BBaTGqondLH6,7,progressive,none,distinct,1 5 6 7 8 10 12
771W0a2s2G5gUNNhnm,7,progressive,none,distinct,1 2 6 7 10 11 12
771W4sLLKGGWGYYaqe,7,plain,none,mixed,3 3 5 5 8 11 14
771WIYB8GOaGnM32QA,7,distinct,none,distinct,1 3 4 5 7 11 18
771W22iCBuXI9AHL36,7,progressive,none,distinct,1 2 6 8 9 11 12
771W6o2wA88cQke822,7,progressive,none,distinct,1 4 5 6 10 11 12
771W9j6LMMSYIP8Wz1,7,progressive,none,distinct,1 4 5 7 9 10 13
771W87bDDX9HBBaYo0,7,progressive,none,distinct,1 3 7 8 9 10 11
771WCIEs7ib86wHY43,7,progressive,none,distinct,1 5 6 7 9 10 11
771W9ewqKW0XMIQG8e,7,plain,none,mixed,1 2 5 5 6 9 21
771WIsLQskkm4YiGO0,7,progressive,none,distinct,1 4 5 7 9 10 13
771WGXwM6sYCkLD2GW,7,progressive,none,distinct,2 3 4 6 8 11 15
771WCgecG30YECKuNK,7,plain,none,mixed,1 3 5 5 7 9 19
771WG8XPhgfGCeMML2,7,progressive,none,distinct,2 4 5 6 7 12 13
771W55wAAW0HAIM6IY,7,plain,none,mixed,1 2 7 8 9 9 13
771W1289g44IMMIJb9,7,distinct,none,distinct,2 3 6 7 8 11 12
771W0I1uKy0cfQVQgo,7,progressive,none,distinct,1 3 4 8 10 11 12
771WIIEAa8466M3S88,7,plain,none,mixed,1 1 6 7 10 12 12
771WKK1CIwAA9VKC8G,7,plain,none,mixed,1 4 4 6 7 10 17
771W24CKiHeADFKY21,7,plain,none,mixed,2 3 3 5 9 12 15
771WHJpWYcII3AA9i4,7,plain,none,mixed,2 3 3 6 6 10 19
771W08hGQuOHAAiiog,7,progressive,none,distinct,2 3 6 7 9 10 12
771WWXZKKK01PLLQQY,7,progressive,none,distinct,1 4 6 8 9 10 11
771W6qoof4GYWLJmCA,7,distinct,none,distinct,1 3 4 6 7 11 17
771W44eelK88IJJ535,7,progressive,none,distinct,2 4 5 6 7 9 16
771WcLHbKY25gKKAeC,7,progressive,none,distinct,1 4 5 6 9 11 13
771WA24uZH04A7hpLM,7,progressive,none,distinct,1 2 4 5 11 12 14
771WYZRjQSA0SH8F8a,7,progressive,none,distinct,3 4 5 6 9 10 12
771W8EqCBCa8HPYaMI,7,progressive,none,distinct,1 4 6 7 8 11 12
771WXHJYgK52kLJI81,7,progressive,none,distinct,1 4 6 7 9 10 12
771WGJ8kopW4DQMQXI,7,progressive,none,distinct,2 3 6 8 9 10 11
771WOKKNLoo020W6AA,7,plain,none,mixed,2 2 3 4 11 12 15
771WPPgfefb4I254S2,7,progressive,none,distinct,2 3 5 6 8 11 14
771W55hIKOOG88IqaC,7,plain,none,mixed,2 3 5 9 9 10 11
771W4AFdqM439CqXMA,7,progressive,none,distinct,2 5 6 7 8 9 12
771WaOYJAgA2x7qK48,7,progressive,none,distinct,2 4 6 7 9 10 11
771WCSPgntZOGj5MS0,7,progressive,none,distinct,2 4 5 7 8 11 12
771WBBioHIKK08GP6K,7,plain,none,mixed,2 2 4 6 7 13 15
771W4qmq9m2Yb_v542,7,progressive,none,distinct,2 3 4 6 7 12 15
771W9jfgIHHa44u828,7,plain,none,mixed,1 3 3 6 9 13 14
771WKrionGWWBO8OKY,7,plain,none,mixed,2 5 5 5 7 7 18
771WHISqK41A6EMHX0,7,plain,none,mixed,2 3 3 7 8 10 16
771WCaaaC10cggCIIH,7,plain,none,mixed,3 3 6 6 7 10 14
771W9vgkGIG4WMA6Pf,7,progressive,none,distinct,1 3 7 8 9 10 11
771WGOCTOea8Au1SSK,7,plain,none,mixed,1 2 4 6 7 7 22
771WW87ggw98ZYOGDK,7,progressive,none,distinct,1 3 5 7 10 11 12
771W3P34Bm8ZYJqy2C,7,distinct,none,distinct,1 3 4 6 9 12 14
771WGvSWJ226wKiqoa,7,plain,none,mixed,1 4 5 6 6 13 14
771WKJS6Wgm8CT6sfP,7,plain,none,mixed,1 4 5 6 7 13 13
771W0WXosAXYBDF99G,7,plain,none,mixed,2 4 5 6 6 8 18
771WAAE8e8O423O8GG,7,plain,none,mixed,1 1 4 5 6 14 18
771W0uYoZ52ZPbLN54,7,plain,none,mixed,3 4 4 5 8 9 16
771W8JkgIGGCGqKCYI,7,progressive,none,distinct,1 3 6 7 9 10 13
771WBdJnHG4eKHnG82,7,plain,none,mixed,3 3 4 5 6 9 19
771W0WOPA08ZJ7QQSS,7,distinct,none,distinct,1 3 4 5 8 13 15
771WQkLD6GWGXwc2K4,7,progressive,none,distinct,1 3 4 6 8 13 14
771WYYtLHG091KKOGI,7,plain,none,mixed,1 3 3 4 4 15 19
771WHbYYbX15sMMYs0,7,progressive,none,distinct,2 3 5 7 9 11 12
771WG6AABBW01XqqbY,7,distinct,none,distinct,1 2 4 5 7 11 19
771WLAZah142Io6hDo,7,progressive,none,distinct,1 4 5 7 8 11 13
771We44MqaYeCAg944,7,progressive,none,distinct,1 4 5 8 9 10 12
771W88BArbh442F9K8,7,plain,none,mixed,2 3 6 6 7 11 14
771W2GGLKK4eeXXkEA,7,plain,none,mixed,2 4 4 5 6 10 18
771W89g84NGqikADMb,7,plain,none,mixed,3 4 5 5 8 9 15
771W88I655H88PPKC9,7,plain,none,mixed,1 4 4 8 8 10 14
771WCCadqfS0NI2596,7,progressive,none,distinct,1 3 4 8 10 11 12
771W1GA98BYWXHMMEf,7,plain,none,mixed,1 3 5 6 6 13 15
771WqvkrLYa4IAoZu2,7,progressive,none,distinct,2 4 5 7 8 10 13
771WPSQsfGG286iO4Y,7,progressive,none,distinct,1 3 5 7 8 11 14
771WG8mAAaCHAwBA44,7,plain,none,mixed,1 4 6 6 8 8 16
771WOnGIfE0IcEfgbJ,7,progressive,none,distinct,2 3 5 6 9 11 13
771W2yUG8I2HXckkKK,7,plain,none,mixed,2 6 6 8 8 9 10
771W0SRm740fbjDwqg,7,progressive,none,distinct,2 4 5 8 9 10 11
771W8OQ7gCIacFKR84,7,progressive,none,distinct,2 5 6 7 8 10 11
771W0N2Y3LKfbMMcaH,7,progressive,none,distinct,2 4 6 7 8 10 12
771W8CacDE64KKX866,7,progressive,none,distinct,1 4 5 8 9 10 12
771W039w-neHOJIKgH,7,progressive,none,distinct,1 5 6 7 8 9 13
771WIIIqjD59374914,7,progressive,none,distinct,2 3 5 6 9 11 13
771W4CCLZfw249YE98,7,progressive,none,distinct,1 2 5 8 9 11 13
771WALpLbjU8NYYOX0,7,progressive,none,distinct,2 3 6 7 9 10 12
771WYzdpd940gMbQg1,7,progressive,none,distinct,1 2 7 8 9 10 12
771WHEAAe7542YYHc6,7,progressive,none,distinct,2 3 5 7 9 10 13
771W1a8et8YiJNJbY4,7,distinct,none,distinct,1 4 5 7 8 9 15
771WG9GGHmu20xQQQi,7,progressive,none,distinct,1 2 6 8 9 10 13
771W899CaSQACEA98W,7,progressive,none,distinct,2 3 4 8 9 10 13
771WaLQQ1meAf6N7Jb,7,progressive,none,distinct,2 4 5 7 8 9 14
771WDLLIqZ925hA692,7,progressive,none,distinct,2 4 5 8 9 10 11
771WQ453cHI42Y2i7H,7,plain,none,mixed,1 2 5 5 8 8 20
771W1oaII6bXeMMSZ2,7,progressive,none,distinct,1 3 6 7 9 10 13
771WOPzfBo26P2CKGY,7,progressive,none,distinct,1 4 6 8 9 10 11
771WKNUc20O48H8KYI,7,plain,none,mixed,1 2 5 5 7 7 22
771W8PGGG5788oIHGY,7,plain,none,mixed,1 1 2 7 7 12 19
771W3a4IZn0HbggQyP,7,progressive,none,distinct,1 3 4 8 10 11 12
771W44xKIIG8G9PDKS,7,plain,none,mixed,1 4 8 8 9 9 10
771WW11sP0Wg7BD9DZ,7,plain,none,mixed,1 3 3 5 6 12 19
771WCEf8Ge2FKI5rKC,7,plain,none,mixed,1 1 6 7 9 9 16
771WHjAbLJBaOziI8G,7,progressive,none,distinct,2 4 5 7 9 10 12
771WeYcEIKCH9DaoWW,7,plain,none,mixed,2 3 4 8 8 10 14
771WGdSiuQ26yHMYGW,7,progressive,none,distinct,1 2 5 6 9 10 16
771Wck6I1e0MLPgA62,7,progressive,none,distinct,2 3 5 7 9 11 12
771WWACKJIaefWerGM,7,plain,none,mixed,1 1 3 7 8 12 17
771WXYcghiOG98AHZ5,7,progressive,none,distinct,2 5 6 7 8 9 12
771WMUMCaY925TaA10,7,plain,none,mixed,3 3 4 4 10 10 15
771W8CBJpHOE88XHJ2,7,distinct,none,distinct,1 3 5 7 9 10 14
771WICY9KI1PPyaIfa,7,progressive,none,distinct,1 2 5 7 9 11 14
771WkYJK8OX1H6b9H8,7,plain,none,mixed,1 1 5 6 11 12 13
771WGin5Z71iAwwLH0,7,progressive,none,distinct,1 2 5 8 9 11 13
771W22IRNUMGG96482,7,plain,none,mixed,3 3 4 6 8 10 15
771W6HH3X4GoqjjEc4,7,progressive,none,distinct,2 4 5 8 9 10 11
771WaMiikHmGhO2KYX,7,progressive,none,distinct,1 4 5 6 8 11 14
771W8OiPSa4HBpHCC8,7,progressive,none,distinct,1 4 6 8 9 10 11
771W28bdA24M22qbAM,7,plain,none,mixed,2 2 3 5 9 11 17
771Wg2CA9S02YXTMEA,7,distinct,none,distinct,1 2 3 4 9 12 18
771W8OLMsYY8CoI48G,7,progressive,none,distinct,1 5 6 7 9 10 11
771W6iaeKIY4XaSoII,7,progressive,none,distinct,1 4 5 8 9 10 12
771WaD66wA9aYaK4HW,7,plain,none,mixed,1 4 7 7 8 10 12
771WfJIiq442iEgeG0,7,progressive,none,distinct,2 3 4 7 8 9 16
771WfQLPcFW8ldS1s1,7,progressive,none,distinct,2 4 5 7 8 11 12
771WCCy4CKJAIA4989,7,progressive,none,distinct,1 4 6 8 9 10 11
771W0G6Oc58IKejzhf,7,progressive,none,distinct,1 3 4 7 9 11 14
771WfaKQ9fYAO4f94X,7,progressive,none,distinct,1 2 4 8 10 11 13
771WA9xnmGG8IGOOe4,7,plain,none,mixed,2 3 5 6 6 7 20
771W1CfFDIH8GIe-pG,7,progressive,none,distinct,1 4 6 7 9 10 12
771W01O8EK4LLUKKIY,7,plain,none,mixed,1 5 5 7 7 11 13
771W072iBjALQQHkPi,7,progressive,none,distinct,3 4 5 6 8 11 12
771W88eA2a4ULL9A44,7,plain,none,mixed,1 5 5 6 8 10 14
771WqqI6G809PFEQ66,7,progressive,none,distinct,2 4 6 7 9 10 11
771W4yCPHIAWGj8GJP,7,distinct,none,distinct,1 2 4 6 7 14 15
771W42OqhMGOINPt42,7,progressive,none,distinct,1 5 6 7 8 9 13
771W8f8K8C9QgcUHHW,7,plain,none,mixed,4 4 5 6 7 7 16
771W65gEoIIISOKOWG,7,plain,none,mixed,2 3 3 5 8 13 15
771WKKNAD8G8892SKA,7,plain,none,mixed,1 4 6 7 9 11 11
771W5BZh8H15HIkkI4,7,progressive,none,distinct,2 3 4 8 9 10 13
771W40U4g8eLIAKmkk,7,plain,none,mixed,1 2 3 6 9 14 14
771W68eC99XG99wsMG,7,progressive,none,distinct,1 4 6 8 9 10 11
771W4awtagGXKHBN84,7,plain,none,mixed,2 2 5 9 10 10 11
771WO41FC4Aee8dPK4,7,plain,none,mixed,1 2 2 9 9 13 13
771WGSkY6G05PAYygg,7,progressive,none,distinct,1 4 5 6 8 12 13
771W9XpfYIH8c-IID1,7,progressive,none,distinct,1 5 6 7 8 10 12
771W8ORUs66aYC48G8,7,progressive,none,distinct,1 4 5 7 9 11 12
771W4oIMLX81oabBdX,7,progressive,none,distinct,1 3 4 8 10 11 12
771WWAceXfGOhgLDjg,7,progressive,none,distinct,1 4 5 8 9 10 12
771W446fQQg8568GC8,7,progressive,none,distinct,1 3 6 7 8 10 14
771WHPec9B50KaD5EO,7,plain,none,mixed,2 3 5 5 6 12 16
771WWGDcN7m3kPH9CH,7,progressive,none,progressive,1 3 5 7 9 11 13
771W2OPDPML88bdeBG,7,progressive,none,distinct,2 3 6 8 9 10 11
771WKDx3312KCqCyh0,7,progressive,none,distinct,2 3 5 6 7 10 16
771WeD6cbaeW88PaqY,7,progressive,none,distinct,1 4 5 6 9 11 13
771W0eESiY4SvrJAHH,7,progressive,none,distinct,2 3 4 6 10 11 13
771W65bAQA2MEA9Xe0,7,progressive,none,distinct,1 2 5 8 10 11 12
771W8FBJLN0229XMfa,7,progressive,none,distinct,2 3 4 5 10 12 13
771WLKKg2f8A7F882X,7,distinct,none,distinct,1 2 4 6 8 13 15
771W1XCy4MGgMPLIH1,7,progressive,none,distinct,2 4 5 6 8 11 13
771W9FNZa144AIYlB4,7,progressive,none,distinct,2 4 5 8 9 10 11
771WIMyff824QoXP82,7,plain,none,mixed,1 4 5 6 9 9 15
771WI8GJ45o45u8Dbg,7,distinct,none,distinct,1 2 3 6 9 13 15
771WP5XOa48oi4jOO8,7,distinct,none,distinct,2 3 4 5 10 11 14
771WO8gmfO0X_IDDLJ,7,progressive,none,distinct,1 2 7 8 9 10 12
771WABsYoK4GEHHAWG,7,progressive,none,progressive,1 3 5 7 9 11 13
771W55IPXXaKK48P9K,7,distinct,none,distinct,2 3 4 5 7 12 16
771W675ME8e9844ICa,7,distinct,none,distinct,1 2 4 7 10 11 14
771W68xYmK02IDjkME,7,progressive,none,distinct,1 3 6 7 9 11 12
771W8895b9KUOPA99G,7,distinct,none,distinct,1 3 6 7 9 11 12
771W2Qim798qaSko41,7,distinct,none,distinct,2 3 5 6 8 10 15
771WXXDDXMH4IIM9BW,7,distinct,none,distinct,1 2 5 6 7 12 16
771W4yABRB0YIa3JHP,7,progressive,none,distinct,2 3 5 6 10 11 12
771W8agwOOAKWfqK11,7,plain,none,mixed,2 2 3 4 4 13 21
771W413Ei9K245Bco9,7,plain,none,mixed,2 2 5 6 7 7 20
771W946gHK8845fIEg,7,plain,none,mixed,1 3 7 8 8 9 13
771WI2QM53644mup52,7,plain,none,mixed,1 3 3 6 9 11 16
771WB99WLq8BC9fiC2,7,plain,none,mixed,1 2 7 7 9 9 14
771WIIOIt7342CKLC8,7,progressive,none,distinct,2 3 5 7 9 11 12
771WHQd7CCCCKaGGq8,7,progressive,none,distinct,2 4 5 6 9 11 12
771WWPGLg652cYKUTa,7,progressive,none,distinct,2 3 5 8 9 10 12
771W65iaAK8GKNCdXH,7,progressive,none,distinct,1 3 5 8 9 10 13
771WmBNPJ628eoELeY,7,distinct,none,distinct,1 2 4 6 9 13 14
771W1G9Ge4AYaSBBAo,7,distinct,none,distinct,1 2 5 8 9 10 14
771WA88F9PG22195jY,7,distinct,none,distinct,1 2 4 6 7 13 16
771W4acHG8ebCECKC4,7,progressive,none,distinct,1 4 5 7 9 10 13
771W8YpXcLW2phBCcn,7,progressive,none,distinct,2 3 5 7 9 11 12
771W8eY-MPIW4CNPB8,7,progressive,none,distinct,1 5 6 7 9 10 11
771WG8ieQCAG4YPJKK,7,plain,none,mixed,1 2 7 9 10 10 10
771WGKKcJ226AaaCCA,7,progressive,none,progressive,1 3 5 7 9 11 13
771WI07ZG8e9CggoMI,7,plain,none,mixed,1 2 3 8 8 12 15
771WeIIM55B4a8fb44,7,progressive,none,distinct,2 3 5 7 9 10 13
771WGQGJ68G88LsoOS,7,progressive,none,distinct,1 2 6 8 9 11 12
771WGGk9sceOKIN9KO,7,progressive,none,distinct,1 4 6 8 9 10 11
771WgQsgXH40w9TL50,7,progressive,none,distinct,1 3 4 5 11 12 13
771WTEemIIbqX80Ha5,7,plain,none,mixed,1 2 2 3 6 12 23
771WCSgePfaCIa1H9C,7,plain,none,mixed,1 5 6 6 8 9 14
771W24K67kaA8GJf24,7,plain,none,mixed,1 2 3 6 11 11 15
771WM6KBwQ4IKfaT48,7,plain,none,mixed,2 2 8 8 8 10 11
771WWYznu42HZplram,7,progressive,none,distinct,2 5 6 7 8 10 11
771WHoUOCCKKaH8KiC,7,plain,none,mixed,3 5 5 8 9 9 10
771WIYYJ3caIe44782,7,plain,none,mixed,1 2 3 7 8 14 14
771WBYIqCI25vk8Ae8,7,progressive,none,distinct,1 5 6 7 9 10 11
771W859kMcKC74u58W,7,progressive,none,distinct,1 2 5 8 10 11 12
771W5cg2qnnYigo6Y0,7,distinct,none,distinct,2 3 4 5 8 12 15
771WbccEAB0H994aX2,7,plain,none,mixed,2 2 3 10 10 10 12
771WBDjMEEDG8C2W91,7,progressive,none,distinct,1 2 7 8 9 10 12
771WIff3ooAiHrCCa0,7,progressive,none,distinct,2 4 5 8 9 10 11
771WC0_KI64G8IgNAI,7,plain,none,mixed,1 1 5 6 7 13 16
771W8JboAG88K_ww8W,7,progressive,none,distinct,3 4 5 6 7 9 15
771WhQbbD524q4IH1m,7,progressive,none,distinct,1 4 5 6 10 11 12
771WGOSRaLI06Gqhcj,7,progressive,none,distinct,1 4 6 7 8 10 13
771W8O9584KmmHF88K,7,plain,none,mixed,2 2 2 4 11 12 16
771WW8oxRm0MXoeewq,7,plain,none,mixed,2 2 3 6 9 9 18
771Wamw6526IAog9MG,7,plain,none,mixed,1 2 5 9 10 10 12
771WWfKA61X3ogMSIY,7,progressive,none,distinct,1 2 6 8 9 11 12
771W41cKqqK4TKKemG,7,plain,none,mixed,2 4 4 5 6 14 14
771WZIcW84e4rLJ8e8,7,plain,none,mixed,1 2 5 5 8 8 20
771Wa427CJJ0WYcQ68,7,distinct,none,distinct,1 2 3 6 7 9 21
771WGDKO_P824piIKX,7,progressive,none,distinct,1 5 6 7 9 10 11
771W8CHI47544OeVOI,7,progressive,none,distinct,1 2 5 7 9 10 15
771WOBIGiK4GMzBCaK,7,plain,none,mixed,1 4 5 9 9 10 11
771WWcPI31X1GSKaQK,7,plain,none,mixed,1 1 3 4 7 11 22
771WHQBJGaa64QYWKa,7,plain,none,mixed,1 2 2 8 9 9 18
771WYiJJkYXGayQiH4,7,progressive,none,distinct,2 4 5 7 9 10 12
771WKKDCDaC23J1AAK,7,progressive,none,distinct,1 4 6 7 8 10 13
771WG4YY991bnnqKCA,7,plain,none,mixed,2 2 3 6 10 12 14
771W44DYo7e8FBI99I,7,progressive,none,distinct,1 2 6 8 9 11 12
771W1BvC2y9QHAclP0,7,progressive,none,distinct,1 4 5 6 10 11 12
771W8I9AECA11nihO8,7,plain,none,mixed,3 3 4 6 7 9 17
771WGfWXyAAY2cIMKe,7,plain,none,mixed,1 4 4 6 8 8 18
771WGDPQ-wA41mKceW,7,progressive,none,distinct,1 5 6 7 9 10 11
771WKLEiCGG48Q2SKa,7,progressive,none,distinct,1 5 6 7 8 9 13
771W266Z7K4EABBa28,7,progressive,none,distinct,1 2 6 8 9 10 13
771WmmaJD2208SQUOQ,7,distinct,none,distinct,2 3 4 5 7 10 18
771W1IASKMOGGerxX1,7,distinct,none,distinct,1 3 4 6 8 13 14
771WWeZ1us8K9D-_bn,7,progressive,none,distinct,1 2 5 7 8 12 14
771W0G9OABKaaPKLHQ,7,progressive,none,distinct,1 4 6 7 9 10 12
771W56ogIG0L1UIYgA,7,plain,none,mixed,2 2 4 5 9 12 15
771WA9baP05GKIqb5g,7,plain,none,mixed,2 2 2 6 7 11 19
771W6X9CIIKGmqaje8,7,progressive,none,distinct,1 4 5 8 9 10 12
771WXa0x22ChNRMde4,7,plain,none,mixed,1 3 6 7 8 8 16
771WA9DnOOI6ACP1W4,7,plain,none,mixed,1 3 4 5 5 10 21
771W211PYeW46A77bb,7,plain,none,mixed,2 3 3 5 6 8 22
771WOLfQEKOGOcPiYA,7,progressive,none,distinct,1 4 6 8 9 10 11
771W0Zocbm0YHAA6sY,7,distinct,none,distinct,1 2 4 6 8 13 15
771WGGuuQd9I7HEDA8,7,plain,none,mixed,3 4 4 6 8 10 14
771WOYJRNqI3m8aZ2I,7,progressive,none,distinct,1 3 5 8 9 11 12
771W4-Aw8WbKgMar10,7,plain,none,mixed,1 2 5 6 6 6 23
771W57eOIHOIA9KaI1,7,progressive,none,distinct,1 3 4 5 10 12 14
771W9Aa6tBBCMI2OW4,7,plain,none,mixed,1 3 6 7 7 11 14
771WGGO22CqHGPAA44,7,plain,none,mixed,1 1 3 4 8 16 16
771WWOCLMkWWYQnbae,7,progressive,none,distinct,1 2 6 7 9 11 13
771WaSQML9H2YXAOC9,7,progressive,none,distinct,1 4 6 8 9 10 11
771W3fzeq8YXAMpjC4,7,progressive,none,distinct,1 4 6 8 9 10 11
771WqwaW08C62Inu88,7,distinct,none,distinct,1 2 3 4 6 8 25
771W8C28b23IKKiUF8,7,progressive,none,distinct,1 2 6 8 9 10 13
771W1KKKaKAacBBXW0,7,plain,none,mixed,2 2 5 6 6 10 18
771W44CXR33SKICCC2,7,plain,none,mixed,1 2 3 9 9 11 14
771WYIfwIK90q9LMS5,7,progressive,none,distinct,1 5 6 7 8 10 12
771W0d7cMAaiLJJWX9,7,progressive,none,distinct,1 3 6 8 9 10 12
771WKKhpI2Y9KAQAG4,7,progressive,none,distinct,1 5 6 7 8 10 12
771W2a4cwv6fLHLWB8,7,distinct,none,distinct,2 3 4 7 8 10 15
771W24AQ898KKO5r57,7,progressive,none,distinct,1 4 5 7 9 10 13
771WKacpI42eaAAJ48,7,plain,none,mixed,2 2 7 8 9 9 12
771WHHSat28CAKDJK2,7,progressive,none,distinct,1 5 6 7 9 10 11
771WG4Chd6828erehf,7,progressive,none,distinct,2 4 5 6 9 11 12
771WAsEIIG8GWRoQ44,7,progressive,none,distinct,1 3 6 7 8 11 13
771WWGoaIWI0tAAENN,7,plain,none,mixed,2 2 5 7 9 10 14
771W5QNp77648qq8m1,7,progressive,none,distinct,1 5 6 7 8 9 13
771W4CEHXGG57AgAIO,7,plain,none,mixed,2 2 3 7 11 12 12
771W5DBCSyaA8DXO08,7,plain,none,mixed,2 2 3 6 9 10 17
771W0GHYEkEYlNGKOG,7,progressive,none,distinct,2 3 4 8 9 11 12
771WYee4229LDDyqHG,7,progressive,none,distinct,2 3 5 6 8 12 13
771WaIQPLc61YGKmAA,7,progressive,none,distinct,2 4 6 7 9 10 11
771WISDb50W58OWc6I,7,distinct,none,distinct,1 2 3 4 8 9 22
771WaXaKHmm0QOOaao,7,plain,none,mixed,1 2 3 3 9 15 16
771W5zLKf62IqaI568,7,progressive,none,distinct,1 3 5 6 9 11 14
771W2aAQE08ZJVIq22,7,progressive,none,distinct,1 3 5 8 9 11 12
771W0A9feu4PPQbaK8,7,plain,none,mixed,3 3 5 5 8 12 13
771W3Lb6OOKCKWbuS4,7,progressive,none,distinct,2 3 5 6 8 12 13
771WPOilis52H2GA5e,7,progressive,none,distinct,1 3 7 8 9 10 11
771WaiMc1446QAw4KI,7,plain,none,mixed,1 5 5 7 8 8 15
771W4ZYQJHHe0AEkKW,7,plain,none,mixed,2 2 4 4 8 9 20
771W44c04Y1MDDDpgh,7,progressive,none,distinct,1 3 5 8 9 11 12
771W42IIn16KIAAh72,7,progressive,none,distinct,1 3 5 7 10 11 12
771WffqHEYG8R6KADH,7,progressive,none,distinct,1 2 3 8 10 11 14
771W9AAu88948C88mH,7,plain,none,mixed,1 1 3 7 10 10 17
771W32AJNAC88EKJe2,7,plain,none,mixed,1 5 6 7 7 10 13
771WH7LR688GGakQY6,7,distinct,none,distinct,3 4 5 6 8 9 14
771WC85pGK884BReau,7,plain,none,mixed,1 2 3 8 8 11 16
771W4WiSKCCYAAKmmm,7,plain,none,mixed,2 3 5 6 6 12 15
771WeO2jKC0OykHP95,7,plain,none,mixed,2 2 3 8 10 11 13
771W24BZBH2AEDJpfm,7,progressive,none,distinct,2 4 6 7 8 10 12
771Wie9OC82SC0Jrqi,7,plain,none,mixed,2 2 3 6 8 9 19
771W8WHoKai6uoJKOG,7,progressive,none,distinct,1 2 7 8 9 10 12
771W48Qfi8e9AIoKC4,7,progressive,none,distinct,1 5 6 7 9 10 11
771WW83DLLK4aaORJ2,7,progressive,none,distinct,2 4 5 6 7 12 13
771W2iI4EWHOxgSw45,7,progressive,none,distinct,1 2 5 7 10 11 13
771W6aihQI9W45IAfa,7,progressive,none,distinct,2 5 6 7 8 10 11
771WAIXaL536IqKTCI,7,plain,none,mixed,2 5 5 5 7 11 14
771Wqo84bsC5IHOn24,7,plain,none,mixed,2 2 4 5 6 15 15
771WgIKOHB03ZbAQPS,7,progressive,none,distinct,2 3 4 8 9 11 12
771W446sAAIA6FCG44,7,progressive,none,distinct,2 4 5 6 9 10 13
771W0aomra2GnZZLSU,7,progressive,none,distinct,1 2 6 7 9 11 13
771WAwDFKYYGYM2O6M,7,progressive,none,distinct,2 4 5 7 8 11 12
771Wfa8KH02I2Aw67b,7,plain,none,mixed,1 2 2 6 12 13 13
771WIuI9L6XZISqnB0,7,progressive,none,distinct,1 3 4 8 9 11 13
771WGXqEEY4IxB3PGW,7,progressive,none,distinct,1 3 5 6 7 13 14
771WPbsPbDWBcIz1P2,7,progressive,none,distinct,1 4 6 7 8 10 13
771WGeuY4a2Enf9D88,7,progressive,none,distinct,1 3 4 6 10 12 13
771WAHb6SSW8Pyvb9X,7,progressive,none,distinct,2 3 6 8 9 10 11
771W88KKLADAAGI334,7,plain,none,mixed,2 3 4 4 8 12 16
771WBAgAAKK8GIGIY2,7,progressive,none,distinct,1 4 6 7 9 10 12
771WYYemqBA2GQ26LM,7,plain,none,mixed,3 4 4 4 5 10 19
771W12MIAH8GGFEMc5,7,progressive,none,distinct,2 3 4 7 8 12 13
771W36YkeGG5JIOa4a,7,distinct,none,distinct,1 2 3 7 10 11 15
771W4K9Ig8aBCyZIO8,7,progressive,none,distinct,1 3 7 8 9 10 11
771WWH4eiGG9dKUIIY,7,progressive,none,distinct,1 2 4 9 10 11 12
771W8QHoI9548gvuQ8,7,progressive,none,distinct,2 5 6 7 8 10 11
771W4NK84L5YY9DaKc,7,progressive,none,distinct,2 4 6 7 8 9 13
771W23JLrm8HMJIQ2W,7,progressive,none,distinct,1 4 6 7 8 10 13
771WPhRKIAIWmF4CW8,7,progressive,none,distinct,2 3 4 8 9 11 12
771Wkkkffim0011AQK,7,plain,none,mixed,3 3 4 7 9 10 13
771W234SHL88859NNY,7,progressive,none,distinct,2 3 5 7 8 9 15
771W4iSKT52YISY114,7,distinct,none,distinct,1 4 5 6 7 10 16
771WGGLAHM255FBHUG,7,plain,none,mixed,2 4 5 8 9 9 12
771Wf9gQ95AOeaB8L0,7,progressive,none,distinct,1 2 7 8 9 10 12
771W88eaaS2AMLE988,7,progressive,none,distinct,2 4 5 7 8 11 12
771WeYAHbgGaHTtnA8,7,progressive,none,distinct,1 4 6 8 9 10 11
771W8BKKgX114KYscL,7,progressive,none,distinct,1 3 5 7 8 12 13
771W0JcLLDiaz74GeH,7,plain,none,mixed,2 4 5 6 6 10 16
771Wme86KLYG1aCF65,7,plain,none,mixed,1 2 4 4 8 15 15
771WL31ooH05BaaaQ1,7,plain,none,mixed,2 2 3 3 8 14 17
771W24oYM558SIIq21,7,plain,none,mixed,1 1 5 9 10 11 12
771WXiRAC622IAYLAo,7,progressive,none,distinct,1 4 6 7 9 10 12
771W019ggIeORQ55AY,7,plain,none,mixed,3 4 5 6 6 7 18
771W5zwAA8WW9XiSI2,7,distinct,none,distinct,2 3 4 6 8 12 14
771W0HMKkQGXdKHFHX,7,progressive,none,distinct,1 2 7 8 9 10 12
771W6A46KOG441oIUU,7,distinct,none,distinct,2 3 4 6 7 9 18
771Wa4449oYW326AAC,7,plain,none,mixed,1 1 5 6 7 9 20
771W99e2KQUCKI8F0G,7,plain,none,mixed,1 2 2 6 7 12 19
771WG8aK441KCaKBBB,7,plain,none,mixed,1 3 3 6 10 12 14
771W89MEnrg40T5JMX,7,distinct,none,distinct,2 3 4 7 8 10 15
771WEIbafW01IosAQC,7,plain,none,mixed,1 5 6 6 8 9 14
771WoaZMGGA4CfeKnf,7,plain,none,mixed,2 2 5 7 7 9 17
771WcbL9L522ICC3Y5,7,progressive,none,distinct,2 4 5 8 9 10 11
771WK111GKICChh98a,7,plain,none,mixed,2 2 3 3 6 16 17
771WKLbUJ990O6A6Aa,7,plain,none,mixed,3 4 5 6 8 8 15
771WmBOez4W2jpbaKY,7,progressive,none,distinct,1 4 6 7 8 11 12
771W8IheI804KoDDlt,7,progressive,none,distinct,2 3 5 7 9 11 12
771WOOLT6AA448MGL5,7,progressive,none,distinct,2 4 5 8 9 10 11
771W0PiFUX49IaIPNi,7,progressive,none,distinct,1 3 5 6 9 12 13
771WGGQGQKe11SBAKK,7,plain,none,mixed,1 1 5 9 9 12 12
771W8899dacaWW443J,7,plain,none,mixed,2 3 3 3 5 15 18
771WHIHAhdU14DA8v4,7,plain,none,mixed,1 4 6 8 8 11 11
771W2BjrMquIKOXmc2,7,progressive,none,distinct,2 3 6 7 8 10 13
771WQ6w4BWGIBoSi24,7,plain,none,mixed,1 3 3 9 9 10 14
771WAbrQSC8YAKv4e8,7,plain,none,mixed,3 4 6 7 7 10 12
771W5eCfA-2LgfnACW,7,plain,none,mixed,1 5 6 7 7 7 16
771WA8I665188OefNK,7,plain,none,mixed,2 4 4 4 8 9 18
771WOee4iC1Qa4D998,7,plain,none,mixed,1 2 3 10 10 11 12
771Wq6PiHG26gLPbKA,7,progressive,none,distinct,1 5 6 7 8 10 12
771W99HGGiY64IJHG8,7,distinct,none,distinct,1 2 3 6 8 10 19
771W266K9gY64C9bEA,7,plain,none,mixed,2 4 6 6 7 9 15
771W4foTAIWSbwOqfL,7,progressive,none,distinct,1 4 5 7 9 11 12
771WYZHBH980GEDDPY,7,distinct,none,distinct,2 3 4 5 8 12 15
771WSDLPaC217tC98a,7,progressive,none,progressive,1 3 5 7 9 11 13
771W4KgCD4mohR5S42,7,distinct,none,distinct,1 4 6 7 9 10 12
771WWz99PKK4KcIYYW,7,progressive,none,distinct,1 4 6 8 9 10 11
771W4iieKYmaILj322,7,plain,none,mixed,2 3 6 7 7 8 16
771WG8q5m84qgsLCC4,7,plain,none,mixed,2 2 4 8 8 12 13
771WAA5jTFHCCBO1I0,7,distinct,none,distinct,1 3 7 8 9 10 11
771W41ogfhgGH92Yr4,7,plain,none,mixed,2 4 4 5 7 8 19
771WYC9aY51Qmm8tLE,7,plain,none,mixed,2 2 4 4 6 11 20
771WG8aPOLLG8aQ996,7,plain,none,mixed,2 2 5 9 9 9 13
771WJjQsAC44uaTYGW,7,progressive,none,distinct,1 4 5 6 9 11 13
771W01LB2w4HIPMVKe,7,progressive,none,distinct,2 3 4 7 8 12 13
771W66LbYY21CSSK4G,7,plain,none,mixed,2 2 3 8 8 13 13
771W08Y9oIKisqOPC8,7,progressive,none,distinct,1 4 5 7 8 11 13
771WWeY9DNH0egKJQO,7,progressive,none,distinct,1 2 4 8 10 11 13
771WGWAGe44IsUIGOO,7,plain,none,mixed,2 2 3 6 8 11 17
771WABwcg22mgoC4GW,7,plain,none,mixed,3 3 4 6 7 11 15
771WigrKgaa1CK2sG8,7,progressive,none,distinct,1 5 6 7 8 9 13
771WHcHHPw11oLIYn6,7,distinct,none,distinct,1 2 5 7 9 10 15
771WqrQAAI2P9AG0HX,7,plain,none,mixed,2 2 4 5 8 9 19
771W22m7C88AQIMOC8,7,plain,none,mixed,1 1 1 6 11 13 16
771WYiiaDCC8KKeY24,7,progressive,none,distinct,2 3 6 7 8 10 13
771W0ab93AgWffcEEG,7,progressive,none,distinct,1 2 4 7 9 12 14
771WHKhSY102SKKyo9,7,plain,none,mixed,3 3 5 6 7 8 17
771W4qyaoK2aAjr344,7,plain,none,mixed,3 3 5 6 7 8 17
771W2aOB7bYWIAUf3C,7,progressive,none,distinct,1 4 5 7 9 11 12
771WmuYjmG88IdQME6,7,progressive,none,distinct,2 3 6 7 9 10 12
771W44euffaG48L555,7,progressive,none,distinct,2 3 5 6 8 11 14
771W1HBDCq8YXI5AQ6,7,plain,none,mixed,1 4 5 7 7 12 13
771WX4YyIGPm4C9zZ2,7,plain,none,mixed,1 1 3 8 11 11 14
771W88AjgAAA228CSG,7,plain,none,mixed,2 2 6 7 9 10 13
771W2nkgYDAGcMGBs5,7,progressive,none,distinct,3 4 5 7 9 10 11
771W0cOCMchaMCPWKL,7,progressive,none,distinct,1 4 5 6 8 12 13
771WG89iooS94a59CK,7,progressive,none,distinct,1 3 4 7 10 11 13
771WCMoGG96G8Y3oBA,7,distinct,none,distinct,1 3 4 6 7 12 16
771W5eOa9405zbhEEi,7,progressive,none,distinct,1 3 7 8 9 10 11
771WDAIKYa414SiEmG,7,progressive,none,distinct,1 2 3 7 11 12 13
771We28hgoamPQefOK,7,progressive,none,distinct,1 5 6 7 8 10 12
771WGG66gQY27LHDGG,7,plain,none,mixed,1 3 3 4 10 11 17
771WDDoQAA4O8K9OH1,7,progressive,none,distinct,1 4 6 7 9 10 12
771W09OiKG0qyfjZZJ,7,progressive,none,distinct,1 3 4 8 9 11 13
771WGA9TF8844eagSI,7,plain,none,mixed,3 3 6 7 10 10 10
771WHAMaGG2YknHDb5,7,plain,none,mixed,2 2 7 7 8 8 15
771WGGIAe9935D88KM,7,distinct,none,distinct,2 3 4 5 10 12 13
771WOI5LKqKA9IoaK8,7,progressive,none,distinct,3 4 5 7 8 10 12
771WLIGko5A2AqvMh8,7,progressive,none,distinct,2 4 5 7 8 11 12
771WIDFOgWe05fYQqC,7,distinct,none,distinct,1 2 4 5 9 13 15
771W4KZA461PPvr6H8,7,progressive,none,distinct,1 2 6 7 9 11 13
771WC4CaR4OeihL642,7,plain,none,mixed,1 3 5 8 8 11 13
771WG86LKLY98bLJB4,7,progressive,none,distinct,1 2 4 9 10 11 12
771W42ISKYiGIC5gHH,7,plain,none,mixed,1 1 5 8 10 11 13
771WOGGzY22B9b9548,7,progressive,none,distinct,1 2 5 6 7 11 17
771W2KrEKK4IQbfa8G,7,progressive,none,distinct,1 5 6 7 8 10 12
771WUJOeACW499nIaK,7,progressive,none,distinct,1 3 6 7 9 11 12
771WaaYIIb0XQQQP31,7,progressive,none,distinct,1 4 6 7 8 10 13
771WZU4qXpW8fMcMb1,7,progressive,none,distinct,1 4 6 8 9 10 11
771W2HIK46YWXDD9oI,7,plain,none,mixed,2 3 4 4 9 12 15
771W49wiCA4KGOnRGW,7,plain,none,mixed,1 2 6 6 7 13 14
771W8qqo442ccYYD88,7,plain,none,mixed,3 3 3 9 10 10 11
771WXC8mg4W2hlbMKq,7,progressive,none,distinct,1 3 7 8 9 10 11
771W2YOHLAAYICMK79,7,progressive,none,distinct,2 4 6 7 8 10 12
771WGABBMKW67aaXJ7,7,plain,none,mixed,2 3 4 9 10 10 11
771WSPfqaeWGL9AaaC,7,plain,none,mixed,4 5 5 5 7 10 13
771W4dfcwqK4bYyIe8,7,progressive,none,distinct,2 4 6 7 9 10 11
771W0BDCyT4YaXXwAZ,7,progressive,none,distinct,1 5 6 7 8 10 12
771W2IBBKeGXYLAEco,7,progressive,none,distinct,2 4 5 8 9 10 11
771W8EI8310kksUkKH,7,plain,none,mixed,3 5 5 7 7 8 14
771WaB5C478OuurIXA,7,progressive,none,distinct,3 4 5 6 7 10 14
771W66OeO214CIMMLK,7,plain,none,mixed,2 4 4 7 8 11 13
771W0eZ6Ek6YffSHCK,7,progressive,none,distinct,1 3 6 7 9 11 12
771WCKMLbP3ek9hH80,7,progressive,none,distinct,1 4 6 7 9 10 12
771W0GMQaiiaYcgqee,7,progressive,none,distinct,2 3 4 7 10 11 12
771WGKOMMiA03nwB44,7,plain,none,mixed,2 2 3 7 7 14 14
771WAKCIWma46zTa88,7,plain,none,mixed,1 3 4 4 10 11 16
771W0WKLCIHfPMK658,7,plain,none,mixed,2 3 4 7 7 8 18
771W8eme952Oay2116,7,plain,none,mixed,1 1 3 4 5 13 22
771W44KaiY8LSCB322,7,distinct,none,distinct,2 3 4 6 9 10 15
771W8foK882Xfr48Pf,7,plain,none,mixed,2 3 3 3 10 12 16
771WGYYaqA8W2cdhXX,7,plain,none,mixed,2 2 4 5 10 12 14
771WG2qyIO8marwsGG,7,plain,none,mixed,2 3 5 7 7 9 16
771W0WIQNb7XIOKJGK,7,plain,none,mixed,1 3 6 8 8 10 13
771W447gISSA64AAG8,7,distinct,none,distinct,2 3 4 7 8 11 14
771W4QQLrB3ACgfZ80,7,progressive,none,distinct,2 3 6 8 9 10 11
771W2HEHbO0igTUIgK,7,distinct,none,distinct,1 3 5 6 7 12 15
771W8eq4558eGOP225,7,plain,none,mixed,2 2 2 5 6 16 16
771W8CEUCJI44AWIDE,7,distinct,none,distinct,2 3 6 8 9 10 11
771Wau1AYo0KbMwQP9,7,distinct,none,distinct,2 4 6 7 8 10 12
771WPQgYgY51N7BAX0,7,progressive,none,distinct,2 4 6 7 8 10 12
771WKYH9riC5oECeO2,7,progressive,none,distinct,2 4 5 8 9 10 11
771WPQYoICE0SIGJW0,7,plain,none,mixed,1 1 2 5 12 14 14
771WOKJA246GG8aNKC,7,plain,none,mixed,1 3 4 7 8 8 18
771W1w2Ca9GaMdQQY3,7,progressive,none,distinct,1 4 6 8 9 10 11
771W94aiK88GCAcIIo,7,progressive,none,distinct,1 4 6 8 9 10 11
771W65Hf45H48PTCiA,7,progressive,none,distinct,2 3 4 7 10 11 12
771WHKKPLYZ024Cgh4,7,progressive,none,distinct,1 4 5 8 9 10 12
771WGGONko152T7994,7,plain,none,mixed,1 1 2 6 7 15 17
771WadoCCA1H9PIgHW,7,progressive,none,distinct,2 4 6 7 8 10 12
771Wf758t42a24iLYC,7,progressive,none,distinct,1 3 4 7 8 12 14
771WKSTZ344488eAAG,7,plain,none,mixed,2 2 4 7 8 9 17
771W98a2GWG9ILLTLr,7,plain,none,mixed,1 5 5 7 7 11 13
771WA9MJ25G44HHQw5,7,distinct,none,distinct,1 4 5 6 7 10 16
771W7AMQee4KH5v84a,7,distinct,none,distinct,1 4 6 7 8 10 13
771WG45BZFE46ceA9G,7,progressive,none,distinct,2 3 6 7 8 10 13
771WygnoXAA06sKqU0,7,progressive,none,progressive,1 3 5 7 9 11 13
771W0AQAP45CCIYZdY,7,progressive,none,distinct,2 4 5 7 9 10 12
771WbLEDqqb4XM24S1,7,progressive,none,progressive,1 3 5 7 9 11 13
771WXXQKKKg0HIBDK4,7,progressive,none,distinct,2 4 5 7 8 11 12
771WGGLID4422USCCI,7,progressive,none,distinct,2 3 4 8 9 11 12
771W0e4qabaOeaKIIJ,7,progressive,none,distinct,1 4 5 8 9 10 12
771W8hx5688eG8AAq4,7,distinct,none,distinct,1 2 4 6 10 11 15
771W1DeMmWWCQQYUI2,7,plain,none,mixed,1 2 3 3 12 12 16
771WBBYauaI1JK698O,7,plain,none,mixed,2 2 4 7 10 12 12
771Wpq4498G4K56ggC,7,distinct,none,distinct,1 2 6 7 8 10 15
771W2KiikjW4Mcna21,7,progressive,none,distinct,2 3 4 6 9 11 14
771W455BFW09AACYgI,7,plain,none,mixed,2 3 4 7 7 12 14
771W49G4BuO9AQiaYK,7,progressive,none,distinct,2 3 4 8 9 11 12
771WYIXQIKeGfOLMue,7,plain,none,mixed,2 3 7 8 8 10 11
771WMHf28I19HokEbC,7,progressive,none,distinct,2 4 5 7 9 10 12
771WHbDMLh91oS7Xl0,7,progressive,none,distinct,1 3 7 8 9 10 11
771WLSKKIGm10Ka42Y,7,plain,none,mixed,1 1 3 5 13 13 13
771WKIXYKOO4K66aO8,7,plain,none,mixed,2 2 6 6 6 13 14
771WmWZayKC2qJKOG8,7,progressive,none,distinct,1 4 5 6 8 12 13
771WCiI8HR1XHUP9IK,7,progressive,none,distinct,2 3 5 8 9 10 12
771WfTMAY8G5ZRcEG0,7,distinct,none,distinct,2 3 4 5 6 12 17
771W66UmI54B7H92ED,7,plain,none,mixed,3 3 4 5 6 12 16
771WfokISfm8AvCMY1,7,progressive,none,distinct,3 5 6 7 8 9 11
771WOOOcc20KQAA899,7,plain,none,mixed,3 3 4 6 6 12 15
771W8onJHO8eGfggM8,7,plain,none,mixed,2 4 7 8 8 10 10
771WgOW4a01AqKagAB,7,distinct,none,distinct,1 2 3 4 6 16 17
771W514UOE888A6zo2,7,plain,none,mixed,1 2 2 7 10 12 15
771W8uLnygLeHcHEDG,7,progressive,none,distinct,1 4 5 8 9 10 12
771W1KOYMOKYkczgY2,7,progressive,none,distinct,3 4 6 7 8 9 12
771WAAorue4GHN5884,7,progressive,none,distinct,1 5 6 7 8 9 13
771W9RRennI09cYYBC,7,plain,none,mixed,3 4 5 6 7 12 12
771W44aRJHXG94CCA4,7,plain,none,mixed,2 2 3 8 10 12 12
771WiSMQJIG8eK8G53,7,plain,none,mixed,3 3 5 5 8 11 14
771W4bK8CMYWHB9qsc,7,progressive,none,distinct,2 3 4 8 9 11 12
771WKQdD1emAQBqeG2,7,plain,none,mixed,2 3 3 5 7 8 21
771W18AaHCC4CAn-sK,7,plain,none,mixed,1 5 5 7 8 10 13
771W07mI88GP9LMcQg,7,progressive,none,distinct,1 2 6 8 9 10 13
771W42qIN9mH8VTp9C,7,progressive,none,distinct,1 2 7 8 9 10 12
771WHigYgY68jDdsW0,7,plain,none,mixed,2 4 7 7 7 8 14
771WdppLMgO93ac851,7,progressive,none,distinct,2 3 5 8 9 10 12
771WIPAa68W49PggqK,7,progressive,none,distinct,3 4 5 6 8 11 12
771WJeeknu0GjAbf5Z,7,progressive,none,distinct,1 2 3 7 11 12 13
771WXMOGgAKAifqLa4,7,plain,none,mixed,3 3 5 6 6 7 19
771WaneA88GDLarLPf,7,progressive,none,distinct,2 3 4 7 10 11 12
771WYACSLPQ0Wi3L52,7,progressive,none,distinct,1 2 3 5 11 12 15
771WYKN9x122aACqBK,7,progressive,none,distinct,2 4 5 6 8 10 14
771W89HB76688OieYa,7,plain,none,mixed,3 4 5 5 8 9 15
771W01CYLI48CBJDEy,7,distinct,none,distinct,1 2 5 6 7 9 19
771WeegRF7G88D34HO,7,progressive,none,distinct,1 3 5 6 10 11 13
771W2W4pNP2Kutrh98,7,progressive,none,distinct,1 5 6 7 9 10 11
771W42IBammCAQMq84,7,distinct,none,distinct,2 3 5 6 8 11 14
771W022OHHCIIPSTbb,7,progressive,none,distinct,2 3 5 8 9 10 12
771W4emghMAW2RhA24,7,progressive,none,distinct,2 3 4 5 9 11 15
771W0YoAL51AoiabDC,7,progressive,none,distinct,2 3 4 6 9 12 13
771W0AM6BeWCFNbnZb,7,progressive,none,distinct,2 5 6 7 8 9 12
771WAannqO88YnIaau,7,progressive,none,distinct,1 2 5 7 8 12 14
771WGS5qIAg49NcIKC,7,progressive,none,distinct,2 4 6 7 8 10 12
771W10NKCo0A9MIAPf,7,plain,none,mixed,1 1 5 6 8 11 17
771WOYbD99K8e9avP8,7,progressive,none,distinct,2 4 6 7 9 10 11
771W33peq9CAGEAD5E,7,distinct,none,distinct,2 3 4 7 9 10 14
771W88EKppS148HDHK,7,progressive,none,distinct,1 4 5 7 9 10 13
771WoI42BCG5bLHQ24,7,plain,none,mixed,1 2 6 6 9 10 15
771W492va43IOKijre,7,progressive,none,distinct,1 3 6 7 8 11 13
771WHG4IAQa11UP94a,7,plain,none,mixed,1 1 4 7 7 14 15
771W67_MH5G8GJB55g,7,progressive,none,distinct,2 4 6 7 9 10 11
771WGG5c6K4B7LL8AI,7,progressive,none,distinct,2 4 5 7 8 11 12
771W0GREIMYWXEQL8O,7,distinct,none,distinct,1 3 5 6 8 12 14
771WCPl1QS4CKbgICW,7,progressive,none,distinct,1 2 6 8 9 11 12
771WbaiSmGG4A4K44a,7,distinct,none,distinct,1 2 5 6 9 11 15
771WGMPLMgd02YxaG5,7,progressive,none,distinct,1 4 5 7 9 11 12
771W0H4KKT5KKfhooW,7,progressive,none,distinct,1 4 5 8 9 10 12
771WbekoeOO8A4iK8e,7,progressive,none,distinct,1 3 5 6 9 11 14
771W1IJ9guuaY822y4,7,distinct,none,distinct,1 2 3 5 10 11 17
771W249SaG8KMRUmG8,7,plain,none,mixed,1 4 5 6 6 9 18
771WG8CCA8C88eBMKK,7,progressive,none,distinct,1 3 6 8 9 10 12
771WKMiU6A1H9LIeJI,7,progressive,none,distinct,3 4 5 7 8 10 12
771W01JLD96KKCB8HY,7,plain,none,mixed,3 3 4 4 9 10 16
771WCeN9ko2aHASgsY,7,progressive,none,distinct,3 4 5 7 9 10 11
771W04562PPcccaKQG,7,progressive,none,distinct,2 3 4 7 10 11 12
771WYcLfq8GYONSYI6,7,progressive,none,distinct,1 5 6 7 9 10 11
771W8OIvPKIGSeIJA4,7,progressive,none,distinct,1 5 6 7 9 10 11
771WeII2y452aAikIJ,7,progressive,none,distinct,1 5 6 7 8 10 12
771WI9BRO4422iMKa4,7,progressive,none,distinct,1 4 5 8 9 10 12
771W0q1PJKSeOejUOI,7,progressive,none,distinct,1 3 7 8 9 10 11
771W5488eW0DAAKKKq,7,plain,none,mixed,1 2 5 5 8 11 17
771WGeOCAQMeOg9444,7,plain,none,mixed,3 3 5 6 6 10 16
771WWXI5E2LAwZdezW,7,distinct,none,distinct,1 2 4 6 9 12 15
771W6GHGOu4bcD9e8G,7,distinct,none,distinct,1 2 3 5 6 15 17
771W0X7hJHDOabfmoG,7,progressive,none,distinct,1 3 5 8 9 11 12
771WAOKCD9G88foqKH,7,progressive,none,distinct,2 5 6 7 8 10 11
771WX9644aa2XXH8Oe,7,plain,none,mixed,1 2 3 3 9 12 19
771W4aTaq22YSMEIG8,7,progressive,none,distinct,2 4 5 7 8 11 12
771W4MNPRYY02YiCgm,7,progressive,none,distinct,3 4 5 6 7 10 14
771WcMgQYA9Cw6Ka10,7,progressive,none,distinct,1 4 5 7 8 11 13
771WQYa9HKbe9i8I29,7,plain,none,mixed,1 1 2 7 8 11 19
771W4IITiie45fXe84,7,progressive,none,distinct,2 3 5 8 9 10 12
771WIIYY8eOIL444OO,7,plain,none,mixed,2 3 4 4 8 14 14
771W24iEBJLG8AKf41,7,plain,none,mixed,1 2 4 8 11 11 12
771WIKODD4e32QJe82,7,plain,none,mixed,1 1 5 6 11 12 13
771W9KaA3J2DLcAgb2,7,progressive,none,distinct,2 3 6 8 9 10 11
771WI2WkMKgavSLP22,7,plain,none,mixed,2 2 6 7 7 10 15
771WWWTPBG84K7QACI,7,distinct,none,distinct,1 3 5 6 8 10 16
771WJL9whl9HO4IZ84,7,progressive,none,distinct,1 3 4 8 10 11 12
771WKof8maYXCUInG8,7,plain,none,mixed,1 5 5 6 7 8 17
771W9cNLBMCWG7aAr3,7,progressive,none,distinct,3 4 5 6 8 10 13
771WHXmqq5I2YLLRQ9,7,progressive,none,distinct,3 4 6 7 8 9 12
771WWXAGHJ62IRRQHa,7,plain,none,mixed,2 4 4 6 9 11 13
771W98wo9f17HD44Km,7,plain,none,mixed,1 1 7 7 9 12 12
771WOO64sO424HJQKK,7,distinct,none,distinct,1 2 6 7 8 9 16
771WWW8LILLGGQA46A,7,plain,none,mixed,2 2 3 4 9 11 18
771Wgjygbb10H9bfbG,7,progressive,none,distinct,2 3 5 8 9 10 12
771WGtagAHGaeQOeIX,7,distinct,none,distinct,2 3 4 8 9 10 13
771WWQZkoA43ndOLYw,7,progressive,none,distinct,1 5 6 7 8 10 12
771WaKLRIX11YA6UIK,7,progressive,none,distinct,2 4 6 7 9 10 11
771W559BH9IGGNKaf4,7,plain,none,mixed,2 4 4 7 8 11 13
771WLMZJBLI0ONHIr0,7,progressive,none,distinct,2 3 4 6 9 11 14
771WKY5NE8GeOrouI6,7,progressive,none,distinct,2 5 6 7 8 10 11
771W22cABCH8GHPB9E,7,progressive,none,distinct,1 4 5 6 7 12 14
771Wm9mGCL29nsKJJW,7,plain,none,mixed,1 2 5 8 8 8 17
771WA5nHmmMCHMs7c2,7,progressive,none,distinct,1 4 5 8 9 10 12
771WHf9C4K1LrsA990,7,distinct,none,distinct,2 3 6 7 8 10 13
771WJfbneeOGrOiqK4,7,progressive,none,distinct,3 4 5 6 8 11 12
771W5582YQe612QgXH,7,plain,none,mixed,1 2 2 3 6 12 23
771WDZsiAAIWKTmi0G,7,progressive,none,distinct,1 2 3 8 10 11 14
771W0g4SSS4fPLenHH,7,progressive,none,distinct,2 3 6 7 8 11 12
771WXZbMJbk2B54Ij0,7,plain,none,mixed,2 2 4 7 9 11 14
771WG88CAQ422XRNKK,7,plain,none,mixed,2 3 6 7 7 9 15
771WCswSQ59GeYJEYW,7,progressive,none,distinct,2 4 5 6 9 11 12
771WG4DCID944cnEAH,7,progressive,none,distinct,1 5 6 7 8 10 12
771W2YcJDBCW8C9M95,7,progressive,none,distinct,1 2 4 7 10 12 13
771W8osq954aCqoaC9,7,progressive,none,distinct,1 3 5 8 9 11 12
771WKMCKI9422Q3sIH,7,distinct,none,distinct,1 5 6 7 9 10 11
771WIquKI8GeGBQc44,7,progressive,none,distinct,2 3 5 6 10 11 12
771W66K4ag8LG8AIXX,7,plain,none,mixed,2 2 2 6 10 13 14
771WfonIQQX89nKKfG,7,progressive,none,distinct,3 4 6 7 8 9 12
771WPrwccXHWbCy2I0,7,progressive,none,distinct,2 4 5 7 9 10 12
771WGGOQCC1DDHAD98,7,progressive,none,distinct,2 3 6 7 8 9 14
771WA545aKI422Y9fL,7,plain,none,mixed,2 3 5 5 8 8 18
771W15MYaLQOQ89cp2,7,progressive,none,distinct,2 3 4 6 9 12 13
771WiS8ECNX8fQI964,7,distinct,none,distinct,2 3 6 7 8 9 14
771W28dbOeaKMIreG4,7,progressive,none,distinct,2 4 5 7 8 9 14
771WXMk9LGW8nKCgg2,7,progressive,none,distinct,2 4 5 7 8 10 13
771WGPYKwbg0ScJUHY,7,progressive,none,distinct,1 3 6 8 9 10 12
771WGES9N5222yCbIP,7,distinct,none,distinct,1 3 5 8 9 11 12
771WDT58AGKmmJDCA2,7,plain,none,mixed,2 2 4 6 9 10 16
771W44H9Ae5IHPJIK9,7,plain,none,mixed,1 5 7 8 9 9 10
771WCCIIya451J7K88,7,progressive,none,distinct,1 2 4 8 9 11 14
771W446bC085DDAKSK,7,plain,none,mixed,3 3 3 4 6 13 17
771WWbD8Ag52HHHfiD,7,progressive,none,distinct,1 4 5 6 9 11 13
771WIIEEA8888OMI22,7,progressive,none,distinct,2 4 6 7 8 10 12
771W1HsAB43me8AJI5,7,plain,none,mixed,1 3 5 5 7 12 16
771W445PhY2TQMO04I,7,plain,none,mixed,2 3 4 5 5 8 22
771WaE5FcIGYacQWP5,7,progressive,none,distinct,1 4 5 7 8 11 13
771WWYHOaj64LHUQhn,7,progressive,none,distinct,2 3 6 7 9 10 12
771W233HCaaAAECD5X,7,progressive,none,distinct,2 3 5 7 8 9 15
771WGHNmGGJ48WWuXe,7,plain,none,mixed,1 1 2 5 7 7 26
771WHEa924AG8eL_k2,7,plain,none,mixed,1 2 5 5 9 11 16
771WCKaHquaKOXZCC8,7,progressive,none,distinct,1 3 5 8 9 11 12
771WCAC54G1HHIAqaf,7,distinct,none,distinct,1 3 4 6 7 13 15
771WGO94TkaIIa99AK,7,plain,none,mixed,2 4 6 6 7 12 12
771WAef4EHC8WZihDM,7,plain,none,mixed,2 4 5 5 8 9 16
771WSQeNbv81S7EaOH,7,progressive,none,distinct,1 5 6 7 9 10 11
771WAADLmmsC88G5KG,7,distinct,none,distinct,1 3 4 5 8 9 19
771WacbLNxa2833aHG,7,progressive,none,distinct,1 2 5 7 10 11 13
771WAovp1GW8bsEEM2,7,progressive,none,distinct,3 4 5 7 9 10 11
771W1L84GKQKKslHGW,7,distinct,none,distinct,1 2 3 6 7 10 20
771W4gUO1OKWGErCac,7,plain,none,mixed,1 1 3 6 7 9 22
771WaqsnKS14CXYDLO,7,progressive,none,distinct,1 4 5 7 8 11 13
771WmX71XaKKLqqksG,7,progressive,none,distinct,2 4 6 7 9 10 11
771WGIQ2Q24BBNDDWW,7,distinct,none,distinct,1 4 6 7 8 10 13
771WX246M9fqLJIOY0,7,plain,none,mixed,1 2 6 8 10 10 12
771W0iTgiK4WQJfqum,7,progressive,none,distinct,2 3 5 7 9 11 12
771Wa8BECKH0WZf4KD,7,plain,none,mixed,1 3 3 4 10 11 17
771WKgQPfg0IbHXXAC,7,progressive,none,distinct,1 3 6 7 9 11 12
771WA7BHKKW89Dr4i8,7,plain,none,mixed,2 4 4 7 9 10 13
771W47DhU4G843Lw6Y,7,progressive,none,distinct,1 4 5 7 8 10 14
771WYA8LH452YiKQQJ,7,progressive,none,distinct,1 4 5 6 8 11 14
771W4G4AIGGUUkgIOO,7,distinct,none,distinct,2 3 4 6 8 12 14
771WWm9DaYGK5qicbn,7,progressive,none,distinct,1 2 4 7 10 12 13
771W2ZDXIhbeMI9H6a,7,plain,none,mixed,3 3 4 5 5 10 19
771W8G8GbC4RTv2446,7,plain,none,mixed,1 3 3 5 5 8 24
771We4maaq1Knww998,7,plain,none,mixed,2 2 5 8 10 10 12
771W22PbSa4DAKA8OK,7,plain,none,mixed,1 2 4 8 8 11 15
771WKIKjh128A2CyB8,7,progressive,none,distinct,1 3 5 6 8 11 15
771W8e09995Syy9882,7,plain,none,mixed,2 2 3 4 10 11 17
771WaiieFBG0abAaXc,7,distinct,none,distinct,1 3 5 6 9 12 13
771W9HGmRAW59Z552K,7,distinct,none,distinct,1 2 4 6 8 9 19
771Wc-zbQGG84g62K4,7,progressive,none,distinct,2 3 6 7 8 11 12
771W44IcABJOKTSG46,7,progressive,none,distinct,2 4 5 8 9 10 11
771WoCTfj52Y8mAb4H,7,distinct,none,distinct,1 4 5 6 8 11 14
771WYADqA648aiIKJB,7,progressive,none,distinct,2 5 6 7 8 9 12
771W8eGO4IIqaw6466,7,plain,none,mixed,1 3 4 6 9 9 17
771WA84avXX842KCif,7,plain,none,mixed,1 2 4 5 9 14 14
771WGSw3bafCLDaN38,7,plain,none,mixed,2 3 5 6 9 9 15
771W8JrWWXHCHe8OeY,7,distinct,none,distinct,1 2 3 4 6 9 24
771W2YGmE70xN354HJ,7,plain,none,mixed,1 1 3 4 5 9 26
771W4GcqY2EYquvCGG,7,plain,none,mixed,1 4 4 5 9 11 15
771W4LNHHTeWX8AHPY,7,distinct,none,distinct,1 4 5 6 8 11 14
771W454gHCA48EA9Cw,7,plain,none,mixed,1 3 3 8 10 11 13
771WgQIGK22a4cMI88,7,distinct,none,distinct,1 2 4 6 8 12 16
771WgAwbMH1HjqC2E0,7,progressive,none,distinct,2 4 5 6 9 11 12
771WaadXBA80qqn9KA,7,plain,none,mixed,2 3 3 7 8 13 13
771WCC8kg4Y5AA6PII,7,progressive,none,distinct,1 4 6 8 9 10 11
771WI2q9Bfbgm8FU80,7,plain,none,mixed,2 2 2 9 11 11 12
771WJAA7m8G62dC8a8,7,plain,none,mixed,1 1 5 6 7 13 16
771WGXayaA8AcACIHX,7,progressive,none,distinct,1 2 4 6 10 12 14
771WnoDjTU48KL1Ho0,7,plain,none,mixed,2 2 7 7 9 11 11
771WGm4ceo0AvRT5AA,7,progressive,none,distinct,1 2 6 7 9 10 14
771WIE9AWG8YcbSiG8,7,plain,none,mixed,2 2 4 5 5 10 21
771WK6gCB88emGSi24,7,plain,none,mixed,1 2 3 7 11 11 14
771WHKQfF8848mgSAY,7,progressive,none,distinct,1 4 5 7 9 11 12
771W0GKHT9IYYLLBB8,7,plain,none,mixed,3 4 5 6 8 8 15
771WLLHL2Y921baOT1,7,plain,none,mixed,1 2 4 4 8 8 22
771WOLggf20KI2yCNX,7,plain,none,mixed,2 2 4 8 8 9 16
771W4A9Agfo045XXRA,7,plain,none,mixed,3 3 4 5 6 12 16
771Wee4CAwgGIHO422,7,plain,none,mixed,2 3 4 4 7 13 16
771W8O64C8WKLrIAII,7,plain,none,mixed,1 5 7 8 9 9 10
771WG96AQII22aUMGW,7,distinct,none,distinct,2 3 4 7 8 11 14
771W3QSan28agaDLc4,7,progressive,none,distinct,1 5 6 7 8 9 13
771W5bhG4ACW8CM7SC,7,plain,none,mixed,1 3 3 8 9 11 14
771W985NHOC558Q7Bn,7,progressive,none,distinct,1 3 4 8 10 11 12
771W4aJia44eU6AOGO,7,distinct,none,distinct,1 3 4 6 10 12 13
771WSJG4aW8CBhAaKa,7,plain,none,mixed,1 4 5 6 7 13 13
771WGamXa8GHZxwSSO,7,progressive,none,distinct,2 3 5 6 8 12 13
771W454UKQ09996UHX,7,progressive,none,distinct,1 4 5 6 9 11 13
771W6f9CCGGGmoaAgA,7,progressive,none,distinct,2 4 5 6 8 11 13
771WHEXDAa8ovPhMaG,7,plain,none,mixed,2 3 4 8 10 11 11
771W4CKI98GPPLW846,7,plain,none,mixed,1 2 2 7 8 11 18
771WWOKPOIG1XYQA9D,7,progressive,none,distinct,1 2 5 8 9 11 13
771WOXA2255eOu8AIX,7,plain,none,mixed,1 1 4 4 8 13 18
771W8GQG24444yKMEE,7,distinct,none,distinct,1 2 6 7 9 11 13
771WIo4DLqKYH59I28,7,plain,none,mixed,2 3 3 5 8 11 17
771WXd5ZfPG0QPUcU1,7,progressive,none,distinct,1 3 6 8 9 10 12
771W8G95QAB44oUIL8,7,progressive,none,distinct,1 4 6 7 8 10 13
771WYIoA8meIeB44ee,7,plain,none,mixed,2 2 4 4 10 12 15
771W4srHWYX8cEEsLG,7,progressive,none,distinct,1 5 6 7 9 10 11
771W0XMvrabWQ0CKSZ,7,plain,none,mixed,1 2 4 5 7 7 23
771WKZNPRHH0m2Awa4,7,progressive,none,distinct,1 3 6 7 9 10 13
771W1KCEW10Yaqiea7,7,plain,none,mixed,1 1 3 6 9 9 20
771W1IOP9P2jjIPPe1,7,progressive,none,distinct,2 4 6 7 9 10 11
771WYAE9Aoa0YZ9HCC,7,plain,none,mixed,1 4 6 7 7 9 15
771WGGmaeQYGB8FFCC,7,distinct,none,distinct,2 3 5 6 8 10 15
771W8GOfgya8An126A,7,plain,none,mixed,3 4 4 6 6 7 19
771WLacC8KG8eA69Hn,7,progressive,none,distinct,1 4 6 7 9 10 12
771WLHIi2u469hdEG0,7,distinct,none,distinct,1 2 5 7 8 10 16
771WLHZYadI1O99io9,7,plain,none,mixed,2 3 3 8 10 11 12
771W886ohACA4COH62,7,distinct,none,distinct,1 2 5 8 9 11 13
771WaIYgpgB1q68e34,7,progressive,none,distinct,1 4 6 7 9 10 12
771W49YIOPu8PKY2Mb,7,plain,none,mixed,1 3 5 7 7 8 18
771WLagAgC4Aa4HI8e,7,plain,none,mixed,1 4 7 7 9 10 11
771W8BAcuaY2CAEDWG,7,progressive,none,distinct,1 2 4 8 9 11 14
771W16Ak5EYRMMPYc0,7,progressive,none,distinct,1 5 6 7 8 10 12
771W88AAgIZ432AAGH,7,plain,none,mixed,1 4 4 7 9 10 14
771W5B45E19ZZZMYM8,7,plain,none,mixed,1 3 3 5 9 14 14
771W12beQMAGSPNDy4,7,distinct,none,distinct,2 3 5 6 9 11 13
771W06uHKSICKQHbKO,7,progressive,none,distinct,1 3 4 6 9 12 14
771WACiSjg5JC81c52,7,progressive,none,distinct,1 4 5 8 9 10 12
771W82ikKC9GKMXsAB,7,plain,none,mixed,1 4 5 6 10 10 13
771W1AYahQTmYWKTZ4,7,distinct,none,distinct,2 4 5 7 8 9 14
771WWG826A9CiSMMPO,7,progressive,none,distinct,1 5 6 7 9 10 11
771WMYY-OKa4f8AaGG,7,distinct,none,distinct,1 4 5 6 7 11 15
771W8A9QA7q894YXOB,7,plain,none,mixed,1 1 7 8 10 10 12
771W1K9OewH56vYon8,7,distinct,none,distinct,2 3 4 5 6 13 16
771WIHQQgg416M98n1,7,plain,none,mixed,2 2 6 9 9 10 11
771Wg65Z648eCCj2OK,7,plain,none,mixed,1 2 4 10 10 10 12
771WmgRHW442MgIGeq,7,plain,none,mixed,2 3 4 7 7 8 18
771W24OCh88MIAPb35,7,progressive,none,distinct,1 4 6 7 8 10 13
771WCa4KJuGHYfg624,7,distinct,none,distinct,1 3 4 6 10 12 13
771WYM0yhmK2fMOr35,7,plain,none,mixed,1 3 3 4 6 11 21
771W1BYCaGGMAAsuO8,7,plain,none,mixed,1 2 4 4 7 15 16
771WIYYS4AXJg69F54,7,progressive,none,distinct,1 3 6 8 9 10 12
771W8HuoL9H4OpgiaG,7,progressive,none,distinct,1 5 6 7 8 9 13
771WeBPSO052YoafPW,7,plain,none,mixed,2 2 3 5 6 10 21
771WGmeGm62YCQABAA,7,plain,none,mixed,1 4 5 5 10 10 14
771W1v4kQMMeKYUOG0,7,progressive,none,distinct,1 4 5 7 9 10 13
771WXZggipo0GI8Eo1,7,progressive,none,distinct,1 3 7 8 9 10 11
771WabzfmmG0HCGeea,7,plain,none,mixed,3 3 4 5 7 8 19
771WGHBufbJ95OMLCW,7,progressive,none,distinct,2 3 6 8 9 10 11
771W4IIMH8GccbcAcY,7,progressive,none,distinct,2 4 6 7 9 10 11
771W84J4qKKCEKqOG8,7,progressive,none,distinct,1 5 6 7 8 9 13
771WC04GgAKACDfHKK,7,plain,none,mixed,1 2 3 7 7 12 17
771WgQK4ffmeCbKK41,7,progressive,none,distinct,1 4 5 6 10 11 12
771W6APKA20ccoyKH9,7,progressive,none,distinct,3 4 5 6 7 10 14
771W266Iyvv8CCCc20,7,plain,none,mixed,3 3 5 5 7 13 13
771WGGHFCMI88BBA4G,7,plain,none,mixed,2 2 4 6 10 10 15
771W88fIsYCKBD478G,7,progressive,none,distinct,1 4 5 7 8 10 14
771W9IKa48Y6FlFHW0,7,plain,none,mixed,3 4 4 4 8 8 18
771W4Q14ESI44s1lO8,7,plain,none,mixed,1 1 4 6 7 10 20
771WKaHO0WGMbPLLLD,7,plain,none,mixed,3 3 5 7 8 9 14
771W1Hg59P9goJSGO0,7,progressive,none,distinct,1 3 5 8 9 10 13
771W98GmYYS89K552Y,7,plain,none,mixed,1 1 5 5 8 10 19
771W9GeCC60AIoC13Z,7,plain,none,mixed,1 1 2 6 8 12 19
771WYOO82QY9fArrGG,7,plain,none,mixed,1 5 5 6 6 12 14
771Wb53OGY2fA84KEE,7,plain,none,mixed,1 3 4 5 5 15 16
771W3pFIKKOWGuniC4,7,progressive,none,distinct,3 4 5 6 9 10 12
771WAAu8C1QO8HMI30,7,plain,none,mixed,1 1 1 4 7 17 18
771W59Asvnf887i8K0,7,progressive,none,distinct,1 4 5 7 9 11 12
771W1lBAo44KYaqc4C,7,progressive,none,distinct,1 3 5 8 9 11 12
771W8CqOR4WS5Jl642,7,distinct,none,distinct,1 2 5 7 9 10 15
771WCammqE48YsL566,7,plain,none,mixed,3 4 5 5 7 9 16
771W3q5DiJKaIYe7bI,7,progressive,none,distinct,1 4 5 6 7 12 14
771WOYb5C22QY2co0K,7,plain,none,mixed,1 1 2 3 10 15 17
771WW8HjgqeOngJUSG,7,plain,none,mixed,2 4 4 7 10 11 11
771W0GLOi8CYaOLQQA,7,plain,none,mixed,1 2 7 8 9 9 13
771WAQKOCK9gg7SH10,7,plain,none,mixed,4 4 5 5 6 7 18
771W8C4CY8eLMMeaYY,7,plain,none,mixed,1 4 6 6 8 11 13
771Woqaf9p06PAAg92,7,progressive,none,distinct,2 4 6 7 8 10 12
771WimeIIU1H9vY189,7,plain,none,mixed,1 1 2 5 7 13 20
771WKDJFiHc43w8J7Y,7,progressive,none,distinct,1 3 4 7 9 12 13
771WG8ZKAK21PsKVEM,7,progressive,none,distinct,2 4 5 6 9 10 13
771W1ajZeqq0fgsym4,7,progressive,none,distinct,1 4 5 6 8 12 13
771W161sAEcKPLKgqC,7,progressive,none,distinct,2 4 6 7 8 10 12
771WSIJA662KKi4X8G,7,progressive,none,distinct,1 4 5 6 9 11 13
771WOUkANG09H4iIaY,7,plain,none,mixed,2 4 5 5 7 11 15
771W8855vyI415LBAG,7,progressive,none,distinct,2 3 4 6 8 10 16
771WncJJ58WK5noaeI,7,plain,none,mixed,2 3 4 4 8 13 15
771WGGmnrTE2G56238,7,plain,none,mixed,2 3 3 5 7 8 21
771W4dR66YZYIAQGX8,7,progressive,none,distinct,1 2 6 8 9 11 12
771W42QOKKmHGIEfHH,7,distinct,none,distinct,1 4 5 7 9 11 12
771WkyyvfZ745X3g80,7,progressive,none,distinct,1 4 5 6 10 11 12
771W88EIc42QSO8N44,7,plain,none,mixed,1 3 3 6 7 13 16
771WQGHhkQO828Xd8K,7,plain,none,mixed,1 2 2 6 9 12 17
771WBJ8UZYm14vLPK2,7,progressive,none,distinct,1 2 5 8 10 11 12
771WPPeOGGCH9O544K,7,plain,none,mixed,1 2 2 6 7 14 17
771Waa87KI4SifvB48,7,progressive,none,distinct,2 3 6 8 9 10 11
771WISSj9888CKae82,7,plain,none,mixed,3 3 4 6 10 10 13
771WC40bqaG947dOOK,7,plain,none,mixed,1 2 3 6 6 13 18
771W2EG4hi4KHPjIMK,7,progressive,none,distinct,1 4 6 7 9 10 12
771W2g6Bg24IaaQBae,7,progressive,none,distinct,2 4 5 8 9 10 11
771W46AH57888CLXhY,7,progressive,none,distinct,1 3 5 6 10 11 13
771W85bGI28QAAh34i,7,plain,none,mixed,1 2 4 8 8 10 16
771Wey8M6408OaiRPP,7,plain,none,mixed,2 3 5 7 7 8 17
771WK9BAxB964Y0Wr8,7,distinct,none,distinct,1 2 5 6 7 12 16
771WI4SofeuOHqee42,7,progressive,none,distinct,1 3 4 7 8 11 15
771W1IcH15IphMMDj4,7,progressive,none,distinct,2 4 6 7 9 10 11
771W8GYKKrWIPgA9HI,7,progressive,none,distinct,2 4 5 6 9 10 13
771WKHNH88e01LGuma,7,plain,none,mixed,1 2 3 3 6 15 19
771WCBRflq029JfCYY,7,progressive,none,distinct,1 4 6 7 9 10 12
771W4aK9C9WXH9DBB6,7,progressive,none,distinct,1 4 6 7 9 10 12
771W88ykAb95QIJC20,7,plain,none,mixed,1 1 6 7 8 9 17
771WCyh4g8aBaKBU8G,7,distinct,none,distinct,1 4 6 7 8 10 13
771W44nIA8Gayro2CK,7,distinct,none,distinct,1 3 4 7 8 11 15
771WIIOab252CCKRBC,7,progressive,none,distinct,2 4 5 7 8 11 12
771WOe8rbmBObBA238,7,plain,none,mixed,1 3 6 6 7 10 16
771WKOekcgb1K4h832,7,progressive,none,distinct,1 3 6 7 8 9 15
771W8HMqqek4AmI9GW,7,distinct,none,distinct,1 2 3 8 9 10 16
771WWiJoorb8GLbMGA,7,progressive,none,distinct,2 4 5 7 9 10 12
771W48CAKHW016k-on,7,plain,none,mixed,2 2 3 5 9 10 18
771WWPRRZ6X3bXLM3W,7,progressive,none,distinct,1 4 6 7 8 11 12
771WKQh5IG8CKZAcCO,7,progressive,none,distinct,1 5 6 7 8 10 12
771WeIAGmHG4cQggA9,7,plain,none,mixed,1 5 7 8 8 9 11
771W58Ae132A66ggnM,7,progressive,none,distinct,1 2 3 7 10 12 14
771W8274GSW674duG8,7,plain,none,mixed,1 1 2 3 7 16 19
771WKCOMOQG88yP5AA,7,progressive,none,distinct,1 3 7 8 9 10 11
771WRw6IY60YMEU52Y,7,progressive,none,distinct,1 3 5 8 9 10 13
771WfPaaiY4Hs6KJG0,7,plain,none,mixed,2 3 4 6 9 9 16
771WG45NdaC45feOQ2,7,plain,none,mixed,2 2 5 8 9 11 12
771WW4ELR943ZfsND8,7,progressive,none,distinct,2 3 6 7 8 11 12
771WOKOJOOK11IzC84,7,plain,none,mixed,2 3 3 5 12 12 12
771WkQQfPLIGy8Y190,7,progressive,none,distinct,1 3 4 8 9 11 13
771WaOfKwg29y6fD8G,7,plain,none,mixed,1 4 4 8 10 10 12
771W8B74Ck59BBSAX8,7,progressive,none,distinct,2 3 6 8 9 10 11
771W46qA6AE8GONSWW,7,plain,none,mixed,1 4 4 4 9 13 14
771WB732YaCKHHmI2A,7,plain,none,mixed,3 3 5 6 7 7 18
771WZn9KO82IIybf88,7,progressive,none,distinct,2 3 5 7 9 10 13
771W14aec6MI89Daa4,7,plain,none,mixed,2 3 3 6 11 11 13
771W6ADAeaK610o8KS,7,plain,none,mixed,1 1 3 4 7 13 20
771W59rDA8GG8Pq8EY,7,progressive,none,distinct,1 3 5 7 8 12 13
771W956KsMKAC0WEH1,7,distinct,none,distinct,1 3 4 5 6 11 19
771WMYOHeE8YKimJ0C,7,plain,none,mixed,1 1 2 6 8 8 23
771WXHS2G5o4bEMFAP,7,progressive,none,distinct,1 2 4 8 10 11 13
771WGKBCC3422oYRAP,7,plain,none,mixed,1 4 6 7 9 9 13
771W0KcRNBYWvZkK85,7,progressive,none,distinct,2 3 5 7 8 11 13
771W25cFFIGmehf3uI,7,progressive,none,distinct,3 4 5 7 9 10 11
771WAHgoosY0Iv9Bm0,7,plain,none,mixed,1 4 5 8 8 10 13
771WLb9724aHW0O6A6,7,plain,none,mixed,1 3 3 4 6 8 24
771W44JeCDB84SKNEK,7,progressive,none,distinct,3 4 5 7 8 10 12
771W48e9Iw9I9Eb558,7,plain,none,mixed,3 5 5 6 7 9 14
771WfcAIHXXG2CqKeC,7,plain,none,mixed,2 3 4 5 5 14 16
771W854MOeSA92buq4,7,distinct,none,distinct,1 2 3 7 10 12 14
771WeGJ22SS9f2WYqi,7,plain,none,mixed,2 2 3 4 5 8 25
771WgM7e8GH4eQuW8H,7,distinct,none,distinct,1 2 4 5 8 9 20
771WHHEEgQI24M5PG0,7,progressive,none,distinct,1 4 5 6 10 11 12
771WHJRHY2224yaaC4,7,plain,none,mixed,1 4 6 6 9 9 14
771WAmno1354WaabEK,7,plain,none,mixed,2 3 3 3 6 14 18
771W5aOGUbOWJALKIn,7,plain,none,mixed,1 5 5 7 8 10 13
771W18uPsMI8MHbaa8,7,progressive,none,distinct,1 5 6 7 8 10 12
771W89aA9B0fnnwgbI,7,progressive,none,distinct,3 4 5 6 9 10 12
771W9OQNEaaWY6QI4e,7,progressive,none,distinct,1 4 6 8 9 10 11
771WIKcnH52GSggn90,7,progressive,none,distinct,1 3 4 5 11 12 13
771W8IHqSDAA6i89uZ,7,progressive,none,distinct,1 3 6 7 8 11 13
771W04KCCaAHIQLZYY,7,progressive,none,distinct,2 3 5 7 9 11 12
771WACEaOueA41Cu88,7,distinct,none,distinct,1 2 4 6 7 14 15
771WOSaaaO2Ww9x544,7,progressive,none,distinct,1 2 5 7 9 12 13
771WomgQE884COKIaa,7,plain,none,mixed,2 4 5 5 10 11 12
771W823Uf2I358gcKE,7,distinct,none,distinct,1 2 3 7 8 11 17
771WACA6F94SSSDo41,7,progressive,none,distinct,3 4 6 7 8 10 11
771WW44aKKfeD89ZZY,7,progressive,none,distinct,1 3 4 6 9 12 14
771W8nygAMKXDcIOHX,7,progressive,none,distinct,2 4 5 8 9 10 11
771WXLbwSg62rBCde0,7,progressive,none,distinct,1 2 6 8 9 11 12
771WW2AP5D9b59MHfW,7,plain,none,mixed,1 3 4 8 8 9 16
771WLCoH2G0H9sMsk2,7,progressive,none,distinct,2 3 6 7 9 10 12
771WaZD9NK21HKCzEW,7,progressive,none,distinct,1 3 6 8 9 10 12
771W8mcDAXGeBwKCQL,7,progressive,none,distinct,2 3 5 8 9 10 12
771W48Wfb442OOqLLR,7,progressive,none,distinct,2 3 5 7 9 10 13
771W35y92w0AHALzTH,7,progressive,none,distinct,2 3 4 8 9 11 12
771WG46Hn6E37hgGA8,7,progressive,none,distinct,1 3 5 6 10 11 13
771W4aQwfO1YQLHH52,7,progressive,none,distinct,2 4 5 7 8 11 12
771WG25X2Y8EBhgwDH,7,progressive,none,distinct,1 4 6 8 9 10 11
771WZZle4I05HIMA9H,7,plain,none,mixed,2 3 4 9 10 10 11
771WC4iIIKGeunPA22,7,plain,none,mixed,1 3 6 8 8 10 13
771WbCMUQs62XoAamG,7,progressive,none,distinct,2 5 6 7 8 10 11
771WGCuB8a0gv9hPLP,7,progressive,none,distinct,1 2 6 8 9 10 13
771W8S68O98ggSYAIJ,7,plain,none,mixed,1 4 5 7 7 8 17
771WLKefAG05LMGWcA,7,plain,none,mixed,2 3 4 4 5 6 25
771W23liqGeG37M8W8,7,plain,none,mixed,2 2 2 4 6 16 17
771WLUQ-HW05AWKCa2,7,distinct,none,distinct,1 3 4 6 7 8 20
771WWDJqiYY0eqoUCa,7,progressive,none,distinct,1 5 6 7 9 10 11
771WNRQeS4X497b1P8,7,distinct,none,distinct,1 2 4 5 7 14 16
771WXXWMN680OQRLSA,7,progressive,none,distinct,2 3 4 7 9 10 14
771WLPg44e5BGGh8G1,7,plain,none,mixed,1 1 3 5 7 16 16
771WEGeMOOJO0uDb89,7,plain,none,mixed,1 1 1 7 11 13 15
771W8984QXn643TLJm,7,distinct,none,distinct,1 2 4 7 10 11 14
771WLYZRQH1HfA0Wo4,7,plain,none,mixed,2 2 3 5 6 7 24
771W06AYQ68AECJZXX,7,progressive,none,distinct,1 3 4 8 9 10 14
771W60GKtKIKI99a35,7,plain,none,mixed,1 2 5 5 6 8 22
771W1B5vyiIGRPfrK0,7,progressive,none,distinct,2 3 4 7 10 11 12
771WXaG8YAGYKTNdX1,7,distinct,none,distinct,1 2 5 7 8 9 17
771W4471guq4463gqm,7,plain,none,mixed,3 3 3 4 4 11 21
771WD99abO01B9IwwC,7,progressive,none,distinct,2 3 4 5 10 12 13
771Wmpbunme0ePSKaA,7,progressive,none,distinct,1 4 5 7 8 10 14
771W6DCKcI2Xdgg4WG,7,progressive,none,distinct,2 3 4 5 9 11 15
771WWgAp4W8MhlcWKO,7,distinct,none,distinct,2 3 4 5 6 8 21
771WMDDDM6M22b5W4W,7,distinct,none,distinct,1 2 5 8 9 11 13
771WmbiKC4o09ionmG,7,plain,none,mixed,1 2 4 6 6 14 16
771W861GOCC88EgOum,7,plain,none,mixed,1 2 2 5 10 13 16
771W4eYmAG8YkdqKAA,7,progressive,none,distinct,1 4 5 6 9 11 13
771WCKKqtze83W2354,7,progressive,none,distinct,1 3 4 7 9 12 13
771W86uBC9I0O1pr96,7,plain,none,mixed,1 1 3 3 7 14 20
771W88y2oaCELBAIOO,7,progressive,none,distinct,1 4 5 8 9 10 12
771WiqKICCHK4rID10,7,distinct,none,distinct,2 3 5 6 7 8 18
771WJKMK8mG6560qCi,7,plain,none,mixed,1 3 4 4 6 8 23
771W4I8c4K8NRfvu44,7,plain,none,mixed,2 3 6 7 9 11 11
771WLDENLbm02f95PG,7,progressive,none,distinct,2 4 5 6 8 10 14
771WcYIoTX11-oqI60,7,progressive,none,distinct,1 3 5 8 9 11 12
771WkkMUB80L5P40Ya,7,plain,none,mixed,2 2 5 7 7 8 18
771WMA8Gag815j6YHH,7,distinct,none,distinct,1 3 4 5 6 12 18
771WAaiahbX0ggMd50,7,distinct,none,distinct,2 3 6 7 8 9 14
771W2HjAKd09Iqezx1,7,plain,none,mixed,1 2 5 8 8 11 14
771W0X8CAw9InpeabK,7,progressive,none,distinct,1 4 5 8 9 10 12
771W4eEICSCYIVmCGG,7,progressive,none,distinct,1 5 6 7 8 9 13
771WDYYWHe8HcYY2gC,7,plain,none,mixed,1 4 5 5 5 9 20
771WKauea416iKK554,7,progressive,none,distinct,1 3 5 6 7 13 14
771W262e9H6eadjSbY,7,progressive,none,distinct,2 3 6 8 9 10 11
771W455910Y455DjiY,7,plain,none,mixed,3 3 4 4 4 15 16
771W123ECaXA88A9rC,7,plain,none,mixed,2 2 3 4 8 14 16
771WGGGQgn345IQQRO,7,progressive,none,distinct,1 4 6 8 9 10 11
771W6bKKKX1ZI44IoW,7,progressive,none,distinct,1 2 3 7 11 12 13
771WAvofALJ6gOIHkG,7,progressive,none,distinct,2 3 4 7 10 11 12
771WAgby694GaeNCQH,7,plain,none,mixed,4 4 6 7 7 7 14
771WCSOfv42YgaQ982,7,progressive,none,distinct,2 3 5 6 10 11 12
771W59AgUQMC40Z4I2,7,plain,none,mixed,1 4 4 6 8 10 16
771W8OOqM52B7X9674,7,progressive,none,distinct,1 3 5 7 8 10 15
771W15Y2AJ9H9BCyZG,7,distinct,none,distinct,1 2 3 8 10 11 14
771WKSgfemG5GYOO84,7,plain,none,mixed,2 2 3 6 9 10 17
771W98Wq88e9KSC44a,7,plain,none,mixed,1 1 2 7 9 12 17
771W8bLIPGYWH2cEFZ,7,progressive,none,distinct,2 3 5 8 9 10 12
771W8eqv0m0g7MQAA6,7,progressive,none,distinct,1 2 3 7 11 12 13
771WS4TPA64KKaI9CG,7,plain,none,mixed,1 4 7 8 9 9 11
771WAKNXYIW0Bf9vqa,7,progressive,none,distinct,1 2 5 6 10 12 13
771W26A5yqKC9EKe84,7,progressive,none,distinct,1 4 5 7 9 11 12
771W483bcXo854qQFG,7,distinct,none,distinct,1 3 4 7 8 11 15
771W44R11X3A9HPP9G,7,distinct,none,distinct,1 2 5 6 7 10 18
771WHCimdce0GyDbZ5,7,progressive,none,distinct,2 3 4 6 10 11 13
771WQggiO01Yc248GH,7,distinct,none,distinct,1 2 4 5 7 8 22
771WIa8eD11Oa4QySS,7,plain,none,mixed,3 3 4 5 5 11 18
771W8a9fWIAeMNpJG4,7,plain,none,mixed,2 3 6 6 7 9 16
771WHjbabU42oHYAB5,7,progressive,none,distinct,3 4 6 7 8 10 11
771W8eeGBIAe8F4453,7,plain,none,mixed,2 2 3 7 7 10 18
771WA59f2KbC9As6a1,7,plain,none,mixed,1 1 5 10 10 10 12
771W8qqqbem0aXYAAE,7,plain,none,mixed,1 3 5 9 9 10 12
771W48uDCEY8H9fCEA,7,plain,none,mixed,2 3 4 9 9 11 11
771W48mpwA8AIKX1C8,7,distinct,none,distinct,1 2 3 7 8 9 19
771WiN6MbbaGqe88aH,7,progressive,none,distinct,2 3 6 7 8 11 12
771WYQKKPPS8eaH4KH,7,plain,none,mixed,1 3 4 5 8 14 14
771W213IEsq8A645m8,7,plain,none,mixed,2 2 4 5 7 10 19
771WKG96659GGmf2AH,7,distinct,none,distinct,1 2 4 5 6 13 18
771W4EOKKFD22IeHom,7,distinct,none,distinct,2 3 4 6 7 13 14
771W8I6GIXHehIogSU,7,plain,none,mixed,2 2 6 7 7 11 14
771WYH9hwC48YK9AaC,7,progressive,none,distinct,1 4 5 8 9 10 12
771WAAKND44GGKIS82,7,plain,none,mixed,1 4 5 6 9 9 15
771WAyjs588GaOgYEG,7,plain,none,mixed,2 2 4 5 10 12 14
771W9KacEjjGMc4eY0,7,progressive,none,distinct,3 4 5 6 7 11 13
771WIKaYOG9GKZaCab,7,progressive,none,distinct,1 2 4 9 10 11 12
771WahPf0WOAT5WWGa,7,plain,none,mixed,1 3 3 4 4 8 26
771WAIJifb481fF8GD,7,distinct,none,distinct,1 2 5 7 8 12 14
771WKuEG8HG4qUgIA9,7,progressive,none,distinct,1 3 7 8 9 10 11
771W42nl88KMIB5eK8,7,plain,none,mixed,2 2 5 6 6 13 15
771WagB6EY1XooCYH8,7,progressive,none,distinct,1 2 6 8 9 11 12
771WGCAgo7293dZH8B,7,progressive,none,distinct,1 5 6 7 9 10 11
771W4auecALWIBN254,7,progressive,none,distinct,2 4 5 6 8 9 15
771W0eFDD44IYYIAIK,7,progressive,none,distinct,2 3 5 7 8 11 13
771W2chxfSSmA4GY6G,7,progressive,none,distinct,1 5 6 7 9 10 11
771W1PMACi6IHfQLG0,7,distinct,none,distinct,1 3 4 6 10 11 14
771WW55gQQ8Acbf98W,7,progressive,none,distinct,2 3 5 6 10 11 12
771W05aaiCAIIIKXXH,7,distinct,none,distinct,2 3 4 6 8 12 14
771WCoiQIYG9Zu4yXX,7,progressive,none,distinct,2 3 5 7 8 11 13
771W2AgsCMfG5Efc11,7,progressive,none,distinct,1 4 5 7 8 11 13
771Waf9Gb06I6AgjiI,7,distinct,none,distinct,1 2 4 6 10 11 15
771WI88d65448eeaE9,7,distinct,none,distinct,1 3 4 6 9 11 15
771WYGDDHSY0XLM7cm,7,plain,none,mixed,2 2 5 5 8 13 14
771WabLeF905PHSYaP,7,distinct,none,distinct,1 4 5 6 10 11 12
771W0eDP2b2LcgELMP,7,progressive,none,distinct,1 4 5 7 8 11 13
771WXEPTS84GmYhGmK,7,plain,none,mixed,2 2 3 6 7 13 16
771W8IaNJY21Qaaueg,7,progressive,none,distinct,2 4 5 6 8 11 13
771W48e8WwGSLMf9AA,7,progressive,none,distinct,1 4 5 7 8 11 13
771WHlasfG86edKeK2,7,progressive,none,distinct,1 5 6 7 8 9 13
771W8J1H9DAOOaYXHe,7,plain,none,mixed,2 3 5 5 5 11 18
771W54iPK0WBQK4EEY,7,plain,none,mixed,1 1 3 4 12 13 15
771W1BAJRX7HISYZO2,7,progressive,none,distinct,1 2 6 8 9 10 13
771W22aAAgMAPPHO44,7,progressive,none,distinct,2 3 6 8 9 10 11
771WA559TRq89Cj3X0,7,progressive,none,distinct,1 3 4 8 10 11 12
771WLBMOeee04y8mO8,7,plain,none,mixed,1 3 4 6 6 12 17
771WGOwJAga8Jd89GS,7,distinct,none,distinct,1 2 5 8 10 11 12
771W8eaALfGXQTJF74,7,distinct,none,distinct,2 3 5 7 8 11 13
771WGGE6sIE24LDI88,7,plain,none,mixed,1 3 6 6 8 12 13
771Wvfe8B84A2Y542K,7,distinct,none,distinct,1 2 3 7 10 11 15
771W8jUfIA4aSEX8TX,7,progressive,none,distinct,2 4 6 7 8 9 13
771WaaC41u4Avwh662,7,progressive,none,distinct,3 4 5 6 7 11 13
771W861J7AC88CkPqg,7,progressive,none,distinct,2 3 5 6 7 12 14
771W1AH9aIoCBQcYm4,7,plain,none,mixed,1 4 5 6 6 11 16
771W48ksrc7H82gG74,7,plain,none,mixed,1 4 4 6 9 12 13
771W9Hn9133yai4460,7,distinct,none,distinct,1 2 3 6 7 14 16
771WKXHYIPO0y47dhH,7,plain,none,mixed,3 4 4 5 6 12 15
771W2885aacKIIgf84,7,plain,none,mixed,1 3 6 8 10 10 11
771W02KSSYK8BQIJYY,7,progressive,none,distinct,2 4 5 6 7 11 14
771WKy466C0XHHZA22,7,plain,none,mixed,1 2 3 3 10 13 17
771W47ZLDO4IA73Sa2,7,plain,none,mixed,1 4 6 6 8 9 15
771WfPLLJcK0Z1HNI0,7,progressive,none,distinct,1 2 5 6 10 12 13
771WLIGAYY234CCimG,7,plain,none,mixed,1 2 2 3 10 13 18
771WPPSre4228aEPO4,7,progressive,none,distinct,1 4 6 7 8 11 12
771W225PA8e459EMK8,7,plain,none,mixed,2 2 5 5 8 11 16
771W3VHKedJ45qcPA0,7,progressive,none,distinct,1 2 4 8 9 12 13
771WmJCQAA5CiqXuHW,7,progressive,none,distinct,1 2 6 7 10 11 12
771WaRSKJ88WW2gsIa,7,distinct,none,distinct,1 3 4 8 9 10 14
771WAsng648KWur2O8,7,plain,none,mixed,2 2 4 5 10 11 15
771WZqKH8AH0Gjggf4,7,distinct,none,distinct,1 4 5 6 8 11 14
771W148CmaGKJNRcc6,7,progressive,none,distinct,3 4 6 7 8 10 11
771WKOe25c6PI2gE42,7,distinct,none,distinct,1 2 4 6 7 14 15
771W8SwXTWGGFgaIQK,7,plain,none,mixed,2 3 6 7 7 11 13
771W9qoo-gf0WY6oZ2,7,progressive,none,distinct,1 3 5 8 9 10 13
771WJtnHGm89YXWGG4,7,plain,none,mixed,2 4 4 4 4 7 24
771WqIKKCC4a441uOO,7,progressive,none,distinct,1 3 5 7 10 11 12
771WKH9HcgY8DHAiiC,7,plain,none,mixed,1 5 5 6 7 9 16
771W8eeYc6D2ee9C54,7,plain,none,mixed,1 4 4 5 7 14 14
771W8O47YoIbcKK848,7,progressive,none,distinct,2 3 4 7 10 11 12
771WIHWQQRK0OOPPuB,7,progressive,none,distinct,1 5 6 7 8 9 13
771WCLIYZK41FaaMIa,7,progressive,none,distinct,1 5 6 7 9 10 11
771W5axX8H0YMDRhpD,7,progressive,none,distinct,1 2 7 8 9 10 12
771W226DTO8AAD4IA4,7,plain,none,mixed,2 5 5 5 7 10 15
771W08fCCA4KCCXhhp,7,progressive,none,distinct,2 3 4 7 10 11 12
771WCCa2528QQQBD64,7,progressive,none,distinct,1 5 6 7 9 10 11
771W4KMQr45aY8CIMH,7,progressive,none,distinct,1 5 6 7 8 10 12
771W19ino32I68emrA,7,plain,none,mixed,1 3 3 4 4 12 22
771WW-sYT9A0aQigdW,7,progressive,none,distinct,2 3 6 7 9 10 12
771WKH51fY854KJxwW,7,plain,none,mixed,2 2 3 6 9 10 17
771Wa4beaHXaNKSAAG,7,progressive,none,distinct,1 4 5 8 9 10 12
771WEA8me4Y92EAfOO,7,plain,none,mixed,1 1 4 7 10 12 14
771W48OsrM1B5Ge5F8,7,plain,none,mixed,2 3 3 6 10 12 13
771WG8AblZ21CiIU49,7,plain,none,mixed,1 3 4 6 11 11 13
771WGAcKTemGBbIAYa,7,progressive,none,distinct,1 3 7 8 9 10 11
771W14kEc-APDEGXmG,7,progressive,none,distinct,1 4 5 8 9 10 12
771WWaK4MO9aK9AcWX,7,plain,none,mixed,1 1 1 7 10 11 18
771WOOVnAAAea48OKG,7,distinct,none,distinct,1 2 5 8 9 10 14
771W0CSBggQKH9i484,7,distinct,none,distinct,1 2 4 6 7 9 20
771WHK262C2IIIJ_W0,7,plain,none,mixed,1 1 4 6 8 14 15
771W226M99gQRNK850,7,distinct,none,distinct,2 4 5 6 9 11 12
771W648i45Y855P9eh,7,distinct,none,distinct,1 2 4 8 10 11 13
771WKuAPQG8OePoIC4,7,plain,none,mixed,3 3 4 7 9 10 13
771WQgaheeOGb4OO48,7,plain,none,mixed,3 4 5 6 8 8 15
771WIPPgg2WeZBbbeG,7,plain,none,mixed,2 3 5 8 8 10 13
771WWYYwhhJ0bfaa24,7,progressive,none,distinct,2 3 5 7 8 11 13
771WEFCkooA18D48Oe,7,progressive,none,distinct,3 4 6 7 8 9 12
771WWXw4aKI4QH9BIY,7,plain,none,mixed,1 3 5 5 9 13 13
771WCgbdRffY42MgI0,7,progressive,none,distinct,2 3 6 7 9 10 12
771W04CqJII8C9HbYa,7,progressive,none,distinct,1 3 5 7 9 10 14
771W02AghNe4B8JHYb,7,plain,none,mixed,2 4 5 7 7 8 16
771WKewY2D06oQfAIH,7,progressive,none,distinct,1 4 5 7 9 11 12
771WXXuaO666ISMQO8,7,progressive,none,distinct,1 2 4 9 10 11 12
771WOeqH8oK9o6KDEA,7,progressive,none,distinct,3 4 5 7 9 10 11
771W4BYC3ICFNLeDYK,7,progressive,none,distinct,2 3 6 7 8 10 13
771WqE9NI22Y2eOaO4,7,plain,none,mixed,1 3 5 7 7 11 15
771W15IIv92IMKLbn4,7,progressive,none,distinct,1 4 5 8 9 10 12
771W4Gcgbb31McgLKK,7,progressive,none,distinct,3 4 5 6 8 10 13
771WJKaQeXX0S4AgEi,7,progressive,none,distinct,1 2 7 8 9 10 12
771W44OH5rp64IQDC8,7,plain,none,mixed,2 4 5 5 10 11 12
771WMwUTheWm51o6C2,7,progressive,none,distinct,1 4 6 8 9 10 11
771W84agSb5nsoOkYW,7,progressive,none,distinct,3 4 5 6 8 10 13
771W6K9Da48YaKLuO4,7,progressive,none,distinct,1 4 6 7 9 10 12
771WHHsUMG4O87BIG0,7,plain,none,mixed,1 3 3 5 10 11 16
771WGIL0GJW55OO8xe,7,plain,none,mixed,1 1 2 3 4 10 28
771W19ETHCWWXh7JR9,7,progressive,none,distinct,1 4 5 6 8 11 14
771W8dXYqn21nqKc_C,7,progressive,none,distinct,1 2 6 8 9 11 12
771WGrphddF2ffamW0,7,progressive,none,distinct,2 4 6 7 9 10 11
771WmfgW29X6ddCCIY,7,plain,none,mixed,1 2 4 4 10 13 15
771WAaYYTT0XzvSv51,7,progressive,none,distinct,3 4 5 7 9 10 11
771W4fD9fiSWLLmAAW,7,progressive,none,distinct,1 4 6 8 9 10 11
771Wga454DI0GHof87,7,plain,none,mixed,1 2 4 5 9 9 19
771WPPT28qm46EMD91,7,plain,none,mixed,2 3 5 7 8 12 12
771W4e2e88CQcczS44,7,progressive,none,distinct,1 4 5 6 9 11 13
771W1aiCDJYW9AIYY5,7,plain,none,mixed,2 3 3 7 11 11 12
771WGRNqI146AqKDZ8,7,progressive,none,distinct,1 3 4 7 10 11 13
771WmgUAOE2CSYngCC,7,distinct,none,distinct,2 3 4 8 9 11 12
771W1nYE-AGCobgen1,7,progressive,none,distinct,1 2 7 8 9 10 12
771W9AaaK024KIIIZZ,7,plain,none,mixed,1 2 5 8 8 11 14
771W1aYMEeoWAFBvY2,7,plain,none,mixed,3 3 3 8 9 10 13
771W1aa9PvLY9C9ee2,7,progressive,none,distinct,2 3 4 8 9 11 12
771W55BQQG8889QAQ2,7,plain,none,mixed,1 4 6 7 9 11 11
771WaaA9JJ80GLKKD9,7,distinct,none,distinct,2 3 5 6 8 10 15
771W8C964I8223Qkfn,7,plain,none,mixed,1 5 5 6 7 8 17
771W98kE8qG9IJ7G4a,7,distinct,none,distinct,1 2 3 7 9 13 14
771WOOGOIA4aaM99CC,7,plain,none,mixed,2 2 6 7 9 9 14
771WIITILXW02AISS3,7,progressive,none,distinct,1 2 6 7 8 12 13
771W9CKSr98KIKAaaX,7,progressive,none,distinct,1 5 6 7 9 10 11
771WCaaaY20YAAgMHH,7,progressive,none,distinct,1 4 6 7 9 10 12
771W8t44oHWeViiKYH,7,progressive,none,distinct,1 4 6 7 8 10 13
771WKggrLC8GiAXe82,7,plain,none,mixed,1 3 6 9 9 10 11
771WGC5DKI1nnMwIH4,7,progressive,none,distinct,1 2 3 9 10 11 13
771WmGJQe462a864HP,7,plain,none,mixed,1 1 2 8 11 11 15
771WEEcKIY21QKK8KK,7,distinct,none,distinct,2 3 4 5 6 12 17
771WGIIMkPm2563BXY,7,progressive,none,distinct,1 2 5 7 9 11 14
771W89B99X0322IIQX,7,plain,none,mixed,1 1 5 7 8 12 15
771W2gIqp952ucNU42,7,progressive,none,distinct,2 3 6 7 9 10 12
771WggSillf2O01H44,7,progressive,none,distinct,2 3 5 6 8 12 13
771Wo67A9P41X29XDI,7,plain,none,mixed,1 4 4 5 5 10 20
771WG8BaqK6RLm88H9,7,plain,none,mixed,2 2 3 5 11 12 14
771W54F8sqK146ICIg,7,plain,none,mixed,1 4 4 7 7 10 16
771WAIADA62IIo8795,7,distinct,none,distinct,1 2 5 7 9 12 13
771WCIUHuOm34fKiC4,7,progressive,none,distinct,1 4 6 7 8 10 13
771WiiaqKhG4RQ9312,7,plain,none,mixed,4 4 5 6 6 8 16
771W4WiIoHXCtum822,7,plain,none,mixed,1 2 4 4 6 16 16
771W66MAf52ACKQXLG,7,progressive,none,distinct,1 4 6 8 9 10 11
771W84bNlv8LA5Z93G,7,progressive,none,distinct,2 4 5 6 8 11 13
771WGVIMMKW01HXQgQ,7,progressive,none,distinct,2 3 4 8 9 10 13
771Wncf55HW8fAQYo1,7,progressive,none,distinct,1 3 7 8 9 10 11
771WAAX9780EMMDBzZ,7,progressive,none,distinct,2 4 5 7 9 10 12
771W22cIPQaG9C9HEA,7,plain,none,mixed,3 5 5 6 8 9 13
771WafvVMca0Q0a98a,7,plain,none,mixed,1 3 3 8 9 10 15
771WOgMLgN0aoL7HjY,7,progressive,none,distinct,2 3 6 8 9 10 11
771WBb9LIKCPfbyY40,7,distinct,none,distinct,2 3 4 6 8 12 14
771W8B0GIPHeeXIIcL,7,plain,none,mixed,1 3 3 7 7 8 20
771W1HuOeKKes2IHHH,7,plain,none,mixed,2 3 3 4 8 14 15
771WWYtLIYS2BLK9am,7,progressive,none,distinct,1 3 4 7 9 12 13
771WK4asMI4cwHH388,7,progressive,none,distinct,2 3 6 8 9 10 11
771WYZrbaaKW9GGOe4,7,progressive,none,progressive,1 3 5 7 9 11 13
771W4Y3Au41aIKQvDL,7,progressive,none,distinct,1 3 6 8 9 10 12
771WogAz5224Sq8A0A,7,plain,none,mixed,1 2 3 7 7 14 15
771WWHwAAg6Av9HGGW,7,plain,none,mixed,1 4 5 8 9 11 11
771W9AsgqeaGEMBKW0,7,plain,none,mixed,1 5 5 5 7 9 17
771WKMsCVGGG8C2oCA,7,progressive,none,distinct,1 5 6 7 8 10 12
771W9XG4ADZWH9kdYG,7,plain,none,mixed,2 2 3 3 5 14 20
771WAABabC24AA93gq,7,progressive,none,distinct,2 3 6 7 9 10 12
771WqiK2a4GCQxBD11,7,plain,none,mixed,3 4 5 5 7 8 17
771W88OfCI5D9I2758,7,plain,none,mixed,1 2 7 7 8 8 16
771WAbrcba4HemGeaA,7,plain,none,mixed,4 4 4 6 7 9 15
771WMIAE5e813pc842,7,plain,none,mixed,2 2 3 7 9 11 15
771W229IPKq98CIIU4,7,plain,none,mixed,1 5 7 7 7 9 13
771WmGCIaKaa7P9SGG,7,plain,none,mixed,1 3 4 8 8 11 14
771WR3GKKY3HIe86K5,7,plain,none,mixed,1 1 2 6 7 13 19
771WQxzTTQ6Ge13G2W,7,progressive,none,distinct,2 3 6 7 8 11 12
771W8mmn3b6bEc6438,7,plain,none,mixed,1 3 5 5 7 9 19
771WK8wBBEGmeHY1QO,7,plain,none,mixed,2 2 2 6 10 13 14
771WE5HPa2224Oq6cI,7,distinct,none,distinct,1 3 4 5 10 12 14
771W4GPo44AC0yb7AI,7,plain,none,mixed,1 1 2 5 6 14 20
771W44bBOHIG8CAQNH,7,progressive,none,distinct,2 3 6 8 9 10 11
771WH9Cicc085bHJM6,7,progressive,none,distinct,1 2 7 8 9 10 12
771W24aqpru0GOPcab,7,plain,none,mixed,2 2 7 7 8 9 14
771WY5la1026oogUdD,7,progressive,none,distinct,1 2 4 8 10 11 13
771Wbkdf118Gqq99n2,7,plain,none,mixed,2 2 4 5 6 9 21
771Wf9PYahOe9GBDA1,7,plain,none,mixed,1 5 5 7 9 11 11
771WW8uaGfWIkofbbc,7,progressive,none,distinct,2 4 5 6 9 11 12
771WG88A2W156cggcd,7,progressive,none,distinct,1 2 5 8 10 11 12
771W9KCEXI846t2kd5,7,progressive,none,distinct,1 3 6 7 9 11 12
771W24Ao7KC6ADKp35,7,progressive,none,distinct,3 4 5 6 8 10 13
771WIKiIMJZ0PCKg46,7,progressive,none,distinct,2 4 5 7 9 10 12
771WWXWHODK2QTQQQb,7,progressive,none,distinct,3 5 6 7 8 9 11
771WgGKiKe89kAcmGG,7,plain,none,mixed,2 4 4 5 5 12 17
771W5ZHUYw2XK78aOG,7,distinct,none,distinct,1 2 3 7 9 13 14
771WWDDMSC2YYiXbeG,7,progressive,none,distinct,1 5 6 7 9 10 11
771WAAMAO08CCQ9P55,7,plain,none,mixed,1 4 4 6 8 8 18
771W264PHHO886BpJO,7,progressive,none,distinct,1 4 5 7 8 10 14
771WGPQK44AKKe99GW,7,plain,none,mixed,2 2 4 4 10 13 14
771WWHKC544eeGSIIa,7,plain,none,mixed,1 1 4 7 9 10 17
771WEX6ACiXYHHuDnG,7,progressive,none,distinct,1 2 3 9 10 11 13
771W02b45x4gnonhQD,7,progressive,none,distinct,2 4 5 6 8 10 14
771WGCv4434G8meVTM,7,plain,none,mixed,4 4 4 4 6 8 19
771W5bgI980qCCP9L3,7,progressive,none,distinct,1 3 6 7 9 10 13
771W1CC6tOQaYaFfY4,7,progressive,none,distinct,2 4 5 8 9 10 11
771W9IYSwgA1UaAEW0,7,progressive,none,distinct,1 3 4 6 10 11 14
771WGWKuHiA8t7ELKI,7,progressive,none,distinct,2 3 6 7 8 9 14
771WKKIaSaa4AMKOGG,7,plain,none,mixed,1 4 6 7 7 10 14
771WSOORF8G441qIQI,7,distinct,none,distinct,1 2 7 8 9 10 12
771W0IYABSeXvgXYKI,7,progressive,none,distinct,1 3 5 8 9 11 12
771WKOuyOH84K9cAA9,7,progressive,none,distinct,2 4 6 7 8 10 12
771W2XkABfOY98H9t4,7,progressive,none,distinct,1 3 6 7 8 11 13
771WYgA5bK4TBAYe82,7,progressive,none,distinct,2 3 6 8 9 10 11
771WajRQT8G0G3YsYE,7,progressive,none,distinct,1 5 6 7 8 9 13
771W8GcYISY8LY3RGG,7,plain,none,mixed,1 1 5 6 6 11 19
771WK4huKYY4IyyAG8,7,progressive,none,distinct,1 2 7 8 9 10 12
771WTH34M12KKIoS39,7,plain,none,mixed,1 2 3 4 11 14 14
771W2Y9KMQQeOGACOO,7,progressive,none,distinct,1 4 5 8 9 10 12
771WGGoNA44U6AE2OK,7,distinct,none,distinct,1 3 5 7 8 9 16
771W66Ag180QUUL553,7,progressive,none,distinct,2 3 6 8 9 10 11
771WGmkBqK1gCT9L58,7,progressive,none,distinct,2 4 5 7 8 9 14
771W55IogoH95MK4H0,7,plain,none,mixed,2 3 3 9 10 11 11
771Wmee8EDGG8f5247,7,plain,none,mixed,1 2 2 5 9 12 18
771WFFBEYX0255L93A,7,progressive,none,distinct,2 3 5 7 9 10 13
771WAAH146488OOUDL,7,plain,none,mixed,2 4 4 5 8 8 18
771W5bbOAK5W87BAC5,7,progressive,none,distinct,1 2 6 7 9 11 13
771W6HQ6DaYEEcwHq2,7,plain,none,mixed,2 3 7 8 8 10 11
771WO8H8WdK8DyGIHB,7,plain,none,mixed,1 1 4 7 7 9 20
771WKKoZL44OCAAS82,7,progressive,none,distinct,1 5 6 7 9 10 11
771WauLaKcfOEWnIH8,7,distinct,none,distinct,2 4 5 6 8 11 13
771WWkY-B840KOfqgi,7,progressive,none,distinct,1 3 4 7 8 11 15
771W2gBAK4GaKJda4S,7,plain,none,mixed,1 6 7 7 8 9 11
771WGGYnjMM2QEC8QG,7,plain,none,mixed,3 4 5 7 8 8 14
771W4euGOv0Afsf99A,7,progressive,none,distinct,1 3 5 6 10 11 13
771W2PfKCAmenTYgf1,7,distinct,none,distinct,1 3 6 7 9 11 12
771WKCDDNJe23d2KH1,7,progressive,none,distinct,2 3 6 7 8 10 13
771WWXgAQS4CKLHIGW,7,progressive,none,distinct,2 3 5 7 8 11 13
771WsYMG1244KqqDEA,7,plain,none,mixed,2 5 6 6 7 8 15
771W9fAPs-6jOH61S0,7,progressive,none,distinct,1 2 5 8 9 11 13
771W5M52w22KIcYgm8,7,plain,none,mixed,1 2 4 6 11 11 14
771W885KKqAA97M98G,7,plain,none,mixed,2 4 4 5 10 12 12
771WKebbogI2Z7q8CG,7,progressive,none,distinct,2 3 6 8 9 10 11
771WKQw881mMF6gAYX,7,progressive,none,distinct,1 3 5 7 8 12 13
771W9mhvwr8W1uFCMn,7,progressive,none,distinct,1 4 5 8 9 10 12
771W2SKg544ieeKi42,7,progressive,none,distinct,1 4 5 6 8 11 14
771WHnBSS44IYO68O0,7,plain,none,mixed,1 1 3 8 10 11 15
771WOeewNKe5X8DA24,7,progressive,none,distinct,1 3 5 7 8 10 15
771W99MMCiq8AN1KG0,7,plain,none,mixed,2 2 3 7 8 12 15
771W5584OcWPQSU12I,7,progressive,none,distinct,1 2 3 7 8 12 16
771WA-Gm58WKfTkSCA,7,progressive,none,distinct,3 4 5 6 9 10 12
771W812asnfYif8AMa,7,plain,none,mixed,2 3 4 4 7 12 17
771WBiqkPYA0dx8aEe,7,progressive,none,distinct,1 5 6 7 8 10 12
771WXPMsA48CeaJ6GW,7,plain,none,mixed,1 1 5 7 10 11 14
771W7csq2iW4conEY2,7,progressive,none,distinct,1 3 5 7 10 11 12
771WAHXUKIKGOWC7fX,7,plain,none,mixed,1 2 3 5 9 9 20
771W89HH41588KaddC,7,distinct,none,distinct,1 2 5 6 8 11 16
771WA2AAfWGcbaII62,7,plain,none,mixed,1 3 3 7 9 13 13
771WYKcMK5Y2x55u56,7,progressive,none,distinct,1 3 7 8 9 10 11
771WeJFNMHX0XQYoMW,7,progressive,none,distinct,2 3 5 7 9 10 13
771W859gCA4OSSnNOW,7,progressive,none,distinct,2 3 6 7 8 11 12
771W01_35Y29IQAMIa,7,distinct,none,distinct,1 3 4 5 9 12 15
771WPQgsKIm5G886f9,7,progressive,none,distinct,1 5 6 7 8 10 12
771W84EayO8QGLgemm,7,plain,none,mixed,2 2 4 4 8 13 16
771WCQE61m8PQfma42,7,plain,none,mixed,1 4 4 4 5 10 21
771W4ayS424gIM6322,7,plain,none,mixed,2 2 5 7 9 9 15
771WIIbLfCCGEIKQQG,7,progressive,none,distinct,2 4 6 7 9 10 11
771W1ZHGe9IcGLIIZA,7,plain,none,mixed,1 3 3 6 10 12 14
771Wa446u88Y464C44,7,plain,none,mixed,1 1 1 7 11 12 16
771WH9CCI3244cIMHY,7,progressive,none,distinct,1 3 5 7 10 11 12
771W5kfF142GeeKBt9,7,plain,none,mixed,2 4 4 5 6 8 20
771W388OOLW983pnHo,7,plain,none,mixed,1 1 2 5 13 13 14
771WiiiGEIGW8EA455,7,distinct,none,distinct,1 3 4 6 9 11 15
771WWGHZZsQ8XABAAG,7,plain,none,mixed,2 3 3 5 7 14 15
771WaBOc441b9Hf5v8,7,plain,none,mixed,1 1 6 9 9 11 12
771WCCKD2CW55T6BD9,7,progressive,none,distinct,1 5 6 7 9 10 11
771WIACQ48a89bATDD,7,progressive,none,distinct,2 3 6 7 9 10 12
771W0eiqSe2fciJ322,7,plain,none,mixed,2 4 4 5 6 8 20
771WY5474ieW221bfL,7,plain,none,mixed,1 3 4 4 7 7 23
771W84IAL15AAMwT9C,7,plain,none,mixed,2 3 4 8 9 9 14
771W18IEAqCFCVagmG,7,progressive,none,distinct,1 3 6 7 9 11 12
771W8O2289EmmGLK9A,7,plain,none,mixed,1 2 3 4 10 10 19
771WHXaX8Lc0rMMCDM,7,progressive,none,distinct,2 3 5 7 8 11 13
771W2krA211iKSeGQ2,7,plain,none,mixed,2 2 3 4 8 9 21
771W9KLLbZeWa8fJIX,7,progressive,none,distinct,1 5 6 7 9 10 11
771W6bNNMPKWG8B3r2,7,progressive,none,distinct,2 4 6 7 9 10 11
771W8w64L612o4KFbY,7,plain,none,mixed,1 1 5 7 8 12 15
771WW04ADKq5aciuqo,7,plain,none,mixed,1 5 6 6 6 10 15
771W2AQNK84oooB04C,7,plain,none,mixed,1 3 5 6 7 7 20
771W24aML5jQB98e40,7,progressive,none,distinct,1 2 4 7 10 12 13
771W1YIUgDDYMAA4Y0,7,plain,none,mixed,2 3 6 6 7 11 14
771W4CBLUXGGJSoSI5,7,progressive,none,distinct,1 5 6 7 8 10 12
771W0WchxyiW548IGQ,7,plain,none,mixed,2 2 4 6 7 10 18
771W8B7KKYY039PNia,7,plain,none,mixed,2 4 6 6 7 8 16
771WA24a18ehcc4KKI,7,distinct,none,distinct,1 3 4 5 7 14 15
771WHnoA85Ye19BAN5,7,plain,none,mixed,2 2 6 6 7 11 15
771WOaYZAQO2c5aK59,7,progressive,none,distinct,1 4 5 8 9 10 12
771WHonmQaAb2432rD,7,plain,none,mixed,2 3 4 7 7 8 18
771WPggQyv45f056Y3,7,progressive,none,distinct,1 2 7 8 9 10 12
771WYM22wQG2arnH11,7,plain,none,mixed,2 2 5 5 5 12 18
771WIoJqMKCKe10AKC,7,plain,none,mixed,3 4 5 5 8 8 16
771WGGeM9j5gnTA4C8,7,plain,none,mixed,2 3 5 6 9 9 15
771W87ABAH199Aqa6u,7,plain,none,mixed,1 5 5 8 8 10 12
771W8ILAAO0AAvogIQ,7,plain,none,mixed,1 6 6 7 7 9 13
771Wv9IYJ8G8iNKKI4,7,plain,none,mixed,1 6 7 7 7 8 13
771W544EqmG456A48e,7,plain,none,mixed,1 2 3 4 9 15 15
771W4yqabSY2ngP453,7,progressive,none,distinct,1 2 3 9 10 11 13
771WAeaS980LjfO4aY,7,progressive,none,distinct,2 3 4 5 7 13 15
771WfoZC8AI8Of6AWO,7,plain,none,mixed,1 3 3 5 11 11 15
771WKAAHKGWmn-6aC4,7,plain,none,mixed,2 2 3 8 10 10 14
771W4F9RTCG883nKeY,7,plain,none,mixed,1 4 4 8 9 11 12
771Wbeq1rIGACKqABX,7,distinct,none,distinct,1 3 5 6 10 11 13
771Wf9OKT88a4ISII4,7,progressive,none,distinct,1 4 6 8 9 10 11
771W9BAAKea026JKeO,7,plain,none,mixed,2 3 5 5 6 12 16
771WNighS244a2YNa8,7,plain,none,mixed,1 5 6 8 9 9 11
771W597wVMC483uLC2,7,plain,none,mixed,2 6 6 6 7 8 14
771W13rbLLDGCRQGW0,7,progressive,none,distinct,2 3 5 7 9 11 12
771W9MaH7a0APjDoaA,7,progressive,none,distinct,1 2 6 8 9 11 12
771W0A845LAYYZxmHK,7,plain,none,mixed,2 2 4 5 9 13 14
771WY2gICLGoAFHM21,7,progressive,none,distinct,1 4 6 7 8 11 12
771WKK8BJbZ02KORQG,7,progressive,none,distinct,2 3 4 6 8 12 14
771W7Xv198GCqjqqK2,7,progressive,none,distinct,1 5 6 7 8 10 12
771W89gAw21ICEAAHW,7,progressive,none,distinct,1 4 5 8 9 10 12
771WG3FEEAY01XqoeG,7,plain,none,mixed,2 2 3 6 7 9 20
771WioojTeO07eYeOI,7,progressive,none,distinct,1 4 5 8 9 10 12
771WXHH4KacOwCC980,7,plain,none,mixed,1 2 3 8 8 13 14
771WGQeHMqeAODaZLP,7,progressive,none,distinct,2 5 6 7 8 10 11
771W6IIIfu8CDca442,7,progressive,none,distinct,2 3 6 8 9 10 11
771WG15PTCE88Yiop5,7,progressive,none,distinct,2 3 5 7 8 10 14
771W0GDACOOYYICIUM,7,progressive,none,distinct,2 3 4 7 9 11 13
771WW8FgISSAcaIAG8,7,distinct,none,distinct,2 3 4 8 9 11 12
771WegGE9JH0GAMQji,7,progressive,none,distinct,2 3 5 6 7 12 14
771WEYI42Yf2nfeC98,7,plain,none,mixed,1 2 2 6 8 8 22
771W94IO6A444O_DIo,7,progressive,none,distinct,1 3 5 8 9 11 12
771WasfYIG84CxoYQ2,7,progressive,none,distinct,2 4 6 7 9 10 11
771WeqqM2S4EEXY688,7,progressive,none,distinct,2 3 4 7 10 11 12
771WaaC5914IIIS558,7,plain,none,mixed,1 2 6 6 10 11 13
771W422HnCq43BAeOI,7,plain,none,mixed,1 3 4 5 5 14 17
771WCFgoqX24LRJ7ZG,7,progressive,none,distinct,2 3 6 7 8 11 12
771WZZY1Ica4EAA9CK,7,progressive,none,distinct,2 4 5 6 7 12 13
771W0I8HKZ2XYQIMcj,7,plain,none,mixed,1 3 4 9 10 10 12
771W1r8E122McskQSA,7,progressive,none,distinct,1 3 7 8 9 10 11
771W46IJ6A255LMa59,7,plain,none,mixed,2 5 7 7 8 8 12
771W4DMID11EEIaAMa,7,distinct,none,distinct,2 3 5 6 9 11 13
771WWWZ1626DDDDEKG,7,distinct,none,distinct,1 3 4 7 8 10 16
771W8aiS4244iamBBB,7,plain,none,mixed,2 3 6 6 7 10 15
771W4090mAcBCAPuwo,7,plain,none,mixed,1 3 3 4 7 14 17
771WGKaq3324Oqq452,7,plain,none,mixed,2 2 3 5 6 15 16
771W522gA8H4897dnG,7,plain,none,mixed,2 2 3 4 10 11 17
771W4mGSC40qKeg999,7,distinct,none,distinct,1 2 4 5 9 13 15
771WGGHrg62A6AC74G,7,distinct,none,distinct,1 2 4 7 8 11 16
771WQbZBEiM2f8XKd3,7,progressive,none,distinct,2 3 5 6 7 12 14
771Waef26528eeW7AH,7,plain,none,mixed,1 3 3 4 4 6 28
771WG86c6aSA5aL8II,7,progressive,none,distinct,1 3 6 8 9 10 12
771WXkMmoIAAKPe0iC,7,plain,none,mixed,2 3 5 5 6 6 22
771W96KEAmGNKEa8oI,7,progressive,none,distinct,1 3 5 6 10 11 13
771W4Oa6A44AIYsA66,7,progressive,none,distinct,2 3 6 7 8 11 12
771WOXm7KK4Sq9faeK,7,progressive,none,distinct,1 3 5 8 9 10 13
771WOc5uKGGKeAciSC,7,plain,none,mixed,3 3 3 7 7 13 13
771W952CIhh026eSIG,7,plain,none,mixed,2 2 4 5 8 9 19
771WACAEZO4177Bs24,7,progressive,none,distinct,1 4 5 6 8 10 15
771WSyyIE809XDYC22,7,distinct,none,distinct,1 3 4 6 10 12 13
771W94KwYc4PJ7h90W,7,plain,none,mixed,1 3 3 4 10 10 18
771W245csYO8F89h8G,7,distinct,none,distinct,1 2 5 7 10 11 13
771WW77komG9gie4YA,7,plain,none,mixed,3 3 3 6 9 11 14
771W29NHdp3qncMEm2,7,progressive,none,distinct,1 2 6 8 9 10 13
771W23jBQ6LT52IOb0,7,plain,none,mixed,1 2 4 8 8 10 16
771WQIAaeeG91nC888,7,distinct,none,distinct,1 2 3 6 7 14 16
771WXa8iqGPAIKPZZ2,7,plain,none,mixed,2 3 4 8 8 10 14
771W1IK5eKaCFccqa8,7,progressive,none,distinct,2 4 5 8 9 10 11
771W4SHLusw42eV46I,7,progressive,none,distinct,2 3 4 6 9 12 13
771W44Oeif9HOGM222,7,distinct,none,distinct,1 2 5 6 8 10 17
771W3LfO1E8iqCJX2C,7,plain,none,mixed,1 1 3 3 7 11 23
771WG8ABgCC53ZII48,7,progressive,none,distinct,2 3 4 6 9 12 13
771W2I8KHuOYXPQM64,7,progressive,none,distinct,1 3 7 8 9 10 11
771WPiqvI2Y5m2Uca8,7,progressive,none,distinct,1 4 5 7 9 10 13
771WAxfra422eqSH0a,7,progressive,none,distinct,1 3 4 5 7 13 16
771WeITx3484eingK2,7,progressive,none,distinct,1 2 6 7 8 9 16
771W0GOOSaeGIWtppp,7,progressive,none,distinct,1 3 4 8 9 11 13
771W0vCmGX9iJjiqqc,7,progressive,none,distinct,1 2 4 8 9 12 13
771W244g3CAHTTIh42,7,plain,none,mixed,2 3 3 6 9 11 15
771W998NR2122CQMPI,7,progressive,none,distinct,2 4 5 6 7 12 13
771WLcsbea40fntGe4,7,progressive,none,distinct,2 3 4 6 10 11 13
771W55ZeL8WG57CUEa,7,progressive,none,distinct,1 2 5 6 8 13 14
771WXAMB555CiqSCe0,7,progressive,none,distinct,2 5 6 7 8 9 12
771WWWmnjc90J7365A,7,plain,none,mixed,2 3 4 4 5 9 22
771W4fjrLe8bACcIIW,7,progressive,none,distinct,3 4 6 7 8 9 12
771W88I5bCA60OQHPJ,7,distinct,none,distinct,1 2 3 4 8 10 21
771W67JhS148CQK7h4,7,progressive,none,distinct,2 3 5 7 8 10 14
771W641WZ8A8AAAwTB,7,progressive,none,distinct,1 2 6 7 8 11 14
771W1b5ACC0o229kgA,7,plain,none,mixed,1 3 4 4 5 13 19
771WXIsY9OG6oBCKa2,7,progressive,none,distinct,1 4 5 8 9 10 12
771WGPQQLi874YLGKY,7,plain,none,mixed,1 6 6 7 8 8 13
771W4C1AHHYWXcQQVO,7,plain,none,mixed,1 5 6 6 6 8 17
771W5PQUZba04ae6KX,7,progressive,none,distinct,1 3 6 7 8 11 13
771WGG8KJP5ffOB642,7,plain,none,mixed,2 2 5 6 6 10 18
771W21J9bGGKIQMKy2,7,plain,none,mixed,1 5 6 6 8 11 12
771WCCe41B9QIIQ650,7,plain,none,mixed,1 2 5 6 6 13 16
771W4aKKaHeaNIJ331,7,plain,none,mixed,4 4 5 6 7 7 16
771W88A9jkm145LHA8,7,progressive,none,distinct,1 2 5 8 9 10 14
771WcgoSKn8AHPaA21,7,progressive,none,distinct,3 4 5 6 7 11 13
771WpBADG42Y2c6D4O,7,progressive,none,distinct,1 2 6 8 9 11 12
771WapXB86W1fPRw5b,7,progressive,none,distinct,1 3 6 7 8 11 13
771WkEEA198c664C41,7,distinct,none,distinct,1 3 5 6 10 11 13
771WK1CAHQWGHsfvsK,7,progressive,none,distinct,2 4 5 8 9 10 11
771W0XKKuWIaJJNJIY,7,progressive,none,distinct,3 4 5 6 8 11 12
771WKSiIBfeAGSX934,7,distinct,none,distinct,2 3 5 6 10 11 12
771W2QqC4e8JAgMK44,7,plain,none,mixed,1 4 5 8 10 10 11
771W4ieu322aGSaKKI,7,plain,none,mixed,1 3 5 6 6 10 18
771WiDCzKOea942KKe,7,plain,none,mixed,1 5 6 6 9 10 12
771We5qCCm0AnwqYYI,7,progressive,none,distinct,2 3 5 6 8 11 14
771W8QabOO4uaHLKae,7,progressive,none,distinct,1 4 6 7 9 10 12
771WY4KOVfInI5CY51,7,progressive,none,distinct,1 2 5 7 8 11 15
771WA0H5fdWKH9lh8H,7,distinct,none,distinct,1 2 3 4 11 12 16
771WAAIMAA888Kai11,7,plain,none,mixed,1 2 7 8 8 11 12
771W9LU2XXXHKiqCK0,7,progressive,none,distinct,1 3 5 6 9 10 15
771W0G89EEIaaLLKKO,7,plain,none,mixed,2 5 7 7 8 8 12
771WI6MMIl8HIadA12,7,progressive,none,distinct,1 5 6 7 9 10 11
771WIIoGJ86G8ABA73,7,plain,none,mixed,1 2 5 5 9 12 15
771W8GLLYpG56oI65I,7,plain,none,mixed,2 3 5 8 9 9 13
771W34kAAAG8GH9fqK,7,progressive,none,distinct,1 4 5 6 9 11 13
771WaIOS4g29g6Ppmm,7,progressive,none,distinct,2 3 5 7 8 10 14
771WgMMEo504YCed31,7,plain,none,mixed,2 2 3 6 9 11 16
771WBYaHGLH8WgARh4,7,distinct,none,distinct,1 2 5 6 7 11 17
771WQIIKmWW42qKO88,7,plain,none,mixed,1 3 5 5 6 9 20
771Wfgib1GO267EQg4,7,progressive,none,distinct,1 4 6 7 9 10 12
771W22Qg649C4SHM01,7,plain,none,mixed,1 1 1 1 14 15 16
771WaM99AIHYYIKaH4,7,progressive,none,distinct,1 4 5 7 9 11 12
771W1E0WWI4qwvfPhB,7,plain,none,mixed,2 3 3 7 7 12 15
771WbYcIPH119ACqqG,7,progressive,none,distinct,2 3 5 7 9 10 13
771W2I6448CMMcdm88,7,plain,none,mixed,1 4 6 6 7 11 14
771W88C8ACG223MTRR,7,plain,none,mixed,3 5 5 6 7 8 15
771W4cOGbb4bGCKIYb,7,plain,none,mixed,2 2 4 5 8 13 15
771WK9jE982G8efLSY,7,plain,none,mixed,2 3 5 7 7 10 15
771WUTTqIIC8418bW8,7,progressive,none,distinct,1 3 4 7 8 12 14
771W4AQSKMI44GaBYY,7,progressive,none,distinct,1 4 6 8 9 10 11
771WGJBH3bPABslka0,7,progressive,none,distinct,3 4 5 6 7 11 13
771W855KY2224Ciiia,7,plain,none,mixed,2 4 4 5 6 14 14
771WqaeE910AY2KOKL,7,distinct,none,distinct,1 2 3 6 7 13 17
771WGKBEa4624qeIFN,7,progressive,none,distinct,2 3 4 8 9 11 12
771W5CGL02155PfLNw,7,distinct,none,distinct,1 3 5 6 8 11 15
771W4WWg9ZJc982Yke,7,plain,none,mixed,2 3 3 3 5 12 21
771WIGKbp8W2Bz-c28,7,progressive,none,distinct,2 3 4 7 8 12 13
771WaaIIc9G4I76KIJ,7,plain,none,mixed,1 6 6 6 9 9 12
771WGMOAS7444QKcPQ,7,progressive,none,distinct,1 5 6 7 9 10 11
771W8SSCmLGCAcc113,7,plain,none,mixed,1 3 5 6 7 7 20
771WeOPLJJO0W1PLIH,7,progressive,none,distinct,1 4 5 6 8 12 13
771WHJauYKQGM8DMXH,7,plain,none,mixed,2 2 4 7 8 11 15
771WWY62E5iARRSBXY,7,progressive,none,distinct,2 4 6 7 9 10 11
771WXGrffI8GYRIABn,7,plain,none,mixed,1 5 7 8 8 8 12
771We8Oayu2aDKB322,7,progressive,none,distinct,1 2 5 6 8 9 18
771W1Z9Q699aKOMIg1,7,plain,none,mixed,1 6 6 7 8 10 11
771WIahQACG0uLHoOG,7,progressive,none,distinct,1 3 5 6 7 13 14
771WKxNLLMQGW0nWQW,7,progressive,none,distinct,1 3 4 8 10 11 12
771WJRPbc8G28XQIa4,7,progressive,none,distinct,1 4 5 7 8 11 13
771WGULWnH92ATiqK8,7,progressive,none,distinct,1 3 5 8 9 11 12
771W1QA9imXWbs46k3,7,plain,none,mixed,1 1 3 9 11 11 13
771WA9ZaKqqAKGGOeG,7,plain,none,mixed,2 3 5 6 7 13 13
771W0IJuuq4POfheG8,7,progressive,none,distinct,2 3 4 6 7 12 15
771WXnYX39E2cMLKR8,7,progressive,none,distinct,1 4 5 6 9 11 13
771WQQQKOG1YYJD198,7,plain,none,mixed,2 2 4 6 8 8 19
771WAA59FGG88AQCQK,7,plain,none,mixed,2 4 5 6 10 10 12
771WW87BBDA2YYQJ4H,7,plain,none,mixed,3 4 5 5 6 12 14
771W1Rjb64GGSjrYK4,7,plain,none,mixed,3 4 4 7 9 10 12
771WouyWDC44CCfqKI,7,progressive,none,distinct,3 4 5 7 8 10 12
771WIKie8A98KqgY10,7,plain,none,mixed,3 3 4 5 5 10 19
771W18AA6KCBB9aaoI,7,progressive,none,distinct,2 3 6 7 9 10 12
771WIiesECA4aCuf22,7,progressive,none,distinct,1 5 6 7 8 9 13
771Wqwoo51040aKsYb,7,plain,none,mixed,2 3 4 4 7 8 21
771WC22g4EeC99cb22,7,plain,none,mixed,1 1 2 7 10 13 15
771WXaHMEKS0GUPagI,7,progressive,none,distinct,1 5 6 7 8 9 13
771W8GIyFPIA6f8ALI,7,progressive,none,distinct,3 4 6 7 8 9 12
771WG8ECDE611XICMK,7,plain,none,mixed,3 4 5 5 5 10 17
771WGH7KMmsA8IIJCa,7,progressive,none,distinct,1 2 6 7 10 11 12
771W8bYgIA08acfPHn,7,progressive,none,distinct,1 5 6 7 8 9 13
771W0tL9512IYAEoJa,7,progressive,none,distinct,1 3 4 7 10 11 13
771W466CwYe2629bAA,7,plain,none,mixed,1 2 6 7 7 9 17
771W4K21yyCXbKKKC8,7,distinct,none,distinct,2 3 5 6 8 10 15
771W0EiLI66CKQYKbf,7,progressive,none,distinct,2 4 5 7 9 10 12
771WacsHn70CIIIfA1,7,progressive,none,distinct,2 3 4 6 10 11 13
771WGGLXCHI6ABDNNG,7,progressive,none,distinct,3 4 5 7 8 10 12
771WOGYbaG48IZ3CSO,7,plain,none,mixed,1 2 2 5 8 12 19
771WfdeIoKO688vQm0,7,plain,none,mixed,1 1 4 7 9 10 17
771WYFkkFBa4nnW3aH,7,progressive,none,distinct,3 5 6 7 8 9 11
771W12K5IfWGIEFNdA,7,plain,none,mixed,3 3 3 8 9 10 13
771W02eqKKeCLOPKaa,7,progressive,none,distinct,1 3 5 8 9 10 13
771W21MEKdWGIUM7n2,7,distinct,none,distinct,1 2 3 9 10 11 13
771WWGfjgg2AnHA64G,7,plain,none,mixed,2 3 4 8 8 8 16
771WbLQIOen0Y9MMI3,7,progressive,none,distinct,1 4 6 8 9 10 11
771WG9PdGXWIVjbfb6,7,progressive,none,distinct,2 5 6 7 8 10 11
771W9MmGSc48JbdHY2,7,plain,none,mixed,1 4 4 5 6 10 19
771W08Y4umGiroMQAA,7,plain,none,mixed,2 4 4 7 9 10 13
771WAqii9TJ2cq3b44,7,progressive,none,distinct,1 3 4 5 11 12 13
771WQvwj644aW84Aq8,7,plain,none,mixed,2 3 3 8 8 9 16
771W0EAgqC44AEZLXX,7,plain,none,mixed,1 3 3 7 8 12 15
771WOKTQ545444mEAL,7,plain,none,mixed,1 5 5 6 8 9 15
771WHQXqgPJ0QSvro8,7,progressive,none,distinct,2 4 5 7 8 11 12
771W8BaK6d2I95LKoH,7,progressive,none,distinct,1 3 7 8 9 10 11
771WopdbmmG05GGCaK,7,plain,none,mixed,2 2 3 4 7 8 23
771W8JISLr821a9Cqb,7,progressive,none,distinct,1 2 6 8 9 11 12
771W0eDKSi8oZfbmme,7,progressive,none,distinct,1 2 4 7 9 11 15
771WJHSwP44KO2IOq2,7,progressive,none,distinct,1 3 4 8 10 11 12
771W4gkfZ744YYsCff,7,plain,none,mixed,3 4 6 6 7 9 14
771W6rPM648Kq8P2e8,7,plain,none,mixed,1 4 4 8 8 11 13
771W85bDII8ME9b56Y,7,plain,none,mixed,2 5 5 6 10 10 11
771W2Sm8BB48GuNc15,7,plain,none,mixed,1 2 2 5 9 14 16
771W807Mg24oswU7G8,7,distinct,none,distinct,2 3 4 7 9 10 14
771WWOY5DJGIwwSI92,7,progressive,none,distinct,1 3 4 8 9 10 14
771W4QDC4XWOQg6wQH,7,progressive,none,distinct,2 4 5 8 9 10 11
771W4C2wimeealIK44,7,plain,none,mixed,1 4 5 5 10 12 12
771W4bfHNEIW8FKZa2,7,progressive,none,distinct,1 5 6 7 9 10 11
771WA45528G445cwUA,7,plain,none,mixed,2 2 3 6 9 12 15
771WIqKTNSKGW87a28,7,plain,none,mixed,1 3 6 8 9 11 11
771WIcEEDT8XHpX154,7,progressive,none,distinct,1 3 6 8 9 10 12
771WqKLKb22Y6AA8AK,7,plain,none,mixed,1 5 5 6 8 8 16
771W4GPRbLCCAbmLPI,7,progressive,none,distinct,3 4 5 6 8 10 13
771WbbtgQCC0KA8I8G,7,progressive,none,distinct,2 4 5 7 8 11 12
771WB811KKI225LLqG,7,plain,none,mixed,1 3 4 4 7 10 20
771WeeunqqC1I5CCC8,7,progressive,none,distinct,3 4 5 6 9 10 12
771WW8gY341Lnn9AKJ,7,distinct,none,distinct,1 2 4 5 10 12 15
771WKCKWSI4aipLA99,7,progressive,none,distinct,2 3 6 7 8 9 14
771WIA464iI30Xov44,7,plain,none,mixed,1 2 3 4 9 9 21
771W69X9JZZ8IKySuG,7,progressive,none,distinct,3 4 5 6 8 11 12
771W44KLIFJ88JI54A,7,progressive,none,distinct,2 4 5 8 9 10 11
771W9j6Ap8GaMLgAK2,7,progressive,none,distinct,1 5 6 7 9 10 11
771W2OSTKeaWY4puOS,7,progressive,none,distinct,1 3 6 8 9 10 12
771W5wRR8I4GW7f9s6,7,plain,none,mixed,2 5 5 6 8 9 14
771WahggcQe8B8dXWG,7,progressive,none,distinct,3 4 5 7 8 9 13
771WAQAIIYXGIiSS10,7,progressive,none,distinct,2 3 4 5 10 12 13
771W82Da6O059Antph,7,progressive,none,distinct,1 3 4 7 8 12 14
771W1QHBABcGHfOPr2,7,progressive,none,distinct,1 3 6 8 9 10 12
771W24KCQO4CCTJc22,7,progressive,none,distinct,2 3 5 7 8 11 13
771WG4H3N21ooSSgfo,7,progressive,none,distinct,2 3 5 7 9 10 13
771WCA4IoX1BCAQw20,7,plain,none,mixed,1 3 3 6 10 12 14
771W54LIHD944IHQMe,7,progressive,none,distinct,1 5 6 7 8 10 12
771W0alsASIYchqBG8,7,progressive,none,distinct,1 4 6 7 9 10 12
771W0Gv9fIGMAhnnoe,7,progressive,none,distinct,1 4 6 7 9 10 12
771W5COyeGGoucO44a,7,plain,none,mixed,1 4 5 5 7 12 15
771WHHgaH814SUDDL2,7,progressive,none,distinct,2 3 6 8 9 10 11
771W2vOGMWYGYEcY5r,7,plain,none,mixed,1 2 2 8 9 12 15
771W4PR9AW0XYAiCMc,7,distinct,none,distinct,2 3 4 6 8 11 15
771WGGWgAA2ayC9988,7,plain,none,mixed,2 2 4 6 8 11 16
771WSqIHAC4Kaa1IC8,7,progressive,none,distinct,1 3 5 8 9 10 13
771WYnCGc652qO8LnW,7,plain,none,mixed,1 2 2 2 8 9 25
771Wu8BRi41Ai825HK,7,plain,none,mixed,1 2 3 8 9 13 13
771WJRLOeee40aO8O8,7,plain,none,mixed,2 3 3 4 7 14 16
771WodaC6SG88gbKYI,7,plain,none,mixed,3 3 4 8 9 10 12
771WGKjk4554GWq6AO,7,distinct,none,distinct,1 2 4 6 7 11 18
771WOcgi6II4W2simm,7,plain,none,mixed,2 4 4 5 7 11 16
771W4Nfgkgp2GXoKf0,7,progressive,none,distinct,1 2 6 7 9 11 13
771WA6UOeG8KMJe888,7,plain,none,mixed,4 4 4 6 6 8 17
771WGmnI6458e443BI,7,plain,none,mixed,2 2 4 4 5 14 18
771WKIaqx88GAQSq24,7,progressive,none,distinct,2 3 5 7 9 11 12
771WeKIL6KK0WEkQSG,7,plain,none,mixed,2 3 4 7 7 11 15
771WCANCC6qABI8o9H,7,progressive,none,distinct,1 4 6 8 9 10 11
771W8286MDBKKIeZQQ,7,distinct,none,distinct,2 3 4 6 8 12 14
771W69Hoem099Ma4eO,7,plain,none,mixed,1 3 3 4 9 11 18
771W447WgYq8ABDDIA,7,progressive,none,distinct,2 4 5 7 8 11 12
771WW8KPvXi0dvAJJO,7,progressive,none,distinct,1 2 6 8 9 11 12
771WKqoOOm8XAfgQ22,7,plain,none,mixed,2 4 4 5 7 11 16
771W22yS6ILCKM6L10,7,plain,none,mixed,2 2 3 6 8 13 15
771W6AQQ449OOCb510,7,distinct,none,distinct,1 2 3 7 8 13 15
771W22X2PCHKCFABVG,7,progressive,none,distinct,1 4 5 7 8 9 15
771W2aLKSVeGnWanof,7,progressive,none,distinct,2 4 6 7 9 10 11
771W0YkKiaIYjion88,7,progressive,none,distinct,3 4 5 6 8 11 12
771WIfoinYIm3y8CsG,7,progressive,none,distinct,1 3 6 8 9 10 12
771W443EJ3X235DLIC,7,distinct,none,distinct,1 3 4 6 7 9 19
771WYgI2fYW4skSS71,7,progressive,none,distinct,2 3 5 6 9 11 13
771W4YALH58eOIBjTK,7,progressive,none,distinct,2 3 5 6 10 11 12
771WCQkc224qWG8r22,7,plain,none,mixed,2 2 4 4 5 11 21
771WKega2A9YMsiCHG,7,progressive,none,distinct,2 4 5 6 9 10 13
771W62EZLIXejeuE92,7,plain,none,mixed,1 4 6 6 8 10 14
771WeaCAZ22I44u835,7,plain,none,mixed,1 2 2 3 12 13 16
771W5565O8K4435ayG,7,plain,none,mixed,2 2 2 5 7 14 17
771W84CMLi0HIQp953,7,progressive,none,distinct,1 5 6 7 8 9 13
771W226MwMIAC46H22,7,plain,none,mixed,3 4 5 5 6 10 16
771Wi455qeh4aY2GH4,7,distinct,none,distinct,1 2 3 5 8 14 16
771WgScQMPg0vGkaJG,7,progressive,none,distinct,2 3 6 8 9 10 11
771WuqbIYaa1COuA8G,7,progressive,none,progressive,1 3 5 7 9 11 13
771WGEF892288eUcEK,7,distinct,none,distinct,1 3 5 7 8 9 16
771WmtmbkT202fkLdO,7,progressive,none,distinct,1 3 6 7 9 10 13
771WKHcdZ11WoIIso8,7,plain,none,mixed,2 2 4 6 8 10 17
771WengRRz838n8BHf,7,progressive,none,distinct,1 3 7 8 9 10 11
771W66ISw9aMJHPC21,7,progressive,none,distinct,1 3 5 8 9 11 12
771W85O454488OuIIc,7,plain,none,mixed,1 1 6 6 9 10 16
771WIoQK4HWaLAIQIH,7,progressive,none,distinct,3 4 5 7 9 10 11
771W03kYqIgGBDKEYI,7,plain,none,mixed,2 4 6 6 7 8 16
771W8eOHY66oMAA8C8,7,progressive,none,distinct,1 5 6 7 8 10 12
771W5A2gM5aRMKi8Y1,7,progressive,none,distinct,1 3 7 8 9 10 11
771WSTPfoH11B44KMa,7,progressive,none,distinct,3 4 5 6 8 10 13
771W4DJI8WWYYsaK8e,7,plain,none,mixed,2 2 4 6 7 10 18
771WfMg5a24IiSqhe4,7,progressive,none,distinct,3 4 5 6 9 10 12
771WCCbLbaWISO811J,7,distinct,none,distinct,2 3 4 5 6 14 15
771WGTRAamaGKlZqaC,7,progressive,none,distinct,2 4 5 7 8 11 12
771W8896oHA245DDBG,7,progressive,none,distinct,1 2 6 7 8 11 14
771Whoqy69W4HbAK2X,7,progressive,none,distinct,1 3 4 8 10 11 12
771W0XXJ9FSbD4469X,7,plain,none,mixed,2 4 4 5 7 7 20
771WfggKCCA2A6ef8e,7,progressive,none,distinct,1 4 6 7 8 11 12
771WKLE2YG442JBIIo,7,plain,none,mixed,1 5 5 6 7 8 17
771W2HG9C9XWXPQSyM,7,progressive,none,distinct,2 3 4 6 9 11 14
771W7AMrTRj49Km38W,7,progressive,none,distinct,1 4 6 8 9 10 11
771WTJySYYH8Lm4qH0,7,progressive,none,distinct,1 3 5 6 7 13 14
771W44OeGYe8FPL566,7,progressive,none,distinct,1 2 5 6 10 11 14
771WGQMLKem02XIIws,7,progressive,none,distinct,2 3 6 7 9 10 12
771W4O89PQaIJbW12C,7,plain,none,mixed,1 2 3 6 6 9 22
771WiqqLMIa8X8e348,7,progressive,none,distinct,1 3 6 8 9 10 12
771WEMUNh6424mE12A,7,progressive,none,distinct,2 4 5 7 8 10 13
771WWbgkGG86ADOimG,7,plain,none,mixed,1 4 4 4 5 12 19
771WnoIaik54P9CAX0,7,progressive,none,distinct,2 3 5 7 8 10 14
771WCEYBCG09PQ2sA6,7,plain,none,mixed,1 4 7 8 8 9 12
771W0FjrwwgGC9aGaW,7,progressive,none,distinct,1 4 5 6 9 11 13
771W546H2E244CFKCe,7,plain,none,mixed,1 1 5 7 7 14 14
771W91GW6y4flsLIK4,7,progressive,none,distinct,1 3 5 7 8 11 14
771WaGdVWGI4-eaGL5,7,plain,none,mixed,2 2 3 5 6 14 17
771WaIfY5TXodLEfT0,7,progressive,none,distinct,1 3 6 7 9 11 12
771W640UH6888A7vUQ,7,progressive,none,distinct,1 3 5 6 7 11 16
771WTDC8a2YbY2EIG0,7,distinct,none,distinct,1 2 3 4 10 13 16
771W2XHSySAdneaf8W,7,progressive,none,distinct,1 4 5 6 8 12 13
771WA99K04C66AB4ai,7,plain,none,mixed,1 2 2 7 11 11 15
771W489IqY614AgFCK,7,distinct,none,distinct,1 3 5 7 9 10 14
771W849FrDK247r84H,7,distinct,none,distinct,2 3 4 6 8 12 14
771W22M3XEgKJBAH68,7,distinct,none,distinct,2 3 5 6 7 12 14
771W4KTcbjX0Aof4CH,7,progressive,none,distinct,1 3 5 8 9 11 12
771WKOT8Mn4PQ7hKI9,7,progressive,none,distinct,2 4 5 8 9 10 11
771WWXIwOH8KO5AAMb,7,distinct,none,distinct,2 3 5 7 8 9 15
771WeOV4H941XFCLDJ,7,progressive,none,distinct,1 3 4 6 10 11 14
771WHPbKLMJ4SXH8B4,7,progressive,none,distinct,1 4 6 7 9 10 12
771WenGam71ASsMPQe,7,progressive,none,distinct,2 3 4 8 9 11 12
771W02CXLOMOKKFRga,7,plain,none,mixed,1 5 6 7 7 10 13
771W0bGIBw4XIVPfaI,7,progressive,none,distinct,1 5 6 7 9 10 11
771W641YOKK9542I-c,7,plain,none,mixed,2 2 5 5 6 7 22
771W8ad61248eeeLFH,7,plain,none,mixed,2 3 5 6 6 8 19
771WMI49I89OOEAo49,7,plain,none,mixed,1 1 4 9 10 11 13
771WOS6YYa899PfIGG,7,plain,none,mixed,2 3 3 7 9 12 13
771WaBQM641KqeeXJY,7,plain,none,mixed,3 4 4 5 7 10 16
771W5III68GIIdc2ee,7,progressive,none,distinct,1 4 5 6 8 12 13
771W4C8mKD8eakL331,7,distinct,none,distinct,2 3 4 5 7 9 19
771W2aEYOKeeLKFdJJ,7,progressive,none,distinct,3 4 5 6 8 9 14
771W657ck88A224Ig2,7,distinct,none,distinct,2 3 4 6 8 9 17
771W9YYUsuq0iiB4Y2,7,progressive,none,distinct,1 3 6 8 9 10 12
771Waa8DTI3H14Q238,7,plain,none,mixed,1 2 2 5 9 14 16
771WCDFm3W096EEMEY,7,progressive,none,distinct,1 3 6 7 9 10 13
771W0A6jjz8efhGHfX,7,plain,none,mixed,1 5 6 7 7 9 14
771W6O88BXGZYJZZ54,7,plain,none,mixed,1 1 5 7 8 11 16
771WI5fJ5888Oysae2,7,progressive,none,distinct,2 3 6 7 8 11 12
771WA9cE10eGPPK4qY,7,plain,none,mixed,2 2 4 6 6 7 22
771W20HHNmm8AKKMqY,7,plain,none,mixed,1 2 2 6 8 13 17
771WcYeN4Cf1ea-L94,7,distinct,none,distinct,1 3 4 8 9 10 14
771W5O3gFHJKOgKofK,7,plain,none,mixed,1 2 3 9 10 12 12
771W332b89KC4549P6,7,distinct,none,distinct,1 2 4 5 8 11 18
771WB9KGYU026PgxSC,7,progressive,none,distinct,1 2 5 6 10 11 14
771W8eOgECK4uf8E44,7,progressive,none,distinct,1 3 6 7 8 10 14
771WACqwKjD7GM8i02,7,plain,none,mixed,1 2 6 6 8 9 17
771WYfbOGHA0ebT5bE,7,progressive,none,distinct,2 3 4 6 9 12 13
771WCBrXaP21JPA-FX,7,progressive,none,distinct,2 5 6 7 8 10 11
771WmoMA6888O8EIaa,7,plain,none,mixed,2 4 4 6 10 10 13
771W3B9Ck2K532ahS4,7,plain,none,mixed,2 2 6 7 7 9 16
771W4yXmReG4xZKKIC,7,progressive,none,distinct,1 2 6 7 8 12 13
771WWrYbAAZ4PfiuaP,7,plain,none,mixed,1 4 6 6 8 10 14
771W264Q6jD9A6CuYW,7,progressive,none,distinct,1 2 5 7 9 11 14
771Wcswc9FF4e8S240,7,plain,none,mixed,2 2 4 6 11 12 12
771W41KIUS1HHHLzp2,7,progressive,none,distinct,2 5 6 7 8 10 11
771WLGqI2PL9HMLiY0,7,plain,none,mixed,2 2 3 5 5 15 17
771WH9P9FHH88w4260,7,plain,none,mixed,1 1 7 7 9 10 14
771W8opPvgi8cWefI4,7,progressive,none,distinct,1 5 6 7 8 10 12
771W679WAS46A9USgI,7,progressive,none,distinct,2 3 4 7 8 12 13
771Wo4ScQHGOqAMg03,7,plain,none,mixed,1 1 3 7 7 9 21
771W44iABCG8GHHgca,7,plain,none,mixed,1 3 6 8 9 9 13
771WW8ACV8A2YaISJL,7,progressive,none,distinct,2 4 6 7 8 10 12
771W24eUQLBG85Qd8A,7,plain,none,mixed,2 3 5 7 10 10 12
771WGnce6aa5YIUCIY,7,progressive,none,distinct,1 5 6 7 9 10 11
771W6AHHwQfGNKY2L0,7,progressive,none,distinct,1 4 5 7 8 11 13
771WH9ACaYg04a9BII,7,plain,none,mixed,2 2 4 8 9 10 14
771W1X6cA5LbTSUGI0,7,progressive,none,distinct,2 3 6 8 9 10 11
771WSHoA9YW8Ig2YtH,7,progressive,none,distinct,1 4 5 7 9 10 13
771W44O65LY99IQ945,7,progressive,none,distinct,1 2 6 7 10 11 12
771W49QSSTeHH4mPHY,7,progressive,none,distinct,1 4 6 8 9 10 11
771WXsME988O8eccY4,7,progressive,none,distinct,2 3 5 8 9 10 12
771W8864KB988EVHAA,7,plain,none,mixed,2 2 4 9 10 10 12
771W88CA9BJ223IQKK,7,plain,none,mixed,3 5 5 5 8 8 15
771WGIKKqC9CAIGHnm,7,progressive,none,distinct,2 3 6 7 8 10 13
771WW4866EE8eewKOO,7,plain,none,mixed,2 3 5 8 8 9 14
771WYYq4Q2Y3AKMQCC,7,progressive,none,distinct,1 5 6 7 9 10 11
771WOKCAKiaGIcnC88,7,progressive,none,distinct,1 4 5 6 10 11 12
771WHHKKkaW45HN42I,7,distinct,none,distinct,1 2 3 8 9 10 16
771WuVUYA624i4g9WG,7,distinct,none,distinct,1 2 6 7 10 11 12
771W8keSIK8W85fsaa,7,progressive,none,distinct,1 4 6 8 9 10 11
771WWqXoLK20iHHryc,7,plain,none,mixed,1 1 6 7 8 13 13
771WaKiY223Cu8G898,7,plain,none,mixed,1 1 4 7 7 9 20
771WmfKAAIIeOgqiWG,7,progressive,none,distinct,1 3 6 7 8 10 14
771WcefHG44A28egAM,7,distinct,none,distinct,1 2 3 6 9 11 17
771WfPRLPM11X1VIP2,7,progressive,none,distinct,1 5 6 7 9 10 11
771WH4xjj84moAJum2,7,progressive,none,distinct,2 4 5 7 9 10 12
771WKoccMPh2dGIW74,7,progressive,none,distinct,1 3 4 7 9 12 13
771WKO9ooKCKQ9eA8G,7,progressive,none,distinct,2 4 6 7 9 10 11
771W8GTLM22AAsEGKG,7,progressive,none,distinct,2 3 4 7 8 10 15
771W48u45LJG8Ig99C,7,progressive,none,distinct,1 3 5 7 8 11 14
771WGGGQoK4KID5688,7,plain,none,mixed,1 4 5 5 7 10 17
771W089gQqi8E9ggem,7,progressive,none,distinct,3 4 5 6 7 11 13
771W0GbUQ995Thamwm,7,progressive,none,distinct,2 3 5 7 9 11 12
771WGDKL12266wgcaQ,7,progressive,none,distinct,2 3 6 7 9 10 12
771W2SjpHIO4GeXvMC,7,progressive,none,distinct,1 3 6 7 9 10 13
771WnSKY6544iaKiY1,7,plain,none,mixed,1 5 6 6 7 12 12
771We8GCJIIW0UQMMG,7,plain,none,mixed,1 1 4 6 8 13 16
771WIQSA12444i8PMI,7,plain,none,mixed,2 4 5 6 6 9 17
771WBBEfcm0912MACK,7,plain,none,mixed,2 3 5 5 5 14 15
771W02aD2M2QAB7Lae,7,plain,none,mixed,1 2 7 7 7 9 16
771WojjPPQI0eW9XYG,7,progressive,none,distinct,1 3 5 7 10 11 12
771WGGp1UgAHACBDKG,7,progressive,none,distinct,2 3 5 6 8 12 13
771Wonf596G8GHVHo4,7,progressive,none,distinct,2 3 5 7 8 9 15
771WYYAgafg8GG66BA,7,plain,none,mixed,3 4 5 5 6 12 14
771Weua67W01wAQISQ,7,distinct,none,distinct,1 3 5 6 8 12 14
771W4iCArIHYKMcA52,7,progressive,none,distinct,2 5 6 7 8 9 12
771W0A4CgCAaYYPNYY,7,progressive,none,distinct,2 4 5 7 9 10 12
771W759HPjG12DM5b4,7,plain,none,mixed,1 4 5 5 8 10 16
771WOIgPPOWG9nKKiY,7,distinct,none,distinct,1 5 6 7 8 9 13
771WiqXn9626QcYHI0,7,plain,none,mixed,1 3 4 4 9 13 15
771W28q6454CKCydB9,7,progressive,none,distinct,2 3 5 6 10 11 12
771W07CIIACuuoePaq,7,progressive,none,distinct,1 5 6 7 8 10 12
771W26LK9C488KLoIC,7,progressive,none,distinct,1 4 5 7 9 11 12
771WIKOQ444444OkEE,7,distinct,none,distinct,2 3 6 7 8 9 14
771W2hZYAC44qqXYOW,7,progressive,none,distinct,1 2 3 8 10 12 13
771WA1smqc2H2Kqho2,7,plain,none,mixed,1 2 4 4 10 13 15
771W4OOD-oA45he248,7,plain,none,mixed,2 2 5 7 7 12 14
771WYqKexwp0OafX43,7,plain,none,mixed,1 4 5 5 8 9 17
771WeeLzLaYO6K8JIG,7,progressive,none,distinct,2 5 6 7 8 10 11
771W13YOHIOG8AFFcK,7,plain,none,mixed,2 4 5 7 7 9 15
771W89VJPAHII7CK7W,7,progressive,none,distinct,1 5 6 7 9 10 11
771WaaHXpAAISMKKG2,7,plain,none,mixed,2 4 6 7 7 9 14
771WX2Y8CSSCqsyuW0,7,plain,none,mixed,2 3 5 7 7 7 18
771WX44iSCC5jhWYY2,7,plain,none,mixed,3 3 5 5 6 13 14
771W4Qaa8KoXqcMv88,7,progressive,none,distinct,1 5 6 7 8 10 12
771W75PRMIAGG3Ue84,7,progressive,none,distinct,1 4 6 7 8 11 12
771W142fMH58C9Dw-K,7,plain,none,mixed,3 4 4 4 9 10 15
771W09PAA8OBBIaagY,7,progressive,none,distinct,2 4 6 7 8 10 12
771W8IHJJLW01wQRni,7,progressive,none,distinct,1 3 6 7 8 10 14
771W68Pm1054CKiDjo,7,plain,none,mixed,1 2 2 8 8 10 18
771W42HnIDC6AMMqI5,7,progressive,none,distinct,2 3 6 7 8 11 12
771W8GTRQaa02mIAAM,7,progressive,none,distinct,2 3 5 6 9 11 13
771W5b64qeWWLNMOG0,7,distinct,none,distinct,1 2 3 4 7 12 20
771WAB5OMn0129TRjE,7,plain,none,mixed,3 4 4 5 9 9 15
771W3pcOJCAAYOUF2K,7,progressive,none,distinct,2 3 6 8 9 10 11
771W0OkIIQMXvYP8GG,7,plain,none,mixed,1 2 3 9 10 12 12
771WnnnaY8A4YABF80,7,progressive,none,distinct,1 2 4 7 9 12 14
771W1gQQc2WbMAcYX1,7,progressive,none,distinct,1 4 5 7 9 11 12
771W1X0MAM4NdgkeXH,7,plain,none,mixed,2 2 5 6 7 7 20
771WHonI985We454y3,7,plain,none,mixed,1 2 2 7 9 14 14
771WQMMYv-029Dg962,7,progressive,none,distinct,2 4 5 8 9 10 11
771WCfnb6G8aGRgYc2,7,progressive,none,distinct,1 3 5 8 9 10 13
771WCKaAQO8PHaAA44,7,plain,none,mixed,1 4 5 5 10 11 13
771WSe84ACGGW1jF99,7,plain,none,mixed,1 3 3 5 8 11 18
771WGfeegIKAa6abYI,7,progressive,none,distinct,2 4 5 6 7 12 13
771W94Hiv5482SsggL,7,progressive,none,distinct,2 3 5 7 9 11 12
771WGwg6753e0GebIK,7,plain,none,mixed,2 3 4 5 5 8 22
771W88LK5ZY56IIA8L,7,plain,none,mixed,1 2 8 9 9 10 10
771WHnOAKKKGWCSOKa,7,progressive,none,distinct,1 3 6 7 9 11 12
771WOaqpT654m6YCB4,7,progressive,none,distinct,1 4 5 6 10 11 12
771WuWMIYaAGLf8R44,7,plain,none,mixed,1 1 2 7 9 12 17
771WGIIIiCC26ECCWW,7,plain,none,mixed,2 3 3 6 9 11 15
771W2NgYY20KQgoYXH,7,distinct,none,distinct,2 3 4 7 9 11 13
771WmfaEAQS2AfGLOe,7,progressive,none,distinct,1 4 5 8 9 10 12
771W4KCA98GGGXqSSQ,7,plain,none,mixed,3 3 3 6 6 12 16
771W8OKoC5O95aJC47,7,plain,none,mixed,1 2 7 8 9 9 13
771WCaYKOz12fZ5UEC,7,progressive,none,distinct,1 3 7 8 9 10 11
771WGOQA4XWKMk66IH,7,progressive,none,distinct,2 4 5 6 8 11 13
771WAfhMDCG8WjPKaA,7,plain,none,mixed,3 4 4 5 9 10 14
771W8912Sa4562KLPf,7,plain,none,mixed,2 3 3 7 8 8 18
771WELqee82K2g9HmG,7,plain,none,mixed,2 3 3 5 9 10 17
771WO60WyKLA4Y4n10,7,plain,none,mixed,1 1 2 2 5 5 33
771WPvvMMAC8e2A980,7,progressive,none,distinct,2 4 5 7 9 10 12
771W5k7IMbZGYiS9w0,7,progressive,none,distinct,1 4 6 7 9 10 12
771WA5LMYA4GMAfbeG,7,progressive,none,distinct,2 3 5 8 9 10 12
771W6cUgmG8aQLG844,7,plain,none,mixed,3 4 4 6 7 8 17
771W26KqK8084MLpJJ,7,plain,none,mixed,1 4 4 6 9 12 13
771WOeaUIBi1eAK99A,7,progressive,none,distinct,1 4 5 7 8 11 13
771WqfvxY212Ga8efC,7,plain,none,mixed,1 5 5 5 6 8 19
771W8ijieIAeA9c20O,7,plain,none,mixed,1 2 3 7 7 9 20
771WWuLP-f16HZyYcm,7,progressive,none,distinct,1 5 6 7 9 10 11
771W418gI67OKIEifO,7,progressive,none,distinct,1 2 4 7 10 11 14
771W45HhCCG48PHaie,7,plain,none,mixed,1 2 3 10 10 11 12
771WK4McN51YkIIH70,7,progressive,none,distinct,1 2 5 7 10 11 13
771W662ogPA8A53J03,7,plain,none,mixed,1 2 2 4 7 15 18
771W4BTUBN8GG7bQfC,7,plain,none,mixed,3 4 5 7 9 9 12
771WLMUU2E844O65Y2,7,progressive,none,distinct,1 5 6 7 8 9 13
771WICwPnnH8LmKqC0,7,progressive,none,distinct,2 4 5 6 7 11 14
771W4af4IIZW9CSKLC,7,progressive,none,distinct,1 5 6 7 9 10 11
771W957bDJI846aI9G,7,plain,none,mixed,2 6 6 6 7 8 14
771W8GGKECCWWiC622,7,plain,none,mixed,1 2 3 3 6 15 19
771WHIhC59W8PP79nC,7,progressive,none,distinct,2 4 5 8 9 10 11
771WG48XofCOLpgRTQ,7,progressive,none,distinct,3 4 6 7 8 10 11
771WC661HoA125aiE8,7,distinct,none,distinct,1 2 4 6 7 9 20
771WeZfsgcI2beUHeG,7,progressive,none,distinct,2 3 5 8 9 10 12
771WOJMFX1124CimaO,7,plain,none,mixed,1 4 4 5 6 10 19
771W0465H3PYYdcMD8,7,progressive,none,distinct,1 3 4 5 10 12 14
771WKIAAEDX01HLo8A,7,plain,none,mixed,2 2 5 5 7 11 17
771WueGIY2MI4v9844,7,plain,none,mixed,1 2 2 6 8 15 15
771W8HqS5GWLCh7LLZ,7,progressive,none,distinct,1 3 6 7 8 11 13
771WKLKcfF32C45gam,7,progressive,none,distinct,1 3 7 8 9 10 11
771W2OOeR60gcEcb42,7,plain,none,mixed,1 3 3 6 7 14 15
771WJgsAC888emAK4a,7,plain,none,mixed,1 3 4 4 7 11 19
771W8aa2i61FpprE10,7,plain,none,mixed,1 3 5 5 7 10 18
771W1Ao14e9gnvACi5,7,plain,none,mixed,1 4 4 6 10 11 13
771W86AIanA56Boa9A,7,progressive,none,distinct,2 3 4 8 9 11 12
771WGCwA80KSCrZI66,7,progressive,none,distinct,1 2 4 6 9 12 15
771WW05AATamHIR8AH,7,plain,none,mixed,1 1 4 6 9 13 15
771W48ABNA888Ed3IO,7,plain,none,mixed,2 2 4 8 10 11 12
771W8PS4ae2D9fBHGW,7,plain,none,mixed,2 2 5 7 8 9 16
771W08EM6A8eeaUIHH,7,plain,none,mixed,1 3 6 8 8 11 12
771W0HOOOLsWX8MKLc,7,progressive,none,distinct,1 3 6 7 9 11 12
771WOSqoeW0Xo6oA66,7,progressive,none,distinct,1 2 4 6 11 12 13
771WAPQSaaYWa4OPmG,7,progressive,none,distinct,2 3 5 6 9 11 13
771WmaCJOs92HydEB6,7,distinct,none,distinct,3 4 5 7 8 10 12
771W4HI2YLHSQZZ2GY,7,plain,none,mixed,2 2 2 5 6 13 19
771W4iCTOO0QgXKCC4,7,plain,none,mixed,2 2 4 6 8 10 17
771WGaa255aDiCCeab,7,plain,none,mixed,1 2 4 8 11 11 12
771WACrsq24IKI2d8G,7,progressive,none,distinct,2 3 6 8 9 10 11
771WeU5XXMG8YIIfwa,7,plain,none,mixed,3 3 4 5 6 10 18
771W23ORqqa05GKKSa,7,plain,none,mixed,1 2 3 8 9 9 17
771W0GNoaC6gcA9LG8,7,distinct,none,distinct,1 2 5 7 8 11 15
771WKKuA9bG8JQQ952,7,progressive,none,distinct,1 4 5 7 9 10 13
771WIQUQOP022XAQ65,7,progressive,none,distinct,1 5 6 7 8 10 12
771WeG42aGAKopIC99,7,plain,none,mixed,2 2 3 6 12 12 12
771W8GmiSPQ4KeA231,7,plain,none,mixed,2 2 5 6 6 7 21
771WXXIDRQC1HC8DOI,7,progressive,none,distinct,2 4 5 6 8 11 13
771WvocKe4O2CHtme8,7,plain,none,mixed,1 3 4 5 6 15 15
771WOunZ7DfY7FSRHG,7,progressive,none,distinct,2 4 5 8 9 10 11
771WHHngii41ME9C80,7,progressive,none,distinct,2 3 4 6 8 12 14
771W1KIk6C0gcE9tb5,7,progressive,none,distinct,1 5 6 7 8 10 12
771WF7ccI53aqoI5I0,7,progressive,none,distinct,2 3 4 7 10 11 12
771Wa4G6oCAmMOQ788,7,plain,none,mixed,1 1 3 7 9 12 16
771WIsQSAI1HXcui10,7,plain,none,mixed,3 3 3 4 10 12 14
771W01OqsCKQGBQIKa,7,plain,none,mixed,2 3 4 8 9 9 14
771WYmYXXqb0XIIJhe,7,plain,none,mixed,2 2 5 6 7 11 16
771W41AXA819DDIoyL,7,progressive,none,distinct,1 3 4 7 9 12 13
771W02OOfHHGMBLLbY,7,progressive,none,distinct,2 3 4 7 9 11 13
771W8u0277JeOv9CC8,7,plain,none,mixed,1 3 4 5 5 15 16
771WOeaG1AI4i9RBAC,7,plain,none,mixed,2 3 5 6 6 11 16
771WAYvwQgi4YmGHOO,7,progressive,none,distinct,1 4 6 7 9 10 12
771WQRIJRY4122KLIe,7,progressive,none,distinct,3 4 5 7 9 10 11
771Wme54L98IIqN99K,7,progressive,none,distinct,2 3 6 8 9 10 11
771W2MdbvW0naIKe8I,7,distinct,none,distinct,2 3 4 5 7 9 19
771W0QPKDC888ifaKQ,7,plain,none,mixed,1 2 4 9 9 11 13
771W2PTgA286AYfvSa,7,progressive,none,distinct,2 4 6 7 8 10 12
771WIcrqC444q42mG8,7,plain,none,mixed,1 2 5 5 11 11 14
771WGbGMs64aIaaSPf,7,plain,none,mixed,1 5 6 6 7 11 13
771W8GRYyaa1AyIKG8,7,plain,none,mixed,1 1 7 8 10 10 12
771WXgeO8H01fcQQwP,7,progressive,none,distinct,3 4 5 7 9 10 11
771WaCEDYeOWba6ASK,7,progressive,none,distinct,1 3 6 7 9 10 13
771WOKKCL8D886gZZa,7,distinct,none,distinct,2 3 4 6 7 11 16
771WG8CLyZ916iJ32C,7,plain,none,mixed,1 1 4 4 8 12 19
771W0OE99KKIIWAHPN,7,plain,none,mixed,1 3 3 4 10 14 14
771WH_bZRUE0aHciG2,7,progressive,none,distinct,2 4 5 6 9 11 12
771W5M86c6AYaKDPY2,7,plain,none,mixed,2 3 3 4 10 10 17
771WLLLf4g4691F566,7,plain,none,mixed,4 5 5 5 7 9 14
771WGaC86K5XHocTRQ,7,progressive,none,distinct,2 3 5 6 8 12 13
771WaYY4EDH8015gMK,7,plain,none,mixed,2 3 4 5 6 6 23
771W1c3XrHWYPSS-s1,7,progressive,none,distinct,1 2 7 8 9 10 12
771WYcI8OOG5rfeOGG,7,plain,none,mixed,2 4 4 5 6 9 19
771W484m9O8D96oggi,7,distinct,none,distinct,1 3 4 6 7 9 19
771W87WCq2GywzPZIY,7,distinct,none,distinct,1 3 4 7 9 11 14
771W89JhmmG1CSKK4a,7,progressive,none,distinct,2 3 4 5 9 11 15
771W99SODGH44IASSB,7,progressive,none,distinct,1 5 6 7 9 10 11
771WCCAeaYI498iQ88,7,distinct,none,distinct,1 3 4 8 10 11 12
771WaIQMLKO0WG9bDB,7,progressive,none,distinct,3 4 5 7 8 9 13
771WG8e0EEI8OvCBCC,7,plain,none,mixed,1 2 5 6 6 13 16
771W2w87B72aKaQN98,7,progressive,none,distinct,1 3 5 8 9 11 12
771W0Gacc74KIYYunp,7,plain,none,mixed,1 2 6 8 9 9 14
771W0GEYcXomzSKAJG,7,progressive,none,distinct,1 2 6 7 9 11 13
771WAEUOe2246IgI88,7,progressive,none,distinct,2 3 4 6 10 11 13
771WHnpbrA8Gg679I0,7,plain,none,mixed,2 2 3 7 9 11 15
771WHOKA9I299YQQKo,7,plain,none,mixed,1 6 6 8 8 9 11
771W2XaMPCIW8BCVs2,7,progressive,none,progressive,1 3 5 7 9 11 13
771WWWUIQf91JDG8II,7,plain,none,mixed,2 3 3 6 9 12 14
771WIIQY11448GOPD9,7,plain,none,mixed,2 3 4 6 6 7 21
771WCo22XaKLXmGo62,7,plain,none,mixed,2 2 4 4 6 10 21
771We8GaIrGc9L5EA9,7,distinct,none,distinct,1 3 5 6 7 8 19
771WKIaSEjXS6QLq20,7,plain,none,mixed,1 2 5 6 10 10 15
771W2RAs793SOaF3aG,7,plain,none,mixed,1 3 5 6 8 13 13
771WXQ9NRdc0YScenW,7,progressive,none,distinct,1 5 6 7 8 10 12
771WPAScKAGYkJ9Ne8,7,progressive,none,distinct,2 5 6 7 8 9 12
771W1rGIEa4o3ljSI2,7,distinct,none,distinct,1 3 4 5 7 13 16
771WLwHegeGu1PY2qC,7,plain,none,mixed,1 3 4 5 11 11 14
771W2AYB9Xe8QQffbe,7,progressive,none,distinct,2 5 6 7 8 9 12
771W1ckjO88KaYqGe4,7,plain,none,mixed,2 2 6 8 8 8 15
771W4C5k6d9699q92O,7,plain,none,mixed,1 1 3 4 13 13 14
771Wa8AECDIW01mVIH,7,plain,none,mixed,1 1 4 7 8 8 20
771WEksY24A4mu92HH,7,plain,none,mixed,2 2 4 4 6 11 20
771W5IK86aGYX9DqoI,7,plain,none,mixed,2 3 3 9 9 9 14
771WC84Mc4H249Pdfe,7,distinct,none,distinct,1 3 4 8 9 11 13
771Wa9C8PZa0YaohfS,7,progressive,none,distinct,3 4 5 6 8 9 14
771WLD56WG8YcbK488,7,plain,none,mixed,2 3 3 5 7 12 17
771W4eiCNHGbDCmIKH,7,progressive,none,distinct,2 4 5 7 8 9 14
771W5LbPcAIQKfl140,7,progressive,none,distinct,1 3 6 8 9 10 12
771WKKSY9CC8CS8A64,7,progressive,none,distinct,1 5 6 7 9 10 11
771Wabke2c88FFMDHX,7,progressive,none,distinct,2 3 6 7 8 11 12
771WaaHQfH8IKJO8CJ,7,distinct,none,distinct,1 2 4 5 6 13 18
771WW7TDq08FhraIY6,7,progressive,none,distinct,1 3 5 8 9 10 13
771W44T5EYaegwq34G,7,progressive,none,distinct,1 4 6 8 9 10 11
771W4HHccgI1Cjk68W,7,progressive,none,distinct,1 3 5 7 10 11 12
771WAikMIGGi488q22,7,plain,none,mixed,2 2 4 6 9 11 15
771WQg799p1IX2QAnW,7,progressive,none,distinct,2 3 5 7 8 10 14
771W8lDFMO0HXbIuY6,7,progressive,none,distinct,1 4 5 6 8 12 13
771WHbcKLX49YeeJBS,7,progressive,none,distinct,2 4 5 6 8 11 13
771WHQwx885G4W55j8,7,plain,none,mixed,1 2 5 6 10 10 15
771W88KxvY2OJBLD68,7,progressive,none,distinct,2 4 6 7 8 10 12
771Wm8dowoIm1iQAG8,7,progressive,none,distinct,1 5 6 7 9 10 11
771WC7ieAG8eqtAIaK,7,progressive,none,distinct,3 4 5 7 9 10 11
771W4HrqeeYWuabnm8,7,progressive,none,distinct,1 4 5 7 8 9 15
771W1KOqvYa88cwdc2,7,progressive,none,distinct,1 4 5 8 9 10 12
771WO80WZ9H93ZIIKK,7,plain,none,mixed,1 2 3 5 8 8 22
771W4a2HvX4nLRTSC1,7,progressive,none,distinct,1 4 5 7 9 11 12
771WK8f9Io2J9kY24G,7,plain,none,mixed,1 2 7 7 8 8 16
771W2BLc8BG4CTgs9Z,7,progressive,none,distinct,1 4 6 7 8 11 12
771W099Yog8A9FjjeW,7,progressive,none,distinct,2 4 5 6 7 12 13
771WHbNEA4GmGfd2KC,7,plain,none,mixed,1 3 3 8 10 10 14
771W8XOKHbWXoogbbI,7,progressive,none,distinct,1 3 5 8 9 10 13
771W44y5zYIALQCAA0,7,distinct,none,distinct,1 3 4 7 9 10 15
771W9ESm2sX4ALDkvO,7,progressive,none,distinct,3 4 5 7 9 10 11
771WK88L3IYMNueC82,7,plain,none,mixed,2 3 5 5 7 13 14
771W4XgM0GKYQTDamG,7,plain,none,mixed,2 2 2 4 4 12 23
771W4KGt424eaKKFA6,7,plain,none,mixed,1 4 5 5 6 14 14
771WiKrrLB5Ke2XJG0,7,progressive,none,distinct,1 2 4 9 10 11 12
771W20Zq-eGGB52Cog,7,plain,none,mixed,2 2 3 6 6 10 20
771W88OQH2288QkkaY,7,distinct,none,distinct,1 2 4 8 9 11 14
771W6244AQGCCE9rKK,7,progressive,none,distinct,1 4 6 7 8 10 13
771W1XYwbrH0fdhko4,7,progressive,none,distinct,2 3 6 7 8 10 13
771WZaSQIc83H7If2Y,7,plain,none,mixed,1 1 3 7 9 11 17
771WI4aHW96Q6gfe96,7,plain,none,mixed,1 3 3 7 9 12 14
771WaK4JOeg0YuyC1D,7,plain,none,mixed,1 2 2 3 8 13 20
771WGOeYUIA8KbEA44,7,plain,none,mixed,1 5 6 6 8 8 15
771WI9LL4X365nH7dG,7,progressive,none,distinct,1 3 6 7 9 10 13
771WYYgXTOeGTOCAA4,7,plain,none,mixed,2 2 7 7 10 10 11
771WOOK7IoGXYDT984,7,distinct,none,distinct,2 3 4 7 10 11 12
771W8GPSZA446cHTTJ,7,plain,none,mixed,3 3 5 8 9 10 11
771W9oK46RBIYfAGa6,7,plain,none,mixed,2 4 4 5 8 12 14
771WG02Oi48gkADCKK,7,plain,none,mixed,2 3 3 6 8 10 17
771WOaIZSCCI-2aK48,7,plain,none,mixed,3 3 5 6 10 10 12
771WGmQQYZ1HaKGGB8,7,distinct,none,distinct,1 2 3 6 7 12 18
771WGGff4441LLDEEI,7,plain,none,mixed,3 4 4 5 6 13 14
771WGLCQ821AAMIgbq,7,plain,none,mixed,1 5 7 7 8 10 11
771WIACqNNG4Cf1K52,7,progressive,none,distinct,1 2 6 8 9 11 12
771W0DenjaK8LScIIe,7,progressive,none,distinct,1 3 5 7 8 12 13
771W556yYW096A6QM6,7,distinct,none,distinct,1 2 3 4 12 13 14
771WCgIoaaYXOK4b88,7,progressive,none,distinct,1 5 6 7 9 10 11
771WuOPJHa2g93BB6G,7,progressive,none,distinct,1 5 6 7 8 10 12
771WCIQB10G99maa8A,7,plain,none,mixed,1 2 2 7 7 7 23
771W4Eabf9C2KKaHnu,7,progressive,none,distinct,2 4 6 7 8 10 12
771W4eTyxS0XRHbIKA,7,progressive,none,distinct,2 4 6 7 9 10 11
771W88ChIg25AEH9D1,7,progressive,none,distinct,1 2 5 7 8 10 16
771WSSQPK9288AbJA5,7,progressive,none,distinct,1 3 6 8 9 10 12
771W1385QC4ssqfdL9,7,progressive,none,distinct,2 3 6 7 8 10 13
771WKSMUI6522eKM10,7,plain,none,mixed,2 3 3 4 10 12 15
771WYAnh6ca6mu41S8,7,distinct,none,distinct,1 2 5 6 8 13 14
771W0eGKHQIWGPgccc,7,progressive,none,distinct,1 4 5 7 9 11 12
771WKOKKW6246McJII,7,progressive,none,distinct,1 3 4 8 10 11 12
771W9993aIEAEDDE40,7,progressive,none,distinct,1 5 6 7 9 10 11
771WXHFCOOO4aK5HP1,7,distinct,none,distinct,1 3 4 6 9 11 15
771WWTRPcKb2dWCwaH,7,progressive,none,distinct,1 3 7 8 9 10 11
771W4eP8g4XLogiF9G,7,progressive,none,distinct,1 3 5 7 10 11 12
771W25XaOPHG416--K,7,distinct,none,distinct,2 3 4 6 7 8 19
771WXTEDLHm4bMY8O1,7,plain,none,mixed,1 5 5 7 9 9 13
771WO8AEcaK05a4AKK,7,plain,none,mixed,1 2 4 8 8 11 15
771WWH9YgfH6fPKKQW,7,progressive,none,distinct,1 3 7 8 9 10 11
771W0LoCT80RJjYyaI,7,progressive,none,distinct,1 4 6 7 8 10 13
771W839K5a0A9DryyA,7,progressive,none,distinct,1 4 5 6 9 11 13
771WuyeY2A64O8ZIOO,7,plain,none,mixed,2 3 4 4 7 8 21
771W42HnR8X7AKJpL2,7,progressive,none,distinct,1 3 6 8 9 10 12
771WK485QO844by8E6,7,plain,none,mixed,2 2 2 7 11 12 13
771W07wMLUYOHHQXcG,7,progressive,none,distinct,1 5 6 7 8 10 12
771W48vZmP1ZnjMs-m,7,progressive,none,distinct,1 3 7 8 9 10 11
771W88nPH12AQO445H,7,plain,none,mixed,1 2 4 4 7 15 16
771WfAHIcbJW5KKHw8,7,progressive,none,distinct,1 4 5 6 9 11 13
771Wm2SljpK1eI4NfX,7,distinct,none,distinct,1 3 4 6 8 9 18
771WI9EwskY48gL9m0,7,progressive,none,distinct,3 4 5 7 8 9 13
771WbgMjA91L9Hu4k4,7,progressive,none,distinct,2 4 6 7 8 10 12
771WGKyWa242IAQjkk,7,progressive,none,distinct,1 5 6 7 8 10 12
771W88aGAHEH9ETCBA,7,progressive,none,distinct,1 3 7 8 9 10 11
771W6sXQr6I2iRN4U2,7,progressive,none,distinct,3 4 6 7 8 10 11
771WqeOTQ102IceCA5,7,plain,none,mixed,1 2 5 5 8 12 16
771WCFCHYaXWbf9YKf,7,plain,none,mixed,1 3 3 4 11 11 16
771WaC881K8Y21bNNL,7,plain,none,mixed,1 4 4 5 6 9 20
771WCi4CaYOaLKD322,7,progressive,none,distinct,1 4 5 6 8 10 15
771WW9LM2Y36brL98X,7,progressive,none,distinct,1 4 6 8 9 10 11
771W49fOHO6G85lFEY,7,progressive,none,distinct,1 5 6 7 9 10 11
771WKayae42aoAM988,7,progressive,none,distinct,2 3 6 7 9 10 12
771WGHThilO09GGVIb,7,progressive,none,distinct,1 3 7 8 9 10 11
771W09fCgYoKABbjeW,7,plain,none,mixed,3 3 6 7 7 11 12
771WKQPea4W299baKS,7,progressive,none,distinct,1 4 5 8 9 10 12
771Wgbc-oI2138aeu8,7,progressive,none,distinct,2 3 5 7 8 11 13
771W418Y441599Pzvu,7,progressive,none,distinct,1 3 4 6 9 12 14
771WHXMXJSK0yHIASY,7,progressive,none,distinct,1 3 5 7 10 11 12
771W0AqOLI5G8NhyVP,7,progressive,none,progressive,1 3 5 7 9 11 13
771WH9DFbsY26bH4A2,7,progressive,none,distinct,2 4 5 7 9 10 12
771WaKagxNGAuCA914,7,progressive,none,distinct,2 4 5 7 8 10 13
771W9Ik-EE8G4u1Hc6,7,progressive,none,distinct,2 4 6 7 8 10 12
771WY65BE28gggZDKG,7,progressive,none,distinct,1 4 6 8 9 10 11
771W2SC4mb4bYsEY21,7,plain,none,mixed,1 2 5 7 7 10 17
771WHLLse9H68je482,7,distinct,none,distinct,1 2 4 7 8 9 18
771WGOypCE2K8iHE48,7,plain,none,mixed,2 2 5 6 8 13 13
771WIwYaBAAeKaKO42,7,plain,none,mixed,2 3 5 5 8 10 16
771WWHHAACaabD9A8W,7,plain,none,mixed,1 3 5 7 7 12 14
771WHC89p0817XaqoQ,7,plain,none,mixed,1 2 3 4 4 9 26
771W8VIWgXX0AgSisK,7,progressive,none,distinct,1 4 5 6 10 11 12
771WXIP695O0W9VPrA,7,plain,none,mixed,1 4 5 6 6 9 18
771WB7lA48G9HHkWC4,7,plain,none,mixed,2 2 3 5 9 12 16
771W12NWzDG8ALLCyH,7,progressive,none,distinct,1 2 3 8 9 12 14
771WYJ9XjY11iSIMb3,7,progressive,none,distinct,1 4 6 7 9 10 12
771WIEIIKJe54rKY56,7,progressive,none,distinct,1 4 6 8 9 10 11
771WW4dAA88GeefHNF,7,distinct,none,distinct,2 3 4 8 9 10 13
771WW887bLY4ZXfebf,7,plain,none,mixed,2 3 4 6 9 9 16
771WGQW8046OOeKMdd,7,plain,none,mixed,1 2 4 4 7 13 18
771WgISqamG1esEO88,7,plain,none,mixed,2 3 6 7 7 8 16
771WAf57BQ0oIHK8b3,7,progressive,none,distinct,1 3 5 6 8 12 14
771W44I8BJIOOBDT14,7,distinct,none,distinct,2 3 4 5 10 11 14
771W8GBBgII53oKK4G,7,plain,none,mixed,2 3 4 8 8 11 13
771WXIACqbC5ZL89X2,7,plain,none,mixed,2 3 4 7 10 10 13
771WAAii14GCKL9M62,7,distinct,none,distinct,1 4 5 7 8 11 13
771WYmrmBKK4WE8Iqw,7,progressive,none,distinct,1 2 4 7 10 11 14
771W82yCiCaBKCnq44,7,progressive,none,distinct,1 4 5 8 9 10 12
771WGGuOvP4CIH5445,7,plain,none,mixed,2 4 4 5 7 9 18
771W4cMJYKeWNGHQea,7,progressive,none,distinct,1 4 5 7 9 10 13
771W5QcaD0W9KqIia2,7,plain,none,mixed,1 1 2 7 9 10 19
771WWXwgcE62U6LGGW,7,plain,none,mixed,1 4 5 7 7 11 14
771W8eeO44AaSOD988,7,plain,none,mixed,2 2 4 5 12 12 12
771WGaPPSAC2ouYLM6,7,plain,none,mixed,1 5 6 8 9 10 10
771W28CX5599DDjoIO,7,progressive,none,distinct,3 4 5 7 9 10 11
771WHu4ZeKGOYHtiaC,7,distinct,none,distinct,1 3 5 6 9 12 13
771W24gJBBHG8DKq94,7,plain,none,mixed,3 3 5 8 8 11 11
771WIIKokcQ8147Q22,7,progressive,none,distinct,1 3 4 5 11 12 13
771WYIgIm8M4wFMN22,7,progressive,none,distinct,1 5 6 7 8 9 13
771WH8E5inH52YCIAa,7,progressive,none,distinct,1 2 3 8 9 12 14
771WOKaPHHGGOOy449,7,plain,none,mixed,3 3 3 4 9 13 14
771WMKAgO884CQ0Gqq,7,plain,none,mixed,2 3 4 4 8 8 20
771W04KqqoAHOHHZYY,7,progressive,none,distinct,2 4 5 6 9 11 12
771WmvOnA9H8KDggkG,7,progressive,none,distinct,2 5 6 7 8 9 12
771WA642EY0655ZTMM,7,distinct,none,distinct,2 3 4 5 8 10 17
771WACIDA4W89PZ-KO,7,progressive,none,distinct,2 4 5 7 8 11 12
771WZJRJJY4XY8GH42,7,progressive,none,distinct,1 4 5 6 8 9 16
771W05HZXYuISLLbgG,7,progressive,none,distinct,1 2 4 9 10 11 12
771WG8gYIaaIEiKM88,7,progressive,none,distinct,2 4 6 7 9 10 11
771WiiRAA64aKC2H8G,7,progressive,none,distinct,1 5 6 7 9 10 11
771WGOQLKX1XYaSQA4,7,plain,none,mixed,2 2 4 7 9 12 13
771WEHHLdc015f9fi2,7,progressive,none,distinct,1 4 6 8 9 10 11
771WOq5U22XfO4eC9G,7,plain,none,mixed,1 1 3 8 9 9 18
771WW0bqKK8mC99GGO,7,plain,none,mixed,1 1 1 6 9 15 16
771W8eA9cYYWssIKC4,7,progressive,none,distinct,2 3 6 8 9 10 11
771W8LLPIee02agoqa,7,progressive,none,distinct,2 3 4 5 10 12 13
771WA8IA58888O-w64,7,distinct,none,distinct,2 3 4 8 9 10 13
771WYK5K788aaOQqIC,7,plain,none,mixed,1 6 6 6 8 10 12
771Wwrhhx7422KYHW3,7,progressive,none,distinct,1 5 6 7 9 10 11
771WWoTbI88KiAIMam,7,progressive,none,distinct,2 4 6 7 8 10 12
771W1132oeOADAAAIA,7,plain,none,mixed,3 3 4 5 8 9 17
771W56ReaYa28GKJgI,7,distinct,none,distinct,2 3 4 5 10 12 13
771W1ACT-e452AXocA,7,plain,none,mixed,2 2 3 6 9 12 15
771W03xEAw2HAJ95e8,7,distinct,none,distinct,1 2 5 6 8 9 18
771WHYYa952aa469X5,7,plain,none,mixed,2 2 2 3 12 13 15
771WZZCEA282II5LSC,7,plain,none,mixed,2 2 6 8 10 10 11
771WYqqXA888iCCa6A,7,plain,none,mixed,2 3 3 8 10 10 13
771WGaco38W8bfgQKI,7,distinct,none,distinct,1 4 5 7 8 11 13
771WIUPQgXH072qKQG,7,progressive,none,distinct,1 4 5 7 9 11 12
771WWG6S04e5aOLUMM,7,plain,none,mixed,1 1 5 7 10 11 14
771W2zXWJLbGbIYIqC,7,plain,none,mixed,3 4 5 5 7 9 16
771WAIn8FP1IAfACU4,7,progressive,none,distinct,1 3 6 8 9 10 12
771W8NOubYKA5mKZIa,7,progressive,none,distinct,2 3 6 7 8 11 12
771WILepwA8G2SHXiO,7,progressive,none,distinct,1 3 5 8 9 10 13
771WYYbDCs429B5M5H,7,progressive,none,distinct,3 4 5 7 8 10 12
771WKbUB7XYWIgs8Je,7,plain,none,mixed,2 5 5 6 6 12 13
771WaemgQe4X6ShA88,7,progressive,none,distinct,1 4 6 7 8 11 12
771W4KQTjbJWbuYP80,7,progressive,none,distinct,1 4 6 7 9 10 12
771WCSIHzbcWcQCO90,7,progressive,none,distinct,1 4 5 7 9 10 13
771WWGgiaYIWrKKQGG,7,progressive,none,distinct,1 3 4 8 10 11 12
771W47z8C26IAIKReG,7,distinct,none,distinct,1 3 5 8 9 10 13
771W89DGIoA32DCSOW,7,plain,none,mixed,1 2 4 8 8 13 13
771WGC9A73488eKZgr,7,plain,none,mixed,2 4 4 6 8 9 16
771WYKswgr02v6An31,7,progressive,none,distinct,1 4 6 7 9 10 12
771WC44YYeIifeBB44,7,progressive,none,distinct,1 3 4 8 9 11 13
771WAYMMhCbIbnKJ34,7,progressive,none,distinct,2 4 5 8 9 10 11
771WaiGnfCKIezOAA4,7,progressive,none,distinct,2 4 6 7 8 10 12
771W22KaMA88CIIM55,7,distinct,none,distinct,1 4 6 7 9 10 12
771WOswRSQ64i1n6iW,7,progressive,none,distinct,1 2 6 7 8 12 13
771WHHM6C14CCKIFJ1,7,progressive,none,distinct,1 3 6 7 9 10 13
771W8GwaoKIIOqCBKK,7,progressive,none,progressive,1 3 5 7 9 11 13
771WWIgkM652s6QHWX,7,progressive,none,distinct,1 3 5 7 8 12 13
771WXkg6BGGKCEiKY4,7,progressive,none,distinct,2 4 5 7 8 10 13
771WWGHud88Ac6EACI,7,plain,none,mixed,2 3 6 6 7 9 16
771WJTQ7544GGeOaO2,7,plain,none,mixed,2 4 4 6 6 9 18
771WOO1E8H0PPgMQMD,7,progressive,none,distinct,1 4 6 8 9 10 11
771W9Ho89zmI8gB9H4,7,progressive,none,distinct,1 2 6 8 9 10 13
771W5K0QAACaaOK5Ag,7,plain,none,mixed,1 4 5 5 6 10 18
771WIYYSoca4gAEC11,7,progressive,none,distinct,1 3 6 7 8 11 13
771W0zeiI40aaMwbZJ,7,progressive,none,progressive,1 3 5 7 9 11 13
771WKrHOA88WGC2IKi,7,plain,none,mixed,1 2 3 5 10 14 14
771WLH8AQYY02se84K,7,plain,none,mixed,1 2 2 6 12 12 14
771W2qqjOq4IdA6e84,7,distinct,none,distinct,1 4 5 7 9 11 12
771W248CqqKLKKOmGG,7,distinct,none,distinct,2 4 5 6 7 9 16
771Wa49Q87Ie8DN4AH,7,plain,none,mixed,1 1 3 10 11 11 12
771W8DraaC0I8ORYYA,7,plain,none,mixed,1 2 3 7 7 10 19
771W243jDAG9DD2wH3,7,plain,none,mixed,2 2 7 7 7 8 16
771WAwCMJJ2HXS4O61,7,progressive,none,distinct,1 3 5 7 10 11 12
771WGno5AY89hJKOTX,7,progressive,none,distinct,2 3 4 8 9 11 12
771W48YnHRRKOIoI80,7,plain,none,mixed,2 2 4 7 7 13 14
771Wc68KY89Y48IEQR,7,plain,none,mixed,1 1 4 5 7 13 18
771W9NTQgMK24p9ZO0,7,progressive,none,distinct,1 2 7 8 9 10 12
771WWiF880KYIJpAIA,7,plain,none,mixed,1 1 2 10 10 12 13
771WGMrMMM9O8XWXPG,7,progressive,none,distinct,1 5 6 7 8 9 13
771WKMAInoI41PHn60,7,plain,none,mixed,1 3 4 4 11 12 14
771WH2IXf14IQgijDe,7,progressive,none,distinct,1 4 6 7 8 10 13
771WKKegiqKXmIOC88,7,progressive,none,distinct,2 4 6 7 9 10 11
771W29nvnCGIKNfgg0,7,plain,none,mixed,2 3 6 8 8 8 14
771WKK2gEdGSRgaH21,7,progressive,none,distinct,1 2 4 8 10 11 13
771WqiMc8A90Sqc6HG,7,progressive,none,distinct,2 3 5 6 8 11 14
771W0G9q99HgcVSKK8,7,progressive,none,distinct,2 4 5 6 9 10 13
771WaYYSb04JD59gYa,7,plain,none,mixed,2 3 4 4 9 12 15
771WPIIBC8122AZbf5,7,progressive,none,distinct,1 3 6 8 9 10 12
771WAEMJnm850JIg68,7,plain,none,mixed,2 2 3 7 9 11 15
771WYKuf9LaCnAQf90,7,distinct,none,distinct,1 4 5 7 8 9 15
771W199ChJ2aYZ9D9a,7,progressive,none,distinct,1 4 6 7 8 11 12
771W6YE4D22aKKQg24,7,plain,none,mixed,1 1 5 9 9 11 13
771W568OA9G885KKcb,7,plain,none,mixed,1 3 3 10 10 10 12
771W1IKQ68OccJUOY2,7,progressive,none,distinct,1 5 6 7 9 10 11
771W2aPKaCHJtYvf9G,7,progressive,none,distinct,2 5 6 7 8 10 11
771W01kffLIIA8I9Pa,7,plain,none,mixed,3 4 4 4 9 9 16
771WgirqKCC4K2Ge8G,7,progressive,none,distinct,2 3 4 7 8 12 13
771WW0KM6AAqKGI855,7,plain,none,mixed,1 2 4 4 6 14 18
771WMUMNae414GZ48C,7,progressive,none,distinct,1 3 4 6 10 11 14
771W9Y4iLKaPba8IY4,7,progressive,none,distinct,1 4 5 7 8 11 13
771W6621L5gIJNM198,7,plain,none,mixed,2 2 5 6 7 8 19
771WannIYA22Ucb58W,7,plain,none,mixed,1 4 6 6 8 10 14
771WKaiggg86X1G899,7,progressive,none,distinct,1 4 5 6 9 11 13
771WD3jjL928KIbJZG,7,progressive,none,distinct,1 2 6 7 9 11 13
771WOOqB443G8eS949,7,plain,none,mixed,1 1 3 5 10 12 17
771WE8KCooI8DS4qGG,7,progressive,none,distinct,1 2 7 8 9 10 12
771WFNH44UYHHg9Q80,7,plain,none,mixed,1 2 5 6 9 13 13
771WbQ54CVWBgPy9w1,7,progressive,none,distinct,1 4 6 7 8 11 12
771WXoofQwA1d8AAi0,7,progressive,none,distinct,1 4 5 7 9 11 12
771WILbjKA4eyA5d4W,7,progressive,none,distinct,2 3 6 8 9 10 11
771W22L5oGGKMEEIM2,7,progressive,none,distinct,1 5 6 7 8 10 12
771WabWj9564886uvK,7,plain,none,mixed,2 4 4 4 8 13 14
771W0CabMIIKKMc248,7,plain,none,mixed,2 2 6 6 7 7 19
771WIH5lf6282IQ7eA,7,progressive,none,distinct,1 2 4 9 10 11 12
771WYeqgIG84KDqiYY,7,progressive,none,distinct,2 3 4 7 10 11 12
771WOKaCAW8GRBiKII,7,progressive,none,distinct,1 4 6 7 8 11 12
771WAA694iY9AAT984,7,progressive,none,distinct,1 5 6 7 9 10 11
771W2CXceeIGPOjrue,7,progressive,none,distinct,2 4 6 7 8 10 12
771W13i9CcAHAAHUy4,7,progressive,none,distinct,1 3 6 7 8 11 13
771W22aSaAHIC96M76,7,plain,none,mixed,3 3 4 6 9 10 14
771W8egw233aaeKK02,7,plain,none,mixed,2 3 3 4 5 16 16
771W0GKMQUgef46PGG,7,plain,none,mixed,3 4 4 4 7 11 16
771W8NBZ9AAKOuqKY8,7,progressive,none,distinct,2 4 5 6 7 10 15
771WCD9z9G8487Qcc4,7,progressive,none,distinct,2 4 6 7 9 10 11
771Whe844H59PRB2Y0,7,plain,none,mixed,1 4 4 5 6 10 19
771WKUIn93484aIJfe,7,plain,none,mixed,3 4 4 6 7 12 13
771WKLwwQC44KI1IGW,7,distinct,none,distinct,2 3 5 6 9 11 13
771W245KkC846ADiAI,7,plain,none,mixed,2 4 6 7 7 8 15
771WKJJYIM6D5AAe0e,7,distinct,none,distinct,1 2 4 6 8 13 15
771W14aHHM79HQQeh4,7,progressive,none,distinct,1 4 6 8 9 10 11
771WCJHNm8242wPru4,7,progressive,none,distinct,1 4 5 6 9 10 14
771WEFIYI984CQP9ZG,7,progressive,none,distinct,2 3 5 8 9 10 12
771WuMcAHG1Cq5f9bY,7,progressive,none,distinct,1 4 6 7 9 10 12
771Wei5JKa2YJPfTG4,7,progressive,none,distinct,1 4 6 8 9 10 11
771WALKCXk015jgbcK,7,progressive,none,distinct,2 3 4 8 9 11 12
771W954KqYY46AgIG0,7,distinct,none,distinct,1 3 4 5 8 13 15
771W2C55Y8G377soK4,7,distinct,none,distinct,1 2 3 7 8 11 17
771W11X4Rh9P244CD8,7,plain,none,mixed,1 2 3 6 6 7 24
771WASJY2546AoImAH,7,plain,none,mixed,1 3 6 6 8 8 17
771WLLDTfYH05ucA92,7,progressive,none,distinct,2 4 5 6 8 11 13
771W6A2PZHGQUSa4A1,7,progressive,none,distinct,1 3 4 7 9 12 13
771W09OWOIK8CJjjkU,7,plain,none,mixed,2 5 7 7 7 8 13
771WSOag5468K4OjaY,7,plain,none,mixed,1 3 5 7 7 11 15
771WH99AeGG24caaiC,7,distinct,none,distinct,2 3 4 6 8 12 14
771WabMC9HY8PA4ena,7,plain,none,mixed,3 3 4 4 9 9 17
771WOIH9JIW01FZZMI,7,plain,none,mixed,1 3 3 6 8 14 14
771WKEYrG407JvPsE6,7,progressive,none,distinct,1 3 7 8 9 10 11
771W0IAcEAAeaKE8aa,7,plain,none,mixed,1 6 6 6 8 10 12
771WDAIII2922KLrX0,7,plain,none,mixed,2 3 3 6 11 12 12
771W8O8G43Xqrj5322,7,plain,none,mixed,2 2 3 6 6 10 20
771W9oBBBZ9XIYnnu0,7,progressive,none,distinct,1 3 4 6 8 13 14
771W2bc8S95AYajYwA,7,progressive,none,distinct,2 5 6 7 8 10 11
771W4E8gmmG924iy44,7,plain,none,mixed,1 2 3 3 12 13 15
771W2HniSiP4Jife8X,7,progressive,none,distinct,1 3 4 8 9 10 14
771WCA29YfB9CCRxE0,7,plain,none,mixed,2 3 4 5 11 12 12
771W33H5IIXDCLLPF2,7,progressive,none,distinct,1 3 6 8 9 10 12
771W4I2DMNJaaKOv4A,7,progressive,none,distinct,2 5 6 7 8 10 11
771WeeiV8CX4D9M1D0,7,plain,none,mixed,1 2 5 6 6 8 21
771W0K8IPXYYWQSyro,7,plain,none,mixed,2 3 3 4 7 9 21
771W9AIxHqmA4O47h5,7,distinct,none,distinct,2 4 5 6 9 10 13
771WYfLNF6M0G5peY4,7,plain,none,mixed,2 4 5 5 7 11 15
771W21R9MO488LFAy4,7,distinct,none,distinct,1 3 4 5 9 12 15
771W5ZbHMHHWOQQq62,7,progressive,none,distinct,2 3 6 8 9 10 11
771WayeiA104KaQcYX,7,plain,none,mixed,3 3 4 5 5 13 16
771WeY-LFH15TAqYC8,7,plain,none,mixed,1 4 5 8 8 11 12
771W8EHbc7628OOiO7,7,progressive,none,distinct,1 3 5 7 9 10 14
771W55ImcdK49SSAL6,7,progressive,none,distinct,3 4 5 7 9 10 11
771W99HnMGWC5K426Y,7,plain,none,mixed,1 1 5 5 9 13 15
771W12mnIgg6HNKKa8,7,plain,none,mixed,2 2 6 7 7 12 13
771WG4dzBBIG4feCHK,7,progressive,none,distinct,2 4 5 8 9 10 11
771WGHAPmG224TPPOa,7,distinct,none,distinct,1 2 4 8 9 10 15
771W4474QA1AAEDL9G,7,progressive,none,distinct,1 4 6 7 9 10 12
771WB4wOiWWCK4oKiC,7,plain,none,mixed,1 3 3 7 8 10 17
771W349508aJIIPqq4,7,plain,none,mixed,1 1 5 6 6 9 21
771W6MMPUVSWW886D2,7,progressive,none,distinct,1 4 5 8 9 10 12
771Wc9P5iYHiDKg6b0,7,progressive,none,distinct,1 4 6 8 9 10 11
771WQhgY2444e8GIYI,7,plain,none,mixed,3 4 5 5 6 7 19
771WHCfgInHIDeaKQW,7,progressive,none,distinct,1 3 5 6 7 13 14
771W8BHQee414Orrf9,7,progressive,none,distinct,2 3 6 7 9 10 12
771W856IKU2229gboo,7,plain,none,mixed,1 4 4 8 8 9 15
771W24KSjaKINIOY24,7,plain,none,mixed,3 5 5 7 7 9 13
771W4DMsI59ieoZ4IW,7,progressive,none,distinct,1 4 5 7 9 10 13
771W44s9D6I8G9BMCA,7,progressive,none,distinct,2 4 5 6 8 11 13
771WIKEss482AQBYGG,7,distinct,none,distinct,2 4 6 7 8 9 13
771W8AKmu7082Sgvhg,7,plain,none,mixed,1 4 4 5 10 10 15
771W4A9emUL825YYne,7,plain,none,mixed,3 3 3 3 6 13 18
771W48OGKN599IgDEC,7,plain,none,mixed,3 6 6 6 8 9 11
771WGegjaab0WWKRB6,7,distinct,none,distinct,2 3 4 5 8 12 15
771WQHGrj88866YeeI,7,plain,none,mixed,2 2 3 7 8 12 15
771W845qY9P9F6aCAG,7,progressive,none,distinct,1 2 6 8 9 10 13
771WKInWG4YKDZZXG8,7,plain,none,mixed,2 2 4 5 6 7 23
771WQIGEn1W52CaeKL,7,plain,none,mixed,1 2 2 4 10 12 18
771WYYQQb1X5IMMK40,7,distinct,none,distinct,1 2 4 8 9 11 14
771WaKKU5Gc4b6AB62,7,plain,none,mixed,1 3 7 8 8 10 12
771W9AAC3SH4465EqJ,7,progressive,none,distinct,1 3 6 8 9 10 12
771Wee96Ida0IKCA9J,7,plain,none,mixed,1 4 4 6 10 11 13
771WGGm9902goA889B,7,plain,none,mixed,2 2 2 3 7 15 18
771W0KKAiRQaYeYUIH,7,progressive,none,distinct,3 4 5 7 9 10 11
771WCVPOA42aa4MLYA,7,plain,none,mixed,2 6 6 6 7 10 12
771W43QLLK4KKH9YAu,7,plain,none,mixed,1 4 6 7 8 8 15
771W4AYbsQeGVQeYD1,7,progressive,none,distinct,1 3 6 7 9 11 12
771W469uLR2489NXID,7,plain,none,mixed,2 3 4 6 10 12 12
771WGCjwu414Iu6jfu,7,progressive,none,distinct,1 4 5 7 9 10 13
771W2aC8MLYaLHDaZX,7,plain,none,mixed,2 2 5 7 9 11 13
771WaoynG802MgnfPL,7,progressive,none,distinct,2 4 5 6 8 10 14
771WYYvqa9A0IMSIJO,7,progressive,none,distinct,1 3 4 8 10 11 12
771WacwXHKO0SARg28,7,plain,none,mixed,1 3 3 7 9 10 16
771W3792XmH9CFNdV8,7,progressive,none,distinct,2 3 4 8 9 11 12
771W4Ka4Xw29Mbcgek,7,progressive,none,distinct,1 3 6 7 8 11 13
771W2SiCiqXCInJX10,7,plain,none,mixed,1 3 3 6 9 9 18
771W21IAqqQC9KPVo2,7,progressive,none,distinct,2 4 5 7 8 10 13
771W01YcbjbGRRPGKW,7,distinct,none,distinct,2 3 5 7 8 11 13
771WIoAn9W0fMUIIA2,7,plain,none,mixed,3 5 5 6 8 9 13
771WOMLffrI182gXHA,7,progressive,none,distinct,2 3 5 7 9 11 12
771WX1GCg52qMUITR8,7,progressive,none,distinct,1 2 5 8 10 11 12
771WIYbay422Y62Hme,7,distinct,none,distinct,1 2 3 6 9 13 15
771W133IiYGDA757X9,7,distinct,none,distinct,2 3 4 5 7 9 19
771WWMcUkoo0yAAaWW,7,progressive,none,distinct,2 3 5 7 9 11 12
771W2Ec966K8GHjaD5,7,plain,none,mixed,2 4 5 5 7 9 17
771WToILT44Ka2a8e2,7,progressive,none,distinct,1 3 5 7 10 11 12
771W8HMeiye0BmvqiS,7,progressive,none,distinct,1 5 6 7 9 10 11
771W1gggC8WWbb46cc,7,plain,none,mixed,1 3 6 6 10 11 12
771W8GNJCTA22rGFID,7,progressive,none,distinct,1 4 5 6 9 11 13
771W1QqAC798GeJUnI,7,distinct,none,distinct,2 3 4 6 9 11 14
771W223DIa2B8E6FKG,7,plain,none,mixed,1 3 3 4 9 13 16
771W2IKHEe8ZWSQSE2,7,distinct,none,distinct,1 2 5 8 9 10 14
771WIJJwIAC84689WO,7,progressive,none,distinct,1 3 7 8 9 10 11
771W24O9eCIKIBMb59,7,progressive,none,distinct,2 4 6 7 8 10 12
771WYAIb8BGb9PkY96,7,progressive,none,distinct,1 2 7 8 9 10 12
771W3qkXKAAaaI8sCe,7,plain,none,mixed,1 3 6 8 8 8 15
771W46KCB8GGG9AcMI,7,progressive,none,distinct,1 3 5 8 9 10 13
771WiPRii9G0g3ZfnA,7,progressive,none,distinct,1 5 6 7 8 10 12
771W28OjWXiKPHaf96,7,plain,none,mixed,2 3 3 4 8 12 17
771WCKAyC4CPLfIO88,7,progressive,none,distinct,3 4 5 7 8 10 12
771Wcgg4fnGK9AiC41,7,progressive,none,distinct,2 4 5 7 8 11 12
771W1fPfZaIXPGadYW,7,progressive,none,distinct,1 2 6 8 9 10 13
771WaDLCqH1AivbZZ8,7,progressive,none,distinct,3 4 5 6 9 10 12
771WA459IA488EfnL9,7,distinct,none,distinct,2 3 5 6 10 11 12
771WO442qa5ba2YC89,7,plain,none,mixed,1 2 2 8 10 10 16
771WeaKBCaD2JBi485,7,distinct,none,distinct,1 4 5 7 9 10 13
771W99Aw847OKS64H0,7,plain,none,mixed,1 1 4 6 10 12 15
771WHcgY4n46h9PkY1,7,plain,none,mixed,1 3 5 5 9 11 15
771WmgGOeI8YMfNNaa,7,plain,none,mixed,1 5 6 6 7 10 14
771WQjDDIZGGZ4CaX6,7,distinct,none,distinct,1 3 4 5 9 13 14
771WCIIJJ2044oIoB9,7,plain,none,mixed,2 4 4 7 9 9 14
771WCAHHco315QAiPK,7,progressive,none,distinct,1 2 5 7 9 12 13
771W4q2a7A2bPfgS53,7,progressive,none,distinct,2 3 5 8 9 10 12
771WSQaOW952UMRo20,7,distinct,none,distinct,2 3 4 5 7 8 20
771W449OO88KKQGWWu,7,plain,none,mixed,1 2 3 5 8 8 22
771W54ASGa474AMO8e,7,plain,none,mixed,1 1 3 7 9 13 15
771WW2IHBA9GmiiiF8,7,progressive,none,distinct,1 4 5 7 9 10 13
771WeYA5x515JNhcC8,7,progressive,none,distinct,1 4 5 8 9 10 12
771WWZKIsK83LABMeO,7,progressive,none,progressive,1 3 5 7 9 11 13
771W8OiyK21KOcAIHG,7,progressive,none,distinct,2 3 4 5 9 12 14
771WYghgA55488omI8,7,progressive,none,distinct,2 4 5 7 8 10 13
771W88uaEEI4O9C544,7,distinct,none,distinct,1 2 5 6 9 11 15
771WImqyKq8Y5benHH,7,progressive,none,distinct,3 4 5 6 9 10 12
771WHH2a8F4TL56AH2,7,plain,none,mixed,1 4 5 5 6 12 16
771W9XFE6254qqKJ90,7,plain,none,mixed,2 2 3 9 10 10 13
771WYXZa4GG4GIIQwY,7,distinct,none,distinct,1 2 4 8 9 10 15
771WI6235n821ZZr58,7,plain,none,mixed,1 3 4 6 7 7 21
771W4BA8KGXGHMYaiT,7,progressive,none,distinct,1 3 4 7 10 11 13
771WeT99LHI0WMoab8,7,progressive,none,distinct,1 3 5 6 9 10 15
771WmvPhePYGBXBB6X,7,progressive,none,distinct,2 4 5 7 9 10 12
771W42Ib54AC8GHxA8,7,plain,none,mixed,1 2 4 7 7 11 17
771WX2ACTGOiC9IQY4,7,plain,none,mixed,1 1 4 6 10 13 14
771WGopKdoqe4IIPio,7,progressive,none,distinct,2 3 6 8 9 10 11
771W4527BUI2215QOY,7,plain,none,mixed,4 4 4 5 5 6 21
771W4agHHmWEbemG8A,7,plain,none,mixed,2 2 3 6 7 8 21
771WOAIY45448u8Ceh,7,plain,none,mixed,1 1 4 8 9 10 16
771W845AgJC265gB9I,7,plain,none,mixed,4 4 5 6 6 9 15
771W5YquRKA5Xo_LY4,7,progressive,none,distinct,2 4 5 7 8 11 12
771W4KqiACHG4jZ754,7,progressive,none,distinct,1 4 6 7 9 10 12
771W0G49f98aYIPPPS,7,progressive,none,distinct,1 3 6 7 9 11 12
771WI358uG8BDhWue8,7,plain,none,mixed,3 3 3 3 4 5 28
771WJQQMMY012aCAX1,7,plain,none,mixed,1 2 4 7 11 11 13
771WCCCIY9I249AQLM,7,plain,none,mixed,3 3 5 6 8 12 12
771WWaMAgD57H99Ymo,7,progressive,none,distinct,1 2 4 9 10 11 12
771W65X45s2DMLLegK,7,progressive,none,progressive,1 3 5 7 9 11 13
771WHLJCIfmA8F0ygX,7,plain,none,mixed,1 2 3 6 8 8 21
771W11SSbaKIL8KII4,7,progressive,none,distinct,2 3 5 7 9 10 13
771W88X4KKMKCAQPOG,7,progressive,none,distinct,1 4 6 7 8 11 12
771W6fbaUI0X53r7aC,7,plain,none,mixed,1 4 4 7 9 11 13
771WGBMVbXX04qesQW,7,progressive,none,distinct,2 3 5 6 7 12 14
771W01HiajqGOPMPPY,7,progressive,none,distinct,3 4 5 6 8 10 13
771W1Y6McHKOkccnBe,7,progressive,none,distinct,1 3 7 8 9 10 11
771WXWvAg594goZYgI,7,plain,none,mixed,2 5 5 5 8 9 15
771WIK95JJ444HPjAH,7,plain,none,mixed,3 4 4 5 8 8 17
771W4i2ziKKYOMgO84,7,progressive,none,distinct,2 4 6 7 9 10 11
771W8HHAIXWegiaagH,7,distinct,none,distinct,3 4 5 6 7 10 14
771W21YUMKOG849AqK,7,plain,none,mixed,2 3 4 6 9 9 16
771WqNKA9968e85SbG,7,plain,none,mixed,1 5 5 7 8 10 13
771WPPLT2Si45QK640,7,plain,none,mixed,2 3 3 8 10 11 12
771W88L7f7nADKI5EG,7,plain,none,mixed,1 1 5 8 11 11 12
771W44sEAA1IQQL1HG,7,plain,none,mixed,1 3 7 8 9 9 12
771W486uBG85DBwICA,7,progressive,none,distinct,1 3 6 8 9 10 12
771WVfg4NO09X5EiI4,7,plain,none,mixed,1 3 4 7 8 13 13
771WOTagnG80I5SqyQ,7,progressive,none,distinct,2 3 5 6 8 12 13
771WKaeXiC5GgAL449,7,distinct,none,distinct,1 2 3 7 9 10 17
771W447dcYe83324L9,7,plain,none,mixed,2 2 4 5 9 9 18
771WXY6ROO8IIPOGa8,7,progressive,none,distinct,2 3 5 6 8 9 16
771WYIGHXR02cvww9C,7,progressive,none,distinct,1 3 4 8 9 11 13
771WKIYq4UO6Q64fII,7,progressive,none,distinct,2 4 5 6 9 11 12
771W8GQQfQG57m99MI,7,progressive,none,distinct,2 3 5 7 9 11 12
771WfHOKS212YCwonG,7,plain,none,mixed,2 3 3 7 9 12 13
771W4ee924aLiia648,7,plain,none,mixed,1 4 4 5 9 12 14
771WaaJKOT81H45QQ9,7,progressive,none,distinct,1 5 6 7 9 10 11
771W29oojI4IONbYt1,7,progressive,none,distinct,1 3 7 8 9 10 11
771WjnrbSC22cCfHG4,7,progressive,none,distinct,1 4 6 7 9 10 12
771WKKrp319P554C2G,7,distinct,none,distinct,1 3 5 6 9 10 15
771W88yS598KCO6KKH,7,progressive,none,distinct,1 3 7 8 9 10 11
771W4a8igaKgHGQ622,7,plain,none,mixed,2 3 3 6 7 13 15
771W58WiIACGKMg74a,7,plain,none,mixed,1 3 4 7 7 10 17
771W024acECOIIHLYY,7,progressive,none,distinct,1 2 5 8 10 11 12
771WKKa4LGGCSee226,7,plain,none,mixed,1 2 5 5 6 14 16
771WaC9IJD41XhAPJS,7,plain,none,mixed,1 5 5 6 8 10 14
771W43Q21YWIIAIoLp,7,plain,none,mixed,1 2 4 5 10 10 17
771WAAKIIQR44I0O98,7,plain,none,mixed,1 2 6 7 7 10 16
771WH977VX923bM8I0,7,distinct,none,distinct,1 3 4 7 8 11 15
771WaaeOOIX8PKI211,7,plain,none,mixed,1 3 3 6 7 9 20
771W8GIwiKG97vJK88,7,distinct,none,distinct,2 4 5 6 8 11 13
771W65br5r8I5AB1X5,7,progressive,none,distinct,2 4 5 6 9 11 12
771WWVHKIa4XYQgUeW,7,distinct,none,distinct,1 5 6 7 8 9 13
771WaMWBO824yQPPai,7,progressive,none,distinct,1 4 5 8 9 10 12
771WMPf9988GOOY2Y4,7,plain,none,mixed,2 3 4 5 9 13 13
771Wke88OPRK402Y30,7,plain,none,mixed,1 1 2 5 6 13 21
771WXX56ORX6NKL96C,7,plain,none,mixed,2 3 3 8 9 10 14
771WK0t4944G8u-IAM,7,plain,none,mixed,1 2 2 6 8 14 16
771W0YIIzYXYKMIKdW,7,progressive,none,distinct,1 2 6 7 10 11 12
771WbKBcdeG0fPAugK,7,progressive,none,distinct,2 4 5 7 8 11 12
771WbaGLO4a3I8EOOq,7,plain,none,mixed,1 1 5 8 10 12 12
771W655J9n09B62AcX,7,plain,none,mixed,1 2 5 6 6 11 18
771W91HcA84qyyVIO0,7,plain,none,mixed,3 3 3 7 9 10 14
771W88APPfbAA810OO,7,plain,none,mixed,2 2 4 4 7 9 21
771W2ABDKYfWZb4E5O,7,plain,none,mixed,1 2 7 7 9 10 13
771WQQSfZL0C6D5UA1,7,progressive,none,distinct,1 3 6 8 9 10 12
771W8am1O6GBxigPQM,7,progressive,none,distinct,1 2 5 7 9 12 13
771WgogbrH1HJqC2A0,7,progressive,none,distinct,2 3 5 6 10 11 12
771WOOYfAA94O8KKPL,7,distinct,none,distinct,1 3 6 7 8 11 13
771W42anJn9H6BAwC2,7,progressive,none,distinct,2 4 5 7 8 10 13
771W887JJSP88AQBH2,7,progressive,none,distinct,2 4 6 7 8 10 12
771W88eQQIOG85AA99,7,plain,none,mixed,1 4 6 8 9 9 12
771WqnlgqK02IL9qm8,7,plain,none,mixed,2 5 5 5 7 7 18
771W1IIILgcWZNKJa2,7,progressive,none,distinct,1 2 7 8 9 10 12
771WaCDIK42YYgITG8,7,progressive,none,distinct,1 4 6 7 9 10 12
771W4ClyB444OKgKAK,7,progressive,none,distinct,2 3 6 7 9 10 12
771WY9AMA26AgcSLm0,7,progressive,none,progressive,1 3 5 7 9 11 13
771W8Oe50Y8LF_EA95,7,progressive,none,distinct,1 3 5 7 8 12 13
771WjLKeeeOW9eCKK4,7,progressive,none,distinct,1 4 5 7 9 11 12
771WKqbHCDL0uD8KKI,7,progressive,none,distinct,1 2 6 7 9 10 14
771W289CCKDCCFYf9G,7,plain,none,mixed,2 3 3 8 11 11 11
771W2meOe28Kkshh88,7,progressive,none,distinct,2 3 4 6 9 11 14
771W24OMPTo89HUf41,7,progressive,none,distinct,1 4 5 7 8 11 13
771W853vFMK84AiT2a,7,progressive,none,distinct,2 3 5 6 9 11 13
771WIj594OGYImVf9b,7,plain,none,mixed,3 4 4 4 6 10 18
771WXUcMZIYHkJZ7a2,7,progressive,none,distinct,1 3 5 8 9 10 13
771W9A4trXY0A2IKvI,7,plain,none,mixed,2 3 3 5 6 12 18
771W4OOIYJ846Xf9AB,7,progressive,none,distinct,1 4 5 6 10 11 12
771W44CIHWm8BAQA62,7,plain,none,mixed,1 1 6 7 11 11 12
771W5JOSKa2ZWsgXG0,7,plain,none,mixed,1 2 3 3 4 16 20
771WGOeM8MYGPcEB44,7,plain,none,mixed,1 4 5 6 9 9 15
771WA21YoKY872YZOG,7,distinct,none,distinct,1 2 4 5 6 10 21
771W8uKCc20IsEQKHH,7,progressive,none,distinct,1 4 6 7 8 10 13
771W02GFEEkHGOOKea,7,progressive,none,distinct,1 3 4 7 9 12 13
771WABPHAIaGHE45Ke,7,plain,none,mixed,2 3 7 8 8 10 11
771W9nX4iyA9kzOPO0,7,progressive,none,distinct,3 4 5 6 7 10 14
771WIwusH88a0cSS42,7,progressive,none,distinct,1 3 4 5 11 12 13
771WqaAgXu44vQLK42,7,progressive,none,distinct,1 4 5 6 7 11 15
771W16XcNO2GSPRb_1,7,progressive,none,distinct,1 2 6 7 10 11 12
771WA64Oe82AEAfHGG,7,plain,none,mixed,3 3 3 4 8 11 17
771W8gOaKY85-gZhOO,7,plain,none,mixed,3 3 6 7 7 11 12
771WCuEEI20IYKmK99,7,plain,none,mixed,1 2 5 6 9 9 17
771WWJB5OGGaaIC8ea,7,distinct,none,distinct,1 2 3 6 10 11 16
771WLDCi91248eA67I,7,plain,none,mixed,2 3 4 4 9 11 16
771WYXWi4gQY54AAeO,7,plain,none,mixed,1 3 3 4 10 11 17
771W0GDJJJLaaOG9CG,7,distinct,none,distinct,1 4 5 6 7 12 14
771WG8OSgga24q58DD,7,plain,none,mixed,2 2 4 7 10 10 14
771W48a5Cd3HAAyDE8,7,plain,none,mixed,2 2 7 9 9 10 10
771WAQAA160ffPbc71,7,progressive,none,distinct,2 4 5 6 8 11 13
771WJSaaLKG0KXHggC,7,progressive,none,distinct,1 4 5 7 9 11 12
771W1EsIOeeeoeSaKq,7,progressive,none,distinct,1 4 6 7 9 10 12
771W9MQIda114iKZb3,7,progressive,none,distinct,1 4 6 7 8 11 12
771WSaaZnnY0jCiC18,7,distinct,none,distinct,1 2 4 5 7 8 22
771W2BBL8j1A9Dbgo4,7,progressive,none,distinct,1 5 6 7 9 10 11
771WWDL949A0WuUefc,7,plain,none,mixed,2 3 3 4 7 11 19
771W86EQEe0A95oEYY,7,progressive,none,distinct,1 4 6 7 8 11 12
771WXKKIMRJWW12ia6,7,distinct,none,distinct,1 2 4 6 9 12 15
771WIIwOUG09H2IKQQ,7,plain,none,mixed,2 4 5 7 9 9 13
771WGm8BIYWYIK889D,7,distinct,none,distinct,1 2 3 5 9 14 15
771WcEf9B84mee5KI2,7,progressive,none,distinct,1 2 5 7 9 11 14
771W3I_er8WYnFICqA,7,progressive,none,distinct,1 4 5 8 9 10 12
771W2gaACS4XfhKCKK,7,progressive,none,distinct,1 4 6 7 9 10 12
771W8GnwaJ0HFg669I,7,progressive,none,distinct,1 4 5 6 7 11 15
771WPL662AY32InLG0,7,distinct,none,distinct,1 2 3 5 7 12 19
771W0L5PUOiOPejYa4,7,progressive,none,distinct,1 5 6 7 8 10 12
771W0S5CJDhbaMeFCG,7,plain,none,mixed,1 4 7 7 7 10 13
771WCAleYe4H44Jgiq,7,plain,none,mixed,3 3 4 4 9 10 16
771WeKKcW438k6cB67,7,distinct,none,distinct,1 4 5 7 9 11 12
771W8OK543588eOB96,7,plain,none,mixed,2 2 3 6 7 12 17
771W0cig8EAX55LkOO,7,plain,none,mixed,3 3 3 4 9 11 16
771WKcRPKaKGp4GaCO,7,progressive,none,distinct,1 3 6 7 9 10 13
771W9QDDAIIWWo4Gq4,7,progressive,none,distinct,1 3 5 6 7 12 15
771WXJLLBx2nIrqaG1,7,progressive,none,distinct,1 4 6 8 9 10 11
771W0aRLMNPWmmfTI4,7,progressive,none,distinct,2 4 5 7 8 11 12
771WL8IJIKa01qKsqO,7,distinct,none,distinct,2 3 6 7 8 9 14
771WHGac68I4GHIC3Z,7,plain,none,mixed,1 1 2 6 8 15 16
771W2aaqLEIW4FDa64,7,progressive,none,distinct,2 3 5 6 10 11 12
771WaCeI88K6-pTC44,7,progressive,none,distinct,2 4 5 7 8 11 12
771Wa4OOJKCoI9K642,7,plain,none,mixed,1 5 6 7 7 8 15
771WHAgsqII8IyC6W0,7,plain,none,mixed,2 4 6 6 8 9 14
771WfIInb338cY26i1,7,distinct,none,distinct,1 2 4 6 8 12 16
771W466H88G44DEcEE,7,distinct,none,distinct,1 4 6 7 8 9 14
771W44CBLWW664KEA2,7,plain,none,mixed,2 2 3 3 11 14 14
771WjQOOO412Y26brK,7,progressive,none,distinct,2 3 6 8 9 10 11
771W2Qc56A8emmJHC4,7,plain,none,mixed,1 3 6 7 7 8 17
771W93YLEUHG86XfjG,7,distinct,none,distinct,2 3 4 5 9 10 16
771WGmiaa42KgQIHGG,7,plain,none,mixed,2 3 3 7 10 10 14
771W026IIMs89AAGaa,7,plain,none,mixed,1 4 6 6 7 9 16
771W03OOPLIIIAIHWL,7,plain,none,mixed,2 2 4 5 6 14 16
771WGeWx8K9e4hNLPK,7,plain,none,mixed,2 2 3 9 9 10 14
771WW8K54K4HngQDD9,7,plain,none,mixed,2 3 6 6 7 12 13
771W242YBDWebbZIqn,7,plain,none,mixed,1 2 6 8 8 9 15
771W99rJIK8GOHHA4G,7,plain,none,mixed,1 2 6 9 10 10 11
771WaQUUPG01X2sYMK,7,plain,none,mixed,2 4 5 7 7 11 13
771WeIHoigQ0fa66uW,7,progressive,none,distinct,1 2 4 6 10 12 14
771W8946AwA312K88u,7,plain,none,mixed,1 1 4 7 8 10 18
771WapZIa96ISWZa1g,7,plain,none,mixed,2 2 3 4 4 14 20
771WCYOKY14cmaSr75,7,plain,none,mixed,1 3 3 3 8 12 19
771W6oLrJ884ugeKI2,7,progressive,none,distinct,1 5 6 7 8 9 13
771WA4TEaIGGMVZ5go,7,progressive,none,distinct,1 2 7 8 9 10 12
771W44uAMo3I9MM489,7,progressive,none,distinct,1 2 7 8 9 10 12
771WfeQAre85ICIK4Y,7,progressive,none,distinct,1 2 5 8 10 11 12
771WG8WJGoOQHuPPMQ,7,progressive,none,distinct,1 3 5 6 9 12 13
771W8KNL4AX01jkAHK,7,plain,none,mixed,2 2 4 7 8 9 17
771WCssQYO1g6bAY89,7,distinct,none,distinct,1 2 6 7 8 9 16
771WXUUPhpI0bYaCb8,7,progressive,none,distinct,2 5 6 7 8 10 11
771WCCKoSYGE3K2E99,7,progressive,none,distinct,1 3 7 8 9 10 11
771W55PJggA54SG0C0,7,plain,none,mixed,1 1 2 7 10 12 16
771WCqfff50OYoAPP1,7,progressive,none,distinct,1 4 6 7 8 10 13
771W5AIIQI9OONa4X0,7,progressive,none,distinct,1 2 7 8 9 10 12
771W4mWLAKCqSdaAC8,7,progressive,none,distinct,1 3 5 7 8 9 16
771W8u9H277sMg206G,7,plain,none,mixed,1 2 4 6 6 8 22
771WJg53FXGKdcKAo1,7,progressive,none,distinct,1 3 6 7 9 11 12
771W6oC8eS0KYJAnHH,7,plain,none,mixed,1 1 4 9 9 11 14
771W88SqK21KOQAIHG,7,progressive,none,distinct,1 3 4 6 9 12 14
771W5LGmt2IYe33LIa,7,distinct,none,distinct,1 3 4 5 6 10 20
771W84bPMH5G83lAEH,7,progressive,none,distinct,1 4 5 6 9 11 13
771W3H92y44qsoii80,7,progressive,none,distinct,1 2 5 8 9 10 14
771W2IIC2O8YYB6Eaa,7,plain,none,mixed,1 2 5 7 10 12 12
771WGKGBDp221QSkfe,7,progressive,none,distinct,2 4 5 7 8 10 13
771WYG8Af9D2cM98aW,7,plain,none,mixed,1 2 2 6 10 10 18
771WGC8OrZ352eaIIK,7,plain,none,mixed,2 2 3 8 11 11 12
771WGLCbb32OIIAYXu,7,progressive,none,distinct,1 4 5 8 9 10 12
771WeHULLcg0YunmgG,7,progressive,none,distinct,1 2 5 8 10 11 12
771WGZRaa0e6zDKQYA,7,progressive,none,distinct,1 2 5 6 8 12 15
771WCj5MOOGeOH4eiK,7,plain,none,mixed,3 4 4 5 8 11 14
771W5CaYH8C4SQf84Y,7,plain,none,mixed,1 1 4 8 9 11 15
771W0GKLAOOgg46MKO,7,plain,none,mixed,2 4 4 5 7 11 16
771W4uQPIIYGXGySC8,7,progressive,none,distinct,2 3 6 7 9 10 12
771WG6IXMXY9EooaF8,7,progressive,none,distinct,1 4 6 8 9 10 11
771WOuFagIXaRAKK9G,7,plain,none,mixed,3 4 6 7 9 10 10
771W6430OL6DDCAOng,7,distinct,none,distinct,2 3 4 5 7 13 15
771WCELpGWW5AO8eK4,7,plain,none,mixed,1 4 4 4 7 9 20
771W7aKeDG8aORKAgC,7,plain,none,mixed,1 4 7 8 8 10 11
771W4dae6DaW55EKcL,7,progressive,none,distinct,3 4 5 6 8 11 12
771WehGnwOY2veTTgM,7,progressive,none,distinct,2 5 6 7 8 9 12
771WiCAswQ0f3C9L11,7,progressive,none,distinct,1 4 5 6 9 10 14
771W1JiZKKKGSemkQc,7,progressive,none,distinct,1 4 6 8 9 10 11
771W4wOKLb5HY2wKqm,7,progressive,none,distinct,2 5 6 7 8 10 11
771WC66KAIW896aiHH,7,progressive,none,distinct,1 2 5 8 9 11 13
771W5nbP6C4YQclIK0,7,progressive,none,distinct,1 5 6 7 8 10 12
771W8bvPP2WSbpJZY4,7,progressive,none,distinct,1 3 4 8 9 11 13
771W8dair7GW25fcrI,7,progressive,none,distinct,1 3 5 7 8 12 13
771WcMKbLLO0i898OL,7,progressive,none,distinct,2 4 6 7 8 10 12
771W7AwYWG82IPe84a,7,plain,none,mixed,1 1 5 5 7 10 20
771W8WLSOQJ8uf6IH8,7,progressive,none,distinct,1 3 5 6 8 12 14
771WL5bS422IAcgA88,7,plain,none,mixed,2 3 6 8 10 10 10
771WA_NMMC4HXJW1ZB,7,progressive,none,distinct,3 4 5 6 9 10 12
771W0MKFx55IKgYKge,7,progressive,none,distinct,2 4 6 7 9 10 11
771WC4zLKRXnenBHI4,7,progressive,none,distinct,1 3 6 7 8 11 13
771W12YEKKqH8C48aa,7,plain,none,mixed,1 1 6 6 9 10 16
771WaOUi-622i2mLAA,7,progressive,none,distinct,2 4 6 7 8 9 13
771WHJaSiae8KeZqaK,7,progressive,none,distinct,2 4 5 7 8 10 13
771W0GkgTTKWqGHCKL,7,progressive,none,distinct,2 4 5 7 8 10 13
771WXXAAEoH2HIIMH0,7,progressive,none,distinct,1 3 5 7 10 11 12
771WWb5byaY8MKIbaW,7,progressive,none,distinct,1 4 6 8 9 10 11
771W252WCKKOKMMmOe,7,plain,none,mixed,1 3 4 4 8 9 20
771WGC9A66744aaKO9,7,progressive,none,distinct,1 3 6 7 9 11 12
771WKqIQAC4Lb5AO22,7,plain,none,mixed,3 5 5 6 8 10 12
771W4226k986444gIH,7,plain,none,mixed,1 2 5 7 8 8 18
771WYvYYf888AwEEo4,7,progressive,none,distinct,1 3 6 8 9 10 12
771WESkC6Y09IY6Cnn,7,progressive,none,distinct,2 4 5 6 9 11 12
771WQRsMDB5S44H2LW,7,progressive,none,distinct,1 3 7 8 9 10 11
771WK8MCCCZmnPmH89,7,plain,none,mixed,1 2 5 9 9 11 12
771WGAiaAY8LJpCKXX,7,progressive,none,distinct,2 3 5 8 9 10 12
771WHKaMCKaIR62ae8,7,progressive,none,distinct,3 4 5 6 8 11 12
771WG568Y12YaaiKRg,7,plain,none,mixed,2 3 3 7 7 12 15
771WAgB8AIaWno45AI,7,plain,none,mixed,2 3 5 5 8 13 13
771W24avv84J9B9e82,7,progressive,none,distinct,2 3 4 5 10 12 13
771We9Igc42Y8O45Mc,7,progressive,none,distinct,1 2 5 6 9 12 14
771WbXXCCa81AA9ggI,7,plain,none,mixed,2 2 7 7 8 10 13
771W1Qd5aYHEJYI6z0,7,plain,none,mixed,1 1 3 8 11 11 14
771WAMLn9g05A-PXI2,7,progressive,none,distinct,2 4 5 7 8 11 12
771WCigrL52a4AQH90,7,plain,none,mixed,2 3 4 8 8 11 13
771W8IaM2558OaaoQP,7,plain,none,mixed,1 4 5 6 6 8 19
771WKKa4g9ISI34432,7,distinct,none,distinct,1 3 4 6 8 13 14
771W44AfPIYibaoI82,7,progressive,none,distinct,1 4 5 8 9 10 12
771WYK8h4aO6fPLa84,7,progressive,none,distinct,1 3 6 7 9 11 12
771W8HBFXW0XcMsws2,7,progressive,none,distinct,2 3 6 7 8 10 13
771WmK4o7484eSTeca,7,plain,none,mixed,1 1 7 8 8 12 12
771W0AwXWmYGAPffea,7,plain,none,mixed,1 4 5 5 5 11 18
771W42H7CA5GGOTsPK,7,plain,none,mixed,2 5 5 5 7 9 16
771WezbH9C4GeS9YYa,7,plain,none,mixed,2 3 3 7 9 12 13
771W84HQwCCCAQmIOG,7,plain,none,mixed,2 3 7 7 9 10 11
771W97viiK98IBmPv0,7,progressive,none,distinct,1 4 5 7 9 10 13
771WXPSIII41XaCTL5,7,progressive,none,distinct,3 4 5 7 9 10 11
771W47FooICA09O9We,7,plain,none,mixed,1 2 2 5 10 11 18
771W46GmnA0QI21Hpr,7,plain,none,mixed,2 2 3 4 4 10 24
771W0G6a6c6gbLLCII,7,progressive,none,distinct,3 4 5 7 8 9 13
771W93YCCII8OQmwo2,7,plain,none,mixed,1 3 4 9 10 10 12
771WC9PkssQGP49WeO,7,progressive,none,distinct,1 4 6 7 8 11 12
771W2AKIB9fABNYw40,7,progressive,none,distinct,2 4 5 7 9 10 12
771W0XE9EDmWHH9LVa,7,progressive,none,distinct,1 3 4 6 8 13 14
771W058Jw6UIKRMaeK,7,progressive,none,distinct,1 4 6 7 8 11 12
771WeaQHKK24qfnLSG,7,progressive,none,distinct,2 4 6 7 9 10 11
771WGJCOaa214OSJZJ,7,plain,none,mixed,1 2 3 9 11 11 12
771WG8A9fgC41XKLUI,7,plain,none,mixed,4 5 5 5 6 9 15
771WHIaaydbGK24IX2,7,progressive,none,distinct,2 3 4 5 8 13 14
771WCKfFLHW9Hs6OK1,7,progressive,none,distinct,1 2 6 8 9 10 13
771W4q6KLlGGZQPgnq,7,progressive,none,distinct,3 4 5 7 8 10 12
771WHHAICiageK9CGG,7,plain,none,mixed,2 2 2 10 10 10 13
771WwSKncH92g5KgE0,7,progressive,none,progressive,1 3 5 7 9 11 13
771WAZ6IHOeGnuQAMY,7,progressive,none,distinct,3 4 6 7 8 10 11
771WXXqiAI05PB9LI2,7,progressive,none,distinct,1 4 6 7 9 10 12
771WLM5CY42IK4CFuG,7,progressive,none,distinct,1 3 4 5 11 12 13
771WWB4aw21oQSgsbK,7,progressive,none,distinct,1 5 6 7 8 10 12
771WKG2MAEGGGjfEHH,7,distinct,none,distinct,1 2 4 5 6 8 23
771WX2b2a-1CnonkzC,7,progressive,none,distinct,2 4 5 6 9 10 13
771WIAHjW4428uigQ6,7,plain,none,mixed,1 3 6 6 6 9 18
771W02m9CC9P9PILbe,7,progressive,none,distinct,1 3 4 8 9 11 13
771WIIY2DbGep35443,7,plain,none,mixed,1 2 3 4 9 9 21
771W11EKO8Y45FL9GW,7,plain,none,mixed,1 1 3 4 6 16 18
771WKIccaemGGHIaee,7,plain,none,mixed,3 4 4 5 7 12 14
771Wmef9b_XGEjMHI0,7,progressive,none,distinct,2 4 5 7 8 9 14
771W66HfoIa8BKOfSG,7,progressive,none,distinct,1 4 5 8 9 10 12
771WISlX2A44GWhhKG,7,plain,none,mixed,2 2 3 6 6 9 21
771W82T5jG862RaoI2,7,plain,none,mixed,1 1 5 6 9 10 17
771WICKKNRBeen2a40,7,plain,none,mixed,2 3 5 5 9 11 14
771W0K8CCL3XXpfPOQ,7,progressive,none,distinct,2 4 5 6 9 10 13
771WmeGCKLZ0H-A546,7,plain,none,mixed,2 3 3 6 6 12 17
771W875fQA28CAfnKW,7,plain,none,mixed,1 3 5 9 9 11 11
771W4XBJQssGoyY0KW,7,plain,none,mixed,2 2 5 5 9 9 17
771W1F1HMgefgYJbK0,7,distinct,none,distinct,1 3 4 5 8 12 16
771W6AHnaA6AAMd6K0,7,progressive,none,distinct,2 3 4 7 9 11 13
771WIJjgeS14IH6T9m,7,progressive,none,distinct,1 5 6 7 9 10 11
771W4AQIII8eezaa11,7,progressive,none,distinct,1 4 5 7 9 10 13
771W2HITYAOYcB59y4,7,distinct,none,distinct,1 5 6 7 8 9 13
771WoAKCDH88eRYqKH,7,progressive,none,distinct,1 4 6 8 9 10 11
771WIIghHWW1MGCC4A,7,plain,none,mixed,1 2 2 7 8 9 20
771W48O3IwXEDHgA58,7,progressive,none,distinct,2 3 6 7 9 10 12
771WaCCBJEA0Wc5E2A,7,plain,none,mixed,2 3 4 4 7 11 18
771WC8wPI9G8G3kEMP,7,progressive,none,distinct,1 4 5 8 9 10 12
771WSUQIQAG225Pf44,7,plain,none,mixed,2 3 6 9 9 10 10
771W05vm9B45HDJoni,7,plain,none,mixed,2 2 4 7 8 12 14
771WGgKCI20oIkMMXX,7,plain,none,mixed,1 3 7 7 7 12 12
771WA65HfqQ50EfJIG,7,plain,none,mixed,2 2 3 4 8 12 18
771W45xIKW29JR3L8e,7,plain,none,mixed,1 2 5 6 6 13 16
771W8C8FEN8447Iffc,7,progressive,none,distinct,3 4 5 7 8 10 12
771WyXeaYIY8NqCaWG,7,plain,none,mixed,1 3 4 5 5 11 20
771WXwaIJ122QYIQZ6,7,progressive,none,distinct,1 3 7 8 9 10 11
771W2ZbqXY8X489LMi,7,plain,none,mixed,2 3 5 5 7 13 14
771WKHaAASK0OADsue,7,plain,none,mixed,3 3 3 6 9 10 15
771WaIQLNM80W3RnE8,7,progressive,none,distinct,1 2 6 7 8 11 14
771W4JJJTIGWWACkBX,7,progressive,none,distinct,3 4 5 6 9 10 12
771WG0WoAX2rgECCB8,7,plain,none,mixed,2 2 3 5 7 12 18
771Wnvvoq4124oAD90,7,distinct,none,distinct,1 4 5 6 10 11 12
771W0YQkI49aOMBCYZ,7,plain,none,mixed,1 1 4 8 10 12 13
771WBtFFLTJGWNX140,7,progressive,none,distinct,1 3 4 7 10 11 13
771WPLNpgY1184YQ58,7,progressive,none,distinct,1 3 6 7 9 10 13
771W0mabiCcYZJK459,7,plain,none,mixed,2 4 4 5 8 9 17
771W19KC87AaayBKMb,7,progressive,none,distinct,1 3 7 8 9 10 11
771WGnnU2Pfe9684Ea,7,plain,none,mixed,2 3 4 4 4 15 17
771W9CgiKr06HKaPHo,7,progressive,none,distinct,1 4 6 7 8 10 13
771WW89aqgY8ZdCAAI,7,plain,none,mixed,2 4 4 7 8 11 13
771W4EUQPPvnmW8e40,7,progressive,none,distinct,1 2 6 8 9 11 12
771WFCVEC8WGH926oA,7,progressive,none,distinct,1 5 6 7 8 10 12
771WeOdb8EW1r5LEL9,7,progressive,none,distinct,1 3 7 8 9 10 11
771WA69e-6LA43r4H8,7,plain,none,mixed,2 2 4 5 8 13 15
771WIIbwkPI4Q4FHR0,7,progressive,none,distinct,1 5 6 7 8 10 12
771WrDIM34G4aPfMI4,7,progressive,none,distinct,1 4 5 7 9 10 13
771W6e8Xpf0HgkjDhY,7,progressive,none,distinct,2 5 6 7 8 10 11
771WHdDBGGm1mqmeK4,7,plain,none,mixed,1 3 4 4 5 14 18
771W0aHAG54KqgkUQJ,7,progressive,none,distinct,1 2 5 7 10 11 13
771W8MH-oYW08cgsP9,7,progressive,none,distinct,1 4 6 7 8 11 12
771W02eCU9PKCBQKYW,7,plain,none,mixed,1 2 5 7 7 13 14
771W42aAAbKHAB9w65,7,progressive,none,distinct,2 3 5 8 9 10 12
771WqbD66QH8Owh19W,7,plain,none,mixed,2 5 5 5 9 11 12
771W4eOGG46aKQY233,7,distinct,none,distinct,1 2 4 5 6 10 21
771W116fKIYKPSKELf,7,progressive,none,distinct,1 2 6 7 9 11 13
771WKAHEAH988xKuwW,7,progressive,none,distinct,3 4 5 7 9 10 11
771W4EAF1XY466w6ha,7,progressive,none,distinct,1 4 5 7 9 10 13
771W12CMNM244BJOYa,7,plain,none,mixed,1 2 5 5 8 12 16
771WAXAEKa2Hoqebu8,7,progressive,none,distinct,2 4 5 8 9 10 11
771W8BqKPP5PHKH4q0,7,plain,none,mixed,1 1 6 6 7 12 16
771W2w9AAk0IXnMLS4,7,progressive,none,distinct,1 3 5 7 8 12 13
771WD1M5522GGOuMS2,7,plain,none,mixed,1 2 3 6 6 11 20
771WKYWqom49YDDaII,7,plain,none,mixed,2 3 4 5 5 11 19
771WAB8hoaa08EIISa,7,distinct,none,distinct,1 3 4 8 9 11 13
771W26rDDL5JRA8WG0,7,plain,none,mixed,1 2 7 8 9 11 11
771W22a2c1MKABBSJI,7,progressive,none,distinct,2 3 4 7 9 11 13
771Wkongnn225i4aT0,7,progressive,none,distinct,1 2 5 6 10 11 14
771WednPg44AKOoIa8,7,progressive,none,distinct,3 4 5 7 9 10 11
771WHXYIQgC2xHMNG0,7,progressive,none,distinct,2 3 4 8 9 10 13
771WWcIIon86HJJZXY,7,progressive,none,distinct,1 4 5 8 9 10 12
771W5TncMrL2LeO8E4,7,progressive,none,distinct,3 4 5 6 9 10 12
771WXYIHDKI0GECDiA,7,progressive,none,distinct,2 4 5 6 7 12 13
771WmHvP9Q0oAbnno4,7,progressive,none,distinct,1 4 6 7 8 11 12
771Wea42J8YGHNsE53,7,plain,none,mixed,2 2 3 5 9 13 15
771WE8gc888M22Su44,7,plain,none,mixed,1 2 2 6 11 13 14
771W59HBMMm45Si951,7,progressive,none,distinct,1 4 5 8 9 10 12
771WOe9AIH1HXaKKQ8,7,progressive,none,distinct,1 3 5 6 9 12 13
771W88LfrmGXe-QKK2,7,progressive,none,distinct,2 3 6 7 8 11 12
771W46giS586MKJ8WZ,7,plain,none,mixed,1 2 4 8 8 10 16
771W0999DO8ZZYigg2,7,progressive,none,distinct,2 4 5 6 9 11 12
771WgInEAIOm8g59Q2,7,progressive,none,distinct,1 5 6 7 9 10 11
771W4-aCCWWYQgKo22,7,distinct,none,distinct,1 2 5 6 8 13 14
771WD5goQH1G4Dp3JG,7,progressive,none,distinct,1 2 5 8 10 11 12
771W4aEA2A2s66R3GG,7,plain,none,mixed,1 1 2 8 10 13 14
771W4iS6P48aKQdC42,7,plain,none,mixed,1 1 6 9 10 10 12
771W0IIOYK8KMhdcCC,7,progressive,none,distinct,2 4 5 6 9 10 13
771W467d2OKA667Y8K,7,distinct,none,distinct,2 3 4 6 9 10 15
771WqakmajG0ZELAQP,7,progressive,none,distinct,1 2 7 8 9 10 12
771WGGPMEQ811NPJOG,7,progressive,none,distinct,1 3 5 6 10 11 13
771WWGbLMP2GeJJDAL,7,progressive,none,distinct,1 2 5 6 10 12 13
771WO0wwv7HAKZJH60,7,plain,none,mixed,1 2 2 5 7 8 24
771WLP9NGHW01PfD5A,7,plain,none,mixed,1 3 3 7 9 12 14
771WAK48LOOeeSwa46,7,distinct,none,distinct,1 2 5 6 9 10 16
771Wwqquia4162iGmm,7,plain,none,mixed,2 4 5 6 8 8 16
771WGGOTYI6CEL9448,7,plain,none,mixed,2 2 6 7 7 9 16
771W4YkE6r9fIHLm20,7,plain,none,mixed,2 2 4 8 8 12 13
771WWHAySKHCeOIPHW,7,progressive,none,distinct,1 4 6 7 8 10 13
771W62A5EH9223SoE8,7,plain,none,mixed,1 5 5 5 6 8 19
771W9AC8953ooo8JY4,7,plain,none,mixed,3 3 3 3 6 9 22
771W88EAuSC425MCGG,7,plain,none,mixed,2 2 3 6 9 13 14
771WeOWaDIIGaM4ABD,7,plain,none,mixed,2 3 3 5 7 9 20
771WYK8e4ACeaKMZ22,7,distinct,none,distinct,1 3 5 6 7 11 16
771WXKKKSHH0WIMYY2,7,plain,none,mixed,1 2 5 7 8 13 13
771W99gYqYQ8JLCEG0,7,plain,none,mixed,1 5 7 7 8 8 13
771WICmea3KJ9u4pHI,7,distinct,none,distinct,2 3 4 5 6 12 17
771WYIIQQ426c82333,7,plain,none,mixed,2 2 3 7 10 11 14
771WSQ9bI064CQAlO4,7,plain,none,mixed,1 2 6 6 7 8 19
771W012irMCOILSPIa,7,progressive,none,distinct,1 5 6 7 8 9 13
771W0XpjxqCXHC3CIY,7,plain,none,mixed,1 4 4 5 5 6 24
771W44YQQPH9PLOO20,7,plain,none,mixed,2 2 5 6 9 11 14
771W0W15a40bNNNPPL,7,progressive,none,distinct,2 3 5 7 8 11 13
771WG41baa8fWWXQQE,7,distinct,none,distinct,1 2 3 5 7 9 22
771W44FcfCaADDI6M8,7,progressive,none,distinct,2 4 6 7 9 10 11
771WXLB0eleGqavQB2,7,plain,none,mixed,1 2 3 6 6 8 23
771WGICv511AEwko28,7,plain,none,mixed,1 4 4 6 7 12 15
771WAyigQkm0cHQXAA,7,progressive,none,distinct,1 3 4 8 9 11 13
771WK9EAvAD24YHetG,7,progressive,none,distinct,1 4 6 7 8 10 13
771WMG8eOXH8FSIoIG,7,progressive,none,distinct,1 2 6 7 9 10 14
771W66iMeemCSHCO44,7,plain,none,mixed,2 2 3 9 9 10 14
771W2YCLY3BYKO9L2C,7,plain,none,mixed,1 2 2 7 10 13 14
771W8CXXNQ28KHYMKA,7,progressive,none,distinct,1 2 5 7 8 12 14
771W46A2s34CACSBeh,7,progressive,none,distinct,1 4 6 7 8 11 12
771W4451HK8AADDMMC,7,progressive,none,distinct,1 5 6 7 8 10 12
771WIK4NUI988roa94,7,progressive,none,distinct,2 3 6 8 9 10 11
771W1DyiS42aqg4vu8,7,progressive,none,distinct,2 4 5 6 9 11 12
771WGtDDDA4GWmfZIW,7,plain,none,mixed,3 3 4 6 7 9 17
771W244EEAIPPPMW88,7,plain,none,mixed,1 2 5 8 9 9 15
771WCccepom0Wb9fEC,7,progressive,none,distinct,1 2 7 8 9 10 12
771W8GnKQA6JBb5C8G,7,plain,none,mixed,4 4 5 5 6 10 15
771WGm9tPQIKeLC4AG,7,plain,none,mixed,2 3 7 7 7 9 14
771W85I2HS4KKRwgs2,7,progressive,none,distinct,1 5 6 7 9 10 11
771W0Waqw49YIQTIKL,7,distinct,none,distinct,1 3 4 5 8 13 15
771WCACCCGG88AIqKK,7,plain,none,mixed,3 3 5 6 9 10 13
771W5GHHda4XaKKqs4,7,plain,none,mixed,1 2 8 8 8 10 12
771WGOQiiYZ0CiIQ10,7,plain,none,mixed,1 2 2 4 10 10 20
771W8efLgQSOceSHK8,7,progressive,none,distinct,1 4 6 8 9 10 11
771W29AiZ48799bko4,7,progressive,none,distinct,1 3 6 8 9 10 12
771WGBAAnbAfikZWLW,7,plain,none,mixed,2 5 6 6 7 9 14
771W01w4QQ61P5TKOe,7,distinct,none,distinct,1 2 3 4 5 11 23
771WXMaqW802w65rrL,7,plain,none,mixed,1 3 6 6 10 11 12
771W34m0AIAMENKqGm,7,distinct,none,distinct,1 3 4 5 7 10 19
771WGpL99HM0mwmfPW,7,plain,none,mixed,1 1 5 6 7 14 15
771W42MaKC88CIHqSS,7,progressive,none,distinct,2 4 5 8 9 10 11
771WYZXXrq214553Ie,7,plain,none,mixed,2 3 4 6 7 7 20
771We99LLXeeAAB99W,7,progressive,none,distinct,1 4 6 8 9 10 11
771WGSMK2W056IYkww,7,progressive,none,distinct,2 4 5 6 8 11 13
771WmbCAKKW0nrXUQg,7,progressive,none,distinct,1 4 5 7 9 10 13
771Wa4PIg29oKCJ38H,7,plain,none,mixed,1 1 5 8 10 10 14
771W2ZYVfaYeC4A5OY,7,plain,none,mixed,2 3 5 5 9 10 15
771W5AD9X75466oQv0,7,progressive,none,distinct,2 3 4 8 9 10 13
771WLNp66AW8H9BHg2,7,progressive,none,distinct,2 3 5 7 8 11 13
771WGKLPy4942ehKKH,7,progressive,none,distinct,1 4 6 8 9 10 11
771W1f6TBAqKbeL4PJ,7,distinct,none,distinct,1 2 4 7 9 10 16
771W84BEPMM444w5M8,7,plain,none,mixed,1 5 5 6 8 11 13
771W4bCKIH0jTS4KIX,7,plain,none,mixed,2 4 4 5 10 10 14
771W8MMLHH4XXCibTG,7,progressive,none,distinct,2 4 6 7 8 10 12
771WIa8waSa4xLJa88,7,progressive,none,distinct,1 3 4 6 8 11 16
771W4ae8FKIoAAK524,7,plain,none,mixed,1 4 6 7 7 9 15
771WC446BG099Ak6CA,7,progressive,none,distinct,1 2 3 9 10 11 13
771W7PPbYYI29Wea48,7,plain,none,mixed,1 3 3 7 9 10 16
771W45gAE8GO89KoaK,7,progressive,none,distinct,1 4 5 6 10 11 12
771W015Maqe4699KSa,7,plain,none,mixed,3 3 3 4 7 10 19
771WKIAAiXHE9O2cYW,7,plain,none,mixed,1 3 3 7 10 11 14
771WYebLOYAAPJcoGC,7,distinct,none,distinct,1 3 4 6 10 12 13
771W8B4355G445rkQf,7,plain,none,mixed,3 3 5 6 7 10 15
771W9G8OYMYKNw650W,7,plain,none,mixed,1 4 5 5 6 6 22
771W02KqyaYegqofOO,7,progressive,none,distinct,2 4 5 8 9 10 11
771W22gun08DJPCCCA,7,distinct,none,distinct,1 3 4 5 6 13 17
771W08yHgEGqgt9JKO,7,progressive,none,distinct,1 4 5 6 10 11 12
771WAIKLufY45Z4K5A,7,plain,none,mixed,3 3 3 9 9 10 12
771WXIaavLK2mLNGW5,7,plain,none,mixed,2 2 3 6 8 11 17
771WZbP9Le83IEMY20,7,progressive,none,distinct,1 2 5 8 9 11 13
771WILMbjDm2B25Xv2,7,progressive,none,distinct,1 2 7 8 9 10 12
771WG3Ya51fG5bakMa,7,plain,none,mixed,2 2 3 6 6 14 16
771WYY66vxW4LHL961,7,progressive,none,distinct,2 3 6 7 9 10 12
771W8CnHG82IAIXnmq,7,distinct,none,distinct,2 3 4 5 7 8 20
771WWmmwgQf0Z5AA54,7,plain,none,mixed,2 4 5 5 6 8 19
771We8DWLIYWDAAUSI,7,progressive,none,distinct,1 2 6 7 9 10 14
771W2Ie8efciv9HG12,7,plain,none,mixed,3 3 3 3 7 10 20
771WcEC3SPf0XaAEQK,7,plain,none,mixed,4 4 5 6 6 6 18
771W4q64e20IqKMELL,7,plain,none,mixed,1 5 6 7 7 9 14
771W823YoQGC25ddG8,7,distinct,none,distinct,1 2 4 5 7 12 18
771W5679P99226CCaG,7,progressive,none,distinct,1 4 5 6 7 9 17
771W44AgJhI876HH52,7,progressive,none,distinct,2 3 5 6 9 11 13
771WTNLpaaK09a4SW4,7,progressive,none,distinct,1 3 4 8 9 11 13
771WG8As66A84e9AII,7,progressive,none,distinct,2 3 4 6 9 11 14
771W0-brZaGHiLbcI8,7,progressive,none,distinct,1 4 6 7 9 10 12
771W1mAg558OqarrnK,7,progressive,none,distinct,1 4 6 7 8 11 12
771WIo0mXB2aQ677LK,7,plain,none,mixed,2 3 4 4 7 9 20
771W4FLPA9588KfmcW,7,progressive,none,distinct,1 3 4 7 9 12 13
771W2eIHLdaWoaKJfe,7,progressive,none,distinct,1 2 6 8 9 11 12
771W74LKv9AIK24Kr8,7,progressive,none,distinct,1 5 6 7 8 9 13
771WHaaagYW1hBDbY2,7,progressive,none,distinct,1 5 6 7 8 10 12
771WIELqYo21Br5jO0,7,plain,none,mixed,1 3 5 8 8 10 14
771Wc6jL5AIaSHA2IG,7,progressive,none,distinct,1 4 5 7 8 11 13
771WKHHhx7a92CAfX2,7,distinct,none,distinct,1 4 5 7 9 10 13
771W47xanYXGISKSd8,7,progressive,none,distinct,1 5 6 7 8 9 13
771WKIkJAC8GOCPg84,7,plain,none,mixed,1 4 6 8 8 10 12
771WCqP99CKGWvGII4,7,progressive,none,distinct,1 3 4 7 8 12 14
771WIS40If6DEwfW74,7,plain,none,mixed,1 3 3 5 6 9 22
771WCaAGGaYXIQgPGG,7,plain,none,mixed,1 1 6 7 8 9 17
771W19YoAL15PMcbp1,7,progressive,none,distinct,1 4 6 8 9 10 11
771WaYUIHPb0HHApNG,7,progressive,none,distinct,2 5 6 7 8 10 11
771W2mpfYmWW5kggUI,7,progressive,none,distinct,1 4 6 8 9 10 11
771W0C67f12aYYqKPK,7,progressive,none,distinct,1 2 3 4 10 13 16
771W8GbECEAGOe5MOG,7,plain,none,mixed,2 3 3 5 10 13 13
771WYgMMOPG2ocH556,7,plain,none,mixed,1 4 7 8 8 8 13
771W88vyK20K8MAA9H,7,plain,none,mixed,2 2 3 7 9 11 15
771W9iUSKK4XH44umG,7,progressive,none,distinct,1 4 6 7 8 9 14
771WeOa5A2PAoZKGLO,7,distinct,none,distinct,1 2 4 6 8 11 17
771WHKMYJCQ5DA8ZmM,7,distinct,none,distinct,1 2 6 7 8 10 15
771W40fDaIIDJG4geq,7,plain,none,mixed,2 2 3 3 9 14 16
771W32YPcgnHC964DW,7,plain,none,mixed,1 1 5 7 7 11 17
771WKgcAOOG8mLeu44,7,plain,none,mixed,1 2 4 4 9 14 15
771WABNHY4824KLEi8,7,plain,none,mixed,2 4 5 6 10 11 11
771W8myigKGmAmALJJ,7,progressive,none,distinct,1 5 6 7 8 10 12
771W88UT14WMNF7IA8,7,progressive,none,distinct,1 4 5 7 9 11 12
771WAaJSaHeWtvKgI9,7,progressive,none,distinct,2 3 5 8 9 10 12
771WWaaKLRD1fYYDE8,7,progressive,none,distinct,3 4 5 6 9 10 12
771W6Ioq4K39Lcc901,7,plain,none,mixed,1 2 7 7 7 9 16
771W8KIbch129XZPUH,7,progressive,none,distinct,1 5 6 7 8 9 13
771W1g2g66WNggUPX1,7,progressive,none,distinct,1 4 6 8 9 10 11
771WOI6aisG83JrXAA,7,progressive,none,distinct,1 3 5 7 8 12 13
771WCMqCIQY8Hj2sGG,7,plain,none,mixed,1 5 6 6 9 10 12
771W99f5xnGHSQC421,7,plain,none,mixed,2 4 6 6 8 11 12
771WmG4bMIXe5II27A,7,plain,none,mixed,1 3 3 6 8 12 16
771WHeTQ995eu4neiG,7,progressive,none,distinct,2 3 6 7 8 11 12
771WeMk5TF0Aoqf2fX,7,progressive,none,distinct,2 3 4 7 10 11 12
771W0RIGGaGABfvwIY,7,plain,none,mixed,2 3 4 4 8 12 16
771WYA4eua89aYxu88,7,plain,none,mixed,2 3 4 7 7 11 15
771W8oNPXXIGbuKCjm,7,progressive,none,distinct,3 4 5 6 8 9 14
771WmgQjSSY1TWfbC4,7,progressive,none,distinct,1 3 6 8 9 10 12
771W9bLSSPHWG9aAA1,7,progressive,none,distinct,1 3 7 8 9 10 11
771W699fruW09Dc2YY,7,plain,none,mixed,2 3 4 4 10 12 14
771WYbLLA921HLIcZC,7,progressive,none,distinct,1 4 6 7 8 11 12
771W2IAALL8JJsZb14,7,progressive,none,distinct,2 5 6 7 8 9 12
771WKGmWZY2HAYY262,7,plain,none,mixed,1 2 4 4 5 9 24
771W11NEApAA9RKG92,7,plain,none,mixed,3 3 4 7 8 9 15
771Wji7qKIG4OO8I9n,7,progressive,none,distinct,1 4 6 7 9 10 12
771WCKK44CYmnfA322,7,plain,none,mixed,2 3 5 5 5 14 15
771W2KKKJLsHGYYa34,7,plain,none,mixed,1 4 4 7 9 12 12
771W222v_qO294BCQG,7,plain,none,mixed,3 3 4 4 5 12 18
771W1CC8grCC9BkaY1,7,distinct,none,distinct,2 3 5 6 7 12 14
771W44u3TKK8GDJMQK,7,plain,none,mixed,2 3 3 6 7 10 18
771WC8cNJW0HACyG2A,7,plain,none,mixed,1 2 2 6 9 11 18
771W21e2Iac8IKSUvP,7,progressive,none,distinct,2 3 4 8 9 11 12
771WOeeY7fMCZ2BC34,7,plain,none,mixed,1 4 4 4 5 15 16
771W5gg4E4GjDDZCY2,7,plain,none,mixed,2 2 7 8 9 10 11
771W2E5cskgOIMb8G8,7,plain,none,mixed,3 4 4 5 5 9 19
771W44OiqYY8CMQ644,7,plain,none,mixed,3 3 4 7 9 10 13
771WixQPfY1Hc22YRW,7,plain,none,mixed,2 4 7 7 8 10 11
771W2JDB11eabLHPb2,7,plain,none,mixed,2 4 5 6 8 8 16
771WOMnC9mmI8AeqKA,7,distinct,none,distinct,1 2 5 7 9 11 14
771WeusLaIHGEeOI94,7,progressive,none,distinct,2 3 4 8 9 11 12
771WLPViY2IISDXL80,7,plain,none,mixed,2 3 4 4 4 13 19
771WXHONbh81cAIQL9,7,progressive,none,distinct,3 4 5 6 9 10 12
771W9I9J1YaAAsEFs4,7,progressive,none,distinct,2 5 6 7 8 10 11
771We1a9pZW8-wMUPX,7,progressive,none,distinct,1 2 7 8 9 10 12
771WeuuadCA28eA524,7,distinct,none,distinct,2 3 4 5 7 12 16
771W8HHP944qqaA88Y,7,plain,none,mixed,2 3 4 4 11 12 13
771WAIH8D5144iADTA,7,progressive,none,distinct,2 4 5 6 9 10 13
771W4edbvZIW52sAJ8,7,progressive,none,distinct,1 5 6 7 8 9 13
771WeoKzA21MAcey94,7,plain,none,mixed,2 4 6 6 7 10 14
771WHYXNaaI2zKKPbH,7,plain,none,mixed,2 3 7 8 9 9 11
771Wegc-nH42GPL9rm,7,progressive,none,distinct,2 4 5 7 9 10 12
771WObr5h3G3zCgcX1,7,progressive,none,distinct,1 2 6 8 9 11 12
771WOOg52AJ8O9IU49,7,plain,none,mixed,1 4 5 5 6 12 16
771W9fEMG22o28GCM6,7,plain,none,mixed,1 1 4 6 7 12 18
771W0YY956MW89DCsu,7,plain,none,mixed,2 2 4 5 6 15 15
771We901rIe2bZJLMe,7,plain,none,mixed,2 2 4 5 7 8 21
771W3C4cY40ekkUfZ3,7,progressive,none,distinct,1 3 6 7 8 11 13
771W566ELLA445D1a1,7,progressive,none,distinct,1 2 4 7 9 11 15
771WIAmmmf6I7nJI30,7,plain,none,mixed,1 3 4 5 5 7 24
771WeeKQ92P2I7QAF8,7,progressive,none,distinct,1 5 6 7 9 10 11
771W8GCONG4SSvDIKI,7,progressive,none,distinct,2 3 5 8 9 10 12
771W1IIYYYgahBAAW0,7,distinct,none,distinct,2 3 5 6 8 12 13
771WCCoFIIGG8SKO59,7,progressive,none,distinct,2 4 5 7 9 10 12
771W84EIos954Bo9HG,7,plain,none,mixed,2 5 5 8 8 9 12
771WaCi2Fe29ooFB42,7,plain,none,mixed,1 5 5 7 7 12 12
771Wbbc6Ek1299D1K5,7,progressive,none,distinct,1 2 6 8 9 11 12
771W08DejH0eYZLFFP,7,progressive,none,distinct,1 2 5 7 10 11 13
771W1aYWBP36gfiypK,7,progressive,none,distinct,1 3 4 7 9 12 13
771W88KN9A8CCGNB68,7,plain,none,mixed,2 2 4 8 8 12 13
771W8iQH8L9WGFXIQL,7,distinct,none,distinct,1 3 5 6 7 13 14
771WGWn6A678u8E88H,7,plain,none,mixed,1 1 4 5 8 15 15
771WGOI28CG99nMLHH,7,plain,none,mixed,1 2 6 6 9 11 14
771Wmfgkfac02Y4BMY,7,progressive,none,distinct,1 5 6 7 9 10 11
771WIBFaonm08jLHFi,7,progressive,none,distinct,2 4 5 7 8 11 12
771W12ZPADHG85ABlG,7,plain,none,mixed,2 4 5 5 6 11 16
771WO8a58YWCU-Q659,7,progressive,none,distinct,1 3 5 6 10 11 13
771WHhhoIA6aagXW80,7,progressive,none,distinct,2 3 5 6 9 11 13
771WYLqSQMI8meYLmW,7,progressive,none,distinct,2 4 6 7 8 9 13
771WYgaYfBL0YZKDMI,7,progressive,none,distinct,2 3 4 7 10 11 12
771WP9Rf224gkMABK0,7,progressive,none,distinct,2 3 6 8 9 10 11
771WgMIRWe02bP-EA6,7,progressive,none,distinct,2 4 6 7 8 10 12
771W1HHfQxXWkPHHL2,7,progressive,none,distinct,2 4 6 7 9 10 11
771WA9agEE84OOqvHX,7,progressive,none,distinct,2 5 6 7 8 10 11
771WGPjwQ204KgIA9X,7,progressive,none,distinct,2 4 5 6 8 10 14
771WCLQSG8822sKemG,7,distinct,none,distinct,2 3 4 5 6 11 18
771WHRrKoH8AKXmaI9,7,plain,none,mixed,3 4 5 5 6 10 16
771WWe2NggeGquTL48,7,plain,none,mixed,2 2 4 8 9 11 13
771W9fvMhB9gK84894,7,distinct,none,distinct,2 3 4 6 7 8 19
771W6g822gAHZZe8KK,7,distinct,none,distinct,2 3 4 5 6 9 20
771W0i64D9KaKLYzrm,7,progressive,none,distinct,1 3 7 8 9 10 11
771WC4OHmGQ24GvPOK,7,plain,none,mixed,1 2 5 5 6 12 18
771WNNLKMaG03992KC,7,progressive,none,distinct,2 3 6 7 8 10 13
771WG6Bk2GGaegsAog,7,progressive,none,distinct,2 3 5 8 9 10 12
771W6AggBQ19LMX143,7,progressive,none,distinct,1 4 6 8 9 10 11
771WIJia4K36Q9HKLa,7,progressive,none,distinct,1 3 6 7 8 10 14
771WCKIMYe814a6UOO,7,progressive,none,distinct,1 2 6 8 9 11 12
771W8EEG0Z056AAghg,7,progressive,none,distinct,1 2 4 6 11 12 13
771WHHGiAgK699941H,7,plain,none,mixed,2 2 3 7 7 8 20
771WC8m6oG8JDRg688,7,plain,none,mixed,1 3 3 7 9 13 13
771WYoKaDne4-DAK41,7,progressive,none,distinct,1 3 4 5 9 12 15
771W4vv2QQKaCcf98W,7,plain,none,mixed,1 3 6 6 9 11 13
771WscgPM8G8e3M2C4,7,progressive,none,distinct,1 3 7 8 9 10 11
771W8m84ve8JaoSKKI,7,progressive,none,distinct,1 4 6 8 9 10 11
771Wae4gcQSO64-944,7,plain,none,mixed,2 5 6 6 7 11 12
771WaaIgqgn0OF5N45,7,progressive,none,distinct,1 4 6 8 9 10 11
771WKwxaYIJWA0eaDK,7,plain,none,mixed,1 4 5 6 8 8 17
771WWt0aOeOeViiOeO,7,progressive,none,distinct,1 3 4 6 9 11 15
771W04fZcKempohUI6,7,progressive,none,distinct,1 4 6 7 9 10 12
771WG8L9ACg54yIBCG,7,progressive,none,distinct,1 3 7 8 9 10 11
771W5KNQgY027ZfniK,7,progressive,none,distinct,2 3 5 7 9 11 12
771WIYJRqee0qA46Q6,7,progressive,none,distinct,1 4 5 6 10 11 12
771W8Lc9CX1fwAiIQa,7,progressive,none,distinct,3 4 6 7 8 9 12
771WbZY1P603BDBhAI,7,progressive,none,distinct,1 2 5 7 9 11 14
771W9KacO448Sgkae8,7,progressive,none,distinct,3 4 5 6 8 11 12
771WGefY622KiiCA8G,7,distinct,none,distinct,2 3 4 5 9 12 14
771WPQY24888GGIMc6,7,plain,none,mixed,2 3 5 5 7 8 19
771WemHG4e8IHjECCK,7,distinct,none,distinct,2 3 4 6 10 11 13
771W02eOQra8ROIGcb,7,distinct,none,distinct,1 2 3 6 7 13 17
771W2acqadOY589w12,7,distinct,none,distinct,1 3 4 6 9 12 14
771W0KNFjvPbYeY4GG,7,progressive,none,distinct,2 3 5 6 10 11 12
771W8KMga1128eiEMK,7,plain,none,mixed,2 4 4 5 8 9 17
771WH5MAKHHLLieEI0,7,progressive,none,distinct,2 4 5 7 8 11 12
771W8IKbZeK99WZs2C,7,distinct,none,distinct,1 2 3 7 8 12 16
771W8CKK22244KaCDD,7,plain,none,mixed,2 3 4 5 10 10 15
771W0GOLLbaegIA558,7,plain,none,mixed,4 4 5 6 6 6 18
771WQPOuo66A4AMKm0,7,distinct,none,distinct,2 3 5 6 7 9 17
771WC84N1a59A6Mdhe,7,progressive,none,distinct,2 3 6 7 9 10 12
771WZKUa1M06g9HkrJ,7,plain,none,mixed,1 5 6 6 7 10 14
771W24CoQnm86EIg21,7,plain,none,mixed,1 2 5 6 9 13 13
771W854IIJD449efYI,7,distinct,none,distinct,2 3 5 7 9 10 13
771WXYJITp0IH246nD,7,plain,none,mixed,2 2 4 6 7 12 16
771W6RCqIH0PLeeKIX,7,plain,none,mixed,3 4 5 5 6 10 16
771WibgQKA94C2qMHW,7,plain,none,mixed,1 4 5 5 8 11 15
771WIPke82M6IZpgGW,7,plain,none,mixed,2 3 6 6 8 8 16
771W2e8AIQYIZdaa88,7,progressive,none,distinct,1 3 6 8 9 10 12
771Wa8GLO2P2YzkA94,7,distinct,none,distinct,1 2 3 9 10 11 13
771WcMFAGHI0WKCCHA,7,plain,none,mixed,2 3 3 5 6 15 15
771W2XaueagW7BAHmW,7,plain,none,mixed,2 2 3 5 6 14 17
771WKiwIamGAboAS44,7,progressive,none,distinct,3 4 5 6 8 10 13
771WIDJJhAK71rYJY0,7,progressive,none,distinct,1 2 4 8 9 11 14
771WYYM9DNG0GBDHA3,7,progressive,none,distinct,1 3 6 7 8 10 14
771WHAAfYMW0Fj13yK,7,plain,none,mixed,1 2 3 3 10 13 17
771WHXMaxKG2wLJDJ5,7,progressive,none,distinct,3 4 5 7 8 10 12
771WX9Ag56I8ab57I4,7,progressive,none,distinct,1 3 5 8 9 11 12
771W8GHW84OBFsNKKC,7,plain,none,mixed,2 4 5 7 10 10 11
771W889APAY89F99EG,7,plain,none,mixed,1 4 7 8 9 9 11
771WYPPgsag0gq51g2,7,distinct,none,distinct,1 2 4 7 8 9 18
771W0wQ6fTSKcCceKH,7,progressive,none,distinct,2 4 5 6 9 11 12
771WWbbba202eeeQPb,7,distinct,none,distinct,2 3 5 6 7 8 18
771WgarjDAa4H9YHoY,7,progressive,none,distinct,2 4 5 8 9 10 11
771WHLRNh7224qkH1W,7,progressive,none,distinct,1 3 7 8 9 10 11
771WHLfXUQO0KawCF3,7,progressive,none,distinct,2 3 6 7 9 10 12
771WYA6mCuGDgbICCC,7,plain,none,mixed,1 3 6 6 7 12 14
771WW2XKK4qKjggeuW,7,distinct,none,distinct,1 3 4 6 9 11 15
771W44GG7J2JJKKYab,7,plain,none,mixed,2 2 3 4 8 14 16
771WG9Ch3A6A6cHOQY,7,progressive,none,distinct,2 4 6 7 8 10 12
771WC4qwZXHmtg6E40,7,distinct,none,distinct,2 3 5 6 9 10 14
771W44TBHf8BAMG84H,7,distinct,none,distinct,1 4 5 6 9 10 14
771WIefcTTy1a4efDG,7,progressive,none,distinct,1 3 5 8 9 10 13
771WgcMM1GG4KAgc62,7,distinct,none,distinct,2 3 6 7 9 10 12
771W83Cf4C0599svPr,7,progressive,none,distinct,1 4 5 8 9 10 12
771WWv98O84KaoBAAY,7,progressive,none,distinct,1 2 7 8 9 10 12
771W8265d65ACCimDA,7,progressive,none,distinct,2 4 5 7 8 11 12
771WXHIKLOL0WABDL2,7,distinct,none,distinct,2 3 4 7 8 12 13
771WQbbqC106g6aAgH,7,distinct,none,distinct,3 4 5 6 8 9 14
771W59aiKKO4GKvOOe,7,progressive,none,distinct,1 4 5 6 9 11 13
771W01pIogYGCIJJAY,7,plain,none,mixed,2 4 6 6 7 9 15
771W8CHneJ04ALppob,7,progressive,none,distinct,1 4 5 6 9 11 13
771W8GXUQYa8QgA78G,7,plain,none,mixed,2 3 6 6 7 10 15
771W29D7pYG474imRX,7,plain,none,mixed,1 2 4 6 6 15 15
771W4GPHMB588gpKLA,7,progressive,none,distinct,2 4 5 8 9 10 11
771W646MLKe8989eKI,7,progressive,none,distinct,1 5 6 7 8 10 12
771WGGP646YKLTD68G,7,progressive,none,distinct,1 4 5 6 9 10 14
771WGPPPcc325n525W,7,plain,none,mixed,1 1 7 8 8 9 15
771W4GPSM3m54ZtTQH,7,progressive,none,distinct,1 4 6 7 9 10 12
771Wm88aIcK1kf9655,7,plain,none,mixed,1 2 4 4 11 11 16
771WWoKO4206sQUIXX,7,progressive,none,distinct,1 2 5 6 9 12 14
771WKC38uDA24YQ9HQ,7,plain,none,mixed,1 3 3 3 7 11 21
771W1KqI6MGmeMMfYY,7,progressive,none,distinct,1 3 7 8 9 10 11
771W4H8uICGfbR5cYI,7,plain,none,mixed,2 4 5 6 6 8 18
771WPKYMJQ41P5cR4Y,7,plain,none,mixed,1 5 6 6 9 11 11
771W2CIYPYAglrIo42,7,progressive,none,distinct,3 4 5 6 7 10 14
771W2vehdh1WHXVPs8,7,progressive,none,distinct,1 4 5 8 9 10 12
771WY296AK3f9ASN8H,7,plain,none,mixed,1 1 8 9 9 9 12
771W889PocKCBA654G,7,plain,none,mixed,3 4 5 5 9 9 14
771WWaCCB332ooYEAC,7,progressive,none,distinct,2 3 4 7 10 11 12
771W8QHJIY3XYIYYP4,7,plain,none,mixed,1 4 6 8 9 9 12
771W662aYb98555U8A,7,plain,none,mixed,2 2 6 6 7 10 16
771WbrvvAIO4aAP9C0,7,progressive,none,distinct,3 4 6 7 8 9 12
771W8RA48G8WWJTTbL,7,plain,none,mixed,2 4 4 6 7 9 17
771W2E9forA58DXIN2,7,progressive,none,distinct,2 3 4 7 8 12 13
771WG4yS512MEso89C,7,distinct,none,distinct,2 3 4 6 7 11 16
771WaiCf2X0ALLrDB6,7,progressive,none,distinct,1 5 6 7 9 10 11
771WAuMSWm4HcP5Kii,7,plain,none,mixed,2 4 5 5 7 11 15
771W446wFCA4C49L24,7,distinct,none,distinct,1 2 5 7 9 11 14
771WGGfuqAGAGRMIH9,7,progressive,none,distinct,2 3 5 7 9 11 12
771WO8B74i4ZY294GC,7,plain,none,mixed,1 1 2 6 11 12 16
771W26OauICGQDUpGG,7,plain,none,mixed,1 4 4 5 9 10 16
771WedcALWGGBEg6oK,7,progressive,none,distinct,1 2 6 8 9 11 12
771W26bLGGeH898iS4,7,progressive,none,distinct,1 2 3 6 9 12 16
771WgNLD9CG8e9bIYW,7,progressive,none,distinct,2 3 5 7 9 11 12
771W18HeON19DThfgG,7,progressive,none,distinct,2 3 5 7 9 11 12
771WYYsDJX31AUIE58,7,progressive,none,distinct,1 4 6 8 9 10 11
771W8W1PYQLSgk545G,7,distinct,none,distinct,1 3 4 5 7 10 19
771WniWn2K159kUlfa,7,plain,none,mixed,1 4 5 8 8 10 13
771W2ZGeKdZWUOKLMa,7,progressive,none,distinct,2 3 6 8 9 10 11
771WEENJfK035RD66O,7,progressive,none,distinct,1 4 5 6 10 11 12
771W63QIm6053LDkbL,7,progressive,none,distinct,1 3 4 5 8 12 16
771WGWogcaO4pA74II,7,plain,none,mixed,4 4 5 6 6 8 16
771W84Xque8HQKqOOG,7,plain,none,mixed,2 4 6 7 7 7 16
771WaiiuHK41je4EEA,7,progressive,none,distinct,1 4 6 8 9 10 11
771W04bIJBHmehf9CI,7,progressive,none,distinct,2 4 6 7 8 10 12
771W07S6gP2HNDKuhO,7,distinct,none,distinct,1 3 4 7 10 11 13
771W28OZbYG2BIgk5B,7,progressive,none,distinct,2 3 4 8 9 11 12
771W66o2g8mALSTD33,7,progressive,none,distinct,1 5 6 7 9 10 11
771W8KYoofk0GghQ9A,7,progressive,none,distinct,1 3 6 8 9 10 12
771W884H999EEEueeW,7,progressive,none,distinct,2 3 4 6 10 11 13
771WG5AJea0ntxbscQ,7,progressive,none,distinct,2 5 6 7 8 10 11
771W6AbKX924UInLL9,7,progressive,none,distinct,2 3 5 7 9 10 13
771WYIeYiE5GYIDELK,7,progressive,none,distinct,2 3 4 6 10 11 13
771W0a6MKaOOhXXOKK,7,plain,none,mixed,1 1 4 7 11 11 14
771WeaauBG84edi462,7,distinct,none,distinct,1 2 4 7 9 11 15
771W44IP5TXHHMTP90,7,progressive,none,distinct,1 4 6 7 8 11 12
771W2215xWG4364CQI,7,plain,none,mixed,1 3 3 4 4 13 21
771W59GAfb0D8OYXjP,7,plain,none,mixed,2 2 2 4 9 15 15
771WQa7JB88KaCgIYm,7,progressive,none,distinct,2 3 6 8 9 10 11
771WgefmyG820DIKqy,7,plain,none,mixed,1 2 5 6 9 13 13
771WJ1dz9968Kuru90,7,progressive,none,distinct,1 3 5 8 9 11 12
771W4IQMa5924mfaKM,7,progressive,none,distinct,2 4 5 6 8 11 13
771W740Og44KMQK7b5,7,plain,none,mixed,1 3 3 5 8 11 18
771WGKKkg426AgaB88,7,distinct,none,distinct,1 4 5 7 9 11 12
771WWG9CLA3YYM39BK,7,plain,none,mixed,1 1 4 8 8 10 17
771Wme4a5IKL9gQ324,7,plain,none,mixed,2 2 5 6 8 9 17
771W29fOIM1H96gfk7,7,progressive,none,distinct,1 2 6 7 10 11 12
771WHIITDCi76288WA,7,distinct,none,distinct,1 2 4 5 8 14 15
771WO8OL950LLnF994,7,progressive,none,distinct,1 4 5 7 9 10 13
771WKkk9CeGAXX2iC8,7,distinct,none,distinct,2 3 4 7 8 12 13
771WC5HK48944OwCCb,7,plain,none,mixed,1 1 5 9 10 11 12
771W886H5bHA95LCSK,7,plain,none,mixed,3 3 3 8 9 9 14
771W4EHB9H4XXwCzP4,7,progressive,none,distinct,1 2 5 7 9 12 13
771W29AQc55YaiqmYG,7,plain,none,mixed,1 3 5 9 9 11 11
771WuufU2238O4488H,7,distinct,none,distinct,1 2 3 5 8 12 18
771W0MmiOKK4OjdOee,7,progressive,none,distinct,1 2 3 8 10 12 13
771W2g9OOqeaMPZWG8,7,plain,none,mixed,3 4 4 5 6 7 20
771WWOQMdIk0dWPIAC,7,progressive,none,distinct,1 3 4 5 11 12 13
771W55AYMk8ADFL5G0,7,progressive,none,distinct,2 3 4 5 10 11 14
771W224af97QGGLL44,7,plain,none,mixed,1 2 3 7 10 10 16
771W44K45dbA8OO124,7,plain,none,mixed,2 2 3 3 10 14 15
771W44FYZTA2ABGBHC,7,distinct,none,distinct,1 4 5 6 8 12 13
771W0a3tF5IOaflOJ4,7,progressive,none,distinct,1 3 4 7 9 12 13
771WEAELJgi02A8rA0,7,plain,none,mixed,1 4 4 4 8 13 15
771W4qsZ8CCWaCE6QM,7,progressive,none,distinct,2 3 5 6 8 12 13
771W66AQC4ADD5I722,7,progressive,none,distinct,2 3 5 7 9 11 12
771WabccA8m1456AIY,7,distinct,none,distinct,1 3 6 7 9 11 12
771W0HcLD38GOqpxvW,7,progressive,none,distinct,1 4 5 6 9 10 14
771WIG8c1846EU5Cig,7,distinct,none,distinct,1 2 3 7 8 13 15
771W8KDUQ44IIwY68G,7,progressive,none,distinct,2 5 6 7 8 10 11
771WOUKCIIWAB5TXKK,7,progressive,none,distinct,1 3 6 7 9 10 13
771W06b1q44LBDDcso,7,progressive,none,distinct,2 4 5 6 7 11 14
771WWb1LAaK6LPVgiW,7,progressive,none,distinct,2 3 4 8 9 11 12
771W9aysc882amAgaa,7,progressive,none,distinct,1 2 7 8 9 10 12
771W04S4Ka4FCIQeee,7,plain,none,mixed,1 1 6 7 9 12 13
771WXTIGmqq4WGmIAQ,7,plain,none,mixed,1 2 3 6 10 10 17
771W84EIwqK52CoAGG,7,distinct,none,distinct,2 3 5 6 8 12 13
771WYAYHZf4IjXJJD2,7,plain,none,mixed,4 4 4 5 6 8 18
771W2OJiK28eagNRog,7,progressive,none,distinct,2 5 6 7 8 10 11
771WKhhKs24YCYAjWe,7,progressive,none,distinct,2 3 5 6 10 11 12
771WG8S4799OOmAKMG,7,distinct,none,distinct,1 2 5 7 9 10 15
771W21O9MKMKKAMJq8,7,progressive,none,distinct,1 4 6 7 8 11 12
771W26A8K4a762Mm88,7,plain,none,mixed,1 1 2 6 7 15 17
771WCs6kB88eKqOa24,7,plain,none,mixed,3 3 4 7 10 10 12
771WHEFZ8Ia49gcl4m,7,progressive,none,distinct,1 2 6 8 9 11 12
771WW13QgQm4deffn9,7,progressive,none,distinct,1 4 6 7 8 9 14
771W9A5DSKK442O5r9,7,plain,none,mixed,3 4 6 6 7 9 14
771W46BQQG2OOHBxIA,7,progressive,none,distinct,1 4 5 6 10 11 12
771W66R3S2ILLAK6K4,7,plain,none,mixed,2 2 6 7 9 11 12
771WGD6U88GLLuLbv9,7,progressive,none,distinct,2 4 5 7 9 10 12
771W14C2e82CAALzqq,7,progressive,none,distinct,1 3 5 8 9 10 13
771Wuui8624CK4CJKK,7,plain,none,mixed,2 3 7 7 8 9 13
771WeuwsqXO0Z5SI65,7,progressive,none,distinct,1 4 6 7 8 11 12
771WW98a6884eeQUSi,7,progressive,none,distinct,1 3 5 8 9 10 13
771W88A9BKC223YYyo,7,plain,none,mixed,3 4 4 5 7 11 15
771Wa474842Y226JAQ,7,plain,none,mixed,1 1 5 7 8 9 18
771W019FQJbqroafc4,7,progressive,none,distinct,3 4 5 7 9 10 11
771WAbbQM62PfZFY8W,7,progressive,none,distinct,1 4 6 8 9 10 11
771W48a8iACiooy322,7,plain,none,mixed,4 4 4 5 7 8 17
771W05LGmCYQTBAfeW,7,plain,none,mixed,2 3 4 5 5 13 17
771W2DwwHbW4J5noMX,7,progressive,none,distinct,1 4 6 7 8 11 12
771WCChJPXY0QQ4KL4,7,plain,none,mixed,2 2 4 8 8 12 13
771WeeOUona4K59C21,7,plain,none,mixed,1 3 5 6 6 11 17
771WWXAIoqm4HPHIIY,7,progressive,none,distinct,1 3 7 8 9 10 11
771W1Jc49h39IorfI4,7,distinct,none,distinct,2 3 4 7 10 11 12
771WaKiiZfG4nH6643,7,distinct,none,distinct,1 4 5 7 9 10 13
771WaYAZKKc8LIAi95,7,plain,none,mixed,2 5 6 8 8 9 11
771WeYI8ZYY0KCiicY,7,plain,none,mixed,1 4 4 9 9 10 12
771W42IAfPKSQA9e41,7,plain,none,mixed,2 3 5 5 11 11 12
771W8AopAC8G4KZX7B,7,progressive,none,distinct,1 3 4 8 9 11 13
771WICa4CCE8GmKZ22,7,distinct,none,distinct,1 3 4 5 6 14 16
771WAUgaCn15JYiQ20,7,plain,none,mixed,1 3 3 7 10 11 14
771WaacO8886E68O88,7,distinct,none,distinct,1 3 5 6 8 10 16
771W44k7QHHKCCIM2C,7,progressive,none,distinct,1 2 6 8 9 10 13
771W445eKKI6E8CBAI,7,plain,none,mixed,2 4 5 8 8 9 13
771W4432SSgCDACTG8,7,progressive,none,distinct,3 4 5 6 7 11 13
771WA6aLQq1I92cJbe,7,plain,none,mixed,2 3 6 7 9 9 13
771W4aSYIG8wMDKC22,7,progressive,none,distinct,1 3 5 7 8 12 13
771W8gF9JXYWIKqiZm,7,progressive,none,distinct,3 4 5 6 8 11 12
771WISUTiY4162apea,7,progressive,none,distinct,2 3 6 8 9 10 11
771WIBB85e056cLJhD,7,progressive,none,distinct,2 4 5 8 9 10 11
771W84Kq64884Kr755,7,plain,none,mixed,1 4 4 5 10 12 13
771W0aaPTjfWA29cce,7,plain,none,mixed,2 4 4 5 8 11 15
771Wqmmmec215bZ122,7,plain,none,mixed,2 4 4 5 5 6 23
771W87JaKMGGS5bRX9,7,progressive,none,distinct,1 4 5 7 9 10 13
771W5Aab1466IIoKbB,7,plain,none,mixed,2 2 4 8 8 9 16
771WaSNjrD18YUn9H0,7,progressive,none,distinct,1 4 6 7 8 11 12
771WGmbfe8W6fPPHH5,7,progressive,none,distinct,1 4 5 6 8 12 13
771WAAc2444OGGGE66,7,plain,none,mixed,1 3 5 6 6 8 20
771W0W2nal1ePLMNUK,7,progressive,none,distinct,1 3 5 6 10 11 13
771W0Y5ZBCIeqrnhI6,7,progressive,none,distinct,1 3 5 8 9 11 12
771WK4EAYeH27cvH32,7,plain,none,mixed,1 2 3 6 12 12 13
771W9IayMRGCObAKX2,7,progressive,none,distinct,1 4 6 7 9 10 12
771WIssYZ112eeeG60,7,plain,none,mixed,1 2 4 4 6 11 21
771W8Cq2Y4aLQIYA88,7,plain,none,mixed,1 1 6 8 10 10 13
771WrruCaCA4AAK98O,7,progressive,none,distinct,2 3 5 7 9 11 12
771WAAbu2IeI79TTO0,7,plain,none,mixed,2 2 3 4 10 11 17
771WIHKKNt22199Ko5,7,progressive,none,distinct,2 3 6 8 9 10 11
771W5A9BgoI146ees2,7,distinct,none,distinct,2 4 5 6 7 10 15
771WJJHCaP9GMDA2I8,7,distinct,none,distinct,2 3 4 5 6 11 18
771W08bhAo9dopO85G,7,progressive,none,distinct,1 4 5 7 8 10 14
771WGOOvsaY0Bb5348,7,distinct,none,distinct,2 3 4 5 8 10 17
771WLoI7Sa2XICAf4e,7,progressive,none,distinct,1 3 7 8 9 10 11
771W9AQiKkg0EM9AW0,7,plain,none,mixed,3 3 4 4 7 13 15
771WHsOI55qWHiyOa1,7,plain,none,mixed,1 3 3 5 10 11 16
771W5HEig88B5rmCI2,7,distinct,none,distinct,2 3 5 7 9 11 12
771WKqqC2e4HgA7644,7,progressive,none,distinct,2 3 6 7 9 10 12
771W2yyqqC28YQXnGG,7,progressive,none,distinct,1 4 5 7 8 10 14
771WXGHHA7G3Zttqn6,7,progressive,none,distinct,2 4 5 8 9 10 11
771W8IyfRMIGCmYvE2,7,progressive,none,distinct,1 4 6 8 9 10 11
771W8aXZKF8WCEjPU5,7,plain,none,mixed,1 3 5 9 9 11 11
771W88oxJCA4G6PROI,7,progressive,none,distinct,2 4 6 7 8 10 12
771W44AGGH9449PP9A,7,plain,none,mixed,2 2 3 7 8 13 14
771WG9EYAAc9CiHOGW,7,plain,none,mixed,1 1 8 8 10 10 11
771WHnceOBAe4IQAJ0,7,plain,none,mixed,1 2 4 9 9 9 15
771W14SONT899ICZb5,7,progressive,none,distinct,2 3 4 6 9 12 13
771WXEsKQK09np5gqK,7,progressive,none,distinct,2 3 5 7 9 11 12
771W222koII8AC4CGG,7,distinct,none,distinct,1 3 4 6 9 10 16
771W48KMLri46Hm845,7,progressive,none,distinct,2 3 4 8 9 11 12
771WHgC48E9LbbDIX0,7,plain,none,mixed,3 3 4 6 7 9 17
771W8Ack548OCCLGaY,7,progressive,none,distinct,1 2 6 7 10 11 12
771WSQMbLb9GVJ2n90,7,progressive,none,distinct,2 4 6 7 9 10 11
771W22IccmG9ESSI22,7,plain,none,mixed,3 3 3 5 10 12 13
771W44ifC42KKKADC8,7,plain,none,mixed,2 4 4 9 9 9 12
771WOViL_m46PD3aIe,7,progressive,none,distinct,1 4 5 8 9 10 12
771W0kLSKX9WpniIoe,7,progressive,none,distinct,1 2 3 8 10 11 14
771W8bDK462aKOmHIg,7,plain,none,mixed,2 4 6 6 6 9 16
771W5sgUKOOWOWsCa4,7,progressive,none,distinct,1 5 6 7 9 10 11
771WOPQS4AWCD96AHX,7,progressive,none,distinct,2 3 6 8 9 10 11
771W0sngTQKWaebpU4,7,progressive,none,distinct,1 3 6 8 9 10 12
771WaSCe280UwAbDBB,7,distinct,none,distinct,1 3 7 8 9 10 11
771W6SVMGb0XYcE5ng,7,progressive,none,distinct,2 4 6 7 9 10 11
771W2134IC8KKIHUqS,7,progressive,none,distinct,1 3 4 8 9 11 13
771WHwoobHW0dKaYcX,7,progressive,none,distinct,1 3 5 8 9 10 13
771WeIHCoIG6YCaiPH,7,progressive,none,distinct,1 4 6 8 9 10 11
771WX8IIW106cwwwc5,7,progressive,none,distinct,1 3 5 8 9 10 13
771W4AFXrLKA44im8H,7,plain,none,mixed,2 3 4 5 6 6 23
771W44HFXb854SPE6H,7,distinct,none,distinct,1 2 4 6 11 12 13
771W2gCPeX9OjfIQga,7,progressive,none,distinct,2 5 6 7 8 10 11
771WObfb311Ke8uKIW,7,plain,none,mixed,2 3 6 6 6 6 20
771WCIgoqGGGIyaY66,7,progressive,none,distinct,1 4 5 7 9 11 12
771W4534IbQ8BCD-ZA,7,progressive,none,distinct,3 4 5 7 8 9 13
771Wbbr9384IQAF602,7,distinct,none,distinct,1 2 5 7 8 9 17
771W4KE8OO3IIbn9GH,7,plain,none,mixed,1 2 6 7 7 10 16
771W01SKr84KMAJIIa,7,plain,none,mixed,1 4 5 8 8 9 14
771WaK4z7Z05kQMC91,7,plain,none,mixed,1 4 5 6 9 12 12
771W87e2IS2yifQhKa,7,progressive,none,distinct,1 3 7 8 9 10 11
771W9FNaKKK4CGGeG8,7,progressive,none,distinct,2 3 5 6 9 11 13
771W8uq7G2YDicM684,7,progressive,none,distinct,1 2 5 7 10 11 13
771WGGa45wYOIHI235,7,distinct,none,distinct,1 2 3 4 7 14 18
771WKKIAE8O22B4IAA,7,progressive,none,distinct,1 4 5 8 9 10 12
771WYADqIYWe6AokP1,7,progressive,none,distinct,1 4 5 6 10 11 12
771W9femHA5KagHGJ4,7,plain,none,mixed,2 4 4 5 6 9 19
771WaaXMHC508ABLTA,7,progressive,none,distinct,1 2 3 7 10 12 14
771W4SQA6W09AYsIKK,7,distinct,none,distinct,1 4 5 6 8 10 15
771WekkAoI6AKL9WGG,7,progressive,none,distinct,3 4 6 7 8 10 11
771WgPLxwg49eAH9a0,7,plain,none,mixed,2 3 5 8 8 11 12
771W8GWWAHo8LsKKJI,7,plain,none,mixed,1 3 6 7 9 9 14
771WDCY2fP0BNM1H5X,7,plain,none,mixed,1 2 2 7 8 11 18
771WeGIAPPYGni99KH,7,plain,none,mixed,2 3 6 6 10 10 12
771WaW45W86K665uvr,7,plain,none,mixed,2 2 3 4 8 13 17
771W8uqnAOKcAaJAC4,7,plain,none,mixed,3 4 5 7 9 9 12
771W44qIA5M9HCA8BA,7,progressive,none,distinct,2 3 4 8 9 11 12
771WYu0AW98IcMii8B,7,plain,none,mixed,1 2 2 5 6 15 18
771WGEDCE4G44bZIay,7,distinct,none,distinct,1 4 6 8 9 10 11
771W0p8SHuGHYPUMcK,7,progressive,none,distinct,1 3 6 8 9 10 12
771WGWW3Q96CacXWle,7,plain,none,mixed,1 1 4 5 6 9 23
771W6BDS8KG887bIYQ,7,distinct,none,distinct,1 3 5 8 9 11 12
771W445AJiSEDE82CI,7,plain,none,mixed,3 3 4 5 7 12 15
771WCK5HGOOGGeAQQM,7,plain,none,mixed,2 2 5 6 8 11 15
771WIK8a98OPLKSa42,7,progressive,none,distinct,2 4 5 6 8 11 13
771W8AAppBG82BXX93,7,progressive,none,distinct,1 3 5 7 10 11 12
771W0mgI2o5LkRJIHG,7,plain,none,mixed,3 3 5 5 9 11 13
771W3ML946288eiLcI,7,plain,none,mixed,1 4 4 6 8 10 16
771WXHY2Khm8wDFFH2,7,progressive,none,distinct,2 4 5 6 9 10 13
771WanPPQ22KaI4aaG,7,distinct,none,distinct,2 3 4 5 8 13 14
771WABTDD8888O2GWI,7,plain,none,mixed,1 3 3 7 8 12 15
771WAPIKOY29AYswGW,7,plain,none,mixed,2 5 5 7 7 9 14
771W46MHJYOIJ99XC2,7,distinct,none,distinct,1 3 6 7 9 10 13
771WCsML5A1oIc5ZB0,7,progressive,none,distinct,1 4 6 7 9 10 12
771WDBZAq22KQSa6W8,7,progressive,none,distinct,1 3 5 6 10 11 13
771WWaL9KYIQf-oECG,7,progressive,none,distinct,2 3 5 7 9 11 12
771WX4yy3O4n5M7cY4,7,progressive,none,distinct,1 2 5 8 9 11 13
771WOIAKu84KIw7AYY,7,progressive,none,distinct,1 4 6 7 8 11 12
771WWHG9AM8WWhkjiO,7,plain,none,mixed,1 3 3 7 9 11 15
771WAArpmeOG3I0Oqa,7,plain,none,mixed,2 3 3 4 6 9 22
771WIAKbtCG2Cp3I4A,7,plain,none,mixed,1 2 6 9 9 10 12
771W8GAIigGC9z57HH,7,progressive,none,distinct,3 4 5 6 8 9 14
771W48eqoIYmpue444,7,plain,none,mixed,3 4 4 6 6 12 14
771W8AQoy0G39QcaGG,7,plain,none,mixed,1 1 2 6 8 10 21
771W0I2OPcaHIeggZb,7,progressive,none,distinct,1 3 4 8 9 11 13
771WGnrIAaaWQMKE8W,7,progressive,none,distinct,1 3 5 8 9 11 12
771W9iXpoogWWfOuq8,7,progressive,none,distinct,3 4 5 6 7 11 13
771WIAKMA52GGq6PFC,7,plain,none,mixed,2 5 5 5 7 9 16
771W0GIMNO8XXOQQKI,7,progressive,none,distinct,2 3 5 8 9 10 12
771WbxuOQA9AY4WWL4,7,plain,none,mixed,3 3 5 6 6 7 19
771WeCqTAY4nAMe548,7,progressive,none,distinct,1 4 6 7 8 11 12
771W0Wk21RZgB9IQKG,7,plain,none,mixed,1 2 3 6 7 15 15
771WKIgfDGWK9Q4YgY,7,plain,none,mixed,2 3 6 6 8 12 12
771WADT738888OAce2,7,progressive,none,distinct,1 4 5 6 8 10 15
771WW8aKSIGeOJrZYY,7,progressive,none,distinct,1 4 6 7 8 10 13
771W44YyaunG87AO89,7,plain,none,mixed,1 1 5 7 8 13 14
771WAc74aG5aIJp8G9,7,distinct,none,distinct,1 4 5 6 7 12 14
771WG02c44948efdts,7,plain,none,mixed,3 3 4 4 5 14 16
771WniIQUX11oYQioG,7,distinct,none,distinct,1 3 5 8 9 11 12
771WZsqoII848XXP8e,7,progressive,none,distinct,1 4 6 7 8 10 13
771WKGWHAYGLUdb548,7,plain,none,mixed,2 3 4 4 8 10 18
771W88e46tBGB8PGKM,7,plain,none,mixed,1 2 4 8 8 11 15
771WLbcMeY25k662K4,7,plain,none,mixed,2 2 6 6 9 10 14
771WAAW2KY2foq46QQ,7,plain,none,mixed,3 4 4 4 5 11 18
771WIITHuO8YaHCKKG,7,plain,none,mixed,2 4 6 7 7 9 14
771W42GacaZOGOOpLK,7,plain,none,mixed,1 4 5 6 9 9 15
771WI60acaKA9eeKYY,7,plain,none,mixed,2 2 3 4 7 11 20
771WYW5eKCA8SQMBgo,7,progressive,none,distinct,2 3 4 5 9 12 14
771W4Ve4YnX8LcUMYm,7,progressive,none,distinct,1 4 5 8 9 10 12
771WBBX975I8OPLIb0,7,progressive,none,distinct,1 4 6 7 8 10 13
771W5BK8865AAIwYHG,7,plain,none,mixed,2 3 3 8 8 9 16
771WiHHKYIHCg4aifG,7,plain,none,mixed,1 4 5 5 9 12 13
771W6e53A44SiiwAam,7,progressive,none,distinct,2 5 6 7 8 10 11
771W4nDEcY0HcMIcj5,7,progressive,none,distinct,1 4 5 7 9 11 12
771WIYjIOOW0f9MU6U,7,progressive,none,distinct,1 4 6 8 9 10 11
771WYII8fe83aC88Wc,7,plain,none,mixed,1 1 2 7 9 10 19
771WGGmYBxAID644D8,7,plain,none,mixed,2 5 5 6 6 6 19
771WCCCCAK8PPQ5644,7,progressive,none,distinct,3 4 6 7 8 9 12
771W8kC4a2WhSSaYHH,7,progressive,none,distinct,1 4 5 6 7 12 14
771W9gA6-01pbZD3b4,7,progressive,none,distinct,1 3 6 7 9 11 12
771W24KOCiCML9Ca44,7,plain,none,mixed,3 4 4 6 9 11 12
771WACChpr4954Gg09,7,plain,none,mixed,2 3 3 3 11 12 15
771W48K5a49E8Gn99C,7,plain,none,mixed,1 1 3 9 9 10 16
771W4HEoIIOaeOPfmG,7,progressive,none,distinct,1 4 6 7 9 10 12
771W8feG8q0bEF311n,7,plain,none,mixed,1 2 4 4 7 8 23
771WfQQLzUU4Y481g0,7,progressive,none,distinct,1 3 5 8 9 11 12
771W19vQgg19L5YYf1,7,progressive,none,distinct,1 4 5 8 9 10 12
771W2CYRHIMwYfLaIO,7,plain,none,mixed,1 2 4 6 6 12 18
771W99G6146CCKKRUA,7,progressive,none,distinct,1 3 5 6 8 11 15
771WIn68We2HbLQAxB,7,distinct,none,distinct,2 3 5 8 9 10 12
771WAA5588eIJJKK4G,7,plain,none,mixed,2 4 4 6 8 11 14
771WHXHHLED0mMLGJ2,7,plain,none,mixed,1 3 3 5 9 13 15
771WWacQIMM0eaeI99,7,plain,none,mixed,2 2 6 7 10 11 11
771W0275cB3KIIJPsW,7,progressive,none,distinct,1 2 6 8 9 11 12
771WWVgQgPe8_W8uYH,7,progressive,none,distinct,1 4 6 8 9 10 11
771WoyQQIWGG3EYo44,7,progressive,none,distinct,1 2 5 8 9 11 13
771WfpR55544Kyif10,7,progressive,none,distinct,1 3 5 8 9 11 12
771W04Xoije4OKMbfo,7,progressive,none,distinct,1 3 6 7 8 11 13
771W99hrOK4G49NOO4,7,progressive,none,distinct,1 4 6 7 9 10 12
771WGEe524CemmfMae,7,plain,none,mixed,1 2 4 6 9 9 18
771W4cLOha2XK8AZMA,7,progressive,none,distinct,1 5 6 7 9 10 11
771WGCAOGe812kKqii,7,plain,none,mixed,1 5 5 6 6 13 13
771W1HIMUMa89cafm0,7,progressive,none,distinct,1 3 6 7 9 10 13
771WK119Oq4A9kc44a,7,distinct,none,distinct,1 2 3 6 7 10 20
771W54QAbf99CKMGKm,7,progressive,none,distinct,1 5 6 7 8 10 12
771WaPPTMSA1XAi34W,7,progressive,none,distinct,1 4 5 6 10 11 12
771WPPKA9h832AIQL4,7,progressive,none,distinct,1 5 6 7 8 10 12
771WX5Q6faIoLCMfq2,7,progressive,none,distinct,1 3 7 8 9 10 11
771W2aCLCXHgPKQc68,7,distinct,none,distinct,1 3 6 7 8 10 14
771WYAfCEKOeGIXgSC,7,progressive,none,distinct,1 4 5 8 9 10 12
771WIIKC7ea2087IcY,7,plain,none,mixed,1 2 2 7 9 10 18
771WACa52Wf8IIZd5C,7,distinct,none,distinct,1 2 3 7 10 11 15
771WCFNKsG442J3YiC,7,progressive,none,distinct,2 5 6 7 8 10 11
771W8Ytbc102yaaoEH,7,plain,none,mixed,1 4 5 7 7 9 16
771WdiigKCC4aYKCW0,7,plain,none,mixed,1 3 4 4 8 10 19
771WIJ7emGGA2KO8We,7,plain,none,mixed,2 2 2 4 7 11 21
771WG8G8AfHIHvEEA8,7,distinct,none,distinct,2 3 5 7 8 10 14
771W0Xhj9E94mmhitG,7,progressive,none,distinct,1 3 6 7 8 11 13
771W24KKJ32AAIIc52,7,distinct,none,distinct,2 3 4 7 10 11 12
771W4WYO5ACiiak9IK,7,plain,none,mixed,2 2 4 6 10 11 14
771W0XKNI22mGIIUOa,7,plain,none,mixed,1 1 5 7 7 12 16
771WIQgcDCgHKKeX42,7,plain,none,mixed,1 4 4 9 9 10 12
771WAEIQ8K211UcL88,7,plain,none,mixed,1 3 6 6 7 11 15
771W8Fi454GG89fKaM,7,progressive,none,distinct,1 2 6 7 8 10 15
771W9Iq8eCJICjAHW1,7,distinct,none,distinct,1 4 5 6 7 8 18
771W88FDETi2328HFG,7,plain,none,mixed,3 3 4 6 8 10 15
771WabJHIKa0HCCU6o,7,progressive,none,distinct,1 4 6 8 9 10 11
771W0Yi8B8C8mmirdZ,7,progressive,none,distinct,1 3 5 7 9 10 14
771W44cgr9LG27BK44,7,progressive,none,distinct,2 3 5 7 8 10 14
771WoCCA9f0AffKi41,7,progressive,none,distinct,1 3 4 7 8 12 14
771WgbO88Er1G9mYXG,7,plain,none,mixed,1 2 3 3 6 14 20
771W221LagY459A6KO,7,distinct,none,distinct,1 3 4 6 7 8 20
771W8844i5SQSTAHHI,7,plain,none,mixed,1 4 6 6 9 11 12
771WYKupc6IIa9Hc84,7,plain,none,mixed,1 3 4 5 7 7 22
771WIMuY6Ya5IAIbOO,7,plain,none,mixed,1 4 6 6 8 9 15
771WC8aXe8GIIJqCC4,7,progressive,none,distinct,1 3 5 6 10 11 13
771WARleqn90HbCIg8,7,progressive,none,distinct,2 4 5 7 9 10 12
771W1YKiogKWPE7MZ3,7,progressive,none,distinct,2 3 5 7 8 11 13
771WK6u6aa2in9PfKK,7,plain,none,mixed,2 5 7 7 8 9 11
771WW85HCMGqKUirsg,7,progressive,none,distinct,1 5 6 7 9 10 11
771WeDmkuaCm5RMeaK,7,progressive,none,distinct,1 5 6 7 9 10 11
771WIoab844KWGM6MQ,7,distinct,none,distinct,2 3 4 5 6 11 18
771W23MMLWWGIIIEIa,7,progressive,none,distinct,1 3 6 7 8 11 13
771W45lltaeG24HAIW,7,distinct,none,distinct,2 3 5 6 9 11 13
771W0eKPLoOYngNBA8,7,plain,none,mixed,3 3 4 8 8 9 14
771W8AFegGH0AAmeMF,7,distinct,none,distinct,1 2 3 4 7 15 17
771W956IWGG578eOK4,7,distinct,none,distinct,1 2 3 5 6 13 19
771WKP99428OOOb76Y,7,plain,none,mixed,3 3 4 6 6 12 15
771WG9oHHHSemm11PY,7,plain,none,mixed,1 2 4 4 5 9 24
771W66MQQgXIHB08XW,7,plain,none,mixed,2 2 2 3 8 11 21
771W0mebah9YfPB568,7,plain,none,mixed,3 4 4 4 8 8 18
771W4-kAH91XPli4aW,7,progressive,none,distinct,2 3 5 7 9 10 13
771WKCegAB7G4a3IQO,7,plain,none,mixed,2 3 6 6 9 11 12
771WAB689a4HIIUCKY,7,progressive,none,distinct,3 5 6 7 8 9 11
771W8eq5-62EgqI148,7,progressive,none,distinct,1 3 5 7 8 10 15
771W48bc6kWqoon89H,7,progressive,none,distinct,2 3 4 7 9 11 13
771WW8BrA554eaUIU8,7,progressive,none,distinct,1 4 5 6 10 11 12
771W055cg9bQJJLWgW,7,progressive,none,distinct,2 3 4 8 9 11 12
771W22KNrvnKG9AK81,7,progressive,none,distinct,1 3 5 7 10 11 12
771W1AACg0WbYYiiY2,7,plain,none,mixed,1 1 4 6 10 11 16
771WmZNNNZe0IYZnXC,7,progressive,none,distinct,1 5 6 7 9 10 11
771W2HAESA8YYK3DoI,7,progressive,none,distinct,1 3 6 7 9 10 13
771W4CY8NHfIRTaIC8,7,progressive,none,distinct,2 3 6 7 8 10 13
771W4455Jai2354MI8,7,plain,none,mixed,2 2 5 7 7 8 18
771WOJLkeO4829buSa,7,progressive,none,distinct,2 4 5 7 8 11 12
771WGYfIIYA9xJAAuW,7,progressive,none,distinct,3 4 5 6 8 11 12
771WAABmmJKA4889Q1,7,distinct,none,distinct,1 2 4 5 6 10 21
771W46k8II19HKCCff,7,progressive,none,distinct,1 4 5 8 9 10 12
771WGKHGGG855feOOO,7,plain,none,mixed,1 3 4 6 8 8 19
771WG89ALLb67aC8CG,7,distinct,none,distinct,2 3 6 7 8 11 12
771WeQPY4354e8WdQI,7,plain,none,mixed,2 3 4 6 6 6 22
771WbDEEbA62aa74MG,7,plain,none,mixed,2 5 6 6 9 10 11
771W48n4K2KJRSiB8G,7,plain,none,mixed,1 2 7 7 9 11 12
771WaLKK4ae2WabeeO,7,distinct,none,distinct,2 3 4 5 6 13 16
771WKLE8WV546LA9IY,7,distinct,none,distinct,2 3 5 6 8 10 15
771W88qu9Lp5GM8JIK,7,plain,none,mixed,1 3 3 8 8 11 15
771W503PmmM418CjqK,7,plain,none,mixed,1 2 2 4 4 15 21
771W88oD6Y2HAQ6CLP,7,progressive,none,distinct,2 4 5 7 9 10 12
771WKYY5rg4Db30h8A,7,plain,none,mixed,2 2 3 4 7 9 22
771WIg9UQA6Awo58O0,7,progressive,none,distinct,2 4 6 7 8 9 13
771WXKKCaX3if95ZY2,7,progressive,none,distinct,1 2 4 7 10 12 13
771WgKfPOOK8uGra4G,7,plain,none,mixed,2 4 4 7 8 11 13
771W396MXdeWaiT6z8,7,progressive,none,distinct,1 2 4 9 10 11 12
771Wb3I9CK2nHB5XO4,7,plain,none,mixed,1 3 3 5 5 10 22
771W4265q48IKIJqCC,7,progressive,none,distinct,1 3 7 8 9 10 11
771WOOiaaD3KQAH102,7,plain,none,mixed,2 2 4 4 8 9 20
771WALJpbHc4FZZKX0,7,progressive,none,distinct,1 3 4 8 9 11 13
771W8O6M688eeKsoaa,7,plain,none,mixed,3 4 4 8 8 10 12
771WGK43KRC55IGlgb,7,plain,none,mixed,4 4 4 5 7 7 18
771WOPpdKMQ0K8PKAc,7,progressive,none,distinct,3 4 6 7 8 9 12
771W46fPQA6KSIHmK0,7,progressive,none,distinct,1 3 4 8 9 11 13
771WIYZ5468W8efg9L,7,plain,none,mixed,2 3 5 5 7 10 17
771We8C6CA8e88MA55,7,plain,none,mixed,1 1 6 6 8 13 14
771WGIHEI5I22jfkLE,7,progressive,none,distinct,1 3 7 8 9 10 11
771W2XSHD9IOeriope,7,progressive,none,distinct,2 5 6 7 8 10 11
771WROy548GIABI8e4,7,plain,none,mixed,1 3 5 5 10 11 14
771WW4amfKIYOUQZYa,7,progressive,none,distinct,1 3 5 6 7 13 14
771WWYcgMP9445EGca,7,plain,none,mixed,3 4 4 6 7 10 15
771WX3jucE12swrjP0,7,progressive,none,distinct,2 3 5 6 9 11 13
771WGWIeL846-QNIAC,7,progressive,none,distinct,2 4 6 7 8 9 13
771WG3bb99efqKLHXG,7,progressive,none,distinct,1 2 6 8 9 11 12
771WG8ARfKi47fII68,7,progressive,none,distinct,2 4 6 7 8 10 12
771W1MgSSuAIPmhPW0,7,plain,none,mixed,2 2 4 6 9 9 17
771W8GuGFA29HrCEAC,7,progressive,none,distinct,1 5 6 7 8 9 13
771W850Cih4544fpnI,7,plain,none,mixed,2 2 4 4 5 8 24
771WHMme83pG5SIYmI,7,distinct,none,distinct,1 2 3 6 7 14 16
771WGAIoseb84sbZ32,7,progressive,none,distinct,2 4 6 7 8 9 13
771WIMRH2gW46AHnEI,7,progressive,none,distinct,1 4 5 6 8 10 15
771WGGMMr9L42HJIE8,7,plain,none,mixed,2 4 5 5 9 12 12
771WaCK6s41MoiS398,7,progressive,none,distinct,1 4 6 7 8 11 12
771W48eiaZY8MMg221,7,plain,none,mixed,3 4 4 4 8 8 18
771WGG2CCYaQOOMRGG,7,plain,none,mixed,1 2 4 6 10 13 13
771WCDF7s888E822Ka,7,distinct,none,distinct,1 2 3 8 9 10 16
771WWhGa8WWKRRjbLb,7,progressive,none,distinct,2 3 6 8 9 10 11
771W8uaiuvG4bKDHHI,7,progressive,none,distinct,1 2 4 7 8 13 14
771W2ADLNYIYZgI6I0,7,progressive,none,distinct,1 3 5 7 10 11 12
771WI8EEYWW06ckoKK,7,plain,none,mixed,1 3 4 6 7 14 14
771W225dL9AYkeguL4,7,progressive,none,distinct,3 4 5 6 8 11 12
771WeeSC948CSCBKKI,7,progressive,none,distinct,3 4 5 7 9 10 11
771W447gmsM850CMKC,7,plain,none,mixed,2 2 3 3 5 7 27
771WISyZJB8G4AXfbe,7,plain,none,mixed,2 2 5 7 7 10 16
771WKCiCA8W8PvY644,7,plain,none,mixed,2 2 5 6 10 12 12
771W0FEHD8G88DYE-I,7,progressive,none,distinct,1 2 4 7 9 10 16
771W0HAB742aaKKLIg,7,progressive,none,distinct,2 4 5 6 8 11 13
771W46cwKII4OGSsGG,7,progressive,none,distinct,1 3 5 7 10 11 12
771W3598yCS425KmG8,7,plain,none,mixed,1 3 3 3 7 16 16
771WG4wgp38ogqnH41,7,distinct,none,distinct,2 3 4 5 6 14 15
771W1oK980OIYRKSie,7,plain,none,mixed,1 1 5 5 9 10 18
771WAAdcCI2H56I6O8,7,progressive,none,distinct,1 5 6 7 8 9 13
771WKSA8BCCGGWOAMK,7,distinct,none,distinct,1 3 4 7 8 10 16
771WSIUYGOYGTgHf44,7,distinct,none,distinct,1 4 5 6 8 9 16
771W44qabm21ULL762,7,progressive,none,distinct,1 2 5 6 10 12 13
771WmuXMIa11AOelfu,7,plain,none,mixed,1 1 6 8 8 11 14
771WGb5dHWGKleeaeY,7,plain,none,mixed,3 4 5 5 5 8 19
771W1Q6aC1GeaLphJo,7,progressive,none,distinct,1 3 6 8 9 10 12
771W08iCQXWugiIMIH,7,progressive,none,distinct,1 4 5 7 9 11 12
771WWM8Kt34CgO8p54,7,distinct,none,distinct,1 2 3 5 6 14 18
771W81W2mAGkqtLLQg,7,progressive,none,distinct,1 3 6 7 9 11 12
771WKDDFNEY23b3fW2,7,progressive,none,distinct,1 3 4 7 10 11 13
771WHQAJlemGLfKIe2,7,progressive,none,distinct,1 4 6 7 9 10 12
771Wa4ImeqOe5MHIAA,7,distinct,none,distinct,1 3 5 7 8 10 15
771WGRLIYJW07aKSbk,7,progressive,none,distinct,2 3 5 6 7 12 14
771WGebe8DCXDjOAAH,7,progressive,none,distinct,2 3 5 7 9 11 12
771WSGGZm62IQ4a7A6,7,plain,none,mixed,1 1 4 4 4 15 20
771WHrMX1BG4uHIgv2,7,plain,none,mixed,1 3 6 6 6 8 19
771WK356wv4Xb25u2f,7,plain,none,mixed,2 2 2 5 9 11 18
771W42Oqq46QI8Oq55,7,plain,none,mixed,2 2 4 7 10 12 12
771WG99bLT2AEjE11W,7,plain,none,mixed,3 3 3 7 8 8 17
771W07QWQiWIUCPgqa,7,plain,none,mixed,1 2 3 5 12 12 14
771WGmfSjp5WFJ9B8K,7,progressive,none,distinct,1 3 5 8 9 10 13
771W24gcDbG9NMQn51,7,progressive,none,distinct,2 5 6 7 8 10 11
771W1bMBACCGmebEO4,7,progressive,none,distinct,1 3 5 7 9 10 14
771WX7YsYI3nNOOaH0,7,plain,none,mixed,1 1 5 7 10 11 14
771WI11iaKO1BejeeG,7,plain,none,mixed,1 2 3 3 8 14 18
771W5JD8521YYIE-F4,7,progressive,none,distinct,2 4 5 7 8 11 12
771W4qybMQbXa9J458,7,progressive,none,distinct,1 5 6 7 9 10 11
771W9F57p22624KeIG,7,plain,none,mixed,1 2 5 5 7 14 15
771Wcfnq44S04Pe8ee,7,plain,none,mixed,1 2 2 7 8 12 17
771WnH5Of9G4cRP994,7,progressive,none,distinct,1 3 6 7 9 10 13
771W5ASiAfAE9HWKZ2,7,progressive,none,distinct,1 3 4 8 9 11 13
771WYIPYLYY6iAIKU2,7,plain,none,mixed,2 4 6 8 8 9 12
771W88BHQ2Q22DIISG,7,plain,none,mixed,1 1 8 8 8 10 13
771WDLMgwiW0Aa9QK4,7,progressive,none,distinct,1 4 5 6 8 11 14
771WisqG8IG4CkAIXX,7,plain,none,mixed,4 4 5 5 7 8 16
771WQfPION41n4ABj6,7,progressive,none,distinct,1 4 6 7 8 11 12
771WAALH3L066HHQU1,7,progressive,none,distinct,1 2 4 8 10 11 13
771WGWbaIQ9GqNK41O,7,plain,none,mixed,1 1 3 6 8 9 21
771WG0L7598GGegwsb,7,plain,none,mixed,2 3 3 5 7 13 16
771WeaqeBB01DTu8D8,7,plain,none,mixed,2 2 2 6 10 10 17
771WLSeaA958K4jKIm,7,plain,none,mixed,1 5 5 7 8 11 12
771WGIqm426O4CCJYY,7,plain,none,mixed,1 1 4 6 10 13 14
771W4e4jaY2Hkks648,7,progressive,none,distinct,2 3 5 8 9 10 12
771W36kMKG8G8BIa4a,7,progressive,none,distinct,1 3 5 7 10 11 12
771W4SVjDZ05AoaAH1,7,progressive,none,distinct,1 3 6 7 9 11 12
771WGA4Hj9D24iTIYe,7,distinct,none,distinct,1 4 6 7 8 11 12
771WECXZYae0OO9wMI,7,progressive,none,distinct,1 4 5 7 8 11 13
771WED9CG60446MBgA,7,progressive,none,distinct,1 2 4 7 8 12 15
771W48ABnnf425mGC8,7,plain,none,mixed,1 3 3 4 9 14 15
771WCZxqKK28an9fOW,7,progressive,none,distinct,1 4 5 7 9 10 13
771WG89POI888ZAABN,7,plain,none,mixed,2 2 7 7 9 10 12
771WY2A6RG8iCBSK24,7,plain,none,mixed,1 3 5 7 9 12 12
771WGeaPP-4Y9eNDE2,7,progressive,none,distinct,1 4 5 7 8 10 14
771W5eId788aOOgaoO,7,plain,none,mixed,2 4 4 6 9 11 13
771WGGcYUOe0TEAKAA,7,progressive,none,distinct,1 3 4 6 9 11 15
771W0cKIIAgPewuOWW,7,plain,none,mixed,1 2 5 9 9 10 13
771W8g22ODZarp65WY,7,plain,none,mixed,2 2 3 5 6 13 18
771W6ILKMH199YYKIO,7,progressive,none,distinct,1 4 6 8 9 10 11
771W8wQPSKAGWHYbSO,7,progressive,none,distinct,2 5 6 7 8 9 12
771W2ZabeKfWJGNKKf,7,progressive,none,distinct,1 3 6 7 9 11 12
771WXXHk8u4cPIPLP1,7,progressive,none,distinct,1 3 4 6 10 11 14
771W8Q6goq2feTLFWW,7,progressive,none,distinct,3 4 5 7 8 9 13
771WGGrbECI9LD8HMI,7,progressive,none,distinct,2 4 5 7 9 10 12
771WHCDTXeG14fcccO,7,progressive,none,distinct,1 3 4 8 10 11 12
771WGmWwfam2eLRPLJ,7,progressive,none,distinct,2 5 6 7 8 10 11
771We99o2K0g699AAo,7,plain,none,mixed,1 1 5 9 10 11 12
771WWYGX9Kc8TMIJYe,7,plain,none,mixed,1 4 5 7 7 10 15
771WHXqqfJO4YNHLM1,7,plain,none,mixed,1 5 5 5 10 10 13
771WXQgjJ8a7o6Zke2,7,progressive,none,distinct,1 5 6 7 8 10 12
771WijQGO8G2IJSCKa,7,progressive,none,distinct,2 4 5 7 8 10 13
771WIKQwAp86D3Hn21,7,progressive,none,distinct,1 4 5 7 9 11 12
771WeG8MUKY0Xx5B88,7,plain,none,mixed,2 2 3 4 9 13 16
771W08HICSKYYrLKOG,7,plain,none,mixed,2 2 4 7 11 11 12
771WZ810IKK4aaKMqS,7,plain,none,mixed,1 1 6 7 8 9 17
771W2SPz34Gae5vcYm,7,progressive,none,distinct,1 2 5 8 9 11 13
771WaaSQMQ24KLAC88,7,progressive,none,distinct,2 5 6 7 8 9 12
771W8aMwlOGYO7gK24,7,progressive,none,distinct,1 4 5 7 9 11 12
771WDmmXNLDaCf8ig0,7,plain,none,mixed,2 3 5 5 7 11 16
771WiKEGQ344aw4TA9,7,plain,none,mixed,1 2 4 8 8 13 13
771W0xJrrD8KgYHOWX,7,progressive,none,distinct,2 4 5 7 9 10 12
771W15c64Y2TMMMYq4,7,progressive,none,distinct,1 5 6 7 9 10 11
771WIQgAZYa8Kq8924,7,progressive,none,distinct,1 5 6 7 8 9 13
771W9K4JC44MMkeC8a,7,plain,none,mixed,1 3 5 8 10 10 12
771W245-iAY295Bd8G,7,plain,none,mixed,2 2 4 7 8 10 16
771W9HkgeOK0ImDKKK,7,progressive,none,distinct,2 3 4 8 9 11 12
771W2Fdr9848KOje8Y,7,plain,none,mixed,2 4 4 5 9 12 13
771WHgvQg64AimA9u0,7,plain,none,mixed,3 3 4 5 9 12 13
771W8I5h4iKMRgby4G,7,progressive,none,distinct,3 4 5 7 9 10 11
771W485j5L6A65v89H,7,progressive,none,distinct,2 4 6 7 8 9 13
771W24ufTvmICHLZ38,7,progressive,none,distinct,2 4 5 6 8 10 14
771W244DyK4CE93qKO,7,plain,none,mixed,1 5 5 6 7 10 15
771W5AQUISg55GcBW0,7,progressive,none,distinct,1 3 4 7 9 11 14
771WGKgO4aYKUscH88,7,plain,none,mixed,3 3 4 6 7 10 16
771W8A5aAI1956qeVE,7,distinct,none,distinct,2 3 4 6 7 13 14
771W015uPwW869BRQa,7,plain,none,mixed,2 2 3 5 9 10 18
771WHhqorvY0XHYyLI,7,progressive,none,distinct,2 3 6 8 9 10 11
771W6gkCCGHeWZZP10,7,plain,none,mixed,1 2 4 4 6 14 18
771WGGYAYhcCM698GJ,7,plain,none,mixed,1 3 5 5 9 9 17
771WCjKfAKC4ux8IKe,7,progressive,none,distinct,2 4 5 7 9 10 12
771WIaMXonp0uCCqha,7,progressive,none,distinct,1 2 6 8 9 10 13
771Wm01aUUc8b419CK,7,plain,none,mixed,1 1 5 6 6 6 24
771WAMccCY1ZscY254,7,progressive,none,distinct,1 3 7 8 9 10 11
771W2MKKIISGGmnL22,7,distinct,none,distinct,1 2 5 8 10 11 12
771W64b8Xg99KKUsLA,7,progressive,none,distinct,1 5 6 7 8 9 13
771W12AMIhgGISEAX2,7,progressive,none,distinct,2 3 4 8 9 10 13
771W445wgcK994A29H,7,progressive,none,distinct,2 3 4 7 8 12 13
771WGYOIJTE2oBOQXa,7,progressive,none,distinct,1 4 5 8 9 10 12
771W59Nm8AG84TwI99,7,progressive,none,distinct,2 3 6 7 9 10 12
771W15ggtDH8INHcm4,7,progressive,none,progressive,1 3 5 7 9 11 13
771WdccKKYm2A3338e,7,plain,none,mixed,1 2 5 5 7 13 16
771WaNMLym41a53iaO,7,progressive,none,distinct,2 4 5 6 9 10 13
771WW8AALLC4abD8KH,7,progressive,none,distinct,1 4 6 7 9 10 12
771WWeecPMM0aaACEA,7,progressive,none,distinct,1 3 4 5 10 12 14
771WCMQHPe113fKaiZ,7,progressive,none,distinct,1 3 4 6 10 12 13
771W0Wzpw99YGEKSI4,7,plain,none,mixed,1 4 4 7 8 9 16
771W22KDDYIIH8AIGQ,7,plain,none,mixed,2 2 3 4 11 12 15
771W48eaJQCCKHg724,7,progressive,none,distinct,1 3 6 7 8 9 15
771Wemey4AG4Cr6A99,7,progressive,none,distinct,1 4 6 7 8 9 14
771Wsee8aK4C2XLoII,7,progressive,none,distinct,1 3 6 7 8 11 13
771W6I0c2A6KOuxU88,7,distinct,none,distinct,1 3 4 6 8 12 15
771W811w59e85DcaiH,7,plain,none,mixed,1 2 5 5 9 9 18
771W5ZIA68AaKC7Z8O,7,plain,none,mixed,2 2 5 6 10 10 14
771W225Oaaa9C8CGGO,7,plain,none,mixed,1 1 4 4 10 14 15
