sbn,size,category,symmetry,size_profile,sizes
991W833m7WA2WoymAa8Ym14Y4I4b,9,plain,none,mixed,1 2 2 6 6 8 8 18 30
991WAYaXmIKP40GKC20mI4SB490a,9,plain,none,mixed,1 2 3 4 4 9 16 20 22
991WL9oa1AzM5IeYA90SPcgp0HO8,9,plain,none,mixed,3 4 4 5 6 8 14 18 19
991WAF1IrBGK7IPHIA1H2uG28KD4,9,plain,none,mixed,2 4 5 5 8 8 14 16 19
991WOv0410PfMQcYH8O8XaH98RWn,9,plain,none,mixed,1 3 4 5 7 7 13 15 26
991WHOA4dQen4GXW28W95IiGy2YI,9,plain,none,mixed,1 1 4 6 6 8 14 20 21
991Wb2H6CYa8kBnXh2b8f14ICK5O,9,plain,none,mixed,1 1 4 7 8 8 15 18 19
991WAIWarm-EPD38AXGW1ZTYH638,9,plain,none,mixed,1 2 5 7 7 8 10 16 25
991WGhGiHNOI4d9I8k9eis10Y10W,9,plain,none,mixed,1 3 4 6 9 11 11 16 20
991WaCSHIN4YI2ZO24csgT3aPAY8,9,plain,none,mixed,1 4 4 6 9 12 14 14 17
991WC6YeKWmkHYOH67YEeP4bE14H,9,plain,none,mixed,1 1 7 8 9 9 12 15 19
991W8L9JeoGaK5094I66gWqC5CGL,9,plain,none,mixed,1 5 5 7 8 8 13 16 18
991W1ZLQ8I5YGiG4IKfbWI5X8-aX,9,plain,none,mixed,3 5 5 5 7 9 9 12 26
991W0WwEoAZOQ2aCH2WI7H638eA1,9,plain,none,mixed,1 2 4 6 6 7 11 21 23
991WJ5Ob910SmgU8G4O4LvyQ1S6Y,9,plain,none,mixed,1 1 3 4 8 9 13 20 22
991WXAFcubgms4200XbCsDBCh8H4,9,plain,none,mixed,4 4 5 6 8 9 9 14 22
991W2GG18L6nbf109IWv5GI4miGm,9,plain,none,mixed,1 2 3 3 5 6 10 18 33
991W10augQOD21H442WfGIERX9pW,9,plain,none,mixed,1 2 3 4 4 13 15 16 23
991Wa30PT7f5Y4nH8AQGQ44y4mjc,9,plain,none,mixed,1 2 4 4 9 11 13 18 19
991WDCWu8N1uB1GaH8HGqoQC20Wu,9,plain,none,mixed,1 1 4 6 10 11 12 13 23
991WbKvGHM2WY9Y80ebHHQPWSB0W,9,plain,none,mixed,2 2 3 3 5 10 11 14 31
991WHWLfPIaG43ebG42Gsjdp0e48,9,plain,none,mixed,2 4 4 4 5 6 10 21 25
991W4GanB1n6HHk26HWIKkaY9Ym9,9,plain,none,mixed,1 4 4 5 10 11 15 15 16
991W0XKKYag9M2eY5YeqDfAZuyW4,9,plain,none,mixed,2 2 6 8 10 11 11 15 16
991W23upOOEZGa4HE2GLYMXeg394,9,plain,none,mixed,1 4 4 6 8 9 13 17 19
991W8HtG9qXe514AC50ac7srKs9H,9,plain,none,mixed,2 2 8 8 8 8 13 13 19
991WGtHOs12aQIOQCXv8WnfFX0Q0,9,plain,none,mixed,1 1 4 6 7 10 10 17 25
991WG80r54Mf2bmnAkPzL0O9GqLm,9,plain,none,mixed,1 5 5 6 8 9 9 13 25
991WX8f4I2cb94Xm340I4H7gY4XK,9,plain,none,mixed,1 1 2 5 12 12 14 16 18
991W242CDYKleI20HcMbcAX463GY,9,plain,none,mixed,1 3 5 6 7 7 10 20 22
991W52WKYeb8E1I49Gm4mYNZe928,9,plain,none,mixed,1 3 3 4 6 10 12 19 23
991WCJ2GKcY8IWeG3cfK31qH4IIa,9,plain,none,mixed,1 1 7 9 9 11 12 14 17
991WCYlCIcjOs0mCH29G288WOagI,9,plain,none,mixed,3 6 6 7 7 8 13 15 16
991WHHR8U1GSAg6W8a3GvWPO1CP5,9,plain,none,mixed,2 2 3 3 7 14 14 17 19
991W00PqU228VcKAIKKHJ1ebeUVa,9,plain,none,mixed,2 2 4 5 5 10 14 19 20
991W218LAFXApKrA50eGA90WHSci,9,plain,none,mixed,3 4 4 5 6 12 14 16 17
991Wn4I7XKXEs2meWbG20WGMAKKL,9,plain,none,mixed,1 5 5 7 8 9 10 10 26
991Wa51esEWO5nE488bnAL860mG5,9,plain,none,mixed,1 2 5 7 7 8 8 16 27
991Wb0aCL6ICYgaKX0aXEgiCnSS4,9,plain,none,mixed,1 1 6 7 8 11 13 16 18
991W1kvkZKQOm40WGxqbX8WKZ3mC,9,plain,none,mixed,1 3 3 5 8 9 12 19 21
991W40J2OJGO7DWKCL8X6OYDKZ8Y,9,plain,none,mixed,1 3 5 5 8 10 11 15 23
991W1PbAIHNAz9AIGOZw_2IO1cX8,9,plain,none,mixed,1 2 4 9 9 9 11 14 22
991WeQ0OH7aaIe62I0eqR5Gg7X-4,9,distinct,none,distinct,1 2 5 6 8 9 12 16 22
991WWu92DfhOS4I854aaCWOJ88W8,9,plain,none,mixed,1 1 2 6 9 9 13 19 21
991WYA0W8X0561GKX4H4b8uE23Wq,9,plain,none,mixed,1 1 2 4 6 12 12 17 26
991W8OcAI0Nl640WZ2GRdfeqA4GO,9,plain,none,mixed,1 1 3 10 10 11 12 14 19
991W4WG4IccosI6W0WatCBgaPDp1,9,plain,none,mixed,2 2 3 6 8 9 10 19 22
991Wa0WG20aUBzeSeY4Y9Ee80meK,9,distinct,none,distinct,1 2 4 5 6 10 12 18 23
991W52OMADW95WYe21aHy8wa8eI8,9,plain,none,mixed,1 2 2 5 8 13 15 16 19
991W2GO6jBHuH1G8C0W68YMjWYAY,9,plain,none,mixed,1 1 5 7 7 9 14 15 22
991WWKaqCOxINaL558X455gCyF81,9,plain,none,mixed,1 2 7 10 10 11 12 13 15
991W9524DMW811C7ilAg4k7r8Y8G,9,plain,none,mixed,2 3 3 4 10 11 12 15 21
991W5aalrwL8a2Wu22RwaIR8G90e,9,distinct,none,distinct,1 2 4 6 9 11 12 15 21
991W744aWmE42CWW73FmaP4K_EGC,9,plain,none,mixed,1 1 1 5 9 10 14 16 24
991W4IHAaKkSE8YGAZn4mlc4I328,9,plain,none,mixed,1 2 3 9 11 12 13 13 17
991Wn7WO26XEAI4We21qgYg830G5,9,plain,none,mixed,1 1 2 6 7 8 15 20 21
991WYIWqH3ggYfeP2OIqI39W40E2,9,plain,none,mixed,1 2 3 3 8 14 14 17 19
991Wj8H8GgE220X1350HYGbkBWeJ,9,plain,none,mixed,1 1 1 7 7 10 13 20 21
991W815WeOcAbKA892D2qXGD2mxW,9,plain,none,mixed,1 3 4 4 9 11 11 14 24
991W1XxnSyxGuD2mK2H15fXGY60G,9,plain,none,mixed,1 4 5 5 6 10 11 14 25
991WA2UumaGI8K5fG10ghSLal4I2,9,plain,none,mixed,2 2 2 9 9 13 14 15 15
991W1eeZqcDeQWmHq20IT4MC3p58,9,plain,none,mixed,1 3 4 5 7 11 16 16 18
991WGH79SgWR810SA52WZdXLL6X4,9,plain,none,mixed,1 2 4 6 10 10 13 17 18
991W2WA398IIqEuYsB6qfgef2YH4,9,plain,none,mixed,1 4 5 5 7 9 13 13 24
991WnE9aCYGW20W9G02WD1GI-WeB,9,plain,none,mixed,1 1 2 2 7 13 13 14 28
991WGHJ9gLHqZKH754Aqc5H2afD4,9,distinct,none,distinct,1 3 5 6 8 10 13 15 20
991W2ziq1QGE1mXWM91HAOb6A68K,9,plain,none,mixed,1 1 2 8 9 10 13 17 20
991W2HG2A63WaAYe61O69E9GqF1m,9,plain,none,mixed,2 3 4 4 4 5 7 25 27
991WHbSmIPO8AB0m2X5n5BwGI52W,9,plain,none,mixed,2 3 4 4 10 10 12 13 23
991W4HqEY5ZLpu00AH8825IAAao2,9,plain,none,mixed,1 3 3 4 5 8 15 19 23
991W0462Kl7GK4YmaEKH22yiB5p4,9,plain,none,mixed,1 2 7 7 7 9 10 14 24
991WmCEOaXIqm0GG2X9KN0bfTeR6,9,plain,none,mixed,1 1 2 8 8 11 13 18 19
991WYKeoIMHKwV4M185mBMAKaR05,9,plain,none,mixed,1 2 3 8 8 11 11 14 23
991WKI4X2Zh8JQc8Y8OAiIaA32G3,9,plain,none,mixed,1 2 5 6 9 9 13 18 18
991W6xPM1KWg2LXGHeRyC1EO22II,9,plain,none,mixed,1 1 4 6 8 13 14 14 20
991W850mN1A8IIrC61Jdn1mY4GaC,9,plain,none,mixed,2 2 5 8 8 10 11 13 22
991W95mB4nNC30u8I4I8Y6Y8KH9A,9,plain,none,mixed,3 4 5 8 8 9 9 16 19
991WH86G41YkhsEYA8S435H2oC54,9,plain,none,mixed,3 4 4 4 5 5 12 20 24
991WOBam410CAYgQOQ0WXKo4Y8nC,9,plain,none,mixed,1 3 5 6 6 8 9 19 24
991W20Y4Xf5OEYqi94n0H5fM9189,9,plain,none,mixed,2 2 4 5 7 11 12 14 24
991WLZHM4IYKA1WKBI717mGTi51W,9,plain,none,mixed,1 1 4 5 6 7 16 19 22
991WYAHgGnmFhaZG0aKsqCcmOXWq,9,plain,none,mixed,1 1 5 5 7 10 14 15 23
991WCf6ZWrc6Pg0X4RwiI1W80jW1,9,plain,none,mixed,1 1 2 6 6 6 6 24 29
991WXAf5HKPGO22G2KX2XOX8y3X8,9,distinct,none,distinct,1 2 4 7 8 9 10 17 23
991WH7489YRJagA20GX4h-6XYQHe,9,plain,none,mixed,1 4 5 5 7 10 12 16 21
991WKAYeSIQib-5X0QWQXhGO2XGX,9,distinct,none,distinct,1 2 7 8 9 10 12 14 18
991WmW40I10P8iH48Q8I5Xec9gHe,9,plain,none,mixed,1 3 3 5 8 9 12 14 26
991WA52YGfKad1aaJZ3m7SbCMmiG,9,plain,none,mixed,1 4 5 7 7 11 15 15 16
991W0TGqHcfYGe95m0FqYAYmaQ4W,9,plain,none,mixed,1 2 2 4 8 9 11 21 23
991W20K4XIQAvCGAAHGL3m-AHLIa,9,plain,none,mixed,3 5 6 7 7 8 8 12 25
991W9IKMY8ZaC4wc42KhO2Oj8c0W,9,plain,none,mixed,2 2 4 5 8 9 11 19 21
991W62W8HcJ2BIb2A2GTn4GZ7I4a,9,plain,none,mixed,1 3 4 5 9 9 12 13 25
991W92egp1WP6oHe4Y8pK4AN98A8,9,plain,none,mixed,1 5 5 8 8 10 11 15 18
991W96I4c8OfaajLm9vS62yu0HqI,9,plain,none,mixed,2 2 4 6 6 10 11 16 24
991W0WJIUUWcH1GeE4Wc4s1Pb7nC,9,plain,none,mixed,1 2 4 8 10 11 14 14 17
991WHXOD3X1SfAIC2Go8ZLL8K210,9,distinct,none,distinct,1 2 4 6 7 8 10 20 23
991W8M89B2BaV10WoCm2OsGIFEGa,9,distinct,none,distinct,1 2 4 8 10 11 13 15 17
991W13hX9KCO6GM48q8woaAClcO9,9,plain,none,mixed,1 1 5 8 9 12 14 14 17
991W1I8Y5OXO91AaaOY49nWSgoYO,9,plain,none,mixed,1 1 6 7 10 12 12 16 16
991W0dN5u63mdfcJm9Y4QA2bWuGc,9,plain,none,mixed,2 4 4 7 8 8 10 11 27
991W1GC-P6WOf4GW2myaNpDNe410,9,plain,none,mixed,2 2 3 5 6 7 9 22 25
991WA10Wm6PIePDKC1KmpeW84Gu9,9,plain,none,mixed,1 2 4 4 8 10 11 14 27
991W32UHmK8CxEI4K2Kfxeu2I90W,9,plain,none,mixed,2 2 2 6 8 11 13 15 22
991W473e5oOahKmWLZ2JT4GX72GI,9,plain,none,mixed,1 1 7 7 8 12 13 16 16
991WA4HHUP9Qc2Gi0XoW4bZd931W,9,plain,none,mixed,1 1 7 8 9 12 13 15 15
991W3WWA9Me14aYG4XCQ8YK-Zdv2,9,plain,none,mixed,1 1 3 8 9 9 13 18 19
991WH1BDZ4IW88I24boagkgQuI51,9,plain,none,mixed,2 2 4 5 7 11 11 17 22
991W5lRqwlHqX440Wm-053W8Cc9X,9,plain,none,mixed,2 2 4 5 7 10 12 12 27
991W4E2YGv7k94i7ePLwb0mB15fW,9,plain,none,mixed,2 2 3 5 6 12 13 13 25
991W214FpDhQUaR612440j0oK620,9,plain,none,mixed,1 1 1 8 8 9 12 16 25
991WO10ijCmpS08932Iwu7f32mm9,9,plain,none,mixed,1 1 1 2 7 11 18 20 20
991W5GeX8YhYLh1G1GeBJCmKad2G,9,plain,none,mixed,1 4 4 6 7 7 15 18 19
991WO9Oe2n91NgoWGi1AgdHXf6vI,9,plain,none,mixed,2 3 6 6 6 10 13 15 20
991W41uGKQnqR3oWCIWI0bsKKP6X,9,distinct,none,distinct,1 3 6 7 9 10 12 13 20
991W21WTa717p293918J2i8aIaGf,9,plain,none,mixed,1 1 6 6 8 10 10 17 22
991Wu3W8rJCr0XIK4Q0GHB8IFYWa,9,plain,none,mixed,1 1 3 3 4 10 16 17 26
991WWG56EX8IZ9v0r5Co8XKYHK92,9,distinct,none,distinct,1 2 4 5 10 12 13 14 20
991W68ho514Aq4b8WYH0OCu4D9YB,9,plain,none,mixed,1 1 1 5 8 9 14 17 25
991W20iLdtU494Ae8HmN262HpoIC,9,plain,none,mixed,1 4 5 5 9 9 11 18 19
991WZ1E1b2cFZA50AFdvuXA2kdQ1,9,plain,none,mixed,1 4 4 5 6 12 12 15 22
991W8gET-p10mqWcX18fM40JSnI2,9,plain,none,mixed,1 1 6 6 7 10 10 11 29
991WGqKeKYBIbn0GAYXKF292n6OW,9,plain,none,mixed,1 2 3 7 9 11 12 18 18
991W8ZbSYOY2WbXK929W888hQk1G,9,plain,none,mixed,3 3 3 4 5 8 11 18 26
991WK3KLDNC70mA44H28O8Y8DII2,9,plain,none,mixed,1 3 4 6 6 9 10 13 29
991WO8-oCYKA3Y0GC92GIrgQHff2,9,plain,none,mixed,1 1 4 5 10 11 12 17 20
991W828Qy0aI1WKIi92WK5qb8ekH,9,distinct,none,distinct,1 2 3 5 6 9 12 17 26
991W0Gf2ObfaGC20We7a-F0eB8oC,9,distinct,none,distinct,1 2 3 4 6 8 15 16 26
991WC2eP8C8EXa4i61OTxIs8Wr4o,9,plain,none,mixed,1 1 2 4 11 12 13 18 19
991W8abDTF2GCKb441oEe98nGC0b,9,plain,none,mixed,1 2 4 8 9 9 10 13 25
991W83HC9w9Io10WHbemQUQ65Z8Y,9,plain,none,mixed,1 1 9 9 9 11 13 14 14
991W4Gq8A9BaAUg893er291MceD5,9,plain,none,mixed,2 3 5 5 6 7 15 18 20
991W1KHEFKHUm410WuKuA1H857Z8,9,plain,none,mixed,1 2 3 7 8 8 12 14 26
991W2K58qWXq9aI891Mgh9XvTa20,9,plain,none,mixed,1 1 1 7 10 10 13 15 23
991W2J0JbVusM3Wm80WMq8qK85I4,9,plain,none,mixed,1 1 2 3 6 14 16 18 20
991W0-7CB3OUVQJC88CaozF8aWP0,9,plain,none,mixed,1 2 4 6 6 6 16 17 23
991W89mSI4HIWu21abHmy1oS92ej,9,distinct,none,distinct,1 2 3 5 6 7 12 17 28
991W9J0G1mHGxj18IKn21gsg91AY,9,plain,none,mixed,1 4 4 5 6 12 13 13 23
991WIeM420n4mfmGAOm20W6g5vLL,9,plain,none,mixed,3 4 4 5 6 6 8 12 33
991W72mXPav28p2020abqL9AOaei,9,plain,none,mixed,2 3 3 7 9 13 14 14 16
991W4965WUBaf4PA0egKWa93AZ2G,9,plain,none,mixed,2 3 3 4 10 10 11 12 26
991W41WK5I8HninY41KH6CH74nmW,9,plain,none,mixed,1 1 1 2 11 13 14 16 22
991W20dA2Fw84gZ1178B4WoNZ_Kq,9,plain,none,mixed,1 3 7 7 7 10 11 12 23
991W2WmHXKGTE5X8B3mlAMWam40S,9,plain,none,mixed,1 3 6 7 7 7 10 14 26
991W8OH7adH4AqSWECYtAZ8sqQH1,9,plain,none,mixed,1 4 5 9 10 12 12 14 14
991WoSc5I64IEI1W0M48719a92oI,9,plain,none,mixed,1 2 2 4 8 15 15 16 18
991W8jBA3193rq8X1A8BYbGKCWaA,9,plain,none,mixed,2 2 5 6 10 11 11 12 22
991W44ZYOb0mEGODYEX8KiH3G1CK,9,plain,none,mixed,1 1 4 6 7 7 13 18 24
991WD3WZIvEkI0W98Zu8P7oe9409,9,plain,none,mixed,1 2 3 6 6 14 15 17 17
991WIaGI8wrZ3XX850n1THQCsX0a,9,plain,none,mixed,2 3 3 4 7 8 14 15 25
991WZKagQN6_10WO9Qb11HZ6I6G8,9,plain,none,mixed,1 4 5 5 6 11 13 13 23
991W13EpMx8ha3o4GJyla2qIa9H8,9,plain,none,mixed,1 3 4 5 6 11 13 19 19
991W2MyC4CZg4o00XPL9XhGih68a,9,plain,none,mixed,2 2 6 6 6 8 12 19 20
991WXLKe5ICK8WgGHSI4_WDYVc49,9,distinct,none,distinct,1 3 4 7 8 10 11 16 21
991WA2B52Ka3O10OCb8iQcdeo4H8,9,plain,none,mixed,1 3 6 6 9 9 9 11 27
991Wc50s6d9KaIOb0eHGAf8YJaT0,9,plain,none,mixed,1 3 6 6 12 12 12 13 16
991W8KKkAa4YP2Gqb9HAaP3095X8,9,plain,none,mixed,1 2 5 6 8 8 11 11 29
991W2c6ePN0WoiL2ZEaaY91sTV8H,9,plain,none,mixed,2 4 6 7 7 8 8 13 26
991WX2KA21Hp8bv8W82EHb4oQKI8,9,plain,none,mixed,1 1 5 5 10 10 11 11 27
991W9aGKWbH7X10e23xgQnCIf1mK,9,plain,none,mixed,1 1 2 10 10 11 12 12 22
991WHKgBix08GY4c3cOY22Z4HPD0,9,distinct,none,distinct,1 2 4 5 6 7 13 21 22
991W1CHXcOiqX50aYEvDO5ztE2X0,9,plain,none,mixed,1 4 4 5 9 10 12 17 19
991W220C9LB4Va922GKSwlHIEYGK,9,plain,none,mixed,2 5 6 6 8 9 12 14 19
991W84ebg5XFY9aW8HNH8JhfXKac,9,plain,none,mixed,1 3 7 8 9 10 14 14 15
991Wg92S30aBXyD39042Wk9E61G0,9,plain,none,mixed,1 2 3 3 4 6 13 20 29
991W7H8nD9ZYIevK11iKI0cUBE41,9,plain,none,mixed,1 3 6 6 6 13 13 16 17
991WA2ehb105mgAJ52GY8HYuZ2b4,9,plain,none,mixed,1 3 6 7 7 8 10 14 25
991WH9KgSeQm8C2G1jXhLQZeC4Y8,9,plain,none,mixed,2 5 7 7 7 9 10 10 24
991WHL0kmX4620eC53Hq5CokHnYG,9,plain,none,mixed,1 1 3 8 10 12 12 15 19
991Wa0W8PNaEx0mIZ0ea2fDuJKXW,9,plain,none,mixed,1 1 6 9 9 11 11 12 21
991WG30eJVmF10J4C2cmY50492WS,9,plain,none,mixed,1 1 3 6 7 8 10 20 25
991WH5oSKN4P4o880M59Keuh2mmY,9,plain,none,mixed,1 4 6 6 7 8 9 19 21
991W19rNAiN2IAXGXL8Z4hD4V2YG,9,plain,none,mixed,1 4 4 5 6 6 14 16 25
991WC668O6SCw6e6wenX38plykWm,9,plain,none,mixed,1 1 3 4 10 10 13 13 26
991W0cdPa14C51mOK220mAw5Y8Wm,9,plain,none,mixed,2 2 3 3 4 10 14 16 27
991W918E4UeLma8L2Xm9aNmaoJmH,9,plain,none,mixed,1 1 7 7 8 9 9 18 21
991WG3XeIMy7n3qIGaIgaT894GKY,9,plain,none,mixed,1 3 4 6 7 8 10 21 21
991WWq14X1GqAc8XCg91I5HI5f4G,9,plain,none,mixed,1 1 5 5 6 11 12 20 20
991WfPQEZWG4oAWW50K3WK4KE8W8,9,plain,none,mixed,1 3 4 4 5 7 10 17 30
991W56WPkT3G0XYOe8LHuHwE3WXO,9,plain,none,mixed,2 2 3 5 6 10 15 18 20
991W0W85qMWA9M885YOD4Z8_MzII,9,plain,none,mixed,2 4 4 6 7 10 11 13 24
991W39ZtyV8_bu4IX0r52ORA8baG,9,plain,none,mixed,1 3 6 7 10 10 14 14 16
991WIqeKBNHKZ0gC0mHGQ1HWKv0W,9,plain,none,mixed,1 1 4 8 9 11 15 16 16
991W47xueiNGo495K2AG82ogUucG,9,plain,none,mixed,2 2 7 7 8 9 11 13 22
991W3F36lNjJYQ2889IeOwU8M2GI,9,plain,none,mixed,1 3 5 5 8 8 14 18 19
991WADGQ01GI6PZ8Ge93mpJGM3Go,9,plain,none,mixed,2 4 5 5 6 6 9 16 28
991W6DYedM4W468YG91BTX8YCZ08,9,plain,none,mixed,1 2 5 7 7 8 14 16 21
991W8Fc3d57ASbM629LCYctHueao,9,plain,none,mixed,3 4 6 8 8 9 10 14 19
991W58410fHC6n68q0aD3PoJ5oE4,9,distinct,none,distinct,1 2 3 5 6 9 11 12 32
991W0cM7oyeKeGWIB4AgR65hnuuS,9,distinct,none,distinct,2 3 5 6 7 8 13 14 23
991WfYe-HXai2XeIX0GqM3BH3Ha1,9,plain,none,mixed,1 2 4 6 6 13 16 16 17
991W0WaJ8A7Cxc2XC2CeB4p2p2gJ,9,plain,none,mixed,1 6 6 6 7 7 14 16 18
991W41rAXy6mK30m131EIa3WC628,9,plain,none,mixed,1 1 2 3 5 10 11 13 35
991WG431kjdYbICbGYGu9WeY9Jf4,9,plain,none,mixed,3 3 4 5 5 10 14 15 22
991WG12KPWMCGOq4HIgSh6nh3ZuX,9,distinct,none,distinct,1 2 5 7 8 10 13 17 18
991W8I8YnaK23fmI6IeY0W46AT9A,9,plain,none,mixed,1 3 3 4 5 7 7 10 41
991W109Ks3AM41WfL6Wu8Kfur0G5,9,plain,none,mixed,1 3 3 5 7 14 15 16 17
991WgiP8ZeQbo1280sA420lS85XK,9,plain,none,mixed,1 3 3 4 8 10 14 17 21
991W2md89XyuA71G840Y6HPeOCWG,9,plain,none,mixed,1 2 3 4 5 9 18 18 21
991Wa8s2v3Ka2rT9X1Gc5ezAhSmG,9,plain,none,mixed,1 5 7 7 7 9 10 14 21
991WAIGycXZ8edb8E0OCAKAKT4B1,9,plain,none,mixed,1 1 6 6 7 9 16 17 18
991WGaX5LAYa25Ye1XScCo3yu60W,9,distinct,none,distinct,2 3 4 6 7 10 12 15 22
991WDZ6W8Yw9K91I84z824rHoUWa,9,distinct,none,distinct,1 3 5 6 7 11 14 16 18
991WX9kVLb5WO52G434aAf0mm90e,9,plain,none,mixed,4 5 5 5 5 6 9 14 28
991W0k9HeLAIQ2Whadw0T4H4H15W,9,plain,none,mixed,1 1 4 5 6 12 16 17 19
991W50v-XBXY8f8YGsecKwWOAC30,9,distinct,none,distinct,1 2 5 6 9 11 14 16 17
991WE4ukbdKA19Xa2Zde4Qe7Z518,9,distinct,none,distinct,1 3 4 5 10 11 14 16 17
991WKvEJYWLYHAAa4i1AJ2mS1nma,9,plain,none,mixed,2 3 5 5 8 8 12 17 21
991WS18T27X6PKYO006L2p9ABkA4,9,plain,none,mixed,1 1 3 5 9 9 11 16 26
991W3Y2-60x8q755GYWZm9L9i4XA,9,plain,none,mixed,1 1 2 6 10 10 12 16 23
991WH1AeL691OQ5gGcF8zGLar0q8,9,plain,none,mixed,2 3 5 5 6 9 12 14 25
991W00HAKJ4kfb11HaGs82j7o-d0,9,distinct,none,distinct,1 2 3 6 10 11 14 16 18
991WY0vrSJJk42oCb1b54cuYb5X8,9,plain,none,mixed,1 2 6 6 7 9 12 15 23
991WK52KjoypHbvYeD0K8Lv52Y04,9,plain,none,mixed,2 3 6 9 9 9 12 13 18
991WH9WR27Za5I8Y2SLHLgY81cG2,9,distinct,none,distinct,1 2 3 6 7 10 14 16 22
991W2if4UuY8K619WDGa5oLW851X,9,plain,none,mixed,1 1 4 6 8 10 13 13 25
991W20qwRMBXqH702G8XHI9IelfX,9,plain,none,mixed,1 2 5 6 6 11 12 18 20
991W31C8o52UiCGX4IWB3jQAXKc8,9,plain,none,mixed,1 1 4 6 9 9 12 19 20
991W46c2995mGH8qA7YwHz1GSHBC,9,plain,none,mixed,1 1 4 6 9 11 14 14 21
991WO20a6X8KIavFG434910cQ4L4,9,plain,none,mixed,1 1 2 5 5 14 16 16 21
991W51yELLMAZCec4HeX8Mc13gX0,9,plain,none,mixed,3 3 4 5 10 12 14 15 15
991WXa6aCBDFYeM52FHu42Wgn5A4,9,plain,none,mixed,1 2 6 7 7 8 15 17 18
991Wa0eaCapCA4X1Y0GJPTM6yX8J,9,plain,none,mixed,1 1 5 10 10 10 12 15 17
991W0W9s20AIg91GHKaeJYGoKcPc,9,plain,none,mixed,2 2 2 4 9 10 12 17 23
991W82BUAWk811SnB40WSH968ShG,9,plain,none,mixed,1 1 2 5 7 9 14 16 26
991WX4MTKeKcGIH4KFWF15Gq1ZwI,9,plain,none,mixed,3 3 4 4 6 11 13 14 23
991WWeMSX4GmV0iGX3Gg9aiiWe52,9,plain,none,mixed,1 1 3 9 9 11 11 15 21
991W4aH8EDeG2er9CYcGe2nHaWmE,9,plain,none,mixed,2 2 3 7 8 10 14 15 20
991W1Y8UQ2H7SN08A2WPvAFIPYea,9,plain,none,mixed,1 5 6 6 10 10 13 14 16
991WB4b6MDGeGyi4AZ6C223V9aM1,9,plain,none,mixed,1 2 3 5 7 7 7 20 29
991W1XTRFZcfQ3W06HLpGedG812a,9,plain,none,mixed,2 5 5 6 6 8 9 15 25
991W7OYOHr8SZPEWGAIihLeuYg4K,9,distinct,none,distinct,2 5 7 8 9 10 12 13 15
991W6e4J_68838W8as9AOf8gFCGa,9,plain,none,mixed,1 1 4 8 9 11 11 17 19
991W920spnQY51kGAHGaI3qEnf6Y,9,plain,none,mixed,1 3 3 8 9 10 11 17 19
991W20qISoACf4f361Oa7av5Y-4G,9,distinct,none,distinct,1 5 6 8 9 10 12 13 17
991WWaCbHGE881H838Xv7nuRM1Y8,9,plain,none,mixed,1 1 4 5 7 13 15 17 18
991WC8aeL5ccv1Oc8Eha2w1uH4gQ,9,plain,none,mixed,1 4 7 7 8 12 14 14 14
991Wev0WY4YIOM0L2NrexI082OqA,9,plain,none,mixed,1 2 3 5 5 8 9 24 24
991W0YmJGmx8i8oK4XWaueTQq4WO,9,distinct,none,distinct,1 2 3 4 7 10 16 17 21
991WGaE3x48WXeY8560e51GcDWoi,9,distinct,none,distinct,1 2 3 6 9 10 13 18 19
991W3X8eI52y8y2G1WehGTGef69a,9,plain,none,mixed,1 2 4 4 5 8 14 17 26
991W4J0k8H3WPAnC1Wi1k60YH2IK,9,plain,none,mixed,1 2 3 3 3 9 13 22 25
991WA995NIaYmgKYZ4bVq228snX3,9,plain,none,mixed,1 5 6 6 8 10 11 15 19
991W0WHe5LOWG9meGK8ySMfgYP6X,9,plain,none,mixed,2 2 3 4 5 10 14 14 27
991WCI92BkKKx0WW50fqgoSo4908,9,plain,none,mixed,1 1 8 8 9 10 12 14 18
991W56fY4SmXWE0JE3MEQTW8c3aK,9,plain,none,mixed,1 1 4 8 9 10 11 13 24
991WP0m52IBICh942mI9d9bf2151,9,plain,none,mixed,1 1 4 6 10 10 12 15 22
991W215oWKIeYyGII75B9yPENJhC,9,plain,none,mixed,1 5 7 7 8 10 12 14 17
991W4b9q9Y6Di0W8Y88YN7vuP1G8,9,distinct,none,distinct,2 4 6 7 8 10 13 15 16
991WK65AL5CF2DXe2Ge0mNeu9534,9,plain,none,mixed,1 2 3 3 10 11 12 15 24
991WY8H9DKQEfGc20qWu7YxXGrTW,9,plain,none,mixed,1 1 7 9 9 11 13 13 17
991WE2WLcXGAd2sG52CZOfrWFI52,9,plain,none,mixed,1 5 6 6 10 11 13 14 15
991WmIWYGa2G6LaiX0YhAYNWuP4K,9,plain,none,mixed,1 2 4 5 9 12 12 12 24
991WGw0W41Kd76m6GeA1BZGnAQGm,9,plain,none,mixed,1 1 3 7 8 11 11 18 21
991W5aX5210OhBM492A2XHhaeI52,9,plain,none,mixed,1 3 4 4 8 8 10 19 24
991W40em82EEQ9Q292ugPCU9XbXG,9,plain,none,mixed,1 1 4 7 7 12 12 14 23
991WOv248WCS8g0WGg4Xb5nOF98A,9,plain,none,mixed,1 1 3 4 6 13 16 17 20
991W8eKIYIvLN30m4E3kV3GAq3Z4,9,plain,none,mixed,1 2 4 5 9 10 16 17 17
991W3OXHKZf3A6GemqCS250FZAH8,9,plain,none,mixed,1 2 2 6 12 13 14 15 16
991Wa0nAaiA5Haa2GkwniI62J4TA,9,plain,none,mixed,3 3 3 4 7 8 13 17 23
991W5IcIl1Kb9GO2GX8Iw6YO8K8K,9,distinct,none,distinct,2 3 4 5 9 12 13 14 19
991WG864MLWa1vO88w0832SkIKow,9,plain,none,mixed,1 1 4 5 6 9 11 21 23
991WWd90y886U1uT7AHIf51KNWa8,9,plain,none,mixed,1 1 3 6 10 11 11 18 20
991Wn48r3MPgI20GeY9mHoOSp1H4,9,plain,none,mixed,1 2 6 6 10 12 12 15 17
991WGX84gQ9Ie8X491sGhc9nK1Gq,9,plain,none,mixed,1 4 4 4 8 10 14 14 22
991WY5HOK30Kqe5359MIYYJ420yC,9,plain,none,mixed,1 4 4 7 7 7 9 19 23
991W061B0m850e0qIadfQ6afB48U,9,plain,none,mixed,1 1 2 3 4 8 16 21 25
991W412_kHGCSa5CK4164Xn5D58X,9,plain,none,mixed,1 1 2 8 10 10 14 15 20
991W3OKP8fnyPydGW5fGUWVmCZGH,9,plain,none,mixed,1 2 5 7 9 10 15 15 17
991WOa8GHpUwJI8GQ6Io9r9UO0yX,9,plain,none,mixed,1 1 4 7 10 13 13 15 17
991WW40X8YPn2GeWX8HC6HKI2YDf,9,plain,none,mixed,1 1 1 4 8 13 14 14 25
991WA19IDr3G9CZ420Psq1INe10m,9,distinct,none,distinct,1 2 3 6 9 10 14 15 21
991W64nW1iOP-1W4YfGgRE6fI6Xa,9,plain,none,mixed,1 5 7 7 8 9 12 14 18
991WA52GDHeP4YeceE0WafO9E2mG,9,plain,none,mixed,2 2 3 5 9 9 11 19 21
991WIeKmIAQeqvc41D9aM3s2MyL4,9,plain,none,mixed,1 3 3 4 5 9 10 16 30
991WegET9HG350W82cfgEaOaJe8U,9,plain,none,mixed,1 4 5 10 10 10 12 12 17
991W4Y3Wa70G6Waa6beogmK518A1,9,plain,none,mixed,2 2 3 5 8 9 9 10 33
991W10OAeAyNyLH23YGYB2bHXp8e,9,plain,none,mixed,1 5 7 7 8 9 11 14 19
991W0LPGKA2WCnGiY9GaCyJ5HeG2,9,plain,none,mixed,1 2 6 7 7 7 11 13 27
991WHCoXY7IK4aW8H9XJQtM6KbGq,9,plain,none,mixed,3 5 7 7 8 10 12 14 15
991WAXaI7Px8G41111mKb4mW2F0H,9,plain,none,mixed,1 1 3 6 6 6 13 17 28
991WedH8AHf4vAMM188iUQ38296Y,9,plain,none,mixed,2 3 3 6 8 12 15 15 17
991Wo4U1zhCY918e2j8Y2o2XLwWO,9,plain,none,mixed,1 1 6 7 9 10 11 17 19
991W4I0A72XGrk0W9I4izcWG9a30,9,plain,none,mixed,1 1 2 5 6 11 12 13 30
991W4H554uO414U0ojEmi61WCHeB,9,plain,none,mixed,1 3 4 6 7 8 8 11 33
991WWiEgAH0K23W88e924nrCGA1G,9,plain,none,mixed,1 2 3 3 4 8 15 20 25
991WWfJeCFCHBoSXY318LhBKaGmG,9,plain,none,mixed,1 5 5 8 10 11 11 15 15
991W220H8f45Maga3HGJyfoPbQJG,9,plain,none,mixed,1 4 6 7 9 9 14 15 16
991W8KAIH2YeeQAGA43mPGGSB8-D,9,plain,none,mixed,1 3 4 4 6 11 14 17 21
991W4Z4eI8eTI4ma2H4aXKacAB1y,9,distinct,none,distinct,1 3 4 7 10 11 13 14 18
991WHEK-a31S_YGG5EAiCKCfWkGa,9,plain,none,mixed,1 6 8 9 9 9 9 10 20
991W1WK9iLHHOY019pSX52X869uJ,9,plain,none,mixed,1 2 5 5 6 10 12 18 22
991Wn0iwDWACRa20Y0M4qe8edaA2,9,plain,none,mixed,1 1 2 4 6 9 12 18 28
991Wa4bmGaHKM3XGGC0ZGEaiF0pC,9,plain,none,mixed,1 3 3 4 7 13 15 17 18
991W10a5ncmK7ZZ062aH2WdK4YJ4,9,plain,none,mixed,1 1 3 5 9 10 13 15 24
991WCb8nEQWg1WO2213GH3Ga8MWO,9,plain,none,mixed,1 3 6 6 8 10 11 12 24
991WGnoIff9--0WEH1gIg7AuHS10,9,plain,none,mixed,1 1 6 8 10 11 11 13 20
991WH2f8OEx1MbIW4GJXAIpIIvsH,9,plain,none,mixed,1 5 8 8 9 9 11 15 15
991Wu61SpzCBIh0J98y1GZfG82C6,9,plain,none,mixed,1 1 2 5 7 8 17 19 21
991W1I9b-512oBKGO5KJefclJC0Z,9,plain,none,mixed,1 3 3 4 10 11 12 13 24
991W8GaQ-uY4SX8991GYbC5OL64H,9,plain,none,mixed,1 3 4 5 8 12 12 14 22
991WWYR1E67bALb0IAJoef6aQ6XH,9,plain,none,mixed,4 4 5 7 7 10 10 17 17
991W463mAFuffWW4J3QEq2WF41uI,9,plain,none,mixed,2 4 4 5 7 8 12 18 21
991W8X0eBA4XHL50610LuM8I9AIn,9,plain,none,mixed,1 2 2 4 11 13 13 14 21
991W1G2eC2CXA58G8K53Sr4tjwmm,9,plain,none,mixed,1 2 2 4 8 13 14 16 21
991Wg4H5On8A1WK9a12GC2YbH68I,9,plain,none,mixed,1 2 6 7 8 9 11 11 26
991W20aIA6YGSW4A4nyT8qbWO2Va,9,plain,none,mixed,1 1 5 5 5 9 11 17 27
991W4HGjslX96pIW2I0KRY57f99u,9,plain,none,mixed,1 1 8 8 9 11 13 14 16
991WGGaC53R97nWe41oGYQmgL4e8,9,plain,none,mixed,1 4 4 6 10 10 11 17 18
991Wa9jOg0YIGYCf66G6D9Y1WKgA,9,plain,none,mixed,2 4 4 4 5 6 9 18 29
991W2WUcb5scEr18751A80sMCbg4,9,plain,none,mixed,1 3 4 5 10 11 11 17 19
991WCWKAR6NuEa843GKYc9BCBSmK,9,plain,none,mixed,1 1 5 7 8 10 13 15 21
991WIeK52o4HI2GeI8WE71Id99GO,9,plain,none,mixed,1 3 5 7 8 11 12 12 22
991WGo8TrhIu513G80MqO4GiGdAI,9,plain,none,mixed,1 1 6 6 10 12 13 14 18
991WGLDWJSdDAbo111KcGe6ebrMW,9,plain,none,mixed,1 2 6 6 9 10 10 13 24
991W21YK20eAZ4r89a90GA3XXP6I,9,plain,none,mixed,1 3 4 4 5 9 10 17 28
991WS30YIEHdaYWaaemm1aHtQWm8,9,plain,none,mixed,1 2 4 9 10 10 11 15 19
991WCIX4U1XwXg0Y30bLAgPc0Wc9,9,distinct,none,distinct,1 2 3 5 8 10 14 16 22
991WGa9wGWyB19Y2a99Y8a4tAGKH,9,plain,none,mixed,1 2 2 6 9 10 12 13 26
991WGITrWISaB98I0pBIOY8aaaWW,9,plain,none,mixed,1 1 3 7 7 12 13 17 20
991WAuPAHeNG91222Ds50m_l4H28,9,plain,none,mixed,1 1 6 6 8 9 9 17 24
991W4Kb2WWGOZab2dAe92OLAL4D2,9,plain,none,mixed,2 3 5 5 7 9 11 14 25
991W618K4nf9T32G0m8C2RGeJgwI,9,plain,none,mixed,1 1 6 7 7 9 11 15 24
991WGZbmQ1aT30A2HKIK5AXQKj0C,9,plain,none,mixed,1 1 2 7 12 12 13 14 19
991WGMH1G21tcAWe6HnKYeI4I4Ie,9,plain,none,mixed,1 4 4 5 8 9 11 14 25
991WGnmK2r9OL4J4006IahXCg90W,9,plain,none,mixed,1 1 6 6 8 8 11 16 24
991WI10IF5hKB1SHE3IuZg8CEK90,9,plain,none,mixed,3 3 3 6 8 13 14 15 16
991W2mK50_aAoP4r50iL31UPE8m0,9,plain,none,mixed,1 2 5 7 9 10 10 11 26
991W2XGcG60p5qk42GaoPgmlw24e,9,plain,none,mixed,1 1 7 7 10 10 12 16 17
991W0g5X4dX9HZ8ugEYIA28tCwGC,9,plain,none,mixed,1 3 4 8 10 10 14 14 17
991WAL6I812O-JOuAaB4S8W30M8a,9,plain,none,mixed,2 4 4 5 6 7 7 17 29
991WBY8U2zCuQ91821CEH3l084XW,9,plain,none,mixed,1 1 4 4 9 9 9 19 25
991WIKPKQA7T9KGa11X7U1IeJ8mI,9,distinct,none,distinct,2 3 4 8 9 10 11 16 18
991WA35QLYaeE9WG4n92LC4u64YG,9,plain,none,mixed,1 3 8 8 9 10 11 13 18
991WICxAqkWj21VeW0a85IQLMec6,9,plain,none,mixed,1 5 6 6 10 11 12 12 18
991W8JcySbcYK61WGIqG7f0eI7Hi,9,plain,none,mixed,2 2 3 8 9 10 12 13 22
991W89WiI4r4HeT21CVmK90eLL99,9,distinct,none,distinct,2 3 5 6 8 9 13 14 21
991W1HAoiYH7i6WJL08DL8U4b8a4,9,plain,none,mixed,1 2 2 2 10 12 14 16 22
991W4YA4YfJHLWeZ56XYepagN2mX,9,plain,none,mixed,1 2 7 9 11 11 11 12 17
991WDKoAZGnCriAW74Y51886P26H,9,plain,none,mixed,1 3 6 7 8 8 12 14 22
991WI8ZW89OK830nEC0WLbGK210H,9,plain,none,mixed,1 1 2 4 4 8 20 20 21
991WLuzKY3QGy62W0lqS0lWeC6We,9,plain,none,mixed,2 4 4 5 7 8 11 17 23
991W2G8ghBGow8XaI6LZ83JXo2Ia,9,plain,none,mixed,1 1 5 7 10 12 14 14 17
991WCJ1MoWp9scCW8nb0GYGYMat2,9,plain,none,mixed,1 2 4 9 9 11 11 12 22
991W8hb9I3mG7Jf4GC2HIf4y8wC5,9,plain,none,mixed,1 3 3 4 8 10 11 20 21
991W80ZGZeePHK94I40afEWCEoCf,9,plain,none,mixed,1 3 3 4 9 10 14 18 19
991WKZGAqbAWLg8152-1Jd8Ir2af,9,plain,none,mixed,1 3 4 4 7 10 15 16 21
991WqD02Y45OuXOGCaGI55fsTn8Q,9,plain,none,mixed,1 1 1 2 9 14 15 16 22
991WB9N2C2XeY4W698RfnJMXO461,9,plain,none,mixed,1 2 5 5 8 9 12 14 25
991W0W6423MaadHaQ0805XafTl0u,9,plain,none,mixed,1 1 4 6 6 6 9 13 35
991W10-9X4oCKCH2Gnm410RoPQGa,9,plain,none,mixed,1 1 4 6 9 10 11 12 27
991WeQXejF5Igj6226qI32UZave1,9,plain,none,mixed,5 6 6 6 8 10 11 11 18
991W3WY8CYLH3X09S10S93yzenKG,9,plain,none,mixed,1 1 3 6 10 11 13 17 19
991WAZ429XAqD47261KMQB8oAD4I,9,plain,none,mixed,1 3 3 7 7 8 9 21 22
991W3X92TZcYei8b4HnlIA0uYHa0,9,plain,none,mixed,1 2 2 6 7 13 15 16 19
991WH14KD26i9YL420I5j4H8qzKE,9,plain,none,mixed,1 4 4 8 9 11 11 15 18
991W4OBsH4bOf0WJWYH8BiVIf8KS,9,plain,none,mixed,1 1 4 9 11 11 13 13 18
991W811spa011OP6AXb0u20GL4P8,9,plain,none,mixed,1 2 3 3 4 6 10 14 38
991W2kLJaa4AkLWOacIVMKp0GBmY,9,plain,none,mixed,3 4 4 5 6 8 9 17 25
991W4Ge9cg0S4u10B2ScFf8U4lGI,9,distinct,none,distinct,1 2 6 7 9 11 14 15 16
991W8YX89H8I7HKI821WK5MpXH4a,9,plain,none,mixed,3 3 4 6 6 8 9 19 23
991WI10oCDEBWbg4a8iIKgac9r14,9,plain,none,mixed,2 2 6 9 9 12 13 14 14
991W6XKGq5Z4j8P6724C2XICm4A2,9,plain,none,mixed,1 2 4 4 4 6 17 17 26
991WHI9mO6Qd9Pka20x6ey33KeK8,9,plain,none,mixed,4 5 5 5 6 7 8 11 30
991WIaYao4OF4mHeI1Xf20xtq498,9,distinct,none,distinct,1 2 4 6 7 11 14 17 19
991W2wCf2482K90ap0yHiRHKLGKb,9,plain,none,mixed,1 3 3 6 8 13 13 17 17
991WMPWO7X9Y3nH2J8m52G8M9GA4,9,plain,none,mixed,1 1 2 3 7 7 18 19 23
991W94TXeZGM8ZLe423171CILRiO,9,plain,none,mixed,1 1 4 8 8 11 13 17 18
991W40ILqZbHKgjaKa5wO9A9AJr2,9,plain,none,mixed,2 3 4 8 10 10 12 14 18
991W6nGD2pKeec820mS545ZCF8X0,9,plain,none,mixed,1 2 3 3 5 11 13 18 25
991W0eCYTcDaME0WXKPX9X8KACWG,9,plain,none,mixed,1 3 4 6 8 10 10 19 20
991WKYndPKL5Ic66GaEH0e94eKO9,9,plain,none,mixed,1 3 4 4 7 9 10 21 22
991WL54L6Q18mDWOL4a16Kfqb9Gq,9,plain,none,mixed,1 2 4 5 5 6 11 13 34
991WX4L2WeMgGXWW5AWE1mSAqjX0,9,plain,none,mixed,1 2 2 4 6 9 11 19 27
991WYidAHd0GuKeQ0gGB5m8WCD8K,9,plain,none,mixed,1 2 4 5 7 7 7 14 34
991WH2J0KJ3eA5KG94ZtQKf20G4o,9,plain,none,mixed,1 3 6 6 7 8 8 10 32
991WWHQQT2eiI1YILRI6eZ15kH2G,9,plain,none,mixed,1 1 3 8 9 12 15 15 17
991WC2j8k2HCoj2O62n98PDOH892,9,plain,none,mixed,1 5 5 8 9 12 12 12 17
991W1XAKLHJf1Y6YHIWK6ggcM1yY,9,plain,none,mixed,1 3 6 7 9 9 14 15 17
991W2WGACYIBn9mW1GmACoBDLCZ4,9,plain,none,mixed,1 2 2 5 7 10 14 17 23
991W18qhaQ0G1ggoYUBYcAM6H22G,9,plain,none,mixed,1 3 4 6 6 6 6 24 25
991W4aYOCD3mvmWH46ByoYU4WeI3,9,plain,none,mixed,1 1 2 6 7 13 13 13 25
991WA52JXmPvIKI44468ZAWk94mI,9,plain,none,mixed,1 2 5 6 7 9 14 14 23
991WISHFA20b840CGe8Z6Hd89KMf,9,plain,none,mixed,1 3 3 7 8 12 14 15 18
991WH6LAC50mCX8u20YuKs0XuOH4,9,plain,none,mixed,1 4 4 5 8 9 11 13 26
991WJ1awWQ4HD2882J6np2O7X-K9,9,distinct,none,distinct,2 4 5 6 8 10 11 12 23
991W10yD8cEaeZ0GD3eg8IAYJgWG,9,plain,none,mixed,2 3 4 4 8 9 16 16 19
991W0e8aB40HAInKm41PB2KsH0GA,9,plain,none,mixed,1 1 2 3 6 9 16 20 23
991W0cg5fM0bAMn4cCXIeQ5c6DYI,9,plain,none,mixed,2 4 4 6 11 11 11 14 18
991WK0842jDW818e212CYv6XuIeo,9,plain,none,mixed,1 2 2 3 6 10 13 21 23
991WAJ4c3IMcICYG10iCSB4aP4WW,9,plain,none,mixed,1 1 3 6 9 10 16 17 18
991W392Bl6fqagmgG9M5ejYYFq0W,9,plain,none,mixed,1 3 6 9 11 11 12 12 16
991WG10pZ6EJh8G89JoqoYOJD50a,9,plain,none,mixed,2 4 6 6 9 12 12 13 17
991WZ4WI3Y0masX80eP5MZBYKaH2,9,plain,none,mixed,1 4 5 5 7 9 11 19 20
991WKca9169KOnWeWe9Gdv8o3f8q,9,plain,none,mixed,2 3 3 4 6 9 11 21 22
991We3W8E3byv2G8fICfIAG520WO,9,plain,none,mixed,1 1 3 6 9 12 13 13 23
991W8TAX4esAg528C8T6v1S47EWO,9,plain,none,mixed,1 2 6 7 8 8 15 15 19
991W57IBYq92cL88HbA5HOFK54SH,9,plain,none,mixed,1 2 7 7 9 10 11 12 22
991WGK4cyk0aAXGc80XW4p8qNac9,9,plain,none,mixed,1 2 4 7 9 9 16 16 17
991W4qCa-xve61CY12pGZIGIQY5I,9,distinct,none,distinct,2 3 4 6 8 13 14 15 16
991WG81ePiuZGPGa2z1EKr8g4YOe,9,plain,none,mixed,1 5 5 6 8 8 12 16 20
991W98cIBhM4Y550WZ8nYV8KeD1B,9,plain,none,mixed,1 4 4 5 8 10 13 15 21
991Wa6-YJKYGAYW78ivcWOrbb7E2,9,plain,none,mixed,1 4 4 7 8 9 10 16 22
991W38ZfSM5ALbHXW21G6Io40mb1,9,plain,none,mixed,1 1 2 9 9 10 13 14 22
991W4YD7mY8egCJ28XHMn4HAAI20,9,plain,none,mixed,2 4 4 8 8 10 11 15 19
991W2GI2vXeHDFn2GH8X50sMPKp0,9,plain,none,mixed,1 3 3 6 7 8 15 16 22
991WDIKO730mX98Y0mG4qHPM8Y1W,9,plain,none,mixed,1 1 2 7 7 9 13 20 21
991WHdIG83EiDL20A4L7iKv2Y10E,9,plain,none,mixed,1 1 5 6 7 7 12 19 23
991W1kfyP-SHEG4oaag2JIA4p2K2,9,plain,none,mixed,1 1 3 6 10 12 13 17 18
991W8GaH68iU5nH8A30niTWzC2eK,9,plain,none,mixed,1 4 5 8 8 12 12 13 18
991W8I52I5ACZ99830b8I5jaQX5H,9,plain,none,mixed,1 2 4 8 10 10 12 14 20
991W1GeK9y4jKoSc41WUE5wQLA0X,9,distinct,none,distinct,1 5 6 7 9 10 12 13 18
991WKKI6Akdu3eWG4cKn1OcYH1QE,9,plain,none,mixed,1 2 5 10 10 11 12 14 16
991W8HGB4d1mYmZ4KbL4q2H5n99q,9,plain,none,mixed,1 1 5 7 7 10 16 16 18
991WqCm9KHe4ea854rKc8BY8JL11,9,plain,none,mixed,1 1 2 4 8 10 13 14 28
991W8Kf2L0-MfCX8cP2IbAXoP908,9,plain,none,mixed,3 3 6 7 10 11 12 14 15
991WCYGxAB0G62b440W9AjJXeK4Y,9,plain,none,mixed,3 4 4 5 7 8 14 14 22
991W15IcDOGV7H2GCKY8s3WoL3WY,9,plain,none,mixed,1 2 3 7 8 14 15 15 16
991W25HaKv21WKCY61g9w22We9Ee,9,plain,none,mixed,1 1 4 5 7 7 8 16 32
991WfCA5OOg5YbP817A0C3ClmbqH,9,plain,none,mixed,2 3 5 5 7 7 7 13 32
991WK10u8oJ2d2HW0WYDncG27J4H,9,plain,none,mixed,1 1 1 2 9 10 11 17 29
991W60I6f5d1nA6KI18AEQ2uRmyG,9,plain,none,mixed,1 1 4 5 6 9 15 19 21
991WO41IOeA5mIGYC2BMP4H4ImeA,9,distinct,none,distinct,1 2 3 5 6 9 15 19 21
991WE39AGiO710WC21X824Yhi4H8,9,plain,none,mixed,1 1 6 6 7 11 13 14 22
991WIJ18U3Xq4c1G413k1-8A1WI4,9,plain,none,mixed,1 1 3 7 9 10 13 14 23
991WiCbo4giB2yW444keK913GbA4,9,plain,none,mixed,1 3 3 7 8 8 11 17 23
991W8GeKI8I5aWGO4X8YeiLr3in8,9,plain,none,mixed,1 2 3 3 10 13 14 17 18
991Wew589AoSPNK8GHLq2GPpHiO1,9,plain,none,mixed,1 2 2 6 9 11 15 17 18
991W4HaJK92Al8I2118Y98v8JM10,9,plain,none,mixed,1 1 2 3 7 11 15 16 25
991W12mXEb9BnIOW8YOmahf6HM8e,9,plain,none,mixed,1 1 7 8 8 13 13 15 15
991WOaeip-qj4K9C80XoXeI5qI88,9,distinct,none,distinct,1 4 6 7 9 10 13 14 17
991W55n4Av5HCE21Y9fzIb2m4205,9,plain,none,mixed,1 3 3 6 8 8 10 14 28
991W1mjxHAWmBeaGC2jRPIcM908X,9,plain,none,mixed,1 1 3 4 9 12 13 14 24
991W1WrKL8Fac8u24HH8H7Ar6f18,9,plain,none,mixed,2 3 3 4 10 13 15 15 16
991Wf2KeI2iH4IGKeI4HAYjBY912,9,plain,none,mixed,1 2 4 7 8 13 15 15 16
991W2K0Ww7aWWOGK2JtLiQWG4XAC,9,plain,none,mixed,1 1 3 4 6 7 14 21 24
991We5Wq9H8kDbej0O52kOnA6H4W,9,plain,none,mixed,2 5 5 6 8 9 10 15 21
991W0peAb4xe-CJCg92OKgGJA12G,9,plain,none,mixed,1 1 4 7 9 10 12 17 20
991WE0W1Ea9fSWR5A2aoY3vAI7KO,9,plain,none,mixed,1 1 1 5 6 11 11 18 27
991W2KMXD2pWu86aaFWoOL7PAIaA,9,plain,none,mixed,1 3 4 6 9 9 11 12 26
991W34N82Zgn6eX4oAU6aevXe8v2,9,distinct,none,distinct,1 3 4 5 8 10 13 17 20
991WW40mDqG9H_SeYebUJXqHB1aX,9,plain,none,mixed,1 3 5 6 8 8 10 17 23
991WqacAHYNq94WO2EGR1OWg2DX8,9,plain,none,mixed,1 3 5 9 10 11 11 14 17
991WYHG46yiOA1LMYH4O7k1gYA4A,9,plain,none,mixed,1 2 3 5 11 13 13 14 19
991WGj5G98YM3YKGH9Wu2w-rY893,9,plain,none,mixed,1 3 3 4 8 9 15 16 22
991W50e84P0cB9G4AZ4nFwH6o0Gq,9,plain,none,mixed,1 1 4 5 10 11 12 14 23
991WC2GK8oBI3WWA30G8w4H4eg6H,9,plain,none,mixed,1 1 2 7 8 14 14 17 17
991W57R5H48e1OK88a69HOMDdKKY,9,plain,none,mixed,2 4 5 6 6 8 13 18 19
991W3HD2C2WeazAH925YPf04X2Da,9,plain,none,mixed,2 3 4 5 5 11 13 15 23
991W4mc9pGpeS4X4H1We8gOf490G,9,plain,none,mixed,1 2 4 7 9 11 14 14 19
991WCKYGBZFO4vCb2cMfaMYShPG8,9,plain,none,mixed,1 4 4 8 10 11 13 14 16
991W30c5eOL9SWwGHHmID3D-ZOWa,9,plain,none,mixed,1 3 5 5 11 13 13 13 17
991WAFCJ2GXeT3bGGe99Z2g5WoEI,9,plain,none,mixed,3 4 5 6 7 7 7 20 22
991W1eO4yPWh9KIIo24IA14TFNX2,9,distinct,none,distinct,1 2 3 4 8 12 13 14 24
991WWuJQfgWGe8T8344WBafpaa72,9,plain,none,mixed,1 4 5 6 6 7 13 19 20
991WD0S8fMWG4CX46YaoYWfne62G,9,plain,none,mixed,1 3 4 4 7 7 10 22 23
991Wa08sKqrbH891Y0iaJDp4ic54,9,plain,none,mixed,1 5 7 7 7 9 11 16 18
991W61Waf4G74n0aA1WGOMLbA28e,9,plain,none,mixed,2 3 3 3 8 11 13 14 24
991WZ2GO7H9Ts1L818A9IIBR9JqY,9,plain,none,mixed,1 5 5 8 10 11 11 11 19
991W1GG9Z9B2J3KkC0GA21DaDYF0,9,plain,none,mixed,1 1 3 4 8 10 14 15 25
991WC2oYMuw8X8F2G34m4A3KIX8X,9,plain,none,mixed,1 1 3 8 8 11 12 12 25
991WWeb3JMmwJ4o2I8dKoCGbBS0G,9,plain,none,mixed,2 2 4 5 9 10 13 16 20
991W8CgYaJGFOU4O8f5KxTKP5Rc2,9,plain,none,mixed,1 5 7 7 8 11 12 14 16
991WCeg8b9GH8A104uY93AWe24XC,9,plain,none,mixed,1 1 4 4 6 12 15 15 23
991W0Gm9ATqIL3Kh40WUB368rTWI,9,distinct,none,distinct,2 4 5 6 8 9 12 13 22
991W0WJ7rieXGaD4IK4i810OoKuX,9,plain,none,mixed,2 3 4 4 6 9 10 19 24
991WCYAaH2j4X0p88aLuW00QMGaH,9,plain,none,mixed,1 1 2 5 7 10 10 11 34
991WGCaao20O-X98ebIZ_VYZmyH4,9,plain,none,mixed,3 6 8 8 8 8 8 13 19
991W0WGA4rQsL9n451yS4252q2GK,9,plain,none,mixed,2 3 5 5 8 11 12 13 22
991W0WW7EmWGL2JY92KYCYpamL10,9,plain,none,mixed,1 1 2 6 7 9 15 18 22
991W0GPSnBGfCG3042bOIZHOYCXA,9,plain,none,mixed,1 2 3 3 5 8 10 18 31
991W8oGmK8ujI0m16X8q65XJXHsG,9,plain,none,mixed,1 1 1 9 10 11 13 17 18
991WYF3y5mGbHXQY6JYUCw5162mm,9,plain,none,mixed,1 1 8 8 9 11 11 14 18
991WG15694PAkeT461taqXGQKc6Y,9,plain,none,mixed,2 3 5 5 6 11 12 18 19
991W88pCAQPa3389aYf6vUQn4nWf,9,distinct,none,distinct,1 2 3 8 9 11 12 15 20
991W4aLmGsIiG22G1Gp6kNXqi13W,9,plain,none,mixed,1 1 4 8 8 9 10 13 27
991W8MsJa1WOA1GeGXBIbTA3GI4X,9,plain,none,mixed,1 3 4 4 8 11 13 13 24
991WOPGo5X8SYaba0CP4fHaQxyD0,9,plain,none,mixed,3 4 4 5 6 9 12 15 23
991W8ALq11mHTAICWiAaGpKiY8X4,9,plain,none,mixed,2 3 3 6 7 12 12 14 22
991W2KWlLw6HOgGKbOPq7I104aI8,9,plain,none,mixed,1 2 3 7 9 12 12 12 23
991W1JLHju-8WkGO935IeL5D9WWW,9,plain,none,mixed,1 3 3 5 7 13 13 17 19
991WKPu6kLf2HLuIS90H8KgXXh84,9,plain,none,mixed,1 3 5 5 5 12 12 16 22
991W244b5NQei4WI0mdIwiT9AJ30,9,plain,none,mixed,1 3 3 7 7 10 12 19 19
991W8nqe2gh3O14O93G-oeW1mMKg,9,plain,none,mixed,1 3 3 5 5 10 10 12 32
991WnC52D5HG8JG296GK9I8Yg-ei,9,plain,none,mixed,2 4 5 6 6 6 15 15 22
991WeUYXmO5o50q545YaI4B1nSa2,9,plain,none,mixed,2 2 3 4 4 7 15 19 25
991W1N0GA2HZeqUKgAzZaR2G2W68,9,plain,none,mixed,1 3 6 7 7 9 9 17 22
991W4e83Wq8FYFAaP96AYGeA1rW4,9,plain,none,mixed,2 3 3 5 6 9 11 14 28
991WAOe61THq6Y6AI9652nTG5BE0,9,plain,none,mixed,1 1 4 4 8 12 13 16 22
991WI7k18MAOatKH16fnYaM9YbI1,9,plain,none,mixed,1 5 5 7 8 8 11 16 20
991WqD5GIhAuiG86H18242eU7oRW,9,plain,none,mixed,1 1 2 5 8 13 16 17 18
991WK20Wi2bVLT4Z4Y6egH8M61K0,9,plain,none,mixed,1 2 5 6 9 10 10 11 27
991WGSQeGaXBAYi32QdbWO7qT8e4,9,plain,none,mixed,2 3 5 7 8 8 11 16 21
991W4WxIT6cPwYXK8KjaNS1JeWGG,9,distinct,none,distinct,2 3 4 6 10 11 13 15 17
991WC4YUCX1g8u8YL3VxL9muM086,9,plain,none,mixed,1 4 4 8 8 9 9 16 22
991WH8U6YDMMHu1W88yH41GaEf9C,9,distinct,none,distinct,1 2 4 5 6 8 12 19 24
991WK8WBC4WAJ8S0OQAyZBmc9Kef,9,plain,none,mixed,1 2 3 7 12 12 13 13 18
991W41GHA17nH2Pb2GKADE3GLbKm,9,plain,none,mixed,2 2 3 7 8 8 9 21 21
991WA4o4GY7Vmq110cYyfAXag9A3,9,distinct,none,distinct,1 2 5 6 8 11 13 15 20
991W31GG93Lv3m-A2GW4CAGeTN5W,9,plain,none,mixed,1 2 6 6 8 9 11 18 20
991W21pKP8XCLJg29LmI8OLQWeA4,9,plain,none,mixed,1 4 5 5 6 13 13 16 18
991W4h4jFaXG51rAH8IH4Mv44Q62,9,distinct,none,distinct,2 3 4 5 9 10 12 16 20
991W8U9KX2agE71GGB1IHI8mK9o4,9,plain,none,mixed,1 2 3 5 11 11 12 17 19
991WWoKK658wEajGKjB8GXamq4C2,9,plain,none,mixed,1 3 4 4 12 12 15 15 15
991W4amYmIAGgAT1cAbvJCG2mJe9,9,plain,none,mixed,1 4 5 6 7 7 10 12 29
991WWK4Y59Pv00oK4OX4B14UD4n8,9,plain,none,mixed,1 1 2 3 4 7 14 19 30
991WH8Y4XP8c9mb4O8W92nFJAZG1,9,distinct,none,distinct,1 2 3 4 7 11 15 17 21
991WQQJ10IHYb-H20QP95XIKNLA4,9,plain,none,mixed,1 3 4 5 7 7 10 14 30
991W4H1onEWf28bA8WbGD1GK94NA,9,plain,none,mixed,1 3 3 4 10 12 13 17 18
991WWG42NZu9M6Iaf2KK3Y8g44W4,9,plain,none,mixed,1 2 5 5 6 9 13 14 26
991WOHGO5ofKIEHK0W6AaJnccA0G,9,plain,none,mixed,1 3 3 6 8 10 12 16 22
991WaJ0q94Ym92Gg28ISDHqKGK30,9,plain,none,mixed,1 2 4 5 8 10 14 14 23
991W10S84uH0019Y3HqG4J9IMgXu,9,plain,none,mixed,1 2 2 4 5 7 8 22 30
991WK53J9W4EA09GLZOt0o8g5bqb,9,distinct,none,distinct,2 3 4 5 6 7 14 15 25
991WGXCl2CZ4Q0em1nE5uYDTCP8o,9,plain,none,mixed,3 4 4 7 7 7 11 13 25
991WXEXpm4AQO4Um46s394d5HZ5o,9,plain,none,mixed,1 2 5 7 8 9 9 17 23
991WKe1SA2YO5Qb81iaf8yccm415,9,plain,none,mixed,2 3 3 3 5 12 14 15 24
991WCaA89XCCJA1G9aM2CxhIw0WO,9,plain,none,mixed,1 3 3 6 6 6 14 17 25
991W7041H1ztK22GAoeK6v08fB14,9,plain,none,mixed,1 1 4 4 7 8 9 21 26
991W8ZdQuIcu2PY0J1P6gYMKbFGA,9,plain,none,mixed,1 6 7 8 8 9 11 13 18
991WI2Qff6QfCa9555Z2WeJeaKmX,9,plain,none,mixed,1 3 3 7 7 14 14 16 16
991W8Ydb4GK2H45WD5Gn433mZef9,9,plain,none,mixed,1 3 3 6 6 8 11 14 29
991W19wYaX8qBX04agAYw8z9WanC,9,plain,none,mixed,3 5 5 6 7 13 13 13 16
991W91Gd711WK5Ye20a4xH8WS50m,9,plain,none,mixed,1 3 4 6 7 7 9 19 25
991W8mWiDEnC7saX2nCCn_52GiH0,9,plain,none,mixed,1 2 6 9 9 11 11 16 16
991WO24TBW86c8814nIKP48MIcU6,9,plain,none,mixed,1 1 3 5 8 12 13 17 21
991W91Y8w2KEDBeIGX4Xd5sI1WWO,9,plain,none,mixed,1 4 5 7 7 9 14 16 18
991W2JH7ac5ibBY2919ckKx7ALYW,9,distinct,none,distinct,1 2 3 8 9 11 14 16 17
991WEFUHAAI9b2ba8B9p2YoNIeeb,9,plain,none,mixed,1 6 6 7 7 9 11 16 18
991Wakaa54A5X4Ye0akHC91I68XC,9,plain,none,mixed,1 2 3 3 11 13 14 14 20
991W1O955lBoM9KHbL8aC14NnYB0,9,distinct,none,distinct,1 2 5 6 9 11 13 16 18
991W4mi8XR70G41C91GO292ne608,9,plain,none,mixed,1 2 3 3 3 6 10 20 33
991WM9i889E_D34T1DXOSIG91j84,9,plain,none,mixed,1 1 5 6 7 10 12 15 24
991WmaOn9KA-8H04X0XO5dbrc4mQ,9,plain,none,mixed,1 3 6 7 9 12 13 15 15
991W8b5M8YWo6joA10Qb4Rsusn3G,9,plain,none,mixed,1 2 5 8 11 12 13 13 16
991W0WG5f4H8614oC10K9I8in4Kc,9,plain,none,mixed,1 1 3 6 11 11 12 15 21
991W2bAK4l0e954XCqkIYwWaOX8G,9,plain,none,mixed,2 5 7 8 8 9 11 14 17
991W8c8YWLw9a10OmlXm40qG23Wa,9,plain,none,mixed,1 2 4 4 6 8 17 18 21
991WY4bXIaOvSG50HSKQSdWK32p1,9,distinct,none,distinct,1 2 3 8 9 10 11 15 22
991W82188cvjXOH9H4KmP6GnC1WJ,9,plain,none,mixed,1 4 4 8 9 9 11 17 18
991WGH8S0W4YhABYB2Yff4GYPfY0,9,plain,none,mixed,1 1 3 8 10 10 10 17 21
991WGH0O78QaL2Gg4WwAXHDYMK30,9,plain,none,mixed,1 1 2 4 6 9 13 20 25
991WAKWsoP0LH9oWA2Bq5NObI2YK,9,plain,none,mixed,1 2 8 9 10 12 12 12 15
991WYPB4Ly0X4ag42ZDPLQCWKQIO,9,plain,none,mixed,1 3 6 7 8 8 11 12 25
991Wmi8oZ0mMrb5H4cHWG2mK8WWA,9,plain,none,mixed,2 2 3 5 6 14 14 14 21
991W2GuEbuEHvOqW4YKZ9nyyYI6G,9,plain,none,mixed,1 3 4 5 10 10 14 16 18
991Wa33892X3XOA2m2Hec5Wu3WGA,9,plain,none,mixed,1 2 2 6 7 7 12 22 22
991WGaI8n5acHPH24s0F2nXuWOoI,9,plain,none,mixed,1 1 2 4 6 13 14 19 21
991W0fe98M3XwXOao49GPwI2WaKP,9,distinct,none,distinct,1 4 5 6 7 10 12 13 23
991WAZ6VMaDoT1Ge861YAP519D0e,9,plain,none,mixed,2 4 4 6 7 9 13 17 19
991WAKaMbL8KKuW48nBSN1BHZF84,9,plain,none,mixed,1 2 3 9 9 11 12 12 22
991WGZZJLKi91134A4d0W1FNy4X4,9,plain,none,mixed,1 4 4 5 6 6 11 16 28
991WA5PEboH0e4KQCXI_CT0nYXie,9,distinct,none,distinct,1 4 6 7 8 9 10 12 24
991WH1ABII8Gka8IH2AJdL8qj4XO,9,distinct,none,distinct,2 5 6 7 9 11 12 13 16
991W9RWq268pKB0GYabNA8py70Y4,9,plain,none,mixed,1 3 5 5 8 9 16 16 18
991W9cgjdsmO62iW64YOCWY9OHD1,9,plain,none,mixed,1 1 6 7 7 8 10 17 24
991WWaCKaWcaf9Lc6A5WQnWOS56A,9,plain,none,mixed,3 3 5 7 8 11 12 16 16
991WIeHgffvQ8jDJ2Uf44WJmY490,9,plain,none,mixed,2 2 3 7 9 10 12 15 21
991W0yJCBnyTIaGG8O5aL4L7YYI4,9,distinct,none,distinct,1 4 6 7 10 11 12 13 17
991W1ACADXfSnGK0LfAOQ6GOgO55,9,distinct,none,distinct,1 2 3 4 8 10 14 17 22
991W4em4ZJYoI2eZw1GI1P5kdX0X,9,plain,none,mixed,1 1 4 6 9 10 15 15 20
991W1oX2I4-qGeB241zagAJCLAWm,9,plain,none,mixed,1 1 7 8 10 11 13 13 17
991W31JAMYDM1X0JP0HyP9fAH1CA,9,plain,none,mixed,1 1 5 7 10 11 13 16 17
991WaBCtYIIGIPa2HB-v8Kvx8u8L,9,plain,none,mixed,2 2 5 5 10 11 12 16 18
991W490W8ANm9105y2GeKXyV61WH,9,plain,none,mixed,1 1 2 6 7 10 16 16 22
991W8a5n3mKkubB00mIYIYaLEOn4,9,plain,none,mixed,1 1 3 4 5 10 13 19 25
991WA3Q2DlIGPhOG47TfbkHacOoC,9,plain,none,mixed,2 6 8 9 10 10 11 11 14
991W1XAfQZ9FbSXWI2yOIPV8GkQ8,9,plain,none,mixed,1 2 6 6 8 9 13 15 21
991Wad6G4699YOA48CIGM0WE3vHQ,9,plain,none,mixed,2 3 4 4 5 8 15 19 21
991W20W75i2Wa5X21HCP5I9XKL0m,9,plain,none,mixed,2 2 3 3 6 8 9 22 26
991W92THCV6iiVGmH54gO0m8Juz1,9,plain,none,mixed,5 6 6 7 8 8 10 12 19
991WeY92Go48IHO8h2nQ0WCA2Lfa,9,distinct,none,distinct,1 3 4 5 7 9 10 11 31
991W4GzOG1564C144H9VNwb9X4oK,9,plain,none,mixed,1 3 3 4 6 11 14 19 20
991WaOHACYanskK8144b2hh7H1QH,9,distinct,none,distinct,1 4 5 8 10 11 13 14 15
991We4v8nCX2enCI8eoK4X2uI8M2,9,plain,none,mixed,2 2 3 5 7 10 17 17 18
991WY8XG6BQk1GeY54GaDMqJ4Gu8,9,distinct,none,distinct,2 3 4 6 7 10 12 18 19
991WHWKfgGe42181aQ4XKL9E2fa9,9,plain,none,mixed,1 2 4 7 9 11 11 14 22
991WM2uZJOeK211W212n4Pvak11G,9,plain,none,mixed,1 1 2 5 10 11 12 19 20
991W51eGWMWEcAaO9H084xHvzNbA,9,plain,none,mixed,2 4 4 5 5 10 12 19 20
991W1BQXftoSbKg4o1C8a5PHfrG2,9,plain,none,mixed,1 2 5 6 7 11 15 15 19
991W4YeZGBZ-aa0WWfopXf14I2fA,9,plain,none,mixed,1 4 4 5 5 11 11 19 21
991W9HuPgXkSaVz8E042iO952l4C,9,plain,none,mixed,1 4 5 5 7 7 11 16 25
991W2GG2Sd8r9JaY61Wm8WM6I0c8,9,plain,none,mixed,1 1 2 5 7 12 12 13 28
991W0dHBk1WK69IG81AoOg3kfMKb,9,plain,none,mixed,1 6 6 7 8 11 12 14 16
991WW2b4GeE9d2ie4f30GaJCgfD5,9,plain,none,mixed,1 3 5 7 8 8 10 11 28
991WU1E8H7jJJsKWG22H2bQyYr64,9,plain,none,mixed,1 5 5 5 7 12 14 16 16
991WWN99RXf44gH14v1DlcWe7-K4,9,plain,none,mixed,1 3 3 6 7 11 15 16 19
991W4X4K61Monev220S62WuzGSYG,9,plain,none,mixed,1 2 5 6 9 9 12 15 22
991WbgL9I210g75A559jj3T0084Y,9,plain,none,mixed,3 4 5 5 6 6 8 11 33
991W93WjQN5o4OmA8o04q1AWGqv2,9,plain,none,mixed,1 1 5 6 8 8 12 19 21
991WGK9PASM6O52850quBaqS1CX8,9,plain,none,mixed,2 3 3 5 7 10 12 17 22
991WWy2ug10XKgXO58T2Fr12GiH8,9,plain,none,mixed,1 3 4 4 5 11 14 15 24
991Wa6hCKGuj50844F0Gt7g6zomO,9,plain,none,mixed,1 3 4 6 9 9 11 13 25
991WA9LBK2IKnu002SgS5FmyugGY,9,plain,none,mixed,2 3 3 7 10 10 11 13 22
991WY31M239AY8I9e2H8aBW7P1GL,9,plain,none,mixed,1 1 1 4 9 10 16 17 22
991WIY4a410XMih0A2gkYgGXOUGi,9,distinct,none,distinct,1 2 3 6 7 8 15 18 21
991WeOeav58A85Ya4cDeduvDN800,9,plain,none,mixed,2 3 3 4 6 7 15 15 26
991WGa95Y6AQZ8g923mC51WaPZ5m,9,plain,none,mixed,1 4 6 6 9 10 13 13 19
991W21KOf2GLwOAqE0mABS1cYuZ2,9,plain,none,mixed,1 1 1 6 8 10 14 18 22
991W85SkceGB4mP4CIdeg5ugaKY2,9,distinct,none,distinct,1 2 5 7 8 10 12 16 20
991W4IeLAJK2Ylea514IwX7qdT0e,9,plain,none,mixed,2 4 6 7 8 11 11 14 18
991W8meM2CZuQ1j14XO5Y-GXGQ8W,9,distinct,none,distinct,1 2 4 5 7 8 11 21 22
991WX0XYv2ugl18Cf19210FSSnGK,9,plain,none,mixed,1 1 4 5 11 11 11 12 25
991WI4We6ENggaGaKaIJyi8O4XW8,9,plain,none,mixed,3 3 4 9 10 10 12 13 17
991W0H3HCYfGI50mOK4f89wGaAZ8,9,plain,none,mixed,1 1 3 5 11 12 13 14 21
991WCF0O91CO6aA3K95IebWw2XKC,9,plain,none,mixed,1 1 5 5 7 9 13 19 21
991WJ4nAA5GuCCY800Cw0XPeS30m,9,plain,none,mixed,1 2 2 7 7 8 15 19 20
991WL4Gv97N92IGI20JGgreuSt8G,9,plain,none,mixed,2 2 5 8 10 10 13 14 17
991W53SqL68ziNL920uiaGe7M8Z0,9,plain,none,mixed,1 4 5 8 8 12 13 14 16
991Wn9nGMLnTL0WG0i8I4g5651Gi,9,plain,none,mixed,1 1 6 6 12 12 12 14 17
991W6LbK1A5X568YYP4-9aH44X14,9,plain,none,mixed,1 2 2 4 8 10 10 14 30
991W1X02y9_AE0409Y8UAlJkzWeH,9,plain,none,mixed,1 3 3 5 8 9 16 18 18
991WZ8GmBHhqm5UH0ab857BQ9JuE,9,plain,none,mixed,1 2 5 7 7 12 15 15 17
991W4Q2WS7fGQ2GCWY8CfHqI40Y8,9,plain,none,mixed,1 1 4 6 9 10 10 17 23
991WI40cIrAK710O20paX9KYIY8o,9,plain,none,mixed,1 1 3 9 9 10 11 13 24
991WC8Q7451B0We8C92Kb2mcXYbD,9,plain,none,mixed,1 1 5 5 5 6 15 21 22
991WH8HdeaIn6Yqo4FnK2mG1UayW,9,plain,none,mixed,1 1 3 6 7 8 12 14 29
991Wu0vYbwU7Co0W2AnCyiH4e0ea,9,distinct,none,distinct,1 2 3 6 10 11 13 16 19
991Wg1Ia3WYmGMPme4n8vogI8H8M,9,plain,none,mixed,1 1 1 7 8 10 12 20 21
991W81N4-JIuCY0G741GuOg-9YJK,9,plain,none,mixed,1 1 4 9 10 10 12 17 17
991W8jGX1Xr2Kqq22SaCx38fqtWD,9,plain,none,mixed,1 2 6 7 9 12 12 12 20
991W0oDWKBLwHKIamTYbC0G875GA,9,plain,none,mixed,1 2 4 5 5 8 13 15 28
991WB2TSuDCp50H49GriC4AYH914,9,plain,none,mixed,1 2 5 5 8 10 11 18 21
991WCU5n4HYyeK9AI88Yo0GP5HO4,9,plain,none,mixed,1 2 5 6 6 11 15 16 19
991WK90M6gF20GiIL8G8434YGXKO,9,plain,none,mixed,1 1 2 3 5 7 16 16 30
991WI4Yt6i72l4KKS29t5L8aHLaY,9,plain,none,mixed,1 4 6 8 9 11 12 15 15
991WP6A21OWYYO82CKnC10GUhYmQ,9,plain,none,mixed,2 3 5 6 6 7 8 17 27
991W18gH030NIIbAo2WlF4YC1Cce,9,plain,none,mixed,1 1 3 5 9 10 11 13 28
991WAIaO4kIPYdOG2189KYugEGn4,9,plain,none,mixed,1 2 5 6 9 11 15 16 16
991W1IP68aVKn1W4Wudx6nGNS8WG,9,plain,none,mixed,1 3 6 6 8 12 13 15 17
991WAJEiD3Wua74gGISc2EKGG852,9,plain,none,mixed,2 3 4 7 7 8 11 13 26
991W8Z0gQ8XA7XmQ41WqX40W9ShA,9,plain,none,mixed,1 2 4 6 11 11 15 15 16
991W5YOO6XXEmeIA1088o1XbAb5H,9,distinct,none,distinct,1 2 3 4 7 8 16 18 22
991WY2XiMkC5D6KW4OdAj992BGKI,9,plain,none,mixed,4 4 4 5 7 9 11 16 21
991W30Meo3H2f2885a1y2HdPJqY8,9,plain,none,mixed,1 1 2 5 11 12 12 18 19
991We2D9DsEWDGiaXGbn8ZHNOeai,9,plain,none,mixed,1 2 3 7 8 13 15 16 16
991WC2L8ICKA10OGCIb1mK5Tafr5,9,plain,none,mixed,1 3 4 6 8 9 9 13 28
991WHP5kS8UD3UuX3jaQMAZ1C4kG,9,plain,none,mixed,1 1 5 6 8 9 10 18 23
991WG41OZucrhaI50Y6YgCoIgfoX,9,plain,none,mixed,1 3 7 7 10 10 12 15 16
991WWHmauSElf4XWmc1QIObEfB04,9,plain,none,mixed,1 1 8 9 10 10 12 15 15
991W211QrQ2GavY2G6ewAf5oGYSJ,9,distinct,none,distinct,1 2 3 6 8 11 13 15 22
991WgCIXOHX6GeH5W2FO61YOLbW9,9,plain,none,mixed,1 1 1 6 9 14 15 16 18
991W85d1H4ACZY4GOYo4XqQ8kgQ5,9,plain,none,mixed,1 3 6 6 7 11 11 12 24
991W8o3Wa4oETIb945md81OI28G1,9,plain,none,mixed,1 1 1 4 9 9 10 17 29
991WZ0e5P2LSL1D0aX8f2GX4wYbI,9,plain,none,mixed,1 3 6 7 8 8 10 14 24
991WAQgA2WJ4I5H8f4X10G8N1BGq,9,plain,none,mixed,2 2 5 5 5 7 11 15 29
991WKPsE4b9K840JD9GB3M2WB4K4,9,plain,none,mixed,1 2 4 4 8 11 11 15 25
991W4L4Sn19A5HP4qE0zFIHC70T1,9,plain,none,mixed,2 2 2 6 8 11 11 17 22
991WIN0GAEWdImI82H1Eeg8F20g4,9,plain,none,mixed,1 1 2 4 10 11 14 16 22
991WGd8HQgO821GA21Xeg0ix8UY8,9,plain,none,mixed,2 2 2 3 7 12 16 18 19
991W4X8uS90ZWO9WCIqSIM51GGu4,9,plain,none,mixed,1 1 2 6 6 7 9 12 37
991WmALG40eSAF1m0KBW95fOd8J4,9,plain,none,mixed,1 2 3 3 5 12 15 17 23
991WG12kr2Y8aH86KXYey1LnG28c,9,plain,none,mixed,1 1 2 4 7 9 18 19 20
991WSAQI2H9Db2GIf88EJxI8HRoG,9,plain,none,mixed,2 2 5 6 8 9 11 18 20
991WH0E4CZGNiF0mmgKc22Gaz8X4,9,distinct,none,distinct,2 3 4 5 7 11 15 16 18
991W20u40ZI4wl8W2Gm950zDzK92,9,plain,none,mixed,1 3 5 5 7 8 11 13 28
991WeKmK34f4j1C849PIrF4vauWB,9,plain,none,mixed,1 1 5 8 12 12 13 14 15
991W8YgQmXCS113GG14myAu623WW,9,plain,none,mixed,1 1 1 3 6 10 17 19 23
991W6XA21wGD1eKmAb5HIGY4iHSe,9,plain,none,mixed,1 1 2 4 7 9 9 21 27
991WbT3GNCL3c0WC52g6XXGadP45,9,plain,none,mixed,2 3 5 6 6 12 12 16 19
991W6KQI52mGM0-49KJ2sXI9Sf4I,9,plain,none,mixed,1 4 5 7 8 11 13 16 16
991W4KmiM0ZCCuv8Xejs4gGgXOA4,9,plain,none,mixed,1 3 4 6 8 11 12 18 18
991Wb6oa8ZgC220I9CX8YvD5AGW8,9,plain,none,mixed,3 3 4 4 9 13 13 15 17
991Wg14IYK9Mz8o80BIYf0wzjF0G,9,plain,none,mixed,2 2 3 3 8 10 14 17 22
991WG421bfIC2X93XD0H4Iee52H5,9,distinct,none,distinct,1 2 4 5 6 9 11 18 25
991WH4bsJeYOEFZI11P584ZXKK20,9,plain,none,mixed,2 2 6 6 6 8 10 17 24
991WS4IaJ2OE4-g4G29Hkhw5214N,9,plain,none,mixed,1 1 7 8 9 9 13 15 18
991W1m475Hh3m1We2WWE3oOyp3W4,9,distinct,none,distinct,1 2 3 5 7 8 9 16 30
991We14cqaef10WHa20ev1KEQ4Y5,9,plain,none,mixed,1 1 1 7 8 10 14 18 21
991W27Mo37O-KB18AKgLAjLejCW8,9,plain,none,mixed,2 4 4 7 7 10 14 16 17
991W3UA1YDkWO6rB89H9Y92gAV0A,9,distinct,none,distinct,1 2 3 5 8 9 11 20 22
991WYg5Y8nb9X52W24yfc8iN4U4D,9,plain,none,mixed,1 2 6 7 7 11 15 16 16
991WOh6GMbGHTT082wa4mXKaEef8,9,plain,none,mixed,1 1 3 8 8 10 13 18 19
991W0cfbKXeU8Y204H61PbAEwW9Y,9,plain,none,mixed,1 1 1 7 10 14 14 15 18
991W5H0AXFWYKYa64oirBd8PgS91,9,plain,none,mixed,1 2 5 7 8 13 14 14 17
991WqAX9uN4IFpia8538DQ850Wb4,9,distinct,none,distinct,2 3 4 5 7 8 9 17 26
991WOPvHabIq61KKGFm4Y4Q6KE03,9,plain,none,mixed,1 1 3 4 7 12 13 19 21
991Wo50YGYDgXNC5YGzv1iL9JnG8,9,plain,none,mixed,1 5 5 6 7 11 12 14 20
991W5Mbg213yvqYH20EefZU80cGZ,9,distinct,none,distinct,1 2 4 5 6 8 13 20 22
991W2J5oSXB31Ge8E3H8c8021ai9,9,plain,none,mixed,2 3 3 4 6 7 8 10 38
991Wm99Tnj8cQgeCP0_9n3nU1-20,9,plain,none,mixed,2 2 3 8 8 12 12 16 18
991W1CYuH1uGAGm98g9ID7If4WeD,9,plain,none,mixed,1 1 7 8 11 12 12 13 16
991Wd1mG43HjKbHAY0W54HrG3mW4,9,distinct,none,distinct,1 2 3 7 8 9 10 19 22
991WXHGaAgL2GZ0K4OcBu2Cp2Zoa,9,plain,none,mixed,1 2 5 8 10 10 12 13 20
991W8fB2oGO6Yf585C7HqH8rCGCo,9,plain,none,mixed,1 3 4 5 6 11 15 15 21
991Wp1Ay3HegI4928i94AB12yYGK,9,plain,none,mixed,1 4 5 6 9 10 14 16 16
991W11mn4H6sLWK9KbvOT89320f8,9,plain,none,mixed,1 3 6 7 7 8 11 15 23
991W67W210bLqA4aJ4k1GaXOPGKM,9,plain,none,mixed,2 2 3 4 5 7 15 18 25
991WWE0d22nIXfKIGKI8C3usIoT4,9,plain,none,mixed,2 2 5 5 5 11 16 16 19
991W814Q5EgEJ9AO83Oei5CmEaM5,9,plain,none,mixed,1 3 6 10 11 11 11 12 16
991W6Ie9b62Ga3am13eY-M8X4T4o,9,plain,none,mixed,1 3 4 7 7 11 11 16 21
991W21IBOqub2H1WGY8BF_w4L4mI,9,plain,none,mixed,1 3 6 6 9 12 13 14 17
991W2HKM6aXZWeGO4HK52RYHCbWK,9,plain,none,mixed,1 4 6 6 6 6 10 21 21
991WX255EIulJ7X2083aKs1fqyOQ,9,plain,none,mixed,1 5 6 6 8 9 10 15 21
991W2FSn99LQAeL3b5-ID82ERQeG,9,plain,none,mixed,2 3 5 7 8 8 11 12 25
991WG6WaJ4h93mH4J4IX8I7Jb8g4,9,plain,none,mixed,1 4 4 7 8 9 13 13 22
991WAaY8rDLAgoTc2aIb80YgW0aK,9,distinct,none,distinct,1 2 4 5 7 8 15 18 21
991WH274eZe80k094a7YIrDUlf1H,9,plain,none,mixed,1 2 4 7 7 9 14 17 20
991WH4J8b1M7aH840bewEYL5B2Sn,9,plain,none,mixed,1 4 5 6 10 10 11 12 22
991WG639Yila4Xe91724J4j8H6iI,9,plain,none,mixed,1 1 3 8 11 12 13 15 17
991WKd8m82Gab0W90WP6fWG6451H,9,plain,none,mixed,1 2 3 3 4 12 16 17 23
991W1H8BZ_KbA21W8miI0jgi4A14,9,plain,none,mixed,2 3 4 4 4 8 9 21 26
991WGGhoD2H60u81HoJ8iD0GB8K2,9,plain,none,mixed,1 1 1 4 9 10 13 14 28
991WWKA1HEt8ECWG4kKgDZKeCF28,9,plain,none,mixed,1 1 6 7 8 9 11 19 19
991WI0G2obDb98aabAS72H6YQnCC,9,distinct,none,distinct,1 2 5 6 7 10 12 15 23
991WHAAHqmiK7EA4W3AHKXu8YsX0,9,plain,none,mixed,1 1 2 5 9 13 14 17 19
991W1AUlDGiEq0WG9eI24ZT8b328,9,plain,none,mixed,1 4 4 5 6 10 14 18 19
991W28bqV6UN6G42n4WWI19aK4MI,9,plain,none,mixed,1 3 3 7 7 9 9 13 29
991W8hnS818Z9If4CV6HUO4YXnWI,9,plain,none,mixed,2 4 6 6 7 7 8 13 28
991W1CXGbHZK0mC4P9mqD52ODJKW,9,plain,none,mixed,1 2 2 6 8 12 13 14 23
991W8YAhgHEjQfe4M0S1MqWrEGv2,9,plain,none,mixed,2 5 6 6 8 9 10 15 20
991W10EDSS0XbYL8S0ul5293v2QP,9,distinct,none,distinct,1 3 4 6 7 9 10 20 21
991W0SIIIYsFC10Gf8nyOYGKs8GO,9,plain,none,mixed,1 2 2 10 10 11 11 17 17
991W38H7C2Wap0eCX4Oa23Yi9qGa,9,plain,none,mixed,1 1 4 8 8 12 13 17 17
991Wg2X2Gp0a4YWCWG5H5XfRNYWO,9,plain,none,mixed,1 1 6 7 7 11 12 14 22
991W8iEXmQtIoDZOW13y10eK34YW,9,plain,none,mixed,2 2 3 6 7 8 11 16 26
991W10S9kGaa9zkW428Z6obAJ8aK,9,plain,none,mixed,2 3 6 7 7 10 11 16 19
991W47YC12GNX3p0CLQNNP9n41mG,9,plain,none,mixed,1 1 1 8 12 12 12 15 19
991W95iH7f8C50H8QN6mC9xZMA0W,9,plain,none,mixed,2 5 5 7 7 8 9 17 21
991WIu5YZ4sg30qqOBn4AIc8fKaI,9,plain,none,mixed,1 2 3 4 8 10 15 19 19
991W4T0pYBWKR9eXGwfiCpKe8a6W,9,plain,none,mixed,1 1 6 7 8 11 13 16 18
991W0F5QKkDCm40WL8fHc2X4I4YO,9,plain,none,mixed,1 4 5 6 6 6 10 16 27
991WGQYey6Ug4X0B5AmKaBUQWf48,9,plain,none,mixed,1 3 4 5 5 11 13 18 21
991WWYL3RKvOE90O0OBUA2CWw91G,9,distinct,none,distinct,1 2 3 6 7 10 15 16 21
991Wc194aEZuDqmoY2HJK7lanG84,9,plain,none,mixed,1 4 7 7 8 9 11 11 23
991W52Qg2H1G9qmIAqj4fhF0XI8K,9,plain,none,mixed,2 2 5 7 8 8 12 13 24
991W4AWM9JAjdda3I8A1RjaPSomI,9,plain,none,mixed,1 2 4 6 7 12 13 18 18
991W1Tc6X7Ot48Y0Gf59LOV4S4G8,9,plain,none,mixed,1 2 2 5 9 10 15 17 20
991W421m6sm8X4H2LLCeq20S6IWO,9,plain,none,mixed,1 2 3 4 8 8 12 19 24
991Wm4537AGC6AGY2P9oUcnMOI20,9,plain,none,mixed,1 5 5 6 8 10 12 14 20
991WK7z4eUI8MLe48HMfGKI9SR96,9,plain,none,mixed,1 3 5 7 8 8 9 17 23
991W0W7Sp4NSAK05H5Wd9KapJiuH,9,plain,none,mixed,1 1 2 5 11 12 14 17 18
991WWYk8IA8y8SWG4kdQYeTON8H6,9,plain,none,mixed,1 3 8 8 8 9 14 14 16
991WWM3DA51HF8k89iGqmjIYniKg,9,distinct,none,distinct,2 4 5 7 8 9 12 16 18
991W1D2eAXcCYOP4P8b86D2g9XS9,9,plain,none,mixed,1 4 4 4 11 11 13 15 18
991WGvaZ5HGA6IOaGC30uWx6xG8K,9,plain,none,mixed,1 3 3 4 6 6 16 16 26
991W0GWK14yPeg00LL59J2pmY9QA,9,plain,none,mixed,1 1 2 3 10 12 13 15 24
991W2sP9CY0W6D8e0m6Yr-H3Wt2G,9,plain,none,mixed,1 1 5 5 5 6 6 23 29
991WGeP59oSKOfIKGi8aBY0WXcWG,9,plain,none,mixed,2 2 3 6 7 14 14 16 17
991WfAPG30aHoCYG14KaP2aaLDJ4,9,plain,none,mixed,2 2 3 4 6 13 16 17 18
991W910aGHJaQ2o41GapsP6MT7H4,9,plain,none,mixed,1 3 6 6 9 10 10 17 19
991WaL5HIXqL4M400O5JKZ0872mH,9,plain,none,mixed,1 2 4 5 5 7 15 21 21
991WCp8obCcXC10e12Wm7nq4D1I8,9,plain,none,mixed,1 1 2 7 9 12 15 15 19
991W829HwOWH4WWWgfBI8sj0GCQQ,9,plain,none,mixed,2 3 3 4 6 8 13 14 28
991WGY7HQm1jSeI88KAOSZGf9fGi,9,plain,none,mixed,1 1 2 4 9 9 15 15 25
991W20WCU0M6GAQecfIYaA0nPcbn,9,plain,none,mixed,2 3 5 5 7 7 9 13 30
991WGaJcqXHhaLbAGXHABWCCz1aG,9,plain,none,mixed,1 1 5 6 8 9 10 12 29
991WIIn089z8D2aiA33y60vLYf89,9,plain,none,mixed,1 4 4 7 8 8 10 14 25
991WC4J4o4rq-ka84KI128gj5HC9,9,plain,none,mixed,3 4 5 7 8 8 11 17 18
991WDIqhD7IOL50G1GaS3AeEO00W,9,plain,none,mixed,1 3 3 7 7 8 9 15 28
991W9FJgm25UCyCZ4u0_mWXaA4nG,9,plain,none,mixed,1 1 3 6 8 8 14 15 25
991W2SYMOXfC9ewOaB9EU35cIGI4,9,plain,none,mixed,1 1 4 8 9 10 14 16 18
991WD0G42XUGWe1030K4X1miD3eY,9,plain,none,mixed,1 1 1 4 4 9 11 21 29
991W4Gmf4yCYPdZ8214STSOauiWe,9,distinct,none,distinct,1 2 5 6 9 10 15 16 17
991WgQPuYmkDkc6066C194A4JEPH,9,plain,none,mixed,3 4 4 5 5 5 16 16 23
991WajZrkR4YqTSC2OGXJL6Wmaq8,9,distinct,none,distinct,3 4 5 6 7 8 12 15 21
991W50qK6Vg2A3JH4GmL2i0kZP5m,9,plain,none,mixed,1 1 3 4 9 10 12 19 22
991W0WCD9UG8ACaY4WaJB2n9IGcQ,9,plain,none,mixed,3 3 4 7 9 10 11 11 23
991WHaqP20WDf0fG0mL4HYV82eab,9,distinct,none,distinct,1 2 4 7 8 9 11 15 24
991W4jHK21Fo8205QAGC1NLbX109,9,plain,none,mixed,1 1 2 3 5 13 17 19 20
991W0uHKM3mD48o8Wa1GM0upX0I8,9,plain,none,mixed,1 1 1 2 4 15 16 16 25
991WGCAQL5Q4dDyma3bAIqGXCOg9,9,plain,none,mixed,1 4 8 9 9 10 10 14 16
991W94QJK4G4Y9nCJ2dWO1CKGgB2,9,plain,none,mixed,1 3 4 4 5 6 8 22 28
991W0Xnc9yHSE8v2Ib4qGiX5aa1m,9,plain,none,mixed,1 1 3 6 7 13 14 18 18
991W0mG6wkGA6g308WeZ6XmYki92,9,distinct,none,distinct,1 2 3 5 9 11 13 14 23
991W0WpKoWenX0WB9bH4I6o6f0q4,9,plain,none,mixed,1 1 2 10 11 13 13 14 16
991W00669Jg7GZX8Q2GZ21CQLcYK,9,plain,none,mixed,1 1 3 4 6 8 11 21 26
991WS10Og6lp6UGC2ZMY9qq20XO8,9,distinct,none,distinct,1 2 5 6 7 8 10 15 27
991Wn8SvG162HEYG0KxvkiEYPAWu,9,plain,none,mixed,1 1 4 6 6 11 14 15 23
991WEa4GABVOyWB80X7QPB8V5uXG,9,plain,none,mixed,1 1 3 6 6 14 15 16 19
991W91GNe230EHX7A1GTeuI38aCa,9,distinct,none,distinct,1 3 5 6 7 8 10 13 28
991W20aDHB59mS489Ja94GbaL5IX,9,plain,none,mixed,1 2 2 5 7 7 9 20 28
991WGn8I41YOV4H43G64WX8C2AWe,9,plain,none,mixed,1 1 2 3 5 10 13 20 26
991WGO35TNm-K30eACWM81K4I4IK,9,distinct,none,distinct,1 2 4 5 8 9 12 15 25
991W2ICZ92LeT4We10G9ggwkY2WG,9,plain,none,mixed,2 3 5 6 7 7 16 16 19
991W8j908XdIB4miYCGld5H8J3WW,9,plain,none,mixed,1 2 7 7 7 9 11 14 23
991WB3DCM6JIA1WO3GLXFz04_72m,9,plain,none,mixed,1 4 4 4 7 12 13 17 19
991W4H8IKQaWu20e718aCP68Y2Y8,9,plain,none,mixed,1 1 2 8 8 10 13 14 24
991W9KT18MOG2GeoA2Yu4HqSJ9O0,9,plain,none,mixed,1 1 3 5 7 8 16 20 20
991W528If92WO5128WuA-X4HeS30,9,plain,none,mixed,2 3 3 4 5 7 12 16 29
991WXKfBEnYY84102OKc6328Y1J4,9,plain,none,mixed,1 1 2 6 6 12 14 14 25
991W4a4N5TaeqCW85GdSr0uGGA18,9,plain,none,mixed,2 3 3 4 6 10 15 15 23
991W450a6ewMo4X4Y9PGC5nr81GK,9,plain,none,mixed,1 3 4 6 10 10 15 15 17
991W2Tdaa5qcX68K2vqsMQXm1mnK,9,distinct,none,distinct,2 3 5 6 8 9 13 17 18
991WugYH5Hb1jz1J8GIAJ4gIf2D0,9,plain,none,mixed,1 1 3 5 6 13 15 18 19
991W52HGe6BR9aWGMcOnxqj40XGO,9,plain,none,mixed,3 3 5 5 6 9 10 16 24
991W10eIaZHQbYiN8XGO2qYFc18G,9,plain,none,mixed,2 6 7 7 9 9 10 12 19
991WGEBX9YS8CLaeeI62ZOw9eKaq,9,plain,none,mixed,2 3 4 6 6 10 14 18 18
991W0X7GP5KAiOWA8MGCEgwXYOHQ,9,plain,none,mixed,1 1 2 3 11 12 17 17 17
991W94Vd9YHGOA2GH2R83GW8c2Y8,9,distinct,none,distinct,3 4 5 6 7 8 10 16 22
991W38I45nngSkmNeY4eAHQ1AX4W,9,plain,none,mixed,1 1 2 8 8 10 13 14 24
991WCKG4hCf99KCYP4oN8A2K4Wc8,9,plain,none,mixed,1 4 5 5 8 8 15 15 20
991W066kqUgDKbGPXCIf4JH5ArNe,9,distinct,none,distinct,1 3 6 7 8 10 11 15 20
991WHAWG44AaS2O7IOMRKbIK7WG5,9,plain,none,mixed,1 2 3 6 6 9 15 17 22
991W411nmjI1NfIK80vGC8wCcgp8,9,plain,none,mixed,1 5 5 6 7 9 13 17 18
991W861WcBG43I80KMc9CYeU41CL,9,plain,none,mixed,1 3 3 3 5 7 16 21 22
991WY2IK71FY0Z54HEZbQX6XC38f,9,plain,none,mixed,3 4 4 5 6 10 10 11 28
991W5XGec95X1IG28GaDRXPc8Q2o,9,distinct,none,distinct,1 2 3 7 8 10 13 17 20
991W3WYTfi3HEZ4W44HSQIP0a2P9,9,plain,none,mixed,1 1 4 4 7 10 11 13 30
991W8q0Jqb28L5n9C2pKL1aM4S4W,9,plain,none,mixed,1 1 4 7 9 10 11 19 19
991W5IKnLDGITnGL31GgZ4X8B285,9,plain,none,mixed,1 6 7 9 10 11 12 12 13
991W4eWGhBmC214GSAYea6gcWW83,9,plain,none,mixed,1 1 3 4 5 9 14 20 24
991W20JLZLDehZ8I0bPYQpYAN4WW,9,distinct,none,distinct,1 2 5 7 8 10 11 13 24
991WE2WbAH0Gq1oe0WK3aX5o4H5X,9,plain,none,mixed,1 1 2 5 8 8 13 20 23
991W8Q518oKZFKfAm41Y10O27380,9,plain,none,mixed,1 1 1 5 7 9 11 18 28
991Wb9E8NY4XGYeGCH4dCbCWa7UZ,9,plain,none,mixed,2 3 4 6 6 11 13 13 23
991W6HaIOI6NI2Ie8ImQA4G726H4,9,plain,none,mixed,1 2 2 5 11 12 13 13 22
991W63W9SRSkeY6IZPAYIIW440j8,9,plain,none,mixed,1 3 5 7 7 8 15 16 19
991W5moKaXA4YE0WGHaQ6yD5AP4H,9,plain,none,mixed,1 3 4 6 9 10 15 15 18
991W90n52WeKwT4X9I95mi-XBIL0,9,plain,none,mixed,2 3 4 8 8 10 11 13 22
991W849L988AHO4a31-vE5XKKzUm,9,plain,none,mixed,3 5 5 6 9 10 11 13 19
991WJ0aKcBZO4IoA80M9ajWcnyP0,9,plain,none,mixed,1 3 3 4 7 11 14 17 21
991WGHB3ry-ffg2GG4JCoJWa2iH4,9,plain,none,mixed,3 4 5 6 7 7 10 18 21
991W8LChBeqEXOkGB33mW4468fqa,9,plain,none,mixed,3 3 4 7 7 8 9 13 27
991WSRUiCB0e61aYD8mC1MmZWq81,9,plain,none,mixed,4 4 5 6 8 8 10 11 25
991WbAQ4HUZJfu004I8Mp4HSsX8e,9,distinct,none,distinct,1 3 4 5 7 9 10 20 22
991W8neGa12iAo8GE0G4YuDBHmA4,9,plain,none,mixed,1 1 3 4 6 8 11 20 27
991WY1G8wSbuID084gcOf6l410Gi,9,plain,none,mixed,2 2 6 6 6 12 13 13 21
991WA3WmY165LWqO5YeiZ7iP5185,9,plain,none,mixed,1 3 7 9 10 10 11 11 19
991WIAWN2qP1bgWeaDL1WkHMAamO,9,plain,none,mixed,2 4 5 5 6 9 11 11 28
991WC211PDGiwOo840nY68YCfwVX,9,plain,none,mixed,1 1 5 8 11 11 13 13 18
991WXT9CFM8oHmW22CWsAjQLOxGI,9,plain,none,mixed,1 5 7 7 9 11 11 12 18
991W58n1W4AnoI0WIlACYWR4H5mo,9,distinct,none,distinct,1 2 4 5 7 8 10 15 29
991WIHA948Gej8nIT0c8WdUSaT0m,9,plain,none,mixed,1 3 4 4 6 12 14 15 22
991W4dHoQXMK50afZ80GWJS4qa9O,9,plain,none,mixed,1 1 2 5 7 8 14 14 29
991Wma95yGeF2Hi84Q4H8J8gHX5C,9,plain,none,mixed,1 1 6 6 8 10 13 15 21
991W41C51HjJ2k7G20e61rP8MC95,9,plain,none,mixed,1 2 3 4 9 9 9 16 28
991WKP26I6YmBZ429AWG1KvaGYUa,9,plain,none,mixed,1 3 4 5 5 11 15 16 21
991W55IORbyqr1Q3XECDEO798WWH,9,plain,none,mixed,1 2 7 9 11 12 12 12 15
991WAIf4M0SW88WG4n9YAXjuI928,9,plain,none,mixed,1 1 5 8 9 10 11 14 22
991Wg2tE4GImCFIIo2P523ewWU1G,9,plain,none,mixed,1 3 5 6 7 7 7 20 25
991WmPIIcUdrEL6A80MIaAk4I2c8,9,plain,none,mixed,1 3 5 11 11 11 12 13 14
991WP2GaIAWe428Ib8my3mme20eA,9,plain,none,mixed,2 2 4 4 11 11 14 16 17
991W83aHb1We6Kec52GdRk2nW88c,9,plain,none,mixed,1 1 4 9 9 10 11 12 24
991WH8WeALeHiAKZ2ypKa8gY8JW6,9,plain,none,mixed,1 2 4 7 9 11 15 15 17
991W64XNLKma4id800Aef79g9a0J,9,plain,none,mixed,1 2 2 3 6 11 11 18 27
991W4DqXf1eUX0O5ibIKn91Cjg50,9,plain,none,mixed,1 1 3 5 7 8 14 19 23
991W8Q30v2D297-2a15k8I8X5HA9,9,plain,none,mixed,1 3 3 7 8 8 12 17 22
991W10G5Iq0egCU092KU61Wc9HPb,9,plain,none,mixed,1 3 3 6 7 9 14 17 21
991W0uL4WOVYk308acG83GiCj318,9,plain,none,mixed,2 2 3 4 6 8 11 16 29
991W20GIrBTbUZP442WJ2LJIBLX4,9,plain,none,mixed,1 5 7 8 9 10 10 12 19
991W0ozAWK5m62GIaR7bAoA6HIHC,9,plain,none,mixed,2 4 6 6 6 9 12 13 23
991W30mR5N8ICZom4H08548XKZ1W,9,plain,none,mixed,1 1 3 6 7 13 15 16 19
991WI6G50Lmm4WM9HKHSa8wNB2fO,9,plain,none,mixed,1 2 4 4 8 9 10 17 26
991WQH5Mv--NCIeaG6IC8SjG1MO8,9,plain,none,mixed,1 3 6 7 11 12 12 14 15
991WAoWgYEAe772812ap1WDSMg8Y,9,plain,none,mixed,1 1 5 9 10 10 12 15 18
991WSN1dfSHGqJ8a328O2qX88KAK,9,plain,none,mixed,1 1 6 8 9 11 12 12 21
991Wc4KNXnH2OWaZY3Zw_HMMJXE0,9,plain,none,mixed,1 1 7 8 8 12 14 14 16
991WU8WC2XDGEHX1Ge8FYHH38miS,9,plain,none,mixed,1 1 3 6 8 9 14 14 25
991W9LAq2H5tXSSeGIRf1BY9QgM2,9,plain,none,mixed,1 4 4 6 7 9 14 15 21
991W1eI810MXSGKIgWO230jhaH0H,9,plain,none,mixed,1 2 3 3 4 11 12 15 30
991W30KI10hY96P4XegDYEXmDa61,9,plain,none,mixed,1 4 4 5 5 8 15 16 23
991W2WW8rgkAuXWW83eC6oaM9fYG,9,plain,none,mixed,1 1 2 5 10 12 15 16 19
991W47f6G49GSB2X4XA0HOX8AB2n,9,plain,none,mixed,1 2 2 4 6 8 11 22 25
991WG941IPGjNc4CYL7s_ICO6n-4,9,plain,none,mixed,3 5 6 6 7 8 10 10 26
991W89sHGj0c1WS44BY8XBnyk94p,9,plain,none,mixed,1 1 6 7 9 9 10 16 22
991W24ndfMOc4U5HmV8AHqI407H0,9,plain,none,mixed,1 2 3 3 9 12 13 13 25
991W208qb89-31O8C3WqM4V8rGS7,9,plain,none,mixed,1 2 4 4 8 13 15 16 18
991W2beEmHWek8w2dAXOKemnKd1G,9,plain,none,mixed,3 3 4 5 7 8 17 17 17
991WOCpe6Y1LJOG88Q98k8HJcgge,9,plain,none,mixed,2 4 4 7 9 9 13 15 18
991W0e6OoHjjP7W8Y3WXAN94Ij8c,9,plain,none,mixed,1 1 3 6 12 13 13 15 17
991W218UEojaJ90m30y19PPA8AY8,9,plain,none,mixed,1 2 2 6 6 7 10 21 26
991W51WuQAoQK34o1X8aJYI4714I,9,plain,none,mixed,2 3 4 6 8 8 15 17 18
991WGH2KiYOIP0e24cBapb9JBGgA,9,plain,none,mixed,1 4 6 7 8 11 13 13 18
991Wn8MIINQOeAYI0AW85MLQYlCJ,9,plain,none,mixed,1 2 7 7 9 11 11 14 19
991WeC0K9gBSX852K4MC94X4Mcje,9,plain,none,mixed,2 3 4 4 6 9 12 18 23
991W2n8gIr0ni410PMDA8lW829Wa,9,distinct,none,distinct,1 2 3 6 9 10 11 16 23
991WX6y9534n7OGH2eb9bQCbSxC4,9,plain,none,mixed,2 4 5 5 11 11 13 13 17
991WKH8WjAWaWYKg62Qcq20v1y91,9,plain,none,mixed,1 2 2 3 4 10 14 18 27
991WKs8O6GW6BI20HKK5n1HQKXwe,9,plain,none,mixed,1 1 4 6 8 9 10 19 23
991WKg9aBY9Kx2GZHC8ig2GIQG01,9,plain,none,mixed,1 3 5 8 10 11 11 11 21
991W1eUIMNXue9P3X2KG2aLnCb6W,9,plain,none,mixed,1 3 4 6 8 8 13 17 21
991W55IGn4Gbcee8GHJiu2ObJKX4,9,plain,none,mixed,1 2 4 6 9 10 10 16 23
991W0OYUqYFWY8YCm1WaF4ofo8WO,9,plain,none,mixed,1 1 1 9 11 12 13 16 17
991WKoXWKraaH2YGG46FQTaI6AW8,9,plain,none,mixed,1 1 3 4 10 13 15 15 19
991WGgGO1WHYqXDmn0A9J2bfaIef,9,plain,none,mixed,1 1 5 6 9 10 11 15 23
991WeY9GSHM51GeIHCZOA453Kn8W,9,plain,none,mixed,2 2 3 4 6 8 10 11 35
991WHK01WZYGA50hP5WR31yGaA50,9,plain,none,mixed,1 1 2 4 5 6 11 24 27
991WXKg1GWff308KGE0S4173H_mK,9,plain,none,mixed,1 2 3 3 4 6 8 26 28
991WC5ibxY8egzi14IJN4LAfsIM2,9,plain,none,mixed,2 2 9 10 10 10 11 12 15
991WClYO2Xccd5mIA891ZJ6CXJWW,9,plain,none,mixed,1 5 5 6 6 8 13 16 21
991W1d8GCD3mXuHAH56KQCJ5HG84,9,plain,none,mixed,2 4 4 4 7 9 10 16 25
991W0Wi7g4XEiNC89ZOX517bYQOX,9,plain,none,mixed,1 2 4 5 5 9 16 19 20
991WexkvJ9EH92YO1p829PXAV2mG,9,plain,none,mixed,1 6 7 7 8 9 10 13 20
991WKI4isMM9OGWI42oAzaTR8o9G,9,plain,none,mixed,2 2 3 9 11 12 13 14 15
991W4RFG9ISha4Wee2P5eQUeY5GW,9,plain,none,mixed,2 2 2 5 7 13 14 18 18
991W12WhqX840eGS4Y4HiQd8Jc10,9,plain,none,mixed,1 1 4 5 7 8 15 16 24
991WIaXq0Wrqo0Xm108fH2rqC92O,9,plain,none,mixed,1 1 2 3 9 11 13 18 23
991W4E1Ge8E8gdLmKA90z1OS7naI,9,plain,none,mixed,1 4 4 6 7 9 10 18 22
991WGqK-LAH0biJ20Xns7aWenI9Y,9,plain,none,mixed,2 2 5 5 6 6 13 13 29
991WAP9EI8g9uun24DM21iPHCuu8,9,plain,none,mixed,1 6 7 7 8 10 10 12 20
991W0XIaWq8n4P91KZCgHec9gHCe,9,plain,none,mixed,2 3 5 9 9 9 13 14 17
991W8YaqmIiaA2w9814nOaATykaW,9,plain,none,mixed,1 4 6 6 6 10 14 15 19
991WK70GQJKZB4H4821oj0mw92mW,9,plain,none,mixed,1 1 3 9 10 11 12 15 19
991W10m5EDWGSAGZ5GuOB0hYGK0X,9,plain,none,mixed,1 1 3 3 7 8 11 23 24
991WY2sY0IyGyHW4rJCrYufJYl8C,9,plain,none,mixed,1 6 7 8 9 9 10 11 20
991WEL2GYOMgn5184c2aA2kMd9WW,9,plain,none,mixed,2 3 3 6 7 11 15 16 18
991W8H4liEW9mW8m90eKxLqjJIWC,9,plain,none,mixed,1 1 3 9 11 12 13 15 16
991WHI8Z20YmI0qI3WA4A2qYeQ52,9,plain,none,mixed,1 2 3 4 4 12 13 20 22
991Wf2GeKXeX4Yuk082m7YfmCWm8,9,plain,none,mixed,2 2 4 4 7 10 12 14 26
991W4WqGyAIY10ia62GK8T6JJi52,9,plain,none,mixed,1 3 3 5 5 6 15 20 23
991WI1XCf30cv0KCCYJ2u3XP6XOL,9,plain,none,mixed,1 1 5 5 7 8 14 17 23
991WWK5OXicP44145B1AIYHmOL65,9,distinct,none,distinct,1 2 3 6 9 11 12 14 23
991WG128L3GI8ao4IshRrM4YAY0W,9,plain,none,mixed,1 6 6 6 8 8 14 16 16
991WH0CsA8WPJY91sC1757XAh8j6,9,plain,none,mixed,1 2 3 4 6 14 15 15 21
991W72Gh5cgon8W4WuYM9hfJP210,9,plain,none,mixed,1 1 4 7 10 10 14 17 17
991WG81w8YXv2WmG9EGeH2bJKaHC,9,plain,none,mixed,1 1 5 8 10 10 13 16 17
991WeK914T8eK2uY39Ig9WmB2D8Y,9,plain,none,mixed,1 2 4 4 6 8 14 19 23
991WCAaq9a8J6RCWGOAQIU4dLs6e,9,plain,none,mixed,3 4 5 5 9 9 10 16 20
991W2WM41chJ4oOmQ0GG2WkJuKA8,9,plain,none,mixed,1 2 4 4 9 10 10 14 27
991W81UPc7452WO2G51Oo9ZEGuGm,9,plain,none,mixed,1 1 4 7 7 8 9 16 28
991W824IGYYea59Y10ewPoGmC4B2,9,plain,none,mixed,1 3 4 5 5 9 14 16 24
991WKbGSAbWu9-4KGKAPfH1KimK1,9,plain,none,mixed,2 3 3 4 5 11 13 19 21
991WA44D4WO3XID0HaB3GdAIxiaX,9,plain,none,mixed,1 4 5 5 6 9 11 13 27
991W1NmC2LdrGK52L5Y8H90e92M8,9,distinct,none,distinct,1 3 5 7 8 10 11 15 21
991W3H8H2GnU6IaY51GO6hIH5TaC,9,plain,none,mixed,1 4 7 8 9 10 12 12 18
991W3ZZegbOwMf8185CjaKbRms5W,9,plain,none,mixed,1 5 7 7 11 11 11 11 17
991W8OD0A7mW2EWGYKiohRM8a51G,9,distinct,none,distinct,1 2 3 5 6 8 12 21 23
991WAB1II8XefCr6XLW7IQa60cDW,9,plain,none,mixed,2 2 3 3 5 8 13 15 30
991W4S2qADRA56G8a2Jtn3elK4J4,9,plain,none,mixed,1 1 7 7 10 13 13 13 16
991Wq1e1iZGaWeA6C8G4A52GbMH4,9,plain,none,mixed,1 1 1 2 6 8 9 22 31
991W92qQ2Y6Ahfr5B2Ka-faCI1h0,9,plain,none,mixed,1 1 4 7 10 11 13 16 18
991W10W6bIfQj454BXWM6YJmLpS4,9,plain,none,mixed,1 3 5 7 7 8 14 16 20
991WHeSMTLJFK8HG3CTWK1yJ1AXK,9,plain,none,mixed,1 3 4 5 10 13 13 15 17
991Wf71cCWMQCVW82eKcCUhaN10E,9,plain,none,mixed,1 1 4 5 7 8 13 17 25
991W98c9OaeP70yHA8Yec9CehRuO,9,plain,none,mixed,2 5 6 7 7 9 10 17 18
991W21Ea8GeYN3moP0G6M9o5vNY8,9,plain,none,mixed,1 2 5 5 7 8 10 21 22
991W2X5X2WuG2D5aOM8WOQu86QaA,9,distinct,none,distinct,1 2 3 4 8 10 14 16 23
991W424KdA4X8S588GeAq30HKL74,9,plain,none,mixed,1 1 3 6 8 9 13 16 24
991W80a0k8f44BX4QMDktUuL60Z8,9,plain,none,mixed,1 2 2 6 7 8 15 15 25
991W11eeg2XBKoIW9HGQGuL1maXA,9,distinct,none,distinct,1 2 5 6 7 11 12 17 20
991W3bY52PAijEW4CKA1Y5vZh3H4,9,plain,none,mixed,1 4 7 9 9 9 10 12 20
991WX0KuDrY5WmjmeYWnG2bQff5e,9,plain,none,mixed,1 1 4 7 10 10 10 15 23
991W39Gav2PHG461eL5iH8W860W6,9,plain,none,mixed,1 1 2 5 8 11 14 15 24
991W69X8TDaI1mC2c4WG85Gy2WWL,9,plain,none,mixed,1 2 2 5 6 7 13 18 27
991WYgJan0nu40ia61X4gQSxWW42,9,plain,none,mixed,1 3 4 6 8 8 12 15 24
991W8Z6_ZeqJRxU8J0S1f2j4IP0n,9,plain,none,mixed,2 3 4 4 4 12 14 15 23
991W0GmbLE3nwOS82H0YV4I3ih5O,9,distinct,none,distinct,1 3 4 5 6 8 15 19 20
991WaF1Gaoia8OCA0VEJKH4832O9,9,distinct,none,distinct,1 3 4 5 6 7 15 18 22
991WGRzey4zHe40WebI7LBXGY514,9,plain,none,mixed,2 4 4 6 7 9 11 13 25
991WCYl4f2H7c4W4GHTy1895J8H8,9,plain,none,mixed,1 3 5 9 10 11 12 12 18
991W2K09abHuIas191N4oFGP4YR4,9,plain,none,mixed,1 3 4 5 5 13 16 16 18
991W1AYc8YL8I4lAaJ0uW838S189,9,plain,none,mixed,1 1 3 5 10 10 12 15 24
991Wbg8Y4Z4kg6H81a91i0W7Y1m4,9,plain,none,mixed,1 1 4 5 11 11 12 18 18
991WH0OA3MhI0YmOY8mG2mv5jWGq,9,plain,none,mixed,1 1 2 3 9 9 13 19 24
991W20SE4Yv8ZOa13Gm8433JBON0,9,plain,none,mixed,1 2 2 5 5 6 16 21 23
991WAdkY6eA6H4eWC4I1eL4YAeL5,9,plain,none,mixed,3 3 6 6 8 9 9 10 27
991W8a4G9PMEYfQIK420C7foPUW8,9,plain,none,mixed,3 5 5 5 5 6 8 10 34
991W8EXKB1miA4P0I8XgU4YYnSR6,9,plain,none,mixed,2 5 8 8 9 10 10 12 17
991WCj8E5nHoal1GGOHAnIH4J18Y,9,plain,none,mixed,1 3 6 7 8 8 10 13 25
991W4WiAHcQGS8mC8ou279AmYaA2,9,plain,none,mixed,1 3 3 6 6 7 10 22 23
991WWIgCNMqqWe008UJC62o4t9eY,9,plain,none,mixed,2 3 5 7 7 8 9 16 24
991W2nC4e7T8Jq1G8Z8ZA_9y2bGA,9,plain,none,mixed,2 2 4 7 7 11 14 15 19
991WCH53RGabcK62I4ySf69iT1K8,9,plain,none,mixed,1 5 5 6 7 11 13 15 18
991W2uHZ2Y8Derb01SEX__n7py4e,9,plain,none,mixed,1 2 3 5 8 11 11 15 25
991W32eX2YIa9Yhf10a8yF12qcK4,9,plain,none,mixed,1 2 3 5 5 10 15 20 20
991W8a8ZFDoGHgsW2XJA6YOD9691,9,distinct,none,distinct,1 2 4 7 9 11 14 16 17
991W2HSCC1HCLaU48I4eEFuoX442,9,plain,none,mixed,1 1 5 6 7 13 14 14 20
991W0W91D3X0O2Z8GaCj8YemCF2G,9,plain,none,mixed,1 2 3 5 5 6 12 20 27
991WO2mW3aSag5a99IUySd64O4XI,9,distinct,none,distinct,1 2 3 8 9 10 11 16 21
991W10eQfAGM55W8Qc9XIIA2gWuE,9,plain,none,mixed,2 2 4 8 8 12 13 14 18
991WY4IjdYZub08bGjfMAnd54Y50,9,plain,none,mixed,3 3 5 7 8 10 11 15 19
991WE292gAtJYuWZ425jXGsug0CG,9,plain,none,mixed,1 1 1 7 9 13 16 16 17
991W60W8T4AZIpQ86HGg5QSY4HWI,9,plain,none,mixed,1 1 4 8 10 10 15 15 17
991W2QLob8A5Tc9WIFIGD4B2F54T,9,plain,none,mixed,1 4 6 7 7 8 10 12 26
991WX4H4I60qEmO4IieI618c2WqB,9,plain,none,mixed,3 3 4 6 6 7 14 16 22
991WH8oIeQ11gM8YaG-CeC16HYGQ,9,plain,none,mixed,2 3 5 6 6 7 9 13 30
991W1a1mEjmm2Gm8c8WuH0mfiY8a,9,plain,none,mixed,1 1 3 5 8 8 14 18 23
991W8GmD5lAO840SL4XJpVGPoE10,9,distinct,none,distinct,1 2 4 7 8 9 11 13 26
991W58Ge430la8X6X4L4EAx910a5,9,plain,none,mixed,1 2 2 4 11 12 13 14 22
991WH2umO23Yb2GE4Xoa9q60HOY8,9,plain,none,mixed,1 1 4 7 7 10 10 11 30
991W6YbqDH_fYqI8G4iac50NRF84,9,plain,none,mixed,3 5 6 8 9 9 10 15 16
991WHZ6YaIHKA2Z81LJTP9YS0E2G,9,distinct,none,distinct,1 2 4 5 7 9 10 12 31
991Wf5IKI2P71n8H1EGSX6Ps40aA,9,plain,none,mixed,2 2 5 5 10 11 14 15 17
991W8I0856emf4We5XGFK7ms40Y8,9,plain,none,mixed,1 1 2 5 7 11 16 18 20
991Ww1GvOHvnGaD4490er2ZGILuH,9,plain,none,mixed,1 4 5 6 9 11 11 14 20
991W8KSuM7tEZeX820NuI112a5g2,9,plain,none,mixed,1 1 4 5 12 12 13 15 18
991W23CmO94X8Q6bZfIaEC10GO5G,9,plain,none,mixed,2 2 5 7 7 7 8 9 34
991WGQIG410GDX88g0Y8JaL4WeM5,9,plain,none,mixed,1 1 2 4 9 9 15 16 24
991WF4H496AbQaD561oa0e846Gu8,9,plain,none,mixed,1 2 3 5 7 13 14 14 22
991W2GmKcrPYSAYO8X882KwyH63G,9,plain,none,mixed,1 2 6 6 7 7 15 18 19
991WOGsQ6IOpwYWaHIEbC4oRGdW4,9,plain,none,mixed,1 3 5 8 10 12 12 13 17
991W50iD7c8MACw84X4A5AWTsYM5,9,plain,none,mixed,2 5 6 7 8 8 11 15 19
991W2H9eaS5QwYmSH6eKTOpWuYYG,9,plain,none,mixed,1 1 5 7 9 10 11 14 23
991WXIPPvKdC450eAfRH84Lq2CWO,9,plain,none,mixed,1 4 5 5 7 11 12 17 19
991WADOsD0Kwl5G8Hu52c9EP98YG,9,plain,none,mixed,1 2 6 6 8 9 13 14 22
991W1aSuB51WJeA3qD8KJ3HI966W,9,plain,none,mixed,1 2 3 6 8 8 16 17 20
991Wn0fjIfIIaNr40f928J62-4mf,9,plain,none,mixed,1 4 4 6 6 7 14 19 20
991WKYKmWGA8C59X62Ic9SJ8Y9DY,9,plain,none,mixed,3 3 3 4 6 8 9 20 25
991Wg50g7Sj5YWa8IjI8Q9XaN287,9,plain,none,mixed,1 2 3 4 9 9 15 17 21
991W9JX89oJ23XQ26HHyH8SXl90W,9,plain,none,mixed,1 1 2 4 11 12 14 18 18
991WZEdSAeaDWI9X2ZQNP0GK-CkG,9,plain,none,mixed,1 3 5 6 7 10 10 18 21
991W9CmP4WboGtv0G81Dohs6HNeK,9,plain,none,mixed,1 3 4 8 9 9 12 13 22
991W9Y9imB0uMKU4225KC2f2ec5a,9,distinct,none,distinct,1 2 4 6 10 11 12 13 22
991W22SO5mqNH1n8WeA7Hnhnk4IW,9,distinct,none,distinct,1 4 5 6 8 10 11 14 22
991WGFYNag6WO4WeGOL5aaB0eD2e,9,plain,none,mixed,3 3 4 6 6 8 9 12 30
991W10uberg28aW88HqFML7AAj2W,9,plain,none,mixed,1 3 5 7 9 9 14 15 18
991WD2KY2GOb8K5810G7gIaOH7oX,9,plain,none,mixed,1 3 3 5 6 7 15 18 23
991WC6qcAz24L1GaKawK1PfgWD0m,9,plain,none,mixed,1 4 5 5 8 9 10 17 22
991W2GeCPYOaHup2828t0mCYIwGY,9,plain,none,mixed,1 5 6 6 6 8 9 12 28
991W8F08f6cvAcQILBbYYKGw2GmG,9,distinct,none,distinct,3 4 5 6 8 9 11 14 21
991W4jc4IKKP928K2Qb1HOXyS_0C,9,distinct,none,distinct,1 3 4 6 8 10 12 13 24
991WGYWGa0r8lAG27IcbP5AKYmeI,9,plain,none,mixed,2 5 6 7 9 10 12 12 18
991W950JkR4CE2Y8IM6XZ9gaA4X0,9,distinct,none,distinct,1 3 5 7 9 10 12 16 18
991WaB0eY8G6smC2IYGYecGI7X4K,9,distinct,none,distinct,1 2 3 4 7 10 16 18 20
991WA2aG7EGI51oi2149KLee30Z8,9,distinct,none,distinct,1 2 3 4 7 11 16 18 19
991W8IB4QnmK2WWAS11W41mpLw0G,9,plain,none,mixed,1 1 2 5 9 9 15 15 24
991W2c5X49vXeLv8Y9uuieaI2P8y,9,plain,none,mixed,1 4 7 7 8 8 9 18 19
991W53Sf92inCX280WC3hMaOQBP2,9,distinct,none,distinct,1 3 4 5 6 10 13 17 22
991W1kB12XKg94m58O7YhhQ95Mam,9,plain,none,mixed,1 2 5 8 9 10 10 17 19
991WC2H44JBSmfGP9IXAaYGfZv6W,9,plain,none,mixed,1 2 3 8 9 12 12 14 20
991W2X6HgfY4k40cI493T8eyCR0G,9,distinct,none,distinct,1 2 3 6 7 9 13 16 24
991W1CBIL6HKA0aai90aFqD6ynCG,9,distinct,none,distinct,2 4 5 6 10 12 13 14 15
991W0ac2kBLYOMA2XEqX22Zuy1x4,9,plain,none,mixed,1 3 5 5 7 7 14 18 21
991W4X4cfz8x4oIa8GWOHXWKHjWY,9,plain,none,mixed,1 5 6 7 8 10 14 14 16
991W40a6NeHGg5I4CYyP7wnQG13G,9,distinct,none,distinct,1 3 4 6 8 9 12 18 20
991W20mA67dmb3TnA2Op92GiwOgG,9,plain,none,mixed,1 7 7 7 9 9 12 14 15
991WH1J7yn4A8230G17Hv9oKD4WO,9,plain,none,mixed,1 1 4 8 8 9 10 19 21
991W4bv9JIX0o5181WISZ4-GO60G,9,plain,none,mixed,1 5 5 5 6 8 10 15 26
991WC0Wy10F2NQinfA-XGgL44WqG,9,plain,none,mixed,1 3 4 6 6 7 10 16 28
991WGOs8L8mcvdMq2hqe8X2eI491,9,plain,none,mixed,2 2 4 7 7 8 16 16 19
991W50eKqbPEX0I48nGeAD0Sy0G4,9,plain,none,mixed,1 1 4 6 9 11 14 14 21
991W4IC4aYGV7XYK8H0Gs6XfSiW4,9,plain,none,mixed,1 1 5 6 8 12 13 16 19
991WD8Wyf4GH7ZuYa61uoY7530m4,9,distinct,none,distinct,1 2 5 6 7 10 15 17 18
991W8j4KKKuY4118G81fvHKSTFX8,9,plain,none,mixed,1 3 3 6 6 10 14 16 22
991W32OqGaD3nAP11GGZmQ4XvWKG,9,distinct,none,distinct,1 2 5 6 7 8 12 17 23
991W2WWWt1iKQ4Wm93GdO4Ki48YO,9,plain,none,mixed,1 1 1 2 7 13 17 19 20
991W4Zo1fNaX81086MbnayaGu60a,9,distinct,none,distinct,1 3 4 5 6 9 11 16 26
991W8c8IU2yk8CZWa99W1rTqQ1m4,9,plain,none,mixed,1 2 2 4 4 14 16 17 21
991WU4WGKXCIi50eO6OLaaa822mq,9,plain,none,mixed,1 3 3 4 6 11 17 17 19
991W4W8BJD0420D42HaW8BZkqp9H,9,distinct,none,distinct,1 2 3 4 5 6 14 19 27
991WX0G40Kf4p_WGaHG92WaKFZGY,9,plain,none,mixed,1 1 6 7 7 9 11 11 28
991W978AvUKaF0WGO4YWLjMoA8YW,9,plain,none,mixed,1 4 5 7 8 8 11 17 20
991WXGN594YWIKzKi5mmB2qo0W4a,9,plain,none,mixed,1 3 3 4 6 9 16 16 23
991Wo4Wn91bH3u0WY0j7LYvoT78K,9,distinct,none,distinct,1 2 5 9 10 11 12 15 16
991WY2AZKtk411mJ5FZGQ5B9o0b0,9,plain,none,mixed,1 3 5 7 8 9 9 17 22
991W20O6s1WDje544ZKa8WoeWoSi,9,plain,none,mixed,1 1 3 6 8 13 13 16 20
991WHqOU4kaf9AGM4WbHLKGm5GIG,9,plain,none,mixed,1 1 5 9 10 10 11 13 21
991W50gK4XFaw10IQ0882ieCw0aP,9,plain,none,mixed,1 1 2 5 11 12 12 15 22
991W472afo4GW-G2n95IYStDdww4,9,plain,none,mixed,1 5 5 6 6 10 13 16 19
991Wa8ba1cYuHKKKW4mnHSbLL6IX,9,plain,none,mixed,1 2 5 7 8 8 12 12 26
991W28nKWZ2dI4aWZ7XTGJd-6YOf,9,plain,none,mixed,1 1 7 7 8 9 9 11 28
991WgSP4GF0TH0WA3bQ840IAQAab,9,plain,none,mixed,2 2 3 4 6 7 11 21 25
991W1OhSqOgH9IWCm1H4GNs6ORaB,9,plain,none,mixed,1 1 2 3 9 12 15 16 22
991W0WK9Sg2WCaw8114o5Y92mNIK,9,plain,none,mixed,1 1 4 4 7 9 10 22 23
991WO4aqAqi8VxuW30zHnE4iIMJA,9,plain,none,mixed,1 4 6 9 9 11 12 13 16
991WO54i62GOJiAK1WH5_K0wLL3G,9,plain,none,mixed,1 2 3 6 7 11 15 18 18
991W534aw2C71mI44I0GcDZeI5AG,9,plain,none,mixed,1 2 3 6 7 11 12 12 27
991W4I6O7RaX0eL0TWqDqGbXKbOX,9,distinct,none,distinct,1 3 4 6 8 9 12 16 22
991W7XdaYSMtX4Gq0b8fHGXuY8HW,9,plain,none,mixed,1 1 3 5 13 13 14 15 16
991W2GYGAKE0A5b2P2ms8c4K50sc,9,plain,none,mixed,1 1 3 6 7 13 14 16 20
991W8FDpcIYG8AYaOfmybYenC920,9,plain,none,mixed,2 5 5 6 6 8 12 12 25
991WD15mSBWL8aWaqCYRH0mNcfvI,9,plain,none,mixed,3 4 6 7 7 9 12 16 17
991WH8IaX6n74WOE8D1SD38h10W4,9,plain,none,mixed,1 1 4 7 8 11 12 17 20
991WISd8H2GOb14I9e0G20Wi2WjA,9,plain,none,mixed,1 2 3 4 7 10 16 16 22
991W0WxmBEea3GW9L2nqA4YaUY8b,9,plain,none,mixed,1 1 5 5 9 10 14 15 21
991W0pAYKH8H221GSH4WeqvCJ3o4,9,plain,none,mixed,1 1 2 4 9 12 15 17 20
991WH3n24XWPAYmm823WP8LJ4aPA,9,distinct,none,distinct,1 3 5 6 7 8 13 17 21
991WwAMY7HiGX4HO90A18GobK6Y8,9,plain,none,mixed,1 2 3 5 5 6 14 18 27
991W33n7aGvkHT8W6Yj8XNQYK3T1,9,plain,none,mixed,1 1 4 7 9 12 13 16 18
991WO5Z8Y0WGAH8KL2H4meuW8I8c,9,plain,none,mixed,1 2 3 5 5 11 14 19 21
991WHKI4VBmfWu8H2dqD8GWapCb2,9,plain,none,mixed,2 4 4 5 8 9 11 18 20
991W0v5IegJoD2oWeKGeA8A1dk8Y,9,plain,none,mixed,1 1 4 8 10 12 12 13 20
991W2W9zKXjZerqH4XHBAKgnqd01,9,plain,none,mixed,1 2 7 9 10 10 11 13 18
991W0162ECuiidYnL2iu4EJdzud8,9,plain,none,mixed,1 4 5 8 9 9 11 14 20
991WKB0O68tVR8861TBONa8G1mWK,9,plain,none,mixed,1 2 2 3 8 13 13 18 21
991W70qN-dKQv8204IGA9CWyHZg2,9,plain,none,mixed,1 1 6 7 7 10 12 16 21
991WKd8Yn8sD0rHaObQaHGOI908I,9,plain,none,mixed,3 3 4 4 5 5 14 21 22
991WC820GMTOqY849AAGYmK94Gus,9,plain,none,mixed,1 1 2 5 5 7 13 15 32
991W2Q5f9CU1HeI4aauma91mJ5OY,9,plain,none,mixed,2 3 4 7 7 8 11 13 26
991WB0G9C2Q2db9XA28WcQvA50La,9,plain,none,mixed,1 1 2 5 6 9 16 20 21
991W2XG8SBOfGeGB4Hei4EXDbWq8,9,plain,none,mixed,1 3 4 4 7 9 17 18 18
991WK30K4YJ8Z9UK20I8K28kSa52,9,plain,none,mixed,1 3 4 4 5 12 16 17 19
991W8YDso1WJg3AK91DZ1d1EBuH8,9,distinct,none,distinct,1 3 4 5 9 10 11 14 24
991W6ggo4cHX2WP2X2GnjKK770q9,9,plain,none,mixed,2 4 5 8 8 10 11 15 18
991WWHOY8P4yE9IG29AIs4HEYIcH,9,plain,none,mixed,1 1 8 8 11 11 12 14 15
991W3GRI8P1If2m297esCqV41QWO,9,plain,none,mixed,1 1 2 6 8 10 14 19 20
991W1gOo3GCfBf48GuA2AcbQF28D,9,plain,none,mixed,1 1 6 8 8 10 11 13 23
991WG1C518PIc4H24Wo6XavEHP1m,9,plain,none,mixed,1 1 4 7 9 10 11 13 25
991W3CMe8Y5dP2ae8eB8mC1YQ5IB,9,plain,none,mixed,1 5 5 7 8 8 12 13 22
991WGiAY2Y6u20G9Q8H4E3GF31mD,9,plain,none,mixed,1 1 3 4 9 10 13 18 22
991WA2pOP0t0e4aHAaWNSnDeY8YI,9,plain,none,mixed,2 2 3 5 9 9 10 12 29
991WGc5HNDf4iD2e3127H0qa692m,9,plain,none,mixed,2 2 3 5 8 9 14 19 19
991WeBzaI2GCCo4YX4GqIenqX4U0,9,plain,none,mixed,1 1 5 9 9 11 12 14 19
991W0u8CYf08E29XeafBJ5eYOf4G,9,plain,none,mixed,1 1 5 8 10 11 13 14 18
991W8WWB18P5A30O60W4XOVan3nG,9,plain,none,mixed,1 1 3 4 7 9 12 16 28
991WWK8U0ZY5saGLY8fDLIfSDuK8,9,plain,none,mixed,1 2 7 8 8 10 13 14 18
991WKOOm8uv64H041DpShCtLHAGI,9,plain,none,mixed,2 5 5 6 6 12 12 14 19
991WIomi82xHKZ6H1GY2EJ0ea0w4,9,plain,none,mixed,1 1 4 4 7 9 17 18 20
991W50X2brCme63WH7C81A3WK6X8,9,plain,none,mixed,1 2 2 4 4 7 12 21 28
991WeQ92P292s28G0aPS9o0cDeM5,9,plain,none,mixed,1 1 4 6 9 11 12 15 22
991W2Ze4x2nXG42WOL1fX4Hi75nK,9,plain,none,mixed,1 2 4 4 9 10 13 17 21
991Wf9i933c_f48II493qGNXMvGe,9,plain,none,mixed,2 3 5 7 8 8 9 16 23
991W41e-HA7gagD440KuHoMDt3iX,9,plain,none,mixed,1 2 6 10 10 10 11 15 16
991WX11G82HKH4Y1m44iD9oV4H4H,9,plain,none,mixed,1 1 2 5 11 13 14 15 19
991WWIXyx1NWRXWWD9Z2Eq6KoinK,9,plain,none,mixed,1 7 7 8 9 10 10 13 16
991WOwAOo9ibMOW4GQeULYn5I902,9,plain,none,mixed,1 2 3 9 9 10 11 13 23
991W2X4H4d40yD0eZOoJZ94G4B0e,9,plain,none,mixed,2 3 4 5 5 5 13 15 29
991Wa9wHJ103890e7ZqjAd6GOAp0,9,plain,none,mixed,1 4 5 7 7 8 8 9 32
991WfGK40lEMGNXW19I94WK6Qbu2,9,plain,none,mixed,1 1 2 4 6 11 11 14 31
991WCJ0a8aQWCD0W1WaR5L1GA32m,9,distinct,none,distinct,1 2 3 4 6 10 12 15 28
991WACX8ZHeS3H0Gq32G40OQB3GY,9,plain,none,mixed,1 2 4 7 7 12 13 14 21
991W40ZH9626NZ58G2nNVDqRAIjA,9,plain,none,mixed,4 5 6 7 7 10 10 16 16
991WAToCF1mwHWuKCB1swXU42G20,9,plain,none,mixed,1 2 3 7 8 8 9 19 24
991WH919k1Wi61B18T1nJV262Wbe,9,plain,none,mixed,1 1 1 7 7 10 13 20 21
991W0mC5fZ945iI8428lBp4nR88Y,9,distinct,none,distinct,1 3 4 5 8 12 13 14 21
991W82zUE1mQG42WGK1bL4IKB8X8,9,plain,none,mixed,1 3 3 4 6 11 12 19 22
991WB4z95LQa4Z02DZg23I4XJP9I,9,plain,none,mixed,2 3 5 7 7 9 10 17 21
991WGpegXJKLGq5W432rN80W92A1,9,plain,none,mixed,1 1 1 7 9 10 10 13 29
991W70j9D_WS5YaKI50e2wGRe5Q5,9,plain,none,mixed,1 3 4 7 7 11 14 16 18
991WC33GG4OxBoGKO41e9GWA50e8,9,plain,none,mixed,1 2 4 4 6 8 9 18 29
991WY4MTPb5mu2511k99T42W432A,9,plain,none,mixed,1 2 5 7 7 9 9 11 30
991WI0W6A4A0vIP4YeeL821mD4zB,9,plain,none,mixed,2 2 2 6 6 8 9 19 27
991W20iGmdWc6j8X62imDKgKc6EY,9,plain,none,mixed,1 3 3 5 11 14 14 15 15
991WI48I4aM619WW1mfIKq72r8YO,9,plain,none,mixed,1 1 4 6 8 9 15 15 22
991WCeMsMY4K929G8Q6nJ96XAzWO,9,distinct,none,distinct,1 2 5 6 7 11 13 15 21
991W47LAafWN9u0O62EZPN58WjWM,9,plain,none,mixed,1 1 1 4 10 12 14 18 20
991W8aMLXUb0d_n2H0dMJIaqXO8i,9,plain,none,mixed,2 4 4 7 8 10 10 16 20
991WeA62WYGi62eS810GHqHEKq30,9,plain,none,mixed,1 1 3 3 4 11 18 19 21
991W51WF4pBPD1We2WOA5sZ694mG,9,plain,none,mixed,1 3 6 7 7 10 10 16 21
991W7Oa9KRVM8LrIK8I-e2Q54WSC,9,plain,none,mixed,1 4 5 5 6 9 15 17 19
991W0uGqKH10fMz2X49zMY8XfAOH,9,plain,none,mixed,1 3 3 5 8 10 14 15 22
991WeC10PMq5320GI0YeCp8k10Ga,9,plain,none,mixed,1 2 2 3 4 9 14 20 26
991WEJKf4Y8eL0Y80m84V2hE2210,9,plain,none,mixed,1 2 2 4 5 11 15 20 21
991WIC3N9-H210e6Z3H8S12JpPB2,9,plain,none,mixed,1 3 4 4 4 9 14 17 25
991W5YGamQKXaLTY328nZ0a9Ch6G,9,distinct,none,distinct,1 2 5 6 8 12 14 16 17
991WC2uA4c4cPDmX2WaKqsA1I9o5,9,plain,none,mixed,1 1 7 7 8 9 13 17 18
991WI7XeRwX4eJiZ31AEW4Ce52OG,9,plain,none,mixed,1 2 4 7 9 9 12 14 23
991W4GGHfdHiu4X88XGGCih5CI71,9,plain,none,mixed,1 1 4 5 6 9 16 17 22
991W90a1Z2b8s2Y09XCTbv5e-FWG,9,plain,none,mixed,1 4 6 6 7 8 8 20 21
991WbPIKAL1A8K0EA0WN9HqeAIII,9,plain,none,mixed,1 1 3 9 11 12 13 14 17
991WPA6WK0akJ5DXGA0LE1i1ZufG,9,plain,none,mixed,1 1 3 4 7 8 13 17 27
991W2GqKauI1mmuK8XOG4462EHnY,9,plain,none,mixed,1 2 3 4 6 6 9 17 33
991W5WaXKRcs6YKH110mPz4FY8u4,9,plain,none,mixed,1 4 4 7 8 9 15 16 17
991WeA2S5d3Cq55WA8AGIIn852Gd,9,distinct,none,distinct,1 2 3 6 9 13 14 16 17
991WcCX4hEZdO24G1cAmYGXu10W7,9,plain,none,mixed,1 1 4 6 7 10 12 20 20
991WD0E2A0eJ1CYOGY8XaHm-k4I8,9,plain,none,mixed,1 2 2 4 4 10 15 20 23
991WaWeM5CMOA1uKa0GS7j0PQWaH,9,plain,none,mixed,1 1 4 9 10 11 12 13 20
991WXMnoGY9MxkWm0eKyaFquSX2G,9,plain,none,mixed,1 2 6 8 9 11 13 13 18
991WAKH2o0uIf3qGD1A21GgfTGM6,9,plain,none,mixed,1 1 5 7 8 8 9 17 25
991W6J8qZavC1EY833uXWk96IA0W,9,distinct,none,distinct,1 2 5 6 7 8 13 18 21
991WWZV9BGOPbf2m9C2WKPhc2jmG,9,plain,none,mixed,1 1 3 3 5 12 14 15 27
991WGu8kXX8f4XmW4F1mFJzH0XoG,9,plain,none,mixed,1 1 2 6 7 7 14 18 25
991WO411ZIePA19823YP7nGZ4nXK,9,plain,none,mixed,1 2 3 3 8 10 13 16 25
991W2G-IqIbFG10XI1WgErX4Y6G5,9,plain,none,mixed,1 2 5 7 7 11 13 14 21
991WDCeeE5242Gian0ZG8PbEmm45,9,distinct,none,distinct,1 2 3 4 5 7 13 21 25
991W85AHMqEIL65WO2pWOfYehaOj,9,plain,none,mixed,1 2 4 8 11 11 12 16 16
991Wg14c9bOonGGKX08Sq1sTmiO4,9,plain,none,mixed,1 2 2 7 8 12 13 18 18
991WJhTNo5zuY5184EPObACe42YG,9,plain,none,mixed,3 4 5 5 6 10 11 18 19
991W8v3hmcBS90W2Y1HKgcOF2T0m,9,plain,none,mixed,1 1 3 6 6 10 14 16 24
991W49fUCZ4m71Oea50m1S8bGf69,9,plain,none,mixed,1 5 5 6 7 8 12 17 20
991WJ4g5IR4Q3YG17MKL3XfaWqaX,9,plain,none,mixed,1 1 6 9 9 12 13 15 15
991WAb24AisrYeLv176u1SXdE8wG,9,distinct,none,distinct,1 2 4 6 9 11 14 15 19
991W2G9di4JO6CD02Jv863AwmgD1,9,plain,none,mixed,1 1 3 3 4 9 19 20 21
991WH2Sc556IH1EWKLp6fuI4Dfb2,9,distinct,none,distinct,1 4 5 6 11 12 13 14 15
991WH6XF4mogKk7e2WHagfofKKiO,9,plain,none,mixed,2 5 5 6 9 10 10 17 17
991WGSV88YEY2XXXYIK4AIfjhKiI,9,distinct,none,distinct,2 4 5 6 7 8 10 15 24
991W9YKH9MPEiOm810CVQIyXHjA4,9,plain,none,mixed,1 2 3 7 8 8 14 19 19
991Wu8gaSqeK2Z4a2YgIGd-nt38X,9,plain,none,mixed,1 1 4 6 7 9 13 18 22
991WGAUO20ZKL6OaAOM8IY9AWq30,9,plain,none,mixed,1 1 4 5 6 8 12 20 24
991W47EfSI4866WK6NcAKsH9I8WO,9,plain,none,mixed,1 3 5 5 7 10 11 15 24
991W0i4Bbt3eg5XIMAPnPqmX4S1G,9,plain,none,mixed,2 2 3 6 6 6 9 17 30
991WA2HaMHcMSk856XL4eu6f10aX,9,distinct,none,distinct,1 2 4 8 9 10 11 17 19
991WCM42GaMJQsWCgAH938o9cC8O,9,plain,none,mixed,1 1 4 4 9 10 14 14 24
991W4YQ7OfnP2GY22NXab8YHALWo,9,plain,none,mixed,1 3 5 5 6 11 13 18 19
991W5HaH8M5UiGWC2WmKAaIA1m-1,9,plain,none,mixed,1 3 3 3 4 12 17 17 21
991W9JYaA1GRe2189493bKNu20I8,9,distinct,none,distinct,1 3 4 6 7 9 15 17 19
991W5AG64Mf2HLCas1WHo7jZHZq8,9,distinct,none,distinct,1 2 3 5 9 10 11 18 22
991W0WAhf1QGT2mnMaP4C2T4QN4G,9,plain,none,mixed,1 2 3 7 7 9 15 16 21
991W9KS4U7fJa9m4IKoW22aoa4m4,9,plain,none,mixed,1 2 3 4 5 13 17 17 19
991W8aWeE0WJ4XIG8I3WC1c9YWm4,9,plain,none,mixed,1 1 1 8 8 10 10 19 23
991W5Xia0cpQWeEm20KHQ2NnUKA1,9,plain,none,mixed,2 3 3 4 6 6 14 19 24
991W92CC2Yo2GR4n20y9Kb18-2JW,9,plain,none,mixed,1 2 4 7 7 7 10 19 24
991W61AfIR5Ao0K6B59u25YAY4qM,9,plain,none,mixed,3 3 5 5 8 9 14 15 19
991WD2WW8CA3l_a94GeHHC640X8O,9,plain,none,mixed,2 3 4 4 4 7 8 13 36
991WKqgCH50nyWWm8cGA1PCoGeG8,9,plain,none,mixed,1 1 5 6 9 10 12 16 21
991W4I2GS2ISYeQ4O2WOw1GQ30c9,9,plain,none,mixed,1 1 5 7 7 9 11 17 23
991W0uaYJCgOKgGiG9Uv-_4CFj0G,9,distinct,none,distinct,1 2 3 7 8 11 14 17 18
991WY3WZ6YHgAOw6X0OAk5WdF4OW,9,plain,none,mixed,1 1 5 6 7 13 13 15 20
991W30X874T4K90GKr8Y8XIa41W8,9,plain,none,mixed,1 1 1 6 7 14 15 17 19
991Wb8co4naV4y120M9Y8j0KcECX,9,plain,none,mixed,2 2 3 6 7 8 11 20 22
991Wm6rn8J6JE088WWwkC4Q7HqY4,9,plain,none,mixed,1 1 2 5 11 12 15 17 17
991WGegcaL4vAIYG8jDB83tma302,9,plain,none,mixed,1 4 4 7 9 10 12 15 19
991WG28jN0nYZ4zHIK_m72rGBUg8,9,plain,none,mixed,2 2 5 5 8 9 12 17 21
991W46GOoIn-Ncq2wDWnveZ16H8Z,9,plain,none,mixed,1 2 6 8 8 10 10 17 19
991WaXWG841WOKeEYGaO8cAWeI8a,9,plain,none,mixed,1 1 4 5 6 10 11 16 27
991W1omaWaueqD2Y93GjX8LHAQ0W,9,plain,none,mixed,1 3 4 6 8 8 13 17 21
991W2QbwJAMDfB0GIT71F5uAC504,9,plain,none,mixed,2 3 5 9 9 9 12 15 17
991WG4ocf498IIeiC41IG42ENoGc,9,plain,none,mixed,1 1 3 5 8 10 15 16 22
991W93BrMGvoGG618q8ub4XmY5Ga,9,distinct,none,distinct,1 3 4 5 6 8 12 16 26
991W1WI4NY51BXoWGo8U5oGHf1OA,9,plain,none,mixed,1 1 3 6 11 11 13 15 20
991W58Y9aApW8O8aY2ShEAYG2Gfi,9,plain,none,mixed,1 2 4 6 6 9 12 20 21
991W5WyS98Y2oCd641GG8C0_3aE2,9,plain,none,mixed,3 3 3 4 4 5 16 19 24
991W94Xo-4g9KQ5YS4-GGXJeQ14S,9,plain,none,mixed,1 1 4 5 11 12 14 15 18
991W2Zdbb1iLdl89L44YeKKQIDKX,9,distinct,none,distinct,1 2 4 8 10 11 13 15 17
991W8T1tOXCG4XA1GO4HqImiJ2dG,9,plain,none,mixed,1 1 4 8 9 11 13 13 21
991WQ4I5FecHOf4W0tQm5oYGO5Ob,9,plain,none,mixed,1 1 3 6 8 12 13 15 22
991W8I18Og9IacX2O7uXQc8Z8n2G,9,plain,none,mixed,1 2 7 9 9 10 12 14 17
991WGSGoE3Yh1WK8J8H4O0WbueW7,9,plain,none,mixed,1 1 1 3 9 12 15 18 21
991W4Q59SGy7koA1HCEJv78iC2D0,9,plain,none,mixed,2 5 5 6 8 8 12 16 19
991WKP18TLIOg52e0yWJ97DOO63G,9,plain,none,mixed,1 1 7 9 9 9 11 12 22
991W4X3GnCb69D4I2K8b8wAwX0qM,9,plain,none,mixed,3 3 3 5 10 11 13 14 19
991W94CYt2mJ4nGI433m628AeuX6,9,plain,none,mixed,1 1 4 5 7 9 16 19 19
991W61AEJ4arYafCHY881CXS8OIG,9,plain,none,mixed,1 1 2 4 8 9 17 19 20
991WH1Ayme586149I1Yip2b6vXOS,9,distinct,none,distinct,1 3 6 8 9 10 11 15 18
991WabXaj6mAR5am0R4COp7nZmS4,9,plain,none,mixed,1 2 6 7 7 9 9 17 23
991W48Y8o2pqawJ6m1Wr8gW85n8K,9,plain,none,mixed,1 1 6 7 10 12 13 13 18
991W9aH2Z1ym82Ae6IY8110fQPAA,9,plain,none,mixed,1 2 2 6 8 11 11 19 21
991WHhNj_9eXAbG26i8HZsGE7uGe,9,plain,none,mixed,1 2 4 5 8 13 14 17 17
991WG6aapD4uw7222oH9gBz9MLY8,9,plain,none,mixed,1 1 8 8 10 11 13 14 15
991WKbX88Y4HBH848I5XJuIYfnG6,9,distinct,none,distinct,1 3 4 6 7 11 14 17 18
991W413AodfhvsmK8bG14aj5H088,9,plain,none,mixed,2 2 6 7 8 9 9 18 20
991W21NC5YL7Equm8c8jCiKcePb3,9,distinct,none,distinct,1 4 5 6 7 8 10 17 23
991W28AncW54VHi4c2WYP57awpb5,9,plain,none,mixed,1 2 3 3 10 11 13 18 20
991W12ioI0L8H6G86HaYWU6zk9XG,9,plain,none,mixed,2 4 5 6 6 7 14 15 22
991WW81G519D2n88P6H8I1iOF2Cf,9,plain,none,mixed,2 2 3 4 8 10 12 17 23
991W1CGVQ9YO3cg1n95YSIL49a4W,9,plain,none,mixed,1 1 4 8 9 11 11 17 19
991WGWWq8Z0kKUe9eQ8bGptslWK2,9,distinct,none,distinct,1 2 5 6 9 11 12 15 20
991W10G6Xad8fMn08XeD2WeTJ3mY,9,plain,none,mixed,4 4 5 5 7 8 8 14 26
991W91MS4n12Gbm49KL8o2D0ObYe,9,plain,none,mixed,1 4 5 5 6 8 10 13 29
991WGb7Xu28wOsGa440LI8I8Yf0s,9,distinct,none,distinct,1 2 4 6 9 11 13 15 20
991W9YcKLLJe4Xb826H1JGhD9QTK,9,plain,none,mixed,3 4 7 8 8 9 11 12 19
991W8K1Qv6eYV7n2A1ZKSHHfNI2W,9,plain,none,mixed,1 3 3 8 9 10 10 17 20
991WYWmD1eHoabCWaGy52GGap74I,9,plain,none,mixed,1 3 4 6 6 8 11 13 29
991W14GfNK4X2w51Gq3vbgRqH482,9,plain,none,mixed,1 1 2 8 8 11 13 18 19
991WA2C87TeeW26YKKvM72JGuBbA,9,distinct,none,distinct,1 3 4 5 6 9 12 16 25
991WK1ylG4Z5kCp041YsyZID8e8k,9,distinct,none,distinct,1 2 5 6 8 11 12 14 22
991W6PN9YOT9MPm2Wof4H07OaueW,9,plain,none,mixed,1 3 3 8 8 9 9 20 20
991W8KzV91W16fHiWe5XqArQYYmW,9,plain,none,mixed,1 3 3 4 7 7 8 18 30
991W2Gu0PYGiCD0GCZ4Y1WHCeD1G,9,plain,none,mixed,1 1 2 3 4 7 11 22 30
991W21I6xb6l41OYXDZezIsLIbL1,9,plain,none,mixed,2 5 5 7 9 10 13 14 16
991WWb8qJfE81mQ21P3We3WaKImo,9,plain,none,mixed,1 3 3 5 8 10 11 12 28
991Wa4XuDKeaHDHeWO8yGP8x210m,9,plain,none,mixed,1 1 3 4 10 15 15 15 17
991W421qMAWO6nsSIL10k41i3Wm9,9,plain,none,mixed,1 4 5 6 6 7 9 20 23
991W8P518YGjKAX8WK9dpGi462Y4,9,plain,none,mixed,1 3 4 4 6 8 15 17 23
991W2HZaOyF2eYGq8b0KGO10Oc38,9,plain,none,mixed,1 1 5 6 7 10 12 12 27
991W0mJaQ6ea6XKYE5X03GqpdeC0,9,plain,none,mixed,1 2 3 3 6 7 17 21 21
991WWK0YDXRUdc4W0eX75ZWo84B1,9,plain,none,mixed,1 1 2 4 9 11 17 17 19
991WX2i952dYBpqu08o0Kd2CkNk4,9,distinct,none,distinct,1 2 4 7 8 9 10 13 27
991W3Gd2F184yXmSOWPYL6eOli00,9,plain,none,mixed,1 1 2 2 4 9 11 20 31
991W44H45QAMI4MWCIIbl8oADI4o,9,plain,none,mixed,1 1 8 8 9 11 14 14 15
991WY7XeIKoq52qOX0o4gsWI0G4o,9,plain,none,mixed,1 1 3 6 8 10 12 14 26
991WE0W41HKGY4WW5X8HaHLGA2Wm,9,plain,none,mixed,1 1 1 4 5 11 15 21 22
991WW2eyh83X4X85C9IOH2EJmeM9,9,plain,none,mixed,1 1 4 5 5 9 11 17 28
991W0eWG450fB3Gpo0WO44h4nKH9,9,plain,none,mixed,1 1 6 6 8 8 12 18 21
991WIfCUlaYGD0WAKgu-29v64461,9,plain,none,mixed,2 2 3 3 8 9 14 15 25
991W5IWe9wJK16H41H4UXGcfeB0G,9,plain,none,mixed,1 2 2 5 10 14 15 16 16
991W51ibB8WG0WP52H4GK9pqHe4W,9,plain,none,mixed,1 2 2 3 6 7 15 20 25
991W54R41D9I2yGqIJA5XHGIqW84,9,plain,none,mixed,1 1 4 7 7 8 15 16 22
991W1h0GHKe92VWmIecoSf68k2WI,9,plain,none,mixed,1 2 5 6 8 10 15 15 19
991WL7Wi4HmqWHWXG4Q6QmotLrTY,9,plain,none,mixed,3 3 4 5 8 8 13 14 23
991WHABeA3gM1W5aX2Z9G5GCWrDI,9,plain,none,mixed,1 3 4 5 5 6 10 20 27
991W1HqJq50eGXGqCI4V4ef6nA82,9,plain,none,mixed,1 2 3 3 4 13 15 17 23
991W44rCe-K9IKE282dKx6o2UadW,9,plain,none,mixed,1 6 6 7 8 10 13 14 16
991WWK12L9EQYYAY0fSd90W2CaZG,9,distinct,none,distinct,1 2 4 6 8 9 10 13 28
991W38cXmK3W21COc4HeH4S5XOOL,9,plain,none,mixed,1 3 5 6 6 8 9 15 28
991W4ZInSQLQsXGAH3eWo14QmqWe,9,plain,none,mixed,1 2 6 7 9 9 11 17 19
991WI5G9Kb0ebiya82Nkus_1H74I,9,plain,none,mixed,2 3 5 6 9 10 10 15 21
991WYeH38jHY410PI50a70Y9MSMa,9,plain,none,mixed,2 2 3 6 8 9 15 16 20
991WKL4n51Ha2uj8PcKeJ0G49264,9,plain,none,mixed,1 3 4 7 10 11 13 13 19
991W4SR2lsJ7m20m299gOD7XbIcL,9,plain,none,mixed,1 5 5 6 8 8 9 15 24
991W3WawENGC2AHH4HCAGIYM4V4W,9,plain,none,mixed,1 2 4 4 5 9 15 18 23
991WCLRaXSjAyOg084ooL9A5LOua,9,plain,none,mixed,4 4 5 6 7 9 13 16 17
991W40mI4YkWI2I251aV5DJAIL18,9,plain,none,mixed,1 4 5 8 8 8 12 17 18
991WY31HLIKa50pa087mBRiu20X8,9,distinct,none,distinct,1 2 3 5 7 9 12 17 25
991W4WiO-4b4X1iI62uY4i4B2KgH,9,plain,none,mixed,3 3 3 3 10 11 15 16 17
991W86083RyVXqU4N4k8K4G8A34W,9,plain,none,mixed,1 3 4 4 5 11 15 18 20
991W72eKX6HIe2n4538d_11JoWO6,9,plain,none,mixed,1 3 6 6 6 12 13 16 18
991WGfEHq20SShi8WXEbkKP8H84Z,9,distinct,none,distinct,1 3 4 7 8 9 10 16 23
991W8EQgP9MkX2mOWF8I7GHhf8YG,9,plain,none,mixed,1 1 3 7 10 13 14 14 18
991Wac4We8Y4CKK2PT4Ib18A3OrC,9,plain,none,mixed,3 3 3 3 4 9 12 20 24
991WWv6cBB0IlQ1GD0qCOxAKmYve,9,plain,none,mixed,2 3 4 6 9 11 15 15 16
991WG2FqL142U8Y4D5QYH0eDNPd1,9,plain,none,mixed,1 3 3 4 7 10 16 18 19
991W2NJ2fCYMIfG9GGwuI8UUQIEY,9,plain,none,mixed,1 5 7 7 8 11 12 14 16
991W4Y9HoJAAN5n4P5WSr3a4151W,9,distinct,none,distinct,1 3 4 5 10 12 13 14 19
991W12Opaf5n2kfY3IOgnO64HBJ0,9,plain,none,mixed,2 3 3 4 8 10 11 14 26
991WbgJ3HPPAHAmW13zHaWeDv510,9,plain,none,mixed,1 5 6 6 6 8 13 16 20
991W6XmS12YS92X8710H3IKwm410,9,plain,none,mixed,1 3 3 4 5 6 14 21 24
991W9UNT_lHDJ67I284WInf04YCC,9,plain,none,mixed,1 1 7 8 11 11 12 14 16
991W96GN4LbBY6v60WJIKHaAAaH0,9,plain,none,mixed,1 1 2 6 7 14 15 17 18
991WHOAE891mvcmG5AeXFYT5f0A2,9,plain,none,mixed,1 1 4 4 9 9 13 15 25
991WGZyu96Xg3W680G2Kb3IpHKk8,9,distinct,none,distinct,1 2 3 4 5 8 9 16 33
991W6NI4WeGjIP0WKKgEGmACE0Y2,9,plain,none,mixed,1 1 2 6 7 7 16 16 25
991WefnH2Yea61aGS31GnA9DYI53,9,distinct,none,distinct,1 2 5 6 7 13 14 15 18
991Wb0aL4hLAA289X1mK3UKgyjqa,9,plain,none,mixed,1 5 7 7 9 10 11 11 20
991W98WdCKYO5nOK1CZO63NX94KJ,9,distinct,none,distinct,2 3 4 5 10 11 13 15 18
991W00dY5a2jgGWWA68wUskacEYY,9,plain,none,mixed,1 3 4 8 10 10 14 15 16
991W2Se4sZ0oK4m45UKK42fRECH4,9,plain,none,mixed,1 1 3 4 7 13 14 18 20
991W41AXs49DufwIK2GIT8Qvlc0i,9,plain,none,mixed,1 2 5 8 8 12 13 14 18
991W8aU5XeLYHv6H8Kg830uEmZo0,9,plain,none,mixed,1 1 6 7 9 10 11 13 23
991W8KSFDffi_2mK31BOOsrIY200,9,plain,none,mixed,3 3 4 7 10 10 11 14 19
991WYf020m7wGoHKH0WB1Cd5nXmY,9,plain,none,mixed,2 2 2 5 7 8 10 12 33
991W4Wd9OIX4n0SA948OAAWvCh91,9,plain,none,mixed,3 3 3 7 9 9 13 14 20
991WACWI4X6VoHeYo0B4HGP9HHeI,9,plain,none,mixed,1 3 4 5 7 12 12 17 20
991WYI50czMPOA1898_mjQKO4214,9,plain,none,mixed,2 3 4 4 5 10 11 20 22
991WX1OuIp2WpY0WJCBqhXPY9DBY,9,distinct,none,distinct,1 2 6 9 10 11 12 13 17
991WO1e92YCxZ8yf0WM5b5Y2XUQG,9,plain,none,mixed,1 4 5 7 7 8 11 15 23
991W4171FRTCVX48C4XgP0iu4Wo7,9,plain,none,mixed,1 1 6 7 9 9 12 15 21
991WP9aeYOMA3WumPO41u26SWOna,9,plain,none,mixed,3 3 3 4 4 6 11 16 31
991WKCZHna99C5XI49060EOf6JXK,9,plain,none,mixed,3 3 3 4 5 11 14 14 24
991W2Ggaf5I-U0W9GZueKaGCH8W9,9,plain,none,mixed,1 1 6 7 12 13 13 14 14
991W0eGe5v0YP6b4c415A2XhdZ8X,9,plain,none,mixed,1 1 2 6 10 13 14 14 20
991W18ma5dJE8aH2s5HAT4o48nWO,9,plain,none,mixed,1 3 8 9 9 10 11 12 18
991W2C97iaca617HLAam73gao3X2,9,plain,none,mixed,1 2 4 5 7 11 16 16 19
991W8ooBSDmO4kOH4MfHCYENJQb8,9,plain,none,mixed,1 1 4 8 10 10 13 16 18
991WXCj3ac59tLk80tIXkOn4mf4X,9,plain,none,mixed,1 5 7 8 8 9 10 11 22
991WGCpK28KI1tSGAhAHalqzX8cK,9,distinct,none,distinct,2 4 5 7 9 10 11 15 18
991W4I7emA1Wb99qGKmnj31GLrIK,9,plain,none,mixed,1 1 7 8 8 11 12 14 19
991W1T4qj0K414H6Sf9G892GIKWG,9,plain,none,mixed,1 1 4 6 10 10 10 12 27
991WIXa81QASrFCG4GI1cbWqAh53,9,plain,none,mixed,1 3 4 4 7 7 11 19 25
991WGL0iHzlHK4XGK4IavBF8cA0C,9,distinct,none,distinct,1 4 6 7 8 9 11 14 21
991W2mW8k1vXeLKY8ZGxAn084ue1,9,plain,none,mixed,1 2 2 4 8 9 16 18 21
991W0Ws9kAuo9byGK0WBBHA9r46Y,9,plain,none,mixed,1 2 2 4 9 13 13 16 21
991W48w417beVoyWg0WI2fHHX45S,9,distinct,none,distinct,1 2 3 4 8 10 13 18 22
991W8Zn2YSYmY2XK2JDAXKoXu61G,9,plain,none,mixed,2 3 5 5 7 10 11 15 23
991WWGm59sIiLazWCBobY8v1j952,9,plain,none,mixed,1 1 6 7 8 9 11 16 22
991WKk6iSI4IH8eAWo9Kd2129AfY,9,plain,none,mixed,1 3 3 4 6 11 13 14 26
991WA3GeKAZmK39H31Wd4EZGK5DI,9,distinct,none,distinct,1 2 3 7 8 10 12 17 21
991WD1HIKp934v1eGa4SZGC2GYWI,9,distinct,none,distinct,1 2 3 5 9 11 12 17 21
991WC51UfBYAf4L4A1Ao33HOJ20Z,9,plain,none,mixed,1 2 6 9 9 10 13 13 18
991W8Y7uAeZaw0qOO39O8aDkOT4I,9,plain,none,mixed,1 1 6 7 9 10 14 15 18
991W8WeIKgJmG2Gb93WgjCY8aW83,9,plain,none,mixed,1 4 4 4 5 9 12 12 30
991W1H4Umh4nILcf32KM4wJW870W,9,plain,none,mixed,1 4 4 5 6 7 8 8 38
991WiYnB6ot4YqI1Y0TeE8XEaqKA,9,plain,none,mixed,1 4 5 5 9 10 13 15 19
991W2WWq9g935210AZ8_HYBYj0G8,9,plain,none,mixed,1 2 4 5 8 14 15 15 17
991WYg98b4gYMIWGHNaFpFi4D6HY,9,plain,none,mixed,2 4 6 7 8 8 12 15 19
991WJ8vGA1POmS721C8e67GCN9MG,9,distinct,none,distinct,1 2 3 4 10 11 15 16 19
991W4dCDBDG9YOAQ3138E64QGWAe,9,plain,none,mixed,1 1 2 3 6 8 17 18 25
991W8GaI59H3I4fP210PcSWEBaM8,9,distinct,none,distinct,1 2 5 8 10 11 12 15 17
991WOM5jlk9aBX4423248XD57Y81,9,plain,none,mixed,1 1 6 8 8 12 13 16 16
991Wn4H8DHGfiXGHX08Y62Pg4nKi,9,plain,none,mixed,1 1 6 6 10 12 12 16 17
991WD3Y9KN6CIZaYI2GELYs430j2,9,plain,none,mixed,2 3 4 8 9 10 10 16 19
991WGaAK7mev3oOWP4H4IXOaKImI,9,plain,none,mixed,1 4 5 8 9 12 13 13 16
991W8XGRBPM23aZG114IebiSwae2,9,plain,none,mixed,1 2 5 5 9 10 12 16 21
991WX6Ga0nBQYw1Go4c49p8uE2OI,9,plain,none,mixed,1 1 5 6 10 13 13 15 17
991WaP4nkhg4A2ume4H42o8D2Y4X,9,plain,none,mixed,1 1 3 8 9 12 14 16 17
991WB2ZATXH04xI48a9UBGwk5494,9,plain,none,mixed,1 2 7 9 10 10 12 15 15
991W23GC2Glzbba22ma6oi66B3CK,9,plain,none,mixed,1 2 2 7 8 9 11 13 28
991W10842kgCL6H82XO94XGfp6Ha,9,plain,none,mixed,3 4 5 7 7 9 10 10 26
991WZ1mijRYJz4X88g2aoYXI92WK,9,plain,none,mixed,2 4 4 8 9 10 12 13 19
991Wc9qYOg5KPLGm15nX3a51p9n6,9,plain,none,mixed,1 2 6 7 9 10 10 10 26
991W5Kr8pZOO62Gq812GYfLB80X8,9,plain,none,mixed,2 2 3 5 9 10 16 16 18
991W4H8IL188w1Wq108qDmm9E92G,9,plain,none,mixed,1 1 2 5 7 9 15 17 24
991W1K4HPT9JP214LKtYrwEZ51W4,9,distinct,none,distinct,2 3 6 7 8 9 13 14 19
991WC13gPbS5Re9G9aKBtKGY3555,9,distinct,none,distinct,1 2 3 6 7 12 14 16 20
991W4Og7XP6TA9HCa1SM4fLQ1AHG,9,distinct,none,distinct,2 3 4 6 8 11 13 16 18
991W84XC7Xwg5n0b10YehOWaQqL2,9,plain,none,mixed,2 2 5 8 10 11 13 14 16
991WG10J7V5q2Kb250oIZYOHBKr8,9,plain,none,mixed,1 3 3 7 8 11 16 16 16
991W4bv682C412Je416mYagBA9YG,9,plain,none,mixed,1 1 2 5 6 11 14 20 21
991WKB1e7bzCYeQ54DHeg412PKXH,9,plain,none,mixed,1 1 4 7 10 11 12 13 22
991WA19eHJGnmHm230fSv3Fmwoem,9,plain,none,mixed,1 1 4 7 7 10 12 14 25
991W6aLHP62425YE10dYsddy8Q10,9,plain,none,mixed,1 3 5 5 6 8 13 16 24
991W519KT1oKLqTKI4GI8f69H864,9,plain,none,mixed,2 2 7 7 11 11 11 14 16
991W135Qs1928H-P4I1Sci3IKIRW,9,plain,none,mixed,1 1 5 5 9 12 13 17 18
991WiCGaIWeY4nDi863n79cW8I4a,9,plain,none,mixed,1 3 5 5 8 11 11 15 22
991WYBZ84qugKOWOWI9Sc6yG22Go,9,plain,none,mixed,1 1 1 6 8 12 15 18 19
991WGa9391J08gfa2WKi7WuDD35H,9,plain,none,mixed,3 4 5 5 7 9 14 14 20
991WGOJN0JAAiHOAIAfAL2qfgjO2,9,plain,none,mixed,3 3 4 7 8 12 12 14 18
991W30eHsOWmOW8X9IqV54WWe6Kq,9,plain,none,mixed,1 1 3 5 5 6 14 16 30
991W0G6_7a8YaLIbI2yyLK8IGIM2,9,plain,none,mixed,1 2 5 7 7 8 9 21 21
991WHAMbQ6WO4h4cAecX2WKXW8Sa,9,plain,none,mixed,4 4 4 5 5 8 12 15 24
991WB1a6fC9a9qWW3IKwXqT4ckGc,9,plain,none,mixed,1 3 5 6 6 6 14 14 26
991WCJ1a929uk8IC92H80aXBM430,9,plain,none,mixed,1 1 3 8 9 9 14 14 22
991W0K50XYOY8WeXrFGK2mi8A25W,9,plain,none,mixed,2 2 2 3 6 11 11 15 29
991WIXHqAIvCdEY4eAP9GgGZi3W8,9,plain,none,mixed,2 6 6 9 9 11 12 12 14
991W62GnHYA5Y415AYewWcBa6Ib4,9,plain,none,mixed,2 2 4 5 6 10 12 18 22
991WY1T4X0Qc8I0ub2X8H8M4a4oA,9,plain,none,mixed,1 1 3 5 10 11 11 18 21
991W8YagL0SzSPGa4H8aYxWKCieI,9,plain,none,mixed,2 3 6 7 9 11 11 13 19
991WeYCK62HyEY8aY0W4L2eqHO10,9,plain,none,mixed,1 2 3 6 10 10 11 17 21
991WIHn48HJ4fub920lk-21YjBO0,9,distinct,none,distinct,1 3 4 5 7 8 15 17 21
991WCA0J3HGOP8W9HOQ2n3Gk840H,9,plain,none,mixed,1 1 3 4 4 12 16 20 20
991W8I0WK0IzWP2SA2GqE1OR1WQ8,9,plain,none,mixed,1 1 2 4 9 11 11 15 27
991W8HAqrJQnQIH4Gbvvm0mAOBW6,9,plain,none,mixed,1 3 7 8 8 10 14 14 16
991W32G8YOGCMYAW8HWUtDfy924H,9,plain,none,mixed,1 1 4 5 11 13 14 15 17
991WY18SEK8Y4Qg28g6vbcAnqGOm,9,plain,none,mixed,1 1 2 8 8 10 14 16 21
991W8CR52bm2ulmGAOorCYaokq4X,9,plain,none,mixed,2 2 5 6 7 10 15 17 17
991W2HEu4eHQF8X985jMCiXZVP5G,9,plain,none,mixed,2 3 6 7 9 11 13 15 15
991WGP8a9QYO8Rb2nX6GpKPLLPGX,9,plain,none,mixed,1 3 8 9 9 11 11 13 16
991W0X6vqCoDYYaO0aXW8zAak3wn,9,distinct,none,distinct,2 3 4 7 8 9 11 17 20
991W3Oo8E918QXb1i1WJ9nr000Q4,9,plain,none,mixed,1 2 2 3 4 8 11 17 33
991W40G7zkkH2bBI524A8hoY4amm,9,plain,none,mixed,1 2 4 4 8 10 11 19 22
991W0iH2M1kiD0J4L9a82YGewfAA,9,plain,none,mixed,1 2 5 5 6 7 12 19 24
991WgJa920mapc0XX085Ieeq8YG5,9,plain,none,mixed,1 1 3 6 8 9 14 14 25
991Wn0ALcb5IS1f2GP4217L6vZX8,9,plain,none,mixed,1 1 2 4 7 11 12 20 23
991WGK2jSXAGO42WI2LJP610O4Ye,9,plain,none,mixed,1 2 2 6 6 7 12 14 31
991W46LCCcM2WG4A4XYeo7WPkPN8,9,plain,none,mixed,1 2 4 8 8 8 12 12 26
991WI7wZjTHa8YWY241Kg61Zfo1G,9,plain,none,mixed,2 4 5 6 7 8 16 16 17
991W24kYGebOICYuGZZfYOHGK918,9,plain,none,mixed,1 2 6 7 9 9 11 17 19
991W71mK406XGnz571WV4o5Y0GGG,9,plain,none,mixed,1 2 4 4 5 5 10 16 34
991W3Imq94MNTwW830yHXEeeYe8G,9,plain,none,mixed,1 2 2 4 11 14 15 16 16
991WPF1cgffZ2OGaIga56CZcH0m2,9,plain,none,mixed,1 3 4 5 9 9 10 16 24
991WI7W9gD0S4HSaYA1uYLn8HaKY,9,plain,none,mixed,1 2 5 5 9 11 14 16 18
991W6IKaq09ixA948HGhY3YoMq92,9,plain,none,mixed,2 2 5 5 5 11 12 16 23
991WGY8ClnSKHeu98HAKvD2IpI48,9,plain,none,mixed,2 4 5 6 10 11 13 13 17
991WH2P5ULn0PaMG20dM90qjaDQ5,9,plain,none,mixed,1 3 3 7 7 10 11 14 25
991WA38udifKD5818Ha78vXGQeE2,9,plain,none,mixed,1 2 3 4 9 9 17 18 18
991WOs4XGLvOQ5I4O64X1n8I2P41,9,plain,none,mixed,1 3 4 4 5 7 11 18 28
991W0IXJeYWE953GKM1YZEusF42W,9,plain,none,mixed,1 1 1 3 7 10 16 19 23
991WYE9X7HaM4f8K0a6X8GYejNWG,9,plain,none,mixed,2 2 5 5 8 10 10 16 23
991WW8Re2AYb5WHe531H929BWiRA,9,plain,none,mixed,1 2 2 3 7 16 16 16 18
991W2WM1XYv4a5oaA5zPI4tM8BWO,9,plain,none,mixed,2 2 4 6 6 12 14 17 18
991WA1aOc90pK1KI0Yeif1L5Hqg5,9,plain,none,mixed,3 4 5 7 7 9 10 18 18
991W93qhg8YEGbB881KIGe55oQ10,9,plain,none,mixed,1 3 4 5 5 8 11 22 22
991Wc90W2xzCWrffK0u8SQeK22KA,9,plain,none,mixed,1 2 2 3 4 8 17 20 24
991W418PZOuXWeZ480yE0Y9ROloW,9,plain,none,mixed,1 1 3 4 8 8 9 13 34
991WHOL41Le30w0GC_8A2HWGK58e,9,plain,none,mixed,1 1 4 5 5 6 7 21 31
991W40SZPPcH6nG4930WKDdVB8g8,9,plain,none,mixed,1 4 4 7 8 10 13 13 21
991W8oiM4xXQh52m0XyHJZ3YX5We,9,plain,none,mixed,2 2 3 5 8 9 14 19 19
991WK811ICfoPZOIc422Ymma9J1G,9,plain,none,mixed,1 1 2 2 9 10 10 17 29
991WI1zIJ4n4F3pAI4c4WIHCeI3W,9,plain,none,mixed,1 1 4 6 8 10 14 17 20
991WWaGoPaWbWeE1Y8naV3mat0a6,9,plain,none,mixed,1 1 2 5 9 10 14 19 20
991W1XDsI91TG82mI5f8ATJe94I8,9,plain,none,mixed,1 3 5 5 6 9 11 15 26
991WIBnu64B2H2yX3CGoaZ91XPAG,9,plain,none,mixed,1 1 5 8 8 8 10 14 26
991WA2mGS1eSGa704H0aL5IKN491,9,distinct,none,distinct,1 2 3 4 7 13 14 18 19
991W4Uc6kiHGK16G2u9Kf9fgCaA1,9,plain,none,mixed,1 1 8 9 9 9 9 16 19
991Wc9XuGrkObO1W0KX9A18kBWuY,9,plain,none,mixed,1 2 4 7 7 11 13 14 22
991WX3DKUCqWGQ6e4eZc6CZf6TaC,9,plain,none,mixed,1 2 2 6 9 9 16 17 19
991WC8w2hsnqagXG8BMa1ubZbm4n,9,plain,none,mixed,1 4 5 5 7 9 9 18 23
991WH2Ka8igiL28WL53E6Hy3AmZ8,9,distinct,none,distinct,1 2 5 8 9 11 12 14 19
991WGPoGl5vmzfu24OIIg4cYJL3G,9,plain,none,mixed,1 2 5 5 10 12 14 14 18
991Wo0u6Yuv6S6Y288a40mTjaGGq,9,plain,none,mixed,1 1 2 5 8 9 13 14 28
991W87WcbZ99Ye40QLoOS8X2KYuX,9,plain,none,mixed,2 4 4 5 7 8 13 14 24
991WG0OQc96HgUA2e88114HoifAA,9,plain,none,mixed,2 2 3 4 6 9 13 13 29
991Wb1Hi4e1CH3e9eJbNTIP88XCI,9,plain,none,mixed,1 3 6 6 9 11 11 13 21
991W2nuUoC8f612mYA6ff4AOE0Y4,9,distinct,none,distinct,1 2 4 6 10 12 14 15 17
991W62aeaH85jm-81J8obAgAWPnX,9,plain,none,mixed,1 1 5 6 7 7 11 18 25
991W5XePIYnIAUg91GOv9Ao866S0,9,plain,none,mixed,1 2 2 9 9 11 12 16 19
991WGf8lIL59fXO80iHqKfdCgGvA,9,plain,none,mixed,3 3 5 8 9 11 13 13 16
991WWI8K3CJAiaue29A5GYOwIOY8,9,plain,none,mixed,1 1 6 7 9 11 11 13 22
991W5gK51n8mlBeSHC71YH0K0wWO,9,plain,none,mixed,2 3 3 4 5 5 6 25 28
991W94ZRtHWOI15155I3WyQG840I,9,plain,none,mixed,2 2 3 4 7 8 12 18 25
991W14XLd8a62uEaYAC30bBkCpX5,9,plain,none,mixed,2 2 3 6 7 9 9 12 31
991W94IPQB8TBaoG2NYBDKWn-kIC,9,plain,none,mixed,1 1 3 9 9 13 13 16 16
991WH498KvJ5Ga8W61H9I610tAcL,9,plain,none,mixed,1 3 5 6 8 8 9 9 32
991W5H20HnG3MMSW57HJKWmEhP8f,9,plain,none,mixed,1 2 3 7 10 11 11 13 23
991Wm4LoZP05Baf8Z2GcH3mgrBL9,9,plain,none,mixed,1 5 7 7 7 8 13 15 18
991WGXC2DaGeAWQGOM3uuXCV917H,9,plain,none,mixed,1 1 6 7 8 9 12 17 20
991WW41f2TgrrBX8Y94-KKmE21X4,9,plain,none,mixed,1 2 5 5 6 12 13 13 24
991Wa8a59kJeL2Z8975dHC9E4230,9,plain,none,mixed,1 1 7 7 7 8 11 18 21
991WX30K5IWO5HeHo4X8aDZ74HCq,9,plain,none,mixed,1 1 4 8 8 12 13 16 18
991W8IGK5KbuCD2G0W8NMHGGeA28,9,plain,none,mixed,1 2 4 4 5 8 12 21 24
991W92agB410j4XG20uM0WMs94J4,9,plain,none,mixed,1 1 2 7 7 8 12 14 29
991W4kCyB6XWe5AWGeTGooX045EJ,9,plain,none,mixed,2 3 3 5 6 8 12 15 27
991WC2ea9qjOyCGW104InK-JqIa9,9,plain,none,mixed,1 1 2 6 10 14 14 15 18
991W8IA30UGIFoHGE4XH30C77B94,9,plain,none,mixed,1 1 4 6 7 8 10 13 31
991Wc5Xb15Gq4F0Z4f4gHPHKG44W,9,plain,none,mixed,1 1 4 5 6 9 11 18 26
991W86AeafJ1mSb2546AAY9XUOc4,9,plain,none,mixed,2 4 4 7 8 12 12 12 20
991W8V1kOYCYvAGIGOIIWS2WnSXG,9,plain,none,mixed,3 4 5 5 7 7 11 14 25
991WOcAAB2W96YH8860XIamRA8w6,9,plain,none,mixed,2 2 5 7 10 11 12 12 20
991WC12IP3HPCnJ44N1Dup0y9a98,9,plain,none,mixed,1 1 7 8 10 12 12 13 17
991WPbAJAq8K4OM094OUhYOMcH54,9,plain,none,mixed,1 5 6 6 9 11 13 15 15
991WHKmKBp1GA4ZG0G1ER1NWaA0G,9,plain,none,mixed,1 1 2 2 7 9 12 22 25
991WH90DB8HiR1CGI9WIAkYMmi6Y,9,plain,none,mixed,1 3 3 8 10 12 13 15 16
991W2embKGeC3nOPq10WO7Cns4KI,9,plain,none,mixed,1 1 4 6 6 7 14 17 25
991WHLWqCXOgd1ai1W107OZ8DmU4,9,plain,none,mixed,1 1 6 7 8 8 8 15 27
991WoWa61WyKI99Y0eC41GfM4kWm,9,plain,none,mixed,1 3 3 5 7 7 10 13 32
991W4cwMYIM7HpJ4GLoRmMAIA28G,9,plain,none,mixed,1 6 6 7 7 10 11 12 21
991W1GHcleE9PBc292P25IOPJnU4,9,plain,none,mixed,1 3 4 6 9 11 11 17 19
991WQ5WqMCR4Lr840XPXWHHq2nOI,9,plain,none,mixed,1 2 5 6 7 13 13 16 18
991W4LCFYGWA4J4WS420WqHCB8GH,9,plain,none,mixed,1 1 2 4 6 8 14 14 31
991WA159UYJS4I9GGKqGgrIufBSH,9,distinct,none,distinct,1 2 5 8 9 11 12 14 19
991W218eit89rMWK8XG9G-ndOfgm,9,plain,none,mixed,1 6 7 7 7 11 11 15 16
991W2KOMb0G4B0G6CYBYv9II8u82,9,plain,none,mixed,1 1 5 5 8 11 14 17 19
991W2EEA8jOPkWeAAfHC-kGE5eX4,9,plain,none,mixed,2 4 7 8 8 10 11 13 18
991W5ICZ4f4XiW42LafAgWG4X1Sa,9,distinct,none,distinct,1 3 5 6 7 8 10 18 23
991WMaJ4I3KjnGeK8aOK48asXGOG,9,plain,none,mixed,1 1 5 6 8 10 16 16 18
991WXsG8fU0cn7GE98fLih7GAQGK,9,plain,none,mixed,1 1 6 7 9 9 13 14 21
991WH8XODDgbg997CEamAa6_4Wa4,9,distinct,none,distinct,1 4 5 6 10 11 13 14 17
991WGe8ek0WP4aaYeD1J8Xv1GKT8,9,plain,none,mixed,1 2 4 6 6 7 14 20 21
991W2hap10BI2a90J8Y69evAUe6X,9,plain,none,mixed,1 2 2 5 8 10 12 17 24
991WX7boDO285Yq948IabsUf77g8,9,plain,none,mixed,2 2 3 6 6 11 11 14 26
991W0OYLYWWqM6XPm10K6tYioFWP,9,plain,none,mixed,1 1 6 6 8 10 14 16 19
991WIHGX870nb8rA51MCq0A1HaUe,9,plain,none,mixed,1 4 4 5 7 7 12 13 28
991W3Wqa4X6d4Hr330G5RKK6APHG,9,distinct,none,distinct,1 3 5 6 8 9 10 16 23
991WIaHoSoEZ52405HaPHXIKqYO9,9,plain,none,mixed,2 3 4 8 9 9 15 15 16
991WWEpKqaMat64C23ATKaI3kOcI,9,plain,none,mixed,1 1 4 5 9 10 12 17 22
991WI1SHeYYMZi93ePeOC9oIMA11,9,distinct,none,distinct,1 2 3 6 7 11 13 17 21
991W1GHkL926IcA093L1ObeyI26X,9,plain,none,mixed,1 4 4 5 7 15 15 15 15
991W00uLcbDYA6f8CX842M6Mjb4f,9,plain,none,mixed,1 4 5 6 6 9 11 12 27
991W2nX8Q0Qct1eOcfhSu2GH4uG4,9,plain,none,mixed,1 2 3 3 8 10 11 19 24
991WGMYuNwe64I1W270XcimS91IY,9,plain,none,mixed,1 1 4 4 6 8 16 19 22
991WXP30Y41KBo4Y411yVBI22WsC,9,plain,none,mixed,1 2 4 4 4 12 13 13 28
991W4Ea84ebIi1ooX5kNKEssjOXO,9,distinct,none,distinct,1 2 4 6 7 13 15 16 17
991W83HauwY5XW8O0obPGO2PSsHO,9,plain,none,mixed,2 3 4 4 8 9 10 12 29
991W34I4Gw9W810mA7YKYuW8A10m,9,plain,none,mixed,1 1 3 3 8 10 12 19 24
991Wa30p0JQJK7a8DBov8X4I2dP9,9,plain,none,mixed,1 4 5 5 7 7 10 13 29
991WP2GbGewe2FGe1XcgHKPJQ40W,9,distinct,none,distinct,1 4 5 6 7 9 12 15 22
991WOD8iWf6aNA0bWMPWxZHIUPcG,9,plain,none,mixed,2 3 3 7 8 10 11 18 19
991W9k30g1eU7WtH68beE2C1Y18G,9,plain,none,mixed,1 1 5 7 8 8 8 16 27
991W21F3BqnGW21GI2vtLPWe480m,9,plain,none,mixed,1 2 2 5 6 8 10 17 30
991W8P6A30HBXKA4YQ-We60SAqO8,9,plain,none,mixed,1 3 4 5 7 7 11 12 31
991WK60mGvBm40O4X9Hur2egAn0W,9,plain,none,mixed,1 2 3 5 9 9 17 17 18
991WH2tKgYKeQ71m442aOKAu23ZW,9,plain,none,mixed,1 1 3 6 9 12 13 15 21
991WY3eK1fHCX1C18xsnyKg6uXCG,9,plain,none,mixed,1 1 5 8 11 11 12 15 17
991WAae65af9K4x0H4MK52PnGWa5,9,plain,none,mixed,1 4 5 5 8 11 13 15 19
991W5Xn9gqid3WL1C01vLHMBn684,9,plain,none,mixed,1 1 7 7 8 9 9 9 30
991W42HPM6sDYrK2GKjOaCE1Lr8n,9,plain,none,mixed,1 4 4 5 7 9 10 20 21
991WEBnKOcAbJv28W4v896SYZAAe,9,plain,none,mixed,2 5 6 7 7 12 12 12 18
991W91-cg5QO0mK27518c4IyDun9,9,plain,none,mixed,1 4 5 6 6 7 9 18 25
991WCK6zYOW8cY54I1RNj5949ICI,9,plain,none,mixed,1 3 4 4 12 13 14 14 16
991WOCt1Ih3Jb0S68fOQaf1WfBeL,9,plain,none,mixed,3 3 4 6 7 7 11 15 25
991Wf28X4grXOI4La0WACH08aN50,9,plain,none,mixed,1 2 2 5 8 12 14 16 21
991W5WOACh5HK2ef21WQ8QF20X44,9,plain,none,mixed,2 2 2 5 8 10 10 19 23
991W4KXmaAXL9M98222lqbw7YuY2,9,plain,none,mixed,1 1 7 7 8 10 10 15 22
991WC8Wu8YWZcjAfW4H7fiCyF0K8,9,plain,none,mixed,1 4 6 6 8 8 12 16 20
991W0l2KYf5naelAW4s4IFB0e9M2,9,plain,none,mixed,1 2 3 9 9 11 12 15 19
991W840Pw8fwcWW94YxMQaGY8Z1H,9,plain,none,mixed,1 4 4 10 11 11 11 13 16
991WX8I53I8Gc51WX28WEJuOI5WO,9,plain,none,mixed,1 1 2 5 8 8 16 20 20
991WMcamI7WK820X411eb7GC28X9,9,plain,none,mixed,1 3 3 3 8 9 16 18 20
991Wo4H8OqnOq0a2188OA2RvCI0J,9,plain,none,mixed,1 1 1 8 11 12 12 17 18
991W3M85n7oxo0WWagfKXP44pCGe,9,plain,none,mixed,2 4 4 5 6 9 13 15 23
991Wa4WK30nEZbGIYOz0GEC9IK92,9,plain,none,mixed,1 3 4 5 6 7 13 13 29
991W41GG925IgUGI0WKAByR2StvW,9,plain,none,mixed,2 2 5 6 6 8 12 19 21
991W494XGeDIKgAOq1eeIm830p69,9,plain,none,mixed,1 4 5 5 7 7 9 12 31
991W8eeGu22G4Z0aQ9IahiL5H0O6,9,plain,none,mixed,2 4 4 6 8 9 11 11 26
991WK6QZOan4Q62J26aSoKXMWbCo,9,distinct,none,distinct,1 3 5 6 7 9 11 17 22
991WYOW-8I3bIYmm14XEAKWjGYIO,9,plain,none,mixed,1 1 1 9 9 11 12 18 19
991W13UB94AaNL0CIcPvXKCbUe8a,9,plain,none,mixed,1 3 6 7 10 12 12 13 17
991W6B94YukYPb8A2EI5ImkYv2WW,9,plain,none,mixed,2 3 6 9 10 10 10 11 20
991WJ5aeu0mK4XqI421GSBeHZej8,9,distinct,none,distinct,3 4 5 6 7 8 9 17 22
991W1iN9h2IJe2Pf4eWf71Xf2eKe,9,plain,none,mixed,1 4 4 4 9 10 13 18 18
991WAEkIafISTGK45e94Gam84O54,9,plain,none,mixed,1 2 4 5 7 15 15 16 16
991W28ZvZb1S4RAfXbGWGZKe52T4,9,plain,none,mixed,2 3 4 7 11 11 12 13 18
991Wf4X4o5f8K4TO892821Vh2H8H,9,distinct,none,distinct,1 2 5 6 11 12 13 15 16
991W94mYD5HPT3G3mi9KmU0iRGq8,9,distinct,none,distinct,1 2 3 6 8 12 14 15 20
991W5UM7CtMYmJc8GwXsYI8XMIK8,9,plain,none,mixed,1 5 5 6 8 11 12 13 20
991WOgwWLsL2GwF04h0BS62WM2aa,9,plain,none,mixed,2 3 6 6 7 8 9 12 28
991W972GPReFPDGC2d64Qfc4E3Ge,9,plain,none,mixed,1 2 4 4 9 9 11 20 21
991WAYNZ7SgnH-WS8bKwDGYYTPiH,9,plain,none,mixed,3 5 6 7 8 10 10 14 18
991W2S32Kb38EJfGX2Ybf9mH4KB4,9,plain,none,mixed,1 4 7 7 7 9 10 18 18
991W271EqL6gQYKYA1IgOCXYGoWZ,9,plain,none,mixed,1 1 6 9 10 11 11 15 17
991W495AObH4Wa94W4OSF7GK5KJ4,9,plain,none,mixed,1 2 6 7 10 11 14 15 15
991W1XnKD08nwML69YHXM8H2a0a8,9,plain,none,mixed,1 1 3 5 5 10 13 13 30
991WDJH8YAYnj4o80ZDG0af310I8,9,plain,none,mixed,1 1 3 4 11 12 13 13 23
991WK4XOY8aQ510mA20W8Se610WO,9,plain,none,mixed,1 1 2 3 6 7 15 22 24
991W1WeDiOh2TaH212mi6YoKSp1G,9,plain,none,mixed,1 2 6 6 9 11 12 14 20
991W0XMAXq2We90KGnWO4j6nqE0G,9,plain,none,mixed,1 2 2 5 6 6 11 20 28
991W9FGJ1gezKn4aI91MWwYqJID8,9,distinct,none,distinct,3 5 6 7 8 9 11 14 18
991WWL1bHMouq8Z408kKw2OvG42G,9,plain,none,mixed,1 1 1 4 10 11 13 17 23
991WC4vE8Gm9UI4GX8GcbP8ec3Wn,9,plain,none,mixed,1 1 1 6 9 11 17 17 18
991WWaY2AMPgB9aPHkKn0m3uxX8m,9,plain,none,mixed,1 3 5 8 8 9 9 12 26
991WKaaeA8efQ0uI71HI28bHKiY4,9,distinct,none,distinct,1 2 4 6 10 12 14 15 17
991W51CJ41ceRar820G6292CYI-K,9,distinct,none,distinct,1 2 5 7 8 9 11 16 22
991W12n5cVaA10Z442bmwD2dH4W8,9,plain,none,mixed,1 2 5 6 9 10 12 12 24
991W61WKHcpMPPL410inFn18AHKI,9,plain,none,mixed,4 5 6 7 7 9 13 13 17
991W10QS6LJ9Kbx0IIGmC4qowIuI,9,plain,none,mixed,1 1 6 8 9 9 12 16 19
991W5KmalD5gQci522Zno6YH0GgG,9,plain,none,mixed,1 3 3 5 7 11 11 18 22
991WH8Q88rIFH8eIGUvmK4acUgIO,9,plain,none,mixed,3 4 5 5 9 10 11 16 18
991W4Gb3PICIOKhCGK0qBg9WSGw0,9,plain,none,mixed,1 1 1 7 11 12 14 16 18
991WGi4G4GRAB5GaY4nFI1iP591W,9,plain,none,mixed,1 3 3 6 9 10 14 15 20
991WYeSYZ9Go60J836La31AdR420,9,plain,none,mixed,1 1 3 3 7 7 14 22 23
991WXINq3a89eamn9i2xN3qI4orW,9,plain,none,mixed,1 2 5 6 8 11 11 16 21
991WK9OQWJeosP8XP9CL4J9CZ3iC,9,plain,none,mixed,3 4 5 5 7 8 13 15 21
991W518HpIsj1GO2B1Gq90GeWK86,9,plain,none,mixed,1 1 2 4 6 9 13 20 25
991Wq4YIAYId9beZX6Wh4l52L0a4,9,plain,none,mixed,1 1 6 9 10 10 11 15 18
991WCaKw20Z80KD21Wx4f4Gav4Q1,9,plain,none,mixed,1 1 3 4 4 10 17 18 23
991W42aC2GuEmkPaXOI0GiAcqS2m,9,plain,none,mixed,1 2 4 4 5 6 6 20 33
991WAj77w2mj6YGiW13WJeenHgG8,9,plain,none,mixed,1 3 4 6 9 9 14 15 20
991W11GO46H_miAa00GH5BZKMLXK,9,plain,none,mixed,3 4 4 5 6 8 9 17 25
991W4T228JS6F4W88Q5YJ9AKXl9Q,9,plain,none,mixed,1 3 4 6 8 9 9 20 21
991WI4UKw18Lg108OXHaSXUqd4I8,9,plain,none,mixed,1 5 5 8 11 11 13 13 14
991WH5CLlYAW83W8721WKwAGu2Y8,9,plain,none,mixed,1 1 6 6 6 6 10 19 26
991WaA0X5X3m8kQY14f5g2Ga5o1W,9,plain,none,mixed,1 1 3 5 7 12 15 17 20
991W1092LOYW77hAK4KM7JWaid1G,9,plain,none,mixed,1 2 3 5 5 10 10 20 25
991W2CX5j0I410OINB0G815H9YHa,9,plain,none,mixed,1 1 4 4 7 9 10 17 28
991WCIIuk8uXEkgG84f95iN9aOu2,9,plain,none,mixed,1 4 6 7 7 7 11 18 20
991WhimXmA14h2WG8qsvHaS2o4We,9,plain,none,mixed,1 2 3 5 6 6 13 15 30
991WMDWe92dQWxMXW4a5NX4r1mqG,9,plain,none,mixed,2 3 3 6 6 7 14 20 20
991W8471D7B792M9A4Mr220XEYQA,9,plain,none,mixed,2 5 5 6 7 8 8 20 20
991WOM9aiFH48I0G8Wes2J0mHCH6,9,plain,none,mixed,1 3 3 7 7 9 14 14 23
991WIGa8EUf28C15Yf4E81082HLa,9,plain,none,mixed,2 2 2 3 5 7 15 19 26
991WD5IK3aZ9HqCYF521020a4YKe,9,plain,none,mixed,1 2 5 6 6 10 10 11 30
991W1FmtHCF3WgcKa4MX8eD24tC4,9,plain,none,mixed,1 5 5 5 8 9 10 13 25
991Wi4T8bcPbS91W0hEG4wJ4e4YC,9,distinct,none,distinct,1 2 3 6 7 11 12 19 20
991WG10WBEpH2W48nD34x2GBAoyi,9,plain,none,mixed,1 2 4 6 7 10 11 20 20
991WG28a45RqP0Ya51c7A2GdKCZ8,9,plain,none,mixed,1 2 2 3 14 14 14 15 16
991WX9WD7H0MO5KSGO64Xc6GJa8H,9,plain,none,mixed,1 1 2 5 6 7 11 24 24
991Wef6XZ2hOw2I21XaJ_30cDQmC,9,plain,none,mixed,1 6 7 9 9 11 11 13 14
991W12Wd5Iaa8g868o0WkOdPH618,9,plain,none,mixed,1 1 3 7 9 12 12 15 21
991W795JT8H5nXPWX5eH8P8IeSGe,9,plain,none,mixed,1 1 5 9 10 10 11 13 21
991W1089Qf6I652E41Kc5XDavJXG,9,distinct,none,distinct,1 3 6 7 8 9 10 15 22
991W10618ZGeA6ICGYCX6H4QcAX8,9,plain,none,mixed,1 3 4 4 6 10 14 14 25
991W5ecAa218524Mc0W47woa8y91,9,plain,none,mixed,1 2 3 3 6 11 13 21 21
991W4HgZC8ERADA495fPRz8Q6wHG,9,plain,none,mixed,1 4 7 9 9 10 10 13 18
991WWf8I4Y5eYn09GeICc8k2WXGB,9,plain,none,mixed,1 1 2 6 9 9 15 17 21
991W4n3pawACJ4o4GIL4F4n1I910,9,plain,none,mixed,1 1 8 10 10 11 11 13 16
991WT14UV4cXaJLB10gZ7Gf3iT10,9,plain,none,mixed,1 2 4 5 6 10 17 17 19
991W92WsfSG891X5A2Wn5tI_G20H,9,plain,none,mixed,1 2 3 8 9 9 12 18 19
991W8P9ICD3CAIGY9F2yA8Y2Zowe,9,distinct,none,distinct,1 3 5 6 9 11 12 14 20
991W8L1CJiN9UWQ41H22X49Q8HI8,9,plain,none,mixed,1 1 2 8 9 11 16 16 17
991WH5EmmC0S49f84abeAC7EGe51,9,plain,none,mixed,1 3 4 6 6 7 7 15 32
991WAGrrTeWS4YWW6110aysQ5Y82,9,plain,none,mixed,1 1 2 6 8 10 14 14 25
991WC80ovInI9YKie51if4XHV18X,9,plain,none,mixed,1 1 5 6 9 10 12 16 21
991W24muEjo4YoCAc8fI4Kb6agIX,9,plain,none,mixed,1 3 4 5 9 10 10 12 27
991WaWaI7IPHKHP0082Fbzaf2laB,9,plain,none,mixed,2 2 3 6 8 8 12 13 27
991WWeGe6M7A324a34XKFYvGbnie,9,plain,none,mixed,1 2 4 9 11 12 12 13 17
991W6IQT8a91Mek8GY8ouYJ08Ey2,9,plain,none,mixed,1 2 5 6 9 10 10 11 27
991W858sBKp92A0H2GRImo8GIAYL,9,distinct,none,distinct,1 2 5 6 7 12 14 16 18
991WG12uYur3EWy3YiBEwamXEWGY,9,plain,none,mixed,1 2 2 7 7 12 14 16 20
991W4SB4J1mS9ZOui120Xf2bn841,9,plain,none,mixed,2 2 3 4 6 8 8 19 29
991W10P-SPgYD3mdK4GKJ54gZ3a8,9,plain,none,mixed,1 6 8 9 10 10 11 11 15
991W8YE7Z9GI8v8W3rHK5n0WI2M3,9,plain,none,mixed,1 3 4 7 9 9 12 17 19
991W46bUqT3WmA2A1226IS4XOM2G,9,distinct,none,distinct,1 2 3 4 8 9 10 13 31
991WKfGePpeeKA168EDKAtLvYI0G,9,plain,none,mixed,1 4 5 7 7 11 13 13 20
991W8a4oDWa2T9QGW8B656HyJTf2,9,plain,none,mixed,1 3 3 7 7 11 11 12 26
991WA4WuD3egAHIg92NbGWkmWvQG,9,plain,none,mixed,2 4 7 8 9 9 10 10 22
991WAgiO9892MZa0uJatPW4a54Q5,9,plain,none,mixed,1 2 3 3 9 11 15 16 21
991WC10H4WheQKL420m2Y1WA2I5a,9,plain,none,mixed,1 1 1 5 7 12 13 19 22
991WP4J1eZ598pS9GXA-4Gi6HN84,9,plain,none,mixed,1 3 6 7 8 10 10 11 25
991W96AY822WcAbCA4M5XeI0WI4Y,9,plain,none,mixed,3 4 5 5 6 6 7 11 34
991WHCA10GGq82Ckg4W820G5c5f9,9,plain,none,mixed,1 2 3 3 5 5 12 18 32
991W1aHKb869SAWG9IhCpP-G082K,9,plain,none,mixed,2 2 3 3 7 7 8 10 39
991Wma625UwZHKm40lOjCH4A9FGA,9,plain,none,mixed,1 2 3 8 9 9 13 16 20
991W8YGZb4mkY4We9XODA1WGv4We,9,plain,none,mixed,1 5 6 6 8 11 13 15 16
991WY2GD1KIYn851ER6kOcAY7X92,9,plain,none,mixed,2 2 3 8 9 10 11 18 18
991W20nH4v8aY20GMKylAq94oE2G,9,plain,none,mixed,1 4 5 5 7 9 12 17 21
991W4tYLaeXZe210Gao9H9HSFAH8,9,plain,none,mixed,1 6 6 7 8 8 10 15 20
991W32GYY7DIQseI0J4irSHnSHGA,9,plain,none,mixed,3 4 4 5 6 7 13 19 20
991W4AYAD0aA5YH8m61XaxKL8aXG,9,distinct,none,distinct,1 3 5 6 7 11 12 13 23
991W4H8iKL8CaaMK20yqL2z7QRyC,9,plain,none,mixed,2 6 8 9 9 10 11 11 15
991WH8118WaE8g909kKb51G8XBdX,9,plain,none,mixed,1 3 3 5 5 9 13 16 26
991Wn1mE1n2CamW2IiH4H9uvHHOY,9,plain,none,mixed,1 1 2 9 10 11 12 15 20
991W6HIpeA2pCieA5a52A0A1GIZ4,9,plain,none,mixed,1 2 2 7 7 11 11 12 28
991WH1Y4X2Ow8Y6a4L3Go0J8EIie,9,plain,none,mixed,1 1 5 8 8 10 14 15 19
991WHn4CiXqGbAXi916Gecmto7WW,9,plain,none,mixed,1 1 4 6 10 11 13 16 19
991WZ0n820ub0W0mn4GaBInK41uI,9,plain,none,mixed,1 1 2 4 5 12 14 15 27
991W50yI4XHrAGM21mOA1D2MKO19,9,distinct,none,distinct,1 2 3 4 5 7 17 18 24
991W8158dXd8PW8EL6XYvauJ9138,9,plain,none,mixed,1 1 3 5 7 12 17 17 18
991W5FLmArvSWY20G8StX3G8N6AI,9,plain,none,mixed,1 2 5 7 8 8 14 15 21
991WK30GiFiqB3aX80YGPXKQ40WI,9,plain,none,mixed,2 3 3 3 4 12 15 18 21
991W50N4i1uJ46-04q8X4hAfKasA,9,plain,none,mixed,1 1 2 5 12 13 14 16 17
991WDKoKua7IAL94762M9CiDB1-1,9,plain,none,mixed,1 1 7 8 9 11 11 16 17
991WA8Xa91CA50WGGC2WK5zIDYeo,9,plain,none,mixed,4 4 6 6 7 7 9 11 27
991WGA18qaobgO8ca6l3INatAXWI,9,plain,none,mixed,3 4 4 8 9 9 12 13 19
991W4X5eZGX0MifA4Y5iJ0fKPE0m,9,plain,none,mixed,1 1 3 6 8 8 11 20 23
991WE70K4Y6PYOr2WerC5CX18XC9,9,plain,none,mixed,1 2 3 3 4 15 16 17 20
991W4I3e37chvY1WC5ebi2XaKbZ4,9,plain,none,mixed,1 1 7 9 9 10 11 12 21
991W0vWGmf2fAD8ePg6IctYtjmI8,9,plain,none,mixed,1 3 6 9 9 10 11 12 20
991WW8Cg4X9A8aGmR2mdG7aL5eB2,9,plain,none,mixed,1 2 2 5 8 8 11 22 22
991WIII5QCYkafA3873O926boS4W,9,distinct,none,distinct,1 3 5 6 7 12 14 15 18
991WafH8Kc6GxAIA04uC6sTaeH08,9,plain,none,mixed,1 5 5 6 7 12 12 12 21
991W816WYeAy4m30G2Kax2OQ7YJY,9,plain,none,mixed,1 1 1 4 8 9 13 18 26
991W45qQ0XGu28c4Kb2Gd2I9K52J,9,plain,none,mixed,1 1 2 5 6 9 17 19 21
991WJ8nv6WO4cE1WGSOaHX8KI70m,9,plain,none,mixed,2 3 3 5 7 8 10 21 22
991WCv8A107iML10H8Y33qmcEXg4,9,plain,none,mixed,1 2 2 4 7 8 14 15 28
991W8a9198f8Q1e6E2YYD3SXC6eA,9,plain,none,mixed,1 1 4 7 10 11 15 16 16
991WL5A9441AcebA8aSI4kI8Y4Sa,9,plain,none,mixed,2 3 5 5 6 8 9 17 26
991WGtCyuA1mA4D281XcY2H2Oc8X,9,distinct,none,distinct,2 3 4 5 8 10 11 13 25
991W92jCoGYQ6gWu9HfgAIAOUB92,9,plain,none,mixed,1 5 8 9 10 11 12 12 13
991W10mK8q8IKHUK2GWUBa308YKm,9,plain,none,mixed,1 1 1 2 9 11 13 20 23
991WZK51MXOE3Go84P0W82YH0YP2,9,plain,none,mixed,1 1 2 6 7 7 8 24 25
991WMIaiRoal9220826HX0G4NcOA,9,distinct,none,distinct,1 2 4 8 9 11 14 15 17
991WAIee4CaX28n8Gbb0B3m71CHG,9,plain,none,mixed,1 1 3 3 6 6 13 22 26
991WW37Hz2TGZWTWGfRBgXOKAJQD,9,plain,none,mixed,1 3 6 6 7 12 12 16 18
991W3maHaH1GC215D0GD2b0GaH4G,9,plain,none,mixed,1 1 2 3 4 8 13 23 26
991W0W85ud9rX4I8D2C6CYOdR2H8,9,distinct,none,distinct,1 4 6 7 8 9 11 12 23
991WIqT0GA7IO8iY4HOO3mU4H4eH,9,plain,none,mixed,2 3 3 3 5 8 10 16 31
991W8ZdkOH8aYWvI9aGLMO0bJl20,9,plain,none,mixed,1 2 2 3 9 9 10 15 30
991W1X8K2OG5paaY6mK10Q6KyZS8,9,plain,none,mixed,1 1 3 3 6 8 8 14 37
991WICieAB9QIAW4Kej12Xw1W5IK,9,plain,none,mixed,1 3 4 5 5 9 11 16 27
991W22I9H6BW10G7E7HGb9Jq83bO,9,plain,none,mixed,1 2 2 3 9 10 11 21 22
991WY28EQ1EL52WW79IaLr7Ik0WK,9,plain,none,mixed,1 2 8 9 9 10 13 14 15
991W2RWjJa1Wu5kGWaLeWaBHaQ91,9,plain,none,mixed,2 3 4 7 7 8 8 11 31
991W5HCI1WbC53JC1GGD3YaqY9X0,9,plain,none,mixed,1 2 2 4 8 8 13 18 25
991W108uY7DKo0eZP598CLLMsX09,9,plain,none,mixed,1 5 6 6 9 11 14 14 15
991W20I80mK1CJOsO20W92BYEYeW,9,plain,none,mixed,1 2 3 3 4 8 11 15 34
991WIAgeL4G437I72AcY8H8q8E7W,9,plain,none,mixed,1 2 4 8 9 9 10 17 21
991W549XGa56WaX5C3Qeo4XBndWH,9,plain,none,mixed,1 2 8 8 8 9 11 17 17
991WC0aOA6W83XOa61W8eSA6WOH4,9,plain,none,mixed,1 1 2 5 6 7 16 21 22
991WeaecS14HileY9A5IfA5YOWGG,9,plain,none,mixed,1 6 6 7 8 8 8 14 23
991W40g6XOeYKRgPGWaF38fGCAUG,9,plain,none,mixed,2 2 5 6 8 10 10 15 23
991WE2ygD4XTKgeQ0m8IWJgKQ8n0,9,plain,none,mixed,1 1 5 6 6 10 16 18 18
991WYef758Q4Y2XOa48Z8H1KA50m,9,plain,none,mixed,1 2 5 5 5 8 14 17 24
991W40GAj2Y3Ix0Q8XqR8RBTBM9e,9,plain,none,mixed,2 2 5 9 9 12 12 13 17
991W956S-a8q4n0427Ye5CcPV4gC,9,plain,none,mixed,1 4 8 9 9 9 10 14 17
991W2XKG2C5y_Pff50aI6VX0ZerI,9,plain,none,mixed,3 4 4 5 5 5 10 19 26
991Wc8kI12Wa41380YCYDjMSf8H4,9,plain,none,mixed,1 1 5 5 8 10 13 14 24
991W8oYXWezCU78GH2mfJ4cJXopK,9,distinct,none,distinct,1 4 5 6 8 9 10 13 25
991WOQ68aA2AZZKae882MMf4GqaA,9,plain,none,mixed,2 2 4 6 6 10 10 20 21
991WeI9SdAb9IKnAY21eC40WKvC3,9,plain,none,mixed,1 2 3 9 12 12 13 13 16
991W650SB1UbMJu9X8nAVP162HC8,9,plain,none,mixed,1 4 5 5 6 7 14 19 20
991WGB1KB7iFAuI45DPkY30wHb12,9,plain,none,mixed,1 3 5 6 9 9 12 16 20
991W424E7Q8KQTYO218LtsGGJ7J2,9,plain,none,mixed,1 3 4 4 9 10 12 17 21
991W8a4bs3GK4n0m433GAH0mHC8c,9,plain,none,mixed,1 1 1 4 12 13 14 17 18
991WL54fIbN7vj4Y205i2r0mehia,9,plain,none,mixed,4 5 6 6 9 9 11 14 17
991WYT71B1mgAav20A1YMeeZ2W0W,9,plain,none,mixed,1 2 3 4 6 6 9 20 30
991WOgCI2eI5gWa4Ke82H2GL58P9,9,plain,none,mixed,3 3 3 4 8 10 13 13 24
991W6ffoaISee6WBr291DaO842aG,9,plain,none,mixed,1 1 2 7 10 11 13 17 19
991W92aiqcPgAQ914o0b433QOaV0,9,plain,none,mixed,1 1 6 10 10 11 12 13 17
991WN30Y6dOUIAX14X6FDM7OH411,9,plain,none,mixed,1 1 3 9 9 11 11 13 23
991W5oHAI92GDFeC3H91n542HwGa,9,plain,none,mixed,1 1 3 7 8 8 12 17 24
991W4XWU63J7Buv071iU18ovm2aZ,9,plain,none,mixed,1 3 3 4 5 7 9 23 26
991W2kc21GQgrAaHg4E5Iaz8Phf8,9,distinct,none,distinct,2 3 6 7 8 9 10 14 22
991W2WmfHmGCQ8bW5XKYHKLkeX91,9,plain,none,mixed,1 3 3 9 9 9 14 15 18
991W4792buAMLY0G8oUZOnWOCg2G,9,plain,none,mixed,1 3 4 5 5 9 16 16 22
991W4GwaA3h4o52GCbbOKCgiI90G,9,plain,none,mixed,5 5 5 5 7 10 12 13 19
991WINM0XeIS32zX1Kb8Yax1OL8G,9,plain,none,mixed,1 2 5 6 8 8 12 13 26
991W12CQ9aYGO2PH61GB_Dcf6fdO,9,plain,none,mixed,1 5 5 6 8 8 10 19 19
991W2ammhyaP1GKY22ZuYULba24a,9,plain,none,mixed,3 3 3 4 10 11 12 16 19
991Wi4WIY8G92VO2Ae72GQ9-PGS9,9,plain,none,mixed,2 2 2 4 4 7 11 21 28
991W9ZKoCJHXek4W104EY20WUFv1,9,plain,none,mixed,1 3 3 4 6 8 10 20 26
991W0l7iYihIPpn449GZX4ieJE8a,9,distinct,none,distinct,1 2 7 8 9 10 12 15 17
991WWeCZ8kJK6A0W6aLH2W8452Ia,9,plain,none,mixed,1 2 4 4 8 10 10 16 26
991WAXR14bvIGS80CLCaf5Z846T1,9,plain,none,mixed,1 1 4 4 7 9 10 21 24
991W13gA8exf8fAaWVRwHuGmgMnW,9,plain,none,mixed,1 2 5 5 11 12 14 14 17
991W06OGUKb1me8LfADHiU38IOoX,9,plain,none,mixed,1 1 6 7 9 10 11 13 23
991W4g5MPef8X8a2WrmGu41VIy91,9,plain,none,mixed,1 3 4 5 8 9 9 14 28
991WGJ9UA2Ba4gIG20VhXYDJFeY8,9,plain,none,mixed,1 2 6 8 11 11 13 14 15
991Wa20W81igaGm1GiJ4d1O92nSO,9,plain,none,mixed,1 3 3 4 7 8 14 16 25
991W91aKIJIWaB1nA24GZd30-FW9,9,distinct,none,distinct,1 2 3 4 5 11 13 15 27
991W9181SH3IHGY89IWIiaP6n4mQ,9,plain,none,mixed,1 1 3 6 7 10 12 13 28
991W64WIbJOtoHqO8XJInWfESHKe,9,distinct,none,distinct,2 4 7 8 9 11 12 13 15
991W110A9O5EA92WE2ec5TQy57XG,9,plain,none,mixed,1 1 3 7 7 12 14 18 18
991WXObDJWW6KWeKHaOG41VCDIW8,9,plain,none,mixed,1 2 2 7 7 9 12 15 26
991W8q8Kn41iJu9442FsUXeOHmI2,9,plain,none,mixed,1 1 5 6 10 10 12 15 21
991WWWDeObuzCGaKY0X8CZD4KQbX,9,plain,none,mixed,1 3 3 6 7 11 14 15 21
991W4kA2FM5GsYGMGkHocI8K9o08,9,plain,none,mixed,1 1 6 8 8 9 12 15 21
991WGK5Kg5TXM74G0Z93Vb1sJbP1,9,distinct,none,distinct,1 2 4 7 9 12 13 15 18
991W1I12es28h5k4C1jfpyp5GX6Y,9,plain,none,mixed,1 1 7 7 8 8 11 14 24
991W865XQa8gDH0K412OCZK93ZAK,9,plain,none,mixed,2 2 3 4 6 9 13 16 26
991W8i5qe1s5WlI4IB6IKoeoHiHG,9,plain,none,mixed,1 3 4 4 8 10 15 15 21
991W2JLj9duE50o2KL0eY5QX9H0m,9,plain,none,mixed,1 3 3 6 9 12 12 12 23
991WYDZMJJ2G40aJD9Y8a7CHGI0I,9,plain,none,mixed,2 3 3 4 5 11 14 17 22
991Wg3Sf5X0ma1GHWWG4h62WKxCI,9,plain,none,mixed,1 1 3 4 9 9 11 20 23
991We2Ca35n4IKGGaX8JCoeMGuD5,9,plain,none,mixed,1 4 6 6 9 10 14 15 16
991Wma4kJ0m8Y2WP79fgIKW8GE0X,9,plain,none,mixed,1 1 5 8 8 10 12 14 22
991W75G22GEoQcSaWev9H8W-V0aY,9,plain,none,mixed,1 4 5 6 7 7 11 12 28
991W13X8Gyf6f8H460r4WaAwj92W,9,plain,none,mixed,1 3 3 6 9 11 14 15 19
991WX20WKIWK9HOOg2WOjfcP51SX,9,plain,none,mixed,1 1 5 7 7 11 13 17 19
991W1HoCb2mqLCaK4a54MBEAGqF0,9,plain,none,mixed,1 5 5 5 6 11 12 17 19
991W8PdoYHOh8o944E31BBH8KN8A,9,distinct,none,distinct,1 2 5 6 9 11 12 15 20
991WX660GA4OFBeG4kcPJaH9pyoK,9,plain,none,mixed,1 3 6 8 8 10 10 12 23
991W82amIKabKJOe92GEekSk8IBG,9,plain,none,mixed,1 3 3 7 8 11 13 15 20
991WA90W12SQLf49LTRGQAaa2X8O,9,distinct,none,distinct,1 3 4 5 7 10 15 17 19
991WGO21I1eYGHuiCB0M6mWgAJRG,9,plain,none,mixed,1 2 2 4 7 10 14 16 25
991WA3TK60oIf8g88IX83jfWdj5H,9,plain,none,mixed,1 1 3 7 8 10 13 17 21
991WHDf5HaumY4PnH898HOrJYd4G,9,plain,none,mixed,1 3 5 5 8 12 13 15 19
991WggimB1CJu1mGGWO2578X4bQ6,9,plain,none,mixed,1 2 2 3 7 9 15 20 22
991Wf66vUeaA51GS6FW864r0nFW8,9,plain,none,mixed,1 1 6 8 10 11 12 15 17
991W0W6H-TinVoGmH4ngKI8C3PCH,9,plain,none,mixed,1 5 6 7 7 8 9 14 24
991W8XqXII0H41GY20Wu-NA2Gy8U,9,plain,none,mixed,1 3 5 5 6 7 15 15 24
991W4XX8fyI4WeL9I6aG862XbY8I,9,plain,none,mixed,2 4 4 5 5 9 12 14 26
991WCa5itCerAGe8232OSiwLoT8O,9,plain,none,mixed,1 3 8 9 9 9 12 13 17
991W2HIPea9rlAeHGHKHACCawkaC,9,plain,none,mixed,1 7 8 8 8 8 9 14 18
991W10XNUL7Gg7GIIKTKOHRY8K08,9,plain,none,mixed,3 4 5 7 7 8 11 14 22
991WfAOafMbbpY8HH38W1mOQH8Ec,9,plain,none,mixed,2 3 3 4 9 13 14 15 18
991W32yemP1WDb5880WstCCYPA9J,9,distinct,none,distinct,1 2 5 6 8 9 11 16 23
991WCH4877ZH813G20KGZd1OQ6Wa,9,plain,none,mixed,1 1 1 7 8 8 14 20 21
991WqWgiCKvw62n4Gg8tIF8BS3G4,9,plain,none,mixed,1 1 5 9 10 11 12 13 19
991W4Q1GaAb9GO62Y7eqx1mG4168,9,plain,none,mixed,1 5 5 5 5 6 8 21 25
991WGO52egOI4maMBSKb7H8H64C4,9,plain,none,mixed,1 2 4 4 11 11 13 13 22
991WC2eGLDGSP6U15GmXP8XCOUBW,9,plain,none,mixed,1 1 2 7 11 12 13 15 19
991W4XeyXR8CVFm9GcbiDJgHw301,9,plain,none,mixed,1 2 5 8 9 9 10 15 22
991WKKa8g8M10dWMPc8X4f4I2mnG,9,plain,none,mixed,1 2 3 4 7 12 12 17 23
991WoafAHiJ6D10G48Ga9Y82D0W8,9,plain,none,mixed,1 1 1 9 9 12 13 15 20
991W4hCJq50I68YGKgAAIWC41AWe,9,plain,none,mixed,2 2 4 6 7 11 11 15 23
991Wg4MAIb4aEWKA2EY82XJ3Z_aY,9,plain,none,mixed,2 2 3 7 8 10 15 16 18
991W8AgL4p8eGGCqeW84LKoCxKOH,9,distinct,none,distinct,1 2 3 4 10 11 12 18 20
991Wa0FAjB6eK4We9D2ra3vGO81O,9,plain,none,mixed,1 3 3 3 4 10 11 19 27
991W8n0YF1p4oaPA1WW8s30F9C10,9,plain,none,mixed,1 1 1 5 6 15 17 17 18
991WGeEQ10GO9-ap8i52H2bFOqI0,9,plain,none,mixed,3 3 4 5 5 7 12 17 25
991WJ8usJBTXIGc94SXs2d84BDJ0,9,plain,none,mixed,1 2 5 9 11 11 12 14 16
991W60GBHImK5vemEZa949pd8KHI,9,plain,none,mixed,1 2 2 4 9 11 13 14 25
991W22eQ61HyIrYI824fvOgJXo8a,9,plain,none,mixed,3 4 7 7 8 9 12 15 16
991WGX5XkKCJqoK24oNRsY0mCx0H,9,plain,none,mixed,3 4 4 5 7 9 12 15 22
991W0XeHDg2WobuY2XGJ9fLMPH1m,9,distinct,none,distinct,1 2 3 6 7 8 13 20 21
991W4f8C78mQ62aeo10G4cWmI0G7,9,plain,none,mixed,1 1 1 6 7 14 15 17 19
991W2fR6f4ZKZ4616eNwoeQSGY8W,9,plain,none,mixed,2 3 6 8 9 9 14 14 16
991W0WqgwF1Y8oLKA205IL20GkWj,9,plain,none,mixed,2 2 2 5 5 8 12 20 25
991W125AISWu1mS5L4mKtDIa8MIG,9,plain,none,mixed,1 4 4 5 8 10 15 16 18
991WWeCG9535AEiQHGeTAN1qI4g5,9,plain,none,mixed,2 3 3 5 5 6 11 22 24
991W4Hg2H0J62i105db6HeP4P8gA,9,plain,none,mixed,1 3 4 6 7 11 11 16 22
991W10KF2oGeX2H42GyF51HSeD0G,9,plain,none,mixed,2 2 3 5 6 7 12 19 25
991WGw8Q92IGYag0H8k9OIrAOWM5,9,plain,none,mixed,1 3 4 4 10 10 13 18 18
991WO56Gf9EHgX4i8492zISW4G_G,9,plain,none,mixed,1 2 3 5 8 13 13 17 19
991W08vIqwwKc2H8b68J25g7MA2G,9,distinct,none,distinct,1 2 4 5 6 11 15 17 20
991WA6AAySrn4Xe544YaM76QapGH,9,plain,none,mixed,1 1 7 8 8 9 12 15 20
991Wo518KB9174G1ZHKQ2kmE2HaK,9,plain,none,mixed,1 1 3 4 8 11 13 19 21
991WIuWGl3CBb596LA8Y2bKf7f04,9,distinct,none,distinct,1 3 5 6 8 9 14 17 18
991W9Q2W41mwJZaueW84AXGKYe81,9,plain,none,mixed,2 2 2 2 4 8 12 20 29
991W4HKc8k8jKcXO60WMGOQ894g6,9,plain,none,mixed,1 1 3 7 8 10 12 15 24
991WYYmffPW428Gn8ec9EIX-aH50,9,plain,none,mixed,1 3 4 4 8 10 12 17 22
991WXeb5QMaiN8X81aKQDZ3Y28WG,9,plain,none,mixed,1 2 3 5 13 14 14 14 15
991WaebeX8ICxQZ816958A0e1eP4,9,plain,none,mixed,2 3 3 4 7 9 11 19 23
991W1CUOHA1aGi91WRfKI2XeL97G,9,plain,none,mixed,1 3 3 4 8 10 11 19 22
991WY38inC41aqbA98gW8EQar9E2,9,plain,none,mixed,3 4 4 5 7 8 9 11 30
991W62HKb8XZ5oGcYAZ4oXoK0me2,9,plain,none,mixed,1 2 4 5 7 8 8 10 36
991WS7GX4P8C18H4IbaOE4X4Y93G,9,plain,none,mixed,2 3 3 4 7 10 14 18 20
991WC90EAIuYiiqbH862fMCwK28G,9,plain,none,mixed,1 1 4 4 9 12 14 16 20
991W2WK42ZM1Pag22WyA50o_vL24,9,plain,none,mixed,2 3 3 3 4 8 12 19 27
991W8aCNIccOA8HCC3_sQ0GZG90e,9,plain,none,mixed,1 2 4 5 9 9 14 17 20
991W38d2mhB1sL28WaCO40tAoef2,9,plain,none,mixed,1 3 4 6 6 10 11 18 22
991W4YWnzdGaL8mW5oGAZ-CX4A30,9,distinct,none,distinct,1 2 5 8 9 10 12 13 21
991WOgGuI0I94GaIN90W84TOY0aA,9,plain,none,mixed,1 2 3 3 8 8 13 16 27
991W4afA1eg69eiiC2U7X8G_6042,9,plain,none,mixed,1 2 8 8 8 9 9 15 21
991WO4WcA2tX9KK420nBuU49T1G9,9,plain,none,mixed,1 1 3 4 7 13 13 18 21
991WI8aesoKq20aG4E1GV4KM4YB9,9,plain,none,mixed,1 1 7 8 8 9 11 15 21
991W1L-PZ8r274X434IAYgoJRAWG,9,plain,none,mixed,2 3 6 8 8 11 13 15 15
991W2WKQ3AX08NG4AJ4-AKhI8yD5,9,plain,none,mixed,3 3 4 7 9 9 9 15 22
991WC9493GegL1GaGeA42Soaa9oC,9,plain,none,mixed,2 4 5 5 7 9 11 14 24
991WGucFm2cD4CWa9RefC3Qbp2mG,9,plain,none,mixed,1 2 4 4 6 13 14 17 20
991W10G6KYceS4IWB2KI4JSpK30e,9,plain,none,mixed,1 3 4 5 8 8 11 20 21
991W47oMa9820K99IaA0G5YPELPH,9,plain,none,mixed,1 3 3 4 7 10 10 10 33
991W4HmR8PRm948f4HKQ9JMKIZd8,9,plain,none,mixed,1 2 4 8 10 13 14 14 15
991WOALQgQnC90eJ5Em8PYTKWk0H,9,plain,none,mixed,1 2 3 6 8 9 14 19 19
991W0WknKYWuYH8Orh2Wr8jKLAT1,9,plain,none,mixed,1 1 3 3 9 10 14 18 22
991W5YNeg60mA2HaG319c1nA28X8,9,plain,none,mixed,1 3 4 8 9 9 15 15 17
991W5XLGGAH6GOGHL4yvCH0GHy-8,9,plain,none,mixed,2 3 3 6 7 7 10 21 22
991W2HIICemFmS8YIpGn8D14r9eG,9,plain,none,mixed,1 5 5 5 8 8 10 12 27
991WB1bVKGaa6HqH61X8p3mXpguW,9,plain,none,mixed,4 5 6 8 8 9 11 15 15
991W20yo4eWG2nE4HLnSF4-HKOJ1,9,plain,none,mixed,1 1 5 5 11 11 12 14 21
991W8Q5We8Y5WbnaY6904H891mL9,9,plain,none,mixed,2 3 4 5 5 6 6 22 28
991Wa4aG22a2Cg5XJCyE4lGC30hG,9,plain,none,mixed,1 3 3 6 7 10 13 18 20
991W8eM6f18XeZ8X4eI4Eo8Yiat0,9,plain,none,mixed,1 1 5 6 8 8 13 15 24
991W3H48CLuOjmmY2WmK8-SHZP9a,9,plain,none,mixed,2 2 4 7 9 10 12 16 19
991W8rQQA8cMh0u2WlGqeexf9eWG,9,distinct,none,distinct,1 4 7 8 9 10 13 14 15
991Wq59O9S46yH4WAhGQBOpir1mX,9,plain,none,mixed,1 5 6 9 9 10 13 14 14
991W8neI4j8G829441W9ZaA2WueA,9,plain,none,mixed,1 1 5 5 8 9 13 17 22
991W9289GQAJQqOgD20rQcu9Yb98,9,plain,none,mixed,2 3 5 6 6 11 12 16 20
991W2XQsL4v8D4Ya8M178fG7o30m,9,plain,none,mixed,1 1 5 6 8 11 11 13 25
991W6YV9PAA4TnP48buBzN2GUQH2,9,plain,none,mixed,3 3 6 7 7 11 12 14 18
991WW8YOf4o80WO89DZ8-BWD9YCZ,9,plain,none,mixed,2 3 4 5 5 8 12 20 22
991W21eIn8003FWOAX4Y8Q9aSfAI,9,plain,none,mixed,2 2 4 6 6 7 9 14 31
991WagnCEKCWK5X41aOur6EHi2W8,9,distinct,none,distinct,1 2 4 5 6 9 10 20 24
991WINcY2WP9r8YG36WYecK-94mC,9,plain,none,mixed,1 3 6 7 8 11 12 12 21
991W42Gb812sd8H4Hab8b8A4A2Ha,9,plain,none,mixed,1 1 3 7 10 10 12 15 22
991WX0WUCDdweM0WX18LA4ImK3mc,9,plain,none,mixed,1 1 4 5 6 10 12 19 23
991WAIaNU7y1M2302GWdJ4uqJ3I8,9,plain,none,mixed,1 1 1 4 9 11 16 18 20
991W8aBEw1X9CiK4KX6k6XH08eQ9,9,plain,none,mixed,2 2 4 5 5 7 11 15 30
991WY3MiK98od610Hhg9fbIo50Z8,9,plain,none,mixed,1 1 4 7 7 11 12 19 19
991WXEigZ8ZK0aIY1cUfY8IS9uH4,9,plain,none,mixed,2 3 6 7 9 9 13 15 17
991W8I08qmmyGQB262eVM7GG52QK,9,plain,none,mixed,1 3 5 7 7 7 14 18 19
991WYLGU8YxIiQaOISWC8SemoCH1,9,plain,none,mixed,3 3 4 6 9 10 15 15 16
991WZKa1HWqUmL648gLMLbc58HqX,9,plain,none,mixed,1 3 3 4 7 7 12 15 29
991WAWa48WM5KaWIB2GZavPN8vH4,9,plain,none,mixed,1 2 3 6 8 8 12 16 25
991W10f8820aAGk4Gq8YB2p9HSR1,9,plain,none,mixed,1 2 4 5 8 12 14 14 21
991WqHug9hD8X92348m8M1ktGOaG,9,plain,none,mixed,1 1 1 6 8 11 15 17 21
991WmWXE8l7nI3Wm191cKbMmq30a,9,distinct,none,distinct,1 2 4 6 8 9 10 20 21
991WGJeF26mzIa302GYKn8WsGgH8,9,plain,none,mixed,1 1 2 4 9 9 13 21 21
991WaPHApAgJwF0A164K2KyGy8M9,9,plain,none,mixed,1 2 7 9 9 11 11 14 17
991W0e8YCJGgiaj0XKD291uH6RA1,9,plain,none,mixed,2 2 3 4 9 12 13 15 21
991W14-Y26bJpSmaXE4mMLsaP8XI,9,plain,none,mixed,2 3 5 5 9 11 13 14 19
991W0IIAOdWioCW8XE7iA31Co9YO,9,plain,none,mixed,1 1 2 7 11 13 15 15 16
991WX1Wav8mT7sHYe1WgMfB41G88,9,plain,none,mixed,1 2 7 8 8 9 13 14 19
991W8WXe4oGnXAX4H4CZzCWhFfwY,9,plain,none,mixed,2 2 4 7 8 9 9 13 27
991WWsT1jhViYgAAGEX4eukCP0Wm,9,plain,none,mixed,1 3 3 8 8 8 12 15 23
991W1GeI59gHD2284HGK4rd8Veu2,9,plain,none,mixed,1 1 4 7 7 12 14 16 19
991W27DHanOCqjWa5264HOw1dE8I,9,plain,none,mixed,1 1 4 7 8 9 11 17 23
991WajJIkYE83n0GA9my11Ogx0eK,9,plain,none,mixed,3 4 4 7 9 10 12 14 18
991W20I82sbKR3L28a9HJKhi8p89,9,plain,none,mixed,1 4 5 8 9 12 12 13 17
991W62W-ZZv4cLaI8JSuo3KCH0q8,9,plain,none,mixed,2 4 6 9 9 10 10 14 17
991W250mUJSfY0aY61xkYuCuC2aM,9,plain,none,mixed,2 3 4 4 5 12 12 15 24
991W1IQM52mM63X8W-FYEKnGX2Ye,9,plain,none,mixed,1 2 6 6 8 9 12 17 20
991W8KH6MEYNHXo42HIA4YqcgiX4,9,plain,none,mixed,1 2 5 9 10 12 13 13 16
991WW24Yf1LQGoIO99MR6GG9AagK,9,plain,none,mixed,3 4 6 7 8 8 9 13 23
991WX2HSa8X40mG23AJ8oDYe9oOY,9,plain,none,mixed,1 4 5 5 8 9 11 14 24
991W2HA9IfCmR8uIH3yD2zQ5WkWG,9,plain,none,mixed,2 3 3 7 7 7 9 19 24
991WY0o9YF7CR2eLmWOI3HI9Ga4u,9,plain,none,mixed,1 1 6 6 6 7 8 20 26
991WI4qTFQmB1SKG4Gf9OH55Z8YH,9,plain,none,mixed,3 5 5 5 8 10 12 13 20
991Wa9Ga2G9eIJE8GWCBPQQRkx64,9,plain,none,mixed,2 4 5 5 6 7 8 17 27
991W8IAFZqHaC4WG1LLAJaiOH9H4,9,plain,none,mixed,1 5 6 7 10 11 12 12 17
991W1058UBtVuY8uH58e5255sTG4,9,distinct,none,distinct,1 3 5 6 8 11 13 16 18
991W81U7JYe9Z4H25d9Go8YYDOmW,9,plain,none,mixed,1 1 4 7 10 10 12 15 21
991W692GQ4PczQ58W2Kg5JE2a9IJ,9,plain,none,mixed,1 2 4 5 6 12 12 14 25
991Wb8oW7YnLIXGY8K5BCwnA9n0S,9,plain,none,mixed,1 3 3 3 4 13 14 17 23
991WQnEZzoOEo2qYG1QWMgeX1WCI,9,plain,none,mixed,1 1 3 4 8 11 13 19 21
991WJ4uv2GOC2cA20m91Oa8SJD20,9,plain,none,mixed,1 1 1 4 6 9 14 15 30
991W90rYbCB4g0GA8YHKyi87U0d9,9,plain,none,mixed,1 2 4 6 10 12 12 13 21
991W2AGAB2WqCKm4GO62P6hJhix8,9,plain,none,mixed,1 4 5 6 9 10 10 15 21
991WWIrFD4aGoEGP4PJvAZ-2KJ68,9,plain,none,mixed,1 1 4 7 9 12 12 15 20
991W5H4A58X4B2Wu61WK57KQeC00,9,plain,none,mixed,1 1 2 5 9 10 11 17 25
991WP6WeAvUIZ8WK4GH4L4MJ3208,9,plain,none,mixed,2 2 4 5 10 12 14 16 16
991WuT9s5IHKp5IXH0CeqKv84R4W,9,plain,none,mixed,2 4 4 5 10 11 14 15 16
991W14HQS2GdMU4HWe4q5r8qv8Y1,9,plain,none,mixed,1 1 3 7 8 13 15 15 18
991WGq9GS70GPIOM4X8i5K10H0Q4,9,plain,none,mixed,1 2 4 5 8 8 9 13 31
991W61WIawKY4XYK8GW858H7NWma,9,plain,none,mixed,1 1 4 6 9 13 14 16 17
991W12OYKa8ZA30m20WuiOA4HCZ4,9,plain,none,mixed,1 2 2 4 7 12 15 16 22
991W20a83cwYkOga4HW84nKe8HRG,9,plain,none,mixed,1 1 2 5 10 11 13 17 21
991WiDPPeMPhZO404NI492HAb4WP,9,plain,none,mixed,3 3 4 5 6 9 12 16 23
991W0W62H25X8IKeJ2mK10G5DlOn,9,distinct,none,distinct,2 3 4 5 6 7 9 10 35
991W1YCBicX4ihw2A1q9vF6Q5K2W,9,plain,none,mixed,2 3 3 5 9 10 16 16 17
991W41iceKfM93798J0bLfb89h90,9,plain,none,mixed,1 4 7 9 11 12 12 12 13
991WYOX2H24L29o4K58I2WrEU1Y4,9,plain,none,mixed,1 2 2 4 9 12 14 15 22
991WG811lWOUaf559F4H8JWa8Ij8,9,plain,none,mixed,1 2 4 5 5 6 15 20 23
991WAH8fgc9kBGW9S514Wi8O4lOH,9,plain,none,mixed,1 1 2 6 7 11 14 17 22
991WP2JGLpihIn0G8aBK279Y4Y06,9,plain,none,mixed,1 1 6 8 11 11 14 14 15
991W04Db5FWnC3WeA33OgPAOo8Wa,9,plain,none,mixed,1 3 3 7 10 11 13 15 18
991WaKACa7093JuX6EWmAgd4uIEe,9,plain,none,mixed,1 5 5 6 8 9 12 17 18
991W47H72WX6e0W1HaAkwggPDKae,9,plain,none,mixed,1 1 6 8 9 10 13 16 17
991WS1G4AKYCC72e20sM86LagAYO,9,plain,none,mixed,1 3 7 7 7 8 13 17 18
991W2mRcAWQA8c8CIIL65HMu2OG4,9,plain,none,mixed,1 6 6 7 7 11 11 15 17
991W14D8GH54U8H4afDSMaGcg6ZW,9,plain,none,mixed,1 3 4 6 8 11 15 15 18
991Wj7WOAHuP4hXH0O93S12N3n4i,9,distinct,none,distinct,1 2 3 4 6 10 14 15 26
991W614LNXQO3GO4AYOM5f8gJMQ0,9,distinct,none,distinct,1 3 4 9 10 11 12 14 17
991W514g51aMWOIOH4H4P359zju4,9,plain,none,mixed,1 3 8 8 8 8 12 15 18
991WPAX8P8GiDjOP0jbQE3oH8IGb,9,plain,none,mixed,1 3 7 9 10 11 11 14 15
991W0neijyIbXHvI80OVKw91M2gG,9,plain,none,mixed,1 2 4 8 9 10 10 16 21
991W610xK6JZpIi92GCnJhvRHIf0,9,distinct,none,distinct,1 4 5 6 7 10 11 17 20
991W4I4A5fP8o2GI50e8oseA8qfA,9,plain,none,mixed,2 4 5 6 6 10 14 15 19
991W1KYp4XGuf5H8hCf88aUFaC0W,9,plain,none,mixed,2 2 3 5 10 10 14 15 20
991W07Ge_QOZQI8IJ6IoOP3c3XWY,9,plain,none,mixed,1 5 5 6 7 8 9 18 22
991Wc5IWIBZZBbqY4FHBSMh50Wi4,9,plain,none,mixed,2 3 5 6 6 7 9 11 32
991W222eoXT4C4WPqeA_sSOK230f,9,plain,none,mixed,1 2 3 5 6 15 16 16 17
991Wg4H7XvrbQbes2AY12X6C4KG4,9,plain,none,mixed,1 2 6 7 7 9 12 13 24
991WeN5g20ZfHnWO28GgXaL6H29e,9,plain,none,mixed,1 2 4 6 11 11 11 14 21
991W5JAHAaQy2I5W86nrYYOOZEH1,9,distinct,none,distinct,1 2 3 8 10 12 13 15 17
991W2cfMESxBAMWIXf8bqeDj5JW2,9,plain,none,mixed,3 3 6 8 9 9 10 11 22
991W0cPum70p8aX9832AC4HcfcXb,9,plain,none,mixed,1 1 4 5 10 12 13 15 20
991W9JEBV14bN91B67jSADsAj3K0,9,plain,none,mixed,1 4 5 8 9 10 12 12 20
991WYOf7Gq2WKX0G24mE1WB2efH4,9,plain,none,mixed,2 2 3 3 5 8 11 12 35
991W4Oaii466U51GWNrY5A8aJ4YG,9,plain,none,mixed,1 1 2 5 8 11 12 17 24
991W20g8SB9GY1OgO3uY2pJJqWa9,9,plain,none,mixed,1 2 2 3 13 13 14 16 17
991WGWe7XJal4610812JZfHKA6G4,9,plain,none,mixed,1 1 3 7 8 8 15 19 19
991W8I4faH45Kg9a52SWOsqj8II0,9,distinct,none,distinct,1 2 3 5 10 12 13 17 18
991W8eHQKGbjIY1GK93FIpf4o2u2,9,distinct,none,distinct,1 2 4 5 10 12 14 15 18
991WM8I7IOnADIoG2RW40OUaErSX,9,plain,none,mixed,1 1 7 8 9 9 10 11 25
991W0a5FY0gaH44Sk8GbAIXHFySa,9,plain,none,mixed,1 1 4 7 9 11 15 16 17
991W71TW8E1MjeM4B314IeG4IOT4,9,distinct,none,distinct,1 3 4 5 6 9 10 17 26
991W4mOMC20WMAYm0W849lNmC12G,9,plain,none,mixed,1 2 2 4 5 6 10 25 26
991WZ8LmBKvAKYue0a8oGcJAeR51,9,plain,none,mixed,1 4 5 6 10 11 13 13 18
991W40YEZzI7HYb8K1GB290YKXWd,9,plain,none,mixed,1 2 2 7 9 10 13 18 19
991WahHqNBHCYf4W6KGuYICPXGC2,9,plain,none,mixed,1 5 6 7 7 8 12 16 19
991W40oka4gbW80WIXKTSD2e95nK,9,plain,none,mixed,2 2 3 4 6 9 13 14 28
991W8M1u7XmOc8W4XO8Y8aW9C12G,9,plain,none,mixed,1 1 2 3 5 12 18 19 20
991WKeo4JLGaICI2Gg4C29XkeI0G,9,plain,none,mixed,2 3 3 4 9 11 16 16 17
991W1WeDOtf7KAIW2WWYAJVFA4mO,9,plain,none,mixed,1 2 6 8 8 8 12 16 20
991WD38HfqXMfZz0Pb1L9GeHgD6I,9,plain,none,mixed,1 3 4 6 8 12 12 17 18
991WArXAAZnGeA2WWOGeb4WG6CX8,9,plain,none,mixed,1 1 3 7 9 11 11 14 24
991W2JGf8aHS88m82WaLXyjkiO5X,9,plain,none,mixed,1 1 5 5 6 9 13 16 25
991WO4xCm2ab7WuGH1IKb9CiWKHO,9,plain,none,mixed,1 1 6 6 8 10 12 13 24
991WmU5aOma4DWCgKXA25HCQV4aY,9,plain,none,mixed,2 2 3 6 8 9 14 18 19
991WX38zL8H8QkgCe3ebW31OiNGK,9,plain,none,mixed,1 2 3 7 9 9 12 17 21
991WB5IOLYqafFmmH27IG99f63Wm,9,plain,none,mixed,2 2 4 6 7 11 12 16 21
991WHf7bY21-OkGM0j4yLPYaIy0W,9,plain,none,mixed,1 1 4 7 8 11 13 13 23
991W4X7IGGWuBOA5O48oF1GA3UyO,9,plain,none,mixed,1 1 2 6 9 10 15 17 20
991WHKai8WaBG2100mD7D3J8Q5I8,9,plain,none,mixed,1 2 3 5 7 9 9 22 23
991WA6pKkX8ahk7WG1IsJ5GYZAAX,9,plain,none,mixed,2 4 4 8 8 10 14 15 16
991Wu8YqqGnaHGK20f8io9X8CpCa,9,plain,none,mixed,1 1 2 4 9 13 15 16 20
991WK23eZ8aeCIee24Yem4OZ4n8S,9,plain,none,mixed,1 2 2 7 9 12 12 18 18
991W54JH2AOz31KGK2Z8r7j1Kaej,9,plain,none,mixed,1 6 7 7 7 7 10 18 18
991WY4YFa_TMdqS9WkmpAnCqGKG8,9,plain,none,mixed,1 5 5 8 8 10 12 13 19
991W1WgKv1hbf2bAHXWbE4YIMWi4,9,plain,none,mixed,1 5 8 8 9 9 13 13 15
991WK6GY9EXZQ1WOY912b9Q8U1GS,9,plain,none,mixed,1 2 2 3 12 13 15 15 18
991W91REIaJqY0K9eiZ4o4GNCeA0,9,plain,none,mixed,3 5 5 5 7 8 13 17 18
991WGcfif291mWq04YQAWe8XKeo7,9,plain,none,mixed,1 1 2 7 8 10 11 18 23
991W75pQ10kjQEmYGYt8mI4QRHG8,9,plain,none,mixed,2 3 3 5 7 8 11 14 28
991WD3HAWW8996LcC21214GeR4r2,9,plain,none,mixed,1 2 3 6 6 8 12 13 30
991W51nop8Y9Y30GC1928sA0S10S,9,plain,none,mixed,1 1 1 3 10 11 12 16 26
991W0dr4JChOGL0W41IBIuHWa8XE,9,plain,none,mixed,1 2 2 3 9 10 13 15 26
991WGWaX8T9rVa5741Y8qiH2ITuG,9,plain,none,mixed,1 1 5 7 8 9 16 17 17
991WmJSiqXC26Z8eA9YeAkM2eb49,9,plain,none,mixed,1 3 7 7 8 8 9 10 28
991WAXN6I4GyVP8O36z9mmYpGU8a,9,plain,none,mixed,1 4 5 7 7 7 12 19 19
991W2KaXvoGi4F0OeP9XHaK891I4,9,plain,none,mixed,1 1 6 6 8 10 14 15 20
991W82fge5GR1MWc4J5AE2IFbJWo,9,plain,none,mixed,1 4 5 7 9 9 13 14 19
991W1YGb2gMM92D8X92HRMbOfZb2,9,distinct,none,distinct,1 3 7 8 9 10 13 14 16
991W8o2SGO6Wg3OY4dX8HIP28Q8A,9,plain,none,mixed,1 3 3 4 6 9 10 17 28
991Wf1YOCiBPweP9m34ob4YZ8XqG,9,plain,none,mixed,1 4 4 8 10 10 13 14 17
991W9afI9ICb8Nc4007YKNAn7JKG,9,plain,none,mixed,3 5 6 7 7 7 8 16 22
991W6gO980WFM8i8nGO2ydI6IaKg,9,plain,none,mixed,1 3 3 5 7 7 10 19 26
991W20peGu10K6IWH3r49YBYOL5X,9,plain,none,mixed,1 5 5 5 6 7 9 13 30
991W60eiHpVAnGW8AY8uKCWkGgQ8,9,plain,none,mixed,1 2 7 7 8 12 13 13 18
991W6XeJ52KB10I82GW861XTQ2HG,9,plain,none,mixed,1 3 4 5 7 7 14 19 21
991W0WdY8KX3BgIWHYHKKbASctM9,9,plain,none,mixed,2 6 7 9 9 10 11 13 14
991W8HgA2eY5513WK2KafU8Q6CX4,9,plain,none,mixed,1 1 3 9 11 11 12 16 17
991WX0gO6APIHh46g5jHIX-Va4T4,9,plain,none,mixed,1 5 5 10 10 11 12 13 14
991W2ZGfHfL8X1oa4HugYz9zY3X0,9,plain,none,mixed,1 4 4 10 10 11 11 13 17
991W8I0WeF0kHWOSAW8S40a42GI4,9,plain,none,mixed,1 1 1 2 3 7 17 18 31
991WWWoK4p9IZ8m8eKH8K6IXf3G4,9,plain,none,mixed,1 1 3 10 11 12 13 14 16
991W0WE4H7Uwe2LHGYWH41KTHbgG,9,plain,none,mixed,1 3 3 6 7 10 10 18 23
991W8QKq80O9wGeqmWG2LJGvYPfG,9,plain,none,mixed,1 1 2 8 9 10 13 13 24
991W2JZe26z9EWK6DbOwf6AIY9S0,9,plain,none,mixed,1 3 3 4 10 11 13 15 21
991WMCGa4XKXKQWKWa57B8k9C106,9,plain,none,mixed,1 1 2 3 9 14 14 18 19
991W718HSX8jG22W4H0c68W4Z6n8,9,plain,none,mixed,1 1 2 5 5 15 15 15 22
991WeaI28brG41KP8E0qX9gJsWeG,9,plain,none,mixed,1 3 4 4 5 11 14 19 20
991Wd0yH5T4nCS424ecQcb0GOA41,9,plain,none,mixed,2 2 2 3 8 9 11 16 28
991W79p2FsnWh9AYX2HmKo9C8b1W,9,plain,none,mixed,2 3 3 8 8 9 9 16 23
991W0HCP4X71meX82GKA2iBYufGm,9,plain,none,mixed,2 3 3 3 6 8 12 19 25
991W32Hh7H7mq1WKI48efB9H840e,9,plain,none,mixed,1 2 3 6 9 10 13 13 24
991W4ZJod074i6886aebWfQdMxYe,9,plain,none,mixed,2 2 4 8 10 10 11 14 20
991W8146H6c5nCXC8ImIYafJE5Y4,9,distinct,none,distinct,1 4 6 7 8 11 12 13 19
991W24oQ6I0WW30CYUylCa6HK30m,9,plain,none,mixed,1 1 6 6 7 9 10 11 30
991W31eZf24Kseu6KMHYIi05lbWW,9,distinct,none,distinct,1 2 3 4 6 9 13 14 29
991W1GZGE3ZzsCKW8aad8c2A1GMA,9,distinct,none,distinct,1 3 4 5 8 10 14 15 21
991W7DcfKMBuAoT42AH1T2mAYPGX,9,plain,none,mixed,1 4 5 5 9 12 13 16 16
991W4IAKUegqLAHYS1SasYWmMQ0W,9,plain,none,mixed,1 6 7 8 8 10 13 13 15
991W2i2GYOb5O4WKJ8n9JowDX0Gm,9,plain,none,mixed,1 2 2 3 8 10 12 15 28
991W8H58g2LUM3X84Y99wY5uP6Wu,9,distinct,none,distinct,1 4 6 7 8 9 10 15 21
991W8YKmy0iECAGC4Y4HbDRBX918,9,plain,none,mixed,1 3 4 5 10 11 15 16 16
991WX708GcOAYdj838fogMe8aA6Z,9,plain,none,mixed,1 3 5 5 9 11 11 13 23
991WA3XP6HR8mEWL8IX5XXyO2H5W,9,plain,none,mixed,1 2 2 5 8 9 15 17 22
991WY8-dJZ0e638CWc9IBJXJao20,9,plain,none,mixed,1 1 3 6 7 12 14 15 22
991WI4N2F0KII4WuO40b5IYSR4YG,9,plain,none,mixed,1 1 4 6 8 10 14 15 22
991WI2XGiIacfMIKF0le4L0810mY,9,plain,none,mixed,1 4 5 8 8 9 12 13 21
991WKAMbibIP4nC45OaHeH0SlOqe,9,distinct,none,distinct,2 3 5 6 9 11 14 15 16
991W8Wb5IfWIYeeiH5iBYfPu6Q1W,9,distinct,none,distinct,1 3 5 6 9 11 13 15 18
991W8600YTHRXue4OKpG41GlD3aJ,9,plain,none,mixed,1 4 5 6 6 6 7 19 27
991WW4mZCJB48qT12ePE2YBYBL94,9,plain,none,mixed,1 3 4 4 8 11 13 17 20
991W8GvfEGaBYCH49I92ag9AY4IG,9,distinct,none,distinct,1 2 3 8 10 11 13 14 19
991W45A6HPHaIGW40dhApXOHLBIY,9,plain,none,mixed,2 3 4 4 8 11 14 15 20
991WXLH0BaUM10X83OMyh61I9128,9,plain,none,mixed,1 1 2 3 7 13 14 18 22
991W80caF3GA5IaMH6Hap-GRJaU0,9,plain,none,mixed,2 2 4 8 8 11 15 15 16
991W8oWKQ28IYib05H8XQKNqb0A1,9,plain,none,mixed,1 2 3 6 11 12 12 15 19
991W3048615YBqlG20a622dSsjb4,9,plain,none,mixed,1 1 4 5 8 10 12 13 27
991W8XAAYypA2WaIH0GGa54H6ISK,9,distinct,none,distinct,3 4 5 6 7 8 11 17 20
991Wa0WK5tPCP1imXGKJ3im7IM9H,9,distinct,none,distinct,1 3 5 6 7 10 12 16 21
991WGWaOCGGCqpGG92AabyLfTl94,9,plain,none,mixed,1 3 6 8 9 10 12 12 20
991W0WXW3OZ46XmYK4HeQMofdvYe,9,plain,none,mixed,1 2 6 6 10 12 12 12 20
991WGJG8Xb8Kf4GAB1gBJP7nAGY8,9,distinct,none,distinct,1 2 3 6 8 11 13 18 19
991W5Yv6dY830nCGE2X8aADJ4m48,9,plain,none,mixed,1 3 3 4 8 9 13 13 27
991WAOcIeeD3J2-949cN94G41KeK,9,plain,none,mixed,2 6 6 7 7 9 9 11 24
991W4IAIg51H4GSO3LrPgL9ZOe68,9,plain,none,mixed,1 2 4 7 8 11 13 13 22
991WG12HdBY8XNIKK1EHYY0q8Y94,9,distinct,none,distinct,1 2 4 6 7 13 14 16 18
991W0G8ehY4WCCL6Sa52929IOD5A,9,plain,none,mixed,1 3 3 3 8 9 15 17 22
991W10WF38jKD8624Ge610w6shF8,9,distinct,none,distinct,1 2 3 6 7 10 11 14 27
991WGiAhIoKaP107B8nw51T7M4a0,9,plain,none,mixed,1 4 4 4 8 10 15 15 20
991W481120xafYfnWiYbg2aI50be,9,plain,none,mixed,1 1 4 7 8 9 10 16 25
991WeGHI28mqAS4DCQhBGoynx8m8,9,plain,none,mixed,1 2 6 6 8 13 14 14 17
991W2OfEH10M9Cm18k6IbeefTPaO,9,plain,none,mixed,1 6 6 8 8 9 12 14 17
991W5I8hK90uL9WO8JeCf2f4mYB2,9,plain,none,mixed,1 2 5 8 9 9 11 16 20
991WA88J3H9AGYy4BEpYOJc6jY5I,9,plain,none,mixed,2 2 5 7 8 9 12 17 19
991W2Wq6P9Y8JKr8I5HYKaeHXEGZ,9,distinct,none,distinct,1 5 6 7 8 10 11 16 17
991WJ15GoY0Wd51G91B1rR0ce91G,9,distinct,none,distinct,1 2 3 4 5 9 12 17 28
991W4fAoOYK4X1OLf28IQWW841CA,9,plain,none,mixed,1 2 3 9 9 10 11 16 20
991WeZOfB4bK4XmKY0WKH8h1ldWG,9,plain,none,mixed,1 3 5 8 11 12 13 14 14
991W30Z9c3Xv13KXH3HOHc75Ga8i,9,plain,none,mixed,1 1 7 8 8 8 11 18 19
991W1GMWa7AnSc1E55nGPKD20nnG,9,distinct,none,distinct,1 2 3 6 7 8 14 15 25
991WYA4m2DYFu2uaQ38ioB27YOPA,9,plain,none,mixed,1 2 5 5 9 9 9 20 21
991W0Gw1WaYaYA0WGnW83WxU4k92,9,plain,none,mixed,1 1 3 3 6 11 12 14 30
991W10SXB6Nn4K64J4LMAYWOOQ4m,9,distinct,none,distinct,1 2 5 6 7 8 9 19 24
991W4jA6AL46ZLvc3AfpOZaiI2u0,9,plain,none,mixed,1 5 5 7 8 12 13 15 15
991WAH7GW4oqCkGO5baYgO8R3WX8,9,plain,none,mixed,1 2 2 3 6 6 11 12 38
991WCZ3G868X94E3845w90G41fwG,9,plain,none,mixed,1 2 2 4 7 8 14 15 28
991W57T7WIfHaf2W8JIOMHW8A9uY,9,distinct,none,distinct,1 2 6 7 8 9 10 18 20
991WK92GC79j1ECP9eKI9HmP6me4,9,plain,none,mixed,3 4 4 4 6 7 15 15 23
991W41WGq8etWmC26YGK6DHCI55O,9,plain,none,mixed,1 1 5 5 9 11 12 15 22
991W41PFCwH8Jh0G4GjdJdmwX592,9,plain,none,mixed,2 2 5 6 7 10 14 17 18
991W0JWuGZAsIcF04HmvXZgyk862,9,plain,none,mixed,1 1 3 8 9 9 15 17 18
991WmOY3u3r4r2Ya11EhaenNI2ZG,9,plain,none,mixed,1 2 5 7 8 11 11 14 22
991W22LcHT17Cr0WI5WdeRmyYE8Q,9,distinct,none,distinct,1 2 5 9 10 12 13 14 15
991W40MG9EYbjrGXGZWh3EdvH4A9,9,plain,none,mixed,1 1 7 7 8 9 14 16 18
991WG45hPHQQo91220SKL4Sj9L30,9,plain,none,mixed,1 1 5 6 8 11 15 17 17
991W2GLWX3Zacd60IdKQRNJwHaA1,9,distinct,none,distinct,1 2 5 6 7 8 14 18 20
991W8B90GWeQ8KUG8E7Ib5b5Hw6c,9,plain,none,mixed,1 1 2 6 6 9 17 19 20
991W8Ga2T90mI2aWC2WUffPHOM6Y,9,plain,none,mixed,1 3 3 7 8 9 12 18 20
991W95OaKs8UBbw8YOXhtI8eeL1W,9,plain,none,mixed,1 5 5 5 9 11 14 15 16
991WH48D9Z29kZQI0WrDT7aNr2H8,9,plain,none,mixed,5 6 6 7 8 8 11 13 17
991WAN4aOKwKru5082tI0iXOSdm9,9,plain,none,mixed,1 1 7 7 8 9 9 19 20
991WGIO6LHe46Tm0CJEXOKnPZpUX,9,plain,none,mixed,1 1 2 6 10 11 13 14 23
991WHQN5MleL4nK2Y338424f3pWH,9,plain,none,mixed,5 5 5 5 7 9 10 14 21
991W44d4C1YvkKfCeCfeKl0XGKB8,9,plain,none,mixed,1 1 3 7 7 13 13 16 20
991Wc9ig2ekNLv2WS2OaHGX8Gi8G,9,distinct,none,distinct,1 2 6 7 8 9 14 16 18
991W4YJ2mlgaAaOpO0n7a0aNt24W,9,plain,none,mixed,1 1 6 7 10 11 12 13 20
991WGO5YOGaSAKY88E5I51WA3cw4,9,distinct,none,distinct,1 2 4 5 8 9 10 17 25
991W5IIK918GCD20GI8XznWOgB0m,9,plain,none,mixed,1 1 2 6 7 10 10 18 26
991W9CeBCp9gniG8X468fAm5XCAI,9,plain,none,mixed,3 4 4 4 8 8 15 16 19
991Ww2acHuea10Y44PWe30nNA52W,9,plain,none,mixed,1 1 4 6 8 10 15 16 20
991WB20Z29AKR4Z84GG293IYA51m,9,plain,none,mixed,1 1 1 7 8 11 15 16 21
991W0PQAt2aQf4GuWXObEiV7iDn4,9,distinct,none,distinct,1 2 3 5 7 8 16 19 20
991W6D1gAIbr4124IOWaI8b9H2GO,9,plain,none,mixed,1 1 1 8 10 10 16 16 18
991WIZFZApCGfgf4946XJP4Y9KY0,9,plain,none,mixed,3 3 4 4 7 7 12 15 26
991W8K2aH9m_8K0qA5Zh1145L5ZI,9,plain,none,mixed,1 2 5 6 6 6 11 19 25
991W6KH5HhM8e5892HEIZ1UQ2Zd8,9,plain,none,mixed,1 4 4 6 10 11 11 14 20
991WX4g2HrH44a9H1EGM5Wd9vJ4W,9,distinct,none,distinct,1 2 4 7 8 10 13 16 20
991WY0ST9OgbsxSHa14NA4s_H9aG,9,distinct,none,distinct,1 3 6 7 8 11 13 14 18
991WH2mm81IzP8I42WQ2E4J861WK,9,distinct,none,distinct,1 2 3 4 7 11 15 18 20
991W3ADYO618HKmi5DI3Yee4WcAa,9,plain,none,mixed,3 4 4 5 7 7 10 14 27
991W20Kt118DIOQ8LbHICah7MIAe,9,plain,none,mixed,2 2 7 8 11 12 12 12 15
991WCH4CyNYETvaa81yZZ756AIDK,9,plain,none,mixed,1 2 5 10 11 12 12 13 15
991WX2WYB8oQa0i8X9AI8YZERWK7,9,plain,none,mixed,1 1 2 6 11 12 13 17 18
991W10Kcf210m7X29XGQGK91iT2G,9,plain,none,mixed,1 3 3 5 6 6 7 17 33
991W8O98efvfiO2O4Eoa6XLmQ8W6,9,plain,none,mixed,1 1 4 6 6 7 12 19 25
991W40I45YO8S2OLnAIckuo8AX4G,9,distinct,none,distinct,1 2 3 4 9 13 14 16 19
991W9YcY598gnSK6H3azCGd5TSG1,9,plain,none,mixed,1 4 6 8 8 11 13 14 16
991WWq0H1AXupq8W2fnLI2Go9AL3,9,plain,none,mixed,1 3 3 3 6 14 16 17 18
991WOPAWnbHBWne1WfGmq4j4R9aI,9,plain,none,mixed,1 2 5 6 7 8 8 19 25
991WA6X5cIe60G42j8HaF0nq71L1,9,plain,none,mixed,1 1 2 4 8 11 13 18 23
991W13L2aDhQ2I9Y82HHadPmS0R4,9,plain,none,mixed,1 1 2 5 11 13 15 16 17
991W4I3i7W6OIAGK9ailhHX2432e,9,plain,none,mixed,1 2 3 5 5 9 9 17 30
991W4aH4b4n8K2I4XRGY8RUhm410,9,plain,none,mixed,1 3 3 5 9 10 12 14 24
991W93GoKGa1868X71mlY5X0mAE6,9,plain,none,mixed,1 3 3 5 8 8 9 11 33
991WGNJ0s0CA2WeBQ1X8Y7X8Y909,9,plain,none,mixed,1 1 1 6 8 8 9 20 27
991WY0iAEJ8WE1Ame24X4YuQ6h51,9,plain,none,mixed,1 1 2 4 8 12 15 18 20
991WGa70m5Dfj0G8GXG82XGT6f9E,9,plain,none,mixed,1 3 6 6 7 7 7 16 28
991W3CnKYEmgkOakHAan8cIm2GG1,9,plain,none,mixed,1 1 3 5 10 11 12 18 20
991WI1XwYKL2o8yGHNAWm24M3M9B,9,plain,none,mixed,1 2 4 5 7 7 8 22 25
991W1pdKAWWGf0Z4GYT6j5odOD0G,9,plain,none,mixed,1 1 2 7 8 11 13 17 21
991W41G9154fu1KCCZGg9lsnSd85,9,plain,none,mixed,1 5 5 7 10 10 13 14 16
991W4Z5HD4YGYCI4X8doKYuo8A10,9,plain,none,mixed,3 3 3 5 9 11 11 13 23
991Wal4oGopBKowG1KYw8mKI6TWY,9,plain,none,mixed,1 6 6 6 9 9 10 12 22
991W4D1ILeba58m4GTeM7YWx65X0,9,plain,none,mixed,1 1 3 7 11 12 14 15 17
991WBvGY8422KcfGH8oOIumFJw4X,9,distinct,none,distinct,1 2 4 6 7 10 11 14 26
991WBH4a51NQiAie0GWCwY2kHaqM,9,plain,none,mixed,1 3 3 7 8 11 12 15 21
991WD3WaA3ZG10G351WS54oamS31,9,plain,none,mixed,1 3 3 3 4 12 12 20 23
991W898E20LLLJ1O0iB9oaXP8uEL,9,plain,none,mixed,2 3 3 4 9 10 11 15 24
991WH8WuY8YeDIig3E3WoAw41WG1,9,plain,none,mixed,1 4 5 5 6 7 8 20 25
991W4n861g9qyCWm2HGR24T46A0W,9,plain,none,mixed,1 2 5 5 6 6 8 21 27
991WCYb9I1NCt4GW6Hj41PkHa90e,9,plain,none,mixed,2 3 4 4 10 11 13 17 17
991WqAYmLQLHiJ4B0dp4ESa88244,9,plain,none,mixed,1 3 3 5 9 10 10 18 22
991W836e9qaG7kA8B4vLXanpLM38,9,plain,none,mixed,1 7 7 7 7 10 11 13 18
991W39e91eP5AJi4mPcLab4seqaa,9,plain,none,mixed,1 5 6 6 8 9 11 12 23
991W4WaJQ2WKKh2m92OKBk18HA8Y,9,plain,none,mixed,2 4 4 6 7 9 14 16 19
991Wg0bX4X5IKeeaISgaPKT4HNY0,9,plain,none,mixed,2 5 7 8 9 9 12 14 15
991WDe52ujZW10RY8CMW7OsL5kGa,9,plain,none,mixed,1 2 5 5 7 9 12 19 21
991W8Go4U1E8Y3Q6I2iRgvXgY98A,9,plain,none,mixed,1 4 6 6 8 11 15 15 15
991WK20X53KEXY8o5X2Ggme682Xm,9,plain,none,mixed,1 1 1 2 9 13 14 19 21
991WK6ASFsQcP108M3nYr4SMHA2G,9,plain,none,mixed,2 3 8 8 8 9 11 15 17
991W4U0xbuJqFpQWGRHucKGY4KII,9,plain,none,mixed,1 1 3 6 11 12 12 16 19
991WAIGf2WeFn0WK8YGYGaE7oFGO,9,plain,none,mixed,2 3 3 7 9 10 12 13 22
991W8GW4eboNQeaeAXq3jAnn5Ika,9,plain,none,mixed,1 3 4 7 8 8 11 17 22
991W2iGR618GIP2eGe94HHFKr2nA,9,plain,none,mixed,2 2 2 6 9 12 12 17 19
991WAZemC3ajxob210852919GqHH,9,plain,none,mixed,4 4 4 6 7 8 12 17 19
991WZ5HaEYceggcq280WKA479X89,9,plain,none,mixed,2 2 4 6 7 10 12 19 19
991W8Eu16QkpQUKMKeL44Ip61D68,9,plain,none,mixed,1 5 5 5 5 7 8 11 34
991WmdKoK1HmIqY4495eX6nhibII,9,plain,none,mixed,1 7 8 8 8 10 11 12 16
991WB1WI2aFIQWe030WQd3J5HH8A,9,plain,none,mixed,1 1 3 4 5 12 16 18 21
991W8K8XqaQ24HLA42pLTKP7NEK4,9,plain,none,mixed,1 4 5 8 10 10 11 14 18
991W0aKrKyWoKA0Jc8jjGnWOk1M4,9,plain,none,mixed,1 1 7 8 9 10 11 16 18
991WI50mF5eJ8I0IQ6XmHOWW40KB,9,plain,none,mixed,2 2 3 4 5 5 18 20 22
991WGe8wC7GKOk895jLC5L4m9861,9,plain,none,mixed,1 2 3 7 8 10 15 15 20
991WO8109YCe6JCZGC2W3WaBEn0C,9,plain,none,mixed,1 1 3 3 5 6 10 21 31
991W0WAKKL6aDWa9AcPEJ0e8RYeG,9,plain,none,mixed,1 4 6 7 8 8 11 11 25
991W8KV4maoaapqYKYYG7XaIjKC4,9,plain,none,mixed,2 4 5 6 6 10 14 15 19
991WGprQ9U0iE1284GZm9eCer3HK,9,plain,none,mixed,1 1 2 6 11 13 14 16 17
991W1oH2HL1aYCYW82TKcOcCU9We,9,plain,none,mixed,1 1 3 9 9 11 12 17 18
991W0e8bAZ4qy310X4P38JG4Q7We,9,plain,none,mixed,1 2 3 5 6 6 14 20 24
991WXCZ8E8UP4XGJ990mC1YS3n05,9,plain,none,mixed,1 1 3 7 9 10 12 18 20
991W44XuL3SeZ8eKmSHKAD4y2n08,9,distinct,none,distinct,2 3 4 5 8 12 13 16 18
991W61mJ1n3mYMGK10e52tPoaiAK,9,plain,none,mixed,2 5 5 7 7 7 9 15 24
991W95Za0X0A5l4O8a6YmLxJDGiA,9,plain,none,mixed,3 4 4 5 6 6 6 21 26
991WO1WG41CM-eA110A4WeH6Ib5O,9,plain,none,mixed,1 1 3 3 8 10 15 16 24
991W27GECIg9M8B0X8zCf7B2OZa5,9,plain,none,mixed,1 1 4 8 8 13 15 15 16
991WO1RsoS8yDtL5o81AeKXqd2OG,9,plain,none,mixed,1 2 3 5 10 13 13 15 19
991W3H4ON5naI1A48I4B1yoE8o1W,9,plain,none,mixed,1 1 2 3 12 12 12 18 20
991W724HDYOP66X80W81wn6OeAX4,9,plain,none,mixed,1 3 4 4 6 8 12 17 26
991WaeLJXaem212G2NXOLFxe6C0W,9,plain,none,mixed,1 4 4 7 8 9 9 15 24
991WCU529KqmKucHH8P-WWqMBamW,9,plain,none,mixed,1 4 5 8 8 10 11 11 23
991W91C64rEWO60G1WeLcM1Wm6YG,9,plain,none,mixed,2 2 4 4 6 6 6 20 31
991WgYaaK5TFP4GKXGKY12rb48HG,9,distinct,none,distinct,1 2 3 4 11 13 14 15 18
991W8o0BlAOP2Wt881aOQ5G9CiuX,9,plain,none,mixed,1 1 2 6 7 10 14 20 20
991W4Gak8J4XCL2G0G42ND0mK706,9,plain,none,mixed,1 1 1 6 7 8 8 23 26
991Wg2GcZa7Y7n4KY3Ge92QIHHi4,9,plain,none,mixed,1 1 5 7 9 12 14 15 17
991Wp0qy96JyT6aC69G1K3eLGaA1,9,plain,none,mixed,1 1 3 5 7 9 17 18 20
991WHOI9K8ZAIXn93BW71pH0Gqce,9,plain,none,mixed,1 1 6 7 7 8 9 20 22
991W61OI4nAG44X32WuC34B1WHWf,9,plain,none,mixed,1 3 3 3 4 9 13 20 25
991W41KXr96f8O6032eQTCp8kBWH,9,distinct,none,distinct,1 2 4 6 7 10 13 15 23
991WY4ae9YYYKaHmGCn910Cx6YBY,9,plain,none,mixed,1 1 3 8 9 10 12 16 21
991WWYaKQB5bZX0IOlp485llWmJG,9,plain,none,mixed,1 1 3 4 6 11 16 19 20
991W6ld9KaiC2X0aY2YGKJC91AeQ,9,plain,none,mixed,1 3 6 7 7 8 11 18 20
991WQaaYX30uAsgX0ZDmXPbIOeL2,9,plain,none,mixed,2 3 3 4 5 7 15 20 22
991W12Xy6GoAY4XaoCAX8535F30W,9,distinct,none,distinct,1 2 4 6 7 9 10 17 25
991WmKWaB2GZen8618928Y7HcPWI,9,plain,none,mixed,1 1 5 6 11 11 13 16 17
991W0GGDEJ54rCt8J4X8O5viYOb2,9,plain,none,mixed,1 3 5 8 11 12 13 14 14
991W0ISSAAIYP10Gc8I6Sb0mZaA2,9,plain,none,mixed,1 1 1 3 11 13 14 17 20
991W90ZWOY8AacKf948Hoip1Gc9X,9,distinct,none,distinct,1 3 5 6 7 9 11 15 24
991W2GGC9WkKYyn06HWQAYxT8WoI,9,distinct,none,distinct,1 2 3 9 10 11 12 14 19
991W4B0mMNceJaIXn0aaaIaB30eZ,9,plain,none,mixed,1 1 2 9 9 12 12 14 21
991W32WZcXXm410Jf9IOD2ZGK250,9,plain,none,mixed,1 1 2 8 8 9 13 13 26
991W1XWM3GaQx7I20WK21QhIfMX0,9,plain,none,mixed,1 4 4 4 7 8 9 14 30
991W5IWE5WlMJKIaHKX3WZwOGWwG,9,plain,none,mixed,1 1 7 7 7 10 10 14 24
991W4hCAdYA0q2LLS8gDLs0G8ag8,9,distinct,none,distinct,1 2 3 4 6 7 9 22 27
991W8ZrHKQaO52Z02H11caINKT4P,9,plain,none,mixed,1 1 5 7 11 11 12 14 19
991W1Lmn4WeGkBWeX8519Pn8233G,9,distinct,none,distinct,1 2 3 4 5 10 15 19 22
991WKN56HcoN4H4P10WGo4bG54X0,9,plain,none,mixed,1 1 2 10 11 12 13 15 16
991Wma4vIMfI2I8aAAX4FbO82PT1,9,plain,none,mixed,1 3 3 4 9 13 13 15 20
991W2GaMBiJ4H2I150KJ861GMKa8,9,plain,none,mixed,2 2 3 6 6 9 10 19 24
991W1KGAqJOaS52GaA5KMcGaS3Y8,9,plain,none,mixed,1 1 6 10 10 10 12 12 19
991W1WGC2kWY92AY5GmK30n49fYO,9,plain,none,mixed,1 2 5 8 9 9 11 11 25
991W3EOH2WmLZuaAH851mUraCiMe,9,plain,none,mixed,3 4 5 5 7 7 7 16 27
991WezFIKR7DB3mq42IS0ec8W214,9,plain,none,mixed,2 2 4 5 7 8 11 17 25
991W5FW80Huf7Aj8WKA3JfYeDZqA,9,distinct,none,distinct,1 2 4 5 6 8 12 14 29
991We7XBZO8YlAJG1AY9HeCL95X8,9,distinct,none,distinct,1 2 3 4 6 13 14 15 23
991WC2WwDnWoaXEG0mG4MA5PQH4Y,9,plain,none,mixed,1 2 4 6 11 11 12 14 20
991W8GaLJQt6Ma9493WKZEf48Io4,9,plain,none,mixed,1 4 6 7 7 10 11 17 18
991W5QgfIYofCWO598YuWeQYECqe,9,plain,none,mixed,2 4 6 6 10 12 12 12 17
991W4WS4P2IMOo8O6XOa2OI5XKgC,9,plain,none,mixed,3 3 3 3 7 8 12 16 26
991WKjBQ61044z9IWI810Lmi82GY,9,plain,none,mixed,2 2 3 4 5 6 8 22 29
991W1OeA4I7961uYJ8Y4dRfHqZ24,9,plain,none,mixed,1 1 6 6 9 9 12 17 20
991W1S5WM9B2CL52K8HVEIGKb8L4,9,plain,none,mixed,2 2 3 4 9 9 12 13 27
991WHCIe60uBSqXCm21a8XHB4WWA,9,plain,none,mixed,1 1 2 5 9 11 13 17 22
991WW4D8MOWZC2YGKDaP4ITCJ8Xq,9,plain,none,mixed,1 3 3 4 11 12 13 15 19
991WHK0ZKPDj72GK01XaBo8ghDGW,9,plain,none,mixed,2 2 3 5 6 11 12 17 23
991WD2ihr0Tq70I26IWKE99qqIYG,9,distinct,none,distinct,1 4 5 7 8 11 12 13 20
991W1WgIf5jyjD8QK1K2E56KgX08,9,plain,none,mixed,1 1 2 8 9 11 13 14 22
991WXWNrv59I61SKa40KL20c5f4o,9,plain,none,mixed,1 4 4 5 8 9 15 17 18
991W9JfiT8oGXOGGGb4HmJsDHeO4,9,plain,none,mixed,1 2 5 7 8 8 9 17 24
991WLJR416YuJ5HHH2ZKH0eKGO41,9,plain,none,mixed,1 3 3 6 7 8 9 21 23
991W0GBClM0WC2H1M4Wn529IKP4X,9,plain,none,mixed,1 2 2 5 8 10 12 19 22
991WA1NPXa6GI1KAK5nYuW_g6okG,9,plain,none,mixed,2 2 2 4 7 10 13 14 27
991WH8Y78Jnm4X8OIAYia83P8KGK,9,plain,none,mixed,1 1 3 4 7 8 10 16 31
991W91mbXqo9vUWI23aamK6NEHX2,9,plain,none,mixed,1 3 4 7 9 9 12 13 23
991W88H7YYL22PGH8_2SX8QoIpzG,9,plain,none,mixed,1 3 5 6 6 8 10 18 24
991WXP18A2xEY0mC0ame8E36K4J4,9,plain,none,mixed,1 1 2 7 11 12 12 14 21
991W00CeEnha6kWKLLfLRqHBJg1G,9,plain,none,mixed,5 5 6 7 7 9 10 15 17
991W949KuXWnDug9O5B2U0eIz0KA,9,distinct,none,distinct,2 3 4 5 6 10 15 16 20
991W9DAoz9Iymn48mIFNYmK8f085,9,distinct,none,distinct,1 2 5 7 9 11 14 15 17
991W8B2mHc2o71r898orYIGX5Iag,9,plain,none,mixed,3 5 5 5 7 9 11 17 19
991WfADCG01DWP8o65qXO68kme98,9,plain,none,mixed,1 4 6 6 6 7 7 8 36
991W10nBIuZyX8Qa11X4IKN9GH92,9,plain,none,mixed,1 3 3 5 8 12 15 17 17
991WOOW40XK2off1J8qEZfLIEWcG,9,plain,none,mixed,1 3 4 4 8 11 12 16 22
991WX094Hr8f9Y6Gm44P4HWKqYuJ,9,plain,none,mixed,1 1 3 6 7 10 16 17 20
991W0WAkf30lC2XWK20XILyqQ0G8,9,plain,none,mixed,1 1 2 5 6 16 16 17 17
991W0WJKD2qIM1ySP2H2QX0DZWaI,9,plain,none,mixed,1 1 5 9 9 10 13 14 19
991WaP0IAXheu21014f3V2GeA430,9,plain,none,mixed,1 2 4 5 6 6 12 16 29
991WIqeI2H2MA40G30H7Hp96IYQM,9,plain,none,mixed,1 1 4 5 6 9 12 20 23
991W20SU5b5HcHoG51C71sJ14e9I,9,plain,none,mixed,1 3 3 6 7 8 10 20 23
991WB10GKEZ21WO550Gmg1Y830a9,9,plain,none,mixed,1 1 2 4 4 6 15 24 24
991WAKI65XXZJBoa86AiAWcK54Z4,9,plain,none,mixed,1 1 6 6 8 10 14 14 21
991W10eQMXgB10A29IWO652CYaH8,9,plain,none,mixed,1 2 5 7 7 8 10 17 24
991WL4WIWoCk8mG4431mRixAH0ea,9,plain,none,mixed,2 2 5 5 9 11 12 14 21
991WaY8YL6rgISaOWW4biH098GqK,9,distinct,none,distinct,1 3 4 5 6 11 14 18 19
991WWS56KXq20Xg4OA4H4IenML49,9,plain,none,mixed,2 3 3 5 6 7 8 19 28
991W114O118T4qF120aA2hpunDbG,9,plain,none,mixed,1 1 4 5 6 11 14 15 24
991WCa8ZETKA2WqGK4ZGa2aK3ob2,9,plain,none,mixed,1 5 5 5 7 9 9 18 22
991WA2mlNYGiD2ee10GqA1x54q0W,9,plain,none,mixed,1 4 7 7 8 9 10 17 18
991W2Wm_P95gZuG82HGeN2m7j5ea,9,plain,none,mixed,1 2 7 8 8 9 14 15 17
991WP4q4XHcECZ2WAHHKqSmK20hY,9,plain,none,mixed,1 1 4 6 9 11 14 15 20
991WSWRa9I0HeG44LZBI38I45LLe,9,plain,none,mixed,1 1 4 5 6 9 9 19 27
991WY4xEmx02AIKOJ9GK2H4tbIaS,9,distinct,none,distinct,1 3 5 6 7 10 11 18 20
991WfCIXJ4blLaWPG6399IO8SdW5,9,distinct,none,distinct,1 2 3 7 10 12 13 15 18
991W6WF53W1ghAH8AKmXBAmJLAX8,9,plain,none,mixed,1 2 3 4 4 8 12 19 28
991W8A2HHEWa3urHYZ48L3Kv8YH4,9,plain,none,mixed,3 3 5 7 7 12 13 15 16
991W2ee53ok8HKbGo0m8415s94n1,9,plain,none,mixed,1 1 4 7 8 10 12 15 23
991W98jIz4GP2WSB8D2OE4oB88P8,9,plain,none,mixed,1 1 2 5 7 10 15 17 23
991WAIGaHwK-PX0W71Go1Gg64YYG,9,plain,none,mixed,1 1 5 6 11 11 13 16 17
991W4f3aA1WXaC52f252Nb1e28c6,9,plain,none,mixed,2 2 3 4 5 8 15 20 22
991WAALWK8WbZ0eJedmi816CIac4,9,plain,none,mixed,1 3 6 6 6 7 8 22 22
991W417GYCYqG2mf85mg92WA1mV6,9,plain,none,mixed,1 1 4 4 9 11 11 15 25
991W22WaqX3dvif48JWYwC13AHWK,9,distinct,none,distinct,1 2 4 5 8 11 12 13 25
991W2706IIE3GW04SdwOKD1mKISZ,9,plain,none,mixed,2 3 5 6 6 8 10 11 30
991W5KoKLK0X4HE18cERdyW8c9iW,9,plain,none,mixed,1 2 5 7 8 9 11 19 19
991WX87JCJ0hfc0G1ID1SoeceiWK,9,plain,none,mixed,1 3 4 6 6 14 14 16 17
991WY0yXp8Hz6H04Z2GSU7E9PAGg,9,plain,none,mixed,1 1 2 7 8 12 15 17 18
991WWZeBI51K922G8Q2CJPWe8c8Y,9,plain,none,mixed,1 1 2 5 11 15 15 15 16
991W84oyj8ICcaD5K5QKn98uXOA0,9,distinct,none,distinct,2 3 5 7 8 10 12 15 19
991W4PcNKQZmB4IYWJGhCfvKCL00,9,plain,none,mixed,1 5 5 8 8 9 10 14 21
991W0GgIKZHPAGGXJIqP5aA8cuk8,9,plain,none,mixed,1 2 3 6 6 9 13 18 23
991W2Gg8j90631GZ651GOLey1SX9,9,plain,none,mixed,1 1 3 7 8 9 12 18 22
991W39GX4S9QeQSKKOoKzOY4HbKW,9,plain,none,mixed,1 5 6 7 8 11 11 12 20
991W892WK25KdA84eKLvwX8K6nWO,9,plain,none,mixed,1 2 6 7 10 11 11 11 22
991W18dg82eG7J4Im210EpoAZFKm,9,plain,none,mixed,1 1 2 6 10 12 13 13 23
991WOKe930mEyeoC1094miO89kX8,9,plain,none,mixed,3 3 4 6 8 9 10 12 26
991W2T0Y9Je6vd8IHOD4IP8AE53W,9,plain,none,mixed,1 3 4 6 8 8 11 18 22
991WK40WAYniq32210F9XWKfDIKb,9,plain,none,mixed,2 2 3 7 8 8 11 16 24
991W8ao8Z8xPWeG02Ko4X8XaZnKP,9,distinct,none,distinct,1 3 5 6 7 8 13 17 21
991W3GpyI0WGq50oKZH38aWW0061,9,plain,none,mixed,1 2 3 3 3 6 12 17 34
991W814eeaaTg4WO5o4wt54aA1Z4,9,plain,none,mixed,1 1 1 10 11 12 13 14 18
991WY4nIB0GG6neiW80WCLoeQGmE,9,plain,none,mixed,1 1 4 6 6 9 10 15 29
991W222A3Wxex3m49Kj9We5CP4nC,9,plain,none,mixed,2 4 6 6 6 9 9 9 30
991WWaX694IeAWg4HSWu0WBDhKX8,9,plain,none,mixed,1 3 4 7 8 8 11 15 24
991WH11mBZWcX88AeQH4AB29DmW8,9,plain,none,mixed,1 2 2 3 9 11 12 20 21
991W3YyOBoF4l0e51WWCyfGHQebW,9,plain,none,mixed,1 2 3 5 10 11 15 15 19
991WL61WJCiAc4H34Wm6fgIs1H48,9,plain,none,mixed,1 1 2 7 9 10 11 17 23
991Wi2ga135JXL65o2ye48T7L9o0,9,plain,none,mixed,1 1 6 7 7 8 13 15 23
991W56G8Y5sXfH98OLk3or1P5nG2,9,plain,none,mixed,1 2 5 6 8 9 16 17 17
991W0d08M5GeCXCW413eA-JSn4D1,9,plain,none,mixed,1 1 4 6 7 12 15 17 18
991W812GcHKJ35mHKY8XeJOH30GX,9,plain,none,mixed,1 1 2 6 7 10 14 18 22
991WWYzyX58I450W4B3BAr2mK8H4,9,plain,none,mixed,2 2 3 7 9 10 11 15 22
991WXab3Gs2X6aN31OWI1WJ6HPOO,9,plain,none,mixed,1 5 5 5 6 10 10 10 29
991W56cRp4G510GCG52eQCWPfCGe,9,plain,none,mixed,1 5 5 8 8 8 9 10 27
991WW85i5gKO3oSH64WeUrOyOLI8,9,plain,none,mixed,1 4 4 7 10 10 12 16 17
991WK32ICn4Oq0W7GcJYKaP9I1aW,9,distinct,none,distinct,1 3 4 5 11 12 13 15 17
991Wa50jfJ8IAQCK8v1GFMGYKqKG,9,plain,none,mixed,1 1 7 8 8 13 13 13 17
991W2dW92XOg9F60GKA1IPA-fY91,9,plain,none,mixed,1 2 5 8 8 9 11 13 24
991WKKbG19fLmw1W0HmtDEWu11fI,9,plain,none,mixed,1 2 4 5 5 7 18 19 20
991W6Y000_ruGuA4KKfGX12CbI8i,9,plain,none,mixed,1 2 2 6 6 7 8 20 29
991WHcuBgSX2L96090zHeQHC2cOL,9,plain,none,mixed,1 4 4 6 6 13 14 14 19
991W220Spp6AUfj0A1ygzDbW42aZ,9,plain,none,mixed,1 1 6 7 8 8 13 14 23
991WI68u2WiGaUBH1012eyZWu0iS,9,plain,none,mixed,1 3 3 4 4 5 13 21 27
991W4XGYeT4YV70m8GaKMeI2HAoa,9,plain,none,mixed,2 2 4 5 8 11 14 14 21
991WI8cDZ0fZZWea7eW43Gr2DII8,9,plain,none,mixed,1 5 6 8 8 9 9 14 21
991W9IWW8ACGW1mP60uEJag82nEA,9,plain,none,mixed,1 1 2 4 5 13 14 18 23
991WCZ4e4qdg2eO81WqLEScoiIp4,9,plain,none,mixed,1 1 3 6 9 11 14 16 20
991WH8o9w6ZrDZK02jPYGKZe8oLA,9,plain,none,mixed,1 5 7 8 8 9 12 12 19
991W8ZNI8meGIe85GM9cDfgCJU4G,9,plain,none,mixed,1 2 6 6 9 11 14 16 16
991WW20kISY82H4e58YW8I9PELby,9,plain,none,mixed,1 2 4 6 6 10 13 17 22
991WG0ebc1XYgvI9g9uIU4kkpGDa,9,plain,none,mixed,1 2 5 5 7 7 8 13 33
991W2nB1ec8S4130IHXfIOWC36I4,9,plain,none,mixed,1 1 1 4 11 13 13 18 19
991W40JmItPBGAWJG2DfKkly91aa,9,plain,none,mixed,1 1 4 5 7 11 14 16 22
991W2Gmi5IGSH1501WO7VqWaegAH,9,distinct,none,distinct,1 2 5 6 7 8 12 16 24
991WH4956Y0G8D1W2mWgFn0Wu71G,9,plain,none,mixed,1 2 3 3 5 10 13 14 30
991WQ2GeRA8I8Y8Jc90W3GJKD24W,9,plain,none,mixed,1 1 2 9 11 12 12 16 17
991WKs2Wq2pYnHGK258gjWOU0eu8,9,plain,none,mixed,1 1 4 5 6 9 10 13 32
991WWbGeB2o3eguOISoCoGXYYGWC,9,plain,none,mixed,1 3 3 8 10 11 14 15 16
991WkAWex8YWKZCWK2GI3eaH8IKc,9,distinct,none,distinct,1 2 3 8 9 10 13 16 19
991WK9af98aa95W82j9HIuWwAYgQ,9,plain,none,mixed,1 5 6 8 8 10 11 14 18
991W2OgzKQcC1mWE1F3mYDWcJSe4,9,plain,none,mixed,1 2 6 9 9 10 11 11 22
991WB4fAqHKUdoqJ8XI41pWHWoWa,9,plain,none,mixed,3 5 7 7 8 8 10 13 20
991W62ZJuoAgP0i864GIw4X7HHD2,9,distinct,none,distinct,1 3 5 8 10 11 12 13 18
991W518b4v2Oc0424WW8Q3OwsYjO,9,distinct,none,distinct,1 2 3 7 8 10 11 18 21
991W10kJPECI9PDZI3CABKQ6Cenm,9,plain,none,mixed,1 4 6 6 7 7 11 16 23
991W4nAGa6XeD2I8GH0K4rL4GG61,9,plain,none,mixed,1 1 2 5 6 9 14 16 27
991Wb0eK6c59YOY4a1G86EWJyX8O,9,plain,none,mixed,1 1 7 8 9 10 12 16 17
991WE1WimaCedQ92524fvY1AB0yH,9,plain,none,mixed,1 2 4 4 9 11 11 14 25
991W314ciKmXGK4g810TOP68U7c8,9,plain,none,mixed,1 1 2 5 7 13 14 15 23
991W212f2GhaHS509qX4QEW82X95,9,plain,none,mixed,1 2 2 6 9 10 14 17 20
991Wa50ma1WaH8A3aA9aA1W82WW9,9,plain,none,mixed,1 1 1 6 6 9 14 19 24
991W2GgXSYeZ8v-OKZ0GOb0A2UW5,9,plain,none,mixed,2 2 3 8 9 13 14 15 15
991WKYAYeJ6GI1064bxOa0y92IWW,9,plain,none,mixed,1 2 4 6 6 7 17 18 20
991WaOIafbr9DIGc441S29QAf9K3,9,plain,none,mixed,2 4 4 6 8 11 12 17 17
991W2H7gKIhIX9N084etNx59J70J,9,plain,none,mixed,1 4 5 8 11 11 12 13 16
991W4HGI1GD2GoHK3Gq20Q2WygGA,9,plain,none,mixed,2 2 4 5 6 7 7 8 40
991W40JBChBBKaHKC4mZ2wpW8aWa,9,plain,none,mixed,1 2 6 8 9 11 11 16 17
991WZMH4ApipqauG0OTcaeag2I24,9,plain,none,mixed,1 1 4 5 11 13 14 15 17
991W4Ysb610G5Bk18K92uLAZ9QP4,9,distinct,none,distinct,1 3 5 7 8 9 11 17 20
991W834kC05ocO2C20m4d79LD7oY,9,plain,none,mixed,1 1 3 4 5 10 11 21 25
991WH1RXZanQ5HCBG52an4bahd0K,9,plain,none,mixed,3 4 6 7 8 8 10 16 19
991Wa5Cg4Yom3Y4a28H4C_-DauL6,9,plain,none,mixed,3 4 6 7 8 9 14 15 15
991W21WMj3LCY0GCKcHeOCW7G20u,9,plain,none,mixed,1 1 1 5 8 9 17 19 20
991Wq2H9R6vgU0W1Y0Z28ARHEIL4,9,plain,none,mixed,1 1 1 8 10 12 12 12 24
991Wa8YoO72mL14XGcv4CT1GLZOq,9,plain,none,mixed,2 5 6 8 8 9 11 11 21
991W4S5PJ27qabvCWaYtgq0IBIYG,9,plain,none,mixed,1 2 2 5 9 11 11 16 24
991W2GiCI6U1ISP08IuK30owoL92,9,plain,none,mixed,2 3 3 4 8 11 13 16 21
991WASX2GHOoXeJGG8MK60rDKZY8,9,plain,none,mixed,1 1 4 5 12 12 13 15 18
991W22145ATY8KH3c8ZcyC10ApSe,9,plain,none,mixed,1 1 5 5 8 9 12 13 27
991W8YGPxmYGO4Xa720LPafHe930,9,plain,none,mixed,1 1 2 7 7 8 12 18 25
991W2GmG20oeg4J110iA26YIoSb8,9,plain,none,mixed,1 3 4 4 4 13 13 14 25
991WCI8GOrTHkng49I8cKB6qhSfW,9,plain,none,mixed,1 3 4 8 9 9 12 15 20
991WH0pFDoWWBp4o842WYReaKXL4,9,distinct,none,distinct,1 2 4 6 8 9 14 18 19
991W31JMkeNYj7HB24Oe4QGrJ1a8,9,plain,none,mixed,1 5 5 6 11 11 11 15 16
991WIYvICHB9LO5C51lo0av7X3m1,9,distinct,none,distinct,1 2 3 6 10 12 14 15 18
991W5dL8aDBHWLU0eeMoSYL51frH,9,plain,none,mixed,3 4 5 5 8 9 11 17 19
991W28po4Wji2WO4g2X4A5Y2Jb59,9,plain,none,mixed,2 4 5 7 8 11 11 12 21
991WW84nII8na1QG4rHqI28I4Hh6,9,plain,none,mixed,1 1 5 7 7 9 11 18 22
991WGroWxB94CZ64G1bjGPvkam-C,9,distinct,none,distinct,1 3 6 7 8 9 10 12 25
991WH172Yeurz9m82MJ2o0aYiTaL,9,plain,none,mixed,1 3 5 8 8 9 9 11 27
991WO538o0qISmqA4bA4WaWA6nG9,9,plain,none,mixed,1 2 3 5 6 6 17 20 21
991W4Iea4qIOg6IGYeEPVCaBSA0m,9,plain,none,mixed,1 2 3 6 6 9 16 18 20
991WeA11AAGw0WOHK0Xe51arFZ5H,9,plain,none,mixed,1 2 5 5 6 9 11 20 22
991W52B9ZXQ5uZg46K8avNuDeUo8,9,plain,none,mixed,1 3 7 8 11 12 12 12 15
991W0aJSd54G5XGKG52egE2GbXGC,9,plain,none,mixed,1 1 6 8 8 9 12 16 20
991W2aP3gRAoAa04HMcAeBI2GpD3,9,plain,none,mixed,3 3 5 5 7 7 8 19 24
991W210S5Sn2oi2G21GB2xfaB2eQ,9,plain,none,mixed,1 4 5 5 6 11 14 14 21
991WK6GF3ueK9DBaK4g8JyYm6q0G,9,plain,none,mixed,1 2 4 6 12 13 13 15 15
991W8pZaX1rN94Wa55Gxd4ZJY8GG,9,distinct,none,distinct,1 5 6 9 10 11 12 13 14
991WXKO4aU4W2XeGOCWO52SX8UHC,9,plain,none,mixed,1 1 3 3 8 9 18 19 19
991WCIQWJ1qn4X7HP0Kq68YWI8wG,9,plain,none,mixed,1 1 1 5 6 12 17 17 21
991W0WI2QqbwOM92GI4X61Gu-2Oe,9,plain,none,mixed,2 2 2 7 8 11 11 17 21
991W80qGIE7XuwYg210oeE1IafL3,9,plain,none,mixed,2 3 4 7 7 8 14 15 21
991WGAnTbIfaP1aW7Eo2Ko6QA313,9,distinct,none,distinct,1 2 4 6 9 12 13 15 19
991W9OKebuWBE3Wa6E3W13LPA1He,9,plain,none,mixed,1 2 2 5 7 8 11 14 31
991W0A2Nm5ypOA2Gc8giPJ0eK6HK,9,distinct,none,distinct,1 2 3 6 7 8 15 17 22
991W8aCIHeX8H1iaI5ZYOo0t4LAH,9,plain,none,mixed,3 4 5 5 7 11 13 14 19
991W95Ih0n9Kyeg8Q4o2v39nFK0G,9,plain,none,mixed,1 5 5 7 10 10 10 15 18
991WOBQz5Gq83cE08u81eZ9AX44Q,9,plain,none,mixed,1 1 2 4 4 13 15 16 25
991W104Kb5A3AKORE1GF2L1NzEeX,9,plain,none,mixed,1 1 4 7 7 10 10 18 23
991WSfGaCMUd4bGiH8WJrY4WbWGW,9,distinct,none,distinct,1 2 3 4 9 11 12 13 26
991W0XiBJYIeRa70IKHoQAWIB3gP,9,plain,none,mixed,1 4 4 4 6 14 14 16 18
991W8n4G4C0xfen250iQbaf5GyW4,9,plain,none,mixed,1 4 5 6 8 8 9 16 24
991WOMCbHAGO4GgCKKWu20OCHOOa,9,distinct,none,distinct,1 3 4 6 7 9 13 18 20
991WC2P7XBcI4X8W531GoL1Oc359,9,plain,none,mixed,1 2 7 9 9 10 11 16 16
991WAoOA6df2Sa6110KMJ6AAIWA0,9,plain,none,mixed,1 1 3 5 11 11 14 15 20
991W0li552W2xZG2dbgSKQ9y2qIa,9,plain,none,mixed,1 2 3 3 7 13 14 16 22
991W214Gy9IOyp8Y428K8TXSH4B4,9,plain,none,mixed,1 2 5 8 10 11 11 15 18
991W8arBJ8nHq18K11gCZ8WWoMg6,9,plain,none,mixed,1 2 4 5 11 13 13 16 16
991WL4BgG4oEZq0GGYWhIygqeWWE,9,plain,none,mixed,1 2 2 5 7 10 14 16 24
991W4MTdUCXC318Q60Y4b2SeWY20,9,plain,none,mixed,1 1 1 7 10 11 13 15 22
991WA4C8iHACqM91QbIH8Xpm_7UG,9,plain,none,mixed,2 5 5 5 6 9 13 18 18
991WIoX44iH614GW7WRnC11GFP4H,9,plain,none,mixed,1 1 1 5 11 12 12 14 24
991W8Gs96YbC9TE3K38ziv24IdWC,9,plain,none,mixed,3 5 6 7 7 10 12 13 18
991WKW54QaXNiE0GH46seomKUCH8,9,distinct,none,distinct,1 2 3 7 8 11 12 18 19
991W52ACCWhDAH8I96Xaqd0gngoY,9,plain,none,mixed,3 5 6 7 8 8 12 12 20
991WIYWM9b3GO10J30YIPZ1mG96G,9,plain,none,mixed,1 1 2 7 8 10 11 14 27
991WCbIUI4Y8bCN106YY8YH4vGK6,9,plain,none,mixed,1 2 5 6 6 12 14 15 20
991WY0WK333m41SLb1WK47HK1WK6,9,plain,none,mixed,1 2 3 3 5 10 15 18 24
991W9MH2EWWMCDf0We5Z5Ie9HHgQ,9,plain,none,mixed,1 3 3 4 9 10 11 19 21
991W8HbfLpGfB3AGG44nocE9hvo0,9,distinct,none,distinct,1 4 5 6 7 8 15 17 18
991W9Ya45BWuBy512H8IJ63o1894,9,plain,none,mixed,1 3 3 3 5 9 18 19 20
991WoCDucA04IaeiJ2GXM1ZEmqI4,9,plain,none,mixed,2 3 5 6 7 7 11 20 20
991WOv4S815qJ2f8Ge8Bj4GbIyWG,9,plain,none,mixed,1 3 3 5 9 9 13 18 20
991W8O4YFYehc8Xa9E7X528f64G8,9,distinct,none,distinct,1 3 4 6 7 9 14 18 19
991W44Cy3CLMN8Y461B2eamPShvc,9,plain,none,mixed,1 4 6 6 7 10 10 14 23
991W31K8GG6Bl2946X8Z9E9iAoJG,9,plain,none,mixed,1 2 3 5 10 10 12 16 22
991W8eOf1GqrCIDF8E3XI4fpXaG8,9,plain,none,mixed,1 4 7 7 9 9 10 10 24
991Wb5cSB308C2nI0E0XB9ygsTWO,9,plain,none,mixed,4 5 5 6 6 8 10 14 23
991W1SK278fAGIGf5DmI420LPnTG,9,plain,none,mixed,1 2 3 3 8 9 13 19 23
991WY6WO61GoKL62GiC5oS0G20K5,9,plain,none,mixed,2 2 2 3 3 5 21 21 22
991WGo0wD2Z82Wd520M8450p8iP4,9,plain,none,mixed,1 1 3 4 5 15 15 16 21
991W0IzKYY4Maan95JDGcFP4gr4O,9,plain,none,mixed,1 2 3 8 8 8 16 16 19
991W10i3jtIGN8m18nu882hjuH60,9,plain,none,mixed,1 2 2 4 6 6 19 20 21
991WoEHS2p040WGAC72GI3Z99n8Y,9,plain,none,mixed,2 2 4 5 7 9 11 14 27
991W5nGGC54zAf8Y2GeIAKv818GG,9,plain,none,mixed,1 1 4 8 9 10 10 17 21
991W4cjjGZ189D108o2VEReUUAW8,9,plain,none,mixed,1 1 3 8 11 12 13 13 19
991W5EJX3e0o8jG9CeaghYaPQd0H,9,plain,none,mixed,1 1 8 8 8 9 9 11 26
991WA1BKfo29JFpW6aGWgYcisIaL,9,plain,none,mixed,2 5 7 9 9 11 11 11 16
991W2X8O6SeYPWOA5WuQ4919J1Ga,9,plain,none,mixed,2 4 5 5 6 7 13 18 21
991WOBv6lXG4An684V0GPgrUaeI1,9,plain,none,mixed,1 3 3 6 8 11 11 16 22
991Wma4K8GGBJE8HaX5KPqTDDxb4,9,plain,none,mixed,1 3 4 5 7 9 10 21 21
991W319ACqR4PcK92WPnHFGLZ1Oa,9,plain,none,mixed,3 4 6 6 8 10 13 14 17
991WKhZGK5c4GIGoeWxW8qgIdHm6,9,plain,none,mixed,1 1 2 4 5 6 12 21 29
991W59bZJHI8A8X8WaqzUxD8y920,9,plain,none,mixed,3 3 3 3 8 8 14 17 22
991WG11PsG8EpKm9OrMGa21QMKKI,9,plain,none,mixed,2 3 3 4 7 10 11 15 26
991WIL0my72qInS86YPC28S62Go9,9,plain,none,mixed,1 3 5 8 8 8 10 13 25
991W1ALGJ238j1C4L9xI77br0mB1,9,plain,none,mixed,1 1 1 4 6 12 14 15 27
991W9IWkJMWmiBWK9249D3gHG22G,9,plain,none,mixed,1 3 3 7 8 11 11 13 24
991W24v5C6WHe8SXZ8qr3ZhYWK8i,9,plain,none,mixed,1 1 5 5 7 9 13 15 25
991W8QIYK8g7douOX382evIAGJgm,9,distinct,none,distinct,1 2 4 6 8 10 11 17 22
991WWb59LGS45Fp049A2WNOr48We,9,plain,none,mixed,2 2 2 3 4 7 16 19 26
991WGr8aH38gAbCKGaApqGe4LG62,9,plain,none,mixed,1 4 4 6 7 7 16 16 20
991W4F4H6X0N9zaKWKA1HnevCZYH,9,distinct,none,distinct,2 3 4 5 6 10 13 14 24
991W8Y2MhMMK20WCL1WGQ2GLGA28,9,plain,none,mixed,1 2 2 3 7 11 17 19 19
991WGuPAIKcfN7mm2CGD1WH1X2I4,9,plain,none,mixed,1 2 3 8 8 11 13 14 21
991W2IDT28YRR9AeaeJY9Kh3voY4,9,distinct,none,distinct,1 2 5 6 10 11 12 15 19
991WZaWqwySaG41m2A1S9KHqe0We,9,plain,none,mixed,1 1 2 8 9 11 11 12 26
991WY65X-1Gc5SGL8P83t-1GGq-e,9,plain,none,mixed,2 2 5 6 7 9 14 16 20
991W5YGZsIGq10foC20Hj0awua0G,9,plain,none,mixed,1 1 1 5 7 12 14 17 23
991WagbPF8YAKuA115OomXIuY8KY,9,plain,none,mixed,1 4 4 4 7 9 16 18 18
991W6119XGZwuarW6YX2ISKo4Hje,9,plain,none,mixed,1 1 2 6 11 12 14 16 18
991WYuWeHxL0W4aGKGywKaie4A0B,9,plain,none,mixed,1 1 2 6 7 8 14 15 27
991WY0Web9d2haYGm6ji2Yiq4XWO,9,plain,none,mixed,1 1 3 9 10 11 14 15 17
991WWaegqYYeQaH9B91q4YALba11,9,plain,none,mixed,1 1 4 7 10 12 13 13 20
991We2WaI9GPCICYY10mLaJuY8g1,9,plain,none,mixed,1 1 3 8 9 11 15 16 17
991WO5grD0OF51YKG27X4OHBEEI8,9,plain,none,mixed,1 1 3 6 6 9 12 14 29
991W2eKaA1uYGcg9Wq956Wgeq4c8,9,plain,none,mixed,1 2 4 7 8 11 16 16 16
991W0m89qcOa8S3052OE62X8L6oA,9,plain,none,mixed,1 2 5 5 6 8 9 22 23
991W51lG15ml48nAHYLSKAvonOX4,9,plain,none,mixed,3 3 4 4 9 13 15 15 15
991W2GWvlE5q8YH0B1G9HHb9TdIC,9,plain,none,mixed,1 2 3 9 9 12 12 15 18
991W0eAekimS4ov2Y10PMc95KYOY,9,plain,none,mixed,1 3 4 4 8 12 14 17 18
991W2XIamaEbffAHGHWeGe82g8sG,9,plain,none,mixed,1 2 7 7 9 10 10 12 23
991W9I1WOAGSBuc22H9230m9avGH,9,plain,none,mixed,1 1 2 8 9 11 12 12 25
991W1291Gk7IKNb9511IYOA0WFoW,9,plain,none,mixed,2 3 3 5 6 8 8 13 33
991W6Xdun28qIXGXK41M8mueFw5X,9,plain,none,mixed,1 2 3 9 9 11 13 16 17
991WWGHXH4A444XC3ehGiBQrU62W,9,plain,none,mixed,1 1 1 4 5 11 18 20 20
991WCIH4HaMGS46820LS6fYP4J6g,9,distinct,none,distinct,1 3 4 5 6 11 12 16 23
991W0OExQnmSB38ee20GTY52Ke4H,9,distinct,none,distinct,1 2 3 4 7 13 14 18 19
991W0tX8C3WAAXI8CJ2mJhM2Wua9,9,plain,none,mixed,1 1 3 7 7 8 12 20 22
991W2arBBTYgf2WGa88w4GcMz1Y8,9,plain,none,mixed,2 4 7 9 9 10 12 14 14
991WfBPmR4X8JY8Y860I8eAWLfIK,9,plain,none,mixed,1 4 4 5 6 6 14 18 23
991W0074Gb18g8m4GMOA31mRU6Ye,9,plain,none,mixed,1 1 4 5 7 9 12 14 28
991W8GgIL4l4oAXnH6b2mD4SA909,9,distinct,none,distinct,1 4 5 6 8 11 12 16 18
991WYjWW38YtiK8S64g9usWP9QgW,9,plain,none,mixed,1 1 2 6 8 13 15 17 18
991W620K9KKGsiH24HGSxC94JqXe,9,distinct,none,distinct,1 2 4 7 8 10 13 14 22
991WXeH4KOcLk3YW0r0G53aaAAYK,9,plain,none,mixed,1 2 2 8 9 11 14 16 18
991W9EDYKYnY60N2X4MO918Ebqg9,9,plain,none,mixed,1 4 4 4 7 10 15 17 19
991WX9Vh460J71ee2AZGkMH1Xoo8,9,plain,none,mixed,1 4 5 6 7 10 10 16 22
991W3V08890ICY4YY52GTk82WeyC,9,plain,none,mixed,1 2 2 5 7 9 11 16 28
991WK72BdI5Yr4XGL098b6CI96WW,9,plain,none,mixed,1 2 3 5 8 14 14 16 18
991W2OI6HfZ1TGG8XZOS6WIT6ah2,9,distinct,none,distinct,1 2 4 6 7 8 10 14 29
991W1GLXKQ9bA9Gm4XbLOb5N61X4,9,plain,none,mixed,2 3 4 5 10 13 14 14 16
991W8X55Kaj3j0eA10PYv38gJl0a,9,plain,none,mixed,4 4 4 7 9 12 12 14 15
991WW80M4OHq4Xm855nKM6DXFdX8,9,distinct,none,distinct,1 2 3 6 10 12 14 16 17
991W4C8c7a925134I8bKTDFpb0W8,9,plain,none,mixed,1 1 4 10 12 12 13 13 15
991WG24I26HIGe264XACN30mAMAY,9,plain,none,mixed,1 2 2 3 6 11 15 15 26
991Wa0WB0b4QnIfCcXmJ48GgBLuY,9,plain,none,mixed,1 2 5 5 6 7 12 18 25
991WP715E2sAb8bK0GaeKAUerz-a,9,distinct,none,distinct,2 3 4 7 10 11 13 15 16
991W0K92z5IaKJ68cAqZ7Y4X9OK4,9,plain,none,mixed,3 5 5 6 7 7 14 15 19
991W26I50ZIz9a61D5cQM4J8CWPe,9,plain,none,mixed,1 1 4 5 8 11 16 17 18
991W94V1n2aDW11GK2QN3mmOTBGC,9,plain,none,mixed,1 2 2 5 6 10 16 19 20
991WY30dCougaP6Ge2GaYFni54GH,9,distinct,none,distinct,1 3 7 8 10 11 12 13 16
991W0GaDvZ4G411e8X8Z6X7maB08,9,plain,none,mixed,1 1 1 6 6 8 13 22 23
991WKY4gi_8oLDZ480gLWI93HA1G,9,plain,none,mixed,2 2 3 5 10 11 13 15 20
991W453W6MHa3X6KiT0aT2OG4nSa,9,plain,none,mixed,1 3 6 7 7 8 14 16 19
991WS0M5Hamef5GaGIUC1uIKE2Y8,9,plain,none,mixed,1 1 7 7 8 9 11 14 23
991WaAqpYOB06XmJH3WqbFI1GZsC,9,plain,none,mixed,1 2 5 7 8 11 11 13 23
991W0GI4T8wE6if6IJOK918HZ90G,9,plain,none,mixed,1 3 4 7 10 10 11 13 22
991W50mCf9-J918C52Ga5ean3n04,9,plain,none,mixed,1 2 4 8 10 10 12 15 19
991WXv28AhXXeao44Zqo4CYZ8fGO,9,plain,none,mixed,1 1 4 6 8 9 13 15 24
991W1WeJOpWCIeY85XOWA5262Xni,9,plain,none,mixed,1 2 2 5 6 10 17 17 21
991WeJKH432GKOSac1SJIeI4HaKa,9,plain,none,mixed,1 3 6 7 8 8 13 14 21
991W93y928NUdKG04mS8I8BOKPqZ,9,distinct,none,distinct,1 2 3 4 6 8 12 20 25
991W2Gb6L8miufK1HLei8X555d9m,9,plain,none,mixed,2 2 2 9 10 10 14 14 18
991WG3141SHm1Xw0AJ75YKvDD3Kb,9,plain,none,mixed,1 2 4 7 9 11 15 15 17
991W1SAQZCMyCV5Y1P9OKJX4y16C,9,distinct,none,distinct,1 3 4 8 9 10 11 17 18
991W8I9XcaI1WI9IH7f38H0WEEf4,9,plain,none,mixed,2 3 5 6 6 6 7 15 31
991WCZAe11X0A8a6KJ8-V2npGWC1,9,plain,none,mixed,2 2 4 8 8 8 10 12 27
991W6YU8IeoIbHO82ND3WmpbUOv8,9,plain,none,mixed,3 3 6 9 9 9 10 11 21
991WINGZH92iHw521Xblh7Ju8aMW,9,plain,none,mixed,1 3 6 6 7 11 12 16 19
991W8J0GUaWqigN630WXM8Q-iAUa,9,plain,none,mixed,1 2 3 5 6 9 15 15 25
991W69zIH78G8YYeWK0eDe92iaoC,9,plain,none,mixed,1 1 4 6 8 9 10 20 22
991W2GeYCruWGA0G4n8UQKWG2B0G,9,plain,none,mixed,1 1 3 6 6 7 14 16 27
991Wq10m9LC83GGA28WOI3Wp51qZ,9,plain,none,mixed,1 1 2 6 7 11 15 17 21
991WK11O2Gg5cJS4oC8Y8MGU4Xae,9,plain,none,mixed,1 2 3 7 8 8 14 17 21
991WCCQCG85sYXGJGhp4ICQaIuYH,9,plain,none,mixed,1 4 6 6 7 8 9 13 27
991WXTGgb2mqcFWu17MsoJXC8430,9,plain,none,mixed,1 1 5 6 6 10 14 15 23
991W40uQBGeAeL6G41SKDjH4j1Gn,9,plain,none,mixed,1 3 6 7 8 12 14 14 16
991WH34uLWH2F1Ge20YqbrGph91G,9,plain,none,mixed,1 3 4 4 5 12 14 16 22
991WWH2ZdCJHkzg0G8EU-1KX2Mo2,9,plain,none,mixed,1 1 1 2 7 13 14 16 26
991W33efK2VoAYOo51WaaNmQWL0u,9,plain,none,mixed,1 1 6 9 10 10 12 14 18
991WZePon8HuS1q885X2A6Ng8G43,9,plain,none,mixed,1 1 5 5 5 10 13 17 24
991WL3MOc1Y8K88W95lT70vI4X7H,9,plain,none,mixed,1 6 6 7 9 10 13 14 15
991W17Gc4UZzWJ4mKaIGPfY4A6XP,9,plain,none,mixed,2 3 3 3 7 9 13 14 27
991W10XmCjF4iYeKCYHKHM-i9GWG,9,plain,none,mixed,3 3 6 7 8 9 13 15 17
991WN90W86652qDWH8WJIWgC30aH,9,plain,none,mixed,1 1 3 4 4 13 14 15 26
991W4edZ9K8WICd2WY1SLDGHCSWR,9,plain,none,mixed,1 2 5 5 9 11 13 15 20
991WWnZc0WOOCWH49SMamefEDiX8,9,plain,none,mixed,1 2 4 6 7 12 13 13 23
991WG2FYt0ey830K452m6oGGFON5,9,plain,none,mixed,1 1 2 3 8 11 17 18 20
991W602WeqI5OQ0WIbr359GK63WI,9,plain,none,mixed,1 1 4 4 5 5 14 19 28
991W4Z4kAkX7GO48YPA8K11fHTaI,9,plain,none,mixed,1 5 5 6 7 10 11 11 25
991W8fB4M3E4HO84mIvOq2WuKmeM,9,plain,none,mixed,1 1 5 7 10 10 12 13 22
991W38k4IblKp0eYY28eAJN8Qf18,9,distinct,none,distinct,1 5 6 7 8 10 11 15 18
991W1WRXxHbJCOeAGn9EM4Pid58W,9,plain,none,mixed,1 1 5 8 12 13 13 14 14
991W2GICBIWafD4HH24Z2mZ8CZAG,9,plain,none,mixed,1 2 2 6 10 13 14 14 19
991WYd8IYw9K215m1Bnng2QKc20J,9,plain,none,mixed,1 1 2 7 10 12 13 16 19
991W19e94OggehXWb4b8HhLIqX1W,9,distinct,none,distinct,1 2 4 7 9 11 12 17 18
991W5PKO4lKjCPm4mHe250bcCZ9W,9,plain,none,mixed,1 1 2 8 11 11 11 12 24
991W470x38-8HAf2KaM38K5cIZ1O,9,plain,none,mixed,1 3 6 7 7 8 11 14 24
991W6PdWuLrOT9ICW192554K2WfY,9,plain,none,mixed,2 2 6 7 7 8 10 11 28
991WWE4YMMnS67m31KMYEI4cCN6G,9,plain,none,mixed,1 4 5 6 9 12 12 14 18
991W5DW828S83aK9MO52GeAR50uK,9,plain,none,mixed,1 2 4 6 7 7 9 16 29
991W28sARXEY39iKYYKLAJ8Lvf5A,9,plain,none,mixed,3 5 7 7 7 9 12 14 17
991WCC48eOmM5eWfe4lBUlAAafXf,9,plain,none,mixed,1 4 6 6 6 11 14 16 17
991WGfUdKJ5I2efI5hKOS8M18IY0,9,plain,none,mixed,3 3 4 5 6 12 14 14 20
991Wj7GKf699PxJ08P99BYqX50e4,9,distinct,none,distinct,1 3 6 7 8 12 13 15 16
991W4HGq78Hr90GC4We6Q1GbX8GC,9,plain,none,mixed,1 1 1 6 9 9 15 15 24
991W7AZ2H4b0ArHYi116Wm3URGeS,9,plain,none,mixed,1 1 2 3 8 9 11 15 31
991Wn2W75DY5I8GAWHQ8I6Z_AKWa,9,plain,none,mixed,1 2 3 6 9 9 11 19 21
991WIIWe20azH4618I6aJ4G81WQG,9,plain,none,mixed,1 1 1 5 7 8 18 20 20
991WC8aGB9Pd1omIM8Y4EzAXYP9O,9,plain,none,mixed,1 4 4 5 6 9 14 16 22
991W8WWbDj9I4TGG21C4zDIKntSH,9,plain,none,mixed,1 1 4 8 9 11 14 14 19
991WXWbGK2jC1nSXa11SHLQE2PH8,9,plain,none,mixed,1 1 3 9 9 9 14 17 18
991Wa0b3JjIebSWYa0LEIzKl5MI2,9,plain,none,mixed,1 1 4 8 9 12 12 15 19
991WaeXF5qXOM2IC044tDBeJG930,9,plain,none,mixed,1 2 2 5 9 10 12 18 22
991W4YHaDomG486W8Y51g9gAaY8H,9,plain,none,mixed,2 2 3 3 9 9 10 15 28
991W8bO8zYE28SWnagrVu97oOWuH,9,plain,none,mixed,1 4 5 5 9 11 12 13 21
991W4SGY665WH48GK917T-RMKZ6f,9,plain,none,mixed,1 4 9 9 9 10 10 12 17
991W25Bu559nWuI3A4oqs4Jarma2,9,plain,none,mixed,1 3 3 5 8 11 15 17 18
991W2CJ5UgZ5Y8GO8PmWA1cl23XK,9,plain,none,mixed,1 1 3 3 8 13 16 16 20
991W8704q1U8EoGbbAXOd79y5mqI,9,distinct,none,distinct,2 4 5 6 7 9 12 16 20
991W2Wkan1Zu8mhGI1KuLaUHmKI2,9,plain,none,mixed,1 2 3 8 8 11 13 13 22
991WGD12yJQ2EYQ2f5c9f4fCLp8I,9,plain,none,mixed,1 3 4 4 6 12 15 17 19
991WJ7oaegIeLEGa0aL1Xa2CC30m,9,plain,none,mixed,1 2 4 5 9 11 11 16 22
991Wi31KebpDiea42RJ4CanJ9XGR,9,plain,none,mixed,1 2 3 9 10 12 12 15 17
991W8Y8JSDfSjE0W40qYLYGmEY9Y,9,plain,none,mixed,1 1 5 8 9 11 14 15 17
991We892WL4rD0eXad8QaOU4YYaK,9,plain,none,mixed,1 2 4 8 8 9 11 12 26
991WCTj5XOByE2XYm2I90aZ5cL0W,9,plain,none,mixed,1 1 3 6 6 8 16 18 22
991WY5MBXGHoU9P06yY3YKYkVHAY,9,plain,none,mixed,1 2 5 8 9 11 11 15 19
991W8oZ2afAKnGe44a9a90J7p8S5,9,plain,none,mixed,1 3 3 7 8 11 14 15 19
991WSN1cqU4HHS918Wa4V2GaGYEW,9,plain,none,mixed,1 2 3 7 8 14 15 15 16
991W2OQ59x1RToymaZeq21kK8TW5,9,plain,none,mixed,2 5 5 7 7 8 12 16 19
991WWff7C2WmaqejW4PbIBfWGIL2,9,distinct,none,distinct,1 2 4 5 8 9 11 18 23
991Wg0WKvQNAq50e0gYP86Le20ma,9,plain,none,mixed,2 2 3 4 7 15 15 16 17
991WXeoJYaf8U0K54926WkGAoa8W,9,plain,none,mixed,1 1 4 4 6 13 15 18 19
991W0g6yH6HQI4x2GQ2KB4WfOkmi,9,plain,none,mixed,1 2 3 6 12 12 13 15 17
991W1PCamyEZMAXWu1SeHy74f6G8,9,plain,none,mixed,1 3 3 8 8 10 13 15 20
991WGaKP60YApHCmWurBIXf8Ze4a,9,distinct,none,distinct,2 3 4 6 7 11 13 17 18
991WKf042Wqry8X4I8qA14vbC92K,9,plain,none,mixed,2 2 3 5 8 10 13 16 22
991WA18K4Q4eK0aa4WeCdOk5vIKE,9,plain,none,mixed,2 3 4 6 10 10 11 17 18
991W52SKyYbf6WG991Gir185PfH1,9,plain,none,mixed,1 1 5 5 7 13 16 16 17
991WWC0W50iPj7GLH89193Wi71G9,9,plain,none,mixed,1 2 4 4 7 9 9 20 25
991W1lX1AWgcurWWGeXla5Eef294,9,plain,none,mixed,1 1 1 5 8 8 9 15 33
991WAemaMB52D24aPBoOT4ewdHaA,9,plain,none,mixed,2 4 4 5 11 11 13 14 17
991W0IALaQ2GJ4yfqeQ1M2GaOQ9G,9,plain,none,mixed,2 2 4 5 5 6 14 21 22
991WG24vLfb2b8XG50syF4Cw7328,9,plain,none,mixed,2 3 4 5 9 11 13 17 17
991W2OcAb8BTXaK8XHiK52W5F5eL,9,plain,none,mixed,3 3 5 5 7 7 16 16 19
991WQ1mSswKI4M6G2YEG6u2GA1mZ,9,plain,none,mixed,1 1 3 5 6 11 15 16 23
991W0OBLEYGB53Gge40W6crGVUG8,9,plain,none,mixed,2 2 3 4 9 10 12 17 22
991WHWK3kaI8b2vW23wdbAATKg4X,9,plain,none,mixed,1 4 4 4 7 12 14 14 21
991W50aCYfiBawB490W92fGewSWI,9,plain,none,mixed,3 3 4 6 7 10 13 14 21
991WC2Ya30eIaP4o9451eAX860K5,9,plain,none,mixed,1 2 2 5 7 8 14 19 23
991W4D0mADFqaJ8eGj14MY4H7HOO,9,plain,none,mixed,1 1 3 7 11 12 12 15 19
991WD1Wea2aQhSx1530op3I110yO,9,plain,none,mixed,1 1 3 6 11 11 11 14 23
991WK2XQ8IKfQIWG30pgOQ58K30I,9,distinct,none,distinct,2 3 4 5 9 12 13 16 17
991W3AonHhX2H1mbmBYACsenH7WP,9,plain,none,mixed,1 1 4 8 9 10 11 15 22
991W8X6WH2bvgKP4IYmMv2Wo0O9O,9,plain,none,mixed,1 3 3 6 7 7 11 16 27
991WGod8HqeC58oF8a3820xuo64G,9,distinct,none,distinct,1 2 4 5 6 10 14 17 22
991WGbG9TRYQ14K81HdgucOJv6WR,9,distinct,none,distinct,1 2 3 7 9 11 13 14 21
991W2528g2W8M298872tZCuB2meA,9,plain,none,mixed,1 2 6 8 8 9 10 16 21
991W82690nbaaKGaQ0u7IbGiBXwK,9,plain,none,mixed,1 3 4 7 7 8 11 15 25
991WH29L4YGCIYRe92N2M2WdqNGK,9,plain,none,mixed,1 7 7 8 8 9 9 10 22
991WAK5GHYIYI8Y22WRKH2IbhP1G,9,plain,none,mixed,2 2 3 3 13 13 14 15 16
991WH8miwT528YCbQA0KG5Y8AIe2,9,plain,none,mixed,2 2 3 3 9 12 13 15 22
991WA0XW53pmb90X8IXayTGC8Y8Z,9,plain,none,mixed,1 1 2 10 11 12 12 15 17
991W8X98c22q30qI53XOr3bCGO23,9,plain,none,mixed,1 1 2 4 5 10 13 18 27
991W95uN4_10Xy88KqsI2e93fHH2,9,plain,none,mixed,1 2 4 5 7 7 11 16 28
991W8DYFD9GZCHeKAhBoR8CWIIP8,9,plain,none,mixed,1 4 5 7 9 9 10 14 22
991W0W--n8AfB41GG1mlGoAAdAHe,9,plain,none,mixed,2 2 3 3 11 11 16 16 17
991W84fKfpC20ZQe816nYlCoOP2e,9,plain,none,mixed,2 2 3 6 9 9 10 13 27
991W60y838B5XKSh41uH491XcaY0,9,plain,none,mixed,1 1 3 6 6 8 15 19 22
991W2ngqKbGJUKu136n58uL6VGE8,9,plain,none,mixed,1 4 5 5 11 11 13 15 16
991WYfmY4XJPf9AX04X4PzWKsWaC,9,plain,none,mixed,1 1 7 8 10 11 12 12 19
991Wc3WOBo8nd0u1maH4g0OH9oqG,9,plain,none,mixed,1 1 1 6 10 14 15 16 17
991W9278n3nD1mH29LKOI50qXO98,9,plain,none,mixed,2 2 2 4 6 8 15 21 21
991WB2h0u4N6FMKYIXPX519KmOsG,9,plain,none,mixed,3 3 5 5 7 8 9 15 26
991WCI9ea9b8870GHduHDgpGqD18,9,plain,none,mixed,3 4 6 7 7 10 10 11 23
991Wa21Fu30y9oea4B30y6HB8KGc,9,plain,none,mixed,1 1 3 6 7 11 13 19 20
991WI5Wua28XYaP863xyb2G30HmK,9,plain,none,mixed,3 3 5 6 8 8 8 11 29
991W21YOcJ9MoIqWHX8S1feT4XOX,9,plain,none,mixed,1 3 7 8 8 10 11 15 18
991WLL8fHQQCb3C04Gjx4TJuIf52,9,plain,none,mixed,2 5 6 9 10 11 11 11 16
991WGXgH4In22ObECb7Sn5ICdL05,9,distinct,none,distinct,1 2 3 6 7 11 14 17 20
991W11I4EA108YRYM24i4U7n4XGK,9,plain,none,mixed,1 1 2 5 6 13 16 16 21
991WG4CvGDnpPv2GK4fmMYvMIe0g,9,plain,none,mixed,2 4 4 5 6 7 10 15 28
991W30oKSAJKafJYG3G9AN1m5n0G,9,plain,none,mixed,1 2 2 8 9 13 14 15 17
991W4ma417YAISZ46XGC58nJGiu8,9,plain,none,mixed,1 2 5 6 7 10 10 17 23
991WO100Dc19aTGKOMRnwJmm8X8O,9,plain,none,mixed,1 2 5 6 8 9 9 19 22
991W9k8yA6c6iA9KK9rCeSQkHmWG,9,plain,none,mixed,3 5 6 7 7 8 13 15 17
991W208OLU8e9AHe4WaXC73Tw3We,9,plain,none,mixed,1 1 3 3 12 12 14 16 19
991WJ8de838ZHW8a0g94DIqDYv1S,9,plain,none,mixed,1 3 4 6 10 10 14 16 17
991W5KXW1MBY9AGG2mImzNIq1Hcf,9,plain,none,mixed,1 1 3 6 8 11 12 17 22
991WB1eQ9bMKyCW810aKiZOKk0WG,9,plain,none,mixed,1 4 4 8 8 11 11 17 17
991W11fcCpal82Y2G44XOehLkOIa,9,plain,none,mixed,3 3 3 8 8 10 11 17 18
991W9BziC44XBYz8a50fLAGaGOPH,9,plain,none,mixed,4 5 5 6 6 7 7 13 28
991W0R13mySYKHSCJAJAZab9KWt0,9,plain,none,mixed,1 1 6 7 11 11 12 15 17
991WL3Ce450mpjC410MSS2T3ne52,9,plain,none,mixed,1 2 3 4 7 7 16 17 24
991WGgN9qA18A2fCIC2TM6X2Wu0W,9,plain,none,mixed,3 3 3 4 7 8 10 14 29
991W24oK92SXG42WmQ1bS52G60WK,9,plain,none,mixed,1 1 2 5 6 8 14 16 28
991WX8iP8GbAS6082Kb4TnNavAWG,9,plain,none,mixed,1 2 4 6 6 7 17 18 20
991WH7GXG8959Ygg1HnaWC32I5Gu,9,plain,none,mixed,1 2 5 7 7 8 9 12 30
991WX8nwKY4IHD1G4r0aN2B2H1WO,9,plain,none,mixed,1 1 1 6 10 11 15 15 21
991W89gavGa63ZuEagAIGO9SOgY0,9,plain,none,mixed,2 3 3 3 7 9 14 15 25
991WG4CyqD14JQafAY5384WiGi94,9,distinct,none,distinct,1 2 3 4 7 8 15 19 22
991W0f8L50mHI2YmGeE7X1qGQ2Xa,9,plain,none,mixed,1 2 4 6 6 7 15 18 22
991W621M28nYKA0XE2j1pgWmI2Gb,9,plain,none,mixed,1 1 1 8 9 10 14 16 21
991WXOI00Y9OHyH8CX4O20GDpE9a,9,plain,none,mixed,2 3 3 4 8 9 9 13 30
991WX8bB8c9X-T30140p1GIY8cg2,9,plain,none,mixed,1 3 3 3 8 8 13 14 28
991WI5DKoVAIH18e910E5xCITh51,9,plain,none,mixed,2 3 7 7 10 11 13 14 14
991WOgo2Wqn0A2KrG90KLLIAq20I,9,distinct,none,distinct,1 2 3 6 7 8 15 17 22
991W4XbSe61BZ08CI7uYAWgZnKw6,9,plain,none,mixed,1 1 5 5 6 10 10 18 25
991WWICoOXWMD90m59UdK2eoEAHa,9,plain,none,mixed,2 3 6 7 9 12 14 14 14
991W18SLPxOXu0W4cbHYSWe9IAWK,9,plain,none,mixed,1 4 5 7 7 8 12 18 19
991WCZuS6P6HP18e50G2HHU6OY45,9,plain,none,mixed,2 2 2 7 7 10 12 18 21
991WH8Gg3ec_X9CXCETd2WLf6tPW,9,plain,none,mixed,2 5 6 7 9 9 10 10 23
991WX081N28Ob6PAf28H6YGTkcW8,9,plain,none,mixed,1 3 5 6 8 11 11 13 23
991W4X1GdMXDqW4qH78C5H8c7vcc,9,plain,none,mixed,1 2 4 8 8 8 14 16 20
991WI8D0ama413m4CU4X8XEPc6Y8,9,plain,none,mixed,1 1 4 5 5 7 12 22 24
991W9Y8yAR0G20E22H0GA5H2uY4I,9,plain,none,mixed,1 1 3 4 8 8 13 19 24
991Wq61n4Mf8ItWU490fqX020nnA,9,plain,none,mixed,1 1 4 4 8 11 11 13 28
991W18WuBaA1D6WCmavL94AJD1mG,9,plain,none,mixed,1 1 1 10 11 13 13 14 17
991WI90X8byJi6ffXC9OJ98A4YLG,9,plain,none,mixed,2 5 5 5 5 6 15 17 21
991WX8jeA4IJD0W6S3n44XwVXKY4,9,plain,none,mixed,1 2 2 4 10 12 15 17 18
991W2GGm48W-vX8ID2eiJbRAY800,9,plain,none,mixed,1 3 4 5 8 10 10 14 26
991W0W2GTA2mCqj497H7QHCG8QMY,9,plain,none,mixed,2 2 4 4 5 7 8 24 25
991W4X8nKU32PKPG930iKWC314iT,9,plain,none,mixed,3 4 4 6 7 8 10 11 28
991W8H9AI3d2nCH00mXPqKanD9o4,9,plain,none,mixed,1 1 5 7 10 11 13 16 17
991WKL1XJHFe61l810aqN1aX4Gh1,9,plain,none,mixed,1 1 4 5 5 13 14 18 20
991W9p0Gn9H-pIe03Y8QLR6u0ey9,9,plain,none,mixed,1 1 4 5 8 9 16 16 21
991WY0KA1X9qL7HGY0W81n7nI0Z8,9,plain,none,mixed,1 1 1 6 8 12 12 14 26
991WL5bIg9wL5HeI1210S17gS0h8,9,plain,none,mixed,1 4 6 6 8 9 10 15 22
991W3SeM2GM9Q58YJ815Go9-XYI4,9,plain,none,mixed,1 1 3 7 8 9 11 12 29
991W2bCyx6hOIk0GcgL4BuP044wE,9,plain,none,mixed,2 3 4 4 8 9 10 20 21
991WL4afeKvqieYAC1HO0eWojgaP,9,distinct,none,distinct,1 2 6 7 8 9 12 17 19
991W16eAV7B5zqXW20BY3IEIE8w4,9,plain,none,mixed,1 1 5 6 8 10 13 14 23
991W4WiWPaOQ41CFA2WuQE4j16AW,9,plain,none,mixed,1 1 2 3 4 12 16 17 25
991W2Mt7rSJ38evWH2EcOL6IQGWK,9,plain,none,mixed,1 4 4 8 9 10 12 12 21
991W474oY0xDeefAU4c49WOmF4I8,9,plain,none,mixed,1 1 5 7 8 10 10 11 28
991WCYH8fDIOd2an22foW1DyWW81,9,plain,none,mixed,1 1 3 4 8 8 10 23 23
991WEXmQ3tI4a0M88oWmg1OdqX8X,9,plain,none,mixed,1 1 6 6 8 11 13 13 22
991W1HmZ_092KL4e62WNPfLarAH1,9,plain,none,mixed,2 2 4 5 9 12 15 16 16
991W8LAfa1n2GG48ai98w2XHISKc,9,plain,none,mixed,1 4 4 5 5 10 13 14 25
991W0WG73lIeJgEW518C4Xegf54o,9,plain,none,mixed,2 3 3 7 7 10 12 12 25
991WGeM8N2WmI5BC8Q0K42zmWO92,9,plain,none,mixed,1 1 3 4 5 12 13 16 26
991W0NPA6OyK8n0261Yu_el3LwmA,9,plain,none,mixed,1 1 5 7 8 11 13 17 18
991W4v0OQAXMoeG8ORo6hY9DIi92,9,plain,none,mixed,1 5 7 7 9 10 12 14 16
991W18XLEE2NO90WY5TfNnZe92Xa,9,plain,none,mixed,1 3 7 8 8 9 12 13 20
991WA1a328qhz0C06WmAYanmRYMI,9,plain,none,mixed,1 3 3 5 6 8 9 23 23
991WWW5OaXuZHAWIaY57IIXJJUXa,9,plain,none,mixed,1 3 5 5 9 10 14 16 18
991W514K62Wageg410G47YufnS10,9,plain,none,mixed,2 3 3 4 7 8 11 21 22
991W10LXKad90WBG61LWO55DZRWa,9,plain,none,mixed,1 1 3 4 5 12 13 16 26
991WP50hI3XDKP920G9vaKukgiYY,9,plain,none,mixed,1 3 8 9 10 11 11 11 17
991W2WG72CeK-RmW2HGE2WcqNwV1,9,plain,none,mixed,1 2 6 6 6 8 11 15 26
991W10612ZWpACWOOY4YC3KSdBWK,9,plain,none,mixed,1 1 4 5 7 12 13 15 23
991W11HB70YJyeH2WOhjwnjJ8sWa,9,plain,none,mixed,1 5 5 8 8 10 12 14 18
991WEI70DKcYbM10K3fZ7geo10nY,9,plain,none,mixed,1 1 2 5 7 8 14 15 28
991W1vE58aGCj508mISy2i_AU2W8,9,plain,none,mixed,1 3 4 4 8 9 15 15 22
991WWeOO64Wv_1pW2arIMHH1n0GC,9,plain,none,mixed,1 1 1 9 9 12 13 14 21
991WKGa82WOS_C55WOG50uaR2Y9W,9,plain,none,mixed,2 2 2 4 4 11 12 14 30
991W66Ce2CX6KC30K4gIiZJCo8H4,9,plain,none,mixed,2 5 6 7 7 9 10 15 20
991W8q0GzZaoKHt24YFKO1aQAPG9,9,plain,none,mixed,1 1 1 8 9 11 12 16 22
991WJ4J7H7SKGS2GG28D5GI4A50k,9,plain,none,mixed,1 1 4 5 6 8 14 20 22
991Wn9G34DQcLK8Y4CHVKgoiSaGY,9,plain,none,mixed,1 7 7 7 8 9 11 13 18
991W498GYhnK4oy2P8o8awc2bMLa,9,plain,none,mixed,2 4 4 5 7 8 14 18 19
991W6IeR6DZ489gS518Eo18A1wH4,9,plain,none,mixed,2 2 3 4 5 7 17 19 22
991WP68Yb8BXYY098XHODmS4j1uJ,9,plain,none,mixed,1 2 4 5 10 10 11 13 25
991WI7aYiaMQNA2W13vWaceYF4IS,9,distinct,none,distinct,1 2 4 5 9 11 13 15 21
991W61fSD2eaI2Z8825dM2WKJ9IK,9,plain,none,mixed,1 3 3 5 10 11 12 15 21
991W4H482hmiA4302H0I6afWT4I4,9,plain,none,mixed,1 1 1 4 8 11 13 20 22
991WGyKY7dX1TxJ0m09JB0aXrMCf,9,plain,none,mixed,1 3 3 4 6 9 16 19 20
991W8A4C2lWYHYA2r0qNrCo4vjWO,9,plain,none,mixed,1 1 5 6 8 12 14 17 17
991W8iL9BZQ0Gp0bGewe2XDZYpMI,9,plain,none,mixed,2 4 4 4 7 9 12 14 25
991W1GO6o20WOL914J4K4X4nCPCK,9,plain,none,mixed,1 2 4 4 9 9 10 20 22
991WeJOM89B2GdGH19YHSec9AfGL,9,distinct,none,distinct,1 2 4 8 9 10 13 16 18
991W3ZYO4nNUtV2094b2WIW2bYeK,9,plain,none,mixed,1 3 3 4 5 11 17 18 19
991W1SJ8s18n880KH9SdBH5H40Y4,9,plain,none,mixed,1 1 2 3 8 11 15 16 24
991W23IM2H1iXefKP4L8Z3MgmQIK,9,plain,none,mixed,1 4 4 6 7 12 13 15 19
991WG0uIfIb8aJE08HURiTPIeY4S,9,plain,none,mixed,1 1 7 9 10 13 13 13 14
991W94ICr5HeKqB24M32Jd1S10G2,9,plain,none,mixed,1 3 5 7 7 10 11 17 20
991W92Oc8N5eY3b90WGH5Wq8g2WA,9,plain,none,mixed,2 2 3 4 9 12 14 17 18
991W4CGO673I2GO2J8HGIBJ2WO-9,9,plain,none,mixed,1 1 2 5 5 10 13 21 23
991WEfIKYeeqCGbW2Oc80wyah0G1,9,plain,none,mixed,1 2 6 6 7 12 13 17 17
991WWKfCNAG80W4o48YOYRWSHCD2,9,plain,none,mixed,1 1 3 3 9 11 11 15 27
991WmK922GmN830Y8A0W9oaH5Rm4,9,plain,none,mixed,1 1 1 4 5 11 16 19 23
991WWYWaYPAAJ8mga3SnaPdmbH0W,9,plain,none,mixed,1 2 8 9 9 12 13 13 14
991WIePUKT4WXe82CUmC34IaWYGC,9,plain,none,mixed,2 3 5 6 6 8 15 18 18
991W4KY4R4NgaiC4XEad6vrX2GcI,9,plain,none,mixed,1 4 6 7 8 8 14 16 17
991W2mS4C2WCFuQ4CJ8o33geGKG2,9,plain,none,mixed,1 2 3 3 6 13 13 20 20
991WY5eqL4iIoaXG38vWG9rIGf28,9,plain,none,mixed,1 5 5 6 6 10 14 16 18
991W42ON6bGI4wO84n08onScdQJ2,9,plain,none,mixed,1 3 4 9 9 10 11 17 17
991WQ2XNIHiRDaGgb9H7Gp548r04,9,plain,none,mixed,2 2 8 8 9 10 13 14 15
991W98GeTPHSB1499lxo92T88Y8G,9,plain,none,mixed,1 5 7 9 9 10 11 13 16
991WY78H842bIQ6249_PfaR4o4ae,9,plain,none,mixed,1 5 7 7 7 7 11 16 20
991W849kK3UifaHG2WJM92r9DeYG,9,plain,none,mixed,1 2 6 6 10 13 14 14 15
991We74g8p4H7avW28XBis4a8LIW,9,plain,none,mixed,1 3 3 4 12 12 13 15 18
991W70IaJ515m00CB4fe29Wf51GS,9,plain,none,mixed,1 1 1 3 6 8 12 20 29
991WK2X8vYOG1J0p833WIiOc2YCa,9,plain,none,mixed,1 1 2 4 7 10 15 20 21
991Wb2CKYtL4l8n8D8EMIhInKA18,9,plain,none,mixed,1 2 4 8 8 10 13 16 19
991WYiGS0WdNBhvGHeb4GIxHk1K1,9,plain,none,mixed,2 2 3 8 8 9 9 16 24
991W4IWe6ZbG454nX8IBCeZWuD1A,9,distinct,none,distinct,2 3 4 5 7 10 12 15 23
991W1YaKca30-2WX93eaufJX8P5G,9,plain,none,mixed,2 3 4 5 8 8 9 13 29
991W8TC30WAKInWII8H2mesBZu8a,9,plain,none,mixed,3 3 4 5 6 7 10 11 32
991W9KXGU13WtGm8GaYIBdI11WQ2,9,plain,none,mixed,1 1 2 5 7 9 13 14 29
991W1R2tGc8a9EY898QzGQ6YoA10,9,plain,none,mixed,1 2 5 6 9 9 11 19 19
991WG4zD9cW2WA6Ib98g8I2OMAM6,9,plain,none,mixed,2 3 3 4 5 8 10 14 32
991W1GYeE6vTeIJe8aLGF0Y54Wg8,9,plain,none,mixed,1 1 1 9 10 10 14 17 18
991W829H3nmkS12GPMH2I3G4BDI4,9,plain,none,mixed,1 1 2 6 10 13 15 15 18
991W4q4yOaAMAwrO1WtqeKmePy44,9,plain,none,mixed,1 1 3 7 11 11 14 14 19
991WCZ9SH1AJK6562GLGaoL5L0KA,9,distinct,none,distinct,1 2 3 5 7 12 13 14 24
991W4875310MLjVGBioeg34HI46Y,9,plain,none,mixed,2 2 4 6 9 10 10 17 21
991WOc5I3mJYPYQG10ahOI4HBD4X,9,plain,none,mixed,2 3 4 6 7 7 11 13 28
991W2H04rsOS7A51FWqbFi982YAG,9,plain,none,mixed,1 1 3 6 7 11 13 14 25
991WGLhQKCM89ka4KYr6GP4-BOiO,9,plain,none,mixed,1 4 5 6 10 12 12 14 17
991W42OLOkATd5Ha218ewOg8e4Wa,9,plain,none,mixed,2 2 6 7 8 8 10 14 24
991WOtbAImei90A20m8IM9X4Ij0W,9,plain,none,mixed,1 1 5 7 8 9 13 18 19
991WM3Gi5He98128CJ2m5ctG83WC,9,plain,none,mixed,1 1 3 4 8 9 13 20 22
991WQAbGE1uGD9WM0S8YL62BbOnC,9,distinct,none,distinct,1 4 5 6 8 9 13 15 20
991WHLEWq1uITOCQGH9aOfMCaaO1,9,plain,none,mixed,1 3 3 6 7 7 15 16 23
991WH51pCcs-N9ng41za2PIG1LWW,9,distinct,none,distinct,1 4 6 7 8 11 12 14 18
991W24HnE0ooa0GAafWuL6hJ20Lb,9,plain,none,mixed,1 2 2 7 9 10 14 16 20
991W1LWcrkoDYh181IBBi5EInfGO,9,plain,none,mixed,2 2 4 4 7 12 16 16 18
991WaIaoEYS8e1Sa18A27-qH6b4A,9,plain,none,mixed,1 3 5 7 7 8 12 18 20
991W92H248GJ719OCIb8I7HpRmm8,9,distinct,none,distinct,1 2 5 6 8 10 15 16 18
991WS6BCDCg4YWK6KYWGOF2Up9EG,9,plain,none,mixed,3 5 5 5 8 10 10 10 25
991W3HGZIghAWO10CYKuOA04nCGY,9,plain,none,mixed,2 3 3 5 5 8 12 13 30
991WJ9IG21J4muG1AO882FX85nKM,9,plain,none,mixed,1 3 3 4 5 6 17 20 22
991W2GiI4NE5oMaG10uH2qE4Y70X,9,plain,none,mixed,1 2 4 4 5 7 14 22 22
991WGK9wauTW811381WzMsX8K8aW,9,plain,none,mixed,1 1 1 7 10 10 12 13 26
991W425qYYeiYumC4IHaq30GVcIY,9,plain,none,mixed,1 4 7 7 8 10 13 14 17
991WaQ2GKxCS62QG2J0Gome62IAA,9,plain,none,mixed,1 1 2 6 10 10 11 16 24
991W4DY8HTHMOo0W5AnIL8WeB28K,9,plain,none,mixed,1 3 5 8 8 11 12 14 19
991W93G4J8ooltiSC381J8Ya2mG1,9,plain,none,mixed,1 2 4 4 5 9 11 19 26
991WX0qCMekJ22m4XvEZePqYWAHm,9,plain,none,mixed,1 3 4 4 7 7 15 16 24
991WK4In3mWu0XeHQ2Xe1Exb5I5G,9,plain,none,mixed,1 1 2 5 6 13 15 18 20
991W4BhI7CaA310aaIbni6E3j5X8,9,plain,none,mixed,3 3 6 7 7 8 12 13 22
991WHY8pF2Ra42Y81Wk7GHSag31G,9,plain,none,mixed,1 4 4 5 5 12 16 16 18
991WY44mcAY8XaK3C99HEKdbuUSa,9,plain,none,mixed,1 1 4 9 11 12 13 15 15
991W8b8Xa6W88X4IQ5YG_Xm414CY,9,plain,none,mixed,2 3 3 5 5 8 11 17 27
991WI0_u50W848XE8a6Wm9QqLPHK,9,plain,none,mixed,1 3 3 6 8 9 12 12 27
991We40GBMSaesYYb1F8O20p5mea,9,plain,none,mixed,1 1 4 7 7 10 12 18 21
991WW25X7WNKBAb1BAl68HqeCZA8,9,plain,none,mixed,1 1 5 6 7 10 14 18 19
991W310-KIYGa54m51ehKjYWG20J,9,plain,none,mixed,1 1 3 6 7 8 12 14 29
991W52XGI9KpC21193nDXl2G20GH,9,plain,none,mixed,1 1 2 6 8 9 11 19 24
991W9HGqq104L5Ge91GXmIulG430,9,plain,none,mixed,1 2 4 5 7 7 11 18 26
991W1YKEQH4G2f0GWuAoGbPY0kGC,9,plain,none,mixed,1 1 1 7 7 9 12 18 25
991WXgWaX8H2XL8I2cvXWOB2BAQW,9,plain,none,mixed,2 3 6 7 7 8 8 13 27
991WY10eU2gH8Yusf2WOLEaA21GO,9,plain,none,mixed,1 3 3 6 7 12 15 15 19
991W41cwS1C8MIGbO20ML2gCZlOf,9,plain,none,mixed,1 1 2 10 11 11 11 14 20
991W1EW8P2PvesCfL9PfY8If4HmG,9,plain,none,mixed,4 5 6 6 6 8 14 15 17
991WeWeF21ImoaA4Y0C4Y9HIAonC,9,plain,none,mixed,1 5 5 7 7 9 9 14 24
991WC9G8EBc5hfPWKOc89qnAWOIK,9,plain,none,mixed,2 2 4 4 7 14 14 16 18
991WGiJJo30G5Hea480mANH7mM94,9,plain,none,mixed,1 4 5 5 6 6 11 21 22
991W721H8L6mZKieIKSzy0I40W5C,9,plain,none,mixed,1 3 3 4 9 9 9 12 31
991Wec4ukCGb-eaGIUGw4aKG38v9,9,plain,none,mixed,2 3 3 4 8 9 10 20 22
991W814co8YGNavOO5HXuIeaGIJa,9,distinct,none,distinct,1 2 4 7 9 10 15 16 17
991W0WW6qZ8HB1oCBHmiCYVWn4n0,9,plain,none,mixed,1 1 6 6 7 11 14 16 19
991WHA_7IY4H4LQA4hD1cP9ZW3A4,9,plain,none,mixed,3 5 5 6 6 6 8 20 22
991W11miT8XaGa849JqKV8my1G82,9,plain,none,mixed,1 3 4 5 5 10 16 16 21
991WGYDTYaeb9I4Y833e8a9AOgi8,9,plain,none,mixed,3 5 7 8 9 9 11 14 15
991W20B8wZTPAeaD8L8k41pGoJSW,9,plain,none,mixed,1 2 2 8 11 12 13 14 18
991WG1AJs556y0W4GZI2X1uzDDYe,9,plain,none,mixed,1 3 5 6 7 13 14 14 18
991W1APaLX4Y4M5XGiAHFX0Gq3mW,9,plain,none,mixed,1 1 4 5 8 9 15 16 22
991W10EtQomW890AHoGKGY4eq46H,9,plain,none,mixed,1 2 3 4 4 9 11 18 29
991WA3hKL8WeF4ar85XBWbKLGeA0,9,distinct,none,distinct,2 3 5 6 7 10 12 15 21
991W19Gb8eAo_Yaeq18KI8A58mDX,9,plain,none,mixed,1 1 4 4 6 10 15 17 23
991W5D8nCKkGIA1BPAzm4nyGa4aW,9,plain,none,mixed,1 4 5 6 6 9 14 14 22
991W3Gc9LHUBYJ52H2eR6I8iX94G,9,plain,none,mixed,2 4 6 6 8 12 13 14 16
991WM5YaLa8J5XWK26W8Q5PL8YWa,9,plain,none,mixed,2 3 5 5 9 11 12 16 18
991WGPyiOB4b8Wa92j9YM8WgXaQG,9,plain,none,mixed,1 1 6 6 9 9 12 17 20
991W8cAXT30nyXWGWkGI81CI8kIe,9,plain,none,mixed,1 2 3 7 12 13 13 15 15
991WI9GKfujAHYS3P9mI8O6LWQA8,9,plain,none,mixed,2 3 4 4 8 12 12 15 21
991W840egIKa4gZG4Y3XHq4oDZ0e,9,plain,none,mixed,2 2 2 3 9 15 15 16 17
991W40eB5FZpS33e114I4B68k1Hu,9,plain,none,mixed,1 1 3 6 9 11 11 19 20
991WX2dqgHbu4Hs54S2i46c6vEGO,9,plain,none,mixed,1 1 1 7 8 10 11 18 24
991WA8Gi2mk8P4G5QQMYH4Ji2209,9,plain,none,mixed,1 1 4 5 10 13 14 16 17
991WACYeI91eD9WrX3_hG5mF20W9,9,plain,none,mixed,1 5 5 6 7 8 13 15 21
991W52YK8X7W4TI6H2eb_IBY8n8C,9,plain,none,mixed,1 6 6 8 9 10 10 13 18
991W8oGK6F25cSfI2HGELXiiW0A8,9,plain,none,mixed,1 3 5 6 6 8 10 16 26
991WWWj3XDWw91A88uho-kKuBg61,9,plain,none,mixed,1 2 2 8 10 13 13 16 16
991WI0fGM4Nrcd0GI4ALc-2MWaHO,9,plain,none,mixed,1 1 3 6 8 11 12 17 22
991W4javG2OE2G_aK95mAIc4aeKa,9,plain,none,mixed,1 4 5 6 6 8 10 20 21
991W1XidCao7IqA271KOIBZk4YY2,9,plain,none,mixed,1 4 5 6 8 8 12 16 21
991W8YBO62FMI50JI2n9KKuO5558,9,plain,none,mixed,1 1 4 7 9 10 14 17 18
991WA48K1CyJeYG13HFBJ2YmwpKm,9,plain,none,mixed,2 4 4 7 8 9 9 19 19
991W81aaIQOaOYG571GomO5nJb2X,9,plain,none,mixed,1 1 6 8 9 11 12 13 20
991W8u92jBM063u45kgg8Gm9Cf49,9,plain,none,mixed,1 2 4 4 7 9 11 19 24
991W91PwnXAcAoy862HKkH5tY045,9,plain,none,mixed,1 2 7 8 11 11 12 14 15
991W51ICO2CB4eM38c1GQEwc1H84,9,plain,none,mixed,2 2 3 5 6 6 9 23 25
991W85M4KH4eDjH24d72IAsXfQBA,9,plain,none,mixed,1 3 6 7 8 8 10 18 20
991WWZw8a22WYRjWAD7GLgM6HaL1,9,plain,none,mixed,4 4 5 5 8 8 9 14 24
991W96La94OjQB0G4HAy0G8893pm,9,plain,none,mixed,1 2 6 7 8 8 10 18 21
991WG452Og9ZKIa0Wvin1WO51Kc9,9,plain,none,mixed,1 2 3 7 8 8 11 11 30
991WK12GI447eO4Y57VFo2WO51aK,9,plain,none,mixed,2 2 2 4 5 9 13 19 25
991WL24GZ9588Z8I80YCop0SlBfY,9,plain,none,mixed,1 2 4 4 10 13 14 16 17
991W9HOi9Ihyn8860Ge8n4WqQx00,9,plain,none,mixed,1 2 3 5 6 8 18 19 19
991W37I9QBW8ZgP1B56Xof941G5W,9,plain,none,mixed,1 1 2 4 8 10 14 15 26
991WA711jAwILCOaGcMXQ98ADY51,9,plain,none,mixed,3 4 4 5 8 9 13 16 19
991Wb2SaH8G6E19GY10XXm86IeL5,9,plain,none,mixed,1 1 2 5 7 8 12 12 33
991WBaO6B14NZ3b0Lb2H8ZMK2YOn,9,plain,none,mixed,1 1 5 6 7 12 13 16 20
991W50P7UvXVey0GKKmN8PIaY19O,9,plain,none,mixed,2 2 2 5 7 7 11 16 29
991W94GgK854pAaI51lXGt8rUneH,9,plain,none,mixed,4 5 6 6 8 9 10 13 20
991W9CgaL9GMTH0Gg1Zk223WIeQ2,9,plain,none,mixed,1 2 3 5 9 14 14 15 18
991WYaB2mwB8Q7XA9C0S0GA8Y14X,9,plain,none,mixed,2 2 3 4 6 7 11 17 29
991W82GYaXGdU1AI5IGYZBAsQXGO,9,plain,none,mixed,1 6 6 7 10 10 10 13 18
991Wa4IdfOOMvYQ23jKJHCZ88L0W,9,plain,none,mixed,1 5 6 7 10 11 11 14 16
991W4EGO9GYGQD2GYaM2TDxWa92m,9,distinct,none,distinct,1 2 4 5 7 8 9 18 27
991WA73m28Yu6u94H3UMEh841GG6,9,plain,none,mixed,1 4 6 6 8 8 10 12 26
991WeG61L9PqoQb4HBkA1I4cApCK,9,plain,none,mixed,2 4 5 7 7 8 9 12 27
991WH5LJ8M5WO6HO51Ga8O21GYAA,9,plain,none,mixed,4 4 4 6 6 7 8 11 31
991W8of4Gmu8V6H151H3X89KQP4W,9,plain,none,mixed,1 1 6 6 7 10 11 15 24
991W20G5QdCjB8O66nWW8ZgGEZ14,9,plain,none,mixed,1 2 2 5 7 9 10 21 24
991WW034TmeEHH91i50d5pGuHcDK,9,distinct,none,distinct,1 2 3 4 7 8 14 19 23
991WGHo4i38C9qI4457Ix6oa21QG,9,plain,none,mixed,1 1 2 8 8 12 13 14 22
991WoClCc2f4X0GS0XHuS54eI91G,9,plain,none,mixed,1 4 6 6 8 10 10 14 22
991WCY4XE5bB4MYG10KQYISuEBG6,9,plain,none,mixed,1 1 4 4 10 14 15 16 16
991WWY6INSmAGp0G4Ud7HXGaBE8M,9,plain,none,mixed,1 4 5 6 8 8 15 15 19
991W4HGXubmuA1c44YCRIHO9qV4I,9,distinct,none,distinct,2 4 6 7 8 9 13 14 18
991WnGK294mgca4W8gG_3WWIQWf9,9,plain,none,mixed,1 2 5 5 8 9 12 15 24
991WH891WYzn144aAleL41mSYtCK,9,plain,none,mixed,1 2 5 5 5 8 12 20 23
991WCp0uIA48GhH4B3yP8a4T7fWG,9,plain,none,mixed,1 2 3 3 5 5 13 17 32
991WX0K5aLoSGoL3f1mB22GmbvH0,9,plain,none,mixed,1 4 4 4 7 10 11 18 22
991WAIGi5n0HCKeH1mS6OcE0aACO,9,plain,none,mixed,2 2 3 3 5 7 9 22 28
991W8H3G6ObK5mG437mGa2eYAYoI,9,plain,none,mixed,1 1 2 6 7 10 15 16 23
991WG42WFRXKKLkOI35u424g5XKX,9,plain,none,mixed,1 5 6 6 9 10 10 11 23
991WKO9Ks70jG0uD6EZ6qXecIea4,9,plain,none,mixed,2 2 3 3 6 13 15 17 20
991Wa0eGaZefK4YGe14K6DU8Y6Xa,9,plain,none,mixed,1 1 5 7 11 12 12 15 17
991W0C55rOM9b1eQOf0G42OgHaIG,9,plain,none,mixed,2 3 4 4 4 9 11 22 22
991W2Mc2Hh6461WYK6oSJLGLALa9,9,distinct,none,distinct,2 5 6 7 9 10 11 13 18
991W26XyK8Q9NAZ84XI38dHQ93mm,9,plain,none,mixed,1 2 6 7 11 11 14 14 15
991WGdf3fQWO4qyOA0XhYq2MfKGn,9,plain,none,mixed,1 2 5 7 7 10 13 14 22
991WoCYkdlEG5YWe1918CY0IH0eQ,9,plain,none,mixed,1 1 6 7 8 9 15 15 19
991W4oMmI8I6ZnQGGp0ma79KWGfC,9,distinct,none,distinct,1 2 3 6 9 10 11 18 21
991W3IOKYE02X5ea92ep-fag3yb9,9,plain,none,mixed,3 3 6 7 7 11 12 16 16
991WC29SfoT8-cIeHd4Ov48jJg28,9,plain,none,mixed,1 1 8 9 10 10 12 15 15
991W0WaSA2Z3vIAeYOACeC1fR-8e,9,plain,none,mixed,1 1 6 8 8 10 11 17 19
991W5GuC18IeW44a4WO538meOQ4Y,9,plain,none,mixed,2 3 3 4 4 5 6 27 27
991W214BdJ99Aim04o4kCDWnCawI,9,plain,none,mixed,1 1 3 8 9 10 12 16 21
991W2OLqkBma2ITaY70HHWweLbLG,9,plain,none,mixed,1 2 5 5 8 12 15 16 17
991W2GXGK3IHY2Ko10fwObSJ2Wk4,9,distinct,none,distinct,1 2 4 5 7 10 13 18 21
991W20nme71nf2IC2Jv2CKN4H4H8,9,plain,none,mixed,1 1 7 7 9 10 10 16 20
991W92OzEGmOo2I20WK755WgCV2G,9,plain,none,mixed,2 4 4 5 6 9 13 16 22
991WY8ZeXJE38ZIAW3rTAJ8JCoGW,9,plain,none,mixed,1 2 4 6 10 11 14 14 19
991W1HjbXP3GY8eHOMGeI9LGu2CI,9,plain,none,mixed,2 3 4 5 5 13 13 14 22
991W8qf691AnKD241WteL471i0Y4,9,plain,none,mixed,1 2 3 3 7 11 11 16 27
991W4WWGbz4f6mo88GWG7DeH8fIY,9,distinct,none,distinct,1 2 3 4 8 11 15 17 20
991W628KOW8561WaK51muGM5x1GO,9,distinct,none,distinct,1 2 3 4 6 7 11 12 35
991WHIOI620qr4H210Q6MbXeOO00,9,plain,none,mixed,1 3 3 4 5 7 13 19 26
991WC3GjJ5ee6HZ220aX3TIBEo94,9,plain,none,mixed,1 3 6 7 7 10 13 13 21
991We92eIY5492O4I2WymK4H6Yip,9,plain,none,mixed,2 2 4 6 7 7 14 17 22
991WHdX8ICJmA2aaC2I8GewP0O62,9,plain,none,mixed,2 4 4 5 5 6 12 15 28
991WWv6GfmyWq51O6eo8l5b8OCWW,9,plain,none,mixed,1 1 4 5 10 10 13 13 24
991WI2OIbN6J6Y08T4ZG2rtQAgI8,9,plain,none,mixed,1 5 5 6 7 10 14 16 17
991WOaDG427HL2W81WgeEqL6H8HG,9,plain,none,mixed,1 3 3 4 11 12 13 14 20
991WKD2yf49CaacG68zG82T8D2eh,9,plain,none,mixed,1 5 5 5 6 7 12 14 26
991WOqoAAbGyz8XY0cKwWvLBqG20,9,distinct,none,distinct,1 3 4 5 7 9 14 15 23
991W1895EWqAt5f1XaGa524mplc8,9,plain,none,mixed,1 3 5 6 6 8 16 17 19
991WGYaM6MIH59025nY8M1FZdVn8,9,plain,none,mixed,1 3 3 6 10 11 14 16 17
991W1mY5W20ma5yaIJyzA27Y8g52,9,plain,none,mixed,1 3 5 5 6 8 10 16 27
991WA12LPdic94LIG20AgD59535A,9,plain,none,mixed,2 3 4 9 11 12 12 13 15
991WM2H74PgH1Kc95WFWe1oMC5W2,9,plain,none,mixed,1 2 2 2 3 13 14 14 30
991W0GaHpQ2wYQ7G02KK6tQekBI1,9,plain,none,mixed,1 1 2 5 7 9 15 15 26
991W80NC91GC9148O40Wjgt8HaQ7,9,plain,none,mixed,1 1 3 6 8 12 12 13 25
991Wc94g4XCJ76G8GW81OYB7nE0q,9,plain,none,mixed,1 2 2 7 7 10 12 14 26
991W1G82n8oCLQ8n92SH4nOIf8S0,9,distinct,none,distinct,1 2 3 4 6 10 13 18 24
991W8WcK92cEr28HOWeCjz4THyWH,9,plain,none,mixed,1 1 1 9 12 12 13 13 19
991WmA1S8b2MXtHW1CgmKZLLE28c,9,plain,none,mixed,1 1 5 9 10 12 12 14 17
991W8vbXOH4oYH0EYamSr4U2Wmw0,9,plain,none,mixed,1 1 4 5 8 10 13 15 24
991W8LvmprzWkhb04IIXoNI9QOya,9,plain,none,mixed,2 3 7 7 8 12 13 13 16
991WGfLXjE81OKcc8CazKgAXKCaa,9,plain,none,mixed,1 2 4 4 7 8 11 14 30
991W47082vbQEoV011tL4aWI4ImH,9,plain,none,mixed,1 1 5 6 7 9 14 17 21
991W43217cXWGY69iT36MIaG83PK,9,plain,none,mixed,1 3 3 4 4 5 13 24 24
991W8TYkCYE1dQ818OrDxXgyseCO,9,plain,none,mixed,1 5 5 5 7 12 12 13 21
991W8bDOEMGME10S30oqYX9bV330,9,plain,none,mixed,1 1 1 6 9 11 12 14 26
991WGeA4ie83840uI90J93KqL6He,9,plain,none,mixed,1 3 3 4 5 6 18 19 22
991W28ma9AHa9Xefn1mOHqH6W8M4,9,plain,none,mixed,1 2 5 5 6 11 12 18 21
991W0GGIEmWWTaP0AIak6anauPIa,9,plain,none,mixed,1 1 2 6 7 12 16 17 19
991Wa6yWyCB4eY5C0gHLuL6GNOD2,9,plain,none,mixed,3 3 4 4 7 9 11 20 20
991W0X50Fu68Y0HGXvduw3aJ891e,9,plain,none,mixed,1 1 2 2 3 11 16 20 25
991WI8oy8o9MWgAI8OOAIII4B10W,9,plain,none,mixed,1 1 4 5 11 11 13 15 20
991WP999H44K830eGS49ZaKadDoa,9,plain,none,mixed,3 3 3 3 3 15 16 16 19
991WO86IecO410qB4D38O20YCKYA,9,distinct,none,distinct,1 2 3 5 6 7 10 16 31
991WHBWG60QI8YGdXCX8Z7YO2X4G,9,plain,none,mixed,1 1 2 7 11 12 13 17 17
991Wa8ag861WB5I424bM8gC516Ia,9,plain,none,mixed,2 3 3 7 8 9 9 10 30
991W0eYm7lM2m20maYmoIL2WYBIi,9,plain,none,mixed,1 2 3 3 7 9 13 15 28
991WX88qIut9ix6215Xa0MPAyXSW,9,plain,none,mixed,1 3 5 7 8 9 9 15 24
991WP53Ao0u3SX8O95G2XC39KIGi,9,plain,none,mixed,1 2 3 5 8 10 10 11 31
991W6X4SUafsOX5Y0W8b6yHC88j8,9,plain,none,mixed,1 1 3 7 7 9 13 19 21
991WY4mi08J2WqD229xGiB0mY8o9,9,plain,none,mixed,1 4 4 4 5 6 6 25 26
991W0MHDYVcqDFm21JE9K45gYOXG,9,plain,none,mixed,1 1 2 8 12 12 12 15 18
991WYacPwY0oEEY81DObA4OK5AX8,9,distinct,none,distinct,1 3 6 9 10 11 12 14 15
991WGZQU5nIKZ2mggC92W2H1aH0W,9,plain,none,mixed,2 2 3 7 8 9 12 15 23
991WL6Iab3YCJ18Y4aw8kGeO0W41,9,plain,none,mixed,1 2 2 6 9 11 12 14 24
991WAIfKSEYH718c11188Ls3vYIe,9,plain,none,mixed,1 3 5 8 8 8 12 18 18
991WAH450aZu3g4o6HO6YKJIjAD0,9,plain,none,mixed,1 2 3 3 5 8 17 17 25
991W4Y3WdGs5WYAI65Cpa24f9Q2a,9,plain,none,mixed,2 2 3 3 6 10 12 19 24
991WKg6o44XeL9QL8A8yq3Ga8CC2,9,plain,none,mixed,1 3 4 6 6 11 13 13 24
991W4og29aB278G42sHmu6QWb0I4,9,plain,none,mixed,1 1 1 5 9 9 11 14 30
991WHIGa4iT3mJO02XIAQLfQgOOK,9,plain,none,mixed,2 2 4 7 7 11 13 17 18
991WmKT811mICYeRCB0G5HfeY440,9,plain,none,mixed,1 1 1 4 5 10 18 20 21
991W82UcGo9eEBWBGI8-8IGeY85m,9,plain,none,mixed,1 1 1 8 9 12 13 15 21
991WWLP5D7W87YmI492eYsnnXKAY,9,plain,none,mixed,1 3 6 6 8 9 12 18 18
991W30a50Z961SCY7HuP40Z89W6a,9,plain,none,mixed,1 2 2 3 4 4 17 21 27
991W4GWJA2AC1CWu2GuDBCrsU230,9,plain,none,mixed,1 1 4 4 9 10 12 19 21
991WAAh92XfsHcKHWI5A3H4P4UE0,9,plain,none,mixed,1 4 5 6 6 11 11 13 24
991W8IIX58M4j4WGCKT68XKMwEWO,9,plain,none,mixed,1 2 5 7 9 10 15 15 17
991W92GX1KWX6D5W4n0AhwowIaeL,9,plain,none,mixed,1 3 3 8 10 11 12 15 18
991W24fEYeL0-IK0ZAe40mMtt2mn,9,plain,none,mixed,3 3 3 4 4 6 8 19 31
991W8LH2WU4bE8Y882hInWG4oAWK,9,plain,none,mixed,1 2 2 7 7 9 11 14 28
991WH1WKa7dT3e8AA1UBapVg10GG,9,plain,none,mixed,2 2 4 7 8 9 14 15 20
991WHQQUK50ySea9XoIAH4Oe1A8Y,9,plain,none,mixed,1 2 5 8 10 10 12 12 21
991W0eW9s525WmWWqYW82JdAna8g,9,plain,none,mixed,1 1 2 5 7 10 15 19 21
991W4hJNqY9Hw-G3WHH9b8oEhKiW,9,plain,none,mixed,1 3 5 7 8 13 14 15 15
991W3BHBIAWYA4sAK8dQK91iBs91,9,plain,none,mixed,1 4 7 8 8 9 10 15 19
991WAI88QN95Q5DW10GaIrA6Yjbc,9,plain,none,mixed,3 3 4 4 6 7 10 20 24
991W48Juy6aUGHr8c4WdJxJB1GaK,9,distinct,none,distinct,1 3 4 5 6 11 14 16 21
991WX1OTSdf96naeX8IWYKGoiamX,9,plain,none,mixed,1 4 6 7 8 8 10 16 21
991W6HX8L6I6I4gC4Hr8K20a1GgA,9,plain,none,mixed,1 1 5 7 8 9 12 18 20
991W8iQ6KWe52Zebi52W8Z4yaGy2,9,plain,none,mixed,2 2 3 4 5 12 13 15 25
991WIaDYKaH829WK1mH081APa52G,9,plain,none,mixed,1 2 3 3 5 12 15 18 22
991W66W90WpCEY8HH4Y4mqGoDWLa,9,distinct,none,distinct,1 3 4 5 6 9 11 19 23
991WAqR60aWXCWAYKZEB10QUFWo0,9,distinct,none,distinct,1 2 3 4 6 8 13 18 26
991W9HKdqA3WFoiq80GuqoGZ944a,9,plain,none,mixed,1 3 5 5 8 10 13 14 22
991W8a430-OgXLWGIL-K41CU2CGI,9,plain,none,mixed,1 1 5 5 7 7 13 16 26
991WCajq4KfzIw1Q4X6cITG3RpZ2,9,plain,none,mixed,1 2 3 5 10 11 16 16 17
991WXeON92jeM2WIW41ARmeH4IXG,9,plain,none,mixed,1 3 3 5 5 8 17 17 22
991W8cAj4X28He92B4-8A2X49d0G,9,plain,none,mixed,1 1 5 6 7 11 12 19 19
991WWI8I3VQMI3Ga49IAKpOY1FH4,9,distinct,none,distinct,1 3 5 7 8 10 14 15 18
991W5OO328Ihm52GK8kEXWGuQAH8,9,plain,none,mixed,3 3 4 5 5 6 9 20 26
991W5YWYKQAaI6aZ110bjWR7ot90,9,plain,none,mixed,1 4 4 6 6 13 14 14 19
991W31mgbAD4v2000oqlKgA2U4XG,9,plain,none,mixed,1 1 4 6 6 8 16 17 22
991WOgHI52n5D2AGAUWCKnGCvWK9,9,plain,none,mixed,1 5 6 7 11 11 12 13 15
991W50ic70dbJO71H4j899JgC918,9,plain,none,mixed,1 2 4 5 7 7 13 17 25
991W0mC2b6l9S72G9HW953GeE114,9,plain,none,mixed,1 2 4 4 7 9 10 19 25
991W2Gy5STWe69Iq4WaXF31YW40G,9,plain,none,mixed,1 2 2 4 5 8 15 19 25
991W918HXD0J6uaH8WiJapKoidWO,9,plain,none,mixed,4 5 5 9 9 10 10 12 17
991W2HBIE29u995G96Sg68O-EeA1,9,plain,none,mixed,1 1 7 8 9 9 13 15 18
991W32Gn49LDmS74D2WeYCZ44H5e,9,plain,none,mixed,1 1 3 6 6 11 11 19 23
991W55WmWg90W6EJI7UwmM2W81eO,9,plain,none,mixed,2 2 3 4 6 7 8 14 35
991WHL5XIO98U7W7A3YHz34Pc940,9,plain,none,mixed,1 2 3 6 6 13 14 16 20
991W12icPA2S3GAG9p8IYeT9irAK,9,plain,none,mixed,1 4 4 6 8 10 12 16 20
991W2OGo2TM9GhmmWLP8AdhDrh0C,9,plain,none,mixed,1 2 3 8 8 11 16 16 16
991WB410WQ5Q210mA2Y47HgO61Gi,9,plain,none,mixed,1 1 2 2 7 7 15 16 30
991W8leCKL9SPfwG8E86GgOfP3a9,9,plain,none,mixed,1 1 6 8 8 10 10 15 22
991W1iHOSb2SeSUCG8aY54Hf9fMI,9,plain,none,mixed,1 2 5 9 10 11 14 14 15
991W14XU54jYaHWYWeGmFLcZSmOS,9,plain,none,mixed,1 1 4 7 11 13 14 14 16
991WH8BGLLRH2Uem2gL2G2qee7jn,9,plain,none,mixed,1 4 5 5 6 9 16 17 18
991W92Hy4wWmHw0qMK8a4byd918c,9,plain,none,mixed,1 1 2 7 10 11 12 15 22
991WC564A4v4a99A94MGe6LiK4gA,9,plain,none,mixed,1 4 4 6 9 11 14 14 18
991WASmP51Im5myCZ4J4I2f8vE44,9,plain,none,mixed,1 4 4 6 7 7 15 15 22
991W0n7Yh1Xe210e5KKjM9EWiD0G,9,plain,none,mixed,1 1 3 7 9 10 14 14 22
991W432y8A2ZGU8ILY4cXIH492eg,9,plain,none,mixed,2 2 4 6 9 11 14 14 19
991Wes84E2vQMP2S0e98A18fK8G2,9,plain,none,mixed,1 1 2 3 5 10 15 16 28
991W448Z7D9I9KzHAZBaWZSMCSQW,9,plain,none,mixed,1 3 4 6 9 9 11 11 27
991W8Z1T9QHH94YYKKXdZ2XB7Pp0,9,plain,none,mixed,1 2 6 9 10 10 14 14 15
991We2uYHA5OY4fIa0uyZ858k5fA,9,distinct,none,distinct,1 2 4 6 8 9 12 13 26
991W9HGKaJmXGC508H8KY2WmgAWN,9,distinct,none,distinct,1 2 3 7 8 9 10 15 26
991W2qWzq51GAT4gag5dG4SWGC4a,9,plain,none,mixed,1 4 4 6 8 9 9 13 27
991WX9nMH0im41WKE7We98XJKYeo,9,distinct,none,distinct,2 4 5 7 8 11 13 15 16
991W20iU64XefEEW41KQ4c968e52,9,distinct,none,distinct,1 3 4 7 8 9 11 18 20
991W4Y7WOxCeMBX4Ab4daGm92A18,9,plain,none,mixed,3 3 4 6 6 9 10 17 23
991W0GeF7D2niaL34n4A22AImQP8,9,plain,none,mixed,2 3 4 4 5 7 11 21 24
991W66ZP3Yn8cSO18aMgyXGA8HDq,9,distinct,none,distinct,1 3 4 7 9 12 14 15 16
991WWqMACq4bqiZG9E0y62zEmbGW,9,plain,none,mixed,3 3 4 5 10 11 14 15 16
991WAJG1mLcPbnTK4YW9IPG8pCaG,9,plain,none,mixed,2 2 3 5 6 9 11 12 31
991W8efB8YV440mCY4GeiBQMa2XG,9,plain,none,mixed,2 4 4 5 8 10 10 16 22
991W550Y5192wKf9H4AAxCJ0S1yO,9,plain,none,mixed,2 2 5 6 6 8 13 16 23
991W84CU7XWGY0W69Y3WO2n968d9,9,plain,none,mixed,1 1 2 2 9 11 14 14 27
991W4CUZN7OQ104q9AJirM1SfvCm,9,plain,none,mixed,1 3 6 8 9 9 11 11 23
991WHKLISf5I6mi8210yB494XDa4,9,plain,none,mixed,1 2 2 9 10 10 11 16 20
991WGH2GA91Oj18eQ1wIjHab8o2W,9,plain,none,mixed,1 1 2 6 7 11 13 18 22
991W9YGYIf8JK3p22H0d934YOQIe,9,distinct,none,distinct,1 2 5 6 9 10 12 16 20
991WeCCA9mdWP1GI1ah4Vdqb4Q18,9,plain,none,mixed,3 3 3 5 5 9 15 17 21
991WG9ABuaGbGwH04w0V9EI4dycZ,9,plain,none,mixed,1 3 5 6 8 12 15 15 16
991WY4CJ4-92ohOc0PnAKGA6X1Y8,9,plain,none,mixed,1 4 5 5 6 7 8 17 28
991WG1pKwCrGiD4nA4MIfKYeC30g,9,plain,none,mixed,1 2 2 6 10 13 13 14 20
991W2PZaOc1MHD0mWM8HI8P6A1IK,9,plain,none,mixed,1 1 4 10 10 11 12 14 18
991W2fGA8Y8gH1SMs1WU9kG8p0e9,9,plain,none,mixed,1 3 3 8 10 11 13 16 16
991WeaYB4kdnROPGCCSGXhj5GRB8,9,plain,none,mixed,2 4 4 7 9 9 11 17 18
991W3108i8iM9leBAY4Y5Ve8Wf68,9,plain,none,mixed,1 2 3 8 8 10 14 15 20
991W3cfiaOdY7Hh6WQGfZRWDwYO8,9,plain,none,mixed,1 1 4 7 9 12 12 17 18
991W1gWofBWYO20GIgAaAL3OQAIa,9,plain,none,mixed,2 7 7 7 8 9 9 10 22
991W00518j9j6o0WNaOo7X8O52h8,9,plain,none,mixed,1 1 5 6 7 8 9 17 27
991WGSDmI0WKj0G4L98YH6fAI8X8,9,plain,none,mixed,2 3 4 5 12 12 14 14 15
991W0GH5AXdQ9YeaHaec510dWRd1,9,plain,none,mixed,1 3 4 6 10 10 12 15 20
991W2Y0WeDp3sm8E528qb8gLZ088,9,plain,none,mixed,1 2 2 5 6 9 12 18 26
991WgAD2Wa8aHtu8KJ5D0W62YLII,9,plain,none,mixed,2 5 5 6 7 8 8 9 31
991W2cfoqbSyR0889XQA84GB4meI,9,plain,none,mixed,2 2 6 7 8 9 13 13 21
991WW4F4aYP8IKg8GB4uE1WJQuB4,9,distinct,none,distinct,1 2 3 4 7 12 13 18 21
991WM6PP88b1PPaP6W4h_Jx4Wa8m,9,plain,none,mixed,1 2 5 5 5 5 7 22 29
991WCi6lX0Ye7XyXL8X8fI9H9S8W,9,plain,none,mixed,1 2 2 4 7 13 16 18 18
991WG8oC8n47f520HAScD2-FAHKf,9,plain,none,mixed,2 2 3 4 10 11 13 14 22
991W2b6Hh6WG8p4Gn9HCOwuM9g0b,9,distinct,none,distinct,1 2 4 7 8 10 11 16 22
991WXKCoAmFuI8G45PfKI2GQc2XW,9,plain,none,mixed,2 2 4 5 9 13 15 15 16
991W4H-feKp5whgGI184SJADKPI8,9,plain,none,mixed,1 4 6 6 8 11 11 12 22
991WCZ832htGqAXG214RI1CeC11e,9,plain,none,mixed,1 2 3 5 6 8 8 22 26
991W465HR1P6I23GY8aQ-o8KD32G,9,plain,none,mixed,1 2 5 8 10 10 11 15 19
991WYGbXP4eb54oKaXD8L5CAF2G8,9,plain,none,mixed,1 3 3 10 10 10 13 15 16
991W512GaOgZw_2O24H1J9-G408u,9,plain,none,mixed,1 1 2 4 8 11 14 19 21
991WGKHiz1KI190m8H92KtOMc9m4,9,plain,none,mixed,1 2 3 6 7 13 13 18 18
991WO6f0b1D79YOb13HScA1WMP64,9,plain,none,mixed,2 2 3 7 8 9 13 18 19
991W8B0mA2CB2HmiGC30cJeM5102,9,plain,none,mixed,2 2 3 4 4 6 11 23 26
991WG826aPyK8425A9aQ730eLMr4,9,plain,none,mixed,2 2 3 4 7 8 10 22 23
991WWROwIiWMZGe52bHiZ2HPceM2,9,plain,none,mixed,1 5 6 6 8 12 13 15 15
991WO2134bOfBBG42mZmEHCT24Wa,9,plain,none,mixed,1 1 3 6 7 12 13 16 22
991WGK21HgnQP6YS87aK2GGJB33G,9,plain,none,mixed,1 1 3 5 5 10 13 16 27
991WH87820Po2HW8IAX4I4TKpDHI,9,distinct,none,distinct,1 3 4 5 9 11 12 17 19
991W82Y9Z4I50W8S55X0mC4mBIX4,9,plain,none,mixed,1 1 2 3 8 8 9 13 36
991W0yB2T3Wt28Y48e0G930zD1YK,9,plain,none,mixed,1 2 2 3 6 8 12 20 27
991W93Wup4afYl8o4IKUD9Qe61m0,9,plain,none,mixed,4 4 5 5 7 8 11 15 22
991WGIu-7HOvKiZG00A4Q1U84Bw2,9,plain,none,mixed,1 1 2 6 8 10 14 16 23
991W4oWc5Y4ai3GK1GC3ieP66EXm,9,plain,none,mixed,1 2 4 4 5 10 15 18 22
991WeJeE2cbf67H6a10MHO8YGP04,9,plain,none,mixed,1 1 2 7 9 9 13 18 21
991WGI5EI70m7Zw62GdHHb549420,9,plain,none,mixed,1 1 3 8 8 11 11 12 26
991W0emgCfCnc320o1SNMMA4n4nG,9,plain,none,mixed,1 3 5 5 5 11 14 18 19
991W9LX0mkGy1mW890oKZ4Y64YIY,9,plain,none,mixed,1 1 4 6 9 9 10 17 24
991WO9j3eQ7J9JY0a6N9Rg5YPeeA,9,plain,none,mixed,1 2 3 4 11 11 13 17 19
991W0WYmbVoG986294fIB4oKgYiu,9,plain,none,mixed,1 3 5 7 9 12 14 14 16
991W22H7ODem42mn2118zk7wEK4X,9,distinct,none,distinct,1 2 3 5 8 9 13 14 26
991WX4X2q7eYKMm3APaK3odoSHKI,9,plain,none,mixed,1 3 5 6 8 11 15 16 16
991WMb1AILWkVZ882mi52LJ3oI0m,9,plain,none,mixed,1 2 4 5 10 10 11 17 21
991W4XiI9DGc2OG42n08F8H6Q4oA,9,plain,none,mixed,1 3 3 5 9 10 12 18 20
991WGnGaIF0C5XOX4WggqnmaYGsC,9,plain,none,mixed,1 5 5 7 9 11 12 14 17
991WA92GD5A884113AYob8mCF2Gb,9,plain,none,mixed,1 1 2 7 9 10 13 19 19
991Wb56KD7iGe24K5l0e1T38MKcI,9,plain,none,mixed,1 2 4 6 7 8 8 20 25
991WHCnJafmQSIGGJAG21r24NoT1,9,distinct,none,distinct,1 3 5 7 9 10 12 14 20
991W4RWO41W-DI62I8c9H98cA2Ma,9,plain,none,mixed,1 4 4 6 10 12 14 15 15
991WXEK9V3mjZF568MIMOKfW1mUe,9,distinct,none,distinct,1 2 7 9 10 11 12 13 16
991W2HaJaL8fESSGef6AZ2jZObc0,9,plain,none,mixed,1 3 6 9 10 10 13 14 15
991WcFY4HI8MGX47472MJeL561CW,9,plain,none,mixed,1 1 5 5 9 11 13 17 19
991W8dLau5rUH884eP8GK8IGAwnq,9,plain,none,mixed,3 3 5 6 8 9 10 15 22
991WHBhvhvyP8K50Y232b2I8e4WX,9,plain,none,mixed,4 5 5 6 6 6 9 17 23
991WH21OqfJ4GYuHe8HQcyAXFYig,9,plain,none,mixed,2 3 5 5 7 12 14 16 17
991W0G4JIAfwMbz5210yA45oSIA0,9,plain,none,mixed,1 1 3 7 10 10 11 14 24
991W4Sd2d698GQ5619TcVTqnC4aC,9,plain,none,mixed,1 4 5 6 9 9 13 14 20
991WI4umKALf52I583b5FaYCKP6C,9,plain,none,mixed,1 2 5 7 12 12 12 13 17
991WIfAOIXT486284R4E2R5GL2mq,9,plain,none,mixed,1 3 5 5 6 6 10 22 23
991W328Z92H4JDJ4af2S30-9e210,9,plain,none,mixed,1 2 6 7 9 9 9 19 19
991WY717HronaOeHGSY8H9i8I1j8,9,plain,none,mixed,1 3 5 5 7 9 13 14 24
991WuXKJ8Wf2AKai18GFk5X4nIM1,9,distinct,none,distinct,1 3 5 6 7 8 10 20 21
991W2Cz9qi3W4XRIO8KO526XOhGK,9,plain,none,mixed,1 4 5 6 6 9 14 15 21
991WAqYDYX8oh1m25aA23X549Q10,9,plain,none,mixed,1 1 1 7 9 12 13 15 22
991W20hfZwXBMfmm85inI4oHibX4,9,plain,none,mixed,1 6 7 9 10 11 12 12 13
991WOU8mH1GK6AWqWK8oKoWj4D1G,9,plain,none,mixed,1 3 3 5 7 7 17 17 21
991WcAJ4fq54GiD20H9ma12GB1ao,9,plain,none,mixed,1 3 3 7 8 11 11 11 26
991W938u1O3tAY0X50GCf4XkqXWb,9,plain,none,mixed,1 1 2 2 6 9 11 18 31
991W2ecC_18Dh5HAa2OK8Xl0cOX4,9,plain,none,mixed,2 3 3 7 10 11 12 15 18
991W5Gim9Dq6kM0Y50eHLEeqY4qJ,9,plain,none,mixed,2 3 4 5 6 14 15 16 16
991W1Hfm8GW3GpQmfQJ2i5AA2S9u,9,plain,none,mixed,1 1 3 7 7 7 11 20 24
991WA3Z042-pGaPe84nfj4YHYf65,9,distinct,none,distinct,1 3 4 5 6 7 15 17 23
991WY4IKDWhCc40W5lWt9bB4E0W8,9,plain,none,mixed,1 1 7 7 9 11 11 14 20
991WH89Jk0eJB9G94_0m5cjKqIL8,9,plain,none,mixed,1 2 6 6 6 11 13 15 21
991WGZ-K2b8uC2GmE5Z0Y7UBQ8X8,9,plain,none,mixed,2 3 6 6 7 8 9 17 23
991WcESyKDN2LIX9152df4geLff5,9,plain,none,mixed,1 4 6 6 7 9 10 17 21
991Wa51LQ5XOI0C2080M9ZOoKb8n,9,plain,none,mixed,2 3 3 6 6 8 13 13 27
991WCbDkCUa850IG2H2eK3T39AHC,9,distinct,none,distinct,1 3 4 5 10 11 12 14 21
991W2YqS4jDf8bOG31G7oQ9ExKIG,9,plain,none,mixed,3 3 3 4 9 10 13 16 20
991WK1mOOYH2HIg5afCh842ZV4T4,9,plain,none,mixed,2 4 4 6 8 9 12 12 24
991W9Ha59Wx9n4m5QcXXqH7E42W5,9,plain,none,mixed,1 2 7 8 8 11 12 14 18
991WKX894IUJZmeO20gAadyQ5443,9,plain,none,mixed,1 2 5 7 9 10 11 18 18
991W1H6H4qI2XfP2Q0iI4h6nB1Ga,9,distinct,none,distinct,1 3 5 6 9 10 11 17 19
991W3A8ANek4AlGAnH8XvDSibqXG,9,plain,none,mixed,1 5 5 6 8 9 14 16 17
991W2GYmL6HOo1YK1M9CD6ef412G,9,plain,none,mixed,1 1 3 5 7 12 15 18 19
991W59Q6AaLa798YWY4z1KDrWn08,9,plain,none,mixed,1 4 4 4 4 10 16 16 22
991W928aOb_JOq82ZO6Y50WGw0GI,9,plain,none,mixed,1 3 3 5 6 12 15 16 20
991W2149y2z910nHOL5iPFKoBJMW,9,plain,none,mixed,2 2 5 6 6 9 11 15 25
991WP250E9I9HXI40X_x6o4TWeH8,9,plain,none,mixed,1 3 4 5 5 9 13 14 27
991W1meaQ4mQ1rHOAIaQIaIrI0A4,9,plain,none,mixed,1 2 4 4 12 12 15 15 16
991W62-893X8H0YWKN1wamjsX4I4,9,distinct,none,distinct,1 4 6 7 8 11 13 14 17
991W130r8by20b8o2WeJagYmQ6Wm,9,plain,none,mixed,2 3 3 5 8 9 11 17 23
991W6AdGa2RaYnA8a2jdiq874mpA,9,plain,none,mixed,1 3 5 7 7 7 7 14 30
991WD8mIGo24nIGiGeowACX9GX8a,9,plain,none,mixed,1 3 4 7 7 9 14 16 20
991WKA1WK92DyW8eH9B4emq91GGC,9,plain,none,mixed,1 2 2 3 8 8 12 16 29
991W23iR57A9qD2GW8oHMPGuE8Wa,9,distinct,none,distinct,1 4 5 6 8 10 12 17 18
991Wq0W97aLAM4822OaK5A8Q8Zna,9,plain,none,mixed,1 1 5 6 9 13 13 14 19
991WZAJ2Fq30H4OY16Xne90WLoGK,9,plain,none,mixed,1 1 6 7 8 9 9 11 29
991Wf7mqWM3u3euP6gLn9OX192CI,9,plain,none,mixed,3 3 5 5 6 7 10 14 28
991WHYmfIaeqoXn830gbYOv1Jk2W,9,plain,none,mixed,2 4 5 5 11 12 12 14 16
991WH2j6JZnUnCX030dP4GNY68J4,9,plain,none,mixed,1 4 4 7 10 12 13 15 15
991WIYWI51aKo5Y410E6HY5zQ8YO,9,plain,none,mixed,1 2 4 7 8 9 14 14 22
991WeM5P2LLh4J8I18HmFrGC51eW,9,plain,none,mixed,1 3 3 4 8 11 14 15 22
991W2GY6DbPY9KH1J2moB1HK2KN2,9,distinct,none,distinct,1 2 6 9 10 11 12 13 17
991W8c927BeI8Iw4aOXeDI4QAHuO,9,distinct,none,distinct,1 2 4 8 10 11 13 14 18
991WAAWRD5AdVp0umWuGQ2L2U298,9,plain,none,mixed,1 1 5 8 9 12 14 14 17
991W45HTu1e2KvC24JA4jCcnKL4q,9,plain,none,mixed,1 3 4 6 9 9 10 12 27
991W1GWqeTegJHX86I4_Ip3eBZA4,9,plain,none,mixed,1 1 2 10 10 12 12 16 17
991Wb8yTMYJWuQ6A0KXoQPaeS84a,9,plain,none,mixed,1 4 4 6 7 8 9 16 26
991W189cAhf6TB0Mc4CfJ59gnGW8,9,plain,none,mixed,1 1 6 6 10 11 13 14 19
991W2HJSeX4BElB0C48X5Qj1ePa5,9,plain,none,mixed,1 2 2 5 6 7 11 19 28
991W0DWS4Dh8oQH22D4718ooqyhC,9,plain,none,mixed,1 5 5 5 6 9 11 13 26
991WOH8Bp0W4Mab5422Kb58V9g90,9,plain,none,mixed,1 2 4 5 9 11 15 15 19
991WK3o5HDOU4n8M46ZGa4Y4CI94,9,plain,none,mixed,1 2 5 9 9 11 11 14 19
991W2Y8cTh34AOW49JOEeAWjL0G6,9,plain,none,mixed,1 2 4 4 9 10 15 18 18
991W0W422MeE3H6W6HW84H8g8lQ1,9,plain,none,mixed,1 2 2 2 8 10 10 18 28
991WE0YRaXecWuc2K2Gah4G_CqGX,9,distinct,none,distinct,1 2 6 8 9 11 12 13 19
991W18ECeWmSYE8aKAMcjBZ6zuH4,9,plain,none,mixed,2 4 7 7 9 10 12 13 17
991WKJ0GL6CIwX8K8YIQN2OW4H28,9,plain,none,mixed,1 1 3 10 10 11 11 16 18
991Wq0WGbfdKv2G58OC93CmKA3Wf,9,plain,none,mixed,1 1 3 6 10 11 12 17 20
991W918KWO22HMPY22GYeK51v6vO,9,plain,none,mixed,2 4 5 6 7 7 7 13 30
991W0KD49CPHIo10a9Wp4XuSLCe2,9,plain,none,mixed,1 1 6 7 9 10 12 15 20
991WK31OMNWU7xma0GBA4KWH618q,9,distinct,none,distinct,1 3 5 6 8 9 10 17 22
991W91SOv8GBElCO2I8Hf2DeI85E,9,plain,none,mixed,1 1 5 6 7 12 14 15 20
991W4HCF26He626X4H0K1aGwGg8W,9,plain,none,mixed,1 2 2 3 8 11 13 18 23
991WI30aIRM-HI4IL5Jc4SHu1Wia,9,plain,none,mixed,2 4 5 5 6 9 15 17 18
991W4J1SnGWrbQ4A8XL5YojIA2cO,9,plain,none,mixed,1 5 6 6 10 10 11 14 18
991WZ1482CeKLx1GZ1SA2SW8YfHI,9,plain,none,mixed,1 4 4 5 7 8 15 15 22
991W2WO6L5CfA6J04H0g8HcRE0WK,9,plain,none,mixed,1 2 3 4 10 11 11 18 21
991W4dnDeKeE1kWeEWcoK90cob0G,9,plain,none,mixed,1 2 5 5 7 13 14 15 19
991W6H_W97n8o1WeH29IIn58e61W,9,plain,none,mixed,2 2 5 8 9 9 10 14 22
991W20yI1L2B0OGC5Xa92NbrbhfG,9,plain,none,mixed,1 3 4 6 6 6 15 18 22
991WW34oBOvaA4X6GDZMo2Wd2tA2,9,plain,none,mixed,1 1 4 6 8 13 14 16 18
991WJEI1WY4aF4eAWP5IX886IdWW,9,plain,none,mixed,1 2 4 4 7 9 13 14 27
991WI6w210GbQAWeBKv8X8H4g4X4,9,plain,none,mixed,3 4 5 6 7 9 9 14 24
991WG4jMA4XItqU44XMYaln298r8,9,distinct,none,distinct,2 4 5 7 9 10 11 16 17
991WH2XuY1OJ5tH8C2328LgB5W88,9,plain,none,mixed,1 1 6 6 7 7 9 21 23
991Wef5POX4K72f4W40HiYH1J_n4,9,plain,none,mixed,1 3 7 7 8 8 9 16 22
991WIZWB0AFaQ53G1HYGGeAag50u,9,plain,none,mixed,1 1 2 4 6 8 9 18 32
991WGAUN9UCZGZ0SIB0kuOA3CeWa,9,plain,none,mixed,1 3 3 5 6 12 13 16 22
991W6H8X2NqiQKL05XOAS2YIXSKA,9,plain,none,mixed,2 3 4 6 6 7 17 18 18
991WZbM24b4ID70W3-zqSO82H9X8,9,plain,none,mixed,2 3 6 7 8 8 10 16 21
991W0c7gTHGQACmCSX6252X6RE2G,9,plain,none,mixed,1 2 2 4 8 12 15 17 20
991WXADKU6W40S6W2ae9uB2eH8H5,9,plain,none,mixed,1 2 2 3 8 10 11 15 29
991WG5ZIJ2Z920G4oAGO4B1MPaPA,9,plain,none,mixed,2 3 5 5 6 7 12 18 23
991WCI4c90ieh1II1G82c1eKSKWG,9,plain,none,mixed,1 1 1 6 8 12 15 15 22
991W18L5Aam86Y93o4Wn4XGg4YM4,9,plain,none,mixed,1 1 5 7 10 10 13 17 17
991WG266o1OeC92G4MBIMbHeC4Z8,9,plain,none,mixed,1 1 6 7 8 12 13 13 20
991WeY8XpgTMI5YO88cw4Xme16WO,9,distinct,none,distinct,1 2 5 8 9 10 11 16 19
991WM3XKgDGJ920G80ZmDOHq3WOE,9,plain,none,mixed,1 1 3 5 10 10 14 18 19
991W04U2Et4HYOmqbF4f2IKGqcA8,9,plain,none,mixed,1 1 5 5 7 8 14 16 24
991WG10vv6W2XIGWN6hAm21uJKLZ,9,plain,none,mixed,1 3 5 6 6 7 13 13 27
991WafsOQ9Qgh5-G43CGEX68LS93,9,distinct,none,distinct,1 3 5 6 9 10 11 12 24
991WJDHXSHGZuYWGX48qQP4IIaWK,9,plain,none,mixed,1 3 6 8 9 12 12 14 16
991Wo0wKD5mPSP0GGQ8y3aGGY4XA,9,plain,none,mixed,1 1 2 8 10 13 13 15 18
991W2WLXKL8pBK20825QT4J21feA,9,plain,none,mixed,2 3 3 3 7 13 13 17 20
991W0EmSWs8v4K20h5sMIYI8g9Yg,9,plain,none,mixed,2 3 3 4 7 8 13 19 22
991WaW8A78XCAxiKCgcbeH9PP044,9,plain,none,mixed,3 3 3 5 8 10 14 17 18
991W99ke3Yom410Of0W8z3d8O91G,9,plain,none,mixed,1 2 3 6 6 9 14 17 23
991Wa-nGYKpK550aAdQ9IADBa90W,9,plain,none,mixed,1 4 4 4 5 12 14 18 19
991WL6Br-K-28YHe44mLa41fab0e,9,plain,none,mixed,1 2 5 6 6 12 13 14 22
991W6NGM37HqLAAGWO9GXpA2GY6X,9,plain,none,mixed,1 1 5 8 9 9 12 15 21
991W42GgHF051RNJ4WWfafZuHIGe,9,plain,none,mixed,2 3 4 5 10 10 12 13 22
991W42eoKbInyHuK8YmYYCaA4OAC,9,plain,none,mixed,1 3 6 6 10 10 11 15 19
991W4IWK24WvCaHIafAAGgbb1mI8,9,plain,none,mixed,1 3 4 8 8 8 10 17 22
991W91GfaYHHXaim5YOfsAN6M7qI,9,plain,none,mixed,1 3 5 7 9 11 11 12 22
991W88NHoeoZOg50WXT1oEZ862R9,9,plain,none,mixed,1 3 4 7 7 10 14 15 20
991W18XGA9YXdgv2o54m7scK5HGO,9,distinct,none,distinct,1 2 5 6 7 12 15 16 17
991W9XLDVx7i8G40KaOQe5WK6AWb,9,plain,none,mixed,2 4 6 6 6 7 7 12 31
991WA4WH7F4bdH9160xNGsmQ92TI,9,plain,none,mixed,1 3 3 5 11 11 12 13 22
991WHOPFO9WN4Gqa8FWOAJDA9Qb4,9,plain,none,mixed,4 4 4 5 5 10 13 17 19
991WfCU426XPD409C52N3GSYH8H9,9,plain,none,mixed,1 3 3 3 5 14 15 17 20
991WaC4K2aYvgWavGWhIsJGISaQ8,9,plain,none,mixed,1 2 5 6 8 12 15 15 17
991WYqgIageaS9BI0CeD4rGC2882,9,distinct,none,distinct,1 2 4 5 6 12 13 15 23
991W8I0WtAckc_HW80aw9H4h51g4,9,plain,none,mixed,1 2 5 7 7 9 12 13 25
991WAAWGC9YbGX4OPB2sIb4830u9,9,plain,none,mixed,1 2 4 4 4 5 17 22 22
991W14P4sIZGKFOAAXMAaQYnqX8Y,9,plain,none,mixed,1 3 4 4 8 11 11 15 24
991W8nyHJaYISf8c30ijgacfMA00,9,plain,none,mixed,1 1 6 7 10 10 13 15 18
991WAIfaM1TnWOP45HH99G5nIfE1,9,plain,none,mixed,1 2 4 4 5 10 10 15 30
991W12WA20ZGF25AHKb4nSka8aD2,9,plain,none,mixed,2 2 3 9 9 9 10 18 19
991WINppXoXkJagA444ia31qci0G,9,distinct,none,distinct,1 2 4 5 6 14 15 16 18
991WC3rj3K8c1can9ILUS3626X22,9,plain,none,mixed,2 2 2 4 8 11 14 16 22
991WcgHa4WKsD12G8s82g1AID8oK,9,plain,none,mixed,1 2 3 4 9 10 13 13 26
991W8K4af0tbrKOg8XZLN5f30G9G,9,plain,none,mixed,2 2 7 7 8 9 10 12 24
991WK8X3oIM752q66EmS1u5oQYT8,9,plain,none,mixed,3 3 4 6 6 8 10 15 26
991WXaKcGaM0K4vIOEmaH4D1EyWG,9,plain,none,mixed,1 3 3 4 7 9 11 12 31
991W510e8cEZh5m60maIKb4qiAMn,9,distinct,none,distinct,2 3 4 6 7 10 11 18 20
991W4WmCfv8fA2I4A0a9Eg8Ak1Wa,9,distinct,none,distinct,1 2 4 8 9 10 13 15 19
991W29r2Z-1Eq11W5EgHcLnibEWO,9,plain,none,mixed,1 1 4 9 9 10 13 16 18
991Wmaw2IQyaMmq8Y70M2WpXDYe5,9,plain,none,mixed,1 1 2 6 7 13 13 18 20
991WGeAbAX0QgYG99C925HaZGdWP,9,distinct,none,distinct,1 4 6 7 9 10 13 15 16
991W8F4PD72Y8YA1H8bHe5WuA2EY,9,plain,none,mixed,2 3 3 5 10 12 12 13 21
991W4YGqAvRMO30e11WMfb5mX30G,9,plain,none,mixed,1 1 3 7 9 9 13 15 23
991W2myW8m-IY600AICZKbw8K6GC,9,plain,none,mixed,1 2 3 4 4 13 15 16 23
991W3Y0m7HnSA338A2abnAC4i30W,9,plain,none,mixed,1 1 2 9 9 11 11 17 20
991W65Wa7EBWh1e9mj0KSW5q4Wa9,9,plain,none,mixed,1 1 2 2 6 13 16 16 24
991WA0iK52XnfCN061uIYDmKGO5E,9,plain,none,mixed,1 2 2 5 6 11 16 18 20
991WCV0283HfMES8Ge58DtjrRWs6,9,plain,none,mixed,1 4 5 5 6 8 10 21 21
991W8JW89p2m9YHK51WPSRGK91AY,9,plain,none,mixed,1 2 4 7 10 10 14 15 18
991WJPPIKR7HiDmg4C4-8S920Q0C,9,plain,none,mixed,1 3 3 3 7 8 13 15 28
991W4BkgHP9CeKnoe9wW9t-mdsQG,9,plain,none,mixed,1 2 4 7 7 13 14 16 17
991W02YmUCIMBpS4cEp44MwOcf6K,9,plain,none,mixed,1 2 6 7 7 13 13 14 18
991W12WYv0G22HXKGN50qDALB4H2,9,plain,none,mixed,1 2 2 3 9 10 11 14 29
991W9894fEOp4gGYWsWGfgYeqmWC,9,plain,none,mixed,1 1 3 7 8 13 14 16 18
991WI4bGZXAM5FeC2JPLLcCGAmJ4,9,plain,none,mixed,1 1 6 7 7 9 14 17 19
991W2GM71kNTM9KYD5DHI47B54Ko,9,plain,none,mixed,2 3 3 7 7 8 12 18 21
991WBJ8gyW30StY852aK5U82WXII,9,plain,none,mixed,1 2 6 6 7 8 9 11 31
991WGEJGeAtN6WO4H8Wax8gMGKnG,9,plain,none,mixed,1 3 4 4 8 9 13 17 22
991W4dP6XAH448b86Z6SH8Q5GI4Y,9,distinct,none,distinct,1 3 4 5 6 10 15 18 19
991WeKKB9bIgac8Ia1x5UsmWsA41,9,distinct,none,distinct,1 2 3 6 10 12 14 16 17
991WG25Ia91OSmaHCYh2H2ic9aI0,9,distinct,none,distinct,1 4 5 7 8 10 11 15 20
991WA20GeDXAGXGX630g-v041miA,9,plain,none,mixed,1 2 4 4 4 11 12 16 27
991WC4X8CnuH4f8c8Y6XaR084ImG,9,plain,none,mixed,1 1 4 7 7 10 15 18 18
991W2584eaHTNU10eh5nGeYAz0GA,9,plain,none,mixed,2 2 2 3 7 8 16 17 24
991W8aP59B12D4vG60Yk0XySZSAY,9,distinct,none,distinct,1 2 3 5 9 10 12 17 22
991WIXbw1H4IL4p0AIZCh38n1Eo4,9,plain,none,mixed,1 2 5 7 9 9 11 18 19
991WIsggLBG74nW8272GA0yiA0A8,9,plain,none,mixed,1 1 6 6 8 11 13 14 21
991W92P4Hz6XC2X840nD318GOB24,9,distinct,none,distinct,1 2 4 6 8 10 11 16 23
991W0bmcO7YO4N8mZObYI914f6TX,9,distinct,none,distinct,1 2 4 6 9 10 13 14 22
991WGK8XGJQ6deqRH4jx2nGK4S8G,9,plain,none,mixed,4 4 5 6 6 6 9 10 31
991W10Y86I4H9Ha4Q0W87ZMd8I4A,9,plain,none,mixed,1 1 2 4 4 13 17 17 22
991W853GcB8ZnH8CIYI6cY4G5n8O,9,distinct,none,distinct,1 3 5 6 7 10 13 16 20
991W408ujqb0Y2WHff2KnvRvoNbW,9,plain,none,mixed,1 1 4 6 7 8 15 16 23
991W0Hb9Oab7q4aW8oLBUhubAJM2,9,plain,none,mixed,1 3 3 7 8 10 14 15 20
991W810BYcW852h98H09abHMKY5W,9,plain,none,mixed,1 1 4 5 7 12 16 17 18
991WS0WC2c-mAL4e1GcJ18z9CGaK,9,plain,none,mixed,1 3 4 6 6 8 14 15 24
991W0zYGzZDpi8H8X5EkY5AJe0IG,9,plain,none,mixed,1 1 4 8 9 10 11 16 21
991W8Y2aD6f91W4Q94HOG75a4e-4,9,plain,none,mixed,1 1 2 5 7 8 9 19 29
991W30aJn6KTAg844ICR3cBeHIIG,9,plain,none,mixed,1 1 2 7 9 11 12 13 25
991W41471cCGk8dA20qK6jJGmAcI,9,plain,none,mixed,1 3 5 5 5 9 10 21 22
991WOY8Y8-GPUeC0oT9C2W8C52KQ,9,plain,none,mixed,2 4 4 7 7 8 9 19 21
991W52WO88cv6GeCE2Ga-3Q41GOG,9,plain,none,mixed,1 1 5 6 8 10 11 16 23
991WHaOpCo1Gg3A80WLD6KT2GX51,9,plain,none,mixed,2 4 5 6 6 7 10 16 25
991WO60WTGIOaPYN611W42WdBYyS,9,distinct,none,distinct,1 2 4 5 7 8 9 20 25
991W5KCr6neKg5T98YRanZ4EwH80,9,distinct,none,distinct,1 4 6 7 9 11 13 14 16
991Wm90mIGm82WiZK53WmI4C51Gc,9,plain,none,mixed,2 2 4 4 5 8 8 21 27
991W9YOb93nIXKe40mS861GFQ2T1,9,plain,none,mixed,1 2 2 6 11 12 13 16 18
991W9EgIAIPaMAG1AQjb8aIojGqy,9,plain,none,mixed,1 4 5 6 7 9 12 12 25
991WQBAyGOF2SGWO9PaZ9S8YOhQ8,9,plain,none,mixed,4 4 4 7 8 9 10 12 23
991W0QHGKxNjnCGqGT68LLnGaA24,9,plain,none,mixed,1 1 3 8 11 12 14 14 17
991W98oIGI869ICXEDZuP4I4IZq8,9,plain,none,mixed,3 4 5 5 5 7 11 12 29
991WGOohIde94OIA8e2eqCvZeSWY,9,plain,none,mixed,2 2 4 7 7 7 7 16 29
991WA14W84XYhCwG61mRnOIPdf5H,9,plain,none,mixed,2 2 5 5 7 11 11 13 25
991W2Gm4CiB5P0eW41GM8nDHkuY4,9,plain,none,mixed,1 1 2 4 11 12 13 15 22
991WK8mv2g9DebCGSQyWNho8J74U,9,plain,none,mixed,1 3 6 7 10 10 11 14 19
991WGXO1WbOGC6G5Qbh1n1eQqMa8,9,plain,none,mixed,1 2 2 3 6 9 12 15 31
991WEBZu20SA4eK3mI928WGS5mWI,9,plain,none,mixed,1 2 3 3 6 8 15 17 26
991W8HYWeI5KhEeqE4r2p0N4oyXW,9,plain,none,mixed,1 5 5 5 8 8 12 13 24
991W9HWQ2WdGJX2m10q3WYx4GXIC,9,plain,none,mixed,1 1 2 5 8 11 13 13 27
991WL4WmInmWalGX105o7VIiFmau,9,distinct,none,distinct,1 2 3 6 9 10 13 16 21
991WGxbsA6I2umfQa5gjGw9GAC84,9,plain,none,mixed,1 2 5 5 7 10 13 17 21
991W99yLA71cfUWGGOQHgL6YI8GY,9,plain,none,mixed,4 4 5 5 6 6 12 16 23
991W21GCQSfAI7L8E20I8UE69J4I,9,plain,none,mixed,1 4 7 10 10 11 11 12 15
991W22A8Wegcsj0mO454ZOh-yWW8,9,plain,none,mixed,1 1 4 5 8 12 14 14 22
991WY4H691G84cSeWe8X4WoDPY4Y,9,plain,none,mixed,1 1 5 6 8 9 13 17 21
991W8NL9IQcKWmKo8ZZ84To4Jqm1,9,plain,none,mixed,1 1 5 5 7 10 13 16 23
991W44ixY9gA2YKm923WergIaIE1,9,plain,none,mixed,1 1 3 8 8 9 11 17 23
991WG24X8Z0kaw0WIKpC2XmK63BK,9,plain,none,mixed,1 3 5 5 9 9 10 17 22
991WM4HjYG884v284Y2Wm4UwMaOK,9,plain,none,mixed,1 2 2 7 7 9 10 14 29
991W18UFY10mo20Bd2ei9pTW884W,9,plain,none,mixed,1 1 3 4 7 9 12 15 29
991W8H085ecOOK0W4WuBZ7WSB1oI,9,plain,none,mixed,1 4 4 4 5 6 18 19 20
991W8Jm82T5HgaI14GyKKfP2WuMW,9,plain,none,mixed,1 1 6 6 7 9 13 18 20
991WWWA8vscecK94mXWY9Y9uMIea,9,plain,none,mixed,1 4 6 6 8 9 11 18 18
991WH1dWKC2r82SOD42OzKc9XeLA,9,distinct,none,distinct,1 2 4 5 6 10 13 16 24
991WA6Z4A2KKiYecGYJa2WPr30WG,9,plain,none,mixed,1 5 6 6 8 10 13 15 17
991W8972mamY50mCa11Ot1u4772m,9,plain,none,mixed,2 3 3 3 4 8 14 19 25
991W8Z121ImnUXYK9IH2c5HBOgIO,9,distinct,none,distinct,1 2 4 8 10 11 12 13 20
991W8wdoWQuDY9P0Z4ae47Ebidab,9,plain,none,mixed,4 4 4 4 6 7 11 19 22
991W820Ga3r4a40IP5PRInGC414P,9,plain,none,mixed,1 2 6 6 7 8 8 20 23
991WZ9Gi5lK458M3I59QAkG48H0A,9,plain,none,mixed,1 2 2 9 9 12 12 13 21
991Wj99H8zmCEG842b8wZ38ojqGM,9,plain,none,mixed,1 1 7 8 10 11 13 14 16
991W11bKfHOmkmWCMcmiCe95pD8a,9,plain,none,mixed,1 3 4 8 10 10 12 15 18
991WZ4o597HBAYoe8U1qI50PGaWa,9,plain,none,mixed,1 4 7 7 10 11 12 14 15
991W2YG32C36P51WL51Kav8Yw6Ga,9,plain,none,mixed,1 2 4 6 8 8 15 17 20
991WH2S9aImIKA2GE2giVqWmUBH4,9,plain,none,mixed,1 5 6 7 7 8 11 16 20
991W0RGG6fI8cFWab55IaMnve90G,9,plain,none,mixed,2 3 5 6 10 11 12 12 20
991WuCGIA2IGp8wo04mAe-xPHcHa,9,plain,none,mixed,1 2 2 7 9 11 11 17 21
991WHSKBL4G4s2e8p0faPt4NSp0G,9,plain,none,mixed,1 2 5 6 11 12 12 16 16
991WI8QX8Gc8sf6AACH2KbV0W4SC,9,plain,none,mixed,1 4 4 5 8 8 9 16 26
991WAH4J7Xu84fGC0m82WirWIaGa,9,plain,none,mixed,1 2 3 7 7 8 8 17 28
991W8YWe5GuFd2AI1GO6vTAaeZG8,9,distinct,none,distinct,1 2 4 6 7 11 12 14 24
991Wf2SaY96vScX8W3mv4XWcXaIG,9,plain,none,mixed,1 4 4 5 9 12 13 16 17
991W5nK665WeHCA11WKS46Xa0k4W,9,plain,none,mixed,1 2 2 3 4 4 20 22 23
991WCFX8C4Q7WS4IGOfnKR0G11aK,9,plain,none,mixed,2 3 4 5 5 5 11 20 26
991W6imK2H1WKKeKGO7Cp7CmaH8a,9,plain,none,mixed,1 4 5 5 6 9 11 20 20
991Wg292HAmF2GHG2Pd84167f4n2,9,plain,none,mixed,1 2 2 6 9 11 11 19 20
991WGn8O4KAS8sH810oMbIbbRZI2,9,plain,none,mixed,1 4 7 8 8 9 13 14 17
991W35sJb0W6DVWWCKA1X54Qx8GY,9,plain,none,mixed,1 1 4 5 7 9 13 14 27
991W1aceaUGfHD0amfbDC2ElEBX4,9,distinct,none,distinct,1 3 4 8 9 11 13 14 18
991W92MYD2p2n4GOI28f8H09xCX8,9,plain,none,mixed,2 4 8 8 8 9 12 13 17
991WKLJ50mIYl99XGIa80qH2_j50,9,distinct,none,distinct,2 3 4 5 6 8 9 13 31
991W4HWeOk20q1WIC2eCPA8Z8nAI,9,plain,none,mixed,1 3 3 4 6 13 13 14 24
991WW32tRBL5YIuIIhQgYJ0bGY9G,9,plain,none,mixed,4 5 6 6 7 7 13 16 17
991W2iP4WqAnN2G8nRq720gDQ2WK,9,distinct,none,distinct,1 3 4 5 7 8 12 15 26
991WYL1e3cefJqD2AAXM8k8I90c2,9,distinct,none,distinct,1 3 5 8 9 10 11 15 19
991WaUaI2XWe9YcHG461IF4M54O6,9,plain,none,mixed,2 2 2 6 8 11 12 14 24
991WGo96X2n2Obv223ZS4XCAII2W,9,plain,none,mixed,1 1 5 8 9 11 12 15 19
991W9a9u5j8g8XKg612eHnnnuWS4,9,plain,none,mixed,1 1 4 5 12 14 14 14 16
991W4I1lUKXmfA-GH4GOeHr68KAH,9,plain,none,mixed,1 3 7 8 8 9 10 16 19
991Wa4wE9oGv98GW8-8Y1Ocj19Ie,9,plain,none,mixed,1 2 4 5 12 12 13 15 17
991W8gIzWXWeZ9mC4uM5AL8qa21W,9,plain,none,mixed,1 1 3 6 6 9 10 19 26
991WH54e-1AH99027IPM1EFJLKp8,9,plain,none,mixed,1 1 4 7 9 10 11 17 21
991WY0W55cGK7H4GY0WG629c52H5,9,plain,none,mixed,1 1 2 8 9 11 11 17 21
991WoKbBLJC5l6GG9A8H32C5FaOY,9,plain,none,mixed,1 3 5 6 6 8 12 12 28
991WM92MI8u3Hpn4B9GZ8i5gD498,9,plain,none,mixed,1 4 6 7 9 10 11 11 22
991W5e9wML283YC8Z4WWGvl2H2CI,9,plain,none,mixed,1 1 2 7 7 10 14 17 22
991W31OD3en9KY1160W30iH47Ew3,9,plain,none,mixed,1 1 3 6 7 9 11 15 28
991W82Wfsg942GaS620SzCKG7IL2,9,plain,none,mixed,1 1 2 4 9 12 15 18 19
991We9gHuT0WOlmC4WaakGB0mWPM,9,plain,none,mixed,2 2 2 4 6 9 10 10 36
991WAaO61GK5nQ5XGKM610I4AYe0,9,plain,none,mixed,2 4 4 4 4 5 12 14 32
991W0Y4i95o4IauI1GaKrCssnK30,9,distinct,none,distinct,1 3 4 6 8 10 12 18 19
991WmC0WDl3e6Qc615968HyLD2KW,9,plain,none,mixed,1 1 2 7 7 12 14 15 22
991WXbCbCB2gfjSG48528lZqCNcQ,9,plain,none,mixed,3 5 6 7 9 10 10 15 16
991W8b68aIc9aPTeaTWPa6LHKj5W,9,distinct,none,distinct,1 3 4 6 8 10 12 13 24
991W1ArYaWWWPZo1bMGYgPfHbUCY,9,distinct,none,distinct,1 4 5 6 10 11 12 13 19
991Wg5HSfygor2Ga8AeSgYZG910W,9,plain,none,mixed,3 5 5 7 9 11 13 14 14
991WKfJiN96nqJj28D8dI64IWW4K,9,plain,none,mixed,2 4 4 6 7 10 11 11 26
991W4HB-V2Gn2194840HHHvU9uI8,9,plain,none,mixed,1 2 6 7 10 10 11 14 20
991WX45zY8HADH-24AabGoPPhgG5,9,plain,none,mixed,2 5 5 6 8 11 14 15 15
991W0mMnp4oG9CGdGXqlI6nCu640,9,distinct,none,distinct,1 3 4 6 7 9 13 16 22
991Wc4GbXH4o1GK3MEXe19IKHqe4,9,plain,none,mixed,1 3 3 3 4 11 14 20 22
991WCZ4ss6WaB4P062WAC20kGQ9Y,9,plain,none,mixed,1 3 3 3 10 11 13 16 21
991W8WasH492z0I41G8amkOcLE2W,9,plain,none,mixed,1 2 2 3 9 13 16 17 18
991WAYn2X0KwkGaP5ID3YO98y1m2,9,plain,none,mixed,2 2 3 4 9 9 13 14 25
991W9YGe80yDJ8-X0W84DJLGITB4,9,plain,none,mixed,2 2 4 8 9 9 10 13 24
991WJ4Du22UcuHUC2G8aKZ7GHfLO,9,plain,none,mixed,1 1 1 9 11 11 14 15 18
991WWWKI4J1nE754X0GA4KP6X-SO,9,plain,none,mixed,1 1 4 6 8 9 9 18 25
991W85oWo1aZey4IXD4p-sg2GabO,9,distinct,none,distinct,1 4 5 6 8 10 11 14 22
991W8Wa22pWjZAA210K5aefaQlWK,9,plain,none,mixed,1 3 6 7 8 9 9 11 27
991We40GB9gjHKbCa1JGV0Gc7HKO,9,plain,none,mixed,1 4 4 6 6 8 11 15 26
991W50oC3RbO8Y0iT0m858WL928A,9,plain,none,mixed,1 1 3 5 11 11 12 16 21
991W2X49HIGWmI5151OtAEWe490a,9,plain,none,mixed,1 3 4 6 6 7 11 16 27
991WH63WQGaCCX3GH2MKegI8108g,9,distinct,none,distinct,1 2 3 4 5 10 14 16 26
991WI2ZDr2G14aH1I1ZQYhmSJqqa,9,distinct,none,distinct,3 5 6 7 9 10 12 13 16
991W8qd9l1xC50X0I3IPAG-6g32G,9,plain,none,mixed,1 2 6 6 8 10 14 15 19
991W80Wg8A2LTKGCDI4aoimj8a98,9,plain,none,mixed,1 2 2 8 11 12 12 13 20
991Wq5068dvCeG41WWPIR7HmB4H1,9,plain,none,mixed,1 1 4 6 7 11 11 17 23
991WLJ1GG4XExh0O92FX90SGcf0G,9,plain,none,mixed,1 2 2 5 7 7 9 19 29
991W10PbeP5Kx8829Ifa4WO4gcWW,9,distinct,none,distinct,1 2 3 5 6 9 12 15 28
991W16HRoYWI8W8a4ZA2NJ5P6L8o,9,plain,none,mixed,1 3 3 5 8 11 15 16 19
991W8Y4a8UePb1GI31OE5Xe6PVo0,9,plain,none,mixed,2 3 3 5 7 9 14 16 22
991WaMjpC92WO2j129GpgK62WYE0,9,plain,none,mixed,1 1 5 7 8 8 9 9 33
991W4HYpHuJSL2WK27HAAqp7u910,9,distinct,none,distinct,1 4 5 6 7 10 13 16 19
991WA3WrAGG421YHGK10a39r2GbO,9,plain,none,mixed,1 2 4 5 5 6 12 16 30
991W50K215mBB17H10KS6eAGxeP8,9,plain,none,mixed,1 2 2 4 6 10 11 12 33
991Wge84238-8Y8cI0W8b8WqMGG4,9,plain,none,mixed,1 2 2 2 6 12 13 15 28
991W9KvEXmH8oFWK7IY10WAf890W,9,plain,none,mixed,2 2 3 4 6 8 9 20 27
991WKaafDhY4KL2G50L0AAmy5AG2,9,plain,none,mixed,2 2 3 5 7 10 14 14 24
991Wbfv54YchpQpe04akC42HD4Wo,9,plain,none,mixed,1 3 3 5 6 10 13 15 25
991WXMYGL20WmAUK5FA6KM2W4X6I,9,plain,none,mixed,1 3 5 5 6 7 13 14 27
991W9MO4b1h4GN8XdAXX8WaH7Sz8,9,distinct,none,distinct,1 3 4 6 7 8 11 18 23
991W1iZW4ACaK7QDA94sUKsCYX48,9,distinct,none,distinct,1 3 5 6 7 10 12 15 22
991WC0P-YP2BaeR8G75Gi5uZWIWS,9,plain,none,mixed,1 1 1 6 8 9 16 18 21
991WWeH2Q7_1Aoeg24GCD2mmw1O8,9,plain,none,mixed,1 3 6 6 9 10 13 15 18
991W2GuIiYaP70h8424WA59JbOOI,9,plain,none,mixed,1 4 5 6 7 7 14 15 22
991WYZ4XKIhbgyqH0OoxPPG93f18,9,distinct,none,distinct,1 3 4 5 8 10 15 17 18
991W20E2GgWCN2A2IJ4N30gQaX3G,9,plain,none,mixed,1 1 2 4 9 12 13 14 25
991WH0Z8o2mSAYL5aD0H3WgI1082,9,plain,none,mixed,2 2 2 3 7 8 15 19 23
991W842WqAhgyOuA0KZo91OI4HuO,9,plain,none,mixed,2 3 6 7 7 9 11 12 24
991WWP6gOLWG4HB0065PAVJCpAzP,9,distinct,none,distinct,1 2 3 7 9 12 13 14 20
991W91MZK6tMk0G4I28c_0eMH2ZG,9,distinct,none,distinct,1 4 5 6 8 9 13 15 20
991WX7ZzdKHw8f8H8z0aYXJ861D2,9,plain,none,mixed,1 3 4 9 10 11 14 14 15
991WOR0Xp8TnqDW8HAaOj7zCR7I8,9,plain,none,mixed,1 1 3 5 12 14 14 15 16
991W7DI72HRM2WO4F9XKL8Gs8LG4,9,plain,none,mixed,1 1 6 7 8 9 13 18 18
991WXBJC42AK32Sc2AJalaOa2X4I,9,plain,none,mixed,2 3 3 7 8 9 12 13 24
991W23N3pwfGX28XIITRY4pa4acO,9,plain,none,mixed,3 3 3 4 9 11 14 16 18
991WGeHn93qufQ8H1C4XHtPoZ0zm,9,plain,none,mixed,1 2 6 6 10 11 13 14 18
991W1924L4x3TWeGn2WY9DFA514T,9,plain,none,mixed,1 1 6 7 8 13 14 14 17
991W0G8SXQOG8qLK230pBKmiLfmf,9,plain,none,mixed,2 3 6 8 8 9 10 13 22
991W832egA-HK0G414H2gceA610K,9,distinct,none,distinct,1 2 3 4 10 11 14 16 20
991WGaB29leQ10mDoB0e40GQB001,9,plain,none,mixed,1 2 2 3 3 6 20 20 24
991WG3j3cHWqAXfEC13nE-Ge9O0G,9,plain,none,mixed,1 1 1 7 9 10 16 18 18
991W51IqqjvNlwn4H4bb0WmHA088,9,plain,none,mixed,4 4 5 7 9 10 11 15 16
991W21MA1WMEK72aA4L2GSMfH1Z8,9,plain,none,mixed,1 3 3 6 8 10 11 16 23
991WJ8z95ObPOGmbCke83pSWKf8X,9,plain,none,mixed,1 5 5 6 8 9 11 17 19
991WGuAkBUKQXYH84ButJ4WLIgW0,9,plain,none,mixed,1 1 5 7 10 12 12 15 18
991W8MgeQ8mSc0iAXlWOY88K2Cf9,9,plain,none,mixed,1 2 3 3 7 12 12 18 23
991W2WeKn0C2CY6Y8J0W968YKWiI,9,plain,none,mixed,1 1 3 5 6 10 11 14 30
991W81dn4y52eaf5J39KiaA1WRc0,9,plain,none,mixed,1 2 5 7 7 9 11 12 27
991W9UPb9EWAYH0WJf0e4H8I8kv8,9,distinct,none,distinct,1 3 5 6 8 12 13 14 19
991W8Dn0GKOI4128JOn4n0d861Ga,9,plain,none,mixed,1 1 1 5 6 7 12 17 31
991WX3Cqb38n7oXG4B2nZfMIH9fG,9,plain,none,mixed,1 5 5 6 8 11 14 15 16
991W4nCA1WM69aQ12WS614HaHHb0,9,plain,none,mixed,2 2 3 4 6 6 14 14 30
991W22WS72kaOaAeAIGZy8197HW8,9,plain,none,mixed,1 1 4 7 10 11 12 15 20
991WAYannJX8Io94C00_37Go0uGM,9,plain,none,mixed,1 1 4 5 6 10 11 21 22
991W1iEYisIaa8XCG9l2XhQr852W,9,plain,none,mixed,1 3 4 7 7 9 11 17 22
991W1WYPL5Ao4X8PI6n4I16m487W,9,plain,none,mixed,1 1 2 5 9 14 14 15 20
991W9IG8EzjdU0WWKafQ8mrC1224,9,plain,none,mixed,1 2 5 6 7 9 17 17 17
991W2Q2GaAWbVkWaeWaCr98D0WI8,9,plain,none,mixed,1 2 6 6 6 8 11 15 26
991WX91m3HHwSu0W96T9OfIe61OY,9,plain,none,mixed,1 1 4 4 6 7 8 21 29
991WC0YkOmS61eeG4t10qD4oI2aX,9,plain,none,mixed,1 1 2 8 8 9 11 12 29
991WIKn9PafCag9a0GGHCZIOPKYe,9,plain,none,mixed,1 1 7 10 11 11 13 13 14
991W3Ff5fOU616GeHR5Ie61Xa4GS,9,plain,none,mixed,1 4 6 7 7 8 10 12 26
991WAaeYWo-GI0XGYBHpoyyG22W8,9,plain,none,mixed,2 2 2 6 8 10 15 17 19
991WAIO7KefAaL5IP7vG43IW8CKW,9,plain,none,mixed,4 5 5 5 6 11 13 14 18
991WCvCH10A2AA8YIuI40Y8cDcW8,9,plain,none,mixed,1 2 4 8 8 9 10 10 29
991WCZGmw2n8n2K69HCl16HSWWC0,9,plain,none,mixed,1 3 4 5 8 10 10 13 27
991WT4JGcF3aGOI214Omh6HK7nuO,9,plain,none,mixed,1 4 7 8 9 9 9 15 19
991W34oihAjC5HOaXCm8GKM950yH,9,distinct,none,distinct,1 3 5 6 7 12 13 14 20
991W1495S6eGL9XKXOS8C3mtq4We,9,plain,none,mixed,1 2 3 5 6 9 17 17 21
991Wa3udHHXoIeoOW8Au54sHWYXO,9,plain,none,mixed,1 1 2 9 11 11 13 14 19
991W5gR9omfAP49Sg1X2X0L01-2G,9,plain,none,mixed,1 2 2 4 8 8 13 21 22
991W07KgOY8YeOW8bP1WXiQaP62c,9,distinct,none,distinct,1 2 3 4 7 12 15 18 19
991WXIaaR8M0unGKiQEL8o3GIamI,9,plain,none,mixed,1 4 5 7 7 8 10 11 28
991WI2WfNtGS6XGK8228i8CP9XH4,9,plain,none,mixed,2 3 5 8 9 9 11 13 21
991WA94G46kKc9ICGeoKd16Ua8XG,9,plain,none,mixed,2 4 4 5 8 10 15 16 17
991W24-B8sHOIqSXWE0xAYQAKOGH,9,plain,none,mixed,1 1 5 8 11 11 12 15 17
991Wjg5WB5ioK4A40K4y48gY4unK,9,plain,none,mixed,1 2 3 3 5 15 16 16 20
991WWKHFCKdX7ns4AQGmB3b4eyK8,9,plain,none,mixed,1 3 5 6 6 8 14 17 21
991WA2Q0WBuHuP4n94jD5WYGo5XG,9,plain,none,mixed,1 5 5 6 6 7 8 18 25
991WGbauLOkIX56H93DGC9uc58XY,9,plain,none,mixed,2 3 4 4 9 9 15 17 18
991WH4L391ggijQYGKWh6GKHSW2W,9,distinct,none,distinct,1 2 4 5 7 9 12 19 22
991WY8XWM2984H4XXaO-Ls0S71GK,9,distinct,none,distinct,1 3 4 6 7 9 10 20 21
991WH5IAQJPv0cm56Nac4SMUHZmX,9,plain,none,mixed,1 5 7 8 8 11 11 15 15
991W8H0O5L69LfX820yIaaya4XIW,9,plain,none,mixed,1 1 6 6 8 11 15 16 17
991WeefaL5AQ1eK51qWGyCm4SY0Y,9,plain,none,mixed,1 1 2 7 9 9 13 17 22
991W90I5YSZEIOA5n8QG410cIqGJ,9,plain,none,mixed,1 3 4 4 8 8 13 20 20
991Wa0iSB1Gqb4qOWWG7EyaQGO52,9,plain,none,mixed,1 1 5 6 7 10 10 18 23
991WK2uq64XCb54W0GUGCTPgXaP5,9,plain,none,mixed,3 3 4 5 8 10 14 15 19
991WACn8vQ3ThWG1HAAUD3XIgQ-I,9,plain,none,mixed,4 5 6 6 7 9 11 15 18
991W9IadHCMegXoa0XCh0W7CLZ28,9,plain,none,mixed,1 2 5 6 7 11 14 14 21
991WY5108oWaE4A2KD5oGeGU4Z4H,9,plain,none,mixed,1 2 3 5 6 12 12 13 27
991WYOXOoCXDCIOX270a94862Gk4,9,plain,none,mixed,1 1 4 6 9 10 12 17 21
991W8b8yfCKMA9QG2Y3uZY9aKnm4,9,plain,none,mixed,1 1 2 8 10 13 14 16 16
991WPBn4GeXRskeC1Db41yaOEG0C,9,plain,none,mixed,1 1 3 4 7 10 12 20 23
991WOb6HB5eLX2GXC5OElJ4f48Wb,9,plain,none,mixed,1 2 4 5 11 11 13 16 18
991WK92mHf92YWa3AfIeo30r9Ge9,9,distinct,none,distinct,1 2 4 5 6 8 11 19 25
991W20mCY5fiMo08A1WI7macYfQI,9,plain,none,mixed,1 3 5 6 8 12 13 13 20
991W5eO713HCGq8XqfAPa0W422rA,9,plain,none,mixed,1 4 4 5 5 7 10 22 23
991W1OJ2H8qsDheaeba910aIPGYG,9,distinct,none,distinct,1 2 4 6 8 10 12 13 25
991W0GL3L84zD5GWI5WR4Yab-BY4,9,plain,none,mixed,1 3 5 5 7 11 12 16 21
991WAZCdbzV9TBZ891858Sn631I0,9,plain,none,mixed,3 4 5 6 6 8 14 16 19
991WeFZ27f4hWYCY23wUKEXKP1e5,9,plain,none,mixed,1 3 4 4 8 10 15 17 19
991W4gvE98GYMTXWGPhy1O4cZc9a,9,plain,none,mixed,2 3 4 5 5 11 13 14 24
991W601IiOg53Z0GHM5XKf8C0dna,9,plain,none,mixed,1 2 3 4 5 5 13 19 29
991W2GW8A5H9DmV820aKCYmT30c4,9,plain,none,mixed,1 1 4 5 6 8 17 19 20
991W9EmP474nQW8WJevIHIM3GqGm,9,plain,none,mixed,2 5 5 6 7 12 12 13 19
991W2aWG8-AHc9GgeR1eQKA7XImG,9,plain,none,mixed,2 2 4 6 8 8 13 13 25
991W9Zh8A59A0WG7H2HmK8ZKLX4G,9,plain,none,mixed,1 3 4 7 8 11 11 12 24
991Wf0G2F0eFx2Z09QAb4I4YU0m8,9,plain,none,mixed,1 1 2 5 6 13 16 18 19
991W9EWa4eUSA9H8KuH59nZRB1GC,9,plain,none,mixed,1 4 5 8 10 12 12 13 16
991WHKbvjgEI96WO1I4YJH6o1328,9,plain,none,mixed,1 1 5 5 9 11 12 14 23
991W50qc5YTIBO1a10SEUSqB34oI,9,plain,none,mixed,3 4 4 6 6 8 11 18 21
991WeYej4cfAHYP2WW8Jg9WiQI10,9,distinct,none,distinct,1 4 5 6 7 9 13 16 20
991W5AD4X0XGCKD9d6n6WWmLnKQ0,9,plain,none,mixed,2 4 4 4 6 7 12 19 23
991WOYCGQgDi1CH28Jg4Q2WK6MYm,9,plain,none,mixed,1 3 3 3 7 12 13 16 23
991WeC1YTYW7208QM1YeK65-MYGe,9,plain,none,mixed,1 2 4 6 7 7 10 16 28
991WG8nqOd3EmiO92C5ASag7A3Kq,9,plain,none,mixed,1 2 3 5 12 12 14 15 17
991WYeWo4Qna-KA115jGAbp6sZaE,9,plain,none,mixed,1 2 4 9 9 12 12 15 17
991WI4g3dUIm4625154A5odPu40H,9,plain,none,mixed,1 2 5 6 8 8 10 17 24
991WH4aa71HNAK5D61XMC2JJHah0,9,plain,none,mixed,1 1 6 9 9 11 11 14 19
991W9CG6VD16YmSIqaoW42aVA454,9,plain,none,mixed,1 4 4 4 7 7 15 18 21
991W9463DeH4NQ51H7-n8XGIfDGm,9,plain,none,mixed,3 5 5 5 7 10 14 15 17
991W8GfaKz0W8QJ4K4eJ-D0GSf8q,9,plain,none,mixed,1 3 5 7 7 11 11 13 23
991W2imD2H1ybLGi1CO911Kem40M,9,plain,none,mixed,1 1 4 6 6 7 8 22 26
991WH6zlSCWB1W6X21aHe90a9eea,9,plain,none,mixed,1 1 2 5 7 9 9 18 29
991WGYDC4XC8421W10Jb9ZnGS6Ym,9,plain,none,mixed,1 3 3 4 4 9 12 20 25
991WAZBPZ5I6BoeYJ3183BH3OMeC,9,distinct,none,distinct,1 3 5 6 7 8 11 15 25
991W1GZGfd6z1GI4ILGi47Iu0ZAY,9,plain,none,mixed,1 1 4 5 6 6 16 21 21
991WKj8w4YKYGXuGWa94C4CXEW4P,9,plain,none,mixed,1 1 3 5 6 8 16 16 25
991W0qbImK11G0Yei84Z8cAYec8U,9,plain,none,mixed,1 1 2 5 7 8 12 19 26
991WWXAno-WZXqoHG8-byJ4gBLC8,9,plain,none,mixed,1 3 5 7 9 14 14 14 14
991WC0Pu6z1GKKN4AJ18g48Iq20L,9,plain,none,mixed,1 1 1 2 8 8 12 22 26
991W4H1SGR8710GSA3X8K2b8A3Ie,9,plain,none,mixed,1 1 3 4 10 11 13 14 24
991Wa8PwCfIec5na0b8nJA7AKC30,9,plain,none,mixed,1 2 4 6 10 10 11 16 21
991WIbKW259QV2Ga0W9IDF98ZH7H,9,plain,none,mixed,1 3 4 5 6 10 10 18 24
991WO5OeIfQ5Ef8121VtCUoQLgca,9,plain,none,mixed,1 5 5 8 10 10 11 14 17
991WYvALMC0S5neg42WO6VHA8EG2,9,plain,none,mixed,1 1 5 6 6 7 12 16 27
991WShCp8y7K30iHH90K90aC2Xk0,9,plain,none,mixed,1 3 3 5 7 11 12 18 21
991W863GIAuSC4-8A56IJ2O64maA,9,plain,none,mixed,1 4 6 6 8 9 10 12 25
991W21iN6VWpCaHYb8oNWWna9uWK,9,plain,none,mixed,1 5 7 8 10 10 11 13 16
991WE1X8fEFCqaOgC09no0ud7108,9,plain,none,mixed,1 1 6 8 10 12 13 14 16
991W3IeoCB5CN4W1YP6S348BYIcm,9,plain,none,mixed,1 2 6 8 10 10 12 13 19
991WK8uf4SYvJ41W1D1D9BX6X4HO,9,plain,none,mixed,1 1 2 8 8 9 15 16 21
991WHKL-Y8mm9AXY2Y4WI2nNAKY8,9,plain,none,mixed,1 3 5 8 10 10 11 15 18
991W2Oe81yp22WmCq1GC30mmAj9Y,9,plain,none,mixed,1 2 3 6 9 10 10 17 23
991W42O87jLZI4X82X89pMLGg5HG,9,plain,none,mixed,3 4 4 5 7 8 10 19 21
991W9YKanFHqAX4HA0Wa4WG6Xe90,9,plain,none,mixed,1 2 2 3 11 12 13 18 19
991W4CX7IeZ2LKWmn9X1GCTy6aug,9,plain,none,mixed,1 3 7 7 7 8 11 13 24
991W9ICZCo2eT1851WuA72abef40,9,plain,none,mixed,2 2 3 3 9 11 12 16 23
991W8S4ccAXe52b0IAZbFmacO403,9,plain,none,mixed,1 1 4 6 6 6 11 17 29
991WoC85F4CW7Y0a450ODXIYrKip,9,distinct,none,distinct,1 2 3 6 7 11 15 16 20
991W0X8pK826Xbg8GbDmC8E2Y2b9,9,plain,none,mixed,1 2 3 5 6 8 8 12 36
991W814262deM538H4b8r2CmC538,9,plain,none,mixed,1 1 6 6 7 7 8 20 25
991WA4K2aik5JawOOMIvEGYKMLQ2,9,plain,none,mixed,1 5 5 6 8 9 10 18 19
991WGN0S5DNFH91G5WbIaYf620IG,9,distinct,none,distinct,1 2 3 6 8 9 14 16 22
991W34I3H5oyL45o57YEWv04uiEW,9,plain,none,mixed,1 3 3 4 8 10 14 16 22
991W0WmJTCf24i9A2H8c5aITxJ1G,9,plain,none,mixed,2 3 6 6 8 10 11 15 20
991W0W14GoB9a4IWM5SO2GyBQEZK,9,plain,none,mixed,2 4 4 4 4 5 12 17 29
991W8hQAai9D0W84I8YKLAJeBGu2,9,distinct,none,distinct,2 3 4 5 8 11 12 13 23
991WcbPgAoJKAXIG2OGeNXR05n4X,9,plain,none,mixed,1 2 6 7 7 12 12 13 21
991W125M2BYu417Hb87WD6H8gCXA,9,plain,none,mixed,1 2 2 2 4 12 14 17 27
991WD0HGH8FoAYfD83H9o6HX41aG,9,plain,none,mixed,1 1 1 8 8 13 13 14 22
991WYIGXuT9e0eWA2QAM2XgVNrY8,9,plain,none,mixed,1 2 3 9 10 10 12 14 20
991W2GyFaZb2GH2G8n8Q2Z08g9Gg,9,distinct,none,distinct,1 2 3 5 7 8 14 19 22
991WX0LaccWaX8WqYJn4CH0xcAXe,9,plain,none,mixed,1 1 4 6 7 10 13 19 20
991W56nKafMDcfgg2220mMoa42Gm,9,plain,none,mixed,3 4 4 4 8 10 12 15 21
991WGa6AD4YmKQ0W1MvqMdWG8E0c,9,plain,none,mixed,1 3 5 5 5 8 11 15 28
991W8YMwIYyVU60WLJK4F584q4IG,9,plain,none,mixed,3 4 4 4 5 7 14 19 21
991W50d9z1lgc9Wi4KWKBQ0rjAWG,9,plain,none,mixed,1 4 8 9 9 10 11 14 15
991W8KALMgExgiMHeF6254bp4l84,9,plain,none,mixed,3 3 6 6 7 8 10 12 26
991W9084YYEJoKeAA18LdP6av1e8,9,plain,none,mixed,1 3 6 8 8 9 11 15 20
991WY5gGS12liqc66FCW6iIBXab2,9,plain,none,mixed,1 3 5 6 6 6 10 21 23
991W0eD498nWKc5ac4Wa7XWGIG_C,9,plain,none,mixed,1 1 4 6 8 11 12 18 20
991WCLPErIWWT6mK4YAL2dyKW22G,9,plain,none,mixed,1 2 5 8 8 9 10 14 24
991W10O25AULY8X860a862Gaw514,9,plain,none,mixed,1 1 5 5 7 8 14 15 25
991WuE0oguaZ3Gm285WOJ2mP7s9G,9,plain,none,mixed,2 3 6 7 7 8 9 17 22
991WH2tGaX9oUsW84K6fQcIWO4A4,9,plain,none,mixed,2 3 5 6 8 9 14 14 20
991W5EWiw70MXOYGa6ICZ1NcA2GY,9,plain,none,mixed,1 5 8 9 10 10 12 12 14
991W0G8wPMGc8K20S75AH2HaMBGI,9,plain,none,mixed,2 4 5 6 6 10 11 16 21
991W4GYZYG89CT4KCa529AHuUHd2,9,plain,none,mixed,1 1 4 6 8 12 13 14 22
991WD3YIT8n4N92II79OA1pAS14H,9,plain,none,mixed,2 4 6 6 9 11 12 13 18
991WGe82COeK5WeIQB0m83yaAfIa,9,plain,none,mixed,2 3 4 6 7 7 12 18 22
991W8I0e24XuLcL8C30bIaG51GU4,9,distinct,none,distinct,1 3 4 7 8 9 10 12 27
991W8DYefd8B8mXWG919rn-mi8g2,9,plain,none,mixed,1 1 2 6 6 12 14 19 20
991We4Y49OMC2204DEWecvjV2WeY,9,plain,none,mixed,1 2 4 8 9 9 13 17 18
991WJa518HX8IDL02Gef6Hg20O4I,9,plain,none,mixed,1 1 3 5 5 8 10 13 35
991WI4DQkdWC36A6YBaZ2qEPae10,9,plain,none,mixed,1 2 5 5 7 7 16 19 19
991W8YC4CnHgg0XeK5PR80W8U1Ja,9,plain,none,mixed,1 1 3 6 6 7 14 21 22
991WWd8K1SNwXORn1915Y2KjL1yW,9,distinct,none,distinct,1 3 4 7 8 9 12 15 22
991W8IaaNqzcXzyG10Kodgv5O6K9,9,plain,none,mixed,2 6 7 8 8 11 12 12 15
991Wn0_bLUea24u2CSaITaQTIf0W,9,plain,none,mixed,1 4 6 7 11 11 12 14 15
991WI49UaU4n4Ge192mK74AXmICm,9,plain,none,mixed,1 1 6 6 6 8 15 17 21
991W3X0T72bQb2Ha20u36iOIr5WW,9,plain,none,mixed,1 1 5 6 7 8 11 17 25
991WOaOs3WqL5anWO62YGoiXaWGG,9,plain,none,mixed,1 3 4 4 7 13 13 13 23
991W8FWXma6KY4YOO9jeI8N0pFoa,9,plain,none,mixed,1 5 5 5 6 7 8 13 31
991WI13e4X4H83WKfCGaPU8X810K,9,plain,none,mixed,2 2 2 3 9 10 13 15 25
991W9Wzv4HCI5GYG8I10eCCYP3IA,9,plain,none,mixed,1 2 4 4 10 11 11 13 25
991W8eZGA5Gb9H86WoDxoVAIYmW2,9,plain,none,mixed,1 4 6 8 8 9 12 13 20
991W42WF31aLna1010O4n538qhRI,9,plain,none,mixed,1 4 5 5 5 7 8 21 25
991W3EnoIKmF1HO8m428A6i6LJi5,9,distinct,none,distinct,1 3 4 6 8 9 10 14 26
991WJAH7wICW8ONI8DDYeA4HCaia,9,plain,none,mixed,1 4 5 5 6 8 13 13 26
991WmA4HGVBSKf98K0UeU0a43171,9,plain,none,mixed,1 1 2 7 10 11 11 11 27
991W1YG2HH1naS92YOowVc1Wy18e,9,plain,none,mixed,1 1 4 6 7 9 9 16 28
991WA1WfAKvr2PGK4n0Ko0wGXfxW,9,plain,none,mixed,1 1 4 10 11 11 13 13 17
991WB4J25n8Zu10WH2QaAn2GO1Ge,9,plain,none,mixed,1 1 4 6 9 9 12 13 26
991W1HeR6AGGN6Te40WE78gTWg52,9,plain,none,mixed,2 2 4 6 6 8 11 20 22
991WG74I4c4fyH8a30vIcKn0GLB2,9,plain,none,mixed,1 1 5 5 7 11 12 15 24
991Wg9creKejYL5I518On2Pm70MO,9,plain,none,mixed,3 4 5 5 5 9 13 13 24
991WOc51WI4kLHKG4Z9K00KD0eu9,9,plain,none,mixed,1 2 4 4 6 7 7 8 42
991WC50eo8GM5GKH81ZeI4DpQ6HX,9,plain,none,mixed,1 3 4 9 9 10 11 14 20
991WC6W89AjICYmbqCX4BA8PAp4e,9,plain,none,mixed,2 2 4 6 6 9 12 15 25
991WMAYuk1GK318H890Ge5OG1WK5,9,plain,none,mixed,1 2 4 4 5 8 12 22 23
991WCZHG9iYG4eD2K4zs9aXGe1KM,9,plain,none,mixed,3 3 4 5 6 6 9 21 24
991WAneP5b0msi8G514DYJCL9T0m,9,plain,none,mixed,1 4 4 6 7 10 11 17 21
991WA2GYM4S7WmG46Xma91IqTWWI,9,plain,none,mixed,2 2 3 8 10 11 13 14 18
991W1mf2WffJ1B8OAYb5HbYH5uG8,9,plain,none,mixed,1 1 2 6 10 10 13 19 19
991WH2AZIAYK6nGOH32GA28FZAhC,9,plain,none,mixed,3 3 3 4 5 10 15 17 21
991W22XPBax2HKeGL5XnuO4A92T1,9,plain,none,mixed,2 3 5 8 9 9 10 13 22
991WO2253HOKyYI294F50XGaHreg,9,plain,none,mixed,1 3 5 5 6 6 10 12 33
991WYRd6H50V9o4X1AJCJ9HO4dWm,9,plain,none,mixed,3 4 5 9 10 11 11 12 16
991W4vAI6HuaJAmG9OQ2ZoO942YO,9,plain,none,mixed,1 3 6 6 6 7 15 17 20
991Wme98HgO20mCm2D0G6HbvOGm9,9,plain,none,mixed,1 1 3 4 7 7 12 18 28
991WBI8GPCwDXK9g40uaLNNeKeW2,9,plain,none,mixed,1 2 7 8 8 9 14 15 17
991Wef8I22LFH09eGW89a30z9mWK,9,plain,none,mixed,1 1 2 2 10 10 13 21 21
991W22KgUGfcmf184HGlbwNCXF82,9,plain,none,mixed,1 3 6 6 10 13 14 14 14
991W8Y9Bog6no90G8H96MbOW811a,9,plain,none,mixed,1 4 5 7 9 9 10 11 25
991W4AmYGODho0C5H9gaY8XEpx26,9,plain,none,mixed,2 2 5 6 8 9 11 19 19
991WY1Sg6cfIe464W0SOVeh2WqU6,9,plain,none,mixed,1 1 4 5 7 9 15 16 23
991WU4X4X0L6BqSW4I4EZGrB2GmH,9,plain,none,mixed,1 3 5 5 7 8 9 16 27
991WA1a85S9Aq5n9K4vGq3KQAJN4,9,plain,none,mixed,1 1 4 7 8 12 13 17 18
991W9IGQggfuv2aGB0e0OKmFIGcA,9,plain,none,mixed,1 1 2 3 10 11 12 17 24
991WOLBIQ7WtGpmWQ0WMiGubAg8e,9,plain,none,mixed,1 5 6 9 10 12 12 12 14
991WHCBwOKHKAE208895CbuwfcPM,9,plain,none,mixed,3 4 5 6 10 12 12 14 15
991WH8E51XASLq4HB8G30nGOwYo8,9,plain,none,mixed,1 4 5 6 6 7 8 14 30
991WaH4G6baI4XP2YGaH4GaX8ZXW,9,plain,none,mixed,1 2 2 6 11 13 14 15 17
991WWKiOfDHWY8hC89n1VIs8eMAY,9,plain,none,mixed,1 1 3 5 7 12 12 19 21
991WX8mdXu61oRmYI2CbHaM4byQ8,9,plain,none,mixed,2 3 6 6 7 8 9 14 26
991WGIeQ94bv4v184X6L-PaaD982,9,plain,none,mixed,3 3 4 10 11 12 12 13 13
991WHIGO60nGSx282Gg4GHrK30gC,9,plain,none,mixed,1 1 5 7 7 9 13 16 22
991W11WPgQQ2JaWh42mfCB2K2X50,9,plain,none,mixed,1 2 2 4 9 14 15 16 18
991W68j4HAG8kief7D6IZGjCH850,9,plain,none,mixed,1 2 7 7 9 9 11 16 19
991Wqj5SADGO4WaAC6WGC4eSPECY,9,plain,none,mixed,2 3 4 5 6 9 10 21 21
991WesIO_6Y2H8GJ0jyXMGXOhI6W,9,plain,none,mixed,1 1 5 8 9 10 11 16 20
991WX3X8D21G8kA3AAhDg5IqX8I5,9,plain,none,mixed,1 3 5 6 6 8 12 17 23
991W4230APIaPH88A5HskYCI51SX,9,plain,none,mixed,1 5 5 8 9 10 10 12 21
991WC0EYfWeMOaGGK415bny7EeX8,9,plain,none,mixed,1 1 2 5 5 7 12 21 27
991W61KAZcoKLA8Z91y16jXWWj0H,9,plain,none,mixed,1 1 2 4 6 11 14 17 25
991WCaB32A0692I0E46XFBoCZIb9,9,plain,none,mixed,1 1 3 5 6 8 14 21 22
991WX8Zh-XfAYWyLWXH862661K8W,9,plain,none,mixed,1 3 3 3 11 12 14 16 18
991Ws14826WK5VOY2eaI6L28XOP4,9,plain,none,mixed,1 3 5 5 5 11 12 19 20
991W94SHnZ9Yoom16YpMIJ4qPwK6,9,plain,none,mixed,1 3 5 5 12 12 13 15 15
991WHSGa9HfNAXGIGe9E60ST8pI8,9,plain,none,mixed,1 3 3 8 9 12 12 16 17
991W9HKO6YWoLIBY0WC4cX1O7Y9a,9,plain,none,mixed,1 2 5 7 8 10 10 15 23
991W2Q2P-IXOOdR5WH0etPB6ni4G,9,plain,none,mixed,1 3 3 8 10 11 12 14 19
991W2MYeCi33eXWqCa2KKt0J4YYa,9,plain,none,mixed,1 1 3 3 10 10 14 17 22
991W0cYIXO840XK8gC20G6EYlrDY,9,plain,none,mixed,2 2 3 4 7 8 9 9 37
991W4iAdbvn462S8a8X49ukMmHD2,9,plain,none,mixed,1 3 3 6 8 15 15 15 15
991W10u61eRGyS6211aK4XZO28cC,9,plain,none,mixed,1 3 3 4 7 8 8 22 25
991W92Cv4cFWm0mW2GCNCqDYuGcn,9,plain,none,mixed,2 2 3 7 7 8 10 17 25
991WmQsEaCG5P28X10oUM7YO9aM8,9,plain,none,mixed,1 1 4 7 8 11 11 15 23
991W2WK4AM-4HKQ5CJqe20YeLCyW,9,plain,none,mixed,1 4 4 5 7 10 11 18 21
991W1KAIWqCLAYYeGJ3ex8I4398c,9,plain,none,mixed,1 3 5 6 6 10 11 16 23
991W90iT71m7W9aH1G82WiaAvYga,9,plain,none,mixed,2 2 3 6 7 7 8 8 38
991W41rLk3Ob5VI24Y52PLYeCIZ2,9,plain,none,mixed,1 2 4 10 10 11 11 16 16
991WA30sQB0naSGG3H0ZBv4XGc9e,9,plain,none,mixed,1 2 2 4 10 12 14 14 22
991WWauoh92GK4acA9HHK7AHO042,9,plain,none,mixed,2 3 3 5 8 8 10 14 28
991WIiGo4OH28MGaG9XNC430sZuO,9,plain,none,mixed,1 2 3 3 8 8 9 19 28
991W1OHC3FxaGg72fd0740X831EG,9,plain,none,mixed,1 2 3 3 7 10 12 19 24
991WL9awN8eko4WG3TDaI1cO952G,9,plain,none,mixed,3 5 5 9 9 9 11 12 18
991WG2mX8IG4252mG473cfhSI4WO,9,plain,none,mixed,1 2 3 3 5 12 15 17 23
991WHaqjC51Ga1624nHG82618Q52,9,plain,none,mixed,1 3 3 5 5 9 10 18 27
991WCb1WI72i40u0H4YOTBg5Yma9,9,plain,none,mixed,1 1 3 5 7 7 14 20 23
991W85m0W87AGf10f8T9oGhE3WmK,9,plain,none,mixed,1 2 3 3 5 5 11 14 37
991W0GB4xAb38aP8I61UO619MfK5,9,distinct,none,distinct,1 3 4 5 10 11 12 15 20
991W02ZTno2GfJiAHXnygSOaLcGH,9,plain,none,mixed,1 3 4 5 6 11 11 19 21
991WGXeLY8569Hf1B0o5Wo7oc5ye,9,plain,none,mixed,2 2 5 6 8 9 9 11 29
991W1ZaXBeO8rKQA4WqAsbpfJEOW,9,plain,none,mixed,1 4 4 4 5 9 9 22 23
991WaI4EBM6WI7MKa1q5vcGIGM4A,9,plain,none,mixed,1 4 4 6 8 8 11 17 22
991WZ3CO8c8WG16W2OYMOw92mgff,9,plain,none,mixed,1 4 4 5 5 10 12 13 27
991WeL5a3te210baKD0fy2WJPc8H,9,plain,none,mixed,1 3 5 6 6 9 9 13 29
991WaBPeidu92LXW27WgWsaGo2WY,9,plain,none,mixed,1 3 3 6 6 7 17 18 20
991WGnn4EBWOQcOMD2p9vKYcHC10,9,plain,none,mixed,1 4 8 8 8 9 10 12 21
991W4n1me4OrM4sE8ZDCE18K4ei4,9,plain,none,mixed,1 3 3 8 10 10 11 12 23
991WWQfq758HJCsC2aaqbEGGLPqI,9,plain,none,mixed,2 4 8 9 9 10 11 13 15
991WGiMxHI8iI2W8HAHI9KKe_8Gq,9,plain,none,mixed,1 3 4 10 10 12 13 14 14
991WJEHYM1WaCWj8GO5GkeuiP042,9,plain,none,mixed,2 3 3 4 4 10 10 22 23
991WC0Y8YHqQY5GKH18JauOA41ma,9,plain,none,mixed,1 2 4 4 7 14 14 17 18
991W20qB9kP44-2C218DDp4nv8ei,9,plain,none,mixed,1 3 5 6 7 9 10 20 20
991WiD2GCefg424WG7Yq3Zma910J,9,plain,none,mixed,1 2 2 3 7 12 17 17 20
991W59892KUX62eaq1m43qqQcqW4,9,plain,none,mixed,1 1 3 5 9 12 13 14 23
991W92eqDIBZu8G40mW2KaB2q1Ge,9,plain,none,mixed,1 2 2 4 5 10 13 19 25
991W4XGaIxg6cLc941ieK0qiY2Gm,9,distinct,none,distinct,1 2 6 8 10 12 13 14 15
991W4fWH6R18YRj0q0q94Zd1mK8L,9,plain,none,mixed,1 1 2 7 8 9 11 17 25
991W13X8tXj080J4ObDkgagI80WO,9,plain,none,mixed,1 1 3 6 10 11 12 15 22
991WXIIGg1ObsiGG2jtSB7D56Wo4,9,plain,none,mixed,1 1 2 4 10 12 13 15 23
991WOk9181SnZeO4WKHa60mA5Kmm,9,plain,none,mixed,2 2 3 5 6 9 15 16 23
991W40GhAa8LJgPuL5T86fVI6KHe,9,plain,none,mixed,1 1 5 9 12 12 13 14 14
991W31G4GLOYauM88IGS7D9JAZG1,9,plain,none,mixed,1 2 3 7 9 9 12 16 22
991WaQJI8ZrA4aGb12Hhicnmwf09,9,plain,none,mixed,1 3 6 9 9 11 13 13 16
991WI31eaHCmAaevGN6o6UmC314e,9,distinct,none,distinct,1 2 6 7 9 10 11 15 20
991WWe4z105SY4We0qT9A4HeFBma,9,distinct,none,distinct,1 2 3 4 7 11 13 16 24
991WGaCnsnCm4118g9XfHH4W84Y8,9,plain,none,mixed,2 3 3 4 6 9 13 17 24
991WH2GD9fQ8O2X540I3zlwHAI50,9,plain,none,mixed,2 2 4 6 7 8 9 21 22
991W6S51GHH4Q4HCG82Qd9GN410W,9,plain,none,mixed,1 1 3 5 7 9 17 17 21
991W8naL9aoeS52W30KQiHJ8Y3Wu,9,plain,none,mixed,1 2 3 5 10 10 11 19 20
991WW5bgWfg9O70G4An9RhGmC6Ya,9,plain,none,mixed,3 3 5 6 7 10 11 15 21
991W00gA2X9192maI6XiQtEIb0m8,9,plain,none,mixed,2 4 4 6 10 10 11 12 22
991W0G07jlu892IO8meIBHGDI230,9,plain,none,mixed,1 1 2 3 6 7 12 19 30
991Web1eGH546YXK28XTlcK33eYm,9,plain,none,mixed,1 2 2 5 6 11 11 13 30
991WGe-dWob52ac48fESvEG_aeOH,9,plain,none,mixed,3 4 5 5 6 9 10 19 20
991WD24KAA2XejGi0H8JyX4WmiH8,9,plain,none,mixed,1 4 4 4 6 9 11 17 25
991W20mCEKgkef2G0WeIA1gEQd92,9,plain,none,mixed,1 2 7 7 8 10 10 13 23
991WaIR4KP08D298IB3X9AwZ9-HK,9,plain,none,mixed,3 4 5 8 9 9 10 15 18
991Wbf98JCvaPAon44e02aiWaKb8,9,plain,none,mixed,1 3 4 7 7 11 13 14 21
991W4Ona5q2mI1YKXKW-UkGXqE1G,9,distinct,none,distinct,1 4 5 7 8 9 10 11 26
991WAHm40aIY4CSm6HODX4S7lg6Y,9,plain,none,mixed,1 3 4 4 6 7 11 13 32
991W81HiU3KfYI4AGaHKatiea968,9,plain,none,mixed,1 2 5 9 10 11 13 15 15
991W104FKJbemrn4AYmM2Z56fC8i,9,plain,none,mixed,2 3 5 5 6 7 14 16 23
991WY9AH8jEof9LPC968je21X70A,9,plain,none,mixed,2 3 4 6 10 10 11 12 23
991Wg2Wb60XGVdOPY0W193nZH44W,9,plain,none,mixed,1 1 4 5 7 9 12 21 21
991WX8Q4X85SXabeW0u920GAd5fH,9,plain,none,mixed,1 1 5 7 7 8 11 13 28
991W20IHOY4H5F0MGY4oAMBY9JHW,9,plain,none,mixed,1 1 1 6 11 14 15 16 16
991W41Gfr8KA4Hn0QL5n4MOfylwG,9,plain,none,mixed,2 2 4 7 9 10 12 15 20
991Wg4SHuOMALPOG1QBKP0MDKPuK,9,plain,none,mixed,2 3 4 7 8 8 9 11 29
991W4ysCD35O9mX4B8n9PySjcXn2,9,plain,none,mixed,2 2 4 5 9 11 14 16 18
991W8E3uRQ4W5mm8C9We948J928i,9,plain,none,mixed,1 2 3 4 7 9 18 18 19
991W9g9JabGf32XeWd8BH0mAb4Ge,9,plain,none,mixed,1 1 5 5 10 12 14 15 18
991W4YTJUpg49CWC4XrkYE3B2e8I,9,plain,none,mixed,1 5 7 7 9 11 11 11 19
991W20akaf7EbO92A1KOU4uYIXJA,9,plain,none,mixed,1 2 4 5 7 13 16 16 17
991W4YmKLhKbKKY8D2qSo5QKe102,9,plain,none,mixed,4 4 5 5 5 13 14 14 17
991WG3Zu32RKiXCI8aYaEj2WZ92J,9,plain,none,mixed,1 1 7 9 10 11 12 15 15
991WO54O4FC94Ge8K4WGY2vBIrAO,9,plain,none,mixed,1 2 4 8 8 11 13 13 21
991Wo298Da304b54Y0Js5Z7HuJSq,9,plain,none,mixed,1 2 6 6 9 11 12 12 22
991W0Wf35IJ2eeZ8Y8FkyF0oAY1G,9,plain,none,mixed,1 2 2 4 5 14 17 17 19
991W8l6HcmHeDM0J6ef5YHuw99L2,9,plain,none,mixed,1 3 6 6 7 14 14 15 15
991W2X1m1mZeCaAGA2Lg8gUtbo0G,9,plain,none,mixed,1 2 3 8 8 12 14 15 18
991WGomH31dd81GC10o8IdEAz7Y4,9,plain,none,mixed,1 1 3 7 10 10 13 17 19
991W60LP49vCOSW48pbGLgxHZ9Go,9,plain,none,mixed,1 1 6 6 12 12 13 14 16
991WX8Ro1eCtBo0W42X8B4nAj8AG,9,plain,none,mixed,1 1 3 3 9 12 13 18 21
991WP2IoCeaB1mO4A53G4514GXa3,9,plain,none,mixed,1 4 4 6 6 8 12 13 27
991WmhGgCn8lYWG1GWI47EIAno4S,9,distinct,none,distinct,1 2 3 8 9 10 13 17 18
991W0jYfaYo8bIOX19fQOfIiiHDq,9,plain,none,mixed,1 4 7 7 10 10 11 15 16
991WKJ0mQ0u1CUKa4X6Y538gCIce,9,plain,none,mixed,1 5 6 6 7 7 10 14 25
991W1Jaqsbn2b9Kr4IGaXKYmN60Y,9,plain,none,mixed,1 2 7 7 9 9 14 14 18
991WYeB8ASH49B0G2d4r8IBIq10W,9,distinct,none,distinct,1 2 5 7 8 11 13 14 20
991W2E9vPCo823WXH9Y0Cb7fuI51,9,plain,none,mixed,1 1 5 6 7 9 11 19 22
991WYUZe8j2crC2W232TH5ewD0oC,9,distinct,none,distinct,1 2 4 7 8 9 13 18 19
991W57X9a30YH2m14ZBMII72HKaf,9,plain,none,mixed,1 1 8 8 8 10 10 12 23
991WI1CK5E5fQ6IH216AcOW6LPLG,9,distinct,none,distinct,2 3 4 7 8 10 11 16 20
991W2WWKf0Kg62v0CH4HBaZ5tb59,9,plain,none,mixed,1 2 2 6 7 11 13 16 23
991WHeYCIHBia92AGAWK61t5gJW8,9,plain,none,mixed,1 2 3 8 12 12 13 15 15
991W49GZ34bWP8880SBI_3mLyxBA,9,plain,none,mixed,3 4 5 5 6 12 12 14 20
991WA6XaWy2GL56H0JMeA2Ha9XOa,9,distinct,none,distinct,1 2 5 7 10 11 12 14 19
991W0K6aCRR2F2U1nB5z22ueLL8m,9,plain,none,mixed,1 1 4 6 10 10 11 19 19
991W5BY8j2w98fHHGfsSQXcj5ma4,9,plain,none,mixed,3 3 4 6 10 10 14 14 17
991WWDWQ9DMM20WE54YGi9HmPIWm,9,plain,none,mixed,1 2 2 5 6 12 15 18 20
991WIfPOC2YqBJD8XKcfW7-AGW44,9,plain,none,mixed,1 2 3 3 8 9 10 17 28
991W21qHa8M2ZBc9814H4f5KZeen,9,plain,none,mixed,1 5 6 7 7 7 14 16 18
991WA5BU61Ed20M8III429XFAPMI,9,distinct,none,distinct,1 2 5 6 9 10 12 17 19
991W854YHS8I8gxD3XJjZC32yA5G,9,plain,none,mixed,2 2 5 6 7 7 11 11 30
991W41GJHPCb4TIG218nFOM5UZ92,9,plain,none,mixed,2 4 5 8 9 9 14 15 15
991W4XuISS8RlfX250iY54c5GtH8,9,plain,none,mixed,3 4 4 5 6 9 10 16 24
991W4Nzaf3oGStX8C2oCGLAAWaO4,9,plain,none,mixed,1 1 6 6 9 9 14 14 21
991W3GO42W6HYvYe51WO6HQa9F9W,9,plain,none,mixed,1 3 3 3 6 12 15 16 22
991W930c5TKsY30HY9QEPQAaG2mb,9,plain,none,mixed,1 3 4 4 11 12 13 14 19
991W814Yl2TWK28mK61grY4HALBA,9,plain,none,mixed,1 3 4 7 7 7 15 16 21
991WI8WS4GBBo5IOWad0mB9RE3m8,9,plain,none,mixed,1 3 3 5 5 7 14 14 29
991WI2l7f0wPIHb866ph6nH889Wn,9,plain,none,mixed,1 5 7 8 9 9 10 13 19
991W5111JT0enzXG50bEIXacafJ2,9,plain,none,mixed,3 4 4 6 7 10 13 14 20
991WYeuGA90S7oGK35HKPpHAX494,9,distinct,none,distinct,2 3 4 6 8 9 10 11 28
991WnNLB52JZuOQ908XYia9ZIYS8,9,plain,none,mixed,1 4 5 5 7 11 12 18 18
991WL4qKP61KOg8j10TXV9XPH460,9,plain,none,mixed,1 3 5 6 7 10 14 14 21
991WCX4mGqB8Ra881Gacn2GhBQ1G,9,plain,none,mixed,1 1 3 5 13 13 14 15 16
991WYOQHx-qWK41W0Web96BAej8A,9,distinct,none,distinct,1 3 4 6 8 12 14 15 18
991W1PP495Ws51gHHOJyo14QIeK4,9,plain,none,mixed,1 3 6 6 7 12 13 15 18
991W540G-CjA4nimA23arI85XPI9,9,distinct,none,distinct,1 2 3 5 8 11 13 15 23
991W61GGLTNDY8WGCIGO64d4O614,9,plain,none,mixed,2 3 4 4 7 13 14 15 19
991W65LKAaeo90eC20YuXYgITMAY,9,distinct,none,distinct,4 5 6 7 8 10 12 13 16
991W2Naa0WAXm0XeQ6glYae8Q5WK,9,plain,none,mixed,1 3 3 4 7 8 11 20 24
991W2Cd9510KD8Gq98Sd8Ycfa91m,9,distinct,none,distinct,1 2 5 7 9 10 13 15 19
991WGq0S6RXWH0W95Wv4L4n68A0H,9,plain,none,mixed,1 1 2 3 3 14 15 17 25
991W0G0BI9clX86I8Z4H7GHOMZVG,9,distinct,none,distinct,1 2 3 4 5 7 9 21 29
991W0few3G5IiQbGhMXb88jOQ2GB,9,plain,none,mixed,1 2 3 4 8 8 13 15 27
991W8CXaHy7Ew1SOKeGYnCPB52i8,9,plain,none,mixed,1 3 3 7 8 11 13 16 19
991WW44UgIWq2m88E8X8P4mlGsII,9,distinct,none,distinct,1 2 4 6 7 12 14 15 20
991WI5Gd8YGWm3YW0WL7G8C0-CYe,9,plain,none,mixed,1 1 2 4 5 5 6 17 40
991WOQ9Y5dXTXLAW0CSwAmOIA9iL,9,plain,none,mixed,1 3 4 4 7 13 14 17 18
991W56zF8DYEWeH4X94es52aBeWe,9,plain,none,mixed,1 2 4 4 7 10 11 21 21
991WW4A3KJd1mISKGkWQ4JWeAic8,9,plain,none,mixed,1 3 5 7 8 8 9 19 21
991WHXZ8g9XOcgmK14tXyZ610eI4,9,plain,none,mixed,2 2 2 8 8 11 11 13 24
991W4SAIclH4MIeOaWhKpp0K58S1,9,plain,none,mixed,1 3 5 9 9 11 13 14 16
991W2vER5XRs2L6Kg0KA1g9aGGKX,9,plain,none,mixed,2 3 3 5 6 11 14 16 21
991WJ2eiLLffrU8Y106e9YWSoXee,9,plain,none,mixed,3 5 6 7 7 9 12 16 16
991W2684q6CYze8oKMIALNBor1W8,9,plain,none,mixed,1 1 8 9 10 11 11 15 15
991WW87fNe414Imm2710OrOb5ZQG,9,plain,none,mixed,1 1 3 4 5 6 13 19 29
991Woj5e9oKM6IKnG01WIe5dKUq2,9,plain,none,mixed,1 2 2 4 5 9 13 21 24
991W4JX2V4I478I8H4vMfbQbeC10,9,plain,none,mixed,1 5 6 7 7 10 11 13 21
991WOX4K4Q9Yfb6A2XMQWXCITFi8,9,plain,none,mixed,1 5 6 6 7 7 9 14 26
991W61W8w2alD6WXCX8X0aGJ7Ha4,9,plain,none,mixed,1 1 2 5 9 11 13 18 21
991W4MLcmZmY8KmH8XAJAxAf6ryO,9,plain,none,mixed,3 6 6 7 7 10 11 15 16
991WIaLKI8qH7u0W31T7HYgiKjH2,9,plain,none,mixed,3 4 8 8 9 9 11 13 16
991WC12mJaCA9HAI8K1udZuID1O8,9,plain,none,mixed,1 1 1 8 8 10 12 19 21
991WGYCYuS8QYIao82wU7H0P6JJ1,9,plain,none,mixed,1 1 2 9 10 12 13 15 18
991W6KdHNPn1CI4IH3o4XqWWA2aK,9,plain,none,mixed,1 4 4 6 6 7 10 12 31
991W8HBcZ4o9yl4a0baamaLXAO-8,9,distinct,none,distinct,1 4 6 7 9 10 12 14 18
991W4e6BB-JXmf2OX30c4f7Wo9v2,9,plain,none,mixed,1 3 3 3 9 9 11 19 23
991WaN5cMKLq4eB028g7RnavHI18,9,plain,none,mixed,1 2 4 8 9 9 12 16 20
991WM40an18O7X8ZC11m4OWAN4b8,9,plain,none,mixed,1 1 1 8 8 10 10 19 23
991W41QVLKXo5P8YGY4bAN8QZ29K,9,plain,none,mixed,1 2 4 5 11 11 13 15 19
991W5V33HK8V4H0mA8Y8IGG8lCWI,9,plain,none,mixed,1 1 2 6 7 7 15 16 26
991WJ2m40aXGIUwY4X29IauHieA4,9,plain,none,mixed,2 3 5 5 6 7 9 21 23
991W1OP5lSGYGQ6cYc0-830W6TK0,9,plain,none,mixed,1 1 2 5 7 12 14 15 24
991W81AU4GcEZZmuA492m39A8ucX,9,plain,none,mixed,2 2 5 8 8 9 11 14 22
991W8I1GICWMa2Ga31PEJ2OE1Gc9,9,plain,none,mixed,1 3 5 7 9 10 10 11 25
991WH2L3bA2mKg5Y80VWFXGKP4EY,9,distinct,none,distinct,1 2 3 5 8 12 14 17 19
991WHKOAufcmW30G0ojRTcWGKD18,9,plain,none,mixed,3 3 3 5 5 5 14 15 28
991WW42X60z6IefcoAjW8H4iCIXG,9,plain,none,mixed,1 1 4 7 7 9 9 21 22
991WDBNsw31JC4N4WH1E0ZG4fig5,9,plain,none,mixed,1 3 3 5 7 9 15 16 22
991W8XKyiY4JGa714I0at40Wu5g4,9,distinct,none,distinct,1 2 4 5 7 8 11 14 29
991W0I52DAB-EImGaONf52ieDqy9,9,plain,none,mixed,2 6 7 8 9 9 10 11 19
991W2Kc95WmI8K20AKcAZBWe62I2,9,plain,none,mixed,1 1 3 8 9 10 10 16 23
991WJBToGS5YuZPK1Dg98e00Ggb1,9,plain,none,mixed,1 3 4 5 5 8 11 11 33
991WM9af4P4XX8f62DzUUY811WJ0,9,plain,none,mixed,1 3 4 5 7 8 11 11 31
991W61G845ZKSLIG71440d79Jav8,9,distinct,none,distinct,1 3 6 7 8 9 12 13 22
991WA09YXdGOggdSaBNCDI2eaHSK,9,plain,none,mixed,1 3 6 6 10 10 13 15 17
991W0M2QF34iJAG4P6UXHauIB4pK,9,plain,none,mixed,1 1 4 8 9 12 13 14 19
991W4532IrJc810HI6IGcaXuP1Wf,9,plain,none,mixed,1 1 6 6 7 12 13 15 20
991W5YZd1t3gDc1YA4GoZHFVcK8I,9,plain,none,mixed,1 2 4 9 10 10 12 15 18
991W1GUtGa6vUKaaGYufGYWZWf8X,9,plain,none,mixed,2 3 5 6 8 8 11 16 22
991W6ef8Y3Gh9CG24-62a1XKJGm8,9,plain,none,mixed,1 1 4 4 8 9 15 17 22
991W60i32K3X320561GS5vTZP8GP,9,plain,none,mixed,1 1 1 3 9 12 15 18 21
991WI2WK3TuXmg9G2HMEIJ594Hme,9,distinct,none,distinct,2 3 5 6 9 10 13 16 17
991W91KIAf851f886X4HeNfBWyr1,9,plain,none,mixed,1 4 4 5 9 11 13 14 20
991W9AEFD99qIsJ1GRYvHc84toM2,9,plain,none,mixed,1 4 5 5 11 11 12 12 20
991W8XZ2ZeaTAqgGI252n8beLAEn,9,plain,none,mixed,2 3 5 8 9 9 10 10 25
991W82ScdWeG16a9SL5ICIqMW4YA,9,plain,none,mixed,1 2 6 6 6 7 14 19 20
991W40bASPeYX8GcE2LLQF083N2W,9,plain,none,mixed,1 1 3 4 11 13 14 16 18
991W88Q7-fbm5n0WKAYKAGeYXFAC,9,plain,none,mixed,1 2 4 6 6 13 15 15 19
991Wa2bbfJKy18IO4g711P1T20Z0,9,plain,none,mixed,1 1 2 3 7 13 14 16 24
991W5149PuG40J49AZ8Y4r4mbAIG,9,plain,none,mixed,1 3 3 3 8 10 10 16 27
991W3X18ipCW852GKcCY2k0We2WG,9,plain,none,mixed,1 2 3 3 5 11 13 14 29
991WI8Yuk9YhbC858P4IJWm83ma4,9,plain,none,mixed,2 2 4 5 7 11 14 15 21
991WaebDAWi6LKjmW40a5PTC8gqG,9,plain,none,mixed,1 1 6 7 8 9 12 14 23
991W8O62iHc1KALmH9-SBWaH4dA5,9,plain,none,mixed,1 4 5 5 6 7 8 20 25
991W8H4WwZgbn90W724NqqXeOag6,9,plain,none,mixed,1 1 5 9 9 10 12 15 19
991W0fWOCfGgYeM4u3my38Jg-4f9,9,plain,none,mixed,1 5 6 9 9 9 10 14 18
991W5buJ2GO8y9r4X8D4GgLQ2pD0,9,distinct,none,distinct,2 3 4 5 6 9 10 18 24
991W1Z9AWYqiTgAX4Z9Ka5OYl1a0,9,plain,none,mixed,1 2 2 5 8 14 15 17 17
991WI2SV8YHihA9a0GI9wCWYbuGa,9,plain,none,mixed,1 3 7 8 10 10 11 12 19
991W30pCYkljPiWD2aKm9YQGEmKG,9,plain,none,mixed,1 2 4 4 11 12 15 16 16
991WD14WDq-iu-KG0GaKxHmGfuba,9,plain,none,mixed,1 2 4 6 8 10 16 16 18
991Wa1PFfpYBYf2Gm7WOA78wYXH8,9,plain,none,mixed,1 4 4 10 10 12 12 13 15
991W1W8Su8hvX8O94IGOD5WzsWa4,9,plain,none,mixed,1 2 4 4 7 9 17 17 20
991WOf8821Mpiz8QI842Y5LKJ08G,9,plain,none,mixed,1 3 5 7 7 8 11 16 23
991W2HIHaMqr6318G1095fkKmC0K,9,plain,none,mixed,2 3 3 4 4 6 16 16 27
991W28I7J1V8weGWWoWI5HsZIZHS,9,plain,none,mixed,1 1 6 8 10 11 12 14 18
991WM8ZGHCWT6IGeAD082kGx1WO8,9,plain,none,mixed,1 4 4 4 6 9 15 16 22
991W1HDB2SnEYMO5qCwnid86c3SG,9,plain,none,mixed,4 4 7 7 8 9 11 15 16
991W9YGN6DICiz850X4AJ6rHf4Ca,9,distinct,none,distinct,1 4 6 7 8 10 12 14 19
991WGQ412ZGb2I3Ga57G3nOqE2X2,9,plain,none,mixed,1 2 2 4 5 8 16 17 26
991WE8zKKI1AEoYGWaCVb4E8g6AK,9,plain,none,mixed,1 4 5 6 6 12 13 14 20
991W40W9YEfAZKPA90uG28WpD2fC,9,plain,none,mixed,4 5 5 5 7 7 12 15 21
991W4WW9b8aOfXKZ9WW83xXCVVh0,9,distinct,none,distinct,1 2 4 7 8 10 13 15 21
991W2WcqOA7baQWmGJmGHYTa28XI,9,plain,none,mixed,1 3 3 3 7 11 15 15 23
991W35mQV4IS64GgnieZ4uaMSH0G,9,plain,none,mixed,2 2 5 5 8 11 15 16 17
991W4Y5HOJZ4120AN5G8-nCQ494X,9,plain,none,mixed,1 1 2 4 4 14 17 19 19
991WGK4KCY8Aq8oG92PWQ1yJS4H4,9,plain,none,mixed,1 1 2 3 8 9 17 20 20
991W2Waw9qI57230H4bHOYGY6DWa,9,plain,none,mixed,1 1 5 6 8 9 11 19 21
991W0mIHbtGMY8HmH1KC5KrBf1Z8,9,plain,none,mixed,1 1 4 7 9 10 13 16 20
991WH8JamK2Hf90G7C4fJq9292Gu,9,plain,none,mixed,1 1 5 6 9 10 12 14 23
991W92jGPLQX8M4X1mj2E62WY5Ye,9,plain,none,mixed,2 3 4 4 4 11 13 15 25
991WD0G4XeaIYamG9We9YGqK5paX,9,plain,none,mixed,1 1 6 6 8 10 10 13 26
991Wai2WO1CB8YT41AHL59oGaWaM,9,plain,none,mixed,2 3 4 4 5 8 14 16 25
991WGmeYA104A6qW4nEHvFmj8g8X,9,distinct,none,distinct,1 2 3 5 11 12 13 16 18
991W9YH8HOSaL39I1HrEGKGaqaXW,9,plain,none,mixed,1 2 5 7 8 13 13 14 18
991WJcOLIH2HgOYW20PszPKW040Q,9,plain,none,mixed,2 2 4 4 6 8 9 17 29
991W8Y9XpBmma14XQaGqAJ08860Y,9,plain,none,mixed,2 2 4 5 7 9 11 15 26
991W1GGgK4PYAD0m9YKYIteyR12G,9,plain,none,mixed,1 1 6 6 6 13 13 17 18
991WeGa613bwG51iW00AbuXLD5m4,9,plain,none,mixed,1 1 2 3 5 9 10 19 31
991W4PMWq52GNqoAY1qWO4P0nS84,9,plain,none,mixed,1 2 5 6 6 7 10 16 28
991WA4X8YuU4YOyCXQ2W820K4YaC,9,plain,none,mixed,2 2 3 6 7 8 10 16 27
991WQ6H9K251T4X84H4gT6AYP6HG,9,plain,none,mixed,2 5 7 7 8 8 11 13 20
991W714K4Go8H95G71SG498MwEWR,9,plain,none,mixed,1 1 1 5 8 14 16 17 18
991W81OO8LHSboH40WGHiYf6b59q,9,plain,none,mixed,1 3 7 7 8 11 12 13 19
991W0W4Q_1r38I9A4Y8VAKaWEDOG,9,plain,none,mixed,3 3 3 5 7 8 11 18 23
991WXZ9UE1y940Q66PZuACRIAX04,9,plain,none,mixed,1 2 5 5 8 9 14 14 23
991W2I3eKZ95fODOA4qKgelgwi5C,9,plain,none,mixed,1 1 3 6 13 13 13 15 16
991W20njvlomOD24129D1n6f421W,9,plain,none,mixed,1 2 3 3 6 8 10 23 25
991WZaqS1y8KgEP02PHFJ2166Q9I,9,plain,none,mixed,1 2 3 5 7 8 8 11 36
991W811DgD2OMAE4OaKxYbWYOs8X,9,plain,none,mixed,2 2 4 7 10 11 13 14 18
991WJ1GMaA18SKc480cEc2wXGI4a,9,plain,none,mixed,1 1 5 7 8 9 12 15 23
991WX8FWC11a9ru2X2HBFGO5YaoA,9,plain,none,mixed,1 1 4 5 5 6 12 15 32
991We20hAoXY5nTm18I930bXP1bC,9,plain,none,mixed,1 2 2 4 9 12 15 16 20
991W67I8YP0yESG2GqcAHX3gPMHI,9,plain,none,mixed,1 1 5 7 7 9 10 16 25
991W255I8a312Ge951YqfCH2GXFO,9,plain,none,mixed,1 3 4 5 5 12 12 16 23
991WY2Wk4X538_eY0e6EAY52ObX2,9,plain,none,mixed,1 5 6 7 7 8 8 18 21
991Wa4ZmqEC_sBGKH8adMiGA110K,9,plain,none,mixed,2 3 5 6 7 7 13 13 25
991W54CQdZAQoOy0OrgSb4WHeaM4,9,plain,none,mixed,1 4 5 6 6 9 13 17 20
991WGH5hUAbAYWmMKbo8q258IoWG,9,plain,none,mixed,1 4 4 7 10 10 12 14 19
991W2GW8n49FA-oC62eb8Y8g50A8,9,distinct,none,distinct,1 2 3 7 8 11 15 16 18
991W10X65etZNLc1KKKeB1dKIXO8,9,distinct,none,distinct,1 4 5 6 9 11 12 16 17
991W8bKQUsIYmO6H20lbKO3G6EHG,9,plain,none,mixed,3 3 3 4 5 9 12 14 28
991W82mYGdGeKXGB0W8iT6diTq11,9,plain,none,mixed,1 1 4 8 10 11 11 17 18
991Wec9baGK9IXOa0h8q5JOwGKOA,9,plain,none,mixed,3 4 5 5 7 10 14 14 19
991W4fnk4lhA4eH7X5CsRf0anWK4,9,distinct,none,distinct,1 5 7 8 9 10 11 13 17
991W6AXGqAKB1XO2YNb9aK8E6HGG,9,plain,none,mixed,1 3 4 5 6 8 9 9 36
991WWPnCW28iDSGKGN9JIOugZ9GI,9,distinct,none,distinct,2 3 5 6 8 9 12 13 23
991WK4YCZ6UfoyK615c4b9HA2nG1,9,distinct,none,distinct,1 2 5 6 7 9 15 16 20
991WWKA4XsI1OgJ8GDuD410HUgmK,9,plain,none,mixed,1 3 4 5 7 9 9 20 23
991W4XeVWI8al7iH1Z8n8OGZIRB0,9,plain,none,mixed,1 2 3 6 6 7 14 20 22
991W08X1K0X6VQAae68O73hyz_oQ,9,plain,none,mixed,3 3 5 7 9 10 10 13 21
991W908CJJ8G28M6eg2G21nAs1ag,9,plain,none,mixed,2 3 3 3 5 10 12 19 24
991WO20WK5EG2Gc91Goa90m821WK,9,plain,none,mixed,1 1 1 3 7 13 14 15 26
991WI4Ta90Ha5Wm8L5GuH4B2Hu51,9,plain,none,mixed,1 4 5 5 6 8 15 18 19
991WY4inK4XUh3Sa0eHWH5j1Jeag,9,plain,none,mixed,1 5 6 7 7 8 13 16 18
991WWfIYG411AXf54B2bvoGXuIGf,9,plain,none,mixed,1 5 5 7 7 7 12 13 24
991W230O6eJFnyaP0H4RsyeqCWW8,9,plain,none,mixed,1 2 4 4 4 11 15 20 20
991W9XGGy4WjJ7e3C10jab542ec4,9,plain,none,mixed,1 1 2 5 8 11 13 20 20
991WKXXu40WVQ2GafAH293YAXGa5,9,plain,none,mixed,2 3 5 8 9 9 9 15 21
991WmYmI4KqlHd8KX0ITLaIGmoWC,9,plain,none,mixed,1 1 7 8 9 9 12 17 17
991W59Y8X1iL96G24eA3XbAg7HG8,9,plain,none,mixed,1 3 3 6 7 9 12 15 25
991W8DJVWugA4L24WIM6XgNHC4GI,9,plain,none,mixed,1 3 5 7 7 11 12 16 19
991WRg91L4H4d4GIGOTY8XMJ8M0W,9,plain,none,mixed,1 3 3 5 9 14 14 15 17
991W211GEOaYedAg93juKg4eA28A,9,plain,none,mixed,3 3 4 4 10 11 12 16 18
991W5XWW66Wa8v8f4n08Ss6818M2,9,plain,none,mixed,1 2 2 3 4 14 16 16 23
991WCaP6Ehg5PgK82HQm3QMCAKT9,9,plain,none,mixed,4 4 4 5 10 11 11 15 17
991W62Zb1OmY8LnADaujYmXI6HH2,9,plain,none,mixed,3 4 4 5 8 9 12 17 19
991W2EWaYYObbEGaj462DZ1m32ma,9,plain,none,mixed,1 2 5 6 9 11 14 14 19
991W90GmKzPEGPmSaugWG0e4LcPG,9,plain,none,mixed,1 2 2 3 5 6 12 23 27
991W1CNrACH27083a2YqnAQqZe0X,9,plain,none,mixed,1 1 5 6 7 8 12 19 22
991W8RY9fdXAjAnIb144QxOX5IZ8,9,plain,none,mixed,1 3 4 5 10 10 14 16 18
991W1GeYQ0bbah9IAIuRP6283AWq,9,plain,none,mixed,2 4 4 5 7 8 15 15 21
991Wf4G_LA9WK4moWXhn54CYKIX8,9,plain,none,mixed,1 4 5 7 7 9 11 14 23
991WYYOc9n8aS1EC1OI26XMK6I8H,9,plain,none,mixed,1 4 5 7 7 10 13 16 18
991W6HWjC2BmcAGa10a5OZnQEYB2,9,distinct,none,distinct,1 4 5 6 7 9 12 18 19
991WP1nHI2nU7H95G42zDPXYUNOH,9,plain,none,mixed,1 1 4 8 10 12 12 14 19
991WGoL2-WgAAWJ4AXVc4Y82mWX8,9,distinct,none,distinct,1 2 4 8 9 10 11 14 22
991WD1865KeZIaGY30mJdcvuYtH8,9,distinct,none,distinct,1 5 6 7 8 10 11 14 19
991W1oGQB371Sn8ObPcJRHH5DTH2,9,plain,none,mixed,1 4 7 7 8 8 10 13 23
991WN5nNb0mCu1zO5IC41XH68K8X,9,plain,none,mixed,2 2 6 7 8 8 8 20 20
991W3GMaf4A2Z3CYI1eIGKB45W52,9,plain,none,mixed,1 2 3 4 8 8 15 18 22
991WY1D7A-rX0JWWo50aA-bg4e8a,9,plain,none,mixed,1 1 3 4 8 11 12 13 28
991WA2108XKI2kGI4H9naeyB6JeY,9,plain,none,mixed,2 2 3 7 8 10 11 15 23
991W38C0F8WsMhBGI9gVg9eac56H,9,plain,none,mixed,3 4 5 6 6 7 11 14 25
991W10WQ7CwQ1GH45H4O64JCS1GI,9,plain,none,mixed,2 2 4 5 6 11 12 19 20
991WY20VNocAz14amanwvPH45qj0,9,plain,none,mixed,1 7 9 9 9 9 11 12 14
991W51ACAI8oAAh6G28Z14W__g2G,9,plain,none,mixed,3 3 3 6 6 11 15 15 19
991WmehoEGOgQGaH92J2cEaQ2ZO1,9,plain,none,mixed,1 3 5 7 8 13 14 15 15
991W511AIZmM61KGE3X8KC6F5af9,9,plain,none,mixed,2 2 7 7 8 10 13 15 17
991WY9DB490W3ro4654oFkKZ988a,9,plain,none,mixed,1 1 7 8 8 10 11 15 20
991W7XMPEHOM9kymGI8X507I0P52,9,distinct,none,distinct,1 3 4 7 9 12 13 15 17
991W0e9o9BDbclh9q4mcGJmyA5L0,9,plain,none,mixed,1 4 6 6 8 10 14 15 17
991W5aBAIuUuSMXJ85o9W0jSn0qY,9,plain,none,mixed,1 1 4 7 8 11 12 13 24
991W8M0IAYSKwWe9H4A4QYOK3578,9,plain,none,mixed,1 5 5 7 7 9 12 17 18
991W0XX8mmC999m5aRBYvYMgh0mX,9,plain,none,mixed,1 1 7 7 10 11 11 12 21
991W0XwY8n9GaF0aP0KAMf5Ha0Wu,9,plain,none,mixed,1 1 4 6 6 9 10 21 23
991WIB1mVHeQg6HGX4AHHP0YCJK5,9,plain,none,mixed,2 2 4 5 6 12 12 18 20
991W4oKbRcc5IAgn8YmAW04kaZ4a,9,plain,none,mixed,2 3 4 6 6 11 12 13 24
991WIO-7k2vDWQoe89OQ811daYf0,9,plain,none,mixed,1 2 4 4 6 9 15 20 20
991W2H1S5u6TGO64H5eyFCGeLMN2,9,plain,none,mixed,1 4 7 8 8 9 11 14 19
991WWqrwJXObN33G4956ALIYo0X4,9,plain,none,mixed,1 2 5 7 10 10 10 16 20
991W20A4ILKut082KZGQ5XAyoWWe,9,plain,none,mixed,2 3 3 4 8 11 14 16 20
991W2YRAScqEYNvv9488ul05qXq2,9,plain,none,mixed,1 2 4 5 10 12 12 14 21
991WAL5HK10mC4P8C332Ie830G8Y,9,plain,none,mixed,2 2 3 4 6 7 7 18 32
991Wa7jSKAHu6bf819nIXfayH851,9,plain,none,mixed,3 4 5 8 9 9 10 11 22
991W91J829GA6KDKK2XgwZrN3mG1,9,plain,none,mixed,2 4 7 8 8 8 9 14 21
991W8MriWWuK21Xe5YQ79oYKE21W,9,plain,none,mixed,1 1 2 6 8 11 14 19 19
991W4Af2mY9H61h2P9NOIC66XXuI,9,plain,none,mixed,1 4 5 6 7 7 11 18 22
991W8D0We94510OAKAXes0W93WmO,9,plain,none,mixed,1 2 3 5 5 6 8 24 27
991W1D9KfmzqX0aKJhWKACtM8ylW,9,distinct,none,distinct,1 2 3 5 11 13 14 15 17
991WJ1Kb94ABfHD41WYHvoIeFoY1,9,plain,none,mixed,1 1 7 7 8 10 12 15 20
991W2ddf6HETXQ6WmAWegaOQ78GX,9,plain,none,mixed,3 4 5 8 8 13 13 13 14
991W4nWN5XI4eHDG0mqC2e925jKn,9,plain,none,mixed,1 2 3 8 8 8 11 18 22
991Wc6HaO62cYf8S0OnaW0A5AIWe,9,plain,none,mixed,1 1 4 4 7 9 10 12 33
991W92Xyf5565X8m52HGGJxU6149,9,plain,none,mixed,1 2 6 7 9 10 10 14 22
991W9EIyXOAEIOWmGeT1844ejAII,9,plain,none,mixed,3 4 5 6 7 7 8 13 28
991WHCNa30u84lASW2918YKGYPHK,9,plain,none,mixed,1 4 4 5 7 9 12 14 25
991W81GO64IXfsHW4XeOa83GJqj5,9,plain,none,mixed,1 4 4 4 6 9 12 15 26
991W4WeOz0VCYO80AHGe6CXkKWiL,9,plain,none,mixed,1 3 3 5 8 12 12 15 22
991WYJGma31EZL9n8BQu2Sf8YeK2,9,plain,none,mixed,1 5 6 7 9 10 10 11 22
991W5XZ8915GMnKGQ4WY4bAq5v6C,9,plain,none,mixed,1 2 3 11 12 12 13 13 14
991W60WObBAaX86202OcCieg6XiO,9,plain,none,mixed,1 2 6 7 9 9 13 15 19
991We3OY83XGC30B082CIv68IAce,9,plain,none,mixed,1 1 2 3 4 8 17 19 26
991WCb4vwODhv36232FP12TxVU46,9,plain,none,mixed,3 3 7 7 8 11 12 12 18
991WH2mP95myuWu80WQSPZA6vU2W,9,plain,none,mixed,1 3 4 7 7 11 12 18 18
991WOM18Ca94Z24A5X0qLsSWAYEY,9,plain,none,mixed,1 1 3 6 9 10 15 16 20
991WWfYIj11GJ1074Y8i78T3T9MK,9,plain,none,mixed,1 2 2 4 10 10 13 17 22
991WKvbDL2WINC411iKK76BSpa8W,9,plain,none,mixed,3 3 4 4 9 10 14 16 18
991WIkeKO1ePEJ8ba52WT6CnK0i1,9,plain,none,mixed,1 3 5 5 6 8 13 18 22
991WGYHIRfXX8230G5cbM30us8Y4,9,plain,none,mixed,1 1 2 5 9 12 12 14 25
991Wg1uU4LYirqU0a1i4Z18cYImv,9,plain,none,mixed,1 1 5 7 7 10 15 16 19
991W10erKOLHoI8W2XGgIZxwGiEX,9,plain,none,mixed,3 5 5 6 7 10 11 15 19
991WI51IepSrGWeYC2069zDGJ2KX,9,distinct,none,distinct,1 2 4 6 7 10 11 15 25
991W9XiO949KLuXC10SOg4AZ6aI2,9,plain,none,mixed,1 3 4 5 8 11 13 18 18
991W4oTAn2MPKTq88XrOY0LgaN4m,9,distinct,none,distinct,2 4 6 8 9 10 12 13 17
991W0O6zAnmK39IaWI8YKov4S40G,9,plain,none,mixed,1 4 4 5 6 6 18 18 19
991W2cuI9D84XHOGZf18-A9YlGS1,9,plain,none,mixed,1 3 3 6 6 7 12 17 26
991Wb1GI4X5Q6W4YYmi71WW2Gbr6,9,plain,none,mixed,1 3 3 6 6 7 16 18 21
991W4A5fU8IDAec31DQca21PHKQe,9,plain,none,mixed,2 3 5 5 7 11 12 13 23
991W826IZIFFuyt0GXWKMZe5EdI1,9,plain,none,mixed,2 2 2 4 8 13 14 16 20
991WfPQcj4QgAJb83H48qI8ei8G1,9,plain,none,mixed,1 2 2 2 9 13 14 18 20
991W14V5FfGiTa30GJYyYgoGKgH4,9,plain,none,mixed,1 3 4 5 9 10 13 13 23
991WGYOhu40mL2v2422VB2P5Wc10,9,plain,none,mixed,1 1 3 4 10 10 10 13 29
991W10pOo0YmO65IH1XCHIp4H4L6,9,plain,none,mixed,1 3 4 6 8 14 14 14 17
991WaGyuLHWGQ6fKa10aGQLugMeQ,9,plain,none,mixed,1 4 5 6 6 8 14 16 21
991W6MnGK2SOE5YOW84It488sD18,9,distinct,none,distinct,1 2 3 4 6 9 17 19 20
991WY4digSN6giqaGALI1GMKvkWB,9,plain,none,mixed,1 4 5 6 9 10 10 14 22
991W1GEqK29DH8B2G2CuM2WaoXXK,9,plain,none,mixed,1 2 3 3 9 12 16 17 18
991W21qi61AMxL9WHan8RuGoc8T1,9,plain,none,mixed,1 5 7 7 9 10 12 14 16
991W4237CLpaYOH2Q4Kup7HgDrP0,9,plain,none,mixed,1 5 6 7 7 12 14 14 15
991WA3bKI689L9GH2Gf4d3hcXvzI,9,plain,none,mixed,4 5 5 6 6 9 12 17 17
991W2DHimiIIaommKAegQAD1keI2,9,plain,none,mixed,2 4 8 9 9 9 9 14 17
991WK2SeI4TOU42W006zcX9Oa5Y8,9,plain,none,mixed,1 2 2 3 6 11 14 19 23
991WK9rSb4cm0W83HFW81BmSZ8XH,9,plain,none,mixed,1 2 3 6 10 11 11 14 23
991W20Gz9v8EX4WQ93uzJJpR1J10,9,plain,none,mixed,1 2 7 8 9 10 14 15 15
991WKBVXAu94X3Ho2BvJW49okL20,9,plain,none,mixed,1 2 5 5 8 8 9 16 27
991WX1Hwej8Wa38CARVFl250GGeA,9,plain,none,mixed,2 5 5 8 8 8 9 12 24
991WCIeGtBKc8e5022CIJDGa6Df9,9,plain,none,mixed,2 3 3 5 6 12 15 16 19
991W41KeDqnosTaG104OP3v5hP7a,9,plain,none,mixed,1 1 5 8 9 11 13 13 20
991WI4111SGA4004GbgYegGe6HrD,9,plain,none,mixed,1 2 3 3 4 5 19 22 22
991WI1WDy9Coa9084IoSf66WmDIi,9,plain,none,mixed,3 4 4 6 6 6 11 13 28
991W497nDoT3Wqf4m2P8A1WR8mA8,9,plain,none,mixed,1 2 4 4 7 9 15 19 20
991WH8Gf6ASKY0fGJD9JAnT5KKeo,9,plain,none,mixed,2 3 7 7 8 10 11 12 21
991WYqX6arCP5d1G4h8A2IXaGemW,9,plain,none,mixed,1 3 4 6 11 11 11 16 18
991W2WwC2WwKiKa9QGC210g0T0mC,9,plain,none,mixed,1 3 3 4 4 9 11 17 29
991WWqM48oGavZ0WHE8a8o0WybGa,9,plain,none,mixed,1 3 3 6 8 8 11 15 26
991W0ZH7G80ugAYG93fAXKb4f6H4,9,plain,none,mixed,1 3 5 5 6 8 13 14 26
991W82CIax94Ya2W91yHI2Wk8gnS,9,plain,none,mixed,2 3 4 4 4 11 14 14 25
991WGIF30XDnQE0GOY781nOK5AmG,9,plain,none,mixed,1 2 2 6 6 7 8 17 32
991WAYGW29mxL451210M-kXKYWO9,9,distinct,none,distinct,1 2 3 5 8 12 15 16 19
991W45Cq10SnIe0WH4V7gYOaJ9P6,9,plain,none,mixed,2 3 4 6 6 10 11 16 23
991W55Gk3agbPMH4X8nHEFYGI0W2,9,distinct,none,distinct,2 4 6 7 8 10 13 14 17
991WAaeMfKKsKYD5O52V8aX81IWA,9,plain,none,mixed,2 5 7 8 10 11 12 13 13
991WT7AA3H8SbCeH9442GbiCkX4W,9,plain,none,mixed,1 2 5 9 9 9 11 12 23
991W0n2GGx8gB48aP3mlC8Y2XQeQ,9,plain,none,mixed,1 1 3 5 6 8 14 18 25
991W4K6sJoX9OPX0OWFwZcr24b8g,9,plain,none,mixed,1 2 3 4 5 14 17 17 18
991WI1vH218Y8X0iK52mksXPc58o,9,plain,none,mixed,1 4 6 8 8 9 10 17 18
991WAHWk9kzKIZ8oI51Ac5OeH0YG,9,plain,none,mixed,1 3 7 8 11 12 13 13 13
991W2Gi64gHT5u204GeE5Zfs5C88,9,plain,none,mixed,1 1 3 6 8 9 12 19 22
991W94H7n3ma9bPYC1224maHH60W,9,plain,none,mixed,1 1 3 6 7 8 10 16 29
991W1OM9oYITKek5c2OG61f57Ie4,9,plain,none,mixed,3 3 5 6 6 9 13 18 18
991W5OxgqeWWm84AX1jDARcGK842,9,plain,none,mixed,2 3 3 6 7 7 8 12 33
991WB8GXhLN2mWK83FBW41YfQc89,9,plain,none,mixed,1 1 3 6 9 9 12 14 26
991We6bLH8GPz3Hn398bu8X4JKsW,9,plain,none,mixed,1 2 5 7 8 9 9 16 24
991WWtW61eKHU1XE58nBZKp8mH24,9,plain,none,mixed,1 1 5 6 8 9 11 19 21
991W0495YWWbC0X4kuigB2efHFIO,9,plain,none,mixed,1 2 5 6 10 10 13 16 18
991W2554P27HAGyO2WQQhELX4X78,9,plain,none,mixed,1 1 6 7 8 11 15 15 17
991W9YiJC2WPDX288o8YJ5c40gH8,9,plain,none,mixed,1 2 3 5 9 13 13 15 20
991W40cr4aHas4Ga36fv5C96C22W,9,plain,none,mixed,2 2 3 6 10 10 13 17 18
991WL7J8TM8qWuI6G2ICR31GBp84,9,plain,none,mixed,1 1 3 5 6 10 11 19 25
991WRgWK54PARqiGGO4IL0LAb0K1,9,plain,none,mixed,1 2 3 4 8 9 16 19 19
991W82ZU2pf6Ueha848jyembIHGa,9,plain,none,mixed,1 5 5 7 9 10 11 14 19
991W605fmC9QFF0G8Wj58gX2H5Iq,9,plain,none,mixed,1 1 2 4 6 8 15 22 22
991W491QD0cHL50uo4GX42jQR0mK,9,plain,none,mixed,1 1 2 6 8 10 12 19 22
991WY0Saw2WqA860e18YJ4JkHeP5,9,plain,none,mixed,1 1 5 6 9 13 14 15 17
991WXDWj7H7W4D1a1Kg4xJ6HG40e,9,plain,none,mixed,1 2 3 3 9 9 10 17 27
991WO40-eOH0eY8K1YpaKJ1GAMnS,9,plain,none,mixed,1 1 3 7 9 10 11 15 24
991W0WE-4akCCAG0KpqbH5OcIO5P,9,plain,none,mixed,1 1 3 8 8 13 13 17 17
991W90GH1MI2W9P2c9kA4d5nIqGK,9,plain,none,mixed,1 2 3 5 8 8 11 20 23
991W2GYO515H7GWMPWOA2aCa4nA2,9,plain,none,mixed,1 1 1 6 9 9 14 17 23
991W4WU4zo3Wy1aKGXWY5AAXKQ5I,9,plain,none,mixed,3 3 4 4 6 10 11 17 23
991WH2fXW4J4X2ymI7QY0mB1qL8n,9,plain,none,mixed,1 2 6 6 6 8 8 11 33
991WKCOeAAf680aPo11S4fF8X51I,9,plain,none,mixed,1 1 2 7 10 10 12 16 22
991W33gYc52GZ0G3OZWWe5GYfIKa,9,plain,none,mixed,1 1 5 7 7 9 11 15 25
991W9AHJ4K92xX0H0iJoD4P4GZH5,9,distinct,none,distinct,1 2 6 7 8 11 12 15 19
991Wf2Ye6AX8KYWjebfGAXo61mC2,9,plain,none,mixed,1 2 6 6 7 8 13 13 25
991W420fUdOM4H3G8248e1HKK6Gc,9,plain,none,mixed,1 1 4 5 6 12 15 16 21
991WY2W0uXK8P0i1f9IcL5mN6Ien,9,plain,none,mixed,1 1 1 4 6 11 13 19 25
991W48M9y93mLoH2XXef5g3W9IB4,9,plain,none,mixed,1 3 5 5 7 8 10 15 27
991WI8GpJupY5YGe8VLf3cZ1RXX8,9,plain,none,mixed,1 3 6 6 9 11 12 16 17
991W90b9HWPKbAaf4nH8oiGcYA0Y,9,distinct,none,distinct,1 2 5 6 10 11 12 16 18
991W4GY28b7YYuGGIIWq29dVt98S,9,distinct,none,distinct,1 3 4 6 7 9 11 18 22
991WGCaJ0eHHAXJ2a4c5X-eiDs2C,9,plain,none,mixed,1 1 1 3 9 11 13 20 22
991Wb15EC8HLYuGXY1rzJ3HMfSD8,9,plain,none,mixed,1 2 4 7 8 13 14 14 18
991W2Q8YCE2iDBG4Hv286Isfe22W,9,plain,none,mixed,1 1 4 5 7 11 14 15 23
991WaboXQ6SuL2Y8GQ1E2qc-y6WG,9,plain,none,mixed,1 3 4 5 7 11 16 17 17
991WQAGa2f4KSaCYK8WDAZYe914Q,9,plain,none,mixed,1 3 3 8 12 12 13 14 15
991WWaGyjXK52X8GC91G44ijXJGe,9,plain,none,mixed,1 3 5 5 8 10 13 13 23
991WM9PsOaH62mSI9EG0KB4tb0WD,9,plain,none,mixed,1 2 5 6 6 6 7 18 30
991W55b4TXmI4OL1YeaOA4hIAHNG,9,plain,none,mixed,1 3 3 9 10 11 11 14 19
991W1FAHccno4hIu8D96c619qcWe,9,distinct,none,distinct,1 4 6 7 9 11 12 14 17
991WXoSiqXeRrU108PIX8Z148cOe,9,plain,none,mixed,2 4 5 7 8 10 10 16 19
991W20p7W-yXBBG5GYbHIKgKhCI9,9,plain,none,mixed,1 4 7 9 10 11 12 12 15
991WY0q8YLCh4Y8Gf1GS5nr1WP1a,9,plain,none,mixed,1 3 4 6 6 11 11 18 21
991WI8u81ROX410mM90G5GYeK9Ya,9,plain,none,mixed,1 1 3 4 5 9 16 20 22
991WFF0GOA0IZEGJJ9LcBGI21GW9,9,plain,none,mixed,1 1 5 7 7 9 10 11 30
991W2GG1D10W8E0L6HePAHYOUNcO,9,plain,none,mixed,1 2 5 5 5 8 10 21 24
991W842G2s4ISO6IQ4hKIYaP6IqY,9,plain,none,mixed,1 3 3 5 5 10 16 18 20
991W10J3nKQ-Eh61G5u62Ge4y9B0,9,plain,none,mixed,2 2 3 3 6 10 10 17 28
991W9HCb40J4Cbn2H4n6f75oZqWe,9,plain,none,mixed,1 3 3 7 9 10 10 16 22
991W6Dw1uY9TwTGOH95gHWn7Y7WI,9,plain,none,mixed,1 4 5 7 8 10 10 12 24
991W0lNC2H2826mogIM6H9tYOU0G,9,plain,none,mixed,1 2 4 4 7 11 12 19 21
991WKanF881iMPeU4Heu180ff4Oa,9,plain,none,mixed,1 5 5 6 7 7 9 10 31
991W95mA2GaF4IA20WF3GuN5IIOW,9,plain,none,mixed,1 4 5 6 8 8 9 10 30
991WWZ8hoWXMBfeK4w2SEls2YH1m,9,plain,none,mixed,1 1 5 6 7 9 11 18 23
991Wc5HPKYHO30eOCB0S11dyCY51,9,plain,none,mixed,1 2 5 7 7 10 14 15 20
991W40LffahgomneA399DBJZ42A4,9,plain,none,mixed,1 1 5 8 9 11 14 15 17
991WI6H0N4e51QWJ2GhYOL3h4HWJ,9,plain,none,mixed,1 1 4 6 6 10 12 18 23
991W0m82Cj8CX0S83XWOA0W52eaA,9,plain,none,mixed,1 1 1 3 6 7 9 21 32
991WG9Yi8Obo71r1DCn9LPmXHafX,9,plain,none,mixed,1 3 4 8 10 10 11 15 19
991Wea4y3rkSa54HWGlOE5GKIE0A,9,plain,none,mixed,1 2 2 2 12 12 13 18 19
991W8H0S51Z4Q8Xm20SAZSsymC10,9,plain,none,mixed,1 4 5 5 6 7 7 20 26
991W89L3Sc92SN88AEZ9P96HKIQY,9,plain,none,mixed,2 4 6 6 7 12 12 13 19
991WeW4ei74k6CGqIVhX12jBHCXG,9,plain,none,mixed,2 2 3 4 6 14 14 16 20
991W1GUQbEmR5IEWG0aH6b1igaK8,9,plain,none,mixed,2 3 3 4 5 11 16 18 19
991W518YeYCq82apA3WuI0K6YWiG,9,distinct,none,distinct,1 2 4 6 10 11 12 16 19
991WB2Y89ugwZJ8K07v-1Ggo1oGI,9,plain,none,mixed,1 2 5 6 6 7 16 18 20
991W5H8K4133AaH010WF3IKZuIkd,9,plain,none,mixed,1 3 6 7 7 7 8 21 21
991WB9h90iGe93GOa3X8mO8lj4Ga,9,distinct,none,distinct,1 2 3 6 7 10 14 15 23
991WHK5KfMFY96Oe2ZO98411bebX,9,plain,none,mixed,2 2 5 5 6 9 10 21 21
991W2k8Z8ox8H70OZ4Y1YeiM211G,9,plain,none,mixed,1 1 2 6 6 10 17 19 19
991W4GaCYh9p41PsC0W5690WOaG8,9,plain,none,mixed,1 1 1 2 8 10 15 21 22
991WJ2Wg4K21lsS82WgHD295mQIP,9,plain,none,mixed,2 3 3 6 7 8 12 14 26
991WH1GOjHcPCkOf81-Sk0ft9244,9,plain,none,mixed,1 1 8 9 10 12 13 13 14
991WWaApj8ef6HW4IDWOH149E4Wg,9,plain,none,mixed,2 3 3 5 6 10 13 17 22
991WCbaq4YK8ICZ210R4F4p1-KYG,9,plain,none,mixed,2 4 4 4 5 8 11 20 23
991W1CGa634nid45n891D1CZGaHI,9,plain,none,mixed,1 2 2 6 10 11 14 17 18
991W2WZi52h9mO81IIf0E2ZKb0y2,9,plain,none,mixed,2 2 3 3 5 5 13 16 32
991We7XSNCNzmI4Y2f0AH9X410KK,9,plain,none,mixed,2 2 3 4 8 9 15 17 21
991W8GG5E4X8p7gP10CHig2aGa6W,9,plain,none,mixed,1 1 4 4 6 9 13 20 23
991WYX8P5254JA1OXGO94iCaEdeY,9,plain,none,mixed,1 1 3 5 8 10 13 19 21
991W9wIAKsKZO22GWo8CMMX8M8GW,9,plain,none,mixed,1 1 6 7 8 11 11 12 24
991WCYf8YW9XRiOI5YL80eDNK6nW,9,plain,none,mixed,1 3 4 5 6 9 11 11 31
991WmC17FA58C70G1bunB1mqH2HS,9,plain,none,mixed,1 1 2 8 9 10 15 15 20
991W8bGQAoacXZeWGaJ4uY5Ao1aX,9,plain,none,mixed,2 5 7 7 8 8 11 14 19
991W4dDItZR840H4AHMOI1Og252G,9,plain,none,mixed,2 3 5 5 6 10 12 17 21
991W9HbZkRH4Ga5YI60fo23mT1D0,9,distinct,none,distinct,1 2 4 8 9 10 12 13 22
991W1k5qUX39oII0IeaRoAYISS5B,9,plain,none,mixed,2 2 3 6 10 10 11 17 20
991W45IObvH14Y8HXEma9sX8g9-Y,9,plain,none,mixed,1 3 7 7 8 9 11 12 23
991WH0K21DJK611WX9051HeSw8X8,9,plain,none,mixed,1 2 2 3 4 10 12 18 29
991WCKZ8jYn23OYO4a2i3Bq8BXAK,9,plain,none,mixed,1 1 2 7 8 10 15 17 20
991WH7YVX8WGXa4X3af9Y2pK8aOa,9,plain,none,mixed,1 4 5 7 7 9 14 14 20
991WmaCSD5Jm90SAYWPQO2nDG891,9,plain,none,mixed,1 3 3 5 5 11 13 18 22
991W4XKKF5AAA1HA1WeJ9P-YKSG4,9,plain,none,mixed,3 4 5 5 8 10 13 15 18
991WWXObE3XMC20G0O6DooGiw2H4,9,plain,none,mixed,1 3 4 4 6 11 13 17 22
991W68Ign76nLi62WXqaKCAYT1SK,9,plain,none,mixed,1 2 2 5 9 12 14 17 19
991WK4vJ0EeJa8r850sqh4gIKQNA,9,plain,none,mixed,2 3 4 6 6 10 11 13 26
991W3WYGS1IVgwL6IIGL84m6aXaG,9,plain,none,mixed,1 1 3 5 6 11 14 20 20
991W41t48BJG2FJIA5Ov4aoACJ3m,9,plain,none,mixed,1 2 3 3 5 11 17 17 22
991W4WiHA52KaPmO0WaHCT1YRwz9,9,plain,none,mixed,3 5 5 5 7 7 11 18 20
991WA4ij2poImS10A2di5128-1IY,9,plain,none,mixed,2 5 6 6 7 8 8 15 24
991W04ee2L7zW8s0aPb5AJMgfMLM,9,plain,none,mixed,1 2 5 7 10 10 13 16 17
991WZ84GiB6CJWim8av8OGc2Z8bI,9,plain,none,mixed,1 1 4 5 7 9 10 17 27
991Wo32mo4Wc5XukG92u5R0A10W8,9,plain,none,mixed,1 2 3 7 8 8 11 18 23
991WaL7iBI6G20GI9CWeI4qRQ6aH,9,plain,none,mixed,2 4 6 6 8 10 11 16 18
991W2WWKr9CmCYe882WO6KT459cH,9,plain,none,mixed,1 2 4 4 9 12 16 16 17
991WGYDZ9z3RICJGH5AaD2ad51Y4,9,plain,none,mixed,2 5 6 6 10 11 13 14 14
991WAXh5oH9oFHF4H1LOqeDr4bq8,9,plain,none,mixed,1 2 8 9 9 10 11 13 18
991WKs8AQPgLTKGo931biY59GJY2,9,plain,none,mixed,1 3 3 4 10 13 15 16 16
991WCD10KfJoAb4AH9HhuGyA6YCW,9,plain,none,mixed,1 5 6 6 7 11 11 12 22
991WgKbCJ2K63ena0e4GYOaSGamK,9,plain,none,mixed,2 3 3 5 8 8 12 14 26
991W1PrnNSR49meKa4GaHfTa3nG2,9,plain,none,mixed,1 6 7 7 10 11 12 13 14
991W44ZIaATWe54maCuZCj1GI30h,9,plain,none,mixed,1 3 4 9 9 9 10 11 25
991WH2SS41X6f0Y82GwAJ5GkZ4Y8,9,plain,none,mixed,1 1 4 7 8 13 15 15 17
991WH74Rt0a7Q1Y85oPKaa5C-BG8,9,plain,none,mixed,1 2 7 9 9 10 12 14 17
991WWG9441GSR1Gnn4GY9HeISR4m,9,plain,none,mixed,1 1 4 6 6 12 13 15 23
991WWmPwVKY4i8oa0eh2bSVkC12W,9,plain,none,mixed,1 2 4 7 7 9 14 17 20
991W1hyyDsJOK23GH8cI6uGe462G,9,plain,none,mixed,1 3 5 8 8 9 11 12 24
991WK92Cy-8XaaDYGemd5c1081qY,9,plain,none,mixed,1 3 3 7 7 9 12 14 25
991Wq1yS43n4rBeA0OKB4OuqYaY8,9,plain,none,mixed,1 3 6 6 8 9 10 16 22
991WY8cWNM27E4WaGYuFT58b61Je,9,plain,none,mixed,1 2 5 7 9 13 13 15 16
991We6ae8YYm51iXHCW8bPmtCIBW,9,plain,none,mixed,1 3 3 8 9 13 13 13 18
991W62iRhwavBJ8H8Ga9w0ua5eK2,9,plain,none,mixed,1 5 8 8 8 10 11 15 15
991W8P8v2oqqm410abHKf4maECX8,9,plain,none,mixed,3 3 5 5 7 7 13 14 24
991W9HKOJP08L8HS31SWe5zM821G,9,plain,none,mixed,1 2 2 5 5 10 14 20 22
991W2Gm96HqXgwcG10G42I6CrD8H,9,plain,none,mixed,3 3 4 6 7 8 10 14 26
991W4I8I8KYxU12G8Imo-1O82AIO,9,plain,none,mixed,1 1 1 5 7 11 17 17 21
991W3HPQkJ6GB8e4HtWO9f95WY69,9,plain,none,mixed,1 1 5 6 7 8 13 18 22
991WG02gD1sP1m82hCH4L70C8aHI,9,plain,none,mixed,1 2 3 3 5 11 12 22 22
991WGoWI5PAfKJvO40I7I1pMvJw2,9,plain,none,mixed,1 7 7 7 8 9 12 12 18
991WCI71e206j6uAL49XZ0e92WGa,9,plain,none,mixed,1 2 3 3 6 8 11 18 29
991W52lnBa8U7fW88a4vYU5Puw51,9,plain,none,mixed,4 4 4 6 6 9 15 16 17
991W42CB9E4DYH4Y5WmKxUwib3M0,9,plain,none,mixed,1 1 7 7 10 11 11 16 17
991W4HmfCf2GS4W91H4MSYA1GN6G,9,plain,none,mixed,1 1 1 3 8 11 13 16 27
991W32T7IaPqCbIW8I56YOYu3u4X,9,plain,none,mixed,1 1 6 10 10 11 13 14 15
991W8MueCmI3GZGCIaQ24o6WUfGe,9,plain,none,mixed,1 3 5 5 8 9 9 11 30
991Wc3GDEYGu5249n4H4grEETaOa,9,plain,none,mixed,1 5 6 8 8 11 13 13 16
991WS2BafIM34Jm94awk1OQ4tnCm,9,plain,none,mixed,1 1 7 8 9 11 12 12 20
991W10mvC90Wx6T84XmSIoF4GK8X,9,plain,none,mixed,1 5 5 5 5 7 9 18 26
991WX8aGS4WKYnKQO2Ok7boB10F4,9,plain,none,mixed,1 2 4 4 7 8 14 17 24
991W2BWo2q0InaA1f6DydBJ4mfce,9,plain,none,mixed,4 4 4 7 7 7 14 16 18
991W12Sq92A9Cv8m20yFfC7D7S8C,9,plain,none,mixed,1 1 4 5 8 8 17 18 19
991W1amH511W5KqWYefFJaA1TFIH,9,distinct,none,distinct,1 2 5 6 8 9 13 14 23
991WWb4iI416UoGO8g9q5z37g2Ba,9,plain,none,mixed,1 1 6 8 8 9 11 13 24
991WK9ofAOxE-O818PWIH4Q4qDUW,9,plain,none,mixed,1 4 4 6 9 9 12 14 22
991WGuMH48WG2OeiEf4H45n6XmGY,9,plain,none,mixed,1 3 3 4 4 8 17 19 22
991Wo0G54dmC2EGC2OeH2ZAdC31G,9,plain,none,mixed,1 1 3 5 9 9 14 16 23
991W8X4HGBOeI8T0L4zyz0mA4Oef,9,plain,none,mixed,3 4 4 5 7 8 11 16 23
991Wq192MLb5NGmH8g9AIgM8WoCO,9,plain,none,mixed,1 1 6 8 9 10 10 14 22
991WX8SgweI8y2H6I28LGaPwCO10,9,plain,none,mixed,1 2 2 7 7 8 16 16 22
991W0WnpJkWuXEWYA3LEE5IdqM0W,9,plain,none,mixed,1 3 3 6 10 10 13 15 20
991WD1KYH8X2mv9011qZuo0uQ4M3,9,plain,none,mixed,1 3 4 4 5 8 13 15 28
991WfCF28IA4AeeC8Iwk10G5ZR10,9,plain,none,mixed,1 3 4 4 4 11 11 16 27
991WH218ouCfILUG8HZDmSEP6Y4m,9,plain,none,mixed,1 1 4 8 10 11 12 15 19
991WAIya46F530aa20mGEIbiYrE4,9,plain,none,mixed,1 1 5 7 7 10 15 16 19
991W1WeJaY34oWGO52eiD4M33bWu,9,distinct,none,distinct,1 2 3 5 7 12 14 16 21
991WY8Op96IL7HW8X4XG677sWY98,9,plain,none,mixed,1 1 7 7 10 10 13 15 17
991WY9LCyPJ8f3oa0s0SAU8jiB1G,9,plain,none,mixed,1 4 6 8 8 11 13 14 16
991W715ec32J8qIY4JnV9DG4XuX2,9,plain,none,mixed,1 1 4 7 8 11 12 14 23
991W0GaArJgLA454A1m-8YQuXVsI,9,plain,none,mixed,1 4 4 4 8 8 11 19 22
991W0MX4WIKA62GWYBYOIaxAiRs5,9,plain,none,mixed,1 1 8 9 10 11 11 15 15
991WGuWC31eUWL5HL98I4WJ8b9GG,9,plain,none,mixed,1 3 4 5 5 7 11 21 24
991WIN495M2ZGa0e41n5cVau20OQ,9,plain,none,mixed,2 2 3 4 4 10 17 19 20
991W99oFWuNjq8QH4CZ2JeidC4CE,9,plain,none,mixed,1 3 5 6 8 10 10 18 20
991WWfKqHw2Ta96A44bvAOM8LEKQ,9,plain,none,mixed,3 4 5 8 9 9 12 13 18
991W2eZLH292WO78W2LOI2ZfsKKa,9,plain,none,mixed,1 2 6 7 9 10 12 12 22
991W1GHoHb200YWa3Gb9Ad9pGXIK,9,plain,none,mixed,1 1 3 5 7 9 9 19 27
991W4arGAbaeb98O2Gpq-6IbOz0O,9,distinct,none,distinct,1 2 6 7 8 11 13 15 18
991WJ4H4fsfIC33G8H2bZ8WG80Gq,9,plain,none,mixed,1 1 3 4 11 12 14 14 21
991WP6eL5MnaY4WX0mLJ3bx5qH50,9,plain,none,mixed,2 2 3 8 8 8 9 17 24
991WHnOM6H555En81WMEZHif0224,9,plain,none,mixed,1 3 4 7 7 8 9 20 22
991WCIqoIiaImiCO2HGj3U19oP5A,9,plain,none,mixed,2 5 5 6 7 7 12 13 24
991W4HGFsIWKc9X8D14mA5aagCWO,9,plain,none,mixed,1 4 4 7 7 12 15 15 16
991WAe832FBwH08SHfA440MykqGa,9,plain,none,mixed,1 2 4 4 5 9 10 18 28
991WGZ6B8gWUBdY946dgZK8uCiWf,9,plain,none,mixed,1 4 6 9 11 11 11 13 15
991W4WjoIEtJQ0W841HIBCGiF5I8,9,plain,none,mixed,2 3 3 4 9 13 14 16 17
991Wd34oV8E467mA1P6Y4HIcEL28,9,distinct,none,distinct,1 3 6 7 8 11 12 13 20
991Wg6HXM5M310611OY8A12mRcPG,9,plain,none,mixed,1 2 6 7 7 8 10 11 29
991Wes7or2lAT14WI9GECqHGPj89,9,plain,none,mixed,1 1 5 7 10 10 11 12 24
991W30iI2nCc7P682WW837qAYAH9,9,plain,none,mixed,2 4 4 5 6 11 12 14 23
991WAJnICoCaEWY81GHa4eJ2peWW,9,plain,none,mixed,1 1 3 6 8 13 15 17 17
991W411EbDWPnGyb92fKLJ5M8K98,9,plain,none,mixed,3 3 4 4 9 10 15 15 18
991W4APgga9Z4XnaX7GPbH91WeI8,9,plain,none,mixed,1 4 8 9 9 9 11 12 18
991W42B5cmQD14WeHHbwkuksu2XK,9,plain,none,mixed,2 2 4 6 9 11 12 16 19
991WH61DATLOM2X921XpqCAuG409,9,plain,none,mixed,1 1 5 9 9 10 11 13 22
991W32XeeV4NWGGXGcmSbOcf9Ye5,9,plain,none,mixed,1 1 1 9 10 12 14 14 19
991WI1GN20Ge4kmW1WM6YI--9KDZ,9,plain,none,mixed,1 5 6 7 7 8 9 14 24
991W42Z0G27aSR8KH2jHmiH4IKfM,9,plain,none,mixed,1 2 5 8 9 9 11 13 23
991W5Ga86UCkiB0W50aP4QHOrCWW,9,plain,none,mixed,1 2 5 5 8 10 10 19 21
991W2HAAY91arA4XGmmA1DfgOg8W,9,plain,none,mixed,1 2 5 6 6 6 13 17 25
991W822uama31OcA4a10O50wF24e,9,plain,none,mixed,1 2 2 4 5 8 12 16 31
991W4q0HyfQmP8o682RIw1GN2A51,9,plain,none,mixed,1 1 2 7 8 11 13 19 19
991WPMg5H0GCEHe057H40WNA1iSb,9,plain,none,mixed,2 2 3 4 4 7 15 18 26
991WI78I6TyXM3XO40XNd2IfiGab,9,plain,none,mixed,3 3 4 5 10 13 13 14 16
991W8Yd5f2GnC35G441XZ851AQc6,9,plain,none,mixed,1 2 4 6 8 9 9 17 25
991WX8X2LmmLS4a88M4qDYhnHHKg,9,distinct,none,distinct,1 2 4 5 9 10 12 17 21
991Wu0Wc5nEaYHO50emCwFizGWia,9,plain,none,mixed,1 2 2 3 4 15 17 17 20
991WD0OS9ySen154318Veq0iIwEA,9,plain,none,mixed,1 4 4 5 7 9 9 20 22
991W91Hhw50mA1A4OL0OoXL3Go92,9,distinct,none,distinct,1 3 5 6 7 9 11 18 21
991W5IPJ4YJ8KA1492j8smq9MAX8,9,plain,none,mixed,3 4 6 6 9 10 11 14 18
991W4H6IBiZ722w5K2Kn8Y8TEaK8,9,plain,none,mixed,1 3 6 7 10 11 11 12 20
991W8U4X0oHKE2Z4cLYLAYGbC20G,9,plain,none,mixed,1 4 4 6 7 9 15 17 18
991WC2Zp318iQ5XK840aIlg5kC2W,9,plain,none,mixed,3 3 4 5 5 8 13 20 20
991W32R144aQ64WKC51hgvW7naeo,9,plain,none,mixed,1 6 7 7 7 8 9 16 20
991W1DDJA1WM7eI4GOAYaY8ieYYe,9,plain,none,mixed,1 2 5 10 10 10 11 13 19
991W228mc0iG40I2fPIKT2goiMXm,9,plain,none,mixed,1 1 5 6 9 11 14 16 18
991W20K77yHmI4wH41aP5IoPGX70,9,plain,none,mixed,1 1 3 6 8 8 12 20 22
991WAC74HsbHY0q48eIG20oHqkA7,9,plain,none,mixed,1 4 5 5 8 9 13 18 18
991W5iJq-8L3AKEG0OcUo1a_5vYH,9,plain,none,mixed,1 2 4 10 10 11 11 15 17
991WYAA6IKZEeYI42I8EoSbbIk3G,9,plain,none,mixed,1 2 3 8 10 10 11 17 19
991WW00mDfYqH8fHX1iSM0qMAXaO,9,plain,none,mixed,1 2 3 6 7 7 9 11 35
991WJOhP6lJb411G6AHHJHG4c6Y4,9,plain,none,mixed,1 1 2 10 11 13 13 13 17
991WI8YGak6Cp31G4emJ64eA23We,9,plain,none,mixed,2 3 3 5 6 11 14 16 21
991W30agCVgS32A41H49IcOGc_92,9,plain,none,mixed,1 4 4 5 11 12 12 13 19
991W50i813CoIL626HaS19TnmLM8,9,plain,none,mixed,1 3 4 4 7 7 11 22 22
991WI2yHaYyXGiWe8X6KIHdAKgoG,9,plain,none,mixed,1 2 5 5 10 12 14 14 18
991WWZTB9xCEq88W2vJoIvVxXnY0,9,plain,none,mixed,1 1 5 7 9 10 10 18 20
991WL6GuPIaH4K2G4H1ZgqXm8206,9,plain,none,mixed,1 1 3 6 6 9 13 17 25
991WC32CYTM820G594XGa4XQ8Y8B,9,plain,none,mixed,1 1 3 5 7 12 14 15 23
991W5IuK37J4IaoC2WSKp7IWHe00,9,plain,none,mixed,3 3 3 3 4 10 12 20 23
991W21U4RKlA1W0AQ6HGOA0baqoa,9,distinct,none,distinct,1 2 4 5 6 8 9 13 33
991WGkJGa4F2eM1G2PDigTZOc0mI,9,plain,none,mixed,2 4 4 5 6 10 13 16 21
991W6HKdA5Zwz8X00mWJMGUeJYA2,9,plain,none,mixed,1 1 4 6 10 10 15 16 18
991W0YNIma0WCkX2mPBf8aH7nnJK,9,plain,none,mixed,1 3 5 8 8 10 12 12 22
991WOKB4p4Ws8I0G4K691GmqI8mA,9,plain,none,mixed,1 1 3 4 6 13 15 17 21
991WXP22WK5XrbfQ0bH8HCR4GYI0,9,distinct,none,distinct,1 2 5 6 7 8 9 18 25
991W2HT4YeXaOXH11Yv5IuYePv5G,9,plain,none,mixed,2 2 4 6 7 15 15 15 15
991W5XHecq2NI7uIH7WTVa4LscHO,9,plain,none,mixed,1 4 5 6 11 11 12 12 19
991W4GG92agWYBn020iI7P_2GMd9,9,plain,none,mixed,1 1 5 5 7 10 10 20 22
991WCb9EYQ4YeoOa33AI45108Wib,9,plain,none,mixed,3 4 5 7 7 7 9 10 29
991W7AXcCJ5PgRS1X44jb2jXmg64,9,plain,none,mixed,3 3 3 7 7 10 15 15 18
991WeKLaKE0C5D8I4Oh1EImeWe51,9,plain,none,mixed,2 2 2 5 8 9 12 17 24
991W9044J4569kI2egAL410msTf2,9,distinct,none,distinct,1 2 3 4 7 10 11 20 23
991WWI8Zfma820LWC92H410I8vDA,9,plain,none,mixed,1 1 2 3 5 9 12 18 30
991WY5YP6oa93n628S61cGeI53D0,9,plain,none,mixed,1 1 4 8 8 9 11 13 26
991W4XnAasY4P64GH7mD4N28GhAH,9,plain,none,mixed,1 2 2 6 8 10 15 17 20
991W2HQQAYpHACSmHYalA8t36Oe5,9,distinct,none,distinct,4 5 6 7 8 9 11 12 19
991W10m62IWWoCH051KK30pYGI4n,9,plain,none,mixed,1 1 2 4 6 8 14 21 24
991W1X6H8959QMKEOJaqCOc3084m,9,plain,none,mixed,1 1 4 6 7 10 11 13 28
991W1EYO1X98b-GMYYtY8rom9GeC,9,plain,none,mixed,1 1 3 6 7 12 15 16 20
991WM1K8IH271mwGDJY8Y5cQKLYY,9,plain,none,mixed,1 2 2 6 10 11 11 19 19
991W92P4gOX8KpaWG6WYKLTYecHH,9,plain,none,mixed,1 5 5 6 10 12 12 14 16
991WC1FMT1Zf2XE49KWKh4TH88LA,9,plain,none,mixed,1 1 4 7 10 10 11 15 22
991WS31IOc55951X413EAGeA15HH,9,plain,none,mixed,1 1 4 6 9 10 11 15 24
991W51hCl4IGHUX4GXroKIsVn0G2,9,distinct,none,distinct,3 4 5 7 8 9 11 14 20
991Wa1vAAfAAOWKbWnTpH9n4XX0I,9,plain,none,mixed,1 2 3 10 10 12 13 14 16
991W4OafJ2521YeO1CJumy8oD3q5,9,plain,none,mixed,1 3 4 4 7 9 10 15 28
991W94Y7I4uS0m71476O61JeD4ue,9,plain,none,mixed,1 1 4 7 8 8 9 14 29
991WS28HM5YJamK0egWGKBAAYKCf,9,distinct,none,distinct,1 2 3 6 8 9 10 19 23
991W64AJ4t2_Ga94P2pmv0I8XLWa,9,plain,none,mixed,1 2 6 7 8 9 9 18 21
991WqPUF3HueQ1mP98G2258IYJ40,9,distinct,none,distinct,1 2 3 4 5 10 15 19 22
991WM854GgMan2X85C8N28YA_CmK,9,plain,none,mixed,1 2 4 6 11 12 12 12 21
991WCLQDbMGh70mX25YG5MCfXCWL,9,distinct,none,distinct,1 5 7 8 9 10 12 13 16
991W0JmyOANz30IaY9Mf98WYc9WK,9,plain,none,mixed,2 2 2 4 9 11 12 18 21
991W651jRCCwW211c8OVH4YKnDIj,9,plain,none,mixed,1 1 3 4 8 9 16 18 21
991WmOMH12HGoa0b0gGfC7nwewS6,9,plain,none,mixed,1 2 2 6 6 14 15 16 19
991WOaAZMcOa93L8G23f42CI2oD1,9,plain,none,mixed,1 2 5 6 6 12 14 16 19
991WY2iSl1eI210KaA2WK0yLH9XO,9,plain,none,mixed,1 2 2 9 9 9 12 14 23
991Wb0ma4me94FH8ma528PPJC1Wa,9,plain,none,mixed,1 3 3 4 6 10 14 17 23
991W2XBv7o-WG250J2XFCA18O4WB,9,plain,none,mixed,1 1 6 7 7 9 9 11 30
991W50q80cJZp4IW2WKI3uzfl8X4,9,plain,none,mixed,2 3 4 4 5 11 12 13 27
991W8aIXgHOuT0gGHHJIA3CUqba9,9,plain,none,mixed,1 5 7 9 9 10 12 12 16
991W21ODII0NHn1GewEMZaAoc59e,9,plain,none,mixed,1 2 6 6 6 8 11 14 27
991W8AB12efa29X9q2j63WqaAF2H,9,plain,none,mixed,1 1 5 6 6 7 12 16 27
991W2Iud80RNX530aPgLHKgAEAH8,9,plain,none,mixed,1 1 4 5 7 9 10 17 27
991W8H4w8qSi2lOI1WKUmIDfTaWW,9,plain,none,mixed,2 4 5 6 6 10 12 18 18
991W0WH9eCdJec52K6On92Xmi3jC,9,plain,none,mixed,1 3 4 6 7 8 16 16 20
991W8IT4t082Yf4G5I1GK79ab483,9,plain,none,mixed,1 1 2 6 9 9 11 15 27
991WC3oDk60Ii4-2H1CAR9Q59Yj8,9,plain,none,mixed,1 2 4 10 10 11 11 15 17
991WAeaK6HpgwUaWI8682qCmMDGn,9,plain,none,mixed,1 2 4 7 9 9 13 15 21
991WG6WO6gjB8aCYM52Vn9GW8185,9,plain,none,mixed,1 3 4 4 5 12 14 19 19
991WjFWWJTNKH48K542b1L2W2miZ,9,plain,none,mixed,2 2 3 3 3 8 16 18 26
991WH8YM8O3NcC10KRGwAcAaI2mO,9,plain,none,mixed,1 3 4 4 8 11 12 18 20
991WGCl4bpa378P0a3CoAWpQdMAE,9,plain,none,mixed,1 3 4 4 9 9 15 18 18
991WX082PwBApDHGa14e61iHf20m,9,plain,none,mixed,1 1 6 6 7 10 10 16 24
991WqXacGW81YZGn598YG8969yr0,9,plain,none,mixed,1 2 3 6 7 7 12 13 30
991WIaqEBI5141JKI4aC92AI4F04,9,plain,none,mixed,1 3 4 4 7 8 13 17 24
991WYOM30nTkhw5290K911oIGWs0,9,plain,none,mixed,1 3 4 4 5 8 10 13 33
991WGa42JHluAYm2Q6GO6GKcDyWm,9,distinct,none,distinct,1 2 4 5 7 8 15 16 23
991WPQGI4WeCV18aH8G2HJGYQn2G,9,plain,none,mixed,1 3 7 7 9 9 10 13 22
991WaPumu8DbcU0W46rQ9eP4Y532,9,plain,none,mixed,1 1 5 7 7 7 9 18 26
991WIeonfPsXDKH15CH6EbGCuM42,9,distinct,none,distinct,2 5 7 8 9 10 11 12 17
991W0m3Py3HKaQ4IKKGu4r0m9AL1,9,plain,none,mixed,1 1 2 2 9 12 15 16 23
991W1WO74neI1IHX4X8J43Gi3HL2,9,plain,none,mixed,1 4 5 6 6 7 8 22 22
991W0UIeM8I8H7D8q6IICI9VWu62,9,plain,none,mixed,1 1 5 5 7 8 14 18 22
991Wm2T7Ani4F498493o50uzamY8,9,plain,none,mixed,1 1 4 4 9 10 14 17 21
991W4G8eAcXprGWG5X06Giloz1YI,9,plain,none,mixed,1 1 2 9 11 12 12 14 19
991W4H0TH2GfP9Ge8I8K1sPB92J8,9,plain,none,mixed,1 1 4 7 11 11 11 13 22
991WI8X1MKkcN9304DuT5IHAH5GC,9,plain,none,mixed,2 3 6 7 7 8 11 16 21
991W5KI5dYepK22W4L2MaYWGaAH8,9,plain,none,mixed,1 2 6 6 7 8 13 15 23
991WZYWOLrUUEPG849-dOGagXoS9,9,plain,none,mixed,1 4 8 8 10 11 11 12 16
991WN2ogp2X4qYqr54ByXWCOPW02,9,plain,none,mixed,2 2 3 5 7 9 9 20 24
991WI46AtoeRYvW0KHPsRbcWaE8O,9,distinct,none,distinct,2 4 5 6 8 9 10 12 25
991W2GWWD49Pf4q24HSMLceb5W-4,9,plain,none,mixed,1 2 5 6 7 12 12 16 20
991W718I2Xw8AKN22GmE2B0AaGaC,9,plain,none,mixed,1 1 4 7 10 10 11 16 21
991WeZuH413e7tX4Y0GAHOn5WaOY,9,plain,none,mixed,1 1 5 6 7 8 11 20 22
991W8X8P6DFT39434mGGa2TPMq8q,9,plain,none,mixed,1 2 5 5 7 8 15 17 21
991W2Y9E4LcWe4P4eAhGsl9AAoW8,9,plain,none,mixed,1 5 5 7 8 8 14 15 18
991W1nDrmyZYTcxG1251AC_KSIWO,9,plain,none,mixed,1 4 4 4 8 14 14 16 16
991W2WKrJ8I8n74GGrLYOIEV8Q42,9,plain,none,mixed,1 3 5 6 6 8 14 17 21
991WY0Xu7XC20b0OoKagIYCI8WmK,9,plain,none,mixed,1 1 3 6 11 11 11 16 21
991WH4iKK8cOegLG4H5WPJZaHu5Q,9,distinct,none,distinct,1 2 4 6 9 10 14 15 20
991W510aKabWqXOa9Y8GVTZ08nGC,9,plain,none,mixed,1 1 2 7 7 13 13 14 23
991Wo4P4R4ZHD4DGX0WM82kJHuMA,9,plain,none,mixed,1 5 5 6 8 10 13 15 18
991WH2B1Bp24Y4IW84lg8piVgDYe,9,plain,none,mixed,3 3 6 6 7 12 12 16 16
991W1C5ZODmeA0Z4IfDA6109aF1G,9,plain,none,mixed,1 1 4 4 6 7 15 18 25
991WS32L5YS235nXA4ZA4q543Jb0,9,plain,none,mixed,1 1 3 6 7 12 13 14 24
991W21CPk22LriI4A14KB992I8wg,9,plain,none,mixed,2 3 4 9 9 9 11 15 19
991W4fnbXKH2r50WXd0XGOH4ZeBI,9,plain,none,mixed,1 2 2 4 8 13 14 15 22
991Wn5XKgYnNCGWGa20i8elYDWu2,9,plain,none,mixed,1 1 6 8 9 9 10 18 19
991W9YWOQAfU-f9H314gP0gOb040,9,plain,none,mixed,1 2 3 4 10 12 13 13 23
991WH4JA1Wh7HYaYH2X2Ga8xOHOP,9,plain,none,mixed,3 4 5 6 9 10 10 10 24
991WG81B8z3mA1KmaCGqApHIKK4o,9,plain,none,mixed,1 1 2 8 9 11 12 18 19
991WIILAOPoSIP458JV1SMQGHMKK,9,plain,none,mixed,2 3 5 5 7 7 15 16 21
991W4o8AJdYrHeM4GKvay6Gi4GU8,9,plain,none,mixed,1 1 7 7 9 10 13 16 17
991W823GGaPfHaOM8M4fPIGiD0W4,9,plain,none,mixed,1 3 4 9 10 10 11 11 22
991WG46gBiPwOYfAS0XJI4GQCa20,9,plain,none,mixed,1 1 4 10 10 11 13 15 16
991W1HA5eKaeP5f2GH4SCl7c1iGi,9,plain,none,mixed,2 2 4 7 9 10 11 17 19
991W44oS3394UNyKmU4fDDcD4WaC,9,plain,none,mixed,2 2 6 6 9 10 14 16 16
991WK2XCBonPB1i820Zi1eaaNcrI,9,plain,none,mixed,4 5 5 8 9 10 13 13 14
991WA3IRMO71yGyEGZWYP9BW8a81,9,plain,none,mixed,2 3 3 4 6 9 13 15 26
991Wa4swCl881GKQIF0eGAbCYS54,9,distinct,none,distinct,1 3 4 6 7 9 10 14 27
991W0YAanNh21JO8IHKnYf6PpXCb,9,plain,none,mixed,3 5 5 6 7 11 12 13 19
991WJ4z4S30mFEGY41CW429aWqA2,9,plain,none,mixed,1 2 4 5 8 11 11 15 24
991WGdG4jDdQM4Ya8GHJecHna1m4,9,plain,none,mixed,1 4 7 7 8 9 14 15 16
991WAaYZe61Ga8i88LI8I492GgF1,9,plain,none,mixed,1 2 6 6 7 7 10 14 28
991W5aIOfS6HqV90GGJPwa4XqLDX,9,plain,none,mixed,1 4 5 6 6 8 12 18 21
991W31S966YMae811GWG6Ev6Ie6W,9,plain,none,mixed,2 2 3 3 4 4 21 21 21
991WO0KCcoUW8H4Y91YOaw3GQ66C,9,plain,none,mixed,1 4 4 5 6 8 12 16 25
991W2c4MHWcCv5I4I4Uqyj556FWW,9,plain,none,mixed,1 5 5 7 8 9 10 15 21
991WX8c6BpGKSaIX024b2XRcHn7W,9,distinct,none,distinct,1 2 3 5 9 10 15 17 19
991Wgif6Y3KXWaIKG3VKK4avGYOo,9,plain,none,mixed,2 2 4 5 6 6 14 16 26
991W11SZgo54IwG8ev2QuoCLMemQ,9,plain,none,mixed,1 1 7 8 9 9 14 15 17
991W0pq-c0P4a4106ZmsbeIKg70m,9,plain,none,mixed,3 4 4 5 7 7 13 14 24
991W38e862We10aGy30m93L7mmC1,9,plain,none,mixed,1 1 3 3 5 8 14 21 25
991W9CCaWeB97I8GHA3iBoeiweD9,9,plain,none,mixed,4 4 4 4 7 10 11 13 24
991WI4Oi24X3nOkGD31Y0WFg3i79,9,plain,none,mixed,1 2 3 3 7 7 12 20 26
991WHB4m3Wv5Gy0CWKB9AQcHf8f8,9,plain,none,mixed,1 4 4 5 6 6 14 19 22
991We50r1Kr_eHegi3RYYIOnHKf0,9,plain,none,mixed,1 2 3 7 7 9 13 16 23
991WI2aC_60Wa24IL6RE9H924XFH,9,distinct,none,distinct,1 2 5 6 8 11 13 14 21
991W62j4HDIeo9NC835EYX5QGO52,9,plain,none,mixed,1 4 7 7 9 10 10 13 20
991W1JFBSn9g4A0W8K9Ueamaf1GK,9,plain,none,mixed,1 4 4 5 5 13 15 17 17
991W0WcIPeR4LJ0aH3WM94E3iCWE,9,plain,none,mixed,1 1 5 6 9 9 14 16 20
991WX7O9Pa3mA4YG18bkk7KGSF2G,9,plain,none,mixed,1 1 4 5 7 9 14 14 26
991W94IXcFWmfgf23KZHfOcYP60W,9,plain,none,mixed,2 3 7 8 8 8 10 11 24
991W91irhXrm4GaG91GSr7E8GB0D,9,distinct,none,distinct,1 2 3 4 8 12 13 14 24
991WK1WMbkWR25Y1g8aI6iKHGHqG,9,plain,none,mixed,1 1 2 2 9 14 14 18 20
991W10KE5TWRQLXK40WK5YHP67IA,9,plain,none,mixed,2 5 5 5 8 9 12 13 22
991W46HGQCWG9Y03c8WOxMr5WuM4,9,plain,none,mixed,1 1 5 7 8 8 12 17 22
991WaL0JPwJ82CZ88hHAQYee442G,9,plain,none,mixed,1 2 5 6 6 11 14 15 21
991W26JIASCHEYAIKIYGPMhyF61C,9,plain,none,mixed,1 1 4 8 10 10 11 15 21
991WI1XjLcJfiYg30Wd5-0uXQLmn,9,plain,none,mixed,1 4 5 7 10 10 11 14 19
991WeC22h6aSMKd2056CB28HFLr2,9,plain,none,mixed,1 3 3 6 10 10 10 15 23
991WH45CI910BXx241aiAZ5amSH4,9,plain,none,mixed,1 1 4 6 6 8 13 18 24
991W5nG8GfYWGA9I9Z4M6KXmC98I,9,plain,none,mixed,1 3 4 4 4 11 11 19 24
991W4XaTT4f96UAY418b5Y3IiYZ2,9,distinct,none,distinct,1 3 5 7 8 11 12 15 19
991W14GgD9HYQcIaaOb0Mc94RWG4,9,plain,none,mixed,1 3 7 8 8 10 12 16 16
991W2B5H2Xf2QLE0GO7hBRuI4YM1,9,plain,none,mixed,1 1 4 9 10 11 12 14 19
991W8H2GmPWqByWO0abw-8sQb98a,9,distinct,none,distinct,1 3 5 7 9 10 11 17 18
991WH4LBnqGY8Z024Y8A0mDZMn2W,9,plain,none,mixed,1 2 3 7 7 9 10 15 27
991W8E0HIYf2KOXOX4UyP2C823HI,9,plain,none,mixed,1 3 4 5 5 8 13 20 22
991Wg96AWKAijofAI38hecIAZF84,9,plain,none,mixed,2 5 5 7 8 8 9 14 23
991Wa8WO5dn8j2D1GaHPJB8E8XCG,9,plain,none,mixed,1 1 2 8 11 13 13 14 18
991WGiWxbP8XI7faIA1aIY76zmnK,9,plain,none,mixed,2 3 6 6 9 9 12 16 18
991WD3FnObu8aBEj940OAXKGYMA0,9,plain,none,mixed,3 3 3 3 4 9 16 18 22
991W4aeX42pJb91m0GZDj8fIN50y,9,plain,none,mixed,1 1 5 5 6 10 17 17 19
991Wf4GyAY5r3HX21eRB9qWVCm8I,9,plain,none,mixed,1 2 3 6 6 11 14 14 24
991WC54eu10S5Keo813ZSYT8GaB4,9,distinct,none,distinct,1 3 4 5 8 9 11 19 21
991W8aX0WR9OA2ZY42dCK4J9oL1m,9,plain,none,mixed,1 1 6 7 8 11 11 16 20
991WW4OF4o4WBJy8Gi826IfDgfd4,9,plain,none,mixed,2 2 3 4 7 9 9 15 30
991W10K2V4Gaa8XG9Y4O91SavCI4,9,plain,none,mixed,1 2 3 3 9 12 14 16 21
991WH4R3eBGXWeWLGGmi614IIwt8,9,distinct,none,distinct,1 2 3 4 8 9 10 21 23
991W80mCJAh2m291938RY8Z860S6,9,plain,none,mixed,1 3 4 4 4 6 18 19 22
991WX0W93qP5IX8Yc1W20mAMAXn0,9,plain,none,mixed,1 2 2 4 7 11 11 12 31
991WHSL2H4DA9H54q10b8o8kULK8,9,plain,none,mixed,1 4 7 8 8 12 13 13 15
991W32b4B2f1WK921GTeeA38M4g4,9,distinct,none,distinct,1 2 3 5 6 9 10 18 27
991W0WmDmwJWq3W88n4x92E0k2XO,9,plain,none,mixed,1 2 4 4 7 7 9 18 29
991W0YGab21GdOb1SKH9kPEMX0G2,9,plain,none,mixed,1 1 2 8 10 11 11 13 24
991WI0WUSX8jec8LfA8HAMWaIGq0,9,plain,none,mixed,1 2 2 7 8 13 13 14 21
991W4i3OUEKZm4CGb2gbaK4H6PQ5,9,plain,none,mixed,2 3 5 6 6 7 7 22 23
991W52eY2CXaLv0G2n06ggpiOeI2,9,plain,none,mixed,1 2 5 5 6 12 13 17 20
991WGnKgh55W01WkA3Ya-I9GeK0O,9,plain,none,mixed,1 1 3 3 5 6 9 9 44
991WqDe44TnAomG4358C37Ic_BA4,9,plain,none,mixed,2 4 4 6 7 9 12 16 21
991WoWe9p2ZGK4HH5AWK30ip040X,9,plain,none,mixed,1 1 1 5 7 7 8 20 31
991WIAWj8KGb418KKD3O10GaKL9E,9,plain,none,mixed,1 2 3 5 6 9 17 17 21
991WOY4F0Q6YZ0iW41QMHqSZHQf1,9,plain,none,mixed,1 3 4 4 7 11 11 11 29
991WI2cCEhiA3WuKE4Z880b48H38,9,plain,none,mixed,1 1 4 6 9 10 13 16 21
991WaFevYJWAHN4Y852LhfM1XqiS,9,plain,none,mixed,2 4 4 4 5 9 13 17 23
991WQ2A2AIW-reIAG6JY1WYbgG8o,9,plain,none,mixed,1 1 2 5 7 13 15 17 20
991W1GOU_I9Z19049XKf5KSNXZQA,9,plain,none,mixed,1 4 7 7 8 10 10 14 20
991WIAv920bHIeP50iEeQ6n2WKGn,9,plain,none,mixed,1 3 5 5 8 8 14 18 19
991W2WM6a20W8p8aP1GK4Y6XeKI2,9,distinct,none,distinct,1 2 4 5 6 7 9 19 28
991W2WiJ4AWWC2U14HaP37eY8IAW,9,plain,none,mixed,1 2 2 4 7 10 12 20 23
991WcD34ig2LPYE81267hDXPCmKA,9,plain,none,mixed,1 1 4 5 5 6 13 22 24
991We60WBZJc2G8OHCY4214dAnmQ,9,plain,none,mixed,1 2 3 3 4 10 12 23 23
991WaJmm10a6gih618A296IzK5Z0,9,plain,none,mixed,1 2 3 5 8 9 9 18 26
991W31SIY12e948g52ml8Vba8e30,9,plain,none,mixed,1 2 2 3 7 8 14 21 23
991WI60HM5GB2Wm8A2XWu8YpggZ4,9,plain,none,mixed,1 4 4 4 8 9 10 17 24
991WGu8aZIoeoBWm8VX-82C8O22G,9,plain,none,mixed,1 1 6 7 7 8 13 16 22
991W2884C8DAA9OYp1SVAZkrrWmK,9,distinct,none,distinct,1 3 5 7 8 10 11 15 21
991WT79uXuI8ck8Y82L6909iv1Ga,9,plain,none,mixed,2 3 6 6 9 9 10 14 22
991WINdWY5uY8H4Q4a8wica840r8,9,plain,none,mixed,1 2 6 6 6 8 14 18 20
991Wc1IaF8G60Wm4o30mO12Z3WG4,9,plain,none,mixed,1 1 1 5 7 8 9 18 31
991W42I4JhKM3GN446bOqCJo8Hq8,9,plain,none,mixed,1 1 3 7 8 12 13 14 22
991Wf5moVYE4WNuee2hP4f5YNGuG,9,plain,none,mixed,1 3 6 8 8 11 12 12 20
991W21XmgaVc4Yc4AJH8DzKcCmiG,9,plain,none,mixed,1 1 4 7 9 12 12 17 18
991W65YdQMg8camIYUSCP2Ta9rW8,9,plain,none,mixed,1 4 5 6 10 10 13 15 17
991WGIU7YWc1fs2G64_CJKnaWZI2,9,plain,none,mixed,1 5 6 7 7 11 14 15 15
991W6117bpoA8nCAD2XeTeqGI154,9,plain,none,mixed,1 1 4 7 10 11 12 17 18
991W4GxEHgX08CX4AL8-AgenW12G,9,distinct,none,distinct,1 3 4 6 7 8 12 13 27
991W8e61PPAS30aH9BIa50a4Eg8H,9,plain,none,mixed,1 4 5 5 7 8 11 15 25
991WWaG6HGaX8gf0Ok4H6HaImcL5,9,plain,none,mixed,3 3 4 5 5 9 15 17 20
991W8JOgMr4oBWaH20WeebT2X1gW,9,plain,none,mixed,1 4 7 8 8 12 13 13 15
991W91OIv2GW872Y91KcgWa9uK10,9,plain,none,mixed,1 3 5 5 6 8 12 14 27
991W418kIP6CbK0iL49p4bn9Aega,9,distinct,none,distinct,1 2 6 7 9 12 13 15 16
991WA2YG9M8Q4bAHA4bIEbWK934H,9,plain,none,mixed,1 5 7 8 8 11 12 12 17
991W20Hc98HEAbH5O7XV2Gg6A493,9,plain,none,mixed,1 2 6 7 8 8 12 14 23
991WAEZO4Xa84Wm9a32GK3u41p4f,9,plain,none,mixed,1 1 3 5 5 7 9 23 27
991WBXYQv7mS950eI1WZZZ4aea92,9,plain,none,mixed,1 4 4 4 9 14 14 14 17
991WGhuYIHX8Y40W2in_dbQWOA2G,9,plain,none,mixed,2 3 4 5 9 9 9 12 28
991W2HGao6PoiKXO4YGpIOeua8I2,9,plain,none,mixed,1 2 6 6 8 13 14 15 16
991W10Kan4GxCAb88X4fG4fD3Gd6,9,distinct,none,distinct,1 2 3 5 10 11 15 16 18
991WG82fOmyz5YeiPAGKIaGoBGP2,9,distinct,none,distinct,1 3 4 5 6 8 11 18 25
991W1KX6JeXELamac9W10GVe64B2,9,plain,none,mixed,1 1 6 7 8 8 9 13 28
991W2iY8bYf49CX84e5EK72Qh2Ga,9,plain,none,mixed,2 3 3 7 11 11 12 15 17
991W4mW4gcEY4J6Z4Jma5f5X8PG8,9,plain,none,mixed,1 1 5 5 6 12 14 18 19
991WXe1YJ0qMHaY855La92WYeaXG,9,plain,none,mixed,1 1 5 6 9 12 13 15 19
991W4IbIOu-4Sa50fB3aCjGC54ub,9,plain,none,mixed,3 4 5 6 6 8 15 17 17
991W4Waw1eM8Vdk4CIGXPC4g9T4A,9,plain,none,mixed,1 1 4 8 8 11 12 16 20
991W10ShqBX8IAMZI69OEZ90Ww90,9,distinct,none,distinct,1 2 3 4 7 9 11 14 30
991WH4SG39Guwg104GnBH3GgugHa,9,plain,none,mixed,1 4 4 5 7 12 14 17 17
991WWoK-393zPsX048o98LKQn29e,9,distinct,none,distinct,1 2 3 5 8 12 13 14 23
991W89piAyalD10W2B3OXqJ8AXOY,9,plain,none,mixed,1 1 7 7 10 13 14 14 14
991W0OX8nF2NYRgKX6494XsuXOg8,9,distinct,none,distinct,1 3 4 6 7 10 13 17 20
991WaNHqH8YObPCYGT0WeGWKXeG5,9,plain,none,mixed,2 2 3 5 5 8 10 18 28
991WOg4aKbICWe0o1CbX02abTUOc,9,plain,none,mixed,2 3 3 5 6 6 8 11 37
991WGQ2GL1Oa9G08WcBIM20XApEr,9,plain,none,mixed,1 4 4 4 5 7 14 17 25
991WGH0G7LUCs6GA1WoHaXmd4GYW,9,plain,none,mixed,1 1 2 4 9 12 15 17 20
991We2yW5LOOI4a92OcKT4o8OBXA,9,plain,none,mixed,1 2 2 10 10 11 13 15 17
991Ws1HCHi91S0aQ48XYP2F042ac,9,plain,none,mixed,1 1 3 5 6 11 12 15 27
991WA4bBIqGy-1WKG4QO6XX5K120,9,plain,none,mixed,1 2 5 5 9 9 11 19 20
991W1GK65bzE252W1WSH4Iem94WG,9,plain,none,mixed,2 3 3 3 5 7 12 20 26
991WC1CUZXAH2WpHA1KKb35K5ur0,9,plain,none,mixed,1 1 2 7 8 12 14 15 21
991W50vS2Chn1354H50bAyucHv-G,9,plain,none,mixed,1 4 4 8 10 11 14 14 15
991W4IaYu-AEI8cP42O8oCa8160I,9,plain,none,mixed,1 2 2 5 6 13 16 16 20
991WHD0pK13mSafcI8Hu4uE00MG4,9,plain,none,mixed,1 1 3 6 6 7 9 13 35
991W8w4zLIuFz6e4IeovH3P11vG8,9,plain,none,mixed,1 4 7 9 9 10 12 13 16
991W2EqJ39WaW20mY5QMMN2OP4Ia,9,distinct,none,distinct,1 2 5 6 8 11 12 13 23
991We50y5ubGiKn0GjnMiYfH4Y8E,9,distinct,none,distinct,1 3 5 6 10 11 13 14 18
991W9Eee811oGaA1GeD8D2Y8Y4T6,9,plain,none,mixed,2 3 3 5 5 7 16 19 21
991W4eYGZKIiQTb88fsOad6Of2GH,9,distinct,none,distinct,3 6 7 8 9 10 11 13 14
991WI3eaKWeTGN4A4H6bfbc4w0a9,9,distinct,none,distinct,2 3 4 6 10 12 13 15 16
991WP5pSeY4InouXGXIoAeOb0Jia,9,plain,none,mixed,1 4 6 7 7 7 9 15 25
991WPEhNK1CAC108inC3HGt08BJC,9,plain,none,mixed,2 3 3 5 5 6 6 18 33
991W811ZY4InqKnXI7eL-79HIoj4,9,plain,none,mixed,1 5 5 6 11 12 12 13 16
991W98c7LoWG41P44B2XkQXmay8I,9,distinct,none,distinct,1 4 5 6 7 8 9 19 22
991WHHGM19Y4V4IO40sCYZKxG22W,9,plain,none,mixed,1 1 7 7 8 8 9 19 21
991W9KMjRXJi1SKHHIhL3HL9bAG0,9,plain,none,mixed,2 5 5 6 8 8 13 14 20
991W8gg9OQsC8jW6mNP5hwmJ3aa9,9,distinct,none,distinct,1 2 5 7 10 11 13 14 18
991W4WkLQ0mzAeL8O2CIAEGpH8Of,9,plain,none,mixed,1 4 4 7 10 11 12 13 19
991WeM4X1d7JARaOIiKHBZGq52WH,9,plain,none,mixed,3 4 4 6 9 11 12 16 16
991WC0iQHTkpWB0P0X4ffj2fcUK4,9,plain,none,mixed,1 1 3 6 8 10 11 17 24
991W61XY9a8XuU589IHOKH5GS2WX,9,plain,none,mixed,1 2 4 7 9 10 10 14 24
991Wg1JaC0kLHfmYo2T5bNhf2HO2,9,distinct,none,distinct,1 4 5 7 9 10 11 13 21
991WegoOyB0mu8r321KYLYA1maD0,9,plain,none,mixed,1 2 5 5 7 9 11 12 29
991WHgH1NJvG86GaWK7-90WWIjAY,9,plain,none,mixed,2 4 4 5 5 6 15 18 22
991W82khgkE34mC444nSX88I4v4e,9,plain,none,mixed,1 4 5 5 6 8 14 19 19
991WJ1SX6Waga0mI1WI4w1-cPRWG,9,plain,none,mixed,1 1 4 7 8 12 13 14 21
991WLPHVBnuOM59I8E04D092oe1G,9,plain,none,mixed,2 2 3 5 6 6 10 23 24
991WGf0daU1QbeO0ASPIEkJigSIK,9,plain,none,mixed,2 2 4 6 8 11 14 14 20
991WPgLnh0WEYewC5F0G061MAQ0W,9,plain,none,mixed,2 3 4 4 6 6 8 17 31
991WeY9XP1GOwD0HHC6K5WO8860X,9,plain,none,mixed,1 2 2 5 6 9 14 19 23
991W61YAIJOgoSL0HM9KI1XIIJK1,9,plain,none,mixed,2 3 6 8 9 10 10 16 17
991W5D0W11mPOdU0WaE4vRQo2Gq6,9,plain,none,mixed,2 2 3 3 5 10 13 21 22
991WYZj4a8uiK4I12QdCX7OcKKc8,9,plain,none,mixed,1 3 5 7 8 13 13 13 18
991W8n8YCB4-5YMc2H0GnYWaA0kG,9,plain,none,mixed,1 1 5 8 9 14 14 14 15
991WA1ra1A_0me81CI9ir1HCZ959,9,plain,none,mixed,1 1 4 6 9 10 14 17 19
991WWIHmy2Z8-NeHA9B975X1WOE4,9,distinct,none,distinct,1 2 4 7 8 10 11 12 26
991WX8A5K6RQJ4mn12mXE2KerO7W,9,plain,none,mixed,1 1 3 7 8 9 12 16 24
991WGeiB9IGbW20mmWQ6eQ0WD9H8,9,plain,none,mixed,1 1 3 4 6 7 9 21 29
991W0bL7dZ0oysWGWxLHGgkOIF8K,9,plain,none,mixed,1 3 6 6 11 11 13 14 16
991W61X8IGmCf2HH5193HeSB410X,9,plain,none,mixed,1 1 4 5 6 12 16 17 19
991W8H2xf1aG8GSa4qD3r2XmKZ7C,9,distinct,none,distinct,1 3 5 6 7 9 12 15 23
991W6-egKIIN8KwGX4cwdYC05pY2,9,plain,none,mixed,1 1 5 6 7 9 11 12 29
991WX355O7ZeD3O638JG8Vpq4X2m,9,plain,none,mixed,1 1 2 2 11 11 15 18 20
991WI430Q9hAz9jaC46QlQO31H8H,9,plain,none,mixed,3 4 4 5 6 7 10 13 29
991WY34M2lIAYKKcHDB94AWwMKI1,9,distinct,none,distinct,1 3 4 6 9 10 12 17 19
991WGaAYM3-8MKGIXEXTBH8eCneK,9,distinct,none,distinct,1 2 5 6 9 11 14 15 18
991W62gA8YHvUKeE8K58gYA9a28e,9,plain,none,mixed,1 2 6 8 8 10 13 14 19
991W8C32M4gYYzIa88YZBXqhA5PI,9,plain,none,mixed,1 5 5 5 8 10 12 16 19
991W2Q7Y92o2Ky42XYbib98AAaD4,9,plain,none,mixed,1 2 4 8 9 11 14 16 16
991WB1f01YU832JYE3LKpWvCuKXG,9,distinct,none,distinct,1 3 5 7 8 9 11 15 22
991W2mtG6220QcmI8KqiCM6KrrGK,9,plain,none,mixed,2 3 6 6 7 12 13 13 19
991WW5YJ9ogBdGKq2kniHQ9oH119,9,plain,none,mixed,1 2 3 10 10 12 13 14 16
991WeA7IaQgoSO5184SYSXW827IW,9,plain,none,mixed,3 3 4 6 8 8 9 20 20
991W2YCZOc9G41wG5HGWY8aA2KAY,9,distinct,none,distinct,1 2 3 4 8 13 15 17 18
991WeaXezPAkH8Q01AQIJcQgjI8I,9,plain,none,mixed,2 4 8 8 9 10 11 14 15
991WI8W_qLLQWe8eP9KXG0GjNJX0,9,plain,none,mixed,2 2 3 5 5 10 13 20 21
991W8oWKiAQA2GC2910GU2ZgaWM4,9,plain,none,mixed,1 1 3 4 7 8 12 20 25
991WaIH8phAuGZG888JsDQhVB1AI,9,plain,none,mixed,1 2 7 8 9 11 14 14 15
991WHaYH2X8qGZBA8K072dMah210,9,plain,none,mixed,1 1 4 5 7 10 11 14 28
991WZ8nqo8E7L5AHO1L494Iq6WKG,9,plain,none,mixed,1 2 7 8 9 9 12 15 18
991WHOdvL6HQJY6W2QXED4YYB281,9,plain,none,mixed,1 4 8 8 9 10 11 14 16
991WaIvUA8_254H429poeaICD9W8,9,plain,none,mixed,1 1 3 10 10 10 11 13 22
991W1WaIut9KIWyAC20ACaQ13j4Y,9,plain,none,mixed,1 3 3 6 6 9 17 17 19
991WIYZKv1bBOu006KgKSWfU7fI2,9,plain,none,mixed,2 2 4 5 10 11 13 15 19
991W846KA3aJ6XKPmA1WwD3lpCeK,9,plain,none,mixed,2 5 5 5 7 8 9 17 23
991W0J6EDULWK2WmI71gbcD0A4Wm,9,plain,none,mixed,1 3 3 6 6 8 11 16 27
991WY94n_1DW8Q525MPR692Wa8aq,9,plain,none,mixed,4 4 5 6 7 7 9 13 26
991WSHKf491HHaWWEI6eIIL6WeOg,9,plain,none,mixed,1 1 3 3 10 10 12 20 21
991W269zpqoa9364K6s5A4l3uX93,9,plain,none,mixed,1 3 7 9 11 11 12 12 15
991W40auQ1rcX2GYQ6vMAD0eCJpa,9,plain,none,mixed,1 4 8 9 10 10 11 12 16
991W64SCehoI0m82A0pCx7ICV8H2,9,plain,none,mixed,2 3 4 5 6 12 12 15 22
991W92gC8ZypSA88GICbuF9BynG8,9,plain,none,mixed,2 2 3 5 10 11 13 17 18
991W18LIZ2JKCigeYdHVI2OLOGJ4,9,plain,none,mixed,1 2 7 8 8 8 11 15 21
991W0WCEb4xEJP10AHOH4J9GObQG,9,plain,none,mixed,1 3 3 4 4 10 14 20 22
991W18ICKrfc450WWoCcBp18910m,9,plain,none,mixed,1 2 5 5 7 10 12 15 24
991WWWeA1SdG13QG29M9YevsGI8Q,9,distinct,none,distinct,1 2 4 7 8 9 13 16 21
991W2WfpHmnnPsgg4XDOC5m6B1n2,9,plain,none,mixed,3 5 5 5 6 8 15 17 17
991WOD4qc4Xu8Hg4m35bgnKcHqI6,9,plain,none,mixed,1 1 4 7 8 12 13 16 19
991W4nIa31mW-J92P085QJGgWWA4,9,plain,none,mixed,1 1 2 5 7 8 9 23 25
991W2Gv9K2aqs1w2GaKJ1pn5Zaoq,9,plain,none,mixed,1 4 6 7 9 9 13 14 18
991WH5mhpIaaX1X8e9PtHuHU8418,9,plain,none,mixed,2 3 6 7 9 9 11 14 20
991Wu3sjnTZO95moG8GdH98rWO2G,9,plain,none,mixed,1 3 4 9 9 10 11 12 22
991W33OC08HAce94M4r4XC8iLPYO,9,plain,none,mixed,1 4 4 5 6 8 9 15 29
991WeA0WLCxgz2OQ449aApmX3X0G,9,plain,none,mixed,3 3 4 6 10 11 11 11 22
991WY1vM1G8B490W8wB2msGecAIO,9,plain,none,mixed,1 5 5 6 7 7 7 19 24
991Wc2G94sNM58j1Y0SIscAXTqee,9,plain,none,mixed,1 2 7 8 11 11 11 12 18
991W4b92ZeKH2Gi4YAXeQ2mR8f64,9,plain,none,mixed,2 6 6 7 8 9 11 12 20
991W2GGQ8SkBMI_04GmND5Abvf4X,9,plain,none,mixed,1 3 5 7 8 8 12 16 21
991WIc5jGKWqCVtc418eeAbIFBr8,9,distinct,none,distinct,2 3 5 7 8 11 12 16 17
991WAYWHGQYrH4I84GKqP0ZPr5H8,9,plain,none,mixed,1 2 6 6 8 11 14 16 17
991W4HGC518q52AX1GG42dmSaec8,9,plain,none,mixed,1 1 2 9 10 11 11 12 24
991W0KHUoiGeTYW1euij84ORjSF2,9,plain,none,mixed,1 4 4 6 6 7 15 17 21
991WGQbcnSA-iLr14k0gY8LA5NK1,9,plain,none,mixed,1 3 6 8 10 11 11 15 16
991W6QCb40WiAhT8mGC2gJghn04Y,9,distinct,none,distinct,1 2 3 5 7 8 9 21 25
991W0YNOeGw8oP56M2D4jDVnQF4K,9,distinct,none,distinct,2 4 5 7 8 10 13 15 17
991W9XLLLaQI93Ia4Hn4mXqT2AG4,9,plain,none,mixed,1 4 7 9 10 11 11 12 16
991W2H4CG30Z5T5I2GeuDEegJ4b4,9,distinct,none,distinct,2 3 4 7 8 10 12 16 19
991W22cfJLGa8gDYQWaWgB0W5162,9,plain,none,mixed,1 3 3 4 12 12 14 14 18
991WWoA9LEGi0O8X4kd1LML9RM-8,9,plain,none,mixed,1 4 5 7 8 10 10 10 26
991WD9Bki0YE4Wq2cYP6bd95gWi8,9,distinct,none,distinct,1 3 5 6 7 10 14 17 18
991W40cQm5M314G956XBIxEIdVKq,9,plain,none,mixed,2 3 4 7 7 8 12 17 21
991WG444f20q91K2SM4X5nWOHqR5,9,plain,none,mixed,1 1 4 4 4 14 15 16 22
991WL0XmOeC7NmeI71JIecMYA102,9,plain,none,mixed,1 2 2 7 7 12 14 17 19
991W2ZOQJiibqK4KKanxjn38DGqG,9,plain,none,mixed,1 7 7 7 8 9 10 14 18
991W98Wer8hi258Y2-VQTqIs6X0G,9,plain,none,mixed,2 3 5 7 11 12 13 14 14
991WAXv28dOQ3iOD4H9fqPLQX040,9,plain,none,mixed,2 3 3 4 6 13 15 17 18
991WGa4pA1GGE7MG0m9157nAKV5I,9,plain,none,mixed,1 1 3 7 9 10 14 14 22
991W1mY8JX8P5VO8OY4I4HYTAea3,9,plain,none,mixed,1 1 4 5 7 12 16 17 18
991WD2928TYdG2X450Xtc10BXYes,9,plain,none,mixed,1 1 2 7 7 11 12 18 22
991W8a0AAQYBMA2W50xCPc8O6FJ8,9,plain,none,mixed,2 2 4 6 8 9 15 16 19
991W4Ghy4N1HE2HGS50jKAC7PEHO,9,distinct,none,distinct,1 3 4 7 9 11 12 13 21
991WIIWG22OUSJ1G10I3NNWaC2IY,9,plain,none,mixed,1 2 2 5 7 12 13 17 22
991WG20eImiYY8H27HceJ4mc9IWW,9,plain,none,mixed,2 2 2 8 10 10 13 17 17
991WH3neM8KK6HGc41Z8QPH65HGA,9,plain,none,mixed,1 4 6 6 6 8 9 16 25
991W0Gug4Xv8LC0GQcjj3IQIJ8I4,9,plain,none,mixed,1 1 3 4 5 11 15 17 24
991W8PeS5WSBZOqyHC71G94uP901,9,plain,none,mixed,1 4 4 5 7 9 11 12 28
991W30eISeY8Lfb21H8r9LQJbG81,9,plain,none,mixed,1 1 6 6 7 8 12 18 22
991WY0GNvr4fI20HaY8SFqR864W5,9,plain,none,mixed,1 1 2 8 10 13 13 16 17
991W4YQPo1J94Ge154Xy_0fzfMSC,9,plain,none,mixed,1 4 4 9 9 9 12 15 18
991WGtgsI0WSYnk967-FBuHf9OG0,9,plain,none,mixed,1 5 5 7 9 10 10 15 19
991WH0nKCcmqIrD8KL6iaD-4D044,9,plain,none,mixed,2 4 6 9 9 10 11 11 19
991WMYaX8hL0PGI80ngKob8J7AmI,9,plain,none,mixed,1 2 3 8 9 11 15 16 16
991W0eWOV1KB4X1mq10X44wQiZmW,9,plain,none,mixed,1 1 1 4 7 11 17 18 21
991WAIKaKgUwE3H4110n8HYMB31e,9,plain,none,mixed,2 3 8 8 10 12 12 13 13
991WH8GYH67XZqj8ICPmH4H2T1C1,9,distinct,none,distinct,1 3 6 7 8 9 12 15 20
991W4MNNbEVn4H8cG2IGrOY8IJ82,9,plain,none,mixed,1 4 7 7 8 11 11 15 17
991W0e3-SVWXG6nea2X624WoKR6T,9,plain,none,mixed,1 2 2 5 5 7 13 23 23
991W6UGK4X4IS1WeH8H6nGQ491YG,9,plain,none,mixed,1 1 3 6 10 11 16 16 17
991W8fAEHoWAT4jQm20KYaqwJ18X,9,plain,none,mixed,1 1 3 7 8 10 16 17 18
991W4ZBawZ4S_ma4H194oXGvKZGf,9,plain,none,mixed,1 3 9 9 9 11 12 13 14
991W2c5Au7WYWa5Y42QDwF18IADY,9,plain,none,mixed,1 3 3 6 9 10 11 17 21
991W8ig0T1WGkDy1f66If8rIOI8X,9,plain,none,mixed,1 2 2 4 6 14 15 18 19
991W1GK4J1m-gAWeAomS40Ga10X8,9,plain,none,mixed,1 2 3 4 7 13 14 14 23
991WPfAaT6TbC8Wb4BC7q2Obo105,9,plain,none,mixed,1 1 6 9 10 11 13 14 16
991WGi93ObvOs2Wb1C8m4WWH240X,9,plain,none,mixed,1 1 1 5 7 12 13 20 21
991W2af7GS8Sy9DI50sAZ8X4A58X,9,plain,none,mixed,3 4 5 5 6 7 12 19 20
991W96Wx8QOY412GYP1GD52mA5H4,9,plain,none,mixed,1 4 6 6 8 9 9 16 22
991W9g9k98IAAabmW5m-AIb8g081,9,plain,none,mixed,1 1 6 9 10 10 12 15 17
991Wq50W4X46929Ye21XP2mi9XWG,9,plain,none,mixed,1 1 4 6 8 10 11 18 22
991Ww28bQNJS40K9AAG060gtmK4I,9,plain,none,mixed,1 1 2 3 5 8 14 19 28
991WGI0uAr8fSH8a0WAS8tuI4ogG,9,plain,none,mixed,1 1 6 7 8 10 10 18 20
991WGC90CUaYK2iaa4YsefIFZabo,9,plain,none,mixed,1 3 6 7 9 9 13 14 19
991W51Sf8aacJJ4Y20WUKH9ied-4,9,plain,none,mixed,4 4 4 7 9 10 11 16 16
991WeXCf690K2WaAY10Gy1nCH8CY,9,distinct,none,distinct,1 2 3 4 7 10 14 18 22
991WW4ZRiO43yGWC7C8a4aQbfCYI,9,plain,none,mixed,1 1 3 5 8 12 12 14 25
991W95W9dcf3K9108nB9KQISB0Xa,9,plain,none,mixed,1 1 3 5 7 15 15 16 18
991W71GI65GngTia514A1OuxOW49,9,plain,none,mixed,1 3 4 5 8 9 9 19 23
991WIqH9jAcyAImW120W723nNjuY,9,plain,none,mixed,1 1 7 8 9 11 11 15 18
991W1GZWl9AK0Ge994GaT52Y7XUG,9,plain,none,mixed,1 1 3 5 9 9 13 16 24
991WI4J2PHCa2fA5O28IBZUnR34e,9,plain,none,mixed,1 2 5 8 9 9 13 15 19
991W39HKYZnDYHqiWdGO2V96CG48,9,plain,none,mixed,2 3 3 6 6 10 15 15 21
991W40c9TKP721Of94HWKV8t8ZM8,9,plain,none,mixed,2 4 4 6 10 11 11 12 21
991W1mRAJ9Af50yfCLK521v6DGw0,9,plain,none,mixed,1 2 3 3 5 11 15 17 24
991W26Az4o8XyfOKeSI2D42WuXz3,9,plain,none,mixed,2 3 4 7 9 9 11 16 20
991WKZ5pSdI4I896G4-860WE4y0W,9,plain,none,mixed,1 1 4 5 8 12 15 17 18
991W1086KR2ih9C0CJ4n8oeemY4J,9,distinct,none,distinct,1 2 4 7 8 9 14 17 19
991WX0SHHnE8YoGoc18oCLXMfKg4,9,plain,none,mixed,1 1 4 8 8 11 13 17 18
991WX2GO20KIua940eQ2H2XOYOoK,9,plain,none,mixed,1 3 3 4 7 9 13 16 25
991WB2WH8Kkm44SK2GqNQmpKLaqE,9,distinct,none,distinct,1 4 5 7 8 10 12 15 19
991WfRsuJ0mg4Ge453G4B8vX61TH,9,plain,none,mixed,2 2 5 6 8 11 13 15 19
991W6gpaZ4H820m1b4Gmy70fWmC3,9,plain,none,mixed,1 3 3 3 6 7 9 23 26
991W60aGdCH8X4gWA0yI4zEiWeD3,9,plain,none,mixed,1 2 2 5 5 6 17 21 22
991W90mOaJJKp80BA1CPcUL2414W,9,plain,none,mixed,1 1 1 4 6 8 15 19 26
991Wc9X4ScHf99IO0a1aKY9lE0W4,9,plain,none,mixed,2 3 3 6 7 11 13 17 19
991WC1WOLAwYq10HC384b9Gi310H,9,plain,none,mixed,1 1 2 5 6 13 17 18 18
991W6DW8eI5M26YEO95UPMqe9IWG,9,plain,none,mixed,1 2 5 7 8 13 13 16 16
991WY9EWL5OQ20aKX2GCRA6haaQ5,9,distinct,none,distinct,1 2 5 6 8 10 13 17 19
991W82c8StS88C1O8c5AfAq86238,9,plain,none,mixed,1 1 1 3 7 8 15 20 25
991W25IEI9B2u2540dADYLd9ALLM,9,plain,none,mixed,4 4 4 6 8 10 14 15 16
991We410DJQhpVqaY06a8Yaf3H4e,9,plain,none,mixed,1 4 4 4 6 8 15 16 23
991W31Ie6YwjQB1mG2yeKQ9872Ge,9,plain,none,mixed,1 1 6 6 8 11 13 16 19
991WGgPK9X0HCYOA0yDZzOE2KIGe,9,plain,none,mixed,2 3 5 6 7 8 8 19 23
991W8ZdqCn49AeWCGI92L8n38fHW,9,plain,none,mixed,1 2 3 7 11 12 12 15 18
991WO420nRM2A3ma07oC4GeF92We,9,plain,none,mixed,1 1 1 2 4 12 14 17 29
991W0TWeB1UnKn0On4YEyZEYYfG2,9,plain,none,mixed,1 1 2 10 11 12 12 16 16
991W23Sq6Z55oC940WK8i2YUjqIO,9,plain,none,mixed,1 2 2 3 5 10 14 17 27
991W4Xnzh8cPOKYG32bCFXU0CB32,9,plain,none,mixed,1 2 7 7 8 8 12 13 23
991WH928XJ1GAaH1KA0kClQs1GCo,9,distinct,none,distinct,1 2 3 5 6 10 11 17 26
991WG81omgf8i10H6EOQT1G824X9,9,plain,none,mixed,1 1 1 6 6 7 15 18 26
991WA0naQ0Yg50eaA2HKsT-e3mW8,9,plain,none,mixed,2 2 6 9 9 10 10 15 18
991W1iIKLKWsKf04WQ9SM2Kz28Ao,9,plain,none,mixed,1 2 6 7 12 12 12 12 17
991W1IjJ32J_H8A8AYP8bFYbXoW4,9,plain,none,mixed,2 3 4 6 10 11 13 16 16
991W0e52mYcMmiHGAD6LZOsLcaZG,9,plain,none,mixed,1 2 5 9 9 10 11 13 21
991W04UuqzpgzK0PYC9ZIJP3dMMI,9,plain,none,mixed,3 5 6 7 7 8 15 15 15
991W51aYP0mCSg7192OLGaJGvE8W,9,plain,none,mixed,3 3 4 4 6 12 13 16 20
991W004YD0m9jNWGHa91D3KYB6oY,9,plain,none,mixed,1 1 3 8 8 9 11 19 21
991W4afE2OaGAX44EYA2X8yZGYGF,9,plain,none,mixed,1 1 6 8 8 9 12 14 22
991WW8BkK3831188C50mI7DID9kN,9,plain,none,mixed,2 3 3 3 5 10 11 16 28
991WgAwWe20nDYb940012GD2n4P8,9,plain,none,mixed,1 3 4 4 5 7 7 22 28
991W69QO_7H38KfIW10d2nBXYKP8,9,plain,none,mixed,2 5 6 6 6 12 13 14 17
991W6AGYADVGR4f3n10JXHciTWmL,9,plain,none,mixed,1 1 6 8 8 12 14 15 16
991WA38mBCf8Z3mW21OI4h4y2T7H,9,distinct,none,distinct,1 2 6 9 10 11 12 13 17
991WI2WaI99BLZ0ea9Wsb9ra0XWK,9,plain,none,mixed,2 3 5 6 8 11 11 14 21
991W4V2820mXIer1f8T4Z4m94XQO,9,plain,none,mixed,1 2 5 5 5 11 15 18 19
991W4AfgyZ70KL8ag5HDZ261WH8S,9,plain,none,mixed,1 4 6 6 7 7 8 17 25
991W8C1AJYyinP3GG8IN1mHCOWeK,9,plain,none,mixed,1 2 4 4 5 8 14 15 28
991Wq2mH2H5eOQ980OC9p7o1GK8i,9,plain,none,mixed,1 2 2 2 4 7 11 24 28
991W21FvIIXGauk584HOACf1GSHG,9,plain,none,mixed,1 2 4 7 8 11 11 14 23
991W30Io9H0Gw2aG9494LMNWK30J,9,plain,none,mixed,1 1 4 5 9 9 12 14 26
991W2daXJ32228YmnCfwYrCa59Wu,9,distinct,none,distinct,1 2 4 6 7 9 15 18 19
991W2XLK4WeQc4WcOcG71fY5PU0W,9,plain,none,mixed,1 2 4 6 8 8 11 16 25
991WO74uAoeOA1um821WBuZ9ok6H,9,plain,none,mixed,1 2 7 8 9 10 10 14 20
991WIKuA4mmKB2iAOM4X93o2K98X,9,plain,none,mixed,3 4 4 6 9 10 11 15 19
991W5YHKB6ed20I46HXeX6HEa0GC,9,plain,none,mixed,1 1 1 2 13 14 14 16 19
991W5DJKMnWR4a20i162WaHa91ec,9,plain,none,mixed,2 3 4 5 8 10 10 18 21
991WCJ4I44zKKeYB4X8GK3eYDaaG,9,plain,none,mixed,1 2 2 6 11 14 14 15 16
991WX0eM3PHeCJqeaWe637NA4R64,9,plain,none,mixed,1 4 6 6 7 7 8 19 23
991WWdEp8o1GHyWY0k6fA8I7WrI2,9,plain,none,mixed,2 3 3 4 7 8 13 15 26
991W2WK3YRrWAbN880a650-qRucA,9,plain,none,mixed,1 2 4 7 9 10 10 12 26
991W4H9C9XOgeW64HK8Y64WiPOk8,9,plain,none,mixed,1 1 4 8 8 9 14 16 20
991WaHyi6DGCq71829QAwOqqX4G4,9,plain,none,mixed,1 3 4 7 7 14 14 15 16
991WgQWaQnCj4aXCO20I3XXdAWoW,9,plain,none,mixed,1 1 2 6 8 12 12 13 26
991WHXWhHnvHQk8L4X6ioPGgaqqG,9,plain,none,mixed,1 2 7 8 10 10 11 15 17
991W0Yank61bexK8INnaWT8ZBgWf,9,plain,none,mixed,3 4 4 4 6 9 11 18 22
991WB0dv8Ju3WqIOfCEWI349af98,9,plain,none,mixed,1 3 4 4 6 9 10 15 29
991W0IAi5H04Hpp8nAMYOKefKfIY,9,plain,none,mixed,1 1 5 7 8 10 13 15 21
991W1GaAX2WIQW64AneS6XQuAKT4,9,plain,none,mixed,1 2 4 6 7 8 11 21 21
991WGY939oIuIKA130di51WQ8XD4,9,plain,none,mixed,1 4 4 6 7 13 13 16 17
991W61kZbOna8xS44qX4ALgIj364,9,plain,none,mixed,1 2 2 6 10 11 15 16 18
991W2H9YYWGf-8c6aAJ2x2gPa84E,9,plain,none,mixed,1 3 3 3 7 11 14 18 21
991WWC5XVrSM0G82I8X0C2GK90-1,9,plain,none,mixed,1 2 2 3 5 7 9 22 30
991WB2SdIQ368WqZ21GijxS4AuOK,9,plain,none,mixed,2 3 4 6 8 10 12 12 24
991WIIXG9ACbD6O16WBX1MCZ7XMG,9,plain,none,mixed,1 1 3 4 8 11 15 19 19
991WDJWqM3LSQdIa8I0v11lX5X28,9,plain,none,mixed,1 1 6 7 9 10 13 13 21
991WWDWHA2KcAK4Y0qE3gAXUGazm,9,plain,none,mixed,1 2 3 5 7 13 15 15 20
991WI78L7Q0aXWO1CYnik2YOmKLK,9,plain,none,mixed,2 5 5 6 6 9 10 16 22
991WM5YBZ4b394IK1LG71KIClDIW,9,distinct,none,distinct,1 2 4 8 9 10 12 15 20
991WOK4G6LZe2AWc2GRIN2GX8I1G,9,plain,none,mixed,1 1 2 4 5 15 15 17 21
991W8E38JqwUcOPAA8iYOceZ12OG,9,plain,none,mixed,2 5 6 8 9 9 10 12 20
991W28p4HqCY8oFfe258G421aQI8,9,distinct,none,distinct,1 2 4 5 7 9 10 15 28
991WX24SH1QQB4T138YwVc8erSe8,9,plain,none,mixed,1 1 8 9 10 11 12 14 15
991WG2OxP-ac452C2XkXHIHTe1n4,9,plain,none,mixed,1 1 3 5 11 11 12 15 22
991W64XrH7IKb7qIY88fKk8XGK4Y,9,plain,none,mixed,1 3 4 8 9 11 13 16 16
991W229YeIG84t1G421YoSp8q3OW,9,plain,none,mixed,1 1 3 4 8 11 12 19 22
991WO5PVAWm21CmHKL8neK4gdI50,9,plain,none,mixed,4 5 5 5 5 5 12 15 25
991W2WaGSAYNEL8431Gd6LGE1uX6,9,plain,none,mixed,1 1 3 4 9 9 15 18 21
991WM3YP2J7fnI4aGYYcS5W40mD1,9,plain,none,mixed,2 3 3 6 8 8 13 15 23
991W1JmCJqWeD_1eeQA8GOSI52AK,9,plain,none,mixed,1 2 3 10 10 11 12 13 19
991W9gaNX4IQ212Wn3qbPGh4JAGa,9,distinct,none,distinct,1 2 4 5 9 11 13 15 21
991W4Gm865jU2C8G5HO51Q5BXv69,9,plain,none,mixed,1 4 5 5 5 10 14 15 22
991W0IoaI47XOvAYI2OeXuHqb9A2,9,distinct,none,distinct,1 4 5 6 7 11 13 14 20
991Wf4Wn31XuzEuM0OJ997EK8Y10,9,plain,none,mixed,2 2 3 7 7 9 12 19 20
991W4YWO56871nA04H49sIggc1CP,9,plain,none,mixed,1 4 4 6 6 13 13 16 18
991WI4b6fDXNuQB090fnH51O94l1,9,distinct,none,distinct,1 3 5 6 8 9 14 15 20
991WnS74n3SZANYW404I2X4KpD12,9,plain,none,mixed,2 2 3 4 9 10 16 16 19
991W94MBePGCCJ4e44Y8FYr457I1,9,plain,none,mixed,1 1 3 7 11 12 15 15 16
991W89bezpVu-1jIebW3oM68e8fX,9,plain,none,mixed,2 3 4 4 8 10 16 16 18
991WGZHKk8I7B1p412NaaX4sY0G8,9,plain,none,mixed,1 1 4 10 10 11 13 15 16
991W10KCNx3OK320D2ax8HX452JK,9,distinct,none,distinct,1 2 4 7 8 10 12 18 19
991W93mK6f3WuY4Y40e2I91mC1SK,9,plain,none,mixed,2 2 4 5 5 9 11 19 24
991W51CAj1Z8c4GK4YWd5tmIe430,9,plain,none,mixed,1 1 4 7 9 10 11 15 23
991W4cHyKA0TA0UY4WkRf7WscHeL,9,plain,none,mixed,1 2 3 8 8 12 13 14 20
991W2X87B2ZO-0EG2G8C8kbZCp9H,9,plain,none,mixed,1 4 5 6 6 7 14 15 23
991WDEH3Pwo9Hd9GG9HXYWeMQ1r1,9,plain,none,mixed,1 3 5 8 11 12 13 13 15
991W8DY5gPfIbb544AvWq8rj2X93,9,plain,none,mixed,1 4 8 8 8 9 10 16 17
991W1XEIRgqebR0QGZqDAewZ3Hp2,9,distinct,none,distinct,1 2 6 7 8 10 14 16 17
991WS10GAKPUa0GC1WIOA2OR110m,9,plain,none,mixed,1 1 1 1 7 16 16 18 20
991W82LI7cXqZYG98YHOLmiirOF2,9,plain,none,mixed,1 1 5 7 8 11 15 16 17
991Wf71mS32e3nO8380GH8-C2GqB,9,plain,none,mixed,1 3 4 5 5 7 7 23 26
991WZ38H8UBaf0UG0fMHOuC3YL91,9,plain,none,mixed,2 3 5 5 6 11 12 14 23
991W20nZffga4YKe9Y927WXHxi2Z,9,distinct,none,distinct,1 3 4 5 6 12 14 16 20
991W1Lw8I4WaZc9YbFA8XaQCHe00,9,plain,none,mixed,1 3 5 5 7 9 11 15 25
991W50yH7ABgJKe80HKO7DmXTxGI,9,plain,none,mixed,2 3 5 8 9 9 10 12 23
991WK51Oh6zC2X4CD2GGA4ia3HC8,9,distinct,none,distinct,1 3 5 6 7 10 12 18 19
991W414DYX0WY5b1CWG63bTICYB0,9,plain,none,mixed,1 1 1 3 8 11 11 20 25
991WBY8XyHG8JZx052KJ8XcK6LmC,9,plain,none,mixed,1 1 6 8 9 11 14 15 16
991WmgZHjH9iXm4oGXJuJGp8-cKG,9,plain,none,mixed,1 2 2 6 8 12 12 16 22
991W9A6yuY0WCXy78fAYH252e9PK,9,plain,none,mixed,2 4 4 5 5 11 12 14 24
991WBIuK52082XHa2WeBMnXIGeG4,9,plain,none,mixed,1 2 3 6 8 8 15 17 21
991W2nGD4V50c2vC41uJ2km8ggb1,9,plain,none,mixed,1 1 4 6 6 9 13 19 22
991W8Ioin2uoX912L2KK92kRZP0G,9,distinct,none,distinct,1 2 4 7 9 11 14 16 17
991W8Ga5cl-ZgCJ802WohAHl5324,9,plain,none,mixed,1 5 6 7 7 9 13 13 20
991WOYH4K8XL1WO4fBn823maYGmC,9,distinct,none,distinct,1 2 4 5 6 7 17 19 20
991WH2WZeI5AGaJ88H2O20Z5HYfY,9,plain,none,mixed,1 1 6 7 8 10 11 15 22
991W8XyTgDWS0WCI42Wmi2M99MA1,9,plain,none,mixed,3 3 3 3 4 9 12 18 26
991W610mDRHaeIA050y3G9WO92SJ,9,plain,none,mixed,1 2 2 3 5 9 17 19 23
991W10CNq1qU4B0WKs9IKIGmv2YG,9,plain,none,mixed,1 1 5 5 7 12 14 15 21
991WQ14G4AX920yA31IOa129Yef5,9,plain,none,mixed,1 3 3 4 5 9 15 20 21
991WE3sXH2b617W8GI4UPIP-jBWm,9,plain,none,mixed,2 3 4 7 7 9 14 17 18
991WYSeY433f1GbML5YLwSW70A4e,9,plain,none,mixed,2 2 5 5 5 5 11 18 28
991W52HCcXOP7vGO4o1We1HBF088,9,plain,none,mixed,1 1 4 6 9 10 10 18 22
991WA4pO4jIuoGK8H3BCH2ZB4I4a,9,plain,none,mixed,1 4 6 6 6 12 14 16 16
991W2HIO49D8UoqeS0W21Av4Xva4,9,plain,none,mixed,1 1 1 5 6 9 11 23 24
991Wag5IJ2KtaP0W4rGKoIWO9CWI,9,distinct,none,distinct,1 3 6 7 10 11 12 13 18
991W2OaE5qHGU4LGm00L5pmQGH5Y,9,plain,none,mixed,1 1 2 2 6 12 12 17 28
991W4KP5iSO-30aA90pyp7HuWbU4,9,plain,none,mixed,1 1 5 7 10 11 15 15 16
991W40Z8DL8I7X0HP4Gy7A94Sc1H,9,plain,none,mixed,1 1 2 9 10 12 13 15 18
991WWN8I2tIME0v27PLCaZ0L6fGa,9,plain,none,mixed,1 2 6 6 7 10 14 16 19
991W21uGYj1Ga9DW83qeAP3WO9EG,9,plain,none,mixed,1 1 1 5 8 9 13 16 27
991W8cJSfEZBqCHG246mI2zRY8I8,9,plain,none,mixed,2 5 7 8 8 9 12 14 16
991W10OdH2SP4H2GKL1m20m8Y31Y,9,plain,none,mixed,1 1 1 5 6 9 18 18 22
991W548cTZcgT178A2NIf0qKnXe1,9,plain,none,mixed,1 4 7 8 10 10 12 13 16
991WaCT1GI6Ljb0e0aoVZ8E2I8uI,9,plain,none,mixed,3 4 4 5 7 9 11 12 26
991W9qGbG4wkqWWW61hq7Hi6CgX8,9,plain,none,mixed,1 2 6 7 7 10 12 14 22
991W2KGcM2GmK50IXOLs4YYuG26X,9,distinct,none,distinct,1 2 4 6 7 8 13 14 26
991W3EHKb7AJ20LWT8WnwSL34GKA,9,plain,none,mixed,1 1 4 7 9 10 15 17 17
991WKJ0vn5HeLPcK81Am760l92J1,9,plain,none,mixed,1 1 8 9 9 11 12 13 17
991W42WVDtf1GYAG8I0ooQWmK1r1,9,plain,none,mixed,1 2 3 3 9 12 13 15 23
991W5HGKAIukOnCI1WO4CZ04iA4K,9,plain,none,mixed,2 2 2 4 8 9 16 17 21
991Wq20aAXacAXL82Oa8cWiqUrb2,9,plain,none,mixed,1 2 2 8 10 12 13 16 17
991W51WBC61aUOS86He4CcJ3JYr8,9,distinct,none,distinct,1 2 3 5 8 10 12 18 22
991WG8dI8zZ8CDq4CeLoL2toyP7Y,9,plain,none,mixed,1 4 4 6 7 11 11 17 20
991WYRxbqWbPmM9G0XHAgLM1OR94,9,plain,none,mixed,3 4 5 5 5 8 9 16 26
991W41l8K2H1cXNGI2zQIhnQGOTC,9,plain,none,mixed,1 1 6 8 9 9 10 11 26
991W29LBaOaw18WuXcqD2VGgx8X8,9,distinct,none,distinct,1 3 4 8 9 10 13 14 19
991WILGfAg4C40W360X86DuDoVW9,9,plain,none,mixed,1 1 1 8 9 12 13 15 21
991WQ0eav1Ger59H91AaM5GSGe61,9,plain,none,mixed,1 1 5 9 10 10 12 13 20
991WKM0d5FuYyE0Z50bKgfICrA50,9,plain,none,mixed,1 3 4 7 7 7 13 14 25
991W169kQQD3S5XX2XAC8oPLjIa4,9,plain,none,mixed,4 4 5 6 9 10 11 12 20
991W4ITKgZGqsAZ8521df59aa62W,9,plain,none,mixed,1 3 6 7 10 10 12 12 20
991W2nEL8nuGyF0mH2KYD8WGQ20G,9,plain,none,mixed,2 3 4 4 6 12 13 13 24
991WX4Xo98eB620aY90mGoVrP10S,9,plain,none,mixed,1 1 1 3 8 12 16 16 23
991WmO5Qy70L30uA9DGC94GbAaW4,9,plain,none,mixed,1 2 3 5 9 9 15 18 19
991W49AHqj9nYF2J2AQ9XWeC3Et0,9,distinct,none,distinct,1 2 5 7 8 10 11 18 19
991WYuW838oYGK9eK0G520W9AQOa,9,plain,none,mixed,1 1 2 7 8 8 13 17 24
991W0x6icg1884v8Yaf4launKk4X,9,plain,none,mixed,1 4 4 5 7 10 11 14 25
991WA2Cw96UxGJCa20mI94klfZ7Y,9,plain,none,mixed,1 7 7 8 9 9 9 14 17
991W4XqTaX8SL4HCD0G20eWbo620,9,plain,none,mixed,1 1 4 5 6 10 11 18 25
991WYb9ogSX8oCIa1AmJGgA2W20G,9,plain,none,mixed,2 3 4 7 7 9 10 12 27
991WYB1GnDGH95Y084aozgKc30mC,9,plain,none,mixed,1 1 4 6 8 10 14 17 20
991W2YOO20KD52I2WeE3GoNPIGWK,9,plain,none,mixed,2 3 4 6 6 9 10 14 27
991W90m9G2mK50oa8I0mkRDuP6G4,9,plain,none,mixed,1 1 3 4 9 10 13 20 20
991W0m82fDZsK2GA42GsEoCw9GY8,9,plain,none,mixed,1 3 3 4 5 12 13 18 22
991W0WK7q76qaf3842qC42CYpYYm,9,plain,none,mixed,1 2 2 5 7 11 15 15 23
991WaIY69iIYYYgG0_7v3ez9GHYO,9,plain,none,mixed,1 1 5 10 11 11 12 13 17
991W4HungKPH838e810KHUgRKyWK,9,plain,none,mixed,1 5 5 5 9 11 13 14 18
991W80YqC5M6WL8Q8qbIajbO92um,9,distinct,none,distinct,1 2 6 8 9 10 11 13 21
991W10mqKw5qYTWW2HqcKote93GA,9,plain,none,mixed,1 1 4 5 6 11 15 19 19
991WY584Zr8B7o728P19IfoYr2iG,9,distinct,none,distinct,1 2 6 7 8 11 12 16 18
991WYamw9Wy82DqHKj4IGY4HwYem,9,plain,none,mixed,2 3 3 6 7 7 13 14 26
991W82m_KGBh2kGC5XasMok18bGO,9,plain,none,mixed,1 3 3 7 9 9 11 15 23
991WY4S5v3OF54R8OT0Y2XIPKeKf,9,plain,none,mixed,1 3 5 7 8 9 10 19 19
991WY628KqGwCGeY8E2OKskalAAM,9,plain,none,mixed,1 4 4 4 7 11 15 17 18
991WE5U9p90G2150IXBZOpRGOA0Z,9,plain,none,mixed,1 3 3 5 6 7 13 15 28
991W2JeqM0WeN5g85HGbYLnaGe41,9,distinct,none,distinct,1 3 5 6 7 10 12 14 23
991W91EIM14XWf0GKpG4Y28oibIC,9,plain,none,mixed,1 1 3 4 8 9 12 20 23
991WY4QTxI8IqI615UCLBaIKX5GW,9,distinct,none,distinct,1 5 6 7 8 9 14 15 16
991W60XoWu_-218L52X4ACPIHo48,9,plain,none,mixed,1 2 2 5 12 13 13 15 18
991W91KQ54map8mo10CTa55k8K20,9,plain,none,mixed,1 4 4 5 5 7 14 20 21
991W4Y9OH9gCGY51J50tz0nqJ1OK,9,plain,none,mixed,1 4 5 5 9 13 14 14 16
991Wa4uaB3H0Q4af18HB39peW412,9,plain,none,mixed,1 2 3 7 7 7 12 14 28
991WIJbQ6H22EK20gAL6WbmE3c8M,9,plain,none,mixed,1 2 2 5 7 9 16 18 21
991WCKbarbGaHBWCC2FD8ebBK60W,9,plain,none,mixed,1 1 6 7 7 11 15 15 18
991We40XP6W86LOa2OdY2mmQAIfC,9,plain,none,mixed,2 5 6 6 8 8 10 13 23
991WJag8X8Jb9oH414m910GaX498,9,plain,none,mixed,1 1 4 8 9 9 10 16 23
991W6HWeQ5bLi4XE10OqGX881GIG,9,plain,none,mixed,1 1 1 5 8 11 17 17 20
991WGmmqu6uJegGM5269tV0eamI8,9,plain,none,mixed,1 1 6 8 8 11 13 15 18
991W0WWVtef9MJp88IWJ4KIPoY98,9,plain,none,mixed,1 4 5 9 9 10 12 13 18
991WKomA2sDb4KX85XQ2Lj02pgO8,9,plain,none,mixed,1 4 4 4 4 8 10 21 25
991WDVM9w8XMC6aI8ffbK1z420Kc,9,plain,none,mixed,2 3 3 6 8 12 12 16 19
991WPOif8cG1mFAI5DH9eg10sAe6,9,distinct,none,distinct,2 3 4 5 6 7 9 10 35
991WE1gyJ5Wqs1GP8aHkeX0VGO60,9,plain,none,mixed,1 3 7 8 9 9 10 11 23
991WWCAALpWKb8fA5B5GI78O8j3W,9,plain,none,mixed,2 3 4 5 8 9 16 17 17
991WWoH91Gfh50WO9AJ8H4ToX1Z4,9,plain,none,mixed,1 1 5 6 9 12 14 15 18
991WGAKI0XWEnRGWHOA4HZqr-CI2,9,plain,none,mixed,1 2 2 3 11 13 13 13 23
991WKemd45oOg5HaK9u4PyXQe40W,9,plain,none,mixed,1 3 4 5 7 8 8 18 27
991WKcIeQ6qjAVAK868Pa19GXGOG,9,plain,none,mixed,1 5 6 8 10 10 11 13 17
991WP4IQ4YAeo40XA4A74a9eQ0W9,9,plain,none,mixed,1 1 2 5 7 12 13 20 20
991WDQWX498EmkWXd4bEB8HBnz4m,9,plain,none,mixed,1 2 5 6 8 11 11 13 24
991WaCX59W8fG1CaM1Y-XuHC7IPD,9,plain,none,mixed,1 2 4 8 9 12 12 14 19
991W0kmR8_oyOWu8n5IAP326tHX8,9,plain,none,mixed,1 4 5 7 11 11 11 12 19
991WAJc1Wc8G5WO6A5XGY4wEZA00,9,plain,none,mixed,2 3 3 3 3 7 18 21 21
991W4WQBIcHuWdAKGoOH1eZSXJ1G,9,plain,none,mixed,1 3 3 5 6 8 15 19 21
991W90uc9o2GGaA22WS4xEGaL92W,9,plain,none,mixed,2 3 3 4 5 7 16 20 21
991Wa59Opm8836ma8f810sCSAD3W,9,plain,none,mixed,1 2 2 5 5 6 14 16 30
991W31UOajMw4CZ8G1OC18Pey9n4,9,plain,none,mixed,1 2 3 4 10 10 16 17 18
991W91ZLgmN7138q54mabZJ4EoH4,9,plain,none,mixed,1 2 4 4 9 9 13 17 22
991WKM8OMMbXWK9QO6Q4M8dWuA84,9,plain,none,mixed,1 4 4 5 9 10 10 11 27
991WAcc1QekFOH0S4dQGPcG91B0Y,9,plain,none,mixed,1 4 4 4 5 8 17 19 19
991WF0e64WbAecHY0WGEY3XaXrf2,9,plain,none,mixed,1 2 5 5 6 9 12 14 27
991W99XecniCEKGIr2H7vGgC2o8C,9,plain,none,mixed,1 1 6 8 9 9 14 16 17
991W2XCZeI9x890eD2ShIeK823I8,9,plain,none,mixed,1 4 5 6 7 8 12 19 19
991WAaPUSSx2R2BX116I95IgDZ40,9,plain,none,mixed,1 4 6 9 10 11 11 12 17
991W9Y518fAOKKYW4HLm4GSCZAH2,9,plain,none,mixed,1 1 3 6 10 11 13 14 22
991W5GYDSY6086b9S1mk4Q52eh98,9,plain,none,mixed,1 2 4 4 6 9 12 16 27
991W8L5lpqzf1c5X812coaeEG0v0,9,plain,none,mixed,2 2 3 8 8 9 15 17 17
991W8OPQveM1WYA64UAI8K5Xg9mG,9,plain,none,mixed,1 3 3 7 7 8 11 13 28
991WX4WHGXmMzKOgX89rSXZHK7uO,9,plain,none,mixed,1 1 6 7 9 10 12 17 18
991W4a4HLQn821PK5Gtuu1888g5H,9,plain,none,mixed,2 2 3 3 4 14 16 18 19
991W0qHs1G8as70WYuqgHI8at2IK,9,plain,none,mixed,1 3 4 7 7 8 14 15 22
991W95VJwnGa3nCW55IKARA4Le4K,9,plain,none,mixed,1 2 7 7 8 9 11 12 24
991W424oD8Z5kM6Y0XaMn38y8478,9,distinct,none,distinct,1 2 3 5 6 11 13 16 24
991We4oHKpD7XaH24FQuA4Y8GM96,9,plain,none,mixed,2 3 4 5 6 10 15 18 18
991W4eYHD114iKcKW2Sk6E-iaH5q,9,distinct,none,distinct,1 2 3 5 11 12 13 15 19
991W6IQCBE3GBefAH3Csw6IJHO00,9,plain,none,mixed,2 3 4 6 6 8 11 12 29
991W40Y8R6tLo3eiI28W6fKe1GOQ,9,distinct,none,distinct,1 2 3 5 7 12 15 16 20
991W2avDHfKA4OaAbOuU7WOee7r0,9,plain,none,mixed,3 4 4 5 9 9 10 14 23
991W93D7E0eK52gE415nKkhXAf0m,9,distinct,none,distinct,1 4 5 6 9 11 12 15 18
991WE0aaH9bSf8WG8Jusq4LMI4YG,9,plain,none,mixed,1 2 7 7 9 11 12 16 16
991WAZG41x7RSeCgXPASGvKOc285,9,plain,none,mixed,2 3 3 3 6 10 12 17 25
991W1X1IoTAsm20WO58k99Ye9FZ8,9,distinct,none,distinct,2 3 4 5 7 10 12 15 23
991WGIgQ46b6oi2KD57GYDal8eWO,9,plain,none,mixed,1 2 3 6 6 10 11 17 25
991W7AmqsDCuCH0WIA288zes5WuI,9,plain,none,mixed,1 5 5 8 9 11 13 14 15
991W8hJ0rHcXf4WGcGTKMgEwJCpW,9,distinct,none,distinct,2 3 4 8 9 11 13 15 16
991Wa9td4NeTKaum22XNBbE6ALo4,9,distinct,none,distinct,2 4 6 8 9 10 11 12 19
991Wb8kYL6fJOWG812GIRDW9keHC,9,plain,none,mixed,1 4 4 9 9 9 12 13 20
991WC5Uab5mc7OL0Kb68R0eKYKM1,9,plain,none,mixed,2 3 5 5 5 10 14 15 22
991W8A2YaX7sDKeoc4HBA0S42bn2,9,plain,none,mixed,3 5 6 7 7 8 10 10 25
991W41OK416gWo522WeB36HeY4jK,9,plain,none,mixed,2 2 4 4 5 9 15 20 20
991W4Ch4mS5SK2WGYI63Wej4QAYO,9,plain,none,mixed,1 4 6 6 6 7 9 18 24
991W8s2GH22G7YnCB42nQYGX598I,9,plain,none,mixed,1 1 1 6 6 7 19 19 21
991We21LHaM5Kcj128pY8KT4C2LI,9,plain,none,mixed,1 2 2 5 7 10 16 19 19
991W30eOA2nu2LIC2Wi4A4TSnaP0,9,plain,none,mixed,1 3 3 5 6 6 14 21 22
991W93EP4H08aQAI9492WqmWe6AK,9,plain,none,mixed,3 3 4 5 5 7 9 20 25
991W8XZr4mS62IJaG250efBKiWv8,9,plain,none,mixed,1 3 4 6 9 9 10 11 28
991WH1gLIwMELXH2K2IJYsoKuvZ0,9,plain,none,mixed,3 5 5 9 10 10 11 12 16
991W8h4KebbfKCa9eLD4k0uGSD06,9,distinct,none,distinct,1 2 5 8 10 11 12 15 17
991WeWeCYWJ4n30XA9gI4HAY-0W9,9,plain,none,mixed,1 2 2 3 8 12 16 18 19
991WIa8G165w31o41mPILZcoX4XO,9,plain,none,mixed,1 1 2 4 9 10 11 18 25
991WIfaqaWaH4auAKU5Y0ff18fH8,9,plain,none,mixed,3 3 3 4 7 8 11 17 25
991WGiqgi2mfK2WOKA1c4JUGIEWa,9,plain,none,mixed,1 3 5 5 8 12 13 17 17
991W2HGfbd54F6W4CW8LQjGtwFWG,9,plain,none,mixed,1 1 4 7 8 11 11 14 24
991W2GCj30GN4MGKGqD2OsYOnaeW,9,plain,none,mixed,2 2 3 4 5 12 14 17 22
991W04KQ5AgQDHC9qCmC4ajsWlMm,9,plain,none,mixed,2 3 3 6 7 9 14 14 23
991WgPcG414QLLPH8004X4m40GzG,9,plain,none,mixed,1 2 3 3 6 7 8 25 26
991W424Pbe0WeE4G9HePqaCZCoF2,9,plain,none,mixed,1 1 2 6 8 10 13 14 26
991W10G6g28ZU9YO52Oa9Y0qL2Ge,9,plain,none,mixed,1 4 7 8 8 8 13 13 19
991W694xA2L0O10IGeACqh1GI2cH,9,plain,none,mixed,1 2 3 5 9 10 10 16 25
991W0GAcj3WI52WgA5XO2Y0xJU1W,9,plain,none,mixed,2 2 3 4 4 12 14 19 21
991W4Hef6ucGOeA011OIT2oafD4f,9,plain,none,mixed,2 4 4 6 7 9 14 17 18
991W28d4U28IAKHWiX9IRL5t50J2,9,plain,none,mixed,1 2 4 6 10 12 12 15 19
991WJKwO1k6Aa0yGGZ1uU1ynOvq6,9,plain,none,mixed,1 1 3 6 7 14 15 17 17
991W42l79eHu5aAGeTZtMz9U584X,9,plain,none,mixed,1 4 6 7 9 11 11 15 17
991W0nGD5EKPA1IG4GWG7kcFfAHG,9,plain,none,mixed,1 1 5 6 8 9 14 16 21
991Wc2WOAf184GiJX1mGy1yY8X8K,9,distinct,none,distinct,1 2 3 5 6 14 15 16 19
991W8YWLgKXOw1WY4oKpHIhnaH1G,9,plain,none,mixed,2 3 5 7 8 8 11 18 19
991W61AK8ouu4WiHO20WB0UGw1Kc,9,plain,none,mixed,1 1 2 3 10 11 14 17 22
991WAOK52BaU0PGaKugA4mIeHaum,9,plain,none,mixed,1 3 4 5 6 10 10 20 22
991W9IWWK52GD2Y410afRaI710I4,9,plain,none,mixed,1 1 4 5 9 10 10 14 27
991WaKzCZaWf811G2BW91uGec6Ya,9,plain,none,mixed,1 2 6 7 8 8 12 18 19
991WS51OfGa71L2G814oiX9wIaPW,9,plain,none,mixed,1 3 5 5 8 10 14 14 21
991W4YDAENTfec8YGKSuo6WK3B14,9,plain,none,mixed,1 3 6 7 12 12 13 13 14
991WI9SM39GC65HIM822WZoM8O10,9,plain,none,mixed,1 3 3 4 6 7 8 21 28
991WC928a9Nu4P8I8eM9XN0S30uK,9,plain,none,mixed,1 5 5 5 5 11 13 15 21
991W50ui75eC2SG44n4AQi8IdaP4,9,plain,none,mixed,1 5 5 6 7 10 12 17 18
991W1LE6YP5GYf8YOKo0WLPYmcGC,9,plain,none,mixed,1 3 6 6 6 7 11 15 26
991Wc24K2Xiea1G2eoKbwJQAwSWO,9,plain,none,mixed,1 1 9 10 10 11 12 13 14
991W48W5P4Y21fL0najYKj5PBID1,9,plain,none,mixed,1 3 3 8 10 11 13 14 18
991WCVA2gMaoAA4I2hbXGmumC9qc,9,distinct,none,distinct,2 3 4 5 8 9 11 18 21
991WR5r9A31yfgfH0GGfWbTAX84W,9,plain,none,mixed,2 3 4 5 7 7 14 16 23
991W8eUBqogIf4QWWnWxh9ZeBGAI,9,plain,none,mixed,1 3 4 7 8 9 13 18 18
991WC214rL3a0WW7A1Haw5XR5X4W,9,plain,none,mixed,1 1 4 5 6 9 16 17 22
991WWaR4P0aI1j8oKR8X41uMn0WG,9,plain,none,mixed,1 3 4 4 7 9 16 17 20
991WKaQGI8I5D4E2eFK60kJKIWe5,9,plain,none,mixed,2 3 3 4 6 10 13 17 23
991W0zJ83vGQ9182Z3IKbbr9hn2W,9,plain,none,mixed,1 1 7 8 11 12 13 14 14
991Wb4V1yP6HYKL48COK98I2GO4H,9,plain,none,mixed,2 3 4 4 7 8 9 12 32
991W8Z4T1fISHIge2HGIKAJBaQ94,9,plain,none,mixed,1 3 5 7 8 8 13 15 21
991WGfEI9XIOA2XaAOM4j2Wf4420,9,plain,none,mixed,2 3 4 5 8 8 12 16 23
991W9jdfE41IA3WH9OKvx1A51Oaf,9,plain,none,mixed,1 4 5 7 8 8 9 10 29
991WF6GcBgn3WaI8K5-G28WX6aH8,9,plain,none,mixed,1 5 7 7 8 8 10 12 23
991W8v1YuvVqD2hf8DM8r59GGeaW,9,plain,none,mixed,1 1 5 7 10 11 12 14 20
991WAfBLk5IiKQ8GGTwa6umuH4SX,9,plain,none,mixed,4 5 7 8 8 10 10 14 15
991W91mpaH6fqNGI4YWjmas1Go9W,9,distinct,none,distinct,1 3 4 7 9 10 11 15 21
991Wa90GTbvOUOW2GG8aCX0B8meE,9,plain,none,mixed,1 1 2 6 6 9 15 19 22
991W4QkaIlZqD2nga2G9y6gOyK00,9,plain,none,mixed,1 6 7 7 7 7 11 13 22
991WOaGh2WW94l4H0m91egJOMAx0,9,distinct,none,distinct,1 2 4 6 7 8 12 14 27
991WaALagF0i9i0X0kcJf3meWeH5,9,plain,none,mixed,1 3 4 5 6 12 14 18 18
991W0W5pLKOW8CH6IKfGEbfQQP0G,9,plain,none,mixed,1 3 3 5 5 6 19 19 20
991WW1ZI9Weyr1Hor39LQAHqIH0G,9,plain,none,mixed,1 1 6 7 8 11 13 13 21
991W4a20K93YMaOK4dQffGeE38c9,9,plain,none,mixed,2 4 6 6 6 9 9 11 28
991W511NOs2DhhOm0GvcIAgeGLGe,9,plain,none,mixed,2 2 2 5 10 11 14 17 18
991WY4MfYe5294Y3KEacH4JN5JY1,9,distinct,none,distinct,1 2 3 9 10 11 12 15 18
991Wc5q-2I93GeX8aPDO802ICbIe,9,plain,none,mixed,1 2 4 6 7 8 8 11 34
991W5A8XayWkK97IGAgrdJWag5KM,9,distinct,none,distinct,2 3 5 6 7 10 15 16 17
991Wb0mNIQ1GIAb9eJeB6FGW840I,9,distinct,none,distinct,1 2 4 5 8 9 10 17 25
991WH5WaV3eC91d8827GhatY6W81,9,plain,none,mixed,1 2 5 7 7 8 8 21 22
991W047YoAaSC74HmefPP6XiQ4YI,9,distinct,none,distinct,1 2 4 6 8 10 15 17 18
991WIIo3t6BgS70WH1YXSLIeM2J4,9,plain,none,mixed,1 5 5 6 7 8 9 18 22
991W2WXOBWQL8P1WBY50TnYOf1mI,9,plain,none,mixed,1 2 3 4 4 13 15 18 21
991W10G67dbDFHKW61WK2oOOGJ4X,9,distinct,none,distinct,1 2 6 7 8 10 11 12 24
991W2W9ZEaacrBWWCJHE4YUCXbeY,9,plain,none,mixed,1 2 5 6 7 9 13 13 25
991WeEo2WI5GKOk345AQIaA1GI8C,9,plain,none,mixed,2 3 3 4 4 9 10 15 31
991W3OpcYBUuc4GOY2P5SM8RA538,9,plain,none,mixed,1 4 6 8 10 10 13 13 16
991WeeLv61mF45OCGa8XmPtG1eab,9,plain,none,mixed,1 2 4 4 7 10 13 18 22
991W4HHeOzCUvXOO51f4LeNe8GYW,9,plain,none,mixed,1 1 1 10 10 12 13 15 18
991W0YWYKk8ZaA2GaOoaSqJ4n2ma,9,plain,none,mixed,1 1 5 8 9 9 9 16 23
991WCkJdMQSA2f8D8faf4QEOiKaG,9,plain,none,mixed,2 3 6 7 8 8 9 16 22
991WYeLyZ1VC_2494cX29LkGIj98,9,distinct,none,distinct,3 4 5 8 9 10 12 13 17
991W1E4H7AJ6KWaWbL6RGnKccf9n,9,plain,none,mixed,1 2 3 4 8 9 14 20 20
991W5Wqy9lr9wS162HGKIh88OT02,9,distinct,none,distinct,1 3 4 5 7 10 11 17 23
991W28H8M58X8gDHec482I3GK4rA,9,plain,none,mixed,2 3 3 4 7 10 14 17 21
991W8aGJ6aAGY8XIY8dHKImv-K0W,9,plain,none,mixed,2 2 3 5 6 11 12 20 20
991W4aoAae86IigQZjHHKU04o0W8,9,plain,none,mixed,2 5 6 7 7 7 8 11 28
991We42DGK68PKLD1Ep2H4GfJ4mO,9,plain,none,mixed,1 1 2 6 6 9 16 17 23
991W8WauuSX9N29642WNnA8K5vHe,9,plain,none,mixed,1 2 3 8 8 10 11 14 24
991WYWK6YYOWIuIXg1eS4H6t3D8L,9,plain,none,mixed,1 1 4 7 7 8 11 20 22
991W20Zl63WaI2-8CL0sSKakGI91,9,distinct,none,distinct,1 4 5 6 9 10 12 15 19
991W61C8RvGGawSH314X4zfgKQHG,9,distinct,none,distinct,1 3 6 7 8 9 13 16 18
991WCN1MnaQHP61WaAn01YegH2oa,9,plain,none,mixed,1 4 5 5 10 10 13 15 18
991W8K54GfD3E22W4HYK50eERaPI,9,plain,none,mixed,1 2 6 7 9 9 11 13 23
991W6HGkNiN36Of84GScPX35JHA8,9,distinct,none,distinct,1 2 6 7 8 10 11 15 21
991WHF1ZqHKaI926e5A4AFFrOK0O,9,plain,none,mixed,1 1 3 4 9 10 16 16 21
991WD8XAYOB1ul091E6C2OlQMZmH,9,plain,none,mixed,1 2 5 9 9 10 11 13 21
991W82BeX9IAiLGX8MSaWvpmwoSY,9,distinct,none,distinct,1 4 6 7 8 9 12 15 19
991WE4GaA2Gx0Ok0CZ3m18Yt3mW9,9,plain,none,mixed,1 2 2 3 3 8 16 17 29
991WA8G1baQ1X9I2OPgQ6YcfLNmG,9,plain,none,mixed,1 4 6 6 9 10 11 15 19
991WWK9Yf3mCIoWOD9GoIL14S9OG,9,plain,none,mixed,1 1 7 8 9 10 13 15 17
991WK4AOGqCuE0Ya26d9mYXfQ8Ye,9,plain,none,mixed,2 2 2 8 9 11 15 15 17
991WOC-sAWsEWaWWAe91aV4ccaYG,9,plain,none,mixed,2 4 5 6 7 7 10 15 25
991Wq61BD4WOu3WA38eypNOG845X,9,plain,none,mixed,1 1 2 5 10 11 11 15 25
991W4WeE8H51GagI8I4eEA52OYGG,9,plain,none,mixed,1 1 5 5 7 8 13 14 27
991W4221KRB8Ip54D6Hxe0iB2XHH,9,plain,none,mixed,2 2 5 7 8 8 10 14 25
991W60W4MaIAaQ006HaX8fHu62Gc,9,plain,none,mixed,1 1 2 3 7 13 15 18 21
991We1OCYbX2Uqmee10DYbGRk496,9,plain,none,mixed,1 1 1 7 12 13 13 16 17
991W840Q9QGagR4C50d9RIzeHIKK,9,distinct,none,distinct,3 5 6 7 8 10 11 14 17
991W4AYaccPWW86EG9I4i83ng8cA,9,plain,none,mixed,1 3 3 5 5 9 9 11 35
991W2f7w7afaacgMWYLIFSinBC00,9,plain,none,mixed,1 2 4 8 10 12 12 14 18
991WX45EP32e5A2G1eaP9pXKeiB2,9,plain,none,mixed,1 2 3 3 8 11 16 17 20
991W6HGJ61YiHYGX2WO43WQgPKEY,9,distinct,none,distinct,1 3 5 7 8 10 11 14 22
991WYAIAILVYaPma32K9nDdAKYuW,9,plain,none,mixed,1 3 5 8 8 9 11 11 25
991WEIk1OcANbLqGA4fX2O91IAG9,9,plain,none,mixed,1 3 5 7 8 8 10 11 28
991W4XKpfciX8Y5XO519A0WGu0wm,9,plain,none,mixed,1 2 6 6 8 9 13 14 22
991WH3qoIWk6Y2WaA2AICf9ju8HS,9,plain,none,mixed,1 4 5 7 8 9 15 16 16
991WaBUsZWmB9T3m09AGDvIWdaA8,9,distinct,none,distinct,1 2 3 5 6 11 12 19 22
991W210DYP0ei2YK8nmS4TvHC31W,9,plain,none,mixed,1 1 4 6 8 10 11 18 22
991W0s1GJIhG7H4O71YaV3KAFAGH,9,plain,none,mixed,1 1 1 3 8 11 13 14 29
991WCIJ4v2X6X0G4KXHeY0WOYeO6,9,plain,none,mixed,1 2 4 6 7 8 16 16 21
991W46b2p4IMaMX283gXO-cQfiy9,9,plain,none,mixed,1 2 8 9 10 10 12 14 15
991W4H5AYaCmICeCGd4C34mO6LAA,9,plain,none,mixed,1 1 5 6 11 12 12 13 20
991W1GWezZQMeg6A62WOPMM480E2,9,plain,none,mixed,1 2 3 4 4 13 14 16 24
991W8nmK9AYOAYYW2HGKgKMIWeG4,9,plain,none,mixed,1 1 5 9 9 9 12 15 20
991WGdmY8H4G40R820d8M893mY4f,9,plain,none,mixed,1 1 2 5 7 7 14 18 26
991WCSeP4T2WHaT4Y5IC2E0W9E4I,9,distinct,none,distinct,1 3 4 5 6 7 9 16 30
991WA2DYeIYQcWG5CYX820AOctE2,9,plain,none,mixed,1 2 4 5 8 8 12 19 22
991WD1GIkee4H2JO32KYaI0fQ10G,9,plain,none,mixed,1 1 4 7 8 10 14 15 21
991WeHT4a4bm41aYY3X4oNfXWK4Q,9,plain,none,mixed,1 1 3 5 8 11 11 14 27
991W38waGaHGQ4m8g0WZHKq9CkBY,9,plain,none,mixed,2 2 5 7 7 11 15 15 17
991W91RR41aI4XL2840XeJfAYIfH,9,plain,none,mixed,1 6 6 6 7 10 10 12 23
991Wf8jLIfA88I6G1L0WfVoeQ80b,9,plain,none,mixed,1 2 3 5 8 8 9 19 26
991WebLQA1mB4GgC0O0Wi1vGYUOe,9,plain,none,mixed,1 1 5 6 7 9 10 12 30
991WY4nDf6GgL1mSE8Ws0WGgpC2W,9,plain,none,mixed,1 2 4 6 6 9 14 19 20
991Wa61ybOWUFY0HBAGampX2618Z,9,plain,none,mixed,1 2 5 5 10 13 14 14 17
991WGXbFo8YBGO9452FKr1IanIw4,9,plain,none,mixed,1 2 6 7 9 12 14 14 16
991W17UH9Y0WGeGOfSP4e65XacI4,9,plain,none,mixed,1 3 3 4 6 9 9 13 33
991W1GE2d54ISWmCOX8C3Y8GeYXm,9,plain,none,mixed,1 1 2 5 9 11 11 16 25
991WaJ6GK10O2yX00k7oCWOD3GjD,9,plain,none,mixed,2 2 3 5 7 7 10 21 24
991WG6995H3n2Hd81GYbQMOW4D2f,9,plain,none,mixed,1 3 3 4 4 12 16 16 22
991W4b2y6h8n21H8J3JrXHP388YC,9,plain,none,mixed,1 2 5 5 8 11 11 17 21
991WOihYQfAkpav1WZ0KxFG92W40,9,plain,none,mixed,2 3 4 6 7 12 13 17 17
991Wf94e4LfQI4Y8045KjCIqD3Z8,9,plain,none,mixed,1 3 4 4 10 13 14 14 18
991WEWj84HiZXOCaG4SdgYeI5r6W,9,distinct,none,distinct,1 3 5 8 9 11 12 14 18
991WA4jJ2bNO4WG4D3Y417gEb88w,9,distinct,none,distinct,1 3 6 7 9 10 12 16 17
991WH84XOPBIQAX34DTf70WDZP11,9,plain,none,mixed,1 4 5 5 7 8 12 15 24
991W2wWYKcfcA2GCI8YaiP5EH90G,9,plain,none,mixed,1 4 6 9 11 11 12 13 14
991W0Y8J62A44Q5GZec8KoGqFAJ1,9,plain,none,mixed,1 2 3 3 12 14 14 14 18
991W8F1WDKvDXQ0XOAKrHhQYY9YZ,9,distinct,none,distinct,1 3 5 6 7 11 12 15 21
991WH98e8q8zWR4ou2MznWXaw1am,9,plain,none,mixed,1 1 2 7 8 10 13 19 20
991W4OKHLphf30eyn0Wq8TZG9nn0,9,plain,none,mixed,1 1 1 2 10 13 13 20 20
991WAHCLKv2HOPAQ118afY6Wu18O,9,plain,none,mixed,1 4 6 7 7 7 12 15 22
991WG2PMB9118HB231tyIZ4HWQAe,9,plain,none,mixed,1 2 4 6 7 11 13 13 24
991WB6s89e80q2GqZF9q1m8YS4Y8,9,plain,none,mixed,1 1 4 5 5 7 9 11 38
991WE4sJIo_Y2yWW9acs8-ECL0w0,9,plain,none,mixed,1 1 6 7 7 9 14 17 19
991W2Ho66Ym86E1Wmw2YkamgseeA,9,distinct,none,distinct,1 2 4 6 8 11 13 16 20
991WWaF8A5ePE6IaIgim5096H1pG,9,distinct,none,distinct,1 3 4 6 7 12 13 16 19
991W1WIylEUQ421WH109IXn029IC,9,plain,none,mixed,1 1 2 3 4 12 13 19 26
991WQ0ulYZGU8X8WM6Ze5nWac4CZ,9,plain,none,mixed,1 2 4 7 9 10 15 15 18
991W4LnhJL88k6Xe30gmr1g0S1Z8,9,plain,none,mixed,1 3 4 5 5 12 12 16 23
991WCSW818evuSbHYLII69Ko4XgG,9,plain,none,mixed,1 4 4 6 7 11 15 16 17
991W4Y1YvVOeGa3080b4Y1WS9FhA,9,plain,none,mixed,1 2 2 5 9 11 13 17 21
991WHXG1P8Z8Cca01nkcbLDKv68X,9,plain,none,mixed,1 2 3 4 6 6 14 21 24
991WCWAyX6e920G2K30eq31IKneM,9,distinct,none,distinct,1 2 3 5 8 9 10 16 27
991WG259aTIv213WH76ePN8S51IC,9,plain,none,mixed,1 1 5 6 8 9 15 17 19
991W1KQM11Aag3WoYk0WAbfTCOW8,9,plain,none,mixed,2 2 4 4 5 10 13 16 25
991WKb4bBHNgS3203WD96LnW28ma,9,plain,none,mixed,1 4 4 4 6 9 13 17 23
991W2WeD8E3mYM524185AYueQ6ai,9,plain,none,mixed,2 4 5 5 7 8 12 18 20
991W422Wq2oZH928H5fyf1SE51WS,9,plain,none,mixed,1 3 6 6 7 11 11 13 23
991W5Hd92WR6AkfW1Me40aAL0J8I,9,plain,none,mixed,1 3 3 5 6 7 10 16 30
991WZYeMBO4XIs0W0vkUSX9ab388,9,plain,none,mixed,1 2 4 6 8 10 16 17 17
991W4K9CKbHOg4MH0WMIbYDBUCXA,9,plain,none,mixed,2 3 7 8 9 9 14 14 15
991W2E14We7W8GmAIAHeuk9Y8n8E,9,plain,none,mixed,1 3 4 5 5 7 15 16 25
991W8I8Y4XsUmeH8A2Sa91054jf2,9,plain,none,mixed,1 3 5 7 9 9 11 18 18
991W4XqG492igaf84W032ObAXe51,9,plain,none,mixed,3 3 3 3 4 6 7 25 27
991WOuD38Y4Y99oWW4EZ3GuD3X8g,9,distinct,none,distinct,1 2 3 4 6 7 10 17 31
991WOY9a63Giin0WGaIaCmmqL18K,9,plain,none,mixed,1 4 6 7 9 11 13 15 15
991WQe579EtUu2Pn4C8nd9a5Khq4,9,plain,none,mixed,1 2 2 5 11 11 12 17 20
991WA3Xuq3QNzYiB81fS8w4240GA,9,plain,none,mixed,2 2 4 5 7 9 9 15 28
991WGAeaBnYKeg8XIOY8N42er2Co,9,plain,none,mixed,1 3 3 3 10 11 12 15 23
991WAD9f19Bq91KUq8GenX3n-252,9,plain,none,mixed,1 1 3 6 9 11 14 15 21
991WI8W2FTj2HLE8I96Ge8jYLZ4D,9,plain,none,mixed,2 3 3 6 7 8 12 19 21
991WXOI851H1aL54D18T7I5XoCX1,9,plain,none,mixed,2 3 4 4 5 11 13 18 21
991WE1HoH15gX6u1CZP9fXwHTnaG,9,plain,none,mixed,1 1 2 9 10 12 12 14 20
991W428A2-XLZj042HSGo4z9GhIO,9,plain,none,mixed,1 1 5 5 9 11 14 15 20
991W51f20YjJMA10AYbBM99Cp924,9,plain,none,mixed,3 3 4 6 6 8 10 18 23
991WmQot4H0mmA858GI6BK61eSCI,9,plain,none,mixed,1 2 3 3 7 9 9 18 29
991WW6Xc84ZK9maXY8Gudvj8OaH4,9,plain,none,mixed,1 1 3 3 10 14 14 14 21
991WI1oQ8Uga30e7P128h2mn-f6W,9,plain,none,mixed,1 1 5 7 9 12 12 15 19
991W2GG4YqUa4AW8AHuM6H-yI638,9,plain,none,mixed,1 3 6 6 7 8 11 18 21
991WGr0mLZsLB2mS82ny8OoKe124,9,plain,none,mixed,1 3 3 7 8 11 14 16 18
991WuY8k41ZNE20918W49pDC90W5,9,plain,none,mixed,1 1 1 4 11 12 14 18 19
991W2574IfCWWG94IpMKc5ZeoV8i,9,distinct,none,distinct,2 3 4 6 7 9 12 13 25
991W2chqo4YXKgC34Kx4BsaXGGGA,9,distinct,none,distinct,1 2 5 6 8 9 11 12 27
991WgB3GLHeq91IK2IXO5f0OE20G,9,plain,none,mixed,1 2 5 7 10 10 13 16 17
991W0GWoCXGO492W8I8YKqJ8q92G,9,plain,none,mixed,1 1 2 5 8 9 16 16 23
991Wo2XuvoKrHKH28934H2We4I0Y,9,plain,none,mixed,1 4 6 7 8 12 13 15 15
991WI1aXGb6YGMGW10Yrse92Gt-7,9,plain,none,mixed,1 3 3 7 7 9 11 14 26
991W4KxLoIe9F9GC6KgQbFCaW5Y4,9,plain,none,mixed,1 4 5 8 8 9 12 14 20
991W00a4eKHmw10m918IEJxuc9Ze,9,plain,none,mixed,1 1 4 6 6 11 11 19 22
991WX1nFI5UCD4H9e2n6Hfm9C4Wn,9,plain,none,mixed,1 1 1 8 10 12 13 14 21
991W4oWH2G-W8E1G1Ge9oMYGc0Z0,9,plain,none,mixed,1 1 2 3 5 7 13 22 27
991W41EQAJ3u5EGCQGO99rb4GA1G,9,distinct,none,distinct,1 4 5 6 7 8 9 18 23
991W83WjGAp0MZo91HWoYSmmIqri,9,plain,none,mixed,1 1 1 6 11 12 13 17 19
991W6KAA6Z7GgFWIYUOfD9P1GP08,9,plain,none,mixed,1 3 4 6 8 8 11 17 23
991W0C6IeXMCfsj9Q99HP3mpEKoG,9,plain,none,mixed,1 5 6 6 7 10 11 16 19
991W1W9240rYpvG8GaKlApeji5f4,9,plain,none,mixed,1 1 4 4 9 12 14 18 18
991W9cIcA1GFoqom94E45GmnfaX2,9,plain,none,mixed,1 1 4 6 6 12 16 17 18
991W21CT4WeJGK2W2GWD3Bn4P9Yo,9,distinct,none,distinct,1 2 4 5 8 9 10 20 22
991W41y4w516PKfAC20K8dggIeH2,9,plain,none,mixed,1 4 7 7 8 11 11 16 16
991WCb66W8meEc1944YA1KDKBCfB,9,plain,none,mixed,1 3 4 7 7 8 11 12 28
991WO71GIoP5H883WO9Oa30G4YWL,9,plain,none,mixed,1 2 2 4 6 9 14 19 24
991WXeWx8aL8X8H20KLSJ2p4sIXG,9,distinct,none,distinct,1 2 3 5 7 10 14 15 24
991Wab9AH50b8e4IOEChANWO90CE,9,plain,none,mixed,1 2 3 3 8 14 15 17 18
991Wa0GY8sAUQAHIX0yKISJAHH0m,9,plain,none,mixed,1 1 5 5 11 12 14 14 18
991W4158S8nUJf1GM4iOA7O84XZO,9,plain,none,mixed,1 1 5 7 10 10 12 16 19
991W355WW2Sh5KAIXRGtLv0SXf98,9,plain,none,mixed,1 4 4 6 8 9 11 15 23
991WGH14CIuMA2IC0WFZtIasP73G,9,plain,none,mixed,1 4 4 4 8 9 14 16 21
991WBsmiBQiKZ0m2aenC30G96OWW,9,plain,none,mixed,1 4 6 6 10 11 13 14 16
991Wn10H2RibWZE448yF7gsL60r2,9,plain,none,mixed,1 1 5 6 7 9 15 16 21
991W430eA3eLTPL2H4T4ca4P41aK,9,distinct,none,distinct,1 3 4 5 7 12 14 17 18
991WM8XGMAWZYTf4GDsEac4E3m8C,9,distinct,none,distinct,1 2 3 6 8 11 12 13 25
991W1mY2I1QdkB2GI28I7HBqS8G8,9,distinct,none,distinct,1 2 4 5 6 11 15 17 20
991W0eum9ceL50I8YSZGgC9Ru0WC,9,plain,none,mixed,1 1 1 5 8 9 15 19 22
991W4XE9V298CmS4KZ8kA5uAEcM2,9,plain,none,mixed,2 3 3 5 9 13 15 15 16
991W20P0KyjLID073XLeQ5VDY654,9,plain,none,mixed,1 3 3 6 7 14 15 16 16
991WHb612aHc9IXGD5HPK96YE8Gc,9,plain,none,mixed,1 4 4 5 6 9 12 16 24
991W51Wa9pVxa48wO6fb44VA8YGG,9,plain,none,mixed,1 3 3 3 11 14 14 15 17
991WH1XgIeQ81GG6J52mq12S2aD5,9,plain,none,mixed,1 2 5 5 7 10 12 12 27
991W60yW9qZG84CI20mNLTXGe5AX,9,plain,none,mixed,1 1 3 5 6 10 12 17 26
991Wf1W41SRAIMfJ1922WK7841OX,9,distinct,none,distinct,1 2 3 4 8 9 11 12 31
991WK3P2gcoHBW4C1ZhAP6nBb28j,9,plain,none,mixed,1 1 3 10 11 11 12 13 19
991WHZ_iG5PNgA1G94MaGvOm15oG,9,plain,none,mixed,1 3 4 6 7 7 7 22 24
991WD2WeIAFHL10B60GwGikQ70KG,9,plain,none,mixed,1 1 2 3 12 13 13 14 22
991WC6bKVBIqI7ySX9GXHj3aWe52,9,plain,none,mixed,3 3 5 6 8 9 9 16 22
991WY2GnNKCGCj84WW4wdj7XCIn4,9,plain,none,mixed,1 1 3 6 7 9 12 20 22
991W14bK4YzaKCWO0W6elC_KA138,9,plain,none,mixed,1 1 4 5 8 11 12 17 22
991WrSBMK9nDId4H13m10ihGB8e6,9,plain,none,mixed,2 2 3 4 8 9 12 17 24
991WINOk4sLX8TaP10TGiaAW69WW,9,plain,none,mixed,1 2 2 6 6 7 12 15 30
991W5A5YbGI0e251c7Ota20WkDWg,9,plain,none,mixed,2 2 4 4 7 7 8 14 33
991WJ4oA1KGrCL0aS50B20KbI2Wo,9,plain,none,mixed,1 1 4 7 8 11 13 14 22
991W51GIOS71WMUaC2SI861WOY4G,9,plain,none,mixed,3 3 4 4 6 8 9 13 31
991WmC1066Km8WqA24WmDYeP4XSS,9,plain,none,mixed,1 2 4 5 5 10 12 17 25
991WI2I861Rv61Hq26JfP43Q4WeE,9,plain,none,mixed,1 1 6 6 8 13 13 16 17
991WH8IA-8IkbX0W8w4HBHXqOYWe,9,plain,none,mixed,2 3 4 4 8 9 15 17 19
991WWen2-y51GY8Z261oK62Gq1GX,9,plain,none,mixed,1 1 6 8 8 9 10 12 26
991W2JG41egG411Ga8oDJOYG42Ye,9,distinct,none,distinct,1 2 3 4 6 10 12 21 22
991W4fAyXE9d78IG1itHfI94MGK9,9,plain,none,mixed,2 3 4 7 8 10 13 17 17
991WqD08z9qMAP4S2M8I96iq1GaK,9,distinct,none,distinct,1 2 3 5 11 12 13 14 20
991WYfAFEYnQMgWCA0i98jWZMa0W,9,distinct,none,distinct,1 3 5 6 8 9 14 17 18
991W9IGkDX8HoS6X0WG34ZPG44Z0,9,distinct,none,distinct,1 2 3 4 7 9 10 21 24
991WI8caC2GkY40GCfGNIthqZ8X8,9,plain,none,mixed,1 4 5 7 8 12 12 14 18
991WGociIF32GJuc46JIAZ6YmCu8,9,plain,none,mixed,1 4 5 6 7 9 10 10 29
991W4VSq4HBPiyd9W4YEA2eaf7g0,9,plain,none,mixed,1 5 7 9 9 10 11 12 17
991W5IawKLuYL0u90W8ybCenhl40,9,plain,none,mixed,2 4 5 7 7 10 12 15 19
991WA1T5bgmHG04Q6Y9a_0cGIBaM,9,plain,none,mixed,1 1 3 8 9 10 11 12 26
991WecGiC52Ga659HCeGGsKan4H6,9,plain,none,mixed,2 3 5 5 8 12 13 15 18
991W4XGhfwCMACX48mWAJ41bd4X0,9,plain,none,mixed,1 1 3 5 8 12 15 16 20
991W2LAqGoHeS11GgCXp8wGeSA0G,9,plain,none,mixed,2 3 7 8 8 9 10 11 23
991WP4rDB41Maa0W1WGxggHK20AY,9,plain,none,mixed,1 2 2 4 7 10 13 17 25
991W48cCE2Y410e4n2We8B0hGaE3,9,plain,none,mixed,1 1 2 5 8 9 12 18 25
991W5WW4CgL2Ke0m60iB8xHqZ3eY,9,plain,none,mixed,1 1 1 7 8 11 16 16 20
991W0WWd93H4O534IKXC3XNLe610,9,plain,none,mixed,1 1 6 7 7 7 9 19 24
991WK79HOD0aCYs440c1VOkAXKCY,9,plain,none,mixed,3 3 4 6 8 8 9 17 23
991W8jWMH8oDbeMAG99YuYJno2yY,9,plain,none,mixed,3 6 7 7 8 10 12 13 15
991WXPd5HOepK38aA1XEGOZG4HOg,9,plain,none,mixed,3 3 4 5 9 11 12 17 17
991W1AZbx2g4X8S3aHX8eA38Eo12,9,plain,none,mixed,1 2 3 8 8 9 10 14 26
991W9neYmV2GL3H242GhqKQ60I2G,9,plain,none,mixed,1 2 4 6 7 9 9 11 32
991WO0X7HyG22R846Gh2mS96BrGY,9,plain,none,mixed,1 1 2 8 8 11 12 12 26
991W4XZYNBvoCHC9C4WqHY78y0y8,9,plain,none,mixed,1 1 5 6 10 13 14 15 16
991W54D5QVKqK60XC2YbaXGaq909,9,plain,none,mixed,1 3 5 7 8 10 13 13 21
991W822WHQvKY8WB8Nn8C3mqE24G,9,plain,none,mixed,1 1 3 7 7 8 17 18 19
991W2OY8WKGs9XOQ99ICYeGbF320,9,plain,none,mixed,1 1 4 6 7 7 11 21 23
991W8SeA91H4d7GK1CO9khGM8C10,9,plain,none,mixed,1 1 3 5 8 10 12 20 21
991W02ni9bO91WO5sDYmC2Y4Q4z2,9,plain,none,mixed,2 2 3 4 5 10 14 16 25
991WLMXdXAiNRrp40IWibXd4M2BG,9,plain,none,mixed,1 1 4 7 8 9 11 19 21
991W2GwcfaXEJfg2GH8IGa6IA92G,9,plain,none,mixed,1 1 5 6 9 13 14 15 17
991W8A3GS2hvbeYE0AZKQ18E2HuI,9,plain,none,mixed,1 3 3 5 6 11 13 15 24
991W6PGB20M9KRGYoGO20SGOqx9G,9,plain,none,mixed,1 1 4 5 5 8 12 15 30
991WKa4vQCYIYaf840Bug4GfAQH4,9,plain,none,mixed,1 2 3 7 8 11 13 13 23
991WdgB40OH9I28HC2X2WmAETZKC,9,plain,none,mixed,1 1 3 6 7 8 12 14 29
991WIYMPmJ4621WG873GI3lS59WG,9,plain,none,mixed,1 1 5 5 6 7 16 17 23
991WAeG161lN224Ho0G8YwO-ycOH,9,plain,none,mixed,1 1 2 4 9 10 12 15 27
991W4n0inAXH4HXe92mvO2bI8g8e,9,plain,none,mixed,1 1 3 4 10 11 14 16 21
991WGZKi9AX8AQvg4WcCW40nWe94,9,plain,none,mixed,3 3 3 5 8 9 13 17 20
991W93Iu20Y8Zi92I24YeY961082,9,distinct,none,distinct,1 2 4 5 6 8 11 20 24
991WX8I2P5jGJa8YWY8b50mQR10O,9,plain,none,mixed,1 1 5 5 10 13 13 13 20
991W10A4I7WhgcTdJ2eG210Ym8g4,9,plain,none,mixed,2 3 5 5 5 8 11 20 22
991WKAqHVhY8vgWWHP8aoM6cK6Q6,9,plain,none,mixed,2 2 3 6 6 9 14 15 24
991WcJAH2mWuAXd00U3XAwKa9DO5,9,plain,none,mixed,1 1 3 4 7 11 12 15 27
991WKar99hZ40WE44GGe48YuLV4I,9,plain,none,mixed,1 4 5 5 6 10 12 12 26
991W2Wq4WjS8f8YW8GmK5nzKwj8A,9,distinct,none,distinct,1 2 3 8 9 10 11 13 24
991WGHZq21k4afWZ8acfoJJlZv48,9,plain,none,mixed,1 4 8 8 9 11 12 13 15
991WeACE91ZTaqC1KXeLPNDNAup0,9,plain,none,mixed,1 2 7 9 11 12 12 12 15
991WWK8YFZaHIG88af9KB0mZ4v06,9,plain,none,mixed,1 1 2 8 9 9 15 17 19
991W0U0J3afaCAYeaLA6I2uq642W,9,plain,none,mixed,1 1 1 4 8 10 15 20 21
991W6Yg6YLgeGcWO55nLcWDs5ZW8,9,plain,none,mixed,1 3 4 8 9 9 10 16 21
991W6D0YoIWwAULb4U8GPAWQ67H0,9,plain,none,mixed,1 1 3 9 9 12 13 16 17
991WKAPjGKCfAGg81SGima8fYL8I,9,plain,none,mixed,1 3 5 6 9 12 12 13 20
991WA4GmFpya90mC8YBYYE1AeOcX,9,plain,none,mixed,2 2 3 8 11 12 12 13 18
991W4H08Z2GIHKXCC10K750JBYAa,9,plain,none,mixed,1 1 1 8 10 13 14 16 17
991WKJ7f-Ny8W9645469IM8E5my6,9,plain,none,mixed,3 3 4 4 9 10 10 16 22
991W1GGKCCAY4KaLC2G_5t9n40o8,9,plain,none,mixed,1 2 5 5 6 12 15 17 18
991W0aeAiLLD7XHAC03LvUY3apGW,9,plain,none,mixed,1 2 3 5 6 10 12 12 30
991WS1mGK9OcQWS431IYA91Ma8cB,9,plain,none,mixed,1 1 5 6 8 9 14 16 21
991WgSGGQ1KD1eWH4b6X4NdMWeGH,9,plain,none,mixed,1 3 3 3 5 12 16 18 20
991Wa4H55Wa-f6921e8XA9IKAZHC,9,plain,none,mixed,1 4 4 7 8 10 13 13 21
991WiOGa94WcCmeY861uanSSY8G6,9,plain,none,mixed,1 1 5 5 7 10 16 17 19
991W4A2W9afiL4W1aJ4wXWGNAH4H,9,plain,none,mixed,1 3 4 5 8 8 12 13 27
991W0eWuU2cHL9HGq1yeI1d1naPI,9,plain,none,mixed,1 4 5 6 8 10 10 18 19
991W9POr9CIHId0eq4HPgWS22ima,9,distinct,none,distinct,1 3 4 7 9 11 12 14 20
991W10HecIwf5H8C63HKD1DE6HeW,9,plain,none,mixed,1 4 5 6 9 10 14 14 18
991WIHHiX0Ya4XeP52Z8v2RSH470,9,distinct,none,distinct,1 2 6 7 8 9 14 16 18
991W5nOKCLQY22E0B24v3XOIQZM6,9,plain,none,mixed,1 1 2 11 11 11 13 15 16
991WHqGeK3Wj8I4X821m631K69WH,9,plain,none,mixed,1 1 1 7 8 12 14 17 20
991WIgSN4H7ae20KGeY4IGc99AGC,9,plain,none,mixed,2 2 3 4 6 10 17 18 19
991WGgEqMbmA31H9e02fIH8fV811,9,plain,none,mixed,1 2 3 3 5 8 12 20 27
991W2QoeJir90X0Oa2WaX8TEff24,9,plain,none,mixed,1 1 4 5 9 13 13 17 18
991WH7ViY1Ga4cX4440ZZb0pdbYO,9,plain,none,mixed,1 3 4 6 9 9 12 14 23
991WY4XLqJ96H2GfC90Q4MaeHL50,9,plain,none,mixed,1 2 6 10 10 11 13 13 15
991W9264890aPnWKP5nQCYehvE8a,9,plain,none,mixed,1 3 6 7 9 9 10 15 21
991WHuGWauqvB5H1P8mFQLPC4Q44,9,plain,none,mixed,1 3 5 5 7 9 13 18 20
991W0acnAKfrg5XKG6QumkmH79HO,9,distinct,none,distinct,2 3 4 5 7 12 13 16 19
991WnClFIle93WuY42WG2H7X98Wa,9,plain,none,mixed,1 3 6 6 7 8 14 15 21
991WH8R46I5DikK19S4kCHShPAQG,9,plain,none,mixed,2 4 4 6 6 13 14 15 17
991W4WefaoiO9VPn8H8GVCesCKi4,9,plain,none,mixed,3 4 6 6 7 10 14 15 16
991W6AxY8X5ehZ28WoH8cGj8ZXWG,9,plain,none,mixed,1 1 5 7 10 11 13 16 17
991W598iN9eT5OKS6TBYeb44s0W1,9,plain,none,mixed,1 1 6 9 10 10 14 14 16
991W8XmlSQWAyZIA93iDmhKfgq0G,9,plain,none,mixed,2 5 6 6 7 8 13 16 18
991Wg2B1U4P5uHH0n29b4o6HXbuq,9,plain,none,mixed,1 3 6 7 8 8 11 17 20
991W8JGWBOneA0X80niMh6n8eA2G,9,plain,none,mixed,1 2 2 7 7 10 13 18 21
991Wc6PGU5PEX8GY18Krv2oGHP2G,9,plain,none,mixed,1 5 5 6 6 11 12 17 18
991WW4CunHcP8Y84A9HqLILHOQPQ,9,plain,none,mixed,1 3 5 7 8 13 13 15 16
991WIvWa2Y8pKe10H8S6UhH498e6,9,plain,none,mixed,1 3 3 3 5 13 15 18 20
991WAHOA55gIoD102GmLbNBCV800,9,plain,none,mixed,3 4 4 4 5 6 9 18 28
991WK30aGSm8I1GJ41YsLjJ2kRc8,9,plain,none,mixed,1 1 3 5 8 10 12 19 22
991WH4KLGgaYE58I4GbwT10EBZZ8,9,plain,none,mixed,1 4 7 7 9 10 12 13 18
991WWI8NAIWfWWGaGyN5S10iJgXK,9,plain,none,mixed,2 3 4 4 9 11 14 15 19
991W20A8Y8pqgrn4O0e42WtIneA4,9,plain,none,mixed,1 4 4 5 7 8 10 17 25
991Wm3uiCDmlNmS64egKRA8mW4b4,9,plain,none,mixed,1 3 3 4 9 11 12 17 21
991W0eISe53eYKaAYHi4E6X0e24b,9,plain,none,mixed,1 2 2 4 5 8 15 20 24
991W1IeiR088p3H48oKIWOET-22W,9,distinct,none,distinct,1 2 3 4 7 8 13 18 25
991WHXj88XYKL5eY2GNbz26wCaA2,9,plain,none,mixed,3 3 4 5 8 10 10 18 20
991WE8Zj6a8W8I4EWY9QiI4mKMaC,9,plain,none,mixed,1 1 4 4 8 11 14 15 23
991W1Zf8XKgWK8ui2Zz9X4BuIb5X,9,plain,none,mixed,3 3 4 4 4 8 10 15 30
991WAmKnC3MgyC10IKH2ein8a1ma,9,plain,none,mixed,2 3 3 4 5 12 12 17 23
991W9Y910OdDvV44CIb41GOIcLa4,9,plain,none,mixed,1 3 4 5 8 8 8 16 28
991W61GO5PHKaP4P2HGS70de51GW,9,plain,none,mixed,1 2 7 8 10 10 13 13 17
991WiL4OuX864I53aYBJSWniQ4K0,9,plain,none,mixed,1 1 3 5 10 15 15 15 16
991W8WcMrH8rB14GI1Wefi947lP9,9,plain,none,mixed,3 5 7 9 10 10 11 12 14
991W0gLe443eKvSCXKeqk8tWucMa,9,plain,none,mixed,2 4 4 5 6 10 10 12 28
991W8fGK70eIP8A1m086X1mabWa9,9,plain,none,mixed,1 1 1 6 7 9 13 16 27
991WHCKaq7LEaZKce5Po2Imaafb2,9,plain,none,mixed,3 3 4 5 8 11 12 14 21
991WY0Gm63DPAGK3XWOAT6ZI4ne0,9,plain,none,mixed,1 1 1 3 6 10 16 21 22
991W41D5OQKoD3YY215XGGeBTRYW,9,plain,none,mixed,2 2 3 5 7 13 13 13 23
991W188y8C3Z2n42Y5HOP2T3uoaY,9,plain,none,mixed,1 2 3 6 8 8 13 18 22
991WeI5Q8br4Y2SXGiJmCaesALe8,9,plain,none,mixed,2 4 7 8 9 10 10 14 17
991W92Km92S4MeY820eEHYGarCfI,9,plain,none,mixed,2 2 4 7 9 10 15 15 17
991WHBWq55OOMa64c5d4f4B84GyC,9,plain,none,mixed,2 2 4 5 6 8 15 19 20
991WZ4GKAKHJqXG9189KT1cfEZG9,9,plain,none,mixed,1 1 8 9 9 12 12 14 15
991WHR20r9lQ98SGY2URNQ6r1HA9,9,plain,none,mixed,1 4 5 5 6 8 11 12 29
991W8If4Xm9uOZfA6Ib2YOPCNA2G,9,plain,none,mixed,1 2 7 7 9 10 11 13 21
991W1OZkn2Wmrb8OXHDKC3wNHI2W,9,plain,none,mixed,1 2 3 5 10 11 14 14 21
991W9HPQctXm0WObKN45a0n4Hf4W,9,plain,none,mixed,3 3 3 3 6 8 14 19 22
991W1miCE7Xer19H3GiG90YaOc4W,9,plain,none,mixed,2 2 3 4 5 11 13 18 23
991W931BBcJC30K961HeICYJC40Y,9,plain,none,mixed,1 2 3 4 10 12 12 17 20
991W8XGKGiQYoCT4CI8ie20clW42,9,distinct,none,distinct,1 3 4 5 6 8 11 19 24
991WfCH4d5eiWOqCGNIC220c70m9,9,plain,none,mixed,2 2 3 4 5 10 14 16 25
991W51b9sJgFWuo052XOI22N61A8,9,plain,none,mixed,1 3 3 5 7 9 11 12 30
991WKunbL33Wr28A4jWIRyM4Ch1G,9,plain,none,mixed,1 4 7 8 8 9 10 10 24
991W1fXXM1H4F50OWK4UVANIo4We,9,plain,none,mixed,1 1 7 7 8 12 13 16 16
991WIeY432U8wCWmA8aC4nDe29Y8,9,plain,none,mixed,1 1 2 4 10 12 14 17 20
991WJ6LrIYoFY5Z000iQek58T4Ya,9,plain,none,mixed,1 2 5 5 5 9 16 19 19
991W62jB6vKgX8I1K4nig30S4Oq5,9,plain,none,mixed,1 1 6 7 7 9 13 16 21
991WHAI2bquKj4U6WDTDYxcXI18X,9,distinct,none,distinct,2 3 5 6 9 12 13 14 17
991WGeYec4HgAZAC4D5D81EQYmW8,9,plain,none,mixed,1 4 4 5 9 11 12 17 18
991W2mc9f5BIaL4XIZOXCI0WCAG0,9,plain,none,mixed,1 2 5 5 8 11 13 14 22
991W2I8781QbOc5Y30m8-F1mLAz0,9,distinct,none,distinct,1 3 4 5 6 7 16 18 21
991WC1go7GLHMcGYGI4eobogWsH4,9,plain,none,mixed,1 5 7 8 8 8 9 16 19
991W8I2CQem4Af0m2d5n5XHESaJ4,9,plain,none,mixed,1 1 4 4 10 13 14 17 17
991Wr0mqBPJILNqb19WHGlK661GW,9,plain,none,mixed,1 3 5 8 9 11 11 16 17
991W6P6CX8HHMf8aGOk9Y4EbpCq1,9,plain,none,mixed,3 3 5 6 8 8 10 16 22
991Wo4nBMZeCGYSfe20M3oU2JK8W,9,plain,none,mixed,1 2 5 7 8 12 12 14 20
991WZ6HOrAaMw_8b98aSn9jr61iK,9,plain,none,mixed,4 4 7 7 8 8 11 13 19
991WEGC3YefCJ2AK8me4XmQWgp0G,9,plain,none,mixed,1 1 5 5 6 9 12 13 29
991W4Ik3KGeiH6HaG20Ms7Ziw900,9,plain,none,mixed,1 2 2 6 8 12 15 17 18
991WGaCK5HhICYD410n5HWWGOV81,9,plain,none,mixed,1 1 1 4 8 14 15 18 19
991W10inyOoq2dGeOMLMIX_HLf0G,9,plain,none,mixed,3 4 4 7 8 9 11 15 20
991W0Wx844T46OK8Gs9MLcA7L8oH,9,plain,none,mixed,1 1 2 7 9 10 13 16 22
991WGIXuHEWeniWd50dL862tWeK4,9,plain,none,mixed,1 1 5 7 8 9 10 19 21
991W0maAhiKQa350B38h6HYah50B,9,plain,none,mixed,1 2 6 6 7 9 9 19 22
991W9D2IZ5H49qOWaO5NqBY88KH6,9,plain,none,mixed,1 3 3 3 5 13 14 17 22
991WeC6YCN24H0OrWYxm2IWe8c6G,9,plain,none,mixed,1 1 3 4 5 10 18 18 21
991W2XrObMb4Xf5HGdK868goREe1,9,distinct,none,distinct,1 3 4 6 8 9 15 16 19
991W2GK4PEJi8c5RC2GY1GI9HKA0,9,plain,none,mixed,1 2 3 4 5 12 12 17 25
991W4XCe84noE42WG45VS3fKJ8H4,9,plain,none,mixed,1 2 3 5 8 8 16 16 22
991Wa5nHy1SJ9KYGC94Y556IJ50c,9,plain,none,mixed,1 1 6 8 10 13 13 14 15
991Wo10810lub3HAICf7IC4q4HaH,9,plain,none,mixed,1 1 2 7 8 9 13 16 24
991WAahi9I8fCYieG230A2u1SJuH,9,plain,none,mixed,2 5 6 6 7 7 8 20 20
991WqIadADX8DZ9948YT29TY944W,9,plain,none,mixed,1 3 7 8 9 11 11 11 20
991W0mOIGZb8f45G82O-C5b5WnE9,9,plain,none,mixed,1 1 2 5 8 12 15 17 20
991WH4cfEGaNssM68aL14Yh4oi50,9,plain,none,mixed,3 4 4 5 8 10 11 17 19
991WGbGeg0kKv260A1FLv2XOqafH,9,plain,none,mixed,2 5 7 9 9 9 10 12 18
991W83muKj8BAF0L4GeXf2wWOLLO,9,plain,none,mixed,2 2 3 7 8 11 12 15 21
991W19AI99WAzIuPf3eyAPQJf0y8,9,plain,none,mixed,1 2 6 6 9 12 12 15 18
991WIOdvGK8I5n6G8S0eI2O60XGH,9,plain,none,mixed,1 2 4 4 6 9 10 20 25
991W2Zb9nKInXa214Yz4Y4GaAgmL,9,plain,none,mixed,1 3 5 5 6 8 12 19 22
991W8Zef4nFYo2WG2Gi7QeCa9CYW,9,plain,none,mixed,2 2 3 5 6 12 16 17 18
991W6XeKI4sO6861D3eY8Wfg4b98,9,plain,none,mixed,2 2 3 4 12 12 13 14 19
991WqD5HF6GC51LJK10f2Hmm8I22,9,plain,none,mixed,1 2 2 2 8 14 17 17 18
991W0F0W55KA2HKDo4YGS8k8egwo,9,plain,none,mixed,1 2 4 4 10 11 13 15 21
991WeeagPMOaa0MG2qnaY8yl2V4I,9,plain,none,mixed,1 6 6 6 9 12 12 14 15
991W5LJD3i1PN2A2K2cJabWIbgH8,9,plain,none,mixed,2 6 7 7 8 9 12 12 18
991W8i9XaM4X33eaZ7p4DWK21yIW,9,plain,none,mixed,2 3 4 6 6 8 11 12 29
991WL9IdH44tC0Y2Gw8gI0O5ELGm,9,distinct,none,distinct,1 3 4 7 8 11 13 14 20
991W1WKrHeeOM53421aiR4DPIE00,9,plain,none,mixed,1 1 3 5 8 9 12 18 24
991W8WM95NL9oOKZ1MHowyFh8Q0W,9,plain,none,mixed,2 4 4 6 9 9 13 15 19
991WA1GRK2Nc411820mreRNKH2XG,9,plain,none,mixed,1 2 3 3 8 11 17 17 19
991W8YCZV0g8Hv2G6XGc5YOAF2Aa,9,plain,none,mixed,2 2 4 9 11 11 12 14 16
991WGeLsObY999523i4eNYqvtyu1,9,plain,none,mixed,1 2 3 3 7 12 13 16 24
991WGi91A8Auu34HqHCrAYGO650o,9,plain,none,mixed,1 2 5 5 7 8 12 20 21
991WGI49b1v4A98A8nAUM7CCC2gA,9,plain,none,mixed,1 1 4 7 10 13 13 15 17
991WmKbyPx5gIf1Ga0iKK2g4rEu6,9,plain,none,mixed,1 2 8 10 10 11 12 12 15
991W4EW89HMIo4D1o4A4TEWEBYiG,9,plain,none,mixed,1 1 4 6 7 9 17 17 19
991WKbA-IHAG81GgF50WHpX9AXCZ,9,plain,none,mixed,1 2 5 5 8 8 13 18 21
991WC2wAIT062j3846f829lUaZWe,9,plain,none,mixed,1 2 6 9 9 10 12 13 19
991WG41daIKk2089XBGqK71x9qn5,9,distinct,none,distinct,1 2 5 6 8 10 11 16 22
991W94XmF0qEE12G4H2mHbAa10WO,9,plain,none,mixed,1 1 1 3 7 10 16 19 23
991W2D3K8KrQTVIG888n9CfMEJKB,9,plain,none,mixed,3 5 6 7 8 11 13 14 14
991W8XOgNQoa2Y8H310W_mv8j14X,9,plain,none,mixed,1 1 5 8 11 11 13 13 18
991WC4Dg4h7EIC924WMeKEYAXbZ8,9,plain,none,mixed,1 3 5 5 6 11 16 17 17
991WG820KLAwCM14XAWYAma511Go,9,plain,none,mixed,1 2 2 5 5 7 13 14 32
991W4HGo32HeI1oWAIWcKp4AwOc9,9,plain,none,mixed,1 1 7 10 10 11 11 11 19
991W61XHMrEbbyI40Wb2Jb0WB194,9,plain,none,mixed,2 2 4 4 8 12 14 16 19
991WGkWHH28U4H61WK6nwOJCz6G4,9,plain,none,mixed,1 1 3 3 5 14 15 16 23
991WII8X4IIwPWeB30I2U4JEs911,9,plain,none,mixed,1 1 3 7 7 12 16 16 18
991W81OWuEcG15Sb9GaoommKqH88,9,plain,none,mixed,1 1 3 3 5 12 14 17 25
991W40MLEAPQ6mf1PbvJQvce40MY,9,plain,none,mixed,1 2 4 8 9 9 13 13 22
991W57Ieb5Cl2B2eIbY0RWTeb924,9,plain,none,mixed,2 3 3 4 7 12 14 16 20
991WHBmA4bGnYsXO0CRTKwvC5498,9,plain,none,mixed,2 2 3 6 8 12 12 13 23
991W4N71A4X8b5iWeiItHWKc8Y62,9,plain,none,mixed,1 3 3 5 8 9 11 18 23
991WKp0Wq6TcXoOm42QIT1KL0P8C,9,plain,none,mixed,1 3 4 6 8 11 11 12 25
991W8Y413QWw9iPHIr1I20Kj69M4,9,plain,none,mixed,1 2 5 6 8 10 10 11 28
991WAc03PAcP10nKYPLa30MMi50a,9,plain,none,mixed,2 2 3 4 6 6 14 15 29
991W23ZZWh8IHXeGA4Wkra53HKGa,9,plain,none,mixed,1 2 3 7 9 9 11 15 24
991W5DBac21IJG4oWf8uQHGYv2qi,9,distinct,none,distinct,1 2 4 7 8 9 10 19 21
991WK5aqL6ATDYWK41nq6OP9Kap8,9,plain,none,mixed,1 7 8 8 9 9 13 13 13
991W4524b9AiMWKY94I2Zsbh5me9,9,plain,none,mixed,3 3 4 4 7 11 14 17 18
991WA1NqoCLcILAa84b0hGwu1G_H,9,plain,none,mixed,1 3 3 6 9 9 12 16 22
991W4YWQ-fSN-p8b22OGv0FLm0aI,9,plain,none,mixed,1 3 5 5 11 12 13 14 17
991W92QMDhA9WmC12d1mI1WKX2aX,9,plain,none,mixed,1 2 5 7 7 10 11 11 27
991We52Ri4fMA9aP4z0KeZn8H31I,9,distinct,none,distinct,1 2 5 9 10 11 13 14 16
991WvCEY8ZOxbwY880J41n4UY4A8,9,plain,none,mixed,1 3 4 7 9 9 13 16 19
991WKvMoYeOMQ4U038K2P2mQnM8X,9,distinct,none,distinct,1 3 4 5 6 12 14 15 21
991We9EvA17n-HGHA498iXH2GuEm,9,plain,none,mixed,2 3 6 7 7 12 12 13 19
991WKI4aH4A5IK4X4XwZWW84U6WY,9,plain,none,mixed,2 2 5 5 5 7 10 16 29
991WA0GGb1LNQd8BA1WHbCV4A2Gn,9,distinct,none,distinct,1 2 6 7 8 9 14 16 18
991Wa10QHxQfqbWoeZ0L42nhGomO,9,plain,none,mixed,1 3 5 8 9 10 14 14 17
991WP4Wn8YA1zkmY0WbCfSV4GsmW,9,plain,none,mixed,3 3 5 6 7 8 12 15 22
991WHaGaH9LslPvI0Xru4WG1aXm2,9,distinct,none,distinct,1 3 5 6 8 9 13 15 21
991W1b3GB2AYmuL2gCCaC92W4vIH,9,plain,none,mixed,2 3 5 5 6 10 10 16 24
991WI6Ee6gmeP82aC6eiiuFFq62W,9,plain,none,mixed,3 5 5 6 6 8 8 14 26
991W69W821f6IVmKmW4A2L8T4Wu8,9,plain,none,mixed,1 2 3 6 7 9 9 18 26
991WM2nCIi4-c0aaaen4YGEQDpie,9,plain,none,mixed,2 3 4 6 10 10 11 12 23
991WPcA5IHAWO5DL67G0oj3m4KeQ,9,plain,none,mixed,2 3 3 6 7 7 12 20 21
991WD3kI5FmK54WGC4XJ2v5Av8H4,9,plain,none,mixed,4 4 7 7 8 11 12 12 16
991WIIWK30fI40eM30o8I6j140Q6,9,plain,none,mixed,1 2 2 4 5 15 16 17 19
991W50oe20q8ECAY16Pd189G20eQ,9,plain,none,mixed,1 2 3 3 4 5 16 19 28
991W20iA2kXGtyL221K94HirCeN0,9,plain,none,mixed,1 2 2 7 8 8 11 20 22
991WF0i62f2uK3OW110McXbbXfLL,9,distinct,none,distinct,1 3 4 5 8 10 13 15 22
991WI8WGOMGCZ5GaPg89ELeG61We,9,distinct,none,distinct,1 3 4 5 10 12 13 15 18
991W3GeAOP4iP6ia2H4cE2W7YYc2,9,plain,none,mixed,1 1 4 6 10 11 15 15 18
991Wa2mN3-4LnAB829IBsdQ76qWC,9,plain,none,mixed,1 3 4 7 11 12 13 15 15
991W95MG20HCr5mCAao1WIOOoCX8,9,distinct,none,distinct,2 3 4 5 6 9 12 17 23
991We44NFDme9ZCZa0ZGU2CFGIQ4,9,plain,none,mixed,1 1 2 4 12 12 15 17 17
991WCl8IQiuAE30eK8XWb3C860G4,9,plain,none,mixed,1 1 4 5 11 12 12 15 20
991WA2aeBM7ZaWG12WGG929IOsd4,9,plain,none,mixed,1 2 6 7 7 8 15 16 19
991WW46u6AJLyZj4CC99F44I1mR9,9,plain,none,mixed,1 4 4 4 8 10 11 11 28
991WW1CoiiomteyH98EToHCC4OR4,9,plain,none,mixed,1 3 4 6 7 7 14 18 21
991WuA14SYaLaP8e1C4HQL1PFHu4,9,plain,none,mixed,1 2 3 5 7 11 14 19 19
991WmWmSAYIVz4HP0emC8acKfHaK,9,plain,none,mixed,1 1 5 8 9 10 11 13 23
991W48T2HY9WuJSYn49OIid9Ee54,9,plain,none,mixed,1 1 4 6 9 9 10 20 21
991W0W81Q6aV6XJI824e618qE_I0,9,plain,none,mixed,1 2 2 4 5 8 16 19 24
991W5GeoQ0nyf8I6A2uQIEGGWQ0W,9,plain,none,mixed,1 2 3 5 5 11 13 16 25
991W9AGvkKWE4iy8uH8B6qqMMLe9,9,plain,none,mixed,1 5 6 6 8 13 13 14 15
991W10KFIZ71cL58AY0U3XT0852X,9,plain,none,mixed,1 2 2 5 6 7 13 21 24
991W22HUP0ebldG4WuVKELoYUan0,9,plain,none,mixed,1 2 3 7 12 12 12 16 16
991WI8u3IqhAK2X8PAWJ41PWe4Gq,9,plain,none,mixed,1 3 5 6 8 8 13 18 19
991W61GCBY83X5rH3We886AH5Yea,9,plain,none,mixed,1 4 5 5 6 7 11 19 23
991W8YGeA41PLF8W0W4IKbb5XuM9,9,plain,none,mixed,2 4 5 6 6 7 7 19 25
991W0WC3faXZF50m63Wd61mM99Wq,9,plain,none,mixed,1 2 4 4 6 10 14 15 25
991WA044ONg8GKA41WyWgB0qLLwg,9,plain,none,mixed,2 2 3 3 5 7 10 23 26
991Woaf7HeH161AK29a51G167qme,9,plain,none,mixed,1 3 5 6 6 8 10 11 31
991WY3W-pNfj510W892aCSuIJ3m8,9,plain,none,mixed,1 2 6 7 8 8 15 15 19
991WHOM1oag9fPA94Ama8YCEI6iW,9,plain,none,mixed,3 4 5 7 9 9 11 13 20
991W92m228M9G1II4GG6HaQwwOYK,9,plain,none,mixed,1 2 3 5 5 11 11 15 28
991WWYbQYSdnR6eA993XB4o4Wk0K,9,distinct,none,distinct,1 2 3 5 6 10 15 17 22
991W8rfCDPVonig00X7uHAWBTQ49,9,plain,none,mixed,1 2 3 8 9 12 13 13 20
991WWeD5aJs000ng95WvA2WoIOXW,9,plain,none,mixed,1 1 3 3 5 8 10 16 34
991WiA2WaI9i51GX25XKiHKP6H4W,9,plain,none,mixed,1 4 5 5 5 8 13 19 21
991WC0tT-aISKIUa4KmYaCesag54,9,plain,none,mixed,1 1 6 6 8 12 13 15 19
991WWMH0J4g9C4089AoFIqrWa9YK,9,plain,none,mixed,1 3 5 5 5 10 10 20 22
991W4XuPtgAaZm4m8Y0m9HIIQWnf,9,plain,none,mixed,1 1 4 6 7 11 12 13 26
991WCJ0aS4PGe918C3KH1tbuC2Ye,9,distinct,none,distinct,1 2 3 7 8 10 12 17 21
991W0QWZ3Q98eaA2q0yAjBJS_CWO,9,plain,none,mixed,1 5 7 7 7 9 10 15 20
991W8X89Mb1GbIuo20uYe7CG5tGI,9,plain,none,mixed,1 1 6 7 9 12 12 16 17
991WL44yvYef51SW423GnIHKaQfb,9,plain,none,mixed,2 4 5 9 9 10 11 13 18
991W1SHY9EGa39ISIf0eJ4v9eC10,9,plain,none,mixed,1 2 2 7 8 12 14 15 20
991WAItfPcG8J0HK9aOB0mAiK610,9,plain,none,mixed,2 2 2 5 5 10 11 19 25
991W8BHMw3ua52Oc8D2WJh28CKfA,9,plain,none,mixed,1 4 7 7 8 11 12 13 18
991WEUBaWYwBG2ei59m-18GQQuG8,9,plain,none,mixed,1 1 3 4 8 8 11 19 26
991WaOfkbXOGa51W4cP49Q10292G,9,plain,none,mixed,1 4 5 6 6 9 9 13 28
991W8peY8iffZH8C3X0KI8jGLmo2,9,plain,none,mixed,1 1 7 7 10 11 13 13 18
991W4XnVerPmYTn05I9MQfKqhqSH,9,distinct,none,distinct,2 3 5 8 10 11 13 14 15
991W2GnPg597jPa15I9MT1cAH5Ym,9,distinct,none,distinct,1 2 6 7 9 10 12 16 18
991W5XX8C8YfGe4a50jjL3I41OUC,9,plain,none,mixed,1 2 2 6 7 8 15 19 21
991W2YGo9I82j8I830eAnA8ZzX8o,9,plain,none,mixed,1 3 7 7 8 9 10 17 19
991W1GeE48XdX0XG4Wu72plYIAGe,9,plain,none,mixed,1 2 4 4 5 7 14 19 25
991WC8sC34HaaZc18eUR5PSKX890,9,plain,none,mixed,1 4 5 5 7 9 13 18 19
991W54IRRPbJeA6XI7p0z4HSB406,9,plain,none,mixed,2 4 5 6 6 7 13 15 23
991W1IKE5XmCM0YGXOI2GcqqG11G,9,plain,none,mixed,1 2 2 3 8 10 11 21 23
991W10i96NSZ2Q102mWH3YRIseP0,9,plain,none,mixed,1 1 2 4 9 10 13 18 23
991WXLnKCa0W93Ze8A4u4e5291IK,9,plain,none,mixed,1 1 3 5 10 11 11 16 23
991W6HGC8P9OrIKc31eG8dYqC3cC,9,plain,none,mixed,1 3 4 4 9 12 12 17 19
991W222MjRbYUifHGoWWueqGK7b8,9,distinct,none,distinct,1 3 4 7 10 11 12 15 18
991W0kp18GgyV6megKMYM5A1ID30,9,plain,none,mixed,2 2 4 5 6 13 14 17 18
991W5GeD1CZ4dc8e0X851uKwvA51,9,plain,none,mixed,2 2 5 5 5 6 10 15 31
991W20AIICImTcSHA5HfOocvhGe8,9,plain,none,mixed,2 5 5 6 9 9 14 15 16
991WH499H4SdGAAe8Y0E20XfvJ9c,9,plain,none,mixed,1 2 6 6 7 8 13 18 20
991W814lA2WGK1sI2meCr5eXOYE0,9,plain,none,mixed,1 1 4 6 8 9 12 16 24
991W47fgLD8b5G44S6Y8B6A2kI4g,9,plain,none,mixed,2 2 3 4 6 9 10 14 31
991WYCdEWkmk68Wq0YkJZeanL0Z8,9,plain,none,mixed,1 2 4 6 8 13 15 16 16
991WQ4WYF522mlWH2GnPYg5IOYWf,9,plain,none,mixed,1 2 3 7 10 12 12 12 22
991WLcP5aP2GR2X0I6H3X2Gd0K4H,9,plain,none,mixed,1 3 4 4 6 8 11 19 25
991WHXSC2hIBn9H80HANZrm9Fag6,9,plain,none,mixed,3 4 5 7 7 11 11 12 21
991Wm7ny4s841GOY490ecIc9AX8q,9,plain,none,mixed,1 1 5 5 7 9 12 18 23
991W41s46UfL2WHYQ10L762kgRv2,9,plain,none,mixed,1 1 3 5 7 9 11 19 25
991Wo4WbZIem7n4K891G92jbKamP,9,plain,none,mixed,1 2 6 9 9 10 12 13 19
991W3WuOS70nmK6171ia16W8I0W2,9,plain,none,mixed,1 2 2 2 4 6 19 22 23
991WKbD9EWZCIhb11GfXKY5aR1gu,9,plain,none,mixed,2 4 4 7 7 8 10 12 27
991W8M10Fhi8EC0aaOfh328G8Icn,9,plain,none,mixed,1 3 3 4 4 9 13 21 23
991WbA5v3XQAW22W1Kegg5WSfB0G,9,plain,none,mixed,1 2 4 6 6 7 12 15 28
991WcYabFIOHQPGY18U3BPPW2veW,9,plain,none,mixed,1 4 5 6 9 10 10 18 18
991Wm20HxM5YJWa84gA4U1Wi6Xf3,9,plain,none,mixed,1 1 6 7 7 8 12 18 21
991WA2SR21Y4FvYa10uEoRnDWYI2,9,plain,none,mixed,1 2 5 5 9 10 11 18 20
991W94iITDZKr2u6KKEn8bAP8e10,9,distinct,none,distinct,1 2 5 6 8 11 13 15 20
991W1GG1WijeD3a5A10S4HOLKcgG,9,plain,none,mixed,1 1 2 7 7 9 12 16 26
991WZ8db6IdLIaXG12X0E2LkWeQ6,9,plain,none,mixed,2 3 5 5 7 9 12 16 22
991WIcHKLv_fqiuE4168H0wGYYG8,9,plain,none,mixed,2 2 7 8 11 11 12 13 15
991W3HOOM7HWaPB192GH3S0GI8kC,9,plain,none,mixed,1 3 3 4 6 9 16 16 23
991W8cPaV8Q8K0U58JI2agQQIH8G,9,distinct,none,distinct,1 3 5 7 8 11 14 15 17
991WGvWqTmC9Ve925DTo589A7A0C,9,plain,none,mixed,1 1 1 5 8 12 13 19 21
991W2GKU5UXEei62314U443qI6CG,9,plain,none,mixed,1 1 3 5 5 6 15 20 25
991WWG60N4GjIeafm2CjA1Wu10P8,9,plain,none,mixed,1 1 2 5 6 9 11 14 32
991W2a6aIKc5XA2KG6ZWewCRSF0K,9,plain,none,mixed,2 2 2 7 7 9 14 17 21
991W8Xea7XutB4Z810K6w6IAu0G8,9,plain,none,mixed,1 5 5 6 7 9 12 15 21
991W10eC8I71ebD94XeS8Y71uMP0,9,plain,none,mixed,2 4 4 5 5 8 10 19 24
991W2HXNu0PgxC12AHn9SvDPDqAY,9,plain,none,mixed,1 4 4 5 9 12 14 15 17
991WGaY8u4X5oXW84cGYCZECX08E,9,plain,none,mixed,1 1 6 6 10 10 11 12 24
991WI2WmAoPIc2ma0WI86d8N330G,9,plain,none,mixed,1 1 5 7 8 11 14 17 17
991W2aDT2WxGh9J120gdfyeqII70,9,plain,none,mixed,1 3 4 4 8 9 10 20 22
991WaWeuq2UNH1P2f1WlLxXOHn04,9,plain,none,mixed,1 1 5 8 9 13 13 14 17
991WHANvlawj20WOY3JC64b4e8Wa,9,plain,none,mixed,1 5 5 7 8 9 13 16 17
991W8YaXPQEI2S105X4YIaQ4jA0E,9,plain,none,mixed,1 2 3 6 6 11 12 18 22
991W2H9MmW5MAKyWQ5Wd8Sr89zn1,9,plain,none,mixed,1 3 3 7 9 10 11 13 24
991W088o43YGI0W9oav8C5n0GA2X,9,plain,none,mixed,1 1 1 3 4 10 16 17 28
991WmA2WZ4154sz445369oKMAImb,9,distinct,none,distinct,2 3 4 5 6 8 12 20 21
991WH9p4pCc8J38Y38n2GO9c4X08,9,plain,none,mixed,1 1 6 7 8 11 13 15 19
991WGuWkd8gJ3WY81U1W81oKqgGe,9,plain,none,mixed,1 1 6 7 9 9 12 12 24
991W096EU2NK4XM1HQYKh551FbhG,9,plain,none,mixed,1 1 2 8 9 9 15 18 18
991W0cLbcYGMIbA4C264F2SrYB6H,9,plain,none,mixed,1 2 4 6 9 10 15 17 17
991WIKv24P-PIPAI1X0sDY9mg3AG,9,plain,none,mixed,1 2 7 9 10 12 12 14 14
991W8Y4TJ5ZUK-F410eXOX1KIS4a,9,plain,none,mixed,2 2 4 5 5 14 14 15 20
991Wy9041HOK6X8kH0I41L9L93W8,9,plain,none,mixed,1 1 2 5 8 11 12 16 25
991W31AQYDYWI915I2ymF8z1m61X,9,distinct,none,distinct,1 2 3 5 6 11 12 14 27
991W1n4Agz8KQ9XI90yG9lM52T0W,9,plain,none,mixed,1 3 3 5 5 14 16 16 18
991W6JXR6k8jM2Oca8ZsD18A1aoW,9,distinct,none,distinct,1 2 4 7 8 10 13 15 21
991Wa20So90eXO0IA9Mr-LWaGaD5,9,plain,none,mixed,2 2 3 4 9 12 12 18 19
991WGnCJ413WM2H01Gc7ZYGY8K4X,9,plain,none,mixed,2 2 2 3 6 11 11 20 24
991WG48iP2JYLDWe9YbI9oH6J8Y8,9,plain,none,mixed,4 5 6 8 9 11 11 13 14
991WH893nBS9J4GmDDm940aBj2nG,9,plain,none,mixed,1 5 5 6 6 7 13 15 23
991W2CzhA8itq30JHPizQc18X364,9,plain,none,mixed,1 2 5 7 7 10 11 14 24
991We3n3GMcg1WOBX0X8b5I5H2X1,9,plain,none,mixed,1 1 4 4 10 11 12 19 19
991W21pdImB2eS60A4aMTBH4fCIJ,9,plain,none,mixed,1 4 4 5 6 7 14 19 21
991WA0G31P9LI7Z8aOY20HwOP5mK,9,plain,none,mixed,1 3 3 5 8 8 9 14 30
991W22iR3BLvOH5oAZ8vvfH8O84m,9,plain,none,mixed,1 6 6 6 8 9 11 12 22
991W41FKOILaf3XeAKyICPAGug9A,9,plain,none,mixed,2 3 6 6 7 9 12 18 18
991WG4_4HBHWBQOQ8bc5auhDG894,9,plain,none,mixed,1 5 5 5 5 9 11 16 24
991W690nBrQo8WSGXafQ1Ba98XD2,9,plain,none,mixed,1 1 5 7 8 10 13 17 19
991WH8YG6uK60Z8UAP6Hak2H7208,9,plain,none,mixed,1 1 4 4 5 11 12 16 27
991W1OfJ8IHqiR0GiNGO8KZ8LBH2,9,plain,none,mixed,3 4 4 7 9 9 14 15 16
991W1WefLMGW28P42WamT4IY2KfQ,9,plain,none,mixed,2 2 3 4 5 11 18 18 18
991WGF2GvNKE80mGa218hZyp1Weg,9,distinct,none,distinct,1 2 3 4 8 9 11 20 23
991WGa0kFr3yQ9YO2WHII6OOH9Ia,9,plain,none,mixed,2 2 2 7 12 13 13 13 17
991Wc5Z8oyGW00467CGC24WO4I4I,9,plain,none,mixed,1 1 2 3 5 6 15 15 33
991W104v9oJXLesM92iXHIT4wDym,9,plain,none,mixed,1 3 5 5 5 10 14 18 20
991WEAHZ951h39w4W48sYXcHP4id,9,plain,none,mixed,1 2 6 8 8 8 14 14 20
991W4HWTTA1QZ8E08JmWA9GwJa6Y,9,plain,none,mixed,1 1 3 4 7 10 12 19 24
991WCa4a2CwjAKX2113AfYObKSX2,9,plain,none,mixed,1 2 3 8 10 12 12 13 20
991W8HAeB0bnC51W9aP8qrWWCF1a,9,plain,none,mixed,3 4 4 5 7 8 12 14 24
991W93kmML0N470GG20hY9Haw6IO,9,distinct,none,distinct,1 4 5 6 8 9 11 17 20
991W5CwEsaCJ410O29Zew56089I4,9,plain,none,mixed,1 2 5 5 7 8 9 16 28
991WGqvGQK6fS5na00mRE5sYOA0a,9,plain,none,mixed,1 1 3 3 9 11 12 17 24
991WP46veQWef8f60asCIYfLqj10,9,plain,none,mixed,1 3 4 8 10 11 11 16 17
991W952HZOXKDrTHI23kQAYe4HHW,9,plain,none,mixed,1 3 5 7 8 12 14 14 17
991WY9Q8S31G81acD9Ieb-91W452,9,plain,none,mixed,3 3 4 4 6 8 10 13 30
991W1GDCI19IvD4HIaqK5X1Gjc9W,9,plain,none,mixed,2 2 3 3 8 10 14 17 22
991W21R5oF1mOaWao8Z3q5JdXq4X,9,plain,none,mixed,3 3 7 7 7 9 10 12 23
991WS10D3A-XI8U40HQG34nAAJ95,9,plain,none,mixed,1 1 3 4 7 12 12 17 24
991W51zDlGK82CXG8H9nOP4eG80e,9,plain,none,mixed,2 2 3 4 5 6 12 23 24
991W2L7nwG9i6IaTn9H8Dv0fB3G4,9,plain,none,mixed,1 3 4 8 9 9 12 13 22
991WeMGXZ4r2I5WaOj818I8DxEWO,9,distinct,none,distinct,1 3 4 5 7 10 13 15 23
991WeM7YBDmQ70G1MAWG418YBK60,9,plain,none,mixed,1 1 3 4 5 9 16 18 24
991W4YcfmB252GWEH5Xea8Wi8Q0g,9,plain,none,mixed,1 2 3 4 4 7 9 21 30
991WKE5eH6AIJY4BH8mocHLoH5EG,9,plain,none,mixed,1 3 4 8 8 10 15 16 16
991Wf5BYA6Geb9660EGyq1KzeWC1,9,plain,none,mixed,1 1 2 5 7 12 15 16 22
991WOY5KeeH4HhcY13xG8a52VCj8,9,plain,none,mixed,1 3 4 8 8 9 11 13 24
991W94eGf899Krn2Q5YOA6sYaKv4,9,plain,none,mixed,1 2 5 5 8 12 13 13 22
991W8g7Qy6WcXJOQ68xk0L8hACP0,9,plain,none,mixed,2 3 3 6 6 6 11 19 25
991Wff9go14W4CWI8b43xp91mI0u,9,plain,none,mixed,1 1 5 5 6 6 8 22 27
991W8ZGlag8X3GW8C0W8z2H4eaeY,9,plain,none,mixed,1 1 7 7 8 9 14 15 19
991W61PAoO426yKa2J9JKXJ2WgY5,9,plain,none,mixed,1 2 4 4 8 9 12 14 27
991W84XCXq940WE3HNI4X8Ha720I,9,plain,none,mixed,1 1 2 5 7 10 15 20 20
991WGaR2nBfCH4E42K4O40WK-m42,9,plain,none,mixed,1 1 3 4 7 10 18 18 19
991W8GI8I4bKOHWOL3G2XehWB2oo,9,plain,none,mixed,1 2 3 4 5 10 12 22 22
991WiWm8QSXf2GC2AB2KAAXYeY4O,9,distinct,none,distinct,2 3 4 5 6 10 13 14 24
991WKAYGaA4IenCaZ4B2NyG41GWL,9,plain,none,mixed,2 4 4 4 8 8 10 14 27
991W93iqB2ilsZS80WG68QJ7M8LI,9,plain,none,mixed,5 5 6 7 9 9 9 12 19
991W510JZKaI5E5G6JeY8wYG9af1,9,plain,none,mixed,2 2 3 3 9 12 13 16 21
991W30iN7A2KLBg450O26N4IooY8,9,distinct,none,distinct,1 2 4 5 6 9 11 17 26
991WXcgqag70eC0J8SYFCL2GS148,9,plain,none,mixed,1 4 5 8 8 8 8 10 29
991WH144XOc8HQ5Y52UWec9suE6C,9,plain,none,mixed,2 3 4 5 6 8 13 20 20
991W2CMKefPe4xb098z2VJc-3YJX,9,plain,none,mixed,1 2 4 6 10 13 13 14 18
991Wq58F2EmqBJAHb0rLG0vG8eFa,9,plain,none,mixed,1 1 4 4 5 7 11 16 32
991WKA8v3Y04AOJ2W4F2FDpUuL0s,9,plain,none,mixed,1 1 4 6 7 8 12 18 24
991WA0EEO4Oq5F80qh6gDJZOiac9,9,plain,none,mixed,3 3 5 6 9 11 12 14 18
991WK55GK104DEoC4X8X94vCG430,9,plain,none,mixed,1 2 4 6 8 8 9 16 27
991WC2Gy0W5y0zye1WKEQyIgBJmX,9,plain,none,mixed,1 1 5 6 7 8 11 14 28
991WXYKgD4c8YaO90OkOoFYFVPb0,9,plain,none,mixed,3 3 3 5 6 10 16 17 18
991WIKWUHrHAnCXO105vUIW6J12W,9,plain,none,mixed,1 2 2 4 7 11 16 19 19
991WA1TBjno14HfEC3nTxHBe4O8O,9,plain,none,mixed,1 1 4 6 9 11 12 16 21
991W4D1GGgwJXOA4m5Y8c3GiDmGA,9,distinct,none,distinct,1 2 5 6 7 9 12 19 20
991W8oCS8YAbdZmfQ69Y9K0aQmL8,9,plain,none,mixed,2 5 6 7 8 12 12 13 16
991WbABYWeS_X4GA0IziX0W5aHG4,9,plain,none,mixed,1 2 2 6 10 11 11 15 23
991WIe8a4NHLZv0e1CLHAGU4yZGA,9,plain,none,mixed,2 2 2 5 10 11 14 15 20
991WGZA6H50OmgH81MJVd5XL9a10,9,plain,none,mixed,2 2 4 5 9 10 12 14 23
991WWKX2SobJaQTKHCKOAn3OseKX,9,plain,none,mixed,3 4 4 5 9 9 12 16 19
991W3WaG6nGgXuW80mO62cA-A99a,9,plain,none,mixed,1 1 3 9 9 10 10 12 26
991WuE7P4T1gZOWC2JGGN6G93WAK,9,plain,none,mixed,1 1 3 3 5 11 12 16 29
991WQ7c93X0B2b1G8K42GfeYCYY4,9,distinct,none,distinct,1 2 3 4 5 10 13 15 28
991WKOHjRbNAIhWO1Cj14fZ26YZG,9,plain,none,mixed,1 5 8 9 10 10 11 13 14
991WEKbHiIdff4mC4Ikaab8410G4,9,plain,none,mixed,1 6 7 8 9 9 10 11 20
991WC001MYH4IAGC8YCRaJ4cC31G,9,plain,none,mixed,1 1 2 3 6 9 16 16 27
991WH232KrF68eueJ2Fde8YA1Kna,9,plain,none,mixed,1 4 4 4 6 9 13 19 21
991WLDH4I9oK4XKOn1W825Xn1W81,9,plain,none,mixed,1 1 4 6 9 9 14 15 22
991WTFAKHqSM710X4B1eAGG2q2GD,9,plain,none,mixed,1 2 4 6 6 11 16 17 18
991WGOB2Er4eCYAA8S0u8pqC39WW,9,plain,none,mixed,1 1 4 6 6 9 12 19 23
991WC2WaJAGO20a4610mc1JhWeA3,9,plain,none,mixed,1 1 1 5 6 11 13 21 22
991WOKmS8YEIGGaDH4YEhi8WePK8,9,distinct,none,distinct,1 2 4 6 7 10 14 15 22
991W2YKPYWq9J0qMD2GYueFG3hy8,9,plain,none,mixed,1 3 7 7 8 11 11 12 21
991W51KeJXWLAFIKGa9n5a1ET4I8,9,plain,none,mixed,1 2 4 5 5 11 14 17 22
991WW5mPAZKei110X893RPIeS718,9,plain,none,mixed,1 4 4 5 6 8 13 17 23
991W436bIia4D2U1K2aXXaHy4JA9,9,plain,none,mixed,1 1 4 5 9 11 13 13 24
991W9EK7X3T76Ta8OP9T3HGHHJ6a,9,plain,none,mixed,2 5 6 6 8 8 13 14 19
991W4q10WqGeH14OIdgEYWeF4wCG,9,plain,none,mixed,1 5 5 5 6 6 8 16 29
991WH9mo4nEnffY80Cb99yQ4GYm8,9,distinct,none,distinct,1 2 5 7 8 10 14 15 19
991WGY52YxaaA2Gq233G2H0kADWm,9,plain,none,mixed,1 1 5 6 9 11 14 14 20
991W1GG4y1jmnGn09XGh5pCf31oA,9,plain,none,mixed,1 1 1 8 9 12 13 16 20
991W8WmKfMXe210BcBYaA4kGa14W,9,distinct,none,distinct,1 2 3 4 8 10 14 18 21
991W2tH289Q6YAXXWPcuIf8LnR4m,9,plain,none,mixed,1 2 6 6 7 11 13 14 21
991W6mDpSy9D49084mf65iL8H1mW,9,plain,none,mixed,1 1 3 4 7 8 18 19 20
991WX58m41DLY50e0uT9A8-CY514,9,plain,none,mixed,2 2 3 5 8 10 16 17 18
991WG40ogXN9AWO652XaKYeU54LH,9,distinct,none,distinct,2 4 5 6 8 9 12 16 19
991WL6DQeiPs_XE012jRgKGYi462,9,plain,none,mixed,2 3 4 8 11 12 12 13 16
991W2WO7YVy-Ik0G8maK1nAcCaGC,9,plain,none,mixed,1 4 4 7 9 9 10 13 24
991WeY8yK4Xh41GX28Yi1LGaHqj6,9,plain,none,mixed,1 2 4 4 11 13 13 16 17
991W44XFCYn8HOL8WO8f4R5r6Kai,9,plain,none,mixed,1 3 6 6 9 11 14 15 16
991WAIPAJ4IY8YIIGKmaQMZOeuW8,9,plain,none,mixed,1 3 4 5 9 9 9 16 25
991W92S813nSX8THKbLO41LnWKA0,9,plain,none,mixed,2 3 4 5 6 6 17 17 21
991WWq8KLc1Gc1YK2unWU1GHO90G,9,plain,none,mixed,1 1 3 4 8 11 15 15 23
991WH4Ofw9Wv8eusYgDJ60L2W4Ge,9,distinct,none,distinct,2 3 4 6 7 8 10 14 27
991W54mKwFHIDB9G2IBFub6n3mW8,9,distinct,none,distinct,3 4 5 8 9 10 12 14 16
991W67Ig8KDGKAZ0Cb2JCNlOM2WG,9,plain,none,mixed,2 3 6 8 9 10 10 11 22
991WD2IqCX8A3nJ2CL1HmGe49G84,9,plain,none,mixed,1 1 5 7 7 8 15 16 21
991W36M7GuWGe5XKZF90XeeHS12G,9,plain,none,mixed,1 3 3 5 6 6 7 22 28
991WAUCaG0XgRcH0I8Xv4XA8xMCZ,9,plain,none,mixed,3 4 4 5 5 8 13 15 24
991W47TZbCo4nDea0YMPUKfHew0W,9,plain,none,mixed,2 2 4 4 9 10 13 17 20
991W4IWYaK8Sd8Q18XGSl898IJEI,9,plain,none,mixed,1 2 3 8 9 11 13 17 17
991WC3MLXeliEYOI26He9q9QXQWG,9,plain,none,mixed,1 4 5 6 9 12 12 15 17
991W85WOXeIdOaQXuCL0owih52aa,9,plain,none,mixed,2 2 5 6 7 8 13 15 23
991W528XG97nSY4eb8YocGC2WaOn,9,plain,none,mixed,2 2 4 5 6 9 11 13 29
991W2IJIJA4G41WGgD2GM3EYSXAA,9,plain,none,mixed,1 1 4 9 9 11 12 16 18
991WIgAOcH9oM3Y0486BHH7av3mC,9,plain,none,mixed,2 2 4 5 9 11 11 16 21
991WeXH8nKHGi58oa2PLqXfweY0G,9,distinct,none,distinct,1 5 6 7 9 10 11 13 19
991WX75y1WPoRs-4AQWXY6GXxC44,9,plain,none,mixed,1 1 2 5 7 12 15 16 22
991WZ2hzUKrM412W8S245KWun0n4,9,plain,none,mixed,1 1 4 5 8 13 14 17 18
991W2H8W18QfK8Z0D2ejIOyC9Fnq,9,plain,none,mixed,2 3 3 6 7 9 12 16 23
991WCiB49LesILG88O6-WXKBLmSn,9,plain,none,mixed,1 1 4 5 6 7 14 17 26
991W4JeW5IOMZ2W42GyFl6IZi6JK,9,plain,none,mixed,1 6 7 8 8 10 12 12 17
991W4HLIdemb5G202o92JfgYqi88,9,plain,none,mixed,1 2 4 7 7 12 13 16 19
991WO1Mj3JdnaPIG84Z4y2bHWeA4,9,distinct,none,distinct,1 2 5 7 9 10 12 16 19
991WA8XJ6pXGY9069EMfCKzXO151,9,plain,none,mixed,2 5 6 8 8 9 10 10 23
991WC3i4Y8fgQw10A0i1Iefm4D8K,9,plain,none,mixed,1 2 2 4 5 7 15 20 25
991W4454F98aGQ080ng-eJaOJ5JI,9,plain,none,mixed,1 1 1 6 7 9 16 17 23
991W40kDZ5GD514aI1W82PnKIuia,9,plain,none,mixed,2 3 4 9 9 9 10 16 19
991W9LeA5OiduBX860tAJRu4k8Ga,9,plain,none,mixed,1 2 3 7 8 9 16 16 19
991W8YK8WaJIf85IA1C6H4bfluT4,9,plain,none,mixed,3 3 5 6 6 7 13 15 23
991WYP9TdI741Xqn37WS1PP57Df0,9,plain,none,mixed,1 1 3 8 8 10 12 15 23
991W0S8YDZ0cX4WOq9PL6IWg5CX8,9,plain,none,mixed,1 1 3 7 12 12 13 13 19
991W0mWY8PPF8B222XWKLqt5qIIO,9,plain,none,mixed,1 1 2 6 8 13 15 16 19
991W4JE4a528bfIiYDZ0GQsWv29Y,9,plain,none,mixed,2 2 4 5 7 7 8 21 25
991W50qI9LAYW4yW10uLAT5JufLc,9,distinct,none,distinct,1 3 4 5 6 8 10 19 25
991W4OcXJ6f9CXA1WYClSVGKD2aC,9,plain,none,mixed,1 4 8 10 10 11 11 13 13
991W2kNnAIALiOHmY2E3B4FpFgOO,9,plain,none,mixed,1 5 5 7 7 10 11 15 20
991W1WgHi6XmCSH4Gn06A5g20iAa,9,plain,none,mixed,1 2 3 3 7 10 12 18 25
991W50gH3IO-iM8G9KD0K_ZaH9V1,9,plain,none,mixed,2 3 5 7 9 10 10 14 21
991WW50YE0f2gQeMMDsHr2KeALvO,9,plain,none,mixed,1 2 3 7 8 8 12 18 22
991W18L8HYRgz4T4c58O0WHe5IBX,9,plain,none,mixed,1 4 5 5 6 10 11 15 24
991W230q8Q4gP0832X8MYEXa9YWX,9,plain,none,mixed,1 1 2 7 10 12 14 15 19
991W62H8D1mHa3U892DZiWlo2Ge5,9,plain,none,mixed,1 5 5 7 9 10 12 14 18
991W1Fubv92JCea4XsIKGf9JWaeb,9,plain,none,mixed,1 4 6 6 9 9 13 15 18
991W21rKc251pAGG5I9AKu9qbPN1,9,distinct,none,distinct,1 2 5 6 9 11 12 17 18
991WWKmoOM6GA7Ya18rcAKQ1mA28,9,plain,none,mixed,1 3 4 6 7 8 11 11 30
991W0063HHaR7DHGKZ4I4W4RB4I8,9,plain,none,mixed,3 3 3 4 4 7 12 13 32
991W2j8GBnyOsBW0He57TAK886XW,9,plain,none,mixed,1 2 2 4 4 8 12 19 29
991W32Aio4GAZZ0n74fYeA9ymWW9,9,plain,none,mixed,1 1 5 7 7 10 14 18 18
991W4vAUc2J42GG8b2WiD2HJ9WQ2,9,plain,none,mixed,1 3 7 7 8 10 11 17 17
991W4FCnw9241bh2HQ1IWdbgPg20,9,plain,none,mixed,1 1 5 6 8 8 9 20 23
991W4H0K946aaLbe82uy9I8WN5p1,9,plain,none,mixed,1 2 3 6 11 11 12 12 23
991WO4co8aLW8pm8fCGOmU8YEqsJ,9,plain,none,mixed,2 3 4 5 7 12 13 13 22
991W828v2mYS23Aa1GW8AaLlOz2W,9,plain,none,mixed,1 1 3 4 4 11 16 19 22
991W9IHYfbP8DN50031M5GeEP0o9,9,distinct,none,distinct,1 2 3 7 8 11 14 15 20
991WE4aQAKQ2Crb410ZJTPKM3tM0,9,plain,none,mixed,1 3 4 7 8 13 13 15 17
991W3IKM25YMqhu161KBohKEQK40,9,plain,none,mixed,1 3 3 4 6 7 13 19 25
991W0e41AD0I2c9ZoX88EZueAA0X,9,plain,none,mixed,1 1 2 4 4 12 13 16 28
991W2WqT3pmasZ1W8oKYDKn2fZ20,9,distinct,none,distinct,1 2 3 5 6 9 14 17 24
991Wa1GOV4arc2IGY0yl64j7kBYa,9,plain,none,mixed,1 5 6 7 8 10 14 14 16
991W4GekxvIK9CH81I8IHD0HGf8o,9,distinct,none,distinct,1 3 6 7 8 11 14 15 16
991WGX8OagGTeH8e90gAbnbrUOg4,9,plain,none,mixed,2 2 7 8 11 12 12 12 15
991W1WM8J09p5IE9MJWK6n5X5uX8,9,plain,none,mixed,1 3 3 4 7 12 14 18 19
991W8X6IL4T8i8W4OIGKaYOfCCYG,9,plain,none,mixed,1 2 7 8 10 11 12 12 18
991W5Ig5AX8I6gq48a51ycJn4-i8,9,plain,none,mixed,2 4 8 8 8 8 10 11 22
991W4XGC2kmeC66W4WiG4bGCz4H7,9,plain,none,mixed,1 3 5 5 9 11 12 16 19
991W1PegY1mOA80GKgEZvpAGY2Ye,9,distinct,none,distinct,1 4 5 6 7 10 11 15 22
991W4WJ616T-217AH2LGHCl8n34g,9,plain,none,mixed,1 3 3 7 7 11 14 16 19
991WH4fXl7VX2P1m2ZL03IRGw712,9,plain,none,mixed,1 2 3 5 8 10 15 15 22
991W4XWBcXWGG4PAC10K56YHaa4X,9,plain,none,mixed,1 2 2 3 4 11 14 16 28
991WY4cC14N2mWGKCjW20WDZIa2O,9,plain,none,mixed,1 1 2 4 4 7 12 19 31
991WW2024GKhv-0W4vIHM7XyOcXY,9,distinct,none,distinct,1 2 4 5 9 12 14 15 19
991W80Ie924xChWIGc5Xc9pt1mWK,9,plain,none,mixed,1 2 2 7 8 9 14 15 23
991W60A2GWc-GQ4LIIuQ5PY4YHqG,9,plain,none,mixed,1 2 4 6 6 9 10 17 26
991W1GO2M78IeI619I8A5IavUOK4,9,plain,none,mixed,1 3 3 4 11 11 13 13 22
991WkE3XMoO961GO432GA9mhC1X4,9,plain,none,mixed,1 4 4 5 5 9 15 18 20
991W843Wq4fAbex6K1J9AHyK40W8,9,plain,none,mixed,2 6 7 7 7 7 8 11 26
991W125IKIXeg2mIYepSGJ4YeU0G,9,distinct,none,distinct,1 3 4 7 9 10 12 14 21
991W8p3YX4HaM8Ga15Sh1iR6u22W,9,plain,none,mixed,1 1 3 6 8 8 13 19 22
991WaYGcKeEgL8A1e3uQlWW4fb58,9,distinct,none,distinct,1 4 5 6 8 9 11 17 20
991WWZg2WvnWI2ai8ih2J9H8KL5Y,9,plain,none,mixed,3 4 4 5 6 6 9 19 25
991WH6EI6H8iICmI8a64I0awlQHK,9,plain,none,mixed,4 4 4 5 8 10 13 15 18
991W6X4Y3CAHN49m110TV7F5zuv2,9,distinct,none,distinct,1 2 3 7 9 10 15 16 18
991W5H0A71QUX2G030O61MaLji92,9,plain,none,mixed,1 2 2 4 9 11 12 16 24
991W98IC0XLCuE0HETpHLKmaC109,9,plain,none,mixed,1 4 5 6 9 9 12 14 21
991W4GawL2WGL6ZY5HGWMgoNeS10,9,distinct,none,distinct,1 2 4 5 8 9 14 15 23
991WHKQ81Rvy10OgEKb5K4GnIf0W,9,plain,none,mixed,1 3 3 3 5 13 15 18 20
991W4X6mI8YDGc5G8dPICJ0428v9,9,plain,none,mixed,3 3 4 4 5 6 10 21 25
991W81q4AZ0C0f2GAIegYbYiP5AI,9,plain,none,mixed,1 1 6 6 6 9 12 17 23
991WH32sRGmNIH0bI2YU3wgCPIaI,9,plain,none,mixed,1 2 5 8 8 13 13 15 16
991W0GK4Swd4AC822XSk93G-qk08,9,plain,none,mixed,1 2 4 4 7 10 15 15 23
991W18YB10KAQIW0eW861GMgCduY,9,plain,none,mixed,1 1 2 4 7 7 10 16 33
991W20YS1CPAlWMHArP2H6D9518G,9,plain,none,mixed,1 1 4 7 8 11 14 14 21
991W0W62kyXqe4imGZmh52qM6kaQ,9,plain,none,mixed,1 6 6 7 7 8 8 14 24
991WegGPHKKN71GQG82eQ48boKGG,9,plain,none,mixed,2 2 2 4 7 11 12 15 26
991W81SqSqYWL5AK8ImHtImqir2W,9,plain,none,mixed,1 2 6 7 11 11 12 12 19
991WbebAI4PfgI6X0qG80e8yf5oG,9,plain,none,mixed,1 1 6 8 9 11 11 13 21
991W8o8I62YGDPec41yVK3aY9uG2,9,plain,none,mixed,1 1 1 6 11 11 14 14 22
991WCR0K5AGPkh0Cb4b978k1oCv2,9,plain,none,mixed,1 2 4 5 9 9 12 13 26
991WK0kCAYWO93CamA0WFBSNSe52,9,plain,none,mixed,2 2 3 7 7 11 11 18 20
991W40Y8GxBTE4meO3GhDA8h92mm,9,plain,none,mixed,1 1 1 6 13 13 15 15 16
991WKA3W2pgun1mKYA96iYOD220m,9,plain,none,mixed,1 2 3 5 7 10 16 16 21
991WHQ6HlKzHoLSe1B8nq9-XYf40,9,plain,none,mixed,2 2 6 10 10 12 13 13 13
991WP084YD3AYCKA8WMI4Xeho0qE,9,plain,none,mixed,1 2 3 4 10 10 10 17 24
991W2fJaAXmL1ZWaOC2WqeqdaYGe,9,plain,none,mixed,1 4 4 6 8 10 10 13 25
991W9CNCPO000rI8A96I8YD3KbIY,9,plain,none,mixed,2 5 5 5 6 6 8 11 33
991W9Y10kp8IA2ce425X720MbY8H,9,plain,none,mixed,1 1 2 7 9 10 13 16 22
991WGo9G92IuqzefI46aIMPeK9KI,9,plain,none,mixed,1 3 4 9 11 11 12 14 16
991W8qbSA20We0qMWeGaijCYGC42,9,plain,none,mixed,1 3 3 3 8 8 11 14 30
991WBBGC9nqJZqY2n0C0SFGD4oWI,9,plain,none,mixed,1 3 3 4 8 8 9 11 34
991WeM3Xj29GI0WGGvCv4IqeE2Z8,9,plain,none,mixed,1 4 4 6 6 9 16 17 18
991W2AX8AIdHQqC0YKradf8C30aX,9,plain,none,mixed,1 5 5 7 7 10 11 17 18
991W57T_YuBKDeY88IQEA4OKEeGK,9,plain,none,mixed,1 7 7 8 9 10 11 12 16
991WXd9LmS6Xe6121A9AWI4XuM04,9,plain,none,mixed,1 2 5 6 6 8 8 11 34
991WM5P2IX8H88W80m8I5bBWe3Wq,9,plain,none,mixed,1 2 3 3 8 9 13 19 23
991WHaSrmwH4F20W80XyGYOa4dA2,9,plain,none,mixed,1 1 3 10 10 12 13 13 18
991W253G-K6kG0024awSfBG810qb,9,plain,none,mixed,1 2 2 4 5 7 9 24 27
991WMAGR5X4cqjCmH846ooJa644w,9,plain,none,mixed,1 1 3 5 7 11 13 19 21
991W9QZ4sabvSHa958JYA1VW8120,9,plain,none,mixed,1 1 6 8 8 10 13 16 18
991WaAIKAYHGgATc945C-1mgaAAX,9,plain,none,mixed,3 3 4 5 10 11 12 16 17
991W2XX8L11862qs51HeQfqo0862,9,plain,none,mixed,2 3 3 4 6 8 13 13 29
991W8GWuwD39Pa8I8GKmnhyB3Go8,9,plain,none,mixed,1 1 3 6 7 7 15 19 22
991WCv0OA4KoaKA5GeUSA48I6vS8,9,plain,none,mixed,1 2 3 4 8 14 14 17 18
991W42GXZMkj4YAY8JmaafIeL4ma,9,distinct,none,distinct,1 3 5 6 9 10 12 17 18
991Wq21GM0N9n1GOIC8Os3eV20WK,9,plain,none,mixed,1 1 2 3 10 12 13 17 22
991WGpeI42mSoZ4X5X2MNOPGHA8W,9,plain,none,mixed,1 1 4 5 8 13 13 14 22
991WOMHAOcX8IJIA004BSNC4nvQK,9,plain,none,mixed,1 4 6 7 7 7 9 18 22
991W8H6HGyJ4KYZI955YuqH7Ls0G,9,plain,none,mixed,1 4 7 8 8 9 10 15 19
991W89p0Npo2GM59e4nQoM68Q5HX,9,distinct,none,distinct,1 2 4 6 9 10 13 14 22
991WWU8H4GO6JCW8Wa64H3Gt9Va9,9,plain,none,mixed,1 1 4 6 7 9 12 16 25
991W991HuT8KJ65W8CZEV8I221XB,9,distinct,none,distinct,1 2 4 5 6 8 12 20 23
991W8ImaLPOsFY4X11miI6Aa2XAW,9,plain,none,mixed,1 2 7 9 9 9 13 15 16
991W46JomoWH1148M2YOCD_6HXOh,9,plain,none,mixed,1 2 4 4 8 11 11 19 21
991WG22o6g9ILKiIA7ZnMH8X9q54,9,plain,none,mixed,2 4 6 6 10 11 12 13 17
991W8K8ig0W9ypDJ91BL51HWG8G8,9,plain,none,mixed,1 3 4 4 7 10 12 14 26
991W1GYepiYGhcM0I0iXPcgK8HUK,9,plain,none,mixed,1 2 3 5 12 13 15 15 15
991W1mGKdFJ8M7W48GKJ2MHP8A0W,9,plain,none,mixed,1 1 3 7 8 8 10 21 22
991Wf6eF30caEBz118jBX85EiJ98,9,plain,none,mixed,2 3 5 6 6 8 10 15 26
991W4X7XLKL4A0G29aOoL3Gs8Q0e,9,plain,none,mixed,2 2 4 7 10 11 14 15 16
991WID2OZ0C212SAaK410g9JT6fn,9,plain,none,mixed,3 3 3 4 5 8 10 10 35
991WA24WDoYOL9Gm1GeCfPaL813W,9,plain,none,mixed,1 1 2 5 8 9 16 18 21
991WAOWeJZemA4J40S3o11mAE12G,9,plain,none,mixed,1 1 1 1 10 13 16 17 21
991WY8uuc3WoIKyIWd9r2Ko9IeM0,9,plain,none,mixed,1 3 5 6 8 11 13 13 21
991W8YaqHHJ4210e20myFKV4e23G,9,plain,none,mixed,1 1 2 7 9 12 13 15 21
991W4GHeqEJb82GW8GLHARdPHaRA,9,distinct,none,distinct,1 3 6 7 9 11 13 14 17
991W0naE8ooba2081WeAB-cmn5Ge,9,plain,none,mixed,1 1 5 5 5 8 13 20 23
991WAW80e6bGC8Wq4J8cZOeH451O,9,plain,none,mixed,1 1 2 4 5 8 10 20 30
991W20uL8WI4oj94HKnCV5yPjK1W,9,plain,none,mixed,1 2 4 9 10 10 13 14 18
991W9488Q5I82ADG1WtiNruIYabA,9,plain,none,mixed,3 3 4 5 9 10 11 17 19
991W93H44On4EZa2C2XaORIjDJ8H,9,distinct,none,distinct,4 5 6 7 8 9 10 14 18
991W4WaKc1FQl8fCA1aK4jWmLzW8,9,plain,none,mixed,1 5 8 9 9 10 11 12 16
991WG6JHjPaK6Y0WO1YuogI-Iama,9,plain,none,mixed,1 5 7 7 7 11 12 15 16
991WKYbGKVB940Gu11J84SuB29Xa,9,plain,none,mixed,1 2 3 4 9 11 15 18 18
991WAbbXIIbIuc8M10BPfMWW8Qe2,9,plain,none,mixed,1 3 4 7 10 10 12 15 19
991W0KX4A38nB2j1eA0XE2JpbPuI,9,plain,none,mixed,1 2 4 8 10 12 12 15 17
991W8aAfc9XGI70qGGd690zXO21W,9,distinct,none,distinct,1 2 4 5 7 9 13 15 25
991W98nhA1WBpGW6W4OWqCXZ9KWY,9,plain,none,mixed,1 1 4 5 8 9 9 14 30
991W8PQI0hN1PgvH1Bkqgr9Hd0sG,9,plain,none,mixed,1 5 6 6 7 8 14 15 19
991WG10V3aAivBGu1GoIcZX5660W,9,plain,none,mixed,1 2 2 6 8 11 16 17 18
991W6XWTKF1e6oGG210q8msZmaGc,9,plain,none,mixed,1 2 2 4 8 9 15 19 21
991W30uD40YqWY5G2WeB1JY8f691,9,plain,none,mixed,1 2 2 3 5 5 18 20 25
991W2X28G90jcqH3S2uyDEeA1OA9,9,plain,none,mixed,1 1 2 8 9 9 12 13 26
991W2X8KE4J4IN8H30WHCfAqn0S0,9,plain,none,mixed,1 1 2 6 10 10 12 18 21
991Wo4WbN36iP52WY0Lq2oXK2Wfo,9,plain,none,mixed,1 1 5 6 7 13 13 16 19
991WYaOa71foGyAa0e9990YWKKH2,9,plain,none,mixed,2 3 3 4 6 11 13 19 20
991W8Q4v318XGaGeIegDA50HCZoG,9,plain,none,mixed,1 4 5 5 5 12 15 15 19
991WIeiGXoAEXBt0OfWP0c4k5M6I,9,plain,none,mixed,1 2 3 3 6 10 10 12 34
991W8K6WPLQYdfY8GIdHFI0a2XXe,9,plain,none,mixed,1 2 3 8 8 10 13 16 20
991W6LXNL4HC8OS4Wu96G11S9aMW,9,plain,none,mixed,1 1 1 6 6 9 13 16 28
991W10Gdo4X8M2Ga8Z8WOcPAA4We,9,plain,none,mixed,1 1 6 7 8 12 14 15 17
991W210ySYquJuG9GK9q6AHJF0eL,9,plain,none,mixed,1 1 7 8 8 11 14 14 17
991W21GJjDAZXGOY0YGy4Oc9Va8i,9,plain,none,mixed,1 5 5 5 8 9 10 18 20
991WKgMuJ-4N9cGL4QaIlL0WsMU2,9,plain,none,mixed,2 4 5 6 7 10 11 18 18
991W32HsC123Lo2WGKmgsgGaOWWA,9,plain,none,mixed,1 1 2 2 6 9 16 17 27
991WGIHq68YKcmGQ60BYGXqgXOA4,9,plain,none,mixed,1 1 1 1 10 12 15 18 22
991WK76Qo50d99yX2bbXgzA1YUOe,9,plain,none,mixed,3 4 5 7 8 8 8 15 23
991WQKana50XaOwI43Ji34C10W8e,9,plain,none,mixed,1 3 4 6 8 8 10 11 30
991WIAR002H6VH06Ch9SWeM3MPII,9,plain,none,mixed,1 4 5 6 6 7 11 11 30
991W3HQ6YOJaI8E2O0O81CHs4h4Y,9,plain,none,mixed,1 3 3 5 7 7 12 16 27
991WW4D2GgGkSt084OaS2Gq87CA4,9,plain,none,mixed,1 1 4 7 8 9 11 14 26
991W4lWpD8jbfca4qaw160ZRwZP1,9,plain,none,mixed,1 4 4 6 7 8 11 16 24
991WIog0jfHMad8m4L_I80H4Q94H,9,plain,none,mixed,1 4 4 6 7 10 11 12 26
991WD5TFFrWWa2aG6H-tB4iG480J,9,plain,none,mixed,1 2 6 8 9 9 10 10 26
991WX7GI4IXZauX4o4s4LAQzV18e,9,distinct,none,distinct,1 5 6 7 8 11 12 13 18
991W29D7HKwW46QPX4q63yXH6h4W,9,plain,none,mixed,1 2 4 4 7 8 12 21 22
991W2F2COE0mY8aG5Qn4gELY8Y8Z,9,plain,none,mixed,1 1 2 8 11 12 12 13 21
991WBeY8PbSq94GaC92h510ma2Wm,9,plain,none,mixed,1 3 4 5 12 13 14 14 15
991W8eoPl3GQ6HEaWH0GgT0QwsG1,9,plain,none,mixed,1 2 2 9 9 10 12 16 20
991WeJCZnLLAKYeW892YGP-Ige49,9,plain,none,mixed,2 5 6 7 8 8 12 13 20
991W8kG2119PQMiGI8X1X9sIyWa3,9,plain,none,mixed,1 1 4 5 7 10 14 14 25
991W0X8ieZ8KGQ4YCW47NCYex2KW,9,plain,none,mixed,1 1 4 4 7 9 11 17 27
991WC90CEJ8O4Z9GGuE2ALX4P7b9,9,plain,none,mixed,2 2 4 5 6 10 12 15 25
991W1Q9Y5Tc8M9Ia8VQ8AImoe228,9,plain,none,mixed,1 1 3 6 8 12 14 17 19
991W8294cae8cAX1J7rb9X8fIQ6W,9,plain,none,mixed,4 5 5 6 8 9 12 15 17
991WS10H4VvICbPC212N2H484X51,9,plain,none,mixed,1 3 4 6 10 10 11 17 19
991WG10n4JNv50mCAYQgrWeC4114,9,plain,none,mixed,2 4 5 6 9 9 10 14 22
991WaY4X26QKcFGAWWaIkJiE4OWe,9,plain,none,mixed,1 3 4 4 7 9 13 18 22
991W51XORjOD1GC36118U8YK8WW2,9,plain,none,mixed,1 2 2 5 7 8 12 18 26
991WY55GK1Kq11I4HCKL7P8I4138,9,plain,none,mixed,1 1 3 7 10 11 14 15 19
991WbPYX4c92W4WW12OxSnFGK6I4,9,plain,none,mixed,1 1 3 6 8 11 11 13 27
991W2OLHDGpK26e2X4Wd55ZLCJ8I,9,plain,none,mixed,1 2 4 4 11 12 13 14 20
991WGYH68i51CSeb2X7t928Xm1CC,9,plain,none,mixed,1 4 4 7 7 10 11 12 25
991WIWeU58I2E1WcnDHKKoH5324X,9,plain,none,mixed,2 2 5 6 9 10 10 15 22
991W1Ec69N4HG928DfHEfh7mmA1C,9,plain,none,mixed,1 2 4 7 9 9 10 12 27
991WGYL3Csa0WHB230lpYxYWu98C,9,plain,none,mixed,1 4 5 5 6 6 11 12 31
991WKacH8h2jnn0OC484CDiM7Af4,9,plain,none,mixed,1 3 3 5 10 11 14 16 18
991W2GWWa292X78PD2OjTaK41X6G,9,plain,none,mixed,1 1 1 8 8 10 12 13 27
991WHpmqb3GrC90e23kxGe509AGe,9,plain,none,mixed,1 5 6 7 8 8 10 12 24
991WH2aOAGoKSZHH20I7z9Z0Lr6W,9,plain,none,mixed,1 4 4 5 6 8 13 20 20
991WKaHtWOWK3ZGm82X8AiVPjb0G,9,plain,none,mixed,1 2 3 6 7 8 17 17 20
991WHA5Po512X6Wm8TUeQZD2nCWe,9,plain,none,mixed,3 4 5 5 6 8 10 14 26
991WHCZaC1Tt8q8cf2HB533m1H02,9,plain,none,mixed,1 2 4 7 9 11 11 16 20
991W3WXOPcOBIN8430nBOKCfeGO8,9,plain,none,mixed,1 1 4 7 10 10 16 16 16
991W20vy8OMIM2AIGrOoKJg-HeYW,9,plain,none,mixed,1 2 5 6 9 12 12 17 17
991W8KeeDoE2aWyf0WpCfRCI8SfW,9,plain,none,mixed,2 3 5 5 8 11 15 16 16
991W067in6IYOQ0eqOw2CJ5G61JI,9,plain,none,mixed,1 2 2 5 6 10 11 22 22
991W8A3AAL0G54H0m21xApD3H2Gq,9,plain,none,mixed,1 1 4 4 6 13 17 17 18
991W1Gqc3iH9fK10beYMyl8k64Y2,9,plain,none,mixed,1 1 6 9 10 10 11 14 19
991W72GI4PI8IKEeCIGXu1YNNpm9,9,plain,none,mixed,1 1 8 8 8 11 11 12 21
991WG40ngvY8X0GCefXOI30L421G,9,plain,none,mixed,1 2 2 4 6 7 18 20 21
991W22H2Gg5PeX9Ic8xRHqZ4H3GW,9,plain,none,mixed,1 2 8 9 9 9 10 11 22
991W4i1OLFL4EICCI92KZq4c2ucK,9,plain,none,mixed,1 2 5 5 6 8 14 16 24
991WY0G8bnoYe0OLc28YA379AXqi,9,plain,none,mixed,1 2 2 3 5 11 15 16 26
991WXOf9O8ooaT4I154IBYYGYCKY,9,plain,none,mixed,1 2 3 4 8 8 13 15 27
991W2CL2g9vvTKhKIQ18Sc7skSe8,9,plain,none,mixed,1 1 5 7 10 10 13 13 21
991W3do9220OEEY48KA1N9eHKD2m,9,plain,none,mixed,1 2 2 5 9 9 9 21 23
991W2GWeHbegOn2G2meqNamm80A4,9,plain,none,mixed,1 1 2 7 7 8 17 18 20
991W0u8I99pvefHCaab4UWKGAWo8,9,plain,none,mixed,1 3 3 9 9 11 12 12 21
991WA5X72AH8E1f9A32TWqHw8a4X,9,plain,none,mixed,1 3 5 5 7 10 13 18 19
991WX2XS55XIcZWu0eJmSYJO618I,9,plain,none,mixed,2 2 3 8 8 13 13 15 17
991WD0LPIY4M5XgIG44nkLXBWRX0,9,plain,none,mixed,1 3 4 4 8 12 13 16 20
991WY0O54IeOXEGbZ0aA63IiY511,9,plain,none,mixed,1 1 3 6 6 9 16 16 23
991WGqCIKNi920wWAIX8KGaI4If6,9,distinct,none,distinct,1 2 4 7 9 10 11 18 19
991Wo0G62J5HDX4H28WC4XIaGYOY,9,plain,none,mixed,1 2 4 5 9 10 13 13 24
991WCJ8uM30d210951GqY1jCH8W5,9,plain,none,mixed,1 1 5 6 9 11 13 17 18
991Wg5cP4HyMfIw39CC3XZ8940w1,9,plain,none,mixed,1 4 4 5 7 10 13 16 21
991WQ4GfHneqHD910GBq60_t2IDI,9,plain,none,mixed,1 2 3 3 12 13 13 15 19
991W86qs3GW70YCb8YBY8628DLga,9,plain,none,mixed,1 3 5 5 6 8 11 12 30
991WGuLWK5YD8Y0m1CnKCHW4o4v2,9,plain,none,mixed,1 1 2 3 3 9 10 23 29
991WYNnCN1gPmjea285MbsP1a8q1,9,plain,none,mixed,3 4 4 6 6 8 16 17 17
991W0C6kHufLAI4IP9nuFp9C666O,9,plain,none,mixed,1 4 5 7 8 8 12 16 20
991WZ3CcuS3Ko24W8g2M9EXkWg9J,9,plain,none,mixed,1 4 4 4 8 8 10 16 26
991WICX293HeRm42oWeY40XAP2Cb,9,plain,none,mixed,1 2 2 4 10 12 13 16 21
991W1WKre25NIOa891SPIIqf1Oao,9,plain,none,mixed,3 4 5 6 8 9 9 18 19
991W18bB1jU8108Sj6WG40ciayWm,9,distinct,none,distinct,1 2 3 4 5 6 14 22 24
991W24D4ShlOq51mWf2OeOIGy4YG,9,plain,none,mixed,1 5 5 7 8 9 9 15 22
991W11BCo9fQBX0W84WK5z2sr18I,9,plain,none,mixed,1 4 4 6 7 12 14 16 17
991W18oGHAHvDLKWnJqI4NYqIKb9,9,plain,none,mixed,1 3 6 6 8 11 12 17 17
991W6EDW9T8I3EWYSgbIaWQ3jM2G,9,plain,none,mixed,3 5 5 5 6 6 13 15 23
991WC32pgQ1RkyWG1Kr2Z6DOM398,9,plain,none,mixed,1 2 6 8 11 11 11 15 16
991WA2DOacHeQIfA0Z9H6KdW-0hC,9,distinct,none,distinct,1 3 5 6 8 11 14 15 18
991WGISP4AA-I3QIKKJ2LIj9Xb0m,9,plain,none,mixed,1 3 4 5 10 11 15 15 17
991WCD6Fe8-9X6m9X6AXCtCqIJ64,9,plain,none,mixed,2 4 5 7 8 11 12 12 20
991W4XuGs38b6kAX428H7cQGN0K8,9,plain,none,mixed,1 1 3 5 6 14 15 18 18
991W42J50XOOf7GKGYH7Xf2SC3XO,9,plain,none,mixed,1 2 3 8 9 10 10 14 24
991W50IK4bGE41Y3U1aH4Sx1DGW9,9,plain,none,mixed,1 1 2 2 7 15 16 17 20
991W8IJ13H0es6X88qLXBZWGuE0m,9,distinct,none,distinct,1 2 3 5 7 8 15 17 23
991WX6GqEWqF9kg4HCQ5K207EX45,9,plain,none,mixed,2 2 3 5 6 7 13 14 29
991W6X8H8IOsiE1W9I8W0gmiC7G4,9,plain,none,mixed,1 2 2 3 9 10 13 19 22
991W2BX0JAinJYWKc4X-fMWb4WmK,9,distinct,none,distinct,1 2 6 7 8 10 12 15 20
991W0GA8aun8WXCGKYmW839kTg4J,9,plain,none,mixed,1 2 4 4 8 8 11 19 24
991W81EbI8c4a58KK38XmGO-Kv6f,9,plain,none,mixed,2 3 3 5 8 9 9 13 29
991W2GfqTmbNZvW2IKqHGHvJMQAG,9,distinct,none,distinct,1 4 5 7 8 9 11 16 20
991W20WC398XW90XEIOcAp1GC2Wb,9,plain,none,mixed,1 1 2 6 6 11 13 15 26
991WBI55HaBKMo2W00rBI4B66YH2,9,plain,none,mixed,1 1 2 2 11 12 16 17 19
991WX08Y6dLH1G84Y0WKR4nyur92,9,plain,none,mixed,1 3 5 5 7 7 10 21 22
991WH70UUabGeb121WPYbC-dHn0O,9,plain,none,mixed,1 1 4 5 10 11 13 16 20
991W20yE11WaX98e30qD21Cwea71,9,plain,none,mixed,1 2 3 5 7 7 14 17 25
991WHeAef6HW9WSS59G8Iajgn042,9,plain,none,mixed,1 1 4 5 6 8 15 15 26
991WIIdb2UeAZ5HCB5Ae41Da1XA2,9,distinct,none,distinct,1 4 5 6 7 10 15 16 17
991W0a4A2zE0q2IeYP9CJb1XOigY,9,plain,none,mixed,1 2 2 5 7 9 13 15 27
991WGKKhCj62KAn450zGOsqEp9Wm,9,plain,none,mixed,2 2 3 5 5 11 16 18 19
991WH8DJfyhY2GMI8CLvJIqxY1N0,9,plain,none,mixed,1 3 6 8 9 10 12 16 16
991Wf1W9OqqgZ14WWmKjaLBmVaeX,9,plain,none,mixed,1 3 4 6 8 8 14 14 23
991WJ18a50ewTGT40mE4wXY4yZKm,9,plain,none,mixed,1 2 2 3 8 10 14 18 23
991WXUY-eb598XIC2LY4KYcaHXI4,9,plain,none,mixed,1 1 6 8 9 13 13 13 17
991WB20m8heQHYb970mBS0II528W,9,plain,none,mixed,1 1 1 7 7 10 14 18 22
991W18m958X492JHM8c4XRHSeQ70,9,plain,none,mixed,1 1 3 8 8 10 11 18 21
991WeaMca5jKJ68W0zDAg8IQCibH,9,plain,none,mixed,2 3 4 7 7 11 11 15 21
991W2cL-JZOYH4XB8YAKC5YA5E4W,9,plain,none,mixed,1 4 5 6 6 10 16 16 17
991W4Hc2XFuvP8bH34zGHbE4hjwG,9,plain,none,mixed,1 5 5 7 8 11 11 12 21
991W50mdLqbGMRg44H8YGVcc5qGA,9,plain,none,mixed,1 2 7 8 9 11 14 14 15
991WYGaYM3AJeAPgg24GR4WvEam4,9,plain,none,mixed,1 1 3 5 11 13 14 15 18
991WabHq20JaY8Q608oao2W-WG82,9,plain,none,mixed,1 1 3 3 4 7 17 22 23
991WHa0IN490W9dAC3HHKI8Gi4bA,9,plain,none,mixed,1 2 3 4 7 7 10 17 30
991WC1Rom1XgP0iZM0XIkL56XYee,9,plain,none,mixed,1 2 2 6 7 11 16 18 18
991WWapq-WbKYYOuJ9f656cFf149,9,plain,none,mixed,1 5 7 7 11 11 12 12 15
991WGnyU2AGbpY9X2XINX2IIB4q0,9,plain,none,mixed,1 2 2 6 6 9 13 19 23
991W0G4EO0ebbj1W9I8GFJfoEaI8,9,plain,none,mixed,1 1 2 3 7 14 14 16 23
991WW0aE5f2hPrn44OM3YQfD64B8,9,distinct,none,distinct,1 2 5 6 8 11 13 14 21
991W2DZGGamYGKGbe42DYEWmAXuP,9,plain,none,mixed,1 1 2 6 8 15 15 15 18
991W5IWW5oDP9eQ220eE_62i6IIW,9,plain,none,mixed,1 2 4 7 7 9 13 17 21
991W5GbYf567opGC1Zn2KSjE-D80,9,distinct,none,distinct,1 2 3 5 9 13 14 15 19
991W5HJYMGxmWL52A4OQTYaHIJcC,9,plain,none,mixed,1 4 6 7 10 11 12 12 18
991W4mm4GI8g4mI12mew9gHegpE4,9,plain,none,mixed,1 1 4 5 7 12 13 18 20
991WLGKWG1HKDYAW4H2ys4925X5H,9,plain,none,mixed,1 1 2 2 10 13 14 15 23
991W8X50DN0mX261M5zlo2Ga4f9Y,9,plain,none,mixed,2 2 3 6 7 8 16 18 19
991W21GKrGUbW40Z72OL68Y8L4rW,9,plain,none,mixed,1 1 3 6 6 7 15 16 26
991WAImKuF2I2DGu1IOFTYnhY8G4,9,plain,none,mixed,3 4 4 6 6 9 14 15 20
991W8oW865uZI53W51K8JMQCb0I8,9,plain,none,mixed,1 1 5 6 7 11 16 17 17
991W9XfridapLOCa6YbNWY3uFq8n,9,plain,none,mixed,4 4 4 5 5 6 13 16 24
991W1jZ4HqMSS6YeY2s0X4h4E8YW,9,plain,none,mixed,1 2 5 6 6 9 11 19 22
991W5HWV4qMgAsia1miO422hKac4,9,distinct,none,distinct,1 2 4 7 8 9 14 17 19
991WGk3H4H9ukPe5WIPAo86CZHT2,9,plain,none,mixed,2 3 3 4 6 9 16 16 22
991WW8A4DDcjePHe4Y4u2p0rIihG,9,plain,none,mixed,2 2 3 3 10 10 14 15 22
991WGWWOo4VKOM0WbAWfB4IKZ1GA,9,plain,none,mixed,2 4 4 5 8 10 15 16 17
991W93GmSiYr8I8Y110e6EpqE0e6,9,distinct,none,distinct,1 2 4 6 7 12 13 16 20
991WGh8T6Z9II8u8WKB8a1H5Paaf,9,plain,none,mixed,4 5 5 6 9 9 10 15 18
991Wc2qXwwePA6HaY20IZ0XYeAWK,9,plain,none,mixed,1 2 4 8 9 12 14 14 17
991W0G4GIbMHYep982a827nAKsMm,9,plain,none,mixed,1 1 4 8 8 10 10 14 25
991W10ef0KGWA38IM5X8BopAqb10,9,plain,none,mixed,1 2 2 5 8 13 13 18 19
991WYy8YOdvOKL8OGG7WY9OJ2mA4,9,plain,none,mixed,1 2 2 4 7 12 17 18 18
991WGi4XCWe23C10WK92CX8E3g92,9,plain,none,mixed,1 1 3 3 3 10 14 21 25
991W516qT8G1WaHHJ38GO14Hw-qW,9,plain,none,mixed,1 4 4 5 7 10 11 13 26
991WX4jcIA0WoDmK19akLbJXWYBY,9,plain,none,mixed,1 6 6 6 8 8 9 13 24
991WWuJ5cL4e10SG31nqU5bbma6A,9,plain,none,mixed,1 5 5 6 7 7 15 17 18
991WeM9qTAcAeLGf4OCHJXq0Kv-G,9,plain,none,mixed,1 3 4 5 5 8 8 19 28
991WG78n490GVZ0I6W94eOA4WaLb,9,plain,none,mixed,1 1 2 2 8 10 11 22 24
991W4f1WMAWmK3Grg70cS0WW8wEY,9,plain,none,mixed,2 2 3 3 4 8 15 22 22
991WHB9QcOgqSXIK1UH2Y118ph2G,9,plain,none,mixed,1 3 5 7 8 11 11 13 22
991W2Z5f6emF0WI4IL0maE0aFgG8,9,plain,none,mixed,1 1 4 9 9 9 10 10 28
991W9HWqESyCQEWq4WaKnHJba8WW,9,plain,none,mixed,1 2 6 6 7 14 14 14 17
991WeekA8b0mNUe60Y4-YPCrDaI2,9,plain,none,mixed,3 4 5 6 8 8 14 16 17
991W2ZjcWYDIG21GK70xYKG4P4YG,9,plain,none,mixed,1 2 3 3 6 10 12 21 23
991WK112ITAmZAP11179nXuiAL9Z,9,plain,none,mixed,1 2 4 8 9 12 12 12 21
991W4DPaK24IA4n4G81IV71tbbf2,9,plain,none,mixed,1 3 3 6 7 9 16 17 19
991W40i5aL1es2uK91842wpXme6H,9,plain,none,mixed,2 3 4 5 5 6 12 21 23
991W990qG4A6XMm94jhX8iB0AJKp,9,plain,none,mixed,1 4 5 6 7 9 9 11 29
991W47X4GyFpA4WG2HM6J8bCB2GW,9,plain,none,mixed,1 2 3 6 12 12 12 16 17
991W32KywHJKx9004oaJfTOYE3Z8,9,plain,none,mixed,1 1 6 7 8 12 13 13 20
991W8mG9z1ShKg6Y42CLghJOABD4,9,plain,none,mixed,1 2 7 7 8 13 13 14 16
991W191EXaL9Aa10ed861CIgIZmm,9,plain,none,mixed,2 3 4 4 5 8 11 20 24
991WObbG82N4oCcm204eeK64a91B,9,plain,none,mixed,1 1 3 4 5 5 15 17 30
991WYecFJpjOqYqX1AAQWf8LHee1,9,distinct,none,distinct,1 4 6 7 9 10 11 16 17
991W832H8GeK10O5P4H4j1mS6X50,9,plain,none,mixed,1 2 2 3 6 13 16 18 20
991W3Xf4bC3Rhj1G8H1sT8f4abXK,9,plain,none,mixed,1 4 5 7 7 9 14 14 20
991W4n0OBephhNX401OP8c49Bf8O,9,plain,none,mixed,1 1 4 5 7 12 12 17 22
991W3mmC4anhlc8Y2GyO538AD8W4,9,plain,none,mixed,1 5 6 7 7 7 10 17 21
991W1mW4b2GkWYAA9HOM6Ida28W8,9,plain,none,mixed,1 1 6 7 8 8 15 15 20
991W4eG1ZToZOgHXP9UOaWeYoqKO,9,plain,none,mixed,3 5 5 7 7 7 8 12 27
991W413m6HIVjz4nI25391GeCZWX,9,plain,none,mixed,1 4 6 6 9 10 13 16 16
991W4IbKaPAX8Rv11YD2oKA1uljG,9,distinct,none,distinct,2 3 4 6 7 10 12 13 24
991WGOeP3oTay91G4TLQH2IKeCX0,9,plain,none,mixed,2 2 3 7 7 8 11 18 23
991WX4ZOBOXB8mOIIh8UA4cL9YWQ,9,plain,none,mixed,2 4 4 6 8 12 13 15 17
991W2TIEBfvIX4Z4WNwuY5JFXC10,9,plain,none,mixed,1 3 3 8 11 11 12 14 18
991WeP5H8Kaoz2584bGhj1e31mj1,9,plain,none,mixed,2 4 6 7 7 9 9 11 26
991WmSJKmad95Dom21OnC5P1f9I4,9,plain,none,mixed,1 3 4 7 10 12 12 16 16
991WGYGlcQ5Jens68noGFX52eaaG,9,plain,none,mixed,1 5 5 6 8 11 11 16 18
991Ww5Y83o2I4WmK9CW8c5CX4YWO,9,plain,none,mixed,1 2 3 4 10 14 15 16 16
991W15d6fKeY4d8XaC1xJOXGiD4m,9,plain,none,mixed,1 1 4 8 9 11 12 17 18
991W60X2my8Y50WZI6W81OD2H1Ka,9,plain,none,mixed,1 1 2 4 5 11 12 15 30
991W1B6qPcOL9H4Xg2WGZo8YwCW1,9,plain,none,mixed,1 2 2 4 13 13 14 15 17
991WmABw450aDI1012JTDaeg9CJ2,9,distinct,none,distinct,1 2 4 7 8 13 14 15 17
991WGX98G3u558X8af7mw3PEK1WK,9,plain,none,mixed,2 2 3 3 8 11 14 17 21
991W62ycJYeM18846nWuo4Ii5u10,9,plain,none,mixed,1 3 3 4 8 11 12 17 22
991W1fQHI3ylIIJ2WQ2NY71I1T2Y,9,distinct,none,distinct,1 2 3 8 10 12 14 15 16
991WWvhYdOgamefK0a4cQfjWNJ2G,9,plain,none,mixed,1 3 6 7 8 12 12 15 17
991Wg8mJD3KK2ZH2I8Y98cUXJoXG,9,plain,none,mixed,2 2 6 8 10 10 11 16 16
991WiA6O_y7EI9Q2118ar4SP9XZW,9,plain,none,mixed,1 1 6 6 9 13 14 15 16
991W44XWarql0Y8effOkQj874oWK,9,plain,none,mixed,2 6 6 6 8 9 9 14 21
991W8c9ZuI087EY8C1A12Wm31MKL,9,plain,none,mixed,1 1 4 6 7 8 8 18 28
991W4YX9gWcnHoP6C1nxX8YGb3H2,9,plain,none,mixed,1 3 3 5 6 11 11 20 21
991W4WwOk7T43E8YHZKY2iAKIX49,9,plain,none,mixed,2 4 5 6 9 9 14 15 17
991WA2WY33w58iK54XqUE318PbnI,9,plain,none,mixed,1 2 8 8 8 9 10 14 21
991WYM4qCewI924aLD0Gn9WORqC2,9,plain,none,mixed,1 2 3 4 11 14 14 14 18
991WWWedEF0G80I22vAAxj8YGQ30,9,plain,none,mixed,1 2 2 3 8 12 12 14 27
991W8NwjL1YGBmW4YEGKjcgLWiGY,9,distinct,none,distinct,3 4 5 6 8 9 12 15 19
991W2ZEpq70hI8A4M0eqa8W61oo4,9,plain,none,mixed,1 2 4 4 8 9 13 17 23
991W8I0Wg0jQTcv9810PB2u11168,9,plain,none,mixed,1 1 4 5 6 8 11 16 29
991WG42W7nmfLAWWP0T5AmqY73mK,9,plain,none,mixed,1 1 4 6 6 9 13 17 24
991WIYil72SgKcY80065CYOQKYYG,9,plain,none,mixed,4 6 6 6 7 7 9 13 23
991WcAGKL8kXYma8GXWev9IS3189,9,plain,none,mixed,1 2 3 7 9 13 14 16 16
991W864o9B9ILYOzY91QqgMaaE4W,9,plain,none,mixed,1 4 5 7 9 9 12 14 20
991WM5XDRWqCY8HK10CI8cC7G70O,9,plain,none,mixed,1 2 2 4 7 8 15 18 24
991W4ef8aFY4X8Y7YEoKZBGF0450,9,plain,none,mixed,1 4 4 4 5 7 12 14 30
991W0GA14eb88XH4KYelApWa9lAA,9,plain,none,mixed,1 6 6 6 6 9 12 13 22
991WA4usc4XA8YeO813CArgjBO20,9,plain,none,mixed,2 3 4 6 6 9 14 15 22
991WN4H4nAXK4XmK42WS18eP1WG4,9,plain,none,mixed,1 3 3 6 7 8 15 19 19
991Wg2SJ53px8YHYY0G9K0IGQu0i,9,plain,none,mixed,1 1 1 7 10 12 16 16 17
991WaWi57YhAnvLbn4bAK-0KG2A4,9,plain,none,mixed,1 3 4 6 8 9 15 15 20
991Wo8j7jHfonAB40FGR90XGDuIK,9,plain,none,mixed,1 3 4 7 8 8 16 16 18
991WW54aNY8A9HaG8Q5n7-tIfAJX,9,distinct,none,distinct,1 4 6 7 8 10 12 16 17
991W61dKB40LEQ208a4v7Z9KI4Z2,9,plain,none,mixed,1 1 2 5 7 13 15 18 19
991W414TeyIG4N881Y8vEZbPCHA6,9,distinct,none,distinct,1 4 5 6 8 11 13 15 18
991WWHf5KaKm5e50n4TEIhHqJleH,9,plain,none,mixed,1 1 6 7 8 9 13 16 20
991WKd9HIj7G42ma40J82pC2070e,9,plain,none,mixed,1 2 3 4 5 10 10 14 32
991W6HC80G4XW4nW30eA1yUbfcOQ,9,plain,none,mixed,1 1 4 4 5 9 10 13 34
991W4YmSApYXNjsW2WK0zOaqaISQ,9,distinct,none,distinct,2 3 4 5 6 9 11 16 25
991W3AEKAjo38aWmWJK_oB6A-aI8,9,plain,none,mixed,1 3 4 9 10 12 12 14 16
991WIhMfGu8O1mSsA9WeYSGiw5I1,9,plain,none,mixed,1 4 4 4 8 10 14 15 21
991W1OeuI18A6CG2qXCYGZwI4SH4,9,plain,none,mixed,1 1 1 3 12 14 16 16 17
991WXb9-G82Booe6YPCdHAJ9A088,9,plain,none,mixed,1 5 6 6 7 7 8 11 30
991WC2YDcOz22XGA36HiB9zeCoX0,9,plain,none,mixed,1 5 8 9 9 11 12 12 14
991W00RhQ9XH17H0HZvW4mnCYQd5,9,plain,none,mixed,1 1 3 4 6 10 13 21 22
991WYDmH82WQ4HeHG420k5U4H4ye,9,plain,none,mixed,1 2 3 6 6 8 10 17 28
991W3XHk40F6He64AYP8AFWOiqjG,9,distinct,none,distinct,1 2 3 6 9 12 13 15 20
991W810g5JOE1WR4414Gw2XaKNH4,9,plain,none,mixed,1 4 4 5 7 7 13 15 25
991WYOMI12GbH4IG2IWjCN7nA4WC,9,plain,none,mixed,1 1 8 10 10 12 12 13 14
991WWK6CcFrSZOYG0UmmA0LYK50E,9,plain,none,mixed,1 1 1 5 10 13 14 16 20
991W441Mmj7p9yOWCWNJs3GqKJWY,9,plain,none,mixed,1 4 5 8 9 9 11 16 18
991We10KCpbPsRHeW0KAeLH38302,9,plain,none,mixed,1 1 2 4 5 7 18 21 22
991W9XGI8reZ299W2WaOfHu2mXKf,9,plain,none,mixed,1 1 3 4 8 9 12 16 27
991WY2be2BXa8pmmIDYq01e91mN3,9,plain,none,mixed,1 1 3 4 5 6 11 23 27
991WYAWHIIJeZI4Oe6fMcVXBLLKI,9,plain,none,mixed,1 5 6 9 10 10 10 15 15
991W80WcQ6XI9QOa4n0atD0eJIei,9,distinct,none,distinct,1 4 5 6 9 12 13 14 17
991W8I9JZuZ8o1iK0Y98I2eH8P9H,9,plain,none,mixed,2 3 4 5 12 12 13 14 16
991W1H0IqJiaq7180ZG64StSqAWG,9,plain,none,mixed,1 2 4 5 7 9 9 20 24
991W0G9iURNr4XRW21L89H92TR24,9,plain,none,mixed,1 1 3 5 8 12 12 16 23
991W2k2YL0SdIMe46BXjefALfL9G,9,plain,none,mixed,2 3 7 7 8 10 14 15 15
991WY4ZYfGruI2284y8eLrj8O20e,9,plain,none,mixed,1 2 5 8 8 10 12 13 22
991WQ7TKPIYKs30e0WnQACDSe62G,9,plain,none,mixed,2 6 6 7 7 8 10 13 22
991WHCH152785Y28Y4qbFmqCUdma,9,plain,none,mixed,1 3 4 7 9 9 13 14 21
991WGo9OK8mE1H4g6130GJ97MHMG,9,plain,none,mixed,1 1 2 9 9 9 10 14 26
991W20SUidAAdfAK91W884oY1OB2,9,distinct,none,distinct,1 3 4 5 7 11 15 16 19
991W11bIAPASh50Hc9BnntY2YF0H,9,plain,none,mixed,1 1 7 7 8 9 14 14 20
991WB091mPDWK3Y5P4qJdOe9Y509,9,plain,none,mixed,1 2 4 6 6 8 10 18 26
991WDFoPc0O2ukWWGPHL4O6IIb0m,9,plain,none,mixed,2 2 5 5 7 9 9 16 26
991W1WL6AMGa6XWML5Gi82Gp1-8I,9,plain,none,mixed,1 4 5 6 6 6 15 16 22
991WL5KcGA0c22qW6G5nHWO5giQ5,9,plain,none,mixed,1 3 3 3 4 7 10 22 28
991WA1yqGq4HL6IOGK5ihs0Xf5IW,9,plain,none,mixed,1 3 6 6 8 8 13 15 21
991WXaLyV52eOlqC0et8bSwG0eP5,9,plain,none,mixed,3 3 5 5 6 8 11 13 27
991WmWBPIYSK1JiWDDGaFbaA4caS,9,plain,none,mixed,1 1 3 7 8 11 11 15 24
991W31839P6UXOD8ON1nKSLCzXb4,9,plain,none,mixed,1 3 4 7 8 8 9 16 25
991WH461pgaknYOg368M10GXcRWG,9,plain,none,mixed,2 3 7 7 7 7 9 14 25
991W61X2AQA0G45251HmI0Zu-9cg,9,plain,none,mixed,2 3 3 4 6 9 13 13 28
991WO60u50G526Ym8YDWGbCq30m4,9,plain,none,mixed,2 2 3 3 3 7 13 23 25
991WX2ebHeuDTYQ24fkj2WpG9UY4,9,plain,none,mixed,2 5 7 8 9 9 10 13 18
991W2GWGSSRXH7We510X7bqU41Ya,9,plain,none,mixed,1 2 3 4 9 12 16 17 17
991W2nIcyy3UIxYWH28aLgaao98a,9,plain,none,mixed,1 4 7 7 8 9 11 15 19
991WK2Wm5d0xe1CO51AACjSQAXKQ,9,plain,none,mixed,1 5 7 8 8 9 12 13 18
991W6PWOI231gWu9I8g-j1G300M8,9,plain,none,mixed,1 1 3 5 6 6 12 14 33
991W6dfDGu2WNXW811oAHWCaOXHK,9,plain,none,mixed,1 2 4 5 7 11 11 13 27
991W528YD3OM4mY84H0Gg0O4g1OI,9,plain,none,mixed,1 1 2 5 11 12 13 16 20
991W5PKA4210DFi4KPATb6K6Go9X,9,distinct,none,distinct,2 3 4 5 6 10 11 12 28
991WMAF4-Y2yFSOc2fLdc2AOy894,9,plain,none,mixed,4 5 5 5 6 11 11 12 22
991W4gLyYKH1naGQX791eK0HlRv2,9,plain,none,mixed,2 3 6 6 7 9 11 12 25
991WGIBafnGSa50m4KUa5GW4U9We,9,plain,none,mixed,1 1 4 7 8 8 14 19 19
991W2OZ4ffQC30K5X60W41ZIYg8W,9,plain,none,mixed,1 3 4 4 5 10 12 16 26
991WGYAXmTe25HIGnOoq50aH55mA,9,distinct,none,distinct,1 2 3 7 8 10 11 18 21
991W12QLg53Qf9wII1GKufQfZa1W,9,plain,none,mixed,1 4 5 5 5 8 14 17 22
991W21Ze59nEL3yWL2nAQPOX10i8,9,plain,none,mixed,1 3 7 8 9 10 10 14 19
991W8X4XDL8WKLbf20WKtI8WCAWS,9,plain,none,mixed,3 3 4 5 5 11 14 15 21
991Wg1Ob4bg3Wk8aX0aIy1YGiKWa,9,plain,none,mixed,1 1 6 7 8 8 10 16 24
991WGX5jOslO2E4IYOR1YqOmSCaA,9,distinct,none,distinct,2 3 4 5 6 10 13 18 20
991W471oGOA9PGsGWPIY9aTCIJaH,9,distinct,none,distinct,1 2 5 6 7 9 13 18 20
991W4EJpHdMXOPA4Y2w8Cid9CLCX,9,distinct,none,distinct,1 3 5 6 8 10 11 16 21
991W30a9xCGh8M10220h61WiZ8XY,9,plain,none,mixed,1 1 2 4 6 12 15 19 21
991Wb382FAHKJ5CW39IPOHuueW43,9,plain,none,mixed,1 1 4 4 7 11 12 20 21
991W1k9YI1Xe64WOYagLFIOWe410,9,plain,none,mixed,1 1 4 6 8 10 10 15 26
991WGAaB6VuaKMfC4CXNZA8eDKwO,9,plain,none,mixed,1 3 7 7 10 11 12 14 16
991WIKoJIonOQwP00s8T16ZA4KII,9,plain,none,mixed,1 1 1 5 13 14 14 16 16
991WGfAbIogIC1Ge1AoSuoeZO4HK,9,plain,none,mixed,2 4 4 7 10 10 11 14 19
991We20W2RY3J0K2YXOKB3GgBoeL,9,distinct,none,distinct,1 3 4 5 8 10 15 16 19
991W8Img6dY4vFaA30aKgOgAG16I,9,plain,none,mixed,1 1 3 6 10 12 12 16 20
991W84lCY85o956XK2c6YuGqLff2,9,plain,none,mixed,2 2 4 6 9 10 13 14 21
991WX3amCJ6CjbGu18gB58n9pCeY,9,plain,none,mixed,4 6 6 7 7 8 11 14 18
991Wb1WhHyQf4GWaXH4fH4Qf84WI,9,plain,none,mixed,1 3 3 6 11 12 14 15 16
991Waf0WPZWu5mW4L1GaK0uJ99AK,9,plain,none,mixed,1 2 2 7 9 11 12 17 20
991Wr14LAjAyI3XO19GBDaXqcA10,9,distinct,none,distinct,1 3 4 7 8 9 10 19 20
991WB5WuYD3cGIGM1ZBYZJI42WS5,9,plain,none,mixed,1 2 4 4 5 7 11 22 25
991W10GSoQO428cA4YWu860KgB6I,9,plain,none,mixed,1 2 3 3 3 7 14 22 26
991WPEYbnf24I0861i8q51pUGt8I,9,plain,none,mixed,1 1 4 7 10 12 15 15 16
991W28CJ3mHeg6IuY4z8I2cRe90W,9,plain,none,mixed,1 3 6 6 6 8 15 16 20
991WaH4jeL2mE1WJf1W8SYH18I4G,9,plain,none,mixed,1 1 4 4 5 12 13 16 25
991WCE8O7IaaGaGqG815MAdPvg28,9,plain,none,mixed,2 3 5 5 6 9 13 16 22
991W4naJ8nGY4Og21WK5FIFX-OOG,9,distinct,none,distinct,1 2 4 6 7 8 15 16 22
991W2099IoioH9X2IqWV2mpduIHC,9,distinct,none,distinct,1 3 4 7 9 10 11 16 20
991W2XaNWU6rY0ea8WWG1Qrg9yGe,9,plain,none,mixed,2 3 4 4 5 6 12 15 30
991W4fC64X0GK318H8I7XM5W852G,9,plain,none,mixed,3 3 3 5 5 7 7 21 27
991W42uj60e1GPoW10O2ex8fYjgm,9,plain,none,mixed,1 3 4 4 5 7 9 14 34
991WY87Y9IeWI5uYW2153GwPkkWO,9,distinct,none,distinct,1 2 4 5 6 8 15 19 21
991W8Xwhn52kccIaM6D8vZgKQa0W,9,plain,none,mixed,2 5 5 7 8 9 11 14 20
991W1256KnIaKKI8Z8NKcBQtGXBa,9,plain,none,mixed,1 1 5 6 8 13 15 15 17
991W37WGxSu3XVOWZA5QgKgY3HCf,9,plain,none,mixed,1 4 6 7 7 8 10 18 20
991W810HwofGWaGa4JSfY2mC3YHK,9,plain,none,mixed,1 2 3 8 8 9 15 16 19
991WKd8K60WKe6XO0WH6XneeP2Ga,9,plain,none,mixed,3 3 3 6 7 9 11 16 23
991W61WeMDGYKHD34WebRP4H2GO0,9,distinct,none,distinct,1 2 4 5 8 10 13 14 24
991WGaGIBvWmJ8YK219KU0qYrJKb,9,plain,none,mixed,1 3 7 9 10 11 12 12 16
991W24ii5tCW22BmA2dmZgV1aMgY,9,plain,none,mixed,1 2 5 7 7 10 12 14 23
991WD78B3IPAyoSGnC987LuYgH54,9,distinct,none,distinct,2 4 7 8 9 10 11 12 18
991W8eDDKaD7w90WHSAK4o94AEGG,9,distinct,none,distinct,1 2 4 7 8 9 15 17 18
991W61KM6fAOADA250eB3OQw6a20,9,plain,none,mixed,1 2 4 8 9 9 10 19 19
991Wa8GaA3ol7jb21Kf8396m8Yii,9,distinct,none,distinct,1 3 5 6 9 11 12 14 20
991W4H3cGix8i7I8KY569MPpI12G,9,distinct,none,distinct,1 2 3 7 10 12 13 14 19
991W0C5-E3KYUJmCGe9aIIHGAawK,9,plain,none,mixed,1 3 3 7 10 11 14 14 18
991W0AH2LPC9948Ko93Z9Imazwo4,9,plain,none,mixed,1 3 7 8 8 8 10 17 19
991W0GIOKoSl30j4OI4G54HfiuKY,9,plain,none,mixed,1 2 4 4 9 9 11 19 22
991WL4f459QKM2ia110sD895y2ie,9,plain,none,mixed,1 4 5 7 8 12 14 14 16
991Wa1WZG1CBufH8b1CqKeb5HZHG,9,distinct,none,distinct,1 2 4 7 10 11 12 16 18
991WAav99qbaCD0X1GQv8oISO509,9,plain,none,mixed,1 3 4 7 7 8 14 15 22
991WCeoc24bsjx85986LUFChu0iK,9,plain,none,mixed,1 4 4 5 7 8 11 20 21
991We5deMAraD4nGKAWMz8C94138,9,plain,none,mixed,1 4 6 6 7 10 12 16 19
991WKCZ72faXiHOWf3eQ5OfY8r8e,9,plain,none,mixed,1 2 4 4 9 11 12 17 21
991W8LvUaWyG52Y4WR4Hafmla2Ym,9,plain,none,mixed,1 1 3 8 9 10 11 17 21
991WW30Xq6np4v0G8v2aq3eoAY9A,9,plain,none,mixed,1 1 2 7 8 10 11 19 22
991WKKL92XegB5A8AIWB2PBb8oI4,9,plain,none,mixed,1 1 6 7 8 9 15 16 18
991W51jXWkIt7mG2H6WmH8hCKwY2,9,plain,none,mixed,2 3 5 5 7 9 11 18 21
991W5jKf6HTMI14II8X6PWHM1fCA,9,plain,none,mixed,3 6 7 7 10 11 11 12 14
991WYaaO5v92ZWa8JjGO640a4g9H,9,plain,none,mixed,1 3 3 5 8 8 11 16 26
991Wmb8oqmpI9HGOc2Hu7eYHdX8a,9,plain,none,mixed,1 7 7 8 8 10 10 14 16
991WYLIMY4DS88G24z041geskyfI,9,plain,none,mixed,1 5 5 5 7 7 11 19 21
991W9JewXK6JCf0m13ylAe8YaZY4,9,plain,none,mixed,1 4 4 7 9 11 13 13 19
991W811X1GION4oKI4LWu2ii51H4,9,plain,none,mixed,1 2 4 6 7 9 9 18 25
991W1JDJ9KZeo1902mbsYYapin4X,9,plain,none,mixed,2 2 3 6 8 10 13 15 22
991WXV5qn2mfA8Y285AI98ITHKI8,9,plain,none,mixed,1 1 5 8 11 12 12 13 18
991W1GKAowsHFIOW43GK719C4L8e,9,plain,none,mixed,1 2 5 5 9 11 12 15 21
991WGLfAqJ8PDJWeA1Y8b66EYBY2,9,plain,none,mixed,1 4 7 7 9 11 13 14 15
991W8ZY8YJ28B1GaI3myPxw4W00m,9,plain,none,mixed,1 2 5 5 6 9 11 11 31
991W1OIGbbw4CT20WXqF2MnqB0I2,9,plain,none,mixed,1 2 2 3 9 10 17 18 19
991W514k65nXICa54n48R0nngCW6,9,plain,none,mixed,1 1 2 7 11 13 14 15 17
991WfPY0J4gLeg8X8IW8Z4Ye50s8,9,distinct,none,distinct,1 3 4 5 6 7 10 15 30
991W30G2IrKWO42W92KhA3Y8K308,9,plain,none,mixed,1 1 2 5 5 8 10 22 27
991WE5u2M47G428HA2JeQn9oiXCQ,9,plain,none,mixed,1 3 3 5 8 13 14 16 18
991W2WcIigafH8A4I18K870a9zGO,9,plain,none,mixed,1 3 7 8 9 9 9 15 20
991WWK5HQlc93H2G1P08C4faOd8C,9,plain,none,mixed,1 1 6 7 9 10 12 17 18
991W854IkjqS30WIO4YGe2Ko8569,9,plain,none,mixed,2 3 3 5 6 9 13 17 23
991WA0kSL2fMK10mGY8OYTWuH91G,9,plain,none,mixed,1 2 3 8 10 10 11 15 21
991W0G4tAAYob68S50e9HoaeJo20,9,plain,none,mixed,1 1 2 6 6 7 10 21 27
991W4I2OA5XuUTCI0c5ueb94H4R1,9,plain,none,mixed,1 3 3 7 9 9 13 18 18
991W40WJe-s4M71W81GAASmQ7av6,9,distinct,none,distinct,1 2 4 6 9 12 13 16 18
991W4GaD2f8KUdL44WeC2PXEAIyC,9,plain,none,mixed,4 6 6 7 7 9 9 11 22
991WGYL0OX8aE0Z8417WEYOawD1G,9,plain,none,mixed,1 1 2 3 9 11 17 17 20
991WoDIgeI0XGHKS411M0i2XOY8P,9,plain,none,mixed,1 3 4 4 5 6 10 16 32
991WE4rAID1bAaWo70IB2955YUuY,9,plain,none,mixed,1 1 3 8 9 10 12 12 25
991W23ZWeUVkcWGa8r4bX4885X0e,9,plain,none,mixed,2 2 3 4 5 11 11 17 26
991W13JXcQmAF5o7I4agrA64N54W,9,plain,none,mixed,1 1 3 7 10 10 14 16 19
991W82E8-E95HdOO6619efF2oPHO,9,plain,none,mixed,1 1 6 7 8 11 11 13 23
991W2Y8S6nWKCJ6GWeE3H13ur2GH,9,plain,none,mixed,1 2 4 5 10 10 11 16 22
991W0LH9x0W9MwcY81BarbGJu-G9,9,plain,none,mixed,2 3 5 6 6 7 16 17 19
991W20Z48gLaKi0mCKfbLL9IBXW8,9,distinct,none,distinct,1 4 6 7 9 10 11 14 19
991Wac8WZ0vcc4302Bzql3ea151G,9,plain,none,mixed,1 4 4 4 6 6 13 18 25
991W72nBK1kgLO9271jCY3Q2H3P8,9,plain,none,mixed,1 1 7 7 8 11 12 16 18
991WB2X1JzGoH2L931nB113XN60I,9,plain,none,mixed,1 1 2 7 9 11 14 17 19
991WWKH2igT1KsOGeOai9n8IoPO2,9,plain,none,mixed,1 1 7 8 8 10 11 15 20
991W84GO4aOH6HgKGK3Os9JnAJ8u,9,distinct,none,distinct,1 2 4 5 7 9 13 15 25
991WCcHWu00EYL2J91EGm498X0qA,9,plain,none,mixed,1 1 3 3 4 6 8 13 42
991Wa31F8pbHb5WeY8xf0LmsK40a,9,plain,none,mixed,1 1 3 5 8 11 12 20 20
991WS5DOQ1HOKz4a4X49k45THOD4,9,plain,none,mixed,1 4 5 8 9 9 13 15 17
991W5Gq219k9Ho524WuB291SQXL4,9,plain,none,mixed,2 3 4 4 5 5 13 20 25
991WGXGC8q8oHCa2WOESg6H7fG4o,9,plain,none,mixed,1 1 2 3 7 13 15 19 20
991Wm418IpKgJ28J59GI1HnYVc58,9,plain,none,mixed,1 1 6 7 7 9 11 16 23
991W4tHKYeYGMa8g22I3GoiKj0A2,9,plain,none,mixed,1 2 4 8 9 9 11 16 21
991W4GY5ZZucqh9KGHGN58XW1J3G,9,plain,none,mixed,1 3 5 5 10 11 13 14 19
991W0O8ZXKb2nDmaj45ICp4wBC18,9,plain,none,mixed,1 3 3 4 7 13 15 17 18
991WGeH5f2P9F54XSS4k0mGAn5mo,9,distinct,none,distinct,1 2 3 5 6 10 14 16 24
991W2Y4Q7Ka41h922GeJqT8AFFWG,9,plain,none,mixed,2 2 4 6 9 10 13 17 18
991W2E8Y4MY8f9H4X4sTCn2Kad92,9,plain,none,mixed,1 4 5 6 6 12 14 15 18
991WI4ZGyA5d0W83H1neL4G420KG,9,plain,none,mixed,1 3 3 5 6 6 7 23 27
991WK4c8c0n08I524L4T6BYGY8bC,9,plain,none,mixed,1 2 4 6 6 12 13 14 23
991WmYGK5YKiJnSGWWA4K2CfaIGv,9,plain,none,mixed,1 1 4 7 9 10 11 18 20
991WKtGC0fz8oB1W40rAYL8ei8WG,9,plain,none,mixed,1 3 4 6 7 8 10 21 21
991W4cUEWagTOD0e8bs3Hicq60Z4,9,plain,none,mixed,1 3 4 4 7 10 11 18 23
991WI492F3fCL985Gq8e22M5keE2,9,plain,none,mixed,1 3 4 4 7 12 15 16 19
991Wa8o9XhCnmQ92314N191me8hm,9,distinct,none,distinct,1 4 5 6 7 8 9 18 23
991W4Wu94kGa9ocH4GWG4Q6YScG4,9,plain,none,mixed,1 3 4 4 8 14 14 14 19
991WL0G6UtWLnQKa8IIEf0WeOH4e,9,plain,none,mixed,1 2 6 6 9 12 12 13 20
991WH4Z8i10SEGK84c8Y52g72GaC,9,plain,none,mixed,1 2 6 6 8 11 12 13 22
991W1epYjZ7XeYGYaYX4I62WKvI8,9,plain,none,mixed,2 3 8 8 9 9 9 11 22
991W4YL3GeJ9pPf4GLb2WW4AtumY,9,plain,none,mixed,2 4 4 7 7 8 10 11 28
991W6OmY5HG8I1JK1CN6fYnYw8Wu,9,plain,none,mixed,1 1 4 7 9 9 11 18 21
991W40HafI8Q14SGO50pIyRE6Huj,9,plain,none,mixed,2 3 4 7 10 11 11 13 20
991WX4On1KC2Xaie38fHC71ob5CA,9,plain,none,mixed,1 5 6 7 8 8 10 14 22
991W0eIOdCgcnPv6a0KU4a5Az69a,9,plain,none,mixed,3 5 5 6 8 9 11 13 21
991W6Ha70WZ4XhOK20q51aHSD641,9,plain,none,mixed,1 1 2 5 7 8 11 16 30
991WIBDx7yJ2Ca0S4CmtbHBZoXY8,9,plain,none,mixed,1 1 7 9 11 11 12 13 16
991WKLHakX474n8O430GO9ojgP88,9,plain,none,mixed,4 6 7 7 8 8 8 10 23
991WYEWOb2eN4q5a27YxOZW8DJCu,9,plain,none,mixed,1 3 4 6 8 11 14 17 17
991WA1YuR0o6OP098MvOpYqa30G3,9,plain,none,mixed,1 1 3 4 8 13 14 16 21
991WBAmrC53J3WaAo0GGG4G68Yj4,9,plain,none,mixed,1 1 4 5 6 8 14 20 22
991W1H8a70WAd3GOGqT79DBfND1G,9,plain,none,mixed,3 3 5 6 6 8 14 17 19
991W9CVAZ8OcP6564AZCGK4HPfDG,9,plain,none,mixed,2 5 6 6 8 10 10 10 24
991WH8Jb_318Y8W98fL94JaH8I50,9,distinct,none,distinct,1 3 4 6 8 9 12 16 22
991WW3OcaHKMA1vYaA2XHx2raZmC,9,plain,none,mixed,1 1 2 6 7 12 12 15 25
991W8HJu1Wa8U0mEOY94eYHmefCB,9,distinct,none,distinct,1 2 4 8 9 11 12 14 20
991WHb0dKdHp8J20827bcMvkbaea,9,plain,none,mixed,1 1 7 8 9 10 13 14 18
991W1Ib6oaS5vU8IB1baeQ3m6b80,9,plain,none,mixed,1 3 5 6 8 8 12 13 25
991W6L9I2edUC518a8GgBWMef1YG,9,plain,none,mixed,1 1 5 6 8 9 11 18 22
991W54nGBY9Ip0WE51QuYEHI9GG4,9,plain,none,mixed,1 1 3 5 10 11 16 16 18
991WH89eICOIDQCI4ib9Bo1GpXGH,9,plain,none,mixed,1 5 5 6 8 10 12 14 20
991WC54ql8SNMImW90pA65vfHbA2,9,plain,none,mixed,1 3 5 8 8 9 12 16 19
991WLTNK9ILQd0e6f2OA8WW53WXW,9,plain,none,mixed,2 2 4 4 11 11 14 14 19
991W21A6hW9Yo50YIXmT9EVHeKH4,9,plain,none,mixed,1 3 4 6 6 8 9 17 27
991WWcI2T9eYGZeZm7YUOabIyWK4,9,plain,none,mixed,1 1 5 7 11 11 14 15 16
991W0OAUh5pQiGXmYb97S0j4B8I2,9,plain,none,mixed,1 1 2 5 8 13 14 18 19
991W1meKn2A33W8G53WuC56NKOG8,9,plain,none,mixed,1 1 1 4 9 10 12 16 27
991W2s0G22ZN5gYOY8PErxWA0eW4,9,plain,none,mixed,1 4 5 6 7 7 11 15 25
991W3LLKF3ceY8I40GYeX8mo4118,9,plain,none,mixed,1 1 2 7 8 11 16 17 18
991WY9W47Q90BAR54aXDKE1M8Za8,9,plain,none,mixed,1 1 2 3 7 9 14 15 29
991W42HU5fqMIYbKcO7c9T2jGJiW,9,plain,none,mixed,1 2 4 10 10 10 10 11 23
991W30GiLK4mi1OrBIiZI72G4X4e,9,plain,none,mixed,1 2 3 3 4 8 11 17 32
991WP420V2gaQ44X16WVe92k4XeQ,9,plain,none,mixed,1 2 2 3 9 10 11 19 24
991W2YbI4JeoY968WeJaC5SD3VK6,9,distinct,none,distinct,2 4 5 8 9 10 13 14 16
991W92GmmO6Cj103WhIa8cLf8oCA,9,plain,none,mixed,1 1 3 7 9 10 13 13 24
991W42DCqjEZZP0mI6a9p6OWPf92,9,plain,none,mixed,2 4 4 6 9 10 11 14 21
991W21GA3afS8f695XGC2iTIxeA0,9,plain,none,mixed,2 3 4 6 7 10 10 16 23
991WKX9EOQ0F2HS4I53Ww2j99YaK,9,plain,none,mixed,2 5 6 6 7 8 10 14 23
991W20i4aL2mqDn28HeC227YeM3G,9,plain,none,mixed,1 3 3 5 6 6 11 21 25
991W16HeAIoXOQT492-982186Xao,9,plain,none,mixed,1 5 5 5 5 9 14 15 22
991W3J4tLCJ8t0pA0X4oagGimQ00,9,plain,none,mixed,1 2 4 4 8 11 13 16 22
991W8XcUnb9O1eW2Gn8cffO_JS82,9,plain,none,mixed,1 6 7 8 10 11 11 12 15
991WKC44S0WF2H4Ti70W4BAfnCY2,9,plain,none,mixed,1 2 2 3 5 12 16 16 24
991W0emIA2c6DI4Wo0mCCbQkv0WL,9,plain,none,mixed,1 2 2 6 8 10 15 16 21
991W8Z0f6fHH51aG60W49EEmhXvn,9,plain,none,mixed,1 1 1 7 10 12 14 17 18
991W4T4mMieo4X04q8Xu52i30Y9Y,9,plain,none,mixed,1 2 5 7 8 8 9 18 23
991W4AMSJadFo20CeeYYuqCLYBHW,9,plain,none,mixed,1 2 4 10 11 11 11 13 18
991W18Gu0afoig91arH98aXmC2Ka,9,plain,none,mixed,1 5 5 6 7 10 12 17 18
991W1WK3hR0wLeqZA3Cr118jMBCG,9,plain,none,mixed,1 2 2 4 5 11 15 16 25
991WK4HICnCZATY451Or2-3d9afY,9,plain,none,mixed,4 4 4 7 7 9 11 16 19
991W0WNAAn94v124BKea4XjBYDWe,9,plain,none,mixed,1 3 3 6 9 11 14 15 19
991WYT18L1GqU0GOL1I2YECd412G,9,plain,none,mixed,1 1 2 7 9 14 15 15 17
991WA4Z2H6AHXyKR8KgH6HHLOnmG,9,plain,none,mixed,2 4 5 6 6 8 14 14 22
991Wf4H24IsL52SXHCYeEWWGIIea,9,plain,none,mixed,2 3 3 8 8 10 13 14 20
991Waf26AaKY4fW42oWm75r_1jh2,9,distinct,none,distinct,1 2 4 7 8 9 13 17 20
991WJgYagv5GC_WK8Oe5aePrb28C,9,distinct,none,distinct,1 3 4 6 9 11 14 15 18
991W28Lk8Z8UqEW4ZKmfKagbYSK5,9,plain,none,mixed,2 3 8 9 10 11 12 13 13
991WHKoW8n54IA049KQAszDL62YG,9,plain,none,mixed,1 3 5 5 8 12 14 16 17
991W4XHiF6PbLSaQ0W5n9LP6W1aG,9,plain,none,mixed,1 2 5 5 7 8 9 21 23
991WO1m4nGSgCpGi23Y8W4M94Wea,9,plain,none,mixed,1 1 1 5 7 8 12 16 30
991WH335GYQQ5tG4BK7I2SJ8D2P4,9,plain,none,mixed,1 1 6 7 8 10 14 16 18
991W1Y8B52ROY8H81Ga4tFYJA3XO,9,plain,none,mixed,2 2 2 5 5 9 14 18 24
991W10qF3AKZFCQA4WaA51A5ogHG,9,plain,none,mixed,2 3 3 4 8 8 10 20 23
991W0W6Id45KO0gg4bDDIbPaUDeA,9,plain,none,mixed,2 4 4 6 9 9 15 15 17
991WRAWe8bnZ30m9H8GO31IiDGq8,9,plain,none,mixed,1 1 3 5 8 13 13 16 21
991WqXGaohOfH2GS8AWURJG9j0m8,9,plain,none,mixed,1 1 3 10 12 12 14 14 14
991W578816gnDJD0X8XHXKmqWbbL,9,plain,none,mixed,2 2 3 5 5 11 12 20 21
991W0WsoD2WKcBGIH24XIdIkqN2m,9,plain,none,mixed,3 4 6 6 7 7 14 16 18
991Wg32w0gGoCIrAIB2n0QjAMGm9,9,plain,none,mixed,2 3 3 4 6 11 13 17 22
991W0Y4-8AYINLM5aOI1EL9iJE0a,9,plain,none,mixed,1 1 3 5 6 13 14 18 20
991WAZ68Y7Gb95OeM0WJKCiQ0O9E,9,plain,none,mixed,1 2 3 3 8 11 12 18 23
991WWOgGd4IgK10W64HUKrIeY4pC,9,plain,none,mixed,1 2 4 9 10 10 13 14 18
991W92WqAXqeuK510WG6U0ZaF0mH,9,plain,none,mixed,1 1 1 5 10 10 14 19 20
991WC52S73u41046S52G24X02nCI,9,plain,none,mixed,1 1 3 3 5 8 11 17 32
991WeAX65dhIO68WH0XnxCWGG2Sd,9,plain,none,mixed,2 2 2 5 6 8 14 19 23
991WC57Wdw19AIP8H3onN2mJ81Ff,9,plain,none,mixed,1 4 4 5 6 8 13 20 20
991WK96I8cCXIA18A8kKfqT4H4oG,9,plain,none,mixed,2 4 6 8 9 9 11 16 16
991WX0X0rRqK8-cOe0fvP6co3WmX,9,plain,none,mixed,1 1 3 7 8 13 15 15 18
991W108hXp4H852m8ZCnJb1mq504,9,plain,none,mixed,2 2 3 3 8 9 14 16 24
991W130_ljaam0WG52eyYC6QHbOk,9,plain,none,mixed,3 4 5 5 8 9 11 13 23
991WKH4A2i26C80Y11ERdrrDHHXO,9,plain,none,mixed,1 2 2 4 12 12 13 17 18
991W4A2hxeMIHSGWaIOHm4my8LqZ,9,distinct,none,distinct,1 3 4 5 7 9 11 14 27
991WCOOoGd4G4K-H8U7gCi72WP8C,9,plain,none,mixed,1 3 4 6 7 7 8 15 30
991W2HukaefAHeJ412yWO92a9882,9,distinct,none,distinct,1 2 4 5 7 10 13 16 23
991W18H7yIY5jdg9ebaA9H8QijM8,9,plain,none,mixed,2 3 4 5 6 6 13 15 27
991Wk3GkA4XWhtWKY0uH3ap39494,9,plain,none,mixed,1 3 5 8 9 10 13 13 19
991W4Y4WEecghf8O11CJYJeL4wXm,9,distinct,none,distinct,1 3 5 6 7 8 11 15 25
991WHQAKs2OcAWqK4A2GGXCsqOS4,9,plain,none,mixed,2 3 5 6 6 11 14 15 19
991WM50YB_a98D1c4GfGJvGW4M14,9,plain,none,mixed,1 1 3 4 5 11 15 17 24
991WK33GAanx7XaGO23qA24C4YWd,9,plain,none,mixed,1 1 5 6 9 9 12 18 20
991W0ReDGk4fn588TAwHHOOlI_X4,9,plain,none,mixed,1 3 3 5 11 11 12 13 22
991W4H97K2e8X92HH40G67fkAD0n,9,plain,none,mixed,1 2 3 4 8 8 14 18 23
991WJHiKmXH3k8G4AHoigXHMl4m4,9,plain,none,mixed,1 3 4 8 10 11 14 14 16
991W18gudQbGCO0WYYClKaZGu20E,9,plain,none,mixed,1 2 4 4 7 11 12 12 28
991W4GW4Y52wPLGuA1m12vHv71II,9,plain,none,mixed,1 1 3 8 9 9 9 15 26
991WP4JK2KgLaIcGC5kZ86j893m9,9,plain,none,mixed,1 3 5 8 9 9 12 14 20
991W834jKBRkc8SH40arOQx6iQPa,9,plain,none,mixed,1 1 8 8 8 9 13 14 19
991WHC10B1wUoWLGsHCq504ZfBAn,9,plain,none,mixed,1 2 3 5 7 8 8 12 35
991WIiRsRaebHKOcC90TG22O4Ge0,9,plain,none,mixed,1 4 4 5 7 12 12 16 20
991Wa11eX59QX0yLeZHGC6Kg7GO4,9,plain,none,mixed,1 3 3 6 6 10 11 20 21
991W8nea3GxaX5nW20O9xQv5O3Y8,9,plain,none,mixed,1 1 6 6 9 9 9 19 21
991W1ZnHJeMvP5mG2nT2YAPPv5Ge,9,plain,none,mixed,1 2 3 6 9 13 15 15 17
991W2AHl6nHiGI46YCYk9Ht1DKKG,9,plain,none,mixed,1 1 3 10 11 12 13 13 17
991W37GPX8OQaaIWaAzihKFl9Z1G,9,plain,none,mixed,1 7 8 8 9 9 9 15 15
991WX0C221AQ8M1WX0WA31Gyl4I2,9,plain,none,mixed,1 2 2 4 4 10 12 17 29
991W2hK2WheoYr2GQ9UKL8uGq4A4,9,plain,none,mixed,2 2 4 7 9 9 10 18 20
991WX5xnZmWLvY2G5S8aGwvMg5uY,9,plain,none,mixed,1 5 6 8 8 9 11 14 19
991W219aaKlMo40C0pb2OlvvL8YW,9,plain,none,mixed,1 3 3 4 7 10 12 16 25
991WJPAYAGb4neI888O8M9WfeYIC,9,plain,none,mixed,1 1 4 8 9 10 10 17 21
991WEGN910qE2TPQGI90m4Bp10um,9,plain,none,mixed,1 3 3 3 8 8 11 14 30
991WAQ4I2GO4x894GOM2H2IIZ_GK,9,plain,none,mixed,2 3 4 5 5 8 13 14 27
991W4EA3ifHODOcC89fMfeYEaK4a,9,distinct,none,distinct,1 5 6 7 8 9 11 16 18
991W8PAHhM6WK559e1mIjX4W4D0A,9,plain,none,mixed,2 2 5 5 6 10 11 16 24
991WHOJpAY8eL2Ya0gD7579V642W,9,distinct,none,distinct,1 2 4 7 8 11 13 16 19
991We2vh21640LGqn4WhYf5HdZvG,9,distinct,none,distinct,1 2 3 6 8 10 11 16 24
991WKa60mcWG9Xf966YHZmaI5A5W,9,plain,none,mixed,2 3 3 3 6 6 14 20 24
991We9o4SnKM4qY8G24IiaQ4E28i,9,plain,none,mixed,1 2 2 6 7 13 13 18 19
991WwNaPAUY4J4AIW1LBem8C1WGK,9,plain,none,mixed,1 2 3 4 7 9 17 19 19
991Wc2f53OPjd0GeWnrrl3f3H9p0,9,plain,none,mixed,1 3 3 6 9 11 15 16 17
991W40Wj9Y72W852H4r88A1W43r6,9,plain,none,mixed,1 1 3 4 6 10 11 12 33
991W40W7EZJ1qKO82mCCB9fhK2D9,9,plain,none,mixed,2 2 2 4 5 10 11 21 24
991W30abagdAEpt24IGfL75XWhj4,9,plain,none,mixed,1 4 4 7 9 9 14 16 17
991W13Je0WLcKhAW9aGgXi7XDHW8,9,plain,none,mixed,2 2 3 3 6 11 13 13 28
991W2WSHQeIvcN4m0nKc6dB8MAX1,9,plain,none,mixed,2 3 3 4 6 9 15 17 22
991WbIjGKD596xrOa0j6XKY4Xq4I,9,plain,none,mixed,1 3 3 4 8 11 11 16 24
991W91wKeQ5A9YL8G2Wbg4Y5PAgH,9,plain,none,mixed,4 4 6 6 7 10 13 15 16
991Wi1040x8_9KOc49YR44H891eY,9,plain,none,mixed,2 2 4 5 5 12 13 14 24
991WOuf9C50GiW809kGyYgGa9EC3,9,plain,none,mixed,1 1 2 5 9 10 11 21 21
991Wg2T2H8QAA1WHX1H41WQ9SOL4,9,plain,none,mixed,1 2 5 6 10 11 11 12 23
991WC2mE2kJyB4v940GIs5I8CK93,9,plain,none,mixed,1 1 8 8 9 11 11 14 18
991Wg2Wma4sBIOg6m7vc1bO5718G,9,plain,none,mixed,1 3 5 7 9 9 11 15 21
991WK2Ha10So4YY4GK6XJiZB4XGC,9,plain,none,mixed,1 1 3 5 6 9 14 15 27
991W20GO1OW831GbU61WOKBq51Gb,9,plain,none,mixed,1 1 4 6 8 9 11 13 28
991W4AMYQ9WWXdSJA9QbkgcXv812,9,plain,none,mixed,2 3 5 6 6 7 7 15 30
991W85SiiSW440uy42ZmaNOiec6H,9,distinct,none,distinct,1 3 4 5 6 9 10 20 23
991WbecC2K2Yl2GaA08Q4fQ4PEWO,9,plain,none,mixed,1 2 3 7 7 8 11 20 22
991WDf9D51ZeY18X9Eg62s8ImaCY,9,plain,none,mixed,1 3 5 6 8 8 16 17 17
991W8o8MP0GSMOGG8YCLPGiBHAGY,9,plain,none,mixed,1 2 5 5 7 11 11 12 27
991WH6WDFYGbYv0G1GH4e9AMKcOe,9,distinct,none,distinct,1 2 3 5 9 10 12 18 21
991W825Hs6z08A8XGN8EK20uA3EA,9,plain,none,mixed,1 1 3 5 8 11 11 15 26
991WWq9sZbIa4aWWABHFBr5Y5X2G,9,plain,none,mixed,1 5 5 7 9 10 12 14 18
991W9K62EXxkB8G8ErIO8Ye9aCG4,9,plain,none,mixed,1 2 2 6 10 10 12 17 21
991W0uASZah4gCWYXJeb8a8TII2W,9,distinct,none,distinct,1 2 4 6 9 10 14 17 18
991W8IWisCJdrX8u808efP1H8oYa,9,plain,none,mixed,1 1 5 9 11 12 13 14 15
991W90eGSEXOhoaK40ugdT35GeI1,9,distinct,none,distinct,2 3 4 5 8 9 11 16 23
991W4Ga62fBeiAX840q929PuM420,9,plain,none,mixed,1 1 3 5 6 7 11 23 24
991WKYmgdb38nK208XcGC9WqqW86,9,plain,none,mixed,1 1 5 5 7 7 11 20 24
991W40WJAfo8C90M4WqDE-H8KK1W,9,plain,none,mixed,1 1 5 6 8 8 9 19 24
991Wo0Y82go3Wq918j9GI4WG62ie,9,plain,none,mixed,1 2 4 5 5 10 14 14 26
991W4H0VHb0WOA2C92OgAJ5H442W,9,plain,none,mixed,1 1 4 6 7 8 12 13 29
991W2p8W2B4I8g864HeQjV51GOWG,9,plain,none,mixed,1 1 2 5 8 9 10 16 29
991W3WW6X0mg4IWaCW823WvHg4H2,9,plain,none,mixed,1 1 2 5 6 8 11 14 33
991W94Wow6Km4AX342FA9MluQ2am,9,plain,none,mixed,1 3 6 6 7 9 11 15 23
991WP24i4c62752J41sEDYH2f9bG,9,plain,none,mixed,1 1 4 5 10 13 15 16 16
991Weg0U8nEZ5WZ024L5VKSaGgIW,9,distinct,none,distinct,1 2 3 4 11 13 14 15 18
991W1me6ASbM4C103HOI8Ypi12o4,9,plain,none,mixed,1 2 3 3 9 11 12 19 21
991WK2db8g898IuCKId9XeRAgOeW,9,plain,none,mixed,2 2 6 7 7 7 9 16 25
991W8aHaYOeB10KA233GS71LiZSe,9,plain,none,mixed,4 4 5 6 8 8 9 11 26
991WA4YazrL95GWOLINH8GvC4Y8G,9,plain,none,mixed,2 4 5 8 8 12 13 13 16
991W4H8U9bIAZeoI0WWGC2bCMu00,9,plain,none,mixed,2 2 3 5 6 8 17 19 19
991WQ7HLOJU413iX10WOSidBCIf0,9,distinct,none,distinct,2 3 5 7 9 10 12 14 19
991WWma4Y30K6dDCe10I2HliXG52,9,plain,none,mixed,1 2 3 4 4 6 17 22 22
991WY67St8WA1KGYIA0Jqf9E6HJI,9,plain,none,mixed,1 3 4 8 9 9 9 17 21
991W2H0X8M9Iv4j13WWIJCXBJLB0,9,plain,none,mixed,1 1 4 7 8 13 14 16 17
991WTA0y23P3WaM2K9SOCDYeKqb6,9,plain,none,mixed,2 3 3 5 9 12 12 12 23
991W9UNpaynG9AbA2P8dG1mEK14I,9,plain,none,mixed,3 4 4 6 7 9 13 16 19
991WHCJBGQ4QI4SKCeeT3GXc9aaI,9,plain,none,mixed,4 5 6 6 7 8 10 10 25
991WGS7XxX4XIYPGWX95FYSJ8JGK,9,plain,none,mixed,2 5 5 5 8 9 14 15 18
991W2Go0X3p66YD0I1GT5XfKgA6Y,9,plain,none,mixed,1 1 4 6 7 10 11 15 26
991W8M7AZ4H18cHeGZA4Ga9JQao0,9,distinct,none,distinct,1 3 4 5 6 10 11 19 22
991W50eB7urf4C021nmR5wKPeH14,9,plain,none,mixed,1 1 4 7 7 7 13 20 21
991W10LDZ2H1UnsXINWQ5HH1oimW,9,distinct,none,distinct,1 2 5 6 10 11 12 15 19
991WItY0890N3SG82t5oaau91ee8,9,plain,none,mixed,1 1 3 5 9 9 12 13 28
991WaFaLT0yl2GS465YeL8HI9Z6a,9,plain,none,mixed,2 5 6 7 8 10 10 13 20
991Wa0kCY5XCAIaom10C294iJ8r8,9,plain,none,mixed,1 1 7 9 9 9 12 15 18
991W8JY8U4WYHmG4OW8iTAGC2WgC,9,plain,none,mixed,1 1 1 3 7 10 16 20 22
991WK20KEW9AKM4IgAWbrsHSF0K0,9,plain,none,mixed,2 2 3 4 10 10 12 14 24
991W417rR1fKb9W08qGOI34QM4Ye,9,plain,none,mixed,1 2 2 6 7 11 12 13 27
991W0W5_oYSeM6HmC21KDb4hKCWm,9,plain,none,mixed,1 4 4 4 5 13 13 18 19
991W4HaiB2eM9ak8GK523iOCKa52,9,plain,none,mixed,1 1 2 7 10 13 13 16 18
991W136m94CY8f2WO28wWwAYaeXO,9,plain,none,mixed,1 1 4 5 11 13 13 15 18
991WIJ4IOYGK59B441ApQuW84q10,9,plain,none,mixed,1 2 4 4 11 11 13 17 18
991WA8W8o4zCRAeKKQE110KI2nW8,9,plain,none,mixed,1 3 4 4 8 8 11 18 24
991WK30GKtACgAXaQ6785Wu532GK,9,plain,none,mixed,2 5 5 5 6 10 11 14 23
991W39QGcVn42Ga498oGYA0DKP6c,9,plain,none,mixed,1 4 4 4 7 11 13 14 23
991WueNhCcM9AKGH6BHFXRJQGzCW,9,plain,none,mixed,1 4 6 8 10 10 10 13 19
991Waqg4DQqB8cW85kuj1hPYQY24,9,plain,none,mixed,1 4 5 9 9 9 9 15 20
991W41SS5o4eQBZ8G4D4KQB8MAX8,9,plain,none,mixed,1 3 7 7 7 8 14 16 18
991W1IKa8rYYK8h4mC_O3189AHPc,9,plain,none,mixed,1 2 3 5 8 12 12 13 25
991W95fQ1KIG67I2CJs6XIoEjHGa,9,plain,none,mixed,1 5 7 9 9 9 10 10 21
991W412OBYyo4b4O9KL6QaKC90eH,9,plain,none,mixed,1 6 6 7 9 10 11 12 19
991WHBTgaL1WgcKH8TUaIQ77HA9G,9,plain,none,mixed,3 4 5 5 7 8 8 15 26
991WE50R2M4WmgGYL56F4B10GoHC,9,plain,none,mixed,1 3 5 5 7 8 11 13 28
991W0mB1eX6RZ0mmGbWu6GK937Y4,9,plain,none,mixed,1 1 3 4 8 8 12 15 29
991WP2YUNJ1myVGb167O2K2GGY8L,9,plain,none,mixed,1 1 3 6 8 11 12 15 24
991W90pGaHOmR6nf440agDHL210X,9,distinct,none,distinct,1 2 3 4 7 12 16 17 19
991WAYWG4LWt8J6I4149Hb0O59cm,9,plain,none,mixed,1 2 4 4 10 12 15 16 17
991W2evKMBbApAbYWLqA4KcWHWiG,9,plain,none,mixed,2 3 4 5 9 9 10 15 24
991W1HTCou8aLYg0KseS5z62h64H,9,plain,none,mixed,1 3 3 6 7 10 16 16 19
991W20cAk7Yu90z4Q1GD8my40c6Y,9,plain,none,mixed,1 1 3 5 5 11 11 19 25
991WC3nSmW8gJnAA9HH6YYc2928a,9,plain,none,mixed,1 1 5 7 9 10 11 13 24
991W136msHXYPGWHM1WYY75QtDGZ,9,plain,none,mixed,1 1 2 8 10 10 12 16 21
991W6WM4IBG8ZOvGJ34G296v18T5,9,plain,none,mixed,1 3 3 4 4 8 19 19 20
991W58I87IYGc6XAIAAXkepX4H0W,9,plain,none,mixed,2 2 5 6 6 12 12 15 21
991WH25CljR84oWH80Ju2onVvyqA,9,plain,none,mixed,2 3 6 7 9 11 11 15 17
991W4wsBC414KeR4GAEuMEuEmIGa,9,plain,none,mixed,1 3 4 7 7 7 12 15 25
991W860IMJygHKI2uE5KG2WC4NHA,9,plain,none,mixed,2 2 4 4 4 10 13 19 23
991WcM4YeX824WzePDIL58e92a42,9,plain,none,mixed,1 1 3 6 6 13 13 16 22
991Wf0mPGpDn51GqY0WqiS0WP4mO,9,plain,none,mixed,1 1 1 8 9 10 15 17 19
991W8Y6JPHCW3WA45NHKF6HYLQWe,9,distinct,none,distinct,1 2 4 6 7 9 14 18 20
991W3FYZh5bO4WWW891CdKVWK3PE,9,plain,none,mixed,1 2 2 7 8 9 14 17 21
991WWSMW83miKL5o0A3bY9IGJ4s8,9,plain,none,mixed,1 1 3 7 8 9 13 18 21
991WH8IcDYm5X4Y59CD12Jao5KL8,9,plain,none,mixed,2 2 4 4 8 9 14 15 23
991WHHWYLILa3maX20YqxHtSOYI8,9,plain,none,mixed,1 3 5 10 10 11 11 15 15
991WGeE2w82dUXgM8QGIF3Wj84Y4,9,plain,none,mixed,1 2 3 4 7 7 13 18 26
991WC12OL5OBI4Q4GI4CZ4mg4WK9,9,plain,none,mixed,1 1 4 5 10 12 14 14 20
991WO6CbCYne51Ye2GX4gPoEy220,9,plain,none,mixed,1 2 3 5 9 11 14 14 22
991WT8T4i4YBYOgC0lWWa30bXKg0,9,plain,none,mixed,1 1 2 4 6 10 13 21 23
991WabW-yh8my8122ALIGWYeoA6X,9,plain,none,mixed,2 2 5 5 7 9 11 12 28
991WD24XL14820pI414ma2aYiR0O,9,plain,none,mixed,1 1 1 4 8 11 14 19 22
991WIOWCAgoe4buLK8G79o4ET470,9,plain,none,mixed,1 2 3 3 11 12 13 17 19
991WQ9a8DbML5C6Y1CvNvZ0G8XF4,9,plain,none,mixed,1 3 4 6 6 11 16 17 17
991WHC7X7d2chnSa8gXGBnGYcA4a,9,distinct,none,distinct,2 4 5 7 8 10 12 16 17
991W86Z2eLdwDGS7I1Iumj14H2uW,9,plain,none,mixed,2 2 4 5 7 8 12 20 21
991WGQ1GBYGGYkmKX47YIIqy5Y2W,9,plain,none,mixed,1 1 4 5 7 7 18 18 20
991WE3CK8T7Ir3b32187T063vwf0,9,distinct,none,distinct,2 3 4 5 7 8 13 18 21
991W9KWe8y8IHeJ840lSZ8Gbeh0W,9,plain,none,mixed,1 1 2 9 12 12 12 14 18
991WGuAm4fGYsXH14gujJKH2Mw4W,9,plain,none,mixed,1 1 5 8 9 12 13 13 19
991W0G0ma9afS4IGI75qNXK51WQI,9,plain,none,mixed,1 1 3 4 5 8 11 15 33
991WF4Ob92WnHGQ50WF58QqrWaCe,9,plain,none,mixed,1 3 5 5 6 9 16 17 19
991W2GXuUX8Kkec2GaGKGYGL6IUa,9,plain,none,mixed,1 2 5 6 12 13 13 13 16
991WWF45aacHq0GqP5g4HVhgYBWa,9,plain,none,mixed,1 2 4 4 12 12 14 15 17
991WIAYEaYmE6a20a57I2ZmYNY8Y,9,distinct,none,distinct,1 3 4 8 9 11 14 15 16
991W10AHXOZgCrc4O0KA2croqnrO,9,plain,none,mixed,1 2 3 7 10 10 11 11 26
991W51KZ56_Kk1W42W8MQ1aLQ52e,9,plain,none,mixed,2 2 5 5 6 10 14 15 22
991WGIXCKaYW48mC9oZG73goqE1W,9,plain,none,mixed,1 2 5 6 6 7 13 18 23
991W4713oavWZd518XIQLHOgD5eu,9,plain,none,mixed,2 3 3 6 10 10 12 15 20
991W82X8MXc1We4WGabPcB0823ub,9,plain,none,mixed,1 3 4 4 6 7 10 19 27
991WaCZ8NgOW86sGA94YCv8X2Z8n,9,distinct,none,distinct,2 3 4 5 9 10 13 15 20
991W8OH8ZWateX0XLAB2IqPUehWb,9,plain,none,mixed,1 4 4 8 9 10 13 13 19
991W14HIkhHe0WC3YAWa85XijC32,9,distinct,none,distinct,2 3 4 5 6 7 12 15 27
991WH51WOI92HAQ6K59AGO611XWe,9,plain,none,mixed,2 3 4 4 6 7 9 11 35
991WOZSd5SOsdg0G4GoKUugC8XI4,9,plain,none,mixed,1 3 7 7 9 10 13 14 17
991WY0S8ijWTTE8GeWaK9mJukac5,9,plain,none,mixed,1 1 5 7 7 12 12 13 23
991W4R20SQOIAHKcAB2GRnGM316a,9,plain,none,mixed,1 3 4 7 7 7 11 16 25
991WfA59e48IsQ7037WVR684X9In,9,plain,none,mixed,2 3 3 6 7 8 9 17 26
991W891efUQgP7o5W7L9naKg1H4W,9,distinct,none,distinct,2 4 5 6 7 10 11 12 24
991W51F16IGaa54W9KSaCNHKq90J,9,plain,none,mixed,1 1 3 5 6 11 14 19 21
991W8a7M6H6KnCW2H2ciB7XBASWe,9,distinct,none,distinct,1 2 5 6 10 12 13 14 18
991W59P9iJXmY4X5c6uW36mHKP70,9,plain,none,mixed,1 2 4 4 7 12 14 17 20
991W6AXkACWeR94KaKeyWWC5OW81,9,plain,none,mixed,1 2 7 7 7 8 8 14 27
991WKN1EBCIG51IY40rrXKmSGI2W,9,plain,none,mixed,1 2 3 8 10 11 13 13 20
991WI31AIYed6noGKL3GL91DGXWI,9,plain,none,mixed,1 4 4 4 5 10 17 17 19
991WGqGmLE52M3mW50ngKKH1iZwc,9,distinct,none,distinct,1 3 4 6 8 9 10 11 29
991W2H04Pmk8C4p951qk6DvI8GcW,9,plain,none,mixed,1 1 4 6 7 11 13 18 20
991WG2A9GRkqn4H9KZ2LHL4eAV68,9,plain,none,mixed,3 3 3 5 9 11 14 14 19
991W1Z18H4Y811eHb9pa9EQran0H,9,plain,none,mixed,1 1 3 7 10 11 14 16 18
991W0C4iXViL42WGOCXGApD8N5Ia,9,plain,none,mixed,1 2 3 3 6 13 17 18 18
991W41ak3gfgO90W4neGSx0KH0Z8,9,plain,none,mixed,1 1 3 5 6 10 16 16 23
991WmEX8B082NryaL1HrX84KCJ4q,9,plain,none,mixed,2 3 5 6 7 7 9 17 25
991WIeHTKKVSNM0W3CGH4aYYr4mA,9,distinct,none,distinct,1 2 5 7 8 10 13 16 19
991W82b9Hc58uzQm00HNY8ek7Jp2,9,plain,none,mixed,1 1 4 9 10 12 13 14 17
991Wa9n1eMJ9yuGH2N8a2a-FLLD8,9,plain,none,mixed,3 4 7 9 9 9 9 10 21
991WKKcuuE9Y8YGI2614KR1GKqX8,9,plain,none,mixed,2 5 6 7 7 9 13 14 18
991W8I0e5CJ4Cu5050SMSaGa51QH,9,plain,none,mixed,1 1 2 6 8 13 15 17 18
991WIaHVMFY4Y5Ga0X0R2aEle40W,9,plain,none,mixed,1 2 2 5 7 11 13 18 22
991WGO1epD6IA081ACmaHbek7XEA,9,distinct,none,distinct,1 2 3 5 7 10 11 19 23
991WOebA5meZb3C09EO6ZRaH9-8T,9,distinct,none,distinct,1 4 5 6 8 11 12 14 20
991W30eJoadyf40WAZ072cQ2Y5We,9,plain,none,mixed,1 1 2 4 6 11 15 19 22
991W31ewfKGamg519H8VGA00f2OK,9,plain,none,mixed,2 2 4 4 7 8 8 14 32
991W4I9Yg5QJOs4Y0JrIf3WeC8E8,9,plain,none,mixed,1 3 4 5 8 12 14 17 17
991W5AUC51W1w5X49AAauaazJOr1,9,plain,none,mixed,3 5 5 6 6 7 9 20 20
991W1-Ja30aQb3CWX2A28Imi6fq6,9,plain,none,mixed,1 1 4 6 7 12 14 14 22
991WY80aE8ySO60IIT7KfPWaK4bH,9,plain,none,mixed,2 2 4 6 7 10 13 16 21
991W61Gbs9Ze3P238XGeJ2UZ9IL2,9,plain,none,mixed,1 2 4 8 9 12 12 15 18
991W48AOS2427SB2YYWQ8jJoz3uu,9,plain,none,mixed,1 2 6 7 7 11 13 14 20
991WKvm-A1XzeP5e0iL85p64ACX1,9,plain,none,mixed,1 2 3 7 8 10 16 17 17
991W1aIN62IILX0GYEGYEaLr2-E3,9,distinct,none,distinct,1 2 5 7 10 11 13 15 17
991W085HGaWk8Iv8a50fA4XUMMwA,9,distinct,none,distinct,1 3 5 7 8 12 13 14 18
991W16GG2I51ai92XO9Erh2WO6Hm,9,plain,none,mixed,1 2 3 6 7 8 8 19 27
991Wg44GIAi8IGeA4ehyP2I9YP9C,9,plain,none,mixed,2 2 5 5 10 11 13 13 20
991W285u7nwohDy12S6YogLAPNAW,9,distinct,none,distinct,1 3 4 7 8 11 12 13 22
991WK4WSv4PiROm84o1IQ8WfIb9K,9,plain,none,mixed,1 3 7 7 8 10 10 15 20
991WCB1WLIeyYuQ28EIKQ1GU8JmA,9,plain,none,mixed,1 2 5 6 8 11 11 16 21
991W1WS7V1AJKKIGB2KI8XSd52Y2,9,plain,none,mixed,1 4 5 7 7 12 12 13 20
991W2H4HB8GX820cUc9YU9We2GWa,9,plain,none,mixed,1 1 3 4 6 9 15 20 22
991WX52K8Yv3724aR8n8OiJQ9Ga6,9,plain,none,mixed,1 1 2 4 7 12 13 16 25
991WKOG72GfHY8nGI8q418sb9bwI,9,plain,none,mixed,1 3 6 8 8 10 10 10 25
991WGIqGK518AYYa4H2aP4o5H4A2,9,plain,none,mixed,1 1 7 7 9 10 11 12 23
991W2H8D2H63D8982GyE3D939-Wa,9,plain,none,mixed,2 3 4 5 8 10 10 16 23
991We6H6H8IIC1a119H4We-D9KbA,9,plain,none,mixed,1 2 3 9 10 10 11 15 20
991WI51WmDZzyH0M809uKf042GWA,9,plain,none,mixed,1 1 2 4 5 10 14 17 27
991W9eA0W4Bo8b82APM62WK5XL1G,9,plain,none,mixed,1 4 4 5 6 8 9 10 34
991W11fuQAYRXe6OWfJ4p274Geg5,9,distinct,none,distinct,1 2 4 5 7 8 11 18 25
991WC50Y8mwY8ZAH92df4r18K2aO,9,plain,none,mixed,1 3 3 7 8 9 12 13 25
991W610jHbAQKX51Gavf2TGuM68W,9,plain,none,mixed,1 3 4 10 10 11 11 15 16
991W13QmQaMAZ00WGoaHa30-Ohwc,9,plain,none,mixed,1 3 4 4 5 7 9 21 27
991W129oRKdAaYH2Y8R3S1OYaxYG,9,plain,none,mixed,1 3 5 7 9 10 10 17 19
991W8Q4deeZo9IeKOAIe4HqVU2S1,9,plain,none,mixed,1 2 4 5 10 13 14 14 18
991W98A8s0qCAzCoGf6Z91P8r1G9,9,plain,none,mixed,4 4 4 5 7 9 15 15 18
991W0XWYWYDuRfA8A3inIupBpGWO,9,plain,none,mixed,1 1 6 9 11 11 13 14 15
991WfIMfsQ4E4H4bY41mAHr520m8,9,plain,none,mixed,1 3 5 5 8 9 11 18 21
991WGKXCIiZ8EYG52HK510Bqbg0X,9,plain,none,mixed,1 1 2 7 9 10 12 17 22
991WICWOE339MO92Y4SC95e820i9,9,plain,none,mixed,2 2 3 4 6 6 18 19 21
991W4FGneIj8b4mQe5QPeKPKauh2,9,plain,none,mixed,2 5 5 5 7 7 12 13 25
991WGppRkv3OiLI40aFl6OXKbaQG,9,plain,none,mixed,1 3 5 9 10 10 10 12 21
991W30Sd2LfAcvQW61mGSMp28PH2,9,distinct,none,distinct,1 2 5 6 7 12 13 15 20
991WGKHA2SkWO04q50GwCJ1ewR4A,9,plain,none,mixed,1 2 2 4 5 8 13 15 31
991WAOMBACHGE3WWIB2a4HtQGYA2,9,plain,none,mixed,1 2 4 6 10 12 13 13 20
991WAJWOI49I8K2G8I0dPOWO61II,9,plain,none,mixed,1 1 3 5 10 12 14 15 20
991WP98UNZ18qCEe3CXvu1v3ao8X,9,distinct,none,distinct,3 4 5 6 7 10 12 15 19
991WH38Gi24A8O526YceNew2WazH,9,plain,none,mixed,2 3 5 5 5 5 11 20 25
991WDIfAeq8Y12WX831OfYQ71uCo,9,plain,none,mixed,1 1 5 7 8 9 13 18 19
991W2IQPEKdHNMqKdF3X4alK4T48,9,plain,none,mixed,1 4 6 6 10 12 12 13 17
991WC8WGJ2mD0mGXIOcveE0C9oCe,9,plain,none,mixed,1 1 3 4 6 9 13 16 28
991W0dQcPrYWgw1GaFaGcqfKX38a,9,distinct,none,distinct,1 5 6 7 8 10 13 14 17
991Wm41kWbDz30eL4B0aI5KuLmmH,9,plain,none,mixed,1 1 6 6 6 9 12 19 21
991W30avY3XfnD12H75w9bq9ZuuY,9,plain,none,mixed,1 4 5 7 8 11 11 15 19
991WB4GoavQ8VYSe32JYH1gHJ24I,9,plain,none,mixed,1 1 7 8 9 10 13 13 19
991WX8fA5uOCmC1015byV4oad1Ga,9,distinct,none,distinct,1 4 5 6 8 9 11 16 21
991W20HAsg-mC4GIP51JKsgIIH08,9,plain,none,mixed,3 3 5 5 7 12 13 16 17
991WGR8A1PseGaGYLi95Y50i3wWm,9,plain,none,mixed,1 2 3 5 5 12 16 17 20
991W8YHKIh9HKK8I611P2N92eXiH,9,plain,none,mixed,1 2 6 10 10 12 12 13 15
991WP4Xm3HKJzOQC10AaGdIb2GOW,9,plain,none,mixed,1 1 3 7 9 9 12 17 22
991WH0aAb8Xe4R148Gk6ZRbLvCI2,9,distinct,none,distinct,2 3 4 6 7 10 14 15 20
991WQWK8qD2WMYWaA0oYBYJ51892,9,plain,none,mixed,1 2 3 6 8 9 9 17 26
991W20p8oHJEcAXO644S7nZ8L5Xe,9,plain,none,mixed,1 5 5 7 7 9 14 15 18
991WD4GumQawWaJ28GxyIAJmCpWW,9,plain,none,mixed,1 2 6 9 10 10 11 11 21
991W1WPxYG8CbCe8D2528aPQ6Y5H,9,distinct,none,distinct,1 2 3 5 6 10 15 17 22
991W72G8v7WA4L0Y6YeXoLNv2GG2,9,plain,none,mixed,1 3 4 4 5 13 14 17 20
991W42v2Y1AMMZeh62H6X95ag92H,9,plain,none,mixed,1 5 6 7 9 9 10 15 19
991WKP24SYePI4Y4GA4KB5H9A2Ya,9,distinct,none,distinct,1 3 4 5 11 12 14 15 16
991W0W8df91mQ6H8O4X56XOJG60W,9,distinct,none,distinct,1 2 3 5 6 9 10 20 25
991Wf37mc91sEeSaZ4ShWXGcgA5Y,9,plain,none,mixed,1 4 8 8 9 9 13 13 16
991WGh5oB4X31MPa1CGoW61eNVCv,9,plain,none,mixed,2 3 4 5 6 9 12 12 28
991W82IG2GI4GXDGw8I3mw2GL5DY,9,plain,none,mixed,1 1 2 3 9 9 9 11 36
991W2DYedsGrHd2GWnBDjaWO8XGi,9,plain,none,mixed,1 1 6 8 9 10 13 14 19
991WeA0aCN240YOGHWeQ8HaPTd5H,9,distinct,none,distinct,1 2 4 6 7 12 13 17 19
991W8I0S1uXGiAWO5Ge6HIfGK63G,9,plain,none,mixed,1 2 4 5 5 6 12 23 23
991WY1mAuc5S92908B25h6I8GZCh,9,distinct,none,distinct,1 2 3 5 9 13 14 15 19
991W4GWOH9HaiXOI41uYBDcvXe41,9,plain,none,mixed,2 2 4 4 8 11 13 15 22
991WI3Or8pkpX26120U7Y3IigaP4,9,plain,none,mixed,4 6 6 6 7 9 9 16 18
991WbCT1gF0YJKv084YrcH4aOQwA,9,plain,none,mixed,1 3 4 4 7 11 12 15 24
991WWWPAM4H1XqTIa1PWO55HZ2eX,9,distinct,none,distinct,1 3 4 5 6 9 13 16 24
991WHZ-Z4B0aD34iA53GSOnD0YA1,9,plain,none,mixed,1 4 6 6 6 7 11 14 26
991W41Cc92sESaD02GqCGaHG98jI,9,plain,none,mixed,1 2 5 5 9 10 13 17 19
991W24949ec8BXqna9Gq8oAnv1OC,9,plain,none,mixed,1 4 7 8 10 12 12 13 14
991W8a5wwMahCK5091IEGcG82EGH,9,plain,none,mixed,1 4 6 6 7 8 8 19 22
991W81H1WhXH1_4K5YrAquoKq-M8,9,plain,none,mixed,1 3 6 6 6 10 15 17 17
991WA4WgX2Q2Gj8n4YtgCp2GkC70,9,plain,none,mixed,1 1 4 6 7 9 14 18 21
991W4caG64EneM5WM5A8HFWO6913,9,plain,none,mixed,1 1 3 6 8 8 15 18 21
991W93iku-g482XG82GDKfCep5Ia,9,plain,none,mixed,4 4 4 6 7 10 11 11 24
991W9W-NdX6cnoCGKWWEWzeg4Zc4,9,plain,none,mixed,2 4 4 7 7 9 10 11 27
991W842yN4I6XKXMI2hWG352AIGY,9,plain,none,mixed,1 1 5 6 7 9 11 17 24
991W8X8Q9430XSY3A2OneK4YD9MI,9,distinct,none,distinct,1 2 4 6 7 9 11 14 27
991W4HL0e9We2mjGA11nNPM4H464,9,plain,none,mixed,1 2 2 3 6 11 12 18 26
991W20eG5Gt4GaL9A2mW8519RgYI,9,plain,none,mixed,1 2 4 6 7 11 11 14 25
991W0Zw854L820e9P4HGqA2gKXCA,9,plain,none,mixed,1 1 3 5 10 11 13 13 24
991W90c5kIOBaObWL24WgPzmc8GP,9,plain,none,mixed,1 2 3 4 6 14 14 18 19
991WY2ad9D2WY0Tm0f2P71LJGY72,9,plain,none,mixed,1 1 2 7 8 12 13 16 21
991W4oAOo08O92GuK10Wv2bTN0I4,9,plain,none,mixed,1 1 2 8 8 10 11 17 23
991W2aGfLaGQAOcHWe9gB17us6GW,9,plain,none,mixed,2 2 4 6 10 12 13 16 16
991W4ihafafqUW7219KYMDeKR0yC,9,plain,none,mixed,1 3 5 6 9 11 11 15 20
991W42GQ20rafs4XAIycw4WmweoG,9,plain,none,mixed,2 4 5 8 10 11 11 12 18
991W62H8a8ICl8Pq82D2XJBOIab9,9,plain,none,mixed,1 4 7 7 8 9 11 12 22
991W8GH7XR6W83G8H70GcPEICL69,9,plain,none,mixed,1 1 3 5 6 12 15 18 20
991W0S4Y45o6H5l0IOnICYaoAaM6,9,plain,none,mixed,1 1 5 6 10 12 13 14 19
991WK3WXYQ4N2E4DAWcASNsBXeh4,9,distinct,none,distinct,1 2 3 4 6 7 9 14 35
991WeCL5HKWcPHeH55Ig82CwY8Sm,9,plain,none,mixed,1 1 3 6 6 9 16 16 23
991W64vEmK5COG8C62YAZ0mfZIuK,9,plain,none,mixed,1 3 4 4 6 9 11 21 22
991W3989oN8I8J-3q2497T91mbm8,9,plain,none,mixed,1 1 4 5 8 9 14 18 21
991W84gKH4HyDI8eS52aA4g7nuI2,9,plain,none,mixed,1 3 5 8 8 13 14 14 15
991W2cPoNAXa8121W9abb-Jy90G5,9,plain,none,mixed,1 1 6 6 7 9 16 17 18
991Wn2WL713U4HaMY0I8I2hLI4Ka,9,distinct,none,distinct,1 3 4 8 9 10 14 15 17
991W8j2xHwkO20GBX3Zea3nJO8d0,9,plain,none,mixed,1 1 2 6 6 11 13 20 21
991WK9oS7c1aQ0K498GI69WUi823,9,plain,none,mixed,1 1 3 3 4 8 16 19 26
991Wf0GI5oFAea512OUA76nW4698,9,plain,none,mixed,2 2 4 4 5 8 10 22 24
991W1Q8XKwcPHfu8L8Un6IOriTG8,9,plain,none,mixed,2 2 6 6 8 9 9 19 20
991WDE-MH2HODWK41AHy8kWi9OD2,9,distinct,none,distinct,3 4 5 6 7 10 13 15 18
991WAXXuJcwOGMAM10bMhGKX2AAa,9,plain,none,mixed,2 2 4 5 9 11 12 15 21
991W8YDICZ4ekDWOH44Yr9YOc4YG,9,plain,none,mixed,3 4 6 9 9 9 10 14 17
991W1WAKH16n4I24HoewDqL5r1G2,9,plain,none,mixed,1 1 6 8 9 13 13 14 16
991WA66bAYghuE2GA464XOGWG7IO,9,plain,none,mixed,2 3 4 4 5 6 13 18 26
991WeMEAI1voAxD01-GPMKueCC44,9,plain,none,mixed,1 1 4 8 11 11 12 15 18
991WA1Sd34WO6Gc36HW8wAAH8O0a,9,plain,none,mixed,1 2 2 3 6 8 19 20 20
991W51VKGN8fTg898K8yCGy2f7s1,9,plain,none,mixed,1 1 4 8 11 11 12 13 20
991W2GWD3aJKR31e1GaQ71T24230,9,distinct,none,distinct,1 2 3 5 7 9 10 21 23
991W4EPcMbAIf8yBGOX0ffAW9PAG,9,plain,none,mixed,2 6 6 7 7 10 10 14 19
991W949TK-6GfMYW50kG7K4Yv1HA,9,distinct,none,distinct,2 3 4 8 9 10 12 13 20
991W8QrDJKk6YX4HmaX0W88Cc8e1,9,plain,none,mixed,1 1 5 7 8 10 10 11 28
991WA4aNJX9PPcSOY8ZnT6aTI2s2,9,plain,none,mixed,1 3 5 8 10 10 11 16 17
991W6hIA0WJNYKoKA8k4HCakz0W2,9,distinct,none,distinct,1 3 5 6 7 10 13 15 21
991WGKoKb5IDq2Y80rn2GK-0b9IO,9,plain,none,mixed,1 1 5 8 9 9 10 16 22
991WGKJ460GD2IaHOY8Y8H4yY8W2,9,plain,none,mixed,1 1 2 5 7 12 15 16 22
991W1SX2WjHJf2Y4IhK51HNNM0I8,9,plain,none,mixed,1 4 5 5 5 6 14 16 25
991W0e58U4HnWHOGXaGa63PMJSuA,9,plain,none,mixed,1 1 2 9 9 10 14 17 18
991W0u5yUn5EK52mY4aJGamuLEW8,9,distinct,none,distinct,1 2 3 7 8 9 16 17 18
991W1mOX8YgQLaYY92qfM5970s20,9,plain,none,mixed,1 2 5 5 7 12 15 16 18
991W2H4a_PaO9fOP2o0GPf0rH44e,9,plain,none,mixed,1 1 2 5 8 11 15 19 19
991WGgb5XWKA4oCmCE10WuH8ABaa,9,plain,none,mixed,1 1 3 4 5 7 12 16 32
991WH85sbqyZruWGHV8iH1SCmk0Y,9,plain,none,mixed,2 3 4 6 9 10 15 15 17
991W6CG2c3CL6kgAe5AHYYImV51C,9,plain,none,mixed,1 5 7 7 8 9 12 15 17
991WWaACYCZYAIHOm8HHMLWlJWO2,9,plain,none,mixed,1 2 3 7 10 12 12 16 18
991WQ9mR868C10aKM9W0g2c7IZ9H,9,plain,none,mixed,2 2 3 4 6 8 9 15 32
991Wb2WWL0ihIr58Y0WzsMgp0nKG,9,plain,none,mixed,1 2 4 7 8 8 9 18 24
991WY8uo5H6GOK4a34H3P21WiH4i,9,plain,none,mixed,1 1 2 5 7 11 12 17 25
991WH48J6uGGOECI3XLKLMXOm391,9,plain,none,mixed,1 3 3 6 7 9 10 13 29
991Wmr59oGbnLWC48f8e9Eg2XGKI,9,plain,none,mixed,1 4 4 5 6 10 14 17 20
991W21G99If4H29H410V9ENzIr0X,9,distinct,none,distinct,1 2 7 8 9 10 12 15 17
991W51OwceOX9GmYGcfg0nDIpGm2,9,plain,none,mixed,1 5 5 6 7 8 11 13 25
991WX2aD5H8oz9PIGiN22230Dp20,9,plain,none,mixed,1 2 3 4 8 8 14 16 25
991W4He46oxZfQ1G2GW54sAgr2YI,9,plain,none,mixed,1 2 3 5 7 11 14 14 24
991WAIOK4EcIG1X81X8FNogmK9o4,9,plain,none,mixed,1 4 4 6 6 7 15 17 21
991WY3yO2Oeqb4I478U4IAf2Y52W,9,plain,none,mixed,1 2 4 5 6 13 15 15 20
991WrEo91ef2L2YYC0bFZ0gpHN0G,9,plain,none,mixed,2 3 3 8 9 9 13 14 20
991WX08GIKiH15GqfYOD36vsy2W4,9,plain,none,mixed,1 4 4 5 8 9 13 15 22
991WYAoSAKOsPZ4a22W-w8UN8JS4,9,plain,none,mixed,1 6 8 8 9 11 11 12 15
991WA1GLA1UaD9H86HONlGYv83X0,9,plain,none,mixed,1 5 6 6 9 10 10 14 20
991W80AG5J0qeFq8H24YjTRMwIaw,9,plain,none,mixed,1 2 6 9 9 12 13 14 15
991W44Xa9z8HG818C2lTZP7GaAYK,9,plain,none,mixed,3 4 5 5 8 9 10 11 26
991W5WYn2AJSsYO98bXIAyCwfID2,9,plain,none,mixed,1 3 4 6 6 10 11 13 27
991W2ecuq2OgP5b2Z1muGZ4V1P1J,9,plain,none,mixed,1 3 6 6 11 12 12 13 17
991W01Ja2WeI2T1G8M8WOAwOk8I6,9,plain,none,mixed,1 1 2 3 7 12 15 16 24
991W50I2YQ5nKQffHWq669AWO2CG,9,plain,none,mixed,2 3 5 5 6 7 9 21 23
991WICB590mq40q8XAG4E3wbuoD2,9,plain,none,mixed,2 2 2 5 6 8 15 16 25
991WIbAXHuGO61r4HJriJ84A8L4I,9,plain,none,mixed,2 4 5 6 6 8 13 14 23
991W0un2965vP6X4I8ZnrDWNyB0a,9,distinct,none,distinct,1 4 5 6 8 10 11 17 19
991WGnG93l1GQKI801cCabONv7II,9,plain,none,mixed,1 1 5 7 9 10 11 12 25
991WE2cHgBXJBmS22a9ES8nYPMY1,9,distinct,none,distinct,1 2 5 7 9 10 12 17 18
991WWIHOacwGa3im8RlBK3fHYQ8X,9,plain,none,mixed,3 6 6 7 8 10 11 12 18
991W1G8OAC6grZIu0XKV84HTs98A,9,plain,none,mixed,2 2 3 5 5 10 12 19 23
991W8KOq6Wk463U0B27XGXKlu8iG,9,plain,none,mixed,1 1 1 3 8 9 12 23 23
991W60uCyI5IIcX5810f6gOZWaXX,9,plain,none,mixed,1 1 6 6 8 12 13 16 18
991WAfJW2GmyB3gOW251wkH4aX4X,9,plain,none,mixed,2 4 4 5 7 7 12 16 24
991WCHeGpGaC0mU4aQ2G4B1KRgaK,9,plain,none,mixed,1 3 6 6 6 6 11 13 29
991W3C1O56XG20qHb5ImgDqXafAH,9,plain,none,mixed,1 3 4 6 6 9 17 17 18
991WWWN4Gbnu5nSHe40K61WKkOn8,9,plain,none,mixed,1 1 3 3 10 10 11 20 22
991WGy2251KHKageW64b90e9CTP2,9,distinct,none,distinct,1 2 3 6 7 9 11 19 23
991WG2HIUbDJI8Xu41FWKHGWuAIm,9,plain,none,mixed,1 3 4 5 9 9 14 14 22
991WK4J8LbRCmK8Y26A5XApWB2OW,9,plain,none,mixed,1 2 2 7 11 12 12 14 20
991W293L4WWO69Haeg70mRWgI7WO,9,plain,none,mixed,2 3 4 5 7 9 14 14 23
991WGyB69LHBm50e988t1XqGIAGO,9,plain,none,mixed,1 4 4 6 6 7 10 21 22
991W6X4B6dIX18LA1WqK262HdiyW,9,plain,none,mixed,2 3 3 4 4 9 13 21 22
991WK52GCIv2F4GgO60l918D5H0W,9,distinct,none,distinct,1 2 4 7 8 10 13 16 20
991W40enS90cV79I83WyGSmA1Cgg,9,plain,none,mixed,1 3 4 4 11 12 12 12 22
991WH85QAQZ49JqG6CGi8K8PbFJ1,9,plain,none,mixed,1 1 3 10 11 11 12 14 18
991W2GI6I41m6q30K34M6XIcHYIY,9,plain,none,mixed,1 1 2 3 8 12 16 19 19
991Wq5DYVF2O50eAX108KAgKfaI4,9,plain,none,mixed,1 6 7 7 7 9 9 16 19
991W8q203KeZXGE4CrIS410eFwWH,9,plain,none,mixed,1 1 3 6 6 7 7 24 26
991WI7HeWWYGIX4K6YQ4f6xmCISa,9,plain,none,mixed,3 3 5 6 7 11 11 16 19
991We0yaGrXG44b4ma9aX9fHi62J,9,plain,none,mixed,1 1 1 4 6 8 19 20 21
991WA1aP1p8kec8a2myCa2WaEH20,9,plain,none,mixed,1 2 4 4 6 11 14 15 24
991WIShCDqX2A9kO8e0q4Y1SR9CW,9,distinct,none,distinct,1 2 4 5 7 10 15 18 19
991W57A65WqZSOc89aI2p7fWY1GH,9,distinct,none,distinct,1 2 4 7 9 10 11 18 19
991WPIE3G2jUMqkWG67O6HC4Y34C,9,plain,none,mixed,1 4 4 5 5 9 13 13 27
991WJYqC0cGO2YBXI4dG2WuiTC40,9,plain,none,mixed,1 1 3 3 5 11 15 20 22
991W23h6n4jCT1W8Gb92X4DMA928,9,distinct,none,distinct,1 2 7 8 9 10 11 15 18
991WMaCII0W5mC30105qT9GiB4o4,9,plain,none,mixed,1 1 2 3 3 12 15 21 23
991WAYSYw9Y4B8124YKK4WgiOaE3,9,plain,none,mixed,2 3 3 3 11 11 12 17 19
991WI2WYg40811GfA1YOcPjcOI4W,9,plain,none,mixed,2 3 3 5 8 10 10 18 22
991WGZWf9KX6822W4H2Cs5Zun4WO,9,plain,none,mixed,1 1 5 6 8 10 12 14 24
991W8UV8MAW44WC4A9YOK6PEWqO5,9,plain,none,mixed,2 3 4 5 5 6 9 21 26
991WGuBY52n2-gOW1Q9CCXGQAOG4,9,plain,none,mixed,1 1 2 6 11 13 14 15 18
991WGYNOD1iXuQ4WH2NZ641uY915,9,plain,none,mixed,2 3 3 5 6 11 12 13 26
991WiD1G43yoGfEAG0AcDWaG2189,9,plain,none,mixed,2 2 3 5 6 7 14 19 23
991W8X8ATKf59CW44n4ca70R8hg6,9,plain,none,mixed,1 2 7 8 8 9 11 15 20
991WW8C9JBH6X494S2uO21X8QwJ4,9,plain,none,mixed,1 2 4 7 8 9 9 18 23
991WX9rZ8ZcccSL4Y44YJf1UaDmX,9,plain,none,mixed,1 5 5 8 10 12 12 13 15
991WAaLCHKK31H8I412eA2hABg9W,9,plain,none,mixed,3 6 7 7 8 9 9 9 23
991W0zDCSH8YOe10XaUIg5WuU392,9,plain,none,mixed,2 2 3 3 10 12 12 14 23
991W9AGZ4nuilGe8n492AWGGIaCL,9,plain,none,mixed,1 3 5 8 9 9 12 16 18
991W1GbAXYkXHBGWIdKN2Wcn54mK,9,plain,none,mixed,2 4 5 7 8 8 13 13 21
991WZeAo4ggq6We952GaL1gC10a8,9,plain,none,mixed,1 2 3 3 7 10 12 14 29
991W2WK5TXEkK4Y8AYSKB1gK2AmK,9,plain,none,mixed,3 3 3 7 9 9 11 16 20
991W30m9qLDpAa924Y8622GYOd45,9,distinct,none,distinct,2 4 5 6 8 10 12 13 21
991W0GCFoKhHjgh842aa8Ij299qX,9,plain,none,mixed,1 3 7 7 8 8 11 14 22
991WOIu5LHOgIeWG0GAqV6Mg8l0G,9,distinct,none,distinct,1 2 5 6 7 10 11 15 24
991W62GI4OfK5PW6Kab5XLh3J7L3,9,plain,none,mixed,2 7 7 7 8 9 10 13 18
991W20T2K8Mqg6088Jj8JtFqi538,9,plain,none,mixed,1 1 5 7 8 10 13 17 19
991W0SWO246432yi2iuM57IWgQen,9,plain,none,mixed,1 1 4 6 9 9 10 18 23
991W4KfHGf8m41g431MrlKcAYs2W,9,plain,none,mixed,1 1 6 7 9 11 12 14 20
991WIbBAMcDL9DGC8KA5ds2Hc104,9,plain,none,mixed,1 2 5 10 10 10 12 13 18
991W20WL4BfYhhI92HmG4MjqCo50,9,plain,none,mixed,1 2 4 6 10 11 11 17 19
991Wd4IiY55lG1KA2FWcIjab2WSO,9,plain,none,mixed,1 1 4 7 9 11 13 16 19
991WG9vIB5egvfE4HC8y4gjNi862,9,plain,none,mixed,3 3 6 7 9 11 12 14 16
991Wa10WZI6EWe90eXaOU3Wa61af,9,plain,none,mixed,1 2 3 6 6 7 14 18 24
991W4-a9A1yJa1X8X4Q7zsA8a0Gm,9,plain,none,mixed,3 3 4 5 5 7 14 18 22
991W0rCQnyi4D2X8GMc1X29wI4WW,9,plain,none,mixed,2 2 2 5 6 6 13 16 29
991WmH4U61HOg3qW0eI8ZWbT9aP5,9,distinct,none,distinct,1 2 4 6 9 10 14 15 20
991W2nJGfqOE62j2G11vIknbXQ8H,9,plain,none,mixed,1 3 4 8 10 12 12 13 18
991W84tYf2GIYOI6mBGqtDHIgSG2,9,plain,none,mixed,1 2 3 7 9 12 14 14 19
991Wq5164297BZG8f2GC4M9bAb1S,9,plain,none,mixed,1 1 2 5 11 12 14 17 18
991WAXNaIB18XX4CI3PwmXkc1OD2,9,plain,none,mixed,1 3 4 4 6 8 14 19 22
991Wg0ifiGVi50y999YSM6w8aKg0,9,distinct,none,distinct,1 2 3 5 8 13 14 17 18
991W2GKIPEQMhY490XWWBsFaCa82,9,distinct,none,distinct,1 2 3 8 9 10 13 15 20
991Wo50eJY2rG80qX0jzICKLA1WS,9,plain,none,mixed,1 1 2 5 8 12 14 16 22
991W3i8meC0cGq92IB1y94J4I0K3,9,plain,none,mixed,1 2 2 3 6 10 13 16 28
991W41nDOLaAS_8q2WbSQBI08InY,9,plain,none,mixed,1 5 5 6 6 10 12 14 22
991W16Jf1L97IKs4HIIHCJb-GLL8,9,plain,none,mixed,1 5 6 6 10 12 13 14 14
991WPQAXeS9aL81O2ACw1WC2YD10,9,plain,none,mixed,1 2 3 3 5 6 10 24 27
991Wo92XjDG72Y8e24ZGueeDAIX4,9,plain,none,mixed,3 4 5 5 8 9 9 18 20
991W0iKCF3upbJWmI8vEO6CAX9XI,9,plain,none,mixed,1 3 4 8 10 12 12 15 16
991WE8McKP8zHjO20ldEeYMfGNo8,9,plain,none,mixed,1 6 6 7 9 10 13 14 15
991WeDnSG2qK138o2CWOYYoKAYWu,9,plain,none,mixed,1 1 2 3 9 10 14 19 22
991WGO1D9Rr6GOGX8lipAZ9A1Gt2,9,plain,none,mixed,1 4 5 6 6 8 10 17 24
991W1GmZrI6YPNE4C2qOSKE3TXd4,9,plain,none,mixed,1 1 8 8 8 9 10 16 20
991WO65HBpH1IuH030yfQH4dB1ge,9,plain,none,mixed,2 2 4 5 5 12 14 18 19
991WLBY83qpN1W80D9Y4H0YGAXab,9,plain,none,mixed,2 3 3 4 5 6 13 19 26
991Wc5H5WP2883YK1QK515xHC31G,9,plain,none,mixed,1 2 3 3 6 8 9 23 26
991WGo1AdBGK30IX237HI6GM8S50,9,plain,none,mixed,1 1 2 5 7 9 15 18 23
991Wo2WAHWejOej859UYQ6XsIWq2,9,plain,none,mixed,1 5 5 6 7 11 13 15 18
991W3Z144AbHIS90YPhoAlvYWWCH,9,plain,none,mixed,1 3 5 5 7 10 12 12 26
991W2H7eUMD4WaIe8KO9KA1nVcWe,9,plain,none,mixed,1 2 4 6 10 12 12 13 21
991WP464XvvU8YYK84c51H07nk1G,9,distinct,none,distinct,1 3 4 5 7 10 11 14 26
991W2WfbiqI3d68X13v7L68aVXb4,9,plain,none,mixed,1 6 6 7 7 8 13 16 17
991WA6Hffo8v3CWceP8n10ZZLMmG,9,plain,none,mixed,1 4 4 5 6 9 13 19 20
991W0MmaICHBQLJ2I56aGa6_XOY2,9,plain,none,mixed,1 1 7 8 8 9 12 17 18
991W9864lD0fOP8X4OgS9omGmCDA,9,plain,none,mixed,2 3 4 5 6 7 7 19 28
991W42Yk8g8nJSfaCabCYOqiImW2,9,plain,none,mixed,3 6 7 7 8 8 11 13 18
991W55Tw8YHGvYOaX88gH2X8LO92,9,plain,none,mixed,2 5 5 5 7 7 13 13 24
991W62aavCEIYaC48GiuY0H2KrE8,9,plain,none,mixed,1 1 6 7 8 9 12 18 19
991W54HuI8cuq0a4A3Aao6PH410B,9,plain,none,mixed,1 1 3 7 8 12 15 16 18
991W528nC0-AHIKc61GMn1GCa4qq,9,distinct,none,distinct,3 4 6 8 9 10 11 13 17
991W85694Y8cyl6G8KI1akI4YAQ5,9,plain,none,mixed,1 3 6 6 6 8 13 18 20
991We30fLgKC54XCY10oYdmN811e,9,plain,none,mixed,1 1 1 8 9 11 15 16 19
991W4p8yg7Yma8WO8Hm4a2j0OA0W,9,plain,none,mixed,1 1 5 6 6 7 13 15 27
991WXKA1c5nfR9GG0T862Y4ph6o4,9,plain,none,mixed,1 1 5 7 8 11 12 13 23
991WmCL4U1Wa9iX40K8IA2WhWeJ4,9,plain,none,mixed,1 2 2 3 9 13 16 17 18
991W2aO22CGaI30hqDXEH4VqC14G,9,plain,none,mixed,1 1 2 6 9 10 12 18 22
991W0WMpII8a6O20J2u-HY8q_9GY,9,plain,none,mixed,3 4 6 6 6 7 12 18 19
991W3KH7473BXOcKA2IGYAakAKMe,9,plain,none,mixed,1 4 6 7 9 9 12 16 17
991We90GGyA8K4GX15nbv8QAYQcO,9,distinct,none,distinct,1 3 5 6 7 10 11 13 25
991WGo0L5F8821RL216OK4f0Kiae,9,plain,none,mixed,1 1 1 3 7 13 14 19 22
991WAF7HQaAKGa8X98XLD9YehA4X,9,plain,none,mixed,1 6 6 6 7 10 11 17 17
991W945ykMM4XuH4Whc8I1X8ihHA,9,plain,none,mixed,3 3 4 7 7 9 9 19 20
991W10gYJifJXoV0A5Th20paSO68,9,plain,none,mixed,1 1 5 5 8 8 11 20 22
991W2bhg37D60q0WPYQLx3G4E9AC,9,distinct,none,distinct,1 2 4 5 8 11 13 15 22
991Wo8GNgfe0cf8Y2UHaTGwaH4We,9,plain,none,mixed,1 1 5 8 8 9 9 13 27
991Wq1OKENG827WUAgen2Y0OiN1G,9,plain,none,mixed,1 1 5 5 7 13 14 17 18
991W0GHCabJD1J60IdSJ4Ifck8W5,9,plain,none,mixed,1 2 4 6 6 13 13 16 20
991W2WeCOCHBY8WuC2qX414uI8o8,9,plain,none,mixed,1 1 2 3 5 8 15 17 29
991W34E2Z2dHoLceGbcQWuuWi911,9,plain,none,mixed,3 4 4 5 7 7 10 18 23
991W51BC8b08E0G5S318VdWIyI4W,9,plain,none,mixed,1 1 2 8 8 9 10 19 23
991WGgpAgihCaYGmY0Ro8oM1Jg2W,9,distinct,none,distinct,1 2 4 8 9 11 14 15 17
991W5bkjLuOeB1mIXFmCOX6yOHY8,9,plain,none,mixed,4 5 5 6 7 9 11 14 20
991WYP6CGX5aYL590YGQ7izeB3nW,9,plain,none,mixed,1 2 5 9 9 10 12 13 20
991W91z9J8b5nOWWHLfWuI6QOA0o,9,plain,none,mixed,2 3 6 6 7 7 8 20 22
991W3Wa84UBYHmyG5X8852M60PHX,9,distinct,none,distinct,1 2 3 4 7 8 14 20 22
991W4Wi41DCF4hn12H8B2frQHr64,9,plain,none,mixed,3 4 5 5 8 8 11 13 24
991Wi11A9GoCoTAm69JnG48q57T1,9,plain,none,mixed,2 2 4 4 11 11 12 14 21
991WGawlLqb1HN28GI5ICJEA74m2,9,plain,none,mixed,1 5 8 9 9 11 11 13 14
991WG4b9bePYCOaHGMgEYB-Sf8IW,9,distinct,none,distinct,1 2 4 7 10 11 14 15 17
991W64YAIfFgD1n3eFI9Wnr2HGWH,9,distinct,none,distinct,1 3 4 6 10 12 13 14 18
991W46Rv_JD8KEGBai4QmHzYaKb0,9,plain,none,mixed,1 4 7 7 7 10 12 13 20
991W8831mKGII4yOGjAD3GmD5XbA,9,plain,none,mixed,2 4 6 6 7 8 8 10 30
991We0Kk82MoJqXHW0m9pSIZFLEC,9,plain,none,mixed,1 1 2 5 7 9 12 19 25
991W4WeF84XXKKpG20aGFBl1eY98,9,plain,none,mixed,1 3 3 5 7 10 11 19 22
991WH5IaLOytO20GD6mQTOYGb8IW,9,plain,none,mixed,2 3 5 5 9 10 10 14 23
991WCYAmkaDv4138G14S2DNix1G8,9,plain,none,mixed,1 1 3 4 10 13 15 15 19
991WGWGbPgIbE281fRK5GaH2fZLO,9,plain,none,mixed,2 3 4 6 6 7 13 19 21
991WB4z_6PbIA5896WAjIqm79uX1,9,plain,none,mixed,1 1 3 6 6 14 14 14 22
991WeYBQaeIWO2P44CJZA5WuCWC3,9,plain,none,mixed,2 2 4 4 6 9 12 12 30
991W91TwKb7A2GW620n0e2X9YPn2,9,plain,none,mixed,1 1 4 6 9 10 11 14 25
991WHC5PH4D3GqaGK90X8K5YqiGn,9,plain,none,mixed,3 4 5 5 8 9 12 12 23
991W15T79If4I8G1JKwYYafSAviA,9,plain,none,mixed,2 3 4 6 10 10 11 15 20
991Wn6mA339Oc8bCWWL8a98eUK52,9,plain,none,mixed,1 3 4 6 6 8 13 19 21
991WCL9eTnrGI4UO2GYPQHHhKQ89,9,plain,none,mixed,1 5 5 9 10 10 12 14 15
991W105Ow5M8cKKv4ob2SonRqD0C,9,plain,none,mixed,1 3 4 5 9 13 14 14 18
991WXGK6EXcIK10YcHKJ8YaHCLm4,9,distinct,none,distinct,1 2 3 5 9 10 11 18 22
991W1OCBf8SCGAW3OQkjdfxrqIaG,9,plain,none,mixed,1 4 7 8 9 9 10 14 19
991W4h4L4KvDa_4aK9M2GJOcKyqO,9,plain,none,mixed,5 6 6 6 8 9 10 10 21
991W8HjeaEKA1v4A4YbHkMkEa5k4,9,distinct,none,distinct,1 4 5 6 7 11 12 16 19
991W5Z0uGQ4WY2c4Z9Ep9KKWeI4g,9,distinct,none,distinct,1 2 4 5 6 9 11 13 30
991W4918qOnrGOm1gL8Q5du56niY,9,plain,none,mixed,2 4 4 6 10 10 12 12 21
991W228gYOf9YOc892mWmC1GKAYJ,9,distinct,none,distinct,1 3 4 5 8 9 11 15 25
991WG0WuDnKcJBJW41EKoj4t42ma,9,plain,none,mixed,1 1 3 4 13 13 13 16 17
991W0emXBqLmmFG1n04ULLggqM49,9,plain,none,mixed,1 1 1 6 8 9 13 19 23
991W99Z18qIavpWYY29ynGR5KsKJ,9,plain,none,mixed,2 5 7 9 9 9 9 10 21
991WWILIb40v8QAWHlISM1GOw8j9,9,plain,none,mixed,2 2 4 7 8 9 15 15 19
991WX598X4TlTqK2WR6AWaGeWr1H,9,distinct,none,distinct,1 2 4 5 7 13 14 17 18
991WS18UkKbIeocJ0ZMf745AAesW,9,plain,none,mixed,1 1 7 7 8 9 11 18 19
991W18PfWaF86294Z7HDBYfY8-YG,9,plain,none,mixed,1 4 6 7 7 8 9 13 26
991Wef4BLMauE289I0WmgNCI8i4e,9,plain,none,mixed,2 2 4 6 9 12 14 15 17
991W80Y2I8cwfSJGK3G6Y8LbP4nI,9,plain,none,mixed,3 4 4 5 10 10 10 11 24
991WC55m498Sx8r170MYH0G92XBG,9,plain,none,mixed,1 1 3 4 4 10 15 20 23
991W5WfIvKQQn1YK4IfKPCe7h10W,9,plain,none,mixed,1 1 3 3 9 12 15 17 20
991W264YCeW4250BYP5IahEieD6G,9,distinct,none,distinct,1 4 5 6 7 9 10 17 22
991W91deBcMjU0WG94mooWsKe914,9,plain,none,mixed,3 4 4 7 9 12 12 12 18
991W1GQfae4cGaX2Aa94A3XR5_WO,9,distinct,none,distinct,1 2 4 6 9 10 15 16 18
991W2n0Iv55KIAGG0JCN9DrRT9GC,9,plain,none,mixed,1 1 2 7 10 10 14 14 22
991W53GHGB5CY4K54Gyuy0W6Iaeo,9,distinct,none,distinct,1 2 4 6 7 8 15 18 20
991WYl4Nv30WGK8K4M6LQR0mGQ94,9,plain,none,mixed,3 4 4 6 6 9 9 11 29
991W20iB6HOM7vQW2WW82IeS0RI2,9,plain,none,mixed,2 2 3 3 8 12 13 15 23
991W2B-pW819FDGKXesAB8X6X2J8,9,plain,none,mixed,1 1 6 7 7 8 10 12 29
991WK3bSJuc5YJ4o41BY8C8iK668,9,plain,none,mixed,1 5 5 7 9 9 9 17 19
991W4ZI2C4HeLO800s9up3e-uaD5,9,plain,none,mixed,1 1 3 4 5 16 16 17 18
991WKInJP6OWffIa2Gpa8y00xB9I,9,plain,none,mixed,1 5 5 6 7 7 7 11 32
991WICH6Gu61oX8XGvC510U5PHKW,9,plain,none,mixed,1 3 3 5 8 8 10 12 31
991WAELamg74sO42KQWo2WoAhfz4,9,plain,none,mixed,4 4 4 5 6 11 12 17 18
991W8J4ieIegML0m810La5HcHb9a,9,plain,none,mixed,1 2 8 9 9 11 12 14 15
991W3X0Y2cbAc9Ye4HGGQQmaf5X0,9,plain,none,mixed,1 1 4 6 7 12 12 19 19
991WS3mY69APeQ61406195IuU1WH,9,plain,none,mixed,1 1 4 5 5 8 15 20 22
991W4T8I2Wm9bNIuH8D2G2G978o2,9,distinct,none,distinct,1 3 4 7 8 9 11 13 25
991WG4629OLIL1GC97mo0WyE96Z0,9,distinct,none,distinct,1 2 3 5 6 7 11 15 31
991W2WMcf4ks5DWO4KvLIK7Q9D0O,9,plain,none,mixed,1 1 5 5 11 13 14 15 16
991Wma918h5Xq0WC58ea318H470C,9,plain,none,mixed,1 1 1 4 8 11 13 21 21
991W0WIwA2gH8j4A9Kf9Hsamy0yC,9,plain,none,mixed,1 1 5 6 9 13 14 16 16
991W10gIcYiOVi8IKW456sYAZ1WG,9,plain,none,mixed,1 2 3 5 9 9 12 12 28
991WY0Zg5B881WS4g71GA2WCEKL6,9,plain,none,mixed,1 1 3 4 7 12 13 15 25
991WPP4C991GOX4GSAWYbjIqH483,9,plain,none,mixed,1 3 3 7 9 12 13 13 20
991W48F2ijGY8a0SY11xQS31s0R6,9,plain,none,mixed,1 1 2 3 4 13 13 15 29
991W2HGe6J6JPI0O71GIRPb8Ze8a,9,plain,none,mixed,1 1 3 7 8 9 17 17 18
991WYN074HOhnpo018D7YkjjC4AO,9,plain,none,mixed,1 1 5 5 7 11 11 18 22
991WHqfag2uzA4YG4YD2H4caK0Y4,9,plain,none,mixed,1 3 7 7 9 11 12 15 16
991WC7YOPmYj1M0WoQLMAYgsg9YY,9,plain,none,mixed,4 4 7 8 9 9 11 13 16
991W0W99OEsHu10W8ZHAVt18KD2a,9,plain,none,mixed,2 3 5 5 5 8 12 16 25
991WHFkQJag6Xu58X2bGa72f4uL0,9,distinct,none,distinct,1 4 5 6 7 9 10 15 24
991W5ICQ810eH48q2GaC-KWafoHa,9,plain,none,mixed,1 2 5 7 8 8 16 16 18
991W2Wqb8K_fIJ0m10WMIagGAB0I,9,plain,none,mixed,2 3 5 5 6 9 14 18 19
991WY2XcPAWa5X8Xo50GXO9Q9451,9,plain,none,mixed,1 1 5 9 9 9 15 16 16
991WY8eMAZ0O5JX80qD2QHZcf9II,9,plain,none,mixed,2 3 4 6 10 10 12 13 21
991W2Y20Ij6eAD0m4cLUaveW8B2e,9,plain,none,mixed,1 2 3 6 6 6 14 19 24
991W241rGq1e2XBGeA74gCf69X5H,9,plain,none,mixed,1 2 2 4 5 8 15 20 24
991Wv2H2GXCcDq9g8A1I7GC2I0uG,9,plain,none,mixed,1 1 2 7 8 11 11 16 24
991W10Wmg35KGe62M6fi17YO51CQ,9,distinct,none,distinct,1 3 4 5 6 9 16 17 20
991WI3Gq8bAKmZPC0msMfHEIFH0G,9,plain,none,mixed,2 2 3 7 12 12 12 15 16
991W862092ml20OMmU5X1GGM92ec,9,plain,none,mixed,2 2 4 4 4 7 8 23 27
991WA11Gi6UaP9Ga8Xzfmf4H21W8,9,plain,none,mixed,1 2 4 6 9 12 12 14 21
991Wr2We5YbjuMeo38e1k0cs2ZWY,9,plain,none,mixed,1 3 5 5 6 10 16 16 19
991W0cW70YX2ax0m5H3S3WZOk68a,9,plain,none,mixed,1 1 2 2 8 9 13 19 26
991WAYqgIZSE5YJ20G0nAZmGmv18,9,plain,none,mixed,1 3 4 6 7 10 10 13 27
991WY42W0LfSA1WaKB3aXv0T4Haf,9,plain,none,mixed,1 3 3 4 5 8 13 14 30
991W899Y64vEeM98u2PKyP6ai2Sb,9,plain,none,mixed,1 3 6 8 8 10 10 14 21
991WO6QYqDALe8b824qaHd9ml8IB,9,plain,none,mixed,1 5 6 7 9 9 12 13 19
991WETOmK78I74mqa52hKWM4H90G,9,plain,none,mixed,4 4 4 4 5 9 13 16 22
991W0i6aQbHj5HGCYAX461KuKk8g,9,plain,none,mixed,2 6 6 6 7 8 9 18 19
991W2HDtI45tKeea10TD8ChvbJX4,9,distinct,none,distinct,1 2 5 6 7 8 11 18 23
991W0Yqh9DnGH44XY9Y5D3ICOg9W,9,plain,none,mixed,1 1 3 7 9 14 14 15 17
991W2X6LeQ1SZ744OWu1AiT98g8J,9,plain,none,mixed,1 1 5 5 8 9 9 20 23
991W9IK83bnFKS514n0AIbGWL6XW,9,distinct,none,distinct,1 2 4 6 9 10 11 18 20
991WUJa_apGe8WaH432m1WyiL18W,9,plain,none,mixed,1 3 9 9 9 9 11 12 18
991W4XKa21YOaOXGIa50O3CaX8H6,9,plain,none,mixed,1 2 3 3 8 8 15 17 24
991WHroWe42NZ8neG1bPI8n928G8,9,plain,none,mixed,1 1 4 7 8 9 12 13 26
991WIOHOIj6X526X1T0eBb3W9XQG,9,plain,none,mixed,1 1 6 7 9 10 12 12 23
991WA1u90-nyL9GA4He8b5baiK0G,9,plain,none,mixed,1 3 3 6 7 9 11 19 22
991WY19A9UaSW3Y44OxsxIhLw2WO,9,plain,none,mixed,1 1 6 7 9 10 11 16 20
991W58Ja4XH19Oeia3DVUD3JF0y1,9,plain,none,mixed,1 2 6 7 7 10 13 17 18
991WCIYGCJ9PwTGqH24fJiW201YY,9,plain,none,mixed,1 3 5 5 6 7 11 11 32
991W4IaOAWH1GO5H8YCesBaP6IbW,9,plain,none,mixed,2 3 3 4 9 13 13 13 21
991WAT5g9mmK7qcG0C6ZKzmZ0LSa,9,plain,none,mixed,1 1 3 5 5 9 11 21 25
991WaX9ZCUIeK9CImLOeP1GO4391,9,distinct,none,distinct,1 3 5 6 8 11 12 14 21
991WAEZmy8aHwMIW38iSYDmA2GaJ,9,plain,none,mixed,2 3 4 4 10 10 11 16 21
991W6XH8C8IAp9a91H9qH3VOHih8,9,plain,none,mixed,1 2 2 5 7 11 15 17 21
991W4Xo4Gy2OM2HXK2mZ8cYY8P6m,9,plain,none,mixed,1 1 2 4 9 10 11 14 29
991WX2IB5umBXOG23V3mC31KQnP8,9,plain,none,mixed,2 4 5 7 7 8 10 12 26
991WIIROu45aUWmK442QOYV43iXG,9,distinct,none,distinct,1 2 3 5 7 10 12 17 24
991WW-7wQh4C20Y82J20A5WaADWG,9,plain,none,mixed,1 1 4 6 6 7 16 16 24
991W44YWpNuO5K81bCHlLz4b3nKZ,9,plain,none,mixed,1 4 4 7 9 10 10 14 22
991W0WOYi8WY8Y2G9HmSQLX8o28Y,9,plain,none,mixed,1 1 5 5 6 9 17 18 19
991WWG4B86OM7o4Xc1WGEZHIGZHG,9,plain,none,mixed,1 2 2 6 7 12 12 15 24
991W4eGnf5oO9524eLrM9DFFu60W,9,plain,none,mixed,1 3 6 6 9 10 12 13 21
991WY0WC5WrsGa41YGa813n491eI,9,plain,none,mixed,1 2 4 5 6 6 13 20 24
991WI1LDfaGXLsG7433TyZJK72k2,9,plain,none,mixed,1 4 6 9 9 9 10 13 20
991WGX8OI6o9i18P92gAb3TIIWa4,9,distinct,none,distinct,1 5 6 8 9 10 12 14 16
991W18W8b79AWe1mu1KK3Ip8U69Y,9,plain,none,mixed,1 1 4 7 9 9 9 19 22
991WA1Oo6CYuZRCI8Z4fnjXYf4P1,9,distinct,none,distinct,2 3 5 6 8 10 12 17 18
991WWKGWO26eefu88QXu1WKEpSbH,9,plain,none,mixed,1 4 5 6 6 8 9 12 30
991W9CA4ArNW0G82d72a610mw1ec,9,plain,none,mixed,1 1 4 4 4 8 9 15 35
991WL6Xa8Y4O5IOHG40WoqpCAHi4,9,plain,none,mixed,1 4 4 4 4 9 12 20 23
991W3Wo0AB1H4YUHIJ0y1n9Y8QQe,9,plain,none,mixed,1 2 2 5 5 8 14 17 27
991WG4EVsK23SZGWGXvaPHHKDvaL,9,plain,none,mixed,2 6 6 7 7 8 11 16 18
991W40S80iAcS90WYvIAYOpiR8H4,9,plain,none,mixed,1 1 4 4 7 11 13 16 24
991W5BWC2xEHgjaaJ96IJHR182u1,9,distinct,none,distinct,1 2 4 6 8 9 16 17 18
991W1aIdKGWn8II4aV4XI7nafaOO,9,plain,none,mixed,1 1 5 8 8 12 13 14 19
991W20GuzKbb4gmO4Y4LJZlnBYW4,9,plain,none,mixed,1 2 6 7 11 11 12 14 17
991W0ZWI1aDISf4a10SRtBFpmWeH,9,plain,none,mixed,1 3 6 6 7 7 11 16 24
991WGoD6Igy4zDJ140pT0mGiKGbG,9,plain,none,mixed,2 3 3 4 7 10 11 12 29
991WWXaib62mIOa28vw4-9GnGS15,9,distinct,none,distinct,1 2 3 5 6 10 14 15 25
991W5a8IYYOHkuL24JNqwWeyfme1,9,distinct,none,distinct,1 2 4 9 10 11 13 14 17
991W26SAv9YBS10WQ6oQRNJKf8X4,9,plain,none,mixed,2 5 6 7 10 10 11 13 17
991WYajIXM1CYv008RKD5NOu57Aa,9,plain,none,mixed,3 3 5 7 7 9 14 15 18
991W8c71Sb96YWqCeiHG81WS4g0Z,9,plain,none,mixed,1 3 4 4 8 8 13 19 21
991WG6aA5Z8I4oII4H1Gcw8YCKA4,9,plain,none,mixed,1 1 1 6 10 13 15 17 17
991W8XHD0eIe6IeKC2H4oqmjt6yD,9,distinct,none,distinct,3 4 5 7 8 9 11 15 19
991W64Hi4aQ8JYcaKLoYm72RF0e9,9,plain,none,mixed,1 1 6 7 8 10 10 14 24
991W4XKC2eYYCh9I4mG534X0e1ZO,9,plain,none,mixed,1 1 4 5 8 9 9 20 24
991W40amQ6bcfYO2D3OYGU4910ZG,9,distinct,none,distinct,1 2 4 5 9 12 13 14 21
991W0Y16a1ySh2GibAB21J4YKBYm,9,plain,none,mixed,1 2 2 6 7 8 9 14 32
991W0C5EXCWA3XG8KBX0G4CrH6gg,9,plain,none,mixed,1 3 3 4 4 8 10 17 31
991WH88zC2PHHKgH0iD8K4qkq4je,9,plain,none,mixed,1 2 3 5 5 11 13 16 25
991WGI8yY4mG22Xm2pkY84quI8Y8,9,plain,none,mixed,1 1 2 4 11 12 12 18 20
991W969XIT4n2YEW4GY89ZO2WaLY,9,plain,none,mixed,1 1 5 6 8 10 11 14 25
991W74HJqYbB98gHA1gUYDbE25SY,9,distinct,none,distinct,1 3 4 7 9 11 13 16 17
991W8eg8X4B44IH4Y5n5ni0W7avA,9,plain,none,mixed,1 4 4 5 6 7 10 15 29
991WKP6RM5We65U998Kk9et2mQ80,9,plain,none,mixed,4 4 6 6 7 7 8 15 24
991Wa2mi2Ls5HX92X0mJysYG8YGa,9,distinct,none,distinct,1 2 3 6 8 10 13 18 20
991WGX8HCeM6WaxW21EGiH4I1NWe,9,plain,none,mixed,1 1 3 5 5 13 14 18 21
991W41iGF2QXG32e2GG68b6WYD1S,9,plain,none,mixed,1 1 1 3 7 8 12 20 28
991W4YGvIaoC2lo81GeXmY5XlWXe,9,plain,none,mixed,1 1 6 7 7 12 13 15 19
991WGa2ik2Sa51HH4411DG9ICQcm,9,plain,none,mixed,1 2 2 6 6 6 12 20 26
991W49acAaD190n0f6HrGuDn54oO,9,plain,none,mixed,1 4 6 7 7 10 11 14 21
991W8n0W5YNMBTo810eD_nGHA9GA,9,plain,none,mixed,1 2 6 7 8 8 10 18 21
991W212mY1442I4aC51GCfgyjRMg,9,plain,none,mixed,1 4 4 5 8 11 11 16 21
991WI3I8AJRgWnH4GcZbNORQ0XGY,9,plain,none,mixed,1 4 5 6 6 7 10 12 30
991W80fK9euy2miGC2X8zFabRO25,9,plain,none,mixed,2 2 4 5 10 10 10 19 19
991W8n8gGI8Z3j9a4H8mnKOa8pY4,9,plain,none,mixed,1 3 7 8 9 9 12 15 17
991W8HoQB2LGsjqYH24geumPueKU,9,plain,none,mixed,1 3 7 9 10 10 11 11 19
991W2Y6q4nKyK24D8c9aoua4SU4A,9,plain,none,mixed,2 2 2 8 9 11 14 15 18
991We6nIaW825WqM4B2GK4U4H2CX,9,plain,none,mixed,2 2 4 5 6 6 9 13 34
991WEbmQH2D2LkCY0W7yPWGayX4A,9,plain,none,mixed,3 3 5 6 7 10 11 17 19
991W20GAY4Jh1KD35YesEZhsB4f0,9,plain,none,mixed,2 4 7 7 9 9 13 13 17
991WK2Y08C4b1Z4W2dBwHyQ6Y8wH,9,plain,none,mixed,1 4 5 5 6 10 10 13 27
991Wu2UeoHI8Mr1WH9WiBJfCb5Aa,9,plain,none,mixed,1 5 8 9 10 11 11 12 14
991W2LnubLAvr4S0YRDC8Af6jQuH,9,plain,none,mixed,2 3 4 4 8 10 10 17 23
991WR0mA8YCpWoKG1WI49oeAInK2,9,plain,none,mixed,1 1 2 3 9 13 13 16 23
991WG84Yep6Ph168AFDp3naI5aQX,9,plain,none,mixed,2 4 6 7 7 9 11 12 23
991WcO4Yc0mIh18J979o5AuqAaK4,9,plain,none,mixed,1 1 5 7 10 11 13 13 20
991WKYaeu59C7ncW4I24DRgHcuL1,9,plain,none,mixed,1 3 3 6 7 9 15 16 21
991W2PeQAhA3bqD5q1OKB9821OW8,9,plain,none,mixed,1 4 5 5 7 9 13 15 22
991W8YhWMPbhUa9085W2QcJ2mWqX,9,distinct,none,distinct,1 2 5 6 7 12 13 15 20
991WG_IS2W1w30n0XYPhfqiLj1YO,9,plain,none,mixed,1 2 7 7 7 9 11 15 22
991W0GG9yOE16Kg4324I8ZPrjAz1,9,plain,none,mixed,1 1 5 7 7 8 8 22 22
991W2EWoyeWNkP9Io6sS6c8yD4f0,9,plain,none,mixed,1 7 7 9 10 10 11 11 15
991W1OcHa9fYQ1yam0W22MgrDZ6I,9,plain,none,mixed,1 1 4 5 8 9 10 21 22
991WK3XeS92G8Y4X113GPAG410O5,9,plain,none,mixed,1 2 3 3 3 11 14 16 28
991W27iBW4DEDJ2GON6bPAGe8fOu,9,plain,none,mixed,1 1 5 7 8 10 11 17 21
991W4PoSYf23GY9aY1GJ43Y8AHIO,9,plain,none,mixed,1 1 4 8 8 10 14 14 21
991WW1oOLMPzc2H9Hg25ceZh1HqW,9,plain,none,mixed,1 1 3 7 8 12 13 16 20
991WE81egPDoGeI8OAh859HLLaXW,9,plain,none,mixed,1 4 6 7 8 8 13 15 19
991W8oGeOujm48WmAZa56Hjeg0YW,9,plain,none,mixed,1 1 3 4 10 11 15 15 21
991W26JD9aFN2YNGoAMGOsx85oLI,9,distinct,none,distinct,1 3 5 6 8 10 11 13 24
991W15AAepZTj4k164VCul27YHeq,9,plain,none,mixed,1 2 5 8 9 10 10 17 19
991Wg0pn-JGB4Ga4J9pCH6gLJ4WJ,9,distinct,none,distinct,1 2 5 7 9 10 13 15 19
991WaL0X9e5HXKjH19vPQIGd4JB0,9,plain,none,mixed,1 2 5 5 8 12 15 15 18
991W85WKo1WQInGeuD0sjv9f2WO2,9,distinct,none,distinct,1 2 5 6 7 8 10 18 24
991W8H1WJzJP8V4K4GP1vZGOAHca,9,plain,none,mixed,1 3 5 6 6 13 14 15 18
991W37AI8Zc9Kr4WhCI1QPO2WZGX,9,plain,none,mixed,1 3 6 6 7 7 11 19 21
991W01iNcYe61keD4I8XEghgWK6W,9,plain,none,mixed,2 2 3 3 8 12 12 19 20
991WI1v6kX8Jx8e48HJov1HZXGuA,9,plain,none,mixed,1 5 6 9 10 11 13 13 13
991W20pK3rYOcJYIC5iZ8bYZ4o8K,9,plain,none,mixed,1 4 6 7 8 12 13 13 17
991W4P8ycYqWA1WiGF3mZnn9S908,9,plain,none,mixed,1 4 5 5 9 9 9 19 20
991WHR7I3U4410SKa2ZGMBcf4d4A,9,plain,none,mixed,2 5 5 5 6 10 11 13 24
991WH31bDGQrY0WAOcZ85EZjKKWK,9,plain,none,mixed,2 2 5 7 9 10 13 15 18
991W0eaIAUaGwlGGwJGf57x4ns69,9,plain,none,mixed,1 5 5 5 9 9 11 17 19
991WH5WIh4eGOE0S2ZdarNYPA51G,9,plain,none,mixed,1 2 5 7 7 11 12 13 23
991WadGak0iG26We8P5IebveY108,9,plain,none,mixed,4 4 4 5 5 8 15 18 18
991Wm1GaunC85K8H892ZquoCAXCi,9,distinct,none,distinct,1 2 4 7 9 11 12 14 21
991W938n8amaf4X11WGUg0WJaM5W,9,plain,none,mixed,1 1 2 5 6 16 16 17 17
991WHQAYOLBXC5p11Ac6714IaJc4,9,plain,none,mixed,1 1 7 8 9 10 10 17 18
991WWaE28cMO89H8HUep3mOB4138,9,plain,none,mixed,1 3 5 5 7 8 8 19 25
991W8I6Ymw040cIq44bw61aP5c1G,9,plain,none,mixed,2 2 3 3 5 8 18 19 21
991W2WY8C5n4eqCIOYGt4IYGX0K4,9,plain,none,mixed,1 2 2 4 8 8 15 19 22
991WWo58LhKq988I69Fp9I1WOj08,9,plain,none,mixed,1 1 4 8 9 13 13 14 18
991WG3We5DO3ebW8Gbp7OSeg2XWK,9,plain,none,mixed,1 1 3 5 6 10 11 20 24
991W9CI3I5ah6OGcYccH708eQqOm,9,plain,none,mixed,1 4 4 6 7 8 9 20 22
991WT1WR6oMQ-qX520A46XIP44e5,9,plain,none,mixed,1 1 4 5 6 9 15 17 23
991W5V4j2NXqKc5aa524CkJC8ISK,9,plain,none,mixed,2 4 6 6 8 8 10 15 22
991W4BeyHY5Kig9an86y0YYetJeY,9,distinct,none,distinct,1 3 4 5 8 12 13 17 18
991Wb2mI54WuGy84WW4Ss9HKPGG6,9,plain,none,mixed,1 1 3 4 6 7 18 19 22
991WGc10G20hA3WO8I5HYeY4X8o4,9,plain,none,mixed,1 2 5 6 6 6 12 14 29
991W4K5Vh8w5Iv08C1UneKCEKYo2,9,plain,none,mixed,1 1 5 10 10 10 10 16 18
991W1kjpqIhI60X0Q9IPALkK5320,9,plain,none,mixed,4 4 5 6 6 10 10 14 22
991WH4A1oeaAKa6227461WGaf7jG,9,plain,none,mixed,1 2 3 5 7 7 8 15 33
991WXH8a5bQ8G0l418cMzfwRQe42,9,plain,none,mixed,1 2 2 5 6 10 15 18 22
991W8k1HD420D4XOG8msOXSMCB3G,9,plain,none,mixed,1 2 2 4 5 7 16 16 28
991WGeOE2Is1qGlLM9CK30jGgGeW,9,plain,none,mixed,1 2 3 3 6 12 12 20 22
991W1Go1eZjrug2W46HgH528J7A6,9,plain,none,mixed,1 2 5 5 10 10 13 16 19
991W6191iknWa16I4onGP128c6ag,9,distinct,none,distinct,1 3 4 5 7 11 12 17 21
991W9JH28ffHCKZG40bcK9EOM0Y2,9,plain,none,mixed,1 1 2 4 9 11 13 18 22
991W54A1GWVAR708ZEYHb1SQZceI,9,plain,none,mixed,1 3 4 6 9 9 13 16 20
991W27P3OsAA48H83WcWI8wBI9J4,9,plain,none,mixed,1 3 4 5 6 14 14 16 18
991W0G1mBwJOD6niC2HEI2OS812W,9,plain,none,mixed,1 2 4 7 7 7 9 18 26
991W98jMK23GKqbI6DJeU2FY8eL0,9,plain,none,mixed,2 6 7 7 7 8 9 9 26
991W862aEI8lJLqgWU4a2Je8ONL8,9,plain,none,mixed,1 3 5 5 6 7 10 16 28
991WQc1EQGaIZ6G81GCIOs_4uIq5,9,plain,none,mixed,1 2 3 6 6 8 16 16 23
991W2XaHa0lOB1GWU4H8JzCD290e,9,plain,none,mixed,1 1 3 4 9 13 16 17 17
991WC23C4yA8j785GZfHb2DFAX4m,9,plain,none,mixed,1 1 1 5 7 10 12 18 26
991W1DICwix2GnOOO8HYKf3P8mG2,9,plain,none,mixed,1 1 1 7 9 12 13 16 21
991WY0838mDWt51GeYGe51IMb4mC,9,plain,none,mixed,1 1 3 5 7 9 14 19 22
991WB250A3X-GaN02GXa50Yagw5Y,9,plain,none,mixed,1 1 2 4 7 15 15 17 19
991W4M7920WC6CXGGY72maKC20We,9,plain,none,mixed,1 1 3 3 6 7 16 20 24
991WG2b4ybfT0e829nJGe8JGl8XC,9,plain,none,mixed,1 1 5 8 8 8 10 12 28
991WA26IKfGKG28W67XE34J4sAjh,9,plain,none,mixed,1 2 5 5 9 10 12 17 20
991W8-0W85LTvXm4X4AM40S84fGG,9,plain,none,mixed,1 1 1 4 5 10 13 20 26
991WS38gf1mS52ebaA0WCcHJOe60,9,plain,none,mixed,2 4 4 7 8 8 9 19 20
991WWGSVCyqz35X4gZ8e55iZa204,9,plain,none,mixed,1 1 4 6 8 9 15 16 21
991W2HTkO2vM8O818o9UCFmaa6SY,9,distinct,none,distinct,1 2 3 4 7 10 13 16 25
991W536KP3mOWD0e77bBibL8mC10,9,plain,none,mixed,2 4 4 5 6 6 8 10 36
991WGWI8NI94WO9DnAKO431Xd1SW,9,plain,none,mixed,1 1 2 4 8 10 11 17 27
991WYeqi71pY7n8024n4B1KBZO94,9,plain,none,mixed,1 3 5 6 6 11 14 14 21
991W4IeK5nRgCbOA2GKAo8r92k1G,9,plain,none,mixed,3 3 7 7 8 10 11 12 20
991W4GvcMU7ALXe94XP0E9rcW2cW,9,plain,none,mixed,1 2 3 4 9 9 17 18 18
991WH1gIPAA12We1H3oif8H1yHqK,9,plain,none,mixed,3 3 5 5 6 9 10 18 22
991W1GPehHBkBZeX62HC4Xb2Ug4G,9,distinct,none,distinct,1 2 3 8 10 11 13 14 19
991W8nX8aOgXhUvg1252o7YaeJg0,9,plain,none,mixed,1 2 4 4 5 12 15 18 20
991WI30W9gZ4H0U44GIAKf8QCY4Y,9,plain,none,mixed,1 1 4 5 10 13 14 15 18
991WWGB3JCIIab8ai48hAoWO8QX8,9,distinct,none,distinct,1 2 4 7 8 9 10 19 21
991WHoiK539OEPGK10UFKGZEF6GY,9,plain,none,mixed,2 6 7 8 8 9 10 13 18
991W9Lfy5TMA5n3G116eIAo4Qg0E,9,plain,none,mixed,1 1 2 6 8 12 16 16 19
991W30S4f3T2aW304YSk5WY8Y5AA,9,plain,none,mixed,1 1 3 4 5 8 10 23 26
991W30gQbecG5MG0HGK61raXb9IE,9,plain,none,mixed,1 3 4 6 6 7 15 16 23
991WWIWvTYKQ4b64eA6J6qIeaQjG,9,plain,none,mixed,1 2 7 7 9 9 11 16 19
991W0tmL4fAaE8X2MaM4IeH5gQ10,9,plain,none,mixed,1 1 3 6 11 13 14 14 18
991W40WV428YIT0r4X4L4D8qLML2,9,distinct,none,distinct,1 2 4 9 10 11 13 14 17
991W2aJ85iuSHX8aA52-lv3aZo0W,9,plain,none,mixed,1 2 6 8 11 11 14 14 14
991W21cy6Kd24bJ4IIGsLe4fQc28,9,plain,none,mixed,1 6 6 8 8 9 11 16 16
991WZQ3WoE58h9n622L4khaCYOWG,9,plain,none,mixed,1 2 5 7 8 11 11 13 23
991W1o8aU2eeK80m8I8MevIeQB0m,9,plain,none,mixed,1 1 6 6 7 9 11 13 27
991W81W2A28wHcC03Gq9fkf-U1CH,9,plain,none,mixed,1 1 4 7 7 9 16 16 20
991W1YOdJB7mg38b0XGeafUZ4Z58,9,plain,none,mixed,4 4 5 5 8 9 12 17 17
991WK9nG066ICZuuXCWmB462GKnK,9,plain,none,mixed,1 2 3 3 7 9 9 13 34
991W8o49p2nIJIwG4YCPKby2BQO2,9,plain,none,mixed,1 3 5 8 8 11 12 15 18
991W32hAI7SGCmK5ueBA51eAaYmo,9,distinct,none,distinct,1 2 5 7 11 12 13 14 16
991W2WdiQgA8anCIGZX882GOUCmD,9,plain,none,mixed,2 4 4 6 8 10 13 13 21
991WYL5K20Wb9KI4GC4YBAmaJ4mA,9,plain,none,mixed,2 2 3 8 8 9 12 16 21
991WH2WicQPADYGW80Y4Eotn718Y,9,plain,none,mixed,1 1 7 8 10 11 13 13 17
991W1uYIL0WWiEXaWIGM75hHOA0W,9,plain,none,mixed,1 2 5 5 6 8 14 15 25
991WY70mDCX861u948XKnB4o0GC2,9,plain,none,mixed,1 2 3 4 5 10 10 16 30
991W610P96Y6HHaK61mA8i0xA2HX,9,plain,none,mixed,1 1 2 9 11 11 12 16 18
991W4YRMjAYu2X0X940WrGuKX28Z,9,plain,none,mixed,1 1 3 6 11 12 13 15 19
991W82yEbT14b2mYAXOIKM-C4R1G,9,plain,none,mixed,2 4 4 6 7 11 13 14 20
991WWeWHVS334rBG155cLb3Wq5aZ,9,plain,none,mixed,1 4 4 7 7 9 10 11 28
991W4Q4A16JSCp0Go4HGpKGe9486,9,plain,none,mixed,1 1 2 6 11 14 14 14 18
991W2WG1z9scO50G4YOnAmYGv6WO,9,plain,none,mixed,1 1 2 4 6 10 12 22 23
991WI4A5X8eYAOai94yF20YLn5Gn,9,plain,none,mixed,1 5 5 6 7 7 9 19 22
991W4XW42YrdniP030a455JiaIWq,9,plain,none,mixed,2 4 4 4 5 7 12 20 23
991WY96BY511GOm24J8W8FXBIoh8,9,plain,none,mixed,1 1 4 7 7 9 11 12 29
991W22-Jm4mf5GyHK20ev8TTYIg0,9,distinct,none,distinct,1 2 3 5 6 7 11 19 27
991W0WSu9P8HJaxG31KGK2L4yQvI,9,plain,none,mixed,1 1 3 5 7 9 15 19 21
991WHC4LGeI5al4fX54Y8aL4jAQ8,9,plain,none,mixed,3 3 3 5 6 9 10 21 21
991W13mA1mIOk7HHY8g9p81gKH4W,9,plain,none,mixed,1 3 4 6 6 7 9 16 29
991WZeY8QM4KhBqG3YaX71O1YWeX,9,plain,none,mixed,1 1 7 8 8 9 10 14 23
991WGgcciR3Y918998I84YdeZk4H,9,distinct,none,distinct,1 3 4 6 9 11 13 14 20
991WYN4q51Sfz9Wq0eL3hAWdI504,9,distinct,none,distinct,2 4 5 6 7 9 11 18 19
991W4WI8LcJAIbaWJ2G96Qh98PkO,9,plain,none,mixed,1 2 6 7 8 11 12 17 17
991WWI8v2XmN5RL6GiF28LWG6EK8,9,distinct,none,distinct,1 3 4 5 6 10 13 17 22
991W15GjCZWXu81OX8N2a6aucAZ4,9,plain,none,mixed,1 3 4 5 8 9 9 15 27
991W24KoInXfSO882mhqkkHXeTAe,9,plain,none,mixed,1 4 4 5 7 8 9 17 26
991WW9eeBEm848fAYb58G8PmI8gA,9,plain,none,mixed,1 1 3 4 9 12 13 14 24
991WHaAedg4bG20WIH5NE1Xer2Gm,9,plain,none,mixed,1 3 3 9 9 10 10 12 24
991WI5OHC0ZeDISe20H8SzL5Wa4a,9,plain,none,mixed,1 2 5 5 7 9 11 20 21
991W0YDTOa8HK1OIX8JwAaCZGYZ4,9,plain,none,mixed,1 1 2 4 6 10 14 15 28
991W4nFn8AX9XpmmM2PACH85148e,9,plain,none,mixed,1 1 2 3 10 12 12 16 24
991WYCY8k1GhAug80LAIgAWH2Ge4,9,plain,none,mixed,1 2 5 7 9 9 12 16 20
991WG6JH9bfXAopWK344_8oHukoA,9,plain,none,mixed,1 2 5 8 11 11 12 14 17
991WJ8QIZ94mC9143CV6oB4HO82O,9,plain,none,mixed,1 3 4 6 6 9 10 13 29
991WmHm6nP91V765IE5PN8L3rhuW,9,plain,none,mixed,1 3 6 7 7 9 11 12 25
991W4OGuiYmqSN8JP9IHo93el8u9,9,distinct,none,distinct,1 4 5 7 9 11 13 15 16
991W8h5H5FWuJ4aHy2XLWHKK8g8W,9,plain,none,mixed,1 2 4 7 8 13 14 16 16
991WE1LCI108n8L2H4CKb5oaWO52,9,plain,none,mixed,1 3 4 4 5 13 14 14 23
991W8IyTBXGeHoUG6HWUQL2CWNIH,9,plain,none,mixed,1 1 4 7 8 11 13 15 21
991W1074niH2JMO8K4WX8Y8btESb,9,plain,none,mixed,2 3 3 7 7 8 16 17 18
991WK6XFeBvzSS420oa2ul14C6aY,9,plain,none,mixed,1 1 2 3 11 12 13 16 22
991WZ8fIGq96COH4G4Cc94O6Y4Ho,9,plain,none,mixed,1 2 5 8 10 10 11 14 20
991WG40G2WezWKHqX8P4IIGmFYOe,9,plain,none,mixed,1 2 2 5 6 8 18 19 20
991W0O66RJJ8SY89Y2mQ9JiEHc6G,9,plain,none,mixed,1 1 4 7 8 10 11 15 24
991WE2GII1no41WZ61WawHAfUHGL,9,plain,none,mixed,1 1 5 5 12 14 14 14 15
991W2IIDNJQqY8fYQ0auvT662X30,9,plain,none,mixed,1 1 4 5 6 11 15 18 20
991WKI51vnGO6d10e91YiIGk9X8I,9,plain,none,mixed,2 2 4 6 8 10 14 16 19
991W4XCOE5CK9PcK2WWG9XH7I91D,9,plain,none,mixed,2 2 3 6 8 12 15 16 17
991WbXeIGPGyJKn9a0WyD4Y14Z85,9,plain,none,mixed,1 1 3 7 10 10 15 17 17
991W8X5poO10f4HH81vMi14nDDH5,9,distinct,none,distinct,1 2 3 4 9 10 11 15 26
991WX10WM5Laa8C8eIGKUAwV2mWJ,9,plain,none,mixed,1 1 3 3 8 14 14 17 20
991W431mKDSYXKAGMaKkYXCJ3HOC,9,plain,none,mixed,1 3 6 8 8 9 10 14 22
991WGS72yXmHCXJWWXCI9H496an4,9,distinct,none,distinct,1 2 5 7 8 10 11 15 22
991WaXG8M3083meCc1Wu85X2XGK3,9,plain,none,mixed,1 3 3 3 4 5 15 23 24
991W10STCf1GSA2G8Jeq8q0We72G,9,plain,none,mixed,1 3 4 4 6 7 9 17 30
991W0sbr1IPT1HBHC36S96hca1i8,9,plain,none,mixed,1 2 5 6 8 12 14 14 19
991WK5myGa95I3ZW20bYGY64R4HC,9,plain,none,mixed,1 1 4 9 9 10 11 15 21
991W2Wkt9ZeZH898S1CKI31v3oI8,9,distinct,none,distinct,1 4 5 7 8 10 11 17 18
991W2Gqc-ZCXKCv2GN94I6QLDamG,9,distinct,none,distinct,1 3 6 7 8 10 12 14 20
991WKX4OTiYYeWC9b88g411vMU4Y,9,plain,none,mixed,2 2 2 3 8 10 11 18 25
991W1C51BYX0GL5qI8We4H8gcwkC,9,plain,none,mixed,1 3 5 6 8 9 9 18 22
991WKbmYEWfvE8M41WH84dY6nHqI,9,plain,none,mixed,1 2 4 4 9 9 16 17 19
991W4XaPUOoCHeG32HOa58I4bv01,9,plain,none,mixed,1 1 3 4 11 12 16 16 17
991Wf96HL8pXFOK30pOAZDh4Qsg0,9,plain,none,mixed,1 3 3 7 11 12 14 15 15
991WGI9aA452mYicGaIoC30ZGeWJ,9,distinct,none,distinct,1 2 3 6 7 8 10 13 31
991WHEDki50Y8K8J2FYB6IX8g8T0,9,plain,none,mixed,1 1 4 6 8 12 12 17 20
991Wo498L51DH48Y18GX81Zqpan4,9,plain,none,mixed,1 2 6 7 7 11 13 14 20
991W9aPLGy0O66HY213AIYWY8L1G,9,plain,none,mixed,2 2 4 5 9 9 10 13 27
991W4jFuO22h5Ym498XO9o5EIeX4,9,plain,none,mixed,2 3 3 7 8 9 9 16 24
991WGS5UFL49qj5YWKHuIKqHGIT8,9,plain,none,mixed,2 3 4 4 5 6 18 19 20
991W8bBS4F2G94CSH32BbKKaGuA1,9,distinct,none,distinct,1 2 4 6 8 9 12 14 25
991WW1a71GKyv0W1X8Q2Z4JBgSc0,9,plain,none,mixed,1 1 1 4 5 9 15 18 27
991W3eOg9e828P6KZbHK8Y30CGq8,9,plain,none,mixed,1 1 2 7 8 9 10 12 31
991WYWO11J09A8f6b1SM21YNPcGO,9,plain,none,mixed,1 3 3 6 6 9 10 18 25
991W0QWoKf4O4X4Kq9Ye24Z4nPCQ,9,plain,none,mixed,1 1 4 7 9 10 16 16 17
991W4H39cKKbfgR4544vC51GGKJ0,9,plain,none,mixed,1 1 3 9 11 12 13 14 17
991W30HYp876MX4881n69YEKU1OD,9,plain,none,mixed,1 1 2 3 11 12 14 18 19
991WCZGY96nY9Fu54H85ab5Aha50,9,plain,none,mixed,1 3 5 9 9 10 14 14 16
991WH1ZXC5krUBWKI2_Ho3JjQ70C,9,plain,none,mixed,1 3 4 7 7 11 14 16 18
991W40WEjRqi90I48meA8AXKA4XW,9,plain,none,mixed,1 2 4 6 8 10 14 18 18
991W9oW40WsKv9IW20O2HqZGCP49,9,plain,none,mixed,1 1 4 5 5 11 12 14 28
991WcgYOL3S8-BY1538KoGmX2P69,9,plain,none,mixed,1 2 3 5 11 11 12 15 21
991W610Hm4X5wFY8914a8O8S61Xq,9,plain,none,mixed,1 1 3 5 7 7 13 14 30
991WPDVG0y8k130GZJKDYYecR91W,9,plain,none,mixed,1 4 4 5 5 11 12 18 21
991W18L4AIOGmH73WaKc7X4ngR1K,9,plain,none,mixed,1 3 4 4 6 11 14 17 21
991W92nW4AfAXOM4A3HOS5341H4K,9,plain,none,mixed,1 5 5 6 7 8 8 20 21
991W9aek8I0K42YIG471AYl99IGK,9,plain,none,mixed,3 4 5 5 7 8 13 15 21
991W9KK823Za76o4J4c65mbiO60W,9,plain,none,mixed,1 4 5 6 7 8 8 20 22
991W154C31X8lh52YOrCITIIHaE0,9,distinct,none,distinct,1 2 4 6 8 9 14 16 21
991W1GCv7aZa9s5IJ4HQCK0eacL0,9,plain,none,mixed,1 2 3 3 8 10 16 18 20
991W31Gd82gaeWnC4XmTGuCOjiYe,9,plain,none,mixed,2 3 3 5 5 9 13 15 26
991W0Gv8jfOe93X9I71nQKAkIA0X,9,plain,none,mixed,1 2 4 4 10 13 14 15 18
991W4h3MGvWG4Gm0B9J4X3enKvEb,9,plain,none,mixed,1 2 4 6 6 13 15 16 18
991WO425Zqya_Fv2176i8IG9KcX0,9,plain,none,mixed,1 2 3 4 10 13 14 14 20
991WH1IGe0w3P6AW64N4yL59buIC,9,plain,none,mixed,1 3 4 6 6 8 11 18 24
991Wm5Yj8gfa4s4HXdunLv0eR4OW,9,plain,none,mixed,1 1 6 8 9 10 12 17 17
991WGZez1mJ2c5Xe20g59OGaN21G,9,plain,none,mixed,1 2 4 6 6 7 10 18 27
991W5WoDSvJYma8YGZWLA8WeE930,9,plain,none,mixed,2 4 5 6 7 7 13 18 19
991W2KL8bM4f6aG4oVaYFWZY4nLX,9,plain,none,mixed,2 2 3 5 8 11 13 13 24
991WCEG5v4QPeC28MA1RBQMe21Xq,9,plain,none,mixed,1 3 4 5 8 13 13 14 20
991WaH48g68KSaH7e10CAcXOLbaO,9,plain,none,mixed,1 1 2 8 10 14 14 15 16
991WKr8iJAXUUM1040Xn7594M1II,9,plain,none,mixed,1 4 6 9 9 9 10 15 18
991Wn4X9Bmyr6YqGDBGKAoI99Wf5,9,distinct,none,distinct,1 4 5 7 10 12 13 14 15
991W41CRaQ6IIAYa42OYE6GX8An4,9,distinct,none,distinct,1 2 4 5 6 11 13 16 23
991WDXSQGoMnqXOa8YWUWoX84gL1,9,plain,none,mixed,1 3 4 5 7 10 10 15 26
991W2jDcOa1mVaOaG80PQk9a0LIK,9,plain,none,mixed,2 3 3 5 7 10 10 16 25
991Wo2GaT48W41mB492eL67Z40a8,9,plain,none,mixed,1 1 1 4 6 9 15 18 26
991W928av5lbKg2G728K3n08t8QI,9,plain,none,mixed,1 3 4 7 8 11 11 18 18
991W1CGgXGKsISG6Kg5aI4ngHou8,9,plain,none,mixed,1 5 5 7 8 10 11 15 19
991W5HPcAD3M6EEZ939LHX8aA8O4,9,distinct,none,distinct,2 3 4 6 9 10 13 15 19
991W29Ney4mg584QY1jB5_LGZeF0,9,plain,none,mixed,1 1 5 6 7 12 13 14 22
991W4bJaQ28Zo4bimgGGLHKmaGKA,9,plain,none,mixed,2 3 4 5 8 10 15 17 17
991W2OPFY4X9iGWWXdO21GVeIAX2,9,plain,none,mixed,1 1 4 4 8 9 12 17 25
991W414G45Icn90GAIeqE18I713G,9,plain,none,mixed,1 1 3 5 6 12 16 18 19
991WG61zfXOE5VC44Y72KIn41o56,9,plain,none,mixed,1 1 4 7 8 10 13 18 19
991W1eGa6WW8X9H8X4D28XCcuL5H,9,plain,none,mixed,1 4 5 5 6 6 15 16 23
991W109beawl5X2m13rDD3GmuaGe,9,plain,none,mixed,2 2 6 7 7 8 10 17 22
991W1ec5EqnGj69WXICq4odf5wGK,9,distinct,none,distinct,2 3 5 7 9 11 13 15 16
991WK9-7Zaz994YeWP0F24Yc39Ga,9,plain,none,mixed,1 2 6 6 11 11 12 14 18
991W6WmA4Whc34Sa30GB1hOSqWK6,9,plain,none,mixed,1 1 5 7 8 8 11 13 27
991W3We8Fey30an8AJ4o4YA98aHG,9,plain,none,mixed,1 2 4 4 6 11 13 16 24
991W2cdPE1KO68oAKZ2GS18A4P0e,9,distinct,none,distinct,1 2 3 4 7 12 15 17 20
991WKL8Jei4920i4K6WuE1WJ4i4s,9,plain,none,mixed,2 3 4 4 6 9 14 17 22
991Wc4Xn6IePd1G81u4XMU8H51n4,9,plain,none,mixed,1 1 5 5 7 10 13 15 24
991WAB0nWa8aQK50Wd9i8i94J6mB,9,plain,none,mixed,1 4 4 4 5 12 14 17 20
991WG30e_ZAnWaH643gOX60G8ouY,9,plain,none,mixed,1 1 5 6 7 9 10 17 25
991WfaevYeua31HqY23XJ2wG26W8,9,plain,none,mixed,1 1 7 9 9 9 9 12 24
991W8Jg4Y0I4HMgW64L2Wi9p4T9K,9,plain,none,mixed,1 3 3 6 8 10 11 14 25
991WHXuX492WIYG84GM7x8J71aGa,9,distinct,none,distinct,1 2 4 5 7 9 11 18 24
991WAa4i2PfRGe4W60l5fBH08Bf5,9,plain,none,mixed,1 2 2 3 4 8 17 18 26
991WA1L8eBU2A6H8G6nFyYhF5138,9,plain,none,mixed,1 1 6 7 10 11 12 14 19
991W0sEpaOWoabHKI4wC85f2GYWO,9,plain,none,mixed,3 3 4 4 8 10 14 17 18
991WCYXI99cea928211mJBLuIAYu,9,plain,none,mixed,1 2 3 4 9 12 12 18 20
991WL2ea3KI91GVG51c08A5TsXaa,9,plain,none,mixed,1 3 4 5 6 8 8 10 36
991We40aKezRfhmGeJpeJN9r238c,9,plain,none,mixed,1 4 4 7 7 10 13 15 20
991W6ifwELbKL6AAG84nGi8B0o08,9,plain,none,mixed,1 2 7 8 8 9 9 15 22
991W42I_V0S420cI4N1WaC6MKYjG,9,plain,none,mixed,1 2 6 6 7 9 10 12 28
991WKrA60W4OI110A4WF3qnAAfeI,9,plain,none,mixed,1 1 5 7 7 9 12 15 24
991W4jDHL4fDC50GGuCsC1G4F6I8,9,plain,none,mixed,2 2 3 9 9 12 13 15 16
991WY1W4XrWuQMb9f9IPa4HG420K,9,distinct,none,distinct,1 3 5 6 8 10 13 17 18
991We68hY9uSGCWe2h5s5nD4KAZ8,9,plain,none,mixed,2 3 3 7 8 10 11 16 21
991WIJVH8ZHKX8XG8aMeS9MMKA00,9,plain,none,mixed,3 4 4 4 8 10 11 14 23
991WaP8kg40oKbOECL5S65508eW8,9,plain,none,mixed,1 2 7 8 8 9 10 10 26
991W4Wa8gsiz8E30438f18YCYA14,9,plain,none,mixed,1 2 3 3 3 11 14 20 24
991W18H5KtCoJbD4Y4WM2YKZ1I99,9,plain,none,mixed,3 4 6 7 7 8 10 18 18
991WY5189q-HISA42eLuMDGg2oe2,9,plain,none,mixed,2 2 4 5 6 7 10 19 26
991WP6930W8CXH8o8oT71WG8YY94,9,plain,none,mixed,2 3 5 5 6 6 10 12 32
991W1R8cIX9I6af4p0mwkk3LD841,9,plain,none,mixed,1 2 6 6 7 10 15 17 17
991WA2vDcv5YJbLa82X42ICLiKiO,9,plain,none,mixed,1 3 3 8 8 10 12 14 22
991W8U4q22Gmjt0Ob5AH8ajw30fC,9,plain,none,mixed,1 2 4 8 8 9 11 17 21
991WLB83W81An7mAOeo9IWa6XIX8,9,plain,none,mixed,3 3 3 5 6 9 9 10 33
991W8JZ86mY6Ia2WAKGbP9IUagYO,9,plain,none,mixed,1 1 6 7 8 11 12 15 20
991W6A84XuGGYvG8fKX8Y0-BuXGo,9,plain,none,mixed,1 2 2 6 8 10 12 18 22
991WAOeRCpCdzF20GCJ1PImC0iOI,9,plain,none,mixed,2 4 4 5 5 7 17 18 19
991W61waoY8IgCW7H14ZVN65f4b8,9,plain,none,mixed,1 2 6 8 8 11 12 15 18
991W4HKfIb0y10A42GWePBJe8n8o,9,distinct,none,distinct,1 3 4 5 6 11 14 15 22
991W697HJ8Q614c0XZD1GI6IiAH7,9,plain,none,mixed,1 3 5 6 8 8 10 16 24
991W6A4-8qcHKIAaIOIQgaYmqQ9G,9,plain,none,mixed,1 5 5 8 8 9 11 15 19
991WC1WMR1GISPYa8Y0MeP9XA4H2,9,plain,none,mixed,1 1 2 4 10 11 12 17 23
991W8eh4F14C2YGem21Wq-iINna9,9,plain,none,mixed,1 2 7 8 8 8 11 12 24
991W11gmHSL84nSWC6X49QThuIKA,9,plain,none,mixed,2 2 3 7 13 13 13 14 14
991WgA9CbxRDmKCe2cW9K6Y5nIuH,9,plain,none,mixed,2 5 6 6 7 12 12 14 17
991WI8o4YAHBhLWe39OT4n1uZeA8,9,plain,none,mixed,4 4 5 6 6 11 13 16 16
991WC5TMTA1WHeGm40kPD9ML88P6,9,plain,none,mixed,1 2 6 6 8 9 11 11 27
991W298JKYKiJ252i71NM8Y2aZD8,9,plain,none,mixed,2 4 7 7 8 11 13 14 15
991Wab0e717Hi71G2eX68M0GCB2a,9,plain,none,mixed,2 2 3 5 7 7 13 18 24
991W861hXamma496mFOiH4ew4q0W,9,plain,none,mixed,1 1 2 5 11 12 13 16 20
991WGjvHN1fMNXZ2WaCO685jar0m,9,plain,none,mixed,1 3 5 5 12 13 13 14 15
991W2ee3uaPJIqG2uH4e61HMJI98,9,plain,none,mixed,1 4 5 7 8 9 9 16 22
991W51O8SF1IIiXB2H8W26H2Gec8,9,plain,none,mixed,1 3 4 4 6 11 13 18 21
991WK5XL8H0QkKv2C3OKCkWXGayP,9,plain,none,mixed,1 2 5 6 9 13 13 14 18
991W812IfMLWNQ00GpCbYYmg96Hg,9,plain,none,mixed,1 2 2 4 8 14 16 16 18
991We7cf728Zzl4I0-GXLA8ID2U8,9,plain,none,mixed,1 5 6 8 8 8 11 14 20
991WGHguM7082cGaGI6gqnk1WaJ4,9,plain,none,mixed,1 3 4 4 8 8 11 18 24
991W1ZZPK30a8oQ2Go9IWIcffYH2,9,plain,none,mixed,1 1 5 9 10 12 12 15 16
991WAYB52WO82DX48a4Yuk5v66W8,9,distinct,none,distinct,1 2 3 6 9 10 11 15 24
991We0mIaQ90G4b5C8Y8aC23Gdf9,9,plain,none,mixed,1 1 2 5 5 9 9 15 34
991W8OSCvUEpis2WIAE8gAB2ab8W,9,plain,none,mixed,3 4 5 6 8 9 14 14 18
991W2GpA4X4L5oGm0M410YjBn98G,9,plain,none,mixed,1 3 4 4 4 8 12 12 33
991W106eoZGqa1W8Hn4nLLfezCG4,9,plain,none,mixed,1 2 4 5 6 15 15 16 17
991WaM4IZCp2s1mG8998o2qc3M5X,9,plain,none,mixed,2 2 2 3 4 6 14 21 27
991W0HGQInKUs2X1518b9jZHbSbX,9,plain,none,mixed,1 2 6 8 8 10 13 15 18
991W927KuexO7HG254WKT1aJxSG6,9,distinct,none,distinct,1 2 4 7 8 11 15 16 17
991W2jRQsK98naKeXXI1W91Td381,9,plain,none,mixed,1 6 6 6 7 7 8 16 24
991WXIan4UYdM2WO4u-H9rAC20GO,9,plain,none,mixed,3 4 4 4 8 8 14 18 18
991W0A6b9YHGnf9Gf8E841uUP76H,9,plain,none,mixed,2 2 4 4 9 13 13 14 20
991W8Qns5149AQDJWa4XHKo2Cb30,9,distinct,none,distinct,1 2 3 6 9 10 11 17 22
991WKfnM9nFute82AU88D4AA7CZW,9,plain,none,mixed,2 3 4 5 9 11 13 17 17
991WM2J944IfLgEamAvGdZZSGqOf,9,plain,none,mixed,2 4 4 6 8 11 12 15 19
991WGo08etvVH50G91IBSsOI4AGO,9,distinct,none,distinct,1 2 4 5 8 9 13 16 23
991WCSZM424II4HYWYA57EGcHIYm,9,plain,none,mixed,1 1 4 5 11 12 12 14 21
991W04CYH4DGg2HAafHbHKrAUPX0,9,plain,none,mixed,1 3 5 7 7 7 15 15 21
991W8LKtz6mK3hWm4o388fs28cG4,9,plain,none,mixed,1 1 2 10 11 11 11 13 21
991W9I1V8vEeMAG3H5SnRbmoqOb0,9,plain,none,mixed,1 2 2 7 8 14 14 15 18
991W4YeS70tLa10S1WW4n9X1P2Gm,9,plain,none,mixed,1 1 4 5 7 7 12 21 23
991W51WA2Fb58TGO4maM25BBHYOm,9,plain,none,mixed,1 3 3 7 9 10 11 17 20
991WaH468WXVZ57C2Ow4j7jm6sSe,9,distinct,none,distinct,1 3 4 6 9 10 13 14 21
991WJ4oiawLGILWWGmj2EnKqB1mY,9,plain,none,mixed,2 3 5 7 10 11 13 13 17
991W28aWKP9CKeK8arfWO4u33HVa,9,plain,none,mixed,1 1 5 6 6 7 9 20 26
991W4X6KG3pKCWO57d9UK2eoHC51,9,plain,none,mixed,1 1 3 7 9 9 11 16 24
991W30b2S6fc5XTG5HL8P54PbE4Y,9,distinct,none,distinct,2 3 4 6 8 10 11 14 23
991W492G86D8LgIeq38mAWm931eA,9,plain,none,mixed,1 1 4 8 8 10 10 13 26
991W94d058O57684MZAH4YJYLqwA,9,plain,none,mixed,1 3 4 5 6 6 13 19 24
991W221o_-4e94WKK6X3mP4l65XW,9,plain,none,mixed,2 2 3 3 8 15 16 16 16
991W0A94MRE8U1YIIPJI32GvMP2e,9,plain,none,mixed,1 2 5 7 8 11 11 15 21
991W522ERlBg20M6HJ04u7WMnA6Y,9,plain,none,mixed,1 3 3 5 7 12 13 14 23
991Wg0GQTaE28XCG28oq4a6XKIao,9,plain,none,mixed,1 2 3 6 6 9 12 21 21
991WO12Uc6aeE3aYG32ej0528aDP,9,plain,none,mixed,1 1 2 4 9 9 16 19 20
991W453VC2cCZ0aDH2gAeb8YIIbI,9,plain,none,mixed,2 2 7 11 11 11 12 12 13
991W0eIPqX7nCTOacYKQ5K0WudC5,9,plain,none,mixed,3 3 4 6 7 7 10 20 21
991W6H7zowGb4852I1DIDf1G91KE,9,plain,none,mixed,1 1 3 3 11 12 12 15 23
991WAJ2G89GKQeCnI7DrCfSH1GQ4,9,plain,none,mixed,1 4 5 5 6 6 14 15 25
991WX656HyKbLeW23POAniB30tI4,9,plain,none,mixed,1 3 6 6 8 8 11 15 23
991W4P2W5GW6P0W98826uB2wc9Gb,9,plain,none,mixed,1 1 2 4 6 7 11 14 35
991WIg2JbWa92WTG4821GL7Nv3L2,9,plain,none,mixed,2 2 5 5 7 8 9 12 31
991W41e1WAHWunegB18O2yg8a5Go,9,plain,none,mixed,1 2 3 5 5 8 10 18 29
991W87AkbjOdKLmWYDWLVA72XoCf,9,plain,none,mixed,1 5 5 9 9 11 11 12 18
991W52GpyTOD2Wm922WGm2WYTrb4,9,distinct,none,distinct,2 4 5 6 8 9 10 13 24
991W4mY4DqP7H268IIWo4Q5W1gOP,9,plain,none,mixed,1 1 4 5 6 11 15 15 23
991WA1qIqkGa67YBA24AbK64K460,9,distinct,none,distinct,1 2 3 5 6 13 14 15 22
991WY914EgZa4Gye5Kab5E9w5IOX,9,plain,none,mixed,2 3 6 10 11 11 12 12 14
991WAY8M9HGY8gAY0W41U0Y8o20m,9,plain,none,mixed,1 2 2 2 6 13 14 16 25
991W2HOggAoicLyG8GS4K9HHXkLY,9,plain,none,mixed,2 3 6 7 9 9 13 14 18
991WI38aEUZCWZWb0X2CbcNBxYWP,9,plain,none,mixed,1 4 6 6 10 11 12 15 16
991WYIkCv0k08vEO4jpi6XYnqKmH,9,plain,none,mixed,2 3 4 6 6 9 14 16 21
991WGqyiNAWpJICL41X-CHo25LeG,9,plain,none,mixed,2 2 2 3 9 13 15 15 20
991W215Bq3WhG4uYG70N2l97HYZ4,9,plain,none,mixed,1 1 1 8 9 15 15 15 16
991W4CGD9KYS6HAYHOXGOUZQ5XP4,9,plain,none,mixed,1 4 5 9 9 9 12 12 20
991Waa5qX8Q1OaI24AN4ea922vvI,9,plain,none,mixed,3 3 5 5 6 7 11 17 24
991W1C8aRCmY50TXK9XX71eYtH8I,9,plain,none,mixed,1 1 2 6 8 9 11 17 26
991WGbCzNbvGa92m00JmaOZ0Y6Y8,9,plain,none,mixed,1 3 5 5 6 10 12 16 23
991Wu2KWGSD2RbAX48aaXuI2H5cW,9,plain,none,mixed,1 1 5 8 8 9 11 11 27
991W9IgX4I5aJ4GcG20fF0pAISX0,9,plain,none,mixed,1 3 4 4 8 11 14 17 19
991W4X1awA5ufT07A1r25bbr4fEC,9,plain,none,mixed,1 2 2 8 12 12 12 16 16
991WItXm6iLHLq4O31GZWrigD981,9,plain,none,mixed,1 1 3 6 8 9 11 19 23
991WD5HB9rbgWeae107rI51s5aWJ,9,distinct,none,distinct,1 3 4 5 7 9 11 12 29
991We08DCzCLiKG9aGyKegZ9xqT0,9,distinct,none,distinct,1 3 6 7 8 9 12 17 18
991WIsYMNsIAgLes0cY3N2vHI9OW,9,distinct,none,distinct,1 3 5 8 10 11 12 13 18
991W1uHCaayZei92XNGU4318C904,9,plain,none,mixed,1 2 5 5 8 9 12 17 22
991We0xy50uvD9A68iAYoDKfXbnG,9,plain,none,mixed,2 2 4 8 10 10 10 17 18
991W4530GX4d5nWgeC1GNHWR6I8o,9,plain,none,mixed,2 3 3 6 8 8 8 21 22
991WH4QrvIf7XO9SG5KeG24uXzY2,9,plain,none,mixed,1 3 4 8 8 8 12 13 24
991W02CxZdzEN20Wf9IEDaeW1eeo,9,plain,none,mixed,2 5 5 5 6 8 13 16 21
991W1KOeA3UHaA1mWeb88p1GYD14,9,plain,none,mixed,1 2 3 3 12 12 12 13 23
991WGHWOoD2ffMYK22kegHY7WeA8,9,plain,none,mixed,1 2 5 8 9 9 12 13 22
991WYSH7IzRBvH804KEHbuoqZiiH,9,plain,none,mixed,3 3 5 8 9 10 13 15 15
991W9CB2iGr84nWS8B2SB1WNZYeK,9,plain,none,mixed,1 2 5 7 8 8 8 21 21
991WeC3CKnI6X4H263geA210EIGq,9,plain,none,mixed,1 4 5 6 6 6 9 19 25
991W55eZA2WG3mB2I4d8a5oYf2H2,9,plain,none,mixed,1 3 5 6 6 9 10 16 25
991WWe8otZWngE0A955oGnSe60aD,9,plain,none,mixed,1 2 6 7 8 10 13 17 17
991WKabE1CaXLLoAAJ0D2OmsGU0o,9,plain,none,mixed,1 3 3 5 6 7 15 18 23
991W2470SGeSq0He84RHuDf7I5Ze,9,plain,none,mixed,1 1 1 3 8 10 15 16 26
991WKW8OcKCQ56W1AHcJaaWN5Kbe,9,plain,none,mixed,1 2 2 3 4 10 13 19 27
991WGHAA2GM4N628A4N3mqKI1AIC,9,plain,none,mixed,1 1 4 6 6 7 14 19 23
991Wc2nQ7K4BShYOe29SsGoIOYWC,9,plain,none,mixed,1 1 4 6 8 11 11 19 20
991W10o1W91OLd30G1aI4Gp4GaHa,9,plain,none,mixed,1 1 1 1 6 8 10 17 36
991W99WeL38eP2LLWa9rmQYCE20Y,9,plain,none,mixed,2 2 3 6 6 14 16 16 16
991WE3SsJ3IaP8yG2GSr2pE28O91,9,plain,none,mixed,4 4 5 7 7 7 14 16 17
991W0GB4AB49AnH2ALav3nmcHS9G,9,plain,none,mixed,2 2 3 5 9 10 12 15 23
991WH4JGQ1aLGa9C470KD6XH7HW4,9,plain,none,mixed,1 1 3 7 9 11 14 17 18
991WGXdb8LqJ4qE5846wseXGER0W,9,plain,none,mixed,2 4 6 7 8 10 10 17 17
991W40WC3PYeN0WAD30sEgHa4XCZ,9,plain,none,mixed,1 2 2 7 10 13 14 14 18
991Wmi2CR4C2YG0O36eYCZD459IA,9,plain,none,mixed,1 2 2 2 4 7 19 21 23
991W9F2ecBPGKrzXG8X9CD6I2HGK,9,distinct,none,distinct,1 3 5 7 8 11 14 15 17
991WX62I4WGbW2YGED-VKaD0tCp4,9,plain,none,mixed,2 3 4 5 8 8 8 11 32
991W669euG821JWI8XAIeQ93HPIY,9,distinct,none,distinct,1 3 4 6 7 8 9 10 33
991WHKIeEanDao0GHYHm4oHWF0g4,9,plain,none,mixed,1 1 3 6 8 11 15 17 19
991W56no1QSKI28yE32MBE4cSmWe,9,plain,none,mixed,1 1 2 6 11 11 13 14 22
991W118Gm2SA1qWPC10pAugEa4fL,9,plain,none,mixed,1 1 4 4 5 12 15 19 20
991WWW5eTGuaA1qYqb8IINeDAhDG,9,plain,none,mixed,1 3 3 4 7 12 13 14 24
991W4Gu_DJD7nM401WG9GgfAbAH1,9,plain,none,mixed,1 4 5 6 6 7 12 19 21
991W8ke521YOA8HIJ8jAZ95ZGK0W,9,plain,none,mixed,1 3 5 5 6 9 11 18 23
991WY0W24s4qCfHCaXCA625WRZWW,9,plain,none,mixed,1 1 3 8 8 10 13 16 21
991WeP0HHnJ8ADY6I0Ozlmm98H30,9,plain,none,mixed,1 1 2 3 8 9 16 20 21
991WCWeCj6fpoI0Gf9A48xv4D6XY,9,plain,none,mixed,3 4 6 7 8 8 15 15 15
991WJ696G2W61r8GYefPqT9Ag0C5,9,plain,none,mixed,2 3 4 6 6 9 10 16 25
991WCX89ToOAa4104XGcddmS960G,9,distinct,none,distinct,1 3 4 6 7 10 11 15 24
991WZ8gDYEGRKQef0GeM30QSv6iW,9,plain,none,mixed,1 2 5 6 6 10 13 17 21
991WH7857NJgese820PHXMrJczI2,9,distinct,none,distinct,2 3 5 7 9 10 11 12 22
991Wn49GA8hm4Q824eKfDdXGq0eE,9,plain,none,mixed,1 1 2 4 9 11 14 16 23
991WGqB1J2ifuF0KGIGH1WKfE724,9,distinct,none,distinct,1 2 3 5 7 9 13 18 23
991W8e62uRe61KLWIfAY2nCB1Fm9,9,plain,none,mixed,3 4 4 4 5 8 10 16 27
991W820WY0G9XQuKieM59YSyA2ib,9,plain,none,mixed,1 3 3 7 8 9 10 18 22
991WB4I81eg2OK8YD4I50WBwAYOW,9,plain,none,mixed,1 2 3 6 7 10 10 11 31
991WmeCu958qGH524D1V9rWu35MI,9,plain,none,mixed,1 3 3 6 7 8 13 17 23
991WKcHQCPO21LN1214omYb9rd94,9,plain,none,mixed,1 3 5 7 8 9 10 10 28
991WA2n596YUuWvG4Hjq3WFMAI92,9,distinct,none,distinct,1 2 5 8 9 11 12 13 20
991W4WmKgWiDZi085I0ZCzEeuanG,9,plain,none,mixed,2 3 5 5 6 7 14 17 22
991Wo59DR4nm42C718Ge5zc9u290,9,distinct,none,distinct,1 2 5 6 8 10 11 14 24
991W91a83OWa30eK60W8X4Mi5nJa,9,plain,none,mixed,1 1 4 5 8 9 12 17 24
991WX2X46ehKM71G49poCHhaA10G,9,plain,none,mixed,1 3 7 8 9 10 12 12 19
991WP0IBSjOk0WW3J3ISA2X74q0X,9,plain,none,mixed,1 1 3 4 4 14 15 16 23
991Ww1uDO9089HWK39GaicedWa8a,9,plain,none,mixed,1 3 3 8 9 11 12 14 20
991W514APK41WO9K30anCN0GeU98,9,plain,none,mixed,1 2 4 4 4 7 11 17 31
991W8Y9n1GA1Y4gHQ6CWG24d5rq4,9,plain,none,mixed,2 2 4 5 7 7 9 14 31
991W4gOoJY-pjBmdI86nAE7A9144,9,plain,none,mixed,1 6 7 9 9 10 10 13 16
991Wr0g1X19A9I105CH9JjuIj6Gc,9,plain,none,mixed,1 1 6 7 8 10 11 15 22
991WA56HKK5oj9IK96AcA92Gb9WG,9,plain,none,mixed,3 6 7 7 8 8 12 12 18
991WGO8wD8WtGP02KSfE5aav9Oo2,9,plain,none,mixed,1 1 3 7 10 14 14 15 16
991W4HmCLY4N4OGY8YCJ2lIKgvO8,9,plain,none,mixed,1 4 4 4 7 10 13 14 24
991W4CYVHn9v1H8HWE1SKAPE64iH,9,plain,none,mixed,1 1 1 8 8 12 12 13 25
991W654a6RnaQ30GWffG9Kxsaf9o,9,plain,none,mixed,1 3 5 10 10 11 11 11 19
991W30Q5ubPIKcb5K10Z41AHg680,9,plain,none,mixed,1 1 2 3 10 13 13 16 22
991W5KC8iqHOQCGGPbMOhXDxy60G,9,plain,none,mixed,3 3 5 6 7 8 12 17 20
991W2WSqDYne28801mGCO32g4c6X,9,plain,none,mixed,1 1 1 3 3 8 15 24 25
991W9coCYGXmY9IKaCG8J4w28A2G,9,plain,none,mixed,1 2 4 4 5 8 11 22 24
991WAHBcn24O4U88GH91k_5zFPyH,9,plain,none,mixed,2 4 6 7 8 8 12 14 20
991WGI9GQhAS9AiW5X7X37HhOOg9,9,plain,none,mixed,1 2 4 9 11 11 13 15 15
991W8w8KYEWmk4z9O8wKIYmYGGA0,9,distinct,none,distinct,1 2 4 5 9 10 11 13 26
991W1AYGhN0eK6T0Y9YNON-Z4X4Y,9,plain,none,mixed,1 5 7 8 9 10 10 14 17
991WI0WxDqT111mOnCHOI3eP94mG,9,plain,none,mixed,2 2 3 6 9 10 12 14 23
991W8bMG40Q3GaImA4N1G96HsaY4,9,plain,none,mixed,1 2 4 6 6 6 11 16 29
991W1dDJIaE294YOa9rNaR2212YG,9,plain,none,mixed,3 4 5 6 6 7 9 14 27
991WX30AZ2Fm40WKPDZK6DF2SniB,9,plain,none,mixed,1 3 4 6 6 14 15 15 17
991W8n9UdSDr648GJ7GBXnbF6p24,9,plain,none,mixed,1 3 4 8 8 11 12 14 20
991W63MrfIeYKK91qA2c8WISZ9SG,9,plain,none,mixed,2 5 6 7 8 8 14 15 16
991Wec5G10phY1eIegW4I2im28PA,9,plain,none,mixed,1 1 3 4 4 13 15 19 21
991WBJK9qimKr1o02YKBIxfB4210,9,distinct,none,distinct,1 2 3 4 6 9 11 21 24
991WaYIehBCxI52Om0aCX1jWa1G8,9,plain,none,mixed,1 1 2 9 11 12 12 13 20
991WHIOa711aZ8fa30c4AIaTWy10,9,plain,none,mixed,2 3 3 3 4 11 14 17 24
991W28uL9AWmX2f6q0uFAauLWy2W,9,plain,none,mixed,1 1 3 6 8 10 12 18 22
991WP7oO8XLAoae3P489UO5eE0aG,9,plain,none,mixed,1 1 4 5 8 14 15 16 17
991W1kBY8Im4X7W8f2A16neAa30G,9,plain,none,mixed,1 1 2 2 7 9 17 20 22
991W0YLZWu9GS10moEY29IWew1Ye,9,distinct,none,distinct,1 2 3 4 6 12 14 19 20
991WSK7b2W86pPj294KYma5q6Yq8,9,plain,none,mixed,1 4 4 5 6 7 12 16 26
991W2JabeeVWQ2uWCWO8d5nP8YbH,9,plain,none,mixed,1 2 4 4 8 8 11 20 23
991W0GeQeKgsmbB9OLf6UZs4YB60,9,plain,none,mixed,1 1 5 8 12 13 13 14 14
991W51HOfR6CYK8JC293Qn9uB2uH,9,plain,none,mixed,1 1 8 9 9 10 11 12 20
991WO0q83kw5oR5040sIYOgcIcAf,9,plain,none,mixed,1 3 6 8 8 9 12 14 20
991W4292G8A1B4cGM5L6X8M4XZun,9,plain,none,mixed,1 4 7 7 7 8 9 9 29
991W8JfAGYDsnK1mHa0uPQX8GeOS,9,plain,none,mixed,1 1 1 8 10 10 14 15 21
991WGfoMv4fa7O624A8U9eHQx1KG,9,plain,none,mixed,1 1 5 9 11 12 13 13 16
991WXGK6RAYId2Y2WXCZAYGPBq92,9,plain,none,mixed,1 2 4 5 9 9 14 14 23
991WLPGIU2GqB1WOOg8IAXGYS12G,9,plain,none,mixed,1 3 5 8 8 10 11 17 18
991W1WKSGJJi4Hs42GmqA7qo9AHH,9,plain,none,mixed,1 1 1 3 7 13 15 17 23
991W61aGB0ZOMLUK51aOA4GY4X7K,9,plain,none,mixed,1 2 5 6 6 9 13 15 24
991WHAWK22IcL58ZH8o9LJ3W6XGL,9,plain,none,mixed,1 3 5 6 7 7 8 15 29
991WB8ay5H0IOX4B1CJ6PYa9sT8W,9,plain,none,mixed,1 1 2 7 9 11 12 19 19
991WCoWnD3pY-3Y80Wa38SmOAAH4,9,plain,none,mixed,1 1 4 6 6 9 15 19 20
991WHCSX40p9-90mWKX29H8OI8Wi,9,plain,none,mixed,1 1 1 3 6 9 17 21 22
991WM3mT6o2GLII720M7N1A291L2,9,plain,none,mixed,1 3 4 7 7 10 10 19 20
991W0GZTn2H2Z54HD49THIR4pi8X,9,plain,none,mixed,1 1 6 7 9 13 14 15 15
991W2H95T1We6FZ120fQROoHmS4W,9,plain,none,mixed,2 2 3 4 9 10 11 18 22
991W4H0OSCJDKe425GeY4dGO30k4,9,plain,none,mixed,1 1 2 4 7 10 16 18 22
991W90X8gxWS65k1m-g98J2T6IeO,9,plain,none,mixed,1 1 3 5 11 14 14 15 17
991W8bmHacfgvv6AP5A84f54mcC4,9,plain,none,mixed,3 4 5 6 9 13 13 13 15
991W92XHL3Or3Ch510PKG6IXCYbC,9,plain,none,mixed,1 2 5 6 9 11 11 16 20
991W0abJkudY8qWieAGh462Rci8C,9,plain,none,mixed,1 4 6 8 8 8 12 13 21
991WX44XqOcGI5388PHa93yWeA0e,9,plain,none,mixed,1 2 5 7 8 8 9 16 25
991WWO518Z7H92XOI4Gj4HGM4324,9,plain,none,mixed,1 2 2 6 9 9 9 19 24
991WHYVMjL18CZn8852bK1yH0gHK,9,plain,none,mixed,1 3 4 9 9 11 13 13 18
991WGIIvmjUfAJ4m94ZWA58uwF03,9,distinct,none,distinct,1 3 4 6 8 10 13 16 20
991W0mY2IDtHt75GK28B21JgzfO1,9,plain,none,mixed,1 1 6 7 7 8 10 18 23
991W850X24gnI140bffEvYyH4Gbc,9,plain,none,mixed,1 3 3 4 5 14 14 14 23
991WCLOk7HWev9J18IJZ2N8MWI6G,9,plain,none,mixed,1 1 1 8 8 11 13 19 19
991W2HK9gOI9Kqn922GY4jHEdvb2,9,plain,none,mixed,2 4 5 7 7 8 9 18 21
991W0Y5AHw443Kr6aehPGK5aMEaa,9,plain,none,mixed,3 4 4 5 6 9 10 12 28
991W6K92o2WeAtL9uD0I0O8Z8eG2,9,plain,none,mixed,1 2 2 3 6 6 14 20 27
991WAEdXmK5SamK2WfGeI4e62ms4,9,plain,none,mixed,3 3 4 4 5 8 11 18 25
991WC0K5qIdIcfpG42aSXBcaXuaX,9,plain,none,mixed,1 1 7 8 8 9 9 16 22
991W50qkrZQMzeb962CKQi0Y1aA0,9,plain,none,mixed,1 4 5 6 9 9 13 16 18
991WW44YaY969AH0Oj5TE0W81Kd9,9,plain,none,mixed,1 3 3 6 6 8 11 17 26
991W4WW8-1yGY3545ICJ8QuG2P6A,9,plain,none,mixed,2 2 2 4 4 15 16 17 19
991W2CW828DOG8UJcC98I4qP6WWI,9,plain,none,mixed,1 1 1 2 4 8 17 23 24
991W8u8QB1GmG9P9MfcU9b4HAea8,9,plain,none,mixed,1 3 4 4 8 11 11 19 20
991W2MGfE411GegAGKAGmF0IqjGu,9,plain,none,mixed,1 1 4 5 7 7 13 14 29
991W44aT5YcHmjGa0GdEryWmOrMX,9,plain,none,mixed,2 3 3 5 9 10 11 18 20
991W64XdXqJ1ORKGYBT1PEOcJnz2,9,plain,none,mixed,1 2 7 8 8 9 13 14 19
991WXuHM0f98I5Ge4qigAr1REC10,9,plain,none,mixed,1 2 5 5 6 12 13 16 21
991We41m5oqKCXS8Y0YeLZaX5Y4g,9,plain,none,mixed,1 1 2 6 9 10 14 18 20
991W0c2Ug6d8821WXDYDvCIWm20u,9,plain,none,mixed,1 1 7 7 7 8 9 11 30
991W26oS1w19K1COiDWQmgM96IeL,9,plain,none,mixed,1 2 3 3 5 12 12 13 30
991W8LK4M6IyT6XWX8XazOkqOc8Y,9,plain,none,mixed,3 3 5 5 7 11 13 13 21
991WYQAXo0HayJ0H518emSHqPEGZ,9,plain,none,mixed,1 4 4 7 9 10 11 13 22
991Wec1uYcmX8WO52BX0ijAAcImf,9,distinct,none,distinct,1 3 4 5 7 8 12 16 25
991WADW8I9v1514cOBXStHCB50qA,9,plain,none,mixed,3 3 3 6 9 10 12 16 19
991W4GW0PFZyJ8Ia11Cn191QO63W,9,plain,none,mixed,1 1 2 2 6 8 15 19 27
991W8Y8oR8-829GC9p0GG2CAC8YG,9,distinct,none,distinct,1 2 3 4 8 10 13 16 24
991W4DVfiiAhTw402OTv4kICIg0f,9,plain,none,mixed,1 3 3 4 8 10 13 17 22
991W8xI23IveP32GE9cJK9AkQ90W,9,plain,none,mixed,1 2 5 5 8 11 14 15 20
991WA4I838f3ZN61CK-A2GhKCYOe,9,plain,none,mixed,1 4 6 6 6 12 13 14 19
991WI2WiChXOKy8A4Wc32oLGC2Oa,9,plain,none,mixed,1 5 6 6 6 9 11 17 20
991W8p3O9CB2kKeYH3PLeqKW49OG,9,plain,none,mixed,1 2 6 6 7 9 9 17 24
991W41WO1OLwYaO5CIyeB8Wg8IW9,9,plain,none,mixed,1 1 6 8 9 12 13 15 16
991W528uo3Gy3II48H4XjbPOn0G2,9,distinct,none,distinct,1 2 3 7 8 10 11 19 20
991W45yhH3mYn1nH0mNsof5gZI60,9,plain,none,mixed,2 2 5 7 8 9 10 18 20
991W132tyR61Uao9m9Ma2gIXOaGX,9,plain,none,mixed,1 1 6 9 9 10 11 11 23
991WWUcWOD5J8q0C3BHBdOb9I4AG,9,plain,none,mixed,1 1 3 6 6 11 12 20 21
991WmF18AaGeBYWc861uW41RLM9Y,9,distinct,none,distinct,1 2 4 6 7 12 13 17 19
991W1zB1fB0W8214H8njIP6HC72G,9,plain,none,mixed,1 4 6 6 7 8 9 14 26
991WGe884amSc5amL98P6356KY8Z,9,plain,none,mixed,1 3 6 6 8 12 12 13 20
991W6AYKj0WACX8L99IKyXHG0GW9,9,plain,none,mixed,1 1 6 7 7 8 11 12 28
991WOcE8E9XG-4CI17fr0on2Ge52,9,plain,none,mixed,2 2 3 3 7 10 12 19 23
991W8520V0W9PLO2aF1bqo0q8o8e,9,plain,none,mixed,1 1 3 5 5 6 12 20 28
991W0CNSC6r8290YEfaj55SnYOZG,9,distinct,none,distinct,1 2 4 5 6 13 14 17 19
991WeD1HYQOgWqP2GBuzfGKv8Z94,9,plain,none,mixed,2 2 5 6 6 7 13 16 24
991WH7WS2kKXGA30Yf1Fa33GA1WC,9,plain,none,mixed,1 2 2 5 7 9 13 14 28
991WX0GKB8pSHZ4ma1GQA6PI0WG7,9,plain,none,mixed,1 1 3 8 10 10 11 18 19
991WIYaaEoLivD861068McaLSk0e,9,plain,none,mixed,2 5 5 6 9 11 12 13 18
991W4XLeX2c4a72G1JfP8cHyY8XO,9,plain,none,mixed,1 1 3 5 7 12 17 17 18
991W10AuLqWWCCG8AqbYJ5fpu10m,9,plain,none,mixed,1 1 3 6 10 10 13 14 23
991W0eM45CV4G48WbJ4d9XOMqiaH,9,plain,none,mixed,2 2 3 6 10 11 14 14 19
991WC2mSX841mKO42oKYuYA2Cp8m,9,plain,none,mixed,1 1 3 3 8 10 12 14 29
991WEVGMCYHGBcu5GO5E8HsPjC50,9,plain,none,mixed,3 4 5 5 7 8 10 19 20
991W3YOYD_514d70214MpUHa50Ob,9,plain,none,mixed,1 3 3 4 9 11 15 15 20
991WW4tqn48e40qCM8WWR4w8MqE2,9,plain,none,mixed,1 2 2 2 4 7 14 20 29
991W4IadI7IA4aeX10WpYfvnIIM4,9,plain,none,mixed,1 5 8 8 9 9 12 14 15
991W6If9BWn14ieW4n1_ZWeHAVmS,9,plain,none,mixed,1 1 4 6 9 12 12 13 23
991WC0mIAPcJIv18E2SWaFU8I2O4,9,plain,none,mixed,1 1 1 6 11 13 14 16 18
991WG43BU5285WqAH2Wm81v5H2D2,9,plain,none,mixed,1 3 3 5 5 6 18 19 21
991WC8AQRGn2LTGW8w6OASoCgsTH,9,plain,none,mixed,1 3 5 7 10 11 14 15 15
991W4WqI2594n55Y1GCG4VgAIF4o,9,plain,none,mixed,2 3 3 5 5 11 13 16 23
991W96Ta110Jek8g926Y11WPIOH8,9,plain,none,mixed,2 2 5 6 7 7 13 13 26
991WL1CO4XoSa20bWeW82XHezOL4,9,plain,none,mixed,2 2 2 4 10 12 13 16 20
991WaWiaH2D3GoBe496woCX96L22,9,plain,none,mixed,1 3 3 9 11 11 12 15 16
991W65L84GaHqa8X1W2bf5hoihL8,9,distinct,none,distinct,1 3 5 6 8 9 10 12 27
991W20pq10qL5YnWO2118agH4XO6,9,plain,none,mixed,1 1 2 5 6 11 12 15 28
991Wa4j8AEdKJ2I41P0g4vy92CWG,9,plain,none,mixed,1 1 6 7 11 11 12 13 19
991WA34Y0SxeYA24C34b2ifGINd9,9,plain,none,mixed,1 3 5 5 8 9 10 20 20
991WH0cba9PsfLUCGG-8vi50igqe,9,plain,none,mixed,1 5 5 8 8 9 9 16 20
991WB1meX2UY846053awp4ni110B,9,distinct,none,distinct,1 2 3 4 8 10 11 19 23
991WCBmuWY569ZWOGR6zGY22IdXe,9,plain,none,mixed,2 2 3 4 5 10 12 17 26
991W6DCpBHWeJo_GGO176AaKCPI1,9,plain,none,mixed,1 1 4 9 9 11 11 15 20
991WA1uW82rUsi923GW4p89GX4fI,9,plain,none,mixed,2 2 4 5 6 7 16 18 21
991W32WFI8fAG22WeRYEJ4omK2H4,9,plain,none,mixed,1 1 3 7 9 10 12 15 23
991WafACH4J0-1c82YKZ9MGWI0WB,9,plain,none,mixed,1 2 6 7 7 8 10 13 27
991W4HehIjLEMLJ04GWaH9aJ3DmY,9,plain,none,mixed,1 1 4 7 8 12 14 14 20
991W91XKiBas7Yaj80XenZ3j0WWI,9,distinct,none,distinct,1 2 5 6 8 11 13 15 20
991W60W70kGaN50X31G95PHIC50n,9,plain,none,mixed,1 1 3 7 7 8 10 20 24
991W0eOdKZIWa9X4Z45n3Iefa11m,9,plain,none,mixed,1 1 4 5 7 7 17 18 21
991WP4H4LuI24bAC0HMM5Y4WQL1W,9,plain,none,mixed,1 1 4 6 6 13 14 16 20
991WC90HAOI1Y8c8Wj3GO20K71n7,9,plain,none,mixed,1 2 3 4 6 11 11 17 26
991WL4Le70Ot8A2G8Y92APJaa8H8,9,plain,none,mixed,2 2 4 5 6 9 12 20 21
991W412uXTYXmQT8GK5VC6Wn4X4u,9,plain,none,mixed,1 1 2 6 8 9 14 16 24
991W910Kb9P4G4308GW8Y51GhBIq,9,plain,none,mixed,1 3 4 4 5 9 11 17 27
991WK5IO6xiAJP4WjCy94Gf2XAI9,9,plain,none,mixed,2 3 6 6 10 12 13 13 16
991WG44fe2nCIX0WCX9OCJ9GJ4gg,9,plain,none,mixed,1 2 5 7 9 12 15 15 15
991WcFJOwpOe8g931HQ7S1ZK324G,9,plain,none,mixed,1 4 4 6 7 14 14 15 16
991W0FOn_3X4a4YmeLQfY4zia51m,9,plain,none,mixed,1 1 4 6 10 11 12 14 22
991W2JAU-4fK40rY25XbbCvbAfCG,9,plain,none,mixed,1 1 6 7 8 12 13 14 19
991W9IJK6A3199G8KoHCKX4XnCH8,9,distinct,none,distinct,1 2 4 7 9 10 11 13 24
991W10ejIPY8af9X214mKKoaHC7G,9,plain,none,mixed,2 2 5 6 6 11 14 17 18
991WAoCL0gGy8aH241WQH2Ya_oW8,9,plain,none,mixed,2 2 4 8 8 10 11 14 22
991WAYP0Ap31mN8O619v6X2XOHCf,9,plain,none,mixed,1 3 4 4 5 9 11 19 25
991WA9W420jO7mG4H8ICZ4fi318C,9,plain,none,mixed,2 2 3 4 6 8 17 18 21
991W41OFZ8G4D4cWA0aA3KiQo2XB,9,plain,none,mixed,1 1 2 6 8 12 14 15 22
991WG28Y4gUdOEmI5WcCCH4I1R2a,9,plain,none,mixed,2 4 4 4 5 7 14 20 21
991W8X0G310tG8208I8ag3my9AYa,9,plain,none,mixed,1 1 2 2 10 11 14 15 25
991WmC10AL4S6WWAS30e61efBIe2,9,plain,none,mixed,2 2 2 4 5 7 9 20 30
991W0n4aH2YOneH4I4DqJ8YKny41,9,plain,none,mixed,1 1 3 5 11 12 13 14 21
991W66YeYDIMGY42HKcNDAGK30S4,9,plain,none,mixed,1 1 4 5 10 10 12 17 21
991WHKukC5J1N2y71mjP2ZIHB8u4,9,distinct,none,distinct,2 3 4 7 9 12 13 15 16
991WOA0oCYoPK4W4WSrDHHiD54H8,9,distinct,none,distinct,2 3 5 6 7 10 14 15 19
991W112yf1D9SWaY851QNQlC71S9,9,plain,none,mixed,2 4 4 4 8 11 14 16 18
991WBIf6by2WHD088WrvDITca90W,9,plain,none,mixed,2 5 6 6 6 8 8 12 28
991W21ReAHn09cGY060FM8ZeTRAY,9,plain,none,mixed,1 1 4 5 6 6 7 23 28
991W60G2mq4m42X86Ia91eg8I1Wm,9,plain,none,mixed,1 1 2 3 5 10 10 19 30
991W3WW9OLA4KGuX4XuYCoyEYHD4,9,distinct,none,distinct,1 4 5 6 8 10 12 17 18
991WO2CZD0G6Yj4Y1062Cn8KAACX,9,plain,none,mixed,1 1 2 2 7 11 11 18 28
991WWXIS6acD1m40r3mqD8J8eXG9,9,plain,none,mixed,1 3 3 5 9 11 11 13 25
991WGhtPoCXfffeGXGpe8e6EICqX,9,plain,none,mixed,2 4 6 7 10 10 11 14 17
991WE28mpcnFmGS452O8CF14PfcI,9,plain,none,mixed,1 1 5 5 7 10 12 14 26
991WWoso4euVSny49DpQFaMIHC48,9,plain,none,mixed,1 1 5 11 11 12 13 13 14
991W84G17S7n22cIJ56L6YSGuE6c,9,plain,none,mixed,1 3 3 4 5 5 12 24 24
991WaLbHO2CbrWM35P8a9892ILOW,9,plain,none,mixed,1 3 7 7 7 7 8 15 26
991W10mUAmIhO8IWAYOWErkdN2WK,9,plain,none,mixed,2 2 3 3 5 9 15 18 24
991W4d61NCkhEGWW972OKwMKfB0Y,9,plain,none,mixed,3 4 4 7 8 10 15 15 15
991W09XJ5JWaAYP8eU61a9XFSHHa,9,plain,none,mixed,1 1 2 3 8 12 16 17 21
991W8QJAGM1uc12WWoHGLLemy90m,9,plain,none,mixed,1 1 2 6 9 10 11 15 26
991W3YSqegWe40y8B0G4w8uICKE2,9,plain,none,mixed,1 1 2 3 6 12 16 18 22
991WI8U9IQ-G924HCgOM2GpCKef1,9,distinct,none,distinct,1 4 5 6 7 9 13 17 19
991W52m2YLb_Ga718148nD1aQ28a,9,plain,none,mixed,1 2 3 3 8 10 12 21 21
991W58fyiXI48oKn8DoyoM61TeI4,9,plain,none,mixed,1 1 3 7 7 9 13 17 23
991WHA0wAaOiD4nCWC1QeCQO64X8,9,plain,none,mixed,1 2 5 6 6 12 14 16 19
991WK1pzXZ72PvB855gnppIL0pf6,9,plain,none,mixed,1 2 5 6 7 9 9 10 32
991W36G95iQ4WeX8L4cGK73IPaWe,9,distinct,none,distinct,1 2 4 7 9 10 11 15 22
991W8b0eP94GucWH2nNaayQdbn4O,9,plain,none,mixed,1 3 4 6 6 11 13 14 23
991WK08733r2q1b2X8OD5OcYoYzK,9,plain,none,mixed,1 2 3 7 8 8 9 17 26
991WKP3X8YY8MBWK1Az92arHK72G,9,plain,none,mixed,1 2 2 8 8 12 12 17 19
991WGNBCnifHSg50GGf5WaWmO8w9,9,distinct,none,distinct,1 4 5 7 8 9 11 14 22
991WKA0W8IPBL0m9Wi98Y0u951Gf,9,plain,none,mixed,1 2 4 4 6 10 14 15 25
991W8XzG324jzuGW8oH2qxLvX4AG,9,plain,none,mixed,1 1 3 5 9 12 13 15 22
991WeC4XE4n51U8aHWNI810uAoY6,9,plain,none,mixed,1 1 2 5 9 10 13 18 22
991WH5Hm9ZGl30e68230j4n18nmG,9,plain,none,mixed,1 1 3 3 6 6 13 22 26
991WX8W5X6GSANG7OH4A5HhQH4KY,9,plain,none,mixed,1 2 4 8 9 9 12 15 21
991WegGK24WOXyX44LPEJYedX084,9,plain,none,mixed,3 4 6 7 8 9 9 14 21
991W31OugA0W8GS6A10GKh92G8A5,9,plain,none,mixed,2 2 3 3 4 4 14 20 29
991WA10442CB4WW8I4X8sBuoKb9M,9,plain,none,mixed,2 2 4 7 8 8 9 19 22
991W10mFlIP3X8I88XGOA1Y9D5Ge,9,plain,none,mixed,2 3 4 7 7 8 11 19 20
991WK68eGXOlAyqvKb4YYPZnvWW8,9,plain,none,mixed,1 4 4 6 7 8 12 15 24
991WEZGqC8R6Oec411eK8ZAnXHCG,9,plain,none,mixed,2 3 5 5 10 10 14 15 17
991WC2X8k2SZ4Yu58H5nBvcAaP64,9,plain,none,mixed,2 5 7 7 7 10 11 14 18
991W2Wy8XKLEgkWWD1460G6eH4gY,9,plain,none,mixed,1 3 3 6 6 7 11 13 31
991W1JdMPWe94WWBO41Gi5QIGaq8,9,plain,none,mixed,1 1 4 8 10 10 10 10 27
991WH2X8I1mKKX8G9YRGK5YG10K5,9,plain,none,mixed,1 2 4 6 6 7 14 20 21
991W5Gn78QAfa21W0X1nRkWafDmK,9,plain,none,mixed,1 2 3 7 7 12 13 17 19
991WK3c1iWW93NGH4K72SO9SMMc2,9,plain,none,mixed,1 3 5 7 7 8 9 10 31
991W0ofInKGaS2amO51EWESc8YAH,9,plain,none,mixed,1 1 3 6 8 14 14 15 19
991W0WDYfLroYWan4oLP51KC90hW,9,plain,none,mixed,1 3 3 8 8 9 11 13 25
991WGT3aYfSe50mGW3YOz3y9T4pK,9,distinct,none,distinct,1 4 5 6 7 9 11 18 20
991WXfAG7mvfr95998E8X5LWpYuG,9,plain,none,mixed,1 3 4 8 9 9 13 14 20
991WaA2IFgR61Qo14IOgqH4o4KL2,9,plain,none,mixed,1 1 8 9 9 9 10 16 18
991W1CLniIaZ8aKJOB0JKL18Yu86,9,plain,none,mixed,2 2 3 3 8 14 16 16 17
991W0mDQjASP9Y1WO4Wf74maAXH4,9,plain,none,mixed,1 1 2 6 10 11 14 17 19
991W6HcVp7mK4n5aG10fCOGCHIS0,9,plain,none,mixed,1 1 1 9 10 10 12 18 19
991Wr8G1CLuH8e84KHAQh0WGILuY,9,plain,none,mixed,2 2 3 5 6 7 10 21 25
991Wb8nXI8H9MZ91Y5X38QHQGaKe,9,plain,none,mixed,1 3 6 6 7 9 10 15 24
991W419eHyWHMfeM50zXGOprv1Ge,9,plain,none,mixed,1 4 5 7 7 10 12 13 22
991WX2gGe4WC9aD3ECZID5J8GeI6,9,plain,none,mixed,1 2 4 5 5 14 14 15 21
991W68g21C7D892099E7XOPAVfwI,9,plain,none,mixed,1 2 6 6 7 7 12 13 27
991W4PolQ13IuY8aaZW2L9W8gUH4,9,plain,none,mixed,1 4 5 5 7 8 14 18 19
991Wa54W858QL4sEICaKL0e4117I,9,plain,none,mixed,1 3 3 5 9 10 11 13 26
991W208O22WCqc52KbPHIYpev2Sa,9,plain,none,mixed,1 4 5 10 11 11 12 13 14
991W4Y0G45o4H6HDC3mgwGaO0821,9,plain,none,mixed,1 1 2 4 6 9 11 13 34
991WIcBaaA4XcAIY84mibhOoKH04,9,plain,none,mixed,1 5 5 7 7 8 14 15 19
991WXakYonCrW0G81jOcQdQ73AH4,9,plain,none,mixed,1 3 4 6 11 11 14 15 16
991W8u0c71KBfwGG5j7HD2qHNB8e,9,plain,none,mixed,1 1 4 5 11 11 13 16 19
991W1083IT2uWe541X4e93WqjLCY,9,plain,none,mixed,1 3 4 4 6 6 12 21 24
991W5AeJu10USi8CKg6KSiX5oIH4,9,plain,none,mixed,1 4 6 7 7 8 13 17 18
991WW4dHZ1uX32AKGB6Hd-v8PtpG,9,plain,none,mixed,1 3 4 6 10 11 11 17 18
991W144Kqe51QGeCYBXIL4H2u_CX,9,plain,none,mixed,1 3 3 7 7 10 12 16 22
991WYfHO3iWu38nDAd481AXaa20X,9,plain,none,mixed,1 3 3 4 5 10 17 19 19
991W0cDmK52nD4OI1GcgYCF3nWJ8,9,distinct,none,distinct,1 2 4 7 8 9 10 16 24
991WGKfoaSuideYu321ODKAGWhoC,9,plain,none,mixed,1 1 3 7 8 10 13 18 20
991W035QD6G4X2XOb9RlX5Ks8430,9,plain,none,mixed,1 1 3 6 9 9 15 15 22
991W5A8201Ggv1GmnGC5pbHOtJ4n,9,plain,none,mixed,1 3 4 6 7 7 11 12 30
991Wf2JN2P29EYOGiKKbOnmY8KKP,9,plain,none,mixed,1 4 5 8 8 9 9 15 22
991W8I7yXL8I9aGoG50hJJHK1H9Y,9,plain,none,mixed,1 2 6 7 7 10 10 16 22
991WG23aYX882J8G4630OtfCB1yP,9,plain,none,mixed,1 1 2 7 7 8 11 18 26
991WA2hQq24YAB5H8r0HK0Aaf2Wo,9,plain,none,mixed,1 2 2 4 8 11 14 15 24
991WHX4H8c8N2sYW20cIgOM62g8A,9,plain,none,mixed,2 3 3 4 10 10 15 15 19
991W8Y8J8i98g0n82XGLOmCA2Q71,9,plain,none,mixed,2 3 3 4 5 9 14 16 25
991WXddW81H8NrbeGg8ecLIS0eH1,9,plain,none,mixed,3 4 4 4 8 9 10 12 27
991W0CP0eyZc3L5WHAHoVtvYg5Hb,9,plain,none,mixed,2 3 4 6 9 13 13 15 16
991W5bfSj47XEKSaYBGh5YI2KX44,9,plain,none,mixed,1 4 6 8 8 9 10 12 23
991W8H0G8gY452SH5Ga9ecLzTKR4,9,distinct,none,distinct,1 2 5 6 9 10 14 16 18
991W411nQe5KOQ1WI5j0L3WO53HE,9,distinct,none,distinct,1 3 4 5 7 8 16 18 19
991WY56eK618YH54GkH9EUe20mF4,9,plain,none,mixed,1 3 5 5 8 8 8 13 30
991WSa8U10pHIb6W30b8oIvGA4v1,9,plain,none,mixed,1 1 4 6 9 11 12 17 20
991W4cw5908EYOgO572mu66fLK8a,9,plain,none,mixed,1 3 5 6 7 7 10 15 27
991WCGaHGS72a8GG4HWafCS71GaX,9,plain,none,mixed,1 1 3 4 5 12 13 14 28
991W22282eXY8oG4K3WyyV4fAXmQ,9,plain,none,mixed,1 3 6 6 7 12 15 15 16
991W1cNP5jcg99I0HZ28JcLn99ma,9,plain,none,mixed,1 2 4 5 11 11 12 12 23
991WGWcWHqUDRQ30O2w9xEmY2g9K,9,distinct,none,distinct,1 2 3 6 8 9 16 17 19
991WKM1ih0KBE2GG4I51bXLB2WQI,9,plain,none,mixed,1 1 3 7 8 8 8 22 23
991W8K8UGK94aX0GXOFdPo92Bl1G,9,plain,none,mixed,3 3 3 4 5 12 15 17 19
991W9oGKI9cKH8QI11eiR1Kj28eI,9,plain,none,mixed,1 3 4 7 11 12 14 14 15
991W009_P2HKw5XGIamGJcH58Q71,9,plain,none,mixed,1 3 3 5 8 10 14 18 19
991WCYWIGcGK2n4o61WmQOP2LeM4,9,plain,none,mixed,1 2 2 4 8 12 17 17 18
991W1GBYd4GM0uI85aHyF10Xhe84,9,plain,none,mixed,1 1 2 2 8 10 14 20 23
991WGrIenyF2OsaGGKKaGO7YagG9,9,plain,none,mixed,1 4 6 6 8 9 11 12 24
991WGbRmCGK65IWf86104fIMI0mZ,9,plain,none,mixed,1 1 5 5 6 10 10 17 26
991WacmC62SXMfH80u95bQGpYXG8,9,distinct,none,distinct,1 4 5 6 7 10 12 14 22
991WLKhAvFWaACCIGWa3CQWUgWg9,9,distinct,none,distinct,1 3 5 7 8 10 13 14 20
991WD2qec5G8c4e4AHyKD8fR0m30,9,plain,none,mixed,1 2 3 3 8 11 12 12 29
991W0cJdsPWaKL44IH64B34vj5GH,9,distinct,none,distinct,1 3 4 8 9 10 14 15 17
991WJ4M9Jcn4XCge06KI2mlWag51,9,plain,none,mixed,1 2 4 5 6 14 14 16 19
991WWG4IN24ZAYz3e20n95HXSbe4,9,distinct,none,distinct,1 2 4 5 9 10 15 16 19
991W28goyeA34nCKa5Ha5420WOc4,9,plain,none,mixed,3 3 3 4 5 9 11 14 29
991W4X4nca9AN1GX4Y8qLICP7A0X,9,plain,none,mixed,1 4 5 9 10 10 12 13 17
991W81buAO5c8XAA9JnOjfKaA238,9,plain,none,mixed,1 1 4 7 10 10 12 15 21
991W38w4WqWOI8H4f1SC30HISA2G,9,plain,none,mixed,2 2 4 5 6 7 12 19 24
991W8q8213XwaX04HaI850KHC9eQ,9,plain,none,mixed,1 1 2 4 5 8 14 17 29
991WYRbQR4ujt3080aHAjHKIC4X4,9,plain,none,mixed,2 3 8 9 9 9 10 15 16
991W2pib1bAX8U91CJubg70mO3iG,9,plain,none,mixed,3 4 5 7 8 8 10 12 24
991W2H-UavrO8f08OHeM58SsdaWW,9,distinct,none,distinct,1 5 6 7 8 9 12 15 18
991WOaqKIcG61mu8411e-FYASSWE,9,plain,none,mixed,1 4 4 6 8 10 10 14 24
991WK2OcIQatR9085GwwY8UgA8IW,9,plain,none,mixed,2 3 5 7 11 11 12 14 16
991W8U5gAkQ5h1G2Kf8gH4SH1Nmm,9,distinct,none,distinct,2 3 4 6 7 11 13 17 18
991W9AGG82ea9L0AmG42QWiJMr9K,9,plain,none,mixed,1 2 6 7 7 8 8 19 23
991WC4vG410k4B2W0W3WRyH8Z4X8,9,plain,none,mixed,1 1 2 2 4 8 18 19 26
991W9M1WeEKPE9T732-N6H0Qa984,9,plain,none,mixed,2 2 5 6 9 9 11 13 24
991W48TAnSJqDJPAe4G528df5hH2,9,plain,none,mixed,3 6 6 6 6 11 11 11 21
991W3WW8h3bMHINc424k310ea1q2,9,plain,none,mixed,1 1 2 3 10 13 14 18 19
991W3G6mba8Y9LL1L2G-KY6X52HW,9,plain,none,mixed,1 2 2 7 9 9 12 16 23
991WJh2JXqOb3I0Oa128HwSYX4mI,9,plain,none,mixed,1 1 3 4 6 12 17 17 20
991W8b4o4ppNunOm20B8DugIXTWo,9,plain,none,mixed,1 1 6 7 8 11 13 17 17
991WA1OQ9pHiQf2G2WW2i2haX18o,9,plain,none,mixed,1 2 5 6 9 12 12 15 19
991W2iAiWuA2ckuZI872egH1OX0X,9,plain,none,mixed,1 3 6 7 8 8 9 10 29
991W0D1IbfaU4q50c72IaZ0a659D,9,plain,none,mixed,1 2 4 5 7 9 15 19 19
991W80WNS18XeY7G92CIgT5HCLyu,9,plain,none,mixed,1 2 7 8 9 12 12 13 17
991WG84nIKGaHAH00CDlOM5HM5YO,9,plain,none,mixed,1 2 3 3 7 14 16 17 18
991W94O9g6b081iOK72i2Wf0W4Cu,9,plain,none,mixed,1 1 2 3 5 6 15 17 31
991W50aCRa30fJX810ed4f72L6IY,9,plain,none,mixed,2 3 4 5 6 6 10 21 24
991WWN4U4qH1c1ZO0eLKb5GmQ5Wa,9,plain,none,mixed,1 1 3 5 9 10 13 17 22
991WGebkIQGxn088J99K92ZLlrYa,9,plain,none,mixed,3 5 6 6 7 10 10 16 18
991We498Gh459H86b0oSaelhw1eC,9,plain,none,mixed,1 1 5 8 10 11 13 15 17
991W3Z1FdoOo9avI4213b-ePn110,9,plain,none,mixed,1 2 5 8 10 11 12 12 20
991WeQBY638r4XR912L5CGGrEes0,9,plain,none,mixed,1 1 4 5 10 11 14 16 19
991W0aYDmHL8COaMbESV6nQvo4aK,9,plain,none,mixed,4 4 6 6 7 8 9 13 24
991Wn84-Fs18ePG81C5T6qaTpfve,9,plain,none,mixed,1 1 4 7 10 11 12 17 18
991W61ZiT1J89IKEA6GSMI5C824a,9,plain,none,mixed,1 4 5 7 11 11 12 15 15
991W31JKZGA4bZc96K8Y8UHMB3e8,9,plain,none,mixed,1 3 3 7 7 12 12 13 23
991WIgcujETMKfIH28AGI14n1f19,9,plain,none,mixed,1 3 6 8 11 12 12 13 15
991W2aGx51WuAB1eWe50B4lm8C2W,9,distinct,none,distinct,1 2 3 4 6 8 10 22 25
991W2S3m41uOkmiIX2Qcn9CG21IH,9,distinct,none,distinct,1 2 3 4 7 11 15 16 22
991WOaWoGK0WOg8b30zfmA3WuIGL,9,plain,none,mixed,1 4 6 6 6 7 9 11 31
991WaP0AC90uI514I10KA6z5H2Ia,9,plain,none,mixed,1 1 2 10 11 12 13 15 16
991W106IeADzJH0MOXeG94f2oV0g,9,plain,none,mixed,1 1 2 6 6 14 15 17 19
991WGH2cDaQSAfH8S1-Mv1iHJWY8,9,plain,none,mixed,1 1 3 9 9 11 12 13 22
991WK9WGai6LOr19O8mK5ac8XBAZ,9,plain,none,mixed,1 3 5 6 6 9 13 14 24
991W4B0nuYB1eZc4KAkV8G810Iza,9,plain,none,mixed,1 3 5 6 6 7 7 10 36
991W1mZiLMHuY914O4L4D0kfKD1W,9,plain,none,mixed,1 1 5 5 7 11 12 19 20
991WI2uecEJ4422W8HI8CYIKn4H4,9,plain,none,mixed,1 1 2 6 7 12 15 17 20
991W2WLzCIzC2WM48I1C55IYDgeX,9,plain,none,mixed,1 4 5 5 6 9 10 16 25
991W46g49eLYoan4HdYqICYDrZma,9,plain,none,mixed,1 3 5 8 8 11 12 16 17
991W2aEGL7AS8YKWH6oSXCH8Vs6Y,9,plain,none,mixed,1 3 6 7 9 12 12 15 16
991WX8c5OmGucSB012GMEZBwagCL,9,plain,none,mixed,3 3 6 6 9 11 12 15 16
991W9AMa4X4iJ8e8AugC80W9gvXG,9,plain,none,mixed,1 4 4 5 5 7 13 16 26
991W109aU9cq4WaH11XO92Cur59O,9,plain,none,mixed,1 2 5 5 7 10 14 15 22
991WOgWagCYTE0W8OeuU2WJeX0GC,9,distinct,none,distinct,1 3 4 6 9 11 13 15 19
991WaIvI62uUbIq21u7XEkP1a2Ma,9,plain,none,mixed,1 1 4 4 7 9 15 17 23
991WW043bsLO2q2We14F5Yei54QC,9,plain,none,mixed,1 1 2 4 7 8 14 16 28
991WA2ec7myK722G4n8ICon288Ye,9,plain,none,mixed,1 2 6 6 7 12 13 14 20
991WGPsOK3JkOM4Q98Yne3cqP6qe,9,distinct,none,distinct,1 3 4 6 7 9 10 15 26
991W30d3mwro4Y12AKaK2mlJInY0,9,plain,none,mixed,1 2 2 5 7 8 15 16 25
991W1Ge82DGibXGG5XW811tHH8A2,9,plain,none,mixed,1 1 1 4 7 9 15 18 25
991W2LcNLrWyYWO21cICYCGIJHX8,9,plain,none,mixed,1 1 2 9 9 12 14 15 18
991WYWqqCb1mK2Gfa10MI483eP5G,9,plain,none,mixed,1 3 3 5 7 8 12 15 27
991W2SmaH0XIjZ9mKfHjA2HyYe41,9,distinct,none,distinct,1 4 5 6 7 10 12 16 20
991W41_7gZIO40K2H1XuIDQw4O0Z,9,plain,none,mixed,1 1 3 6 8 11 11 20 20
991W5Xq5ATCff9n14GuNEMgz6805,9,distinct,none,distinct,1 2 3 5 7 8 11 19 25
991WC2jOI33GXKHA20fqR92Xf6MZ,9,plain,none,mixed,2 2 6 6 7 7 8 15 28
991WoH4X9j-mIIem19GALfS98IeK,9,plain,none,mixed,1 3 6 6 8 8 14 16 19
991W3bWaP241MUuIYebyHuH1aX8G,9,plain,none,mixed,1 1 7 7 7 8 10 13 27
991W8odc2WkG4KK8BK4YWefZ8SaK,9,plain,none,mixed,1 1 6 7 8 8 9 16 25
991WY2WmE59p8uC2GSBU170G40a8,9,plain,none,mixed,1 1 3 4 5 11 14 19 23
991WLLPaL9T61GG821X494nDI9GA,9,plain,none,mixed,3 4 4 9 10 10 11 11 19
991W93aCfsNgYcA8A1i4PwSDrUWG,9,plain,none,mixed,3 5 5 6 9 10 11 16 16
991WCVWVOq1SB2IGQAbL98cZo9X8,9,plain,none,mixed,4 4 5 8 8 9 9 14 20
991W0OdFHTr9H48Xg509212ingL0,9,plain,none,mixed,2 2 4 5 8 10 10 18 22
991W1gHAKdCATHG8X4GQrEc5n1GA,9,plain,none,mixed,1 1 4 9 10 12 13 13 18
991W16er4aXO6QfAKr259bY0u19q,9,plain,none,mixed,1 1 5 7 9 11 12 13 22
991W10gGf0M4WhGYQ14H8c7XNvY8,9,plain,none,mixed,1 2 5 5 6 10 11 16 25
991WH1CJR4L4Q20c8YAqWY8KgIYG,9,plain,none,mixed,1 1 5 7 7 8 11 19 22
991WITIaI7GG1Wf5C91f4Sr-XOK4,9,plain,none,mixed,2 4 5 5 5 7 14 19 20
991W0WQqf48Xg5PDC5PS8a56rWq0,9,plain,none,mixed,1 1 3 4 7 10 15 20 20
991Wc20snIGgaGy24gIq9EPfGYmP,9,plain,none,mixed,1 2 4 8 8 9 16 16 17
991W8a-uZzjGY1We2bJGCKwGO4YW,9,plain,none,mixed,3 3 4 8 8 9 9 15 22
991W65jGC2iL-9YKWeGY39nHN8HG,9,distinct,none,distinct,1 2 4 7 8 11 15 16 17
991WGaGbNIB9T40O30Xr6oqKnbuI,9,plain,none,mixed,1 1 6 7 9 12 14 15 16
991W1EB58C12Wpo8o3UJOM9XuYfC,9,plain,none,mixed,1 3 5 7 8 8 10 12 27
991WH1ZaYcaI2WM88L2es1Jx6JSi,9,distinct,none,distinct,1 3 5 7 8 9 12 14 22
991WK5Hg65E4a9n241jgAkMMMIWm,9,plain,none,mixed,1 6 7 9 9 10 12 12 15
991WO5Ua8a5b9IbGAKaKoOYBOP59,9,plain,none,mixed,2 3 5 7 8 10 10 13 23
991WOPkN4Wui7B8I8e41ZbZIgY00,9,plain,none,mixed,3 3 4 6 6 8 9 17 25
991WOLQ8a10GOdXe460afc52WaJ4,9,plain,none,mixed,1 3 3 6 7 9 10 17 25
991WY8w8I5H20HmGX2GO60gPIeQ6,9,plain,none,mixed,1 1 2 5 8 9 16 17 22
991W62p4cWe20e5W4a5Xu52eA28X,9,plain,none,mixed,1 3 3 4 6 9 9 10 36
991W3AJ0y99II8qC0TgGuCH61HKM,9,plain,none,mixed,2 2 4 4 4 6 14 18 27
991W9nGKEYGWY7kG20yDfXOXEOe9,9,plain,none,mixed,1 4 5 7 7 8 13 17 19
991W114YqCaG41eQA20eIBcYek0u,9,plain,none,mixed,1 1 2 4 6 13 13 18 23
991WX3599WuE493808FYClMe932G,9,plain,none,mixed,1 3 4 4 6 9 10 19 25
991W8p4r211GCdYK10KABTJdfY10,9,plain,none,mixed,2 2 4 6 6 7 8 22 24
991W0G8goJ5Ac4Y46IyqJ5eb9AWG,9,plain,none,mixed,1 5 6 6 8 9 11 14 21
991WX0e5Oacaqfv4g2CS92N-b749,9,plain,none,mixed,1 5 7 8 9 10 10 14 17
991WLKdv5GeyUK0WH2GZIBAY7WOI,9,plain,none,mixed,2 4 5 7 7 8 15 16 17
991WGaJ4x88kxNmK4amP92OPb0G2,9,plain,none,mixed,3 3 6 7 8 10 13 15 16
991WWa91ea5CJ8b84BCq10G82df3,9,plain,none,mixed,1 2 4 6 9 9 10 10 30
991W5Mfau0ZGja8YAXY7iZpaHe00,9,distinct,none,distinct,1 2 4 7 8 9 11 12 27
991WWn28N50F98GaGQAAZMqvAAGe,9,plain,none,mixed,1 1 3 10 11 12 13 14 16
991W30I650iH2hXWPWK41ZsYKYmm,9,plain,none,mixed,1 1 3 5 8 9 10 15 29
991W0XuO5RgwJ5pG2HGG1B9Hf7H4,9,plain,none,mixed,1 2 4 6 8 12 12 13 23
991W4YsX7Ea5TdO9L2mnx5ceKTKa,9,plain,none,mixed,4 5 7 8 8 9 11 12 17
991WA8w88DXmWO30A9MO93Y8I8YE,9,plain,none,mixed,1 1 1 5 5 6 14 20 28
991W66GI1WS7ICYdG4A5n2Ibu8MG,9,plain,none,mixed,1 3 4 6 7 9 9 15 27
991W25u9W4Wk8216e91PL9IiPQZ8,9,plain,none,mixed,1 1 5 5 6 7 14 20 22
991WG158QElKKbWa11ZDv2b3Jb38,9,plain,none,mixed,1 1 6 7 8 12 13 16 17
991WK431ggIeg6Kf24AXWW8v8Z9H,9,plain,none,mixed,1 2 3 5 7 7 10 19 27
991WB2VUoK8HBbWu4a9fBq2KChn0,9,plain,none,mixed,1 1 5 6 8 11 13 18 18
991W2WJXe5AYMiB2GbmaN4B4HD2m,9,plain,none,mixed,2 2 6 7 9 10 12 14 19
991W2HW-DKD0KCZG4X0KL8CWK2Y8,9,plain,none,mixed,1 2 2 4 7 8 12 15 30
991W8D22sbd47XyI69HWu2mf955A,9,plain,none,mixed,2 3 3 5 7 8 11 19 23
991WHNKv8dAkWeM46118b2n81Y83,9,plain,none,mixed,1 3 4 5 8 11 11 17 21
991W0GHYHGE3M7YW61L4PcLcjk96,9,plain,none,mixed,2 5 5 6 8 8 11 18 18
991WY9Q98Kz3mqM498EGiF18ab05,9,plain,none,mixed,2 3 4 4 8 10 12 15 23
991WA0H6NL5Hf8p8mCMK4YQLO204,9,plain,none,mixed,1 1 3 8 9 11 12 15 21
991W5G50S1vIN8I4IKeI8fIA50X8,9,plain,none,mixed,1 2 2 5 6 11 11 13 30
991W3YWU8ectQC_0CYGY-9mboXKA,9,distinct,none,distinct,1 2 6 8 10 12 13 14 15
991W2EFIPgG4171KA9WAyPEJi420,9,plain,none,mixed,1 2 3 5 5 10 13 20 22
991W4Wif91W2FCIaGa5358fyR620,9,plain,none,mixed,2 2 3 3 5 9 15 20 22
991W2n2MSicGY4TWK2eJ8huYGP89,9,plain,none,mixed,1 1 4 7 11 11 13 15 18
991W54D2mfypKAW88okTaWeGY4IG,9,plain,none,mixed,1 4 7 7 7 8 9 19 19
991Wg2f4B2acL5R1087a10DhKfs4,9,plain,none,mixed,1 2 2 6 11 11 11 17 20
991WA4i30XChK8dCL5VGN4O82OKo,9,plain,none,mixed,1 4 4 5 5 6 13 16 27
991WP8goaxu3rS841AciL4gIZoWI,9,plain,none,mixed,1 5 6 8 8 9 10 15 19
991Wo4X8XkQ6oTe5WJG94H8r42SX,9,plain,none,mixed,1 1 9 9 9 10 13 14 15
991Wg0a5ISS4n5vKCgo0009n4mYG,9,plain,none,mixed,1 2 3 3 3 5 13 13 38
991W410eYlH2BX8ISafMA78cF20W,9,plain,none,mixed,1 1 6 7 9 10 13 14 20
991WXMiLA-E1bc08Wf99e-KKyWuA,9,plain,none,mixed,1 3 5 7 7 12 12 15 19
991Wmg2G44bApD0O906KL1S83eAQ,9,plain,none,mixed,1 1 2 3 6 11 12 16 29
991W1mG4U8vQm008D2eOA1mn2PKL,9,plain,none,mixed,1 1 4 4 4 7 13 20 27
991WJaKa5X4WK9Q80G94B1EI8P9A,9,plain,none,mixed,1 1 3 8 9 9 12 17 21
991W5149Uyhg7SK44mKY7cWYf90b,9,plain,none,mixed,1 2 5 7 10 12 13 13 18
991WGY1nmXOQ0QG8OLAoKIKfCwV1,9,distinct,none,distinct,2 3 4 6 7 9 11 15 24
991W99GqG1hSfSL6I86-s6Hm6WC4,9,plain,none,mixed,2 3 4 4 5 5 16 16 26
991Wa8HScA6_JA2L46u85ygo6Hq4,9,distinct,none,distinct,1 2 5 6 10 11 13 16 17
991WWW82GwUYS80aeJO25nKL32WW,9,plain,none,mixed,1 1 2 3 6 7 7 23 31
991W51XmS56YoV0e0GfD4adEJa9S,9,plain,none,mixed,1 3 3 3 4 7 19 19 22
991We211IfYYZP62193G71SfBnDq,9,plain,none,mixed,1 2 3 4 10 10 10 18 23
991W20eKmjcI92Ja42KiB5n4O9o4,9,plain,none,mixed,1 1 5 6 9 10 10 15 24
991W228DUd12ia922WmcokGKTEYe,9,plain,none,mixed,2 3 3 6 8 11 13 16 19
991WX3e-4L0K9AYI4f28hJ3JEPYe,9,plain,none,mixed,2 2 6 7 9 12 13 14 16
991Wg2Mfxwjf4R64GAgM8IJG8Gc4,9,plain,none,mixed,2 4 5 5 7 7 12 18 21
991W8HgqTpCg9c9O4712mOX5Kw28,9,distinct,none,distinct,1 3 7 8 10 11 12 13 16
991WG1CYMZLM2082B2oKx2GI5fd1,9,plain,none,mixed,1 2 2 3 7 12 16 19 19
991W98D22OnDLqGI4CYZewICbR98,9,distinct,none,distinct,1 3 4 8 9 10 11 15 20
991W2R0eabGR620eIBYW8-CeE1IO,9,distinct,none,distinct,1 2 4 7 8 9 14 17 19
991WOcgB2mmKR8XG94S2H4cci110,9,plain,none,mixed,1 4 5 5 6 6 13 20 21
991W83Z8f4ztbYqIGbGiMv8f8ZCa,9,plain,none,mixed,1 7 7 7 8 11 11 14 15
991W90hXKHacheY4948I-DZDGiY0,9,plain,none,mixed,1 3 3 5 12 12 14 14 17
991W8I6e5HaQI810fCV69Y9yJ4WW,9,distinct,none,distinct,2 3 4 5 7 11 12 14 23
991WWXPbYO-24YeIYAJ4fs9faKWG,9,plain,none,mixed,1 5 6 8 8 9 11 12 21
991WWKArUyKP1VM26F8PIXKjKkC4,9,distinct,none,distinct,1 4 6 7 8 10 11 16 18
991W473842bJXAN1S3IPIduE2GKI,9,plain,none,mixed,1 2 8 8 9 10 10 10 23
991W21XEWqY8nOC4Gtf4HCGmLoGL,9,plain,none,mixed,1 1 2 6 7 9 12 18 25
991W8J0bcbAXOb9O23mYY69p4ox2,9,plain,none,mixed,1 4 6 7 8 12 12 14 17
991WH5B1GWeoC8gCG29IM9w6Xs92,9,plain,none,mixed,3 5 5 5 6 10 12 16 19
991W110Q8H9IqT6H71aKDA30G7HW,9,distinct,none,distinct,2 3 4 6 7 8 9 17 25
991W5XyeK4YqGiZ11WWiHBmFHm70,9,plain,none,mixed,1 2 2 2 6 9 14 16 29
991W628a7D8U6MWe2H4AgfWiK8I2,9,plain,none,mixed,1 1 4 6 11 12 13 16 17
991WAD2WI3IOIqOWf0pzTQ4R0GG6,9,plain,none,mixed,1 2 4 4 7 9 12 13 29
991WZAIKav2Gu0mM8494niD2814X,9,plain,none,mixed,2 3 3 4 6 10 13 14 26
991WA0R4RI4O4YJ28K0HggoSJuYW,9,plain,none,mixed,1 1 2 5 11 13 14 16 18
991WWO3uBj8eHtGI631TCaWK8oog,9,plain,none,mixed,1 1 4 6 7 13 13 14 22
991W0c94s_fIggDW22MGJ6HgIYCH,9,plain,none,mixed,1 7 8 8 8 8 12 12 17
991W8E26oPaYvP552ALI6XiZH2me,9,plain,none,mixed,1 2 5 8 8 8 12 14 23
991W9X2821CeI8ePOWC5YLWIaWaO,9,plain,none,mixed,1 1 1 5 5 10 14 19 25
991WIXGaDzZm461Z1XA4sYYme14W,9,plain,none,mixed,1 2 3 4 9 9 9 17 27
991W231JYWuXZ8n1D251ZQqK3LKu,9,plain,none,mixed,1 3 4 8 8 8 10 16 23
991W1miI4uI8GK4K31GH4L7TH5GX,9,plain,none,mixed,1 2 2 3 5 8 16 20 24
991WH5nKoU5X564280Y7bx5X9oOX,9,plain,none,mixed,1 3 5 7 8 9 9 17 22
991Wi2H2Gv0G83eea1X83f6IKX4n,9,plain,none,mixed,1 1 3 6 9 11 14 17 19
991WHIEzp0849Eo4GHAX9aOLs40W,9,plain,none,mixed,1 3 3 4 8 8 11 19 24
991W4H08qDSoYKHS2YOU4cy84WwG,9,plain,none,mixed,1 1 4 6 7 10 14 17 21
991W38n9r_GeA1J0e4aH1onAeP71,9,plain,none,mixed,1 2 3 5 11 11 14 17 17
991W5H8AC8H6IqS08pim4F2sAO45,9,plain,none,mixed,2 2 2 4 7 8 14 17 25
991W4I6pWmyP6IOYKI4XeaXIIGg0,9,plain,none,mixed,1 2 3 8 9 9 10 13 26
991W1eehJ4manw14r1CiGqEB9294,9,plain,none,mixed,1 4 5 6 7 11 11 15 21
991W59I9bwJkq1eRa08857GQPbW9,9,plain,none,mixed,1 3 4 5 10 13 13 14 18
991W1ORaxEG89A0WWmf230myWi92,9,plain,none,mixed,1 1 2 3 5 15 15 17 22
991WGA0Wh1LC5XIAMQYa51aa4nGC,9,plain,none,mixed,1 3 4 6 6 7 14 15 25
991W3LfiYewg8e6252gAv2G8y0k8,9,plain,none,mixed,1 2 7 7 7 11 13 13 20
991W8IGWwUWPA0Y88GWe7X8WuE1S,9,plain,none,mixed,1 1 2 4 5 11 17 18 22
991WGLoSKc8aamXe2coLW9OqdAAa,9,plain,none,mixed,1 1 5 8 8 9 11 12 26
991WJ8W26YKIH3YWK94N7Y5It8YO,9,plain,none,mixed,1 2 3 3 11 12 13 16 20
991W30b2edfDZQL881LfIb89ZDGP,9,plain,none,mixed,3 4 8 8 8 9 10 15 16
991W107qEF0G20KAC4Xm25HZukCX,9,distinct,none,distinct,1 2 3 4 5 7 18 19 22
991WWeAIFJWn91G8W20W1cDRR2mO,9,distinct,none,distinct,1 2 4 6 7 9 11 18 23
991W20ySKE3gj8Wd40KfCaGlY4sC,9,plain,none,mixed,1 2 3 7 7 11 12 18 20
991WBHe2KOCxkiH48JmkebWIaYY4,9,plain,none,mixed,1 3 5 8 9 9 10 14 22
991WAgY4CK5OKb4HY2WnKMXa9AA9,9,plain,none,mixed,1 2 4 7 10 11 11 12 23
991W91GP4ccgq1a810eKY3r6HdeZ,9,plain,none,mixed,1 4 6 7 7 11 11 14 20
991W50mEgLiZu60GAZmb6OWmK2G8,9,distinct,none,distinct,2 3 4 6 7 8 10 17 24
991W4I8YO0JA4Q19AYKOYus9cJMo,9,plain,none,mixed,1 3 3 6 8 11 13 13 23
991W211TkwaYGacXI64c4vDeA198,9,plain,none,mixed,1 3 4 5 11 12 12 14 19
991W32GpZ8OcHcOmaAYjGcFJ8L0m,9,plain,none,mixed,1 4 7 8 8 11 11 13 18
991W6HWex1aSY30K8HSdL0Sr20YG,9,plain,none,mixed,1 1 2 8 9 12 14 16 18
991W8MHpEIei7134826055LZgD2G,9,plain,none,mixed,1 1 4 7 8 9 10 17 24
991WXaa540Y4agQPHCeA2JxlHC4W,9,plain,none,mixed,3 3 4 4 5 7 12 19 24
991WGYY2iB3SHZ8J94ZA8IRgu2Ka,9,plain,none,mixed,1 3 5 6 8 10 10 17 21
991WC20k9Ime1xMW1WG4ma4zGYGn,9,plain,none,mixed,1 1 1 2 10 13 14 18 21
991W0WHeuaI2NOVJ42vLLL9qkGO0,9,plain,none,mixed,2 2 2 6 8 12 14 16 19
991W0WG9AYf9Sa602GaC8YHqz4eb,9,plain,none,mixed,1 2 6 6 8 8 8 18 24
991WISWW8D1bP69Ga4WGMKa93mo8,9,distinct,none,distinct,1 2 3 7 9 10 11 14 24
991W1C4lY2BMqGO2IB9uM5ewrRCL,9,plain,none,mixed,2 3 5 6 10 10 11 15 19
991W28XeI1IXMXfAg6GtMqGH2Gm8,9,distinct,none,distinct,2 3 5 7 8 9 10 18 19
991WGKAY40k8UO60AaH2938qDCnJ,9,plain,none,mixed,1 2 3 5 8 8 15 17 22
991W2OWB40XYH6H9o0WE2JaeBK6W,9,plain,none,mixed,1 1 1 4 8 10 14 19 23
991WG3qmo8eW1H42B1IaBAzNaOdC,9,plain,none,mixed,1 2 4 9 10 10 14 14 17
991WXOG4330mu9WYKHGI2HSb5HIK,9,plain,none,mixed,1 1 2 4 9 11 11 20 22
991WGo9qGS48-WO44Wp29a9ERIY8,9,plain,none,mixed,1 1 3 8 10 10 11 13 24
991W8aeL0X89EM4Hih9nzSe8Q2X1,9,plain,none,mixed,1 6 6 6 6 8 14 16 18
991W4HMwGaY9YWeZOcX08O7oCaK8,9,plain,none,mixed,1 1 6 6 6 8 9 15 29
991W2LY86CGS4686C5YJa6eM2mY8,9,plain,none,mixed,1 1 1 1 9 10 13 18 27
991W61YrW-0i5H2G8KXGB8n88X9K,9,plain,none,mixed,1 1 2 2 10 11 14 17 23
991W6XeMA5G7y81W5H8DEWHqQ2Ge,9,plain,none,mixed,1 1 2 4 6 8 17 18 24
991WY08u8kSyiy84b0aII2RgzmWM,9,plain,none,mixed,1 1 4 8 9 11 13 15 19
991We4YUPEGS6O4H4kaHgS8eL7Hm,9,plain,none,mixed,2 4 5 7 9 9 9 11 25
991W1WJas2mWWwEYGHP6E2WmY0m9,9,plain,none,mixed,1 1 3 4 4 13 15 17 23
991W0mC5bIfBZPAI8XOQ6YWoH1f0,9,plain,none,mixed,2 2 4 6 7 10 11 16 23
991W60vBfGKzH4g4GdCKAAHBfWL5,9,plain,none,mixed,1 3 4 5 5 14 14 14 21
991W91yHaY3GSHG952mYl461Gh8L,9,plain,none,mixed,1 1 4 7 8 10 12 12 26
991W0HoWCKW8VX4NL3GwR9n2XO8m,9,plain,none,mixed,1 1 4 4 8 9 11 15 28
991WWWWuXMg3A110f3mrIogqb1Wa,9,plain,none,mixed,1 4 4 8 9 11 12 15 17
991WCe9HE2WI2YK1ab8ocMLFJ48Y,9,plain,none,mixed,1 2 5 6 6 15 15 15 16
991WH5922KkRJYf141ndPAY3XN54,9,plain,none,mixed,3 5 5 6 7 10 12 16 17
991WmD1HXH5i1Wu8L2I8X3msAInC,9,plain,none,mixed,2 3 5 5 7 9 16 17 17
991WKLXOQ8IvAYqH110mAIIPWeOA,9,plain,none,mixed,1 2 3 6 6 10 11 20 22
991W4HpWa4YKEcHK45mcOPj5ZeY8,9,plain,none,mixed,1 2 3 5 10 11 11 16 22
991W60W2rTFY58WmA2S73g5YT10e,9,plain,none,mixed,1 2 2 3 9 12 15 16 21
991W16AafiN2mImBaCAQAIaguHq2,9,distinct,none,distinct,1 3 4 7 8 11 13 14 20
991WeQ8IIGHqCYW8L1GeQGCo9gAI,9,distinct,none,distinct,1 2 4 5 8 10 11 12 28
991WIBt1GGsb9ql42QHMc5XJX84I,9,plain,none,mixed,1 3 7 7 7 8 13 14 21
991WWA6jgaYad8oH0PY851DCOL6m,9,plain,none,mixed,1 2 4 6 9 12 13 17 17
991WGeDSN1DLJ0GGCl98I1L3N4IG,9,plain,none,mixed,2 3 5 8 10 12 13 13 15
991WJ9A6ac9Bp5mZ198H6UfXX4L8,9,distinct,none,distinct,1 5 6 7 9 10 13 14 16
991W94T1n0qH40WeCH6H41e8QAWq,9,distinct,none,distinct,1 2 3 5 6 8 17 19 20
991W6YmXALWmGToK0W4Sr4eXuc8K,9,plain,none,mixed,2 3 3 3 7 7 11 21 24
991W58Y8Z28O4gn4WHCI6PUf6WmC,9,plain,none,mixed,2 2 6 6 8 8 16 16 17
991W5i9GBo0WA4N8GO0Y5FJJOL5Y,9,distinct,none,distinct,1 2 4 5 7 9 15 18 20
991W0WGdc72KB12G8HmCTbHYg6X8,9,plain,none,mixed,1 1 4 4 6 13 14 18 20
991WCOX2mfATZH894k2G49TOKWk8,9,plain,none,mixed,1 3 5 7 8 8 14 15 20
991W410CCBmY4yGYAJ8p5cXGAoOY,9,plain,none,mixed,1 4 4 5 10 13 13 14 17
991WX24Yz66qk8814QY8CXWUijDA,9,plain,none,mixed,1 3 4 6 6 10 14 16 21
991W8Q8Kn1MAupGWMAAqSWaDLfo2,9,plain,none,mixed,1 4 4 7 9 11 12 16 17
991W6ImI6r2AEYGA51m4nIjOsz1W,9,plain,none,mixed,3 3 4 4 8 10 11 16 22
991W2HX5HAJXILV11HH8L9THAYd0,9,plain,none,mixed,1 1 5 9 11 12 13 14 15
991W1GI5lLCO4420IHaI8XWaL4oK,9,plain,none,mixed,1 1 4 5 7 9 13 20 21
991WG4Bg515nSI95mA0hGc0WCPE4,9,plain,none,mixed,2 2 2 3 4 9 15 22 22
991W59HwTCXwPGmIa4WII7KQRG06,9,plain,none,mixed,1 1 4 6 8 8 9 20 24
991W2Bc0G5355KP8ZAYMLeX9IKg8,9,plain,none,mixed,1 5 6 6 7 8 9 15 24
991W11ZWQ4GOGab4860SREYV1mC2,9,plain,none,mixed,1 1 3 4 6 13 13 14 26
991W2ma8vMaI1C8W72ya3GdvpqWW,9,distinct,none,distinct,1 2 3 4 6 11 15 18 21
991Wa8Gqjb9ZehfCA5rGIPAH8GG8,9,distinct,none,distinct,1 3 6 7 8 12 13 15 16
991W2267We9QEIYWGKXCoiX18MM3,9,plain,none,mixed,1 1 3 8 9 10 10 13 26
991W4H1W4YzGs4X2I4uYUYmnAGYG,9,plain,none,mixed,1 1 6 7 9 9 13 17 18
991W4H0X8Z4af8nAGaL4KWe92JZ0,9,plain,none,mixed,1 2 3 8 8 9 13 15 22
991We4YhKraYTLOW7Fn3gOmqCKv2,9,plain,none,mixed,2 6 6 7 10 11 12 12 15
991W6aecYeY1WJ8YC2BYWW7vcGe8,9,plain,none,mixed,1 2 5 5 6 9 9 12 32
991WC1mABLFJGcSG10mLfdEZK2KY,9,plain,none,mixed,1 1 6 6 7 11 11 18 20
991W618aHTHhp8005GeaJ1IQp0Gu,9,plain,none,mixed,1 2 3 4 4 14 14 15 24
991W0m2H4bcH7j1G9KfHKGeK4hH4,9,distinct,none,distinct,1 2 3 5 9 10 12 13 26
991Wa0M95mGuHEGMmY4cAPJy4I2G,9,plain,none,mixed,1 1 3 6 10 11 15 16 18
991W81WPqY4SE22W8XCZl88eB3nC,9,plain,none,mixed,2 3 4 4 12 12 13 13 18
991W4WxsHYA4aNiIGYfP8iM66a15,9,distinct,none,distinct,2 4 5 6 7 8 11 17 21
991W8n0GQEXuX1U82XKXfIu70e42,9,plain,none,mixed,1 1 4 5 6 6 13 14 31
991W1SBiGwGO5mG8E8WuI48lz98a,9,plain,none,mixed,1 2 6 7 9 9 13 15 19
991WYOegCsnscPc014HK62aK2DHX,9,plain,none,mixed,2 3 3 3 5 11 12 20 22
991W0WMUg51HYnWWGZGWCLSaXEOe,9,plain,none,mixed,1 1 3 5 7 14 16 17 17
991WHd_qoD14KXAIGGY28hnC86Ia,9,plain,none,mixed,1 3 6 6 7 7 13 14 24
991WSXeb8aA1SUeS0WsKHO908NeI,9,plain,none,mixed,1 4 4 5 7 7 7 19 27
991W0mB2f50K9B00ILeo5HeQ8YAY,9,distinct,none,distinct,1 3 4 5 6 10 14 16 22
991Wn4I8CypV6GaM4EGu62DH13a2,9,plain,none,mixed,1 1 2 3 9 10 13 17 25
991W4vJ214Bk5qQAY2LQLXGP-8G2,9,plain,none,mixed,1 5 5 7 8 9 11 14 21
991WQ6zGg0WLlAH28HGrH2v2oOX4,9,plain,none,mixed,1 1 6 6 8 9 10 18 22
991WAEcG2E1I9PR6A99F6NO610hC,9,plain,none,mixed,1 5 6 6 6 8 9 15 25
991WGO5oYIeoY5Ca1FPNOYyJ4dK6,9,plain,none,mixed,1 5 6 7 9 10 12 12 19
991W0mGKA6Y5ITH46XK8C5DjYWg8,9,plain,none,mixed,1 3 4 4 7 8 15 18 21
991WQ2JOX492GoQ4456hQ0Ze6meC,9,plain,none,mixed,1 1 3 6 9 10 16 17 18
991W14PkG02FrGW261BanCQfYoOg,9,distinct,none,distinct,1 2 3 5 7 9 12 16 26
991W10X4tMi9IYhAKM0F53JO21GW,9,plain,none,mixed,1 1 3 8 9 10 14 16 19
991WXP4oGLSrTfc996Th0R2oA7OW,9,plain,none,mixed,4 4 5 7 8 9 10 11 23
991W136IfcIvkacHKbb2ecbWoDuK,9,plain,none,mixed,2 4 4 8 8 8 13 14 20
991W4a5Eo60hXKOMA1wDaH1CBiX2,9,plain,none,mixed,2 2 3 3 7 9 10 17 28
991WX0R7psk0XJGea4eA6XaXb0n2,9,plain,none,mixed,1 2 3 3 8 9 12 21 22
991WGW8864J2218Jc9GG439MJa50,9,plain,none,mixed,1 1 2 3 4 6 20 21 23
991W41Xz11egw9C4CJHIE8ivM4Sa,9,plain,none,mixed,1 2 9 10 10 11 11 13 14
991W2HQeyZ9Sx2GKH38OLQZ2IA0W,9,plain,none,mixed,1 4 5 8 8 12 12 15 16
991WX7Xe2maSTNc28A6aGOYV4I4C,9,plain,none,mixed,1 2 4 5 6 12 12 15 24
991WKImbKJ4lL4gC826KQEwe2mJ0,9,plain,none,mixed,1 4 4 6 11 11 13 13 18
991W80YabWj7HCCXOb5Pk9XO8WKI,9,distinct,none,distinct,1 2 4 5 10 11 13 17 18
991WY55GQ2GZoW818gGI9gOI6XNO,9,distinct,none,distinct,1 4 5 6 9 11 12 16 17
991W7YWa2PGYujCW5GWDfpnC_752,9,distinct,none,distinct,1 2 3 7 9 11 12 14 22
991W4WAuSN6993cYmQoCmYb6HWSm,9,plain,none,mixed,1 1 4 8 8 11 14 15 19
991W9XGiOcu92hM48I8AmK8shGS8,9,plain,none,mixed,1 1 4 6 7 9 12 16 25
991WJ5856UbA8K60215ELEHeY4mb,9,plain,none,mixed,2 4 5 6 6 9 12 16 21
991WA1GdaA0GA6H280WB_2IYGo9Y,9,plain,none,mixed,1 1 5 7 8 10 13 15 21
991WI2IapcH41085H1IWU7Z8AnaO,9,plain,none,mixed,2 4 6 6 7 8 9 12 27
991WU1WM5vio0W8350oC24mKH0aW,9,plain,none,mixed,1 1 2 4 7 9 17 18 22
991WXHiL4x3lsMg1Wf6OXrcQzWaI,9,plain,none,mixed,1 4 6 7 7 8 13 14 21
991WO46nKqjr70WCG62aI18D2YA6,9,plain,none,mixed,1 1 4 5 7 8 10 22 23
991WH1ZaQGufHaK9CL6Kw2Zj50eq,9,plain,none,mixed,1 3 6 8 8 9 14 15 17
991W4moItDgRL4W2GIKA2iWdyOK9,9,plain,none,mixed,1 2 7 8 9 12 13 13 16
991WGOBP7buS0c8a2gfJK0HmLQX8,9,plain,none,mixed,1 1 5 5 7 11 12 17 22
991W62sACbCiF2GG471uWwr3YF0e,9,plain,none,mixed,1 3 4 8 11 12 12 15 15
991W2aYAB12W6594A6IddvIIeq10,9,plain,none,mixed,2 2 8 8 9 9 9 9 25
991W52Go-1IH21WX720GeLPnQGa5,9,plain,none,mixed,1 1 4 6 6 12 14 16 21
991W0Oqh85YQH4M2Z4bKD3I8JoA1,9,plain,none,mixed,1 1 2 4 9 10 16 17 21
991WKfOi2mXOEema2yX48saGibHa,9,plain,none,mixed,1 4 5 7 8 8 14 15 19
991W4P462WaetX8Cn0863abo5L28,9,plain,none,mixed,1 1 2 6 8 10 11 15 27
991WKPAKI45r90eJ0A0i9YiuLfGH,9,plain,none,mixed,1 1 8 8 9 10 10 12 22
991WIaf0GA06D3Y3614H30bBHOY9,9,plain,none,mixed,1 1 2 4 8 8 10 18 29
991WIL8XmT04QCsO80fbGvgTaj8H,9,plain,none,mixed,3 4 5 5 5 6 9 14 30
991WGK997eWG86YG6WDXPbie6EY8,9,plain,none,mixed,1 1 3 4 5 10 15 20 22
991WEI4X9ggA71m550mC38aK9I40,9,plain,none,mixed,1 2 2 5 6 14 16 16 19
991W5X4926YQwCma614C5riEZ80W,9,plain,none,mixed,1 2 3 4 4 9 10 19 29
991WP50dH2WUbP8Y30bvWSZSGYv8,9,plain,none,mixed,1 3 5 7 9 10 12 12 22
991WGeHfBGe5dV8nDF5IG4Ggq5j2,9,plain,none,mixed,3 4 5 5 6 6 15 15 22
991WDHKB2ors4a742GW6abWGHHy4,9,plain,none,mixed,1 1 6 6 7 11 12 16 21
991WBIL491f2XgA8921i7mUU2X5H,9,plain,none,mixed,1 2 3 8 8 8 12 19 20
991W16YNb46UVav9G5oKKaY5M3bW,9,distinct,none,distinct,1 2 6 7 9 10 11 12 23
991WO1f4FgxG81GX4WRkvnZWYsDY,9,plain,none,mixed,1 4 5 5 7 7 14 14 24
991WGbabFI71moKn8YXgKA5HGiG1,9,plain,none,mixed,1 6 7 7 8 8 9 10 25
991W21Gw8gnKY4IAaOwDnIdsSI0W,9,plain,none,mixed,1 2 8 9 9 10 12 13 17
991W10GT8Qhgv28X218QC50aXfN4,9,plain,none,mixed,2 3 4 6 6 8 15 16 21
991Wb1AuaLTEJKaG4S7Gy0bYy2GB,9,plain,none,mixed,1 1 3 7 11 12 13 15 18
991WAeQ0iAYO5XmO592GE1A4HGC3,9,plain,none,mixed,1 2 2 3 4 6 10 17 36
991W8gn2GHb2X2SeIO_Rc919Zcb2,9,plain,none,mixed,3 4 5 6 6 10 10 16 21
991W2HOCj4brWmN20ZKe5EoKNvWH,9,plain,none,mixed,1 4 4 5 7 9 11 19 21
991WICp921cImYFOWYaE3H29IKen,9,distinct,none,distinct,1 4 5 6 8 10 11 14 22
991W0Gsh24nS2fQcCb149IgQH220,9,plain,none,mixed,1 1 2 5 5 12 15 19 21
991W0YCIJ6oek551WeYpTH8e8812,9,plain,none,mixed,2 2 3 3 5 9 13 17 27
991W50msecIWaQ9eQ5b09k0XMGeE,9,plain,none,mixed,1 3 5 5 6 10 13 14 24
991W50mI1PTVQ46140a61F1wHZ8K,9,plain,none,mixed,1 2 3 7 8 9 9 18 24
991W1Y8P9DGPzNf8Wfo4SKWck7iH,9,plain,none,mixed,1 1 5 7 8 9 13 17 20
991WK8MHeeeIfmu83f8IDFZY9IA4,9,distinct,none,distinct,1 2 6 8 9 10 11 12 22
991W9AGG10QuL4kHHekCG2iiIb5I,9,plain,none,mixed,2 3 4 4 6 9 10 15 28
991W3C30GOEn5GeiAPM5Y8g83nGY,9,plain,none,mixed,1 3 4 5 7 7 10 13 31
991WK5DEK8HqvFun11b8I3PL8eF2,9,distinct,none,distinct,1 3 4 6 7 8 13 18 21
991WH48u0WDz8OSb0WDF96XawZ4W,9,plain,none,mixed,1 1 3 4 7 9 10 18 28
991W63Ye35GgQ0q1qB2kIX8f2WO5,9,plain,none,mixed,1 1 5 5 7 8 12 20 22
991WX0ZIIOg0410Jq3H4H6BAIZCI,9,plain,none,mixed,1 1 3 8 9 10 11 14 24
991WGIB1n2mHCJi4D4JK6H89CV8P,9,distinct,none,distinct,1 3 4 6 7 11 13 15 21
991WALLJc0W493c85II41PQiOc81,9,plain,none,mixed,1 1 5 6 8 11 11 18 20
991WOfbScN82WlWX1F4AaacQ-l0H,9,plain,none,mixed,1 5 5 6 7 7 10 16 24
991W0uDAqKahDV0ueL8903L8Jc8W,9,plain,none,mixed,1 2 4 4 4 11 12 17 26
991WXLG76TH2J4j849XCJAIIFb62,9,plain,none,mixed,1 1 7 7 9 9 9 17 21
991W64I2GqCRb22WH6EBYWAEI1Ga,9,plain,none,mixed,2 2 3 5 6 10 12 17 24
991W6IKBpHH6X8I88HGew72HQ2GK,9,plain,none,mixed,1 4 6 7 7 11 12 13 20
991W93LAPeGc6CaG1nnV8-I5TKcA,9,plain,none,mixed,1 1 5 8 9 9 10 14 24
991W1H7TqWK98rMj4K0J5hNS9Z0W,9,plain,none,mixed,1 3 4 7 7 9 14 16 20
991W0eGaPIQXaPCqs55X30W8eJeH,9,plain,none,mixed,1 4 5 5 6 9 13 17 21
991WA1SN5MvoSf4H4n02a3YmA98G,9,distinct,none,distinct,1 2 5 6 8 9 15 17 18
991W419HOebHKd6YG5ao8OYGa7TW,9,plain,none,mixed,1 1 3 7 9 10 12 18 20
991W61mWe20GzIW0DHCLIWR5GqD5,9,plain,none,mixed,1 1 5 7 7 9 11 13 27
991WX0H24Y8gjnKIn48YE1qHL1CK,9,plain,none,mixed,1 4 5 6 10 10 12 14 19
991W50e8E8r1sEY48Jmn8fJDL9IG,9,distinct,none,distinct,1 2 5 8 10 11 13 15 16
991WHNGS8ko3nD1G0Hn8i58gdAGe,9,distinct,none,distinct,1 2 4 6 8 13 14 16 17
991W0maIFhDYY8b270a58McSh4aI,9,distinct,none,distinct,1 3 4 5 7 8 15 16 22
991WX4M4GXGGO5EW8E6KbvYOS4E0,9,plain,none,mixed,1 2 4 5 5 5 14 15 30
991WI298S1nTi1088YJy6YNGn0GC,9,plain,none,mixed,1 1 3 7 9 11 11 16 22
991W2PGcIfoaf4HCo18YQB09iC10,9,plain,none,mixed,1 1 5 6 10 11 14 14 19
991W0aH6BvQDwEGW8Z6KeRcdn3m4,9,plain,none,mixed,1 4 5 6 11 11 13 14 16
991WD1CWEvAG2kA45083qYOGaMoS,9,plain,none,mixed,1 1 2 3 4 7 16 21 26
991W8H4APcqib38K8YGCi_QYYzW0,9,plain,none,mixed,1 5 5 7 8 9 14 14 18
991W1qWK42Omv8YXWeH2MJNt2PaO,9,plain,none,mixed,1 2 2 5 11 11 15 16 18
991WH2K20f8I8H49MKd93n0HqUKW,9,distinct,none,distinct,1 2 3 5 6 9 11 20 24
991WK6HGgUE5J1H803IhI-ZV70Ge,9,distinct,none,distinct,1 2 3 5 9 11 14 17 19
991WYCKGaa9YA8GYA7kdgDZUNM2W,9,plain,none,mixed,3 5 6 9 9 9 10 15 15
991W815cZ0m4C10CL6H4fcLDG23W,9,plain,none,mixed,1 1 1 3 12 12 12 16 23
991W52OSaeQ69iafeuI7mZ9Gea90,9,plain,none,mixed,1 4 5 5 6 7 10 14 29
991W16KgbMKfMJ74GdEk4IHg8sEW,9,plain,none,mixed,1 3 7 8 10 10 12 13 17
991W00a86UdN15nK4XO862w5Y8JW,9,plain,none,mixed,1 2 3 3 4 13 15 16 24
991WI7HJeYW9W24A83PMhOsGK44k,9,distinct,none,distinct,1 3 4 5 6 8 11 18 25
991W4oCYWK0jx0WOCZGgY0a226WK,9,plain,none,mixed,1 1 2 5 7 10 13 14 28
991WD08D3XFK558m20mBYXX8acbH,9,plain,none,mixed,1 1 3 4 5 12 12 14 29
991WCYegszja4Ws82I04B8g1Zo4A,9,distinct,none,distinct,1 3 5 7 8 9 15 16 17
991W8jm61R9-4WqHK8X4q9jLoZ81,9,plain,none,mixed,1 5 6 6 6 7 15 17 18
991WmWG44WTWIqfaAAWaAJayfGmM,9,plain,none,mixed,1 1 6 7 8 11 11 18 18
991WYNONzIgKIb9H89neY1wGFCCI,9,plain,none,mixed,3 5 5 10 10 11 12 12 13
991WWI96d9Of4I44A8Ze9nqbJBmn,9,plain,none,mixed,2 5 5 5 6 12 14 16 16
991W0XNhGrH998IGGI9EAF6TLCHO,9,plain,none,mixed,1 2 3 8 11 12 12 16 16
991Wajg2CKI6aYa58aYGerMNbZWA,9,plain,none,mixed,2 3 4 4 5 9 11 21 22
991W6HWGX8goshM40IWk8Mms11AH,9,plain,none,mixed,1 1 2 7 7 13 13 17 20
991WH58ePKg44A1G9YbW4zJyQBY8,9,distinct,none,distinct,3 4 5 6 7 9 11 17 19
991WA51DBX0fxs2WWeMY6DX2529A,9,plain,none,mixed,2 3 3 4 9 12 15 16 17
991WY10aY6aN52H0o7XXEl1e3GaL,9,plain,none,mixed,1 1 2 6 7 11 16 18 19
991W72SW21DJJ4722GW4fBG2HfDK,9,plain,none,mixed,1 1 2 5 7 8 14 21 22
991WI8I4Ims832GNMBG41mQq62aW,9,plain,none,mixed,1 3 3 3 6 12 13 15 25
991W8uK8EDXOKg1GM8kG8o96XWH4,9,distinct,none,distinct,1 2 4 6 7 11 13 18 19
991W8M9Yf9aH4g4aYg4XKrb1S9O1,9,distinct,none,distinct,1 3 4 5 6 9 13 15 25
991W32GKMgoqIyjA1XKay8oWD0G1,9,plain,none,mixed,1 3 3 4 6 11 16 18 19
991W824IYBKK8InmA10HJ34oBq-H,9,plain,none,mixed,1 2 6 8 9 12 14 14 15
991W0cXegHQNb0846Z2GG5AIXnma,9,plain,none,mixed,1 2 4 4 6 8 14 15 27
991WGaKGrAnm20WB92nOL1m8u66W,9,plain,none,mixed,1 3 3 4 4 10 16 18 22
991W8JWIa311B252430zReP4HYUe,9,plain,none,mixed,1 2 4 7 11 11 12 13 20
991WIwN6YdXv1SHKWJB440Mraa88,9,plain,none,mixed,2 2 3 5 6 8 15 18 22
991W90cYKjEYM609KIq6xSD4nD09,9,plain,none,mixed,1 4 6 6 6 9 15 16 18
991W8opIqcGZLIbGM0XF54E2t0Y1,9,plain,none,mixed,1 2 6 10 10 11 11 14 16
991WGH57rGP2XH86EXpWu1CJJ3P0,9,distinct,none,distinct,1 2 3 4 6 9 11 17 28
991WOXwEBkvVX4GeYFPfw2I1W0m8,9,plain,none,mixed,1 2 5 9 9 10 11 16 18
991W1eGT5n58A2Y8bLHSMI58c2X0,9,plain,none,mixed,1 1 6 8 9 10 12 15 19
991W8I1mIcXKp0G6109GA6nQKM3W,9,plain,none,mixed,1 1 3 6 7 12 15 17 19
991W16KeK534PKuOZ8HfZwxCWO94,9,plain,none,mixed,1 4 7 8 9 9 10 11 22
991Wm088JGgaKI8A4fwefwNit5PW,9,distinct,none,distinct,1 3 6 9 10 11 12 14 15
991WY7iJ93uo6E1W1OP6i1BCz32G,9,plain,none,mixed,2 2 3 5 6 6 13 17 27
991W8uXrGJoo768a2SMsHZJgrLgA,9,plain,none,mixed,1 4 5 7 11 12 13 13 15
991WGZhA9Wo4OBbWII_8VRu59HKM,9,plain,none,mixed,2 4 6 7 8 8 10 13 23
991W618DY55NpCsY91G30jP1AkUG,9,plain,none,mixed,1 3 4 5 9 9 9 17 24
991WOwcgR2g2HMiH4RqAWO4AFi44,9,plain,none,mixed,1 3 5 6 6 12 14 14 20
991WGc8XZgoC91WYP4Y8jxIJeL0m,9,plain,none,mixed,3 4 5 5 10 10 12 16 16
991WWN10G6Qp718L18XGX4fCKrNO,9,distinct,none,distinct,1 2 3 6 10 12 13 15 19
991WX2GYPKgXe60W0O-qA2Wuw9Ya,9,distinct,none,distinct,1 3 4 6 8 9 12 15 23
991W1Z8gH4IamhBKI45kWK8Yfq10,9,plain,none,mixed,1 1 4 4 5 14 14 18 20
991WC9F1Hr8D4mG8Y2XGq5vJReWM,9,plain,none,mixed,1 1 6 7 8 10 11 15 22
991WD3eS7pRncPa91Wa5KHI0o2WG,9,plain,none,mixed,1 2 5 7 8 9 11 19 19
991W4IHCI5oiQD188Yr2oDEa412G,9,distinct,none,distinct,1 3 4 8 9 10 11 16 19
991W9G8oTE9e69Ta2X4avP2QEe42,9,plain,none,mixed,1 3 3 3 5 11 13 19 23
991WOKQI4g5143WOC4WCby32GfA6,9,plain,none,mixed,1 1 5 6 8 8 14 14 24
991WCKLm61891GYGCJ3GCEdM4Wf8,9,distinct,none,distinct,1 2 5 6 7 9 11 17 23
991W54YKy3LI8Xu255Iefd7p2GWG,9,plain,none,mixed,1 2 6 8 9 9 11 17 18
991WWhC82GJ9Ih0m1qX2Wa9wOcIO,9,plain,none,mixed,1 2 3 6 8 11 11 13 26
991WH4U7IKLC51ZOG64410GwC90e,9,plain,none,mixed,1 2 4 5 5 7 16 18 23
991W91SRpAHnPCZ88YWog0HMF9mm,9,plain,none,mixed,2 5 5 8 9 10 11 15 16
991W1GTj1W9oKg2WB2v6A292ac0W,9,plain,none,mixed,2 3 3 4 4 4 16 22 23
991WO7NMjaeD5mW8450eM8wK6ao2,9,plain,none,mixed,3 3 5 6 9 11 11 12 21
991WGI6HBZ1Wa8WBOKJ8V18W434G,9,plain,none,mixed,1 1 1 5 5 13 13 18 24
991W52JfEJPGA9YZG29EeHPH2H5W,9,plain,none,mixed,1 1 5 8 8 11 13 15 19
991WM6IbZ4pVjjRG670cW0YaGKWa,9,distinct,none,distinct,3 4 5 6 7 8 12 15 21
991WaLYuga72u1Oo2D94Cp6Xefm4,9,plain,none,mixed,1 2 4 6 6 9 10 14 29
991W2GeU8KP8SPe46XaJ9K4kLxw8,9,distinct,none,distinct,1 2 6 7 8 9 11 17 20
991WZIifKGzEe2Wm28wo5ZSGX5GC,9,plain,none,mixed,3 3 3 5 9 10 12 17 19
991W4HGXEggp0jgG50O5LIe9oU8E,9,plain,none,mixed,1 2 4 4 8 12 16 16 18
991W0He1X90a9eaACGeA2DWQ9kD0,9,plain,none,mixed,1 1 1 3 5 8 15 17 30
991WG22Wcf5gb4X5K0w8B1ed9HaG,9,plain,none,mixed,2 2 4 8 8 11 11 13 22
991WG42X1n0eI288Oa96BJqo4Y5H,9,plain,none,mixed,1 2 2 4 8 11 16 17 20
991W2WO72umGDDHC4GeA30si4930,9,distinct,none,distinct,2 3 4 5 6 7 9 19 26
991WX2NIfMDefCI24CMoU1WKyUWG,9,distinct,none,distinct,2 3 5 7 8 10 14 15 17
991WKac5YKqC10eG6be20eDd4P8g,9,plain,none,mixed,2 2 4 6 7 9 10 13 28
991WA8VPmiafCO0OW0jRqxN8IBWY,9,distinct,none,distinct,1 2 5 6 7 12 14 15 19
991W4meKb3IYQ9088nuO2iC6Nf8I,9,plain,none,mixed,1 1 7 9 9 9 11 17 17
991WX14GK89vWu1669Muj5XStSe4,9,plain,none,mixed,1 1 2 4 9 11 13 17 23
991W2eueIbcfWk84XKXp70IWOJGa,9,plain,none,mixed,1 2 3 4 7 9 9 17 29
991W10T0SuaAV7WWN5GH914ILAZ8,9,plain,none,mixed,1 1 4 4 7 7 14 17 26
991Web9UPoD3Q5IJ085OvYH65GKW,9,distinct,none,distinct,1 3 4 7 9 10 11 17 19
991WY3GP8kWeXIIa58kJP8JqC216,9,plain,none,mixed,1 2 5 5 10 11 12 16 19
991W1mG5YJ7aR98c91iJ2XCbIiW8,9,plain,none,mixed,1 5 6 7 7 8 10 14 23
991W2tAoH8PA9Z0WXFmaWw8k4A8Y,9,plain,none,mixed,1 1 5 8 8 9 15 17 17
991W2KoXh6HLW_0WaDK6NL8oxkW6,9,plain,none,mixed,1 1 4 10 11 12 13 14 15
991WT4XGMLOeq50m0WHDo2JOK4Xu,9,plain,none,mixed,1 1 6 6 7 10 14 16 20
991W0WJa2DA36Xqo950eQNHHiZSu,9,plain,none,mixed,1 3 6 7 7 8 10 15 24
991W8JTZU4hvOQeI20T1scTGaAe4,9,plain,none,mixed,1 2 5 7 10 11 13 16 16
991W8E0XCZ9H7KD41iO8828a8ofX,9,plain,none,mixed,1 1 4 4 7 13 16 17 18
991W4u8ma1JKMdWG3FZnabLIJWY8,9,plain,none,mixed,1 1 2 6 10 13 14 16 18
991WA6IeQ2WKAoKMiD1W3GpA10C4,9,plain,none,mixed,3 4 4 4 7 7 11 18 23
991W35XJb2GG416I4J2Gc6Ye844Y,9,plain,none,mixed,1 1 3 5 7 11 11 18 24
991W2IOJ490w9TCh4WaAnyb4Wgn8,9,plain,none,mixed,2 4 5 6 6 8 9 20 21
991W8I8B9J_77QcG2WG8SsqICCH1,9,plain,none,mixed,2 3 3 5 6 12 15 17 18
991WaY4r8o0YWUv02OwDea918fz9,9,plain,none,mixed,3 3 3 5 5 10 12 13 27
991W10mgQKGZ8o4aI4XuA2YOMJC8,9,plain,none,mixed,1 6 6 6 7 12 13 14 16
991W8e0v40Ga0trLQAYgHJPLHiIW,9,plain,none,mixed,2 3 3 4 5 14 16 17 17
991WXEXOc104YYO6LQE3GXgE30W8,9,plain,none,mixed,2 4 4 4 9 9 9 20 20
991WH8AQa1eSO20XLAGY94Gml4H5,9,plain,none,mixed,1 2 3 5 8 12 15 15 20
991WQ0W81yOjGYA1616F10GeB2aK,9,plain,none,mixed,1 1 2 4 7 10 13 17 26
991W21XOPftX0GE21HX4UC0u438X,9,plain,none,mixed,1 1 1 3 6 7 13 15 34
991W40YOAIG87ImGK30mAymT61Wk,9,plain,none,mixed,1 2 4 4 6 12 16 17 19
991W2Wi5mgB8B2JG42Kz825h36oC,9,distinct,none,distinct,1 3 4 5 6 9 11 17 25
991W1022q5OQ3F83KY4A2IOijid8,9,plain,none,mixed,1 2 3 3 8 12 13 14 25
991W0QsBaEBWe191Wb97ax2GK2kA,9,plain,none,mixed,1 3 4 6 6 11 12 13 25
991WW49X40aoIKHK8A15BHWE3Coo,9,distinct,none,distinct,1 2 3 4 5 9 12 19 26
991WGbsKAYb94GL29KM8e8PYev91,9,distinct,none,distinct,2 3 4 5 6 11 12 13 25
991WY85oivCJCu0GB4SdKmY8YCAY,9,plain,none,mixed,2 2 4 4 7 8 14 19 21
991W0W64Je5DK930I3efAImqMFWa,9,plain,none,mixed,1 4 4 6 7 9 11 19 20
991W8I0QPEUW61G9L4XWJ2rAQnEA,9,plain,none,mixed,1 2 4 6 6 11 15 17 19
991W4Ob9OcAfRGOcaLr3Ok8C2Y0A,9,plain,none,mixed,2 2 3 5 8 8 15 16 22
991W20GGTPQEGf202XOY4ad5iREZ,9,plain,none,mixed,2 2 3 4 7 11 13 19 20
991WB3UDWO8v6IC04Kb93iGgIfa9,9,distinct,none,distinct,1 3 4 7 8 9 11 14 24
991W40WBuCHg4Hn4A20LERrMJIL3,9,plain,none,mixed,2 3 5 7 8 10 15 15 16
991W94GR4XmSoCGq0GJ5H35F441W,9,plain,none,mixed,1 1 2 5 8 10 12 19 23
991WGu8v2mbiGo2W2SXAP4GK7Ee4,9,plain,none,mixed,1 1 1 5 9 10 16 19 19
991W8I8P7Fm74HW42H49KKqF9keA,9,plain,none,mixed,2 3 6 6 7 11 14 16 16
991WI1JaJ2X862KZG62yvo6p0G02,9,plain,none,mixed,1 1 2 4 7 8 12 18 28
991WI10M80XTI491412Ulfe8P0SA,9,plain,none,mixed,1 2 3 3 4 13 13 17 25
991W53yn9LAKdZI40meIWVGoJf0G,9,plain,none,mixed,1 1 1 7 11 13 14 16 17
991Wg94i80S4o3L24bHJmS8cKKcI,9,distinct,none,distinct,2 3 5 6 7 8 9 11 30
991W1UWqI0YLbGi9cb2WG2xiYea0,9,plain,none,mixed,2 2 2 5 7 7 11 20 25
991WCoWL4XMJY40q2W83GfTHEAHG,9,plain,none,mixed,1 2 2 5 6 8 10 22 25
991W0y9YIH8mXCXKGOPLEJmF232G,9,distinct,none,distinct,1 2 3 4 6 11 14 17 23
991W25IeW42YeYuZI3BgekA1Gab8,9,plain,none,mixed,1 4 7 7 7 8 8 9 30
991W5X4R66XO456C10KI6iN0GQ4Y,9,plain,none,mixed,2 4 4 5 6 6 10 20 24
991WX4j8j7WwM110OD0l8mhqH8X8,9,plain,none,mixed,2 3 5 5 6 14 14 14 18
991WHIW4j3qWE3XG812HP4tGgAWm,9,plain,none,mixed,2 2 4 5 6 8 15 16 23
991W33Gx8qJIYv4W4HuQYoJ2MXH1,9,plain,none,mixed,1 1 5 6 8 9 17 17 17
991WH2N693KbKLWY8M7a4GmFa_8m,9,plain,none,mixed,1 6 6 6 9 11 13 13 16
991WPecan4uka9o6W1IiH4NI1P1G,9,plain,none,mixed,1 1 3 11 12 12 12 12 17
991WH0WF72GeAE9W0GA2bAIQGY5X,9,distinct,none,distinct,1 2 3 4 6 10 12 17 26
991W2086vIea8c7X8H0Y412Ot38W,9,plain,none,mixed,1 2 2 3 8 10 14 19 22
991Wo0O2n4LqRpaa4A0A2WM4QusG,9,plain,none,mixed,1 2 4 5 9 9 10 13 28
991W4Zb1GYGqE84G0m9Io0F5sNcQ,9,plain,none,mixed,1 1 3 4 5 6 20 20 21
991W0gXMM5IDHaeno0n1m8dsg4r1,9,plain,none,mixed,1 1 7 8 8 9 14 15 18
991W30iKs4Ga94pK62aQ445om810,9,plain,none,mixed,1 3 3 3 4 9 17 18 23
991W28qXCYyj612GYKX8D29mfAmm,9,plain,none,mixed,1 1 3 7 10 11 14 16 18
991W2nCmo1igVLPG810cJB840LOA,9,plain,none,mixed,1 2 4 4 5 10 13 18 24
991WH8WHCfCD1YA4QR0m8qkF0InG,9,plain,none,mixed,1 1 3 4 4 9 12 23 24
991WObfv6nH252Wb823CBu4I7MKK,9,plain,none,mixed,1 2 6 6 6 11 14 14 21
991W2h9IhYY8Pgg9c6P4gOac50C2,9,plain,none,mixed,3 4 5 6 7 7 13 17 19
991WWG85MjaO4a9Ya0WZ8X0aPF8A,9,plain,none,mixed,1 1 2 4 7 11 14 17 24
991W4XWUP9fcg1WeA3u2FIQSp30m,9,plain,none,mixed,1 3 3 5 6 12 16 16 19
991WXaMbgZ8S9GjW6CW9LqjqcY64,9,plain,none,mixed,1 1 5 8 9 12 14 15 16
991WXePAQ61S70N514KGE398G20Y,9,plain,none,mixed,1 2 2 2 6 10 14 20 24
991WH2WeK9PFko4ZOdpe32g440C8,9,distinct,none,distinct,1 3 4 5 6 12 13 14 23
991WG44aZycdZgrY90bGFZuHM6UG,9,plain,none,mixed,3 4 6 7 10 10 12 12 17
991Wf9Eaa3PDV2X8W10RvYmYq8X4,9,plain,none,mixed,1 1 4 6 9 14 15 15 16
991W93yA7HZKf2JG2Wa4GQKjKh92,9,plain,none,mixed,1 2 4 5 8 9 9 15 28
991WH4A4EY4-VcKY8K448XWgwHeH,9,plain,none,mixed,2 5 5 6 6 9 10 10 28
991W0G3WH1N2NEG8PKfLDYej7128,9,plain,none,mixed,1 1 3 4 7 10 14 14 27
991WAeePT9W4CY98I92X5Kiw1a5X,9,plain,none,mixed,1 3 4 4 4 9 14 21 21
991W8XCZ1cSLzEWe2GmLwY0Y98mm,9,plain,none,mixed,2 4 4 5 5 8 11 13 29
991W83a9GeQIcEYeA381GeeiD2Y8,9,plain,none,mixed,3 3 4 4 5 6 13 14 29
991WGXGK2d7mY8f861M4a3GHiOAQ,9,distinct,none,distinct,1 2 3 5 6 11 13 17 23
991W1eUl8WS8g4H2b38oH4GgKIYG,9,plain,none,mixed,2 4 5 5 5 11 14 15 20
991W816Gi4YsSKb6C6numXe910dC,9,plain,none,mixed,1 1 4 8 9 10 11 12 25
991W316C14H88XyKS30a9kKAukKc,9,plain,none,mixed,1 3 3 5 7 13 15 15 19
991WO3Z4JNA2Gfgi84wGIP9W4H8o,9,plain,none,mixed,1 1 3 5 6 10 15 16 24
991W2XLGI2HC_4A4IaqK2knQWu10,9,plain,none,mixed,2 3 3 4 4 11 12 17 25
991WaAU4I51ee20B0cHCnLrWe66W,9,plain,none,mixed,1 1 5 5 9 10 10 12 28
991WA9ZBgB2Kbqumm29Xo1j8GIL3,9,plain,none,mixed,1 3 7 9 9 10 10 14 18
991WA3mI41J8g0I40mW4HexAK30m,9,plain,none,mixed,1 1 2 3 9 11 14 17 23
991W5v6Y98XGCZMLX3qvJ0WGeaO4,9,plain,none,mixed,1 4 4 5 8 9 9 18 23
991WuA_4f2oAY0W54WZeK52HY4I5,9,plain,none,mixed,1 1 4 8 9 11 13 13 21
991WG3pyMSL1GhuPA5EnaY2IAImX,9,plain,none,mixed,1 4 4 7 7 11 11 15 21
991W60WW8s9qYug88IGmHCWD2JGI,9,plain,none,mixed,1 1 1 7 9 10 12 16 24
991W29gL5HLyUuG1gGe22C8AJOl4,9,plain,none,mixed,1 2 5 7 8 8 14 15 21
991WeQjHFZYeWA1G0KehrOnWKA20,9,plain,none,mixed,1 2 3 4 7 7 10 13 34
991W6HSDRKg4WW441maX4L6PZLi8,9,plain,none,mixed,1 4 5 6 6 7 9 20 23
991W94pCGL1DZeY88KIG40Ye8YGu,9,plain,none,mixed,1 1 2 6 9 9 13 17 23
991WY0qCb41m2Wqie10K6JMKXe91,9,plain,none,mixed,1 2 4 4 5 5 17 19 24
991WA7Hjj18Hj4WWbQS44-CWbexY,9,distinct,none,distinct,1 3 5 6 7 8 14 16 21
991W8XCCg2Ya91GO93Wuab4fG420,9,distinct,none,distinct,1 2 3 5 8 10 13 14 25
991W11qV7k7YI30e4WOI19S455Ym,9,plain,none,mixed,2 3 3 4 6 7 8 16 32
991W8LoKmqD1ZEuuK1NYO854eQe6,9,plain,none,mixed,1 2 2 8 8 9 10 10 31
991W44jix19wJ0K4if8OHDWIHP5I,9,plain,none,mixed,1 4 5 9 9 10 13 13 17
991WCcbHKN9XWeP4mCL44CW82fqX,9,plain,none,mixed,2 4 4 4 8 9 12 17 21
991WGeCAAUcnKKaqI9GD82j0GQ52,9,plain,none,mixed,3 3 3 4 7 8 11 21 21
991WSWb8I8aB2Wa56H71GS4928PG,9,plain,none,mixed,1 1 3 6 6 9 12 18 25
991WY4bs20Be98I128OkGY9-EqF2,9,plain,none,mixed,1 1 4 6 8 10 12 15 24
991W1CIQUJmoaGaWifHaIHj0M3m9,9,plain,none,mixed,1 2 4 8 8 12 12 12 22
991WSbHM8I0Ocyu8104YgYWcnI8K,9,plain,none,mixed,1 3 5 7 8 8 12 17 20
991WaC91WgJoXegW16Y4cHKN6-A2,9,plain,none,mixed,2 3 4 7 7 8 12 13 25
991WeipCH4CI4YjA8aAB20AWa0iG,9,plain,none,mixed,1 2 3 3 5 8 12 18 29
991WC8OE68iOk08QQhIqCfdICeYG,9,plain,none,mixed,1 4 5 7 10 10 12 15 17
991W84Kj50W61YXe4XBJS50gc9Ao,9,plain,none,mixed,1 2 5 7 10 11 12 12 21
991WIAAqh1IuI2M2a2shL3YAuI0Z,9,plain,none,mixed,1 3 3 6 9 12 14 15 18
991Ws5MGGC11IY924EWd90I2GaQA,9,plain,none,mixed,1 3 4 6 7 7 10 12 31
991WO3hYeH2n4XWG64Iac4E2WcHO,9,plain,none,mixed,1 1 3 8 9 9 12 14 24
991W9Z-BZKcW892WGXu6IuXe63Y0,9,plain,none,mixed,2 4 4 5 5 6 8 20 27
991WPf2JJfAYR0449f8ch3GYbqCW,9,plain,none,mixed,1 1 4 9 10 11 14 15 16
991W88OqFWZuz70HQgYXM28MW71n,9,plain,none,mixed,1 2 2 2 4 11 15 19 25
991WgBWqniWHQKX484XcWYvp4Y8e,9,plain,none,mixed,1 4 5 7 7 9 12 13 23
991W34vAH50qeK8G5HEAX94nVPwO,9,plain,none,mixed,3 4 4 7 7 11 11 13 21
991WqH8I53H8IR3G2eWB44fCP8G2,9,plain,none,mixed,1 2 7 7 7 10 13 16 18
991W61lHL2gKVtyKA4GH78HPTAaC,9,plain,none,mixed,1 4 7 7 11 11 13 13 14
991WPBmHyFPMI92m8CfWYKQ4K4Ga,9,plain,none,mixed,1 3 4 7 8 12 12 16 18
991W20V9Hb320WaeI6G82HdwMg13,9,plain,none,mixed,1 1 2 5 6 6 19 20 21
991WK3Y8IKT4ewEY26p40C1GL4ba,9,plain,none,mixed,1 4 5 6 8 8 9 10 30
991W4Xi820yHfCWO10K71KoMc524,9,plain,none,mixed,1 3 3 4 6 7 13 17 27
991W2Ys64fEmo4XGC4P4YALWWEWm,9,plain,none,mixed,1 3 3 5 7 9 9 16 28
991W0136ZhX2Ho48oCYgisjY54fD,9,plain,none,mixed,2 3 3 8 8 10 12 16 19
991W8eWeXnSoKI28G_BqMqsiX20E,9,plain,none,mixed,1 1 4 8 9 10 13 17 18
991WG1F5GJpXZK54O2hMqegKwokK,9,distinct,none,distinct,1 3 5 7 10 11 12 14 18
991W10e849JA9E0e4WKE3JNOJiB2,9,plain,none,mixed,2 2 5 5 5 6 15 17 24
991W5ATVcGfiI3W8MAZAHPR4A90W,9,plain,none,mixed,2 5 5 7 9 10 12 13 18
991WH4Jmu0WaHauDGH54U5XA0WK4,9,distinct,none,distinct,1 2 3 5 6 8 15 16 25
991WHAne62OX81eLaD0mag1J6Wi6,9,plain,none,mixed,1 2 3 4 8 11 17 17 18
991WKZvUpC46ArD0f8nNaJA6EXa4,9,plain,none,mixed,2 3 6 7 7 9 12 14 21
991WIJ04GNeHek91926BLD18A3s8,9,plain,none,mixed,1 1 4 4 6 12 14 19 20
991W30WC5YIwaH505XWP5IZ4B10L,9,plain,none,mixed,1 1 2 4 9 11 12 19 22
991W0pAQX4WuD2H8KL59WYXrO800,9,plain,none,mixed,1 2 2 2 9 11 14 14 26
991WWY4uD4W8q1CQ2eoIGZHHOUAX,9,plain,none,mixed,2 2 3 7 9 12 12 13 21
991W28zmQ0xMA20SX4mKGsw5L91G,9,plain,none,mixed,1 1 2 6 10 11 14 18 18
991WJNCJHLeYq10H30fql0YGC9G5,9,plain,none,mixed,1 1 4 6 8 11 13 17 20
991W1ecAYJMTdcHaWXeQ21A8aFO2,9,distinct,none,distinct,1 2 4 8 10 11 12 14 19
991W28Xui48EH461c6bK97GO5We9,9,plain,none,mixed,1 1 4 5 6 10 17 18 19
991W9CbYafyWE2yqIA20wiqIYSeH,9,plain,none,mixed,3 4 4 4 5 9 15 15 22
991WOY8XM90CJHCA8ZgCB1ye8c85,9,distinct,none,distinct,1 2 3 7 10 12 13 14 19
991W0WI2OQGnOb8qA51bHqX8sJme,9,plain,none,mixed,1 3 4 7 8 13 13 14 18
991WG260pCYlcF0mA67g928O92Za,9,plain,none,mixed,1 2 6 7 9 9 10 16 21
991W55GWmHvoGCV44Y3ub4XG6WKs,9,plain,none,mixed,1 1 2 4 5 10 12 21 25
991WYkWAwH0S4aJ1856YKbG81-NK,9,distinct,none,distinct,1 2 3 6 7 11 14 17 20
991WK30oE48ALf9I4HATJJWa8b1G,9,distinct,none,distinct,1 2 3 7 10 11 13 16 18
991W0brfOcnfgcG2H4QHy32IMUv2,9,plain,none,mixed,3 4 5 8 8 9 11 14 19
991WI4vKP5BX2GaM20GGF4M5L8s4,9,plain,none,mixed,2 4 5 7 9 11 11 14 18
991W727WmB2Y8XoY544naWcAYuX8,9,plain,none,mixed,1 2 2 4 9 10 10 19 24
991W8810XXKG42X4mF2H4mi9A3Wm,9,plain,none,mixed,1 2 2 3 3 4 18 20 28
991W7Tdfw0L5z0W86emMGWIM410a,9,plain,none,mixed,1 1 3 3 11 13 14 15 20
991W4CDfOWW2ObWaKP4qGy7x-WYe,9,plain,none,mixed,1 2 3 5 6 11 11 15 27
991WQ4yT2VSye8WW2HJCKpSeb4o4,9,plain,none,mixed,1 6 6 7 8 9 10 15 19
991W2HG97f7Me4084WGF2UqSvFmK,9,plain,none,mixed,2 3 3 7 7 9 9 19 22
991W8PUQ0uCYOZuWqYeieY52WKma,9,plain,none,mixed,1 4 6 6 7 9 9 12 27
991W2H5hXsQg0WS493nKAEWC9a4I,9,plain,none,mixed,3 4 4 4 5 9 13 18 21
991WAa4T1f0KKX90d8H3mxXO5AL5,9,plain,none,mixed,1 2 3 4 8 11 15 15 22
991W9ASu064wCY9Ao0WHAaGfQQXm,9,plain,none,mixed,1 2 2 5 9 12 12 12 26
991W2bKA55pCIOw8L5g0W6ZIPOT1,9,plain,none,mixed,3 3 5 5 5 6 9 18 27
991WA2BI8Y0G6oKfA4WeUX2NbiJ0,9,plain,none,mixed,2 2 4 6 7 9 13 14 24
991WHnH4EZbHV5mX0G7hv0aa8R4a,9,distinct,none,distinct,1 3 4 5 8 10 12 18 20
991WP8ebMvl04AY81j5jxieWu4WG,9,plain,none,mixed,2 4 5 6 7 10 10 12 25
991WWkBfM90S69IG2Z2081DBH4Ha,9,plain,none,mixed,1 2 2 4 6 13 15 17 21
991W6HveRftpoiI12158L0HAgr74,9,distinct,none,distinct,1 4 6 9 10 11 12 13 15
991W5CIA4I0OSL568835ssa5nAMK,9,plain,none,mixed,3 3 4 4 6 6 10 22 23
991Wmg923aAQ2n0GP2pqD3eK918K,9,plain,none,mixed,2 5 5 8 8 11 13 14 15
991W8JZOaf24g5Q514Ta8ejjOb7G,9,distinct,none,distinct,1 3 4 6 9 10 12 14 22
991W5H04LCIHafuW50aX8LbQaPGS,9,plain,none,mixed,1 2 2 5 11 12 14 15 19
991Wi5J0GM5E4YH3HAIL3aX4YuYX,9,plain,none,mixed,1 2 4 7 7 9 10 16 25
991W8Y0WYQWR54GYC2WhCZWS6PIe,9,plain,none,mixed,1 2 6 6 9 11 11 16 19
991W4fqamWazC90e8TBYYqMKE8XK,9,plain,none,mixed,2 2 2 3 6 9 15 16 26
991W2R041G9C925GY4X5Wy9E6XAX,9,plain,none,mixed,1 1 2 7 10 10 10 13 27
991W3a5k21GugDIWX80ZIrMhKF0m,9,plain,none,mixed,1 2 3 5 5 8 14 20 23
991W22KqwPAJLuOY12SHmRCJjBB8,9,plain,none,mixed,1 6 6 6 8 10 12 15 17
991W329YX8gsX8XZK64WZO4Qf55G,9,plain,none,mixed,1 1 3 5 6 8 9 16 32
991W21uGq3oUo1085Yey98TGn4X8,9,plain,none,mixed,1 1 5 7 7 12 14 17 17
991WKZCaG33OLI8c20IwCcXa1qI2,9,plain,none,mixed,1 3 5 6 6 9 10 14 27
991W6aGQlJqeH894aADaI91apoma,9,plain,none,mixed,1 6 7 8 8 9 12 13 17
991W48mea8-S72H38EJbXhYIKKXH,9,plain,none,mixed,1 3 8 8 10 11 12 12 16
991WBIeezFJ1b4H88Y0M3Y0XZCn8,9,plain,none,mixed,2 3 4 8 10 10 11 13 20
991W4WO2n6WOYWOO4YGS59cNP861,9,plain,none,mixed,1 1 2 4 7 10 15 19 22
991W1gpWjwygX1g0Y3TNaw1t2QQE,9,plain,none,mixed,2 3 4 4 8 10 11 17 22
991WGC1G8Xuw1GKAn0HaN2GrAYSW,9,plain,none,mixed,1 1 4 5 9 10 15 17 19
991W1OP4e112A3efm70SEIei3CjA,9,plain,none,mixed,1 3 3 3 8 11 17 17 18
991W2WWeGY73fP5HIaby0W8Y99YG,9,plain,none,mixed,2 2 3 5 8 8 11 12 30
991W49oFP62EKM50X2mX6boqI2HX,9,distinct,none,distinct,1 2 6 7 9 10 14 15 17
991W41Q8N3m9KaN4HIGK3EQgG8Q9,9,distinct,none,distinct,1 2 4 5 6 10 13 15 25
991Wf2mVfhfu2n4Y88Y4PJQA6aKW,9,plain,none,mixed,2 2 6 9 9 9 13 15 16
991W8I4YQPC86XaGI51m41qqD6e1,9,plain,none,mixed,1 2 4 6 6 10 16 16 20
991W93mC2GtINwTX1Wi8IefKAIm0,9,plain,none,mixed,3 3 5 6 7 7 11 16 23
991WG44dkZ1KKQ1GCWD84oWuL2IY,9,plain,none,mixed,1 2 3 3 9 12 16 17 18
991W718Bb5Wug6838XOD172IeY50,9,plain,none,mixed,1 1 3 6 7 8 17 19 19
991WXqYQeWmaD20G4E0WFLwcCi92,9,distinct,none,distinct,1 2 5 8 9 11 12 13 20
991W8oCGgCVU7Xae90mOQIWJ0LC8,9,plain,none,mixed,1 2 3 5 8 10 13 13 26
991W0Wd6AZ-dfy8aAK8Z40ZmWy8I,9,plain,none,mixed,3 3 4 5 9 10 11 16 20
991W1mj1QYDp250eH4GVAYVGK6GG,9,distinct,none,distinct,1 2 3 4 7 9 11 20 24
991W2fI8Y6I4W1muY1eA4z1ofIKb,9,plain,none,mixed,1 4 5 5 9 9 10 17 21
991W8pMsAAGK2K4XE413gWuuf4G1,9,plain,none,mixed,1 1 2 4 7 13 16 16 21
991WGMf12EWq63WGC2YGHqcif6Ia,9,plain,none,mixed,1 1 4 6 11 11 13 16 18
991W2D76i9gL8aD3m9Ise4pKlCe4,9,plain,none,mixed,1 2 4 4 6 10 11 21 22
991WB2FozOeQ2D182K8HGH-G8BH4,9,plain,none,mixed,1 1 3 3 8 11 15 19 20
991W8A7Sqc0W6GaAe118L4OWO56K,9,distinct,none,distinct,1 2 4 5 6 7 12 20 24
991WID2GG0WOI5mIWQ5qT9e92WiB,9,plain,none,mixed,2 2 4 5 7 9 10 17 25
991W4A0YK6bf1WW4o0Wai30d9a9M,9,plain,none,mixed,1 1 2 4 7 13 15 15 23
991W4mmI0WWeoB0e3WaF2Eimy22W,9,plain,none,mixed,1 1 4 6 6 7 8 23 25
991WH51WO20b7D064H8nHOI2ZOo8,9,plain,none,mixed,1 1 2 3 7 8 13 19 27
991WKcDI9B28I0Q14GngmZeo8KE2,9,plain,none,mixed,1 3 3 3 10 11 13 17 20
991WH44niKjHr_m54IHvIX4AZ989,9,plain,none,mixed,1 5 7 8 8 8 10 14 20
991WGy10K2yeF2WaGe8oD08L2f8A,9,plain,none,mixed,1 2 3 6 6 8 9 14 32
991WLMJ4o9ZuE91a84TQaGCb10I4,9,plain,none,mixed,1 3 3 5 10 12 12 15 20
991WCPHiGeGef49I1DwEQ2bDiu20,9,plain,none,mixed,1 2 3 5 8 12 12 16 22
991W2GK5r5mn4H0Q62We90YHEJWI,9,plain,none,mixed,2 3 5 5 6 7 15 17 21
991W8HaS5ucCqGL14WG3WxSZNMs0,9,plain,none,mixed,1 2 3 6 9 9 13 13 25
991W84186sbkkCIA92JpSqKA1JWG,9,plain,none,mixed,1 3 7 7 8 9 9 13 24
991WiX4Y8V0G6GS649YGI18K5lOH,9,plain,none,mixed,1 2 2 3 6 12 13 17 25
991W8J0-vamYH28u420ka3597qZ8,9,plain,none,mixed,1 1 7 7 10 11 13 14 17
991W0GABaHWO8q8KL2Gd9IHGKRH6,9,distinct,none,distinct,1 2 4 6 8 9 11 19 21
991WeYWmOYGAEPW4iJ8I36cbl0WE,9,plain,none,mixed,1 1 2 9 10 12 14 16 16
991W2X4Aqur35h2G8XWa9_GC6iWa,9,plain,none,mixed,1 2 3 8 12 12 13 15 15
991WC2gH9if5GK20I75m4F1uHEo6,9,plain,none,mixed,1 5 6 7 8 8 9 9 28
991W527IIdyD3nGaO418aMfGpj02,9,plain,none,mixed,1 1 6 7 8 10 11 14 23
991WG5X4U9GO4n4I213Gu8HyH4T4,9,plain,none,mixed,1 2 4 9 10 10 11 14 20
991W2yX5RH2Yd0C2IeWOB39a5ff9,9,plain,none,mixed,1 2 3 6 11 11 13 14 20
991WL2irM2WYbf6H2Woy4DGioe0Y,9,plain,none,mixed,2 2 4 5 7 7 13 16 25
991W4jCHGJemcnSbWaIqgHmA2LI0,9,plain,none,mixed,1 3 4 5 6 11 16 16 19
991W2YB9m4P55dT1K11sjR1mSIv4,9,distinct,none,distinct,2 4 5 7 9 10 11 13 20
991W8a821f2SJs60L5cT7X8OAXmP,9,plain,none,mixed,2 3 5 6 8 8 11 16 22
991W20WTEB18epc94mm89LwYmiIW,9,plain,none,mixed,1 2 4 4 6 7 15 19 23
991WM96UOg42icm93he99A918bY1,9,plain,none,mixed,1 1 1 7 10 10 11 16 24
991W9294afKoa2aO22vEWwgeq3md,9,plain,none,mixed,1 3 3 5 10 11 13 17 18
991WOf898aI4PiWAGesKec835N8I,9,plain,none,mixed,1 2 3 7 7 8 10 17 26
991WC2WYw1HZr6004ZGPJj9oV10S,9,plain,none,mixed,1 1 3 4 8 11 13 15 25
991WIF0ima4a64z4e52gPg15AZag,9,plain,none,mixed,3 3 4 5 6 9 14 14 23
991WYF0r92YRM8WW2qoAAyLO20He,9,plain,none,mixed,1 1 5 7 8 11 12 17 19
991W4XCa51agIT6D0W44R8UHm8nG,9,plain,none,mixed,1 2 3 3 6 9 11 21 25
991WX8MYCKbBe50G2IysPbH8YEG8,9,plain,none,mixed,2 5 6 7 8 8 12 14 19
991W4GG2ZEDoK190A1037vAYSXMD,9,plain,none,mixed,1 1 2 3 10 11 13 15 25
991W1WfbIpXH8U4X1WLQT6YeQ5WW,9,plain,none,mixed,3 5 5 5 6 7 11 19 20
991WWaC2YY4I6XOCSD0G61KY8PX8,9,plain,none,mixed,1 3 3 4 6 9 13 20 22
991WH265XWRPF260M0M9Ja9CZgOf,9,plain,none,mixed,1 2 5 5 7 10 13 14 24
991W10a30dGPR4205HKA50ZAN2p4,9,plain,none,mixed,1 1 4 4 7 7 8 21 28
991W424XOIiG8afI820oZWyL5GZ0,9,plain,none,mixed,1 1 3 5 6 10 16 16 23
991WF4A3WuJkqo9a24A93eW4cHH2,9,plain,none,mixed,1 1 6 7 8 8 10 13 27
991WeYGsMXKI4WuJ492WG2CnoXW1,9,plain,none,mixed,1 2 4 5 9 9 10 17 24
991WO22m1Ca-J24KmhecIIGo6HKE,9,plain,none,mixed,1 2 4 6 7 7 15 18 21
991WW44K8z8HI2z0KCXNTa959Xtc,9,distinct,none,distinct,1 3 4 6 8 11 14 16 18
991W4WeH61WUxg922GmB3EHYQA30,9,plain,none,mixed,2 3 5 5 6 7 13 19 21
991W70G3Wa5xJS8ACX491Oa2H3f8,9,plain,none,mixed,1 1 4 6 6 7 7 15 34
991WGWCa91WIs_0GmSH14WuQIeH2,9,plain,none,mixed,1 2 3 5 7 11 14 19 19
991W12GPebGb4Xu5k8YGV35I72r4,9,distinct,none,distinct,1 2 5 7 10 11 12 13 20
991WW42MSIGa90uLMBXeLYSaKZ4W,9,plain,none,mixed,3 3 4 6 7 11 13 15 19
991WnD10W48a2mWG97HCH8M431OI,9,plain,none,mixed,1 2 4 6 6 6 11 14 31
991WE0I8ZXLLe50eM0u3XX7WD1GG,9,plain,none,mixed,1 1 2 4 4 8 13 22 26
991WZ3DIaYWmqCuH8PJrDShHKe50,9,plain,none,mixed,1 6 7 7 9 9 9 10 23
991WSb4eCb4r612G005PbMeC1BHW,9,plain,none,mixed,1 3 3 3 3 6 18 20 24
991WGoI9FFeqYsIa46_qCWv0_cI2,9,plain,none,mixed,1 1 7 9 9 10 14 14 16
991W57V5aTJAB11GH325GoecN920,9,plain,none,mixed,1 2 4 4 8 11 11 19 21
991WH2bCy908U2WaB0JI9WgfI4Z8,9,plain,none,mixed,1 1 2 5 7 8 15 19 23
991WWOn81cdVIA08A6SH2mUqwFHa,9,plain,none,mixed,4 4 4 5 6 8 9 15 26
991W71CG470K18mQ2WaP4KJ6IOX8,9,plain,none,mixed,1 1 3 5 8 11 16 18 18
991W89-7XAWO21O0BeQ6db6NXIU7,9,plain,none,mixed,2 2 5 5 9 10 13 15 20
991WGS7QK2PU80pGW24S5bit951G,9,plain,none,mixed,1 1 2 4 6 10 18 19 20
991WZ4Gw220yr8D018D6EbJ8GY4Z,9,plain,none,mixed,1 1 3 4 8 9 16 19 20
991WCEg25YQ-JSubAuH55AXXO8U0,9,plain,none,mixed,1 6 7 7 8 9 10 14 19
991W18gATNGiI0WmYYea9GsaW20m,9,plain,none,mixed,1 1 4 6 7 7 11 19 25
991WWYmih36bleOKaIWeWfsBb145,9,plain,none,mixed,1 2 5 8 12 13 13 13 14
991WH2JCK90Fd54IGp_CJ6eY2WS8,9,plain,none,mixed,2 6 7 8 8 8 9 11 22
991W0W7Uw0aMms0G8rKG8sv6AkGw,9,plain,none,mixed,1 1 2 3 5 12 13 20 24
991W4GG4S0IgI-EW10ez2hguI474,9,plain,none,mixed,1 1 3 6 6 7 15 16 26
991W0uH1O1IIne8YYKCr50G4sb2m,9,plain,none,mixed,1 1 3 3 5 11 13 14 30
991WADIO30M5HWeHA8H2mYFIA2yo,9,plain,none,mixed,3 4 5 5 7 9 12 12 24
991W2WcIXYn474i4KH4U5d0j8j4J,9,plain,none,mixed,1 2 6 7 8 11 11 16 19
991WY4f0W8j8ceeu8Qu20mHKLCdH,9,plain,none,mixed,1 2 5 6 6 8 9 11 33
991WSH5YPADB6jjaGLgKJGW5D546,9,plain,none,mixed,1 3 5 8 9 9 10 15 21
991WI4KPc51mK4Xe8118JHFW822W,9,plain,none,mixed,1 2 2 7 9 9 11 13 27
991W4GzXd0GBoaLA4oL0891hwAS8,9,distinct,none,distinct,1 2 3 5 6 8 10 19 27
991W1OKXcHyI2rjKm71o4YKeSMa4,9,plain,none,mixed,1 4 4 5 5 9 12 19 22
991W8InZ822OeX0CB292JaEEJod9,9,plain,none,mixed,1 1 3 8 10 11 12 12 23
991WOec98B1Gb8WeC8q9iQC218Ha,9,distinct,none,distinct,1 2 3 4 8 10 11 14 28
991WAXGK2GI8E8I4718Ib3A-X0Gq,9,plain,none,mixed,1 1 2 6 10 11 16 16 18
991WGIQ6JWcG44XH5dh8Y8kX4P68,9,plain,none,mixed,1 4 4 7 8 9 12 17 19
991WWaI5t18HJYwGKD4d91KXb0bb,9,distinct,none,distinct,1 2 3 7 8 13 14 16 17
991W94afiWgCC10W52piMto4232G,9,distinct,none,distinct,3 4 5 6 8 9 10 15 21
991WCL2EYHl597o85bkK4KeoMI65,9,plain,none,mixed,1 3 5 7 10 12 13 15 15
991W16WWA4LiT2L0I4YNQcoK0G4Q,9,plain,none,mixed,1 1 3 8 9 9 10 13 27
991We1rkXYuJ5ZMI4gF3-328HKg5,9,plain,none,mixed,2 4 4 5 8 8 11 15 24
991W1M2c51W81CH3aV8miAYqmQ4W,9,plain,none,mixed,1 2 3 3 7 9 12 19 25
991WYp6HaJjKQDGi4SBD5f4U48W0,9,distinct,none,distinct,1 3 4 5 6 8 15 19 20
991W8c5X9KKh9JGeA2YGAIel28G6,9,plain,none,mixed,1 4 6 7 7 7 11 19 19
991WKOX9ZSYmAYG91F082uyaDp70,9,plain,none,mixed,1 2 3 8 8 11 14 16 18
991W92XL6XWe93WL9IL5I4gdG70H,9,distinct,none,distinct,1 3 5 6 8 10 13 14 21
991W829Hv4LAOo3W4252T1GOEFgK,9,distinct,none,distinct,1 2 4 6 9 11 12 17 19
991W0YeaY6Facg0WAHG4jhJYxZ0e,9,plain,none,mixed,2 3 4 5 7 8 14 19 19
991WA65dj968I1YY4II24ogXqR18,9,plain,none,mixed,1 5 5 6 8 10 12 14 20
991WJ8eA30nyH2WKH8GA1Gc7i10G,9,distinct,none,distinct,1 2 3 7 8 9 10 16 25
991WHKic3Gp8c8X80Gb492R8e60G,9,plain,none,mixed,1 2 3 3 5 11 12 21 23
991W1mWu-X8oP8GC5YKJIHMb990G,9,plain,none,mixed,1 1 6 8 11 11 12 13 18
991Wg2WK2HOa52nKW001Jp5IQ71G,9,distinct,none,distinct,1 2 3 4 8 9 10 14 30
991WGeIyD2co518egCH4GJX9dnW8,9,plain,none,mixed,2 2 6 10 10 11 11 12 17
991W1KI3c8Y5GA104MQdf9IivAH8,9,plain,none,mixed,2 4 5 5 10 11 11 12 21
991W1pJyV6DYK-2884CGXnD24f8C,9,plain,none,mixed,1 1 4 9 11 11 12 16 16
991W0eWC2PIBroX4q0851nsls59e,9,plain,none,mixed,1 4 4 6 7 8 10 12 29
991WE9Xn8WeW4A518k71FbWG42XA,9,plain,none,mixed,2 2 3 5 5 6 16 18 24
991WY2uea9vy0W8198o8fB14b4jA,9,plain,none,mixed,3 4 4 4 6 7 14 14 25
991W080ckJuY92mea61WQ61BD7X8,9,plain,none,mixed,1 2 5 5 7 12 14 17 18
991WoB1yI0GB2Wm845308A1Q8oid,9,plain,none,mixed,3 3 3 5 5 6 13 13 30
991We9G-9nWC35IJG042qghOGH4W,9,distinct,none,distinct,1 2 3 5 6 7 12 17 28
991W9208cXGHJbDA4Y8aP5CakfsI,9,plain,none,mixed,3 3 4 6 7 13 13 15 17
991WA7XePAMjGqC20HM4r1Gu30WH,9,distinct,none,distinct,1 4 5 6 7 8 15 17 18
991WBfYDY60e91KIY1WGcbX4eo91,9,distinct,none,distinct,1 3 4 5 9 10 14 15 20
991W8AXGvF4HIGOWv0ncZ_St10SH,9,plain,none,mixed,1 3 5 8 8 9 10 11 26
991W28H1H0efI7WOk7WD0WAOU6WC,9,plain,none,mixed,1 2 2 2 3 12 13 15 31
991W1X2CRx6Xo30YGZ0s3DV1aI0C,9,plain,none,mixed,1 1 1 6 8 11 13 17 23
991Wc509iR8g4IKGIE0W3-a51XPH,9,distinct,none,distinct,1 2 3 6 7 9 14 18 21
991W0WAHOLLAoioIH24OA75yPoX8,9,plain,none,mixed,3 3 6 8 9 9 11 14 18
991W50pdF4HebAo2GYHOPz6k8K0W,9,plain,none,mixed,2 2 5 8 10 10 12 13 19
991WP66XmU4HSV0c4aaq2GW8YOWI,9,plain,none,mixed,1 3 6 6 6 6 11 18 24
991W3WNq63v7292G9aGeK0gq58H8,9,plain,none,mixed,1 2 2 3 11 13 15 17 17
991Wb4YGy4kLIieS0jqe6DM83H0K,9,plain,none,mixed,1 2 2 10 11 11 11 14 19
991W9ep362IS5y8G9edgykaLIwpA,9,plain,none,mixed,2 5 5 5 8 13 13 13 17
991W9LK91GeIKeW4HKQ0W4vr50OM,9,plain,none,mixed,2 3 4 5 5 5 10 13 34
991W2WK20f9oQ3I84me81HANr4I4,9,plain,none,mixed,1 2 4 5 9 9 11 11 29
991W91AnY0Nf4oWH95XKknuzhMiI,9,plain,none,mixed,3 4 6 8 9 9 12 14 16
991W20K84F29LAI42HS94Yx2nCH8,9,plain,none,mixed,1 2 4 5 8 10 10 19 22
991W2WgEY9WOAz7XI18G5n32eYGW,9,plain,none,mixed,2 2 3 3 6 14 15 18 18
991WK8ylL6necDWb0iLc4xGfW221,9,distinct,none,distinct,1 3 5 6 8 9 12 13 24
991WK2X69Oaa61m621Zu38bUIMX8,9,distinct,none,distinct,1 4 5 6 9 11 12 15 18
991W140vd4Y1KsEZC1tKji2OgAp0,9,plain,none,mixed,1 3 3 5 8 12 12 14 23
991W0e8bCdNvn8X4Y4TG130_Q1Xa,9,plain,none,mixed,1 1 5 5 10 10 13 17 19
991WA0YGeCW-Z9J9I1GDjTe520G5,9,distinct,none,distinct,1 2 3 6 7 9 10 17 26
991WXIP63sPGS13G0eFoB2WO690W,9,plain,none,mixed,1 1 4 5 6 8 13 20 23
991WY2wp1mi8A894mYCYnAHwYqW8,9,plain,none,mixed,1 3 3 9 9 10 12 13 21
991WQ99YcvfYYb8a8Eu1xGwWeM9I,9,plain,none,mixed,3 5 5 6 7 10 11 16 18
991WW0MAPGXGH6Tbm20QA2nqiTAW,9,plain,none,mixed,1 2 3 4 5 12 16 19 19
991W0nOIKj7Hb0m293OY8eA1HHIG,9,distinct,none,distinct,1 2 4 7 9 10 13 16 19
991W37ma9FWLhCA2L4cIZ50E5XGO,9,plain,none,mixed,1 3 8 8 8 9 12 16 16
991W8KehKg4G20mK21Ze62sEZBnC,9,plain,none,mixed,3 4 4 5 10 11 12 14 18
991W4n8OaYlBHHCmD0WA4n1aPeaG,9,plain,none,mixed,1 1 1 4 10 10 14 19 21
991W892nCuWYMK41iKbCd6fqT4mP,9,plain,none,mixed,1 2 4 8 8 12 13 14 19
991WWLeedKKn4f9L8h5eP9X8OQGH,9,distinct,none,distinct,1 3 4 6 8 11 15 16 17
991W94T2qf6kM5GL91IXBGWAH9X1,9,plain,none,mixed,1 3 5 7 8 8 11 18 20
991WCXHDW8HeMf8GGse8X48ir54n,9,plain,none,mixed,1 1 6 6 8 10 10 11 28
991W638ag6-4I8628Hu8WC3kaajO,9,plain,none,mixed,1 1 1 6 7 11 12 13 29
991WW5vm1CX9DYxWAB549C9LecLf,9,plain,none,mixed,1 1 5 5 10 11 11 14 23
991W2GWe5cMigHn14naGSa4eBp-W,9,plain,none,mixed,1 2 3 4 11 11 12 17 20
991W12EUWoudI9X0ak7dCr4iq9He,9,plain,none,mixed,3 4 4 4 5 9 14 18 20
991W3GuAmWRE432eAHGeAYq8L8G4,9,plain,none,mixed,1 2 3 3 11 13 15 16 17
991WI6W8_faau81122rQxEGS8109,9,plain,none,mixed,1 2 4 5 5 8 12 16 28
991WYP9H5e64g3W9CcG40R8qAFW9,9,distinct,none,distinct,1 2 3 4 7 10 11 14 29
991W929LHHOor20W4XPaAb1GZb9Y,9,plain,none,mixed,1 1 5 8 9 10 14 14 19
991W4U28I4TnHiqHWc64o4KM6G-G,9,plain,none,mixed,1 1 5 5 6 11 13 19 20
991WKYPGiX7d768W1plMBCB4IdLX,9,plain,none,mixed,2 4 4 4 9 10 15 16 17
991WK30y0WOM5YmXG4308Yf9CnCI,9,plain,none,mixed,3 4 4 5 5 6 7 16 31
991W9XrIMuXuS2Y81Xz5o9PW8D0W,9,plain,none,mixed,2 4 5 6 8 8 10 14 24
991W0WC7d1GpisD27Iif8X0WI2Y1,9,distinct,none,distinct,2 3 4 5 6 9 12 18 22
991W9TaArHL8I0GCKg9Os2YBC50e,9,plain,none,mixed,1 2 6 6 9 11 13 16 17
991We5WUB54oGWJ20eFSP9WOIoWu,9,plain,none,mixed,1 1 2 7 8 9 16 17 20
991WSC0eIEGO6HeYa4XmcHX9KL9K,9,plain,none,mixed,1 3 5 7 7 11 12 17 18
991WH7h9IeHK328G95n0Wq-PXtGq,9,plain,none,mixed,2 5 6 6 6 7 10 13 26
991WGZarMmC3eqfg4XIdW13Yee88,9,plain,none,mixed,1 4 6 6 6 9 9 10 30
991W4J9Ia5oank8a23bMc0WG0-Ha,9,plain,none,mixed,2 3 6 6 7 7 12 15 23
991W229E6aib2AEY8Y1ulevaJ8QH,9,plain,none,mixed,1 2 3 8 9 10 15 15 18
991W579eK2idZKqWK5QrGJ5CnH45,9,plain,none,mixed,2 2 4 6 7 8 12 19 21
991W87fGMQ0xC5132123MPXaPAcS,9,plain,none,mixed,1 1 4 9 10 10 11 17 18
991WaA2ICZ6oI6GY2IKcuKL7HHWG,9,plain,none,mixed,4 4 5 8 9 11 12 13 15
991W4Kf1H2EJh16HGqZOpaI2jF06,9,plain,none,mixed,1 2 6 7 9 9 12 15 20
991W4154C294AgLfIabiG71t70R4,9,plain,none,mixed,1 3 4 7 8 8 8 20 22
991W1W8qA4a82A1WI4jIGY8oqb9A,9,plain,none,mixed,1 3 4 8 8 11 12 15 19
991WKB1GrOMHd28J9D92WHeS9YKG,9,plain,none,mixed,1 3 4 6 8 8 9 18 24
991W4q0eaqgARe8G8nx4vbSb8w0G,9,plain,none,mixed,1 1 2 6 10 12 14 16 19
991W1X6HGLIX8foe94fgOPgP6vqH,9,distinct,none,distinct,2 3 4 5 7 8 9 11 32
991Wa10oAD0G62j0a0WHKpK20cDX,9,plain,none,mixed,1 1 2 3 3 9 14 16 32
991W26ObKfIuieI4WP9YYAAkTg30,9,distinct,none,distinct,1 4 5 6 9 11 12 15 18
991W8U8eA3Y2EOKAIOT7ZPFEpOG1,9,plain,none,mixed,5 5 5 5 7 8 9 18 19
991WIAXGIH4Xr0G5bD94ZF8Y92GX,9,plain,none,mixed,1 2 5 5 11 13 14 15 15
991W0EKbw568C6j4KApM0nqoixA9,9,plain,none,mixed,1 4 4 6 7 7 11 16 25
991WH1oGq50PPHmGL2IAZ8f70W8C,9,plain,none,mixed,1 1 2 5 8 10 13 14 27
991WWOJqIf6Cb5PP858WG3mnkfa1,9,plain,none,mixed,1 2 3 4 10 10 15 18 18
991W4H589AKm1m0WCIb9P6niKbIA,9,plain,none,mixed,1 3 7 8 8 9 9 10 26
991W0eHrQHWP90Wue60GLp8cX0HO,9,plain,none,mixed,1 2 3 3 5 12 16 17 22
991W1WyM29XbGIIa4GW637Ii8aA8,9,plain,none,mixed,1 3 3 3 4 8 10 24 25
991W893fi0W13ZeYGB3GqZ5CJame,9,plain,none,mixed,1 3 4 4 7 8 12 15 27
991WKOn9HI4V_6A8XCCK6vaopiK1,9,plain,none,mixed,1 2 4 6 10 13 13 14 18
991W0I8K1mY2c8YawEJaPGCTRD1W,9,plain,none,mixed,3 3 3 4 4 4 9 19 32
991WY18c4T9IP6HG39I0vKd9hXOc,9,plain,none,mixed,3 3 5 6 8 8 9 18 21
991Wa2CjRk0bKX9CaWebpKaOJRWK,9,plain,none,mixed,1 3 8 8 9 10 12 15 15
991W4CdagaQ6HGCZGhvGOU4HSqI0,9,plain,none,mixed,2 3 4 6 7 8 13 13 25
991WGcMWC5o43EW8CLwL9WuJmS51,9,plain,none,mixed,2 3 4 5 6 8 10 10 33
991WH9mB26Wnl9b23CjIGec4HYTA,9,plain,none,mixed,3 4 4 6 7 7 12 18 20
991WQWbKbqLavk109371I1XO4gHC,9,plain,none,mixed,1 3 4 7 7 11 12 15 21
991W238ZAq2GqF0WYOIPQw0mCC2G,9,distinct,none,distinct,1 2 3 4 5 6 11 17 32
991W420n9A5YOGeQ5HqJeq90S7vG,9,plain,none,mixed,3 4 4 4 8 8 12 13 25
991WW124x8bQbqGCGgoRgsLGHanI,9,plain,none,mixed,1 4 6 7 8 12 12 13 18
991WH6LPE3f2P06Y0WEjOWfIbeCY,9,plain,none,mixed,2 3 3 5 10 12 14 16 16
991WW2H1eYAHAJeQ8Rtz2Wm8oEAe,9,plain,none,mixed,2 4 5 6 6 7 11 15 25
991W5BH8OfWE8P432z2WLftvDGWC,9,plain,none,mixed,1 1 2 3 11 11 13 17 22
991W8Y6XYFWL9YY04KbHBJ4A188k,9,plain,none,mixed,1 1 4 8 8 8 12 13 26
991We4WnL6En0W8418narDWOAJLP,9,plain,none,mixed,1 3 5 5 6 9 11 16 25
991W1G4qF2OYmW-84nOKI1WgqS81,9,plain,none,mixed,1 1 2 6 6 7 15 20 23
991W8YGHGQHDZ5I493yPKJ8uz7G8,9,plain,none,mixed,2 4 5 9 10 11 12 12 16
991W1NBPl1oxe8Q5GXgwHE24Bka4,9,plain,none,mixed,1 2 3 4 11 12 12 13 23
991WEFToOfaE0W9aI90XC0YKMOXG,9,plain,none,mixed,1 3 6 6 6 9 10 11 29
991WWKsuB9CnGHUO4UWkLZ2XKacG,9,plain,none,mixed,1 1 3 9 10 11 13 15 18
991W48Z7XYREa50mY5ez9QHe141W,9,plain,none,mixed,1 1 6 6 7 12 12 13 23
991WCXGXaLsaP7I4ePo1QX4Po4WW,9,plain,none,mixed,1 1 3 6 9 14 14 16 17
991WW0BY2X8pAQK8mY51A3mhAOs8,9,plain,none,mixed,1 1 5 7 8 8 12 19 20
991W2OH4G23dw0b8Wqao8YAagAGh,9,distinct,none,distinct,1 2 3 7 10 12 13 14 19
991W4IMMSa61ceG4HIWWq8Q08dOY,9,plain,none,mixed,1 2 4 6 6 6 7 11 38
991WK61wn4Ka2GtC424en2H4RWuH,9,plain,none,mixed,1 4 5 5 6 7 14 19 20
991W8jA72uagWg1GD8b9nmOcHbWG,9,plain,none,mixed,2 2 4 6 7 8 12 16 24
991W9aiea2IaGO001Jxy433GH8H6,9,plain,none,mixed,1 2 3 3 3 11 13 16 29
991W2Jc_oo1AYXpiI1ygap0eIXH4,9,plain,none,mixed,1 2 6 8 9 9 10 13 23
991W5IaNDAoAarUA40i8u1N9IYG1,9,plain,none,mixed,3 4 6 6 7 9 14 16 16
991W20a416Q6sBY861OA4HHK933m,9,plain,none,mixed,1 1 4 5 8 10 13 16 23
991W9jL34ceqa2HAK9Ply1u7IQ10,9,distinct,none,distinct,2 3 4 6 8 11 12 17 18
991W0W7o4oEWKB2m94ekN1WO6D0e,9,plain,none,mixed,2 4 4 4 6 6 10 22 23
991W0eWC4Z4CGC52oWaC52p4g9cI,9,plain,none,mixed,1 2 3 3 9 9 9 22 23
991Wo939QHzA1GG89CGOEE0D4Wv4,9,plain,none,mixed,1 3 5 5 8 9 10 17 23
991W0X4GT4Y8g7AY0Wqc4RAoaX3G,9,distinct,none,distinct,1 2 3 5 7 11 14 16 22
991WGaf4n7We62Ze4268beZGe61W,9,plain,none,mixed,1 4 5 5 7 8 13 15 23
991W9APaCZWb9b0WW40ZAIewKgIe,9,plain,none,mixed,2 4 6 8 9 9 9 14 20
991WM4YceaA81AOI5adHWWDFQX0G,9,distinct,none,distinct,1 2 4 6 7 8 12 13 28
991W34_E28XDBo3WK2c4X8G2gao2,9,distinct,none,distinct,1 2 3 4 8 11 15 18 19
991WW8F9C94b9bb1660Y6YbAH8Qm,9,plain,none,mixed,1 1 2 6 7 12 15 18 19
991W919xf5ZGHjvX6YLGiGvrn250,9,plain,none,mixed,3 4 6 6 8 11 11 12 20
991Wn4A2XM6v824KX5W86HKPgIa6,9,plain,none,mixed,1 2 4 8 8 10 12 15 21
991W8aQ6YW41t2G85aA6XOErD1G8,9,plain,none,mixed,1 2 6 6 7 8 9 11 31
991W2cmLej8pI4I0YgDyiCH2eIL9,9,plain,none,mixed,3 3 6 6 7 8 10 18 20
991WWGGI5Y1On1OPn498M2udqg4W,9,plain,none,mixed,1 1 3 4 6 14 15 17 20
991WUbhQpB0G2Gm4I00GY3GH8W86,9,plain,none,mixed,1 1 3 3 6 7 9 23 28
991W2lenKTLHCZ4uaCYaW4W94LSW,9,plain,none,mixed,1 5 6 8 10 11 12 14 14
991W0mR5fSXWHCWa3aKn71mNeE0G,9,plain,none,mixed,1 3 3 4 5 6 14 22 23
991Wn4H4JKmIGauo59G920qcFJ00,9,plain,none,mixed,1 2 4 5 7 7 16 18 21
991W10eg0WC3uzT19IGaGa6Xea5G,9,plain,none,mixed,2 4 4 5 5 8 10 14 29
991W92HwoiVHWO80eOJ494WOI0iP,9,plain,none,mixed,1 3 4 5 8 11 11 12 26
991W91l8-52Xz4524aWKgbI4WaEE,9,plain,none,mixed,1 3 4 4 6 10 14 14 25
991W5XOI4K4Pxon051OT70W1H28a,9,plain,none,mixed,1 2 3 6 6 7 16 17 23
991W0YU4J9M89CG25d5Ib8oyYKYG,9,plain,none,mixed,1 2 3 10 11 13 13 13 15
991W4a4PJ0C3mYJ88oJpy50HCh14,9,distinct,none,distinct,1 3 4 5 6 10 11 13 28
991Wa4WeQLia61WZ081eNSmT4GWX,9,plain,none,mixed,1 3 3 5 6 6 16 17 24
991W10OB6I08YAIC10826ojoSD2G,9,plain,none,mixed,2 3 4 4 4 4 6 21 33
991W9AWaao0U2198qI4WU4V99Heg,9,distinct,none,distinct,1 2 5 6 9 10 11 15 22
991WaZJAuGA6QIL8IfRL8607o3Gn,9,plain,none,mixed,1 3 6 6 6 7 8 10 34
991W90gIMAoCfcOPK3e9bVGnf040,9,plain,none,mixed,1 3 5 8 9 9 9 15 22
991W8oaJbFJ44Yw08WSNpv5ITR0G,9,plain,none,mixed,1 4 6 7 7 8 13 16 19
991W5148K4Z4ndm5AICX8d4AX893,9,plain,none,mixed,1 4 4 6 6 8 13 15 24
991W15XO490u1cX5C2ZAnQc60mS6,9,plain,none,mixed,2 2 2 2 10 10 10 17 26
991WB2_84B085I8iK2X84os4HuH2,9,plain,none,mixed,1 2 5 7 7 7 14 17 21
991W3HGC8-LcR7aX2H468k44DWgW,9,plain,none,mixed,1 1 4 7 9 10 12 17 20
991W54GDQZ8AQH-eKrAaYnX1OcK2,9,plain,none,mixed,1 2 6 6 7 13 14 16 16
991WA5YelYOW8ga9mP9IuH4Y2YGc,9,plain,none,mixed,2 5 6 6 7 8 12 14 21
991Wc7XuObum3XGA4908b2yoBo0W,9,distinct,none,distinct,1 3 4 7 8 9 12 18 19
991WE8YGg10qK1i3WZ8qc7qE2We8,9,plain,none,mixed,1 2 2 2 11 12 13 16 22
991WGpqI41KqAjGa0W63IeT1rZ1e,9,plain,none,mixed,2 3 4 5 5 7 13 18 24
991WeSI4keXZ4b2986cc7YiIieW5,9,plain,none,mixed,1 3 3 6 8 11 11 17 21
991WOMPUY4YKOHBKA3KAJY18fOO4,9,plain,none,mixed,1 2 6 6 7 9 10 17 23
991W80iI5ahCH5IWAIGpik4r38J4,9,plain,none,mixed,1 1 7 7 10 12 14 14 15
991W40KvYZKoS4YKPLHJCShv83o4,9,plain,none,mixed,1 7 7 8 8 10 10 11 19
991WMPqIp0831oGcKg8I431GjS88,9,plain,none,mixed,1 3 4 6 8 8 11 13 27
991WO13gRgIT22SC95J4tnjWHXKQ,9,plain,none,mixed,1 5 5 7 7 8 14 15 19
991WaLA285WRY8H89CMSh71dP8m4,9,plain,none,mixed,1 3 4 4 7 11 14 17 20
991WWucAafa93YWWG0W82pF4mbGK,9,plain,none,mixed,2 2 2 4 6 12 13 20 20
991W51G80RA9YG744X4G64XYexk8,9,plain,none,mixed,1 1 3 3 4 6 10 23 30
991WB1gGInSjJa08A6XVqsjKoYGW,9,plain,none,mixed,3 3 5 8 9 11 12 13 17
991Wea9Yu1WM7ac8e1724Xm80YWh,9,plain,none,mixed,1 1 1 6 7 8 14 18 25
991WIKaK6efI8k43KKe515maP4i8,9,plain,none,mixed,1 4 6 7 8 9 9 17 20
991W821ne-DIkhGLI7K1R0G20o58,9,distinct,none,distinct,1 2 3 4 5 10 11 16 29
991WqC92WMmoA5n266WI1ecMZIWu,9,plain,none,mixed,1 2 5 7 8 9 11 11 27
991W4a8H7Ekaf8XCa8jIG92hk6WG,9,plain,none,mixed,1 3 3 5 6 9 14 14 26
991Wek8KN0q410lD456WO30AKH88,9,plain,none,mixed,1 1 3 3 9 11 12 13 28
991WH4DaG04E6v0G4X5X8IGgneXM,9,plain,none,mixed,1 1 3 4 5 8 12 15 32
991W8HGZH3nqHnA00m8ur9UFuQH2,9,plain,none,mixed,1 2 3 5 5 11 15 19 20
991W814G48Y8AJLG31GLbbH2GK74,9,plain,none,mixed,1 1 3 8 8 10 11 16 23
991WX993OK7G6e401KeM9khix2fH,9,plain,none,mixed,2 3 6 6 9 10 13 14 18
991WGZ2ge-WG42XHI129OwhHqJ4W,9,plain,none,mixed,1 2 3 6 6 10 11 20 22
991WG56DaeMArHua44A4XNKwHNgK,9,plain,none,mixed,4 4 6 6 6 12 12 12 19
991W9OvsTI89IMN00S2NJ5oI0Rc2,9,plain,none,mixed,1 1 1 5 9 9 14 20 21
991WGIuk65ZqcYX86XI99X2C98A2,9,plain,none,mixed,1 2 3 9 9 10 13 15 19
991W3pJIvOUKRP0eueNJ98y8Seea,9,plain,none,mixed,1 1 4 8 9 10 12 13 23
991W13HKqW9KP4XW93HEYLLME20W,9,plain,none,mixed,1 1 5 6 9 9 13 17 20
991W3WuEoQL3EOSn32yN30iT9YaG,9,plain,none,mixed,2 3 5 5 7 7 12 17 23
991WA8XJ1XOHPAB29EQ5170m3cma,9,plain,none,mixed,1 4 4 5 6 7 14 18 22
991W94GA3fL8GaB4K4c821XC9L1O,9,plain,none,mixed,1 1 4 5 8 11 14 17 20
991Wc5vU8ZjZ10HK18GjAH0eZ1G8,9,plain,none,mixed,1 2 2 7 10 12 13 13 21
991WGIE3a31GBYG1OL7T42Gc8uKa,9,plain,none,mixed,1 1 3 5 6 12 16 18 19
991W4WGCXBKD1CH82JeuCAZ518IK,9,plain,none,mixed,2 2 2 3 9 10 16 17 20
991W42r24anjYea3YOpuD8HJdyv0,9,plain,none,mixed,2 4 4 4 7 11 12 16 21
991W8aal8t6nqH0W30hKaO8YGf8I,9,distinct,none,distinct,1 3 4 5 10 11 12 13 22
991W8i34T9MI62W8992G8nCKJCZG,9,plain,none,mixed,2 2 5 6 6 8 15 18 19
991WW38r21XF4Ymma92SFfEboiYa,9,plain,none,mixed,1 3 3 9 10 11 12 16 16
991W2GWW9uHJH90g51yPI4yFAHIe,9,plain,none,mixed,1 2 3 6 6 11 14 16 22
991W4PINa5Y892S4e1mC2L55ey4Y,9,plain,none,mixed,1 2 4 6 6 11 15 16 20
991Wa2Og8JXOq2iQX088ipP0W28n,9,plain,none,mixed,1 1 2 3 3 13 14 18 26
991W4I62o2t-61WK56XKc18n94WO,9,distinct,none,distinct,1 3 4 6 9 11 14 15 18
991WmCDad0XPh2GK4cH8Bp8KH8H8,9,distinct,none,distinct,1 2 5 6 10 11 14 15 17
991W6HeSfCcXdk0H8WaIBmfqGeGH,9,plain,none,mixed,1 1 4 5 6 15 15 15 19
991WoBWWBYmrWO12O2MaX4WW72qZ,9,plain,none,mixed,2 2 2 4 6 7 13 21 24
991WZ4ru6DJ4Y2eW4fGaHWuTGKB2,9,plain,none,mixed,1 2 3 5 10 10 12 16 22
991WI4c44muQl8GGAqmC2Zbp323G,9,plain,none,mixed,1 1 4 5 6 13 15 16 20
991WHJuQfaGSJCX8AnYKP8WYS800,9,plain,none,mixed,1 1 3 3 8 10 11 20 24
991W0SouE25AGXI4AOX6JXsnSdpa,9,plain,none,mixed,1 1 5 7 8 12 13 16 18
991WKL9EKH8818Hq0W6GaMXCABW8,9,plain,none,mixed,1 2 3 7 8 8 8 13 31
991W40ZOKMN82I8OJ2H8Kx8z9IOC,9,distinct,none,distinct,1 5 6 7 8 10 11 15 18
991W54Wq98o7X8G2Wv1GCF2eIKH8,9,plain,none,mixed,1 2 4 8 9 10 10 11 26
991WfQGY9IgSCWfqGWuF41i4VI2G,9,plain,none,mixed,1 1 2 8 8 14 14 16 17
991WC1AcIjNKA20WD41aXjBqc4XG,9,plain,none,mixed,1 2 6 6 6 7 15 18 20
991W8H3exoWaz842KHH2ecGi5YUK,9,plain,none,mixed,1 2 6 8 9 11 11 16 17
991WY4LUB2COEQGK0u0WBKAuEbAC,9,plain,none,mixed,1 1 7 7 7 9 11 14 24
991W9aOYOiJG8WmXD2JK1myCLo4W,9,plain,none,mixed,2 2 4 6 9 10 11 16 21
991We1108mG4PmW98gBaqX8I4ZGJ,9,plain,none,mixed,1 1 2 7 8 8 11 20 23
991W80bX2HSHZ7fYH48XulqO3XIW,9,plain,none,mixed,1 2 2 5 9 10 13 18 21
991W2g79yYoia8XIW1bepFiC4A4X,9,distinct,none,distinct,1 2 4 6 9 11 12 14 22
991W10d3INd6F28Y94mK2XJgP0gA,9,plain,none,mixed,1 4 4 6 8 9 14 14 21
991WI11gj958G3WZYA1EVAT8U1aG,9,plain,none,mixed,1 1 1 2 11 11 16 16 22
991W9WsMZaah71mO8518nEGD6FGW,9,plain,none,mixed,2 3 5 5 9 11 12 16 18
991WI9XIGeE112H4XrEZe410H4nG,9,plain,none,mixed,2 3 4 5 7 7 8 11 34
991We981I2MAa82KE792sXqrBEZG,9,plain,none,mixed,2 2 2 4 5 5 7 22 32
991W8L1GaUpjC9M082QI3fc5cfgb,9,plain,none,mixed,1 1 5 7 10 12 13 16 16
991W4aw1SiHq70H42N64k8P2a70G,9,plain,none,mixed,1 1 2 4 7 10 15 18 23
991W4XrvGiFRlOr54Wb48YY1HEWG,9,plain,none,mixed,3 3 5 7 7 7 13 14 22
991W36fsIeL39Z4y61Y4868pp185,9,plain,none,mixed,1 1 5 9 9 11 11 14 20
991W991G94v2ehW83SZqOQAw4X0G,9,plain,none,mixed,1 2 2 6 11 12 14 16 17
991W11WM65yE8k9G4X4A3QJWD559,9,plain,none,mixed,2 3 3 3 7 8 13 20 22
991WI8WSAYCYI6288U5aSnD4P4XO,9,plain,none,mixed,1 1 6 7 8 10 13 16 19
991WWP6XKdIdHaX8X2WKQ8YAagWa,9,distinct,none,distinct,1 3 7 8 9 11 13 14 15
991W2YGIwJ129CH28n0kw9Wexo8o,9,plain,none,mixed,1 1 5 7 11 13 13 13 17
991WZ6beHeP6YIqqGDuYW84ceOL4,9,plain,none,mixed,3 3 4 5 6 8 14 14 24
991WqX4W92fWH5fS18G8N1uCEw1W,9,plain,none,mixed,1 2 2 3 6 12 18 18 19
991WSH9YJLs51GiOH4YmK0aY2ga8,9,plain,none,mixed,1 1 5 7 7 8 9 19 24
991W7A84A8v0GNX8f7noeIAeK8YE,9,plain,none,mixed,1 1 5 6 6 6 12 15 29
991W1aj692J4k7e3Z8Of30dE8a60,9,plain,none,mixed,1 1 3 4 9 11 14 19 19
991W442WSHHuWeG4OIJOh0WC5n4n,9,plain,none,mixed,1 1 1 3 9 11 12 19 24
991WC1mD9YGca0WA1WG4i7QLINGK,9,plain,none,mixed,1 1 2 5 8 12 12 19 21
991W0iJGCY8acaM2Q8yi569aho0Z,9,plain,none,mixed,1 1 7 8 10 11 13 15 15
991WI5345WfgHXQ5eC4h9zHK9G40,9,plain,none,mixed,2 2 2 3 5 11 12 21 23
991W2sHOQsDFbv0mX86jL3Je8e8W,9,plain,none,mixed,1 2 5 5 9 11 14 17 17
991WC488m9n4NIfC82ZpSkoIYKjD,9,plain,none,mixed,3 3 6 7 8 10 11 12 21
991W1GMa0aGJS8GGLJOgJaD3E0n8,9,plain,none,mixed,1 1 2 3 7 9 12 14 32
991W54HSdBD0mA2X333Qo11W40WH,9,plain,none,mixed,1 1 3 6 8 9 10 13 30
991WP2HaOaL1XgMKY8vA6HWOD1O1,9,plain,none,mixed,2 5 5 6 6 10 13 16 18
991W2X5nmU3GENG04ILMAOK718Go,9,plain,none,mixed,1 3 3 4 5 7 13 16 29
991Wa0WBaN1E3cKAfXO94gebAK8H,9,distinct,none,distinct,1 2 5 6 10 11 13 16 17
991W2WI4d5omCAiaIXKD22A9aH8H,9,plain,none,mixed,2 4 4 6 6 7 11 18 23
991WuXmGKotH2KK869GhkvTAaI4I,9,distinct,none,distinct,1 3 5 6 9 12 14 15 16
991WC2abXDiHOxE080eKDx5vAJJ1,9,plain,none,mixed,1 1 6 10 10 12 13 13 15
991WLK6bUCWM210OK6X04A-aI4Ga,9,plain,none,mixed,1 2 3 4 4 14 14 14 25
991Weaoo3H9K2mO4n2JeYFGYtJG6,9,plain,none,mixed,1 1 6 6 9 10 13 16 19
991W0D4IIymSGeW8bqocfYu855AY,9,plain,none,mixed,1 1 4 9 10 11 11 14 20
991WEOec4WKAA4WZWa93f3Hv4Pq4,9,plain,none,mixed,1 1 5 9 9 10 11 13 22
991W4IL4Gk86g33a50jAd1yTyCG4,9,plain,none,mixed,1 2 6 6 9 11 12 17 17
991WO7nsYA5Sd4M481ymEB9OyP6A,9,distinct,none,distinct,1 3 4 8 9 10 13 15 18
991WA9WF0mykzdOTWaH1o8qmI0b0,9,distinct,none,distinct,1 2 5 6 7 10 11 12 27
991W0uwG5oZfJB1Gf4j6KKAIP9Ge,9,plain,none,mixed,1 2 4 6 10 12 12 14 20
991W9WmKD2IFSEYW10eDeTSOb1WK,9,distinct,none,distinct,1 2 3 5 8 11 15 17 19
991WL38gIeid9qg631Mc24WBY0WI,9,plain,none,mixed,3 5 6 6 10 11 11 14 15
991W2IB24CaP93GmIZ9AZBid98IG,9,plain,none,mixed,1 2 6 6 8 9 13 15 21
991WD598CH50iQXe82NeN29Yuc9C,9,plain,none,mixed,3 5 5 6 7 9 9 13 24
991WngeiDEo1Wh8AGH69IdcWI0m4,9,plain,none,mixed,2 4 5 6 6 6 14 14 24
991W211990GRq4X8L5Om8EeaF3XK,9,plain,none,mixed,1 4 4 5 5 12 12 15 23
991W2HiZC2J2rUGeWecCvb0H3AH2,9,plain,none,mixed,2 2 3 6 7 9 15 16 21
991WM4H7Ps8ISP5W00EiYmY8M1H1,9,plain,none,mixed,2 2 2 5 8 9 16 17 20
991W86c9JpnW8a4i57IBqCW981Qb,9,plain,none,mixed,1 2 2 3 8 9 14 15 27
991W0-ZXB0bX8eXGc3kUI4dYydI4,9,plain,none,mixed,1 1 7 8 11 11 11 12 19
991WY0po4YZe1my4fKabKL66GLHH,9,plain,none,mixed,1 4 5 7 7 11 11 16 19
991W4h6nhMbqaeM3K8IG90eY7vWY,9,plain,none,mixed,2 2 4 7 9 10 13 16 18
991WWKcbbcg4uE10GPnHF2pyYA20,9,plain,none,mixed,1 4 4 7 8 8 8 13 28
991WH7nJc2fICa4acAY7Mg1eALCm,9,plain,none,mixed,2 5 6 7 10 10 11 12 18
991W4D0Z4096KGiOZ4o2ujNMshNG,9,plain,none,mixed,1 2 5 5 6 10 12 17 23
991W9IDY8J8b29WuHaKb40eCW7X4,9,plain,none,mixed,2 2 3 4 6 7 11 13 33
991W6ZmBDKiqA2W8aP6PQZOSy0X0,9,plain,none,mixed,3 5 6 7 7 9 11 13 20
991WX0QARBmcJYuXo30c50nXAe60,9,distinct,none,distinct,1 2 4 6 8 11 14 17 18
991Wb4Hmi0e52MGKaYB1abDV60W2,9,plain,none,mixed,1 2 2 8 8 9 11 20 20
991W0PbbT15I1WcHXKGOQ9rUAYeG,9,plain,none,mixed,1 4 6 7 7 10 12 16 18
991We6I410aH42Cb0E1WegwsHqPK,9,plain,none,mixed,2 3 3 7 7 8 9 13 29
991W118K6U9GO50o4WeH7g2mK9cf,9,plain,none,mixed,2 3 5 5 7 8 8 19 24
991W20aP2sXODFIC4X466N4a8130,9,plain,none,mixed,1 1 2 5 8 8 11 21 24
991W9AKPsCWM4H8Ho20OM4HC20Ua,9,plain,none,mixed,1 2 4 6 7 12 13 18 18
991WD5WfYoje989293Vw14I40YXW,9,distinct,none,distinct,1 2 3 6 7 8 13 14 27
991W84tI6EZsE1uIHJ75qvXjgiG4,9,plain,none,mixed,4 4 6 8 9 9 10 11 20
991WWooGH7M69kA22ExD6cggLDX0,9,plain,none,mixed,1 1 3 7 8 9 12 18 22
991W9IIe0WmAXYOm8aP69IHqEGA2,9,plain,none,mixed,1 1 5 6 7 8 15 18 20
991W841WO2GK2WmCqD3020G65XGK,9,plain,none,mixed,2 2 2 3 4 6 8 24 30
991WGeM99EDa16mKAP468I5YkB28,9,plain,none,mixed,2 3 4 5 5 6 13 20 23
991W4umiAIWYU281XKL31eGkhY6G,9,plain,none,mixed,1 1 5 5 8 13 14 16 18
991WH90ceiSq67W01EntM9MKQ30e,9,plain,none,mixed,1 1 2 3 3 7 17 18 29
991W6eI76haEF3AG2R6nh0geXbaX,9,plain,none,mixed,1 2 5 10 11 12 13 13 14
991W2WNai8MIKdoYGIH14ZcwWuXG,9,plain,none,mixed,1 2 3 6 10 10 14 16 19
991WY088IdX9EDWaWW4kDIdXu10S,9,plain,none,mixed,1 1 3 5 6 7 12 20 26
991WE2YGfA843X0H661WACeCEYGb,9,plain,none,mixed,1 1 1 6 8 9 12 20 23
991WC2CB4Y6CbXL410eBqsPAJ9eX,9,plain,none,mixed,1 3 6 6 7 11 11 17 19
991W4Y96Y18T11KKK610m5PwS0W7,9,plain,none,mixed,1 1 3 4 7 7 13 14 31
991Wi1mSWKk2HayXC9oB2YgHD3C8,9,plain,none,mixed,1 1 2 7 10 10 13 15 22
991WH8YuOLEOG28X5BWcL2I8Y9Eg,9,plain,none,mixed,2 3 3 3 6 11 14 18 21
991W4H0OU26B69O48omy544R6HQA,9,plain,none,mixed,1 1 1 5 8 13 15 18 19
991W0ugYs2GoHKTma10rO5szeWs8,9,plain,none,mixed,1 1 3 7 10 12 14 15 18
991W4Ohun8G2CO91YXD29C9YMfUG,9,plain,none,mixed,1 3 4 6 9 9 11 13 25
991WXQ9KPA9A9KL4650lyP6TM8G1,9,plain,none,mixed,1 4 6 9 9 11 12 14 15
991W33ZSHu6ZSL0WKJr8WoJ453W2,9,plain,none,mixed,1 1 3 6 8 11 15 16 20
991Weg8vND49ZkeNJ14g2KWJD705,9,plain,none,mixed,1 2 4 7 10 10 15 15 17
991W8pMY2Hb_o0aKP088f757YcOX,9,plain,none,mixed,1 2 4 6 6 9 16 16 21
991WW005acPR5nG4e10C52ajT698,9,distinct,none,distinct,1 2 3 5 7 8 9 19 27
991WO2HelPWO59GA2Y714IbKeQ2G,9,plain,none,mixed,1 2 6 7 9 9 12 17 18
991W60Ye61gZet4MA491Qia101CO,9,plain,none,mixed,1 2 4 4 5 9 10 15 31
991WM5WN8RmVHOW4MKA4h117D5WY,9,plain,none,mixed,1 2 4 7 10 10 13 16 18
991WYIQDUcJ4O70E3EJ99XN4SQ10,9,plain,none,mixed,1 1 4 5 10 10 13 14 23
991W2K0H5bw5HiRA4XpGq8WH92Z4,9,distinct,none,distinct,1 2 4 6 7 10 15 17 19
991WAKY5CAWOUJ8eCagC91j492V1,9,plain,none,mixed,1 2 4 6 7 9 10 10 32
991W9KPaIBoQf58m2Xh9DYGmJe41,9,plain,none,mixed,2 3 5 8 9 10 10 14 20
991WGo284aiQ-H8OGcJwV48nCOuI,9,distinct,none,distinct,1 4 5 6 10 11 12 13 19
991WeDAZsee_928A80ZurIa42gJ8,9,plain,none,mixed,2 3 3 6 9 10 12 16 20
991W2meB9Kf7XuI24HGGC30O8zW2,9,plain,none,mixed,1 1 6 7 7 9 9 18 23
991W6IyFN4n9JP4G8o8Iqc0AX2G9,9,plain,none,mixed,1 3 3 7 8 9 14 15 21
991W8Y95Gp0OE3Z820bP31aGS83G,9,plain,none,mixed,1 2 2 3 5 11 13 18 26
991W0HBIDGW8qMCb8cGX4fIGeQ8K,9,plain,none,mixed,1 3 3 6 6 8 16 17 21
991WY92GA9rZaoqGaIydFACA4na4,9,plain,none,mixed,1 4 7 8 9 9 10 12 21
991W8u0u9acus1Wa2ChKELmn8908,9,plain,none,mixed,1 1 4 5 6 12 12 19 21
991WKX8A4B8H5Wfg612HY6O40Zmm,9,plain,none,mixed,1 1 2 6 6 9 16 19 21
991WK4Gb9QHUxaY42XLQ38Y94XX8,9,plain,none,mixed,3 4 5 7 11 11 12 13 15
991WXaam80Y9EU441OvDF5g4XOL8,9,plain,none,mixed,1 3 5 5 6 9 15 16 21
991W0aafPKLqy494X8PY61AoXuGS,9,plain,none,mixed,1 1 5 5 11 11 13 15 19
991W2H0goOe91Roa2Y0GSl4617p2,9,plain,none,mixed,1 2 2 5 7 8 17 18 21
991W0aceqBLcLKbWXDnm3IE2a9n3,9,plain,none,mixed,1 3 3 6 7 9 14 15 23
991WIAJhAb4bA90Wi3FB6HhC25Wa,9,plain,none,mixed,2 5 5 6 8 10 12 16 17
991W92VFuN0H7WGq54GCTN8KDfGO,9,plain,none,mixed,1 1 8 9 9 10 13 14 16
991W2XP6XOE4bLIK52T4H820E20E,9,plain,none,mixed,1 2 4 4 8 8 12 14 28
991W40GBx2963wEYAXWi7fxOCaGX,9,distinct,none,distinct,2 4 5 6 10 11 12 13 18
991W21uRmA0G2ym2OKfvQQL4XoP4,9,distinct,none,distinct,1 2 6 7 8 9 11 15 22
991W6WAQHely_20ZO38e8iXoI0aG,9,plain,none,mixed,1 1 1 7 9 13 13 16 20
991W5XB5Tg0GaWm89bmCB59HqYH4,9,plain,none,mixed,1 1 5 7 8 9 13 18 19
991W2WanjC74IM08C0GHGrELkRa7,9,plain,none,mixed,1 1 2 4 9 11 16 17 20
991WHIIS51eK59OIGY6XOJb16W20,9,plain,none,mixed,1 1 4 5 8 8 11 20 23
991WK34A5ADfXG820XoKI7WSEagI,9,plain,none,mixed,3 3 3 4 5 7 13 21 22
991W124m7HDpW4R6CJOur92WaeHe,9,plain,none,mixed,1 2 2 4 5 11 12 15 29
991W8YGNkKWlqIGW52OyLYGefqiH,9,plain,none,mixed,1 6 7 8 9 9 12 14 15
991W2Hmd56W4bPI871W8S8LSmwD5,9,plain,none,mixed,2 3 4 4 5 8 14 17 24
991W9HGH6q6WCIT41WeRb28IKc6C,9,plain,none,mixed,1 5 5 6 8 8 11 18 19
991W2D7HK91H9oWWS8WK4uS71GEf,9,plain,none,mixed,1 2 2 6 7 12 12 12 27
991WC1WS6URq5t4f1X85aeaOQdn8,9,plain,none,mixed,1 3 5 6 7 12 14 14 19
991W4K30i4WyN9I6I3gSg1C120c9,9,plain,none,mixed,1 2 4 6 7 7 10 11 33
991WmC2e62aAJ0KG8a94F0r7H4XJ,9,plain,none,mixed,1 1 2 3 13 13 13 16 19
991WP2WeF1WmRvmH0GA4EWoH928b,9,plain,none,mixed,1 1 1 8 9 12 13 15 21
991W4g5GD4h4n4L8YaWnuH48EQ5Y,9,plain,none,mixed,2 3 3 6 8 8 13 17 21
991W2H0JpiKObCWa90apCholYDWW,9,plain,none,mixed,1 3 3 5 8 13 15 15 18
991W11940Hqo4YGgC31GNv68ypWm,9,plain,none,mixed,1 1 2 8 10 12 14 16 17
991W40G51ulIBC2W2XmN4fwI9118,9,plain,none,mixed,1 2 3 7 7 8 11 19 23
991W110Q59Za432941KP5ityO20X,9,distinct,none,distinct,1 2 4 5 7 10 11 18 23
991WH7EfjkY4GGfY45GBerCeb6QY,9,plain,none,mixed,1 2 4 4 6 11 15 17 21
991W4W4A52gHPPR010u97wpKySeC,9,distinct,none,distinct,1 3 4 6 8 9 10 15 25
991W26H4SXP1EeA492QUV4xCDGW4,9,plain,none,mixed,1 1 5 8 11 12 14 14 15
991W233U6RrU2w6IIZ1SXw9G94ja,9,plain,none,mixed,2 4 5 9 9 11 12 12 17
991W9OGS35R9iM1WUBAiAbGO40Y2,9,plain,none,mixed,1 4 6 6 7 8 14 15 20
991WK92eSbYSKs8O8Srm8qGrEGmE,9,plain,none,mixed,1 1 4 7 11 11 12 13 21
991WIj4XA-Gn9YPgY509M9GrB9W4,9,plain,none,mixed,1 3 4 9 11 12 13 14 14
991WO20WCBMheaam40g9AXCT5Hi4,9,plain,none,mixed,1 2 4 8 8 9 11 13 25
991W924bL6RMs14W208mMM9aiAH7,9,plain,none,mixed,1 4 5 8 8 10 14 15 16
991WAYYmhAV1Ib5H9418C58a39Q4,9,distinct,none,distinct,2 3 4 5 7 10 13 18 19
991WLefK18HoizWWDEa72E4YoWG6,9,plain,none,mixed,1 1 5 5 6 6 15 15 27
991WCE1GIjgbYW81KeGiw10k8YqX,9,plain,none,mixed,1 1 3 7 8 8 9 21 23
991W10K5HjoAaMi893892XOIEWMY,9,plain,none,mixed,1 2 4 7 8 10 10 15 24
991W2IOAhJ4ISKJ84I0aoj1Heiva,9,plain,none,mixed,1 3 4 4 6 8 15 17 23
991W8fb5Wq8aC1212_hAH8L5AQ6G,9,plain,none,mixed,1 2 3 6 9 12 12 17 19
991W1vio9HKK64WOWa934-Aa4708,9,plain,none,mixed,1 2 4 6 6 8 17 18 19
991W4N2cn50e20mK8bAgXbzGGYAY,9,plain,none,mixed,1 4 6 7 9 11 11 12 20
991WGHGYaI6f40K2B1IK_8g6HIMI,9,plain,none,mixed,1 1 3 6 11 12 12 17 18
991W5HBIHOc1Kg9C85Sa9oCwYoo4,9,plain,none,mixed,1 5 7 7 9 10 11 13 18
991WWQnWHo9HYGqCabGugAHWageH,9,plain,none,mixed,1 5 5 6 6 11 14 16 17
991WG43063ynAHmJI2WeCWqoAJ4Y,9,plain,none,mixed,1 4 5 5 8 8 13 14 23
991W471Gd2qx38aI8p2Gn1aW7XC6,9,plain,none,mixed,1 1 3 6 8 9 11 21 21
991W8Y7XlaxZA50GIJL2cAgaZAH8,9,plain,none,mixed,3 4 5 6 7 13 14 14 15
991WCIZe30Wc71AX8K0WBQmIAYMa,9,plain,none,mixed,1 1 5 7 8 9 13 13 24
991WqHuH4Yb8Y0WA4fGO29XHaV08,9,plain,none,mixed,1 2 5 6 7 9 17 17 17
991Wf8gx8ef4118I13mmmAAQcY51,9,plain,none,mixed,2 2 3 6 6 9 9 13 31
991WH4XeN4mf23Y020afPbUGA2Wa,9,plain,none,mixed,1 3 7 7 8 10 12 12 21
991W13AC4GG6a5W5HMDXeVQLz3W9,9,plain,none,mixed,1 3 5 7 8 9 13 13 22
991WX4Y4H7i65YGCIEWG2nNS41eA,9,distinct,none,distinct,1 3 4 5 6 10 14 18 20
991WWN5PLB5AmW421ff8a4WaD3kG,9,plain,none,mixed,1 1 5 7 8 9 11 15 24
991W9108e24qgsWK918HfUcD30eK,9,plain,none,mixed,2 3 5 6 7 10 10 14 24
991WK2ZGpcDOf14XCaIGN_WK8WeI,9,plain,none,mixed,1 2 4 7 11 12 13 13 18
991WKcCY92Xqb0bn0WH9b1iO8aA0,9,plain,none,mixed,1 3 3 3 11 12 14 16 18
991WYTYenKIaIXm754oYxYsebf4W,9,plain,none,mixed,1 3 4 8 8 11 14 14 18
991WAI5ERXhSAO2061PgF2Z6ci84,9,plain,none,mixed,3 3 5 6 8 10 12 14 20
991W40YGbgR41mSCK2GeCD0HB24a,9,plain,none,mixed,1 2 2 6 7 9 12 16 26
991W2WgohL0mI8Xa8bDCKILHO61G,9,plain,none,mixed,3 3 3 4 4 8 15 15 26
991WeAz9oNWF22aGK218aug5IOKR,9,plain,none,mixed,1 2 7 7 9 10 10 14 21
991W249g4YWQ4a13eA1YUaIuk0S6,9,plain,none,mixed,1 1 2 4 8 12 16 18 19
991WA44O22X87h98GaFELJ7IrD6H,9,plain,none,mixed,3 4 5 5 9 9 13 14 19
991W4GmYsFYyB8WG12CBSyQfuyD3,9,plain,none,mixed,4 4 4 6 8 9 12 16 18
991W0Gm9kTWe8X5m8WeJAZ24nC9H,9,plain,none,mixed,1 1 2 4 7 11 16 18 21
991WGSN88XHlZGuGGgG8F2LejOf2,9,plain,none,mixed,2 2 3 4 8 10 14 14 24
991WY8XaC2GH4c8OWK5Y6p1n2GuA,9,plain,none,mixed,1 1 3 5 6 12 15 19 19
991WM9UQkC22DlI4W8uL917X9eX8,9,plain,none,mixed,1 2 5 8 8 10 11 11 25
991W91afQeG2AYp42H0nr5I1cgG4,9,plain,none,mixed,1 1 4 4 8 8 12 13 30
991Wv8514KfEq1e41aAqD0KQbv92,9,plain,none,mixed,1 1 3 4 5 13 13 14 27
991WICXKMI8e6X8JG80G569uE2KK,9,distinct,none,distinct,1 2 3 5 8 10 12 17 23
991W4eHV9ILcah4GI8tXnoH4h489,9,plain,none,mixed,1 1 5 8 9 10 12 12 23
991WR96IeMDrL1AI0v84g800Yl0C,9,plain,none,mixed,1 1 2 8 10 10 11 11 27
991W6XFWHZK5Y0qABaWuK8WC8rA5,9,plain,none,mixed,1 1 3 4 6 10 13 21 22
991W8F1Ik4Ao5miYO9nqYHCoD4H5,9,plain,none,mixed,2 4 5 5 7 10 15 16 17
991WGLgW3z9o98YWA586QRNcrE1G,9,distinct,none,distinct,2 3 5 7 8 9 10 18 19
991WI6HAnCTS1WW82234H4YcSWmS,9,plain,none,mixed,1 1 5 8 8 10 13 14 21
991W214DDDudI8Z840iKAF0SK4Ie,9,plain,none,mixed,1 1 2 8 11 11 14 15 18
991W9H4O5XvGS7342GW4WR79O4X8,9,plain,none,mixed,1 2 3 6 7 7 11 21 23
991W0SI5XeA4g2GKWyK51GG6kA10,9,plain,none,mixed,1 1 4 5 6 6 7 18 33
991W9KclDmGN9oUeIIZe732HI14A,9,plain,none,mixed,1 2 7 8 9 10 12 12 20
991WGiEaU3yuH24WKB1622GeLawL,9,plain,none,mixed,3 3 3 3 4 10 15 18 22
991W2pt6Qt-OA8X0HoXXZrCea4WW,9,plain,none,mixed,1 4 6 6 7 10 11 14 22
991WP4ABIuoKbvWe2741WOZ2raGI,9,plain,none,mixed,1 3 6 7 8 9 9 12 26
991W4X1Go0WE5XP2831HKJK12OA2,9,plain,none,mixed,1 2 3 4 5 5 10 21 30
991W45l2m_0IMAW8OGgCbq64X9ni,9,plain,none,mixed,1 2 4 7 9 9 10 12 27
991WKfxEAYe4IceB9CGX2ag4B14G,9,plain,none,mixed,1 4 6 6 8 10 11 12 23
991W433Gc5d2u2fCI395WYeO6HOE,9,plain,none,mixed,2 5 5 5 6 8 8 20 22
991W60UGa30KTo5YGX8L2iJ4Yas8,9,plain,none,mixed,1 1 5 6 8 12 12 17 19
991Wh14YPSaA2XPA48YvIOeJeCXW,9,distinct,none,distinct,1 2 4 5 10 13 14 15 17
991W6Z4n2IGNz2n8WeQ5EB8159WK,9,plain,none,mixed,1 1 5 5 6 6 11 21 25
991W2Z8a9QI2Y0hG0X4GYCbENX4n,9,plain,none,mixed,1 1 5 7 9 10 11 17 20
991WKL4eC2s9meG80GvCP3H9KbI4,9,plain,none,mixed,1 1 4 7 9 10 13 16 20
991WGS86AMWeb4j8p0fGP69a8g4J,9,plain,none,mixed,1 1 5 6 12 13 14 14 15
991WAD2Gy308MGG4d4ow4em20W86,9,plain,none,mixed,1 1 3 4 6 8 12 15 31
991WH7MwWr0WJeqYGH9SjIreBLgf,9,plain,none,mixed,2 4 5 7 8 10 10 17 18
991WA4vKAebGK8bHA3km86iWW71g,9,plain,none,mixed,2 3 4 7 7 7 9 16 26
991WbEiX5nBHOmaG34Y299NMPfmH,9,plain,none,mixed,1 2 5 8 8 9 15 16 17
991WH8J48JoKgU-Y8Cef50WLeg6K,9,plain,none,mixed,3 3 4 4 7 7 11 12 30
991WX2QEZ94HCIgA6C711191CPA8,9,plain,none,mixed,1 2 5 6 6 7 8 16 30
991W2h04B3iHQGe2Y4XEiEJPYHe8,9,plain,none,mixed,1 1 2 6 7 12 15 16 21
991W0a4HekIC2mWI9138w8cDbR8K,9,plain,none,mixed,1 3 3 6 7 9 16 17 19
991W3GKC595g96e41XuP4Yh55nX8,9,plain,none,mixed,1 2 5 9 10 10 10 11 23
991W30LIqc1K4B98C1D6NHQNMqY8,9,plain,none,mixed,1 1 5 7 8 12 13 14 20
991WY2Xg2Q4BL2X2q4Wld9v3HImW,9,plain,none,mixed,1 1 8 9 10 12 13 13 14
991WALKj8ZhfU8G810l1A_M7f8ma,9,plain,none,mixed,3 3 4 6 9 9 11 13 23
991W2GaA54fS7oYO4H0K5oWOEaH2,9,plain,none,mixed,1 2 2 5 11 12 14 15 19
991W4NZQCV2GS7X9952iIIB0mA0H,9,plain,none,mixed,1 5 6 6 7 8 8 12 28
991WYDgAPKIQeo8A8aYedLcqZ20M,9,distinct,none,distinct,1 3 6 7 9 11 13 15 16
991WA8WU4WmAH98YGuA61rHaNX0G,9,plain,none,mixed,1 1 4 6 8 11 12 12 26
991W1RwoJ38w94Q2GA6IBBX4DOA2,9,plain,none,mixed,1 1 4 8 10 13 14 15 15
991W1OK239Qc3aM8q0K63XOZP19H,9,plain,none,mixed,1 2 7 7 7 8 10 11 28
991WeI5wU0WNuF0HaHH15aWe94m5,9,plain,none,mixed,1 1 1 7 9 14 14 17 17
991W2123HGa6c222HMPMLPCTELHC,9,plain,none,mixed,1 3 3 5 9 10 15 16 19
991WG2FiEHaaco689KAYdw7EecIf,9,plain,none,mixed,1 2 7 8 8 11 14 14 16
991WBDfAaU8MPHbeGgfLtY42Y7H1,9,plain,none,mixed,1 5 6 9 9 10 10 12 19
991W4n9gwXKOs61W9XH0Kb8868WG,9,plain,none,mixed,1 1 4 5 9 11 14 15 21
991WY6U4P9I18kBa4FPaa8Y8YKo4,9,plain,none,mixed,2 5 5 6 7 9 12 13 22
991Wb8XBJ2WOK8f9GaCK38QI8a4W,9,plain,none,mixed,2 2 3 5 9 11 13 16 20
991WcCYGH3utD2mD0M6Hc6em40G9,9,plain,none,mixed,1 1 4 7 9 11 12 17 19
991WAcPDHSO61auGKag3GqAXGX51,9,plain,none,mixed,3 5 5 6 6 9 10 11 26
991W232G72maNGuAC51MqgGe0m84,9,plain,none,mixed,1 1 2 5 7 9 12 19 25
991WWJ0yX8a4C0e67AIaWYPV2WgI,9,plain,none,mixed,1 1 3 4 8 9 14 19 22
991W8HniTf8I8I8931H4rR6G81UG,9,plain,none,mixed,1 4 4 8 9 11 12 13 19
991WaD0GDZ4320s4K17HwH4M91W7,9,plain,none,mixed,1 2 2 2 6 10 11 21 26
991W4Y0TiI8W4oHa430nraOcHDgC,9,plain,none,mixed,1 2 2 6 10 13 14 15 18
991W2P0C4KWrCaL4H8IUcF9ABIkK,9,plain,none,mixed,1 6 7 8 10 10 10 12 17
991W0a9Uw4Ws2B0HbgKDDbfC90W9,9,plain,none,mixed,1 3 5 6 6 9 15 16 20
991W2Wh8GIWI8L8K8K4I7XXuURQ4,9,plain,none,mixed,2 2 4 6 6 13 13 15 20
991W2WWqOTqpKc4a40WbNYZmYGia,9,plain,none,mixed,1 2 3 3 7 14 15 18 18
991WKbYuS99qSO-CG3fO2ZAGdWK4,9,plain,none,mixed,2 5 6 7 9 10 10 12 20
991WIdmSAqzn2voA2WXKg0yGgoG2,9,plain,none,mixed,1 2 6 7 12 12 12 14 15
991WGiRB1fALfnWaWZ0G5nn_X6e2,9,distinct,none,distinct,1 2 4 7 8 10 11 15 23
991WO447L0-F61I6M5Mb9H86KIIG,9,plain,none,mixed,1 1 4 7 8 10 12 13 25
991W32I4VC5mEo8qQ10asU9K1G8S,9,plain,none,mixed,1 1 1 4 6 10 12 18 28
991WG4yhvIQII2GH7I5NBoA6RP60,9,plain,none,mixed,1 4 5 7 9 12 13 15 15
991WCH8K8oHeo3WCZeY68I8fSA0G,9,plain,none,mixed,1 1 3 7 9 12 13 16 19
991WHSIIb56nkJaf0fX8GIGWyD10,9,plain,none,mixed,2 4 4 9 10 10 11 12 19
991W71Gb969KNCH12GeGI0A4MK4X,9,plain,none,mixed,1 1 3 5 7 16 16 16 16
991WHYHKggEHOBW81IB4RIOKD9o8,9,plain,none,mixed,1 2 9 10 10 10 11 12 16
991WH4Z4EWeLAYXGO20X52tABWm8,9,distinct,none,distinct,1 2 4 5 6 12 14 16 21
991W10Q4Be64H8nHA7TmO65IsIam,9,plain,none,mixed,1 4 5 6 6 9 11 13 26
991W50l5keGMHnG8I4Wk7g5Hj6gC,9,plain,none,mixed,3 3 4 6 8 9 15 16 17
991W8JmXnAcuA0a581GabbgJSdA8,9,plain,none,mixed,1 3 3 5 10 13 14 15 17
991WWO96Ab9EH2IG1KGo8JabJ8W8,9,plain,none,mixed,1 1 7 8 9 11 13 14 17
991WXKM4eXdbfQ084yW4EoCwSa8I,9,plain,none,mixed,1 3 4 5 10 10 11 14 23
991W4iXA83CsEA08Gu0WCQF6pZ8g,9,plain,none,mixed,1 1 3 7 8 11 13 15 22
991W69kGk3W2PdeA8P6KgI9BJO10,9,plain,none,mixed,2 2 3 6 7 8 8 21 24
991WIaca9aQ4I49M84nI0WF7uaY8,9,plain,none,mixed,2 2 5 5 8 8 13 14 24
991WJe9IIKpCcWmCOgX4H2AG5Z0G,9,plain,none,mixed,1 3 6 6 7 12 14 14 18
991WGD4S1IHpo0G8Z4g4a3nVP6YS,9,plain,none,mixed,1 3 3 5 8 12 12 18 19
991Wc4w1GJ6ka14U2EAIbWn9X4aA,9,plain,none,mixed,1 3 3 3 10 10 14 14 23
991WGJaJ30fBmC0K30c9IQX4TIM9,9,distinct,none,distinct,1 3 4 6 8 9 11 19 20
991W4qXdc3Xq41GqYBXKOU8gHAH4,9,plain,none,mixed,1 1 4 7 9 12 13 15 19
991W94E4OcHLMYwIW-AW2mWDyaI8,9,distinct,none,distinct,1 3 4 7 9 11 12 14 20
991WYB7u9AobLZ0W52XEWIJyqjGO,9,plain,none,mixed,1 2 6 9 10 12 12 13 16
991W2konWLIN7aWen5Y38b0Lqrab,9,distinct,none,distinct,1 4 5 6 7 8 9 10 31
991Wu0fqmH8Z2J894g9IlSP3OxU8,9,plain,none,mixed,1 3 5 8 9 11 11 14 19
991W4D7mpav9aPbY58KWGIKY2YFe,9,plain,none,mixed,1 4 5 7 7 10 14 16 17
991W2Odc2JoNPvOeWIv8Dojg4NY2,9,plain,none,mixed,1 2 5 10 11 11 12 13 16
991WIIKa93e8A2XG0WA3B3MeM4Y8,9,plain,none,mixed,1 5 5 6 6 9 9 17 23
991W30iAwDQA2ZCm92WW4WeOa27Y,9,plain,none,mixed,1 2 2 3 6 14 16 18 19
991WY87O2IJw2Gqu32H8LJZY-Vqe,9,plain,none,mixed,1 1 4 9 9 13 14 14 16
991WGC5pIjgyi1CPGf0eHZ052KAW,9,distinct,none,distinct,1 2 3 4 7 8 13 21 22
991W34IeYoT96HM8WF4zPMNQ2I44,9,plain,none,mixed,1 2 4 9 10 10 11 16 18
991WMbDI2GwI4Z4Y10WeAYcPWRD0,9,plain,none,mixed,1 2 3 5 6 13 13 17 21
991WL4f44HW85DI1I4efAPLLyJ41,9,plain,none,mixed,1 4 4 4 8 10 13 14 23
991W0G8aedJId4108XW6NaH6V8Y8,9,plain,none,mixed,1 1 1 5 8 10 12 20 23
991W2embI13O58maY4zt5nbce210,9,plain,none,mixed,1 3 4 7 7 9 12 15 23
991WH44XdpHGN54n4Y9fC18agfeA,9,plain,none,mixed,2 5 8 8 9 10 10 12 17
991W4F284JfVGHcGWsAeU4OnFJa8,9,plain,none,mixed,1 1 1 6 9 11 13 17 22
991WO10W4HyLewL80WM4vHaG3n4Y,9,plain,none,mixed,1 1 3 4 6 7 15 22 22
991WW47mdwvGJcaKHCmXMmuZ32BH,9,distinct,none,distinct,1 3 4 5 7 8 13 14 26
991Wa0XYiHySa_iXn74IOSOH5Mf4,9,plain,none,mixed,1 3 6 7 7 9 11 17 20
991WIif9CZQo90K91CWe1Y93N602,9,plain,none,mixed,1 1 2 4 12 12 14 16 19
991W4PQQ92OY0rKD9OM6gYb8ieG2,9,plain,none,mixed,2 5 6 7 7 9 13 15 17
991WavIJPLn8UAWa0I8AF599e42G,9,plain,none,mixed,1 5 5 6 6 12 12 13 21
991W4mmCDDCEdeI850eI8hmJY98A,9,distinct,none,distinct,1 3 5 7 9 10 12 16 18
991WK314nNw81K8i9XhH251L2n0c,9,plain,none,mixed,1 1 4 5 8 12 15 16 19
991WI8LrJ29sGwAX0C8wP2YO50Ea,9,plain,none,mixed,1 2 4 4 9 12 16 16 17
991W48WSfIM4ihm6uXaP9C5Y3mWW,9,plain,none,mixed,1 1 1 6 10 12 14 16 20
991WO1uGEbPY1Wh2X8KOf4o_POY8,9,plain,none,mixed,1 2 3 8 8 10 15 16 18
991W8o8J6y8eCFwW31ODGXKgAS8I,9,distinct,none,distinct,1 3 4 5 6 10 12 15 25
991W30aCH21cLX6HAIWoBYWeqjWQ,9,distinct,none,distinct,1 2 5 8 10 11 12 15 17
991W8YIKlNqKt1GmH18CPGeaYGaX,9,plain,none,mixed,1 5 8 10 11 11 11 12 12
991WA3OeZr1WGC1e8J8aYL7Ge51W,9,distinct,none,distinct,2 3 4 6 7 8 9 10 32
991Wmi52LOc9K5WGH1GX8JOr1UKH,9,plain,none,mixed,2 2 6 6 8 8 11 14 24
991WmA5KIWI8wCh524IKKZ8vO5EI,9,plain,none,mixed,3 3 4 6 8 8 14 17 18
991Wes9PC23qQEW41uWXM2HbQAX8,9,plain,none,mixed,1 1 6 6 9 14 14 15 15
991Wb8hYXRCS50oK0GXe68j4-208,9,plain,none,mixed,1 1 1 4 6 9 15 21 23
991WWLOW2ILIOWGWWe9ETRc9Mfma,9,plain,none,mixed,1 1 2 4 10 11 16 17 19
991Wu10O4KYLYXbn0eWHa5ubAIym,9,plain,none,mixed,1 1 1 5 7 15 16 17 18
991WA4HXL2M9WaY28YlOC12VRsWK,9,plain,none,mixed,2 3 3 7 7 11 13 13 22
991WGIYYe40jY1H4O1QVWuD9HYQg,9,plain,none,mixed,1 1 4 6 8 9 12 13 27
991Wf30WG1QKU7qAY0GnL8cD6Wi8,9,plain,none,mixed,1 1 4 4 4 11 12 19 25
991W1E9ODOcd36z7H92oRJrHw2O4,9,plain,none,mixed,2 3 5 8 8 11 12 14 18
991WHDwHu23cd4maWbWd9eH5Y4Ga,9,plain,none,mixed,2 3 6 7 9 10 10 11 23
991WEFWL17TX2d8SH8HJ52zeAJH0,9,plain,none,mixed,1 1 4 5 10 13 14 14 19
991Wab4W833KyWa80eXAL0uC1893,9,distinct,none,distinct,1 2 3 4 5 10 13 14 29
991W3n6IYOgOalWnI2Kc9AWFZt40,9,distinct,none,distinct,1 3 6 7 9 11 12 14 18
991WM9XD6GGA72AaWS0W8bGwHqWO,9,plain,none,mixed,1 2 2 8 9 10 11 11 27
991W418KIaLI6P8p1WKfA2mwGh-W,9,plain,none,mixed,1 4 7 7 9 10 10 15 18
991W29H8eAABDeu8XMeABkh60HWK,9,plain,none,mixed,1 2 3 6 9 10 10 15 25
991WX9g8r8COI7Xa41WiBj6vc4XG,9,plain,none,mixed,1 4 4 5 10 11 15 15 16
991WW44YiX6LDeWmE9TN8X4I7bY4,9,plain,none,mixed,1 1 7 8 8 9 13 13 21
991WKggG40PaTFG5Aea8mLJKqGa8,9,plain,none,mixed,2 2 4 5 5 11 14 16 22
991Wdbef55-Pg1CG49f2PXAc3bKY,9,plain,none,mixed,1 4 5 5 9 11 12 17 17
991WGeIBI1WuB-W1GQ8J60HZfKDa,9,plain,none,mixed,1 1 3 7 7 14 14 15 19
991W27fSf2Sc510Zi82WHQ8YH968,9,plain,none,mixed,1 1 2 6 7 11 14 16 23
991WH49SvaL8K70H62WH8aGeu519,9,distinct,none,distinct,1 3 5 6 7 11 13 14 21
991WGA6XB17IHcoY98c2aPskcPeY,9,plain,none,mixed,3 4 5 5 6 9 9 20 20
991WX14cCb8H61GGY8YGu2OcnSq9,9,plain,none,mixed,1 1 7 8 10 11 12 12 19
991WH48XeLUakG_44Yrq2XGHbisW,9,plain,none,mixed,1 3 3 6 8 11 12 13 24
991W0IKYGLX-VH4K20WYoDJIsRL4,9,plain,none,mixed,2 2 3 5 10 13 14 14 18
991WLb19OKgn1Ge620Gi65mti3f4,9,plain,none,mixed,1 4 5 5 11 12 12 12 19
991W1WYLC20Y68WdKZCp5a35f2b8,9,plain,none,mixed,1 1 4 4 8 10 12 15 26
991WGK1egB1554L62Y8kHbWO51MQ,9,plain,none,mixed,1 3 4 7 7 8 10 19 22
991W4In4WWXmo6eH5ID9XezGi8E2,9,plain,none,mixed,1 3 3 5 5 6 10 21 27
991W60WOs2D0K3aa8X8iDi4J4XeH,9,plain,none,mixed,1 1 4 6 8 10 14 16 21
991W9Zq421Iqc0j80ma8J99s0e52,9,plain,none,mixed,1 2 3 5 5 7 13 21 24
991W8eD38331FsGW2iQj50eC3Qj3,9,plain,none,mixed,2 3 4 5 5 9 11 13 29
991W4-DCK12m2mu9H8YOr6H18cKY,9,plain,none,mixed,2 4 4 5 6 11 12 17 20
991WD5EJ_YSY4KAKG56Y5X4XYPOe,9,plain,none,mixed,2 5 5 5 8 9 11 16 20
991W1I2jA5F1GK0ZE5H9c8ZOkB52,9,distinct,none,distinct,1 2 3 7 8 9 10 16 25
991WX0843GaCBn0ma10G5nGYsXmo,9,plain,none,mixed,1 1 1 6 6 10 13 20 23
991Wo4SoAKL99nSCWW9M8c7SHA58,9,plain,none,mixed,1 5 6 8 8 9 13 15 16
991WY0WaACGQOpW539IQpSvv2085,9,plain,none,mixed,1 1 4 6 9 12 13 14 21
991W92WmQb04oASY2GmYaFYk8n8H,9,plain,none,mixed,1 3 3 5 6 13 14 15 21
991WGgYi9149ZPIZ9820KKhaaH03,9,plain,none,mixed,1 1 3 4 7 7 15 18 25
991W8qH411saKZHW20olA3KjaXIC,9,plain,none,mixed,1 1 2 8 10 11 12 18 18
991WQ4ZOk1cIYWO44aWecCm20WaH,9,plain,none,mixed,2 3 4 6 7 7 9 19 24
991W2WO61IOcUvIK51OK1W26C28K,9,plain,none,mixed,1 4 4 6 7 7 7 11 34
991WGd974o8D5EIG0WAX-ar9A4WK,9,distinct,none,distinct,1 2 5 6 9 10 12 13 23
991WCP25H2mZ8A0W0gEJ24XGA2p8,9,plain,none,mixed,1 1 2 4 7 11 15 16 24
991W90nV7n4YvKbG9YH2o94IbCY5,9,distinct,none,distinct,1 2 3 5 6 12 14 18 20
991W94WNZJ8i5291T4I54doGNYLK,9,distinct,none,distinct,1 2 5 6 8 11 12 16 20
991WXA2NMvJmCJ-CW3K9nSBmIXbC,9,plain,none,mixed,1 2 5 6 8 11 14 17 17
991WKL9GI81Cg440GrqU63WcAkff,9,plain,none,mixed,3 4 4 8 8 9 12 13 20
991WY4HX-CZdWqec99976Yg9H4WY,9,plain,none,mixed,3 6 6 6 6 7 8 14 25
991WE0WGikWF2GS4630ee50Q5Yaa,9,plain,none,mixed,1 1 3 6 6 8 14 16 26
991WY0jmj4mAete6aJTC6Mer3CG2,9,plain,none,mixed,1 1 3 5 8 10 14 18 21
991W21X2o211G8048XDPISbvUHaT,9,plain,none,mixed,1 1 3 7 8 12 14 14 21
991W5fLBJQ_mA4Wnb4WN04q8S8W9,9,plain,none,mixed,1 2 6 7 8 8 9 18 22
991W228tL9PmGS8MYPAfHH2GoJ9K,9,plain,none,mixed,1 5 5 6 7 9 12 13 23
991Wc14IKjK-728ea0WWBWY3byaH,9,plain,none,mixed,1 1 4 8 8 12 14 15 18
991WGO8I5EX8JqG84ifHIHaJ98Q2,9,plain,none,mixed,1 1 5 7 8 11 14 17 17
991Waadv68oE10KH9D0mK94L1eee,9,plain,none,mixed,2 4 4 6 7 8 9 17 24
991W215D8A29mKGeKaWj3SrX8YAe,9,plain,none,mixed,1 2 2 3 7 9 10 10 37
991W8114af4OI0862Y9av2mYOr9A,9,plain,none,mixed,1 1 4 6 11 12 15 15 16
991WaKX4N0O6XH4K5f0W899Y2HMK,9,plain,none,mixed,1 1 4 5 7 9 11 15 28
991W32ZA90oKT4n5B41aafgX8411,9,plain,none,mixed,1 1 1 8 9 9 14 19 19
991WWWI79iX85H4Aa6XqH4TMaaCa,9,distinct,none,distinct,1 2 4 6 8 13 14 16 17
991W0nXe-lIef9Xa8Wb0Iw2Va22W,9,plain,none,mixed,1 3 4 5 11 11 12 15 19
991WK52GikoHc0e82b0881u96Iec,9,plain,none,mixed,1 2 6 6 7 10 10 19 20
991W8aoeA3J4u4YGA6EiIbEGHCJ4,9,plain,none,mixed,2 5 5 6 7 8 12 15 21
991WIKW8CTJ2EUg4H58L90elFpI2,9,plain,none,mixed,1 2 4 8 8 9 9 18 22
991W1068BOhYHOO6KJOu51HSwVOW,9,plain,none,mixed,1 4 4 5 9 10 12 16 20
991W1JO_d8fHbo6H8omWWnn4CimW,9,plain,none,mixed,1 4 4 5 9 10 12 16 20
991W910GghP4XuyH8Gm8i8cwAHGH,9,plain,none,mixed,1 3 3 6 7 9 15 18 19
991Wo4Wmf9CI8X0OY21WDc4W40eQ,9,plain,none,mixed,1 1 1 4 7 8 17 20 22
991W0M8vCd95Y8XCX8NG240bAFWK,9,plain,none,mixed,1 1 3 4 6 12 13 18 23
991W0HmYH4Q2N20WCZuaHeH6x92G,9,plain,none,mixed,1 1 2 5 8 9 16 19 20
991WwDXOVgkaA2GD0bO6eH4U80WH,9,plain,none,mixed,1 2 5 8 10 11 12 16 16
991WIeI5X8IIE2XaG8G50WYDJCIa,9,distinct,none,distinct,1 2 3 6 9 10 11 12 27
991WXAA17kyaueK9CKnIaA29fcfG,9,plain,none,mixed,3 4 5 5 7 8 10 18 21
991W0cAzIdMaAKfXXEY2CqjSO3DC,9,plain,none,mixed,4 4 4 6 6 8 12 18 19
991WHakEA73G10a2A6Gq31J78K23,9,plain,none,mixed,1 3 3 4 5 6 14 19 26
991W90ekbX6FKHEGINHoagr9bHe1,9,plain,none,mixed,1 6 7 8 9 10 13 13 14
991WO8YalJiDYCWY5O83ok8XVMHG,9,plain,none,mixed,2 4 4 5 5 7 15 16 23
991W410aCKbk588J4XCNQrn89Ya8,9,plain,none,mixed,1 5 5 8 10 11 12 14 15
991W4OauE1qXPAAGW4D5MQ495nH8,9,plain,none,mixed,2 2 3 3 9 11 16 17 18
991W85YIIaF1G21GA6IBYQXOM1W4,9,plain,none,mixed,1 2 5 6 6 8 13 16 24
991W47GO24SPXOI8GKISN71TY92A,9,plain,none,mixed,1 1 2 7 7 13 13 18 19
991W6gDKI2b4gDYOW4KQnYIio4YG,9,distinct,none,distinct,2 3 4 5 7 11 13 16 20
991W30s8X085r3WY5494HaLddOH8,9,distinct,none,distinct,2 3 4 5 9 10 12 13 23
991WD4bH57b1XdC0AI-IYT8AlBa7,9,plain,none,mixed,1 1 5 7 10 12 14 14 17
991WWlWXawg9XKg426EWk4YNaYjH,9,plain,none,mixed,2 5 5 7 7 8 8 17 22
991W83eB1CG4yWQ40nm2HCOc9Q30,9,plain,none,mixed,1 1 1 3 4 11 13 17 30
991WICaL718ff14Wn092InXaCYgD,9,plain,none,mixed,1 1 7 8 9 9 11 15 20
991W4P1mI2GJ6sT0W41JEZmQ4HYH,9,plain,none,mixed,1 1 3 4 8 12 14 18 20
991W34gfcWebbDnYXD4IVqa2ZUI8,9,plain,none,mixed,3 3 4 5 9 9 13 16 19
991W8o25imBex2eX6498SqDCAf50,9,plain,none,mixed,1 1 2 8 8 10 14 14 23
991W4ICUU2Y4MX4I61mguXHg9e52,9,plain,none,mixed,1 2 3 4 11 11 12 13 24
991WDF1I6YXF070MHePfCY0KcSJ8,9,plain,none,mixed,1 3 4 5 7 10 12 12 27
991WIaP5AaOYoLD11WGy30-v8Mu8,9,plain,none,mixed,1 5 5 5 9 12 13 14 17
991WY9SfZb6Amew40lZkZbwHOxW8,9,plain,none,mixed,1 2 9 10 10 11 11 13 14
991Wq928GezbH7WO47Z5oaWoB1G8,9,plain,none,mixed,2 3 4 5 11 12 12 15 17
991WJemC2r0EVfAAK98C2XqIE92W,9,plain,none,mixed,2 3 5 8 8 8 12 16 19
991Wc2GcHx767bIWX14-XnkTKWWW,9,distinct,none,distinct,1 2 3 4 10 13 15 16 17
991WH4CaHfqKfif4J55Y110BpRXW,9,plain,none,mixed,3 4 4 4 6 7 13 13 27
991WL5T9aE0mg9098GmqEcT0G80X,9,plain,none,mixed,1 3 4 6 7 8 10 10 32
991WYOIVK6Wm9g122YaH45oaGYN5,9,plain,none,mixed,1 2 3 7 7 9 15 18 19
991WXXIOKeW816H5IB2IaJ5LaI4W,9,distinct,none,distinct,1 2 4 5 8 10 12 17 22
991W4I95ACWB831G41XnzdH8AEGC,9,plain,none,mixed,1 1 2 3 10 12 17 17 18
991WC1GgseamKE0H8WayswZ0G519,9,plain,none,mixed,1 1 5 6 8 8 9 16 27
991WGO422ImjGf59Kf4N1mKaE7v0,9,plain,none,mixed,2 3 3 3 5 11 11 14 29
991W228cNXC888uA5nGankvH8fYG,9,plain,none,mixed,1 1 3 6 9 12 13 15 21
991WA1uI7Ga2q4X80mK2WbPid718,9,plain,none,mixed,2 3 3 4 6 7 7 19 30
991W18XwQGmFC94HXqGKOYIG57X6,9,plain,none,mixed,1 1 2 8 10 12 13 16 18
991W8IJi2rZe52KmI6GmNb55eP4Y,9,plain,none,mixed,1 6 7 8 8 9 11 14 17
991WX4DJNaL4CL1W18H2HnGaf9Gg,9,plain,none,mixed,1 3 5 5 7 11 14 15 20
991WI2up4mO5YL0m1W23OX9MYWfO,9,plain,none,mixed,1 1 2 3 5 11 12 13 33
991WWGiEian3WaA4b2Su62ZGkKW4,9,distinct,none,distinct,1 3 4 6 7 8 10 20 22
991W2XKZ2IH7iTmG0WKATB6oTziH,9,plain,none,mixed,4 4 5 6 6 8 9 16 23
991WC3OH0i2Gl7qa218PN7bykKag,9,plain,none,mixed,2 4 7 7 7 10 12 14 18
991W3NYcnAtGCE3W14gqIeXGgCXG,9,plain,none,mixed,2 2 7 7 8 9 10 12 24
991W91SdJ6AZMAWKA2S9zpGXCAGe,9,plain,none,mixed,2 5 6 7 8 8 10 14 21
991W42dZuanAB7f4440MqLA1dj6n,9,distinct,none,distinct,2 3 6 7 9 10 11 13 20
991W10MYef9aKb0pO0W9N492Jc6W,9,plain,none,mixed,1 1 3 5 6 11 17 18 19
991W1Jo4HSPLHaL287XDZK6193k4,9,plain,none,mixed,1 1 2 8 10 11 11 12 25
991W33Ga64B2WqX8I4PGy80p4maF,9,plain,none,mixed,1 1 4 6 7 8 10 15 29
991W8s8U3H9XLuO8Wu98J39353k1,9,plain,none,mixed,1 1 4 6 12 12 13 13 19
991WX78rLDJh9nWaKSKfWoejmaWY,9,plain,none,mixed,3 3 4 4 6 10 13 18 20
991W1YDH4n0Gu2GO8YH2nS71Gh8I,9,plain,none,mixed,1 1 5 5 7 8 11 16 27
991W8eA1iY4A4YGYEAYe8nKP6daH,9,plain,none,mixed,1 2 5 5 7 8 12 20 21
991Wd921Cmim94D0CH4IA5pCIc4g,9,plain,none,mixed,1 2 2 3 10 11 14 17 21
991WXKbnCH9GK2100e8jNaI411oC,9,plain,none,mixed,1 2 2 5 7 9 16 18 21
991WWO8Y7GljBh1G2qH98X8eCema,9,plain,none,mixed,1 3 3 6 8 9 14 18 19
991WC4Uyn0WP90B4I1deJgBMXKQE,9,plain,none,mixed,1 1 5 6 6 8 15 17 22
991W10PhSwWOMAH431T4Jt4BIDYO,9,plain,none,mixed,2 4 4 5 8 8 10 14 26
991W430bPIOaEBZ8Oc1HX454211W,9,plain,none,mixed,1 2 4 5 7 14 15 15 18
991W2052A0-mf6A1IaCX61oiiibO,9,plain,none,mixed,1 2 3 5 8 12 15 15 20
991W1PWubgQKWYgHY6TdNeEW326W,9,plain,none,mixed,1 5 6 6 9 9 12 12 21
991W4mG7GjWgCaXX40WoFRUv6SCY,9,plain,none,mixed,1 3 5 5 10 11 13 14 19
991WKclbr0WLn2WeGXQ2ODmMI8Wa,9,plain,none,mixed,1 4 4 6 6 10 13 13 24
991WOI4X8bG21H98G43P6GeB7oG6,9,plain,none,mixed,1 1 2 5 6 8 10 21 27
991W90M2Gb2WO60anAoH610GKM6X,9,plain,none,mixed,3 3 3 5 6 6 7 20 28
991W4X8ZaIv5Yen80JKuQ3Wr8dmG,9,plain,none,mixed,1 2 5 6 10 10 12 16 19
991W32Scf1W8E8_Wi8E2bOiI8O91,9,plain,none,mixed,1 1 5 6 6 8 11 20 23
991W4L0c6H0X64Z8GK32hbHaH2IO,9,plain,none,mixed,1 1 6 6 7 12 13 14 21
991WG18GLh52KT4v8JgDb1aOADJ8,9,distinct,none,distinct,1 2 4 5 8 10 14 17 20
991W4a94ECA6ahEJG5YmenGaI10I,9,plain,none,mixed,1 1 2 6 8 10 10 13 30
991W2BHGA0yXm793f696kNhI2X44,9,plain,none,mixed,1 2 3 5 9 9 15 18 19
991W60WH4hH9W41W40u94CXCL7GS,9,plain,none,mixed,1 1 1 6 8 9 11 19 25
991W830dbHGSr4WUCWG1eKv28K1G,9,plain,none,mixed,1 1 1 2 7 11 12 19 27
991Wal56g1acWxF485IrIX4fHUmn,9,plain,none,mixed,5 5 5 5 5 6 9 16 25
991WG92D70mNnKKIeGU4X7b192b1,9,plain,none,mixed,1 1 2 2 8 11 14 17 25
991WE0O00J1HKeWG4HCRamM6HeIu,9,plain,none,mixed,1 1 4 5 5 7 8 12 38
991WGcLAI6XQc10H0WIGI4eew8H5,9,plain,none,mixed,1 2 3 9 10 13 14 14 15
991WH5id8MW4CNoY005QJ8tUCP0M,9,plain,none,mixed,1 1 3 6 7 9 13 17 24
991WI92mA1GXGe628i94MB0G20yC,9,distinct,none,distinct,1 2 3 4 5 6 14 21 25
991WH0WWL2PcZe51fAKOT6IY218H,9,plain,none,mixed,1 2 4 7 7 9 14 17 20
991W4WqX0vgHf512D28YHDSFoMYK,9,plain,none,mixed,2 3 4 4 5 10 12 15 26
991W8o8mw8uoihKC3IGKIM58Km62,9,plain,none,mixed,1 2 3 4 8 9 12 21 21
991W318r9AZaCqQ640KAHA8wvYH2,9,plain,none,mixed,2 5 6 7 9 10 12 12 18
991W1461rOIHa90mWl4X81WOgAWS,9,plain,none,mixed,1 1 4 5 6 7 17 19 21
991We9HaIB6b10GC44Hqq1WfY8YK,9,plain,none,mixed,1 1 2 5 10 11 14 14 23
991WnC4efgn8Y1b2I2Pl1mLwqkCW,9,distinct,none,distinct,1 2 5 7 8 9 13 16 20
991W926AZ4GaLBGu4K9UL50neC10,9,plain,none,mixed,1 4 4 5 8 10 12 16 21
991W91aQq1KOY6W85Y8HagP8qF0e,9,plain,none,mixed,1 2 6 6 9 11 14 14 18
991W38hh5YeWGjZ4W296CY4RgXHq,9,distinct,none,distinct,1 2 3 6 8 9 12 17 23
991W1aHFGfWWaS4aWPnFJbWmKQ74,9,plain,none,mixed,1 2 5 5 7 11 12 12 26
991W610Gv2Kn5B0H8X4X9geg30mH,9,plain,none,mixed,1 1 6 6 7 13 14 14 19
991WGYT9V6mbnWG18YRC8118gM-2,9,plain,none,mixed,1 3 6 7 7 8 11 14 24
991W13IyN2PHuSQWB4XrZX9Y2HeI,9,plain,none,mixed,1 3 4 6 9 13 13 14 18
991W4fRaPG3mBb5Yg4GQIuI2L1Sa,9,plain,none,mixed,2 3 4 5 9 9 9 12 28
991W4a94XTuI4LeP8IcIaX88K1Sm,9,plain,none,mixed,1 2 6 8 8 9 14 14 19
991WOG4QfiGaB308A12O8KCc4a92,9,plain,none,mixed,1 1 2 2 9 13 14 15 24
991WKX96lWW44h1H4IB3y4Hi5083,9,plain,none,mixed,1 1 2 4 8 9 12 18 26
991W8We9JAYsga4A8Z0JYuyKAEEW,9,plain,none,mixed,2 3 3 5 10 11 13 16 18
991WL2StK8A66U4Y11UaXb9MEeSW,9,plain,none,mixed,1 2 4 7 9 9 12 17 20
991WK3OPCFgqO14A11IASYLSa4ag,9,plain,none,mixed,1 3 3 4 11 11 14 15 19
991W4AY0I7Zp8rO2YAIBLSegAIOe,9,plain,none,mixed,1 2 6 6 7 9 10 16 24
991WZ50q8KJXGaB22OHO1AIaV7n8,9,plain,none,mixed,1 1 6 7 7 10 12 16 21
991WIOW41BONAVGWKeaA5WbF11YI,9,distinct,none,distinct,1 3 4 5 6 10 14 15 23
991W8GW9KTU892XED2WXfAmE4GZ0,9,plain,none,mixed,1 1 2 3 8 13 16 18 19
991W9YPaAYEI_XWOI48aMb1aOX08,9,plain,none,mixed,2 5 6 7 10 11 13 13 14
991W28a5eMHdeyaWv1KI9ILc5XYX,9,plain,none,mixed,1 2 5 5 8 11 12 17 20
991We10O1460G7k8a1qIaN8nCJ8f,9,plain,none,mixed,1 1 4 5 6 8 15 16 25
991W3XWKPAjgM21W5HqY989Ga0mK,9,plain,none,mixed,1 2 3 3 6 11 14 15 26
991WI4ACWJs8I4Z8GHnOI5Yey30e,9,plain,none,mixed,1 1 2 9 9 11 13 17 18
991W6X9YGaEU9AXIJa4eJGIBXGWG,9,plain,none,mixed,1 2 3 9 9 9 12 16 20
991W8hDJK8ggHnWOX5WULeIMa2Aa,9,distinct,none,distinct,2 4 5 6 7 9 12 14 22
991WX8g63H9KL2G8I2WY8p7H6BYO,9,plain,none,mixed,2 2 5 8 10 12 13 14 15
991WKR2aPfab4Gf2A92X7KTT8HA8,9,distinct,none,distinct,1 4 5 6 7 12 13 15 18
991W12Rqc8YwHwl2XCEcIHKgp005,9,plain,none,mixed,1 1 2 8 9 10 12 16 22
991W41dLCP1xkO52C4yY6C98A2MO,9,plain,none,mixed,1 3 5 7 10 10 12 14 19
991W2JdP9KTapU4XGIHPfaOY50m2,9,plain,none,mixed,2 5 5 10 10 12 12 12 13
991WeeHmS8XEBh06PZr1bDV3YG82,9,distinct,none,distinct,1 2 4 5 9 10 11 14 25
991W4IAGs2kAC10WWjx-9VJ4n1IC,9,plain,none,mixed,1 1 3 8 8 12 12 16 20
991W15F0u4WO2nSes8WW4TxBIOn9,9,plain,none,mixed,1 2 4 6 6 7 9 20 26
991WCZLIeX20SBCC4ZzPF0K4nHRL,9,plain,none,mixed,1 4 6 7 8 8 9 10 28
991W4XZu10Vb61QXAKGeHIEbZXKG,9,distinct,none,distinct,1 3 5 6 10 11 12 14 19
991W8R92mCGiIHGH9CoEmW8C5xSm,9,plain,none,mixed,1 1 5 5 8 9 10 11 31
991W2OI2kRiSQT8YaWaC8mQuV0wW,9,plain,none,mixed,1 2 3 7 10 11 12 12 23
991Wal3mY8Y6aE4a0fKsbZ081OcA,9,plain,none,mixed,2 4 4 5 5 7 8 22 24
991WI29GeYE0XqHaI7hO8M7Xv0eS,9,plain,none,mixed,1 3 5 6 6 8 11 14 27
991Wk4T995OZJeWW1OOyaGdiLeGe,9,plain,none,mixed,1 1 3 7 10 13 14 15 17
991WY8931TrLv68YAdG1112OjXH0,9,plain,none,mixed,1 4 4 4 6 9 11 14 28
991WeNH933Om4aYa9QG7KepVBZ3G,9,plain,none,mixed,1 1 5 5 9 10 13 16 21
991W8K4iIyqaM63W217iHa8iK628,9,plain,none,mixed,1 1 4 9 9 11 12 12 22
991W4NH8wMR912YYA1M9Oc9VXPmW,9,plain,none,mixed,2 4 6 6 6 10 13 15 19
991W4Iea8doXah8q1GeIb8XGESn8,9,plain,none,mixed,2 3 5 8 8 10 14 15 16
991W2bDXBA68IAWe8JQIsPaW452e,9,plain,none,mixed,2 2 3 5 9 11 11 16 22
991W0WGm8ea40h7H2X0HKd1ul8gO,9,plain,none,mixed,1 2 2 3 5 7 13 20 28
991W0Vnm42pICZaWJ8Ged8bIYeQ5,9,plain,none,mixed,1 1 3 8 11 11 12 13 21
991W94WOJamDmnGK2WpYOa65DY8e,9,plain,none,mixed,1 2 6 8 8 9 13 14 20
991WDYefYGZuyWyPE28e0ec61K8G,9,plain,none,mixed,1 1 2 5 6 9 18 18 21
991WLAIeC30HYKmC98A1YIL610GA,9,plain,none,mixed,2 2 2 4 8 9 9 21 24
991W864kG11f3oGKA2ZqEof09aIA,9,plain,none,mixed,1 1 2 7 7 8 14 16 25
991WKae23RYjOcIW117KobAckHyZ,9,plain,none,mixed,2 4 6 8 9 9 10 12 21
991WI2OK10aSa5Gu1W23GYgtI8YO,9,plain,none,mixed,1 1 3 3 5 8 12 16 32
991W51aEWIabfZK69X8I0KAwqFSW,9,plain,none,mixed,1 3 4 6 8 9 9 11 30
991W8YGkTO924qXe4XebL680q2eS,9,plain,none,mixed,1 3 3 4 5 8 11 12 34
991WY8LKY25a1EA26Me55dR6QcYm,9,plain,none,mixed,1 4 5 6 10 11 11 14 19
991W8OYGbYY8McGY6OM0cimM9p2m,9,plain,none,mixed,1 2 2 5 6 8 16 18 23
991W8WaaWd0eXPQa23miqSh6eHBK,9,plain,none,mixed,1 4 5 6 6 10 13 14 22
991WLIXGNAIXeH8I0XBI4D8YYee6,9,plain,none,mixed,1 2 4 6 6 8 12 20 22
991W26Lcdu401U14IMA28nEZ55Ig,9,plain,none,mixed,2 3 4 4 5 8 11 14 30
991WX0NZ2oC751X8g4WfUNnEH2I0,9,plain,none,mixed,1 3 6 6 9 11 13 16 16
991WIL14TrH6WE1420qg6U5X52YO,9,plain,none,mixed,1 3 5 5 6 10 10 13 28
991W2Wn6G44m9AGAGq8A1Gb8xImq,9,plain,none,mixed,1 1 3 7 7 8 12 14 28
991W4oKcHaK52XaI61Wma18LXLS2,9,distinct,none,distinct,2 3 4 5 9 10 12 13 23
991WHOWD38eCaaA2IfSM5XI8N42W,9,plain,none,mixed,1 3 3 3 10 11 15 16 19
991W21GAoblthwbG4Ya52DK8mf2H,9,plain,none,mixed,3 4 5 5 7 7 14 15 21
991W50mXH9EIdB94414XGzHITt08,9,plain,none,mixed,1 3 6 7 8 11 11 14 20
991WGC2snWk7IAwGc1Pa9qPT4aLH,9,plain,none,mixed,3 5 6 6 8 8 12 16 17
991W4ZvUdjXe94ae32HJcXA650G7,9,plain,none,mixed,1 5 6 9 9 10 11 11 19
991W20qQVCuEJdH150mZ4KA8SGF2,9,plain,none,mixed,1 1 5 6 7 10 16 17 18
991WgP9NB7Gi8K93450gaBW4HAT0,9,plain,none,mixed,1 2 4 8 9 12 12 15 18
991W105vE3Ge6D8GC3DG94a_fwGa,9,plain,none,mixed,1 4 4 5 8 11 11 17 20
991WGWuO42ZOCX4Gpi9EM3A6HW83,9,plain,none,mixed,1 1 2 6 9 11 12 15 24
991WAam8DL6GIYX4P6Y_731Lf28A,9,distinct,none,distinct,2 3 5 6 9 10 11 13 22
991W8PGy8ZmMJIrEm007p3H8yCr8,9,plain,none,mixed,1 4 6 6 8 8 8 14 26
991W0m85XRGj14GeDWuD40W5HCGO,9,plain,none,mixed,1 1 4 5 5 9 11 15 30
991WG258A52SJa8eI4Jz71X3JKZ8,9,distinct,none,distinct,1 2 5 8 10 11 12 15 17
991W9bvZUQTe81o40HY4LgLU72n4,9,plain,none,mixed,1 1 5 6 7 11 12 13 25
991We22GbH4G40fY4C31GHCICZ0e,9,plain,none,mixed,1 2 2 2 6 6 18 19 25
991WI9POGDP62106Z5Ieg3FLXL1G,9,plain,none,mixed,1 3 6 6 6 7 15 16 21
991W106b1pB9PLJ216bi4XaLm-eG,9,plain,none,mixed,1 2 6 6 8 9 10 11 28
991WY12XBcXqsAoWHAAmneWj4Y9Y,9,distinct,none,distinct,1 3 4 7 8 9 14 15 20
991W42KCiYWa94E1A3aws6WOifDG,9,distinct,none,distinct,1 2 4 7 9 12 13 15 18
991WWHH4focEC10We1nyIuoOvDXW,9,plain,none,mixed,1 4 4 5 5 11 15 15 21
991WC2mXueCs3mc92IWO18pCGcmG,9,plain,none,mixed,1 1 2 6 8 12 12 17 22
991W1aOcJAXGJ2efA33-X8YaCX4H,9,plain,none,mixed,1 3 3 6 9 11 12 14 22
991WIAwX421GhImI8eG8lOL4Wq9a,9,plain,none,mixed,1 4 4 5 6 7 11 17 26
991WKK4c4B183v-I1XpGg2eXP4G1,9,plain,none,mixed,1 2 2 4 6 13 15 16 22
991W80d63TrZWa81ALzawF18A664,9,plain,none,mixed,1 5 6 6 9 10 10 10 24
991W4H6LLaA1WoKfH2eI4C31agn0,9,plain,none,mixed,2 4 6 6 7 7 9 13 27
991W10GJIn8VpsG89YGL5d9fA598,9,plain,none,mixed,1 2 6 9 10 10 11 13 19
991WYeG51gICb4D2GX8I2Wo8md0J,9,plain,none,mixed,1 2 2 4 8 9 13 15 27
991W51KYRYWr9g8X4n0WH0WeqeTA,9,plain,none,mixed,1 3 3 4 13 14 14 14 15
991WiA6agF4YGGbI0WeNYvAnqTn1,9,plain,none,mixed,1 2 6 9 10 11 11 12 19
991W8dbnA2aQR91G10UWZYJIr5Ym,9,plain,none,mixed,2 2 5 5 6 7 13 18 23
991W20iF3vGe5s0W4miA1XnC4fH2,9,plain,none,mixed,2 3 4 4 8 9 11 15 25
991W0nA8U0N4nE40YUpHuZ9IKf89,9,plain,none,mixed,1 1 1 3 9 12 15 16 23
991WI61MgyY4I4We22npmg8iG10m,9,plain,none,mixed,1 3 4 5 8 8 15 15 22
991W0WHFqA3UM92WP4eK7I9Cg4Ga,9,plain,none,mixed,1 3 5 7 7 7 16 17 18
991WC4L8U2GHK33W51MYAPZOY8X4,9,plain,none,mixed,1 4 6 7 9 9 11 14 20
991W14Gd9AHp-On0b8j90maC3si5,9,plain,none,mixed,1 4 4 4 10 10 12 15 21
991W22CmKEYbapGI0X0unz18JyY2,9,plain,none,mixed,1 1 1 8 8 13 16 16 17
991WX0WNHGG2N4GiaX8b94B5J21G,9,plain,none,mixed,1 1 2 5 8 9 16 17 22
991W20I6R1GjCWI2KJ0WEYIOBqXC,9,plain,none,mixed,1 1 3 7 8 8 9 17 27
991W8qgo8g28w20mC4B4Aqg8Y1YO,9,plain,none,mixed,1 1 6 7 8 10 14 15 19
991W62dz41bSW80ZA4qfo3H4A2cG,9,plain,none,mixed,1 2 4 7 9 9 10 12 27
991WQEJCkgL9A50HYJ4UO5AeC105,9,plain,none,mixed,1 4 4 6 8 9 14 17 18
991WY45XRr5nZfYC08J8jAEKevL1,9,plain,none,mixed,1 3 4 5 5 12 13 14 24
991W134kiqMWecH493enY7XOikGC,9,plain,none,mixed,2 4 4 5 8 8 13 17 20
991W0L0kI4GeICi2WOFiY4XT9KR5,9,plain,none,mixed,1 1 3 7 11 14 14 15 15
991W4KHy210Sht2G1GAXn3veegGY,9,plain,none,mixed,1 1 1 7 9 10 13 14 25
991W30mf4bJcuC502GWIU60WT6WB,9,plain,none,mixed,1 2 3 4 5 5 13 19 29
991W0A5PLEmq3n4Gq8ZWD4es92A5,9,plain,none,mixed,1 1 2 6 7 10 12 19 23
991WO2c1mXu24X8K463GK4wMZwY8,9,distinct,none,distinct,1 3 5 6 7 8 9 17 25
991W8afJIKZAg21W0WY5Wk8eA6GK,9,plain,none,mixed,1 1 6 8 9 9 13 16 18
991WK6De8D348aeH5H4kkYj8H8D2,9,plain,none,mixed,2 3 4 7 7 11 12 14 21
991WWvWO9EGXY4ma55fHP8GdBAmW,9,plain,none,mixed,1 1 1 6 9 13 15 17 18
991WGnCDAFWqP4d04GYKjc89OoCY,9,distinct,none,distinct,1 2 3 4 10 11 12 15 23
991W22KoIOJpB_IO11ebwCPrgi8u,9,plain,none,mixed,1 1 4 7 8 9 15 18 18
991W0WKgSnJi-WOGB28OIcrBb56X,9,plain,none,mixed,1 3 4 9 11 11 11 14 17
991WK50bYegwt0KX0Y9a2SlZXQ72,9,plain,none,mixed,2 2 5 5 11 12 12 14 18
991W2SaX9ceI4WmSq918I4iG8X0m,9,plain,none,mixed,1 1 3 8 8 11 12 18 19
991W92K8ZHLGi30WA1uMKrX88238,9,plain,none,mixed,1 1 2 6 8 9 14 15 25
991W41eaZSM4v28u12eqKbEYwYaX,9,plain,none,mixed,1 4 8 9 10 10 11 14 14
991WA044XKfISaXK91G4WecJulWO,9,plain,none,mixed,2 2 2 5 6 9 11 16 28
991WoOMAAiqA1W8QC8WG827aEaWG,9,plain,none,mixed,1 1 3 6 7 8 9 16 30
991W27g68sEYKfCeWE-rH870e8cY,9,plain,none,mixed,3 3 4 6 6 7 7 15 30
991WDeuJ40mBQux2G8A50zD16ZXI,9,plain,none,mixed,3 4 5 5 6 6 6 17 29
991W2GxNwd9HZ5M8I1z4R1DaWId6,9,plain,none,mixed,1 4 6 6 6 7 8 17 26
991W1HiMHGI5dO8o61CZ8wHYm68O,9,plain,none,mixed,1 3 3 5 6 6 18 19 20
991WI928nCN9A5II5E5EICei1mOI,9,plain,none,mixed,2 5 5 6 9 10 11 12 21
991WKKQmAnA1Wk7Y16WgMA2mS9yY,9,plain,none,mixed,2 2 3 3 5 6 13 17 30
991W0cBCAp9PT1O8O22gH5KOVIyJ,9,plain,none,mixed,1 2 4 8 8 10 11 17 20
991W2Gnu201W40D4BIr894AIqz9H,9,plain,none,mixed,2 2 3 4 4 9 13 16 28
991WfMPdL4Z4GaPA08n0810PHg10,9,plain,none,mixed,1 3 3 3 4 11 16 18 22
991WIGmF3WXeOM8a30o9W814bSOY,9,plain,none,mixed,2 3 3 4 5 7 7 14 36
991We99KusiB41qK8518u2GpSOMY,9,plain,none,mixed,1 4 4 5 5 8 11 17 26
991W1GZnV2EXCQAW94eQHHFZSsgG,9,plain,none,mixed,1 4 5 7 7 11 11 16 19
991WC4C41zDqzqX4IbI80fYRocIA,9,plain,none,mixed,4 5 5 6 7 8 10 13 23
991Wg894ibf5bar22FwK90gH_0SC,9,plain,none,mixed,1 2 5 7 7 12 14 15 18
991W2GW2XkZW20-W80KL3GrIOLBH,9,plain,none,mixed,1 2 2 4 7 8 14 17 26
991W5Xc0KC8K5V84IZ4gALAI7uH6,9,plain,none,mixed,1 3 3 4 7 11 11 11 30
991W4PRKgaM8UEH8aaqn128Ry908,9,plain,none,mixed,1 3 3 7 9 9 10 17 22
991We28vCJKOaeK4WGG474OkDFA9,9,plain,none,mixed,1 1 5 8 8 9 14 15 20
991W0W8XwDJ8660GPc9L9pe84D2m,9,plain,none,mixed,2 3 3 4 6 8 8 22 25
991WCP9XhaamS70C4U6SKHaf6EWO,9,plain,none,mixed,1 1 6 7 7 10 15 16 18
991Wg2ZSL2Gy728He40GLqWYGa51,9,plain,none,mixed,1 1 4 9 9 10 10 17 20
991W5CWa8FCC94Q8Y57Av7ovKqfI,9,plain,none,mixed,1 5 5 6 9 10 10 12 23
991WKWG1ccnGMX488XACb2yGs6uD,9,plain,none,mixed,1 2 3 5 7 11 11 16 25
991W1L0o8Wi9IOEZW8D5LBIgAb30,9,plain,none,mixed,1 2 7 8 9 9 10 13 22
991WYaaa50pG420I38X4PrWOGC61,9,plain,none,mixed,1 1 2 2 7 10 12 17 29
991W0WawwXWOHZ0X430MLJA6WjGL,9,plain,none,mixed,1 1 3 7 7 12 16 16 18
991WB10I4H6EcFWB6H4IaGo816b8,9,plain,none,mixed,1 1 3 4 8 13 14 15 22
991WWI9IlOLA11O89BpGO1Ck8QuE,9,plain,none,mixed,2 4 4 6 7 8 10 15 25
991Ww14IPQ4gD2IG8Ba9hWc5jDWe,9,plain,none,mixed,1 1 2 9 10 13 13 13 19
991W47OspPeA1GW8Q6YOE30MXZu8,9,plain,none,mixed,2 2 4 7 8 8 11 17 22
991W4f8HTBGaJX8Zo10c3nGI960X,9,plain,none,mixed,1 1 5 6 11 12 14 15 16
991WaXCoIb5XKJ8qY0WYJ3820v92,9,plain,none,mixed,1 3 5 5 8 10 11 14 24
991WCW83mYXGK5iC52GPYGeJ4a4Y,9,plain,none,mixed,1 1 5 6 6 6 10 18 28
991W0WLOo1RKf5Ge4obNLY5Ha0Z8,9,plain,none,mixed,1 3 4 5 9 14 14 14 17
991WCYX1KKC80O1C2WbW893Tt5GQ,9,plain,none,mixed,1 1 3 3 6 8 12 13 34
991WeAjAB4Z7dP2G24Hma9Gw98X2,9,plain,none,mixed,1 4 4 7 10 11 13 14 17
991Wb14a3AT4H898Y1COS30Hoz9A,9,distinct,none,distinct,1 4 6 7 8 9 10 16 20
991W4XKO6XmJPSV110O210nalGh0,9,plain,none,mixed,1 2 4 4 6 8 14 17 25
991Wa1a8E2GfAeP0Y0iA97IQWOPA,9,plain,none,mixed,1 1 3 6 7 9 16 18 20
991W4Z8WOxomJ0G43X8aq5HAL2GK,9,plain,none,mixed,1 1 6 7 9 11 13 16 17
991W12eI4YaWe60G1W81sPZ8o5X8,9,plain,none,mixed,1 2 2 5 5 6 11 23 26
991WA1HEfK8yGuE0K69yw2J8N2aS,9,plain,none,mixed,3 5 5 7 7 10 10 11 23
991WGhXBf8iF8GLb2F2HThQ6l50W,9,plain,none,mixed,1 1 6 7 8 9 11 15 23
991WK1R85WGeGZfB842dgLfyf51H,9,plain,none,mixed,1 2 4 7 9 12 12 13 21
991WH0eeHAhi4e1060UwpiYqZ59I,9,distinct,none,distinct,1 4 5 7 8 9 12 15 20
991WOXOIwWK21LIW4YEIeo4Hp1m2,9,plain,none,mixed,1 1 3 4 11 12 12 13 24
991WDGP6841au3LGH48rZWqD8i91,9,plain,none,mixed,1 3 3 3 4 7 7 10 43
991W8YCZPLIS8oK261Gi7Ga58uKK,9,plain,none,mixed,3 3 4 5 5 11 14 18 18
991WK30G81OU6a8Imi93in8O310G,9,distinct,none,distinct,1 2 4 5 6 10 11 20 22
991W82GEnbA98uSKA1ydvVoG8ar2,9,distinct,none,distinct,2 3 5 8 9 10 12 14 18
991W6g4bPMIaP2G4GewWeQ4XICWO,9,plain,none,mixed,1 5 5 7 10 12 12 14 15
991W4a96mK10SBIeA1g0X0C3OY8I,9,plain,none,mixed,1 2 3 4 6 7 7 9 42
991WYLKP1B1L6Y4YLCo8aZZU8YSC,9,plain,none,mixed,1 3 3 5 7 12 13 15 22
991W6A83mwLZSP24Y69QZ0c9c4G6,9,plain,none,mixed,1 2 5 6 9 9 10 16 23
991W83g80WKIHSHG8a54n8bfT9YE,9,plain,none,mixed,1 1 3 7 8 9 12 15 25
991WIbo0XqH4f1KU8bH4Ge11e14Y,9,plain,none,mixed,1 3 3 5 5 6 10 14 34
991W1X4JrK98NYHe830N58A9FD8I,9,plain,none,mixed,1 1 3 5 8 12 16 16 19
991WmQ5-8k1HN4824KcmI6fCAbWK,9,plain,none,mixed,1 4 6 7 8 12 12 13 18
991W4n04Odx2G4CYA2GfA71eC8O5,9,distinct,none,distinct,1 2 3 5 6 8 14 18 24
991W41f3AB0U6GG8C2XeIDAhf4mg,9,plain,none,mixed,1 3 5 8 10 10 11 13 20
991W28mL9Os4bCD3q14I8aIS2WX2,9,plain,none,mixed,1 1 2 6 11 12 13 16 19
991Wc5Ysj0mYHeK54iD56GbHBKD0,9,plain,none,mixed,2 3 5 7 7 9 14 14 20
991W4Io4XWNPP5S974X1XuXDiP84,9,plain,none,mixed,1 1 4 5 9 11 11 16 23
991W27HOOBGa5mm2612WJF9HWuQ4,9,plain,none,mixed,1 1 1 6 6 8 12 22 24
991W1iSg51v2mYanH89AAH5g4g9W,9,plain,none,mixed,1 3 3 7 7 14 15 15 16
991W4Z4N9YGHK1QO0m84x4116iab,9,plain,none,mixed,1 1 4 5 7 9 9 22 23
991W105Ls79nSQ4XS4CH0b1mqCWX,9,plain,none,mixed,1 1 3 5 5 11 13 21 21
991W8SWX8Kzu4YIGmWFNEZFlzEf2,9,distinct,none,distinct,1 4 5 6 7 10 13 16 19
991WP6DSL10G3b2W0G4IKtOIn892,9,plain,none,mixed,1 1 4 4 6 10 12 20 23
991WWK89AVHPeS10QFKg50HSHCGQ,9,plain,none,mixed,2 3 5 5 6 7 12 19 22
991WC2118M9xHw4G4n1cbHWS6XX1,9,plain,none,mixed,1 1 3 5 7 12 13 17 22
991Wa5DFH8Z8f6X60fe40K4tKR2G,9,distinct,none,distinct,1 2 4 6 8 9 10 17 24
991W9bShCHOgNCKAWe54d78RHZE0,9,plain,none,mixed,2 4 4 5 8 12 13 15 18
991W92W0WAuN2WK5g92GM5IE60e4,9,plain,none,mixed,1 2 3 4 5 5 7 23 31
991W85bK98B2YXPKC3gNfuH2KK30,9,plain,none,mixed,1 2 7 7 9 9 9 17 20
991WD8GYDoGiSXiJX4H2g1uHPH0Y,9,distinct,none,distinct,1 2 4 9 10 12 13 14 16
991W70G8X6favYee918O28Xp7H0G,9,plain,none,mixed,1 1 3 6 9 12 13 13 23
991Wn2ai80XLaeLmY0-2avegvUSe,9,plain,none,mixed,1 1 6 7 7 8 15 16 20
991WX1YgQXD3LKY2q34SJ9B3HH0A,9,plain,none,mixed,1 2 3 10 11 12 12 14 16
991Wif9AM2CaY8Ge4bKLa60N62Wm,9,plain,none,mixed,1 4 6 6 7 10 13 15 19
991W82HeKGF8f1IK4nXa8Z1ykAY8,9,plain,none,mixed,1 1 5 9 10 10 11 13 21
991W60Ye916GN7oCQ0K2KSGa410O,9,plain,none,mixed,1 1 1 3 6 7 15 23 24
991WG9lzZkeuHS0W0wfLA8HSIgA4,9,plain,none,mixed,1 2 4 6 11 12 12 14 19
991WGuY475wnc3411gusEIJAaee4,9,plain,none,mixed,1 1 4 5 11 13 14 16 16
991WC0SrkiNKIk0D8WKQoPMYdscG,9,plain,none,mixed,1 2 6 6 6 7 15 19 19
991W88-MouVuXDWO59Mg9agy8efY,9,plain,none,mixed,2 2 5 6 8 12 13 16 17
991W4b1ef7neWmG2efGaI50i5v2M,9,plain,none,mixed,1 2 6 7 7 8 13 15 22
991WK0YK5WZCqhg486ZYuRLc6omi,9,plain,none,mixed,2 3 7 7 9 10 11 13 19
991WE2X0W4JYOWQ62JH23evEL5XO,9,plain,none,mixed,1 1 6 7 8 8 12 14 24
991WGPWM65Gt0mWHo0YOb27ofiX3,9,plain,none,mixed,1 1 3 6 9 10 12 15 24
991W824IIgkkQ7T4A3GIGIC91acI,9,plain,none,mixed,3 5 5 5 6 7 11 19 20
991WB2m4o7aPZ6OK5289KqPa1mGG,9,plain,none,mixed,1 2 4 6 7 10 13 19 19
991WKg4aG63A8XGP1CnmhYqeIy50,9,plain,none,mixed,1 1 3 4 11 11 11 15 24
991WGcPxKF0mK8W94GgCC690W211,9,plain,none,mixed,1 1 5 5 7 9 9 13 31
991W2YC91Y3ma4XC30e4sD9nK22W,9,plain,none,mixed,1 1 2 5 6 7 11 23 25
991WIC7aL2Oc6lG24h52DGA6y_0m,9,plain,none,mixed,2 3 4 6 8 11 11 15 21
991WCKOwL8mb8eGJ31_lGP3e9uK8,9,plain,none,mixed,1 3 7 7 8 9 11 13 22
991W4I6Vh97YQqXG94X2-154L3g4,9,plain,none,mixed,1 3 7 8 10 10 12 13 17
991W74Ho4J6WK95Ka9yuJA0WOI4B,9,plain,none,mixed,1 1 3 9 9 10 10 13 25
991WA-JKX3apg7104eGcSGwS79W4,9,plain,none,mixed,1 3 3 5 6 9 14 18 22
991WIKI4F5uD6kGKGM8v2oI611wI,9,plain,none,mixed,1 4 5 5 6 8 15 18 19
991WICX7WoAPsiY2GBoRWub38qmK,9,plain,none,mixed,3 3 5 5 8 8 11 11 27
991W84bqKQ104GU44HZCjE8YOc6K,9,plain,none,mixed,1 4 5 5 6 9 11 18 22
991WI9cLR3mew9900QGJCuXo2Wcf,9,plain,none,mixed,1 2 6 6 10 11 15 15 15
991WIL0IA6Yk4XACHKWG9A4aAKJ4,9,plain,none,mixed,1 1 4 7 11 13 14 15 15
991W210mF2Gao4ueH495C90b2WiB,9,distinct,none,distinct,1 2 5 6 8 10 13 15 21
991W61wghWC2mLAGGXKIOY1Ge3Sf,9,plain,none,mixed,3 4 4 4 5 6 9 12 34
991WI93Ga9YfrigX8C4aAPS210KC,9,plain,none,mixed,1 4 5 6 8 8 10 11 28
991W69X2WeM4B49Eu2H6GW95MYWm,9,plain,none,mixed,1 1 4 9 10 10 10 11 25
991W4HNf0E4fP0mCCaeqHeRfB2mm,9,plain,none,mixed,1 3 7 7 9 10 11 11 22
991W4HAHv5nbP3a9GZ84EGeG9kQ8,9,plain,none,mixed,1 1 6 8 10 11 14 15 15
991WZAE0LAXAI2IC1NnYkOaIe6oi,9,distinct,none,distinct,1 2 4 6 8 9 14 18 19
991W3QwYHBe2X4GbZ38nY918FC11,9,distinct,none,distinct,1 2 3 5 6 9 16 17 22
991WGJNK2H8PVtn2mA34WRY9RNe4,9,plain,none,mixed,2 4 6 7 8 9 10 10 25
991WH44-d3YuI609EHLG9qiGmE0X,9,plain,none,mixed,1 1 3 5 6 12 13 15 25
991W6IeN53WYr51K4XGGp1bP3g92,9,distinct,none,distinct,1 2 4 5 7 13 14 16 19
991W0I9QEYav8O18WeFZ6LKG4922,9,plain,none,mixed,1 2 3 3 3 9 17 19 24
991WXbGZ821ur2ba1OFAX4f5GgB1,9,plain,none,mixed,2 2 5 5 7 8 9 15 28
991W1095zXCS6o3WO54G8XeGx4eq,9,plain,none,mixed,1 2 3 5 5 6 19 20 20
991WAA4M3WhIk8XaWKX5GYobrC10,9,plain,none,mixed,1 2 5 5 6 9 13 19 21
991W10OCAZGiAXcC8I4X4nXGVOk8,9,plain,none,mixed,1 3 4 9 9 10 10 16 19
991W51iH445c52Ia2GWK6apCJ8Wm,9,plain,none,mixed,1 1 3 7 8 12 14 17 18
991Wg4MXIhAfMUG21l44z_l10ok9,9,plain,none,mixed,2 2 4 5 6 8 11 18 25
991WY4Ia10HYf5HeAEveIqZ930W8,9,distinct,none,distinct,2 4 6 7 8 11 12 15 16
991W8a9gCaDx7JAc8I3K6Yb3H9A0,9,distinct,none,distinct,1 2 4 7 10 12 13 14 18
991WGEg9HgR9GK82DQ5OY8XiHAx2,9,plain,none,mixed,2 4 4 7 9 10 10 14 21
991W0WTA72mec99eHK4WDI1ZYwXe,9,plain,none,mixed,2 2 3 3 9 11 16 16 19
991Wf9tHoHB60mW981n0mBXA1XI3,9,plain,none,mixed,1 1 3 4 7 8 8 17 32
991WWeIq128C434eC30mQar4c10J,9,plain,none,mixed,1 1 3 3 11 13 13 18 18
991W0JtaSta9L2GbOa8CfaoGTMKW,9,distinct,none,distinct,1 2 5 8 9 10 14 15 17
991WX0IdJggWP2Ggn3G2T7HD6K0W,9,plain,none,mixed,1 2 5 6 8 8 9 21 21
991Wa6X8120f96Y80O6YSV4-A2Wi,9,plain,none,mixed,1 1 4 5 5 13 14 16 22
991W2I8H78mgc8Wm70C3pfai9EX8,9,distinct,none,distinct,1 2 3 5 8 9 12 15 26
991W5Gav-719gb0m5Y0VG9g20WGe,9,plain,none,mixed,1 1 2 3 11 12 13 16 22
991WGsCZ8X8YXGG0LbIK60W83IK3,9,plain,none,mixed,1 3 4 5 7 7 10 20 24
991W81ePr3D8I52G4I4ug2A8k71e,9,plain,none,mixed,1 1 3 4 10 10 12 19 21
991WGXWZafE7L5Iu8IIXu0pDn2HG,9,plain,none,mixed,1 5 5 7 9 9 12 16 17
991W0mS83B2eA05Y5X8J41XoabCG,9,plain,none,mixed,1 1 2 2 7 10 16 19 23
991Wc28Z3Wu9Pa009QMYf2IaYama,9,plain,none,mixed,3 4 6 6 7 7 11 16 21
991WGkC82X7Imx0SWKcBIbGb95g4,9,plain,none,mixed,1 3 3 4 5 9 17 19 20
991W10Tgwdoa94WW91X34nj0aaB2,9,plain,none,mixed,1 1 3 4 4 13 13 19 23
991W1mGa8aM9XeLH0WaHKL5TC9O8,9,distinct,none,distinct,1 2 3 5 7 11 12 18 22
991W8oKg70XGK6182Ga4PraGu60W,9,plain,none,mixed,2 3 3 4 6 6 10 20 27
991W90WTSf2e9Dmg3X4YcyYcGN0G,9,plain,none,mixed,1 3 3 6 8 10 11 16 23
991WGiB4UeWO4H3GaYiQAXWaP1GI,9,plain,none,mixed,1 4 7 9 9 9 11 15 16
991W12nKQ64ALx2YW8BCBa-pbPgK,9,distinct,none,distinct,3 4 5 6 9 10 12 14 18
991W51Baz9HqF52414qMQ1KNm820,9,distinct,none,distinct,1 3 4 6 7 9 10 15 26
991WI0hBH70G54b0842RYvMsWY93,9,plain,none,mixed,1 1 3 5 7 10 16 17 21
991W0AIiKd3nA2WmY2GumUMW810S,9,plain,none,mixed,1 1 1 4 7 10 11 21 25
991WM0G8BbFmKqD220IKg3BI8WqK,9,plain,none,mixed,2 2 4 5 7 13 13 15 20
991W1GWGI6Z4HuHG51imE7c910A4,9,plain,none,mixed,1 2 3 3 6 10 16 17 23
991W0WM4cUKa69GIGmWG52GsZOna,9,distinct,none,distinct,1 3 5 6 7 9 10 18 22
991Wab4Cgof6IWYG6QXYIWj4RE8I,9,plain,none,mixed,1 1 5 7 7 11 12 17 20
991W2Y98ITcJzE0I4X5CYv18JWSZ,9,plain,none,mixed,2 3 6 7 7 12 14 15 15
991W4QX893BHhKM0I8FkXf8qCIcY,9,plain,none,mixed,1 5 5 7 11 12 13 13 14
991W18Gg-JcWc8X9g5DY9WX4nAID,9,plain,none,mixed,1 3 5 5 7 10 11 15 24
991W4n0GWYbK92eIA1WK3oivCv08,9,distinct,none,distinct,1 2 3 6 7 12 13 17 20
991Wb7H2921W1HnC18HfXKP6SX8K,9,plain,none,mixed,2 4 4 4 7 11 13 13 23
991WP28K74oA3WWA7128I1Waoa51,9,plain,none,mixed,1 1 2 5 5 10 16 20 21
991W6WgPb8X8Jb4XGGa61zGo968W,9,plain,none,mixed,1 3 5 5 7 9 13 16 22
991W83TDWuG2sAwIIcGYOwJ5Vf10,9,plain,none,mixed,2 4 4 6 7 9 11 16 22
991W4L0geM4YBX8ae9188s8a8qpa,9,plain,none,mixed,1 4 7 7 8 8 11 16 19
991WK8Y8YPWI8YAW8OW83fegAY4H,9,plain,none,mixed,1 1 4 7 10 13 14 14 17
991W92Oaf1I8E60W52ml708Cn4H4,9,plain,none,mixed,1 1 5 7 8 10 13 17 19
991W00WcCIHBYSYO20uBGtByvAYI,9,plain,none,mixed,1 4 4 5 7 11 12 14 23
991WL0y84914824Oc9WK4Qa9HOL6,9,plain,none,mixed,1 1 2 5 5 12 16 18 21
991WY32GRPWK44AX2V3ZKgGy41CY,9,plain,none,mixed,1 1 3 5 8 8 16 16 23
991W8PPW46g5B8mqa5yl-4bKd4J8,9,plain,none,mixed,1 4 7 8 9 10 10 14 18
991WA40yKSbIGXcH4GZYGZt6vkZ2,9,plain,none,mixed,1 2 4 10 11 11 12 14 16
991W114mC2mG8908Gq927jdGI4Z8,9,plain,none,mixed,1 1 2 7 8 12 13 16 21
991WHOWK50xJeA301Cn9J1pC50I8,9,plain,none,mixed,1 1 3 4 7 13 15 17 20
991WKX8IwGeM2605ag8H8oyT5301,9,plain,none,mixed,1 2 2 3 8 12 12 18 23
991WWE4idHiX-RKED4E5QaKAU66W,9,plain,none,mixed,1 3 4 4 7 8 17 18 19
991WAjhOA10GS51M882aaZ92Gm82,9,plain,none,mixed,1 4 4 5 5 6 9 20 27
991W81219x0nKY18I3W_aLDIObHC,9,distinct,none,distinct,1 2 3 5 10 11 15 16 18
991WCR4AZemH2KI4IgEWO6mY6ae8,9,plain,none,mixed,2 3 4 8 9 9 9 11 26
991W2mW47CeiEIY52XCB139H7OK2,9,plain,none,mixed,1 1 2 4 7 8 11 19 28
991Waf8fQ7Ge9iWe8s1B250U149Y,9,plain,none,mixed,1 1 4 7 9 11 12 14 22
991W31K9Jef0GiH88Je82CXX4Yoi,9,plain,none,mixed,2 3 3 4 8 9 9 21 22
991W113GPqWW8qH4E5WIAAYmCXGc,9,plain,none,mixed,1 1 2 3 7 14 14 16 23
991W5PHWGQ1CBnSXX5maNnmIsTne,9,plain,none,mixed,2 4 8 8 8 9 10 11 21
991WO4rKt4GNFp3a814OdEKJWeX2,9,plain,none,mixed,1 5 7 8 8 11 11 15 15
991WG470eYYK220AH1my5nyT4I3W,9,plain,none,mixed,1 2 2 5 6 7 13 21 24
991WeE3W405AA0aA2AWa8X8S71aQ,9,plain,none,mixed,1 2 2 3 4 11 15 20 23
991WWKH1UxW81GSAIDWe42WbvjG1,9,plain,none,mixed,2 3 3 3 5 5 18 19 23
991W8M6o9A9IXu81CKo4J2GaCaE4,9,distinct,none,distinct,1 4 5 6 10 11 12 13 19
991W8EEbnkWOoCm848rm20GJKA30,9,plain,none,mixed,1 1 2 4 5 7 19 20 22
991WOOWE91aP8XGKPAGabemmGYIm,9,plain,none,mixed,1 1 3 10 11 11 12 14 18
991WXKGYYDcHqZ4o1Avo40WmS5V0,9,plain,none,mixed,1 1 5 7 9 9 13 17 19
991W93-gT4X8ax2G86P2KQIKP894,9,plain,none,mixed,4 4 5 5 7 9 14 15 18
991WX0W51yXKGqD2Y10C30pKB1bC,9,plain,none,mixed,1 2 4 5 9 9 10 15 26
991W2EX493ggEg41Je6XJ59G40eA,9,plain,none,mixed,1 2 4 4 8 9 16 16 21
991W2H49IYPKTag8C34S0iWR3I51,9,plain,none,mixed,2 2 3 4 10 12 12 13 23
991W46AHuU92SeY1A4EZpIigAlI5,9,plain,none,mixed,1 2 5 7 8 11 13 13 21
991WH60ZADdpnp88Wf1AbPAhBq8m,9,plain,none,mixed,1 2 5 9 10 10 14 14 16
991W38mI3A9jA8GaJf-JYEWMV0G8,9,plain,none,mixed,2 4 6 6 6 11 12 15 19
991W3Sc5GXHPDLPGWcAUc8X4kOeY,9,plain,none,mixed,2 3 4 6 7 12 13 13 21
991WH554OD8Oboj44Xn5Tk3lJ56K,9,plain,none,mixed,1 6 7 8 8 8 8 13 22
991W1WW4AAeYfAXO60qCAIZYHD3G,9,distinct,none,distinct,1 2 4 5 6 7 15 19 22
991W0OGZI1XqbPF0WaHv7GWeug5a,9,plain,none,mixed,1 1 2 5 8 13 14 16 21
991WIIcP9IN8i68I8MlaAsm8828A,9,plain,none,mixed,1 4 5 6 8 8 14 15 20
991W0aCO1mI8v90aY8T3H6TlKA1G,9,plain,none,mixed,1 1 3 6 7 9 12 19 23
991W99G5z1Wy92eIq20GgKrQGa0W,9,plain,none,mixed,1 1 5 5 7 7 17 19 19
991W51bIE2jZfPG80GPgGZ7fx912,9,plain,none,mixed,1 3 4 6 8 11 14 14 20
991WH1gYeqGo52WA74pKoq63dM1G,9,plain,none,mixed,2 3 5 5 6 8 13 15 24
991W92ZqQ0fKO7XbA4WGnQhn70G5,9,plain,none,mixed,1 3 4 4 8 9 16 17 19
991W4jve6GG4T6AcG84aP5AIKn0W,9,plain,none,mixed,1 3 4 5 8 8 12 14 26
991WIJTBAh4H2H6C2H3mYDT0WJ44,9,plain,none,mixed,1 3 5 7 7 7 11 19 21
991W2GPS28IYeX0mIbWuCr2mI8A2,9,plain,none,mixed,1 1 2 4 9 11 14 16 23
991WIKZ6g1qPKeo954OW40fiLp6a,9,plain,none,mixed,1 4 6 8 8 9 11 13 21
991WWT4ZqHm41WW9E5Yew2WoD583,9,plain,none,mixed,1 1 6 6 8 8 12 16 23
991W2fIOOoJocL92W2eL8OhkDfwe,9,plain,none,mixed,2 3 7 8 8 10 12 14 17
991W91hx48Y8a4S4K291eJURc3jO,9,distinct,none,distinct,1 4 5 6 9 10 11 14 21
991WCH4Mb1H9nL5A8XGOc4DE8458,9,plain,none,mixed,1 2 5 5 8 9 14 18 19
991W8YA5heG8cH942aH5DJGAKp9K,9,plain,none,mixed,2 3 6 7 8 9 9 10 27
991WY8MAP9HXOA2W07f4U7YOQ4Z4,9,plain,none,mixed,1 2 5 6 9 9 12 14 23
991W84aV6IvgII08Y8X6qP4wIZQ4,9,plain,none,mixed,1 5 5 7 8 11 12 14 18
991WX8Q49AmfJnWO630s0W4I3Ch8,9,plain,none,mixed,1 1 2 6 6 11 13 15 26
991WO4G86WegOuGmH4S3ZBtX8WmA,9,distinct,none,distinct,1 2 3 4 6 9 16 17 23
991W518Y8aF3AYH420GLGa96nXG8,9,plain,none,mixed,2 2 5 7 9 9 10 17 20
991W5CCXa28Ioamab6Bbl0G1Wb2m,9,plain,none,mixed,2 4 5 5 6 9 11 12 27
991W1M8aDmGAKrd1H4M452KgsYIG,9,plain,none,mixed,1 1 5 6 9 9 14 16 20
991W104iAHJKuFX8GKf4DIPKyF0G,9,plain,none,mixed,2 3 4 6 6 8 15 16 21
991W1GTSF6oYIg2GL5ua5qOAGeX8,9,plain,none,mixed,2 3 3 4 8 8 15 18 20
991W96LeS51Lf2GE1WI45I50IKY4,9,plain,none,mixed,1 1 5 7 9 10 10 13 25
991W4KG95TDGe62G61V4nN1ma8X8,9,distinct,none,distinct,1 2 3 6 7 8 10 19 25
991W6PgK4Z8J2WfGCP6GY0L1OOm8,9,plain,none,mixed,1 2 5 6 10 10 11 17 19
991W10YijCnyueQ6G1mII7IGHa51,9,plain,none,mixed,1 2 2 8 9 10 15 16 18
991Wh0a8S4XOcWiK0eIm43i5X852,9,plain,none,mixed,1 2 2 2 4 8 17 21 24
991W52CFY8r8a91eA2qWuUN8C90e,9,plain,none,mixed,2 2 2 6 9 10 12 18 20
991WG1wY0p9KoFGAP26fqeL7YP2W,9,plain,none,mixed,1 2 5 8 8 8 9 15 25
991Wb1X2Y4D8wG44HFAKabBuUGaS,9,plain,none,mixed,1 3 3 5 8 10 14 14 23
991W1GG4AIObKG508oCc1WGqnDnX,9,plain,none,mixed,2 2 2 4 6 9 11 19 26
991WIN1GKAMeH8W81XkDKP4U20YG,9,plain,none,mixed,1 4 4 6 7 10 13 16 20
991W22Wf6eYASVI14WK4ePGS7oTW,9,plain,none,mixed,1 2 2 5 5 13 13 15 25
991W14QK20WD-8G2fS94GYGcIOc5,9,plain,none,mixed,2 2 3 4 9 12 14 15 20
991WS492BBnEOE0J0Xco3PImf0a8,9,plain,none,mixed,1 1 1 6 7 14 15 16 20
991W4d10h3nxoqSG91AvJH0Y2OA9,9,plain,none,mixed,1 2 3 7 7 7 11 16 27
991WKaKa20GD3k2G0W528wAuOkGi,9,distinct,none,distinct,1 2 4 5 6 9 10 15 29
991WE0820mvq31fG30m5YGwHYs1G,9,plain,none,mixed,1 2 2 3 6 6 12 17 32
991W9KH2b0Yf11A26IM52JecTXIO,9,plain,none,mixed,1 1 8 8 9 9 10 13 22
991WQ9HKO2Pdz2W31SDPv2AZ4GG9,9,plain,none,mixed,1 3 4 6 6 10 11 13 27
991W90oSHCHFCibWGNf4mwU810e5,9,plain,none,mixed,1 3 3 4 9 13 14 17 17
991W10j7PyHvDWH0K4Wr2mND588U,9,plain,none,mixed,1 1 2 5 10 11 11 16 24
991W8oWSYXEWM1J06IGZRrJ2eOaH,9,plain,none,mixed,1 1 6 8 10 11 11 13 20
991W00GdrTGiEQ4X8megH6fWvCIG,9,plain,none,mixed,1 1 5 5 8 10 12 19 20
991W61mh5aQWfJoG0mWOSHBn34Gc,9,plain,none,mixed,1 1 1 6 10 11 12 19 20
991WAIcKXZdaWT8O4bbM4canRLw0,9,plain,none,mixed,1 1 6 7 8 8 13 17 20
991WYMM5X7SNjtGa1TUCKK30E28G,9,plain,none,mixed,1 3 6 7 7 9 11 14 23
991WM5f28eBIGKYB11aq14YAYYSY,9,plain,none,mixed,1 2 6 7 7 8 11 16 23
991WAqP5nSb452mmA0YC3mgH34o4,9,plain,none,mixed,1 1 2 9 9 12 13 17 17
991WAHOQN6ZgXEGP20KcjGNORO40,9,plain,none,mixed,1 3 4 4 8 10 14 16 21
991WGQ0GIae40WLIOA29IIWeBoAX,9,plain,none,mixed,1 2 3 4 4 10 12 17 28
991W2IeXJ2eaHJmm10GsYOfXUkA4,9,plain,none,mixed,1 1 5 8 10 12 12 13 19
991W5EJcIdOg3k008O8vXXuqAaH4,9,plain,none,mixed,1 3 5 7 8 8 14 16 19
991W2WKTjaOLnUKcD24-742W2A58,9,distinct,none,distinct,1 3 5 6 8 10 12 17 19
991WJ0aJ53Ju6A8IXuW44qOAei0W,9,plain,none,mixed,1 1 2 5 7 12 13 19 21
991W4Ga54goaua842XGJ4R5f5IA2,9,plain,none,mixed,1 2 5 5 9 12 13 14 20
991WMacG4IqsCgL28a61aaWG1ufX,9,plain,none,mixed,2 3 3 4 5 7 14 21 22
991WWp7nP2OQ5qW2eS6IAeYFiJ8K,9,plain,none,mixed,1 5 6 6 8 11 13 15 16
991W0WYOrSGaHmZ8I24U4bAmeYGo,9,plain,none,mixed,1 1 3 3 10 10 16 17 20
991W10i75UQ5fcWG318952NdiH-3,9,plain,none,mixed,1 3 5 7 8 8 12 14 23
991W1HqaTWxuo7GGA2eLIhHYAGb9,9,plain,none,mixed,2 2 2 9 11 12 14 14 15
991WY28a3XHicFY8Y0q6hRWaKA2W,9,plain,none,mixed,1 4 5 5 6 9 11 20 20
991Wa10SH1zI70mDX0GuE3P89J4e,9,plain,none,mixed,1 1 2 6 10 12 14 16 19
991Wn9GY8HdiY1X90iX5MPA4I2WX,9,plain,none,mixed,1 1 4 7 8 14 15 15 16
991WaHn4F8a8430gY11mKcMOY8aH,9,plain,none,mixed,1 2 3 5 7 13 13 17 20
991WH99bCX925jOI0S8jNQ6XPB3G,9,plain,none,mixed,3 4 5 5 8 10 10 15 21
991WG9X7DoH77qHK1CJgqYNZmfZ2,9,plain,none,mixed,2 3 6 7 8 11 13 13 18
991WA65ohKe98U4DKMAP36p1yEWK,9,plain,none,mixed,1 3 3 5 5 8 13 16 27
991W1GKgIbWeCo6CIKXm6HTIKqM0,9,plain,none,mixed,1 1 4 4 7 11 15 17 21
991W88XGhrXea451u5OcckmOA1Wg,9,distinct,none,distinct,1 2 5 6 7 10 12 17 21
991W8C6dQ18aYfHK5BN57HOmNY2W,9,plain,none,mixed,2 2 4 7 7 11 12 18 18
991W8XAHifefnmO4H1eSe2WqCsm2,9,plain,none,mixed,1 4 6 6 7 11 11 12 23
991W59LCHeI8931WY5G50K8kaB1m,9,plain,none,mixed,1 2 4 5 6 6 9 21 27
991W8WgXKZCsWSB4L30IviO62suK,9,plain,none,mixed,3 3 3 6 8 9 14 16 19
991WW4K2P6Eg4L20OEq7Aomaz8pI,9,distinct,none,distinct,1 2 3 4 8 9 14 17 23
991W4HH2W73EKW0X13XELuk7Iokg,9,distinct,none,distinct,1 2 4 5 8 9 14 16 22
991W5HGnyeW82F80AX4YKH86HdML,9,plain,none,mixed,1 2 2 6 8 12 14 17 19
991WeI4T7JOs4D28Y0e9LH5011X8,9,plain,none,mixed,1 2 2 4 5 11 16 18 22
991W611m491cfKz2KamYIee93WG1,9,plain,none,mixed,1 1 4 5 7 9 9 17 28
991W8B3GBbCD3GGAKB3uY3WJA143,9,plain,none,mixed,2 3 4 4 6 7 10 22 23
991W5OkJY60OLAn3Z1yA4ViigIa8,9,plain,none,mixed,1 4 5 5 7 11 11 16 21
991W4XYAXN5SGI94O10J25IufMPC,9,plain,none,mixed,1 4 4 6 8 10 12 18 18
991W5BHBMIJQAZMY6TI8N2jnAaKM,9,plain,none,mixed,1 3 9 10 10 10 11 12 15
991W8I8TcIKpXLpWP5DGHHfP9EWY,9,plain,none,mixed,1 4 4 4 6 11 13 13 25
991WDA9XBJuuN4WGWK4caWaYZ5Ga,9,plain,none,mixed,1 4 6 6 9 10 12 16 17
991W0aJ8h2uk4qeIqe8X1GTeX1OG,9,plain,none,mixed,1 2 2 6 9 9 14 18 20
991W2GS60le88GYW4HW85m-KD8nA,9,plain,none,mixed,1 1 2 5 7 7 15 17 26
991WWS5PwL9S30eQKA04D4KO6X0G,9,plain,none,mixed,1 2 4 4 6 7 12 19 26
991W92WrJiO82mSA41Wu67ZZ22H5,9,plain,none,mixed,1 2 2 4 9 11 11 19 22
991W50HPPCJ823G4K4GK9yJg821W,9,plain,none,mixed,1 1 2 6 9 11 13 18 20
991W8mmCX4YBa3o491iBY8qwg2Ie,9,distinct,none,distinct,1 4 5 6 7 8 14 15 21
991Wm4cv934IU18e9CH2JJ2Nfwmq,9,plain,none,mixed,1 3 4 10 10 11 13 13 16
991WWF19XKRAgafMGhX6W44e8JH4,9,plain,none,mixed,1 2 6 6 7 8 11 17 23
991WC31Gg9Cc9Z0k81XuY3iA0n0O,9,plain,none,mixed,1 1 1 8 9 10 13 14 24
991W8aUGYrWILV0mYlaafj3ehbAa,9,distinct,none,distinct,2 3 4 6 7 10 11 17 21
991WE0G72XBCJ4c930a8Y12e8aeg,9,plain,none,mixed,1 1 2 5 6 8 9 24 25
991W50f2GY9gOI9a4X9PICW4XIOa,9,plain,none,mixed,1 6 6 7 7 7 13 14 20
991W0aCX8WYroavGXen851aU4MIe,9,plain,none,mixed,1 2 3 5 11 11 12 15 21
991W8aalwP4zGiGa2IBL2HMfnYIG,9,plain,none,mixed,3 3 4 7 10 11 11 11 21
991WA2Wm0mU5hin22G82P6GXCGuY,9,plain,none,mixed,1 3 3 4 5 9 10 15 31
991W324IY7X3D610Sb9DrAeYfCX4,9,plain,none,mixed,1 4 4 8 8 9 10 18 19
991W96FhtZ2GOPf04qoR9n9XqIA4,9,distinct,none,distinct,1 3 5 7 9 10 11 13 22
991WH9G92ebS2GODL8o4X4WNN6yG,9,plain,none,mixed,1 3 3 6 8 11 13 17 19
991WOMHS20YoW0y98YW8J2HkZOO6,9,plain,none,mixed,1 1 2 5 6 9 17 19 21
991WZh_5C5IW8n2G1IXmgb0GA6w8,9,plain,none,mixed,1 1 3 4 8 9 15 17 23
991W9314XORQoYKo229A2SJA4nCW,9,plain,none,mixed,1 2 5 8 10 10 11 13 21
991W51883WxmZ2Se2WW42iwDeabA,9,plain,none,mixed,2 2 5 6 6 11 12 13 24
991W4Egof720Hqn8a5oAAj8H98A6,9,plain,none,mixed,1 3 6 6 8 8 9 14 26
991W2Wg4-ea_F0Z04LXfKsaIU1mG,9,plain,none,mixed,1 1 5 8 9 12 13 15 17
991WA2A2Mz3qj4nHK6P80YcQaH4X,9,plain,none,mixed,1 5 5 6 7 9 12 16 20
991W20ZegBCu12UX245XHbeE3HOC,9,plain,none,mixed,1 2 5 6 6 9 13 19 20
991WR0iO8bEpyZ086HEDCaCYeaIG,9,plain,none,mixed,1 4 5 6 6 12 13 14 20
991WWWuIG25Ag8X8Y8syei98Y2mq,9,plain,none,mixed,1 3 6 6 7 9 14 14 21
991W20rf0WKSX610fgR5fgg6M6YG,9,plain,none,mixed,1 4 5 6 6 7 9 20 23
991W52GOIOpI4CYW4XOfwIz4710m,9,distinct,none,distinct,1 2 3 6 8 11 13 17 20
991W32H3HOLGR21G8Zf3nSXE8418,9,distinct,none,distinct,1 2 3 4 5 7 10 23 26
991WOLB28piurE888KHXnX8F2-18,9,plain,none,mixed,3 3 4 4 5 11 15 15 21
991WH472maGebASH4MGC1m8EcUee,9,plain,none,mixed,1 5 6 6 8 8 9 10 28
991WM1Ys6GO6B29O8431fXTq1d51,9,plain,none,mixed,1 2 2 5 8 11 12 14 26
991WH18IWSLnqB2423IgfGeAapCd,9,plain,none,mixed,3 3 4 6 7 11 12 13 22
991WmKOcEdPv7Ov2X0TI1Y8zWee0,9,plain,none,mixed,1 2 5 9 10 10 13 15 16
991W1Kb-pWSP7728ev8XGYcQH0nG,9,plain,none,mixed,1 2 5 7 7 11 12 16 20
991W0iKIYeHF2aQ1Ouf5HMLRbEaa,9,plain,none,mixed,1 5 6 7 7 12 13 13 17
991WOStaf94kYA2AY1GqsyE8L5aH,9,distinct,none,distinct,2 4 5 6 7 8 9 16 24
991WZB-w8I6IQkea2YKYZ2G1GQb1,9,plain,none,mixed,3 4 5 5 7 10 11 13 23
991W1WHu2P9IIb0eM4WZGZT20fYe,9,distinct,none,distinct,1 2 3 4 9 13 14 16 19
991Wb5JNLp4g4GY89SGK40u65aeK,9,plain,none,mixed,1 4 7 9 9 9 10 16 16
991WY8dZ9P6sJaE542L4M5mQ8qY2,9,plain,none,mixed,2 3 7 9 9 11 12 14 14
991W4izd8gfPcMhIGPwmoq6GC2g0,9,plain,none,mixed,1 4 5 9 10 12 13 13 14
991W60e9XPBKY5I4A0i51PQod4GK,9,plain,none,mixed,1 2 5 7 7 8 12 15 24
991WK9Ym1Aj9d84W8BqrJ6gwZ9IJ,9,plain,none,mixed,1 4 5 6 6 7 14 17 21
991WA5N88cF4ofaWM3EB8k54ZA9v,9,plain,none,mixed,1 4 6 6 7 9 12 14 22
991WEZOI8fJ46GYG8JGuQ5VM4W84,9,plain,none,mixed,1 1 2 3 10 10 14 17 23
991WG23-KnWawH48CbQYJ4SzKI4K,9,distinct,none,distinct,1 3 6 7 9 11 12 15 17
991W30oIb2gYecHFH1eO2LaGSWa8,9,distinct,none,distinct,1 5 6 7 8 9 13 14 18
991WI54H5BWA2eK8Ir1GI8WJ8Ike,9,distinct,none,distinct,1 2 4 5 9 10 13 15 22
991Wa1OrwD4aM1A8Z2KRJp0tcrWe,9,plain,none,mixed,1 5 7 7 8 12 13 13 15
991W52atDo0j1jWK8I8XfLQRGXIe,9,plain,none,mixed,2 3 5 5 10 10 12 15 19
991WGIlCIaJAyH0WI2B4WuGOUDGI,9,plain,none,mixed,1 6 6 7 7 10 11 16 17
991WmE0q98aI5AMW45gQA49QFJ4h,9,plain,none,mixed,1 2 4 4 9 10 14 17 20
991W938XGH2mY8WCCJWur0G5X4GK,9,plain,none,mixed,1 1 2 7 8 9 11 15 27
991W4C1iHFmC2WqDq0Ymo50qHa90,9,plain,none,mixed,1 2 4 4 7 10 14 16 23
991WOdf9Jek81W-91H10G80M8MuK,9,plain,none,mixed,1 2 4 5 8 10 10 11 30
991W84gqeMHY1X10J1p99KQ6-Z8o,9,distinct,none,distinct,1 2 4 7 10 12 13 15 17
991W4g8ZP5nG8JqWv2GGbX4B8K4a,9,plain,none,mixed,1 1 5 6 9 10 13 15 21
991WHB2mK7He94H1WA0cb9oK2Ga9,9,distinct,none,distinct,1 2 3 6 8 12 13 15 21
991WE854J5Hcf1W92CwIcW6onCW9,9,plain,none,mixed,1 1 1 5 10 12 12 15 24
991WCgQaH2Gc9JAGW24HgYWeoWS1,9,plain,none,mixed,1 1 3 4 9 14 14 17 18
991W1COL2fcO9-60L8f9J30qalI9,9,plain,none,mixed,2 3 5 6 9 10 13 13 20
991WGHZNNA1WeLHW95w2au5n8aAa,9,plain,none,mixed,1 1 3 5 6 10 12 16 27
991WG72OUiao9H4II31eaausC3qe,9,plain,none,mixed,2 3 4 6 9 10 15 15 17
991Wff9Oa2H5hh080tKPX7SIY4v2,9,plain,none,mixed,1 1 1 4 8 11 12 21 22
991WIDWwH6IeNn0GHefq988g9494,9,plain,none,mixed,3 5 6 9 10 10 12 12 14
991WYOc1Se2CPAYa23OK91HRK72G,9,plain,none,mixed,1 4 5 5 6 6 9 19 26
991W38e78A1OQq90q1WIB2XYmYL3,9,plain,none,mixed,1 3 3 5 6 9 15 18 21
991WX259_Dw4XEm598dI8GbYoD0n,9,distinct,none,distinct,1 3 5 7 8 10 13 16 18
991WK4Gqx1HYGeGa62jLMEZOWeY8,9,plain,none,mixed,3 5 5 6 6 8 9 10 29
991W10ypB2r9aL38WOQ8qFL8i90Y,9,distinct,none,distinct,1 3 5 6 7 8 13 18 20
991W3KfKR0mCvuJ4W8KI9cOImWI2,9,plain,none,mixed,1 1 5 6 7 10 11 18 22
991W4P6XKucYln48X38YR1iK4Ye5,9,plain,none,mixed,2 6 8 9 9 10 10 11 16
991WX8OKDL0d6HHaW41PPIWkL9YY,9,plain,none,mixed,1 1 4 7 10 11 12 12 23
991WB8Ga8oNZHL6NX4b4Y8eAFIW0,9,distinct,none,distinct,1 2 3 6 10 12 13 15 19
991W0n8O10KZj6n0YewDX29XNXA6,9,plain,none,mixed,1 3 4 4 6 11 12 13 27
991W4aeqJ2psqCWPGKZrmUeWH0W9,9,plain,none,mixed,1 3 6 7 7 12 13 14 18
991WPCe9g3DrF3a9b6GeWP44Yb8i,9,plain,none,mixed,1 3 6 7 7 8 12 17 20
991W31oSTE6A8Y8cS0ma6AW45He2,9,plain,none,mixed,1 1 2 4 11 12 16 17 17
991WC12mkvlOicS8H18To28F32CA,9,plain,none,mixed,1 1 4 8 9 11 12 14 21
991WIgHe-2gJK30fADnAe9bGa0G9,9,plain,none,mixed,1 5 6 6 8 9 11 16 19
991WG43mpvIh9tuGHX8nMI8TA14h,9,plain,none,mixed,2 4 6 6 9 9 10 13 22
991WqB0Oo4v6TH8I853Y960eCZGo,9,plain,none,mixed,1 3 5 5 8 10 14 16 19
991W4HXXiJ949K18C21F8Kd8oj96,9,plain,none,mixed,1 1 3 5 5 9 15 20 22
991WYaPG98KD3Z0JYfew2Mhe0aLG,9,plain,none,mixed,1 1 4 7 8 11 15 16 18
991Wd9UG860W3PIIC18A9WQ4HOH2,9,plain,none,mixed,1 3 5 6 6 7 12 13 28
991WH28K2GdHvmNW0Wc2HMrbuYG9,9,distinct,none,distinct,1 2 3 8 9 10 11 13 24
991WI9AdP4GaAw5WGg4OGO67moL6,9,plain,none,mixed,1 3 3 7 7 9 13 14 24
991WL3Cv1WJIBWmG10o48ayiYNEJ,9,plain,none,mixed,1 4 4 4 7 7 12 16 26
991W0HcGe719X7m6L1O9Ceb6HKI8,9,plain,none,mixed,1 1 2 4 9 11 11 21 21
991WbV0G42Wh2XKK1aQ6KX86X8e5,9,plain,none,mixed,2 4 4 5 7 8 9 17 25
991WGvgfSgI8I1ma4RqBGx4Q66Y8,9,distinct,none,distinct,1 3 4 6 8 9 14 15 21
991W71hAJoEP21H4B40H2KOwc00a,9,plain,none,mixed,1 1 2 3 6 6 20 20 22
991WOv2EBj7IuoW9COCHjcOKH9e5,9,plain,none,mixed,1 1 4 7 11 11 12 14 20
991WCr4eA8GCYC003H7I4b9SICW8,9,plain,none,mixed,1 1 2 7 7 12 13 15 23
991WIBm320mOQ8M0HCP2X4ogSL4o,9,plain,none,mixed,1 3 4 6 6 8 13 16 24
991Wogj4Wa8W9qXD473A10H68qsA,9,plain,none,mixed,2 3 3 5 7 9 12 12 28
991W5HWk4N4pAbcY4H0BSWseI2UG,9,plain,none,mixed,1 1 5 7 10 12 14 15 16
991WKfHo6W40m4S8PgH18H4XuZ4g,9,plain,none,mixed,1 3 3 6 7 8 8 9 36
991WK8KWi32ecuD2O9aORCB8I4oD,9,plain,none,mixed,2 2 3 4 7 9 12 20 22
991WM4GOE1KMGu864H9KPA3G1GeK,9,plain,none,mixed,1 1 4 5 7 11 12 18 22
991Wo2eg9qSoWfA4W0QU1WcfYGWm,9,plain,none,mixed,1 1 6 8 10 10 12 15 18
991W20wjr9A9IhoWGaHo4Ig1yYn4,9,plain,none,mixed,1 2 7 8 10 12 13 14 14
991Wq52S7YgpWu848SW852X04IGg,9,plain,none,mixed,1 2 4 4 5 6 15 17 27
991WGNYqe48sCJG1O11OYIRcZvCK,9,plain,none,mixed,1 1 3 5 8 8 10 22 23
991W20xWm90sMaWg44WzM4B5YK92,9,distinct,none,distinct,1 2 5 6 8 9 11 13 26
991WH2JsUWai9195O42HInWi2rX1,9,plain,none,mixed,1 1 1 7 10 12 12 15 22
991WH4KArC8sS10e32HQKsWfTI7X,9,plain,none,mixed,1 4 6 7 9 10 10 13 21
991WHD8HaiOoHJ8Ie4WU4uwEaFQG,9,plain,none,mixed,1 3 3 5 9 12 14 15 19
991Wew3GCJtbwEYG82X1OGaK28Wa,9,plain,none,mixed,1 3 3 5 6 10 15 15 23
991W2GK4Y9HO5n0mBHqH40IyGaI2,9,plain,none,mixed,1 2 2 3 5 13 14 17 24
991W58mIQnqZ430HKP6Xdko4N205,9,plain,none,mixed,1 2 5 5 11 11 13 15 18
991W2IeL8aFqmeWG20CPvQbgBiWu,9,plain,none,mixed,1 4 4 7 10 10 12 14 19
991W10GB94IQafLIA2am82neAq8X,9,plain,none,mixed,1 4 5 5 9 10 12 17 18
991W20k43C1kWyH0IJObAIbLBkGY,9,plain,none,mixed,1 1 3 5 10 11 12 16 22
991W54eI8mgB1nefJ420iLA6X14g,9,plain,none,mixed,1 2 3 6 6 8 8 13 34
991W24joceCXCKaG32J7hTieA931,9,plain,none,mixed,1 4 4 9 9 10 11 15 18
991W0a8PUelOC5G8Y9HhNMOJ46XG,9,plain,none,mixed,1 3 4 4 8 10 15 17 19
991WSJSuH2O54mR2Y8au82PcbKW2,9,plain,none,mixed,1 2 3 4 8 8 12 14 29
991W2VWeEEY4rh2GW56FX7GC2WoC,9,plain,none,mixed,1 1 4 6 7 14 14 15 19
991W9LvnIKoiq0WI0mkjmQP5KP10,9,plain,none,mixed,3 3 3 4 4 13 13 19 19
991Wo51aa5DCJ4j84A1GCEXZ2H8B,9,plain,none,mixed,1 1 5 6 8 9 14 14 23
991W34O8Y5Usn8f58HdEnj8HJf68,9,distinct,none,distinct,1 2 4 6 9 11 12 17 19
991WG42iYJPDIHS8Ka98C3jLAZ4e,9,distinct,none,distinct,2 3 4 5 8 11 13 16 19
991W30HuI5Ja5kcC30P9Bb3I3Gi8,9,plain,none,mixed,1 1 5 7 8 9 14 17 19
991WG43GqIA4d68IKYfPGnGI6XWe,9,plain,none,mixed,2 3 5 6 6 8 10 18 23
991W2Aegc9QEj081OeI48YoKacLa,9,plain,none,mixed,2 4 4 6 8 10 12 16 19
991WKJ1W8YGKk8YG8YJ4QYCaC12G,9,distinct,none,distinct,1 2 3 7 9 10 13 17 19
991WGHyLiB2eQ2XK80I7eKY1OA0W,9,plain,none,mixed,1 2 3 3 8 10 10 16 28
991W51SSZ0aQ9afA810I5deMG8XG,9,plain,none,mixed,1 4 5 6 6 9 16 17 17
991W72Kgc9WG3XT4g8Y9AOv2XE4Y,9,plain,none,mixed,1 2 6 6 6 12 12 15 21
991WG7xg2K1XVI98GYAvKvL2X2SP,9,distinct,none,distinct,2 3 4 5 7 11 14 15 20
991WCb9YaWCvB2WmC32GUWSA30mG,9,plain,none,mixed,1 3 3 4 7 7 9 14 33
991W9I0E2fAeU4T460m8GbmgoACW,9,plain,none,mixed,1 1 2 6 7 12 13 17 22
991WGI9o5l8f5GO4M4YmH1eM8Sf2,9,distinct,none,distinct,1 3 5 6 8 10 13 15 20
991W0G23kOscrXe4H084F0ap8ac9,9,plain,none,mixed,1 1 4 5 6 7 8 13 36
991W0W4CHoWXh9908oGrBonIPjKf,9,plain,none,mixed,1 6 7 7 7 9 12 12 20
991W64adWS9q93uXA33aYGP5Ab61,9,distinct,none,distinct,1 2 6 7 8 9 12 13 23
991WWr1W8snOsCWa18KnI8AHY3Y8,9,plain,none,mixed,1 1 2 5 9 11 12 16 24
991W12461dBoqJAG0WaJpDBIGaV1,9,plain,none,mixed,1 1 6 8 8 8 11 12 26
991W135AYo_9UcmAZBJPX48HYyHW,9,plain,none,mixed,1 2 4 10 10 11 12 15 16
991WaY4YS7IF2GmGX0Wee0a56lOu,9,plain,none,mixed,1 2 4 5 5 10 14 20 20
991W52WG9PACqKcY0XKJudwn7GGn,9,plain,none,mixed,1 2 4 4 7 12 13 17 21
991WP4Y8E24K4e60S19IwjI430uL,9,plain,none,mixed,1 3 3 4 4 12 13 18 23
991WM2Ii24nJW319K3QdXWdm20G9,9,plain,none,mixed,1 1 2 4 7 10 17 18 21
991W1uHrD-0mcvHGY5KiM14N9994,9,plain,none,mixed,1 2 8 8 8 9 11 16 18
991W2BsuTuzWK8m1WpWYdZfXYwDA,9,distinct,none,distinct,1 3 4 6 8 10 11 17 21
991WERpTaH2G4G88b2X8208Zmy8M,9,plain,none,mixed,1 3 5 6 6 6 12 19 23
991Wg0WUBhCmCck5296I8r4IGmmM,9,plain,none,mixed,2 2 5 6 8 11 15 16 16
991W610U8nIeT8HC2WK3FSCkK10m,9,plain,none,mixed,1 1 3 3 10 12 13 16 22
991W8beC2aCKp5HG4nNOM9SXR1GC,9,distinct,none,distinct,2 3 4 9 10 11 12 14 16
991Wa3nS9q9KDJ1B18JvJ2M46YCK,9,distinct,none,distinct,1 4 5 8 10 11 13 14 15
991W40I8C356aw-4KJGu4wtEY8cK,9,plain,none,mixed,1 4 5 5 7 12 15 16 16
991WD3082AmlGO54M5DK1CIK1Ga2,9,plain,none,mixed,1 2 2 4 6 10 16 18 22
991W6WDm4GYm92QWIKGaIfuM4LAY,9,plain,none,mixed,1 1 3 4 9 11 14 14 24
991W1JWXmP9TCA00eucrb4g63XRA,9,plain,none,mixed,1 1 6 7 7 9 12 16 22
991WI2IcGMIqIoqY86po10YDCtL2,9,plain,none,mixed,2 3 3 6 8 13 13 14 19
991W2J1AyY0eA3Go811Wckf2GH2G,9,plain,none,mixed,1 2 4 5 5 11 12 17 24
991W3Gqb2H9HJ90u30y5P7O39Js1,9,plain,none,mixed,1 2 4 6 6 7 15 16 24
991W54L8A20645Q8CZEmc1rCYuH4,9,plain,none,mixed,1 3 3 4 8 11 14 18 19
991W92bCCf7RkQ104HHv32B8Q5J2,9,plain,none,mixed,1 4 6 8 8 11 11 13 19
991W94oCEFcHZ986P569eOua1mGG,9,plain,none,mixed,1 1 5 5 9 12 13 15 20
991WDKuC410EMOe8GqA41AebIOO2,9,plain,none,mixed,1 3 4 5 6 6 11 20 25
991W4XIIXfCAIYumOWeC3ZyomGeI,9,plain,none,mixed,1 3 5 8 9 9 10 17 19
991W1P6RH3w2Zb0ab3eP4AlLQZ2G,9,plain,none,mixed,1 4 4 6 6 8 15 18 19
991WY4saGYOmG9GaG-0sLreQi8X8,9,plain,none,mixed,1 3 4 5 9 9 14 17 19
991W959G85Wbg52292EQADFDpKn8,9,plain,none,mixed,2 3 4 5 7 12 14 17 17
991W92KvK5KK4FWY8Y4AAMP5aP0e,9,plain,none,mixed,1 5 5 5 7 13 14 15 16
991WW40gATT2H2CYY91IO7W85cr6,9,distinct,none,distinct,1 2 3 4 6 9 11 22 23
991W0OSK62YQd1sHXKfAKYWXXag8,9,plain,none,mixed,1 1 7 8 9 9 13 16 17
991W1Gi7RkX045QW83aF9Y7P6eaf,9,plain,none,mixed,1 2 3 6 8 9 12 20 20
991WXIQ5F28Gi4IG8EVa7YCJCFWO,9,plain,none,mixed,1 2 5 5 7 9 14 15 23
991WZHNj7X90iB18eKGjJE4G82W8,9,plain,none,mixed,1 5 5 6 6 7 10 15 26
991W914bAXZIZ2Ha0We7z2GQ_C1W,9,plain,none,mixed,1 1 4 5 7 11 12 19 21
991WI98gIOb51XGWv3oWmKFBmYGG,9,distinct,none,distinct,1 2 5 6 8 9 11 13 26
991WCAIoomiESKJ4W55aGgICIWuW,9,plain,none,mixed,1 1 3 5 11 11 12 14 23
991W11MEg5H9O90IGd5pHvt5FLoG,9,distinct,none,distinct,2 3 5 6 10 11 13 14 17
991Wf1GBn7Xd4Qr0aI87baWxP2X1,9,plain,none,mixed,1 1 4 7 7 10 12 19 20
991W0nGCn6dm828mE0Gm9UcHaHAA,9,plain,none,mixed,1 1 1 7 10 11 12 18 20
991WX7YUHKOMchQ9HA9AYIB7KZ40,9,plain,none,mixed,3 3 4 4 8 8 13 19 19
991WK90WujiWO9q8QQ8CMX4A2J4g,9,plain,none,mixed,2 3 3 6 8 9 11 17 22
991WmGHQRZ8bXA8a4PP6S1X8zuq1,9,plain,none,mixed,1 1 3 5 8 11 16 16 20
991WHAB2mnDAKJOga23Q6GG9YcP8,9,plain,none,mixed,3 3 4 5 5 9 10 15 27
991W08nCaeeTHeaib6yfAJMAAISe,9,plain,none,mixed,2 4 6 7 7 8 11 14 22
991W4o8Y61H4gD0W2GqEgn8qA0Y8,9,plain,none,mixed,1 3 4 5 8 12 12 18 18
991W2Wmi52mKafNG30a8S4Wunq52,9,plain,none,mixed,1 1 3 4 5 13 16 18 20
991WI4-cHgMPA84iC4y_J42BWrE4,9,plain,none,mixed,1 3 5 5 7 9 12 16 23
991W10GJZSm9DI6W8HW836fMAafH,9,plain,none,mixed,1 1 2 6 9 10 12 17 23
991Wp0mKubXY8PvJ4AC6E589AXyO,9,plain,none,mixed,1 1 5 6 11 11 12 16 18
991WX39KobGC533G8P39YZmGyX8I,9,distinct,none,distinct,1 3 7 8 9 10 12 15 16
991WOYG85Cu3210m2Hc9I7fCj2Wa,9,plain,none,mixed,1 1 3 6 7 12 15 18 18
991WI7GL8aQ7awKK4HbHemI4CYH9,9,plain,none,mixed,3 4 5 6 6 9 10 12 26
991W0mJOwp0G4A2OIXX8Sr5We90W,9,plain,none,mixed,1 1 2 3 8 9 14 15 28
991W2H48HfAaY9H0E2KqEFiTAY9Y,9,distinct,none,distinct,1 2 4 5 7 13 14 15 20
991WHb6YHI0uNY8e4N4tGeYBFTWu,9,plain,none,mixed,1 3 7 7 8 9 11 13 22
991W4jJNAfz62Y0uA90yFWSkab0e,9,plain,none,mixed,1 4 4 6 10 10 14 16 16
991W8j0KcJM620Wof5YOYQ2rnKXW,9,plain,none,mixed,1 4 4 5 9 9 11 14 24
991WW20E8Ip3K4IG18cERcjJA6nK,9,distinct,none,distinct,1 2 3 6 7 12 15 16 19
991WQ6H89o4HDmy8X8HaAYJc4IG9,9,plain,none,mixed,2 2 3 7 8 14 15 15 15
991WCWD3hoY40GOAH7WOg2Wf7euO,9,plain,none,mixed,1 3 4 5 7 8 8 21 24
991WojN5WmG48K0J52G71SJ4D9K2,9,distinct,none,distinct,1 2 3 4 7 9 12 16 27
991W8Ygw1H1Wd1OGGYGepB9qGo8I,9,distinct,none,distinct,1 3 6 7 8 10 12 15 19
991WY1Gc25Q7n48YaXm9QB2mCaH8,9,distinct,none,distinct,1 4 5 6 8 9 10 18 20
991WY232aWql6Keacafff9815KfK,9,distinct,none,distinct,1 2 5 6 7 9 12 13 26
991W16GeRX-YL9GpwESLY9JC9H48,9,plain,none,mixed,1 2 7 7 10 11 13 15 15
991WHA95fOYa94949D1oc9Y8snXO,9,plain,none,mixed,2 3 6 7 9 11 13 15 15
991W96G15XHaWneWQcpaAGe9TMG2,9,plain,none,mixed,1 1 3 5 9 10 16 18 18
991W1qXohqX3nO00fP8qH2JSRf8e,9,plain,none,mixed,1 2 6 6 9 9 11 14 23
991WeWOK8A1m5qS8aGa6hiJ5P24a,9,plain,none,mixed,1 1 5 7 8 9 11 18 21
991WY0bAUf8A2mm5o50G81X1GqM2,9,plain,none,mixed,1 2 5 5 7 10 12 14 25
991WE5PPOB38cijW40ESDIl41C6Y,9,plain,none,mixed,1 3 4 5 6 6 11 19 26
991W0GcHqIenKo5XGX8dC5h2mjmW,9,plain,none,mixed,1 3 3 5 7 12 16 17 17
991W0G9W830p8FQG92P5LaL5Hec5,9,plain,none,mixed,1 2 5 6 6 10 11 17 23
991W91JAgZiqX892H5Kqb4W8IX08,9,plain,none,mixed,2 3 4 8 11 11 11 13 18
991W50zzgKXXZfvWL6KGJQuXH84T,9,plain,none,mixed,1 3 4 4 7 9 15 17 21
991WeegLAKWsIYGX8W8SfivaIy6G,9,plain,none,mixed,2 3 4 6 8 9 11 19 19
991W60WDWgX8miGJ92afCR0iJtWP,9,plain,none,mixed,1 1 6 6 10 12 14 14 17
991W4eo8oAfNLYs2Y2aN38e1o5DS,9,plain,none,mixed,1 4 5 5 8 8 14 17 19
991WG2CN81dPbvH02Wc5TL55989m,9,distinct,none,distinct,1 2 3 6 7 13 14 17 18
991WHD8Iq30yuHaeebGYCuQ8X2GZ,9,plain,none,mixed,1 3 3 7 8 11 12 15 21
991WWC2FC1D3mcXK0kGg6IXBAbGm,9,distinct,none,distinct,1 2 3 5 10 11 13 14 22
991W0XMC2miGC8X2veU6WaeXuKYW,9,plain,none,mixed,1 3 3 4 6 9 10 22 23
991W20IJOQCYO52WI34qCr3G46n4,9,plain,none,mixed,1 1 4 5 5 10 14 16 25
991WD8md9iiC3FCJ4idI4P9I24em,9,plain,none,mixed,2 3 4 6 11 11 13 15 16
991Wf92fMfCi50i4C3W8x9R9GcaJ,9,plain,none,mixed,1 2 3 3 8 12 15 18 19
991W2WFKaag6jCmWGpb2HJEfn62W,9,distinct,none,distinct,1 2 3 6 7 10 15 18 19
991W98cDIL61W8H6X2aGa9X8gwe6,9,plain,none,mixed,1 4 5 7 8 8 8 14 26
991W00viN3gy3XWepC3GfQ8GciJ4,9,distinct,none,distinct,1 2 3 5 7 12 13 14 24
991WH4c0GAXal0Ta4dnHKbIAWe52,9,plain,none,mixed,1 4 4 5 7 7 7 17 29
991W0eXFU20nKIL3ma8NA1B2eq8e,9,distinct,none,distinct,1 3 4 5 8 11 12 16 21
991W871a94e71aQ4AYkGm41O4mW4,9,plain,none,mixed,1 1 3 4 7 7 8 20 30
991WI4Z8I3D6FWD6OY8V2nK3214A,9,plain,none,mixed,1 3 4 5 6 10 13 13 26
991W4Z4IKKkAl8b0YOgZPHCG5ke3,9,plain,none,mixed,1 3 5 7 11 12 12 15 15
991Wa50qO0WOb5XI189mC3edGq92,9,plain,none,mixed,1 3 4 5 6 6 12 20 24
991WC118nmG414aICX91mK4YA1ag,9,plain,none,mixed,1 1 3 5 6 10 12 15 28
991W00LoCZ49Idh092L22LfHaTN1,9,plain,none,mixed,1 1 5 8 9 10 11 16 20
991WG9WeA0mNH0G6GiB4r9WG1Gm8,9,plain,none,mixed,1 1 3 3 5 9 17 19 23
991We55f924E57H1GC0ZoKme5Hcm,9,plain,none,mixed,1 2 3 5 10 11 11 16 22
991W53XOP0G6We8f515He22X9IWf,9,plain,none,mixed,1 4 4 5 7 9 11 11 29
991WH5ap8Eo18Q2G1XPEAOZGI2YY,9,plain,none,mixed,2 2 3 5 7 7 13 17 25
991W94WOUXfQa4CKBYZNPmY41J8n,9,plain,none,mixed,1 2 4 9 9 10 11 17 18
991W926GC98GX9Q0B55HSGuEYP9I,9,plain,none,mixed,1 3 4 7 7 11 12 15 21
991WA4aIdQ0Wk3We8WpCKXNWy91W,9,distinct,none,distinct,2 3 5 6 7 8 9 14 27
991W4H0HBogyH0I80mu8B2WLA130,9,plain,none,mixed,1 1 1 4 4 15 17 17 21
991WG23YVnCieYfIP4AJIcjKR0WW,9,plain,none,mixed,1 4 6 6 7 11 11 17 18
991WCQEyU8eCYgAC3B20aqCmNOX8,9,plain,none,mixed,1 2 3 8 10 10 10 11 26
991WSHG62TT8rWse31EH45viaUz4,9,distinct,none,distinct,1 2 4 6 10 11 12 16 19
991WfQYmoPIGK95I20SqD52WE3cA,9,plain,none,mixed,1 3 5 6 6 7 13 18 22
991Wa948C74m8GWIa518PYD3GqAS,9,plain,none,mixed,1 1 3 3 6 7 17 19 24
991WT1EWS0VwUbo1H2cIQ1CQWr68,9,plain,none,mixed,1 1 4 6 9 10 12 15 23
991WP69BwYaaHAmK0p0MOM4AY5WW,9,plain,none,mixed,1 1 3 6 6 13 14 16 21
991WIKZ8eCgKcyJ4840wAYWM70Q4,9,plain,none,mixed,1 1 5 6 9 9 12 13 25
991WAf4AIRApB301L92WCVS51_CE,9,plain,none,mixed,1 2 4 5 7 12 12 17 21
991W4XIIKGpa6oGcQ2GO5X8CrpG2,9,plain,none,mixed,1 1 6 8 12 12 13 13 15
991WAYuYf5IeJ4mnAHq170LCeK50,9,plain,none,mixed,3 3 3 4 5 6 16 19 22
991W46fgbQa51mG4K6Y8C92uf28Y,9,plain,none,mixed,3 4 4 7 7 8 9 12 27
991WaY4eL4GM6WaA28Yu6ABbwU8X,9,plain,none,mixed,2 3 7 8 9 11 11 12 18
991WC4vAQhMA2WeB312m291OW3WX,9,plain,none,mixed,1 1 1 10 10 10 10 15 23
991WC5GeC1oqhVY120B1NYbKWeA5,9,plain,none,mixed,1 1 3 4 6 10 15 20 21
991WH48Y4I41YAb251DIUKbEpYy9,9,plain,none,mixed,2 4 6 9 9 10 11 13 17
991W64Kc8R5mPRG460l1aWM596IE,9,plain,none,mixed,1 1 5 7 7 8 12 18 22
991W9DcE23fMJ0Wu8e98qHIgP52G,9,plain,none,mixed,1 1 4 7 7 10 15 15 21
991WXP308ZAEMeLHC1zyN8E91YAW,9,plain,none,mixed,1 1 3 6 9 10 12 12 27
991W46t232JyIuOcnAj1r5YcOaQ0,9,distinct,none,distinct,1 2 3 5 6 7 9 19 29
991W9IG822xWk7X21WW6KLHP2H2G,9,plain,none,mixed,1 1 1 6 7 8 14 21 22
991WIBL6I38g9WUeqXF34CXrbF4o,9,plain,none,mixed,1 2 7 7 7 8 9 15 25
991W42Ow31CU8es8GK92v3X6kHCO,9,plain,none,mixed,1 1 1 7 8 11 16 16 20
991W0Xags9ufTw2W9XmgIAQgjCe2,9,plain,none,mixed,2 5 6 6 7 8 14 15 18
991W9YY2ZSncNIcB25572WpZMRI0,9,plain,none,mixed,2 2 7 7 8 9 9 16 21
991WK3myKZ8fL9IG4X2s8Yo48HaL,9,distinct,none,distinct,2 3 4 7 9 10 14 15 17
991WK608E4ViJ4H420HKw5WM31GC,9,plain,none,mixed,1 3 4 7 7 9 13 16 21
991Wn6Y4GaoiaX8B6FAAHaNGD001,9,plain,none,mixed,1 1 6 6 7 10 11 16 23
991W0GAcQ05KGdC1N3mLHabvFReX,9,plain,none,mixed,1 2 3 5 11 11 14 15 19
991WC1iK313G2OYEYeI82BH2Kv9K,9,plain,none,mixed,1 2 3 7 8 8 16 17 19
991W80XgHufqEW8551n8egfKVH4W,9,plain,none,mixed,1 2 3 5 11 13 13 14 19
991WN5ECr0mi91SmALaf9bIaGO91,9,plain,none,mixed,1 3 5 9 10 11 11 13 18
991W4YOsLJ1GC3X2820TjSB1CH0W,9,distinct,none,distinct,2 3 4 5 6 8 12 15 26
991W1HSMz4nAeA18524q1PMGg4G4,9,plain,none,mixed,1 2 3 4 6 12 12 19 22
991W2WGH2M5qiW416Xm46dZ8n489,9,plain,none,mixed,1 2 2 2 3 8 18 22 23
991WOX8i8eC9uU8K316KvIH8AN9e,9,distinct,none,distinct,1 3 4 7 8 12 13 15 18
991WX38ZLH90lBzWb14yd65aqJf9,9,plain,none,mixed,1 4 4 6 9 11 11 16 19
991WX2J8HYafC1GOGA3G4XHn8nCN,9,plain,none,mixed,2 3 4 5 5 12 15 15 20
991W2VMYk4XUKXGI4916bcd52s2W,9,plain,none,mixed,1 2 3 3 7 11 11 14 29
991WL5X1gTeC3nSP630eE6E82HH0,9,plain,none,mixed,1 1 3 4 7 9 12 22 22
991WJ4AOn1D0328A56GyFr_yoX08,9,plain,none,mixed,1 5 6 7 7 11 13 15 16
991WZU6XtgWZYGW82gHKj8Gkdg88,9,plain,none,mixed,2 5 5 5 7 10 14 14 19
991W0e9pTOa812g2Yr8IGH4UAgZ0,9,distinct,none,distinct,1 2 3 5 6 11 14 19 20
991W0W81491UJCeW3XKT72WXAsHa,9,plain,none,mixed,1 2 3 4 4 5 16 19 27
991WXIWpYOe6u20m3AAa9MIi952W,9,plain,none,mixed,1 1 7 8 8 9 10 15 22
991WW4MRAAIXKKSmCkQXhCkRGY69,9,plain,none,mixed,3 4 4 5 6 6 11 14 28
991W2XHy8oKaf8XW9Y508wF2k0WW,9,plain,none,mixed,1 2 3 3 11 12 14 17 18
991WmWbXIHOPIKG9mK6KzEWV59m3,9,plain,none,mixed,1 1 4 9 9 12 13 16 16
991W4HH4a9P7YnWI22vAIhAt4mA8,9,plain,none,mixed,1 4 4 8 10 11 12 12 19
991WRNGnC8Yj94721H1I29W4oiia,9,plain,none,mixed,1 2 2 5 8 12 16 17 18
991W83OMR2W21GW9M5Xua30QZ2GZ,9,plain,none,mixed,1 1 3 6 9 9 12 15 25
991WWa9QIKM42X8oX8WW8K8K530e,9,plain,none,mixed,1 1 2 6 8 9 11 18 25
991WGW84XVBxAH8WeOKH1nWMHbDf,9,plain,none,mixed,2 3 4 4 7 10 12 12 27
991W8a5FKe595O445noO62v29TKe,9,plain,none,mixed,1 3 4 4 6 9 16 16 22
991W1AOcGoMK410eH8YuYOM4k8YW,9,plain,none,mixed,2 2 3 7 7 11 14 16 19
991WGXKK50vrrgT83Gg5YXWHW1tI,9,plain,none,mixed,1 2 3 6 7 11 11 20 20
991W90ePJ0aZ9X4G61WehimKjde5,9,plain,none,mixed,1 4 7 9 9 11 12 14 14
991W81eNhgZ0S1XK9I4gZ2hHa41W,9,plain,none,mixed,1 2 3 3 4 12 14 15 27
991W4HOG74GdaOYK510O56DnXCX2,9,plain,none,mixed,1 2 3 3 6 15 15 16 20
991W74GO5IP7C0I4XuPALA9Y93m4,9,plain,none,mixed,1 1 1 4 10 12 14 15 23
991W0YN2Gev85nX8IZf7XuIMo4Q0,9,plain,none,mixed,1 4 4 6 6 6 11 21 22
991WCmE5XTeE_HAOGmmIb0WJIrG2,9,plain,none,mixed,1 1 2 8 9 9 9 17 25
991WqCnQ8H8HRa8H8c85CyOaufsm,9,plain,none,mixed,1 2 4 6 8 8 11 19 22
991WXdSEwEGucr428Ozag6apAun9,9,plain,none,mixed,3 3 9 9 10 10 11 13 13
991W4CWO40eICIeYG830nRiQ6XOG,9,distinct,none,distinct,2 3 4 5 6 7 9 18 27
991W1GGT20Gq10kG9IGaB4awGa6Y,9,plain,none,mixed,1 1 1 6 8 15 16 16 17
991W8K742WmAZ58eH6A30m8fVs0W,9,plain,none,mixed,1 2 3 5 5 6 8 16 35
991WCF2QN1HTMeG84x9O648P9a1C,9,plain,none,mixed,1 1 6 8 8 8 13 17 19
991WJ4-ZXY9OI0W5GX9QAYPfM80X,9,plain,none,mixed,1 2 5 6 9 11 11 16 20
991WAAX41o2JHeN0w2PXEJLr91eb,9,plain,none,mixed,1 4 5 7 8 10 12 12 22
991W4YakRGY880uKB2WOZeyGGkCJ,9,distinct,none,distinct,1 2 4 6 8 11 13 16 20
991W1ER1A0ifrHa4b3AKR6blh7GH,9,plain,none,mixed,4 4 5 8 11 11 12 13 13
991Wa11Z2aep70Haq50fP2eC25Gu,9,plain,none,mixed,1 1 3 3 8 11 14 19 21
991W30HBJMLC8I7XO64471pWB4mW,9,plain,none,mixed,1 1 2 5 8 9 14 20 21
991WHBga4MOsP24WA8WMf5YOvhQ5,9,plain,none,mixed,1 3 4 4 10 12 12 16 19
991WHT6XW4D2AYWGbJLXHeU20X0e,9,plain,none,mixed,2 3 3 4 5 6 6 14 38
991W2GmaXBoaB2m81J4nL4oHGK71,9,plain,none,mixed,1 4 6 7 9 10 10 16 18
991We124Ksg1Y9YAm2aHYNfr5Imm,9,plain,none,mixed,1 1 2 5 9 14 15 17 17
991WYxXUR6ear0M00qHAfY18ES52,9,plain,none,mixed,1 1 4 5 8 8 14 15 25
991W0H8i94OnK9wXX8QSwI91IfcK,9,distinct,none,distinct,1 3 4 7 8 9 13 15 21
991WWO4GBR0yAPS454zFOJOk4X5a,9,distinct,none,distinct,1 2 4 6 9 11 12 15 21
991W33nCeWY9gGC2729Yb5GY8X8P,9,plain,none,mixed,1 3 3 3 11 12 13 17 18
991Wc2uYbIQFSrH1c2GYl0b5gXWZ,9,plain,none,mixed,1 1 5 7 10 12 14 14 17
991W2e-ES6xm40W8AeQYXhgHAL6H,9,plain,none,mixed,3 4 4 7 8 10 11 17 17
991W63D4Y13W7G0183nGd5Rame95,9,plain,none,mixed,1 1 1 4 5 9 9 21 30
991WiCXC3n84jGy6B6gA3991628L,9,plain,none,mixed,2 3 3 4 10 13 14 16 16
991W54iG23DbN28ZH4IAb7gCYb64,9,distinct,none,distinct,1 4 5 6 8 9 12 17 19
991WG13AJ5w40m82D5YGa4X8R59K,9,plain,none,mixed,3 3 4 5 6 6 12 14 28
991WaKL9aHu10WIG4R0G4AdnEZm4,9,plain,none,mixed,1 1 5 6 7 9 10 13 29
991WWAEWO0uA45XGCfAW41S84CmC,9,plain,none,mixed,1 1 2 3 4 6 17 19 28
991WaFP4buoWO62G94seQLX8a61G,9,plain,none,mixed,3 5 5 6 7 8 9 11 27
991W8AmA38g5KT0GqWK2GaISS2Wc,9,plain,none,mixed,1 1 4 5 6 7 13 18 26
991W4XZWDyB8T1WWH31oPL6Uh1Ga,9,distinct,none,distinct,1 4 6 7 9 12 13 14 15
991WG6kQON44Y8YAG6ICV2oCW669,9,distinct,none,distinct,1 2 4 5 6 11 12 14 26
991W5YKfA6fG42305HGDXWXG48Ye,9,plain,none,mixed,1 2 2 4 8 12 13 14 25
991W865S9GWGZf8ObP1mG2vLTt20,9,plain,none,mixed,1 2 2 4 5 7 12 22 26
991Wn7Lx5K8ZCcIKWWCubK8YSXI8,9,plain,none,mixed,1 3 6 6 8 9 10 15 23
991WPBb8c1W4B5yX4E0ZPutAGKA0,9,plain,none,mixed,2 3 4 6 6 7 9 22 22
991W8IGWM55YCZ9o10GXhAYOM538,9,plain,none,mixed,1 1 3 8 13 13 13 14 15
991WZ7H3J5KoAIOAmaAAHPKZM3P8,9,plain,none,mixed,1 5 7 7 8 9 12 12 20
991W206WExYE10WeDK51A0Ycg9Ja,9,plain,none,mixed,1 2 2 3 4 10 12 23 24
991W0m84D54Wqp8aAoqp7I0WKPGA,9,distinct,none,distinct,1 3 4 5 6 9 10 21 22
991WbGi82XQoSPD5YGO32P8YkqG0,9,plain,none,mixed,1 1 3 4 7 7 14 19 25
991WGLma9mPPMWA2av9OI898e9uY,9,plain,none,mixed,1 2 4 6 8 8 9 19 24
991W0Wa68zXqX0842XGOD3Jya-8I,9,plain,none,mixed,3 3 4 5 6 8 11 19 22
991WeL2G9YASaaE3ACkA8gYadA8W,9,plain,none,mixed,2 2 4 5 11 12 14 15 16
991Wa54e10nah0G1Z8f6QYfqIKc8,9,plain,none,mixed,1 4 5 6 10 11 11 16 17
991WIYduQcXY920a84248a8gBvDJ,9,plain,none,mixed,3 3 6 9 10 11 11 12 16
991W1GG8w2plyp088XWg2GrK20A8,9,plain,none,mixed,1 2 2 4 7 10 15 18 22
991We1GeA0H4WaXCc1uGm41JZeoC,9,plain,none,mixed,1 1 3 7 8 9 12 14 26
991W0fID4wXYb420a2ycDkAQlZ92,9,plain,none,mixed,1 3 7 7 9 11 14 14 15
991W20muXMom4POOOrn4E53f8YCL,9,plain,none,mixed,1 1 3 5 11 12 13 16 19
991WD5As4Y8KQ9Iq86AaMmG6w0W8,9,plain,none,mixed,1 1 5 6 6 11 13 16 22
991WI0YAfPBwEN62G2MgiQ88E5re,9,plain,none,mixed,3 3 4 6 9 11 11 16 18
991W0YHaeM8XeNs1ZB_4GK91udf1,9,distinct,none,distinct,1 4 5 7 8 9 10 13 24
991W20XXgebqISWD6Y58L5mYBpzG,9,plain,none,mixed,1 2 3 10 11 13 13 13 15
991WGa6aGugWMcp2GJHq7naKTzWe,9,plain,none,mixed,1 3 6 6 7 10 11 18 19
991WGw8eD4WKfKP9J8gI52XvH8S0,9,plain,none,mixed,1 3 5 6 10 11 12 12 21
991W2mW4k4AAuk2W43qa52Hu698I,9,plain,none,mixed,1 2 4 6 6 12 14 18 18
991W9IIyf2OdHo0m4a948q8YY98O,9,plain,none,mixed,1 2 4 8 8 11 12 15 20
991WWg8a4eSd9Y8q4CZ8e96HumWK,9,plain,none,mixed,2 2 2 6 8 10 13 13 25
991W96J8fb8y2G83I1Zu11XsBWK2,9,plain,none,mixed,1 1 4 5 6 8 15 18 23
991W51OdH4WYaJ464XOkJGWOASMW,9,plain,none,mixed,1 3 4 5 6 13 14 14 21
991WM3GdAqQ2WY6Y0GgIO22mA4SK,9,plain,none,mixed,1 3 3 5 6 6 10 20 27
991W9aWOc4WM8VA28HBPNX691OgC,9,plain,none,mixed,1 2 5 8 8 12 12 15 18
991W2BUYAeH4KS26aZame6RMaqA4,9,plain,none,mixed,1 2 5 5 6 8 11 15 28
991WO4gAZdX0SHL1H5GBbOiJC824,9,distinct,none,distinct,1 2 3 4 6 9 11 14 31
991W618LEBYu8ar0110I8YQbvY9X,9,plain,none,mixed,1 3 6 8 8 11 12 15 17
991W90aPHA0mBeu631SdkTKnfA8Y,9,plain,none,mixed,3 4 5 7 9 10 10 15 18
991W8a54GbZumn4J4XZAHb9MDeL0,9,plain,none,mixed,1 3 4 8 8 9 10 12 26
991WsD0B11BB5oei14WC3jXsKI98,9,plain,none,mixed,1 2 7 9 9 10 10 11 22
991W169X49u4WhGWF261OabHpz6n,9,plain,none,mixed,1 3 3 5 7 10 12 14 26
991WLAT9IQ52YeaC2zHCr5GWOQiG,9,plain,none,mixed,1 4 7 8 9 9 11 13 19
991WM52ibAXgeqY844y8TiOuI494,9,plain,none,mixed,1 6 7 8 10 10 11 13 15
991WWY93Jqe8afHGf258Y8sXaXnC,9,plain,none,mixed,1 4 4 6 10 11 12 16 17
991WWLLL5eLGWG4m1fomiHmSdAmH,9,plain,none,mixed,1 1 4 5 7 8 12 13 30
991WKY50TIf60fP85XNea2Cw1PHa,9,plain,none,mixed,2 3 3 5 6 9 10 21 22
991WC5LOQrcHK4Y84X-2CWfGaA1K,9,plain,none,mixed,2 3 5 7 9 9 12 13 21
991W9aJY6XT0a2mWH2BEBWevOihI,9,distinct,none,distinct,2 4 5 6 7 11 14 15 17
991Wa40J6Nc5XGK4aXZGo20eAKaa,9,distinct,none,distinct,1 3 4 5 6 7 14 16 25
991WAOPwakZ18YGo5E2qI3d1WfKP,9,plain,none,mixed,2 2 3 7 7 9 9 17 25
991W40QLGfSIC22WJJGa8j3GAFo4,9,plain,none,mixed,1 1 4 8 8 8 13 16 22
991WACqTQIGOU9uecLgi8qWwWO8I,9,plain,none,mixed,4 4 5 7 7 9 12 14 19
991WW9Xm210CAI89GC2WnRrAJazA,9,plain,none,mixed,2 3 4 4 4 9 12 15 28
991WGqXK420qYpKX519oTIxeXuK0,9,plain,none,mixed,1 2 3 7 10 10 11 11 26
991W1D5HaKwAK6YWGBs2WPU8c9Ga,9,plain,none,mixed,1 3 5 5 7 12 13 17 18
991W9eGai10LKg2G4UBa5oGa28w6,9,plain,none,mixed,1 2 2 7 8 12 13 16 20
991W4H0OJ2MmC91G9YaO4lY8eA0u,9,plain,none,mixed,1 1 3 4 6 10 15 16 25
991W8KYe0YgEV8GXH2_jafQYgOK4,9,plain,none,mixed,1 5 6 7 7 8 11 15 21
991WA3uSA8m9BIf2210Hz1GdcLfG,9,plain,none,mixed,1 1 6 8 9 9 14 16 17
991WHoSDA4Yi8hY820QUOM8i148Y,9,plain,none,mixed,1 2 3 6 7 8 17 17 20
991WH0OIP8CeARC2eReQ8M9ek18D,9,plain,none,mixed,2 2 3 4 10 11 14 15 20
991W0c6Y6We7aqL4P4A28ZGS4i89,9,plain,none,mixed,1 1 3 5 5 11 14 20 21
991W0MIX5277HGC9giQCD1GLw-OG,9,plain,none,mixed,3 3 3 4 5 11 16 18 18
991W0raXOXw4aMOHAYBHaa-Nb2-8,9,plain,none,mixed,1 2 6 8 9 9 14 16 16
991W2Wn14h8aveM861HoS4Y9JEB1,9,distinct,none,distinct,1 2 5 7 9 11 13 16 17
991WI5TvOYAbeBYA20IKoIh9HQmW,9,plain,none,mixed,2 4 4 6 7 9 13 15 21
991WwDXe2BXEWaH7K1uuo1042Wa8,9,plain,none,mixed,1 2 2 4 8 9 15 19 21
991WGsGmDYxh720WI4I85bHAf0Y4,9,plain,none,mixed,1 4 4 5 10 11 12 17 17
991WMbuP60W4c4H3GaG61XIEGK4W,9,plain,none,mixed,1 3 4 4 5 7 10 23 24
991W2pjq2LYU492GHaWma70KU7Ga,9,plain,none,mixed,2 2 5 8 9 10 12 15 18
991WIGm474O52GZ8Y8aG431Ka8WA,9,plain,none,mixed,1 1 2 2 4 12 14 21 24
991W8o8AIcGeJXAI8o8CM5eC4eG4,9,plain,none,mixed,1 1 6 7 9 12 15 15 15
991WC8YTccH85Zb8492T5i4UT48X,9,plain,none,mixed,1 4 6 8 11 11 13 13 14
991W6dfBa8v0831B62YDIZa842b8,9,plain,none,mixed,1 1 4 5 10 10 13 15 22
991W4N1GJF19B-yGYP9DaJWX516O,9,plain,none,mixed,1 5 5 7 7 8 13 17 18
991WGab4531GI91D8YCeC1VGeI7W,9,distinct,none,distinct,1 2 3 6 8 11 12 14 24
991WeaHGX42X4bIO1hke969Za1OQ,9,plain,none,mixed,2 3 3 3 9 10 11 13 27
991WI0q2co8b3DnCeP8I5YLGcDWa,9,plain,none,mixed,2 3 4 5 9 11 11 14 22
991WK5YbmeA30uM21b0mK91GCob8,9,plain,none,mixed,2 4 5 5 7 8 9 11 30
991W1NSJ0dA84224bvfAaoqfQA00,9,plain,none,mixed,1 2 3 3 8 9 12 18 25
991Wm9DKK6KaX5mC8EQDaJ8nK918,9,plain,none,mixed,1 1 4 8 10 13 14 14 16
991WP52mg1HpQ0y8I1ZIABIH2WKB,9,plain,none,mixed,1 1 5 6 8 10 12 17 21
991WCMYaf186oWfA4aI34ujCK53G,9,plain,none,mixed,1 3 6 7 8 8 10 19 19
991WGDxC72OO20Z8XYU6dcAOI92G,9,plain,none,mixed,1 3 4 9 9 9 10 18 18
991W1WiCPuT5JatCCIWK92IWI2R1,9,plain,none,mixed,1 1 4 8 9 10 14 17 17
991W7XqCw2Gu2emY8X4X1Ka-1O92,9,plain,none,mixed,2 3 3 4 5 7 18 19 20
991WGXLIYUKI2YWYG6YGcdvBa_ma,9,plain,none,mixed,4 5 6 7 7 8 11 13 20
991WA4WP74XHg2H8M5x3H1WN92HC,9,distinct,none,distinct,1 2 5 7 8 11 12 15 20
991WApKv28ZEIbIG50a28e94Yu4X,9,distinct,none,distinct,1 2 3 4 5 6 10 21 29
991WM58iCD4K3jO121DO26UXp8cO,9,plain,none,mixed,1 1 4 5 8 9 11 19 23
991W8i93ywOa20vYIA2H91GL2X1G,9,distinct,none,distinct,1 2 4 5 6 7 14 19 23
991We6JI4cGnWkuOKBKUMGG6tQwY,9,plain,none,mixed,1 4 5 7 8 10 12 12 22
991WHaGaGTbGAG40K4Xq4WuKj3GD,9,plain,none,mixed,1 2 4 6 6 8 10 18 26
991W8K2SbAXO12SG94p4NoPMGKB1,9,plain,none,mixed,1 4 6 6 9 10 13 13 19
991W9IGI1NzpQKZG4142L34iJ322,9,plain,none,mixed,1 1 2 9 11 11 12 14 20
991W0ca3nnCM4T044oBH4HZOvGMB,9,plain,none,mixed,1 1 3 4 5 11 15 18 23
991W21YcGqI2XIaDbFh2uI5YNIKG,9,plain,none,mixed,2 3 6 7 9 9 9 11 25
991W2WXJP76aA8WMH4y78NYzeK0u,9,plain,none,mixed,1 1 2 7 8 10 15 16 21
991W890a4f0T6IL6M821uXWQT4LC,9,plain,none,mixed,1 1 4 4 7 9 12 17 26
991WI3qW58ObJ2285GoEPPLIeBXq,9,plain,none,mixed,1 3 4 4 6 9 11 21 22
991WH55QQ0eyE2X0820HAQlGN2Ja,9,distinct,none,distinct,1 2 4 6 9 10 11 18 20
991W4G85IMhig2002GSdChAao1Z8,9,plain,none,mixed,1 2 4 5 5 6 14 22 22
991WI28Y9yAIT0C61XASAYAYbn4Y,9,plain,none,mixed,1 3 7 9 9 12 13 13 14
991WKOW8820cvY54L98L8g822mU4,9,plain,none,mixed,1 2 3 6 7 7 9 14 32
991Wbj1S9250B0GWH8Gi5pTLWW8Q,9,plain,none,mixed,1 1 2 2 9 11 11 13 31
991W7X9OX97eUBY9H6e80JpuI0WH,9,plain,none,mixed,1 1 5 5 6 10 15 16 22
991WY4GyZDStYg942RHjHdAc0n04,9,plain,none,mixed,1 6 8 8 8 9 9 13 19
991WKCWfo2GwGJD4e51t18iN7XLo,9,plain,none,mixed,1 3 5 6 7 13 14 16 16
991WZ2D2A6YAMZgX4PpkX84XeKc8,9,plain,none,mixed,1 4 4 7 8 10 10 17 20
991WGqJ4GWWaQhHqB4yO418SjeG4,9,plain,none,mixed,1 5 5 6 7 8 15 16 18
991W1Wea3GZWm44aI49DA2ZGOM5I,9,plain,none,mixed,1 3 4 4 4 7 15 15 28
991WWQXad9088G426lAID2pKX8M2,9,plain,none,mixed,1 1 3 5 6 11 13 20 21
991W1ehTK4Ghc2G1YYvEHp7V96W5,9,distinct,none,distinct,1 3 4 5 6 12 14 17 19
991W0nCS3EGoDO2WaecHYYHKIWP4,9,plain,none,mixed,2 2 2 2 2 11 13 22 25
991W43WaXe9YCpmG3IKfXC914YGc,9,plain,none,mixed,1 1 6 6 7 10 12 13 25
991W0WH8XNedHebHKd4E4Wjok2OO,9,plain,none,mixed,3 3 5 5 9 10 10 13 23
991WeIKZOhoqAp4cX10WXf6FKYKW,9,plain,none,mixed,1 3 4 8 11 12 14 14 14
991W5Hak8I7iauI820G8H8QhJYf4,9,plain,none,mixed,2 2 4 4 8 13 14 16 18
991WGrnkMknGY8mi40qPS8mYs0Y8,9,plain,none,mixed,1 1 2 8 9 11 12 18 19
991WCP69SbwcbP0W8QYu3MWG0YuA,9,plain,none,mixed,1 3 5 7 7 11 11 17 19
991W6AG91WQAI-KYoGO1maAeOsGX,9,plain,none,mixed,1 4 4 5 7 8 8 13 31
991W2X96iK9XduH9A1reLA8bPJiG,9,plain,none,mixed,1 3 3 6 7 9 10 13 29
991W2oWaKjRe4VmK1H8bYhL-98mA,9,distinct,none,distinct,1 3 6 9 10 11 12 14 15
991WZ8n8YebHK0WKO2X2GajX810K,9,plain,none,mixed,2 2 2 2 10 12 15 15 21
991WX8MKT98Y8K2W2N1ZM20WK4oA,9,distinct,none,distinct,1 3 4 5 6 9 12 14 27
991W9AGk4iF2JI2WKOIICY948bP8,9,distinct,none,distinct,1 4 5 7 8 9 11 17 19
991WX-So8aJ64Z4K1KcL9aH44HjO,9,plain,none,mixed,2 5 6 8 8 10 12 13 17
991W30eISK4gSaA020ak64uAYgcH,9,plain,none,mixed,1 3 5 5 7 8 16 17 19
991W0WJYpmfi6WI2HHHCP69Khr1W,9,plain,none,mixed,1 1 3 4 10 13 15 16 18
991WGNo4Y2Wek3HO95AJJ8XZmC10,9,plain,none,mixed,4 4 5 6 6 8 9 13 26
991W2WQ6CbHwkIe0IYmu0ocg4e-9,9,distinct,none,distinct,2 3 4 5 6 9 14 17 21
991WG2jA5Wf24Yeg30piBZgWi420,9,plain,none,mixed,1 2 4 4 10 13 15 16 16
991W4WaMdgB2I8Gb90i94D0sHE0X,9,plain,none,mixed,1 1 3 5 7 9 15 18 22
991W4r18pP8ca4SH83wDYLuU9Re8,9,plain,none,mixed,1 1 6 8 10 11 12 15 17
991WOMHQeWKI4bC64ZAHOKWeyPa2,9,plain,none,mixed,1 1 3 5 7 10 14 19 21
991W1YOXj7XWWSGSePQ5IMbm8c84,9,plain,none,mixed,1 3 5 7 7 9 9 10 30
991W1mG8k7qIO4I18H4E9YfA4Pq4,9,plain,none,mixed,1 1 1 2 11 13 15 17 20
991WGNGL0ix8gB084H1KapCmsE0W,9,plain,none,mixed,1 1 4 5 8 11 11 18 22
991W6102Q7XBHbAIA2aW2D9cP0a5,9,plain,none,mixed,1 2 4 5 7 7 15 18 22
991W2Gag8RID_kM440G1N4eYCNSO,9,plain,none,mixed,1 5 5 7 8 8 11 11 25
991W6HGYv2OgYWa44YGqI0Y9S1AH,9,plain,none,mixed,1 1 7 8 11 11 12 13 17
991WO20844HAvCeEnC5ONduP5XWO,9,plain,none,mixed,1 2 4 4 9 11 14 15 21
991WX39eSaYBfAIOHCYGbNHHr2Wa,9,distinct,none,distinct,3 4 6 7 8 11 12 14 16
991Wa6wj4-7Y8pz4CEGniY62e5b4,9,plain,none,mixed,4 4 6 6 6 7 11 12 25
991W5Wq92amO8A0W4n8A38GGMEY8,9,plain,none,mixed,1 2 3 5 7 8 9 23 23
991WKgP4P292IeM42iXQeY8cr081,9,distinct,none,distinct,1 2 4 7 10 11 14 15 17
991WWMo2ZA9I810e8ig6Nr6WS2Ia,9,plain,none,mixed,1 2 4 7 7 7 14 16 23
991WAOOCBOaA2MmaORcw2Gd86jvW,9,plain,none,mixed,3 4 4 5 9 9 11 18 18
991Wo4HAAtAqoKKZ0emp1XB4JoOG,9,distinct,none,distinct,1 3 6 9 10 11 12 14 15
991W1ZaaWedH6HG8C2GeY4dND9H6,9,plain,none,mixed,1 1 3 10 10 11 13 15 17
991WGxCAI8JcI20W8FHEXaPKI2Ha,9,distinct,none,distinct,1 2 3 4 10 11 12 17 21
991WBInCIA1YReQL01j9Kr8a00c8,9,plain,none,mixed,1 3 3 4 7 8 10 17 28
991WaRHIQ2DS21KC4D3S90is-90B,9,distinct,none,distinct,1 2 3 6 7 11 13 18 20
991WH8Ha9IONAoY49EL5710L218g,9,plain,none,mixed,2 5 5 7 10 11 12 14 15
991WGQ9I4WmC7EXO8UA0GnG44gAY,9,plain,none,mixed,1 3 4 4 5 9 11 18 26
991W860oLOiL9Hn0oD1XHnu5Ea9Y,9,plain,none,mixed,2 4 4 4 6 9 11 20 21
991W20WL2Wi0p59H2Wm92MeiQcbG,9,plain,none,mixed,2 2 4 4 5 8 10 22 24
991W52Kb4aeiQ2GI4X8CwNXk2I20,9,distinct,none,distinct,1 3 5 7 8 10 12 17 18
991W4w6f9IYJqmeeA8A4pKCv6PW2,9,distinct,none,distinct,1 2 6 8 10 12 13 14 15
991W5KQ2YPLHICq18rcKb0mzPeOW,9,plain,none,mixed,1 3 5 7 7 10 14 16 18
991WOX4xWr9He1WG13QorYD0GAWK,9,plain,none,mixed,1 1 4 5 6 9 10 14 31
991W0ZfonTm42nFGe8d8A99CPA6K,9,plain,none,mixed,1 2 5 7 10 11 12 12 21
991W1GGA525K92WW3WuA72XByT59,9,plain,none,mixed,2 2 4 5 6 6 13 19 24
991WGWWmJ2m218O56nYeqF0eBAEY,9,plain,none,mixed,1 2 2 3 7 12 14 14 26
991Wx98XAYR4J0mKI0IAKfCai4We,9,plain,none,mixed,1 2 4 6 12 12 13 15 16
991W0m8A6nXeVeA2418Q729IL12W,9,distinct,none,distinct,1 2 4 5 6 10 14 16 23
991WGXHumaSg690H8X79fI9ei0mL,9,plain,none,mixed,1 3 5 8 10 12 13 13 16
991W4L2E-8aC0cH4YT4Y4M4bJYYm,9,plain,none,mixed,1 2 5 5 9 12 12 12 23
991W4Gn4Hab8AAmX4X55GS6I4J6e,9,distinct,none,distinct,1 3 4 6 9 11 13 15 19
991WYDGE5lZ8KzW31LAHYNR55K95,9,plain,none,mixed,1 5 7 9 9 9 9 16 16
991W4GKNA9uV38a62n0GCCJbKYT8,9,distinct,none,distinct,1 2 5 6 7 9 11 18 22
991WIF3G20SfHIJ4W267JAmS2X88,9,plain,none,mixed,1 2 4 4 6 8 11 20 25
991W8KZ2GI4n_ZWIGYIIYO54GYM5,9,distinct,none,distinct,1 2 3 6 8 10 11 14 26
991W2GegnKQaJ5A2LMXD8I8a2hY8,9,plain,none,mixed,1 1 4 7 10 10 12 16 20
991WOY8eKs3OwEGa206XF2XYO30W,9,plain,none,mixed,1 1 6 7 8 9 10 15 24
991WG20unqL4950s832d94Oc4I0e,9,plain,none,mixed,1 1 2 6 8 13 13 18 19
991WaeQ6xZuE4IXG0nCY6O-a40G2,9,distinct,none,distinct,1 2 3 5 6 13 15 17 19
991WcOcQb4I2YOl044XHKR4MBa45,9,distinct,none,distinct,1 2 4 8 9 10 12 16 19
991W3k3m2Gb-2f929uGfnQeCX0WW,9,plain,none,mixed,1 1 1 9 10 10 12 16 21
991WAHajuU3OX6LG128Evofc0G4I,9,plain,none,mixed,1 3 4 5 5 9 9 15 30
991WM4U6CaeTX10K5d0u2BUhX8n0,9,plain,none,mixed,1 1 2 5 8 9 16 19 20
991WHCSM4181IZgCHOH2GIeiBPnG,9,plain,none,mixed,1 3 5 6 10 10 10 11 25
991W2WC21fLvq51GZfYKc8G88914,9,plain,none,mixed,1 3 4 5 7 7 7 21 26
991Wg3KgJ49oYY08WWGiYqUKT4A2,9,plain,none,mixed,1 1 6 7 12 12 13 14 15
991WA80G5InaJ4WZGC39N0oJiR6W,9,plain,none,mixed,1 2 4 4 5 11 15 19 20
991W4P9IRcYIKOf8W4yGA8gZauy9,9,plain,none,mixed,2 4 4 5 10 11 13 13 19
991W9IWMsIeGMA9852SHMbYdHpoC,9,plain,none,mixed,1 2 5 5 10 12 13 14 19
991W4479gviS2GW4O1YuY1H3JcQA,9,distinct,none,distinct,1 2 4 6 7 9 11 19 22
991WHOqX8525XaXMH8gGqCbA0mGe,9,plain,none,mixed,1 3 3 5 5 11 13 17 23
991W3W41ef30Qd1092Wb4GgE3hmS,9,plain,none,mixed,1 2 2 3 6 7 14 15 31
991W4n4C1BA9ZWm8CYWeC6WXLCu6,9,plain,none,mixed,1 2 3 8 8 11 13 16 19
991WY0iA3Wg9b38fY0820WKq8eb4,9,plain,none,mixed,1 1 3 8 8 8 9 12 31
991W95ab94J4IBWc1GhKnWN4eQ0W,9,plain,none,mixed,1 2 4 5 5 9 14 18 23
991W4WiL24Y6K8094XyJ4_KiH8Wf,9,plain,none,mixed,1 4 5 6 7 10 12 18 18
991WSOgKYhSoQam72O644kuPOf48,9,plain,none,mixed,1 1 4 6 9 10 10 17 23
991W1QKZ4XXK9BnYHeM8he6QKI20,9,distinct,none,distinct,1 3 5 6 7 8 15 17 19
991WC4D0L3B61WWA20IuCAYharYO,9,plain,none,mixed,2 2 2 6 7 10 13 17 22
991W0iR4GP2ITh0XePO40HGKidXP,9,plain,none,mixed,1 2 4 5 6 9 9 16 29
991WYXOPQbkGa1WN1eYWi4h106aG,9,plain,none,mixed,1 1 3 4 6 8 14 17 27
991W2mpC11ZiH2mY16WA3XQv0O00,9,plain,none,mixed,1 1 2 3 6 7 9 25 27
991W8M1oab5f2XueC324AKf2GHI8,9,plain,none,mixed,1 1 3 7 8 10 16 17 18
991WW8mr4LEQM0Y42KnICag59318,9,distinct,none,distinct,1 2 3 7 11 12 13 14 18
991W2kg94ojAMDWe8e5CbR0C36m4,9,plain,none,mixed,2 2 8 8 9 9 12 12 19
991WGK9aA4YcYC62C3bIBYuaI8M6,9,plain,none,mixed,1 3 4 6 6 12 14 17 18
991W31H74TfgHub231TbQT568bC4,9,plain,none,mixed,3 3 4 5 8 11 14 14 19
991WIGCW8BI_Q30a112MoDVPn4W4,9,plain,none,mixed,1 3 3 4 7 12 14 17 20
991W2GSX9TjQAMO52nCLH532i6z0,9,plain,none,mixed,2 2 3 4 7 9 13 18 23
991W2GeAg6jW810C62Wq4X69Y32e,9,plain,none,mixed,1 1 2 4 7 11 14 18 23
991WD9NvC4GwBDGC0g7Q5Yj1712m,9,distinct,none,distinct,1 2 3 5 7 8 14 18 23
991WQAWmAfKwCIbI0DXP87SC52qn,9,plain,none,mixed,2 3 5 5 6 10 11 18 21
991WKO8K9I8R52c48E5XUfQPxpU8,9,plain,none,mixed,1 7 7 7 7 8 13 13 18
991W1mIaMyMWu6W88b9j8X8WE9WW,9,plain,none,mixed,1 2 2 4 7 9 9 17 30
991WY8WOg1SV4q9Ea61YSaWL1102,9,plain,none,mixed,1 1 6 6 7 8 13 18 21
991W20KYbqz2WOWCCJGWO53Beiue,9,plain,none,mixed,1 1 2 6 9 9 10 14 29
991W85NY5fHC4ea8HpoGy0u4v9BH,9,plain,none,mixed,1 1 6 6 10 10 11 17 19
991W5GOAGr22XKA88IiW8BZvFv8a,9,distinct,none,distinct,1 2 5 6 7 8 10 15 27
991W4H04IBGQ4U62C2eP4bni51sO,9,plain,none,mixed,1 1 4 5 6 13 16 17 18
991WgGa8qD18Gdr84AYI4Ie61GT4,9,plain,none,mixed,2 2 2 5 8 9 13 16 24
991WGBjuPGm700uK4D0mW26wbbcb,9,plain,none,mixed,1 1 3 4 6 7 9 13 37
991W1WY8L4E07X4nK3mK5IIYb0eI,9,plain,none,mixed,1 1 2 3 10 14 14 17 19
991WI2eqRiFaw1H240AfCr2csIan,9,plain,none,mixed,2 3 6 6 10 11 11 13 19
991WYODPP64N3I3W24aGAaRY-3I2,9,plain,none,mixed,1 1 7 8 8 13 13 15 15
991WY4jYGYitJsHH080qStweeqEG,9,plain,none,mixed,5 6 7 8 8 9 9 10 19
991WCKQgy93ovkKc266OQCpiAO81,9,plain,none,mixed,1 7 8 8 8 8 9 10 22
991W454ZY8LSGY202Iddn4XqR0go,9,plain,none,mixed,1 2 2 6 7 11 16 16 20
991WCespGGaYBoK98E3GEzk5GgmG,9,plain,none,mixed,4 5 5 6 6 6 6 21 22
991WGA30gH8iG44IKO7b7HmWB3Kc,9,plain,none,mixed,2 2 3 3 4 6 16 22 23
991W62Y8418A5oz4861Xegu111KH,9,plain,none,mixed,1 2 5 6 6 6 8 22 25
991W93qcL5INo10m20eaHQPWB4Y4,9,plain,none,mixed,1 1 5 6 10 12 12 13 21
991WWaA3f8heY9SIGSW4E3iXCYf9,9,plain,none,mixed,3 3 4 5 6 6 14 16 24
991WE40OmmiA4YWq833WOiKpCYWW,9,plain,none,mixed,1 1 2 2 9 10 13 16 27
991We2uXuHgV2184cIKLXPD9XLf6,9,plain,none,mixed,1 5 5 6 9 9 10 12 24
991WH2Gh810UpR9K0GI7LafWAsGY,9,distinct,none,distinct,1 3 4 5 7 8 9 21 23
991W4KmgA9B28G844WREsbAoyuG6,9,distinct,none,distinct,1 3 4 5 7 13 14 16 18
991W8H4IR4Z2_2518YeLeYGQF50I,9,plain,none,mixed,2 2 6 6 7 12 12 13 21
991WGJWjHY6a20oW1GYuVRqUGN69,9,plain,none,mixed,1 1 3 3 7 14 14 18 20
991W67YCaUGa118AO4YGL7TM8Y0G,9,distinct,none,distinct,1 2 5 6 7 9 12 18 21
991WI8A26enGC4GGCwic91khi20W,9,distinct,none,distinct,2 3 4 6 8 9 10 16 23
991W6XMKn7fQ918AG10iDf6C6eH4,9,plain,none,mixed,1 3 3 9 10 11 12 14 18
991WWk4gAif4D3H305YL4HHCIS50,9,plain,none,mixed,1 1 3 6 9 9 16 16 20
991W64MeA5XeI2uZ94JMc131We11,9,plain,none,mixed,1 3 5 7 8 9 9 13 26
991WI5Kc-xHH3pmL3ILP8invXD8f,9,plain,none,mixed,1 5 5 8 10 10 11 15 16
991W4GuEvZ51GOo98X8eAB1IWrF0,9,distinct,none,distinct,1 2 4 5 7 9 11 15 27
991WWhBZl61W42G815GebsDJO41W,9,plain,none,mixed,1 3 4 4 7 8 12 13 29
991WW21n4gXx3mW8LDomH1WS6Y9C,9,plain,none,mixed,1 3 3 5 9 10 10 19 21
991W0oOeM2-gaH8H4XWezCIOI1U8,9,plain,none,mixed,1 1 7 7 7 13 13 16 16
991Wq4H3WOFvaX8oWYW42OI8I3H4,9,plain,none,mixed,1 1 4 6 9 9 12 13 26
991WK9u4AICPmQ4gPQGY24IzVQM0,9,plain,none,mixed,2 2 3 6 7 7 12 19 23
991W42bHKQme21YY2H10rSQHYOWu,9,plain,none,mixed,1 1 2 5 7 12 15 18 20
991W8IUCIyuM48HYKIeZOceIfU0G,9,plain,none,mixed,1 1 4 7 10 11 13 16 18
991WKQ0G0a0dJZGeKf8CnYSXAXYK,9,plain,none,mixed,1 2 3 3 7 9 10 17 29
991W2Xe450I6YP10714H4U9aI0mA,9,plain,none,mixed,1 1 3 4 4 13 16 19 20
991Wo1KD2GoOk3A8WWc9ZKAhCp20,9,distinct,none,distinct,1 2 4 6 7 8 9 20 24
991W46oIPD8MHYSQK7Y6zM2XM20Z,9,plain,none,mixed,1 1 3 5 6 12 16 16 21
991WGYDmVC2YKanKG5IO95DWKboS,9,plain,none,mixed,2 3 7 8 10 10 10 12 19
991W9YPo54G8Y14qH48wMqf8eG42,9,plain,none,mixed,1 1 4 6 7 8 10 18 26
991WGX98S66mCb0GJKcYY79IKXGS,9,plain,none,mixed,1 1 6 8 8 9 12 13 23
991W28IOGX14C8K5XoGyEbRsE1WQ,9,plain,none,mixed,1 2 6 10 10 12 13 13 14
991WeNP1LKej3aP118IUKgAuITKe,9,plain,none,mixed,2 4 6 7 7 12 12 15 16
991W8NHW84gAg5X8A2gPJuoGK4J4,9,plain,none,mixed,1 6 6 7 7 8 9 16 21
991W8gApSfAKSH00aIKNGm823YPY,9,plain,none,mixed,1 1 5 8 8 8 13 14 23
991WHJmkuH61XUZm81YgMeCYH2I2,9,plain,none,mixed,1 2 3 7 9 10 11 11 27
991W0Z0Q1H4C2f048o0WuBltoYmi,9,plain,none,mixed,1 1 2 5 9 10 10 14 29
991W95bgD9G85WC9EIc9sI-A9462,9,plain,none,mixed,1 2 5 7 7 9 12 18 20
991WaH7nOHKYabw6m2TKF14I2WW0,9,plain,none,mixed,1 2 2 9 10 11 13 14 19
991W428aFQA-4qCGD20ZboWKN96a,9,plain,none,mixed,1 2 7 7 7 10 14 16 17
991WeZnG4GWK34GKeY9Z8vv4Y0Wu,9,plain,none,mixed,1 1 6 7 7 8 12 18 21
991WJ4jJe66YFKX023mN9KC4WYxG,9,distinct,none,distinct,1 3 4 5 8 9 10 16 25
991W9Krg6XGa90t220ceIcBH4K42,9,plain,none,mixed,1 1 3 7 8 10 17 17 17
991WaI514ICA4QeP8g7XknuG40z0,9,plain,none,mixed,2 3 3 5 6 9 15 18 20
991W348fr04KZOaK7IZO-CMakti4,9,plain,none,mixed,1 2 5 6 8 13 15 15 16
991W0i8aLJHEAYo2OQ5z8Ga4MnGa,9,plain,none,mixed,1 4 6 7 9 10 10 13 21
991WD2ZH5qXGqBh5G2HRc5cI8n50,9,distinct,none,distinct,1 2 3 4 7 11 14 18 21
991WM6TSC20pOuSs0G9acqQcX4Y1,9,plain,none,mixed,1 3 5 5 7 8 11 18 23
991W4Wa9ruogmS10624K6BW4B9nA,9,plain,none,mixed,1 3 3 5 6 9 15 17 22
991WA3GNn4R2GN8I52WXOe20M2v8,9,plain,none,mixed,1 3 4 7 7 8 10 11 30
991W814ELCoXYOXOK4bWx7r0A4Z2,9,plain,none,mixed,1 1 6 7 8 10 11 17 20
991W178j64aYOaI2L5MAADYGypfY,9,plain,none,mixed,1 5 5 6 7 11 12 13 21
991WGIH4GOH2okHHH5dY8o8atz5W,9,plain,none,mixed,3 4 4 5 9 9 12 13 22
991W84HYfvQan8X492F4F2GdoA2G,9,plain,none,mixed,3 4 6 7 8 9 12 16 16
991WGKfuu25n980O62iNIoU6X4JG,9,plain,none,mixed,1 1 4 5 7 10 14 17 22
991WGCIO4HPQF3mee81CIIX9b92W,9,plain,none,mixed,2 2 4 5 5 12 13 15 23
991W6egWm2Gy4n0Gb1GqHCW4559K,9,distinct,none,distinct,1 3 4 6 7 11 12 15 22
991WYGspqYWY8mCqaa9o4L28IJGH,9,plain,none,mixed,1 1 5 5 6 12 14 15 22
991W1mkeoko0Pu925aLg51IiCbGI,9,plain,none,mixed,2 2 3 3 5 11 16 19 20
991WB2HHMGq8mbY8GaKGqEDE5X18,9,plain,none,mixed,1 2 3 4 4 10 14 16 27
991WQGa52HOGxI0GGaJ2Hrfy2X8a,9,plain,none,mixed,1 2 3 8 9 12 12 13 21
991WWO0mKAWuVa-C655qGXWG516I,9,plain,none,mixed,1 1 6 7 7 10 10 14 25
991WAHMp0cAPG10OD5XMhec4H0ma,9,plain,none,mixed,1 2 3 3 9 11 14 17 21
991WJKuYBDF3ma4Y1X19E21GS9C4,9,distinct,none,distinct,1 2 3 7 8 10 11 14 25
991WHYaKA2YGAA8Y4noSOYxYGi20,9,plain,none,mixed,1 2 4 8 8 9 12 12 25
991W1A5ILEGC20G9K9ZG64XBvCH5,9,plain,none,mixed,1 1 4 6 8 11 11 16 23
991WGbDdOq88QMX220YLn4HBAnA4,9,plain,none,mixed,2 4 5 7 9 9 10 12 23
991W2Wa51MwQ1H686HmC51jE49I1,9,plain,none,mixed,1 2 2 5 9 9 13 16 24
991W4X9ICZuC91FaO64W3nGG2uA1,9,plain,none,mixed,1 2 2 4 11 12 13 15 21
991W22SoWK0W2qZ4uD7A9aR5XA9K,9,distinct,none,distinct,1 3 4 5 7 9 10 14 28
991W0GWQfHru5vUHAXWKA5JioQmG,9,plain,none,mixed,2 2 6 8 10 10 11 13 19
991W4719pK8YDZ384I2fOYLKSd0W,9,plain,none,mixed,1 2 4 4 10 13 14 15 18
991W48ZnD3QDz2Wmm2fC8Sz2S6Wa,9,plain,none,mixed,1 1 6 10 10 10 11 15 17
991W30XHLdWMXk4ZGaKE570eagl8,9,distinct,none,distinct,1 3 5 6 10 11 12 15 18
991W2cp4Hmd5XsY894kLLbPEb284,9,plain,none,mixed,3 4 6 7 10 10 12 13 16
991WC17mv1H8Z9T0GHL9kL9SOMAX,9,plain,none,mixed,1 2 9 9 10 11 12 12 15
991W2AHYe39Pmi8Hb659aOI8I3qn,9,plain,none,mixed,1 4 6 7 7 9 10 17 20
991WD2eO61g6d4Xa20eBIgHBn10G,9,plain,none,mixed,1 4 4 6 7 11 14 16 18
991W892EDEBe2681f30db6HAMYCY,9,distinct,none,distinct,1 2 3 7 9 11 13 14 21
991W23BHCR5H8reHC6XFeKR5nGD4,9,plain,none,mixed,1 4 4 5 8 12 12 12 23
991WibXPGaXAYWy90eG8Y2YIaIfA,9,plain,none,mixed,1 2 4 5 5 12 12 17 23
991W40b8YYYL7Xm9H7WO694S6I_Y,9,plain,none,mixed,1 5 6 7 7 9 14 16 16
991W4q92quBAr4GY4YIPc2uY9P0W,9,plain,none,mixed,1 3 6 6 9 13 13 15 15
991W198A4mL9qg10IOo3WlISX1Oo,9,plain,none,mixed,1 4 4 5 7 8 13 16 23
991W6X4AXkWTa10Z9WmK3SWq6Ca4,9,plain,none,mixed,1 1 1 7 9 10 13 18 21
991W6cHa1iUfb8nKY94eX0UC2B2a,9,plain,none,mixed,2 4 5 5 6 10 12 13 24
991W8HGE3c8CT51030mMdDc56qF3,9,plain,none,mixed,1 1 6 9 10 10 12 13 19
991WeCumjewK3JiaH23Wajs4Puo9,9,plain,none,mixed,2 5 6 7 7 7 9 17 21
991W4DYkmC31uYi3X8faGO4YGYGg,9,plain,none,mixed,2 2 5 5 5 6 12 14 30
991WGq98724WI3g20WCbDXTYSZ2e,9,plain,none,mixed,1 1 4 7 7 9 14 18 20
991WE2ec9gXmQLUi4GW3a1zG4e64,9,plain,none,mixed,1 1 6 8 9 9 9 16 22
991W5G82Fr8fA0I20m8QA9Yc5Rm8,9,plain,none,mixed,1 1 2 3 7 8 10 16 33
991WY9W842KrBCq1Wa52LBmP1WOH,9,plain,none,mixed,1 1 4 4 6 7 16 21 21
991W14YWe27a91GNbEXaHaI420aG,9,plain,none,mixed,1 2 4 7 7 9 12 12 27
991W4WmL6YXI8oNGJ4r8NT0eot4K,9,plain,none,mixed,1 2 7 8 9 11 11 13 19
991W4J4XmHmN9GmKCY8orWiG10WI,9,plain,none,mixed,1 1 4 9 9 9 10 12 26
991WQDWnb8WeJL09O8XDeLCK8Y95,9,plain,none,mixed,1 3 3 4 10 14 14 14 18
991WacXqI5iuY6aQ5989fbFeY14A,9,distinct,none,distinct,1 3 6 7 9 12 13 14 16
991WeBX8Bn8D3e812qWeUAWIEYKO,9,plain,none,mixed,1 1 6 6 7 8 11 17 24
991WHWe20WusC23WY8a80WZGJ2Ga,9,plain,none,mixed,1 1 2 3 6 6 11 20 31
991WgYma6YoKYH8LWWW8E2vWjGS0,9,plain,none,mixed,1 2 3 3 7 13 15 17 20
991W30J40HOEIc0J96GX8pgw9Z40,9,plain,none,mixed,1 1 1 2 3 8 16 23 26
991W1TAmG5WjH8c8W6BSi9Y62CX7,9,plain,none,mixed,1 1 3 3 7 12 13 16 25
991W1AQMmx5G2406HAoRKoyfYHWm,9,plain,none,mixed,1 1 3 5 8 12 16 16 19
991W6qY2mo8qI0WLKcAKY0L4IP4W,9,plain,none,mixed,1 2 2 6 9 10 13 17 21
991W1HaHuY4S6IR24I0HAiZ2JNuW,9,plain,none,mixed,1 1 3 5 10 11 16 16 18
991WWOMRvY2MRX52Y1GZBqeiqeag,9,plain,none,mixed,1 3 3 4 9 11 14 17 19
991WH8YbEWLwkuX29CL84ZZfKNf4,9,plain,none,mixed,1 4 4 7 7 12 13 14 19
991W3nGCGgG9bJ62E2StBEiFFOm1,9,plain,none,mixed,1 1 3 8 10 12 14 16 16
991W2O8Q2UfHR718AF3e_Pl4mZg6,9,plain,none,mixed,1 2 7 9 10 10 11 14 17
991WGE3G8Y4aLJSHB8ogHI8YAJea,9,plain,none,mixed,3 4 6 7 8 9 9 17 18
991W4tH2huZou90e23kLQYKSx12W,9,plain,none,mixed,1 2 6 6 7 10 11 14 24
991WH6R6c1G6XEWX545YeOcwY2Gb,9,plain,none,mixed,1 5 6 6 7 10 11 13 22
991WHabLH2RY34oG1GXNHoRX790m,9,plain,none,mixed,1 1 4 9 9 11 13 15 18
991WI191eLr5G4138XBmq1YGb5K8,9,plain,none,mixed,1 1 4 4 7 9 10 17 28
991WaXuA8I6KM5zIg2GWA6A5IYW3,9,plain,none,mixed,1 1 5 5 7 12 15 16 19
991WOg8v1KOXAJ6bKP08B4yf45W4,9,plain,none,mixed,1 3 3 6 9 13 14 15 17
991WGwYuk10GKcX458I1KXA3WWI4,9,plain,none,mixed,1 2 5 6 6 9 9 17 26
991WmC69LnpKLCIA1YXJKt4O8H2G,9,plain,none,mixed,1 2 3 8 8 11 14 15 19
991W6KJ4ny8Si90WGGwEZGY462YO,9,plain,none,mixed,1 2 3 7 9 9 11 19 20
991WGaG24I8QkPZ8O6KaEW4AodP4,9,plain,none,mixed,1 4 5 5 7 8 9 15 27
991W10i73u-GOaum4WO51WlYYPGC,9,plain,none,mixed,3 4 5 5 5 7 10 13 29
991WY8WH4TM53YQ4X559Ib9KGaKX,9,plain,none,mixed,1 4 7 8 9 9 13 13 17
991W1n0I64E4Wu9S92amC96WBTHA,9,plain,none,mixed,1 1 4 5 6 7 11 14 32
991W2GaJ5w5ECZ846X8U4MGe5Mm4,9,plain,none,mixed,1 1 7 7 7 10 14 16 18
991WHFG6gcabHaO5IRbae61e8bL0,9,plain,none,mixed,3 3 7 7 8 10 11 11 21
991WA9AU3avOAXGcC92CYwH63OA2,9,distinct,none,distinct,1 2 5 7 9 11 14 15 17
991WA5URPsBXaKke26UX98BY4eaH,9,plain,none,mixed,2 5 6 7 8 11 11 11 20
991W51mf7YWOH0-W2GWEVm-aKM91,9,plain,none,mixed,1 1 5 6 8 12 13 17 18
991W20HuN33n3YYHH4arOYVK8YGf,9,plain,none,mixed,1 1 5 9 12 12 13 14 14
991WOX8B30e8QWQ5XOG2X4GMD2b8,9,plain,none,mixed,1 2 5 5 6 10 11 15 26
991W9ZcLavJoH3f044HBXGB1Fv4n,9,plain,none,mixed,1 4 7 8 8 9 10 12 22
991W5AfQfEAG3mW8O9Ji9Cmgl2Oa,9,plain,none,mixed,1 6 7 7 9 10 11 12 18
991W69aL95nen892HeEKg11C8Y30,9,plain,none,mixed,1 1 3 5 9 11 15 18 18
991Wr8I8M6W6148fG22RaY9B1ma8,9,plain,none,mixed,1 2 2 3 7 8 14 19 25
991W4jBJ1BWtO72GY36LaYGy12n4,9,distinct,none,distinct,1 2 4 5 6 10 16 18 19
991WWKA1uhsn4GmCHD0W318A4F12,9,plain,none,mixed,1 2 3 3 4 6 17 19 26
991WI96g22KY4GgKCT1GDFCYErQ8,9,plain,none,mixed,1 4 4 7 8 10 10 18 19
991WGO5LMjsLA2T14iOF3avYDIOG,9,plain,none,mixed,2 4 5 5 9 10 11 14 21
991WO10Ufc9hb5C3j985eIH87aP8,9,plain,none,mixed,1 2 2 6 7 13 14 17 19
991WK4ufcOpn4ISG91nODuf2cLe9,9,plain,none,mixed,1 3 3 9 10 12 13 13 17
991W21GK2XOWeA0W92CZAD1mgB2m,9,plain,none,mixed,2 2 3 5 6 6 13 16 28
991WKF4gLDC312L8YbAh270HD4IJ,9,plain,none,mixed,1 3 5 8 8 9 11 13 23
991WD3CgD3emH6IG0G44WtuEkO51,9,plain,none,mixed,1 1 1 4 8 11 14 19 22
991W51yXdLOW6XJ08149RL2cJPDJ,9,plain,none,mixed,1 2 3 5 5 11 15 16 23
991W064aQ2gXdJgKM5kh510jIbkH,9,plain,none,mixed,4 6 6 6 6 9 10 13 21
991WC5EUv6eiL2DKWD0la3T3Eu52,9,plain,none,mixed,1 2 2 4 11 12 15 16 18
991WI2WAWaJOG0WOg9GAoiSeE4X8,9,plain,none,mixed,1 2 2 4 7 10 12 21 22
991W6XMIZ69Sf684H18N6JM9-q20,9,distinct,none,distinct,1 2 4 8 9 11 12 15 19
991Wb8WD2WyN2DWaGW430esrG6GK,9,plain,none,mixed,2 2 2 3 4 5 13 17 33
991WXOnaQI2YiX8O14eQHa2n4HYe,9,plain,none,mixed,1 1 4 9 10 10 11 11 24
991WGpqCK594bWfm0WIbPAihYHHK,9,plain,none,mixed,1 2 8 8 9 10 11 14 18
991WCoWgXYhyngOI0JWs1Oar3D1G,9,plain,none,mixed,1 4 5 8 8 11 13 14 17
991W420HhcEYeV9A4JeXyX4W42vG,9,plain,none,mixed,3 4 4 5 8 8 12 18 19
991W934C34170uC25nGOMDYOH4Y5,9,plain,none,mixed,1 2 4 4 5 9 16 16 24
991WX4WmDTPOc2M6Y9TJ8KEB83aA,9,plain,none,mixed,1 3 5 8 9 9 11 14 21
991W41iAnaHGOCca42851yie8P5I,9,plain,none,mixed,1 3 4 4 5 9 10 21 24
991WCHqSS32GpZSi4XWkb2U0P64Y,9,plain,none,mixed,1 5 6 6 6 8 11 14 24
991W5I496JcMHgJ410uBq6GCWeX0,9,plain,none,mixed,2 2 3 4 4 13 15 18 20
991W91S820J7I5EaX8c3Wa4tQgLg,9,plain,none,mixed,2 3 5 5 6 7 8 10 35
991W20jE9AS3E9fH50zkH45cBf54,9,plain,none,mixed,1 6 6 6 8 9 9 17 19
991W4I94f41Xaa0GCXHxbnGKH8QA,9,plain,none,mixed,1 1 3 5 10 11 15 15 20
991W970m1YpaXWOHylWq2Acn524X,9,plain,none,mixed,1 2 6 6 7 12 13 14 20
991W0nmiMYDaS928AYeIS8Kqk0YG,9,plain,none,mixed,1 2 2 4 7 10 18 18 19
991WI1m5Fe27E11m41ILebQa62He,9,plain,none,mixed,1 1 1 4 10 12 16 17 19
991Wj9WqGIAb5GC2H0Wun2BYAZW5,9,plain,none,mixed,1 2 2 5 7 14 14 16 20
991WC3NLNf8H30G2A51G43GIXxuI,9,plain,none,mixed,1 4 5 6 6 7 13 14 25
991W4438OawI21eiP4Z0yNugCmG4,9,plain,none,mixed,1 3 3 5 6 6 13 22 22
991WYGCh8H0ehH10b18JNKwYf2GI,9,plain,none,mixed,1 2 4 5 9 9 14 18 19
991W4XeP2JeYfHI210S75poKaKGI,9,plain,none,mixed,1 2 5 6 6 11 13 14 23
991WKaoB94Y86tXE86ms1OHomoH2,9,plain,none,mixed,1 4 5 6 6 8 15 17 19
991W8ajYGQ4EA40Wc8WxpCmA1gv6,9,plain,none,mixed,1 3 5 7 7 8 13 15 22
991WPMw9Z2m-CB160b5H0GY4OQnC,9,plain,none,mixed,1 2 2 3 3 10 17 18 25
991W32eBiMBa8q0WQ5HBeB0Gd3fC,9,plain,none,mixed,4 4 4 6 8 9 10 10 26
991W0O3nFP9DZIaPa3vIGoeIA3Z0,9,plain,none,mixed,1 3 6 8 8 10 11 12 22
991W52D2HIcar6XK61PGbn0Rg4YW,9,plain,none,mixed,1 4 6 8 10 11 11 15 15
991WC10KFC73T6fI930mXL9Z5nW4,9,plain,none,mixed,1 2 3 5 6 8 8 18 30
991W87Z42IE2XEGqH2cAKv9Y930e,9,plain,none,mixed,1 2 5 6 6 12 14 16 19
991WmiHgbYiWoh40L257EGfyp18B,9,plain,none,mixed,1 2 5 5 10 13 13 15 17
991WC2MK50K4Gce894H1mZ8oXe5P,9,plain,none,mixed,1 1 2 6 7 11 11 17 25
991W62bJegaMgh89H6a9_Li4256e,9,plain,none,mixed,2 2 3 4 7 9 12 13 29
991WbODHykgCZOaK1M088D72ooC4,9,plain,none,mixed,2 2 5 5 7 12 13 14 21
991WGA2Y9HWLLO52m2EaD2eoA6bK,9,plain,none,mixed,1 3 4 4 6 11 17 17 18
991W411LEEaE2064M55fIHahHaen,9,plain,none,mixed,1 5 5 6 8 9 10 14 23
991WKLoiPq8SIuU1J2vK14Yc6IIG,9,distinct,none,distinct,1 2 4 5 7 12 13 18 19
991WGY6RE28ew9XOGYMYIXfGKAX8,9,plain,none,mixed,2 3 3 4 6 9 12 13 29
991WA8T4aI8cjee55U2WDXAHUh50,9,plain,none,mixed,1 2 2 6 7 13 14 15 21
991WXCGdOI4e8Z8K0S5n1WKDB4a9,9,plain,none,mixed,1 1 2 5 8 10 10 19 25
991WIIWO8Wvs6X4XJ4p4UHeaC0g8,9,plain,none,mixed,1 2 5 6 12 13 13 14 15
991W413e98GoF4T2K3XQI4OY3Ge9,9,plain,none,mixed,1 3 5 7 9 11 11 14 20
991WA2D3WeGv4Y487IL52WI9cI-X,9,plain,none,mixed,1 2 4 6 8 9 9 16 26
991W51We9B8cB4-440aAR3oP8ZKs,9,plain,none,mixed,4 5 5 5 10 10 11 15 16
991WOX4G4ESwIPA440gK68U9aOvI,9,plain,none,mixed,1 3 4 5 9 9 12 19 19
991WKP9EgHaICq305UGc4b18A8ea,9,plain,none,mixed,1 5 6 6 8 10 11 12 22
991WWE4UI4YuI9142aUiQ4SXO23W,9,plain,none,mixed,1 1 3 3 8 11 13 17 24
991Wa8buY8M6Xa8M468XGQ1mOsYm,9,plain,none,mixed,1 5 5 8 8 9 9 9 27
991W8Gr4WfB8I90m33jPsCA8Q4X8,9,plain,none,mixed,1 2 3 7 7 7 12 18 24
991W92WmAFc30uWm1H8Aa-kA2WWI,9,plain,none,mixed,1 3 3 6 7 11 15 16 19
991W8K8zv20GMA889HRWMpLo8kC3,9,plain,none,mixed,1 2 3 4 9 9 13 18 22
991W14bC5aauz382XeGwEGAsOb38,9,plain,none,mixed,1 1 3 6 7 14 14 15 20
991WKcA0IKNpoSgY0cX5Y0GrBM9W,9,plain,none,mixed,2 3 4 5 8 11 11 11 26
991WAZ52Oii70HKh41XWKPCA1T0G,9,distinct,none,distinct,1 2 3 4 5 7 10 18 31
991W0Y5MAJhE4q8OZ8Jl3t15AVG6,9,plain,none,mixed,1 1 7 8 10 10 12 14 18
991W6ccOZ1nAUcTn4428p3CX2e52,9,plain,none,mixed,2 3 4 5 8 8 11 20 20
991W82mBb8aIXf442oGaP5kh_DgX,9,plain,none,mixed,1 3 4 8 8 10 12 17 18
991W8I0oiiH1Ck0m8WaU7KfAKYIe,9,plain,none,mixed,1 1 5 8 10 12 14 15 15
991WYdaO61GjKc4m3ev9XXqH1OT8,9,plain,none,mixed,2 3 5 6 8 9 12 18 18
991WGIOO5CA5XZHGK4hJ4a5Xt88E,9,plain,none,mixed,1 1 3 5 8 9 16 18 20
991WA1ujOHaemgGY924N-70aXq0O,9,distinct,none,distinct,1 2 3 5 10 11 12 15 22
991W9Bjv1G6rOwA1AEU1B8Gad5c2,9,plain,none,mixed,1 4 5 6 6 6 12 15 26
991WGaCd10o8K0Wu30H28oOuG22W,9,plain,none,mixed,1 1 1 2 4 11 13 24 24
991WWXfoAOSsXOG2eJnSIAHKHJGA,9,plain,none,mixed,1 4 7 8 9 10 10 14 18
991W6HGW24YM9UY120yLT3o7IKN2,9,plain,none,mixed,1 1 6 6 7 8 12 18 22
991W52ec54FAqWmA2W8Ok1xGiqXG,9,distinct,none,distinct,2 3 5 6 9 10 13 15 18
991W0K6L8L4qrTQWYEnzL24XJ4yX,9,plain,none,mixed,3 3 4 6 8 8 13 16 20
991WQEWbAHaB8XGKW4105WneIaOA,9,plain,none,mixed,2 3 3 6 9 10 10 11 27
991WIIaLXOcHHZOGAWQ2GMusGKI0,9,distinct,none,distinct,1 2 3 5 7 8 13 16 26
991WK2OY84X8KE1C20kHOkJnCD3G,9,plain,none,mixed,1 1 2 5 7 10 13 17 25
991W1DBLZ8C-FYWmWAWe8gcOqb0e,9,plain,none,mixed,2 5 6 6 6 10 14 16 16
